[regir_norefil] no resume checkpoint; start this arm from step 0
[regir_norefil] 0:00:10  1,495/1,000,000  149.5/s  upd=8  L=0.0430  D=-
[regir_norefil] 0:00:20  2,280/1,000,000  113.8/s  upd=20  L=0.0448  D=-
[regir_norefil] 0:00:30  3,047/1,000,000  100.6/s  upd=35  L=0.0527  D=-
[regir_norefil] 0:00:40  3,755/1,000,000  92.1/s  upd=50  L=0.0386  D=-
[regir_norefil] 0:00:51  4,116/1,000,000  79.9/s  upd=63  L=0.0418  D=-
[regir_norefil] 0:01:01  4,850/1,000,000  78.6/s  upd=77  L=0.0445  D=-
[regir_norefil] 0:01:12  5,281/1,000,000  73.3/s  upd=84  L=0.0356  D=-
[regir_norefil] 0:01:22  5,655/1,000,000  68.6/s  upd=92  L=0.0498  D=-
[regir_norefil] 0:01:33  6,034/1,000,000  64.9/s  upd=103  L=0.0428  D=-
[regir_norefil] 0:01:44  6,385/1,000,000  61.2/s  upd=109  L=0.0436  D=-
[regir_norefil] 0:01:55  6,720/1,000,000  58.4/s  upd=114  L=0.0419  D=-
[regir_norefil] 0:02:05  7,069/1,000,000  56.4/s  upd=121  L=0.0413  D=-
[regir_norefil] 0:02:15  7,069/1,000,000  52.2/s  upd=128  L=0.0499  D=-
[regir_norefil] 0:02:26  7,425/1,000,000  50.7/s  upd=134  L=0.0403  D=-
[regir_norefil] 0:02:36  7,425/1,000,000  47.4/s  upd=136  L=0.0383  D=-
[regir_norefil] 0:02:46  7,784/1,000,000  46.7/s  upd=144  L=0.0519  D=-
[regir_norefil] 0:02:57  8,190/1,000,000  46.1/s  upd=149  L=0.0404  D=-
[regir_norefil] 0:03:07  8,190/1,000,000  43.6/s  upd=152  L=0.0557  D=-
[regir_norefil] 0:03:17  8,598/1,000,000  43.4/s  upd=160  L=0.0541  D=-
[regir_norefil] 0:03:27  8,598/1,000,000  41.3/s  upd=160  L=0.0541  D=-
[regir_norefil] 0:03:38  8,952/1,000,000  40.9/s  upd=167  L=0.0510  D=-
[regir_norefil] 0:03:48  8,952/1,000,000  39.1/s  upd=168  L=0.0399  D=-
[regir_norefil] 0:04:00  9,292/1,000,000  38.7/s  upd=174  L=0.0416  D=-
[regir_norefil] 0:04:10  9,292/1,000,000  37.1/s  upd=176  L=0.0434  D=-
[regir_norefil] 0:04:20  9,705/1,000,000  37.2/s  upd=183  L=0.0511  D=-
[regir_norefil] 0:04:30  9,705/1,000,000  35.9/s  upd=184  L=0.0502  D=-
[regir_norefil] 0:04:41  10,113/1,000,000  36.0/s  upd=191  L=0.0524  D=-
[regir_norefil] 0:04:51  10,113/1,000,000  34.7/s  upd=192  L=0.0399  D=-
[regir_norefil] 0:05:02  10,548/1,000,000  34.9/s  upd=193  L=0.0479  D=-
[regir_norefil] 0:06:50  10,548/1,000,000  25.7/s  upd=200  L=0.0336  D=-
[regir_norefil] 0:07:00  11,005/1,000,000  26.1/s  upd=208  L=0.0270  D=-
[regir_norefil] 0:07:11  11,404/1,000,000  26.4/s  upd=215  L=0.0440  D=-
[regir_norefil] 0:07:21  11,762/1,000,000  26.6/s  upd=221  L=0.0433  D=-
[regir_norefil] 0:07:31  11,762/1,000,000  26.0/s  upd=224  L=0.0547  D=-
[regir_norefil] 0:07:42  12,190/1,000,000  26.4/s  upd=227  L=0.0363  D=-
[regir_norefil] 0:07:52  12,190/1,000,000  25.8/s  upd=232  L=0.0406  D=-
[regir_norefil] 0:08:03  12,579/1,000,000  26.0/s  upd=235  L=0.0463  D=-
[regir_norefil] 0:08:13  12,579/1,000,000  25.5/s  upd=240  L=0.0453  D=-
[regir_norefil] 0:08:24  13,010/1,000,000  25.8/s  upd=243  L=0.0383  D=-
[regir_norefil] 0:08:34  13,351/1,000,000  25.9/s  upd=252  L=0.0476  D=-
[regir_norefil] 0:08:44  13,721/1,000,000  26.1/s  upd=261  L=0.0553  D=-
[regir_norefil] 0:08:55  14,128/1,000,000  26.4/s  upd=268  L=0.0336  D=-
[regir_norefil] 0:09:05  14,529/1,000,000  26.6/s  upd=273  L=0.0404  D=-
[regir_norefil] 0:09:16  14,905/1,000,000  26.8/s  upd=282  L=0.0382  D=-
[regir_norefil] 0:09:26  14,905/1,000,000  26.3/s  upd=288  L=0.0446  D=-
[regir_norefil] 0:09:37  15,705/1,000,000  27.2/s  upd=297  L=0.0484  D=-
[regir_norefil] 0:09:47  16,047/1,000,000  27.3/s  upd=306  L=0.0365  D=-
[regir_norefil] 0:09:58  16,422/1,000,000  27.5/s  upd=316  L=0.0482  D=-
[regir_norefil] saved resume t_env=16,422
[regir_norefil] 0:10:10  16,764/1,000,000  27.5/s  upd=324  L=0.0687  D=-
[regir_norefil] 0:10:20  16,764/1,000,000  27.0/s  upd=328  L=0.0395  D=-
[regir_norefil] 0:10:30  17,125/1,000,000  27.2/s  upd=336  L=0.0364  D=-
[regir_norefil] 0:10:40  17,494/1,000,000  27.3/s  upd=344  L=0.0573  D=-
[regir_norefil] 0:10:50  17,899/1,000,000  27.5/s  upd=352  L=0.0481  D=-
[regir_norefil] 0:11:00  18,267/1,000,000  27.6/s  upd=360  L=0.0320  D=-
[regir_norefil] 0:11:11  18,648/1,000,000  27.8/s  upd=367  L=0.0397  D=-
[regir_norefil] 0:11:21  19,040/1,000,000  27.9/s  upd=371  L=0.0526  D=-
[regir_norefil] 0:11:31  19,040/1,000,000  27.5/s  upd=376  L=0.0559  D=-
[regir_norefil] 0:11:41  19,371/1,000,000  27.6/s  upd=384  L=0.0423  D=-
[regir_norefil] 0:11:52  19,705/1,000,000  27.6/s  upd=385  L=0.0476  D=-
[regir_norefil] 0:14:47  19,705/1,000,000  22.2/s  upd=392  L=0.0486  D=-
[regir_norefil] 0:14:58  20,037/1,000,000  22.3/s  upd=397  L=0.0373  D=-
[regir_norefil] saved resume t_env=20,037
[regir_norefil] 0:15:19  20,037/1,000,000  21.8/s  upd=400  L=0.0591  ev=0/100  D=-
[regir_norefil] 0:15:29  20,037/1,000,000  21.6/s  upd=400  L=0.0591  ev=23/100  D=-
[regir_norefil] 0:15:39  20,037/1,000,000  21.3/s  upd=400  L=0.0591  ev=45/100  D=-
[regir_norefil] 0:15:49  20,037/1,000,000  21.1/s  upd=400  L=0.0591  ev=64/100  D=-
[regir_norefil] 0:15:59  20,037/1,000,000  20.9/s  upd=400  L=0.0591  ev=88/100  D=-
[regir_norefil] 0:19:08  20,037/1,000,000  17.5/s  upd=400  L=0.0591  D=6.272
[regir_norefil] 0:19:18  20,411/1,000,000  17.6/s  upd=405  L=0.0379  D=6.272
[regir_norefil] 0:19:28  20,411/1,000,000  17.5/s  upd=408  L=0.0409  D=6.272
[regir_norefil] 0:19:38  20,810/1,000,000  17.7/s  upd=416  L=0.0731  D=6.272
[regir_norefil] 0:19:49  21,165/1,000,000  17.8/s  upd=422  L=0.0484  D=6.272
[regir_norefil] 0:22:18  21,165/1,000,000  15.8/s  upd=424  L=0.0451  D=6.272
[regir_norefil] 0:22:28  21,165/1,000,000  15.7/s  upd=424  L=0.0451  D=6.272
[regir_norefil] 0:22:38  21,561/1,000,000  15.9/s  upd=428  L=0.0312  D=6.272
[regir_norefil] 0:22:48  21,561/1,000,000  15.8/s  upd=432  L=0.0452  D=6.272
[regir_norefil] 0:22:59  22,035/1,000,000  16.0/s  upd=435  L=0.0435  D=6.272
[regir_norefil] 0:23:09  22,035/1,000,000  15.9/s  upd=440  L=0.0433  D=6.272
[regir_norefil] 0:23:19  22,497/1,000,000  16.1/s  upd=445  L=0.0415  D=6.272
[regir_norefil] 0:23:29  22,896/1,000,000  16.2/s  upd=454  L=0.0557  D=6.272
[regir_norefil] 0:23:39  23,276/1,000,000  16.4/s  upd=461  L=0.0345  D=6.272
[regir_norefil] 0:23:50  23,728/1,000,000  16.6/s  upd=469  L=0.0369  D=6.272
[regir_norefil] 0:24:00  24,114/1,000,000  16.7/s  upd=477  L=0.0469  D=6.272
[regir_norefil] 0:24:10  24,114/1,000,000  16.6/s  upd=480  L=0.0406  D=6.272
[regir_norefil] 0:24:20  24,478/1,000,000  16.8/s  upd=488  L=0.0408  D=6.272
[regir_norefil] 0:24:30  24,877/1,000,000  16.9/s  upd=490  L=0.0383  D=6.272
[regir_norefil] 0:24:41  24,877/1,000,000  16.8/s  upd=496  L=0.0506  D=6.272
[regir_norefil] 0:24:51  24,877/1,000,000  16.7/s  upd=496  L=0.0506  D=6.272
[regir_norefil] 0:25:03  25,259/1,000,000  16.8/s  upd=503  L=0.0339  D=6.272
[regir_norefil] saved resume t_env=25,259
[regir_norefil] 0:25:13  25,259/1,000,000  16.7/s  upd=504  L=0.0352  D=6.272
[regir_norefil] 0:25:23  25,675/1,000,000  16.8/s  upd=510  L=0.0336  D=6.272
[regir_norefil] 0:25:34  25,675/1,000,000  16.7/s  upd=512  L=0.0382  D=6.272
[regir_norefil] 0:25:44  26,039/1,000,000  16.9/s  upd=518  L=0.0519  D=6.272
[regir_norefil] 0:25:55  26,362/1,000,000  16.9/s  upd=524  L=0.0435  D=6.272
[regir_norefil] 0:26:05  26,362/1,000,000  16.8/s  upd=528  L=0.0497  D=6.272
[regir_norefil] 0:26:16  26,698/1,000,000  16.9/s  upd=533  L=0.0474  D=6.272
[regir_norefil] 0:26:27  27,011/1,000,000  17.0/s  upd=540  L=0.0477  D=6.272
[regir_norefil] 0:26:38  27,011/1,000,000  16.9/s  upd=544  L=0.0372  D=6.272
[regir_norefil] 0:26:48  27,011/1,000,000  16.8/s  upd=544  L=0.0372  D=6.272
[regir_norefil] 0:26:59  27,484/1,000,000  17.0/s  upd=549  L=0.0513  D=6.272
[regir_norefil] 0:27:09  27,484/1,000,000  16.9/s  upd=552  L=0.0428  D=6.272
[regir_norefil] 0:27:20  27,905/1,000,000  17.0/s  upd=558  L=0.0437  D=6.272
[regir_norefil] 0:28:45  27,905/1,000,000  16.2/s  upd=560  L=0.0471  D=6.272
[regir_norefil] 0:28:56  28,269/1,000,000  16.3/s  upd=563  L=0.0379  D=6.272
[regir_norefil] 0:29:06  28,269/1,000,000  16.2/s  upd=568  L=0.0344  D=6.272
[regir_norefil] 0:29:17  28,662/1,000,000  16.3/s  upd=573  L=0.0591  D=6.272
[regir_norefil] 0:29:28  29,032/1,000,000  16.4/s  upd=580  L=0.0672  D=6.272
[regir_norefil] 0:29:38  29,438/1,000,000  16.6/s  upd=585  L=0.0484  D=6.272
[regir_norefil] 0:29:48  29,438/1,000,000  16.5/s  upd=592  L=0.0447  D=6.272
[regir_norefil] 0:29:58  29,772/1,000,000  16.6/s  upd=600  L=0.0320  D=6.272
[regir_norefil] 0:30:08  30,128/1,000,000  16.7/s  upd=608  L=0.0594  D=6.272
[regir_norefil] 0:30:18  30,484/1,000,000  16.8/s  upd=616  L=0.0352  D=6.272
[regir_norefil] 0:30:29  30,866/1,000,000  16.9/s  upd=624  L=0.0514  D=6.272
[regir_norefil] 0:30:39  31,293/1,000,000  17.0/s  upd=632  L=0.0401  D=6.272
[regir_norefil] 0:30:49  31,699/1,000,000  17.1/s  upd=640  L=0.0491  D=6.272
[regir_norefil] 0:30:59  32,063/1,000,000  17.2/s  upd=648  L=0.0398  D=6.272
[regir_norefil] 0:31:09  32,063/1,000,000  17.2/s  upd=648  L=0.0398  D=6.272
[regir_norefil] 0:31:19  32,571/1,000,000  17.3/s  upd=654  L=0.0490  D=6.272
[regir_norefil] 0:31:30  32,970/1,000,000  17.4/s  upd=663  L=0.0397  D=6.272
[regir_norefil] 0:31:40  33,361/1,000,000  17.6/s  upd=669  L=0.0421  D=6.272
[regir_norefil] 0:31:52  33,748/1,000,000  17.6/s  upd=677  L=0.0693  D=6.272
[regir_norefil] 0:32:02  34,120/1,000,000  17.7/s  upd=687  L=0.0484  D=6.272
[regir_norefil] 0:32:12  34,120/1,000,000  17.7/s  upd=688  L=0.0414  D=6.272
[regir_norefil] 0:32:22  34,546/1,000,000  17.8/s  upd=696  L=0.0511  D=6.272
[regir_norefil] 0:32:33  34,955/1,000,000  17.9/s  upd=702  L=0.0452  D=6.272
[regir_norefil] 0:32:43  34,955/1,000,000  17.8/s  upd=704  L=0.0514  D=6.272
[regir_norefil] 0:32:53  35,399/1,000,000  17.9/s  upd=710  L=0.0437  D=6.272
[regir_norefil] 0:33:05  35,730/1,000,000  18.0/s  upd=713  L=0.0278  D=6.272
[regir_norefil] 0:33:15  35,730/1,000,000  17.9/s  upd=720  L=0.0459  D=6.272
[regir_norefil] 0:33:25  36,142/1,000,000  18.0/s  upd=726  L=0.0376  D=6.272
[regir_norefil] 0:33:36  36,142/1,000,000  17.9/s  upd=728  L=0.0514  D=6.272
[regir_norefil] 0:33:46  36,513/1,000,000  18.0/s  upd=735  L=0.0383  D=6.272
[regir_norefil] 0:36:12  36,513/1,000,000  16.8/s  upd=736  L=0.0343  D=6.272
[regir_norefil] 0:36:23  36,886/1,000,000  16.9/s  upd=744  L=0.0501  D=6.272
[regir_norefil] saved resume t_env=36,886
[regir_norefil] 0:36:33  37,292/1,000,000  17.0/s  upd=751  L=0.0412  D=6.272
[regir_norefil] 0:36:44  37,756/1,000,000  17.1/s  upd=759  L=0.0434  D=6.272
[regir_norefil] 0:36:55  38,153/1,000,000  17.2/s  upd=764  L=0.0355  D=6.272
[regir_norefil] 0:37:05  38,469/1,000,000  17.3/s  upd=772  L=0.0328  D=6.272
[regir_norefil] 0:37:15  38,887/1,000,000  17.4/s  upd=778  L=0.0437  D=6.272
[regir_norefil] 0:37:25  39,292/1,000,000  17.5/s  upd=791  L=0.0529  D=6.272
[regir_norefil] 0:37:36  40,075/1,000,000  17.8/s  upd=803  L=0.0393  D=6.272
[regir_norefil] saved resume t_env=40,075
[regir_norefil] 0:37:58  40,075/1,000,000  17.6/s  upd=808  L=0.0381  ev=0/100  D=6.272
[regir_norefil] 0:38:08  40,075/1,000,000  17.5/s  upd=808  L=0.0381  ev=97/100  D=6.272
[regir_norefil] 0:40:34  40,075/1,000,000  16.5/s  upd=808  L=0.0381  D=5.022
[regir_norefil] 0:40:46  40,400/1,000,000  16.5/s  upd=815  L=0.0382  D=5.022
[regir_norefil] 0:40:56  40,819/1,000,000  16.6/s  upd=821  L=0.0463  D=5.022
[regir_norefil] 0:41:07  41,214/1,000,000  16.7/s  upd=825  L=0.0440  D=5.022
[regir_norefil] 0:44:16  41,214/1,000,000  15.5/s  upd=832  L=0.0296  D=5.022
[regir_norefil] 0:44:27  41,214/1,000,000  15.5/s  upd=832  L=0.0296  D=5.022
[regir_norefil] 0:44:37  41,601/1,000,000  15.5/s  upd=840  L=0.0596  D=5.022
[regir_norefil] 0:44:47  41,986/1,000,000  15.6/s  upd=844  L=0.0551  D=5.022
[regir_norefil] 0:44:57  41,986/1,000,000  15.6/s  upd=848  L=0.0468  D=5.022
[regir_norefil] 0:45:07  42,336/1,000,000  15.6/s  upd=856  L=0.0403  D=5.022
[regir_norefil] 0:45:17  42,699/1,000,000  15.7/s  upd=863  L=0.0442  D=5.022
[regir_norefil] 0:45:28  43,030/1,000,000  15.8/s  upd=871  L=0.0340  D=5.022
[regir_norefil] 0:45:38  43,425/1,000,000  15.9/s  upd=880  L=0.0411  D=5.022
[regir_norefil] 0:45:48  43,798/1,000,000  15.9/s  upd=888  L=0.0336  D=5.022
[regir_norefil] 0:45:59  44,175/1,000,000  16.0/s  upd=894  L=0.0545  D=5.022
[regir_norefil] 0:46:10  44,550/1,000,000  16.1/s  upd=902  L=0.0290  D=5.022
[regir_norefil] 0:46:20  44,938/1,000,000  16.2/s  upd=911  L=0.0498  D=5.022
[regir_norefil] 0:46:31  45,335/1,000,000  16.2/s  upd=920  L=0.0396  D=5.022
[regir_norefil] 0:46:41  45,714/1,000,000  16.3/s  upd=927  L=0.0293  D=5.022
[regir_norefil] 0:46:51  46,468/1,000,000  16.5/s  upd=938  L=0.0326  D=5.022
[regir_norefil] 0:47:01  46,874/1,000,000  16.6/s  upd=951  L=0.0410  D=5.022
[regir_norefil] 0:47:12  47,312/1,000,000  16.7/s  upd=955  L=0.0307  D=5.022
[regir_norefil] 0:47:23  47,767/1,000,000  16.8/s  upd=963  L=0.0330  D=5.022
[regir_norefil] 0:47:33  47,767/1,000,000  16.7/s  upd=968  L=0.0514  D=5.022
[regir_norefil] saved resume t_env=48,144
[regir_norefil] 0:47:43  48,144/1,000,000  16.8/s  upd=976  L=0.0609  D=5.022
[regir_norefil] 0:47:53  48,557/1,000,000  16.9/s  upd=982  L=0.0585  D=5.022
[regir_norefil] 0:48:04  49,015/1,000,000  17.0/s  upd=988  L=0.0342  D=5.022
[regir_norefil] 0:48:14  49,387/1,000,000  17.1/s  upd=994  L=0.0308  D=5.022
[regir_norefil] 0:48:24  49,704/1,000,000  17.1/s  upd=1002  L=0.0360  D=5.022
[regir_norefil] 0:48:35  50,068/1,000,000  17.2/s  upd=1010  L=0.0353  D=5.022
[regir_norefil] 0:48:45  50,068/1,000,000  17.1/s  upd=1016  L=0.0371  D=5.022
[regir_norefil] 0:48:56  50,495/1,000,000  17.2/s  upd=1019  L=0.0526  D=5.022
[regir_norefil] 0:49:06  50,495/1,000,000  17.1/s  upd=1024  L=0.0309  D=5.022
[regir_norefil] 0:49:17  50,867/1,000,000  17.2/s  upd=1027  L=0.0342  D=5.022
[regir_norefil] 0:51:15  50,867/1,000,000  16.5/s  upd=1032  L=0.0395  D=5.022
[regir_norefil] 0:51:25  50,867/1,000,000  16.5/s  upd=1032  L=0.0395  D=5.022
[regir_norefil] 0:51:35  51,213/1,000,000  16.5/s  upd=1040  L=0.0469  D=5.022
[regir_norefil] 0:51:45  51,213/1,000,000  16.5/s  upd=1040  L=0.0469  D=5.022
[regir_norefil] 0:51:55  51,657/1,000,000  16.6/s  upd=1045  L=0.0373  D=5.022
[regir_norefil] 0:52:05  51,996/1,000,000  16.6/s  upd=1049  L=0.0513  D=5.022
[regir_norefil] 0:52:16  51,996/1,000,000  16.6/s  upd=1055  L=0.0501  D=5.022
[regir_norefil] 0:52:26  51,996/1,000,000  16.5/s  upd=1056  L=0.0839  D=5.022
[regir_norefil] 0:52:37  52,382/1,000,000  16.6/s  upd=1062  L=0.0300  D=5.022
[regir_norefil] 0:52:47  52,716/1,000,000  16.6/s  upd=1067  L=0.0433  D=5.022
[regir_norefil] 0:52:57  52,716/1,000,000  16.6/s  upd=1072  L=0.0420  D=5.022
[regir_norefil] 0:53:08  53,179/1,000,000  16.7/s  upd=1077  L=0.0376  D=5.022
[regir_norefil] 0:53:18  53,179/1,000,000  16.6/s  upd=1080  L=0.0493  D=5.022
[regir_norefil] 0:53:28  53,577/1,000,000  16.7/s  upd=1086  L=0.0600  D=5.022
[regir_norefil] 0:53:40  53,946/1,000,000  16.8/s  upd=1091  L=0.0486  D=5.022
[regir_norefil] 0:53:50  53,946/1,000,000  16.7/s  upd=1096  L=0.0315  D=5.022
[regir_norefil] 0:54:00  54,354/1,000,000  16.8/s  upd=1104  L=0.0291  D=5.022
[regir_norefil] 0:54:10  54,691/1,000,000  16.8/s  upd=1112  L=0.0424  D=5.022
[regir_norefil] 0:54:20  55,032/1,000,000  16.9/s  upd=1115  L=0.0467  D=5.022
[regir_norefil] 0:54:30  55,032/1,000,000  16.8/s  upd=1120  L=0.0409  D=5.022
[regir_norefil] 0:54:42  55,383/1,000,000  16.9/s  upd=1127  L=0.0345  D=5.022
[regir_norefil] 0:54:53  55,754/1,000,000  16.9/s  upd=1132  L=0.0350  D=5.022
[regir_norefil] 0:55:03  56,127/1,000,000  17.0/s  upd=1139  L=0.0439  D=5.022
[regir_norefil] 0:55:14  56,495/1,000,000  17.0/s  upd=1146  L=0.0258  D=5.022
[regir_norefil] 0:55:24  56,495/1,000,000  17.0/s  upd=1152  L=0.0506  D=5.022
[regir_norefil] 0:55:35  56,941/1,000,000  17.1/s  upd=1154  L=0.0468  D=5.022
[regir_norefil] 0:55:45  56,941/1,000,000  17.0/s  upd=1160  L=0.0515  D=5.022
[regir_norefil] 0:55:55  57,329/1,000,000  17.1/s  upd=1163  L=0.0407  D=5.022
[regir_norefil] 0:56:05  57,329/1,000,000  17.0/s  upd=1168  L=0.0378  D=5.022
[regir_norefil] 0:56:15  57,670/1,000,000  17.1/s  upd=1176  L=0.0338  D=5.022
[regir_norefil] 0:56:26  58,025/1,000,000  17.1/s  upd=1181  L=0.0399  D=5.022
[regir_norefil] 0:59:19  58,025/1,000,000  16.3/s  upd=1184  L=0.0441  D=5.022
[regir_norefil] 0:59:29  58,378/1,000,000  16.4/s  upd=1189  L=0.0447  D=5.022
[regir_norefil] saved resume t_env=58,378
[regir_norefil] 0:59:40  58,738/1,000,000  16.4/s  upd=1193  L=0.0460  D=5.022
[regir_norefil] 0:59:50  58,738/1,000,000  16.4/s  upd=1200  L=0.0438  D=5.022
[regir_norefil] 1:00:02  59,103/1,000,000  16.4/s  upd=1207  L=0.0340  D=5.022
[regir_norefil] 1:00:13  59,494/1,000,000  16.5/s  upd=1212  L=0.0364  D=5.022
[regir_norefil] 1:00:24  59,833/1,000,000  16.5/s  upd=1217  L=0.0356  D=5.022
[regir_norefil] 1:00:34  59,833/1,000,000  16.5/s  upd=1224  L=0.0328  D=5.022
[regir_norefil] 1:00:45  60,199/1,000,000  16.5/s  upd=1232  L=0.0431  D=5.022
[regir_norefil] saved resume t_env=60,199
[regir_norefil] 1:01:03  60,199/1,000,000  16.4/s  upd=1232  L=0.0431  ev=0/100  D=5.022
[regir_norefil] 1:01:13  60,199/1,000,000  16.4/s  upd=1232  L=0.0431  ev=7/100  D=5.022
[regir_norefil] 1:01:23  60,199/1,000,000  16.3/s  upd=1232  L=0.0431  ev=16/100  D=5.022
[regir_norefil] 1:01:33  60,199/1,000,000  16.3/s  upd=1232  L=0.0431  ev=24/100  D=5.022
[regir_norefil] 1:01:43  60,199/1,000,000  16.3/s  upd=1232  L=0.0431  ev=39/100  D=5.022
[regir_norefil] 1:01:53  60,199/1,000,000  16.2/s  upd=1232  L=0.0431  ev=42/100  D=5.022
[regir_norefil] 1:02:03  60,199/1,000,000  16.2/s  upd=1232  L=0.0431  ev=56/100  D=5.022
[regir_norefil] 1:02:13  60,199/1,000,000  16.1/s  upd=1232  L=0.0431  ev=72/100  D=5.022
[regir_norefil] 1:04:48  60,199/1,000,000  15.5/s  upd=1232  L=0.0431  D=4.827
[regir_norefil] 1:06:54  60,199/1,000,000  15.0/s  upd=1232  L=0.0431  D=4.827
[regir_norefil] 1:07:04  60,597/1,000,000  15.1/s  upd=1240  L=0.0514  D=4.827
[regir_norefil] 1:07:15  61,357/1,000,000  15.2/s  upd=1249  L=0.0370  D=4.827
[regir_norefil] 1:07:25  61,736/1,000,000  15.3/s  upd=1258  L=0.0420  D=4.827
[regir_norefil] 1:07:35  62,094/1,000,000  15.3/s  upd=1268  L=0.0414  D=4.827
[regir_norefil] 1:07:47  62,511/1,000,000  15.4/s  upd=1276  L=0.0490  D=4.827
[regir_norefil] 1:07:57  63,007/1,000,000  15.5/s  upd=1285  L=0.0339  D=4.827
[regir_norefil] 1:08:07  63,373/1,000,000  15.5/s  upd=1296  L=0.0355  D=4.827
[regir_norefil] 1:08:17  63,804/1,000,000  15.6/s  upd=1304  L=0.0399  D=4.827
[regir_norefil] 1:08:28  64,285/1,000,000  15.6/s  upd=1312  L=0.0503  D=4.827
[regir_norefil] 1:08:39  64,645/1,000,000  15.7/s  upd=1319  L=0.0458  D=4.827
[regir_norefil] 1:08:49  65,038/1,000,000  15.7/s  upd=1328  L=0.0333  D=4.827
[regir_norefil] 1:08:59  65,420/1,000,000  15.8/s  upd=1336  L=0.0458  D=4.827
[regir_norefil] 1:09:09  65,805/1,000,000  15.9/s  upd=1344  L=0.0425  D=4.827
[regir_norefil] 1:09:19  66,217/1,000,000  15.9/s  upd=1352  L=0.0375  D=4.827
[regir_norefil] 1:09:30  66,953/1,000,000  16.1/s  upd=1361  L=0.0429  D=4.827
[regir_norefil] 1:09:40  67,352/1,000,000  16.1/s  upd=1374  L=0.0431  D=4.827
[regir_norefil] 1:09:51  67,804/1,000,000  16.2/s  upd=1380  L=0.0396  D=4.827
[regir_norefil] 1:10:01  68,190/1,000,000  16.2/s  upd=1389  L=0.0362  D=4.827
[regir_norefil] 1:10:12  68,529/1,000,000  16.3/s  upd=1398  L=0.0402  D=4.827
[regir_norefil] 1:10:22  68,874/1,000,000  16.3/s  upd=1408  L=0.0414  D=4.827
[regir_norefil] 1:10:33  69,243/1,000,000  16.4/s  upd=1415  L=0.0309  D=4.827
[regir_norefil] 1:10:43  69,635/1,000,000  16.4/s  upd=1421  L=0.0400  D=4.827
[regir_norefil] saved resume t_env=69,635
[regir_norefil] 1:10:54  70,009/1,000,000  16.5/s  upd=1427  L=0.0414  D=4.827
[regir_norefil] 1:11:05  70,370/1,000,000  16.5/s  upd=1434  L=0.0450  D=4.827
[regir_norefil] 1:11:15  70,731/1,000,000  16.5/s  upd=1445  L=0.0372  D=4.827
[regir_norefil] 1:11:26  71,066/1,000,000  16.6/s  upd=1454  L=0.0450  D=4.827
[regir_norefil] 1:11:36  71,066/1,000,000  16.5/s  upd=1456  L=0.0353  D=4.827
[regir_norefil] 1:11:47  71,421/1,000,000  16.6/s  upd=1462  L=0.0408  D=4.827
[regir_norefil] 1:11:57  71,819/1,000,000  16.6/s  upd=1466  L=0.0421  D=4.827
[regir_norefil] 1:14:00  71,819/1,000,000  16.2/s  upd=1472  L=0.0414  D=4.827
[regir_norefil] 1:14:10  71,819/1,000,000  16.1/s  upd=1472  L=0.0414  D=4.827
[regir_norefil] 1:14:20  72,228/1,000,000  16.2/s  upd=1478  L=0.0444  D=4.827
[regir_norefil] 1:14:30  72,228/1,000,000  16.2/s  upd=1480  L=0.0500  D=4.827
[regir_norefil] 1:14:42  72,593/1,000,000  16.2/s  upd=1482  L=0.0450  D=4.827
[regir_norefil] 1:14:52  72,593/1,000,000  16.2/s  upd=1488  L=0.0342  D=4.827
[regir_norefil] 1:15:03  72,986/1,000,000  16.2/s  upd=1491  L=0.0308  D=4.827
[regir_norefil] 1:15:13  72,986/1,000,000  16.2/s  upd=1496  L=0.0577  D=4.827
[regir_norefil] 1:15:23  73,440/1,000,000  16.2/s  upd=1504  L=0.0434  D=4.827
[regir_norefil] 1:15:33  73,821/1,000,000  16.3/s  upd=1512  L=0.0387  D=4.827
[regir_norefil] 1:15:44  74,216/1,000,000  16.3/s  upd=1520  L=0.0434  D=4.827
[regir_norefil] 1:15:54  74,564/1,000,000  16.4/s  upd=1528  L=0.0417  D=4.827
[regir_norefil] 1:16:04  74,985/1,000,000  16.4/s  upd=1535  L=0.0337  D=4.827
[regir_norefil] 1:16:14  75,410/1,000,000  16.5/s  upd=1539  L=0.0455  D=4.827
[regir_norefil] 1:16:24  75,410/1,000,000  16.4/s  upd=1544  L=0.0581  D=4.827
[regir_norefil] 1:16:34  75,410/1,000,000  16.4/s  upd=1544  L=0.0581  D=4.827
[regir_norefil] 1:16:44  75,832/1,000,000  16.5/s  upd=1552  L=0.0303  D=4.827
[regir_norefil] 1:16:55  76,188/1,000,000  16.5/s  upd=1560  L=0.0508  D=4.827
[regir_norefil] 1:17:05  76,576/1,000,000  16.6/s  upd=1566  L=0.0430  D=4.827
[regir_norefil] 1:17:16  77,002/1,000,000  16.6/s  upd=1573  L=0.0397  D=4.827
[regir_norefil] 1:17:26  77,330/1,000,000  16.6/s  upd=1581  L=0.0364  D=4.827
[regir_norefil] 1:17:37  77,680/1,000,000  16.7/s  upd=1589  L=0.0435  D=4.827
[regir_norefil] 1:17:48  78,029/1,000,000  16.7/s  upd=1595  L=0.0556  D=4.827
[regir_norefil] 1:17:59  78,391/1,000,000  16.8/s  upd=1603  L=0.0301  D=4.827
[regir_norefil] 1:18:10  78,768/1,000,000  16.8/s  upd=1612  L=0.0328  D=4.827
[regir_norefil] 1:18:20  79,118/1,000,000  16.8/s  upd=1619  L=0.0300  D=4.827
[regir_norefil] 1:18:30  79,453/1,000,000  16.9/s  upd=1627  L=0.0454  D=4.827
[regir_norefil] 1:18:42  79,856/1,000,000  16.9/s  upd=1635  L=0.0599  D=4.827
[regir_norefil] 1:18:52  80,282/1,000,000  17.0/s  upd=1642  L=0.0441  D=4.827
[regir_norefil] saved resume t_env=80,282
[regir_norefil] 1:19:16  80,282/1,000,000  16.9/s  upd=1648  L=0.0518  ev=0/100  D=4.827
[regir_norefil] 1:19:26  80,282/1,000,000  16.8/s  upd=1648  L=0.0518  ev=8/100  D=4.827
[regir_norefil] 1:19:36  80,282/1,000,000  16.8/s  upd=1648  L=0.0518  ev=16/100  D=4.827
[regir_norefil] 1:19:46  80,282/1,000,000  16.8/s  upd=1648  L=0.0518  ev=26/100  D=4.827
[regir_norefil] 1:19:57  80,282/1,000,000  16.7/s  upd=1648  L=0.0518  ev=38/100  D=4.827
[regir_norefil] 1:20:07  80,282/1,000,000  16.7/s  upd=1648  L=0.0518  ev=54/100  D=4.827
[regir_norefil] 1:20:17  80,282/1,000,000  16.7/s  upd=1648  L=0.0518  ev=56/100  D=4.827
[regir_norefil] 1:20:27  80,282/1,000,000  16.6/s  upd=1648  L=0.0518  ev=65/100  D=4.827
[regir_norefil] 1:20:37  80,282/1,000,000  16.6/s  upd=1648  L=0.0518  ev=72/100  D=4.827
[regir_norefil] 1:20:47  80,282/1,000,000  16.6/s  upd=1648  L=0.0518  ev=78/100  D=4.827
[regir_norefil] 1:20:58  80,282/1,000,000  16.5/s  upd=1648  L=0.0518  ev=88/100  D=4.827
[regir_norefil] 1:21:08  80,282/1,000,000  16.5/s  upd=1648  L=0.0518  ev=95/100  D=4.827
[regir_norefil] 1:21:18  80,282/1,000,000  16.5/s  upd=1648  L=0.0518  ev=96/100  D=4.827
[regir_norefil] 1:23:45  80,282/1,000,000  16.0/s  upd=1648  L=0.0518  D=5.264
[regir_norefil] 1:25:23  80,282/1,000,000  15.7/s  upd=1648  L=0.0518  D=5.264
[regir_norefil] 1:25:34  80,622/1,000,000  15.7/s  upd=1655  L=0.0370  D=5.264
[regir_norefil] 1:25:45  80,975/1,000,000  15.7/s  upd=1661  L=0.0306  D=5.264
[regir_norefil] 1:25:56  81,400/1,000,000  15.8/s  upd=1668  L=0.0394  D=5.264
[regir_norefil] 1:26:06  81,400/1,000,000  15.8/s  upd=1672  L=0.0536  D=5.264
[regir_norefil] 1:26:17  81,786/1,000,000  15.8/s  upd=1679  L=0.0297  D=5.264
[regir_norefil] 1:26:28  82,126/1,000,000  15.8/s  upd=1685  L=0.0537  D=5.264
[regir_norefil] 1:26:38  82,126/1,000,000  15.8/s  upd=1688  L=0.0302  D=5.264
[regir_norefil] 1:26:49  82,510/1,000,000  15.8/s  upd=1695  L=0.0423  D=5.264
[regir_norefil] 1:27:01  82,859/1,000,000  15.9/s  upd=1701  L=0.0430  D=5.264
[regir_norefil] 1:27:11  82,859/1,000,000  15.8/s  upd=1704  L=0.0474  D=5.264
[regir_norefil] 1:27:22  83,266/1,000,000  15.9/s  upd=1709  L=0.0326  D=5.264
[regir_norefil] 1:27:32  83,592/1,000,000  15.9/s  upd=1714  L=0.0423  D=5.264
[regir_norefil] 1:27:42  83,592/1,000,000  15.9/s  upd=1720  L=0.0355  D=5.264
[regir_norefil] 1:27:53  83,982/1,000,000  15.9/s  upd=1723  L=0.0429  D=5.264
[regir_norefil] 1:28:03  83,982/1,000,000  15.9/s  upd=1728  L=0.0504  D=5.264
[regir_norefil] 1:28:13  83,982/1,000,000  15.9/s  upd=1728  L=0.0504  D=5.264
[regir_norefil] 1:28:23  83,982/1,000,000  15.8/s  upd=1728  L=0.0504  D=5.264
[regir_norefil] 1:28:33  84,365/1,000,000  15.9/s  upd=1736  L=0.0419  D=5.264
[regir_norefil] 1:28:44  84,697/1,000,000  15.9/s  upd=1743  L=0.0346  D=5.264
[regir_norefil] 1:28:54  85,082/1,000,000  15.9/s  upd=1748  L=0.0477  D=5.264
[regir_norefil] 1:29:04  85,414/1,000,000  16.0/s  upd=1755  L=0.0402  D=5.264
[regir_norefil] saved resume t_env=85,414
[regir_norefil] 1:29:16  85,785/1,000,000  16.0/s  upd=1762  L=0.0336  D=5.264
[regir_norefil] 1:29:26  85,785/1,000,000  16.0/s  upd=1768  L=0.0549  D=5.264
[regir_norefil] 1:29:37  86,138/1,000,000  16.0/s  upd=1774  L=0.0488  D=5.264
[regir_norefil] 1:29:47  86,138/1,000,000  16.0/s  upd=1776  L=0.0556  D=5.264
[regir_norefil] 1:29:57  86,515/1,000,000  16.0/s  upd=1781  L=0.0499  D=5.264
[regir_norefil] 1:30:07  86,515/1,000,000  16.0/s  upd=1784  L=0.0351  D=5.264
[regir_norefil] 1:30:18  86,515/1,000,000  16.0/s  upd=1784  L=0.0351  D=5.264
[regir_norefil] 1:30:29  86,905/1,000,000  16.0/s  upd=1791  L=0.0406  D=5.264
[regir_norefil] 1:32:30  86,905/1,000,000  15.7/s  upd=1792  L=0.0528  D=5.264
[regir_norefil] 1:32:40  87,250/1,000,000  15.7/s  upd=1795  L=0.0539  D=5.264
[regir_norefil] 1:32:51  87,601/1,000,000  15.7/s  upd=1801  L=0.0413  D=5.264
[regir_norefil] 1:33:01  87,601/1,000,000  15.7/s  upd=1808  L=0.0510  D=5.264
[regir_norefil] 1:33:11  87,967/1,000,000  15.7/s  upd=1816  L=0.0350  D=5.264
[regir_norefil] 1:33:23  88,315/1,000,000  15.8/s  upd=1824  L=0.0398  D=5.264
[regir_norefil] 1:33:34  88,640/1,000,000  15.8/s  upd=1827  L=0.0339  D=5.264
[regir_norefil] 1:33:44  88,640/1,000,000  15.8/s  upd=1832  L=0.0511  D=5.264
[regir_norefil] 1:33:54  88,984/1,000,000  15.8/s  upd=1836  L=0.0442  D=5.264
[regir_norefil] 1:34:04  89,319/1,000,000  15.8/s  upd=1844  L=0.0307  D=5.264
[regir_norefil] 1:34:14  89,319/1,000,000  15.8/s  upd=1848  L=0.0459  D=5.264
[regir_norefil] 1:34:25  89,684/1,000,000  15.8/s  upd=1856  L=0.0418  D=5.264
[regir_norefil] 1:34:35  90,050/1,000,000  15.9/s  upd=1857  L=0.0454  D=5.264
[regir_norefil] 1:34:46  90,050/1,000,000  15.8/s  upd=1864  L=0.0434  D=5.264
[regir_norefil] 1:34:57  90,050/1,000,000  15.8/s  upd=1864  L=0.0434  D=5.264
[regir_norefil] 1:35:09  90,450/1,000,000  15.8/s  upd=1869  L=0.0331  D=5.264
[regir_norefil] 1:35:19  90,875/1,000,000  15.9/s  upd=1875  L=0.0349  D=5.264
[regir_norefil] 1:35:29  90,875/1,000,000  15.9/s  upd=1880  L=0.0419  D=5.264
[regir_norefil] 1:35:41  91,296/1,000,000  15.9/s  upd=1885  L=0.0367  D=5.264
[regir_norefil] 1:35:51  91,296/1,000,000  15.9/s  upd=1888  L=0.0496  D=5.264
[regir_norefil] 1:36:01  91,761/1,000,000  15.9/s  upd=1896  L=0.0401  D=5.264
[regir_norefil] 1:36:12  92,111/1,000,000  16.0/s  upd=1900  L=0.0483  D=5.264
[regir_norefil] 1:36:22  92,467/1,000,000  16.0/s  upd=1908  L=0.0330  D=5.264
[regir_norefil] 1:36:33  92,467/1,000,000  16.0/s  upd=1912  L=0.0537  D=5.264
[regir_norefil] 1:36:43  92,843/1,000,000  16.0/s  upd=1920  L=0.0447  D=5.264
[regir_norefil] 1:36:53  93,188/1,000,000  16.0/s  upd=1922  L=0.0281  D=5.264
[regir_norefil] 1:37:04  93,527/1,000,000  16.1/s  upd=1931  L=0.0369  D=5.264
[regir_norefil] 1:37:15  93,855/1,000,000  16.1/s  upd=1941  L=0.0398  D=5.264
[regir_norefil] 1:37:26  94,247/1,000,000  16.1/s  upd=1948  L=0.0287  D=5.264
[regir_norefil] 1:40:08  94,247/1,000,000  15.7/s  upd=1952  L=0.0356  D=5.264
[regir_norefil] saved resume t_env=94,634
[regir_norefil] 1:40:18  94,997/1,000,000  15.8/s  upd=1961  L=0.0334  D=5.264
[regir_norefil] 1:40:28  95,450/1,000,000  15.8/s  upd=1974  L=0.0523  D=5.264
[regir_norefil] 1:40:39  96,190/1,000,000  15.9/s  upd=1987  L=0.0463  D=5.264
[regir_norefil] 1:40:49  96,650/1,000,000  16.0/s  upd=2000  L=0.0589  D=5.264
[regir_norefil] 1:41:00  97,421/1,000,000  16.1/s  upd=2014  L=0.0278  D=5.264
[regir_norefil] 1:41:10  98,249/1,000,000  16.2/s  upd=2028  L=0.0429  D=5.264
[regir_norefil] 1:41:21  98,951/1,000,000  16.3/s  upd=2043  L=0.0299  D=5.264
[regir_norefil] 1:41:31  99,734/1,000,000  16.4/s  upd=2057  L=0.0335  D=5.264
[regir_norefil] 1:41:42  100,143/1,000,000  16.4/s  upd=2070  L=0.0469  D=5.264
[regir_norefil] saved resume t_env=100,143
[regir_norefil] 1:42:01  100,143/1,000,000  16.4/s  upd=2072  L=0.0477  ev=0/100  D=5.264
[regir_norefil] 1:42:11  100,143/1,000,000  16.3/s  upd=2072  L=0.0477  ev=20/100  D=5.264
[regir_norefil] 1:42:21  100,143/1,000,000  16.3/s  upd=2072  L=0.0477  ev=31/100  D=5.264
[regir_norefil] 1:42:31  100,143/1,000,000  16.3/s  upd=2072  L=0.0477  ev=39/100  D=5.264
[regir_norefil] 1:42:41  100,143/1,000,000  16.3/s  upd=2072  L=0.0477  ev=45/100  D=5.264
[regir_norefil] 1:42:52  100,143/1,000,000  16.2/s  upd=2072  L=0.0477  ev=54/100  D=5.264
[regir_norefil] 1:43:02  100,143/1,000,000  16.2/s  upd=2072  L=0.0477  ev=60/100  D=5.264
[regir_norefil] 1:43:12  100,143/1,000,000  16.2/s  upd=2072  L=0.0477  ev=71/100  D=5.264
[regir_norefil] 1:43:22  100,143/1,000,000  16.1/s  upd=2072  L=0.0477  ev=79/100  D=5.264
[regir_norefil] 1:43:32  100,143/1,000,000  16.1/s  upd=2072  L=0.0477  ev=80/100  D=5.264
[regir_norefil] 1:43:42  100,143/1,000,000  16.1/s  upd=2072  L=0.0477  ev=93/100  D=5.264
[regir_norefil] 1:45:59  100,143/1,000,000  15.7/s  upd=2072  L=0.0477  D=5.193
[regir_norefil] 1:48:11  100,143/1,000,000  15.4/s  upd=2072  L=0.0477  D=5.193
[regir_norefil] 1:48:21  100,547/1,000,000  15.5/s  upd=2080  L=0.0458  D=5.193
[regir_norefil] 1:48:31  100,898/1,000,000  15.5/s  upd=2088  L=0.0556  D=5.193
[regir_norefil] 1:48:41  101,338/1,000,000  15.5/s  upd=2096  L=0.0351  D=5.193
[regir_norefil] 1:48:51  101,780/1,000,000  15.6/s  upd=2104  L=0.0337  D=5.193
[regir_norefil] 1:49:01  102,222/1,000,000  15.6/s  upd=2112  L=0.0327  D=5.193
[regir_norefil] 1:49:11  102,587/1,000,000  15.7/s  upd=2120  L=0.0597  D=5.193
[regir_norefil] 1:49:22  102,919/1,000,000  15.7/s  upd=2128  L=0.0396  D=5.193
[regir_norefil] 1:49:32  103,701/1,000,000  15.8/s  upd=2138  L=0.0431  D=5.193
[regir_norefil] 1:49:42  104,100/1,000,000  15.8/s  upd=2152  L=0.0348  D=5.193
[regir_norefil] 1:49:52  104,517/1,000,000  15.9/s  upd=2160  L=0.0427  D=5.193
[regir_norefil] 1:50:02  104,885/1,000,000  15.9/s  upd=2168  L=0.0415  D=5.193
[regir_norefil] 1:50:12  105,252/1,000,000  15.9/s  upd=2176  L=0.0455  D=5.193
[regir_norefil] 1:50:24  105,700/1,000,000  16.0/s  upd=2180  L=0.0436  D=5.193
[regir_norefil] 1:50:34  106,023/1,000,000  16.0/s  upd=2186  L=0.0467  D=5.193
[regir_norefil] 1:50:44  106,023/1,000,000  16.0/s  upd=2192  L=0.0347  D=5.193
[regir_norefil] 1:50:54  106,370/1,000,000  16.0/s  upd=2200  L=0.0366  D=5.193
[regir_norefil] 1:51:05  106,689/1,000,000  16.0/s  upd=2208  L=0.0360  D=5.193
[regir_norefil] 1:51:15  107,084/1,000,000  16.0/s  upd=2213  L=0.0430  D=5.193
[regir_norefil] 1:51:25  107,462/1,000,000  16.1/s  upd=2219  L=0.0434  D=5.193
[regir_norefil] 1:51:35  107,850/1,000,000  16.1/s  upd=2227  L=0.0476  D=5.193
[regir_norefil] 1:51:47  108,287/1,000,000  16.1/s  upd=2233  L=0.0373  D=5.193
[regir_norefil] saved resume t_env=108,287
[regir_norefil] 1:51:57  108,287/1,000,000  16.1/s  upd=2240  L=0.0296  D=5.193
[regir_norefil] 1:52:08  108,643/1,000,000  16.1/s  upd=2247  L=0.0401  D=5.193
[regir_norefil] 1:52:20  109,037/1,000,000  16.2/s  upd=2251  L=0.0331  D=5.193
[regir_norefil] 1:52:30  109,037/1,000,000  16.2/s  upd=2256  L=0.0446  D=5.193
[regir_norefil] 1:52:41  109,375/1,000,000  16.2/s  upd=2262  L=0.0227  D=5.193
[regir_norefil] 1:52:51  109,375/1,000,000  16.2/s  upd=2264  L=0.0474  D=5.193
[regir_norefil] 1:53:02  109,703/1,000,000  16.2/s  upd=2272  L=0.0364  D=5.193
[regir_norefil] 1:53:12  109,703/1,000,000  16.2/s  upd=2272  L=0.0364  D=5.193
[regir_norefil] 1:53:22  110,082/1,000,000  16.2/s  upd=2279  L=0.0375  D=5.193
[regir_norefil] 1:55:16  110,082/1,000,000  15.9/s  upd=2280  L=0.0485  D=5.193
[regir_norefil] 1:55:26  110,498/1,000,000  16.0/s  upd=2284  L=0.0313  D=5.193
[regir_norefil] 1:55:37  110,893/1,000,000  16.0/s  upd=2295  L=0.0426  D=5.193
[regir_norefil] 1:55:47  111,240/1,000,000  16.0/s  upd=2302  L=0.0411  D=5.193
[regir_norefil] 1:55:58  111,592/1,000,000  16.0/s  upd=2309  L=0.0413  D=5.193
[regir_norefil] 1:56:09  111,948/1,000,000  16.1/s  upd=2317  L=0.0232  D=5.193
[regir_norefil] 1:56:20  112,274/1,000,000  16.1/s  upd=2327  L=0.0313  D=5.193
[regir_norefil] 1:56:31  112,611/1,000,000  16.1/s  upd=2334  L=0.0427  D=5.193
[regir_norefil] 1:56:41  112,611/1,000,000  16.1/s  upd=2336  L=0.0266  D=5.193
[regir_norefil] 1:56:51  113,017/1,000,000  16.1/s  upd=2340  L=0.0374  D=5.193
[regir_norefil] 1:57:01  113,017/1,000,000  16.1/s  upd=2344  L=0.0371  D=5.193
[regir_norefil] 1:57:11  113,427/1,000,000  16.1/s  upd=2352  L=0.0307  D=5.193
[regir_norefil] 1:57:22  113,816/1,000,000  16.2/s  upd=2360  L=0.0474  D=5.193
[regir_norefil] 1:57:32  114,162/1,000,000  16.2/s  upd=2368  L=0.0383  D=5.193
[regir_norefil] 1:57:42  114,532/1,000,000  16.2/s  upd=2371  L=0.0387  D=5.193
[regir_norefil] 1:57:52  114,907/1,000,000  16.2/s  upd=2377  L=0.0505  D=5.193
[regir_norefil] 1:58:02  114,907/1,000,000  16.2/s  upd=2384  L=0.0492  D=5.193
[regir_norefil] 1:58:13  115,250/1,000,000  16.2/s  upd=2389  L=0.0320  D=5.193
[regir_norefil] 1:58:23  115,250/1,000,000  16.2/s  upd=2392  L=0.0225  D=5.193
[regir_norefil] 1:58:34  115,623/1,000,000  16.3/s  upd=2400  L=0.0357  D=5.193
[regir_norefil] 1:58:45  116,017/1,000,000  16.3/s  upd=2402  L=0.0214  D=5.193
[regir_norefil] 1:58:55  116,017/1,000,000  16.3/s  upd=2408  L=0.0415  D=5.193
[regir_norefil] 1:59:06  116,367/1,000,000  16.3/s  upd=2416  L=0.0403  D=5.193
[regir_norefil] 1:59:17  116,771/1,000,000  16.3/s  upd=2419  L=0.0241  D=5.193
[regir_norefil] 1:59:27  116,771/1,000,000  16.3/s  upd=2424  L=0.0279  D=5.193
[regir_norefil] 1:59:37  117,180/1,000,000  16.3/s  upd=2427  L=0.0413  D=5.193
[regir_norefil] 1:59:47  117,180/1,000,000  16.3/s  upd=2432  L=0.0370  D=5.193
[regir_norefil] 1:59:58  117,541/1,000,000  16.3/s  upd=2438  L=0.0416  D=5.193
[regir_norefil] 2:00:09  117,901/1,000,000  16.4/s  upd=2445  L=0.0428  D=5.193
[regir_norefil] 2:00:20  118,240/1,000,000  16.4/s  upd=2451  L=0.0357  D=5.193
[regir_norefil] 2:00:32  118,240/1,000,000  16.3/s  upd=2456  L=0.0452  D=5.193
[regir_norefil] 2:02:55  118,240/1,000,000  16.0/s  upd=2456  L=0.0452  D=5.193
[regir_norefil] saved resume t_env=118,566
[regir_norefil] 2:03:06  118,566/1,000,000  16.1/s  upd=2464  L=0.0353  D=5.193
[regir_norefil] 2:03:16  118,969/1,000,000  16.1/s  upd=2472  L=0.0453  D=5.193
[regir_norefil] 2:03:26  119,373/1,000,000  16.1/s  upd=2480  L=0.0607  D=5.193
[regir_norefil] 2:03:37  119,868/1,000,000  16.2/s  upd=2483  L=0.0288  D=5.193
[regir_norefil] 2:03:48  119,868/1,000,000  16.1/s  upd=2488  L=0.0296  D=5.193
[regir_norefil] 2:03:59  120,348/1,000,000  16.2/s  upd=2496  L=0.0393  D=5.193
[regir_norefil] saved resume t_env=120,348
[regir_norefil] 2:04:17  120,348/1,000,000  16.1/s  upd=2496  L=0.0393  ev=0/100  D=5.193
[regir_norefil] 2:04:27  120,348/1,000,000  16.1/s  upd=2496  L=0.0393  ev=8/100  D=5.193
[regir_norefil] 2:04:38  120,348/1,000,000  16.1/s  upd=2496  L=0.0393  ev=14/100  D=5.193
[regir_norefil] 2:04:48  120,348/1,000,000  16.1/s  upd=2496  L=0.0393  ev=14/100  D=5.193
[regir_norefil] 2:04:58  120,348/1,000,000  16.0/s  upd=2496  L=0.0393  ev=22/100  D=5.193
[regir_norefil] 2:05:08  120,348/1,000,000  16.0/s  upd=2496  L=0.0393  ev=27/100  D=5.193
[regir_norefil] 2:05:18  120,348/1,000,000  16.0/s  upd=2496  L=0.0393  ev=32/100  D=5.193
[regir_norefil] 2:05:29  120,348/1,000,000  16.0/s  upd=2496  L=0.0393  ev=38/100  D=5.193
[regir_norefil] 2:05:39  120,348/1,000,000  16.0/s  upd=2496  L=0.0393  ev=45/100  D=5.193
[regir_norefil] 2:05:49  120,348/1,000,000  15.9/s  upd=2496  L=0.0393  ev=55/100  D=5.193
[regir_norefil] 2:05:59  120,348/1,000,000  15.9/s  upd=2496  L=0.0393  ev=64/100  D=5.193
[regir_norefil] 2:06:09  120,348/1,000,000  15.9/s  upd=2496  L=0.0393  ev=72/100  D=5.193
[regir_norefil] 2:06:19  120,348/1,000,000  15.9/s  upd=2496  L=0.0393  ev=80/100  D=5.193
[regir_norefil] 2:06:30  120,348/1,000,000  15.9/s  upd=2496  L=0.0393  ev=88/100  D=5.193
[regir_norefil] 2:09:01  120,348/1,000,000  15.5/s  upd=2496  L=0.0393  D=4.598
[regir_norefil] 2:11:11  120,348/1,000,000  15.3/s  upd=2496  L=0.0393  D=4.598
[regir_norefil] 2:11:21  120,816/1,000,000  15.3/s  upd=2503  L=0.0396  D=4.598
[regir_norefil] 2:11:32  121,174/1,000,000  15.4/s  upd=2512  L=0.0352  D=4.598
[regir_norefil] 2:11:42  121,526/1,000,000  15.4/s  upd=2519  L=0.0412  D=4.598
[regir_norefil] 2:11:52  121,921/1,000,000  15.4/s  upd=2528  L=0.0466  D=4.598
[regir_norefil] 2:12:02  122,622/1,000,000  15.5/s  upd=2541  L=0.0502  D=4.598
[regir_norefil] 2:12:12  123,429/1,000,000  15.6/s  upd=2553  L=0.0392  D=4.598
[regir_norefil] 2:12:23  123,954/1,000,000  15.6/s  upd=2561  L=0.0392  D=4.598
[regir_norefil] 2:12:34  124,329/1,000,000  15.6/s  upd=2572  L=0.0322  D=4.598
[regir_norefil] 2:12:45  124,711/1,000,000  15.7/s  upd=2582  L=0.0432  D=4.598
[regir_norefil] 2:12:56  125,049/1,000,000  15.7/s  upd=2592  L=0.0392  D=4.598
[regir_norefil] 2:13:07  125,445/1,000,000  15.7/s  upd=2600  L=0.0425  D=4.598
[regir_norefil] 2:13:17  125,816/1,000,000  15.7/s  upd=2608  L=0.0492  D=4.598
[regir_norefil] 2:13:27  126,203/1,000,000  15.8/s  upd=2616  L=0.0339  D=4.598
[regir_norefil] 2:13:37  126,599/1,000,000  15.8/s  upd=2624  L=0.0618  D=4.598
[regir_norefil] 2:13:48  126,959/1,000,000  15.8/s  upd=2632  L=0.0393  D=4.598
[regir_norefil] 2:13:58  127,404/1,000,000  15.9/s  upd=2640  L=0.0411  D=4.598
[regir_norefil] saved resume t_env=127,796
[regir_norefil] 2:14:08  127,796/1,000,000  15.9/s  upd=2648  L=0.0387  D=4.598
[regir_norefil] 2:14:18  128,187/1,000,000  15.9/s  upd=2656  L=0.0387  D=4.598
[regir_norefil] 2:14:28  128,553/1,000,000  15.9/s  upd=2664  L=0.0278  D=4.598
[regir_norefil] 2:14:38  128,933/1,000,000  16.0/s  upd=2672  L=0.0494  D=4.598
[regir_norefil] 2:14:49  129,715/1,000,000  16.0/s  upd=2682  L=0.0271  D=4.598
[regir_norefil] 2:15:00  130,102/1,000,000  16.1/s  upd=2690  L=0.0536  D=4.598
[regir_norefil] 2:15:10  130,417/1,000,000  16.1/s  upd=2699  L=0.0396  D=4.598
[regir_norefil] 2:15:21  130,856/1,000,000  16.1/s  upd=2706  L=0.0299  D=4.598
[regir_norefil] 2:15:31  131,249/1,000,000  16.1/s  upd=2715  L=0.0311  D=4.598
[regir_norefil] 2:15:41  131,249/1,000,000  16.1/s  upd=2720  L=0.0368  D=4.598
[regir_norefil] 2:15:52  131,674/1,000,000  16.2/s  upd=2727  L=0.0441  D=4.598
[regir_norefil] 2:16:02  132,087/1,000,000  16.2/s  upd=2735  L=0.0509  D=4.598
[regir_norefil] 2:16:13  132,488/1,000,000  16.2/s  upd=2744  L=0.0374  D=4.598
[regir_norefil] 2:19:25  132,488/1,000,000  15.8/s  upd=2744  L=0.0374  D=4.598
[regir_norefil] 2:19:35  132,488/1,000,000  15.8/s  upd=2744  L=0.0374  D=4.598
[regir_norefil] 2:19:45  132,905/1,000,000  15.8/s  upd=2752  L=0.0325  D=4.598
[regir_norefil] 2:19:55  132,905/1,000,000  15.8/s  upd=2752  L=0.0325  D=4.598
[regir_norefil] 2:20:05  133,289/1,000,000  15.9/s  upd=2760  L=0.0310  D=4.598
[regir_norefil] 2:20:16  133,289/1,000,000  15.8/s  upd=2760  L=0.0310  D=4.598
[regir_norefil] 2:20:26  133,723/1,000,000  15.9/s  upd=2764  L=0.0322  D=4.598
[regir_norefil] 2:20:37  133,723/1,000,000  15.8/s  upd=2768  L=0.0360  D=4.598
[regir_norefil] 2:20:47  134,146/1,000,000  15.9/s  upd=2771  L=0.0295  D=4.598
[regir_norefil] 2:20:57  134,146/1,000,000  15.9/s  upd=2776  L=0.0510  D=4.598
[regir_norefil] 2:21:07  134,146/1,000,000  15.8/s  upd=2776  L=0.0510  D=4.598
[regir_norefil] 2:21:17  134,582/1,000,000  15.9/s  upd=2783  L=0.0417  D=4.598
[regir_norefil] 2:21:27  134,934/1,000,000  15.9/s  upd=2785  L=0.0493  D=4.598
[regir_norefil] 2:21:37  135,270/1,000,000  15.9/s  upd=2795  L=0.0539  D=4.598
[regir_norefil] 2:21:48  135,270/1,000,000  15.9/s  upd=2800  L=0.0716  D=4.598
[regir_norefil] 2:21:58  135,659/1,000,000  15.9/s  upd=2803  L=0.0256  D=4.598
[regir_norefil] 2:22:08  135,659/1,000,000  15.9/s  upd=2808  L=0.0446  D=4.598
[regir_norefil] 2:22:19  135,986/1,000,000  15.9/s  upd=2813  L=0.0434  D=4.598
[regir_norefil] 2:22:30  136,346/1,000,000  15.9/s  upd=2818  L=0.0369  D=4.598
[regir_norefil] 2:22:40  136,346/1,000,000  15.9/s  upd=2824  L=0.0302  D=4.598
[regir_norefil] 2:22:52  136,740/1,000,000  16.0/s  upd=2831  L=0.0326  D=4.598
[regir_norefil] 2:23:02  137,081/1,000,000  16.0/s  upd=2833  L=0.0252  D=4.598
[regir_norefil] 2:23:12  137,081/1,000,000  16.0/s  upd=2840  L=0.0220  D=4.598
[regir_norefil] 2:23:24  137,433/1,000,000  16.0/s  upd=2847  L=0.0403  D=4.598
[regir_norefil] 2:23:35  137,772/1,000,000  16.0/s  upd=2852  L=0.0331  D=4.598
[regir_norefil] 2:23:46  138,131/1,000,000  16.0/s  upd=2857  L=0.0401  D=4.598
[regir_norefil] 2:23:56  138,131/1,000,000  16.0/s  upd=2864  L=0.0405  D=4.598
[regir_norefil] 2:24:07  138,507/1,000,000  16.0/s  upd=2870  L=0.0281  D=4.598
[regir_norefil] saved resume t_env=138,507
[regir_norefil] 2:24:17  138,849/1,000,000  16.0/s  upd=2876  L=0.0575  D=4.598
[regir_norefil] 2:24:28  139,249/1,000,000  16.1/s  upd=2887  L=0.0498  D=4.598
[regir_norefil] 2:26:06  139,249/1,000,000  15.9/s  upd=2888  L=0.0447  D=4.598
[regir_norefil] 2:26:17  139,621/1,000,000  15.9/s  upd=2890  L=0.0437  D=4.598
[regir_norefil] 2:26:27  139,966/1,000,000  15.9/s  upd=2897  L=0.0536  D=4.598
[regir_norefil] 2:26:37  139,966/1,000,000  15.9/s  upd=2904  L=0.0283  D=4.598
[regir_norefil] 2:26:48  140,389/1,000,000  15.9/s  upd=2909  L=0.0402  D=4.598
[regir_norefil] saved resume t_env=140,389
[regir_norefil] 2:27:12  140,389/1,000,000  15.9/s  upd=2912  L=0.0293  ev=0/100  D=4.598
[regir_norefil] 2:27:22  140,389/1,000,000  15.9/s  upd=2912  L=0.0293  ev=6/100  D=4.598
[regir_norefil] 2:27:32  140,389/1,000,000  15.9/s  upd=2912  L=0.0293  ev=21/100  D=4.598
[regir_norefil] 2:27:42  140,389/1,000,000  15.8/s  upd=2912  L=0.0293  ev=24/100  D=4.598
[regir_norefil] 2:27:52  140,389/1,000,000  15.8/s  upd=2912  L=0.0293  ev=39/100  D=4.598
[regir_norefil] 2:28:02  140,389/1,000,000  15.8/s  upd=2912  L=0.0293  ev=41/100  D=4.598
[regir_norefil] 2:28:13  140,389/1,000,000  15.8/s  upd=2912  L=0.0293  ev=56/100  D=4.598
[regir_norefil] 2:28:23  140,389/1,000,000  15.8/s  upd=2912  L=0.0293  ev=63/100  D=4.598
[regir_norefil] 2:28:33  140,389/1,000,000  15.8/s  upd=2912  L=0.0293  ev=88/100  D=4.598
[regir_norefil] 2:31:44  140,389/1,000,000  15.4/s  upd=2912  L=0.0293  D=4.464
[regir_norefil] 2:35:33  140,389/1,000,000  15.0/s  upd=2912  L=0.0293  D=4.464
[regir_norefil] 2:35:43  140,794/1,000,000  15.1/s  upd=2920  L=0.0411  D=4.464
[regir_norefil] 2:35:53  141,167/1,000,000  15.1/s  upd=2928  L=0.0315  D=4.464
[regir_norefil] 2:36:03  141,508/1,000,000  15.1/s  upd=2936  L=0.0516  D=4.464
[regir_norefil] 2:36:13  141,886/1,000,000  15.1/s  upd=2944  L=0.0344  D=4.464
[regir_norefil] 2:36:25  142,261/1,000,000  15.2/s  upd=2952  L=0.0608  D=4.464
[regir_norefil] 2:36:35  142,607/1,000,000  15.2/s  upd=2960  L=0.0290  D=4.464
[regir_norefil] 2:36:45  142,995/1,000,000  15.2/s  upd=2968  L=0.0452  D=4.464
[regir_norefil] 2:36:56  143,400/1,000,000  15.2/s  upd=2976  L=0.0595  D=4.464
[regir_norefil] saved resume t_env=143,400
[regir_norefil] 2:37:06  143,773/1,000,000  15.3/s  upd=2982  L=0.0315  D=4.464
[regir_norefil] 2:37:17  144,149/1,000,000  15.3/s  upd=2989  L=0.0334  D=4.464
[regir_norefil] 2:37:27  144,510/1,000,000  15.3/s  upd=2998  L=0.0433  D=4.464
[regir_norefil] 2:37:38  144,882/1,000,000  15.3/s  upd=3006  L=0.0333  D=4.464
[regir_norefil] 2:37:48  145,226/1,000,000  15.3/s  upd=3015  L=0.0259  D=4.464
[regir_norefil] 2:37:59  145,618/1,000,000  15.4/s  upd=3017  L=0.0310  D=4.464
[regir_norefil] 2:38:09  145,618/1,000,000  15.3/s  upd=3024  L=0.0359  D=4.464
[regir_norefil] 2:38:20  145,944/1,000,000  15.4/s  upd=3031  L=0.0419  D=4.464
[regir_norefil] 2:38:31  146,340/1,000,000  15.4/s  upd=3034  L=0.0371  D=4.464
[regir_norefil] 2:38:41  146,340/1,000,000  15.4/s  upd=3040  L=0.0270  D=4.464
[regir_norefil] 2:38:52  146,687/1,000,000  15.4/s  upd=3046  L=0.0506  D=4.464
[regir_norefil] 2:39:03  147,046/1,000,000  15.4/s  upd=3052  L=0.0428  D=4.464
[regir_norefil] 2:39:13  147,046/1,000,000  15.4/s  upd=3056  L=0.0356  D=4.464
[regir_norefil] 2:39:24  147,471/1,000,000  15.4/s  upd=3061  L=0.0338  D=4.464
[regir_norefil] 2:39:34  147,471/1,000,000  15.4/s  upd=3064  L=0.0331  D=4.464
[regir_norefil] 2:39:45  148,157/1,000,000  15.5/s  upd=3074  L=0.0488  D=4.464
[regir_norefil] 2:39:56  148,511/1,000,000  15.5/s  upd=3084  L=0.0406  D=4.464
[regir_norefil] 2:40:06  148,907/1,000,000  15.5/s  upd=3093  L=0.0428  D=4.464
[regir_norefil] 2:40:16  149,251/1,000,000  15.5/s  upd=3103  L=0.0388  D=4.464
[regir_norefil] 2:40:27  149,604/1,000,000  15.5/s  upd=3111  L=0.0467  D=4.464
[regir_norefil] 2:40:37  149,940/1,000,000  15.6/s  upd=3119  L=0.0418  D=4.464
[regir_norefil] 2:42:12  149,940/1,000,000  15.4/s  upd=3120  L=0.0367  D=4.464
[regir_norefil] 2:42:24  150,246/1,000,000  15.4/s  upd=3122  L=0.0310  D=4.464
[regir_norefil] 2:42:34  150,246/1,000,000  15.4/s  upd=3128  L=0.0323  D=4.464
[regir_norefil] 2:42:44  150,246/1,000,000  15.4/s  upd=3128  L=0.0323  D=4.464
[regir_norefil] 2:42:55  150,644/1,000,000  15.4/s  upd=3136  L=0.0460  D=4.464
[regir_norefil] 2:43:05  150,644/1,000,000  15.4/s  upd=3136  L=0.0460  D=4.464
[regir_norefil] 2:43:15  151,018/1,000,000  15.4/s  upd=3141  L=0.0655  D=4.464
[regir_norefil] 2:43:25  151,018/1,000,000  15.4/s  upd=3144  L=0.0421  D=4.464
[regir_norefil] 2:43:36  151,376/1,000,000  15.4/s  upd=3150  L=0.0351  D=4.464
[regir_norefil] 2:43:46  151,709/1,000,000  15.4/s  upd=3157  L=0.0617  D=4.464
[regir_norefil] 2:43:57  151,709/1,000,000  15.4/s  upd=3160  L=0.0326  D=4.464
[regir_norefil] 2:44:07  152,065/1,000,000  15.4/s  upd=3165  L=0.0385  D=4.464
[regir_norefil] 2:44:17  152,065/1,000,000  15.4/s  upd=3168  L=0.0495  D=4.464
[regir_norefil] 2:44:27  152,428/1,000,000  15.4/s  upd=3176  L=0.0722  D=4.464
[regir_norefil] 2:44:38  152,805/1,000,000  15.5/s  upd=3179  L=0.0448  D=4.464
[regir_norefil] 2:44:48  152,805/1,000,000  15.5/s  upd=3184  L=0.0339  D=4.464
[regir_norefil] 2:45:00  153,254/1,000,000  15.5/s  upd=3187  L=0.0778  D=4.464
[regir_norefil] 2:45:10  153,640/1,000,000  15.5/s  upd=3193  L=0.0419  D=4.464
[regir_norefil] 2:45:20  153,640/1,000,000  15.5/s  upd=3200  L=0.0420  D=4.464
[regir_norefil] 2:45:30  153,961/1,000,000  15.5/s  upd=3201  L=0.0384  D=4.464
[regir_norefil] 2:45:41  153,961/1,000,000  15.5/s  upd=3208  L=0.0427  D=4.464
[regir_norefil] 2:45:51  153,961/1,000,000  15.5/s  upd=3208  L=0.0427  D=4.464
[regir_norefil] 2:46:01  154,400/1,000,000  15.5/s  upd=3212  L=0.0337  D=4.464
[regir_norefil] 2:46:11  154,400/1,000,000  15.5/s  upd=3216  L=0.0676  D=4.464
[regir_norefil] 2:46:24  154,828/1,000,000  15.5/s  upd=3222  L=0.0457  D=4.464
[regir_norefil] 2:46:34  154,828/1,000,000  15.5/s  upd=3224  L=0.0566  D=4.464
[regir_norefil] 2:46:44  155,176/1,000,000  15.5/s  upd=3226  L=0.0330  D=4.464
[regir_norefil] 2:46:55  155,569/1,000,000  15.5/s  upd=3235  L=0.0364  D=4.464
[regir_norefil] saved resume t_env=155,569
[regir_norefil] 2:47:05  155,919/1,000,000  15.6/s  upd=3242  L=0.0478  D=4.464
[regir_norefil] 2:47:15  156,238/1,000,000  15.6/s  upd=3250  L=0.0550  D=4.464
[regir_norefil] 2:49:50  156,238/1,000,000  15.3/s  upd=3256  L=0.0312  D=4.464
[regir_norefil] 2:50:01  156,568/1,000,000  15.3/s  upd=3264  L=0.0445  D=4.464
[regir_norefil] 2:50:11  156,568/1,000,000  15.3/s  upd=3264  L=0.0445  D=4.464
[regir_norefil] 2:50:21  156,994/1,000,000  15.4/s  upd=3272  L=0.0403  D=4.464
[regir_norefil] 2:50:31  157,351/1,000,000  15.4/s  upd=3279  L=0.0428  D=4.464
[regir_norefil] 2:50:43  157,781/1,000,000  15.4/s  upd=3286  L=0.0470  D=4.464
[regir_norefil] 2:50:53  158,109/1,000,000  15.4/s  upd=3293  L=0.0504  D=4.464
[regir_norefil] 2:51:03  158,530/1,000,000  15.4/s  upd=3299  L=0.0374  D=4.464
[regir_norefil] 2:51:14  158,888/1,000,000  15.5/s  upd=3310  L=0.0437  D=4.464
[regir_norefil] 2:51:24  159,286/1,000,000  15.5/s  upd=3319  L=0.0437  D=4.464
[regir_norefil] 2:51:34  159,593/1,000,000  15.5/s  upd=3328  L=0.0523  D=4.464
[regir_norefil] 2:51:44  160,019/1,000,000  15.5/s  upd=3336  L=0.0502  D=4.464
[regir_norefil] saved resume t_env=160,019
[regir_norefil] 2:52:03  160,019/1,000,000  15.5/s  upd=3336  L=0.0502  ev=0/100  D=4.464
[regir_norefil] 2:52:13  160,019/1,000,000  15.5/s  upd=3336  L=0.0502  ev=24/100  D=4.464
[regir_norefil] 2:52:23  160,019/1,000,000  15.5/s  upd=3336  L=0.0502  ev=55/100  D=4.464
[regir_norefil] 2:52:33  160,019/1,000,000  15.5/s  upd=3336  L=0.0502  ev=77/100  D=4.464
[regir_norefil] 2:52:43  160,019/1,000,000  15.4/s  upd=3336  L=0.0502  ev=99/100  D=4.464
[regir_norefil] 2:56:01  160,019/1,000,000  15.2/s  upd=3336  L=0.0502  D=3.492
[regir_norefil] 2:59:45  160,019/1,000,000  14.8/s  upd=3336  L=0.0502  D=3.492
[regir_norefil] 2:59:56  160,414/1,000,000  14.9/s  upd=3340  L=0.0305  D=3.492
[regir_norefil] 3:00:06  160,414/1,000,000  14.8/s  upd=3344  L=0.0370  D=3.492
[regir_norefil] 3:00:16  160,832/1,000,000  14.9/s  upd=3345  L=0.0385  D=3.492
[regir_norefil] 3:00:26  160,832/1,000,000  14.9/s  upd=3352  L=0.0447  D=3.492
[regir_norefil] 3:00:38  161,163/1,000,000  14.9/s  upd=3357  L=0.0320  D=3.492
[regir_norefil] 3:00:48  161,163/1,000,000  14.9/s  upd=3360  L=0.0522  D=3.492
[regir_norefil] 3:00:58  161,579/1,000,000  14.9/s  upd=3368  L=0.0469  D=3.492
[regir_norefil] 3:01:08  161,929/1,000,000  14.9/s  upd=3371  L=0.0371  D=3.492
[regir_norefil] 3:01:19  162,261/1,000,000  14.9/s  upd=3377  L=0.0602  D=3.492
[regir_norefil] 3:01:29  162,261/1,000,000  14.9/s  upd=3384  L=0.0425  D=3.492
[regir_norefil] 3:01:39  162,615/1,000,000  14.9/s  upd=3386  L=0.0406  D=3.492
[regir_norefil] 3:01:49  162,615/1,000,000  14.9/s  upd=3392  L=0.0447  D=3.492
[regir_norefil] 3:01:59  162,938/1,000,000  14.9/s  upd=3399  L=0.0513  D=3.492
[regir_norefil] saved resume t_env=162,938
[regir_norefil] 3:02:10  163,330/1,000,000  14.9/s  upd=3406  L=0.0503  D=3.492
[regir_norefil] 3:02:21  163,665/1,000,000  15.0/s  upd=3414  L=0.0454  D=3.492
[regir_norefil] 3:02:31  164,065/1,000,000  15.0/s  upd=3421  L=0.0456  D=3.492
[regir_norefil] 3:02:42  164,374/1,000,000  15.0/s  upd=3427  L=0.0510  D=3.492
[regir_norefil] 3:02:52  164,838/1,000,000  15.0/s  upd=3434  L=0.0489  D=3.492
[regir_norefil] 3:03:02  165,154/1,000,000  15.0/s  upd=3441  L=0.0268  D=3.492
[regir_norefil] 3:03:13  165,536/1,000,000  15.1/s  upd=3451  L=0.0572  D=3.492
[regir_norefil] 3:03:23  165,882/1,000,000  15.1/s  upd=3460  L=0.0371  D=3.492
[regir_norefil] 3:03:34  166,269/1,000,000  15.1/s  upd=3470  L=0.0424  D=3.492
[regir_norefil] 3:03:44  166,626/1,000,000  15.1/s  upd=3478  L=0.0563  D=3.492
[regir_norefil] 3:03:55  166,954/1,000,000  15.1/s  upd=3488  L=0.0488  D=3.492
[regir_norefil] 3:04:05  167,334/1,000,000  15.1/s  upd=3496  L=0.0703  D=3.492
[regir_norefil] 3:04:15  167,634/1,000,000  15.2/s  upd=3504  L=0.0437  D=3.492
[regir_norefil] 3:04:25  167,933/1,000,000  15.2/s  upd=3512  L=0.0396  D=3.492
[regir_norefil] 3:04:35  168,310/1,000,000  15.2/s  upd=3514  L=0.0432  D=3.492
[regir_norefil] 3:04:45  168,310/1,000,000  15.2/s  upd=3520  L=0.0475  D=3.492
[regir_norefil] 3:04:56  168,678/1,000,000  15.2/s  upd=3521  L=0.0320  D=3.492
[regir_norefil] 3:07:27  168,678/1,000,000  15.0/s  upd=3528  L=0.0337  D=3.492
[regir_norefil] 3:07:37  169,009/1,000,000  15.0/s  upd=3533  L=0.0415  D=3.492
[regir_norefil] 3:07:48  169,312/1,000,000  15.0/s  upd=3539  L=0.0429  D=3.492
[regir_norefil] 3:07:58  169,683/1,000,000  15.0/s  upd=3545  L=0.0442  D=3.492
[regir_norefil] 3:08:08  169,977/1,000,000  15.1/s  upd=3554  L=0.0378  D=3.492
[regir_norefil] 3:08:19  170,321/1,000,000  15.1/s  upd=3563  L=0.0469  D=3.492
[regir_norefil] 3:08:29  170,663/1,000,000  15.1/s  upd=3571  L=0.0424  D=3.492
[regir_norefil] 3:08:40  170,969/1,000,000  15.1/s  upd=3579  L=0.0344  D=3.492
[regir_norefil] 3:08:51  171,295/1,000,000  15.1/s  upd=3587  L=0.0386  D=3.492
[regir_norefil] 3:09:01  171,295/1,000,000  15.1/s  upd=3592  L=0.0424  D=3.492
[regir_norefil] 3:09:11  171,719/1,000,000  15.1/s  upd=3600  L=0.0456  D=3.492
[regir_norefil] 3:09:21  172,061/1,000,000  15.1/s  upd=3608  L=0.0433  D=3.492
[regir_norefil] 3:09:31  172,393/1,000,000  15.2/s  upd=3616  L=0.0418  D=3.492
[regir_norefil] 3:09:41  173,075/1,000,000  15.2/s  upd=3625  L=0.0202  D=3.492
[regir_norefil] 3:09:51  173,075/1,000,000  15.2/s  upd=3632  L=0.0353  D=3.492
[regir_norefil] 3:10:01  173,475/1,000,000  15.2/s  upd=3640  L=0.0466  D=3.492
[regir_norefil] 3:10:11  173,781/1,000,000  15.2/s  upd=3648  L=0.0914  D=3.492
[regir_norefil] 3:10:22  174,102/1,000,000  15.2/s  upd=3656  L=0.0370  D=3.492
[regir_norefil] 3:10:32  174,502/1,000,000  15.3/s  upd=3661  L=0.0398  D=3.492
[regir_norefil] 3:10:43  174,862/1,000,000  15.3/s  upd=3669  L=0.0196  D=3.492
[regir_norefil] 3:10:53  175,472/1,000,000  15.3/s  upd=3682  L=0.0339  D=3.492
[regir_norefil] 3:11:03  175,778/1,000,000  15.3/s  upd=3696  L=0.0483  D=3.492
[regir_norefil] 3:11:14  176,601/1,000,000  15.4/s  upd=3708  L=0.0328  D=3.492
[regir_norefil] 3:11:24  176,964/1,000,000  15.4/s  upd=3719  L=0.0370  D=3.492
[regir_norefil] 3:11:35  177,327/1,000,000  15.4/s  upd=3726  L=0.0430  D=3.492
[regir_norefil] 3:11:45  177,693/1,000,000  15.4/s  upd=3733  L=0.0395  D=3.492
[regir_norefil] 3:11:55  178,053/1,000,000  15.5/s  upd=3742  L=0.0362  D=3.492
[regir_norefil] saved resume t_env=178,360
[regir_norefil] 3:12:05  178,360/1,000,000  15.5/s  upd=3752  L=0.0497  D=3.492
[regir_norefil] 3:12:17  179,100/1,000,000  15.5/s  upd=3762  L=0.0576  D=3.492
[regir_norefil] 3:12:27  179,411/1,000,000  15.5/s  upd=3773  L=0.0392  D=3.492
[regir_norefil] 3:15:10  179,411/1,000,000  15.3/s  upd=3776  L=0.0328  D=3.492
[regir_norefil] 3:15:21  179,411/1,000,000  15.3/s  upd=3776  L=0.0328  D=3.492
[regir_norefil] 3:15:31  179,756/1,000,000  15.3/s  upd=3780  L=0.0402  D=3.492
[regir_norefil] 3:15:42  179,756/1,000,000  15.3/s  upd=3784  L=0.0597  D=3.492
[regir_norefil] 3:15:52  180,066/1,000,000  15.3/s  upd=3787  L=0.0423  D=3.492
[regir_norefil] saved resume t_env=180,066
[regir_norefil] 3:16:18  180,066/1,000,000  15.3/s  upd=3792  L=0.0495  ev=0/100  D=3.492
[regir_norefil] 3:16:28  180,066/1,000,000  15.3/s  upd=3792  L=0.0495  ev=2/100  D=3.492
[regir_norefil] 3:16:38  180,066/1,000,000  15.3/s  upd=3792  L=0.0495  ev=11/100  D=3.492
[regir_norefil] 3:16:48  180,066/1,000,000  15.2/s  upd=3792  L=0.0495  ev=24/100  D=3.492
[regir_norefil] 3:16:58  180,066/1,000,000  15.2/s  upd=3792  L=0.0495  ev=32/100  D=3.492
[regir_norefil] 3:17:08  180,066/1,000,000  15.2/s  upd=3792  L=0.0495  ev=38/100  D=3.492
[regir_norefil] 3:17:19  180,066/1,000,000  15.2/s  upd=3792  L=0.0495  ev=46/100  D=3.492
[regir_norefil] 3:17:29  180,066/1,000,000  15.2/s  upd=3792  L=0.0495  ev=49/100  D=3.492
[regir_norefil] 3:17:39  180,066/1,000,000  15.2/s  upd=3792  L=0.0495  ev=53/100  D=3.492
[regir_norefil] 3:17:49  180,066/1,000,000  15.2/s  upd=3792  L=0.0495  ev=60/100  D=3.492
[regir_norefil] 3:17:59  180,066/1,000,000  15.2/s  upd=3792  L=0.0495  ev=63/100  D=3.492
[regir_norefil] 3:18:09  180,066/1,000,000  15.1/s  upd=3792  L=0.0495  ev=64/100  D=3.492
[regir_norefil] 3:18:19  180,066/1,000,000  15.1/s  upd=3792  L=0.0495  ev=72/100  D=3.492
[regir_norefil] 3:18:30  180,066/1,000,000  15.1/s  upd=3792  L=0.0495  ev=81/100  D=3.492
[regir_norefil] 3:18:40  180,066/1,000,000  15.1/s  upd=3792  L=0.0495  ev=88/100  D=3.492
[regir_norefil] 3:18:50  180,066/1,000,000  15.1/s  upd=3792  L=0.0495  ev=96/100  D=3.492
[regir_norefil] 3:21:49  180,066/1,000,000  14.9/s  upd=3792  L=0.0495  D=2.768
[regir_norefil] 3:25:05  180,066/1,000,000  14.6/s  upd=3792  L=0.0495  D=2.768
[regir_norefil] 3:25:15  180,066/1,000,000  14.6/s  upd=3792  L=0.0495  D=2.768
[regir_norefil] 3:25:27  180,423/1,000,000  14.6/s  upd=3800  L=0.0544  D=2.768
[regir_norefil] 3:25:37  180,733/1,000,000  14.6/s  upd=3808  L=0.0358  D=2.768
[regir_norefil] 3:25:47  181,093/1,000,000  14.7/s  upd=3816  L=0.0407  D=2.768
[regir_norefil] 3:25:57  181,428/1,000,000  14.7/s  upd=3824  L=0.0786  D=2.768
[regir_norefil] saved resume t_env=181,734
[regir_norefil] 3:26:08  181,734/1,000,000  14.7/s  upd=3832  L=0.0237  D=2.768
[regir_norefil] 3:26:18  182,044/1,000,000  14.7/s  upd=3839  L=0.0489  D=2.768
[regir_norefil] 3:26:28  182,332/1,000,000  14.7/s  upd=3848  L=0.0363  D=2.768
[regir_norefil] 3:26:39  183,068/1,000,000  14.8/s  upd=3859  L=0.0271  D=2.768
[regir_norefil] 3:26:49  183,339/1,000,000  14.8/s  upd=3871  L=0.0392  D=2.768
[regir_norefil] 3:26:59  183,617/1,000,000  14.8/s  upd=3879  L=0.0540  D=2.768
[regir_norefil] 3:27:09  183,935/1,000,000  14.8/s  upd=3888  L=0.0437  D=2.768
[regir_norefil] 3:27:19  184,253/1,000,000  14.8/s  upd=3896  L=0.0523  D=2.768
[regir_norefil] 3:27:29  184,573/1,000,000  14.8/s  upd=3904  L=0.0594  D=2.768
[regir_norefil] 3:27:40  184,907/1,000,000  14.8/s  upd=3907  L=0.0315  D=2.768
[regir_norefil] 3:27:50  184,907/1,000,000  14.8/s  upd=3912  L=0.0252  D=2.768
[regir_norefil] 3:28:01  185,242/1,000,000  14.8/s  upd=3920  L=0.0283  D=2.768
[regir_norefil] 3:28:13  185,563/1,000,000  14.9/s  upd=3922  L=0.0327  D=2.768
[regir_norefil] 3:28:23  185,563/1,000,000  14.8/s  upd=3928  L=0.0455  D=2.768
[regir_norefil] 3:28:33  185,879/1,000,000  14.9/s  upd=3936  L=0.0358  D=2.768
[regir_norefil] 3:28:44  186,199/1,000,000  14.9/s  upd=3944  L=0.0316  D=2.768
[regir_norefil] 3:28:55  186,587/1,000,000  14.9/s  upd=3951  L=0.0442  D=2.768
[regir_norefil] 3:29:05  186,921/1,000,000  14.9/s  upd=3958  L=0.0479  D=2.768
[regir_norefil] 3:29:16  187,244/1,000,000  14.9/s  upd=3967  L=0.0395  D=2.768
[regir_norefil] 3:29:27  187,604/1,000,000  14.9/s  upd=3974  L=0.0390  D=2.768
[regir_norefil] 3:29:37  187,928/1,000,000  14.9/s  upd=3981  L=0.0278  D=2.768
[regir_norefil] 3:29:47  187,928/1,000,000  14.9/s  upd=3984  L=0.0402  D=2.768
[regir_norefil] 3:29:59  188,261/1,000,000  14.9/s  upd=3988  L=0.0484  D=2.768
[regir_norefil] 3:30:09  188,261/1,000,000  14.9/s  upd=3992  L=0.0452  D=2.768
[regir_norefil] 3:30:20  188,597/1,000,000  14.9/s  upd=3996  L=0.0370  D=2.768
[regir_norefil] 3:32:50  188,597/1,000,000  14.8/s  upd=4000  L=0.0453  D=2.768
[regir_norefil] 3:33:00  189,261/1,000,000  14.8/s  upd=4015  L=0.0351  D=2.768
[regir_norefil] 3:33:10  189,936/1,000,000  14.9/s  upd=4026  L=0.0392  D=2.768
[regir_norefil] 3:33:20  190,231/1,000,000  14.9/s  upd=4038  L=0.0427  D=2.768
[regir_norefil] 3:33:30  190,862/1,000,000  14.9/s  upd=4052  L=0.0484  D=2.768
[regir_norefil] 3:33:41  191,241/1,000,000  14.9/s  upd=4063  L=0.0340  D=2.768
[regir_norefil] 3:33:51  191,903/1,000,000  15.0/s  upd=4077  L=0.0434  D=2.768
[regir_norefil] 3:34:02  192,639/1,000,000  15.0/s  upd=4090  L=0.0402  D=2.768
[regir_norefil] 3:34:12  192,956/1,000,000  15.0/s  upd=4100  L=0.0258  D=2.768
[regir_norefil] 3:34:22  193,339/1,000,000  15.0/s  upd=4107  L=0.0399  D=2.768
[regir_norefil] 3:34:33  193,641/1,000,000  15.0/s  upd=4115  L=0.0743  D=2.768
[regir_norefil] 3:34:43  193,641/1,000,000  15.0/s  upd=4120  L=0.0355  D=2.768
[regir_norefil] 3:34:53  193,641/1,000,000  15.0/s  upd=4120  L=0.0355  D=2.768
[regir_norefil] 3:35:04  194,057/1,000,000  15.0/s  upd=4128  L=0.0360  D=2.768
[regir_norefil] 3:35:16  194,449/1,000,000  15.1/s  upd=4132  L=0.0276  D=2.768
[regir_norefil] 3:35:26  194,751/1,000,000  15.1/s  upd=4140  L=0.0412  D=2.768
[regir_norefil] 3:35:36  194,751/1,000,000  15.1/s  upd=4144  L=0.0393  D=2.768
[regir_norefil] 3:35:47  195,118/1,000,000  15.1/s  upd=4145  L=0.0556  D=2.768
[regir_norefil] 3:35:57  195,440/1,000,000  15.1/s  upd=4153  L=0.0510  D=2.768
[regir_norefil] 3:36:07  195,440/1,000,000  15.1/s  upd=4160  L=0.0404  D=2.768
[regir_norefil] 3:36:17  195,440/1,000,000  15.1/s  upd=4160  L=0.0404  D=2.768
[regir_norefil] saved resume t_env=195,799
[regir_norefil] 3:36:27  195,799/1,000,000  15.1/s  upd=4168  L=0.0455  D=2.768
[regir_norefil] 3:36:38  195,799/1,000,000  15.1/s  upd=4168  L=0.0455  D=2.768
[regir_norefil] 3:36:48  196,137/1,000,000  15.1/s  upd=4174  L=0.0554  D=2.768
[regir_norefil] 3:36:58  196,477/1,000,000  15.1/s  upd=4177  L=0.0689  D=2.768
[regir_norefil] 3:37:10  196,477/1,000,000  15.1/s  upd=4184  L=0.0847  D=2.768
[regir_norefil] 3:37:20  196,809/1,000,000  15.1/s  upd=4189  L=0.0375  D=2.768
[regir_norefil] 3:37:30  196,809/1,000,000  15.1/s  upd=4192  L=0.0381  D=2.768
[regir_norefil] 3:37:41  197,140/1,000,000  15.1/s  upd=4196  L=0.0433  D=2.768
[regir_norefil] 3:37:51  197,140/1,000,000  15.1/s  upd=4200  L=0.0447  D=2.768
[regir_norefil] 3:38:03  197,440/1,000,000  15.1/s  upd=4206  L=0.0311  D=2.768
[regir_norefil] 3:41:39  197,440/1,000,000  14.8/s  upd=4208  L=0.0432  D=2.768
[regir_norefil] 3:41:49  197,830/1,000,000  14.9/s  upd=4214  L=0.0578  D=2.768
[regir_norefil] 3:42:00  198,170/1,000,000  14.9/s  upd=4222  L=0.0437  D=2.768
[regir_norefil] 3:42:10  198,549/1,000,000  14.9/s  upd=4230  L=0.0358  D=2.768
[regir_norefil] 3:42:20  198,911/1,000,000  14.9/s  upd=4239  L=0.0458  D=2.768
[regir_norefil] 3:42:31  199,262/1,000,000  14.9/s  upd=4248  L=0.0471  D=2.768
[regir_norefil] 3:42:41  199,570/1,000,000  14.9/s  upd=4256  L=0.0595  D=2.768
[regir_norefil] 3:42:51  199,945/1,000,000  15.0/s  upd=4263  L=0.0427  D=2.768
[regir_norefil] saved resume t_env=200,277
[regir_norefil] 3:43:19  200,277/1,000,000  14.9/s  upd=4272  L=0.0309  ev=0/100  D=2.768
[regir_norefil] 3:43:29  200,277/1,000,000  14.9/s  upd=4272  L=0.0309  ev=13/100  D=2.768
[regir_norefil] 3:43:39  200,277/1,000,000  14.9/s  upd=4272  L=0.0309  ev=16/100  D=2.768
[regir_norefil] 3:43:49  200,277/1,000,000  14.9/s  upd=4272  L=0.0309  ev=32/100  D=2.768
[regir_norefil] 3:43:59  200,277/1,000,000  14.9/s  upd=4272  L=0.0309  ev=38/100  D=2.768
[regir_norefil] 3:44:09  200,277/1,000,000  14.9/s  upd=4272  L=0.0309  ev=51/100  D=2.768
[regir_norefil] 3:44:19  200,277/1,000,000  14.9/s  upd=4272  L=0.0309  ev=56/100  D=2.768
[regir_norefil] 3:44:30  200,277/1,000,000  14.9/s  upd=4272  L=0.0309  ev=71/100  D=2.768
[regir_norefil] 3:44:40  200,277/1,000,000  14.9/s  upd=4272  L=0.0309  ev=76/100  D=2.768
[regir_norefil] 3:44:50  200,277/1,000,000  14.8/s  upd=4272  L=0.0309  ev=89/100  D=2.768
[regir_norefil] 3:45:00  200,277/1,000,000  14.8/s  upd=4272  L=0.0309  ev=96/100  D=2.768
[regir_norefil] 3:47:06  200,277/1,000,000  14.7/s  upd=4272  L=0.0309  D=2.055
[regir_norefil] 3:49:52  200,277/1,000,000  14.5/s  upd=4272  L=0.0309  D=2.055
[regir_norefil] 3:50:02  200,655/1,000,000  14.5/s  upd=4279  L=0.0378  D=2.055
[regir_norefil] 3:50:12  200,994/1,000,000  14.6/s  upd=4286  L=0.0422  D=2.055
[regir_norefil] 3:50:22  201,300/1,000,000  14.6/s  upd=4296  L=0.0345  D=2.055
[regir_norefil] 3:50:33  201,988/1,000,000  14.6/s  upd=4305  L=0.0418  D=2.055
[regir_norefil] 3:50:43  202,278/1,000,000  14.6/s  upd=4319  L=0.0393  D=2.055
[regir_norefil] 3:50:53  202,855/1,000,000  14.6/s  upd=4332  L=0.0571  D=2.055
[regir_norefil] 3:51:03  203,136/1,000,000  14.7/s  upd=4344  L=0.0269  D=2.055
[regir_norefil] 3:51:13  203,439/1,000,000  14.7/s  upd=4352  L=0.0418  D=2.055
[regir_norefil] 3:51:23  204,178/1,000,000  14.7/s  upd=4364  L=0.0301  D=2.055
[regir_norefil] 3:51:34  204,492/1,000,000  14.7/s  upd=4373  L=0.0358  D=2.055
[regir_norefil] 3:51:44  204,833/1,000,000  14.7/s  upd=4377  L=0.0403  D=2.055
[regir_norefil] 3:51:55  204,833/1,000,000  14.7/s  upd=4384  L=0.0288  D=2.055
[regir_norefil] 3:52:06  205,178/1,000,000  14.7/s  upd=4392  L=0.0309  D=2.055
[regir_norefil] 3:52:16  205,178/1,000,000  14.7/s  upd=4392  L=0.0309  D=2.055
[regir_norefil] 3:52:27  205,798/1,000,000  14.8/s  upd=4401  L=0.0380  D=2.055
[regir_norefil] 3:52:37  205,798/1,000,000  14.7/s  upd=4408  L=0.0281  D=2.055
[regir_norefil] 3:52:48  206,114/1,000,000  14.8/s  upd=4416  L=0.0440  D=2.055
[regir_norefil] 3:52:58  206,114/1,000,000  14.7/s  upd=4416  L=0.0440  D=2.055
[regir_norefil] 3:53:08  206,457/1,000,000  14.8/s  upd=4423  L=0.0474  D=2.055
[regir_norefil] saved resume t_env=206,457
[regir_norefil] 3:53:18  206,457/1,000,000  14.7/s  upd=4424  L=0.0453  D=2.055
[regir_norefil] 3:53:29  206,755/1,000,000  14.8/s  upd=4431  L=0.0258  D=2.055
[regir_norefil] 3:53:39  207,086/1,000,000  14.8/s  upd=4435  L=0.0263  D=2.055
[regir_norefil] 3:53:50  207,086/1,000,000  14.8/s  upd=4440  L=0.0313  D=2.055
[regir_norefil] 3:54:00  207,406/1,000,000  14.8/s  upd=4446  L=0.0230  D=2.055
[regir_norefil] 3:54:10  207,406/1,000,000  14.8/s  upd=4448  L=0.0538  D=2.055
[regir_norefil] 3:54:20  207,899/1,000,000  14.8/s  upd=4451  L=0.0438  D=2.055
[regir_norefil] 3:54:30  207,899/1,000,000  14.8/s  upd=4456  L=0.0417  D=2.055
[regir_norefil] 3:54:41  208,255/1,000,000  14.8/s  upd=4463  L=0.0748  D=2.055
[regir_norefil] 3:54:52  208,561/1,000,000  14.8/s  upd=4466  L=0.0376  D=2.055
[regir_norefil] 3:56:25  208,561/1,000,000  14.7/s  upd=4472  L=0.0319  D=2.055
[regir_norefil] 3:56:35  208,929/1,000,000  14.7/s  upd=4479  L=0.0309  D=2.055
[regir_norefil] 3:56:47  209,219/1,000,000  14.7/s  upd=4487  L=0.0362  D=2.055
[regir_norefil] 3:56:57  209,560/1,000,000  14.7/s  upd=4495  L=0.0416  D=2.055
[regir_norefil] 3:57:08  209,968/1,000,000  14.8/s  upd=4502  L=0.0324  D=2.055
[regir_norefil] 3:57:19  210,290/1,000,000  14.8/s  upd=4509  L=0.0423  D=2.055
[regir_norefil] 3:57:29  210,591/1,000,000  14.8/s  upd=4517  L=0.0355  D=2.055
[regir_norefil] 3:57:39  211,039/1,000,000  14.8/s  upd=4526  L=0.0727  D=2.055
[regir_norefil] 3:57:49  211,344/1,000,000  14.8/s  upd=4536  L=0.0301  D=2.055
[regir_norefil] 3:58:00  211,956/1,000,000  14.8/s  upd=4550  L=0.0311  D=2.055
[regir_norefil] 3:58:10  212,609/1,000,000  14.9/s  upd=4565  L=0.0284  D=2.055
[regir_norefil] 3:58:20  213,254/1,000,000  14.9/s  upd=4577  L=0.0283  D=2.055
[regir_norefil] 3:58:30  213,663/1,000,000  14.9/s  upd=4591  L=0.0377  D=2.055
[regir_norefil] 3:58:41  214,236/1,000,000  15.0/s  upd=4604  L=0.0467  D=2.055
[regir_norefil] 3:58:51  214,566/1,000,000  15.0/s  upd=4616  L=0.0346  D=2.055
[regir_norefil] 3:59:01  215,194/1,000,000  15.0/s  upd=4626  L=0.0453  D=2.055
[regir_norefil] 3:59:11  215,496/1,000,000  15.0/s  upd=4637  L=0.0397  D=2.055
[regir_norefil] 3:59:21  215,869/1,000,000  15.0/s  upd=4648  L=0.0380  D=2.055
[regir_norefil] 3:59:31  216,484/1,000,000  15.1/s  upd=4662  L=0.0504  D=2.055
[regir_norefil] 3:59:41  217,126/1,000,000  15.1/s  upd=4674  L=0.0665  D=2.055
[regir_norefil] 3:59:51  217,416/1,000,000  15.1/s  upd=4688  L=0.0427  D=2.055
[regir_norefil] 4:00:01  217,720/1,000,000  15.1/s  upd=4696  L=0.0401  D=2.055
[regir_norefil] 4:00:11  218,423/1,000,000  15.2/s  upd=4705  L=0.0316  D=2.055
[regir_norefil] 4:00:22  218,785/1,000,000  15.2/s  upd=4716  L=0.0554  D=2.055
[regir_norefil] 4:00:32  218,785/1,000,000  15.2/s  upd=4720  L=0.0527  D=2.055
[regir_norefil] 4:00:42  219,124/1,000,000  15.2/s  upd=4724  L=0.0400  D=2.055
[regir_norefil] 4:00:53  219,450/1,000,000  15.2/s  upd=4730  L=0.0313  D=2.055
[regir_norefil] 4:01:03  219,450/1,000,000  15.2/s  upd=4736  L=0.0400  D=2.055
[regir_norefil] 4:01:13  219,760/1,000,000  15.2/s  upd=4738  L=0.0357  D=2.055
[regir_norefil] 4:01:24  219,760/1,000,000  15.2/s  upd=4744  L=0.0476  D=2.055
[regir_norefil] 4:01:34  219,760/1,000,000  15.2/s  upd=4744  L=0.0476  D=2.055
[regir_norefil] 4:01:44  220,067/1,000,000  15.2/s  upd=4749  L=0.0327  D=2.055
[regir_norefil] saved resume t_env=220,067
[regir_norefil] 4:02:08  220,067/1,000,000  15.1/s  upd=4752  L=0.0493  ev=0/100  D=2.055
[regir_norefil] 4:02:18  220,067/1,000,000  15.1/s  upd=4752  L=0.0493  ev=6/100  D=2.055
[regir_norefil] 4:02:28  220,067/1,000,000  15.1/s  upd=4752  L=0.0493  ev=7/100  D=2.055
[regir_norefil] 4:02:38  220,067/1,000,000  15.1/s  upd=4752  L=0.0493  ev=16/100  D=2.055
[regir_norefil] 4:02:48  220,067/1,000,000  15.1/s  upd=4752  L=0.0493  ev=19/100  D=2.055
[regir_norefil] 4:02:58  220,067/1,000,000  15.1/s  upd=4752  L=0.0493  ev=24/100  D=2.055
[regir_norefil] 4:03:08  220,067/1,000,000  15.1/s  upd=4752  L=0.0493  ev=32/100  D=2.055
[regir_norefil] 4:03:18  220,067/1,000,000  15.1/s  upd=4752  L=0.0493  ev=39/100  D=2.055
[regir_norefil] 4:03:29  220,067/1,000,000  15.1/s  upd=4752  L=0.0493  ev=41/100  D=2.055
[regir_norefil] 4:03:39  220,067/1,000,000  15.1/s  upd=4752  L=0.0493  ev=48/100  D=2.055
[regir_norefil] 4:03:49  220,067/1,000,000  15.0/s  upd=4752  L=0.0493  ev=55/100  D=2.055
[regir_norefil] 4:03:59  220,067/1,000,000  15.0/s  upd=4752  L=0.0493  ev=56/100  D=2.055
[regir_norefil] 4:04:09  220,067/1,000,000  15.0/s  upd=4752  L=0.0493  ev=65/100  D=2.055
[regir_norefil] 4:04:19  220,067/1,000,000  15.0/s  upd=4752  L=0.0493  ev=72/100  D=2.055
[regir_norefil] 4:04:29  220,067/1,000,000  15.0/s  upd=4752  L=0.0493  ev=76/100  D=2.055
[regir_norefil] 4:04:39  220,067/1,000,000  15.0/s  upd=4752  L=0.0493  ev=80/100  D=2.055
[regir_norefil] 4:04:50  220,067/1,000,000  15.0/s  upd=4752  L=0.0493  ev=88/100  D=2.055
[regir_norefil] 4:05:00  220,067/1,000,000  15.0/s  upd=4752  L=0.0493  ev=96/100  D=2.055
[regir_norefil] 4:06:22  220,067/1,000,000  14.9/s  upd=4752  L=0.0493  D=1.946
[regir_norefil] 4:08:35  220,067/1,000,000  14.8/s  upd=4752  L=0.0493  D=1.946
[regir_norefil] 4:08:45  220,378/1,000,000  14.8/s  upd=4760  L=0.0317  D=1.946
[regir_norefil] 4:08:55  220,681/1,000,000  14.8/s  upd=4768  L=0.0469  D=1.946
[regir_norefil] 4:09:06  221,375/1,000,000  14.8/s  upd=4778  L=0.0458  D=1.946
[regir_norefil] 4:09:17  221,679/1,000,000  14.8/s  upd=4788  L=0.0431  D=1.946
[regir_norefil] 4:09:28  221,960/1,000,000  14.8/s  upd=4797  L=0.0272  D=1.946
[regir_norefil] 4:09:38  222,282/1,000,000  14.8/s  upd=4804  L=0.0292  D=1.946
[regir_norefil] 4:09:49  222,605/1,000,000  14.9/s  upd=4813  L=0.0490  D=1.946
[regir_norefil] 4:09:59  222,605/1,000,000  14.8/s  upd=4816  L=0.0472  D=1.946
[regir_norefil] 4:10:09  222,905/1,000,000  14.9/s  upd=4824  L=0.0420  D=1.946
[regir_norefil] 4:10:20  222,905/1,000,000  14.8/s  upd=4824  L=0.0420  D=1.946
[regir_norefil] 4:10:30  223,232/1,000,000  14.9/s  upd=4832  L=0.0342  D=1.946
[regir_norefil] 4:10:40  223,575/1,000,000  14.9/s  upd=4838  L=0.0422  D=1.946
[regir_norefil] 4:10:50  223,575/1,000,000  14.9/s  upd=4840  L=0.0626  D=1.946
[regir_norefil] 4:11:01  223,970/1,000,000  14.9/s  upd=4845  L=0.0356  D=1.946
[regir_norefil] 4:11:11  224,286/1,000,000  14.9/s  upd=4852  L=0.0347  D=1.946
[regir_norefil] 4:11:21  224,611/1,000,000  14.9/s  upd=4861  L=0.0383  D=1.946
[regir_norefil] 4:11:31  224,969/1,000,000  14.9/s  upd=4871  L=0.0567  D=1.946
[regir_norefil] 4:11:42  225,236/1,000,000  14.9/s  upd=4878  L=0.0290  D=1.946
[regir_norefil] 4:11:53  225,587/1,000,000  14.9/s  upd=4888  L=0.0399  D=1.946
[regir_norefil] saved resume t_env=225,587
[regir_norefil] 4:12:04  225,857/1,000,000  14.9/s  upd=4893  L=0.0422  D=1.946
[regir_norefil] 4:12:14  226,570/1,000,000  15.0/s  upd=4905  L=0.0406  D=1.946
[regir_norefil] 4:12:24  226,833/1,000,000  15.0/s  upd=4919  L=0.0242  D=1.946
[regir_norefil] 4:12:34  227,143/1,000,000  15.0/s  upd=4927  L=0.0325  D=1.946
[regir_norefil] 4:12:45  227,438/1,000,000  15.0/s  upd=4935  L=0.0463  D=1.946
[regir_norefil] 4:12:56  227,741/1,000,000  15.0/s  upd=4942  L=0.0341  D=1.946
[regir_norefil] 4:13:06  228,081/1,000,000  15.0/s  upd=4948  L=0.0576  D=1.946
[regir_norefil] 4:13:16  228,349/1,000,000  15.0/s  upd=4957  L=0.0373  D=1.946
[regir_norefil] 4:13:26  228,664/1,000,000  15.0/s  upd=4965  L=0.0384  D=1.946
[regir_norefil] 4:13:36  229,022/1,000,000  15.1/s  upd=4971  L=0.0457  D=1.946
[regir_norefil] 4:16:52  229,022/1,000,000  14.9/s  upd=4976  L=0.0528  D=1.946
[regir_norefil] 4:17:02  229,022/1,000,000  14.8/s  upd=4976  L=0.0528  D=1.946
[regir_norefil] 4:17:14  229,299/1,000,000  14.9/s  upd=4979  L=0.0444  D=1.946
[regir_norefil] 4:17:24  229,299/1,000,000  14.8/s  upd=4984  L=0.0379  D=1.946
[regir_norefil] 4:17:34  229,299/1,000,000  14.8/s  upd=4984  L=0.0379  D=1.946
[regir_norefil] 4:17:45  229,658/1,000,000  14.8/s  upd=4989  L=0.0391  D=1.946
[regir_norefil] 4:17:55  229,658/1,000,000  14.8/s  upd=4992  L=0.0566  D=1.946
[regir_norefil] 4:18:05  229,970/1,000,000  14.9/s  upd=5000  L=0.0598  D=1.946
[regir_norefil] 4:18:16  230,305/1,000,000  14.9/s  upd=5002  L=0.0331  D=1.946
[regir_norefil] 4:18:26  230,646/1,000,000  14.9/s  upd=5011  L=0.0553  D=1.946
[regir_norefil] 4:18:36  230,646/1,000,000  14.9/s  upd=5016  L=0.0390  D=1.946
[regir_norefil] 4:18:46  230,974/1,000,000  14.9/s  upd=5022  L=0.0424  D=1.946
[regir_norefil] 4:18:56  231,284/1,000,000  14.9/s  upd=5028  L=0.0442  D=1.946
[regir_norefil] 4:19:07  231,284/1,000,000  14.9/s  upd=5032  L=0.0343  D=1.946
[regir_norefil] 4:19:17  231,605/1,000,000  14.9/s  upd=5040  L=0.0308  D=1.946
[regir_norefil] 4:19:27  231,927/1,000,000  14.9/s  upd=5043  L=0.0426  D=1.946
[regir_norefil] 4:19:37  232,306/1,000,000  14.9/s  upd=5051  L=0.0384  D=1.946
[regir_norefil] 4:19:47  232,617/1,000,000  14.9/s  upd=5058  L=0.0272  D=1.946
[regir_norefil] 4:19:58  232,996/1,000,000  14.9/s  upd=5065  L=0.0289  D=1.946
[regir_norefil] 4:20:08  232,996/1,000,000  14.9/s  upd=5072  L=0.0495  D=1.946
[regir_norefil] 4:20:18  233,385/1,000,000  14.9/s  upd=5080  L=0.0505  D=1.946
[regir_norefil] 4:20:28  233,710/1,000,000  15.0/s  upd=5088  L=0.0451  D=1.946
[regir_norefil] 4:20:39  233,982/1,000,000  15.0/s  upd=5096  L=0.0477  D=1.946
[regir_norefil] 4:20:49  234,305/1,000,000  15.0/s  upd=5104  L=0.0438  D=1.946
[regir_norefil] 4:20:59  234,608/1,000,000  15.0/s  upd=5105  L=0.0246  D=1.946
[regir_norefil] 4:21:10  234,608/1,000,000  15.0/s  upd=5112  L=0.0460  D=1.946
[regir_norefil] 4:21:20  234,942/1,000,000  15.0/s  upd=5120  L=0.0542  D=1.946
[regir_norefil] 4:21:30  235,294/1,000,000  15.0/s  upd=5128  L=0.0375  D=1.946
[regir_norefil] 4:21:40  235,656/1,000,000  15.0/s  upd=5136  L=0.0316  D=1.946
[regir_norefil] 4:21:50  236,018/1,000,000  15.0/s  upd=5144  L=0.0372  D=1.946
[regir_norefil] 4:22:00  236,397/1,000,000  15.0/s  upd=5146  L=0.0266  D=1.946
[regir_norefil] saved resume t_env=236,397
[regir_norefil] 4:24:06  236,397/1,000,000  14.9/s  upd=5152  L=0.0347  D=1.946
[regir_norefil] 4:24:16  236,397/1,000,000  14.9/s  upd=5152  L=0.0347  D=1.946
[regir_norefil] 4:24:26  236,724/1,000,000  14.9/s  upd=5159  L=0.0375  D=1.946
[regir_norefil] 4:24:37  237,060/1,000,000  14.9/s  upd=5162  L=0.0386  D=1.946
[regir_norefil] 4:24:48  237,060/1,000,000  14.9/s  upd=5168  L=0.0461  D=1.946
[regir_norefil] 4:24:58  237,060/1,000,000  14.9/s  upd=5168  L=0.0461  D=1.946
[regir_norefil] 4:25:09  237,477/1,000,000  14.9/s  upd=5174  L=0.0449  D=1.946
[regir_norefil] 4:25:19  237,477/1,000,000  14.9/s  upd=5176  L=0.0578  D=1.946
[regir_norefil] 4:25:29  237,820/1,000,000  14.9/s  upd=5182  L=0.0432  D=1.946
[regir_norefil] 4:25:39  237,820/1,000,000  14.9/s  upd=5184  L=0.0551  D=1.946
[regir_norefil] 4:25:50  238,185/1,000,000  14.9/s  upd=5191  L=0.0562  D=1.946
[regir_norefil] 4:26:00  238,185/1,000,000  14.9/s  upd=5192  L=0.0304  D=1.946
[regir_norefil] 4:26:10  238,565/1,000,000  14.9/s  upd=5198  L=0.0438  D=1.946
[regir_norefil] 4:26:20  238,565/1,000,000  14.9/s  upd=5200  L=0.0487  D=1.946
[regir_norefil] 4:26:30  238,932/1,000,000  14.9/s  upd=5208  L=0.0437  D=1.946
[regir_norefil] 4:26:41  239,292/1,000,000  15.0/s  upd=5210  L=0.0335  D=1.946
[regir_norefil] 4:26:51  239,292/1,000,000  14.9/s  upd=5216  L=0.0459  D=1.946
[regir_norefil] 4:27:01  239,601/1,000,000  15.0/s  upd=5224  L=0.0343  D=1.946
[regir_norefil] 4:27:11  239,968/1,000,000  15.0/s  upd=5231  L=0.0565  D=1.946
[regir_norefil] 4:27:22  240,352/1,000,000  15.0/s  upd=5239  L=0.0434  D=1.946
[regir_norefil] saved resume t_env=240,352
[regir_norefil] 4:27:42  240,352/1,000,000  15.0/s  upd=5240  L=0.0315  ev=0/100  D=1.946
[regir_norefil] 4:27:52  240,352/1,000,000  15.0/s  upd=5240  L=0.0315  ev=24/100  D=1.946
[regir_norefil] 4:28:02  240,352/1,000,000  14.9/s  upd=5240  L=0.0315  ev=55/100  D=1.946
[regir_norefil] 4:28:12  240,352/1,000,000  14.9/s  upd=5240  L=0.0315  ev=72/100  D=1.946
[regir_norefil] 4:28:22  240,352/1,000,000  14.9/s  upd=5240  L=0.0315  ev=96/100  D=1.946
[regir_norefil] 4:30:47  240,352/1,000,000  14.8/s  upd=5240  L=0.0315  D=4.866
[regir_norefil] 4:32:57  240,352/1,000,000  14.7/s  upd=5240  L=0.0315  D=4.866
[regir_norefil] 4:33:09  240,787/1,000,000  14.7/s  upd=5243  L=0.0428  D=4.866
[regir_norefil] 4:33:19  240,787/1,000,000  14.7/s  upd=5248  L=0.0317  D=4.866
[regir_norefil] 4:33:29  240,787/1,000,000  14.7/s  upd=5248  L=0.0317  D=4.866
[regir_norefil] 4:33:41  241,126/1,000,000  14.7/s  upd=5256  L=0.0352  D=4.866
[regir_norefil] 4:33:52  241,446/1,000,000  14.7/s  upd=5257  L=0.0359  D=4.866
[regir_norefil] 4:34:02  241,446/1,000,000  14.7/s  upd=5263  L=0.0441  D=4.866
[regir_norefil] 4:34:12  241,446/1,000,000  14.7/s  upd=5264  L=0.0364  D=4.866
[regir_norefil] 4:34:22  241,823/1,000,000  14.7/s  upd=5272  L=0.0470  D=4.866
[regir_norefil] 4:34:33  242,537/1,000,000  14.7/s  upd=5282  L=0.0303  D=4.866
[regir_norefil] 4:34:43  242,876/1,000,000  14.7/s  upd=5291  L=0.0380  D=4.866
[regir_norefil] 4:34:53  243,238/1,000,000  14.7/s  upd=5302  L=0.0248  D=4.866
[regir_norefil] 4:35:03  243,961/1,000,000  14.8/s  upd=5316  L=0.0455  D=4.866
[regir_norefil] 4:35:14  244,603/1,000,000  14.8/s  upd=5331  L=0.0354  D=4.866
[regir_norefil] 4:35:24  244,946/1,000,000  14.8/s  upd=5344  L=0.0320  D=4.866
[regir_norefil] 4:35:34  245,706/1,000,000  14.9/s  upd=5355  L=0.0360  D=4.866
[regir_norefil] 4:35:45  246,469/1,000,000  14.9/s  upd=5369  L=0.0392  D=4.866
[regir_norefil] 4:35:56  246,802/1,000,000  14.9/s  upd=5384  L=0.0438  D=4.866
[regir_norefil] 4:36:06  247,485/1,000,000  14.9/s  upd=5396  L=0.0290  D=4.866
[regir_norefil] 4:36:16  248,141/1,000,000  15.0/s  upd=5409  L=0.0458  D=4.866
[regir_norefil] 4:36:26  248,141/1,000,000  15.0/s  upd=5416  L=0.0419  D=4.866
[regir_norefil] 4:36:36  248,501/1,000,000  15.0/s  upd=5424  L=0.0429  D=4.866
[regir_norefil] 4:36:46  248,848/1,000,000  15.0/s  upd=5432  L=0.0397  D=4.866
[regir_norefil] 4:36:56  249,190/1,000,000  15.0/s  upd=5440  L=0.0448  D=4.866
[regir_norefil] 4:37:06  249,865/1,000,000  15.0/s  upd=5450  L=0.0369  D=4.866
[regir_norefil] 4:37:17  250,213/1,000,000  15.0/s  upd=5459  L=0.0511  D=4.866
[regir_norefil] 4:37:27  250,595/1,000,000  15.1/s  upd=5468  L=0.0307  D=4.866
[regir_norefil] saved resume t_env=250,595
[regir_norefil] 4:37:38  250,595/1,000,000  15.0/s  upd=5472  L=0.0494  D=4.866
[regir_norefil] 4:37:48  250,963/1,000,000  15.1/s  upd=5476  L=0.0367  D=4.866
[regir_norefil] 4:37:58  250,963/1,000,000  15.0/s  upd=5480  L=0.0296  D=4.866
[regir_norefil] 4:38:08  251,345/1,000,000  15.1/s  upd=5484  L=0.0338  D=4.866
[regir_norefil] 4:41:23  251,345/1,000,000  14.9/s  upd=5488  L=0.0482  D=4.866
[regir_norefil] 4:41:33  251,750/1,000,000  14.9/s  upd=5489  L=0.0508  D=4.866
[regir_norefil] 4:41:43  251,750/1,000,000  14.9/s  upd=5496  L=0.0361  D=4.866
[regir_norefil] 4:41:53  251,750/1,000,000  14.9/s  upd=5496  L=0.0361  D=4.866
[regir_norefil] 4:42:04  252,133/1,000,000  14.9/s  upd=5502  L=0.0391  D=4.866
[regir_norefil] 4:42:15  252,471/1,000,000  14.9/s  upd=5508  L=0.0311  D=4.866
[regir_norefil] 4:42:25  252,471/1,000,000  14.9/s  upd=5512  L=0.0344  D=4.866
[regir_norefil] 4:42:35  252,887/1,000,000  14.9/s  upd=5519  L=0.0212  D=4.866
[regir_norefil] 4:42:46  253,283/1,000,000  14.9/s  upd=5525  L=0.0530  D=4.866
[regir_norefil] 4:42:56  253,660/1,000,000  14.9/s  upd=5530  L=0.0609  D=4.866
[regir_norefil] 4:43:07  254,019/1,000,000  15.0/s  upd=5539  L=0.0395  D=4.866
[regir_norefil] 4:43:17  254,335/1,000,000  15.0/s  upd=5546  L=0.0239  D=4.866
[regir_norefil] 4:43:27  254,335/1,000,000  15.0/s  upd=5552  L=0.0334  D=4.866
[regir_norefil] 4:43:38  255,078/1,000,000  15.0/s  upd=5561  L=0.0566  D=4.866
[regir_norefil] 4:43:48  255,078/1,000,000  15.0/s  upd=5568  L=0.0386  D=4.866
[regir_norefil] 4:43:59  255,451/1,000,000  15.0/s  upd=5576  L=0.0236  D=4.866
[regir_norefil] 4:44:09  255,782/1,000,000  15.0/s  upd=5583  L=0.0242  D=4.866
[regir_norefil] 4:44:19  256,102/1,000,000  15.0/s  upd=5590  L=0.0185  D=4.866
[regir_norefil] 4:44:29  256,457/1,000,000  15.0/s  upd=5596  L=0.0394  D=4.866
[regir_norefil] 4:44:40  256,800/1,000,000  15.0/s  upd=5608  L=0.0524  D=4.866
[regir_norefil] 4:44:50  257,152/1,000,000  15.0/s  upd=5615  L=0.0281  D=4.866
[regir_norefil] 4:45:01  257,607/1,000,000  15.1/s  upd=5623  L=0.0262  D=4.866
[regir_norefil] 4:45:11  257,963/1,000,000  15.1/s  upd=5630  L=0.0378  D=4.866
[regir_norefil] 4:45:22  258,340/1,000,000  15.1/s  upd=5637  L=0.0325  D=4.866
[regir_norefil] 4:45:32  258,697/1,000,000  15.1/s  upd=5645  L=0.0393  D=4.866
[regir_norefil] 4:45:43  259,006/1,000,000  15.1/s  upd=5654  L=0.0570  D=4.866
[regir_norefil] 4:45:53  259,394/1,000,000  15.1/s  upd=5658  L=0.0434  D=4.866
[regir_norefil] 4:46:03  259,778/1,000,000  15.1/s  upd=5671  L=0.0370  D=4.866
[regir_norefil] saved resume t_env=260,172
[regir_norefil] 4:46:30  260,172/1,000,000  15.1/s  upd=5680  L=0.0466  ev=0/100  D=4.866
[regir_norefil] 4:50:20  260,172/1,000,000  14.9/s  upd=5680  L=0.0466  D=3.523
[regir_norefil] 4:54:11  260,172/1,000,000  14.7/s  upd=5680  L=0.0466  D=3.523
[regir_norefil] 4:54:22  260,495/1,000,000  14.7/s  upd=5688  L=0.0393  D=3.523
[regir_norefil] 4:54:32  260,791/1,000,000  14.8/s  upd=5691  L=0.0344  D=3.523
[regir_norefil] 4:54:42  260,791/1,000,000  14.7/s  upd=5696  L=0.0380  D=3.523
[regir_norefil] 4:54:52  261,145/1,000,000  14.8/s  upd=5704  L=0.0275  D=3.523
[regir_norefil] 4:55:02  261,544/1,000,000  14.8/s  upd=5705  L=0.0482  D=3.523
[regir_norefil] 4:55:13  261,939/1,000,000  14.8/s  upd=5717  L=0.0236  D=3.523
[regir_norefil] 4:55:23  262,307/1,000,000  14.8/s  upd=5725  L=0.0252  D=3.523
[regir_norefil] 4:55:34  262,621/1,000,000  14.8/s  upd=5734  L=0.0310  D=3.523
[regir_norefil] 4:55:44  262,923/1,000,000  14.8/s  upd=5741  L=0.0431  D=3.523
[regir_norefil] 4:55:55  263,259/1,000,000  14.8/s  upd=5749  L=0.0390  D=3.523
[regir_norefil] 4:56:06  263,642/1,000,000  14.8/s  upd=5759  L=0.0336  D=3.523
[regir_norefil] 4:56:16  264,434/1,000,000  14.9/s  upd=5772  L=0.0445  D=3.523
[regir_norefil] saved resume t_env=264,434
[regir_norefil] 4:56:26  264,745/1,000,000  14.9/s  upd=5784  L=0.0277  D=3.523
[regir_norefil] 4:56:36  265,089/1,000,000  14.9/s  upd=5792  L=0.0389  D=3.523
[regir_norefil] 4:56:46  265,421/1,000,000  14.9/s  upd=5800  L=0.0248  D=3.523
[regir_norefil] 4:56:58  266,085/1,000,000  14.9/s  upd=5812  L=0.0345  D=3.523
[regir_norefil] 4:57:09  266,405/1,000,000  14.9/s  upd=5821  L=0.0301  D=3.523
[regir_norefil] 4:57:19  266,405/1,000,000  14.9/s  upd=5824  L=0.0328  D=3.523
[regir_norefil] 4:57:29  266,744/1,000,000  14.9/s  upd=5830  L=0.0281  D=3.523
[regir_norefil] 4:57:39  267,110/1,000,000  15.0/s  upd=5836  L=0.0471  D=3.523
[regir_norefil] 4:57:49  267,110/1,000,000  14.9/s  upd=5840  L=0.0395  D=3.523
[regir_norefil] 4:58:00  267,420/1,000,000  15.0/s  upd=5848  L=0.0331  D=3.523
[regir_norefil] 4:58:10  267,808/1,000,000  15.0/s  upd=5856  L=0.0313  D=3.523
[regir_norefil] 4:58:21  268,213/1,000,000  15.0/s  upd=5857  L=0.0355  D=3.523
[regir_norefil] 4:58:31  268,213/1,000,000  15.0/s  upd=5864  L=0.0347  D=3.523
[regir_norefil] 4:58:42  268,636/1,000,000  15.0/s  upd=5866  L=0.0376  D=3.523
[regir_norefil] 4:58:52  268,636/1,000,000  15.0/s  upd=5872  L=0.0518  D=3.523
[regir_norefil] 4:59:03  268,919/1,000,000  15.0/s  upd=5875  L=0.0470  D=3.523
[regir_norefil] 4:59:13  268,919/1,000,000  15.0/s  upd=5880  L=0.0450  D=3.523
[regir_norefil] 4:59:24  269,280/1,000,000  15.0/s  upd=5882  L=0.0284  D=3.523
[regir_norefil] 5:02:37  269,280/1,000,000  14.8/s  upd=5888  L=0.0369  D=3.523
[regir_norefil] 5:02:47  269,610/1,000,000  14.8/s  upd=5896  L=0.0477  D=3.523
[regir_norefil] 5:02:57  269,940/1,000,000  14.9/s  upd=5904  L=0.0346  D=3.523
[regir_norefil] 5:03:07  270,332/1,000,000  14.9/s  upd=5912  L=0.0463  D=3.523
[regir_norefil] 5:03:18  270,971/1,000,000  14.9/s  upd=5922  L=0.0254  D=3.523
[regir_norefil] 5:03:29  271,263/1,000,000  14.9/s  upd=5936  L=0.0322  D=3.523
[regir_norefil] 5:03:39  271,923/1,000,000  14.9/s  upd=5951  L=0.0291  D=3.523
[regir_norefil] 5:03:49  272,635/1,000,000  15.0/s  upd=5963  L=0.0352  D=3.523
[regir_norefil] 5:03:59  272,997/1,000,000  15.0/s  upd=5976  L=0.0317  D=3.523
[regir_norefil] 5:04:09  273,631/1,000,000  15.0/s  upd=5990  L=0.0618  D=3.523
[regir_norefil] 5:04:19  273,976/1,000,000  15.0/s  upd=6000  L=0.0563  D=3.523
[regir_norefil] 5:04:30  274,590/1,000,000  15.0/s  upd=6013  L=0.0388  D=3.523
[regir_norefil] 5:04:41  275,213/1,000,000  15.1/s  upd=6025  L=0.0459  D=3.523
[regir_norefil] 5:04:51  275,516/1,000,000  15.1/s  upd=6039  L=0.0315  D=3.523
[regir_norefil] 5:05:01  275,874/1,000,000  15.1/s  upd=6048  L=0.0363  D=3.523
[regir_norefil] 5:05:11  276,485/1,000,000  15.1/s  upd=6057  L=0.0456  D=3.523
[regir_norefil] 5:05:22  276,779/1,000,000  15.1/s  upd=6066  L=0.0505  D=3.523
[regir_norefil] 5:05:32  277,132/1,000,000  15.1/s  upd=6073  L=0.0408  D=3.523
[regir_norefil] 5:05:43  277,132/1,000,000  15.1/s  upd=6080  L=0.0295  D=3.523
[regir_norefil] 5:05:53  277,446/1,000,000  15.1/s  upd=6085  L=0.0335  D=3.523
[regir_norefil] 5:06:04  277,767/1,000,000  15.1/s  upd=6089  L=0.0537  D=3.523
[regir_norefil] 5:06:14  277,767/1,000,000  15.1/s  upd=6096  L=0.0302  D=3.523
[regir_norefil] 5:06:24  278,117/1,000,000  15.1/s  upd=6098  L=0.0428  D=3.523
[regir_norefil] saved resume t_env=278,117
[regir_norefil] 5:06:37  278,117/1,000,000  15.1/s  upd=6104  L=0.0303  D=3.523
[regir_norefil] 5:06:47  278,428/1,000,000  15.1/s  upd=6108  L=0.0380  D=3.523
[regir_norefil] 5:06:57  278,428/1,000,000  15.1/s  upd=6112  L=0.0385  D=3.523
[regir_norefil] 5:07:07  278,428/1,000,000  15.1/s  upd=6112  L=0.0385  D=3.523
[regir_norefil] 5:07:18  278,753/1,000,000  15.1/s  upd=6119  L=0.0443  D=3.523
[regir_norefil] 5:07:28  279,036/1,000,000  15.1/s  upd=6125  L=0.0237  D=3.523
[regir_norefil] 5:07:39  279,036/1,000,000  15.1/s  upd=6128  L=0.0330  D=3.523
[regir_norefil] 5:07:49  279,340/1,000,000  15.1/s  upd=6132  L=0.0316  D=3.523
[regir_norefil] 5:10:31  279,340/1,000,000  15.0/s  upd=6136  L=0.0320  D=3.523
[regir_norefil] 5:10:42  279,605/1,000,000  15.0/s  upd=6144  L=0.0524  D=3.523
[regir_norefil] 5:10:52  279,921/1,000,000  15.0/s  upd=6152  L=0.0433  D=3.523
[regir_norefil] saved resume t_env=280,207
[regir_norefil] 5:11:21  280,207/1,000,000  15.0/s  upd=6160  L=0.0431  ev=0/100  D=3.523
[regir_norefil] 5:14:29  280,207/1,000,000  14.8/s  upd=6160  L=0.0431  D=2.429
[regir_norefil] 5:14:40  280,535/1,000,000  14.9/s  upd=6166  L=0.0429  D=2.429
[regir_norefil] 5:14:50  280,535/1,000,000  14.9/s  upd=6168  L=0.0362  D=2.429
[regir_norefil] 5:15:00  280,898/1,000,000  14.9/s  upd=6176  L=0.0447  D=2.429
[regir_norefil] 5:15:10  280,898/1,000,000  14.9/s  upd=6176  L=0.0447  D=2.429
[regir_norefil] 5:15:20  281,262/1,000,000  14.9/s  upd=6184  L=0.0343  D=2.429
[regir_norefil] 5:15:31  281,631/1,000,000  14.9/s  upd=6187  L=0.0508  D=2.429
[regir_norefil] 5:17:54  281,631/1,000,000  14.8/s  upd=6192  L=0.0308  D=2.429
[regir_norefil] 5:18:04  281,961/1,000,000  14.8/s  upd=6197  L=0.0363  D=2.429
[regir_norefil] 5:18:15  282,342/1,000,000  14.8/s  upd=6208  L=0.0332  D=2.429
[regir_norefil] 5:18:25  282,713/1,000,000  14.8/s  upd=6216  L=0.0413  D=2.429
[regir_norefil] 5:18:35  283,031/1,000,000  14.8/s  upd=6224  L=0.0267  D=2.429
[regir_norefil] 5:18:45  283,646/1,000,000  14.8/s  upd=6235  L=0.0416  D=2.429
[regir_norefil] 5:18:55  283,950/1,000,000  14.8/s  upd=6248  L=0.0399  D=2.429
[regir_norefil] 5:19:05  284,694/1,000,000  14.9/s  upd=6257  L=0.0460  D=2.429
[regir_norefil] 5:19:16  284,988/1,000,000  14.9/s  upd=6270  L=0.0417  D=2.429
[regir_norefil] 5:19:26  285,291/1,000,000  14.9/s  upd=6280  L=0.0458  D=2.429
[regir_norefil] 5:19:36  286,013/1,000,000  14.9/s  upd=6294  L=0.0345  D=2.429
[regir_norefil] 5:19:47  286,676/1,000,000  14.9/s  upd=6308  L=0.0357  D=2.429
[regir_norefil] 5:19:58  287,326/1,000,000  15.0/s  upd=6323  L=0.0405  D=2.429
[regir_norefil] 5:20:08  287,925/1,000,000  15.0/s  upd=6337  L=0.0273  D=2.429
[regir_norefil] 5:20:18  288,248/1,000,000  15.0/s  upd=6350  L=0.0260  D=2.429
[regir_norefil] 5:20:28  288,874/1,000,000  15.0/s  upd=6361  L=0.0401  D=2.429
[regir_norefil] 5:20:39  289,199/1,000,000  15.0/s  upd=6376  L=0.0299  D=2.429
[regir_norefil] 5:20:49  289,858/1,000,000  15.1/s  upd=6391  L=0.0351  D=2.429
[regir_norefil] 5:20:59  290,540/1,000,000  15.1/s  upd=6404  L=0.0244  D=2.429
[regir_norefil] saved resume t_env=290,876
[regir_norefil] 5:21:11  290,876/1,000,000  15.1/s  upd=6416  L=0.0386  D=2.429
[regir_norefil] 5:21:22  291,645/1,000,000  15.1/s  upd=6431  L=0.0427  D=2.429
[regir_norefil] 5:21:33  292,187/1,000,000  15.1/s  upd=6447  L=0.0401  D=2.429
[regir_norefil] 5:21:43  292,856/1,000,000  15.2/s  upd=6461  L=0.0296  D=2.429
[regir_norefil] 5:21:53  293,475/1,000,000  15.2/s  upd=6473  L=0.0335  D=2.429
[regir_norefil] 5:22:03  293,762/1,000,000  15.2/s  upd=6483  L=0.0371  D=2.429
[regir_norefil] 5:22:14  294,062/1,000,000  15.2/s  upd=6494  L=0.0295  D=2.429
[regir_norefil] 5:22:25  294,417/1,000,000  15.2/s  upd=6503  L=0.0331  D=2.429
[regir_norefil] 5:22:36  294,713/1,000,000  15.2/s  upd=6505  L=0.0383  D=2.429
[regir_norefil] 5:22:46  294,713/1,000,000  15.2/s  upd=6512  L=0.0270  D=2.429
[regir_norefil] 5:22:56  295,046/1,000,000  15.2/s  upd=6520  L=0.0525  D=2.429
[regir_norefil] 5:25:12  295,046/1,000,000  15.1/s  upd=6520  L=0.0525  D=2.429
[regir_norefil] 5:25:23  295,046/1,000,000  15.1/s  upd=6520  L=0.0525  D=2.429
[regir_norefil] 5:25:33  295,354/1,000,000  15.1/s  upd=6523  L=0.0346  D=2.429
[regir_norefil] 5:25:43  295,354/1,000,000  15.1/s  upd=6528  L=0.0231  D=2.429
[regir_norefil] 5:25:54  295,652/1,000,000  15.1/s  upd=6531  L=0.0288  D=2.429
[regir_norefil] 5:26:04  295,652/1,000,000  15.1/s  upd=6536  L=0.0249  D=2.429
[regir_norefil] 5:26:15  295,953/1,000,000  15.1/s  upd=6538  L=0.0350  D=2.429
[regir_norefil] 5:26:25  295,953/1,000,000  15.1/s  upd=6544  L=0.0316  D=2.429
[regir_norefil] 5:26:35  296,236/1,000,000  15.1/s  upd=6546  L=0.0362  D=2.429
[regir_norefil] 5:26:46  296,236/1,000,000  15.1/s  upd=6552  L=0.0438  D=2.429
[regir_norefil] 5:26:56  296,499/1,000,000  15.1/s  upd=6554  L=0.0291  D=2.429
[regir_norefil] 5:27:06  296,499/1,000,000  15.1/s  upd=6560  L=0.0413  D=2.429
[regir_norefil] 5:27:16  296,765/1,000,000  15.1/s  upd=6565  L=0.0240  D=2.429
[regir_norefil] 5:27:27  296,765/1,000,000  15.1/s  upd=6568  L=0.0460  D=2.429
[regir_norefil] 5:27:37  297,134/1,000,000  15.1/s  upd=6569  L=0.0235  D=2.429
[regir_norefil] 5:27:48  297,134/1,000,000  15.1/s  upd=6576  L=0.0815  D=2.429
[regir_norefil] 5:27:58  297,424/1,000,000  15.1/s  upd=6584  L=0.0306  D=2.429
[regir_norefil] 5:28:09  297,688/1,000,000  15.1/s  upd=6586  L=0.0384  D=2.429
[regir_norefil] 5:28:20  297,688/1,000,000  15.1/s  upd=6592  L=0.0327  D=2.429
[regir_norefil] 5:28:30  297,995/1,000,000  15.1/s  upd=6600  L=0.0441  D=2.429
[regir_norefil] 5:28:40  298,270/1,000,000  15.1/s  upd=6608  L=0.0391  D=2.429
[regir_norefil] 5:28:50  298,593/1,000,000  15.1/s  upd=6616  L=0.0708  D=2.429
[regir_norefil] 5:29:00  298,955/1,000,000  15.1/s  upd=6622  L=0.0334  D=2.429
[regir_norefil] 5:29:10  299,318/1,000,000  15.2/s  upd=6627  L=0.0308  D=2.429
[regir_norefil] 5:29:21  299,632/1,000,000  15.2/s  upd=6635  L=0.0398  D=2.429
[regir_norefil] 5:29:32  299,903/1,000,000  15.2/s  upd=6643  L=0.0532  D=2.429
[regir_norefil] 5:29:42  300,210/1,000,000  15.2/s  upd=6650  L=0.0405  D=2.429
[regir_norefil] saved resume t_env=300,210
[regir_norefil] 5:30:08  300,210/1,000,000  15.2/s  upd=6656  L=0.0246  ev=0/100  D=2.429
[regir_norefil] 5:30:18  300,210/1,000,000  15.1/s  upd=6656  L=0.0246  ev=11/100  D=2.429
[regir_norefil] 5:30:29  300,210/1,000,000  15.1/s  upd=6656  L=0.0246  ev=16/100  D=2.429
[regir_norefil] 5:30:39  300,210/1,000,000  15.1/s  upd=6656  L=0.0246  ev=21/100  D=2.429
[regir_norefil] 5:30:49  300,210/1,000,000  15.1/s  upd=6656  L=0.0246  ev=32/100  D=2.429
[regir_norefil] 5:30:59  300,210/1,000,000  15.1/s  upd=6656  L=0.0246  ev=40/100  D=2.429
[regir_norefil] 5:31:09  300,210/1,000,000  15.1/s  upd=6656  L=0.0246  ev=48/100  D=2.429
[regir_norefil] 5:31:19  300,210/1,000,000  15.1/s  upd=6656  L=0.0246  ev=56/100  D=2.429
[regir_norefil] 5:31:29  300,210/1,000,000  15.1/s  upd=6656  L=0.0246  ev=64/100  D=2.429
[regir_norefil] 5:31:39  300,210/1,000,000  15.1/s  upd=6656  L=0.0246  ev=78/100  D=2.429
[regir_norefil] 5:31:50  300,210/1,000,000  15.1/s  upd=6656  L=0.0246  ev=83/100  D=2.429
[regir_norefil] 5:32:00  300,210/1,000,000  15.1/s  upd=6656  L=0.0246  ev=90/100  D=2.429
[regir_norefil] 5:32:10  300,210/1,000,000  15.1/s  upd=6656  L=0.0246  ev=96/100  D=2.429
[regir_norefil] 5:34:06  300,210/1,000,000  15.0/s  upd=6656  L=0.0246  D=2.194
[regir_norefil] 5:36:54  300,210/1,000,000  14.9/s  upd=6656  L=0.0246  D=2.194
[regir_norefil] 5:37:04  300,512/1,000,000  14.9/s  upd=6657  L=0.0341  D=2.194
[regir_norefil] 5:37:15  300,512/1,000,000  14.9/s  upd=6664  L=0.0320  D=2.194
[regir_norefil] 5:37:25  300,835/1,000,000  14.9/s  upd=6672  L=0.0330  D=2.194
[regir_norefil] 5:37:35  301,116/1,000,000  14.9/s  upd=6680  L=0.0401  D=2.194
[regir_norefil] 5:37:46  301,420/1,000,000  14.9/s  upd=6686  L=0.0346  D=2.194
[regir_norefil] 5:37:57  301,751/1,000,000  14.9/s  upd=6695  L=0.0370  D=2.194
[regir_norefil] 5:38:07  302,079/1,000,000  14.9/s  upd=6704  L=0.0348  D=2.194
[regir_norefil] 5:38:17  302,461/1,000,000  14.9/s  upd=6710  L=0.0378  D=2.194
[regir_norefil] 5:38:28  302,800/1,000,000  14.9/s  upd=6720  L=0.0405  D=2.194
[regir_norefil] 5:38:38  303,108/1,000,000  14.9/s  upd=6726  L=0.0404  D=2.194
[regir_norefil] 5:38:48  303,108/1,000,000  14.9/s  upd=6728  L=0.0377  D=2.194
[regir_norefil] 5:38:58  303,420/1,000,000  14.9/s  upd=6736  L=0.0318  D=2.194
[regir_norefil] 5:39:09  303,747/1,000,000  14.9/s  upd=6739  L=0.0269  D=2.194
[regir_norefil] 5:39:19  303,747/1,000,000  14.9/s  upd=6744  L=0.0392  D=2.194
[regir_norefil] 5:39:29  304,039/1,000,000  14.9/s  upd=6752  L=0.0404  D=2.194
[regir_norefil] 5:39:39  304,039/1,000,000  14.9/s  upd=6752  L=0.0404  D=2.194
[regir_norefil] 5:39:50  304,410/1,000,000  14.9/s  upd=6759  L=0.0332  D=2.194
[regir_norefil] 5:40:01  304,702/1,000,000  14.9/s  upd=6767  L=0.0506  D=2.194
[regir_norefil] saved resume t_env=304,702
[regir_norefil] 5:40:11  304,702/1,000,000  14.9/s  upd=6768  L=0.0369  D=2.194
[regir_norefil] 5:40:22  304,969/1,000,000  14.9/s  upd=6776  L=0.0497  D=2.194
[regir_norefil] 5:40:33  305,234/1,000,000  14.9/s  upd=6782  L=0.0290  D=2.194
[regir_norefil] 5:40:44  305,511/1,000,000  14.9/s  upd=6785  L=0.0318  D=2.194
[regir_norefil] 5:40:54  305,511/1,000,000  14.9/s  upd=6792  L=0.0356  D=2.194
[regir_norefil] 5:41:05  305,814/1,000,000  14.9/s  upd=6798  L=0.0263  D=2.194
[regir_norefil] 5:41:15  305,814/1,000,000  14.9/s  upd=6800  L=0.0353  D=2.194
[regir_norefil] 5:41:26  306,110/1,000,000  14.9/s  upd=6808  L=0.0523  D=2.194
[regir_norefil] 5:41:37  306,110/1,000,000  14.9/s  upd=6808  L=0.0523  D=2.194
[regir_norefil] 5:41:49  306,391/1,000,000  14.9/s  upd=6812  L=0.0393  D=2.194
[regir_norefil] 5:44:45  306,391/1,000,000  14.8/s  upd=6816  L=0.0398  D=2.194
[regir_norefil] 5:44:55  306,391/1,000,000  14.8/s  upd=6816  L=0.0398  D=2.194
[regir_norefil] 5:45:05  306,689/1,000,000  14.8/s  upd=6824  L=0.0409  D=2.194
[regir_norefil] 5:45:15  306,689/1,000,000  14.8/s  upd=6824  L=0.0409  D=2.194
[regir_norefil] 5:45:26  306,986/1,000,000  14.8/s  upd=6832  L=0.0564  D=2.194
[regir_norefil] 5:45:36  306,986/1,000,000  14.8/s  upd=6832  L=0.0564  D=2.194
[regir_norefil] 5:45:46  307,307/1,000,000  14.8/s  upd=6840  L=0.0333  D=2.194
[regir_norefil] 5:45:56  307,307/1,000,000  14.8/s  upd=6840  L=0.0333  D=2.194
[regir_norefil] 5:46:06  307,616/1,000,000  14.8/s  upd=6847  L=0.0341  D=2.194
[regir_norefil] 5:46:16  307,927/1,000,000  14.8/s  upd=6850  L=0.0375  D=2.194
[regir_norefil] 5:46:27  307,927/1,000,000  14.8/s  upd=6856  L=0.0378  D=2.194
[regir_norefil] 5:46:38  308,280/1,000,000  14.8/s  upd=6861  L=0.0422  D=2.194
[regir_norefil] 5:46:48  308,280/1,000,000  14.8/s  upd=6864  L=0.0296  D=2.194
[regir_norefil] 5:46:58  308,599/1,000,000  14.8/s  upd=6872  L=0.0354  D=2.194
[regir_norefil] 5:47:09  308,954/1,000,000  14.8/s  upd=6880  L=0.0251  D=2.194
[regir_norefil] 5:47:19  308,954/1,000,000  14.8/s  upd=6880  L=0.0251  D=2.194
[regir_norefil] 5:47:29  309,297/1,000,000  14.8/s  upd=6888  L=0.0422  D=2.194
[regir_norefil] 5:47:39  309,297/1,000,000  14.8/s  upd=6888  L=0.0422  D=2.194
[regir_norefil] 5:47:49  309,680/1,000,000  14.8/s  upd=6896  L=0.0372  D=2.194
[regir_norefil] 5:47:59  309,994/1,000,000  14.8/s  upd=6902  L=0.0536  D=2.194
[regir_norefil] 5:48:09  309,994/1,000,000  14.8/s  upd=6904  L=0.0496  D=2.194
[regir_norefil] 5:48:21  310,410/1,000,000  14.9/s  upd=6911  L=0.0361  D=2.194
[regir_norefil] 5:48:31  310,410/1,000,000  14.8/s  upd=6912  L=0.0315  D=2.194
[regir_norefil] 5:48:41  310,664/1,000,000  14.8/s  upd=6920  L=0.0349  D=2.194
[regir_norefil] 5:48:52  310,963/1,000,000  14.9/s  upd=6925  L=0.0304  D=2.194
[regir_norefil] 5:49:03  310,963/1,000,000  14.8/s  upd=6928  L=0.0434  D=2.194
[regir_norefil] 5:49:14  311,246/1,000,000  14.9/s  upd=6931  L=0.0475  D=2.194
[regir_norefil] 5:49:25  311,509/1,000,000  14.9/s  upd=6937  L=0.0393  D=2.194
[regir_norefil] 5:49:35  311,509/1,000,000  14.9/s  upd=6944  L=0.0307  D=2.194
[regir_norefil] 5:49:45  311,509/1,000,000  14.8/s  upd=6944  L=0.0307  D=2.194
[regir_norefil] 5:49:56  311,815/1,000,000  14.9/s  upd=6950  L=0.0462  D=2.194
[regir_norefil] 5:52:00  311,815/1,000,000  14.8/s  upd=6952  L=0.0342  D=2.194
[regir_norefil] 5:52:10  311,815/1,000,000  14.8/s  upd=6952  L=0.0342  D=2.194
[regir_norefil] 5:52:21  312,121/1,000,000  14.8/s  upd=6957  L=0.0414  D=2.194
[regir_norefil] saved resume t_env=312,121
[regir_norefil] 5:52:31  312,121/1,000,000  14.8/s  upd=6960  L=0.0422  D=2.194
[regir_norefil] 5:52:41  312,121/1,000,000  14.7/s  upd=6960  L=0.0422  D=2.194
[regir_norefil] 5:52:52  312,513/1,000,000  14.8/s  upd=6964  L=0.0417  D=2.194
[regir_norefil] 5:53:02  312,513/1,000,000  14.8/s  upd=6968  L=0.0446  D=2.194
[regir_norefil] 5:53:14  312,814/1,000,000  14.8/s  upd=6972  L=0.0306  D=2.194
[regir_norefil] 5:53:24  312,814/1,000,000  14.8/s  upd=6976  L=0.0387  D=2.194
[regir_norefil] 5:53:34  313,157/1,000,000  14.8/s  upd=6981  L=0.0341  D=2.194
[regir_norefil] 5:53:44  313,157/1,000,000  14.8/s  upd=6984  L=0.0385  D=2.194
[regir_norefil] 5:53:54  313,157/1,000,000  14.7/s  upd=6984  L=0.0385  D=2.194
[regir_norefil] 5:54:04  313,511/1,000,000  14.8/s  upd=6992  L=0.0369  D=2.194
[regir_norefil] 5:54:14  313,759/1,000,000  14.8/s  upd=6995  L=0.0648  D=2.194
[regir_norefil] 5:54:24  313,759/1,000,000  14.8/s  upd=7000  L=0.0308  D=2.194
[regir_norefil] 5:54:34  314,111/1,000,000  14.8/s  upd=7008  L=0.0374  D=2.194
[regir_norefil] 5:54:45  314,463/1,000,000  14.8/s  upd=7012  L=0.0462  D=2.194
[regir_norefil] 5:54:55  314,463/1,000,000  14.8/s  upd=7016  L=0.0551  D=2.194
[regir_norefil] 5:55:05  314,463/1,000,000  14.8/s  upd=7016  L=0.0551  D=2.194
[regir_norefil] 5:55:16  314,856/1,000,000  14.8/s  upd=7024  L=0.0354  D=2.194
[regir_norefil] 5:55:26  315,143/1,000,000  14.8/s  upd=7031  L=0.0262  D=2.194
[regir_norefil] 5:55:36  315,143/1,000,000  14.8/s  upd=7032  L=0.0273  D=2.194
[regir_norefil] 5:55:47  315,522/1,000,000  14.8/s  upd=7038  L=0.0249  D=2.194
[regir_norefil] 5:55:57  315,818/1,000,000  14.8/s  upd=7043  L=0.0291  D=2.194
[regir_norefil] 5:56:07  315,818/1,000,000  14.8/s  upd=7048  L=0.0573  D=2.194
[regir_norefil] 5:56:17  316,167/1,000,000  14.8/s  upd=7056  L=0.0366  D=2.194
[regir_norefil] 5:56:28  316,524/1,000,000  14.8/s  upd=7057  L=0.0457  D=2.194
[regir_norefil] 5:56:38  316,524/1,000,000  14.8/s  upd=7064  L=0.0329  D=2.194
[regir_norefil] 5:56:49  316,817/1,000,000  14.8/s  upd=7070  L=0.0282  D=2.194
[regir_norefil] 5:56:59  316,817/1,000,000  14.8/s  upd=7072  L=0.0378  D=2.194
[regir_norefil] 5:57:09  317,201/1,000,000  14.8/s  upd=7073  L=0.0302  D=2.194
[regir_norefil] 5:59:51  317,201/1,000,000  14.7/s  upd=7080  L=0.0278  D=2.194
[regir_norefil] 6:00:01  317,201/1,000,000  14.7/s  upd=7080  L=0.0278  D=2.194
[regir_norefil] 6:00:12  317,533/1,000,000  14.7/s  upd=7088  L=0.0501  D=2.194
[regir_norefil] 6:00:22  317,533/1,000,000  14.7/s  upd=7088  L=0.0501  D=2.194
[regir_norefil] 6:00:33  317,902/1,000,000  14.7/s  upd=7093  L=0.0338  D=2.194
[regir_norefil] 6:00:43  317,902/1,000,000  14.7/s  upd=7096  L=0.0356  D=2.194
[regir_norefil] 6:00:54  318,199/1,000,000  14.7/s  upd=7102  L=0.0292  D=2.194
[regir_norefil] 6:01:05  318,522/1,000,000  14.7/s  upd=7106  L=0.0421  D=2.194
[regir_norefil] 6:01:15  318,522/1,000,000  14.7/s  upd=7112  L=0.0246  D=2.194
[regir_norefil] 6:01:25  318,522/1,000,000  14.7/s  upd=7112  L=0.0246  D=2.194
[regir_norefil] 6:01:35  318,858/1,000,000  14.7/s  upd=7120  L=0.0305  D=2.194
[regir_norefil] 6:01:45  319,186/1,000,000  14.7/s  upd=7121  L=0.0249  D=2.194
[regir_norefil] 6:01:56  319,186/1,000,000  14.7/s  upd=7128  L=0.0468  D=2.194
[regir_norefil] 6:02:06  319,477/1,000,000  14.7/s  upd=7135  L=0.0347  D=2.194
[regir_norefil] 6:02:17  319,771/1,000,000  14.7/s  upd=7141  L=0.0705  D=2.194
[regir_norefil] 6:02:27  319,771/1,000,000  14.7/s  upd=7144  L=0.0652  D=2.194
[regir_norefil] 6:02:37  320,082/1,000,000  14.7/s  upd=7147  L=0.0443  D=2.194
[regir_norefil] saved resume t_env=320,082
[regir_norefil] 6:03:02  320,082/1,000,000  14.7/s  upd=7152  L=0.0316  ev=0/100  D=2.194
[regir_norefil] 6:03:12  320,082/1,000,000  14.7/s  upd=7152  L=0.0316  ev=8/100  D=2.194
[regir_norefil] 6:03:22  320,082/1,000,000  14.7/s  upd=7152  L=0.0316  ev=16/100  D=2.194
[regir_norefil] 6:03:32  320,082/1,000,000  14.7/s  upd=7152  L=0.0316  ev=24/100  D=2.194
[regir_norefil] 6:03:42  320,082/1,000,000  14.7/s  upd=7152  L=0.0316  ev=35/100  D=2.194
[regir_norefil] 6:03:52  320,082/1,000,000  14.7/s  upd=7152  L=0.0316  ev=41/100  D=2.194
[regir_norefil] 6:04:03  320,082/1,000,000  14.7/s  upd=7152  L=0.0316  ev=48/100  D=2.194
[regir_norefil] 6:04:13  320,082/1,000,000  14.6/s  upd=7152  L=0.0316  ev=55/100  D=2.194
[regir_norefil] 6:04:23  320,082/1,000,000  14.6/s  upd=7152  L=0.0316  ev=64/100  D=2.194
[regir_norefil] 6:04:33  320,082/1,000,000  14.6/s  upd=7152  L=0.0316  ev=67/100  D=2.194
[regir_norefil] 6:04:43  320,082/1,000,000  14.6/s  upd=7152  L=0.0316  ev=71/100  D=2.194
[regir_norefil] 6:04:53  320,082/1,000,000  14.6/s  upd=7152  L=0.0316  ev=72/100  D=2.194
[regir_norefil] 6:05:04  320,082/1,000,000  14.6/s  upd=7152  L=0.0316  ev=79/100  D=2.194
[regir_norefil] 6:05:14  320,082/1,000,000  14.6/s  upd=7152  L=0.0316  ev=79/100  D=2.194
[regir_norefil] 6:05:24  320,082/1,000,000  14.6/s  upd=7152  L=0.0316  ev=80/100  D=2.194
[regir_norefil] 6:05:34  320,082/1,000,000  14.6/s  upd=7152  L=0.0316  ev=88/100  D=2.194
[regir_norefil] 6:05:44  320,082/1,000,000  14.6/s  upd=7152  L=0.0316  ev=95/100  D=2.194
[regir_norefil] 6:05:55  320,082/1,000,000  14.6/s  upd=7152  L=0.0316  ev=96/100  D=2.194
[regir_norefil] 6:08:17  320,082/1,000,000  14.5/s  upd=7152  L=0.0316  D=2.617
[regir_norefil] 6:12:13  320,082/1,000,000  14.3/s  upd=7152  L=0.0316  D=2.617
[regir_norefil] 6:12:23  320,377/1,000,000  14.3/s  upd=7160  L=0.0308  D=2.617
[regir_norefil] 6:12:33  320,689/1,000,000  14.3/s  upd=7168  L=0.0342  D=2.617
[regir_norefil] 6:12:43  320,969/1,000,000  14.4/s  upd=7176  L=0.0458  D=2.617
[regir_norefil] 6:12:54  321,367/1,000,000  14.4/s  upd=7180  L=0.0316  D=2.617
[regir_norefil] saved resume t_env=321,367
[regir_norefil] 6:13:04  321,367/1,000,000  14.4/s  upd=7184  L=0.0351  D=2.617
[regir_norefil] 6:13:15  321,660/1,000,000  14.4/s  upd=7187  L=0.0358  D=2.617
[regir_norefil] 6:13:25  321,660/1,000,000  14.4/s  upd=7192  L=0.0343  D=2.617
[regir_norefil] 6:13:36  321,957/1,000,000  14.4/s  upd=7197  L=0.0325  D=2.617
[regir_norefil] 6:13:46  321,957/1,000,000  14.4/s  upd=7200  L=0.0496  D=2.617
[regir_norefil] 6:13:57  322,257/1,000,000  14.4/s  upd=7206  L=0.0431  D=2.617
[regir_norefil] 6:14:07  322,257/1,000,000  14.4/s  upd=7208  L=0.0438  D=2.617
[regir_norefil] 6:14:18  322,551/1,000,000  14.4/s  upd=7213  L=0.0422  D=2.617
[regir_norefil] 6:14:28  322,551/1,000,000  14.4/s  upd=7216  L=0.0392  D=2.617
[regir_norefil] 6:14:38  322,930/1,000,000  14.4/s  upd=7222  L=0.0546  D=2.617
[regir_norefil] 6:14:48  322,930/1,000,000  14.4/s  upd=7224  L=0.0593  D=2.617
[regir_norefil] 6:14:59  323,284/1,000,000  14.4/s  upd=7232  L=0.0312  D=2.617
[regir_norefil] 6:15:09  323,284/1,000,000  14.4/s  upd=7232  L=0.0312  D=2.617
[regir_norefil] 6:15:19  323,596/1,000,000  14.4/s  upd=7237  L=0.0329  D=2.617
[regir_norefil] 6:15:29  323,596/1,000,000  14.4/s  upd=7240  L=0.0377  D=2.617
[regir_norefil] 6:15:39  323,921/1,000,000  14.4/s  upd=7248  L=0.0420  D=2.617
[regir_norefil] 6:15:49  323,921/1,000,000  14.4/s  upd=7248  L=0.0420  D=2.617
[regir_norefil] 6:16:00  324,303/1,000,000  14.4/s  upd=7253  L=0.0392  D=2.617
[regir_norefil] 6:16:10  324,303/1,000,000  14.4/s  upd=7256  L=0.0414  D=2.617
[regir_norefil] 6:16:20  324,576/1,000,000  14.4/s  upd=7263  L=0.0316  D=2.617
[regir_norefil] 6:16:32  324,914/1,000,000  14.4/s  upd=7266  L=0.0429  D=2.617
[regir_norefil] 6:16:42  324,914/1,000,000  14.4/s  upd=7272  L=0.0460  D=2.617
[regir_norefil] 6:16:52  324,914/1,000,000  14.4/s  upd=7272  L=0.0460  D=2.617
[regir_norefil] 6:17:02  325,226/1,000,000  14.4/s  upd=7280  L=0.0291  D=2.617
[regir_norefil] 6:17:13  325,571/1,000,000  14.4/s  upd=7281  L=0.0280  D=2.617
[regir_norefil] 6:20:38  325,571/1,000,000  14.3/s  upd=7288  L=0.0321  D=2.617
[regir_norefil] 6:20:48  325,858/1,000,000  14.3/s  upd=7295  L=0.0411  D=2.617
[regir_norefil] 6:20:59  326,145/1,000,000  14.3/s  upd=7297  L=0.0323  D=2.617
[regir_norefil] 6:21:09  326,145/1,000,000  14.3/s  upd=7304  L=0.0380  D=2.617
[regir_norefil] 6:21:19  326,478/1,000,000  14.3/s  upd=7312  L=0.0313  D=2.617
[regir_norefil] 6:21:29  326,478/1,000,000  14.3/s  upd=7312  L=0.0313  D=2.617
[regir_norefil] 6:21:39  326,747/1,000,000  14.3/s  upd=7317  L=0.0292  D=2.617
[regir_norefil] 6:21:50  327,062/1,000,000  14.3/s  upd=7321  L=0.0274  D=2.617
[regir_norefil] 6:22:00  327,062/1,000,000  14.3/s  upd=7328  L=0.0305  D=2.617
[regir_norefil] 6:22:10  327,062/1,000,000  14.3/s  upd=7328  L=0.0305  D=2.617
[regir_norefil] 6:22:20  327,356/1,000,000  14.3/s  upd=7334  L=0.0485  D=2.617
[regir_norefil] 6:22:30  327,634/1,000,000  14.3/s  upd=7338  L=0.0374  D=2.617
[regir_norefil] 6:22:40  327,634/1,000,000  14.3/s  upd=7344  L=0.0418  D=2.617
[regir_norefil] 6:22:50  327,634/1,000,000  14.3/s  upd=7344  L=0.0418  D=2.617
[regir_norefil] 6:23:01  327,942/1,000,000  14.3/s  upd=7345  L=0.0405  D=2.617
[regir_norefil] saved resume t_env=327,942
[regir_norefil] 6:23:11  327,942/1,000,000  14.3/s  upd=7352  L=0.0205  D=2.617
[regir_norefil] 6:23:21  327,942/1,000,000  14.3/s  upd=7352  L=0.0205  D=2.617
[regir_norefil] 6:23:31  328,254/1,000,000  14.3/s  upd=7357  L=0.0419  D=2.617
[regir_norefil] 6:23:42  328,540/1,000,000  14.3/s  upd=7361  L=0.0375  D=2.617
[regir_norefil] 6:23:52  328,540/1,000,000  14.3/s  upd=7368  L=0.0388  D=2.617
[regir_norefil] 6:24:02  328,540/1,000,000  14.3/s  upd=7368  L=0.0388  D=2.617
[regir_norefil] 6:24:12  328,906/1,000,000  14.3/s  upd=7370  L=0.0288  D=2.617
[regir_norefil] 6:24:22  328,906/1,000,000  14.3/s  upd=7376  L=0.0427  D=2.617
[regir_norefil] 6:24:32  329,204/1,000,000  14.3/s  upd=7380  L=0.0237  D=2.617
[regir_norefil] 6:24:42  329,204/1,000,000  14.3/s  upd=7384  L=0.0377  D=2.617
[regir_norefil] 6:24:53  329,444/1,000,000  14.3/s  upd=7392  L=0.0334  D=2.617
[regir_norefil] 6:25:03  329,728/1,000,000  14.3/s  upd=7398  L=0.0576  D=2.617
[regir_norefil] 6:25:13  329,728/1,000,000  14.3/s  upd=7400  L=0.0359  D=2.617
[regir_norefil] 6:25:24  329,988/1,000,000  14.3/s  upd=7404  L=0.0384  D=2.617
[regir_norefil] 6:25:34  329,988/1,000,000  14.3/s  upd=7408  L=0.0428  D=2.617
[regir_norefil] 6:29:09  330,279/1,000,000  14.1/s  upd=7416  L=0.0367  D=2.617
[regir_norefil] 6:29:20  330,279/1,000,000  14.1/s  upd=7416  L=0.0367  D=2.617
[regir_norefil] 6:29:30  330,566/1,000,000  14.1/s  upd=7424  L=0.0338  D=2.617
[regir_norefil] 6:29:40  330,866/1,000,000  14.2/s  upd=7430  L=0.0363  D=2.617
[regir_norefil] 6:29:50  330,866/1,000,000  14.1/s  upd=7432  L=0.0323  D=2.617
[regir_norefil] 6:30:00  331,129/1,000,000  14.2/s  upd=7438  L=0.0332  D=2.617
[regir_norefil] 6:30:10  331,129/1,000,000  14.1/s  upd=7440  L=0.0304  D=2.617
[regir_norefil] 6:30:22  331,477/1,000,000  14.2/s  upd=7447  L=0.0384  D=2.617
[regir_norefil] 6:30:32  331,775/1,000,000  14.2/s  upd=7452  L=0.0437  D=2.617
[regir_norefil] 6:30:42  331,775/1,000,000  14.2/s  upd=7456  L=0.0300  D=2.617
[regir_norefil] 6:30:52  331,775/1,000,000  14.1/s  upd=7456  L=0.0300  D=2.617
[regir_norefil] 6:31:02  332,066/1,000,000  14.2/s  upd=7464  L=0.0284  D=2.617
[regir_norefil] 6:31:13  332,066/1,000,000  14.1/s  upd=7464  L=0.0284  D=2.617
[regir_norefil] 6:31:23  332,371/1,000,000  14.2/s  upd=7470  L=0.0362  D=2.617
[regir_norefil] 6:31:33  332,371/1,000,000  14.1/s  upd=7472  L=0.0455  D=2.617
[regir_norefil] 6:31:44  332,663/1,000,000  14.2/s  upd=7478  L=0.0383  D=2.617
[regir_norefil] 6:31:54  332,663/1,000,000  14.1/s  upd=7480  L=0.0410  D=2.617
[regir_norefil] 6:32:04  332,663/1,000,000  14.1/s  upd=7480  L=0.0410  D=2.617
[regir_norefil] 6:32:15  333,004/1,000,000  14.1/s  upd=7485  L=0.0366  D=2.617
[regir_norefil] 6:32:26  333,004/1,000,000  14.1/s  upd=7488  L=0.0285  D=2.617
[regir_norefil] 6:32:36  333,004/1,000,000  14.1/s  upd=7488  L=0.0285  D=2.617
[regir_norefil] 6:32:46  333,319/1,000,000  14.1/s  upd=7495  L=0.0392  D=2.617
[regir_norefil] 6:32:56  333,319/1,000,000  14.1/s  upd=7496  L=0.0468  D=2.617
[regir_norefil] 6:33:06  333,646/1,000,000  14.1/s  upd=7502  L=0.0469  D=2.617
[regir_norefil] 6:33:16  333,646/1,000,000  14.1/s  upd=7504  L=0.0478  D=2.617
[regir_norefil] 6:33:27  333,947/1,000,000  14.1/s  upd=7510  L=0.0275  D=2.617
[regir_norefil] saved resume t_env=333,947
[regir_norefil] 6:33:37  333,947/1,000,000  14.1/s  upd=7512  L=0.0358  D=2.617
[regir_norefil] 6:33:47  334,264/1,000,000  14.1/s  upd=7513  L=0.0415  D=2.617
[regir_norefil] 6:33:57  334,264/1,000,000  14.1/s  upd=7520  L=0.0438  D=2.617
[regir_norefil] 6:34:08  334,264/1,000,000  14.1/s  upd=7520  L=0.0438  D=2.617
[regir_norefil] 6:37:09  334,584/1,000,000  14.0/s  upd=7528  L=0.0443  D=2.617
[regir_norefil] 6:37:19  334,901/1,000,000  14.0/s  upd=7536  L=0.0380  D=2.617
[regir_norefil] 6:37:30  335,227/1,000,000  14.1/s  upd=7540  L=0.0405  D=2.617
[regir_norefil] 6:37:40  335,227/1,000,000  14.0/s  upd=7544  L=0.0351  D=2.617
[regir_norefil] 6:37:50  335,227/1,000,000  14.0/s  upd=7544  L=0.0351  D=2.617
[regir_norefil] 6:38:00  335,581/1,000,000  14.1/s  upd=7552  L=0.0326  D=2.617
[regir_norefil] 6:38:11  335,863/1,000,000  14.1/s  upd=7556  L=0.0286  D=2.617
[regir_norefil] 6:38:21  335,863/1,000,000  14.1/s  upd=7560  L=0.0368  D=2.617
[regir_norefil] 6:38:31  336,193/1,000,000  14.1/s  upd=7563  L=0.0305  D=2.617
[regir_norefil] 6:38:41  336,193/1,000,000  14.1/s  upd=7568  L=0.0389  D=2.617
[regir_norefil] 6:38:51  336,463/1,000,000  14.1/s  upd=7576  L=0.0439  D=2.617
[regir_norefil] 6:39:02  336,815/1,000,000  14.1/s  upd=7579  L=0.0307  D=2.617
[regir_norefil] 6:39:12  337,098/1,000,000  14.1/s  upd=7585  L=0.0344  D=2.617
[regir_norefil] 6:39:22  337,098/1,000,000  14.1/s  upd=7592  L=0.0320  D=2.617
[regir_norefil] 6:39:33  337,406/1,000,000  14.1/s  upd=7596  L=0.0383  D=2.617
[regir_norefil] 6:39:43  337,406/1,000,000  14.1/s  upd=7600  L=0.0416  D=2.617
[regir_norefil] 6:39:53  337,699/1,000,000  14.1/s  upd=7603  L=0.0402  D=2.617
[regir_norefil] 6:40:04  337,699/1,000,000  14.1/s  upd=7608  L=0.0416  D=2.617
[regir_norefil] 6:40:14  337,967/1,000,000  14.1/s  upd=7615  L=0.0415  D=2.617
[regir_norefil] 6:40:25  338,237/1,000,000  14.1/s  upd=7618  L=0.0347  D=2.617
[regir_norefil] 6:40:35  338,237/1,000,000  14.1/s  upd=7624  L=0.0379  D=2.617
[regir_norefil] 6:40:45  338,490/1,000,000  14.1/s  upd=7625  L=0.0305  D=2.617
[regir_norefil] 6:40:55  338,490/1,000,000  14.1/s  upd=7632  L=0.0284  D=2.617
[regir_norefil] 6:41:06  338,780/1,000,000  14.1/s  upd=7636  L=0.0281  D=2.617
[regir_norefil] 6:41:16  338,780/1,000,000  14.1/s  upd=7640  L=0.0255  D=2.617
[regir_norefil] 6:41:26  339,081/1,000,000  14.1/s  upd=7648  L=0.0289  D=2.617
[regir_norefil] 6:41:36  339,081/1,000,000  14.1/s  upd=7648  L=0.0289  D=2.617
[regir_norefil] 6:41:46  339,419/1,000,000  14.1/s  upd=7656  L=0.0269  D=2.617
[regir_norefil] 6:41:57  339,702/1,000,000  14.1/s  upd=7660  L=0.0303  D=2.617
[regir_norefil] 6:42:07  339,702/1,000,000  14.1/s  upd=7664  L=0.0267  D=2.617
[regir_norefil] 6:42:18  339,953/1,000,000  14.1/s  upd=7667  L=0.0359  D=2.617
[regir_norefil] 6:46:18  339,953/1,000,000  13.9/s  upd=7672  L=0.0918  D=2.617
[regir_norefil] 6:46:29  340,238/1,000,000  14.0/s  upd=7676  L=0.0316  D=2.617
[regir_norefil] saved resume t_env=340,238
[regir_norefil] 6:46:56  340,238/1,000,000  13.9/s  upd=7680  L=0.0247  ev=0/100  D=2.617
[regir_norefil] 6:47:06  340,238/1,000,000  13.9/s  upd=7680  L=0.0247  ev=8/100  D=2.617
[regir_norefil] 6:47:16  340,238/1,000,000  13.9/s  upd=7680  L=0.0247  ev=22/100  D=2.617
[regir_norefil] 6:47:26  340,238/1,000,000  13.9/s  upd=7680  L=0.0247  ev=32/100  D=2.617
[regir_norefil] 6:47:36  340,238/1,000,000  13.9/s  upd=7680  L=0.0247  ev=39/100  D=2.617
[regir_norefil] 6:47:46  340,238/1,000,000  13.9/s  upd=7680  L=0.0247  ev=44/100  D=2.617
[regir_norefil] 6:47:57  340,238/1,000,000  13.9/s  upd=7680  L=0.0247  ev=55/100  D=2.617
[regir_norefil] 6:48:07  340,238/1,000,000  13.9/s  upd=7680  L=0.0247  ev=56/100  D=2.617
[regir_norefil] 6:48:17  340,238/1,000,000  13.9/s  upd=7680  L=0.0247  ev=63/100  D=2.617
[regir_norefil] 6:48:27  340,238/1,000,000  13.9/s  upd=7680  L=0.0247  ev=64/100  D=2.617
[regir_norefil] 6:48:37  340,238/1,000,000  13.9/s  upd=7680  L=0.0247  ev=71/100  D=2.617
[regir_norefil] 6:48:47  340,238/1,000,000  13.9/s  upd=7680  L=0.0247  ev=79/100  D=2.617
[regir_norefil] 6:48:57  340,238/1,000,000  13.9/s  upd=7680  L=0.0247  ev=80/100  D=2.617
[regir_norefil] 6:49:07  340,238/1,000,000  13.9/s  upd=7680  L=0.0247  ev=86/100  D=2.617
[regir_norefil] 6:49:17  340,238/1,000,000  13.9/s  upd=7680  L=0.0247  ev=88/100  D=2.617
[regir_norefil] 6:49:28  340,238/1,000,000  13.8/s  upd=7680  L=0.0247  ev=96/100  D=2.617
[regir_norefil] 6:51:58  340,238/1,000,000  13.8/s  upd=7680  L=0.0247  D=1.303
[regir_norefil] 6:54:49  340,238/1,000,000  13.7/s  upd=7680  L=0.0247  D=1.303
[regir_norefil] 6:55:00  340,544/1,000,000  13.7/s  upd=7685  L=0.0317  D=1.303
[regir_norefil] 6:55:10  340,837/1,000,000  13.7/s  upd=7692  L=0.0400  D=1.303
[regir_norefil] 6:55:20  340,837/1,000,000  13.7/s  upd=7696  L=0.0293  D=1.303
[regir_norefil] 6:55:31  341,087/1,000,000  13.7/s  upd=7704  L=0.0222  D=1.303
[regir_norefil] 6:55:41  341,413/1,000,000  13.7/s  upd=7708  L=0.0283  D=1.303
[regir_norefil] 6:55:51  341,413/1,000,000  13.7/s  upd=7712  L=0.0392  D=1.303
[regir_norefil] 6:56:01  341,824/1,000,000  13.7/s  upd=7719  L=0.0193  D=1.303
[regir_norefil] 6:56:11  341,824/1,000,000  13.7/s  upd=7720  L=0.0330  D=1.303
[regir_norefil] 6:56:22  342,093/1,000,000  13.7/s  upd=7727  L=0.0233  D=1.303
[regir_norefil] 6:56:32  342,093/1,000,000  13.7/s  upd=7728  L=0.0441  D=1.303
[regir_norefil] 6:56:42  342,416/1,000,000  13.7/s  upd=7736  L=0.0321  D=1.303
[regir_norefil] saved resume t_env=342,416
[regir_norefil] 6:56:52  342,416/1,000,000  13.7/s  upd=7736  L=0.0321  D=1.303
[regir_norefil] 6:57:04  342,707/1,000,000  13.7/s  upd=7739  L=0.0303  D=1.303
[regir_norefil] 6:57:14  342,707/1,000,000  13.7/s  upd=7744  L=0.0373  D=1.303
[regir_norefil] 6:57:24  343,004/1,000,000  13.7/s  upd=7750  L=0.0354  D=1.303
[regir_norefil] 6:57:35  343,004/1,000,000  13.7/s  upd=7752  L=0.0279  D=1.303
[regir_norefil] 6:57:45  343,314/1,000,000  13.7/s  upd=7759  L=0.0394  D=1.303
[regir_norefil] 6:57:56  343,555/1,000,000  13.7/s  upd=7761  L=0.0321  D=1.303
[regir_norefil] 6:58:06  343,555/1,000,000  13.7/s  upd=7768  L=0.0230  D=1.303
[regir_norefil] 6:58:16  343,555/1,000,000  13.7/s  upd=7768  L=0.0230  D=1.303
[regir_norefil] 6:58:26  343,887/1,000,000  13.7/s  upd=7776  L=0.0386  D=1.303
[regir_norefil] 6:58:36  344,157/1,000,000  13.7/s  upd=7778  L=0.0526  D=1.303
[regir_norefil] 6:58:46  344,157/1,000,000  13.7/s  upd=7784  L=0.0368  D=1.303
[regir_norefil] 6:58:57  344,441/1,000,000  13.7/s  upd=7789  L=0.0231  D=1.303
[regir_norefil] 6:59:07  344,441/1,000,000  13.7/s  upd=7792  L=0.0330  D=1.303
[regir_norefil] 6:59:17  344,702/1,000,000  13.7/s  upd=7795  L=0.0309  D=1.303
[regir_norefil] 6:59:28  344,702/1,000,000  13.7/s  upd=7800  L=0.0326  D=1.303
[regir_norefil] 6:59:39  345,019/1,000,000  13.7/s  upd=7807  L=0.0272  D=1.303
[regir_norefil] 6:59:50  345,282/1,000,000  13.7/s  upd=7809  L=0.0450  D=1.303
[regir_norefil] 7:02:52  345,282/1,000,000  13.6/s  upd=7816  L=0.0331  D=1.303
[regir_norefil] 7:03:03  345,598/1,000,000  13.6/s  upd=7817  L=0.0308  D=1.303
[regir_norefil] 7:03:13  345,598/1,000,000  13.6/s  upd=7824  L=0.0362  D=1.303
[regir_norefil] 7:03:23  345,868/1,000,000  13.6/s  upd=7826  L=0.0255  D=1.303
[regir_norefil] 7:03:33  345,868/1,000,000  13.6/s  upd=7832  L=0.0270  D=1.303
[regir_norefil] 7:03:43  346,182/1,000,000  13.6/s  upd=7834  L=0.0401  D=1.303
[regir_norefil] 7:03:54  346,182/1,000,000  13.6/s  upd=7840  L=0.0221  D=1.303
[regir_norefil] 7:04:04  346,541/1,000,000  13.6/s  upd=7842  L=0.0425  D=1.303
[regir_norefil] 7:04:14  346,541/1,000,000  13.6/s  upd=7848  L=0.0385  D=1.303
[regir_norefil] 7:04:25  346,866/1,000,000  13.6/s  upd=7851  L=0.0242  D=1.303
[regir_norefil] 7:04:35  346,866/1,000,000  13.6/s  upd=7856  L=0.0395  D=1.303
[regir_norefil] 7:04:45  347,201/1,000,000  13.6/s  upd=7861  L=0.0361  D=1.303
[regir_norefil] 7:04:55  347,201/1,000,000  13.6/s  upd=7864  L=0.0441  D=1.303
[regir_norefil] 7:05:05  347,474/1,000,000  13.6/s  upd=7872  L=0.0331  D=1.303
[regir_norefil] 7:05:16  347,767/1,000,000  13.6/s  upd=7878  L=0.0243  D=1.303
[regir_norefil] 7:05:26  347,767/1,000,000  13.6/s  upd=7880  L=0.0271  D=1.303
[regir_norefil] 7:05:37  348,098/1,000,000  13.6/s  upd=7888  L=0.0414  D=1.303
[regir_norefil] 7:05:47  348,389/1,000,000  13.6/s  upd=7892  L=0.0246  D=1.303
[regir_norefil] 7:05:57  348,389/1,000,000  13.6/s  upd=7896  L=0.0278  D=1.303
[regir_norefil] 7:06:07  348,646/1,000,000  13.6/s  upd=7904  L=0.0438  D=1.303
[regir_norefil] 7:06:19  348,911/1,000,000  13.6/s  upd=7910  L=0.0241  D=1.303
[regir_norefil] 7:06:29  349,200/1,000,000  13.6/s  upd=7914  L=0.0337  D=1.303
[regir_norefil] 7:06:39  349,200/1,000,000  13.6/s  upd=7920  L=0.0350  D=1.303
[regir_norefil] saved resume t_env=349,461
[regir_norefil] 7:06:52  349,461/1,000,000  13.6/s  upd=7928  L=0.0363  D=1.303
[regir_norefil] 7:07:02  349,767/1,000,000  13.7/s  upd=7936  L=0.0393  D=1.303
[regir_norefil] 7:07:12  350,040/1,000,000  13.7/s  upd=7938  L=0.0392  D=1.303
[regir_norefil] 7:07:22  350,040/1,000,000  13.7/s  upd=7944  L=0.0295  D=1.303
[regir_norefil] 7:07:33  350,344/1,000,000  13.7/s  upd=7952  L=0.0261  D=1.303
[regir_norefil] 7:07:43  350,670/1,000,000  13.7/s  upd=7953  L=0.0270  D=1.303
[regir_norefil] 7:07:54  350,670/1,000,000  13.7/s  upd=7960  L=0.0256  D=1.303
[regir_norefil] 7:08:04  350,942/1,000,000  13.7/s  upd=7966  L=0.0271  D=1.303
[regir_norefil] 7:10:53  350,942/1,000,000  13.6/s  upd=7968  L=0.0416  D=1.303
[regir_norefil] 7:11:03  350,942/1,000,000  13.6/s  upd=7968  L=0.0416  D=1.303
[regir_norefil] 7:11:13  351,232/1,000,000  13.6/s  upd=7976  L=0.0631  D=1.303
[regir_norefil] 7:11:23  351,515/1,000,000  13.6/s  upd=7984  L=0.0367  D=1.303
[regir_norefil] 7:11:34  351,812/1,000,000  13.6/s  upd=7986  L=0.0355  D=1.303
[regir_norefil] 7:11:44  351,812/1,000,000  13.6/s  upd=7992  L=0.0452  D=1.303
[regir_norefil] 7:11:54  352,103/1,000,000  13.6/s  upd=8000  L=0.0362  D=1.303
[regir_norefil] 7:12:04  352,392/1,000,000  13.6/s  upd=8005  L=0.0411  D=1.303
[regir_norefil] 7:12:15  352,763/1,000,000  13.6/s  upd=8010  L=0.0407  D=1.303
[regir_norefil] 7:12:25  352,763/1,000,000  13.6/s  upd=8016  L=0.0283  D=1.303
[regir_norefil] 7:12:35  353,065/1,000,000  13.6/s  upd=8024  L=0.0202  D=1.303
[regir_norefil] 7:12:45  353,405/1,000,000  13.6/s  upd=8025  L=0.0342  D=1.303
[regir_norefil] 7:12:55  353,405/1,000,000  13.6/s  upd=8032  L=0.0495  D=1.303
[regir_norefil] 7:13:06  353,654/1,000,000  13.6/s  upd=8040  L=0.0459  D=1.303
[regir_norefil] 7:13:17  353,943/1,000,000  13.6/s  upd=8046  L=0.0361  D=1.303
[regir_norefil] 7:13:27  353,943/1,000,000  13.6/s  upd=8048  L=0.0352  D=1.303
[regir_norefil] 7:13:38  354,315/1,000,000  13.6/s  upd=8055  L=0.0275  D=1.303
[regir_norefil] 7:13:49  354,613/1,000,000  13.6/s  upd=8058  L=0.0416  D=1.303
[regir_norefil] 7:13:59  354,613/1,000,000  13.6/s  upd=8064  L=0.0242  D=1.303
[regir_norefil] 7:14:09  354,928/1,000,000  13.6/s  upd=8072  L=0.0345  D=1.303
[regir_norefil] 7:14:20  355,248/1,000,000  13.6/s  upd=8076  L=0.0321  D=1.303
[regir_norefil] 7:14:30  355,565/1,000,000  13.6/s  upd=8081  L=0.0381  D=1.303
[regir_norefil] 7:14:40  355,565/1,000,000  13.6/s  upd=8088  L=0.0295  D=1.303
[regir_norefil] 7:14:51  355,879/1,000,000  13.6/s  upd=8095  L=0.0388  D=1.303
[regir_norefil] 7:15:01  356,228/1,000,000  13.6/s  upd=8097  L=0.0469  D=1.303
[regir_norefil] 7:15:11  356,228/1,000,000  13.6/s  upd=8104  L=0.0276  D=1.303
[regir_norefil] 7:15:21  356,544/1,000,000  13.6/s  upd=8112  L=0.0312  D=1.303
[regir_norefil] 7:15:32  356,834/1,000,000  13.7/s  upd=8120  L=0.0320  D=1.303
[regir_norefil] 7:15:42  356,834/1,000,000  13.6/s  upd=8120  L=0.0320  D=1.303
[regir_norefil] 7:15:53  357,206/1,000,000  13.7/s  upd=8127  L=0.0251  D=1.303
[regir_norefil] 7:19:28  357,206/1,000,000  13.5/s  upd=8128  L=0.0307  D=1.303
[regir_norefil] 7:19:38  357,206/1,000,000  13.5/s  upd=8128  L=0.0307  D=1.303
[regir_norefil] saved resume t_env=357,495
[regir_norefil] 7:19:50  357,495/1,000,000  13.5/s  upd=8136  L=0.0486  D=1.303
[regir_norefil] 7:20:00  357,495/1,000,000  13.5/s  upd=8136  L=0.0486  D=1.303
[regir_norefil] 7:20:11  357,813/1,000,000  13.5/s  upd=8141  L=0.0373  D=1.303
[regir_norefil] 7:20:21  357,813/1,000,000  13.5/s  upd=8144  L=0.0364  D=1.303
[regir_norefil] 7:20:32  358,100/1,000,000  13.5/s  upd=8152  L=0.0291  D=1.303
[regir_norefil] 7:20:43  358,392/1,000,000  13.6/s  upd=8154  L=0.0307  D=1.303
[regir_norefil] 7:20:54  358,392/1,000,000  13.5/s  upd=8160  L=0.0372  D=1.303
[regir_norefil] 7:21:04  358,696/1,000,000  13.6/s  upd=8161  L=0.0245  D=1.303
[regir_norefil] 7:21:14  358,696/1,000,000  13.5/s  upd=8168  L=0.0603  D=1.303
[regir_norefil] 7:21:24  358,696/1,000,000  13.5/s  upd=8168  L=0.0603  D=1.303
[regir_norefil] 7:21:35  359,006/1,000,000  13.5/s  upd=8173  L=0.0274  D=1.303
[regir_norefil] 7:21:45  359,006/1,000,000  13.5/s  upd=8176  L=0.0254  D=1.303
[regir_norefil] 7:21:55  359,324/1,000,000  13.6/s  upd=8184  L=0.0511  D=1.303
[regir_norefil] 7:22:06  359,624/1,000,000  13.6/s  upd=8190  L=0.0330  D=1.303
[regir_norefil] 7:22:16  359,624/1,000,000  13.6/s  upd=8192  L=0.0328  D=1.303
[regir_norefil] 7:22:26  359,957/1,000,000  13.6/s  upd=8200  L=0.0248  D=1.303
[regir_norefil] 7:22:38  360,257/1,000,000  13.6/s  upd=8206  L=0.0327  D=1.303
[regir_norefil] saved resume t_env=360,257
[regir_norefil] 7:23:00  360,257/1,000,000  13.6/s  upd=8208  L=0.0283  ev=0/100  D=1.303
[regir_norefil] 7:23:10  360,257/1,000,000  13.5/s  upd=8208  L=0.0283  ev=8/100  D=1.303
[regir_norefil] 7:23:20  360,257/1,000,000  13.5/s  upd=8208  L=0.0283  ev=15/100  D=1.303
[regir_norefil] 7:23:31  360,257/1,000,000  13.5/s  upd=8208  L=0.0283  ev=17/100  D=1.303
[regir_norefil] 7:23:41  360,257/1,000,000  13.5/s  upd=8208  L=0.0283  ev=26/100  D=1.303
[regir_norefil] 7:23:51  360,257/1,000,000  13.5/s  upd=8208  L=0.0283  ev=31/100  D=1.303
[regir_norefil] 7:24:01  360,257/1,000,000  13.5/s  upd=8208  L=0.0283  ev=33/100  D=1.303
[regir_norefil] 7:24:11  360,257/1,000,000  13.5/s  upd=8208  L=0.0283  ev=48/100  D=1.303
[regir_norefil] 7:24:21  360,257/1,000,000  13.5/s  upd=8208  L=0.0283  ev=52/100  D=1.303
[regir_norefil] 7:24:31  360,257/1,000,000  13.5/s  upd=8208  L=0.0283  ev=56/100  D=1.303
[regir_norefil] 7:24:42  360,257/1,000,000  13.5/s  upd=8208  L=0.0283  ev=62/100  D=1.303
[regir_norefil] 7:24:52  360,257/1,000,000  13.5/s  upd=8208  L=0.0283  ev=63/100  D=1.303
[regir_norefil] 7:25:02  360,257/1,000,000  13.5/s  upd=8208  L=0.0283  ev=66/100  D=1.303
[regir_norefil] 7:25:12  360,257/1,000,000  13.5/s  upd=8208  L=0.0283  ev=72/100  D=1.303
[regir_norefil] 7:25:22  360,257/1,000,000  13.5/s  upd=8208  L=0.0283  ev=77/100  D=1.303
[regir_norefil] 7:25:32  360,257/1,000,000  13.5/s  upd=8208  L=0.0283  ev=81/100  D=1.303
[regir_norefil] 7:25:43  360,257/1,000,000  13.5/s  upd=8208  L=0.0283  ev=88/100  D=1.303
[regir_norefil] 7:25:53  360,257/1,000,000  13.5/s  upd=8208  L=0.0283  ev=93/100  D=1.303
[regir_norefil] 7:26:03  360,257/1,000,000  13.5/s  upd=8208  L=0.0283  ev=95/100  D=1.303
[regir_norefil] 7:26:13  360,257/1,000,000  13.5/s  upd=8208  L=0.0283  ev=99/100  D=1.303
[regir_norefil] 7:28:06  360,257/1,000,000  13.4/s  upd=8208  L=0.0283  D=1.710
[regir_norefil] 7:31:00  360,257/1,000,000  13.3/s  upd=8208  L=0.0283  D=1.710
[regir_norefil] 7:31:10  360,609/1,000,000  13.3/s  upd=8210  L=0.0477  D=1.710
[regir_norefil] 7:31:20  360,609/1,000,000  13.3/s  upd=8216  L=0.0253  D=1.710
[regir_norefil] 7:31:31  360,915/1,000,000  13.3/s  upd=8224  L=0.0305  D=1.710
[regir_norefil] 7:31:41  361,209/1,000,000  13.3/s  upd=8230  L=0.0300  D=1.710
[regir_norefil] 7:31:51  361,549/1,000,000  13.3/s  upd=8234  L=0.0252  D=1.710
[regir_norefil] 7:32:01  361,549/1,000,000  13.3/s  upd=8240  L=0.0279  D=1.710
[regir_norefil] 7:32:11  361,816/1,000,000  13.3/s  upd=8248  L=0.0393  D=1.710
[regir_norefil] 7:32:22  362,091/1,000,000  13.3/s  upd=8252  L=0.0450  D=1.710
[regir_norefil] 7:32:32  362,091/1,000,000  13.3/s  upd=8256  L=0.0267  D=1.710
[regir_norefil] 7:32:43  362,437/1,000,000  13.3/s  upd=8262  L=0.0340  D=1.710
[regir_norefil] saved resume t_env=362,437
[regir_norefil] 7:32:53  362,437/1,000,000  13.3/s  upd=8264  L=0.0306  D=1.710
[regir_norefil] 7:33:03  362,723/1,000,000  13.3/s  upd=8272  L=0.0342  D=1.710
[regir_norefil] 7:33:13  363,042/1,000,000  13.4/s  upd=8276  L=0.0227  D=1.710
[regir_norefil] 7:33:23  363,042/1,000,000  13.3/s  upd=8280  L=0.0249  D=1.710
[regir_norefil] 7:33:34  363,342/1,000,000  13.4/s  upd=8287  L=0.0267  D=1.710
[regir_norefil] 7:33:45  363,685/1,000,000  13.4/s  upd=8294  L=0.0449  D=1.710
[regir_norefil] 7:33:55  363,966/1,000,000  13.4/s  upd=8298  L=0.0395  D=1.710
[regir_norefil] 7:34:05  363,966/1,000,000  13.4/s  upd=8304  L=0.0341  D=1.710
[regir_norefil] 7:34:15  364,295/1,000,000  13.4/s  upd=8312  L=0.0355  D=1.710
[regir_norefil] 7:34:26  364,620/1,000,000  13.4/s  upd=8316  L=0.0310  D=1.710
[regir_norefil] 7:34:36  364,620/1,000,000  13.4/s  upd=8320  L=0.0285  D=1.710
[regir_norefil] 7:34:47  364,942/1,000,000  13.4/s  upd=8327  L=0.0499  D=1.710
[regir_norefil] 7:34:57  365,248/1,000,000  13.4/s  upd=8332  L=0.0456  D=1.710
[regir_norefil] 7:35:07  365,248/1,000,000  13.4/s  upd=8336  L=0.0367  D=1.710
[regir_norefil] 7:35:17  365,531/1,000,000  13.4/s  upd=8344  L=0.0250  D=1.710
[regir_norefil] 7:35:27  365,828/1,000,000  13.4/s  upd=8350  L=0.0263  D=1.710
[regir_norefil] 7:35:38  366,159/1,000,000  13.4/s  upd=8354  L=0.0246  D=1.710
[regir_norefil] 7:35:48  366,159/1,000,000  13.4/s  upd=8360  L=0.0297  D=1.710
[regir_norefil] 7:35:58  366,484/1,000,000  13.4/s  upd=8365  L=0.0278  D=1.710
[regir_norefil] 7:39:03  366,484/1,000,000  13.3/s  upd=8368  L=0.0299  D=1.710
[regir_norefil] 7:39:13  366,484/1,000,000  13.3/s  upd=8368  L=0.0299  D=1.710
[regir_norefil] 7:39:23  366,819/1,000,000  13.3/s  upd=8376  L=0.0406  D=1.710
[regir_norefil] 7:39:33  366,819/1,000,000  13.3/s  upd=8376  L=0.0406  D=1.710
[regir_norefil] 7:39:43  367,139/1,000,000  13.3/s  upd=8383  L=0.0349  D=1.710
[regir_norefil] 7:39:54  367,532/1,000,000  13.3/s  upd=8385  L=0.0299  D=1.710
[regir_norefil] 7:40:04  367,532/1,000,000  13.3/s  upd=8392  L=0.0366  D=1.710
[regir_norefil] 7:40:14  367,805/1,000,000  13.3/s  upd=8396  L=0.0292  D=1.710
[regir_norefil] 7:40:24  367,805/1,000,000  13.3/s  upd=8400  L=0.0348  D=1.710
[regir_norefil] 7:40:35  368,125/1,000,000  13.3/s  upd=8408  L=0.0296  D=1.710
[regir_norefil] 7:40:45  368,125/1,000,000  13.3/s  upd=8408  L=0.0296  D=1.710
[regir_norefil] 7:40:55  368,434/1,000,000  13.3/s  upd=8416  L=0.0272  D=1.710
[regir_norefil] 7:41:05  368,434/1,000,000  13.3/s  upd=8416  L=0.0272  D=1.710
[regir_norefil] 7:41:15  368,434/1,000,000  13.3/s  upd=8416  L=0.0272  D=1.710
[regir_norefil] 7:41:26  368,792/1,000,000  13.3/s  upd=8421  L=0.0412  D=1.710
[regir_norefil] 7:41:36  368,792/1,000,000  13.3/s  upd=8424  L=0.0337  D=1.710
[regir_norefil] 7:41:46  369,116/1,000,000  13.3/s  upd=8432  L=0.0325  D=1.710
[regir_norefil] 7:41:57  369,116/1,000,000  13.3/s  upd=8432  L=0.0325  D=1.710
[regir_norefil] 7:42:07  369,401/1,000,000  13.3/s  upd=8439  L=0.0376  D=1.710
[regir_norefil] 7:42:17  369,401/1,000,000  13.3/s  upd=8440  L=0.0470  D=1.710
[regir_norefil] 7:42:28  369,736/1,000,000  13.3/s  upd=8445  L=0.0328  D=1.710
[regir_norefil] 7:42:38  370,022/1,000,000  13.3/s  upd=8449  L=0.0297  D=1.710
[regir_norefil] 7:42:48  370,022/1,000,000  13.3/s  upd=8456  L=0.0304  D=1.710
[regir_norefil] 7:42:59  370,332/1,000,000  13.3/s  upd=8463  L=0.0271  D=1.710
[regir_norefil] saved resume t_env=370,332
[regir_norefil] 7:43:09  370,332/1,000,000  13.3/s  upd=8464  L=0.0244  D=1.710
[regir_norefil] 7:43:19  370,661/1,000,000  13.3/s  upd=8472  L=0.0320  D=1.710
[regir_norefil] 7:43:30  370,940/1,000,000  13.3/s  upd=8477  L=0.0270  D=1.710
[regir_norefil] 7:43:40  370,940/1,000,000  13.3/s  upd=8480  L=0.0317  D=1.710
[regir_norefil] 7:43:50  371,282/1,000,000  13.3/s  upd=8488  L=0.0294  D=1.710
[regir_norefil] 7:44:00  371,587/1,000,000  13.3/s  upd=8490  L=0.0272  D=1.710
[regir_norefil] 7:47:40  371,587/1,000,000  13.2/s  upd=8496  L=0.0273  D=1.710
[regir_norefil] 7:47:50  371,587/1,000,000  13.2/s  upd=8496  L=0.0273  D=1.710
[regir_norefil] 7:48:01  371,867/1,000,000  13.2/s  upd=8504  L=0.0397  D=1.710
[regir_norefil] 7:48:11  372,197/1,000,000  13.2/s  upd=8509  L=0.0337  D=1.710
[regir_norefil] 7:48:22  372,197/1,000,000  13.2/s  upd=8512  L=0.0340  D=1.710
[regir_norefil] 7:48:32  372,498/1,000,000  13.3/s  upd=8515  L=0.0286  D=1.710
[regir_norefil] 7:48:42  372,498/1,000,000  13.2/s  upd=8520  L=0.0257  D=1.710
[regir_norefil] 7:48:52  372,776/1,000,000  13.3/s  upd=8528  L=0.0318  D=1.710
[regir_norefil] 7:49:02  372,776/1,000,000  13.2/s  upd=8528  L=0.0318  D=1.710
[regir_norefil] 7:49:13  373,083/1,000,000  13.3/s  upd=8531  L=0.0280  D=1.710
[regir_norefil] 7:49:23  373,083/1,000,000  13.2/s  upd=8536  L=0.0262  D=1.710
[regir_norefil] 7:49:33  373,083/1,000,000  13.2/s  upd=8536  L=0.0262  D=1.710
[regir_norefil] 7:49:44  373,432/1,000,000  13.2/s  upd=8539  L=0.0228  D=1.710
[regir_norefil] 7:49:54  373,432/1,000,000  13.2/s  upd=8544  L=0.0340  D=1.710
[regir_norefil] 7:50:05  373,794/1,000,000  13.3/s  upd=8545  L=0.0259  D=1.710
[regir_norefil] 7:50:16  373,794/1,000,000  13.2/s  upd=8552  L=0.0374  D=1.710
[regir_norefil] 7:50:26  374,057/1,000,000  13.3/s  upd=8553  L=0.0469  D=1.710
[regir_norefil] 7:50:37  374,057/1,000,000  13.2/s  upd=8560  L=0.0363  D=1.710
[regir_norefil] 7:50:47  374,364/1,000,000  13.3/s  upd=8564  L=0.0428  D=1.710
[regir_norefil] 7:50:57  374,364/1,000,000  13.2/s  upd=8568  L=0.0327  D=1.710
[regir_norefil] 7:51:08  374,670/1,000,000  13.3/s  upd=8574  L=0.0347  D=1.710
[regir_norefil] 7:51:19  374,977/1,000,000  13.3/s  upd=8578  L=0.0292  D=1.710
[regir_norefil] 7:51:29  374,977/1,000,000  13.3/s  upd=8584  L=0.0297  D=1.710
[regir_norefil] 7:51:39  375,262/1,000,000  13.3/s  upd=8592  L=0.0333  D=1.710
[regir_norefil] 7:51:49  375,570/1,000,000  13.3/s  upd=8600  L=0.0306  D=1.710
[regir_norefil] 7:51:59  375,824/1,000,000  13.3/s  upd=8604  L=0.0600  D=1.710
[regir_norefil] 7:52:09  376,123/1,000,000  13.3/s  upd=8610  L=0.0360  D=1.710
[regir_norefil] 7:52:20  376,123/1,000,000  13.3/s  upd=8616  L=0.0241  D=1.710
[regir_norefil] 7:52:30  376,439/1,000,000  13.3/s  upd=8624  L=0.0272  D=1.710
[regir_norefil] 7:52:40  376,741/1,000,000  13.3/s  upd=8631  L=0.0384  D=1.710
[regir_norefil] 7:56:17  376,741/1,000,000  13.2/s  upd=8632  L=0.0372  D=1.710
[regir_norefil] 7:56:28  377,048/1,000,000  13.2/s  upd=8637  L=0.0414  D=1.710
[regir_norefil] saved resume t_env=377,048
[regir_norefil] 7:56:39  377,331/1,000,000  13.2/s  upd=8642  L=0.0398  D=1.710
[regir_norefil] 7:56:49  377,331/1,000,000  13.2/s  upd=8648  L=0.0318  D=1.710
[regir_norefil] 7:56:59  377,614/1,000,000  13.2/s  upd=8653  L=0.0219  D=1.710
[regir_norefil] 7:57:10  377,890/1,000,000  13.2/s  upd=8661  L=0.0286  D=1.710
[regir_norefil] 7:57:20  377,890/1,000,000  13.2/s  upd=8664  L=0.0284  D=1.710
[regir_norefil] 7:57:30  378,164/1,000,000  13.2/s  upd=8672  L=0.0315  D=1.710
[regir_norefil] 7:57:40  378,164/1,000,000  13.2/s  upd=8672  L=0.0315  D=1.710
[regir_norefil] 7:57:50  378,164/1,000,000  13.2/s  upd=8672  L=0.0315  D=1.710
[regir_norefil] 7:58:00  378,560/1,000,000  13.2/s  upd=8680  L=0.0304  D=1.710
[regir_norefil] 7:58:11  378,852/1,000,000  13.2/s  upd=8684  L=0.0382  D=1.710
[regir_norefil] 7:58:21  378,852/1,000,000  13.2/s  upd=8688  L=0.0458  D=1.710
[regir_norefil] 7:58:31  378,852/1,000,000  13.2/s  upd=8688  L=0.0458  D=1.710
[regir_norefil] 7:58:42  379,211/1,000,000  13.2/s  upd=8695  L=0.0189  D=1.710
[regir_norefil] 7:58:52  379,211/1,000,000  13.2/s  upd=8696  L=0.0326  D=1.710
[regir_norefil] 7:59:02  379,483/1,000,000  13.2/s  upd=8702  L=0.0436  D=1.710
[regir_norefil] 7:59:12  379,483/1,000,000  13.2/s  upd=8704  L=0.0269  D=1.710
[regir_norefil] 7:59:22  379,754/1,000,000  13.2/s  upd=8712  L=0.0235  D=1.710
[regir_norefil] 7:59:33  379,754/1,000,000  13.2/s  upd=8712  L=0.0235  D=1.710
[regir_norefil] 7:59:43  380,094/1,000,000  13.2/s  upd=8719  L=0.0339  D=1.710
[regir_norefil] saved resume t_env=380,094
[regir_norefil] 8:00:04  380,094/1,000,000  13.2/s  upd=8720  L=0.0227  ev=0/100  D=1.710
[regir_norefil] 8:00:14  380,094/1,000,000  13.2/s  upd=8720  L=0.0227  ev=7/100  D=1.710
[regir_norefil] 8:00:24  380,094/1,000,000  13.2/s  upd=8720  L=0.0227  ev=13/100  D=1.710
[regir_norefil] 8:00:34  380,094/1,000,000  13.2/s  upd=8720  L=0.0227  ev=24/100  D=1.710
[regir_norefil] 8:00:44  380,094/1,000,000  13.2/s  upd=8720  L=0.0227  ev=32/100  D=1.710
[regir_norefil] 8:00:54  380,094/1,000,000  13.2/s  upd=8720  L=0.0227  ev=39/100  D=1.710
[regir_norefil] 8:01:04  380,094/1,000,000  13.2/s  upd=8720  L=0.0227  ev=55/100  D=1.710
[regir_norefil] 8:01:14  380,094/1,000,000  13.2/s  upd=8720  L=0.0227  ev=56/100  D=1.710
[regir_norefil] 8:01:25  380,094/1,000,000  13.2/s  upd=8720  L=0.0227  ev=69/100  D=1.710
[regir_norefil] 8:01:35  380,094/1,000,000  13.2/s  upd=8720  L=0.0227  ev=72/100  D=1.710
[regir_norefil] 8:01:45  380,094/1,000,000  13.1/s  upd=8720  L=0.0227  ev=80/100  D=1.710
[regir_norefil] 8:01:55  380,094/1,000,000  13.1/s  upd=8720  L=0.0227  ev=88/100  D=1.710
[regir_norefil] 8:02:05  380,094/1,000,000  13.1/s  upd=8720  L=0.0227  ev=97/100  D=1.710
[regir_norefil] report refresh skipped: PermissionError
[regir_norefil] report refresh skipped: PermissionError
[regir_norefil] 8:02:15  380,094/1,000,000  13.1/s  upd=8720  L=0.0227  D=1.317
[regir_norefil] 8:02:25  380,441/1,000,000  13.1/s  upd=8728  L=0.0295  D=1.317
[regir_norefil] 8:02:35  380,759/1,000,000  13.1/s  upd=8734  L=0.0305  D=1.317
[regir_norefil] 8:02:45  380,759/1,000,000  13.1/s  upd=8736  L=0.0360  D=1.317
[regir_norefil] 8:02:55  381,053/1,000,000  13.2/s  upd=8744  L=0.0364  D=1.317
[regir_norefil] 8:03:05  381,415/1,000,000  13.2/s  upd=8752  L=0.0290  D=1.317
[regir_norefil] 8:03:16  381,656/1,000,000  13.2/s  upd=8757  L=0.0270  D=1.317
[regir_norefil] 8:03:27  381,962/1,000,000  13.2/s  upd=8761  L=0.0196  D=1.317
[regir_norefil] 8:03:37  381,962/1,000,000  13.2/s  upd=8768  L=0.0301  D=1.317
[regir_norefil] 8:03:47  382,278/1,000,000  13.2/s  upd=8770  L=0.0389  D=1.317
[regir_norefil] 8:03:57  382,278/1,000,000  13.2/s  upd=8776  L=0.0609  D=1.317
[regir_norefil] 8:04:08  382,278/1,000,000  13.2/s  upd=8776  L=0.0609  D=1.317
[regir_norefil] 8:04:18  382,565/1,000,000  13.2/s  upd=8784  L=0.0385  D=1.317
[regir_norefil] 8:04:28  382,565/1,000,000  13.2/s  upd=8784  L=0.0385  D=1.317
[regir_norefil] 8:04:38  382,907/1,000,000  13.2/s  upd=8787  L=0.0421  D=1.317
[regir_norefil] 8:04:48  382,907/1,000,000  13.2/s  upd=8792  L=0.0250  D=1.317
[regir_norefil] 8:04:59  382,907/1,000,000  13.2/s  upd=8792  L=0.0250  D=1.317
[regir_norefil] 8:05:09  383,205/1,000,000  13.2/s  upd=8797  L=0.0230  D=1.317
[regir_norefil] 8:05:19  383,205/1,000,000  13.2/s  upd=8800  L=0.0359  D=1.317
[regir_norefil] 8:05:29  383,542/1,000,000  13.2/s  upd=8801  L=0.0316  D=1.317
[regir_norefil] 8:05:39  383,542/1,000,000  13.2/s  upd=8808  L=0.0172  D=1.317
[regir_norefil] 8:05:50  383,542/1,000,000  13.2/s  upd=8808  L=0.0172  D=1.317
[regir_norefil] 8:06:00  383,821/1,000,000  13.2/s  upd=8812  L=0.0252  D=1.317
[regir_norefil] 8:06:10  383,821/1,000,000  13.2/s  upd=8816  L=0.0292  D=1.317
[regir_norefil] 8:06:21  384,094/1,000,000  13.2/s  upd=8821  L=0.0300  D=1.317
[regir_norefil] 8:06:31  384,094/1,000,000  13.2/s  upd=8824  L=0.0295  D=1.317
[regir_norefil] 8:06:41  384,094/1,000,000  13.2/s  upd=8824  L=0.0295  D=1.317
[regir_norefil] 8:06:51  384,379/1,000,000  13.2/s  upd=8832  L=0.0367  D=1.317
[regir_norefil] 8:07:01  384,379/1,000,000  13.2/s  upd=8832  L=0.0367  D=1.317
[regir_norefil] 8:07:12  384,709/1,000,000  13.2/s  upd=8835  L=0.0261  D=1.317
[regir_norefil] report refresh skipped: PermissionError
[regir_norefil] 8:07:22  384,709/1,000,000  13.2/s  upd=8840  L=0.0331  D=1.317
[regir_norefil] 8:07:32  384,997/1,000,000  13.2/s  upd=8845  L=0.0281  D=1.317
[regir_norefil] 8:07:42  384,997/1,000,000  13.2/s  upd=8848  L=0.0386  D=1.317
[regir_norefil] 8:07:53  385,332/1,000,000  13.2/s  upd=8854  L=0.0332  D=1.317
[regir_norefil] 8:08:03  385,332/1,000,000  13.2/s  upd=8856  L=0.0248  D=1.317
[regir_norefil] 8:08:14  385,638/1,000,000  13.2/s  upd=8859  L=0.0207  D=1.317
[regir_norefil] 8:08:24  385,638/1,000,000  13.2/s  upd=8864  L=0.0444  D=1.317
[regir_norefil] 8:08:34  385,951/1,000,000  13.2/s  upd=8869  L=0.0291  D=1.317
[regir_norefil] 8:08:44  385,951/1,000,000  13.2/s  upd=8872  L=0.0216  D=1.317
[regir_norefil] 8:08:55  386,255/1,000,000  13.2/s  upd=8875  L=0.0247  D=1.317
[regir_norefil] 8:09:05  386,255/1,000,000  13.2/s  upd=8880  L=0.0459  D=1.317
[regir_norefil] 8:09:16  386,564/1,000,000  13.2/s  upd=8881  L=0.0463  D=1.317
[regir_norefil] 8:09:26  386,564/1,000,000  13.2/s  upd=8888  L=0.0321  D=1.317
[regir_norefil] 8:09:36  386,564/1,000,000  13.2/s  upd=8888  L=0.0321  D=1.317
[regir_norefil] 8:09:47  386,864/1,000,000  13.2/s  upd=8890  L=0.0159  D=1.317
[regir_norefil] saved resume t_env=386,864
[regir_norefil] 8:09:57  386,864/1,000,000  13.2/s  upd=8896  L=0.0357  D=1.317
[regir_norefil] 8:10:07  386,864/1,000,000  13.2/s  upd=8896  L=0.0357  D=1.317
[regir_norefil] 8:10:17  387,216/1,000,000  13.2/s  upd=8904  L=0.0320  D=1.317
[regir_norefil] 8:10:28  387,465/1,000,000  13.2/s  upd=8905  L=0.0224  D=1.317
[regir_norefil] 8:10:38  387,465/1,000,000  13.2/s  upd=8912  L=0.0313  D=1.317
[regir_norefil] 8:10:48  387,465/1,000,000  13.2/s  upd=8912  L=0.0313  D=1.317
[regir_norefil] 8:10:59  387,757/1,000,000  13.2/s  upd=8920  L=0.0229  D=1.317
[regir_norefil] 8:11:09  387,757/1,000,000  13.2/s  upd=8920  L=0.0229  D=1.317
[regir_norefil] 8:11:20  388,024/1,000,000  13.2/s  upd=8926  L=0.0321  D=1.317
[regir_norefil] 8:11:30  388,024/1,000,000  13.2/s  upd=8928  L=0.0375  D=1.317
[regir_norefil] 8:11:41  388,303/1,000,000  13.2/s  upd=8930  L=0.0256  D=1.317
[regir_norefil] 8:11:51  388,303/1,000,000  13.2/s  upd=8936  L=0.0280  D=1.317
[regir_norefil] 8:12:02  388,611/1,000,000  13.2/s  upd=8941  L=0.0236  D=1.317
[regir_norefil] 8:12:12  388,611/1,000,000  13.2/s  upd=8944  L=0.0336  D=1.317
[regir_norefil] 8:12:22  388,861/1,000,000  13.2/s  upd=8948  L=0.0238  D=1.317
[regir_norefil] report refresh skipped: PermissionError
[regir_norefil] 8:12:32  388,861/1,000,000  13.2/s  upd=8952  L=0.0329  D=1.317
[regir_norefil] 8:12:43  389,181/1,000,000  13.2/s  upd=8953  L=0.0378  D=1.317
[regir_norefil] 8:12:53  389,181/1,000,000  13.2/s  upd=8960  L=0.0291  D=1.317
[regir_norefil] 8:13:03  389,181/1,000,000  13.2/s  upd=8960  L=0.0291  D=1.317
[regir_norefil] 8:13:14  389,428/1,000,000  13.2/s  upd=8967  L=0.0292  D=1.317
[regir_norefil] 8:13:24  389,428/1,000,000  13.2/s  upd=8968  L=0.0339  D=1.317
[regir_norefil] 8:13:36  389,718/1,000,000  13.2/s  upd=8971  L=0.0309  D=1.317
[regir_norefil] 8:13:46  389,718/1,000,000  13.2/s  upd=8976  L=0.0644  D=1.317
[regir_norefil] 8:13:57  390,010/1,000,000  13.2/s  upd=8983  L=0.0311  D=1.317
[regir_norefil] 8:14:07  390,010/1,000,000  13.2/s  upd=8984  L=0.0335  D=1.317
[regir_norefil] 8:14:17  390,010/1,000,000  13.2/s  upd=8984  L=0.0335  D=1.317
[regir_norefil] 8:14:27  390,301/1,000,000  13.2/s  upd=8992  L=0.0416  D=1.317
[regir_norefil] 8:14:38  390,301/1,000,000  13.2/s  upd=8992  L=0.0416  D=1.317
[regir_norefil] 8:14:48  390,301/1,000,000  13.1/s  upd=8992  L=0.0416  D=1.317
[regir_norefil] 8:14:59  390,630/1,000,000  13.2/s  upd=8999  L=0.0257  D=1.317
[regir_norefil] 8:15:09  390,630/1,000,000  13.1/s  upd=9000  L=0.0314  D=1.317
[regir_norefil] 8:15:19  390,630/1,000,000  13.1/s  upd=9000  L=0.0314  D=1.317
[regir_norefil] 8:15:29  390,990/1,000,000  13.2/s  upd=9008  L=0.0329  D=1.317
[regir_norefil] 8:15:39  390,990/1,000,000  13.1/s  upd=9008  L=0.0329  D=1.317
[regir_norefil] 8:15:49  390,990/1,000,000  13.1/s  upd=9008  L=0.0329  D=1.317
[regir_norefil] 8:16:00  391,391/1,000,000  13.2/s  upd=9013  L=0.0257  D=1.317
[regir_norefil] 8:16:11  391,391/1,000,000  13.1/s  upd=9016  L=0.0210  D=1.317
[regir_norefil] 8:16:21  391,391/1,000,000  13.1/s  upd=9016  L=0.0210  D=1.317
[regir_norefil] 8:16:31  391,684/1,000,000  13.1/s  upd=9024  L=0.0303  D=1.317
[regir_norefil] 8:16:41  391,684/1,000,000  13.1/s  upd=9024  L=0.0303  D=1.317
[regir_norefil] 8:16:53  391,952/1,000,000  13.1/s  upd=9030  L=0.0498  D=1.317
[regir_norefil] 8:17:03  391,952/1,000,000  13.1/s  upd=9032  L=0.0383  D=1.317
[regir_norefil] 8:17:13  392,262/1,000,000  13.1/s  upd=9038  L=0.0296  D=1.317
[regir_norefil] 8:17:24  392,262/1,000,000  13.1/s  upd=9040  L=0.0366  D=1.317
[regir_norefil] 8:17:34  392,561/1,000,000  13.1/s  upd=9041  L=0.0351  D=1.317
[regir_norefil] report refresh skipped: PermissionError
[regir_norefil] 8:17:44  392,561/1,000,000  13.1/s  upd=9048  L=0.0264  D=1.317
[regir_norefil] 8:17:55  392,853/1,000,000  13.1/s  upd=9049  L=0.0294  D=1.317
[regir_norefil] 8:18:05  392,853/1,000,000  13.1/s  upd=9056  L=0.0377  D=1.317
[regir_norefil] 8:18:15  393,170/1,000,000  13.2/s  upd=9059  L=0.0246  D=1.317
[regir_norefil] 8:18:25  393,170/1,000,000  13.1/s  upd=9064  L=0.0376  D=1.317
[regir_norefil] 8:18:35  393,170/1,000,000  13.1/s  upd=9064  L=0.0376  D=1.317
[regir_norefil] 8:18:46  393,441/1,000,000  13.1/s  upd=9072  L=0.0283  D=1.317
[regir_norefil] 8:18:56  393,441/1,000,000  13.1/s  upd=9072  L=0.0283  D=1.317
[regir_norefil] 8:19:06  393,729/1,000,000  13.1/s  upd=9080  L=0.0324  D=1.317
[regir_norefil] 8:19:17  393,729/1,000,000  13.1/s  upd=9080  L=0.0324  D=1.317
[regir_norefil] 8:19:27  394,039/1,000,000  13.1/s  upd=9086  L=0.0255  D=1.317
[regir_norefil] 8:19:37  394,039/1,000,000  13.1/s  upd=9088  L=0.0352  D=1.317
[regir_norefil] 8:19:48  394,342/1,000,000  13.1/s  upd=9094  L=0.0333  D=1.317
[regir_norefil] 8:19:58  394,342/1,000,000  13.1/s  upd=9096  L=0.0452  D=1.317
[regir_norefil] 8:20:08  394,655/1,000,000  13.2/s  upd=9099  L=0.0494  D=1.317
[regir_norefil] saved resume t_env=394,655
[regir_norefil] 8:20:18  394,655/1,000,000  13.1/s  upd=9104  L=0.0253  D=1.317
[regir_norefil] 8:20:29  394,655/1,000,000  13.1/s  upd=9104  L=0.0253  D=1.317
[regir_norefil] 8:20:39  394,655/1,000,000  13.1/s  upd=9104  L=0.0253  D=1.317
[regir_norefil] 8:20:49  395,029/1,000,000  13.1/s  upd=9112  L=0.0264  D=1.317
[regir_norefil] 8:20:59  395,029/1,000,000  13.1/s  upd=9112  L=0.0264  D=1.317
[regir_norefil] 8:21:09  395,286/1,000,000  13.1/s  upd=9120  L=0.0338  D=1.317
[regir_norefil] 8:21:20  395,286/1,000,000  13.1/s  upd=9120  L=0.0338  D=1.317
[regir_norefil] 8:21:30  395,596/1,000,000  13.1/s  upd=9128  L=0.0361  D=1.317
[regir_norefil] 8:21:40  395,596/1,000,000  13.1/s  upd=9128  L=0.0361  D=1.317
[regir_norefil] 8:21:50  395,887/1,000,000  13.1/s  upd=9134  L=0.0330  D=1.317
[regir_norefil] 8:22:00  395,887/1,000,000  13.1/s  upd=9136  L=0.0392  D=1.317
[regir_norefil] 8:22:12  396,195/1,000,000  13.1/s  upd=9140  L=0.0323  D=1.317
[regir_norefil] 8:22:22  396,195/1,000,000  13.1/s  upd=9144  L=0.0388  D=1.317
[regir_norefil] 8:22:33  396,478/1,000,000  13.1/s  upd=9145  L=0.0297  D=1.317
[regir_norefil] 8:22:43  396,478/1,000,000  13.1/s  upd=9152  L=0.0481  D=1.317
[regir_norefil] 8:22:53  396,781/1,000,000  13.2/s  upd=9156  L=0.0312  D=1.317
[regir_norefil] report refresh skipped: PermissionError
[regir_norefil] 8:23:03  396,781/1,000,000  13.1/s  upd=9160  L=0.0404  D=1.317
[regir_norefil] 8:23:13  396,781/1,000,000  13.1/s  upd=9160  L=0.0404  D=1.317
[regir_norefil] 8:23:23  397,074/1,000,000  13.1/s  upd=9168  L=0.0275  D=1.317
[regir_norefil] 8:23:34  397,371/1,000,000  13.2/s  upd=9173  L=0.0347  D=1.317
[regir_norefil] 8:23:44  397,371/1,000,000  13.1/s  upd=9176  L=0.0375  D=1.317
[regir_norefil] 8:23:54  397,655/1,000,000  13.2/s  upd=9177  L=0.0387  D=1.317
[regir_norefil] 8:24:04  397,655/1,000,000  13.1/s  upd=9184  L=0.0289  D=1.317
[regir_norefil] 8:24:15  398,002/1,000,000  13.2/s  upd=9189  L=0.0424  D=1.317
[regir_norefil] 8:24:26  398,002/1,000,000  13.2/s  upd=9192  L=0.0331  D=1.317
[regir_norefil] 8:24:36  398,002/1,000,000  13.1/s  upd=9192  L=0.0331  D=1.317
[regir_norefil] 8:24:47  398,322/1,000,000  13.2/s  upd=9198  L=0.0277  D=1.317
[regir_norefil] 8:24:57  398,322/1,000,000  13.1/s  upd=9200  L=0.0280  D=1.317
[regir_norefil] 8:25:08  398,602/1,000,000  13.2/s  upd=9207  L=0.0463  D=1.317
[regir_norefil] 8:25:18  398,602/1,000,000  13.1/s  upd=9208  L=0.0505  D=1.317
[regir_norefil] 8:25:28  398,602/1,000,000  13.1/s  upd=9208  L=0.0505  D=1.317
[regir_norefil] 8:25:39  398,960/1,000,000  13.1/s  upd=9209  L=0.0336  D=1.317
[regir_norefil] 8:25:49  398,960/1,000,000  13.1/s  upd=9216  L=0.0397  D=1.317
[regir_norefil] 8:25:59  398,960/1,000,000  13.1/s  upd=9216  L=0.0397  D=1.317
[regir_norefil] 8:26:09  399,308/1,000,000  13.1/s  upd=9220  L=0.0227  D=1.317
[regir_norefil] 8:26:20  399,308/1,000,000  13.1/s  upd=9224  L=0.0297  D=1.317
[regir_norefil] 8:26:30  399,596/1,000,000  13.1/s  upd=9231  L=0.0351  D=1.317
[regir_norefil] 8:26:40  399,596/1,000,000  13.1/s  upd=9232  L=0.0429  D=1.317
[regir_norefil] 8:26:50  399,930/1,000,000  13.2/s  upd=9240  L=0.0360  D=1.317
[regir_norefil] 8:27:00  399,930/1,000,000  13.1/s  upd=9240  L=0.0360  D=1.317
[regir_norefil] saved resume t_env=400,259
[regir_norefil] 8:27:29  400,259/1,000,000  13.1/s  upd=9248  L=0.0436  ev=0/100  D=1.317
[regir_norefil] 8:27:39  400,259/1,000,000  13.1/s  upd=9248  L=0.0436  ev=3/100  D=1.317
[regir_norefil] 8:27:49  400,259/1,000,000  13.1/s  upd=9248  L=0.0436  ev=16/100  D=1.317
[regir_norefil] 8:27:59  400,259/1,000,000  13.1/s  upd=9248  L=0.0436  ev=24/100  D=1.317
[regir_norefil] 8:28:09  400,259/1,000,000  13.1/s  upd=9248  L=0.0436  ev=32/100  D=1.317
[regir_norefil] 8:28:19  400,259/1,000,000  13.1/s  upd=9248  L=0.0436  ev=40/100  D=1.317
[regir_norefil] 8:28:30  400,259/1,000,000  13.1/s  upd=9248  L=0.0436  ev=48/100  D=1.317
[regir_norefil] 8:28:40  400,259/1,000,000  13.1/s  upd=9248  L=0.0436  ev=55/100  D=1.317
[regir_norefil] 8:28:50  400,259/1,000,000  13.1/s  upd=9248  L=0.0436  ev=56/100  D=1.317
[regir_norefil] 8:29:00  400,259/1,000,000  13.1/s  upd=9248  L=0.0436  ev=64/100  D=1.317
[regir_norefil] 8:29:10  400,259/1,000,000  13.1/s  upd=9248  L=0.0436  ev=71/100  D=1.317
[regir_norefil] 8:29:21  400,259/1,000,000  13.1/s  upd=9248  L=0.0436  ev=72/100  D=1.317
[regir_norefil] 8:29:31  400,259/1,000,000  13.1/s  upd=9248  L=0.0436  ev=80/100  D=1.317
[regir_norefil] 8:29:41  400,259/1,000,000  13.1/s  upd=9248  L=0.0436  ev=80/100  D=1.317
[regir_norefil] 8:29:51  400,259/1,000,000  13.1/s  upd=9248  L=0.0436  ev=88/100  D=1.317
[regir_norefil] 8:30:01  400,259/1,000,000  13.1/s  upd=9248  L=0.0436  ev=93/100  D=1.317
[regir_norefil] 8:30:11  400,259/1,000,000  13.1/s  upd=9248  L=0.0436  ev=96/100  D=1.317
[regir_norefil] report refresh skipped: PermissionError
[regir_norefil] report refresh skipped: PermissionError
[regir_norefil] 8:30:21  400,259/1,000,000  13.1/s  upd=9248  L=0.0436  D=1.578
[regir_norefil] 8:30:32  400,568/1,000,000  13.1/s  upd=9256  L=0.0449  D=1.578
[regir_norefil] 8:30:42  400,568/1,000,000  13.1/s  upd=9256  L=0.0449  D=1.578
[regir_norefil] 8:30:52  400,850/1,000,000  13.1/s  upd=9263  L=0.0213  D=1.578
[regir_norefil] 8:31:02  400,850/1,000,000  13.1/s  upd=9264  L=0.0263  D=1.578
[regir_norefil] 8:31:14  401,170/1,000,000  13.1/s  upd=9272  L=0.0387  D=1.578
[regir_norefil] 8:31:24  401,170/1,000,000  13.1/s  upd=9272  L=0.0387  D=1.578
[regir_norefil] 8:31:34  401,492/1,000,000  13.1/s  upd=9277  L=0.0274  D=1.578
[regir_norefil] 8:31:44  401,492/1,000,000  13.1/s  upd=9280  L=0.0347  D=1.578
[regir_norefil] 8:31:55  401,779/1,000,000  13.1/s  upd=9284  L=0.0374  D=1.578
[regir_norefil] 8:32:06  401,779/1,000,000  13.1/s  upd=9288  L=0.0627  D=1.578
[regir_norefil] 8:32:16  402,051/1,000,000  13.1/s  upd=9291  L=0.0413  D=1.578
[regir_norefil] 8:32:26  402,051/1,000,000  13.1/s  upd=9296  L=0.0305  D=1.578
[regir_norefil] 8:32:37  402,347/1,000,000  13.1/s  upd=9301  L=0.0311  D=1.578
[regir_norefil] 8:32:47  402,347/1,000,000  13.1/s  upd=9304  L=0.0265  D=1.578
[regir_norefil] 8:32:58  402,655/1,000,000  13.1/s  upd=9305  L=0.0239  D=1.578
[regir_norefil] 8:33:08  402,655/1,000,000  13.1/s  upd=9312  L=0.0254  D=1.578
[regir_norefil] 8:33:19  402,982/1,000,000  13.1/s  upd=9316  L=0.0250  D=1.578
[regir_norefil] 8:33:29  402,982/1,000,000  13.1/s  upd=9320  L=0.0355  D=1.578
[regir_norefil] 8:33:40  403,299/1,000,000  13.1/s  upd=9323  L=0.0211  D=1.578
[regir_norefil] 8:33:50  403,299/1,000,000  13.1/s  upd=9328  L=0.0388  D=1.578
[regir_norefil] 8:34:00  403,614/1,000,000  13.1/s  upd=9330  L=0.0350  D=1.578
[regir_norefil] 8:34:10  403,614/1,000,000  13.1/s  upd=9336  L=0.0233  D=1.578
[regir_norefil] 8:34:21  403,988/1,000,000  13.1/s  upd=9337  L=0.0379  D=1.578
[regir_norefil] 8:34:31  403,988/1,000,000  13.1/s  upd=9344  L=0.0573  D=1.578
[regir_norefil] 8:34:41  403,988/1,000,000  13.1/s  upd=9344  L=0.0573  D=1.578
[regir_norefil] 8:34:51  403,988/1,000,000  13.1/s  upd=9344  L=0.0573  D=1.578
[regir_norefil] 8:35:01  404,349/1,000,000  13.1/s  upd=9352  L=0.0244  D=1.578
[regir_norefil] 8:35:11  404,349/1,000,000  13.1/s  upd=9352  L=0.0244  D=1.578
[regir_norefil] 8:35:23  404,706/1,000,000  13.1/s  upd=9356  L=0.0261  D=1.578
[regir_norefil] report refresh skipped: PermissionError
[regir_norefil] 8:35:33  404,706/1,000,000  13.1/s  upd=9360  L=0.0344  D=1.578
[regir_norefil] 8:35:43  405,014/1,000,000  13.1/s  upd=9368  L=0.0267  D=1.578
[regir_norefil] 8:35:54  405,317/1,000,000  13.1/s  upd=9372  L=0.0323  D=1.578
[regir_norefil] 8:36:04  405,317/1,000,000  13.1/s  upd=9376  L=0.0259  D=1.578
[regir_norefil] 8:36:14  405,645/1,000,000  13.1/s  upd=9383  L=0.0313  D=1.578
[regir_norefil] 8:36:24  405,931/1,000,000  13.1/s  upd=9386  L=0.0314  D=1.578
[regir_norefil] 8:36:34  405,931/1,000,000  13.1/s  upd=9392  L=0.0419  D=1.578
[regir_norefil] 8:36:45  406,257/1,000,000  13.1/s  upd=9399  L=0.0390  D=1.578
[regir_norefil] 8:36:55  406,540/1,000,000  13.1/s  upd=9401  L=0.0338  D=1.578
[regir_norefil] 8:37:05  406,540/1,000,000  13.1/s  upd=9408  L=0.0227  D=1.578
[regir_norefil] 8:37:16  406,852/1,000,000  13.1/s  upd=9412  L=0.0381  D=1.578
[regir_norefil] saved resume t_env=406,852
[regir_norefil] 8:37:26  406,852/1,000,000  13.1/s  upd=9416  L=0.0322  D=1.578
[regir_norefil] 8:37:36  407,119/1,000,000  13.1/s  upd=9419  L=0.0269  D=1.578
[regir_norefil] 8:37:46  407,119/1,000,000  13.1/s  upd=9424  L=0.0216  D=1.578
[regir_norefil] 8:37:57  407,422/1,000,000  13.1/s  upd=9429  L=0.0259  D=1.578
[regir_norefil] 8:38:07  407,422/1,000,000  13.1/s  upd=9432  L=0.0351  D=1.578
[regir_norefil] 8:38:18  407,725/1,000,000  13.1/s  upd=9440  L=0.0351  D=1.578
[regir_norefil] 8:38:28  407,725/1,000,000  13.1/s  upd=9440  L=0.0351  D=1.578
[regir_norefil] 8:38:39  408,088/1,000,000  13.1/s  upd=9446  L=0.0232  D=1.578
[regir_norefil] 8:38:49  408,088/1,000,000  13.1/s  upd=9448  L=0.0284  D=1.578
[regir_norefil] 8:38:59  408,365/1,000,000  13.1/s  upd=9453  L=0.0320  D=1.578
[regir_norefil] 8:39:10  408,365/1,000,000  13.1/s  upd=9456  L=0.0338  D=1.578
[regir_norefil] 8:39:20  408,683/1,000,000  13.1/s  upd=9463  L=0.0552  D=1.578
[regir_norefil] 8:39:30  408,683/1,000,000  13.1/s  upd=9464  L=0.0485  D=1.578
[regir_norefil] 8:39:40  408,984/1,000,000  13.1/s  upd=9472  L=0.0264  D=1.578
[regir_norefil] 8:39:50  408,984/1,000,000  13.1/s  upd=9472  L=0.0264  D=1.578
[regir_norefil] 8:40:01  409,309/1,000,000  13.1/s  upd=9476  L=0.0349  D=1.578
[regir_norefil] 8:40:11  409,309/1,000,000  13.1/s  upd=9480  L=0.0410  D=1.578
[regir_norefil] 8:40:21  409,655/1,000,000  13.1/s  upd=9480  L=0.0410  D=1.578
[regir_norefil] report refresh skipped: PermissionError
[regir_norefil] 8:40:31  409,655/1,000,000  13.1/s  upd=9488  L=0.0300  D=1.578
[regir_norefil] 8:40:41  409,655/1,000,000  13.1/s  upd=9488  L=0.0300  D=1.578
[regir_norefil] 8:40:52  409,986/1,000,000  13.1/s  upd=9490  L=0.0245  D=1.578
[regir_norefil] 8:41:02  409,986/1,000,000  13.1/s  upd=9496  L=0.0366  D=1.578
[regir_norefil] 8:41:12  410,309/1,000,000  13.1/s  upd=9498  L=0.0306  D=1.578
[regir_norefil] 8:41:23  410,309/1,000,000  13.1/s  upd=9504  L=0.0422  D=1.578
[regir_norefil] 8:41:33  410,309/1,000,000  13.1/s  upd=9504  L=0.0422  D=1.578
[regir_norefil] 8:41:43  410,577/1,000,000  13.1/s  upd=9512  L=0.0226  D=1.578
[regir_norefil] 8:41:54  410,890/1,000,000  13.1/s  upd=9513  L=0.0411  D=1.578
[regir_norefil] 8:42:04  410,890/1,000,000  13.1/s  upd=9520  L=0.0268  D=1.578
[regir_norefil] 8:42:15  411,186/1,000,000  13.1/s  upd=9522  L=0.0372  D=1.578
[regir_norefil] 8:42:25  411,186/1,000,000  13.1/s  upd=9528  L=0.0335  D=1.578
[regir_norefil] 8:42:36  411,501/1,000,000  13.1/s  upd=9533  L=0.0275  D=1.578
[regir_norefil] 8:42:46  411,501/1,000,000  13.1/s  upd=9536  L=0.0296  D=1.578
[regir_norefil] 8:42:56  411,803/1,000,000  13.1/s  upd=9541  L=0.0207  D=1.578
[regir_norefil] 8:43:06  411,803/1,000,000  13.1/s  upd=9544  L=0.0225  D=1.578
[regir_norefil] 8:43:17  412,125/1,000,000  13.1/s  upd=9546  L=0.0287  D=1.578
[regir_norefil] 8:43:27  412,125/1,000,000  13.1/s  upd=9552  L=0.0702  D=1.578
[regir_norefil] 8:43:37  412,125/1,000,000  13.1/s  upd=9552  L=0.0702  D=1.578
[regir_norefil] 8:43:48  412,438/1,000,000  13.1/s  upd=9560  L=0.0330  D=1.578
[regir_norefil] 8:43:58  412,438/1,000,000  13.1/s  upd=9560  L=0.0330  D=1.578
[regir_norefil] 8:44:08  412,756/1,000,000  13.1/s  upd=9568  L=0.0282  D=1.578
[regir_norefil] 8:44:18  412,756/1,000,000  13.1/s  upd=9568  L=0.0282  D=1.578
[regir_norefil] 8:44:29  413,051/1,000,000  13.1/s  upd=9573  L=0.0314  D=1.578
[regir_norefil] 8:44:39  413,051/1,000,000  13.1/s  upd=9576  L=0.0267  D=1.578
[regir_norefil] 8:44:49  413,374/1,000,000  13.1/s  upd=9581  L=0.0368  D=1.578
[regir_norefil] 8:44:59  413,374/1,000,000  13.1/s  upd=9584  L=0.0389  D=1.578
[regir_norefil] 8:45:09  413,374/1,000,000  13.1/s  upd=9584  L=0.0389  D=1.578
[regir_norefil] 8:45:20  413,725/1,000,000  13.1/s  upd=9590  L=0.0264  D=1.578
[regir_norefil] 8:45:30  413,725/1,000,000  13.1/s  upd=9592  L=0.0269  D=1.578
[regir_norefil] 8:45:41  414,022/1,000,000  13.1/s  upd=9596  L=0.0270  D=1.578
[regir_norefil] report refresh skipped: PermissionError
[regir_norefil] 8:45:51  414,022/1,000,000  13.1/s  upd=9600  L=0.0293  D=1.578
[regir_norefil] 8:46:02  414,344/1,000,000  13.1/s  upd=9606  L=0.0257  D=1.578
[regir_norefil] 8:46:12  414,344/1,000,000  13.1/s  upd=9608  L=0.0363  D=1.578
[regir_norefil] 8:46:22  414,344/1,000,000  13.1/s  upd=9608  L=0.0363  D=1.578
[regir_norefil] 8:46:32  414,713/1,000,000  13.1/s  upd=9615  L=0.0325  D=1.578
[regir_norefil] 8:46:43  415,035/1,000,000  13.1/s  upd=9621  L=0.0366  D=1.578
[regir_norefil] 8:46:53  415,035/1,000,000  13.1/s  upd=9624  L=0.0388  D=1.578
[regir_norefil] 8:47:04  415,369/1,000,000  13.1/s  upd=9631  L=0.0416  D=1.578
[regir_norefil] 8:47:14  415,369/1,000,000  13.1/s  upd=9632  L=0.0357  D=1.578
[regir_norefil] saved resume t_env=415,707
[regir_norefil] 8:47:26  415,707/1,000,000  13.1/s  upd=9640  L=0.0340  D=1.578
[regir_norefil] 8:47:36  415,707/1,000,000  13.1/s  upd=9640  L=0.0340  D=1.578
[regir_norefil] 8:47:47  415,989/1,000,000  13.1/s  upd=9646  L=0.0281  D=1.578
[regir_norefil] 8:47:57  415,989/1,000,000  13.1/s  upd=9648  L=0.0391  D=1.578
[regir_norefil] 8:48:07  416,303/1,000,000  13.1/s  upd=9656  L=0.0342  D=1.578
[regir_norefil] 8:48:17  416,622/1,000,000  13.1/s  upd=9658  L=0.0446  D=1.578
[regir_norefil] 8:48:27  416,622/1,000,000  13.1/s  upd=9664  L=0.0274  D=1.578
[regir_norefil] 8:48:37  416,944/1,000,000  13.1/s  upd=9672  L=0.0355  D=1.578
[regir_norefil] 8:48:48  416,944/1,000,000  13.1/s  upd=9672  L=0.0355  D=1.578
[regir_norefil] 8:48:58  417,274/1,000,000  13.1/s  upd=9678  L=0.0373  D=1.578
[regir_norefil] 8:49:09  417,274/1,000,000  13.1/s  upd=9680  L=0.0360  D=1.578
[regir_norefil] 8:49:19  417,592/1,000,000  13.1/s  upd=9688  L=0.0263  D=1.578
[regir_norefil] 8:49:30  417,882/1,000,000  13.2/s  upd=9690  L=0.0343  D=1.578
[regir_norefil] 8:49:40  417,882/1,000,000  13.1/s  upd=9696  L=0.0270  D=1.578
[regir_norefil] 8:49:50  417,882/1,000,000  13.1/s  upd=9696  L=0.0270  D=1.578
[regir_norefil] 8:50:00  418,217/1,000,000  13.2/s  upd=9704  L=0.0164  D=1.578
[regir_norefil] 8:50:10  418,217/1,000,000  13.1/s  upd=9704  L=0.0164  D=1.578
[regir_norefil] 8:50:20  418,505/1,000,000  13.2/s  upd=9711  L=0.0400  D=1.578
[regir_norefil] 8:50:31  418,505/1,000,000  13.1/s  upd=9712  L=0.0454  D=1.578
[regir_norefil] 8:50:41  418,830/1,000,000  13.2/s  upd=9720  L=0.0278  D=1.578
[regir_norefil] 8:50:51  418,830/1,000,000  13.1/s  upd=9720  L=0.0278  D=1.578
[regir_norefil] report refresh skipped: PermissionError
[regir_norefil] 8:51:01  419,152/1,000,000  13.2/s  upd=9728  L=0.0307  D=1.578
[regir_norefil] 8:51:12  419,152/1,000,000  13.2/s  upd=9728  L=0.0307  D=1.578
[regir_norefil] 8:51:22  419,447/1,000,000  13.2/s  upd=9736  L=0.0332  D=1.578
[regir_norefil] 8:51:32  419,447/1,000,000  13.2/s  upd=9736  L=0.0332  D=1.578
[regir_norefil] 8:51:43  419,808/1,000,000  13.2/s  upd=9743  L=0.0222  D=1.578
[regir_norefil] 8:51:53  419,808/1,000,000  13.2/s  upd=9744  L=0.0272  D=1.578
[regir_norefil] 8:52:04  420,099/1,000,000  13.2/s  upd=9750  L=0.0444  D=1.578
[regir_norefil] saved resume t_env=420,099
[regir_norefil] 8:52:27  420,099/1,000,000  13.1/s  upd=9752  L=0.0359  ev=0/100  D=1.578
[regir_norefil] 8:52:37  420,099/1,000,000  13.1/s  upd=9752  L=0.0359  ev=2/100  D=1.578
[regir_norefil] 8:52:47  420,099/1,000,000  13.1/s  upd=9752  L=0.0359  ev=15/100  D=1.578
[regir_norefil] 8:52:57  420,099/1,000,000  13.1/s  upd=9752  L=0.0359  ev=17/100  D=1.578
[regir_norefil] 8:53:07  420,099/1,000,000  13.1/s  upd=9752  L=0.0359  ev=23/100  D=1.578
[regir_norefil] 8:53:18  420,099/1,000,000  13.1/s  upd=9752  L=0.0359  ev=32/100  D=1.578
[regir_norefil] 8:53:28  420,099/1,000,000  13.1/s  upd=9752  L=0.0359  ev=34/100  D=1.578
[regir_norefil] 8:53:38  420,099/1,000,000  13.1/s  upd=9752  L=0.0359  ev=40/100  D=1.578
[regir_norefil] 8:53:48  420,099/1,000,000  13.1/s  upd=9752  L=0.0359  ev=47/100  D=1.578
[regir_norefil] 8:53:58  420,099/1,000,000  13.1/s  upd=9752  L=0.0359  ev=53/100  D=1.578
[regir_norefil] 8:54:08  420,099/1,000,000  13.1/s  upd=9752  L=0.0359  ev=56/100  D=1.578
[regir_norefil] 8:54:18  420,099/1,000,000  13.1/s  upd=9752  L=0.0359  ev=63/100  D=1.578
[regir_norefil] 8:54:28  420,099/1,000,000  13.1/s  upd=9752  L=0.0359  ev=71/100  D=1.578
[regir_norefil] 8:54:39  420,099/1,000,000  13.1/s  upd=9752  L=0.0359  ev=75/100  D=1.578
[regir_norefil] 8:54:49  420,099/1,000,000  13.1/s  upd=9752  L=0.0359  ev=79/100  D=1.578
[regir_norefil] 8:54:59  420,099/1,000,000  13.1/s  upd=9752  L=0.0359  ev=81/100  D=1.578
[regir_norefil] 8:55:09  420,099/1,000,000  13.1/s  upd=9752  L=0.0359  ev=87/100  D=1.578
[regir_norefil] 8:55:19  420,099/1,000,000  13.1/s  upd=9752  L=0.0359  ev=87/100  D=1.578
[regir_norefil] 8:55:29  420,099/1,000,000  13.1/s  upd=9752  L=0.0359  ev=88/100  D=1.578
[regir_norefil] 8:55:39  420,099/1,000,000  13.1/s  upd=9752  L=0.0359  ev=96/100  D=1.578
[regir_norefil] report refresh skipped: PermissionError
[regir_norefil] 8:55:50  420,099/1,000,000  13.1/s  upd=9752  L=0.0359  D=1.483
[regir_norefil] 8:56:00  420,099/1,000,000  13.1/s  upd=9752  L=0.0359  D=1.483
[regir_norefil] 8:56:11  420,434/1,000,000  13.1/s  upd=9755  L=0.0398  D=1.483
[regir_norefil] report refresh skipped: PermissionError
[regir_norefil] 8:56:21  420,434/1,000,000  13.1/s  upd=9760  L=0.0343  D=1.483
[regir_norefil] 8:56:31  420,761/1,000,000  13.1/s  upd=9765  L=0.0575  D=1.483
[regir_norefil] 8:56:41  420,761/1,000,000  13.1/s  upd=9768  L=0.0375  D=1.483
[regir_norefil] 8:56:52  420,761/1,000,000  13.1/s  upd=9768  L=0.0375  D=1.483
[regir_norefil] 8:57:02  421,071/1,000,000  13.1/s  upd=9776  L=0.0234  D=1.483
[regir_norefil] 8:57:12  421,356/1,000,000  13.1/s  upd=9779  L=0.0288  D=1.483
[regir_norefil] 8:57:22  421,356/1,000,000  13.1/s  upd=9784  L=0.0363  D=1.483
[regir_norefil] 8:57:32  421,356/1,000,000  13.1/s  upd=9784  L=0.0363  D=1.483
[regir_norefil] 8:57:43  421,679/1,000,000  13.1/s  upd=9792  L=0.0232  D=1.483
[regir_norefil] 8:57:53  421,679/1,000,000  13.1/s  upd=9792  L=0.0232  D=1.483
[regir_norefil] 8:58:04  421,971/1,000,000  13.1/s  upd=9798  L=0.0310  D=1.483
[regir_norefil] 8:58:14  421,971/1,000,000  13.1/s  upd=9800  L=0.0319  D=1.483
[regir_norefil] 8:58:24  422,253/1,000,000  13.1/s  upd=9806  L=0.0368  D=1.483
[regir_norefil] 8:58:35  422,253/1,000,000  13.1/s  upd=9808  L=0.0304  D=1.483
[regir_norefil] 8:58:46  422,651/1,000,000  13.1/s  upd=9810  L=0.0370  D=1.483
[regir_norefil] 8:58:56  422,651/1,000,000  13.1/s  upd=9816  L=0.0314  D=1.483
[regir_norefil] 8:59:06  422,932/1,000,000  13.1/s  upd=9824  L=0.0395  D=1.483
[regir_norefil] 8:59:17  422,932/1,000,000  13.1/s  upd=9824  L=0.0395  D=1.483
[regir_norefil] 8:59:27  423,254/1,000,000  13.1/s  upd=9831  L=0.0320  D=1.483
[regir_norefil] 8:59:38  423,254/1,000,000  13.1/s  upd=9832  L=0.0452  D=1.483
[regir_norefil] 8:59:48  423,514/1,000,000  13.1/s  upd=9840  L=0.0277  D=1.483
[regir_norefil] 8:59:58  423,514/1,000,000  13.1/s  upd=9840  L=0.0277  D=1.483
[regir_norefil] 9:00:08  423,514/1,000,000  13.1/s  upd=9840  L=0.0277  D=1.483
[regir_norefil] 9:00:18  423,809/1,000,000  13.1/s  upd=9848  L=0.0340  D=1.483
[regir_norefil] 9:00:29  424,095/1,000,000  13.1/s  upd=9854  L=0.0473  D=1.483
[regir_norefil] 9:00:39  424,095/1,000,000  13.1/s  upd=9856  L=0.0242  D=1.483
[regir_norefil] 9:00:50  424,382/1,000,000  13.1/s  upd=9858  L=0.0293  D=1.483
[regir_norefil] 9:01:00  424,382/1,000,000  13.1/s  upd=9864  L=0.0288  D=1.483
[regir_norefil] 9:01:10  424,382/1,000,000  13.1/s  upd=9864  L=0.0288  D=1.483
[regir_norefil] 9:01:20  424,382/1,000,000  13.1/s  upd=9864  L=0.0288  D=1.483
[regir_norefil] 9:01:30  424,792/1,000,000  13.1/s  upd=9867  L=0.0401  D=1.483
[regir_norefil] report refresh skipped: PermissionError
[regir_norefil] 9:01:40  424,792/1,000,000  13.1/s  upd=9872  L=0.0358  D=1.483
[regir_norefil] 9:01:50  425,108/1,000,000  13.1/s  upd=9874  L=0.0294  D=1.483
[regir_norefil] 9:02:01  425,108/1,000,000  13.1/s  upd=9880  L=0.0395  D=1.483
[regir_norefil] 9:02:11  425,108/1,000,000  13.1/s  upd=9880  L=0.0395  D=1.483
[regir_norefil] 9:02:21  425,486/1,000,000  13.1/s  upd=9885  L=0.0365  D=1.483
[regir_norefil] saved resume t_env=425,486
[regir_norefil] 9:02:31  425,486/1,000,000  13.1/s  upd=9888  L=0.0420  D=1.483
[regir_norefil] 9:02:41  425,768/1,000,000  13.1/s  upd=9894  L=0.0300  D=1.483
[regir_norefil] 9:02:52  425,768/1,000,000  13.1/s  upd=9896  L=0.0337  D=1.483
[regir_norefil] 9:03:02  426,044/1,000,000  13.1/s  upd=9898  L=0.0313  D=1.483
[regir_norefil] 9:03:12  426,044/1,000,000  13.1/s  upd=9904  L=0.0322  D=1.483
[regir_norefil] 9:03:23  426,337/1,000,000  13.1/s  upd=9907  L=0.0238  D=1.483
[regir_norefil] 9:03:33  426,337/1,000,000  13.1/s  upd=9912  L=0.0257  D=1.483
[regir_norefil] 9:03:44  426,337/1,000,000  13.1/s  upd=9912  L=0.0257  D=1.483
[regir_norefil] 9:03:54  426,337/1,000,000  13.1/s  upd=9912  L=0.0257  D=1.483
[regir_norefil] 9:04:04  426,707/1,000,000  13.1/s  upd=9920  L=0.0470  D=1.483
[regir_norefil] 9:04:14  426,707/1,000,000  13.1/s  upd=9920  L=0.0470  D=1.483
[regir_norefil] 9:04:24  427,022/1,000,000  13.1/s  upd=9922  L=0.0388  D=1.483
[regir_norefil] 9:04:35  427,022/1,000,000  13.1/s  upd=9928  L=0.0264  D=1.483
[regir_norefil] 9:04:45  427,287/1,000,000  13.1/s  upd=9934  L=0.0386  D=1.483
[regir_norefil] 9:04:56  427,287/1,000,000  13.1/s  upd=9936  L=0.0320  D=1.483
[regir_norefil] 9:05:06  427,561/1,000,000  13.1/s  upd=9942  L=0.0343  D=1.483
[regir_norefil] 9:05:16  427,561/1,000,000  13.1/s  upd=9944  L=0.0370  D=1.483
[regir_norefil] 9:05:27  427,561/1,000,000  13.1/s  upd=9944  L=0.0370  D=1.483
[regir_norefil] 9:05:37  427,917/1,000,000  13.1/s  upd=9952  L=0.0338  D=1.483
[regir_norefil] 9:05:47  428,206/1,000,000  13.1/s  upd=9957  L=0.0351  D=1.483
[regir_norefil] 9:05:57  428,206/1,000,000  13.1/s  upd=9960  L=0.0336  D=1.483
[regir_norefil] 9:06:08  428,490/1,000,000  13.1/s  upd=9962  L=0.0378  D=1.483
[regir_norefil] 9:06:18  428,490/1,000,000  13.1/s  upd=9968  L=0.0344  D=1.483
[regir_norefil] 9:06:28  428,490/1,000,000  13.1/s  upd=9968  L=0.0344  D=1.483
[regir_norefil] 9:06:39  428,844/1,000,000  13.1/s  upd=9971  L=0.0333  D=1.483
[regir_norefil] report refresh skipped: PermissionError
[regir_norefil] 9:06:49  428,844/1,000,000  13.1/s  upd=9976  L=0.0405  D=1.483
[regir_norefil] 9:06:59  429,151/1,000,000  13.1/s  upd=9980  L=0.0233  D=1.483
[regir_norefil] 9:07:10  429,434/1,000,000  13.1/s  upd=9987  L=0.0400  D=1.483
[regir_norefil] 9:07:20  429,434/1,000,000  13.1/s  upd=9992  L=0.0268  D=1.483
[regir_norefil] 9:07:30  429,799/1,000,000  13.1/s  upd=9995  L=0.0371  D=1.483
[regir_norefil] 9:07:40  429,799/1,000,000  13.1/s  upd=10000  L=0.0439  D=1.483
[regir_norefil] 9:07:50  430,077/1,000,000  13.1/s  upd=10006  L=0.0380  D=1.483
[regir_norefil] 9:08:01  430,077/1,000,000  13.1/s  upd=10008  L=0.0224  D=1.483
[regir_norefil] 9:08:11  430,430/1,000,000  13.1/s  upd=10013  L=0.0214  D=1.483
[regir_norefil] 9:08:21  430,430/1,000,000  13.1/s  upd=10016  L=0.0291  D=1.483
[regir_norefil] 9:08:31  430,742/1,000,000  13.1/s  upd=10018  L=0.0264  D=1.483
[regir_norefil] 9:08:41  430,742/1,000,000  13.1/s  upd=10024  L=0.0449  D=1.483
[regir_norefil] 9:08:51  431,041/1,000,000  13.1/s  upd=10032  L=0.0338  D=1.483
[regir_norefil] 9:09:02  431,041/1,000,000  13.1/s  upd=10032  L=0.0338  D=1.483
[regir_norefil] 9:09:12  431,390/1,000,000  13.1/s  upd=10040  L=0.0283  D=1.483
[regir_norefil] 9:09:22  431,390/1,000,000  13.1/s  upd=10040  L=0.0283  D=1.483
[regir_norefil] 9:09:32  431,716/1,000,000  13.1/s  upd=10046  L=0.0314  D=1.483
[regir_norefil] 9:09:42  431,716/1,000,000  13.1/s  upd=10048  L=0.0328  D=1.483
[regir_norefil] 9:09:52  431,716/1,000,000  13.1/s  upd=10048  L=0.0328  D=1.483
[regir_norefil] 9:10:03  432,068/1,000,000  13.1/s  upd=10055  L=0.0258  D=1.483
[regir_norefil] 9:10:13  432,068/1,000,000  13.1/s  upd=10056  L=0.0233  D=1.483
[regir_norefil] 9:10:24  432,410/1,000,000  13.1/s  upd=10058  L=0.0294  D=1.483
[regir_norefil] 9:10:35  432,410/1,000,000  13.1/s  upd=10064  L=0.0269  D=1.483
[regir_norefil] 9:10:45  432,410/1,000,000  13.1/s  upd=10064  L=0.0269  D=1.483
[regir_norefil] 9:10:55  432,752/1,000,000  13.1/s  upd=10072  L=0.0244  D=1.483
[regir_norefil] 9:11:05  432,752/1,000,000  13.1/s  upd=10072  L=0.0244  D=1.483
[regir_norefil] 9:11:16  432,752/1,000,000  13.1/s  upd=10072  L=0.0244  D=1.483
[regir_norefil] 9:11:26  433,088/1,000,000  13.1/s  upd=10080  L=0.0259  D=1.483
[regir_norefil] 9:11:36  433,088/1,000,000  13.1/s  upd=10080  L=0.0259  D=1.483
[regir_norefil] 9:11:47  433,386/1,000,000  13.1/s  upd=10088  L=0.0576  D=1.483
[regir_norefil] report refresh skipped: PermissionError
[regir_norefil] 9:11:57  433,386/1,000,000  13.1/s  upd=10088  L=0.0576  D=1.483
[regir_norefil] 9:12:08  433,726/1,000,000  13.1/s  upd=10091  L=0.0242  D=1.483
[regir_norefil] 9:12:18  433,726/1,000,000  13.1/s  upd=10096  L=0.0216  D=1.483
[regir_norefil] 9:12:28  434,036/1,000,000  13.1/s  upd=10101  L=0.0430  D=1.483
[regir_norefil] saved resume t_env=434,036
[regir_norefil] 9:12:38  434,036/1,000,000  13.1/s  upd=10104  L=0.0466  D=1.483
[regir_norefil] 9:12:49  434,389/1,000,000  13.1/s  upd=10105  L=0.0355  D=1.483
[regir_norefil] 9:12:59  434,389/1,000,000  13.1/s  upd=10112  L=0.0435  D=1.483
[regir_norefil] 9:13:09  434,678/1,000,000  13.1/s  upd=10116  L=0.0272  D=1.483
[regir_norefil] 9:13:20  434,678/1,000,000  13.1/s  upd=10120  L=0.0257  D=1.483
[regir_norefil] 9:13:30  435,020/1,000,000  13.1/s  upd=10126  L=0.0295  D=1.483
[regir_norefil] 9:13:40  435,020/1,000,000  13.1/s  upd=10128  L=0.0283  D=1.483
[regir_norefil] 9:13:50  435,020/1,000,000  13.1/s  upd=10128  L=0.0283  D=1.483
[regir_norefil] 9:14:00  435,343/1,000,000  13.1/s  upd=10136  L=0.0231  D=1.483
[regir_norefil] 9:14:11  435,343/1,000,000  13.1/s  upd=10136  L=0.0231  D=1.483
[regir_norefil] 9:14:22  435,677/1,000,000  13.1/s  upd=10142  L=0.0150  D=1.483
[regir_norefil] 9:14:32  435,677/1,000,000  13.1/s  upd=10144  L=0.0250  D=1.483
[regir_norefil] 9:14:44  436,052/1,000,000  13.1/s  upd=10151  L=0.0441  D=1.483
[regir_norefil] 9:14:54  436,052/1,000,000  13.1/s  upd=10152  L=0.0392  D=1.483
[regir_norefil] 9:15:04  436,358/1,000,000  13.1/s  upd=10157  L=0.0275  D=1.483
[regir_norefil] 9:15:15  436,358/1,000,000  13.1/s  upd=10160  L=0.0319  D=1.483
[regir_norefil] 9:15:25  436,689/1,000,000  13.1/s  upd=10168  L=0.0239  D=1.483
[regir_norefil] 9:15:35  436,689/1,000,000  13.1/s  upd=10168  L=0.0239  D=1.483
[regir_norefil] 9:15:45  437,013/1,000,000  13.1/s  upd=10175  L=0.0404  D=1.483
[regir_norefil] 9:15:56  437,347/1,000,000  13.1/s  upd=10180  L=0.0252  D=1.483
[regir_norefil] 9:16:06  437,347/1,000,000  13.1/s  upd=10184  L=0.0293  D=1.483
[regir_norefil] 9:16:16  437,632/1,000,000  13.1/s  upd=10187  L=0.0389  D=1.483
[regir_norefil] 9:16:26  437,632/1,000,000  13.1/s  upd=10192  L=0.0420  D=1.483
[regir_norefil] 9:16:36  437,632/1,000,000  13.1/s  upd=10192  L=0.0420  D=1.483
[regir_norefil] 9:16:46  438,032/1,000,000  13.1/s  upd=10199  L=0.0559  D=1.483
[regir_norefil] report refresh skipped: PermissionError
[regir_norefil] 9:16:56  438,032/1,000,000  13.1/s  upd=10200  L=0.0539  D=1.483
[regir_norefil] 9:17:07  438,319/1,000,000  13.1/s  upd=10206  L=0.0266  D=1.483
[regir_norefil] 9:17:17  438,319/1,000,000  13.1/s  upd=10208  L=0.0246  D=1.483
[regir_norefil] 9:17:27  438,319/1,000,000  13.1/s  upd=10208  L=0.0246  D=1.483
[regir_norefil] 9:17:37  438,709/1,000,000  13.1/s  upd=10214  L=0.0322  D=1.483
[regir_norefil] 9:17:47  438,709/1,000,000  13.1/s  upd=10216  L=0.0375  D=1.483
[regir_norefil] 9:17:58  439,037/1,000,000  13.1/s  upd=10221  L=0.0245  D=1.483
[regir_norefil] 9:18:08  439,037/1,000,000  13.1/s  upd=10224  L=0.0184  D=1.483
[regir_norefil] 9:18:19  439,365/1,000,000  13.1/s  upd=10226  L=0.0277  D=1.483
[regir_norefil] 9:18:29  439,365/1,000,000  13.1/s  upd=10232  L=0.0241  D=1.483
[regir_norefil] 9:18:39  439,365/1,000,000  13.1/s  upd=10232  L=0.0241  D=1.483
[regir_norefil] 9:18:50  439,686/1,000,000  13.1/s  upd=10234  L=0.0265  D=1.483
[regir_norefil] 9:19:00  439,686/1,000,000  13.1/s  upd=10240  L=0.0260  D=1.483
[regir_norefil] 9:19:11  440,001/1,000,000  13.1/s  upd=10242  L=0.0314  D=1.483
[regir_norefil] saved resume t_env=440,001
[regir_norefil] 9:19:40  440,001/1,000,000  13.1/s  upd=10248  L=0.0273  ev=0/100  D=1.483
[regir_norefil] 9:19:50  440,001/1,000,000  13.1/s  upd=10248  L=0.0273  ev=1/100  D=1.483
[regir_norefil] 9:20:00  440,001/1,000,000  13.1/s  upd=10248  L=0.0273  ev=8/100  D=1.483
[regir_norefil] 9:20:10  440,001/1,000,000  13.1/s  upd=10248  L=0.0273  ev=15/100  D=1.483
[regir_norefil] 9:20:20  440,001/1,000,000  13.1/s  upd=10248  L=0.0273  ev=15/100  D=1.483
[regir_norefil] 9:20:30  440,001/1,000,000  13.1/s  upd=10248  L=0.0273  ev=20/100  D=1.483
[regir_norefil] 9:20:40  440,001/1,000,000  13.1/s  upd=10248  L=0.0273  ev=30/100  D=1.483
[regir_norefil] 9:20:50  440,001/1,000,000  13.1/s  upd=10248  L=0.0273  ev=31/100  D=1.483
[regir_norefil] 9:21:00  440,001/1,000,000  13.1/s  upd=10248  L=0.0273  ev=32/100  D=1.483
[regir_norefil] 9:21:11  440,001/1,000,000  13.1/s  upd=10248  L=0.0273  ev=39/100  D=1.483
[regir_norefil] 9:21:21  440,001/1,000,000  13.1/s  upd=10248  L=0.0273  ev=46/100  D=1.483
[regir_norefil] 9:21:31  440,001/1,000,000  13.1/s  upd=10248  L=0.0273  ev=48/100  D=1.483
[regir_norefil] 9:21:41  440,001/1,000,000  13.1/s  upd=10248  L=0.0273  ev=55/100  D=1.483
[regir_norefil] 9:21:52  440,001/1,000,000  13.1/s  upd=10248  L=0.0273  ev=56/100  D=1.483
[regir_norefil] 9:22:02  440,001/1,000,000  13.0/s  upd=10248  L=0.0273  ev=59/100  D=1.483
[regir_norefil] 9:22:12  440,001/1,000,000  13.0/s  upd=10248  L=0.0273  ev=69/100  D=1.483
[regir_norefil] 9:22:22  440,001/1,000,000  13.0/s  upd=10248  L=0.0273  ev=72/100  D=1.483
[regir_norefil] 9:22:32  440,001/1,000,000  13.0/s  upd=10248  L=0.0273  ev=75/100  D=1.483
[regir_norefil] 9:22:42  440,001/1,000,000  13.0/s  upd=10248  L=0.0273  ev=80/100  D=1.483
[regir_norefil] 9:22:52  440,001/1,000,000  13.0/s  upd=10248  L=0.0273  ev=88/100  D=1.483
[regir_norefil] 9:23:03  440,001/1,000,000  13.0/s  upd=10248  L=0.0273  ev=95/100  D=1.483
[regir_norefil] 9:23:13  440,001/1,000,000  13.0/s  upd=10248  L=0.0273  ev=95/100  D=1.483
[regir_norefil] 9:23:23  440,001/1,000,000  13.0/s  upd=10248  L=0.0273  ev=96/100  D=1.483
[regir_norefil] report refresh skipped: PermissionError
[regir_norefil] report refresh skipped: PermissionError
[regir_norefil] 9:23:33  440,001/1,000,000  13.0/s  upd=10248  L=0.0273  D=1.304
[regir_norefil] 9:23:43  440,001/1,000,000  13.0/s  upd=10248  L=0.0273  D=1.304
[regir_norefil] 9:23:54  440,300/1,000,000  13.0/s  upd=10254  L=0.0342  D=1.304
[regir_norefil] 9:24:04  440,300/1,000,000  13.0/s  upd=10256  L=0.0389  D=1.304
[regir_norefil] 9:24:14  440,300/1,000,000  13.0/s  upd=10256  L=0.0389  D=1.304
[regir_norefil] 9:24:24  440,628/1,000,000  13.0/s  upd=10260  L=0.0280  D=1.304
[regir_norefil] 9:24:34  440,628/1,000,000  13.0/s  upd=10264  L=0.0348  D=1.304
[regir_norefil] 9:24:45  440,924/1,000,000  13.0/s  upd=10272  L=0.0350  D=1.304
[regir_norefil] 9:24:55  440,924/1,000,000  13.0/s  upd=10272  L=0.0350  D=1.304
[regir_norefil] 9:25:06  441,194/1,000,000  13.0/s  upd=10275  L=0.0224  D=1.304
[regir_norefil] 9:25:16  441,194/1,000,000  13.0/s  upd=10280  L=0.0299  D=1.304
[regir_norefil] 9:25:27  441,536/1,000,000  13.0/s  upd=10286  L=0.0271  D=1.304
[regir_norefil] 9:25:37  441,536/1,000,000  13.0/s  upd=10288  L=0.0364  D=1.304
[regir_norefil] 9:25:47  441,536/1,000,000  13.0/s  upd=10288  L=0.0364  D=1.304
[regir_norefil] 9:25:57  441,863/1,000,000  13.0/s  upd=10296  L=0.0293  D=1.304
[regir_norefil] 9:26:07  441,863/1,000,000  13.0/s  upd=10296  L=0.0293  D=1.304
[regir_norefil] 9:26:18  442,146/1,000,000  13.0/s  upd=10302  L=0.0245  D=1.304
[regir_norefil] 9:26:28  442,146/1,000,000  13.0/s  upd=10304  L=0.0318  D=1.304
[regir_norefil] 9:26:38  442,513/1,000,000  13.0/s  upd=10312  L=0.0330  D=1.304
[regir_norefil] 9:26:48  442,513/1,000,000  13.0/s  upd=10312  L=0.0330  D=1.304
[regir_norefil] 9:27:00  442,833/1,000,000  13.0/s  upd=10315  L=0.0300  D=1.304
[regir_norefil] 9:27:10  442,833/1,000,000  13.0/s  upd=10320  L=0.0181  D=1.304
[regir_norefil] 9:27:20  443,153/1,000,000  13.0/s  upd=10327  L=0.0277  D=1.304
[regir_norefil] 9:27:31  443,153/1,000,000  13.0/s  upd=10328  L=0.0196  D=1.304
[regir_norefil] 9:27:41  443,153/1,000,000  13.0/s  upd=10328  L=0.0196  D=1.304
[regir_norefil] 9:27:51  443,470/1,000,000  13.0/s  upd=10336  L=0.0274  D=1.304
[regir_norefil] 9:28:02  443,771/1,000,000  13.0/s  upd=10339  L=0.0318  D=1.304
[regir_norefil] 9:28:12  443,771/1,000,000  13.0/s  upd=10344  L=0.0302  D=1.304
[regir_norefil] 9:28:22  443,771/1,000,000  13.0/s  upd=10344  L=0.0302  D=1.304
[regir_norefil] 9:28:32  444,139/1,000,000  13.0/s  upd=10352  L=0.0170  D=1.304
[regir_norefil] 9:28:42  444,139/1,000,000  13.0/s  upd=10352  L=0.0170  D=1.304
[regir_norefil] 9:28:53  444,139/1,000,000  13.0/s  upd=10352  L=0.0170  D=1.304
[regir_norefil] report refresh skipped: PermissionError
[regir_norefil] 9:29:03  444,474/1,000,000  13.0/s  upd=10360  L=0.0387  D=1.304
[regir_norefil] 9:29:13  444,474/1,000,000  13.0/s  upd=10360  L=0.0387  D=1.304
[regir_norefil] 9:29:23  444,830/1,000,000  13.0/s  upd=10361  L=0.0263  D=1.304
[regir_norefil] 9:29:34  444,830/1,000,000  13.0/s  upd=10368  L=0.0295  D=1.304
[regir_norefil] saved resume t_env=444,830
[regir_norefil] 9:29:44  444,830/1,000,000  13.0/s  upd=10368  L=0.0295  D=1.304
[regir_norefil] 9:29:54  444,830/1,000,000  13.0/s  upd=10368  L=0.0295  D=1.304
[regir_norefil] 9:30:05  445,156/1,000,000  13.0/s  upd=10370  L=0.0197  D=1.304
[regir_norefil] 9:30:15  445,156/1,000,000  13.0/s  upd=10376  L=0.0401  D=1.304
[regir_norefil] 9:30:25  445,156/1,000,000  13.0/s  upd=10376  L=0.0401  D=1.304
[regir_norefil] 9:30:35  445,456/1,000,000  13.0/s  upd=10384  L=0.0294  D=1.304
[regir_norefil] 9:30:46  445,756/1,000,000  13.0/s  upd=10386  L=0.0337  D=1.304
[regir_norefil] 9:30:56  445,756/1,000,000  13.0/s  upd=10392  L=0.0238  D=1.304
[regir_norefil] 9:31:07  446,049/1,000,000  13.0/s  upd=10397  L=0.0276  D=1.304
[regir_norefil] 9:31:17  446,049/1,000,000  13.0/s  upd=10400  L=0.0209  D=1.304
[regir_norefil] 9:31:27  446,344/1,000,000  13.0/s  upd=10408  L=0.0310  D=1.304
[regir_norefil] 9:31:37  446,671/1,000,000  13.0/s  upd=10416  L=0.0365  D=1.304
[regir_norefil] 9:31:47  446,671/1,000,000  13.0/s  upd=10416  L=0.0365  D=1.304
[regir_norefil] 9:31:57  446,955/1,000,000  13.0/s  upd=10421  L=0.0406  D=1.304
[regir_norefil] 9:32:07  447,267/1,000,000  13.0/s  upd=10429  L=0.0240  D=1.304
[regir_norefil] 9:32:18  447,267/1,000,000  13.0/s  upd=10432  L=0.0304  D=1.304
[regir_norefil] 9:32:28  447,585/1,000,000  13.0/s  upd=10437  L=0.0269  D=1.304
[regir_norefil] 9:32:38  447,585/1,000,000  13.0/s  upd=10440  L=0.0191  D=1.304
[regir_norefil] 9:32:48  447,951/1,000,000  13.0/s  upd=10445  L=0.0337  D=1.304
[regir_norefil] 9:32:59  448,257/1,000,000  13.0/s  upd=10454  L=0.0287  D=1.304
[regir_norefil] 9:33:10  448,576/1,000,000  13.0/s  upd=10460  L=0.0321  D=1.304
[regir_norefil] 9:33:20  448,874/1,000,000  13.0/s  upd=10472  L=0.0342  D=1.304
[regir_norefil] 9:33:30  449,164/1,000,000  13.1/s  upd=10476  L=0.0239  D=1.304
[regir_norefil] 9:33:40  449,164/1,000,000  13.0/s  upd=10480  L=0.0302  D=1.304
[regir_norefil] 9:33:51  449,431/1,000,000  13.1/s  upd=10488  L=0.0348  D=1.304
[regir_norefil] 9:34:02  449,731/1,000,000  13.1/s  upd=10490  L=0.0369  D=1.304
[regir_norefil] report refresh skipped: PermissionError
[regir_norefil] 9:34:12  449,731/1,000,000  13.1/s  upd=10496  L=0.0316  D=1.304
[regir_norefil] 9:34:22  450,035/1,000,000  13.1/s  upd=10496  L=0.0316  D=1.304
[regir_norefil] 9:34:32  450,035/1,000,000  13.1/s  upd=10504  L=0.0286  D=1.304
[regir_norefil] 9:34:43  450,373/1,000,000  13.1/s  upd=10507  L=0.0249  D=1.304
[regir_norefil] 9:34:53  450,373/1,000,000  13.1/s  upd=10512  L=0.0318  D=1.304
[regir_norefil] 9:35:04  450,725/1,000,000  13.1/s  upd=10517  L=0.0320  D=1.304
[regir_norefil] 9:35:14  450,725/1,000,000  13.1/s  upd=10520  L=0.0441  D=1.304
[regir_norefil] 9:35:24  451,029/1,000,000  13.1/s  upd=10528  L=0.0337  D=1.304
[regir_norefil] 9:35:34  451,349/1,000,000  13.1/s  upd=10536  L=0.0318  D=1.304
[regir_norefil] 9:35:44  451,632/1,000,000  13.1/s  upd=10538  L=0.0308  D=1.304
[regir_norefil] 9:35:54  451,632/1,000,000  13.1/s  upd=10544  L=0.0366  D=1.304
[regir_norefil] 9:36:05  451,918/1,000,000  13.1/s  upd=10552  L=0.0209  D=1.304
[regir_norefil] 9:36:15  452,209/1,000,000  13.1/s  upd=10553  L=0.0317  D=1.304
[regir_norefil] 9:36:25  452,209/1,000,000  13.1/s  upd=10560  L=0.0327  D=1.304
[regir_norefil] 9:36:35  452,580/1,000,000  13.1/s  upd=10562  L=0.0225  D=1.304
[regir_norefil] 9:36:46  452,580/1,000,000  13.1/s  upd=10568  L=0.0306  D=1.304
[regir_norefil] 9:36:56  452,884/1,000,000  13.1/s  upd=10576  L=0.0302  D=1.304
[regir_norefil] 9:37:06  453,179/1,000,000  13.1/s  upd=10583  L=0.0362  D=1.304
[regir_norefil] 9:37:17  453,531/1,000,000  13.1/s  upd=10585  L=0.0308  D=1.304
[regir_norefil] 9:37:28  453,531/1,000,000  13.1/s  upd=10592  L=0.0382  D=1.304
[regir_norefil] 9:37:39  453,888/1,000,000  13.1/s  upd=10593  L=0.0364  D=1.304
[regir_norefil] 9:37:49  453,888/1,000,000  13.1/s  upd=10600  L=0.0346  D=1.304
[regir_norefil] 9:37:59  453,888/1,000,000  13.1/s  upd=10600  L=0.0346  D=1.304
[regir_norefil] 9:38:09  454,220/1,000,000  13.1/s  upd=10608  L=0.0370  D=1.304
[regir_norefil] 9:38:21  454,576/1,000,000  13.1/s  upd=10613  L=0.0322  D=1.304
[regir_norefil] 9:38:31  454,576/1,000,000  13.1/s  upd=10616  L=0.0341  D=1.304
[regir_norefil] 9:38:41  454,897/1,000,000  13.1/s  upd=10624  L=0.0418  D=1.304
[regir_norefil] 9:38:51  455,179/1,000,000  13.1/s  upd=10626  L=0.0249  D=1.304
[regir_norefil] 9:39:02  455,179/1,000,000  13.1/s  upd=10632  L=0.0229  D=1.304
[regir_norefil] 9:39:13  455,540/1,000,000  13.1/s  upd=10640  L=0.0273  D=1.304
[regir_norefil] report refresh skipped: PermissionError
[regir_norefil] 9:39:23  455,540/1,000,000  13.1/s  upd=10640  L=0.0273  D=1.304
[regir_norefil] 9:39:34  455,835/1,000,000  13.1/s  upd=10648  L=0.0421  D=1.304
[regir_norefil] 9:39:44  456,147/1,000,000  13.1/s  upd=10649  L=0.0629  D=1.304
[regir_norefil] saved resume t_env=456,147
[regir_norefil] 9:39:54  456,147/1,000,000  13.1/s  upd=10656  L=0.0254  D=1.304
[regir_norefil] 9:40:04  456,147/1,000,000  13.1/s  upd=10656  L=0.0254  D=1.304
[regir_norefil] 9:40:14  456,509/1,000,000  13.1/s  upd=10664  L=0.0396  D=1.304
[regir_norefil] 9:40:25  456,800/1,000,000  13.1/s  upd=10666  L=0.0321  D=1.304
[regir_norefil] 9:40:35  456,800/1,000,000  13.1/s  upd=10672  L=0.0261  D=1.304
[regir_norefil] 9:40:46  457,086/1,000,000  13.1/s  upd=10678  L=0.0280  D=1.304
[regir_norefil] 9:40:56  457,086/1,000,000  13.1/s  upd=10680  L=0.0236  D=1.304
[regir_norefil] 9:41:06  457,086/1,000,000  13.1/s  upd=10680  L=0.0236  D=1.304
[regir_norefil] 9:41:16  457,435/1,000,000  13.1/s  upd=10688  L=0.0432  D=1.304
[regir_norefil] 9:41:27  457,708/1,000,000  13.1/s  upd=10690  L=0.0283  D=1.304
[regir_norefil] 9:41:37  457,708/1,000,000  13.1/s  upd=10696  L=0.0241  D=1.304
[regir_norefil] 9:41:47  457,987/1,000,000  13.1/s  upd=10704  L=0.0493  D=1.304
[regir_norefil] 9:41:57  458,262/1,000,000  13.1/s  upd=10711  L=0.0244  D=1.304
[regir_norefil] 9:42:08  458,544/1,000,000  13.1/s  upd=10716  L=0.0232  D=1.304
[regir_norefil] 9:42:18  458,544/1,000,000  13.1/s  upd=10720  L=0.0365  D=1.304
[regir_norefil] 9:42:28  458,879/1,000,000  13.1/s  upd=10728  L=0.0221  D=1.304
[regir_norefil] 9:42:38  459,151/1,000,000  13.1/s  upd=10736  L=0.0406  D=1.304
[regir_norefil] 9:42:49  459,468/1,000,000  13.1/s  upd=10737  L=0.0348  D=1.304
[regir_norefil] 9:42:59  459,468/1,000,000  13.1/s  upd=10744  L=0.0227  D=1.304
[regir_norefil] 9:43:09  459,745/1,000,000  13.1/s  upd=10752  L=0.0341  D=1.304
[regir_norefil] saved resume t_env=460,061
[regir_norefil] 9:43:37  460,061/1,000,000  13.1/s  upd=10760  L=0.0386  ev=0/100  D=1.304
[regir_norefil] 9:43:47  460,061/1,000,000  13.1/s  upd=10760  L=0.0386  ev=8/100  D=1.304
[regir_norefil] 9:43:57  460,061/1,000,000  13.1/s  upd=10760  L=0.0386  ev=24/100  D=1.304
[regir_norefil] 9:44:07  460,061/1,000,000  13.1/s  upd=10760  L=0.0386  ev=40/100  D=1.304
[regir_norefil] 9:44:17  460,061/1,000,000  13.1/s  upd=10760  L=0.0386  ev=45/100  D=1.304
[regir_norefil] 9:44:27  460,061/1,000,000  13.1/s  upd=10760  L=0.0386  ev=48/100  D=1.304
[regir_norefil] 9:44:37  460,061/1,000,000  13.1/s  upd=10760  L=0.0386  ev=61/100  D=1.304
[regir_norefil] 9:44:48  460,061/1,000,000  13.1/s  upd=10760  L=0.0386  ev=64/100  D=1.304
[regir_norefil] 9:44:58  460,061/1,000,000  13.1/s  upd=10760  L=0.0386  ev=75/100  D=1.304
[regir_norefil] 9:45:08  460,061/1,000,000  13.1/s  upd=10760  L=0.0386  ev=80/100  D=1.304
[regir_norefil] 9:45:18  460,061/1,000,000  13.1/s  upd=10760  L=0.0386  ev=91/100  D=1.304
[regir_norefil] 9:45:29  460,061/1,000,000  13.1/s  upd=10760  L=0.0386  ev=95/100  D=1.304
[regir_norefil] report refresh skipped: PermissionError
[regir_norefil] report refresh skipped: PermissionError
[regir_norefil] 9:45:39  460,061/1,000,000  13.1/s  upd=10760  L=0.0386  D=1.300
[regir_norefil] 9:45:49  460,351/1,000,000  13.1/s  upd=10768  L=0.0263  D=1.300
[regir_norefil] 9:45:59  460,651/1,000,000  13.1/s  upd=10776  L=0.0312  D=1.300
[regir_norefil] 9:46:09  460,977/1,000,000  13.1/s  upd=10780  L=0.0293  D=1.300
[regir_norefil] 9:46:20  461,233/1,000,000  13.1/s  upd=10790  L=0.0188  D=1.300
[regir_norefil] 9:46:31  461,541/1,000,000  13.1/s  upd=10794  L=0.0280  D=1.300
[regir_norefil] 9:46:41  461,541/1,000,000  13.1/s  upd=10800  L=0.0288  D=1.300
[regir_norefil] 9:46:51  461,841/1,000,000  13.1/s  upd=10808  L=0.0254  D=1.300
[regir_norefil] 9:47:01  462,120/1,000,000  13.1/s  upd=10816  L=0.0308  D=1.300
[regir_norefil] 9:47:11  462,461/1,000,000  13.1/s  upd=10818  L=0.0318  D=1.300
[regir_norefil] 9:47:21  462,461/1,000,000  13.1/s  upd=10824  L=0.0392  D=1.300
[regir_norefil] 9:47:31  462,756/1,000,000  13.1/s  upd=10828  L=0.0330  D=1.300
[regir_norefil] 9:47:42  463,085/1,000,000  13.1/s  upd=10833  L=0.0265  D=1.300
[regir_norefil] 9:47:52  463,085/1,000,000  13.1/s  upd=10840  L=0.0327  D=1.300
[regir_norefil] 9:48:03  463,367/1,000,000  13.1/s  upd=10846  L=0.0435  D=1.300
[regir_norefil] 9:48:13  463,367/1,000,000  13.1/s  upd=10848  L=0.0314  D=1.300
[regir_norefil] 9:48:23  463,749/1,000,000  13.1/s  upd=10851  L=0.0301  D=1.300
[regir_norefil] 9:48:33  463,749/1,000,000  13.1/s  upd=10856  L=0.0336  D=1.300
[regir_norefil] 9:48:44  464,066/1,000,000  13.1/s  upd=10863  L=0.0560  D=1.300
[regir_norefil] 9:48:54  464,066/1,000,000  13.1/s  upd=10864  L=0.0329  D=1.300
[regir_norefil] 9:49:04  464,323/1,000,000  13.1/s  upd=10872  L=0.0214  D=1.300
[regir_norefil] 9:49:14  464,323/1,000,000  13.1/s  upd=10872  L=0.0214  D=1.300
[regir_norefil] 9:49:25  464,643/1,000,000  13.1/s  upd=10878  L=0.0231  D=1.300
[regir_norefil] 9:49:36  464,973/1,000,000  13.1/s  upd=10886  L=0.0229  D=1.300
[regir_norefil] 9:49:46  464,973/1,000,000  13.1/s  upd=10888  L=0.0274  D=1.300
[regir_norefil] 9:49:56  465,281/1,000,000  13.1/s  upd=10896  L=0.0189  D=1.300
[regir_norefil] 9:50:07  465,649/1,000,000  13.2/s  upd=10897  L=0.0279  D=1.300
[regir_norefil] 9:50:17  465,649/1,000,000  13.1/s  upd=10904  L=0.0228  D=1.300
[regir_norefil] 9:50:28  465,910/1,000,000  13.2/s  upd=10912  L=0.0332  D=1.300
[regir_norefil] 9:50:38  466,209/1,000,000  13.2/s  upd=10915  L=0.0340  D=1.300
[regir_norefil] report refresh skipped: PermissionError
[regir_norefil] 9:50:48  466,209/1,000,000  13.2/s  upd=10920  L=0.0277  D=1.300
[regir_norefil] 9:50:58  466,486/1,000,000  13.2/s  upd=10924  L=0.0494  D=1.300
[regir_norefil] 9:51:09  466,486/1,000,000  13.2/s  upd=10928  L=0.0284  D=1.300
[regir_norefil] 9:51:19  466,821/1,000,000  13.2/s  upd=10936  L=0.0212  D=1.300
[regir_norefil] 9:51:29  467,117/1,000,000  13.2/s  upd=10940  L=0.0293  D=1.300
[regir_norefil] 9:51:40  467,394/1,000,000  13.2/s  upd=10946  L=0.0360  D=1.300
[regir_norefil] 9:51:50  467,394/1,000,000  13.2/s  upd=10952  L=0.0324  D=1.300
[regir_norefil] 9:52:00  467,695/1,000,000  13.2/s  upd=10955  L=0.0281  D=1.300
[regir_norefil] 9:52:10  467,695/1,000,000  13.2/s  upd=10960  L=0.0324  D=1.300
[regir_norefil] 9:52:21  467,985/1,000,000  13.2/s  upd=10968  L=0.0235  D=1.300
[regir_norefil] 9:52:31  467,985/1,000,000  13.2/s  upd=10968  L=0.0235  D=1.300
[regir_norefil] 9:52:41  468,348/1,000,000  13.2/s  upd=10976  L=0.0398  D=1.300
[regir_norefil] 9:52:51  468,348/1,000,000  13.2/s  upd=10976  L=0.0398  D=1.300
[regir_norefil] 9:53:02  468,638/1,000,000  13.2/s  upd=10984  L=0.0296  D=1.300
[regir_norefil] 9:53:12  468,960/1,000,000  13.2/s  upd=10989  L=0.0337  D=1.300
[regir_norefil] 9:53:22  468,960/1,000,000  13.2/s  upd=10992  L=0.0315  D=1.300
[regir_norefil] saved resume t_env=469,274
[regir_norefil] 9:53:33  469,274/1,000,000  13.2/s  upd=11000  L=0.0252  D=1.300
[regir_norefil] 9:53:44  469,624/1,000,000  13.2/s  upd=11002  L=0.0275  D=1.300
[regir_norefil] 9:53:54  469,624/1,000,000  13.2/s  upd=11008  L=0.0230  D=1.300
[regir_norefil] 9:54:04  469,943/1,000,000  13.2/s  upd=11016  L=0.0219  D=1.300
[regir_norefil] 9:54:14  470,259/1,000,000  13.2/s  upd=11019  L=0.0239  D=1.300
[regir_norefil] 9:54:24  470,259/1,000,000  13.2/s  upd=11024  L=0.0388  D=1.300
[regir_norefil] 9:54:35  470,586/1,000,000  13.2/s  upd=11030  L=0.0312  D=1.300
[regir_norefil] 9:54:45  470,894/1,000,000  13.2/s  upd=11033  L=0.0250  D=1.300
[regir_norefil] 9:54:55  470,894/1,000,000  13.2/s  upd=11040  L=0.0299  D=1.300
[regir_norefil] 9:55:05  471,212/1,000,000  13.2/s  upd=11044  L=0.0348  D=1.300
[regir_norefil] 9:55:16  471,505/1,000,000  13.2/s  upd=11049  L=0.0347  D=1.300
[regir_norefil] 9:55:26  471,505/1,000,000  13.2/s  upd=11056  L=0.0263  D=1.300
[regir_norefil] 9:55:36  471,791/1,000,000  13.2/s  upd=11059  L=0.0291  D=1.300
[regir_norefil] 9:55:46  471,791/1,000,000  13.2/s  upd=11064  L=0.0275  D=1.300
[regir_norefil] 9:55:56  472,083/1,000,000  13.2/s  upd=11068  L=0.0251  D=1.300
[regir_norefil] report refresh skipped: PermissionError
[regir_norefil] 9:56:07  472,083/1,000,000  13.2/s  upd=11072  L=0.0251  D=1.300
[regir_norefil] 9:56:17  472,384/1,000,000  13.2/s  upd=11080  L=0.0306  D=1.300
[regir_norefil] 9:56:27  472,739/1,000,000  13.2/s  upd=11086  L=0.0241  D=1.300
[regir_norefil] 9:56:37  472,739/1,000,000  13.2/s  upd=11088  L=0.0282  D=1.300
[regir_norefil] 9:56:48  473,025/1,000,000  13.2/s  upd=11096  L=0.0373  D=1.300
[regir_norefil] 9:56:58  473,025/1,000,000  13.2/s  upd=11096  L=0.0373  D=1.300
[regir_norefil] 9:57:08  473,367/1,000,000  13.2/s  upd=11104  L=0.0392  D=1.300
[regir_norefil] 9:57:19  473,707/1,000,000  13.2/s  upd=11111  L=0.0251  D=1.300
[regir_norefil] 9:57:29  473,980/1,000,000  13.2/s  upd=11114  L=0.0299  D=1.300
[regir_norefil] 9:57:39  473,980/1,000,000  13.2/s  upd=11120  L=0.0233  D=1.300
[regir_norefil] 9:57:50  474,326/1,000,000  13.2/s  upd=11122  L=0.0275  D=1.300
[regir_norefil] 9:58:00  474,326/1,000,000  13.2/s  upd=11128  L=0.0282  D=1.300
[regir_norefil] 9:58:10  474,615/1,000,000  13.2/s  upd=11136  L=0.0386  D=1.300
[regir_norefil] 9:58:20  474,615/1,000,000  13.2/s  upd=11136  L=0.0386  D=1.300
[regir_norefil] 9:58:30  474,894/1,000,000  13.2/s  upd=11144  L=0.0263  D=1.300
[regir_norefil] 9:58:41  475,184/1,000,000  13.2/s  upd=11147  L=0.0415  D=1.300
[regir_norefil] 9:58:51  475,184/1,000,000  13.2/s  upd=11152  L=0.0268  D=1.300
[regir_norefil] 9:59:01  475,472/1,000,000  13.2/s  upd=11160  L=0.0256  D=1.300
[regir_norefil] 9:59:11  475,472/1,000,000  13.2/s  upd=11160  L=0.0256  D=1.300
[regir_norefil] 9:59:21  475,774/1,000,000  13.2/s  upd=11168  L=0.0316  D=1.300
[regir_norefil] 9:59:31  476,080/1,000,000  13.2/s  upd=11174  L=0.0332  D=1.300
[regir_norefil] 9:59:42  476,080/1,000,000  13.2/s  upd=11176  L=0.0219  D=1.300
[regir_norefil] 9:59:52  476,442/1,000,000  13.2/s  upd=11183  L=0.0397  D=1.300
[regir_norefil] 10:00:02  476,442/1,000,000  13.2/s  upd=11184  L=0.0372  D=1.300
[regir_norefil] 10:00:13  476,790/1,000,000  13.2/s  upd=11190  L=0.0412  D=1.300
[regir_norefil] 10:00:23  477,124/1,000,000  13.2/s  upd=11193  L=0.0296  D=1.300
[regir_norefil] 10:00:33  477,124/1,000,000  13.2/s  upd=11200  L=0.0257  D=1.300
[regir_norefil] 10:00:43  477,452/1,000,000  13.2/s  upd=11208  L=0.0278  D=1.300
[regir_norefil] 10:00:53  477,452/1,000,000  13.2/s  upd=11208  L=0.0278  D=1.300
[regir_norefil] report refresh skipped: PermissionError
[regir_norefil] 10:01:03  477,740/1,000,000  13.2/s  upd=11216  L=0.0277  D=1.300
[regir_norefil] 10:01:14  478,060/1,000,000  13.3/s  upd=11221  L=0.0233  D=1.300
[regir_norefil] 10:01:24  478,060/1,000,000  13.2/s  upd=11224  L=0.0320  D=1.300
[regir_norefil] 10:01:34  478,422/1,000,000  13.3/s  upd=11232  L=0.0180  D=1.300
[regir_norefil] 10:01:45  478,422/1,000,000  13.3/s  upd=11232  L=0.0180  D=1.300
[regir_norefil] 10:01:55  478,736/1,000,000  13.3/s  upd=11240  L=0.0335  D=1.300
[regir_norefil] 10:02:05  479,023/1,000,000  13.3/s  upd=11248  L=0.0304  D=1.300
[regir_norefil] 10:02:15  479,673/1,000,000  13.3/s  upd=11259  L=0.0291  D=1.300
[regir_norefil] 10:02:25  479,954/1,000,000  13.3/s  upd=11267  L=0.0204  D=1.300
[regir_norefil] 10:02:35  479,954/1,000,000  13.3/s  upd=11272  L=0.0304  D=1.300
[regir_norefil] saved resume t_env=480,248
[regir_norefil] 10:03:04  480,248/1,000,000  13.3/s  upd=11280  L=0.0323  ev=0/100  D=1.300
[regir_norefil] 10:03:14  480,248/1,000,000  13.3/s  upd=11280  L=0.0323  ev=14/100  D=1.300
[regir_norefil] 10:03:24  480,248/1,000,000  13.3/s  upd=11280  L=0.0323  ev=24/100  D=1.300
[regir_norefil] 10:03:34  480,248/1,000,000  13.3/s  upd=11280  L=0.0323  ev=36/100  D=1.300
[regir_norefil] 10:03:44  480,248/1,000,000  13.3/s  upd=11280  L=0.0323  ev=48/100  D=1.300
[regir_norefil] 10:03:54  480,248/1,000,000  13.3/s  upd=11280  L=0.0323  ev=55/100  D=1.300
[regir_norefil] 10:04:05  480,248/1,000,000  13.3/s  upd=11280  L=0.0323  ev=63/100  D=1.300
[regir_norefil] 10:04:15  480,248/1,000,000  13.2/s  upd=11280  L=0.0323  ev=65/100  D=1.300
[regir_norefil] 10:04:25  480,248/1,000,000  13.2/s  upd=11280  L=0.0323  ev=72/100  D=1.300
[regir_norefil] 10:04:35  480,248/1,000,000  13.2/s  upd=11280  L=0.0323  ev=88/100  D=1.300
[regir_norefil] 10:04:45  480,248/1,000,000  13.2/s  upd=11280  L=0.0323  ev=96/100  D=1.300
[regir_norefil] report refresh skipped: PermissionError
[regir_norefil] 10:04:55  480,248/1,000,000  13.2/s  upd=11280  L=0.0323  D=1.340
[regir_norefil] 10:05:06  480,565/1,000,000  13.2/s  upd=11285  L=0.0410  D=1.340
[regir_norefil] 10:05:16  480,565/1,000,000  13.2/s  upd=11288  L=0.0330  D=1.340
[regir_norefil] 10:05:26  480,853/1,000,000  13.2/s  upd=11296  L=0.0256  D=1.340
[regir_norefil] 10:05:37  481,186/1,000,000  13.2/s  upd=11297  L=0.0163  D=1.340
[regir_norefil] 10:05:47  481,186/1,000,000  13.2/s  upd=11304  L=0.0196  D=1.340
[regir_norefil] 10:05:57  481,458/1,000,000  13.2/s  upd=11309  L=0.0230  D=1.340
[regir_norefil] 10:06:08  481,709/1,000,000  13.2/s  upd=11315  L=0.0176  D=1.340
[regir_norefil] report refresh skipped: PermissionError
[regir_norefil] 10:06:18  482,023/1,000,000  13.3/s  upd=11322  L=0.0315  D=1.340
[regir_norefil] 10:06:28  482,023/1,000,000  13.2/s  upd=11328  L=0.0332  D=1.340
[regir_norefil] 10:06:38  482,315/1,000,000  13.3/s  upd=11336  L=0.0235  D=1.340
[regir_norefil] 10:06:48  482,315/1,000,000  13.2/s  upd=11336  L=0.0235  D=1.340
[regir_norefil] 10:06:59  482,598/1,000,000  13.3/s  upd=11344  L=0.0251  D=1.340
[regir_norefil] 10:07:09  482,882/1,000,000  13.3/s  upd=11349  L=0.0290  D=1.340
[regir_norefil] 10:07:20  482,882/1,000,000  13.3/s  upd=11352  L=0.0351  D=1.340
[regir_norefil] 10:07:30  483,182/1,000,000  13.3/s  upd=11360  L=0.0232  D=1.340
[regir_norefil] 10:07:40  483,479/1,000,000  13.3/s  upd=11368  L=0.0394  D=1.340
[regir_norefil] 10:07:50  483,479/1,000,000  13.3/s  upd=11368  L=0.0394  D=1.340
[regir_norefil] 10:08:00  483,737/1,000,000  13.3/s  upd=11376  L=0.0219  D=1.340
[regir_norefil] 10:08:11  484,043/1,000,000  13.3/s  upd=11383  L=0.0193  D=1.340
[regir_norefil] 10:08:21  484,043/1,000,000  13.3/s  upd=11384  L=0.0300  D=1.340
[regir_norefil] 10:08:32  484,334/1,000,000  13.3/s  upd=11392  L=0.0259  D=1.340
[regir_norefil] 10:08:43  484,580/1,000,000  13.3/s  upd=11395  L=0.0553  D=1.340
[regir_norefil] 10:08:53  484,891/1,000,000  13.3/s  upd=11402  L=0.0212  D=1.340
[regir_norefil] 10:09:03  484,891/1,000,000  13.3/s  upd=11408  L=0.0287  D=1.340
[regir_norefil] 10:09:13  485,180/1,000,000  13.3/s  upd=11414  L=0.0303  D=1.340
[regir_norefil] 10:09:23  485,180/1,000,000  13.3/s  upd=11416  L=0.0388  D=1.340
[regir_norefil] 10:09:34  485,493/1,000,000  13.3/s  upd=11424  L=0.0260  D=1.340
[regir_norefil] 10:09:44  485,826/1,000,000  13.3/s  upd=11428  L=0.0242  D=1.340
[regir_norefil] 10:09:54  485,826/1,000,000  13.3/s  upd=11432  L=0.0184  D=1.340
[regir_norefil] 10:10:05  486,147/1,000,000  13.3/s  upd=11440  L=0.0277  D=1.340
[regir_norefil] 10:10:15  486,423/1,000,000  13.3/s  upd=11448  L=0.0230  D=1.340
[regir_norefil] 10:10:25  486,846/1,000,000  13.3/s  upd=11454  L=0.0289  D=1.340
[regir_norefil] 10:10:35  487,153/1,000,000  13.3/s  upd=11464  L=0.0213  D=1.340
[regir_norefil] 10:10:46  487,835/1,000,000  13.3/s  upd=11477  L=0.0218  D=1.340
[regir_norefil] 10:10:56  488,107/1,000,000  13.3/s  upd=11487  L=0.0366  D=1.340
[regir_norefil] 10:11:06  488,401/1,000,000  13.3/s  upd=11496  L=0.0310  D=1.340
[regir_norefil] 10:11:16  489,015/1,000,000  13.3/s  upd=11505  L=0.0206  D=1.340
[regir_norefil] report refresh skipped: PermissionError
[regir_norefil] 10:11:27  489,015/1,000,000  13.3/s  upd=11512  L=0.0277  D=1.340
[regir_norefil] 10:11:37  489,336/1,000,000  13.3/s  upd=11520  L=0.0290  D=1.340
[regir_norefil] 10:11:47  489,645/1,000,000  13.3/s  upd=11527  L=0.0272  D=1.340
[regir_norefil] 10:11:57  489,921/1,000,000  13.3/s  upd=11533  L=0.0391  D=1.340
[regir_norefil] 10:12:07  490,183/1,000,000  13.3/s  upd=11537  L=0.0222  D=1.340
[regir_norefil] 10:12:18  490,489/1,000,000  13.4/s  upd=11547  L=0.0230  D=1.340
[regir_norefil] 10:12:28  490,489/1,000,000  13.3/s  upd=11552  L=0.0311  D=1.340
[regir_norefil] 10:12:38  490,784/1,000,000  13.4/s  upd=11556  L=0.0279  D=1.340
[regir_norefil] 10:12:48  491,073/1,000,000  13.4/s  upd=11562  L=0.0247  D=1.340
[regir_norefil] saved resume t_env=491,073
[regir_norefil] 10:12:58  491,073/1,000,000  13.4/s  upd=11568  L=0.0245  D=1.340
[regir_norefil] 10:13:09  491,368/1,000,000  13.4/s  upd=11570  L=0.0223  D=1.340
[regir_norefil] 10:13:19  491,368/1,000,000  13.4/s  upd=11576  L=0.0321  D=1.340
[regir_norefil] 10:13:29  491,693/1,000,000  13.4/s  upd=11583  L=0.0314  D=1.340
[regir_norefil] 10:13:40  491,693/1,000,000  13.4/s  upd=11584  L=0.0238  D=1.340
[regir_norefil] 10:13:50  492,063/1,000,000  13.4/s  upd=11587  L=0.0342  D=1.340
[regir_norefil] 10:14:01  492,329/1,000,000  13.4/s  upd=11593  L=0.0288  D=1.340
[regir_norefil] 10:14:11  492,329/1,000,000  13.4/s  upd=11600  L=0.0276  D=1.340
[regir_norefil] 10:14:22  492,628/1,000,000  13.4/s  upd=11604  L=0.0282  D=1.340
[regir_norefil] 10:14:32  492,628/1,000,000  13.4/s  upd=11608  L=0.0273  D=1.340
[regir_norefil] 10:14:42  492,943/1,000,000  13.4/s  upd=11614  L=0.0169  D=1.340
[regir_norefil] 10:14:52  493,257/1,000,000  13.4/s  upd=11619  L=0.0268  D=1.340
[regir_norefil] 10:15:02  493,257/1,000,000  13.4/s  upd=11624  L=0.0231  D=1.340
[regir_norefil] 10:15:13  493,527/1,000,000  13.4/s  upd=11630  L=0.0244  D=1.340
[regir_norefil] 10:15:23  493,851/1,000,000  13.4/s  upd=11637  L=0.0281  D=1.340
[regir_norefil] 10:15:33  493,851/1,000,000  13.4/s  upd=11640  L=0.0209  D=1.340
[regir_norefil] 10:15:44  494,181/1,000,000  13.4/s  upd=11642  L=0.0218  D=1.340
[regir_norefil] 10:15:54  494,181/1,000,000  13.4/s  upd=11648  L=0.0242  D=1.340
[regir_norefil] 10:16:04  494,508/1,000,000  13.4/s  upd=11652  L=0.0281  D=1.340
[regir_norefil] 10:16:14  494,508/1,000,000  13.4/s  upd=11656  L=0.0229  D=1.340
[regir_norefil] report refresh skipped: PermissionError
[regir_norefil] 10:16:25  494,812/1,000,000  13.4/s  upd=11664  L=0.0213  D=1.340
[regir_norefil] 10:16:35  494,812/1,000,000  13.4/s  upd=11664  L=0.0213  D=1.340
[regir_norefil] 10:16:45  495,132/1,000,000  13.4/s  upd=11672  L=0.0240  D=1.340
[regir_norefil] 10:16:55  495,445/1,000,000  13.4/s  upd=11680  L=0.0292  D=1.340
[regir_norefil] 10:17:05  495,729/1,000,000  13.4/s  upd=11681  L=0.0275  D=1.340
[regir_norefil] 10:17:15  495,729/1,000,000  13.4/s  upd=11688  L=0.0298  D=1.340
[regir_norefil] 10:17:26  496,051/1,000,000  13.4/s  upd=11696  L=0.0177  D=1.340
[regir_norefil] 10:17:37  496,356/1,000,000  13.4/s  upd=11702  L=0.0254  D=1.340
[regir_norefil] 10:17:47  496,657/1,000,000  13.4/s  upd=11706  L=0.0331  D=1.340
[regir_norefil] 10:17:57  497,010/1,000,000  13.4/s  upd=11713  L=0.0265  D=1.340
[regir_norefil] 10:18:08  497,010/1,000,000  13.4/s  upd=11720  L=0.0387  D=1.340
[regir_norefil] 10:18:18  497,315/1,000,000  13.4/s  upd=11726  L=0.0257  D=1.340
[regir_norefil] 10:18:28  497,315/1,000,000  13.4/s  upd=11728  L=0.0276  D=1.340
[regir_norefil] 10:18:38  497,624/1,000,000  13.4/s  upd=11736  L=0.0224  D=1.340
[regir_norefil] 10:18:50  497,949/1,000,000  13.4/s  upd=11744  L=0.0379  D=1.340
[regir_norefil] 10:19:00  497,949/1,000,000  13.4/s  upd=11744  L=0.0379  D=1.340
[regir_norefil] 10:19:10  498,295/1,000,000  13.4/s  upd=11752  L=0.0290  D=1.340
[regir_norefil] 10:19:20  498,295/1,000,000  13.4/s  upd=11752  L=0.0290  D=1.340
[regir_norefil] 10:19:30  498,651/1,000,000  13.4/s  upd=11759  L=0.0175  D=1.340
[regir_norefil] 10:19:41  498,934/1,000,000  13.4/s  upd=11765  L=0.0223  D=1.340
[regir_norefil] 10:19:51  498,934/1,000,000  13.4/s  upd=11768  L=0.0310  D=1.340
[regir_norefil] 10:20:01  499,251/1,000,000  13.4/s  upd=11776  L=0.0278  D=1.340
[regir_norefil] 10:20:11  499,557/1,000,000  13.4/s  upd=11783  L=0.0237  D=1.340
[regir_norefil] 10:20:22  499,883/1,000,000  13.4/s  upd=11789  L=0.0254  D=1.340
[regir_norefil] 10:20:32  499,883/1,000,000  13.4/s  upd=11792  L=0.0216  D=1.340
[regir_norefil] saved resume t_env=500,186
[regir_norefil] 10:21:01  500,186/1,000,000  13.4/s  upd=11800  L=0.0215  ev=0/100  D=1.340
[regir_norefil] 10:21:11  500,186/1,000,000  13.4/s  upd=11800  L=0.0215  ev=7/100  D=1.340
[regir_norefil] 10:21:21  500,186/1,000,000  13.4/s  upd=11800  L=0.0215  ev=9/100  D=1.340
[regir_norefil] 10:21:31  500,186/1,000,000  13.4/s  upd=11800  L=0.0215  ev=24/100  D=1.340
[regir_norefil] 10:21:42  500,186/1,000,000  13.4/s  upd=11800  L=0.0215  ev=32/100  D=1.340
[regir_norefil] 10:21:52  500,186/1,000,000  13.4/s  upd=11800  L=0.0215  ev=40/100  D=1.340
[regir_norefil] 10:22:02  500,186/1,000,000  13.4/s  upd=11800  L=0.0215  ev=49/100  D=1.340
[regir_norefil] 10:22:12  500,186/1,000,000  13.4/s  upd=11800  L=0.0215  ev=58/100  D=1.340
[regir_norefil] 10:22:23  500,186/1,000,000  13.4/s  upd=11800  L=0.0215  ev=64/100  D=1.340
[regir_norefil] 10:22:33  500,186/1,000,000  13.4/s  upd=11800  L=0.0215  ev=75/100  D=1.340
[regir_norefil] 10:22:43  500,186/1,000,000  13.4/s  upd=11800  L=0.0215  ev=85/100  D=1.340
[regir_norefil] 10:22:53  500,186/1,000,000  13.4/s  upd=11800  L=0.0215  ev=95/100  D=1.340
[regir_norefil] report refresh skipped: PermissionError
[regir_norefil] report refresh skipped: PermissionError
[regir_norefil] 10:23:03  500,186/1,000,000  13.4/s  upd=11800  L=0.0215  D=1.313
[regir_norefil] 10:23:13  500,186/1,000,000  13.4/s  upd=11800  L=0.0215  D=1.313
[regir_norefil] 10:23:23  500,482/1,000,000  13.4/s  upd=11808  L=0.0207  D=1.313
[regir_norefil] 10:23:35  500,778/1,000,000  13.4/s  upd=11816  L=0.0222  D=1.313
[regir_norefil] 10:23:45  501,044/1,000,000  13.4/s  upd=11818  L=0.0186  D=1.313
[regir_norefil] 10:23:55  501,044/1,000,000  13.4/s  upd=11824  L=0.0329  D=1.313
[regir_norefil] 10:24:05  501,367/1,000,000  13.4/s  upd=11831  L=0.0265  D=1.313
[regir_norefil] 10:24:15  501,715/1,000,000  13.4/s  upd=11840  L=0.0257  D=1.313
[regir_norefil] 10:24:25  501,715/1,000,000  13.4/s  upd=11840  L=0.0257  D=1.313
[regir_norefil] 10:24:36  502,108/1,000,000  13.4/s  upd=11848  L=0.0256  D=1.313
[regir_norefil] 10:24:47  502,392/1,000,000  13.4/s  upd=11849  L=0.0283  D=1.313
[regir_norefil] 10:24:57  502,392/1,000,000  13.4/s  upd=11856  L=0.0270  D=1.313
[regir_norefil] 10:25:07  502,699/1,000,000  13.4/s  upd=11858  L=0.0324  D=1.313
[regir_norefil] 10:25:17  502,699/1,000,000  13.4/s  upd=11864  L=0.0242  D=1.313
[regir_norefil] 10:25:27  503,008/1,000,000  13.4/s  upd=11872  L=0.0245  D=1.313
[regir_norefil] 10:25:38  503,353/1,000,000  13.4/s  upd=11875  L=0.0313  D=1.313
[regir_norefil] 10:25:48  503,680/1,000,000  13.4/s  upd=11885  L=0.0188  D=1.313
[regir_norefil] 10:25:58  503,680/1,000,000  13.4/s  upd=11888  L=0.0173  D=1.313
[regir_norefil] 10:26:09  503,986/1,000,000  13.4/s  upd=11894  L=0.0244  D=1.313
[regir_norefil] 10:26:19  504,263/1,000,000  13.4/s  upd=11902  L=0.0223  D=1.313
[regir_norefil] 10:26:30  504,657/1,000,000  13.4/s  upd=11908  L=0.0181  D=1.313
[regir_norefil] 10:26:40  504,657/1,000,000  13.4/s  upd=11912  L=0.0238  D=1.313
[regir_norefil] 10:26:50  505,005/1,000,000  13.4/s  upd=11920  L=0.0291  D=1.313
[regir_norefil] 10:27:01  505,251/1,000,000  13.4/s  upd=11926  L=0.0249  D=1.313
[regir_norefil] 10:27:11  505,251/1,000,000  13.4/s  upd=11928  L=0.0225  D=1.313
[regir_norefil] 10:27:21  505,574/1,000,000  13.4/s  upd=11933  L=0.0218  D=1.313
[regir_norefil] 10:27:33  505,869/1,000,000  13.4/s  upd=11939  L=0.0182  D=1.313
[regir_norefil] 10:27:43  505,869/1,000,000  13.4/s  upd=11944  L=0.0398  D=1.313
[regir_norefil] 10:27:53  506,162/1,000,000  13.4/s  upd=11952  L=0.0249  D=1.313
[regir_norefil] 10:28:03  506,436/1,000,000  13.4/s  upd=11958  L=0.0244  D=1.313
[regir_norefil] report refresh skipped: PermissionError
[regir_norefil] 10:28:13  506,436/1,000,000  13.4/s  upd=11960  L=0.0184  D=1.313
[regir_norefil] 10:28:23  506,744/1,000,000  13.4/s  upd=11968  L=0.0226  D=1.313
[regir_norefil] 10:28:33  506,744/1,000,000  13.4/s  upd=11968  L=0.0226  D=1.313
[regir_norefil] 10:28:43  507,061/1,000,000  13.4/s  upd=11976  L=0.0651  D=1.313
[regir_norefil] 10:28:54  507,405/1,000,000  13.4/s  upd=11983  L=0.0492  D=1.313
[regir_norefil] 10:29:04  507,405/1,000,000  13.4/s  upd=11984  L=0.0349  D=1.313
[regir_norefil] 10:29:15  507,782/1,000,000  13.4/s  upd=11992  L=0.0241  D=1.313
[regir_norefil] 10:29:25  508,064/1,000,000  13.5/s  upd=11994  L=0.0253  D=1.313
[regir_norefil] 10:29:35  508,064/1,000,000  13.4/s  upd=12000  L=0.0327  D=1.313
[regir_norefil] 10:29:45  508,375/1,000,000  13.5/s  upd=12008  L=0.0285  D=1.313
[regir_norefil] 10:29:55  508,659/1,000,000  13.5/s  upd=12010  L=0.0234  D=1.313
[regir_norefil] 10:30:05  508,659/1,000,000  13.5/s  upd=12016  L=0.0359  D=1.313
[regir_norefil] 10:30:17  508,947/1,000,000  13.5/s  upd=12023  L=0.0295  D=1.313
[regir_norefil] 10:30:27  509,260/1,000,000  13.5/s  upd=12032  L=0.0297  D=1.313
[regir_norefil] 10:30:37  509,555/1,000,000  13.5/s  upd=12038  L=0.0251  D=1.313
[regir_norefil] saved resume t_env=509,879
[regir_norefil] 10:30:50  509,879/1,000,000  13.5/s  upd=12048  L=0.0251  D=1.313
[regir_norefil] 10:31:01  510,243/1,000,000  13.5/s  upd=12049  L=0.0176  D=1.313
[regir_norefil] 10:31:11  510,243/1,000,000  13.5/s  upd=12056  L=0.0285  D=1.313
[regir_norefil] 10:31:21  510,586/1,000,000  13.5/s  upd=12064  L=0.0251  D=1.313
[regir_norefil] 10:31:31  510,958/1,000,000  13.5/s  upd=12071  L=0.0471  D=1.313
[regir_norefil] 10:31:42  511,295/1,000,000  13.5/s  upd=12073  L=0.0243  D=1.313
[regir_norefil] 10:31:52  511,295/1,000,000  13.5/s  upd=12080  L=0.0194  D=1.313
[regir_norefil] 10:32:02  511,574/1,000,000  13.5/s  upd=12088  L=0.0261  D=1.313
[regir_norefil] 10:32:12  511,574/1,000,000  13.5/s  upd=12088  L=0.0261  D=1.313
[regir_norefil] 10:32:22  511,954/1,000,000  13.5/s  upd=12096  L=0.0244  D=1.313
[regir_norefil] 10:32:32  512,323/1,000,000  13.5/s  upd=12104  L=0.0261  D=1.313
[regir_norefil] 10:32:42  512,624/1,000,000  13.5/s  upd=12112  L=0.0287  D=1.313
[regir_norefil] 10:32:54  512,920/1,000,000  13.5/s  upd=12117  L=0.0470  D=1.313
[regir_norefil] 10:33:04  513,278/1,000,000  13.5/s  upd=12124  L=0.0212  D=1.313
[regir_norefil] report refresh skipped: PermissionError
[regir_norefil] 10:33:14  513,278/1,000,000  13.5/s  upd=12128  L=0.0143  D=1.313
[regir_norefil] 10:33:25  513,581/1,000,000  13.5/s  upd=12135  L=0.0176  D=1.313
[regir_norefil] 10:33:35  513,581/1,000,000  13.5/s  upd=12136  L=0.0299  D=1.313
[regir_norefil] 10:33:45  513,938/1,000,000  13.5/s  upd=12144  L=0.0239  D=1.313
[regir_norefil] 10:33:55  514,239/1,000,000  13.5/s  upd=12151  L=0.0218  D=1.313
[regir_norefil] 10:34:06  514,549/1,000,000  13.5/s  upd=12159  L=0.0195  D=1.313
[regir_norefil] 10:34:16  514,944/1,000,000  13.5/s  upd=12161  L=0.0169  D=1.313
[regir_norefil] 10:34:26  515,262/1,000,000  13.5/s  upd=12172  L=0.0231  D=1.313
[regir_norefil] 10:34:37  515,600/1,000,000  13.5/s  upd=12177  L=0.0300  D=1.313
[regir_norefil] 10:34:47  515,600/1,000,000  13.5/s  upd=12184  L=0.0213  D=1.313
[regir_norefil] 10:34:58  516,163/1,000,000  13.5/s  upd=12194  L=0.0203  D=1.313
[regir_norefil] 10:35:09  516,163/1,000,000  13.5/s  upd=12200  L=0.0228  D=1.313
[regir_norefil] 10:35:20  516,740/1,000,000  13.6/s  upd=12210  L=0.0276  D=1.313
[regir_norefil] 10:35:30  516,740/1,000,000  13.6/s  upd=12216  L=0.0340  D=1.313
[regir_norefil] 10:35:41  517,150/1,000,000  13.6/s  upd=12221  L=0.0245  D=1.313
[regir_norefil] 10:35:51  517,150/1,000,000  13.6/s  upd=12224  L=0.0276  D=1.313
[regir_norefil] 10:36:01  517,477/1,000,000  13.6/s  upd=12232  L=0.0273  D=1.313
[regir_norefil] 10:36:11  517,780/1,000,000  13.6/s  upd=12238  L=0.0263  D=1.313
[regir_norefil] 10:36:22  518,097/1,000,000  13.6/s  upd=12242  L=0.0248  D=1.313
[regir_norefil] 10:36:32  518,097/1,000,000  13.6/s  upd=12248  L=0.0263  D=1.313
[regir_norefil] 10:36:42  518,409/1,000,000  13.6/s  upd=12256  L=0.0160  D=1.313
[regir_norefil] 10:36:52  518,409/1,000,000  13.6/s  upd=12256  L=0.0160  D=1.313
[regir_norefil] 10:37:02  518,686/1,000,000  13.6/s  upd=12264  L=0.0298  D=1.313
[regir_norefil] 10:37:13  518,955/1,000,000  13.6/s  upd=12268  L=0.0330  D=1.313
[regir_norefil] 10:37:24  518,955/1,000,000  13.6/s  upd=12272  L=0.0406  D=1.313
[regir_norefil] 10:37:35  519,253/1,000,000  13.6/s  upd=12279  L=0.0381  D=1.313
[regir_norefil] 10:37:46  519,532/1,000,000  13.6/s  upd=12288  L=0.0147  D=1.313
[regir_norefil] 10:37:56  519,818/1,000,000  13.6/s  upd=12296  L=0.0238  D=1.313
[regir_norefil] saved resume t_env=520,103
[regir_norefil] 10:38:25  520,103/1,000,000  13.6/s  upd=12304  L=0.0170  ev=0/100  D=1.313
[regir_norefil] 10:38:35  520,103/1,000,000  13.6/s  upd=12304  L=0.0170  ev=8/100  D=1.313
[regir_norefil] 10:38:45  520,103/1,000,000  13.6/s  upd=12304  L=0.0170  ev=24/100  D=1.313
[regir_norefil] 10:38:55  520,103/1,000,000  13.6/s  upd=12304  L=0.0170  ev=38/100  D=1.313
[regir_norefil] 10:39:05  520,103/1,000,000  13.6/s  upd=12304  L=0.0170  ev=55/100  D=1.313
[regir_norefil] 10:39:15  520,103/1,000,000  13.6/s  upd=12304  L=0.0170  ev=63/100  D=1.313
[regir_norefil] 10:39:25  520,103/1,000,000  13.6/s  upd=12304  L=0.0170  ev=72/100  D=1.313
[regir_norefil] 10:39:35  520,103/1,000,000  13.6/s  upd=12304  L=0.0170  ev=81/100  D=1.313
[regir_norefil] report refresh skipped: PermissionError
[regir_norefil] report refresh skipped: PermissionError
[regir_norefil] 10:39:45  520,103/1,000,000  13.5/s  upd=12304  L=0.0170  D=1.034
[regir_norefil] 10:39:56  520,351/1,000,000  13.6/s  upd=12312  L=0.0224  D=1.034
[regir_norefil] 10:40:06  520,351/1,000,000  13.5/s  upd=12312  L=0.0224  D=1.034
[regir_norefil] 10:40:16  520,645/1,000,000  13.6/s  upd=12320  L=0.0677  D=1.034
[regir_norefil] 10:40:26  520,950/1,000,000  13.6/s  upd=12326  L=0.0323  D=1.034
[regir_norefil] 10:40:37  521,337/1,000,000  13.6/s  upd=12332  L=0.0277  D=1.034
[regir_norefil] 10:40:47  521,667/1,000,000  13.6/s  upd=12337  L=0.0284  D=1.034
[regir_norefil] 10:40:58  521,667/1,000,000  13.6/s  upd=12344  L=0.0320  D=1.034
[regir_norefil] 10:41:09  521,985/1,000,000  13.6/s  upd=12350  L=0.0242  D=1.034
[regir_norefil] 10:41:19  521,985/1,000,000  13.6/s  upd=12352  L=0.0280  D=1.034
[regir_norefil] 10:41:30  522,338/1,000,000  13.6/s  upd=12357  L=0.0238  D=1.034
[regir_norefil] 10:41:40  522,338/1,000,000  13.6/s  upd=12360  L=0.0309  D=1.034
[regir_norefil] 10:41:50  522,634/1,000,000  13.6/s  upd=12368  L=0.0207  D=1.034
[regir_norefil] 10:42:00  522,634/1,000,000  13.6/s  upd=12368  L=0.0207  D=1.034
[regir_norefil] 10:42:10  522,939/1,000,000  13.6/s  upd=12376  L=0.0171  D=1.034
[regir_norefil] 10:42:20  522,939/1,000,000  13.6/s  upd=12376  L=0.0171  D=1.034
[regir_norefil] 10:42:30  523,299/1,000,000  13.6/s  upd=12384  L=0.0156  D=1.034
[regir_norefil] 10:42:40  523,566/1,000,000  13.6/s  upd=12392  L=0.0345  D=1.034
[regir_norefil] 10:42:51  523,566/1,000,000  13.6/s  upd=12392  L=0.0345  D=1.034
[regir_norefil] 10:43:01  523,837/1,000,000  13.6/s  upd=12399  L=0.0257  D=1.034
[regir_norefil] 10:43:12  524,130/1,000,000  13.6/s  upd=12401  L=0.0442  D=1.034
[regir_norefil] 10:43:22  524,130/1,000,000  13.6/s  upd=12408  L=0.0327  D=1.034
[regir_norefil] 10:43:33  524,515/1,000,000  13.6/s  upd=12412  L=0.0279  D=1.034
[regir_norefil] 10:43:43  524,515/1,000,000  13.6/s  upd=12416  L=0.0186  D=1.034
[regir_norefil] 10:43:53  524,893/1,000,000  13.6/s  upd=12424  L=0.0222  D=1.034
[regir_norefil] 10:44:03  525,238/1,000,000  13.6/s  upd=12432  L=0.0365  D=1.034
[regir_norefil] 10:44:14  525,480/1,000,000  13.6/s  upd=12436  L=0.0214  D=1.034
[regir_norefil] 10:44:24  525,480/1,000,000  13.6/s  upd=12440  L=0.0275  D=1.034
[regir_norefil] 10:44:34  525,782/1,000,000  13.6/s  upd=12445  L=0.0312  D=1.034
[regir_norefil] 10:44:45  526,127/1,000,000  13.6/s  upd=12452  L=0.0336  D=1.034
[regir_norefil] report refresh skipped: PermissionError
[regir_norefil] 10:44:55  526,127/1,000,000  13.6/s  upd=12456  L=0.0197  D=1.034
[regir_norefil] 10:45:05  526,400/1,000,000  13.6/s  upd=12464  L=0.0185  D=1.034
[regir_norefil] 10:45:16  526,732/1,000,000  13.6/s  upd=12472  L=0.0369  D=1.034
[regir_norefil] 10:45:26  527,038/1,000,000  13.6/s  upd=12473  L=0.0362  D=1.034
[regir_norefil] 10:45:37  527,038/1,000,000  13.6/s  upd=12480  L=0.0210  D=1.034
[regir_norefil] 10:45:48  527,326/1,000,000  13.6/s  upd=12487  L=0.0390  D=1.034
[regir_norefil] 10:45:59  527,621/1,000,000  13.6/s  upd=12494  L=0.0234  D=1.034
[regir_norefil] 10:46:09  527,621/1,000,000  13.6/s  upd=12496  L=0.0249  D=1.034
[regir_norefil] 10:46:19  527,971/1,000,000  13.6/s  upd=12504  L=0.0307  D=1.034
[regir_norefil] 10:46:30  527,971/1,000,000  13.6/s  upd=12504  L=0.0307  D=1.034
[regir_norefil] 10:46:40  528,265/1,000,000  13.6/s  upd=12512  L=0.0200  D=1.034
[regir_norefil] 10:46:50  528,265/1,000,000  13.6/s  upd=12512  L=0.0200  D=1.034
[regir_norefil] 10:47:00  528,631/1,000,000  13.6/s  upd=12520  L=0.0311  D=1.034
[regir_norefil] 10:47:12  528,920/1,000,000  13.6/s  upd=12522  L=0.0247  D=1.034
[regir_norefil] 10:47:22  528,920/1,000,000  13.6/s  upd=12528  L=0.0329  D=1.034
[regir_norefil] 10:47:32  529,226/1,000,000  13.6/s  upd=12536  L=0.0259  D=1.034
[regir_norefil] 10:47:42  529,226/1,000,000  13.6/s  upd=12536  L=0.0259  D=1.034
[regir_norefil] 10:47:52  529,654/1,000,000  13.6/s  upd=12542  L=0.0320  D=1.034
[regir_norefil] 10:48:02  529,654/1,000,000  13.6/s  upd=12544  L=0.0207  D=1.034
[regir_norefil] 10:48:13  529,963/1,000,000  13.6/s  upd=12552  L=0.0285  D=1.034
[regir_norefil] saved resume t_env=529,963
[regir_norefil] 10:48:23  529,963/1,000,000  13.6/s  upd=12552  L=0.0285  D=1.034
[regir_norefil] 10:48:33  530,262/1,000,000  13.6/s  upd=12560  L=0.0513  D=1.034
[regir_norefil] 10:48:43  530,262/1,000,000  13.6/s  upd=12560  L=0.0513  D=1.034
[regir_norefil] 10:48:53  530,581/1,000,000  13.6/s  upd=12568  L=0.0285  D=1.034
[regir_norefil] 10:49:04  530,858/1,000,000  13.6/s  upd=12573  L=0.0202  D=1.034
[regir_norefil] 10:49:14  530,858/1,000,000  13.6/s  upd=12576  L=0.0219  D=1.034
[regir_norefil] 10:49:24  531,179/1,000,000  13.6/s  upd=12584  L=0.0516  D=1.034
[regir_norefil] 10:49:34  531,537/1,000,000  13.6/s  upd=12585  L=0.0457  D=1.034
[regir_norefil] 10:49:45  531,537/1,000,000  13.6/s  upd=12592  L=0.0216  D=1.034
[regir_norefil] 10:49:55  531,537/1,000,000  13.6/s  upd=12592  L=0.0216  D=1.034
[regir_norefil] report refresh skipped: PermissionError
[regir_norefil] 10:50:05  531,923/1,000,000  13.6/s  upd=12600  L=0.0200  D=1.034
[regir_norefil] 10:50:15  531,923/1,000,000  13.6/s  upd=12600  L=0.0200  D=1.034
[regir_norefil] 10:50:25  532,211/1,000,000  13.6/s  upd=12608  L=0.0293  D=1.034
[regir_norefil] 10:50:36  532,514/1,000,000  13.6/s  upd=12613  L=0.0263  D=1.034
[regir_norefil] 10:50:46  532,514/1,000,000  13.6/s  upd=12616  L=0.0452  D=1.034
[regir_norefil] 10:50:56  532,872/1,000,000  13.6/s  upd=12622  L=0.0280  D=1.034
[regir_norefil] 10:51:06  532,872/1,000,000  13.6/s  upd=12624  L=0.0305  D=1.034
[regir_norefil] 10:51:16  533,160/1,000,000  13.6/s  upd=12632  L=0.0298  D=1.034
[regir_norefil] 10:51:27  533,434/1,000,000  13.6/s  upd=12639  L=0.0252  D=1.034
[regir_norefil] 10:51:37  533,434/1,000,000  13.6/s  upd=12640  L=0.0287  D=1.034
[regir_norefil] 10:51:48  533,809/1,000,000  13.6/s  upd=12648  L=0.0218  D=1.034
[regir_norefil] 10:51:58  534,098/1,000,000  13.7/s  upd=12653  L=0.0326  D=1.034
[regir_norefil] 10:52:08  534,098/1,000,000  13.6/s  upd=12656  L=0.0246  D=1.034
[regir_norefil] 10:52:19  534,495/1,000,000  13.7/s  upd=12661  L=0.0193  D=1.034
[regir_norefil] 10:52:30  534,798/1,000,000  13.7/s  upd=12669  L=0.0217  D=1.034
[regir_norefil] 10:52:40  534,798/1,000,000  13.7/s  upd=12672  L=0.0289  D=1.034
[regir_norefil] 10:52:52  535,140/1,000,000  13.7/s  upd=12679  L=0.0247  D=1.034
[regir_norefil] 10:53:03  535,437/1,000,000  13.7/s  upd=12687  L=0.0222  D=1.034
[regir_norefil] 10:53:13  535,437/1,000,000  13.7/s  upd=12688  L=0.0277  D=1.034
[regir_norefil] 10:53:23  535,749/1,000,000  13.7/s  upd=12696  L=0.0477  D=1.034
[regir_norefil] 10:53:34  536,007/1,000,000  13.7/s  upd=12703  L=0.0395  D=1.034
[regir_norefil] 10:53:44  536,007/1,000,000  13.7/s  upd=12704  L=0.0234  D=1.034
[regir_norefil] 10:53:54  536,313/1,000,000  13.7/s  upd=12712  L=0.0313  D=1.034
[regir_norefil] 10:54:05  536,631/1,000,000  13.7/s  upd=12717  L=0.0345  D=1.034
[regir_norefil] 10:54:16  536,938/1,000,000  13.7/s  upd=12723  L=0.0203  D=1.034
[regir_norefil] 10:54:26  536,938/1,000,000  13.7/s  upd=12728  L=0.0209  D=1.034
[regir_norefil] 10:54:37  537,288/1,000,000  13.7/s  upd=12736  L=0.0290  D=1.034
[regir_norefil] 10:54:47  537,288/1,000,000  13.7/s  upd=12736  L=0.0290  D=1.034
[regir_norefil] 10:54:58  537,647/1,000,000  13.7/s  upd=12737  L=0.0266  D=1.034
[regir_norefil] 10:55:08  537,647/1,000,000  13.7/s  upd=12744  L=0.0271  D=1.034
[regir_norefil] 10:55:18  537,981/1,000,000  13.7/s  upd=12744  L=0.0271  D=1.034
[regir_norefil] report refresh skipped: PermissionError
[regir_norefil] 10:55:28  537,981/1,000,000  13.7/s  upd=12752  L=0.0335  D=1.034
[regir_norefil] 10:55:39  538,327/1,000,000  13.7/s  upd=12753  L=0.0354  D=1.034
[regir_norefil] 10:55:50  538,327/1,000,000  13.7/s  upd=12760  L=0.0280  D=1.034
[regir_norefil] 10:56:00  538,630/1,000,000  13.7/s  upd=12768  L=0.0316  D=1.034
[regir_norefil] 10:56:10  538,954/1,000,000  13.7/s  upd=12770  L=0.0170  D=1.034
[regir_norefil] 10:56:21  539,226/1,000,000  13.7/s  upd=12778  L=0.0229  D=1.034
[regir_norefil] 10:56:31  539,226/1,000,000  13.7/s  upd=12784  L=0.0251  D=1.034
[regir_norefil] 10:56:42  539,513/1,000,000  13.7/s  upd=12789  L=0.0177  D=1.034
[regir_norefil] 10:56:53  539,513/1,000,000  13.7/s  upd=12792  L=0.0253  D=1.034
[regir_norefil] 10:57:03  539,959/1,000,000  13.7/s  upd=12800  L=0.0230  D=1.034
[regir_norefil] saved resume t_env=540,334
[regir_norefil] 10:57:35  540,334/1,000,000  13.7/s  upd=12808  L=0.0273  ev=0/100  D=1.034
[regir_norefil] 10:57:45  540,334/1,000,000  13.7/s  upd=12808  L=0.0273  ev=8/100  D=1.034
[regir_norefil] 10:57:55  540,334/1,000,000  13.7/s  upd=12808  L=0.0273  ev=16/100  D=1.034
[regir_norefil] 10:58:05  540,334/1,000,000  13.7/s  upd=12808  L=0.0273  ev=23/100  D=1.034
[regir_norefil] 10:58:15  540,334/1,000,000  13.7/s  upd=12808  L=0.0273  ev=48/100  D=1.034
[regir_norefil] 10:58:25  540,334/1,000,000  13.7/s  upd=12808  L=0.0273  ev=75/100  D=1.034
[regir_norefil] 10:58:35  540,334/1,000,000  13.7/s  upd=12808  L=0.0273  ev=96/100  D=1.034
[regir_norefil] report refresh skipped: PermissionError
[regir_norefil] 10:58:45  540,632/1,000,000  13.7/s  upd=12816  L=0.0372  D=1.367
[regir_norefil] 10:58:55  540,949/1,000,000  13.7/s  upd=12824  L=0.0231  D=1.367
[regir_norefil] 10:59:06  541,547/1,000,000  13.7/s  upd=12835  L=0.0226  D=1.367
[regir_norefil] 10:59:16  541,921/1,000,000  13.7/s  upd=12843  L=0.0194  D=1.367
[regir_norefil] 10:59:27  542,254/1,000,000  13.7/s  upd=12852  L=0.0207  D=1.367
[regir_norefil] 10:59:37  542,595/1,000,000  13.7/s  upd=12862  L=0.0351  D=1.367
[regir_norefil] 10:59:47  542,885/1,000,000  13.7/s  upd=12865  L=0.0423  D=1.367
[regir_norefil] 10:59:58  543,194/1,000,000  13.7/s  upd=12874  L=0.0375  D=1.367
[regir_norefil] 11:00:08  543,194/1,000,000  13.7/s  upd=12880  L=0.0351  D=1.367
[regir_norefil] 11:00:18  543,517/1,000,000  13.7/s  upd=12888  L=0.0185  D=1.367
[regir_norefil] 11:00:29  543,798/1,000,000  13.7/s  upd=12889  L=0.0226  D=1.367
[regir_norefil] report refresh skipped: PermissionError
[regir_norefil] 11:00:39  543,798/1,000,000  13.7/s  upd=12896  L=0.0260  D=1.367
[regir_norefil] 11:00:49  544,114/1,000,000  13.7/s  upd=12904  L=0.0404  D=1.367
[regir_norefil] 11:00:59  544,452/1,000,000  13.7/s  upd=12912  L=0.0278  D=1.367
[regir_norefil] 11:01:09  544,452/1,000,000  13.7/s  upd=12912  L=0.0278  D=1.367
[regir_norefil] 11:01:19  544,755/1,000,000  13.7/s  upd=12920  L=0.0458  D=1.367
[regir_norefil] 11:01:29  545,025/1,000,000  13.7/s  upd=12928  L=0.0273  D=1.367
[regir_norefil] 11:01:39  545,311/1,000,000  13.7/s  upd=12936  L=0.0242  D=1.367
[regir_norefil] 11:01:50  545,634/1,000,000  13.7/s  upd=12941  L=0.0374  D=1.367
[regir_norefil] 11:02:00  545,634/1,000,000  13.7/s  upd=12944  L=0.0313  D=1.367
[regir_norefil] 11:02:10  545,963/1,000,000  13.7/s  upd=12952  L=0.0340  D=1.367
[regir_norefil] 11:02:20  546,273/1,000,000  13.7/s  upd=12960  L=0.0244  D=1.367
[regir_norefil] 11:02:30  546,610/1,000,000  13.8/s  upd=12963  L=0.0633  D=1.367
[regir_norefil] 11:02:41  546,610/1,000,000  13.7/s  upd=12968  L=0.0223  D=1.367
[regir_norefil] 11:02:51  546,921/1,000,000  13.8/s  upd=12976  L=0.0329  D=1.367
[regir_norefil] 11:03:01  547,213/1,000,000  13.8/s  upd=12978  L=0.0328  D=1.367
[regir_norefil] 11:03:12  547,536/1,000,000  13.8/s  upd=12986  L=0.0239  D=1.367
[regir_norefil] 11:03:22  547,536/1,000,000  13.8/s  upd=12992  L=0.0347  D=1.367
[regir_norefil] 11:03:32  547,900/1,000,000  13.8/s  upd=13000  L=0.0214  D=1.367
[regir_norefil] 11:03:42  548,239/1,000,000  13.8/s  upd=13008  L=0.0129  D=1.367
[regir_norefil] 11:03:52  548,555/1,000,000  13.8/s  upd=13016  L=0.0232  D=1.367
[regir_norefil] 11:04:03  548,848/1,000,000  13.8/s  upd=13022  L=0.0278  D=1.367
[regir_norefil] 11:04:14  549,154/1,000,000  13.8/s  upd=13028  L=0.0252  D=1.367
[regir_norefil] 11:04:25  549,456/1,000,000  13.8/s  upd=13039  L=0.0209  D=1.367
[regir_norefil] 11:04:35  549,773/1,000,000  13.8/s  upd=13047  L=0.0416  D=1.367
[regir_norefil] 11:04:45  550,078/1,000,000  13.8/s  upd=13056  L=0.0246  D=1.367
[regir_norefil] 11:04:55  550,399/1,000,000  13.8/s  upd=13064  L=0.0291  D=1.367
[regir_norefil] 11:05:05  550,723/1,000,000  13.8/s  upd=13071  L=0.0227  D=1.367
[regir_norefil] 11:05:15  551,034/1,000,000  13.8/s  upd=13080  L=0.0289  D=1.367
[regir_norefil] 11:05:25  551,330/1,000,000  13.8/s  upd=13088  L=0.0312  D=1.367
[regir_norefil] 11:05:36  551,612/1,000,000  13.8/s  upd=13094  L=0.0334  D=1.367
[regir_norefil] report refresh skipped: PermissionError
[regir_norefil] 11:05:46  551,897/1,000,000  13.8/s  upd=13097  L=0.0297  D=1.367
[regir_norefil] 11:05:56  551,897/1,000,000  13.8/s  upd=13104  L=0.0372  D=1.367
[regir_norefil] 11:06:06  552,234/1,000,000  13.8/s  upd=13112  L=0.0262  D=1.367
[regir_norefil] 11:06:16  552,572/1,000,000  13.8/s  upd=13120  L=0.0250  D=1.367
[regir_norefil] 11:06:26  552,572/1,000,000  13.8/s  upd=13120  L=0.0250  D=1.367
[regir_norefil] 11:06:37  552,871/1,000,000  13.8/s  upd=13128  L=0.0313  D=1.367
[regir_norefil] 11:06:47  553,174/1,000,000  13.8/s  upd=13131  L=0.0280  D=1.367
[regir_norefil] 11:06:57  553,174/1,000,000  13.8/s  upd=13136  L=0.0311  D=1.367
[regir_norefil] 11:07:07  553,524/1,000,000  13.8/s  upd=13144  L=0.0255  D=1.367
[regir_norefil] 11:07:18  553,832/1,000,000  13.8/s  upd=13149  L=0.0495  D=1.367
[regir_norefil] saved resume t_env=553,832
[regir_norefil] 11:07:28  553,832/1,000,000  13.8/s  upd=13152  L=0.0253  D=1.367
[regir_norefil] 11:07:38  554,179/1,000,000  13.8/s  upd=13160  L=0.0453  D=1.367
[regir_norefil] 11:07:48  554,496/1,000,000  13.8/s  upd=13167  L=0.0253  D=1.367
[regir_norefil] 11:07:58  554,752/1,000,000  13.8/s  upd=13172  L=0.0187  D=1.367
[regir_norefil] 11:08:09  555,058/1,000,000  13.8/s  upd=13178  L=0.0330  D=1.367
[regir_norefil] 11:08:19  555,058/1,000,000  13.8/s  upd=13184  L=0.0270  D=1.367
[regir_norefil] 11:08:29  555,389/1,000,000  13.8/s  upd=13192  L=0.0240  D=1.367
[regir_norefil] 11:08:39  555,714/1,000,000  13.9/s  upd=13197  L=0.0291  D=1.367
[regir_norefil] 11:08:50  556,025/1,000,000  13.9/s  upd=13204  L=0.0261  D=1.367
[regir_norefil] 11:09:00  556,025/1,000,000  13.9/s  upd=13208  L=0.0303  D=1.367
[regir_norefil] 11:09:10  556,265/1,000,000  13.9/s  upd=13216  L=0.0276  D=1.367
[regir_norefil] 11:09:21  556,565/1,000,000  13.9/s  upd=13222  L=0.0418  D=1.367
[regir_norefil] 11:09:31  556,875/1,000,000  13.9/s  upd=13229  L=0.0189  D=1.367
[regir_norefil] 11:09:41  557,149/1,000,000  13.9/s  upd=13237  L=0.0357  D=1.367
[regir_norefil] 11:09:51  557,149/1,000,000  13.9/s  upd=13240  L=0.0253  D=1.367
[regir_norefil] 11:10:01  557,481/1,000,000  13.9/s  upd=13248  L=0.0268  D=1.367
[regir_norefil] 11:10:11  557,852/1,000,000  13.9/s  upd=13256  L=0.0314  D=1.367
[regir_norefil] 11:10:22  558,155/1,000,000  13.9/s  upd=13262  L=0.0164  D=1.367
[regir_norefil] 11:10:32  558,155/1,000,000  13.9/s  upd=13264  L=0.0340  D=1.367
[regir_norefil] report refresh skipped: PermissionError
[regir_norefil] 11:10:42  558,535/1,000,000  13.9/s  upd=13272  L=0.0236  D=1.367
[regir_norefil] 11:10:52  558,848/1,000,000  13.9/s  upd=13280  L=0.0322  D=1.367
[regir_norefil] 11:11:02  559,168/1,000,000  13.9/s  upd=13285  L=0.0324  D=1.367
[regir_norefil] 11:11:12  559,168/1,000,000  13.9/s  upd=13288  L=0.0286  D=1.367
[regir_norefil] 11:11:22  559,467/1,000,000  13.9/s  upd=13296  L=0.0218  D=1.367
[regir_norefil] 11:11:32  559,779/1,000,000  13.9/s  upd=13304  L=0.0324  D=1.367
[regir_norefil] 11:11:43  560,095/1,000,000  13.9/s  upd=13310  L=0.0356  D=1.367
[regir_norefil] saved resume t_env=560,095
[regir_norefil] 11:12:07  560,095/1,000,000  13.9/s  upd=13312  L=0.0323  ev=0/100  D=1.367
[regir_norefil] 11:12:17  560,095/1,000,000  13.9/s  upd=13312  L=0.0323  ev=7/100  D=1.367
[regir_norefil] 11:12:27  560,095/1,000,000  13.9/s  upd=13312  L=0.0323  ev=13/100  D=1.367
[regir_norefil] 11:12:37  560,095/1,000,000  13.9/s  upd=13312  L=0.0323  ev=22/100  D=1.367
[regir_norefil] 11:12:47  560,095/1,000,000  13.9/s  upd=13312  L=0.0323  ev=24/100  D=1.367
[regir_norefil] 11:12:57  560,095/1,000,000  13.9/s  upd=13312  L=0.0323  ev=38/100  D=1.367
[regir_norefil] 11:13:07  560,095/1,000,000  13.9/s  upd=13312  L=0.0323  ev=40/100  D=1.367
[regir_norefil] 11:13:17  560,095/1,000,000  13.9/s  upd=13312  L=0.0323  ev=55/100  D=1.367
[regir_norefil] 11:13:27  560,095/1,000,000  13.9/s  upd=13312  L=0.0323  ev=56/100  D=1.367
[regir_norefil] 11:13:38  560,095/1,000,000  13.9/s  upd=13312  L=0.0323  ev=78/100  D=1.367
[regir_norefil] 11:13:48  560,095/1,000,000  13.9/s  upd=13312  L=0.0323  ev=83/100  D=1.367
[regir_norefil] 11:13:58  560,095/1,000,000  13.9/s  upd=13312  L=0.0323  ev=95/100  D=1.367
[regir_norefil] report refresh skipped: PermissionError
[regir_norefil] 11:14:08  560,095/1,000,000  13.8/s  upd=13312  L=0.0323  D=1.190
[regir_norefil] 11:14:19  560,432/1,000,000  13.9/s  upd=13317  L=0.0372  D=1.190
[regir_norefil] 11:14:29  560,717/1,000,000  13.9/s  upd=13324  L=0.0272  D=1.190
[regir_norefil] 11:14:39  560,717/1,000,000  13.9/s  upd=13328  L=0.0274  D=1.190
[regir_norefil] 11:14:49  561,048/1,000,000  13.9/s  upd=13336  L=0.0274  D=1.190
[regir_norefil] 11:15:00  561,355/1,000,000  13.9/s  upd=13344  L=0.0260  D=1.190
[regir_norefil] 11:15:10  561,630/1,000,000  13.9/s  upd=13351  L=0.0180  D=1.190
[regir_norefil] 11:15:21  561,944/1,000,000  13.9/s  upd=13356  L=0.0230  D=1.190
[regir_norefil] 11:15:31  562,310/1,000,000  13.9/s  upd=13363  L=0.0321  D=1.190
[regir_norefil] 11:15:41  562,310/1,000,000  13.9/s  upd=13368  L=0.0241  D=1.190
[regir_norefil] report refresh skipped: PermissionError
[regir_norefil] 11:15:51  562,617/1,000,000  13.9/s  upd=13376  L=0.0466  D=1.190
[regir_norefil] 11:16:02  562,971/1,000,000  13.9/s  upd=13381  L=0.0547  D=1.190
[regir_norefil] 11:16:12  563,269/1,000,000  13.9/s  upd=13392  L=0.0364  D=1.190
[regir_norefil] 11:16:22  563,269/1,000,000  13.9/s  upd=13392  L=0.0364  D=1.190
[regir_norefil] 11:16:32  563,598/1,000,000  13.9/s  upd=13400  L=0.0202  D=1.190
[regir_norefil] 11:16:43  563,904/1,000,000  13.9/s  upd=13408  L=0.0212  D=1.190
[regir_norefil] 11:16:53  564,238/1,000,000  13.9/s  upd=13416  L=0.0225  D=1.190
[regir_norefil] 11:17:04  564,561/1,000,000  13.9/s  upd=13418  L=0.0210  D=1.190
[regir_norefil] 11:17:14  564,853/1,000,000  13.9/s  upd=13428  L=0.0179  D=1.190
[regir_norefil] 11:17:25  565,193/1,000,000  13.9/s  upd=13435  L=0.0386  D=1.190
[regir_norefil] 11:17:36  565,481/1,000,000  13.9/s  upd=13442  L=0.0235  D=1.190
[regir_norefil] 11:17:46  565,481/1,000,000  13.9/s  upd=13448  L=0.0218  D=1.190
[regir_norefil] 11:17:56  565,828/1,000,000  13.9/s  upd=13456  L=0.0275  D=1.190
[regir_norefil] 11:18:06  566,138/1,000,000  13.9/s  upd=13462  L=0.0301  D=1.190
[regir_norefil] 11:18:17  566,456/1,000,000  13.9/s  upd=13469  L=0.0283  D=1.190
[regir_norefil] 11:18:27  566,456/1,000,000  13.9/s  upd=13472  L=0.0316  D=1.190
[regir_norefil] 11:18:37  566,769/1,000,000  13.9/s  upd=13480  L=0.0245  D=1.190
[regir_norefil] 11:18:47  567,056/1,000,000  13.9/s  upd=13488  L=0.0226  D=1.190
[regir_norefil] 11:18:57  567,461/1,000,000  13.9/s  upd=13490  L=0.0331  D=1.190
[regir_norefil] 11:19:07  567,775/1,000,000  13.9/s  upd=13497  L=0.0221  D=1.190
[regir_norefil] 11:19:18  567,775/1,000,000  13.9/s  upd=13504  L=0.0461  D=1.190
[regir_norefil] 11:19:28  568,089/1,000,000  13.9/s  upd=13512  L=0.0201  D=1.190
[regir_norefil] 11:19:38  568,405/1,000,000  13.9/s  upd=13517  L=0.0224  D=1.190
[regir_norefil] 11:19:48  568,730/1,000,000  13.9/s  upd=13523  L=0.0321  D=1.190
[regir_norefil] 11:19:58  568,730/1,000,000  13.9/s  upd=13528  L=0.0291  D=1.190
[regir_norefil] 11:20:08  569,039/1,000,000  13.9/s  upd=13536  L=0.0297  D=1.190
[regir_norefil] 11:20:18  569,372/1,000,000  13.9/s  upd=13544  L=0.0235  D=1.190
[regir_norefil] 11:20:28  569,372/1,000,000  13.9/s  upd=13544  L=0.0235  D=1.190
[regir_norefil] 11:20:38  569,718/1,000,000  14.0/s  upd=13552  L=0.0227  D=1.190
[regir_norefil] 11:20:49  570,053/1,000,000  14.0/s  upd=13555  L=0.0214  D=1.190
[regir_norefil] report refresh skipped: PermissionError
[regir_norefil] 11:20:59  570,436/1,000,000  14.0/s  upd=13562  L=0.0221  D=1.190
[regir_norefil] 11:21:09  570,436/1,000,000  14.0/s  upd=13568  L=0.0404  D=1.190
[regir_norefil] 11:21:19  570,755/1,000,000  14.0/s  upd=13576  L=0.0219  D=1.190
[regir_norefil] 11:21:29  571,062/1,000,000  14.0/s  upd=13584  L=0.0188  D=1.190
[regir_norefil] 11:21:40  571,399/1,000,000  14.0/s  upd=13592  L=0.0279  D=1.190
[regir_norefil] 11:21:50  571,750/1,000,000  14.0/s  upd=13594  L=0.0328  D=1.190
[regir_norefil] saved resume t_env=571,750
[regir_norefil] 11:22:00  571,750/1,000,000  14.0/s  upd=13600  L=0.0227  D=1.190
[regir_norefil] 11:22:10  571,750/1,000,000  14.0/s  upd=13600  L=0.0227  D=1.190
[regir_norefil] 11:22:20  572,062/1,000,000  14.0/s  upd=13608  L=0.0226  D=1.190
[regir_norefil] 11:22:31  572,428/1,000,000  14.0/s  upd=13611  L=0.0177  D=1.190
[regir_norefil] 11:22:41  572,428/1,000,000  14.0/s  upd=13616  L=0.0197  D=1.190
[regir_norefil] 11:22:51  572,710/1,000,000  14.0/s  upd=13624  L=0.0232  D=1.190
[regir_norefil] 11:23:01  573,003/1,000,000  14.0/s  upd=13632  L=0.0225  D=1.190
[regir_norefil] 11:23:11  573,290/1,000,000  14.0/s  upd=13636  L=0.0144  D=1.190
[regir_norefil] 11:23:21  573,290/1,000,000  14.0/s  upd=13640  L=0.0400  D=1.190
[regir_norefil] 11:23:31  573,613/1,000,000  14.0/s  upd=13648  L=0.0168  D=1.190
[regir_norefil] 11:23:42  573,903/1,000,000  14.0/s  upd=13654  L=0.0209  D=1.190
[regir_norefil] 11:23:52  573,903/1,000,000  14.0/s  upd=13656  L=0.0202  D=1.190
[regir_norefil] 11:24:03  574,225/1,000,000  14.0/s  upd=13661  L=0.0184  D=1.190
[regir_norefil] 11:24:13  574,225/1,000,000  14.0/s  upd=13664  L=0.0287  D=1.190
[regir_norefil] 11:24:25  574,516/1,000,000  14.0/s  upd=13672  L=0.0213  D=1.190
[regir_norefil] 11:24:35  574,822/1,000,000  14.0/s  upd=13673  L=0.0302  D=1.190
[regir_norefil] 11:24:46  574,822/1,000,000  14.0/s  upd=13680  L=0.0413  D=1.190
[regir_norefil] 11:24:56  574,822/1,000,000  14.0/s  upd=13680  L=0.0413  D=1.190
[regir_norefil] 11:25:06  575,169/1,000,000  14.0/s  upd=13684  L=0.0289  D=1.190
[regir_norefil] 11:25:17  575,169/1,000,000  14.0/s  upd=13688  L=0.0223  D=1.190
[regir_norefil] 11:25:27  575,486/1,000,000  14.0/s  upd=13689  L=0.0229  D=1.190
[regir_norefil] 11:25:37  575,486/1,000,000  14.0/s  upd=13696  L=0.0200  D=1.190
[regir_norefil] 11:25:47  575,808/1,000,000  14.0/s  upd=13704  L=0.0205  D=1.190
[regir_norefil] 11:25:57  575,808/1,000,000  14.0/s  upd=13704  L=0.0205  D=1.190
[regir_norefil] report refresh skipped: PermissionError
[regir_norefil] 11:26:07  576,102/1,000,000  14.0/s  upd=13712  L=0.0171  D=1.190
[regir_norefil] 11:26:17  576,102/1,000,000  14.0/s  upd=13712  L=0.0171  D=1.190
[regir_norefil] 11:26:28  576,424/1,000,000  14.0/s  upd=13717  L=0.0261  D=1.190
[regir_norefil] 11:26:38  576,424/1,000,000  14.0/s  upd=13720  L=0.0170  D=1.190
[regir_norefil] 11:26:49  576,758/1,000,000  14.0/s  upd=13725  L=0.0159  D=1.190
[regir_norefil] 11:26:59  576,758/1,000,000  14.0/s  upd=13728  L=0.0193  D=1.190
[regir_norefil] 11:27:09  577,104/1,000,000  14.0/s  upd=13736  L=0.0367  D=1.190
[regir_norefil] 11:27:20  577,413/1,000,000  14.0/s  upd=13738  L=0.0236  D=1.190
[regir_norefil] 11:27:30  577,413/1,000,000  14.0/s  upd=13744  L=0.0312  D=1.190
[regir_norefil] 11:27:41  577,756/1,000,000  14.0/s  upd=13745  L=0.0258  D=1.190
[regir_norefil] 11:27:51  577,756/1,000,000  14.0/s  upd=13752  L=0.0171  D=1.190
[regir_norefil] 11:28:02  578,068/1,000,000  14.0/s  upd=13754  L=0.0358  D=1.190
[regir_norefil] 11:28:12  578,068/1,000,000  14.0/s  upd=13760  L=0.0349  D=1.190
[regir_norefil] 11:28:22  578,423/1,000,000  14.0/s  upd=13765  L=0.0276  D=1.190
[regir_norefil] 11:28:32  578,423/1,000,000  14.0/s  upd=13768  L=0.0217  D=1.190
[regir_norefil] 11:28:42  578,730/1,000,000  14.0/s  upd=13776  L=0.0175  D=1.190
[regir_norefil] 11:28:53  579,040/1,000,000  14.0/s  upd=13780  L=0.0255  D=1.190
[regir_norefil] 11:29:03  579,040/1,000,000  14.0/s  upd=13784  L=0.0292  D=1.190
[regir_norefil] 11:29:13  579,397/1,000,000  14.0/s  upd=13792  L=0.0267  D=1.190
[regir_norefil] 11:29:24  579,725/1,000,000  14.0/s  upd=13794  L=0.0296  D=1.190
[regir_norefil] 11:29:34  579,725/1,000,000  14.0/s  upd=13800  L=0.0230  D=1.190
[regir_norefil] 11:29:44  580,078/1,000,000  14.0/s  upd=13806  L=0.0219  D=1.190
[regir_norefil] saved resume t_env=580,078
[regir_norefil] 11:30:15  580,078/1,000,000  14.0/s  upd=13808  L=0.0277  ev=0/100  D=1.190
[regir_norefil] 11:30:25  580,078/1,000,000  14.0/s  upd=13808  L=0.0277  ev=9/100  D=1.190
[regir_norefil] 11:30:35  580,078/1,000,000  14.0/s  upd=13808  L=0.0277  ev=16/100  D=1.190
[regir_norefil] 11:30:45  580,078/1,000,000  14.0/s  upd=13808  L=0.0277  ev=25/100  D=1.190
[regir_norefil] 11:30:55  580,078/1,000,000  14.0/s  upd=13808  L=0.0277  ev=32/100  D=1.190
[regir_norefil] 11:31:05  580,078/1,000,000  14.0/s  upd=13808  L=0.0277  ev=39/100  D=1.190
[regir_norefil] 11:31:15  580,078/1,000,000  14.0/s  upd=13808  L=0.0277  ev=44/100  D=1.190
[regir_norefil] 11:31:25  580,078/1,000,000  14.0/s  upd=13808  L=0.0277  ev=48/100  D=1.190
[regir_norefil] 11:31:35  580,078/1,000,000  14.0/s  upd=13808  L=0.0277  ev=56/100  D=1.190
[regir_norefil] 11:31:45  580,078/1,000,000  14.0/s  upd=13808  L=0.0277  ev=64/100  D=1.190
[regir_norefil] 11:31:56  580,078/1,000,000  14.0/s  upd=13808  L=0.0277  ev=72/100  D=1.190
[regir_norefil] 11:32:06  580,078/1,000,000  14.0/s  upd=13808  L=0.0277  ev=78/100  D=1.190
[regir_norefil] 11:32:16  580,078/1,000,000  14.0/s  upd=13808  L=0.0277  ev=88/100  D=1.190
[regir_norefil] 11:32:26  580,078/1,000,000  14.0/s  upd=13808  L=0.0277  ev=88/100  D=1.190
[regir_norefil] 11:32:36  580,078/1,000,000  14.0/s  upd=13808  L=0.0277  ev=96/100  D=1.190
[regir_norefil] report refresh skipped: PermissionError
[regir_norefil] report refresh skipped: PermissionError
[regir_norefil] 11:32:46  580,078/1,000,000  14.0/s  upd=13808  L=0.0277  D=1.252
[regir_norefil] 11:32:56  580,373/1,000,000  14.0/s  upd=13810  L=0.0370  D=1.252
[regir_norefil] 11:33:06  580,373/1,000,000  14.0/s  upd=13816  L=0.0257  D=1.252
[regir_norefil] 11:33:16  580,373/1,000,000  14.0/s  upd=13816  L=0.0257  D=1.252
[regir_norefil] 11:33:27  580,725/1,000,000  14.0/s  upd=13821  L=0.0291  D=1.252
[regir_norefil] 11:33:37  580,725/1,000,000  14.0/s  upd=13824  L=0.0336  D=1.252
[regir_norefil] 11:33:47  580,725/1,000,000  14.0/s  upd=13824  L=0.0336  D=1.252
[regir_norefil] 11:33:57  581,046/1,000,000  14.0/s  upd=13829  L=0.0212  D=1.252
[regir_norefil] 11:34:07  581,046/1,000,000  14.0/s  upd=13832  L=0.0208  D=1.252
[regir_norefil] 11:34:17  581,046/1,000,000  13.9/s  upd=13832  L=0.0208  D=1.252
[regir_norefil] 11:34:28  581,329/1,000,000  14.0/s  upd=13840  L=0.0223  D=1.252
[regir_norefil] 11:34:38  581,329/1,000,000  13.9/s  upd=13840  L=0.0223  D=1.252
[regir_norefil] 11:34:49  581,697/1,000,000  14.0/s  upd=13846  L=0.0216  D=1.252
[regir_norefil] 11:34:59  581,697/1,000,000  13.9/s  upd=13848  L=0.0252  D=1.252
[regir_norefil] 11:35:10  582,037/1,000,000  14.0/s  upd=13855  L=0.0201  D=1.252
[regir_norefil] 11:35:20  582,037/1,000,000  14.0/s  upd=13856  L=0.0256  D=1.252
[regir_norefil] 11:35:30  582,037/1,000,000  13.9/s  upd=13856  L=0.0256  D=1.252
[regir_norefil] 11:35:41  582,404/1,000,000  14.0/s  upd=13863  L=0.0344  D=1.252
[regir_norefil] 11:35:51  582,404/1,000,000  13.9/s  upd=13864  L=0.0367  D=1.252
[regir_norefil] 11:36:02  582,756/1,000,000  14.0/s  upd=13871  L=0.0228  D=1.252
[regir_norefil] 11:36:12  582,756/1,000,000  14.0/s  upd=13872  L=0.0211  D=1.252
[regir_norefil] 11:36:22  583,035/1,000,000  14.0/s  upd=13875  L=0.0220  D=1.252
[regir_norefil] 11:36:32  583,035/1,000,000  14.0/s  upd=13880  L=0.0329  D=1.252
[regir_norefil] 11:36:43  583,336/1,000,000  14.0/s  upd=13883  L=0.0224  D=1.252
[regir_norefil] 11:36:53  583,336/1,000,000  14.0/s  upd=13888  L=0.0212  D=1.252
[regir_norefil] 11:37:03  583,648/1,000,000  14.0/s  upd=13896  L=0.0293  D=1.252
[regir_norefil] 11:37:13  583,648/1,000,000  14.0/s  upd=13896  L=0.0293  D=1.252
[regir_norefil] 11:37:23  583,945/1,000,000  14.0/s  upd=13904  L=0.0211  D=1.252
[regir_norefil] 11:37:34  584,290/1,000,000  14.0/s  upd=13908  L=0.0349  D=1.252
[regir_norefil] 11:37:44  584,290/1,000,000  14.0/s  upd=13912  L=0.0246  D=1.252
[regir_norefil] 11:37:55  584,573/1,000,000  14.0/s  upd=13919  L=0.0231  D=1.252
[regir_norefil] report refresh skipped: PermissionError
[regir_norefil] 11:38:06  584,881/1,000,000  14.0/s  upd=13922  L=0.0345  D=1.252
[regir_norefil] 11:38:16  584,881/1,000,000  14.0/s  upd=13928  L=0.0199  D=1.252
[regir_norefil] 11:38:26  585,221/1,000,000  14.0/s  upd=13930  L=0.0285  D=1.252
[regir_norefil] 11:38:37  585,221/1,000,000  14.0/s  upd=13936  L=0.0191  D=1.252
[regir_norefil] 11:38:47  585,221/1,000,000  14.0/s  upd=13936  L=0.0191  D=1.252
[regir_norefil] 11:38:57  585,559/1,000,000  14.0/s  upd=13941  L=0.0263  D=1.252
[regir_norefil] 11:39:07  585,559/1,000,000  14.0/s  upd=13944  L=0.0276  D=1.252
[regir_norefil] 11:39:17  585,889/1,000,000  14.0/s  upd=13952  L=0.0210  D=1.252
[regir_norefil] 11:39:28  586,195/1,000,000  14.0/s  upd=13954  L=0.0185  D=1.252
[regir_norefil] 11:39:38  586,195/1,000,000  14.0/s  upd=13960  L=0.0248  D=1.252
[regir_norefil] 11:39:49  586,484/1,000,000  14.0/s  upd=13965  L=0.0227  D=1.252
[regir_norefil] saved resume t_env=586,484
[regir_norefil] 11:39:59  586,484/1,000,000  14.0/s  upd=13968  L=0.0167  D=1.252
[regir_norefil] 11:40:10  586,784/1,000,000  14.0/s  upd=13975  L=0.0235  D=1.252
[regir_norefil] 11:40:20  586,784/1,000,000  14.0/s  upd=13976  L=0.0319  D=1.252
[regir_norefil] 11:40:30  587,090/1,000,000  14.0/s  upd=13984  L=0.0234  D=1.252
[regir_norefil] 11:40:41  587,382/1,000,000  14.0/s  upd=13988  L=0.0295  D=1.252
[regir_norefil] 11:40:51  587,382/1,000,000  14.0/s  upd=13992  L=0.0292  D=1.252
[regir_norefil] 11:41:01  587,666/1,000,000  14.0/s  upd=13996  L=0.0269  D=1.252
[regir_norefil] 11:41:11  587,666/1,000,000  14.0/s  upd=14000  L=0.0199  D=1.252
[regir_norefil] 11:41:22  587,948/1,000,000  14.0/s  upd=14007  L=0.0209  D=1.252
[regir_norefil] 11:41:33  588,230/1,000,000  14.0/s  upd=14012  L=0.0514  D=1.252
[regir_norefil] 11:41:43  588,230/1,000,000  14.0/s  upd=14016  L=0.0271  D=1.252
[regir_norefil] 11:41:54  588,557/1,000,000  14.0/s  upd=14024  L=0.0295  D=1.252
[regir_norefil] 11:42:04  588,557/1,000,000  14.0/s  upd=14024  L=0.0295  D=1.252
[regir_norefil] 11:42:14  588,891/1,000,000  14.0/s  upd=14032  L=0.0296  D=1.252
[regir_norefil] 11:42:25  589,195/1,000,000  14.0/s  upd=14038  L=0.0218  D=1.252
[regir_norefil] 11:42:35  589,195/1,000,000  14.0/s  upd=14040  L=0.0216  D=1.252
[regir_norefil] 11:42:45  589,482/1,000,000  14.0/s  upd=14048  L=0.0204  D=1.252
[regir_norefil] 11:42:55  589,482/1,000,000  14.0/s  upd=14048  L=0.0204  D=1.252
[regir_norefil] report refresh skipped: PermissionError
[regir_norefil] 11:43:05  589,803/1,000,000  14.0/s  upd=14056  L=0.0191  D=1.252
[regir_norefil] 11:43:17  590,123/1,000,000  14.0/s  upd=14061  L=0.0191  D=1.252
[regir_norefil] 11:43:27  590,123/1,000,000  14.0/s  upd=14064  L=0.0293  D=1.252
[regir_norefil] 11:43:37  590,459/1,000,000  14.0/s  upd=14072  L=0.0276  D=1.252
[regir_norefil] 11:43:48  590,788/1,000,000  14.0/s  upd=14074  L=0.0327  D=1.252
[regir_norefil] 11:43:58  590,788/1,000,000  14.0/s  upd=14080  L=0.0349  D=1.252
[regir_norefil] 11:44:08  590,788/1,000,000  14.0/s  upd=14080  L=0.0349  D=1.252
[regir_norefil] 11:44:19  591,142/1,000,000  14.0/s  upd=14082  L=0.0237  D=1.252
[regir_norefil] 11:44:29  591,142/1,000,000  14.0/s  upd=14088  L=0.0302  D=1.252
[regir_norefil] 11:44:40  591,142/1,000,000  14.0/s  upd=14088  L=0.0302  D=1.252
[regir_norefil] 11:44:50  591,464/1,000,000  14.0/s  upd=14096  L=0.0252  D=1.252
[regir_norefil] 11:45:00  591,464/1,000,000  14.0/s  upd=14096  L=0.0252  D=1.252
[regir_norefil] 11:45:10  591,926/1,000,000  14.0/s  upd=14098  L=0.0263  D=1.252
[regir_norefil] 11:45:20  591,926/1,000,000  14.0/s  upd=14104  L=0.0312  D=1.252
[regir_norefil] 11:45:30  592,261/1,000,000  14.0/s  upd=14108  L=0.0208  D=1.252
[regir_norefil] 11:45:41  592,261/1,000,000  14.0/s  upd=14112  L=0.0263  D=1.252
[regir_norefil] 11:45:51  592,534/1,000,000  14.0/s  upd=14120  L=0.0256  D=1.252
[regir_norefil] 11:46:01  592,534/1,000,000  14.0/s  upd=14120  L=0.0256  D=1.252
[regir_norefil] 11:46:11  592,805/1,000,000  14.0/s  upd=14128  L=0.0219  D=1.252
[regir_norefil] 11:46:21  592,805/1,000,000  14.0/s  upd=14128  L=0.0219  D=1.252
[regir_norefil] 11:46:32  593,175/1,000,000  14.0/s  upd=14133  L=0.0297  D=1.252
[regir_norefil] 11:46:42  593,175/1,000,000  14.0/s  upd=14136  L=0.0216  D=1.252
[regir_norefil] 11:46:53  593,511/1,000,000  14.0/s  upd=14139  L=0.0271  D=1.252
[regir_norefil] 11:47:03  593,511/1,000,000  14.0/s  upd=14144  L=0.0215  D=1.252
[regir_norefil] 11:47:14  593,794/1,000,000  14.0/s  upd=14152  L=0.0281  D=1.252
[regir_norefil] 11:47:24  593,794/1,000,000  14.0/s  upd=14152  L=0.0281  D=1.252
[regir_norefil] 11:47:34  594,156/1,000,000  14.0/s  upd=14160  L=0.0325  D=1.252
[regir_norefil] 11:47:44  594,156/1,000,000  14.0/s  upd=14160  L=0.0325  D=1.252
[regir_norefil] 11:47:54  594,450/1,000,000  14.0/s  upd=14168  L=0.0267  D=1.252
[regir_norefil] 11:48:05  594,749/1,000,000  14.0/s  upd=14170  L=0.0271  D=1.252
[regir_norefil] report refresh skipped: PermissionError
[regir_norefil] 11:48:15  594,749/1,000,000  14.0/s  upd=14176  L=0.0163  D=1.252
[regir_norefil] 11:48:26  595,047/1,000,000  14.0/s  upd=14184  L=0.0254  D=1.252
[regir_norefil] 11:48:36  595,047/1,000,000  14.0/s  upd=14184  L=0.0254  D=1.252
[regir_norefil] 11:48:46  595,373/1,000,000  14.0/s  upd=14192  L=0.0238  D=1.252
[regir_norefil] 11:48:56  595,373/1,000,000  14.0/s  upd=14192  L=0.0238  D=1.252
[regir_norefil] 11:49:07  595,681/1,000,000  14.0/s  upd=14196  L=0.0224  D=1.252
[regir_norefil] 11:49:17  595,681/1,000,000  14.0/s  upd=14200  L=0.0211  D=1.252
[regir_norefil] 11:49:27  595,998/1,000,000  14.0/s  upd=14208  L=0.0210  D=1.252
[regir_norefil] 11:49:37  596,318/1,000,000  14.0/s  upd=14211  L=0.0227  D=1.252
[regir_norefil] 11:49:47  596,318/1,000,000  14.0/s  upd=14216  L=0.0209  D=1.252
[regir_norefil] 11:49:57  596,646/1,000,000  14.0/s  upd=14221  L=0.0208  D=1.252
[regir_norefil] saved resume t_env=596,646
[regir_norefil] 11:50:07  596,646/1,000,000  14.0/s  upd=14224  L=0.0212  D=1.252
[regir_norefil] 11:50:18  596,998/1,000,000  14.0/s  upd=14229  L=0.0174  D=1.252
[regir_norefil] 11:50:28  596,998/1,000,000  14.0/s  upd=14232  L=0.0316  D=1.252
[regir_norefil] 11:50:38  597,256/1,000,000  14.0/s  upd=14234  L=0.0333  D=1.252
[regir_norefil] 11:50:48  597,256/1,000,000  14.0/s  upd=14240  L=0.0254  D=1.252
[regir_norefil] 11:50:58  597,256/1,000,000  14.0/s  upd=14240  L=0.0254  D=1.252
[regir_norefil] 11:51:08  597,628/1,000,000  14.0/s  upd=14248  L=0.0342  D=1.252
[regir_norefil] 11:51:18  597,628/1,000,000  14.0/s  upd=14248  L=0.0342  D=1.252
[regir_norefil] 11:51:29  597,970/1,000,000  14.0/s  upd=14256  L=0.0235  D=1.252
[regir_norefil] 11:51:39  598,301/1,000,000  14.0/s  upd=14260  L=0.0178  D=1.252
[regir_norefil] 11:51:50  598,301/1,000,000  14.0/s  upd=14264  L=0.0306  D=1.252
[regir_norefil] 11:52:01  598,628/1,000,000  14.0/s  upd=14270  L=0.0220  D=1.252
[regir_norefil] 11:52:11  598,628/1,000,000  14.0/s  upd=14272  L=0.0224  D=1.252
[regir_norefil] 11:52:21  598,902/1,000,000  14.0/s  upd=14279  L=0.0235  D=1.252
[regir_norefil] 11:52:32  599,223/1,000,000  14.0/s  upd=14283  L=0.0303  D=1.252
[regir_norefil] 11:52:42  599,223/1,000,000  14.0/s  upd=14288  L=0.0345  D=1.252
[regir_norefil] 11:52:53  599,549/1,000,000  14.0/s  upd=14293  L=0.0241  D=1.252
[regir_norefil] 11:53:04  599,842/1,000,000  14.0/s  upd=14299  L=0.0202  D=1.252
[regir_norefil] report refresh skipped: PermissionError
[regir_norefil] 11:53:15  599,842/1,000,000  14.0/s  upd=14304  L=0.0243  D=1.252
[regir_norefil] saved resume t_env=600,155
[regir_norefil] 11:53:43  600,155/1,000,000  14.0/s  upd=14312  L=0.0302  ev=0/100  D=1.252
[regir_norefil] 11:53:53  600,155/1,000,000  14.0/s  upd=14312  L=0.0302  ev=9/100  D=1.252
[regir_norefil] 11:54:03  600,155/1,000,000  14.0/s  upd=14312  L=0.0302  ev=15/100  D=1.252
[regir_norefil] 11:54:13  600,155/1,000,000  14.0/s  upd=14312  L=0.0302  ev=24/100  D=1.252
[regir_norefil] 11:54:23  600,155/1,000,000  14.0/s  upd=14312  L=0.0302  ev=32/100  D=1.252
[regir_norefil] 11:54:33  600,155/1,000,000  14.0/s  upd=14312  L=0.0302  ev=40/100  D=1.252
[regir_norefil] 11:54:43  600,155/1,000,000  14.0/s  upd=14312  L=0.0302  ev=47/100  D=1.252
[regir_norefil] 11:54:54  600,155/1,000,000  14.0/s  upd=14312  L=0.0302  ev=50/100  D=1.252
[regir_norefil] 11:55:04  600,155/1,000,000  14.0/s  upd=14312  L=0.0302  ev=60/100  D=1.252
[regir_norefil] 11:55:14  600,155/1,000,000  14.0/s  upd=14312  L=0.0302  ev=64/100  D=1.252
[regir_norefil] 11:55:24  600,155/1,000,000  14.0/s  upd=14312  L=0.0302  ev=72/100  D=1.252
[regir_norefil] 11:55:34  600,155/1,000,000  14.0/s  upd=14312  L=0.0302  ev=80/100  D=1.252
[regir_norefil] 11:55:44  600,155/1,000,000  14.0/s  upd=14312  L=0.0302  ev=88/100  D=1.252
[regir_norefil] 11:55:54  600,155/1,000,000  14.0/s  upd=14312  L=0.0302  ev=96/100  D=1.252
[regir_norefil] report refresh skipped: PermissionError
[regir_norefil] 11:56:05  600,155/1,000,000  14.0/s  upd=14312  L=0.0302  D=1.082
[regir_norefil] 11:56:15  600,435/1,000,000  14.0/s  upd=14314  L=0.0217  D=1.082
[regir_norefil] 11:56:25  600,435/1,000,000  14.0/s  upd=14320  L=0.0236  D=1.082
[regir_norefil] 11:56:35  600,728/1,000,000  14.0/s  upd=14327  L=0.0167  D=1.082
[regir_norefil] 11:56:45  600,728/1,000,000  14.0/s  upd=14328  L=0.0212  D=1.082
[regir_norefil] 11:56:55  600,995/1,000,000  14.0/s  upd=14336  L=0.0253  D=1.082
[regir_norefil] 11:57:06  601,307/1,000,000  14.0/s  upd=14338  L=0.0244  D=1.082
[regir_norefil] 11:57:16  601,307/1,000,000  14.0/s  upd=14344  L=0.0184  D=1.082
[regir_norefil] 11:57:26  601,601/1,000,000  14.0/s  upd=14352  L=0.0223  D=1.082
[regir_norefil] 11:57:36  601,601/1,000,000  14.0/s  upd=14352  L=0.0223  D=1.082
[regir_norefil] 11:57:46  601,858/1,000,000  14.0/s  upd=14360  L=0.0399  D=1.082
[regir_norefil] 11:57:56  601,858/1,000,000  14.0/s  upd=14360  L=0.0399  D=1.082
[regir_norefil] 11:58:06  602,127/1,000,000  14.0/s  upd=14365  L=0.0297  D=1.082
[regir_norefil] 11:58:18  602,394/1,000,000  14.0/s  upd=14369  L=0.0359  D=1.082
[regir_norefil] report refresh skipped: PermissionError
[regir_norefil] 11:58:28  602,394/1,000,000  14.0/s  upd=14376  L=0.0197  D=1.082
[regir_norefil] 11:58:38  602,694/1,000,000  14.0/s  upd=14377  L=0.0189  D=1.082
[regir_norefil] 11:58:48  602,694/1,000,000  14.0/s  upd=14384  L=0.0350  D=1.082
[regir_norefil] 11:58:58  602,965/1,000,000  14.0/s  upd=14392  L=0.0202  D=1.082
[regir_norefil] 11:59:08  603,280/1,000,000  14.0/s  upd=14397  L=0.0238  D=1.082
[regir_norefil] 11:59:19  603,280/1,000,000  14.0/s  upd=14400  L=0.0209  D=1.082
[regir_norefil] 11:59:29  603,578/1,000,000  14.0/s  upd=14408  L=0.0298  D=1.082
[regir_norefil] 11:59:39  603,872/1,000,000  14.0/s  upd=14416  L=0.0184  D=1.082
[regir_norefil] 11:59:49  603,872/1,000,000  14.0/s  upd=14416  L=0.0184  D=1.082
[regir_norefil] 12:00:00  604,230/1,000,000  14.0/s  upd=14424  L=0.0299  D=1.082
[regir_norefil] 12:00:10  604,553/1,000,000  14.0/s  upd=14425  L=0.0349  D=1.082
[regir_norefil] 12:00:20  604,553/1,000,000  14.0/s  upd=14432  L=0.0214  D=1.082
[regir_norefil] 12:00:30  604,884/1,000,000  14.0/s  upd=14437  L=0.0171  D=1.082
[regir_norefil] 12:00:40  604,884/1,000,000  14.0/s  upd=14440  L=0.0168  D=1.082
[regir_norefil] 12:00:50  605,177/1,000,000  14.0/s  upd=14448  L=0.0199  D=1.082
[regir_norefil] 12:01:01  605,481/1,000,000  14.0/s  upd=14455  L=0.0243  D=1.082
[regir_norefil] 12:01:11  605,481/1,000,000  14.0/s  upd=14456  L=0.0260  D=1.082
[regir_norefil] 12:01:21  605,783/1,000,000  14.0/s  upd=14464  L=0.0179  D=1.082
[regir_norefil] 12:01:32  606,077/1,000,000  14.0/s  upd=14472  L=0.0209  D=1.082
[regir_norefil] 12:01:43  606,077/1,000,000  14.0/s  upd=14472  L=0.0209  D=1.082
[regir_norefil] 12:01:53  606,394/1,000,000  14.0/s  upd=14480  L=0.0231  D=1.082
[regir_norefil] 12:02:03  606,394/1,000,000  14.0/s  upd=14480  L=0.0231  D=1.082
[regir_norefil] 12:02:13  606,705/1,000,000  14.0/s  upd=14488  L=0.0195  D=1.082
[regir_norefil] 12:02:23  607,011/1,000,000  14.0/s  upd=14493  L=0.0344  D=1.082
[regir_norefil] 12:02:34  607,011/1,000,000  14.0/s  upd=14496  L=0.0244  D=1.082
[regir_norefil] 12:02:44  607,343/1,000,000  14.0/s  upd=14504  L=0.0244  D=1.082
[regir_norefil] 12:02:54  607,343/1,000,000  14.0/s  upd=14504  L=0.0244  D=1.082
[regir_norefil] 12:03:05  607,647/1,000,000  14.0/s  upd=14509  L=0.0256  D=1.082
[regir_norefil] 12:03:16  607,931/1,000,000  14.0/s  upd=14513  L=0.0225  D=1.082
[regir_norefil] 12:03:26  607,931/1,000,000  14.0/s  upd=14520  L=0.0237  D=1.082
[regir_norefil] 12:03:37  608,230/1,000,000  14.0/s  upd=14525  L=0.0165  D=1.082
[regir_norefil] saved resume t_env=608,230
[regir_norefil] report refresh skipped: PermissionError
[regir_norefil] 12:03:47  608,230/1,000,000  14.0/s  upd=14528  L=0.0216  D=1.082
[regir_norefil] 12:03:57  608,596/1,000,000  14.0/s  upd=14534  L=0.0218  D=1.082
[regir_norefil] 12:04:07  608,596/1,000,000  14.0/s  upd=14536  L=0.0319  D=1.082
[regir_norefil] 12:04:17  608,900/1,000,000  14.0/s  upd=14544  L=0.0688  D=1.082
[regir_norefil] 12:04:27  608,900/1,000,000  14.0/s  upd=14544  L=0.0688  D=1.082
[regir_norefil] 12:04:37  608,900/1,000,000  14.0/s  upd=14544  L=0.0688  D=1.082
[regir_norefil] 12:04:48  609,383/1,000,000  14.0/s  upd=14552  L=0.0204  D=1.082
[regir_norefil] 12:04:58  609,383/1,000,000  14.0/s  upd=14552  L=0.0204  D=1.082
[regir_norefil] 12:05:08  609,716/1,000,000  14.0/s  upd=14560  L=0.0187  D=1.082
[regir_norefil] 12:05:20  610,009/1,000,000  14.0/s  upd=14561  L=0.0220  D=1.082
[regir_norefil] 12:05:30  610,009/1,000,000  14.0/s  upd=14568  L=0.0311  D=1.082
[regir_norefil] 12:05:40  610,274/1,000,000  14.0/s  upd=14576  L=0.0328  D=1.082
[regir_norefil] 12:05:50  610,274/1,000,000  14.0/s  upd=14576  L=0.0328  D=1.082
[regir_norefil] 12:06:00  610,578/1,000,000  14.0/s  upd=14584  L=0.0202  D=1.082
[regir_norefil] 12:06:11  610,887/1,000,000  14.0/s  upd=14587  L=0.0315  D=1.082
[regir_norefil] 12:06:21  610,887/1,000,000  14.0/s  upd=14592  L=0.0233  D=1.082
[regir_norefil] 12:06:31  611,220/1,000,000  14.0/s  upd=14599  L=0.0186  D=1.082
[regir_norefil] 12:06:41  611,220/1,000,000  14.0/s  upd=14600  L=0.0223  D=1.082
[regir_norefil] 12:06:51  611,569/1,000,000  14.0/s  upd=14608  L=0.0252  D=1.082
[regir_norefil] 12:07:01  611,843/1,000,000  14.0/s  upd=14611  L=0.0233  D=1.082
[regir_norefil] 12:07:11  611,843/1,000,000  14.0/s  upd=14616  L=0.0210  D=1.082
[regir_norefil] 12:07:21  612,167/1,000,000  14.0/s  upd=14624  L=0.0178  D=1.082
[regir_norefil] 12:07:31  612,167/1,000,000  14.0/s  upd=14624  L=0.0178  D=1.082
[regir_norefil] 12:07:42  612,482/1,000,000  14.0/s  upd=14632  L=0.0495  D=1.082
[regir_norefil] 12:07:52  612,776/1,000,000  14.0/s  upd=14633  L=0.0448  D=1.082
[regir_norefil] 12:08:02  612,776/1,000,000  14.0/s  upd=14640  L=0.0191  D=1.082
[regir_norefil] 12:08:12  613,088/1,000,000  14.0/s  upd=14644  L=0.0246  D=1.082
[regir_norefil] 12:08:22  613,088/1,000,000  14.0/s  upd=14648  L=0.0289  D=1.082
[regir_norefil] 12:08:32  613,442/1,000,000  14.0/s  upd=14651  L=0.0215  D=1.082
[regir_norefil] 12:08:43  613,442/1,000,000  14.0/s  upd=14656  L=0.0191  D=1.082
[regir_norefil] 12:08:53  613,723/1,000,000  14.0/s  upd=14661  L=0.0186  D=1.082
[regir_norefil] report refresh skipped: PermissionError
[regir_norefil] 12:09:03  613,723/1,000,000  14.0/s  upd=14664  L=0.0141  D=1.082
[regir_norefil] 12:09:14  614,041/1,000,000  14.0/s  upd=14672  L=0.0209  D=1.082
[regir_norefil] 12:09:24  614,041/1,000,000  14.0/s  upd=14672  L=0.0209  D=1.082
[regir_norefil] 12:09:34  614,326/1,000,000  14.0/s  upd=14680  L=0.0276  D=1.082
[regir_norefil] 12:09:44  614,326/1,000,000  14.0/s  upd=14680  L=0.0276  D=1.082
[regir_norefil] 12:09:55  614,634/1,000,000  14.0/s  upd=14686  L=0.0397  D=1.082
[regir_norefil] 12:10:06  614,972/1,000,000  14.0/s  upd=14690  L=0.0370  D=1.082
[regir_norefil] 12:10:16  614,972/1,000,000  14.0/s  upd=14696  L=0.0281  D=1.082
[regir_norefil] 12:10:26  615,267/1,000,000  14.0/s  upd=14698  L=0.0190  D=1.082
[regir_norefil] 12:10:36  615,267/1,000,000  14.0/s  upd=14704  L=0.0180  D=1.082
[regir_norefil] 12:10:47  615,572/1,000,000  14.0/s  upd=14709  L=0.0253  D=1.082
[regir_norefil] 12:10:57  615,572/1,000,000  14.0/s  upd=14712  L=0.0293  D=1.082
[regir_norefil] 12:11:07  615,863/1,000,000  14.0/s  upd=14719  L=0.0214  D=1.082
[regir_norefil] 12:11:18  615,863/1,000,000  14.0/s  upd=14720  L=0.0207  D=1.082
[regir_norefil] 12:11:28  616,159/1,000,000  14.0/s  upd=14724  L=0.0325  D=1.082
[regir_norefil] 12:11:39  616,159/1,000,000  14.0/s  upd=14728  L=0.0203  D=1.082
[regir_norefil] 12:11:49  616,475/1,000,000  14.0/s  upd=14731  L=0.0214  D=1.082
[regir_norefil] 12:11:59  616,475/1,000,000  14.0/s  upd=14736  L=0.0164  D=1.082
[regir_norefil] 12:12:10  616,827/1,000,000  14.0/s  upd=14742  L=0.0278  D=1.082
[regir_norefil] 12:12:20  616,827/1,000,000  14.0/s  upd=14744  L=0.0244  D=1.082
[regir_norefil] 12:12:30  617,099/1,000,000  14.0/s  upd=14752  L=0.0289  D=1.082
[regir_norefil] 12:12:40  617,398/1,000,000  14.0/s  upd=14753  L=0.0403  D=1.082
[regir_norefil] 12:12:51  617,398/1,000,000  14.0/s  upd=14759  L=0.0265  D=1.082
[regir_norefil] 12:13:02  617,669/1,000,000  14.0/s  upd=14763  L=0.0182  D=1.082
[regir_norefil] 12:13:12  617,669/1,000,000  14.0/s  upd=14768  L=0.0418  D=1.082
[regir_norefil] 12:13:23  617,956/1,000,000  14.0/s  upd=14772  L=0.0210  D=1.082
[regir_norefil] 12:13:33  617,956/1,000,000  14.0/s  upd=14776  L=0.0216  D=1.082
[regir_norefil] 12:13:44  618,264/1,000,000  14.0/s  upd=14783  L=0.0226  D=1.082
[regir_norefil] saved resume t_env=618,264
[regir_norefil] 12:13:54  618,264/1,000,000  14.0/s  upd=14784  L=0.0234  D=1.082
[regir_norefil] 12:14:05  618,576/1,000,000  14.0/s  upd=14791  L=0.0296  D=1.082
[regir_norefil] report refresh skipped: PermissionError
[regir_norefil] 12:14:15  618,576/1,000,000  14.0/s  upd=14792  L=0.0206  D=1.082
[regir_norefil] 12:14:26  618,873/1,000,000  14.0/s  upd=14796  L=0.0312  D=1.082
[regir_norefil] 12:14:36  618,873/1,000,000  14.0/s  upd=14800  L=0.0358  D=1.082
[regir_norefil] 12:14:47  618,873/1,000,000  14.0/s  upd=14800  L=0.0358  D=1.082
[regir_norefil] 12:14:57  619,289/1,000,000  14.0/s  upd=14803  L=0.0186  D=1.082
[regir_norefil] 12:15:07  619,289/1,000,000  14.0/s  upd=14808  L=0.0184  D=1.082
[regir_norefil] 12:15:18  619,557/1,000,000  14.0/s  upd=14810  L=0.0189  D=1.082
[regir_norefil] 12:15:28  619,557/1,000,000  14.0/s  upd=14816  L=0.0320  D=1.082
[regir_norefil] 12:15:39  619,843/1,000,000  14.0/s  upd=14824  L=0.0271  D=1.082
[regir_norefil] 12:15:49  619,843/1,000,000  14.0/s  upd=14824  L=0.0271  D=1.082
[regir_norefil] saved resume t_env=620,141
[regir_norefil] 12:16:21  620,141/1,000,000  14.0/s  upd=14832  L=0.0152  ev=0/100  D=1.082
[regir_norefil] 12:16:32  620,141/1,000,000  14.0/s  upd=14832  L=0.0152  ev=4/100  D=1.082
[regir_norefil] 12:16:42  620,141/1,000,000  14.0/s  upd=14832  L=0.0152  ev=7/100  D=1.082
[regir_norefil] 12:16:52  620,141/1,000,000  14.0/s  upd=14832  L=0.0152  ev=8/100  D=1.082
[regir_norefil] 12:17:02  620,141/1,000,000  14.0/s  upd=14832  L=0.0152  ev=16/100  D=1.082
[regir_norefil] 12:17:12  620,141/1,000,000  14.0/s  upd=14832  L=0.0152  ev=22/100  D=1.082
[regir_norefil] 12:17:22  620,141/1,000,000  14.0/s  upd=14832  L=0.0152  ev=31/100  D=1.082
[regir_norefil] 12:17:32  620,141/1,000,000  14.0/s  upd=14832  L=0.0152  ev=32/100  D=1.082
[regir_norefil] 12:17:43  620,141/1,000,000  14.0/s  upd=14832  L=0.0152  ev=40/100  D=1.082
[regir_norefil] 12:17:53  620,141/1,000,000  14.0/s  upd=14832  L=0.0152  ev=48/100  D=1.082
[regir_norefil] 12:18:03  620,141/1,000,000  14.0/s  upd=14832  L=0.0152  ev=55/100  D=1.082
[regir_norefil] 12:18:13  620,141/1,000,000  14.0/s  upd=14832  L=0.0152  ev=56/100  D=1.082
[regir_norefil] 12:18:23  620,141/1,000,000  14.0/s  upd=14832  L=0.0152  ev=71/100  D=1.082
[regir_norefil] 12:18:33  620,141/1,000,000  14.0/s  upd=14832  L=0.0152  ev=78/100  D=1.082
[regir_norefil] 12:18:43  620,141/1,000,000  14.0/s  upd=14832  L=0.0152  ev=88/100  D=1.082
[regir_norefil] 12:18:54  620,141/1,000,000  14.0/s  upd=14832  L=0.0152  ev=96/100  D=1.082
[regir_norefil] report refresh skipped: PermissionError
[regir_norefil] 12:19:04  620,447/1,000,000  14.0/s  upd=14838  L=0.0221  D=1.574
[regir_norefil] report refresh skipped: PermissionError
[regir_norefil] 12:19:14  620,447/1,000,000  14.0/s  upd=14840  L=0.0184  D=1.574
[regir_norefil] 12:19:24  620,741/1,000,000  14.0/s  upd=14848  L=0.0177  D=1.574
[regir_norefil] 12:19:35  621,078/1,000,000  14.0/s  upd=14856  L=0.0264  D=1.574
[regir_norefil] 12:19:45  621,361/1,000,000  14.0/s  upd=14862  L=0.0247  D=1.574
[regir_norefil] 12:19:55  621,361/1,000,000  14.0/s  upd=14864  L=0.0210  D=1.574
[regir_norefil] 12:20:06  621,686/1,000,000  14.0/s  upd=14872  L=0.0169  D=1.574
[regir_norefil] 12:20:16  622,001/1,000,000  14.0/s  upd=14873  L=0.0216  D=1.574
[regir_norefil] 12:20:26  622,001/1,000,000  14.0/s  upd=14880  L=0.0211  D=1.574
[regir_norefil] 12:20:37  622,369/1,000,000  14.0/s  upd=14888  L=0.0197  D=1.574
[regir_norefil] 12:20:47  622,627/1,000,000  14.0/s  upd=14895  L=0.0186  D=1.574
[regir_norefil] 12:20:57  622,627/1,000,000  14.0/s  upd=14896  L=0.0199  D=1.574
[regir_norefil] 12:21:08  622,937/1,000,000  14.0/s  upd=14902  L=0.0304  D=1.574
[regir_norefil] 12:21:18  623,198/1,000,000  14.0/s  upd=14907  L=0.0201  D=1.574
[regir_norefil] 12:21:28  623,198/1,000,000  14.0/s  upd=14912  L=0.0165  D=1.574
[regir_norefil] 12:21:38  623,198/1,000,000  14.0/s  upd=14912  L=0.0165  D=1.574
[regir_norefil] 12:21:48  623,519/1,000,000  14.0/s  upd=14920  L=0.0288  D=1.574
[regir_norefil] 12:21:58  623,519/1,000,000  14.0/s  upd=14920  L=0.0288  D=1.574
[regir_norefil] 12:22:09  623,784/1,000,000  14.0/s  upd=14928  L=0.0330  D=1.574
[regir_norefil] 12:22:19  624,036/1,000,000  14.0/s  upd=14929  L=0.0256  D=1.574
[regir_norefil] 12:22:30  624,036/1,000,000  14.0/s  upd=14936  L=0.0142  D=1.574
[regir_norefil] 12:22:40  624,309/1,000,000  14.0/s  upd=14941  L=0.0274  D=1.574
[regir_norefil] 12:22:50  624,309/1,000,000  14.0/s  upd=14944  L=0.0197  D=1.574
[regir_norefil] 12:23:00  624,602/1,000,000  14.0/s  upd=14951  L=0.0290  D=1.574
[regir_norefil] 12:23:10  624,602/1,000,000  14.0/s  upd=14952  L=0.0175  D=1.574
[regir_norefil] 12:23:21  624,896/1,000,000  14.0/s  upd=14957  L=0.0203  D=1.574
[regir_norefil] 12:23:32  625,160/1,000,000  14.0/s  upd=14964  L=0.0174  D=1.574
[regir_norefil] 12:23:42  625,160/1,000,000  14.0/s  upd=14968  L=0.0160  D=1.574
[regir_norefil] 12:23:52  625,438/1,000,000  14.0/s  upd=14976  L=0.0416  D=1.574
[regir_norefil] 12:24:02  625,709/1,000,000  14.0/s  upd=14984  L=0.0262  D=1.574
[regir_norefil] 12:24:12  626,000/1,000,000  14.0/s  upd=14989  L=0.0341  D=1.574
[regir_norefil] report refresh skipped: PermissionError
[regir_norefil] 12:24:22  626,294/1,000,000  14.0/s  upd=14994  L=0.0243  D=1.574
[regir_norefil] 12:24:32  626,294/1,000,000  14.0/s  upd=15000  L=0.0290  D=1.574
[regir_norefil] 12:24:43  626,564/1,000,000  14.0/s  upd=15008  L=0.0225  D=1.574
[regir_norefil] 12:24:53  626,564/1,000,000  14.0/s  upd=15008  L=0.0225  D=1.574
[regir_norefil] 12:25:03  626,898/1,000,000  14.0/s  upd=15016  L=0.0221  D=1.574
[regir_norefil] 12:25:14  627,164/1,000,000  14.0/s  upd=15019  L=0.0173  D=1.574
[regir_norefil] 12:25:24  627,411/1,000,000  14.0/s  upd=15026  L=0.0195  D=1.574
[regir_norefil] 12:25:34  627,411/1,000,000  14.0/s  upd=15032  L=0.0207  D=1.574
[regir_norefil] 12:25:45  627,746/1,000,000  14.0/s  upd=15036  L=0.0397  D=1.574
[regir_norefil] 12:25:55  627,746/1,000,000  14.0/s  upd=15040  L=0.0962  D=1.574
[regir_norefil] 12:26:05  628,069/1,000,000  14.0/s  upd=15047  L=0.0242  D=1.574
[regir_norefil] saved resume t_env=628,069
[regir_norefil] 12:26:15  628,069/1,000,000  14.0/s  upd=15048  L=0.0228  D=1.574
[regir_norefil] 12:26:25  628,357/1,000,000  14.0/s  upd=15056  L=0.0223  D=1.574
[regir_norefil] 12:26:35  628,357/1,000,000  14.0/s  upd=15056  L=0.0223  D=1.574
[regir_norefil] 12:26:46  628,699/1,000,000  14.0/s  upd=15062  L=0.0327  D=1.574
[regir_norefil] 12:26:56  628,699/1,000,000  14.0/s  upd=15064  L=0.0189  D=1.574
[regir_norefil] 12:27:06  629,014/1,000,000  14.0/s  upd=15072  L=0.0201  D=1.574
[regir_norefil] 12:27:17  629,318/1,000,000  14.0/s  upd=15073  L=0.0163  D=1.574
[regir_norefil] 12:27:28  629,318/1,000,000  14.0/s  upd=15080  L=0.0163  D=1.574
[regir_norefil] 12:27:38  629,605/1,000,000  14.0/s  upd=15087  L=0.0140  D=1.574
[regir_norefil] 12:27:49  629,605/1,000,000  14.0/s  upd=15088  L=0.0267  D=1.574
[regir_norefil] 12:27:59  629,908/1,000,000  14.0/s  upd=15095  L=0.0313  D=1.574
[regir_norefil] 12:28:10  630,202/1,000,000  14.0/s  upd=15098  L=0.0285  D=1.574
[regir_norefil] 12:28:20  630,202/1,000,000  14.0/s  upd=15104  L=0.0194  D=1.574
[regir_norefil] 12:28:30  630,202/1,000,000  14.0/s  upd=15104  L=0.0194  D=1.574
[regir_norefil] 12:28:40  630,452/1,000,000  14.0/s  upd=15112  L=0.0524  D=1.574
[regir_norefil] 12:28:50  630,762/1,000,000  14.0/s  upd=15120  L=0.0323  D=1.574
[regir_norefil] 12:29:01  630,762/1,000,000  14.0/s  upd=15120  L=0.0323  D=1.574
[regir_norefil] 12:29:11  631,086/1,000,000  14.0/s  upd=15128  L=0.0273  D=1.574
[regir_norefil] 12:29:21  631,374/1,000,000  14.0/s  upd=15130  L=0.0322  D=1.574
[regir_norefil] report refresh skipped: PermissionError
[regir_norefil] 12:29:31  631,633/1,000,000  14.0/s  upd=15137  L=0.0253  D=1.574
[regir_norefil] 12:29:41  631,633/1,000,000  14.0/s  upd=15144  L=0.0270  D=1.574
[regir_norefil] 12:29:52  631,903/1,000,000  14.0/s  upd=15150  L=0.0211  D=1.574
[regir_norefil] 12:30:02  631,903/1,000,000  14.0/s  upd=15152  L=0.0284  D=1.574
[regir_norefil] 12:30:12  632,218/1,000,000  14.0/s  upd=15160  L=0.0295  D=1.574
[regir_norefil] 12:30:23  632,546/1,000,000  14.0/s  upd=15167  L=0.0243  D=1.574
[regir_norefil] 12:30:33  632,546/1,000,000  14.0/s  upd=15168  L=0.0171  D=1.574
[regir_norefil] 12:30:43  632,839/1,000,000  14.0/s  upd=15176  L=0.0197  D=1.574
[regir_norefil] 12:30:53  633,126/1,000,000  14.1/s  upd=15184  L=0.0277  D=1.574
[regir_norefil] 12:31:03  633,394/1,000,000  14.1/s  upd=15189  L=0.0401  D=1.574
[regir_norefil] 12:31:13  633,394/1,000,000  14.1/s  upd=15192  L=0.0224  D=1.574
[regir_norefil] 12:31:24  633,730/1,000,000  14.1/s  upd=15200  L=0.0231  D=1.574
[regir_norefil] 12:31:35  633,998/1,000,000  14.1/s  upd=15205  L=0.0336  D=1.574
[regir_norefil] 12:31:45  634,260/1,000,000  14.1/s  upd=15209  L=0.0174  D=1.574
[regir_norefil] 12:31:55  634,260/1,000,000  14.1/s  upd=15216  L=0.0208  D=1.574
[regir_norefil] 12:32:05  634,260/1,000,000  14.1/s  upd=15216  L=0.0208  D=1.574
[regir_norefil] 12:32:16  634,598/1,000,000  14.1/s  upd=15224  L=0.0306  D=1.574
[regir_norefil] 12:32:26  634,598/1,000,000  14.1/s  upd=15224  L=0.0306  D=1.574
[regir_norefil] 12:32:36  634,941/1,000,000  14.1/s  upd=15232  L=0.0154  D=1.574
[regir_norefil] 12:32:46  635,215/1,000,000  14.1/s  upd=15240  L=0.0208  D=1.574
[regir_norefil] 12:32:57  635,470/1,000,000  14.1/s  upd=15247  L=0.0382  D=1.574
[regir_norefil] 12:33:07  635,470/1,000,000  14.1/s  upd=15248  L=0.0454  D=1.574
[regir_norefil] 12:33:17  635,801/1,000,000  14.1/s  upd=15256  L=0.0246  D=1.574
[regir_norefil] 12:33:28  636,110/1,000,000  14.1/s  upd=15259  L=0.0218  D=1.574
[regir_norefil] 12:33:38  636,110/1,000,000  14.1/s  upd=15264  L=0.0191  D=1.574
[regir_norefil] 12:33:48  636,388/1,000,000  14.1/s  upd=15272  L=0.0192  D=1.574
[regir_norefil] 12:33:58  636,768/1,000,000  14.1/s  upd=15273  L=0.0164  D=1.574
[regir_norefil] 12:34:09  637,032/1,000,000  14.1/s  upd=15286  L=0.0307  D=1.574
[regir_norefil] 12:34:19  637,312/1,000,000  14.1/s  upd=15293  L=0.0275  D=1.574
[regir_norefil] 12:34:29  637,549/1,000,000  14.1/s  upd=15300  L=0.0290  D=1.574
[regir_norefil] report refresh skipped: PermissionError
[regir_norefil] 12:34:40  637,799/1,000,000  14.1/s  upd=15309  L=0.0292  D=1.574
[regir_norefil] 12:34:50  638,066/1,000,000  14.1/s  upd=15314  L=0.0252  D=1.574
[regir_norefil] 12:35:00  638,293/1,000,000  14.1/s  upd=15324  L=0.0248  D=1.574
[regir_norefil] 12:35:11  638,577/1,000,000  14.1/s  upd=15331  L=0.0358  D=1.574
[regir_norefil] 12:35:21  638,577/1,000,000  14.1/s  upd=15336  L=0.0262  D=1.574
[regir_norefil] 12:35:32  638,896/1,000,000  14.1/s  upd=15344  L=0.0224  D=1.574
[regir_norefil] 12:35:42  639,197/1,000,000  14.1/s  upd=15352  L=0.0196  D=1.574
[regir_norefil] 12:35:52  639,447/1,000,000  14.1/s  upd=15360  L=0.0220  D=1.574
[regir_norefil] 12:36:02  639,447/1,000,000  14.1/s  upd=15360  L=0.0220  D=1.574
[regir_norefil] saved resume t_env=639,725
[regir_norefil] 12:36:12  639,725/1,000,000  14.1/s  upd=15368  L=0.0302  D=1.574
[regir_norefil] 12:36:22  639,725/1,000,000  14.1/s  upd=15368  L=0.0302  D=1.574
[regir_norefil] saved resume t_env=640,056
[regir_norefil] 12:36:50  640,056/1,000,000  14.1/s  upd=15376  L=0.0277  ev=0/100  D=1.574
[regir_norefil] 12:37:00  640,056/1,000,000  14.1/s  upd=15376  L=0.0277  ev=16/100  D=1.574
[regir_norefil] 12:37:10  640,056/1,000,000  14.1/s  upd=15376  L=0.0277  ev=31/100  D=1.574
[regir_norefil] 12:37:20  640,056/1,000,000  14.1/s  upd=15376  L=0.0277  ev=40/100  D=1.574
[regir_norefil] 12:37:30  640,056/1,000,000  14.1/s  upd=15376  L=0.0277  ev=48/100  D=1.574
[regir_norefil] 12:37:40  640,056/1,000,000  14.1/s  upd=15376  L=0.0277  ev=63/100  D=1.574
[regir_norefil] 12:37:50  640,056/1,000,000  14.1/s  upd=15376  L=0.0277  ev=72/100  D=1.574
[regir_norefil] 12:38:01  640,056/1,000,000  14.1/s  upd=15376  L=0.0277  ev=79/100  D=1.574
[regir_norefil] 12:38:11  640,056/1,000,000  14.1/s  upd=15376  L=0.0277  ev=84/100  D=1.574
[regir_norefil] report refresh skipped: PermissionError
[regir_norefil] 12:38:21  640,056/1,000,000  14.1/s  upd=15376  L=0.0277  D=0.978
[regir_norefil] 12:38:31  640,357/1,000,000  14.1/s  upd=15378  L=0.0312  D=0.978
[regir_norefil] 12:38:41  640,357/1,000,000  14.1/s  upd=15384  L=0.0308  D=0.978
[regir_norefil] 12:38:51  640,679/1,000,000  14.1/s  upd=15391  L=0.0238  D=0.978
[regir_norefil] 12:39:01  640,952/1,000,000  14.1/s  upd=15400  L=0.0302  D=0.978
[regir_norefil] 12:39:12  641,225/1,000,000  14.1/s  upd=15407  L=0.0209  D=0.978
[regir_norefil] 12:39:22  641,529/1,000,000  14.1/s  upd=15416  L=0.0313  D=0.978
[regir_norefil] 12:39:32  641,805/1,000,000  14.1/s  upd=15422  L=0.0252  D=0.978
[regir_norefil] report refresh skipped: PermissionError
[regir_norefil] 12:39:42  642,120/1,000,000  14.1/s  upd=15432  L=0.0290  D=0.978
[regir_norefil] 12:39:52  642,383/1,000,000  14.1/s  upd=15438  L=0.0230  D=0.978
[regir_norefil] 12:40:03  642,633/1,000,000  14.1/s  upd=15442  L=0.0261  D=0.978
[regir_norefil] 12:40:13  642,633/1,000,000  14.1/s  upd=15448  L=0.0210  D=0.978
[regir_norefil] 12:40:23  642,948/1,000,000  14.1/s  upd=15456  L=0.0171  D=0.978
[regir_norefil] 12:40:33  643,213/1,000,000  14.1/s  upd=15464  L=0.0313  D=0.978
[regir_norefil] 12:40:43  643,213/1,000,000  14.1/s  upd=15464  L=0.0313  D=0.978
[regir_norefil] 12:40:54  643,721/1,000,000  14.1/s  upd=15478  L=0.0202  D=0.978
[regir_norefil] 12:41:04  644,009/1,000,000  14.1/s  upd=15481  L=0.0218  D=0.978
[regir_norefil] 12:41:14  644,009/1,000,000  14.1/s  upd=15488  L=0.0274  D=0.978
[regir_norefil] 12:41:24  644,296/1,000,000  14.1/s  upd=15496  L=0.0194  D=0.978
[regir_norefil] 12:41:35  644,536/1,000,000  14.1/s  upd=15499  L=0.0202  D=0.978
[regir_norefil] 12:41:45  644,828/1,000,000  14.1/s  upd=15508  L=0.0179  D=0.978
[regir_norefil] 12:41:55  644,828/1,000,000  14.1/s  upd=15512  L=0.0233  D=0.978
[regir_norefil] 12:42:05  645,089/1,000,000  14.1/s  upd=15520  L=0.0500  D=0.978
[regir_norefil] 12:42:15  645,351/1,000,000  14.1/s  upd=15528  L=0.0166  D=0.978
[regir_norefil] 12:42:25  645,663/1,000,000  14.1/s  upd=15536  L=0.0291  D=0.978
[regir_norefil] 12:42:35  645,663/1,000,000  14.1/s  upd=15536  L=0.0291  D=0.978
[regir_norefil] 12:42:45  645,991/1,000,000  14.1/s  upd=15544  L=0.0222  D=0.978
[regir_norefil] 12:42:56  646,243/1,000,000  14.1/s  upd=15552  L=0.0138  D=0.978
[regir_norefil] 12:43:06  646,523/1,000,000  14.1/s  upd=15557  L=0.0256  D=0.978
[regir_norefil] 12:43:16  646,523/1,000,000  14.1/s  upd=15560  L=0.0275  D=0.978
[regir_norefil] 12:43:26  646,792/1,000,000  14.1/s  upd=15568  L=0.0289  D=0.978
[regir_norefil] 12:43:37  647,086/1,000,000  14.1/s  upd=15569  L=0.0234  D=0.978
[regir_norefil] 12:43:47  647,086/1,000,000  14.1/s  upd=15576  L=0.0238  D=0.978
[regir_norefil] 12:43:57  647,378/1,000,000  14.1/s  upd=15584  L=0.0356  D=0.978
[regir_norefil] 12:44:07  647,676/1,000,000  14.1/s  upd=15592  L=0.0204  D=0.978
[regir_norefil] 12:44:18  647,935/1,000,000  14.1/s  upd=15597  L=0.0212  D=0.978
[regir_norefil] 12:44:28  648,211/1,000,000  14.1/s  upd=15606  L=0.0218  D=0.978
[regir_norefil] 12:44:38  648,211/1,000,000  14.1/s  upd=15608  L=0.0226  D=0.978
[regir_norefil] 12:44:49  648,496/1,000,000  14.1/s  upd=15615  L=0.0291  D=0.978
[regir_norefil] report refresh skipped: PermissionError
[regir_norefil] 12:45:00  648,829/1,000,000  14.1/s  upd=15620  L=0.0259  D=0.978
[regir_norefil] 12:45:10  648,829/1,000,000  14.1/s  upd=15624  L=0.0243  D=0.978
[regir_norefil] 12:45:20  649,170/1,000,000  14.1/s  upd=15632  L=0.0305  D=0.978
[regir_norefil] 12:45:30  649,465/1,000,000  14.1/s  upd=15640  L=0.0246  D=0.978
[regir_norefil] 12:45:41  649,770/1,000,000  14.1/s  upd=15647  L=0.0206  D=0.978
[regir_norefil] 12:45:51  650,097/1,000,000  14.1/s  upd=15653  L=0.0319  D=0.978
[regir_norefil] 12:46:01  650,351/1,000,000  14.1/s  upd=15663  L=0.0402  D=0.978
[regir_norefil] 12:46:12  650,602/1,000,000  14.2/s  upd=15668  L=0.0346  D=0.978
[regir_norefil] 12:46:22  650,897/1,000,000  14.2/s  upd=15679  L=0.0193  D=0.978
[regir_norefil] 12:46:32  651,148/1,000,000  14.2/s  upd=15683  L=0.0252  D=0.978
[regir_norefil] saved resume t_env=651,148
[regir_norefil] 12:46:42  651,148/1,000,000  14.2/s  upd=15688  L=0.0346  D=0.978
[regir_norefil] 12:46:53  651,468/1,000,000  14.2/s  upd=15695  L=0.0243  D=0.978
[regir_norefil] 12:47:04  651,816/1,000,000  14.2/s  upd=15702  L=0.0311  D=0.978
[regir_norefil] 12:47:15  652,095/1,000,000  14.2/s  upd=15712  L=0.0245  D=0.978
[regir_norefil] 12:47:25  652,407/1,000,000  14.2/s  upd=15720  L=0.0291  D=0.978
[regir_norefil] 12:47:36  653,014/1,000,000  14.2/s  upd=15729  L=0.0181  D=0.978
[regir_norefil] 12:47:46  653,261/1,000,000  14.2/s  upd=15739  L=0.0167  D=0.978
[regir_norefil] 12:47:57  653,522/1,000,000  14.2/s  upd=15750  L=0.0311  D=0.978
[regir_norefil] 12:48:07  653,807/1,000,000  14.2/s  upd=15757  L=0.0230  D=0.978
[regir_norefil] 12:48:17  654,087/1,000,000  14.2/s  upd=15768  L=0.0192  D=0.978
[regir_norefil] 12:48:27  654,379/1,000,000  14.2/s  upd=15776  L=0.0245  D=0.978
[regir_norefil] 12:48:37  654,666/1,000,000  14.2/s  upd=15784  L=0.0368  D=0.978
[regir_norefil] 12:48:48  655,189/1,000,000  14.2/s  upd=15793  L=0.0210  D=0.978
[regir_norefil] 12:48:58  655,189/1,000,000  14.2/s  upd=15800  L=0.0220  D=0.978
[regir_norefil] 12:49:08  655,471/1,000,000  14.2/s  upd=15808  L=0.0198  D=0.978
[regir_norefil] 12:49:18  655,756/1,000,000  14.2/s  upd=15816  L=0.0365  D=0.978
[regir_norefil] 12:49:28  656,066/1,000,000  14.2/s  upd=15824  L=0.0263  D=0.978
[regir_norefil] 12:49:38  656,677/1,000,000  14.2/s  upd=15835  L=0.0199  D=0.978
[regir_norefil] 12:49:49  656,971/1,000,000  14.2/s  upd=15845  L=0.0239  D=0.978
[regir_norefil] report refresh skipped: PermissionError
[regir_norefil] 12:50:00  657,240/1,000,000  14.2/s  upd=15854  L=0.0232  D=0.978
[regir_norefil] 12:50:10  657,556/1,000,000  14.2/s  upd=15864  L=0.0254  D=0.978
[regir_norefil] 12:50:21  658,065/1,000,000  14.2/s  upd=15875  L=0.0309  D=0.978
[regir_norefil] 12:50:32  658,372/1,000,000  14.2/s  upd=15885  L=0.0235  D=0.978
[regir_norefil] 12:50:42  658,711/1,000,000  14.2/s  upd=15895  L=0.0222  D=0.978
[regir_norefil] 12:50:52  659,046/1,000,000  14.2/s  upd=15904  L=0.0377  D=0.978
[regir_norefil] 12:51:02  659,319/1,000,000  14.3/s  upd=15912  L=0.0165  D=0.978
[regir_norefil] 12:51:12  659,591/1,000,000  14.3/s  upd=15920  L=0.0240  D=0.978
[regir_norefil] 12:51:23  659,887/1,000,000  14.3/s  upd=15926  L=0.0220  D=0.978
[regir_norefil] 12:51:33  660,161/1,000,000  14.3/s  upd=15932  L=0.0337  D=0.978
[regir_norefil] saved resume t_env=660,161
[regir_norefil] 12:51:57  660,161/1,000,000  14.3/s  upd=15936  L=0.0226  ev=0/100  D=0.978
[regir_norefil] 12:52:07  660,161/1,000,000  14.2/s  upd=15936  L=0.0226  ev=8/100  D=0.978
[regir_norefil] 12:52:18  660,161/1,000,000  14.2/s  upd=15936  L=0.0226  ev=16/100  D=0.978
[regir_norefil] 12:52:28  660,161/1,000,000  14.2/s  upd=15936  L=0.0226  ev=34/100  D=0.978
[regir_norefil] 12:52:38  660,161/1,000,000  14.2/s  upd=15936  L=0.0226  ev=41/100  D=0.978
[regir_norefil] 12:52:48  660,161/1,000,000  14.2/s  upd=15936  L=0.0226  ev=56/100  D=0.978
[regir_norefil] 12:52:58  660,161/1,000,000  14.2/s  upd=15936  L=0.0226  ev=73/100  D=0.978
[regir_norefil] 12:53:08  660,161/1,000,000  14.2/s  upd=15936  L=0.0226  ev=88/100  D=0.978
[regir_norefil] 12:53:18  660,161/1,000,000  14.2/s  upd=15936  L=0.0226  ev=96/100  D=0.978
[regir_norefil] report refresh skipped: PermissionError
[regir_norefil] 12:53:29  660,459/1,000,000  14.2/s  upd=15941  L=0.0281  D=1.096
[regir_norefil] 12:53:39  660,459/1,000,000  14.2/s  upd=15944  L=0.0204  D=1.096
[regir_norefil] 12:53:49  660,739/1,000,000  14.2/s  upd=15952  L=0.0365  D=1.096
[regir_norefil] 12:53:59  661,027/1,000,000  14.2/s  upd=15960  L=0.0164  D=1.096
[regir_norefil] 12:54:10  661,319/1,000,000  14.2/s  upd=15968  L=0.0154  D=1.096
[regir_norefil] 12:54:20  661,649/1,000,000  14.2/s  upd=15970  L=0.0202  D=1.096
[regir_norefil] 12:54:30  661,649/1,000,000  14.2/s  upd=15976  L=0.0302  D=1.096
[regir_norefil] 12:54:40  661,921/1,000,000  14.2/s  upd=15984  L=0.0243  D=1.096
[regir_norefil] 12:54:50  662,210/1,000,000  14.2/s  upd=15992  L=0.0209  D=1.096
[regir_norefil] 12:55:00  662,512/1,000,000  14.2/s  upd=15995  L=0.0247  D=1.096
[regir_norefil] report refresh skipped: PermissionError
[regir_norefil] 12:55:10  662,512/1,000,000  14.2/s  upd=16000  L=0.0244  D=1.096
[regir_norefil] 12:55:22  662,826/1,000,000  14.2/s  upd=16005  L=0.0334  D=1.096
[regir_norefil] 12:55:32  662,826/1,000,000  14.2/s  upd=16008  L=0.0377  D=1.096
[regir_norefil] 12:55:42  663,118/1,000,000  14.2/s  upd=16016  L=0.0177  D=1.096
[regir_norefil] 12:55:52  663,435/1,000,000  14.3/s  upd=16018  L=0.0291  D=1.096
[regir_norefil] 12:56:02  663,695/1,000,000  14.3/s  upd=16028  L=0.0269  D=1.096
[regir_norefil] 12:56:13  664,002/1,000,000  14.3/s  upd=16034  L=0.0188  D=1.096
[regir_norefil] 12:56:23  664,002/1,000,000  14.3/s  upd=16040  L=0.0246  D=1.096
[regir_norefil] 12:56:33  664,284/1,000,000  14.3/s  upd=16048  L=0.0214  D=1.096
[regir_norefil] 12:56:43  664,607/1,000,000  14.3/s  upd=16052  L=0.0227  D=1.096
[regir_norefil] 12:56:54  664,879/1,000,000  14.3/s  upd=16060  L=0.0292  D=1.096
[regir_norefil] 12:57:04  665,153/1,000,000  14.3/s  upd=16066  L=0.0275  D=1.096
[regir_norefil] 12:57:15  665,408/1,000,000  14.3/s  upd=16076  L=0.0214  D=1.096
[regir_norefil] 12:57:25  665,408/1,000,000  14.3/s  upd=16080  L=0.0226  D=1.096
[regir_norefil] 12:57:35  665,708/1,000,000  14.3/s  upd=16088  L=0.0345  D=1.096
[regir_norefil] 12:57:45  665,708/1,000,000  14.3/s  upd=16088  L=0.0345  D=1.096
[regir_norefil] 12:57:55  666,051/1,000,000  14.3/s  upd=16096  L=0.0279  D=1.096
[regir_norefil] 12:58:05  666,323/1,000,000  14.3/s  upd=16104  L=0.0212  D=1.096
[regir_norefil] 12:58:15  666,618/1,000,000  14.3/s  upd=16112  L=0.0223  D=1.096
[regir_norefil] 12:58:26  666,899/1,000,000  14.3/s  upd=16117  L=0.0159  D=1.096
[regir_norefil] 12:58:36  666,899/1,000,000  14.3/s  upd=16120  L=0.0185  D=1.096
[regir_norefil] 12:58:46  667,172/1,000,000  14.3/s  upd=16128  L=0.0257  D=1.096
[regir_norefil] 12:58:58  667,465/1,000,000  14.3/s  upd=16136  L=0.0265  D=1.096
[regir_norefil] 12:59:08  667,737/1,000,000  14.3/s  upd=16143  L=0.0299  D=1.096
[regir_norefil] 12:59:18  668,026/1,000,000  14.3/s  upd=16147  L=0.0459  D=1.096
[regir_norefil] 12:59:28  668,337/1,000,000  14.3/s  upd=16155  L=0.0233  D=1.096
[regir_norefil] 12:59:39  668,662/1,000,000  14.3/s  upd=16162  L=0.0205  D=1.096
[regir_norefil] 12:59:49  668,662/1,000,000  14.3/s  upd=16168  L=0.0213  D=1.096
[regir_norefil] 13:00:00  669,299/1,000,000  14.3/s  upd=16177  L=0.0472  D=1.096
[regir_norefil] report refresh skipped: PermissionError
[regir_norefil] 13:00:10  669,299/1,000,000  14.3/s  upd=16184  L=0.0285  D=1.096
[regir_norefil] 13:00:20  669,579/1,000,000  14.3/s  upd=16192  L=0.0287  D=1.096
[regir_norefil] 13:00:30  669,830/1,000,000  14.3/s  upd=16200  L=0.0245  D=1.096
[regir_norefil] 13:00:41  670,095/1,000,000  14.3/s  upd=16206  L=0.0247  D=1.096
[regir_norefil] 13:00:52  670,348/1,000,000  14.3/s  upd=16213  L=0.0266  D=1.096
[regir_norefil] 13:01:02  670,625/1,000,000  14.3/s  upd=16219  L=0.0241  D=1.096
[regir_norefil] 13:01:12  670,625/1,000,000  14.3/s  upd=16224  L=0.0220  D=1.096
[regir_norefil] 13:01:22  670,934/1,000,000  14.3/s  upd=16232  L=0.0347  D=1.096
[regir_norefil] 13:01:33  671,194/1,000,000  14.3/s  upd=16235  L=0.0271  D=1.096
[regir_norefil] 13:01:44  671,459/1,000,000  14.3/s  upd=16245  L=0.0207  D=1.096
[regir_norefil] saved resume t_env=671,459
[regir_norefil] 13:01:54  671,459/1,000,000  14.3/s  upd=16248  L=0.0253  D=1.096
[regir_norefil] 13:02:04  671,761/1,000,000  14.3/s  upd=16256  L=0.0252  D=1.096
[regir_norefil] 13:02:14  672,011/1,000,000  14.3/s  upd=16264  L=0.0262  D=1.096
[regir_norefil] 13:02:24  672,271/1,000,000  14.3/s  upd=16272  L=0.0388  D=1.096
[regir_norefil] 13:02:34  672,540/1,000,000  14.3/s  upd=16280  L=0.0228  D=1.096
[regir_norefil] 13:02:45  672,853/1,000,000  14.3/s  upd=16283  L=0.0243  D=1.096
[regir_norefil] 13:02:55  673,155/1,000,000  14.3/s  upd=16290  L=0.0274  D=1.096
[regir_norefil] 13:03:05  673,381/1,000,000  14.3/s  upd=16298  L=0.0357  D=1.096
[regir_norefil] 13:03:15  673,381/1,000,000  14.3/s  upd=16304  L=0.0383  D=1.096
[regir_norefil] 13:03:25  673,655/1,000,000  14.3/s  upd=16312  L=0.0257  D=1.096
[regir_norefil] 13:03:35  673,945/1,000,000  14.3/s  upd=16320  L=0.0162  D=1.096
[regir_norefil] 13:03:45  674,240/1,000,000  14.3/s  upd=16325  L=0.0217  D=1.096
[regir_norefil] 13:03:56  674,463/1,000,000  14.3/s  upd=16331  L=0.0246  D=1.096
[regir_norefil] 13:04:07  674,764/1,000,000  14.3/s  upd=16338  L=0.0441  D=1.096
[regir_norefil] 13:04:17  674,764/1,000,000  14.3/s  upd=16344  L=0.0203  D=1.096
[regir_norefil] 13:04:27  675,011/1,000,000  14.3/s  upd=16352  L=0.0228  D=1.096
[regir_norefil] 13:04:37  675,263/1,000,000  14.3/s  upd=16360  L=0.0204  D=1.096
[regir_norefil] 13:04:47  675,555/1,000,000  14.3/s  upd=16368  L=0.0328  D=1.096
[regir_norefil] 13:04:57  675,863/1,000,000  14.4/s  upd=16376  L=0.0222  D=1.096
[regir_norefil] 13:05:07  676,159/1,000,000  14.4/s  upd=16384  L=0.0157  D=1.096
[regir_norefil] report refresh skipped: PermissionError
[regir_norefil] 13:05:17  676,463/1,000,000  14.4/s  upd=16392  L=0.0216  D=1.096
[regir_norefil] 13:05:27  676,777/1,000,000  14.4/s  upd=16400  L=0.0261  D=1.096
[regir_norefil] 13:05:38  677,047/1,000,000  14.4/s  upd=16403  L=0.0220  D=1.096
[regir_norefil] 13:05:48  677,047/1,000,000  14.4/s  upd=16408  L=0.0279  D=1.096
[regir_norefil] 13:05:58  677,332/1,000,000  14.4/s  upd=16412  L=0.0297  D=1.096
[regir_norefil] 13:06:09  677,573/1,000,000  14.4/s  upd=16423  L=0.0245  D=1.096
[regir_norefil] 13:06:19  677,856/1,000,000  14.4/s  upd=16431  L=0.0329  D=1.096
[regir_norefil] 13:06:29  677,856/1,000,000  14.4/s  upd=16432  L=0.0266  D=1.096
[regir_norefil] 13:06:40  678,418/1,000,000  14.4/s  upd=16442  L=0.0163  D=1.096
[regir_norefil] 13:06:51  678,418/1,000,000  14.4/s  upd=16448  L=0.0183  D=1.096
[regir_norefil] 13:07:01  678,737/1,000,000  14.4/s  upd=16455  L=0.0242  D=1.096
[regir_norefil] 13:07:11  678,737/1,000,000  14.4/s  upd=16456  L=0.0222  D=1.096
[regir_norefil] 13:07:22  679,294/1,000,000  14.4/s  upd=16470  L=0.0276  D=1.096
[regir_norefil] 13:07:32  679,576/1,000,000  14.4/s  upd=16480  L=0.0216  D=1.096
[regir_norefil] 13:07:42  679,824/1,000,000  14.4/s  upd=16488  L=0.0173  D=1.096
[regir_norefil] saved resume t_env=680,128
[regir_norefil] 13:08:08  680,128/1,000,000  14.4/s  upd=16496  L=0.0261  ev=0/100  D=1.096
[regir_norefil] 13:08:18  680,128/1,000,000  14.4/s  upd=16496  L=0.0261  ev=15/100  D=1.096
[regir_norefil] 13:08:28  680,128/1,000,000  14.4/s  upd=16496  L=0.0261  ev=69/100  D=1.096
[regir_norefil] 13:08:38  680,128/1,000,000  14.4/s  upd=16496  L=0.0261  ev=94/100  D=1.096
[regir_norefil] report refresh skipped: PermissionError
[regir_norefil] 13:08:49  680,401/1,000,000  14.4/s  upd=16501  L=0.0292  D=0.978
[regir_norefil] 13:08:59  680,726/1,000,000  14.4/s  upd=16510  L=0.0246  D=0.978
[regir_norefil] 13:09:09  680,994/1,000,000  14.4/s  upd=16520  L=0.0222  D=0.978
[regir_norefil] 13:09:20  681,491/1,000,000  14.4/s  upd=16529  L=0.0308  D=0.978
[regir_norefil] 13:09:31  681,740/1,000,000  14.4/s  upd=16541  L=0.0159  D=0.978
[regir_norefil] 13:09:42  682,007/1,000,000  14.4/s  upd=16550  L=0.0195  D=0.978
[regir_norefil] 13:09:52  682,317/1,000,000  14.4/s  upd=16560  L=0.0352  D=0.978
[regir_norefil] 13:10:02  682,565/1,000,000  14.4/s  upd=16568  L=0.0269  D=0.978
[regir_norefil] 13:10:12  683,156/1,000,000  14.4/s  upd=16578  L=0.0240  D=0.978
[regir_norefil] 13:10:23  683,432/1,000,000  14.4/s  upd=16590  L=0.0181  D=0.978
[regir_norefil] report refresh skipped: PermissionError
[regir_norefil] 13:10:33  683,692/1,000,000  14.4/s  upd=16597  L=0.0222  D=0.978
[regir_norefil] 13:10:43  683,954/1,000,000  14.4/s  upd=16608  L=0.0182  D=0.978
[regir_norefil] 13:10:54  684,261/1,000,000  14.4/s  upd=16611  L=0.0168  D=0.978
[regir_norefil] 13:11:04  684,538/1,000,000  14.4/s  upd=16617  L=0.0294  D=0.978
[regir_norefil] 13:11:14  684,538/1,000,000  14.4/s  upd=16624  L=0.0222  D=0.978
[regir_norefil] 13:11:24  684,834/1,000,000  14.4/s  upd=16632  L=0.0248  D=0.978
[regir_norefil] 13:11:34  685,079/1,000,000  14.4/s  upd=16640  L=0.0269  D=0.978
[regir_norefil] 13:11:45  685,425/1,000,000  14.4/s  upd=16648  L=0.0266  D=0.978
[regir_norefil] 13:11:55  685,727/1,000,000  14.4/s  upd=16656  L=0.0251  D=0.978
[regir_norefil] 13:12:06  685,996/1,000,000  14.4/s  upd=16662  L=0.0269  D=0.978
[regir_norefil] 13:12:16  685,996/1,000,000  14.4/s  upd=16664  L=0.0219  D=0.978
[regir_norefil] 13:12:26  686,285/1,000,000  14.4/s  upd=16672  L=0.0125  D=0.978
[regir_norefil] 13:12:36  686,854/1,000,000  14.4/s  upd=16681  L=0.0226  D=0.978
[regir_norefil] 13:12:46  686,854/1,000,000  14.4/s  upd=16688  L=0.0294  D=0.978
[regir_norefil] 13:12:56  687,111/1,000,000  14.4/s  upd=16696  L=0.0215  D=0.978
[regir_norefil] 13:13:06  687,111/1,000,000  14.4/s  upd=16696  L=0.0215  D=0.978
[regir_norefil] 13:13:16  687,430/1,000,000  14.4/s  upd=16704  L=0.0208  D=0.978
[regir_norefil] 13:13:27  687,682/1,000,000  14.4/s  upd=16711  L=0.0177  D=0.978
[regir_norefil] 13:13:38  687,955/1,000,000  14.4/s  upd=16719  L=0.0265  D=0.978
[regir_norefil] 13:13:48  688,225/1,000,000  14.4/s  upd=16723  L=0.0247  D=0.978
[regir_norefil] 13:13:59  688,495/1,000,000  14.5/s  upd=16731  L=0.0168  D=0.978
[regir_norefil] 13:14:09  688,495/1,000,000  14.4/s  upd=16736  L=0.0203  D=0.978
[regir_norefil] 13:14:19  689,095/1,000,000  14.5/s  upd=16745  L=0.0225  D=0.978
[regir_norefil] 13:14:29  689,386/1,000,000  14.5/s  upd=16754  L=0.0235  D=0.978
[regir_norefil] 13:14:39  689,651/1,000,000  14.5/s  upd=16763  L=0.0190  D=0.978
[regir_norefil] 13:14:50  689,924/1,000,000  14.5/s  upd=16773  L=0.0236  D=0.978
[regir_norefil] 13:15:00  690,214/1,000,000  14.5/s  upd=16778  L=0.0276  D=0.978
[regir_norefil] 13:15:11  690,487/1,000,000  14.5/s  upd=16786  L=0.0320  D=0.978
[regir_norefil] 13:15:21  690,757/1,000,000  14.5/s  upd=16796  L=0.0238  D=0.978
[regir_norefil] 13:15:31  690,757/1,000,000  14.5/s  upd=16800  L=0.0244  D=0.978
[regir_norefil] report refresh skipped: PermissionError
[regir_norefil] 13:15:41  691,025/1,000,000  14.5/s  upd=16808  L=0.0221  D=0.978
[regir_norefil] 13:15:51  691,299/1,000,000  14.5/s  upd=16816  L=0.0180  D=0.978
[regir_norefil] 13:16:02  691,551/1,000,000  14.5/s  upd=16823  L=0.0365  D=0.978
[regir_norefil] 13:16:13  691,804/1,000,000  14.5/s  upd=16827  L=0.0199  D=0.978
[regir_norefil] 13:16:24  692,045/1,000,000  14.5/s  upd=16840  L=0.0184  D=0.978
[regir_norefil] 13:16:34  692,045/1,000,000  14.5/s  upd=16840  L=0.0184  D=0.978
[regir_norefil] 13:16:44  692,579/1,000,000  14.5/s  upd=16850  L=0.0387  D=0.978
[regir_norefil] 13:16:55  692,852/1,000,000  14.5/s  upd=16857  L=0.0202  D=0.978
[regir_norefil] 13:17:05  692,852/1,000,000  14.5/s  upd=16864  L=0.0199  D=0.978
[regir_norefil] 13:17:15  693,142/1,000,000  14.5/s  upd=16872  L=0.0226  D=0.978
[regir_norefil] 13:17:25  693,433/1,000,000  14.5/s  upd=16880  L=0.0192  D=0.978
[regir_norefil] 13:17:36  693,766/1,000,000  14.5/s  upd=16888  L=0.0352  D=0.978
[regir_norefil] 13:17:46  694,025/1,000,000  14.5/s  upd=16896  L=0.0219  D=0.978
[regir_norefil] 13:17:57  694,284/1,000,000  14.5/s  upd=16904  L=0.0197  D=0.978
[regir_norefil] saved resume t_env=694,284
[regir_norefil] 13:18:08  694,541/1,000,000  14.5/s  upd=16907  L=0.0290  D=0.978
[regir_norefil] 13:18:18  694,541/1,000,000  14.5/s  upd=16912  L=0.0238  D=0.978
[regir_norefil] 13:18:28  694,807/1,000,000  14.5/s  upd=16918  L=0.0213  D=0.978
[regir_norefil] 13:18:38  694,807/1,000,000  14.5/s  upd=16920  L=0.0167  D=0.978
[regir_norefil] 13:18:48  695,389/1,000,000  14.5/s  upd=16929  L=0.0150  D=0.978
[regir_norefil] 13:18:59  695,389/1,000,000  14.5/s  upd=16936  L=0.0236  D=0.978
[regir_norefil] 13:19:09  695,675/1,000,000  14.5/s  upd=16944  L=0.0211  D=0.978
[regir_norefil] 13:19:19  695,968/1,000,000  14.5/s  upd=16952  L=0.0331  D=0.978
[regir_norefil] 13:19:30  696,328/1,000,000  14.5/s  upd=16959  L=0.0215  D=0.978
[regir_norefil] 13:19:40  696,603/1,000,000  14.5/s  upd=16968  L=0.0215  D=0.978
[regir_norefil] 13:19:51  696,900/1,000,000  14.5/s  upd=16973  L=0.0279  D=0.978
[regir_norefil] 13:20:01  697,142/1,000,000  14.5/s  upd=16984  L=0.0285  D=0.978
[regir_norefil] 13:20:12  697,417/1,000,000  14.5/s  upd=16985  L=0.0216  D=0.978
[regir_norefil] 13:20:22  697,417/1,000,000  14.5/s  upd=16992  L=0.0157  D=0.978
[regir_norefil] 13:20:32  697,745/1,000,000  14.5/s  upd=17000  L=0.0178  D=0.978
[regir_norefil] 13:20:43  698,029/1,000,000  14.5/s  upd=17008  L=0.0238  D=0.978
[regir_norefil] report refresh skipped: PermissionError
[regir_norefil] 13:20:53  698,349/1,000,000  14.5/s  upd=17016  L=0.0234  D=0.978
[regir_norefil] 13:21:03  698,625/1,000,000  14.5/s  upd=17022  L=0.0136  D=0.978
[regir_norefil] 13:21:14  698,892/1,000,000  14.5/s  upd=17027  L=0.0248  D=0.978
[regir_norefil] 13:21:24  698,892/1,000,000  14.5/s  upd=17032  L=0.0156  D=0.978
[regir_norefil] 13:21:34  699,174/1,000,000  14.5/s  upd=17040  L=0.0255  D=0.978
[regir_norefil] 13:21:44  699,462/1,000,000  14.5/s  upd=17046  L=0.0182  D=0.978
[regir_norefil] 13:21:54  699,727/1,000,000  14.5/s  upd=17053  L=0.0177  D=0.978
[regir_norefil] 13:22:04  700,048/1,000,000  14.5/s  upd=17059  L=0.0222  D=0.978
[regir_norefil] saved resume t_env=700,048
[regir_norefil] 13:22:28  700,048/1,000,000  14.5/s  upd=17064  L=0.0320  ev=0/100  D=0.978
[regir_norefil] 13:22:38  700,048/1,000,000  14.5/s  upd=17064  L=0.0320  ev=9/100  D=0.978
[regir_norefil] 13:22:49  700,048/1,000,000  14.5/s  upd=17064  L=0.0320  ev=32/100  D=0.978
[regir_norefil] 13:22:59  700,048/1,000,000  14.5/s  upd=17064  L=0.0320  ev=47/100  D=0.978
[regir_norefil] 13:23:09  700,048/1,000,000  14.5/s  upd=17064  L=0.0320  ev=64/100  D=0.978
[regir_norefil] 13:23:19  700,048/1,000,000  14.5/s  upd=17064  L=0.0320  ev=75/100  D=0.978
[regir_norefil] 13:23:29  700,048/1,000,000  14.5/s  upd=17064  L=0.0320  ev=88/100  D=0.978
[regir_norefil] report refresh skipped: PermissionError
[regir_norefil] 13:23:39  700,048/1,000,000  14.5/s  upd=17064  L=0.0320  D=0.558
[regir_norefil] 13:23:49  700,298/1,000,000  14.5/s  upd=17072  L=0.0205  D=0.558
[regir_norefil] 13:23:59  700,549/1,000,000  14.5/s  upd=17080  L=0.0375  D=0.558
[regir_norefil] 13:24:10  700,801/1,000,000  14.5/s  upd=17088  L=0.0172  D=0.558
[regir_norefil] 13:24:20  701,119/1,000,000  14.5/s  upd=17094  L=0.0241  D=0.558
[regir_norefil] 13:24:30  701,119/1,000,000  14.5/s  upd=17096  L=0.0177  D=0.558
[regir_norefil] 13:24:40  701,453/1,000,000  14.5/s  upd=17104  L=0.0173  D=0.558
[regir_norefil] 13:24:50  701,751/1,000,000  14.5/s  upd=17111  L=0.0177  D=0.558
[regir_norefil] 13:25:00  701,751/1,000,000  14.5/s  upd=17112  L=0.0239  D=0.558
[regir_norefil] 13:25:10  702,119/1,000,000  14.5/s  upd=17120  L=0.0237  D=0.558
[regir_norefil] 13:25:20  702,375/1,000,000  14.5/s  upd=17128  L=0.0176  D=0.558
[regir_norefil] 13:25:30  702,636/1,000,000  14.5/s  upd=17134  L=0.0224  D=0.558
[regir_norefil] 13:25:40  702,935/1,000,000  14.5/s  upd=17144  L=0.0197  D=0.558
[regir_norefil] 13:25:50  703,213/1,000,000  14.5/s  upd=17149  L=0.0165  D=0.558
[regir_norefil] report refresh skipped: PermissionError
[regir_norefil] 13:26:01  703,531/1,000,000  14.5/s  upd=17157  L=0.0187  D=0.558
[regir_norefil] 13:26:11  703,804/1,000,000  14.5/s  upd=17165  L=0.0204  D=0.558
[regir_norefil] 13:26:22  704,080/1,000,000  14.6/s  upd=17171  L=0.0241  D=0.558
[regir_norefil] 13:26:32  704,366/1,000,000  14.6/s  upd=17181  L=0.0234  D=0.558
[regir_norefil] 13:26:42  704,644/1,000,000  14.6/s  upd=17192  L=0.0277  D=0.558
[regir_norefil] 13:26:52  704,925/1,000,000  14.6/s  upd=17200  L=0.0253  D=0.558
[regir_norefil] 13:27:03  705,448/1,000,000  14.6/s  upd=17210  L=0.0125  D=0.558
[regir_norefil] 13:27:13  705,732/1,000,000  14.6/s  upd=17221  L=0.0175  D=0.558
[regir_norefil] 13:27:24  705,988/1,000,000  14.6/s  upd=17232  L=0.0184  D=0.558
[regir_norefil] 13:27:34  706,262/1,000,000  14.6/s  upd=17240  L=0.0180  D=0.558
[regir_norefil] 13:27:44  706,802/1,000,000  14.6/s  upd=17255  L=0.0405  D=0.558
[regir_norefil] 13:27:55  707,126/1,000,000  14.6/s  upd=17257  L=0.0478  D=0.558
[regir_norefil] 13:28:05  707,126/1,000,000  14.6/s  upd=17264  L=0.0156  D=0.558
[regir_norefil] 13:28:15  707,483/1,000,000  14.6/s  upd=17272  L=0.0223  D=0.558
[regir_norefil] 13:28:25  707,743/1,000,000  14.6/s  upd=17280  L=0.0176  D=0.558
[regir_norefil] 13:28:36  708,034/1,000,000  14.6/s  upd=17287  L=0.0190  D=0.558
[regir_norefil] 13:28:46  708,342/1,000,000  14.6/s  upd=17296  L=0.0296  D=0.558
[regir_norefil] 13:28:57  708,659/1,000,000  14.6/s  upd=17297  L=0.0250  D=0.558
[regir_norefil] 13:29:07  708,659/1,000,000  14.6/s  upd=17304  L=0.0203  D=0.558
[regir_norefil] 13:29:17  708,938/1,000,000  14.6/s  upd=17312  L=0.0273  D=0.558
[regir_norefil] 13:29:27  709,255/1,000,000  14.6/s  upd=17320  L=0.0288  D=0.558
[regir_norefil] 13:29:38  709,849/1,000,000  14.6/s  upd=17329  L=0.0171  D=0.558
[regir_norefil] 13:29:48  710,155/1,000,000  14.6/s  upd=17339  L=0.0262  D=0.558
[regir_norefil] 13:29:58  710,459/1,000,000  14.6/s  upd=17351  L=0.0230  D=0.558
[regir_norefil] 13:30:08  710,693/1,000,000  14.6/s  upd=17360  L=0.0289  D=0.558
[regir_norefil] 13:30:18  711,002/1,000,000  14.6/s  upd=17368  L=0.0252  D=0.558
[regir_norefil] 13:30:28  711,311/1,000,000  14.6/s  upd=17376  L=0.0135  D=0.558
[regir_norefil] 13:30:38  711,675/1,000,000  14.6/s  upd=17384  L=0.0205  D=0.558
[regir_norefil] 13:30:49  712,269/1,000,000  14.6/s  upd=17394  L=0.0296  D=0.558
[regir_norefil] report refresh skipped: PermissionError
[regir_norefil] 13:30:59  712,531/1,000,000  14.6/s  upd=17403  L=0.0155  D=0.558
[regir_norefil] 13:31:09  712,829/1,000,000  14.6/s  upd=17410  L=0.0268  D=0.558
[regir_norefil] 13:31:19  713,136/1,000,000  14.6/s  upd=17417  L=0.0174  D=0.558
[regir_norefil] 13:31:29  713,136/1,000,000  14.6/s  upd=17424  L=0.0203  D=0.558
[regir_norefil] 13:31:40  713,415/1,000,000  14.6/s  upd=17428  L=0.0283  D=0.558
[regir_norefil] 13:31:50  713,701/1,000,000  14.7/s  upd=17434  L=0.0308  D=0.558
[regir_norefil] 13:32:00  714,027/1,000,000  14.7/s  upd=17441  L=0.0174  D=0.558
[regir_norefil] 13:32:10  714,027/1,000,000  14.7/s  upd=17448  L=0.0226  D=0.558
[regir_norefil] 13:32:21  714,325/1,000,000  14.7/s  upd=17455  L=0.0140  D=0.558
[regir_norefil] saved resume t_env=714,325
[regir_norefil] 13:32:31  714,325/1,000,000  14.7/s  upd=17456  L=0.0257  D=0.558
[regir_norefil] 13:32:41  714,595/1,000,000  14.7/s  upd=17464  L=0.0326  D=0.558
[regir_norefil] 13:32:51  714,913/1,000,000  14.7/s  upd=17472  L=0.0229  D=0.558
[regir_norefil] 13:33:01  715,207/1,000,000  14.7/s  upd=17480  L=0.0202  D=0.558
[regir_norefil] 13:33:12  715,503/1,000,000  14.7/s  upd=17487  L=0.0258  D=0.558
[regir_norefil] 13:33:22  715,810/1,000,000  14.7/s  upd=17496  L=0.0180  D=0.558
[regir_norefil] 13:33:32  715,810/1,000,000  14.7/s  upd=17496  L=0.0180  D=0.558
[regir_norefil] 13:33:42  716,450/1,000,000  14.7/s  upd=17505  L=0.0264  D=0.558
[regir_norefil] 13:33:52  716,450/1,000,000  14.7/s  upd=17512  L=0.0201  D=0.558
[regir_norefil] 13:34:02  716,703/1,000,000  14.7/s  upd=17520  L=0.0311  D=0.558
[regir_norefil] 13:34:12  716,998/1,000,000  14.7/s  upd=17528  L=0.0245  D=0.558
[regir_norefil] 13:34:23  717,279/1,000,000  14.7/s  upd=17536  L=0.0255  D=0.558
[regir_norefil] 13:34:33  717,546/1,000,000  14.7/s  upd=17543  L=0.0140  D=0.558
[regir_norefil] 13:34:43  717,819/1,000,000  14.7/s  upd=17547  L=0.0204  D=0.558
[regir_norefil] 13:34:54  718,093/1,000,000  14.7/s  upd=17557  L=0.0175  D=0.558
[regir_norefil] 13:35:04  718,093/1,000,000  14.7/s  upd=17560  L=0.0150  D=0.558
[regir_norefil] 13:35:14  718,386/1,000,000  14.7/s  upd=17568  L=0.0167  D=0.558
[regir_norefil] 13:35:24  718,386/1,000,000  14.7/s  upd=17568  L=0.0167  D=0.558
[regir_norefil] 13:35:34  718,662/1,000,000  14.7/s  upd=17576  L=0.0224  D=0.558
[regir_norefil] 13:35:44  718,947/1,000,000  14.7/s  upd=17578  L=0.0484  D=0.558
[regir_norefil] 13:35:56  719,220/1,000,000  14.7/s  upd=17590  L=0.0156  D=0.558
[regir_norefil] report refresh skipped: PermissionError
[regir_norefil] 13:36:06  719,220/1,000,000  14.7/s  upd=17592  L=0.0164  D=0.558
[regir_norefil] 13:36:16  719,508/1,000,000  14.7/s  upd=17600  L=0.0285  D=0.558
[regir_norefil] 13:36:26  719,862/1,000,000  14.7/s  upd=17608  L=0.0591  D=0.558
[regir_norefil] saved resume t_env=720,179
[regir_norefil] 13:36:55  720,179/1,000,000  14.7/s  upd=17616  L=0.0153  ev=0/100  D=0.558
[regir_norefil] 13:37:05  720,179/1,000,000  14.7/s  upd=17616  L=0.0153  ev=13/100  D=0.558
[regir_norefil] 13:37:15  720,179/1,000,000  14.7/s  upd=17616  L=0.0153  ev=24/100  D=0.558
[regir_norefil] 13:37:25  720,179/1,000,000  14.7/s  upd=17616  L=0.0153  ev=32/100  D=0.558
[regir_norefil] 13:37:35  720,179/1,000,000  14.7/s  upd=17616  L=0.0153  ev=46/100  D=0.558
[regir_norefil] 13:37:45  720,179/1,000,000  14.7/s  upd=17616  L=0.0153  ev=48/100  D=0.558
[regir_norefil] 13:37:55  720,179/1,000,000  14.7/s  upd=17616  L=0.0153  ev=63/100  D=0.558
[regir_norefil] 13:38:05  720,179/1,000,000  14.7/s  upd=17616  L=0.0153  ev=73/100  D=0.558
[regir_norefil] 13:38:15  720,179/1,000,000  14.7/s  upd=17616  L=0.0153  ev=80/100  D=0.558
[regir_norefil] 13:38:26  720,179/1,000,000  14.7/s  upd=17616  L=0.0153  ev=96/100  D=0.558
[regir_norefil] report refresh skipped: PermissionError
[regir_norefil] 13:38:36  720,179/1,000,000  14.7/s  upd=17616  L=0.0153  D=1.091
[regir_norefil] 13:38:46  720,483/1,000,000  14.7/s  upd=17624  L=0.0221  D=1.091
[regir_norefil] 13:38:56  720,800/1,000,000  14.7/s  upd=17629  L=0.0237  D=1.091
[regir_norefil] 13:39:07  721,106/1,000,000  14.7/s  upd=17638  L=0.0206  D=1.091
[regir_norefil] 13:39:18  721,435/1,000,000  14.7/s  upd=17645  L=0.0162  D=1.091
[regir_norefil] 13:39:29  721,727/1,000,000  14.7/s  upd=17654  L=0.0223  D=1.091
[regir_norefil] 13:39:39  721,727/1,000,000  14.7/s  upd=17656  L=0.0173  D=1.091
[regir_norefil] 13:39:49  722,022/1,000,000  14.7/s  upd=17664  L=0.0263  D=1.091
[regir_norefil] 13:39:59  722,302/1,000,000  14.7/s  upd=17669  L=0.0225  D=1.091
[regir_norefil] 13:40:09  722,585/1,000,000  14.7/s  upd=17680  L=0.0178  D=1.091
[regir_norefil] 13:40:20  722,843/1,000,000  14.7/s  upd=17688  L=0.0198  D=1.091
[regir_norefil] 13:40:30  723,150/1,000,000  14.7/s  upd=17696  L=0.0120  D=1.091
[regir_norefil] 13:40:40  723,415/1,000,000  14.7/s  upd=17703  L=0.0212  D=1.091
[regir_norefil] 13:40:50  723,716/1,000,000  14.7/s  upd=17712  L=0.0212  D=1.091
[regir_norefil] report refresh skipped: PermissionError
[regir_norefil] 13:41:00  724,002/1,000,000  14.7/s  upd=17720  L=0.0337  D=1.091
[regir_norefil] 13:41:11  724,319/1,000,000  14.7/s  upd=17723  L=0.0232  D=1.091
[regir_norefil] 13:41:21  724,623/1,000,000  14.7/s  upd=17729  L=0.0162  D=1.091
[regir_norefil] 13:41:32  724,918/1,000,000  14.7/s  upd=17737  L=0.0199  D=1.091
[regir_norefil] 13:41:42  724,918/1,000,000  14.7/s  upd=17744  L=0.0158  D=1.091
[regir_norefil] 13:41:52  725,198/1,000,000  14.7/s  upd=17752  L=0.0187  D=1.091
[regir_norefil] 13:42:02  725,507/1,000,000  14.7/s  upd=17760  L=0.0210  D=1.091
[regir_norefil] 13:42:12  725,818/1,000,000  14.7/s  upd=17766  L=0.0220  D=1.091
[regir_norefil] 13:42:24  726,072/1,000,000  14.7/s  upd=17772  L=0.0225  D=1.091
[regir_norefil] 13:42:34  726,410/1,000,000  14.7/s  upd=17779  L=0.0183  D=1.091
[regir_norefil] 13:42:44  726,410/1,000,000  14.7/s  upd=17784  L=0.0309  D=1.091
[regir_norefil] 13:42:54  726,661/1,000,000  14.7/s  upd=17792  L=0.0174  D=1.091
[regir_norefil] 13:43:04  726,918/1,000,000  14.7/s  upd=17800  L=0.0197  D=1.091
[regir_norefil] 13:43:14  727,258/1,000,000  14.7/s  upd=17802  L=0.0250  D=1.091
[regir_norefil] 13:43:25  727,258/1,000,000  14.7/s  upd=17808  L=0.0242  D=1.091
[regir_norefil] 13:43:35  727,619/1,000,000  14.7/s  upd=17816  L=0.0179  D=1.091
[regir_norefil] 13:43:46  727,884/1,000,000  14.7/s  upd=17819  L=0.0142  D=1.091
[regir_norefil] 13:43:56  727,884/1,000,000  14.7/s  upd=17824  L=0.0157  D=1.091
[regir_norefil] 13:44:07  728,450/1,000,000  14.7/s  upd=17833  L=0.0131  D=1.091
[regir_norefil] 13:44:17  728,450/1,000,000  14.7/s  upd=17840  L=0.0342  D=1.091
[regir_norefil] 13:44:27  728,770/1,000,000  14.7/s  upd=17845  L=0.0328  D=1.091
[regir_norefil] 13:44:37  728,770/1,000,000  14.7/s  upd=17848  L=0.0230  D=1.091
[regir_norefil] 13:44:47  729,072/1,000,000  14.7/s  upd=17856  L=0.0154  D=1.091
[regir_norefil] 13:44:58  729,315/1,000,000  14.7/s  upd=17864  L=0.0126  D=1.091
[regir_norefil] 13:45:08  729,588/1,000,000  14.7/s  upd=17872  L=0.0183  D=1.091
[regir_norefil] 13:45:18  729,871/1,000,000  14.7/s  upd=17877  L=0.0261  D=1.091
[regir_norefil] 13:45:28  730,221/1,000,000  14.7/s  upd=17882  L=0.0202  D=1.091
[regir_norefil] 13:45:39  730,508/1,000,000  14.7/s  upd=17891  L=0.0203  D=1.091
[regir_norefil] 13:45:49  730,815/1,000,000  14.7/s  upd=17902  L=0.0217  D=1.091
[regir_norefil] 13:45:59  731,106/1,000,000  14.8/s  upd=17912  L=0.0193  D=1.091
[regir_norefil] report refresh skipped: PermissionError
[regir_norefil] 13:46:09  731,413/1,000,000  14.8/s  upd=17920  L=0.0255  D=1.091
[regir_norefil] 13:46:19  731,779/1,000,000  14.8/s  upd=17925  L=0.0227  D=1.091
[regir_norefil] 13:46:30  732,082/1,000,000  14.8/s  upd=17934  L=0.0168  D=1.091
[regir_norefil] saved resume t_env=732,354
[regir_norefil] 13:46:42  732,354/1,000,000  14.8/s  upd=17944  L=0.0245  D=1.091
[regir_norefil] 13:46:52  732,718/1,000,000  14.8/s  upd=17952  L=0.0190  D=1.091
[regir_norefil] 13:47:02  733,004/1,000,000  14.8/s  upd=17960  L=0.0145  D=1.091
[regir_norefil] 13:47:12  733,273/1,000,000  14.8/s  upd=17968  L=0.0281  D=1.091
[regir_norefil] 13:47:22  733,560/1,000,000  14.8/s  upd=17976  L=0.0158  D=1.091
[regir_norefil] 13:47:32  733,560/1,000,000  14.8/s  upd=17976  L=0.0158  D=1.091
[regir_norefil] 13:47:42  733,874/1,000,000  14.8/s  upd=17984  L=0.0192  D=1.091
[regir_norefil] 13:47:53  734,234/1,000,000  14.8/s  upd=17986  L=0.0174  D=1.091
[regir_norefil] 13:48:03  734,485/1,000,000  14.8/s  upd=17998  L=0.0237  D=1.091
[regir_norefil] 13:48:13  734,799/1,000,000  14.8/s  upd=18002  L=0.0271  D=1.091
[regir_norefil] 13:48:23  734,799/1,000,000  14.8/s  upd=18008  L=0.0162  D=1.091
[regir_norefil] 13:48:34  735,097/1,000,000  14.8/s  upd=18016  L=0.0241  D=1.091
[regir_norefil] 13:48:44  735,423/1,000,000  14.8/s  upd=18024  L=0.0230  D=1.091
[regir_norefil] 13:48:55  735,735/1,000,000  14.8/s  upd=18031  L=0.0189  D=1.091
[regir_norefil] 13:49:06  736,006/1,000,000  14.8/s  upd=18038  L=0.0215  D=1.091
[regir_norefil] 13:49:16  736,006/1,000,000  14.8/s  upd=18040  L=0.0178  D=1.091
[regir_norefil] 13:49:27  736,346/1,000,000  14.8/s  upd=18047  L=0.0249  D=1.091
[regir_norefil] 13:49:37  736,346/1,000,000  14.8/s  upd=18048  L=0.0156  D=1.091
[regir_norefil] 13:49:47  736,667/1,000,000  14.8/s  upd=18056  L=0.0146  D=1.091
[regir_norefil] 13:49:58  736,971/1,000,000  14.8/s  upd=18059  L=0.0137  D=1.091
[regir_norefil] 13:50:09  737,224/1,000,000  14.8/s  upd=18071  L=0.0145  D=1.091
[regir_norefil] 13:50:20  737,514/1,000,000  14.8/s  upd=18076  L=0.0153  D=1.091
[regir_norefil] 13:50:30  737,791/1,000,000  14.8/s  upd=18082  L=0.0220  D=1.091
[regir_norefil] 13:50:40  738,052/1,000,000  14.8/s  upd=18089  L=0.0233  D=1.091
[regir_norefil] 13:50:50  738,052/1,000,000  14.8/s  upd=18096  L=0.0264  D=1.091
[regir_norefil] 13:51:00  738,325/1,000,000  14.8/s  upd=18104  L=0.0286  D=1.091
[regir_norefil] 13:51:11  738,596/1,000,000  14.8/s  upd=18109  L=0.0236  D=1.091
[regir_norefil] report refresh skipped: PermissionError
[regir_norefil] 13:51:21  738,875/1,000,000  14.8/s  upd=18118  L=0.0214  D=1.091
[regir_norefil] 13:51:31  738,875/1,000,000  14.8/s  upd=18120  L=0.0198  D=1.091
[regir_norefil] 13:51:41  739,156/1,000,000  14.8/s  upd=18128  L=0.0237  D=1.091
[regir_norefil] 13:51:51  739,761/1,000,000  14.8/s  upd=18139  L=0.0199  D=1.091
[regir_norefil] saved resume t_env=740,004
[regir_norefil] 13:52:21  740,004/1,000,000  14.8/s  upd=18152  L=0.0140  ev=0/100  D=1.091
[regir_norefil] 13:52:31  740,004/1,000,000  14.8/s  upd=18152  L=0.0140  ev=28/100  D=1.091
[regir_norefil] 13:52:41  740,004/1,000,000  14.8/s  upd=18152  L=0.0140  ev=55/100  D=1.091
[regir_norefil] 13:52:51  740,004/1,000,000  14.8/s  upd=18152  L=0.0140  ev=64/100  D=1.091
[regir_norefil] 13:53:01  740,004/1,000,000  14.8/s  upd=18152  L=0.0140  ev=81/100  D=1.091
[regir_norefil] 13:53:11  740,004/1,000,000  14.8/s  upd=18152  L=0.0140  ev=96/100  D=1.091
[regir_norefil] report refresh skipped: PermissionError
[regir_norefil] 13:53:22  740,249/1,000,000  14.8/s  upd=18153  L=0.0120  D=0.462
[regir_norefil] 13:53:33  740,249/1,000,000  14.8/s  upd=18160  L=0.0195  D=0.462
[regir_norefil] 13:53:43  740,521/1,000,000  14.8/s  upd=18168  L=0.0181  D=0.462
[regir_norefil] 13:53:53  740,812/1,000,000  14.8/s  upd=18176  L=0.0201  D=0.462
[regir_norefil] 13:54:03  741,079/1,000,000  14.8/s  upd=18184  L=0.0210  D=0.462
[regir_norefil] 13:54:13  741,079/1,000,000  14.8/s  upd=18184  L=0.0210  D=0.462
[regir_norefil] 13:54:23  741,411/1,000,000  14.8/s  upd=18192  L=0.0265  D=0.462
[regir_norefil] 13:54:34  741,672/1,000,000  14.8/s  upd=18199  L=0.0248  D=0.462
[regir_norefil] 13:54:45  741,672/1,000,000  14.8/s  upd=18200  L=0.0239  D=0.462
[regir_norefil] 13:54:55  742,011/1,000,000  14.8/s  upd=18208  L=0.0165  D=0.462
[regir_norefil] 13:55:06  742,309/1,000,000  14.8/s  upd=18214  L=0.0150  D=0.462
[regir_norefil] 13:55:16  742,628/1,000,000  14.8/s  upd=18221  L=0.0181  D=0.462
[regir_norefil] 13:55:26  742,628/1,000,000  14.8/s  upd=18224  L=0.0296  D=0.462
[regir_norefil] 13:55:36  742,925/1,000,000  14.8/s  upd=18232  L=0.0117  D=0.462
[regir_norefil] 13:55:46  743,182/1,000,000  14.8/s  upd=18240  L=0.0245  D=0.462
[regir_norefil] 13:55:57  743,468/1,000,000  14.8/s  upd=18248  L=0.0177  D=0.462
[regir_norefil] 13:56:07  743,723/1,000,000  14.8/s  upd=18252  L=0.0180  D=0.462
[regir_norefil] 13:56:17  743,723/1,000,000  14.8/s  upd=18256  L=0.0213  D=0.462
[regir_norefil] report refresh skipped: PermissionError
[regir_norefil] 13:56:27  743,987/1,000,000  14.8/s  upd=18264  L=0.0230  D=0.462
[regir_norefil] 13:56:37  744,272/1,000,000  14.8/s  upd=18272  L=0.0225  D=0.462
[regir_norefil] 13:56:48  744,533/1,000,000  14.8/s  upd=18277  L=0.0149  D=0.462
[regir_norefil] 13:56:59  744,813/1,000,000  14.8/s  upd=18286  L=0.0227  D=0.462
[regir_norefil] 13:57:09  745,113/1,000,000  14.8/s  upd=18292  L=0.0100  D=0.462
[regir_norefil] 13:57:21  745,380/1,000,000  14.8/s  upd=18299  L=0.0148  D=0.462
[regir_norefil] 13:57:31  745,637/1,000,000  14.8/s  upd=18310  L=0.0111  D=0.462
[regir_norefil] 13:57:41  745,637/1,000,000  14.8/s  upd=18312  L=0.0213  D=0.462
[regir_norefil] 13:57:51  746,158/1,000,000  14.8/s  upd=18323  L=0.0152  D=0.462
[regir_norefil] 13:58:01  746,158/1,000,000  14.8/s  upd=18328  L=0.0118  D=0.462
[regir_norefil] 13:58:12  746,443/1,000,000  14.8/s  upd=18332  L=0.0159  D=0.462
[regir_norefil] 13:58:22  746,723/1,000,000  14.8/s  upd=18342  L=0.0152  D=0.462
[regir_norefil] 13:58:32  747,001/1,000,000  14.8/s  upd=18345  L=0.0178  D=0.462
[regir_norefil] 13:58:42  747,001/1,000,000  14.8/s  upd=18352  L=0.0163  D=0.462
[regir_norefil] 13:58:53  747,338/1,000,000  14.8/s  upd=18358  L=0.0192  D=0.462
[regir_norefil] 13:59:03  747,338/1,000,000  14.8/s  upd=18360  L=0.0142  D=0.462
[regir_norefil] 13:59:13  747,593/1,000,000  14.8/s  upd=18368  L=0.0167  D=0.462
[regir_norefil] 13:59:23  747,856/1,000,000  14.8/s  upd=18376  L=0.0323  D=0.462
[regir_norefil] 13:59:33  748,129/1,000,000  14.9/s  upd=18384  L=0.0164  D=0.462
[regir_norefil] 13:59:43  748,423/1,000,000  14.9/s  upd=18391  L=0.0230  D=0.462
[regir_norefil] 13:59:54  748,700/1,000,000  14.9/s  upd=18399  L=0.0252  D=0.462
[regir_norefil] 14:00:04  748,700/1,000,000  14.9/s  upd=18400  L=0.0357  D=0.462
[regir_norefil] 14:00:14  748,998/1,000,000  14.9/s  upd=18408  L=0.0410  D=0.462
[regir_norefil] 14:00:25  749,289/1,000,000  14.9/s  upd=18412  L=0.0243  D=0.462
[regir_norefil] 14:00:36  749,552/1,000,000  14.9/s  upd=18419  L=0.0176  D=0.462
[regir_norefil] 14:00:46  749,783/1,000,000  14.9/s  upd=18429  L=0.0207  D=0.462
[regir_norefil] 14:00:56  749,783/1,000,000  14.9/s  upd=18432  L=0.0157  D=0.462
[regir_norefil] 14:01:06  750,320/1,000,000  14.9/s  upd=18442  L=0.0200  D=0.462
[regir_norefil] 14:01:16  750,320/1,000,000  14.9/s  upd=18448  L=0.0133  D=0.462
[regir_norefil] 14:01:26  750,604/1,000,000  14.9/s  upd=18456  L=0.0138  D=0.462
[regir_norefil] report refresh skipped: PermissionError
[regir_norefil] 14:01:36  750,823/1,000,000  14.9/s  upd=18464  L=0.0200  D=0.462
[regir_norefil] 14:01:46  751,086/1,000,000  14.9/s  upd=18472  L=0.0172  D=0.462
[regir_norefil] 14:01:57  751,622/1,000,000  14.9/s  upd=18482  L=0.0243  D=0.462
[regir_norefil] 14:02:07  751,919/1,000,000  14.9/s  upd=18489  L=0.0198  D=0.462
[regir_norefil] saved resume t_env=751,919
[regir_norefil] 14:02:17  751,919/1,000,000  14.9/s  upd=18496  L=0.0161  D=0.462
[regir_norefil] 14:02:27  752,210/1,000,000  14.9/s  upd=18504  L=0.0181  D=0.462
[regir_norefil] 14:02:38  752,440/1,000,000  14.9/s  upd=18512  L=0.0191  D=0.462
[regir_norefil] 14:02:48  752,728/1,000,000  14.9/s  upd=18516  L=0.0197  D=0.462
[regir_norefil] 14:02:58  753,021/1,000,000  14.9/s  upd=18522  L=0.0200  D=0.462
[regir_norefil] 14:03:08  753,021/1,000,000  14.9/s  upd=18528  L=0.0171  D=0.462
[regir_norefil] 14:03:18  753,294/1,000,000  14.9/s  upd=18536  L=0.0174  D=0.462
[regir_norefil] 14:03:28  753,571/1,000,000  14.9/s  upd=18542  L=0.0167  D=0.462
[regir_norefil] 14:03:38  753,820/1,000,000  14.9/s  upd=18552  L=0.0205  D=0.462
[regir_norefil] 14:03:49  754,083/1,000,000  14.9/s  upd=18559  L=0.0200  D=0.462
[regir_norefil] 14:03:59  754,364/1,000,000  14.9/s  upd=18565  L=0.0183  D=0.462
[regir_norefil] 14:04:10  754,690/1,000,000  14.9/s  upd=18572  L=0.0132  D=0.462
[regir_norefil] 14:04:20  754,944/1,000,000  14.9/s  upd=18577  L=0.0148  D=0.462
[regir_norefil] 14:04:30  754,944/1,000,000  14.9/s  upd=18584  L=0.0125  D=0.462
[regir_norefil] 14:04:41  755,185/1,000,000  14.9/s  upd=18592  L=0.0488  D=0.462
[regir_norefil] 14:04:51  755,776/1,000,000  14.9/s  upd=18602  L=0.0195  D=0.462
[regir_norefil] 14:05:01  756,055/1,000,000  14.9/s  upd=18611  L=0.0162  D=0.462
[regir_norefil] 14:05:11  756,287/1,000,000  14.9/s  upd=18620  L=0.0182  D=0.462
[regir_norefil] 14:05:21  756,592/1,000,000  14.9/s  upd=18632  L=0.0129  D=0.462
[regir_norefil] 14:05:32  757,082/1,000,000  14.9/s  upd=18642  L=0.0161  D=0.462
[regir_norefil] 14:05:42  757,335/1,000,000  14.9/s  upd=18653  L=0.0230  D=0.462
[regir_norefil] 14:05:52  757,609/1,000,000  14.9/s  upd=18663  L=0.0123  D=0.462
[regir_norefil] 14:06:02  757,865/1,000,000  14.9/s  upd=18672  L=0.0135  D=0.462
[regir_norefil] 14:06:12  758,132/1,000,000  14.9/s  upd=18680  L=0.0181  D=0.462
[regir_norefil] 14:06:23  758,403/1,000,000  14.9/s  upd=18688  L=0.0134  D=0.462
[regir_norefil] 14:06:33  758,700/1,000,000  14.9/s  upd=18695  L=0.0125  D=0.462
[regir_norefil] report refresh skipped: PermissionError
[regir_norefil] 14:06:44  758,943/1,000,000  14.9/s  upd=18703  L=0.0186  D=0.462
[regir_norefil] 14:06:54  759,290/1,000,000  14.9/s  upd=18709  L=0.0341  D=0.462
[regir_norefil] 14:07:05  759,554/1,000,000  14.9/s  upd=18714  L=0.0210  D=0.462
[regir_norefil] 14:07:15  759,554/1,000,000  14.9/s  upd=18720  L=0.0134  D=0.462
[regir_norefil] 14:07:25  759,781/1,000,000  14.9/s  upd=18726  L=0.0187  D=0.462
[regir_norefil] saved resume t_env=760,013
[regir_norefil] 14:07:55  760,013/1,000,000  14.9/s  upd=18736  L=0.0122  ev=0/100  D=0.462
[regir_norefil] 14:08:05  760,013/1,000,000  14.9/s  upd=18736  L=0.0122  ev=16/100  D=0.462
[regir_norefil] 14:08:15  760,013/1,000,000  14.9/s  upd=18736  L=0.0122  ev=24/100  D=0.462
[regir_norefil] 14:08:25  760,013/1,000,000  14.9/s  upd=18736  L=0.0122  ev=40/100  D=0.462
[regir_norefil] 14:08:35  760,013/1,000,000  14.9/s  upd=18736  L=0.0122  ev=56/100  D=0.462
[regir_norefil] 14:08:45  760,013/1,000,000  14.9/s  upd=18736  L=0.0122  ev=64/100  D=0.462
[regir_norefil] 14:08:55  760,013/1,000,000  14.9/s  upd=18736  L=0.0122  ev=80/100  D=0.462
[regir_norefil] 14:09:05  760,013/1,000,000  14.9/s  upd=18736  L=0.0122  ev=96/100  D=0.462
[regir_norefil] report refresh skipped: PermissionError
[regir_norefil] 14:09:16  760,013/1,000,000  14.9/s  upd=18736  L=0.0122  D=0.365
[regir_norefil] 14:09:27  760,529/1,000,000  14.9/s  upd=18748  L=0.0285  D=0.365
[regir_norefil] 14:09:37  760,529/1,000,000  14.9/s  upd=18752  L=0.0171  D=0.365
[regir_norefil] 14:09:47  760,773/1,000,000  14.9/s  upd=18760  L=0.0204  D=0.365
[regir_norefil] 14:09:57  761,365/1,000,000  14.9/s  upd=18770  L=0.0163  D=0.365
[regir_norefil] 14:10:08  761,589/1,000,000  14.9/s  upd=18779  L=0.0127  D=0.365
[regir_norefil] 14:10:18  761,850/1,000,000  14.9/s  upd=18787  L=0.0154  D=0.365
[regir_norefil] 14:10:29  762,118/1,000,000  14.9/s  upd=18796  L=0.0215  D=0.365
[regir_norefil] 14:10:39  762,118/1,000,000  14.9/s  upd=18800  L=0.0194  D=0.365
[regir_norefil] 14:10:49  762,649/1,000,000  14.9/s  upd=18809  L=0.0172  D=0.365
[regir_norefil] 14:10:59  762,649/1,000,000  14.9/s  upd=18816  L=0.0181  D=0.365
[regir_norefil] 14:11:09  763,156/1,000,000  14.9/s  upd=18825  L=0.0135  D=0.365
[regir_norefil] 14:11:19  763,156/1,000,000  14.9/s  upd=18832  L=0.0173  D=0.365
[regir_norefil] 14:11:30  763,393/1,000,000  14.9/s  upd=18840  L=0.0210  D=0.365
[regir_norefil] 14:11:40  763,645/1,000,000  14.9/s  upd=18841  L=0.0188  D=0.365
[regir_norefil] report refresh skipped: PermissionError
[regir_norefil] 14:11:50  763,645/1,000,000  14.9/s  upd=18848  L=0.0184  D=0.365
[regir_norefil] 14:12:01  763,895/1,000,000  14.9/s  upd=18855  L=0.0249  D=0.365
[regir_norefil] 14:12:11  763,895/1,000,000  14.9/s  upd=18856  L=0.0287  D=0.365
[regir_norefil] 14:12:21  764,163/1,000,000  14.9/s  upd=18864  L=0.0205  D=0.365
[regir_norefil] 14:12:31  764,419/1,000,000  14.9/s  upd=18865  L=0.0170  D=0.365
[regir_norefil] 14:12:41  764,419/1,000,000  14.9/s  upd=18872  L=0.0215  D=0.365
[regir_norefil] 14:12:51  764,714/1,000,000  14.9/s  upd=18876  L=0.0113  D=0.365
[regir_norefil] 14:13:01  764,714/1,000,000  14.9/s  upd=18880  L=0.0164  D=0.365
[regir_norefil] 14:13:12  765,028/1,000,000  14.9/s  upd=18887  L=0.0176  D=0.365
[regir_norefil] 14:13:22  765,306/1,000,000  14.9/s  upd=18891  L=0.0177  D=0.365
[regir_norefil] 14:13:32  765,306/1,000,000  14.9/s  upd=18896  L=0.0143  D=0.365
[regir_norefil] 14:13:42  765,654/1,000,000  14.9/s  upd=18904  L=0.0155  D=0.365
[regir_norefil] 14:13:52  765,933/1,000,000  15.0/s  upd=18912  L=0.0096  D=0.365
[regir_norefil] 14:14:02  766,198/1,000,000  15.0/s  upd=18917  L=0.0134  D=0.365
[regir_norefil] 14:14:13  766,198/1,000,000  14.9/s  upd=18920  L=0.0154  D=0.365
[regir_norefil] 14:14:23  766,446/1,000,000  15.0/s  upd=18928  L=0.0301  D=0.365
[regir_norefil] 14:14:33  766,717/1,000,000  15.0/s  upd=18936  L=0.0106  D=0.365
[regir_norefil] 14:14:43  766,717/1,000,000  15.0/s  upd=18936  L=0.0106  D=0.365
[regir_norefil] 14:14:53  767,034/1,000,000  15.0/s  upd=18944  L=0.0158  D=0.365
[regir_norefil] 14:15:03  767,273/1,000,000  15.0/s  upd=18952  L=0.0192  D=0.365
[regir_norefil] 14:15:13  767,501/1,000,000  15.0/s  upd=18960  L=0.0190  D=0.365
[regir_norefil] 14:15:24  767,711/1,000,000  15.0/s  upd=18963  L=0.0128  D=0.365
[regir_norefil] 14:15:34  767,958/1,000,000  15.0/s  upd=18970  L=0.0170  D=0.365
[regir_norefil] 14:15:44  767,958/1,000,000  15.0/s  upd=18976  L=0.0141  D=0.365
[regir_norefil] 14:15:55  768,245/1,000,000  15.0/s  upd=18979  L=0.0142  D=0.365
[regir_norefil] 14:16:05  768,245/1,000,000  15.0/s  upd=18984  L=0.0186  D=0.365
[regir_norefil] 14:16:15  768,524/1,000,000  15.0/s  upd=18987  L=0.0114  D=0.365
[regir_norefil] 14:16:25  768,524/1,000,000  15.0/s  upd=18992  L=0.0361  D=0.365
[regir_norefil] 14:16:37  768,759/1,000,000  15.0/s  upd=18999  L=0.0189  D=0.365
[regir_norefil] 14:16:47  768,759/1,000,000  15.0/s  upd=19000  L=0.0172  D=0.365
[regir_norefil] 14:16:57  769,017/1,000,000  15.0/s  upd=19008  L=0.0258  D=0.365
[regir_norefil] report refresh skipped: PermissionError
[regir_norefil] 14:17:08  769,328/1,000,000  15.0/s  upd=19010  L=0.0199  D=0.365
[regir_norefil] 14:17:18  769,328/1,000,000  15.0/s  upd=19016  L=0.0222  D=0.365
[regir_norefil] 14:17:28  769,566/1,000,000  15.0/s  upd=19020  L=0.0149  D=0.365
[regir_norefil] 14:17:38  769,566/1,000,000  15.0/s  upd=19024  L=0.0221  D=0.365
[regir_norefil] saved resume t_env=769,821
[regir_norefil] 14:17:50  769,821/1,000,000  15.0/s  upd=19032  L=0.0124  D=0.365
[regir_norefil] 14:18:01  770,098/1,000,000  15.0/s  upd=19033  L=0.0132  D=0.365
[regir_norefil] 14:18:11  770,098/1,000,000  15.0/s  upd=19040  L=0.0309  D=0.365
[regir_norefil] 14:18:21  770,098/1,000,000  15.0/s  upd=19040  L=0.0309  D=0.365
[regir_norefil] 14:18:31  770,422/1,000,000  15.0/s  upd=19048  L=0.0178  D=0.365
[regir_norefil] 14:18:41  770,422/1,000,000  15.0/s  upd=19048  L=0.0178  D=0.365
[regir_norefil] 14:18:52  770,752/1,000,000  15.0/s  upd=19050  L=0.0141  D=0.365
[regir_norefil] 14:19:02  770,752/1,000,000  15.0/s  upd=19056  L=0.0144  D=0.365
[regir_norefil] 14:19:12  770,752/1,000,000  15.0/s  upd=19056  L=0.0144  D=0.365
[regir_norefil] 14:19:22  771,036/1,000,000  15.0/s  upd=19064  L=0.0137  D=0.365
[regir_norefil] 14:19:32  771,036/1,000,000  15.0/s  upd=19064  L=0.0137  D=0.365
[regir_norefil] 14:19:42  771,265/1,000,000  15.0/s  upd=19072  L=0.0146  D=0.365
[regir_norefil] 14:19:52  771,265/1,000,000  14.9/s  upd=19072  L=0.0146  D=0.365
[regir_norefil] 14:20:02  771,559/1,000,000  15.0/s  upd=19080  L=0.0188  D=0.365
[regir_norefil] 14:20:13  771,829/1,000,000  15.0/s  upd=19083  L=0.0170  D=0.365
[regir_norefil] 14:20:23  771,829/1,000,000  15.0/s  upd=19088  L=0.0127  D=0.365
[regir_norefil] 14:20:33  772,099/1,000,000  15.0/s  upd=19089  L=0.0124  D=0.365
[regir_norefil] 14:20:43  772,099/1,000,000  15.0/s  upd=19096  L=0.0162  D=0.365
[regir_norefil] 14:20:53  772,390/1,000,000  15.0/s  upd=19104  L=0.0137  D=0.365
[regir_norefil] 14:21:03  772,390/1,000,000  15.0/s  upd=19104  L=0.0137  D=0.365
[regir_norefil] 14:21:14  772,744/1,000,000  15.0/s  upd=19105  L=0.0211  D=0.365
[regir_norefil] 14:21:24  772,744/1,000,000  15.0/s  upd=19112  L=0.0154  D=0.365
[regir_norefil] 14:21:34  772,990/1,000,000  15.0/s  upd=19115  L=0.0179  D=0.365
[regir_norefil] 14:21:44  772,990/1,000,000  15.0/s  upd=19120  L=0.0163  D=0.365
[regir_norefil] 14:21:55  773,284/1,000,000  15.0/s  upd=19122  L=0.0164  D=0.365
[regir_norefil] report refresh skipped: PermissionError
[regir_norefil] 14:22:05  773,284/1,000,000  14.9/s  upd=19128  L=0.0111  D=0.365
[regir_norefil] 14:22:15  773,582/1,000,000  15.0/s  upd=19136  L=0.0204  D=0.365
[regir_norefil] 14:22:26  773,831/1,000,000  15.0/s  upd=19144  L=0.0228  D=0.365
[regir_norefil] 14:22:36  774,092/1,000,000  15.0/s  upd=19152  L=0.0172  D=0.365
[regir_norefil] 14:22:46  774,333/1,000,000  15.0/s  upd=19160  L=0.0125  D=0.365
[regir_norefil] 14:22:56  774,633/1,000,000  15.0/s  upd=19161  L=0.0156  D=0.365
[regir_norefil] 14:23:07  774,908/1,000,000  15.0/s  upd=19175  L=0.0071  D=0.365
[regir_norefil] 14:23:18  775,208/1,000,000  15.0/s  upd=19177  L=0.0233  D=0.365
[regir_norefil] 14:23:28  775,208/1,000,000  15.0/s  upd=19184  L=0.0266  D=0.365
[regir_norefil] 14:23:38  775,543/1,000,000  15.0/s  upd=19189  L=0.0210  D=0.365
[regir_norefil] 14:23:49  775,805/1,000,000  15.0/s  upd=19196  L=0.0148  D=0.365
[regir_norefil] 14:24:00  776,078/1,000,000  15.0/s  upd=19206  L=0.0208  D=0.365
[regir_norefil] 14:24:10  776,371/1,000,000  15.0/s  upd=19213  L=0.0154  D=0.365
[regir_norefil] 14:24:20  776,653/1,000,000  15.0/s  upd=19218  L=0.0180  D=0.365
[regir_norefil] 14:24:30  776,653/1,000,000  15.0/s  upd=19224  L=0.0116  D=0.365
[regir_norefil] 14:24:41  776,971/1,000,000  15.0/s  upd=19231  L=0.0162  D=0.365
[regir_norefil] 14:24:51  777,200/1,000,000  15.0/s  upd=19236  L=0.0118  D=0.365
[regir_norefil] 14:25:01  777,491/1,000,000  15.0/s  upd=19248  L=0.0126  D=0.365
[regir_norefil] 14:25:11  777,741/1,000,000  15.0/s  upd=19249  L=0.0188  D=0.365
[regir_norefil] 14:25:23  778,015/1,000,000  15.0/s  upd=19257  L=0.0191  D=0.365
[regir_norefil] 14:25:33  778,270/1,000,000  15.0/s  upd=19265  L=0.0300  D=0.365
[regir_norefil] 14:25:43  778,270/1,000,000  15.0/s  upd=19272  L=0.0114  D=0.365
[regir_norefil] 14:25:53  778,537/1,000,000  15.0/s  upd=19280  L=0.0116  D=0.365
[regir_norefil] 14:26:03  778,817/1,000,000  15.0/s  upd=19281  L=0.0191  D=0.365
[regir_norefil] 14:26:14  779,092/1,000,000  15.0/s  upd=19292  L=0.0139  D=0.365
[regir_norefil] 14:26:24  779,092/1,000,000  15.0/s  upd=19296  L=0.0116  D=0.365
[regir_norefil] 14:26:34  779,348/1,000,000  15.0/s  upd=19304  L=0.0099  D=0.365
[regir_norefil] 14:26:45  779,625/1,000,000  15.0/s  upd=19308  L=0.0152  D=0.365
[regir_norefil] 14:26:55  779,625/1,000,000  15.0/s  upd=19312  L=0.0210  D=0.365
[regir_norefil] report refresh skipped: PermissionError
[regir_norefil] 14:27:05  779,879/1,000,000  15.0/s  upd=19320  L=0.0230  D=0.365
[regir_norefil] 14:27:15  780,141/1,000,000  15.0/s  upd=19328  L=0.0269  D=0.365
[regir_norefil] saved resume t_env=780,141
[regir_norefil] 14:27:36  780,141/1,000,000  15.0/s  upd=19328  L=0.0269  ev=0/100  D=0.365
[regir_norefil] 14:27:46  780,141/1,000,000  15.0/s  upd=19328  L=0.0269  ev=18/100  D=0.365
[regir_norefil] 14:27:56  780,141/1,000,000  15.0/s  upd=19328  L=0.0269  ev=40/100  D=0.365
[regir_norefil] 14:28:06  780,141/1,000,000  15.0/s  upd=19328  L=0.0269  ev=63/100  D=0.365
[regir_norefil] 14:28:16  780,141/1,000,000  15.0/s  upd=19328  L=0.0269  ev=77/100  D=0.365
[regir_norefil] 14:28:26  780,141/1,000,000  15.0/s  upd=19328  L=0.0269  ev=96/100  D=0.365
[regir_norefil] report refresh skipped: PermissionError
[regir_norefil] 14:28:36  780,416/1,000,000  15.0/s  upd=19336  L=0.0256  D=0.570
[regir_norefil] 14:28:46  780,702/1,000,000  15.0/s  upd=19344  L=0.0149  D=0.570
[regir_norefil] 14:28:57  780,997/1,000,000  15.0/s  upd=19348  L=0.0164  D=0.570
[regir_norefil] 14:29:07  781,259/1,000,000  15.0/s  upd=19359  L=0.0151  D=0.570
[regir_norefil] 14:29:18  781,561/1,000,000  15.0/s  upd=19361  L=0.0150  D=0.570
[regir_norefil] 14:29:28  781,561/1,000,000  15.0/s  upd=19368  L=0.0187  D=0.570
[regir_norefil] 14:29:38  781,872/1,000,000  15.0/s  upd=19376  L=0.0107  D=0.570
[regir_norefil] 14:29:48  782,166/1,000,000  15.0/s  upd=19384  L=0.0143  D=0.570
[regir_norefil] 14:29:58  782,391/1,000,000  15.0/s  upd=19392  L=0.0256  D=0.570
[regir_norefil] 14:30:08  782,644/1,000,000  15.0/s  upd=19397  L=0.0237  D=0.570
[regir_norefil] 14:30:18  782,878/1,000,000  15.0/s  upd=19406  L=0.0200  D=0.570
[regir_norefil] 14:30:28  782,878/1,000,000  15.0/s  upd=19408  L=0.0126  D=0.570
[regir_norefil] 14:30:39  783,145/1,000,000  15.0/s  upd=19416  L=0.0137  D=0.570
[regir_norefil] 14:30:50  783,395/1,000,000  15.0/s  upd=19417  L=0.0117  D=0.570
[regir_norefil] 14:31:00  783,395/1,000,000  15.0/s  upd=19424  L=0.0138  D=0.570
[regir_norefil] 14:31:10  783,636/1,000,000  15.0/s  upd=19431  L=0.0173  D=0.570
[regir_norefil] 14:31:20  783,636/1,000,000  15.0/s  upd=19432  L=0.0126  D=0.570
[regir_norefil] 14:31:30  783,914/1,000,000  15.0/s  upd=19440  L=0.0263  D=0.570
[regir_norefil] 14:31:42  784,219/1,000,000  15.0/s  upd=19442  L=0.0178  D=0.570
[regir_norefil] 14:31:52  784,219/1,000,000  15.0/s  upd=19448  L=0.0240  D=0.570
[regir_norefil] 14:32:02  784,527/1,000,000  15.0/s  upd=19455  L=0.0143  D=0.570
[regir_norefil] report refresh skipped: PermissionError
[regir_norefil] 14:32:12  784,527/1,000,000  15.0/s  upd=19456  L=0.0173  D=0.570
[regir_norefil] 14:32:22  784,784/1,000,000  15.0/s  upd=19459  L=0.0153  D=0.570
[regir_norefil] 14:32:33  784,784/1,000,000  15.0/s  upd=19464  L=0.0193  D=0.570
[regir_norefil] 14:32:43  785,032/1,000,000  15.0/s  upd=19469  L=0.0129  D=0.570
[regir_norefil] 14:32:53  785,032/1,000,000  15.0/s  upd=19472  L=0.0120  D=0.570
[regir_norefil] 14:33:03  785,270/1,000,000  15.0/s  upd=19480  L=0.0195  D=0.570
[regir_norefil] 14:33:13  785,270/1,000,000  15.0/s  upd=19480  L=0.0195  D=0.570
[regir_norefil] 14:33:24  785,554/1,000,000  15.0/s  upd=19488  L=0.0114  D=0.570
[regir_norefil] 14:33:34  785,554/1,000,000  15.0/s  upd=19488  L=0.0114  D=0.570
[regir_norefil] 14:33:44  785,836/1,000,000  15.0/s  upd=19496  L=0.0166  D=0.570
[regir_norefil] 14:33:54  785,836/1,000,000  15.0/s  upd=19496  L=0.0166  D=0.570
[regir_norefil] 14:34:04  786,145/1,000,000  15.0/s  upd=19504  L=0.0124  D=0.570
[regir_norefil] 14:34:15  786,425/1,000,000  15.0/s  upd=19508  L=0.0115  D=0.570
[regir_norefil] 14:34:25  786,425/1,000,000  15.0/s  upd=19512  L=0.0147  D=0.570
[regir_norefil] 14:34:35  786,425/1,000,000  15.0/s  upd=19512  L=0.0147  D=0.570
[regir_norefil] 14:34:45  786,707/1,000,000  15.0/s  upd=19520  L=0.0124  D=0.570
[regir_norefil] 14:34:56  786,707/1,000,000  15.0/s  upd=19520  L=0.0124  D=0.570
[regir_norefil] 14:35:06  786,707/1,000,000  15.0/s  upd=19520  L=0.0124  D=0.570
[regir_norefil] 14:35:17  787,074/1,000,000  15.0/s  upd=19528  L=0.0214  D=0.570
[regir_norefil] 14:35:27  787,074/1,000,000  15.0/s  upd=19528  L=0.0214  D=0.570
[regir_norefil] 14:35:38  787,346/1,000,000  15.0/s  upd=19533  L=0.0179  D=0.570
[regir_norefil] 14:35:48  787,346/1,000,000  15.0/s  upd=19536  L=0.0132  D=0.570
[regir_norefil] 14:35:58  787,623/1,000,000  15.0/s  upd=19539  L=0.0157  D=0.570
[regir_norefil] 14:36:08  787,623/1,000,000  15.0/s  upd=19544  L=0.0173  D=0.570
[regir_norefil] 14:36:19  787,926/1,000,000  15.0/s  upd=19552  L=0.0179  D=0.570
[regir_norefil] 14:36:29  788,187/1,000,000  15.0/s  upd=19554  L=0.0140  D=0.570
[regir_norefil] 14:36:39  788,187/1,000,000  15.0/s  upd=19560  L=0.0152  D=0.570
[regir_norefil] 14:36:49  788,504/1,000,000  15.0/s  upd=19568  L=0.0118  D=0.570
[regir_norefil] 14:37:00  788,753/1,000,000  15.0/s  upd=19576  L=0.0140  D=0.570
[regir_norefil] report refresh skipped: PermissionError
[regir_norefil] 14:37:10  789,046/1,000,000  15.0/s  upd=19584  L=0.0370  D=0.570
[regir_norefil] 14:37:20  789,279/1,000,000  15.0/s  upd=19592  L=0.0111  D=0.570
[regir_norefil] saved resume t_env=789,279
[regir_norefil] 14:37:31  789,568/1,000,000  15.0/s  upd=19598  L=0.0194  D=0.570
[regir_norefil] 14:37:41  789,816/1,000,000  15.0/s  upd=19608  L=0.0139  D=0.570
[regir_norefil] 14:37:51  790,099/1,000,000  15.0/s  upd=19616  L=0.0191  D=0.570
[regir_norefil] 14:38:01  790,352/1,000,000  15.0/s  upd=19624  L=0.0166  D=0.570
[regir_norefil] 14:38:11  790,609/1,000,000  15.0/s  upd=19632  L=0.0091  D=0.570
[regir_norefil] 14:38:21  790,886/1,000,000  15.0/s  upd=19640  L=0.0117  D=0.570
[regir_norefil] 14:38:31  791,132/1,000,000  15.0/s  upd=19645  L=0.0093  D=0.570
[regir_norefil] 14:38:42  791,456/1,000,000  15.0/s  upd=19649  L=0.0127  D=0.570
[regir_norefil] 14:38:53  791,710/1,000,000  15.0/s  upd=19657  L=0.0236  D=0.570
[regir_norefil] 14:39:03  791,986/1,000,000  15.0/s  upd=19665  L=0.0180  D=0.570
[regir_norefil] 14:39:13  791,986/1,000,000  15.0/s  upd=19672  L=0.0109  D=0.570
[regir_norefil] 14:39:23  792,243/1,000,000  15.0/s  upd=19680  L=0.0183  D=0.570
[regir_norefil] 14:39:33  792,463/1,000,000  15.0/s  upd=19688  L=0.0136  D=0.570
[regir_norefil] 14:39:43  792,719/1,000,000  15.0/s  upd=19696  L=0.0164  D=0.570
[regir_norefil] 14:39:54  792,977/1,000,000  15.0/s  upd=19704  L=0.0221  D=0.570
[regir_norefil] 14:40:04  793,496/1,000,000  15.0/s  upd=19715  L=0.0082  D=0.570
[regir_norefil] 14:40:15  793,761/1,000,000  15.0/s  upd=19728  L=0.0155  D=0.570
[regir_norefil] 14:40:25  794,086/1,000,000  15.0/s  upd=19736  L=0.0153  D=0.570
[regir_norefil] 14:40:35  794,324/1,000,000  15.0/s  upd=19744  L=0.0153  D=0.570
[regir_norefil] 14:40:45  794,619/1,000,000  15.0/s  upd=19752  L=0.0154  D=0.570
[regir_norefil] 14:40:55  795,131/1,000,000  15.0/s  upd=19763  L=0.0151  D=0.570
[regir_norefil] 14:41:05  795,379/1,000,000  15.0/s  upd=19773  L=0.0159  D=0.570
[regir_norefil] 14:41:16  795,638/1,000,000  15.0/s  upd=19781  L=0.0255  D=0.570
[regir_norefil] 14:41:26  795,918/1,000,000  15.0/s  upd=19788  L=0.0311  D=0.570
[regir_norefil] 14:41:36  795,918/1,000,000  15.0/s  upd=19792  L=0.0151  D=0.570
[regir_norefil] 14:41:46  796,215/1,000,000  15.0/s  upd=19800  L=0.0134  D=0.570
[regir_norefil] 14:41:56  796,529/1,000,000  15.1/s  upd=19808  L=0.0117  D=0.570
[regir_norefil] 14:42:06  796,811/1,000,000  15.1/s  upd=19816  L=0.0212  D=0.570
[regir_norefil] report refresh skipped: PermissionError
[regir_norefil] 14:42:16  797,060/1,000,000  15.1/s  upd=19824  L=0.0154  D=0.570
[regir_norefil] 14:42:26  797,388/1,000,000  15.1/s  upd=19832  L=0.0124  D=0.570
[regir_norefil] 14:42:36  797,667/1,000,000  15.1/s  upd=19837  L=0.0126  D=0.570
[regir_norefil] 14:42:47  797,903/1,000,000  15.1/s  upd=19847  L=0.0114  D=0.570
[regir_norefil] 14:42:57  797,903/1,000,000  15.1/s  upd=19848  L=0.0089  D=0.570
[regir_norefil] 14:43:07  798,211/1,000,000  15.1/s  upd=19856  L=0.0102  D=0.570
[regir_norefil] 14:43:17  798,492/1,000,000  15.1/s  upd=19864  L=0.0176  D=0.570
[regir_norefil] 14:43:28  798,797/1,000,000  15.1/s  upd=19871  L=0.0159  D=0.570
[regir_norefil] 14:43:39  799,090/1,000,000  15.1/s  upd=19878  L=0.0125  D=0.570
[regir_norefil] 14:43:49  799,090/1,000,000  15.1/s  upd=19880  L=0.0123  D=0.570
[regir_norefil] 14:43:59  799,403/1,000,000  15.1/s  upd=19888  L=0.0119  D=0.570
[regir_norefil] 14:44:09  799,641/1,000,000  15.1/s  upd=19896  L=0.0327  D=0.570
[regir_norefil] 14:44:19  799,958/1,000,000  15.1/s  upd=19897  L=0.0371  D=0.570
[regir_norefil] 14:44:29  799,958/1,000,000  15.1/s  upd=19904  L=0.0183  D=0.570
[regir_norefil] saved resume t_env=800,241
[regir_norefil] 14:44:57  800,241/1,000,000  15.1/s  upd=19912  L=0.0144  ev=0/100  D=0.570
[regir_norefil] 14:45:07  800,241/1,000,000  15.1/s  upd=19912  L=0.0144  ev=15/100  D=0.570
[regir_norefil] 14:45:17  800,241/1,000,000  15.1/s  upd=19912  L=0.0144  ev=16/100  D=0.570
[regir_norefil] 14:45:28  800,241/1,000,000  15.1/s  upd=19912  L=0.0144  ev=31/100  D=0.570
[regir_norefil] 14:45:38  800,241/1,000,000  15.1/s  upd=19912  L=0.0144  ev=47/100  D=0.570
[regir_norefil] 14:45:48  800,241/1,000,000  15.1/s  upd=19912  L=0.0144  ev=51/100  D=0.570
[regir_norefil] 14:45:58  800,241/1,000,000  15.1/s  upd=19912  L=0.0144  ev=58/100  D=0.570
[regir_norefil] 14:46:08  800,241/1,000,000  15.1/s  upd=19912  L=0.0144  ev=70/100  D=0.570
[regir_norefil] 14:46:18  800,241/1,000,000  15.0/s  upd=19912  L=0.0144  ev=76/100  D=0.570
[regir_norefil] 14:46:28  800,241/1,000,000  15.0/s  upd=19912  L=0.0144  ev=86/100  D=0.570
[regir_norefil] 14:46:38  800,241/1,000,000  15.0/s  upd=19912  L=0.0144  ev=96/100  D=0.570
[regir_norefil] report refresh skipped: PermissionError
[regir_norefil] 14:46:48  800,241/1,000,000  15.0/s  upd=19912  L=0.0144  D=0.951
[regir_norefil] 14:46:58  800,530/1,000,000  15.0/s  upd=19916  L=0.0124  D=0.951
[regir_norefil] 14:47:08  800,530/1,000,000  15.0/s  upd=19920  L=0.0152  D=0.951
[regir_norefil] report refresh skipped: PermissionError
[regir_norefil] 14:47:19  800,804/1,000,000  15.0/s  upd=19928  L=0.0168  D=0.951
[regir_norefil] 14:47:29  800,804/1,000,000  15.0/s  upd=19928  L=0.0168  D=0.951
[regir_norefil] 14:47:39  801,057/1,000,000  15.0/s  upd=19936  L=0.0236  D=0.951
[regir_norefil] 14:47:49  801,312/1,000,000  15.0/s  upd=19944  L=0.0186  D=0.951
[regir_norefil] 14:47:59  801,603/1,000,000  15.0/s  upd=19952  L=0.0134  D=0.951
[regir_norefil] 14:48:10  801,859/1,000,000  15.0/s  upd=19960  L=0.0156  D=0.951
[regir_norefil] 14:48:20  802,128/1,000,000  15.0/s  upd=19964  L=0.0252  D=0.951
[regir_norefil] 14:48:30  802,379/1,000,000  15.1/s  upd=19970  L=0.0094  D=0.951
[regir_norefil] 14:48:40  802,686/1,000,000  15.1/s  upd=19977  L=0.0137  D=0.951
[regir_norefil] 14:48:51  802,933/1,000,000  15.1/s  upd=19992  L=0.0146  D=0.951
[regir_norefil] 14:49:01  803,230/1,000,000  15.1/s  upd=20000  L=0.0149  D=0.951
[regir_norefil] 14:49:11  803,823/1,000,000  15.1/s  upd=20012  L=0.0143  D=0.951
[regir_norefil] 14:49:21  804,085/1,000,000  15.1/s  upd=20024  L=0.0064  D=0.951
[regir_norefil] 14:49:31  804,642/1,000,000  15.1/s  upd=20033  L=0.0144  D=0.951
[regir_norefil] 14:49:42  804,939/1,000,000  15.1/s  upd=20041  L=0.0157  D=0.951
[regir_norefil] 14:49:52  805,309/1,000,000  15.1/s  upd=20053  L=0.0134  D=0.951
[regir_norefil] 14:50:03  805,582/1,000,000  15.1/s  upd=20064  L=0.0183  D=0.951
[regir_norefil] 14:50:13  805,938/1,000,000  15.1/s  upd=20067  L=0.0168  D=0.951
[regir_norefil] 14:50:23  805,938/1,000,000  15.1/s  upd=20072  L=0.0179  D=0.951
[regir_norefil] 14:50:33  806,223/1,000,000  15.1/s  upd=20080  L=0.0151  D=0.951
[regir_norefil] 14:50:43  806,503/1,000,000  15.1/s  upd=20088  L=0.0174  D=0.951
[regir_norefil] 14:50:54  806,769/1,000,000  15.1/s  upd=20096  L=0.0188  D=0.951
[regir_norefil] 14:51:04  807,020/1,000,000  15.1/s  upd=20104  L=0.0111  D=0.951
[regir_norefil] 14:51:14  807,291/1,000,000  15.1/s  upd=20110  L=0.0117  D=0.951
[regir_norefil] 14:51:24  807,528/1,000,000  15.1/s  upd=20116  L=0.0286  D=0.951
[regir_norefil] 14:51:35  807,777/1,000,000  15.1/s  upd=20124  L=0.0139  D=0.951
[regir_norefil] 14:51:45  808,090/1,000,000  15.1/s  upd=20130  L=0.0120  D=0.951
[regir_norefil] 14:51:55  808,090/1,000,000  15.1/s  upd=20136  L=0.0097  D=0.951
[regir_norefil] 14:52:05  808,356/1,000,000  15.1/s  upd=20144  L=0.0120  D=0.951
[regir_norefil] 14:52:15  808,630/1,000,000  15.1/s  upd=20152  L=0.0139  D=0.951
[regir_norefil] 14:52:25  808,924/1,000,000  15.1/s  upd=20156  L=0.0280  D=0.951
[regir_norefil] report refresh skipped: PermissionError
[regir_norefil] 14:52:36  809,221/1,000,000  15.1/s  upd=20162  L=0.0197  D=0.951
[regir_norefil] 14:52:46  809,221/1,000,000  15.1/s  upd=20168  L=0.0093  D=0.951
[regir_norefil] 14:52:56  809,525/1,000,000  15.1/s  upd=20176  L=0.0186  D=0.951
[regir_norefil] 14:53:06  809,801/1,000,000  15.1/s  upd=20181  L=0.0171  D=0.951
[regir_norefil] 14:53:16  809,801/1,000,000  15.1/s  upd=20184  L=0.0303  D=0.951
[regir_norefil] 14:53:26  810,080/1,000,000  15.1/s  upd=20192  L=0.0268  D=0.951
[regir_norefil] 14:53:36  810,361/1,000,000  15.1/s  upd=20200  L=0.0137  D=0.951
[regir_norefil] 14:53:46  810,635/1,000,000  15.1/s  upd=20208  L=0.0120  D=0.951
[regir_norefil] 14:53:57  810,887/1,000,000  15.1/s  upd=20216  L=0.0260  D=0.951
[regir_norefil] 14:54:07  811,166/1,000,000  15.1/s  upd=20224  L=0.0182  D=0.951
[regir_norefil] 14:54:17  811,466/1,000,000  15.1/s  upd=20232  L=0.0119  D=0.951
[regir_norefil] 14:54:27  811,721/1,000,000  15.1/s  upd=20238  L=0.0098  D=0.951
[regir_norefil] 14:54:37  812,005/1,000,000  15.1/s  upd=20241  L=0.0158  D=0.951
[regir_norefil] saved resume t_env=812,005
[regir_norefil] 14:54:47  812,005/1,000,000  15.1/s  upd=20248  L=0.0123  D=0.951
[regir_norefil] 14:54:58  812,290/1,000,000  15.1/s  upd=20255  L=0.0133  D=0.951
[regir_norefil] 14:55:08  812,290/1,000,000  15.1/s  upd=20256  L=0.0124  D=0.951
[regir_norefil] 14:55:19  812,876/1,000,000  15.1/s  upd=20265  L=0.0090  D=0.951
[regir_norefil] 14:55:29  812,876/1,000,000  15.1/s  upd=20272  L=0.0197  D=0.951
[regir_norefil] 14:55:39  813,184/1,000,000  15.1/s  upd=20280  L=0.0256  D=0.951
[regir_norefil] 14:55:50  813,459/1,000,000  15.1/s  upd=20287  L=0.0199  D=0.951
[regir_norefil] 14:56:00  813,714/1,000,000  15.1/s  upd=20293  L=0.0130  D=0.951
[regir_norefil] 14:56:10  814,019/1,000,000  15.1/s  upd=20299  L=0.0111  D=0.951
[regir_norefil] 14:56:20  814,274/1,000,000  15.1/s  upd=20305  L=0.0183  D=0.951
[regir_norefil] 14:56:31  814,274/1,000,000  15.1/s  upd=20312  L=0.0176  D=0.951
[regir_norefil] 14:56:41  814,530/1,000,000  15.1/s  upd=20320  L=0.0145  D=0.951
[regir_norefil] 14:56:51  814,787/1,000,000  15.1/s  upd=20328  L=0.0199  D=0.951
[regir_norefil] 14:57:01  815,045/1,000,000  15.1/s  upd=20336  L=0.0168  D=0.951
[regir_norefil] 14:57:12  815,327/1,000,000  15.1/s  upd=20337  L=0.0123  D=0.951
[regir_norefil] 14:57:22  815,327/1,000,000  15.1/s  upd=20344  L=0.0133  D=0.951
[regir_norefil] 14:57:32  815,619/1,000,000  15.1/s  upd=20352  L=0.0218  D=0.951
[regir_norefil] report refresh skipped: PermissionError
[regir_norefil] 14:57:42  815,874/1,000,000  15.1/s  upd=20356  L=0.0103  D=0.951
[regir_norefil] 14:57:53  816,123/1,000,000  15.1/s  upd=20361  L=0.0129  D=0.951
[regir_norefil] 14:58:03  816,123/1,000,000  15.1/s  upd=20368  L=0.0126  D=0.951
[regir_norefil] 14:58:13  816,440/1,000,000  15.1/s  upd=20376  L=0.0111  D=0.951
[regir_norefil] 14:58:23  816,717/1,000,000  15.2/s  upd=20384  L=0.0192  D=0.951
[regir_norefil] 14:58:33  816,981/1,000,000  15.2/s  upd=20385  L=0.0205  D=0.951
[regir_norefil] 14:58:44  817,229/1,000,000  15.2/s  upd=20394  L=0.0114  D=0.951
[regir_norefil] 14:58:54  817,518/1,000,000  15.2/s  upd=20401  L=0.0123  D=0.951
[regir_norefil] 14:59:04  817,518/1,000,000  15.2/s  upd=20408  L=0.0163  D=0.951
[regir_norefil] 14:59:15  817,792/1,000,000  15.2/s  upd=20416  L=0.0211  D=0.951
[regir_norefil] 14:59:25  818,086/1,000,000  15.2/s  upd=20417  L=0.0191  D=0.951
[regir_norefil] 14:59:36  818,362/1,000,000  15.2/s  upd=20432  L=0.0174  D=0.951
[regir_norefil] 14:59:46  818,362/1,000,000  15.2/s  upd=20432  L=0.0174  D=0.951
[regir_norefil] 14:59:56  818,974/1,000,000  15.2/s  upd=20444  L=0.0112  D=0.951
[regir_norefil] 15:00:07  818,974/1,000,000  15.2/s  upd=20448  L=0.0217  D=0.951
[regir_norefil] 15:00:17  819,212/1,000,000  15.2/s  upd=20456  L=0.0168  D=0.951
[regir_norefil] 15:00:28  819,497/1,000,000  15.2/s  upd=20461  L=0.0182  D=0.951
[regir_norefil] 15:00:38  819,764/1,000,000  15.2/s  upd=20472  L=0.0122  D=0.951
[regir_norefil] 15:00:49  820,036/1,000,000  15.2/s  upd=20478  L=0.0239  D=0.951
[regir_norefil] saved resume t_env=820,036
[regir_norefil] 15:01:12  820,036/1,000,000  15.2/s  upd=20480  L=0.0220  ev=0/100  D=0.951
[regir_norefil] 15:01:22  820,036/1,000,000  15.2/s  upd=20480  L=0.0220  ev=40/100  D=0.951
[regir_norefil] 15:01:32  820,036/1,000,000  15.2/s  upd=20480  L=0.0220  ev=64/100  D=0.951
[regir_norefil] 15:01:43  820,036/1,000,000  15.2/s  upd=20480  L=0.0220  ev=88/100  D=0.951
[regir_norefil] report refresh skipped: PermissionError
[regir_norefil] 15:01:53  820,328/1,000,000  15.2/s  upd=20488  L=0.0139  D=0.524
[regir_norefil] 15:02:03  820,601/1,000,000  15.2/s  upd=20496  L=0.0146  D=0.524
[regir_norefil] 15:02:13  821,190/1,000,000  15.2/s  upd=20507  L=0.0217  D=0.524
[regir_norefil] 15:02:23  821,475/1,000,000  15.2/s  upd=20517  L=0.0153  D=0.524
[regir_norefil] 15:02:33  821,765/1,000,000  15.2/s  upd=20528  L=0.0185  D=0.524
[regir_norefil] report refresh skipped: PermissionError
[regir_norefil] 15:02:43  822,026/1,000,000  15.2/s  upd=20536  L=0.0170  D=0.524
[regir_norefil] 15:02:53  822,315/1,000,000  15.2/s  upd=20544  L=0.0116  D=0.524
[regir_norefil] 15:03:04  822,596/1,000,000  15.2/s  upd=20547  L=0.0111  D=0.524
[regir_norefil] 15:03:14  822,908/1,000,000  15.2/s  upd=20555  L=0.0221  D=0.524
[regir_norefil] 15:03:24  823,208/1,000,000  15.2/s  upd=20562  L=0.0281  D=0.524
[regir_norefil] 15:03:34  823,208/1,000,000  15.2/s  upd=20568  L=0.0101  D=0.524
[regir_norefil] 15:03:45  823,510/1,000,000  15.2/s  upd=20576  L=0.0119  D=0.524
[regir_norefil] 15:03:55  823,779/1,000,000  15.2/s  upd=20584  L=0.0103  D=0.524
[regir_norefil] 15:04:05  824,082/1,000,000  15.2/s  upd=20592  L=0.0135  D=0.524
[regir_norefil] 15:04:15  824,654/1,000,000  15.2/s  upd=20602  L=0.0096  D=0.524
[regir_norefil] 15:04:25  824,654/1,000,000  15.2/s  upd=20608  L=0.0193  D=0.524
[regir_norefil] 15:04:36  824,915/1,000,000  15.2/s  upd=20616  L=0.0166  D=0.524
[regir_norefil] 15:04:46  825,170/1,000,000  15.2/s  upd=20618  L=0.0125  D=0.524
[regir_norefil] 15:04:57  825,455/1,000,000  15.2/s  upd=20630  L=0.0160  D=0.524
[regir_norefil] 15:05:07  825,717/1,000,000  15.2/s  upd=20639  L=0.0286  D=0.524
[regir_norefil] 15:05:18  825,967/1,000,000  15.2/s  upd=20648  L=0.0153  D=0.524
[regir_norefil] 15:05:28  826,229/1,000,000  15.2/s  upd=20656  L=0.0131  D=0.524
[regir_norefil] 15:05:38  826,563/1,000,000  15.2/s  upd=20663  L=0.0108  D=0.524
[regir_norefil] 15:05:48  826,850/1,000,000  15.2/s  upd=20668  L=0.0201  D=0.524
[regir_norefil] 15:05:58  827,108/1,000,000  15.2/s  upd=20678  L=0.0141  D=0.524
[regir_norefil] 15:06:08  827,386/1,000,000  15.2/s  upd=20681  L=0.0198  D=0.524
[regir_norefil] 15:06:18  827,386/1,000,000  15.2/s  upd=20688  L=0.0114  D=0.524
[regir_norefil] 15:06:28  827,704/1,000,000  15.2/s  upd=20696  L=0.0162  D=0.524
[regir_norefil] 15:06:38  827,935/1,000,000  15.2/s  upd=20704  L=0.0127  D=0.524
[regir_norefil] 15:06:48  828,489/1,000,000  15.2/s  upd=20713  L=0.0137  D=0.524
[regir_norefil] 15:06:59  828,769/1,000,000  15.2/s  upd=20727  L=0.0148  D=0.524
[regir_norefil] 15:07:09  829,044/1,000,000  15.2/s  upd=20736  L=0.0070  D=0.524
[regir_norefil] 15:07:19  829,551/1,000,000  15.2/s  upd=20749  L=0.0142  D=0.524
[regir_norefil] 15:07:30  829,831/1,000,000  15.2/s  upd=20760  L=0.0097  D=0.524
[regir_norefil] 15:07:40  830,075/1,000,000  15.2/s  upd=20768  L=0.0122  D=0.524
[regir_norefil] report refresh skipped: PermissionError
[regir_norefil] 15:07:51  830,613/1,000,000  15.2/s  upd=20780  L=0.0133  D=0.524
[regir_norefil] 15:08:01  830,882/1,000,000  15.3/s  upd=20792  L=0.0124  D=0.524
[regir_norefil] 15:08:11  831,170/1,000,000  15.3/s  upd=20800  L=0.0157  D=0.524
[regir_norefil] 15:08:21  831,456/1,000,000  15.3/s  upd=20808  L=0.0108  D=0.524
[regir_norefil] 15:08:31  831,731/1,000,000  15.3/s  upd=20813  L=0.0154  D=0.524
[regir_norefil] 15:08:41  832,007/1,000,000  15.3/s  upd=20824  L=0.0137  D=0.524
[regir_norefil] 15:08:52  832,309/1,000,000  15.3/s  upd=20828  L=0.0181  D=0.524
[regir_norefil] 15:09:02  832,581/1,000,000  15.3/s  upd=20837  L=0.0205  D=0.524
[regir_norefil] 15:09:13  832,886/1,000,000  15.3/s  upd=20846  L=0.0162  D=0.524
[regir_norefil] 15:09:23  833,177/1,000,000  15.3/s  upd=20849  L=0.0179  D=0.524
[regir_norefil] 15:09:33  833,177/1,000,000  15.3/s  upd=20856  L=0.0162  D=0.524
[regir_norefil] 15:09:43  833,516/1,000,000  15.3/s  upd=20864  L=0.0141  D=0.524
[regir_norefil] 15:09:53  833,808/1,000,000  15.3/s  upd=20872  L=0.0111  D=0.524
[regir_norefil] 15:10:04  834,095/1,000,000  15.3/s  upd=20879  L=0.0089  D=0.524
[regir_norefil] 15:10:14  834,391/1,000,000  15.3/s  upd=20888  L=0.0176  D=0.524
[regir_norefil] 15:10:25  834,667/1,000,000  15.3/s  upd=20891  L=0.0149  D=0.524
[regir_norefil] 15:10:35  834,667/1,000,000  15.3/s  upd=20896  L=0.0180  D=0.524
[regir_norefil] 15:10:45  834,988/1,000,000  15.3/s  upd=20904  L=0.0104  D=0.524
[regir_norefil] saved resume t_env=835,260
[regir_norefil] 15:10:56  835,260/1,000,000  15.3/s  upd=20912  L=0.0094  D=0.524
[regir_norefil] 15:11:07  835,537/1,000,000  15.3/s  upd=20916  L=0.0105  D=0.524
[regir_norefil] 15:11:17  835,537/1,000,000  15.3/s  upd=20920  L=0.0175  D=0.524
[regir_norefil] 15:11:27  835,856/1,000,000  15.3/s  upd=20928  L=0.0085  D=0.524
[regir_norefil] 15:11:37  836,408/1,000,000  15.3/s  upd=20937  L=0.0176  D=0.524
[regir_norefil] 15:11:47  836,408/1,000,000  15.3/s  upd=20944  L=0.0217  D=0.524
[regir_norefil] 15:11:57  836,694/1,000,000  15.3/s  upd=20952  L=0.0121  D=0.524
[regir_norefil] 15:12:07  837,015/1,000,000  15.3/s  upd=20960  L=0.0111  D=0.524
[regir_norefil] 15:12:17  837,307/1,000,000  15.3/s  upd=20968  L=0.0127  D=0.524
[regir_norefil] 15:12:28  837,604/1,000,000  15.3/s  upd=20970  L=0.0252  D=0.524
[regir_norefil] 15:12:38  837,899/1,000,000  15.3/s  upd=20979  L=0.0193  D=0.524
[regir_norefil] 15:12:48  838,121/1,000,000  15.3/s  upd=20989  L=0.0108  D=0.524
[regir_norefil] report refresh skipped: PermissionError
[regir_norefil] 15:12:58  838,407/1,000,000  15.3/s  upd=20996  L=0.0288  D=0.524
[regir_norefil] 15:13:09  838,673/1,000,000  15.3/s  upd=21008  L=0.0098  D=0.524
[regir_norefil] 15:13:19  838,902/1,000,000  15.3/s  upd=21016  L=0.0209  D=0.524
[regir_norefil] 15:13:29  839,206/1,000,000  15.3/s  upd=21017  L=0.0099  D=0.524
[regir_norefil] 15:13:39  839,459/1,000,000  15.3/s  upd=21027  L=0.0119  D=0.524
[regir_norefil] 15:13:49  839,718/1,000,000  15.3/s  upd=21038  L=0.0144  D=0.524
[regir_norefil] saved resume t_env=840,053
[regir_norefil] 15:14:19  840,053/1,000,000  15.3/s  upd=21048  L=0.0204  ev=0/100  D=0.524
[regir_norefil] 15:14:29  840,053/1,000,000  15.3/s  upd=21048  L=0.0204  ev=16/100  D=0.524
[regir_norefil] 15:14:39  840,053/1,000,000  15.3/s  upd=21048  L=0.0204  ev=32/100  D=0.524
[regir_norefil] 15:14:49  840,053/1,000,000  15.3/s  upd=21048  L=0.0204  ev=39/100  D=0.524
[regir_norefil] 15:14:59  840,053/1,000,000  15.3/s  upd=21048  L=0.0204  ev=56/100  D=0.524
[regir_norefil] 15:15:09  840,053/1,000,000  15.3/s  upd=21048  L=0.0204  ev=70/100  D=0.524
[regir_norefil] 15:15:20  840,053/1,000,000  15.3/s  upd=21048  L=0.0204  ev=84/100  D=0.524
[regir_norefil] 15:15:30  840,053/1,000,000  15.3/s  upd=21048  L=0.0204  ev=96/100  D=0.524
[regir_norefil] report refresh skipped: PermissionError
[regir_norefil] 15:15:40  840,053/1,000,000  15.3/s  upd=21048  L=0.0204  D=0.350
[regir_norefil] 15:15:50  840,577/1,000,000  15.3/s  upd=21059  L=0.0119  D=0.350
[regir_norefil] 15:16:00  840,577/1,000,000  15.3/s  upd=21064  L=0.0196  D=0.350
[regir_norefil] 15:16:10  840,872/1,000,000  15.3/s  upd=21072  L=0.0132  D=0.350
[regir_norefil] 15:16:20  841,120/1,000,000  15.3/s  upd=21080  L=0.0134  D=0.350
[regir_norefil] 15:16:30  841,395/1,000,000  15.3/s  upd=21088  L=0.0113  D=0.350
[regir_norefil] 15:16:40  841,656/1,000,000  15.3/s  upd=21096  L=0.0137  D=0.350
[regir_norefil] 15:16:51  841,962/1,000,000  15.3/s  upd=21099  L=0.0119  D=0.350
[regir_norefil] 15:17:01  842,224/1,000,000  15.3/s  upd=21107  L=0.0136  D=0.350
[regir_norefil] 15:17:11  842,509/1,000,000  15.3/s  upd=21113  L=0.0310  D=0.350
[regir_norefil] 15:17:22  842,509/1,000,000  15.3/s  upd=21120  L=0.0223  D=0.350
[regir_norefil] 15:17:32  842,777/1,000,000  15.3/s  upd=21128  L=0.0139  D=0.350
[regir_norefil] 15:17:42  843,040/1,000,000  15.3/s  upd=21136  L=0.0155  D=0.350
[regir_norefil] 15:17:52  843,341/1,000,000  15.3/s  upd=21141  L=0.0108  D=0.350
[regir_norefil] report refresh skipped: PermissionError
[regir_norefil] 15:18:02  843,584/1,000,000  15.3/s  upd=21148  L=0.0142  D=0.350
[regir_norefil] 15:18:12  843,584/1,000,000  15.3/s  upd=21152  L=0.0137  D=0.350
[regir_norefil] 15:18:22  843,888/1,000,000  15.3/s  upd=21160  L=0.0110  D=0.350
[regir_norefil] 15:18:33  844,165/1,000,000  15.3/s  upd=21168  L=0.0162  D=0.350
[regir_norefil] 15:18:43  844,406/1,000,000  15.3/s  upd=21176  L=0.0105  D=0.350
[regir_norefil] 15:18:53  844,689/1,000,000  15.3/s  upd=21184  L=0.0138  D=0.350
[regir_norefil] 15:19:03  844,978/1,000,000  15.3/s  upd=21192  L=0.0099  D=0.350
[regir_norefil] 15:19:13  845,315/1,000,000  15.3/s  upd=21200  L=0.0089  D=0.350
[regir_norefil] 15:19:23  845,606/1,000,000  15.3/s  upd=21208  L=0.0094  D=0.350
[regir_norefil] 15:19:33  845,902/1,000,000  15.3/s  upd=21216  L=0.0091  D=0.350
[regir_norefil] 15:19:43  846,229/1,000,000  15.3/s  upd=21222  L=0.0139  D=0.350
[regir_norefil] 15:19:54  846,539/1,000,000  15.3/s  upd=21228  L=0.0131  D=0.350
[regir_norefil] 15:20:04  846,850/1,000,000  15.3/s  upd=21238  L=0.0161  D=0.350
[regir_norefil] 15:20:14  847,118/1,000,000  15.3/s  upd=21243  L=0.0136  D=0.350
[regir_norefil] 15:20:24  847,404/1,000,000  15.3/s  upd=21252  L=0.0109  D=0.350
[regir_norefil] 15:20:35  847,404/1,000,000  15.3/s  upd=21256  L=0.0205  D=0.350
[regir_norefil] 15:20:45  847,680/1,000,000  15.3/s  upd=21264  L=0.0133  D=0.350
[regir_norefil] 15:20:55  848,221/1,000,000  15.4/s  upd=21276  L=0.0149  D=0.350
[regir_norefil] 15:21:05  848,498/1,000,000  15.4/s  upd=21288  L=0.0082  D=0.350
[regir_norefil] 15:21:15  848,751/1,000,000  15.4/s  upd=21296  L=0.0088  D=0.350
[regir_norefil] 15:21:26  849,316/1,000,000  15.4/s  upd=21306  L=0.0141  D=0.350
[regir_norefil] 15:21:36  849,616/1,000,000  15.4/s  upd=21317  L=0.0087  D=0.350
[regir_norefil] 15:21:46  849,899/1,000,000  15.4/s  upd=21328  L=0.0104  D=0.350
[regir_norefil] 15:21:56  850,166/1,000,000  15.4/s  upd=21336  L=0.0123  D=0.350
[regir_norefil] 15:22:06  850,752/1,000,000  15.4/s  upd=21346  L=0.0173  D=0.350
[regir_norefil] 15:22:16  851,033/1,000,000  15.4/s  upd=21356  L=0.0099  D=0.350
[regir_norefil] 15:22:27  851,306/1,000,000  15.4/s  upd=21368  L=0.0141  D=0.350
[regir_norefil] 15:22:37  851,574/1,000,000  15.4/s  upd=21376  L=0.0077  D=0.350
[regir_norefil] 15:22:47  851,839/1,000,000  15.4/s  upd=21379  L=0.0093  D=0.350
[regir_norefil] report refresh skipped: PermissionError
[regir_norefil] 15:22:57  852,095/1,000,000  15.4/s  upd=21392  L=0.0144  D=0.350
[regir_norefil] 15:23:08  852,392/1,000,000  15.4/s  upd=21394  L=0.0155  D=0.350
[regir_norefil] 15:23:19  852,709/1,000,000  15.4/s  upd=21403  L=0.0147  D=0.350
[regir_norefil] 15:23:30  852,953/1,000,000  15.4/s  upd=21410  L=0.0102  D=0.350
[regir_norefil] 15:23:40  853,250/1,000,000  15.4/s  upd=21420  L=0.0100  D=0.350
[regir_norefil] 15:23:51  853,250/1,000,000  15.4/s  upd=21424  L=0.0099  D=0.350
[regir_norefil] 15:24:01  853,524/1,000,000  15.4/s  upd=21432  L=0.0114  D=0.350
[regir_norefil] saved resume t_env=853,825
[regir_norefil] 15:24:11  853,825/1,000,000  15.4/s  upd=21440  L=0.0135  D=0.350
[regir_norefil] 15:24:21  854,418/1,000,000  15.4/s  upd=21451  L=0.0097  D=0.350
[regir_norefil] 15:24:32  854,674/1,000,000  15.4/s  upd=21464  L=0.0116  D=0.350
[regir_norefil] 15:24:42  854,956/1,000,000  15.4/s  upd=21472  L=0.0119  D=0.350
[regir_norefil] 15:24:52  855,260/1,000,000  15.4/s  upd=21480  L=0.0112  D=0.350
[regir_norefil] 15:25:02  855,568/1,000,000  15.4/s  upd=21488  L=0.0121  D=0.350
[regir_norefil] 15:25:12  855,877/1,000,000  15.4/s  upd=21496  L=0.0100  D=0.350
[regir_norefil] 15:25:23  856,466/1,000,000  15.4/s  upd=21508  L=0.0071  D=0.350
[regir_norefil] 15:25:34  856,732/1,000,000  15.4/s  upd=21519  L=0.0088  D=0.350
[regir_norefil] 15:25:44  857,025/1,000,000  15.4/s  upd=21528  L=0.0198  D=0.350
[regir_norefil] 15:25:54  857,293/1,000,000  15.4/s  upd=21536  L=0.0077  D=0.350
[regir_norefil] 15:26:04  857,564/1,000,000  15.4/s  upd=21544  L=0.0102  D=0.350
[regir_norefil] 15:26:14  857,825/1,000,000  15.4/s  upd=21552  L=0.0113  D=0.350
[regir_norefil] 15:26:24  857,825/1,000,000  15.4/s  upd=21552  L=0.0113  D=0.350
[regir_norefil] 15:26:34  858,106/1,000,000  15.4/s  upd=21560  L=0.0142  D=0.350
[regir_norefil] 15:26:44  858,410/1,000,000  15.4/s  upd=21568  L=0.0066  D=0.350
[regir_norefil] 15:26:54  858,665/1,000,000  15.4/s  upd=21576  L=0.0123  D=0.350
[regir_norefil] 15:27:05  858,932/1,000,000  15.4/s  upd=21584  L=0.0101  D=0.350
[regir_norefil] 15:27:15  859,198/1,000,000  15.4/s  upd=21592  L=0.0094  D=0.350
[regir_norefil] 15:27:25  859,499/1,000,000  15.4/s  upd=21599  L=0.0177  D=0.350
[regir_norefil] 15:27:35  859,755/1,000,000  15.4/s  upd=21606  L=0.0218  D=0.350
[regir_norefil] 15:27:45  859,755/1,000,000  15.4/s  upd=21608  L=0.0172  D=0.350
[regir_norefil] saved resume t_env=860,026
[regir_norefil] 15:28:12  860,026/1,000,000  15.4/s  upd=21616  L=0.0077  ev=0/100  D=0.350
[regir_norefil] 15:28:22  860,026/1,000,000  15.4/s  upd=21616  L=0.0077  ev=8/100  D=0.350
[regir_norefil] 15:28:32  860,026/1,000,000  15.4/s  upd=21616  L=0.0077  ev=25/100  D=0.350
[regir_norefil] 15:28:42  860,026/1,000,000  15.4/s  upd=21616  L=0.0077  ev=40/100  D=0.350
[regir_norefil] 15:28:52  860,026/1,000,000  15.4/s  upd=21616  L=0.0077  ev=56/100  D=0.350
[regir_norefil] 15:29:02  860,026/1,000,000  15.4/s  upd=21616  L=0.0077  ev=64/100  D=0.350
[regir_norefil] 15:29:12  860,026/1,000,000  15.4/s  upd=21616  L=0.0077  ev=80/100  D=0.350
[regir_norefil] 15:29:22  860,026/1,000,000  15.4/s  upd=21616  L=0.0077  ev=96/100  D=0.350
[regir_norefil] report refresh skipped: PermissionError
[regir_norefil] report refresh skipped: PermissionError
[regir_norefil] 15:29:32  860,277/1,000,000  15.4/s  upd=21620  L=0.0129  D=0.195
[regir_norefil] 15:29:43  860,555/1,000,000  15.4/s  upd=21629  L=0.0076  D=0.195
[regir_norefil] 15:29:53  860,808/1,000,000  15.4/s  upd=21640  L=0.0153  D=0.195
[regir_norefil] 15:30:04  861,066/1,000,000  15.4/s  upd=21645  L=0.0101  D=0.195
[regir_norefil] 15:30:14  861,304/1,000,000  15.4/s  upd=21649  L=0.0113  D=0.195
[regir_norefil] 15:30:24  861,304/1,000,000  15.4/s  upd=21656  L=0.0130  D=0.195
[regir_norefil] 15:30:34  861,874/1,000,000  15.4/s  upd=21665  L=0.0069  D=0.195
[regir_norefil] 15:30:44  861,874/1,000,000  15.4/s  upd=21672  L=0.0129  D=0.195
[regir_norefil] 15:30:54  862,480/1,000,000  15.4/s  upd=21681  L=0.0151  D=0.195
[regir_norefil] 15:31:05  862,480/1,000,000  15.4/s  upd=21688  L=0.0122  D=0.195
[regir_norefil] 15:31:15  862,817/1,000,000  15.4/s  upd=21690  L=0.0156  D=0.195
[regir_norefil] 15:31:25  862,817/1,000,000  15.4/s  upd=21696  L=0.0116  D=0.195
[regir_norefil] 15:31:35  863,083/1,000,000  15.4/s  upd=21704  L=0.0125  D=0.195
[regir_norefil] 15:31:45  863,403/1,000,000  15.4/s  upd=21710  L=0.0131  D=0.195
[regir_norefil] 15:31:55  863,676/1,000,000  15.4/s  upd=21720  L=0.0222  D=0.195
[regir_norefil] 15:32:05  863,970/1,000,000  15.4/s  upd=21728  L=0.0081  D=0.195
[regir_norefil] 15:32:15  864,251/1,000,000  15.5/s  upd=21729  L=0.0264  D=0.195
[regir_norefil] 15:32:26  864,251/1,000,000  15.4/s  upd=21736  L=0.0193  D=0.195
[regir_norefil] 15:32:36  864,552/1,000,000  15.5/s  upd=21744  L=0.0106  D=0.195
[regir_norefil] 15:32:46  864,809/1,000,000  15.5/s  upd=21752  L=0.0131  D=0.195
[regir_norefil] 15:32:56  865,130/1,000,000  15.5/s  upd=21756  L=0.0104  D=0.195
[regir_norefil] 15:33:07  865,386/1,000,000  15.5/s  upd=21765  L=0.0087  D=0.195
[regir_norefil] 15:33:17  865,386/1,000,000  15.5/s  upd=21768  L=0.0084  D=0.195
[regir_norefil] 15:33:27  865,651/1,000,000  15.5/s  upd=21776  L=0.0097  D=0.195
[regir_norefil] 15:33:37  865,925/1,000,000  15.5/s  upd=21784  L=0.0170  D=0.195
[regir_norefil] 15:33:48  866,188/1,000,000  15.5/s  upd=21790  L=0.0126  D=0.195
[regir_norefil] 15:33:58  866,188/1,000,000  15.5/s  upd=21792  L=0.0063  D=0.195
[regir_norefil] 15:34:08  866,510/1,000,000  15.5/s  upd=21800  L=0.0105  D=0.195
[regir_norefil] 15:34:18  866,783/1,000,000  15.5/s  upd=21808  L=0.0177  D=0.195
[regir_norefil] report refresh skipped: PermissionError
[regir_norefil] 15:34:28  867,047/1,000,000  15.5/s  upd=21816  L=0.0102  D=0.195
[regir_norefil] 15:34:39  867,602/1,000,000  15.5/s  upd=21826  L=0.0102  D=0.195
[regir_norefil] 15:34:49  867,893/1,000,000  15.5/s  upd=21836  L=0.0194  D=0.195
[regir_norefil] 15:34:59  867,893/1,000,000  15.5/s  upd=21840  L=0.0102  D=0.195
[regir_norefil] 15:35:09  868,435/1,000,000  15.5/s  upd=21850  L=0.0150  D=0.195
[regir_norefil] 15:35:19  868,435/1,000,000  15.5/s  upd=21856  L=0.0166  D=0.195
[regir_norefil] 15:35:30  868,747/1,000,000  15.5/s  upd=21864  L=0.0087  D=0.195
[regir_norefil] 15:35:40  869,002/1,000,000  15.5/s  upd=21872  L=0.0127  D=0.195
[regir_norefil] 15:35:50  869,249/1,000,000  15.5/s  upd=21880  L=0.0102  D=0.195
[regir_norefil] 15:36:00  869,516/1,000,000  15.5/s  upd=21888  L=0.0110  D=0.195
[regir_norefil] 15:36:10  869,762/1,000,000  15.5/s  upd=21896  L=0.0142  D=0.195
[regir_norefil] 15:36:20  870,052/1,000,000  15.5/s  upd=21903  L=0.0138  D=0.195
[regir_norefil] 15:36:31  870,345/1,000,000  15.5/s  upd=21911  L=0.0084  D=0.195
[regir_norefil] 15:36:41  870,345/1,000,000  15.5/s  upd=21912  L=0.0112  D=0.195
[regir_norefil] 15:36:51  870,627/1,000,000  15.5/s  upd=21920  L=0.0111  D=0.195
[regir_norefil] 15:37:01  870,894/1,000,000  15.5/s  upd=21928  L=0.0107  D=0.195
[regir_norefil] 15:37:12  871,172/1,000,000  15.5/s  upd=21936  L=0.0176  D=0.195
[regir_norefil] 15:37:23  871,449/1,000,000  15.5/s  upd=21940  L=0.0139  D=0.195
[regir_norefil] 15:37:33  871,790/1,000,000  15.5/s  upd=21949  L=0.0100  D=0.195
[regir_norefil] 15:37:44  872,082/1,000,000  15.5/s  upd=21954  L=0.0187  D=0.195
[regir_norefil] 15:37:54  872,082/1,000,000  15.5/s  upd=21960  L=0.0153  D=0.195
[regir_norefil] saved resume t_env=872,378
[regir_norefil] 15:38:04  872,378/1,000,000  15.5/s  upd=21968  L=0.0088  D=0.195
[regir_norefil] 15:38:14  872,655/1,000,000  15.5/s  upd=21976  L=0.0119  D=0.195
[regir_norefil] 15:38:24  872,908/1,000,000  15.5/s  upd=21979  L=0.0076  D=0.195
[regir_norefil] 15:38:35  873,159/1,000,000  15.5/s  upd=21992  L=0.0094  D=0.195
[regir_norefil] 15:38:45  873,457/1,000,000  15.5/s  upd=21997  L=0.0102  D=0.195
[regir_norefil] 15:38:55  873,745/1,000,000  15.5/s  upd=22005  L=0.0208  D=0.195
[regir_norefil] 15:39:05  874,008/1,000,000  15.5/s  upd=22012  L=0.0132  D=0.195
[regir_norefil] 15:39:15  874,260/1,000,000  15.5/s  upd=22019  L=0.0126  D=0.195
[regir_norefil] 15:39:25  874,539/1,000,000  15.5/s  upd=22026  L=0.0099  D=0.195
[regir_norefil] report refresh skipped: PermissionError
[regir_norefil] 15:39:36  874,823/1,000,000  15.5/s  upd=22033  L=0.0141  D=0.195
[regir_norefil] 15:39:46  874,823/1,000,000  15.5/s  upd=22040  L=0.0088  D=0.195
[regir_norefil] 15:39:56  875,084/1,000,000  15.5/s  upd=22048  L=0.0084  D=0.195
[regir_norefil] 15:40:06  875,364/1,000,000  15.5/s  upd=22056  L=0.0183  D=0.195
[regir_norefil] 15:40:16  875,646/1,000,000  15.5/s  upd=22064  L=0.0189  D=0.195
[regir_norefil] 15:40:26  875,924/1,000,000  15.5/s  upd=22072  L=0.0139  D=0.195
[regir_norefil] 15:40:36  876,193/1,000,000  15.5/s  upd=22080  L=0.0167  D=0.195
[regir_norefil] 15:40:46  876,504/1,000,000  15.5/s  upd=22088  L=0.0087  D=0.195
[regir_norefil] 15:40:57  876,777/1,000,000  15.5/s  upd=22092  L=0.0122  D=0.195
[regir_norefil] 15:41:07  877,039/1,000,000  15.5/s  upd=22102  L=0.0087  D=0.195
[regir_norefil] 15:41:17  877,325/1,000,000  15.5/s  upd=22112  L=0.0135  D=0.195
[regir_norefil] 15:41:28  877,602/1,000,000  15.5/s  upd=22115  L=0.0097  D=0.195
[regir_norefil] 15:41:38  877,919/1,000,000  15.5/s  upd=22128  L=0.0104  D=0.195
[regir_norefil] 15:41:48  878,166/1,000,000  15.5/s  upd=22136  L=0.0099  D=0.195
[regir_norefil] 15:41:59  878,687/1,000,000  15.5/s  upd=22147  L=0.0084  D=0.195
[regir_norefil] 15:42:09  878,964/1,000,000  15.5/s  upd=22160  L=0.0111  D=0.195
[regir_norefil] 15:42:20  879,520/1,000,000  15.6/s  upd=22170  L=0.0060  D=0.195
[regir_norefil] 15:42:30  879,792/1,000,000  15.6/s  upd=22183  L=0.0123  D=0.195
[regir_norefil] saved resume t_env=880,073
[regir_norefil] 15:42:56  880,073/1,000,000  15.6/s  upd=22192  L=0.0097  ev=0/100  D=0.195
[regir_norefil] 15:43:07  880,073/1,000,000  15.6/s  upd=22192  L=0.0097  ev=23/100  D=0.195
[regir_norefil] 15:43:17  880,073/1,000,000  15.5/s  upd=22192  L=0.0097  ev=48/100  D=0.195
[regir_norefil] 15:43:27  880,073/1,000,000  15.5/s  upd=22192  L=0.0097  ev=64/100  D=0.195
[regir_norefil] 15:43:37  880,073/1,000,000  15.5/s  upd=22192  L=0.0097  ev=80/100  D=0.195
[regir_norefil] report refresh skipped: PermissionError
[regir_norefil] 15:43:47  880,073/1,000,000  15.5/s  upd=22192  L=0.0097  D=0.305
[regir_norefil] 15:43:57  880,344/1,000,000  15.5/s  upd=22200  L=0.0082  D=0.305
[regir_norefil] 15:44:07  880,574/1,000,000  15.5/s  upd=22208  L=0.0113  D=0.305
[regir_norefil] 15:44:17  880,863/1,000,000  15.5/s  upd=22215  L=0.0103  D=0.305
[regir_norefil] 15:44:28  881,141/1,000,000  15.5/s  upd=22224  L=0.0125  D=0.305
[regir_norefil] report refresh skipped: PermissionError
[regir_norefil] 15:44:38  881,409/1,000,000  15.6/s  upd=22232  L=0.0107  D=0.305
[regir_norefil] 15:44:48  881,652/1,000,000  15.6/s  upd=22240  L=0.0140  D=0.305
[regir_norefil] 15:44:58  881,964/1,000,000  15.6/s  upd=22247  L=0.0098  D=0.305
[regir_norefil] 15:45:09  882,218/1,000,000  15.6/s  upd=22256  L=0.0104  D=0.305
[regir_norefil] 15:45:19  882,218/1,000,000  15.6/s  upd=22256  L=0.0104  D=0.305
[regir_norefil] 15:45:29  882,500/1,000,000  15.6/s  upd=22264  L=0.0099  D=0.305
[regir_norefil] 15:45:39  882,770/1,000,000  15.6/s  upd=22271  L=0.0071  D=0.305
[regir_norefil] 15:45:51  883,033/1,000,000  15.6/s  upd=22273  L=0.0101  D=0.305
[regir_norefil] 15:46:01  883,033/1,000,000  15.6/s  upd=22280  L=0.0135  D=0.305
[regir_norefil] 15:46:11  883,329/1,000,000  15.6/s  upd=22288  L=0.0193  D=0.305
[regir_norefil] 15:46:21  883,607/1,000,000  15.6/s  upd=22296  L=0.0116  D=0.305
[regir_norefil] 15:46:31  883,861/1,000,000  15.6/s  upd=22304  L=0.0101  D=0.305
[regir_norefil] 15:46:41  884,131/1,000,000  15.6/s  upd=22308  L=0.0069  D=0.305
[regir_norefil] 15:46:52  884,404/1,000,000  15.6/s  upd=22318  L=0.0109  D=0.305
[regir_norefil] 15:47:02  884,688/1,000,000  15.6/s  upd=22323  L=0.0101  D=0.305
[regir_norefil] 15:47:13  884,688/1,000,000  15.6/s  upd=22328  L=0.0145  D=0.305
[regir_norefil] 15:47:23  885,003/1,000,000  15.6/s  upd=22331  L=0.0175  D=0.305
[regir_norefil] 15:47:33  885,003/1,000,000  15.6/s  upd=22336  L=0.0106  D=0.305
[regir_norefil] 15:47:44  885,562/1,000,000  15.6/s  upd=22348  L=0.0104  D=0.305
[regir_norefil] 15:47:54  885,843/1,000,000  15.6/s  upd=22354  L=0.0111  D=0.305
[regir_norefil] 15:48:04  886,115/1,000,000  15.6/s  upd=22362  L=0.0091  D=0.305
[regir_norefil] 15:48:15  886,431/1,000,000  15.6/s  upd=22371  L=0.0161  D=0.305
[regir_norefil] 15:48:25  886,431/1,000,000  15.6/s  upd=22376  L=0.0091  D=0.305
[regir_norefil] 15:48:35  886,756/1,000,000  15.6/s  upd=22384  L=0.0318  D=0.305
[regir_norefil] 15:48:45  886,995/1,000,000  15.6/s  upd=22390  L=0.0147  D=0.305
[regir_norefil] 15:48:55  887,266/1,000,000  15.6/s  upd=22397  L=0.0114  D=0.305
[regir_norefil] 15:49:05  887,545/1,000,000  15.6/s  upd=22402  L=0.0091  D=0.305
[regir_norefil] 15:49:17  887,840/1,000,000  15.6/s  upd=22410  L=0.0128  D=0.305
[regir_norefil] 15:49:27  887,840/1,000,000  15.6/s  upd=22416  L=0.0123  D=0.305
[regir_norefil] 15:49:37  888,111/1,000,000  15.6/s  upd=22424  L=0.0068  D=0.305
[regir_norefil] 15:49:47  888,380/1,000,000  15.6/s  upd=22431  L=0.0086  D=0.305
[regir_norefil] report refresh skipped: PermissionError
[regir_norefil] 15:49:57  888,659/1,000,000  15.6/s  upd=22440  L=0.0111  D=0.305
[regir_norefil] 15:50:07  888,945/1,000,000  15.6/s  upd=22443  L=0.0173  D=0.305
[regir_norefil] 15:50:17  889,196/1,000,000  15.6/s  upd=22456  L=0.0102  D=0.305
[regir_norefil] 15:50:28  889,441/1,000,000  15.6/s  upd=22462  L=0.0079  D=0.305
[regir_norefil] 15:50:38  889,717/1,000,000  15.6/s  upd=22468  L=0.0146  D=0.305
[regir_norefil] 15:50:48  889,717/1,000,000  15.6/s  upd=22472  L=0.0163  D=0.305
[regir_norefil] 15:50:58  890,018/1,000,000  15.6/s  upd=22480  L=0.0093  D=0.305
[regir_norefil] 15:51:09  890,531/1,000,000  15.6/s  upd=22490  L=0.0138  D=0.305
[regir_norefil] 15:51:19  890,803/1,000,000  15.6/s  upd=22499  L=0.0215  D=0.305
[regir_norefil] 15:51:29  890,803/1,000,000  15.6/s  upd=22504  L=0.0097  D=0.305
[regir_norefil] 15:51:40  891,350/1,000,000  15.6/s  upd=22515  L=0.0096  D=0.305
[regir_norefil] 15:51:50  891,350/1,000,000  15.6/s  upd=22520  L=0.0122  D=0.305
[regir_norefil] 15:52:00  891,913/1,000,000  15.6/s  upd=22529  L=0.0074  D=0.305
[regir_norefil] 15:52:10  891,913/1,000,000  15.6/s  upd=22536  L=0.0188  D=0.305
[regir_norefil] 15:52:20  892,198/1,000,000  15.6/s  upd=22544  L=0.0075  D=0.305
[regir_norefil] 15:52:30  892,496/1,000,000  15.6/s  upd=22552  L=0.0125  D=0.305
[regir_norefil] 15:52:41  892,788/1,000,000  15.6/s  upd=22560  L=0.0100  D=0.305
[regir_norefil] saved resume t_env=892,788
[regir_norefil] 15:52:52  893,058/1,000,000  15.6/s  upd=22565  L=0.0103  D=0.305
[regir_norefil] 15:53:02  893,348/1,000,000  15.6/s  upd=22575  L=0.0094  D=0.305
[regir_norefil] 15:53:12  893,660/1,000,000  15.6/s  upd=22578  L=0.0112  D=0.305
[regir_norefil] 15:53:23  893,945/1,000,000  15.6/s  upd=22586  L=0.0079  D=0.305
[regir_norefil] 15:53:33  893,945/1,000,000  15.6/s  upd=22592  L=0.0122  D=0.305
[regir_norefil] 15:53:43  894,297/1,000,000  15.6/s  upd=22599  L=0.0109  D=0.305
[regir_norefil] 15:53:54  894,606/1,000,000  15.6/s  upd=22606  L=0.0068  D=0.305
[regir_norefil] 15:54:04  894,867/1,000,000  15.6/s  upd=22616  L=0.0194  D=0.305
[regir_norefil] 15:54:14  895,143/1,000,000  15.6/s  upd=22617  L=0.0144  D=0.305
[regir_norefil] 15:54:24  895,143/1,000,000  15.6/s  upd=22624  L=0.0151  D=0.305
[regir_norefil] 15:54:34  895,402/1,000,000  15.6/s  upd=22632  L=0.0129  D=0.305
[regir_norefil] 15:54:44  895,691/1,000,000  15.6/s  upd=22640  L=0.0116  D=0.305
[regir_norefil] 15:54:55  895,988/1,000,000  15.6/s  upd=22648  L=0.0204  D=0.305
[regir_norefil] report refresh skipped: PermissionError
[regir_norefil] 15:55:05  896,240/1,000,000  15.6/s  upd=22656  L=0.0085  D=0.305
[regir_norefil] 15:55:15  896,240/1,000,000  15.6/s  upd=22656  L=0.0085  D=0.305
[regir_norefil] 15:55:25  896,806/1,000,000  15.6/s  upd=22669  L=0.0125  D=0.305
[regir_norefil] 15:55:36  897,078/1,000,000  15.6/s  upd=22673  L=0.0080  D=0.305
[regir_norefil] 15:55:46  897,078/1,000,000  15.6/s  upd=22680  L=0.0091  D=0.305
[regir_norefil] 15:55:56  897,336/1,000,000  15.6/s  upd=22687  L=0.0219  D=0.305
[regir_norefil] 15:56:07  897,629/1,000,000  15.6/s  upd=22696  L=0.0089  D=0.305
[regir_norefil] 15:56:18  897,945/1,000,000  15.6/s  upd=22704  L=0.0106  D=0.305
[regir_norefil] 15:56:28  898,189/1,000,000  15.7/s  upd=22712  L=0.0106  D=0.305
[regir_norefil] 15:56:38  898,476/1,000,000  15.7/s  upd=22720  L=0.0088  D=0.305
[regir_norefil] 15:56:49  898,753/1,000,000  15.7/s  upd=22722  L=0.0189  D=0.305
[regir_norefil] 15:56:59  898,753/1,000,000  15.7/s  upd=22728  L=0.0163  D=0.305
[regir_norefil] 15:57:09  899,333/1,000,000  15.7/s  upd=22737  L=0.0099  D=0.305
[regir_norefil] 15:57:19  899,333/1,000,000  15.7/s  upd=22744  L=0.0100  D=0.305
[regir_norefil] 15:57:29  899,624/1,000,000  15.7/s  upd=22752  L=0.0108  D=0.305
[regir_norefil] 15:57:39  900,207/1,000,000  15.7/s  upd=22765  L=0.0047  D=0.305
[regir_norefil] saved resume t_env=900,207
[regir_norefil] 15:58:03  900,207/1,000,000  15.7/s  upd=22768  L=0.0095  ev=0/100  D=0.305
[regir_norefil] 15:58:13  900,207/1,000,000  15.7/s  upd=22768  L=0.0095  ev=15/100  D=0.305
[regir_norefil] 15:58:23  900,207/1,000,000  15.7/s  upd=22768  L=0.0095  ev=26/100  D=0.305
[regir_norefil] 15:58:33  900,207/1,000,000  15.7/s  upd=22768  L=0.0095  ev=42/100  D=0.305
[regir_norefil] 15:58:43  900,207/1,000,000  15.6/s  upd=22768  L=0.0095  ev=56/100  D=0.305
[regir_norefil] 15:58:53  900,207/1,000,000  15.6/s  upd=22768  L=0.0095  ev=70/100  D=0.305
[regir_norefil] 15:59:03  900,207/1,000,000  15.6/s  upd=22768  L=0.0095  ev=75/100  D=0.305
[regir_norefil] 15:59:13  900,207/1,000,000  15.6/s  upd=22768  L=0.0095  ev=88/100  D=0.305
[regir_norefil] 15:59:24  900,207/1,000,000  15.6/s  upd=22768  L=0.0095  ev=99/100  D=0.305
[regir_norefil] report refresh skipped: PermissionError
[regir_norefil] 15:59:34  900,465/1,000,000  15.6/s  upd=22770  L=0.0121  D=0.275
[regir_norefil] 15:59:44  900,465/1,000,000  15.6/s  upd=22776  L=0.0100  D=0.275
[regir_norefil] 15:59:54  900,742/1,000,000  15.6/s  upd=22784  L=0.0248  D=0.275
[regir_norefil] report refresh skipped: PermissionError
[regir_norefil] 16:00:04  901,066/1,000,000  15.6/s  upd=22792  L=0.0167  D=0.275
[regir_norefil] 16:00:15  901,343/1,000,000  15.6/s  upd=22800  L=0.0059  D=0.275
[regir_norefil] 16:00:25  901,638/1,000,000  15.6/s  upd=22807  L=0.0109  D=0.275
[regir_norefil] 16:00:35  901,901/1,000,000  15.6/s  upd=22812  L=0.0090  D=0.275
[regir_norefil] 16:00:46  902,193/1,000,000  15.7/s  upd=22819  L=0.0096  D=0.275
[regir_norefil] 16:00:57  902,459/1,000,000  15.7/s  upd=22831  L=0.0110  D=0.275
[regir_norefil] 16:01:07  902,748/1,000,000  15.7/s  upd=22837  L=0.0115  D=0.275
[regir_norefil] 16:01:17  903,035/1,000,000  15.7/s  upd=22846  L=0.0113  D=0.275
[regir_norefil] 16:01:27  903,333/1,000,000  15.7/s  upd=22856  L=0.0066  D=0.275
[regir_norefil] 16:01:37  903,626/1,000,000  15.7/s  upd=22864  L=0.0122  D=0.275
[regir_norefil] 16:01:48  904,152/1,000,000  15.7/s  upd=22876  L=0.0075  D=0.275
[regir_norefil] 16:01:58  904,414/1,000,000  15.7/s  upd=22888  L=0.0125  D=0.275
[regir_norefil] 16:02:08  904,676/1,000,000  15.7/s  upd=22896  L=0.0095  D=0.275
[regir_norefil] 16:02:19  905,196/1,000,000  15.7/s  upd=22908  L=0.0089  D=0.275
[regir_norefil] 16:02:29  905,475/1,000,000  15.7/s  upd=22920  L=0.0125  D=0.275
[regir_norefil] 16:02:39  906,054/1,000,000  15.7/s  upd=22929  L=0.0246  D=0.275
[regir_norefil] 16:02:49  906,351/1,000,000  15.7/s  upd=22938  L=0.0102  D=0.275
[regir_norefil] 16:02:59  906,638/1,000,000  15.7/s  upd=22949  L=0.0133  D=0.275
[regir_norefil] 16:03:10  906,912/1,000,000  15.7/s  upd=22959  L=0.0108  D=0.275
[regir_norefil] 16:03:20  907,491/1,000,000  15.7/s  upd=22969  L=0.0134  D=0.275
[regir_norefil] 16:03:30  907,785/1,000,000  15.7/s  upd=22980  L=0.0126  D=0.275
[regir_norefil] 16:03:40  908,040/1,000,000  15.7/s  upd=22989  L=0.0112  D=0.275
[regir_norefil] 16:03:50  908,295/1,000,000  15.7/s  upd=23000  L=0.0072  D=0.275
[regir_norefil] 16:04:00  908,548/1,000,000  15.7/s  upd=23008  L=0.0123  D=0.275
[regir_norefil] 16:04:10  908,824/1,000,000  15.7/s  upd=23016  L=0.0086  D=0.275
[regir_norefil] 16:04:21  909,124/1,000,000  15.7/s  upd=23024  L=0.0081  D=0.275
[regir_norefil] 16:04:31  909,413/1,000,000  15.7/s  upd=23032  L=0.0083  D=0.275
[regir_norefil] 16:04:41  909,657/1,000,000  15.7/s  upd=23035  L=0.0095  D=0.275
[regir_norefil] 16:04:51  909,910/1,000,000  15.7/s  upd=23047  L=0.0072  D=0.275
[regir_norefil] 16:05:02  910,242/1,000,000  15.7/s  upd=23050  L=0.0219  D=0.275
[regir_norefil] report refresh skipped: PermissionError
[regir_norefil] 16:05:12  910,242/1,000,000  15.7/s  upd=23056  L=0.0076  D=0.275
[regir_norefil] 16:05:22  910,547/1,000,000  15.7/s  upd=23064  L=0.0092  D=0.275
[regir_norefil] 16:05:32  910,862/1,000,000  15.7/s  upd=23072  L=0.0090  D=0.275
[regir_norefil] 16:05:43  911,160/1,000,000  15.7/s  upd=23079  L=0.0073  D=0.275
[regir_norefil] 16:05:54  911,442/1,000,000  15.7/s  upd=23085  L=0.0124  D=0.275
[regir_norefil] 16:06:04  911,442/1,000,000  15.7/s  upd=23088  L=0.0097  D=0.275
[regir_norefil] 16:06:15  912,061/1,000,000  15.7/s  upd=23100  L=0.0074  D=0.275
[regir_norefil] 16:06:25  912,061/1,000,000  15.7/s  upd=23104  L=0.0161  D=0.275
[regir_norefil] 16:06:35  912,331/1,000,000  15.7/s  upd=23112  L=0.0133  D=0.275
[regir_norefil] 16:06:45  912,629/1,000,000  15.7/s  upd=23119  L=0.0098  D=0.275
[regir_norefil] 16:06:55  912,905/1,000,000  15.7/s  upd=23128  L=0.0090  D=0.275
[regir_norefil] 16:07:06  913,211/1,000,000  15.7/s  upd=23136  L=0.0125  D=0.275
[regir_norefil] 16:07:16  913,453/1,000,000  15.7/s  upd=23144  L=0.0202  D=0.275
[regir_norefil] 16:07:26  914,010/1,000,000  15.7/s  upd=23154  L=0.0086  D=0.275
[regir_norefil] 16:07:36  914,010/1,000,000  15.7/s  upd=23160  L=0.0105  D=0.275
[regir_norefil] saved resume t_env=914,277
[regir_norefil] 16:07:47  914,277/1,000,000  15.7/s  upd=23168  L=0.0090  D=0.275
[regir_norefil] 16:07:57  914,541/1,000,000  15.7/s  upd=23172  L=0.0082  D=0.275
[regir_norefil] 16:08:08  914,871/1,000,000  15.7/s  upd=23182  L=0.0133  D=0.275
[regir_norefil] 16:08:19  915,147/1,000,000  15.8/s  upd=23192  L=0.0087  D=0.275
[regir_norefil] 16:08:29  915,477/1,000,000  15.8/s  upd=23198  L=0.0081  D=0.275
[regir_norefil] 16:08:39  915,477/1,000,000  15.8/s  upd=23200  L=0.0114  D=0.275
[regir_norefil] 16:08:49  915,777/1,000,000  15.8/s  upd=23208  L=0.0065  D=0.275
[regir_norefil] 16:09:00  916,072/1,000,000  15.8/s  upd=23209  L=0.0127  D=0.275
[regir_norefil] 16:09:10  916,072/1,000,000  15.8/s  upd=23216  L=0.0112  D=0.275
[regir_norefil] 16:09:20  916,370/1,000,000  15.8/s  upd=23224  L=0.0105  D=0.275
[regir_norefil] 16:09:30  916,662/1,000,000  15.8/s  upd=23232  L=0.0095  D=0.275
[regir_norefil] 16:09:40  916,926/1,000,000  15.8/s  upd=23240  L=0.0134  D=0.275
[regir_norefil] 16:09:50  917,268/1,000,000  15.8/s  upd=23242  L=0.0184  D=0.275
[regir_norefil] 16:10:00  917,268/1,000,000  15.8/s  upd=23248  L=0.0124  D=0.275
[regir_norefil] 16:10:11  917,789/1,000,000  15.8/s  upd=23257  L=0.0103  D=0.275
[regir_norefil] report refresh skipped: PermissionError
[regir_norefil] 16:10:21  917,789/1,000,000  15.8/s  upd=23264  L=0.0112  D=0.275
[regir_norefil] 16:10:31  918,201/1,000,000  15.8/s  upd=23270  L=0.0206  D=0.275
[regir_norefil] 16:10:41  918,201/1,000,000  15.8/s  upd=23272  L=0.0169  D=0.275
