[regir_fixed4] saved resume t_env=0
[regir_fixed4] saved resume t_env=342
[regir_fixed4] saved resume t_env=791
[regir_fixed4] saved resume t_env=1,130
[regir_fixed4] 0:00:10  1,495/1,000,000  137.9/s  upd=4  L=0.0432  D=-
[regir_fixed4] saved resume t_env=1,495
[regir_fixed4] 0:00:21  1,835/1,000,000  86.9/s  upd=10  L=0.0449  D=-
[regir_fixed4] 0:00:31  1,835/1,000,000  57.6/s  upd=16  L=0.0435  D=-
[regir_fixed4] 0:00:43  2,256/1,000,000  51.3/s  upd=21  L=0.0415  D=-
[regir_fixed4] 0:00:54  2,637/1,000,000  48.8/s  upd=25  L=0.0454  D=-
[regir_fixed4] 0:01:04  2,637/1,000,000  40.8/s  upd=30  L=0.0446  D=-
[regir_fixed4] 0:01:16  3,036/1,000,000  39.5/s  upd=35  L=0.0420  D=-
[regir_fixed4] 0:01:27  3,036/1,000,000  34.7/s  upd=40  L=0.0349  D=-
[regir_fixed4] 0:01:37  3,397/1,000,000  34.8/s  upd=45  L=0.0466  D=-
[regir_fixed4] 0:01:49  3,770/1,000,000  34.5/s  upd=51  L=0.0417  D=-
[regir_fixed4] 0:01:59  3,770/1,000,000  31.6/s  upd=56  L=0.0437  D=-
[regir_fixed4] 0:02:10  4,088/1,000,000  31.3/s  upd=62  L=0.0429  D=-
[regir_fixed4] 0:02:22  4,463/1,000,000  31.4/s  upd=67  L=0.0442  D=-
[regir_fixed4] 0:02:33  4,463/1,000,000  29.0/s  upd=72  L=0.0384  D=-
[regir_fixed4] 0:02:43  4,840/1,000,000  29.6/s  upd=77  L=0.0465  D=-
[regir_fixed4] 0:02:56  5,180/1,000,000  29.4/s  upd=83  L=0.0397  D=-
[regir_fixed4] 0:03:06  5,180/1,000,000  27.8/s  upd=88  L=0.0430  D=-
[regir_fixed4] 0:03:18  5,502/1,000,000  27.7/s  upd=94  L=0.0408  D=-
[regir_fixed4] 0:03:29  5,863/1,000,000  28.0/s  upd=99  L=0.0400  D=-
[regir_fixed4] 0:03:40  5,863/1,000,000  26.6/s  upd=104  L=0.0309  D=-
[regir_fixed4] 0:03:50  6,200/1,000,000  26.9/s  upd=109  L=0.0372  D=-
[regir_fixed4] 0:04:01  6,569/1,000,000  27.2/s  upd=114  L=0.0361  D=-
[regir_fixed4] 0:04:13  6,569/1,000,000  25.9/s  upd=120  L=0.0430  D=-
[regir_fixed4] 0:04:23  6,991/1,000,000  26.5/s  upd=124  L=0.0372  D=-
[regir_fixed4] 0:04:35  7,336/1,000,000  26.7/s  upd=130  L=0.0410  D=-
[regir_fixed4] 0:04:46  7,336/1,000,000  25.6/s  upd=136  L=0.0402  D=-
[regir_fixed4] 0:04:56  7,704/1,000,000  26.0/s  upd=141  L=0.0379  D=-
[regir_fixed4] 0:05:07  8,063/1,000,000  26.2/s  upd=146  L=0.0323  D=-
[regir_fixed4] 0:05:18  8,063/1,000,000  25.3/s  upd=152  L=0.0450  D=-
[regir_fixed4] 0:05:28  8,444/1,000,000  25.7/s  upd=157  L=0.0383  D=-
[regir_fixed4] 0:05:39  8,768/1,000,000  25.8/s  upd=162  L=0.0263  D=-
[regir_fixed4] 0:05:50  8,768/1,000,000  25.0/s  upd=168  L=0.0401  D=-
[regir_fixed4] 0:06:01  9,117/1,000,000  25.2/s  upd=174  L=0.0421  D=-
[regir_fixed4] 0:06:12  9,505/1,000,000  25.5/s  upd=179  L=0.0396  D=-
[regir_fixed4] 0:06:22  9,505/1,000,000  24.9/s  upd=184  L=0.0457  D=-
[regir_fixed4] 0:06:33  9,875/1,000,000  25.1/s  upd=190  L=0.0429  D=-
[regir_fixed4] 0:06:43  10,222/1,000,000  25.3/s  upd=195  L=0.0445  D=-
[regir_fixed4] 0:06:54  10,222/1,000,000  24.7/s  upd=200  L=0.0377  D=-
[regir_fixed4] 0:07:05  10,657/1,000,000  25.1/s  upd=205  L=0.0436  D=-
[regir_fixed4] 0:07:16  10,991/1,000,000  25.2/s  upd=210  L=0.0402  D=-
[regir_fixed4] 0:07:26  10,991/1,000,000  24.6/s  upd=216  L=0.0327  D=-
[regir_fixed4] 0:07:38  11,348/1,000,000  24.7/s  upd=222  L=0.0600  D=-
[regir_fixed4] 0:07:49  11,763/1,000,000  25.1/s  upd=227  L=0.0467  D=-
[regir_fixed4] 0:08:00  12,105/1,000,000  25.2/s  upd=233  L=0.0385  D=-
[regir_fixed4] 0:08:10  12,105/1,000,000  24.7/s  upd=240  L=0.0402  D=-
[regir_fixed4] 0:08:21  12,557/1,000,000  25.1/s  upd=246  L=0.0430  D=-
[regir_fixed4] 0:08:32  12,910/1,000,000  25.2/s  upd=252  L=0.0364  D=-
[regir_fixed4] 0:08:42  13,289/1,000,000  25.4/s  upd=257  L=0.0405  D=-
[regir_fixed4] 0:08:54  13,289/1,000,000  24.9/s  upd=263  L=0.0378  D=-
[regir_fixed4] 0:09:05  13,663/1,000,000  25.1/s  upd=268  L=0.0375  D=-
[regir_fixed4] 0:09:15  13,663/1,000,000  24.6/s  upd=272  L=0.0422  D=-
[regir_fixed4] 0:09:27  14,141/1,000,000  24.9/s  upd=277  L=0.0458  D=-
[regir_fixed4] 0:09:39  14,491/1,000,000  25.0/s  upd=282  L=0.0351  D=-
[regir_fixed4] 0:09:49  14,491/1,000,000  24.6/s  upd=288  L=0.0391  D=-
[regir_fixed4] 0:10:01  14,914/1,000,000  24.8/s  upd=293  L=0.0484  D=-
[regir_fixed4] 0:10:12  15,302/1,000,000  25.0/s  upd=298  L=0.0452  D=-
[regir_fixed4] 0:10:23  15,302/1,000,000  24.6/s  upd=304  L=0.0526  D=-
[regir_fixed4] saved resume t_env=15,302
[regir_fixed4] 0:10:34  15,651/1,000,000  24.7/s  upd=309  L=0.0429  D=-
[regir_fixed4] 0:10:44  16,165/1,000,000  25.1/s  upd=313  L=0.0464  D=-
[regir_fixed4] 0:10:56  16,165/1,000,000  24.6/s  upd=319  L=0.0307  D=-
[regir_fixed4] 0:11:06  16,556/1,000,000  24.8/s  upd=323  L=0.0421  D=-
[regir_fixed4] 0:11:16  16,556/1,000,000  24.5/s  upd=328  L=0.0390  D=-
[regir_fixed4] 0:11:28  16,880/1,000,000  24.5/s  upd=333  L=0.0485  D=-
[regir_fixed4] 0:11:38  17,267/1,000,000  24.7/s  upd=337  L=0.0386  D=-
[regir_fixed4] 0:11:49  17,267/1,000,000  24.3/s  upd=342  L=0.0400  D=-
[regir_fixed4] 0:12:02  17,654/1,000,000  24.4/s  upd=347  L=0.0306  D=-
[regir_fixed4] 0:12:12  17,654/1,000,000  24.1/s  upd=352  L=0.0365  D=-
[regir_fixed4] 0:12:24  18,004/1,000,000  24.2/s  upd=357  L=0.0416  D=-
[regir_fixed4] 0:12:35  18,374/1,000,000  24.3/s  upd=362  L=0.0500  D=-
[regir_fixed4] 0:12:47  18,374/1,000,000  24.0/s  upd=367  L=0.0454  D=-
[regir_fixed4] 0:12:57  18,720/1,000,000  24.1/s  upd=372  L=0.0562  D=-
[regir_fixed4] 0:13:07  18,720/1,000,000  23.8/s  upd=376  L=0.0488  D=-
[regir_fixed4] 0:13:19  19,101/1,000,000  23.9/s  upd=382  L=0.0381  D=-
[regir_fixed4] 0:13:29  19,425/1,000,000  24.0/s  upd=387  L=0.0350  D=-
[regir_fixed4] 0:13:40  19,425/1,000,000  23.7/s  upd=392  L=0.0446  D=-
[regir_fixed4] 0:13:51  19,770/1,000,000  23.8/s  upd=397  L=0.0419  D=-
[regir_fixed4] 0:14:02  20,126/1,000,000  23.9/s  upd=402  L=0.0397  D=-
[regir_fixed4] 0:14:14  20,126/1,000,000  23.6/s  upd=407  L=0.0556  D=-
[regir_fixed4] saved resume t_env=20,126
[regir_fixed4] 0:14:24  20,126/1,000,000  23.3/s  upd=408  L=0.0365  ev=23/100  D=-
[regir_fixed4] 0:14:34  20,126/1,000,000  23.0/s  upd=408  L=0.0365  ev=71/100  D=-
[regir_fixed4] 0:14:46  20,489/1,000,000  23.1/s  upd=410  L=0.0304  D=4.950
[regir_fixed4] 0:14:56  20,489/1,000,000  22.9/s  upd=415  L=0.0335  D=4.950
[regir_fixed4] 0:15:07  20,836/1,000,000  23.0/s  upd=420  L=0.0484  D=4.950
[regir_fixed4] 0:15:17  20,836/1,000,000  22.7/s  upd=424  L=0.0348  D=4.950
[regir_fixed4] 0:15:28  21,245/1,000,000  22.9/s  upd=429  L=0.0489  D=4.950
[regir_fixed4] 0:15:38  21,682/1,000,000  23.1/s  upd=433  L=0.0497  D=4.950
[regir_fixed4] 0:15:49  21,682/1,000,000  22.8/s  upd=438  L=0.0434  D=4.950
[regir_fixed4] 0:16:01  22,064/1,000,000  23.0/s  upd=445  L=0.0476  D=4.950
[regir_fixed4] 0:16:11  22,397/1,000,000  23.0/s  upd=451  L=0.0442  D=4.950
[regir_fixed4] 0:16:23  22,734/1,000,000  23.1/s  upd=457  L=0.0371  D=4.950
[regir_fixed4] 0:16:35  22,734/1,000,000  22.8/s  upd=463  L=0.0427  D=4.950
[regir_fixed4] 0:16:46  23,174/1,000,000  23.0/s  upd=467  L=0.0350  D=4.950
[regir_fixed4] 0:16:57  23,174/1,000,000  22.8/s  upd=472  L=0.0443  D=4.950
[regir_fixed4] 0:17:07  23,628/1,000,000  23.0/s  upd=476  L=0.0438  D=4.950
[regir_fixed4] 0:17:17  23,628/1,000,000  22.8/s  upd=480  L=0.0474  D=4.950
[regir_fixed4] 0:17:28  23,974/1,000,000  22.9/s  upd=485  L=0.0447  D=4.950
[regir_fixed4] 0:17:38  24,317/1,000,000  23.0/s  upd=489  L=0.0405  D=4.950
[regir_fixed4] 0:17:48  24,317/1,000,000  22.8/s  upd=494  L=0.0504  D=4.950
[regir_fixed4] 0:17:59  24,670/1,000,000  22.9/s  upd=499  L=0.0517  D=4.950
[regir_fixed4] 0:18:09  24,670/1,000,000  22.6/s  upd=504  L=0.0389  D=4.950
[regir_fixed4] 0:18:21  25,110/1,000,000  22.8/s  upd=509  L=0.0423  D=4.950
[regir_fixed4] 0:18:32  25,449/1,000,000  22.9/s  upd=514  L=0.0432  D=4.950
[regir_fixed4] 0:18:42  25,449/1,000,000  22.7/s  upd=519  L=0.0471  D=4.950
[regir_fixed4] 0:18:53  25,746/1,000,000  22.7/s  upd=524  L=0.0484  D=4.950
[regir_fixed4] 0:19:03  25,746/1,000,000  22.5/s  upd=528  L=0.0512  D=4.950
[regir_fixed4] 0:19:16  26,076/1,000,000  22.5/s  upd=534  L=0.0618  D=4.950
[regir_fixed4] 0:19:27  26,408/1,000,000  22.6/s  upd=539  L=0.0306  D=4.950
[regir_fixed4] 0:19:38  26,408/1,000,000  22.4/s  upd=544  L=0.0381  D=4.950
[regir_fixed4] 0:19:50  26,782/1,000,000  22.5/s  upd=549  L=0.0468  D=4.950
[regir_fixed4] 0:20:01  27,242/1,000,000  22.7/s  upd=553  L=0.0510  D=4.950
[regir_fixed4] 0:20:12  27,242/1,000,000  22.5/s  upd=558  L=0.0426  D=4.950
[regir_fixed4] 0:20:23  27,574/1,000,000  22.5/s  upd=563  L=0.0489  D=4.950
[regir_fixed4] 0:20:34  27,574/1,000,000  22.3/s  upd=568  L=0.0422  D=4.950
[regir_fixed4] 0:20:44  27,986/1,000,000  22.5/s  upd=572  L=0.0471  D=4.950
[regir_fixed4] 0:20:56  28,385/1,000,000  22.6/s  upd=577  L=0.0494  D=4.950
[regir_fixed4] 0:21:09  28,385/1,000,000  22.4/s  upd=583  L=0.0310  D=4.950
[regir_fixed4] 0:21:19  28,804/1,000,000  22.5/s  upd=588  L=0.0488  D=4.950
[regir_fixed4] 0:21:30  29,147/1,000,000  22.6/s  upd=593  L=0.0382  D=4.950
[regir_fixed4] 0:21:42  29,147/1,000,000  22.4/s  upd=599  L=0.0435  D=4.950
[regir_fixed4] 0:21:54  29,532/1,000,000  22.5/s  upd=604  L=0.0443  D=4.950
[regir_fixed4] 0:22:04  29,884/1,000,000  22.6/s  upd=609  L=0.0419  D=4.950
[regir_fixed4] 0:22:16  29,884/1,000,000  22.4/s  upd=615  L=0.0518  D=4.950
[regir_fixed4] 0:22:26  30,263/1,000,000  22.5/s  upd=619  L=0.0458  D=4.950
[regir_fixed4] 0:22:36  30,263/1,000,000  22.3/s  upd=624  L=0.0614  D=4.950
[regir_fixed4] 0:22:47  30,676/1,000,000  22.4/s  upd=628  L=0.0313  D=4.950
[regir_fixed4] 0:22:59  31,115/1,000,000  22.6/s  upd=633  L=0.0505  D=4.950
[regir_fixed4] 0:23:10  31,115/1,000,000  22.4/s  upd=638  L=0.0567  D=4.950
[regir_fixed4] 0:23:20  31,528/1,000,000  22.5/s  upd=642  L=0.0453  D=4.950
[regir_fixed4] 0:23:32  31,528/1,000,000  22.3/s  upd=648  L=0.0393  D=4.950
[regir_fixed4] 0:23:43  32,045/1,000,000  22.5/s  upd=652  L=0.0388  D=4.950
[regir_fixed4] 0:23:53  32,045/1,000,000  22.4/s  upd=656  L=0.0360  D=4.950
[regir_fixed4] 0:24:05  32,467/1,000,000  22.5/s  upd=661  L=0.0468  D=4.950
[regir_fixed4] 0:24:17  32,888/1,000,000  22.6/s  upd=667  L=0.0478  D=4.950
[regir_fixed4] saved resume t_env=32,888
[regir_fixed4] 0:24:28  33,242/1,000,000  22.6/s  upd=673  L=0.0364  D=4.950
[regir_fixed4] 0:24:40  33,242/1,000,000  22.5/s  upd=679  L=0.0487  D=4.950
[regir_fixed4] 0:24:51  33,579/1,000,000  22.5/s  upd=683  L=0.0393  D=4.950
[regir_fixed4] 0:25:02  33,579/1,000,000  22.4/s  upd=688  L=0.0556  D=4.950
[regir_fixed4] 0:25:13  33,984/1,000,000  22.5/s  upd=693  L=0.0312  D=4.950
[regir_fixed4] 0:25:24  34,389/1,000,000  22.6/s  upd=698  L=0.0464  D=4.950
[regir_fixed4] 0:25:35  34,389/1,000,000  22.4/s  upd=703  L=0.0422  D=4.950
[regir_fixed4] 0:25:45  34,757/1,000,000  22.5/s  upd=707  L=0.0399  D=4.950
[regir_fixed4] 0:25:55  34,757/1,000,000  22.3/s  upd=712  L=0.0625  D=4.950
[regir_fixed4] 0:26:06  35,117/1,000,000  22.4/s  upd=716  L=0.0425  D=4.950
[regir_fixed4] 0:26:19  35,549/1,000,000  22.5/s  upd=722  L=0.0455  D=4.950
[regir_fixed4] 0:26:29  35,549/1,000,000  22.4/s  upd=727  L=0.0469  D=4.950
[regir_fixed4] 0:26:41  35,937/1,000,000  22.4/s  upd=732  L=0.0429  D=4.950
[regir_fixed4] 0:26:52  36,355/1,000,000  22.5/s  upd=737  L=0.0480  D=4.950
[regir_fixed4] 0:27:03  36,355/1,000,000  22.4/s  upd=742  L=0.0570  D=4.950
[regir_fixed4] 0:27:14  36,708/1,000,000  22.5/s  upd=747  L=0.0512  D=4.950
[regir_fixed4] 0:27:24  36,708/1,000,000  22.3/s  upd=752  L=0.0527  D=4.950
[regir_fixed4] 0:27:36  37,051/1,000,000  22.4/s  upd=757  L=0.0406  D=4.950
[regir_fixed4] 0:27:46  37,422/1,000,000  22.5/s  upd=761  L=0.0482  D=4.950
[regir_fixed4] 0:27:57  37,422/1,000,000  22.3/s  upd=767  L=0.0343  D=4.950
[regir_fixed4] 0:28:09  37,765/1,000,000  22.3/s  upd=772  L=0.0360  D=4.950
[regir_fixed4] 0:28:21  38,129/1,000,000  22.4/s  upd=777  L=0.0515  D=4.950
[regir_fixed4] 0:28:31  38,129/1,000,000  22.3/s  upd=782  L=0.0433  D=4.950
[regir_fixed4] 0:28:43  38,502/1,000,000  22.3/s  upd=787  L=0.0508  D=4.950
[regir_fixed4] 0:28:53  38,502/1,000,000  22.2/s  upd=792  L=0.0440  D=4.950
[regir_fixed4] 0:29:04  38,905/1,000,000  22.3/s  upd=796  L=0.0573  D=4.950
[regir_fixed4] 0:29:16  39,273/1,000,000  22.4/s  upd=802  L=0.0506  D=4.950
[regir_fixed4] 0:29:26  39,273/1,000,000  22.2/s  upd=807  L=0.0510  D=4.950
[regir_fixed4] 0:29:37  39,625/1,000,000  22.3/s  upd=811  L=0.0364  D=4.950
[regir_fixed4] 0:29:47  39,625/1,000,000  22.2/s  upd=816  L=0.0442  D=4.950
[regir_fixed4] 0:29:58  40,008/1,000,000  22.2/s  upd=820  L=0.0363  D=4.950
[regir_fixed4] saved resume t_env=40,008
[regir_fixed4] 0:30:10  40,008/1,000,000  22.1/s  upd=824  L=0.0460  ev=0/100  D=4.950
[regir_fixed4] 0:30:20  40,008/1,000,000  22.0/s  upd=824  L=0.0460  ev=59/100  D=4.950
[regir_fixed4] 0:30:30  40,008/1,000,000  21.9/s  upd=824  L=0.0460  D=5.043
[regir_fixed4] 0:30:42  40,391/1,000,000  21.9/s  upd=830  L=0.0259  D=5.043
[regir_fixed4] 0:30:53  40,774/1,000,000  22.0/s  upd=834  L=0.0601  D=5.043
[regir_fixed4] 0:31:05  40,774/1,000,000  21.9/s  upd=840  L=0.0667  D=5.043
[regir_fixed4] 0:31:17  41,144/1,000,000  21.9/s  upd=845  L=0.0358  D=5.043
[regir_fixed4] 0:31:29  41,510/1,000,000  22.0/s  upd=850  L=0.0459  D=5.043
[regir_fixed4] 0:31:39  41,510/1,000,000  21.8/s  upd=855  L=0.0555  D=5.043
[regir_fixed4] 0:31:50  41,872/1,000,000  21.9/s  upd=860  L=0.0481  D=5.043
[regir_fixed4] 0:32:00  41,872/1,000,000  21.8/s  upd=864  L=0.0510  D=5.043
[regir_fixed4] 0:32:12  42,229/1,000,000  21.9/s  upd=870  L=0.0284  D=5.043
[regir_fixed4] 0:32:22  42,642/1,000,000  22.0/s  upd=875  L=0.0373  D=5.043
[regir_fixed4] 0:32:33  42,996/1,000,000  22.0/s  upd=881  L=0.0381  D=5.043
[regir_fixed4] 0:32:43  42,996/1,000,000  21.9/s  upd=886  L=0.0468  D=5.043
[regir_fixed4] 0:32:55  43,376/1,000,000  22.0/s  upd=891  L=0.0484  D=5.043
[regir_fixed4] 0:33:06  43,376/1,000,000  21.8/s  upd=896  L=0.0452  D=5.043
[regir_fixed4] 0:33:17  43,724/1,000,000  21.9/s  upd=900  L=0.0429  D=5.043
[regir_fixed4] 0:33:27  43,724/1,000,000  21.8/s  upd=904  L=0.0424  D=5.043
[regir_fixed4] 0:33:38  44,093/1,000,000  21.8/s  upd=909  L=0.0369  D=5.043
[regir_fixed4] 0:33:49  44,412/1,000,000  21.9/s  upd=914  L=0.0555  D=5.043
[regir_fixed4] 0:33:59  44,412/1,000,000  21.8/s  upd=918  L=0.0493  D=5.043
[regir_fixed4] 0:34:11  44,769/1,000,000  21.8/s  upd=923  L=0.0464  D=5.043
[regir_fixed4] 0:34:21  44,769/1,000,000  21.7/s  upd=928  L=0.0407  D=5.043
[regir_fixed4] 0:34:33  45,145/1,000,000  21.8/s  upd=933  L=0.0444  D=5.043
[regir_fixed4] 0:34:43  45,531/1,000,000  21.9/s  upd=937  L=0.0407  D=5.043
[regir_fixed4] 0:34:54  45,531/1,000,000  21.7/s  upd=942  L=0.0498  D=5.043
[regir_fixed4] 0:35:04  45,935/1,000,000  21.8/s  upd=947  L=0.0345  D=5.043
[regir_fixed4] 0:35:14  45,935/1,000,000  21.7/s  upd=952  L=0.0315  D=5.043
[regir_fixed4] 0:35:26  46,342/1,000,000  21.8/s  upd=958  L=0.0314  D=5.043
[regir_fixed4] 0:35:37  46,750/1,000,000  21.9/s  upd=963  L=0.0394  D=5.043
[regir_fixed4] 0:35:48  46,750/1,000,000  21.8/s  upd=968  L=0.0508  D=5.043
[regir_fixed4] 0:35:58  47,125/1,000,000  21.8/s  upd=972  L=0.0343  D=5.043
[regir_fixed4] 0:36:08  47,125/1,000,000  21.7/s  upd=976  L=0.0540  D=5.043
[regir_fixed4] 0:36:18  47,522/1,000,000  21.8/s  upd=981  L=0.0438  D=5.043
[regir_fixed4] 0:36:29  47,960/1,000,000  21.9/s  upd=985  L=0.0436  D=5.043
[regir_fixed4] 0:36:40  47,960/1,000,000  21.8/s  upd=990  L=0.0371  D=5.043
[regir_fixed4] 0:36:51  48,364/1,000,000  21.9/s  upd=995  L=0.0301  D=5.043
[regir_fixed4] 0:37:03  48,699/1,000,000  21.9/s  upd=1001  L=0.0399  D=5.043
[regir_fixed4] 0:37:14  48,699/1,000,000  21.8/s  upd=1007  L=0.0398  D=5.043
[regir_fixed4] 0:37:24  49,052/1,000,000  21.9/s  upd=1012  L=0.0350  D=5.043
[regir_fixed4] 0:37:34  49,052/1,000,000  21.8/s  upd=1016  L=0.0357  D=5.043
[regir_fixed4] 0:37:45  49,448/1,000,000  21.8/s  upd=1021  L=0.0320  D=5.043
[regir_fixed4] 0:37:56  49,790/1,000,000  21.9/s  upd=1026  L=0.0317  D=5.043
[regir_fixed4] 0:38:06  49,790/1,000,000  21.8/s  upd=1031  L=0.0291  D=5.043
[regir_fixed4] 0:38:17  50,147/1,000,000  21.8/s  upd=1036  L=0.0457  D=5.043
[regir_fixed4] 0:38:28  50,590/1,000,000  21.9/s  upd=1041  L=0.0368  D=5.043
[regir_fixed4] 0:38:40  50,590/1,000,000  21.8/s  upd=1047  L=0.0511  D=5.043
[regir_fixed4] 0:38:51  50,964/1,000,000  21.9/s  upd=1053  L=0.0400  D=5.043
[regir_fixed4] 0:39:02  51,307/1,000,000  21.9/s  upd=1058  L=0.0265  D=5.043
[regir_fixed4] 0:39:13  51,307/1,000,000  21.8/s  upd=1064  L=0.0441  D=5.043
[regir_fixed4] 0:39:25  51,634/1,000,000  21.8/s  upd=1070  L=0.0373  D=5.043
[regir_fixed4] 0:39:37  52,060/1,000,000  21.9/s  upd=1075  L=0.0345  D=5.043
[regir_fixed4] 0:39:48  52,060/1,000,000  21.8/s  upd=1080  L=0.0323  D=5.043
[regir_fixed4] 0:40:01  52,472/1,000,000  21.9/s  upd=1085  L=0.0494  D=5.043
[regir_fixed4] 0:40:12  52,852/1,000,000  21.9/s  upd=1090  L=0.0267  D=5.043
[regir_fixed4] saved resume t_env=52,852
[regir_fixed4] 0:40:22  52,852/1,000,000  21.8/s  upd=1096  L=0.0331  D=5.043
[regir_fixed4] 0:40:33  53,236/1,000,000  21.9/s  upd=1102  L=0.0258  D=5.043
[regir_fixed4] 0:40:43  53,572/1,000,000  21.9/s  upd=1107  L=0.0276  D=5.043
[regir_fixed4] 0:40:54  53,572/1,000,000  21.8/s  upd=1112  L=0.0366  D=5.043
[regir_fixed4] 0:41:04  53,917/1,000,000  21.9/s  upd=1117  L=0.0424  D=5.043
[regir_fixed4] 0:41:15  54,310/1,000,000  21.9/s  upd=1121  L=0.0497  D=5.043
[regir_fixed4] 0:41:26  54,310/1,000,000  21.8/s  upd=1127  L=0.0302  D=5.043
[regir_fixed4] 0:41:37  54,727/1,000,000  21.9/s  upd=1131  L=0.0300  D=5.043
[regir_fixed4] 0:41:47  54,727/1,000,000  21.8/s  upd=1136  L=0.0404  D=5.043
[regir_fixed4] 0:41:57  55,056/1,000,000  21.9/s  upd=1141  L=0.0725  D=5.043
[regir_fixed4] 0:42:09  55,425/1,000,000  21.9/s  upd=1146  L=0.0279  D=5.043
[regir_fixed4] 0:42:19  55,425/1,000,000  21.8/s  upd=1151  L=0.0487  D=5.043
[regir_fixed4] 0:42:29  55,851/1,000,000  21.9/s  upd=1155  L=0.0348  D=5.043
[regir_fixed4] 0:42:40  55,851/1,000,000  21.8/s  upd=1160  L=0.0383  D=5.043
[regir_fixed4] 0:42:50  56,205/1,000,000  21.9/s  upd=1165  L=0.0442  D=5.043
[regir_fixed4] 0:43:01  56,562/1,000,000  21.9/s  upd=1170  L=0.0335  D=5.043
[regir_fixed4] 0:43:12  56,562/1,000,000  21.8/s  upd=1176  L=0.0332  D=5.043
[regir_fixed4] 0:43:24  57,004/1,000,000  21.9/s  upd=1181  L=0.0355  D=5.043
[regir_fixed4] 0:43:35  57,327/1,000,000  21.9/s  upd=1186  L=0.0442  D=5.043
[regir_fixed4] 0:43:48  57,327/1,000,000  21.8/s  upd=1192  L=0.0263  D=5.043
[regir_fixed4] 0:43:58  57,682/1,000,000  21.9/s  upd=1196  L=0.0307  D=5.043
[regir_fixed4] 0:44:09  58,020/1,000,000  21.9/s  upd=1201  L=0.0340  D=5.043
[regir_fixed4] 0:44:19  58,020/1,000,000  21.8/s  upd=1206  L=0.0287  D=5.043
[regir_fixed4] 0:44:30  58,423/1,000,000  21.9/s  upd=1211  L=0.0294  D=5.043
[regir_fixed4] 0:44:41  58,423/1,000,000  21.8/s  upd=1216  L=0.0333  D=5.043
[regir_fixed4] 0:44:53  58,806/1,000,000  21.8/s  upd=1221  L=0.0285  D=5.043
[regir_fixed4] 0:45:04  59,160/1,000,000  21.9/s  upd=1225  L=0.0420  D=5.043
[regir_fixed4] 0:45:16  59,160/1,000,000  21.8/s  upd=1231  L=0.0322  D=5.043
[regir_fixed4] 0:45:27  59,500/1,000,000  21.8/s  upd=1236  L=0.0155  D=5.043
[regir_fixed4] 0:45:39  59,858/1,000,000  21.8/s  upd=1241  L=0.0387  D=5.043
[regir_fixed4] 0:45:51  59,858/1,000,000  21.8/s  upd=1246  L=0.0358  D=5.043
[regir_fixed4] 0:46:02  60,208/1,000,000  21.8/s  upd=1252  L=0.0363  D=5.043
[regir_fixed4] saved resume t_env=60,208
[regir_fixed4] 0:46:15  60,208/1,000,000  21.7/s  upd=1256  L=0.0375  ev=0/100  D=5.043
[regir_fixed4] 0:46:25  60,208/1,000,000  21.6/s  upd=1256  L=0.0375  ev=47/100  D=5.043
[regir_fixed4] 0:46:35  60,208/1,000,000  21.5/s  upd=1256  L=0.0375  ev=91/100  D=5.043
[regir_fixed4] 0:46:47  60,606/1,000,000  21.6/s  upd=1260  L=0.0399  D=5.215
[regir_fixed4] 0:46:59  60,939/1,000,000  21.6/s  upd=1266  L=0.0366  D=5.215
[regir_fixed4] 0:47:09  60,939/1,000,000  21.5/s  upd=1271  L=0.0475  D=5.215
[regir_fixed4] 0:47:22  61,305/1,000,000  21.6/s  upd=1276  L=0.0288  D=5.215
[regir_fixed4] 0:47:33  61,756/1,000,000  21.6/s  upd=1281  L=0.0317  D=5.215
[regir_fixed4] 0:47:43  61,756/1,000,000  21.6/s  upd=1286  L=0.0179  D=5.215
[regir_fixed4] 0:47:55  62,220/1,000,000  21.6/s  upd=1291  L=0.0337  D=5.215
[regir_fixed4] 0:48:05  62,220/1,000,000  21.6/s  upd=1296  L=0.0252  D=5.215
[regir_fixed4] 0:48:16  62,720/1,000,000  21.7/s  upd=1300  L=0.0372  D=5.215
[regir_fixed4] 0:48:26  63,181/1,000,000  21.7/s  upd=1305  L=0.0468  D=5.215
[regir_fixed4] 0:48:36  63,181/1,000,000  21.7/s  upd=1311  L=0.0373  D=5.215
[regir_fixed4] 0:48:47  63,565/1,000,000  21.7/s  upd=1316  L=0.0347  D=5.215
[regir_fixed4] 0:48:59  63,950/1,000,000  21.8/s  upd=1322  L=0.0174  D=5.215
[regir_fixed4] 0:49:09  63,950/1,000,000  21.7/s  upd=1327  L=0.0262  D=5.215
[regir_fixed4] 0:49:19  64,388/1,000,000  21.8/s  upd=1331  L=0.0331  D=5.215
[regir_fixed4] 0:49:29  64,388/1,000,000  21.7/s  upd=1336  L=0.0428  D=5.215
[regir_fixed4] 0:49:40  64,738/1,000,000  21.7/s  upd=1341  L=0.0415  D=5.215
[regir_fixed4] 0:49:51  65,093/1,000,000  21.8/s  upd=1346  L=0.0423  D=5.215
[regir_fixed4] 0:50:01  65,093/1,000,000  21.7/s  upd=1351  L=0.0209  D=5.215
[regir_fixed4] 0:50:12  65,481/1,000,000  21.7/s  upd=1356  L=0.0306  D=5.215
[regir_fixed4] 0:50:22  65,481/1,000,000  21.7/s  upd=1360  L=0.0345  D=5.215
[regir_fixed4] 0:50:34  65,864/1,000,000  21.7/s  upd=1366  L=0.0438  D=5.215
[regir_fixed4] 0:50:46  66,287/1,000,000  21.8/s  upd=1371  L=0.0246  D=5.215
[regir_fixed4] 0:50:57  66,287/1,000,000  21.7/s  upd=1376  L=0.0652  D=5.215
[regir_fixed4] 0:51:09  66,671/1,000,000  21.7/s  upd=1381  L=0.0472  D=5.215
[regir_fixed4] 0:51:20  67,041/1,000,000  21.8/s  upd=1386  L=0.0337  D=5.215
[regir_fixed4] 0:51:30  67,041/1,000,000  21.7/s  upd=1391  L=0.0403  D=5.215
[regir_fixed4] 0:51:41  67,427/1,000,000  21.7/s  upd=1396  L=0.0408  D=5.215
[regir_fixed4] 0:51:52  67,771/1,000,000  21.8/s  upd=1401  L=0.0331  D=5.215
[regir_fixed4] 0:52:02  67,771/1,000,000  21.7/s  upd=1406  L=0.0290  D=5.215
[regir_fixed4] 0:52:14  68,121/1,000,000  21.7/s  upd=1411  L=0.0389  D=5.215
[regir_fixed4] 0:52:25  68,121/1,000,000  21.7/s  upd=1416  L=0.0311  D=5.215
[regir_fixed4] 0:52:37  68,552/1,000,000  21.7/s  upd=1422  L=0.0385  D=5.215
[regir_fixed4] 0:52:49  68,944/1,000,000  21.8/s  upd=1427  L=0.0211  D=5.215
[regir_fixed4] 0:52:59  68,944/1,000,000  21.7/s  upd=1432  L=0.0430  D=5.215
[regir_fixed4] 0:53:11  69,306/1,000,000  21.7/s  upd=1437  L=0.0301  D=5.215
[regir_fixed4] 0:53:22  69,795/1,000,000  21.8/s  upd=1441  L=0.0381  D=5.215
[regir_fixed4] 0:53:32  69,795/1,000,000  21.7/s  upd=1446  L=0.0373  D=5.215
[regir_fixed4] 0:53:44  70,155/1,000,000  21.8/s  upd=1451  L=0.0526  D=5.215
[regir_fixed4] 0:53:56  70,155/1,000,000  21.7/s  upd=1456  L=0.0325  D=5.215
[regir_fixed4] 0:54:07  70,474/1,000,000  21.7/s  upd=1461  L=0.0220  D=5.215
[regir_fixed4] 0:54:19  70,807/1,000,000  21.7/s  upd=1466  L=0.0299  D=5.215
[regir_fixed4] 0:54:31  70,807/1,000,000  21.6/s  upd=1472  L=0.0255  D=5.215
[regir_fixed4] 0:54:42  71,231/1,000,000  21.7/s  upd=1476  L=0.0366  D=5.215
[regir_fixed4] 0:54:52  71,231/1,000,000  21.6/s  upd=1480  L=0.0359  D=5.215
[regir_fixed4] 0:55:04  71,632/1,000,000  21.7/s  upd=1485  L=0.0321  D=5.215
[regir_fixed4] 0:55:16  72,047/1,000,000  21.7/s  upd=1490  L=0.0256  D=5.215
[regir_fixed4] 0:55:28  72,047/1,000,000  21.6/s  upd=1495  L=0.0264  D=5.215
[regir_fixed4] 0:55:39  72,456/1,000,000  21.7/s  upd=1499  L=0.0418  D=5.215
[regir_fixed4] 0:55:49  72,456/1,000,000  21.6/s  upd=1504  L=0.0410  D=5.215
[regir_fixed4] 0:56:01  72,817/1,000,000  21.7/s  upd=1509  L=0.0209  D=5.215
[regir_fixed4] 0:56:14  73,189/1,000,000  21.7/s  upd=1514  L=0.0367  D=5.215
[regir_fixed4] 0:56:25  73,189/1,000,000  21.6/s  upd=1519  L=0.0409  D=5.215
[regir_fixed4] saved resume t_env=73,189
[regir_fixed4] 0:56:35  73,610/1,000,000  21.7/s  upd=1523  L=0.0608  D=5.215
[regir_fixed4] 0:56:45  73,610/1,000,000  21.6/s  upd=1528  L=0.0309  D=5.215
[regir_fixed4] 0:56:57  74,040/1,000,000  21.7/s  upd=1535  L=0.0235  D=5.215
[regir_fixed4] 0:57:07  74,494/1,000,000  21.7/s  upd=1541  L=0.0245  D=5.215
[regir_fixed4] 0:57:18  74,850/1,000,000  21.8/s  upd=1546  L=0.0287  D=5.215
[regir_fixed4] 0:57:28  74,850/1,000,000  21.7/s  upd=1551  L=0.0150  D=5.215
[regir_fixed4] 0:57:39  75,225/1,000,000  21.7/s  upd=1556  L=0.0298  D=5.215
[regir_fixed4] 0:57:51  75,671/1,000,000  21.8/s  upd=1561  L=0.0327  D=5.215
[regir_fixed4] 0:58:02  75,671/1,000,000  21.7/s  upd=1566  L=0.0291  D=5.215
[regir_fixed4] 0:58:14  76,061/1,000,000  21.8/s  upd=1571  L=0.0298  D=5.215
[regir_fixed4] 0:58:24  76,061/1,000,000  21.7/s  upd=1576  L=0.0524  D=5.215
[regir_fixed4] 0:58:36  76,435/1,000,000  21.7/s  upd=1581  L=0.0387  D=5.215
[regir_fixed4] 0:58:47  76,766/1,000,000  21.8/s  upd=1585  L=0.0278  D=5.215
[regir_fixed4] 0:58:58  76,766/1,000,000  21.7/s  upd=1591  L=0.0264  D=5.215
[regir_fixed4] 0:59:10  77,167/1,000,000  21.7/s  upd=1596  L=0.0423  D=5.215
[regir_fixed4] 0:59:20  77,167/1,000,000  21.7/s  upd=1600  L=0.0210  D=5.215
[regir_fixed4] 0:59:32  77,559/1,000,000  21.7/s  upd=1605  L=0.0340  D=5.215
[regir_fixed4] 0:59:43  77,894/1,000,000  21.7/s  upd=1610  L=0.0368  D=5.215
[regir_fixed4] 0:59:54  77,894/1,000,000  21.7/s  upd=1615  L=0.0378  D=5.215
[regir_fixed4] 1:00:04  78,308/1,000,000  21.7/s  upd=1619  L=0.0299  D=5.215
[regir_fixed4] 1:00:14  78,308/1,000,000  21.7/s  upd=1624  L=0.0380  D=5.215
[regir_fixed4] 1:00:25  78,668/1,000,000  21.7/s  upd=1628  L=0.0285  D=5.215
[regir_fixed4] 1:00:35  78,668/1,000,000  21.6/s  upd=1632  L=0.0388  D=5.215
[regir_fixed4] 1:00:46  79,068/1,000,000  21.7/s  upd=1637  L=0.0394  D=5.215
[regir_fixed4] 1:00:57  79,503/1,000,000  21.7/s  upd=1642  L=0.0514  D=5.215
[regir_fixed4] 1:01:08  79,503/1,000,000  21.7/s  upd=1647  L=0.0382  D=5.215
[regir_fixed4] 1:01:19  79,851/1,000,000  21.7/s  upd=1652  L=0.0362  D=5.215
[regir_fixed4] 1:01:30  80,194/1,000,000  21.7/s  upd=1657  L=0.0331  D=5.215
[regir_fixed4] 1:01:43  80,194/1,000,000  21.7/s  upd=1662  L=0.0347  D=5.215
[regir_fixed4] saved resume t_env=80,194
[regir_fixed4] 1:01:53  80,194/1,000,000  21.6/s  upd=1664  L=0.0206  ev=7/100  D=5.215
[regir_fixed4] 1:02:03  80,194/1,000,000  21.5/s  upd=1664  L=0.0206  ev=52/100  D=5.215
[regir_fixed4] 1:02:13  80,194/1,000,000  21.5/s  upd=1664  L=0.0206  ev=96/100  D=5.215
[regir_fixed4] 1:02:23  80,561/1,000,000  21.5/s  upd=1668  L=0.0349  D=5.156
[regir_fixed4] 1:02:33  80,561/1,000,000  21.5/s  upd=1672  L=0.0535  D=5.156
[regir_fixed4] 1:02:45  80,947/1,000,000  21.5/s  upd=1677  L=0.0498  D=5.156
[regir_fixed4] 1:02:55  81,359/1,000,000  21.5/s  upd=1681  L=0.0350  D=5.156
[regir_fixed4] 1:03:07  81,359/1,000,000  21.5/s  upd=1686  L=0.0358  D=5.156
[regir_fixed4] 1:03:17  81,761/1,000,000  21.5/s  upd=1690  L=0.0391  D=5.156
[regir_fixed4] 1:03:29  81,761/1,000,000  21.5/s  upd=1695  L=0.0351  D=5.156
[regir_fixed4] 1:03:39  82,141/1,000,000  21.5/s  upd=1699  L=0.0306  D=5.156
[regir_fixed4] 1:03:50  82,141/1,000,000  21.4/s  upd=1704  L=0.0447  D=5.156
[regir_fixed4] 1:04:01  82,532/1,000,000  21.5/s  upd=1709  L=0.0340  D=5.156
[regir_fixed4] 1:04:13  82,870/1,000,000  21.5/s  upd=1714  L=0.0332  D=5.156
[regir_fixed4] 1:04:23  82,870/1,000,000  21.4/s  upd=1719  L=0.0247  D=5.156
[regir_fixed4] 1:04:34  83,274/1,000,000  21.5/s  upd=1724  L=0.0394  D=5.156
[regir_fixed4] 1:04:44  83,662/1,000,000  21.5/s  upd=1729  L=0.0308  D=5.156
[regir_fixed4] 1:04:56  83,662/1,000,000  21.5/s  upd=1736  L=0.0282  D=5.156
[regir_fixed4] 1:05:06  84,109/1,000,000  21.5/s  upd=1741  L=0.0450  D=5.156
[regir_fixed4] 1:05:18  84,495/1,000,000  21.6/s  upd=1747  L=0.0452  D=5.156
[regir_fixed4] 1:05:29  84,495/1,000,000  21.5/s  upd=1752  L=0.0300  D=5.156
[regir_fixed4] 1:05:40  84,856/1,000,000  21.5/s  upd=1757  L=0.0491  D=5.156
[regir_fixed4] 1:05:51  85,237/1,000,000  21.6/s  upd=1761  L=0.0271  D=5.156
[regir_fixed4] 1:06:01  85,237/1,000,000  21.5/s  upd=1765  L=0.0199  D=5.156
[regir_fixed4] 1:06:13  85,621/1,000,000  21.5/s  upd=1770  L=0.0417  D=5.156
[regir_fixed4] 1:06:23  85,621/1,000,000  21.5/s  upd=1775  L=0.0353  D=5.156
[regir_fixed4] 1:06:35  85,964/1,000,000  21.5/s  upd=1780  L=0.0335  D=5.156
[regir_fixed4] 1:06:45  85,964/1,000,000  21.5/s  upd=1784  L=0.0237  D=5.156
[regir_fixed4] 1:06:55  86,438/1,000,000  21.5/s  upd=1789  L=0.0308  D=5.156
[regir_fixed4] 1:07:07  86,830/1,000,000  21.6/s  upd=1794  L=0.0403  D=5.156
[regir_fixed4] 1:07:18  86,830/1,000,000  21.5/s  upd=1799  L=0.0320  D=5.156
[regir_fixed4] 1:07:31  87,194/1,000,000  21.5/s  upd=1804  L=0.0440  D=5.156
[regir_fixed4] 1:07:42  87,547/1,000,000  21.6/s  upd=1809  L=0.0441  D=5.156
[regir_fixed4] 1:07:53  87,547/1,000,000  21.5/s  upd=1814  L=0.0337  D=5.156
[regir_fixed4] 1:08:04  88,028/1,000,000  21.6/s  upd=1818  L=0.0276  D=5.156
[regir_fixed4] 1:08:15  88,028/1,000,000  21.5/s  upd=1824  L=0.0219  D=5.156
[regir_fixed4] 1:08:26  88,347/1,000,000  21.5/s  upd=1829  L=0.0393  D=5.156
[regir_fixed4] 1:08:37  88,697/1,000,000  21.5/s  upd=1833  L=0.0305  D=5.156
[regir_fixed4] 1:08:47  88,697/1,000,000  21.5/s  upd=1838  L=0.0433  D=5.156
[regir_fixed4] 1:08:59  89,054/1,000,000  21.5/s  upd=1843  L=0.0401  D=5.156
[regir_fixed4] 1:09:09  89,054/1,000,000  21.5/s  upd=1848  L=0.0429  D=5.156
[regir_fixed4] 1:09:20  89,433/1,000,000  21.5/s  upd=1852  L=0.0394  D=5.156
[regir_fixed4] 1:09:30  89,433/1,000,000  21.4/s  upd=1856  L=0.0375  D=5.156
[regir_fixed4] 1:09:40  89,806/1,000,000  21.5/s  upd=1860  L=0.0216  D=5.156
[regir_fixed4] 1:09:51  90,260/1,000,000  21.5/s  upd=1865  L=0.0354  D=5.156
[regir_fixed4] 1:10:01  90,260/1,000,000  21.5/s  upd=1870  L=0.0397  D=5.156
[regir_fixed4] 1:10:12  90,627/1,000,000  21.5/s  upd=1875  L=0.0242  D=5.156
[regir_fixed4] 1:10:24  90,627/1,000,000  21.5/s  upd=1880  L=0.0392  D=5.156
[regir_fixed4] 1:10:34  90,992/1,000,000  21.5/s  upd=1884  L=0.0284  D=5.156
[regir_fixed4] 1:10:45  91,364/1,000,000  21.5/s  upd=1889  L=0.0309  D=5.156
[regir_fixed4] 1:10:57  91,364/1,000,000  21.5/s  upd=1894  L=0.0221  D=5.156
[regir_fixed4] 1:11:09  91,716/1,000,000  21.5/s  upd=1899  L=0.0354  D=5.156
[regir_fixed4] 1:11:20  92,035/1,000,000  21.5/s  upd=1905  L=0.0448  D=5.156
[regir_fixed4] 1:11:31  92,035/1,000,000  21.4/s  upd=1910  L=0.0429  D=5.156
[regir_fixed4] 1:11:41  92,434/1,000,000  21.5/s  upd=1914  L=0.0335  D=5.156
[regir_fixed4] 1:11:52  92,434/1,000,000  21.4/s  upd=1919  L=0.0373  D=5.156
[regir_fixed4] saved resume t_env=92,434
[regir_fixed4] 1:12:05  92,804/1,000,000  21.5/s  upd=1924  L=0.0344  D=5.156
[regir_fixed4] 1:12:15  92,804/1,000,000  21.4/s  upd=1928  L=0.0221  D=5.156
[regir_fixed4] 1:12:25  93,256/1,000,000  21.5/s  upd=1933  L=0.0238  D=5.156
[regir_fixed4] 1:12:35  93,594/1,000,000  21.5/s  upd=1937  L=0.0485  D=5.156
[regir_fixed4] 1:12:46  93,594/1,000,000  21.4/s  upd=1942  L=0.0312  D=5.156
[regir_fixed4] 1:12:58  93,961/1,000,000  21.5/s  upd=1947  L=0.0533  D=5.156
[regir_fixed4] 1:13:08  93,961/1,000,000  21.4/s  upd=1952  L=0.0257  D=5.156
[regir_fixed4] 1:13:18  94,386/1,000,000  21.5/s  upd=1957  L=0.0292  D=5.156
[regir_fixed4] 1:13:29  94,742/1,000,000  21.5/s  upd=1962  L=0.0264  D=5.156
[regir_fixed4] 1:13:40  94,742/1,000,000  21.4/s  upd=1968  L=0.0279  D=5.156
[regir_fixed4] 1:13:51  95,119/1,000,000  21.5/s  upd=1973  L=0.0216  D=5.156
[regir_fixed4] 1:14:02  95,487/1,000,000  21.5/s  upd=1978  L=0.0425  D=5.156
[regir_fixed4] 1:14:15  95,487/1,000,000  21.4/s  upd=1984  L=0.0573  D=5.156
[regir_fixed4] 1:14:27  95,834/1,000,000  21.5/s  upd=1989  L=0.0401  D=5.156
[regir_fixed4] 1:14:37  96,275/1,000,000  21.5/s  upd=1993  L=0.0326  D=5.156
[regir_fixed4] 1:14:48  96,275/1,000,000  21.4/s  upd=1998  L=0.0254  D=5.156
[regir_fixed4] 1:14:58  96,605/1,000,000  21.5/s  upd=2003  L=0.0403  D=5.156
[regir_fixed4] 1:15:09  96,605/1,000,000  21.4/s  upd=2008  L=0.0445  D=5.156
[regir_fixed4] 1:15:22  96,941/1,000,000  21.4/s  upd=2013  L=0.0385  D=5.156
[regir_fixed4] 1:15:33  97,349/1,000,000  21.5/s  upd=2018  L=0.0406  D=5.156
[regir_fixed4] 1:15:44  97,349/1,000,000  21.4/s  upd=2023  L=0.0454  D=5.156
[regir_fixed4] 1:15:56  97,803/1,000,000  21.5/s  upd=2028  L=0.0477  D=5.156
[regir_fixed4] 1:16:07  98,116/1,000,000  21.5/s  upd=2033  L=0.0258  D=5.156
[regir_fixed4] 1:16:18  98,116/1,000,000  21.4/s  upd=2038  L=0.0436  D=5.156
[regir_fixed4] 1:16:28  98,554/1,000,000  21.5/s  upd=2042  L=0.0328  D=5.156
[regir_fixed4] 1:16:40  98,554/1,000,000  21.4/s  upd=2047  L=0.0329  D=5.156
[regir_fixed4] 1:16:51  98,898/1,000,000  21.4/s  upd=2052  L=0.0278  D=5.156
[regir_fixed4] 1:17:03  99,260/1,000,000  21.5/s  upd=2057  L=0.0250  D=5.156
[regir_fixed4] 1:17:14  99,260/1,000,000  21.4/s  upd=2062  L=0.0424  D=5.156
[regir_fixed4] 1:17:26  99,649/1,000,000  21.4/s  upd=2067  L=0.0368  D=5.156
[regir_fixed4] 1:17:36  99,649/1,000,000  21.4/s  upd=2072  L=0.0379  D=5.156
[regir_fixed4] 1:17:48  100,056/1,000,000  21.4/s  upd=2077  L=0.0266  D=5.156
[regir_fixed4] saved resume t_env=100,056
[regir_fixed4] 1:17:59  100,056/1,000,000  21.4/s  upd=2080  L=0.0316  ev=0/100  D=5.156
[regir_fixed4] 1:18:09  100,056/1,000,000  21.3/s  upd=2080  L=0.0316  ev=44/100  D=5.156
[regir_fixed4] 1:18:19  100,056/1,000,000  21.3/s  upd=2080  L=0.0316  ev=95/100  D=5.156
[regir_fixed4] 1:18:29  100,410/1,000,000  21.3/s  upd=2084  L=0.0445  D=4.856
[regir_fixed4] 1:18:39  100,410/1,000,000  21.3/s  upd=2088  L=0.0429  D=4.856
[regir_fixed4] 1:18:50  100,865/1,000,000  21.3/s  upd=2092  L=0.0227  D=4.856
[regir_fixed4] 1:19:01  101,193/1,000,000  21.3/s  upd=2097  L=0.0469  D=4.856
[regir_fixed4] 1:19:11  101,193/1,000,000  21.3/s  upd=2102  L=0.0479  D=4.856
[regir_fixed4] 1:19:23  101,566/1,000,000  21.3/s  upd=2107  L=0.0388  D=4.856
[regir_fixed4] 1:19:34  101,566/1,000,000  21.3/s  upd=2112  L=0.0243  D=4.856
[regir_fixed4] 1:19:45  101,890/1,000,000  21.3/s  upd=2117  L=0.0701  D=4.856
[regir_fixed4] 1:19:57  102,205/1,000,000  21.3/s  upd=2122  L=0.0333  D=4.856
[regir_fixed4] 1:20:09  102,205/1,000,000  21.3/s  upd=2127  L=0.0162  D=4.856
[regir_fixed4] 1:20:20  102,640/1,000,000  21.3/s  upd=2131  L=0.0377  D=4.856
[regir_fixed4] 1:20:31  102,640/1,000,000  21.2/s  upd=2136  L=0.0301  D=4.856
[regir_fixed4] 1:20:44  103,015/1,000,000  21.3/s  upd=2141  L=0.0405  D=4.856
[regir_fixed4] 1:20:56  103,428/1,000,000  21.3/s  upd=2146  L=0.0390  D=4.856
[regir_fixed4] 1:21:08  103,428/1,000,000  21.2/s  upd=2151  L=0.0290  D=4.856
[regir_fixed4] 1:21:19  103,861/1,000,000  21.3/s  upd=2156  L=0.0240  D=4.856
[regir_fixed4] 1:21:30  104,189/1,000,000  21.3/s  upd=2162  L=0.0496  D=4.856
[regir_fixed4] 1:21:42  104,189/1,000,000  21.3/s  upd=2168  L=0.0420  D=4.856
[regir_fixed4] 1:21:53  104,599/1,000,000  21.3/s  upd=2174  L=0.0276  D=4.856
[regir_fixed4] 1:22:04  104,960/1,000,000  21.3/s  upd=2179  L=0.0296  D=4.856
[regir_fixed4] 1:22:14  104,960/1,000,000  21.3/s  upd=2184  L=0.0327  D=4.856
[regir_fixed4] 1:22:25  105,289/1,000,000  21.3/s  upd=2188  L=0.0322  D=4.856
[regir_fixed4] 1:22:35  105,641/1,000,000  21.3/s  upd=2193  L=0.0389  D=4.856
[regir_fixed4] 1:22:47  105,641/1,000,000  21.3/s  upd=2199  L=0.0404  D=4.856
[regir_fixed4] 1:22:57  106,020/1,000,000  21.3/s  upd=2203  L=0.0227  D=4.856
[regir_fixed4] 1:23:07  106,020/1,000,000  21.3/s  upd=2208  L=0.0388  D=4.856
[regir_fixed4] 1:23:18  106,353/1,000,000  21.3/s  upd=2213  L=0.0336  D=4.856
[regir_fixed4] 1:23:29  106,760/1,000,000  21.3/s  upd=2217  L=0.0474  D=4.856
[regir_fixed4] 1:23:39  106,760/1,000,000  21.3/s  upd=2222  L=0.0413  D=4.856
[regir_fixed4] 1:23:50  107,206/1,000,000  21.3/s  upd=2226  L=0.0214  D=4.856
[regir_fixed4] 1:24:00  107,206/1,000,000  21.3/s  upd=2231  L=0.0271  D=4.856
[regir_fixed4] 1:24:11  107,571/1,000,000  21.3/s  upd=2236  L=0.0300  D=4.856
[regir_fixed4] 1:24:22  107,915/1,000,000  21.3/s  upd=2242  L=0.0422  D=4.856
[regir_fixed4] 1:24:33  107,915/1,000,000  21.3/s  upd=2247  L=0.0392  D=4.856
[regir_fixed4] 1:24:43  108,254/1,000,000  21.3/s  upd=2252  L=0.0337  D=4.856
[regir_fixed4] 1:24:55  108,597/1,000,000  21.3/s  upd=2257  L=0.0393  D=4.856
[regir_fixed4] 1:25:07  108,597/1,000,000  21.3/s  upd=2262  L=0.0254  D=4.856
[regir_fixed4] 1:25:17  108,932/1,000,000  21.3/s  upd=2266  L=0.0379  D=4.856
[regir_fixed4] 1:25:27  108,932/1,000,000  21.2/s  upd=2271  L=0.0440  D=4.856
[regir_fixed4] 1:25:38  109,308/1,000,000  21.3/s  upd=2275  L=0.0382  D=4.856
[regir_fixed4] 1:25:50  109,308/1,000,000  21.2/s  upd=2280  L=0.0385  D=4.856
[regir_fixed4] 1:26:02  109,714/1,000,000  21.3/s  upd=2284  L=0.0266  D=4.856
[regir_fixed4] 1:26:13  110,075/1,000,000  21.3/s  upd=2289  L=0.0430  D=4.856
[regir_fixed4] 1:26:24  110,075/1,000,000  21.2/s  upd=2294  L=0.0244  D=4.856
[regir_fixed4] 1:26:34  110,394/1,000,000  21.3/s  upd=2299  L=0.0326  D=4.856
[regir_fixed4] 1:26:45  110,394/1,000,000  21.2/s  upd=2304  L=0.0245  D=4.856
[regir_fixed4] 1:26:58  110,790/1,000,000  21.2/s  upd=2309  L=0.0372  D=4.856
[regir_fixed4] 1:27:09  111,127/1,000,000  21.2/s  upd=2314  L=0.0344  D=4.856
[regir_fixed4] 1:27:19  111,127/1,000,000  21.2/s  upd=2319  L=0.0287  D=4.856
[regir_fixed4] 1:27:30  111,511/1,000,000  21.2/s  upd=2323  L=0.0392  D=4.856
[regir_fixed4] 1:27:41  111,511/1,000,000  21.2/s  upd=2328  L=0.0292  D=4.856
[regir_fixed4] 1:27:53  111,884/1,000,000  21.2/s  upd=2333  L=0.0291  D=4.856
[regir_fixed4] saved resume t_env=111,884
[regir_fixed4] 1:28:05  112,241/1,000,000  21.2/s  upd=2338  L=0.0364  D=4.856
[regir_fixed4] 1:28:15  112,241/1,000,000  21.2/s  upd=2343  L=0.0441  D=4.856
[regir_fixed4] 1:28:27  112,604/1,000,000  21.2/s  upd=2348  L=0.0286  D=4.856
[regir_fixed4] 1:28:39  112,955/1,000,000  21.2/s  upd=2353  L=0.0503  D=4.856
[regir_fixed4] 1:28:51  112,955/1,000,000  21.2/s  upd=2359  L=0.0317  D=4.856
[regir_fixed4] 1:29:03  113,329/1,000,000  21.2/s  upd=2364  L=0.0305  D=4.856
[regir_fixed4] 1:29:13  113,329/1,000,000  21.2/s  upd=2368  L=0.0327  D=4.856
[regir_fixed4] 1:29:23  113,756/1,000,000  21.2/s  upd=2373  L=0.0303  D=4.856
[regir_fixed4] 1:29:35  114,124/1,000,000  21.2/s  upd=2378  L=0.0642  D=4.856
[regir_fixed4] 1:29:45  114,124/1,000,000  21.2/s  upd=2383  L=0.0358  D=4.856
[regir_fixed4] 1:29:57  114,475/1,000,000  21.2/s  upd=2388  L=0.0450  D=4.856
[regir_fixed4] 1:30:09  114,805/1,000,000  21.2/s  upd=2394  L=0.0373  D=4.856
[regir_fixed4] 1:30:21  114,805/1,000,000  21.2/s  upd=2400  L=0.0325  D=4.856
[regir_fixed4] 1:30:32  115,272/1,000,000  21.2/s  upd=2406  L=0.0294  D=4.856
[regir_fixed4] 1:30:43  115,657/1,000,000  21.2/s  upd=2411  L=0.0479  D=4.856
[regir_fixed4] 1:30:53  115,657/1,000,000  21.2/s  upd=2416  L=0.0495  D=4.856
[regir_fixed4] 1:31:05  116,088/1,000,000  21.2/s  upd=2421  L=0.0284  D=4.856
[regir_fixed4] 1:31:16  116,446/1,000,000  21.3/s  upd=2425  L=0.0314  D=4.856
[regir_fixed4] 1:31:27  116,446/1,000,000  21.2/s  upd=2430  L=0.0440  D=4.856
[regir_fixed4] 1:31:39  116,797/1,000,000  21.2/s  upd=2435  L=0.0263  D=4.856
[regir_fixed4] 1:31:49  116,797/1,000,000  21.2/s  upd=2440  L=0.0328  D=4.856
[regir_fixed4] 1:32:00  117,168/1,000,000  21.2/s  upd=2444  L=0.0297  D=4.856
[regir_fixed4] 1:32:10  117,168/1,000,000  21.2/s  upd=2448  L=0.0298  D=4.856
[regir_fixed4] 1:32:22  117,548/1,000,000  21.2/s  upd=2453  L=0.0272  D=4.856
[regir_fixed4] 1:32:32  117,868/1,000,000  21.2/s  upd=2458  L=0.0665  D=4.856
[regir_fixed4] 1:32:42  117,868/1,000,000  21.2/s  upd=2463  L=0.0416  D=4.856
[regir_fixed4] 1:32:54  118,189/1,000,000  21.2/s  upd=2468  L=0.0242  D=4.856
[regir_fixed4] 1:33:04  118,189/1,000,000  21.2/s  upd=2472  L=0.0377  D=4.856
[regir_fixed4] 1:33:15  118,547/1,000,000  21.2/s  upd=2477  L=0.0265  D=4.856
[regir_fixed4] 1:33:27  118,916/1,000,000  21.2/s  upd=2482  L=0.0474  D=4.856
[regir_fixed4] 1:33:37  118,916/1,000,000  21.2/s  upd=2487  L=0.0387  D=4.856
[regir_fixed4] 1:33:48  119,385/1,000,000  21.2/s  upd=2492  L=0.0388  D=4.856
[regir_fixed4] 1:33:59  119,794/1,000,000  21.2/s  upd=2497  L=0.0301  D=4.856
[regir_fixed4] 1:34:10  119,794/1,000,000  21.2/s  upd=2502  L=0.0456  D=4.856
[regir_fixed4] 1:34:21  120,181/1,000,000  21.2/s  upd=2506  L=0.0378  D=4.856
[regir_fixed4] 1:34:33  120,181/1,000,000  21.2/s  upd=2512  L=0.0273  D=4.856
[regir_fixed4] saved resume t_env=120,181
[regir_fixed4] 1:34:43  120,181/1,000,000  21.1/s  upd=2512  L=0.0273  ev=21/100  D=4.856
[regir_fixed4] 1:34:53  120,181/1,000,000  21.1/s  upd=2512  L=0.0273  ev=72/100  D=4.856
[regir_fixed4] 1:35:04  120,547/1,000,000  21.1/s  upd=2514  L=0.0262  D=4.644
[regir_fixed4] 1:35:16  120,547/1,000,000  21.1/s  upd=2519  L=0.0364  D=4.644
[regir_fixed4] 1:35:27  120,956/1,000,000  21.1/s  upd=2523  L=0.0406  D=4.644
[regir_fixed4] 1:35:38  120,956/1,000,000  21.1/s  upd=2528  L=0.0407  D=4.644
[regir_fixed4] 1:35:50  121,344/1,000,000  21.1/s  upd=2533  L=0.0286  D=4.644
[regir_fixed4] 1:36:00  121,706/1,000,000  21.1/s  upd=2537  L=0.0315  D=4.644
[regir_fixed4] 1:36:11  121,706/1,000,000  21.1/s  upd=2542  L=0.0403  D=4.644
[regir_fixed4] 1:36:22  122,063/1,000,000  21.1/s  upd=2547  L=0.0278  D=4.644
[regir_fixed4] 1:36:32  122,063/1,000,000  21.1/s  upd=2552  L=0.0417  D=4.644
[regir_fixed4] 1:36:42  122,446/1,000,000  21.1/s  upd=2556  L=0.0335  D=4.644
[regir_fixed4] 1:36:54  122,918/1,000,000  21.1/s  upd=2561  L=0.0410  D=4.644
[regir_fixed4] 1:37:05  122,918/1,000,000  21.1/s  upd=2566  L=0.0282  D=4.644
[regir_fixed4] 1:37:17  123,262/1,000,000  21.1/s  upd=2571  L=0.0307  D=4.644
[regir_fixed4] 1:37:28  123,262/1,000,000  21.1/s  upd=2576  L=0.0419  D=4.644
[regir_fixed4] 1:37:39  123,652/1,000,000  21.1/s  upd=2580  L=0.0364  D=4.644
[regir_fixed4] 1:37:50  124,001/1,000,000  21.1/s  upd=2585  L=0.0365  D=4.644
[regir_fixed4] 1:38:02  124,001/1,000,000  21.1/s  upd=2591  L=0.0308  D=4.644
[regir_fixed4] 1:38:12  124,331/1,000,000  21.1/s  upd=2595  L=0.0598  D=4.644
[regir_fixed4] 1:38:22  124,331/1,000,000  21.1/s  upd=2600  L=0.0389  D=4.644
[regir_fixed4] 1:38:33  124,712/1,000,000  21.1/s  upd=2606  L=0.0263  D=4.644
[regir_fixed4] 1:38:44  125,052/1,000,000  21.1/s  upd=2611  L=0.0351  D=4.644
[regir_fixed4] 1:38:54  125,052/1,000,000  21.1/s  upd=2616  L=0.0286  D=4.644
[regir_fixed4] 1:39:04  125,391/1,000,000  21.1/s  upd=2621  L=0.0197  D=4.644
[regir_fixed4] 1:39:16  125,712/1,000,000  21.1/s  upd=2626  L=0.0233  D=4.644
[regir_fixed4] 1:39:26  125,712/1,000,000  21.1/s  upd=2631  L=0.0414  D=4.644
[regir_fixed4] 1:39:36  126,184/1,000,000  21.1/s  upd=2635  L=0.0237  D=4.644
[regir_fixed4] 1:39:48  126,184/1,000,000  21.1/s  upd=2640  L=0.0336  D=4.644
[regir_fixed4] 1:39:59  126,505/1,000,000  21.1/s  upd=2645  L=0.0298  D=4.644
[regir_fixed4] 1:40:09  126,855/1,000,000  21.1/s  upd=2649  L=0.0434  D=4.644
[regir_fixed4] 1:40:20  126,855/1,000,000  21.1/s  upd=2655  L=0.0552  D=4.644
[regir_fixed4] 1:40:32  127,179/1,000,000  21.1/s  upd=2660  L=0.0310  D=4.644
[regir_fixed4] 1:40:44  127,505/1,000,000  21.1/s  upd=2665  L=0.0341  D=4.644
[regir_fixed4] 1:40:54  127,505/1,000,000  21.1/s  upd=2670  L=0.0323  D=4.644
[regir_fixed4] 1:41:06  127,919/1,000,000  21.1/s  upd=2675  L=0.0322  D=4.644
[regir_fixed4] 1:41:16  127,919/1,000,000  21.1/s  upd=2680  L=0.0439  D=4.644
[regir_fixed4] 1:41:27  128,276/1,000,000  21.1/s  upd=2685  L=0.0510  D=4.644
[regir_fixed4] 1:41:37  128,655/1,000,000  21.1/s  upd=2689  L=0.0433  D=4.644
[regir_fixed4] 1:41:47  128,655/1,000,000  21.1/s  upd=2694  L=0.0407  D=4.644
[regir_fixed4] 1:41:59  128,990/1,000,000  21.1/s  upd=2699  L=0.0392  D=4.644
[regir_fixed4] 1:42:09  128,990/1,000,000  21.0/s  upd=2704  L=0.0325  D=4.644
[regir_fixed4] 1:42:21  129,390/1,000,000  21.1/s  upd=2709  L=0.0355  D=4.644
[regir_fixed4] 1:42:33  129,719/1,000,000  21.1/s  upd=2714  L=0.0151  D=4.644
[regir_fixed4] 1:42:44  129,719/1,000,000  21.0/s  upd=2719  L=0.0462  D=4.644
[regir_fixed4] 1:42:57  130,037/1,000,000  21.1/s  upd=2724  L=0.0318  D=4.644
[regir_fixed4] 1:43:08  130,419/1,000,000  21.1/s  upd=2730  L=0.0282  D=4.644
[regir_fixed4] 1:43:19  130,419/1,000,000  21.0/s  upd=2735  L=0.0448  D=4.644
[regir_fixed4] 1:43:30  130,792/1,000,000  21.1/s  upd=2740  L=0.0320  D=4.644
[regir_fixed4] 1:43:40  131,098/1,000,000  21.1/s  upd=2745  L=0.0510  D=4.644
[regir_fixed4] 1:43:51  131,098/1,000,000  21.0/s  upd=2750  L=0.0305  D=4.644
[regir_fixed4] 1:44:02  131,506/1,000,000  21.1/s  upd=2754  L=0.0625  D=4.644
[regir_fixed4] 1:44:12  131,506/1,000,000  21.0/s  upd=2759  L=0.0242  D=4.644
[regir_fixed4] 1:44:23  131,943/1,000,000  21.1/s  upd=2764  L=0.0329  D=4.644
[regir_fixed4] 1:44:35  132,396/1,000,000  21.1/s  upd=2769  L=0.0232  D=4.644
[regir_fixed4] 1:44:47  132,396/1,000,000  21.1/s  upd=2774  L=0.0604  D=4.644
[regir_fixed4] saved resume t_env=132,396
[regir_fixed4] 1:44:58  132,735/1,000,000  21.1/s  upd=2778  L=0.0317  D=4.644
[regir_fixed4] 1:45:09  132,735/1,000,000  21.0/s  upd=2783  L=0.0300  D=4.644
[regir_fixed4] 1:45:19  133,063/1,000,000  21.1/s  upd=2787  L=0.0422  D=4.644
[regir_fixed4] 1:45:29  133,063/1,000,000  21.0/s  upd=2792  L=0.0434  D=4.644
[regir_fixed4] 1:45:40  133,422/1,000,000  21.0/s  upd=2797  L=0.0693  D=4.644
[regir_fixed4] 1:45:50  133,884/1,000,000  21.1/s  upd=2801  L=0.0394  D=4.644
[regir_fixed4] 1:46:00  133,884/1,000,000  21.0/s  upd=2805  L=0.0316  D=4.644
[regir_fixed4] 1:46:12  134,194/1,000,000  21.1/s  upd=2810  L=0.0424  D=4.644
[regir_fixed4] 1:46:22  134,194/1,000,000  21.0/s  upd=2815  L=0.0306  D=4.644
[regir_fixed4] 1:46:33  134,580/1,000,000  21.1/s  upd=2819  L=0.0356  D=4.644
[regir_fixed4] 1:46:43  134,580/1,000,000  21.0/s  upd=2824  L=0.0318  D=4.644
[regir_fixed4] 1:46:54  134,926/1,000,000  21.0/s  upd=2829  L=0.0485  D=4.644
[regir_fixed4] 1:47:04  135,211/1,000,000  21.0/s  upd=2834  L=0.0298  D=4.644
[regir_fixed4] 1:47:16  135,211/1,000,000  21.0/s  upd=2840  L=0.0288  D=4.644
[regir_fixed4] 1:47:26  135,480/1,000,000  21.0/s  upd=2845  L=0.0268  D=4.644
[regir_fixed4] 1:47:37  135,813/1,000,000  21.0/s  upd=2850  L=0.0488  D=4.644
[regir_fixed4] 1:47:49  135,813/1,000,000  21.0/s  upd=2856  L=0.0270  D=4.644
[regir_fixed4] 1:48:00  136,150/1,000,000  21.0/s  upd=2860  L=0.0551  D=4.644
[regir_fixed4] 1:48:11  136,487/1,000,000  21.0/s  upd=2865  L=0.0393  D=4.644
[regir_fixed4] 1:48:22  136,487/1,000,000  21.0/s  upd=2870  L=0.0286  D=4.644
[regir_fixed4] 1:48:33  136,849/1,000,000  21.0/s  upd=2875  L=0.0290  D=4.644
[regir_fixed4] 1:48:44  136,849/1,000,000  21.0/s  upd=2880  L=0.0360  D=4.644
[regir_fixed4] 1:48:55  137,175/1,000,000  21.0/s  upd=2885  L=0.0357  D=4.644
[regir_fixed4] 1:49:05  137,492/1,000,000  21.0/s  upd=2889  L=0.0257  D=4.644
[regir_fixed4] 1:49:16  137,492/1,000,000  21.0/s  upd=2894  L=0.0315  D=4.644
[regir_fixed4] 1:49:27  137,877/1,000,000  21.0/s  upd=2899  L=0.0335  D=4.644
[regir_fixed4] 1:49:38  137,877/1,000,000  21.0/s  upd=2904  L=0.0265  D=4.644
[regir_fixed4] 1:49:49  138,249/1,000,000  21.0/s  upd=2909  L=0.0341  D=4.644
[regir_fixed4] 1:50:00  138,614/1,000,000  21.0/s  upd=2914  L=0.0494  D=4.644
[regir_fixed4] 1:50:10  138,614/1,000,000  21.0/s  upd=2919  L=0.0560  D=4.644
[regir_fixed4] 1:50:20  138,990/1,000,000  21.0/s  upd=2924  L=0.0334  D=4.644
[regir_fixed4] 1:50:30  138,990/1,000,000  21.0/s  upd=2928  L=0.0284  D=4.644
[regir_fixed4] 1:50:41  139,335/1,000,000  21.0/s  upd=2933  L=0.0270  D=4.644
[regir_fixed4] 1:50:53  139,675/1,000,000  21.0/s  upd=2938  L=0.0495  D=4.644
[regir_fixed4] 1:51:04  139,675/1,000,000  21.0/s  upd=2943  L=0.0458  D=4.644
[regir_fixed4] 1:51:15  140,088/1,000,000  21.0/s  upd=2948  L=0.0573  D=4.644
[regir_fixed4] saved resume t_env=140,088
[regir_fixed4] 1:51:27  140,088/1,000,000  20.9/s  upd=2952  L=0.0618  ev=0/100  D=4.644
[regir_fixed4] 1:51:37  140,088/1,000,000  20.9/s  upd=2952  L=0.0618  ev=56/100  D=4.644
[regir_fixed4] 1:51:47  140,088/1,000,000  20.9/s  upd=2952  L=0.0618  D=2.449
[regir_fixed4] 1:51:58  140,408/1,000,000  20.9/s  upd=2957  L=0.0378  D=2.449
[regir_fixed4] 1:52:10  140,780/1,000,000  20.9/s  upd=2962  L=0.0288  D=2.449
[regir_fixed4] 1:52:20  140,780/1,000,000  20.9/s  upd=2967  L=0.0237  D=2.449
[regir_fixed4] 1:52:31  141,226/1,000,000  20.9/s  upd=2971  L=0.0431  D=2.449
[regir_fixed4] 1:52:42  141,226/1,000,000  20.9/s  upd=2976  L=0.0638  D=2.449
[regir_fixed4] 1:52:54  141,568/1,000,000  20.9/s  upd=2981  L=0.0417  D=2.449
[regir_fixed4] 1:53:04  141,967/1,000,000  20.9/s  upd=2985  L=0.0402  D=2.449
[regir_fixed4] 1:53:14  141,967/1,000,000  20.9/s  upd=2990  L=0.0473  D=2.449
[regir_fixed4] 1:53:26  142,305/1,000,000  20.9/s  upd=2995  L=0.0393  D=2.449
[regir_fixed4] 1:53:36  142,305/1,000,000  20.9/s  upd=3000  L=0.0598  D=2.449
[regir_fixed4] 1:53:47  142,612/1,000,000  20.9/s  upd=3005  L=0.0483  D=2.449
[regir_fixed4] 1:53:58  142,931/1,000,000  20.9/s  upd=3011  L=0.0363  D=2.449
[regir_fixed4] 1:54:09  142,931/1,000,000  20.9/s  upd=3016  L=0.0491  D=2.449
[regir_fixed4] 1:54:20  143,291/1,000,000  20.9/s  upd=3021  L=0.0363  D=2.449
[regir_fixed4] 1:54:32  143,647/1,000,000  20.9/s  upd=3026  L=0.0343  D=2.449
[regir_fixed4] 1:54:43  143,647/1,000,000  20.9/s  upd=3032  L=0.0439  D=2.449
[regir_fixed4] 1:54:55  143,969/1,000,000  20.9/s  upd=3037  L=0.0346  D=2.449
[regir_fixed4] 1:55:07  144,287/1,000,000  20.9/s  upd=3042  L=0.0348  D=2.449
[regir_fixed4] 1:55:17  144,287/1,000,000  20.9/s  upd=3047  L=0.0400  D=2.449
[regir_fixed4] 1:55:29  144,594/1,000,000  20.9/s  upd=3052  L=0.0351  D=2.449
[regir_fixed4] 1:55:40  144,901/1,000,000  20.9/s  upd=3058  L=0.0394  D=2.449
[regir_fixed4] 1:55:51  144,901/1,000,000  20.8/s  upd=3064  L=0.0383  D=2.449
[regir_fixed4] 1:56:02  145,269/1,000,000  20.9/s  upd=3070  L=0.0313  D=2.449
[regir_fixed4] 1:56:13  145,601/1,000,000  20.9/s  upd=3075  L=0.0404  D=2.449
[regir_fixed4] 1:56:23  145,601/1,000,000  20.9/s  upd=3080  L=0.0330  D=2.449
[regir_fixed4] 1:56:34  145,955/1,000,000  20.9/s  upd=3085  L=0.0485  D=2.449
[regir_fixed4] 1:56:45  146,317/1,000,000  20.9/s  upd=3090  L=0.0330  D=2.449
[regir_fixed4] 1:56:57  146,317/1,000,000  20.9/s  upd=3096  L=0.0293  D=2.449
[regir_fixed4] 1:57:07  146,650/1,000,000  20.9/s  upd=3100  L=0.0347  D=2.449
[regir_fixed4] 1:57:19  146,947/1,000,000  20.9/s  upd=3105  L=0.0314  D=2.449
[regir_fixed4] 1:57:29  146,947/1,000,000  20.8/s  upd=3110  L=0.0442  D=2.449
[regir_fixed4] 1:57:41  147,278/1,000,000  20.9/s  upd=3115  L=0.0245  D=2.449
[regir_fixed4] 1:57:52  147,278/1,000,000  20.8/s  upd=3120  L=0.0426  D=2.449
[regir_fixed4] 1:58:04  147,608/1,000,000  20.8/s  upd=3126  L=0.0470  D=2.449
[regir_fixed4] 1:58:15  147,969/1,000,000  20.9/s  upd=3131  L=0.0271  D=2.449
[regir_fixed4] 1:58:25  147,969/1,000,000  20.8/s  upd=3136  L=0.0465  D=2.449
[regir_fixed4] 1:58:36  148,333/1,000,000  20.8/s  upd=3142  L=0.0371  D=2.449
[regir_fixed4] 1:58:48  148,720/1,000,000  20.9/s  upd=3147  L=0.0307  D=2.449
[regir_fixed4] 1:58:59  148,720/1,000,000  20.8/s  upd=3152  L=0.0335  D=2.449
[regir_fixed4] 1:59:11  149,123/1,000,000  20.9/s  upd=3157  L=0.0353  D=2.449
[regir_fixed4] 1:59:22  149,470/1,000,000  20.9/s  upd=3162  L=0.0399  D=2.449
[regir_fixed4] 1:59:35  149,470/1,000,000  20.8/s  upd=3168  L=0.0534  D=2.449
[regir_fixed4] 1:59:45  149,798/1,000,000  20.8/s  upd=3173  L=0.0284  D=2.449
[regir_fixed4] 1:59:58  150,133/1,000,000  20.9/s  upd=3178  L=0.0541  D=2.449
[regir_fixed4] 2:00:08  150,133/1,000,000  20.8/s  upd=3183  L=0.0592  D=2.449
[regir_fixed4] 2:00:19  150,556/1,000,000  20.9/s  upd=3187  L=0.0621  D=2.449
[regir_fixed4] 2:00:30  150,556/1,000,000  20.8/s  upd=3192  L=0.0328  D=2.449
[regir_fixed4] 2:00:41  150,888/1,000,000  20.8/s  upd=3196  L=0.0543  D=2.449
[regir_fixed4] 2:00:51  150,888/1,000,000  20.8/s  upd=3200  L=0.0422  D=2.449
[regir_fixed4] 2:01:01  151,165/1,000,000  20.8/s  upd=3204  L=0.0408  D=2.449
[regir_fixed4] 2:01:12  151,482/1,000,000  20.8/s  upd=3209  L=0.0446  D=2.449
[regir_fixed4] 2:01:23  151,482/1,000,000  20.8/s  upd=3215  L=0.0511  D=2.449
[regir_fixed4] saved resume t_env=151,482
[regir_fixed4] 2:01:34  151,903/1,000,000  20.8/s  upd=3218  L=0.0442  D=2.449
[regir_fixed4] 2:01:44  151,903/1,000,000  20.8/s  upd=3223  L=0.0372  D=2.449
[regir_fixed4] 2:01:56  152,171/1,000,000  20.8/s  upd=3228  L=0.0379  D=2.449
[regir_fixed4] 2:02:07  152,508/1,000,000  20.8/s  upd=3233  L=0.0454  D=2.449
[regir_fixed4] 2:02:18  152,508/1,000,000  20.8/s  upd=3238  L=0.0427  D=2.449
[regir_fixed4] 2:02:29  152,786/1,000,000  20.8/s  upd=3243  L=0.0439  D=2.449
[regir_fixed4] 2:02:39  152,786/1,000,000  20.8/s  upd=3248  L=0.0521  D=2.449
[regir_fixed4] 2:02:50  153,096/1,000,000  20.8/s  upd=3253  L=0.0618  D=2.449
[regir_fixed4] 2:03:01  153,409/1,000,000  20.8/s  upd=3259  L=0.0364  D=2.449
[regir_fixed4] 2:03:11  153,409/1,000,000  20.8/s  upd=3264  L=0.0375  D=2.449
[regir_fixed4] 2:03:22  153,777/1,000,000  20.8/s  upd=3268  L=0.0510  D=2.449
[regir_fixed4] 2:03:32  154,097/1,000,000  20.8/s  upd=3273  L=0.0414  D=2.449
[regir_fixed4] 2:03:44  154,097/1,000,000  20.8/s  upd=3279  L=0.0421  D=2.449
[regir_fixed4] 2:03:56  154,440/1,000,000  20.8/s  upd=3284  L=0.0409  D=2.449
[regir_fixed4] 2:04:06  154,804/1,000,000  20.8/s  upd=3289  L=0.0232  D=2.449
[regir_fixed4] 2:04:17  154,804/1,000,000  20.8/s  upd=3296  L=0.0363  D=2.449
[regir_fixed4] 2:04:28  155,133/1,000,000  20.8/s  upd=3302  L=0.0342  D=2.449
[regir_fixed4] 2:04:40  155,534/1,000,000  20.8/s  upd=3308  L=0.0324  D=2.449
[regir_fixed4] 2:04:52  155,968/1,000,000  20.8/s  upd=3313  L=0.0267  D=2.449
[regir_fixed4] 2:05:02  155,968/1,000,000  20.8/s  upd=3319  L=0.0386  D=2.449
[regir_fixed4] 2:05:13  156,313/1,000,000  20.8/s  upd=3324  L=0.0278  D=2.449
[regir_fixed4] 2:05:24  156,731/1,000,000  20.8/s  upd=3329  L=0.0226  D=2.449
[regir_fixed4] 2:05:36  156,731/1,000,000  20.8/s  upd=3334  L=0.0569  D=2.449
[regir_fixed4] 2:05:47  157,060/1,000,000  20.8/s  upd=3339  L=0.0529  D=2.449
[regir_fixed4] 2:05:58  157,060/1,000,000  20.8/s  upd=3344  L=0.0453  D=2.449
[regir_fixed4] 2:06:10  157,367/1,000,000  20.8/s  upd=3349  L=0.0586  D=2.449
[regir_fixed4] 2:06:22  157,703/1,000,000  20.8/s  upd=3355  L=0.0353  D=2.449
[regir_fixed4] 2:06:32  157,703/1,000,000  20.8/s  upd=3360  L=0.0370  D=2.449
[regir_fixed4] 2:06:43  158,136/1,000,000  20.8/s  upd=3365  L=0.0370  D=2.449
[regir_fixed4] 2:06:54  158,441/1,000,000  20.8/s  upd=3370  L=0.0294  D=2.449
[regir_fixed4] 2:07:06  158,441/1,000,000  20.8/s  upd=3376  L=0.0462  D=2.449
[regir_fixed4] 2:07:17  158,844/1,000,000  20.8/s  upd=3380  L=0.0275  D=2.449
[regir_fixed4] 2:07:28  159,137/1,000,000  20.8/s  upd=3385  L=0.0215  D=2.449
[regir_fixed4] 2:07:38  159,137/1,000,000  20.8/s  upd=3390  L=0.0303  D=2.449
[regir_fixed4] 2:07:49  159,456/1,000,000  20.8/s  upd=3394  L=0.0442  D=2.449
[regir_fixed4] 2:08:00  159,456/1,000,000  20.8/s  upd=3400  L=0.0554  D=2.449
[regir_fixed4] 2:08:11  159,837/1,000,000  20.8/s  upd=3404  L=0.0513  D=2.449
[regir_fixed4] 2:08:22  160,220/1,000,000  20.8/s  upd=3409  L=0.0414  D=2.449
[regir_fixed4] 2:08:33  160,220/1,000,000  20.8/s  upd=3415  L=0.0423  D=2.449
[regir_fixed4] saved resume t_env=160,220
[regir_fixed4] 2:08:43  160,220/1,000,000  20.7/s  upd=3416  L=0.0443  ev=15/100  D=2.449
[regir_fixed4] 2:08:53  160,220/1,000,000  20.7/s  upd=3416  L=0.0443  ev=67/100  D=2.449
[regir_fixed4] 2:09:04  160,561/1,000,000  20.7/s  upd=3418  L=0.0280  D=1.926
[regir_fixed4] 2:09:14  160,561/1,000,000  20.7/s  upd=3423  L=0.0397  D=1.926
[regir_fixed4] 2:09:26  160,878/1,000,000  20.7/s  upd=3428  L=0.0512  D=1.926
[regir_fixed4] 2:09:36  160,878/1,000,000  20.7/s  upd=3432  L=0.0465  D=1.926
[regir_fixed4] 2:09:47  161,271/1,000,000  20.7/s  upd=3437  L=0.0317  D=1.926
[regir_fixed4] 2:09:58  161,589/1,000,000  20.7/s  upd=3442  L=0.0485  D=1.926
[regir_fixed4] 2:10:09  161,589/1,000,000  20.7/s  upd=3447  L=0.0652  D=1.926
[regir_fixed4] 2:10:20  161,943/1,000,000  20.7/s  upd=3452  L=0.0297  D=1.926
[regir_fixed4] 2:10:31  162,298/1,000,000  20.7/s  upd=3457  L=0.0482  D=1.926
[regir_fixed4] 2:10:41  162,298/1,000,000  20.7/s  upd=3462  L=0.0500  D=1.926
[regir_fixed4] 2:10:52  162,689/1,000,000  20.7/s  upd=3467  L=0.0385  D=1.926
[regir_fixed4] 2:11:04  162,689/1,000,000  20.7/s  upd=3472  L=0.0542  D=1.926
[regir_fixed4] 2:11:14  163,002/1,000,000  20.7/s  upd=3477  L=0.0470  D=1.926
[regir_fixed4] 2:11:24  163,384/1,000,000  20.7/s  upd=3481  L=0.0381  D=1.926
[regir_fixed4] 2:11:35  163,384/1,000,000  20.7/s  upd=3487  L=0.0367  D=1.926
[regir_fixed4] 2:11:46  163,763/1,000,000  20.7/s  upd=3492  L=0.0281  D=1.926
[regir_fixed4] 2:11:58  164,091/1,000,000  20.7/s  upd=3497  L=0.0484  D=1.926
[regir_fixed4] 2:12:08  164,091/1,000,000  20.7/s  upd=3503  L=0.0341  D=1.926
[regir_fixed4] 2:12:19  164,383/1,000,000  20.7/s  upd=3508  L=0.0470  D=1.926
[regir_fixed4] 2:12:29  164,383/1,000,000  20.7/s  upd=3512  L=0.0433  D=1.926
[regir_fixed4] 2:12:40  164,827/1,000,000  20.7/s  upd=3517  L=0.0410  D=1.926
[regir_fixed4] 2:12:52  165,164/1,000,000  20.7/s  upd=3523  L=0.0320  D=1.926
[regir_fixed4] 2:13:03  165,474/1,000,000  20.7/s  upd=3529  L=0.0297  D=1.926
[regir_fixed4] 2:13:14  165,474/1,000,000  20.7/s  upd=3535  L=0.0372  D=1.926
[regir_fixed4] 2:13:24  165,814/1,000,000  20.7/s  upd=3540  L=0.0326  D=1.926
[regir_fixed4] 2:13:35  166,180/1,000,000  20.7/s  upd=3545  L=0.0296  D=1.926
[regir_fixed4] 2:13:45  166,180/1,000,000  20.7/s  upd=3550  L=0.0373  D=1.926
[regir_fixed4] 2:13:56  166,514/1,000,000  20.7/s  upd=3555  L=0.0366  D=1.926
[regir_fixed4] 2:14:07  166,514/1,000,000  20.7/s  upd=3560  L=0.0369  D=1.926
[regir_fixed4] 2:14:18  166,873/1,000,000  20.7/s  upd=3565  L=0.0312  D=1.926
[regir_fixed4] 2:14:28  167,183/1,000,000  20.7/s  upd=3569  L=0.0316  D=1.926
[regir_fixed4] 2:14:39  167,183/1,000,000  20.7/s  upd=3575  L=0.0676  D=1.926
[regir_fixed4] 2:14:51  167,471/1,000,000  20.7/s  upd=3580  L=0.0337  D=1.926
[regir_fixed4] 2:15:01  167,471/1,000,000  20.7/s  upd=3584  L=0.0527  D=1.926
[regir_fixed4] 2:15:12  167,856/1,000,000  20.7/s  upd=3589  L=0.0454  D=1.926
[regir_fixed4] 2:15:24  168,217/1,000,000  20.7/s  upd=3594  L=0.0459  D=1.926
[regir_fixed4] 2:15:35  168,217/1,000,000  20.7/s  upd=3599  L=0.0336  D=1.926
[regir_fixed4] 2:15:46  168,572/1,000,000  20.7/s  upd=3604  L=0.0354  D=1.926
[regir_fixed4] 2:15:57  168,941/1,000,000  20.7/s  upd=3609  L=0.0383  D=1.926
[regir_fixed4] 2:16:08  168,941/1,000,000  20.7/s  upd=3614  L=0.0565  D=1.926
[regir_fixed4] 2:16:18  169,249/1,000,000  20.7/s  upd=3619  L=0.0518  D=1.926
[regir_fixed4] 2:16:29  169,249/1,000,000  20.7/s  upd=3624  L=0.0491  D=1.926
[regir_fixed4] 2:16:41  169,598/1,000,000  20.7/s  upd=3629  L=0.0390  D=1.926
[regir_fixed4] 2:16:52  169,961/1,000,000  20.7/s  upd=3635  L=0.0500  D=1.926
[regir_fixed4] 2:17:03  169,961/1,000,000  20.7/s  upd=3640  L=0.0361  D=1.926
[regir_fixed4] 2:17:15  170,266/1,000,000  20.7/s  upd=3645  L=0.0423  D=1.926
[regir_fixed4] 2:17:25  170,621/1,000,000  20.7/s  upd=3650  L=0.0345  D=1.926
[regir_fixed4] 2:17:37  170,621/1,000,000  20.7/s  upd=3655  L=0.0514  D=1.926
[regir_fixed4] 2:17:48  170,979/1,000,000  20.7/s  upd=3659  L=0.0686  D=1.926
[regir_fixed4] 2:17:58  170,979/1,000,000  20.7/s  upd=3664  L=0.0376  D=1.926
[regir_fixed4] 2:18:10  171,327/1,000,000  20.7/s  upd=3669  L=0.0282  D=1.926
[regir_fixed4] 2:18:22  171,666/1,000,000  20.7/s  upd=3674  L=0.0292  D=1.926
[regir_fixed4] 2:18:33  171,666/1,000,000  20.6/s  upd=3680  L=0.0310  D=1.926
[regir_fixed4] 2:18:43  171,993/1,000,000  20.7/s  upd=3685  L=0.0478  D=1.926
[regir_fixed4] saved resume t_env=171,993
[regir_fixed4] 2:18:55  172,301/1,000,000  20.7/s  upd=3690  L=0.1023  D=1.926
[regir_fixed4] 2:19:06  172,301/1,000,000  20.6/s  upd=3695  L=0.0314  D=1.926
[regir_fixed4] 2:19:17  172,645/1,000,000  20.7/s  upd=3700  L=0.0448  D=1.926
[regir_fixed4] 2:19:29  173,048/1,000,000  20.7/s  upd=3705  L=0.0423  D=1.926
[regir_fixed4] 2:19:40  173,048/1,000,000  20.6/s  upd=3711  L=0.0375  D=1.926
[regir_fixed4] 2:19:51  173,396/1,000,000  20.7/s  upd=3715  L=0.0357  D=1.926
[regir_fixed4] 2:20:01  173,396/1,000,000  20.6/s  upd=3720  L=0.0333  D=1.926
[regir_fixed4] 2:20:12  173,704/1,000,000  20.6/s  upd=3725  L=0.0433  D=1.926
[regir_fixed4] 2:20:24  174,070/1,000,000  20.7/s  upd=3730  L=0.0461  D=1.926
[regir_fixed4] 2:20:35  174,070/1,000,000  20.6/s  upd=3735  L=0.0297  D=1.926
[regir_fixed4] 2:20:46  174,466/1,000,000  20.7/s  upd=3740  L=0.0258  D=1.926
[regir_fixed4] 2:20:57  174,799/1,000,000  20.7/s  upd=3745  L=0.0516  D=1.926
[regir_fixed4] 2:21:08  174,799/1,000,000  20.6/s  upd=3750  L=0.0540  D=1.926
[regir_fixed4] 2:21:20  175,146/1,000,000  20.7/s  upd=3755  L=0.0507  D=1.926
[regir_fixed4] 2:21:30  175,146/1,000,000  20.6/s  upd=3760  L=0.0376  D=1.926
[regir_fixed4] 2:21:41  175,509/1,000,000  20.6/s  upd=3766  L=0.0323  D=1.926
[regir_fixed4] 2:21:53  175,824/1,000,000  20.7/s  upd=3772  L=0.0313  D=1.926
[regir_fixed4] 2:22:05  176,127/1,000,000  20.7/s  upd=3778  L=0.0313  D=1.926
[regir_fixed4] 2:22:16  176,127/1,000,000  20.6/s  upd=3784  L=0.0323  D=1.926
[regir_fixed4] 2:22:28  176,446/1,000,000  20.6/s  upd=3789  L=0.0424  D=1.926
[regir_fixed4] 2:22:40  176,777/1,000,000  20.7/s  upd=3794  L=0.0625  D=1.926
[regir_fixed4] 2:22:50  176,777/1,000,000  20.6/s  upd=3799  L=0.0403  D=1.926
[regir_fixed4] 2:23:02  177,105/1,000,000  20.6/s  upd=3804  L=0.0484  D=1.926
[regir_fixed4] 2:23:13  177,478/1,000,000  20.7/s  upd=3809  L=0.0430  D=1.926
[regir_fixed4] 2:23:23  177,478/1,000,000  20.6/s  upd=3814  L=0.0416  D=1.926
[regir_fixed4] 2:23:34  177,812/1,000,000  20.6/s  upd=3819  L=0.0358  D=1.926
[regir_fixed4] 2:23:46  177,812/1,000,000  20.6/s  upd=3824  L=0.0308  D=1.926
[regir_fixed4] 2:23:58  178,154/1,000,000  20.6/s  upd=3829  L=0.0470  D=1.926
[regir_fixed4] 2:24:08  178,565/1,000,000  20.6/s  upd=3833  L=0.0328  D=1.926
[regir_fixed4] 2:24:19  178,565/1,000,000  20.6/s  upd=3839  L=0.0738  D=1.926
[regir_fixed4] 2:24:30  178,857/1,000,000  20.6/s  upd=3844  L=0.0302  D=1.926
[regir_fixed4] 2:24:42  179,222/1,000,000  20.6/s  upd=3850  L=0.0369  D=1.926
[regir_fixed4] 2:24:54  179,222/1,000,000  20.6/s  upd=3856  L=0.0507  D=1.926
[regir_fixed4] 2:25:05  179,580/1,000,000  20.6/s  upd=3861  L=0.0289  D=1.926
[regir_fixed4] 2:25:17  179,849/1,000,000  20.6/s  upd=3867  L=0.0391  D=1.926
[regir_fixed4] 2:25:28  179,849/1,000,000  20.6/s  upd=3872  L=0.0388  D=1.926
[regir_fixed4] 2:25:39  180,179/1,000,000  20.6/s  upd=3877  L=0.0361  D=1.926
[regir_fixed4] saved resume t_env=180,179
[regir_fixed4] 2:25:51  180,179/1,000,000  20.6/s  upd=3880  L=0.0385  ev=0/100  D=1.926
[regir_fixed4] 2:26:01  180,179/1,000,000  20.6/s  upd=3880  L=0.0385  ev=60/100  D=1.926
[regir_fixed4] 2:26:12  180,480/1,000,000  20.6/s  upd=3882  L=0.0440  D=1.816
[regir_fixed4] 2:26:23  180,480/1,000,000  20.5/s  upd=3887  L=0.0311  D=1.816
[regir_fixed4] 2:26:33  180,821/1,000,000  20.6/s  upd=3891  L=0.0280  D=1.816
[regir_fixed4] 2:26:43  180,821/1,000,000  20.5/s  upd=3896  L=0.0383  D=1.816
[regir_fixed4] 2:26:55  181,187/1,000,000  20.6/s  upd=3901  L=0.0659  D=1.816
[regir_fixed4] 2:27:06  181,500/1,000,000  20.6/s  upd=3906  L=0.0455  D=1.816
[regir_fixed4] 2:27:16  181,500/1,000,000  20.5/s  upd=3911  L=0.0272  D=1.816
[regir_fixed4] 2:27:27  181,788/1,000,000  20.5/s  upd=3916  L=0.0383  D=1.816
[regir_fixed4] 2:27:38  182,110/1,000,000  20.6/s  upd=3921  L=0.0461  D=1.816
[regir_fixed4] 2:27:48  182,110/1,000,000  20.5/s  upd=3926  L=0.0251  D=1.816
[regir_fixed4] 2:28:00  182,568/1,000,000  20.6/s  upd=3931  L=0.0312  D=1.816
[regir_fixed4] 2:28:12  182,568/1,000,000  20.5/s  upd=3936  L=0.0330  D=1.816
[regir_fixed4] 2:28:23  182,900/1,000,000  20.5/s  upd=3942  L=0.0425  D=1.816
[regir_fixed4] 2:28:35  183,268/1,000,000  20.6/s  upd=3947  L=0.0254  D=1.816
[regir_fixed4] 2:28:45  183,268/1,000,000  20.5/s  upd=3952  L=0.0429  D=1.816
[regir_fixed4] 2:28:56  183,592/1,000,000  20.5/s  upd=3957  L=0.0355  D=1.816
[regir_fixed4] 2:29:06  183,888/1,000,000  20.6/s  upd=3962  L=0.0470  D=1.816
[regir_fixed4] 2:29:17  183,888/1,000,000  20.5/s  upd=3967  L=0.0357  D=1.816
[regir_fixed4] 2:29:28  184,227/1,000,000  20.5/s  upd=3972  L=0.0347  D=1.816
[regir_fixed4] 2:29:38  184,227/1,000,000  20.5/s  upd=3976  L=0.0381  D=1.816
[regir_fixed4] 2:29:49  184,608/1,000,000  20.5/s  upd=3981  L=0.0363  D=1.816
[regir_fixed4] 2:30:00  184,957/1,000,000  20.5/s  upd=3986  L=0.0495  D=1.816
[regir_fixed4] 2:30:10  184,957/1,000,000  20.5/s  upd=3992  L=0.0360  D=1.816
[regir_fixed4] 2:30:21  185,310/1,000,000  20.5/s  upd=3997  L=0.0265  D=1.816
[regir_fixed4] 2:30:33  185,642/1,000,000  20.6/s  upd=4003  L=0.0392  D=1.816
[regir_fixed4] 2:30:45  185,935/1,000,000  20.6/s  upd=4009  L=0.0421  D=1.816
[regir_fixed4] 2:30:57  185,935/1,000,000  20.5/s  upd=4015  L=0.0310  D=1.816
[regir_fixed4] 2:31:07  186,251/1,000,000  20.5/s  upd=4020  L=0.0390  D=1.816
[regir_fixed4] 2:31:17  186,251/1,000,000  20.5/s  upd=4024  L=0.0442  D=1.816
[regir_fixed4] 2:31:29  186,568/1,000,000  20.5/s  upd=4030  L=0.0273  D=1.816
[regir_fixed4] 2:31:40  186,869/1,000,000  20.5/s  upd=4035  L=0.0539  D=1.816
[regir_fixed4] 2:31:50  186,869/1,000,000  20.5/s  upd=4040  L=0.0372  D=1.816
[regir_fixed4] 2:32:02  187,169/1,000,000  20.5/s  upd=4046  L=0.0211  D=1.816
[regir_fixed4] 2:32:12  187,492/1,000,000  20.5/s  upd=4051  L=0.0459  D=1.816
[regir_fixed4] 2:32:22  187,492/1,000,000  20.5/s  upd=4056  L=0.0446  D=1.816
[regir_fixed4] 2:32:33  187,857/1,000,000  20.5/s  upd=4061  L=0.0434  D=1.816
[regir_fixed4] 2:32:44  188,209/1,000,000  20.5/s  upd=4066  L=0.0332  D=1.816
[regir_fixed4] 2:32:55  188,209/1,000,000  20.5/s  upd=4071  L=0.0257  D=1.816
[regir_fixed4] 2:33:06  188,515/1,000,000  20.5/s  upd=4076  L=0.0471  D=1.816
[regir_fixed4] 2:33:16  188,814/1,000,000  20.5/s  upd=4081  L=0.0562  D=1.816
[regir_fixed4] 2:33:27  188,814/1,000,000  20.5/s  upd=4087  L=0.0367  D=1.816
[regir_fixed4] 2:33:37  189,257/1,000,000  20.5/s  upd=4091  L=0.0345  D=1.816
[regir_fixed4] 2:33:48  189,257/1,000,000  20.5/s  upd=4096  L=0.0276  D=1.816
[regir_fixed4] 2:33:59  189,620/1,000,000  20.5/s  upd=4101  L=0.0441  D=1.816
[regir_fixed4] 2:34:09  190,025/1,000,000  20.5/s  upd=4105  L=0.0357  D=1.816
[regir_fixed4] 2:34:20  190,025/1,000,000  20.5/s  upd=4110  L=0.0490  D=1.816
[regir_fixed4] 2:34:32  190,338/1,000,000  20.5/s  upd=4115  L=0.0297  D=1.816
[regir_fixed4] 2:34:42  190,338/1,000,000  20.5/s  upd=4120  L=0.0335  D=1.816
[regir_fixed4] 2:34:52  190,676/1,000,000  20.5/s  upd=4125  L=0.0335  D=1.816
[regir_fixed4] 2:35:03  190,952/1,000,000  20.5/s  upd=4130  L=0.0412  D=1.816
[regir_fixed4] 2:35:13  190,952/1,000,000  20.5/s  upd=4135  L=0.0264  D=1.816
[regir_fixed4] 2:35:25  191,281/1,000,000  20.5/s  upd=4140  L=0.0494  D=1.816
[regir_fixed4] 2:35:35  191,579/1,000,000  20.5/s  upd=4145  L=0.0464  D=1.816
[regir_fixed4] 2:35:47  191,579/1,000,000  20.5/s  upd=4152  L=0.0451  D=1.816
[regir_fixed4] 2:35:58  191,849/1,000,000  20.5/s  upd=4157  L=0.0324  D=1.816
[regir_fixed4] saved resume t_env=191,849
[regir_fixed4] 2:36:08  191,849/1,000,000  20.5/s  upd=4160  L=0.0361  D=1.816
[regir_fixed4] 2:36:19  192,197/1,000,000  20.5/s  upd=4166  L=0.0394  D=1.816
[regir_fixed4] 2:36:30  192,549/1,000,000  20.5/s  upd=4171  L=0.0210  D=1.816
[regir_fixed4] 2:36:41  192,549/1,000,000  20.5/s  upd=4176  L=0.0211  D=1.816
[regir_fixed4] 2:36:51  192,895/1,000,000  20.5/s  upd=4180  L=0.0408  D=1.816
[regir_fixed4] 2:37:01  192,895/1,000,000  20.5/s  upd=4184  L=0.0255  D=1.816
[regir_fixed4] 2:37:12  193,227/1,000,000  20.5/s  upd=4189  L=0.0398  D=1.816
[regir_fixed4] 2:37:23  193,522/1,000,000  20.5/s  upd=4194  L=0.0357  D=1.816
[regir_fixed4] 2:37:35  193,522/1,000,000  20.5/s  upd=4199  L=0.0425  D=1.816
[regir_fixed4] 2:37:45  193,822/1,000,000  20.5/s  upd=4205  L=0.0337  D=1.816
[regir_fixed4] 2:37:56  194,184/1,000,000  20.5/s  upd=4210  L=0.0464  D=1.816
[regir_fixed4] 2:38:07  194,184/1,000,000  20.5/s  upd=4215  L=0.0459  D=1.816
[regir_fixed4] 2:38:18  194,509/1,000,000  20.5/s  upd=4220  L=0.0660  D=1.816
[regir_fixed4] 2:38:30  194,888/1,000,000  20.5/s  upd=4225  L=0.0357  D=1.816
[regir_fixed4] 2:38:40  194,888/1,000,000  20.5/s  upd=4230  L=0.0317  D=1.816
[regir_fixed4] 2:38:50  195,166/1,000,000  20.5/s  upd=4235  L=0.0310  D=1.816
[regir_fixed4] 2:39:01  195,475/1,000,000  20.5/s  upd=4241  L=0.0291  D=1.816
[regir_fixed4] 2:39:11  195,475/1,000,000  20.5/s  upd=4248  L=0.0472  D=1.816
[regir_fixed4] 2:39:22  195,789/1,000,000  20.5/s  upd=4255  L=0.0369  D=1.816
[regir_fixed4] 2:39:33  196,113/1,000,000  20.5/s  upd=4261  L=0.0354  D=1.816
[regir_fixed4] 2:39:45  196,468/1,000,000  20.5/s  upd=4266  L=0.0332  D=1.816
[regir_fixed4] 2:39:56  196,468/1,000,000  20.5/s  upd=4272  L=0.0448  D=1.816
[regir_fixed4] 2:40:07  196,866/1,000,000  20.5/s  upd=4277  L=0.0480  D=1.816
[regir_fixed4] 2:40:18  197,169/1,000,000  20.5/s  upd=4282  L=0.0241  D=1.816
[regir_fixed4] 2:40:28  197,169/1,000,000  20.5/s  upd=4288  L=0.0332  D=1.816
[regir_fixed4] 2:40:40  197,506/1,000,000  20.5/s  upd=4293  L=0.0288  D=1.816
[regir_fixed4] 2:40:51  197,796/1,000,000  20.5/s  upd=4298  L=0.0404  D=1.816
[regir_fixed4] 2:41:02  197,796/1,000,000  20.5/s  upd=4303  L=0.0388  D=1.816
[regir_fixed4] 2:41:14  198,163/1,000,000  20.5/s  upd=4309  L=0.0627  D=1.816
[regir_fixed4] 2:41:26  198,589/1,000,000  20.5/s  upd=4313  L=0.0404  D=1.816
[regir_fixed4] 2:41:38  198,589/1,000,000  20.5/s  upd=4320  L=0.0242  D=1.816
[regir_fixed4] 2:41:50  198,938/1,000,000  20.5/s  upd=4325  L=0.0196  D=1.816
[regir_fixed4] 2:42:00  199,276/1,000,000  20.5/s  upd=4330  L=0.0485  D=1.816
[regir_fixed4] 2:42:11  199,276/1,000,000  20.5/s  upd=4335  L=0.0203  D=1.816
[regir_fixed4] 2:42:21  199,596/1,000,000  20.5/s  upd=4340  L=0.0245  D=1.816
[regir_fixed4] 2:42:33  199,880/1,000,000  20.5/s  upd=4345  L=0.0369  D=1.816
[regir_fixed4] 2:42:43  199,880/1,000,000  20.5/s  upd=4350  L=0.0295  D=1.816
[regir_fixed4] 2:42:54  200,279/1,000,000  20.5/s  upd=4356  L=0.0347  D=1.816
[regir_fixed4] saved resume t_env=200,279
[regir_fixed4] 2:43:08  200,279/1,000,000  20.5/s  upd=4360  L=0.0540  ev=0/100  D=1.816
[regir_fixed4] 2:43:18  200,279/1,000,000  20.4/s  upd=4360  L=0.0540  ev=63/100  D=1.816
[regir_fixed4] 2:43:29  200,615/1,000,000  20.5/s  upd=4362  L=0.0485  D=2.218
[regir_fixed4] 2:43:40  200,615/1,000,000  20.4/s  upd=4368  L=0.0400  D=2.218
[regir_fixed4] 2:43:51  200,904/1,000,000  20.4/s  upd=4373  L=0.0343  D=2.218
[regir_fixed4] 2:44:02  201,229/1,000,000  20.4/s  upd=4378  L=0.0478  D=2.218
[regir_fixed4] 2:44:14  201,229/1,000,000  20.4/s  upd=4384  L=0.0398  D=2.218
[regir_fixed4] 2:44:25  201,607/1,000,000  20.4/s  upd=4389  L=0.0650  D=2.218
[regir_fixed4] 2:44:37  201,973/1,000,000  20.4/s  upd=4394  L=0.0302  D=2.218
[regir_fixed4] 2:44:47  201,973/1,000,000  20.4/s  upd=4399  L=0.0421  D=2.218
[regir_fixed4] 2:44:58  202,288/1,000,000  20.4/s  upd=4404  L=0.0305  D=2.218
[regir_fixed4] 2:45:09  202,594/1,000,000  20.4/s  upd=4410  L=0.0343  D=2.218
[regir_fixed4] 2:45:20  202,594/1,000,000  20.4/s  upd=4415  L=0.0307  D=2.218
[regir_fixed4] 2:45:30  202,899/1,000,000  20.4/s  upd=4420  L=0.0355  D=2.218
[regir_fixed4] 2:45:40  202,899/1,000,000  20.4/s  upd=4424  L=0.0591  D=2.218
[regir_fixed4] 2:45:51  203,240/1,000,000  20.4/s  upd=4429  L=0.0456  D=2.218
[regir_fixed4] 2:46:03  203,617/1,000,000  20.4/s  upd=4434  L=0.0404  D=2.218
[regir_fixed4] 2:46:14  203,617/1,000,000  20.4/s  upd=4440  L=0.0300  D=2.218
[regir_fixed4] 2:46:25  203,981/1,000,000  20.4/s  upd=4446  L=0.0302  D=2.218
[regir_fixed4] 2:46:36  204,391/1,000,000  20.4/s  upd=4451  L=0.0395  D=2.218
[regir_fixed4] 2:46:46  204,391/1,000,000  20.4/s  upd=4456  L=0.0348  D=2.218
[regir_fixed4] 2:46:57  204,772/1,000,000  20.4/s  upd=4461  L=0.0367  D=2.218
[regir_fixed4] 2:47:08  205,096/1,000,000  20.5/s  upd=4466  L=0.0312  D=2.218
[regir_fixed4] 2:47:19  205,096/1,000,000  20.4/s  upd=4472  L=0.0296  D=2.218
[regir_fixed4] 2:47:29  205,354/1,000,000  20.4/s  upd=4478  L=0.0602  D=2.218
[regir_fixed4] 2:47:40  205,684/1,000,000  20.4/s  upd=4484  L=0.0414  D=2.218
[regir_fixed4] 2:47:51  206,056/1,000,000  20.5/s  upd=4490  L=0.0375  D=2.218
[regir_fixed4] 2:48:03  206,056/1,000,000  20.4/s  upd=4496  L=0.0254  D=2.218
[regir_fixed4] 2:48:14  206,369/1,000,000  20.4/s  upd=4501  L=0.0335  D=2.218
[regir_fixed4] 2:48:26  206,764/1,000,000  20.5/s  upd=4506  L=0.0425  D=2.218
[regir_fixed4] 2:48:36  206,764/1,000,000  20.4/s  upd=4512  L=0.0316  D=2.218
[regir_fixed4] 2:48:47  207,048/1,000,000  20.4/s  upd=4517  L=0.0372  D=2.218
[regir_fixed4] 2:48:59  207,454/1,000,000  20.5/s  upd=4523  L=0.0350  D=2.218
[regir_fixed4] 2:49:10  207,454/1,000,000  20.4/s  upd=4528  L=0.0345  D=2.218
[regir_fixed4] 2:49:21  207,750/1,000,000  20.4/s  upd=4533  L=0.0341  D=2.218
[regir_fixed4] 2:49:33  208,056/1,000,000  20.5/s  upd=4538  L=0.0241  D=2.218
[regir_fixed4] 2:49:43  208,056/1,000,000  20.4/s  upd=4543  L=0.0484  D=2.218
[regir_fixed4] 2:49:54  208,352/1,000,000  20.4/s  upd=4549  L=0.0425  D=2.218
[regir_fixed4] 2:50:05  208,705/1,000,000  20.4/s  upd=4554  L=0.0354  D=2.218
[regir_fixed4] 2:50:16  208,705/1,000,000  20.4/s  upd=4559  L=0.0348  D=2.218
[regir_fixed4] 2:50:28  208,994/1,000,000  20.4/s  upd=4564  L=0.0325  D=2.218
[regir_fixed4] 2:50:40  209,381/1,000,000  20.4/s  upd=4570  L=0.0421  D=2.218
[regir_fixed4] 2:50:52  209,381/1,000,000  20.4/s  upd=4576  L=0.0430  D=2.218
[regir_fixed4] 2:51:04  209,731/1,000,000  20.4/s  upd=4581  L=0.0315  D=2.218
[regir_fixed4] 2:51:15  210,166/1,000,000  20.5/s  upd=4587  L=0.0359  D=2.218
[regir_fixed4] 2:51:25  210,166/1,000,000  20.4/s  upd=4592  L=0.0321  D=2.218
[regir_fixed4] 2:51:36  210,442/1,000,000  20.4/s  upd=4597  L=0.0402  D=2.218
[regir_fixed4] 2:51:47  210,779/1,000,000  20.4/s  upd=4602  L=0.0601  D=2.218
[regir_fixed4] 2:51:57  210,779/1,000,000  20.4/s  upd=4607  L=0.0280  D=2.218
[regir_fixed4] 2:52:07  211,068/1,000,000  20.4/s  upd=4612  L=0.0303  D=2.218
[regir_fixed4] 2:52:18  211,387/1,000,000  20.4/s  upd=4617  L=0.0268  D=2.218
[regir_fixed4] 2:52:29  211,387/1,000,000  20.4/s  upd=4622  L=0.0552  D=2.218
[regir_fixed4] 2:52:40  211,721/1,000,000  20.4/s  upd=4627  L=0.0319  D=2.218
[regir_fixed4] 2:52:50  211,721/1,000,000  20.4/s  upd=4632  L=0.0445  D=2.218
[regir_fixed4] 2:53:01  212,038/1,000,000  20.4/s  upd=4637  L=0.0304  D=2.218
[regir_fixed4] saved resume t_env=212,038
[regir_fixed4] 2:53:12  212,391/1,000,000  20.4/s  upd=4641  L=0.0274  D=2.218
[regir_fixed4] 2:53:22  212,391/1,000,000  20.4/s  upd=4646  L=0.0342  D=2.218
[regir_fixed4] 2:53:33  212,785/1,000,000  20.4/s  upd=4651  L=0.0290  D=2.218
[regir_fixed4] 2:53:43  212,785/1,000,000  20.4/s  upd=4656  L=0.0376  D=2.218
[regir_fixed4] 2:53:53  213,121/1,000,000  20.4/s  upd=4661  L=0.0553  D=2.218
[regir_fixed4] 2:54:05  213,472/1,000,000  20.4/s  upd=4666  L=0.0522  D=2.218
[regir_fixed4] 2:54:16  213,472/1,000,000  20.4/s  upd=4672  L=0.0297  D=2.218
[regir_fixed4] 2:54:29  213,740/1,000,000  20.4/s  upd=4678  L=0.0580  D=2.218
[regir_fixed4] 2:54:39  214,012/1,000,000  20.4/s  upd=4684  L=0.0355  D=2.218
[regir_fixed4] 2:54:51  214,292/1,000,000  20.4/s  upd=4690  L=0.0323  D=2.218
[regir_fixed4] 2:55:01  214,292/1,000,000  20.4/s  upd=4696  L=0.0374  D=2.218
[regir_fixed4] 2:55:12  214,659/1,000,000  20.4/s  upd=4701  L=0.0211  D=2.218
[regir_fixed4] 2:55:23  215,004/1,000,000  20.4/s  upd=4706  L=0.0438  D=2.218
[regir_fixed4] 2:55:34  215,004/1,000,000  20.4/s  upd=4711  L=0.0341  D=2.218
[regir_fixed4] 2:55:45  215,331/1,000,000  20.4/s  upd=4716  L=0.0283  D=2.218
[regir_fixed4] 2:55:56  215,618/1,000,000  20.4/s  upd=4722  L=0.0428  D=2.218
[regir_fixed4] 2:56:07  215,618/1,000,000  20.4/s  upd=4728  L=0.0370  D=2.218
[regir_fixed4] 2:56:17  216,014/1,000,000  20.4/s  upd=4733  L=0.0319  D=2.218
[regir_fixed4] 2:56:28  216,278/1,000,000  20.4/s  upd=4739  L=0.0446  D=2.218
[regir_fixed4] 2:56:38  216,278/1,000,000  20.4/s  upd=4744  L=0.0425  D=2.218
[regir_fixed4] 2:56:49  216,611/1,000,000  20.4/s  upd=4749  L=0.0251  D=2.218
[regir_fixed4] 2:57:00  216,936/1,000,000  20.4/s  upd=4755  L=0.0504  D=2.218
[regir_fixed4] 2:57:10  216,936/1,000,000  20.4/s  upd=4760  L=0.0308  D=2.218
[regir_fixed4] 2:57:20  217,263/1,000,000  20.4/s  upd=4765  L=0.0350  D=2.218
[regir_fixed4] 2:57:31  217,686/1,000,000  20.4/s  upd=4770  L=0.0256  D=2.218
[regir_fixed4] 2:57:41  217,686/1,000,000  20.4/s  upd=4776  L=0.0486  D=2.218
[regir_fixed4] 2:57:52  218,089/1,000,000  20.4/s  upd=4781  L=0.0453  D=2.218
[regir_fixed4] 2:58:03  218,381/1,000,000  20.4/s  upd=4786  L=0.0340  D=2.218
[regir_fixed4] 2:58:14  218,381/1,000,000  20.4/s  upd=4792  L=0.0324  D=2.218
[regir_fixed4] 2:58:26  218,647/1,000,000  20.4/s  upd=4798  L=0.0238  D=2.218
[regir_fixed4] 2:58:38  218,990/1,000,000  20.4/s  upd=4804  L=0.0356  D=2.218
[regir_fixed4] 2:58:49  219,270/1,000,000  20.4/s  upd=4810  L=0.0370  D=2.218
[regir_fixed4] 2:59:00  219,270/1,000,000  20.4/s  upd=4816  L=0.0422  D=2.218
[regir_fixed4] 2:59:12  219,602/1,000,000  20.4/s  upd=4822  L=0.0319  D=2.218
[regir_fixed4] 2:59:23  219,939/1,000,000  20.4/s  upd=4827  L=0.0245  D=2.218
[regir_fixed4] 2:59:34  219,939/1,000,000  20.4/s  upd=4832  L=0.0323  D=2.218
[regir_fixed4] 2:59:45  220,271/1,000,000  20.4/s  upd=4837  L=0.0297  D=2.218
[regir_fixed4] saved resume t_env=220,271
[regir_fixed4] 2:59:56  220,271/1,000,000  20.4/s  upd=4840  L=0.0272  ev=0/100  D=2.218
[regir_fixed4] 3:00:06  220,271/1,000,000  20.4/s  upd=4840  L=0.0272  ev=65/100  D=2.218
[regir_fixed4] 3:00:17  220,634/1,000,000  20.4/s  upd=4842  L=0.0296  D=1.821
[regir_fixed4] 3:00:28  220,634/1,000,000  20.4/s  upd=4848  L=0.0402  D=1.821
[regir_fixed4] 3:00:38  220,920/1,000,000  20.4/s  upd=4853  L=0.0360  D=1.821
[regir_fixed4] 3:00:49  221,196/1,000,000  20.4/s  upd=4858  L=0.0402  D=1.821
[regir_fixed4] 3:01:00  221,196/1,000,000  20.4/s  upd=4863  L=0.0536  D=1.821
[regir_fixed4] 3:01:10  221,494/1,000,000  20.4/s  upd=4868  L=0.0258  D=1.821
[regir_fixed4] 3:01:20  221,761/1,000,000  20.4/s  upd=4873  L=0.0305  D=1.821
[regir_fixed4] 3:01:31  221,761/1,000,000  20.4/s  upd=4879  L=0.0308  D=1.821
[regir_fixed4] 3:01:42  222,101/1,000,000  20.4/s  upd=4884  L=0.0311  D=1.821
[regir_fixed4] 3:01:53  222,386/1,000,000  20.4/s  upd=4889  L=0.0250  D=1.821
[regir_fixed4] 3:02:03  222,386/1,000,000  20.4/s  upd=4894  L=0.0360  D=1.821
[regir_fixed4] 3:02:14  222,713/1,000,000  20.4/s  upd=4899  L=0.0401  D=1.821
[regir_fixed4] 3:02:24  222,713/1,000,000  20.3/s  upd=4904  L=0.0257  D=1.821
[regir_fixed4] 3:02:35  223,055/1,000,000  20.4/s  upd=4909  L=0.0296  D=1.821
[regir_fixed4] 3:02:46  223,310/1,000,000  20.4/s  upd=4915  L=0.0384  D=1.821
[regir_fixed4] 3:02:56  223,310/1,000,000  20.3/s  upd=4920  L=0.0297  D=1.821
[regir_fixed4] 3:03:07  223,597/1,000,000  20.3/s  upd=4926  L=0.0457  D=1.821
[regir_fixed4] 3:03:19  223,912/1,000,000  20.4/s  upd=4932  L=0.0575  D=1.821
[regir_fixed4] 3:03:29  224,190/1,000,000  20.4/s  upd=4937  L=0.0240  D=1.821
[regir_fixed4] 3:03:40  224,190/1,000,000  20.3/s  upd=4942  L=0.0302  D=1.821
[regir_fixed4] 3:03:50  224,545/1,000,000  20.4/s  upd=4946  L=0.0348  D=1.821
[regir_fixed4] 3:04:00  224,545/1,000,000  20.3/s  upd=4952  L=0.0318  D=1.821
[regir_fixed4] 3:04:10  224,822/1,000,000  20.3/s  upd=4957  L=0.0399  D=1.821
[regir_fixed4] 3:04:21  225,184/1,000,000  20.4/s  upd=4962  L=0.0438  D=1.821
[regir_fixed4] 3:04:31  225,184/1,000,000  20.3/s  upd=4967  L=0.0320  D=1.821
[regir_fixed4] 3:04:42  225,516/1,000,000  20.3/s  upd=4972  L=0.0345  D=1.821
[regir_fixed4] 3:04:52  225,825/1,000,000  20.4/s  upd=4977  L=0.0299  D=1.821
[regir_fixed4] 3:05:04  225,825/1,000,000  20.3/s  upd=4984  L=0.0307  D=1.821
[regir_fixed4] 3:05:15  226,161/1,000,000  20.3/s  upd=4989  L=0.0400  D=1.821
[regir_fixed4] 3:05:26  226,492/1,000,000  20.4/s  upd=4995  L=0.0464  D=1.821
[regir_fixed4] 3:05:37  226,492/1,000,000  20.3/s  upd=5000  L=0.0460  D=1.821
[regir_fixed4] 3:05:48  226,814/1,000,000  20.3/s  upd=5004  L=0.0302  D=1.821
[regir_fixed4] 3:05:59  227,138/1,000,000  20.4/s  upd=5009  L=0.0494  D=1.821
[regir_fixed4] 3:06:10  227,138/1,000,000  20.3/s  upd=5015  L=0.0489  D=1.821
[regir_fixed4] 3:06:22  227,444/1,000,000  20.3/s  upd=5021  L=0.0293  D=1.821
[regir_fixed4] 3:06:32  227,756/1,000,000  20.3/s  upd=5027  L=0.0407  D=1.821
[regir_fixed4] 3:06:44  228,031/1,000,000  20.4/s  upd=5033  L=0.0326  D=1.821
[regir_fixed4] 3:06:55  228,031/1,000,000  20.3/s  upd=5038  L=0.0233  D=1.821
[regir_fixed4] 3:07:06  228,310/1,000,000  20.3/s  upd=5043  L=0.0315  D=1.821
[regir_fixed4] 3:07:16  228,310/1,000,000  20.3/s  upd=5048  L=0.0359  D=1.821
[regir_fixed4] 3:07:27  228,671/1,000,000  20.3/s  upd=5053  L=0.0424  D=1.821
[regir_fixed4] 3:07:38  229,029/1,000,000  20.3/s  upd=5058  L=0.0356  D=1.821
[regir_fixed4] 3:07:48  229,029/1,000,000  20.3/s  upd=5063  L=0.0274  D=1.821
[regir_fixed4] 3:08:00  229,408/1,000,000  20.3/s  upd=5068  L=0.0321  D=1.821
[regir_fixed4] 3:08:12  229,733/1,000,000  20.3/s  upd=5074  L=0.0278  D=1.821
[regir_fixed4] 3:08:23  229,733/1,000,000  20.3/s  upd=5080  L=0.0433  D=1.821
[regir_fixed4] 3:08:34  230,085/1,000,000  20.3/s  upd=5085  L=0.0253  D=1.821
[regir_fixed4] 3:08:44  230,447/1,000,000  20.3/s  upd=5090  L=0.0842  D=1.821
[regir_fixed4] 3:08:55  230,447/1,000,000  20.3/s  upd=5096  L=0.0385  D=1.821
[regir_fixed4] 3:09:06  230,768/1,000,000  20.3/s  upd=5101  L=0.0259  D=1.821
[regir_fixed4] 3:09:17  231,059/1,000,000  20.3/s  upd=5106  L=0.0317  D=1.821
[regir_fixed4] 3:09:29  231,059/1,000,000  20.3/s  upd=5112  L=0.0319  D=1.821
[regir_fixed4] 3:09:39  231,361/1,000,000  20.3/s  upd=5117  L=0.0343  D=1.821
[regir_fixed4] 3:09:49  231,647/1,000,000  20.3/s  upd=5122  L=0.0340  D=1.821
[regir_fixed4] 3:10:01  231,647/1,000,000  20.3/s  upd=5128  L=0.0302  D=1.821
[regir_fixed4] saved resume t_env=231,647
[regir_fixed4] 3:10:12  231,961/1,000,000  20.3/s  upd=5132  L=0.0392  D=1.821
[regir_fixed4] 3:10:23  232,281/1,000,000  20.3/s  upd=5137  L=0.0458  D=1.821
[regir_fixed4] 3:10:35  232,281/1,000,000  20.3/s  upd=5143  L=0.0313  D=1.821
[regir_fixed4] 3:10:46  232,585/1,000,000  20.3/s  upd=5149  L=0.0266  D=1.821
[regir_fixed4] 3:10:57  232,884/1,000,000  20.3/s  upd=5154  L=0.0297  D=1.821
[regir_fixed4] 3:11:08  232,884/1,000,000  20.3/s  upd=5159  L=0.0308  D=1.821
[regir_fixed4] 3:11:19  233,223/1,000,000  20.3/s  upd=5164  L=0.0373  D=1.821
[regir_fixed4] 3:11:30  233,526/1,000,000  20.3/s  upd=5170  L=0.0352  D=1.821
[regir_fixed4] 3:11:41  233,526/1,000,000  20.3/s  upd=5176  L=0.0522  D=1.821
[regir_fixed4] 3:11:52  233,870/1,000,000  20.3/s  upd=5182  L=0.0270  D=1.821
[regir_fixed4] 3:12:02  234,163/1,000,000  20.3/s  upd=5187  L=0.0283  D=1.821
[regir_fixed4] 3:12:12  234,163/1,000,000  20.3/s  upd=5192  L=0.0362  D=1.821
[regir_fixed4] 3:12:24  234,533/1,000,000  20.3/s  upd=5197  L=0.0243  D=1.821
[regir_fixed4] 3:12:36  234,836/1,000,000  20.3/s  upd=5203  L=0.0434  D=1.821
[regir_fixed4] 3:12:46  235,214/1,000,000  20.3/s  upd=5209  L=0.0298  D=1.821
[regir_fixed4] 3:12:57  235,214/1,000,000  20.3/s  upd=5215  L=0.0351  D=1.821
[regir_fixed4] 3:13:07  235,543/1,000,000  20.3/s  upd=5220  L=0.0288  D=1.821
[regir_fixed4] 3:13:18  235,903/1,000,000  20.3/s  upd=5226  L=0.0281  D=1.821
[regir_fixed4] 3:13:28  235,903/1,000,000  20.3/s  upd=5232  L=0.0285  D=1.821
[regir_fixed4] 3:13:38  236,212/1,000,000  20.3/s  upd=5238  L=0.0309  D=1.821
[regir_fixed4] 3:13:48  236,534/1,000,000  20.3/s  upd=5245  L=0.0344  D=1.821
[regir_fixed4] 3:13:58  236,886/1,000,000  20.4/s  upd=5250  L=0.0229  D=1.821
[regir_fixed4] 3:14:08  236,886/1,000,000  20.3/s  upd=5255  L=0.0352  D=1.821
[regir_fixed4] 3:14:20  237,166/1,000,000  20.3/s  upd=5260  L=0.0323  D=1.821
[regir_fixed4] 3:14:31  237,502/1,000,000  20.3/s  upd=5265  L=0.0275  D=1.821
[regir_fixed4] 3:14:42  237,502/1,000,000  20.3/s  upd=5271  L=0.0435  D=1.821
[regir_fixed4] 3:14:54  237,823/1,000,000  20.3/s  upd=5277  L=0.0383  D=1.821
[regir_fixed4] 3:15:06  238,181/1,000,000  20.3/s  upd=5282  L=0.0467  D=1.821
[regir_fixed4] 3:15:17  238,181/1,000,000  20.3/s  upd=5287  L=0.0321  D=1.821
[regir_fixed4] 3:15:28  238,467/1,000,000  20.3/s  upd=5293  L=0.0245  D=1.821
[regir_fixed4] 3:15:39  238,781/1,000,000  20.3/s  upd=5297  L=0.0383  D=1.821
[regir_fixed4] 3:15:50  238,781/1,000,000  20.3/s  upd=5303  L=0.0425  D=1.821
[regir_fixed4] 3:16:02  239,105/1,000,000  20.3/s  upd=5308  L=0.0255  D=1.821
[regir_fixed4] 3:16:13  239,481/1,000,000  20.3/s  upd=5314  L=0.0338  D=1.821
[regir_fixed4] 3:16:24  239,481/1,000,000  20.3/s  upd=5320  L=0.0503  D=1.821
[regir_fixed4] 3:16:35  239,808/1,000,000  20.3/s  upd=5326  L=0.0252  D=1.821
[regir_fixed4] 3:16:46  240,117/1,000,000  20.3/s  upd=5331  L=0.0275  D=1.821
[regir_fixed4] 3:16:57  240,117/1,000,000  20.3/s  upd=5336  L=0.0287  D=1.821
[regir_fixed4] saved resume t_env=240,117
[regir_fixed4] 3:17:07  240,117/1,000,000  20.3/s  upd=5336  L=0.0287  ev=35/100  D=1.821
[regir_fixed4] 3:17:18  240,437/1,000,000  20.3/s  upd=5337  L=0.0252  D=1.303
[regir_fixed4] 3:17:28  240,437/1,000,000  20.3/s  upd=5343  L=0.0399  D=1.303
[regir_fixed4] 3:17:40  240,776/1,000,000  20.3/s  upd=5349  L=0.0360  D=1.303
[regir_fixed4] 3:17:51  241,155/1,000,000  20.3/s  upd=5354  L=0.0373  D=1.303
[regir_fixed4] 3:18:03  241,155/1,000,000  20.3/s  upd=5360  L=0.0255  D=1.303
[regir_fixed4] 3:18:13  241,488/1,000,000  20.3/s  upd=5365  L=0.0270  D=1.303
[regir_fixed4] 3:18:24  241,832/1,000,000  20.3/s  upd=5370  L=0.0264  D=1.303
[regir_fixed4] 3:18:35  241,832/1,000,000  20.3/s  upd=5376  L=0.0426  D=1.303
[regir_fixed4] 3:18:46  242,170/1,000,000  20.3/s  upd=5381  L=0.0272  D=1.303
[regir_fixed4] 3:18:57  242,485/1,000,000  20.3/s  upd=5387  L=0.0350  D=1.303
[regir_fixed4] 3:19:07  242,485/1,000,000  20.3/s  upd=5392  L=0.0321  D=1.303
[regir_fixed4] 3:19:19  242,799/1,000,000  20.3/s  upd=5397  L=0.0428  D=1.303
[regir_fixed4] 3:19:30  243,142/1,000,000  20.3/s  upd=5403  L=0.0328  D=1.303
[regir_fixed4] 3:19:41  243,464/1,000,000  20.3/s  upd=5409  L=0.0315  D=1.303
[regir_fixed4] 3:19:53  243,464/1,000,000  20.3/s  upd=5415  L=0.0358  D=1.303
[regir_fixed4] 3:20:05  243,808/1,000,000  20.3/s  upd=5420  L=0.0272  D=1.303
[regir_fixed4] 3:20:17  244,082/1,000,000  20.3/s  upd=5426  L=0.0254  D=1.303
[regir_fixed4] 3:20:29  244,082/1,000,000  20.3/s  upd=5432  L=0.0433  D=1.303
[regir_fixed4] 3:20:39  244,384/1,000,000  20.3/s  upd=5437  L=0.0290  D=1.303
[regir_fixed4] 3:20:50  244,717/1,000,000  20.3/s  upd=5442  L=0.0331  D=1.303
[regir_fixed4] 3:21:00  244,717/1,000,000  20.3/s  upd=5448  L=0.0263  D=1.303
[regir_fixed4] 3:21:12  245,045/1,000,000  20.3/s  upd=5454  L=0.0284  D=1.303
[regir_fixed4] 3:21:23  245,376/1,000,000  20.3/s  upd=5459  L=0.0373  D=1.303
[regir_fixed4] 3:21:35  245,700/1,000,000  20.3/s  upd=5465  L=0.0297  D=1.303
[regir_fixed4] 3:21:45  245,700/1,000,000  20.3/s  upd=5471  L=0.0307  D=1.303
[regir_fixed4] 3:21:56  245,983/1,000,000  20.3/s  upd=5478  L=0.0339  D=1.303
[regir_fixed4] 3:22:07  246,312/1,000,000  20.3/s  upd=5485  L=0.0366  D=1.303
[regir_fixed4] 3:22:18  246,613/1,000,000  20.3/s  upd=5491  L=0.0339  D=1.303
[regir_fixed4] 3:22:29  246,613/1,000,000  20.3/s  upd=5496  L=0.0515  D=1.303
[regir_fixed4] 3:22:40  246,922/1,000,000  20.3/s  upd=5502  L=0.0285  D=1.303
[regir_fixed4] 3:22:50  247,237/1,000,000  20.3/s  upd=5507  L=0.0282  D=1.303
[regir_fixed4] 3:23:00  247,237/1,000,000  20.3/s  upd=5512  L=0.0336  D=1.303
[regir_fixed4] 3:23:11  247,611/1,000,000  20.3/s  upd=5517  L=0.0292  D=1.303
[regir_fixed4] 3:23:22  247,960/1,000,000  20.3/s  upd=5522  L=0.0332  D=1.303
[regir_fixed4] 3:23:33  247,960/1,000,000  20.3/s  upd=5528  L=0.0378  D=1.303
[regir_fixed4] 3:23:45  248,237/1,000,000  20.3/s  upd=5534  L=0.0301  D=1.303
[regir_fixed4] 3:23:55  248,583/1,000,000  20.3/s  upd=5539  L=0.0274  D=1.303
[regir_fixed4] 3:24:07  248,860/1,000,000  20.3/s  upd=5545  L=0.0304  D=1.303
[regir_fixed4] 3:24:17  248,860/1,000,000  20.3/s  upd=5551  L=0.0242  D=1.303
[regir_fixed4] 3:24:28  249,231/1,000,000  20.3/s  upd=5556  L=0.0278  D=1.303
[regir_fixed4] 3:24:39  249,577/1,000,000  20.3/s  upd=5561  L=0.0289  D=1.303
[regir_fixed4] 3:24:50  249,577/1,000,000  20.3/s  upd=5567  L=0.0329  D=1.303
[regir_fixed4] 3:25:02  249,885/1,000,000  20.3/s  upd=5575  L=0.0238  D=1.303
[regir_fixed4] 3:25:13  250,172/1,000,000  20.3/s  upd=5580  L=0.0286  D=1.303
[regir_fixed4] 3:25:23  250,449/1,000,000  20.3/s  upd=5585  L=0.0319  D=1.303
[regir_fixed4] 3:25:33  250,449/1,000,000  20.3/s  upd=5590  L=0.0257  D=1.303
[regir_fixed4] 3:25:44  250,862/1,000,000  20.3/s  upd=5595  L=0.0157  D=1.303
[regir_fixed4] 3:25:56  251,192/1,000,000  20.3/s  upd=5601  L=0.0340  D=1.303
[regir_fixed4] 3:26:06  251,192/1,000,000  20.3/s  upd=5606  L=0.0282  D=1.303
[regir_fixed4] 3:26:17  251,520/1,000,000  20.3/s  upd=5612  L=0.0313  D=1.303
[regir_fixed4] 3:26:29  251,842/1,000,000  20.3/s  upd=5618  L=0.0192  D=1.303
[regir_fixed4] 3:26:41  251,842/1,000,000  20.3/s  upd=5624  L=0.0259  D=1.303
[regir_fixed4] 3:26:53  252,181/1,000,000  20.3/s  upd=5630  L=0.0232  D=1.303
[regir_fixed4] 3:27:04  252,487/1,000,000  20.3/s  upd=5636  L=0.0327  D=1.303
[regir_fixed4] saved resume t_env=252,487
[regir_fixed4] 3:27:15  252,487/1,000,000  20.3/s  upd=5640  L=0.0244  D=1.303
[regir_fixed4] 3:27:26  252,813/1,000,000  20.3/s  upd=5645  L=0.0244  D=1.303
[regir_fixed4] 3:27:37  253,087/1,000,000  20.3/s  upd=5650  L=0.0267  D=1.303
[regir_fixed4] 3:27:47  253,087/1,000,000  20.3/s  upd=5655  L=0.0313  D=1.303
[regir_fixed4] 3:27:59  253,406/1,000,000  20.3/s  upd=5660  L=0.0236  D=1.303
[regir_fixed4] 3:28:10  253,743/1,000,000  20.3/s  upd=5665  L=0.0229  D=1.303
[regir_fixed4] 3:28:21  253,743/1,000,000  20.3/s  upd=5670  L=0.0178  D=1.303
[regir_fixed4] 3:28:31  254,127/1,000,000  20.3/s  upd=5674  L=0.0286  D=1.303
[regir_fixed4] 3:28:44  254,127/1,000,000  20.3/s  upd=5680  L=0.0364  D=1.303
[regir_fixed4] 3:28:54  254,459/1,000,000  20.3/s  upd=5685  L=0.0294  D=1.303
[regir_fixed4] 3:29:05  254,794/1,000,000  20.3/s  upd=5691  L=0.0314  D=1.303
[regir_fixed4] 3:29:16  254,794/1,000,000  20.3/s  upd=5696  L=0.0320  D=1.303
[regir_fixed4] 3:29:28  255,134/1,000,000  20.3/s  upd=5701  L=0.0193  D=1.303
[regir_fixed4] 3:29:40  255,496/1,000,000  20.3/s  upd=5706  L=0.0152  D=1.303
[regir_fixed4] 3:29:50  255,496/1,000,000  20.3/s  upd=5712  L=0.0354  D=1.303
[regir_fixed4] 3:30:01  255,883/1,000,000  20.3/s  upd=5717  L=0.0204  D=1.303
[regir_fixed4] 3:30:12  256,253/1,000,000  20.3/s  upd=5723  L=0.0222  D=1.303
[regir_fixed4] 3:30:23  256,545/1,000,000  20.3/s  upd=5729  L=0.0168  D=1.303
[regir_fixed4] 3:30:35  256,545/1,000,000  20.3/s  upd=5736  L=0.0402  D=1.303
[regir_fixed4] 3:30:46  256,852/1,000,000  20.3/s  upd=5743  L=0.0250  D=1.303
[regir_fixed4] 3:30:57  257,203/1,000,000  20.3/s  upd=5749  L=0.0248  D=1.303
[regir_fixed4] 3:31:08  257,512/1,000,000  20.3/s  upd=5754  L=0.0284  D=1.303
[regir_fixed4] 3:31:19  257,512/1,000,000  20.3/s  upd=5760  L=0.0237  D=1.303
[regir_fixed4] 3:31:30  257,830/1,000,000  20.3/s  upd=5766  L=0.0208  D=1.303
[regir_fixed4] 3:31:41  258,176/1,000,000  20.3/s  upd=5772  L=0.0339  D=1.303
[regir_fixed4] 3:31:51  258,486/1,000,000  20.3/s  upd=5777  L=0.0240  D=1.303
[regir_fixed4] 3:32:02  258,486/1,000,000  20.3/s  upd=5782  L=0.0598  D=1.303
[regir_fixed4] 3:32:12  258,820/1,000,000  20.3/s  upd=5787  L=0.0184  D=1.303
[regir_fixed4] 3:32:23  258,820/1,000,000  20.3/s  upd=5792  L=0.0296  D=1.303
[regir_fixed4] 3:32:34  259,124/1,000,000  20.3/s  upd=5797  L=0.0176  D=1.303
[regir_fixed4] 3:32:46  259,460/1,000,000  20.3/s  upd=5804  L=0.0422  D=1.303
[regir_fixed4] 3:32:57  259,761/1,000,000  20.3/s  upd=5810  L=0.0249  D=1.303
[regir_fixed4] 3:33:09  259,761/1,000,000  20.3/s  upd=5816  L=0.0249  D=1.303
[regir_fixed4] 3:33:20  260,089/1,000,000  20.3/s  upd=5822  L=0.0310  D=1.303
[regir_fixed4] saved resume t_env=260,089
[regir_fixed4] 3:33:30  260,089/1,000,000  20.3/s  upd=5824  L=0.0325  ev=8/100  D=1.303
[regir_fixed4] 3:33:40  260,089/1,000,000  20.3/s  upd=5824  L=0.0325  ev=80/100  D=1.303
[regir_fixed4] 3:33:50  260,431/1,000,000  20.3/s  upd=5828  L=0.0268  D=1.565
[regir_fixed4] 3:34:00  260,748/1,000,000  20.3/s  upd=5833  L=0.0169  D=1.565
[regir_fixed4] 3:34:12  260,748/1,000,000  20.3/s  upd=5839  L=0.0291  D=1.565
[regir_fixed4] 3:34:22  261,031/1,000,000  20.3/s  upd=5844  L=0.0192  D=1.565
[regir_fixed4] 3:34:32  261,409/1,000,000  20.3/s  upd=5849  L=0.0306  D=1.565
[regir_fixed4] 3:34:43  261,409/1,000,000  20.3/s  upd=5854  L=0.0274  D=1.565
[regir_fixed4] 3:34:54  261,732/1,000,000  20.3/s  upd=5860  L=0.0299  D=1.565
[regir_fixed4] 3:35:04  262,115/1,000,000  20.3/s  upd=5866  L=0.0301  D=1.565
[regir_fixed4] 3:35:14  262,115/1,000,000  20.3/s  upd=5872  L=0.0373  D=1.565
[regir_fixed4] 3:35:26  262,389/1,000,000  20.3/s  upd=5878  L=0.0305  D=1.565
[regir_fixed4] 3:35:38  262,667/1,000,000  20.3/s  upd=5884  L=0.0251  D=1.565
[regir_fixed4] 3:35:49  262,963/1,000,000  20.3/s  upd=5890  L=0.0233  D=1.565
[regir_fixed4] 3:36:00  262,963/1,000,000  20.3/s  upd=5896  L=0.0335  D=1.565
[regir_fixed4] 3:36:11  263,249/1,000,000  20.3/s  upd=5902  L=0.0245  D=1.565
[regir_fixed4] 3:36:21  263,621/1,000,000  20.3/s  upd=5907  L=0.0291  D=1.565
[regir_fixed4] 3:36:32  263,917/1,000,000  20.3/s  upd=5913  L=0.0196  D=1.565
[regir_fixed4] 3:36:43  263,917/1,000,000  20.3/s  upd=5918  L=0.0272  D=1.565
[regir_fixed4] 3:36:54  264,214/1,000,000  20.3/s  upd=5924  L=0.0285  D=1.565
[regir_fixed4] 3:37:06  264,572/1,000,000  20.3/s  upd=5930  L=0.0281  D=1.565
[regir_fixed4] 3:37:17  264,572/1,000,000  20.3/s  upd=5936  L=0.0208  D=1.565
[regir_fixed4] 3:37:29  264,892/1,000,000  20.3/s  upd=5942  L=0.0328  D=1.565
[regir_fixed4] 3:37:40  265,307/1,000,000  20.3/s  upd=5948  L=0.0188  D=1.565
[regir_fixed4] 3:37:51  265,651/1,000,000  20.3/s  upd=5954  L=0.0209  D=1.565
[regir_fixed4] 3:38:03  265,651/1,000,000  20.3/s  upd=5960  L=0.0189  D=1.565
[regir_fixed4] 3:38:14  265,957/1,000,000  20.3/s  upd=5965  L=0.0366  D=1.565
[regir_fixed4] 3:38:25  266,286/1,000,000  20.3/s  upd=5970  L=0.0258  D=1.565
[regir_fixed4] 3:38:35  266,286/1,000,000  20.3/s  upd=5975  L=0.0380  D=1.565
[regir_fixed4] 3:38:46  266,644/1,000,000  20.3/s  upd=5982  L=0.0369  D=1.565
[regir_fixed4] 3:38:56  266,966/1,000,000  20.3/s  upd=5988  L=0.0270  D=1.565
[regir_fixed4] 3:39:07  267,336/1,000,000  20.3/s  upd=5994  L=0.0221  D=1.565
[regir_fixed4] 3:39:19  267,336/1,000,000  20.3/s  upd=6000  L=0.0229  D=1.565
[regir_fixed4] 3:39:29  267,664/1,000,000  20.3/s  upd=6005  L=0.0231  D=1.565
[regir_fixed4] 3:39:40  267,994/1,000,000  20.3/s  upd=6011  L=0.0411  D=1.565
[regir_fixed4] 3:39:50  267,994/1,000,000  20.3/s  upd=6016  L=0.0195  D=1.565
[regir_fixed4] 3:40:02  268,336/1,000,000  20.3/s  upd=6022  L=0.0262  D=1.565
[regir_fixed4] 3:40:14  268,732/1,000,000  20.3/s  upd=6028  L=0.0324  D=1.565
[regir_fixed4] 3:40:25  269,046/1,000,000  20.3/s  upd=6034  L=0.0260  D=1.565
[regir_fixed4] 3:40:36  269,046/1,000,000  20.3/s  upd=6039  L=0.0326  D=1.565
[regir_fixed4] 3:40:46  269,416/1,000,000  20.3/s  upd=6044  L=0.0333  D=1.565
[regir_fixed4] 3:40:57  269,769/1,000,000  20.3/s  upd=6049  L=0.0224  D=1.565
[regir_fixed4] 3:41:09  269,769/1,000,000  20.3/s  upd=6055  L=0.0231  D=1.565
[regir_fixed4] 3:41:19  270,060/1,000,000  20.3/s  upd=6060  L=0.0205  D=1.565
[regir_fixed4] 3:41:31  270,390/1,000,000  20.3/s  upd=6066  L=0.0271  D=1.565
[regir_fixed4] 3:41:42  270,390/1,000,000  20.3/s  upd=6071  L=0.0240  D=1.565
[regir_fixed4] 3:41:52  270,702/1,000,000  20.3/s  upd=6076  L=0.0255  D=1.565
[regir_fixed4] 3:42:03  271,022/1,000,000  20.3/s  upd=6081  L=0.0230  D=1.565
[regir_fixed4] 3:42:13  271,022/1,000,000  20.3/s  upd=6086  L=0.0291  D=1.565
[regir_fixed4] 3:42:23  271,305/1,000,000  20.3/s  upd=6091  L=0.0327  D=1.565
[regir_fixed4] 3:42:33  271,305/1,000,000  20.3/s  upd=6096  L=0.0306  D=1.565
[regir_fixed4] 3:42:45  271,603/1,000,000  20.3/s  upd=6103  L=0.0260  D=1.565
[regir_fixed4] 3:42:56  271,921/1,000,000  20.3/s  upd=6109  L=0.0234  D=1.565
[regir_fixed4] 3:43:08  272,247/1,000,000  20.3/s  upd=6115  L=0.0182  D=1.565
[regir_fixed4] 3:43:18  272,247/1,000,000  20.3/s  upd=6120  L=0.0249  D=1.565
[regir_fixed4] 3:43:29  272,579/1,000,000  20.3/s  upd=6126  L=0.0206  D=1.565
[regir_fixed4] saved resume t_env=272,579
[regir_fixed4] 3:43:39  272,841/1,000,000  20.3/s  upd=6130  L=0.0247  D=1.565
[regir_fixed4] 3:43:50  272,841/1,000,000  20.3/s  upd=6136  L=0.0321  D=1.565
[regir_fixed4] 3:44:01  273,172/1,000,000  20.3/s  upd=6142  L=0.0158  D=1.565
[regir_fixed4] 3:44:13  273,514/1,000,000  20.3/s  upd=6147  L=0.0206  D=1.565
[regir_fixed4] 3:44:23  273,514/1,000,000  20.3/s  upd=6152  L=0.0353  D=1.565
[regir_fixed4] 3:44:34  273,837/1,000,000  20.3/s  upd=6159  L=0.0208  D=1.565
[regir_fixed4] 3:44:45  274,274/1,000,000  20.3/s  upd=6164  L=0.0252  D=1.565
[regir_fixed4] 3:44:56  274,676/1,000,000  20.4/s  upd=6169  L=0.0403  D=1.565
[regir_fixed4] 3:45:07  274,676/1,000,000  20.3/s  upd=6175  L=0.0282  D=1.565
[regir_fixed4] 3:45:18  275,059/1,000,000  20.3/s  upd=6180  L=0.0314  D=1.565
[regir_fixed4] 3:45:29  275,327/1,000,000  20.3/s  upd=6186  L=0.0260  D=1.565
[regir_fixed4] 3:45:39  275,327/1,000,000  20.3/s  upd=6192  L=0.0156  D=1.565
[regir_fixed4] 3:45:51  275,605/1,000,000  20.3/s  upd=6198  L=0.0254  D=1.565
[regir_fixed4] 3:46:02  275,963/1,000,000  20.3/s  upd=6205  L=0.0291  D=1.565
[regir_fixed4] 3:46:12  276,250/1,000,000  20.4/s  upd=6210  L=0.0212  D=1.565
[regir_fixed4] 3:46:22  276,250/1,000,000  20.3/s  upd=6215  L=0.0289  D=1.565
[regir_fixed4] 3:46:33  276,501/1,000,000  20.3/s  upd=6220  L=0.0667  D=1.565
[regir_fixed4] 3:46:43  276,796/1,000,000  20.3/s  upd=6225  L=0.0219  D=1.565
[regir_fixed4] 3:46:54  276,796/1,000,000  20.3/s  upd=6231  L=0.0293  D=1.565
[regir_fixed4] 3:47:05  277,087/1,000,000  20.3/s  upd=6237  L=0.0155  D=1.565
[regir_fixed4] 3:47:15  277,344/1,000,000  20.3/s  upd=6243  L=0.0290  D=1.565
[regir_fixed4] 3:47:25  277,698/1,000,000  20.4/s  upd=6250  L=0.0277  D=1.565
[regir_fixed4] 3:47:38  278,102/1,000,000  20.4/s  upd=6257  L=0.0309  D=1.565
[regir_fixed4] 3:47:48  278,102/1,000,000  20.3/s  upd=6263  L=0.0342  D=1.565
[regir_fixed4] 3:47:58  278,396/1,000,000  20.4/s  upd=6268  L=0.0277  D=1.565
[regir_fixed4] 3:48:09  278,691/1,000,000  20.4/s  upd=6273  L=0.0272  D=1.565
[regir_fixed4] 3:48:19  278,691/1,000,000  20.3/s  upd=6279  L=0.0291  D=1.565
[regir_fixed4] 3:48:30  279,051/1,000,000  20.4/s  upd=6284  L=0.0290  D=1.565
[regir_fixed4] 3:48:42  279,404/1,000,000  20.4/s  upd=6290  L=0.0235  D=1.565
[regir_fixed4] 3:48:52  279,404/1,000,000  20.3/s  upd=6296  L=0.0377  D=1.565
[regir_fixed4] 3:49:03  279,781/1,000,000  20.4/s  upd=6302  L=0.0269  D=1.565
[regir_fixed4] 3:49:14  280,102/1,000,000  20.4/s  upd=6308  L=0.0231  D=1.565
[regir_fixed4] saved resume t_env=280,102
[regir_fixed4] 3:49:28  280,102/1,000,000  20.3/s  upd=6312  L=0.0295  ev=0/100  D=1.565
[regir_fixed4] 3:49:38  280,102/1,000,000  20.3/s  upd=6312  L=0.0295  ev=77/100  D=1.565
[regir_fixed4] 3:49:49  280,465/1,000,000  20.3/s  upd=6316  L=0.0143  D=1.739
[regir_fixed4] 3:50:00  280,744/1,000,000  20.3/s  upd=6322  L=0.0313  D=1.739
[regir_fixed4] 3:50:10  280,744/1,000,000  20.3/s  upd=6328  L=0.0262  D=1.739
[regir_fixed4] 3:50:21  281,028/1,000,000  20.3/s  upd=6334  L=0.0204  D=1.739
[regir_fixed4] 3:50:31  281,334/1,000,000  20.3/s  upd=6340  L=0.0171  D=1.739
[regir_fixed4] 3:50:42  281,651/1,000,000  20.3/s  upd=6345  L=0.0185  D=1.739
[regir_fixed4] 3:50:54  281,651/1,000,000  20.3/s  upd=6351  L=0.0225  D=1.739
[regir_fixed4] 3:51:05  281,998/1,000,000  20.3/s  upd=6357  L=0.0509  D=1.739
[regir_fixed4] 3:51:16  282,299/1,000,000  20.3/s  upd=6362  L=0.0196  D=1.739
[regir_fixed4] 3:51:27  282,299/1,000,000  20.3/s  upd=6368  L=0.0146  D=1.739
[regir_fixed4] 3:51:38  282,615/1,000,000  20.3/s  upd=6374  L=0.0470  D=1.739
[regir_fixed4] 3:51:49  282,961/1,000,000  20.3/s  upd=6379  L=0.0394  D=1.739
[regir_fixed4] 3:52:00  283,300/1,000,000  20.4/s  upd=6385  L=0.0328  D=1.739
[regir_fixed4] 3:52:12  283,300/1,000,000  20.3/s  upd=6391  L=0.0370  D=1.739
[regir_fixed4] 3:52:24  283,653/1,000,000  20.3/s  upd=6397  L=0.0218  D=1.739
[regir_fixed4] 3:52:36  283,918/1,000,000  20.3/s  upd=6403  L=0.0381  D=1.739
[regir_fixed4] 3:52:46  283,918/1,000,000  20.3/s  upd=6408  L=0.0287  D=1.739
[regir_fixed4] 3:52:57  284,211/1,000,000  20.3/s  upd=6414  L=0.0238  D=1.739
[regir_fixed4] 3:53:08  284,593/1,000,000  20.3/s  upd=6419  L=0.0244  D=1.739
[regir_fixed4] 3:53:18  284,593/1,000,000  20.3/s  upd=6424  L=0.0242  D=1.739
[regir_fixed4] 3:53:29  284,927/1,000,000  20.3/s  upd=6430  L=0.0274  D=1.739
[regir_fixed4] 3:53:40  285,226/1,000,000  20.3/s  upd=6436  L=0.0308  D=1.739
[regir_fixed4] 3:53:50  285,486/1,000,000  20.3/s  upd=6441  L=0.0243  D=1.739
[regir_fixed4] 3:54:00  285,486/1,000,000  20.3/s  upd=6446  L=0.0317  D=1.739
[regir_fixed4] 3:54:12  285,785/1,000,000  20.3/s  upd=6452  L=0.0283  D=1.739
[regir_fixed4] 3:54:23  286,108/1,000,000  20.3/s  upd=6457  L=0.0381  D=1.739
[regir_fixed4] 3:54:34  286,108/1,000,000  20.3/s  upd=6464  L=0.0223  D=1.739
[regir_fixed4] 3:54:45  286,469/1,000,000  20.3/s  upd=6469  L=0.0231  D=1.739
[regir_fixed4] 3:54:56  286,776/1,000,000  20.3/s  upd=6475  L=0.0295  D=1.739
[regir_fixed4] 3:55:06  286,776/1,000,000  20.3/s  upd=6480  L=0.0335  D=1.739
[regir_fixed4] 3:55:19  287,094/1,000,000  20.3/s  upd=6486  L=0.0512  D=1.739
[regir_fixed4] 3:55:29  287,409/1,000,000  20.3/s  upd=6492  L=0.0229  D=1.739
[regir_fixed4] 3:55:40  287,717/1,000,000  20.3/s  upd=6498  L=0.0256  D=1.739
[regir_fixed4] 3:55:50  287,717/1,000,000  20.3/s  upd=6504  L=0.0308  D=1.739
[regir_fixed4] 3:56:01  288,043/1,000,000  20.3/s  upd=6510  L=0.0290  D=1.739
[regir_fixed4] 3:56:12  288,359/1,000,000  20.3/s  upd=6516  L=0.0404  D=1.739
[regir_fixed4] 3:56:22  288,692/1,000,000  20.4/s  upd=6522  L=0.0276  D=1.739
[regir_fixed4] 3:56:33  288,692/1,000,000  20.3/s  upd=6527  L=0.0161  D=1.739
[regir_fixed4] 3:56:44  289,037/1,000,000  20.3/s  upd=6533  L=0.0253  D=1.739
[regir_fixed4] 3:56:56  289,340/1,000,000  20.4/s  upd=6539  L=0.0259  D=1.739
[regir_fixed4] 3:57:06  289,340/1,000,000  20.3/s  upd=6544  L=0.0314  D=1.739
[regir_fixed4] 3:57:18  289,704/1,000,000  20.3/s  upd=6551  L=0.0213  D=1.739
[regir_fixed4] 3:57:29  290,035/1,000,000  20.4/s  upd=6556  L=0.0313  D=1.739
[regir_fixed4] 3:57:41  290,313/1,000,000  20.4/s  upd=6563  L=0.0323  D=1.739
[regir_fixed4] 3:57:52  290,606/1,000,000  20.4/s  upd=6569  L=0.0211  D=1.739
[regir_fixed4] 3:58:03  290,606/1,000,000  20.3/s  upd=6576  L=0.0490  D=1.739
[regir_fixed4] 3:58:14  290,905/1,000,000  20.4/s  upd=6582  L=0.0251  D=1.739
[regir_fixed4] 3:58:25  291,202/1,000,000  20.4/s  upd=6587  L=0.0324  D=1.739
[regir_fixed4] 3:58:35  291,533/1,000,000  20.4/s  upd=6593  L=0.0203  D=1.739
[regir_fixed4] 3:58:46  291,533/1,000,000  20.3/s  upd=6599  L=0.0319  D=1.739
[regir_fixed4] 3:58:56  291,868/1,000,000  20.4/s  upd=6604  L=0.0276  D=1.739
[regir_fixed4] 3:59:06  292,278/1,000,000  20.4/s  upd=6609  L=0.0401  D=1.739
[regir_fixed4] 3:59:18  292,278/1,000,000  20.4/s  upd=6615  L=0.0454  D=1.739
[regir_fixed4] 3:59:29  292,568/1,000,000  20.4/s  upd=6620  L=0.0377  D=1.739
[regir_fixed4] saved resume t_env=292,568
[regir_fixed4] 3:59:39  292,568/1,000,000  20.3/s  upd=6624  L=0.0235  D=1.739
[regir_fixed4] 3:59:49  292,896/1,000,000  20.4/s  upd=6629  L=0.0462  D=1.739
[regir_fixed4] 4:00:00  293,197/1,000,000  20.4/s  upd=6634  L=0.0185  D=1.739
[regir_fixed4] 4:00:10  293,197/1,000,000  20.3/s  upd=6640  L=0.0269  D=1.739
[regir_fixed4] 4:00:21  293,537/1,000,000  20.4/s  upd=6646  L=0.0441  D=1.739
[regir_fixed4] 4:00:32  293,877/1,000,000  20.4/s  upd=6651  L=0.0297  D=1.739
[regir_fixed4] 4:00:42  293,877/1,000,000  20.3/s  upd=6656  L=0.0271  D=1.739
[regir_fixed4] 4:00:54  294,178/1,000,000  20.4/s  upd=6663  L=0.0346  D=1.739
[regir_fixed4] 4:01:04  294,529/1,000,000  20.4/s  upd=6669  L=0.0619  D=1.739
[regir_fixed4] 4:01:15  294,864/1,000,000  20.4/s  upd=6675  L=0.0333  D=1.739
[regir_fixed4] 4:01:25  294,864/1,000,000  20.4/s  upd=6680  L=0.0263  D=1.739
[regir_fixed4] 4:01:36  295,194/1,000,000  20.4/s  upd=6686  L=0.0284  D=1.739
[regir_fixed4] 4:01:46  295,498/1,000,000  20.4/s  upd=6692  L=0.0282  D=1.739
[regir_fixed4] 4:01:56  295,816/1,000,000  20.4/s  upd=6697  L=0.0277  D=1.739
[regir_fixed4] 4:02:08  295,816/1,000,000  20.4/s  upd=6704  L=0.0201  D=1.739
[regir_fixed4] 4:02:18  296,152/1,000,000  20.4/s  upd=6709  L=0.0340  D=1.739
[regir_fixed4] 4:02:29  296,455/1,000,000  20.4/s  upd=6715  L=0.0319  D=1.739
[regir_fixed4] 4:02:39  296,455/1,000,000  20.4/s  upd=6720  L=0.0290  D=1.739
[regir_fixed4] 4:02:49  296,772/1,000,000  20.4/s  upd=6725  L=0.0265  D=1.739
[regir_fixed4] 4:03:01  297,081/1,000,000  20.4/s  upd=6730  L=0.0319  D=1.739
[regir_fixed4] 4:03:11  297,081/1,000,000  20.4/s  upd=6736  L=0.0187  D=1.739
[regir_fixed4] 4:03:22  297,378/1,000,000  20.4/s  upd=6743  L=0.0358  D=1.739
[regir_fixed4] 4:03:33  297,623/1,000,000  20.4/s  upd=6749  L=0.0239  D=1.739
[regir_fixed4] 4:03:44  297,909/1,000,000  20.4/s  upd=6756  L=0.0292  D=1.739
[regir_fixed4] 4:03:54  298,257/1,000,000  20.4/s  upd=6763  L=0.0499  D=1.739
[regir_fixed4] 4:04:06  298,581/1,000,000  20.4/s  upd=6770  L=0.0213  D=1.739
[regir_fixed4] 4:04:17  298,581/1,000,000  20.4/s  upd=6776  L=0.0255  D=1.739
[regir_fixed4] 4:04:27  298,876/1,000,000  20.4/s  upd=6782  L=0.0381  D=1.739
[regir_fixed4] 4:04:38  299,172/1,000,000  20.4/s  upd=6788  L=0.0276  D=1.739
[regir_fixed4] 4:04:49  299,447/1,000,000  20.4/s  upd=6793  L=0.0228  D=1.739
[regir_fixed4] 4:05:00  299,447/1,000,000  20.4/s  upd=6800  L=0.0417  D=1.739
[regir_fixed4] 4:05:10  299,682/1,000,000  20.4/s  upd=6805  L=0.0212  D=1.739
[regir_fixed4] 4:05:21  300,003/1,000,000  20.4/s  upd=6811  L=0.0270  D=1.739
[regir_fixed4] saved resume t_env=300,003
[regir_fixed4] 4:05:36  300,003/1,000,000  20.4/s  upd=6816  L=0.0197  ev=0/100  D=1.739
[regir_fixed4] 4:05:46  300,003/1,000,000  20.3/s  upd=6816  L=0.0197  ev=71/100  D=1.739
[regir_fixed4] 4:05:57  300,333/1,000,000  20.4/s  upd=6819  L=0.0275  D=1.767
[regir_fixed4] 4:06:09  300,615/1,000,000  20.4/s  upd=6826  L=0.0263  D=1.767
[regir_fixed4] 4:06:20  300,913/1,000,000  20.4/s  upd=6833  L=0.0280  D=1.767
[regir_fixed4] 4:06:32  300,913/1,000,000  20.3/s  upd=6839  L=0.0193  D=1.767
[regir_fixed4] 4:06:44  301,265/1,000,000  20.3/s  upd=6845  L=0.0359  D=1.767
[regir_fixed4] 4:06:55  301,632/1,000,000  20.4/s  upd=6850  L=0.0279  D=1.767
[regir_fixed4] 4:07:05  301,632/1,000,000  20.3/s  upd=6856  L=0.0283  D=1.767
[regir_fixed4] 4:07:16  301,973/1,000,000  20.4/s  upd=6863  L=0.0205  D=1.767
[regir_fixed4] 4:07:28  302,291/1,000,000  20.4/s  upd=6869  L=0.0244  D=1.767
[regir_fixed4] 4:07:39  302,656/1,000,000  20.4/s  upd=6875  L=0.0336  D=1.767
[regir_fixed4] 4:07:51  302,984/1,000,000  20.4/s  upd=6881  L=0.0241  D=1.767
[regir_fixed4] 4:08:02  302,984/1,000,000  20.4/s  upd=6887  L=0.0250  D=1.767
[regir_fixed4] 4:08:13  303,346/1,000,000  20.4/s  upd=6893  L=0.0206  D=1.767
[regir_fixed4] 4:08:24  303,690/1,000,000  20.4/s  upd=6900  L=0.0285  D=1.767
[regir_fixed4] 4:08:36  304,050/1,000,000  20.4/s  upd=6906  L=0.0254  D=1.767
[regir_fixed4] 4:08:47  304,050/1,000,000  20.4/s  upd=6912  L=0.0225  D=1.767
[regir_fixed4] 4:08:58  304,355/1,000,000  20.4/s  upd=6918  L=0.0309  D=1.767
[regir_fixed4] 4:09:09  304,808/1,000,000  20.4/s  upd=6924  L=0.0289  D=1.767
[regir_fixed4] 4:09:20  305,123/1,000,000  20.4/s  upd=6931  L=0.0265  D=1.767
[regir_fixed4] 4:09:31  305,435/1,000,000  20.4/s  upd=6937  L=0.0278  D=1.767
[regir_fixed4] 4:09:41  305,435/1,000,000  20.4/s  upd=6943  L=0.0323  D=1.767
[regir_fixed4] 4:09:52  305,734/1,000,000  20.4/s  upd=6949  L=0.0325  D=1.767
[regir_fixed4] 4:10:04  306,090/1,000,000  20.4/s  upd=6955  L=0.0332  D=1.767
[regir_fixed4] 4:10:14  306,471/1,000,000  20.4/s  upd=6961  L=0.0295  D=1.767
[regir_fixed4] 4:10:24  306,471/1,000,000  20.4/s  upd=6967  L=0.0506  D=1.767
[regir_fixed4] 4:10:36  306,784/1,000,000  20.4/s  upd=6973  L=0.0193  D=1.767
[regir_fixed4] 4:10:47  307,122/1,000,000  20.4/s  upd=6980  L=0.0343  D=1.767
[regir_fixed4] 4:10:57  307,450/1,000,000  20.4/s  upd=6986  L=0.0793  D=1.767
[regir_fixed4] 4:11:08  307,450/1,000,000  20.4/s  upd=6992  L=0.0259  D=1.767
[regir_fixed4] 4:11:19  307,737/1,000,000  20.4/s  upd=6998  L=0.0287  D=1.767
[regir_fixed4] 4:11:29  308,050/1,000,000  20.4/s  upd=7003  L=0.0258  D=1.767
[regir_fixed4] 4:11:40  308,370/1,000,000  20.4/s  upd=7009  L=0.0207  D=1.767
[regir_fixed4] 4:11:52  308,743/1,000,000  20.4/s  upd=7017  L=0.0264  D=1.767
[regir_fixed4] 4:12:02  308,743/1,000,000  20.4/s  upd=7024  L=0.0448  D=1.767
[regir_fixed4] 4:12:13  309,044/1,000,000  20.4/s  upd=7031  L=0.0292  D=1.767
[regir_fixed4] 4:12:24  309,352/1,000,000  20.4/s  upd=7038  L=0.0303  D=1.767
[regir_fixed4] 4:12:35  309,696/1,000,000  20.4/s  upd=7045  L=0.0220  D=1.767
[regir_fixed4] 4:12:46  310,027/1,000,000  20.4/s  upd=7050  L=0.0209  D=1.767
[regir_fixed4] 4:12:56  310,027/1,000,000  20.4/s  upd=7056  L=0.0196  D=1.767
[regir_fixed4] 4:13:06  310,383/1,000,000  20.4/s  upd=7063  L=0.0295  D=1.767
[regir_fixed4] 4:13:17  310,675/1,000,000  20.4/s  upd=7070  L=0.0211  D=1.767
[regir_fixed4] 4:13:27  310,969/1,000,000  20.4/s  upd=7076  L=0.0322  D=1.767
[regir_fixed4] 4:13:38  311,337/1,000,000  20.5/s  upd=7082  L=0.0255  D=1.767
[regir_fixed4] 4:13:49  311,337/1,000,000  20.4/s  upd=7088  L=0.0291  D=1.767
[regir_fixed4] 4:14:01  311,752/1,000,000  20.5/s  upd=7094  L=0.0340  D=1.767
[regir_fixed4] 4:14:12  312,058/1,000,000  20.5/s  upd=7100  L=0.0226  D=1.767
[regir_fixed4] 4:14:23  312,382/1,000,000  20.5/s  upd=7106  L=0.0337  D=1.767
[regir_fixed4] 4:14:33  312,382/1,000,000  20.5/s  upd=7112  L=0.0263  D=1.767
[regir_fixed4] 4:14:43  312,758/1,000,000  20.5/s  upd=7117  L=0.0289  D=1.767
[regir_fixed4] 4:14:54  313,121/1,000,000  20.5/s  upd=7123  L=0.0282  D=1.767
[regir_fixed4] 4:15:05  313,469/1,000,000  20.5/s  upd=7129  L=0.0260  D=1.767
[regir_fixed4] 4:15:15  313,469/1,000,000  20.5/s  upd=7136  L=0.0373  D=1.767
[regir_fixed4] 4:15:25  313,810/1,000,000  20.5/s  upd=7142  L=0.0344  D=1.767
[regir_fixed4] 4:15:37  314,174/1,000,000  20.5/s  upd=7148  L=0.0271  D=1.767
[regir_fixed4] saved resume t_env=314,174
[regir_fixed4] 4:15:48  314,533/1,000,000  20.5/s  upd=7154  L=0.0297  D=1.767
[regir_fixed4] 4:15:59  314,533/1,000,000  20.5/s  upd=7160  L=0.0199  D=1.767
[regir_fixed4] 4:16:11  314,816/1,000,000  20.5/s  upd=7166  L=0.0371  D=1.767
[regir_fixed4] 4:16:22  315,100/1,000,000  20.5/s  upd=7173  L=0.0223  D=1.767
[regir_fixed4] 4:16:33  315,387/1,000,000  20.5/s  upd=7179  L=0.0276  D=1.767
[regir_fixed4] 4:16:44  315,703/1,000,000  20.5/s  upd=7185  L=0.0236  D=1.767
[regir_fixed4] 4:16:55  315,703/1,000,000  20.5/s  upd=7192  L=0.0255  D=1.767
[regir_fixed4] 4:17:06  315,993/1,000,000  20.5/s  upd=7198  L=0.0352  D=1.767
[regir_fixed4] 4:17:17  316,290/1,000,000  20.5/s  upd=7205  L=0.0295  D=1.767
[regir_fixed4] 4:17:28  316,609/1,000,000  20.5/s  upd=7211  L=0.0276  D=1.767
[regir_fixed4] 4:17:38  316,940/1,000,000  20.5/s  upd=7217  L=0.0343  D=1.767
[regir_fixed4] 4:17:49  316,940/1,000,000  20.5/s  upd=7223  L=0.0239  D=1.767
[regir_fixed4] 4:17:59  317,270/1,000,000  20.5/s  upd=7229  L=0.0315  D=1.767
[regir_fixed4] 4:18:10  317,610/1,000,000  20.5/s  upd=7235  L=0.0280  D=1.767
[regir_fixed4] 4:18:20  317,914/1,000,000  20.5/s  upd=7241  L=0.0414  D=1.767
[regir_fixed4] 4:18:30  317,914/1,000,000  20.5/s  upd=7248  L=0.0309  D=1.767
[regir_fixed4] 4:18:41  318,314/1,000,000  20.5/s  upd=7255  L=0.0290  D=1.767
[regir_fixed4] 4:18:52  318,656/1,000,000  20.5/s  upd=7262  L=0.0278  D=1.767
[regir_fixed4] 4:19:03  319,065/1,000,000  20.5/s  upd=7268  L=0.0235  D=1.767
[regir_fixed4] 4:19:13  319,335/1,000,000  20.5/s  upd=7274  L=0.0300  D=1.767
[regir_fixed4] 4:19:25  319,668/1,000,000  20.5/s  upd=7281  L=0.0305  D=1.767
[regir_fixed4] 4:19:36  319,668/1,000,000  20.5/s  upd=7288  L=0.0247  D=1.767
[regir_fixed4] 4:19:47  319,965/1,000,000  20.5/s  upd=7295  L=0.0335  D=1.767
[regir_fixed4] 4:19:57  320,256/1,000,000  20.5/s  upd=7301  L=0.0240  D=1.767
[regir_fixed4] saved resume t_env=320,256
[regir_fixed4] 4:20:07  320,256/1,000,000  20.5/s  upd=7304  L=0.0352  ev=0/100  D=1.767
[regir_fixed4] 4:20:18  320,256/1,000,000  20.5/s  upd=7304  L=0.0352  ev=80/100  D=1.767
[regir_fixed4] 4:20:28  320,577/1,000,000  20.5/s  upd=7310  L=0.0306  D=1.257
[regir_fixed4] 4:20:38  320,869/1,000,000  20.5/s  upd=7316  L=0.0224  D=1.257
[regir_fixed4] 4:20:49  321,167/1,000,000  20.5/s  upd=7322  L=0.0161  D=1.257
[regir_fixed4] 4:21:00  321,167/1,000,000  20.5/s  upd=7328  L=0.0278  D=1.257
[regir_fixed4] 4:21:12  321,477/1,000,000  20.5/s  upd=7334  L=0.0157  D=1.257
[regir_fixed4] 4:21:24  321,757/1,000,000  20.5/s  upd=7340  L=0.0255  D=1.257
[regir_fixed4] 4:21:36  322,145/1,000,000  20.5/s  upd=7346  L=0.0302  D=1.257
[regir_fixed4] 4:21:46  322,145/1,000,000  20.5/s  upd=7352  L=0.0347  D=1.257
[regir_fixed4] 4:21:57  322,457/1,000,000  20.5/s  upd=7358  L=0.0296  D=1.257
[regir_fixed4] 4:22:07  322,753/1,000,000  20.5/s  upd=7364  L=0.0383  D=1.257
[regir_fixed4] 4:22:18  323,050/1,000,000  20.5/s  upd=7370  L=0.0256  D=1.257
[regir_fixed4] 4:22:28  323,050/1,000,000  20.5/s  upd=7376  L=0.0443  D=1.257
[regir_fixed4] 4:22:39  323,409/1,000,000  20.5/s  upd=7382  L=0.0167  D=1.257
[regir_fixed4] 4:22:50  323,710/1,000,000  20.5/s  upd=7388  L=0.0520  D=1.257
[regir_fixed4] 4:23:01  324,038/1,000,000  20.5/s  upd=7394  L=0.0392  D=1.257
[regir_fixed4] 4:23:12  324,038/1,000,000  20.5/s  upd=7400  L=0.0346  D=1.257
[regir_fixed4] 4:23:23  324,331/1,000,000  20.5/s  upd=7408  L=0.0245  D=1.257
[regir_fixed4] 4:23:34  324,640/1,000,000  20.5/s  upd=7414  L=0.0342  D=1.257
[regir_fixed4] 4:23:46  324,949/1,000,000  20.5/s  upd=7420  L=0.0249  D=1.257
[regir_fixed4] 4:23:58  325,279/1,000,000  20.5/s  upd=7427  L=0.0280  D=1.257
[regir_fixed4] 4:24:10  325,571/1,000,000  20.5/s  upd=7434  L=0.0275  D=1.257
[regir_fixed4] 4:24:20  325,571/1,000,000  20.5/s  upd=7440  L=0.0281  D=1.257
[regir_fixed4] 4:24:31  325,912/1,000,000  20.5/s  upd=7447  L=0.0351  D=1.257
[regir_fixed4] 4:24:43  326,220/1,000,000  20.5/s  upd=7454  L=0.0307  D=1.257
[regir_fixed4] 4:24:54  326,555/1,000,000  20.5/s  upd=7461  L=0.0290  D=1.257
[regir_fixed4] 4:25:05  326,836/1,000,000  20.5/s  upd=7467  L=0.0273  D=1.257
[regir_fixed4] 4:25:16  327,124/1,000,000  20.6/s  upd=7474  L=0.0272  D=1.257
[regir_fixed4] 4:25:26  327,124/1,000,000  20.5/s  upd=7480  L=0.0288  D=1.257
[regir_fixed4] 4:25:37  327,476/1,000,000  20.5/s  upd=7487  L=0.0397  D=1.257
[regir_fixed4] 4:25:48  327,776/1,000,000  20.6/s  upd=7493  L=0.0217  D=1.257
[regir_fixed4] 4:25:58  328,053/1,000,000  20.6/s  upd=7500  L=0.0304  D=1.257
[regir_fixed4] 4:26:09  328,361/1,000,000  20.6/s  upd=7507  L=0.0270  D=1.257
[regir_fixed4] 4:26:20  328,664/1,000,000  20.6/s  upd=7514  L=0.0258  D=1.257
[regir_fixed4] 4:26:31  328,992/1,000,000  20.6/s  upd=7521  L=0.0288  D=1.257
[regir_fixed4] 4:26:41  328,992/1,000,000  20.6/s  upd=7528  L=0.0404  D=1.257
[regir_fixed4] 4:26:52  329,251/1,000,000  20.6/s  upd=7535  L=0.0210  D=1.257
[regir_fixed4] 4:27:03  329,556/1,000,000  20.6/s  upd=7542  L=0.0248  D=1.257
[regir_fixed4] 4:27:13  329,907/1,000,000  20.6/s  upd=7549  L=0.0447  D=1.257
[regir_fixed4] 4:27:25  330,214/1,000,000  20.6/s  upd=7556  L=0.0190  D=1.257
[regir_fixed4] 4:27:37  330,519/1,000,000  20.6/s  upd=7563  L=0.0290  D=1.257
[regir_fixed4] 4:27:48  330,832/1,000,000  20.6/s  upd=7571  L=0.0285  D=1.257
[regir_fixed4] 4:27:58  331,161/1,000,000  20.6/s  upd=7579  L=0.0290  D=1.257
[regir_fixed4] 4:28:09  331,414/1,000,000  20.6/s  upd=7586  L=0.0297  D=1.257
[regir_fixed4] 4:28:19  331,414/1,000,000  20.6/s  upd=7592  L=0.0371  D=1.257
[regir_fixed4] 4:28:31  331,738/1,000,000  20.6/s  upd=7599  L=0.0238  D=1.257
[regir_fixed4] 4:28:41  332,031/1,000,000  20.6/s  upd=7605  L=0.0458  D=1.257
[regir_fixed4] 4:28:52  332,351/1,000,000  20.6/s  upd=7611  L=0.0260  D=1.257
[regir_fixed4] 4:29:02  332,672/1,000,000  20.6/s  upd=7617  L=0.0202  D=1.257
[regir_fixed4] 4:29:12  332,672/1,000,000  20.6/s  upd=7624  L=0.0538  D=1.257
[regir_fixed4] 4:29:22  333,007/1,000,000  20.6/s  upd=7630  L=0.0237  D=1.257
[regir_fixed4] 4:29:33  333,316/1,000,000  20.6/s  upd=7636  L=0.0325  D=1.257
[regir_fixed4] 4:29:44  333,586/1,000,000  20.6/s  upd=7643  L=0.0232  D=1.257
[regir_fixed4] 4:29:55  333,921/1,000,000  20.6/s  upd=7650  L=0.0360  D=1.257
[regir_fixed4] saved resume t_env=333,921
[regir_fixed4] 4:30:07  333,921/1,000,000  20.6/s  upd=7656  L=0.0375  D=1.257
[regir_fixed4] 4:30:18  334,290/1,000,000  20.6/s  upd=7662  L=0.0328  D=1.257
[regir_fixed4] 4:30:29  334,592/1,000,000  20.6/s  upd=7670  L=0.0256  D=1.257
[regir_fixed4] 4:30:40  334,893/1,000,000  20.6/s  upd=7676  L=0.0286  D=1.257
[regir_fixed4] 4:30:50  335,164/1,000,000  20.6/s  upd=7683  L=0.0247  D=1.257
[regir_fixed4] 4:31:01  335,463/1,000,000  20.6/s  upd=7689  L=0.0315  D=1.257
[regir_fixed4] 4:31:12  335,463/1,000,000  20.6/s  upd=7696  L=0.0216  D=1.257
[regir_fixed4] 4:31:23  335,841/1,000,000  20.6/s  upd=7702  L=0.0242  D=1.257
[regir_fixed4] 4:31:34  336,183/1,000,000  20.6/s  upd=7708  L=0.0668  D=1.257
[regir_fixed4] 4:31:44  336,557/1,000,000  20.6/s  upd=7713  L=0.0351  D=1.257
[regir_fixed4] 4:31:55  336,557/1,000,000  20.6/s  upd=7719  L=0.0239  D=1.257
[regir_fixed4] 4:32:06  336,855/1,000,000  20.6/s  upd=7725  L=0.0238  D=1.257
[regir_fixed4] 4:32:16  337,110/1,000,000  20.6/s  upd=7731  L=0.0275  D=1.257
[regir_fixed4] 4:32:27  337,448/1,000,000  20.6/s  upd=7737  L=0.0261  D=1.257
[regir_fixed4] 4:32:39  337,762/1,000,000  20.6/s  upd=7745  L=0.0501  D=1.257
[regir_fixed4] 4:32:49  337,762/1,000,000  20.6/s  upd=7752  L=0.0325  D=1.257
[regir_fixed4] 4:32:59  338,061/1,000,000  20.6/s  upd=7759  L=0.0401  D=1.257
[regir_fixed4] 4:33:11  338,415/1,000,000  20.6/s  upd=7765  L=0.0304  D=1.257
[regir_fixed4] 4:33:22  338,734/1,000,000  20.7/s  upd=7771  L=0.0253  D=1.257
[regir_fixed4] 4:33:33  339,017/1,000,000  20.7/s  upd=7777  L=0.0275  D=1.257
[regir_fixed4] 4:33:43  339,017/1,000,000  20.6/s  upd=7784  L=0.0313  D=1.257
[regir_fixed4] 4:33:54  339,278/1,000,000  20.6/s  upd=7791  L=0.0295  D=1.257
[regir_fixed4] 4:34:04  339,595/1,000,000  20.7/s  upd=7799  L=0.0305  D=1.257
[regir_fixed4] 4:34:16  339,935/1,000,000  20.7/s  upd=7805  L=0.0299  D=1.257
[regir_fixed4] 4:34:27  340,283/1,000,000  20.7/s  upd=7811  L=0.0237  D=1.257
[regir_fixed4] saved resume t_env=340,283
[regir_fixed4] 4:34:40  340,283/1,000,000  20.6/s  upd=7816  L=0.0291  ev=0/100  D=1.257
[regir_fixed4] 4:34:50  340,283/1,000,000  20.6/s  upd=7816  L=0.0291  ev=88/100  D=1.257
[regir_fixed4] 4:35:00  340,588/1,000,000  20.6/s  upd=7821  L=0.0266  D=1.454
[regir_fixed4] 4:35:12  340,866/1,000,000  20.6/s  upd=7829  L=0.0286  D=1.454
[regir_fixed4] 4:35:23  341,115/1,000,000  20.6/s  upd=7835  L=0.0313  D=1.454
[regir_fixed4] 4:35:34  341,417/1,000,000  20.6/s  upd=7842  L=0.0259  D=1.454
[regir_fixed4] 4:35:45  341,757/1,000,000  20.7/s  upd=7850  L=0.0278  D=1.454
[regir_fixed4] 4:35:56  342,053/1,000,000  20.7/s  upd=7857  L=0.0197  D=1.454
[regir_fixed4] 4:36:06  342,329/1,000,000  20.7/s  upd=7866  L=0.0640  D=1.454
[regir_fixed4] 4:36:18  342,329/1,000,000  20.6/s  upd=7872  L=0.0256  D=1.454
[regir_fixed4] 4:36:28  342,668/1,000,000  20.7/s  upd=7878  L=0.0399  D=1.454
[regir_fixed4] 4:36:40  343,003/1,000,000  20.7/s  upd=7884  L=0.0321  D=1.454
[regir_fixed4] 4:36:51  343,381/1,000,000  20.7/s  upd=7891  L=0.0287  D=1.454
[regir_fixed4] 4:37:01  343,381/1,000,000  20.7/s  upd=7896  L=0.0296  D=1.454
[regir_fixed4] 4:37:13  343,677/1,000,000  20.7/s  upd=7904  L=0.0241  D=1.454
[regir_fixed4] 4:37:23  343,927/1,000,000  20.7/s  upd=7910  L=0.0237  D=1.454
[regir_fixed4] 4:37:33  344,218/1,000,000  20.7/s  upd=7916  L=0.0241  D=1.454
[regir_fixed4] 4:37:44  344,531/1,000,000  20.7/s  upd=7922  L=0.0233  D=1.454
[regir_fixed4] 4:37:54  344,531/1,000,000  20.7/s  upd=7928  L=0.0295  D=1.454
[regir_fixed4] 4:38:06  344,868/1,000,000  20.7/s  upd=7935  L=0.0319  D=1.454
[regir_fixed4] 4:38:16  345,173/1,000,000  20.7/s  upd=7942  L=0.0329  D=1.454
[regir_fixed4] 4:38:26  345,506/1,000,000  20.7/s  upd=7948  L=0.0202  D=1.454
[regir_fixed4] 4:38:38  345,887/1,000,000  20.7/s  upd=7955  L=0.0233  D=1.454
[regir_fixed4] 4:38:48  346,157/1,000,000  20.7/s  upd=7961  L=0.0358  D=1.454
[regir_fixed4] 4:38:58  346,157/1,000,000  20.7/s  upd=7968  L=0.0302  D=1.454
[regir_fixed4] 4:39:10  346,448/1,000,000  20.7/s  upd=7974  L=0.0336  D=1.454
[regir_fixed4] 4:39:21  346,761/1,000,000  20.7/s  upd=7981  L=0.0481  D=1.454
[regir_fixed4] 4:39:33  347,069/1,000,000  20.7/s  upd=7988  L=0.0222  D=1.454
[regir_fixed4] 4:39:43  347,346/1,000,000  20.7/s  upd=7995  L=0.0270  D=1.454
[regir_fixed4] 4:39:53  347,633/1,000,000  20.7/s  upd=8002  L=0.0410  D=1.454
[regir_fixed4] 4:40:03  347,958/1,000,000  20.7/s  upd=8009  L=0.0249  D=1.454
[regir_fixed4] 4:40:13  347,958/1,000,000  20.7/s  upd=8016  L=0.0343  D=1.454
[regir_fixed4] 4:40:24  348,214/1,000,000  20.7/s  upd=8022  L=0.0238  D=1.454
[regir_fixed4] 4:40:34  348,491/1,000,000  20.7/s  upd=8028  L=0.0511  D=1.454
[regir_fixed4] 4:40:44  348,780/1,000,000  20.7/s  upd=8034  L=0.0383  D=1.454
[regir_fixed4] 4:40:54  348,780/1,000,000  20.7/s  upd=8040  L=0.0277  D=1.454
[regir_fixed4] 4:41:05  349,085/1,000,000  20.7/s  upd=8046  L=0.0363  D=1.454
[regir_fixed4] 4:41:15  349,409/1,000,000  20.7/s  upd=8053  L=0.0262  D=1.454
[regir_fixed4] 4:41:27  349,714/1,000,000  20.7/s  upd=8060  L=0.0242  D=1.454
[regir_fixed4] 4:41:38  350,023/1,000,000  20.7/s  upd=8068  L=0.0366  D=1.454
[regir_fixed4] 4:41:49  350,320/1,000,000  20.7/s  upd=8075  L=0.0330  D=1.454
[regir_fixed4] 4:41:59  350,628/1,000,000  20.7/s  upd=8082  L=0.0276  D=1.454
[regir_fixed4] 4:42:11  350,896/1,000,000  20.7/s  upd=8090  L=0.0226  D=1.454
[regir_fixed4] 4:42:22  351,226/1,000,000  20.7/s  upd=8097  L=0.0319  D=1.454
[regir_fixed4] 4:42:32  351,226/1,000,000  20.7/s  upd=8104  L=0.0281  D=1.454
[regir_fixed4] 4:42:42  351,510/1,000,000  20.7/s  upd=8110  L=0.0283  D=1.454
[regir_fixed4] 4:42:53  351,816/1,000,000  20.7/s  upd=8116  L=0.0382  D=1.454
[regir_fixed4] 4:43:03  352,141/1,000,000  20.7/s  upd=8123  L=0.0400  D=1.454
[regir_fixed4] 4:43:13  352,411/1,000,000  20.7/s  upd=8129  L=0.0252  D=1.454
[regir_fixed4] 4:43:24  352,732/1,000,000  20.7/s  upd=8137  L=0.0492  D=1.454
[regir_fixed4] 4:43:34  352,732/1,000,000  20.7/s  upd=8144  L=0.0362  D=1.454
[regir_fixed4] 4:43:45  353,045/1,000,000  20.7/s  upd=8151  L=0.0319  D=1.454
[regir_fixed4] 4:43:55  353,317/1,000,000  20.7/s  upd=8158  L=0.0384  D=1.454
[regir_fixed4] 4:44:05  353,585/1,000,000  20.7/s  upd=8165  L=0.0291  D=1.454
[regir_fixed4] 4:44:17  353,855/1,000,000  20.7/s  upd=8173  L=0.0301  D=1.454
[regir_fixed4] 4:44:27  354,169/1,000,000  20.8/s  upd=8179  L=0.0372  D=1.454
[regir_fixed4] 4:44:38  354,460/1,000,000  20.8/s  upd=8185  L=0.0352  D=1.454
[regir_fixed4] saved resume t_env=354,460
[regir_fixed4] 4:44:50  354,460/1,000,000  20.7/s  upd=8192  L=0.0289  D=1.454
[regir_fixed4] 4:45:00  354,717/1,000,000  20.7/s  upd=8199  L=0.0405  D=1.454
[regir_fixed4] 4:45:11  355,019/1,000,000  20.7/s  upd=8206  L=0.0168  D=1.454
[regir_fixed4] 4:45:23  355,307/1,000,000  20.8/s  upd=8214  L=0.0351  D=1.454
[regir_fixed4] 4:45:34  355,640/1,000,000  20.8/s  upd=8221  L=0.0227  D=1.454
[regir_fixed4] 4:45:44  355,961/1,000,000  20.8/s  upd=8228  L=0.0264  D=1.454
[regir_fixed4] 4:45:55  356,379/1,000,000  20.8/s  upd=8235  L=0.0397  D=1.454
[regir_fixed4] 4:46:06  356,682/1,000,000  20.8/s  upd=8242  L=0.0281  D=1.454
[regir_fixed4] 4:46:17  356,682/1,000,000  20.8/s  upd=8248  L=0.0254  D=1.454
[regir_fixed4] 4:46:28  357,001/1,000,000  20.8/s  upd=8255  L=0.0339  D=1.454
[regir_fixed4] 4:46:38  357,260/1,000,000  20.8/s  upd=8262  L=0.0269  D=1.454
[regir_fixed4] 4:46:48  357,544/1,000,000  20.8/s  upd=8269  L=0.0276  D=1.454
[regir_fixed4] 4:46:59  357,849/1,000,000  20.8/s  upd=8275  L=0.0222  D=1.454
[regir_fixed4] 4:47:10  358,135/1,000,000  20.8/s  upd=8283  L=0.0282  D=1.454
[regir_fixed4] 4:47:20  358,448/1,000,000  20.8/s  upd=8289  L=0.0204  D=1.454
[regir_fixed4] 4:47:31  358,790/1,000,000  20.8/s  upd=8297  L=0.0447  D=1.454
[regir_fixed4] 4:47:41  358,790/1,000,000  20.8/s  upd=8304  L=0.0397  D=1.454
[regir_fixed4] 4:47:52  359,084/1,000,000  20.8/s  upd=8312  L=0.0330  D=1.454
[regir_fixed4] 4:48:02  359,383/1,000,000  20.8/s  upd=8319  L=0.0243  D=1.454
[regir_fixed4] 4:48:13  359,687/1,000,000  20.8/s  upd=8326  L=0.0227  D=1.454
[regir_fixed4] 4:48:23  359,997/1,000,000  20.8/s  upd=8332  L=0.0393  D=1.454
[regir_fixed4] 4:48:35  360,311/1,000,000  20.8/s  upd=8340  L=0.0388  D=1.454
[regir_fixed4] saved resume t_env=360,311
[regir_fixed4] 4:48:47  360,311/1,000,000  20.8/s  upd=8344  L=0.0238  ev=0/100  D=1.454
[regir_fixed4] 4:48:57  360,311/1,000,000  20.8/s  upd=8344  L=0.0238  ev=80/100  D=1.454
[regir_fixed4] 4:49:07  360,629/1,000,000  20.8/s  upd=8349  L=0.0321  D=1.471
[regir_fixed4] 4:49:18  360,937/1,000,000  20.8/s  upd=8356  L=0.0319  D=1.471
[regir_fixed4] 4:49:29  361,240/1,000,000  20.8/s  upd=8363  L=0.0377  D=1.471
[regir_fixed4] 4:49:40  361,549/1,000,000  20.8/s  upd=8371  L=0.0225  D=1.471
[regir_fixed4] 4:49:51  361,920/1,000,000  20.8/s  upd=8378  L=0.0297  D=1.471
[regir_fixed4] 4:50:01  362,285/1,000,000  20.8/s  upd=8385  L=0.0401  D=1.471
[regir_fixed4] 4:50:11  362,285/1,000,000  20.8/s  upd=8392  L=0.0274  D=1.471
[regir_fixed4] 4:50:21  362,622/1,000,000  20.8/s  upd=8398  L=0.0197  D=1.471
[regir_fixed4] 4:50:32  362,927/1,000,000  20.8/s  upd=8404  L=0.0220  D=1.471
[regir_fixed4] 4:50:42  363,296/1,000,000  20.8/s  upd=8410  L=0.0309  D=1.471
[regir_fixed4] 4:50:52  363,636/1,000,000  20.8/s  upd=8417  L=0.0344  D=1.471
[regir_fixed4] 4:51:03  363,636/1,000,000  20.8/s  upd=8424  L=0.0305  D=1.471
[regir_fixed4] 4:51:13  363,912/1,000,000  20.8/s  upd=8431  L=0.0262  D=1.471
[regir_fixed4] 4:51:25  364,238/1,000,000  20.8/s  upd=8438  L=0.0426  D=1.471
[regir_fixed4] 4:51:35  364,653/1,000,000  20.8/s  upd=8446  L=0.0177  D=1.471
[regir_fixed4] 4:51:46  364,979/1,000,000  20.8/s  upd=8454  L=0.0253  D=1.471
[regir_fixed4] 4:51:56  365,302/1,000,000  20.9/s  upd=8461  L=0.0283  D=1.471
[regir_fixed4] 4:52:07  365,602/1,000,000  20.9/s  upd=8468  L=0.0342  D=1.471
[regir_fixed4] 4:52:18  365,904/1,000,000  20.9/s  upd=8477  L=0.0272  D=1.471
[regir_fixed4] 4:52:29  366,211/1,000,000  20.9/s  upd=8484  L=0.0387  D=1.471
[regir_fixed4] 4:52:40  366,554/1,000,000  20.9/s  upd=8490  L=0.0271  D=1.471
[regir_fixed4] 4:52:50  366,894/1,000,000  20.9/s  upd=8497  L=0.0283  D=1.471
[regir_fixed4] 4:53:00  366,894/1,000,000  20.9/s  upd=8504  L=0.0312  D=1.471
[regir_fixed4] 4:53:11  367,271/1,000,000  20.9/s  upd=8511  L=0.0245  D=1.471
[regir_fixed4] 4:53:22  367,600/1,000,000  20.9/s  upd=8518  L=0.0230  D=1.471
[regir_fixed4] 4:53:32  367,895/1,000,000  20.9/s  upd=8525  L=0.0453  D=1.471
[regir_fixed4] 4:53:43  368,182/1,000,000  20.9/s  upd=8530  L=0.0197  D=1.471
[regir_fixed4] 4:53:53  368,540/1,000,000  20.9/s  upd=8538  L=0.0347  D=1.471
[regir_fixed4] 4:54:04  368,860/1,000,000  20.9/s  upd=8545  L=0.0206  D=1.471
[regir_fixed4] 4:54:15  369,137/1,000,000  20.9/s  upd=8553  L=0.0342  D=1.471
[regir_fixed4] 4:54:26  369,137/1,000,000  20.9/s  upd=8559  L=0.0252  D=1.471
[regir_fixed4] 4:54:36  369,452/1,000,000  20.9/s  upd=8566  L=0.0262  D=1.471
[regir_fixed4] 4:54:47  369,774/1,000,000  20.9/s  upd=8572  L=0.0242  D=1.471
[regir_fixed4] 4:54:58  370,082/1,000,000  20.9/s  upd=8578  L=0.0486  D=1.471
[regir_fixed4] 4:55:09  370,371/1,000,000  20.9/s  upd=8585  L=0.0318  D=1.471
[regir_fixed4] 4:55:19  370,371/1,000,000  20.9/s  upd=8592  L=0.0316  D=1.471
[regir_fixed4] 4:55:29  370,710/1,000,000  20.9/s  upd=8599  L=0.0280  D=1.471
[regir_fixed4] 4:55:40  370,984/1,000,000  20.9/s  upd=8606  L=0.0263  D=1.471
[regir_fixed4] 4:55:50  371,272/1,000,000  20.9/s  upd=8612  L=0.0260  D=1.471
[regir_fixed4] 4:56:01  371,617/1,000,000  20.9/s  upd=8619  L=0.0272  D=1.471
[regir_fixed4] 4:56:11  371,967/1,000,000  20.9/s  upd=8626  L=0.0199  D=1.471
[regir_fixed4] 4:56:21  371,967/1,000,000  20.9/s  upd=8632  L=0.0191  D=1.471
[regir_fixed4] 4:56:31  372,233/1,000,000  20.9/s  upd=8639  L=0.0242  D=1.471
[regir_fixed4] 4:56:42  372,562/1,000,000  20.9/s  upd=8646  L=0.0355  D=1.471
[regir_fixed4] 4:56:53  372,812/1,000,000  20.9/s  upd=8653  L=0.0297  D=1.471
[regir_fixed4] 4:57:03  373,056/1,000,000  20.9/s  upd=8659  L=0.0182  D=1.471
[regir_fixed4] 4:57:13  373,056/1,000,000  20.9/s  upd=8664  L=0.0245  D=1.471
[regir_fixed4] 4:57:23  373,344/1,000,000  20.9/s  upd=8672  L=0.0234  D=1.471
[regir_fixed4] 4:57:33  373,669/1,000,000  20.9/s  upd=8678  L=0.0282  D=1.471
[regir_fixed4] 4:57:44  374,003/1,000,000  20.9/s  upd=8684  L=0.0290  D=1.471
[regir_fixed4] 4:57:56  374,330/1,000,000  20.9/s  upd=8692  L=0.0246  D=1.471
[regir_fixed4] 4:58:07  374,631/1,000,000  20.9/s  upd=8699  L=0.0309  D=1.471
[regir_fixed4] 4:58:17  374,861/1,000,000  20.9/s  upd=8705  L=0.0212  D=1.471
[regir_fixed4] 4:58:28  374,861/1,000,000  20.9/s  upd=8712  L=0.0417  D=1.471
[regir_fixed4] 4:58:39  375,147/1,000,000  20.9/s  upd=8718  L=0.0230  D=1.471
[regir_fixed4] 4:58:50  375,485/1,000,000  20.9/s  upd=8725  L=0.0210  D=1.471
[regir_fixed4] saved resume t_env=375,485
[regir_fixed4] 4:59:00  375,805/1,000,000  20.9/s  upd=8729  L=0.0229  D=1.471
[regir_fixed4] 4:59:10  375,805/1,000,000  20.9/s  upd=8736  L=0.0350  D=1.471
[regir_fixed4] 4:59:21  376,448/1,000,000  21.0/s  upd=8746  L=0.0318  D=1.471
[regir_fixed4] 4:59:32  376,734/1,000,000  21.0/s  upd=8754  L=0.0259  D=1.471
[regir_fixed4] 4:59:43  377,091/1,000,000  21.0/s  upd=8763  L=0.0235  D=1.471
[regir_fixed4] 4:59:54  377,435/1,000,000  21.0/s  upd=8769  L=0.0261  D=1.471
[regir_fixed4] 5:00:04  377,435/1,000,000  21.0/s  upd=8776  L=0.0427  D=1.471
[regir_fixed4] 5:00:15  377,803/1,000,000  21.0/s  upd=8784  L=0.0382  D=1.471
[regir_fixed4] 5:00:25  378,088/1,000,000  21.0/s  upd=8791  L=0.0240  D=1.471
[regir_fixed4] 5:00:36  378,383/1,000,000  21.0/s  upd=8799  L=0.0292  D=1.471
[regir_fixed4] 5:00:47  378,720/1,000,000  21.0/s  upd=8806  L=0.0342  D=1.471
[regir_fixed4] 5:00:57  379,067/1,000,000  21.0/s  upd=8812  L=0.0280  D=1.471
[regir_fixed4] 5:01:07  379,320/1,000,000  21.0/s  upd=8818  L=0.0244  D=1.471
[regir_fixed4] 5:01:17  379,320/1,000,000  21.0/s  upd=8824  L=0.0305  D=1.471
[regir_fixed4] 5:01:28  379,679/1,000,000  21.0/s  upd=8831  L=0.0199  D=1.471
[regir_fixed4] 5:01:39  379,975/1,000,000  21.0/s  upd=8838  L=0.0252  D=1.471
[regir_fixed4] 5:01:50  380,312/1,000,000  21.0/s  upd=8845  L=0.0495  D=1.471
[regir_fixed4] saved resume t_env=380,312
[regir_fixed4] 5:02:00  380,312/1,000,000  21.0/s  upd=8848  L=0.0325  ev=0/100  D=1.471
[regir_fixed4] 5:02:10  380,312/1,000,000  21.0/s  upd=8848  L=0.0325  ev=57/100  D=1.471
[regir_fixed4] 5:02:20  380,701/1,000,000  21.0/s  upd=8850  L=0.0272  D=1.786
[regir_fixed4] 5:02:31  380,978/1,000,000  21.0/s  upd=8857  L=0.0410  D=1.786
[regir_fixed4] 5:02:41  380,978/1,000,000  21.0/s  upd=8863  L=0.0144  D=1.786
[regir_fixed4] 5:02:51  381,314/1,000,000  21.0/s  upd=8870  L=0.0229  D=1.786
[regir_fixed4] 5:03:01  381,611/1,000,000  21.0/s  upd=8876  L=0.0304  D=1.786
[regir_fixed4] 5:03:12  382,036/1,000,000  21.0/s  upd=8882  L=0.0330  D=1.786
[regir_fixed4] 5:03:24  382,367/1,000,000  21.0/s  upd=8890  L=0.0440  D=1.786
[regir_fixed4] 5:03:34  382,665/1,000,000  21.0/s  upd=8897  L=0.0238  D=1.786
[regir_fixed4] 5:03:45  382,665/1,000,000  21.0/s  upd=8904  L=0.0271  D=1.786
[regir_fixed4] 5:03:57  382,947/1,000,000  21.0/s  upd=8912  L=0.0184  D=1.786
[regir_fixed4] 5:04:08  383,314/1,000,000  21.0/s  upd=8919  L=0.0438  D=1.786
[regir_fixed4] 5:04:20  383,676/1,000,000  21.0/s  upd=8927  L=0.0197  D=1.786
[regir_fixed4] 5:04:31  383,950/1,000,000  21.0/s  upd=8934  L=0.0299  D=1.786
[regir_fixed4] 5:04:41  384,300/1,000,000  21.0/s  upd=8940  L=0.0289  D=1.786
[regir_fixed4] 5:04:52  384,566/1,000,000  21.0/s  upd=8947  L=0.0408  D=1.786
[regir_fixed4] 5:05:03  384,878/1,000,000  21.0/s  upd=8953  L=0.0288  D=1.786
[regir_fixed4] 5:05:14  385,122/1,000,000  21.0/s  upd=8961  L=0.0261  D=1.786
[regir_fixed4] 5:05:24  385,122/1,000,000  21.0/s  upd=8968  L=0.0231  D=1.786
[regir_fixed4] 5:05:35  385,417/1,000,000  21.0/s  upd=8976  L=0.0406  D=1.786
[regir_fixed4] 5:05:46  385,729/1,000,000  21.0/s  upd=8982  L=0.0279  D=1.786
[regir_fixed4] 5:05:58  386,024/1,000,000  21.0/s  upd=8990  L=0.0270  D=1.786
[regir_fixed4] 5:06:09  386,350/1,000,000  21.0/s  upd=8998  L=0.0367  D=1.786
[regir_fixed4] 5:06:19  386,670/1,000,000  21.0/s  upd=9005  L=0.0216  D=1.786
[regir_fixed4] 5:06:29  387,046/1,000,000  21.0/s  upd=9010  L=0.0262  D=1.786
[regir_fixed4] 5:06:39  387,329/1,000,000  21.1/s  upd=9017  L=0.0292  D=1.786
[regir_fixed4] 5:06:49  387,329/1,000,000  21.0/s  upd=9024  L=0.0239  D=1.786
[regir_fixed4] 5:06:59  387,657/1,000,000  21.0/s  upd=9032  L=0.0321  D=1.786
[regir_fixed4] 5:07:09  387,982/1,000,000  21.1/s  upd=9039  L=0.0516  D=1.786
[regir_fixed4] 5:07:20  388,274/1,000,000  21.1/s  upd=9045  L=0.0297  D=1.786
[regir_fixed4] 5:07:31  388,598/1,000,000  21.1/s  upd=9052  L=0.0273  D=1.786
[regir_fixed4] 5:07:42  388,906/1,000,000  21.1/s  upd=9060  L=0.0380  D=1.786
[regir_fixed4] 5:07:52  389,217/1,000,000  21.1/s  upd=9066  L=0.0309  D=1.786
[regir_fixed4] 5:08:02  389,532/1,000,000  21.1/s  upd=9073  L=0.0212  D=1.786
[regir_fixed4] 5:08:14  389,532/1,000,000  21.1/s  upd=9080  L=0.0227  D=1.786
[regir_fixed4] 5:08:24  389,910/1,000,000  21.1/s  upd=9086  L=0.0204  D=1.786
[regir_fixed4] 5:08:35  390,320/1,000,000  21.1/s  upd=9093  L=0.0297  D=1.786
[regir_fixed4] 5:08:46  390,667/1,000,000  21.1/s  upd=9100  L=0.0281  D=1.786
[regir_fixed4] 5:08:57  391,041/1,000,000  21.1/s  upd=9107  L=0.0302  D=1.786
[regir_fixed4] 5:09:08  391,350/1,000,000  21.1/s  upd=9113  L=0.0277  D=1.786
[regir_fixed4] 5:09:19  391,664/1,000,000  21.1/s  upd=9121  L=0.0277  D=1.786
[regir_fixed4] 5:09:30  391,664/1,000,000  21.1/s  upd=9128  L=0.0373  D=1.786
[regir_fixed4] 5:09:41  391,989/1,000,000  21.1/s  upd=9134  L=0.0318  D=1.786
[regir_fixed4] 5:09:52  392,315/1,000,000  21.1/s  upd=9140  L=0.0238  D=1.786
[regir_fixed4] 5:10:03  392,592/1,000,000  21.1/s  upd=9147  L=0.0230  D=1.786
[regir_fixed4] 5:10:14  392,887/1,000,000  21.1/s  upd=9153  L=0.0348  D=1.786
[regir_fixed4] 5:10:24  392,887/1,000,000  21.1/s  upd=9159  L=0.0304  D=1.786
[regir_fixed4] 5:10:34  393,171/1,000,000  21.1/s  upd=9166  L=0.0177  D=1.786
[regir_fixed4] 5:10:44  393,454/1,000,000  21.1/s  upd=9173  L=0.0419  D=1.786
[regir_fixed4] 5:10:55  393,749/1,000,000  21.1/s  upd=9181  L=0.0377  D=1.786
[regir_fixed4] 5:11:07  394,122/1,000,000  21.1/s  upd=9187  L=0.0329  D=1.786
[regir_fixed4] 5:11:19  394,418/1,000,000  21.1/s  upd=9195  L=0.0318  D=1.786
[regir_fixed4] 5:11:31  394,736/1,000,000  21.1/s  upd=9202  L=0.0274  D=1.786
[regir_fixed4] 5:11:42  395,026/1,000,000  21.1/s  upd=9209  L=0.0330  D=1.786
[regir_fixed4] 5:11:52  395,026/1,000,000  21.1/s  upd=9216  L=0.0407  D=1.786
[regir_fixed4] 5:12:02  395,307/1,000,000  21.1/s  upd=9223  L=0.0212  D=1.786
[regir_fixed4] saved resume t_env=395,307
[regir_fixed4] 5:12:13  395,622/1,000,000  21.1/s  upd=9228  L=0.0318  D=1.786
[regir_fixed4] 5:12:25  395,972/1,000,000  21.1/s  upd=9235  L=0.0244  D=1.786
[regir_fixed4] 5:12:35  396,308/1,000,000  21.1/s  upd=9242  L=0.0388  D=1.786
[regir_fixed4] 5:12:45  396,596/1,000,000  21.1/s  upd=9250  L=0.0302  D=1.786
[regir_fixed4] 5:12:57  396,915/1,000,000  21.1/s  upd=9258  L=0.0231  D=1.786
[regir_fixed4] 5:13:07  397,224/1,000,000  21.1/s  upd=9265  L=0.0331  D=1.786
[regir_fixed4] 5:13:17  397,224/1,000,000  21.1/s  upd=9272  L=0.0312  D=1.786
[regir_fixed4] 5:13:28  397,594/1,000,000  21.1/s  upd=9279  L=0.0382  D=1.786
[regir_fixed4] 5:13:38  397,889/1,000,000  21.1/s  upd=9285  L=0.0294  D=1.786
[regir_fixed4] 5:13:49  398,175/1,000,000  21.1/s  upd=9291  L=0.0276  D=1.786
[regir_fixed4] 5:14:01  398,456/1,000,000  21.1/s  upd=9299  L=0.0236  D=1.786
[regir_fixed4] 5:14:12  398,772/1,000,000  21.2/s  upd=9307  L=0.0296  D=1.786
[regir_fixed4] 5:14:22  399,078/1,000,000  21.2/s  upd=9315  L=0.0371  D=1.786
[regir_fixed4] 5:14:33  399,406/1,000,000  21.2/s  upd=9323  L=0.0278  D=1.786
[regir_fixed4] 5:14:44  399,692/1,000,000  21.2/s  upd=9330  L=0.0265  D=1.786
[regir_fixed4] 5:14:55  400,037/1,000,000  21.2/s  upd=9338  L=0.0261  D=1.786
[regir_fixed4] saved resume t_env=400,037
[regir_fixed4] 5:15:09  400,037/1,000,000  21.2/s  upd=9344  L=0.0326  ev=0/100  D=1.786
[regir_fixed4] 5:15:19  400,037/1,000,000  21.1/s  upd=9344  L=0.0326  ev=73/100  D=1.786
[regir_fixed4] 5:15:30  400,368/1,000,000  21.1/s  upd=9347  L=0.0186  D=1.467
[regir_fixed4] 5:15:40  400,707/1,000,000  21.2/s  upd=9354  L=0.0250  D=1.467
[regir_fixed4] 5:15:51  401,039/1,000,000  21.2/s  upd=9362  L=0.0251  D=1.467
[regir_fixed4] 5:16:02  401,347/1,000,000  21.2/s  upd=9369  L=0.0267  D=1.467
[regir_fixed4] 5:16:12  401,347/1,000,000  21.2/s  upd=9376  L=0.0279  D=1.467
[regir_fixed4] 5:16:22  401,735/1,000,000  21.2/s  upd=9384  L=0.0285  D=1.467
[regir_fixed4] 5:16:34  402,051/1,000,000  21.2/s  upd=9390  L=0.0317  D=1.467
[regir_fixed4] 5:16:44  402,346/1,000,000  21.2/s  upd=9397  L=0.0529  D=1.467
[regir_fixed4] 5:16:54  402,615/1,000,000  21.2/s  upd=9404  L=0.0194  D=1.467
[regir_fixed4] 5:17:06  402,972/1,000,000  21.2/s  upd=9411  L=0.0356  D=1.467
[regir_fixed4] 5:17:17  403,235/1,000,000  21.2/s  upd=9419  L=0.0221  D=1.467
[regir_fixed4] 5:17:28  403,596/1,000,000  21.2/s  upd=9427  L=0.0324  D=1.467
[regir_fixed4] 5:17:39  403,920/1,000,000  21.2/s  upd=9434  L=0.0391  D=1.467
[regir_fixed4] 5:17:49  403,920/1,000,000  21.2/s  upd=9440  L=0.0335  D=1.467
[regir_fixed4] 5:18:00  404,301/1,000,000  21.2/s  upd=9447  L=0.0797  D=1.467
[regir_fixed4] 5:18:11  404,602/1,000,000  21.2/s  upd=9455  L=0.0292  D=1.467
[regir_fixed4] 5:18:22  404,928/1,000,000  21.2/s  upd=9462  L=0.0281  D=1.467
[regir_fixed4] 5:18:32  405,268/1,000,000  21.2/s  upd=9469  L=0.0279  D=1.467
[regir_fixed4] 5:18:43  405,582/1,000,000  21.2/s  upd=9476  L=0.0260  D=1.467
[regir_fixed4] 5:18:53  405,901/1,000,000  21.2/s  upd=9482  L=0.0266  D=1.467
[regir_fixed4] 5:19:05  406,253/1,000,000  21.2/s  upd=9490  L=0.0331  D=1.467
[regir_fixed4] 5:19:15  406,623/1,000,000  21.2/s  upd=9497  L=0.0219  D=1.467
[regir_fixed4] 5:19:26  406,623/1,000,000  21.2/s  upd=9504  L=0.0383  D=1.467
[regir_fixed4] 5:19:36  406,912/1,000,000  21.2/s  upd=9512  L=0.0349  D=1.467
[regir_fixed4] 5:19:48  407,199/1,000,000  21.2/s  upd=9519  L=0.0508  D=1.467
[regir_fixed4] 5:19:58  407,530/1,000,000  21.2/s  upd=9526  L=0.0393  D=1.467
[regir_fixed4] 5:20:09  407,796/1,000,000  21.2/s  upd=9532  L=0.0235  D=1.467
[regir_fixed4] 5:20:20  408,139/1,000,000  21.2/s  upd=9540  L=0.0252  D=1.467
[regir_fixed4] 5:20:30  408,452/1,000,000  21.2/s  upd=9548  L=0.0400  D=1.467
[regir_fixed4] 5:20:41  408,784/1,000,000  21.2/s  upd=9556  L=0.0512  D=1.467
[regir_fixed4] 5:20:52  409,107/1,000,000  21.2/s  upd=9563  L=0.0316  D=1.467
[regir_fixed4] 5:21:03  409,442/1,000,000  21.3/s  upd=9571  L=0.0295  D=1.467
[regir_fixed4] 5:21:13  409,747/1,000,000  21.3/s  upd=9580  L=0.0246  D=1.467
[regir_fixed4] 5:21:25  410,076/1,000,000  21.3/s  upd=9589  L=0.0480  D=1.467
[regir_fixed4] 5:21:36  410,406/1,000,000  21.3/s  upd=9596  L=0.0234  D=1.467
[regir_fixed4] 5:21:46  410,710/1,000,000  21.3/s  upd=9603  L=0.0233  D=1.467
[regir_fixed4] 5:21:56  411,022/1,000,000  21.3/s  upd=9610  L=0.0380  D=1.467
[regir_fixed4] 5:22:06  411,342/1,000,000  21.3/s  upd=9617  L=0.0353  D=1.467
[regir_fixed4] 5:22:17  411,649/1,000,000  21.3/s  upd=9625  L=0.0190  D=1.467
[regir_fixed4] 5:22:27  411,649/1,000,000  21.3/s  upd=9632  L=0.0372  D=1.467
[regir_fixed4] 5:22:38  411,942/1,000,000  21.3/s  upd=9639  L=0.0298  D=1.467
[regir_fixed4] 5:22:50  412,314/1,000,000  21.3/s  upd=9646  L=0.0352  D=1.467
[regir_fixed4] 5:23:00  412,590/1,000,000  21.3/s  upd=9653  L=0.0206  D=1.467
[regir_fixed4] 5:23:11  412,994/1,000,000  21.3/s  upd=9660  L=0.0482  D=1.467
[regir_fixed4] 5:23:21  413,378/1,000,000  21.3/s  upd=9667  L=0.0266  D=1.467
[regir_fixed4] 5:23:32  413,718/1,000,000  21.3/s  upd=9673  L=0.0205  D=1.467
[regir_fixed4] 5:23:42  413,718/1,000,000  21.3/s  upd=9680  L=0.0272  D=1.467
[regir_fixed4] 5:23:52  413,987/1,000,000  21.3/s  upd=9687  L=0.0465  D=1.467
[regir_fixed4] 5:24:04  414,294/1,000,000  21.3/s  upd=9694  L=0.0307  D=1.467
[regir_fixed4] 5:24:15  414,682/1,000,000  21.3/s  upd=9701  L=0.0264  D=1.467
[regir_fixed4] 5:24:26  414,970/1,000,000  21.3/s  upd=9707  L=0.0285  D=1.467
[regir_fixed4] 5:24:36  415,330/1,000,000  21.3/s  upd=9713  L=0.0217  D=1.467
[regir_fixed4] 5:24:46  415,330/1,000,000  21.3/s  upd=9720  L=0.0318  D=1.467
[regir_fixed4] 5:24:57  415,696/1,000,000  21.3/s  upd=9726  L=0.0326  D=1.467
[regir_fixed4] 5:25:07  416,017/1,000,000  21.3/s  upd=9733  L=0.0239  D=1.467
[regir_fixed4] saved resume t_env=416,017
[regir_fixed4] 5:25:18  416,344/1,000,000  21.3/s  upd=9738  L=0.0340  D=1.467
[regir_fixed4] 5:25:28  416,781/1,000,000  21.3/s  upd=9745  L=0.0205  D=1.467
[regir_fixed4] 5:25:40  417,122/1,000,000  21.3/s  upd=9753  L=0.0329  D=1.467
[regir_fixed4] 5:25:50  417,122/1,000,000  21.3/s  upd=9760  L=0.0203  D=1.467
[regir_fixed4] 5:26:00  417,433/1,000,000  21.3/s  upd=9768  L=0.0327  D=1.467
[regir_fixed4] 5:26:10  417,760/1,000,000  21.3/s  upd=9775  L=0.0427  D=1.467
[regir_fixed4] 5:26:22  418,069/1,000,000  21.3/s  upd=9783  L=0.0377  D=1.467
[regir_fixed4] 5:26:33  418,437/1,000,000  21.4/s  upd=9791  L=0.0377  D=1.467
[regir_fixed4] 5:26:43  418,744/1,000,000  21.4/s  upd=9799  L=0.0314  D=1.467
[regir_fixed4] 5:26:54  419,091/1,000,000  21.4/s  upd=9807  L=0.0270  D=1.467
[regir_fixed4] 5:27:05  419,446/1,000,000  21.4/s  upd=9814  L=0.0426  D=1.467
[regir_fixed4] 5:27:16  419,759/1,000,000  21.4/s  upd=9821  L=0.0274  D=1.467
[regir_fixed4] 5:27:27  420,032/1,000,000  21.4/s  upd=9827  L=0.0339  D=1.467
[regir_fixed4] saved resume t_env=420,032
[regir_fixed4] 5:27:40  420,032/1,000,000  21.4/s  upd=9832  L=0.0338  ev=0/100  D=1.467
[regir_fixed4] 5:27:50  420,032/1,000,000  21.4/s  upd=9832  L=0.0338  ev=99/100  D=1.467
[regir_fixed4] 5:28:00  420,341/1,000,000  21.4/s  upd=9840  L=0.0253  D=1.134
[regir_fixed4] 5:28:11  421,008/1,000,000  21.4/s  upd=9849  L=0.0257  D=1.134
[regir_fixed4] 5:28:22  421,334/1,000,000  21.4/s  upd=9857  L=0.0493  D=1.134
[regir_fixed4] 5:28:32  421,334/1,000,000  21.4/s  upd=9864  L=0.0240  D=1.134
[regir_fixed4] 5:28:42  421,632/1,000,000  21.4/s  upd=9871  L=0.0251  D=1.134
[regir_fixed4] 5:28:52  421,953/1,000,000  21.4/s  upd=9878  L=0.0243  D=1.134
[regir_fixed4] 5:29:03  422,259/1,000,000  21.4/s  upd=9884  L=0.0205  D=1.134
[regir_fixed4] 5:29:14  422,517/1,000,000  21.4/s  upd=9891  L=0.0252  D=1.134
[regir_fixed4] 5:29:24  422,814/1,000,000  21.4/s  upd=9898  L=0.0323  D=1.134
[regir_fixed4] 5:29:34  423,153/1,000,000  21.4/s  upd=9905  L=0.0434  D=1.134
[regir_fixed4] 5:29:46  423,470/1,000,000  21.4/s  upd=9913  L=0.0256  D=1.134
[regir_fixed4] 5:29:56  423,470/1,000,000  21.4/s  upd=9920  L=0.0256  D=1.134
[regir_fixed4] 5:30:08  423,781/1,000,000  21.4/s  upd=9927  L=0.0228  D=1.134
[regir_fixed4] 5:30:19  424,064/1,000,000  21.4/s  upd=9933  L=0.0267  D=1.134
[regir_fixed4] 5:30:29  424,315/1,000,000  21.4/s  upd=9939  L=0.0239  D=1.134
[regir_fixed4] 5:30:40  424,672/1,000,000  21.4/s  upd=9946  L=0.0237  D=1.134
[regir_fixed4] 5:30:50  425,035/1,000,000  21.4/s  upd=9954  L=0.0288  D=1.134
[regir_fixed4] 5:31:00  425,035/1,000,000  21.4/s  upd=9960  L=0.0367  D=1.134
[regir_fixed4] 5:31:10  425,380/1,000,000  21.4/s  upd=9968  L=0.0309  D=1.134
[regir_fixed4] 5:31:21  425,690/1,000,000  21.4/s  upd=9975  L=0.0409  D=1.134
[regir_fixed4] 5:31:31  426,007/1,000,000  21.4/s  upd=9982  L=0.0325  D=1.134
[regir_fixed4] 5:31:42  426,352/1,000,000  21.4/s  upd=9991  L=0.0265  D=1.134
[regir_fixed4] 5:31:53  426,804/1,000,000  21.4/s  upd=9998  L=0.0302  D=1.134
[regir_fixed4] 5:32:04  427,110/1,000,000  21.4/s  upd=10006  L=0.0384  D=1.134
[regir_fixed4] 5:32:14  427,477/1,000,000  21.4/s  upd=10013  L=0.0269  D=1.134
[regir_fixed4] 5:32:24  427,789/1,000,000  21.4/s  upd=10020  L=0.0257  D=1.134
[regir_fixed4] 5:32:35  428,102/1,000,000  21.5/s  upd=10027  L=0.0247  D=1.134
[regir_fixed4] 5:32:45  428,435/1,000,000  21.5/s  upd=10035  L=0.0326  D=1.134
[regir_fixed4] 5:32:55  428,778/1,000,000  21.5/s  upd=10042  L=0.0343  D=1.134
[regir_fixed4] 5:33:05  429,083/1,000,000  21.5/s  upd=10049  L=0.0352  D=1.134
[regir_fixed4] 5:33:15  429,083/1,000,000  21.5/s  upd=10056  L=0.0277  D=1.134
[regir_fixed4] 5:33:25  429,413/1,000,000  21.5/s  upd=10062  L=0.0281  D=1.134
[regir_fixed4] 5:33:36  429,727/1,000,000  21.5/s  upd=10068  L=0.0289  D=1.134
[regir_fixed4] 5:33:48  429,996/1,000,000  21.5/s  upd=10074  L=0.0218  D=1.134
[regir_fixed4] 5:34:00  430,300/1,000,000  21.5/s  upd=10081  L=0.0296  D=1.134
[regir_fixed4] 5:34:10  430,300/1,000,000  21.5/s  upd=10088  L=0.0750  D=1.134
[regir_fixed4] 5:34:20  430,630/1,000,000  21.5/s  upd=10096  L=0.0233  D=1.134
[regir_fixed4] 5:34:31  431,001/1,000,000  21.5/s  upd=10103  L=0.0286  D=1.134
[regir_fixed4] 5:34:41  431,340/1,000,000  21.5/s  upd=10110  L=0.0316  D=1.134
[regir_fixed4] 5:34:52  431,665/1,000,000  21.5/s  upd=10116  L=0.0305  D=1.134
[regir_fixed4] 5:35:03  432,003/1,000,000  21.5/s  upd=10124  L=0.0191  D=1.134
[regir_fixed4] 5:35:14  432,348/1,000,000  21.5/s  upd=10133  L=0.0385  D=1.134
[regir_fixed4] 5:35:24  432,673/1,000,000  21.5/s  upd=10140  L=0.0213  D=1.134
[regir_fixed4] 5:35:35  432,994/1,000,000  21.5/s  upd=10147  L=0.0248  D=1.134
[regir_fixed4] 5:35:46  433,316/1,000,000  21.5/s  upd=10154  L=0.0223  D=1.134
[regir_fixed4] 5:35:57  433,630/1,000,000  21.5/s  upd=10162  L=0.0298  D=1.134
[regir_fixed4] 5:36:08  433,931/1,000,000  21.5/s  upd=10169  L=0.0217  D=1.134
[regir_fixed4] 5:36:19  433,931/1,000,000  21.5/s  upd=10176  L=0.0389  D=1.134
[regir_fixed4] 5:36:30  434,226/1,000,000  21.5/s  upd=10183  L=0.0412  D=1.134
[regir_fixed4] 5:36:40  434,561/1,000,000  21.5/s  upd=10190  L=0.0252  D=1.134
[regir_fixed4] 5:36:50  434,911/1,000,000  21.5/s  upd=10197  L=0.0345  D=1.134
[regir_fixed4] 5:37:01  435,272/1,000,000  21.5/s  upd=10203  L=0.0405  D=1.134
[regir_fixed4] 5:37:11  435,683/1,000,000  21.5/s  upd=10210  L=0.0266  D=1.134
[regir_fixed4] 5:37:22  435,683/1,000,000  21.5/s  upd=10216  L=0.0492  D=1.134
[regir_fixed4] 5:37:34  435,995/1,000,000  21.5/s  upd=10223  L=0.0267  D=1.134
[regir_fixed4] 5:37:45  436,311/1,000,000  21.5/s  upd=10231  L=0.0409  D=1.134
[regir_fixed4] saved resume t_env=436,311
[regir_fixed4] 5:37:55  436,595/1,000,000  21.5/s  upd=10235  L=0.0314  D=1.134
[regir_fixed4] 5:38:06  436,920/1,000,000  21.5/s  upd=10242  L=0.0341  D=1.134
[regir_fixed4] 5:38:18  437,211/1,000,000  21.5/s  upd=10249  L=0.0361  D=1.134
[regir_fixed4] 5:38:28  437,211/1,000,000  21.5/s  upd=10256  L=0.0274  D=1.134
[regir_fixed4] 5:38:39  437,500/1,000,000  21.5/s  upd=10264  L=0.0323  D=1.134
[regir_fixed4] 5:38:49  437,789/1,000,000  21.5/s  upd=10271  L=0.0232  D=1.134
[regir_fixed4] 5:39:00  438,091/1,000,000  21.5/s  upd=10277  L=0.0305  D=1.134
[regir_fixed4] 5:39:11  438,387/1,000,000  21.5/s  upd=10284  L=0.0355  D=1.134
[regir_fixed4] 5:39:21  438,702/1,000,000  21.5/s  upd=10291  L=0.0304  D=1.134
[regir_fixed4] 5:39:32  439,036/1,000,000  21.6/s  upd=10298  L=0.0410  D=1.134
[regir_fixed4] 5:39:42  439,326/1,000,000  21.6/s  upd=10306  L=0.0338  D=1.134
[regir_fixed4] 5:39:53  439,639/1,000,000  21.6/s  upd=10314  L=0.0227  D=1.134
[regir_fixed4] 5:40:03  439,639/1,000,000  21.5/s  upd=10320  L=0.0327  D=1.134
[regir_fixed4] 5:40:14  439,920/1,000,000  21.5/s  upd=10327  L=0.0239  D=1.134
[regir_fixed4] 5:40:24  440,234/1,000,000  21.6/s  upd=10334  L=0.0335  D=1.134
[regir_fixed4] saved resume t_env=440,234
[regir_fixed4] 5:40:34  440,234/1,000,000  21.5/s  upd=10336  L=0.0303  ev=23/100  D=1.134
[regir_fixed4] 5:40:44  440,234/1,000,000  21.5/s  upd=10336  L=0.0303  ev=96/100  D=1.134
[regir_fixed4] 5:40:55  440,550/1,000,000  21.5/s  upd=10344  L=0.0236  D=1.248
[regir_fixed4] 5:41:06  440,861/1,000,000  21.5/s  upd=10352  L=0.0252  D=1.248
[regir_fixed4] 5:41:17  441,162/1,000,000  21.5/s  upd=10360  L=0.0401  D=1.248
[regir_fixed4] 5:41:27  441,466/1,000,000  21.5/s  upd=10366  L=0.0257  D=1.248
[regir_fixed4] 5:41:38  441,788/1,000,000  21.6/s  upd=10373  L=0.0218  D=1.248
[regir_fixed4] 5:41:49  442,099/1,000,000  21.6/s  upd=10380  L=0.0273  D=1.248
[regir_fixed4] 5:42:00  442,389/1,000,000  21.6/s  upd=10388  L=0.0309  D=1.248
[regir_fixed4] 5:42:10  442,679/1,000,000  21.6/s  upd=10397  L=0.0350  D=1.248
[regir_fixed4] 5:42:21  443,007/1,000,000  21.6/s  upd=10405  L=0.0206  D=1.248
[regir_fixed4] 5:42:33  443,322/1,000,000  21.6/s  upd=10413  L=0.0410  D=1.248
[regir_fixed4] 5:42:43  443,638/1,000,000  21.6/s  upd=10421  L=0.0353  D=1.248
[regir_fixed4] 5:42:54  443,942/1,000,000  21.6/s  upd=10428  L=0.0260  D=1.248
[regir_fixed4] 5:43:04  444,270/1,000,000  21.6/s  upd=10434  L=0.0240  D=1.248
[regir_fixed4] 5:43:15  444,591/1,000,000  21.6/s  upd=10443  L=0.0305  D=1.248
[regir_fixed4] 5:43:25  444,899/1,000,000  21.6/s  upd=10450  L=0.0247  D=1.248
[regir_fixed4] 5:43:36  445,174/1,000,000  21.6/s  upd=10457  L=0.0382  D=1.248
[regir_fixed4] 5:43:47  445,174/1,000,000  21.6/s  upd=10464  L=0.0267  D=1.248
[regir_fixed4] 5:43:58  445,487/1,000,000  21.6/s  upd=10471  L=0.0375  D=1.248
[regir_fixed4] 5:44:09  445,787/1,000,000  21.6/s  upd=10479  L=0.0255  D=1.248
[regir_fixed4] 5:44:20  446,162/1,000,000  21.6/s  upd=10487  L=0.0296  D=1.248
[regir_fixed4] 5:44:30  446,473/1,000,000  21.6/s  upd=10495  L=0.0251  D=1.248
[regir_fixed4] 5:44:40  446,751/1,000,000  21.6/s  upd=10501  L=0.0233  D=1.248
[regir_fixed4] 5:44:51  447,111/1,000,000  21.6/s  upd=10508  L=0.0266  D=1.248
[regir_fixed4] 5:45:03  447,420/1,000,000  21.6/s  upd=10515  L=0.0410  D=1.248
[regir_fixed4] 5:45:14  447,746/1,000,000  21.6/s  upd=10523  L=0.0405  D=1.248
[regir_fixed4] 5:45:25  448,051/1,000,000  21.6/s  upd=10530  L=0.0378  D=1.248
[regir_fixed4] 5:45:36  448,397/1,000,000  21.6/s  upd=10538  L=0.0308  D=1.248
[regir_fixed4] 5:45:46  448,397/1,000,000  21.6/s  upd=10544  L=0.0206  D=1.248
[regir_fixed4] 5:45:57  448,700/1,000,000  21.6/s  upd=10552  L=0.0240  D=1.248
[regir_fixed4] 5:46:09  449,049/1,000,000  21.6/s  upd=10560  L=0.0359  D=1.248
[regir_fixed4] 5:46:20  449,390/1,000,000  21.6/s  upd=10566  L=0.0276  D=1.248
[regir_fixed4] 5:46:30  449,705/1,000,000  21.6/s  upd=10572  L=0.0186  D=1.248
[regir_fixed4] 5:46:41  449,973/1,000,000  21.6/s  upd=10580  L=0.0292  D=1.248
[regir_fixed4] 5:46:51  450,268/1,000,000  21.6/s  upd=10587  L=0.0302  D=1.248
[regir_fixed4] 5:47:02  450,581/1,000,000  21.6/s  upd=10593  L=0.0219  D=1.248
[regir_fixed4] 5:47:12  450,850/1,000,000  21.6/s  upd=10601  L=0.0247  D=1.248
[regir_fixed4] 5:47:23  450,850/1,000,000  21.6/s  upd=10608  L=0.0320  D=1.248
[regir_fixed4] 5:47:33  451,150/1,000,000  21.6/s  upd=10616  L=0.0360  D=1.248
[regir_fixed4] 5:47:44  451,563/1,000,000  21.6/s  upd=10623  L=0.0339  D=1.248
[regir_fixed4] 5:47:56  451,936/1,000,000  21.6/s  upd=10632  L=0.0262  D=1.248
[regir_fixed4] 5:48:07  452,291/1,000,000  21.7/s  upd=10639  L=0.0247  D=1.248
[regir_fixed4] 5:48:18  452,605/1,000,000  21.7/s  upd=10646  L=0.0216  D=1.248
[regir_fixed4] 5:48:29  452,923/1,000,000  21.7/s  upd=10654  L=0.0495  D=1.248
[regir_fixed4] 5:48:39  453,272/1,000,000  21.7/s  upd=10661  L=0.0444  D=1.248
[regir_fixed4] 5:48:50  453,599/1,000,000  21.7/s  upd=10668  L=0.0296  D=1.248
[regir_fixed4] 5:49:00  453,928/1,000,000  21.7/s  upd=10676  L=0.0385  D=1.248
[regir_fixed4] 5:49:11  454,266/1,000,000  21.7/s  upd=10685  L=0.0228  D=1.248
[regir_fixed4] 5:49:21  454,569/1,000,000  21.7/s  upd=10696  L=0.0304  D=1.248
[regir_fixed4] 5:49:32  454,900/1,000,000  21.7/s  upd=10704  L=0.0459  D=1.248
[regir_fixed4] 5:49:42  455,205/1,000,000  21.7/s  upd=10712  L=0.0219  D=1.248
[regir_fixed4] 5:49:52  455,559/1,000,000  21.7/s  upd=10719  L=0.0259  D=1.248
[regir_fixed4] 5:50:04  455,861/1,000,000  21.7/s  upd=10727  L=0.0190  D=1.248
[regir_fixed4] 5:50:15  456,152/1,000,000  21.7/s  upd=10735  L=0.0239  D=1.248
[regir_fixed4] 5:50:26  456,475/1,000,000  21.7/s  upd=10741  L=0.0319  D=1.248
[regir_fixed4] saved resume t_env=456,475
[regir_fixed4] 5:50:37  456,761/1,000,000  21.7/s  upd=10746  L=0.0358  D=1.248
[regir_fixed4] 5:50:47  456,761/1,000,000  21.7/s  upd=10752  L=0.0292  D=1.248
[regir_fixed4] 5:50:57  457,068/1,000,000  21.7/s  upd=10759  L=0.0364  D=1.248
[regir_fixed4] 5:51:08  457,438/1,000,000  21.7/s  upd=10766  L=0.0332  D=1.248
[regir_fixed4] 5:51:20  457,764/1,000,000  21.7/s  upd=10773  L=0.0255  D=1.248
[regir_fixed4] 5:51:31  458,106/1,000,000  21.7/s  upd=10781  L=0.0334  D=1.248
[regir_fixed4] 5:51:43  458,438/1,000,000  21.7/s  upd=10789  L=0.0381  D=1.248
[regir_fixed4] 5:51:54  458,781/1,000,000  21.7/s  upd=10797  L=0.0317  D=1.248
[regir_fixed4] 5:52:05  459,120/1,000,000  21.7/s  upd=10805  L=0.0228  D=1.248
[regir_fixed4] 5:52:16  459,488/1,000,000  21.7/s  upd=10810  L=0.0268  D=1.248
[regir_fixed4] 5:52:27  459,843/1,000,000  21.7/s  upd=10819  L=0.0483  D=1.248
[regir_fixed4] 5:52:37  460,142/1,000,000  21.7/s  upd=10827  L=0.0336  D=1.248
[regir_fixed4] saved resume t_env=460,142
[regir_fixed4] 5:52:50  460,142/1,000,000  21.7/s  upd=10832  L=0.0251  ev=0/100  D=1.248
[regir_fixed4] 5:53:00  460,142/1,000,000  21.7/s  upd=10832  L=0.0251  ev=78/100  D=1.248
[regir_fixed4] 5:53:11  460,472/1,000,000  21.7/s  upd=10835  L=0.0217  D=2.713
[regir_fixed4] 5:53:22  460,801/1,000,000  21.7/s  upd=10842  L=0.0305  D=2.713
[regir_fixed4] 5:53:33  461,154/1,000,000  21.7/s  upd=10849  L=0.0313  D=2.713
[regir_fixed4] 5:53:44  461,448/1,000,000  21.7/s  upd=10857  L=0.0306  D=2.713
[regir_fixed4] 5:53:54  461,448/1,000,000  21.7/s  upd=10864  L=0.0191  D=2.713
[regir_fixed4] 5:54:04  461,808/1,000,000  21.7/s  upd=10871  L=0.0421  D=2.713
[regir_fixed4] 5:54:16  462,146/1,000,000  21.7/s  upd=10879  L=0.0258  D=2.713
[regir_fixed4] 5:54:28  462,543/1,000,000  21.7/s  upd=10888  L=0.0254  D=2.713
[regir_fixed4] 5:54:39  462,903/1,000,000  21.8/s  upd=10895  L=0.0245  D=2.713
[regir_fixed4] 5:54:50  463,232/1,000,000  21.8/s  upd=10902  L=0.0294  D=2.713
[regir_fixed4] 5:55:01  463,537/1,000,000  21.8/s  upd=10910  L=0.0288  D=2.713
[regir_fixed4] 5:55:12  463,868/1,000,000  21.8/s  upd=10918  L=0.0337  D=2.713
[regir_fixed4] 5:55:24  464,184/1,000,000  21.8/s  upd=10925  L=0.0251  D=2.713
[regir_fixed4] 5:55:35  464,571/1,000,000  21.8/s  upd=10931  L=0.0397  D=2.713
[regir_fixed4] 5:55:46  464,916/1,000,000  21.8/s  upd=10939  L=0.0302  D=2.713
[regir_fixed4] 5:55:58  465,284/1,000,000  21.8/s  upd=10946  L=0.0252  D=2.713
[regir_fixed4] 5:56:09  465,668/1,000,000  21.8/s  upd=10955  L=0.0201  D=2.713
[regir_fixed4] 5:56:19  466,005/1,000,000  21.8/s  upd=10963  L=0.0164  D=2.713
[regir_fixed4] 5:56:30  466,367/1,000,000  21.8/s  upd=10971  L=0.0298  D=2.713
[regir_fixed4] 5:56:40  466,686/1,000,000  21.8/s  upd=10978  L=0.0459  D=2.713
[regir_fixed4] 5:56:52  467,014/1,000,000  21.8/s  upd=10985  L=0.0362  D=2.713
[regir_fixed4] 5:57:02  467,014/1,000,000  21.8/s  upd=10992  L=0.0352  D=2.713
[regir_fixed4] 5:57:13  467,324/1,000,000  21.8/s  upd=10999  L=0.0266  D=2.713
[regir_fixed4] 5:57:24  467,656/1,000,000  21.8/s  upd=11006  L=0.0325  D=2.713
[regir_fixed4] 5:57:35  467,986/1,000,000  21.8/s  upd=11014  L=0.0358  D=2.713
[regir_fixed4] 5:57:46  468,321/1,000,000  21.8/s  upd=11022  L=0.0262  D=2.713
[regir_fixed4] 5:57:57  468,686/1,000,000  21.8/s  upd=11029  L=0.0440  D=2.713
[regir_fixed4] 5:58:08  469,033/1,000,000  21.8/s  upd=11036  L=0.0312  D=2.713
[regir_fixed4] 5:58:18  469,436/1,000,000  21.8/s  upd=11043  L=0.0445  D=2.713
[regir_fixed4] 5:58:30  469,770/1,000,000  21.8/s  upd=11051  L=0.0357  D=2.713
[regir_fixed4] 5:58:40  470,082/1,000,000  21.8/s  upd=11057  L=0.0250  D=2.713
[regir_fixed4] 5:58:50  470,082/1,000,000  21.8/s  upd=11064  L=0.0350  D=2.713
[regir_fixed4] 5:59:01  470,379/1,000,000  21.8/s  upd=11071  L=0.0245  D=2.713
[regir_fixed4] 5:59:12  470,705/1,000,000  21.8/s  upd=11078  L=0.0422  D=2.713
[regir_fixed4] 5:59:22  471,063/1,000,000  21.8/s  upd=11087  L=0.0344  D=2.713
[regir_fixed4] 5:59:34  471,399/1,000,000  21.9/s  upd=11095  L=0.0390  D=2.713
[regir_fixed4] 5:59:44  471,755/1,000,000  21.9/s  upd=11103  L=0.0305  D=2.713
[regir_fixed4] 5:59:55  472,081/1,000,000  21.9/s  upd=11111  L=0.0280  D=2.713
[regir_fixed4] 6:00:05  472,365/1,000,000  21.9/s  upd=11118  L=0.0384  D=2.713
[regir_fixed4] 6:00:16  472,724/1,000,000  21.9/s  upd=11125  L=0.0394  D=2.713
[regir_fixed4] 6:00:26  473,016/1,000,000  21.9/s  upd=11133  L=0.0311  D=2.713
[regir_fixed4] 6:00:38  473,331/1,000,000  21.9/s  upd=11140  L=0.0251  D=2.713
[regir_fixed4] 6:00:50  473,652/1,000,000  21.9/s  upd=11149  L=0.0531  D=2.713
[regir_fixed4] 6:01:00  473,976/1,000,000  21.9/s  upd=11156  L=0.0780  D=2.713
[regir_fixed4] 6:01:11  474,291/1,000,000  21.9/s  upd=11163  L=0.0317  D=2.713
[regir_fixed4] 6:01:22  474,624/1,000,000  21.9/s  upd=11170  L=0.0312  D=2.713
[regir_fixed4] 6:01:32  474,624/1,000,000  21.9/s  upd=11176  L=0.0394  D=2.713
[regir_fixed4] 6:01:43  474,959/1,000,000  21.9/s  upd=11183  L=0.0423  D=2.713
[regir_fixed4] 6:01:55  475,312/1,000,000  21.9/s  upd=11190  L=0.0296  D=2.713
[regir_fixed4] 6:02:05  475,636/1,000,000  21.9/s  upd=11197  L=0.0291  D=2.713
[regir_fixed4] 6:02:16  475,959/1,000,000  21.9/s  upd=11204  L=0.0489  D=2.713
[regir_fixed4] 6:02:26  476,309/1,000,000  21.9/s  upd=11212  L=0.0326  D=2.713
[regir_fixed4] 6:02:37  476,661/1,000,000  21.9/s  upd=11218  L=0.0437  D=2.713
[regir_fixed4] 6:02:47  477,048/1,000,000  21.9/s  upd=11225  L=0.0349  D=2.713
[regir_fixed4] saved resume t_env=477,048
[regir_fixed4] 6:02:59  477,048/1,000,000  21.9/s  upd=11232  L=0.0179  D=2.713
[regir_fixed4] 6:03:10  477,718/1,000,000  21.9/s  upd=11241  L=0.0297  D=2.713
[regir_fixed4] 6:03:21  478,052/1,000,000  21.9/s  upd=11252  L=0.0422  D=2.713
[regir_fixed4] 6:03:32  478,387/1,000,000  21.9/s  upd=11260  L=0.0349  D=2.713
[regir_fixed4] 6:03:43  478,732/1,000,000  21.9/s  upd=11268  L=0.0328  D=2.713
[regir_fixed4] 6:03:53  479,067/1,000,000  21.9/s  upd=11277  L=0.0325  D=2.713
[regir_fixed4] 6:04:04  479,400/1,000,000  21.9/s  upd=11286  L=0.0332  D=2.713
[regir_fixed4] 6:04:16  479,693/1,000,000  21.9/s  upd=11295  L=0.0320  D=2.713
[regir_fixed4] 6:04:27  480,039/1,000,000  22.0/s  upd=11303  L=0.0307  D=2.713
[regir_fixed4] saved resume t_env=480,039
[regir_fixed4] 6:04:37  480,039/1,000,000  21.9/s  upd=11304  L=0.0290  ev=24/100  D=2.713
[regir_fixed4] 6:04:47  480,039/1,000,000  21.9/s  upd=11304  L=0.0290  D=2.001
[regir_fixed4] 6:04:57  480,386/1,000,000  21.9/s  upd=11312  L=0.0374  D=2.001
[regir_fixed4] 6:05:07  480,741/1,000,000  21.9/s  upd=11319  L=0.0361  D=2.001
[regir_fixed4] 6:05:17  481,014/1,000,000  21.9/s  upd=11325  L=0.0341  D=2.001
[regir_fixed4] 6:05:27  481,315/1,000,000  22.0/s  upd=11332  L=0.0244  D=2.001
[regir_fixed4] 6:05:37  481,635/1,000,000  22.0/s  upd=11339  L=0.0242  D=2.001
[regir_fixed4] 6:05:48  481,936/1,000,000  22.0/s  upd=11346  L=0.0329  D=2.001
[regir_fixed4] 6:05:59  482,238/1,000,000  22.0/s  upd=11354  L=0.0267  D=2.001
[regir_fixed4] 6:06:10  482,537/1,000,000  22.0/s  upd=11362  L=0.0305  D=2.001
[regir_fixed4] 6:06:20  482,829/1,000,000  22.0/s  upd=11369  L=0.0344  D=2.001
[regir_fixed4] 6:06:30  482,829/1,000,000  22.0/s  upd=11376  L=0.0239  D=2.001
[regir_fixed4] 6:06:41  483,140/1,000,000  22.0/s  upd=11384  L=0.0318  D=2.001
[regir_fixed4] 6:06:51  483,437/1,000,000  22.0/s  upd=11391  L=0.0390  D=2.001
[regir_fixed4] 6:07:03  483,747/1,000,000  22.0/s  upd=11399  L=0.0278  D=2.001
[regir_fixed4] 6:07:13  484,044/1,000,000  22.0/s  upd=11406  L=0.0259  D=2.001
[regir_fixed4] 6:07:24  484,308/1,000,000  22.0/s  upd=11413  L=0.0283  D=2.001
[regir_fixed4] 6:07:34  484,696/1,000,000  22.0/s  upd=11419  L=0.0382  D=2.001
[regir_fixed4] 6:07:44  485,062/1,000,000  22.0/s  upd=11426  L=0.0298  D=2.001
[regir_fixed4] 6:07:55  485,392/1,000,000  22.0/s  upd=11434  L=0.0318  D=2.001
[regir_fixed4] 6:08:05  485,659/1,000,000  22.0/s  upd=11442  L=0.0278  D=2.001
[regir_fixed4] 6:08:16  486,009/1,000,000  22.0/s  upd=11449  L=0.0416  D=2.001
[regir_fixed4] 6:08:27  486,287/1,000,000  22.0/s  upd=11458  L=0.0413  D=2.001
[regir_fixed4] 6:08:37  486,583/1,000,000  22.0/s  upd=11465  L=0.0223  D=2.001
[regir_fixed4] 6:08:48  486,926/1,000,000  22.0/s  upd=11473  L=0.0395  D=2.001
[regir_fixed4] 6:08:59  487,211/1,000,000  22.0/s  upd=11481  L=0.0234  D=2.001
[regir_fixed4] 6:09:09  487,211/1,000,000  22.0/s  upd=11488  L=0.0349  D=2.001
[regir_fixed4] 6:09:21  487,493/1,000,000  22.0/s  upd=11496  L=0.0197  D=2.001
[regir_fixed4] 6:09:31  487,793/1,000,000  22.0/s  upd=11503  L=0.0411  D=2.001
[regir_fixed4] 6:09:41  488,115/1,000,000  22.0/s  upd=11510  L=0.0394  D=2.001
[regir_fixed4] 6:09:52  488,399/1,000,000  22.0/s  upd=11519  L=0.0242  D=2.001
[regir_fixed4] 6:10:02  489,024/1,000,000  22.0/s  upd=11529  L=0.0318  D=2.001
[regir_fixed4] 6:10:13  489,337/1,000,000  22.0/s  upd=11538  L=0.0293  D=2.001
[regir_fixed4] 6:10:23  489,656/1,000,000  22.0/s  upd=11545  L=0.0294  D=2.001
[regir_fixed4] 6:10:33  489,656/1,000,000  22.0/s  upd=11552  L=0.0327  D=2.001
[regir_fixed4] 6:10:44  489,968/1,000,000  22.0/s  upd=11559  L=0.0357  D=2.001
[regir_fixed4] 6:10:54  490,272/1,000,000  22.0/s  upd=11566  L=0.0254  D=2.001
[regir_fixed4] 6:11:05  490,558/1,000,000  22.0/s  upd=11574  L=0.0230  D=2.001
[regir_fixed4] 6:11:16  490,873/1,000,000  22.0/s  upd=11582  L=0.0243  D=2.001
[regir_fixed4] 6:11:27  491,190/1,000,000  22.0/s  upd=11590  L=0.0229  D=2.001
[regir_fixed4] 6:11:38  491,513/1,000,000  22.0/s  upd=11597  L=0.0330  D=2.001
[regir_fixed4] 6:11:49  491,829/1,000,000  22.0/s  upd=11604  L=0.0300  D=2.001
[regir_fixed4] 6:12:00  492,130/1,000,000  22.0/s  upd=11611  L=0.0491  D=2.001
[regir_fixed4] 6:12:10  492,433/1,000,000  22.1/s  upd=11618  L=0.0365  D=2.001
[regir_fixed4] 6:12:21  492,719/1,000,000  22.1/s  upd=11625  L=0.0188  D=2.001
[regir_fixed4] 6:12:31  492,719/1,000,000  22.0/s  upd=11632  L=0.0398  D=2.001
[regir_fixed4] 6:12:41  493,065/1,000,000  22.0/s  upd=11640  L=0.0276  D=2.001
[regir_fixed4] 6:12:52  493,375/1,000,000  22.1/s  upd=11648  L=0.0189  D=2.001
[regir_fixed4] 6:13:02  493,682/1,000,000  22.1/s  upd=11655  L=0.0178  D=2.001
[regir_fixed4] 6:13:12  494,021/1,000,000  22.1/s  upd=11662  L=0.0266  D=2.001
[regir_fixed4] 6:13:23  494,379/1,000,000  22.1/s  upd=11669  L=0.0205  D=2.001
[regir_fixed4] 6:13:34  494,687/1,000,000  22.1/s  upd=11675  L=0.0314  D=2.001
[regir_fixed4] 6:13:44  495,010/1,000,000  22.1/s  upd=11683  L=0.0324  D=2.001
[regir_fixed4] 6:13:55  495,298/1,000,000  22.1/s  upd=11690  L=0.0200  D=2.001
[regir_fixed4] 6:14:05  495,638/1,000,000  22.1/s  upd=11699  L=0.0305  D=2.001
[regir_fixed4] 6:14:16  495,965/1,000,000  22.1/s  upd=11706  L=0.0340  D=2.001
[regir_fixed4] 6:14:27  496,280/1,000,000  22.1/s  upd=11713  L=0.0315  D=2.001
[regir_fixed4] saved resume t_env=496,280
[regir_fixed4] 6:14:37  496,280/1,000,000  22.1/s  upd=11720  L=0.0280  D=2.001
[regir_fixed4] 6:14:48  496,619/1,000,000  22.1/s  upd=11727  L=0.0288  D=2.001
[regir_fixed4] 6:14:59  496,938/1,000,000  22.1/s  upd=11735  L=0.0309  D=2.001
[regir_fixed4] 6:15:10  497,277/1,000,000  22.1/s  upd=11744  L=0.0342  D=2.001
[regir_fixed4] 6:15:20  497,560/1,000,000  22.1/s  upd=11751  L=0.0227  D=2.001
[regir_fixed4] 6:15:31  497,864/1,000,000  22.1/s  upd=11759  L=0.0235  D=2.001
[regir_fixed4] 6:15:42  498,173/1,000,000  22.1/s  upd=11766  L=0.0290  D=2.001
[regir_fixed4] 6:15:53  498,452/1,000,000  22.1/s  upd=11774  L=0.0211  D=2.001
[regir_fixed4] 6:16:04  498,747/1,000,000  22.1/s  upd=11782  L=0.0297  D=2.001
[regir_fixed4] 6:16:15  499,096/1,000,000  22.1/s  upd=11789  L=0.0223  D=2.001
[regir_fixed4] 6:16:25  499,374/1,000,000  22.1/s  upd=11796  L=0.0263  D=2.001
[regir_fixed4] 6:16:37  499,661/1,000,000  22.1/s  upd=11804  L=0.0229  D=2.001
[regir_fixed4] 6:16:48  499,936/1,000,000  22.1/s  upd=11811  L=0.0280  D=2.001
[regir_fixed4] 6:16:58  500,202/1,000,000  22.1/s  upd=11819  L=0.0278  D=2.001
[regir_fixed4] saved resume t_env=500,202
[regir_fixed4] 6:17:10  500,202/1,000,000  22.1/s  upd=11824  L=0.0265  ev=0/100  D=2.001
[regir_fixed4] 6:17:20  500,202/1,000,000  22.1/s  upd=11824  L=0.0265  D=1.275
[regir_fixed4] 6:17:31  500,508/1,000,000  22.1/s  upd=11830  L=0.0226  D=1.275
[regir_fixed4] 6:17:41  500,814/1,000,000  22.1/s  upd=11835  L=0.0205  D=1.275
[regir_fixed4] 6:17:51  500,814/1,000,000  22.1/s  upd=11840  L=0.0398  D=1.275
[regir_fixed4] 6:18:01  501,173/1,000,000  22.1/s  upd=11844  L=0.0357  D=1.275
[regir_fixed4] 6:18:13  501,526/1,000,000  22.1/s  upd=11851  L=0.0281  D=1.275
[regir_fixed4] 6:18:23  501,526/1,000,000  22.1/s  upd=11856  L=0.0252  D=1.275
[regir_fixed4] 6:18:33  501,814/1,000,000  22.1/s  upd=11862  L=0.0195  D=1.275
[regir_fixed4] 6:18:45  502,105/1,000,000  22.1/s  upd=11867  L=0.0238  D=1.275
[regir_fixed4] 6:18:55  502,443/1,000,000  22.1/s  upd=11873  L=0.0248  D=1.275
[regir_fixed4] 6:19:05  502,443/1,000,000  22.1/s  upd=11880  L=0.0501  D=1.275
[regir_fixed4] 6:19:16  502,842/1,000,000  22.1/s  upd=11884  L=0.0348  D=1.275
[regir_fixed4] 6:19:26  502,842/1,000,000  22.1/s  upd=11888  L=0.0198  D=1.275
[regir_fixed4] 6:19:36  503,162/1,000,000  22.1/s  upd=11893  L=0.0230  D=1.275
[regir_fixed4] 6:19:47  503,459/1,000,000  22.1/s  upd=11898  L=0.0322  D=1.275
[regir_fixed4] 6:19:58  503,459/1,000,000  22.1/s  upd=11904  L=0.0157  D=1.275
[regir_fixed4] 6:20:08  503,742/1,000,000  22.1/s  upd=11910  L=0.0245  D=1.275
[regir_fixed4] 6:20:19  504,040/1,000,000  22.1/s  upd=11915  L=0.0254  D=1.275
[regir_fixed4] 6:20:29  504,040/1,000,000  22.1/s  upd=11920  L=0.0174  D=1.275
[regir_fixed4] 6:20:40  504,326/1,000,000  22.1/s  upd=11925  L=0.0258  D=1.275
[regir_fixed4] 6:20:51  504,660/1,000,000  22.1/s  upd=11931  L=0.0299  D=1.275
[regir_fixed4] 6:21:01  504,660/1,000,000  22.1/s  upd=11936  L=0.0400  D=1.275
[regir_fixed4] 6:21:13  504,984/1,000,000  22.1/s  upd=11943  L=0.0215  D=1.275
[regir_fixed4] 6:21:24  505,334/1,000,000  22.1/s  upd=11948  L=0.0335  D=1.275
[regir_fixed4] 6:21:34  505,639/1,000,000  22.1/s  upd=11953  L=0.0256  D=1.275
[regir_fixed4] 6:21:45  505,639/1,000,000  22.1/s  upd=11959  L=0.0197  D=1.275
[regir_fixed4] 6:21:56  505,969/1,000,000  22.1/s  upd=11964  L=0.0275  D=1.275
[regir_fixed4] 6:22:06  506,273/1,000,000  22.1/s  upd=11970  L=0.0361  D=1.275
[regir_fixed4] 6:22:16  506,273/1,000,000  22.1/s  upd=11976  L=0.0441  D=1.275
[regir_fixed4] 6:22:27  506,609/1,000,000  22.1/s  upd=11982  L=0.0279  D=1.275
[regir_fixed4] 6:22:38  506,952/1,000,000  22.1/s  upd=11986  L=0.0292  D=1.275
[regir_fixed4] 6:22:48  506,952/1,000,000  22.1/s  upd=11992  L=0.0259  D=1.275
[regir_fixed4] 6:22:59  507,266/1,000,000  22.1/s  upd=11998  L=0.0468  D=1.275
[regir_fixed4] 6:23:10  507,598/1,000,000  22.1/s  upd=12003  L=0.0237  D=1.275
[regir_fixed4] 6:23:20  507,598/1,000,000  22.1/s  upd=12008  L=0.0303  D=1.275
[regir_fixed4] 6:23:32  507,900/1,000,000  22.1/s  upd=12014  L=0.0290  D=1.275
[regir_fixed4] 6:23:45  508,215/1,000,000  22.1/s  upd=12019  L=0.0211  D=1.275
[regir_fixed4] 6:23:55  508,215/1,000,000  22.1/s  upd=12024  L=0.0379  D=1.275
[regir_fixed4] 6:24:06  508,533/1,000,000  22.1/s  upd=12029  L=0.0333  D=1.275
[regir_fixed4] 6:24:16  508,857/1,000,000  22.1/s  upd=12035  L=0.0256  D=1.275
[regir_fixed4] 6:24:26  508,857/1,000,000  22.1/s  upd=12040  L=0.0265  D=1.275
[regir_fixed4] 6:24:38  509,188/1,000,000  22.1/s  upd=12045  L=0.0254  D=1.275
[regir_fixed4] 6:24:49  509,498/1,000,000  22.1/s  upd=12050  L=0.0239  D=1.275
[regir_fixed4] 6:25:00  509,498/1,000,000  22.1/s  upd=12056  L=0.0254  D=1.275
[regir_fixed4] 6:25:10  509,795/1,000,000  22.1/s  upd=12061  L=0.0357  D=1.275
[regir_fixed4] 6:25:20  510,156/1,000,000  22.1/s  upd=12066  L=0.0366  D=1.275
[regir_fixed4] 6:25:30  510,156/1,000,000  22.1/s  upd=12072  L=0.0254  D=1.275
[regir_fixed4] 6:25:41  510,516/1,000,000  22.1/s  upd=12078  L=0.0202  D=1.275
[regir_fixed4] 6:25:51  510,808/1,000,000  22.1/s  upd=12083  L=0.0310  D=1.275
[regir_fixed4] 6:26:02  510,808/1,000,000  22.1/s  upd=12088  L=0.0219  D=1.275
[regir_fixed4] 6:26:13  511,124/1,000,000  22.1/s  upd=12094  L=0.0220  D=1.275
[regir_fixed4] 6:26:25  511,424/1,000,000  22.1/s  upd=12100  L=0.0260  D=1.275
[regir_fixed4] 6:26:37  511,707/1,000,000  22.1/s  upd=12108  L=0.0254  D=1.275
[regir_fixed4] 6:26:49  512,011/1,000,000  22.1/s  upd=12114  L=0.0374  D=1.275
[regir_fixed4] 6:27:00  512,391/1,000,000  22.1/s  upd=12121  L=0.0197  D=1.275
[regir_fixed4] 6:27:12  512,391/1,000,000  22.1/s  upd=12127  L=0.0205  D=1.275
[regir_fixed4] saved resume t_env=512,391
[regir_fixed4] 6:27:23  512,734/1,000,000  22.1/s  upd=12131  L=0.0222  D=1.275
[regir_fixed4] 6:27:33  512,734/1,000,000  22.0/s  upd=12136  L=0.0516  D=1.275
[regir_fixed4] 6:27:44  513,079/1,000,000  22.1/s  upd=12141  L=0.0299  D=1.275
[regir_fixed4] 6:27:55  513,374/1,000,000  22.1/s  upd=12147  L=0.0253  D=1.275
[regir_fixed4] 6:28:06  513,713/1,000,000  22.1/s  upd=12153  L=0.0220  D=1.275
[regir_fixed4] 6:28:17  513,713/1,000,000  22.1/s  upd=12159  L=0.0279  D=1.275
[regir_fixed4] 6:28:28  514,036/1,000,000  22.1/s  upd=12165  L=0.0290  D=1.275
[regir_fixed4] 6:28:38  514,323/1,000,000  22.1/s  upd=12170  L=0.0318  D=1.275
[regir_fixed4] 6:28:48  514,323/1,000,000  22.0/s  upd=12175  L=0.0230  D=1.275
[regir_fixed4] 6:28:58  514,634/1,000,000  22.1/s  upd=12180  L=0.0241  D=1.275
[regir_fixed4] 6:29:08  514,634/1,000,000  22.0/s  upd=12184  L=0.0282  D=1.275
[regir_fixed4] 6:29:19  514,965/1,000,000  22.0/s  upd=12189  L=0.0363  D=1.275
[regir_fixed4] 6:29:29  515,249/1,000,000  22.0/s  upd=12193  L=0.0480  D=1.275
[regir_fixed4] 6:29:40  515,249/1,000,000  22.0/s  upd=12198  L=0.0290  D=1.275
[regir_fixed4] 6:29:50  515,569/1,000,000  22.0/s  upd=12203  L=0.0358  D=1.275
[regir_fixed4] 6:30:00  515,569/1,000,000  22.0/s  upd=12208  L=0.0335  D=1.275
[regir_fixed4] 6:30:13  515,852/1,000,000  22.0/s  upd=12213  L=0.0284  D=1.275
[regir_fixed4] 6:30:23  516,207/1,000,000  22.0/s  upd=12217  L=0.0384  D=1.275
[regir_fixed4] 6:30:34  516,207/1,000,000  22.0/s  upd=12224  L=0.0334  D=1.275
[regir_fixed4] 6:30:45  516,527/1,000,000  22.0/s  upd=12228  L=0.0228  D=1.275
[regir_fixed4] 6:30:56  516,845/1,000,000  22.0/s  upd=12233  L=0.0236  D=1.275
[regir_fixed4] 6:31:06  516,845/1,000,000  22.0/s  upd=12238  L=0.0195  D=1.275
[regir_fixed4] 6:31:16  517,243/1,000,000  22.0/s  upd=12243  L=0.0208  D=1.275
[regir_fixed4] 6:31:26  517,243/1,000,000  22.0/s  upd=12248  L=0.0368  D=1.275
[regir_fixed4] 6:31:36  517,598/1,000,000  22.0/s  upd=12253  L=0.0329  D=1.275
[regir_fixed4] 6:31:48  517,880/1,000,000  22.0/s  upd=12257  L=0.0398  D=1.275
[regir_fixed4] 6:31:58  517,880/1,000,000  22.0/s  upd=12263  L=0.0242  D=1.275
[regir_fixed4] 6:32:09  518,181/1,000,000  22.0/s  upd=12270  L=0.0379  D=1.275
[regir_fixed4] 6:32:20  518,584/1,000,000  22.0/s  upd=12275  L=0.0355  D=1.275
[regir_fixed4] 6:32:31  518,899/1,000,000  22.0/s  upd=12281  L=0.0307  D=1.275
[regir_fixed4] 6:32:42  518,899/1,000,000  22.0/s  upd=12286  L=0.0302  D=1.275
[regir_fixed4] 6:32:53  519,212/1,000,000  22.0/s  upd=12293  L=0.0301  D=1.275
[regir_fixed4] 6:33:03  519,515/1,000,000  22.0/s  upd=12298  L=0.0315  D=1.275
[regir_fixed4] 6:33:13  519,515/1,000,000  22.0/s  upd=12304  L=0.0306  D=1.275
[regir_fixed4] 6:33:24  519,879/1,000,000  22.0/s  upd=12308  L=0.0318  D=1.275
[regir_fixed4] 6:33:37  520,169/1,000,000  22.0/s  upd=12313  L=0.0314  D=1.275
[regir_fixed4] 6:33:47  520,169/1,000,000  22.0/s  upd=12319  L=0.0296  D=1.275
[regir_fixed4] saved resume t_env=520,169
[regir_fixed4] 6:33:57  520,169/1,000,000  22.0/s  upd=12320  L=0.0215  ev=8/100  D=1.275
[regir_fixed4] 6:34:07  520,169/1,000,000  22.0/s  upd=12320  L=0.0215  ev=29/100  D=1.275
[regir_fixed4] 6:34:17  520,169/1,000,000  22.0/s  upd=12320  L=0.0215  ev=64/100  D=1.275
[regir_fixed4] 6:34:27  520,169/1,000,000  22.0/s  upd=12320  L=0.0215  ev=85/100  D=1.275
[regir_fixed4] 6:34:38  520,506/1,000,000  22.0/s  upd=12322  L=0.0329  D=2.498
[regir_fixed4] 6:34:49  520,506/1,000,000  22.0/s  upd=12328  L=0.0207  D=2.498
[regir_fixed4] 6:34:59  520,885/1,000,000  22.0/s  upd=12334  L=0.0289  D=2.498
[regir_fixed4] 6:35:09  521,219/1,000,000  22.0/s  upd=12338  L=0.0286  D=2.498
[regir_fixed4] 6:35:19  521,219/1,000,000  22.0/s  upd=12344  L=0.0528  D=2.498
[regir_fixed4] 6:35:31  521,574/1,000,000  22.0/s  upd=12349  L=0.0344  D=2.498
[regir_fixed4] 6:35:43  521,922/1,000,000  22.0/s  upd=12354  L=0.0340  D=2.498
[regir_fixed4] 6:35:53  521,922/1,000,000  22.0/s  upd=12359  L=0.0211  D=2.498
[regir_fixed4] 6:36:05  522,326/1,000,000  22.0/s  upd=12364  L=0.0274  D=2.498
[regir_fixed4] 6:36:16  522,744/1,000,000  22.0/s  upd=12369  L=0.0334  D=2.498
[regir_fixed4] 6:36:27  522,744/1,000,000  22.0/s  upd=12375  L=0.0297  D=2.498
[regir_fixed4] 6:36:38  523,068/1,000,000  22.0/s  upd=12384  L=0.0266  D=2.498
[regir_fixed4] 6:36:48  523,389/1,000,000  22.0/s  upd=12391  L=0.0249  D=2.498
[regir_fixed4] 6:36:59  523,688/1,000,000  22.0/s  upd=12399  L=0.0278  D=2.498
[regir_fixed4] 6:37:10  524,039/1,000,000  22.0/s  upd=12405  L=0.0246  D=2.498
[regir_fixed4] 6:37:21  524,414/1,000,000  22.0/s  upd=12410  L=0.0363  D=2.498
[regir_fixed4] 6:37:32  524,414/1,000,000  22.0/s  upd=12416  L=0.0263  D=2.498
[regir_fixed4] 6:37:44  524,739/1,000,000  22.0/s  upd=12422  L=0.0430  D=2.498
[regir_fixed4] 6:37:54  525,052/1,000,000  22.0/s  upd=12427  L=0.0343  D=2.498
[regir_fixed4] 6:38:05  525,346/1,000,000  22.0/s  upd=12434  L=0.0348  D=2.498
[regir_fixed4] 6:38:16  525,346/1,000,000  22.0/s  upd=12439  L=0.0247  D=2.498
[regir_fixed4] 6:38:27  525,696/1,000,000  22.0/s  upd=12446  L=0.0304  D=2.498
[regir_fixed4] 6:38:38  526,028/1,000,000  22.0/s  upd=12451  L=0.0231  D=2.498
[regir_fixed4] 6:38:48  526,028/1,000,000  22.0/s  upd=12456  L=0.0240  D=2.498
[regir_fixed4] 6:38:59  526,333/1,000,000  22.0/s  upd=12463  L=0.0293  D=2.498
[regir_fixed4] 6:39:09  526,655/1,000,000  22.0/s  upd=12468  L=0.0360  D=2.498
[regir_fixed4] 6:39:20  526,997/1,000,000  22.0/s  upd=12474  L=0.0332  D=2.498
[regir_fixed4] 6:39:31  526,997/1,000,000  22.0/s  upd=12480  L=0.0229  D=2.498
[regir_fixed4] 6:39:41  527,300/1,000,000  22.0/s  upd=12486  L=0.0278  D=2.498
[regir_fixed4] 6:39:52  527,608/1,000,000  22.0/s  upd=12491  L=0.0227  D=2.498
[regir_fixed4] 6:40:03  527,608/1,000,000  22.0/s  upd=12496  L=0.0243  D=2.498
[regir_fixed4] 6:40:14  527,926/1,000,000  22.0/s  upd=12501  L=0.0365  D=2.498
[regir_fixed4] 6:40:25  528,234/1,000,000  22.0/s  upd=12507  L=0.0285  D=2.498
[regir_fixed4] 6:40:35  528,234/1,000,000  22.0/s  upd=12512  L=0.0213  D=2.498
[regir_fixed4] 6:40:46  528,539/1,000,000  22.0/s  upd=12518  L=0.0246  D=2.498
[regir_fixed4] 6:40:58  528,866/1,000,000  22.0/s  upd=12523  L=0.0368  D=2.498
[regir_fixed4] 6:41:09  529,132/1,000,000  22.0/s  upd=12530  L=0.0257  D=2.498
[regir_fixed4] 6:41:19  529,132/1,000,000  22.0/s  upd=12536  L=0.0323  D=2.498
[regir_fixed4] 6:41:29  529,550/1,000,000  22.0/s  upd=12542  L=0.0337  D=2.498
[regir_fixed4] 6:41:40  529,873/1,000,000  22.0/s  upd=12548  L=0.0312  D=2.498
[regir_fixed4] 6:41:51  530,223/1,000,000  22.0/s  upd=12554  L=0.0231  D=2.498
[regir_fixed4] 6:42:02  530,223/1,000,000  22.0/s  upd=12560  L=0.0289  D=2.498
[regir_fixed4] 6:42:13  530,474/1,000,000  22.0/s  upd=12565  L=0.0537  D=2.498
[regir_fixed4] 6:42:24  530,777/1,000,000  22.0/s  upd=12569  L=0.0276  D=2.498
[regir_fixed4] 6:42:36  530,777/1,000,000  22.0/s  upd=12575  L=0.0254  D=2.498
[regir_fixed4] 6:42:46  531,095/1,000,000  22.0/s  upd=12580  L=0.0235  D=2.498
[regir_fixed4] 6:42:57  531,394/1,000,000  22.0/s  upd=12585  L=0.0531  D=2.498
[regir_fixed4] 6:43:07  531,394/1,000,000  22.0/s  upd=12591  L=0.0343  D=2.498
[regir_fixed4] 6:43:19  531,784/1,000,000  22.0/s  upd=12597  L=0.0196  D=2.498
[regir_fixed4] 6:43:30  532,092/1,000,000  22.0/s  upd=12601  L=0.0177  D=2.498
[regir_fixed4] 6:43:41  532,092/1,000,000  22.0/s  upd=12608  L=0.0206  D=2.498
[regir_fixed4] 6:43:52  532,415/1,000,000  22.0/s  upd=12613  L=0.0273  D=2.498
[regir_fixed4] saved resume t_env=532,415
[regir_fixed4] 6:44:03  532,738/1,000,000  22.0/s  upd=12617  L=0.0344  D=2.498
[regir_fixed4] 6:44:13  532,738/1,000,000  22.0/s  upd=12623  L=0.0372  D=2.498
[regir_fixed4] 6:44:23  533,025/1,000,000  22.0/s  upd=12627  L=0.0259  D=2.498
[regir_fixed4] 6:44:33  533,025/1,000,000  22.0/s  upd=12632  L=0.0244  D=2.498
[regir_fixed4] 6:44:45  533,311/1,000,000  22.0/s  upd=12638  L=0.0157  D=2.498
[regir_fixed4] 6:44:55  533,623/1,000,000  22.0/s  upd=12645  L=0.0545  D=2.498
[regir_fixed4] 6:45:06  533,988/1,000,000  22.0/s  upd=12649  L=0.0174  D=2.498
[regir_fixed4] 6:45:18  533,988/1,000,000  22.0/s  upd=12656  L=0.0215  D=2.498
[regir_fixed4] 6:45:29  534,294/1,000,000  22.0/s  upd=12661  L=0.0241  D=2.498
[regir_fixed4] 6:45:40  534,616/1,000,000  22.0/s  upd=12666  L=0.0278  D=2.498
[regir_fixed4] 6:45:51  534,616/1,000,000  22.0/s  upd=12672  L=0.0264  D=2.498
[regir_fixed4] 6:46:01  534,908/1,000,000  22.0/s  upd=12678  L=0.0282  D=2.498
[regir_fixed4] 6:46:12  535,255/1,000,000  22.0/s  upd=12683  L=0.0484  D=2.498
[regir_fixed4] 6:46:22  535,616/1,000,000  22.0/s  upd=12690  L=0.0159  D=2.498
[regir_fixed4] 6:46:33  535,616/1,000,000  22.0/s  upd=12695  L=0.0311  D=2.498
[regir_fixed4] 6:46:44  535,922/1,000,000  22.0/s  upd=12702  L=0.0535  D=2.498
[regir_fixed4] 6:46:56  536,246/1,000,000  22.0/s  upd=12708  L=0.0357  D=2.498
[regir_fixed4] 6:47:08  536,545/1,000,000  22.0/s  upd=12714  L=0.0327  D=2.498
[regir_fixed4] 6:47:18  536,545/1,000,000  22.0/s  upd=12720  L=0.0336  D=2.498
[regir_fixed4] 6:47:29  536,830/1,000,000  22.0/s  upd=12725  L=0.0410  D=2.498
[regir_fixed4] 6:47:40  537,201/1,000,000  22.0/s  upd=12730  L=0.0283  D=2.498
[regir_fixed4] 6:47:50  537,201/1,000,000  22.0/s  upd=12735  L=0.0195  D=2.498
[regir_fixed4] 6:48:01  537,508/1,000,000  22.0/s  upd=12741  L=0.0280  D=2.498
[regir_fixed4] 6:48:13  537,806/1,000,000  22.0/s  upd=12746  L=0.0218  D=2.498
[regir_fixed4] 6:48:23  537,806/1,000,000  21.9/s  upd=12752  L=0.0305  D=2.498
[regir_fixed4] 6:48:33  538,206/1,000,000  22.0/s  upd=12757  L=0.0251  D=2.498
[regir_fixed4] 6:48:46  538,579/1,000,000  22.0/s  upd=12763  L=0.0204  D=2.498
[regir_fixed4] 6:48:56  538,579/1,000,000  22.0/s  upd=12767  L=0.0312  D=2.498
[regir_fixed4] 6:49:07  538,855/1,000,000  22.0/s  upd=12774  L=0.0404  D=2.498
[regir_fixed4] 6:49:18  539,133/1,000,000  22.0/s  upd=12779  L=0.0244  D=2.498
[regir_fixed4] 6:49:29  539,420/1,000,000  22.0/s  upd=12785  L=0.0328  D=2.498
[regir_fixed4] 6:49:39  539,420/1,000,000  21.9/s  upd=12791  L=0.0212  D=2.498
[regir_fixed4] 6:49:50  539,745/1,000,000  21.9/s  upd=12796  L=0.0293  D=2.498
[regir_fixed4] 6:50:02  540,029/1,000,000  22.0/s  upd=12802  L=0.0354  D=2.498
[regir_fixed4] saved resume t_env=540,029
[regir_fixed4] 6:50:18  540,029/1,000,000  21.9/s  upd=12808  L=0.0264  ev=0/100  D=2.498
[regir_fixed4] 6:50:28  540,029/1,000,000  21.9/s  upd=12808  L=0.0264  ev=32/100  D=2.498
[regir_fixed4] 6:50:38  540,029/1,000,000  21.9/s  upd=12808  L=0.0264  ev=69/100  D=2.498
[regir_fixed4] 6:50:48  540,322/1,000,000  21.9/s  upd=12809  L=0.0191  D=0.677
[regir_fixed4] 6:50:59  540,322/1,000,000  21.9/s  upd=12816  L=0.0386  D=0.677
[regir_fixed4] 6:51:09  540,596/1,000,000  21.9/s  upd=12822  L=0.0255  D=0.677
[regir_fixed4] 6:51:20  540,874/1,000,000  21.9/s  upd=12826  L=0.0197  D=0.677
[regir_fixed4] 6:51:30  540,874/1,000,000  21.9/s  upd=12832  L=0.0255  D=0.677
[regir_fixed4] 6:51:41  541,143/1,000,000  21.9/s  upd=12838  L=0.0237  D=0.677
[regir_fixed4] 6:51:52  541,461/1,000,000  21.9/s  upd=12843  L=0.0225  D=0.677
[regir_fixed4] 6:52:03  541,813/1,000,000  21.9/s  upd=12849  L=0.0456  D=0.677
[regir_fixed4] 6:52:14  541,813/1,000,000  21.9/s  upd=12855  L=0.0282  D=0.677
[regir_fixed4] 6:52:24  542,150/1,000,000  21.9/s  upd=12859  L=0.0211  D=0.677
[regir_fixed4] 6:52:35  542,411/1,000,000  21.9/s  upd=12865  L=0.0325  D=0.677
[regir_fixed4] 6:52:45  542,411/1,000,000  21.9/s  upd=12872  L=0.0259  D=0.677
[regir_fixed4] 6:52:56  542,707/1,000,000  21.9/s  upd=12877  L=0.0275  D=0.677
[regir_fixed4] 6:53:06  543,004/1,000,000  21.9/s  upd=12881  L=0.0306  D=0.677
[regir_fixed4] 6:53:17  543,004/1,000,000  21.9/s  upd=12888  L=0.0245  D=0.677
[regir_fixed4] 6:53:28  543,341/1,000,000  21.9/s  upd=12894  L=0.0183  D=0.677
[regir_fixed4] 6:53:39  543,615/1,000,000  21.9/s  upd=12899  L=0.0320  D=0.677
[regir_fixed4] 6:53:50  543,903/1,000,000  21.9/s  upd=12905  L=0.0233  D=0.677
[regir_fixed4] 6:54:01  543,903/1,000,000  21.9/s  upd=12911  L=0.0323  D=0.677
[regir_fixed4] 6:54:12  544,194/1,000,000  21.9/s  upd=12917  L=0.0466  D=0.677
[regir_fixed4] 6:54:22  544,493/1,000,000  21.9/s  upd=12923  L=0.0280  D=0.677
[regir_fixed4] 6:54:32  544,493/1,000,000  21.9/s  upd=12928  L=0.0190  D=0.677
[regir_fixed4] 6:54:42  544,798/1,000,000  21.9/s  upd=12934  L=0.0336  D=0.677
[regir_fixed4] 6:54:53  545,108/1,000,000  21.9/s  upd=12938  L=0.0266  D=0.677
[regir_fixed4] 6:55:05  545,108/1,000,000  21.9/s  upd=12944  L=0.0285  D=0.677
[regir_fixed4] 6:55:16  545,465/1,000,000  21.9/s  upd=12949  L=0.0338  D=0.677
[regir_fixed4] 6:55:26  545,806/1,000,000  21.9/s  upd=12954  L=0.0249  D=0.677
[regir_fixed4] 6:55:36  545,806/1,000,000  21.9/s  upd=12960  L=0.0177  D=0.677
[regir_fixed4] 6:55:47  546,139/1,000,000  21.9/s  upd=12965  L=0.0205  D=0.677
[regir_fixed4] 6:55:57  546,432/1,000,000  21.9/s  upd=12970  L=0.0203  D=0.677
[regir_fixed4] 6:56:08  546,432/1,000,000  21.9/s  upd=12975  L=0.0523  D=0.677
[regir_fixed4] 6:56:20  546,803/1,000,000  21.9/s  upd=12981  L=0.0299  D=0.677
[regir_fixed4] 6:56:32  547,151/1,000,000  21.9/s  upd=12986  L=0.0371  D=0.677
[regir_fixed4] 6:56:43  547,151/1,000,000  21.9/s  upd=12992  L=0.0251  D=0.677
[regir_fixed4] 6:56:53  547,467/1,000,000  21.9/s  upd=12998  L=0.0276  D=0.677
[regir_fixed4] 6:57:04  547,768/1,000,000  21.9/s  upd=13003  L=0.0250  D=0.677
[regir_fixed4] 6:57:15  548,111/1,000,000  21.9/s  upd=13009  L=0.0207  D=0.677
[regir_fixed4] 6:57:25  548,111/1,000,000  21.9/s  upd=13015  L=0.0337  D=0.677
[regir_fixed4] 6:57:36  548,403/1,000,000  21.9/s  upd=13023  L=0.0330  D=0.677
[regir_fixed4] 6:57:46  548,723/1,000,000  21.9/s  upd=13032  L=0.0279  D=0.677
[regir_fixed4] 6:57:57  549,034/1,000,000  21.9/s  upd=13039  L=0.0266  D=0.677
[regir_fixed4] 6:58:07  549,320/1,000,000  21.9/s  upd=13048  L=0.0388  D=0.677
[regir_fixed4] 6:58:19  549,640/1,000,000  21.9/s  upd=13055  L=0.0194  D=0.677
[regir_fixed4] 6:58:30  550,008/1,000,000  21.9/s  upd=13059  L=0.0201  D=0.677
[regir_fixed4] 6:58:40  550,303/1,000,000  21.9/s  upd=13065  L=0.0227  D=0.677
[regir_fixed4] 6:58:51  550,303/1,000,000  21.9/s  upd=13071  L=0.0248  D=0.677
[regir_fixed4] 6:59:01  550,630/1,000,000  21.9/s  upd=13077  L=0.0291  D=0.677
[regir_fixed4] 6:59:13  550,945/1,000,000  21.9/s  upd=13083  L=0.0341  D=0.677
[regir_fixed4] 6:59:24  551,291/1,000,000  21.9/s  upd=13089  L=0.0213  D=0.677
[regir_fixed4] 6:59:35  551,291/1,000,000  21.9/s  upd=13095  L=0.0195  D=0.677
[regir_fixed4] 6:59:46  551,603/1,000,000  21.9/s  upd=13101  L=0.0246  D=0.677
[regir_fixed4] 6:59:57  551,939/1,000,000  21.9/s  upd=13107  L=0.0298  D=0.677
[regir_fixed4] 7:00:07  551,939/1,000,000  21.9/s  upd=13112  L=0.0153  D=0.677
[regir_fixed4] 7:00:17  552,285/1,000,000  21.9/s  upd=13119  L=0.0427  D=0.677
[regir_fixed4] saved resume t_env=552,285
[regir_fixed4] 7:00:28  552,585/1,000,000  21.9/s  upd=13123  L=0.0387  D=0.677
[regir_fixed4] 7:00:39  552,880/1,000,000  21.9/s  upd=13129  L=0.0224  D=0.677
[regir_fixed4] 7:00:49  552,880/1,000,000  21.9/s  upd=13134  L=0.0240  D=0.677
[regir_fixed4] 7:01:00  553,235/1,000,000  21.9/s  upd=13138  L=0.0296  D=0.677
[regir_fixed4] 7:01:10  553,235/1,000,000  21.9/s  upd=13144  L=0.0185  D=0.677
[regir_fixed4] 7:01:21  553,550/1,000,000  21.9/s  upd=13150  L=0.0265  D=0.677
[regir_fixed4] 7:01:34  553,868/1,000,000  21.9/s  upd=13156  L=0.0268  D=0.677
[regir_fixed4] 7:01:44  554,212/1,000,000  21.9/s  upd=13161  L=0.0236  D=0.677
[regir_fixed4] 7:01:55  554,212/1,000,000  21.9/s  upd=13168  L=0.0274  D=0.677
[regir_fixed4] 7:02:06  554,544/1,000,000  21.9/s  upd=13172  L=0.0263  D=0.677
[regir_fixed4] 7:02:17  554,907/1,000,000  21.9/s  upd=13177  L=0.0235  D=0.677
[regir_fixed4] 7:02:28  554,907/1,000,000  21.9/s  upd=13183  L=0.0206  D=0.677
[regir_fixed4] 7:02:39  555,244/1,000,000  21.9/s  upd=13188  L=0.0244  D=0.677
[regir_fixed4] 7:02:50  555,548/1,000,000  21.9/s  upd=13193  L=0.0379  D=0.677
[regir_fixed4] 7:03:02  555,548/1,000,000  21.9/s  upd=13198  L=0.0282  D=0.677
[regir_fixed4] 7:03:12  555,861/1,000,000  21.9/s  upd=13203  L=0.0171  D=0.677
[regir_fixed4] 7:03:22  555,861/1,000,000  21.9/s  upd=13208  L=0.0230  D=0.677
[regir_fixed4] 7:03:32  556,131/1,000,000  21.9/s  upd=13213  L=0.0481  D=0.677
[regir_fixed4] 7:03:43  556,458/1,000,000  21.9/s  upd=13217  L=0.0249  D=0.677
[regir_fixed4] 7:03:56  556,458/1,000,000  21.9/s  upd=13224  L=0.0284  D=0.677
[regir_fixed4] 7:04:06  556,751/1,000,000  21.9/s  upd=13228  L=0.0236  D=0.677
[regir_fixed4] 7:04:17  557,096/1,000,000  21.9/s  upd=13233  L=0.0307  D=0.677
[regir_fixed4] 7:04:28  557,096/1,000,000  21.9/s  upd=13239  L=0.0247  D=0.677
[regir_fixed4] 7:04:39  557,389/1,000,000  21.9/s  upd=13245  L=0.0275  D=0.677
[regir_fixed4] 7:04:50  557,694/1,000,000  21.9/s  upd=13250  L=0.0259  D=0.677
[regir_fixed4] 7:05:00  557,694/1,000,000  21.9/s  upd=13256  L=0.0306  D=0.677
[regir_fixed4] 7:05:12  557,985/1,000,000  21.9/s  upd=13262  L=0.0241  D=0.677
[regir_fixed4] 7:05:24  558,306/1,000,000  21.9/s  upd=13268  L=0.0329  D=0.677
[regir_fixed4] 7:05:35  558,581/1,000,000  21.9/s  upd=13274  L=0.0241  D=0.677
[regir_fixed4] 7:05:45  558,581/1,000,000  21.9/s  upd=13280  L=0.0366  D=0.677
[regir_fixed4] 7:05:56  558,905/1,000,000  21.9/s  upd=13286  L=0.0218  D=0.677
[regir_fixed4] 7:06:07  559,189/1,000,000  21.9/s  upd=13292  L=0.0182  D=0.677
[regir_fixed4] 7:06:17  559,508/1,000,000  21.9/s  upd=13297  L=0.0248  D=0.677
[regir_fixed4] 7:06:29  559,508/1,000,000  21.9/s  upd=13302  L=0.0297  D=0.677
[regir_fixed4] 7:06:39  559,828/1,000,000  21.9/s  upd=13308  L=0.0268  D=0.677
[regir_fixed4] 7:06:51  560,107/1,000,000  21.9/s  upd=13313  L=0.0245  D=0.677
[regir_fixed4] 7:07:01  560,107/1,000,000  21.9/s  upd=13320  L=0.0287  D=0.677
[regir_fixed4] saved resume t_env=560,107
[regir_fixed4] 7:07:11  560,107/1,000,000  21.9/s  upd=13320  L=0.0287  ev=9/100  D=0.677
[regir_fixed4] 7:07:21  560,107/1,000,000  21.8/s  upd=13320  L=0.0287  ev=46/100  D=0.677
[regir_fixed4] 7:07:31  560,107/1,000,000  21.8/s  upd=13320  L=0.0287  ev=86/100  D=0.677
[regir_fixed4] 7:07:42  560,401/1,000,000  21.8/s  upd=13322  L=0.0332  D=1.427
[regir_fixed4] 7:07:53  560,401/1,000,000  21.8/s  upd=13328  L=0.0393  D=1.427
[regir_fixed4] 7:08:03  560,696/1,000,000  21.8/s  upd=13333  L=0.0191  D=1.427
[regir_fixed4] 7:08:13  560,979/1,000,000  21.8/s  upd=13338  L=0.0277  D=1.427
[regir_fixed4] 7:08:23  560,979/1,000,000  21.8/s  upd=13344  L=0.0307  D=1.427
[regir_fixed4] 7:08:34  561,310/1,000,000  21.8/s  upd=13350  L=0.0225  D=1.427
[regir_fixed4] 7:08:45  561,603/1,000,000  21.8/s  upd=13356  L=0.0224  D=1.427
[regir_fixed4] 7:08:57  561,917/1,000,000  21.8/s  upd=13362  L=0.0170  D=1.427
[regir_fixed4] 7:09:07  561,917/1,000,000  21.8/s  upd=13367  L=0.0386  D=1.427
[regir_fixed4] 7:09:18  562,249/1,000,000  21.8/s  upd=13371  L=0.0417  D=1.427
[regir_fixed4] 7:09:30  562,582/1,000,000  21.8/s  upd=13377  L=0.0691  D=1.427
[regir_fixed4] 7:09:41  562,582/1,000,000  21.8/s  upd=13383  L=0.0251  D=1.427
[regir_fixed4] 7:09:51  562,854/1,000,000  21.8/s  upd=13388  L=0.0232  D=1.427
[regir_fixed4] 7:10:03  563,177/1,000,000  21.8/s  upd=13393  L=0.0360  D=1.427
[regir_fixed4] 7:10:14  563,177/1,000,000  21.8/s  upd=13400  L=0.0278  D=1.427
[regir_fixed4] 7:10:26  563,499/1,000,000  21.8/s  upd=13405  L=0.0374  D=1.427
[regir_fixed4] 7:10:37  563,799/1,000,000  21.8/s  upd=13411  L=0.0232  D=1.427
[regir_fixed4] 7:10:47  563,799/1,000,000  21.8/s  upd=13416  L=0.0233  D=1.427
[regir_fixed4] 7:10:57  564,118/1,000,000  21.8/s  upd=13421  L=0.0208  D=1.427
[regir_fixed4] 7:11:08  564,405/1,000,000  21.8/s  upd=13427  L=0.0218  D=1.427
[regir_fixed4] 7:11:18  564,405/1,000,000  21.8/s  upd=13432  L=0.0276  D=1.427
[regir_fixed4] 7:11:28  564,716/1,000,000  21.8/s  upd=13438  L=0.0255  D=1.427
[regir_fixed4] 7:11:39  565,005/1,000,000  21.8/s  upd=13443  L=0.0264  D=1.427
[regir_fixed4] 7:11:49  565,005/1,000,000  21.8/s  upd=13448  L=0.0265  D=1.427
[regir_fixed4] 7:11:59  565,327/1,000,000  21.8/s  upd=13454  L=0.0306  D=1.427
[regir_fixed4] 7:12:10  565,605/1,000,000  21.8/s  upd=13459  L=0.0216  D=1.427
[regir_fixed4] 7:12:20  565,605/1,000,000  21.8/s  upd=13464  L=0.0188  D=1.427
[regir_fixed4] 7:12:30  565,912/1,000,000  21.8/s  upd=13471  L=0.0362  D=1.427
[regir_fixed4] 7:12:40  566,242/1,000,000  21.8/s  upd=13475  L=0.0317  D=1.427
[regir_fixed4] 7:12:51  566,601/1,000,000  21.8/s  upd=13482  L=0.0247  D=1.427
[regir_fixed4] 7:13:02  566,601/1,000,000  21.8/s  upd=13488  L=0.0234  D=1.427
[regir_fixed4] 7:13:12  566,920/1,000,000  21.8/s  upd=13493  L=0.0247  D=1.427
[regir_fixed4] 7:13:23  567,204/1,000,000  21.8/s  upd=13498  L=0.0244  D=1.427
[regir_fixed4] 7:13:34  567,204/1,000,000  21.8/s  upd=13504  L=0.0256  D=1.427
[regir_fixed4] 7:13:44  567,520/1,000,000  21.8/s  upd=13508  L=0.0211  D=1.427
[regir_fixed4] 7:13:55  567,833/1,000,000  21.8/s  upd=13513  L=0.0247  D=1.427
[regir_fixed4] 7:14:06  567,833/1,000,000  21.8/s  upd=13519  L=0.0305  D=1.427
[regir_fixed4] 7:14:17  568,198/1,000,000  21.8/s  upd=13525  L=0.0234  D=1.427
[regir_fixed4] 7:14:27  568,489/1,000,000  21.8/s  upd=13532  L=0.0310  D=1.427
[regir_fixed4] 7:14:37  568,489/1,000,000  21.8/s  upd=13536  L=0.0293  D=1.427
[regir_fixed4] 7:14:48  568,804/1,000,000  21.8/s  upd=13542  L=0.0177  D=1.427
[regir_fixed4] 7:14:59  569,130/1,000,000  21.8/s  upd=13546  L=0.0247  D=1.427
[regir_fixed4] 7:15:09  569,130/1,000,000  21.8/s  upd=13552  L=0.0271  D=1.427
[regir_fixed4] 7:15:20  569,452/1,000,000  21.8/s  upd=13558  L=0.0283  D=1.427
[regir_fixed4] 7:15:31  569,753/1,000,000  21.8/s  upd=13564  L=0.0262  D=1.427
[regir_fixed4] 7:15:41  569,753/1,000,000  21.8/s  upd=13568  L=0.0266  D=1.427
[regir_fixed4] 7:15:51  570,011/1,000,000  21.8/s  upd=13574  L=0.0206  D=1.427
[regir_fixed4] 7:16:01  570,310/1,000,000  21.8/s  upd=13578  L=0.0540  D=1.427
[regir_fixed4] 7:16:11  570,310/1,000,000  21.8/s  upd=13584  L=0.0323  D=1.427
[regir_fixed4] 7:16:22  570,663/1,000,000  21.8/s  upd=13589  L=0.0330  D=1.427
[regir_fixed4] 7:16:32  570,967/1,000,000  21.8/s  upd=13593  L=0.0238  D=1.427
[regir_fixed4] 7:16:42  570,967/1,000,000  21.8/s  upd=13599  L=0.0236  D=1.427
[regir_fixed4] 7:16:54  571,225/1,000,000  21.8/s  upd=13604  L=0.0308  D=1.427
[regir_fixed4] 7:17:05  571,562/1,000,000  21.8/s  upd=13611  L=0.0264  D=1.427
[regir_fixed4] 7:17:16  571,562/1,000,000  21.8/s  upd=13616  L=0.0209  D=1.427
[regir_fixed4] saved resume t_env=571,562
[regir_fixed4] 7:17:28  571,813/1,000,000  21.8/s  upd=13620  L=0.0215  D=1.427
[regir_fixed4] 7:17:40  572,083/1,000,000  21.8/s  upd=13625  L=0.0199  D=1.427
[regir_fixed4] 7:17:50  572,083/1,000,000  21.8/s  upd=13632  L=0.0257  D=1.427
[regir_fixed4] 7:18:01  572,382/1,000,000  21.8/s  upd=13637  L=0.0350  D=1.427
[regir_fixed4] 7:18:11  572,691/1,000,000  21.8/s  upd=13642  L=0.0267  D=1.427
[regir_fixed4] 7:18:22  572,691/1,000,000  21.8/s  upd=13648  L=0.0200  D=1.427
[regir_fixed4] 7:18:33  572,978/1,000,000  21.8/s  upd=13655  L=0.0286  D=1.427
[regir_fixed4] saved resume t_env=572,978
[regir_fixed4] resume t_env=572,978 from resume.pt
[regir_fixed4] 0:00:10  573,295/1,000,000  29.1/s  upd=13661  L=0.0296  D=1.427
[regir_fixed4] saved resume t_env=573,295
[regir_fixed4] 0:00:22  573,590/1,000,000  27.4/s  upd=13667  L=0.0230  D=1.427
[regir_fixed4] 0:00:33  573,891/1,000,000  27.3/s  upd=13675  L=0.0336  D=1.427
[regir_fixed4] 0:00:43  574,210/1,000,000  28.1/s  upd=13682  L=0.0297  D=1.427
[regir_fixed4] 0:00:55  574,502/1,000,000  27.4/s  upd=13690  L=0.0288  D=1.427
[regir_fixed4] 0:01:06  574,866/1,000,000  28.4/s  upd=13699  L=0.0356  D=1.427
[regir_fixed4] 0:01:16  574,866/1,000,000  24.7/s  upd=13704  L=0.0360  D=1.427
[regir_fixed4] 0:01:27  575,244/1,000,000  25.9/s  upd=13708  L=0.0241  D=1.427
[regir_fixed4] 0:01:37  575,244/1,000,000  23.2/s  upd=13712  L=0.0217  D=1.427
[regir_fixed4] 0:01:48  575,556/1,000,000  23.8/s  upd=13718  L=0.0236  D=1.427
[regir_fixed4] 0:01:59  575,930/1,000,000  24.7/s  upd=13724  L=0.0262  D=1.427
[regir_fixed4] 0:02:09  575,930/1,000,000  22.8/s  upd=13728  L=0.0247  D=1.427
[regir_fixed4] 0:02:20  576,216/1,000,000  23.1/s  upd=13736  L=0.0239  D=1.427
[regir_fixed4] 0:02:31  576,493/1,000,000  23.1/s  upd=13741  L=0.0243  D=1.427
[regir_fixed4] 0:02:42  576,493/1,000,000  21.7/s  upd=13744  L=0.0318  D=1.427
[regir_fixed4] 0:02:54  576,790/1,000,000  21.8/s  upd=13751  L=0.0310  D=1.427
[regir_fixed4] 0:03:05  577,083/1,000,000  22.2/s  upd=13754  L=0.0312  D=1.427
[regir_fixed4] 0:03:15  577,083/1,000,000  21.0/s  upd=13760  L=0.0324  D=1.427
