[b2_qmix_atten] 0:00:10  1,512/1,000,000  151.2/s  upd=8  L=0.0439  D=-
[b2_qmix_atten] 0:00:20  2,594/1,000,000  124.9/s  upd=32  L=0.0468  D=-
[b2_qmix_atten] 0:00:31  3,725/1,000,000  118.2/s  upd=56  L=0.0414  D=-
[b2_qmix_atten] 0:00:42  4,912/1,000,000  115.7/s  upd=80  L=0.0430  D=-
[b2_qmix_atten] 0:00:53  6,021/1,000,000  112.3/s  upd=104  L=0.0409  D=-
[b2_qmix_atten] 0:01:03  6,804/1,000,000  107.0/s  upd=120  L=0.0495  D=-
[b2_qmix_atten] 0:01:14  7,922/1,000,000  106.2/s  upd=144  L=0.0583  D=-
[b2_qmix_atten] 0:01:25  8,733/1,000,000  102.0/s  upd=160  L=0.0535  D=-
[b2_qmix_atten] 0:01:35  9,492/1,000,000  99.2/s  upd=176  L=0.0414  D=-
[b2_qmix_atten] 0:01:46  10,596/1,000,000  99.6/s  upd=200  L=0.0285  D=-
[b2_qmix_atten] 0:01:58  11,730/1,000,000  99.1/s  upd=224  L=0.0565  D=-
[b2_qmix_atten] 0:02:09  12,421/1,000,000  96.1/s  upd=240  L=0.0450  D=-
[b2_qmix_atten] 0:02:19  13,158/1,000,000  94.0/s  upd=256  L=0.0471  D=-
[b2_qmix_atten] 0:02:29  14,356/1,000,000  95.8/s  upd=280  L=0.0444  D=-
[b2_qmix_atten] 0:02:39  15,196/1,000,000  95.0/s  upd=296  L=0.0575  D=-
[b2_qmix_atten] 0:02:52  16,398/1,000,000  95.2/s  upd=320  L=0.0538  D=-
[b2_qmix_atten] 0:03:03  17,546/1,000,000  95.8/s  upd=344  L=0.0444  D=-
[b2_qmix_atten] 0:03:14  19,060/1,000,000  98.2/s  upd=376  L=0.0430  D=-
[b2_qmix_atten] 0:03:24  19,793/1,000,000  96.9/s  upd=392  L=0.0354  D=-
[b2_qmix_atten] 0:03:38  20,206/1,000,000  92.6/s  upd=400  L=0.0439  ev=0/100  D=-
[b2_qmix_atten] 0:03:48  20,206/1,000,000  88.5/s  upd=400  L=0.0439  ev=52/100  D=-
[b2_qmix_atten] 0:03:58  20,206/1,000,000  84.8/s  upd=400  L=0.0439  ev=79/100  D=-
[b2_qmix_atten] 0:04:48  20,206/1,000,000  70.1/s  upd=400  L=0.0439  D=5.336
[b2_qmix_atten] 0:04:58  21,853/1,000,000  73.1/s  upd=432  L=0.0439  D=5.336
[b2_qmix_atten] 0:06:10  21,853/1,000,000  59.0/s  upd=432  L=0.0439  D=5.336
[b2_qmix_atten] 0:06:20  23,055/1,000,000  60.6/s  upd=456  L=0.0385  D=5.336
[b2_qmix_atten] 0:06:30  23,818/1,000,000  60.9/s  upd=472  L=0.0330  D=5.336
[b2_qmix_atten] 0:06:41  25,270/1,000,000  62.9/s  upd=504  L=0.0486  D=5.336
[b2_qmix_atten] 0:06:51  25,966/1,000,000  63.1/s  upd=520  L=0.0442  D=5.336
[b2_qmix_atten] 0:07:02  27,146/1,000,000  64.3/s  upd=544  L=0.0534  D=5.336
[b2_qmix_atten] 0:07:12  27,963/1,000,000  64.7/s  upd=560  L=0.0423  D=5.336
[b2_qmix_atten] 0:07:22  28,826/1,000,000  65.1/s  upd=576  L=0.0563  D=5.336
[b2_qmix_atten] 0:07:33  29,624/1,000,000  65.4/s  upd=592  L=0.0345  D=5.336
[b2_qmix_atten] 0:07:43  30,818/1,000,000  66.5/s  upd=616  L=0.0481  D=5.336
[b2_qmix_atten] 0:07:54  31,958/1,000,000  67.4/s  upd=640  L=0.0369  D=5.336
[b2_qmix_atten] 0:08:04  33,327/1,000,000  68.7/s  upd=664  L=0.0289  D=5.336
[b2_qmix_atten] 0:08:14  34,110/1,000,000  68.9/s  upd=680  L=0.0383  D=5.336
[b2_qmix_atten] 0:08:26  35,289/1,000,000  69.7/s  upd=704  L=0.0457  D=5.336
[b2_qmix_atten] 0:08:36  36,359/1,000,000  70.4/s  upd=728  L=0.0581  D=5.336
[b2_qmix_atten] 0:08:47  37,425/1,000,000  70.9/s  upd=752  L=0.0361  D=5.336
[b2_qmix_atten] 0:08:59  38,515/1,000,000  71.4/s  upd=776  L=0.0498  D=5.336
[b2_qmix_atten] 0:09:09  39,798/1,000,000  72.4/s  upd=800  L=0.0497  D=5.336
[b2_qmix_atten] 0:09:24  40,199/1,000,000  71.2/s  upd=808  L=0.0437  ev=0/100  D=5.336
[b2_qmix_atten] 0:09:34  40,199/1,000,000  70.0/s  upd=808  L=0.0437  ev=32/100  D=5.336
[b2_qmix_atten] 0:09:44  40,199/1,000,000  68.8/s  upd=808  L=0.0437  ev=72/100  D=5.336
[b2_qmix_atten] 0:10:06  40,199/1,000,000  66.3/s  upd=808  L=0.0437  D=4.675
[b2_qmix_atten] 0:10:17  41,323/1,000,000  66.9/s  upd=832  L=0.0481  D=4.675
[b2_qmix_atten] 0:10:29  42,573/1,000,000  67.6/s  upd=856  L=0.0430  D=4.675
[b2_qmix_atten] 0:10:39  43,636/1,000,000  68.2/s  upd=880  L=0.0563  D=4.675
[b2_qmix_atten] 0:10:50  45,114/1,000,000  69.3/s  upd=912  L=0.0380  D=4.675
[b2_qmix_atten] 0:11:01  46,822/1,000,000  70.8/s  upd=944  L=0.0357  D=4.675
[b2_qmix_atten] 0:11:45  47,620/1,000,000  67.5/s  upd=960  L=0.0328  D=4.675
[b2_qmix_atten] 0:11:55  48,757/1,000,000  68.2/s  upd=984  L=0.0494  D=4.675
[b2_qmix_atten] 0:12:06  50,628/1,000,000  69.7/s  upd=1024  L=0.0436  D=4.675
[b2_qmix_atten] 0:12:16  52,130/1,000,000  70.8/s  upd=1056  L=0.0452  D=4.675
[b2_qmix_atten] 0:12:28  53,986/1,000,000  72.2/s  upd=1096  L=0.0346  D=4.675
[b2_qmix_atten] 0:12:39  55,725/1,000,000  73.4/s  upd=1136  L=0.0431  D=4.675
[b2_qmix_atten] 0:12:49  57,675/1,000,000  74.9/s  upd=1176  L=0.0428  D=4.675
[b2_qmix_atten] 0:12:59  58,707/1,000,000  75.3/s  upd=1200  L=0.0306  D=4.675
[b2_qmix_atten] 0:13:21  60,183/1,000,000  75.1/s  upd=1232  L=0.0483  ev=0/100  D=4.675
[b2_qmix_atten] 0:13:31  60,183/1,000,000  74.2/s  upd=1232  L=0.0483  ev=47/100  D=4.675
[b2_qmix_atten] 0:13:41  60,183/1,000,000  73.3/s  upd=1232  L=0.0483  ev=72/100  D=4.675
[b2_qmix_atten] 0:14:06  60,183/1,000,000  71.1/s  upd=1232  L=0.0483  D=5.008
[b2_qmix_atten] 0:14:17  61,463/1,000,000  71.7/s  upd=1256  L=0.0402  D=5.008
[b2_qmix_atten] 0:14:27  62,489/1,000,000  72.0/s  upd=1280  L=0.0371  D=5.008
[b2_qmix_atten] 0:14:38  63,683/1,000,000  72.5/s  upd=1304  L=0.0365  D=5.008
[b2_qmix_atten] 0:14:48  64,859/1,000,000  73.0/s  upd=1328  L=0.0523  D=5.008
[b2_qmix_atten] 0:14:58  65,999/1,000,000  73.4/s  upd=1352  L=0.0340  D=5.008
[b2_qmix_atten] 0:15:09  67,114/1,000,000  73.8/s  upd=1376  L=0.0344  D=5.008
[b2_qmix_atten] 0:15:19  67,846/1,000,000  73.7/s  upd=1392  L=0.0386  D=5.008
[b2_qmix_atten] 0:15:29  68,957/1,000,000  74.2/s  upd=1416  L=0.0532  D=5.008
[b2_qmix_atten] 0:15:41  70,085/1,000,000  74.4/s  upd=1440  L=0.0533  D=5.008
[b2_qmix_atten] 0:15:53  71,291/1,000,000  74.8/s  upd=1464  L=0.0516  D=5.008
[b2_qmix_atten] 0:16:05  72,511/1,000,000  75.1/s  upd=1488  L=0.0500  D=5.008
[b2_qmix_atten] 0:16:16  73,942/1,000,000  75.7/s  upd=1520  L=0.0450  D=5.008
[b2_qmix_atten] 0:16:28  75,044/1,000,000  75.9/s  upd=1544  L=0.0431  D=5.008
[b2_qmix_atten] 0:16:38  76,222/1,000,000  76.3/s  upd=1568  L=0.0373  D=5.008
[b2_qmix_atten] 0:17:00  76,978/1,000,000  75.4/s  upd=1584  L=0.0299  D=5.008
[b2_qmix_atten] 0:17:10  78,496/1,000,000  76.2/s  upd=1616  L=0.0442  D=5.008
[b2_qmix_atten] 0:17:30  80,012/1,000,000  76.2/s  upd=1648  L=0.0367  ev=0/100  D=5.008
[b2_qmix_atten] 0:17:40  80,012/1,000,000  75.5/s  upd=1648  L=0.0367  ev=56/100  D=5.008
[b2_qmix_atten] 0:18:20  80,012/1,000,000  72.7/s  upd=1648  L=0.0367  D=4.557
[b2_qmix_atten] 0:18:30  81,117/1,000,000  73.0/s  upd=1672  L=0.0519  D=4.557
[b2_qmix_atten] 0:18:41  82,222/1,000,000  73.3/s  upd=1696  L=0.0520  D=4.557
[b2_qmix_atten] 0:18:51  82,920/1,000,000  73.3/s  upd=1712  L=0.0414  D=4.557
[b2_qmix_atten] 0:19:03  83,654/1,000,000  73.2/s  upd=1728  L=0.0449  D=4.557
[b2_qmix_atten] 0:19:13  84,342/1,000,000  73.1/s  upd=1744  L=0.0446  D=4.557
[b2_qmix_atten] 0:19:25  85,064/1,000,000  73.0/s  upd=1760  L=0.0288  D=4.557
[b2_qmix_atten] 0:19:37  85,922/1,000,000  73.0/s  upd=1776  L=0.0496  D=4.557
[b2_qmix_atten] 0:19:47  86,588/1,000,000  72.9/s  upd=1792  L=0.0320  D=4.557
[b2_qmix_atten] 0:19:57  87,378/1,000,000  73.0/s  upd=1808  L=0.0372  D=4.557
[b2_qmix_atten] 0:20:07  88,210/1,000,000  73.0/s  upd=1824  L=0.0378  D=4.557
[b2_qmix_atten] 0:20:17  88,939/1,000,000  73.0/s  upd=1840  L=0.0551  D=4.557
[b2_qmix_atten] 0:20:30  90,111/1,000,000  73.2/s  upd=1864  L=0.0546  D=4.557
[b2_qmix_atten] 0:20:41  90,823/1,000,000  73.2/s  upd=1880  L=0.0338  D=4.557
[b2_qmix_atten] 0:20:51  91,174/1,000,000  72.9/s  upd=1888  L=0.0528  D=4.557
[b2_qmix_atten] 0:21:01  91,633/1,000,000  72.6/s  upd=1896  L=0.0396  D=4.557
[b2_qmix_atten] 0:21:12  92,432/1,000,000  72.6/s  upd=1912  L=0.0397  D=4.557
[b2_qmix_atten] 0:21:22  93,203/1,000,000  72.6/s  upd=1928  L=0.0417  D=4.557
[b2_qmix_atten] 0:21:32  94,365/1,000,000  73.0/s  upd=1952  L=0.0391  D=4.557
[b2_qmix_atten] 0:21:42  95,264/1,000,000  73.1/s  upd=1968  L=0.0435  D=4.557
[b2_qmix_atten] 0:21:55  96,458/1,000,000  73.3/s  upd=1992  L=0.0369  D=4.557
[b2_qmix_atten] 0:22:21  97,139/1,000,000  72.4/s  upd=2008  L=0.0638  D=4.557
[b2_qmix_atten] 0:22:31  97,507/1,000,000  72.2/s  upd=2016  L=0.0436  D=4.557
[b2_qmix_atten] 0:22:42  98,261/1,000,000  72.1/s  upd=2032  L=0.0479  D=4.557
[b2_qmix_atten] 0:22:53  99,121/1,000,000  72.2/s  upd=2048  L=0.0388  D=4.557
[b2_qmix_atten] 0:23:12  100,300/1,000,000  72.0/s  upd=2072  L=0.0451  ev=0/100  D=4.557
[b2_qmix_atten] 0:23:22  100,300/1,000,000  71.5/s  upd=2072  L=0.0451  ev=17/100  D=4.557
[b2_qmix_atten] 0:23:32  100,300/1,000,000  71.0/s  upd=2072  L=0.0451  ev=39/100  D=4.557
[b2_qmix_atten] 0:23:42  100,300/1,000,000  70.5/s  upd=2072  L=0.0451  ev=72/100  D=4.557
[b2_qmix_atten] 0:24:12  100,300/1,000,000  69.0/s  upd=2072  L=0.0451  D=5.113
[b2_qmix_atten] 0:24:23  101,494/1,000,000  69.4/s  upd=2096  L=0.0534  D=5.113
[b2_qmix_atten] 0:24:34  102,273/1,000,000  69.3/s  upd=2112  L=0.0336  D=5.113
[b2_qmix_atten] 0:24:45  103,412/1,000,000  69.6/s  upd=2136  L=0.0385  D=5.113
[b2_qmix_atten] 0:24:55  103,811/1,000,000  69.4/s  upd=2144  L=0.0472  D=5.113
[b2_qmix_atten] 0:25:05  104,984/1,000,000  69.7/s  upd=2168  L=0.0298  D=5.113
[b2_qmix_atten] 0:25:15  105,787/1,000,000  69.8/s  upd=2184  L=0.0388  D=5.113
[b2_qmix_atten] 0:25:25  106,971/1,000,000  70.1/s  upd=2208  L=0.0462  D=5.113
[b2_qmix_atten] 0:25:36  108,199/1,000,000  70.4/s  upd=2232  L=0.0430  D=5.113
[b2_qmix_atten] 0:25:47  109,273/1,000,000  70.6/s  upd=2256  L=0.0343  D=5.113
[b2_qmix_atten] 0:25:58  110,443/1,000,000  70.9/s  upd=2280  L=0.0478  D=5.113
[b2_qmix_atten] 0:26:10  111,247/1,000,000  70.8/s  upd=2296  L=0.0378  D=5.113
[b2_qmix_atten] 0:26:21  111,600/1,000,000  70.6/s  upd=2304  L=0.0435  D=5.113
[b2_qmix_atten] 0:26:32  112,755/1,000,000  70.8/s  upd=2328  L=0.0421  D=5.113
[b2_qmix_atten] 0:26:43  113,534/1,000,000  70.8/s  upd=2344  L=0.0363  D=5.113
[b2_qmix_atten] 0:26:53  114,234/1,000,000  70.8/s  upd=2360  L=0.0336  D=5.113
[b2_qmix_atten] 0:27:04  115,335/1,000,000  71.0/s  upd=2384  L=0.0415  D=5.113
[b2_qmix_atten] 0:27:14  115,781/1,000,000  70.8/s  upd=2392  L=0.0393  D=5.113
[b2_qmix_atten] 0:27:40  116,512/1,000,000  70.2/s  upd=2408  L=0.0498  D=5.113
[b2_qmix_atten] 0:27:53  117,258/1,000,000  70.1/s  upd=2424  L=0.0355  D=5.113
[b2_qmix_atten] 0:28:04  118,415/1,000,000  70.3/s  upd=2448  L=0.0521  D=5.113
[b2_qmix_atten] 0:28:16  119,268/1,000,000  70.3/s  upd=2464  L=0.0421  D=5.113
[b2_qmix_atten] 0:28:36  120,116/1,000,000  70.0/s  upd=2480  L=0.0559  ev=0/100  D=5.113
[b2_qmix_atten] 0:28:46  120,116/1,000,000  69.6/s  upd=2480  L=0.0559  ev=37/100  D=5.113
[b2_qmix_atten] 0:28:56  120,116/1,000,000  69.2/s  upd=2480  L=0.0559  ev=79/100  D=5.113
[b2_qmix_atten] 0:29:37  120,116/1,000,000  67.6/s  upd=2480  L=0.0559  D=4.770
[b2_qmix_atten] 0:29:48  121,189/1,000,000  67.8/s  upd=2504  L=0.0567  D=4.770
[b2_qmix_atten] 0:29:58  122,341/1,000,000  68.0/s  upd=2528  L=0.0443  D=4.770
[b2_qmix_atten] 0:30:08  122,756/1,000,000  67.9/s  upd=2536  L=0.0386  D=4.770
[b2_qmix_atten] 0:30:19  123,998/1,000,000  68.1/s  upd=2560  L=0.0400  D=4.770
[b2_qmix_atten] 0:30:31  125,120/1,000,000  68.3/s  upd=2584  L=0.0415  D=4.770
[b2_qmix_atten] 0:30:41  126,152/1,000,000  68.5/s  upd=2608  L=0.0407  D=4.770
[b2_qmix_atten] 0:30:53  127,748/1,000,000  68.9/s  upd=2640  L=0.0512  D=4.770
[b2_qmix_atten] 0:31:04  128,582/1,000,000  68.9/s  upd=2656  L=0.0328  D=4.770
[b2_qmix_atten] 0:31:16  129,633/1,000,000  69.1/s  upd=2680  L=0.0476  D=4.770
[b2_qmix_atten] 0:31:26  130,827/1,000,000  69.3/s  upd=2704  L=0.0337  D=4.770
[b2_qmix_atten] 0:31:36  131,914/1,000,000  69.5/s  upd=2728  L=0.0398  D=4.770
[b2_qmix_atten] 0:31:46  133,121/1,000,000  69.8/s  upd=2752  L=0.0536  D=4.770
[b2_qmix_atten] 0:31:56  134,291/1,000,000  70.1/s  upd=2776  L=0.0539  D=4.770
[b2_qmix_atten] 0:32:06  135,420/1,000,000  70.3/s  upd=2800  L=0.0486  D=4.770
[b2_qmix_atten] 0:32:18  136,623/1,000,000  70.5/s  upd=2824  L=0.0321  D=4.770
[b2_qmix_atten] 0:32:28  137,055/1,000,000  70.4/s  upd=2832  L=0.0411  D=4.770
[b2_qmix_atten] 0:32:38  137,921/1,000,000  70.4/s  upd=2848  L=0.0445  D=4.770
[b2_qmix_atten] 0:32:59  138,344/1,000,000  69.9/s  upd=2856  L=0.0401  D=4.770
[b2_qmix_atten] 0:33:10  139,222/1,000,000  69.9/s  upd=2872  L=0.0390  D=4.770
[b2_qmix_atten] 0:33:20  139,970/1,000,000  70.0/s  upd=2888  L=0.0539  D=4.770
[b2_qmix_atten] 0:33:35  140,369/1,000,000  69.6/s  upd=2896  L=0.0354  ev=0/100  D=4.770
[b2_qmix_atten] 0:33:45  140,369/1,000,000  69.3/s  upd=2896  L=0.0354  ev=24/100  D=4.770
[b2_qmix_atten] 0:33:55  140,369/1,000,000  68.9/s  upd=2896  L=0.0354  ev=86/100  D=4.770
[b2_qmix_atten] 0:34:16  140,369/1,000,000  68.3/s  upd=2896  L=0.0354  D=4.400
[b2_qmix_atten] 0:34:26  141,019/1,000,000  68.2/s  upd=2912  L=0.0306  D=4.400
[b2_qmix_atten] 0:34:36  142,159/1,000,000  68.5/s  upd=2936  L=0.0460  D=4.400
[b2_qmix_atten] 0:34:47  142,920/1,000,000  68.5/s  upd=2952  L=0.0383  D=4.400
[b2_qmix_atten] 0:34:57  143,656/1,000,000  68.5/s  upd=2968  L=0.0515  D=4.400
[b2_qmix_atten] 0:35:08  144,377/1,000,000  68.5/s  upd=2984  L=0.0452  D=4.400
[b2_qmix_atten] 0:35:19  145,094/1,000,000  68.5/s  upd=3000  L=0.0300  D=4.400
[b2_qmix_atten] 0:35:29  145,839/1,000,000  68.5/s  upd=3016  L=0.0429  D=4.400
[b2_qmix_atten] 0:35:39  146,612/1,000,000  68.5/s  upd=3032  L=0.0373  D=4.400
[b2_qmix_atten] 0:35:49  147,346/1,000,000  68.5/s  upd=3048  L=0.0423  D=4.400
[b2_qmix_atten] 0:36:01  148,212/1,000,000  68.6/s  upd=3064  L=0.0499  D=4.400
[b2_qmix_atten] 0:36:12  149,471/1,000,000  68.8/s  upd=3088  L=0.0430  D=4.400
[b2_qmix_atten] 0:36:23  150,666/1,000,000  69.0/s  upd=3112  L=0.0354  D=4.400
[b2_qmix_atten] 0:36:35  151,879/1,000,000  69.2/s  upd=3136  L=0.0392  D=4.400
[b2_qmix_atten] 0:36:46  152,912/1,000,000  69.3/s  upd=3160  L=0.0433  D=4.400
[b2_qmix_atten] 0:36:57  154,153/1,000,000  69.5/s  upd=3184  L=0.0574  D=4.400
[b2_qmix_atten] 0:37:09  155,639/1,000,000  69.8/s  upd=3216  L=0.0422  D=4.400
[b2_qmix_atten] 0:37:19  157,148/1,000,000  70.2/s  upd=3248  L=0.0411  D=4.400
[b2_qmix_atten] 0:37:29  157,913/1,000,000  70.2/s  upd=3264  L=0.0536  D=4.400
[b2_qmix_atten] 0:37:39  158,612/1,000,000  70.2/s  upd=3280  L=0.0419  D=4.400
[b2_qmix_atten] 0:37:49  159,725/1,000,000  70.4/s  upd=3304  L=0.0471  D=4.400
[b2_qmix_atten] 0:38:06  160,142/1,000,000  70.0/s  upd=3312  L=0.0333  ev=0/100  D=4.400
[b2_qmix_atten] 0:38:16  160,142/1,000,000  69.7/s  upd=3312  L=0.0333  ev=40/100  D=4.400
[b2_qmix_atten] 0:38:26  160,142/1,000,000  69.4/s  upd=3312  L=0.0333  ev=85/100  D=4.400
[b2_qmix_atten] 0:39:02  160,142/1,000,000  68.4/s  upd=3312  L=0.0333  D=4.921
[b2_qmix_atten] 0:39:54  160,142/1,000,000  66.9/s  upd=3312  L=0.0333  D=4.921
[b2_qmix_atten] 0:40:04  160,939/1,000,000  66.9/s  upd=3328  L=0.0515  D=4.921
[b2_qmix_atten] 0:40:14  161,664/1,000,000  67.0/s  upd=3344  L=0.0468  D=4.921
[b2_qmix_atten] 0:40:24  162,494/1,000,000  67.0/s  upd=3360  L=0.0470  D=4.921
[b2_qmix_atten] 0:40:34  163,528/1,000,000  67.2/s  upd=3384  L=0.0488  D=4.921
[b2_qmix_atten] 0:40:44  164,287/1,000,000  67.2/s  upd=3400  L=0.0432  D=4.921
[b2_qmix_atten] 0:40:54  164,639/1,000,000  67.1/s  upd=3408  L=0.0438  D=4.921
[b2_qmix_atten] 0:41:06  165,826/1,000,000  67.2/s  upd=3432  L=0.0353  D=4.921
[b2_qmix_atten] 0:41:16  166,575/1,000,000  67.3/s  upd=3448  L=0.0419  D=4.921
[b2_qmix_atten] 0:41:26  167,276/1,000,000  67.3/s  upd=3464  L=0.0469  D=4.921
[b2_qmix_atten] 0:41:36  168,019/1,000,000  67.3/s  upd=3480  L=0.0383  D=4.921
[b2_qmix_atten] 0:41:46  168,679/1,000,000  67.3/s  upd=3496  L=0.0502  D=4.921
[b2_qmix_atten] 0:41:58  169,734/1,000,000  67.4/s  upd=3520  L=0.0374  D=4.921
[b2_qmix_atten] 0:42:10  170,828/1,000,000  67.5/s  upd=3544  L=0.0570  D=4.921
[b2_qmix_atten] 0:42:20  171,578/1,000,000  67.5/s  upd=3560  L=0.0340  D=4.921
[b2_qmix_atten] 0:42:30  172,603/1,000,000  67.7/s  upd=3584  L=0.0515  D=4.921
[b2_qmix_atten] 0:42:40  173,721/1,000,000  67.9/s  upd=3608  L=0.0403  D=4.921
[b2_qmix_atten] 0:42:50  174,620/1,000,000  67.9/s  upd=3624  L=0.0477  D=4.921
[b2_qmix_atten] 0:43:01  175,381/1,000,000  67.9/s  upd=3640  L=0.0417  D=4.921
[b2_qmix_atten] 0:43:12  176,522/1,000,000  68.1/s  upd=3664  L=0.0240  D=4.921
[b2_qmix_atten] 0:43:22  177,308/1,000,000  68.1/s  upd=3680  L=0.0596  D=4.921
[b2_qmix_atten] 0:43:32  178,590/1,000,000  68.4/s  upd=3704  L=0.0483  D=4.921
[b2_qmix_atten] 0:43:44  178,940/1,000,000  68.2/s  upd=3712  L=0.0555  D=4.921
[b2_qmix_atten] 0:43:55  179,717/1,000,000  68.2/s  upd=3728  L=0.0360  D=4.921
[b2_qmix_atten] 0:44:12  180,086/1,000,000  67.9/s  upd=3736  L=0.0398  ev=0/100  D=4.921
[b2_qmix_atten] 0:44:22  180,086/1,000,000  67.6/s  upd=3736  L=0.0398  ev=8/100  D=4.921
[b2_qmix_atten] 0:44:32  180,086/1,000,000  67.4/s  upd=3736  L=0.0398  ev=22/100  D=4.921
[b2_qmix_atten] 0:44:42  180,086/1,000,000  67.1/s  upd=3736  L=0.0398  ev=51/100  D=4.921
[b2_qmix_atten] 0:44:52  180,086/1,000,000  66.9/s  upd=3736  L=0.0398  ev=72/100  D=4.921
[b2_qmix_atten] 0:46:02  180,086/1,000,000  65.2/s  upd=3736  L=0.0398  D=4.795
[b2_qmix_atten] 0:46:35  180,086/1,000,000  64.4/s  upd=3736  L=0.0398  D=4.795
[b2_qmix_atten] 0:46:47  180,871/1,000,000  64.4/s  upd=3752  L=0.0513  D=4.795
[b2_qmix_atten] 0:46:57  181,582/1,000,000  64.5/s  upd=3768  L=0.0357  D=4.795
[b2_qmix_atten] 0:47:07  182,686/1,000,000  64.6/s  upd=3792  L=0.0417  D=4.795
[b2_qmix_atten] 0:47:17  183,448/1,000,000  64.6/s  upd=3808  L=0.0440  D=4.795
[b2_qmix_atten] 0:47:28  184,565/1,000,000  64.8/s  upd=3832  L=0.0329  D=4.795
[b2_qmix_atten] 0:47:41  185,777/1,000,000  64.9/s  upd=3856  L=0.0349  D=4.795
[b2_qmix_atten] 0:47:51  186,922/1,000,000  65.1/s  upd=3880  L=0.0355  D=4.795
[b2_qmix_atten] 0:48:01  188,311/1,000,000  65.3/s  upd=3912  L=0.0564  D=4.795
[b2_qmix_atten] 0:48:11  189,454/1,000,000  65.5/s  upd=3936  L=0.0387  D=4.795
[b2_qmix_atten] 0:48:21  190,168/1,000,000  65.5/s  upd=3952  L=0.0465  D=4.795
[b2_qmix_atten] 0:48:31  191,275/1,000,000  65.7/s  upd=3976  L=0.0421  D=4.795
[b2_qmix_atten] 0:48:42  192,327/1,000,000  65.8/s  upd=4000  L=0.0487  D=4.795
[b2_qmix_atten] 0:48:52  192,711/1,000,000  65.7/s  upd=4008  L=0.0378  D=4.795
[b2_qmix_atten] 0:49:03  193,403/1,000,000  65.7/s  upd=4024  L=0.0543  D=4.795
[b2_qmix_atten] 0:49:14  194,253/1,000,000  65.7/s  upd=4040  L=0.0345  D=4.795
[b2_qmix_atten] 0:49:24  195,357/1,000,000  65.9/s  upd=4064  L=0.0429  D=4.795
[b2_qmix_atten] 0:49:35  196,527/1,000,000  66.0/s  upd=4088  L=0.0396  D=4.795
[b2_qmix_atten] 0:49:45  197,625/1,000,000  66.2/s  upd=4112  L=0.0393  D=4.795
[b2_qmix_atten] 0:49:57  199,134/1,000,000  66.4/s  upd=4144  L=0.0378  D=4.795
[b2_qmix_atten] 0:50:08  199,895/1,000,000  66.4/s  upd=4160  L=0.0331  D=4.795
[b2_qmix_atten] 0:50:22  200,250/1,000,000  66.2/s  upd=4168  L=0.0517  ev=0/100  D=4.795
[b2_qmix_atten] 0:50:33  200,250/1,000,000  66.0/s  upd=4168  L=0.0517  ev=24/100  D=4.795
[b2_qmix_atten] 0:50:43  200,250/1,000,000  65.8/s  upd=4168  L=0.0517  ev=56/100  D=4.795
[b2_qmix_atten] 0:50:53  200,250/1,000,000  65.6/s  upd=4168  L=0.0517  ev=77/100  D=4.795
[b2_qmix_atten] 0:51:39  200,250/1,000,000  64.6/s  upd=4168  L=0.0517  D=4.807
[b2_qmix_atten] 0:51:57  200,250/1,000,000  64.2/s  upd=4168  L=0.0517  D=4.807
[b2_qmix_atten] 0:52:07  200,947/1,000,000  64.3/s  upd=4184  L=0.0504  D=4.807
[b2_qmix_atten] 0:52:17  201,768/1,000,000  64.3/s  upd=4200  L=0.0398  D=4.807
[b2_qmix_atten] 0:52:28  202,869/1,000,000  64.4/s  upd=4224  L=0.0355  D=4.807
[b2_qmix_atten] 0:52:38  203,542/1,000,000  64.4/s  upd=4240  L=0.0631  D=4.807
[b2_qmix_atten] 0:52:48  204,312/1,000,000  64.5/s  upd=4256  L=0.0346  D=4.807
[b2_qmix_atten] 0:53:00  205,548/1,000,000  64.6/s  upd=4280  L=0.0357  D=4.807
[b2_qmix_atten] 0:53:10  206,638/1,000,000  64.8/s  upd=4304  L=0.0439  D=4.807
[b2_qmix_atten] 0:53:20  207,876/1,000,000  65.0/s  upd=4328  L=0.0471  D=4.807
[b2_qmix_atten] 0:53:31  209,297/1,000,000  65.2/s  upd=4360  L=0.0452  D=4.807
[b2_qmix_atten] 0:53:42  210,371/1,000,000  65.3/s  upd=4384  L=0.0386  D=4.807
[b2_qmix_atten] 0:53:53  211,209/1,000,000  65.3/s  upd=4400  L=0.0552  D=4.807
[b2_qmix_atten] 0:54:05  212,295/1,000,000  65.4/s  upd=4424  L=0.0516  D=4.807
[b2_qmix_atten] 0:54:18  213,426/1,000,000  65.5/s  upd=4448  L=0.0430  D=4.807
[b2_qmix_atten] 0:54:29  213,824/1,000,000  65.4/s  upd=4456  L=0.0448  D=4.807
[b2_qmix_atten] 0:54:39  214,565/1,000,000  65.4/s  upd=4472  L=0.0348  D=4.807
[b2_qmix_atten] 0:54:49  215,327/1,000,000  65.5/s  upd=4488  L=0.0664  D=4.807
[b2_qmix_atten] 0:54:59  216,109/1,000,000  65.5/s  upd=4504  L=0.0452  D=4.807
[b2_qmix_atten] 0:55:10  217,263/1,000,000  65.6/s  upd=4528  L=0.0564  D=4.807
[b2_qmix_atten] 0:55:20  218,138/1,000,000  65.7/s  upd=4544  L=0.0360  D=4.807
[b2_qmix_atten] 0:55:30  219,698/1,000,000  66.0/s  upd=4576  L=0.0377  D=4.807
[b2_qmix_atten] 0:55:45  220,104/1,000,000  65.8/s  upd=4584  L=0.0526  ev=0/100  D=4.807
[b2_qmix_atten] 0:55:55  220,104/1,000,000  65.6/s  upd=4584  L=0.0526  ev=43/100  D=4.807
[b2_qmix_atten] 0:56:05  220,104/1,000,000  65.4/s  upd=4584  L=0.0526  ev=94/100  D=4.807
[b2_qmix_atten] 0:56:44  220,104/1,000,000  64.7/s  upd=4584  L=0.0526  D=4.895
[b2_qmix_atten] 0:56:54  221,616/1,000,000  64.9/s  upd=4616  L=0.0351  D=4.895
[b2_qmix_atten] 0:57:15  222,444/1,000,000  64.7/s  upd=4632  L=0.0547  D=4.895
[b2_qmix_atten] 0:57:28  223,188/1,000,000  64.7/s  upd=4648  L=0.0410  D=4.895
[b2_qmix_atten] 0:57:38  223,911/1,000,000  64.7/s  upd=4664  L=0.0429  D=4.895
[b2_qmix_atten] 0:57:48  224,792/1,000,000  64.8/s  upd=4680  L=0.0376  D=4.895
[b2_qmix_atten] 0:58:00  225,614/1,000,000  64.8/s  upd=4696  L=0.0339  D=4.895
[b2_qmix_atten] 0:58:10  225,963/1,000,000  64.7/s  upd=4704  L=0.0300  D=4.895
[b2_qmix_atten] 0:58:20  226,734/1,000,000  64.8/s  upd=4720  L=0.0422  D=4.895
[b2_qmix_atten] 0:58:30  227,493/1,000,000  64.8/s  upd=4736  L=0.0338  D=4.895
[b2_qmix_atten] 0:58:40  228,269/1,000,000  64.8/s  upd=4752  L=0.0458  D=4.895
[b2_qmix_atten] 0:58:51  229,568/1,000,000  65.0/s  upd=4776  L=0.0419  D=4.895
[b2_qmix_atten] 0:59:02  230,359/1,000,000  65.0/s  upd=4792  L=0.0408  D=4.895
[b2_qmix_atten] 0:59:12  230,359/1,000,000  64.9/s  upd=4792  L=0.0408  D=4.895
[b2_qmix_atten] 0:59:24  231,484/1,000,000  64.9/s  upd=4816  L=0.0429  D=4.895
[b2_qmix_atten] 0:59:35  232,656/1,000,000  65.1/s  upd=4840  L=0.0402  D=4.895
[b2_qmix_atten] 0:59:45  233,511/1,000,000  65.1/s  upd=4856  L=0.0469  D=4.895
[b2_qmix_atten] 0:59:56  234,698/1,000,000  65.3/s  upd=4880  L=0.0472  D=4.895
[b2_qmix_atten] 1:00:06  235,717/1,000,000  65.4/s  upd=4904  L=0.0405  D=4.895
[b2_qmix_atten] 1:00:17  236,853/1,000,000  65.5/s  upd=4928  L=0.0423  D=4.895
[b2_qmix_atten] 1:00:27  237,615/1,000,000  65.5/s  upd=4944  L=0.0474  D=4.895
[b2_qmix_atten] 1:00:39  238,694/1,000,000  65.6/s  upd=4968  L=0.0594  D=4.895
[b2_qmix_atten] 1:00:50  239,440/1,000,000  65.6/s  upd=4984  L=0.0488  D=4.895
[b2_qmix_atten] 1:01:11  240,229/1,000,000  65.4/s  upd=5000  L=0.0387  ev=0/100  D=4.895
[b2_qmix_atten] 1:01:21  240,229/1,000,000  65.2/s  upd=5000  L=0.0387  ev=24/100  D=4.895
[b2_qmix_atten] 1:01:31  240,229/1,000,000  65.1/s  upd=5000  L=0.0387  ev=72/100  D=4.895
[b2_qmix_atten] 1:02:00  240,229/1,000,000  64.6/s  upd=5000  L=0.0387  D=5.158
[b2_qmix_atten] 1:02:11  241,095/1,000,000  64.6/s  upd=5016  L=0.0368  D=5.158
[b2_qmix_atten] 1:02:33  241,095/1,000,000  64.2/s  upd=5016  L=0.0368  D=5.158
[b2_qmix_atten] 1:02:43  241,823/1,000,000  64.2/s  upd=5032  L=0.0651  D=5.158
[b2_qmix_atten] 1:02:54  242,944/1,000,000  64.4/s  upd=5056  L=0.0460  D=5.158
[b2_qmix_atten] 1:03:06  244,134/1,000,000  64.5/s  upd=5080  L=0.0384  D=5.158
[b2_qmix_atten] 1:03:16  245,227/1,000,000  64.6/s  upd=5104  L=0.0438  D=5.158
[b2_qmix_atten] 1:03:26  246,411/1,000,000  64.7/s  upd=5128  L=0.0367  D=5.158
[b2_qmix_atten] 1:03:36  247,175/1,000,000  64.8/s  upd=5144  L=0.0563  D=5.158
[b2_qmix_atten] 1:03:46  248,206/1,000,000  64.9/s  upd=5168  L=0.0411  D=5.158
[b2_qmix_atten] 1:03:57  249,683/1,000,000  65.1/s  upd=5200  L=0.0376  D=5.158
[b2_qmix_atten] 1:04:07  250,914/1,000,000  65.2/s  upd=5224  L=0.0491  D=5.158
[b2_qmix_atten] 1:04:19  252,028/1,000,000  65.3/s  upd=5248  L=0.0282  D=5.158
[b2_qmix_atten] 1:04:31  253,088/1,000,000  65.4/s  upd=5272  L=0.0369  D=5.158
[b2_qmix_atten] 1:04:43  253,848/1,000,000  65.4/s  upd=5288  L=0.0421  D=5.158
[b2_qmix_atten] 1:04:55  255,027/1,000,000  65.5/s  upd=5312  L=0.0587  D=5.158
[b2_qmix_atten] 1:05:05  256,166/1,000,000  65.6/s  upd=5336  L=0.0488  D=5.158
[b2_qmix_atten] 1:05:15  256,948/1,000,000  65.6/s  upd=5352  L=0.0447  D=5.158
[b2_qmix_atten] 1:05:27  257,997/1,000,000  65.7/s  upd=5376  L=0.0435  D=5.158
[b2_qmix_atten] 1:05:37  258,787/1,000,000  65.7/s  upd=5392  L=0.0387  D=5.158
[b2_qmix_atten] 1:05:47  259,492/1,000,000  65.7/s  upd=5408  L=0.0467  D=5.158
[b2_qmix_atten] 1:06:09  260,232/1,000,000  65.6/s  upd=5424  L=0.0469  ev=0/100  D=5.158
[b2_qmix_atten] 1:06:19  260,232/1,000,000  65.4/s  upd=5424  L=0.0469  ev=32/100  D=5.158
[b2_qmix_atten] 1:06:29  260,232/1,000,000  65.2/s  upd=5424  L=0.0469  ev=71/100  D=5.158
[b2_qmix_atten] 1:06:39  260,232/1,000,000  65.1/s  upd=5424  L=0.0469  ev=95/100  D=5.158
[b2_qmix_atten] 1:07:04  260,232/1,000,000  64.7/s  upd=5424  L=0.0469  D=4.628
[b2_qmix_atten] 1:07:14  261,367/1,000,000  64.8/s  upd=5448  L=0.0397  D=4.628
[b2_qmix_atten] 1:07:25  261,767/1,000,000  64.7/s  upd=5456  L=0.0353  D=4.628
[b2_qmix_atten] 1:07:51  262,529/1,000,000  64.5/s  upd=5472  L=0.0421  D=4.628
[b2_qmix_atten] 1:08:02  263,744/1,000,000  64.6/s  upd=5496  L=0.0419  D=4.628
[b2_qmix_atten] 1:08:15  264,880/1,000,000  64.7/s  upd=5520  L=0.0429  D=4.628
[b2_qmix_atten] 1:08:25  265,627/1,000,000  64.7/s  upd=5536  L=0.0374  D=4.628
[b2_qmix_atten] 1:08:35  266,374/1,000,000  64.7/s  upd=5552  L=0.0521  D=4.628
[b2_qmix_atten] 1:08:46  267,584/1,000,000  64.8/s  upd=5576  L=0.0423  D=4.628
[b2_qmix_atten] 1:08:56  268,363/1,000,000  64.9/s  upd=5592  L=0.0446  D=4.628
[b2_qmix_atten] 1:09:07  269,529/1,000,000  65.0/s  upd=5616  L=0.0506  D=4.628
[b2_qmix_atten] 1:09:18  270,690/1,000,000  65.1/s  upd=5640  L=0.0393  D=4.628
[b2_qmix_atten] 1:09:28  271,860/1,000,000  65.2/s  upd=5664  L=0.0469  D=4.628
[b2_qmix_atten] 1:09:39  273,424/1,000,000  65.4/s  upd=5696  L=0.0382  D=4.628
[b2_qmix_atten] 1:09:49  274,558/1,000,000  65.5/s  upd=5720  L=0.0428  D=4.628
[b2_qmix_atten] 1:09:59  275,946/1,000,000  65.7/s  upd=5752  L=0.0561  D=4.628
[b2_qmix_atten] 1:10:10  277,106/1,000,000  65.8/s  upd=5776  L=0.0422  D=4.628
[b2_qmix_atten] 1:10:21  278,567/1,000,000  66.0/s  upd=5808  L=0.0422  D=4.628
[b2_qmix_atten] 1:10:31  279,727/1,000,000  66.1/s  upd=5832  L=0.0509  D=4.628
[b2_qmix_atten] 1:10:46  280,060/1,000,000  65.9/s  upd=5840  L=0.0353  ev=0/100  D=4.628
[b2_qmix_atten] 1:10:56  280,060/1,000,000  65.8/s  upd=5840  L=0.0353  ev=56/100  D=4.628
[b2_qmix_atten] 1:11:06  280,060/1,000,000  65.6/s  upd=5840  L=0.0353  ev=96/100  D=4.628
[b2_qmix_atten] 1:11:43  280,060/1,000,000  65.1/s  upd=5840  L=0.0353  D=4.881
[b2_qmix_atten] 1:11:53  281,240/1,000,000  65.2/s  upd=5864  L=0.0405  D=4.881
[b2_qmix_atten] 1:12:05  281,240/1,000,000  65.0/s  upd=5864  L=0.0405  D=4.881
[b2_qmix_atten] 1:12:16  282,353/1,000,000  65.1/s  upd=5888  L=0.0373  D=4.881
[b2_qmix_atten] 1:12:27  283,431/1,000,000  65.2/s  upd=5912  L=0.0441  D=4.881
[b2_qmix_atten] 1:12:37  284,612/1,000,000  65.3/s  upd=5936  L=0.0385  D=4.881
[b2_qmix_atten] 1:12:49  286,147/1,000,000  65.5/s  upd=5968  L=0.0286  D=4.881
[b2_qmix_atten] 1:13:11  286,500/1,000,000  65.2/s  upd=5976  L=0.0517  D=4.881
[b2_qmix_atten] 1:13:22  286,836/1,000,000  65.2/s  upd=5984  L=0.0376  D=4.881
[b2_qmix_atten] 1:13:34  287,676/1,000,000  65.2/s  upd=6000  L=0.0388  D=4.881
[b2_qmix_atten] 1:13:44  288,048/1,000,000  65.1/s  upd=6008  L=0.0400  D=4.881
[b2_qmix_atten] 1:13:54  288,831/1,000,000  65.1/s  upd=6024  L=0.0522  D=4.881
[b2_qmix_atten] 1:14:06  289,626/1,000,000  65.1/s  upd=6040  L=0.0432  D=4.881
[b2_qmix_atten] 1:14:17  290,331/1,000,000  65.1/s  upd=6056  L=0.0410  D=4.881
[b2_qmix_atten] 1:14:27  291,065/1,000,000  65.2/s  upd=6072  L=0.0508  D=4.881
[b2_qmix_atten] 1:14:37  292,495/1,000,000  65.3/s  upd=6104  L=0.0404  D=4.881
[b2_qmix_atten] 1:14:47  294,061/1,000,000  65.5/s  upd=6136  L=0.0602  D=4.881
[b2_qmix_atten] 1:14:57  295,192/1,000,000  65.6/s  upd=6160  L=0.0485  D=4.881
[b2_qmix_atten] 1:15:08  295,976/1,000,000  65.7/s  upd=6176  L=0.0526  D=4.881
[b2_qmix_atten] 1:15:18  296,703/1,000,000  65.7/s  upd=6192  L=0.0500  D=4.881
[b2_qmix_atten] 1:15:28  297,773/1,000,000  65.8/s  upd=6216  L=0.0413  D=4.881
[b2_qmix_atten] 1:15:40  299,236/1,000,000  65.9/s  upd=6248  L=0.0497  D=4.881
[b2_qmix_atten] 1:16:03  300,335/1,000,000  65.8/s  upd=6272  L=0.0483  ev=0/100  D=4.881
[b2_qmix_atten] 1:16:13  300,335/1,000,000  65.7/s  upd=6272  L=0.0483  ev=40/100  D=4.881
[b2_qmix_atten] 1:16:23  300,335/1,000,000  65.5/s  upd=6272  L=0.0483  ev=96/100  D=4.881
[b2_qmix_atten] 1:16:55  300,335/1,000,000  65.1/s  upd=6272  L=0.0483  D=5.123
[b2_qmix_atten] 1:17:05  301,478/1,000,000  65.2/s  upd=6296  L=0.0467  D=5.123
[b2_qmix_atten] 1:17:16  302,661/1,000,000  65.3/s  upd=6320  L=0.0544  D=5.123
[b2_qmix_atten] 1:17:26  303,408/1,000,000  65.3/s  upd=6336  L=0.0411  D=5.123
[b2_qmix_atten] 1:17:36  303,804/1,000,000  65.2/s  upd=6344  L=0.0366  D=5.123
[b2_qmix_atten] 1:17:47  304,283/1,000,000  65.2/s  upd=6352  L=0.0459  D=5.123
[b2_qmix_atten] 1:17:57  305,039/1,000,000  65.2/s  upd=6368  L=0.0550  D=5.123
[b2_qmix_atten] 1:18:09  306,181/1,000,000  65.3/s  upd=6392  L=0.0332  D=5.123
[b2_qmix_atten] 1:18:29  306,181/1,000,000  65.0/s  upd=6392  L=0.0332  D=5.123
[b2_qmix_atten] 1:18:39  306,972/1,000,000  65.0/s  upd=6408  L=0.0512  D=5.123
[b2_qmix_atten] 1:18:50  307,987/1,000,000  65.1/s  upd=6432  L=0.0409  D=5.123
[b2_qmix_atten] 1:19:01  308,798/1,000,000  65.1/s  upd=6448  L=0.0285  D=5.123
[b2_qmix_atten] 1:19:13  309,926/1,000,000  65.2/s  upd=6472  L=0.0445  D=5.123
[b2_qmix_atten] 1:19:24  310,647/1,000,000  65.2/s  upd=6488  L=0.0565  D=5.123
[b2_qmix_atten] 1:19:34  311,361/1,000,000  65.2/s  upd=6504  L=0.0554  D=5.123
[b2_qmix_atten] 1:19:44  312,106/1,000,000  65.2/s  upd=6520  L=0.0321  D=5.123
[b2_qmix_atten] 1:19:54  312,855/1,000,000  65.3/s  upd=6536  L=0.0586  D=5.123
[b2_qmix_atten] 1:20:04  313,546/1,000,000  65.3/s  upd=6552  L=0.0515  D=5.123
[b2_qmix_atten] 1:20:16  314,779/1,000,000  65.4/s  upd=6576  L=0.0409  D=5.123
[b2_qmix_atten] 1:20:26  315,512/1,000,000  65.4/s  upd=6592  L=0.0594  D=5.123
[b2_qmix_atten] 1:20:37  316,602/1,000,000  65.5/s  upd=6616  L=0.0313  D=5.123
[b2_qmix_atten] 1:20:47  317,501/1,000,000  65.5/s  upd=6632  L=0.0588  D=5.123
[b2_qmix_atten] 1:20:57  318,298/1,000,000  65.5/s  upd=6648  L=0.0417  D=5.123
[b2_qmix_atten] 1:21:07  318,298/1,000,000  65.4/s  upd=6648  L=0.0417  D=5.123
[b2_qmix_atten] 1:21:17  319,073/1,000,000  65.4/s  upd=6664  L=0.0457  D=5.123
[b2_qmix_atten] 1:21:27  319,472/1,000,000  65.4/s  upd=6672  L=0.0602  D=5.123
[b2_qmix_atten] 1:21:47  320,186/1,000,000  65.2/s  upd=6688  L=0.0586  ev=0/100  D=5.123
[b2_qmix_atten] 1:21:57  320,186/1,000,000  65.1/s  upd=6688  L=0.0586  ev=40/100  D=5.123
[b2_qmix_atten] 1:22:07  320,186/1,000,000  65.0/s  upd=6688  L=0.0586  ev=80/100  D=5.123
[b2_qmix_atten] 1:22:28  320,186/1,000,000  64.7/s  upd=6688  L=0.0586  D=4.617
[b2_qmix_atten] 1:22:41  320,979/1,000,000  64.7/s  upd=6704  L=0.0448  D=4.617
[b2_qmix_atten] 1:22:51  322,036/1,000,000  64.8/s  upd=6728  L=0.0449  D=4.617
[b2_qmix_atten] 1:23:02  323,599/1,000,000  65.0/s  upd=6760  L=0.0434  D=4.617
[b2_qmix_atten] 1:23:12  325,075/1,000,000  65.1/s  upd=6792  L=0.0445  D=4.617
[b2_qmix_atten] 1:23:22  327,003/1,000,000  65.4/s  upd=6832  L=0.0313  D=4.617
[b2_qmix_atten] 1:23:56  327,725/1,000,000  65.1/s  upd=6848  L=0.0396  D=4.617
[b2_qmix_atten] 1:24:06  328,488/1,000,000  65.1/s  upd=6864  L=0.0487  D=4.617
[b2_qmix_atten] 1:24:19  329,238/1,000,000  65.1/s  upd=6880  L=0.0319  D=4.617
[b2_qmix_atten] 1:24:32  330,302/1,000,000  65.1/s  upd=6904  L=0.0348  D=4.617
[b2_qmix_atten] 1:24:42  331,088/1,000,000  65.1/s  upd=6920  L=0.0363  D=4.617
[b2_qmix_atten] 1:24:52  332,228/1,000,000  65.2/s  upd=6944  L=0.0367  D=4.617
[b2_qmix_atten] 1:25:04  333,311/1,000,000  65.3/s  upd=6968  L=0.0390  D=4.617
[b2_qmix_atten] 1:25:16  334,502/1,000,000  65.4/s  upd=6992  L=0.0429  D=4.617
[b2_qmix_atten] 1:25:27  335,207/1,000,000  65.4/s  upd=7008  L=0.0552  D=4.617
[b2_qmix_atten] 1:25:38  336,286/1,000,000  65.4/s  upd=7032  L=0.0395  D=4.617
[b2_qmix_atten] 1:25:48  337,035/1,000,000  65.5/s  upd=7048  L=0.0269  D=4.617
[b2_qmix_atten] 1:26:00  337,877/1,000,000  65.5/s  upd=7064  L=0.0396  D=4.617
[b2_qmix_atten] 1:26:10  338,901/1,000,000  65.5/s  upd=7088  L=0.0393  D=4.617
[b2_qmix_atten] 1:26:22  339,581/1,000,000  65.5/s  upd=7104  L=0.0668  D=4.617
[b2_qmix_atten] 1:26:42  340,329/1,000,000  65.4/s  upd=7120  L=0.0568  ev=0/100  D=4.617
[b2_qmix_atten] 1:26:52  340,329/1,000,000  65.3/s  upd=7120  L=0.0568  ev=32/100  D=4.617
[b2_qmix_atten] 1:27:02  340,329/1,000,000  65.2/s  upd=7120  L=0.0568  ev=70/100  D=4.617
[b2_qmix_atten] 1:27:27  340,329/1,000,000  64.9/s  upd=7120  L=0.0568  D=4.857
[b2_qmix_atten] 1:27:37  341,023/1,000,000  64.9/s  upd=7136  L=0.0447  D=4.857
[b2_qmix_atten] 1:27:48  341,746/1,000,000  64.9/s  upd=7152  L=0.0469  D=4.857
[b2_qmix_atten] 1:27:58  342,086/1,000,000  64.8/s  upd=7160  L=0.0606  D=4.857
[b2_qmix_atten] 1:28:08  343,245/1,000,000  64.9/s  upd=7184  L=0.0467  D=4.857
[b2_qmix_atten] 1:28:20  344,709/1,000,000  65.0/s  upd=7216  L=0.0435  D=4.857
[b2_qmix_atten] 1:28:30  345,102/1,000,000  65.0/s  upd=7224  L=0.0469  D=4.857
[b2_qmix_atten] 1:28:40  346,236/1,000,000  65.1/s  upd=7248  L=0.0685  D=4.857
[b2_qmix_atten] 1:28:50  347,467/1,000,000  65.2/s  upd=7272  L=0.0468  D=4.857
[b2_qmix_atten] 1:29:17  348,189/1,000,000  65.0/s  upd=7288  L=0.0427  D=4.857
[b2_qmix_atten] 1:29:27  349,385/1,000,000  65.1/s  upd=7312  L=0.0457  D=4.857
[b2_qmix_atten] 1:29:38  350,118/1,000,000  65.1/s  upd=7328  L=0.0357  D=4.857
[b2_qmix_atten] 1:29:48  350,833/1,000,000  65.1/s  upd=7344  L=0.0633  D=4.857
[b2_qmix_atten] 1:29:59  351,941/1,000,000  65.2/s  upd=7368  L=0.0374  D=4.857
[b2_qmix_atten] 1:30:10  352,976/1,000,000  65.2/s  upd=7392  L=0.0327  D=4.857
[b2_qmix_atten] 1:30:21  354,039/1,000,000  65.3/s  upd=7416  L=0.0402  D=4.857
[b2_qmix_atten] 1:30:31  354,849/1,000,000  65.3/s  upd=7432  L=0.0459  D=4.857
[b2_qmix_atten] 1:30:42  355,907/1,000,000  65.4/s  upd=7456  L=0.0392  D=4.857
[b2_qmix_atten] 1:30:52  356,975/1,000,000  65.5/s  upd=7480  L=0.0468  D=4.857
[b2_qmix_atten] 1:31:02  357,675/1,000,000  65.5/s  upd=7496  L=0.0661  D=4.857
[b2_qmix_atten] 1:31:13  358,870/1,000,000  65.6/s  upd=7520  L=0.0337  D=4.857
[b2_qmix_atten] 1:31:33  360,111/1,000,000  65.6/s  upd=7544  L=0.0674  ev=0/100  D=4.857
[b2_qmix_atten] 1:31:43  360,111/1,000,000  65.4/s  upd=7544  L=0.0674  ev=34/100  D=4.857
[b2_qmix_atten] 1:31:53  360,111/1,000,000  65.3/s  upd=7544  L=0.0674  ev=80/100  D=4.857
[b2_qmix_atten] 1:32:03  360,111/1,000,000  65.2/s  upd=7544  L=0.0674  ev=94/100  D=4.857
[b2_qmix_atten] 1:32:25  360,111/1,000,000  64.9/s  upd=7544  L=0.0674  D=4.858
[b2_qmix_atten] 1:32:35  360,483/1,000,000  64.9/s  upd=7552  L=0.0445  D=4.858
[b2_qmix_atten] 1:32:45  361,383/1,000,000  64.9/s  upd=7568  L=0.0393  D=4.858
[b2_qmix_atten] 1:32:55  362,635/1,000,000  65.0/s  upd=7592  L=0.0409  D=4.858
[b2_qmix_atten] 1:33:05  363,396/1,000,000  65.1/s  upd=7608  L=0.0466  D=4.858
[b2_qmix_atten] 1:33:15  364,409/1,000,000  65.1/s  upd=7632  L=0.0543  D=4.858
[b2_qmix_atten] 1:33:25  365,609/1,000,000  65.2/s  upd=7656  L=0.0351  D=4.858
[b2_qmix_atten] 1:33:37  366,698/1,000,000  65.3/s  upd=7680  L=0.0369  D=4.858
[b2_qmix_atten] 1:33:47  367,432/1,000,000  65.3/s  upd=7696  L=0.0566  D=4.858
[b2_qmix_atten] 1:33:57  368,231/1,000,000  65.3/s  upd=7712  L=0.0480  D=4.858
[b2_qmix_atten] 1:34:07  368,936/1,000,000  65.3/s  upd=7728  L=0.0304  D=4.858
[b2_qmix_atten] 1:34:18  370,097/1,000,000  65.4/s  upd=7752  L=0.0482  D=4.858
[b2_qmix_atten] 1:34:52  370,097/1,000,000  65.0/s  upd=7752  L=0.0482  D=4.858
[b2_qmix_atten] 1:35:02  370,814/1,000,000  65.0/s  upd=7768  L=0.0368  D=4.858
[b2_qmix_atten] 1:35:12  371,694/1,000,000  65.1/s  upd=7784  L=0.0387  D=4.858
[b2_qmix_atten] 1:35:22  372,733/1,000,000  65.1/s  upd=7808  L=0.0430  D=4.858
[b2_qmix_atten] 1:35:32  373,538/1,000,000  65.2/s  upd=7824  L=0.0410  D=4.858
[b2_qmix_atten] 1:35:45  374,717/1,000,000  65.2/s  upd=7848  L=0.0446  D=4.858
[b2_qmix_atten] 1:35:57  375,822/1,000,000  65.3/s  upd=7872  L=0.0403  D=4.858
[b2_qmix_atten] 1:36:07  376,894/1,000,000  65.3/s  upd=7896  L=0.0364  D=4.858
[b2_qmix_atten] 1:36:17  378,375/1,000,000  65.5/s  upd=7928  L=0.0368  D=4.858
[b2_qmix_atten] 1:36:27  379,166/1,000,000  65.5/s  upd=7944  L=0.0478  D=4.858
[b2_qmix_atten] 1:36:45  380,248/1,000,000  65.5/s  upd=7968  L=0.0497  ev=0/100  D=4.858
[b2_qmix_atten] 1:36:55  380,248/1,000,000  65.4/s  upd=7968  L=0.0497  ev=28/100  D=4.858
[b2_qmix_atten] 1:37:05  380,248/1,000,000  65.3/s  upd=7968  L=0.0497  ev=64/100  D=4.858
[b2_qmix_atten] 1:37:50  380,248/1,000,000  64.8/s  upd=7968  L=0.0497  D=4.668
[b2_qmix_atten] 1:38:00  381,355/1,000,000  64.8/s  upd=7992  L=0.0478  D=4.668
[b2_qmix_atten] 1:38:12  382,908/1,000,000  65.0/s  upd=8024  L=0.0451  D=4.668
[b2_qmix_atten] 1:38:24  383,663/1,000,000  65.0/s  upd=8040  L=0.0528  D=4.668
[b2_qmix_atten] 1:38:34  384,435/1,000,000  65.0/s  upd=8056  L=0.0390  D=4.668
[b2_qmix_atten] 1:38:45  385,599/1,000,000  65.1/s  upd=8080  L=0.0416  D=4.668
[b2_qmix_atten] 1:38:55  386,368/1,000,000  65.1/s  upd=8096  L=0.0425  D=4.668
[b2_qmix_atten] 1:39:06  387,564/1,000,000  65.2/s  upd=8120  L=0.0506  D=4.668
[b2_qmix_atten] 1:39:17  388,363/1,000,000  65.2/s  upd=8136  L=0.0633  D=4.668
[b2_qmix_atten] 1:39:28  389,443/1,000,000  65.3/s  upd=8160  L=0.0350  D=4.668
[b2_qmix_atten] 1:39:40  390,542/1,000,000  65.3/s  upd=8184  L=0.0487  D=4.668
[b2_qmix_atten] 1:39:50  391,304/1,000,000  65.3/s  upd=8200  L=0.0496  D=4.668
[b2_qmix_atten] 1:40:10  391,644/1,000,000  65.2/s  upd=8208  L=0.0536  D=4.668
[b2_qmix_atten] 1:40:23  392,494/1,000,000  65.2/s  upd=8224  L=0.0374  D=4.668
[b2_qmix_atten] 1:40:33  393,233/1,000,000  65.2/s  upd=8240  L=0.0457  D=4.668
[b2_qmix_atten] 1:40:44  394,031/1,000,000  65.2/s  upd=8256  L=0.0480  D=4.668
[b2_qmix_atten] 1:40:54  394,801/1,000,000  65.2/s  upd=8272  L=0.0323  D=4.668
[b2_qmix_atten] 1:41:04  395,900/1,000,000  65.3/s  upd=8296  L=0.0412  D=4.668
[b2_qmix_atten] 1:41:15  396,708/1,000,000  65.3/s  upd=8312  L=0.0477  D=4.668
[b2_qmix_atten] 1:41:26  397,909/1,000,000  65.4/s  upd=8336  L=0.0343  D=4.668
[b2_qmix_atten] 1:41:38  398,999/1,000,000  65.4/s  upd=8360  L=0.0499  D=4.668
[b2_qmix_atten] 1:41:58  400,011/1,000,000  65.4/s  upd=8384  L=0.0490  ev=0/100  D=4.668
[b2_qmix_atten] 1:42:08  400,011/1,000,000  65.3/s  upd=8384  L=0.0490  ev=38/100  D=4.668
[b2_qmix_atten] 1:42:18  400,011/1,000,000  65.2/s  upd=8384  L=0.0490  ev=96/100  D=4.668
[b2_qmix_atten] 1:42:50  400,011/1,000,000  64.8/s  upd=8384  L=0.0490  D=4.522
[b2_qmix_atten] 1:43:00  401,138/1,000,000  64.9/s  upd=8408  L=0.0647  D=4.522
[b2_qmix_atten] 1:43:11  402,687/1,000,000  65.0/s  upd=8440  L=0.0405  D=4.522
[b2_qmix_atten] 1:43:23  403,421/1,000,000  65.0/s  upd=8456  L=0.0509  D=4.522
[b2_qmix_atten] 1:43:34  404,177/1,000,000  65.0/s  upd=8472  L=0.0554  D=4.522
[b2_qmix_atten] 1:43:46  404,955/1,000,000  65.0/s  upd=8488  L=0.0327  D=4.522
[b2_qmix_atten] 1:43:56  405,597/1,000,000  65.0/s  upd=8504  L=0.0366  D=4.522
[b2_qmix_atten] 1:44:08  406,663/1,000,000  65.1/s  upd=8528  L=0.0543  D=4.522
[b2_qmix_atten] 1:44:18  407,811/1,000,000  65.2/s  upd=8552  L=0.0407  D=4.522
[b2_qmix_atten] 1:44:28  409,036/1,000,000  65.3/s  upd=8576  L=0.0346  D=4.522
[b2_qmix_atten] 1:44:38  410,256/1,000,000  65.3/s  upd=8600  L=0.0473  D=4.522
[b2_qmix_atten] 1:44:49  411,422/1,000,000  65.4/s  upd=8624  L=0.0395  D=4.522
[b2_qmix_atten] 1:44:59  412,584/1,000,000  65.5/s  upd=8648  L=0.0329  D=4.522
[b2_qmix_atten] 1:45:09  413,683/1,000,000  65.6/s  upd=8672  L=0.0423  D=4.522
[b2_qmix_atten] 1:45:45  414,037/1,000,000  65.2/s  upd=8680  L=0.0395  D=4.522
[b2_qmix_atten] 1:45:57  415,072/1,000,000  65.3/s  upd=8704  L=0.0565  D=4.522
[b2_qmix_atten] 1:46:07  415,459/1,000,000  65.2/s  upd=8712  L=0.0384  D=4.522
[b2_qmix_atten] 1:46:18  416,612/1,000,000  65.3/s  upd=8736  L=0.0316  D=4.522
[b2_qmix_atten] 1:46:28  417,348/1,000,000  65.3/s  upd=8752  L=0.0604  D=4.522
[b2_qmix_atten] 1:46:39  418,524/1,000,000  65.4/s  upd=8776  L=0.0379  D=4.522
[b2_qmix_atten] 1:46:51  419,640/1,000,000  65.5/s  upd=8800  L=0.0374  D=4.522
[b2_qmix_atten] 1:47:09  420,003/1,000,000  65.3/s  upd=8808  L=0.0428  ev=0/100  D=4.522
[b2_qmix_atten] 1:47:19  420,003/1,000,000  65.2/s  upd=8808  L=0.0428  ev=8/100  D=4.522
[b2_qmix_atten] 1:47:29  420,003/1,000,000  65.1/s  upd=8808  L=0.0428  ev=24/100  D=4.522
[b2_qmix_atten] 1:47:39  420,003/1,000,000  65.0/s  upd=8808  L=0.0428  ev=32/100  D=4.522
[b2_qmix_atten] 1:47:49  420,003/1,000,000  64.9/s  upd=8808  L=0.0428  ev=45/100  D=4.522
[b2_qmix_atten] 1:47:59  420,003/1,000,000  64.8/s  upd=8808  L=0.0428  ev=54/100  D=4.522
[b2_qmix_atten] 1:48:09  420,003/1,000,000  64.7/s  upd=8808  L=0.0428  ev=64/100  D=4.522
[b2_qmix_atten] 1:48:19  420,003/1,000,000  64.6/s  upd=8808  L=0.0428  ev=89/100  D=4.522
[b2_qmix_atten] 1:48:44  420,003/1,000,000  64.4/s  upd=8808  L=0.0428  D=4.780
[b2_qmix_atten] 1:48:54  421,142/1,000,000  64.5/s  upd=8832  L=0.0485  D=4.780
[b2_qmix_atten] 1:49:04  422,560/1,000,000  64.6/s  upd=8864  L=0.0393  D=4.780
[b2_qmix_atten] 1:49:14  423,328/1,000,000  64.6/s  upd=8880  L=0.0450  D=4.780
[b2_qmix_atten] 1:49:24  424,458/1,000,000  64.7/s  upd=8904  L=0.0400  D=4.780
[b2_qmix_atten] 1:49:34  425,218/1,000,000  64.7/s  upd=8920  L=0.0493  D=4.780
[b2_qmix_atten] 1:49:44  426,369/1,000,000  64.7/s  upd=8944  L=0.0440  D=4.780
[b2_qmix_atten] 1:49:55  427,062/1,000,000  64.8/s  upd=8960  L=0.0418  D=4.780
[b2_qmix_atten] 1:50:05  427,788/1,000,000  64.8/s  upd=8976  L=0.0476  D=4.780
[b2_qmix_atten] 1:50:16  428,846/1,000,000  64.8/s  upd=9000  L=0.0439  D=4.780
[b2_qmix_atten] 1:50:26  429,919/1,000,000  64.9/s  upd=9024  L=0.0589  D=4.780
[b2_qmix_atten] 1:50:36  430,984/1,000,000  64.9/s  upd=9048  L=0.0507  D=4.780
[b2_qmix_atten] 1:50:47  432,433/1,000,000  65.1/s  upd=9080  L=0.0318  D=4.780
[b2_qmix_atten] 1:51:29  432,433/1,000,000  64.6/s  upd=9080  L=0.0318  D=4.780
[b2_qmix_atten] 1:51:40  433,988/1,000,000  64.8/s  upd=9112  L=0.0578  D=4.780
[b2_qmix_atten] 1:51:50  435,137/1,000,000  64.8/s  upd=9136  L=0.0477  D=4.780
[b2_qmix_atten] 1:52:00  435,572/1,000,000  64.8/s  upd=9144  L=0.0539  D=4.780
[b2_qmix_atten] 1:52:11  435,918/1,000,000  64.8/s  upd=9152  L=0.0333  D=4.780
[b2_qmix_atten] 1:52:21  436,266/1,000,000  64.7/s  upd=9160  L=0.0450  D=4.780
[b2_qmix_atten] 1:52:33  437,400/1,000,000  64.8/s  upd=9184  L=0.0475  D=4.780
[b2_qmix_atten] 1:52:45  438,519/1,000,000  64.8/s  upd=9208  L=0.0486  D=4.780
[b2_qmix_atten] 1:52:56  439,249/1,000,000  64.8/s  upd=9224  L=0.0441  D=4.780
[b2_qmix_atten] 1:53:06  439,630/1,000,000  64.8/s  upd=9232  L=0.0516  D=4.780
[b2_qmix_atten] 1:53:23  440,119/1,000,000  64.7/s  upd=9240  L=0.0339  ev=0/100  D=4.780
[b2_qmix_atten] 1:53:33  440,119/1,000,000  64.6/s  upd=9240  L=0.0339  ev=22/100  D=4.780
[b2_qmix_atten] 1:53:43  440,119/1,000,000  64.5/s  upd=9240  L=0.0339  ev=39/100  D=4.780
[b2_qmix_atten] 1:53:53  440,119/1,000,000  64.4/s  upd=9240  L=0.0339  ev=56/100  D=4.780
[b2_qmix_atten] 1:54:03  440,119/1,000,000  64.3/s  upd=9240  L=0.0339  ev=80/100  D=4.780
[b2_qmix_atten] 1:54:39  440,119/1,000,000  64.0/s  upd=9240  L=0.0339  D=4.286
[b2_qmix_atten] 1:54:50  441,146/1,000,000  64.0/s  upd=9264  L=0.0353  D=4.286
[b2_qmix_atten] 1:55:00  441,924/1,000,000  64.0/s  upd=9280  L=0.0429  D=4.286
[b2_qmix_atten] 1:55:10  442,990/1,000,000  64.1/s  upd=9304  L=0.0440  D=4.286
[b2_qmix_atten] 1:55:21  443,809/1,000,000  64.1/s  upd=9320  L=0.0355  D=4.286
[b2_qmix_atten] 1:55:32  445,302/1,000,000  64.2/s  upd=9352  L=0.0352  D=4.286
[b2_qmix_atten] 1:55:42  446,754/1,000,000  64.3/s  upd=9384  L=0.0478  D=4.286
[b2_qmix_atten] 1:55:53  448,224/1,000,000  64.5/s  upd=9416  L=0.0290  D=4.286
[b2_qmix_atten] 1:56:04  449,941/1,000,000  64.6/s  upd=9456  L=0.0373  D=4.286
[b2_qmix_atten] 1:56:16  451,349/1,000,000  64.7/s  upd=9488  L=0.0500  D=4.286
[b2_qmix_atten] 1:56:26  452,492/1,000,000  64.8/s  upd=9512  L=0.0413  D=4.286
[b2_qmix_atten] 1:57:09  452,916/1,000,000  64.4/s  upd=9520  L=0.0470  D=4.286
[b2_qmix_atten] 1:57:20  453,651/1,000,000  64.4/s  upd=9536  L=0.0393  D=4.286
[b2_qmix_atten] 1:57:31  454,059/1,000,000  64.4/s  upd=9544  L=0.0448  D=4.286
[b2_qmix_atten] 1:57:41  455,133/1,000,000  64.5/s  upd=9568  L=0.0434  D=4.286
[b2_qmix_atten] 1:57:51  455,793/1,000,000  64.5/s  upd=9584  L=0.0363  D=4.286
[b2_qmix_atten] 1:58:01  456,503/1,000,000  64.5/s  upd=9600  L=0.0337  D=4.286
[b2_qmix_atten] 1:58:11  456,822/1,000,000  64.4/s  upd=9608  L=0.0461  D=4.286
[b2_qmix_atten] 1:58:21  457,199/1,000,000  64.4/s  upd=9616  L=0.0425  D=4.286
[b2_qmix_atten] 1:58:32  458,303/1,000,000  64.4/s  upd=9640  L=0.0408  D=4.286
[b2_qmix_atten] 1:58:43  459,017/1,000,000  64.4/s  upd=9656  L=0.0558  D=4.286
[b2_qmix_atten] 1:58:55  459,865/1,000,000  64.4/s  upd=9672  L=0.0362  D=4.286
[b2_qmix_atten] 1:59:12  460,259/1,000,000  64.3/s  upd=9680  L=0.0436  ev=0/100  D=4.286
[b2_qmix_atten] 1:59:22  460,259/1,000,000  64.3/s  upd=9680  L=0.0436  ev=16/100  D=4.286
[b2_qmix_atten] 1:59:32  460,259/1,000,000  64.2/s  upd=9680  L=0.0436  ev=47/100  D=4.286
[b2_qmix_atten] 1:59:42  460,259/1,000,000  64.1/s  upd=9680  L=0.0436  ev=84/100  D=4.286
[b2_qmix_atten] 2:00:21  460,259/1,000,000  63.7/s  upd=9680  L=0.0436  D=4.101
[b2_qmix_atten] 2:00:32  461,089/1,000,000  63.8/s  upd=9696  L=0.0336  D=4.101
[b2_qmix_atten] 2:00:44  461,870/1,000,000  63.8/s  upd=9712  L=0.0498  D=4.101
[b2_qmix_atten] 2:00:54  462,624/1,000,000  63.8/s  upd=9728  L=0.0472  D=4.101
[b2_qmix_atten] 2:01:05  463,789/1,000,000  63.8/s  upd=9752  L=0.0523  D=4.101
[b2_qmix_atten] 2:01:15  464,944/1,000,000  63.9/s  upd=9776  L=0.0397  D=4.101
[b2_qmix_atten] 2:01:26  466,179/1,000,000  64.0/s  upd=9800  L=0.0605  D=4.101
[b2_qmix_atten] 2:01:36  467,049/1,000,000  64.0/s  upd=9816  L=0.0308  D=4.101
[b2_qmix_atten] 2:01:47  468,283/1,000,000  64.1/s  upd=9840  L=0.0472  D=4.101
[b2_qmix_atten] 2:01:58  469,425/1,000,000  64.1/s  upd=9864  L=0.0423  D=4.101
[b2_qmix_atten] 2:02:09  470,627/1,000,000  64.2/s  upd=9888  L=0.0435  D=4.101
[b2_qmix_atten] 2:02:39  470,627/1,000,000  63.9/s  upd=9888  L=0.0435  D=4.101
[b2_qmix_atten] 2:02:50  471,717/1,000,000  64.0/s  upd=9912  L=0.0434  D=4.101
[b2_qmix_atten] 2:03:00  473,195/1,000,000  64.1/s  upd=9944  L=0.0442  D=4.101
[b2_qmix_atten] 2:03:11  474,771/1,000,000  64.2/s  upd=9976  L=0.0395  D=4.101
[b2_qmix_atten] 2:03:22  475,153/1,000,000  64.2/s  upd=9984  L=0.0384  D=4.101
[b2_qmix_atten] 2:03:33  475,834/1,000,000  64.2/s  upd=10000  L=0.0300  D=4.101
[b2_qmix_atten] 2:03:45  476,667/1,000,000  64.2/s  upd=10016  L=0.0424  D=4.101
[b2_qmix_atten] 2:03:56  477,849/1,000,000  64.3/s  upd=10040  L=0.0433  D=4.101
[b2_qmix_atten] 2:04:07  479,082/1,000,000  64.3/s  upd=10064  L=0.0457  D=4.101
[b2_qmix_atten] 2:04:19  479,878/1,000,000  64.3/s  upd=10080  L=0.0399  D=4.101
[b2_qmix_atten] 2:04:39  480,335/1,000,000  64.2/s  upd=10088  L=0.0384  ev=0/100  D=4.101
[b2_qmix_atten] 2:04:49  480,335/1,000,000  64.1/s  upd=10088  L=0.0384  ev=0/100  D=4.101
[b2_qmix_atten] 2:04:59  480,335/1,000,000  64.1/s  upd=10088  L=0.0384  ev=24/100  D=4.101
[b2_qmix_atten] 2:05:09  480,335/1,000,000  64.0/s  upd=10088  L=0.0384  ev=52/100  D=4.101
[b2_qmix_atten] 2:05:19  480,335/1,000,000  63.9/s  upd=10088  L=0.0384  ev=88/100  D=4.101
[b2_qmix_atten] 2:06:29  480,335/1,000,000  63.3/s  upd=10088  L=0.0384  D=4.338
[b2_qmix_atten] 2:06:40  481,378/1,000,000  63.3/s  upd=10112  L=0.0385  D=4.338
[b2_qmix_atten] 2:06:50  482,497/1,000,000  63.4/s  upd=10136  L=0.0360  D=4.338
[b2_qmix_atten] 2:07:01  483,776/1,000,000  63.5/s  upd=10168  L=0.0484  D=4.338
[b2_qmix_atten] 2:07:11  484,560/1,000,000  63.5/s  upd=10184  L=0.0555  D=4.338
[b2_qmix_atten] 2:07:21  485,460/1,000,000  63.5/s  upd=10200  L=0.0490  D=4.338
[b2_qmix_atten] 2:07:31  486,231/1,000,000  63.5/s  upd=10216  L=0.0337  D=4.338
[b2_qmix_atten] 2:07:41  487,323/1,000,000  63.6/s  upd=10240  L=0.0526  D=4.338
[b2_qmix_atten] 2:07:58  487,323/1,000,000  63.5/s  upd=10240  L=0.0526  D=4.338
[b2_qmix_atten] 2:08:09  488,051/1,000,000  63.5/s  upd=10256  L=0.0562  D=4.338
[b2_qmix_atten] 2:08:20  489,108/1,000,000  63.5/s  upd=10280  L=0.0415  D=4.338
[b2_qmix_atten] 2:08:31  490,424/1,000,000  63.6/s  upd=10312  L=0.0343  D=4.338
[b2_qmix_atten] 2:08:42  491,819/1,000,000  63.7/s  upd=10344  L=0.0429  D=4.338
[b2_qmix_atten] 2:08:52  492,938/1,000,000  63.7/s  upd=10368  L=0.0528  D=4.338
[b2_qmix_atten] 2:09:03  494,063/1,000,000  63.8/s  upd=10392  L=0.0433  D=4.338
[b2_qmix_atten] 2:09:14  495,599/1,000,000  63.9/s  upd=10424  L=0.0391  D=4.338
[b2_qmix_atten] 2:09:25  496,689/1,000,000  64.0/s  upd=10448  L=0.0294  D=4.338
[b2_qmix_atten] 2:09:35  497,438/1,000,000  64.0/s  upd=10464  L=0.0432  D=4.338
[b2_qmix_atten] 2:09:45  498,175/1,000,000  64.0/s  upd=10480  L=0.0303  D=4.338
[b2_qmix_atten] 2:09:57  499,800/1,000,000  64.1/s  upd=10512  L=0.0437  D=4.338
[b2_qmix_atten] 2:10:19  500,214/1,000,000  64.0/s  upd=10520  L=0.0352  ev=0/100  D=4.338
[b2_qmix_atten] 2:10:29  500,214/1,000,000  63.9/s  upd=10520  L=0.0352  ev=32/100  D=4.338
[b2_qmix_atten] 2:10:39  500,214/1,000,000  63.8/s  upd=10520  L=0.0352  ev=59/100  D=4.338
[b2_qmix_atten] 2:10:49  500,214/1,000,000  63.7/s  upd=10520  L=0.0352  ev=87/100  D=4.338
[b2_qmix_atten] 2:11:54  500,214/1,000,000  63.2/s  upd=10520  L=0.0352  D=4.520
[b2_qmix_atten] 2:12:04  500,562/1,000,000  63.2/s  upd=10528  L=0.0293  D=4.520
[b2_qmix_atten] 2:12:16  501,630/1,000,000  63.2/s  upd=10552  L=0.0427  D=4.520
[b2_qmix_atten] 2:12:26  502,406/1,000,000  63.2/s  upd=10568  L=0.0337  D=4.520
[b2_qmix_atten] 2:12:38  503,493/1,000,000  63.3/s  upd=10592  L=0.0356  D=4.520
[b2_qmix_atten] 2:12:48  504,206/1,000,000  63.3/s  upd=10608  L=0.0404  D=4.520
[b2_qmix_atten] 2:12:59  505,292/1,000,000  63.3/s  upd=10632  L=0.0505  D=4.520
[b2_qmix_atten] 2:13:40  505,292/1,000,000  63.0/s  upd=10632  L=0.0505  D=4.520
[b2_qmix_atten] 2:13:51  506,448/1,000,000  63.1/s  upd=10656  L=0.0452  D=4.520
[b2_qmix_atten] 2:14:01  506,788/1,000,000  63.0/s  upd=10664  L=0.0474  D=4.520
[b2_qmix_atten] 2:14:11  507,529/1,000,000  63.0/s  upd=10680  L=0.0354  D=4.520
[b2_qmix_atten] 2:14:21  507,918/1,000,000  63.0/s  upd=10688  L=0.0401  D=4.520
[b2_qmix_atten] 2:14:31  508,334/1,000,000  63.0/s  upd=10696  L=0.0552  D=4.520
[b2_qmix_atten] 2:14:41  508,676/1,000,000  62.9/s  upd=10704  L=0.0480  D=4.520
[b2_qmix_atten] 2:14:53  508,676/1,000,000  62.9/s  upd=10704  L=0.0480  D=4.520
[b2_qmix_atten] 2:15:03  510,219/1,000,000  63.0/s  upd=10736  L=0.0314  D=4.520
[b2_qmix_atten] 2:15:13  510,883/1,000,000  63.0/s  upd=10752  L=0.0457  D=4.520
[b2_qmix_atten] 2:15:23  511,979/1,000,000  63.0/s  upd=10776  L=0.0360  D=4.520
[b2_qmix_atten] 2:15:33  512,689/1,000,000  63.0/s  upd=10792  L=0.0535  D=4.520
[b2_qmix_atten] 2:15:45  513,824/1,000,000  63.1/s  upd=10816  L=0.0421  D=4.520
[b2_qmix_atten] 2:15:55  514,482/1,000,000  63.1/s  upd=10832  L=0.0394  D=4.520
[b2_qmix_atten] 2:16:05  515,236/1,000,000  63.1/s  upd=10848  L=0.0442  D=4.520
[b2_qmix_atten] 2:16:16  516,006/1,000,000  63.1/s  upd=10864  L=0.0439  D=4.520
[b2_qmix_atten] 2:16:26  516,369/1,000,000  63.1/s  upd=10872  L=0.0299  D=4.520
[b2_qmix_atten] 2:16:36  517,145/1,000,000  63.1/s  upd=10888  L=0.0476  D=4.520
[b2_qmix_atten] 2:16:46  517,898/1,000,000  63.1/s  upd=10904  L=0.0401  D=4.520
[b2_qmix_atten] 2:16:56  519,082/1,000,000  63.2/s  upd=10928  L=0.0398  D=4.520
[b2_qmix_atten] 2:17:17  520,275/1,000,000  63.2/s  upd=10952  L=0.0417  ev=0/100  D=4.520
[b2_qmix_atten] 2:17:27  520,275/1,000,000  63.1/s  upd=10952  L=0.0417  ev=37/100  D=4.520
[b2_qmix_atten] 2:17:37  520,275/1,000,000  63.0/s  upd=10952  L=0.0417  ev=88/100  D=4.520
[b2_qmix_atten] 2:17:57  520,275/1,000,000  62.9/s  upd=10952  L=0.0417  D=4.571
[b2_qmix_atten] 2:18:08  521,088/1,000,000  62.9/s  upd=10968  L=0.0488  D=4.571
[b2_qmix_atten] 2:18:18  522,181/1,000,000  62.9/s  upd=10992  L=0.0450  D=4.571
[b2_qmix_atten] 2:18:28  523,531/1,000,000  63.0/s  upd=11024  L=0.0318  D=4.571
[b2_qmix_atten] 2:18:39  524,960/1,000,000  63.1/s  upd=11056  L=0.0488  D=4.571
[b2_qmix_atten] 2:19:15  525,294/1,000,000  62.9/s  upd=11064  L=0.0423  D=4.571
[b2_qmix_atten] 2:19:25  525,701/1,000,000  62.8/s  upd=11072  L=0.0422  D=4.571
[b2_qmix_atten] 2:19:36  526,465/1,000,000  62.9/s  upd=11088  L=0.0319  D=4.571
[b2_qmix_atten] 2:19:46  526,855/1,000,000  62.8/s  upd=11096  L=0.0551  D=4.571
[b2_qmix_atten] 2:19:56  527,253/1,000,000  62.8/s  upd=11104  L=0.0383  D=4.571
[b2_qmix_atten] 2:20:06  527,593/1,000,000  62.8/s  upd=11112  L=0.0409  D=4.571
[b2_qmix_atten] 2:20:16  528,056/1,000,000  62.7/s  upd=11120  L=0.0306  D=4.571
[b2_qmix_atten] 2:20:27  528,805/1,000,000  62.7/s  upd=11136  L=0.0507  D=4.571
[b2_qmix_atten] 2:20:37  529,527/1,000,000  62.8/s  upd=11152  L=0.0377  D=4.571
[b2_qmix_atten] 2:20:49  530,550/1,000,000  62.8/s  upd=11176  L=0.0249  D=4.571
[b2_qmix_atten] 2:20:59  531,311/1,000,000  62.8/s  upd=11192  L=0.0508  D=4.571
[b2_qmix_atten] 2:21:09  532,375/1,000,000  62.9/s  upd=11216  L=0.0575  D=4.571
[b2_qmix_atten] 2:21:20  533,229/1,000,000  62.9/s  upd=11232  L=0.0380  D=4.571
[b2_qmix_atten] 2:21:31  534,669/1,000,000  63.0/s  upd=11264  L=0.0431  D=4.571
[b2_qmix_atten] 2:21:41  535,741/1,000,000  63.0/s  upd=11288  L=0.0456  D=4.571
[b2_qmix_atten] 2:21:51  536,963/1,000,000  63.1/s  upd=11312  L=0.0490  D=4.571
[b2_qmix_atten] 2:22:01  538,161/1,000,000  63.2/s  upd=11336  L=0.0369  D=4.571
[b2_qmix_atten] 2:22:11  538,989/1,000,000  63.2/s  upd=11352  L=0.0350  D=4.571
[b2_qmix_atten] 2:22:34  540,107/1,000,000  63.1/s  upd=11376  L=0.0432  ev=0/100  D=4.571
[b2_qmix_atten] 2:22:44  540,107/1,000,000  63.1/s  upd=11376  L=0.0432  ev=16/100  D=4.571
[b2_qmix_atten] 2:22:54  540,107/1,000,000  63.0/s  upd=11376  L=0.0432  ev=48/100  D=4.571
[b2_qmix_atten] 2:23:04  540,107/1,000,000  62.9/s  upd=11376  L=0.0432  ev=72/100  D=4.571
[b2_qmix_atten] 2:23:15  540,107/1,000,000  62.8/s  upd=11376  L=0.0432  ev=96/100  D=4.571
[b2_qmix_atten] 2:23:34  540,107/1,000,000  62.7/s  upd=11376  L=0.0432  D=4.297
[b2_qmix_atten] 2:23:44  541,545/1,000,000  62.8/s  upd=11408  L=0.0462  D=4.297
[b2_qmix_atten] 2:23:55  542,754/1,000,000  62.9/s  upd=11432  L=0.0385  D=4.297
[b2_qmix_atten] 2:24:06  543,895/1,000,000  62.9/s  upd=11456  L=0.0365  D=4.297
[b2_qmix_atten] 2:24:31  544,994/1,000,000  62.8/s  upd=11480  L=0.0382  D=4.297
[b2_qmix_atten] 2:24:41  545,990/1,000,000  62.9/s  upd=11504  L=0.0522  D=4.297
[b2_qmix_atten] 2:24:51  547,079/1,000,000  62.9/s  upd=11528  L=0.0374  D=4.297
[b2_qmix_atten] 2:25:01  547,792/1,000,000  63.0/s  upd=11544  L=0.0335  D=4.297
[b2_qmix_atten] 2:25:12  548,802/1,000,000  63.0/s  upd=11568  L=0.0328  D=4.297
[b2_qmix_atten] 2:25:22  549,226/1,000,000  63.0/s  upd=11576  L=0.0476  D=4.297
[b2_qmix_atten] 2:25:32  549,959/1,000,000  63.0/s  upd=11592  L=0.0444  D=4.297
[b2_qmix_atten] 2:25:42  550,653/1,000,000  63.0/s  upd=11608  L=0.0485  D=4.297
[b2_qmix_atten] 2:25:55  551,363/1,000,000  63.0/s  upd=11624  L=0.0419  D=4.297
[b2_qmix_atten] 2:26:05  552,105/1,000,000  63.0/s  upd=11640  L=0.0427  D=4.297
[b2_qmix_atten] 2:26:15  552,841/1,000,000  63.0/s  upd=11656  L=0.0538  D=4.297
[b2_qmix_atten] 2:26:25  553,948/1,000,000  63.1/s  upd=11680  L=0.0384  D=4.297
[b2_qmix_atten] 2:26:35  555,140/1,000,000  63.1/s  upd=11704  L=0.0386  D=4.297
[b2_qmix_atten] 2:26:46  556,289/1,000,000  63.2/s  upd=11728  L=0.0585  D=4.297
[b2_qmix_atten] 2:26:56  557,482/1,000,000  63.2/s  upd=11752  L=0.0439  D=4.297
[b2_qmix_atten] 2:27:06  558,526/1,000,000  63.3/s  upd=11776  L=0.0377  D=4.297
[b2_qmix_atten] 2:27:16  559,700/1,000,000  63.3/s  upd=11800  L=0.0350  D=4.297
[b2_qmix_atten] 2:27:31  560,118/1,000,000  63.3/s  upd=11808  L=0.0507  ev=0/100  D=4.297
[b2_qmix_atten] 2:27:41  560,118/1,000,000  63.2/s  upd=11808  L=0.0507  ev=39/100  D=4.297
[b2_qmix_atten] 2:27:51  560,118/1,000,000  63.1/s  upd=11808  L=0.0507  ev=63/100  D=4.297
[b2_qmix_atten] 2:28:01  560,118/1,000,000  63.1/s  upd=11808  L=0.0507  ev=79/100  D=4.297
[b2_qmix_atten] 2:28:11  560,118/1,000,000  63.0/s  upd=11808  L=0.0507  ev=96/100  D=4.297
[b2_qmix_atten] 2:28:31  560,118/1,000,000  62.9/s  upd=11808  L=0.0507  D=4.572
[b2_qmix_atten] 2:28:42  560,898/1,000,000  62.9/s  upd=11824  L=0.0360  D=4.572
[b2_qmix_atten] 2:28:53  562,352/1,000,000  62.9/s  upd=11856  L=0.0375  D=4.572
[b2_qmix_atten] 2:29:04  563,566/1,000,000  63.0/s  upd=11880  L=0.0267  D=4.572
[b2_qmix_atten] 2:29:14  565,072/1,000,000  63.1/s  upd=11912  L=0.0385  D=4.572
[b2_qmix_atten] 2:29:24  566,196/1,000,000  63.2/s  upd=11936  L=0.0405  D=4.572
[b2_qmix_atten] 2:29:48  566,876/1,000,000  63.1/s  upd=11952  L=0.0252  D=4.572
[b2_qmix_atten] 2:30:00  567,747/1,000,000  63.1/s  upd=11968  L=0.0402  D=4.572
[b2_qmix_atten] 2:30:11  568,455/1,000,000  63.1/s  upd=11984  L=0.0446  D=4.572
[b2_qmix_atten] 2:30:21  569,134/1,000,000  63.1/s  upd=12000  L=0.0447  D=4.572
[b2_qmix_atten] 2:30:31  570,276/1,000,000  63.1/s  upd=12024  L=0.0423  D=4.572
[b2_qmix_atten] 2:30:43  571,367/1,000,000  63.2/s  upd=12048  L=0.0345  D=4.572
[b2_qmix_atten] 2:30:53  572,471/1,000,000  63.2/s  upd=12072  L=0.0342  D=4.572
[b2_qmix_atten] 2:31:03  573,284/1,000,000  63.3/s  upd=12088  L=0.0417  D=4.572
[b2_qmix_atten] 2:31:13  574,477/1,000,000  63.3/s  upd=12112  L=0.0335  D=4.572
[b2_qmix_atten] 2:31:23  575,290/1,000,000  63.3/s  upd=12128  L=0.0456  D=4.572
[b2_qmix_atten] 2:31:33  576,427/1,000,000  63.4/s  upd=12152  L=0.0306  D=4.572
[b2_qmix_atten] 2:31:44  577,427/1,000,000  63.4/s  upd=12176  L=0.0292  D=4.572
[b2_qmix_atten] 2:31:56  578,105/1,000,000  63.4/s  upd=12192  L=0.0331  D=4.572
[b2_qmix_atten] 2:32:08  579,213/1,000,000  63.4/s  upd=12216  L=0.0480  D=4.572
[b2_qmix_atten] 2:32:29  580,060/1,000,000  63.4/s  upd=12232  L=0.0283  ev=0/100  D=4.572
[b2_qmix_atten] 2:32:39  580,060/1,000,000  63.3/s  upd=12232  L=0.0283  ev=18/100  D=4.572
[b2_qmix_atten] 2:32:49  580,060/1,000,000  63.3/s  upd=12232  L=0.0283  ev=52/100  D=4.572
[b2_qmix_atten] 2:32:59  580,060/1,000,000  63.2/s  upd=12232  L=0.0283  ev=87/100  D=4.572
[b2_qmix_atten] 2:33:21  580,060/1,000,000  63.0/s  upd=12232  L=0.0283  D=4.030
[b2_qmix_atten] 2:33:32  581,102/1,000,000  63.1/s  upd=12256  L=0.0487  D=4.030
[b2_qmix_atten] 2:33:42  581,881/1,000,000  63.1/s  upd=12272  L=0.0396  D=4.030
[b2_qmix_atten] 2:33:52  582,600/1,000,000  63.1/s  upd=12288  L=0.0341  D=4.030
[b2_qmix_atten] 2:34:02  583,288/1,000,000  63.1/s  upd=12304  L=0.0396  D=4.030
[b2_qmix_atten] 2:34:13  584,032/1,000,000  63.1/s  upd=12320  L=0.0358  D=4.030
[b2_qmix_atten] 2:34:23  584,799/1,000,000  63.1/s  upd=12336  L=0.0480  D=4.030
[b2_qmix_atten] 2:34:34  585,923/1,000,000  63.2/s  upd=12360  L=0.0496  D=4.030
[b2_qmix_atten] 2:34:44  587,175/1,000,000  63.2/s  upd=12384  L=0.0417  D=4.030
[b2_qmix_atten] 2:35:23  587,923/1,000,000  63.1/s  upd=12400  L=0.0331  D=4.030
[b2_qmix_atten] 2:35:34  589,143/1,000,000  63.1/s  upd=12424  L=0.0428  D=4.030
[b2_qmix_atten] 2:35:45  590,219/1,000,000  63.2/s  upd=12448  L=0.0308  D=4.030
[b2_qmix_atten] 2:35:56  591,003/1,000,000  63.2/s  upd=12464  L=0.0540  D=4.030
[b2_qmix_atten] 2:36:06  591,707/1,000,000  63.2/s  upd=12480  L=0.0361  D=4.030
[b2_qmix_atten] 2:36:16  592,418/1,000,000  63.2/s  upd=12496  L=0.0256  D=4.030
[b2_qmix_atten] 2:36:26  593,223/1,000,000  63.2/s  upd=12512  L=0.0520  D=4.030
[b2_qmix_atten] 2:36:37  594,304/1,000,000  63.2/s  upd=12536  L=0.0494  D=4.030
[b2_qmix_atten] 2:36:47  595,033/1,000,000  63.2/s  upd=12552  L=0.0355  D=4.030
[b2_qmix_atten] 2:36:57  595,881/1,000,000  63.3/s  upd=12568  L=0.0553  D=4.030
[b2_qmix_atten] 2:37:07  596,578/1,000,000  63.3/s  upd=12584  L=0.0439  D=4.030
[b2_qmix_atten] 2:37:17  597,316/1,000,000  63.3/s  upd=12600  L=0.0273  D=4.030
[b2_qmix_atten] 2:37:27  598,068/1,000,000  63.3/s  upd=12616  L=0.0338  D=4.030
[b2_qmix_atten] 2:37:37  599,151/1,000,000  63.4/s  upd=12640  L=0.0250  D=4.030
[b2_qmix_atten] 2:38:01  600,298/1,000,000  63.3/s  upd=12664  L=0.0278  ev=0/100  D=4.030
[b2_qmix_atten] 2:38:11  600,298/1,000,000  63.2/s  upd=12664  L=0.0278  ev=12/100  D=4.030
[b2_qmix_atten] 2:38:21  600,298/1,000,000  63.2/s  upd=12664  L=0.0278  ev=12/100  D=4.030
[b2_qmix_atten] 2:38:31  600,298/1,000,000  63.1/s  upd=12664  L=0.0278  ev=55/100  D=4.030
[b2_qmix_atten] 2:38:41  600,298/1,000,000  63.0/s  upd=12664  L=0.0278  ev=71/100  D=4.030
[b2_qmix_atten] 2:38:51  600,298/1,000,000  63.0/s  upd=12664  L=0.0278  ev=88/100  D=4.030
[b2_qmix_atten] 2:39:16  600,298/1,000,000  62.8/s  upd=12664  L=0.0278  D=4.387
[b2_qmix_atten] 2:39:27  601,387/1,000,000  62.9/s  upd=12688  L=0.0402  D=4.387
[b2_qmix_atten] 2:39:37  602,179/1,000,000  62.9/s  upd=12704  L=0.0374  D=4.387
[b2_qmix_atten] 2:39:47  602,971/1,000,000  62.9/s  upd=12720  L=0.0284  D=4.387
[b2_qmix_atten] 2:39:59  604,409/1,000,000  63.0/s  upd=12752  L=0.0444  D=4.387
[b2_qmix_atten] 2:40:10  605,161/1,000,000  63.0/s  upd=12768  L=0.0454  D=4.387
[b2_qmix_atten] 2:40:21  605,862/1,000,000  63.0/s  upd=12784  L=0.0406  D=4.387
[b2_qmix_atten] 2:41:45  606,266/1,000,000  62.5/s  upd=12792  L=0.0561  D=4.387
[b2_qmix_atten] 2:41:55  607,378/1,000,000  62.5/s  upd=12816  L=0.0424  D=4.387
[b2_qmix_atten] 2:42:05  608,436/1,000,000  62.6/s  upd=12840  L=0.0504  D=4.387
[b2_qmix_atten] 2:42:16  609,159/1,000,000  62.6/s  upd=12856  L=0.0445  D=4.387
[b2_qmix_atten] 2:42:26  610,171/1,000,000  62.6/s  upd=12880  L=0.0333  D=4.387
[b2_qmix_atten] 2:42:36  611,282/1,000,000  62.7/s  upd=12904  L=0.0432  D=4.387
[b2_qmix_atten] 2:42:46  612,049/1,000,000  62.7/s  upd=12920  L=0.0415  D=4.387
[b2_qmix_atten] 2:42:58  613,070/1,000,000  62.7/s  upd=12944  L=0.0354  D=4.387
[b2_qmix_atten] 2:43:08  613,443/1,000,000  62.7/s  upd=12952  L=0.0461  D=4.387
[b2_qmix_atten] 2:43:18  614,290/1,000,000  62.7/s  upd=12968  L=0.0452  D=4.387
[b2_qmix_atten] 2:43:28  614,604/1,000,000  62.7/s  upd=12976  L=0.0400  D=4.387
[b2_qmix_atten] 2:43:39  615,387/1,000,000  62.7/s  upd=12992  L=0.0388  D=4.387
[b2_qmix_atten] 2:43:51  616,083/1,000,000  62.7/s  upd=13008  L=0.0385  D=4.387
[b2_qmix_atten] 2:44:01  616,828/1,000,000  62.7/s  upd=13024  L=0.0340  D=4.387
[b2_qmix_atten] 2:44:13  617,560/1,000,000  62.7/s  upd=13040  L=0.0350  D=4.387
[b2_qmix_atten] 2:44:24  619,004/1,000,000  62.8/s  upd=13072  L=0.0483  D=4.387
[b2_qmix_atten] 2:44:36  619,446/1,000,000  62.7/s  upd=13080  L=0.0456  D=4.387
[b2_qmix_atten] 2:44:57  620,142/1,000,000  62.7/s  upd=13096  L=0.0331  ev=0/100  D=4.387
[b2_qmix_atten] 2:45:07  620,142/1,000,000  62.6/s  upd=13096  L=0.0331  ev=64/100  D=4.387
[b2_qmix_atten] 2:45:17  620,142/1,000,000  62.5/s  upd=13096  L=0.0331  ev=95/100  D=4.387
[b2_qmix_atten] 2:45:48  620,142/1,000,000  62.3/s  upd=13096  L=0.0331  D=4.345
[b2_qmix_atten] 2:45:59  621,264/1,000,000  62.4/s  upd=13120  L=0.0465  D=4.345
[b2_qmix_atten] 2:46:10  622,728/1,000,000  62.5/s  upd=13152  L=0.0560  D=4.345
[b2_qmix_atten] 2:46:20  623,894/1,000,000  62.5/s  upd=13176  L=0.0418  D=4.345
[b2_qmix_atten] 2:46:30  625,334/1,000,000  62.6/s  upd=13208  L=0.0351  D=4.345
[b2_qmix_atten] 2:46:41  627,170/1,000,000  62.7/s  upd=13248  L=0.0434  D=4.345
[b2_qmix_atten] 2:47:05  627,890/1,000,000  62.6/s  upd=13264  L=0.0429  D=4.345
[b2_qmix_atten] 2:47:16  628,634/1,000,000  62.6/s  upd=13280  L=0.0394  D=4.345
[b2_qmix_atten] 2:47:27  629,641/1,000,000  62.7/s  upd=13304  L=0.0348  D=4.345
[b2_qmix_atten] 2:47:38  630,624/1,000,000  62.7/s  upd=13328  L=0.0342  D=4.345
[b2_qmix_atten] 2:47:49  631,738/1,000,000  62.7/s  upd=13352  L=0.0500  D=4.345
[b2_qmix_atten] 2:47:59  632,391/1,000,000  62.7/s  upd=13368  L=0.0494  D=4.345
[b2_qmix_atten] 2:48:11  633,530/1,000,000  62.8/s  upd=13392  L=0.0372  D=4.345
[b2_qmix_atten] 2:48:21  634,580/1,000,000  62.8/s  upd=13416  L=0.0359  D=4.345
[b2_qmix_atten] 2:48:31  635,649/1,000,000  62.9/s  upd=13440  L=0.0316  D=4.345
[b2_qmix_atten] 2:48:42  637,138/1,000,000  62.9/s  upd=13472  L=0.0450  D=4.345
[b2_qmix_atten] 2:48:53  638,307/1,000,000  63.0/s  upd=13496  L=0.0398  D=4.345
[b2_qmix_atten] 2:49:05  639,387/1,000,000  63.0/s  upd=13520  L=0.0370  D=4.345
[b2_qmix_atten] 2:49:25  640,104/1,000,000  63.0/s  upd=13536  L=0.0374  ev=0/100  D=4.345
[b2_qmix_atten] 2:49:35  640,104/1,000,000  62.9/s  upd=13536  L=0.0374  ev=46/100  D=4.345
[b2_qmix_atten] 2:49:45  640,104/1,000,000  62.8/s  upd=13536  L=0.0374  ev=64/100  D=4.345
[b2_qmix_atten] 2:49:55  640,104/1,000,000  62.8/s  upd=13536  L=0.0374  ev=76/100  D=4.345
[b2_qmix_atten] 2:50:27  640,104/1,000,000  62.6/s  upd=13536  L=0.0374  D=4.330
[b2_qmix_atten] 2:50:38  641,225/1,000,000  62.6/s  upd=13560  L=0.0465  D=4.330
[b2_qmix_atten] 2:50:48  642,451/1,000,000  62.7/s  upd=13584  L=0.0375  D=4.330
[b2_qmix_atten] 2:50:58  643,906/1,000,000  62.8/s  upd=13616  L=0.0312  D=4.330
[b2_qmix_atten] 2:51:08  645,433/1,000,000  62.9/s  upd=13648  L=0.0335  D=4.330
[b2_qmix_atten] 2:51:19  646,878/1,000,000  62.9/s  upd=13680  L=0.0272  D=4.330
[b2_qmix_atten] 2:51:30  647,909/1,000,000  63.0/s  upd=13704  L=0.0557  D=4.330
[b2_qmix_atten] 2:51:40  648,953/1,000,000  63.0/s  upd=13728  L=0.0365  D=4.330
[b2_qmix_atten] 2:51:50  649,762/1,000,000  63.0/s  upd=13744  L=0.0448  D=4.330
[b2_qmix_atten] 2:52:02  651,367/1,000,000  63.1/s  upd=13776  L=0.0485  D=4.330
[b2_qmix_atten] 2:52:35  651,720/1,000,000  62.9/s  upd=13784  L=0.0303  D=4.330
[b2_qmix_atten] 2:52:45  652,415/1,000,000  62.9/s  upd=13800  L=0.0353  D=4.330
[b2_qmix_atten] 2:52:55  653,201/1,000,000  63.0/s  upd=13816  L=0.0416  D=4.330
[b2_qmix_atten] 2:53:05  654,040/1,000,000  63.0/s  upd=13832  L=0.0494  D=4.330
[b2_qmix_atten] 2:53:17  655,196/1,000,000  63.0/s  upd=13856  L=0.0443  D=4.330
[b2_qmix_atten] 2:53:27  655,957/1,000,000  63.0/s  upd=13872  L=0.0388  D=4.330
[b2_qmix_atten] 2:53:37  656,686/1,000,000  63.0/s  upd=13888  L=0.0562  D=4.330
[b2_qmix_atten] 2:53:47  657,420/1,000,000  63.0/s  upd=13904  L=0.0347  D=4.330
[b2_qmix_atten] 2:53:57  658,184/1,000,000  63.1/s  upd=13920  L=0.0366  D=4.330
[b2_qmix_atten] 2:54:07  658,979/1,000,000  63.1/s  upd=13936  L=0.0421  D=4.330
[b2_qmix_atten] 2:54:17  659,633/1,000,000  63.1/s  upd=13952  L=0.0449  D=4.330
[b2_qmix_atten] 2:54:27  659,982/1,000,000  63.0/s  upd=13960  L=0.0527  D=4.330
[b2_qmix_atten] 2:54:46  660,343/1,000,000  63.0/s  upd=13968  L=0.0367  ev=0/100  D=4.330
[b2_qmix_atten] 2:54:56  660,343/1,000,000  62.9/s  upd=13968  L=0.0367  ev=55/100  D=4.330
[b2_qmix_atten] 2:56:00  660,343/1,000,000  62.5/s  upd=13968  L=0.0367  D=4.918
[b2_qmix_atten] 2:56:10  661,031/1,000,000  62.5/s  upd=13984  L=0.0565  D=4.918
[b2_qmix_atten] 2:56:20  662,169/1,000,000  62.6/s  upd=14008  L=0.0353  D=4.918
[b2_qmix_atten] 2:56:30  662,929/1,000,000  62.6/s  upd=14024  L=0.0362  D=4.918
[b2_qmix_atten] 2:56:42  663,753/1,000,000  62.6/s  upd=14040  L=0.0379  D=4.918
[b2_qmix_atten] 2:56:53  664,843/1,000,000  62.6/s  upd=14064  L=0.0253  D=4.918
[b2_qmix_atten] 2:57:04  665,683/1,000,000  62.7/s  upd=14080  L=0.0523  D=4.918
[b2_qmix_atten] 2:57:14  666,803/1,000,000  62.7/s  upd=14104  L=0.0439  D=4.918
[b2_qmix_atten] 2:57:24  667,884/1,000,000  62.7/s  upd=14128  L=0.0325  D=4.918
[b2_qmix_atten] 2:57:34  669,035/1,000,000  62.8/s  upd=14152  L=0.0371  D=4.918
[b2_qmix_atten] 2:57:56  669,035/1,000,000  62.7/s  upd=14152  L=0.0371  D=4.918
[b2_qmix_atten] 2:58:06  670,157/1,000,000  62.7/s  upd=14176  L=0.0537  D=4.918
[b2_qmix_atten] 2:58:17  671,271/1,000,000  62.7/s  upd=14200  L=0.0399  D=4.918
[b2_qmix_atten] 2:58:27  671,994/1,000,000  62.8/s  upd=14216  L=0.0429  D=4.918
[b2_qmix_atten] 2:58:37  672,688/1,000,000  62.8/s  upd=14232  L=0.0408  D=4.918
[b2_qmix_atten] 2:58:47  673,409/1,000,000  62.8/s  upd=14248  L=0.0334  D=4.918
[b2_qmix_atten] 2:58:59  674,421/1,000,000  62.8/s  upd=14272  L=0.0402  D=4.918
[b2_qmix_atten] 2:59:10  675,193/1,000,000  62.8/s  upd=14288  L=0.0308  D=4.918
[b2_qmix_atten] 2:59:20  675,927/1,000,000  62.8/s  upd=14304  L=0.0431  D=4.918
[b2_qmix_atten] 2:59:32  676,941/1,000,000  62.8/s  upd=14328  L=0.0491  D=4.918
[b2_qmix_atten] 2:59:44  677,615/1,000,000  62.8/s  upd=14344  L=0.0402  D=4.918
[b2_qmix_atten] 2:59:54  678,345/1,000,000  62.8/s  upd=14360  L=0.0509  D=4.918
[b2_qmix_atten] 3:00:04  679,432/1,000,000  62.9/s  upd=14384  L=0.0332  D=4.918
[b2_qmix_atten] 3:00:24  680,176/1,000,000  62.8/s  upd=14400  L=0.0556  ev=0/100  D=4.918
[b2_qmix_atten] 3:00:34  680,176/1,000,000  62.8/s  upd=14400  L=0.0556  ev=32/100  D=4.918
[b2_qmix_atten] 3:00:44  680,176/1,000,000  62.7/s  upd=14400  L=0.0556  ev=88/100  D=4.918
[b2_qmix_atten] 3:01:42  680,176/1,000,000  62.4/s  upd=14400  L=0.0556  D=4.559
[b2_qmix_atten] 3:01:52  681,267/1,000,000  62.4/s  upd=14424  L=0.0312  D=4.559
[b2_qmix_atten] 3:02:03  682,646/1,000,000  62.5/s  upd=14456  L=0.0462  D=4.559
[b2_qmix_atten] 3:02:14  684,203/1,000,000  62.6/s  upd=14488  L=0.0371  D=4.559
[b2_qmix_atten] 3:02:26  685,723/1,000,000  62.6/s  upd=14520  L=0.0430  D=4.559
[b2_qmix_atten] 3:02:37  686,818/1,000,000  62.7/s  upd=14544  L=0.0279  D=4.559
[b2_qmix_atten] 3:02:47  687,529/1,000,000  62.7/s  upd=14560  L=0.0294  D=4.559
[b2_qmix_atten] 3:03:19  687,529/1,000,000  62.5/s  upd=14560  L=0.0294  D=4.559
[b2_qmix_atten] 3:03:31  688,625/1,000,000  62.5/s  upd=14584  L=0.0506  D=4.559
[b2_qmix_atten] 3:03:43  689,813/1,000,000  62.6/s  upd=14608  L=0.0428  D=4.559
[b2_qmix_atten] 3:03:54  690,568/1,000,000  62.6/s  upd=14624  L=0.0523  D=4.559
[b2_qmix_atten] 3:04:04  690,890/1,000,000  62.6/s  upd=14632  L=0.0342  D=4.559
[b2_qmix_atten] 3:04:15  691,738/1,000,000  62.6/s  upd=14648  L=0.0412  D=4.559
[b2_qmix_atten] 3:04:25  692,448/1,000,000  62.6/s  upd=14664  L=0.0538  D=4.559
[b2_qmix_atten] 3:04:37  693,499/1,000,000  62.6/s  upd=14688  L=0.0492  D=4.559
[b2_qmix_atten] 3:04:47  694,562/1,000,000  62.6/s  upd=14712  L=0.0394  D=4.559
[b2_qmix_atten] 3:04:57  695,256/1,000,000  62.7/s  upd=14728  L=0.0356  D=4.559
[b2_qmix_atten] 3:05:07  696,320/1,000,000  62.7/s  upd=14752  L=0.0359  D=4.559
[b2_qmix_atten] 3:05:17  696,984/1,000,000  62.7/s  upd=14768  L=0.0338  D=4.559
[b2_qmix_atten] 3:05:27  697,981/1,000,000  62.7/s  upd=14792  L=0.0584  D=4.559
[b2_qmix_atten] 3:05:37  699,174/1,000,000  62.8/s  upd=14816  L=0.0451  D=4.559
[b2_qmix_atten] 3:05:57  700,003/1,000,000  62.7/s  upd=14832  L=0.0503  ev=0/100  D=4.559
[b2_qmix_atten] 3:06:07  700,003/1,000,000  62.7/s  upd=14832  L=0.0503  ev=32/100  D=4.559
[b2_qmix_atten] 3:06:17  700,003/1,000,000  62.6/s  upd=14832  L=0.0503  ev=78/100  D=4.559
[b2_qmix_atten] 3:06:52  700,003/1,000,000  62.4/s  upd=14832  L=0.0503  D=4.676
[b2_qmix_atten] 3:07:02  701,486/1,000,000  62.5/s  upd=14864  L=0.0500  D=4.676
[b2_qmix_atten] 3:07:12  703,084/1,000,000  62.6/s  upd=14896  L=0.0365  D=4.676
[b2_qmix_atten] 3:07:22  704,215/1,000,000  62.6/s  upd=14920  L=0.0403  D=4.676
[b2_qmix_atten] 3:07:33  705,957/1,000,000  62.7/s  upd=14960  L=0.0572  D=4.676
[b2_qmix_atten] 3:07:43  706,979/1,000,000  62.8/s  upd=14984  L=0.0707  D=4.676
[b2_qmix_atten] 3:07:54  708,107/1,000,000  62.8/s  upd=15008  L=0.0349  D=4.676
[b2_qmix_atten] 3:08:04  709,191/1,000,000  62.8/s  upd=15032  L=0.0314  D=4.676
[b2_qmix_atten] 3:08:14  710,832/1,000,000  62.9/s  upd=15064  L=0.0583  D=4.676
[b2_qmix_atten] 3:08:56  711,944/1,000,000  62.8/s  upd=15088  L=0.0420  D=4.676
[b2_qmix_atten] 3:09:06  713,053/1,000,000  62.8/s  upd=15112  L=0.0445  D=4.676
[b2_qmix_atten] 3:09:16  714,418/1,000,000  62.9/s  upd=15144  L=0.0377  D=4.676
[b2_qmix_atten] 3:09:26  715,120/1,000,000  62.9/s  upd=15160  L=0.0427  D=4.676
[b2_qmix_atten] 3:09:37  715,496/1,000,000  62.9/s  upd=15168  L=0.0529  D=4.676
[b2_qmix_atten] 3:09:48  715,884/1,000,000  62.9/s  upd=15176  L=0.0399  D=4.676
[b2_qmix_atten] 3:09:58  716,645/1,000,000  62.9/s  upd=15192  L=0.0338  D=4.676
[b2_qmix_atten] 3:10:10  717,959/1,000,000  62.9/s  upd=15216  L=0.0403  D=4.676
[b2_qmix_atten] 3:10:20  718,285/1,000,000  62.9/s  upd=15224  L=0.0417  D=4.676
[b2_qmix_atten] 3:10:30  718,972/1,000,000  62.9/s  upd=15240  L=0.0486  D=4.676
[b2_qmix_atten] 3:10:41  719,699/1,000,000  62.9/s  upd=15256  L=0.0579  D=4.676
[b2_qmix_atten] 3:10:57  720,064/1,000,000  62.8/s  upd=15264  L=0.0428  ev=0/100  D=4.676
[b2_qmix_atten] 3:11:07  720,064/1,000,000  62.8/s  upd=15264  L=0.0428  ev=39/100  D=4.676
[b2_qmix_atten] 3:11:17  720,064/1,000,000  62.7/s  upd=15264  L=0.0428  ev=88/100  D=4.676
[b2_qmix_atten] 3:11:39  720,064/1,000,000  62.6/s  upd=15264  L=0.0428  D=4.559
[b2_qmix_atten] 3:11:49  720,434/1,000,000  62.6/s  upd=15272  L=0.0480  D=4.559
[b2_qmix_atten] 3:12:00  721,183/1,000,000  62.6/s  upd=15288  L=0.0498  D=4.559
[b2_qmix_atten] 3:12:11  722,287/1,000,000  62.6/s  upd=15312  L=0.0355  D=4.559
[b2_qmix_atten] 3:12:22  723,426/1,000,000  62.7/s  upd=15336  L=0.0461  D=4.559
[b2_qmix_atten] 3:12:33  724,525/1,000,000  62.7/s  upd=15360  L=0.0337  D=4.559
[b2_qmix_atten] 3:12:44  725,917/1,000,000  62.8/s  upd=15392  L=0.0474  D=4.559
[b2_qmix_atten] 3:12:54  726,982/1,000,000  62.8/s  upd=15416  L=0.0314  D=4.559
[b2_qmix_atten] 3:13:04  726,982/1,000,000  62.8/s  upd=15416  L=0.0314  D=4.559
[b2_qmix_atten] 3:13:14  728,089/1,000,000  62.8/s  upd=15440  L=0.0323  D=4.559
[b2_qmix_atten] 3:13:27  728,089/1,000,000  62.7/s  upd=15440  L=0.0323  D=4.559
[b2_qmix_atten] 3:13:37  729,547/1,000,000  62.8/s  upd=15472  L=0.0413  D=4.559
[b2_qmix_atten] 3:13:48  730,579/1,000,000  62.8/s  upd=15496  L=0.0454  D=4.559
[b2_qmix_atten] 3:13:59  731,753/1,000,000  62.9/s  upd=15520  L=0.0343  D=4.559
[b2_qmix_atten] 3:14:22  731,753/1,000,000  62.7/s  upd=15520  L=0.0343  D=4.559
[b2_qmix_atten] 3:14:32  732,772/1,000,000  62.8/s  upd=15544  L=0.0571  D=4.559
[b2_qmix_atten] 3:14:42  733,905/1,000,000  62.8/s  upd=15568  L=0.0414  D=4.559
[b2_qmix_atten] 3:14:53  735,165/1,000,000  62.9/s  upd=15592  L=0.0401  D=4.559
[b2_qmix_atten] 3:15:03  736,212/1,000,000  62.9/s  upd=15616  L=0.0496  D=4.559
[b2_qmix_atten] 3:15:15  737,263/1,000,000  62.9/s  upd=15640  L=0.0481  D=4.559
[b2_qmix_atten] 3:15:28  737,263/1,000,000  62.9/s  upd=15640  L=0.0481  D=4.559
[b2_qmix_atten] 3:15:38  738,028/1,000,000  62.9/s  upd=15656  L=0.0391  D=4.559
[b2_qmix_atten] 3:15:49  738,726/1,000,000  62.9/s  upd=15672  L=0.0398  D=4.559
[b2_qmix_atten] 3:16:01  739,452/1,000,000  62.9/s  upd=15688  L=0.0529  D=4.559
[b2_qmix_atten] 3:16:23  740,209/1,000,000  62.8/s  upd=15704  L=0.0411  ev=0/100  D=4.559
[b2_qmix_atten] 3:16:33  740,209/1,000,000  62.8/s  upd=15704  L=0.0411  ev=39/100  D=4.559
[b2_qmix_atten] 3:16:43  740,209/1,000,000  62.7/s  upd=15704  L=0.0411  ev=56/100  D=4.559
[b2_qmix_atten] 3:16:53  740,209/1,000,000  62.7/s  upd=15704  L=0.0411  ev=77/100  D=4.559
[b2_qmix_atten] 3:17:22  740,209/1,000,000  62.5/s  upd=15704  L=0.0411  D=3.941
[b2_qmix_atten] 3:17:34  741,300/1,000,000  62.5/s  upd=15728  L=0.0466  D=3.941
[b2_qmix_atten] 3:17:46  742,365/1,000,000  62.6/s  upd=15752  L=0.0286  D=3.941
[b2_qmix_atten] 3:17:57  743,407/1,000,000  62.6/s  upd=15776  L=0.0539  D=3.941
[b2_qmix_atten] 3:18:07  744,917/1,000,000  62.7/s  upd=15808  L=0.0446  D=3.941
[b2_qmix_atten] 3:18:18  745,952/1,000,000  62.7/s  upd=15832  L=0.0690  D=3.941
[b2_qmix_atten] 3:18:29  746,986/1,000,000  62.7/s  upd=15856  L=0.0475  D=3.941
[b2_qmix_atten] 3:18:39  748,215/1,000,000  62.8/s  upd=15880  L=0.0500  D=3.941
[b2_qmix_atten] 3:18:50  749,721/1,000,000  62.8/s  upd=15912  L=0.0358  D=3.941
[b2_qmix_atten] 3:19:00  751,366/1,000,000  62.9/s  upd=15952  L=0.0470  D=3.941
[b2_qmix_atten] 3:19:10  752,879/1,000,000  63.0/s  upd=15984  L=0.0482  D=3.941
[b2_qmix_atten] 3:19:20  753,632/1,000,000  63.0/s  upd=16000  L=0.0515  D=3.941
[b2_qmix_atten] 3:19:50  753,632/1,000,000  62.9/s  upd=16000  L=0.0515  D=3.941
[b2_qmix_atten] 3:20:00  754,386/1,000,000  62.9/s  upd=16016  L=0.0372  D=3.941
[b2_qmix_atten] 3:20:10  754,386/1,000,000  62.8/s  upd=16016  L=0.0372  D=3.941
[b2_qmix_atten] 3:20:22  755,361/1,000,000  62.8/s  upd=16040  L=0.0296  D=3.941
[b2_qmix_atten] 3:20:32  756,374/1,000,000  62.9/s  upd=16064  L=0.0333  D=3.941
[b2_qmix_atten] 3:20:42  757,391/1,000,000  62.9/s  upd=16088  L=0.0436  D=3.941
[b2_qmix_atten] 3:20:53  758,467/1,000,000  62.9/s  upd=16112  L=0.0450  D=3.941
[b2_qmix_atten] 3:21:04  759,521/1,000,000  63.0/s  upd=16136  L=0.0505  D=3.941
[b2_qmix_atten] 3:21:23  760,218/1,000,000  62.9/s  upd=16152  L=0.0533  ev=0/100  D=3.941
[b2_qmix_atten] 3:21:33  760,218/1,000,000  62.9/s  upd=16152  L=0.0533  ev=56/100  D=3.941
[b2_qmix_atten] 3:22:18  760,218/1,000,000  62.6/s  upd=16152  L=0.0533  D=3.700
[b2_qmix_atten] 3:22:28  761,351/1,000,000  62.7/s  upd=16176  L=0.0452  D=3.700
[b2_qmix_atten] 3:22:38  761,744/1,000,000  62.7/s  upd=16184  L=0.0480  D=3.700
[b2_qmix_atten] 3:22:48  762,406/1,000,000  62.7/s  upd=16200  L=0.0441  D=3.700
[b2_qmix_atten] 3:22:58  763,179/1,000,000  62.7/s  upd=16216  L=0.0569  D=3.700
[b2_qmix_atten] 3:23:09  764,284/1,000,000  62.7/s  upd=16240  L=0.0461  D=3.700
[b2_qmix_atten] 3:23:20  764,961/1,000,000  62.7/s  upd=16256  L=0.0370  D=3.700
[b2_qmix_atten] 3:23:30  765,648/1,000,000  62.7/s  upd=16272  L=0.0392  D=3.700
[b2_qmix_atten] 3:23:41  766,724/1,000,000  62.7/s  upd=16296  L=0.0369  D=3.700
[b2_qmix_atten] 3:23:51  767,502/1,000,000  62.7/s  upd=16312  L=0.0797  D=3.700
[b2_qmix_atten] 3:24:01  768,257/1,000,000  62.8/s  upd=16328  L=0.0313  D=3.700
[b2_qmix_atten] 3:24:11  769,030/1,000,000  62.8/s  upd=16344  L=0.0343  D=3.700
[b2_qmix_atten] 3:24:23  770,036/1,000,000  62.8/s  upd=16368  L=0.0583  D=3.700
[b2_qmix_atten] 3:24:33  771,159/1,000,000  62.8/s  upd=16392  L=0.0369  D=3.700
[b2_qmix_atten] 3:24:44  772,243/1,000,000  62.9/s  upd=16416  L=0.0333  D=3.700
[b2_qmix_atten] 3:25:15  772,956/1,000,000  62.8/s  upd=16432  L=0.0359  D=3.700
[b2_qmix_atten] 3:25:26  773,741/1,000,000  62.8/s  upd=16448  L=0.0373  D=3.700
[b2_qmix_atten] 3:25:38  774,920/1,000,000  62.8/s  upd=16472  L=0.0382  D=3.700
[b2_qmix_atten] 3:25:48  775,879/1,000,000  62.8/s  upd=16496  L=0.0548  D=3.700
[b2_qmix_atten] 3:25:59  777,000/1,000,000  62.9/s  upd=16520  L=0.0439  D=3.700
[b2_qmix_atten] 3:26:09  778,085/1,000,000  62.9/s  upd=16544  L=0.0325  D=3.700
[b2_qmix_atten] 3:26:19  779,312/1,000,000  62.9/s  upd=16568  L=0.0392  D=3.700
[b2_qmix_atten] 3:26:37  780,013/1,000,000  62.9/s  upd=16584  L=0.0464  ev=0/100  D=3.700
[b2_qmix_atten] 3:26:47  780,013/1,000,000  62.9/s  upd=16584  L=0.0464  ev=69/100  D=3.700
[b2_qmix_atten] 3:26:57  780,013/1,000,000  62.8/s  upd=16584  L=0.0464  ev=88/100  D=3.700
[b2_qmix_atten] 3:27:40  780,013/1,000,000  62.6/s  upd=16584  L=0.0464  D=2.965
[b2_qmix_atten] 3:27:52  781,451/1,000,000  62.7/s  upd=16616  L=0.0307  D=2.965
[b2_qmix_atten] 3:28:04  782,172/1,000,000  62.7/s  upd=16632  L=0.0498  D=2.965
[b2_qmix_atten] 3:28:14  782,804/1,000,000  62.7/s  upd=16648  L=0.0395  D=2.965
[b2_qmix_atten] 3:28:24  783,478/1,000,000  62.7/s  upd=16664  L=0.0383  D=2.965
[b2_qmix_atten] 3:28:34  784,229/1,000,000  62.7/s  upd=16680  L=0.0238  D=2.965
[b2_qmix_atten] 3:28:44  784,870/1,000,000  62.7/s  upd=16696  L=0.0383  D=2.965
[b2_qmix_atten] 3:28:54  785,534/1,000,000  62.7/s  upd=16712  L=0.0412  D=2.965
[b2_qmix_atten] 3:29:07  786,520/1,000,000  62.7/s  upd=16736  L=0.0446  D=2.965
[b2_qmix_atten] 3:29:17  787,273/1,000,000  62.7/s  upd=16752  L=0.0289  D=2.965
[b2_qmix_atten] 3:29:27  788,314/1,000,000  62.7/s  upd=16776  L=0.0415  D=2.965
[b2_qmix_atten] 3:29:37  789,431/1,000,000  62.8/s  upd=16800  L=0.0415  D=2.965
[b2_qmix_atten] 3:29:47  790,624/1,000,000  62.8/s  upd=16824  L=0.0360  D=2.965
[b2_qmix_atten] 3:29:57  791,390/1,000,000  62.8/s  upd=16840  L=0.0408  D=2.965
[b2_qmix_atten] 3:30:08  792,438/1,000,000  62.8/s  upd=16864  L=0.0311  D=2.965
[b2_qmix_atten] 3:30:37  793,156/1,000,000  62.8/s  upd=16880  L=0.0506  D=2.965
[b2_qmix_atten] 3:30:47  793,793/1,000,000  62.8/s  upd=16896  L=0.0337  D=2.965
[b2_qmix_atten] 3:30:58  794,799/1,000,000  62.8/s  upd=16920  L=0.0460  D=2.965
[b2_qmix_atten] 3:31:11  795,798/1,000,000  62.8/s  upd=16944  L=0.0530  D=2.965
[b2_qmix_atten] 3:31:21  796,836/1,000,000  62.8/s  upd=16968  L=0.0301  D=2.965
[b2_qmix_atten] 3:31:31  797,571/1,000,000  62.8/s  upd=16984  L=0.0354  D=2.965
[b2_qmix_atten] 3:31:41  798,946/1,000,000  62.9/s  upd=17016  L=0.0356  D=2.965
[b2_qmix_atten] 3:31:52  799,292/1,000,000  62.9/s  upd=17024  L=0.0372  D=2.965
[b2_qmix_atten] 3:32:02  799,671/1,000,000  62.9/s  upd=17032  L=0.0507  D=2.965
[b2_qmix_atten] 3:32:22  800,062/1,000,000  62.8/s  upd=17040  L=0.0385  ev=0/100  D=2.965
[b2_qmix_atten] 3:32:32  800,062/1,000,000  62.7/s  upd=17040  L=0.0385  ev=27/100  D=2.965
[b2_qmix_atten] 3:33:14  800,062/1,000,000  62.5/s  upd=17040  L=0.0385  D=3.353
[b2_qmix_atten] 3:33:24  800,431/1,000,000  62.5/s  upd=17048  L=0.0333  D=3.353
[b2_qmix_atten] 3:33:40  800,431/1,000,000  62.4/s  upd=17048  L=0.0333  D=3.353
[b2_qmix_atten] 3:33:50  801,770/1,000,000  62.5/s  upd=17080  L=0.0493  D=3.353
[b2_qmix_atten] 3:34:02  802,183/1,000,000  62.5/s  upd=17088  L=0.0412  D=3.353
[b2_qmix_atten] 3:34:14  802,526/1,000,000  62.4/s  upd=17096  L=0.0414  D=3.353
[b2_qmix_atten] 3:34:25  803,499/1,000,000  62.5/s  upd=17120  L=0.0337  D=3.353
[b2_qmix_atten] 3:34:35  803,892/1,000,000  62.4/s  upd=17128  L=0.0518  D=3.353
[b2_qmix_atten] 3:34:45  804,211/1,000,000  62.4/s  upd=17136  L=0.0355  D=3.353
[b2_qmix_atten] 3:34:56  804,878/1,000,000  62.4/s  upd=17152  L=0.0333  D=3.353
[b2_qmix_atten] 3:35:06  805,531/1,000,000  62.4/s  upd=17168  L=0.0267  D=3.353
[b2_qmix_atten] 3:35:21  805,531/1,000,000  62.3/s  upd=17168  L=0.0267  D=3.353
[b2_qmix_atten] 3:35:33  806,666/1,000,000  62.4/s  upd=17192  L=0.0324  D=3.353
[b2_qmix_atten] 3:36:37  807,023/1,000,000  62.1/s  upd=17200  L=0.0440  D=3.353
[b2_qmix_atten] 3:36:47  808,129/1,000,000  62.1/s  upd=17224  L=0.0456  D=3.353
[b2_qmix_atten] 3:36:57  809,218/1,000,000  62.2/s  upd=17248  L=0.0387  D=3.353
[b2_qmix_atten] 3:37:07  810,253/1,000,000  62.2/s  upd=17272  L=0.0789  D=3.353
[b2_qmix_atten] 3:37:17  810,999/1,000,000  62.2/s  upd=17288  L=0.0325  D=3.353
[b2_qmix_atten] 3:37:29  812,072/1,000,000  62.2/s  upd=17312  L=0.0461  D=3.353
[b2_qmix_atten] 3:37:40  813,053/1,000,000  62.3/s  upd=17336  L=0.0320  D=3.353
[b2_qmix_atten] 3:37:50  814,194/1,000,000  62.3/s  upd=17360  L=0.0343  D=3.353
[b2_qmix_atten] 3:38:00  814,520/1,000,000  62.3/s  upd=17368  L=0.0285  D=3.353
[b2_qmix_atten] 3:38:10  815,284/1,000,000  62.3/s  upd=17384  L=0.0513  D=3.353
[b2_qmix_atten] 3:38:20  815,923/1,000,000  62.3/s  upd=17400  L=0.0314  D=3.353
[b2_qmix_atten] 3:38:31  817,521/1,000,000  62.3/s  upd=17440  L=0.0630  D=3.353
[b2_qmix_atten] 3:38:42  818,551/1,000,000  62.4/s  upd=17464  L=0.0297  D=3.353
[b2_qmix_atten] 3:38:56  818,551/1,000,000  62.3/s  upd=17464  L=0.0297  D=3.353
[b2_qmix_atten] 3:39:17  820,031/1,000,000  62.3/s  upd=17496  L=0.0431  ev=0/100  D=3.353
[b2_qmix_atten] 3:39:27  820,031/1,000,000  62.3/s  upd=17496  L=0.0431  ev=55/100  D=3.353
[b2_qmix_atten] 3:39:53  820,031/1,000,000  62.2/s  upd=17496  L=0.0431  D=3.436
[b2_qmix_atten] 3:40:03  820,682/1,000,000  62.2/s  upd=17512  L=0.0412  D=3.436
[b2_qmix_atten] 3:40:13  821,754/1,000,000  62.2/s  upd=17536  L=0.0641  D=3.436
[b2_qmix_atten] 3:40:24  822,802/1,000,000  62.2/s  upd=17560  L=0.0374  D=3.436
[b2_qmix_atten] 3:40:36  823,779/1,000,000  62.2/s  upd=17584  L=0.0496  D=3.436
[b2_qmix_atten] 3:40:48  824,832/1,000,000  62.3/s  upd=17608  L=0.0354  D=3.436
[b2_qmix_atten] 3:40:58  825,903/1,000,000  62.3/s  upd=17632  L=0.0334  D=3.436
[b2_qmix_atten] 3:41:10  826,967/1,000,000  62.3/s  upd=17656  L=0.0421  D=3.436
[b2_qmix_atten] 3:41:20  828,081/1,000,000  62.4/s  upd=17680  L=0.0432  D=3.436
[b2_qmix_atten] 3:41:32  829,410/1,000,000  62.4/s  upd=17712  L=0.0495  D=3.436
[b2_qmix_atten] 3:41:55  829,786/1,000,000  62.3/s  upd=17720  L=0.0340  D=3.436
[b2_qmix_atten] 3:42:06  830,813/1,000,000  62.3/s  upd=17744  L=0.0410  D=3.436
[b2_qmix_atten] 3:42:18  831,847/1,000,000  62.4/s  upd=17768  L=0.0392  D=3.436
[b2_qmix_atten] 3:42:28  832,465/1,000,000  62.4/s  upd=17784  L=0.0292  D=3.436
[b2_qmix_atten] 3:42:40  833,527/1,000,000  62.4/s  upd=17808  L=0.0508  D=3.436
[b2_qmix_atten] 3:42:50  834,227/1,000,000  62.4/s  upd=17824  L=0.0476  D=3.436
[b2_qmix_atten] 3:43:00  834,842/1,000,000  62.4/s  upd=17840  L=0.0446  D=3.436
[b2_qmix_atten] 3:43:10  835,594/1,000,000  62.4/s  upd=17856  L=0.0338  D=3.436
[b2_qmix_atten] 3:43:20  836,289/1,000,000  62.4/s  upd=17872  L=0.0313  D=3.436
[b2_qmix_atten] 3:43:32  837,311/1,000,000  62.4/s  upd=17896  L=0.0456  D=3.436
[b2_qmix_atten] 3:43:42  837,964/1,000,000  62.4/s  upd=17912  L=0.0254  D=3.436
[b2_qmix_atten] 3:43:52  838,688/1,000,000  62.4/s  upd=17928  L=0.0671  D=3.436
[b2_qmix_atten] 3:44:16  840,074/1,000,000  62.4/s  upd=17960  L=0.0257  ev=0/100  D=3.436
[b2_qmix_atten] 3:44:26  840,074/1,000,000  62.4/s  upd=17960  L=0.0257  ev=39/100  D=3.436
[b2_qmix_atten] 3:45:12  840,074/1,000,000  62.2/s  upd=17960  L=0.0257  D=2.425
[b2_qmix_atten] 3:45:22  841,670/1,000,000  62.2/s  upd=18000  L=0.0387  D=2.425
[b2_qmix_atten] 3:45:33  843,358/1,000,000  62.3/s  upd=18040  L=0.0382  D=2.425
[b2_qmix_atten] 3:45:44  845,200/1,000,000  62.4/s  upd=18080  L=0.0450  D=2.425
[b2_qmix_atten] 3:45:54  846,604/1,000,000  62.5/s  upd=18112  L=0.0385  D=2.425
[b2_qmix_atten] 3:46:04  847,934/1,000,000  62.5/s  upd=18144  L=0.0409  D=2.425
[b2_qmix_atten] 3:46:14  849,039/1,000,000  62.5/s  upd=18168  L=0.0347  D=2.425
[b2_qmix_atten] 3:46:25  850,432/1,000,000  62.6/s  upd=18200  L=0.0401  D=2.425
[b2_qmix_atten] 3:46:35  851,449/1,000,000  62.6/s  upd=18224  L=0.0466  D=2.425
[b2_qmix_atten] 3:46:45  852,388/1,000,000  62.6/s  upd=18248  L=0.0342  D=2.425
[b2_qmix_atten] 3:46:55  853,367/1,000,000  62.7/s  upd=18272  L=0.0259  D=2.425
[b2_qmix_atten] 3:47:37  853,367/1,000,000  62.5/s  upd=18272  L=0.0259  D=2.425
[b2_qmix_atten] 3:47:48  854,675/1,000,000  62.5/s  upd=18304  L=0.0243  D=2.425
[b2_qmix_atten] 3:47:58  854,675/1,000,000  62.5/s  upd=18304  L=0.0243  D=2.425
[b2_qmix_atten] 3:48:10  855,635/1,000,000  62.5/s  upd=18328  L=0.0295  D=2.425
[b2_qmix_atten] 3:48:20  856,630/1,000,000  62.5/s  upd=18352  L=0.0364  D=2.425
[b2_qmix_atten] 3:48:30  857,623/1,000,000  62.6/s  upd=18376  L=0.0298  D=2.425
[b2_qmix_atten] 3:48:43  859,042/1,000,000  62.6/s  upd=18408  L=0.0324  D=2.425
[b2_qmix_atten] 3:49:06  860,164/1,000,000  62.6/s  upd=18432  L=0.0361  ev=0/100  D=2.425
[b2_qmix_atten] 3:49:16  860,164/1,000,000  62.5/s  upd=18432  L=0.0361  ev=32/100  D=2.425
[b2_qmix_atten] 3:49:26  860,164/1,000,000  62.5/s  upd=18432  L=0.0361  ev=76/100  D=2.425
[b2_qmix_atten] 3:49:51  860,164/1,000,000  62.4/s  upd=18432  L=0.0361  D=2.589
[b2_qmix_atten] 3:50:03  861,151/1,000,000  62.4/s  upd=18456  L=0.0312  D=2.589
[b2_qmix_atten] 3:50:15  862,164/1,000,000  62.4/s  upd=18480  L=0.0290  D=2.589
[b2_qmix_atten] 3:50:26  863,274/1,000,000  62.4/s  upd=18504  L=0.0387  D=2.589
[b2_qmix_atten] 3:50:36  864,523/1,000,000  62.5/s  upd=18536  L=0.0306  D=2.589
[b2_qmix_atten] 3:50:46  865,537/1,000,000  62.5/s  upd=18560  L=0.0345  D=2.589
[b2_qmix_atten] 3:50:57  867,074/1,000,000  62.6/s  upd=18592  L=0.0774  D=2.589
[b2_qmix_atten] 3:51:08  868,411/1,000,000  62.6/s  upd=18624  L=0.0504  D=2.589
[b2_qmix_atten] 3:51:19  869,659/1,000,000  62.7/s  upd=18648  L=0.0425  D=2.589
[b2_qmix_atten] 3:51:30  871,160/1,000,000  62.7/s  upd=18680  L=0.0460  D=2.589
[b2_qmix_atten] 3:51:41  872,758/1,000,000  62.8/s  upd=18720  L=0.0348  D=2.589
[b2_qmix_atten] 3:51:51  874,414/1,000,000  62.9/s  upd=18760  L=0.0286  D=2.589
[b2_qmix_atten] 3:52:02  876,021/1,000,000  62.9/s  upd=18800  L=0.0323  D=2.589
[b2_qmix_atten] 3:52:13  877,694/1,000,000  63.0/s  upd=18840  L=0.0293  D=2.589
[b2_qmix_atten] 3:52:24  879,716/1,000,000  63.1/s  upd=18888  L=0.0275  D=2.589
[b2_qmix_atten] 3:52:39  880,023/1,000,000  63.0/s  upd=18896  L=0.0339  ev=0/100  D=2.589
[b2_qmix_atten] 3:52:49  880,023/1,000,000  63.0/s  upd=18896  L=0.0339  ev=24/100  D=2.589
[b2_qmix_atten] 3:52:59  880,023/1,000,000  63.0/s  upd=18896  L=0.0339  ev=46/100  D=2.589
[b2_qmix_atten] 3:53:09  880,023/1,000,000  62.9/s  upd=18896  L=0.0339  ev=72/100  D=2.589
[b2_qmix_atten] 3:53:19  880,023/1,000,000  62.9/s  upd=18896  L=0.0339  ev=84/100  D=2.589
[b2_qmix_atten] 3:53:47  880,023/1,000,000  62.7/s  upd=18896  L=0.0339  D=2.923
[b2_qmix_atten] 3:54:08  880,023/1,000,000  62.6/s  upd=18896  L=0.0339  D=2.923
[b2_qmix_atten] 3:54:18  881,066/1,000,000  62.7/s  upd=18920  L=0.0333  D=2.923
[b2_qmix_atten] 3:54:28  882,086/1,000,000  62.7/s  upd=18944  L=0.0223  D=2.923
[b2_qmix_atten] 3:54:38  882,736/1,000,000  62.7/s  upd=18960  L=0.0412  D=2.923
[b2_qmix_atten] 3:54:48  883,428/1,000,000  62.7/s  upd=18976  L=0.0379  D=2.923
[b2_qmix_atten] 3:54:59  883,768/1,000,000  62.7/s  upd=18984  L=0.0688  D=2.923
[b2_qmix_atten] 3:55:09  884,772/1,000,000  62.7/s  upd=19008  L=0.0405  D=2.923
[b2_qmix_atten] 3:55:19  885,496/1,000,000  62.7/s  upd=19024  L=0.0283  D=2.923
[b2_qmix_atten] 3:55:29  885,864/1,000,000  62.7/s  upd=19032  L=0.0260  D=2.923
[b2_qmix_atten] 3:55:41  886,899/1,000,000  62.7/s  upd=19056  L=0.0268  D=2.923
[b2_qmix_atten] 3:55:52  887,851/1,000,000  62.7/s  upd=19080  L=0.0394  D=2.923
[b2_qmix_atten] 3:56:03  888,834/1,000,000  62.8/s  upd=19104  L=0.0281  D=2.923
[b2_qmix_atten] 3:56:13  889,498/1,000,000  62.8/s  upd=19120  L=0.0258  D=2.923
[b2_qmix_atten] 3:56:24  890,848/1,000,000  62.8/s  upd=19152  L=0.0397  D=2.923
[b2_qmix_atten] 3:56:34  891,536/1,000,000  62.8/s  upd=19168  L=0.0344  D=2.923
[b2_qmix_atten] 3:56:45  892,525/1,000,000  62.8/s  upd=19192  L=0.0307  D=2.923
[b2_qmix_atten] 3:56:57  893,575/1,000,000  62.8/s  upd=19216  L=0.0314  D=2.923
[b2_qmix_atten] 3:57:07  894,614/1,000,000  62.9/s  upd=19240  L=0.0275  D=2.923
[b2_qmix_atten] 3:57:18  895,986/1,000,000  62.9/s  upd=19272  L=0.0290  D=2.923
[b2_qmix_atten] 3:57:28  897,061/1,000,000  63.0/s  upd=19296  L=0.0241  D=2.923
[b2_qmix_atten] 3:57:39  898,505/1,000,000  63.0/s  upd=19328  L=0.0335  D=2.923
[b2_qmix_atten] 3:57:49  899,507/1,000,000  63.0/s  upd=19352  L=0.0243  D=2.923
[b2_qmix_atten] 3:58:07  900,217/1,000,000  63.0/s  upd=19368  L=0.0234  ev=0/100  D=2.923
[b2_qmix_atten] 3:58:17  900,217/1,000,000  63.0/s  upd=19368  L=0.0234  ev=56/100  D=2.923
[b2_qmix_atten] 3:58:27  900,217/1,000,000  62.9/s  upd=19368  L=0.0234  ev=80/100  D=2.923
[b2_qmix_atten] 3:59:19  900,217/1,000,000  62.7/s  upd=19368  L=0.0234  D=2.394
[b2_qmix_atten] 3:59:57  900,217/1,000,000  62.5/s  upd=19368  L=0.0234  D=2.394
[b2_qmix_atten] 4:00:08  900,938/1,000,000  62.5/s  upd=19384  L=0.0644  D=2.394
[b2_qmix_atten] 4:00:19  901,979/1,000,000  62.6/s  upd=19408  L=0.0333  D=2.394
[b2_qmix_atten] 4:00:31  902,595/1,000,000  62.5/s  upd=19424  L=0.0253  D=2.394
[b2_qmix_atten] 4:00:42  903,490/1,000,000  62.6/s  upd=19448  L=0.0219  D=2.394
[b2_qmix_atten] 4:00:54  904,187/1,000,000  62.6/s  upd=19464  L=0.0249  D=2.394
[b2_qmix_atten] 4:01:05  905,189/1,000,000  62.6/s  upd=19488  L=0.0321  D=2.394
[b2_qmix_atten] 4:01:15  906,225/1,000,000  62.6/s  upd=19512  L=0.0417  D=2.394
[b2_qmix_atten] 4:01:25  907,222/1,000,000  62.6/s  upd=19536  L=0.0305  D=2.394
[b2_qmix_atten] 4:01:35  908,196/1,000,000  62.7/s  upd=19560  L=0.0337  D=2.394
[b2_qmix_atten] 4:01:47  909,181/1,000,000  62.7/s  upd=19584  L=0.0306  D=2.394
[b2_qmix_atten] 4:01:57  909,519/1,000,000  62.7/s  upd=19592  L=0.0274  D=2.394
[b2_qmix_atten] 4:02:07  909,919/1,000,000  62.6/s  upd=19600  L=0.0401  D=2.394
[b2_qmix_atten] 4:02:17  910,303/1,000,000  62.6/s  upd=19608  L=0.0448  D=2.394
[b2_qmix_atten] 4:02:29  911,462/1,000,000  62.6/s  upd=19632  L=0.0315  D=2.394
[b2_qmix_atten] 4:02:40  913,002/1,000,000  62.7/s  upd=19672  L=0.0284  D=2.394
[b2_qmix_atten] 4:02:50  914,100/1,000,000  62.7/s  upd=19696  L=0.0537  D=2.394
[b2_qmix_atten] 4:03:00  914,379/1,000,000  62.7/s  upd=19704  L=0.0347  D=2.394
[b2_qmix_atten] 4:03:11  915,431/1,000,000  62.7/s  upd=19728  L=0.0406  D=2.394
[b2_qmix_atten] 4:03:25  915,431/1,000,000  62.7/s  upd=19728  L=0.0406  D=2.394
[b2_qmix_atten] 4:03:35  916,344/1,000,000  62.7/s  upd=19752  L=0.0508  D=2.394
[b2_qmix_atten] 4:03:46  917,706/1,000,000  62.7/s  upd=19784  L=0.0378  D=2.394
[b2_qmix_atten] 4:03:58  918,351/1,000,000  62.7/s  upd=19800  L=0.0458  D=2.394
[b2_qmix_atten] 4:04:09  919,385/1,000,000  62.8/s  upd=19824  L=0.0308  D=2.394
[b2_qmix_atten] 4:04:26  920,038/1,000,000  62.7/s  upd=19840  L=0.0301  ev=0/100  D=2.394
[b2_qmix_atten] 4:04:36  920,038/1,000,000  62.7/s  upd=19840  L=0.0301  ev=47/100  D=2.394
[b2_qmix_atten] 4:04:46  920,038/1,000,000  62.6/s  upd=19840  L=0.0301  ev=88/100  D=2.394
[b2_qmix_atten] 4:05:31  920,038/1,000,000  62.5/s  upd=19840  L=0.0301  D=2.418
[b2_qmix_atten] 4:06:41  920,038/1,000,000  62.2/s  upd=19840  L=0.0301  D=2.418
[b2_qmix_atten] 4:06:51  921,076/1,000,000  62.2/s  upd=19864  L=0.0346  D=2.418
[b2_qmix_atten] 4:07:01  922,013/1,000,000  62.2/s  upd=19888  L=0.0283  D=2.418
[b2_qmix_atten] 4:07:11  923,013/1,000,000  62.2/s  upd=19912  L=0.0293  D=2.418
[b2_qmix_atten] 4:07:23  923,350/1,000,000  62.2/s  upd=19920  L=0.0414  D=2.418
[b2_qmix_atten] 4:07:33  924,313/1,000,000  62.2/s  upd=19944  L=0.0257  D=2.418
[b2_qmix_atten] 4:07:43  925,044/1,000,000  62.2/s  upd=19960  L=0.0284  D=2.418
[b2_qmix_atten] 4:07:53  926,130/1,000,000  62.3/s  upd=19984  L=0.0326  D=2.418
[b2_qmix_atten] 4:08:04  927,417/1,000,000  62.3/s  upd=20016  L=0.0385  D=2.418
[b2_qmix_atten] 4:08:15  928,764/1,000,000  62.4/s  upd=20048  L=0.0496  D=2.418
[b2_qmix_atten] 4:08:25  929,734/1,000,000  62.4/s  upd=20072  L=0.0483  D=2.418
[b2_qmix_atten] 4:08:35  930,730/1,000,000  62.4/s  upd=20096  L=0.0280  D=2.418
[b2_qmix_atten] 4:08:46  931,802/1,000,000  62.4/s  upd=20120  L=0.0252  D=2.418
[b2_qmix_atten] 4:08:56  932,756/1,000,000  62.4/s  upd=20144  L=0.0271  D=2.418
[b2_qmix_atten] 4:09:06  933,054/1,000,000  62.4/s  upd=20152  L=0.0332  D=2.418
[b2_qmix_atten] 4:09:17  934,348/1,000,000  62.5/s  upd=20184  L=0.0273  D=2.418
[b2_qmix_atten] 4:09:28  935,297/1,000,000  62.5/s  upd=20208  L=0.0322  D=2.418
[b2_qmix_atten] 4:09:40  936,566/1,000,000  62.5/s  upd=20240  L=0.0420  D=2.418
[b2_qmix_atten] 4:09:50  937,228/1,000,000  62.5/s  upd=20256  L=0.0239  D=2.418
[b2_qmix_atten] 4:10:00  937,958/1,000,000  62.5/s  upd=20272  L=0.0362  D=2.418
[b2_qmix_atten] 4:10:10  938,968/1,000,000  62.6/s  upd=20296  L=0.0357  D=2.418
[b2_qmix_atten] 4:10:21  939,981/1,000,000  62.6/s  upd=20320  L=0.0362  D=2.418
[b2_qmix_atten] 4:10:37  940,264/1,000,000  62.5/s  upd=20328  L=0.0294  ev=0/100  D=2.418
[b2_qmix_atten] 4:10:47  940,264/1,000,000  62.5/s  upd=20328  L=0.0294  ev=31/100  D=2.418
[b2_qmix_atten] 4:10:57  940,264/1,000,000  62.4/s  upd=20328  L=0.0294  ev=64/100  D=2.418
[b2_qmix_atten] 4:12:03  940,264/1,000,000  62.2/s  upd=20328  L=0.0294  D=2.509
[b2_qmix_atten] 4:13:01  940,264/1,000,000  61.9/s  upd=20328  L=0.0294  D=2.509
[b2_qmix_atten] 4:13:12  940,921/1,000,000  61.9/s  upd=20344  L=0.0292  D=2.509
[b2_qmix_atten] 4:13:23  941,925/1,000,000  62.0/s  upd=20368  L=0.0266  D=2.509
[b2_qmix_atten] 4:13:34  942,993/1,000,000  62.0/s  upd=20392  L=0.0281  D=2.509
[b2_qmix_atten] 4:13:44  944,050/1,000,000  62.0/s  upd=20416  L=0.0357  D=2.509
[b2_qmix_atten] 4:13:55  945,110/1,000,000  62.0/s  upd=20440  L=0.0347  D=2.509
[b2_qmix_atten] 4:14:05  946,090/1,000,000  62.1/s  upd=20464  L=0.0273  D=2.509
[b2_qmix_atten] 4:14:16  947,707/1,000,000  62.1/s  upd=20504  L=0.0464  D=2.509
[b2_qmix_atten] 4:14:26  948,620/1,000,000  62.1/s  upd=20528  L=0.0222  D=2.509
[b2_qmix_atten] 4:14:38  949,935/1,000,000  62.2/s  upd=20560  L=0.0388  D=2.509
[b2_qmix_atten] 4:14:48  950,254/1,000,000  62.2/s  upd=20568  L=0.0368  D=2.509
[b2_qmix_atten] 4:14:58  951,228/1,000,000  62.2/s  upd=20592  L=0.0166  D=2.509
[b2_qmix_atten] 4:15:08  952,224/1,000,000  62.2/s  upd=20616  L=0.0315  D=2.509
[b2_qmix_atten] 4:15:19  953,247/1,000,000  62.2/s  upd=20640  L=0.0351  D=2.509
[b2_qmix_atten] 4:15:29  953,922/1,000,000  62.2/s  upd=20656  L=0.0453  D=2.509
[b2_qmix_atten] 4:15:39  954,245/1,000,000  62.2/s  upd=20664  L=0.0226  D=2.509
[b2_qmix_atten] 4:15:50  954,922/1,000,000  62.2/s  upd=20680  L=0.0227  D=2.509
[b2_qmix_atten] 4:16:00  955,858/1,000,000  62.2/s  upd=20704  L=0.0255  D=2.509
[b2_qmix_atten] 4:16:10  956,482/1,000,000  62.2/s  upd=20720  L=0.0235  D=2.509
[b2_qmix_atten] 4:16:20  957,092/1,000,000  62.2/s  upd=20736  L=0.0319  D=2.509
[b2_qmix_atten] 4:16:30  957,975/1,000,000  62.2/s  upd=20760  L=0.0209  D=2.509
[b2_qmix_atten] 4:16:42  958,960/1,000,000  62.3/s  upd=20784  L=0.0413  D=2.509
[b2_qmix_atten] 4:16:54  959,950/1,000,000  62.3/s  upd=20808  L=0.0364  D=2.509
[b2_qmix_atten] 4:17:12  960,307/1,000,000  62.2/s  upd=20816  L=0.0241  ev=0/100  D=2.509
[b2_qmix_atten] 4:17:22  960,307/1,000,000  62.2/s  upd=20816  L=0.0241  ev=40/100  D=2.509
[b2_qmix_atten] 4:17:32  960,307/1,000,000  62.1/s  upd=20816  L=0.0241  ev=96/100  D=2.509
[b2_qmix_atten] 4:18:11  960,307/1,000,000  62.0/s  upd=20816  L=0.0241  D=2.200
[b2_qmix_atten] 4:18:52  960,307/1,000,000  61.8/s  upd=20816  L=0.0241  D=2.200
[b2_qmix_atten] 4:19:02  961,884/1,000,000  61.9/s  upd=20856  L=0.0294  D=2.200
[b2_qmix_atten] 4:19:13  963,211/1,000,000  61.9/s  upd=20888  L=0.0307  D=2.200
[b2_qmix_atten] 4:19:23  964,438/1,000,000  62.0/s  upd=20920  L=0.0285  D=2.200
[b2_qmix_atten] 4:19:33  965,665/1,000,000  62.0/s  upd=20952  L=0.0277  D=2.200
[b2_qmix_atten] 4:19:43  966,576/1,000,000  62.0/s  upd=20976  L=0.0456  D=2.200
[b2_qmix_atten] 4:19:53  967,500/1,000,000  62.0/s  upd=21000  L=0.0266  D=2.200
[b2_qmix_atten] 4:20:05  968,806/1,000,000  62.1/s  upd=21032  L=0.0444  D=2.200
[b2_qmix_atten] 4:20:15  970,034/1,000,000  62.1/s  upd=21064  L=0.0266  D=2.200
[b2_qmix_atten] 4:20:25  971,749/1,000,000  62.2/s  upd=21104  L=0.0332  D=2.200
[b2_qmix_atten] 4:20:35  972,636/1,000,000  62.2/s  upd=21128  L=0.0226  D=2.200
[b2_qmix_atten] 4:20:45  973,627/1,000,000  62.2/s  upd=21152  L=0.0327  D=2.200
[b2_qmix_atten] 4:20:55  974,598/1,000,000  62.3/s  upd=21176  L=0.0392  D=2.200
[b2_qmix_atten] 4:21:07  975,869/1,000,000  62.3/s  upd=21208  L=0.0247  D=2.200
[b2_qmix_atten] 4:21:17  976,892/1,000,000  62.3/s  upd=21232  L=0.0355  D=2.200
[b2_qmix_atten] 4:21:27  977,883/1,000,000  62.3/s  upd=21256  L=0.0297  D=2.200
[b2_qmix_atten] 4:21:37  979,208/1,000,000  62.4/s  upd=21288  L=0.0434  D=2.200
[b2_qmix_atten] 4:21:57  980,221/1,000,000  62.4/s  upd=21312  L=0.0368  ev=0/100  D=2.200
[b2_qmix_atten] 4:22:07  980,221/1,000,000  62.3/s  upd=21312  L=0.0368  ev=47/100  D=2.200
[b2_qmix_atten] 4:22:17  980,221/1,000,000  62.3/s  upd=21312  L=0.0368  ev=75/100  D=2.200
[b2_qmix_atten] 4:22:47  980,221/1,000,000  62.2/s  upd=21312  L=0.0368  D=3.422
[b2_qmix_atten] 4:22:58  980,866/1,000,000  62.2/s  upd=21328  L=0.0431  D=3.422
[b2_qmix_atten] 4:23:08  981,544/1,000,000  62.2/s  upd=21344  L=0.0196  D=3.422
[b2_qmix_atten] 4:23:18  982,585/1,000,000  62.2/s  upd=21368  L=0.0212  D=3.422
[b2_qmix_atten] 4:23:28  983,559/1,000,000  62.2/s  upd=21392  L=0.0343  D=3.422
[b2_qmix_atten] 4:23:39  984,919/1,000,000  62.3/s  upd=21424  L=0.0254  D=3.422
[b2_qmix_atten] 4:23:50  986,615/1,000,000  62.3/s  upd=21464  L=0.0237  D=3.422
[b2_qmix_atten] 4:24:21  986,615/1,000,000  62.2/s  upd=21464  L=0.0237  D=3.422
[b2_qmix_atten] 4:24:31  988,302/1,000,000  62.3/s  upd=21504  L=0.0300  D=3.422
[b2_qmix_atten] 4:24:44  988,302/1,000,000  62.2/s  upd=21504  L=0.0300  D=3.422
[b2_qmix_atten] 4:24:55  989,889/1,000,000  62.3/s  upd=21544  L=0.0272  D=3.422
[b2_qmix_atten] 4:25:05  991,118/1,000,000  62.3/s  upd=21576  L=0.0227  D=3.422
[b2_qmix_atten] 4:25:16  992,449/1,000,000  62.4/s  upd=21608  L=0.0273  D=3.422
[b2_qmix_atten] 4:25:26  992,742/1,000,000  62.3/s  upd=21616  L=0.0334  D=3.422
[b2_qmix_atten] 4:25:36  994,055/1,000,000  62.4/s  upd=21648  L=0.0439  D=3.422
[b2_qmix_atten] 4:25:46  995,348/1,000,000  62.4/s  upd=21680  L=0.0295  D=3.422
[b2_qmix_atten] 4:25:58  996,623/1,000,000  62.5/s  upd=21712  L=0.0176  D=3.422
[b2_qmix_atten] 4:26:09  997,870/1,000,000  62.5/s  upd=21744  L=0.0249  D=3.422
[b2_qmix_atten] 4:26:19  998,916/1,000,000  62.5/s  upd=21768  L=0.0329  D=3.422
[b2_qmix_atten] 4:26:31  999,907/1,000,000  62.5/s  upd=21792  L=0.0198  D=3.422
[b2_qmix_atten] 4:26:45  1,000,000/1,000,000  62.5/s  upd=21800  L=0.0230  ev=0/100  D=3.422
[b2_qmix_atten] 4:26:55  1,000,000/1,000,000  62.4/s  upd=21800  L=0.0230  ev=48/100  D=3.422
[b2_qmix_atten] 4:27:05  1,000,000/1,000,000  62.4/s  upd=21800  L=0.0230  ev=96/100  D=3.422
[b2_qmix_atten] 4:27:25  1,000,000/1,000,000  62.3/s  upd=21800  L=0.0230  D=2.067
[b2_qmix_atten/2] final_eval 25/6900
[b2_qmix_atten/2] final_eval 50/6900
[b2_qmix_atten/2] final_eval 75/6900
[b2_qmix_atten/2] final_eval 100/6900
[b2_qmix_atten/2] final_eval 125/6900
[b2_qmix_atten/2] final_eval 150/6900
[b2_qmix_atten/2] final_eval 175/6900
[b2_qmix_atten/2] final_eval 200/6900
[b2_qmix_atten/2] final_eval 225/6900
[b2_qmix_atten/2] final_eval 250/6900
[b2_qmix_atten/2] final_eval 275/6900
[b2_qmix_atten/2] final_eval 300/6900
[b2_qmix_atten/2] final_eval 325/6900
[b2_qmix_atten/2] final_eval 350/6900
[b2_qmix_atten/2] final_eval 375/6900
[b2_qmix_atten/2] final_eval 400/6900
[b2_qmix_atten/2] final_eval 425/6900
[b2_qmix_atten/2] final_eval 450/6900
[b2_qmix_atten/2] final_eval 475/6900
[b2_qmix_atten/2] final_eval 500/6900
[b2_qmix_atten/2] final_eval 525/6900
[b2_qmix_atten/2] final_eval 550/6900
[b2_qmix_atten/2] final_eval 575/6900
[b2_qmix_atten/2] final_eval 600/6900
[b2_qmix_atten/2] final_eval 625/6900
[b2_qmix_atten/2] final_eval 650/6900
[b2_qmix_atten/2] final_eval 675/6900
[b2_qmix_atten/2] final_eval 700/6900
[b2_qmix_atten/2] final_eval 725/6900
[b2_qmix_atten/2] final_eval 750/6900
[b2_qmix_atten/2] final_eval 775/6900
[b2_qmix_atten/2] final_eval 800/6900
[b2_qmix_atten/2] final_eval 825/6900
[b2_qmix_atten/2] final_eval 850/6900
[b2_qmix_atten/2] final_eval 875/6900
[b2_qmix_atten/2] final_eval 900/6900
[b2_qmix_atten/2] final_eval 925/6900
[b2_qmix_atten/2] final_eval 950/6900
[b2_qmix_atten/2] final_eval 975/6900
[b2_qmix_atten/2] final_eval 1000/6900
[b2_qmix_atten/2] final_eval 1025/6900
[b2_qmix_atten/2] final_eval 1050/6900
[b2_qmix_atten/2] final_eval 1075/6900
[b2_qmix_atten/2] final_eval 1100/6900
[b2_qmix_atten/2] final_eval 1125/6900
[b2_qmix_atten/2] final_eval 1150/6900
[b2_qmix_atten/2] final_eval 1175/6900
[b2_qmix_atten/2] final_eval 1200/6900
[b2_qmix_atten/2] final_eval 1225/6900
[b2_qmix_atten/2] final_eval 1250/6900
[b2_qmix_atten/2] final_eval 1275/6900
[b2_qmix_atten/2] final_eval 1300/6900
[b2_qmix_atten/2] final_eval 1325/6900
[b2_qmix_atten/2] final_eval 1350/6900
[b2_qmix_atten/2] final_eval 1375/6900
[b2_qmix_atten/2] final_eval 1400/6900
[b2_qmix_atten/2] final_eval 1425/6900
[b2_qmix_atten/2] final_eval 1450/6900
[b2_qmix_atten/2] final_eval 1475/6900
[b2_qmix_atten/2] final_eval 1500/6900
[b2_qmix_atten/2] final_eval 1525/6900
[b2_qmix_atten/2] final_eval 1550/6900
[b2_qmix_atten/2] final_eval 1575/6900
[b2_qmix_atten/2] final_eval 1600/6900
[b2_qmix_atten/2] final_eval 1625/6900
[b2_qmix_atten/2] final_eval 1650/6900
[b2_qmix_atten/2] final_eval 1675/6900
[b2_qmix_atten/2] final_eval 1700/6900
[b2_qmix_atten/2] final_eval 1725/6900
[b2_qmix_atten/2] final_eval 1750/6900
[b2_qmix_atten/2] final_eval 1775/6900
[b2_qmix_atten/2] final_eval 1800/6900
[b2_qmix_atten/2] final_eval 1825/6900
[b2_qmix_atten/2] final_eval 1850/6900
[b2_qmix_atten/2] final_eval 1875/6900
[b2_qmix_atten/2] final_eval 1900/6900
[b2_qmix_atten/2] final_eval 1925/6900
[b2_qmix_atten/2] final_eval 1950/6900
[b2_qmix_atten/2] final_eval 1975/6900
[b2_qmix_atten/2] final_eval 2000/6900
[b2_qmix_atten/2] final_eval 2025/6900
[b2_qmix_atten/2] final_eval 2050/6900
[b2_qmix_atten/2] final_eval 2075/6900
[b2_qmix_atten/2] final_eval 2100/6900
[b2_qmix_atten/2] final_eval 2125/6900
[b2_qmix_atten/2] final_eval 2150/6900
[b2_qmix_atten/2] final_eval 2175/6900
[b2_qmix_atten/2] final_eval 2200/6900
[b2_qmix_atten/2] final_eval 2225/6900
[b2_qmix_atten/2] final_eval 2250/6900
[b2_qmix_atten/2] final_eval 2275/6900
[b2_qmix_atten/2] final_eval 2300/6900
[b2_qmix_atten/2] final_eval 2325/6900
[b2_qmix_atten/2] final_eval 2350/6900
[b2_qmix_atten/2] final_eval 2375/6900
[b2_qmix_atten/2] final_eval 2400/6900
[b2_qmix_atten/2] final_eval 2425/6900
[b2_qmix_atten/2] final_eval 2450/6900
[b2_qmix_atten/2] final_eval 2475/6900
[b2_qmix_atten/2] final_eval 2500/6900
[b2_qmix_atten/2] final_eval 2525/6900
[b2_qmix_atten/2] final_eval 2550/6900
[b2_qmix_atten/2] final_eval 2575/6900
[b2_qmix_atten/2] final_eval 2600/6900
[b2_qmix_atten/2] final_eval 2625/6900
[b2_qmix_atten/2] final_eval 2650/6900
[b2_qmix_atten/2] final_eval 2675/6900
[b2_qmix_atten/2] final_eval 2700/6900
[b2_qmix_atten/2] final_eval 2725/6900
[b2_qmix_atten/2] final_eval 2750/6900
[b2_qmix_atten/2] final_eval 2775/6900
[b2_qmix_atten/2] final_eval 2800/6900
[b2_qmix_atten/2] final_eval 2825/6900
[b2_qmix_atten/2] final_eval 2850/6900
[b2_qmix_atten/2] final_eval 2875/6900
[b2_qmix_atten/2] final_eval 2900/6900
[b2_qmix_atten/2] final_eval 2925/6900
[b2_qmix_atten/2] final_eval 2950/6900
[b2_qmix_atten/2] final_eval 2975/6900
[b2_qmix_atten/2] final_eval 3000/6900
[b2_qmix_atten/2] final_eval 3025/6900
[b2_qmix_atten/2] final_eval 3050/6900
[b2_qmix_atten/2] final_eval 3075/6900
[b2_qmix_atten/2] final_eval 3100/6900
[b2_qmix_atten/2] final_eval 3125/6900
[b2_qmix_atten/2] final_eval 3150/6900
[b2_qmix_atten/2] final_eval 3175/6900
[b2_qmix_atten/2] final_eval 3200/6900
[b2_qmix_atten/2] final_eval 3225/6900
[b2_qmix_atten/2] final_eval 3250/6900
[b2_qmix_atten/2] final_eval 3275/6900
[b2_qmix_atten/2] final_eval 3300/6900
[b2_qmix_atten/2] final_eval 3325/6900
[b2_qmix_atten/2] final_eval 3350/6900
[b2_qmix_atten/2] final_eval 3375/6900
[b2_qmix_atten/2] final_eval 3400/6900
[b2_qmix_atten/2] final_eval 3425/6900
[b2_qmix_atten/2] final_eval 3450/6900
[b2_qmix_atten/2] final_eval 3475/6900
[b2_qmix_atten/2] final_eval 3500/6900
[b2_qmix_atten/2] final_eval 3525/6900
[b2_qmix_atten/2] final_eval 3550/6900
[b2_qmix_atten/2] final_eval 3575/6900
[b2_qmix_atten/2] final_eval 3600/6900
[b2_qmix_atten/2] final_eval 3625/6900
[b2_qmix_atten/2] final_eval 3650/6900
[b2_qmix_atten/2] final_eval 3675/6900
[b2_qmix_atten/2] final_eval 3700/6900
[b2_qmix_atten/2] final_eval 3725/6900
[b2_qmix_atten/2] final_eval 3750/6900
[b2_qmix_atten/2] final_eval 3775/6900
[b2_qmix_atten/2] final_eval 3800/6900
[b2_qmix_atten/2] final_eval 3825/6900
[b2_qmix_atten/2] final_eval 3850/6900
[b2_qmix_atten/2] final_eval 3875/6900
[b2_qmix_atten/2] final_eval 3900/6900
[b2_qmix_atten/2] final_eval 3925/6900
[b2_qmix_atten/2] final_eval 3950/6900
[b2_qmix_atten/2] final_eval 3975/6900
[b2_qmix_atten/2] final_eval 4000/6900
[b2_qmix_atten/2] final_eval 4025/6900
[b2_qmix_atten/2] final_eval 4050/6900
[b2_qmix_atten/2] final_eval 4075/6900
[b2_qmix_atten/2] final_eval 4100/6900
[b2_qmix_atten/2] final_eval 4125/6900
[b2_qmix_atten/2] final_eval 4150/6900
[b2_qmix_atten/2] final_eval 4175/6900
[b2_qmix_atten/2] final_eval 4200/6900
[b2_qmix_atten/2] final_eval 4225/6900
[b2_qmix_atten/2] final_eval 4250/6900
[b2_qmix_atten/2] final_eval 4275/6900
[b2_qmix_atten/2] final_eval 4300/6900
[b2_qmix_atten/2] final_eval 4325/6900
[b2_qmix_atten/2] final_eval 4350/6900
[b2_qmix_atten/2] final_eval 4375/6900
[b2_qmix_atten/2] final_eval 4400/6900
[b2_qmix_atten/2] final_eval 4425/6900
[b2_qmix_atten/2] final_eval 4450/6900
[b2_qmix_atten/2] final_eval 4475/6900
[b2_qmix_atten/2] final_eval 4500/6900
[b2_qmix_atten/2] final_eval 4525/6900
[b2_qmix_atten/2] final_eval 4550/6900
[b2_qmix_atten/2] final_eval 4575/6900
[b2_qmix_atten/2] final_eval 4600/6900
[b2_qmix_atten/2] final_eval 4625/6900
[b2_qmix_atten/2] final_eval 4650/6900
[b2_qmix_atten/2] final_eval 4675/6900
[b2_qmix_atten/2] final_eval 4700/6900
[b2_qmix_atten/2] final_eval 4725/6900
[b2_qmix_atten/2] final_eval 4750/6900
[b2_qmix_atten/2] final_eval 4775/6900
[b2_qmix_atten/2] final_eval 4800/6900
[b2_qmix_atten/2] final_eval 4825/6900
[b2_qmix_atten/2] final_eval 4850/6900
[b2_qmix_atten/2] final_eval 4875/6900
[b2_qmix_atten/2] final_eval 4900/6900
[b2_qmix_atten/2] final_eval 4925/6900
[b2_qmix_atten/2] final_eval 4950/6900
[b2_qmix_atten/2] final_eval 4975/6900
[b2_qmix_atten/2] final_eval 5000/6900
[b2_qmix_atten/2] final_eval 5025/6900
[b2_qmix_atten/2] final_eval 5050/6900
[b2_qmix_atten/2] final_eval 5075/6900
[b2_qmix_atten/2] final_eval 5100/6900
[b2_qmix_atten/2] final_eval 5125/6900
[b2_qmix_atten/2] final_eval 5150/6900
[b2_qmix_atten/2] final_eval 5175/6900
[b2_qmix_atten/2] final_eval 5200/6900
[b2_qmix_atten/2] final_eval 5225/6900
[b2_qmix_atten/2] final_eval 5250/6900
[b2_qmix_atten/2] final_eval 5275/6900
[b2_qmix_atten/2] final_eval 5300/6900
[b2_qmix_atten/2] final_eval 5325/6900
[b2_qmix_atten/2] final_eval 5350/6900
[b2_qmix_atten/2] final_eval 5375/6900
[b2_qmix_atten/2] final_eval 5400/6900
[b2_qmix_atten/2] final_eval 5425/6900
[b2_qmix_atten/2] final_eval 5450/6900
[b2_qmix_atten/2] final_eval 5475/6900
[b2_qmix_atten/2] final_eval 5500/6900
[b2_qmix_atten/2] final_eval 5525/6900
[b2_qmix_atten/2] final_eval 5550/6900
[b2_qmix_atten/2] final_eval 5575/6900
[b2_qmix_atten/2] final_eval 5600/6900
[b2_qmix_atten/2] final_eval 5625/6900
[b2_qmix_atten/2] final_eval 5650/6900
[b2_qmix_atten/2] final_eval 5675/6900
[b2_qmix_atten/2] final_eval 5700/6900
[b2_qmix_atten/2] final_eval 5725/6900
[b2_qmix_atten/2] final_eval 5750/6900
[b2_qmix_atten/2] final_eval 5775/6900
[b2_qmix_atten/2] final_eval 5800/6900
[b2_qmix_atten/2] final_eval 5825/6900
[b2_qmix_atten/2] final_eval 5850/6900
[b2_qmix_atten/2] final_eval 5875/6900
[b2_qmix_atten/2] final_eval 5900/6900
[b2_qmix_atten/2] final_eval 5925/6900
[b2_qmix_atten/2] final_eval 5950/6900
[b2_qmix_atten/2] final_eval 5975/6900
[b2_qmix_atten/2] final_eval 6000/6900
[b2_qmix_atten/2] final_eval 6025/6900
[b2_qmix_atten/2] final_eval 6050/6900
[b2_qmix_atten/2] final_eval 6075/6900
[b2_qmix_atten/2] final_eval 6100/6900
[b2_qmix_atten/2] final_eval 6125/6900
[b2_qmix_atten/2] final_eval 6150/6900
[b2_qmix_atten/2] final_eval 6175/6900
[b2_qmix_atten/2] final_eval 6200/6900
[b2_qmix_atten/2] final_eval 6225/6900
[b2_qmix_atten/2] final_eval 6250/6900
[b2_qmix_atten/2] final_eval 6275/6900
[b2_qmix_atten/2] final_eval 6300/6900
[b2_qmix_atten/2] final_eval 6325/6900
[b2_qmix_atten/2] final_eval 6350/6900
[b2_qmix_atten/2] final_eval 6375/6900
[b2_qmix_atten/2] final_eval 6400/6900
[b2_qmix_atten/2] final_eval 6425/6900
[b2_qmix_atten/2] final_eval 6450/6900
[b2_qmix_atten/2] final_eval 6475/6900
[b2_qmix_atten/2] final_eval 6500/6900
[b2_qmix_atten/2] final_eval 6525/6900
[b2_qmix_atten/2] final_eval 6550/6900
[b2_qmix_atten/2] final_eval 6575/6900
[b2_qmix_atten/2] final_eval 6600/6900
[b2_qmix_atten/2] final_eval 6625/6900
[b2_qmix_atten/2] final_eval 6650/6900
[b2_qmix_atten/2] final_eval 6675/6900
[b2_qmix_atten/2] final_eval 6700/6900
[b2_qmix_atten/2] final_eval 6725/6900
[b2_qmix_atten/2] final_eval 6750/6900
[b2_qmix_atten/2] final_eval 6775/6900
[b2_qmix_atten/2] final_eval 6800/6900
[b2_qmix_atten/2] final_eval 6825/6900
[b2_qmix_atten/2] final_eval 6850/6900
[b2_qmix_atten/2] final_eval 6875/6900
[b2_qmix_atten/2] final_eval 6900/6900
