[alma] no resume checkpoint; start this arm from step 0
[alma] 0:00:10  1,082/1,000,000  106.4/s  upd=0  L=-  D=-
[alma] 0:00:20  1,434/1,000,000  70.9/s  upd=3  L=0.0512  D=-
[alma] 0:00:30  1,434/1,000,000  46.8/s  upd=8  L=0.0480  D=-
[alma] 0:00:41  1,434/1,000,000  34.8/s  upd=8  L=0.0480  D=-
[alma] 0:00:51  1,797/1,000,000  35.1/s  upd=16  L=0.0438  D=-
[alma] 0:01:01  1,797/1,000,000  29.3/s  upd=16  L=0.0438  D=-
[alma] 0:01:11  2,180/1,000,000  30.5/s  upd=24  L=0.0415  D=-
[alma] 0:01:21  2,180/1,000,000  26.8/s  upd=24  L=0.0415  D=-
[alma] 0:01:31  2,543/1,000,000  27.8/s  upd=32  L=0.0533  D=-
[alma] 0:01:42  2,926/1,000,000  28.4/s  upd=35  L=0.0464  D=-
[alma] 0:01:53  2,926/1,000,000  25.9/s  upd=40  L=0.0405  D=-
[alma] 0:02:04  3,307/1,000,000  26.6/s  upd=44  L=0.0451  D=-
[alma] 0:02:14  3,307/1,000,000  24.6/s  upd=48  L=0.0446  D=-
[alma] 0:02:24  3,307/1,000,000  22.9/s  upd=48  L=0.0446  D=-
[alma] 0:02:35  3,818/1,000,000  24.6/s  upd=54  L=0.0360  D=-
[alma] 0:02:45  3,818/1,000,000  23.1/s  upd=56  L=0.0445  D=-
[alma] 0:02:55  4,206/1,000,000  24.0/s  upd=57  L=0.0495  D=-
[alma] 0:03:05  4,206/1,000,000  22.6/s  upd=64  L=0.0502  D=-
[alma] 0:03:16  4,554/1,000,000  23.2/s  upd=66  L=0.0456  D=-
[alma] 0:03:26  4,554/1,000,000  22.1/s  upd=72  L=0.0457  D=-
[alma] 0:03:37  4,933/1,000,000  22.7/s  upd=73  L=0.0427  D=-
[alma] 0:03:47  4,933/1,000,000  21.7/s  upd=80  L=0.0493  D=-
[alma] 0:03:57  5,281/1,000,000  22.2/s  upd=82  L=0.0434  D=-
[alma] 0:04:07  5,281/1,000,000  21.3/s  upd=88  L=0.0545  D=-
[alma] 0:04:18  5,626/1,000,000  21.8/s  upd=91  L=0.0512  D=-
[alma] 0:04:28  5,626/1,000,000  21.0/s  upd=96  L=0.0501  D=-
[alma] 0:04:38  5,626/1,000,000  20.2/s  upd=96  L=0.0501  D=-
[alma] 0:04:48  6,100/1,000,000  21.2/s  upd=102  L=0.0380  D=-
[alma] 0:04:58  6,100/1,000,000  20.5/s  upd=104  L=0.0379  D=-
[alma] 0:06:53  6,437/1,000,000  15.6/s  upd=112  L=0.0535  D=-
[alma] 0:07:03  6,437/1,000,000  15.2/s  upd=112  L=0.0535  D=-
[alma] 0:07:13  6,851/1,000,000  15.8/s  upd=120  L=0.0477  D=-
[alma] 0:07:23  7,212/1,000,000  16.3/s  upd=125  L=0.0462  D=-
[alma] 0:07:34  7,560/1,000,000  16.6/s  upd=132  L=0.0368  D=-
[alma] 0:07:44  7,560/1,000,000  16.3/s  upd=136  L=0.0277  D=-
[alma] 0:07:54  7,560/1,000,000  15.9/s  upd=136  L=0.0277  D=-
[alma] 0:08:05  7,929/1,000,000  16.3/s  upd=140  L=0.0412  D=-
[alma] 0:08:15  7,929/1,000,000  16.0/s  upd=144  L=0.0503  D=-
[alma] 0:08:26  8,304/1,000,000  16.4/s  upd=149  L=0.0245  D=-
[alma] 0:08:37  8,304/1,000,000  16.1/s  upd=152  L=0.0540  D=-
[alma] 0:08:47  8,304/1,000,000  15.7/s  upd=152  L=0.0540  D=-
[alma] 0:08:57  8,675/1,000,000  16.1/s  upd=160  L=0.0435  D=-
[alma] 0:09:07  8,675/1,000,000  15.8/s  upd=160  L=0.0435  D=-
[alma] 0:09:18  9,103/1,000,000  16.3/s  upd=162  L=0.0435  D=-
[alma] 0:09:28  9,103/1,000,000  16.0/s  upd=168  L=0.0377  D=-
[alma] 0:09:38  9,103/1,000,000  15.7/s  upd=168  L=0.0377  D=-
[alma] 0:09:48  9,495/1,000,000  16.1/s  upd=176  L=0.0458  D=-
[alma] 0:09:59  9,495/1,000,000  15.8/s  upd=176  L=0.0458  D=-
[alma] 0:10:10  9,835/1,000,000  16.1/s  upd=181  L=0.0537  D=-
[alma] saved resume t_env=9,835
[alma] 0:10:21  9,835/1,000,000  15.8/s  upd=184  L=0.0442  D=-
[alma] 0:10:31  9,835/1,000,000  15.6/s  upd=184  L=0.0442  D=-
[alma] 0:10:41  10,247/1,000,000  16.0/s  upd=191  L=0.0385  D=-
[alma] 0:10:51  10,247/1,000,000  15.7/s  upd=192  L=0.0472  D=-
[alma] 0:11:02  10,607/1,000,000  16.0/s  upd=199  L=0.0547  D=-
[alma] 0:11:12  10,607/1,000,000  15.8/s  upd=200  L=0.0318  D=-
[alma] 0:11:23  10,961/1,000,000  16.0/s  upd=205  L=0.0503  D=-
[alma] 0:11:33  11,327/1,000,000  16.3/s  upd=209  L=0.0350  D=-
[alma] 0:11:44  11,692/1,000,000  16.6/s  upd=224  L=0.0503  D=-
[alma] 0:11:54  12,033/1,000,000  16.8/s  upd=230  L=0.0517  D=-
[alma] 0:12:49  12,033/1,000,000  15.6/s  upd=232  L=0.0522  D=-
[alma] 0:13:00  12,399/1,000,000  15.9/s  upd=240  L=0.0516  D=-
[alma] 0:13:10  12,399/1,000,000  15.7/s  upd=240  L=0.0516  D=-
[alma] 0:13:20  12,840/1,000,000  16.0/s  upd=248  L=0.0602  D=-
[alma] 0:13:30  13,184/1,000,000  16.3/s  upd=250  L=0.0417  D=-
[alma] 0:13:40  13,184/1,000,000  16.1/s  upd=256  L=0.0410  D=-
[alma] 0:13:51  13,184/1,000,000  15.9/s  upd=256  L=0.0410  D=-
[alma] 0:14:01  13,600/1,000,000  16.2/s  upd=264  L=0.0426  D=-
[alma] 0:14:11  13,600/1,000,000  16.0/s  upd=264  L=0.0426  D=-
[alma] 0:14:23  13,959/1,000,000  16.2/s  upd=271  L=0.0501  D=-
[alma] 0:14:33  13,959/1,000,000  16.0/s  upd=272  L=0.0468  D=-
[alma] 0:14:43  14,301/1,000,000  16.2/s  upd=274  L=0.0540  D=-
[alma] 0:14:54  14,301/1,000,000  16.0/s  upd=280  L=0.0324  D=-
[alma] 0:15:04  14,301/1,000,000  15.8/s  upd=280  L=0.0324  D=-
[alma] 0:15:15  14,707/1,000,000  16.1/s  upd=285  L=0.0434  D=-
[alma] 0:15:25  14,707/1,000,000  15.9/s  upd=288  L=0.0395  D=-
[alma] 0:15:35  14,707/1,000,000  15.7/s  upd=288  L=0.0395  D=-
[alma] 0:15:45  15,161/1,000,000  16.0/s  upd=296  L=0.0481  D=-
[alma] 0:15:55  15,546/1,000,000  16.3/s  upd=301  L=0.0391  D=-
[alma] 0:16:05  15,546/1,000,000  16.1/s  upd=304  L=0.0451  D=-
[alma] 0:16:16  15,929/1,000,000  16.3/s  upd=312  L=0.0482  D=-
[alma] 0:16:26  16,294/1,000,000  16.5/s  upd=317  L=0.0397  D=-
[alma] 0:16:36  16,294/1,000,000  16.3/s  upd=320  L=0.0469  D=-
[alma] 0:16:46  16,662/1,000,000  16.6/s  upd=328  L=0.0449  D=-
[alma] 0:16:56  17,479/1,000,000  17.2/s  upd=344  L=0.0457  D=-
[alma] 0:17:07  19,037/1,000,000  18.5/s  upd=372  L=0.0421  D=-
[alma] 0:17:17  19,037/1,000,000  18.4/s  upd=376  L=0.0496  D=-
[alma] 0:17:27  19,792/1,000,000  18.9/s  upd=387  L=0.0403  D=-
[alma] 0:17:37  20,202/1,000,000  19.1/s  upd=396  L=0.0379  D=-
[alma] saved resume t_env=20,202
[alma] 0:19:02  20,202/1,000,000  17.7/s  upd=400  L=0.0386  D=5.098
[alma] 0:20:14  20,202/1,000,000  16.6/s  upd=400  L=0.0386  D=5.098
[alma] 0:20:24  21,028/1,000,000  17.2/s  upd=410  L=0.0365  D=5.098
[alma] 0:20:34  21,392/1,000,000  17.3/s  upd=424  L=0.0382  D=5.098
[alma] 0:20:44  22,167/1,000,000  17.8/s  upd=437  L=0.0381  D=5.098
[alma] 0:20:54  22,557/1,000,000  18.0/s  upd=448  L=0.0316  D=5.098
[alma] 0:21:04  23,359/1,000,000  18.5/s  upd=460  L=0.0432  D=5.098
[alma] 0:21:14  24,101/1,000,000  18.9/s  upd=475  L=0.0378  D=5.098
[alma] 0:21:25  24,868/1,000,000  19.4/s  upd=493  L=0.0388  D=5.098
[alma] 0:21:35  25,190/1,000,000  19.5/s  upd=504  L=0.0283  D=5.098
[alma] 0:21:45  25,556/1,000,000  19.6/s  upd=512  L=0.0448  D=5.098
[alma] 0:21:55  26,006/1,000,000  19.8/s  upd=515  L=0.0410  D=5.098
[alma] 0:22:05  26,006/1,000,000  19.6/s  upd=520  L=0.0371  D=5.098
[alma] 0:22:15  26,393/1,000,000  19.8/s  upd=528  L=0.0393  D=5.098
[alma] 0:22:25  26,763/1,000,000  19.9/s  upd=536  L=0.0350  D=5.098
[alma] 0:22:35  27,112/1,000,000  20.0/s  upd=544  L=0.0393  D=5.098
[alma] 0:22:45  27,491/1,000,000  20.1/s  upd=552  L=0.0585  D=5.098
[alma] 0:22:55  27,910/1,000,000  20.3/s  upd=557  L=0.0283  D=5.098
[alma] 0:23:05  28,234/1,000,000  20.4/s  upd=567  L=0.0444  D=5.098
[alma] 0:23:16  28,641/1,000,000  20.5/s  upd=572  L=0.0465  D=5.098
[alma] 0:23:26  28,641/1,000,000  20.4/s  upd=576  L=0.0432  D=5.098
[alma] 0:23:36  29,153/1,000,000  20.6/s  upd=584  L=0.0380  D=5.098
[alma] 0:23:46  29,889/1,000,000  21.0/s  upd=597  L=0.0607  D=5.098
[alma] 0:23:56  30,653/1,000,000  21.3/s  upd=609  L=0.0343  D=5.098
[alma] 0:24:06  31,422/1,000,000  21.7/s  upd=626  L=0.0496  D=5.098
[alma] 0:24:16  31,868/1,000,000  21.9/s  upd=640  L=0.0327  D=5.098
[alma] 0:24:26  32,669/1,000,000  22.3/s  upd=656  L=0.0441  D=5.098
[alma] 0:24:36  33,406/1,000,000  22.6/s  upd=672  L=0.0373  D=5.098
[alma] 0:24:46  34,166/1,000,000  23.0/s  upd=688  L=0.0319  D=5.098
[alma] 0:24:56  34,925/1,000,000  23.3/s  upd=704  L=0.0274  D=5.098
[alma] 0:25:06  35,711/1,000,000  23.7/s  upd=720  L=0.0315  D=5.098
[alma] 0:27:04  36,539/1,000,000  22.5/s  upd=736  L=0.0299  D=5.098
[alma] 0:27:15  36,907/1,000,000  22.6/s  upd=743  L=0.0520  D=5.098
[alma] 0:27:25  36,907/1,000,000  22.4/s  upd=744  L=0.0409  D=5.098
[alma] 0:27:35  37,325/1,000,000  22.5/s  upd=752  L=0.0572  D=5.098
[alma] 0:27:45  37,325/1,000,000  22.4/s  upd=752  L=0.0572  D=5.098
[alma] 0:27:55  37,789/1,000,000  22.5/s  upd=759  L=0.0355  D=5.098
[alma] saved resume t_env=37,789
[alma] 0:28:05  37,789/1,000,000  22.4/s  upd=760  L=0.0352  D=5.098
[alma] 0:28:16  38,206/1,000,000  22.5/s  upd=761  L=0.0390  D=5.098
[alma] 0:28:26  38,560/1,000,000  22.6/s  upd=769  L=0.0421  D=5.098
[alma] 0:28:36  38,560/1,000,000  22.5/s  upd=776  L=0.0480  D=5.098
[alma] 0:28:47  38,934/1,000,000  22.5/s  upd=781  L=0.0334  D=5.098
[alma] 0:28:57  38,934/1,000,000  22.4/s  upd=784  L=0.0401  D=5.098
[alma] 0:29:07  38,934/1,000,000  22.3/s  upd=784  L=0.0401  D=5.098
[alma] 0:29:17  39,306/1,000,000  22.4/s  upd=792  L=0.0432  D=5.098
[alma] 0:29:27  39,306/1,000,000  22.2/s  upd=792  L=0.0432  D=5.098
[alma] 0:29:38  39,753/1,000,000  22.3/s  upd=797  L=0.0452  D=5.098
[alma] 0:29:49  39,753/1,000,000  22.2/s  upd=800  L=0.0432  D=5.098
[alma] 0:29:59  39,753/1,000,000  22.1/s  upd=800  L=0.0432  D=5.098
[alma] 0:30:09  40,180/1,000,000  22.2/s  upd=807  L=0.0484  D=5.098
[alma] saved resume t_env=40,180
[alma] 0:31:07  40,180/1,000,000  21.5/s  upd=808  L=0.0327  D=4.804
[alma] 0:31:18  40,180/1,000,000  21.4/s  upd=808  L=0.0327  D=4.804
[alma] 0:31:28  40,585/1,000,000  21.5/s  upd=816  L=0.0297  D=4.804
[alma] 0:31:38  41,410/1,000,000  21.8/s  upd=830  L=0.0341  D=4.804
[alma] 0:31:48  42,243/1,000,000  22.1/s  upd=846  L=0.0420  D=4.804
[alma] 0:31:58  43,008/1,000,000  22.4/s  upd=862  L=0.0415  D=4.804
[alma] 0:33:08  43,414/1,000,000  21.8/s  upd=872  L=0.0351  D=4.804
[alma] 0:33:18  43,816/1,000,000  21.9/s  upd=880  L=0.0297  D=4.804
[alma] 0:33:28  44,152/1,000,000  22.0/s  upd=888  L=0.0365  D=4.804
[alma] 0:33:38  44,491/1,000,000  22.0/s  upd=896  L=0.0462  D=4.804
[alma] 0:33:48  44,865/1,000,000  22.1/s  upd=904  L=0.0316  D=4.804
[alma] 0:33:58  45,578/1,000,000  22.4/s  upd=914  L=0.0352  D=4.804
[alma] 0:34:08  46,005/1,000,000  22.5/s  upd=928  L=0.0428  D=4.804
[alma] 0:34:19  46,419/1,000,000  22.5/s  upd=933  L=0.0392  D=4.804
[alma] 0:34:29  46,419/1,000,000  22.4/s  upd=936  L=0.0350  D=4.804
[alma] 0:34:40  46,834/1,000,000  22.5/s  upd=944  L=0.0424  D=4.804
[alma] 0:34:50  47,176/1,000,000  22.6/s  upd=946  L=0.0415  D=4.804
[alma] 0:35:00  47,176/1,000,000  22.5/s  upd=952  L=0.0266  D=4.804
[alma] 0:35:10  47,594/1,000,000  22.5/s  upd=958  L=0.0275  D=4.804
[alma] 0:35:20  47,594/1,000,000  22.4/s  upd=960  L=0.0331  D=4.804
[alma] 0:35:31  48,020/1,000,000  22.5/s  upd=967  L=0.0535  D=4.804
[alma] 0:35:41  48,353/1,000,000  22.6/s  upd=974  L=0.0282  D=4.804
[alma] 0:35:51  48,715/1,000,000  22.6/s  upd=977  L=0.0352  D=4.804
[alma] 0:36:01  48,715/1,000,000  22.5/s  upd=984  L=0.0474  D=4.804
[alma] 0:36:12  49,067/1,000,000  22.6/s  upd=985  L=0.0434  D=4.804
[alma] 0:36:22  49,067/1,000,000  22.5/s  upd=992  L=0.0409  D=4.804
[alma] 0:36:33  49,067/1,000,000  22.4/s  upd=992  L=0.0409  D=4.804
[alma] 0:36:43  49,462/1,000,000  22.4/s  upd=999  L=0.0228  D=4.804
[alma] 0:36:54  49,462/1,000,000  22.3/s  upd=1000  L=0.0314  D=4.804
[alma] 0:37:04  49,853/1,000,000  22.4/s  upd=1006  L=0.0416  D=4.804
[alma] 0:37:14  49,853/1,000,000  22.3/s  upd=1008  L=0.0426  D=4.804
[alma] 0:37:25  50,210/1,000,000  22.4/s  upd=1010  L=0.0425  D=4.804
[alma] 0:37:35  50,210/1,000,000  22.3/s  upd=1016  L=0.0317  D=4.804
[alma] 0:37:45  50,210/1,000,000  22.2/s  upd=1016  L=0.0317  D=4.804
[alma] 0:37:55  50,628/1,000,000  22.3/s  upd=1024  L=0.0381  D=4.804
[alma] 0:38:05  51,387/1,000,000  22.5/s  upd=1039  L=0.0332  D=4.804
[alma] 0:38:15  51,788/1,000,000  22.6/s  upd=1048  L=0.0325  D=4.804
[alma] 0:38:47  51,788/1,000,000  22.2/s  upd=1048  L=0.0325  D=4.804
[alma] 0:38:58  51,788/1,000,000  22.1/s  upd=1048  L=0.0325  D=4.804
[alma] 0:39:08  52,168/1,000,000  22.2/s  upd=1052  L=0.0518  D=4.804
[alma] 0:39:18  52,168/1,000,000  22.1/s  upd=1056  L=0.0394  D=4.804
[alma] 0:39:29  52,168/1,000,000  22.0/s  upd=1056  L=0.0394  D=4.804
[alma] 0:39:40  52,576/1,000,000  22.1/s  upd=1059  L=0.0243  D=4.804
[alma] 0:39:50  52,576/1,000,000  22.0/s  upd=1064  L=0.0461  D=4.804
[alma] 0:40:01  52,954/1,000,000  22.1/s  upd=1065  L=0.0412  D=4.804
[alma] 0:40:11  52,954/1,000,000  22.0/s  upd=1072  L=0.0425  D=4.804
[alma] saved resume t_env=52,954
[alma] 0:40:21  52,954/1,000,000  21.9/s  upd=1072  L=0.0425  D=4.804
[alma] 0:40:31  53,301/1,000,000  21.9/s  upd=1080  L=0.0351  D=4.804
[alma] 0:40:41  53,301/1,000,000  21.8/s  upd=1080  L=0.0351  D=4.804
[alma] 0:40:52  53,649/1,000,000  21.9/s  upd=1086  L=0.0450  D=4.804
[alma] 0:41:02  53,649/1,000,000  21.8/s  upd=1088  L=0.0461  D=4.804
[alma] 0:41:12  54,042/1,000,000  21.9/s  upd=1091  L=0.0476  D=4.804
[alma] 0:41:22  54,351/1,000,000  21.9/s  upd=1101  L=0.0500  D=4.804
[alma] 0:41:33  54,701/1,000,000  21.9/s  upd=1105  L=0.0362  D=4.804
[alma] 0:41:43  54,701/1,000,000  21.8/s  upd=1112  L=0.0351  D=4.804
[alma] 0:41:54  55,054/1,000,000  21.9/s  upd=1117  L=0.0224  D=4.804
[alma] 0:42:05  55,054/1,000,000  21.8/s  upd=1120  L=0.0336  D=4.804
[alma] 0:42:15  55,054/1,000,000  21.7/s  upd=1120  L=0.0336  D=4.804
[alma] 0:42:25  55,441/1,000,000  21.8/s  upd=1128  L=0.0343  D=4.804
[alma] 0:42:35  55,441/1,000,000  21.7/s  upd=1128  L=0.0343  D=4.804
[alma] 0:42:45  55,803/1,000,000  21.8/s  upd=1130  L=0.0411  D=4.804
[alma] 0:42:55  55,803/1,000,000  21.7/s  upd=1136  L=0.0330  D=4.804
[alma] 0:43:06  56,160/1,000,000  21.7/s  upd=1137  L=0.0447  D=4.804
[alma] 0:43:16  56,160/1,000,000  21.6/s  upd=1142  L=0.0502  D=4.804
[alma] 0:43:27  56,455/1,000,000  21.7/s  upd=1150  L=0.0391  D=4.804
[alma] 0:43:37  56,870/1,000,000  21.7/s  upd=1154  L=0.0454  D=4.804
[alma] 0:43:47  57,264/1,000,000  21.8/s  upd=1168  L=0.0295  D=4.804
[alma] 0:45:00  57,615/1,000,000  21.3/s  upd=1176  L=0.0449  D=4.804
[alma] 0:45:10  57,615/1,000,000  21.3/s  upd=1176  L=0.0449  D=4.804
[alma] 0:45:20  58,022/1,000,000  21.3/s  upd=1182  L=0.0359  D=4.804
[alma] 0:45:30  58,022/1,000,000  21.2/s  upd=1184  L=0.0376  D=4.804
[alma] 0:45:40  58,358/1,000,000  21.3/s  upd=1188  L=0.0553  D=4.804
[alma] 0:45:51  58,358/1,000,000  21.2/s  upd=1192  L=0.0343  D=4.804
[alma] 0:46:03  58,702/1,000,000  21.2/s  upd=1194  L=0.0343  D=4.804
[alma] 0:46:13  58,702/1,000,000  21.2/s  upd=1200  L=0.0450  D=4.804
[alma] 0:46:23  58,702/1,000,000  21.1/s  upd=1200  L=0.0450  D=4.804
[alma] 0:46:34  59,065/1,000,000  21.1/s  upd=1208  L=0.0462  D=4.804
[alma] 0:46:44  59,065/1,000,000  21.1/s  upd=1208  L=0.0462  D=4.804
[alma] 0:46:54  59,470/1,000,000  21.1/s  upd=1209  L=0.0510  D=4.804
[alma] 0:47:05  59,470/1,000,000  21.1/s  upd=1216  L=0.0563  D=4.804
[alma] 0:47:15  59,839/1,000,000  21.1/s  upd=1220  L=0.0511  D=4.804
[alma] 0:47:25  60,243/1,000,000  21.2/s  upd=1227  L=0.0422  D=4.804
[alma] saved resume t_env=60,243
[alma] 0:48:52  60,243/1,000,000  20.5/s  upd=1232  L=0.0341  D=4.829
[alma] 0:49:03  60,243/1,000,000  20.5/s  upd=1232  L=0.0341  D=4.829
[alma] 0:49:13  60,576/1,000,000  20.5/s  upd=1240  L=0.0388  D=4.829
[alma] 0:49:23  60,999/1,000,000  20.6/s  upd=1244  L=0.0302  D=4.829
[alma] 0:49:33  60,999/1,000,000  20.5/s  upd=1248  L=0.0259  D=4.829
[alma] 0:49:44  61,445/1,000,000  20.6/s  upd=1255  L=0.0304  D=4.829
[alma] 0:49:54  61,798/1,000,000  20.6/s  upd=1259  L=0.0470  D=4.829
[alma] 0:50:04  62,122/1,000,000  20.7/s  upd=1272  L=0.0394  D=4.829
[alma] 0:51:46  62,122/1,000,000  20.0/s  upd=1272  L=0.0394  D=4.829
[alma] 0:51:56  63,613/1,000,000  20.4/s  upd=1299  L=0.0480  D=4.829
[alma] 0:52:06  65,177/1,000,000  20.8/s  upd=1330  L=0.0378  D=4.829
[alma] 0:52:16  66,296/1,000,000  21.1/s  upd=1360  L=0.0457  D=4.829
[alma] 0:52:26  67,031/1,000,000  21.3/s  upd=1376  L=0.0376  D=4.829
[alma] 0:52:36  67,756/1,000,000  21.5/s  upd=1392  L=0.0354  D=4.829
[alma] 0:52:46  68,122/1,000,000  21.5/s  upd=1400  L=0.0611  D=4.829
[alma] 0:52:56  68,872/1,000,000  21.7/s  upd=1414  L=0.0394  D=4.829
[alma] 0:53:06  69,616/1,000,000  21.8/s  upd=1429  L=0.0490  D=4.829
[alma] 0:53:16  70,465/1,000,000  22.0/s  upd=1443  L=0.0346  D=4.829
[alma] 0:53:26  70,872/1,000,000  22.1/s  upd=1456  L=0.0345  D=4.829
[alma] 0:53:37  71,235/1,000,000  22.1/s  upd=1464  L=0.0368  D=4.829
[alma] 0:53:47  71,609/1,000,000  22.2/s  upd=1468  L=0.0342  D=4.829
[alma] 0:53:57  71,945/1,000,000  22.2/s  upd=1475  L=0.0458  D=4.829
[alma] 0:54:07  71,945/1,000,000  22.2/s  upd=1480  L=0.0466  D=4.829
[alma] 0:54:17  72,341/1,000,000  22.2/s  upd=1488  L=0.0341  D=4.829
[alma] 0:54:28  72,668/1,000,000  22.2/s  upd=1489  L=0.0508  D=4.829
[alma] 0:54:38  72,668/1,000,000  22.2/s  upd=1496  L=0.0535  D=4.829
[alma] 0:54:49  73,060/1,000,000  22.2/s  upd=1501  L=0.0320  D=4.829
[alma] 0:54:59  73,060/1,000,000  22.1/s  upd=1504  L=0.0523  D=4.829
[alma] 0:55:09  73,489/1,000,000  22.2/s  upd=1512  L=0.0298  D=4.829
[alma] 0:55:19  73,489/1,000,000  22.1/s  upd=1512  L=0.0298  D=4.829
[alma] 0:55:29  73,885/1,000,000  22.2/s  upd=1520  L=0.0408  D=4.829
[alma] 0:55:39  74,326/1,000,000  22.3/s  upd=1523  L=0.0414  D=4.829
[alma] 0:55:49  74,326/1,000,000  22.2/s  upd=1528  L=0.0544  D=4.829
[alma] 0:55:59  75,034/1,000,000  22.3/s  upd=1539  L=0.0480  D=4.829
[alma] 0:56:09  75,419/1,000,000  22.4/s  upd=1547  L=0.0326  D=4.829
[alma] 0:56:20  75,419/1,000,000  22.3/s  upd=1552  L=0.0360  D=4.829
[alma] 0:56:30  75,819/1,000,000  22.4/s  upd=1560  L=0.0534  D=4.829
[alma] 0:56:40  76,160/1,000,000  22.4/s  upd=1568  L=0.0390  D=4.829
[alma] 0:57:32  76,533/1,000,000  22.2/s  upd=1576  L=0.0364  D=4.829
[alma] 0:57:43  76,533/1,000,000  22.1/s  upd=1576  L=0.0364  D=4.829
[alma] 0:57:53  76,899/1,000,000  22.1/s  upd=1580  L=0.0410  D=4.829
[alma] saved resume t_env=76,899
[alma] 0:58:03  76,899/1,000,000  22.1/s  upd=1584  L=0.0347  D=4.829
[alma] 0:58:13  76,899/1,000,000  22.0/s  upd=1584  L=0.0347  D=4.829
[alma] 0:58:23  77,343/1,000,000  22.1/s  upd=1592  L=0.0484  D=4.829
[alma] 0:58:34  77,343/1,000,000  22.0/s  upd=1592  L=0.0484  D=4.829
[alma] 0:58:44  77,702/1,000,000  22.0/s  upd=1600  L=0.0507  D=4.829
[alma] 0:58:54  77,702/1,000,000  22.0/s  upd=1600  L=0.0507  D=4.829
[alma] 0:59:06  78,058/1,000,000  22.0/s  upd=1603  L=0.0354  D=4.829
[alma] 0:59:16  78,058/1,000,000  21.9/s  upd=1608  L=0.0397  D=4.829
[alma] 0:59:26  78,058/1,000,000  21.9/s  upd=1608  L=0.0397  D=4.829
[alma] 0:59:36  78,444/1,000,000  21.9/s  upd=1616  L=0.0409  D=4.829
[alma] 0:59:46  78,811/1,000,000  22.0/s  upd=1620  L=0.0471  D=4.829
[alma] 0:59:56  79,183/1,000,000  22.0/s  upd=1628  L=0.0400  D=4.829
[alma] 1:00:07  79,542/1,000,000  22.0/s  upd=1633  L=0.0436  D=4.829
[alma] 1:00:17  79,542/1,000,000  22.0/s  upd=1640  L=0.0304  D=4.829
[alma] 1:00:27  79,870/1,000,000  22.0/s  upd=1645  L=0.0378  D=4.829
[alma] 1:00:38  79,870/1,000,000  22.0/s  upd=1648  L=0.0714  D=4.829
[alma] 1:00:48  80,237/1,000,000  22.0/s  upd=1654  L=0.0512  D=4.829
[alma] saved resume t_env=80,237
[alma] 1:02:21  80,237/1,000,000  21.4/s  upd=1656  L=0.0299  D=4.761
[alma] 1:02:32  80,940/1,000,000  21.6/s  upd=1670  L=0.0370  D=4.761
[alma] 1:04:01  80,940/1,000,000  21.1/s  upd=1672  L=0.0476  D=4.761
[alma] 1:04:11  80,940/1,000,000  21.0/s  upd=1672  L=0.0476  D=4.761
[alma] 1:04:21  80,940/1,000,000  21.0/s  upd=1672  L=0.0476  D=4.761
[alma] 1:04:31  81,336/1,000,000  21.0/s  upd=1680  L=0.0383  D=4.761
[alma] 1:04:42  81,336/1,000,000  21.0/s  upd=1680  L=0.0383  D=4.761
[alma] 1:04:52  81,702/1,000,000  21.0/s  upd=1684  L=0.0369  D=4.761
[alma] 1:05:02  81,702/1,000,000  20.9/s  upd=1688  L=0.0523  D=4.761
[alma] 1:05:13  82,039/1,000,000  21.0/s  upd=1691  L=0.0366  D=4.761
[alma] 1:05:24  82,039/1,000,000  20.9/s  upd=1696  L=0.0476  D=4.761
[alma] 1:05:34  82,450/1,000,000  21.0/s  upd=1697  L=0.0305  D=4.761
[alma] 1:05:44  82,450/1,000,000  20.9/s  upd=1704  L=0.0346  D=4.761
[alma] 1:05:55  82,824/1,000,000  20.9/s  upd=1711  L=0.0413  D=4.761
[alma] 1:06:05  83,167/1,000,000  21.0/s  upd=1716  L=0.0371  D=4.761
[alma] 1:06:15  83,167/1,000,000  20.9/s  upd=1720  L=0.0531  D=4.761
[alma] 1:06:25  83,167/1,000,000  20.9/s  upd=1720  L=0.0531  D=4.761
[alma] 1:06:36  83,524/1,000,000  20.9/s  upd=1726  L=0.0538  D=4.761
[alma] 1:06:46  83,524/1,000,000  20.8/s  upd=1728  L=0.0390  D=4.761
[alma] 1:06:56  83,871/1,000,000  20.9/s  upd=1735  L=0.0464  D=4.761
[alma] 1:07:06  83,871/1,000,000  20.8/s  upd=1736  L=0.0376  D=4.761
[alma] 1:07:16  84,220/1,000,000  20.9/s  upd=1744  L=0.0458  D=4.761
[alma] 1:07:27  84,220/1,000,000  20.8/s  upd=1744  L=0.0458  D=4.761
[alma] 1:07:37  84,603/1,000,000  20.9/s  upd=1748  L=0.0507  D=4.761
[alma] 1:07:47  84,603/1,000,000  20.8/s  upd=1752  L=0.0396  D=4.761
[alma] 1:07:58  84,974/1,000,000  20.8/s  upd=1758  L=0.0428  D=4.761
[alma] 1:08:08  84,974/1,000,000  20.8/s  upd=1760  L=0.0472  D=4.761
[alma] 1:08:18  85,365/1,000,000  20.8/s  upd=1768  L=0.0401  D=4.761
[alma] 1:08:29  85,365/1,000,000  20.8/s  upd=1768  L=0.0401  D=4.761
[alma] 1:08:39  86,129/1,000,000  20.9/s  upd=1780  L=0.0377  D=4.761
[alma] 1:08:49  87,674/1,000,000  21.2/s  upd=1812  L=0.0355  D=4.761
[alma] 1:08:59  89,197/1,000,000  21.5/s  upd=1842  L=0.0467  D=4.761
[alma] 1:10:56  89,197/1,000,000  21.0/s  upd=1848  L=0.0413  D=4.761
[alma] 1:11:07  89,197/1,000,000  20.9/s  upd=1848  L=0.0413  D=4.761
[alma] saved resume t_env=89,574
[alma] 1:11:17  89,574/1,000,000  20.9/s  upd=1856  L=0.0480  D=4.761
[alma] 1:11:27  90,009/1,000,000  21.0/s  upd=1864  L=0.0433  D=4.761
[alma] 1:11:38  90,381/1,000,000  21.0/s  upd=1865  L=0.0475  D=4.761
[alma] 1:11:48  90,715/1,000,000  21.1/s  upd=1873  L=0.0358  D=4.761
[alma] 1:11:58  90,715/1,000,000  21.0/s  upd=1880  L=0.0377  D=4.761
[alma] 1:12:08  91,084/1,000,000  21.0/s  upd=1888  L=0.0493  D=4.761
[alma] 1:12:18  91,451/1,000,000  21.1/s  upd=1894  L=0.0476  D=4.761
[alma] 1:12:28  91,451/1,000,000  21.0/s  upd=1896  L=0.0346  D=4.761
[alma] 1:12:38  91,864/1,000,000  21.1/s  upd=1899  L=0.0369  D=4.761
[alma] 1:12:48  91,864/1,000,000  21.0/s  upd=1904  L=0.0386  D=4.761
[alma] 1:12:58  92,197/1,000,000  21.1/s  upd=1912  L=0.0324  D=4.761
[alma] 1:13:09  92,197/1,000,000  21.0/s  upd=1912  L=0.0324  D=4.761
[alma] 1:13:20  92,572/1,000,000  21.0/s  upd=1917  L=0.0305  D=4.761
[alma] 1:13:30  92,572/1,000,000  21.0/s  upd=1920  L=0.0483  D=4.761
[alma] 1:13:40  92,572/1,000,000  20.9/s  upd=1920  L=0.0483  D=4.761
[alma] 1:13:50  92,997/1,000,000  21.0/s  upd=1926  L=0.0326  D=4.761
[alma] 1:14:01  92,997/1,000,000  20.9/s  upd=1928  L=0.0308  D=4.761
[alma] 1:14:11  92,997/1,000,000  20.9/s  upd=1928  L=0.0308  D=4.761
[alma] 1:14:21  93,416/1,000,000  20.9/s  upd=1936  L=0.0350  D=4.761
[alma] 1:14:32  93,882/1,000,000  21.0/s  upd=1941  L=0.0454  D=4.761
[alma] 1:14:42  94,241/1,000,000  21.0/s  upd=1947  L=0.0344  D=4.761
[alma] 1:14:52  94,616/1,000,000  21.1/s  upd=1953  L=0.0393  D=4.761
[alma] 1:15:02  94,616/1,000,000  21.0/s  upd=1960  L=0.0337  D=4.761
[alma] 1:15:13  95,065/1,000,000  21.1/s  upd=1968  L=0.0420  D=4.761
[alma] 1:15:23  95,488/1,000,000  21.1/s  upd=1973  L=0.0652  D=4.761
[alma] 1:15:34  95,893/1,000,000  21.1/s  upd=1979  L=0.0393  D=4.761
[alma] 1:15:44  95,893/1,000,000  21.1/s  upd=1984  L=0.0538  D=4.761
[alma] 1:15:54  95,893/1,000,000  21.1/s  upd=1984  L=0.0538  D=4.761
[alma] 1:16:04  96,358/1,000,000  21.1/s  upd=1986  L=0.0435  D=4.761
[alma] 1:16:34  96,358/1,000,000  21.0/s  upd=1992  L=0.0489  D=4.761
[alma] 1:16:44  96,358/1,000,000  20.9/s  upd=1992  L=0.0489  D=4.761
[alma] 1:16:54  96,751/1,000,000  21.0/s  upd=1994  L=0.0292  D=4.761
[alma] 1:17:06  97,078/1,000,000  21.0/s  upd=2001  L=0.0382  D=4.761
[alma] 1:17:16  97,078/1,000,000  20.9/s  upd=2008  L=0.0465  D=4.761
[alma] 1:17:27  97,461/1,000,000  21.0/s  upd=2010  L=0.0331  D=4.761
[alma] 1:17:37  97,461/1,000,000  20.9/s  upd=2016  L=0.0291  D=4.761
[alma] 1:17:48  97,762/1,000,000  20.9/s  upd=2024  L=0.0465  D=4.761
[alma] 1:17:58  97,762/1,000,000  20.9/s  upd=2024  L=0.0465  D=4.761
[alma] 1:18:08  98,120/1,000,000  20.9/s  upd=2032  L=0.0465  D=4.761
[alma] 1:18:18  98,973/1,000,000  21.1/s  upd=2048  L=0.0423  D=4.761
[alma] 1:18:28  99,725/1,000,000  21.2/s  upd=2059  L=0.0699  D=4.761
[alma] saved resume t_env=100,082
[alma] 1:19:54  100,082/1,000,000  20.9/s  upd=2072  L=0.0401  D=4.950
[alma] 1:20:05  100,603/1,000,000  20.9/s  upd=2076  L=0.0433  D=4.950
[alma] 1:20:16  101,045/1,000,000  21.0/s  upd=2083  L=0.0373  D=4.950
[alma] 1:20:27  101,361/1,000,000  21.0/s  upd=2090  L=0.0369  D=4.950
[alma] 1:20:37  101,361/1,000,000  21.0/s  upd=2096  L=0.0515  D=4.950
[alma] 1:20:47  101,361/1,000,000  20.9/s  upd=2096  L=0.0515  D=4.950
[alma] 1:20:58  102,121/1,000,000  21.0/s  upd=2105  L=0.0344  D=4.950
[alma] 1:21:08  102,463/1,000,000  21.0/s  upd=2116  L=0.0430  D=4.950
[alma] 1:21:19  102,826/1,000,000  21.1/s  upd=2123  L=0.0301  D=4.950
[alma] 1:21:29  103,189/1,000,000  21.1/s  upd=2129  L=0.0360  D=4.950
[alma] 1:21:39  103,189/1,000,000  21.1/s  upd=2136  L=0.0420  D=4.950
[alma] 1:22:24  103,613/1,000,000  21.0/s  upd=2144  L=0.0326  D=4.950
[alma] 1:22:34  103,940/1,000,000  21.0/s  upd=2149  L=0.0557  D=4.950
[alma] 1:22:44  104,311/1,000,000  21.0/s  upd=2153  L=0.0395  D=4.950
[alma] 1:22:54  104,311/1,000,000  21.0/s  upd=2160  L=0.0538  D=4.950
[alma] 1:23:05  104,311/1,000,000  20.9/s  upd=2160  L=0.0538  D=4.950
[alma] 1:23:15  104,744/1,000,000  21.0/s  upd=2168  L=0.0267  D=4.950
[alma] 1:23:25  104,744/1,000,000  20.9/s  upd=2168  L=0.0267  D=4.950
[alma] 1:23:36  104,744/1,000,000  20.9/s  upd=2168  L=0.0267  D=4.950
[alma] 1:23:47  105,112/1,000,000  20.9/s  upd=2176  L=0.0347  D=4.950
[alma] 1:23:57  105,549/1,000,000  21.0/s  upd=2182  L=0.0470  D=4.950
[alma] 1:24:07  105,549/1,000,000  20.9/s  upd=2184  L=0.0406  D=4.950
[alma] 1:24:17  105,988/1,000,000  21.0/s  upd=2192  L=0.0390  D=4.950
[alma] 1:24:27  106,333/1,000,000  21.0/s  upd=2196  L=0.0336  D=4.950
[alma] 1:24:38  106,707/1,000,000  21.0/s  upd=2201  L=0.0382  D=4.950
[alma] 1:24:48  106,707/1,000,000  21.0/s  upd=2208  L=0.0528  D=4.950
[alma] 1:24:58  107,058/1,000,000  21.0/s  upd=2216  L=0.0430  D=4.950
[alma] 1:25:09  107,544/1,000,000  21.0/s  upd=2218  L=0.0435  D=4.950
[alma] 1:25:19  107,544/1,000,000  21.0/s  upd=2224  L=0.0532  D=4.950
[alma] 1:25:29  107,893/1,000,000  21.0/s  upd=2225  L=0.0331  D=4.950
[alma] 1:25:40  108,231/1,000,000  21.1/s  upd=2234  L=0.0342  D=4.950
[alma] 1:25:50  108,231/1,000,000  21.0/s  upd=2240  L=0.0388  D=4.950
[alma] 1:26:00  108,924/1,000,000  21.1/s  upd=2249  L=0.0334  D=4.950
[alma] 1:26:10  108,924/1,000,000  21.1/s  upd=2256  L=0.0399  D=4.950
[alma] 1:26:20  109,368/1,000,000  21.1/s  upd=2264  L=0.0372  D=4.950
[alma] 1:26:30  110,124/1,000,000  21.2/s  upd=2276  L=0.0339  D=4.950
[alma] 1:26:40  110,124/1,000,000  21.2/s  upd=2280  L=0.0523  D=4.950
[alma] 1:26:50  110,523/1,000,000  21.2/s  upd=2288  L=0.0531  D=4.950
[alma] 1:27:01  110,879/1,000,000  21.2/s  upd=2291  L=0.0340  D=4.950
[alma] 1:27:11  111,198/1,000,000  21.3/s  upd=2304  L=0.0255  D=4.950
[alma] 1:27:21  111,941/1,000,000  21.4/s  upd=2320  L=0.0420  D=4.950
[alma] 1:28:19  112,325/1,000,000  21.2/s  upd=2328  L=0.0379  D=4.950
[alma] 1:28:29  112,697/1,000,000  21.2/s  upd=2333  L=0.0490  D=4.950
[alma] 1:28:39  113,056/1,000,000  21.3/s  upd=2337  L=0.0403  D=4.950
[alma] saved resume t_env=113,056
[alma] 1:28:49  113,056/1,000,000  21.2/s  upd=2344  L=0.0349  D=4.950
[alma] 1:29:00  113,056/1,000,000  21.2/s  upd=2344  L=0.0349  D=4.950
[alma] 1:29:10  113,469/1,000,000  21.2/s  upd=2348  L=0.0501  D=4.950
[alma] 1:29:20  113,469/1,000,000  21.2/s  upd=2352  L=0.0419  D=4.950
[alma] 1:29:30  113,469/1,000,000  21.1/s  upd=2352  L=0.0419  D=4.950
[alma] 1:29:40  113,851/1,000,000  21.2/s  upd=2360  L=0.0368  D=4.950
[alma] 1:29:51  113,851/1,000,000  21.1/s  upd=2360  L=0.0368  D=4.950
[alma] 1:30:01  114,298/1,000,000  21.2/s  upd=2368  L=0.0424  D=4.950
[alma] 1:30:11  114,671/1,000,000  21.2/s  upd=2371  L=0.0355  D=4.950
[alma] 1:30:21  114,671/1,000,000  21.2/s  upd=2376  L=0.0420  D=4.950
[alma] 1:30:31  114,998/1,000,000  21.2/s  upd=2383  L=0.0318  D=4.950
[alma] 1:30:41  114,998/1,000,000  21.1/s  upd=2384  L=0.0443  D=4.950
[alma] 1:30:52  114,998/1,000,000  21.1/s  upd=2384  L=0.0443  D=4.950
[alma] 1:31:02  115,381/1,000,000  21.1/s  upd=2391  L=0.0457  D=4.950
[alma] 1:31:13  115,381/1,000,000  21.1/s  upd=2392  L=0.0330  D=4.950
[alma] 1:31:23  115,381/1,000,000  21.0/s  upd=2392  L=0.0330  D=4.950
[alma] 1:31:33  115,802/1,000,000  21.1/s  upd=2394  L=0.0425  D=4.950
[alma] 1:31:43  115,802/1,000,000  21.0/s  upd=2400  L=0.0331  D=4.950
[alma] 1:31:54  116,149/1,000,000  21.1/s  upd=2407  L=0.0497  D=4.950
[alma] 1:32:04  116,149/1,000,000  21.0/s  upd=2408  L=0.0390  D=4.950
[alma] 1:32:14  116,571/1,000,000  21.1/s  upd=2413  L=0.0275  D=4.950
[alma] 1:32:24  116,571/1,000,000  21.0/s  upd=2416  L=0.0364  D=4.950
[alma] 1:32:34  116,922/1,000,000  21.0/s  upd=2417  L=0.0305  D=4.950
[alma] 1:32:44  116,922/1,000,000  21.0/s  upd=2424  L=0.0403  D=4.950
[alma] 1:32:55  117,320/1,000,000  21.0/s  upd=2432  L=0.0393  D=4.950
[alma] 1:33:05  117,659/1,000,000  21.1/s  upd=2440  L=0.0302  D=4.950
[alma] 1:33:15  118,000/1,000,000  21.1/s  upd=2443  L=0.0290  D=4.950
[alma] 1:34:01  118,000/1,000,000  20.9/s  upd=2448  L=0.0316  D=4.950
[alma] 1:34:11  118,000/1,000,000  20.9/s  upd=2448  L=0.0316  D=4.950
[alma] 1:34:22  118,480/1,000,000  20.9/s  upd=2456  L=0.0271  D=4.950
[alma] 1:34:32  118,480/1,000,000  20.9/s  upd=2456  L=0.0271  D=4.950
[alma] 1:34:42  118,859/1,000,000  20.9/s  upd=2463  L=0.0438  D=4.950
[alma] 1:34:52  118,859/1,000,000  20.9/s  upd=2464  L=0.0459  D=4.950
[alma] 1:35:02  118,859/1,000,000  20.8/s  upd=2464  L=0.0459  D=4.950
[alma] 1:35:12  119,239/1,000,000  20.9/s  upd=2472  L=0.0348  D=4.950
[alma] 1:35:23  119,239/1,000,000  20.8/s  upd=2472  L=0.0348  D=4.950
[alma] 1:35:33  119,683/1,000,000  20.9/s  upd=2476  L=0.0357  D=4.950
[alma] 1:35:43  119,683/1,000,000  20.8/s  upd=2480  L=0.0313  D=4.950
[alma] 1:35:54  120,049/1,000,000  20.9/s  upd=2483  L=0.0414  D=4.950
[alma] saved resume t_env=120,049
[alma] 1:38:03  120,049/1,000,000  20.4/s  upd=2488  L=0.0348  D=5.046
[alma] 1:38:13  120,049/1,000,000  20.4/s  upd=2488  L=0.0348  D=5.046
[alma] 1:38:23  120,433/1,000,000  20.4/s  upd=2496  L=0.0386  D=5.046
[alma] 1:38:34  121,118/1,000,000  20.5/s  upd=2505  L=0.0473  D=5.046
[alma] 1:38:44  121,425/1,000,000  20.5/s  upd=2516  L=0.0340  D=5.046
[alma] 1:38:54  121,834/1,000,000  20.5/s  upd=2521  L=0.0409  D=5.046
[alma] 1:39:04  121,834/1,000,000  20.5/s  upd=2528  L=0.0459  D=5.046
[alma] 1:40:31  122,252/1,000,000  20.3/s  upd=2536  L=0.0420  D=5.046
[alma] 1:40:41  122,252/1,000,000  20.2/s  upd=2536  L=0.0420  D=5.046
[alma] 1:40:51  122,665/1,000,000  20.3/s  upd=2544  L=0.0487  D=5.046
[alma] 1:41:01  122,665/1,000,000  20.2/s  upd=2544  L=0.0487  D=5.046
[alma] 1:41:12  123,040/1,000,000  20.3/s  upd=2552  L=0.0304  D=5.046
[alma] 1:41:23  123,423/1,000,000  20.3/s  upd=2553  L=0.0454  D=5.046
[alma] 1:41:35  123,423/1,000,000  20.2/s  upd=2558  L=0.0454  D=5.046
[alma] 1:41:45  123,423/1,000,000  20.2/s  upd=2560  L=0.0390  D=5.046
[alma] 1:41:55  123,871/1,000,000  20.3/s  upd=2568  L=0.0465  D=5.046
[alma] 1:42:06  123,871/1,000,000  20.2/s  upd=2568  L=0.0465  D=5.046
[alma] 1:42:16  124,213/1,000,000  20.2/s  upd=2576  L=0.0395  D=5.046
[alma] 1:42:27  124,213/1,000,000  20.2/s  upd=2576  L=0.0395  D=5.046
[alma] 1:42:37  124,584/1,000,000  20.2/s  upd=2584  L=0.0286  D=5.046
[alma] 1:42:47  125,299/1,000,000  20.3/s  upd=2596  L=0.0324  D=5.046
[alma] 1:42:57  125,629/1,000,000  20.3/s  upd=2608  L=0.0522  D=5.046
[alma] 1:43:07  126,028/1,000,000  20.4/s  upd=2614  L=0.0291  D=5.046
[alma] 1:43:17  126,346/1,000,000  20.4/s  upd=2622  L=0.0420  D=5.046
[alma] 1:43:27  126,346/1,000,000  20.4/s  upd=2624  L=0.0481  D=5.046
[alma] 1:43:38  126,346/1,000,000  20.3/s  upd=2624  L=0.0481  D=5.046
[alma] 1:43:48  126,802/1,000,000  20.4/s  upd=2632  L=0.0423  D=5.046
[alma] 1:43:58  127,224/1,000,000  20.4/s  upd=2640  L=0.0358  D=5.046
[alma] 1:44:08  127,611/1,000,000  20.4/s  upd=2648  L=0.0418  D=5.046
[alma] 1:44:19  128,369/1,000,000  20.5/s  upd=2659  L=0.0405  D=5.046
[alma] 1:44:29  128,732/1,000,000  20.5/s  upd=2670  L=0.0340  D=5.046
[alma] 1:44:39  130,723/1,000,000  20.8/s  upd=2706  L=0.0287  D=5.046
[alma] 1:44:49  132,223/1,000,000  21.0/s  upd=2741  L=0.0297  D=5.046
[alma] 1:44:59  132,944/1,000,000  21.1/s  upd=2760  L=0.0337  D=5.046
[alma] 1:45:09  133,758/1,000,000  21.2/s  upd=2776  L=0.0396  D=5.046
[alma] 1:45:19  134,449/1,000,000  21.3/s  upd=2792  L=0.0380  D=5.046
[alma] 1:45:29  135,562/1,000,000  21.4/s  upd=2809  L=0.0266  D=5.046
[alma] 1:47:25  135,562/1,000,000  21.0/s  upd=2816  L=0.0454  D=5.046
[alma] saved resume t_env=135,974
[alma] 1:47:35  136,358/1,000,000  21.1/s  upd=2832  L=0.0298  D=5.046
[alma] 1:47:45  137,053/1,000,000  21.2/s  upd=2848  L=0.0515  D=5.046
[alma] 1:47:55  137,443/1,000,000  21.2/s  upd=2856  L=0.0324  D=5.046
[alma] 1:48:05  137,873/1,000,000  21.3/s  upd=2864  L=0.0359  D=5.046
[alma] 1:48:15  138,582/1,000,000  21.3/s  upd=2877  L=0.0299  D=5.046
[alma] 1:48:26  138,926/1,000,000  21.4/s  upd=2882  L=0.0366  D=5.046
[alma] 1:48:36  138,926/1,000,000  21.3/s  upd=2888  L=0.0527  D=5.046
[alma] 1:48:47  139,268/1,000,000  21.3/s  upd=2896  L=0.0355  D=5.046
[alma] 1:48:57  139,268/1,000,000  21.3/s  upd=2896  L=0.0355  D=5.046
[alma] 1:49:07  139,658/1,000,000  21.3/s  upd=2904  L=0.0415  D=5.046
[alma] 1:49:17  140,015/1,000,000  21.4/s  upd=2905  L=0.0258  D=5.046
[alma] 1:49:27  140,015/1,000,000  21.3/s  upd=2911  L=0.0421  D=5.046
[alma] saved resume t_env=140,015
[alma] 1:50:46  140,015/1,000,000  21.1/s  upd=2912  L=0.0305  D=4.831
[alma] 1:50:56  140,015/1,000,000  21.0/s  upd=2912  L=0.0305  D=4.831
[alma] 1:51:08  140,422/1,000,000  21.1/s  upd=2914  L=0.0348  D=4.831
[alma] 1:51:18  140,422/1,000,000  21.0/s  upd=2920  L=0.0478  D=4.831
[alma] 1:51:28  140,746/1,000,000  21.0/s  upd=2921  L=0.0437  D=4.831
[alma] 1:51:38  140,746/1,000,000  21.0/s  upd=2928  L=0.0351  D=4.831
[alma] 1:51:48  140,746/1,000,000  21.0/s  upd=2928  L=0.0351  D=4.831
[alma] 1:51:58  141,120/1,000,000  21.0/s  upd=2932  L=0.0363  D=4.831
[alma] 1:52:09  141,120/1,000,000  21.0/s  upd=2936  L=0.0426  D=4.831
[alma] 1:52:19  141,477/1,000,000  21.0/s  upd=2942  L=0.0376  D=4.831
[alma] 1:52:29  141,477/1,000,000  21.0/s  upd=2944  L=0.0418  D=4.831
[alma] 1:52:39  141,867/1,000,000  21.0/s  upd=2950  L=0.0373  D=4.831
[alma] 1:53:07  141,867/1,000,000  20.9/s  upd=2952  L=0.0420  D=4.831
[alma] 1:53:17  141,867/1,000,000  20.9/s  upd=2952  L=0.0420  D=4.831
[alma] 1:53:27  142,604/1,000,000  20.9/s  upd=2968  L=0.0255  D=4.831
[alma] 1:53:37  142,952/1,000,000  21.0/s  upd=2976  L=0.0503  D=4.831
[alma] 1:53:48  143,684/1,000,000  21.0/s  upd=2986  L=0.0387  D=4.831
[alma] 1:53:58  144,044/1,000,000  21.1/s  upd=2994  L=0.0378  D=4.831
[alma] 1:54:08  144,044/1,000,000  21.0/s  upd=3000  L=0.0421  D=4.831
[alma] 1:54:19  144,044/1,000,000  21.0/s  upd=3000  L=0.0421  D=4.831
[alma] 1:54:29  144,423/1,000,000  21.0/s  upd=3008  L=0.0495  D=4.831
[alma] 1:54:39  144,769/1,000,000  21.0/s  upd=3014  L=0.0544  D=4.831
[alma] 1:54:50  145,135/1,000,000  21.1/s  upd=3021  L=0.0483  D=4.831
[alma] 1:55:00  145,135/1,000,000  21.0/s  upd=3024  L=0.0387  D=4.831
[alma] 1:55:10  145,515/1,000,000  21.1/s  upd=3032  L=0.0325  D=4.831
[alma] 1:55:20  145,872/1,000,000  21.1/s  upd=3039  L=0.0309  D=4.831
[alma] 1:55:30  145,872/1,000,000  21.0/s  upd=3040  L=0.0395  D=4.831
[alma] 1:55:41  146,259/1,000,000  21.1/s  upd=3048  L=0.0366  D=4.831
[alma] 1:55:51  146,259/1,000,000  21.0/s  upd=3048  L=0.0366  D=4.831
[alma] 1:56:01  146,673/1,000,000  21.1/s  upd=3052  L=0.0469  D=4.831
[alma] 1:56:11  146,673/1,000,000  21.0/s  upd=3056  L=0.0410  D=4.831
[alma] 1:56:21  146,673/1,000,000  21.0/s  upd=3056  L=0.0410  D=4.831
[alma] 1:56:32  147,040/1,000,000  21.0/s  upd=3064  L=0.0393  D=4.831
[alma] 1:56:42  147,040/1,000,000  21.0/s  upd=3064  L=0.0393  D=4.831
[alma] 1:56:52  147,040/1,000,000  21.0/s  upd=3064  L=0.0393  D=4.831
[alma] 1:57:02  147,444/1,000,000  21.0/s  upd=3072  L=0.0334  D=4.831
[alma] 1:57:13  147,444/1,000,000  21.0/s  upd=3072  L=0.0334  D=4.831
[alma] 1:57:23  147,802/1,000,000  21.0/s  upd=3080  L=0.0308  D=4.831
[alma] 1:57:33  147,802/1,000,000  21.0/s  upd=3080  L=0.0308  D=4.831
[alma] 1:57:43  148,186/1,000,000  21.0/s  upd=3084  L=0.0367  D=4.831
[alma] 1:57:54  148,186/1,000,000  20.9/s  upd=3088  L=0.0464  D=4.831
[alma] 1:58:04  148,569/1,000,000  21.0/s  upd=3091  L=0.0456  D=4.831
[alma] 1:59:00  148,569/1,000,000  20.8/s  upd=3096  L=0.0542  D=4.831
[alma] 1:59:10  148,569/1,000,000  20.8/s  upd=3096  L=0.0542  D=4.831
[alma] 1:59:20  149,403/1,000,000  20.9/s  upd=3109  L=0.0354  D=4.831
[alma] 1:59:31  150,594/1,000,000  21.0/s  upd=3136  L=0.0508  D=4.831
[alma] saved resume t_env=150,968
[alma] 1:59:41  151,286/1,000,000  21.1/s  upd=3146  L=0.0291  D=4.831
[alma] 1:59:51  151,599/1,000,000  21.1/s  upd=3160  L=0.0456  D=4.831
[alma] 2:00:01  151,939/1,000,000  21.1/s  upd=3168  L=0.0251  D=4.831
[alma] 2:00:11  152,281/1,000,000  21.1/s  upd=3173  L=0.0385  D=4.831
[alma] 2:00:21  152,281/1,000,000  21.1/s  upd=3176  L=0.0459  D=4.831
[alma] 2:00:32  152,684/1,000,000  21.1/s  upd=3183  L=0.0411  D=4.831
[alma] 2:00:42  152,684/1,000,000  21.1/s  upd=3184  L=0.0439  D=4.831
[alma] 2:00:52  153,398/1,000,000  21.2/s  upd=3195  L=0.0387  D=4.831
[alma] 2:01:02  153,844/1,000,000  21.2/s  upd=3201  L=0.0424  D=4.831
[alma] 2:01:13  154,167/1,000,000  21.2/s  upd=3213  L=0.0439  D=4.831
[alma] 2:01:23  154,546/1,000,000  21.2/s  upd=3224  L=0.0447  D=4.831
[alma] 2:01:33  154,874/1,000,000  21.2/s  upd=3232  L=0.0336  D=4.831
[alma] 2:01:43  155,253/1,000,000  21.3/s  upd=3240  L=0.0421  D=4.831
[alma] 2:01:53  155,604/1,000,000  21.3/s  upd=3248  L=0.0430  D=4.831
[alma] 2:02:03  156,347/1,000,000  21.3/s  upd=3261  L=0.0480  D=4.831
[alma] 2:02:13  156,719/1,000,000  21.4/s  upd=3271  L=0.0328  D=4.831
[alma] 2:02:23  157,128/1,000,000  21.4/s  upd=3277  L=0.0458  D=4.831
[alma] 2:02:34  157,128/1,000,000  21.4/s  upd=3280  L=0.0399  D=4.831
[alma] 2:02:44  157,592/1,000,000  21.4/s  upd=3287  L=0.0344  D=4.831
[alma] 2:02:54  157,592/1,000,000  21.4/s  upd=3288  L=0.0373  D=4.831
[alma] 2:03:04  157,909/1,000,000  21.4/s  upd=3296  L=0.0265  D=4.831
[alma] 2:03:14  158,289/1,000,000  21.4/s  upd=3304  L=0.0447  D=4.831
[alma] 2:03:24  158,622/1,000,000  21.4/s  upd=3310  L=0.0373  D=4.831
[alma] 2:03:34  158,952/1,000,000  21.4/s  upd=3314  L=0.0348  D=4.831
[alma] 2:03:45  158,952/1,000,000  21.4/s  upd=3320  L=0.0454  D=4.831
[alma] 2:03:55  159,386/1,000,000  21.4/s  upd=3322  L=0.0330  D=4.831
[alma] 2:05:41  159,386/1,000,000  21.1/s  upd=3328  L=0.0375  D=4.831
[alma] saved resume t_env=160,166
[alma] 2:07:23  160,166/1,000,000  21.0/s  upd=3344  L=0.0346  D=4.875
[alma] 2:07:33  160,166/1,000,000  20.9/s  upd=3344  L=0.0346  D=4.875
[alma] 2:07:43  160,600/1,000,000  21.0/s  upd=3352  L=0.0623  D=4.875
[alma] 2:07:53  161,051/1,000,000  21.0/s  upd=3356  L=0.0482  D=4.875
[alma] 2:08:03  161,382/1,000,000  21.0/s  upd=3363  L=0.0414  D=4.875
[alma] 2:08:14  161,382/1,000,000  21.0/s  upd=3368  L=0.0413  D=4.875
[alma] 2:08:24  161,804/1,000,000  21.0/s  upd=3375  L=0.0460  D=4.875
[alma] 2:08:34  161,804/1,000,000  21.0/s  upd=3376  L=0.0489  D=4.875
[alma] 2:08:45  162,161/1,000,000  21.0/s  upd=3383  L=0.0280  D=4.875
[alma] 2:08:55  162,161/1,000,000  21.0/s  upd=3384  L=0.0328  D=4.875
[alma] 2:09:06  162,517/1,000,000  21.0/s  upd=3389  L=0.0330  D=4.875
[alma] 2:09:16  162,517/1,000,000  21.0/s  upd=3392  L=0.0294  D=4.875
[alma] 2:09:26  162,872/1,000,000  21.0/s  upd=3397  L=0.0371  D=4.875
[alma] 2:09:36  162,872/1,000,000  20.9/s  upd=3400  L=0.0557  D=4.875
[alma] 2:09:46  162,872/1,000,000  20.9/s  upd=3400  L=0.0557  D=4.875
[alma] 2:09:56  163,243/1,000,000  20.9/s  upd=3408  L=0.0322  D=4.875
[alma] 2:10:07  163,243/1,000,000  20.9/s  upd=3408  L=0.0322  D=4.875
[alma] 2:10:17  163,599/1,000,000  20.9/s  upd=3409  L=0.0432  D=4.875
[alma] 2:10:27  163,599/1,000,000  20.9/s  upd=3416  L=0.0384  D=4.875
[alma] 2:10:37  163,954/1,000,000  20.9/s  upd=3420  L=0.0369  D=4.875
[alma] 2:11:50  163,954/1,000,000  20.7/s  upd=3424  L=0.0354  D=4.875
[alma] 2:12:00  164,679/1,000,000  20.8/s  upd=3439  L=0.0425  D=4.875
[alma] 2:12:10  165,447/1,000,000  20.9/s  upd=3456  L=0.0488  D=4.875
[alma] 2:12:21  166,167/1,000,000  20.9/s  upd=3468  L=0.0535  D=4.875
[alma] 2:12:31  166,494/1,000,000  20.9/s  upd=3476  L=0.0546  D=4.875
[alma] 2:12:42  166,816/1,000,000  21.0/s  upd=3486  L=0.0352  D=4.875
[alma] 2:12:52  167,156/1,000,000  21.0/s  upd=3491  L=0.0452  D=4.875
[alma] 2:13:02  167,156/1,000,000  20.9/s  upd=3496  L=0.0392  D=4.875
[alma] 2:13:12  167,156/1,000,000  20.9/s  upd=3496  L=0.0392  D=4.875
[alma] 2:13:22  167,543/1,000,000  20.9/s  upd=3501  L=0.0345  D=4.875
[alma] 2:13:33  167,543/1,000,000  20.9/s  upd=3504  L=0.0483  D=4.875
[alma] 2:13:43  167,881/1,000,000  20.9/s  upd=3512  L=0.0355  D=4.875
[alma] 2:13:53  168,279/1,000,000  20.9/s  upd=3518  L=0.0439  D=4.875
[alma] 2:14:03  168,279/1,000,000  20.9/s  upd=3520  L=0.0459  D=4.875
[alma] 2:14:14  168,712/1,000,000  20.9/s  upd=3522  L=0.0320  D=4.875
[alma] 2:14:24  168,712/1,000,000  20.9/s  upd=3528  L=0.0347  D=4.875
[alma] 2:14:34  169,108/1,000,000  20.9/s  upd=3535  L=0.0470  D=4.875
[alma] 2:14:44  169,408/1,000,000  21.0/s  upd=3544  L=0.0456  D=4.875
[alma] 2:14:54  169,408/1,000,000  20.9/s  upd=3544  L=0.0456  D=4.875
[alma] 2:15:05  169,877/1,000,000  21.0/s  upd=3552  L=0.0322  D=4.875
[alma] 2:15:15  170,596/1,000,000  21.0/s  upd=3561  L=0.0388  D=4.875
[alma] 2:15:25  170,930/1,000,000  21.0/s  upd=3576  L=0.0353  D=4.875
[alma] 2:15:35  171,327/1,000,000  21.1/s  upd=3584  L=0.0506  D=4.875
[alma] 2:15:45  172,119/1,000,000  21.1/s  upd=3594  L=0.0352  D=4.875
[alma] 2:15:55  172,475/1,000,000  21.1/s  upd=3608  L=0.0545  D=4.875
[alma] saved resume t_env=172,846
[alma] 2:16:05  173,278/1,000,000  21.2/s  upd=3622  L=0.0376  D=4.875
[alma] 2:16:16  174,030/1,000,000  21.3/s  upd=3636  L=0.0546  D=4.875
[alma] 2:16:26  174,764/1,000,000  21.3/s  upd=3653  L=0.0458  D=4.875
[alma] 2:16:36  175,576/1,000,000  21.4/s  upd=3669  L=0.0365  D=4.875
[alma] 2:16:46  176,404/1,000,000  21.5/s  upd=3687  L=0.0491  D=4.875
[alma] 2:19:49  176,781/1,000,000  21.1/s  upd=3696  L=0.0409  D=4.875
[alma] 2:19:59  178,588/1,000,000  21.3/s  upd=3736  L=0.0306  D=4.875
[alma] saved resume t_env=180,157
[alma] 2:22:50  180,157/1,000,000  21.0/s  upd=3768  L=0.0290  D=4.740
[alma] 2:23:00  180,157/1,000,000  21.0/s  upd=3768  L=0.0290  D=4.740
[alma] 2:23:10  180,541/1,000,000  21.0/s  upd=3776  L=0.0370  D=4.740
[alma] 2:23:20  180,969/1,000,000  21.0/s  upd=3784  L=0.0503  D=4.740
[alma] 2:23:30  181,277/1,000,000  21.1/s  upd=3787  L=0.0706  D=4.740
[alma] 2:23:41  181,689/1,000,000  21.1/s  upd=3793  L=0.0357  D=4.740
[alma] 2:23:51  181,689/1,000,000  21.1/s  upd=3800  L=0.0399  D=4.740
[alma] 2:24:01  182,048/1,000,000  21.1/s  upd=3808  L=0.0308  D=4.740
[alma] 2:24:12  182,048/1,000,000  21.0/s  upd=3808  L=0.0308  D=4.740
[alma] 2:24:23  182,419/1,000,000  21.1/s  upd=3816  L=0.0433  D=4.740
[alma] 2:24:33  182,829/1,000,000  21.1/s  upd=3821  L=0.0251  D=4.740
[alma] 2:24:43  182,829/1,000,000  21.1/s  upd=3824  L=0.0388  D=4.740
[alma] 2:26:14  183,223/1,000,000  20.9/s  upd=3832  L=0.0249  D=4.740
[alma] 2:26:24  184,280/1,000,000  21.0/s  upd=3849  L=0.0398  D=4.740
[alma] 2:26:35  185,081/1,000,000  21.0/s  upd=3867  L=0.0265  D=4.740
[alma] 2:26:45  186,927/1,000,000  21.2/s  upd=3909  L=0.0624  D=4.740
[alma] 2:26:55  188,868/1,000,000  21.4/s  upd=3950  L=0.0374  D=4.740
[alma] 2:27:05  190,706/1,000,000  21.6/s  upd=3991  L=0.0449  D=4.740
[alma] 2:27:15  191,489/1,000,000  21.7/s  upd=4008  L=0.0300  D=4.740
[alma] 2:27:25  192,285/1,000,000  21.7/s  upd=4024  L=0.0431  D=4.740
[alma] 2:27:36  193,177/1,000,000  21.8/s  upd=4040  L=0.0332  D=4.740
[alma] 2:27:46  193,177/1,000,000  21.8/s  upd=4040  L=0.0332  D=4.740
[alma] 2:27:56  193,584/1,000,000  21.8/s  upd=4041  L=0.0297  D=4.740
[alma] 2:28:06  193,584/1,000,000  21.8/s  upd=4048  L=0.0378  D=4.740
[alma] 2:28:17  194,035/1,000,000  21.8/s  upd=4055  L=0.0344  D=4.740
[alma] 2:28:27  194,362/1,000,000  21.8/s  upd=4061  L=0.0420  D=4.740
[alma] 2:28:37  194,362/1,000,000  21.8/s  upd=4064  L=0.0404  D=4.740
[alma] 2:28:47  194,362/1,000,000  21.8/s  upd=4064  L=0.0404  D=4.740
[alma] 2:28:58  194,750/1,000,000  21.8/s  upd=4071  L=0.0288  D=4.740
[alma] 2:29:08  194,750/1,000,000  21.8/s  upd=4072  L=0.0392  D=4.740
[alma] 2:29:18  195,108/1,000,000  21.8/s  upd=4077  L=0.0424  D=4.740
[alma] 2:29:29  195,108/1,000,000  21.8/s  upd=4080  L=0.0399  D=4.740
[alma] 2:29:39  195,108/1,000,000  21.7/s  upd=4080  L=0.0399  D=4.740
[alma] 2:29:49  195,464/1,000,000  21.7/s  upd=4088  L=0.0317  D=4.740
[alma] 2:30:00  195,813/1,000,000  21.8/s  upd=4090  L=0.0360  D=4.740
[alma] 2:30:10  195,813/1,000,000  21.7/s  upd=4094  L=0.0317  D=4.740
[alma] saved resume t_env=195,813
[alma] 2:30:20  195,813/1,000,000  21.7/s  upd=4096  L=0.0384  D=4.740
[alma] 2:30:30  195,813/1,000,000  21.7/s  upd=4096  L=0.0384  D=4.740
[alma] 2:30:40  196,225/1,000,000  21.7/s  upd=4099  L=0.0357  D=4.740
[alma] 2:30:50  196,225/1,000,000  21.7/s  upd=4104  L=0.0439  D=4.740
[alma] 2:31:00  196,577/1,000,000  21.7/s  upd=4106  L=0.0310  D=4.740
[alma] 2:31:11  196,577/1,000,000  21.7/s  upd=4112  L=0.0373  D=4.740
[alma] 2:31:21  196,577/1,000,000  21.6/s  upd=4112  L=0.0373  D=4.740
[alma] 2:31:32  196,976/1,000,000  21.7/s  upd=4119  L=0.0495  D=4.740
[alma] 2:32:26  196,976/1,000,000  21.5/s  upd=4120  L=0.0429  D=4.740
[alma] 2:32:36  196,976/1,000,000  21.5/s  upd=4120  L=0.0429  D=4.740
[alma] 2:32:46  197,722/1,000,000  21.6/s  upd=4136  L=0.0545  D=4.740
[alma] 2:32:56  198,459/1,000,000  21.6/s  upd=4149  L=0.0321  D=4.740
[alma] 2:33:06  198,867/1,000,000  21.6/s  upd=4153  L=0.0355  D=4.740
[alma] 2:33:16  199,233/1,000,000  21.7/s  upd=4163  L=0.0522  D=4.740
[alma] 2:33:26  199,233/1,000,000  21.6/s  upd=4168  L=0.0433  D=4.740
[alma] 2:33:37  199,233/1,000,000  21.6/s  upd=4168  L=0.0433  D=4.740
[alma] 2:33:47  199,613/1,000,000  21.6/s  upd=4176  L=0.0412  D=4.740
[alma] 2:33:57  199,982/1,000,000  21.6/s  upd=4181  L=0.0402  D=4.740
[alma] 2:34:07  200,340/1,000,000  21.7/s  upd=4187  L=0.0388  D=4.740
[alma] saved resume t_env=200,340
[alma] 2:35:47  200,340/1,000,000  21.4/s  upd=4192  L=0.0322  D=4.903
[alma] 2:35:57  200,340/1,000,000  21.4/s  upd=4192  L=0.0322  D=4.903
[alma] 2:36:07  200,732/1,000,000  21.4/s  upd=4200  L=0.0351  D=4.903
[alma] 2:36:17  201,105/1,000,000  21.4/s  upd=4203  L=0.0428  D=4.903
[alma] 2:36:28  201,105/1,000,000  21.4/s  upd=4208  L=0.0264  D=4.903
[alma] 2:36:38  201,461/1,000,000  21.4/s  upd=4216  L=0.0340  D=4.903
[alma] 2:36:48  201,461/1,000,000  21.4/s  upd=4216  L=0.0340  D=4.903
[alma] 2:36:58  201,835/1,000,000  21.4/s  upd=4224  L=0.0351  D=4.903
[alma] 2:37:09  202,176/1,000,000  21.4/s  upd=4227  L=0.0456  D=4.903
[alma] 2:37:19  202,176/1,000,000  21.4/s  upd=4232  L=0.0349  D=4.903
[alma] 2:37:29  202,596/1,000,000  21.4/s  upd=4240  L=0.0485  D=4.903
[alma] 2:38:46  202,596/1,000,000  21.3/s  upd=4240  L=0.0485  D=4.903
[alma] 2:38:56  203,381/1,000,000  21.3/s  upd=4256  L=0.0394  D=4.903
[alma] 2:39:06  204,247/1,000,000  21.4/s  upd=4272  L=0.0309  D=4.903
[alma] 2:39:16  205,328/1,000,000  21.5/s  upd=4296  L=0.0315  D=4.903
[alma] 2:39:26  206,215/1,000,000  21.6/s  upd=4312  L=0.0381  D=4.903
[alma] 2:39:37  207,003/1,000,000  21.6/s  upd=4327  L=0.0433  D=4.903
[alma] 2:39:47  207,330/1,000,000  21.6/s  upd=4336  L=0.0352  D=4.903
[alma] 2:39:58  207,667/1,000,000  21.6/s  upd=4339  L=0.0306  D=4.903
[alma] 2:40:08  208,031/1,000,000  21.6/s  upd=4347  L=0.0391  D=4.903
[alma] 2:40:19  208,031/1,000,000  21.6/s  upd=4352  L=0.0449  D=4.903
[alma] 2:40:30  208,031/1,000,000  21.6/s  upd=4352  L=0.0449  D=4.903
[alma] 2:40:40  208,480/1,000,000  21.6/s  upd=4356  L=0.0407  D=4.903
[alma] 2:40:51  208,480/1,000,000  21.6/s  upd=4360  L=0.0309  D=4.903
[alma] 2:41:02  208,825/1,000,000  21.6/s  upd=4364  L=0.0257  D=4.903
[alma] 2:41:12  208,825/1,000,000  21.6/s  upd=4368  L=0.0339  D=4.903
[alma] 2:41:23  209,195/1,000,000  21.6/s  upd=4372  L=0.0400  D=4.903
[alma] 2:41:33  209,525/1,000,000  21.6/s  upd=4378  L=0.0266  D=4.903
[alma] 2:41:43  209,525/1,000,000  21.6/s  upd=4384  L=0.0545  D=4.903
[alma] 2:41:54  209,843/1,000,000  21.6/s  upd=4391  L=0.0384  D=4.903
[alma] 2:42:05  209,843/1,000,000  21.6/s  upd=4392  L=0.0405  D=4.903
[alma] 2:42:15  210,255/1,000,000  21.6/s  upd=4400  L=0.0354  D=4.903
[alma] 2:42:25  210,255/1,000,000  21.6/s  upd=4400  L=0.0354  D=4.903
[alma] 2:42:35  210,616/1,000,000  21.6/s  upd=4408  L=0.0523  D=4.903
[alma] 2:42:45  210,972/1,000,000  21.6/s  upd=4416  L=0.0486  D=4.903
[alma] 2:42:55  210,972/1,000,000  21.6/s  upd=4416  L=0.0486  D=4.903
[alma] 2:43:06  211,333/1,000,000  21.6/s  upd=4424  L=0.0445  D=4.903
[alma] 2:43:16  211,694/1,000,000  21.6/s  upd=4427  L=0.0486  D=4.903
[alma] 2:43:26  211,694/1,000,000  21.6/s  upd=4432  L=0.0381  D=4.903
[alma] 2:43:37  212,043/1,000,000  21.6/s  upd=4439  L=0.0439  D=4.903
[alma] 2:43:47  212,403/1,000,000  21.6/s  upd=4442  L=0.0381  D=4.903
[alma] 2:45:00  212,403/1,000,000  21.5/s  upd=4448  L=0.0374  D=4.903
[alma] saved resume t_env=212,816
[alma] 2:45:10  213,214/1,000,000  21.5/s  upd=4464  L=0.0272  D=4.903
[alma] 2:45:20  214,621/1,000,000  21.6/s  upd=4496  L=0.0346  D=4.903
[alma] 2:45:30  215,729/1,000,000  21.7/s  upd=4520  L=0.0347  D=4.903
[alma] 2:45:40  216,486/1,000,000  21.8/s  upd=4532  L=0.0331  D=4.903
[alma] 2:45:50  217,284/1,000,000  21.8/s  upd=4549  L=0.0525  D=4.903
[alma] 2:46:00  217,621/1,000,000  21.8/s  upd=4560  L=0.0285  D=4.903
[alma] 2:46:11  218,004/1,000,000  21.9/s  upd=4568  L=0.0318  D=4.903
[alma] 2:46:21  218,454/1,000,000  21.9/s  upd=4575  L=0.0324  D=4.903
[alma] 2:46:31  218,859/1,000,000  21.9/s  upd=4582  L=0.0257  D=4.903
[alma] 2:46:42  219,204/1,000,000  21.9/s  upd=4591  L=0.0343  D=4.903
[alma] 2:46:52  219,582/1,000,000  21.9/s  upd=4599  L=0.0476  D=4.903
[alma] 2:47:02  220,041/1,000,000  22.0/s  upd=4601  L=0.0335  D=4.903
[alma] saved resume t_env=220,041
[alma] 2:49:18  220,041/1,000,000  21.7/s  upd=4608  L=0.0622  D=4.722
[alma] 2:49:29  220,414/1,000,000  21.7/s  upd=4609  L=0.0317  D=4.722
[alma] 2:49:39  220,414/1,000,000  21.7/s  upd=4616  L=0.0501  D=4.722
[alma] 2:49:49  220,414/1,000,000  21.6/s  upd=4616  L=0.0501  D=4.722
[alma] 2:50:00  220,824/1,000,000  21.6/s  upd=4618  L=0.0513  D=4.722
[alma] 2:51:30  220,824/1,000,000  21.5/s  upd=4624  L=0.0455  D=4.722
[alma] 2:51:41  221,693/1,000,000  21.5/s  upd=4634  L=0.0438  D=4.722
[alma] 2:51:51  222,042/1,000,000  21.5/s  upd=4648  L=0.0466  D=4.722
[alma] 2:52:01  222,750/1,000,000  21.6/s  upd=4661  L=0.0262  D=4.722
[alma] 2:52:11  223,120/1,000,000  21.6/s  upd=4672  L=0.0511  D=4.722
[alma] 2:52:21  223,913/1,000,000  21.7/s  upd=4681  L=0.0402  D=4.722
[alma] 2:52:32  224,246/1,000,000  21.7/s  upd=4696  L=0.0359  D=4.722
[alma] 2:52:42  224,915/1,000,000  21.7/s  upd=4712  L=0.0374  D=4.722
[alma] 2:52:52  225,676/1,000,000  21.8/s  upd=4724  L=0.0578  D=4.722
[alma] 2:53:02  225,676/1,000,000  21.7/s  upd=4728  L=0.0504  D=4.722
[alma] 2:53:12  225,988/1,000,000  21.7/s  upd=4736  L=0.0466  D=4.722
[alma] 2:53:22  226,325/1,000,000  21.8/s  upd=4744  L=0.0390  D=4.722
[alma] 2:53:32  226,325/1,000,000  21.7/s  upd=4744  L=0.0390  D=4.722
[alma] 2:53:42  226,660/1,000,000  21.7/s  upd=4752  L=0.0419  D=4.722
[alma] 2:53:53  227,079/1,000,000  21.8/s  upd=4758  L=0.0530  D=4.722
[alma] 2:54:03  227,474/1,000,000  21.8/s  upd=4764  L=0.0381  D=4.722
[alma] 2:54:13  227,474/1,000,000  21.8/s  upd=4768  L=0.0332  D=4.722
[alma] 2:54:23  227,827/1,000,000  21.8/s  upd=4776  L=0.0475  D=4.722
[alma] 2:54:33  227,827/1,000,000  21.8/s  upd=4776  L=0.0475  D=4.722
[alma] 2:54:43  228,177/1,000,000  21.8/s  upd=4784  L=0.0467  D=4.722
[alma] 2:54:54  228,481/1,000,000  21.8/s  upd=4792  L=0.0338  D=4.722
[alma] 2:55:04  228,481/1,000,000  21.8/s  upd=4792  L=0.0338  D=4.722
[alma] 2:55:14  228,890/1,000,000  21.8/s  upd=4797  L=0.0464  D=4.722
[alma] 2:55:25  229,242/1,000,000  21.8/s  upd=4805  L=0.0422  D=4.722
[alma] 2:55:35  229,242/1,000,000  21.8/s  upd=4808  L=0.0454  D=4.722
[alma] 2:55:45  229,639/1,000,000  21.8/s  upd=4814  L=0.0542  D=4.722
[alma] 2:55:56  229,639/1,000,000  21.8/s  upd=4816  L=0.0332  D=4.722
[alma] 2:56:06  230,057/1,000,000  21.8/s  upd=4824  L=0.0398  D=4.722
[alma] 2:56:16  230,057/1,000,000  21.8/s  upd=4824  L=0.0398  D=4.722
[alma] 2:56:26  230,483/1,000,000  21.8/s  upd=4832  L=0.0430  D=4.722
[alma] 2:56:36  230,862/1,000,000  21.8/s  upd=4839  L=0.0737  D=4.722
[alma] 2:57:28  230,862/1,000,000  21.7/s  upd=4840  L=0.0629  D=4.722
[alma] 2:57:39  230,862/1,000,000  21.7/s  upd=4840  L=0.0629  D=4.722
[alma] 2:57:49  231,263/1,000,000  21.7/s  upd=4844  L=0.0356  D=4.722
[alma] saved resume t_env=231,263
[alma] 2:58:00  231,263/1,000,000  21.7/s  upd=4848  L=0.0316  D=4.722
[alma] 2:58:11  231,734/1,000,000  21.7/s  upd=4851  L=0.0416  D=4.722
[alma] 2:58:21  231,734/1,000,000  21.7/s  upd=4856  L=0.0392  D=4.722
[alma] 2:58:31  232,143/1,000,000  21.7/s  upd=4864  L=0.0409  D=4.722
[alma] 2:58:42  232,143/1,000,000  21.7/s  upd=4864  L=0.0409  D=4.722
[alma] 2:58:52  232,598/1,000,000  21.7/s  upd=4872  L=0.0473  D=4.722
[alma] 2:59:03  232,944/1,000,000  21.7/s  upd=4878  L=0.0356  D=4.722
[alma] 2:59:13  232,944/1,000,000  21.7/s  upd=4880  L=0.0490  D=4.722
[alma] 2:59:23  232,944/1,000,000  21.6/s  upd=4880  L=0.0490  D=4.722
[alma] 2:59:33  233,331/1,000,000  21.7/s  upd=4888  L=0.0367  D=4.722
[alma] 2:59:43  233,666/1,000,000  21.7/s  upd=4896  L=0.0399  D=4.722
[alma] 2:59:53  234,071/1,000,000  21.7/s  upd=4904  L=0.0436  D=4.722
[alma] 3:00:03  234,484/1,000,000  21.7/s  upd=4907  L=0.0398  D=4.722
[alma] 3:00:13  234,484/1,000,000  21.7/s  upd=4912  L=0.0527  D=4.722
[alma] 3:00:25  234,840/1,000,000  21.7/s  upd=4914  L=0.0460  D=4.722
[alma] 3:00:35  234,840/1,000,000  21.7/s  upd=4920  L=0.0400  D=4.722
[alma] 3:00:45  234,840/1,000,000  21.7/s  upd=4920  L=0.0400  D=4.722
[alma] 3:00:55  235,223/1,000,000  21.7/s  upd=4927  L=0.0493  D=4.722
[alma] 3:01:06  235,623/1,000,000  21.7/s  upd=4933  L=0.0378  D=4.722
[alma] 3:01:16  235,623/1,000,000  21.7/s  upd=4936  L=0.0335  D=4.722
[alma] 3:01:26  235,960/1,000,000  21.7/s  upd=4944  L=0.0384  D=4.722
[alma] 3:01:36  235,960/1,000,000  21.7/s  upd=4944  L=0.0384  D=4.722
[alma] 3:01:46  236,342/1,000,000  21.7/s  upd=4952  L=0.0395  D=4.722
[alma] 3:01:57  236,727/1,000,000  21.7/s  upd=4958  L=0.0306  D=4.722
[alma] 3:02:07  237,066/1,000,000  21.7/s  upd=4966  L=0.0417  D=4.722
[alma] 3:02:18  237,066/1,000,000  21.7/s  upd=4968  L=0.0337  D=4.722
[alma] 3:02:28  237,362/1,000,000  21.7/s  upd=4976  L=0.0538  D=4.722
[alma] 3:03:23  237,798/1,000,000  21.6/s  upd=4984  L=0.0484  D=4.722
[alma] 3:03:33  238,159/1,000,000  21.6/s  upd=4989  L=0.0534  D=4.722
[alma] 3:03:43  238,159/1,000,000  21.6/s  upd=4992  L=0.0440  D=4.722
[alma] 3:03:53  238,517/1,000,000  21.6/s  upd=5000  L=0.0590  D=4.722
[alma] 3:04:03  239,010/1,000,000  21.6/s  upd=5002  L=0.0371  D=4.722
[alma] 3:04:13  239,399/1,000,000  21.7/s  upd=5016  L=0.0378  D=4.722
[alma] 3:04:24  239,759/1,000,000  21.7/s  upd=5024  L=0.0425  D=4.722
[alma] 3:04:34  240,155/1,000,000  21.7/s  upd=5028  L=0.0351  D=4.722
[alma] saved resume t_env=240,155
[alma] 3:05:42  240,155/1,000,000  21.6/s  upd=5032  L=0.0342  D=4.556
[alma] 3:05:52  240,522/1,000,000  21.6/s  upd=5038  L=0.0397  D=4.556
[alma] 3:06:02  240,850/1,000,000  21.6/s  upd=5048  L=0.0375  D=4.556
[alma] 3:06:13  241,264/1,000,000  21.6/s  upd=5055  L=0.0331  D=4.556
[alma] 3:06:23  241,693/1,000,000  21.6/s  upd=5060  L=0.0416  D=4.556
[alma] 3:06:33  242,106/1,000,000  21.6/s  upd=5071  L=0.0273  D=4.556
[alma] 3:06:43  242,450/1,000,000  21.6/s  upd=5077  L=0.0519  D=4.556
[alma] 3:06:53  242,790/1,000,000  21.7/s  upd=5084  L=0.0475  D=4.556
[alma] 3:07:04  243,154/1,000,000  21.7/s  upd=5090  L=0.0353  D=4.556
[alma] 3:07:14  243,154/1,000,000  21.6/s  upd=5096  L=0.0571  D=4.556
[alma] 3:07:24  243,154/1,000,000  21.6/s  upd=5096  L=0.0571  D=4.556
[alma] 3:07:34  243,530/1,000,000  21.6/s  upd=5104  L=0.0430  D=4.556
[alma] 3:07:45  243,530/1,000,000  21.6/s  upd=5104  L=0.0430  D=4.556
[alma] 3:07:55  243,530/1,000,000  21.6/s  upd=5104  L=0.0430  D=4.556
[alma] 3:08:05  243,934/1,000,000  21.6/s  upd=5109  L=0.0326  D=4.556
[alma] 3:08:15  243,934/1,000,000  21.6/s  upd=5112  L=0.0321  D=4.556
[alma] 3:08:25  243,934/1,000,000  21.6/s  upd=5112  L=0.0321  D=4.556
[alma] 3:09:09  244,321/1,000,000  21.5/s  upd=5120  L=0.0438  D=4.556
[alma] 3:09:19  244,321/1,000,000  21.5/s  upd=5120  L=0.0438  D=4.556
[alma] 3:09:29  244,692/1,000,000  21.5/s  upd=5127  L=0.0257  D=4.556
[alma] 3:09:40  245,005/1,000,000  21.5/s  upd=5136  L=0.0446  D=4.556
[alma] 3:09:50  245,365/1,000,000  21.5/s  upd=5142  L=0.0589  D=4.556
[alma] 3:10:00  245,365/1,000,000  21.5/s  upd=5144  L=0.0319  D=4.556
[alma] 3:10:10  245,735/1,000,000  21.5/s  upd=5152  L=0.0389  D=4.556
[alma] 3:10:20  246,101/1,000,000  21.5/s  upd=5159  L=0.0381  D=4.556
[alma] 3:10:31  246,463/1,000,000  21.6/s  upd=5161  L=0.0319  D=4.556
[alma] 3:10:41  246,463/1,000,000  21.5/s  upd=5168  L=0.0407  D=4.556
[alma] 3:10:51  246,803/1,000,000  21.6/s  upd=5176  L=0.0479  D=4.556
[alma] 3:11:02  247,134/1,000,000  21.6/s  upd=5179  L=0.0602  D=4.556
[alma] 3:11:13  247,134/1,000,000  21.5/s  upd=5184  L=0.0360  D=4.556
[alma] 3:11:23  247,466/1,000,000  21.5/s  upd=5187  L=0.0319  D=4.556
[alma] 3:11:33  247,466/1,000,000  21.5/s  upd=5192  L=0.0327  D=4.556
[alma] 3:11:43  247,466/1,000,000  21.5/s  upd=5192  L=0.0327  D=4.556
[alma] 3:11:53  247,861/1,000,000  21.5/s  upd=5200  L=0.0465  D=4.556
[alma] 3:12:03  248,224/1,000,000  21.5/s  upd=5208  L=0.0436  D=4.556
[alma] 3:12:13  248,683/1,000,000  21.6/s  upd=5212  L=0.0533  D=4.556
[alma] 3:12:23  248,683/1,000,000  21.5/s  upd=5216  L=0.0413  D=4.556
[alma] 3:12:33  249,139/1,000,000  21.6/s  upd=5220  L=0.0355  D=4.556
[alma] 3:12:44  249,522/1,000,000  21.6/s  upd=5232  L=0.0362  D=4.556
[alma] 3:12:54  250,262/1,000,000  21.6/s  upd=5241  L=0.0381  D=4.556
[alma] 3:13:04  250,625/1,000,000  21.6/s  upd=5255  L=0.0394  D=4.556
[alma] 3:13:14  251,302/1,000,000  21.7/s  upd=5268  L=0.0469  D=4.556
[alma] 3:13:24  251,677/1,000,000  21.7/s  upd=5280  L=0.0418  D=4.556
[alma] 3:13:34  252,406/1,000,000  21.7/s  upd=5290  L=0.0378  D=4.556
[alma] 3:13:44  253,131/1,000,000  21.8/s  upd=5310  L=0.0600  D=4.556
[alma] 3:13:55  253,871/1,000,000  21.8/s  upd=5324  L=0.0466  D=4.556
[alma] 3:14:05  254,653/1,000,000  21.9/s  upd=5339  L=0.0365  D=4.556
[alma] 3:16:03  255,020/1,000,000  21.7/s  upd=5352  L=0.0416  D=4.556
[alma] saved resume t_env=255,408
[alma] 3:16:13  256,144/1,000,000  21.8/s  upd=5376  L=0.0737  D=4.556
[alma] 3:16:23  258,052/1,000,000  21.9/s  upd=5416  L=0.0351  D=4.556
[alma] 3:16:33  259,432/1,000,000  22.0/s  upd=5448  L=0.0458  D=4.556
[alma] 3:16:43  259,791/1,000,000  22.0/s  upd=5456  L=0.0423  D=4.556
[alma] saved resume t_env=260,195
[alma] 3:18:42  260,195/1,000,000  21.8/s  upd=5464  L=0.0617  D=4.462
[alma] 3:18:52  260,536/1,000,000  21.8/s  upd=5467  L=0.0327  D=4.462
[alma] 3:19:03  260,536/1,000,000  21.8/s  upd=5472  L=0.0328  D=4.462
[alma] 3:19:13  260,962/1,000,000  21.8/s  upd=5475  L=0.0419  D=4.462
[alma] 3:19:23  260,962/1,000,000  21.8/s  upd=5480  L=0.0522  D=4.462
[alma] 3:19:33  261,383/1,000,000  21.8/s  upd=5488  L=0.0615  D=4.462
[alma] 3:19:44  261,383/1,000,000  21.8/s  upd=5488  L=0.0615  D=4.462
[alma] 3:19:54  261,831/1,000,000  21.8/s  upd=5492  L=0.0334  D=4.462
[alma] 3:20:04  262,178/1,000,000  21.8/s  upd=5499  L=0.0483  D=4.462
[alma] 3:20:15  262,178/1,000,000  21.8/s  upd=5504  L=0.0404  D=4.462
[alma] 3:20:25  262,539/1,000,000  21.8/s  upd=5512  L=0.0364  D=4.462
[alma] 3:20:36  262,902/1,000,000  21.8/s  upd=5513  L=0.0332  D=4.462
[alma] 3:20:46  262,902/1,000,000  21.8/s  upd=5518  L=0.0354  D=4.462
[alma] 3:20:57  263,220/1,000,000  21.8/s  upd=5524  L=0.0502  D=4.462
[alma] 3:22:15  263,220/1,000,000  21.7/s  upd=5528  L=0.0550  D=4.462
[alma] 3:22:25  263,977/1,000,000  21.7/s  upd=5544  L=0.0357  D=4.462
[alma] 3:22:35  264,697/1,000,000  21.8/s  upd=5560  L=0.0376  D=4.462
[alma] 3:22:45  265,419/1,000,000  21.8/s  upd=5576  L=0.0419  D=4.462
[alma] 3:22:55  265,863/1,000,000  21.8/s  upd=5581  L=0.0422  D=4.462
[alma] 3:23:05  266,622/1,000,000  21.9/s  upd=5600  L=0.0432  D=4.462
[alma] 3:23:15  267,027/1,000,000  21.9/s  upd=5601  L=0.0418  D=4.462
[alma] 3:23:25  267,027/1,000,000  21.9/s  upd=5608  L=0.0348  D=4.462
[alma] 3:23:35  267,027/1,000,000  21.9/s  upd=5608  L=0.0348  D=4.462
[alma] 3:23:46  267,411/1,000,000  21.9/s  upd=5612  L=0.0444  D=4.462
[alma] 3:23:56  267,411/1,000,000  21.9/s  upd=5616  L=0.0299  D=4.462
[alma] 3:24:07  267,750/1,000,000  21.9/s  upd=5622  L=0.0499  D=4.462
[alma] 3:24:17  267,750/1,000,000  21.8/s  upd=5624  L=0.0505  D=4.462
[alma] 3:24:29  268,129/1,000,000  21.9/s  upd=5629  L=0.0336  D=4.462
[alma] 3:24:39  268,129/1,000,000  21.8/s  upd=5632  L=0.0369  D=4.462
[alma] 3:24:49  268,518/1,000,000  21.8/s  upd=5636  L=0.0405  D=4.462
[alma] 3:24:59  268,518/1,000,000  21.8/s  upd=5640  L=0.0282  D=4.462
[alma] 3:25:10  268,518/1,000,000  21.8/s  upd=5640  L=0.0282  D=4.462
[alma] 3:25:20  268,891/1,000,000  21.8/s  upd=5646  L=0.0359  D=4.462
[alma] 3:25:30  268,891/1,000,000  21.8/s  upd=5648  L=0.0602  D=4.462
[alma] 3:25:40  268,891/1,000,000  21.8/s  upd=5648  L=0.0602  D=4.462
[alma] 3:25:50  269,271/1,000,000  21.8/s  upd=5653  L=0.0405  D=4.462
[alma] 3:26:01  269,271/1,000,000  21.8/s  upd=5656  L=0.0422  D=4.462
[alma] 3:26:11  269,271/1,000,000  21.8/s  upd=5656  L=0.0422  D=4.462
[alma] 3:26:21  269,645/1,000,000  21.8/s  upd=5664  L=0.0328  D=4.462
[alma] 3:26:32  269,645/1,000,000  21.8/s  upd=5664  L=0.0328  D=4.462
[alma] 3:26:42  270,027/1,000,000  21.8/s  upd=5668  L=0.0436  D=4.462
[alma] 3:26:53  270,027/1,000,000  21.8/s  upd=5672  L=0.0367  D=4.462
[alma] 3:27:03  270,400/1,000,000  21.8/s  upd=5674  L=0.0432  D=4.462
[alma] saved resume t_env=270,400
[alma] 3:28:09  270,400/1,000,000  21.6/s  upd=5680  L=0.0394  D=4.462
[alma] 3:28:20  270,882/1,000,000  21.7/s  upd=5688  L=0.0632  D=4.462
[alma] 3:28:30  271,623/1,000,000  21.7/s  upd=5704  L=0.0641  D=4.462
[alma] 3:28:40  272,474/1,000,000  21.8/s  upd=5714  L=0.0327  D=4.462
[alma] 3:28:50  272,904/1,000,000  21.8/s  upd=5722  L=0.0304  D=4.462
[alma] 3:29:00  273,233/1,000,000  21.8/s  upd=5736  L=0.0375  D=4.462
[alma] 3:29:10  273,973/1,000,000  21.8/s  upd=5747  L=0.0465  D=4.462
[alma] 3:29:20  274,432/1,000,000  21.8/s  upd=5760  L=0.0550  D=4.462
[alma] 3:29:30  275,230/1,000,000  21.9/s  upd=5769  L=0.0498  D=4.462
[alma] 3:29:40  275,230/1,000,000  21.9/s  upd=5776  L=0.0520  D=4.462
[alma] 3:29:50  275,641/1,000,000  21.9/s  upd=5784  L=0.0412  D=4.462
[alma] 3:30:01  275,980/1,000,000  21.9/s  upd=5788  L=0.0386  D=4.462
[alma] 3:30:12  275,980/1,000,000  21.9/s  upd=5792  L=0.0447  D=4.462
[alma] 3:30:22  276,356/1,000,000  21.9/s  upd=5795  L=0.0579  D=4.462
[alma] 3:30:32  276,356/1,000,000  21.9/s  upd=5800  L=0.0533  D=4.462
[alma] 3:30:42  276,356/1,000,000  21.9/s  upd=5800  L=0.0533  D=4.462
[alma] 3:30:52  276,356/1,000,000  21.8/s  upd=5800  L=0.0533  D=4.462
[alma] 3:31:03  276,782/1,000,000  21.9/s  upd=5808  L=0.0373  D=4.462
[alma] 3:31:13  277,145/1,000,000  21.9/s  upd=5809  L=0.0553  D=4.462
[alma] 3:31:23  277,145/1,000,000  21.9/s  upd=5816  L=0.0364  D=4.462
[alma] 3:31:33  277,484/1,000,000  21.9/s  upd=5818  L=0.0382  D=4.462
[alma] 3:31:44  277,484/1,000,000  21.8/s  upd=5823  L=0.0343  D=4.462
[alma] 3:31:54  277,484/1,000,000  21.8/s  upd=5824  L=0.0343  D=4.462
[alma] 3:32:04  277,892/1,000,000  21.8/s  upd=5832  L=0.0611  D=4.462
[alma] 3:32:15  278,239/1,000,000  21.8/s  upd=5838  L=0.0372  D=4.462
[alma] 3:32:25  278,239/1,000,000  21.8/s  upd=5840  L=0.0461  D=4.462
[alma] 3:32:35  278,606/1,000,000  21.8/s  upd=5848  L=0.0337  D=4.462
[alma] 3:32:46  278,606/1,000,000  21.8/s  upd=5848  L=0.0337  D=4.462
[alma] 3:32:56  278,983/1,000,000  21.8/s  upd=5854  L=0.0319  D=4.462
[alma] 3:33:06  278,983/1,000,000  21.8/s  upd=5856  L=0.0444  D=4.462
[alma] 3:33:17  279,423/1,000,000  21.8/s  upd=5860  L=0.0376  D=4.462
[alma] 3:33:56  279,423/1,000,000  21.8/s  upd=5864  L=0.0465  D=4.462
[alma] saved resume t_env=280,158
[alma] 3:35:17  280,158/1,000,000  21.7/s  upd=5880  L=0.0385  D=4.896
[alma] 3:35:28  280,869/1,000,000  21.7/s  upd=5892  L=0.0569  D=4.896
[alma] 3:35:38  281,257/1,000,000  21.7/s  upd=5904  L=0.0489  D=4.896
[alma] 3:35:48  281,659/1,000,000  21.8/s  upd=5912  L=0.0413  D=4.896
[alma] 3:35:59  282,054/1,000,000  21.8/s  upd=5916  L=0.0294  D=4.896
[alma] 3:36:10  282,437/1,000,000  21.8/s  upd=5926  L=0.0452  D=4.896
[alma] 3:36:20  282,437/1,000,000  21.8/s  upd=5928  L=0.0330  D=4.896
[alma] 3:36:30  282,802/1,000,000  21.8/s  upd=5929  L=0.0426  D=4.896
[alma] 3:36:40  282,802/1,000,000  21.8/s  upd=5936  L=0.0403  D=4.896
[alma] 3:36:50  282,802/1,000,000  21.7/s  upd=5936  L=0.0403  D=4.896
[alma] 3:37:01  282,802/1,000,000  21.7/s  upd=5936  L=0.0403  D=4.896
[alma] 3:37:11  283,167/1,000,000  21.7/s  upd=5944  L=0.0405  D=4.896
[alma] 3:37:21  283,167/1,000,000  21.7/s  upd=5944  L=0.0405  D=4.896
[alma] 3:37:32  283,551/1,000,000  21.7/s  upd=5951  L=0.0499  D=4.896
[alma] 3:37:42  283,551/1,000,000  21.7/s  upd=5952  L=0.0438  D=4.896
[alma] 3:37:52  283,933/1,000,000  21.7/s  upd=5953  L=0.0569  D=4.896
[alma] 3:38:02  283,933/1,000,000  21.7/s  upd=5960  L=0.0493  D=4.896
[alma] 3:38:13  284,370/1,000,000  21.7/s  upd=5964  L=0.0516  D=4.896
[alma] 3:38:23  284,707/1,000,000  21.7/s  upd=5969  L=0.0364  D=4.896
[alma] 3:38:33  284,707/1,000,000  21.7/s  upd=5976  L=0.0404  D=4.896
[alma] 3:38:43  284,707/1,000,000  21.7/s  upd=5976  L=0.0404  D=4.896
[alma] 3:38:53  285,117/1,000,000  21.7/s  upd=5984  L=0.0488  D=4.896
[alma] 3:39:03  285,117/1,000,000  21.7/s  upd=5984  L=0.0488  D=4.896
[alma] 3:40:38  285,483/1,000,000  21.6/s  upd=5992  L=0.0334  D=4.896
[alma] 3:40:48  286,214/1,000,000  21.6/s  upd=6008  L=0.0279  D=4.896
[alma] 3:40:58  286,942/1,000,000  21.6/s  upd=6024  L=0.0366  D=4.896
[alma] 3:41:08  287,625/1,000,000  21.7/s  upd=6040  L=0.0339  D=4.896
[alma] 3:41:18  288,772/1,000,000  21.7/s  upd=6059  L=0.0332  D=4.896
[alma] 3:41:28  290,544/1,000,000  21.9/s  upd=6100  L=0.0501  D=4.896
[alma] 3:41:38  291,624/1,000,000  21.9/s  upd=6122  L=0.0423  D=4.896
[alma] 3:41:48  291,936/1,000,000  21.9/s  upd=6134  L=0.0496  D=4.896
[alma] 3:41:58  292,300/1,000,000  21.9/s  upd=6144  L=0.0476  D=4.896
[alma] 3:42:08  293,485/1,000,000  22.0/s  upd=6167  L=0.0526  D=4.896
[alma] 3:42:18  295,363/1,000,000  22.1/s  upd=6206  L=0.0717  D=4.896
[alma] 3:42:29  296,453/1,000,000  22.2/s  upd=6232  L=0.0344  D=4.896
[alma] 3:42:39  297,127/1,000,000  22.2/s  upd=6246  L=0.0313  D=4.896
[alma] 3:42:49  297,839/1,000,000  22.3/s  upd=6259  L=0.0421  D=4.896
[alma] 3:42:59  298,166/1,000,000  22.3/s  upd=6270  L=0.0338  D=4.896
[alma] 3:43:09  298,532/1,000,000  22.3/s  upd=6280  L=0.0301  D=4.896
[alma] 3:43:20  298,933/1,000,000  22.3/s  upd=6286  L=0.0423  D=4.896
[alma] 3:43:30  299,359/1,000,000  22.3/s  upd=6292  L=0.0426  D=4.896
[alma] 3:43:40  299,359/1,000,000  22.3/s  upd=6296  L=0.0332  D=4.896
[alma] 3:43:50  299,782/1,000,000  22.3/s  upd=6304  L=0.0469  D=4.896
[alma] 3:44:01  299,782/1,000,000  22.3/s  upd=6304  L=0.0469  D=4.896
[alma] 3:44:11  300,190/1,000,000  22.3/s  upd=6306  L=0.0301  D=4.896
[alma] saved resume t_env=300,190
[alma] 3:45:05  300,190/1,000,000  22.2/s  upd=6312  L=0.0453  D=4.464
[alma] 3:45:15  300,530/1,000,000  22.2/s  upd=6317  L=0.0465  D=4.464
[alma] 3:45:25  300,530/1,000,000  22.2/s  upd=6320  L=0.0440  D=4.464
[alma] 3:45:35  300,530/1,000,000  22.2/s  upd=6320  L=0.0440  D=4.464
[alma] 3:47:20  300,913/1,000,000  22.1/s  upd=6328  L=0.0269  D=4.464
[alma] 3:47:30  301,250/1,000,000  22.1/s  upd=6336  L=0.0593  D=4.464
[alma] 3:47:40  301,968/1,000,000  22.1/s  upd=6352  L=0.0446  D=4.464
[alma] 3:47:50  302,721/1,000,000  22.1/s  upd=6368  L=0.0335  D=4.464
[alma] 3:48:01  303,101/1,000,000  22.2/s  upd=6373  L=0.0459  D=4.464
[alma] 3:48:11  303,446/1,000,000  22.2/s  upd=6384  L=0.0441  D=4.464
[alma] 3:48:21  303,865/1,000,000  22.2/s  upd=6392  L=0.0584  D=4.464
[alma] 3:48:31  304,199/1,000,000  22.2/s  upd=6400  L=0.0365  D=4.464
[alma] 3:48:41  304,633/1,000,000  22.2/s  upd=6408  L=0.0271  D=4.464
[alma] 3:48:51  304,633/1,000,000  22.2/s  upd=6408  L=0.0271  D=4.464
[alma] 3:49:01  304,633/1,000,000  22.2/s  upd=6408  L=0.0271  D=4.464
[alma] 3:49:12  305,032/1,000,000  22.2/s  upd=6412  L=0.0331  D=4.464
[alma] 3:49:22  305,032/1,000,000  22.2/s  upd=6416  L=0.0422  D=4.464
[alma] 3:49:32  305,313/1,000,000  22.2/s  upd=6423  L=0.0376  D=4.464
[alma] 3:49:42  305,620/1,000,000  22.2/s  upd=6431  L=0.0469  D=4.464
[alma] 3:49:53  305,620/1,000,000  22.2/s  upd=6432  L=0.0273  D=4.464
[alma] 3:50:03  306,012/1,000,000  22.2/s  upd=6440  L=0.0582  D=4.464
[alma] 3:50:13  306,012/1,000,000  22.2/s  upd=6440  L=0.0582  D=4.464
[alma] 3:50:23  306,430/1,000,000  22.2/s  upd=6448  L=0.0526  D=4.464
[alma] 3:50:33  306,430/1,000,000  22.2/s  upd=6448  L=0.0526  D=4.464
[alma] 3:50:44  306,822/1,000,000  22.2/s  upd=6455  L=0.0393  D=4.464
[alma] 3:50:54  307,229/1,000,000  22.2/s  upd=6458  L=0.0425  D=4.464
[alma] 3:51:04  307,229/1,000,000  22.2/s  upd=6464  L=0.0301  D=4.464
[alma] 3:51:14  307,562/1,000,000  22.2/s  upd=6472  L=0.0448  D=4.464
[alma] 3:51:24  307,971/1,000,000  22.2/s  upd=6477  L=0.0331  D=4.464
[alma] 3:51:35  307,971/1,000,000  22.2/s  upd=6480  L=0.0358  D=4.464
[alma] 3:51:45  308,382/1,000,000  22.2/s  upd=6487  L=0.0487  D=4.464
[alma] 3:51:56  308,759/1,000,000  22.2/s  upd=6494  L=0.0419  D=4.464
[alma] 3:52:06  308,759/1,000,000  22.2/s  upd=6496  L=0.0473  D=4.464
[alma] 3:52:16  309,123/1,000,000  22.2/s  upd=6504  L=0.0321  D=4.464
[alma] 3:53:39  309,622/1,000,000  22.1/s  upd=6512  L=0.0348  D=4.464
[alma] 3:53:49  311,117/1,000,000  22.2/s  upd=6542  L=0.0411  D=4.464
[alma] 3:53:59  313,065/1,000,000  22.3/s  upd=6583  L=0.0389  D=4.464
[alma] 3:54:10  314,646/1,000,000  22.4/s  upd=6616  L=0.0332  D=4.464
[alma] saved resume t_env=315,091
[alma] 3:54:22  315,091/1,000,000  22.4/s  upd=6624  L=0.0390  D=4.464
[alma] 3:54:32  315,490/1,000,000  22.4/s  upd=6632  L=0.0493  D=4.464
[alma] 3:54:42  315,911/1,000,000  22.4/s  upd=6640  L=0.0389  D=4.464
[alma] 3:54:53  316,281/1,000,000  22.4/s  upd=6647  L=0.0371  D=4.464
[alma] 3:55:03  316,699/1,000,000  22.5/s  upd=6648  L=0.0322  D=4.464
[alma] 3:55:14  316,699/1,000,000  22.4/s  upd=6656  L=0.0317  D=4.464
[alma] 3:55:24  316,699/1,000,000  22.4/s  upd=6656  L=0.0317  D=4.464
[alma] 3:55:34  317,114/1,000,000  22.4/s  upd=6657  L=0.0283  D=4.464
[alma] 3:55:45  317,114/1,000,000  22.4/s  upd=6664  L=0.0419  D=4.464
[alma] 3:55:55  317,114/1,000,000  22.4/s  upd=6664  L=0.0419  D=4.464
[alma] 3:56:05  317,114/1,000,000  22.4/s  upd=6664  L=0.0419  D=4.464
[alma] 3:56:16  317,545/1,000,000  22.4/s  upd=6670  L=0.0395  D=4.464
[alma] 3:56:26  317,545/1,000,000  22.4/s  upd=6672  L=0.0472  D=4.464
[alma] 3:56:36  317,545/1,000,000  22.4/s  upd=6672  L=0.0472  D=4.464
[alma] 3:56:46  317,941/1,000,000  22.4/s  upd=6677  L=0.0352  D=4.464
[alma] 3:56:57  317,941/1,000,000  22.4/s  upd=6680  L=0.0454  D=4.464
[alma] 3:57:07  318,306/1,000,000  22.4/s  upd=6687  L=0.0333  D=4.464
[alma] 3:57:17  318,306/1,000,000  22.4/s  upd=6688  L=0.0389  D=4.464
[alma] 3:57:27  318,645/1,000,000  22.4/s  upd=6692  L=0.0362  D=4.464
[alma] 3:57:37  318,645/1,000,000  22.3/s  upd=6696  L=0.0419  D=4.464
[alma] 3:57:48  318,645/1,000,000  22.3/s  upd=6696  L=0.0419  D=4.464
[alma] 3:57:58  319,046/1,000,000  22.3/s  upd=6703  L=0.0375  D=4.464
[alma] 3:58:08  319,046/1,000,000  22.3/s  upd=6704  L=0.0360  D=4.464
[alma] 3:58:18  319,398/1,000,000  22.3/s  upd=6709  L=0.0418  D=4.464
[alma] 3:58:28  319,729/1,000,000  22.3/s  upd=6717  L=0.0467  D=4.464
[alma] 3:58:38  319,729/1,000,000  22.3/s  upd=6720  L=0.0395  D=4.464
[alma] saved resume t_env=320,068
[alma] 3:59:32  320,068/1,000,000  22.3/s  upd=6728  L=0.0523  D=4.128
[alma] 4:00:54  320,068/1,000,000  22.1/s  upd=6728  L=0.0523  D=4.128
[alma] 4:01:04  320,522/1,000,000  22.2/s  upd=6736  L=0.0308  D=4.128
[alma] 4:01:14  321,292/1,000,000  22.2/s  upd=6752  L=0.0332  D=4.128
[alma] 4:01:24  321,633/1,000,000  22.2/s  upd=6760  L=0.0361  D=4.128
[alma] 4:01:35  321,966/1,000,000  22.2/s  upd=6768  L=0.0304  D=4.128
[alma] 4:01:45  322,308/1,000,000  22.2/s  upd=6776  L=0.0499  D=4.128
[alma] 4:01:55  322,713/1,000,000  22.2/s  upd=6777  L=0.0508  D=4.128
[alma] 4:02:05  322,713/1,000,000  22.2/s  upd=6784  L=0.0458  D=4.128
[alma] 4:02:16  323,102/1,000,000  22.2/s  upd=6789  L=0.0382  D=4.128
[alma] 4:02:26  323,102/1,000,000  22.2/s  upd=6792  L=0.0336  D=4.128
[alma] 4:02:36  323,492/1,000,000  22.2/s  upd=6800  L=0.0440  D=4.128
[alma] 4:02:46  323,492/1,000,000  22.2/s  upd=6800  L=0.0440  D=4.128
[alma] 4:02:56  323,805/1,000,000  22.2/s  upd=6808  L=0.0515  D=4.128
[alma] 4:03:06  323,805/1,000,000  22.2/s  upd=6808  L=0.0515  D=4.128
[alma] 4:03:17  323,805/1,000,000  22.2/s  upd=6808  L=0.0515  D=4.128
[alma] 4:03:27  324,231/1,000,000  22.2/s  upd=6816  L=0.0313  D=4.128
[alma] 4:03:37  324,231/1,000,000  22.2/s  upd=6816  L=0.0313  D=4.128
[alma] 4:03:48  324,231/1,000,000  22.2/s  upd=6816  L=0.0313  D=4.128
[alma] 4:03:59  324,641/1,000,000  22.2/s  upd=6824  L=0.0346  D=4.128
[alma] 4:04:09  324,641/1,000,000  22.2/s  upd=6824  L=0.0346  D=4.128
[alma] 4:04:19  324,955/1,000,000  22.2/s  upd=6830  L=0.0286  D=4.128
[alma] 4:04:30  324,955/1,000,000  22.2/s  upd=6832  L=0.0337  D=4.128
[alma] 4:04:40  325,292/1,000,000  22.2/s  upd=6837  L=0.0249  D=4.128
[alma] 4:04:50  325,292/1,000,000  22.1/s  upd=6840  L=0.0395  D=4.128
[alma] 4:05:00  325,646/1,000,000  22.2/s  upd=6848  L=0.0403  D=4.128
[alma] 4:05:11  325,646/1,000,000  22.1/s  upd=6848  L=0.0403  D=4.128
[alma] 4:05:21  325,646/1,000,000  22.1/s  upd=6848  L=0.0403  D=4.128
[alma] 4:05:31  326,014/1,000,000  22.1/s  upd=6856  L=0.0483  D=4.128
[alma] 4:05:41  326,474/1,000,000  22.1/s  upd=6864  L=0.0394  D=4.128
[alma] 4:05:51  326,842/1,000,000  22.2/s  upd=6872  L=0.0308  D=4.128
[alma] 4:07:09  327,192/1,000,000  22.1/s  upd=6880  L=0.0440  D=4.128
[alma] 4:07:19  327,525/1,000,000  22.1/s  upd=6881  L=0.0412  D=4.128
[alma] 4:07:30  328,239/1,000,000  22.1/s  upd=6897  L=0.0461  D=4.128
[alma] 4:07:40  328,616/1,000,000  22.1/s  upd=6911  L=0.0436  D=4.128
[alma] 4:07:50  328,616/1,000,000  22.1/s  upd=6912  L=0.0410  D=4.128
[alma] 4:08:01  329,009/1,000,000  22.1/s  upd=6919  L=0.0526  D=4.128
[alma] 4:08:11  329,009/1,000,000  22.1/s  upd=6920  L=0.0363  D=4.128
[alma] 4:08:21  329,358/1,000,000  22.1/s  upd=6925  L=0.0395  D=4.128
[alma] 4:08:31  329,358/1,000,000  22.1/s  upd=6928  L=0.0412  D=4.128
[alma] 4:08:42  329,757/1,000,000  22.1/s  upd=6932  L=0.0378  D=4.128
[alma] 4:08:52  330,105/1,000,000  22.1/s  upd=6939  L=0.0374  D=4.128
[alma] saved resume t_env=330,105
[alma] 4:09:02  330,105/1,000,000  22.1/s  upd=6944  L=0.0419  D=4.128
[alma] 4:09:12  330,541/1,000,000  22.1/s  upd=6946  L=0.0348  D=4.128
[alma] 4:09:22  330,871/1,000,000  22.1/s  upd=6960  L=0.0380  D=4.128
[alma] 4:09:33  331,203/1,000,000  22.1/s  upd=6968  L=0.0377  D=4.128
[alma] 4:09:43  331,951/1,000,000  22.2/s  upd=6984  L=0.0465  D=4.128
[alma] 4:09:53  332,667/1,000,000  22.2/s  upd=6994  L=0.0571  D=4.128
[alma] 4:10:03  333,034/1,000,000  22.2/s  upd=7008  L=0.0343  D=4.128
[alma] 4:10:13  334,025/1,000,000  22.2/s  upd=7025  L=0.0292  D=4.128
[alma] 4:10:23  334,795/1,000,000  22.3/s  upd=7043  L=0.0304  D=4.128
[alma] 4:10:34  335,595/1,000,000  22.3/s  upd=7062  L=0.0480  D=4.128
[alma] 4:10:44  335,997/1,000,000  22.3/s  upd=7069  L=0.0376  D=4.128
[alma] 4:10:54  335,997/1,000,000  22.3/s  upd=7072  L=0.0367  D=4.128
[alma] 4:11:04  336,318/1,000,000  22.3/s  upd=7080  L=0.0303  D=4.128
[alma] 4:11:15  336,653/1,000,000  22.3/s  upd=7083  L=0.0326  D=4.128
[alma] 4:11:26  337,003/1,000,000  22.3/s  upd=7090  L=0.0236  D=4.128
[alma] 4:11:37  337,003/1,000,000  22.3/s  upd=7096  L=0.0371  D=4.128
[alma] 4:11:47  337,337/1,000,000  22.3/s  upd=7097  L=0.0358  D=4.128
[alma] 4:11:57  337,337/1,000,000  22.3/s  upd=7104  L=0.0359  D=4.128
[alma] 4:12:07  337,779/1,000,000  22.3/s  upd=7112  L=0.0534  D=4.128
[alma] 4:13:44  338,110/1,000,000  22.2/s  upd=7120  L=0.0377  D=4.128
[alma] 4:13:54  338,455/1,000,000  22.2/s  upd=7128  L=0.0367  D=4.128
[alma] 4:14:04  339,134/1,000,000  22.2/s  upd=7140  L=0.0442  D=4.128
[alma] 4:14:14  339,460/1,000,000  22.3/s  upd=7152  L=0.0307  D=4.128
[alma] 4:14:24  339,807/1,000,000  22.3/s  upd=7159  L=0.0345  D=4.128
[alma] 4:14:34  339,807/1,000,000  22.2/s  upd=7160  L=0.0439  D=4.128
[alma] 4:14:45  340,217/1,000,000  22.3/s  upd=7166  L=0.0411  D=4.128
[alma] saved resume t_env=340,217
[alma] 4:15:59  340,217/1,000,000  22.2/s  upd=7168  L=0.0424  D=3.508
[alma] 4:16:09  340,217/1,000,000  22.1/s  upd=7168  L=0.0424  D=3.508
[alma] 4:16:19  340,621/1,000,000  22.1/s  upd=7175  L=0.0455  D=3.508
[alma] 4:16:30  340,621/1,000,000  22.1/s  upd=7176  L=0.0307  D=3.508
[alma] 4:16:40  340,999/1,000,000  22.1/s  upd=7184  L=0.0363  D=3.508
[alma] 4:16:50  340,999/1,000,000  22.1/s  upd=7184  L=0.0363  D=3.508
[alma] 4:17:00  341,402/1,000,000  22.1/s  upd=7192  L=0.0293  D=3.508
[alma] 4:17:10  341,402/1,000,000  22.1/s  upd=7192  L=0.0293  D=3.508
[alma] 4:17:21  341,800/1,000,000  22.1/s  upd=7200  L=0.0360  D=3.508
[alma] 4:17:31  341,800/1,000,000  22.1/s  upd=7200  L=0.0360  D=3.508
[alma] 4:17:41  342,200/1,000,000  22.1/s  upd=7208  L=0.0456  D=3.508
[alma] 4:17:51  342,543/1,000,000  22.1/s  upd=7211  L=0.0529  D=3.508
[alma] 4:18:01  342,543/1,000,000  22.1/s  upd=7216  L=0.0333  D=3.508
[alma] 4:18:12  342,940/1,000,000  22.1/s  upd=7224  L=0.0340  D=3.508
[alma] 4:18:22  343,284/1,000,000  22.1/s  upd=7228  L=0.0494  D=3.508
[alma] 4:18:32  343,284/1,000,000  22.1/s  upd=7232  L=0.0590  D=3.508
[alma] 4:18:42  344,057/1,000,000  22.2/s  upd=7241  L=0.0345  D=3.508
[alma] 4:20:01  344,057/1,000,000  22.1/s  upd=7248  L=0.0360  D=3.508
[alma] 4:20:11  344,506/1,000,000  22.1/s  upd=7256  L=0.0377  D=3.508
[alma] 4:20:21  345,287/1,000,000  22.1/s  upd=7269  L=0.0448  D=3.508
[alma] 4:20:31  345,704/1,000,000  22.1/s  upd=7277  L=0.0351  D=3.508
[alma] 4:20:41  345,704/1,000,000  22.1/s  upd=7280  L=0.0269  D=3.508
[alma] 4:20:52  346,092/1,000,000  22.1/s  upd=7283  L=0.0269  D=3.508
[alma] 4:21:02  346,092/1,000,000  22.1/s  upd=7288  L=0.0466  D=3.508
[alma] 4:21:12  346,479/1,000,000  22.1/s  upd=7291  L=0.0440  D=3.508
[alma] 4:21:22  346,479/1,000,000  22.1/s  upd=7296  L=0.0652  D=3.508
[alma] 4:21:32  346,821/1,000,000  22.1/s  upd=7298  L=0.0481  D=3.508
[alma] 4:21:42  346,821/1,000,000  22.1/s  upd=7304  L=0.0446  D=3.508
[alma] 4:21:53  346,821/1,000,000  22.1/s  upd=7304  L=0.0446  D=3.508
[alma] 4:22:04  347,208/1,000,000  22.1/s  upd=7308  L=0.0377  D=3.508
[alma] 4:22:14  347,208/1,000,000  22.1/s  upd=7312  L=0.0419  D=3.508
[alma] 4:22:25  347,572/1,000,000  22.1/s  upd=7314  L=0.0366  D=3.508
[alma] 4:22:35  347,572/1,000,000  22.1/s  upd=7320  L=0.0287  D=3.508
[alma] 4:22:47  347,960/1,000,000  22.1/s  upd=7321  L=0.0433  D=3.508
[alma] 4:22:57  347,960/1,000,000  22.1/s  upd=7327  L=0.0429  D=3.508
[alma] 4:23:07  348,312/1,000,000  22.1/s  upd=7332  L=0.0339  D=3.508
[alma] 4:23:17  348,312/1,000,000  22.0/s  upd=7336  L=0.0299  D=3.508
[alma] 4:23:27  348,312/1,000,000  22.0/s  upd=7336  L=0.0299  D=3.508
[alma] 4:23:37  348,707/1,000,000  22.0/s  upd=7344  L=0.0391  D=3.508
[alma] 4:23:49  349,068/1,000,000  22.1/s  upd=7348  L=0.0472  D=3.508
[alma] 4:23:59  349,068/1,000,000  22.0/s  upd=7352  L=0.0398  D=3.508
[alma] 4:24:09  349,068/1,000,000  22.0/s  upd=7352  L=0.0398  D=3.508
[alma] 4:24:20  349,446/1,000,000  22.0/s  upd=7360  L=0.0448  D=3.508
[alma] 4:24:30  349,446/1,000,000  22.0/s  upd=7360  L=0.0448  D=3.508
[alma] 4:24:40  349,797/1,000,000  22.0/s  upd=7367  L=0.0495  D=3.508
[alma] 4:24:50  350,126/1,000,000  22.0/s  upd=7376  L=0.0623  D=3.508
[alma] 4:25:00  350,507/1,000,000  22.0/s  upd=7384  L=0.0413  D=3.508
[alma] saved resume t_env=350,507
[alma] 4:25:34  350,507/1,000,000  22.0/s  upd=7384  L=0.0413  D=3.508
[alma] 4:25:45  350,870/1,000,000  22.0/s  upd=7388  L=0.0500  D=3.508
[alma] 4:25:55  350,870/1,000,000  22.0/s  upd=7392  L=0.0569  D=3.508
[alma] 4:26:05  351,199/1,000,000  22.0/s  upd=7400  L=0.0387  D=3.508
[alma] 4:26:15  351,923/1,000,000  22.0/s  upd=7414  L=0.0590  D=3.508
[alma] 4:26:25  352,249/1,000,000  22.0/s  upd=7424  L=0.0575  D=3.508
[alma] 4:26:35  352,667/1,000,000  22.0/s  upd=7432  L=0.0517  D=3.508
[alma] 4:26:45  353,018/1,000,000  22.1/s  upd=7435  L=0.0437  D=3.508
[alma] 4:26:55  353,018/1,000,000  22.0/s  upd=7440  L=0.0307  D=3.508
[alma] 4:27:06  353,387/1,000,000  22.1/s  upd=7447  L=0.0407  D=3.508
[alma] 4:27:16  353,387/1,000,000  22.0/s  upd=7448  L=0.0549  D=3.508
[alma] 4:27:26  353,716/1,000,000  22.0/s  upd=7454  L=0.0401  D=3.508
[alma] 4:27:37  353,716/1,000,000  22.0/s  upd=7456  L=0.0412  D=3.508
[alma] 4:27:47  353,716/1,000,000  22.0/s  upd=7456  L=0.0412  D=3.508
[alma] 4:27:57  354,107/1,000,000  22.0/s  upd=7460  L=0.0458  D=3.508
[alma] 4:28:07  354,107/1,000,000  22.0/s  upd=7464  L=0.0381  D=3.508
[alma] 4:28:18  354,445/1,000,000  22.0/s  upd=7470  L=0.0440  D=3.508
[alma] 4:28:28  354,445/1,000,000  22.0/s  upd=7472  L=0.0610  D=3.508
[alma] 4:28:38  354,839/1,000,000  22.0/s  upd=7474  L=0.0348  D=3.508
[alma] 4:28:49  354,839/1,000,000  22.0/s  upd=7480  L=0.0308  D=3.508
[alma] 4:28:59  354,839/1,000,000  22.0/s  upd=7480  L=0.0308  D=3.508
[alma] 4:29:09  355,220/1,000,000  22.0/s  upd=7483  L=0.0330  D=3.508
[alma] 4:29:20  355,220/1,000,000  22.0/s  upd=7488  L=0.0284  D=3.508
[alma] 4:29:30  355,534/1,000,000  22.0/s  upd=7496  L=0.0298  D=3.508
[alma] 4:29:40  355,534/1,000,000  22.0/s  upd=7496  L=0.0298  D=3.508
[alma] 4:29:50  355,987/1,000,000  22.0/s  upd=7504  L=0.0347  D=3.508
[alma] 4:30:00  355,987/1,000,000  22.0/s  upd=7504  L=0.0347  D=3.508
[alma] 4:30:11  356,706/1,000,000  22.0/s  upd=7514  L=0.0356  D=3.508
[alma] 4:30:21  357,094/1,000,000  22.0/s  upd=7528  L=0.0339  D=3.508
[alma] 4:30:31  358,207/1,000,000  22.1/s  upd=7545  L=0.0369  D=3.508
[alma] 4:33:43  358,605/1,000,000  21.8/s  upd=7560  L=0.0340  D=3.508
[alma] 4:33:53  359,303/1,000,000  21.9/s  upd=7569  L=0.0251  D=3.508
[alma] 4:34:03  359,698/1,000,000  21.9/s  upd=7577  L=0.0256  D=3.508
[alma] saved resume t_env=360,084
[alma] 4:36:26  360,084/1,000,000  21.7/s  upd=7592  L=0.0283  D=3.629
[alma] 4:36:36  360,084/1,000,000  21.7/s  upd=7592  L=0.0283  D=3.629
[alma] 4:36:46  360,461/1,000,000  21.7/s  upd=7600  L=0.0464  D=3.629
[alma] 4:36:57  360,821/1,000,000  21.7/s  upd=7604  L=0.0356  D=3.629
[alma] 4:37:07  360,821/1,000,000  21.7/s  upd=7608  L=0.0352  D=3.629
[alma] 4:37:18  361,222/1,000,000  21.7/s  upd=7615  L=0.0348  D=3.629
[alma] 4:37:28  361,222/1,000,000  21.7/s  upd=7616  L=0.0638  D=3.629
[alma] 4:37:38  361,584/1,000,000  21.7/s  upd=7624  L=0.0418  D=3.629
[alma] 4:37:49  361,912/1,000,000  21.7/s  upd=7632  L=0.0366  D=3.629
[alma] 4:37:59  362,272/1,000,000  21.7/s  upd=7637  L=0.0366  D=3.629
[alma] 4:38:09  362,616/1,000,000  21.7/s  upd=7643  L=0.0488  D=3.629
[alma] 4:38:19  362,616/1,000,000  21.7/s  upd=7648  L=0.0388  D=3.629
[alma] 4:38:29  362,973/1,000,000  21.7/s  upd=7656  L=0.0339  D=3.629
[alma] 4:38:40  363,377/1,000,000  21.7/s  upd=7663  L=0.0475  D=3.629
[alma] 4:38:50  363,700/1,000,000  21.7/s  upd=7670  L=0.0401  D=3.629
[alma] 4:40:05  363,700/1,000,000  21.6/s  upd=7672  L=0.0442  D=3.629
[alma] 4:40:15  364,411/1,000,000  21.7/s  upd=7688  L=0.0583  D=3.629
[alma] 4:40:25  365,234/1,000,000  21.7/s  upd=7704  L=0.0350  D=3.629
[alma] 4:40:35  365,999/1,000,000  21.7/s  upd=7720  L=0.0341  D=3.629
[alma] 4:40:45  366,339/1,000,000  21.7/s  upd=7728  L=0.0364  D=3.629
[alma] 4:40:55  367,025/1,000,000  21.8/s  upd=7742  L=0.0428  D=3.629
[alma] 4:41:05  367,380/1,000,000  21.8/s  upd=7752  L=0.0305  D=3.629
[alma] 4:41:16  367,380/1,000,000  21.8/s  upd=7752  L=0.0305  D=3.629
[alma] 4:41:26  367,774/1,000,000  21.8/s  upd=7760  L=0.0469  D=3.629
[alma] 4:41:36  368,118/1,000,000  21.8/s  upd=7768  L=0.0345  D=3.629
[alma] 4:41:46  368,537/1,000,000  21.8/s  upd=7771  L=0.0273  D=3.629
[alma] 4:41:56  368,875/1,000,000  21.8/s  upd=7777  L=0.0227  D=3.629
[alma] 4:42:06  369,221/1,000,000  21.8/s  upd=7785  L=0.0312  D=3.629
[alma] 4:42:17  369,221/1,000,000  21.8/s  upd=7792  L=0.0394  D=3.629
[alma] 4:42:27  369,596/1,000,000  21.8/s  upd=7795  L=0.0414  D=3.629
[alma] 4:42:37  369,596/1,000,000  21.8/s  upd=7800  L=0.0463  D=3.629
[alma] 4:42:47  369,596/1,000,000  21.8/s  upd=7800  L=0.0463  D=3.629
[alma] 4:42:58  369,990/1,000,000  21.8/s  upd=7803  L=0.0442  D=3.629
[alma] 4:43:08  369,990/1,000,000  21.8/s  upd=7808  L=0.0396  D=3.629
[alma] 4:43:18  370,389/1,000,000  21.8/s  upd=7809  L=0.0235  D=3.629
[alma] 4:43:29  370,389/1,000,000  21.8/s  upd=7815  L=0.0322  D=3.629
[alma] 4:43:39  370,389/1,000,000  21.8/s  upd=7816  L=0.0462  D=3.629
[alma] 4:43:49  370,750/1,000,000  21.8/s  upd=7824  L=0.0367  D=3.629
[alma] 4:43:59  370,750/1,000,000  21.8/s  upd=7824  L=0.0367  D=3.629
[alma] 4:44:09  371,128/1,000,000  21.8/s  upd=7832  L=0.0287  D=3.629
[alma] 4:44:20  371,448/1,000,000  21.8/s  upd=7836  L=0.0382  D=3.629
[alma] saved resume t_env=371,448
[alma] 4:44:30  371,448/1,000,000  21.8/s  upd=7840  L=0.0428  D=3.629
[alma] 4:44:40  371,448/1,000,000  21.7/s  upd=7840  L=0.0428  D=3.629
[alma] 4:44:50  371,807/1,000,000  21.8/s  upd=7848  L=0.0441  D=3.629
[alma] 4:45:00  371,807/1,000,000  21.7/s  upd=7848  L=0.0441  D=3.629
[alma] 4:45:11  372,151/1,000,000  21.7/s  upd=7849  L=0.0408  D=3.629
[alma] 4:45:45  372,151/1,000,000  21.7/s  upd=7856  L=0.0458  D=3.629
[alma] 4:45:56  372,491/1,000,000  21.7/s  upd=7861  L=0.0567  D=3.629
[alma] 4:46:06  372,837/1,000,000  21.7/s  upd=7869  L=0.0390  D=3.629
[alma] 4:46:17  373,623/1,000,000  21.8/s  upd=7885  L=0.0476  D=3.629
[alma] 4:46:27  374,314/1,000,000  21.8/s  upd=7903  L=0.0324  D=3.629
[alma] 4:46:37  375,061/1,000,000  21.8/s  upd=7920  L=0.0422  D=3.629
[alma] 4:46:47  375,426/1,000,000  21.8/s  upd=7928  L=0.0410  D=3.629
[alma] 4:46:57  375,867/1,000,000  21.8/s  upd=7929  L=0.0571  D=3.629
[alma] 4:47:08  376,242/1,000,000  21.8/s  upd=7944  L=0.0573  D=3.629
[alma] 4:47:18  376,242/1,000,000  21.8/s  upd=7944  L=0.0573  D=3.629
[alma] 4:47:28  376,630/1,000,000  21.8/s  upd=7949  L=0.0399  D=3.629
[alma] 4:47:38  377,016/1,000,000  21.8/s  upd=7953  L=0.0491  D=3.629
[alma] 4:47:49  377,016/1,000,000  21.8/s  upd=7960  L=0.0370  D=3.629
[alma] 4:47:59  377,321/1,000,000  21.8/s  upd=7968  L=0.0346  D=3.629
[alma] 4:48:09  377,675/1,000,000  21.8/s  upd=7975  L=0.0552  D=3.629
[alma] 4:48:19  377,675/1,000,000  21.8/s  upd=7976  L=0.0510  D=3.629
[alma] 4:48:29  377,675/1,000,000  21.8/s  upd=7976  L=0.0510  D=3.629
[alma] 4:48:39  378,050/1,000,000  21.8/s  upd=7983  L=0.0391  D=3.629
[alma] 4:48:50  378,368/1,000,000  21.8/s  upd=7988  L=0.0303  D=3.629
[alma] 4:49:00  378,368/1,000,000  21.8/s  upd=7992  L=0.0366  D=3.629
[alma] 4:49:10  378,749/1,000,000  21.8/s  upd=7996  L=0.0286  D=3.629
[alma] 4:49:20  379,181/1,000,000  21.8/s  upd=8006  L=0.0424  D=3.629
[alma] 4:49:30  379,181/1,000,000  21.8/s  upd=8008  L=0.0388  D=3.629
[alma] 4:49:40  379,532/1,000,000  21.8/s  upd=8016  L=0.0433  D=3.629
[alma] 4:49:51  380,258/1,000,000  21.9/s  upd=8029  L=0.0496  D=3.629
[alma] saved resume t_env=380,258
[alma] 4:51:15  380,258/1,000,000  21.8/s  upd=8032  L=0.0256  D=3.557
[alma] 4:52:38  380,258/1,000,000  21.7/s  upd=8032  L=0.0256  D=3.557
[alma] 4:52:48  381,014/1,000,000  21.7/s  upd=8048  L=0.0552  D=3.557
[alma] 4:52:58  382,098/1,000,000  21.7/s  upd=8065  L=0.0226  D=3.557
[alma] 4:53:08  382,897/1,000,000  21.8/s  upd=8088  L=0.0299  D=3.557
[alma] 4:53:18  383,298/1,000,000  21.8/s  upd=8096  L=0.0453  D=3.557
[alma] 4:53:28  383,694/1,000,000  21.8/s  upd=8104  L=0.0474  D=3.557
[alma] 4:53:38  384,082/1,000,000  21.8/s  upd=8112  L=0.0211  D=3.557
[alma] 4:53:49  384,512/1,000,000  21.8/s  upd=8116  L=0.0356  D=3.557
[alma] 4:53:59  384,512/1,000,000  21.8/s  upd=8120  L=0.0495  D=3.557
[alma] 4:54:10  384,919/1,000,000  21.8/s  upd=8125  L=0.0547  D=3.557
[alma] 4:54:21  385,245/1,000,000  21.8/s  upd=8132  L=0.0382  D=3.557
[alma] 4:54:31  385,245/1,000,000  21.8/s  upd=8136  L=0.0302  D=3.557
[alma] 4:54:41  385,245/1,000,000  21.8/s  upd=8136  L=0.0302  D=3.557
[alma] 4:54:52  385,645/1,000,000  21.8/s  upd=8144  L=0.0258  D=3.557
[alma] 4:55:02  385,645/1,000,000  21.8/s  upd=8144  L=0.0258  D=3.557
[alma] 4:55:12  385,998/1,000,000  21.8/s  upd=8152  L=0.0506  D=3.557
[alma] 4:55:22  385,998/1,000,000  21.8/s  upd=8152  L=0.0506  D=3.557
[alma] 4:55:32  386,365/1,000,000  21.8/s  upd=8160  L=0.0465  D=3.557
[alma] 4:55:42  386,365/1,000,000  21.8/s  upd=8160  L=0.0465  D=3.557
[alma] 4:55:53  386,751/1,000,000  21.8/s  upd=8163  L=0.0362  D=3.557
[alma] 4:56:03  386,751/1,000,000  21.8/s  upd=8168  L=0.0474  D=3.557
[alma] 4:56:13  387,087/1,000,000  21.8/s  upd=8171  L=0.0346  D=3.557
[alma] 4:56:23  387,087/1,000,000  21.8/s  upd=8176  L=0.0405  D=3.557
[alma] 4:56:33  387,087/1,000,000  21.8/s  upd=8176  L=0.0405  D=3.557
[alma] 4:56:44  387,545/1,000,000  21.8/s  upd=8184  L=0.0312  D=3.557
[alma] 4:56:54  387,875/1,000,000  21.8/s  upd=8186  L=0.0391  D=3.557
[alma] 4:57:04  387,875/1,000,000  21.8/s  upd=8192  L=0.0309  D=3.557
[alma] 4:57:14  387,875/1,000,000  21.7/s  upd=8192  L=0.0309  D=3.557
[alma] 4:57:25  388,367/1,000,000  21.8/s  upd=8200  L=0.0363  D=3.557
[alma] 4:57:35  388,367/1,000,000  21.8/s  upd=8200  L=0.0363  D=3.557
[alma] 4:57:46  388,749/1,000,000  21.8/s  upd=8206  L=0.0331  D=3.557
[alma] 4:58:33  388,749/1,000,000  21.7/s  upd=8208  L=0.0443  D=3.557
[alma] 4:58:43  389,144/1,000,000  21.7/s  upd=8216  L=0.0259  D=3.557
[alma] 4:58:53  389,825/1,000,000  21.7/s  upd=8232  L=0.0285  D=3.557
[alma] 4:59:03  390,622/1,000,000  21.8/s  upd=8248  L=0.0425  D=3.557
[alma] 4:59:13  390,622/1,000,000  21.8/s  upd=8248  L=0.0425  D=3.557
[alma] 4:59:24  391,004/1,000,000  21.8/s  upd=8256  L=0.0471  D=3.557
[alma] 4:59:35  391,350/1,000,000  21.8/s  upd=8263  L=0.0461  D=3.557
[alma] 4:59:45  391,677/1,000,000  21.8/s  upd=8270  L=0.0275  D=3.557
[alma] 4:59:55  392,026/1,000,000  21.8/s  upd=8274  L=0.0494  D=3.557
[alma] saved resume t_env=392,026
[alma] 5:00:05  392,026/1,000,000  21.8/s  upd=8280  L=0.0295  D=3.557
[alma] 5:00:15  392,343/1,000,000  21.8/s  upd=8288  L=0.0328  D=3.557
[alma] 5:00:25  392,676/1,000,000  21.8/s  upd=8292  L=0.0285  D=3.557
[alma] 5:00:36  392,676/1,000,000  21.8/s  upd=8296  L=0.0356  D=3.557
[alma] 5:00:47  393,007/1,000,000  21.8/s  upd=8304  L=0.0276  D=3.557
[alma] 5:00:57  393,007/1,000,000  21.8/s  upd=8304  L=0.0276  D=3.557
[alma] 5:01:07  393,336/1,000,000  21.8/s  upd=8312  L=0.0353  D=3.557
[alma] 5:01:17  393,657/1,000,000  21.8/s  upd=8314  L=0.0401  D=3.557
[alma] 5:01:27  393,657/1,000,000  21.8/s  upd=8320  L=0.0296  D=3.557
[alma] 5:01:37  393,657/1,000,000  21.8/s  upd=8320  L=0.0296  D=3.557
[alma] 5:01:47  394,024/1,000,000  21.8/s  upd=8327  L=0.0347  D=3.557
[alma] 5:01:58  394,024/1,000,000  21.7/s  upd=8328  L=0.0391  D=3.557
[alma] 5:02:08  394,382/1,000,000  21.8/s  upd=8333  L=0.0442  D=3.557
[alma] 5:02:18  394,382/1,000,000  21.7/s  upd=8336  L=0.0359  D=3.557
[alma] 5:02:29  394,726/1,000,000  21.7/s  upd=8339  L=0.0308  D=3.557
[alma] 5:02:39  394,726/1,000,000  21.7/s  upd=8344  L=0.0283  D=3.557
[alma] 5:02:49  394,726/1,000,000  21.7/s  upd=8344  L=0.0283  D=3.557
[alma] 5:03:00  395,085/1,000,000  21.7/s  upd=8349  L=0.0525  D=3.557
[alma] 5:03:11  395,085/1,000,000  21.7/s  upd=8352  L=0.0477  D=3.557
[alma] 5:03:21  395,085/1,000,000  21.7/s  upd=8352  L=0.0477  D=3.557
[alma] 5:03:31  395,514/1,000,000  21.7/s  upd=8357  L=0.0483  D=3.557
[alma] 5:04:34  395,514/1,000,000  21.6/s  upd=8360  L=0.0503  D=3.557
[alma] 5:04:44  397,219/1,000,000  21.7/s  upd=8395  L=0.0360  D=3.557
[alma] 5:04:55  398,857/1,000,000  21.8/s  upd=8432  L=0.0441  D=3.557
[alma] saved resume t_env=400,033
[alma] 5:06:53  400,033/1,000,000  21.7/s  upd=8456  L=0.0513  D=2.262
[alma] 5:07:04  400,798/1,000,000  21.8/s  upd=8472  L=0.0403  D=2.262
[alma] 5:07:14  401,577/1,000,000  21.8/s  upd=8488  L=0.0281  D=2.262
[alma] 5:07:24  402,615/1,000,000  21.8/s  upd=8507  L=0.0461  D=2.262
[alma] 5:07:34  403,357/1,000,000  21.9/s  upd=8528  L=0.0425  D=2.262
[alma] 5:07:44  405,210/1,000,000  21.9/s  upd=8568  L=0.0411  D=2.262
[alma] 5:07:54  407,137/1,000,000  22.0/s  upd=8606  L=0.0443  D=2.262
[alma] 5:08:04  408,677/1,000,000  22.1/s  upd=8635  L=0.0418  D=2.262
[alma] 5:08:14  410,697/1,000,000  22.2/s  upd=8673  L=0.0652  D=2.262
[alma] 5:08:24  411,400/1,000,000  22.2/s  upd=8696  L=0.0294  D=2.262
[alma] 5:08:34  412,546/1,000,000  22.3/s  upd=8718  L=0.0345  D=2.262
[alma] 5:08:44  413,242/1,000,000  22.3/s  upd=8735  L=0.0293  D=2.262
[alma] 5:08:54  413,689/1,000,000  22.3/s  upd=8737  L=0.0337  D=2.262
[alma] 5:09:04  413,689/1,000,000  22.3/s  upd=8744  L=0.0333  D=2.262
[alma] 5:09:15  414,024/1,000,000  22.3/s  upd=8752  L=0.0384  D=2.262
[alma] 5:09:25  414,390/1,000,000  22.3/s  upd=8754  L=0.0324  D=2.262
[alma] 5:09:35  414,390/1,000,000  22.3/s  upd=8760  L=0.0338  D=2.262
[alma] 5:09:45  414,753/1,000,000  22.3/s  upd=8765  L=0.0359  D=2.262
[alma] 5:11:35  414,753/1,000,000  22.2/s  upd=8768  L=0.0413  D=2.262
[alma] 5:11:45  415,843/1,000,000  22.2/s  upd=8786  L=0.0434  D=2.262
[alma] 5:11:55  416,613/1,000,000  22.3/s  upd=8805  L=0.0281  D=2.262
[alma] 5:12:05  417,355/1,000,000  22.3/s  upd=8824  L=0.0316  D=2.262
[alma] 5:12:15  417,683/1,000,000  22.3/s  upd=8832  L=0.0328  D=2.262
[alma] 5:12:25  417,683/1,000,000  22.3/s  upd=8832  L=0.0328  D=2.262
[alma] 5:12:35  418,076/1,000,000  22.3/s  upd=8840  L=0.0443  D=2.262
[alma] 5:12:45  418,412/1,000,000  22.3/s  upd=8847  L=0.0546  D=2.262
[alma] 5:12:55  418,716/1,000,000  22.3/s  upd=8855  L=0.0308  D=2.262
[alma] 5:13:05  418,716/1,000,000  22.3/s  upd=8856  L=0.0363  D=2.262
[alma] 5:13:15  418,716/1,000,000  22.3/s  upd=8856  L=0.0363  D=2.262
[alma] 5:13:26  419,118/1,000,000  22.3/s  upd=8864  L=0.0400  D=2.262
[alma] 5:13:37  419,468/1,000,000  22.3/s  upd=8870  L=0.0512  D=2.262
[alma] 5:13:47  419,856/1,000,000  22.3/s  upd=8873  L=0.0434  D=2.262
[alma] 5:13:57  419,856/1,000,000  22.3/s  upd=8880  L=0.0366  D=2.262
[alma] 5:14:07  420,271/1,000,000  22.3/s  upd=8887  L=0.0292  D=2.262
[alma] saved resume t_env=420,271
[alma] 5:15:15  420,271/1,000,000  22.2/s  upd=8888  L=0.0257  D=2.106
[alma] 5:15:25  420,601/1,000,000  22.2/s  upd=8893  L=0.0350  D=2.106
[alma] 5:15:36  420,601/1,000,000  22.2/s  upd=8896  L=0.0497  D=2.106
[alma] 5:15:46  420,904/1,000,000  22.2/s  upd=8900  L=0.0278  D=2.106
[alma] 5:15:57  420,904/1,000,000  22.2/s  upd=8904  L=0.0304  D=2.106
[alma] 5:16:08  421,218/1,000,000  22.2/s  upd=8911  L=0.0369  D=2.106
[alma] 5:16:18  421,218/1,000,000  22.2/s  upd=8912  L=0.0279  D=2.106
[alma] 5:16:29  421,602/1,000,000  22.2/s  upd=8920  L=0.0347  D=2.106
[alma] 5:16:39  421,602/1,000,000  22.2/s  upd=8920  L=0.0347  D=2.106
[alma] 5:16:50  421,944/1,000,000  22.2/s  upd=8922  L=0.0475  D=2.106
[alma] 5:17:34  421,944/1,000,000  22.1/s  upd=8928  L=0.0416  D=2.106
[alma] 5:17:44  422,263/1,000,000  22.1/s  upd=8936  L=0.0408  D=2.106
[alma] 5:17:54  422,625/1,000,000  22.2/s  upd=8944  L=0.0541  D=2.106
[alma] 5:18:04  423,006/1,000,000  22.2/s  upd=8952  L=0.0259  D=2.106
[alma] 5:18:14  423,337/1,000,000  22.2/s  upd=8954  L=0.0387  D=2.106
[alma] 5:18:25  423,677/1,000,000  22.2/s  upd=8962  L=0.0441  D=2.106
[alma] 5:18:35  423,677/1,000,000  22.2/s  upd=8968  L=0.0336  D=2.106
[alma] 5:18:45  423,984/1,000,000  22.2/s  upd=8975  L=0.0528  D=2.106
[alma] 5:18:56  424,360/1,000,000  22.2/s  upd=8980  L=0.0440  D=2.106
[alma] 5:19:06  424,686/1,000,000  22.2/s  upd=8985  L=0.0343  D=2.106
[alma] 5:19:16  424,686/1,000,000  22.2/s  upd=8992  L=0.0473  D=2.106
[alma] 5:19:26  425,039/1,000,000  22.2/s  upd=8994  L=0.0464  D=2.106
[alma] 5:19:37  425,039/1,000,000  22.2/s  upd=9000  L=0.0322  D=2.106
[alma] 5:19:47  425,404/1,000,000  22.2/s  upd=9007  L=0.0310  D=2.106
[alma] 5:19:58  425,778/1,000,000  22.2/s  upd=9009  L=0.0428  D=2.106
[alma] 5:20:08  425,778/1,000,000  22.2/s  upd=9016  L=0.0496  D=2.106
[alma] 5:20:18  426,070/1,000,000  22.2/s  upd=9024  L=0.0335  D=2.106
[alma] 5:20:28  426,070/1,000,000  22.2/s  upd=9024  L=0.0335  D=2.106
[alma] 5:20:39  426,070/1,000,000  22.1/s  upd=9024  L=0.0335  D=2.106
[alma] 5:20:49  426,472/1,000,000  22.2/s  upd=9032  L=0.0446  D=2.106
[alma] 5:20:59  426,810/1,000,000  22.2/s  upd=9040  L=0.0309  D=2.106
[alma] 5:21:09  427,147/1,000,000  22.2/s  upd=9048  L=0.0330  D=2.106
[alma] 5:21:20  427,442/1,000,000  22.2/s  upd=9052  L=0.0422  D=2.106
[alma] 5:21:30  427,442/1,000,000  22.2/s  upd=9056  L=0.0459  D=2.106
[alma] 5:21:41  427,798/1,000,000  22.2/s  upd=9064  L=0.0375  D=2.106
[alma] 5:21:51  428,157/1,000,000  22.2/s  upd=9067  L=0.0348  D=2.106
[alma] 5:22:01  428,157/1,000,000  22.2/s  upd=9072  L=0.0295  D=2.106
[alma] 5:22:11  428,478/1,000,000  22.2/s  upd=9080  L=0.0603  D=2.106
[alma] 5:22:22  428,857/1,000,000  22.2/s  upd=9085  L=0.0508  D=2.106
[alma] 5:22:32  429,185/1,000,000  22.2/s  upd=9091  L=0.0405  D=2.106
[alma] 5:24:16  429,185/1,000,000  22.1/s  upd=9096  L=0.0237  D=2.106
[alma] saved resume t_env=429,505
[alma] 5:24:26  429,891/1,000,000  22.1/s  upd=9112  L=0.0318  D=2.106
[alma] 5:24:36  430,612/1,000,000  22.1/s  upd=9125  L=0.0564  D=2.106
[alma] 5:24:46  431,352/1,000,000  22.1/s  upd=9141  L=0.0503  D=2.106
[alma] 5:24:56  432,101/1,000,000  22.2/s  upd=9160  L=0.0485  D=2.106
[alma] 5:25:06  432,907/1,000,000  22.2/s  upd=9176  L=0.0668  D=2.106
[alma] 5:25:16  434,035/1,000,000  22.2/s  upd=9193  L=0.0340  D=2.106
[alma] 5:25:27  434,837/1,000,000  22.3/s  upd=9214  L=0.0352  D=2.106
[alma] 5:25:37  435,516/1,000,000  22.3/s  upd=9232  L=0.0543  D=2.106
[alma] 5:25:47  436,206/1,000,000  22.3/s  upd=9243  L=0.0283  D=2.106
[alma] 5:25:57  436,206/1,000,000  22.3/s  upd=9248  L=0.0461  D=2.106
[alma] 5:26:07  436,582/1,000,000  22.3/s  upd=9256  L=0.0433  D=2.106
[alma] 5:26:17  436,908/1,000,000  22.3/s  upd=9261  L=0.0338  D=2.106
[alma] 5:26:27  436,908/1,000,000  22.3/s  upd=9264  L=0.0331  D=2.106
[alma] 5:26:38  437,265/1,000,000  22.3/s  upd=9272  L=0.0343  D=2.106
[alma] 5:26:48  437,265/1,000,000  22.3/s  upd=9272  L=0.0343  D=2.106
[alma] 5:26:58  437,624/1,000,000  22.3/s  upd=9280  L=0.0358  D=2.106
[alma] 5:27:08  437,940/1,000,000  22.3/s  upd=9281  L=0.0357  D=2.106
[alma] 5:27:18  437,940/1,000,000  22.3/s  upd=9288  L=0.0680  D=2.106
[alma] 5:27:28  437,940/1,000,000  22.3/s  upd=9288  L=0.0680  D=2.106
[alma] 5:27:38  438,264/1,000,000  22.3/s  upd=9296  L=0.0291  D=2.106
[alma] 5:27:49  438,615/1,000,000  22.3/s  upd=9301  L=0.0396  D=2.106
[alma] 5:27:59  438,615/1,000,000  22.3/s  upd=9304  L=0.0356  D=2.106
[alma] 5:28:09  438,945/1,000,000  22.3/s  upd=9312  L=0.0677  D=2.106
[alma] 5:28:20  439,303/1,000,000  22.3/s  upd=9314  L=0.0347  D=2.106
[alma] 5:28:30  439,621/1,000,000  22.3/s  upd=9326  L=0.0324  D=2.106
[alma] 5:28:41  440,005/1,000,000  22.3/s  upd=9335  L=0.0339  D=2.106
[alma] saved resume t_env=440,005
[alma] 5:30:18  440,005/1,000,000  22.2/s  upd=9336  L=0.0357  D=1.982
[alma] 5:31:14  440,005/1,000,000  22.1/s  upd=9336  L=0.0357  D=1.982
[alma] 5:31:24  440,708/1,000,000  22.2/s  upd=9352  L=0.0562  D=1.982
[alma] 5:31:34  441,673/1,000,000  22.2/s  upd=9371  L=0.0397  D=1.982
[alma] 5:31:44  442,314/1,000,000  22.2/s  upd=9392  L=0.0658  D=1.982
[alma] 5:31:54  442,944/1,000,000  22.2/s  upd=9408  L=0.0443  D=1.982
[alma] 5:32:05  444,258/1,000,000  22.3/s  upd=9437  L=0.0562  D=1.982
[alma] 5:32:15  445,273/1,000,000  22.3/s  upd=9464  L=0.0301  D=1.982
[alma] 5:32:25  445,918/1,000,000  22.4/s  upd=9474  L=0.0533  D=1.982
[alma] 5:32:35  446,246/1,000,000  22.4/s  upd=9488  L=0.0397  D=1.982
[alma] 5:32:45  446,578/1,000,000  22.4/s  upd=9496  L=0.0434  D=1.982
[alma] 5:32:56  446,874/1,000,000  22.4/s  upd=9502  L=0.0321  D=1.982
[alma] 5:33:06  447,183/1,000,000  22.4/s  upd=9506  L=0.0512  D=1.982
[alma] 5:33:16  447,183/1,000,000  22.4/s  upd=9512  L=0.0615  D=1.982
[alma] 5:33:26  447,500/1,000,000  22.4/s  upd=9520  L=0.0354  D=1.982
[alma] 5:33:37  447,802/1,000,000  22.4/s  upd=9528  L=0.0296  D=1.982
[alma] 5:33:47  447,802/1,000,000  22.4/s  upd=9528  L=0.0296  D=1.982
[alma] 5:33:57  448,178/1,000,000  22.4/s  upd=9536  L=0.0327  D=1.982
[alma] 5:34:08  448,651/1,000,000  22.4/s  upd=9539  L=0.0423  D=1.982
[alma] 5:34:19  448,966/1,000,000  22.4/s  upd=9546  L=0.0604  D=1.982
[alma] 5:34:29  448,966/1,000,000  22.4/s  upd=9552  L=0.0387  D=1.982
[alma] 5:34:39  449,319/1,000,000  22.4/s  upd=9560  L=0.0494  D=1.982
[alma] 5:34:50  449,644/1,000,000  22.4/s  upd=9565  L=0.0594  D=1.982
[alma] 5:35:00  449,946/1,000,000  22.4/s  upd=9576  L=0.0333  D=1.982
[alma] 5:35:11  450,269/1,000,000  22.4/s  upd=9581  L=0.0403  D=1.982
[alma] 5:35:21  450,594/1,000,000  22.4/s  upd=9590  L=0.0513  D=1.982
[alma] 5:35:33  450,890/1,000,000  22.4/s  upd=9596  L=0.0600  D=1.982
[alma] 5:35:43  451,165/1,000,000  22.4/s  upd=9604  L=0.0451  D=1.982
[alma] 5:35:54  451,165/1,000,000  22.4/s  upd=9608  L=0.0457  D=1.982
[alma] 5:36:04  451,493/1,000,000  22.4/s  upd=9616  L=0.0340  D=1.982
[alma] 5:36:14  451,837/1,000,000  22.4/s  upd=9620  L=0.0518  D=1.982
[alma] 5:37:44  451,837/1,000,000  22.3/s  upd=9624  L=0.0367  D=1.982
[alma] 5:37:54  452,585/1,000,000  22.3/s  upd=9640  L=0.0559  D=1.982
[alma] 5:38:04  453,621/1,000,000  22.4/s  upd=9658  L=0.0489  D=1.982
[alma] 5:38:14  454,326/1,000,000  22.4/s  upd=9677  L=0.0811  D=1.982
[alma] 5:38:24  455,007/1,000,000  22.4/s  upd=9696  L=0.0362  D=1.982
[alma] 5:38:34  455,658/1,000,000  22.4/s  upd=9712  L=0.0379  D=1.982
[alma] 5:38:44  456,447/1,000,000  22.5/s  upd=9725  L=0.0419  D=1.982
[alma] saved resume t_env=456,447
[alma] 5:38:54  456,447/1,000,000  22.4/s  upd=9728  L=0.0419  D=1.982
[alma] 5:39:05  457,059/1,000,000  22.5/s  upd=9739  L=0.0645  D=1.982
[alma] 5:39:15  457,059/1,000,000  22.5/s  upd=9744  L=0.0436  D=1.982
[alma] 5:39:25  457,449/1,000,000  22.5/s  upd=9752  L=0.0451  D=1.982
[alma] 5:39:35  458,120/1,000,000  22.5/s  upd=9762  L=0.0376  D=1.982
[alma] 5:39:45  458,120/1,000,000  22.5/s  upd=9768  L=0.0564  D=1.982
[alma] 5:39:55  458,481/1,000,000  22.5/s  upd=9769  L=0.0496  D=1.982
[alma] 5:40:05  458,481/1,000,000  22.5/s  upd=9776  L=0.0466  D=1.982
[alma] 5:40:15  458,754/1,000,000  22.5/s  upd=9784  L=0.0596  D=1.982
[alma] 5:40:26  458,754/1,000,000  22.5/s  upd=9784  L=0.0596  D=1.982
[alma] 5:40:36  459,105/1,000,000  22.5/s  upd=9791  L=0.0363  D=1.982
[alma] 5:40:46  459,105/1,000,000  22.5/s  upd=9792  L=0.0416  D=1.982
[alma] 5:40:57  459,441/1,000,000  22.5/s  upd=9797  L=0.0423  D=1.982
[alma] 5:41:07  459,441/1,000,000  22.4/s  upd=9800  L=0.0380  D=1.982
[alma] 5:41:17  459,800/1,000,000  22.5/s  upd=9803  L=0.0584  D=1.982
[alma] 5:41:27  459,800/1,000,000  22.4/s  upd=9808  L=0.0544  D=1.982
[alma] 5:41:38  460,153/1,000,000  22.4/s  upd=9814  L=0.0316  D=1.982
[alma] saved resume t_env=460,153
[alma] 5:42:51  460,153/1,000,000  22.4/s  upd=9816  L=0.0390  D=1.712
[alma] 5:43:48  460,153/1,000,000  22.3/s  upd=9816  L=0.0390  D=1.712
[alma] 5:43:58  460,153/1,000,000  22.3/s  upd=9816  L=0.0390  D=1.712
[alma] 5:44:09  460,553/1,000,000  22.3/s  upd=9824  L=0.0511  D=1.712
[alma] 5:44:19  460,904/1,000,000  22.3/s  upd=9828  L=0.0372  D=1.712
[alma] 5:44:29  460,904/1,000,000  22.3/s  upd=9832  L=0.0409  D=1.712
[alma] 5:44:40  461,269/1,000,000  22.3/s  upd=9840  L=0.0468  D=1.712
[alma] 5:44:50  461,596/1,000,000  22.3/s  upd=9842  L=0.0287  D=1.712
[alma] 5:45:00  461,959/1,000,000  22.3/s  upd=9852  L=0.0407  D=1.712
[alma] 5:45:10  462,343/1,000,000  22.3/s  upd=9864  L=0.0449  D=1.712
[alma] 5:45:20  463,499/1,000,000  22.4/s  upd=9883  L=0.0424  D=1.712
[alma] 5:45:30  463,814/1,000,000  22.4/s  upd=9893  L=0.0456  D=1.712
[alma] 5:45:40  463,814/1,000,000  22.4/s  upd=9896  L=0.0462  D=1.712
[alma] 5:45:50  464,165/1,000,000  22.4/s  upd=9904  L=0.0352  D=1.712
[alma] 5:46:00  464,531/1,000,000  22.4/s  upd=9910  L=0.0287  D=1.712
[alma] 5:46:11  464,877/1,000,000  22.4/s  upd=9915  L=0.0365  D=1.712
[alma] 5:46:21  464,877/1,000,000  22.4/s  upd=9920  L=0.0469  D=1.712
[alma] 5:46:31  465,576/1,000,000  22.4/s  upd=9931  L=0.0552  D=1.712
[alma] 5:46:41  465,901/1,000,000  22.4/s  upd=9944  L=0.0758  D=1.712
[alma] 5:46:51  466,584/1,000,000  22.4/s  upd=9956  L=0.0468  D=1.712
[alma] 5:47:02  466,911/1,000,000  22.4/s  upd=9968  L=0.0380  D=1.712
[alma] 5:47:12  467,228/1,000,000  22.4/s  upd=9976  L=0.0727  D=1.712
[alma] 5:47:22  467,917/1,000,000  22.5/s  upd=9987  L=0.0469  D=1.712
[alma] 5:47:32  468,267/1,000,000  22.5/s  upd=10000  L=0.0489  D=1.712
[alma] 5:47:42  468,956/1,000,000  22.5/s  upd=10009  L=0.0429  D=1.712
[alma] 5:47:52  469,363/1,000,000  22.5/s  upd=10020  L=0.0368  D=1.712
[alma] 5:48:02  469,688/1,000,000  22.5/s  upd=10032  L=0.0329  D=1.712
[alma] 5:48:13  470,378/1,000,000  22.5/s  upd=10048  L=0.0437  D=1.712
[alma] 5:48:23  471,106/1,000,000  22.5/s  upd=10060  L=0.0292  D=1.712
[alma] 5:48:33  471,737/1,000,000  22.6/s  upd=10074  L=0.0412  D=1.712
[alma] 5:48:43  472,087/1,000,000  22.6/s  upd=10088  L=0.0623  D=1.712
[alma] 5:50:35  472,417/1,000,000  22.5/s  upd=10096  L=0.0428  D=1.712
[alma] 5:50:45  473,376/1,000,000  22.5/s  upd=10113  L=0.0578  D=1.712
[alma] 5:50:55  474,009/1,000,000  22.5/s  upd=10134  L=0.0491  D=1.712
[alma] 5:51:05  474,674/1,000,000  22.5/s  upd=10152  L=0.0420  D=1.712
[alma] 5:51:15  475,635/1,000,000  22.6/s  upd=10170  L=0.0497  D=1.712
[alma] 5:51:25  476,317/1,000,000  22.6/s  upd=10190  L=0.0405  D=1.712
[alma] 5:51:35  476,980/1,000,000  22.6/s  upd=10208  L=0.0348  D=1.712
[alma] 5:51:45  477,952/1,000,000  22.6/s  upd=10229  L=0.0252  D=1.712
[alma] saved resume t_env=477,952
[alma] 5:51:55  478,308/1,000,000  22.7/s  upd=10239  L=0.0209  D=1.712
[alma] 5:52:05  479,038/1,000,000  22.7/s  upd=10256  L=0.0384  D=1.712
[alma] 5:52:16  480,086/1,000,000  22.7/s  upd=10273  L=0.0434  D=1.712
[alma] saved resume t_env=480,086
[alma] 5:54:48  480,086/1,000,000  22.6/s  upd=10280  L=0.0349  D=1.897
[alma] 5:54:58  480,352/1,000,000  22.6/s  upd=10288  L=0.0381  D=1.897
[alma] 5:55:08  480,639/1,000,000  22.6/s  upd=10295  L=0.0544  D=1.897
[alma] 5:55:19  481,010/1,000,000  22.6/s  upd=10298  L=0.0275  D=1.897
[alma] 5:55:29  481,010/1,000,000  22.6/s  upd=10304  L=0.0401  D=1.897
[alma] 5:55:39  481,331/1,000,000  22.6/s  upd=10311  L=0.0289  D=1.897
[alma] 5:57:40  481,331/1,000,000  22.4/s  upd=10312  L=0.0425  D=1.897
[alma] 5:57:50  481,331/1,000,000  22.4/s  upd=10312  L=0.0425  D=1.897
[alma] 5:58:01  481,331/1,000,000  22.4/s  upd=10312  L=0.0425  D=1.897
[alma] 5:58:11  481,684/1,000,000  22.4/s  upd=10320  L=0.0378  D=1.897
[alma] 5:58:21  482,041/1,000,000  22.4/s  upd=10326  L=0.0344  D=1.897
[alma] 5:58:31  482,356/1,000,000  22.4/s  upd=10331  L=0.0200  D=1.897
[alma] 5:58:41  482,356/1,000,000  22.4/s  upd=10336  L=0.0220  D=1.897
[alma] 5:58:51  482,682/1,000,000  22.4/s  upd=10344  L=0.0372  D=1.897
[alma] 5:59:01  483,015/1,000,000  22.4/s  upd=10352  L=0.0324  D=1.897
[alma] 5:59:11  483,698/1,000,000  22.4/s  upd=10362  L=0.0407  D=1.897
[alma] 5:59:21  483,992/1,000,000  22.4/s  upd=10373  L=0.0516  D=1.897
[alma] 5:59:31  484,297/1,000,000  22.5/s  upd=10384  L=0.0332  D=1.897
[alma] 5:59:42  484,297/1,000,000  22.4/s  upd=10384  L=0.0332  D=1.897
[alma] 5:59:52  484,662/1,000,000  22.4/s  upd=10392  L=0.0354  D=1.897
[alma] 6:00:02  484,982/1,000,000  22.5/s  upd=10400  L=0.0266  D=1.897
[alma] 6:00:12  485,278/1,000,000  22.5/s  upd=10404  L=0.0522  D=1.897
[alma] 6:00:22  485,620/1,000,000  22.5/s  upd=10409  L=0.0474  D=1.897
[alma] 6:00:32  485,620/1,000,000  22.4/s  upd=10416  L=0.0252  D=1.897
[alma] 6:00:42  485,979/1,000,000  22.5/s  upd=10424  L=0.0419  D=1.897
[alma] 6:00:53  486,347/1,000,000  22.5/s  upd=10426  L=0.0481  D=1.897
[alma] 6:01:03  486,347/1,000,000  22.5/s  upd=10432  L=0.0326  D=1.897
[alma] 6:01:13  486,685/1,000,000  22.5/s  upd=10440  L=0.0403  D=1.897
[alma] 6:01:24  487,084/1,000,000  22.5/s  upd=10443  L=0.0300  D=1.897
[alma] 6:01:34  487,084/1,000,000  22.5/s  upd=10448  L=0.0367  D=1.897
[alma] 6:01:44  487,406/1,000,000  22.5/s  upd=10456  L=0.0336  D=1.897
[alma] 6:01:54  487,720/1,000,000  22.5/s  upd=10464  L=0.0547  D=1.897
[alma] 6:02:05  488,033/1,000,000  22.5/s  upd=10472  L=0.0416  D=1.897
[alma] 6:02:15  488,392/1,000,000  22.5/s  upd=10476  L=0.0268  D=1.897
[alma] 6:02:26  488,392/1,000,000  22.5/s  upd=10480  L=0.0429  D=1.897
[alma] saved resume t_env=488,738
[alma] 6:02:36  488,738/1,000,000  22.5/s  upd=10488  L=0.0442  D=1.897
[alma] 6:02:46  489,123/1,000,000  22.5/s  upd=10495  L=0.0318  D=1.897
[alma] 6:04:01  489,123/1,000,000  22.4/s  upd=10496  L=0.0426  D=1.897
[alma] 6:04:11  489,400/1,000,000  22.4/s  upd=10504  L=0.0338  D=1.897
[alma] 6:04:22  489,673/1,000,000  22.4/s  upd=10506  L=0.0538  D=1.897
[alma] 6:04:32  489,946/1,000,000  22.4/s  upd=10513  L=0.0402  D=1.897
[alma] 6:04:42  489,946/1,000,000  22.4/s  upd=10520  L=0.0384  D=1.897
[alma] 6:04:53  490,260/1,000,000  22.4/s  upd=10526  L=0.0362  D=1.897
[alma] 6:05:03  490,866/1,000,000  22.4/s  upd=10544  L=0.0411  D=1.897
[alma] 6:05:13  491,846/1,000,000  22.4/s  upd=10563  L=0.0376  D=1.897
[alma] 6:05:23  492,207/1,000,000  22.5/s  upd=10576  L=0.0322  D=1.897
[alma] 6:05:33  492,859/1,000,000  22.5/s  upd=10592  L=0.0263  D=1.897
[alma] 6:05:43  493,435/1,000,000  22.5/s  upd=10608  L=0.0320  D=1.897
[alma] 6:05:54  494,107/1,000,000  22.5/s  upd=10621  L=0.0508  D=1.897
[alma] 6:06:04  494,800/1,000,000  22.5/s  upd=10640  L=0.0401  D=1.897
[alma] 6:06:14  495,799/1,000,000  22.6/s  upd=10657  L=0.0296  D=1.897
[alma] 6:06:24  496,441/1,000,000  22.6/s  upd=10677  L=0.0357  D=1.897
[alma] 6:06:34  497,113/1,000,000  22.6/s  upd=10696  L=0.0304  D=1.897
[alma] 6:06:44  498,013/1,000,000  22.6/s  upd=10718  L=0.0348  D=1.897
[alma] 6:06:54  498,680/1,000,000  22.7/s  upd=10736  L=0.0337  D=1.897
[alma] 6:07:04  499,552/1,000,000  22.7/s  upd=10753  L=0.0656  D=1.897
[alma] 6:07:14  500,180/1,000,000  22.7/s  upd=10774  L=0.0366  D=1.897
[alma] saved resume t_env=500,180
[alma] 6:10:06  500,180/1,000,000  22.5/s  upd=10776  L=0.0301  D=1.218
[alma] 6:12:27  500,180/1,000,000  22.4/s  upd=10776  L=0.0301  D=1.218
[alma] 6:12:38  500,180/1,000,000  22.4/s  upd=10776  L=0.0301  D=1.218
[alma] 6:12:48  500,485/1,000,000  22.4/s  upd=10784  L=0.0403  D=1.218
[alma] 6:12:58  500,485/1,000,000  22.4/s  upd=10784  L=0.0403  D=1.218
[alma] 6:13:09  500,824/1,000,000  22.4/s  upd=10790  L=0.0500  D=1.218
[alma] 6:13:19  500,824/1,000,000  22.4/s  upd=10792  L=0.0431  D=1.218
[alma] 6:13:29  501,154/1,000,000  22.4/s  upd=10800  L=0.0363  D=1.218
[alma] 6:13:39  501,472/1,000,000  22.4/s  upd=10803  L=0.0441  D=1.218
[alma] 6:13:49  501,472/1,000,000  22.4/s  upd=10808  L=0.0284  D=1.218
[alma] 6:13:59  502,054/1,000,000  22.4/s  upd=10819  L=0.0396  D=1.218
[alma] 6:14:10  502,374/1,000,000  22.4/s  upd=10826  L=0.0291  D=1.218
[alma] 6:14:20  503,012/1,000,000  22.4/s  upd=10843  L=0.0353  D=1.218
[alma] 6:14:30  504,743/1,000,000  22.5/s  upd=10881  L=0.0413  D=1.218
[alma] 6:14:40  506,054/1,000,000  22.5/s  upd=10920  L=0.0304  D=1.218
[alma] 6:14:50  507,704/1,000,000  22.6/s  upd=10954  L=0.0385  D=1.218
[alma] 6:15:00  509,438/1,000,000  22.6/s  upd=10997  L=0.0230  D=1.218
[alma] 6:15:10  510,998/1,000,000  22.7/s  upd=11039  L=0.0312  D=1.218
[alma] 6:15:20  512,571/1,000,000  22.8/s  upd=11073  L=0.0483  D=1.218
[alma] 6:15:30  513,522/1,000,000  22.8/s  upd=11102  L=0.0297  D=1.218
[alma] 6:15:40  514,437/1,000,000  22.8/s  upd=11125  L=0.0444  D=1.218
[alma] 6:15:51  514,782/1,000,000  22.8/s  upd=11136  L=0.0468  D=1.218
[alma] 6:16:01  515,099/1,000,000  22.8/s  upd=11143  L=0.0356  D=1.218
[alma] 6:16:11  515,714/1,000,000  22.8/s  upd=11155  L=0.0294  D=1.218
[alma] 6:16:21  515,714/1,000,000  22.8/s  upd=11160  L=0.0338  D=1.218
[alma] 6:16:32  516,070/1,000,000  22.8/s  upd=11168  L=0.0287  D=1.218
[alma] 6:16:42  516,408/1,000,000  22.8/s  upd=11176  L=0.0554  D=1.218
[alma] 6:16:52  516,700/1,000,000  22.8/s  upd=11183  L=0.0458  D=1.218
[alma] 6:17:03  516,999/1,000,000  22.9/s  upd=11188  L=0.0273  D=1.218
[alma] 6:17:13  517,299/1,000,000  22.9/s  upd=11194  L=0.0271  D=1.218
[alma] 6:17:23  517,299/1,000,000  22.8/s  upd=11200  L=0.0250  D=1.218
[alma] saved resume t_env=517,627
[alma] 6:19:31  517,627/1,000,000  22.7/s  upd=11208  L=0.0497  D=1.218
[alma] 6:19:41  517,627/1,000,000  22.7/s  upd=11208  L=0.0497  D=1.218
[alma] 6:19:52  517,918/1,000,000  22.7/s  upd=11216  L=0.0317  D=1.218
[alma] 6:20:02  518,268/1,000,000  22.7/s  upd=11224  L=0.0436  D=1.218
[alma] 6:20:12  518,612/1,000,000  22.7/s  upd=11227  L=0.0310  D=1.218
[alma] 6:20:22  518,612/1,000,000  22.7/s  upd=11232  L=0.0294  D=1.218
[alma] 6:20:32  518,954/1,000,000  22.7/s  upd=11240  L=0.0363  D=1.218
[alma] 6:20:42  519,285/1,000,000  22.7/s  upd=11241  L=0.0293  D=1.218
[alma] 6:20:52  519,285/1,000,000  22.7/s  upd=11248  L=0.0405  D=1.218
[alma] 6:21:02  519,895/1,000,000  22.7/s  upd=11258  L=0.0453  D=1.218
[alma] saved resume t_env=520,191
[alma] 6:23:00  520,191/1,000,000  22.6/s  upd=11272  L=0.0280  D=1.449
[alma] 6:23:10  520,565/1,000,000  22.6/s  upd=11280  L=0.0384  D=1.449
[alma] 6:23:20  521,271/1,000,000  22.7/s  upd=11290  L=0.0311  D=1.449
[alma] 6:23:30  521,571/1,000,000  22.7/s  upd=11304  L=0.0208  D=1.449
[alma] 6:23:41  521,899/1,000,000  22.7/s  upd=11310  L=0.0520  D=1.449
[alma] 6:23:51  521,899/1,000,000  22.7/s  upd=11312  L=0.0426  D=1.449
[alma] 6:24:01  522,216/1,000,000  22.7/s  upd=11320  L=0.0383  D=1.449
[alma] 6:24:11  522,544/1,000,000  22.7/s  upd=11328  L=0.0405  D=1.449
[alma] 6:24:22  522,872/1,000,000  22.7/s  upd=11336  L=0.0302  D=1.449
[alma] 6:24:32  523,256/1,000,000  22.7/s  upd=11343  L=0.0250  D=1.449
[alma] 6:25:21  523,256/1,000,000  22.6/s  upd=11344  L=0.0281  D=1.449
[alma] 6:25:31  523,256/1,000,000  22.6/s  upd=11344  L=0.0281  D=1.449
[alma] 6:25:41  523,582/1,000,000  22.6/s  upd=11352  L=0.0412  D=1.449
[alma] 6:25:51  523,582/1,000,000  22.6/s  upd=11352  L=0.0412  D=1.449
[alma] 6:26:01  523,914/1,000,000  22.6/s  upd=11357  L=0.0300  D=1.449
[alma] 6:26:12  523,914/1,000,000  22.6/s  upd=11360  L=0.0297  D=1.449
[alma] 6:26:23  524,279/1,000,000  22.6/s  upd=11364  L=0.0313  D=1.449
[alma] 6:26:33  524,576/1,000,000  22.6/s  upd=11370  L=0.0340  D=1.449
[alma] 6:26:43  524,576/1,000,000  22.6/s  upd=11376  L=0.0415  D=1.449
[alma] 6:26:54  524,881/1,000,000  22.6/s  upd=11384  L=0.0290  D=1.449
[alma] 6:27:04  525,176/1,000,000  22.6/s  upd=11392  L=0.0318  D=1.449
[alma] 6:27:14  525,495/1,000,000  22.6/s  upd=11400  L=0.0380  D=1.449
[alma] 6:27:24  525,784/1,000,000  22.6/s  upd=11408  L=0.0353  D=1.449
[alma] 6:27:34  526,191/1,000,000  22.6/s  upd=11416  L=0.0303  D=1.449
[alma] 6:27:44  526,518/1,000,000  22.6/s  upd=11424  L=0.0245  D=1.449
[alma] 6:27:54  526,863/1,000,000  22.6/s  upd=11432  L=0.0257  D=1.449
[alma] 6:28:05  527,460/1,000,000  22.7/s  upd=11441  L=0.0283  D=1.449
[alma] 6:28:15  527,766/1,000,000  22.7/s  upd=11451  L=0.0280  D=1.449
[alma] 6:28:26  527,766/1,000,000  22.6/s  upd=11456  L=0.0573  D=1.449
[alma] 6:28:36  528,052/1,000,000  22.6/s  upd=11464  L=0.0387  D=1.449
[alma] 6:28:47  528,422/1,000,000  22.7/s  upd=11468  L=0.0340  D=1.449
[alma] 6:28:58  528,732/1,000,000  22.7/s  upd=11477  L=0.0336  D=1.449
[alma] 6:29:08  529,060/1,000,000  22.7/s  upd=11481  L=0.0331  D=1.449
[alma] 6:29:19  529,060/1,000,000  22.6/s  upd=11488  L=0.0347  D=1.449
[alma] 6:29:29  529,375/1,000,000  22.7/s  upd=11495  L=0.0375  D=1.449
[alma] 6:29:40  529,608/1,000,000  22.7/s  upd=11502  L=0.0321  D=1.449
[alma] 6:29:51  529,954/1,000,000  22.7/s  upd=11512  L=0.0313  D=1.449
[alma] 6:30:02  530,257/1,000,000  22.7/s  upd=11516  L=0.0337  D=1.449
[alma] 6:30:12  530,548/1,000,000  22.7/s  upd=11521  L=0.0315  D=1.449
[alma] 6:30:22  530,548/1,000,000  22.7/s  upd=11528  L=0.0323  D=1.449
[alma] 6:30:33  530,851/1,000,000  22.7/s  upd=11532  L=0.0396  D=1.449
[alma] 6:31:38  530,851/1,000,000  22.6/s  upd=11536  L=0.0381  D=1.449
[alma] 6:31:48  531,148/1,000,000  22.6/s  upd=11540  L=0.0314  D=1.449
[alma] saved resume t_env=531,148
[alma] 6:31:58  531,148/1,000,000  22.6/s  upd=11544  L=0.0286  D=1.449
[alma] 6:32:09  531,417/1,000,000  22.6/s  upd=11552  L=0.0271  D=1.449
[alma] 6:32:19  531,717/1,000,000  22.6/s  upd=11560  L=0.0309  D=1.449
[alma] 6:32:29  531,992/1,000,000  22.6/s  upd=11568  L=0.0310  D=1.449
[alma] 6:32:39  532,383/1,000,000  22.6/s  upd=11572  L=0.0272  D=1.449
[alma] 6:32:49  532,383/1,000,000  22.6/s  upd=11576  L=0.0360  D=1.449
[alma] 6:32:59  532,764/1,000,000  22.6/s  upd=11584  L=0.0316  D=1.449
[alma] 6:33:09  533,059/1,000,000  22.6/s  upd=11592  L=0.0265  D=1.449
[alma] 6:33:19  533,059/1,000,000  22.6/s  upd=11592  L=0.0265  D=1.449
[alma] 6:33:30  533,694/1,000,000  22.6/s  upd=11601  L=0.0323  D=1.449
[alma] 6:33:40  534,057/1,000,000  22.6/s  upd=11610  L=0.0494  D=1.449
[alma] 6:33:50  534,354/1,000,000  22.6/s  upd=11624  L=0.0427  D=1.449
[alma] 6:34:00  534,659/1,000,000  22.6/s  upd=11632  L=0.0424  D=1.449
[alma] 6:34:10  534,929/1,000,000  22.6/s  upd=11640  L=0.0274  D=1.449
[alma] 6:34:20  535,560/1,000,000  22.6/s  upd=11656  L=0.0264  D=1.449
[alma] 6:34:31  536,291/1,000,000  22.7/s  upd=11672  L=0.0305  D=1.449
[alma] 6:34:41  536,590/1,000,000  22.7/s  upd=11680  L=0.0308  D=1.449
[alma] 6:34:51  536,839/1,000,000  22.7/s  upd=11688  L=0.0393  D=1.449
[alma] 6:35:01  537,153/1,000,000  22.7/s  upd=11696  L=0.0253  D=1.449
[alma] 6:35:11  537,484/1,000,000  22.7/s  upd=11704  L=0.0248  D=1.449
[alma] 6:35:21  539,302/1,000,000  22.7/s  upd=11752  L=0.0240  D=1.449
[alma] saved resume t_env=540,268
[alma] 6:35:48  540,268/1,000,000  22.7/s  upd=11776  L=0.0261  ev=0/100  D=1.449
[alma] 6:35:58  540,268/1,000,000  22.7/s  upd=11776  L=0.0261  ev=97/100  D=1.449
[alma] 6:38:42  540,268/1,000,000  22.6/s  upd=11776  L=0.0261  D=1.707
[alma] 6:41:04  540,268/1,000,000  22.5/s  upd=11776  L=0.0261  D=1.707
[alma] 6:41:14  540,944/1,000,000  22.5/s  upd=11792  L=0.0290  D=1.707
[alma] 6:41:25  541,548/1,000,000  22.5/s  upd=11808  L=0.0259  D=1.707
[alma] 6:41:35  542,514/1,000,000  22.5/s  upd=11828  L=0.0296  D=1.707
[alma] 6:41:45  543,090/1,000,000  22.5/s  upd=11848  L=0.0296  D=1.707
[alma] 6:41:55  544,314/1,000,000  22.6/s  upd=11874  L=0.0285  D=1.707
[alma] 6:42:05  545,477/1,000,000  22.6/s  upd=11908  L=0.0253  D=1.707
[alma] 6:42:15  545,839/1,000,000  22.6/s  upd=11920  L=0.0292  D=1.707
[alma] 6:42:25  546,460/1,000,000  22.6/s  upd=11932  L=0.0343  D=1.707
[alma] 6:42:35  547,119/1,000,000  22.6/s  upd=11945  L=0.0305  D=1.707
[alma] 6:42:45  547,430/1,000,000  22.7/s  upd=11960  L=0.0318  D=1.707
[alma] 6:42:56  548,033/1,000,000  22.7/s  upd=11971  L=0.0484  D=1.707
[alma] 6:43:06  548,328/1,000,000  22.7/s  upd=11980  L=0.0280  D=1.707
[alma] 6:43:17  548,632/1,000,000  22.7/s  upd=11989  L=0.0418  D=1.707
[alma] 6:43:27  548,958/1,000,000  22.7/s  upd=11994  L=0.0295  D=1.707
[alma] 6:43:37  549,323/1,000,000  22.7/s  upd=12004  L=0.0330  D=1.707
[alma] 6:43:47  549,323/1,000,000  22.7/s  upd=12008  L=0.0293  D=1.707
[alma] 6:43:57  549,963/1,000,000  22.7/s  upd=12018  L=0.0254  D=1.707
[alma] 6:44:07  549,963/1,000,000  22.7/s  upd=12024  L=0.0281  D=1.707
[alma] 6:44:17  550,295/1,000,000  22.7/s  upd=12032  L=0.0324  D=1.707
[alma] 6:44:28  550,588/1,000,000  22.7/s  upd=12040  L=0.0369  D=1.707
[alma] 6:44:38  550,934/1,000,000  22.7/s  upd=12045  L=0.0259  D=1.707
[alma] 6:44:48  551,231/1,000,000  22.7/s  upd=12049  L=0.0325  D=1.707
[alma] 6:44:58  551,231/1,000,000  22.7/s  upd=12056  L=0.0325  D=1.707
[alma] 6:45:08  551,526/1,000,000  22.7/s  upd=12064  L=0.0473  D=1.707
[alma] 6:45:19  551,526/1,000,000  22.7/s  upd=12064  L=0.0473  D=1.707
[alma] 6:45:29  551,820/1,000,000  22.7/s  upd=12072  L=0.0354  D=1.707
[alma] 6:45:39  552,116/1,000,000  22.7/s  upd=12076  L=0.0366  D=1.707
[alma] saved resume t_env=552,116
[alma] 6:45:49  552,116/1,000,000  22.7/s  upd=12080  L=0.0264  D=1.707
[alma] 6:46:00  552,404/1,000,000  22.7/s  upd=12082  L=0.0334  D=1.707
[alma] 6:47:17  552,404/1,000,000  22.6/s  upd=12088  L=0.0306  D=1.707
[alma] 6:47:27  552,404/1,000,000  22.6/s  upd=12088  L=0.0306  D=1.707
[alma] 6:47:37  552,975/1,000,000  22.6/s  upd=12096  L=0.0172  D=1.707
[alma] 6:47:47  553,266/1,000,000  22.6/s  upd=12107  L=0.0266  D=1.707
[alma] 6:47:57  553,966/1,000,000  22.6/s  upd=12128  L=0.0287  D=1.707
[alma] 6:48:08  554,268/1,000,000  22.6/s  upd=12134  L=0.0263  D=1.707
[alma] 6:48:18  554,576/1,000,000  22.6/s  upd=12144  L=0.0297  D=1.707
[alma] 6:48:28  555,155/1,000,000  22.7/s  upd=12160  L=0.0188  D=1.707
[alma] 6:48:38  555,463/1,000,000  22.7/s  upd=12168  L=0.0283  D=1.707
[alma] 6:48:48  556,042/1,000,000  22.7/s  upd=12184  L=0.0266  D=1.707
[alma] 6:48:58  556,677/1,000,000  22.7/s  upd=12200  L=0.0389  D=1.707
[alma] 6:49:08  557,025/1,000,000  22.7/s  upd=12208  L=0.0289  D=1.707
[alma] 6:49:19  557,276/1,000,000  22.7/s  upd=12216  L=0.0337  D=1.707
[alma] 6:49:29  557,640/1,000,000  22.7/s  upd=12223  L=0.0370  D=1.707
[alma] 6:49:39  557,640/1,000,000  22.7/s  upd=12224  L=0.0318  D=1.707
[alma] 6:49:49  557,965/1,000,000  22.7/s  upd=12232  L=0.0308  D=1.707
[alma] 6:49:59  557,965/1,000,000  22.7/s  upd=12232  L=0.0308  D=1.707
[alma] 6:50:10  558,521/1,000,000  22.7/s  upd=12243  L=0.0246  D=1.707
[alma] 6:50:20  558,828/1,000,000  22.7/s  upd=12249  L=0.0313  D=1.707
[alma] 6:50:30  558,828/1,000,000  22.7/s  upd=12256  L=0.0304  D=1.707
[alma] 6:50:40  559,147/1,000,000  22.7/s  upd=12264  L=0.0301  D=1.707
[alma] 6:50:50  559,452/1,000,000  22.7/s  upd=12272  L=0.0269  D=1.707
[alma] 6:51:00  559,794/1,000,000  22.7/s  upd=12280  L=0.0286  D=1.707
[alma] 6:51:10  559,794/1,000,000  22.7/s  upd=12280  L=0.0286  D=1.707
[alma] saved resume t_env=560,112
[alma] 6:51:35  560,112/1,000,000  22.7/s  upd=12288  L=0.0300  ev=0/100  D=1.707
[alma] 6:51:45  560,112/1,000,000  22.7/s  upd=12288  L=0.0300  ev=4/100  D=1.707
[alma] 6:51:56  560,112/1,000,000  22.7/s  upd=12288  L=0.0300  ev=16/100  D=1.707
[alma] 6:52:06  560,112/1,000,000  22.7/s  upd=12288  L=0.0300  ev=23/100  D=1.707
[alma] 6:52:16  560,112/1,000,000  22.6/s  upd=12288  L=0.0300  ev=31/100  D=1.707
[alma] 6:52:26  560,112/1,000,000  22.6/s  upd=12288  L=0.0300  ev=36/100  D=1.707
[alma] 6:52:37  560,112/1,000,000  22.6/s  upd=12288  L=0.0300  ev=47/100  D=1.707
[alma] 6:52:47  560,112/1,000,000  22.6/s  upd=12288  L=0.0300  ev=55/100  D=1.707
[alma] 6:52:57  560,112/1,000,000  22.6/s  upd=12288  L=0.0300  ev=64/100  D=1.707
[alma] 6:53:07  560,112/1,000,000  22.6/s  upd=12288  L=0.0300  ev=72/100  D=1.707
[alma] 6:53:17  560,112/1,000,000  22.6/s  upd=12288  L=0.0300  ev=87/100  D=1.707
[alma] 6:54:09  560,112/1,000,000  22.5/s  upd=12288  L=0.0300  D=1.680
[alma] 6:55:34  560,112/1,000,000  22.5/s  upd=12288  L=0.0300  D=1.680
[alma] 6:55:44  560,382/1,000,000  22.5/s  upd=12289  L=0.0304  D=1.680
[alma] 6:55:55  560,704/1,000,000  22.5/s  upd=12300  L=0.0390  D=1.680
[alma] 6:56:05  560,704/1,000,000  22.5/s  upd=12304  L=0.0395  D=1.680
[alma] 6:56:16  561,063/1,000,000  22.5/s  upd=12311  L=0.0286  D=1.680
[alma] 6:56:26  561,365/1,000,000  22.5/s  upd=12317  L=0.0311  D=1.680
[alma] 6:56:36  561,600/1,000,000  22.5/s  upd=12324  L=0.0282  D=1.680
[alma] 6:56:46  561,938/1,000,000  22.5/s  upd=12332  L=0.0303  D=1.680
[alma] 6:56:57  561,938/1,000,000  22.5/s  upd=12336  L=0.0453  D=1.680
[alma] 6:57:07  562,268/1,000,000  22.5/s  upd=12344  L=0.0282  D=1.680
[alma] 6:57:17  562,628/1,000,000  22.5/s  upd=12352  L=0.0349  D=1.680
[alma] 6:57:27  562,934/1,000,000  22.5/s  upd=12359  L=0.0253  D=1.680
[alma] 6:57:37  563,222/1,000,000  22.5/s  upd=12364  L=0.0444  D=1.680
[alma] 6:57:47  563,568/1,000,000  22.5/s  upd=12369  L=0.0277  D=1.680
[alma] 6:57:57  563,568/1,000,000  22.5/s  upd=12376  L=0.0388  D=1.680
[alma] 6:58:07  563,880/1,000,000  22.5/s  upd=12384  L=0.0305  D=1.680
[alma] 6:58:18  564,173/1,000,000  22.5/s  upd=12392  L=0.0394  D=1.680
[alma] 6:58:28  564,451/1,000,000  22.5/s  upd=12400  L=0.0266  D=1.680
[alma] 6:58:39  564,762/1,000,000  22.5/s  upd=12402  L=0.0356  D=1.680
[alma] 6:58:49  564,762/1,000,000  22.5/s  upd=12408  L=0.0340  D=1.680
[alma] 6:58:59  565,081/1,000,000  22.5/s  upd=12415  L=0.0336  D=1.680
[alma] 6:59:09  565,081/1,000,000  22.5/s  upd=12416  L=0.0234  D=1.680
[alma] 6:59:20  565,671/1,000,000  22.5/s  upd=12425  L=0.0292  D=1.680
[alma] 6:59:30  565,964/1,000,000  22.5/s  upd=12439  L=0.0283  D=1.680
[alma] 6:59:40  566,273/1,000,000  22.5/s  upd=12448  L=0.0313  D=1.680
[alma] 6:59:51  566,547/1,000,000  22.5/s  upd=12456  L=0.0270  D=1.680
[alma] 7:00:01  566,917/1,000,000  22.5/s  upd=12464  L=0.0422  D=1.680
[alma] 7:00:11  567,247/1,000,000  22.5/s  upd=12472  L=0.0296  D=1.680
[alma] 7:00:21  567,542/1,000,000  22.5/s  upd=12480  L=0.0406  D=1.680
[alma] 7:00:31  567,886/1,000,000  22.5/s  upd=12488  L=0.0391  D=1.680
[alma] 7:02:20  568,209/1,000,000  22.4/s  upd=12496  L=0.0357  D=1.680
[alma] saved resume t_env=568,534
[alma] 7:02:32  568,534/1,000,000  22.4/s  upd=12504  L=0.0211  D=1.680
[alma] 7:02:42  568,822/1,000,000  22.4/s  upd=12508  L=0.0290  D=1.680
[alma] 7:02:53  568,822/1,000,000  22.4/s  upd=12512  L=0.0252  D=1.680
[alma] 7:03:03  569,114/1,000,000  22.4/s  upd=12516  L=0.0559  D=1.680
[alma] 7:03:13  569,114/1,000,000  22.4/s  upd=12520  L=0.0503  D=1.680
[alma] 7:03:24  569,434/1,000,000  22.4/s  upd=12526  L=0.0346  D=1.680
[alma] 7:03:34  569,434/1,000,000  22.4/s  upd=12528  L=0.0218  D=1.680
[alma] 7:03:44  569,785/1,000,000  22.4/s  upd=12534  L=0.0352  D=1.680
[alma] 7:03:54  570,091/1,000,000  22.4/s  upd=12538  L=0.0377  D=1.680
[alma] 7:04:04  570,380/1,000,000  22.4/s  upd=12546  L=0.0573  D=1.680
[alma] 7:04:15  570,380/1,000,000  22.4/s  upd=12552  L=0.0271  D=1.680
[alma] 7:04:25  571,122/1,000,000  22.4/s  upd=12568  L=0.0320  D=1.680
[alma] 7:04:35  572,099/1,000,000  22.5/s  upd=12591  L=0.0302  D=1.680
[alma] 7:04:45  572,804/1,000,000  22.5/s  upd=12605  L=0.0329  D=1.680
[alma] 7:04:55  573,125/1,000,000  22.5/s  upd=12616  L=0.0332  D=1.680
[alma] 7:05:05  573,431/1,000,000  22.5/s  upd=12620  L=0.0260  D=1.680
[alma] 7:05:15  573,431/1,000,000  22.5/s  upd=12624  L=0.0287  D=1.680
[alma] 7:05:25  573,782/1,000,000  22.5/s  upd=12632  L=0.0340  D=1.680
[alma] 7:05:35  574,398/1,000,000  22.5/s  upd=12648  L=0.0260  D=1.680
[alma] 7:05:45  575,393/1,000,000  22.5/s  upd=12668  L=0.0428  D=1.680
[alma] 7:05:56  576,016/1,000,000  22.5/s  upd=12686  L=0.0375  D=1.680
[alma] 7:06:06  576,635/1,000,000  22.6/s  upd=12704  L=0.0225  D=1.680
[alma] 7:06:16  577,255/1,000,000  22.6/s  upd=12719  L=0.0364  D=1.680
[alma] 7:06:26  578,190/1,000,000  22.6/s  upd=12738  L=0.0246  D=1.680
[alma] 7:06:36  579,426/1,000,000  22.6/s  upd=12770  L=0.0193  D=1.680
[alma] saved resume t_env=580,057
[alma] 7:06:59  580,057/1,000,000  22.6/s  upd=12792  L=0.0300  ev=0/100  D=1.680
[alma] 7:09:05  580,057/1,000,000  22.5/s  upd=12792  L=0.0300  D=1.515
[alma] 7:11:30  580,057/1,000,000  22.4/s  upd=12792  L=0.0300  D=1.515
[alma] 7:11:40  580,401/1,000,000  22.4/s  upd=12799  L=0.0267  D=1.515
[alma] 7:11:51  580,685/1,000,000  22.4/s  upd=12808  L=0.0330  D=1.515
[alma] 7:12:01  581,019/1,000,000  22.4/s  upd=12816  L=0.0281  D=1.515
[alma] 7:12:11  581,316/1,000,000  22.4/s  upd=12822  L=0.0397  D=1.515
[alma] 7:12:22  581,600/1,000,000  22.4/s  upd=12832  L=0.0287  D=1.515
[alma] 7:12:32  581,894/1,000,000  22.4/s  upd=12838  L=0.0222  D=1.515
[alma] 7:12:42  581,894/1,000,000  22.4/s  upd=12840  L=0.0320  D=1.515
[alma] 7:12:52  582,175/1,000,000  22.4/s  upd=12848  L=0.0239  D=1.515
[alma] 7:13:02  582,175/1,000,000  22.4/s  upd=12848  L=0.0239  D=1.515
[alma] 7:13:13  582,513/1,000,000  22.4/s  upd=12856  L=0.0289  D=1.515
[alma] 7:13:24  582,875/1,000,000  22.4/s  upd=12857  L=0.0324  D=1.515
[alma] 7:13:34  582,875/1,000,000  22.4/s  upd=12864  L=0.0549  D=1.515
[alma] 7:13:44  583,199/1,000,000  22.4/s  upd=12872  L=0.0253  D=1.515
[alma] 7:13:55  583,496/1,000,000  22.4/s  upd=12880  L=0.0290  D=1.515
[alma] 7:14:05  583,816/1,000,000  22.4/s  upd=12888  L=0.0242  D=1.515
[alma] 7:14:15  584,193/1,000,000  22.4/s  upd=12896  L=0.0301  D=1.515
[alma] 7:14:26  584,885/1,000,000  22.4/s  upd=12906  L=0.0400  D=1.515
[alma] 7:14:36  585,169/1,000,000  22.4/s  upd=12919  L=0.0293  D=1.515
[alma] 7:14:46  585,493/1,000,000  22.4/s  upd=12928  L=0.0195  D=1.515
[alma] 7:14:56  585,777/1,000,000  22.4/s  upd=12936  L=0.0306  D=1.515
[alma] 7:15:07  586,069/1,000,000  22.4/s  upd=12938  L=0.0249  D=1.515
[alma] 7:15:17  586,412/1,000,000  22.5/s  upd=12949  L=0.0291  D=1.515
[alma] 7:15:28  586,761/1,000,000  22.5/s  upd=12955  L=0.0252  D=1.515
[alma] 7:15:38  587,120/1,000,000  22.5/s  upd=12961  L=0.0364  D=1.515
[alma] 7:15:48  587,405/1,000,000  22.5/s  upd=12972  L=0.0328  D=1.515
[alma] 7:15:58  587,405/1,000,000  22.5/s  upd=12976  L=0.0197  D=1.515
[alma] 7:16:08  587,700/1,000,000  22.5/s  upd=12984  L=0.0377  D=1.515
[alma] 7:16:19  588,001/1,000,000  22.5/s  upd=12992  L=0.0236  D=1.515
[alma] 7:16:29  588,331/1,000,000  22.5/s  upd=12995  L=0.0203  D=1.515
[alma] 7:17:46  588,331/1,000,000  22.4/s  upd=13000  L=0.0225  D=1.515
[alma] 7:17:56  588,331/1,000,000  22.4/s  upd=13000  L=0.0225  D=1.515
[alma] saved resume t_env=588,628
[alma] 7:18:06  588,628/1,000,000  22.4/s  upd=13008  L=0.0315  D=1.515
[alma] 7:18:16  588,951/1,000,000  22.4/s  upd=13011  L=0.0336  D=1.515
[alma] 7:18:26  589,303/1,000,000  22.4/s  upd=13020  L=0.0263  D=1.515
[alma] 7:18:37  589,610/1,000,000  22.4/s  upd=13025  L=0.0279  D=1.515
[alma] 7:18:47  589,610/1,000,000  22.4/s  upd=13032  L=0.0334  D=1.515
[alma] 7:18:57  589,900/1,000,000  22.4/s  upd=13040  L=0.0231  D=1.515
[alma] 7:19:07  590,201/1,000,000  22.4/s  upd=13048  L=0.0300  D=1.515
[alma] 7:19:18  590,542/1,000,000  22.4/s  upd=13056  L=0.0230  D=1.515
[alma] 7:19:28  590,861/1,000,000  22.4/s  upd=13060  L=0.0351  D=1.515
[alma] 7:19:38  590,861/1,000,000  22.4/s  upd=13064  L=0.0303  D=1.515
[alma] 7:19:49  591,180/1,000,000  22.4/s  upd=13069  L=0.0350  D=1.515
[alma] 7:19:59  591,180/1,000,000  22.4/s  upd=13072  L=0.0327  D=1.515
[alma] 7:20:09  591,499/1,000,000  22.4/s  upd=13080  L=0.0223  D=1.515
[alma] 7:20:19  591,836/1,000,000  22.4/s  upd=13085  L=0.0230  D=1.515
[alma] 7:20:30  592,141/1,000,000  22.4/s  upd=13094  L=0.0352  D=1.515
[alma] 7:20:40  592,455/1,000,000  22.4/s  upd=13100  L=0.0297  D=1.515
[alma] 7:20:50  592,735/1,000,000  22.4/s  upd=13111  L=0.0296  D=1.515
[alma] 7:21:00  593,218/1,000,000  22.4/s  upd=13118  L=0.0384  D=1.515
[alma] 7:21:10  593,828/1,000,000  22.4/s  upd=13131  L=0.0222  D=1.515
[alma] 7:21:21  594,399/1,000,000  22.4/s  upd=13152  L=0.0290  D=1.515
[alma] 7:21:31  595,489/1,000,000  22.5/s  upd=13170  L=0.0276  D=1.515
[alma] 7:21:41  595,834/1,000,000  22.5/s  upd=13184  L=0.0272  D=1.515
[alma] 7:21:51  596,131/1,000,000  22.5/s  upd=13191  L=0.0330  D=1.515
[alma] 7:22:01  596,131/1,000,000  22.5/s  upd=13192  L=0.0224  D=1.515
[alma] 7:22:11  596,476/1,000,000  22.5/s  upd=13200  L=0.0283  D=1.515
[alma] 7:22:21  596,878/1,000,000  22.5/s  upd=13204  L=0.0309  D=1.515
[alma] 7:22:31  596,878/1,000,000  22.5/s  upd=13208  L=0.0251  D=1.515
[alma] 7:22:42  597,215/1,000,000  22.5/s  upd=13216  L=0.0219  D=1.515
[alma] 7:24:07  597,535/1,000,000  22.4/s  upd=13224  L=0.0394  D=1.515
[alma] 7:24:17  598,204/1,000,000  22.4/s  upd=13239  L=0.0217  D=1.515
[alma] 7:24:27  598,553/1,000,000  22.4/s  upd=13248  L=0.0200  D=1.515
[alma] 7:24:37  599,232/1,000,000  22.5/s  upd=13264  L=0.0457  D=1.515
[alma] 7:24:47  599,868/1,000,000  22.5/s  upd=13279  L=0.0242  D=1.515
[alma] saved resume t_env=600,169
[alma] 7:25:12  600,169/1,000,000  22.5/s  upd=13288  L=0.0284  ev=0/100  D=1.515
[alma] 7:25:23  600,169/1,000,000  22.5/s  upd=13288  L=0.0284  ev=8/100  D=1.515
[alma] 7:25:33  600,169/1,000,000  22.5/s  upd=13288  L=0.0284  ev=32/100  D=1.515
[alma] 7:25:43  600,169/1,000,000  22.4/s  upd=13288  L=0.0284  ev=40/100  D=1.515
[alma] 7:25:53  600,169/1,000,000  22.4/s  upd=13288  L=0.0284  ev=55/100  D=1.515
[alma] 7:26:03  600,169/1,000,000  22.4/s  upd=13288  L=0.0284  ev=60/100  D=1.515
[alma] 7:26:13  600,169/1,000,000  22.4/s  upd=13288  L=0.0284  ev=75/100  D=1.515
[alma] 7:26:24  600,169/1,000,000  22.4/s  upd=13288  L=0.0284  ev=79/100  D=1.515
[alma] 7:26:34  600,169/1,000,000  22.4/s  upd=13288  L=0.0284  ev=80/100  D=1.515
[alma] 7:26:44  600,169/1,000,000  22.4/s  upd=13288  L=0.0284  ev=88/100  D=1.515
[alma] 7:26:54  600,169/1,000,000  22.4/s  upd=13288  L=0.0284  ev=96/100  D=1.515
[alma] 7:29:03  600,169/1,000,000  22.3/s  upd=13288  L=0.0284  D=1.815
[alma] 7:29:14  600,486/1,000,000  22.3/s  upd=13290  L=0.0260  D=1.815
[alma] 7:31:31  600,486/1,000,000  22.2/s  upd=13296  L=0.0254  D=1.815
[alma] 7:31:41  601,116/1,000,000  22.2/s  upd=13310  L=0.0253  D=1.815
[alma] 7:31:51  601,755/1,000,000  22.2/s  upd=13321  L=0.0215  D=1.815
[alma] 7:32:01  602,040/1,000,000  22.2/s  upd=13336  L=0.0227  D=1.815
[alma] 7:32:12  602,354/1,000,000  22.2/s  upd=13344  L=0.0345  D=1.815
[alma] 7:32:22  602,706/1,000,000  22.2/s  upd=13352  L=0.0248  D=1.815
[alma] 7:32:32  603,028/1,000,000  22.2/s  upd=13360  L=0.0289  D=1.815
[alma] 7:32:42  603,638/1,000,000  22.2/s  upd=13372  L=0.0451  D=1.815
[alma] 7:32:52  604,296/1,000,000  22.2/s  upd=13392  L=0.0319  D=1.815
[alma] 7:33:02  605,231/1,000,000  22.3/s  upd=13414  L=0.0264  D=1.815
[alma] 7:33:12  605,838/1,000,000  22.3/s  upd=13432  L=0.0210  D=1.815
[alma] 7:33:23  606,429/1,000,000  22.3/s  upd=13448  L=0.0319  D=1.815
[alma] 7:33:33  607,097/1,000,000  22.3/s  upd=13464  L=0.0245  D=1.815
[alma] 7:33:43  607,710/1,000,000  22.3/s  upd=13473  L=0.0478  D=1.815
[alma] 7:33:53  608,080/1,000,000  22.3/s  upd=13486  L=0.0291  D=1.815
[alma] 7:34:03  608,419/1,000,000  22.3/s  upd=13495  L=0.0217  D=1.815
[alma] 7:34:13  608,735/1,000,000  22.3/s  upd=13504  L=0.0323  D=1.815
[alma] 7:34:23  609,133/1,000,000  22.3/s  upd=13512  L=0.0464  D=1.815
[alma] 7:34:34  609,476/1,000,000  22.3/s  upd=13519  L=0.0265  D=1.815
[alma] 7:34:44  609,809/1,000,000  22.4/s  upd=13528  L=0.0243  D=1.815
[alma] 7:34:54  610,443/1,000,000  22.4/s  upd=13537  L=0.0209  D=1.815
[alma] saved resume t_env=610,443
[alma] 7:35:04  610,752/1,000,000  22.4/s  upd=13544  L=0.0354  D=1.815
[alma] 7:35:14  611,081/1,000,000  22.4/s  upd=13556  L=0.0249  D=1.815
[alma] 7:35:25  611,426/1,000,000  22.4/s  upd=13565  L=0.0236  D=1.815
[alma] 7:35:35  611,773/1,000,000  22.4/s  upd=13571  L=0.0207  D=1.815
[alma] 7:35:45  612,083/1,000,000  22.4/s  upd=13581  L=0.0170  D=1.815
[alma] 7:35:55  612,375/1,000,000  22.4/s  upd=13592  L=0.0223  D=1.815
[alma] 7:36:05  613,018/1,000,000  22.4/s  upd=13608  L=0.0323  D=1.815
[alma] 7:36:15  614,005/1,000,000  22.4/s  upd=13626  L=0.0248  D=1.815
[alma] 7:36:25  614,330/1,000,000  22.4/s  upd=13640  L=0.0289  D=1.815
[alma] 7:36:35  614,605/1,000,000  22.4/s  upd=13648  L=0.0361  D=1.815
[alma] 7:36:46  614,903/1,000,000  22.4/s  upd=13654  L=0.0273  D=1.815
[alma] 7:38:24  614,903/1,000,000  22.4/s  upd=13656  L=0.0217  D=1.815
[alma] 7:38:34  615,227/1,000,000  22.4/s  upd=13659  L=0.0262  D=1.815
[alma] 7:38:44  615,551/1,000,000  22.4/s  upd=13672  L=0.0255  D=1.815
[alma] 7:38:54  616,127/1,000,000  22.4/s  upd=13688  L=0.0434  D=1.815
[alma] 7:39:05  616,769/1,000,000  22.4/s  upd=13704  L=0.0298  D=1.815
[alma] 7:39:15  617,394/1,000,000  22.4/s  upd=13720  L=0.0202  D=1.815
[alma] 7:39:25  618,046/1,000,000  22.4/s  upd=13736  L=0.0225  D=1.815
[alma] 7:39:35  618,679/1,000,000  22.4/s  upd=13752  L=0.0250  D=1.815
[alma] 7:39:45  619,351/1,000,000  22.5/s  upd=13768  L=0.0302  D=1.815
[alma] 7:39:55  619,925/1,000,000  22.5/s  upd=13784  L=0.0239  D=1.815
[alma] 7:40:05  620,239/1,000,000  22.5/s  upd=13791  L=0.0246  D=1.815
[alma] saved resume t_env=620,239
[alma] 7:40:25  620,239/1,000,000  22.5/s  upd=13792  L=0.0224  ev=0/100  D=1.815
[alma] 7:40:35  620,239/1,000,000  22.4/s  upd=13792  L=0.0224  ev=8/100  D=1.815
[alma] 7:40:46  620,239/1,000,000  22.4/s  upd=13792  L=0.0224  ev=20/100  D=1.815
[alma] 7:40:56  620,239/1,000,000  22.4/s  upd=13792  L=0.0224  ev=24/100  D=1.815
[alma] 7:41:07  620,239/1,000,000  22.4/s  upd=13792  L=0.0224  ev=38/100  D=1.815
[alma] 7:41:17  620,239/1,000,000  22.4/s  upd=13792  L=0.0224  ev=42/100  D=1.815
[alma] 7:41:27  620,239/1,000,000  22.4/s  upd=13792  L=0.0224  ev=63/100  D=1.815
[alma] 7:41:37  620,239/1,000,000  22.4/s  upd=13792  L=0.0224  ev=64/100  D=1.815
[alma] 7:41:47  620,239/1,000,000  22.4/s  upd=13792  L=0.0224  ev=88/100  D=1.815
[alma] 7:43:47  620,239/1,000,000  22.3/s  upd=13792  L=0.0224  D=1.362
[alma] 7:46:13  620,239/1,000,000  22.2/s  upd=13792  L=0.0224  D=1.362
[alma] 7:46:23  620,867/1,000,000  22.2/s  upd=13806  L=0.0276  D=1.362
[alma] 7:46:34  621,576/1,000,000  22.2/s  upd=13820  L=0.0242  D=1.362
[alma] 7:46:44  622,259/1,000,000  22.2/s  upd=13837  L=0.0249  D=1.362
[alma] 7:46:54  622,541/1,000,000  22.2/s  upd=13848  L=0.0297  D=1.362
[alma] 7:47:04  623,185/1,000,000  22.2/s  upd=13864  L=0.0357  D=1.362
[alma] 7:47:14  623,839/1,000,000  22.3/s  upd=13874  L=0.0189  D=1.362
[alma] 7:47:24  623,839/1,000,000  22.2/s  upd=13880  L=0.0241  D=1.362
[alma] 7:47:35  624,107/1,000,000  22.2/s  upd=13888  L=0.0203  D=1.362
[alma] 7:47:46  624,413/1,000,000  22.2/s  upd=13895  L=0.0329  D=1.362
[alma] 7:47:56  624,413/1,000,000  22.2/s  upd=13896  L=0.0184  D=1.362
[alma] 7:48:06  624,740/1,000,000  22.2/s  upd=13904  L=0.0288  D=1.362
[alma] 7:48:17  625,005/1,000,000  22.2/s  upd=13912  L=0.0347  D=1.362
[alma] 7:48:27  625,356/1,000,000  22.2/s  upd=13913  L=0.0283  D=1.362
[alma] 7:48:37  625,625/1,000,000  22.3/s  upd=13925  L=0.0184  D=1.362
[alma] 7:48:48  625,993/1,000,000  22.3/s  upd=13932  L=0.0267  D=1.362
[alma] 7:48:58  626,271/1,000,000  22.3/s  upd=13944  L=0.0288  D=1.362
[alma] 7:49:08  626,868/1,000,000  22.3/s  upd=13954  L=0.0261  D=1.362
[alma] 7:49:18  627,195/1,000,000  22.3/s  upd=13964  L=0.0330  D=1.362
[alma] 7:49:28  627,467/1,000,000  22.3/s  upd=13976  L=0.0415  D=1.362
[alma] 7:49:38  627,734/1,000,000  22.3/s  upd=13984  L=0.0230  D=1.362
[alma] 7:49:48  628,050/1,000,000  22.3/s  upd=13992  L=0.0417  D=1.362
[alma] 7:49:58  628,385/1,000,000  22.3/s  upd=14000  L=0.0172  D=1.362
[alma] 7:50:09  628,736/1,000,000  22.3/s  upd=14008  L=0.0259  D=1.362
[alma] saved resume t_env=629,056
[alma] 7:50:21  629,056/1,000,000  22.3/s  upd=14016  L=0.0266  D=1.362
[alma] 7:50:32  629,056/1,000,000  22.3/s  upd=14016  L=0.0266  D=1.362
[alma] 7:50:42  629,418/1,000,000  22.3/s  upd=14024  L=0.0305  D=1.362
[alma] 7:50:53  629,723/1,000,000  22.3/s  upd=14025  L=0.0224  D=1.362
[alma] 7:51:03  629,723/1,000,000  22.3/s  upd=14032  L=0.0212  D=1.362
[alma] 7:51:13  630,013/1,000,000  22.3/s  upd=14040  L=0.0299  D=1.362
[alma] 7:51:24  630,310/1,000,000  22.3/s  upd=14044  L=0.0373  D=1.362
[alma] 7:52:43  630,310/1,000,000  22.2/s  upd=14048  L=0.0325  D=1.362
[alma] 7:52:53  630,940/1,000,000  22.2/s  upd=14064  L=0.0348  D=1.362
[alma] 7:53:03  631,293/1,000,000  22.2/s  upd=14072  L=0.0375  D=1.362
[alma] 7:53:14  631,972/1,000,000  22.3/s  upd=14088  L=0.0458  D=1.362
[alma] 7:53:24  632,711/1,000,000  22.3/s  upd=14104  L=0.0270  D=1.362
[alma] 7:53:34  633,359/1,000,000  22.3/s  upd=14120  L=0.0250  D=1.362
[alma] 7:53:44  633,985/1,000,000  22.3/s  upd=14136  L=0.0284  D=1.362
[alma] 7:53:54  634,604/1,000,000  22.3/s  upd=14145  L=0.0224  D=1.362
[alma] 7:54:04  634,604/1,000,000  22.3/s  upd=14152  L=0.0370  D=1.362
[alma] 7:54:14  634,906/1,000,000  22.3/s  upd=14160  L=0.0304  D=1.362
[alma] 7:54:24  635,227/1,000,000  22.3/s  upd=14168  L=0.0320  D=1.362
[alma] 7:54:34  635,528/1,000,000  22.3/s  upd=14176  L=0.0215  D=1.362
[alma] 7:54:45  635,902/1,000,000  22.3/s  upd=14184  L=0.0354  D=1.362
[alma] 7:54:55  636,175/1,000,000  22.3/s  upd=14190  L=0.0228  D=1.362
[alma] 7:55:05  636,461/1,000,000  22.3/s  upd=14197  L=0.0258  D=1.362
[alma] 7:55:15  636,789/1,000,000  22.3/s  upd=14208  L=0.0272  D=1.362
[alma] 7:55:25  637,101/1,000,000  22.3/s  upd=14216  L=0.0205  D=1.362
[alma] 7:55:35  637,674/1,000,000  22.3/s  upd=14232  L=0.0285  D=1.362
[alma] 7:55:45  637,992/1,000,000  22.3/s  upd=14240  L=0.0299  D=1.362
[alma] 7:55:55  638,394/1,000,000  22.4/s  upd=14248  L=0.0212  D=1.362
[alma] 7:56:06  639,066/1,000,000  22.4/s  upd=14261  L=0.0289  D=1.362
[alma] 7:56:16  639,360/1,000,000  22.4/s  upd=14272  L=0.0211  D=1.362
[alma] 7:56:26  639,975/1,000,000  22.4/s  upd=14282  L=0.0273  D=1.362
[alma] 7:56:36  640,257/1,000,000  22.4/s  upd=14291  L=0.0216  D=1.362
[alma] saved resume t_env=640,257
[alma] 7:57:00  640,257/1,000,000  22.4/s  upd=14296  L=0.0227  ev=0/100  D=1.362
[alma] 7:57:11  640,257/1,000,000  22.4/s  upd=14296  L=0.0227  ev=9/100  D=1.362
[alma] 7:57:21  640,257/1,000,000  22.4/s  upd=14296  L=0.0227  ev=16/100  D=1.362
[alma] 7:57:31  640,257/1,000,000  22.3/s  upd=14296  L=0.0227  ev=23/100  D=1.362
[alma] 7:57:41  640,257/1,000,000  22.3/s  upd=14296  L=0.0227  ev=31/100  D=1.362
[alma] 7:57:52  640,257/1,000,000  22.3/s  upd=14296  L=0.0227  ev=32/100  D=1.362
[alma] 7:58:02  640,257/1,000,000  22.3/s  upd=14296  L=0.0227  ev=40/100  D=1.362
[alma] 7:58:12  640,257/1,000,000  22.3/s  upd=14296  L=0.0227  ev=47/100  D=1.362
[alma] 7:58:22  640,257/1,000,000  22.3/s  upd=14296  L=0.0227  ev=49/100  D=1.362
[alma] 7:58:32  640,257/1,000,000  22.3/s  upd=14296  L=0.0227  ev=56/100  D=1.362
[alma] 7:58:42  640,257/1,000,000  22.3/s  upd=14296  L=0.0227  ev=64/100  D=1.362
[alma] 7:58:52  640,257/1,000,000  22.3/s  upd=14296  L=0.0227  ev=73/100  D=1.362
[alma] 7:59:02  640,257/1,000,000  22.3/s  upd=14296  L=0.0227  ev=80/100  D=1.362
[alma] 7:59:12  640,257/1,000,000  22.3/s  upd=14296  L=0.0227  ev=96/100  D=1.362
[alma] 8:00:29  640,257/1,000,000  22.2/s  upd=14296  L=0.0227  D=1.294
[alma] 8:01:57  640,257/1,000,000  22.1/s  upd=14296  L=0.0227  D=1.294
[alma] 8:02:07  640,963/1,000,000  22.2/s  upd=14312  L=0.0412  D=1.294
[alma] 8:02:18  641,880/1,000,000  22.2/s  upd=14336  L=0.0339  D=1.294
[alma] 8:02:28  642,861/1,000,000  22.2/s  upd=14360  L=0.0261  D=1.294
[alma] 8:02:38  643,771/1,000,000  22.2/s  upd=14383  L=0.0242  D=1.294
[alma] 8:02:48  644,619/1,000,000  22.3/s  upd=14407  L=0.0326  D=1.294
[alma] 8:02:58  645,613/1,000,000  22.3/s  upd=14430  L=0.0225  D=1.294
[alma] 8:03:08  646,437/1,000,000  22.3/s  upd=14454  L=0.0250  D=1.294
[alma] 8:03:18  647,422/1,000,000  22.3/s  upd=14476  L=0.0335  D=1.294
[alma] 8:03:28  648,336/1,000,000  22.3/s  upd=14497  L=0.0271  D=1.294
[alma] 8:03:38  649,249/1,000,000  22.4/s  upd=14522  L=0.0268  D=1.294
[alma] 8:03:48  650,101/1,000,000  22.4/s  upd=14548  L=0.0311  D=1.294
[alma] 8:03:58  650,761/1,000,000  22.4/s  upd=14565  L=0.0256  D=1.294
[alma] 8:04:08  651,072/1,000,000  22.4/s  upd=14576  L=0.0404  D=1.294
[alma] 8:04:19  651,384/1,000,000  22.4/s  upd=14582  L=0.0221  D=1.294
[alma] 8:04:29  651,685/1,000,000  22.4/s  upd=14592  L=0.0249  D=1.294
[alma] 8:04:39  652,303/1,000,000  22.4/s  upd=14604  L=0.0310  D=1.294
[alma] 8:04:49  653,007/1,000,000  22.4/s  upd=14617  L=0.0285  D=1.294
[alma] 8:05:00  653,299/1,000,000  22.5/s  upd=14632  L=0.0363  D=1.294
[alma] 8:05:10  653,575/1,000,000  22.5/s  upd=14634  L=0.0202  D=1.294
[alma] 8:05:20  653,878/1,000,000  22.5/s  upd=14648  L=0.0327  D=1.294
[alma] 8:05:30  654,488/1,000,000  22.5/s  upd=14662  L=0.0446  D=1.294
[alma] 8:05:40  654,879/1,000,000  22.5/s  upd=14672  L=0.0366  D=1.294
[alma] 8:05:50  655,501/1,000,000  22.5/s  upd=14687  L=0.0267  D=1.294
[alma] 8:06:01  656,142/1,000,000  22.5/s  upd=14702  L=0.0209  D=1.294
[alma] 8:06:11  656,732/1,000,000  22.5/s  upd=14719  L=0.0256  D=1.294
[alma] 8:06:21  657,341/1,000,000  22.5/s  upd=14729  L=0.0237  D=1.294
[alma] 8:06:31  657,630/1,000,000  22.5/s  upd=14744  L=0.0335  D=1.294
[alma] 8:06:41  658,235/1,000,000  22.5/s  upd=14760  L=0.0231  D=1.294
[alma] saved resume t_env=658,516
[alma] 8:06:51  658,516/1,000,000  22.5/s  upd=14768  L=0.0358  D=1.294
[alma] 8:09:46  658,808/1,000,000  22.4/s  upd=14776  L=0.0237  D=1.294
[alma] 8:09:57  659,109/1,000,000  22.4/s  upd=14780  L=0.0264  D=1.294
[alma] 8:10:07  659,724/1,000,000  22.4/s  upd=14800  L=0.0268  D=1.294
[alma] saved resume t_env=660,292
[alma] 8:10:33  660,292/1,000,000  22.4/s  upd=14816  L=0.0268  ev=0/100  D=1.294
[alma] 8:10:43  660,292/1,000,000  22.4/s  upd=14816  L=0.0268  ev=20/100  D=1.294
[alma] 8:10:53  660,292/1,000,000  22.4/s  upd=14816  L=0.0268  ev=39/100  D=1.294
[alma] 8:11:03  660,292/1,000,000  22.4/s  upd=14816  L=0.0268  ev=52/100  D=1.294
[alma] 8:11:14  660,292/1,000,000  22.4/s  upd=14816  L=0.0268  ev=67/100  D=1.294
[alma] 8:11:24  660,292/1,000,000  22.4/s  upd=14816  L=0.0268  ev=95/100  D=1.294
[alma] 8:13:44  660,292/1,000,000  22.3/s  upd=14816  L=0.0268  D=1.161
[alma] 8:13:54  660,624/1,000,000  22.3/s  upd=14819  L=0.0294  D=1.161
[alma] 8:14:04  660,928/1,000,000  22.3/s  upd=14826  L=0.0169  D=1.161
[alma] 8:14:14  660,928/1,000,000  22.3/s  upd=14832  L=0.0233  D=1.161
[alma] 8:14:24  661,247/1,000,000  22.3/s  upd=14838  L=0.0526  D=1.161
[alma] 8:14:35  661,247/1,000,000  22.3/s  upd=14840  L=0.0307  D=1.161
[alma] 8:14:46  661,602/1,000,000  22.3/s  upd=14848  L=0.0441  D=1.161
[alma] 8:14:56  661,602/1,000,000  22.3/s  upd=14848  L=0.0441  D=1.161
[alma] 8:16:39  661,898/1,000,000  22.2/s  upd=14856  L=0.0236  D=1.161
[alma] 8:16:49  661,898/1,000,000  22.2/s  upd=14856  L=0.0236  D=1.161
[alma] 8:17:00  662,521/1,000,000  22.2/s  upd=14871  L=0.0182  D=1.161
[alma] 8:17:10  663,373/1,000,000  22.2/s  upd=14890  L=0.0311  D=1.161
[alma] 8:17:20  663,695/1,000,000  22.2/s  upd=14904  L=0.0244  D=1.161
[alma] 8:17:30  664,075/1,000,000  22.2/s  upd=14912  L=0.0227  D=1.161
[alma] 8:17:40  664,745/1,000,000  22.3/s  upd=14921  L=0.0290  D=1.161
[alma] 8:17:50  665,119/1,000,000  22.3/s  upd=14932  L=0.0316  D=1.161
[alma] 8:18:00  665,420/1,000,000  22.3/s  upd=14944  L=0.0238  D=1.161
[alma] 8:18:10  665,688/1,000,000  22.3/s  upd=14952  L=0.0224  D=1.161
[alma] 8:18:21  666,280/1,000,000  22.3/s  upd=14961  L=0.0307  D=1.161
[alma] 8:18:31  666,575/1,000,000  22.3/s  upd=14974  L=0.0199  D=1.161
[alma] 8:18:41  667,194/1,000,000  22.3/s  upd=14992  L=0.0254  D=1.161
[alma] 8:18:51  668,119/1,000,000  22.3/s  upd=15016  L=0.0378  D=1.161
[alma] 8:19:01  669,011/1,000,000  22.3/s  upd=15037  L=0.0219  D=1.161
[alma] 8:19:11  669,324/1,000,000  22.3/s  upd=15048  L=0.0207  D=1.161
[alma] 8:19:22  669,702/1,000,000  22.4/s  upd=15050  L=0.0264  D=1.161
[alma] 8:19:32  669,702/1,000,000  22.3/s  upd=15056  L=0.0248  D=1.161
[alma] 8:19:42  669,979/1,000,000  22.3/s  upd=15064  L=0.0266  D=1.161
[alma] 8:19:52  670,297/1,000,000  22.3/s  upd=15072  L=0.0200  D=1.161
[alma] 8:20:02  670,582/1,000,000  22.4/s  upd=15080  L=0.0305  D=1.161
[alma] 8:20:12  670,869/1,000,000  22.4/s  upd=15086  L=0.0285  D=1.161
[alma] 8:20:23  671,209/1,000,000  22.4/s  upd=15093  L=0.0323  D=1.161
[alma] saved resume t_env=671,209
[alma] 8:20:33  671,209/1,000,000  22.3/s  upd=15096  L=0.0199  D=1.161
[alma] 8:20:43  671,551/1,000,000  22.4/s  upd=15104  L=0.0213  D=1.161
[alma] 8:20:53  671,839/1,000,000  22.4/s  upd=15112  L=0.0222  D=1.161
[alma] 8:21:04  672,137/1,000,000  22.4/s  upd=15120  L=0.0317  D=1.161
[alma] 8:21:14  672,442/1,000,000  22.4/s  upd=15128  L=0.0314  D=1.161
[alma] 8:21:24  673,034/1,000,000  22.4/s  upd=15138  L=0.0238  D=1.161
[alma] 8:21:34  673,597/1,000,000  22.4/s  upd=15156  L=0.0256  D=1.161
[alma] 8:23:19  673,903/1,000,000  22.3/s  upd=15168  L=0.0315  D=1.161
[alma] 8:23:30  674,206/1,000,000  22.3/s  upd=15176  L=0.0308  D=1.161
[alma] 8:23:40  674,489/1,000,000  22.3/s  upd=15184  L=0.0186  D=1.161
[alma] 8:23:50  674,809/1,000,000  22.3/s  upd=15190  L=0.0220  D=1.161
[alma] 8:24:00  674,809/1,000,000  22.3/s  upd=15192  L=0.0247  D=1.161
[alma] 8:24:10  675,495/1,000,000  22.3/s  upd=15202  L=0.0266  D=1.161
[alma] 8:24:20  676,101/1,000,000  22.3/s  upd=15224  L=0.0229  D=1.161
[alma] 8:24:30  676,932/1,000,000  22.4/s  upd=15246  L=0.0293  D=1.161
[alma] 8:24:40  677,512/1,000,000  22.4/s  upd=15264  L=0.0195  D=1.161
[alma] 8:24:50  678,431/1,000,000  22.4/s  upd=15288  L=0.0243  D=1.161
[alma] 8:25:01  679,127/1,000,000  22.4/s  upd=15304  L=0.0263  D=1.161
[alma] 8:25:11  679,822/1,000,000  22.4/s  upd=15320  L=0.0298  D=1.161
[alma] saved resume t_env=680,146
[alma] 8:25:35  680,146/1,000,000  22.4/s  upd=15328  L=0.0263  ev=0/100  D=1.161
[alma] 8:25:45  680,146/1,000,000  22.4/s  upd=15328  L=0.0263  ev=22/100  D=1.161
[alma] 8:25:55  680,146/1,000,000  22.4/s  upd=15328  L=0.0263  ev=31/100  D=1.161
[alma] 8:26:05  680,146/1,000,000  22.4/s  upd=15328  L=0.0263  ev=32/100  D=1.161
[alma] 8:26:15  680,146/1,000,000  22.4/s  upd=15328  L=0.0263  ev=44/100  D=1.161
[alma] 8:26:25  680,146/1,000,000  22.4/s  upd=15328  L=0.0263  ev=48/100  D=1.161
[alma] 8:26:35  680,146/1,000,000  22.4/s  upd=15328  L=0.0263  ev=56/100  D=1.161
[alma] 8:26:45  680,146/1,000,000  22.4/s  upd=15328  L=0.0263  ev=64/100  D=1.161
[alma] 8:26:56  680,146/1,000,000  22.4/s  upd=15328  L=0.0263  ev=72/100  D=1.161
[alma] 8:27:06  680,146/1,000,000  22.4/s  upd=15328  L=0.0263  ev=80/100  D=1.161
[alma] 8:27:16  680,146/1,000,000  22.3/s  upd=15328  L=0.0263  ev=86/100  D=1.161
[alma] 8:27:26  680,146/1,000,000  22.3/s  upd=15328  L=0.0263  ev=88/100  D=1.161
[alma] 8:27:36  680,146/1,000,000  22.3/s  upd=15328  L=0.0263  ev=97/100  D=1.161
[alma] 8:29:43  680,146/1,000,000  22.2/s  upd=15328  L=0.0263  D=1.361
[alma] 8:32:09  680,146/1,000,000  22.1/s  upd=15328  L=0.0263  D=1.361
[alma] 8:32:19  681,082/1,000,000  22.2/s  upd=15345  L=0.0380  D=1.361
[alma] 8:32:29  681,676/1,000,000  22.2/s  upd=15365  L=0.0302  D=1.361
[alma] 8:32:39  682,511/1,000,000  22.2/s  upd=15387  L=0.0160  D=1.361
[alma] 8:32:49  683,174/1,000,000  22.2/s  upd=15408  L=0.0211  D=1.361
[alma] 8:32:59  683,836/1,000,000  22.2/s  upd=15424  L=0.0187  D=1.361
[alma] 8:33:09  684,718/1,000,000  22.2/s  upd=15442  L=0.0301  D=1.361
[alma] 8:33:20  685,018/1,000,000  22.2/s  upd=15452  L=0.0213  D=1.361
[alma] 8:33:30  685,324/1,000,000  22.2/s  upd=15464  L=0.0258  D=1.361
[alma] 8:33:40  685,613/1,000,000  22.2/s  upd=15472  L=0.0265  D=1.361
[alma] 8:33:50  685,916/1,000,000  22.2/s  upd=15480  L=0.0230  D=1.361
[alma] 8:34:00  686,518/1,000,000  22.3/s  upd=15495  L=0.0219  D=1.361
[alma] 8:34:10  687,443/1,000,000  22.3/s  upd=15514  L=0.0169  D=1.361
[alma] 8:34:20  688,050/1,000,000  22.3/s  upd=15536  L=0.0201  D=1.361
[alma] 8:34:30  688,613/1,000,000  22.3/s  upd=15552  L=0.0259  D=1.361
[alma] 8:34:40  689,558/1,000,000  22.3/s  upd=15571  L=0.0216  D=1.361
[alma] 8:34:51  689,558/1,000,000  22.3/s  upd=15576  L=0.0215  D=1.361
[alma] 8:35:01  689,886/1,000,000  22.3/s  upd=15584  L=0.0303  D=1.361
[alma] 8:35:11  690,191/1,000,000  22.3/s  upd=15588  L=0.0220  D=1.361
[alma] 8:35:21  690,461/1,000,000  22.3/s  upd=15599  L=0.0216  D=1.361
[alma] saved resume t_env=690,461
[alma] 8:35:31  690,461/1,000,000  22.3/s  upd=15600  L=0.0280  D=1.361
[alma] 8:35:42  691,121/1,000,000  22.3/s  upd=15610  L=0.0199  D=1.361
[alma] 8:35:52  691,121/1,000,000  22.3/s  upd=15616  L=0.0254  D=1.361
[alma] 8:36:02  691,711/1,000,000  22.3/s  upd=15628  L=0.0220  D=1.361
[alma] 8:36:12  691,993/1,000,000  22.3/s  upd=15637  L=0.0272  D=1.361
[alma] 8:36:23  692,309/1,000,000  22.3/s  upd=15646  L=0.0269  D=1.361
[alma] 8:36:33  692,574/1,000,000  22.3/s  upd=15656  L=0.0213  D=1.361
[alma] 8:36:43  692,915/1,000,000  22.3/s  upd=15664  L=0.0319  D=1.361
[alma] 8:36:53  693,484/1,000,000  22.4/s  upd=15680  L=0.0233  D=1.361
[alma] 8:37:04  694,057/1,000,000  22.4/s  upd=15690  L=0.0245  D=1.361
[alma] 8:39:04  694,314/1,000,000  22.3/s  upd=15704  L=0.0242  D=1.361
[alma] 8:39:14  694,624/1,000,000  22.3/s  upd=15708  L=0.0257  D=1.361
[alma] 8:39:25  694,624/1,000,000  22.3/s  upd=15712  L=0.0451  D=1.361
[alma] 8:39:35  694,924/1,000,000  22.3/s  upd=15720  L=0.0271  D=1.361
[alma] 8:39:45  695,232/1,000,000  22.3/s  upd=15728  L=0.0223  D=1.361
[alma] 8:39:55  695,506/1,000,000  22.3/s  upd=15736  L=0.0211  D=1.361
[alma] 8:40:05  696,397/1,000,000  22.3/s  upd=15753  L=0.0277  D=1.361
[alma] 8:40:15  696,954/1,000,000  22.3/s  upd=15776  L=0.0293  D=1.361
[alma] 8:40:25  697,762/1,000,000  22.3/s  upd=15793  L=0.0225  D=1.361
[alma] 8:40:35  698,339/1,000,000  22.4/s  upd=15816  L=0.0185  D=1.361
[alma] 8:40:46  698,769/1,000,000  22.4/s  upd=15817  L=0.0228  D=1.361
[alma] 8:40:56  699,074/1,000,000  22.4/s  upd=15832  L=0.0300  D=1.361
[alma] 8:41:06  699,340/1,000,000  22.4/s  upd=15840  L=0.0304  D=1.361
[alma] 8:41:17  699,649/1,000,000  22.4/s  upd=15848  L=0.0222  D=1.361
[alma] 8:41:27  699,649/1,000,000  22.4/s  upd=15848  L=0.0222  D=1.361
[alma] 8:41:38  699,919/1,000,000  22.4/s  upd=15856  L=0.0192  D=1.361
[alma] 8:41:48  699,919/1,000,000  22.4/s  upd=15856  L=0.0192  D=1.361
[alma] saved resume t_env=700,258
[alma] 8:42:14  700,258/1,000,000  22.3/s  upd=15864  L=0.0176  ev=0/100  D=1.361
[alma] 8:42:25  700,258/1,000,000  22.3/s  upd=15864  L=0.0176  ev=8/100  D=1.361
[alma] 8:42:35  700,258/1,000,000  22.3/s  upd=15864  L=0.0176  ev=16/100  D=1.361
[alma] 8:42:45  700,258/1,000,000  22.3/s  upd=15864  L=0.0176  ev=24/100  D=1.361
[alma] 8:42:55  700,258/1,000,000  22.3/s  upd=15864  L=0.0176  ev=32/100  D=1.361
[alma] 8:43:06  700,258/1,000,000  22.3/s  upd=15864  L=0.0176  ev=40/100  D=1.361
[alma] 8:43:16  700,258/1,000,000  22.3/s  upd=15864  L=0.0176  ev=46/100  D=1.361
[alma] 8:43:26  700,258/1,000,000  22.3/s  upd=15864  L=0.0176  ev=52/100  D=1.361
[alma] 8:43:37  700,258/1,000,000  22.3/s  upd=15864  L=0.0176  ev=64/100  D=1.361
[alma] 8:43:47  700,258/1,000,000  22.3/s  upd=15864  L=0.0176  ev=68/100  D=1.361
[alma] 8:43:57  700,258/1,000,000  22.3/s  upd=15864  L=0.0176  ev=80/100  D=1.361
[alma] 8:44:07  700,258/1,000,000  22.3/s  upd=15864  L=0.0176  ev=88/100  D=1.361
[alma] 8:45:49  700,258/1,000,000  22.2/s  upd=15864  L=0.0176  D=1.488
[alma] 8:48:49  700,258/1,000,000  22.1/s  upd=15864  L=0.0176  D=1.488
[alma] 8:48:59  700,568/1,000,000  22.1/s  upd=15872  L=0.0361  D=1.488
[alma] 8:49:09  700,923/1,000,000  22.1/s  upd=15880  L=0.0358  D=1.488
[alma] 8:49:19  701,246/1,000,000  22.1/s  upd=15888  L=0.0277  D=1.488
[alma] 8:49:29  701,582/1,000,000  22.1/s  upd=15896  L=0.0179  D=1.488
[alma] 8:49:40  702,153/1,000,000  22.1/s  upd=15912  L=0.0221  D=1.488
[alma] 8:49:50  702,446/1,000,000  22.1/s  upd=15920  L=0.0184  D=1.488
[alma] 8:50:00  702,731/1,000,000  22.1/s  upd=15928  L=0.0490  D=1.488
[alma] 8:50:10  703,050/1,000,000  22.1/s  upd=15936  L=0.0309  D=1.488
[alma] 8:50:20  703,375/1,000,000  22.1/s  upd=15944  L=0.0260  D=1.488
[alma] 8:50:30  703,638/1,000,000  22.1/s  upd=15952  L=0.0392  D=1.488
[alma] 8:50:40  703,948/1,000,000  22.1/s  upd=15960  L=0.0244  D=1.488
[alma] 8:50:51  704,273/1,000,000  22.1/s  upd=15968  L=0.0250  D=1.488
[alma] 8:51:01  704,606/1,000,000  22.1/s  upd=15972  L=0.0364  D=1.488
[alma] 8:51:11  704,872/1,000,000  22.1/s  upd=15984  L=0.0276  D=1.488
[alma] 8:51:22  705,175/1,000,000  22.1/s  upd=15990  L=0.0211  D=1.488
[alma] 8:51:32  705,175/1,000,000  22.1/s  upd=15992  L=0.0287  D=1.488
[alma] 8:51:43  705,175/1,000,000  22.1/s  upd=15992  L=0.0287  D=1.488
[alma] 8:51:53  705,494/1,000,000  22.1/s  upd=16000  L=0.0215  D=1.488
[alma] 8:52:04  705,885/1,000,000  22.1/s  upd=16006  L=0.0331  D=1.488
[alma] saved resume t_env=705,885
[alma] 8:52:14  705,885/1,000,000  22.1/s  upd=16008  L=0.0294  D=1.488
[alma] 8:52:24  706,219/1,000,000  22.1/s  upd=16016  L=0.0233  D=1.488
[alma] 8:52:34  706,523/1,000,000  22.1/s  upd=16024  L=0.0299  D=1.488
[alma] 8:52:44  706,852/1,000,000  22.1/s  upd=16032  L=0.0254  D=1.488
[alma] 8:52:54  707,175/1,000,000  22.1/s  upd=16035  L=0.0252  D=1.488
[alma] 8:53:05  707,761/1,000,000  22.1/s  upd=16049  L=0.0263  D=1.488
[alma] 8:53:15  708,042/1,000,000  22.1/s  upd=16064  L=0.0163  D=1.488
[alma] 8:53:25  708,681/1,000,000  22.1/s  upd=16080  L=0.0369  D=1.488
[alma] 8:53:35  709,557/1,000,000  22.2/s  upd=16097  L=0.0314  D=1.488
[alma] 8:53:45  709,832/1,000,000  22.2/s  upd=16112  L=0.0207  D=1.488
[alma] 8:55:15  710,159/1,000,000  22.1/s  upd=16120  L=0.0271  D=1.488
[alma] 8:55:25  710,975/1,000,000  22.1/s  upd=16140  L=0.0342  D=1.488
[alma] 8:55:35  711,889/1,000,000  22.2/s  upd=16161  L=0.0236  D=1.488
[alma] 8:55:45  712,504/1,000,000  22.2/s  upd=16184  L=0.0251  D=1.488
[alma] 8:55:55  712,789/1,000,000  22.2/s  upd=16192  L=0.0202  D=1.488
[alma] 8:56:06  713,093/1,000,000  22.2/s  upd=16200  L=0.0231  D=1.488
[alma] 8:56:16  713,378/1,000,000  22.2/s  upd=16208  L=0.0190  D=1.488
[alma] 8:56:26  713,781/1,000,000  22.2/s  upd=16216  L=0.0303  D=1.488
[alma] 8:56:36  714,371/1,000,000  22.2/s  upd=16229  L=0.0181  D=1.488
[alma] 8:56:46  715,002/1,000,000  22.2/s  upd=16246  L=0.0245  D=1.488
[alma] 8:56:56  715,327/1,000,000  22.2/s  upd=16256  L=0.0249  D=1.488
[alma] 8:57:06  715,582/1,000,000  22.2/s  upd=16264  L=0.0429  D=1.488
[alma] 8:57:17  715,936/1,000,000  22.2/s  upd=16267  L=0.0278  D=1.488
[alma] 8:57:27  716,225/1,000,000  22.2/s  upd=16280  L=0.0203  D=1.488
[alma] 8:57:37  717,080/1,000,000  22.2/s  upd=16304  L=0.0176  D=1.488
[alma] 8:57:47  717,970/1,000,000  22.3/s  upd=16328  L=0.0225  D=1.488
[alma] 8:57:57  718,588/1,000,000  22.3/s  upd=16344  L=0.0254  D=1.488
[alma] 8:58:07  719,179/1,000,000  22.3/s  upd=16360  L=0.0327  D=1.488
[alma] 8:58:17  720,107/1,000,000  22.3/s  upd=16378  L=0.0380  D=1.488
[alma] saved resume t_env=720,107
[alma] 8:58:37  720,107/1,000,000  22.3/s  upd=16384  L=0.0252  ev=0/100  D=1.488
[alma] 8:58:47  720,107/1,000,000  22.3/s  upd=16384  L=0.0252  ev=56/100  D=1.488
[alma] 9:01:44  720,107/1,000,000  22.2/s  upd=16384  L=0.0252  D=1.267
[alma] 9:04:16  720,107/1,000,000  22.1/s  upd=16384  L=0.0252  D=1.267
[alma] 9:04:26  720,107/1,000,000  22.0/s  upd=16384  L=0.0252  D=1.267
[alma] 9:04:37  720,458/1,000,000  22.0/s  upd=16392  L=0.0264  D=1.267
[alma] 9:04:47  720,713/1,000,000  22.0/s  upd=16400  L=0.0180  D=1.267
[alma] 9:04:57  721,020/1,000,000  22.1/s  upd=16408  L=0.0278  D=1.267
[alma] 9:05:07  721,397/1,000,000  22.1/s  upd=16416  L=0.0343  D=1.267
[alma] 9:05:17  721,707/1,000,000  22.1/s  upd=16424  L=0.0269  D=1.267
[alma] 9:05:28  721,990/1,000,000  22.1/s  upd=16432  L=0.0252  D=1.267
[alma] 9:05:38  722,311/1,000,000  22.1/s  upd=16440  L=0.0395  D=1.267
[alma] 9:05:48  722,601/1,000,000  22.1/s  upd=16448  L=0.0178  D=1.267
[alma] 9:05:58  722,880/1,000,000  22.1/s  upd=16456  L=0.0292  D=1.267
[alma] 9:06:08  723,203/1,000,000  22.1/s  upd=16464  L=0.0256  D=1.267
[alma] 9:06:18  723,551/1,000,000  22.1/s  upd=16466  L=0.0374  D=1.267
[alma] 9:06:28  723,551/1,000,000  22.1/s  upd=16472  L=0.0258  D=1.267
[alma] 9:06:38  723,827/1,000,000  22.1/s  upd=16473  L=0.0231  D=1.267
[alma] 9:06:48  723,827/1,000,000  22.1/s  upd=16480  L=0.0264  D=1.267
[alma] 9:06:59  724,122/1,000,000  22.1/s  upd=16486  L=0.0274  D=1.267
[alma] 9:07:09  724,416/1,000,000  22.1/s  upd=16490  L=0.0278  D=1.267
[alma] 9:07:19  724,416/1,000,000  22.1/s  upd=16496  L=0.0404  D=1.267
[alma] 9:07:29  724,725/1,000,000  22.1/s  upd=16504  L=0.0327  D=1.267
[alma] 9:07:39  724,953/1,000,000  22.1/s  upd=16511  L=0.0227  D=1.267
[alma] 9:07:49  725,200/1,000,000  22.1/s  upd=16520  L=0.0246  D=1.267
[alma] 9:07:59  725,535/1,000,000  22.1/s  upd=16528  L=0.0343  D=1.267
[alma] 9:08:10  726,285/1,000,000  22.1/s  upd=16540  L=0.0235  D=1.267
[alma] 9:08:20  726,651/1,000,000  22.1/s  upd=16552  L=0.0231  D=1.267
[alma] saved resume t_env=726,904
[alma] 9:08:30  727,199/1,000,000  22.1/s  upd=16568  L=0.0343  D=1.267
[alma] 9:08:40  729,109/1,000,000  22.1/s  upd=16611  L=0.0237  D=1.267
[alma] 9:08:50  731,230/1,000,000  22.2/s  upd=16667  L=0.0258  D=1.267
[alma] 9:09:00  733,194/1,000,000  22.3/s  upd=16722  L=0.0247  D=1.267
[alma] 9:09:10  735,013/1,000,000  22.3/s  upd=16776  L=0.0258  D=1.267
[alma] 9:11:47  736,289/1,000,000  22.2/s  upd=16808  L=0.0340  D=1.267
[alma] 9:11:57  736,938/1,000,000  22.3/s  upd=16822  L=0.0277  D=1.267
[alma] 9:12:07  737,524/1,000,000  22.3/s  upd=16840  L=0.0188  D=1.267
[alma] 9:12:17  738,086/1,000,000  22.3/s  upd=16853  L=0.0265  D=1.267
[alma] 9:12:27  738,686/1,000,000  22.3/s  upd=16869  L=0.0271  D=1.267
[alma] 9:12:37  739,203/1,000,000  22.3/s  upd=16883  L=0.0226  D=1.267
[alma] 9:12:47  739,567/1,000,000  22.3/s  upd=16896  L=0.0233  D=1.267
[alma] saved resume t_env=740,182
[alma] 9:13:17  740,182/1,000,000  22.3/s  upd=16912  L=0.0222  ev=0/100  D=1.267
[alma] 9:13:27  740,182/1,000,000  22.3/s  upd=16912  L=0.0222  ev=38/100  D=1.267
[alma] 9:13:37  740,182/1,000,000  22.3/s  upd=16912  L=0.0222  ev=71/100  D=1.267
[alma] 9:13:47  740,182/1,000,000  22.3/s  upd=16912  L=0.0222  ev=96/100  D=1.267
[alma] 9:16:14  740,182/1,000,000  22.2/s  upd=16912  L=0.0222  D=1.264
[alma] 9:16:24  740,794/1,000,000  22.2/s  upd=16928  L=0.0267  D=1.264
[alma] 9:16:34  741,480/1,000,000  22.2/s  upd=16944  L=0.0280  D=1.264
[alma] 9:16:44  742,350/1,000,000  22.2/s  upd=16962  L=0.0246  D=1.264
[alma] 9:19:43  742,669/1,000,000  22.1/s  upd=16976  L=0.0251  D=1.264
[alma] 9:19:53  743,008/1,000,000  22.1/s  upd=16984  L=0.0296  D=1.264
[alma] 9:20:03  743,287/1,000,000  22.1/s  upd=16991  L=0.0215  D=1.264
[alma] 9:20:13  743,622/1,000,000  22.1/s  upd=16994  L=0.0253  D=1.264
[alma] 9:20:23  744,017/1,000,000  22.1/s  upd=17003  L=0.0258  D=1.264
[alma] 9:20:34  744,360/1,000,000  22.1/s  upd=17016  L=0.0305  D=1.264
[alma] 9:20:44  744,657/1,000,000  22.1/s  upd=17024  L=0.0313  D=1.264
[alma] 9:20:54  744,971/1,000,000  22.1/s  upd=17032  L=0.0323  D=1.264
[alma] 9:21:05  745,276/1,000,000  22.1/s  upd=17036  L=0.0224  D=1.264
[alma] 9:21:15  745,554/1,000,000  22.1/s  upd=17048  L=0.0310  D=1.264
[alma] 9:21:26  745,554/1,000,000  22.1/s  upd=17048  L=0.0310  D=1.264
[alma] 9:21:37  745,866/1,000,000  22.1/s  upd=17056  L=0.0254  D=1.264
[alma] 9:21:47  746,214/1,000,000  22.1/s  upd=17063  L=0.0531  D=1.264
[alma] 9:21:57  746,214/1,000,000  22.1/s  upd=17064  L=0.0278  D=1.264
[alma] 9:22:07  746,493/1,000,000  22.1/s  upd=17072  L=0.0313  D=1.264
[alma] 9:22:17  746,493/1,000,000  22.1/s  upd=17072  L=0.0313  D=1.264
[alma] 9:22:27  746,774/1,000,000  22.1/s  upd=17080  L=0.0218  D=1.264
[alma] 9:22:38  747,119/1,000,000  22.1/s  upd=17088  L=0.0273  D=1.264
[alma] 9:22:48  747,470/1,000,000  22.1/s  upd=17096  L=0.0205  D=1.264
[alma] 9:22:59  747,750/1,000,000  22.1/s  upd=17102  L=0.0313  D=1.264
[alma] saved resume t_env=748,062
[alma] 9:23:09  748,361/1,000,000  22.1/s  upd=17114  L=0.0226  D=1.264
[alma] 9:23:19  748,916/1,000,000  22.2/s  upd=17132  L=0.0243  D=1.264
[alma] 9:23:29  749,512/1,000,000  22.2/s  upd=17152  L=0.0287  D=1.264
[alma] 9:23:39  750,291/1,000,000  22.2/s  upd=17173  L=0.0256  D=1.264
[alma] 9:23:49  750,620/1,000,000  22.2/s  upd=17184  L=0.0220  D=1.264
[alma] 9:23:59  751,199/1,000,000  22.2/s  upd=17196  L=0.0401  D=1.264
[alma] 9:24:09  751,493/1,000,000  22.2/s  upd=17208  L=0.0371  D=1.264
[alma] 9:24:19  751,835/1,000,000  22.2/s  upd=17212  L=0.0265  D=1.264
[alma] 9:24:30  751,835/1,000,000  22.2/s  upd=17216  L=0.0318  D=1.264
[alma] 9:24:40  752,158/1,000,000  22.2/s  upd=17221  L=0.0328  D=1.264
[alma] 9:26:08  752,158/1,000,000  22.1/s  upd=17224  L=0.0355  D=1.264
[alma] 9:26:18  753,074/1,000,000  22.2/s  upd=17247  L=0.0263  D=1.264
[alma] 9:26:28  753,681/1,000,000  22.2/s  upd=17264  L=0.0382  D=1.264
[alma] 9:26:38  754,647/1,000,000  22.2/s  upd=17281  L=0.0226  D=1.264
[alma] 9:26:49  755,255/1,000,000  22.2/s  upd=17299  L=0.0267  D=1.264
[alma] 9:26:59  756,129/1,000,000  22.2/s  upd=17321  L=0.0147  D=1.264
[alma] 9:27:09  757,034/1,000,000  22.2/s  upd=17346  L=0.0204  D=1.264
[alma] 9:27:19  757,971/1,000,000  22.3/s  upd=17370  L=0.0179  D=1.264
[alma] 9:27:29  758,635/1,000,000  22.3/s  upd=17392  L=0.0244  D=1.264
[alma] 9:27:39  759,537/1,000,000  22.3/s  upd=17416  L=0.0257  D=1.264
[alma] saved resume t_env=760,149
[alma] 9:28:03  760,149/1,000,000  22.3/s  upd=17432  L=0.0352  ev=0/100  D=1.264
[alma] 9:30:38  760,149/1,000,000  22.2/s  upd=17432  L=0.0352  D=1.373
[alma] 9:30:48  761,045/1,000,000  22.2/s  upd=17449  L=0.0358  D=1.373
[alma] 9:30:58  761,659/1,000,000  22.2/s  upd=17469  L=0.0251  D=1.373
[alma] 9:31:08  762,314/1,000,000  22.2/s  upd=17488  L=0.0171  D=1.373
[alma] 9:35:27  762,660/1,000,000  22.1/s  upd=17496  L=0.0280  D=1.373
[alma] 9:35:37  763,320/1,000,000  22.1/s  upd=17512  L=0.0166  D=1.373
[alma] 9:35:47  763,953/1,000,000  22.1/s  upd=17523  L=0.0203  D=1.373
[alma] 9:35:57  764,250/1,000,000  22.1/s  upd=17536  L=0.0196  D=1.373
[alma] 9:36:07  764,532/1,000,000  22.1/s  upd=17544  L=0.0231  D=1.373
[alma] 9:36:18  765,164/1,000,000  22.1/s  upd=17556  L=0.0285  D=1.373
[alma] 9:36:28  765,439/1,000,000  22.1/s  upd=17563  L=0.0220  D=1.373
[alma] 9:36:38  765,720/1,000,000  22.1/s  upd=17570  L=0.0158  D=1.373
[alma] 9:36:49  765,987/1,000,000  22.1/s  upd=17581  L=0.0246  D=1.373
[alma] 9:36:59  766,264/1,000,000  22.1/s  upd=17589  L=0.0280  D=1.373
[alma] 9:37:09  766,582/1,000,000  22.1/s  upd=17594  L=0.0392  D=1.373
[alma] 9:37:19  766,906/1,000,000  22.1/s  upd=17608  L=0.0176  D=1.373
[alma] 9:37:29  767,786/1,000,000  22.2/s  upd=17631  L=0.0211  D=1.373
[alma] 9:37:39  768,077/1,000,000  22.2/s  upd=17640  L=0.0262  D=1.373
[alma] 9:37:50  768,401/1,000,000  22.2/s  upd=17648  L=0.0227  D=1.373
[alma] saved resume t_env=768,713
[alma] 9:38:00  768,713/1,000,000  22.2/s  upd=17656  L=0.0220  D=1.373
[alma] 9:38:10  769,333/1,000,000  22.2/s  upd=17670  L=0.0174  D=1.373
[alma] 9:38:20  769,623/1,000,000  22.2/s  upd=17680  L=0.0376  D=1.373
[alma] 9:38:30  769,909/1,000,000  22.2/s  upd=17688  L=0.0217  D=1.373
[alma] 9:38:41  770,219/1,000,000  22.2/s  upd=17696  L=0.0244  D=1.373
[alma] 9:38:52  770,540/1,000,000  22.2/s  upd=17702  L=0.0144  D=1.373
[alma] 9:39:02  770,841/1,000,000  22.2/s  upd=17706  L=0.0190  D=1.373
[alma] 9:39:12  770,841/1,000,000  22.2/s  upd=17712  L=0.0341  D=1.373
[alma] 9:39:23  771,103/1,000,000  22.2/s  upd=17720  L=0.0186  D=1.373
[alma] 9:39:33  771,103/1,000,000  22.2/s  upd=17720  L=0.0186  D=1.373
[alma] 9:39:43  771,407/1,000,000  22.2/s  upd=17727  L=0.0238  D=1.373
[alma] 9:39:54  771,407/1,000,000  22.2/s  upd=17728  L=0.0210  D=1.373
[alma] 9:40:04  771,696/1,000,000  22.2/s  upd=17736  L=0.0229  D=1.373
[alma] 9:40:14  772,007/1,000,000  22.2/s  upd=17740  L=0.0261  D=1.373
[alma] 9:40:24  772,007/1,000,000  22.2/s  upd=17744  L=0.0211  D=1.373
[alma] 9:40:34  772,288/1,000,000  22.2/s  upd=17752  L=0.0251  D=1.373
[alma] 9:41:24  772,288/1,000,000  22.1/s  upd=17752  L=0.0251  D=1.373
[alma] 9:41:34  772,555/1,000,000  22.1/s  upd=17758  L=0.0184  D=1.373
[alma] 9:41:45  772,815/1,000,000  22.1/s  upd=17767  L=0.0251  D=1.373
[alma] 9:41:55  773,118/1,000,000  22.1/s  upd=17775  L=0.0365  D=1.373
[alma] 9:42:05  773,118/1,000,000  22.1/s  upd=17776  L=0.0277  D=1.373
[alma] 9:42:15  773,439/1,000,000  22.1/s  upd=17784  L=0.0297  D=1.373
[alma] 9:42:25  773,753/1,000,000  22.1/s  upd=17792  L=0.0402  D=1.373
[alma] 9:42:35  774,031/1,000,000  22.1/s  upd=17800  L=0.0466  D=1.373
[alma] 9:42:45  774,343/1,000,000  22.1/s  upd=17808  L=0.0294  D=1.373
[alma] 9:42:56  774,721/1,000,000  22.1/s  upd=17816  L=0.0255  D=1.373
[alma] 9:43:06  775,083/1,000,000  22.2/s  upd=17819  L=0.0220  D=1.373
[alma] 9:43:16  775,378/1,000,000  22.2/s  upd=17828  L=0.0221  D=1.373
[alma] 9:43:26  775,378/1,000,000  22.1/s  upd=17832  L=0.0235  D=1.373
[alma] 9:43:36  776,081/1,000,000  22.2/s  upd=17848  L=0.0260  D=1.373
[alma] 9:43:46  777,061/1,000,000  22.2/s  upd=17871  L=0.0454  D=1.373
[alma] 9:43:56  777,976/1,000,000  22.2/s  upd=17894  L=0.0228  D=1.373
[alma] 9:44:06  778,649/1,000,000  22.2/s  upd=17909  L=0.0309  D=1.373
[alma] 9:44:16  778,971/1,000,000  22.2/s  upd=17917  L=0.0236  D=1.373
[alma] 9:44:26  778,971/1,000,000  22.2/s  upd=17920  L=0.0370  D=1.373
[alma] 9:44:37  779,300/1,000,000  22.2/s  upd=17928  L=0.0361  D=1.373
[alma] 9:44:47  779,592/1,000,000  22.2/s  upd=17936  L=0.0212  D=1.373
[alma] 9:44:57  779,901/1,000,000  22.2/s  upd=17944  L=0.0300  D=1.373
[alma] 9:45:08  780,290/1,000,000  22.2/s  upd=17950  L=0.0281  D=1.373
[alma] saved resume t_env=780,290
[alma] 9:45:28  780,290/1,000,000  22.2/s  upd=17952  L=0.0197  ev=0/100  D=1.373
[alma] 9:45:39  780,290/1,000,000  22.2/s  upd=17952  L=0.0197  ev=16/100  D=1.373
[alma] 9:45:49  780,290/1,000,000  22.2/s  upd=17952  L=0.0197  ev=24/100  D=1.373
[alma] 9:45:59  780,290/1,000,000  22.2/s  upd=17952  L=0.0197  ev=37/100  D=1.373
[alma] 9:46:09  780,290/1,000,000  22.2/s  upd=17952  L=0.0197  ev=43/100  D=1.373
[alma] 9:46:19  780,290/1,000,000  22.2/s  upd=17952  L=0.0197  ev=55/100  D=1.373
[alma] 9:46:30  780,290/1,000,000  22.2/s  upd=17952  L=0.0197  ev=56/100  D=1.373
[alma] 9:46:40  780,290/1,000,000  22.2/s  upd=17952  L=0.0197  ev=70/100  D=1.373
[alma] 9:46:51  780,290/1,000,000  22.2/s  upd=17952  L=0.0197  ev=75/100  D=1.373
[alma] 9:47:01  780,290/1,000,000  22.2/s  upd=17952  L=0.0197  ev=80/100  D=1.373
[alma] 9:47:11  780,290/1,000,000  22.1/s  upd=17952  L=0.0197  ev=88/100  D=1.373
[alma] 9:47:22  780,290/1,000,000  22.1/s  upd=17952  L=0.0197  ev=96/100  D=1.373
[alma] 9:47:32  780,290/1,000,000  22.1/s  upd=17952  L=0.0197  ev=98/100  D=1.373
[alma] 9:48:27  780,290/1,000,000  22.1/s  upd=17952  L=0.0197  D=1.582
[alma] 9:49:58  780,290/1,000,000  22.0/s  upd=17952  L=0.0197  D=1.582
[alma] 9:50:08  781,207/1,000,000  22.1/s  upd=17970  L=0.0246  D=1.582
[alma] 9:50:18  781,808/1,000,000  22.1/s  upd=17987  L=0.0245  D=1.582
[alma] 9:50:28  782,427/1,000,000  22.1/s  upd=18008  L=0.0216  D=1.582
[alma] 9:50:39  783,311/1,000,000  22.1/s  upd=18025  L=0.0190  D=1.582
[alma] 9:50:49  783,968/1,000,000  22.1/s  upd=18048  L=0.0213  D=1.582
[alma] 9:50:59  784,898/1,000,000  22.1/s  upd=18065  L=0.0362  D=1.582
[alma] 9:51:09  785,204/1,000,000  22.1/s  upd=18080  L=0.0331  D=1.582
[alma] 9:51:19  785,819/1,000,000  22.1/s  upd=18096  L=0.0235  D=1.582
[alma] 9:51:29  786,444/1,000,000  22.2/s  upd=18112  L=0.0260  D=1.582
[alma] 9:51:39  786,791/1,000,000  22.2/s  upd=18120  L=0.0164  D=1.582
[alma] 9:51:49  787,065/1,000,000  22.2/s  upd=18128  L=0.0225  D=1.582
[alma] 9:51:59  787,372/1,000,000  22.2/s  upd=18136  L=0.0200  D=1.582
[alma] 9:52:09  787,652/1,000,000  22.2/s  upd=18144  L=0.0277  D=1.582
[alma] 9:52:19  787,972/1,000,000  22.2/s  upd=18152  L=0.0230  D=1.582
[alma] 9:52:30  788,300/1,000,000  22.2/s  upd=18160  L=0.0165  D=1.582
[alma] 9:52:40  788,641/1,000,000  22.2/s  upd=18168  L=0.0202  D=1.582
[alma] 9:52:50  788,973/1,000,000  22.2/s  upd=18172  L=0.0237  D=1.582
[alma] 9:53:00  789,876/1,000,000  22.2/s  upd=18193  L=0.0190  D=1.582
[alma] 9:53:10  791,627/1,000,000  22.2/s  upd=18242  L=0.0193  D=1.582
[alma] 9:53:20  792,772/1,000,000  22.3/s  upd=18280  L=0.0273  D=1.582
[alma] 9:53:30  794,500/1,000,000  22.3/s  upd=18328  L=0.0432  D=1.582
[alma] 9:53:40  795,742/1,000,000  22.3/s  upd=18353  L=0.0206  D=1.582
[alma] 9:53:50  796,331/1,000,000  22.3/s  upd=18376  L=0.0152  D=1.582
[alma] 9:54:00  797,335/1,000,000  22.4/s  upd=18393  L=0.0232  D=1.582
[alma] 9:54:10  797,876/1,000,000  22.4/s  upd=18416  L=0.0211  D=1.582
[alma] 9:54:21  798,916/1,000,000  22.4/s  upd=18436  L=0.0240  D=1.582
[alma] 9:54:31  799,525/1,000,000  22.4/s  upd=18456  L=0.0296  D=1.582
[alma] saved resume t_env=800,112
[alma] 9:54:57  800,112/1,000,000  22.4/s  upd=18472  L=0.0319  ev=0/100  D=1.582
[alma] 9:55:07  800,112/1,000,000  22.4/s  upd=18472  L=0.0319  ev=40/100  D=1.582
[alma] 9:55:17  800,112/1,000,000  22.4/s  upd=18472  L=0.0319  ev=74/100  D=1.582
[alma] 9:56:58  800,112/1,000,000  22.3/s  upd=18472  L=0.0319  D=1.168
[alma] 9:58:57  800,112/1,000,000  22.3/s  upd=18472  L=0.0319  D=1.168
[alma] 9:59:07  800,472/1,000,000  22.3/s  upd=18477  L=0.0206  D=1.168
[alma] 9:59:17  800,783/1,000,000  22.3/s  upd=18481  L=0.0184  D=1.168
[alma] 9:59:27  801,074/1,000,000  22.3/s  upd=18492  L=0.0207  D=1.168
[alma] 9:59:38  801,356/1,000,000  22.3/s  upd=18500  L=0.0197  D=1.168
[alma] 9:59:48  801,655/1,000,000  22.3/s  upd=18512  L=0.0247  D=1.168
[alma] 9:59:58  801,985/1,000,000  22.3/s  upd=18515  L=0.0254  D=1.168
[alma] 10:00:08  802,247/1,000,000  22.3/s  upd=18527  L=0.0293  D=1.168
[alma] 10:00:18  802,511/1,000,000  22.3/s  upd=18534  L=0.0210  D=1.168
[alma] 10:00:28  802,795/1,000,000  22.3/s  upd=18544  L=0.0256  D=1.168
[alma] 10:00:39  803,132/1,000,000  22.3/s  upd=18552  L=0.0204  D=1.168
[alma] 10:00:49  803,749/1,000,000  22.3/s  upd=18568  L=0.0303  D=1.168
[alma] 10:00:59  804,421/1,000,000  22.3/s  upd=18584  L=0.0395  D=1.168
[alma] 10:01:09  805,039/1,000,000  22.3/s  upd=18600  L=0.0155  D=1.168
[alma] 10:01:19  805,670/1,000,000  22.3/s  upd=18616  L=0.0196  D=1.168
[alma] 10:01:29  806,327/1,000,000  22.3/s  upd=18632  L=0.0182  D=1.168
[alma] 10:01:39  807,002/1,000,000  22.4/s  upd=18648  L=0.0163  D=1.168
[alma] 10:01:49  807,654/1,000,000  22.4/s  upd=18661  L=0.0312  D=1.168
[alma] 10:01:59  808,225/1,000,000  22.4/s  upd=18675  L=0.0218  D=1.168
[alma] 10:02:10  808,479/1,000,000  22.4/s  upd=18685  L=0.0199  D=1.168
[alma] 10:02:20  808,712/1,000,000  22.4/s  upd=18691  L=0.0152  D=1.168
[alma] 10:02:30  808,712/1,000,000  22.4/s  upd=18696  L=0.0265  D=1.168
[alma] 10:02:40  809,036/1,000,000  22.4/s  upd=18701  L=0.0231  D=1.168
[alma] 10:02:51  809,036/1,000,000  22.4/s  upd=18704  L=0.0217  D=1.168
[alma] 10:03:01  809,357/1,000,000  22.4/s  upd=18709  L=0.0208  D=1.168
[alma] 10:03:12  809,615/1,000,000  22.4/s  upd=18716  L=0.0226  D=1.168
[alma] 10:03:22  809,938/1,000,000  22.4/s  upd=18728  L=0.0169  D=1.168
[alma] 10:03:32  810,244/1,000,000  22.4/s  upd=18736  L=0.0261  D=1.168
[alma] 10:03:42  810,819/1,000,000  22.4/s  upd=18745  L=0.0178  D=1.168
[alma] 10:03:52  811,121/1,000,000  22.4/s  upd=18755  L=0.0219  D=1.168
[alma] 10:04:03  811,375/1,000,000  22.4/s  upd=18765  L=0.0206  D=1.168
[alma] 10:04:57  811,375/1,000,000  22.4/s  upd=18768  L=0.0166  D=1.168
[alma] saved resume t_env=811,621
[alma] 10:05:10  811,621/1,000,000  22.4/s  upd=18776  L=0.0276  D=1.168
[alma] 10:05:21  811,920/1,000,000  22.4/s  upd=18779  L=0.0286  D=1.168
[alma] 10:05:31  812,204/1,000,000  22.4/s  upd=18788  L=0.0211  D=1.168
[alma] 10:05:41  812,204/1,000,000  22.3/s  upd=18792  L=0.0201  D=1.168
[alma] 10:05:52  812,555/1,000,000  22.4/s  upd=18798  L=0.0200  D=1.168
[alma] 10:06:02  812,817/1,000,000  22.4/s  upd=18806  L=0.0265  D=1.168
[alma] 10:06:13  813,118/1,000,000  22.4/s  upd=18811  L=0.0233  D=1.168
[alma] 10:06:23  813,415/1,000,000  22.4/s  upd=18819  L=0.0271  D=1.168
[alma] 10:06:33  813,415/1,000,000  22.4/s  upd=18824  L=0.0200  D=1.168
[alma] 10:06:43  813,707/1,000,000  22.4/s  upd=18832  L=0.0162  D=1.168
[alma] 10:06:53  814,007/1,000,000  22.4/s  upd=18840  L=0.0298  D=1.168
[alma] 10:07:03  814,324/1,000,000  22.4/s  upd=18847  L=0.0183  D=1.168
[alma] 10:07:13  814,955/1,000,000  22.4/s  upd=18864  L=0.0372  D=1.168
[alma] 10:07:23  815,467/1,000,000  22.4/s  upd=18877  L=0.0216  D=1.168
[alma] 10:07:33  816,059/1,000,000  22.4/s  upd=18896  L=0.0175  D=1.168
[alma] 10:07:43  816,737/1,000,000  22.4/s  upd=18911  L=0.0228  D=1.168
[alma] 10:07:54  817,317/1,000,000  22.4/s  upd=18927  L=0.0183  D=1.168
[alma] 10:08:04  817,933/1,000,000  22.4/s  upd=18944  L=0.0259  D=1.168
[alma] 10:08:14  818,229/1,000,000  22.4/s  upd=18950  L=0.0199  D=1.168
[alma] 10:08:24  818,503/1,000,000  22.4/s  upd=18960  L=0.0236  D=1.168
[alma] 10:08:34  818,836/1,000,000  22.4/s  upd=18968  L=0.0208  D=1.168
[alma] 10:08:45  819,161/1,000,000  22.4/s  upd=18970  L=0.0363  D=1.168
[alma] 10:08:55  819,161/1,000,000  22.4/s  upd=18976  L=0.0329  D=1.168
[alma] 10:09:05  819,481/1,000,000  22.4/s  upd=18981  L=0.0295  D=1.168
[alma] 10:09:16  819,808/1,000,000  22.4/s  upd=18987  L=0.0225  D=1.168
[alma] 10:09:26  819,808/1,000,000  22.4/s  upd=18992  L=0.0223  D=1.168
[alma] 10:09:36  820,124/1,000,000  22.4/s  upd=18993  L=0.0238  D=1.168
[alma] saved resume t_env=820,124
[alma] 10:09:58  820,124/1,000,000  22.4/s  upd=19000  L=0.0236  ev=0/100  D=1.168
[alma] 10:10:08  820,124/1,000,000  22.4/s  upd=19000  L=0.0236  ev=14/100  D=1.168
[alma] 10:10:19  820,124/1,000,000  22.4/s  upd=19000  L=0.0236  ev=29/100  D=1.168
[alma] 10:10:29  820,124/1,000,000  22.4/s  upd=19000  L=0.0236  ev=46/100  D=1.168
[alma] 10:10:39  820,124/1,000,000  22.4/s  upd=19000  L=0.0236  ev=56/100  D=1.168
[alma] 10:10:49  820,124/1,000,000  22.4/s  upd=19000  L=0.0236  ev=63/100  D=1.168
[alma] 10:10:59  820,124/1,000,000  22.4/s  upd=19000  L=0.0236  ev=72/100  D=1.168
[alma] 10:11:10  820,124/1,000,000  22.4/s  upd=19000  L=0.0236  ev=79/100  D=1.168
[alma] 10:11:20  820,124/1,000,000  22.4/s  upd=19000  L=0.0236  ev=82/100  D=1.168
[alma] 10:11:30  820,124/1,000,000  22.4/s  upd=19000  L=0.0236  ev=88/100  D=1.168
[alma] 10:11:40  820,124/1,000,000  22.3/s  upd=19000  L=0.0236  ev=95/100  D=1.168
[alma] 10:11:51  820,124/1,000,000  22.3/s  upd=19000  L=0.0236  ev=99/100  D=1.168
[alma] 10:12:34  820,124/1,000,000  22.3/s  upd=19000  L=0.0236  D=1.443
[alma] 10:14:03  820,124/1,000,000  22.3/s  upd=19000  L=0.0236  D=1.443
[alma] 10:14:13  820,711/1,000,000  22.3/s  upd=19012  L=0.0336  D=1.443
[alma] 10:14:23  821,504/1,000,000  22.3/s  upd=19027  L=0.0244  D=1.443
[alma] 10:14:33  821,815/1,000,000  22.3/s  upd=19040  L=0.0255  D=1.443
[alma] 10:14:44  822,151/1,000,000  22.3/s  upd=19048  L=0.0234  D=1.443
[alma] 10:14:54  822,443/1,000,000  22.3/s  upd=19052  L=0.0231  D=1.443
[alma] 10:15:04  822,732/1,000,000  22.3/s  upd=19058  L=0.0260  D=1.443
[alma] 10:15:14  822,732/1,000,000  22.3/s  upd=19064  L=0.0310  D=1.443
[alma] 10:15:24  823,022/1,000,000  22.3/s  upd=19072  L=0.0334  D=1.443
[alma] 10:15:34  823,022/1,000,000  22.3/s  upd=19072  L=0.0334  D=1.443
[alma] 10:15:45  823,367/1,000,000  22.3/s  upd=19080  L=0.0352  D=1.443
[alma] 10:15:55  823,687/1,000,000  22.3/s  upd=19088  L=0.0207  D=1.443
[alma] 10:16:05  824,270/1,000,000  22.3/s  upd=19097  L=0.0179  D=1.443
[alma] 10:16:15  824,577/1,000,000  22.3/s  upd=19111  L=0.0290  D=1.443
[alma] 10:16:25  824,848/1,000,000  22.3/s  upd=19120  L=0.0235  D=1.443
[alma] 10:16:36  825,186/1,000,000  22.3/s  upd=19127  L=0.0227  D=1.443
[alma] 10:16:46  825,186/1,000,000  22.3/s  upd=19128  L=0.0238  D=1.443
[alma] 10:16:56  825,530/1,000,000  22.3/s  upd=19135  L=0.0196  D=1.443
[alma] 10:17:07  825,530/1,000,000  22.3/s  upd=19136  L=0.0264  D=1.443
[alma] 10:17:17  825,807/1,000,000  22.3/s  upd=19140  L=0.0204  D=1.443
[alma] 10:17:28  825,807/1,000,000  22.3/s  upd=19144  L=0.0265  D=1.443
[alma] 10:17:38  826,111/1,000,000  22.3/s  upd=19151  L=0.0197  D=1.443
[alma] 10:17:48  826,410/1,000,000  22.3/s  upd=19156  L=0.0368  D=1.443
[alma] 10:17:58  826,410/1,000,000  22.3/s  upd=19160  L=0.0243  D=1.443
[alma] 10:18:09  826,730/1,000,000  22.3/s  upd=19164  L=0.0245  D=1.443
[alma] 10:18:19  827,042/1,000,000  22.3/s  upd=19170  L=0.0274  D=1.443
[alma] 10:18:30  827,042/1,000,000  22.3/s  upd=19176  L=0.0216  D=1.443
[alma] 10:18:40  827,938/1,000,000  22.3/s  upd=19198  L=0.0274  D=1.443
[alma] 10:18:50  828,889/1,000,000  22.3/s  upd=19217  L=0.0254  D=1.443
[alma] 10:19:00  829,202/1,000,000  22.3/s  upd=19232  L=0.0292  D=1.443
[alma] 10:20:00  829,542/1,000,000  22.3/s  upd=19240  L=0.0301  D=1.443
[alma] saved resume t_env=829,837
[alma] 10:20:10  830,772/1,000,000  22.3/s  upd=19268  L=0.0218  D=1.443
[alma] 10:20:20  832,614/1,000,000  22.4/s  upd=19320  L=0.0155  D=1.443
[alma] 10:20:30  834,444/1,000,000  22.4/s  upd=19365  L=0.0279  D=1.443
[alma] 10:20:40  836,202/1,000,000  22.5/s  upd=19413  L=0.0312  D=1.443
[alma] 10:20:50  837,945/1,000,000  22.5/s  upd=19464  L=0.0204  D=1.443
[alma] 10:21:00  839,827/1,000,000  22.5/s  upd=19512  L=0.0265  D=1.443
[alma] saved resume t_env=840,182
[alma] 10:21:23  840,182/1,000,000  22.5/s  upd=19520  L=0.0259  ev=0/100  D=1.443
[alma] 10:21:33  840,182/1,000,000  22.5/s  upd=19520  L=0.0259  ev=32/100  D=1.443
[alma] 10:21:44  840,182/1,000,000  22.5/s  upd=19520  L=0.0259  ev=41/100  D=1.443
[alma] 10:21:54  840,182/1,000,000  22.5/s  upd=19520  L=0.0259  ev=64/100  D=1.443
[alma] 10:22:04  840,182/1,000,000  22.5/s  upd=19520  L=0.0259  ev=99/100  D=1.443
[alma] 10:25:02  840,182/1,000,000  22.4/s  upd=19520  L=0.0259  D=1.261
[alma] 10:27:04  840,182/1,000,000  22.3/s  upd=19520  L=0.0259  D=1.261
[alma] 10:27:14  840,468/1,000,000  22.3/s  upd=19528  L=0.0212  D=1.261
[alma] 10:27:24  840,789/1,000,000  22.3/s  upd=19534  L=0.0242  D=1.261
[alma] 10:27:34  841,128/1,000,000  22.3/s  upd=19539  L=0.0255  D=1.261
[alma] 10:27:45  841,373/1,000,000  22.3/s  upd=19547  L=0.0217  D=1.261
[alma] 10:27:55  841,644/1,000,000  22.3/s  upd=19556  L=0.0156  D=1.261
[alma] 10:28:05  841,925/1,000,000  22.3/s  upd=19568  L=0.0238  D=1.261
[alma] 10:28:15  841,925/1,000,000  22.3/s  upd=19568  L=0.0238  D=1.261
[alma] 10:28:26  842,244/1,000,000  22.3/s  upd=19576  L=0.0205  D=1.261
[alma] 10:28:36  842,537/1,000,000  22.3/s  upd=19578  L=0.0212  D=1.261
[alma] 10:28:46  842,537/1,000,000  22.3/s  upd=19584  L=0.0214  D=1.261
[alma] 10:28:56  842,882/1,000,000  22.3/s  upd=19592  L=0.0199  D=1.261
[alma] 10:29:07  842,882/1,000,000  22.3/s  upd=19592  L=0.0199  D=1.261
[alma] 10:29:17  843,155/1,000,000  22.3/s  upd=19600  L=0.0246  D=1.261
[alma] 10:29:27  843,816/1,000,000  22.3/s  upd=19612  L=0.0226  D=1.261
[alma] 10:29:37  844,126/1,000,000  22.3/s  upd=19619  L=0.0159  D=1.261
[alma] 10:29:47  844,676/1,000,000  22.4/s  upd=19640  L=0.0200  D=1.261
[alma] 10:29:57  845,492/1,000,000  22.4/s  upd=19662  L=0.0293  D=1.261
[alma] 10:30:07  846,099/1,000,000  22.4/s  upd=19680  L=0.0212  D=1.261
[alma] 10:30:18  846,395/1,000,000  22.4/s  upd=19684  L=0.0187  D=1.261
[alma] 10:30:28  846,768/1,000,000  22.4/s  upd=19690  L=0.0196  D=1.261
[alma] 10:30:38  846,768/1,000,000  22.4/s  upd=19696  L=0.0222  D=1.261
[alma] 10:30:48  847,030/1,000,000  22.4/s  upd=19704  L=0.0227  D=1.261
[alma] 10:30:58  847,286/1,000,000  22.4/s  upd=19712  L=0.0204  D=1.261
[alma] 10:31:09  847,573/1,000,000  22.4/s  upd=19717  L=0.0332  D=1.261
[alma] saved resume t_env=847,573
[alma] 10:31:19  847,573/1,000,000  22.4/s  upd=19720  L=0.0158  D=1.261
[alma] 10:31:29  847,870/1,000,000  22.4/s  upd=19723  L=0.0251  D=1.261
[alma] 10:31:39  847,870/1,000,000  22.4/s  upd=19728  L=0.0173  D=1.261
[alma] 10:31:49  848,143/1,000,000  22.4/s  upd=19736  L=0.0210  D=1.261
[alma] 10:31:59  848,435/1,000,000  22.4/s  upd=19742  L=0.0369  D=1.261
[alma] 10:32:10  848,435/1,000,000  22.4/s  upd=19744  L=0.0277  D=1.261
[alma] 10:32:20  848,727/1,000,000  22.4/s  upd=19751  L=0.0251  D=1.261
[alma] 10:33:41  848,727/1,000,000  22.3/s  upd=19752  L=0.0191  D=1.261
[alma] 10:33:51  849,045/1,000,000  22.3/s  upd=19760  L=0.0248  D=1.261
[alma] 10:34:02  849,337/1,000,000  22.3/s  upd=19767  L=0.0198  D=1.261
[alma] 10:34:13  849,644/1,000,000  22.3/s  upd=19774  L=0.0195  D=1.261
[alma] 10:34:23  849,925/1,000,000  22.3/s  upd=19783  L=0.0214  D=1.261
[alma] 10:34:33  850,214/1,000,000  22.3/s  upd=19789  L=0.0172  D=1.261
[alma] 10:34:43  850,519/1,000,000  22.3/s  upd=19800  L=0.0365  D=1.261
[alma] 10:34:54  850,845/1,000,000  22.3/s  upd=19805  L=0.0256  D=1.261
[alma] 10:35:04  850,845/1,000,000  22.3/s  upd=19808  L=0.0195  D=1.261
[alma] 10:35:14  851,153/1,000,000  22.3/s  upd=19816  L=0.0346  D=1.261
[alma] 10:35:25  851,491/1,000,000  22.3/s  upd=19822  L=0.0272  D=1.261
[alma] 10:35:35  851,773/1,000,000  22.3/s  upd=19832  L=0.0196  D=1.261
[alma] 10:35:45  853,580/1,000,000  22.4/s  upd=19876  L=0.0229  D=1.261
[alma] 10:35:55  855,446/1,000,000  22.4/s  upd=19925  L=0.0203  D=1.261
[alma] 10:36:05  857,291/1,000,000  22.5/s  upd=19970  L=0.0204  D=1.261
[alma] 10:36:15  859,024/1,000,000  22.5/s  upd=20024  L=0.0262  D=1.261
[alma] saved resume t_env=860,189
[alma] 10:36:40  860,189/1,000,000  22.5/s  upd=20056  L=0.0199  ev=0/100  D=1.261
[alma] 10:36:50  860,189/1,000,000  22.5/s  upd=20056  L=0.0199  ev=58/100  D=1.261
[alma] 10:37:00  860,189/1,000,000  22.5/s  upd=20056  L=0.0199  ev=94/100  D=1.261
[alma] 10:39:11  860,189/1,000,000  22.4/s  upd=20056  L=0.0199  D=1.347
[alma] 10:40:11  860,189/1,000,000  22.4/s  upd=20056  L=0.0199  D=1.347
[alma] 10:40:21  860,767/1,000,000  22.4/s  upd=20070  L=0.0290  D=1.347
[alma] 10:40:31  861,368/1,000,000  22.4/s  upd=20088  L=0.0240  D=1.347
[alma] 10:40:41  861,994/1,000,000  22.4/s  upd=20104  L=0.0218  D=1.347
[alma] 10:40:51  862,927/1,000,000  22.4/s  upd=20123  L=0.0209  D=1.347
[alma] 10:41:01  863,569/1,000,000  22.5/s  upd=20139  L=0.0218  D=1.347
[alma] 10:41:12  864,157/1,000,000  22.5/s  upd=20157  L=0.0241  D=1.347
[alma] 10:41:23  864,433/1,000,000  22.5/s  upd=20166  L=0.0227  D=1.347
[alma] 10:41:33  864,704/1,000,000  22.5/s  upd=20176  L=0.0213  D=1.347
[alma] 10:41:43  864,984/1,000,000  22.5/s  upd=20184  L=0.0203  D=1.347
[alma] 10:41:53  865,320/1,000,000  22.5/s  upd=20189  L=0.0206  D=1.347
[alma] 10:42:04  865,646/1,000,000  22.5/s  upd=20198  L=0.0289  D=1.347
[alma] 10:42:14  865,947/1,000,000  22.5/s  upd=20208  L=0.0210  D=1.347
[alma] 10:42:24  866,866/1,000,000  22.5/s  upd=20227  L=0.0240  D=1.347
[alma] 10:42:34  867,427/1,000,000  22.5/s  upd=20248  L=0.0268  D=1.347
[alma] 10:42:44  868,285/1,000,000  22.5/s  upd=20272  L=0.0204  D=1.347
[alma] 10:42:54  869,220/1,000,000  22.5/s  upd=20291  L=0.0244  D=1.347
[alma] 10:43:04  869,788/1,000,000  22.5/s  upd=20312  L=0.0159  D=1.347
[alma] 10:43:14  870,761/1,000,000  22.6/s  upd=20331  L=0.0218  D=1.347
[alma] 10:43:24  871,358/1,000,000  22.6/s  upd=20352  L=0.0273  D=1.347
[alma] 10:43:35  872,304/1,000,000  22.6/s  upd=20373  L=0.0258  D=1.347
[alma] 10:43:45  873,196/1,000,000  22.6/s  upd=20394  L=0.0330  D=1.347
[alma] 10:43:55  873,524/1,000,000  22.6/s  upd=20404  L=0.0185  D=1.347
[alma] 10:44:05  873,811/1,000,000  22.6/s  upd=20416  L=0.0242  D=1.347
[alma] 10:44:15  874,704/1,000,000  22.6/s  upd=20438  L=0.0294  D=1.347
[alma] 10:44:25  874,990/1,000,000  22.6/s  upd=20448  L=0.0288  D=1.347
[alma] 10:44:35  875,313/1,000,000  22.6/s  upd=20456  L=0.0221  D=1.347
[alma] 10:44:46  875,672/1,000,000  22.6/s  upd=20464  L=0.0238  D=1.347
[alma] 10:44:56  875,959/1,000,000  22.6/s  upd=20472  L=0.0238  D=1.347
[alma] 10:45:06  876,261/1,000,000  22.6/s  upd=20480  L=0.0211  D=1.347
[alma] 10:45:45  876,620/1,000,000  22.6/s  upd=20488  L=0.0281  D=1.347
[alma] 10:45:55  877,258/1,000,000  22.6/s  upd=20499  L=0.0272  D=1.347
[alma] 10:46:05  877,556/1,000,000  22.6/s  upd=20512  L=0.0210  D=1.347
[alma] 10:46:15  877,861/1,000,000  22.6/s  upd=20520  L=0.0237  D=1.347
[alma] 10:46:26  878,159/1,000,000  22.6/s  upd=20528  L=0.0222  D=1.347
[alma] saved resume t_env=878,159
[alma] 10:46:36  878,159/1,000,000  22.6/s  upd=20528  L=0.0222  D=1.347
[alma] 10:46:47  878,477/1,000,000  22.6/s  upd=20536  L=0.0176  D=1.347
[alma] 10:46:58  878,767/1,000,000  22.6/s  upd=20540  L=0.0214  D=1.347
[alma] 10:47:08  879,077/1,000,000  22.6/s  upd=20546  L=0.0221  D=1.347
[alma] 10:47:18  879,077/1,000,000  22.6/s  upd=20552  L=0.0258  D=1.347
[alma] 10:47:28  879,687/1,000,000  22.6/s  upd=20564  L=0.0229  D=1.347
[alma] 10:47:39  879,687/1,000,000  22.6/s  upd=20568  L=0.0232  D=1.347
[alma] 10:47:49  880,248/1,000,000  22.6/s  upd=20580  L=0.0148  D=1.347
[alma] saved resume t_env=880,248
[alma] 10:48:12  880,248/1,000,000  22.6/s  upd=20584  L=0.0219  ev=0/100  D=1.347
[alma] 10:48:22  880,248/1,000,000  22.6/s  upd=20584  L=0.0219  ev=8/100  D=1.347
[alma] 10:48:32  880,248/1,000,000  22.6/s  upd=20584  L=0.0219  ev=18/100  D=1.347
[alma] 10:48:42  880,248/1,000,000  22.6/s  upd=20584  L=0.0219  ev=24/100  D=1.347
[alma] 10:48:53  880,248/1,000,000  22.6/s  upd=20584  L=0.0219  ev=34/100  D=1.347
[alma] 10:49:03  880,248/1,000,000  22.6/s  upd=20584  L=0.0219  ev=40/100  D=1.347
[alma] 10:49:13  880,248/1,000,000  22.6/s  upd=20584  L=0.0219  ev=56/100  D=1.347
[alma] 10:49:23  880,248/1,000,000  22.6/s  upd=20584  L=0.0219  ev=88/100  D=1.347
[alma] 10:51:19  880,248/1,000,000  22.5/s  upd=20584  L=0.0219  D=1.200
[alma] 10:53:51  880,248/1,000,000  22.4/s  upd=20584  L=0.0219  D=1.200
[alma] 10:54:01  880,561/1,000,000  22.4/s  upd=20592  L=0.0202  D=1.200
[alma] 10:54:12  880,856/1,000,000  22.4/s  upd=20600  L=0.0256  D=1.200
[alma] 10:54:22  881,849/1,000,000  22.5/s  upd=20618  L=0.0282  D=1.200
[alma] 10:54:32  882,447/1,000,000  22.5/s  upd=20638  L=0.0304  D=1.200
[alma] 10:54:42  883,039/1,000,000  22.5/s  upd=20653  L=0.0218  D=1.200
[alma] 10:54:52  883,325/1,000,000  22.5/s  upd=20664  L=0.0268  D=1.200
[alma] 10:55:02  883,936/1,000,000  22.5/s  upd=20680  L=0.0181  D=1.200
[alma] 10:55:12  884,580/1,000,000  22.5/s  upd=20695  L=0.0284  D=1.200
[alma] 10:55:22  885,134/1,000,000  22.5/s  upd=20712  L=0.0198  D=1.200
[alma] 10:55:32  886,050/1,000,000  22.5/s  upd=20736  L=0.0226  D=1.200
[alma] 10:55:42  888,183/1,000,000  22.6/s  upd=20788  L=0.0355  D=1.200
[alma] 10:55:52  890,055/1,000,000  22.6/s  upd=20840  L=0.0319  D=1.200
[alma] 10:56:02  891,015/1,000,000  22.6/s  upd=20864  L=0.0330  D=1.200
[alma] 10:56:12  891,986/1,000,000  22.7/s  upd=20882  L=0.0313  D=1.200
[alma] 10:56:22  892,621/1,000,000  22.7/s  upd=20903  L=0.0241  D=1.200
[alma] 10:56:32  893,570/1,000,000  22.7/s  upd=20925  L=0.0256  D=1.200
[alma] 10:56:42  894,147/1,000,000  22.7/s  upd=20944  L=0.0214  D=1.200
[alma] 10:56:52  895,119/1,000,000  22.7/s  upd=20968  L=0.0225  D=1.200
[alma] 10:57:03  896,008/1,000,000  22.7/s  upd=20986  L=0.0290  D=1.200
[alma] 10:57:13  896,643/1,000,000  22.7/s  upd=21008  L=0.0161  D=1.200
[alma] 10:57:23  897,556/1,000,000  22.8/s  upd=21032  L=0.0367  D=1.200
[alma] 10:57:33  898,440/1,000,000  22.8/s  upd=21052  L=0.0270  D=1.200
[alma] 10:57:43  899,368/1,000,000  22.8/s  upd=21074  L=0.0233  D=1.200
[alma] 10:57:53  899,943/1,000,000  22.8/s  upd=21096  L=0.0202  D=1.200
[alma] saved resume t_env=900,235
[alma] 10:58:17  900,235/1,000,000  22.8/s  upd=21104  L=0.0273  ev=0/100  D=1.200
[alma] 10:58:27  900,235/1,000,000  22.8/s  upd=21104  L=0.0273  ev=8/100  D=1.200
[alma] 10:58:37  900,235/1,000,000  22.8/s  upd=21104  L=0.0273  ev=24/100  D=1.200
[alma] 10:58:48  900,235/1,000,000  22.8/s  upd=21104  L=0.0273  ev=39/100  D=1.200
[alma] 10:58:58  900,235/1,000,000  22.8/s  upd=21104  L=0.0273  ev=49/100  D=1.200
[alma] 10:59:08  900,235/1,000,000  22.8/s  upd=21104  L=0.0273  ev=56/100  D=1.200
[alma] 10:59:18  900,235/1,000,000  22.8/s  upd=21104  L=0.0273  ev=71/100  D=1.200
[alma] 10:59:28  900,235/1,000,000  22.8/s  upd=21104  L=0.0273  ev=80/100  D=1.200
[alma] 10:59:38  900,235/1,000,000  22.7/s  upd=21104  L=0.0273  ev=88/100  D=1.200
[alma] 10:59:49  900,235/1,000,000  22.7/s  upd=21104  L=0.0273  ev=100/100  D=1.200
[alma] 11:00:55  900,235/1,000,000  22.7/s  upd=21104  L=0.0273  D=1.234
[alma] 11:01:56  900,235/1,000,000  22.7/s  upd=21104  L=0.0273  D=1.234
[alma] 11:02:06  900,549/1,000,000  22.7/s  upd=21112  L=0.0246  D=1.234
[alma] 11:02:17  900,905/1,000,000  22.7/s  upd=21114  L=0.0230  D=1.234
[alma] 11:02:27  901,148/1,000,000  22.7/s  upd=21126  L=0.0251  D=1.234
[alma] 11:02:37  901,429/1,000,000  22.7/s  upd=21134  L=0.0198  D=1.234
[alma] 11:02:47  901,429/1,000,000  22.7/s  upd=21136  L=0.0285  D=1.234
[alma] 11:02:57  901,750/1,000,000  22.7/s  upd=21141  L=0.0275  D=1.234
[alma] 11:03:07  902,035/1,000,000  22.7/s  upd=21152  L=0.0228  D=1.234
[alma] 11:03:18  902,317/1,000,000  22.7/s  upd=21160  L=0.0237  D=1.234
[alma] 11:03:28  902,583/1,000,000  22.7/s  upd=21168  L=0.0293  D=1.234
[alma] 11:03:38  903,292/1,000,000  22.7/s  upd=21177  L=0.0184  D=1.234
[alma] 11:03:48  903,615/1,000,000  22.7/s  upd=21192  L=0.0214  D=1.234
[alma] 11:03:59  903,888/1,000,000  22.7/s  upd=21200  L=0.0228  D=1.234
[alma] 11:04:09  904,604/1,000,000  22.7/s  upd=21214  L=0.0331  D=1.234
[alma] 11:04:19  904,921/1,000,000  22.7/s  upd=21224  L=0.0176  D=1.234
[alma] 11:04:29  905,583/1,000,000  22.7/s  upd=21236  L=0.0166  D=1.234
[alma] 11:04:39  905,844/1,000,000  22.7/s  upd=21241  L=0.0251  D=1.234
[alma] 11:04:49  905,844/1,000,000  22.7/s  upd=21248  L=0.0236  D=1.234
[alma] 11:05:00  906,172/1,000,000  22.7/s  upd=21256  L=0.0307  D=1.234
[alma] 11:05:10  906,461/1,000,000  22.7/s  upd=21261  L=0.0251  D=1.234
[alma] 11:05:20  906,759/1,000,000  22.7/s  upd=21269  L=0.0244  D=1.234
[alma] 11:05:31  907,053/1,000,000  22.7/s  upd=21278  L=0.0264  D=1.234
[alma] 11:05:41  907,329/1,000,000  22.7/s  upd=21283  L=0.0338  D=1.234
[alma] 11:05:51  907,592/1,000,000  22.7/s  upd=21289  L=0.0269  D=1.234
[alma] 11:06:01  907,592/1,000,000  22.7/s  upd=21296  L=0.0229  D=1.234
[alma] 11:06:11  907,934/1,000,000  22.7/s  upd=21304  L=0.0278  D=1.234
[alma] 11:06:22  908,195/1,000,000  22.7/s  upd=21307  L=0.0219  D=1.234
[alma] 11:06:32  908,195/1,000,000  22.7/s  upd=21312  L=0.0248  D=1.234
[alma] 11:06:42  908,472/1,000,000  22.7/s  upd=21320  L=0.0178  D=1.234
[alma] 11:06:52  908,791/1,000,000  22.7/s  upd=21324  L=0.0207  D=1.234
[alma] 11:07:03  909,071/1,000,000  22.7/s  upd=21330  L=0.0311  D=1.234
[alma] 11:07:39  909,071/1,000,000  22.7/s  upd=21336  L=0.0175  D=1.234
[alma] 11:07:49  909,368/1,000,000  22.7/s  upd=21344  L=0.0285  D=1.234
[alma] 11:07:59  909,705/1,000,000  22.7/s  upd=21352  L=0.0210  D=1.234
[alma] saved resume t_env=910,044
[alma] 11:08:10  910,044/1,000,000  22.7/s  upd=21360  L=0.0196  D=1.234
[alma] 11:08:20  910,382/1,000,000  22.7/s  upd=21368  L=0.0232  D=1.234
[alma] 11:08:30  910,680/1,000,000  22.7/s  upd=21376  L=0.0284  D=1.234
[alma] 11:08:40  910,921/1,000,000  22.7/s  upd=21384  L=0.0355  D=1.234
[alma] 11:08:51  911,216/1,000,000  22.7/s  upd=21386  L=0.0251  D=1.234
[alma] 11:09:01  911,216/1,000,000  22.7/s  upd=21392  L=0.0246  D=1.234
[alma] 11:09:11  911,539/1,000,000  22.7/s  upd=21400  L=0.0376  D=1.234
[alma] 11:09:22  911,829/1,000,000  22.7/s  upd=21401  L=0.0398  D=1.234
[alma] 11:09:32  911,829/1,000,000  22.7/s  upd=21408  L=0.0244  D=1.234
[alma] 11:09:42  912,776/1,000,000  22.7/s  upd=21432  L=0.0174  D=1.234
[alma] 11:09:52  913,747/1,000,000  22.7/s  upd=21449  L=0.0217  D=1.234
[alma] 11:10:02  914,044/1,000,000  22.7/s  upd=21464  L=0.0242  D=1.234
[alma] 11:10:12  915,019/1,000,000  22.8/s  upd=21485  L=0.0234  D=1.234
[alma] 11:10:23  915,649/1,000,000  22.8/s  upd=21504  L=0.0262  D=1.234
[alma] 11:10:33  916,533/1,000,000  22.8/s  upd=21526  L=0.0247  D=1.234
[alma] 11:10:43  918,601/1,000,000  22.8/s  upd=21581  L=0.0231  D=1.234
[alma] saved resume t_env=920,229
[alma] 11:11:09  920,229/1,000,000  22.9/s  upd=21624  L=0.0273  ev=0/100  D=1.234
[alma] 11:11:19  920,229/1,000,000  22.8/s  upd=21624  L=0.0273  ev=48/100  D=1.234
[alma] 11:11:29  920,229/1,000,000  22.8/s  upd=21624  L=0.0273  ev=88/100  D=1.234
[alma] 11:13:31  920,229/1,000,000  22.8/s  upd=21624  L=0.0273  D=1.332
[alma] 11:16:31  920,229/1,000,000  22.7/s  upd=21624  L=0.0273  D=1.332
[alma] 11:16:41  920,529/1,000,000  22.7/s  upd=21631  L=0.0203  D=1.332
[alma] 11:16:51  920,899/1,000,000  22.7/s  upd=21636  L=0.0269  D=1.332
[alma] 11:17:01  921,253/1,000,000  22.7/s  upd=21645  L=0.0260  D=1.332
[alma] 11:17:11  921,253/1,000,000  22.7/s  upd=21648  L=0.0244  D=1.332
[alma] 11:17:22  921,632/1,000,000  22.7/s  upd=21655  L=0.0251  D=1.332
[alma] 11:17:32  921,632/1,000,000  22.7/s  upd=21656  L=0.0294  D=1.332
[alma] 11:17:42  921,938/1,000,000  22.7/s  upd=21664  L=0.0235  D=1.332
[alma] 11:17:52  922,243/1,000,000  22.7/s  upd=21668  L=0.0280  D=1.332
[alma] 11:18:03  922,573/1,000,000  22.7/s  upd=21673  L=0.0224  D=1.332
[alma] 11:18:13  922,573/1,000,000  22.7/s  upd=21680  L=0.0243  D=1.332
[alma] 11:18:23  922,908/1,000,000  22.7/s  upd=21685  L=0.0262  D=1.332
[alma] 11:18:34  922,908/1,000,000  22.7/s  upd=21688  L=0.0304  D=1.332
[alma] 11:18:44  923,217/1,000,000  22.7/s  upd=21696  L=0.0289  D=1.332
[alma] 11:18:54  923,512/1,000,000  22.7/s  upd=21700  L=0.0366  D=1.332
[alma] 11:19:04  923,512/1,000,000  22.7/s  upd=21704  L=0.0299  D=1.332
[alma] 11:19:15  923,803/1,000,000  22.7/s  upd=21712  L=0.0246  D=1.332
[alma] 11:19:25  924,125/1,000,000  22.7/s  upd=21715  L=0.0158  D=1.332
[alma] 11:19:36  924,426/1,000,000  22.7/s  upd=21728  L=0.0223  D=1.332
[alma] 11:19:46  925,049/1,000,000  22.7/s  upd=21737  L=0.0193  D=1.332
[alma] 11:19:56  925,360/1,000,000  22.7/s  upd=21751  L=0.0229  D=1.332
[alma] 11:20:06  926,029/1,000,000  22.7/s  upd=21766  L=0.0217  D=1.332
[alma] 11:20:16  926,982/1,000,000  22.7/s  upd=21786  L=0.0277  D=1.332
[alma] 11:20:26  927,608/1,000,000  22.7/s  upd=21808  L=0.0276  D=1.332
[alma] 11:20:37  928,224/1,000,000  22.7/s  upd=21817  L=0.0451  D=1.332
[alma] 11:20:47  928,556/1,000,000  22.7/s  upd=21832  L=0.0389  D=1.332
[alma] 11:20:57  928,874/1,000,000  22.7/s  upd=21839  L=0.0223  D=1.332
[alma] saved resume t_env=928,874
[alma] 11:21:07  928,874/1,000,000  22.7/s  upd=21840  L=0.0279  D=1.332
[alma] 11:21:17  929,220/1,000,000  22.7/s  upd=21848  L=0.0246  D=1.332
[alma] 11:21:27  929,579/1,000,000  22.7/s  upd=21852  L=0.0168  D=1.332
[alma] 11:22:07  929,579/1,000,000  22.7/s  upd=21856  L=0.0264  D=1.332
[alma] 11:22:18  929,919/1,000,000  22.7/s  upd=21864  L=0.0433  D=1.332
[alma] 11:22:28  930,235/1,000,000  22.7/s  upd=21872  L=0.0219  D=1.332
[alma] 11:22:38  930,536/1,000,000  22.7/s  upd=21880  L=0.0276  D=1.332
[alma] 11:22:48  930,871/1,000,000  22.7/s  upd=21887  L=0.0238  D=1.332
[alma] 11:22:58  930,871/1,000,000  22.7/s  upd=21888  L=0.0218  D=1.332
[alma] 11:23:08  931,177/1,000,000  22.7/s  upd=21896  L=0.0287  D=1.332
[alma] 11:23:19  931,177/1,000,000  22.7/s  upd=21896  L=0.0287  D=1.332
[alma] 11:23:29  931,553/1,000,000  22.7/s  upd=21904  L=0.0264  D=1.332
[alma] 11:23:39  931,934/1,000,000  22.7/s  upd=21911  L=0.0446  D=1.332
[alma] 11:23:50  932,270/1,000,000  22.7/s  upd=21914  L=0.0217  D=1.332
[alma] 11:24:00  932,270/1,000,000  22.7/s  upd=21920  L=0.0202  D=1.332
[alma] 11:24:11  932,601/1,000,000  22.7/s  upd=21925  L=0.0392  D=1.332
[alma] 11:24:21  932,919/1,000,000  22.7/s  upd=21929  L=0.0296  D=1.332
[alma] 11:24:31  932,919/1,000,000  22.7/s  upd=21936  L=0.0204  D=1.332
[alma] 11:24:42  933,218/1,000,000  22.7/s  upd=21944  L=0.0251  D=1.332
[alma] 11:24:52  933,218/1,000,000  22.7/s  upd=21944  L=0.0251  D=1.332
[alma] 11:25:02  933,521/1,000,000  22.7/s  upd=21952  L=0.0176  D=1.332
[alma] 11:25:12  933,824/1,000,000  22.7/s  upd=21960  L=0.0353  D=1.332
[alma] 11:25:22  934,127/1,000,000  22.7/s  upd=21968  L=0.0257  D=1.332
[alma] 11:25:32  934,407/1,000,000  22.7/s  upd=21976  L=0.0224  D=1.332
[alma] 11:25:42  935,043/1,000,000  22.7/s  upd=21992  L=0.0434  D=1.332
[alma] 11:25:52  936,015/1,000,000  22.7/s  upd=22013  L=0.0301  D=1.332
[alma] 11:26:02  937,697/1,000,000  22.8/s  upd=22053  L=0.0172  D=1.332
[alma] 11:26:13  938,686/1,000,000  22.8/s  upd=22079  L=0.0217  D=1.332
[alma] 11:26:23  939,301/1,000,000  22.8/s  upd=22096  L=0.0259  D=1.332
[alma] 11:26:33  939,973/1,000,000  22.8/s  upd=22112  L=0.0211  D=1.332
[alma] saved resume t_env=940,381
[alma] 11:26:58  940,381/1,000,000  22.8/s  upd=22120  L=0.0270  ev=0/100  D=1.332
[alma] 11:27:08  940,381/1,000,000  22.8/s  upd=22120  L=0.0270  ev=8/100  D=1.332
[alma] 11:27:18  940,381/1,000,000  22.8/s  upd=22120  L=0.0270  ev=16/100  D=1.332
[alma] 11:27:29  940,381/1,000,000  22.8/s  upd=22120  L=0.0270  ev=24/100  D=1.332
[alma] 11:27:39  940,381/1,000,000  22.8/s  upd=22120  L=0.0270  ev=32/100  D=1.332
[alma] 11:27:49  940,381/1,000,000  22.8/s  upd=22120  L=0.0270  ev=37/100  D=1.332
[alma] 11:27:59  940,381/1,000,000  22.8/s  upd=22120  L=0.0270  ev=49/100  D=1.332
[alma] 11:28:09  940,381/1,000,000  22.8/s  upd=22120  L=0.0270  ev=64/100  D=1.332
[alma] 11:28:20  940,381/1,000,000  22.8/s  upd=22120  L=0.0270  ev=88/100  D=1.332
[alma] 11:29:41  940,381/1,000,000  22.7/s  upd=22120  L=0.0270  D=1.653
[alma] 11:31:43  940,381/1,000,000  22.7/s  upd=22120  L=0.0270  D=1.653
[alma] 11:31:53  940,699/1,000,000  22.7/s  upd=22128  L=0.0342  D=1.653
[alma] 11:32:03  941,359/1,000,000  22.7/s  upd=22139  L=0.0223  D=1.653
[alma] 11:32:13  941,677/1,000,000  22.7/s  upd=22152  L=0.0259  D=1.653
[alma] 11:32:23  942,801/1,000,000  22.7/s  upd=22171  L=0.0234  D=1.653
[alma] 11:32:33  943,469/1,000,000  22.7/s  upd=22192  L=0.0187  D=1.653
[alma] 11:32:43  944,430/1,000,000  22.7/s  upd=22214  L=0.0254  D=1.653
[alma] 11:32:53  945,440/1,000,000  22.7/s  upd=22233  L=0.0273  D=1.653
[alma] 11:33:03  946,146/1,000,000  22.8/s  upd=22255  L=0.0211  D=1.653
[alma] 11:33:14  947,031/1,000,000  22.8/s  upd=22276  L=0.0255  D=1.653
[alma] 11:33:24  947,721/1,000,000  22.8/s  upd=22296  L=0.0171  D=1.653
[alma] 11:33:34  948,737/1,000,000  22.8/s  upd=22317  L=0.0374  D=1.653
[alma] 11:33:44  949,982/1,000,000  22.8/s  upd=22352  L=0.0240  D=1.653
[alma] 11:33:54  950,549/1,000,000  22.8/s  upd=22368  L=0.0219  D=1.653
[alma] 11:34:04  951,576/1,000,000  22.8/s  upd=22385  L=0.0330  D=1.653
[alma] 11:34:14  952,273/1,000,000  22.9/s  upd=22402  L=0.0154  D=1.653
[alma] 11:34:25  953,001/1,000,000  22.9/s  upd=22419  L=0.0218  D=1.653
[alma] 11:34:35  953,650/1,000,000  22.9/s  upd=22439  L=0.0208  D=1.653
[alma] 11:34:45  954,279/1,000,000  22.9/s  upd=22450  L=0.0247  D=1.653
[alma] 11:34:55  954,605/1,000,000  22.9/s  upd=22462  L=0.0307  D=1.653
[alma] 11:35:05  955,246/1,000,000  22.9/s  upd=22480  L=0.0233  D=1.653
[alma] 11:35:15  956,245/1,000,000  22.9/s  upd=22504  L=0.0241  D=1.653
[alma] 11:35:25  957,198/1,000,000  22.9/s  upd=22525  L=0.0340  D=1.653
[alma] 11:35:35  957,873/1,000,000  23.0/s  upd=22544  L=0.0249  D=1.653
[alma] 11:35:45  958,889/1,000,000  23.0/s  upd=22562  L=0.0212  D=1.653
[alma] 11:35:55  959,182/1,000,000  23.0/s  upd=22576  L=0.0278  D=1.653
[alma] 11:36:05  959,824/1,000,000  23.0/s  upd=22592  L=0.0241  D=1.653
[alma] saved resume t_env=960,177
[alma] 11:36:31  960,177/1,000,000  23.0/s  upd=22600  L=0.0218  ev=0/100  D=1.653
[alma] 11:36:41  960,177/1,000,000  23.0/s  upd=22600  L=0.0218  ev=15/100  D=1.653
[alma] 11:36:51  960,177/1,000,000  23.0/s  upd=22600  L=0.0218  ev=32/100  D=1.653
[alma] 11:37:01  960,177/1,000,000  23.0/s  upd=22600  L=0.0218  ev=53/100  D=1.653
[alma] 11:37:12  960,177/1,000,000  23.0/s  upd=22600  L=0.0218  ev=71/100  D=1.653
[alma] 11:37:22  960,177/1,000,000  22.9/s  upd=22600  L=0.0218  ev=81/100  D=1.653
[alma] 11:37:32  960,177/1,000,000  22.9/s  upd=22600  L=0.0218  ev=88/100  D=1.653
[alma] 11:37:42  960,177/1,000,000  22.9/s  upd=22600  L=0.0218  ev=96/100  D=1.653
[alma] 11:39:19  960,177/1,000,000  22.9/s  upd=22600  L=0.0218  D=1.769
[alma] 11:41:21  960,177/1,000,000  22.8/s  upd=22600  L=0.0218  D=1.769
[alma] 11:41:31  960,809/1,000,000  22.8/s  upd=22616  L=0.0392  D=1.769
[alma] 11:41:41  961,694/1,000,000  22.8/s  upd=22634  L=0.0276  D=1.769
[alma] 11:41:51  962,387/1,000,000  22.9/s  upd=22651  L=0.0308  D=1.769
[alma] 11:42:01  962,724/1,000,000  22.9/s  upd=22658  L=0.0367  D=1.769
[alma] 11:42:11  963,070/1,000,000  22.9/s  upd=22670  L=0.0250  D=1.769
[alma] 11:42:22  963,416/1,000,000  22.9/s  upd=22680  L=0.0266  D=1.769
[alma] 11:42:32  963,705/1,000,000  22.9/s  upd=22685  L=0.0199  D=1.769
[alma] 11:42:42  964,012/1,000,000  22.9/s  upd=22696  L=0.0352  D=1.769
[alma] 11:42:52  964,360/1,000,000  22.9/s  upd=22704  L=0.0263  D=1.769
[alma] 11:43:03  964,744/1,000,000  22.9/s  upd=22712  L=0.0208  D=1.769
[alma] 11:43:13  965,030/1,000,000  22.9/s  upd=22720  L=0.0386  D=1.769
[alma] 11:43:23  965,361/1,000,000  22.9/s  upd=22728  L=0.0231  D=1.769
[alma] 11:43:33  966,056/1,000,000  22.9/s  upd=22738  L=0.0218  D=1.769
[alma] 11:43:44  966,380/1,000,000  22.9/s  upd=22745  L=0.0296  D=1.769
[alma] 11:43:54  966,724/1,000,000  22.9/s  upd=22760  L=0.0451  D=1.769
[alma] 11:44:05  967,032/1,000,000  22.9/s  upd=22768  L=0.0225  D=1.769
[alma] 11:44:15  967,386/1,000,000  22.9/s  upd=22774  L=0.0262  D=1.769
[alma] 11:44:25  968,016/1,000,000  22.9/s  upd=22786  L=0.0225  D=1.769
[alma] 11:44:36  968,324/1,000,000  22.9/s  upd=22798  L=0.0255  D=1.769
[alma] 11:44:46  968,689/1,000,000  22.9/s  upd=22801  L=0.0265  D=1.769
[alma] 11:44:56  968,689/1,000,000  22.9/s  upd=22808  L=0.0228  D=1.769
[alma] 11:45:06  969,020/1,000,000  22.9/s  upd=22816  L=0.0309  D=1.769
[alma] 11:45:16  969,402/1,000,000  22.9/s  upd=22824  L=0.0248  D=1.769
[alma] 11:45:27  969,753/1,000,000  22.9/s  upd=22830  L=0.0243  D=1.769
[alma] 11:45:37  970,076/1,000,000  22.9/s  upd=22838  L=0.0306  D=1.769
[alma] 11:45:47  970,392/1,000,000  22.9/s  upd=22846  L=0.0235  D=1.769
[alma] 11:45:57  970,752/1,000,000  22.9/s  upd=22856  L=0.0316  D=1.769
[alma] 11:46:07  971,078/1,000,000  22.9/s  upd=22864  L=0.0277  D=1.769
[alma] saved resume t_env=971,683
[alma] 11:46:18  971,683/1,000,000  22.9/s  upd=22880  L=0.0349  D=1.769
[alma] 11:48:35  972,007/1,000,000  22.9/s  upd=22888  L=0.0222  D=1.769
[alma] 11:48:45  972,363/1,000,000  22.9/s  upd=22889  L=0.0385  D=1.769
[alma] 11:48:55  972,657/1,000,000  22.9/s  upd=22898  L=0.0318  D=1.769
[alma] 11:49:05  972,966/1,000,000  22.9/s  upd=22908  L=0.0231  D=1.769
[alma] 11:49:16  972,966/1,000,000  22.9/s  upd=22912  L=0.0395  D=1.769
[alma] 11:49:26  973,357/1,000,000  22.9/s  upd=22918  L=0.0339  D=1.769
[alma] 11:49:36  973,357/1,000,000  22.9/s  upd=22920  L=0.0229  D=1.769
[alma] 11:49:46  973,751/1,000,000  22.9/s  upd=22928  L=0.0287  D=1.769
[alma] 11:49:57  974,039/1,000,000  22.9/s  upd=22936  L=0.0340  D=1.769
[alma] 11:50:07  974,393/1,000,000  22.9/s  upd=22944  L=0.0328  D=1.769
[alma] 11:50:17  974,737/1,000,000  22.9/s  upd=22952  L=0.0228  D=1.769
[alma] 11:50:27  975,073/1,000,000  22.9/s  upd=22960  L=0.0250  D=1.769
[alma] 11:50:37  975,711/1,000,000  22.9/s  upd=22970  L=0.0242  D=1.769
[alma] 11:50:47  975,992/1,000,000  22.9/s  upd=22978  L=0.0490  D=1.769
[alma] 11:50:57  976,312/1,000,000  22.9/s  upd=22991  L=0.0235  D=1.769
[alma] 11:51:07  976,627/1,000,000  22.9/s  upd=22997  L=0.0243  D=1.769
[alma] 11:51:18  976,927/1,000,000  22.9/s  upd=23001  L=0.0284  D=1.769
[alma] 11:51:28  976,927/1,000,000  22.9/s  upd=23008  L=0.0199  D=1.769
[alma] 11:51:38  977,242/1,000,000  22.9/s  upd=23016  L=0.0451  D=1.769
[alma] 11:51:48  977,521/1,000,000  22.9/s  upd=23024  L=0.0250  D=1.769
[alma] 11:51:59  977,521/1,000,000  22.9/s  upd=23024  L=0.0250  D=1.769
[alma] 11:52:09  977,827/1,000,000  22.9/s  upd=23032  L=0.0381  D=1.769
[alma] 11:52:20  978,165/1,000,000  22.9/s  upd=23035  L=0.0295  D=1.769
[alma] 11:52:30  978,165/1,000,000  22.9/s  upd=23040  L=0.0285  D=1.769
[alma] 11:52:41  978,503/1,000,000  22.9/s  upd=23047  L=0.0180  D=1.769
[alma] 11:52:51  978,503/1,000,000  22.9/s  upd=23048  L=0.0325  D=1.769
[alma] 11:53:01  978,829/1,000,000  22.9/s  upd=23056  L=0.0317  D=1.769
[alma] 11:53:11  979,476/1,000,000  22.9/s  upd=23065  L=0.0334  D=1.769
[alma] 11:53:21  979,830/1,000,000  22.9/s  upd=23078  L=0.0320  D=1.769
[alma] saved resume t_env=980,118
[alma] 11:53:50  980,118/1,000,000  22.9/s  upd=23088  L=0.0247  ev=0/100  D=1.769
[alma] 11:54:01  980,118/1,000,000  22.9/s  upd=23088  L=0.0247  ev=17/100  D=1.769
[alma] 11:54:11  980,118/1,000,000  22.9/s  upd=23088  L=0.0247  ev=34/100  D=1.769
[alma] 11:54:21  980,118/1,000,000  22.9/s  upd=23088  L=0.0247  ev=55/100  D=1.769
[alma] 11:54:31  980,118/1,000,000  22.9/s  upd=23088  L=0.0247  ev=64/100  D=1.769
[alma] 11:54:41  980,118/1,000,000  22.9/s  upd=23088  L=0.0247  ev=80/100  D=1.769
[alma] 11:54:51  980,118/1,000,000  22.9/s  upd=23088  L=0.0247  ev=87/100  D=1.769
[alma] 11:55:02  980,118/1,000,000  22.8/s  upd=23088  L=0.0247  ev=89/100  D=1.769
[alma] 11:55:12  980,118/1,000,000  22.8/s  upd=23088  L=0.0247  ev=99/100  D=1.769
[alma] 11:55:45  980,118/1,000,000  22.8/s  upd=23088  L=0.0247  D=1.420
[alma] 11:56:47  980,118/1,000,000  22.8/s  upd=23088  L=0.0247  D=1.420
[alma] 11:56:57  980,425/1,000,000  22.8/s  upd=23096  L=0.0213  D=1.420
[alma] 11:57:07  980,709/1,000,000  22.8/s  upd=23104  L=0.0297  D=1.420
[alma] 11:57:17  981,053/1,000,000  22.8/s  upd=23112  L=0.0214  D=1.420
[alma] 11:57:27  981,390/1,000,000  22.8/s  upd=23120  L=0.0238  D=1.420
[alma] 11:57:37  981,733/1,000,000  22.8/s  upd=23128  L=0.0330  D=1.420
[alma] 11:57:47  982,064/1,000,000  22.8/s  upd=23136  L=0.0355  D=1.420
[alma] 11:57:57  982,377/1,000,000  22.8/s  upd=23144  L=0.0201  D=1.420
[alma] 11:58:07  982,743/1,000,000  22.8/s  upd=23152  L=0.0371  D=1.420
[alma] 11:58:18  983,080/1,000,000  22.8/s  upd=23160  L=0.0173  D=1.420
[alma] 11:58:28  983,409/1,000,000  22.8/s  upd=23168  L=0.0204  D=1.420
[alma] 11:58:38  983,744/1,000,000  22.8/s  upd=23174  L=0.0254  D=1.420
[alma] 11:58:48  984,088/1,000,000  22.8/s  upd=23179  L=0.0367  D=1.420
[alma] 11:58:58  984,448/1,000,000  22.8/s  upd=23185  L=0.0312  D=1.420
[alma] 11:59:08  984,448/1,000,000  22.8/s  upd=23192  L=0.0374  D=1.420
[alma] 11:59:18  985,031/1,000,000  22.8/s  upd=23205  L=0.0320  D=1.420
[alma] 11:59:28  986,594/1,000,000  22.9/s  upd=23248  L=0.0300  D=1.420
[alma] 11:59:39  988,460/1,000,000  22.9/s  upd=23296  L=0.0281  D=1.420
[alma] 11:59:49  990,365/1,000,000  22.9/s  upd=23344  L=0.0280  D=1.420
[alma] 11:59:59  992,785/1,000,000  23.0/s  upd=23397  L=0.0359  D=1.420
[alma] 12:00:09  995,043/1,000,000  23.0/s  upd=23449  L=0.0213  D=1.420
[alma] 12:00:19  996,870/1,000,000  23.1/s  upd=23503  L=0.0250  D=1.420
[alma] 12:00:29  997,521/1,000,000  23.1/s  upd=23519  L=0.0363  D=1.420
[alma] 12:00:39  999,021/1,000,000  23.1/s  upd=23560  L=0.0316  D=1.420
[alma] saved resume t_env=1,000,000
[alma] 12:01:03  1,000,000/1,000,000  23.1/s  upd=23584  L=0.0264  ev=0/100  D=1.420
[alma] 12:01:13  1,000,000/1,000,000  23.1/s  upd=23584  L=0.0264  ev=36/100  D=1.420
[alma] 12:01:23  1,000,000/1,000,000  23.1/s  upd=23584  L=0.0264  ev=80/100  D=1.420
[alma] 12:04:26  1,000,000/1,000,000  23.0/s  upd=23584  L=0.0264  D=1.381
[alma] saved resume t_env=1,000,000
