[alma] 0:00:10  1,500/1,000,000  149.5/s  upd=6  L=0.0439  D=-
[alma] 0:00:20  2,284/1,000,000  114.0/s  upd=24  L=0.0511  D=-
[alma] 0:00:30  3,120/1,000,000  103.8/s  upd=40  L=0.0429  D=-
[alma] 0:00:40  4,357/1,000,000  108.5/s  upd=58  L=0.0446  D=-
[alma] 0:00:50  5,157/1,000,000  102.6/s  upd=79  L=0.0588  D=-
[alma] 0:01:00  6,247/1,000,000  103.6/s  upd=97  L=0.0542  D=-
[alma] 0:01:10  6,940/1,000,000  98.7/s  upd=120  L=0.0482  D=-
[alma] 0:01:20  8,108/1,000,000  100.9/s  upd=137  L=0.0553  D=-
[alma] 0:01:30  8,887/1,000,000  98.2/s  upd=158  L=0.0429  D=-
[alma] 0:01:40  9,667/1,000,000  96.2/s  upd=176  L=0.0526  D=-
[alma] 0:01:50  10,776/1,000,000  97.5/s  upd=199  L=0.0482  D=-
[alma] 0:02:00  11,570/1,000,000  96.0/s  upd=216  L=0.0539  D=-
[alma] 0:02:10  12,697/1,000,000  97.3/s  upd=235  L=0.0430  D=-
[alma] 0:02:20  13,399/1,000,000  95.3/s  upd=256  L=0.0368  D=-
[alma] 0:02:30  14,618/1,000,000  97.1/s  upd=273  L=0.0490  D=-
[alma] 0:02:40  15,489/1,000,000  96.5/s  upd=290  L=0.0637  D=-
[alma] 0:02:50  16,302/1,000,000  95.6/s  upd=310  L=0.0294  D=-
[alma] 0:03:00  17,072/1,000,000  94.5/s  upd=328  L=0.0497  D=-
[alma] 0:03:10  18,134/1,000,000  95.1/s  upd=349  L=0.0473  D=-
[alma] 0:03:20  18,834/1,000,000  93.9/s  upd=368  L=0.0471  D=-
[alma] 0:03:30  19,870/1,000,000  94.3/s  upd=392  L=0.0469  D=-
[alma] saved resume t_env=20,239
[alma] 0:03:52  20,239/1,000,000  87.2/s  upd=400  L=0.0288  ev=0/100  D=-
[alma] 0:04:02  20,239/1,000,000  83.6/s  upd=400  L=0.0288  ev=55/100  D=-
[alma] 0:04:55  20,239/1,000,000  68.5/s  upd=400  L=0.0288  D=5.284
[alma] 0:05:50  20,998/1,000,000  59.9/s  upd=416  L=0.0490  D=5.284
[alma] 0:06:00  22,101/1,000,000  61.3/s  upd=433  L=0.0369  D=5.284
[alma] 0:06:10  22,856/1,000,000  61.7/s  upd=454  L=0.0558  D=5.284
[alma] 0:06:20  23,605/1,000,000  62.0/s  upd=472  L=0.0424  D=5.284
[alma] 0:06:30  24,695/1,000,000  63.2/s  upd=495  L=0.0343  D=5.284
[alma] 0:06:40  25,785/1,000,000  64.4/s  upd=514  L=0.0472  D=5.284
[alma] 0:06:50  26,561/1,000,000  64.7/s  upd=535  L=0.0353  D=5.284
[alma] 0:07:00  27,349/1,000,000  65.0/s  upd=552  L=0.0425  D=5.284
[alma] 0:07:10  28,488/1,000,000  66.1/s  upd=571  L=0.0369  D=5.284
[alma] 0:07:20  29,222/1,000,000  66.3/s  upd=592  L=0.0459  D=5.284
[alma] 0:07:30  30,354/1,000,000  67.3/s  upd=609  L=0.0405  D=5.284
[alma] 0:07:40  31,142/1,000,000  67.6/s  upd=629  L=0.0396  D=5.284
[alma] 0:07:50  31,923/1,000,000  67.8/s  upd=648  L=0.0519  D=5.284
[alma] 0:08:00  33,064/1,000,000  68.8/s  upd=668  L=0.0393  D=5.284
[alma] 0:08:11  34,254/1,000,000  69.8/s  upd=690  L=0.0354  D=5.284
[alma] 0:08:21  35,503/1,000,000  70.9/s  upd=715  L=0.0253  D=5.284
[alma] 0:08:31  36,257/1,000,000  70.9/s  upd=736  L=0.0533  D=5.284
[alma] 0:08:41  37,414/1,000,000  71.8/s  upd=756  L=0.0368  D=5.284
[alma] 0:08:51  38,166/1,000,000  71.9/s  upd=776  L=0.0351  D=5.284
[alma] 0:09:01  39,544/1,000,000  73.1/s  upd=803  L=0.0396  D=5.284
[alma] saved resume t_env=40,283
[alma] 0:09:26  40,283/1,000,000  71.1/s  upd=824  L=0.0420  ev=0/100  D=5.284
[alma] 0:09:36  40,283/1,000,000  69.9/s  upd=824  L=0.0420  ev=40/100  D=5.284
[alma] 0:09:46  40,283/1,000,000  68.7/s  upd=824  L=0.0420  ev=79/100  D=5.284
[alma] 0:10:17  40,283/1,000,000  65.3/s  upd=824  L=0.0420  D=4.686
[alma] 0:10:27  41,436/1,000,000  66.0/s  upd=841  L=0.0558  D=4.686
[alma] 0:10:37  42,698/1,000,000  67.0/s  upd=866  L=0.0494  D=4.686
[alma] 0:10:47  43,838/1,000,000  67.7/s  upd=893  L=0.0345  D=4.686
[alma] 0:11:16  44,260/1,000,000  65.4/s  upd=904  L=0.0369  D=4.686
[alma] 0:11:26  45,339/1,000,000  66.0/s  upd=923  L=0.0336  D=4.686
[alma] 0:11:36  46,069/1,000,000  66.1/s  upd=944  L=0.0463  D=4.686
[alma] 0:11:46  47,275/1,000,000  66.9/s  upd=963  L=0.0586  D=4.686
[alma] 0:11:56  47,973/1,000,000  66.9/s  upd=984  L=0.0451  D=4.686
[alma] 0:12:07  49,103/1,000,000  67.5/s  upd=1004  L=0.0391  D=4.686
[alma] 0:12:17  49,756/1,000,000  67.5/s  upd=1024  L=0.0402  D=4.686
[alma] 0:12:27  50,857/1,000,000  68.1/s  upd=1047  L=0.0619  D=4.686
[alma] 0:12:37  51,934/1,000,000  68.6/s  upd=1066  L=0.0517  D=4.686
[alma] 0:12:47  52,597/1,000,000  68.6/s  upd=1088  L=0.0290  D=4.686
[alma] 0:12:57  53,666/1,000,000  69.1/s  upd=1111  L=0.0387  D=4.686
[alma] 0:13:07  54,838/1,000,000  69.7/s  upd=1136  L=0.0427  D=4.686
[alma] 0:13:17  55,931/1,000,000  70.2/s  upd=1160  L=0.0564  D=4.686
[alma] 0:13:27  57,123/1,000,000  70.8/s  upd=1182  L=0.0488  D=4.686
[alma] 0:13:37  58,138/1,000,000  71.1/s  upd=1204  L=0.0440  D=4.686
[alma] 0:13:47  59,217/1,000,000  71.6/s  upd=1232  L=0.0335  D=4.686
[alma] saved resume t_env=60,300
[alma] 0:14:15  60,300/1,000,000  70.5/s  upd=1256  L=0.0466  ev=0/100  D=4.686
[alma] 0:14:25  60,300/1,000,000  69.7/s  upd=1256  L=0.0466  ev=32/100  D=4.686
[alma] 0:14:35  60,300/1,000,000  68.9/s  upd=1256  L=0.0466  ev=72/100  D=4.686
[alma] 0:15:08  60,300/1,000,000  66.4/s  upd=1256  L=0.0466  D=4.988
[alma] 0:15:18  61,465/1,000,000  66.9/s  upd=1274  L=0.0513  D=4.988
[alma] 0:15:28  62,372/1,000,000  67.2/s  upd=1293  L=0.0372  D=4.988
[alma] 0:15:38  63,149/1,000,000  67.3/s  upd=1312  L=0.0600  D=4.988
[alma] 0:15:48  64,272/1,000,000  67.8/s  upd=1331  L=0.0388  D=4.988
[alma] 0:15:58  65,387/1,000,000  68.2/s  upd=1353  L=0.0463  D=4.988
[alma] 0:16:08  66,662/1,000,000  68.8/s  upd=1379  L=0.0490  D=4.988
[alma] 0:16:43  67,437/1,000,000  67.2/s  upd=1400  L=0.0246  D=4.988
[alma] 0:16:53  68,376/1,000,000  67.5/s  upd=1416  L=0.0456  D=4.988
[alma] 0:17:03  69,427/1,000,000  67.9/s  upd=1440  L=0.0485  D=4.988
[alma] 0:17:13  70,587/1,000,000  68.3/s  upd=1458  L=0.0360  D=4.988
[alma] 0:17:23  71,421/1,000,000  68.5/s  upd=1478  L=0.0476  D=4.988
[alma] 0:17:33  72,544/1,000,000  68.9/s  upd=1497  L=0.0468  D=4.988
[alma] 0:17:43  73,361/1,000,000  69.0/s  upd=1518  L=0.0435  D=4.988
[alma] 0:17:53  74,475/1,000,000  69.4/s  upd=1537  L=0.0477  D=4.988
[alma] 0:18:03  75,584/1,000,000  69.8/s  upd=1565  L=0.0513  D=4.988
[alma] 0:18:13  76,725/1,000,000  70.2/s  upd=1589  L=0.0506  D=4.988
[alma] 0:18:23  77,538/1,000,000  70.3/s  upd=1608  L=0.0446  D=4.988
[alma] 0:18:33  78,751/1,000,000  70.7/s  upd=1628  L=0.0551  D=4.988
[alma] 0:18:43  79,911/1,000,000  71.1/s  upd=1653  L=0.0505  D=4.988
[alma] saved resume t_env=80,352
[alma] 0:19:05  80,352/1,000,000  70.1/s  upd=1664  L=0.0398  ev=0/100  D=4.988
[alma] 0:19:15  80,352/1,000,000  69.5/s  upd=1664  L=0.0398  ev=60/100  D=4.988
[alma] 0:19:25  80,352/1,000,000  68.9/s  upd=1664  L=0.0398  ev=94/100  D=4.988
[alma] 0:19:52  80,352/1,000,000  67.4/s  upd=1664  L=0.0398  D=4.487
[alma] 0:20:02  81,435/1,000,000  67.7/s  upd=1682  L=0.0298  D=4.487
[alma] 0:20:12  82,106/1,000,000  67.7/s  upd=1704  L=0.0456  D=4.487
[alma] 0:20:22  82,975/1,000,000  67.9/s  upd=1720  L=0.0516  D=4.487
[alma] 0:20:32  84,315/1,000,000  68.4/s  upd=1739  L=0.0522  D=4.487
[alma] 0:20:42  85,160/1,000,000  68.5/s  upd=1759  L=0.0469  D=4.487
[alma] 0:20:52  86,271/1,000,000  68.9/s  upd=1779  L=0.0369  D=4.487
[alma] 0:21:02  86,986/1,000,000  68.9/s  upd=1800  L=0.0395  D=4.487
[alma] 0:21:12  87,778/1,000,000  69.0/s  upd=1816  L=0.0397  D=4.487
[alma] 0:21:23  88,910/1,000,000  69.3/s  upd=1839  L=0.0378  D=4.487
[alma] 0:21:33  89,970/1,000,000  69.6/s  upd=1864  L=0.0533  D=4.487
[alma] 0:21:43  91,429/1,000,000  70.2/s  upd=1892  L=0.0388  D=4.487
[alma] 0:22:09  91,429/1,000,000  68.8/s  upd=1896  L=0.0508  D=4.487
[alma] 0:22:19  92,549/1,000,000  69.1/s  upd=1914  L=0.0290  D=4.487
[alma] 0:22:29  93,270/1,000,000  69.1/s  upd=1936  L=0.0362  D=4.487
[alma] 0:22:40  94,362/1,000,000  69.4/s  upd=1957  L=0.0528  D=4.487
[alma] 0:22:50  95,116/1,000,000  69.4/s  upd=1976  L=0.0348  D=4.487
[alma] 0:23:00  96,097/1,000,000  69.6/s  upd=2000  L=0.0462  D=4.487
[alma] 0:23:10  97,558/1,000,000  70.2/s  upd=2027  L=0.0629  D=4.487
[alma] 0:23:20  98,773/1,000,000  70.5/s  upd=2051  L=0.0472  D=4.487
[alma] 0:23:30  99,541/1,000,000  70.6/s  upd=2072  L=0.0692  D=4.487
[alma] saved resume t_env=100,218
[alma] 0:23:55  100,218/1,000,000  69.8/s  upd=2088  L=0.0428  ev=0/100  D=4.487
[alma] 0:24:05  100,218/1,000,000  69.4/s  upd=2088  L=0.0428  ev=64/100  D=4.487
[alma] 0:24:40  100,218/1,000,000  67.7/s  upd=2088  L=0.0428  D=4.085
[alma] 0:24:50  101,323/1,000,000  68.0/s  upd=2108  L=0.0452  D=4.085
[alma] 0:25:00  102,029/1,000,000  68.0/s  upd=2128  L=0.0334  D=4.085
[alma] 0:25:11  103,029/1,000,000  68.2/s  upd=2150  L=0.0493  D=4.085
[alma] 0:25:21  103,857/1,000,000  68.3/s  upd=2168  L=0.0431  D=4.085
[alma] 0:25:31  104,949/1,000,000  68.5/s  upd=2188  L=0.0572  D=4.085
[alma] 0:25:41  105,816/1,000,000  68.7/s  upd=2208  L=0.0388  D=4.085
[alma] 0:25:51  106,917/1,000,000  68.9/s  upd=2227  L=0.0492  D=4.085
[alma] 0:26:01  107,610/1,000,000  68.9/s  upd=2248  L=0.0479  D=4.085
[alma] 0:26:11  108,738/1,000,000  69.2/s  upd=2269  L=0.0455  D=4.085
[alma] 0:26:21  109,445/1,000,000  69.2/s  upd=2288  L=0.0312  D=4.085
[alma] 0:26:31  110,486/1,000,000  69.4/s  upd=2310  L=0.0524  D=4.085
[alma] 0:26:41  111,312/1,000,000  69.5/s  upd=2328  L=0.0298  D=4.085
[alma] 0:26:51  112,365/1,000,000  69.7/s  upd=2351  L=0.0324  D=4.085
[alma] 0:27:01  113,819/1,000,000  70.2/s  upd=2377  L=0.0471  D=4.085
[alma] 0:27:11  114,856/1,000,000  70.4/s  upd=2405  L=0.0441  D=4.085
[alma] 0:27:38  114,856/1,000,000  69.3/s  upd=2408  L=0.0467  D=4.085
[alma] 0:27:48  115,682/1,000,000  69.3/s  upd=2424  L=0.0466  D=4.085
[alma] 0:27:58  116,849/1,000,000  69.6/s  upd=2445  L=0.0638  D=4.085
[alma] 0:28:08  118,079/1,000,000  69.9/s  upd=2472  L=0.0486  D=4.085
[alma] 0:28:18  119,245/1,000,000  70.2/s  upd=2496  L=0.0478  D=4.085
[alma] saved resume t_env=120,018
[alma] 0:28:45  120,018/1,000,000  69.6/s  upd=2512  L=0.0509  ev=0/100  D=4.085
[alma] 0:28:55  120,018/1,000,000  69.2/s  upd=2512  L=0.0509  ev=63/100  D=4.085
[alma] 0:29:41  120,018/1,000,000  67.4/s  upd=2512  L=0.0509  D=4.273
[alma] 0:29:51  121,103/1,000,000  67.6/s  upd=2532  L=0.0355  D=4.273
[alma] 0:30:01  121,825/1,000,000  67.6/s  upd=2552  L=0.0380  D=4.273
[alma] 0:30:11  122,993/1,000,000  67.9/s  upd=2571  L=0.0314  D=4.273
[alma] 0:30:21  123,813/1,000,000  68.0/s  upd=2591  L=0.0303  D=4.273
[alma] 0:30:31  124,511/1,000,000  68.0/s  upd=2608  L=0.0345  D=4.273
[alma] 0:30:41  125,689/1,000,000  68.2/s  upd=2629  L=0.0467  D=4.273
[alma] 0:30:51  126,469/1,000,000  68.3/s  upd=2648  L=0.0439  D=4.273
[alma] 0:31:01  127,657/1,000,000  68.6/s  upd=2665  L=0.0433  D=4.273
[alma] 0:31:11  128,425/1,000,000  68.6/s  upd=2688  L=0.0524  D=4.273
[alma] 0:31:21  129,536/1,000,000  68.8/s  upd=2706  L=0.0608  D=4.273
[alma] 0:31:31  130,294/1,000,000  68.9/s  upd=2728  L=0.0452  D=4.273
[alma] 0:31:41  131,291/1,000,000  69.0/s  upd=2750  L=0.0639  D=4.273
[alma] 0:31:51  132,350/1,000,000  69.2/s  upd=2770  L=0.0499  D=4.273
[alma] 0:32:01  132,998/1,000,000  69.2/s  upd=2792  L=0.0625  D=4.273
[alma] 0:32:11  134,170/1,000,000  69.4/s  upd=2809  L=0.0489  D=4.273
[alma] 0:32:22  135,329/1,000,000  69.7/s  upd=2836  L=0.0405  D=4.273
[alma] 0:32:32  136,484/1,000,000  69.9/s  upd=2863  L=0.0557  D=4.273
[alma] 0:33:04  137,180/1,000,000  69.1/s  upd=2880  L=0.0435  D=4.273
[alma] 0:33:14  138,583/1,000,000  69.5/s  upd=2907  L=0.0521  D=4.273
[alma] 0:33:24  139,349/1,000,000  69.5/s  upd=2928  L=0.0537  D=4.273
[alma] saved resume t_env=140,108
[alma] 0:33:49  140,108/1,000,000  69.0/s  upd=2944  L=0.0431  ev=0/100  D=4.273
[alma] 0:33:59  140,108/1,000,000  68.7/s  upd=2944  L=0.0431  ev=64/100  D=4.273
[alma] 0:34:42  140,108/1,000,000  67.3/s  upd=2944  L=0.0431  D=3.898
[alma] 0:34:52  141,188/1,000,000  67.5/s  upd=2962  L=0.0576  D=3.898
[alma] 0:35:02  141,888/1,000,000  67.5/s  upd=2984  L=0.0450  D=3.898
[alma] 0:35:12  142,957/1,000,000  67.7/s  upd=3004  L=0.0354  D=3.898
[alma] 0:35:22  143,723/1,000,000  67.7/s  upd=3024  L=0.0493  D=3.898
[alma] 0:35:32  144,867/1,000,000  67.9/s  upd=3045  L=0.0397  D=3.898
[alma] 0:35:42  145,730/1,000,000  68.0/s  upd=3064  L=0.0372  D=3.898
[alma] 0:35:52  146,886/1,000,000  68.2/s  upd=3083  L=0.0478  D=3.898
[alma] 0:36:02  147,545/1,000,000  68.2/s  upd=3104  L=0.0431  D=3.898
[alma] 0:36:12  148,644/1,000,000  68.4/s  upd=3126  L=0.0502  D=3.898
[alma] 0:36:22  149,750/1,000,000  68.6/s  upd=3146  L=0.0424  D=3.898
[alma] 0:36:32  150,537/1,000,000  68.7/s  upd=3166  L=0.0546  D=3.898
[alma] 0:36:42  151,629/1,000,000  68.8/s  upd=3185  L=0.0437  D=3.898
[alma] 0:36:52  152,379/1,000,000  68.9/s  upd=3207  L=0.0375  D=3.898
[alma] 0:37:02  153,128/1,000,000  68.9/s  upd=3224  L=0.0581  D=3.898
[alma] 0:37:12  154,233/1,000,000  69.1/s  upd=3244  L=0.0380  D=3.898
[alma] 0:37:23  154,904/1,000,000  69.1/s  upd=3264  L=0.0386  D=3.898
[alma] 0:37:33  156,093/1,000,000  69.3/s  upd=3284  L=0.0438  D=3.898
[alma] 0:37:43  157,264/1,000,000  69.5/s  upd=3306  L=0.0441  D=3.898
[alma] 0:37:53  158,296/1,000,000  69.6/s  upd=3336  L=0.0453  D=3.898
[alma] 0:38:03  159,396/1,000,000  69.8/s  upd=3360  L=0.0565  D=3.898
[alma] 0:38:32  159,802/1,000,000  69.1/s  upd=3368  L=0.0417  D=3.898
[alma] saved resume t_env=160,107
[alma] 0:38:55  160,107/1,000,000  68.6/s  upd=3376  L=0.0487  ev=0/100  D=3.898
[alma] 0:39:05  160,107/1,000,000  68.3/s  upd=3376  L=0.0487  ev=69/100  D=3.898
[alma] 0:39:49  160,107/1,000,000  67.0/s  upd=3376  L=0.0487  D=4.093
[alma] 0:39:59  161,166/1,000,000  67.2/s  upd=3393  L=0.0302  D=4.093
[alma] 0:40:09  161,941/1,000,000  67.2/s  upd=3414  L=0.0475  D=4.093
[alma] 0:40:19  162,697/1,000,000  67.2/s  upd=3432  L=0.0570  D=4.093
[alma] 0:40:29  163,799/1,000,000  67.4/s  upd=3453  L=0.0600  D=4.093
[alma] 0:40:39  164,684/1,000,000  67.5/s  upd=3471  L=0.0399  D=4.093
[alma] 0:40:49  165,458/1,000,000  67.5/s  upd=3488  L=0.0493  D=4.093
[alma] 0:40:59  166,751/1,000,000  67.8/s  upd=3506  L=0.0521  D=4.093
[alma] 0:41:10  167,575/1,000,000  67.8/s  upd=3528  L=0.0519  D=4.093
[alma] 0:41:20  168,557/1,000,000  68.0/s  upd=3549  L=0.0468  D=4.093
[alma] 0:41:30  169,615/1,000,000  68.1/s  upd=3570  L=0.0430  D=4.093
[alma] 0:41:40  170,336/1,000,000  68.1/s  upd=3592  L=0.0346  D=4.093
[alma] 0:41:50  171,406/1,000,000  68.3/s  upd=3611  L=0.0442  D=4.093
[alma] 0:42:00  172,152/1,000,000  68.3/s  upd=3632  L=0.0398  D=4.093
[alma] 0:42:10  173,271/1,000,000  68.5/s  upd=3649  L=0.0515  D=4.093
[alma] 0:42:20  174,071/1,000,000  68.5/s  upd=3670  L=0.0565  D=4.093
[alma] 0:42:30  174,759/1,000,000  68.5/s  upd=3688  L=0.0428  D=4.093
[alma] 0:42:40  175,933/1,000,000  68.7/s  upd=3710  L=0.0432  D=4.093
[alma] 0:42:50  176,614/1,000,000  68.7/s  upd=3728  L=0.0532  D=4.093
[alma] 0:43:00  178,065/1,000,000  69.0/s  upd=3755  L=0.0487  D=4.093
[alma] 0:43:11  179,240/1,000,000  69.2/s  upd=3783  L=0.0467  D=4.093
[alma] saved resume t_env=180,007
[alma] 0:43:38  180,007/1,000,000  68.7/s  upd=3800  L=0.0468  ev=0/100  D=4.093
[alma] 0:43:48  180,007/1,000,000  68.5/s  upd=3800  L=0.0468  ev=63/100  D=4.093
[alma] 0:44:42  180,007/1,000,000  67.1/s  upd=3800  L=0.0468  D=4.596
[alma] 0:45:33  180,007/1,000,000  65.9/s  upd=3800  L=0.0468  D=4.596
[alma] 0:45:43  180,816/1,000,000  65.9/s  upd=3816  L=0.0405  D=4.596
[alma] 0:45:53  181,903/1,000,000  66.1/s  upd=3840  L=0.0441  D=4.596
[alma] 0:46:03  182,985/1,000,000  66.2/s  upd=3857  L=0.0506  D=4.596
[alma] 0:46:13  183,651/1,000,000  66.2/s  upd=3880  L=0.0477  D=4.596
[alma] 0:46:23  184,732/1,000,000  66.4/s  upd=3898  L=0.0353  D=4.596
[alma] 0:46:33  185,413/1,000,000  66.4/s  upd=3920  L=0.0472  D=4.596
[alma] 0:46:43  186,636/1,000,000  66.6/s  upd=3937  L=0.0514  D=4.596
[alma] 0:46:53  187,472/1,000,000  66.6/s  upd=3956  L=0.0565  D=4.596
[alma] 0:47:03  188,206/1,000,000  66.7/s  upd=3976  L=0.0542  D=4.596
[alma] 0:47:13  189,015/1,000,000  66.7/s  upd=3992  L=0.0410  D=4.596
[alma] 0:47:23  190,196/1,000,000  66.9/s  upd=4011  L=0.0459  D=4.596
[alma] 0:47:33  190,831/1,000,000  66.9/s  upd=4032  L=0.0515  D=4.596
[alma] 0:47:43  191,877/1,000,000  67.0/s  upd=4055  L=0.0521  D=4.596
[alma] 0:47:53  192,666/1,000,000  67.0/s  upd=4072  L=0.0343  D=4.596
[alma] 0:48:03  193,694/1,000,000  67.2/s  upd=4094  L=0.0452  D=4.596
[alma] 0:48:13  194,446/1,000,000  67.2/s  upd=4112  L=0.0425  D=4.596
[alma] 0:48:23  195,605/1,000,000  67.4/s  upd=4131  L=0.0449  D=4.596
[alma] 0:48:33  196,403/1,000,000  67.4/s  upd=4151  L=0.0388  D=4.596
[alma] 0:48:43  197,545/1,000,000  67.6/s  upd=4172  L=0.0473  D=4.596
[alma] 0:48:53  198,657/1,000,000  67.7/s  upd=4199  L=0.0420  D=4.596
[alma] 0:49:03  199,814/1,000,000  67.9/s  upd=4217  L=0.0421  D=4.596
[alma] saved resume t_env=200,162
[alma] 0:49:29  200,162/1,000,000  67.4/s  upd=4232  L=0.0475  ev=0/100  D=4.596
[alma] 0:49:39  200,162/1,000,000  67.2/s  upd=4232  L=0.0475  ev=64/100  D=4.596
[alma] 0:50:10  200,162/1,000,000  66.5/s  upd=4232  L=0.0475  D=5.216
[alma] 0:50:20  201,489/1,000,000  66.7/s  upd=4256  L=0.0449  D=5.216
[alma] 0:50:30  202,788/1,000,000  66.9/s  upd=4280  L=0.0461  D=5.216
[alma] 0:51:01  203,262/1,000,000  66.4/s  upd=4288  L=0.0415  D=5.216
[alma] 0:51:11  204,005/1,000,000  66.4/s  upd=4304  L=0.0428  D=5.216
[alma] 0:51:21  205,192/1,000,000  66.6/s  upd=4323  L=0.0449  D=5.216
[alma] 0:51:31  205,957/1,000,000  66.6/s  upd=4343  L=0.0349  D=5.216
[alma] 0:51:41  206,716/1,000,000  66.7/s  upd=4360  L=0.0401  D=5.216
[alma] 0:51:51  207,553/1,000,000  66.7/s  upd=4376  L=0.0407  D=5.216
[alma] 0:52:01  208,322/1,000,000  66.7/s  upd=4392  L=0.0349  D=5.216
[alma] 0:52:11  209,413/1,000,000  66.9/s  upd=4414  L=0.0508  D=5.216
[alma] 0:52:21  210,131/1,000,000  66.9/s  upd=4432  L=0.0392  D=5.216
[alma] 0:52:31  211,017/1,000,000  67.0/s  upd=4448  L=0.0407  D=5.216
[alma] 0:52:41  212,074/1,000,000  67.1/s  upd=4469  L=0.0366  D=5.216
[alma] 0:52:51  212,750/1,000,000  67.1/s  upd=4488  L=0.0538  D=5.216
[alma] 0:53:01  213,822/1,000,000  67.2/s  upd=4508  L=0.0531  D=5.216
[alma] 0:53:11  214,542/1,000,000  67.2/s  upd=4528  L=0.0408  D=5.216
[alma] 0:53:21  215,352/1,000,000  67.3/s  upd=4544  L=0.0545  D=5.216
[alma] 0:53:31  216,429/1,000,000  67.4/s  upd=4565  L=0.0466  D=5.216
[alma] 0:53:42  217,492/1,000,000  67.5/s  upd=4591  L=0.0461  D=5.216
[alma] 0:53:52  218,657/1,000,000  67.7/s  upd=4616  L=0.0460  D=5.216
[alma] 0:54:02  219,769/1,000,000  67.8/s  upd=4636  L=0.0368  D=5.216
[alma] saved resume t_env=220,126
[alma] 0:54:27  220,126/1,000,000  67.4/s  upd=4648  L=0.0443  ev=0/100  D=5.216
[alma] 0:54:37  220,126/1,000,000  67.2/s  upd=4648  L=0.0443  ev=56/100  D=5.216
[alma] 0:55:10  220,126/1,000,000  66.5/s  upd=4648  L=0.0443  D=4.989
[alma] 0:55:20  220,896/1,000,000  66.5/s  upd=4664  L=0.0503  D=4.989
[alma] 0:55:30  221,910/1,000,000  66.6/s  upd=4686  L=0.0450  D=4.989
[alma] 0:55:40  222,694/1,000,000  66.7/s  upd=4704  L=0.0464  D=4.989
[alma] 0:55:50  224,124/1,000,000  66.9/s  upd=4732  L=0.0303  D=4.989
[alma] 0:56:00  225,229/1,000,000  67.0/s  upd=4758  L=0.0376  D=4.989
[alma] 0:56:29  225,563/1,000,000  66.5/s  upd=4768  L=0.0482  D=4.989
[alma] 0:56:39  226,314/1,000,000  66.6/s  upd=4784  L=0.0487  D=4.989
[alma] 0:56:49  227,134/1,000,000  66.6/s  upd=4800  L=0.0436  D=4.989
[alma] 0:56:59  228,272/1,000,000  66.7/s  upd=4819  L=0.0559  D=4.989
[alma] 0:57:10  229,132/1,000,000  66.8/s  upd=4837  L=0.0362  D=4.989
[alma] 0:57:20  229,885/1,000,000  66.8/s  upd=4856  L=0.0457  D=4.989
[alma] 0:57:30  231,002/1,000,000  67.0/s  upd=4873  L=0.0341  D=4.989
[alma] 0:57:40  231,712/1,000,000  67.0/s  upd=4893  L=0.0553  D=4.989
[alma] 0:57:50  232,466/1,000,000  67.0/s  upd=4912  L=0.0489  D=4.989
[alma] 0:58:00  233,204/1,000,000  67.0/s  upd=4928  L=0.0402  D=4.989
[alma] 0:58:10  234,418/1,000,000  67.2/s  upd=4945  L=0.0447  D=4.989
[alma] 0:58:20  235,212/1,000,000  67.2/s  upd=4965  L=0.0561  D=4.989
[alma] 0:58:30  236,072/1,000,000  67.2/s  upd=4984  L=0.0323  D=4.989
[alma] 0:58:40  237,163/1,000,000  67.4/s  upd=5007  L=0.0445  D=4.989
[alma] 0:58:50  238,285/1,000,000  67.5/s  upd=5032  L=0.0469  D=4.989
[alma] 0:59:00  239,351/1,000,000  67.6/s  upd=5055  L=0.0544  D=4.989
[alma] saved resume t_env=240,057
[alma] 0:59:28  240,057/1,000,000  67.3/s  upd=5072  L=0.0362  ev=0/100  D=4.989
[alma] 0:59:38  240,057/1,000,000  67.1/s  upd=5072  L=0.0362  ev=64/100  D=4.989
[alma] 1:00:11  240,057/1,000,000  66.5/s  upd=5072  L=0.0362  D=4.643
[alma] 1:00:21  240,843/1,000,000  66.5/s  upd=5088  L=0.0355  D=4.643
[alma] 1:00:31  242,014/1,000,000  66.6/s  upd=5105  L=0.0525  D=4.643
[alma] 1:00:41  242,762/1,000,000  66.7/s  upd=5126  L=0.0557  D=4.643
[alma] 1:00:51  243,440/1,000,000  66.7/s  upd=5144  L=0.0354  D=4.643
[alma] 1:01:01  244,448/1,000,000  66.8/s  upd=5165  L=0.0361  D=4.643
[alma] 1:01:11  245,537/1,000,000  66.9/s  upd=5189  L=0.0371  D=4.643
[alma] 1:01:21  246,650/1,000,000  67.0/s  upd=5216  L=0.0319  D=4.643
[alma] 1:01:56  247,708/1,000,000  66.7/s  upd=5240  L=0.0322  D=4.643
[alma] 1:02:06  248,815/1,000,000  66.8/s  upd=5259  L=0.0628  D=4.643
[alma] 1:02:16  249,638/1,000,000  66.8/s  upd=5278  L=0.0411  D=4.643
[alma] 1:02:26  250,343/1,000,000  66.8/s  upd=5296  L=0.0326  D=4.643
[alma] 1:02:36  251,625/1,000,000  67.0/s  upd=5313  L=0.0389  D=4.643
[alma] 1:02:46  252,354/1,000,000  67.0/s  upd=5335  L=0.0539  D=4.643
[alma] 1:02:56  253,133/1,000,000  67.0/s  upd=5352  L=0.0405  D=4.643
[alma] 1:03:06  254,250/1,000,000  67.1/s  upd=5369  L=0.0307  D=4.643
[alma] 1:03:17  254,973/1,000,000  67.2/s  upd=5391  L=0.0394  D=4.643
[alma] 1:03:27  255,771/1,000,000  67.2/s  upd=5408  L=0.0386  D=4.643
[alma] 1:03:37  256,907/1,000,000  67.3/s  upd=5432  L=0.0407  D=4.643
[alma] 1:03:47  257,982/1,000,000  67.4/s  upd=5456  L=0.0267  D=4.643
[alma] 1:03:57  259,110/1,000,000  67.5/s  upd=5480  L=0.0471  D=4.643
[alma] 1:04:07  260,224/1,000,000  67.6/s  upd=5500  L=0.0497  D=4.643
[alma] saved resume t_env=260,224
[alma] 1:04:28  260,224/1,000,000  67.3/s  upd=5504  L=0.0429  ev=0/100  D=4.643
[alma] 1:04:38  260,224/1,000,000  67.1/s  upd=5504  L=0.0429  ev=64/100  D=4.643
[alma] 1:05:11  260,224/1,000,000  66.5/s  upd=5504  L=0.0429  D=4.797
[alma] 1:05:21  260,954/1,000,000  66.5/s  upd=5520  L=0.0442  D=4.797
[alma] 1:05:31  262,005/1,000,000  66.6/s  upd=5541  L=0.0531  D=4.797
[alma] 1:05:41  262,730/1,000,000  66.7/s  upd=5560  L=0.0509  D=4.797
[alma] 1:05:51  263,826/1,000,000  66.8/s  upd=5577  L=0.0302  D=4.797
[alma] 1:06:01  264,626/1,000,000  66.8/s  upd=5595  L=0.0392  D=4.797
[alma] 1:06:11  265,393/1,000,000  66.8/s  upd=5614  L=0.0358  D=4.797
[alma] 1:06:21  266,146/1,000,000  66.8/s  upd=5632  L=0.0457  D=4.797
[alma] 1:06:31  267,151/1,000,000  66.9/s  upd=5652  L=0.0371  D=4.797
[alma] 1:06:41  268,196/1,000,000  67.0/s  upd=5680  L=0.0511  D=4.797
[alma] 1:06:51  269,673/1,000,000  67.2/s  upd=5705  L=0.0352  D=4.797
[alma] 1:07:23  270,032/1,000,000  66.8/s  upd=5720  L=0.0291  D=4.797
[alma] 1:07:33  270,776/1,000,000  66.8/s  upd=5736  L=0.0449  D=4.797
[alma] 1:07:43  271,940/1,000,000  66.9/s  upd=5754  L=0.0465  D=4.797
[alma] 1:07:53  272,661/1,000,000  66.9/s  upd=5776  L=0.0544  D=4.797
[alma] 1:08:03  273,493/1,000,000  67.0/s  upd=5792  L=0.0377  D=4.797
[alma] 1:08:13  274,579/1,000,000  67.1/s  upd=5810  L=0.0395  D=4.797
[alma] 1:08:23  275,383/1,000,000  67.1/s  upd=5830  L=0.0430  D=4.797
[alma] 1:08:33  276,328/1,000,000  67.2/s  upd=5849  L=0.0400  D=4.797
[alma] 1:08:43  277,458/1,000,000  67.3/s  upd=5875  L=0.0369  D=4.797
[alma] 1:08:53  278,562/1,000,000  67.4/s  upd=5902  L=0.0507  D=4.797
[alma] 1:09:03  279,735/1,000,000  67.5/s  upd=5922  L=0.0424  D=4.797
[alma] saved resume t_env=280,058
[alma] 1:09:29  280,058/1,000,000  67.2/s  upd=5936  L=0.0379  ev=0/100  D=4.797
[alma] 1:09:39  280,058/1,000,000  67.0/s  upd=5936  L=0.0379  ev=72/100  D=4.797
[alma] 1:10:10  280,058/1,000,000  66.5/s  upd=5936  L=0.0379  D=4.814
[alma] 1:10:20  280,852/1,000,000  66.5/s  upd=5952  L=0.0350  D=4.814
[alma] 1:10:30  281,922/1,000,000  66.6/s  upd=5971  L=0.0389  D=4.814
[alma] 1:10:40  282,644/1,000,000  66.7/s  upd=5991  L=0.0604  D=4.814
[alma] 1:10:50  283,702/1,000,000  66.7/s  upd=6009  L=0.0425  D=4.814
[alma] 1:11:00  284,420/1,000,000  66.8/s  upd=6031  L=0.0405  D=4.814
[alma] 1:11:10  285,448/1,000,000  66.8/s  upd=6049  L=0.0548  D=4.814
[alma] 1:11:20  285,798/1,000,000  66.8/s  upd=6064  L=0.0393  D=4.814
[alma] 1:11:30  286,472/1,000,000  66.8/s  upd=6077  L=0.0528  D=4.814
[alma] 1:11:40  286,843/1,000,000  66.7/s  upd=6088  L=0.0313  D=4.814
[alma] 1:11:51  287,593/1,000,000  66.7/s  upd=6103  L=0.0409  D=4.814
[alma] 1:12:01  288,301/1,000,000  66.7/s  upd=6116  L=0.0500  D=4.814
[alma] 1:12:11  289,317/1,000,000  66.8/s  upd=6144  L=0.0433  D=4.814
[alma] 1:12:22  290,768/1,000,000  67.0/s  upd=6170  L=0.0440  D=4.814
[alma] 1:12:53  290,768/1,000,000  66.5/s  upd=6176  L=0.0264  D=4.814
[alma] 1:13:03  291,587/1,000,000  66.5/s  upd=6188  L=0.0493  D=4.814
[alma] 1:13:14  292,285/1,000,000  66.5/s  upd=6201  L=0.0294  D=4.814
[alma] 1:13:25  292,649/1,000,000  66.4/s  upd=6216  L=0.0367  D=4.814
[alma] 1:13:35  293,417/1,000,000  66.5/s  upd=6227  L=0.0447  D=4.814
[alma] 1:13:45  294,083/1,000,000  66.4/s  upd=6241  L=0.0375  D=4.814
[alma] 1:13:56  294,427/1,000,000  66.4/s  upd=6256  L=0.0429  D=4.814
[alma] 1:14:07  295,159/1,000,000  66.4/s  upd=6269  L=0.0358  D=4.814
[alma] 1:14:17  295,860/1,000,000  66.4/s  upd=6282  L=0.0423  D=4.814
[alma] 1:14:27  296,578/1,000,000  66.4/s  upd=6304  L=0.0384  D=4.814
[alma] 1:14:37  298,021/1,000,000  66.6/s  upd=6330  L=0.0403  D=4.814
[alma] 1:14:48  298,772/1,000,000  66.6/s  upd=6345  L=0.0349  D=4.814
[alma] 1:14:59  299,115/1,000,000  66.5/s  upd=6360  L=0.0389  D=4.814
[alma] 1:15:09  299,871/1,000,000  66.5/s  upd=6375  L=0.0546  D=4.814
[alma] saved resume t_env=300,204
[alma] 1:15:33  300,204/1,000,000  66.2/s  upd=6384  L=0.0488  ev=0/100  D=4.814
[alma] 1:15:43  300,204/1,000,000  66.1/s  upd=6384  L=0.0488  ev=40/100  D=4.814
[alma] 1:15:53  300,204/1,000,000  65.9/s  upd=6384  L=0.0488  ev=72/100  D=4.814
[alma] 1:16:25  300,204/1,000,000  65.5/s  upd=6384  L=0.0488  D=4.443
[alma] 1:16:36  300,923/1,000,000  65.5/s  upd=6399  L=0.0329  D=4.443
[alma] 1:16:46  301,646/1,000,000  65.5/s  upd=6411  L=0.0407  D=4.443
[alma] 1:16:56  302,009/1,000,000  65.4/s  upd=6424  L=0.0379  D=4.443
[alma] 1:17:07  302,747/1,000,000  65.4/s  upd=6438  L=0.0409  D=4.443
[alma] 1:17:18  303,438/1,000,000  65.4/s  upd=6452  L=0.0382  D=4.443
[alma] 1:17:28  303,781/1,000,000  65.4/s  upd=6464  L=0.0545  D=4.443
[alma] 1:17:38  305,268/1,000,000  65.5/s  upd=6489  L=0.0363  D=4.443
[alma] 1:17:48  306,448/1,000,000  65.6/s  upd=6517  L=0.0456  D=4.443
[alma] 1:18:22  307,273/1,000,000  65.3/s  upd=6536  L=0.0367  D=4.443
[alma] 1:18:33  307,935/1,000,000  65.3/s  upd=6550  L=0.0336  D=4.443
[alma] 1:18:43  308,634/1,000,000  65.3/s  upd=6562  L=0.0575  D=4.443
[alma] 1:18:54  309,021/1,000,000  65.3/s  upd=6576  L=0.0470  D=4.443
[alma] 1:19:04  309,716/1,000,000  65.3/s  upd=6592  L=0.0391  D=4.443
[alma] 1:19:15  310,438/1,000,000  65.3/s  upd=6605  L=0.0459  D=4.443
[alma] 1:19:25  311,200/1,000,000  65.3/s  upd=6617  L=0.0423  D=4.443
[alma] 1:19:36  311,554/1,000,000  65.2/s  upd=6632  L=0.0299  D=4.443
[alma] 1:19:46  312,338/1,000,000  65.2/s  upd=6646  L=0.0473  D=4.443
[alma] 1:19:57  313,053/1,000,000  65.3/s  upd=6659  L=0.0409  D=4.443
[alma] 1:20:07  313,432/1,000,000  65.2/s  upd=6672  L=0.0370  D=4.443
[alma] 1:20:18  314,192/1,000,000  65.2/s  upd=6686  L=0.0319  D=4.443
[alma] 1:20:28  314,893/1,000,000  65.2/s  upd=6700  L=0.0397  D=4.443
[alma] 1:20:39  315,237/1,000,000  65.1/s  upd=6712  L=0.0428  D=4.443
[alma] 1:20:49  316,065/1,000,000  65.2/s  upd=6728  L=0.0543  D=4.443
[alma] 1:20:59  317,151/1,000,000  65.3/s  upd=6752  L=0.0364  D=4.443
[alma] 1:21:09  318,499/1,000,000  65.4/s  upd=6777  L=0.0458  D=4.443
[alma] 1:21:19  318,858/1,000,000  65.3/s  upd=6791  L=0.0471  D=4.443
[alma] 1:21:29  319,641/1,000,000  65.4/s  upd=6802  L=0.0316  D=4.443
[alma] saved resume t_env=320,106
[alma] 1:21:59  320,106/1,000,000  65.1/s  upd=6816  L=0.0442  ev=0/100  D=4.443
[alma] 1:22:09  320,106/1,000,000  64.9/s  upd=6816  L=0.0442  ev=48/100  D=4.443
[alma] 1:22:19  320,106/1,000,000  64.8/s  upd=6816  L=0.0442  ev=78/100  D=4.443
[alma] 1:22:51  320,106/1,000,000  64.4/s  upd=6816  L=0.0442  D=4.627
[alma] 1:23:02  320,827/1,000,000  64.4/s  upd=6831  L=0.0368  D=4.627
[alma] 1:23:12  322,005/1,000,000  64.5/s  upd=6856  L=0.0434  D=4.627
[alma] 1:23:22  323,212/1,000,000  64.6/s  upd=6880  L=0.0357  D=4.627
[alma] 1:23:51  323,590/1,000,000  64.3/s  upd=6888  L=0.0490  D=4.627
[alma] 1:24:02  324,328/1,000,000  64.3/s  upd=6901  L=0.0356  D=4.627
[alma] 1:24:12  325,092/1,000,000  64.3/s  upd=6913  L=0.0374  D=4.627
[alma] 1:24:23  325,465/1,000,000  64.3/s  upd=6928  L=0.0451  D=4.627
[alma] 1:24:33  326,204/1,000,000  64.3/s  upd=6942  L=0.0486  D=4.627
[alma] 1:24:44  326,904/1,000,000  64.3/s  upd=6956  L=0.0484  D=4.627
[alma] 1:24:54  327,290/1,000,000  64.2/s  upd=6968  L=0.0374  D=4.627
[alma] 1:25:05  327,963/1,000,000  64.2/s  upd=6984  L=0.0404  D=4.627
[alma] 1:25:16  328,603/1,000,000  64.2/s  upd=6999  L=0.0300  D=4.627
[alma] 1:25:26  329,420/1,000,000  64.3/s  upd=7011  L=0.0439  D=4.627
[alma] 1:25:37  329,778/1,000,000  64.2/s  upd=7024  L=0.0361  D=4.627
[alma] 1:25:47  330,469/1,000,000  64.2/s  upd=7039  L=0.0298  D=4.627
[alma] 1:25:57  331,118/1,000,000  64.2/s  upd=7052  L=0.0498  D=4.627
[alma] 1:26:08  331,921/1,000,000  64.2/s  upd=7065  L=0.0414  D=4.627
[alma] 1:26:19  332,271/1,000,000  64.2/s  upd=7080  L=0.0328  D=4.627
[alma] 1:26:29  333,043/1,000,000  64.2/s  upd=7093  L=0.0376  D=4.627
[alma] 1:26:40  333,748/1,000,000  64.2/s  upd=7107  L=0.0482  D=4.627
[alma] 1:26:50  334,081/1,000,000  64.1/s  upd=7120  L=0.0452  D=4.627
[alma] 1:27:01  334,833/1,000,000  64.1/s  upd=7136  L=0.0470  D=4.627
[alma] 1:27:11  335,704/1,000,000  64.2/s  upd=7146  L=0.0410  D=4.627
[alma] 1:27:21  336,428/1,000,000  64.2/s  upd=7165  L=0.0373  D=4.627
[alma] 1:27:31  337,594/1,000,000  64.3/s  upd=7192  L=0.0445  D=4.627
[alma] 1:27:41  338,791/1,000,000  64.4/s  upd=7209  L=0.0398  D=4.627
[alma] 1:27:51  339,199/1,000,000  64.3/s  upd=7223  L=0.0418  D=4.627
[alma] 1:28:02  339,931/1,000,000  64.4/s  upd=7235  L=0.0394  D=4.627
[alma] saved resume t_env=340,299
[alma] 1:28:31  340,299/1,000,000  64.1/s  upd=7248  L=0.0340  ev=0/100  D=4.627
[alma] 1:28:41  340,299/1,000,000  64.0/s  upd=7248  L=0.0340  ev=64/100  D=4.627
[alma] 1:29:52  340,299/1,000,000  63.1/s  upd=7248  L=0.0340  D=4.339
[alma] 1:30:18  340,299/1,000,000  62.8/s  upd=7248  L=0.0340  D=4.339
[alma] 1:30:28  341,078/1,000,000  62.8/s  upd=7261  L=0.0465  D=4.339
[alma] 1:30:39  341,808/1,000,000  62.8/s  upd=7273  L=0.0390  D=4.339
[alma] 1:30:50  342,206/1,000,000  62.8/s  upd=7288  L=0.0449  D=4.339
[alma] 1:31:00  342,978/1,000,000  62.8/s  upd=7301  L=0.0319  D=4.339
[alma] 1:31:11  343,670/1,000,000  62.8/s  upd=7314  L=0.0439  D=4.339
[alma] 1:31:21  344,015/1,000,000  62.8/s  upd=7328  L=0.0514  D=4.339
[alma] 1:31:32  344,832/1,000,000  62.8/s  upd=7343  L=0.0344  D=4.339
[alma] 1:31:43  345,559/1,000,000  62.8/s  upd=7356  L=0.0392  D=4.339
[alma] 1:31:53  346,238/1,000,000  62.8/s  upd=7369  L=0.0279  D=4.339
[alma] 1:32:04  346,596/1,000,000  62.7/s  upd=7384  L=0.0502  D=4.339
[alma] 1:32:14  347,308/1,000,000  62.8/s  upd=7397  L=0.0413  D=4.339
[alma] 1:32:24  348,030/1,000,000  62.8/s  upd=7409  L=0.0365  D=4.339
[alma] 1:32:35  348,400/1,000,000  62.7/s  upd=7424  L=0.0463  D=4.339
[alma] 1:32:45  349,221/1,000,000  62.7/s  upd=7438  L=0.0546  D=4.339
[alma] 1:32:56  349,962/1,000,000  62.8/s  upd=7450  L=0.0699  D=4.339
[alma] 1:33:06  350,350/1,000,000  62.7/s  upd=7464  L=0.0492  D=4.339
[alma] 1:33:17  351,152/1,000,000  62.7/s  upd=7477  L=0.0576  D=4.339
[alma] 1:33:28  351,929/1,000,000  62.8/s  upd=7490  L=0.0329  D=4.339
[alma] 1:33:38  352,240/1,000,000  62.7/s  upd=7504  L=0.0436  D=4.339
[alma] 1:33:49  352,919/1,000,000  62.7/s  upd=7520  L=0.0459  D=4.339
[alma] 1:33:59  353,636/1,000,000  62.7/s  upd=7534  L=0.0281  D=4.339
[alma] 1:34:10  354,395/1,000,000  62.7/s  upd=7547  L=0.0529  D=4.339
[alma] 1:34:20  355,118/1,000,000  62.7/s  upd=7565  L=0.0325  D=4.339
[alma] 1:34:30  356,275/1,000,000  62.8/s  upd=7592  L=0.0479  D=4.339
[alma] 1:34:40  357,283/1,000,000  62.9/s  upd=7610  L=0.0423  D=4.339
[alma] 1:34:50  357,638/1,000,000  62.9/s  upd=7624  L=0.0367  D=4.339
[alma] 1:35:00  358,422/1,000,000  62.9/s  upd=7636  L=0.0586  D=4.339
[alma] 1:35:10  359,093/1,000,000  62.9/s  upd=7653  L=0.0449  D=4.339
[alma] saved resume t_env=360,151
[alma] 1:35:39  360,151/1,000,000  62.7/s  upd=7680  L=0.0435  ev=0/100  D=4.339
[alma] 1:35:49  360,151/1,000,000  62.6/s  upd=7680  L=0.0435  ev=63/100  D=4.339
[alma] 1:36:25  360,151/1,000,000  62.3/s  upd=7680  L=0.0435  D=4.606
[alma] 1:36:50  360,151/1,000,000  62.0/s  upd=7680  L=0.0435  D=4.606
[alma] 1:37:01  360,938/1,000,000  62.0/s  upd=7694  L=0.0510  D=4.606
[alma] 1:37:12  361,641/1,000,000  62.0/s  upd=7706  L=0.0640  D=4.606
[alma] 1:37:22  361,965/1,000,000  62.0/s  upd=7720  L=0.0428  D=4.606
[alma] 1:37:33  362,762/1,000,000  62.0/s  upd=7736  L=0.0545  D=4.606
[alma] 1:37:43  363,504/1,000,000  62.0/s  upd=7750  L=0.0403  D=4.606
[alma] 1:37:54  364,178/1,000,000  62.0/s  upd=7764  L=0.0372  D=4.606
[alma] 1:38:04  364,862/1,000,000  62.0/s  upd=7777  L=0.0348  D=4.606
[alma] 1:38:15  365,253/1,000,000  62.0/s  upd=7792  L=0.0571  D=4.606
[alma] 1:38:25  366,055/1,000,000  62.0/s  upd=7805  L=0.0349  D=4.606
[alma] 1:38:36  366,452/1,000,000  61.9/s  upd=7816  L=0.0331  D=4.606
[alma] 1:38:47  367,293/1,000,000  62.0/s  upd=7832  L=0.0458  D=4.606
[alma] 1:38:57  368,036/1,000,000  62.0/s  upd=7845  L=0.0353  D=4.606
[alma] 1:39:08  368,460/1,000,000  61.9/s  upd=7856  L=0.0362  D=4.606
[alma] 1:39:18  369,185/1,000,000  62.0/s  upd=7872  L=0.0356  D=4.606
[alma] 1:39:29  369,952/1,000,000  62.0/s  upd=7885  L=0.0475  D=4.606
[alma] 1:39:39  370,687/1,000,000  62.0/s  upd=7898  L=0.0406  D=4.606
[alma] 1:39:50  371,139/1,000,000  62.0/s  upd=7912  L=0.0416  D=4.606
[alma] 1:40:00  371,851/1,000,000  62.0/s  upd=7926  L=0.0675  D=4.606
[alma] 1:40:11  372,540/1,000,000  62.0/s  upd=7939  L=0.0390  D=4.606
[alma] 1:40:21  373,229/1,000,000  62.0/s  upd=7953  L=0.0455  D=4.606
[alma] 1:40:31  373,615/1,000,000  61.9/s  upd=7968  L=0.0356  D=4.606
[alma] 1:40:42  374,309/1,000,000  61.9/s  upd=7982  L=0.0314  D=4.606
[alma] 1:40:52  374,998/1,000,000  62.0/s  upd=7998  L=0.0434  D=4.606
[alma] 1:41:02  376,342/1,000,000  62.1/s  upd=8025  L=0.0599  D=4.606
[alma] 1:41:13  377,115/1,000,000  62.1/s  upd=8048  L=0.0669  D=4.606
[alma] 1:41:24  377,843/1,000,000  62.1/s  upd=8061  L=0.0462  D=4.606
[alma] 1:41:34  378,647/1,000,000  62.1/s  upd=8073  L=0.0639  D=4.606
[alma] 1:41:44  379,356/1,000,000  62.1/s  upd=8096  L=0.0519  D=4.606
[alma] saved resume t_env=380,112
[alma] 1:42:10  380,112/1,000,000  62.0/s  upd=8112  L=0.0298  ev=0/100  D=4.606
[alma] 1:42:20  380,112/1,000,000  61.9/s  upd=8112  L=0.0298  ev=72/100  D=4.606
[alma] 1:42:55  380,112/1,000,000  61.6/s  upd=8112  L=0.0298  D=4.360
[alma] 1:43:20  380,112/1,000,000  61.3/s  upd=8112  L=0.0298  D=4.360
[alma] 1:43:31  380,812/1,000,000  61.3/s  upd=8125  L=0.0410  D=4.360
[alma] 1:43:41  381,535/1,000,000  61.3/s  upd=8138  L=0.0412  D=4.360
[alma] 1:43:52  381,828/1,000,000  61.3/s  upd=8152  L=0.0370  D=4.360
[alma] 1:44:02  382,649/1,000,000  61.3/s  upd=8165  L=0.0280  D=4.360
[alma] 1:44:12  383,318/1,000,000  61.3/s  upd=8177  L=0.0409  D=4.360
[alma] 1:44:23  383,677/1,000,000  61.3/s  upd=8192  L=0.0416  D=4.360
[alma] 1:44:34  384,326/1,000,000  61.3/s  upd=8207  L=0.0400  D=4.360
[alma] 1:44:44  384,997/1,000,000  61.3/s  upd=8221  L=0.0435  D=4.360
[alma] 1:44:55  385,471/1,000,000  61.2/s  upd=8232  L=0.0405  D=4.360
[alma] 1:45:05  386,162/1,000,000  61.2/s  upd=8248  L=0.0391  D=4.360
[alma] 1:45:16  386,885/1,000,000  61.3/s  upd=8262  L=0.0446  D=4.360
[alma] 1:45:26  387,501/1,000,000  61.2/s  upd=8277  L=0.0335  D=4.360
[alma] 1:45:37  387,913/1,000,000  61.2/s  upd=8288  L=0.0437  D=4.360
[alma] 1:45:47  388,612/1,000,000  61.2/s  upd=8304  L=0.0352  D=4.360
[alma] 1:45:58  389,479/1,000,000  61.3/s  upd=8314  L=0.0431  D=4.360
[alma] 1:46:08  389,922/1,000,000  61.2/s  upd=8328  L=0.0538  D=4.360
[alma] 1:46:19  390,632/1,000,000  61.2/s  upd=8341  L=0.0388  D=4.360
[alma] 1:46:29  391,366/1,000,000  61.2/s  upd=8354  L=0.0332  D=4.360
[alma] 1:46:39  391,712/1,000,000  61.2/s  upd=8368  L=0.0729  D=4.360
[alma] 1:46:50  392,399/1,000,000  61.2/s  upd=8383  L=0.0639  D=4.360
[alma] 1:47:00  393,122/1,000,000  61.2/s  upd=8395  L=0.0397  D=4.360
[alma] 1:47:11  393,467/1,000,000  61.2/s  upd=8408  L=0.0463  D=4.360
[alma] 1:47:21  394,195/1,000,000  61.2/s  upd=8424  L=0.0375  D=4.360
[alma] 1:47:31  395,654/1,000,000  61.3/s  upd=8451  L=0.0294  D=4.360
[alma] 1:47:42  396,452/1,000,000  61.3/s  upd=8472  L=0.0468  D=4.360
[alma] 1:47:52  397,233/1,000,000  61.4/s  upd=8484  L=0.0477  D=4.360
[alma] 1:48:03  397,960/1,000,000  61.4/s  upd=8497  L=0.0568  D=4.360
[alma] 1:48:13  398,709/1,000,000  61.4/s  upd=8513  L=0.0425  D=4.360
[alma] 1:49:01  399,351/1,000,000  61.0/s  upd=8536  L=0.0366  D=4.360
[alma] saved resume t_env=400,056
[alma] 1:49:27  400,056/1,000,000  60.9/s  upd=8552  L=0.0267  ev=0/100  D=4.360
[alma] 1:49:37  400,056/1,000,000  60.8/s  upd=8552  L=0.0267  ev=70/100  D=4.360
[alma] 1:50:18  400,056/1,000,000  60.4/s  upd=8552  L=0.0267  D=4.704
[alma] 1:50:28  400,877/1,000,000  60.5/s  upd=8564  L=0.0343  D=4.704
[alma] 1:50:39  401,298/1,000,000  60.4/s  upd=8576  L=0.0268  D=4.704
[alma] 1:50:49  402,040/1,000,000  60.5/s  upd=8592  L=0.0329  D=4.704
[alma] 1:51:00  402,800/1,000,000  60.5/s  upd=8605  L=0.0457  D=4.704
[alma] 1:51:11  403,511/1,000,000  60.5/s  upd=8619  L=0.0393  D=4.704
[alma] 1:51:21  403,841/1,000,000  60.4/s  upd=8632  L=0.0333  D=4.704
[alma] 1:51:31  404,629/1,000,000  60.5/s  upd=8648  L=0.0391  D=4.704
[alma] 1:51:42  405,419/1,000,000  60.5/s  upd=8660  L=0.0365  D=4.704
[alma] 1:51:53  406,186/1,000,000  60.5/s  upd=8673  L=0.0250  D=4.704
[alma] 1:52:03  406,606/1,000,000  60.5/s  upd=8688  L=0.0332  D=4.704
[alma] 1:52:14  407,316/1,000,000  60.5/s  upd=8702  L=0.0697  D=4.704
[alma] 1:52:24  407,979/1,000,000  60.5/s  upd=8716  L=0.0403  D=4.704
[alma] 1:52:35  408,668/1,000,000  60.5/s  upd=8729  L=0.0458  D=4.704
[alma] 1:52:46  409,113/1,000,000  60.5/s  upd=8744  L=0.0653  D=4.704
[alma] 1:52:56  409,855/1,000,000  60.5/s  upd=8757  L=0.0406  D=4.704
[alma] 1:53:06  410,578/1,000,000  60.5/s  upd=8769  L=0.0454  D=4.704
[alma] 1:53:17  410,944/1,000,000  60.5/s  upd=8784  L=0.0427  D=4.704
[alma] 1:53:28  411,659/1,000,000  60.5/s  upd=8799  L=0.0519  D=4.704
[alma] 1:53:38  412,380/1,000,000  60.5/s  upd=8812  L=0.0510  D=4.704
[alma] 1:53:49  412,827/1,000,000  60.5/s  upd=8824  L=0.0526  D=4.704
[alma] 1:53:59  413,562/1,000,000  60.5/s  upd=8839  L=0.0403  D=4.704
[alma] 1:54:32  413,905/1,000,000  60.2/s  upd=8848  L=0.0397  D=4.704
[alma] 1:54:42  414,719/1,000,000  60.3/s  upd=8864  L=0.0389  D=4.704
[alma] 1:54:52  416,228/1,000,000  60.4/s  upd=8891  L=0.0543  D=4.704
[alma] 1:55:03  416,948/1,000,000  60.4/s  upd=8910  L=0.0383  D=4.704
[alma] 1:55:14  417,628/1,000,000  60.4/s  upd=8924  L=0.0578  D=4.704
[alma] 1:55:24  418,040/1,000,000  60.4/s  upd=8936  L=0.0406  D=4.704
[alma] 1:55:34  419,171/1,000,000  60.4/s  upd=8954  L=0.0476  D=4.704
[alma] saved resume t_env=420,053
[alma] 1:56:02  420,053/1,000,000  60.3/s  upd=8976  L=0.0415  ev=0/100  D=4.704
[alma] 1:56:12  420,053/1,000,000  60.2/s  upd=8976  L=0.0415  ev=71/100  D=4.704
[alma] 1:56:47  420,053/1,000,000  59.9/s  upd=8976  L=0.0415  D=3.893
[alma] 1:56:58  420,764/1,000,000  60.0/s  upd=8990  L=0.0418  D=3.893
[alma] 1:57:08  421,523/1,000,000  60.0/s  upd=9003  L=0.0450  D=3.893
[alma] 1:57:19  421,882/1,000,000  59.9/s  upd=9016  L=0.0528  D=3.893
[alma] 1:57:29  422,600/1,000,000  59.9/s  upd=9032  L=0.0478  D=3.893
[alma] 1:57:40  423,333/1,000,000  60.0/s  upd=9045  L=0.0373  D=3.893
[alma] 1:57:50  424,056/1,000,000  60.0/s  upd=9059  L=0.0485  D=3.893
[alma] 1:58:01  424,407/1,000,000  59.9/s  upd=9072  L=0.0499  D=3.893
[alma] 1:58:12  425,140/1,000,000  59.9/s  upd=9087  L=0.0529  D=3.893
[alma] 1:58:22  425,842/1,000,000  60.0/s  upd=9100  L=0.0282  D=3.893
[alma] 1:58:33  426,525/1,000,000  60.0/s  upd=9114  L=0.0281  D=3.893
[alma] 1:58:43  426,845/1,000,000  59.9/s  upd=9128  L=0.0503  D=3.893
[alma] 1:58:54  427,592/1,000,000  59.9/s  upd=9143  L=0.0463  D=3.893
[alma] 1:59:04  428,339/1,000,000  60.0/s  upd=9154  L=0.0329  D=3.893
[alma] 1:59:15  428,692/1,000,000  59.9/s  upd=9168  L=0.0342  D=3.893
[alma] 1:59:25  429,520/1,000,000  59.9/s  upd=9182  L=0.0581  D=3.893
[alma] 1:59:58  429,901/1,000,000  59.7/s  upd=9192  L=0.0273  D=3.893
[alma] 2:00:08  430,654/1,000,000  59.7/s  upd=9204  L=0.0343  D=3.893
[alma] 2:00:19  431,400/1,000,000  59.8/s  upd=9217  L=0.0366  D=3.893
[alma] 2:00:29  431,757/1,000,000  59.7/s  upd=9232  L=0.0350  D=3.893
[alma] 2:00:40  432,574/1,000,000  59.7/s  upd=9244  L=0.0650  D=3.893
[alma] 2:00:50  432,940/1,000,000  59.7/s  upd=9256  L=0.0390  D=3.893
[alma] 2:01:01  433,688/1,000,000  59.7/s  upd=9272  L=0.0356  D=3.893
[alma] 2:01:11  434,403/1,000,000  59.7/s  upd=9285  L=0.0367  D=3.893
[alma] 2:01:21  435,411/1,000,000  59.8/s  upd=9310  L=0.0392  D=3.893
[alma] 2:01:32  436,452/1,000,000  59.8/s  upd=9336  L=0.0322  D=3.893
[alma] 2:01:43  437,229/1,000,000  59.9/s  upd=9351  L=0.0371  D=3.893
[alma] 2:01:53  437,915/1,000,000  59.9/s  upd=9365  L=0.0466  D=3.893
[alma] 2:02:04  438,647/1,000,000  59.9/s  upd=9378  L=0.0315  D=3.893
[alma] 2:02:14  439,701/1,000,000  59.9/s  upd=9407  L=0.0549  D=3.893
[alma] saved resume t_env=440,035
[alma] 2:02:37  440,035/1,000,000  59.8/s  upd=9416  L=0.0441  ev=0/100  D=3.893
[alma] 2:02:47  440,035/1,000,000  59.7/s  upd=9416  L=0.0441  ev=64/100  D=3.893
[alma] 2:03:20  440,035/1,000,000  59.5/s  upd=9416  L=0.0441  D=3.821
[alma] 2:03:31  440,711/1,000,000  59.5/s  upd=9430  L=0.0440  D=3.821
[alma] 2:03:42  441,487/1,000,000  59.5/s  upd=9443  L=0.0416  D=3.821
[alma] 2:03:52  441,860/1,000,000  59.4/s  upd=9456  L=0.0428  D=3.821
[alma] 2:04:03  442,565/1,000,000  59.5/s  upd=9472  L=0.0397  D=3.821
[alma] 2:04:13  443,272/1,000,000  59.5/s  upd=9485  L=0.0549  D=3.821
[alma] 2:04:24  444,002/1,000,000  59.5/s  upd=9498  L=0.0399  D=3.821
[alma] 2:04:34  444,393/1,000,000  59.5/s  upd=9512  L=0.0397  D=3.821
[alma] 2:04:45  445,051/1,000,000  59.5/s  upd=9528  L=0.0518  D=3.821
[alma] 2:04:55  445,741/1,000,000  59.5/s  upd=9542  L=0.0499  D=3.821
[alma] 2:05:28  446,088/1,000,000  59.3/s  upd=9552  L=0.0375  D=3.821
[alma] 2:05:38  446,875/1,000,000  59.3/s  upd=9565  L=0.0258  D=3.821
[alma] 2:05:49  447,273/1,000,000  59.2/s  upd=9576  L=0.0549  D=3.821
[alma] 2:06:00  448,130/1,000,000  59.3/s  upd=9592  L=0.0376  D=3.821
[alma] 2:06:10  448,860/1,000,000  59.3/s  upd=9605  L=0.0333  D=3.821
[alma] 2:06:21  449,215/1,000,000  59.3/s  upd=9616  L=0.0340  D=3.821
[alma] 2:06:31  449,948/1,000,000  59.3/s  upd=9632  L=0.0393  D=3.821
[alma] 2:06:42  450,693/1,000,000  59.3/s  upd=9646  L=0.0296  D=3.821
[alma] 2:06:52  451,391/1,000,000  59.3/s  upd=9659  L=0.0277  D=3.821
[alma] 2:07:03  451,829/1,000,000  59.3/s  upd=9672  L=0.0467  D=3.821
[alma] 2:07:14  452,557/1,000,000  59.3/s  upd=9688  L=0.0328  D=3.821
[alma] 2:07:24  453,388/1,000,000  59.3/s  upd=9700  L=0.0460  D=3.821
[alma] 2:07:35  453,785/1,000,000  59.3/s  upd=9712  L=0.0356  D=3.821
[alma] 2:07:45  454,616/1,000,000  59.3/s  upd=9728  L=0.0572  D=3.821
[alma] 2:07:55  455,677/1,000,000  59.4/s  upd=9752  L=0.0500  D=3.821
[alma] 2:08:05  456,742/1,000,000  59.4/s  upd=9776  L=0.0382  D=3.821
[alma] 2:08:15  457,512/1,000,000  59.5/s  upd=9789  L=0.0469  D=3.821
[alma] 2:08:25  457,901/1,000,000  59.4/s  upd=9800  L=0.0546  D=3.821
[alma] 2:08:36  458,606/1,000,000  59.4/s  upd=9816  L=0.0359  D=3.821
[alma] 2:08:46  459,759/1,000,000  59.5/s  upd=9840  L=0.0427  D=3.821
[alma] saved resume t_env=460,137
[alma] 2:09:09  460,137/1,000,000  59.4/s  upd=9848  L=0.0494  ev=0/100  D=3.821
[alma] 2:09:19  460,137/1,000,000  59.3/s  upd=9848  L=0.0494  ev=64/100  D=3.821
[alma] 2:09:50  460,137/1,000,000  59.1/s  upd=9848  L=0.0494  D=4.152
[alma] 2:10:00  461,549/1,000,000  59.2/s  upd=9875  L=0.0638  D=4.152
[alma] 2:10:10  462,618/1,000,000  59.2/s  upd=9904  L=0.0555  D=4.152
[alma] 2:10:20  463,633/1,000,000  59.3/s  upd=9927  L=0.0386  D=4.152
[alma] 2:10:54  464,005/1,000,000  59.1/s  upd=9936  L=0.0367  D=4.152
[alma] 2:11:04  464,753/1,000,000  59.1/s  upd=9948  L=0.0391  D=4.152
[alma] 2:11:15  465,470/1,000,000  59.1/s  upd=9961  L=0.0506  D=4.152
[alma] 2:11:25  465,847/1,000,000  59.1/s  upd=9976  L=0.0517  D=4.152
[alma] 2:11:36  466,542/1,000,000  59.1/s  upd=9989  L=0.0403  D=4.152
[alma] 2:11:47  467,268/1,000,000  59.1/s  upd=10003  L=0.0393  D=4.152
[alma] 2:11:57  467,667/1,000,000  59.1/s  upd=10016  L=0.0702  D=4.152
[alma] 2:12:08  468,412/1,000,000  59.1/s  upd=10031  L=0.0477  D=4.152
[alma] 2:12:19  469,220/1,000,000  59.1/s  upd=10043  L=0.0405  D=4.152
[alma] 2:12:29  469,645/1,000,000  59.1/s  upd=10056  L=0.0500  D=4.152
[alma] 2:12:39  470,368/1,000,000  59.1/s  upd=10071  L=0.0481  D=4.152
[alma] 2:12:50  471,164/1,000,000  59.1/s  upd=10083  L=0.0404  D=4.152
[alma] 2:13:00  471,472/1,000,000  59.1/s  upd=10096  L=0.0448  D=4.152
[alma] 2:13:11  472,318/1,000,000  59.1/s  upd=10111  L=0.0352  D=4.152
[alma] 2:13:21  472,987/1,000,000  59.1/s  upd=10126  L=0.0341  D=4.152
[alma] 2:13:32  473,749/1,000,000  59.1/s  upd=10137  L=0.0526  D=4.152
[alma] 2:13:42  474,123/1,000,000  59.1/s  upd=10152  L=0.0294  D=4.152
[alma] 2:13:53  474,853/1,000,000  59.1/s  upd=10166  L=0.0489  D=4.152
[alma] 2:14:03  475,626/1,000,000  59.1/s  upd=10179  L=0.0388  D=4.152
[alma] 2:14:14  476,331/1,000,000  59.1/s  upd=10193  L=0.0369  D=4.152
[alma] 2:14:24  476,703/1,000,000  59.1/s  upd=10208  L=0.0363  D=4.152
[alma] 2:14:35  477,528/1,000,000  59.1/s  upd=10221  L=0.0274  D=4.152
[alma] 2:14:45  477,892/1,000,000  59.1/s  upd=10232  L=0.0310  D=4.152
[alma] 2:14:56  478,661/1,000,000  59.1/s  upd=10248  L=0.0382  D=4.152
[alma] 2:15:07  479,437/1,000,000  59.1/s  upd=10261  L=0.0339  D=4.152
[alma] 2:15:18  480,130/1,000,000  59.1/s  upd=10275  L=0.0434  D=4.152
[alma] saved resume t_env=480,130
[alma] 2:15:39  480,130/1,000,000  59.0/s  upd=10280  L=0.0357  ev=0/100  D=4.152
[alma] 2:15:49  480,130/1,000,000  58.9/s  upd=10280  L=0.0357  ev=40/100  D=4.152
[alma] 2:15:59  480,130/1,000,000  58.8/s  upd=10280  L=0.0357  ev=88/100  D=4.152
[alma] 2:16:27  480,130/1,000,000  58.6/s  upd=10280  L=0.0357  D=4.516
[alma] 2:17:18  480,130/1,000,000  58.3/s  upd=10280  L=0.0357  D=4.516
[alma] 2:17:28  480,902/1,000,000  58.3/s  upd=10293  L=0.0484  D=4.516
[alma] 2:17:39  481,624/1,000,000  58.3/s  upd=10307  L=0.0355  D=4.516
[alma] 2:17:50  482,044/1,000,000  58.3/s  upd=10320  L=0.0324  D=4.516
[alma] 2:18:00  482,816/1,000,000  58.3/s  upd=10335  L=0.0422  D=4.516
[alma] 2:18:10  483,505/1,000,000  58.3/s  upd=10349  L=0.0309  D=4.516
[alma] 2:18:21  484,262/1,000,000  58.3/s  upd=10362  L=0.0455  D=4.516
[alma] 2:18:32  484,618/1,000,000  58.3/s  upd=10376  L=0.0288  D=4.516
[alma] 2:18:42  485,337/1,000,000  58.3/s  upd=10391  L=0.0321  D=4.516
[alma] 2:18:53  486,018/1,000,000  58.3/s  upd=10405  L=0.0331  D=4.516
[alma] 2:19:03  486,843/1,000,000  58.3/s  upd=10417  L=0.0479  D=4.516
[alma] 2:19:14  487,204/1,000,000  58.3/s  upd=10432  L=0.0393  D=4.516
[alma] 2:19:24  487,914/1,000,000  58.3/s  upd=10445  L=0.0448  D=4.516
[alma] 2:19:35  488,615/1,000,000  58.3/s  upd=10458  L=0.0250  D=4.516
[alma] 2:19:46  489,028/1,000,000  58.3/s  upd=10472  L=0.0291  D=4.516
[alma] 2:19:56  489,714/1,000,000  58.3/s  upd=10488  L=0.0468  D=4.516
[alma] 2:20:07  490,429/1,000,000  58.3/s  upd=10502  L=0.0529  D=4.516
[alma] 2:20:17  491,140/1,000,000  58.3/s  upd=10514  L=0.0560  D=4.516
[alma] 2:20:28  491,612/1,000,000  58.3/s  upd=10528  L=0.0416  D=4.516
[alma] 2:20:38  492,325/1,000,000  58.3/s  upd=10543  L=0.0356  D=4.516
[alma] 2:20:48  493,181/1,000,000  58.4/s  upd=10560  L=0.0436  D=4.516
[alma] 2:20:58  494,360/1,000,000  58.4/s  upd=10584  L=0.0370  D=4.516
[alma] 2:21:09  496,027/1,000,000  58.6/s  upd=10610  L=0.0376  D=4.516
[alma] 2:21:19  496,729/1,000,000  58.6/s  upd=10625  L=0.0368  D=4.516
[alma] 2:21:30  497,124/1,000,000  58.6/s  upd=10640  L=0.0367  D=4.516
[alma] 2:21:41  497,870/1,000,000  58.6/s  upd=10654  L=0.0493  D=4.516
[alma] 2:21:51  498,576/1,000,000  58.6/s  upd=10667  L=0.0320  D=4.516
[alma] 2:22:02  498,958/1,000,000  58.5/s  upd=10680  L=0.0304  D=4.516
[alma] 2:22:13  499,743/1,000,000  58.6/s  upd=10693  L=0.0344  D=4.516
[alma] saved resume t_env=500,103
[alma] 2:22:40  500,103/1,000,000  58.4/s  upd=10704  L=0.0475  ev=0/100  D=4.516
[alma] 2:22:50  500,103/1,000,000  58.4/s  upd=10704  L=0.0475  ev=30/100  D=4.516
[alma] 2:23:01  500,103/1,000,000  58.3/s  upd=10704  L=0.0475  ev=59/100  D=4.516
[alma] 2:23:11  500,103/1,000,000  58.2/s  upd=10704  L=0.0475  ev=96/100  D=4.516
[alma] 2:24:02  500,103/1,000,000  57.9/s  upd=10704  L=0.0475  D=4.686
[alma] 2:24:54  500,103/1,000,000  57.5/s  upd=10704  L=0.0475  D=4.686
[alma] 2:25:04  500,864/1,000,000  57.5/s  upd=10717  L=0.0348  D=4.686
[alma] 2:25:15  501,670/1,000,000  57.6/s  upd=10729  L=0.0602  D=4.686
[alma] 2:25:25  502,018/1,000,000  57.5/s  upd=10744  L=0.0445  D=4.686
[alma] 2:25:36  502,700/1,000,000  57.5/s  upd=10759  L=0.0423  D=4.686
[alma] 2:25:46  503,375/1,000,000  57.6/s  upd=10772  L=0.0400  D=4.686
[alma] 2:25:57  504,047/1,000,000  57.6/s  upd=10786  L=0.0472  D=4.686
[alma] 2:26:07  504,425/1,000,000  57.5/s  upd=10800  L=0.0386  D=4.686
[alma] 2:26:17  505,092/1,000,000  57.5/s  upd=10816  L=0.0316  D=4.686
[alma] 2:26:27  506,496/1,000,000  57.6/s  upd=10844  L=0.0307  D=4.686
[alma] 2:26:37  507,473/1,000,000  57.7/s  upd=10872  L=0.0413  D=4.686
[alma] 2:26:48  508,654/1,000,000  57.7/s  upd=10889  L=0.0264  D=4.686
[alma] 2:26:58  509,036/1,000,000  57.7/s  upd=10903  L=0.0383  D=4.686
[alma] 2:27:08  509,720/1,000,000  57.7/s  upd=10915  L=0.0534  D=4.686
[alma] 2:27:19  510,130/1,000,000  57.7/s  upd=10928  L=0.0418  D=4.686
[alma] 2:27:29  510,955/1,000,000  57.7/s  upd=10941  L=0.0442  D=4.686
[alma] 2:27:40  511,713/1,000,000  57.8/s  upd=10953  L=0.0341  D=4.686
[alma] 2:27:50  512,077/1,000,000  57.7/s  upd=10968  L=0.0510  D=4.686
[alma] 2:28:01  512,813/1,000,000  57.7/s  upd=10982  L=0.0302  D=4.686
[alma] 2:28:11  513,511/1,000,000  57.8/s  upd=10995  L=0.0440  D=4.686
[alma] 2:28:22  513,895/1,000,000  57.7/s  upd=11008  L=0.0296  D=4.686
[alma] 2:28:32  514,980/1,000,000  57.8/s  upd=11032  L=0.0302  D=4.686
[alma] 2:28:42  516,306/1,000,000  57.9/s  upd=11060  L=0.0351  D=4.686
[alma] 2:28:53  517,015/1,000,000  57.9/s  upd=11075  L=0.0408  D=4.686
[alma] 2:29:04  517,380/1,000,000  57.8/s  upd=11088  L=0.0415  D=4.686
[alma] 2:29:14  518,113/1,000,000  57.9/s  upd=11103  L=0.0256  D=4.686
[alma] 2:29:24  519,125/1,000,000  57.9/s  upd=11128  L=0.0290  D=4.686
[alma] saved resume t_env=520,139
[alma] 2:29:53  520,139/1,000,000  57.8/s  upd=11152  L=0.0256  ev=0/100  D=4.686
[alma] 2:30:03  520,139/1,000,000  57.8/s  upd=11152  L=0.0256  ev=32/100  D=4.686
[alma] 2:30:14  520,139/1,000,000  57.7/s  upd=11152  L=0.0256  ev=63/100  D=4.686
[alma] 2:30:24  520,139/1,000,000  57.6/s  upd=11152  L=0.0256  ev=90/100  D=4.686
[alma] 2:30:51  520,139/1,000,000  57.5/s  upd=11152  L=0.0256  D=4.553
[alma] 2:31:17  520,139/1,000,000  57.3/s  upd=11152  L=0.0256  D=4.553
[alma] 2:31:27  520,820/1,000,000  57.3/s  upd=11167  L=0.0384  D=4.553
[alma] 2:31:38  521,484/1,000,000  57.3/s  upd=11181  L=0.0418  D=4.553
[alma] 2:31:48  522,184/1,000,000  57.3/s  upd=11200  L=0.0407  D=4.553
[alma] 2:31:58  523,714/1,000,000  57.4/s  upd=11225  L=0.0301  D=4.553
[alma] 2:32:08  524,876/1,000,000  57.5/s  upd=11253  L=0.0392  D=4.553
[alma] 2:32:18  525,595/1,000,000  57.5/s  upd=11267  L=0.0495  D=4.553
[alma] 2:32:28  525,999/1,000,000  57.5/s  upd=11280  L=0.0387  D=4.553
[alma] 2:32:38  526,758/1,000,000  57.5/s  upd=11290  L=0.0403  D=4.553
[alma] 2:32:49  527,190/1,000,000  57.5/s  upd=11304  L=0.0399  D=4.553
[alma] 2:32:59  527,895/1,000,000  57.5/s  upd=11320  L=0.0326  D=4.553
[alma] 2:33:10  528,641/1,000,000  57.5/s  upd=11332  L=0.0348  D=4.553
[alma] 2:33:21  529,412/1,000,000  57.5/s  upd=11345  L=0.0450  D=4.553
[alma] 2:33:31  529,815/1,000,000  57.5/s  upd=11360  L=0.0410  D=4.553
[alma] 2:33:42  530,532/1,000,000  57.5/s  upd=11373  L=0.0363  D=4.553
[alma] 2:33:53  531,231/1,000,000  57.5/s  upd=11385  L=0.0588  D=4.553
[alma] 2:34:03  531,569/1,000,000  57.5/s  upd=11400  L=0.0336  D=4.553
[alma] 2:34:14  532,208/1,000,000  57.5/s  upd=11416  L=0.0408  D=4.553
[alma] 2:34:24  532,907/1,000,000  57.5/s  upd=11428  L=0.0453  D=4.553
[alma] 2:34:35  533,609/1,000,000  57.5/s  upd=11442  L=0.0450  D=4.553
[alma] 2:34:45  533,972/1,000,000  57.5/s  upd=11456  L=0.0537  D=4.553
[alma] 2:34:55  534,568/1,000,000  57.5/s  upd=11472  L=0.0487  D=4.553
[alma] 2:35:05  535,946/1,000,000  57.6/s  upd=11501  L=0.0367  D=4.553
[alma] 2:35:15  536,936/1,000,000  57.6/s  upd=11523  L=0.0504  D=4.553
[alma] 2:35:25  537,228/1,000,000  57.6/s  upd=11536  L=0.0395  D=4.553
[alma] 2:35:36  537,994/1,000,000  57.6/s  upd=11549  L=0.0571  D=4.553
[alma] 2:35:46  538,799/1,000,000  57.6/s  upd=11568  L=0.0246  D=4.553
[alma] 2:35:56  540,246/1,000,000  57.7/s  upd=11596  L=0.0351  D=4.553
[alma] saved resume t_env=540,246
[alma] 2:36:17  540,246/1,000,000  57.6/s  upd=11600  L=0.0351  ev=0/100  D=4.553
[alma] 2:36:28  540,246/1,000,000  57.5/s  upd=11600  L=0.0351  ev=36/100  D=4.553
[alma] 2:36:38  540,246/1,000,000  57.5/s  upd=11600  L=0.0351  ev=69/100  D=4.553
[alma] 2:37:13  540,246/1,000,000  57.3/s  upd=11600  L=0.0351  D=3.506
[alma] 2:38:05  540,246/1,000,000  57.0/s  upd=11600  L=0.0351  D=3.506
[alma] 2:38:15  540,914/1,000,000  57.0/s  upd=11614  L=0.0551  D=3.506
[alma] 2:38:26  541,694/1,000,000  57.0/s  upd=11627  L=0.0401  D=3.506
[alma] 2:38:37  542,025/1,000,000  57.0/s  upd=11640  L=0.0426  D=3.506
[alma] 2:38:47  542,692/1,000,000  57.0/s  upd=11656  L=0.0295  D=3.506
[alma] 2:38:58  543,418/1,000,000  57.0/s  upd=11669  L=0.0352  D=3.506
[alma] 2:39:09  544,123/1,000,000  57.0/s  upd=11682  L=0.0467  D=3.506
[alma] 2:39:19  544,432/1,000,000  57.0/s  upd=11696  L=0.0505  D=3.506
[alma] 2:39:30  545,207/1,000,000  57.0/s  upd=11711  L=0.0361  D=3.506
[alma] 2:39:40  545,864/1,000,000  57.0/s  upd=11726  L=0.0396  D=3.506
[alma] 2:39:51  546,496/1,000,000  57.0/s  upd=11741  L=0.0362  D=3.506
[alma] 2:40:01  547,157/1,000,000  57.0/s  upd=11754  L=0.0410  D=3.506
[alma] 2:40:12  547,480/1,000,000  57.0/s  upd=11768  L=0.0529  D=3.506
[alma] 2:40:22  548,100/1,000,000  57.0/s  upd=11784  L=0.0307  D=3.506
[alma] 2:40:33  548,848/1,000,000  57.0/s  upd=11797  L=0.0360  D=3.506
[alma] 2:40:44  549,478/1,000,000  57.0/s  upd=11812  L=0.0287  D=3.506
[alma] 2:40:54  550,142/1,000,000  57.0/s  upd=11826  L=0.0382  D=3.506
[alma] 2:41:05  550,451/1,000,000  57.0/s  upd=11840  L=0.0373  D=3.506
[alma] 2:41:15  551,096/1,000,000  57.0/s  upd=11856  L=0.0465  D=3.506
[alma] 2:41:25  551,752/1,000,000  57.0/s  upd=11872  L=0.0515  D=3.506
[alma] 2:41:35  552,897/1,000,000  57.0/s  upd=11896  L=0.0504  D=3.506
[alma] 2:41:45  553,992/1,000,000  57.1/s  upd=11920  L=0.0400  D=3.506
[alma] 2:41:55  554,689/1,000,000  57.1/s  upd=11932  L=0.0376  D=3.506
[alma] 2:42:05  555,354/1,000,000  57.1/s  upd=11945  L=0.0280  D=3.506
[alma] 2:42:16  555,726/1,000,000  57.1/s  upd=11960  L=0.0488  D=3.506
[alma] 2:42:26  557,065/1,000,000  57.2/s  upd=11988  L=0.0300  D=3.506
[alma] 2:42:36  558,343/1,000,000  57.2/s  upd=12017  L=0.0370  D=3.506
[alma] 2:42:46  559,458/1,000,000  57.3/s  upd=12047  L=0.0391  D=3.506
[alma] saved resume t_env=560,190
[alma] 2:43:13  560,190/1,000,000  57.2/s  upd=12064  L=0.0464  ev=0/100  D=3.506
[alma] 2:43:23  560,190/1,000,000  57.1/s  upd=12064  L=0.0464  ev=32/100  D=3.506
[alma] 2:43:34  560,190/1,000,000  57.1/s  upd=12064  L=0.0464  ev=64/100  D=3.506
[alma] 2:43:44  560,190/1,000,000  57.0/s  upd=12064  L=0.0464  ev=97/100  D=3.506
[alma] 2:44:28  560,190/1,000,000  56.8/s  upd=12064  L=0.0464  D=4.019
[alma] 2:44:54  560,190/1,000,000  56.6/s  upd=12064  L=0.0464  D=4.019
[alma] 2:45:05  560,901/1,000,000  56.6/s  upd=12078  L=0.0370  D=4.019
[alma] 2:45:15  561,589/1,000,000  56.6/s  upd=12092  L=0.0504  D=4.019
[alma] 2:45:26  561,911/1,000,000  56.6/s  upd=12104  L=0.0337  D=4.019
[alma] 2:45:36  562,719/1,000,000  56.6/s  upd=12120  L=0.0378  D=4.019
[alma] 2:45:47  563,368/1,000,000  56.6/s  upd=12134  L=0.0654  D=4.019
[alma] 2:45:58  564,002/1,000,000  56.6/s  upd=12149  L=0.0440  D=4.019
[alma] 2:46:09  564,684/1,000,000  56.6/s  upd=12163  L=0.0425  D=4.019
[alma] 2:46:19  565,264/1,000,000  56.6/s  upd=12178  L=0.0318  D=4.019
[alma] 2:46:30  565,858/1,000,000  56.6/s  upd=12193  L=0.0431  D=4.019
[alma] 2:46:40  566,228/1,000,000  56.6/s  upd=12208  L=0.0312  D=4.019
[alma] 2:46:51  566,972/1,000,000  56.6/s  upd=12222  L=0.0360  D=4.019
[alma] 2:47:01  567,711/1,000,000  56.6/s  upd=12235  L=0.0372  D=4.019
[alma] 2:47:12  568,368/1,000,000  56.7/s  upd=12250  L=0.0284  D=4.019
[alma] 2:47:22  568,679/1,000,000  56.6/s  upd=12264  L=0.0432  D=4.019
[alma] 2:47:32  569,361/1,000,000  56.6/s  upd=12280  L=0.0418  D=4.019
[alma] 2:47:42  570,678/1,000,000  56.7/s  upd=12305  L=0.0453  D=4.019
[alma] 2:47:52  571,724/1,000,000  56.8/s  upd=12332  L=0.0441  D=4.019
[alma] 2:48:02  572,059/1,000,000  56.7/s  upd=12344  L=0.0294  D=4.019
[alma] 2:48:13  572,702/1,000,000  56.7/s  upd=12360  L=0.0470  D=4.019
[alma] 2:48:23  573,425/1,000,000  56.8/s  upd=12373  L=0.0437  D=4.019
[alma] 2:48:33  574,397/1,000,000  56.8/s  upd=12399  L=0.0346  D=4.019
[alma] 2:48:43  575,626/1,000,000  56.9/s  upd=12426  L=0.0387  D=4.019
[alma] 2:48:53  576,726/1,000,000  56.9/s  upd=12456  L=0.0415  D=4.019
[alma] 2:49:03  578,070/1,000,000  57.0/s  upd=12483  L=0.0395  D=4.019
[alma] 2:49:13  579,206/1,000,000  57.0/s  upd=12512  L=0.0277  D=4.019
[alma] saved resume t_env=580,181
[alma] 2:49:42  580,181/1,000,000  57.0/s  upd=12536  L=0.0216  ev=0/100  D=4.019
[alma] 2:49:52  580,181/1,000,000  56.9/s  upd=12536  L=0.0216  ev=40/100  D=4.019
[alma] 2:50:03  580,181/1,000,000  56.9/s  upd=12536  L=0.0216  ev=88/100  D=4.019
[alma] 2:50:31  580,181/1,000,000  56.7/s  upd=12536  L=0.0216  D=2.390
[alma] 2:50:57  580,181/1,000,000  56.6/s  upd=12536  L=0.0216  D=2.390
[alma] 2:51:08  580,798/1,000,000  56.6/s  upd=12552  L=0.0369  D=2.390
[alma] 2:51:18  581,500/1,000,000  56.6/s  upd=12564  L=0.0458  D=2.390
[alma] 2:51:29  582,143/1,000,000  56.6/s  upd=12579  L=0.0287  D=2.390
[alma] 2:51:40  582,831/1,000,000  56.6/s  upd=12593  L=0.0401  D=2.390
[alma] 2:51:50  583,255/1,000,000  56.6/s  upd=12608  L=0.0504  D=2.390
[alma] 2:52:01  583,973/1,000,000  56.6/s  upd=12624  L=0.0644  D=2.390
[alma] 2:52:11  584,623/1,000,000  56.6/s  upd=12638  L=0.0290  D=2.390
[alma] 2:52:22  585,288/1,000,000  56.6/s  upd=12653  L=0.0529  D=2.390
[alma] 2:52:33  585,951/1,000,000  56.6/s  upd=12665  L=0.0250  D=2.390
[alma] 2:52:43  586,262/1,000,000  56.6/s  upd=12680  L=0.0440  D=2.390
[alma] 2:52:54  587,021/1,000,000  56.6/s  upd=12695  L=0.0333  D=2.390
[alma] 2:53:05  587,679/1,000,000  56.6/s  upd=12709  L=0.0350  D=2.390
[alma] 2:53:15  588,422/1,000,000  56.6/s  upd=12721  L=0.0702  D=2.390
[alma] 2:53:25  588,750/1,000,000  56.6/s  upd=12736  L=0.0291  D=2.390
[alma] 2:53:36  589,428/1,000,000  56.6/s  upd=12752  L=0.0354  D=2.390
[alma] 2:53:47  590,099/1,000,000  56.6/s  upd=12767  L=0.0224  D=2.390
[alma] 2:53:57  590,811/1,000,000  56.6/s  upd=12780  L=0.0344  D=2.390
[alma] 2:54:08  591,487/1,000,000  56.6/s  upd=12793  L=0.0517  D=2.390
[alma] 2:54:18  591,799/1,000,000  56.6/s  upd=12808  L=0.0340  D=2.390
[alma] 2:54:29  592,429/1,000,000  56.6/s  upd=12824  L=0.0353  D=2.390
[alma] 2:54:40  593,140/1,000,000  56.6/s  upd=12840  L=0.0356  D=2.390
[alma] 2:54:50  594,522/1,000,000  56.7/s  upd=12866  L=0.0322  D=2.390
[alma] 2:55:00  595,467/1,000,000  56.7/s  upd=12889  L=0.0421  D=2.390
[alma] 2:55:11  595,788/1,000,000  56.7/s  upd=12904  L=0.0283  D=2.390
[alma] 2:55:21  596,436/1,000,000  56.7/s  upd=12920  L=0.0632  D=2.390
[alma] 2:55:31  597,522/1,000,000  56.7/s  upd=12942  L=0.0268  D=2.390
[alma] 2:55:41  598,544/1,000,000  56.8/s  upd=12968  L=0.0467  D=2.390
[alma] 2:55:51  599,907/1,000,000  56.9/s  upd=12998  L=0.0383  D=2.390
[alma] saved resume t_env=600,210
[alma] 2:56:15  600,210/1,000,000  56.8/s  upd=13008  L=0.0481  ev=0/100  D=2.390
[alma] 2:56:26  600,210/1,000,000  56.7/s  upd=13008  L=0.0481  ev=37/100  D=2.390
[alma] 2:56:36  600,210/1,000,000  56.6/s  upd=13008  L=0.0481  ev=73/100  D=2.390
[alma] 2:57:08  600,210/1,000,000  56.5/s  upd=13008  L=0.0481  D=2.573
[alma] 2:57:34  600,210/1,000,000  56.3/s  upd=13008  L=0.0481  D=2.573
[alma] 2:57:45  600,828/1,000,000  56.3/s  upd=13023  L=0.0353  D=2.573
[alma] 2:57:55  601,556/1,000,000  56.3/s  upd=13036  L=0.0421  D=2.573
[alma] 2:58:06  602,138/1,000,000  56.3/s  upd=13050  L=0.0431  D=2.573
[alma] 2:58:17  602,806/1,000,000  56.4/s  upd=13065  L=0.0370  D=2.573
[alma] 2:58:27  603,104/1,000,000  56.3/s  upd=13080  L=0.0464  D=2.573
[alma] 2:58:38  603,704/1,000,000  56.3/s  upd=13096  L=0.0304  D=2.573
[alma] 2:58:48  604,325/1,000,000  56.3/s  upd=13112  L=0.0376  D=2.573
[alma] 2:58:59  604,926/1,000,000  56.3/s  upd=13128  L=0.0299  D=2.573
[alma] 2:59:10  605,509/1,000,000  56.3/s  upd=13143  L=0.0636  D=2.573
[alma] 2:59:20  606,177/1,000,000  56.3/s  upd=13156  L=0.0368  D=2.573
[alma] 2:59:31  606,836/1,000,000  56.3/s  upd=13171  L=0.0425  D=2.573
[alma] 2:59:41  607,455/1,000,000  56.3/s  upd=13186  L=0.0447  D=2.573
[alma] 2:59:52  607,786/1,000,000  56.3/s  upd=13200  L=0.0389  D=2.573
[alma] 3:00:03  608,435/1,000,000  56.3/s  upd=13216  L=0.0699  D=2.573
[alma] 3:00:13  609,064/1,000,000  56.3/s  upd=13232  L=0.0357  D=2.573
[alma] 3:00:24  609,706/1,000,000  56.3/s  upd=13247  L=0.0272  D=2.573
[alma] 3:00:34  610,348/1,000,000  56.3/s  upd=13262  L=0.0490  D=2.573
[alma] 3:00:45  611,010/1,000,000  56.3/s  upd=13276  L=0.0303  D=2.573
[alma] 3:00:56  611,569/1,000,000  56.3/s  upd=13290  L=0.0283  D=2.573
[alma] 3:01:06  612,220/1,000,000  56.3/s  upd=13305  L=0.0384  D=2.573
[alma] 3:01:17  612,795/1,000,000  56.3/s  upd=13321  L=0.0455  D=2.573
[alma] 3:01:27  613,687/1,000,000  56.4/s  upd=13352  L=0.0273  D=2.573
[alma] 3:01:37  614,620/1,000,000  56.4/s  upd=13376  L=0.0373  D=2.573
[alma] 3:01:48  615,213/1,000,000  56.4/s  upd=13391  L=0.0571  D=2.573
[alma] 3:01:59  615,859/1,000,000  56.4/s  upd=13406  L=0.0437  D=2.573
[alma] 3:02:09  616,846/1,000,000  56.4/s  upd=13425  L=0.0262  D=2.573
[alma] 3:02:19  617,757/1,000,000  56.5/s  upd=13456  L=0.0441  D=2.573
[alma] 3:02:29  618,945/1,000,000  56.5/s  upd=13487  L=0.0583  D=2.573
[alma] 3:03:22  619,530/1,000,000  56.3/s  upd=13504  L=0.0361  D=2.573
[alma] 3:03:32  620,156/1,000,000  56.3/s  upd=13520  L=0.0428  D=2.573
[alma] saved resume t_env=620,156
[alma] 3:03:53  620,156/1,000,000  56.2/s  upd=13520  L=0.0428  ev=0/100  D=2.573
[alma] 3:04:03  620,156/1,000,000  56.2/s  upd=13520  L=0.0428  ev=48/100  D=2.573
[alma] 3:04:14  620,156/1,000,000  56.1/s  upd=13520  L=0.0428  ev=88/100  D=2.573
[alma] 3:04:42  620,156/1,000,000  56.0/s  upd=13520  L=0.0428  D=2.078
[alma] 3:04:53  620,764/1,000,000  56.0/s  upd=13536  L=0.0407  D=2.078
[alma] 3:05:03  621,423/1,000,000  56.0/s  upd=13549  L=0.0444  D=2.078
[alma] 3:05:14  622,037/1,000,000  56.0/s  upd=13564  L=0.0307  D=2.078
[alma] 3:05:25  622,736/1,000,000  56.0/s  upd=13578  L=0.0338  D=2.078
[alma] 3:05:35  623,355/1,000,000  56.0/s  upd=13594  L=0.0248  D=2.078
[alma] 3:05:46  623,995/1,000,000  56.0/s  upd=13609  L=0.0433  D=2.078
[alma] 3:05:57  624,347/1,000,000  56.0/s  upd=13624  L=0.0345  D=2.078
[alma] 3:06:07  625,040/1,000,000  56.0/s  upd=13640  L=0.0390  D=2.078
[alma] 3:06:18  625,675/1,000,000  56.0/s  upd=13655  L=0.0333  D=2.078
[alma] 3:06:28  626,368/1,000,000  56.0/s  upd=13670  L=0.0354  D=2.078
[alma] 3:06:39  627,027/1,000,000  56.0/s  upd=13684  L=0.0568  D=2.078
[alma] 3:06:49  627,660/1,000,000  56.0/s  upd=13699  L=0.0352  D=2.078
[alma] 3:07:00  628,390/1,000,000  56.0/s  upd=13714  L=0.0342  D=2.078
[alma] 3:07:10  629,018/1,000,000  56.0/s  upd=13729  L=0.0395  D=2.078
[alma] 3:07:21  629,374/1,000,000  56.0/s  upd=13744  L=0.0539  D=2.078
[alma] 3:07:31  630,021/1,000,000  56.0/s  upd=13760  L=0.0437  D=2.078
[alma] 3:07:42  630,625/1,000,000  56.0/s  upd=13776  L=0.0371  D=2.078
[alma] 3:07:52  631,890/1,000,000  56.1/s  upd=13808  L=0.0333  D=2.078
[alma] 3:08:03  632,892/1,000,000  56.1/s  upd=13831  L=0.0450  D=2.078
[alma] 3:08:13  633,596/1,000,000  56.1/s  upd=13846  L=0.0384  D=2.078
[alma] 3:08:24  634,245/1,000,000  56.1/s  upd=13861  L=0.0358  D=2.078
[alma] 3:08:50  634,245/1,000,000  56.0/s  upd=13864  L=0.0492  D=2.078
[alma] 3:09:01  635,483/1,000,000  56.0/s  upd=13895  L=0.0380  D=2.078
[alma] 3:09:11  636,657/1,000,000  56.1/s  upd=13926  L=0.0293  D=2.078
[alma] 3:09:21  637,955/1,000,000  56.2/s  upd=13956  L=0.0335  D=2.078
[alma] 3:09:31  639,192/1,000,000  56.2/s  upd=13986  L=0.0414  D=2.078
[alma] saved resume t_env=640,160
[alma] 3:10:01  640,160/1,000,000  56.1/s  upd=14016  L=0.0305  ev=0/100  D=2.078
[alma] 3:10:11  640,160/1,000,000  56.1/s  upd=14016  L=0.0305  ev=72/100  D=2.078
[alma] 3:10:43  640,160/1,000,000  55.9/s  upd=14016  L=0.0305  D=1.677
[alma] 3:10:53  640,786/1,000,000  55.9/s  upd=14031  L=0.0396  D=1.677
[alma] 3:11:04  641,385/1,000,000  55.9/s  upd=14047  L=0.0561  D=1.677
[alma] 3:11:14  642,057/1,000,000  56.0/s  upd=14062  L=0.0369  D=1.677
[alma] 3:11:25  642,666/1,000,000  56.0/s  upd=14078  L=0.0341  D=1.677
[alma] 3:11:36  643,319/1,000,000  56.0/s  upd=14093  L=0.0389  D=1.677
[alma] 3:11:46  643,940/1,000,000  56.0/s  upd=14109  L=0.0322  D=1.677
[alma] 3:11:57  644,529/1,000,000  56.0/s  upd=14125  L=0.0329  D=1.677
[alma] 3:12:08  645,194/1,000,000  56.0/s  upd=14140  L=0.0310  D=1.677
[alma] 3:12:18  645,887/1,000,000  56.0/s  upd=14153  L=0.0285  D=1.677
[alma] 3:12:29  646,470/1,000,000  56.0/s  upd=14169  L=0.0345  D=1.677
[alma] 3:12:39  646,839/1,000,000  56.0/s  upd=14184  L=0.0376  D=1.677
[alma] 3:12:50  647,482/1,000,000  56.0/s  upd=14200  L=0.0529  D=1.677
[alma] 3:13:00  648,166/1,000,000  56.0/s  upd=14215  L=0.0389  D=1.677
[alma] 3:13:11  648,823/1,000,000  56.0/s  upd=14231  L=0.0385  D=1.677
[alma] 3:13:22  649,530/1,000,000  56.0/s  upd=14245  L=0.0295  D=1.677
[alma] 3:13:32  650,142/1,000,000  56.0/s  upd=14261  L=0.0414  D=1.677
[alma] 3:13:43  650,714/1,000,000  56.0/s  upd=14277  L=0.0295  D=1.677
[alma] 3:13:53  651,316/1,000,000  56.0/s  upd=14292  L=0.0337  D=1.677
[alma] 3:14:32  651,316/1,000,000  55.8/s  upd=14296  L=0.0513  D=1.677
[alma] 3:14:42  651,920/1,000,000  55.8/s  upd=14312  L=0.0310  D=1.677
[alma] 3:14:52  652,851/1,000,000  55.8/s  upd=14333  L=0.0333  D=1.677
[alma] 3:15:02  654,144/1,000,000  55.9/s  upd=14362  L=0.0360  D=1.677
[alma] 3:15:12  654,737/1,000,000  55.9/s  upd=14384  L=0.0375  D=1.677
[alma] 3:15:22  655,411/1,000,000  55.9/s  upd=14397  L=0.0400  D=1.677
[alma] 3:15:33  656,088/1,000,000  55.9/s  upd=14412  L=0.0290  D=1.677
[alma] 3:15:43  657,047/1,000,000  55.9/s  upd=14437  L=0.0305  D=1.677
[alma] 3:15:53  658,182/1,000,000  56.0/s  upd=14469  L=0.0443  D=1.677
[alma] 3:16:03  659,311/1,000,000  56.0/s  upd=14501  L=0.0377  D=1.677
[alma] saved resume t_env=660,233
[alma] 3:16:32  660,233/1,000,000  56.0/s  upd=14528  L=0.0340  ev=0/100  D=1.677
[alma] 3:16:43  660,233/1,000,000  55.9/s  upd=14528  L=0.0340  ev=48/100  D=1.677
[alma] 3:16:53  660,233/1,000,000  55.9/s  upd=14528  L=0.0340  ev=96/100  D=1.677
[alma] 3:17:19  660,233/1,000,000  55.8/s  upd=14528  L=0.0340  D=1.548
[alma] 3:17:30  660,855/1,000,000  55.8/s  upd=14544  L=0.0333  D=1.548
[alma] 3:17:41  661,491/1,000,000  55.8/s  upd=14560  L=0.0307  D=1.548
[alma] 3:17:51  662,157/1,000,000  55.8/s  upd=14576  L=0.0365  D=1.548
[alma] 3:18:02  662,823/1,000,000  55.8/s  upd=14591  L=0.0375  D=1.548
[alma] 3:18:13  663,447/1,000,000  55.8/s  upd=14607  L=0.0403  D=1.548
[alma] 3:18:23  664,052/1,000,000  55.8/s  upd=14622  L=0.0457  D=1.548
[alma] 3:18:34  664,650/1,000,000  55.8/s  upd=14638  L=0.0413  D=1.548
[alma] 3:18:44  665,280/1,000,000  55.8/s  upd=14653  L=0.0321  D=1.548
[alma] 3:18:55  665,810/1,000,000  55.8/s  upd=14670  L=0.0378  D=1.548
[alma] 3:19:06  666,410/1,000,000  55.8/s  upd=14684  L=0.0357  D=1.548
[alma] 3:19:16  667,086/1,000,000  55.8/s  upd=14700  L=0.0365  D=1.548
[alma] 3:19:27  667,722/1,000,000  55.8/s  upd=14715  L=0.0417  D=1.548
[alma] 3:20:00  668,016/1,000,000  55.7/s  upd=14728  L=0.0338  D=1.548
[alma] 3:20:11  668,669/1,000,000  55.7/s  upd=14744  L=0.0417  D=1.548
[alma] 3:20:21  669,293/1,000,000  55.7/s  upd=14760  L=0.0345  D=1.548
[alma] 3:20:32  669,827/1,000,000  55.7/s  upd=14776  L=0.0347  D=1.548
[alma] 3:20:42  670,430/1,000,000  55.7/s  upd=14792  L=0.0407  D=1.548
[alma] 3:20:53  671,028/1,000,000  55.7/s  upd=14808  L=0.0406  D=1.548
[alma] 3:21:03  671,645/1,000,000  55.7/s  upd=14824  L=0.0316  D=1.548
[alma] 3:21:14  672,273/1,000,000  55.7/s  upd=14839  L=0.0390  D=1.548
[alma] 3:21:24  673,271/1,000,000  55.7/s  upd=14861  L=0.0354  D=1.548
[alma] 3:21:34  674,465/1,000,000  55.8/s  upd=14891  L=0.0504  D=1.548
[alma] 3:21:44  675,088/1,000,000  55.8/s  upd=14908  L=0.0303  D=1.548
[alma] 3:21:54  675,698/1,000,000  55.8/s  upd=14924  L=0.0309  D=1.548
[alma] 3:22:05  676,272/1,000,000  55.8/s  upd=14940  L=0.0444  D=1.548
[alma] 3:22:15  677,147/1,000,000  55.8/s  upd=14966  L=0.0338  D=1.548
[alma] 3:22:25  678,257/1,000,000  55.8/s  upd=14999  L=0.0395  D=1.548
[alma] 3:22:35  679,479/1,000,000  55.9/s  upd=15031  L=0.0272  D=1.548
[alma] saved resume t_env=680,080
[alma] 3:23:01  680,080/1,000,000  55.8/s  upd=15048  L=0.0354  ev=0/100  D=1.548
[alma] 3:23:12  680,080/1,000,000  55.8/s  upd=15048  L=0.0354  ev=48/100  D=1.548
[alma] 3:23:22  680,080/1,000,000  55.7/s  upd=15048  L=0.0354  ev=96/100  D=1.548
[alma] 3:23:49  680,080/1,000,000  55.6/s  upd=15048  L=0.0354  D=1.532
[alma] 3:24:00  680,714/1,000,000  55.6/s  upd=15064  L=0.0439  D=1.532
[alma] 3:24:10  681,303/1,000,000  55.6/s  upd=15080  L=0.0282  D=1.532
[alma] 3:24:21  681,900/1,000,000  55.6/s  upd=15095  L=0.0298  D=1.532
[alma] 3:24:32  682,557/1,000,000  55.6/s  upd=15110  L=0.0403  D=1.532
[alma] 3:24:42  683,151/1,000,000  55.6/s  upd=15127  L=0.0312  D=1.532
[alma] 3:24:53  683,776/1,000,000  55.6/s  upd=15143  L=0.0319  D=1.532
[alma] 3:25:04  684,381/1,000,000  55.6/s  upd=15158  L=0.0289  D=1.532
[alma] 3:25:30  684,381/1,000,000  55.5/s  upd=15160  L=0.0427  D=1.532
[alma] 3:25:41  685,033/1,000,000  55.5/s  upd=15176  L=0.0406  D=1.532
[alma] 3:25:51  685,675/1,000,000  55.5/s  upd=15192  L=0.0259  D=1.532
[alma] 3:26:02  686,292/1,000,000  55.5/s  upd=15208  L=0.0277  D=1.532
[alma] 3:26:13  686,909/1,000,000  55.5/s  upd=15223  L=0.0328  D=1.532
[alma] 3:26:23  687,581/1,000,000  55.5/s  upd=15239  L=0.0363  D=1.532
[alma] 3:26:34  688,221/1,000,000  55.5/s  upd=15255  L=0.0347  D=1.532
[alma] 3:26:45  688,832/1,000,000  55.5/s  upd=15269  L=0.0242  D=1.532
[alma] 3:26:55  689,364/1,000,000  55.5/s  upd=15285  L=0.0360  D=1.532
[alma] 3:27:06  689,964/1,000,000  55.5/s  upd=15301  L=0.0270  D=1.532
[alma] 3:27:16  690,588/1,000,000  55.5/s  upd=15317  L=0.0294  D=1.532
[alma] 3:27:27  691,293/1,000,000  55.5/s  upd=15332  L=0.0385  D=1.532
[alma] 3:27:38  691,972/1,000,000  55.5/s  upd=15349  L=0.0408  D=1.532
[alma] 3:27:48  692,615/1,000,000  55.5/s  upd=15364  L=0.0288  D=1.532
[alma] 3:27:58  693,539/1,000,000  55.6/s  upd=15389  L=0.0258  D=1.532
[alma] 3:28:08  694,753/1,000,000  55.6/s  upd=15422  L=0.0259  D=1.532
[alma] 3:28:18  695,412/1,000,000  55.6/s  upd=15440  L=0.0632  D=1.532
[alma] 3:28:28  696,007/1,000,000  55.6/s  upd=15455  L=0.0235  D=1.532
[alma] 3:28:39  696,614/1,000,000  55.6/s  upd=15471  L=0.0281  D=1.532
[alma] 3:28:49  697,812/1,000,000  55.7/s  upd=15501  L=0.0377  D=1.532
[alma] 3:28:59  699,073/1,000,000  55.7/s  upd=15533  L=0.0256  D=1.532
[alma] 3:29:09  700,234/1,000,000  55.8/s  upd=15565  L=0.0373  D=1.532
[alma] saved resume t_env=700,234
[alma] 3:29:30  700,234/1,000,000  55.7/s  upd=15568  L=0.0307  ev=0/100  D=1.532
[alma] 3:30:22  700,234/1,000,000  55.5/s  upd=15568  L=0.0307  D=1.298
[alma] 3:30:58  700,863/1,000,000  55.4/s  upd=15584  L=0.0416  D=1.298
[alma] 3:31:09  701,522/1,000,000  55.4/s  upd=15600  L=0.0356  D=1.298
[alma] 3:31:19  702,092/1,000,000  55.4/s  upd=15616  L=0.0292  D=1.298
[alma] 3:31:30  702,677/1,000,000  55.4/s  upd=15632  L=0.0384  D=1.298
[alma] 3:31:40  703,239/1,000,000  55.4/s  upd=15648  L=0.0282  D=1.298
[alma] 3:31:51  704,047/1,000,000  55.4/s  upd=15665  L=0.0334  D=1.298
[alma] 3:32:02  704,731/1,000,000  55.4/s  upd=15681  L=0.0283  D=1.298
[alma] 3:32:12  705,309/1,000,000  55.4/s  upd=15698  L=0.0302  D=1.298
[alma] 3:32:23  705,861/1,000,000  55.4/s  upd=15715  L=0.0238  D=1.298
[alma] 3:32:33  706,435/1,000,000  55.4/s  upd=15731  L=0.0444  D=1.298
[alma] 3:32:44  707,003/1,000,000  55.4/s  upd=15748  L=0.0418  D=1.298
[alma] 3:32:55  707,621/1,000,000  55.4/s  upd=15764  L=0.0265  D=1.298
[alma] 3:33:06  708,247/1,000,000  55.4/s  upd=15781  L=0.0330  D=1.298
[alma] 3:33:16  708,859/1,000,000  55.4/s  upd=15797  L=0.0360  D=1.298
[alma] 3:33:27  709,410/1,000,000  55.4/s  upd=15813  L=0.0347  D=1.298
[alma] 3:33:38  710,012/1,000,000  55.4/s  upd=15830  L=0.0437  D=1.298
[alma] 3:33:49  710,610/1,000,000  55.4/s  upd=15846  L=0.0268  D=1.298
[alma] 3:33:59  711,246/1,000,000  55.4/s  upd=15863  L=0.0286  D=1.298
[alma] 3:34:10  711,902/1,000,000  55.4/s  upd=15878  L=0.0323  D=1.298
[alma] 3:34:20  712,444/1,000,000  55.4/s  upd=15895  L=0.0256  D=1.298
[alma] 3:34:31  713,066/1,000,000  55.4/s  upd=15912  L=0.0378  D=1.298
[alma] 3:34:41  713,631/1,000,000  55.4/s  upd=15928  L=0.0311  D=1.298
[alma] 3:34:51  714,220/1,000,000  55.4/s  upd=15944  L=0.0353  D=1.298
[alma] 3:35:01  715,094/1,000,000  55.4/s  upd=15968  L=0.0353  D=1.298
[alma] 3:35:11  716,321/1,000,000  55.5/s  upd=16000  L=0.0359  D=1.298
[alma] 3:35:21  717,221/1,000,000  55.5/s  upd=16017  L=0.0454  D=1.298
[alma] 3:35:32  717,532/1,000,000  55.5/s  upd=16032  L=0.0332  D=1.298
[alma] 3:35:42  718,402/1,000,000  55.5/s  upd=16049  L=0.0311  D=1.298
[alma] 3:35:52  719,577/1,000,000  55.6/s  upd=16082  L=0.0326  D=1.298
[alma] saved resume t_env=720,176
[alma] 3:36:18  720,176/1,000,000  55.5/s  upd=16104  L=0.0334  ev=0/100  D=1.298
[alma] 3:36:59  720,176/1,000,000  55.3/s  upd=16104  L=0.0334  D=1.149
[alma] 3:37:25  720,176/1,000,000  55.2/s  upd=16104  L=0.0334  D=1.149
[alma] 3:37:36  720,767/1,000,000  55.2/s  upd=16120  L=0.0289  D=1.149
[alma] 3:37:47  721,342/1,000,000  55.2/s  upd=16136  L=0.0223  D=1.149
[alma] 3:37:57  722,279/1,000,000  55.2/s  upd=16153  L=0.0237  D=1.149
[alma] 3:38:08  722,899/1,000,000  55.2/s  upd=16170  L=0.0334  D=1.149
[alma] 3:38:19  723,526/1,000,000  55.2/s  upd=16187  L=0.0280  D=1.149
[alma] 3:38:30  724,200/1,000,000  55.2/s  upd=16203  L=0.0510  D=1.149
[alma] 3:38:40  724,840/1,000,000  55.2/s  upd=16220  L=0.0303  D=1.149
[alma] 3:38:51  725,359/1,000,000  55.2/s  upd=16236  L=0.0445  D=1.149
[alma] 3:39:01  726,001/1,000,000  55.2/s  upd=16253  L=0.0325  D=1.149
[alma] 3:39:12  726,651/1,000,000  55.2/s  upd=16270  L=0.0240  D=1.149
[alma] 3:39:23  727,326/1,000,000  55.3/s  upd=16288  L=0.0243  D=1.149
[alma] 3:39:33  728,025/1,000,000  55.3/s  upd=16303  L=0.0255  D=1.149
[alma] 3:39:44  728,689/1,000,000  55.3/s  upd=16320  L=0.0271  D=1.149
[alma] 3:39:55  729,300/1,000,000  55.3/s  upd=16336  L=0.0276  D=1.149
[alma] 3:40:06  729,878/1,000,000  55.3/s  upd=16352  L=0.0271  D=1.149
[alma] 3:40:17  730,783/1,000,000  55.3/s  upd=16370  L=0.0285  D=1.149
[alma] 3:40:27  731,446/1,000,000  55.3/s  upd=16385  L=0.0432  D=1.149
[alma] 3:40:38  732,082/1,000,000  55.3/s  upd=16403  L=0.0447  D=1.149
[alma] 3:40:48  732,745/1,000,000  55.3/s  upd=16420  L=0.0325  D=1.149
[alma] 3:40:59  733,367/1,000,000  55.3/s  upd=16438  L=0.0395  D=1.149
[alma] 3:41:10  733,966/1,000,000  55.3/s  upd=16456  L=0.0398  D=1.149
[alma] 3:41:20  734,590/1,000,000  55.3/s  upd=16472  L=0.0327  D=1.149
[alma] 3:41:31  735,188/1,000,000  55.3/s  upd=16488  L=0.0427  D=1.149
[alma] 3:41:41  736,658/1,000,000  55.4/s  upd=16524  L=0.0260  D=1.149
[alma] 3:41:51  737,547/1,000,000  55.4/s  upd=16552  L=0.0380  D=1.149
[alma] 3:42:02  738,156/1,000,000  55.4/s  upd=16568  L=0.0250  D=1.149
[alma] 3:42:13  739,001/1,000,000  55.4/s  upd=16586  L=0.0246  D=1.149
[alma] 3:42:23  740,187/1,000,000  55.5/s  upd=16618  L=0.0256  D=1.149
[alma] saved resume t_env=740,187
[alma] 3:42:44  740,187/1,000,000  55.4/s  upd=16624  L=0.0398  ev=0/100  D=1.149
[alma] 3:42:54  740,187/1,000,000  55.3/s  upd=16624  L=0.0398  ev=92/100  D=1.149
[alma] 3:43:30  740,187/1,000,000  55.2/s  upd=16624  L=0.0398  D=1.593
[alma] 3:43:57  740,187/1,000,000  55.1/s  upd=16624  L=0.0398  D=1.593
[alma] 3:44:07  740,818/1,000,000  55.1/s  upd=16640  L=0.0395  D=1.593
[alma] 3:44:18  741,692/1,000,000  55.1/s  upd=16657  L=0.0332  D=1.593
[alma] 3:44:28  742,335/1,000,000  55.1/s  upd=16675  L=0.0370  D=1.593
[alma] 3:44:39  742,973/1,000,000  55.1/s  upd=16692  L=0.0346  D=1.593
[alma] 3:44:49  743,604/1,000,000  55.1/s  upd=16710  L=0.0255  D=1.593
[alma] 3:45:00  744,194/1,000,000  55.1/s  upd=16727  L=0.0308  D=1.593
[alma] 3:45:10  744,821/1,000,000  55.1/s  upd=16744  L=0.0248  D=1.593
[alma] 3:45:21  745,409/1,000,000  55.1/s  upd=16760  L=0.0264  D=1.593
[alma] 3:45:32  746,034/1,000,000  55.1/s  upd=16776  L=0.0394  D=1.593
[alma] 3:45:42  746,697/1,000,000  55.1/s  upd=16792  L=0.0355  D=1.593
[alma] 3:45:53  747,320/1,000,000  55.1/s  upd=16808  L=0.0359  D=1.593
[alma] 3:46:03  747,988/1,000,000  55.1/s  upd=16824  L=0.0526  D=1.593
[alma] 3:46:14  748,884/1,000,000  55.2/s  upd=16841  L=0.0295  D=1.593
[alma] 3:46:25  749,506/1,000,000  55.2/s  upd=16859  L=0.0313  D=1.593
[alma] 3:46:35  750,114/1,000,000  55.2/s  upd=16877  L=0.0314  D=1.593
[alma] 3:46:46  750,725/1,000,000  55.2/s  upd=16894  L=0.0364  D=1.593
[alma] 3:46:56  751,319/1,000,000  55.2/s  upd=16912  L=0.0255  D=1.593
[alma] 3:47:07  751,927/1,000,000  55.2/s  upd=16928  L=0.0336  D=1.593
[alma] 3:47:18  752,598/1,000,000  55.2/s  upd=16944  L=0.0344  D=1.593
[alma] 3:47:28  753,184/1,000,000  55.2/s  upd=16960  L=0.0239  D=1.593
[alma] 3:47:39  754,140/1,000,000  55.2/s  upd=16977  L=0.0420  D=1.593
[alma] 3:47:50  754,733/1,000,000  55.2/s  upd=16995  L=0.0244  D=1.593
[alma] 3:48:00  755,383/1,000,000  55.2/s  upd=17013  L=0.0266  D=1.593
[alma] 3:48:10  756,248/1,000,000  55.2/s  upd=17036  L=0.0356  D=1.593
[alma] 3:48:20  757,512/1,000,000  55.3/s  upd=17068  L=0.0219  D=1.593
[alma] 3:48:30  758,426/1,000,000  55.3/s  upd=17090  L=0.0261  D=1.593
[alma] 3:48:40  758,968/1,000,000  55.3/s  upd=17106  L=0.0271  D=1.593
[alma] 3:48:50  759,593/1,000,000  55.3/s  upd=17121  L=0.0226  D=1.593
[alma] saved resume t_env=760,211
[alma] 3:49:17  760,211/1,000,000  55.3/s  upd=17144  L=0.0316  ev=0/100  D=1.593
[alma] 3:49:27  760,211/1,000,000  55.2/s  upd=17144  L=0.0316  ev=96/100  D=1.593
[alma] 3:50:02  760,211/1,000,000  55.1/s  upd=17144  L=0.0316  D=1.319
[alma] 3:50:54  760,211/1,000,000  54.9/s  upd=17144  L=0.0316  D=1.319
[alma] 3:51:05  760,848/1,000,000  54.9/s  upd=17160  L=0.0317  D=1.319
[alma] 3:51:15  761,772/1,000,000  54.9/s  upd=17177  L=0.0365  D=1.319
[alma] 3:51:26  762,331/1,000,000  54.9/s  upd=17195  L=0.0468  D=1.319
[alma] 3:51:37  762,920/1,000,000  54.9/s  upd=17212  L=0.0345  D=1.319
[alma] 3:51:47  763,539/1,000,000  54.9/s  upd=17230  L=0.0189  D=1.319
[alma] 3:51:58  764,122/1,000,000  54.9/s  upd=17248  L=0.0300  D=1.319
[alma] 3:52:09  764,777/1,000,000  54.9/s  upd=17264  L=0.0318  D=1.319
[alma] 3:52:19  765,760/1,000,000  54.9/s  upd=17281  L=0.0259  D=1.319
[alma] 3:52:30  766,462/1,000,000  54.9/s  upd=17298  L=0.0420  D=1.319
[alma] 3:52:41  767,125/1,000,000  54.9/s  upd=17314  L=0.0277  D=1.319
[alma] 3:52:51  767,733/1,000,000  54.9/s  upd=17331  L=0.0419  D=1.319
[alma] 3:53:02  768,369/1,000,000  55.0/s  upd=17348  L=0.0248  D=1.319
[alma] 3:53:13  768,926/1,000,000  54.9/s  upd=17366  L=0.0239  D=1.319
[alma] 3:53:23  769,550/1,000,000  55.0/s  upd=17384  L=0.0287  D=1.319
[alma] 3:53:34  770,162/1,000,000  55.0/s  upd=17400  L=0.0366  D=1.319
[alma] 3:53:44  770,780/1,000,000  55.0/s  upd=17416  L=0.0334  D=1.319
[alma] 3:53:55  771,472/1,000,000  55.0/s  upd=17432  L=0.0281  D=1.319
[alma] 3:54:05  772,408/1,000,000  55.0/s  upd=17450  L=0.0319  D=1.319
[alma] 3:54:16  773,027/1,000,000  55.0/s  upd=17468  L=0.0354  D=1.319
[alma] 3:54:26  773,637/1,000,000  55.0/s  upd=17485  L=0.0233  D=1.319
[alma] 3:54:37  774,273/1,000,000  55.0/s  upd=17501  L=0.0245  D=1.319
[alma] 3:54:48  774,918/1,000,000  55.0/s  upd=17520  L=0.0306  D=1.319
[alma] 3:54:58  775,511/1,000,000  55.0/s  upd=17536  L=0.0332  D=1.319
[alma] 3:55:09  776,458/1,000,000  55.0/s  upd=17553  L=0.0408  D=1.319
[alma] 3:55:20  777,070/1,000,000  55.0/s  upd=17570  L=0.0305  D=1.319
[alma] 3:55:30  777,680/1,000,000  55.0/s  upd=17587  L=0.0377  D=1.319
[alma] 3:55:40  778,918/1,000,000  55.1/s  upd=17617  L=0.0448  D=1.319
[alma] 3:55:50  780,128/1,000,000  55.1/s  upd=17652  L=0.0371  D=1.319
[alma] saved resume t_env=780,128
[alma] 3:56:11  780,128/1,000,000  55.0/s  upd=17656  L=0.0278  ev=0/100  D=1.319
[alma] 3:56:21  780,128/1,000,000  55.0/s  upd=17656  L=0.0278  ev=79/100  D=1.319
[alma] 3:56:50  780,128/1,000,000  54.9/s  upd=17656  L=0.0278  D=1.489
[alma] 3:57:43  780,128/1,000,000  54.7/s  upd=17656  L=0.0278  D=1.489
[alma] 3:57:54  780,768/1,000,000  54.7/s  upd=17672  L=0.0362  D=1.489
[alma] 3:58:04  781,355/1,000,000  54.7/s  upd=17688  L=0.0289  D=1.489
[alma] 3:58:15  782,134/1,000,000  54.7/s  upd=17704  L=0.0358  D=1.489
[alma] 3:58:26  783,117/1,000,000  54.7/s  upd=17721  L=0.0555  D=1.489
[alma] 3:58:36  783,668/1,000,000  54.7/s  upd=17739  L=0.0314  D=1.489
[alma] 3:58:47  784,301/1,000,000  54.7/s  upd=17758  L=0.0483  D=1.489
[alma] 3:58:57  784,910/1,000,000  54.7/s  upd=17776  L=0.0289  D=1.489
[alma] 3:59:08  785,552/1,000,000  54.7/s  upd=17792  L=0.0330  D=1.489
[alma] 3:59:18  786,288/1,000,000  54.8/s  upd=17808  L=0.0268  D=1.489
[alma] 3:59:29  787,008/1,000,000  54.8/s  upd=17824  L=0.0309  D=1.489
[alma] 3:59:40  787,605/1,000,000  54.8/s  upd=17840  L=0.0327  D=1.489
[alma] 3:59:50  788,414/1,000,000  54.8/s  upd=17857  L=0.0286  D=1.489
[alma] 4:00:01  789,015/1,000,000  54.8/s  upd=17876  L=0.0366  D=1.489
[alma] 4:00:11  789,623/1,000,000  54.8/s  upd=17894  L=0.0213  D=1.489
[alma] 4:00:22  790,252/1,000,000  54.8/s  upd=17912  L=0.0259  D=1.489
[alma] 4:00:33  790,919/1,000,000  54.8/s  upd=17928  L=0.0232  D=1.489
[alma] 4:00:43  791,553/1,000,000  54.8/s  upd=17944  L=0.0270  D=1.489
[alma] 4:00:54  792,184/1,000,000  54.8/s  upd=17960  L=0.0272  D=1.489
[alma] 4:01:04  793,518/1,000,000  54.9/s  upd=17985  L=0.0300  D=1.489
[alma] 4:01:14  794,775/1,000,000  54.9/s  upd=18021  L=0.0349  D=1.489
[alma] 4:01:25  795,980/1,000,000  54.9/s  upd=18056  L=0.0255  D=1.489
[alma] 4:01:35  796,553/1,000,000  55.0/s  upd=18072  L=0.0236  D=1.489
[alma] 4:01:46  797,168/1,000,000  55.0/s  upd=18088  L=0.0157  D=1.489
[alma] 4:01:56  797,814/1,000,000  55.0/s  upd=18104  L=0.0309  D=1.489
[alma] 4:02:07  798,730/1,000,000  55.0/s  upd=18123  L=0.0243  D=1.489
[alma] 4:02:18  799,356/1,000,000  55.0/s  upd=18141  L=0.0267  D=1.489
[alma] 4:02:29  799,996/1,000,000  55.0/s  upd=18159  L=0.0351  D=1.489
[alma] saved resume t_env=800,289
[alma] 4:02:54  800,289/1,000,000  54.9/s  upd=18168  L=0.0366  ev=0/100  D=1.489
[alma] 4:03:04  800,289/1,000,000  54.9/s  upd=18168  L=0.0366  ev=88/100  D=1.489
[alma] 4:03:32  800,289/1,000,000  54.8/s  upd=18168  L=0.0366  D=1.705
[alma] 4:04:24  800,289/1,000,000  54.6/s  upd=18168  L=0.0366  D=1.705
[alma] 4:04:34  800,949/1,000,000  54.6/s  upd=18184  L=0.0277  D=1.705
[alma] 4:04:45  801,897/1,000,000  54.6/s  upd=18201  L=0.0212  D=1.705
[alma] 4:04:55  802,574/1,000,000  54.6/s  upd=18218  L=0.0286  D=1.705
[alma] 4:05:06  803,136/1,000,000  54.6/s  upd=18236  L=0.0297  D=1.705
[alma] 4:05:16  803,756/1,000,000  54.6/s  upd=18254  L=0.0305  D=1.705
[alma] 4:05:27  804,463/1,000,000  54.6/s  upd=18268  L=0.0503  D=1.705
[alma] 4:05:38  805,094/1,000,000  54.6/s  upd=18286  L=0.0318  D=1.705
[alma] 4:05:48  805,726/1,000,000  54.6/s  upd=18304  L=0.0277  D=1.705
[alma] 4:05:59  806,298/1,000,000  54.6/s  upd=18320  L=0.0260  D=1.705
[alma] 4:06:10  807,188/1,000,000  54.6/s  upd=18338  L=0.0255  D=1.705
[alma] 4:06:20  807,940/1,000,000  54.7/s  upd=18355  L=0.0263  D=1.705
[alma] 4:06:30  808,846/1,000,000  54.7/s  upd=18378  L=0.0211  D=1.705
[alma] 4:06:40  810,142/1,000,000  54.7/s  upd=18413  L=0.0320  D=1.705
[alma] 4:06:50  811,355/1,000,000  54.8/s  upd=18448  L=0.0232  D=1.705
[alma] 4:07:02  812,022/1,000,000  54.8/s  upd=18464  L=0.0377  D=1.705
[alma] 4:07:12  812,951/1,000,000  54.8/s  upd=18482  L=0.0289  D=1.705
[alma] 4:07:23  813,590/1,000,000  54.8/s  upd=18500  L=0.0253  D=1.705
[alma] 4:07:34  814,179/1,000,000  54.8/s  upd=18519  L=0.0260  D=1.705
[alma] 4:07:44  814,836/1,000,000  54.8/s  upd=18535  L=0.0229  D=1.705
[alma] 4:07:55  815,408/1,000,000  54.8/s  upd=18552  L=0.0273  D=1.705
[alma] 4:08:05  816,302/1,000,000  54.8/s  upd=18570  L=0.0265  D=1.705
[alma] 4:08:16  816,910/1,000,000  54.8/s  upd=18588  L=0.0340  D=1.705
[alma] 4:08:27  817,490/1,000,000  54.8/s  upd=18607  L=0.0471  D=1.705
[alma] 4:08:37  818,125/1,000,000  54.8/s  upd=18624  L=0.0282  D=1.705
[alma] 4:08:48  818,776/1,000,000  54.8/s  upd=18640  L=0.0277  D=1.705
[alma] 4:08:59  819,381/1,000,000  54.8/s  upd=18656  L=0.0207  D=1.705
[alma] 4:09:10  820,258/1,000,000  54.9/s  upd=18675  L=0.0295  D=1.705
[alma] saved resume t_env=820,258
[alma] 4:09:32  820,258/1,000,000  54.8/s  upd=18680  L=0.0311  ev=0/100  D=1.705
[alma] 4:09:42  820,258/1,000,000  54.7/s  upd=18680  L=0.0311  ev=74/100  D=1.705
[alma] 4:10:10  820,258/1,000,000  54.6/s  upd=18680  L=0.0311  D=1.300
[alma] 4:11:03  820,258/1,000,000  54.5/s  upd=18680  L=0.0311  D=1.300
[alma] 4:11:13  820,884/1,000,000  54.5/s  upd=18696  L=0.0374  D=1.300
[alma] 4:11:24  821,734/1,000,000  54.5/s  upd=18715  L=0.0407  D=1.300
[alma] 4:11:35  822,335/1,000,000  54.5/s  upd=18733  L=0.0341  D=1.300
[alma] 4:11:45  822,951/1,000,000  54.5/s  upd=18752  L=0.0217  D=1.300
[alma] 4:11:56  823,576/1,000,000  54.5/s  upd=18768  L=0.0288  D=1.300
[alma] 4:12:06  825,039/1,000,000  54.5/s  upd=18804  L=0.0219  D=1.300
[alma] 4:12:16  826,276/1,000,000  54.6/s  upd=18840  L=0.0288  D=1.300
[alma] 4:12:26  827,426/1,000,000  54.6/s  upd=18867  L=0.0539  D=1.300
[alma] 4:12:36  827,955/1,000,000  54.6/s  upd=18883  L=0.0302  D=1.300
[alma] 4:12:46  828,522/1,000,000  54.6/s  upd=18900  L=0.0417  D=1.300
[alma] 4:12:57  829,160/1,000,000  54.6/s  upd=18918  L=0.0255  D=1.300
[alma] 4:13:08  829,776/1,000,000  54.6/s  upd=18936  L=0.0327  D=1.300
[alma] 4:13:18  830,365/1,000,000  54.6/s  upd=18952  L=0.0241  D=1.300
[alma] 4:13:29  831,276/1,000,000  54.7/s  upd=18970  L=0.0265  D=1.300
[alma] 4:13:40  831,919/1,000,000  54.7/s  upd=18988  L=0.0285  D=1.300
[alma] 4:13:50  832,549/1,000,000  54.7/s  upd=19005  L=0.0389  D=1.300
[alma] 4:14:01  833,084/1,000,000  54.7/s  upd=19023  L=0.0347  D=1.300
[alma] 4:14:11  833,702/1,000,000  54.7/s  upd=19040  L=0.0297  D=1.300
[alma] 4:14:22  834,642/1,000,000  54.7/s  upd=19058  L=0.0261  D=1.300
[alma] 4:14:32  835,225/1,000,000  54.7/s  upd=19075  L=0.0255  D=1.300
[alma] 4:14:43  835,893/1,000,000  54.7/s  upd=19092  L=0.0328  D=1.300
[alma] 4:14:54  836,498/1,000,000  54.7/s  upd=19109  L=0.0203  D=1.300
[alma] 4:15:04  837,020/1,000,000  54.7/s  upd=19128  L=0.0449  D=1.300
[alma] 4:15:15  837,667/1,000,000  54.7/s  upd=19144  L=0.0331  D=1.300
[alma] 4:15:25  838,192/1,000,000  54.7/s  upd=19160  L=0.0348  D=1.300
[alma] 4:15:36  838,917/1,000,000  54.7/s  upd=19176  L=0.0282  D=1.300
[alma] 4:15:46  839,827/1,000,000  54.7/s  upd=19193  L=0.0412  D=1.300
[alma] saved resume t_env=840,127
[alma] 4:16:15  840,127/1,000,000  54.6/s  upd=19208  L=0.0270  ev=0/100  D=1.300
[alma] 4:16:25  840,127/1,000,000  54.6/s  upd=19208  L=0.0270  ev=85/100  D=1.300
[alma] 4:16:54  840,127/1,000,000  54.5/s  upd=19208  L=0.0270  D=1.525
[alma] 4:17:46  840,127/1,000,000  54.3/s  upd=19208  L=0.0270  D=1.525
[alma] 4:17:56  841,611/1,000,000  54.4/s  upd=19242  L=0.0211  D=1.525
[alma] 4:18:06  842,831/1,000,000  54.4/s  upd=19276  L=0.0291  D=1.525
[alma] 4:18:17  843,854/1,000,000  54.5/s  upd=19300  L=0.0330  D=1.525
[alma] 4:18:28  844,506/1,000,000  54.5/s  upd=19318  L=0.0204  D=1.525
[alma] 4:18:38  845,081/1,000,000  54.5/s  upd=19336  L=0.0213  D=1.525
[alma] 4:18:49  845,650/1,000,000  54.5/s  upd=19352  L=0.0296  D=1.525
[alma] 4:19:00  846,629/1,000,000  54.5/s  upd=19370  L=0.0229  D=1.525
[alma] 4:19:10  847,268/1,000,000  54.5/s  upd=19388  L=0.0247  D=1.525
[alma] 4:19:21  847,872/1,000,000  54.5/s  upd=19406  L=0.0206  D=1.525
[alma] 4:19:31  848,508/1,000,000  54.5/s  upd=19424  L=0.0319  D=1.525
[alma] 4:19:42  849,115/1,000,000  54.5/s  upd=19440  L=0.0260  D=1.525
[alma] 4:19:53  849,710/1,000,000  54.5/s  upd=19456  L=0.0410  D=1.525
[alma] 4:20:03  850,363/1,000,000  54.5/s  upd=19472  L=0.0308  D=1.525
[alma] 4:20:14  851,324/1,000,000  54.5/s  upd=19491  L=0.0222  D=1.525
[alma] 4:20:24  852,014/1,000,000  54.5/s  upd=19508  L=0.0280  D=1.525
[alma] 4:20:35  852,608/1,000,000  54.5/s  upd=19526  L=0.0341  D=1.525
[alma] 4:20:45  853,175/1,000,000  54.5/s  upd=19544  L=0.0209  D=1.525
[alma] 4:20:56  853,841/1,000,000  54.5/s  upd=19560  L=0.0429  D=1.525
[alma] 4:21:07  854,465/1,000,000  54.5/s  upd=19576  L=0.0280  D=1.525
[alma] 4:21:18  855,060/1,000,000  54.5/s  upd=19592  L=0.0301  D=1.525
[alma] 4:21:28  855,925/1,000,000  54.6/s  upd=19609  L=0.0309  D=1.525
[alma] 4:21:38  856,565/1,000,000  54.6/s  upd=19626  L=0.0449  D=1.525
[alma] 4:21:49  857,150/1,000,000  54.6/s  upd=19645  L=0.0235  D=1.525
[alma] 4:22:00  857,768/1,000,000  54.6/s  upd=19663  L=0.0259  D=1.525
[alma] 4:22:10  858,406/1,000,000  54.6/s  upd=19679  L=0.0269  D=1.525
[alma] 4:22:21  858,979/1,000,000  54.6/s  upd=19696  L=0.0186  D=1.525
[alma] 4:22:31  859,569/1,000,000  54.6/s  upd=19712  L=0.0373  D=1.525
[alma] saved resume t_env=860,160
[alma] 4:23:00  860,160/1,000,000  54.5/s  upd=19728  L=0.0300  ev=0/100  D=1.525
[alma] 4:23:11  860,160/1,000,000  54.5/s  upd=19728  L=0.0300  ev=50/100  D=1.525
[alma] 4:24:06  860,160/1,000,000  54.3/s  upd=19728  L=0.0300  D=1.058
[alma] 4:24:58  860,160/1,000,000  54.1/s  upd=19728  L=0.0300  D=1.058
[alma] 4:25:08  861,464/1,000,000  54.2/s  upd=19760  L=0.0334  D=1.058
[alma] 4:25:18  862,897/1,000,000  54.2/s  upd=19796  L=0.0250  D=1.058
[alma] 4:25:28  863,751/1,000,000  54.2/s  upd=19824  L=0.0265  D=1.058
[alma] 4:25:38  864,311/1,000,000  54.2/s  upd=19840  L=0.0313  D=1.058
[alma] 4:25:48  864,914/1,000,000  54.2/s  upd=19856  L=0.0268  D=1.058
[alma] 4:25:59  865,762/1,000,000  54.2/s  upd=19874  L=0.0317  D=1.058
[alma] 4:26:09  866,361/1,000,000  54.2/s  upd=19893  L=0.0248  D=1.058
[alma] 4:26:20  866,943/1,000,000  54.3/s  upd=19911  L=0.0219  D=1.058
[alma] 4:26:30  867,491/1,000,000  54.2/s  upd=19928  L=0.0353  D=1.058
[alma] 4:26:41  868,402/1,000,000  54.3/s  upd=19945  L=0.0258  D=1.058
[alma] 4:26:52  868,973/1,000,000  54.3/s  upd=19963  L=0.0258  D=1.058
[alma] 4:27:02  869,533/1,000,000  54.3/s  upd=19981  L=0.0296  D=1.058
[alma] 4:27:13  870,148/1,000,000  54.3/s  upd=19997  L=0.0209  D=1.058
[alma] 4:27:23  870,777/1,000,000  54.3/s  upd=20015  L=0.0325  D=1.058
[alma] 4:27:34  871,391/1,000,000  54.3/s  upd=20032  L=0.0260  D=1.058
[alma] 4:27:44  871,941/1,000,000  54.3/s  upd=20048  L=0.0237  D=1.058
[alma] 4:27:55  872,808/1,000,000  54.3/s  upd=20066  L=0.0303  D=1.058
[alma] 4:28:06  873,411/1,000,000  54.3/s  upd=20084  L=0.0313  D=1.058
[alma] 4:28:16  874,012/1,000,000  54.3/s  upd=20102  L=0.0286  D=1.058
[alma] 4:28:27  874,633/1,000,000  54.3/s  upd=20119  L=0.0270  D=1.058
[alma] 4:28:37  875,225/1,000,000  54.3/s  upd=20136  L=0.0204  D=1.058
[alma] 4:28:47  876,251/1,000,000  54.3/s  upd=20159  L=0.0235  D=1.058
[alma] 4:28:57  877,444/1,000,000  54.4/s  upd=20192  L=0.0295  D=1.058
[alma] 4:29:07  879,086/1,000,000  54.4/s  upd=20225  L=0.0265  D=1.058
[alma] 4:29:18  879,730/1,000,000  54.4/s  upd=20244  L=0.0318  D=1.058
[alma] saved resume t_env=880,052
[alma] 4:29:46  880,052/1,000,000  54.4/s  upd=20256  L=0.0243  ev=0/100  D=1.058
[alma] 4:29:57  880,052/1,000,000  54.3/s  upd=20256  L=0.0243  ev=48/100  D=1.058
[alma] 4:30:07  880,052/1,000,000  54.3/s  upd=20256  L=0.0243  ev=95/100  D=1.058
[alma] 4:30:34  880,052/1,000,000  54.2/s  upd=20256  L=0.0243  D=1.369
[alma] 4:31:01  880,052/1,000,000  54.1/s  upd=20256  L=0.0243  D=1.369
[alma] 4:31:11  880,629/1,000,000  54.1/s  upd=20272  L=0.0265  D=1.369
[alma] 4:31:22  881,498/1,000,000  54.1/s  upd=20291  L=0.0246  D=1.369
[alma] 4:31:32  882,394/1,000,000  54.2/s  upd=20319  L=0.0297  D=1.369
[alma] 4:31:42  883,554/1,000,000  54.2/s  upd=20352  L=0.0295  D=1.369
[alma] 4:31:53  885,043/1,000,000  54.3/s  upd=20386  L=0.0239  D=1.369
[alma] 4:32:04  885,684/1,000,000  54.3/s  upd=20404  L=0.0251  D=1.369
[alma] 4:32:14  886,254/1,000,000  54.3/s  upd=20423  L=0.0271  D=1.369
[alma] 4:32:25  886,792/1,000,000  54.3/s  upd=20440  L=0.0203  D=1.369
[alma] 4:32:35  887,382/1,000,000  54.3/s  upd=20456  L=0.0210  D=1.369
[alma] 4:32:46  888,132/1,000,000  54.3/s  upd=20472  L=0.0312  D=1.369
[alma] 4:32:56  889,072/1,000,000  54.3/s  upd=20491  L=0.0292  D=1.369
[alma] 4:33:07  889,661/1,000,000  54.3/s  upd=20509  L=0.0294  D=1.369
[alma] 4:33:17  890,346/1,000,000  54.3/s  upd=20526  L=0.0342  D=1.369
[alma] 4:33:28  890,966/1,000,000  54.3/s  upd=20544  L=0.0269  D=1.369
[alma] 4:33:38  891,683/1,000,000  54.3/s  upd=20559  L=0.0431  D=1.369
[alma] 4:33:49  892,377/1,000,000  54.3/s  upd=20576  L=0.0414  D=1.369
[alma] 4:34:00  893,011/1,000,000  54.3/s  upd=20592  L=0.0293  D=1.369
[alma] 4:34:10  893,696/1,000,000  54.3/s  upd=20608  L=0.0291  D=1.369
[alma] 4:34:20  894,949/1,000,000  54.4/s  upd=20640  L=0.0271  D=1.369
[alma] 4:34:30  896,175/1,000,000  54.4/s  upd=20672  L=0.0263  D=1.369
[alma] 4:34:41  897,881/1,000,000  54.5/s  upd=20706  L=0.0275  D=1.369
[alma] 4:34:52  898,473/1,000,000  54.5/s  upd=20724  L=0.0288  D=1.369
[alma] 4:35:02  899,038/1,000,000  54.5/s  upd=20742  L=0.0331  D=1.369
[alma] 4:35:13  899,686/1,000,000  54.5/s  upd=20759  L=0.0294  D=1.369
[alma] saved resume t_env=900,010
[alma] 4:35:38  900,010/1,000,000  54.4/s  upd=20768  L=0.0277  ev=0/100  D=1.369
[alma] 4:35:49  900,010/1,000,000  54.4/s  upd=20768  L=0.0277  ev=53/100  D=1.369
[alma] 4:35:59  900,010/1,000,000  54.4/s  upd=20768  L=0.0277  ev=98/100  D=1.369
[alma] 4:36:25  900,010/1,000,000  54.3/s  upd=20768  L=0.0277  D=1.418
[alma] 4:36:52  900,010/1,000,000  54.2/s  upd=20768  L=0.0277  D=1.418
[alma] 4:37:02  901,439/1,000,000  54.2/s  upd=20802  L=0.0219  D=1.418
[alma] 4:37:12  902,065/1,000,000  54.2/s  upd=20822  L=0.0323  D=1.418
[alma] 4:37:22  902,679/1,000,000  54.2/s  upd=20837  L=0.0258  D=1.418
[alma] 4:37:32  903,292/1,000,000  54.2/s  upd=20855  L=0.0472  D=1.418
[alma] 4:37:42  904,618/1,000,000  54.3/s  upd=20881  L=0.0265  D=1.418
[alma] 4:37:52  905,945/1,000,000  54.3/s  upd=20916  L=0.0290  D=1.418
[alma] 4:38:02  906,851/1,000,000  54.4/s  upd=20944  L=0.0572  D=1.418
[alma] 4:38:13  907,866/1,000,000  54.4/s  upd=20961  L=0.0329  D=1.418
[alma] 4:38:24  908,501/1,000,000  54.4/s  upd=20979  L=0.0523  D=1.418
[alma] 4:38:35  909,074/1,000,000  54.4/s  upd=20996  L=0.0354  D=1.418
[alma] 4:38:45  909,713/1,000,000  54.4/s  upd=21013  L=0.0351  D=1.418
[alma] 4:38:56  910,293/1,000,000  54.4/s  upd=21030  L=0.0268  D=1.418
[alma] 4:39:07  910,957/1,000,000  54.4/s  upd=21047  L=0.0315  D=1.418
[alma] 4:39:17  911,573/1,000,000  54.4/s  upd=21064  L=0.0281  D=1.418
[alma] 4:39:28  912,171/1,000,000  54.4/s  upd=21080  L=0.0224  D=1.418
[alma] 4:39:38  913,109/1,000,000  54.4/s  upd=21097  L=0.0239  D=1.418
[alma] 4:39:49  914,076/1,000,000  54.4/s  upd=21121  L=0.0340  D=1.418
[alma] 4:39:59  915,262/1,000,000  54.5/s  upd=21155  L=0.0407  D=1.418
[alma] 4:40:09  916,482/1,000,000  54.5/s  upd=21190  L=0.0408  D=1.418
[alma] 4:40:20  917,120/1,000,000  54.5/s  upd=21208  L=0.0265  D=1.418
[alma] 4:40:30  917,691/1,000,000  54.5/s  upd=21224  L=0.0278  D=1.418
[alma] 4:40:41  918,335/1,000,000  54.5/s  upd=21240  L=0.0343  D=1.418
[alma] 4:40:51  918,990/1,000,000  54.5/s  upd=21256  L=0.0257  D=1.418
[alma] 4:41:02  919,971/1,000,000  54.6/s  upd=21274  L=0.0272  D=1.418
[alma] saved resume t_env=920,281
[alma] 4:41:30  920,281/1,000,000  54.5/s  upd=21288  L=0.0371  ev=0/100  D=1.418
[alma] 4:41:41  920,281/1,000,000  54.5/s  upd=21288  L=0.0371  ev=48/100  D=1.418
[alma] 4:41:51  920,281/1,000,000  54.4/s  upd=21288  L=0.0371  ev=88/100  D=1.418
[alma] 4:42:22  920,281/1,000,000  54.3/s  upd=21288  L=0.0371  D=1.516
[alma] 4:42:49  920,281/1,000,000  54.2/s  upd=21288  L=0.0371  D=1.516
[alma] 4:42:59  921,616/1,000,000  54.3/s  upd=21319  L=0.0278  D=1.516
[alma] 4:43:10  922,779/1,000,000  54.3/s  upd=21349  L=0.0233  D=1.516
[alma] 4:43:21  923,364/1,000,000  54.3/s  upd=21368  L=0.0274  D=1.516
[alma] 4:43:31  924,221/1,000,000  54.3/s  upd=21387  L=0.0218  D=1.516
[alma] 4:43:41  925,429/1,000,000  54.4/s  upd=21422  L=0.0259  D=1.516
[alma] 4:43:51  926,665/1,000,000  54.4/s  upd=21456  L=0.0230  D=1.516
[alma] 4:44:01  927,556/1,000,000  54.4/s  upd=21479  L=0.0604  D=1.516
[alma] 4:44:11  928,236/1,000,000  54.4/s  upd=21495  L=0.0253  D=1.516
[alma] 4:44:22  928,933/1,000,000  54.4/s  upd=21511  L=0.0372  D=1.516
[alma] 4:44:32  929,534/1,000,000  54.4/s  upd=21528  L=0.0464  D=1.516
[alma] 4:44:43  930,460/1,000,000  54.5/s  upd=21545  L=0.0369  D=1.516
[alma] 4:44:53  931,123/1,000,000  54.5/s  upd=21561  L=0.0239  D=1.516
[alma] 4:45:03  931,775/1,000,000  54.5/s  upd=21578  L=0.0244  D=1.516
[alma] 4:45:14  932,342/1,000,000  54.5/s  upd=21596  L=0.0296  D=1.516
[alma] 4:45:24  933,537/1,000,000  54.5/s  upd=21632  L=0.0244  D=1.516
[alma] 4:45:34  934,905/1,000,000  54.6/s  upd=21664  L=0.0256  D=1.516
[alma] 4:45:44  936,141/1,000,000  54.6/s  upd=21690  L=0.0290  D=1.516
[alma] 4:45:54  936,774/1,000,000  54.6/s  upd=21705  L=0.0225  D=1.516
[alma] 4:46:05  937,415/1,000,000  54.6/s  upd=21723  L=0.0264  D=1.516
[alma] 4:46:15  937,995/1,000,000  54.6/s  upd=21741  L=0.0314  D=1.516
[alma] 4:46:25  938,678/1,000,000  54.6/s  upd=21759  L=0.0304  D=1.516
[alma] 4:46:36  939,336/1,000,000  54.6/s  upd=21776  L=0.0195  D=1.516
[alma] 4:46:46  939,945/1,000,000  54.6/s  upd=21792  L=0.0452  D=1.516
[alma] saved resume t_env=940,241
[alma] 4:47:10  940,241/1,000,000  54.6/s  upd=21800  L=0.0187  ev=0/100  D=1.516
[alma] 4:47:21  940,241/1,000,000  54.5/s  upd=21800  L=0.0187  ev=49/100  D=1.516
[alma] 4:47:31  940,241/1,000,000  54.5/s  upd=21800  L=0.0187  ev=90/100  D=1.516
[alma] 4:48:01  940,241/1,000,000  54.4/s  upd=21800  L=0.0187  D=1.188
[alma] 4:48:29  940,241/1,000,000  54.3/s  upd=21800  L=0.0187  D=1.188
[alma] 4:48:39  940,941/1,000,000  54.3/s  upd=21816  L=0.0231  D=1.188
[alma] 4:48:49  942,162/1,000,000  54.4/s  upd=21841  L=0.0356  D=1.188
[alma] 4:48:59  943,437/1,000,000  54.4/s  upd=21876  L=0.0277  D=1.188
[alma] 4:49:09  944,104/1,000,000  54.4/s  upd=21893  L=0.0288  D=1.188
[alma] 4:49:20  944,744/1,000,000  54.4/s  upd=21911  L=0.0186  D=1.188
[alma] 4:49:30  945,291/1,000,000  54.4/s  upd=21928  L=0.0222  D=1.188
[alma] 4:49:40  946,845/1,000,000  54.5/s  upd=21961  L=0.0184  D=1.188
[alma] 4:49:50  948,214/1,000,000  54.5/s  upd=21995  L=0.0303  D=1.188
[alma] 4:50:00  949,092/1,000,000  54.5/s  upd=22021  L=0.0209  D=1.188
[alma] 4:50:11  949,735/1,000,000  54.5/s  upd=22039  L=0.0214  D=1.188
[alma] 4:50:21  950,354/1,000,000  54.5/s  upd=22056  L=0.0273  D=1.188
[alma] 4:50:32  951,042/1,000,000  54.6/s  upd=22072  L=0.0309  D=1.188
[alma] 4:50:43  951,682/1,000,000  54.6/s  upd=22088  L=0.0241  D=1.188
[alma] 4:50:53  952,970/1,000,000  54.6/s  upd=22114  L=0.0263  D=1.188
[alma] 4:51:03  954,296/1,000,000  54.6/s  upd=22147  L=0.0293  D=1.188
[alma] 4:51:13  955,504/1,000,000  54.7/s  upd=22182  L=0.0238  D=1.188
[alma] 4:51:23  956,205/1,000,000  54.7/s  upd=22197  L=0.0212  D=1.188
[alma] 4:51:33  956,857/1,000,000  54.7/s  upd=22214  L=0.0268  D=1.188
[alma] 4:51:44  957,524/1,000,000  54.7/s  upd=22231  L=0.0275  D=1.188
[alma] 4:51:55  958,255/1,000,000  54.7/s  upd=22245  L=0.0289  D=1.188
[alma] 4:52:05  958,949/1,000,000  54.7/s  upd=22260  L=0.0233  D=1.188
[alma] 4:52:16  959,677/1,000,000  54.7/s  upd=22279  L=0.0251  D=1.188
[alma] saved resume t_env=960,320
[alma] 4:52:47  960,320/1,000,000  54.7/s  upd=22296  L=0.0260  ev=0/100  D=1.188
[alma] 4:52:57  960,320/1,000,000  54.6/s  upd=22296  L=0.0260  ev=48/100  D=1.188
[alma] 4:53:08  960,320/1,000,000  54.6/s  upd=22296  L=0.0260  ev=96/100  D=1.188
[alma] 4:53:36  960,320/1,000,000  54.5/s  upd=22296  L=0.0260  D=1.693
[alma] 4:54:03  960,320/1,000,000  54.4/s  upd=22296  L=0.0260  D=1.693
[alma] 4:54:14  961,024/1,000,000  54.4/s  upd=22312  L=0.0359  D=1.693
[alma] 4:54:24  961,724/1,000,000  54.4/s  upd=22328  L=0.0224  D=1.693
[alma] 4:54:35  962,345/1,000,000  54.4/s  upd=22344  L=0.0229  D=1.693
[alma] 4:54:45  963,232/1,000,000  54.5/s  upd=22363  L=0.0482  D=1.693
[alma] 4:54:55  964,526/1,000,000  54.5/s  upd=22393  L=0.0400  D=1.693
[alma] 4:55:05  965,821/1,000,000  54.5/s  upd=22428  L=0.0401  D=1.693
[alma] 4:55:16  966,477/1,000,000  54.6/s  upd=22445  L=0.0508  D=1.693
[alma] 4:55:26  967,122/1,000,000  54.6/s  upd=22462  L=0.0313  D=1.693
[alma] 4:55:36  968,079/1,000,000  54.6/s  upd=22488  L=0.0212  D=1.693
[alma] 4:55:46  969,652/1,000,000  54.6/s  upd=22523  L=0.0238  D=1.693
[alma] 4:55:56  970,899/1,000,000  54.7/s  upd=22556  L=0.0291  D=1.693
[alma] 4:56:06  971,531/1,000,000  54.7/s  upd=22571  L=0.0446  D=1.693
[alma] 4:56:16  972,192/1,000,000  54.7/s  upd=22585  L=0.0287  D=1.693
[alma] 4:56:26  973,321/1,000,000  54.7/s  upd=22613  L=0.0362  D=1.693
[alma] 4:56:36  974,633/1,000,000  54.8/s  upd=22648  L=0.0373  D=1.693
[alma] 4:56:46  975,821/1,000,000  54.8/s  upd=22680  L=0.0249  D=1.693
[alma] 4:56:57  976,390/1,000,000  54.8/s  upd=22696  L=0.0348  D=1.693
[alma] 4:57:07  976,997/1,000,000  54.8/s  upd=22712  L=0.0271  D=1.693
[alma] 4:57:18  977,879/1,000,000  54.8/s  upd=22730  L=0.0277  D=1.693
[alma] 4:57:29  978,474/1,000,000  54.8/s  upd=22747  L=0.0236  D=1.693
[alma] 4:57:39  979,114/1,000,000  54.8/s  upd=22764  L=0.0350  D=1.693
[alma] 4:57:50  979,726/1,000,000  54.8/s  upd=22782  L=0.0297  D=1.693
[alma] saved resume t_env=980,034
[alma] 4:58:16  980,034/1,000,000  54.8/s  upd=22792  L=0.0259  ev=0/100  D=1.693
[alma] 4:58:27  980,034/1,000,000  54.7/s  upd=22792  L=0.0259  ev=54/100  D=1.693
[alma] 4:59:03  980,034/1,000,000  54.6/s  upd=22792  L=0.0259  D=1.394
[alma] 4:59:57  980,034/1,000,000  54.5/s  upd=22792  L=0.0259  D=1.394
[alma] 5:00:08  980,592/1,000,000  54.5/s  upd=22808  L=0.0363  D=1.394
[alma] 5:00:18  981,465/1,000,000  54.5/s  upd=22832  L=0.0162  D=1.394
[alma] 5:00:28  983,060/1,000,000  54.5/s  upd=22867  L=0.0288  D=1.394
[alma] 5:00:38  984,086/1,000,000  54.6/s  upd=22892  L=0.0233  D=1.394
[alma] 5:00:49  984,691/1,000,000  54.6/s  upd=22910  L=0.0241  D=1.394
[alma] 5:00:59  985,329/1,000,000  54.6/s  upd=22928  L=0.0203  D=1.394
[alma] 5:01:09  986,920/1,000,000  54.6/s  upd=22961  L=0.0283  D=1.394
[alma] 5:01:19  988,178/1,000,000  54.7/s  upd=22995  L=0.0287  D=1.394
[alma] 5:01:30  989,214/1,000,000  54.7/s  upd=23019  L=0.0320  D=1.394
[alma] 5:01:40  989,889/1,000,000  54.7/s  upd=23037  L=0.0349  D=1.394
[alma] 5:01:51  990,520/1,000,000  54.7/s  upd=23054  L=0.0257  D=1.394
[alma] 5:02:01  991,709/1,000,000  54.7/s  upd=23088  L=0.0331  D=1.394
[alma] 5:02:11  993,015/1,000,000  54.8/s  upd=23120  L=0.0240  D=1.394
[alma] 5:02:22  993,926/1,000,000  54.8/s  upd=23144  L=0.0241  D=1.394
[alma] 5:02:32  994,883/1,000,000  54.8/s  upd=23161  L=0.0266  D=1.394
[alma] 5:02:43  995,490/1,000,000  54.8/s  upd=23180  L=0.0253  D=1.394
[alma] 5:02:53  996,092/1,000,000  54.8/s  upd=23196  L=0.0327  D=1.394
[alma] 5:03:04  996,756/1,000,000  54.8/s  upd=23214  L=0.0253  D=1.394
[alma] 5:03:14  997,362/1,000,000  54.8/s  upd=23232  L=0.0381  D=1.394
[alma] 5:03:25  998,081/1,000,000  54.8/s  upd=23248  L=0.0374  D=1.394
[alma] 5:03:35  999,050/1,000,000  54.8/s  upd=23265  L=0.0395  D=1.394
[alma] 5:03:46  999,354/1,000,000  54.8/s  upd=23280  L=0.0333  D=1.394
[alma] saved resume t_env=1,000,007
[alma] 5:04:16  1,000,007/1,000,000  54.8/s  upd=23296  L=0.0247  ev=0/100  D=1.394
[alma] 5:04:27  1,000,007/1,000,000  54.7/s  upd=23296  L=0.0247  ev=48/100  D=1.394
[alma] 5:04:37  1,000,007/1,000,000  54.7/s  upd=23296  L=0.0247  ev=97/100  D=1.394
[alma] 5:05:05  1,000,007/1,000,000  54.6/s  upd=23296  L=0.0247  D=1.211
[alma] saved resume t_env=1,000,007
