[regir_last] no resume checkpoint; start this arm from step 0
[regir_last] 0:00:10  1,518/1,000,000  144.5/s  upd=2  L=0.0612  D=-
[regir_last] 0:00:20  1,518/1,000,000  73.9/s  upd=8  L=0.0461  D=-
[regir_last] 0:00:32  1,861/1,000,000  56.6/s  upd=16  L=0.0369  D=-
[regir_last] 0:00:44  2,233/1,000,000  49.8/s  upd=19  L=0.0378  D=-
[regir_last] 0:00:55  2,233/1,000,000  40.3/s  upd=24  L=0.0454  D=-
[regir_last] 0:01:05  2,587/1,000,000  39.5/s  upd=29  L=0.0433  D=-
[regir_last] 0:01:19  2,973/1,000,000  37.6/s  upd=34  L=0.0523  D=-
[regir_last] 0:01:30  2,973/1,000,000  33.0/s  upd=39  L=0.0463  D=-
[regir_last] 0:01:40  3,365/1,000,000  33.5/s  upd=43  L=0.0475  D=-
[regir_last] 0:01:51  3,365/1,000,000  30.1/s  upd=48  L=0.0605  D=-
[regir_last] 0:02:02  3,799/1,000,000  31.0/s  upd=50  L=0.0436  D=-
[regir_last] 0:02:12  3,799/1,000,000  28.6/s  upd=54  L=0.0484  D=-
[regir_last] 0:02:22  3,799/1,000,000  26.6/s  upd=56  L=0.0415  D=-
[regir_last] 0:02:33  4,213/1,000,000  27.4/s  upd=60  L=0.0478  D=-
[regir_last] 0:02:43  4,213/1,000,000  25.8/s  upd=64  L=0.0406  D=-
[regir_last] 0:02:55  4,553/1,000,000  26.0/s  upd=68  L=0.0471  D=-
[regir_last] 0:03:05  4,553/1,000,000  24.6/s  upd=72  L=0.0396  D=-
[regir_last] 0:03:17  4,911/1,000,000  24.9/s  upd=75  L=0.0371  D=-
[regir_last] 0:03:27  4,911/1,000,000  23.6/s  upd=80  L=0.0480  D=-
[regir_last] 0:03:37  4,911/1,000,000  22.5/s  upd=80  L=0.0480  D=-
[regir_last] 0:03:48  5,326/1,000,000  23.3/s  upd=83  L=0.0451  D=-
[regir_last] 0:03:59  5,326/1,000,000  22.2/s  upd=88  L=0.0451  D=-
[regir_last] 0:04:09  5,326/1,000,000  21.3/s  upd=88  L=0.0451  D=-
[regir_last] 0:04:19  5,707/1,000,000  22.0/s  upd=92  L=0.0441  D=-
[regir_last] 0:04:30  5,707/1,000,000  21.1/s  upd=96  L=0.0508  D=-
[regir_last] 0:04:42  6,084/1,000,000  21.5/s  upd=97  L=0.0492  D=-
[regir_last] 0:04:53  6,084/1,000,000  20.8/s  upd=102  L=0.0547  D=-
[regir_last] 0:05:03  6,084/1,000,000  20.1/s  upd=104  L=0.0355  D=-
[regir_last] 0:05:14  6,442/1,000,000  20.5/s  upd=105  L=0.0557  D=-
[regir_last] 0:05:25  6,442/1,000,000  19.8/s  upd=112  L=0.0450  D=-
[regir_last] 0:06:45  6,442/1,000,000  15.9/s  upd=112  L=0.0450  D=-
[regir_last] 0:06:56  6,860/1,000,000  16.5/s  upd=117  L=0.0377  D=-
[regir_last] 0:07:06  7,230/1,000,000  17.0/s  upd=123  L=0.0382  D=-
[regir_last] 0:07:16  7,577/1,000,000  17.4/s  upd=129  L=0.0401  D=-
[regir_last] 0:07:27  7,577/1,000,000  16.9/s  upd=135  L=0.0475  D=-
[regir_last] 0:07:39  7,960/1,000,000  17.3/s  upd=137  L=0.0390  D=-
[regir_last] 0:07:50  7,960/1,000,000  16.9/s  upd=142  L=0.0440  D=-
[regir_last] 0:08:01  7,960/1,000,000  16.5/s  upd=144  L=0.0493  D=-
[regir_last] 0:08:12  8,369/1,000,000  17.0/s  upd=147  L=0.0399  D=-
[regir_last] 0:08:24  8,369/1,000,000  16.6/s  upd=152  L=0.0345  D=-
[regir_last] 0:08:34  8,369/1,000,000  16.3/s  upd=152  L=0.0345  D=-
[regir_last] 0:08:44  8,751/1,000,000  16.7/s  upd=156  L=0.0467  D=-
[regir_last] 0:08:54  8,751/1,000,000  16.4/s  upd=160  L=0.0592  D=-
[regir_last] 0:09:05  9,151/1,000,000  16.8/s  upd=163  L=0.0549  D=-
[regir_last] 0:09:16  9,151/1,000,000  16.5/s  upd=167  L=0.0418  D=-
[regir_last] 0:09:26  9,517/1,000,000  16.8/s  upd=169  L=0.0544  D=-
[regir_last] 0:09:38  9,517/1,000,000  16.5/s  upd=173  L=0.0442  D=-
[regir_last] 0:09:48  9,517/1,000,000  16.2/s  upd=176  L=0.0408  D=-
[regir_last] 0:09:59  9,850/1,000,000  16.4/s  upd=180  L=0.0371  D=-
[regir_last] saved resume t_env=9,850
[regir_last] 0:10:10  9,850/1,000,000  16.1/s  upd=184  L=0.0482  D=-
[regir_last] 0:10:22  10,201/1,000,000  16.4/s  upd=188  L=0.0547  D=-
[regir_last] 0:10:32  10,201/1,000,000  16.1/s  upd=192  L=0.0532  D=-
[regir_last] 0:10:43  10,646/1,000,000  16.5/s  upd=195  L=0.0434  D=-
[regir_last] 0:10:53  10,646/1,000,000  16.3/s  upd=200  L=0.0366  D=-
[regir_last] 0:11:03  10,988/1,000,000  16.6/s  upd=202  L=0.0442  D=-
[regir_last] 0:11:14  10,988/1,000,000  16.3/s  upd=207  L=0.0459  D=-
[regir_last] 0:11:24  11,359/1,000,000  16.6/s  upd=210  L=0.0405  D=-
[regir_last] 0:11:35  11,359/1,000,000  16.3/s  upd=216  L=0.0327  D=-
[regir_last] 0:11:46  11,755/1,000,000  16.6/s  upd=217  L=0.0364  D=-
[regir_last] 0:11:59  11,755/1,000,000  16.3/s  upd=223  L=0.0442  D=-
[regir_last] 0:13:43  11,755/1,000,000  14.3/s  upd=224  L=0.0486  D=-
[regir_last] 0:13:54  12,101/1,000,000  14.5/s  upd=232  L=0.0474  D=-
[regir_last] 0:14:04  12,859/1,000,000  15.2/s  upd=241  L=0.0477  D=-
[regir_last] 0:14:14  13,174/1,000,000  15.4/s  upd=250  L=0.0458  D=-
[regir_last] 0:14:24  13,174/1,000,000  15.2/s  upd=256  L=0.0464  D=-
[regir_last] 0:14:35  13,591/1,000,000  15.5/s  upd=262  L=0.0472  D=-
[regir_last] 0:14:47  13,941/1,000,000  15.7/s  upd=267  L=0.0353  D=-
[regir_last] 0:14:57  13,941/1,000,000  15.5/s  upd=272  L=0.0402  D=-
[regir_last] 0:15:09  14,335/1,000,000  15.8/s  upd=277  L=0.0410  D=-
[regir_last] 0:15:19  14,743/1,000,000  16.0/s  upd=281  L=0.0359  D=-
[regir_last] 0:15:29  14,743/1,000,000  15.9/s  upd=288  L=0.0445  D=-
[regir_last] 0:15:39  15,133/1,000,000  16.1/s  upd=293  L=0.0441  D=-
[regir_last] 0:15:50  15,598/1,000,000  16.4/s  upd=297  L=0.0357  D=-
[regir_last] 0:16:00  15,598/1,000,000  16.2/s  upd=302  L=0.0407  D=-
[regir_last] 0:16:11  15,962/1,000,000  16.4/s  upd=307  L=0.0464  D=-
[regir_last] 0:16:22  16,317/1,000,000  16.6/s  upd=313  L=0.0500  D=-
[regir_last] 0:16:33  16,317/1,000,000  16.4/s  upd=319  L=0.0418  D=-
[regir_last] 0:16:43  16,317/1,000,000  16.3/s  upd=320  L=0.0531  D=-
[regir_last] 0:16:55  16,696/1,000,000  16.4/s  upd=325  L=0.0436  D=-
[regir_last] 0:17:05  16,696/1,000,000  16.3/s  upd=328  L=0.0370  D=-
[regir_last] 0:17:15  17,063/1,000,000  16.5/s  upd=331  L=0.0382  D=-
[regir_last] 0:17:25  17,063/1,000,000  16.3/s  upd=336  L=0.0494  D=-
[regir_last] 0:17:36  17,395/1,000,000  16.5/s  upd=340  L=0.0450  D=-
[regir_last] 0:17:46  17,395/1,000,000  16.3/s  upd=344  L=0.0343  D=-
[regir_last] 0:17:57  17,750/1,000,000  16.5/s  upd=346  L=0.0383  D=-
[regir_last] 0:18:07  17,750/1,000,000  16.3/s  upd=351  L=0.0413  D=-
[regir_last] 0:18:17  17,750/1,000,000  16.2/s  upd=352  L=0.0521  D=-
[regir_last] 0:18:28  18,139/1,000,000  16.4/s  upd=354  L=0.0455  D=-
[regir_last] 0:18:38  18,139/1,000,000  16.2/s  upd=359  L=0.0456  D=-
[regir_last] 0:18:48  18,139/1,000,000  16.1/s  upd=360  L=0.0339  D=-
[regir_last] 0:19:00  18,504/1,000,000  16.2/s  upd=364  L=0.0437  D=-
[regir_last] 0:21:07  18,504/1,000,000  14.6/s  upd=368  L=0.0459  D=-
[regir_last] 0:21:19  18,860/1,000,000  14.7/s  upd=372  L=0.0464  D=-
[regir_last] saved resume t_env=18,860
[regir_last] 0:21:29  18,860/1,000,000  14.6/s  upd=376  L=0.0425  D=-
[regir_last] 0:21:40  19,252/1,000,000  14.8/s  upd=380  L=0.0407  D=-
[regir_last] 0:21:50  19,252/1,000,000  14.7/s  upd=384  L=0.0526  D=-
[regir_last] 0:22:03  19,603/1,000,000  14.8/s  upd=387  L=0.0524  D=-
[regir_last] 0:22:13  19,603/1,000,000  14.7/s  upd=392  L=0.0484  D=-
[regir_last] 0:22:25  19,941/1,000,000  14.8/s  upd=397  L=0.0326  D=-
[regir_last] 0:22:35  19,941/1,000,000  14.7/s  upd=400  L=0.0351  D=-
[regir_last] 0:22:46  20,328/1,000,000  14.9/s  upd=404  L=0.0367  D=-
[regir_last] saved resume t_env=20,328
[regir_last] 0:23:11  20,328/1,000,000  14.6/s  upd=408  L=0.0392  ev=0/100  D=-
[regir_last] 0:23:21  20,328/1,000,000  14.5/s  upd=408  L=0.0392  ev=22/100  D=-
[regir_last] 0:23:31  20,328/1,000,000  14.4/s  upd=408  L=0.0392  ev=55/100  D=-
[regir_last] 0:25:54  20,328/1,000,000  13.1/s  upd=408  L=0.0392  D=5.588
[regir_last] 0:26:04  20,328/1,000,000  13.0/s  upd=408  L=0.0392  D=5.588
[regir_last] 0:26:14  20,720/1,000,000  13.2/s  upd=413  L=0.0539  D=5.588
[regir_last] 0:29:04  20,720/1,000,000  11.9/s  upd=416  L=0.0450  D=5.588
[regir_last] 0:29:14  21,142/1,000,000  12.1/s  upd=422  L=0.0314  D=5.588
[regir_last] 0:29:25  21,527/1,000,000  12.2/s  upd=427  L=0.0379  D=5.588
[regir_last] 0:29:36  21,867/1,000,000  12.3/s  upd=433  L=0.0264  D=5.588
[regir_last] 0:29:47  21,867/1,000,000  12.2/s  upd=439  L=0.0390  D=5.588
[regir_last] 0:29:59  22,245/1,000,000  12.4/s  upd=442  L=0.0495  D=5.588
[regir_last] 0:30:10  22,245/1,000,000  12.3/s  upd=447  L=0.0395  D=5.588
[regir_last] 0:30:21  22,593/1,000,000  12.4/s  upd=452  L=0.0301  D=5.588
[regir_last] 0:30:34  22,936/1,000,000  12.5/s  upd=457  L=0.0391  D=5.588
[regir_last] 0:30:45  22,936/1,000,000  12.4/s  upd=463  L=0.0403  D=5.588
[regir_last] 0:30:55  23,311/1,000,000  12.6/s  upd=466  L=0.0482  D=5.588
[regir_last] 0:31:06  23,311/1,000,000  12.5/s  upd=470  L=0.0514  D=5.588
[regir_last] 0:31:17  23,671/1,000,000  12.6/s  upd=474  L=0.0241  D=5.588
[regir_last] 0:31:27  23,671/1,000,000  12.5/s  upd=478  L=0.0365  D=5.588
[regir_last] 0:31:38  24,032/1,000,000  12.7/s  upd=481  L=0.0388  D=5.588
[regir_last] 0:31:48  24,032/1,000,000  12.6/s  upd=485  L=0.0453  D=5.588
[regir_last] 0:31:58  24,032/1,000,000  12.5/s  upd=488  L=0.0411  D=5.588
[regir_last] 0:32:08  24,425/1,000,000  12.7/s  upd=492  L=0.0328  D=5.588
[regir_last] 0:32:18  24,425/1,000,000  12.6/s  upd=496  L=0.0370  D=5.588
[regir_last] 0:32:29  24,804/1,000,000  12.7/s  upd=498  L=0.0455  D=5.588
[regir_last] 0:32:39  24,804/1,000,000  12.7/s  upd=504  L=0.0473  D=5.588
[regir_last] 0:32:51  25,125/1,000,000  12.7/s  upd=506  L=0.0303  D=5.588
[regir_last] saved resume t_env=25,125
[regir_last] 0:33:01  25,125/1,000,000  12.7/s  upd=512  L=0.0431  D=5.588
[regir_last] 0:33:12  25,498/1,000,000  12.8/s  upd=513  L=0.0377  D=5.588
[regir_last] 0:33:23  25,498/1,000,000  12.7/s  upd=519  L=0.0380  D=5.588
[regir_last] 0:33:33  25,498/1,000,000  12.7/s  upd=520  L=0.0414  D=5.588
[regir_last] 0:33:44  25,859/1,000,000  12.8/s  upd=525  L=0.0433  D=5.588
[regir_last] 0:33:54  25,859/1,000,000  12.7/s  upd=528  L=0.0434  D=5.588
[regir_last] 0:34:04  25,859/1,000,000  12.6/s  upd=528  L=0.0434  D=5.588
[regir_last] 0:34:17  26,292/1,000,000  12.8/s  upd=533  L=0.0360  D=5.588
[regir_last] 0:35:59  26,292/1,000,000  12.2/s  upd=536  L=0.0455  D=5.588
[regir_last] 0:36:10  27,014/1,000,000  12.4/s  upd=548  L=0.0392  D=5.588
[regir_last] 0:36:20  27,388/1,000,000  12.6/s  upd=557  L=0.0394  D=5.588
[regir_last] 0:36:30  27,800/1,000,000  12.7/s  upd=565  L=0.0452  D=5.588
[regir_last] 0:36:41  28,320/1,000,000  12.9/s  upd=571  L=0.0444  D=5.588
[regir_last] 0:36:52  28,736/1,000,000  13.0/s  upd=577  L=0.0481  D=5.588
[regir_last] 0:37:02  28,736/1,000,000  12.9/s  upd=582  L=0.0471  D=5.588
[regir_last] 0:37:14  29,074/1,000,000  13.0/s  upd=588  L=0.0415  D=5.588
[regir_last] 0:37:24  29,074/1,000,000  13.0/s  upd=592  L=0.0367  D=5.588
[regir_last] 0:37:35  29,429/1,000,000  13.0/s  upd=598  L=0.0413  D=5.588
[regir_last] 0:37:46  29,812/1,000,000  13.2/s  upd=604  L=0.0379  D=5.588
[regir_last] 0:37:57  30,140/1,000,000  13.2/s  upd=611  L=0.0502  D=5.588
[regir_last] 0:38:07  30,537/1,000,000  13.3/s  upd=617  L=0.0425  D=5.588
[regir_last] 0:38:17  30,537/1,000,000  13.3/s  upd=624  L=0.0477  D=5.588
[regir_last] 0:38:28  30,921/1,000,000  13.4/s  upd=628  L=0.0244  D=5.588
[regir_last] 0:38:40  31,296/1,000,000  13.5/s  upd=633  L=0.0424  D=5.588
[regir_last] 0:38:50  31,296/1,000,000  13.4/s  upd=639  L=0.0269  D=5.588
[regir_last] 0:39:00  31,650/1,000,000  13.5/s  upd=641  L=0.0405  D=5.588
[regir_last] 0:39:12  31,650/1,000,000  13.5/s  upd=647  L=0.0382  D=5.588
[regir_last] 0:39:22  32,084/1,000,000  13.6/s  upd=651  L=0.0473  D=5.588
[regir_last] 0:39:32  32,084/1,000,000  13.5/s  upd=656  L=0.0382  D=5.588
[regir_last] 0:39:43  32,475/1,000,000  13.6/s  upd=662  L=0.0433  D=5.588
[regir_last] 0:39:54  32,852/1,000,000  13.7/s  upd=667  L=0.0463  D=5.588
[regir_last] 0:40:06  33,277/1,000,000  13.8/s  upd=673  L=0.0422  D=5.588
[regir_last] 0:40:18  33,277/1,000,000  13.8/s  upd=679  L=0.0404  D=5.588
[regir_last] 0:40:29  33,620/1,000,000  13.8/s  upd=684  L=0.0418  D=5.588
[regir_last] 0:40:40  33,620/1,000,000  13.8/s  upd=688  L=0.0354  D=5.588
[regir_last] 0:40:50  33,976/1,000,000  13.9/s  upd=694  L=0.0381  D=5.588
[regir_last] 0:41:00  34,348/1,000,000  14.0/s  upd=699  L=0.0380  D=5.588
[regir_last] 0:45:01  34,348/1,000,000  12.7/s  upd=704  L=0.0441  D=5.588
[regir_last] 0:45:12  34,744/1,000,000  12.8/s  upd=712  L=0.0440  D=5.588
[regir_last] saved resume t_env=34,744
[regir_last] 0:45:23  35,157/1,000,000  12.9/s  upd=719  L=0.0371  D=5.588
[regir_last] 0:45:34  35,591/1,000,000  13.0/s  upd=725  L=0.0397  D=5.588
[regir_last] 0:45:44  35,591/1,000,000  13.0/s  upd=728  L=0.0572  D=5.588
[regir_last] 0:45:56  36,016/1,000,000  13.1/s  upd=731  L=0.0457  D=5.588
[regir_last] 0:46:06  36,016/1,000,000  13.0/s  upd=736  L=0.0443  D=5.588
[regir_last] 0:46:17  36,390/1,000,000  13.1/s  upd=740  L=0.0485  D=5.588
[regir_last] 0:46:27  36,390/1,000,000  13.1/s  upd=744  L=0.0339  D=5.588
[regir_last] 0:46:38  36,763/1,000,000  13.1/s  upd=749  L=0.0360  D=5.588
[regir_last] 0:46:48  36,763/1,000,000  13.1/s  upd=752  L=0.0417  D=5.588
[regir_last] 0:46:58  37,182/1,000,000  13.2/s  upd=756  L=0.0388  D=5.588
[regir_last] 0:47:08  37,182/1,000,000  13.1/s  upd=760  L=0.0450  D=5.588
[regir_last] 0:47:21  37,607/1,000,000  13.2/s  upd=767  L=0.0420  D=5.588
[regir_last] 0:47:31  37,607/1,000,000  13.2/s  upd=768  L=0.0475  D=5.588
[regir_last] 0:47:42  37,964/1,000,000  13.3/s  upd=773  L=0.0598  D=5.588
[regir_last] 0:47:52  37,964/1,000,000  13.2/s  upd=776  L=0.0428  D=5.588
[regir_last] 0:48:02  37,964/1,000,000  13.2/s  upd=776  L=0.0428  D=5.588
[regir_last] 0:48:13  38,335/1,000,000  13.2/s  upd=780  L=0.0426  D=5.588
[regir_last] 0:48:24  38,335/1,000,000  13.2/s  upd=784  L=0.0508  D=5.588
[regir_last] 0:48:36  38,715/1,000,000  13.3/s  upd=785  L=0.0441  D=5.588
[regir_last] 0:48:48  38,715/1,000,000  13.2/s  upd=790  L=0.0421  D=5.588
[regir_last] 0:48:58  38,715/1,000,000  13.2/s  upd=792  L=0.0457  D=5.588
[regir_last] 0:49:09  39,238/1,000,000  13.3/s  upd=794  L=0.0470  D=5.588
[regir_last] 0:49:19  39,238/1,000,000  13.3/s  upd=799  L=0.0457  D=5.588
[regir_last] 0:49:30  39,620/1,000,000  13.3/s  upd=802  L=0.0358  D=5.588
[regir_last] 0:49:40  39,620/1,000,000  13.3/s  upd=807  L=0.0292  D=5.588
[regir_last] 0:49:50  39,620/1,000,000  13.2/s  upd=808  L=0.0326  D=5.588
[regir_last] 0:50:01  40,024/1,000,000  13.3/s  upd=813  L=0.0243  D=5.588
[regir_last] saved resume t_env=40,024
[regir_last] 0:50:26  40,024/1,000,000  13.2/s  upd=816  L=0.0466  ev=0/100  D=5.588
[regir_last] 0:50:36  40,024/1,000,000  13.2/s  upd=816  L=0.0466  ev=8/100  D=5.588
[regir_last] 0:50:46  40,024/1,000,000  13.1/s  upd=816  L=0.0466  ev=32/100  D=5.588
[regir_last] 0:50:56  40,024/1,000,000  13.1/s  upd=816  L=0.0466  ev=55/100  D=5.588
[regir_last] 0:51:06  40,024/1,000,000  13.1/s  upd=816  L=0.0466  ev=63/100  D=5.588
[regir_last] 0:51:16  40,024/1,000,000  13.0/s  upd=816  L=0.0466  ev=79/100  D=5.588
[regir_last] 0:51:27  40,024/1,000,000  13.0/s  upd=816  L=0.0466  ev=88/100  D=5.588
[regir_last] 0:51:37  40,024/1,000,000  12.9/s  upd=816  L=0.0466  ev=95/100  D=5.588
[regir_last] 0:52:57  40,024/1,000,000  12.6/s  upd=816  L=0.0466  D=5.245
[regir_last] 0:55:08  40,024/1,000,000  12.1/s  upd=816  L=0.0466  D=5.245
[regir_last] 0:55:19  40,379/1,000,000  12.2/s  upd=820  L=0.0489  D=5.245
[regir_last] 0:55:29  40,379/1,000,000  12.1/s  upd=824  L=0.0270  D=5.245
[regir_last] 0:55:40  40,789/1,000,000  12.2/s  upd=826  L=0.0332  D=5.245
[regir_last] 0:55:50  40,789/1,000,000  12.2/s  upd=831  L=0.0489  D=5.245
[regir_last] 0:56:01  41,164/1,000,000  12.2/s  upd=834  L=0.0431  D=5.245
[regir_last] 0:56:11  41,164/1,000,000  12.2/s  upd=840  L=0.0426  D=5.245
[regir_last] 0:56:23  41,565/1,000,000  12.3/s  upd=844  L=0.0506  D=5.245
[regir_last] 0:56:33  41,565/1,000,000  12.2/s  upd=848  L=0.0380  D=5.245
[regir_last] 0:56:44  42,002/1,000,000  12.3/s  upd=853  L=0.0370  D=5.245
[regir_last] 0:56:56  42,336/1,000,000  12.4/s  upd=858  L=0.0522  D=5.245
[regir_last] 0:57:07  42,698/1,000,000  12.5/s  upd=865  L=0.0451  D=5.245
[regir_last] 0:57:18  42,698/1,000,000  12.4/s  upd=871  L=0.0469  D=5.245
[regir_last] 0:57:29  43,049/1,000,000  12.5/s  upd=876  L=0.0386  D=5.245
[regir_last] 0:57:41  43,410/1,000,000  12.5/s  upd=882  L=0.0542  D=5.245
[regir_last] 0:57:53  43,410/1,000,000  12.5/s  upd=888  L=0.0376  D=5.245
[regir_last] 0:58:05  43,744/1,000,000  12.6/s  upd=895  L=0.0448  D=5.245
[regir_last] 0:58:15  44,114/1,000,000  12.6/s  upd=900  L=0.0452  D=5.245
[regir_last] 0:58:27  44,466/1,000,000  12.7/s  upd=905  L=0.0430  D=5.245
[regir_last] 0:58:38  44,466/1,000,000  12.6/s  upd=910  L=0.0441  D=5.245
[regir_last] 0:58:49  44,850/1,000,000  12.7/s  upd=916  L=0.0446  D=5.245
[regir_last] 0:59:00  44,850/1,000,000  12.7/s  upd=920  L=0.0414  D=5.245
[regir_last] 0:59:10  45,293/1,000,000  12.8/s  upd=924  L=0.0480  D=5.245
[regir_last] 0:59:20  45,649/1,000,000  12.8/s  upd=931  L=0.0402  D=5.245
[regir_last] 0:59:31  45,989/1,000,000  12.9/s  upd=942  L=0.0329  D=5.245
[regir_last] 0:59:41  46,335/1,000,000  12.9/s  upd=950  L=0.0400  D=5.245
[regir_last] 0:59:51  46,767/1,000,000  13.0/s  upd=958  L=0.0443  D=5.245
[regir_last] 1:00:01  47,140/1,000,000  13.1/s  upd=968  L=0.0516  D=5.245
[regir_last] saved resume t_env=47,466
[regir_last] 1:03:41  47,466/1,000,000  12.4/s  upd=976  L=0.0528  D=5.245
[regir_last] 1:03:51  47,466/1,000,000  12.4/s  upd=976  L=0.0528  D=5.245
[regir_last] 1:04:04  47,885/1,000,000  12.5/s  upd=977  L=0.0498  D=5.245
[regir_last] 1:04:14  47,885/1,000,000  12.4/s  upd=983  L=0.0522  D=5.245
[regir_last] 1:04:24  47,885/1,000,000  12.4/s  upd=984  L=0.0455  D=5.245
[regir_last] 1:04:35  48,240/1,000,000  12.4/s  upd=988  L=0.0428  D=5.245
[regir_last] 1:04:47  48,240/1,000,000  12.4/s  upd=992  L=0.0377  D=5.245
[regir_last] 1:04:58  48,583/1,000,000  12.5/s  upd=994  L=0.0315  D=5.245
[regir_last] 1:05:11  48,583/1,000,000  12.4/s  upd=1000  L=0.0369  D=5.245
[regir_last] 1:05:21  48,941/1,000,000  12.5/s  upd=1002  L=0.0403  D=5.245
[regir_last] 1:05:32  48,941/1,000,000  12.4/s  upd=1008  L=0.0400  D=5.245
[regir_last] 1:05:44  49,281/1,000,000  12.5/s  upd=1010  L=0.0389  D=5.245
[regir_last] 1:05:54  49,281/1,000,000  12.5/s  upd=1015  L=0.0378  D=5.245
[regir_last] 1:06:04  49,281/1,000,000  12.4/s  upd=1016  L=0.0381  D=5.245
[regir_last] 1:06:15  49,753/1,000,000  12.5/s  upd=1019  L=0.0429  D=5.245
[regir_last] 1:06:25  49,753/1,000,000  12.5/s  upd=1024  L=0.0420  D=5.245
[regir_last] 1:06:35  50,091/1,000,000  12.5/s  upd=1027  L=0.0508  D=5.245
[regir_last] 1:06:47  50,091/1,000,000  12.5/s  upd=1031  L=0.0381  D=5.245
[regir_last] 1:06:57  50,472/1,000,000  12.6/s  upd=1034  L=0.0456  D=5.245
[regir_last] 1:07:08  50,472/1,000,000  12.5/s  upd=1039  L=0.0490  D=5.245
[regir_last] 1:07:19  50,819/1,000,000  12.6/s  upd=1044  L=0.0476  D=5.245
[regir_last] 1:07:30  51,188/1,000,000  12.6/s  upd=1050  L=0.0475  D=5.245
[regir_last] 1:07:40  51,188/1,000,000  12.6/s  upd=1056  L=0.0348  D=5.245
[regir_last] 1:07:51  51,608/1,000,000  12.7/s  upd=1063  L=0.0537  D=5.245
[regir_last] 1:08:01  52,006/1,000,000  12.7/s  upd=1068  L=0.0354  D=5.245
[regir_last] 1:08:11  52,006/1,000,000  12.7/s  upd=1072  L=0.0334  D=5.245
[regir_last] 1:08:22  52,359/1,000,000  12.8/s  upd=1076  L=0.0528  D=5.245
[regir_last] 1:08:32  52,359/1,000,000  12.7/s  upd=1080  L=0.0435  D=5.245
[regir_last] 1:08:44  52,696/1,000,000  12.8/s  upd=1081  L=0.0320  D=5.245
[regir_last] 1:08:56  52,696/1,000,000  12.7/s  upd=1085  L=0.0452  D=5.245
[regir_last] 1:10:07  52,696/1,000,000  12.5/s  upd=1088  L=0.0448  D=5.245
[regir_last] 1:10:17  52,696/1,000,000  12.5/s  upd=1088  L=0.0448  D=5.245
[regir_last] 1:10:29  53,079/1,000,000  12.5/s  upd=1094  L=0.0331  D=5.245
[regir_last] saved resume t_env=53,079
[regir_last] 1:10:40  53,079/1,000,000  12.5/s  upd=1096  L=0.0380  D=5.245
[regir_last] 1:10:52  53,420/1,000,000  12.6/s  upd=1099  L=0.0360  D=5.245
[regir_last] 1:11:03  53,420/1,000,000  12.5/s  upd=1104  L=0.0350  D=5.245
[regir_last] 1:11:14  53,764/1,000,000  12.6/s  upd=1108  L=0.0436  D=5.245
[regir_last] 1:11:24  53,764/1,000,000  12.5/s  upd=1112  L=0.0437  D=5.245
[regir_last] 1:11:35  54,151/1,000,000  12.6/s  upd=1117  L=0.0339  D=5.245
[regir_last] 1:11:47  54,505/1,000,000  12.7/s  upd=1123  L=0.0489  D=5.245
[regir_last] 1:11:57  54,505/1,000,000  12.6/s  upd=1128  L=0.0308  D=5.245
[regir_last] 1:12:08  54,846/1,000,000  12.7/s  upd=1133  L=0.0452  D=5.245
[regir_last] 1:12:18  54,846/1,000,000  12.6/s  upd=1136  L=0.0504  D=5.245
[regir_last] 1:12:28  55,255/1,000,000  12.7/s  upd=1142  L=0.0343  D=5.245
[regir_last] 1:12:39  55,556/1,000,000  12.7/s  upd=1146  L=0.0401  D=5.245
[regir_last] 1:12:50  55,556/1,000,000  12.7/s  upd=1151  L=0.0499  D=5.245
[regir_last] 1:13:03  55,897/1,000,000  12.8/s  upd=1154  L=0.0341  D=5.245
[regir_last] 1:13:14  55,897/1,000,000  12.7/s  upd=1160  L=0.0490  D=5.245
[regir_last] 1:13:26  56,299/1,000,000  12.8/s  upd=1164  L=0.0711  D=5.245
[regir_last] 1:13:36  56,299/1,000,000  12.7/s  upd=1168  L=0.0415  D=5.245
[regir_last] 1:13:47  56,678/1,000,000  12.8/s  upd=1173  L=0.0339  D=5.245
[regir_last] 1:13:58  57,080/1,000,000  12.9/s  upd=1178  L=0.0417  D=5.245
[regir_last] 1:14:08  57,080/1,000,000  12.8/s  upd=1184  L=0.0370  D=5.245
[regir_last] 1:14:18  57,433/1,000,000  12.9/s  upd=1191  L=0.0312  D=5.245
[regir_last] 1:14:29  57,760/1,000,000  12.9/s  upd=1197  L=0.0322  D=5.245
[regir_last] 1:14:40  58,119/1,000,000  13.0/s  upd=1205  L=0.0440  D=5.245
[regir_last] 1:14:50  58,556/1,000,000  13.0/s  upd=1212  L=0.0342  D=5.245
[regir_last] 1:15:00  58,556/1,000,000  13.0/s  upd=1216  L=0.0436  D=5.245
[regir_last] 1:15:11  58,949/1,000,000  13.1/s  upd=1220  L=0.0417  D=5.245
[regir_last] 1:17:35  58,949/1,000,000  12.7/s  upd=1224  L=0.0361  D=5.245
[regir_last] 1:17:46  59,305/1,000,000  12.7/s  upd=1226  L=0.0363  D=5.245
[regir_last] 1:17:57  59,305/1,000,000  12.7/s  upd=1231  L=0.0277  D=5.245
[regir_last] 1:18:07  59,305/1,000,000  12.7/s  upd=1232  L=0.0483  D=5.245
[regir_last] 1:18:18  59,634/1,000,000  12.7/s  upd=1237  L=0.0530  D=5.245
[regir_last] 1:18:28  59,634/1,000,000  12.7/s  upd=1240  L=0.0519  D=5.245
[regir_last] 1:18:41  60,000/1,000,000  12.7/s  upd=1244  L=0.0522  D=5.245
[regir_last] saved resume t_env=60,000
[regir_last] 1:19:07  60,000/1,000,000  12.6/s  upd=1248  L=0.0387  ev=0/100  D=5.245
[regir_last] 1:19:17  60,000/1,000,000  12.6/s  upd=1248  L=0.0387  ev=8/100  D=5.245
[regir_last] 1:19:27  60,000/1,000,000  12.6/s  upd=1248  L=0.0387  ev=15/100  D=5.245
[regir_last] 1:19:37  60,000/1,000,000  12.6/s  upd=1248  L=0.0387  ev=23/100  D=5.245
[regir_last] 1:19:47  60,000/1,000,000  12.5/s  upd=1248  L=0.0387  ev=26/100  D=5.245
[regir_last] 1:19:57  60,000/1,000,000  12.5/s  upd=1248  L=0.0387  ev=35/100  D=5.245
[regir_last] 1:20:07  60,000/1,000,000  12.5/s  upd=1248  L=0.0387  ev=40/100  D=5.245
[regir_last] 1:20:17  60,000/1,000,000  12.5/s  upd=1248  L=0.0387  ev=56/100  D=5.245
[regir_last] 1:20:27  60,000/1,000,000  12.4/s  upd=1248  L=0.0387  ev=71/100  D=5.245
[regir_last] 1:20:37  60,000/1,000,000  12.4/s  upd=1248  L=0.0387  ev=80/100  D=5.245
[regir_last] 1:20:47  60,000/1,000,000  12.4/s  upd=1248  L=0.0387  ev=88/100  D=5.245
[regir_last] 1:23:31  60,000/1,000,000  12.0/s  upd=1248  L=0.0387  D=4.586
[regir_last] 1:25:40  60,000/1,000,000  11.7/s  upd=1248  L=0.0387  D=4.586
[regir_last] 1:25:50  60,000/1,000,000  11.6/s  upd=1248  L=0.0387  D=4.586
[regir_last] 1:26:02  60,423/1,000,000  11.7/s  upd=1252  L=0.0600  D=4.586
[regir_last] 1:26:12  60,423/1,000,000  11.7/s  upd=1256  L=0.0342  D=4.586
[regir_last] 1:26:22  60,771/1,000,000  11.7/s  upd=1259  L=0.0478  D=4.586
[regir_last] 1:26:33  60,771/1,000,000  11.7/s  upd=1263  L=0.0294  D=4.586
[regir_last] 1:26:44  61,096/1,000,000  11.7/s  upd=1267  L=0.0467  D=4.586
[regir_last] 1:26:54  61,096/1,000,000  11.7/s  upd=1272  L=0.0478  D=4.586
[regir_last] 1:27:05  61,456/1,000,000  11.8/s  upd=1274  L=0.0343  D=4.586
[regir_last] 1:27:15  61,456/1,000,000  11.7/s  upd=1280  L=0.0492  D=4.586
[regir_last] 1:27:25  61,456/1,000,000  11.7/s  upd=1280  L=0.0492  D=4.586
[regir_last] 1:27:36  61,868/1,000,000  11.8/s  upd=1285  L=0.0380  D=4.586
[regir_last] 1:27:47  61,868/1,000,000  11.7/s  upd=1288  L=0.0436  D=4.586
[regir_last] 1:27:57  62,274/1,000,000  11.8/s  upd=1291  L=0.0367  D=4.586
[regir_last] 1:28:08  62,274/1,000,000  11.8/s  upd=1296  L=0.0379  D=4.586
[regir_last] 1:28:18  62,678/1,000,000  11.8/s  upd=1298  L=0.0326  D=4.586
[regir_last] 1:28:28  62,678/1,000,000  11.8/s  upd=1304  L=0.0329  D=4.586
[regir_last] 1:28:38  62,678/1,000,000  11.8/s  upd=1304  L=0.0329  D=4.586
[regir_last] 1:28:52  63,063/1,000,000  11.8/s  upd=1309  L=0.0529  D=4.586
[regir_last] saved resume t_env=63,063
[regir_last] 1:29:02  63,063/1,000,000  11.8/s  upd=1312  L=0.0296  D=4.586
[regir_last] 1:29:12  63,458/1,000,000  11.9/s  upd=1318  L=0.0367  D=4.586
[regir_last] 1:29:22  63,830/1,000,000  11.9/s  upd=1323  L=0.0400  D=4.586
[regir_last] 1:29:34  64,250/1,000,000  12.0/s  upd=1329  L=0.0636  D=4.586
[regir_last] 1:29:44  64,250/1,000,000  11.9/s  upd=1335  L=0.0406  D=4.586
[regir_last] 1:29:55  64,582/1,000,000  12.0/s  upd=1341  L=0.0525  D=4.586
[regir_last] 1:30:05  64,906/1,000,000  12.0/s  upd=1348  L=0.0394  D=4.586
[regir_last] 1:30:16  65,270/1,000,000  12.1/s  upd=1356  L=0.0436  D=4.586
[regir_last] 1:30:26  65,649/1,000,000  12.1/s  upd=1362  L=0.0332  D=4.586
[regir_last] 1:30:36  66,008/1,000,000  12.1/s  upd=1369  L=0.0480  D=4.586
[regir_last] 1:32:38  66,008/1,000,000  11.9/s  upd=1376  L=0.0392  D=4.586
[regir_last] 1:32:49  66,368/1,000,000  11.9/s  upd=1378  L=0.0358  D=4.586
[regir_last] 1:33:01  66,368/1,000,000  11.9/s  upd=1384  L=0.0486  D=4.586
[regir_last] 1:33:12  66,728/1,000,000  11.9/s  upd=1387  L=0.0528  D=4.586
[regir_last] 1:33:22  66,728/1,000,000  11.9/s  upd=1392  L=0.0315  D=4.586
[regir_last] 1:33:33  67,087/1,000,000  12.0/s  upd=1396  L=0.0377  D=4.586
[regir_last] 1:33:43  67,087/1,000,000  11.9/s  upd=1400  L=0.0565  D=4.586
[regir_last] 1:33:56  67,483/1,000,000  12.0/s  upd=1405  L=0.0399  D=4.586
[regir_last] 1:34:06  67,483/1,000,000  12.0/s  upd=1408  L=0.0458  D=4.586
[regir_last] 1:34:17  67,835/1,000,000  12.0/s  upd=1409  L=0.0359  D=4.586
[regir_last] 1:34:27  67,835/1,000,000  12.0/s  upd=1414  L=0.0339  D=4.586
[regir_last] 1:34:38  67,835/1,000,000  11.9/s  upd=1416  L=0.0560  D=4.586
[regir_last] 1:34:49  68,169/1,000,000  12.0/s  upd=1420  L=0.0439  D=4.586
[regir_last] 1:34:59  68,169/1,000,000  12.0/s  upd=1424  L=0.0465  D=4.586
[regir_last] 1:35:10  68,508/1,000,000  12.0/s  upd=1425  L=0.0385  D=4.586
[regir_last] 1:35:21  68,508/1,000,000  12.0/s  upd=1430  L=0.0511  D=4.586
[regir_last] 1:35:31  68,508/1,000,000  12.0/s  upd=1432  L=0.0653  D=4.586
[regir_last] 1:35:42  68,920/1,000,000  12.0/s  upd=1436  L=0.0319  D=4.586
[regir_last] 1:35:52  68,920/1,000,000  12.0/s  upd=1440  L=0.0421  D=4.586
[regir_last] 1:36:02  69,347/1,000,000  12.0/s  upd=1442  L=0.0558  D=4.586
[regir_last] 1:36:14  69,347/1,000,000  12.0/s  upd=1448  L=0.0316  D=4.586
[regir_last] 1:36:24  69,347/1,000,000  12.0/s  upd=1448  L=0.0316  D=4.586
[regir_last] 1:36:36  69,724/1,000,000  12.0/s  upd=1452  L=0.0344  D=4.586
[regir_last] 1:36:46  69,724/1,000,000  12.0/s  upd=1456  L=0.0471  D=4.586
[regir_last] 1:36:56  70,121/1,000,000  12.1/s  upd=1460  L=0.0309  D=4.586
[regir_last] 1:37:06  70,121/1,000,000  12.0/s  upd=1464  L=0.0495  D=4.586
[regir_last] 1:37:18  70,491/1,000,000  12.1/s  upd=1468  L=0.0392  D=4.586
[regir_last] 1:37:28  70,491/1,000,000  12.1/s  upd=1472  L=0.0459  D=4.586
[regir_last] 1:37:40  70,890/1,000,000  12.1/s  upd=1474  L=0.0458  D=4.586
[regir_last] 1:37:52  70,890/1,000,000  12.1/s  upd=1480  L=0.0369  D=4.586
[regir_last] 1:39:07  70,890/1,000,000  11.9/s  upd=1480  L=0.0369  D=4.586
[regir_last] 1:39:19  71,254/1,000,000  12.0/s  upd=1483  L=0.0452  D=4.586
[regir_last] 1:39:30  71,254/1,000,000  11.9/s  upd=1487  L=0.0424  D=4.586
[regir_last] saved resume t_env=71,254
[regir_last] 1:39:40  71,627/1,000,000  12.0/s  upd=1491  L=0.0523  D=4.586
[regir_last] 1:39:51  71,627/1,000,000  12.0/s  upd=1496  L=0.0416  D=4.586
[regir_last] 1:40:02  71,972/1,000,000  12.0/s  upd=1499  L=0.0423  D=4.586
[regir_last] 1:40:13  71,972/1,000,000  12.0/s  upd=1504  L=0.0451  D=4.586
[regir_last] 1:40:23  72,329/1,000,000  12.0/s  upd=1507  L=0.0473  D=4.586
[regir_last] 1:40:35  72,329/1,000,000  12.0/s  upd=1512  L=0.0373  D=4.586
[regir_last] 1:40:46  72,680/1,000,000  12.0/s  upd=1517  L=0.0364  D=4.586
[regir_last] 1:40:56  72,680/1,000,000  12.0/s  upd=1520  L=0.0357  D=4.586
[regir_last] 1:41:08  73,099/1,000,000  12.0/s  upd=1525  L=0.0316  D=4.586
[regir_last] 1:41:18  73,099/1,000,000  12.0/s  upd=1528  L=0.0381  D=4.586
[regir_last] 1:41:29  73,425/1,000,000  12.1/s  upd=1531  L=0.0442  D=4.586
[regir_last] 1:41:40  73,425/1,000,000  12.0/s  upd=1536  L=0.0419  D=4.586
[regir_last] 1:41:53  73,781/1,000,000  12.1/s  upd=1539  L=0.0475  D=4.586
[regir_last] 1:42:05  73,781/1,000,000  12.0/s  upd=1543  L=0.0503  D=4.586
[regir_last] 1:42:15  74,198/1,000,000  12.1/s  upd=1544  L=0.0439  D=4.586
[regir_last] 1:42:26  74,198/1,000,000  12.1/s  upd=1549  L=0.0386  D=4.586
[regir_last] 1:42:36  74,198/1,000,000  12.1/s  upd=1552  L=0.0406  D=4.586
[regir_last] 1:42:46  74,561/1,000,000  12.1/s  upd=1556  L=0.0324  D=4.586
[regir_last] 1:42:56  74,561/1,000,000  12.1/s  upd=1560  L=0.0466  D=4.586
[regir_last] 1:43:08  74,971/1,000,000  12.1/s  upd=1561  L=0.0482  D=4.586
[regir_last] 1:43:18  74,971/1,000,000  12.1/s  upd=1565  L=0.0505  D=4.586
[regir_last] 1:43:30  75,312/1,000,000  12.1/s  upd=1570  L=0.0544  D=4.586
[regir_last] 1:43:40  75,312/1,000,000  12.1/s  upd=1576  L=0.0321  D=4.586
[regir_last] 1:43:51  75,715/1,000,000  12.2/s  upd=1577  L=0.0429  D=4.586
[regir_last] 1:44:01  75,715/1,000,000  12.1/s  upd=1582  L=0.0314  D=4.586
[regir_last] 1:44:12  76,129/1,000,000  12.2/s  upd=1586  L=0.0390  D=4.586
[regir_last] 1:44:22  76,129/1,000,000  12.2/s  upd=1591  L=0.0412  D=4.586
[regir_last] 1:46:40  76,129/1,000,000  11.9/s  upd=1592  L=0.0373  D=4.586
[regir_last] 1:46:51  76,816/1,000,000  12.0/s  upd=1601  L=0.0464  D=4.586
[regir_last] 1:47:02  77,152/1,000,000  12.0/s  upd=1611  L=0.0506  D=4.586
[regir_last] 1:47:13  77,516/1,000,000  12.0/s  upd=1622  L=0.0327  D=4.586
[regir_last] 1:47:23  77,892/1,000,000  12.1/s  upd=1632  L=0.0408  D=4.586
[regir_last] 1:47:34  78,624/1,000,000  12.2/s  upd=1641  L=0.0461  D=4.586
[regir_last] 1:47:44  78,984/1,000,000  12.2/s  upd=1651  L=0.0381  D=4.586
[regir_last] 1:47:55  79,341/1,000,000  12.3/s  upd=1661  L=0.0346  D=4.586
[regir_last] 1:48:05  79,698/1,000,000  12.3/s  upd=1669  L=0.0409  D=4.586
[regir_last] 1:48:15  80,060/1,000,000  12.3/s  upd=1678  L=0.0444  D=4.586
[regir_last] saved resume t_env=80,060
[regir_last] 1:48:34  80,060/1,000,000  12.3/s  upd=1680  L=0.0466  ev=0/100  D=4.586
[regir_last] 1:48:44  80,060/1,000,000  12.3/s  upd=1680  L=0.0466  ev=24/100  D=4.586
[regir_last] 1:48:54  80,060/1,000,000  12.3/s  upd=1680  L=0.0466  ev=57/100  D=4.586
[regir_last] 1:49:05  80,060/1,000,000  12.2/s  upd=1680  L=0.0466  ev=80/100  D=4.586
[regir_last] 1:52:33  80,060/1,000,000  11.9/s  upd=1680  L=0.0466  D=4.134
[regir_last] 1:55:21  80,060/1,000,000  11.6/s  upd=1680  L=0.0466  D=4.134
[regir_last] 1:55:32  80,466/1,000,000  11.6/s  upd=1682  L=0.0344  D=4.134
[regir_last] 1:55:43  80,466/1,000,000  11.6/s  upd=1688  L=0.0473  D=4.134
[regir_last] 1:55:54  80,876/1,000,000  11.6/s  upd=1689  L=0.0352  D=4.134
[regir_last] 1:56:06  80,876/1,000,000  11.6/s  upd=1695  L=0.0446  D=4.134
[regir_last] 1:56:16  80,876/1,000,000  11.6/s  upd=1696  L=0.0466  D=4.134
[regir_last] 1:56:26  81,250/1,000,000  11.6/s  upd=1697  L=0.0389  D=4.134
[regir_last] 1:56:38  81,250/1,000,000  11.6/s  upd=1702  L=0.0395  D=4.134
[regir_last] 1:56:48  81,250/1,000,000  11.6/s  upd=1704  L=0.0408  D=4.134
[regir_last] 1:56:59  81,579/1,000,000  11.6/s  upd=1708  L=0.0409  D=4.134
[regir_last] 1:57:09  81,579/1,000,000  11.6/s  upd=1712  L=0.0303  D=4.134
[regir_last] 1:57:20  81,944/1,000,000  11.6/s  upd=1716  L=0.0336  D=4.134
[regir_last] 1:57:31  81,944/1,000,000  11.6/s  upd=1720  L=0.0509  D=4.134
[regir_last] 1:57:41  81,944/1,000,000  11.6/s  upd=1720  L=0.0509  D=4.134
[regir_last] 1:57:52  82,303/1,000,000  11.6/s  upd=1725  L=0.0327  D=4.134
[regir_last] 1:58:03  82,303/1,000,000  11.6/s  upd=1728  L=0.0432  D=4.134
[regir_last] 1:58:13  82,303/1,000,000  11.6/s  upd=1728  L=0.0432  D=4.134
[regir_last] 1:58:24  82,674/1,000,000  11.6/s  upd=1733  L=0.0381  D=4.134
[regir_last] saved resume t_env=82,674
[regir_last] 1:58:34  82,674/1,000,000  11.6/s  upd=1736  L=0.0311  D=4.134
[regir_last] 1:58:45  83,005/1,000,000  11.6/s  upd=1738  L=0.0307  D=4.134
[regir_last] 1:58:56  83,005/1,000,000  11.6/s  upd=1743  L=0.0496  D=4.134
[regir_last] 1:59:06  83,005/1,000,000  11.6/s  upd=1744  L=0.0348  D=4.134
[regir_last] 1:59:17  83,372/1,000,000  11.6/s  upd=1750  L=0.0482  D=4.134
[regir_last] 1:59:27  83,743/1,000,000  11.7/s  upd=1756  L=0.0311  D=4.134
[regir_last] 1:59:40  84,140/1,000,000  11.7/s  upd=1762  L=0.0473  D=4.134
[regir_last] 1:59:50  84,140/1,000,000  11.7/s  upd=1768  L=0.0465  D=4.134
[regir_last] 2:00:01  84,619/1,000,000  11.8/s  upd=1774  L=0.0448  D=4.134
[regir_last] 2:00:11  84,947/1,000,000  11.8/s  upd=1781  L=0.0398  D=4.134
[regir_last] 2:00:21  84,947/1,000,000  11.8/s  upd=1784  L=0.0419  D=4.134
[regir_last] 2:00:32  85,314/1,000,000  11.8/s  upd=1788  L=0.0273  D=4.134
[regir_last] 2:02:55  85,314/1,000,000  11.6/s  upd=1792  L=0.0362  D=4.134
[regir_last] 2:03:06  85,686/1,000,000  11.6/s  upd=1796  L=0.0304  D=4.134
[regir_last] 2:03:16  85,686/1,000,000  11.6/s  upd=1800  L=0.0592  D=4.134
[regir_last] 2:03:26  86,006/1,000,000  11.6/s  upd=1806  L=0.0555  D=4.134
[regir_last] 2:03:36  86,006/1,000,000  11.6/s  upd=1808  L=0.0474  D=4.134
[regir_last] 2:03:47  86,397/1,000,000  11.6/s  upd=1815  L=0.0301  D=4.134
[regir_last] 2:04:00  86,744/1,000,000  11.7/s  upd=1819  L=0.0337  D=4.134
[regir_last] 2:04:10  86,744/1,000,000  11.6/s  upd=1824  L=0.0502  D=4.134
[regir_last] 2:04:20  87,145/1,000,000  11.7/s  upd=1828  L=0.0326  D=4.134
[regir_last] 2:04:30  87,145/1,000,000  11.7/s  upd=1832  L=0.0320  D=4.134
[regir_last] 2:04:44  87,565/1,000,000  11.7/s  upd=1837  L=0.0556  D=4.134
[regir_last] 2:04:54  87,565/1,000,000  11.7/s  upd=1840  L=0.0543  D=4.134
[regir_last] 2:05:04  87,932/1,000,000  11.7/s  upd=1845  L=0.0380  D=4.134
[regir_last] 2:05:15  87,932/1,000,000  11.7/s  upd=1848  L=0.0582  D=4.134
[regir_last] 2:05:26  88,374/1,000,000  11.7/s  upd=1850  L=0.0478  D=4.134
[regir_last] 2:05:37  88,374/1,000,000  11.7/s  upd=1856  L=0.0343  D=4.134
[regir_last] 2:05:47  88,724/1,000,000  11.8/s  upd=1860  L=0.0318  D=4.134
[regir_last] 2:05:57  88,724/1,000,000  11.7/s  upd=1864  L=0.0452  D=4.134
[regir_last] 2:06:08  89,113/1,000,000  11.8/s  upd=1870  L=0.0441  D=4.134
[regir_last] 2:06:20  89,456/1,000,000  11.8/s  upd=1875  L=0.0351  D=4.134
[regir_last] 2:06:30  89,456/1,000,000  11.8/s  upd=1880  L=0.0251  D=4.134
[regir_last] 2:06:40  89,814/1,000,000  11.8/s  upd=1885  L=0.0388  D=4.134
[regir_last] 2:06:52  90,188/1,000,000  11.8/s  upd=1890  L=0.0487  D=4.134
[regir_last] 2:07:03  90,188/1,000,000  11.8/s  upd=1895  L=0.0504  D=4.134
[regir_last] 2:07:14  90,545/1,000,000  11.9/s  upd=1900  L=0.0364  D=4.134
[regir_last] 2:07:24  90,545/1,000,000  11.8/s  upd=1904  L=0.0383  D=4.134
[regir_last] 2:07:36  90,884/1,000,000  11.9/s  upd=1906  L=0.0404  D=4.134
[regir_last] 2:07:47  90,884/1,000,000  11.9/s  upd=1912  L=0.0354  D=4.134
[regir_last] 2:07:58  91,247/1,000,000  11.9/s  upd=1917  L=0.0339  D=4.134
[regir_last] 2:09:57  91,247/1,000,000  11.7/s  upd=1920  L=0.0377  D=4.134
[regir_last] 2:10:09  91,674/1,000,000  11.7/s  upd=1924  L=0.0409  D=4.134
[regir_last] 2:10:21  91,674/1,000,000  11.7/s  upd=1928  L=0.0433  D=4.134
[regir_last] saved resume t_env=91,674
[regir_last] 2:10:32  92,071/1,000,000  11.8/s  upd=1932  L=0.0499  D=4.134
[regir_last] 2:10:42  92,071/1,000,000  11.7/s  upd=1936  L=0.0350  D=4.134
[regir_last] 2:10:52  92,451/1,000,000  11.8/s  upd=1938  L=0.0372  D=4.134
[regir_last] 2:11:04  92,451/1,000,000  11.8/s  upd=1942  L=0.0307  D=4.134
[regir_last] 2:11:16  92,804/1,000,000  11.8/s  upd=1945  L=0.0361  D=4.134
[regir_last] 2:11:26  92,804/1,000,000  11.8/s  upd=1952  L=0.0382  D=4.134
[regir_last] 2:11:37  93,189/1,000,000  11.8/s  upd=1955  L=0.0338  D=4.134
[regir_last] 2:11:48  93,189/1,000,000  11.8/s  upd=1960  L=0.0492  D=4.134
[regir_last] 2:11:58  93,189/1,000,000  11.8/s  upd=1960  L=0.0492  D=4.134
[regir_last] 2:12:10  93,639/1,000,000  11.8/s  upd=1962  L=0.0356  D=4.134
[regir_last] 2:12:20  93,639/1,000,000  11.8/s  upd=1968  L=0.0389  D=4.134
[regir_last] 2:12:30  93,639/1,000,000  11.8/s  upd=1968  L=0.0389  D=4.134
[regir_last] 2:12:41  94,026/1,000,000  11.8/s  upd=1974  L=0.0531  D=4.134
[regir_last] 2:12:52  94,386/1,000,000  11.8/s  upd=1978  L=0.0325  D=4.134
[regir_last] 2:13:04  94,386/1,000,000  11.8/s  upd=1984  L=0.0358  D=4.134
[regir_last] 2:13:15  94,792/1,000,000  11.9/s  upd=1986  L=0.0400  D=4.134
[regir_last] 2:13:26  94,792/1,000,000  11.8/s  upd=1991  L=0.0494  D=4.134
[regir_last] 2:13:36  95,160/1,000,000  11.9/s  upd=1993  L=0.0406  D=4.134
[regir_last] 2:13:47  95,160/1,000,000  11.9/s  upd=1999  L=0.0364  D=4.134
[regir_last] 2:13:58  95,160/1,000,000  11.8/s  upd=2000  L=0.0634  D=4.134
[regir_last] 2:14:10  95,505/1,000,000  11.9/s  upd=2003  L=0.0403  D=4.134
[regir_last] 2:14:22  95,505/1,000,000  11.8/s  upd=2008  L=0.0554  D=4.134
[regir_last] 2:14:32  95,505/1,000,000  11.8/s  upd=2008  L=0.0554  D=4.134
[regir_last] 2:14:45  95,870/1,000,000  11.9/s  upd=2013  L=0.0314  D=4.134
[regir_last] 2:14:57  96,207/1,000,000  11.9/s  upd=2018  L=0.0302  D=4.134
[regir_last] 2:15:08  96,207/1,000,000  11.9/s  upd=2022  L=0.0458  D=4.134
[regir_last] 2:17:04  96,207/1,000,000  11.7/s  upd=2024  L=0.0341  D=4.134
[regir_last] 2:17:14  96,585/1,000,000  11.7/s  upd=2025  L=0.0292  D=4.134
[regir_last] 2:17:26  96,585/1,000,000  11.7/s  upd=2030  L=0.0444  D=4.134
[regir_last] 2:17:38  96,993/1,000,000  11.7/s  upd=2033  L=0.0431  D=4.134
[regir_last] 2:17:50  96,993/1,000,000  11.7/s  upd=2039  L=0.0529  D=4.134
[regir_last] 2:18:01  97,433/1,000,000  11.8/s  upd=2041  L=0.0485  D=4.134
[regir_last] 2:18:11  97,433/1,000,000  11.8/s  upd=2047  L=0.0390  D=4.134
[regir_last] 2:18:21  97,433/1,000,000  11.7/s  upd=2048  L=0.0369  D=4.134
[regir_last] 2:18:31  97,775/1,000,000  11.8/s  upd=2050  L=0.0410  D=4.134
[regir_last] 2:18:44  97,775/1,000,000  11.7/s  upd=2055  L=0.0350  D=4.134
[regir_last] 2:18:54  97,775/1,000,000  11.7/s  upd=2056  L=0.0360  D=4.134
[regir_last] 2:19:05  98,152/1,000,000  11.8/s  upd=2060  L=0.0583  D=4.134
[regir_last] 2:19:15  98,152/1,000,000  11.7/s  upd=2064  L=0.0320  D=4.134
[regir_last] 2:19:26  98,588/1,000,000  11.8/s  upd=2068  L=0.0412  D=4.134
[regir_last] 2:19:36  98,588/1,000,000  11.8/s  upd=2072  L=0.0353  D=4.134
[regir_last] 2:19:46  99,013/1,000,000  11.8/s  upd=2078  L=0.0345  D=4.134
[regir_last] 2:19:56  99,013/1,000,000  11.8/s  upd=2080  L=0.0328  D=4.134
[regir_last] 2:20:07  99,454/1,000,000  11.8/s  upd=2086  L=0.0396  D=4.134
[regir_last] 2:20:17  99,454/1,000,000  11.8/s  upd=2088  L=0.0441  D=4.134
[regir_last] 2:20:29  99,792/1,000,000  11.8/s  upd=2093  L=0.0407  D=4.134
[regir_last] saved resume t_env=99,792
[regir_last] 2:20:39  99,792/1,000,000  11.8/s  upd=2096  L=0.0494  D=4.134
[regir_last] 2:20:49  100,234/1,000,000  11.9/s  upd=2102  L=0.0513  D=4.134
[regir_last] saved resume t_env=100,234
[regir_last] 2:21:11  100,234/1,000,000  11.8/s  upd=2104  L=0.0363  ev=0/100  D=4.134
[regir_last] 2:21:22  100,234/1,000,000  11.8/s  upd=2104  L=0.0363  ev=8/100  D=4.134
[regir_last] 2:21:32  100,234/1,000,000  11.8/s  upd=2104  L=0.0363  ev=23/100  D=4.134
[regir_last] 2:21:42  100,234/1,000,000  11.8/s  upd=2104  L=0.0363  ev=48/100  D=4.134
[regir_last] 2:21:52  100,234/1,000,000  11.8/s  upd=2104  L=0.0363  ev=74/100  D=4.134
[regir_last] 2:24:41  100,234/1,000,000  11.5/s  upd=2104  L=0.0363  D=4.903
[regir_last] 2:28:22  100,234/1,000,000  11.3/s  upd=2104  L=0.0363  D=4.903
[regir_last] 2:28:32  100,234/1,000,000  11.2/s  upd=2104  L=0.0363  D=4.903
[regir_last] 2:28:43  100,646/1,000,000  11.3/s  upd=2109  L=0.0475  D=4.903
[regir_last] 2:28:53  100,646/1,000,000  11.3/s  upd=2112  L=0.0208  D=4.903
[regir_last] 2:29:04  101,043/1,000,000  11.3/s  upd=2115  L=0.0346  D=4.903
[regir_last] 2:29:14  101,043/1,000,000  11.3/s  upd=2119  L=0.0255  D=4.903
[regir_last] 2:29:27  101,388/1,000,000  11.3/s  upd=2123  L=0.0262  D=4.903
[regir_last] 2:29:39  101,388/1,000,000  11.3/s  upd=2127  L=0.0303  D=4.903
[regir_last] 2:29:50  101,756/1,000,000  11.3/s  upd=2131  L=0.0298  D=4.903
[regir_last] 2:30:02  101,756/1,000,000  11.3/s  upd=2135  L=0.0468  D=4.903
[regir_last] 2:30:12  101,756/1,000,000  11.3/s  upd=2136  L=0.0238  D=4.903
[regir_last] 2:30:25  102,143/1,000,000  11.3/s  upd=2141  L=0.0415  D=4.903
[regir_last] 2:30:35  102,143/1,000,000  11.3/s  upd=2144  L=0.0334  D=4.903
[regir_last] 2:30:47  102,595/1,000,000  11.3/s  upd=2146  L=0.0282  D=4.903
[regir_last] 2:30:58  102,595/1,000,000  11.3/s  upd=2151  L=0.0490  D=4.903
[regir_last] saved resume t_env=102,595
[regir_last] 2:31:08  102,595/1,000,000  11.3/s  upd=2152  L=0.0602  D=4.903
[regir_last] 2:31:18  102,995/1,000,000  11.3/s  upd=2155  L=0.0320  D=4.903
[regir_last] 2:31:29  103,401/1,000,000  11.4/s  upd=2164  L=0.0412  D=4.903
[regir_last] 2:31:40  103,743/1,000,000  11.4/s  upd=2173  L=0.0464  D=4.903
[regir_last] 2:31:51  104,097/1,000,000  11.4/s  upd=2182  L=0.0514  D=4.903
[regir_last] 2:32:01  104,453/1,000,000  11.5/s  upd=2190  L=0.0351  D=4.903
[regir_last] 2:32:11  104,870/1,000,000  11.5/s  upd=2198  L=0.0319  D=4.903
[regir_last] 2:32:22  105,199/1,000,000  11.5/s  upd=2204  L=0.0402  D=4.903
[regir_last] 2:32:33  105,565/1,000,000  11.5/s  upd=2212  L=0.0325  D=4.903
[regir_last] 2:32:43  106,001/1,000,000  11.6/s  upd=2219  L=0.0353  D=4.903
[regir_last] 2:32:53  106,362/1,000,000  11.6/s  upd=2226  L=0.0283  D=4.903
[regir_last] 2:33:03  106,362/1,000,000  11.6/s  upd=2232  L=0.0331  D=4.903
[regir_last] 2:33:14  106,750/1,000,000  11.6/s  upd=2239  L=0.0325  D=4.903
[regir_last] 2:33:24  107,075/1,000,000  11.6/s  upd=2246  L=0.0394  D=4.903
[regir_last] 2:35:55  107,075/1,000,000  11.4/s  upd=2248  L=0.0277  D=4.903
[regir_last] 2:36:07  107,486/1,000,000  11.5/s  upd=2249  L=0.0326  D=4.903
[regir_last] 2:36:17  107,486/1,000,000  11.5/s  upd=2256  L=0.0244  D=4.903
[regir_last] 2:36:27  107,839/1,000,000  11.5/s  upd=2258  L=0.0269  D=4.903
[regir_last] 2:36:37  107,839/1,000,000  11.5/s  upd=2264  L=0.0291  D=4.903
[regir_last] 2:36:49  108,185/1,000,000  11.5/s  upd=2267  L=0.0345  D=4.903
[regir_last] 2:36:59  108,185/1,000,000  11.5/s  upd=2272  L=0.0297  D=4.903
[regir_last] 2:37:11  108,560/1,000,000  11.5/s  upd=2275  L=0.0324  D=4.903
[regir_last] 2:37:21  108,560/1,000,000  11.5/s  upd=2280  L=0.0336  D=4.903
[regir_last] 2:37:31  108,898/1,000,000  11.5/s  upd=2283  L=0.0377  D=4.903
[regir_last] 2:37:43  109,234/1,000,000  11.5/s  upd=2290  L=0.0332  D=4.903
[regir_last] 2:37:53  109,234/1,000,000  11.5/s  upd=2295  L=0.0350  D=4.903
[regir_last] 2:38:03  109,560/1,000,000  11.6/s  upd=2300  L=0.0369  D=4.903
[regir_last] 2:38:13  109,560/1,000,000  11.5/s  upd=2304  L=0.0336  D=4.903
[regir_last] 2:38:24  109,906/1,000,000  11.6/s  upd=2307  L=0.0281  D=4.903
[regir_last] 2:38:34  109,906/1,000,000  11.6/s  upd=2312  L=0.0335  D=4.903
[regir_last] 2:38:46  110,240/1,000,000  11.6/s  upd=2316  L=0.0333  D=4.903
[regir_last] 2:38:56  110,240/1,000,000  11.6/s  upd=2320  L=0.0471  D=4.903
[regir_last] 2:39:08  110,614/1,000,000  11.6/s  upd=2322  L=0.0314  D=4.903
[regir_last] 2:39:18  110,614/1,000,000  11.6/s  upd=2328  L=0.0370  D=4.903
[regir_last] 2:39:29  111,018/1,000,000  11.6/s  upd=2333  L=0.0419  D=4.903
[regir_last] 2:39:39  111,433/1,000,000  11.6/s  upd=2339  L=0.0253  D=4.903
[regir_last] 2:39:49  111,781/1,000,000  11.7/s  upd=2345  L=0.0281  D=4.903
[regir_last] 2:40:00  111,781/1,000,000  11.6/s  upd=2352  L=0.0267  D=4.903
[regir_last] 2:40:12  112,123/1,000,000  11.7/s  upd=2359  L=0.0274  D=4.903
[regir_last] 2:40:23  112,563/1,000,000  11.7/s  upd=2365  L=0.0330  D=4.903
[regir_last] 2:40:34  112,934/1,000,000  11.7/s  upd=2369  L=0.0375  D=4.903
[regir_last] 2:40:45  112,934/1,000,000  11.7/s  upd=2375  L=0.0534  D=4.903
[regir_last] 2:40:56  113,293/1,000,000  11.7/s  upd=2379  L=0.0483  D=4.903
[regir_last] saved resume t_env=113,293
[regir_last] 2:44:12  113,293/1,000,000  11.5/s  upd=2384  L=0.0465  D=4.903
[regir_last] 2:44:25  113,656/1,000,000  11.5/s  upd=2386  L=0.0369  D=4.903
[regir_last] 2:44:36  113,656/1,000,000  11.5/s  upd=2391  L=0.0441  D=4.903
[regir_last] 2:44:47  114,073/1,000,000  11.5/s  upd=2393  L=0.0429  D=4.903
[regir_last] 2:44:58  114,073/1,000,000  11.5/s  upd=2398  L=0.0481  D=4.903
[regir_last] 2:45:10  114,421/1,000,000  11.5/s  upd=2401  L=0.0298  D=4.903
[regir_last] 2:45:22  114,421/1,000,000  11.5/s  upd=2406  L=0.0369  D=4.903
[regir_last] 2:45:34  114,807/1,000,000  11.6/s  upd=2410  L=0.0297  D=4.903
[regir_last] 2:45:46  114,807/1,000,000  11.5/s  upd=2415  L=0.0274  D=4.903
[regir_last] 2:45:57  115,152/1,000,000  11.6/s  upd=2420  L=0.0323  D=4.903
[regir_last] 2:46:08  115,588/1,000,000  11.6/s  upd=2425  L=0.0319  D=4.903
[regir_last] 2:46:18  115,588/1,000,000  11.6/s  upd=2431  L=0.0265  D=4.903
[regir_last] 2:46:29  115,929/1,000,000  11.6/s  upd=2436  L=0.0354  D=4.903
[regir_last] 2:46:40  116,316/1,000,000  11.6/s  upd=2442  L=0.0243  D=4.903
[regir_last] 2:46:50  116,316/1,000,000  11.6/s  upd=2448  L=0.0445  D=4.903
[regir_last] 2:47:00  116,734/1,000,000  11.6/s  upd=2456  L=0.0315  D=4.903
[regir_last] 2:47:11  117,120/1,000,000  11.7/s  upd=2464  L=0.0271  D=4.903
[regir_last] 2:47:23  117,542/1,000,000  11.7/s  upd=2471  L=0.0316  D=4.903
[regir_last] 2:47:35  117,975/1,000,000  11.7/s  upd=2479  L=0.0277  D=4.903
[regir_last] 2:47:46  118,283/1,000,000  11.7/s  upd=2481  L=0.0409  D=4.903
[regir_last] 2:47:57  118,283/1,000,000  11.7/s  upd=2488  L=0.0430  D=4.903
[regir_last] 2:48:08  118,656/1,000,000  11.8/s  upd=2490  L=0.0241  D=4.903
[regir_last] 2:48:20  118,656/1,000,000  11.7/s  upd=2494  L=0.0340  D=4.903
[regir_last] 2:48:30  118,989/1,000,000  11.8/s  upd=2497  L=0.0382  D=4.903
[regir_last] 2:48:44  118,989/1,000,000  11.8/s  upd=2504  L=0.0422  D=4.903
[regir_last] 2:48:54  118,989/1,000,000  11.7/s  upd=2504  L=0.0422  D=4.903
[regir_last] 2:49:04  119,370/1,000,000  11.8/s  upd=2510  L=0.0343  D=4.903
[regir_last] 2:49:14  119,668/1,000,000  11.8/s  upd=2513  L=0.0309  D=4.903
[regir_last] 2:49:25  119,668/1,000,000  11.8/s  upd=2518  L=0.0299  D=4.903
[regir_last] 2:51:23  119,668/1,000,000  11.6/s  upd=2520  L=0.0350  D=4.903
[regir_last] 2:51:33  119,668/1,000,000  11.6/s  upd=2520  L=0.0350  D=4.903
[regir_last] 2:51:45  120,007/1,000,000  11.6/s  upd=2526  L=0.0293  D=4.903
[regir_last] saved resume t_env=120,007
[regir_last] 2:52:07  120,007/1,000,000  11.6/s  upd=2528  L=0.0375  ev=0/100  D=4.903
[regir_last] 2:52:17  120,007/1,000,000  11.6/s  upd=2528  L=0.0375  ev=7/100  D=4.903
[regir_last] 2:52:27  120,007/1,000,000  11.6/s  upd=2528  L=0.0375  ev=16/100  D=4.903
[regir_last] 2:52:38  120,007/1,000,000  11.6/s  upd=2528  L=0.0375  ev=23/100  D=4.903
[regir_last] 2:52:48  120,007/1,000,000  11.6/s  upd=2528  L=0.0375  ev=59/100  D=4.903
[regir_last] 2:52:58  120,007/1,000,000  11.6/s  upd=2528  L=0.0375  ev=87/100  D=4.903
[regir_last] 2:56:49  120,007/1,000,000  11.3/s  upd=2528  L=0.0375  D=3.927
[regir_last] 3:00:08  120,007/1,000,000  11.1/s  upd=2528  L=0.0375  D=3.927
[regir_last] 3:00:20  120,468/1,000,000  11.1/s  upd=2530  L=0.0296  D=3.927
[regir_last] 3:00:30  120,468/1,000,000  11.1/s  upd=2535  L=0.0627  D=3.927
[regir_last] 3:00:41  120,871/1,000,000  11.1/s  upd=2540  L=0.0523  D=3.927
[regir_last] 3:00:51  121,260/1,000,000  11.2/s  upd=2545  L=0.0373  D=3.927
[regir_last] 3:01:01  121,260/1,000,000  11.2/s  upd=2552  L=0.0392  D=3.927
[regir_last] 3:01:12  121,689/1,000,000  11.2/s  upd=2556  L=0.0287  D=3.927
[regir_last] 3:01:23  122,092/1,000,000  11.2/s  upd=2561  L=0.0466  D=3.927
[regir_last] 3:01:34  122,092/1,000,000  11.2/s  upd=2568  L=0.0330  D=3.927
[regir_last] 3:01:44  122,482/1,000,000  11.2/s  upd=2576  L=0.0241  D=3.927
[regir_last] saved resume t_env=122,857
[regir_last] 3:01:54  123,177/1,000,000  11.3/s  upd=2585  L=0.0509  D=3.927
[regir_last] 3:02:05  123,501/1,000,000  11.3/s  upd=2594  L=0.0394  D=3.927
[regir_last] 3:02:15  123,864/1,000,000  11.3/s  upd=2603  L=0.0309  D=3.927
[regir_last] 3:02:26  124,242/1,000,000  11.4/s  upd=2613  L=0.0489  D=3.927
[regir_last] 3:02:36  124,530/1,000,000  11.4/s  upd=2624  L=0.0392  D=3.927
[regir_last] 3:02:48  125,369/1,000,000  11.4/s  upd=2635  L=0.0472  D=3.927
[regir_last] 3:02:58  125,723/1,000,000  11.5/s  upd=2646  L=0.0366  D=3.927
[regir_last] 3:03:09  126,076/1,000,000  11.5/s  upd=2649  L=0.0302  D=3.927
[regir_last] 3:03:21  126,076/1,000,000  11.5/s  upd=2656  L=0.0293  D=3.927
[regir_last] 3:03:32  126,461/1,000,000  11.5/s  upd=2659  L=0.0606  D=3.927
[regir_last] 3:03:42  126,461/1,000,000  11.5/s  upd=2664  L=0.0414  D=3.927
[regir_last] 3:03:52  126,799/1,000,000  11.5/s  upd=2667  L=0.0443  D=3.927
[regir_last] 3:04:05  126,799/1,000,000  11.5/s  upd=2672  L=0.0461  D=3.927
[regir_last] 3:04:15  126,799/1,000,000  11.5/s  upd=2672  L=0.0461  D=3.927
[regir_last] 3:04:25  127,207/1,000,000  11.5/s  upd=2674  L=0.0471  D=3.927
[regir_last] 3:04:36  127,207/1,000,000  11.5/s  upd=2678  L=0.0522  D=3.927
[regir_last] 3:04:46  127,207/1,000,000  11.5/s  upd=2680  L=0.0305  D=3.927
[regir_last] 3:04:58  127,554/1,000,000  11.5/s  upd=2683  L=0.0293  D=3.927
[regir_last] 3:05:08  127,554/1,000,000  11.5/s  upd=2688  L=0.0243  D=3.927
[regir_last] 3:07:23  127,554/1,000,000  11.3/s  upd=2688  L=0.0243  D=3.927
[regir_last] 3:07:36  127,898/1,000,000  11.4/s  upd=2691  L=0.0376  D=3.927
[regir_last] 3:07:46  127,898/1,000,000  11.4/s  upd=2696  L=0.0286  D=3.927
[regir_last] 3:07:56  128,320/1,000,000  11.4/s  upd=2697  L=0.0239  D=3.927
[regir_last] 3:08:08  128,320/1,000,000  11.4/s  upd=2704  L=0.0439  D=3.927
[regir_last] 3:08:20  128,754/1,000,000  11.4/s  upd=2710  L=0.0575  D=3.927
[regir_last] 3:08:30  129,121/1,000,000  11.4/s  upd=2716  L=0.0363  D=3.927
[regir_last] 3:08:41  129,451/1,000,000  11.4/s  upd=2724  L=0.0402  D=3.927
[regir_last] 3:08:51  129,872/1,000,000  11.5/s  upd=2732  L=0.0264  D=3.927
[regir_last] 3:09:01  130,267/1,000,000  11.5/s  upd=2742  L=0.0273  D=3.927
[regir_last] 3:09:12  130,584/1,000,000  11.5/s  upd=2752  L=0.0365  D=3.927
[regir_last] 3:09:22  131,257/1,000,000  11.6/s  upd=2762  L=0.0337  D=3.927
[regir_last] 3:09:33  131,603/1,000,000  11.6/s  upd=2773  L=0.0308  D=3.927
[regir_last] 3:09:43  131,902/1,000,000  11.6/s  upd=2782  L=0.0426  D=3.927
[regir_last] 3:09:53  132,272/1,000,000  11.6/s  upd=2786  L=0.0290  D=3.927
[regir_last] 3:10:04  132,272/1,000,000  11.6/s  upd=2792  L=0.0395  D=3.927
[regir_last] 3:10:14  132,616/1,000,000  11.6/s  upd=2796  L=0.0498  D=3.927
[regir_last] 3:10:24  132,616/1,000,000  11.6/s  upd=2800  L=0.0450  D=3.927
[regir_last] 3:10:36  133,057/1,000,000  11.6/s  upd=2804  L=0.0404  D=3.927
[regir_last] 3:10:49  133,426/1,000,000  11.7/s  upd=2809  L=0.0355  D=3.927
[regir_last] 3:10:59  133,426/1,000,000  11.6/s  upd=2814  L=0.0372  D=3.927
[regir_last] 3:11:10  133,830/1,000,000  11.7/s  upd=2819  L=0.0291  D=3.927
[regir_last] 3:11:22  133,830/1,000,000  11.7/s  upd=2824  L=0.0287  D=3.927
[regir_last] 3:11:32  134,269/1,000,000  11.7/s  upd=2827  L=0.0606  D=3.927
[regir_last] 3:11:43  134,269/1,000,000  11.7/s  upd=2832  L=0.0415  D=3.927
[regir_last] 3:11:53  134,692/1,000,000  11.7/s  upd=2835  L=0.0246  D=3.927
[regir_last] 3:12:04  134,692/1,000,000  11.7/s  upd=2840  L=0.0196  D=3.927
[regir_last] saved resume t_env=134,692
[regir_last] 3:12:15  135,068/1,000,000  11.7/s  upd=2843  L=0.0398  D=3.927
[regir_last] 3:15:12  135,068/1,000,000  11.5/s  upd=2848  L=0.0368  D=3.927
[regir_last] 3:15:23  135,469/1,000,000  11.6/s  upd=2853  L=0.0595  D=3.927
[regir_last] 3:15:33  135,897/1,000,000  11.6/s  upd=2858  L=0.0353  D=3.927
[regir_last] 3:15:43  135,897/1,000,000  11.6/s  upd=2864  L=0.0370  D=3.927
[regir_last] 3:15:54  136,234/1,000,000  11.6/s  upd=2868  L=0.0364  D=3.927
[regir_last] 3:16:05  136,560/1,000,000  11.6/s  upd=2873  L=0.0444  D=3.927
[regir_last] 3:16:15  136,560/1,000,000  11.6/s  upd=2880  L=0.0456  D=3.927
[regir_last] 3:16:25  136,886/1,000,000  11.6/s  upd=2885  L=0.0430  D=3.927
[regir_last] 3:16:37  137,190/1,000,000  11.6/s  upd=2891  L=0.0378  D=3.927
[regir_last] 3:16:49  137,555/1,000,000  11.6/s  upd=2898  L=0.0470  D=3.927
[regir_last] 3:16:59  137,555/1,000,000  11.6/s  upd=2904  L=0.0314  D=3.927
[regir_last] 3:17:10  137,869/1,000,000  11.7/s  upd=2909  L=0.0339  D=3.927
[regir_last] 3:17:20  138,247/1,000,000  11.7/s  upd=2915  L=0.0330  D=3.927
[regir_last] 3:17:31  138,555/1,000,000  11.7/s  upd=2922  L=0.0261  D=3.927
[regir_last] 3:17:41  138,555/1,000,000  11.7/s  upd=2928  L=0.0303  D=3.927
[regir_last] 3:17:51  138,914/1,000,000  11.7/s  upd=2933  L=0.0430  D=3.927
[regir_last] 3:18:03  139,242/1,000,000  11.7/s  upd=2939  L=0.0252  D=3.927
[regir_last] 3:18:13  139,242/1,000,000  11.7/s  upd=2944  L=0.0416  D=3.927
[regir_last] 3:18:24  139,596/1,000,000  11.7/s  upd=2950  L=0.0328  D=3.927
[regir_last] 3:18:35  139,945/1,000,000  11.7/s  upd=2957  L=0.0419  D=3.927
[regir_last] 3:18:45  139,945/1,000,000  11.7/s  upd=2960  L=0.0357  D=3.927
[regir_last] 3:18:55  140,267/1,000,000  11.8/s  upd=2967  L=0.0265  D=3.927
[regir_last] saved resume t_env=140,267
[regir_last] 3:19:15  140,267/1,000,000  11.7/s  upd=2968  L=0.0394  ev=0/100  D=3.927
[regir_last] 3:19:26  140,267/1,000,000  11.7/s  upd=2968  L=0.0394  ev=23/100  D=3.927
[regir_last] 3:19:36  140,267/1,000,000  11.7/s  upd=2968  L=0.0394  ev=39/100  D=3.927
[regir_last] 3:19:46  140,267/1,000,000  11.7/s  upd=2968  L=0.0394  ev=56/100  D=3.927
[regir_last] 3:19:56  140,267/1,000,000  11.7/s  upd=2968  L=0.0394  ev=66/100  D=3.927
[regir_last] 3:20:06  140,267/1,000,000  11.7/s  upd=2968  L=0.0394  ev=78/100  D=3.927
[regir_last] 3:20:16  140,267/1,000,000  11.7/s  upd=2968  L=0.0394  ev=90/100  D=3.927
[regir_last] 3:23:29  140,267/1,000,000  11.5/s  upd=2968  L=0.0394  D=2.160
[regir_last] 3:25:10  140,267/1,000,000  11.4/s  upd=2968  L=0.0394  D=2.160
[regir_last] 3:25:20  140,599/1,000,000  11.4/s  upd=2974  L=0.0355  D=2.160
[regir_last] 3:25:31  140,925/1,000,000  11.4/s  upd=2978  L=0.0716  D=2.160
[regir_last] 3:25:41  140,925/1,000,000  11.4/s  upd=2984  L=0.0309  D=2.160
[regir_last] 3:25:53  141,302/1,000,000  11.4/s  upd=2988  L=0.0363  D=2.160
[regir_last] 3:26:03  141,302/1,000,000  11.4/s  upd=2992  L=0.0409  D=2.160
[regir_last] 3:26:15  141,670/1,000,000  11.4/s  upd=2994  L=0.0387  D=2.160
[regir_last] 3:26:25  141,670/1,000,000  11.4/s  upd=3000  L=0.0283  D=2.160
[regir_last] 3:26:35  141,670/1,000,000  11.4/s  upd=3000  L=0.0283  D=2.160
[regir_last] 3:26:47  142,040/1,000,000  11.4/s  upd=3002  L=0.0628  D=2.160
[regir_last] 3:26:58  142,040/1,000,000  11.4/s  upd=3008  L=0.0305  D=2.160
[regir_last] 3:27:10  142,355/1,000,000  11.5/s  upd=3013  L=0.0308  D=2.160
[regir_last] 3:27:20  142,355/1,000,000  11.4/s  upd=3016  L=0.0258  D=2.160
[regir_last] 3:27:31  142,656/1,000,000  11.5/s  upd=3021  L=0.0416  D=2.160
[regir_last] 3:27:41  142,656/1,000,000  11.4/s  upd=3024  L=0.0360  D=2.160
[regir_last] 3:27:52  143,020/1,000,000  11.5/s  upd=3029  L=0.0498  D=2.160
[regir_last] 3:28:02  143,020/1,000,000  11.5/s  upd=3032  L=0.0238  D=2.160
[regir_last] 3:28:15  143,341/1,000,000  11.5/s  upd=3037  L=0.0482  D=2.160
[regir_last] 3:28:25  143,341/1,000,000  11.5/s  upd=3040  L=0.0228  D=2.160
[regir_last] 3:28:35  143,746/1,000,000  11.5/s  upd=3044  L=0.0405  D=2.160
[regir_last] 3:28:45  143,746/1,000,000  11.5/s  upd=3048  L=0.0338  D=2.160
[regir_last] 3:28:56  144,162/1,000,000  11.5/s  upd=3053  L=0.0405  D=2.160
[regir_last] saved resume t_env=144,162
[regir_last] 3:29:06  144,162/1,000,000  11.5/s  upd=3056  L=0.0399  D=2.160
[regir_last] 3:29:17  144,614/1,000,000  11.5/s  upd=3059  L=0.0271  D=2.160
[regir_last] 3:29:28  144,614/1,000,000  11.5/s  upd=3063  L=0.0291  D=2.160
[regir_last] 3:29:38  144,614/1,000,000  11.5/s  upd=3064  L=0.0348  D=2.160
[regir_last] 3:29:50  144,959/1,000,000  11.5/s  upd=3067  L=0.0334  D=2.160
[regir_last] 3:30:00  144,959/1,000,000  11.5/s  upd=3072  L=0.0548  D=2.160
[regir_last] 3:30:10  144,959/1,000,000  11.5/s  upd=3072  L=0.0548  D=2.160
[regir_last] 3:30:21  145,374/1,000,000  11.5/s  upd=3076  L=0.0332  D=2.160
[regir_last] 3:30:33  145,374/1,000,000  11.5/s  upd=3079  L=0.0289  D=2.160
[regir_last] 3:32:17  145,374/1,000,000  11.4/s  upd=3080  L=0.0347  D=2.160
[regir_last] 3:32:27  145,787/1,000,000  11.4/s  upd=3085  L=0.0404  D=2.160
[regir_last] 3:32:37  146,186/1,000,000  11.5/s  upd=3089  L=0.0271  D=2.160
[regir_last] 3:32:48  146,186/1,000,000  11.4/s  upd=3095  L=0.0271  D=2.160
[regir_last] 3:32:58  146,186/1,000,000  11.4/s  upd=3096  L=0.0341  D=2.160
[regir_last] 3:33:08  146,576/1,000,000  11.5/s  upd=3100  L=0.0429  D=2.160
[regir_last] 3:33:18  146,576/1,000,000  11.5/s  upd=3104  L=0.0366  D=2.160
[regir_last] 3:33:29  146,918/1,000,000  11.5/s  upd=3107  L=0.0616  D=2.160
[regir_last] 3:33:40  146,918/1,000,000  11.5/s  upd=3112  L=0.0327  D=2.160
[regir_last] 3:33:51  147,285/1,000,000  11.5/s  upd=3116  L=0.0473  D=2.160
[regir_last] 3:34:01  147,672/1,000,000  11.5/s  upd=3121  L=0.0407  D=2.160
[regir_last] 3:34:12  147,672/1,000,000  11.5/s  upd=3126  L=0.0436  D=2.160
[regir_last] 3:34:23  148,011/1,000,000  11.5/s  upd=3132  L=0.0393  D=2.160
[regir_last] 3:34:34  148,441/1,000,000  11.5/s  upd=3138  L=0.0206  D=2.160
[regir_last] 3:34:46  148,748/1,000,000  11.5/s  upd=3146  L=0.0305  D=2.160
[regir_last] 3:34:56  148,748/1,000,000  11.5/s  upd=3152  L=0.0533  D=2.160
[regir_last] 3:35:07  149,067/1,000,000  11.5/s  upd=3160  L=0.0382  D=2.160
[regir_last] 3:35:17  149,469/1,000,000  11.6/s  upd=3166  L=0.0408  D=2.160
[regir_last] 3:35:28  149,831/1,000,000  11.6/s  upd=3173  L=0.0504  D=2.160
[regir_last] 3:35:39  150,160/1,000,000  11.6/s  upd=3179  L=0.0410  D=2.160
[regir_last] 3:35:49  150,472/1,000,000  11.6/s  upd=3186  L=0.0396  D=2.160
[regir_last] 3:36:00  150,804/1,000,000  11.6/s  upd=3196  L=0.0715  D=2.160
[regir_last] 3:36:11  151,111/1,000,000  11.6/s  upd=3206  L=0.0319  D=2.160
[regir_last] 3:36:22  151,465/1,000,000  11.7/s  upd=3216  L=0.0331  D=2.160
[regir_last] 3:36:32  152,100/1,000,000  11.7/s  upd=3225  L=0.0525  D=2.160
[regir_last] 3:36:43  152,386/1,000,000  11.7/s  upd=3235  L=0.0337  D=2.160
[regir_last] 3:36:54  152,781/1,000,000  11.7/s  upd=3245  L=0.0386  D=2.160
[regir_last] 3:37:05  153,137/1,000,000  11.8/s  upd=3256  L=0.0385  D=2.160
[regir_last] 3:37:15  153,863/1,000,000  11.8/s  upd=3266  L=0.0422  D=2.160
[regir_last] 3:40:35  153,863/1,000,000  11.6/s  upd=3272  L=0.0274  D=2.160
[regir_last] 3:40:46  154,213/1,000,000  11.6/s  upd=3279  L=0.0523  D=2.160
[regir_last] saved resume t_env=154,213
[regir_last] 3:40:56  154,661/1,000,000  11.7/s  upd=3284  L=0.0365  D=2.160
[regir_last] 3:41:06  154,978/1,000,000  11.7/s  upd=3291  L=0.0236  D=2.160
[regir_last] 3:41:18  155,301/1,000,000  11.7/s  upd=3299  L=0.0321  D=2.160
[regir_last] 3:41:28  155,625/1,000,000  11.7/s  upd=3308  L=0.0289  D=2.160
[regir_last] 3:41:39  155,957/1,000,000  11.7/s  upd=3314  L=0.0371  D=2.160
[regir_last] 3:41:49  155,957/1,000,000  11.7/s  upd=3318  L=0.0467  D=2.160
[regir_last] 3:42:00  156,383/1,000,000  11.7/s  upd=3321  L=0.0297  D=2.160
[regir_last] 3:42:13  156,383/1,000,000  11.7/s  upd=3326  L=0.0295  D=2.160
[regir_last] 3:42:25  156,706/1,000,000  11.7/s  upd=3330  L=0.0381  D=2.160
[regir_last] 3:42:38  156,706/1,000,000  11.7/s  upd=3336  L=0.0335  D=2.160
[regir_last] 3:42:48  157,029/1,000,000  11.7/s  upd=3339  L=0.0552  D=2.160
[regir_last] 3:42:58  157,029/1,000,000  11.7/s  upd=3342  L=0.0275  D=2.160
[regir_last] 3:43:08  157,029/1,000,000  11.7/s  upd=3344  L=0.0313  D=2.160
[regir_last] 3:43:20  157,426/1,000,000  11.7/s  upd=3349  L=0.0351  D=2.160
[regir_last] 3:43:32  157,814/1,000,000  11.8/s  upd=3353  L=0.0474  D=2.160
[regir_last] 3:43:42  157,814/1,000,000  11.8/s  upd=3356  L=0.0390  D=2.160
[regir_last] 3:43:55  158,071/1,000,000  11.8/s  upd=3361  L=0.0359  D=2.160
[regir_last] 3:44:05  158,071/1,000,000  11.8/s  upd=3364  L=0.0426  D=2.160
[regir_last] 3:44:15  158,071/1,000,000  11.7/s  upd=3368  L=0.0328  D=2.160
[regir_last] 3:44:26  158,408/1,000,000  11.8/s  upd=3370  L=0.0503  D=2.160
[regir_last] 3:44:38  158,408/1,000,000  11.8/s  upd=3374  L=0.0607  D=2.160
[regir_last] 3:44:48  158,408/1,000,000  11.7/s  upd=3376  L=0.0468  D=2.160
[regir_last] 3:45:00  158,721/1,000,000  11.8/s  upd=3382  L=0.0368  D=2.160
[regir_last] 3:45:12  159,085/1,000,000  11.8/s  upd=3385  L=0.0697  D=2.160
[regir_last] 3:45:23  159,085/1,000,000  11.8/s  upd=3389  L=0.0579  D=2.160
[regir_last] 3:45:35  159,419/1,000,000  11.8/s  upd=3393  L=0.0450  D=2.160
[regir_last] 3:45:46  159,419/1,000,000  11.8/s  upd=3397  L=0.0273  D=2.160
[regir_last] 3:45:58  159,419/1,000,000  11.8/s  upd=3400  L=0.0334  D=2.160
[regir_last] 3:48:15  159,419/1,000,000  11.6/s  upd=3400  L=0.0334  D=2.160
[regir_last] 3:48:25  159,710/1,000,000  11.7/s  upd=3404  L=0.0623  D=2.160
[regir_last] 3:48:36  159,710/1,000,000  11.6/s  upd=3408  L=0.0388  D=2.160
[regir_last] 3:48:47  160,025/1,000,000  11.7/s  upd=3412  L=0.0324  D=2.160
[regir_last] saved resume t_env=160,025
[regir_last] 3:49:16  160,025/1,000,000  11.6/s  upd=3416  L=0.0363  ev=0/100  D=2.160
[regir_last] 3:49:26  160,025/1,000,000  11.6/s  upd=3416  L=0.0363  ev=24/100  D=2.160
[regir_last] 3:49:36  160,025/1,000,000  11.6/s  upd=3416  L=0.0363  ev=33/100  D=2.160
[regir_last] 3:49:46  160,025/1,000,000  11.6/s  upd=3416  L=0.0363  ev=48/100  D=2.160
[regir_last] 3:49:56  160,025/1,000,000  11.6/s  upd=3416  L=0.0363  ev=57/100  D=2.160
[regir_last] 3:50:06  160,025/1,000,000  11.6/s  upd=3416  L=0.0363  ev=64/100  D=2.160
[regir_last] 3:50:17  160,025/1,000,000  11.6/s  upd=3416  L=0.0363  ev=79/100  D=2.160
[regir_last] 3:50:27  160,025/1,000,000  11.6/s  upd=3416  L=0.0363  ev=86/100  D=2.160
[regir_last] 3:50:37  160,025/1,000,000  11.6/s  upd=3416  L=0.0363  ev=88/100  D=2.160
[regir_last] 3:54:17  160,025/1,000,000  11.4/s  upd=3416  L=0.0363  D=2.436
[regir_last] 3:57:02  160,025/1,000,000  11.3/s  upd=3416  L=0.0363  D=2.436
[regir_last] 3:57:14  160,451/1,000,000  11.3/s  upd=3420  L=0.0322  D=2.436
[regir_last] 3:57:25  160,451/1,000,000  11.3/s  upd=3424  L=0.0285  D=2.436
[regir_last] 3:57:37  160,844/1,000,000  11.3/s  upd=3427  L=0.0343  D=2.436
[regir_last] 3:57:51  160,844/1,000,000  11.3/s  upd=3432  L=0.0308  D=2.436
[regir_last] 3:58:02  160,844/1,000,000  11.3/s  upd=3432  L=0.0308  D=2.436
[regir_last] 3:58:15  161,148/1,000,000  11.3/s  upd=3436  L=0.0692  D=2.436
[regir_last] 3:58:25  161,148/1,000,000  11.3/s  upd=3439  L=0.0342  D=2.436
[regir_last] 3:58:36  161,148/1,000,000  11.3/s  upd=3440  L=0.0401  D=2.436
[regir_last] 3:58:47  161,508/1,000,000  11.3/s  upd=3444  L=0.0341  D=2.436
[regir_last] 3:58:57  161,508/1,000,000  11.3/s  upd=3447  L=0.0460  D=2.436
[regir_last] saved resume t_env=161,508
[regir_last] 3:59:12  161,812/1,000,000  11.3/s  upd=3449  L=0.0390  D=2.436
[regir_last] 3:59:25  161,812/1,000,000  11.3/s  upd=3452  L=0.0351  D=2.436
[regir_last] 3:59:35  161,812/1,000,000  11.3/s  upd=3455  L=0.0321  D=2.436
[regir_last] 3:59:45  161,812/1,000,000  11.2/s  upd=3456  L=0.0298  D=2.436
[regir_last] 3:59:56  162,126/1,000,000  11.3/s  upd=3457  L=0.0364  D=2.436
[regir_last] 4:00:07  162,126/1,000,000  11.3/s  upd=3461  L=0.0712  D=2.436
[regir_last] 4:00:19  162,126/1,000,000  11.2/s  upd=3464  L=0.0307  D=2.436
[regir_last] 4:00:29  162,126/1,000,000  11.2/s  upd=3464  L=0.0307  D=2.436
[regir_last] 4:00:41  162,439/1,000,000  11.2/s  upd=3468  L=0.0390  D=2.436
[regir_last] 4:00:52  162,439/1,000,000  11.2/s  upd=3472  L=0.0408  D=2.436
[regir_last] 4:01:03  162,754/1,000,000  11.3/s  upd=3475  L=0.0466  D=2.436
[regir_last] 4:01:14  162,754/1,000,000  11.2/s  upd=3479  L=0.0320  D=2.436
[regir_last] 4:01:25  163,118/1,000,000  11.3/s  upd=3482  L=0.0365  D=2.436
[regir_last] 4:01:39  163,118/1,000,000  11.3/s  upd=3486  L=0.0347  D=2.436
[regir_last] 4:01:49  163,118/1,000,000  11.2/s  upd=3488  L=0.0394  D=2.436
[regir_last] 4:02:00  163,474/1,000,000  11.3/s  upd=3492  L=0.0462  D=2.436
[regir_last] 4:02:12  163,474/1,000,000  11.2/s  upd=3495  L=0.0408  D=2.436
[regir_last] 4:04:13  163,474/1,000,000  11.2/s  upd=3496  L=0.0406  D=2.436
[regir_last] 4:04:24  163,795/1,000,000  11.2/s  upd=3499  L=0.0487  D=2.436
[regir_last] 4:04:35  163,795/1,000,000  11.2/s  upd=3504  L=0.0338  D=2.436
[regir_last] 4:04:45  164,158/1,000,000  11.2/s  upd=3507  L=0.0291  D=2.436
[regir_last] 4:04:56  164,158/1,000,000  11.2/s  upd=3512  L=0.0290  D=2.436
[regir_last] 4:05:06  164,466/1,000,000  11.2/s  upd=3516  L=0.0422  D=2.436
[regir_last] 4:05:16  164,466/1,000,000  11.2/s  upd=3520  L=0.0261  D=2.436
[regir_last] 4:05:28  164,763/1,000,000  11.2/s  upd=3523  L=0.0315  D=2.436
[regir_last] 4:05:41  164,763/1,000,000  11.2/s  upd=3527  L=0.0575  D=2.436
[regir_last] 4:05:53  165,108/1,000,000  11.2/s  upd=3529  L=0.0335  D=2.436
[regir_last] 4:06:05  165,108/1,000,000  11.2/s  upd=3534  L=0.0319  D=2.436
[regir_last] 4:06:15  165,108/1,000,000  11.2/s  upd=3536  L=0.0484  D=2.436
[regir_last] 4:06:27  165,452/1,000,000  11.2/s  upd=3537  L=0.0217  D=2.436
[regir_last] 4:06:40  165,452/1,000,000  11.2/s  upd=3541  L=0.0366  D=2.436
[regir_last] 4:06:53  165,452/1,000,000  11.2/s  upd=3544  L=0.0585  D=2.436
[regir_last] 4:07:05  165,869/1,000,000  11.2/s  upd=3547  L=0.0506  D=2.436
[regir_last] 4:07:16  165,869/1,000,000  11.2/s  upd=3550  L=0.0291  D=2.436
[regir_last] 4:07:26  166,199/1,000,000  11.2/s  upd=3554  L=0.0374  D=2.436
[regir_last] 4:07:37  166,199/1,000,000  11.2/s  upd=3558  L=0.0533  D=2.436
[regir_last] 4:07:47  166,501/1,000,000  11.2/s  upd=3561  L=0.0421  D=2.436
[regir_last] 4:07:57  166,501/1,000,000  11.2/s  upd=3565  L=0.0375  D=2.436
[regir_last] 4:08:07  166,501/1,000,000  11.2/s  upd=3568  L=0.0348  D=2.436
[regir_last] 4:08:21  166,839/1,000,000  11.2/s  upd=3573  L=0.0375  D=2.436
[regir_last] 4:08:31  166,839/1,000,000  11.2/s  upd=3576  L=0.0428  D=2.436
[regir_last] 4:08:43  167,155/1,000,000  11.2/s  upd=3580  L=0.0435  D=2.436
[regir_last] 4:08:56  167,155/1,000,000  11.2/s  upd=3584  L=0.0430  D=2.436
[regir_last] 4:09:07  167,458/1,000,000  11.2/s  upd=3588  L=0.0382  D=2.436
[regir_last] 4:09:18  167,458/1,000,000  11.2/s  upd=3592  L=0.0351  D=2.436
[regir_last] saved resume t_env=167,458
[regir_last] 4:11:23  167,458/1,000,000  11.1/s  upd=3592  L=0.0351  D=2.436
[regir_last] 4:11:35  167,814/1,000,000  11.1/s  upd=3594  L=0.0416  D=2.436
[regir_last] 4:11:46  167,814/1,000,000  11.1/s  upd=3598  L=0.0408  D=2.436
[regir_last] 4:11:59  168,112/1,000,000  11.1/s  upd=3602  L=0.0347  D=2.436
[regir_last] 4:12:11  168,112/1,000,000  11.1/s  upd=3606  L=0.0356  D=2.436
[regir_last] 4:12:21  168,112/1,000,000  11.1/s  upd=3608  L=0.0257  D=2.436
[regir_last] 4:12:32  168,459/1,000,000  11.1/s  upd=3612  L=0.0446  D=2.436
[regir_last] 4:12:44  168,849/1,000,000  11.1/s  upd=3618  L=0.0260  D=2.436
[regir_last] 4:12:54  168,849/1,000,000  11.1/s  upd=3623  L=0.0290  D=2.436
[regir_last] 4:13:05  169,157/1,000,000  11.1/s  upd=3628  L=0.0341  D=2.436
[regir_last] 4:13:17  169,550/1,000,000  11.2/s  upd=3633  L=0.0331  D=2.436
[regir_last] 4:13:28  169,550/1,000,000  11.1/s  upd=3638  L=0.0473  D=2.436
[regir_last] 4:13:42  169,916/1,000,000  11.2/s  upd=3642  L=0.0339  D=2.436
[regir_last] 4:13:54  169,916/1,000,000  11.2/s  upd=3646  L=0.0345  D=2.436
[regir_last] 4:14:04  169,916/1,000,000  11.1/s  upd=3648  L=0.0382  D=2.436
[regir_last] 4:14:18  170,245/1,000,000  11.2/s  upd=3651  L=0.0489  D=2.436
[regir_last] 4:14:28  170,245/1,000,000  11.2/s  upd=3654  L=0.0343  D=2.436
[regir_last] 4:14:39  170,590/1,000,000  11.2/s  upd=3657  L=0.0335  D=2.436
[regir_last] 4:14:50  170,590/1,000,000  11.2/s  upd=3661  L=0.0345  D=2.436
[regir_last] 4:15:01  170,903/1,000,000  11.2/s  upd=3666  L=0.0373  D=2.436
[regir_last] 4:15:14  170,903/1,000,000  11.2/s  upd=3672  L=0.0405  D=2.436
[regir_last] 4:15:27  171,230/1,000,000  11.2/s  upd=3677  L=0.0401  D=2.436
[regir_last] 4:15:38  171,572/1,000,000  11.2/s  upd=3681  L=0.0324  D=2.436
[regir_last] 4:15:49  171,572/1,000,000  11.2/s  upd=3684  L=0.0450  D=2.436
[regir_last] 4:16:02  171,572/1,000,000  11.2/s  upd=3687  L=0.0281  D=2.436
[regir_last] 4:16:13  171,934/1,000,000  11.2/s  upd=3690  L=0.0404  D=2.436
[regir_last] 4:16:23  171,934/1,000,000  11.2/s  upd=3693  L=0.0324  D=2.436
[regir_last] 4:18:34  171,934/1,000,000  11.1/s  upd=3696  L=0.0533  D=2.436
[regir_last] 4:18:46  172,242/1,000,000  11.1/s  upd=3699  L=0.0381  D=2.436
[regir_last] 4:18:58  172,242/1,000,000  11.1/s  upd=3704  L=0.0381  D=2.436
[regir_last] 4:19:09  172,544/1,000,000  11.1/s  upd=3707  L=0.0271  D=2.436
[regir_last] 4:19:19  172,544/1,000,000  11.1/s  upd=3711  L=0.0320  D=2.436
[regir_last] saved resume t_env=172,544
[regir_last] 4:19:29  172,819/1,000,000  11.1/s  upd=3713  L=0.0313  D=2.436
[regir_last] 4:19:40  172,819/1,000,000  11.1/s  upd=3716  L=0.0342  D=2.436
[regir_last] 4:19:52  172,819/1,000,000  11.1/s  upd=3720  L=0.0366  D=2.436
[regir_last] 4:20:04  173,166/1,000,000  11.1/s  upd=3721  L=0.0282  D=2.436
[regir_last] 4:20:15  173,166/1,000,000  11.1/s  upd=3726  L=0.0356  D=2.436
[regir_last] 4:20:25  173,166/1,000,000  11.1/s  upd=3728  L=0.0286  D=2.436
[regir_last] 4:20:36  173,538/1,000,000  11.1/s  upd=3733  L=0.0387  D=2.436
[regir_last] 4:20:47  173,538/1,000,000  11.1/s  upd=3736  L=0.0418  D=2.436
[regir_last] 4:20:57  173,891/1,000,000  11.1/s  upd=3738  L=0.0414  D=2.436
[regir_last] 4:21:11  173,891/1,000,000  11.1/s  upd=3743  L=0.0293  D=2.436
[regir_last] 4:21:23  174,214/1,000,000  11.1/s  upd=3745  L=0.0399  D=2.436
[regir_last] 4:21:34  174,214/1,000,000  11.1/s  upd=3750  L=0.0399  D=2.436
[regir_last] 4:21:44  174,214/1,000,000  11.1/s  upd=3752  L=0.0386  D=2.436
[regir_last] 4:21:56  174,531/1,000,000  11.1/s  upd=3756  L=0.0411  D=2.436
[regir_last] 4:22:09  174,531/1,000,000  11.1/s  upd=3760  L=0.0521  D=2.436
[regir_last] 4:22:21  174,856/1,000,000  11.1/s  upd=3761  L=0.0292  D=2.436
[regir_last] 4:22:32  174,856/1,000,000  11.1/s  upd=3765  L=0.0244  D=2.436
[regir_last] 4:22:48  174,856/1,000,000  11.1/s  upd=3768  L=0.0230  D=2.436
[regir_last] 4:22:59  175,177/1,000,000  11.1/s  upd=3772  L=0.0349  D=2.436
[regir_last] 4:23:10  175,177/1,000,000  11.1/s  upd=3775  L=0.0298  D=2.436
[regir_last] 4:23:20  175,177/1,000,000  11.1/s  upd=3776  L=0.0375  D=2.436
[regir_last] 4:23:31  175,549/1,000,000  11.1/s  upd=3780  L=0.0655  D=2.436
[regir_last] 4:23:41  175,549/1,000,000  11.1/s  upd=3784  L=0.0427  D=2.436
[regir_last] 4:27:20  175,549/1,000,000  10.9/s  upd=3784  L=0.0427  D=2.436
[regir_last] 4:27:32  175,833/1,000,000  11.0/s  upd=3788  L=0.0403  D=2.436
[regir_last] 4:27:42  175,833/1,000,000  10.9/s  upd=3792  L=0.0448  D=2.436
[regir_last] 4:27:55  176,137/1,000,000  11.0/s  upd=3797  L=0.0406  D=2.436
[regir_last] 4:28:06  176,446/1,000,000  11.0/s  upd=3802  L=0.0414  D=2.436
[regir_last] 4:28:17  176,446/1,000,000  11.0/s  upd=3806  L=0.0372  D=2.436
[regir_last] 4:28:28  176,827/1,000,000  11.0/s  upd=3810  L=0.0367  D=2.436
[regir_last] 4:28:40  176,827/1,000,000  11.0/s  upd=3815  L=0.0342  D=2.436
[regir_last] 4:28:52  177,243/1,000,000  11.0/s  upd=3818  L=0.0422  D=2.436
[regir_last] 4:29:03  177,243/1,000,000  11.0/s  upd=3822  L=0.0389  D=2.436
[regir_last] 4:29:14  177,612/1,000,000  11.0/s  upd=3827  L=0.0261  D=2.436
[regir_last] 4:29:25  177,612/1,000,000  11.0/s  upd=3831  L=0.0314  D=2.436
[regir_last] saved resume t_env=177,612
[regir_last] 4:29:35  177,995/1,000,000  11.0/s  upd=3834  L=0.0270  D=2.436
[regir_last] 4:29:47  177,995/1,000,000  11.0/s  upd=3839  L=0.0338  D=2.436
[regir_last] 4:29:57  177,995/1,000,000  11.0/s  upd=3840  L=0.0380  D=2.436
[regir_last] 4:30:08  178,284/1,000,000  11.0/s  upd=3844  L=0.0347  D=2.436
[regir_last] 4:30:20  178,284/1,000,000  11.0/s  upd=3848  L=0.0409  D=2.436
[regir_last] 4:30:32  178,620/1,000,000  11.0/s  upd=3850  L=0.0412  D=2.436
[regir_last] 4:30:43  178,620/1,000,000  11.0/s  upd=3853  L=0.0341  D=2.436
[regir_last] 4:30:54  178,620/1,000,000  11.0/s  upd=3856  L=0.0327  D=2.436
[regir_last] 4:31:05  178,951/1,000,000  11.0/s  upd=3858  L=0.0464  D=2.436
[regir_last] 4:31:15  178,951/1,000,000  11.0/s  upd=3861  L=0.0377  D=2.436
[regir_last] 4:31:27  178,951/1,000,000  11.0/s  upd=3864  L=0.0408  D=2.436
[regir_last] 4:31:37  178,951/1,000,000  11.0/s  upd=3864  L=0.0408  D=2.436
[regir_last] 4:31:49  179,299/1,000,000  11.0/s  upd=3868  L=0.0345  D=2.436
[regir_last] 4:32:00  179,299/1,000,000  11.0/s  upd=3871  L=0.0240  D=2.436
[regir_last] 4:32:11  179,689/1,000,000  11.0/s  upd=3875  L=0.0254  D=2.436
[regir_last] 4:32:21  179,689/1,000,000  11.0/s  upd=3878  L=0.0370  D=2.436
[regir_last] 4:35:33  179,689/1,000,000  10.9/s  upd=3880  L=0.0430  D=2.436
[regir_last] 4:35:44  179,990/1,000,000  10.9/s  upd=3884  L=0.0352  D=2.436
[regir_last] 4:35:56  179,990/1,000,000  10.9/s  upd=3888  L=0.0343  D=2.436
[regir_last] 4:36:06  180,354/1,000,000  10.9/s  upd=3892  L=0.0326  D=2.436
[regir_last] 4:36:17  180,354/1,000,000  10.9/s  upd=3896  L=0.0262  D=2.436
[regir_last] saved resume t_env=180,354
[regir_last] 4:36:36  180,354/1,000,000  10.9/s  upd=3896  L=0.0262  ev=0/100  D=2.436
[regir_last] 4:36:46  180,354/1,000,000  10.9/s  upd=3896  L=0.0262  ev=10/100  D=2.436
[regir_last] 4:36:57  180,354/1,000,000  10.9/s  upd=3896  L=0.0262  ev=18/100  D=2.436
[regir_last] 4:37:07  180,354/1,000,000  10.8/s  upd=3896  L=0.0262  ev=24/100  D=2.436
[regir_last] 4:37:17  180,354/1,000,000  10.8/s  upd=3896  L=0.0262  ev=33/100  D=2.436
[regir_last] 4:37:27  180,354/1,000,000  10.8/s  upd=3896  L=0.0262  ev=41/100  D=2.436
[regir_last] 4:37:37  180,354/1,000,000  10.8/s  upd=3896  L=0.0262  ev=48/100  D=2.436
[regir_last] 4:37:47  180,354/1,000,000  10.8/s  upd=3896  L=0.0262  ev=54/100  D=2.436
[regir_last] 4:37:57  180,354/1,000,000  10.8/s  upd=3896  L=0.0262  ev=56/100  D=2.436
[regir_last] 4:38:08  180,354/1,000,000  10.8/s  upd=3896  L=0.0262  ev=63/100  D=2.436
[regir_last] 4:38:18  180,354/1,000,000  10.8/s  upd=3896  L=0.0262  ev=72/100  D=2.436
[regir_last] 4:38:28  180,354/1,000,000  10.8/s  upd=3896  L=0.0262  ev=72/100  D=2.436
[regir_last] 4:38:38  180,354/1,000,000  10.8/s  upd=3896  L=0.0262  ev=80/100  D=2.436
[regir_last] 4:38:48  180,354/1,000,000  10.8/s  upd=3896  L=0.0262  ev=85/100  D=2.436
[regir_last] 4:38:58  180,354/1,000,000  10.8/s  upd=3896  L=0.0262  ev=88/100  D=2.436
[regir_last] 4:39:09  180,354/1,000,000  10.8/s  upd=3896  L=0.0262  ev=95/100  D=2.436
[regir_last] 4:41:00  180,354/1,000,000  10.7/s  upd=3896  L=0.0262  D=2.546
[regir_last] 4:44:24  180,354/1,000,000  10.6/s  upd=3896  L=0.0262  D=2.546
[regir_last] 4:44:37  180,675/1,000,000  10.6/s  upd=3900  L=0.0455  D=2.546
[regir_last] 4:44:47  180,675/1,000,000  10.6/s  upd=3904  L=0.0412  D=2.546
[regir_last] 4:44:58  180,997/1,000,000  10.6/s  upd=3908  L=0.0308  D=2.546
[regir_last] 4:45:09  180,997/1,000,000  10.6/s  upd=3911  L=0.0423  D=2.546
[regir_last] 4:45:19  180,997/1,000,000  10.6/s  upd=3912  L=0.0548  D=2.546
[regir_last] 4:45:30  181,327/1,000,000  10.6/s  upd=3914  L=0.0621  D=2.546
[regir_last] 4:45:42  181,327/1,000,000  10.6/s  upd=3917  L=0.0229  D=2.546
[regir_last] 4:45:52  181,327/1,000,000  10.6/s  upd=3920  L=0.0348  D=2.546
[regir_last] 4:46:06  181,642/1,000,000  10.6/s  upd=3921  L=0.0495  D=2.546
[regir_last] 4:46:19  181,642/1,000,000  10.6/s  upd=3924  L=0.0309  D=2.546
[regir_last] 4:46:29  181,642/1,000,000  10.6/s  upd=3927  L=0.0332  D=2.546
[regir_last] saved resume t_env=181,642
[regir_last] 4:46:39  181,642/1,000,000  10.6/s  upd=3928  L=0.0302  D=2.546
[regir_last] 4:46:50  181,951/1,000,000  10.6/s  upd=3930  L=0.0316  D=2.546
[regir_last] 4:47:01  181,951/1,000,000  10.6/s  upd=3935  L=0.0269  D=2.546
[regir_last] 4:47:11  181,951/1,000,000  10.6/s  upd=3936  L=0.0352  D=2.546
[regir_last] 4:47:23  182,258/1,000,000  10.6/s  upd=3939  L=0.0272  D=2.546
[regir_last] 4:47:34  182,258/1,000,000  10.6/s  upd=3943  L=0.0346  D=2.546
[regir_last] 4:47:44  182,590/1,000,000  10.6/s  upd=3945  L=0.0521  D=2.546
[regir_last] 4:47:56  182,590/1,000,000  10.6/s  upd=3947  L=0.0400  D=2.546
[regir_last] 4:48:07  182,590/1,000,000  10.6/s  upd=3951  L=0.0355  D=2.546
[regir_last] 4:48:18  182,590/1,000,000  10.6/s  upd=3952  L=0.0332  D=2.546
[regir_last] 4:48:29  182,970/1,000,000  10.6/s  upd=3955  L=0.0253  D=2.546
[regir_last] 4:48:40  182,970/1,000,000  10.6/s  upd=3960  L=0.0274  D=2.546
[regir_last] 4:48:50  182,970/1,000,000  10.6/s  upd=3960  L=0.0274  D=2.546
[regir_last] 4:49:01  183,285/1,000,000  10.6/s  upd=3963  L=0.0355  D=2.546
[regir_last] 4:49:13  183,285/1,000,000  10.6/s  upd=3968  L=0.0330  D=2.546
[regir_last] 4:49:26  183,580/1,000,000  10.6/s  upd=3972  L=0.0424  D=2.546
[regir_last] 4:50:57  183,580/1,000,000  10.5/s  upd=3976  L=0.0326  D=2.546
[regir_last] 4:51:07  183,904/1,000,000  10.5/s  upd=3983  L=0.0337  D=2.546
[regir_last] 4:51:18  184,258/1,000,000  10.5/s  upd=3991  L=0.0329  D=2.546
[regir_last] 4:51:29  184,578/1,000,000  10.6/s  upd=3999  L=0.0357  D=2.546
[regir_last] 4:51:39  184,903/1,000,000  10.6/s  upd=4008  L=0.0285  D=2.546
[regir_last] 4:51:50  185,249/1,000,000  10.6/s  upd=4016  L=0.0356  D=2.546
[regir_last] 4:52:00  185,568/1,000,000  10.6/s  upd=4024  L=0.0474  D=2.546
[regir_last] 4:52:11  185,862/1,000,000  10.6/s  upd=4031  L=0.0325  D=2.546
[regir_last] 4:52:22  186,188/1,000,000  10.6/s  upd=4038  L=0.0647  D=2.546
[regir_last] 4:52:32  186,579/1,000,000  10.6/s  upd=4045  L=0.0416  D=2.546
[regir_last] 4:52:43  186,980/1,000,000  10.6/s  upd=4051  L=0.0227  D=2.546
[regir_last] 4:52:53  186,980/1,000,000  10.6/s  upd=4055  L=0.0328  D=2.546
[regir_last] 4:53:04  187,284/1,000,000  10.7/s  upd=4060  L=0.0457  D=2.546
[regir_last] 4:53:14  187,284/1,000,000  10.6/s  upd=4064  L=0.0414  D=2.546
[regir_last] 4:53:24  187,701/1,000,000  10.7/s  upd=4070  L=0.0299  D=2.546
[regir_last] 4:53:38  187,993/1,000,000  10.7/s  upd=4076  L=0.0287  D=2.546
[regir_last] 4:53:51  188,274/1,000,000  10.7/s  upd=4081  L=0.0604  D=2.546
[regir_last] 4:54:01  188,274/1,000,000  10.7/s  upd=4085  L=0.0297  D=2.546
[regir_last] 4:54:11  188,274/1,000,000  10.7/s  upd=4088  L=0.0393  D=2.546
[regir_last] 4:54:22  188,619/1,000,000  10.7/s  upd=4093  L=0.0326  D=2.546
[regir_last] 4:54:32  188,619/1,000,000  10.7/s  upd=4096  L=0.0362  D=2.546
[regir_last] 4:54:45  189,022/1,000,000  10.7/s  upd=4099  L=0.0286  D=2.546
[regir_last] 4:54:56  189,022/1,000,000  10.7/s  upd=4103  L=0.0233  D=2.546
[regir_last] 4:55:06  189,378/1,000,000  10.7/s  upd=4107  L=0.0341  D=2.546
[regir_last] 4:55:16  189,679/1,000,000  10.7/s  upd=4113  L=0.0329  D=2.546
[regir_last] 4:55:27  189,679/1,000,000  10.7/s  upd=4119  L=0.0438  D=2.546
[regir_last] 4:55:38  189,980/1,000,000  10.7/s  upd=4125  L=0.0342  D=2.546
[regir_last] 4:55:50  190,306/1,000,000  10.7/s  upd=4129  L=0.0373  D=2.546
[regir_last] 4:56:02  190,306/1,000,000  10.7/s  upd=4135  L=0.0403  D=2.546
[regir_last] 4:59:48  190,306/1,000,000  10.6/s  upd=4136  L=0.0371  D=2.546
[regir_last] 4:59:59  190,608/1,000,000  10.6/s  upd=4140  L=0.0364  D=2.546
[regir_last] 5:00:11  190,608/1,000,000  10.6/s  upd=4144  L=0.0308  D=2.546
[regir_last] saved resume t_env=190,608
[regir_last] 5:00:22  190,911/1,000,000  10.6/s  upd=4145  L=0.0385  D=2.546
[regir_last] 5:00:34  190,911/1,000,000  10.6/s  upd=4151  L=0.0375  D=2.546
[regir_last] 5:00:44  190,911/1,000,000  10.6/s  upd=4152  L=0.0324  D=2.546
[regir_last] 5:00:55  191,273/1,000,000  10.6/s  upd=4154  L=0.0355  D=2.546
[regir_last] 5:01:05  191,273/1,000,000  10.6/s  upd=4157  L=0.0400  D=2.546
[regir_last] 5:01:15  191,273/1,000,000  10.6/s  upd=4160  L=0.0315  D=2.546
[regir_last] 5:01:30  191,616/1,000,000  10.6/s  upd=4161  L=0.0369  D=2.546
[regir_last] 5:01:43  191,616/1,000,000  10.6/s  upd=4164  L=0.0449  D=2.546
[regir_last] 5:01:56  191,616/1,000,000  10.6/s  upd=4168  L=0.0485  D=2.546
[regir_last] 5:02:09  191,921/1,000,000  10.6/s  upd=4172  L=0.0476  D=2.546
[regir_last] 5:02:21  191,921/1,000,000  10.6/s  upd=4176  L=0.0432  D=2.546
[regir_last] 5:02:33  192,312/1,000,000  10.6/s  upd=4178  L=0.0337  D=2.546
[regir_last] 5:02:44  192,312/1,000,000  10.6/s  upd=4182  L=0.0328  D=2.546
[regir_last] 5:02:55  192,647/1,000,000  10.6/s  upd=4185  L=0.0413  D=2.546
[regir_last] 5:03:08  192,647/1,000,000  10.6/s  upd=4191  L=0.0418  D=2.546
[regir_last] 5:03:19  192,945/1,000,000  10.6/s  upd=4193  L=0.0281  D=2.546
[regir_last] 5:03:30  192,945/1,000,000  10.6/s  upd=4198  L=0.0479  D=2.546
[regir_last] 5:03:41  193,294/1,000,000  10.6/s  upd=4203  L=0.0470  D=2.546
[regir_last] 5:03:51  193,294/1,000,000  10.6/s  upd=4208  L=0.0397  D=2.546
[regir_last] 5:04:03  193,619/1,000,000  10.6/s  upd=4214  L=0.0370  D=2.546
[regir_last] 5:04:14  193,926/1,000,000  10.6/s  upd=4219  L=0.0291  D=2.546
[regir_last] 5:04:26  193,926/1,000,000  10.6/s  upd=4224  L=0.0254  D=2.546
[regir_last] 5:04:38  194,271/1,000,000  10.6/s  upd=4229  L=0.0511  D=2.546
[regir_last] 5:04:49  194,622/1,000,000  10.6/s  upd=4234  L=0.0377  D=2.546
[regir_last] 5:05:03  194,622/1,000,000  10.6/s  upd=4238  L=0.0294  D=2.546
[regir_last] 5:07:34  194,622/1,000,000  10.5/s  upd=4240  L=0.0293  D=2.546
[regir_last] 5:07:46  194,923/1,000,000  10.6/s  upd=4243  L=0.0268  D=2.546
[regir_last] 5:07:56  194,923/1,000,000  10.5/s  upd=4247  L=0.0309  D=2.546
[regir_last] 5:08:06  194,923/1,000,000  10.5/s  upd=4248  L=0.0421  D=2.546
[regir_last] 5:08:17  195,263/1,000,000  10.6/s  upd=4252  L=0.0343  D=2.546
[regir_last] 5:08:27  195,263/1,000,000  10.6/s  upd=4254  L=0.0317  D=2.546
[regir_last] 5:08:38  195,263/1,000,000  10.5/s  upd=4256  L=0.0339  D=2.546
[regir_last] 5:08:48  195,562/1,000,000  10.6/s  upd=4258  L=0.0376  D=2.546
[regir_last] 5:08:59  195,562/1,000,000  10.5/s  upd=4260  L=0.0299  D=2.546
[regir_last] 5:09:10  195,562/1,000,000  10.5/s  upd=4263  L=0.0289  D=2.546
[regir_last] 5:09:20  195,562/1,000,000  10.5/s  upd=4264  L=0.0494  D=2.546
[regir_last] 5:09:30  195,894/1,000,000  10.5/s  upd=4265  L=0.0185  D=2.546
[regir_last] 5:09:40  195,894/1,000,000  10.5/s  upd=4268  L=0.0366  D=2.546
[regir_last] 5:09:54  195,894/1,000,000  10.5/s  upd=4272  L=0.0399  D=2.546
[regir_last] 5:10:09  196,185/1,000,000  10.5/s  upd=4274  L=0.0305  D=2.546
[regir_last] 5:10:20  196,185/1,000,000  10.5/s  upd=4277  L=0.0390  D=2.546
[regir_last] saved resume t_env=196,185
[regir_last] 5:10:31  196,185/1,000,000  10.5/s  upd=4280  L=0.0253  D=2.546
[regir_last] 5:10:42  196,477/1,000,000  10.5/s  upd=4283  L=0.0301  D=2.546
[regir_last] 5:10:53  196,477/1,000,000  10.5/s  upd=4287  L=0.0252  D=2.546
[regir_last] 5:11:04  196,796/1,000,000  10.5/s  upd=4290  L=0.0446  D=2.546
[regir_last] 5:11:15  196,796/1,000,000  10.5/s  upd=4295  L=0.0343  D=2.546
[regir_last] 5:11:25  197,143/1,000,000  10.6/s  upd=4299  L=0.0339  D=2.546
[regir_last] 5:11:35  197,515/1,000,000  10.6/s  upd=4306  L=0.0401  D=2.546
[regir_last] 5:11:47  197,831/1,000,000  10.6/s  upd=4314  L=0.0354  D=2.546
[regir_last] 5:11:58  198,150/1,000,000  10.6/s  upd=4321  L=0.0298  D=2.546
[regir_last] 5:12:08  198,150/1,000,000  10.6/s  upd=4327  L=0.0508  D=2.546
[regir_last] 5:12:18  198,451/1,000,000  10.6/s  upd=4333  L=0.0479  D=2.546
[regir_last] 5:12:30  198,730/1,000,000  10.6/s  upd=4339  L=0.0449  D=2.546
[regir_last] 5:15:54  198,730/1,000,000  10.5/s  upd=4344  L=0.0357  D=2.546
[regir_last] 5:16:06  199,069/1,000,000  10.5/s  upd=4347  L=0.0492  D=2.546
[regir_last] 5:16:18  199,069/1,000,000  10.5/s  upd=4351  L=0.0405  D=2.546
[regir_last] 5:16:28  199,069/1,000,000  10.5/s  upd=4352  L=0.0425  D=2.546
[regir_last] 5:16:42  199,446/1,000,000  10.5/s  upd=4355  L=0.0426  D=2.546
[regir_last] 5:16:55  199,446/1,000,000  10.5/s  upd=4359  L=0.0394  D=2.546
[regir_last] 5:17:05  199,446/1,000,000  10.5/s  upd=4360  L=0.0287  D=2.546
[regir_last] 5:17:16  199,789/1,000,000  10.5/s  upd=4362  L=0.0342  D=2.546
[regir_last] 5:17:28  199,789/1,000,000  10.5/s  upd=4365  L=0.0259  D=2.546
[regir_last] 5:17:38  199,789/1,000,000  10.5/s  upd=4368  L=0.0239  D=2.546
[regir_last] 5:17:50  200,104/1,000,000  10.5/s  upd=4369  L=0.0311  D=2.546
[regir_last] 5:18:02  200,104/1,000,000  10.5/s  upd=4372  L=0.0313  D=2.546
[regir_last] 5:18:14  200,104/1,000,000  10.5/s  upd=4376  L=0.0283  D=2.546
[regir_last] saved resume t_env=200,104
[regir_last] 5:18:34  200,104/1,000,000  10.5/s  upd=4376  L=0.0283  ev=0/100  D=2.546
[regir_last] 5:18:44  200,104/1,000,000  10.5/s  upd=4376  L=0.0283  ev=16/100  D=2.546
[regir_last] 5:18:54  200,104/1,000,000  10.5/s  upd=4376  L=0.0283  ev=56/100  D=2.546
[regir_last] 5:22:01  200,104/1,000,000  10.4/s  upd=4376  L=0.0283  D=2.077
[regir_last] 5:24:51  200,104/1,000,000  10.3/s  upd=4376  L=0.0283  D=2.077
[regir_last] 5:25:05  200,390/1,000,000  10.3/s  upd=4377  L=0.0348  D=2.077
[regir_last] 5:25:16  200,390/1,000,000  10.3/s  upd=4381  L=0.0290  D=2.077
[regir_last] 5:25:26  200,390/1,000,000  10.3/s  upd=4384  L=0.0428  D=2.077
[regir_last] 5:25:39  200,718/1,000,000  10.3/s  upd=4385  L=0.0384  D=2.077
[regir_last] 5:25:52  200,718/1,000,000  10.3/s  upd=4388  L=0.0312  D=2.077
[regir_last] 5:26:02  200,718/1,000,000  10.3/s  upd=4392  L=0.0398  D=2.077
[regir_last] 5:26:13  201,075/1,000,000  10.3/s  upd=4395  L=0.0366  D=2.077
[regir_last] 5:26:25  201,075/1,000,000  10.3/s  upd=4399  L=0.0517  D=2.077
[regir_last] 5:26:35  201,075/1,000,000  10.3/s  upd=4400  L=0.0381  D=2.077
[regir_last] 5:26:47  201,426/1,000,000  10.3/s  upd=4404  L=0.0328  D=2.077
[regir_last] 5:26:58  201,426/1,000,000  10.3/s  upd=4408  L=0.0343  D=2.077
[regir_last] 5:27:08  201,772/1,000,000  10.3/s  upd=4413  L=0.0382  D=2.077
[regir_last] 5:27:20  202,094/1,000,000  10.3/s  upd=4417  L=0.0326  D=2.077
[regir_last] 5:27:32  202,094/1,000,000  10.3/s  upd=4422  L=0.0499  D=2.077
[regir_last] 5:27:43  202,408/1,000,000  10.3/s  upd=4426  L=0.0376  D=2.077
[regir_last] 5:27:55  202,408/1,000,000  10.3/s  upd=4432  L=0.0345  D=2.077
[regir_last] 5:28:06  202,748/1,000,000  10.3/s  upd=4437  L=0.0255  D=2.077
[regir_last] 5:28:18  203,070/1,000,000  10.3/s  upd=4442  L=0.0307  D=2.077
[regir_last] 5:28:30  203,070/1,000,000  10.3/s  upd=4448  L=0.0377  D=2.077
[regir_last] saved resume t_env=203,070
[regir_last] 5:28:42  203,423/1,000,000  10.3/s  upd=4452  L=0.0228  D=2.077
[regir_last] 5:28:54  203,810/1,000,000  10.3/s  upd=4458  L=0.0565  D=2.077
[regir_last] 5:29:05  203,810/1,000,000  10.3/s  upd=4462  L=0.0277  D=2.077
[regir_last] 5:29:15  204,142/1,000,000  10.3/s  upd=4468  L=0.0216  D=2.077
[regir_last] 5:29:27  204,472/1,000,000  10.3/s  upd=4474  L=0.0317  D=2.077
[regir_last] 5:29:37  204,472/1,000,000  10.3/s  upd=4479  L=0.0382  D=2.077
[regir_last] 5:29:48  204,821/1,000,000  10.4/s  upd=4484  L=0.0392  D=2.077
[regir_last] 5:32:11  204,821/1,000,000  10.3/s  upd=4488  L=0.0372  D=2.077
[regir_last] 5:32:21  205,180/1,000,000  10.3/s  upd=4495  L=0.0291  D=2.077
[regir_last] 5:32:32  205,550/1,000,000  10.3/s  upd=4502  L=0.0238  D=2.077
[regir_last] 5:32:43  205,845/1,000,000  10.3/s  upd=4512  L=0.0356  D=2.077
[regir_last] 5:32:53  206,514/1,000,000  10.3/s  upd=4521  L=0.0342  D=2.077
[regir_last] 5:33:04  206,887/1,000,000  10.4/s  upd=4530  L=0.0296  D=2.077
[regir_last] 5:33:15  207,242/1,000,000  10.4/s  upd=4539  L=0.0291  D=2.077
[regir_last] 5:33:25  207,595/1,000,000  10.4/s  upd=4548  L=0.0387  D=2.077
[regir_last] 5:33:36  207,985/1,000,000  10.4/s  upd=4557  L=0.0450  D=2.077
[regir_last] 5:33:46  208,310/1,000,000  10.4/s  upd=4565  L=0.0316  D=2.077
[regir_last] 5:33:56  208,310/1,000,000  10.4/s  upd=4568  L=0.0336  D=2.077
[regir_last] 5:34:06  208,752/1,000,000  10.4/s  upd=4572  L=0.0433  D=2.077
[regir_last] 5:34:17  208,752/1,000,000  10.4/s  upd=4576  L=0.0307  D=2.077
[regir_last] 5:34:29  209,098/1,000,000  10.4/s  upd=4581  L=0.0374  D=2.077
[regir_last] 5:34:39  209,098/1,000,000  10.4/s  upd=4584  L=0.0441  D=2.077
[regir_last] 5:34:50  209,381/1,000,000  10.4/s  upd=4588  L=0.0405  D=2.077
[regir_last] 5:35:00  209,381/1,000,000  10.4/s  upd=4592  L=0.0444  D=2.077
[regir_last] 5:35:15  209,725/1,000,000  10.4/s  upd=4596  L=0.0319  D=2.077
[regir_last] 5:35:26  209,725/1,000,000  10.4/s  upd=4600  L=0.0403  D=2.077
[regir_last] 5:35:36  209,725/1,000,000  10.4/s  upd=4600  L=0.0403  D=2.077
[regir_last] 5:35:46  210,136/1,000,000  10.4/s  upd=4602  L=0.0353  D=2.077
[regir_last] 5:35:57  210,136/1,000,000  10.4/s  upd=4606  L=0.0734  D=2.077
[regir_last] 5:36:07  210,136/1,000,000  10.4/s  upd=4608  L=0.0547  D=2.077
[regir_last] 5:36:17  210,136/1,000,000  10.4/s  upd=4608  L=0.0547  D=2.077
[regir_last] 5:36:30  210,483/1,000,000  10.4/s  upd=4612  L=0.0375  D=2.077
[regir_last] 5:36:40  210,483/1,000,000  10.4/s  upd=4616  L=0.0343  D=2.077
[regir_last] 5:36:50  210,764/1,000,000  10.4/s  upd=4619  L=0.0462  D=2.077
[regir_last] 5:37:01  210,764/1,000,000  10.4/s  upd=4623  L=0.0442  D=2.077
[regir_last] 5:37:11  210,764/1,000,000  10.4/s  upd=4624  L=0.0432  D=2.077
[regir_last] 5:37:24  211,088/1,000,000  10.4/s  upd=4626  L=0.0325  D=2.077
[regir_last] 5:37:38  211,088/1,000,000  10.4/s  upd=4632  L=0.0348  D=2.077
[regir_last] 5:40:30  211,088/1,000,000  10.3/s  upd=4632  L=0.0348  D=2.077
[regir_last] 5:40:41  211,378/1,000,000  10.3/s  upd=4637  L=0.0401  D=2.077
[regir_last] saved resume t_env=211,378
[regir_last] 5:40:51  211,378/1,000,000  10.3/s  upd=4640  L=0.0215  D=2.077
[regir_last] 5:41:01  211,769/1,000,000  10.3/s  upd=4645  L=0.0436  D=2.077
[regir_last] 5:41:16  212,084/1,000,000  10.4/s  upd=4650  L=0.0264  D=2.077
[regir_last] 5:41:29  212,084/1,000,000  10.4/s  upd=4654  L=0.0319  D=2.077
[regir_last] 5:41:40  212,399/1,000,000  10.4/s  upd=4657  L=0.0487  D=2.077
[regir_last] 5:41:51  212,399/1,000,000  10.4/s  upd=4660  L=0.0319  D=2.077
[regir_last] 5:42:01  212,399/1,000,000  10.3/s  upd=4664  L=0.0392  D=2.077
[regir_last] 5:42:13  212,733/1,000,000  10.4/s  upd=4668  L=0.0621  D=2.077
[regir_last] 5:42:23  212,733/1,000,000  10.4/s  upd=4671  L=0.0454  D=2.077
[regir_last] 5:42:33  212,733/1,000,000  10.3/s  upd=4672  L=0.0428  D=2.077
[regir_last] 5:42:45  213,069/1,000,000  10.4/s  upd=4675  L=0.0414  D=2.077
[regir_last] 5:42:56  213,069/1,000,000  10.4/s  upd=4678  L=0.0423  D=2.077
[regir_last] 5:43:06  213,069/1,000,000  10.3/s  upd=4680  L=0.0282  D=2.077
[regir_last] 5:43:18  213,389/1,000,000  10.4/s  upd=4681  L=0.0465  D=2.077
[regir_last] 5:43:29  213,389/1,000,000  10.4/s  upd=4686  L=0.0317  D=2.077
[regir_last] 5:43:39  213,389/1,000,000  10.3/s  upd=4688  L=0.0265  D=2.077
[regir_last] 5:43:51  213,645/1,000,000  10.4/s  upd=4691  L=0.0321  D=2.077
[regir_last] 5:44:03  213,645/1,000,000  10.3/s  upd=4695  L=0.0216  D=2.077
[regir_last] 5:44:13  213,645/1,000,000  10.3/s  upd=4696  L=0.0362  D=2.077
[regir_last] 5:44:24  213,959/1,000,000  10.4/s  upd=4700  L=0.0511  D=2.077
[regir_last] 5:44:35  213,959/1,000,000  10.3/s  upd=4703  L=0.0383  D=2.077
[regir_last] 5:44:45  214,275/1,000,000  10.4/s  upd=4705  L=0.0356  D=2.077
[regir_last] 5:44:56  214,275/1,000,000  10.4/s  upd=4708  L=0.0543  D=2.077
[regir_last] 5:45:06  214,275/1,000,000  10.3/s  upd=4712  L=0.0578  D=2.077
[regir_last] 5:45:19  214,634/1,000,000  10.4/s  upd=4714  L=0.0274  D=2.077
[regir_last] 5:45:34  214,634/1,000,000  10.4/s  upd=4718  L=0.0265  D=2.077
[regir_last] 5:48:56  214,634/1,000,000  10.3/s  upd=4720  L=0.0445  D=2.077
[regir_last] 5:49:06  215,017/1,000,000  10.3/s  upd=4725  L=0.0455  D=2.077
[regir_last] 5:49:17  215,315/1,000,000  10.3/s  upd=4731  L=0.0326  D=2.077
[regir_last] 5:49:27  215,315/1,000,000  10.3/s  upd=4736  L=0.0261  D=2.077
[regir_last] 5:49:39  215,687/1,000,000  10.3/s  upd=4742  L=0.0249  D=2.077
[regir_last] 5:49:50  215,687/1,000,000  10.3/s  upd=4744  L=0.0296  D=2.077
[regir_last] 5:50:01  216,024/1,000,000  10.3/s  upd=4749  L=0.0486  D=2.077
[regir_last] 5:50:11  216,024/1,000,000  10.3/s  upd=4752  L=0.0505  D=2.077
[regir_last] 5:50:24  216,339/1,000,000  10.3/s  upd=4755  L=0.0411  D=2.077
[regir_last] 5:50:39  216,339/1,000,000  10.3/s  upd=4758  L=0.0431  D=2.077
[regir_last] 5:50:50  216,339/1,000,000  10.3/s  upd=4760  L=0.0415  D=2.077
[regir_last] 5:51:02  216,711/1,000,000  10.3/s  upd=4762  L=0.0456  D=2.077
[regir_last] 5:51:14  216,711/1,000,000  10.3/s  upd=4765  L=0.0396  D=2.077
[regir_last] saved resume t_env=216,711
[regir_last] 5:51:25  216,711/1,000,000  10.3/s  upd=4768  L=0.0320  D=2.077
[regir_last] 5:51:35  216,711/1,000,000  10.3/s  upd=4768  L=0.0320  D=2.077
[regir_last] 5:51:48  217,031/1,000,000  10.3/s  upd=4771  L=0.0308  D=2.077
[regir_last] 5:51:59  217,031/1,000,000  10.3/s  upd=4775  L=0.0437  D=2.077
[regir_last] 5:52:12  217,303/1,000,000  10.3/s  upd=4778  L=0.0401  D=2.077
[regir_last] 5:52:23  217,303/1,000,000  10.3/s  upd=4780  L=0.0422  D=2.077
[regir_last] 5:52:33  217,303/1,000,000  10.3/s  upd=4784  L=0.0258  D=2.077
[regir_last] 5:52:45  217,548/1,000,000  10.3/s  upd=4786  L=0.0248  D=2.077
[regir_last] 5:52:57  217,548/1,000,000  10.3/s  upd=4790  L=0.0336  D=2.077
[regir_last] 5:53:07  217,548/1,000,000  10.3/s  upd=4792  L=0.0390  D=2.077
[regir_last] 5:53:19  217,866/1,000,000  10.3/s  upd=4795  L=0.0453  D=2.077
[regir_last] 5:53:29  217,866/1,000,000  10.3/s  upd=4798  L=0.0299  D=2.077
[regir_last] 5:53:40  218,183/1,000,000  10.3/s  upd=4801  L=0.0327  D=2.077
[regir_last] 5:53:52  218,183/1,000,000  10.3/s  upd=4805  L=0.0252  D=2.077
[regir_last] 5:56:17  218,183/1,000,000  10.2/s  upd=4808  L=0.0217  D=2.077
[regir_last] 5:56:27  218,535/1,000,000  10.2/s  upd=4816  L=0.0673  D=2.077
[regir_last] 5:56:38  218,866/1,000,000  10.2/s  upd=4824  L=0.0265  D=2.077
[regir_last] 5:56:49  219,174/1,000,000  10.2/s  upd=4832  L=0.0298  D=2.077
[regir_last] 5:57:00  219,472/1,000,000  10.2/s  upd=4837  L=0.0254  D=2.077
[regir_last] 5:57:11  219,780/1,000,000  10.3/s  upd=4841  L=0.0483  D=2.077
[regir_last] 5:57:22  219,780/1,000,000  10.2/s  upd=4845  L=0.0732  D=2.077
[regir_last] 5:57:32  219,780/1,000,000  10.2/s  upd=4848  L=0.0329  D=2.077
[regir_last] 5:57:48  220,111/1,000,000  10.3/s  upd=4851  L=0.0193  D=2.077
[regir_last] 5:57:58  220,111/1,000,000  10.2/s  upd=4855  L=0.0483  D=2.077
[regir_last] saved resume t_env=220,111
[regir_last] 5:58:21  220,111/1,000,000  10.2/s  upd=4856  L=0.0356  ev=0/100  D=2.077
[regir_last] 5:58:31  220,111/1,000,000  10.2/s  upd=4856  L=0.0356  ev=7/100  D=2.077
[regir_last] 5:58:41  220,111/1,000,000  10.2/s  upd=4856  L=0.0356  ev=16/100  D=2.077
[regir_last] 5:58:51  220,111/1,000,000  10.2/s  upd=4856  L=0.0356  ev=23/100  D=2.077
[regir_last] 5:59:01  220,111/1,000,000  10.2/s  upd=4856  L=0.0356  ev=32/100  D=2.077
[regir_last] 5:59:11  220,111/1,000,000  10.2/s  upd=4856  L=0.0356  ev=40/100  D=2.077
[regir_last] 5:59:22  220,111/1,000,000  10.2/s  upd=4856  L=0.0356  ev=50/100  D=2.077
[regir_last] 5:59:32  220,111/1,000,000  10.2/s  upd=4856  L=0.0356  ev=58/100  D=2.077
[regir_last] 5:59:42  220,111/1,000,000  10.2/s  upd=4856  L=0.0356  ev=63/100  D=2.077
[regir_last] 5:59:52  220,111/1,000,000  10.2/s  upd=4856  L=0.0356  ev=72/100  D=2.077
[regir_last] 6:00:02  220,111/1,000,000  10.2/s  upd=4856  L=0.0356  ev=82/100  D=2.077
[regir_last] 6:00:12  220,111/1,000,000  10.2/s  upd=4856  L=0.0356  ev=96/100  D=2.077
[regir_last] 6:03:37  220,111/1,000,000  10.1/s  upd=4856  L=0.0356  D=1.864
[regir_last] 6:06:58  220,111/1,000,000  10.0/s  upd=4856  L=0.0356  D=1.864
[regir_last] 6:07:11  220,425/1,000,000  10.0/s  upd=4859  L=0.0372  D=1.864
[regir_last] 6:07:22  220,425/1,000,000  10.0/s  upd=4862  L=0.0329  D=1.864
[regir_last] 6:07:32  220,425/1,000,000  10.0/s  upd=4864  L=0.0386  D=1.864
[regir_last] 6:07:42  220,739/1,000,000  10.0/s  upd=4866  L=0.0286  D=1.864
[regir_last] 6:07:52  220,739/1,000,000  10.0/s  upd=4872  L=0.0258  D=1.864
[regir_last] 6:08:05  221,069/1,000,000  10.0/s  upd=4875  L=0.0275  D=1.864
[regir_last] saved resume t_env=221,069
[regir_last] 6:08:18  221,069/1,000,000  10.0/s  upd=4880  L=0.0512  D=1.864
[regir_last] 6:08:30  221,345/1,000,000  10.0/s  upd=4884  L=0.0378  D=1.864
[regir_last] 6:08:40  221,345/1,000,000  10.0/s  upd=4888  L=0.0552  D=1.864
[regir_last] 6:08:56  221,634/1,000,000  10.0/s  upd=4893  L=0.0383  D=1.864
[regir_last] 6:09:06  221,634/1,000,000  10.0/s  upd=4896  L=0.0341  D=1.864
[regir_last] 6:09:21  221,924/1,000,000  10.0/s  upd=4898  L=0.0442  D=1.864
[regir_last] 6:09:31  221,924/1,000,000  10.0/s  upd=4900  L=0.0331  D=1.864
[regir_last] 6:09:42  221,924/1,000,000  10.0/s  upd=4904  L=0.0298  D=1.864
[regir_last] 6:09:55  222,206/1,000,000  10.0/s  upd=4905  L=0.0525  D=1.864
[regir_last] 6:10:08  222,206/1,000,000  10.0/s  upd=4908  L=0.0526  D=1.864
[regir_last] 6:10:19  222,206/1,000,000  10.0/s  upd=4912  L=0.0351  D=1.864
[regir_last] 6:10:29  222,206/1,000,000  10.0/s  upd=4912  L=0.0351  D=1.864
[regir_last] 6:10:40  222,478/1,000,000  10.0/s  upd=4915  L=0.0491  D=1.864
[regir_last] 6:10:51  222,478/1,000,000  10.0/s  upd=4918  L=0.0318  D=1.864
[regir_last] 6:11:01  222,478/1,000,000  10.0/s  upd=4920  L=0.0512  D=1.864
[regir_last] 6:11:11  222,478/1,000,000  10.0/s  upd=4920  L=0.0512  D=1.864
[regir_last] 6:11:22  222,865/1,000,000  10.0/s  upd=4922  L=0.0255  D=1.864
[regir_last] 6:11:35  222,865/1,000,000  10.0/s  upd=4927  L=0.0308  D=1.864
[regir_last] 6:11:47  223,186/1,000,000  10.0/s  upd=4929  L=0.0300  D=1.864
[regir_last] 6:11:59  223,186/1,000,000  10.0/s  upd=4932  L=0.0369  D=1.864
[regir_last] 6:12:10  223,186/1,000,000  10.0/s  upd=4936  L=0.0334  D=1.864
[regir_last] 6:14:15  223,186/1,000,000  9.9/s  upd=4936  L=0.0334  D=1.864
[regir_last] 6:14:28  223,490/1,000,000  9.9/s  upd=4938  L=0.0336  D=1.864
[regir_last] 6:14:38  223,490/1,000,000  9.9/s  upd=4941  L=0.0306  D=1.864
[regir_last] 6:14:48  223,490/1,000,000  9.9/s  upd=4944  L=0.0331  D=1.864
[regir_last] 6:15:00  223,790/1,000,000  9.9/s  upd=4949  L=0.0332  D=1.864
[regir_last] 6:15:10  223,790/1,000,000  9.9/s  upd=4952  L=0.0480  D=1.864
[regir_last] 6:15:21  224,143/1,000,000  10.0/s  upd=4956  L=0.0341  D=1.864
[regir_last] 6:15:32  224,143/1,000,000  9.9/s  upd=4960  L=0.0375  D=1.864
[regir_last] 6:15:43  224,403/1,000,000  10.0/s  upd=4963  L=0.0566  D=1.864
[regir_last] 6:15:55  224,403/1,000,000  9.9/s  upd=4968  L=0.0369  D=1.864
[regir_last] 6:16:05  224,682/1,000,000  10.0/s  upd=4970  L=0.0516  D=1.864
[regir_last] 6:16:16  224,682/1,000,000  10.0/s  upd=4974  L=0.0712  D=1.864
[regir_last] 6:16:27  225,038/1,000,000  10.0/s  upd=4977  L=0.0291  D=1.864
[regir_last] 6:16:39  225,038/1,000,000  10.0/s  upd=4982  L=0.0304  D=1.864
[regir_last] 6:16:49  225,038/1,000,000  10.0/s  upd=4984  L=0.0366  D=1.864
[regir_last] 6:16:59  225,369/1,000,000  10.0/s  upd=4985  L=0.0354  D=1.864
[regir_last] 6:17:10  225,369/1,000,000  10.0/s  upd=4988  L=0.0456  D=1.864
[regir_last] 6:17:20  225,369/1,000,000  10.0/s  upd=4992  L=0.0375  D=1.864
[regir_last] 6:17:31  225,688/1,000,000  10.0/s  upd=4993  L=0.0452  D=1.864
[regir_last] 6:17:41  225,688/1,000,000  10.0/s  upd=4996  L=0.0320  D=1.864
[regir_last] 6:17:52  225,688/1,000,000  10.0/s  upd=4999  L=0.0520  D=1.864
[regir_last] 6:18:02  225,688/1,000,000  10.0/s  upd=5000  L=0.0427  D=1.864
[regir_last] 6:18:13  226,045/1,000,000  10.0/s  upd=5003  L=0.0252  D=1.864
[regir_last] 6:18:23  226,045/1,000,000  10.0/s  upd=5007  L=0.0350  D=1.864
[regir_last] saved resume t_env=226,045
[regir_last] 6:18:33  226,045/1,000,000  10.0/s  upd=5008  L=0.0353  D=1.864
[regir_last] 6:18:45  226,396/1,000,000  10.0/s  upd=5012  L=0.0383  D=1.864
[regir_last] 6:18:56  226,396/1,000,000  10.0/s  upd=5015  L=0.0386  D=1.864
[regir_last] 6:19:06  226,396/1,000,000  10.0/s  upd=5016  L=0.0260  D=1.864
[regir_last] 6:19:19  226,717/1,000,000  10.0/s  upd=5020  L=0.0397  D=1.864
[regir_last] 6:19:31  226,717/1,000,000  10.0/s  upd=5023  L=0.0229  D=1.864
[regir_last] 6:22:35  226,717/1,000,000  9.9/s  upd=5024  L=0.0382  D=1.864
[regir_last] 6:22:46  227,033/1,000,000  9.9/s  upd=5026  L=0.0431  D=1.864
[regir_last] 6:22:56  227,033/1,000,000  9.9/s  upd=5030  L=0.0273  D=1.864
[regir_last] 6:23:06  227,370/1,000,000  9.9/s  upd=5033  L=0.0345  D=1.864
[regir_last] 6:23:19  227,370/1,000,000  9.9/s  upd=5039  L=0.0278  D=1.864
[regir_last] 6:23:29  227,370/1,000,000  9.9/s  upd=5040  L=0.0402  D=1.864
[regir_last] 6:23:40  227,706/1,000,000  9.9/s  upd=5045  L=0.0466  D=1.864
[regir_last] 6:23:50  227,706/1,000,000  9.9/s  upd=5048  L=0.0488  D=1.864
[regir_last] 6:24:02  228,075/1,000,000  9.9/s  upd=5050  L=0.0448  D=1.864
[regir_last] 6:24:14  228,075/1,000,000  9.9/s  upd=5054  L=0.0378  D=1.864
[regir_last] 6:24:24  228,075/1,000,000  9.9/s  upd=5056  L=0.0464  D=1.864
[regir_last] 6:24:34  228,441/1,000,000  9.9/s  upd=5058  L=0.0313  D=1.864
[regir_last] 6:24:46  228,441/1,000,000  9.9/s  upd=5063  L=0.0327  D=1.864
[regir_last] 6:24:57  228,803/1,000,000  9.9/s  upd=5065  L=0.0197  D=1.864
[regir_last] 6:25:08  228,803/1,000,000  9.9/s  upd=5070  L=0.0212  D=1.864
[regir_last] 6:25:18  228,803/1,000,000  9.9/s  upd=5072  L=0.0292  D=1.864
[regir_last] 6:25:29  229,062/1,000,000  9.9/s  upd=5074  L=0.0209  D=1.864
[regir_last] 6:25:40  229,062/1,000,000  9.9/s  upd=5077  L=0.0344  D=1.864
[regir_last] 6:25:53  229,062/1,000,000  9.9/s  upd=5080  L=0.0293  D=1.864
[regir_last] 6:26:03  229,062/1,000,000  9.9/s  upd=5080  L=0.0293  D=1.864
[regir_last] 6:26:15  229,360/1,000,000  9.9/s  upd=5084  L=0.0243  D=1.864
[regir_last] 6:26:26  229,360/1,000,000  9.9/s  upd=5087  L=0.0523  D=1.864
[regir_last] 6:26:36  229,360/1,000,000  9.9/s  upd=5088  L=0.0489  D=1.864
[regir_last] 6:26:47  229,722/1,000,000  9.9/s  upd=5090  L=0.0479  D=1.864
[regir_last] 6:27:00  229,722/1,000,000  9.9/s  upd=5095  L=0.0347  D=1.864
[regir_last] 6:27:10  229,722/1,000,000  9.9/s  upd=5096  L=0.0372  D=1.864
[regir_last] 6:27:21  230,064/1,000,000  9.9/s  upd=5097  L=0.0481  D=1.864
[regir_last] 6:27:32  230,064/1,000,000  9.9/s  upd=5101  L=0.0346  D=1.864
[regir_last] 6:30:25  230,064/1,000,000  9.8/s  upd=5104  L=0.0359  D=1.864
[regir_last] 6:30:36  230,330/1,000,000  9.8/s  upd=5106  L=0.0370  D=1.864
[regir_last] 6:30:47  230,330/1,000,000  9.8/s  upd=5110  L=0.0297  D=1.864
[regir_last] saved resume t_env=230,330
[regir_last] 6:30:57  230,330/1,000,000  9.8/s  upd=5112  L=0.0416  D=1.864
[regir_last] 6:31:11  230,702/1,000,000  9.8/s  upd=5115  L=0.0282  D=1.864
[regir_last] 6:31:21  230,702/1,000,000  9.8/s  upd=5120  L=0.0289  D=1.864
[regir_last] 6:31:32  231,084/1,000,000  9.8/s  upd=5123  L=0.0264  D=1.864
[regir_last] 6:31:42  231,084/1,000,000  9.8/s  upd=5128  L=0.0289  D=1.864
[regir_last] 6:31:53  231,389/1,000,000  9.8/s  upd=5130  L=0.0392  D=1.864
[regir_last] 6:32:05  231,389/1,000,000  9.8/s  upd=5133  L=0.0367  D=1.864
[regir_last] 6:32:15  231,389/1,000,000  9.8/s  upd=5136  L=0.0315  D=1.864
[regir_last] 6:32:27  231,740/1,000,000  9.8/s  upd=5139  L=0.0264  D=1.864
[regir_last] 6:32:40  231,740/1,000,000  9.8/s  upd=5144  L=0.0326  D=1.864
[regir_last] 6:32:50  231,995/1,000,000  9.8/s  upd=5145  L=0.0456  D=1.864
[regir_last] 6:33:03  231,995/1,000,000  9.8/s  upd=5148  L=0.0546  D=1.864
[regir_last] 6:33:13  231,995/1,000,000  9.8/s  upd=5151  L=0.0195  D=1.864
[regir_last] 6:33:24  232,299/1,000,000  9.8/s  upd=5153  L=0.0570  D=1.864
[regir_last] 6:33:38  232,299/1,000,000  9.8/s  upd=5157  L=0.0367  D=1.864
[regir_last] 6:33:50  232,299/1,000,000  9.8/s  upd=5160  L=0.0228  D=1.864
[regir_last] 6:34:00  232,299/1,000,000  9.8/s  upd=5160  L=0.0228  D=1.864
[regir_last] 6:34:14  232,623/1,000,000  9.8/s  upd=5163  L=0.0319  D=1.864
[regir_last] 6:34:26  232,623/1,000,000  9.8/s  upd=5167  L=0.0534  D=1.864
[regir_last] 6:34:37  232,623/1,000,000  9.8/s  upd=5168  L=0.0336  D=1.864
[regir_last] 6:34:49  232,941/1,000,000  9.8/s  upd=5171  L=0.0254  D=1.864
[regir_last] 6:35:01  232,941/1,000,000  9.8/s  upd=5175  L=0.0400  D=1.864
[regir_last] 6:35:11  232,941/1,000,000  9.8/s  upd=5176  L=0.0373  D=1.864
[regir_last] 6:35:25  233,250/1,000,000  9.8/s  upd=5178  L=0.0303  D=1.864
[regir_last] 6:35:37  233,250/1,000,000  9.8/s  upd=5182  L=0.0446  D=1.864
[regir_last] 6:38:49  233,250/1,000,000  9.7/s  upd=5184  L=0.0398  D=1.864
[regir_last] 6:38:59  233,250/1,000,000  9.7/s  upd=5184  L=0.0398  D=1.864
[regir_last] 6:39:11  233,589/1,000,000  9.8/s  upd=5188  L=0.0301  D=1.864
[regir_last] 6:39:21  233,589/1,000,000  9.7/s  upd=5192  L=0.0468  D=1.864
[regir_last] 6:39:32  233,944/1,000,000  9.8/s  upd=5194  L=0.0360  D=1.864
[regir_last] 6:39:43  233,944/1,000,000  9.8/s  upd=5199  L=0.0370  D=1.864
[regir_last] 6:39:57  234,246/1,000,000  9.8/s  upd=5201  L=0.0381  D=1.864
[regir_last] 6:40:08  234,246/1,000,000  9.8/s  upd=5206  L=0.0379  D=1.864
[regir_last] 6:40:18  234,246/1,000,000  9.8/s  upd=5208  L=0.0346  D=1.864
[regir_last] 6:40:31  234,626/1,000,000  9.8/s  upd=5213  L=0.0487  D=1.864
[regir_last] 6:40:41  234,626/1,000,000  9.8/s  upd=5216  L=0.0377  D=1.864
[regir_last] 6:40:51  234,626/1,000,000  9.8/s  upd=5216  L=0.0377  D=1.864
[regir_last] 6:41:02  234,937/1,000,000  9.8/s  upd=5218  L=0.0246  D=1.864
[regir_last] 6:41:13  234,937/1,000,000  9.8/s  upd=5222  L=0.0457  D=1.864
[regir_last] saved resume t_env=234,937
[regir_last] 6:41:24  234,937/1,000,000  9.8/s  upd=5224  L=0.0346  D=1.864
[regir_last] 6:41:35  235,242/1,000,000  9.8/s  upd=5225  L=0.0483  D=1.864
[regir_last] 6:41:46  235,242/1,000,000  9.8/s  upd=5228  L=0.0355  D=1.864
[regir_last] 6:41:59  235,242/1,000,000  9.8/s  upd=5232  L=0.0292  D=1.864
[regir_last] 6:42:10  235,545/1,000,000  9.8/s  upd=5233  L=0.0423  D=1.864
[regir_last] 6:42:20  235,545/1,000,000  9.8/s  upd=5237  L=0.0389  D=1.864
[regir_last] 6:42:32  235,545/1,000,000  9.8/s  upd=5240  L=0.0452  D=1.864
[regir_last] 6:42:42  235,545/1,000,000  9.7/s  upd=5240  L=0.0452  D=1.864
[regir_last] 6:42:54  235,831/1,000,000  9.8/s  upd=5244  L=0.0352  D=1.864
[regir_last] 6:43:06  235,831/1,000,000  9.8/s  upd=5247  L=0.0493  D=1.864
[regir_last] 6:43:16  235,831/1,000,000  9.7/s  upd=5248  L=0.0618  D=1.864
[regir_last] 6:43:28  236,228/1,000,000  9.8/s  upd=5249  L=0.0421  D=1.864
[regir_last] 6:43:39  236,228/1,000,000  9.8/s  upd=5253  L=0.0373  D=1.864
[regir_last] 6:43:51  236,228/1,000,000  9.7/s  upd=5256  L=0.0390  D=1.864
[regir_last] 6:46:08  236,228/1,000,000  9.7/s  upd=5256  L=0.0390  D=1.864
[regir_last] 6:46:18  236,523/1,000,000  9.7/s  upd=5258  L=0.0402  D=1.864
[regir_last] 6:46:30  236,523/1,000,000  9.7/s  upd=5262  L=0.0385  D=1.864
[regir_last] 6:46:40  236,523/1,000,000  9.7/s  upd=5264  L=0.0344  D=1.864
[regir_last] 6:46:54  236,768/1,000,000  9.7/s  upd=5267  L=0.0356  D=1.864
[regir_last] 6:47:06  236,768/1,000,000  9.7/s  upd=5271  L=0.0349  D=1.864
[regir_last] 6:47:17  237,068/1,000,000  9.7/s  upd=5273  L=0.0344  D=1.864
[regir_last] 6:47:27  237,068/1,000,000  9.7/s  upd=5277  L=0.0324  D=1.864
[regir_last] 6:47:37  237,068/1,000,000  9.7/s  upd=5280  L=0.0342  D=1.864
[regir_last] 6:47:50  237,407/1,000,000  9.7/s  upd=5284  L=0.0387  D=1.864
[regir_last] 6:48:00  237,407/1,000,000  9.7/s  upd=5288  L=0.0425  D=1.864
[regir_last] 6:48:10  237,711/1,000,000  9.7/s  upd=5292  L=0.0364  D=1.864
[regir_last] 6:48:20  237,711/1,000,000  9.7/s  upd=5296  L=0.0283  D=1.864
[regir_last] 6:48:30  238,000/1,000,000  9.7/s  upd=5300  L=0.0675  D=1.864
[regir_last] 6:48:43  238,000/1,000,000  9.7/s  upd=5304  L=0.0284  D=1.864
[regir_last] 6:48:54  238,000/1,000,000  9.7/s  upd=5304  L=0.0284  D=1.864
[regir_last] 6:49:07  238,305/1,000,000  9.7/s  upd=5309  L=0.0264  D=1.864
[regir_last] 6:49:22  238,305/1,000,000  9.7/s  upd=5312  L=0.0294  D=1.864
[regir_last] 6:49:33  238,597/1,000,000  9.7/s  upd=5313  L=0.0326  D=1.864
[regir_last] 6:49:47  238,597/1,000,000  9.7/s  upd=5317  L=0.0260  D=1.864
[regir_last] 6:50:02  238,597/1,000,000  9.7/s  upd=5320  L=0.0413  D=1.864
[regir_last] 6:50:12  238,597/1,000,000  9.7/s  upd=5320  L=0.0413  D=1.864
[regir_last] 6:50:23  238,915/1,000,000  9.7/s  upd=5324  L=0.0338  D=1.864
[regir_last] 6:50:33  238,915/1,000,000  9.7/s  upd=5327  L=0.0369  D=1.864
[regir_last] 6:50:43  238,915/1,000,000  9.7/s  upd=5328  L=0.0370  D=1.864
[regir_last] 6:50:55  239,207/1,000,000  9.7/s  upd=5332  L=0.0269  D=1.864
[regir_last] 6:51:06  239,207/1,000,000  9.7/s  upd=5335  L=0.0332  D=1.864
[regir_last] 6:54:34  239,207/1,000,000  9.6/s  upd=5336  L=0.0347  D=1.864
[regir_last] 6:54:45  239,501/1,000,000  9.6/s  upd=5339  L=0.0321  D=1.864
[regir_last] saved resume t_env=239,501
[regir_last] 6:54:56  239,501/1,000,000  9.6/s  upd=5344  L=0.0386  D=1.864
[regir_last] 6:55:08  239,840/1,000,000  9.6/s  upd=5348  L=0.0303  D=1.864
[regir_last] 6:55:18  239,840/1,000,000  9.6/s  upd=5352  L=0.0335  D=1.864
[regir_last] 6:55:29  240,109/1,000,000  9.6/s  upd=5356  L=0.0249  D=1.864
[regir_last] 6:55:40  240,109/1,000,000  9.6/s  upd=5359  L=0.0260  D=1.864
[regir_last] saved resume t_env=240,109
[regir_last] 6:56:02  240,109/1,000,000  9.6/s  upd=5360  L=0.0291  ev=0/100  D=1.864
[regir_last] 6:56:12  240,109/1,000,000  9.6/s  upd=5360  L=0.0291  ev=18/100  D=1.864
[regir_last] 6:56:23  240,109/1,000,000  9.6/s  upd=5360  L=0.0291  ev=32/100  D=1.864
[regir_last] 6:56:33  240,109/1,000,000  9.6/s  upd=5360  L=0.0291  ev=44/100  D=1.864
[regir_last] 6:56:43  240,109/1,000,000  9.6/s  upd=5360  L=0.0291  ev=49/100  D=1.864
[regir_last] 6:56:53  240,109/1,000,000  9.6/s  upd=5360  L=0.0291  ev=64/100  D=1.864
[regir_last] 6:57:03  240,109/1,000,000  9.6/s  upd=5360  L=0.0291  ev=70/100  D=1.864
[regir_last] 6:57:13  240,109/1,000,000  9.6/s  upd=5360  L=0.0291  ev=74/100  D=1.864
[regir_last] 6:57:23  240,109/1,000,000  9.6/s  upd=5360  L=0.0291  ev=80/100  D=1.864
[regir_last] 6:57:33  240,109/1,000,000  9.6/s  upd=5360  L=0.0291  ev=87/100  D=1.864
[regir_last] 6:57:43  240,109/1,000,000  9.6/s  upd=5360  L=0.0291  ev=88/100  D=1.864
[regir_last] 6:57:53  240,109/1,000,000  9.6/s  upd=5360  L=0.0291  ev=96/100  D=1.864
[regir_last] 7:00:11  240,109/1,000,000  9.5/s  upd=5360  L=0.0291  D=1.671
[regir_last] 7:02:58  240,109/1,000,000  9.5/s  upd=5360  L=0.0291  D=1.671
[regir_last] 7:03:08  240,422/1,000,000  9.5/s  upd=5364  L=0.0246  D=1.671
[regir_last] 7:03:20  240,422/1,000,000  9.5/s  upd=5368  L=0.0567  D=1.671
[regir_last] 7:03:30  240,697/1,000,000  9.5/s  upd=5371  L=0.0333  D=1.671
[regir_last] 7:03:41  240,697/1,000,000  9.5/s  upd=5376  L=0.0377  D=1.671
[regir_last] 7:03:51  241,033/1,000,000  9.5/s  upd=5379  L=0.0441  D=1.671
[regir_last] 7:04:02  241,033/1,000,000  9.5/s  upd=5384  L=0.0350  D=1.671
[regir_last] 7:04:12  241,355/1,000,000  9.5/s  upd=5387  L=0.0294  D=1.671
[regir_last] 7:04:23  241,355/1,000,000  9.5/s  upd=5392  L=0.0259  D=1.671
[regir_last] 7:04:34  241,691/1,000,000  9.5/s  upd=5397  L=0.0415  D=1.671
[regir_last] 7:04:44  241,691/1,000,000  9.5/s  upd=5400  L=0.0279  D=1.671
[regir_last] 7:04:56  242,029/1,000,000  9.5/s  upd=5404  L=0.0318  D=1.671
[regir_last] 7:05:06  242,029/1,000,000  9.5/s  upd=5408  L=0.0265  D=1.671
[regir_last] 7:05:18  242,419/1,000,000  9.5/s  upd=5409  L=0.0434  D=1.671
[regir_last] 7:05:30  242,419/1,000,000  9.5/s  upd=5413  L=0.0428  D=1.671
[regir_last] 7:05:42  242,419/1,000,000  9.5/s  upd=5416  L=0.0317  D=1.671
[regir_last] 7:05:55  242,734/1,000,000  9.5/s  upd=5418  L=0.0432  D=1.671
[regir_last] 7:06:07  242,734/1,000,000  9.5/s  upd=5421  L=0.0288  D=1.671
[regir_last] 7:06:19  242,734/1,000,000  9.5/s  upd=5424  L=0.0356  D=1.671
[regir_last] saved resume t_env=242,734
[regir_last] 7:06:29  242,734/1,000,000  9.5/s  upd=5424  L=0.0356  D=1.671
[regir_last] 7:06:41  243,052/1,000,000  9.5/s  upd=5427  L=0.0276  D=1.671
[regir_last] 7:06:53  243,052/1,000,000  9.5/s  upd=5429  L=0.0342  D=1.671
[regir_last] 7:07:03  243,052/1,000,000  9.5/s  upd=5432  L=0.0332  D=1.671
[regir_last] 7:07:14  243,376/1,000,000  9.5/s  upd=5434  L=0.0257  D=1.671
[regir_last] 7:07:26  243,376/1,000,000  9.5/s  upd=5437  L=0.0290  D=1.671
[regir_last] 7:07:37  243,376/1,000,000  9.5/s  upd=5440  L=0.0401  D=1.671
[regir_last] 7:07:47  243,701/1,000,000  9.5/s  upd=5440  L=0.0401  D=1.671
[regir_last] 7:07:59  243,701/1,000,000  9.5/s  upd=5443  L=0.0347  D=1.671
[regir_last] 7:08:11  243,701/1,000,000  9.5/s  upd=5446  L=0.0390  D=1.671
[regir_last] 7:11:30  243,701/1,000,000  9.4/s  upd=5448  L=0.0260  D=1.671
[regir_last] 7:11:42  244,031/1,000,000  9.4/s  upd=5449  L=0.0359  D=1.671
[regir_last] 7:11:55  244,031/1,000,000  9.4/s  upd=5453  L=0.0422  D=1.671
[regir_last] 7:12:05  244,031/1,000,000  9.4/s  upd=5456  L=0.0265  D=1.671
[regir_last] 7:12:17  244,357/1,000,000  9.4/s  upd=5457  L=0.0256  D=1.671
[regir_last] 7:12:28  244,357/1,000,000  9.4/s  upd=5462  L=0.0328  D=1.671
[regir_last] 7:12:39  244,357/1,000,000  9.4/s  upd=5464  L=0.0406  D=1.671
[regir_last] 7:12:50  244,659/1,000,000  9.4/s  upd=5469  L=0.0387  D=1.671
[regir_last] 7:13:00  244,659/1,000,000  9.4/s  upd=5472  L=0.0421  D=1.671
[regir_last] 7:13:10  244,659/1,000,000  9.4/s  upd=5472  L=0.0421  D=1.671
[regir_last] 7:13:22  245,020/1,000,000  9.4/s  upd=5476  L=0.0795  D=1.671
[regir_last] 7:13:32  245,020/1,000,000  9.4/s  upd=5480  L=0.0390  D=1.671
[regir_last] 7:13:46  245,372/1,000,000  9.4/s  upd=5482  L=0.0380  D=1.671
[regir_last] 7:13:56  245,372/1,000,000  9.4/s  upd=5487  L=0.0267  D=1.671
[regir_last] 7:14:06  245,372/1,000,000  9.4/s  upd=5488  L=0.0240  D=1.671
[regir_last] 7:14:17  245,715/1,000,000  9.4/s  upd=5493  L=0.0328  D=1.671
[regir_last] 7:14:27  245,715/1,000,000  9.4/s  upd=5496  L=0.0292  D=1.671
[regir_last] 7:14:38  246,025/1,000,000  9.4/s  upd=5498  L=0.0596  D=1.671
[regir_last] 7:14:50  246,025/1,000,000  9.4/s  upd=5502  L=0.0281  D=1.671
[regir_last] 7:15:00  246,025/1,000,000  9.4/s  upd=5504  L=0.0344  D=1.671
[regir_last] 7:15:11  246,329/1,000,000  9.4/s  upd=5507  L=0.0406  D=1.671
[regir_last] 7:15:22  246,329/1,000,000  9.4/s  upd=5510  L=0.0395  D=1.671
[regir_last] 7:15:32  246,329/1,000,000  9.4/s  upd=5512  L=0.0277  D=1.671
[regir_last] 7:15:43  246,685/1,000,000  9.4/s  upd=5513  L=0.0256  D=1.671
[regir_last] 7:15:53  246,685/1,000,000  9.4/s  upd=5515  L=0.0378  D=1.671
[regir_last] 7:16:04  246,685/1,000,000  9.4/s  upd=5518  L=0.0335  D=1.671
[regir_last] 7:16:14  246,685/1,000,000  9.4/s  upd=5520  L=0.0368  D=1.671
[regir_last] 7:16:29  246,998/1,000,000  9.4/s  upd=5521  L=0.0448  D=1.671
[regir_last] 7:16:40  246,998/1,000,000  9.4/s  upd=5525  L=0.0547  D=1.671
[regir_last] 7:16:52  246,998/1,000,000  9.4/s  upd=5528  L=0.0276  D=1.671
[regir_last] saved resume t_env=246,998
[regir_last] 7:20:02  246,998/1,000,000  9.4/s  upd=5528  L=0.0276  D=1.671
[regir_last] 7:20:13  247,312/1,000,000  9.4/s  upd=5531  L=0.0502  D=1.671
[regir_last] 7:20:24  247,312/1,000,000  9.4/s  upd=5536  L=0.0281  D=1.671
[regir_last] 7:20:38  247,610/1,000,000  9.4/s  upd=5537  L=0.0410  D=1.671
[regir_last] 7:20:48  247,610/1,000,000  9.4/s  upd=5542  L=0.0310  D=1.671
[regir_last] 7:21:00  247,909/1,000,000  9.4/s  upd=5546  L=0.0454  D=1.671
[regir_last] 7:21:10  247,909/1,000,000  9.4/s  upd=5551  L=0.0343  D=1.671
[regir_last] 7:21:20  247,909/1,000,000  9.4/s  upd=5552  L=0.0464  D=1.671
[regir_last] 7:21:31  248,373/1,000,000  9.4/s  upd=5556  L=0.0341  D=1.671
[regir_last] 7:21:43  248,373/1,000,000  9.4/s  upd=5560  L=0.0537  D=1.671
[regir_last] 7:21:54  248,662/1,000,000  9.4/s  upd=5563  L=0.0389  D=1.671
[regir_last] 7:22:05  248,662/1,000,000  9.4/s  upd=5567  L=0.0309  D=1.671
[regir_last] 7:22:16  248,950/1,000,000  9.4/s  upd=5569  L=0.0292  D=1.671
[regir_last] 7:22:26  248,950/1,000,000  9.4/s  upd=5574  L=0.0279  D=1.671
[regir_last] 7:22:36  248,950/1,000,000  9.4/s  upd=5576  L=0.0329  D=1.671
[regir_last] 7:22:47  249,281/1,000,000  9.4/s  upd=5579  L=0.0247  D=1.671
[regir_last] 7:22:57  249,281/1,000,000  9.4/s  upd=5583  L=0.0485  D=1.671
[regir_last] 7:23:07  249,281/1,000,000  9.4/s  upd=5584  L=0.0412  D=1.671
[regir_last] 7:23:20  249,659/1,000,000  9.4/s  upd=5588  L=0.0756  D=1.671
[regir_last] 7:23:30  249,659/1,000,000  9.4/s  upd=5592  L=0.0329  D=1.671
[regir_last] 7:23:40  249,659/1,000,000  9.4/s  upd=5592  L=0.0329  D=1.671
[regir_last] 7:23:52  250,045/1,000,000  9.4/s  upd=5595  L=0.0318  D=1.671
[regir_last] 7:24:04  250,045/1,000,000  9.4/s  upd=5598  L=0.0367  D=1.671
[regir_last] 7:24:14  250,045/1,000,000  9.4/s  upd=5600  L=0.0447  D=1.671
[regir_last] 7:24:26  250,390/1,000,000  9.4/s  upd=5601  L=0.0456  D=1.671
[regir_last] 7:24:39  250,390/1,000,000  9.4/s  upd=5604  L=0.0272  D=1.671
[regir_last] 7:24:53  250,390/1,000,000  9.4/s  upd=5607  L=0.0332  D=1.671
[regir_last] 7:25:03  250,390/1,000,000  9.4/s  upd=5608  L=0.0574  D=1.671
[regir_last] 7:25:16  250,736/1,000,000  9.4/s  upd=5609  L=0.0438  D=1.671
[regir_last] 7:25:28  250,736/1,000,000  9.4/s  upd=5612  L=0.0471  D=1.671
[regir_last] 7:29:12  250,736/1,000,000  9.3/s  upd=5616  L=0.0571  D=1.671
[regir_last] 7:29:23  251,062/1,000,000  9.3/s  upd=5617  L=0.0355  D=1.671
[regir_last] 7:29:34  251,062/1,000,000  9.3/s  upd=5622  L=0.0254  D=1.671
[regir_last] saved resume t_env=251,062
[regir_last] 7:29:44  251,062/1,000,000  9.3/s  upd=5624  L=0.0337  D=1.671
[regir_last] 7:29:57  251,376/1,000,000  9.3/s  upd=5626  L=0.0346  D=1.671
[regir_last] 7:30:08  251,376/1,000,000  9.3/s  upd=5630  L=0.0368  D=1.671
[regir_last] 7:30:18  251,376/1,000,000  9.3/s  upd=5632  L=0.0323  D=1.671
[regir_last] 7:30:29  251,682/1,000,000  9.3/s  upd=5635  L=0.0290  D=1.671
[regir_last] 7:30:39  251,682/1,000,000  9.3/s  upd=5637  L=0.0197  D=1.671
[regir_last] 7:30:50  251,682/1,000,000  9.3/s  upd=5640  L=0.0497  D=1.671
[regir_last] 7:31:02  251,990/1,000,000  9.3/s  upd=5644  L=0.0277  D=1.671
[regir_last] 7:31:12  251,990/1,000,000  9.3/s  upd=5648  L=0.0376  D=1.671
[regir_last] 7:31:22  252,247/1,000,000  9.3/s  upd=5651  L=0.0405  D=1.671
[regir_last] 7:31:35  252,247/1,000,000  9.3/s  upd=5656  L=0.0490  D=1.671
[regir_last] 7:31:48  252,505/1,000,000  9.3/s  upd=5657  L=0.0320  D=1.671
[regir_last] 7:32:00  252,505/1,000,000  9.3/s  upd=5661  L=0.0374  D=1.671
[regir_last] 7:32:10  252,505/1,000,000  9.3/s  upd=5664  L=0.0307  D=1.671
[regir_last] 7:32:25  252,881/1,000,000  9.3/s  upd=5666  L=0.0380  D=1.671
[regir_last] 7:32:36  252,881/1,000,000  9.3/s  upd=5669  L=0.0306  D=1.671
[regir_last] 7:32:46  252,881/1,000,000  9.3/s  upd=5672  L=0.0250  D=1.671
[regir_last] 7:32:58  253,228/1,000,000  9.3/s  upd=5674  L=0.0371  D=1.671
[regir_last] 7:33:10  253,228/1,000,000  9.3/s  upd=5678  L=0.0322  D=1.671
[regir_last] 7:33:20  253,228/1,000,000  9.3/s  upd=5680  L=0.0452  D=1.671
[regir_last] 7:33:31  253,548/1,000,000  9.3/s  upd=5683  L=0.0395  D=1.671
[regir_last] 7:33:43  253,548/1,000,000  9.3/s  upd=5687  L=0.0464  D=1.671
[regir_last] 7:33:53  253,548/1,000,000  9.3/s  upd=5688  L=0.0294  D=1.671
[regir_last] 7:34:03  253,890/1,000,000  9.3/s  upd=5689  L=0.0356  D=1.671
[regir_last] 7:34:14  253,890/1,000,000  9.3/s  upd=5691  L=0.0342  D=1.671
[regir_last] 7:34:26  253,890/1,000,000  9.3/s  upd=5695  L=0.0326  D=1.671
[regir_last] 7:37:08  253,890/1,000,000  9.3/s  upd=5696  L=0.0371  D=1.671
[regir_last] 7:37:18  253,890/1,000,000  9.3/s  upd=5696  L=0.0371  D=1.671
[regir_last] 7:37:30  254,229/1,000,000  9.3/s  upd=5700  L=0.0298  D=1.671
[regir_last] 7:37:41  254,229/1,000,000  9.3/s  upd=5703  L=0.0367  D=1.671
[regir_last] 7:37:51  254,229/1,000,000  9.3/s  upd=5704  L=0.0413  D=1.671
[regir_last] 7:38:02  254,517/1,000,000  9.3/s  upd=5709  L=0.0286  D=1.671
[regir_last] 7:38:12  254,517/1,000,000  9.3/s  upd=5712  L=0.0606  D=1.671
[regir_last] 7:38:25  255,029/1,000,000  9.3/s  upd=5713  L=0.0340  D=1.671
[regir_last] 7:38:37  255,029/1,000,000  9.3/s  upd=5718  L=0.0433  D=1.671
[regir_last] 7:38:47  255,344/1,000,000  9.3/s  upd=5721  L=0.0432  D=1.671
[regir_last] 7:38:59  255,344/1,000,000  9.3/s  upd=5726  L=0.0324  D=1.671
[regir_last] 7:39:09  255,344/1,000,000  9.3/s  upd=5728  L=0.0422  D=1.671
[regir_last] 7:39:21  255,651/1,000,000  9.3/s  upd=5732  L=0.0276  D=1.671
[regir_last] 7:39:31  255,651/1,000,000  9.3/s  upd=5736  L=0.0332  D=1.671
[regir_last] 7:39:41  255,950/1,000,000  9.3/s  upd=5738  L=0.0322  D=1.671
[regir_last] 7:39:54  255,950/1,000,000  9.3/s  upd=5743  L=0.0381  D=1.671
[regir_last] saved resume t_env=255,950
[regir_last] 7:40:04  255,950/1,000,000  9.3/s  upd=5744  L=0.0388  D=1.671
[regir_last] 7:40:16  256,281/1,000,000  9.3/s  upd=5746  L=0.0323  D=1.671
[regir_last] 7:40:29  256,281/1,000,000  9.3/s  upd=5750  L=0.0353  D=1.671
[regir_last] 7:40:39  256,281/1,000,000  9.3/s  upd=5752  L=0.0395  D=1.671
[regir_last] 7:40:53  256,594/1,000,000  9.3/s  upd=5755  L=0.0444  D=1.671
[regir_last] 7:41:03  256,594/1,000,000  9.3/s  upd=5758  L=0.0292  D=1.671
[regir_last] 7:41:13  256,594/1,000,000  9.3/s  upd=5760  L=0.0312  D=1.671
[regir_last] 7:41:26  256,934/1,000,000  9.3/s  upd=5762  L=0.0541  D=1.671
[regir_last] 7:41:36  256,934/1,000,000  9.3/s  upd=5766  L=0.0412  D=1.671
[regir_last] 7:41:46  256,934/1,000,000  9.3/s  upd=5768  L=0.0320  D=1.671
[regir_last] 7:41:57  257,255/1,000,000  9.3/s  upd=5770  L=0.0356  D=1.671
[regir_last] 7:42:08  257,255/1,000,000  9.3/s  upd=5773  L=0.0350  D=1.671
[regir_last] 7:45:46  257,255/1,000,000  9.2/s  upd=5776  L=0.0459  D=1.671
[regir_last] 7:45:56  257,255/1,000,000  9.2/s  upd=5776  L=0.0459  D=1.671
[regir_last] 7:46:10  257,595/1,000,000  9.2/s  upd=5782  L=0.0422  D=1.671
[regir_last] 7:46:20  257,595/1,000,000  9.2/s  upd=5784  L=0.0394  D=1.671
[regir_last] 7:46:31  257,895/1,000,000  9.2/s  upd=5788  L=0.0359  D=1.671
[regir_last] 7:46:43  257,895/1,000,000  9.2/s  upd=5791  L=0.0427  D=1.671
[regir_last] 7:46:53  257,895/1,000,000  9.2/s  upd=5792  L=0.0334  D=1.671
[regir_last] 7:47:04  258,184/1,000,000  9.2/s  upd=5796  L=0.0438  D=1.671
[regir_last] 7:47:14  258,184/1,000,000  9.2/s  upd=5799  L=0.0401  D=1.671
[regir_last] 7:47:24  258,184/1,000,000  9.2/s  upd=5800  L=0.0255  D=1.671
[regir_last] 7:47:36  258,533/1,000,000  9.2/s  upd=5801  L=0.0351  D=1.671
[regir_last] 7:47:52  258,533/1,000,000  9.2/s  upd=5805  L=0.0391  D=1.671
[regir_last] 7:48:02  258,533/1,000,000  9.2/s  upd=5808  L=0.0377  D=1.671
[regir_last] 7:48:14  258,837/1,000,000  9.2/s  upd=5809  L=0.0447  D=1.671
[regir_last] 7:48:27  258,837/1,000,000  9.2/s  upd=5814  L=0.0355  D=1.671
[regir_last] 7:48:37  258,837/1,000,000  9.2/s  upd=5816  L=0.0259  D=1.671
[regir_last] 7:48:51  259,126/1,000,000  9.2/s  upd=5819  L=0.0388  D=1.671
[regir_last] 7:49:02  259,126/1,000,000  9.2/s  upd=5824  L=0.0353  D=1.671
[regir_last] 7:49:14  259,425/1,000,000  9.2/s  upd=5826  L=0.0306  D=1.671
[regir_last] 7:49:25  259,425/1,000,000  9.2/s  upd=5830  L=0.0295  D=1.671
[regir_last] 7:49:36  259,708/1,000,000  9.2/s  upd=5833  L=0.0340  D=1.671
[regir_last] 7:49:47  259,708/1,000,000  9.2/s  upd=5837  L=0.0310  D=1.671
[regir_last] 7:49:57  259,708/1,000,000  9.2/s  upd=5840  L=0.0244  D=1.671
[regir_last] 7:50:08  260,029/1,000,000  9.2/s  upd=5841  L=0.0369  D=1.671
[regir_last] 7:50:20  260,029/1,000,000  9.2/s  upd=5845  L=0.0423  D=1.671
[regir_last] saved resume t_env=260,029
[regir_last] 7:50:50  260,029/1,000,000  9.2/s  upd=5848  L=0.0594  ev=0/100  D=1.671
[regir_last] 7:51:00  260,029/1,000,000  9.2/s  upd=5848  L=0.0594  ev=7/100  D=1.671
[regir_last] 7:51:10  260,029/1,000,000  9.2/s  upd=5848  L=0.0594  ev=8/100  D=1.671
[regir_last] 7:51:20  260,029/1,000,000  9.2/s  upd=5848  L=0.0594  ev=15/100  D=1.671
[regir_last] 7:51:30  260,029/1,000,000  9.2/s  upd=5848  L=0.0594  ev=23/100  D=1.671
[regir_last] 7:51:41  260,029/1,000,000  9.2/s  upd=5848  L=0.0594  ev=24/100  D=1.671
[regir_last] 7:51:51  260,029/1,000,000  9.2/s  upd=5848  L=0.0594  ev=31/100  D=1.671
[regir_last] 7:52:01  260,029/1,000,000  9.2/s  upd=5848  L=0.0594  ev=34/100  D=1.671
[regir_last] 7:52:11  260,029/1,000,000  9.2/s  upd=5848  L=0.0594  ev=40/100  D=1.671
[regir_last] 7:52:21  260,029/1,000,000  9.2/s  upd=5848  L=0.0594  ev=48/100  D=1.671
[regir_last] 7:52:31  260,029/1,000,000  9.2/s  upd=5848  L=0.0594  ev=55/100  D=1.671
[regir_last] 7:52:41  260,029/1,000,000  9.2/s  upd=5848  L=0.0594  ev=64/100  D=1.671
[regir_last] 7:52:51  260,029/1,000,000  9.2/s  upd=5848  L=0.0594  ev=70/100  D=1.671
[regir_last] 7:53:01  260,029/1,000,000  9.2/s  upd=5848  L=0.0594  ev=80/100  D=1.671
[regir_last] 7:53:12  260,029/1,000,000  9.2/s  upd=5848  L=0.0594  ev=88/100  D=1.671
[regir_last] 7:53:22  260,029/1,000,000  9.2/s  upd=5848  L=0.0594  ev=96/100  D=1.671
[regir_last] 7:56:04  260,029/1,000,000  9.1/s  upd=5848  L=0.0594  D=2.816
[regir_last] 8:00:04  260,029/1,000,000  9.0/s  upd=5848  L=0.0594  D=2.816
[regir_last] 8:00:18  260,331/1,000,000  9.0/s  upd=5851  L=0.0272  D=2.816
[regir_last] 8:00:32  260,331/1,000,000  9.0/s  upd=5854  L=0.0269  D=2.816
[regir_last] saved resume t_env=260,331
[regir_last] 8:00:43  260,331/1,000,000  9.0/s  upd=5856  L=0.0214  D=2.816
[regir_last] 8:00:54  260,603/1,000,000  9.0/s  upd=5859  L=0.0338  D=2.816
[regir_last] 8:01:05  260,603/1,000,000  9.0/s  upd=5863  L=0.0296  D=2.816
[regir_last] 8:01:16  260,973/1,000,000  9.0/s  upd=5865  L=0.0279  D=2.816
[regir_last] 8:01:26  260,973/1,000,000  9.0/s  upd=5869  L=0.0182  D=2.816
[regir_last] 8:01:36  260,973/1,000,000  9.0/s  upd=5872  L=0.0272  D=2.816
[regir_last] 8:01:47  261,252/1,000,000  9.0/s  upd=5873  L=0.0225  D=2.816
[regir_last] 8:01:57  261,252/1,000,000  9.0/s  upd=5878  L=0.0387  D=2.816
[regir_last] 8:02:07  261,252/1,000,000  9.0/s  upd=5880  L=0.0416  D=2.816
[regir_last] 8:02:19  261,546/1,000,000  9.0/s  upd=5882  L=0.0406  D=2.816
[regir_last] 8:02:30  261,546/1,000,000  9.0/s  upd=5887  L=0.0284  D=2.816
[regir_last] 8:02:41  261,546/1,000,000  9.0/s  upd=5888  L=0.0295  D=2.816
[regir_last] 8:02:51  261,878/1,000,000  9.0/s  upd=5891  L=0.0329  D=2.816
[regir_last] 8:03:03  261,878/1,000,000  9.0/s  upd=5895  L=0.0384  D=2.816
[regir_last] 8:03:13  261,878/1,000,000  9.0/s  upd=5896  L=0.0431  D=2.816
[regir_last] 8:03:23  262,202/1,000,000  9.0/s  upd=5899  L=0.0457  D=2.816
[regir_last] 8:03:35  262,202/1,000,000  9.0/s  upd=5903  L=0.0316  D=2.816
[regir_last] 8:03:45  262,202/1,000,000  9.0/s  upd=5904  L=0.0274  D=2.816
[regir_last] 8:03:57  262,519/1,000,000  9.0/s  upd=5907  L=0.0294  D=2.816
[regir_last] 8:04:09  262,519/1,000,000  9.0/s  upd=5911  L=0.0386  D=2.816
[regir_last] 8:04:19  262,519/1,000,000  9.0/s  upd=5912  L=0.0368  D=2.816
[regir_last] 8:04:31  262,835/1,000,000  9.0/s  upd=5914  L=0.0259  D=2.816
[regir_last] 8:04:41  262,835/1,000,000  9.0/s  upd=5919  L=0.0311  D=2.816
[regir_last] 8:04:51  262,835/1,000,000  9.0/s  upd=5920  L=0.0329  D=2.816
[regir_last] 8:05:01  262,835/1,000,000  9.0/s  upd=5920  L=0.0329  D=2.816
[regir_last] 8:05:13  263,227/1,000,000  9.0/s  upd=5923  L=0.0441  D=2.816
[regir_last] 8:05:25  263,227/1,000,000  9.0/s  upd=5926  L=0.0252  D=2.816
[regir_last] 8:08:08  263,227/1,000,000  9.0/s  upd=5928  L=0.0250  D=2.816
[regir_last] 8:08:18  263,227/1,000,000  9.0/s  upd=5928  L=0.0250  D=2.816
[regir_last] 8:08:29  263,549/1,000,000  9.0/s  upd=5929  L=0.0241  D=2.816
[regir_last] 8:08:39  263,549/1,000,000  9.0/s  upd=5933  L=0.0369  D=2.816
[regir_last] 8:08:53  263,549/1,000,000  9.0/s  upd=5936  L=0.0256  D=2.816
[regir_last] 8:09:03  263,549/1,000,000  9.0/s  upd=5936  L=0.0256  D=2.816
[regir_last] 8:09:18  263,812/1,000,000  9.0/s  upd=5940  L=0.0335  D=2.816
[regir_last] 8:09:28  263,812/1,000,000  9.0/s  upd=5944  L=0.0373  D=2.816
[regir_last] 8:09:40  264,118/1,000,000  9.0/s  upd=5946  L=0.0539  D=2.816
[regir_last] 8:09:51  264,118/1,000,000  9.0/s  upd=5948  L=0.0814  D=2.816
[regir_last] 8:10:02  264,118/1,000,000  9.0/s  upd=5951  L=0.0294  D=2.816
[regir_last] 8:10:12  264,118/1,000,000  9.0/s  upd=5952  L=0.0354  D=2.816
[regir_last] 8:10:23  264,445/1,000,000  9.0/s  upd=5954  L=0.0376  D=2.816
[regir_last] 8:10:35  264,445/1,000,000  9.0/s  upd=5958  L=0.0490  D=2.816
[regir_last] saved resume t_env=264,445
[regir_last] 8:10:46  264,445/1,000,000  9.0/s  upd=5960  L=0.0277  D=2.816
[regir_last] 8:10:56  264,730/1,000,000  9.0/s  upd=5962  L=0.0226  D=2.816
[regir_last] 8:11:08  264,730/1,000,000  9.0/s  upd=5966  L=0.0228  D=2.816
[regir_last] 8:11:18  264,730/1,000,000  9.0/s  upd=5968  L=0.0229  D=2.816
[regir_last] 8:11:29  265,031/1,000,000  9.0/s  upd=5972  L=0.0529  D=2.816
[regir_last] 8:11:40  265,031/1,000,000  9.0/s  upd=5976  L=0.0392  D=2.816
[regir_last] 8:11:50  265,031/1,000,000  9.0/s  upd=5976  L=0.0392  D=2.816
[regir_last] 8:12:01  265,337/1,000,000  9.0/s  upd=5979  L=0.0310  D=2.816
[regir_last] 8:12:11  265,337/1,000,000  9.0/s  upd=5983  L=0.0305  D=2.816
[regir_last] 8:12:22  265,624/1,000,000  9.0/s  upd=5985  L=0.0279  D=2.816
[regir_last] 8:12:34  265,624/1,000,000  9.0/s  upd=5989  L=0.0273  D=2.816
[regir_last] 8:12:44  265,624/1,000,000  9.0/s  upd=5992  L=0.0378  D=2.816
[regir_last] 8:12:55  265,958/1,000,000  9.0/s  upd=5995  L=0.0561  D=2.816
[regir_last] 8:13:06  265,958/1,000,000  9.0/s  upd=6000  L=0.0369  D=2.816
[regir_last] 8:13:19  266,327/1,000,000  9.0/s  upd=6002  L=0.0384  D=2.816
[regir_last] 8:13:31  266,327/1,000,000  9.0/s  upd=6006  L=0.0415  D=2.816
[regir_last] 8:16:11  266,327/1,000,000  8.9/s  upd=6008  L=0.0299  D=2.816
[regir_last] 8:16:21  266,327/1,000,000  8.9/s  upd=6008  L=0.0299  D=2.816
[regir_last] 8:16:32  266,737/1,000,000  9.0/s  upd=6011  L=0.0394  D=2.816
[regir_last] 8:16:46  266,737/1,000,000  8.9/s  upd=6015  L=0.0321  D=2.816
[regir_last] 8:16:57  267,033/1,000,000  9.0/s  upd=6017  L=0.0293  D=2.816
[regir_last] 8:17:08  267,033/1,000,000  9.0/s  upd=6022  L=0.0283  D=2.816
[regir_last] 8:17:18  267,320/1,000,000  9.0/s  upd=6024  L=0.0407  D=2.816
[regir_last] 8:17:28  267,320/1,000,000  9.0/s  upd=6028  L=0.0349  D=2.816
[regir_last] 8:17:38  267,320/1,000,000  9.0/s  upd=6032  L=0.0414  D=2.816
[regir_last] 8:17:49  267,630/1,000,000  9.0/s  upd=6034  L=0.0459  D=2.816
[regir_last] 8:17:59  267,630/1,000,000  9.0/s  upd=6040  L=0.0296  D=2.816
[regir_last] 8:18:10  267,935/1,000,000  9.0/s  upd=6044  L=0.0420  D=2.816
[regir_last] 8:18:20  267,935/1,000,000  9.0/s  upd=6048  L=0.0347  D=2.816
[regir_last] 8:18:31  268,239/1,000,000  9.0/s  upd=6049  L=0.0439  D=2.816
[regir_last] 8:18:41  268,239/1,000,000  9.0/s  upd=6053  L=0.0319  D=2.816
[regir_last] 8:18:51  268,239/1,000,000  9.0/s  upd=6056  L=0.0322  D=2.816
[regir_last] 8:19:02  268,525/1,000,000  9.0/s  upd=6060  L=0.0310  D=2.816
[regir_last] 8:19:12  268,525/1,000,000  9.0/s  upd=6064  L=0.0210  D=2.816
[regir_last] 8:19:23  268,804/1,000,000  9.0/s  upd=6067  L=0.0277  D=2.816
[regir_last] 8:19:34  268,804/1,000,000  9.0/s  upd=6071  L=0.0314  D=2.816
[regir_last] 8:19:45  269,162/1,000,000  9.0/s  upd=6073  L=0.0386  D=2.816
[regir_last] 8:19:56  269,162/1,000,000  9.0/s  upd=6079  L=0.0406  D=2.816
[regir_last] 8:20:06  269,440/1,000,000  9.0/s  upd=6082  L=0.0348  D=2.816
[regir_last] 8:20:17  269,440/1,000,000  9.0/s  upd=6087  L=0.0259  D=2.816
[regir_last] 8:20:29  269,807/1,000,000  9.0/s  upd=6090  L=0.0508  D=2.816
[regir_last] 8:20:41  269,807/1,000,000  9.0/s  upd=6096  L=0.0334  D=2.816
[regir_last] 8:20:51  270,093/1,000,000  9.0/s  upd=6099  L=0.0305  D=2.816
[regir_last] saved resume t_env=270,093
[regir_last] 8:21:04  270,093/1,000,000  9.0/s  upd=6104  L=0.0533  D=2.816
[regir_last] 8:21:14  270,444/1,000,000  9.0/s  upd=6107  L=0.0364  D=2.816
[regir_last] 8:21:26  270,444/1,000,000  9.0/s  upd=6112  L=0.0244  D=2.816
[regir_last] 8:24:47  270,444/1,000,000  8.9/s  upd=6112  L=0.0244  D=2.816
[regir_last] 8:24:57  270,444/1,000,000  8.9/s  upd=6112  L=0.0244  D=2.816
[regir_last] 8:25:08  270,787/1,000,000  8.9/s  upd=6114  L=0.0306  D=2.816
[regir_last] 8:25:20  270,787/1,000,000  8.9/s  upd=6118  L=0.0246  D=2.816
[regir_last] 8:25:31  270,787/1,000,000  8.9/s  upd=6120  L=0.0266  D=2.816
[regir_last] 8:25:41  270,787/1,000,000  8.9/s  upd=6120  L=0.0266  D=2.816
[regir_last] 8:25:56  271,123/1,000,000  8.9/s  upd=6121  L=0.0283  D=2.816
[regir_last] 8:26:08  271,123/1,000,000  8.9/s  upd=6123  L=0.0265  D=2.816
[regir_last] 8:26:21  271,123/1,000,000  8.9/s  upd=6126  L=0.0328  D=2.816
[regir_last] 8:26:31  271,123/1,000,000  8.9/s  upd=6128  L=0.0299  D=2.816
[regir_last] 8:26:41  271,388/1,000,000  8.9/s  upd=6132  L=0.0261  D=2.816
[regir_last] 8:26:51  271,388/1,000,000  8.9/s  upd=6136  L=0.0425  D=2.816
[regir_last] 8:27:03  271,682/1,000,000  8.9/s  upd=6139  L=0.0398  D=2.816
[regir_last] 8:27:14  271,682/1,000,000  8.9/s  upd=6144  L=0.0350  D=2.816
[regir_last] 8:27:25  272,010/1,000,000  8.9/s  upd=6145  L=0.0303  D=2.816
[regir_last] 8:27:36  272,010/1,000,000  8.9/s  upd=6150  L=0.0404  D=2.816
[regir_last] 8:27:46  272,010/1,000,000  8.9/s  upd=6152  L=0.0253  D=2.816
[regir_last] 8:27:57  272,357/1,000,000  8.9/s  upd=6155  L=0.0244  D=2.816
[regir_last] 8:28:08  272,357/1,000,000  8.9/s  upd=6159  L=0.0321  D=2.816
[regir_last] 8:28:18  272,357/1,000,000  8.9/s  upd=6160  L=0.0350  D=2.816
[regir_last] 8:28:28  272,721/1,000,000  8.9/s  upd=6166  L=0.0341  D=2.816
[regir_last] 8:28:39  273,086/1,000,000  8.9/s  upd=6169  L=0.0388  D=2.816
[regir_last] 8:28:50  273,086/1,000,000  8.9/s  upd=6174  L=0.0255  D=2.816
[regir_last] 8:29:02  273,413/1,000,000  9.0/s  upd=6177  L=0.0318  D=2.816
[regir_last] 8:29:13  273,413/1,000,000  8.9/s  upd=6182  L=0.0292  D=2.816
[regir_last] 8:29:26  273,726/1,000,000  9.0/s  upd=6186  L=0.0335  D=2.816
[regir_last] 8:29:39  273,726/1,000,000  9.0/s  upd=6190  L=0.0392  D=2.816
[regir_last] 8:29:49  273,726/1,000,000  8.9/s  upd=6192  L=0.0287  D=2.816
[regir_last] 8:30:00  274,053/1,000,000  9.0/s  upd=6195  L=0.0333  D=2.816
[regir_last] 8:30:11  274,053/1,000,000  9.0/s  upd=6200  L=0.0334  D=2.816
[regir_last] 8:32:50  274,053/1,000,000  8.9/s  upd=6200  L=0.0334  D=2.816
[regir_last] 8:33:03  274,326/1,000,000  8.9/s  upd=6201  L=0.0326  D=2.816
[regir_last] 8:33:15  274,326/1,000,000  8.9/s  upd=6203  L=0.0373  D=2.816
[regir_last] 8:33:26  274,326/1,000,000  8.9/s  upd=6205  L=0.0422  D=2.816
[regir_last] saved resume t_env=274,326
[regir_last] 8:33:36  274,326/1,000,000  8.9/s  upd=6208  L=0.0343  D=2.816
[regir_last] 8:33:46  274,326/1,000,000  8.9/s  upd=6208  L=0.0343  D=2.816
[regir_last] 8:33:56  274,631/1,000,000  8.9/s  upd=6209  L=0.0376  D=2.816
[regir_last] 8:34:09  274,631/1,000,000  8.9/s  upd=6213  L=0.0352  D=2.816
[regir_last] 8:34:20  274,631/1,000,000  8.9/s  upd=6216  L=0.0301  D=2.816
[regir_last] 8:34:30  274,631/1,000,000  8.9/s  upd=6216  L=0.0301  D=2.816
[regir_last] 8:34:41  274,982/1,000,000  8.9/s  upd=6219  L=0.0290  D=2.816
[regir_last] 8:34:55  274,982/1,000,000  8.9/s  upd=6222  L=0.0234  D=2.816
[regir_last] 8:35:06  274,982/1,000,000  8.9/s  upd=6224  L=0.0328  D=2.816
[regir_last] 8:35:16  275,315/1,000,000  8.9/s  upd=6226  L=0.0374  D=2.816
[regir_last] 8:35:27  275,315/1,000,000  8.9/s  upd=6229  L=0.0427  D=2.816
[regir_last] 8:35:37  275,315/1,000,000  8.9/s  upd=6232  L=0.0490  D=2.816
[regir_last] 8:35:48  275,670/1,000,000  8.9/s  upd=6234  L=0.0340  D=2.816
[regir_last] 8:35:59  275,670/1,000,000  8.9/s  upd=6238  L=0.0281  D=2.816
[regir_last] 8:36:09  275,670/1,000,000  8.9/s  upd=6240  L=0.0248  D=2.816
[regir_last] 8:36:19  275,906/1,000,000  8.9/s  upd=6244  L=0.0261  D=2.816
[regir_last] 8:36:30  275,906/1,000,000  8.9/s  upd=6248  L=0.0367  D=2.816
[regir_last] 8:36:41  276,266/1,000,000  8.9/s  upd=6249  L=0.0398  D=2.816
[regir_last] 8:36:54  276,266/1,000,000  8.9/s  upd=6255  L=0.0399  D=2.816
[regir_last] 8:37:04  276,562/1,000,000  8.9/s  upd=6259  L=0.0318  D=2.816
[regir_last] 8:37:16  276,562/1,000,000  8.9/s  upd=6263  L=0.0287  D=2.816
[regir_last] 8:37:28  276,860/1,000,000  8.9/s  upd=6268  L=0.0369  D=2.816
[regir_last] 8:37:38  276,860/1,000,000  8.9/s  upd=6272  L=0.0392  D=2.816
[regir_last] 8:37:49  277,184/1,000,000  8.9/s  upd=6277  L=0.0281  D=2.816
[regir_last] 8:41:25  277,184/1,000,000  8.9/s  upd=6280  L=0.0566  D=2.816
[regir_last] 8:41:35  277,184/1,000,000  8.9/s  upd=6280  L=0.0566  D=2.816
[regir_last] 8:41:47  277,519/1,000,000  8.9/s  upd=6283  L=0.0353  D=2.816
[regir_last] 8:41:59  277,519/1,000,000  8.9/s  upd=6288  L=0.0347  D=2.816
[regir_last] 8:42:12  277,843/1,000,000  8.9/s  upd=6289  L=0.0319  D=2.816
[regir_last] 8:42:23  277,843/1,000,000  8.9/s  upd=6293  L=0.0357  D=2.816
[regir_last] 8:42:33  277,843/1,000,000  8.9/s  upd=6296  L=0.0390  D=2.816
[regir_last] 8:42:45  278,247/1,000,000  8.9/s  upd=6298  L=0.0299  D=2.816
[regir_last] 8:42:56  278,247/1,000,000  8.9/s  upd=6303  L=0.0290  D=2.816
[regir_last] 8:43:06  278,247/1,000,000  8.9/s  upd=6304  L=0.0224  D=2.816
[regir_last] 8:43:17  278,609/1,000,000  8.9/s  upd=6306  L=0.0307  D=2.816
[regir_last] 8:43:30  278,609/1,000,000  8.9/s  upd=6310  L=0.0317  D=2.816
[regir_last] saved resume t_env=278,609
[regir_last] 8:43:40  278,609/1,000,000  8.9/s  upd=6312  L=0.0286  D=2.816
[regir_last] 8:43:51  278,944/1,000,000  8.9/s  upd=6313  L=0.0248  D=2.816
[regir_last] 8:44:03  278,944/1,000,000  8.9/s  upd=6317  L=0.0186  D=2.816
[regir_last] 8:44:13  278,944/1,000,000  8.9/s  upd=6320  L=0.0416  D=2.816
[regir_last] 8:44:24  279,275/1,000,000  8.9/s  upd=6324  L=0.0457  D=2.816
[regir_last] 8:44:34  279,275/1,000,000  8.9/s  upd=6328  L=0.0418  D=2.816
[regir_last] 8:44:46  279,612/1,000,000  8.9/s  upd=6331  L=0.0517  D=2.816
[regir_last] 8:44:56  279,612/1,000,000  8.9/s  upd=6336  L=0.0350  D=2.816
[regir_last] 8:45:08  280,002/1,000,000  8.9/s  upd=6339  L=0.0404  D=2.816
[regir_last] saved resume t_env=280,002
[regir_last] 8:45:38  280,002/1,000,000  8.9/s  upd=6344  L=0.0256  ev=0/100  D=2.816
[regir_last] 8:45:48  280,002/1,000,000  8.9/s  upd=6344  L=0.0256  ev=8/100  D=2.816
[regir_last] 8:45:58  280,002/1,000,000  8.9/s  upd=6344  L=0.0256  ev=16/100  D=2.816
[regir_last] 8:46:08  280,002/1,000,000  8.9/s  upd=6344  L=0.0256  ev=25/100  D=2.816
[regir_last] 8:46:18  280,002/1,000,000  8.9/s  upd=6344  L=0.0256  ev=38/100  D=2.816
[regir_last] 8:46:28  280,002/1,000,000  8.9/s  upd=6344  L=0.0256  ev=41/100  D=2.816
[regir_last] 8:46:38  280,002/1,000,000  8.9/s  upd=6344  L=0.0256  ev=54/100  D=2.816
[regir_last] 8:46:48  280,002/1,000,000  8.9/s  upd=6344  L=0.0256  ev=61/100  D=2.816
[regir_last] 8:46:58  280,002/1,000,000  8.9/s  upd=6344  L=0.0256  ev=71/100  D=2.816
[regir_last] 8:47:08  280,002/1,000,000  8.9/s  upd=6344  L=0.0256  ev=78/100  D=2.816
[regir_last] 8:47:19  280,002/1,000,000  8.8/s  upd=6344  L=0.0256  ev=81/100  D=2.816
[regir_last] 8:47:29  280,002/1,000,000  8.8/s  upd=6344  L=0.0256  ev=94/100  D=2.816
[regir_last] 8:47:39  280,002/1,000,000  8.8/s  upd=6344  L=0.0256  ev=97/100  D=2.816
[regir_last] report refresh skipped: PermissionError
[regir_last] report refresh skipped: PermissionError
[regir_last] 8:47:49  280,002/1,000,000  8.8/s  upd=6344  L=0.0256  D=1.549
[regir_last] 8:47:59  280,002/1,000,000  8.8/s  upd=6344  L=0.0256  D=1.549
[regir_last] 8:48:11  280,330/1,000,000  8.8/s  upd=6347  L=0.0263  D=1.549
[regir_last] 8:48:24  280,330/1,000,000  8.8/s  upd=6351  L=0.0398  D=1.549
[regir_last] 8:48:34  280,330/1,000,000  8.8/s  upd=6352  L=0.0312  D=1.549
[regir_last] 8:48:45  280,652/1,000,000  8.8/s  upd=6353  L=0.0311  D=1.549
[regir_last] 8:48:57  280,652/1,000,000  8.8/s  upd=6356  L=0.0356  D=1.549
[regir_last] 8:49:11  280,652/1,000,000  8.8/s  upd=6360  L=0.0309  D=1.549
[regir_last] 8:49:21  280,652/1,000,000  8.8/s  upd=6360  L=0.0309  D=1.549
[regir_last] 8:49:34  281,017/1,000,000  8.8/s  upd=6362  L=0.0386  D=1.549
[regir_last] 8:49:45  281,017/1,000,000  8.8/s  upd=6364  L=0.0375  D=1.549
[regir_last] 8:49:56  281,017/1,000,000  8.8/s  upd=6366  L=0.0401  D=1.549
[regir_last] 8:50:06  281,017/1,000,000  8.8/s  upd=6368  L=0.0685  D=1.549
[regir_last] 8:50:16  281,345/1,000,000  8.8/s  upd=6369  L=0.0392  D=1.549
[regir_last] 8:50:28  281,345/1,000,000  8.8/s  upd=6371  L=0.0304  D=1.549
[regir_last] 8:50:41  281,345/1,000,000  8.8/s  upd=6374  L=0.0288  D=1.549
[regir_last] 8:50:51  281,345/1,000,000  8.8/s  upd=6376  L=0.0309  D=1.549
[regir_last] 8:51:02  281,671/1,000,000  8.8/s  upd=6377  L=0.0358  D=1.549
[regir_last] 8:51:13  281,671/1,000,000  8.8/s  upd=6381  L=0.0264  D=1.549
[regir_last] 8:51:23  281,671/1,000,000  8.8/s  upd=6383  L=0.0254  D=1.549
[regir_last] 8:51:33  281,671/1,000,000  8.8/s  upd=6384  L=0.0190  D=1.549
[regir_last] 8:51:43  281,671/1,000,000  8.8/s  upd=6384  L=0.0190  D=1.549
[regir_last] 8:51:55  281,974/1,000,000  8.8/s  upd=6386  L=0.0274  D=1.549
[regir_last] 8:52:06  281,974/1,000,000  8.8/s  upd=6389  L=0.0264  D=1.549
[regir_last] 8:52:20  281,974/1,000,000  8.8/s  upd=6392  L=0.0235  D=1.549
[regir_last] 8:52:35  282,282/1,000,000  8.8/s  upd=6393  L=0.0235  D=1.549
[regir_last] 8:52:46  282,282/1,000,000  8.8/s  upd=6397  L=0.0223  D=1.549
[regir_last] 8:53:00  282,282/1,000,000  8.8/s  upd=6400  L=0.0291  D=1.549
[regir_last] report refresh skipped: PermissionError
[regir_last] 8:53:10  282,282/1,000,000  8.8/s  upd=6400  L=0.0291  D=1.549
[regir_last] 8:53:23  282,583/1,000,000  8.8/s  upd=6402  L=0.0257  D=1.549
[regir_last] 8:53:34  282,583/1,000,000  8.8/s  upd=6404  L=0.0208  D=1.549
[regir_last] 8:53:47  282,583/1,000,000  8.8/s  upd=6407  L=0.0279  D=1.549
[regir_last] 8:53:58  282,583/1,000,000  8.8/s  upd=6408  L=0.0260  D=1.549
[regir_last] 8:54:09  282,826/1,000,000  8.8/s  upd=6412  L=0.0260  D=1.549
[regir_last] 8:54:21  282,826/1,000,000  8.8/s  upd=6416  L=0.0334  D=1.549
[regir_last] 8:54:31  282,826/1,000,000  8.8/s  upd=6416  L=0.0334  D=1.549
[regir_last] 8:54:43  283,070/1,000,000  8.8/s  upd=6419  L=0.0299  D=1.549
[regir_last] 8:54:59  283,070/1,000,000  8.8/s  upd=6424  L=0.0322  D=1.549
[regir_last] 8:55:09  283,070/1,000,000  8.8/s  upd=6424  L=0.0322  D=1.549
[regir_last] 8:55:22  283,355/1,000,000  8.8/s  upd=6427  L=0.0357  D=1.549
[regir_last] 8:55:33  283,355/1,000,000  8.8/s  upd=6430  L=0.0386  D=1.549
[regir_last] saved resume t_env=283,355
[regir_last] 8:55:43  283,355/1,000,000  8.8/s  upd=6432  L=0.0294  D=1.549
[regir_last] 8:55:53  283,694/1,000,000  8.8/s  upd=6433  L=0.0381  D=1.549
[regir_last] 8:56:04  283,694/1,000,000  8.8/s  upd=6437  L=0.0180  D=1.549
[regir_last] 8:56:16  283,694/1,000,000  8.8/s  upd=6439  L=0.0289  D=1.549
[regir_last] 8:56:26  283,694/1,000,000  8.8/s  upd=6440  L=0.0301  D=1.549
[regir_last] 8:56:37  284,004/1,000,000  8.8/s  upd=6442  L=0.0393  D=1.549
[regir_last] 8:56:50  284,004/1,000,000  8.8/s  upd=6445  L=0.0276  D=1.549
[regir_last] 8:57:01  284,004/1,000,000  8.8/s  upd=6448  L=0.0212  D=1.549
[regir_last] 8:57:12  284,266/1,000,000  8.8/s  upd=6449  L=0.0227  D=1.549
[regir_last] 8:57:22  284,266/1,000,000  8.8/s  upd=6451  L=0.0249  D=1.549
[regir_last] 8:57:36  284,266/1,000,000  8.8/s  upd=6455  L=0.0311  D=1.549
[regir_last] 8:57:46  284,266/1,000,000  8.8/s  upd=6456  L=0.0259  D=1.549
[regir_last] 8:58:02  284,595/1,000,000  8.8/s  upd=6459  L=0.0340  D=1.549
[regir_last] 8:58:15  284,595/1,000,000  8.8/s  upd=6463  L=0.0335  D=1.549
[regir_last] report refresh skipped: PermissionError
[regir_last] 8:58:25  284,595/1,000,000  8.8/s  upd=6464  L=0.0314  D=1.549
[regir_last] 8:58:38  284,891/1,000,000  8.8/s  upd=6466  L=0.0280  D=1.549
[regir_last] 8:58:51  284,891/1,000,000  8.8/s  upd=6470  L=0.0353  D=1.549
[regir_last] 8:59:01  284,891/1,000,000  8.8/s  upd=6472  L=0.0234  D=1.549
[regir_last] 8:59:12  285,160/1,000,000  8.8/s  upd=6473  L=0.0243  D=1.549
[regir_last] 8:59:22  285,160/1,000,000  8.8/s  upd=6476  L=0.0373  D=1.549
[regir_last] 8:59:36  285,160/1,000,000  8.8/s  upd=6479  L=0.0223  D=1.549
[regir_last] 8:59:46  285,160/1,000,000  8.8/s  upd=6480  L=0.0260  D=1.549
[regir_last] 8:59:56  285,525/1,000,000  8.8/s  upd=6482  L=0.0200  D=1.549
[regir_last] 9:00:12  285,525/1,000,000  8.8/s  upd=6485  L=0.0376  D=1.549
[regir_last] 9:00:23  285,525/1,000,000  8.8/s  upd=6488  L=0.0305  D=1.549
[regir_last] 9:00:33  285,525/1,000,000  8.8/s  upd=6488  L=0.0305  D=1.549
[regir_last] 9:00:47  285,838/1,000,000  8.8/s  upd=6490  L=0.0318  D=1.549
[regir_last] 9:00:57  285,838/1,000,000  8.8/s  upd=6493  L=0.0383  D=1.549
[regir_last] 9:01:08  285,838/1,000,000  8.8/s  upd=6496  L=0.0334  D=1.549
[regir_last] 9:01:18  285,838/1,000,000  8.8/s  upd=6496  L=0.0334  D=1.549
[regir_last] 9:01:29  286,156/1,000,000  8.8/s  upd=6499  L=0.0329  D=1.549
[regir_last] 9:01:43  286,156/1,000,000  8.8/s  upd=6504  L=0.0460  D=1.549
[regir_last] 9:01:53  286,156/1,000,000  8.8/s  upd=6504  L=0.0460  D=1.549
[regir_last] 9:02:03  286,156/1,000,000  8.8/s  upd=6504  L=0.0460  D=1.549
[regir_last] 9:02:17  286,555/1,000,000  8.8/s  upd=6506  L=0.0454  D=1.549
[regir_last] 9:02:29  286,555/1,000,000  8.8/s  upd=6509  L=0.0317  D=1.549
[regir_last] 9:02:39  286,555/1,000,000  8.8/s  upd=6512  L=0.0413  D=1.549
[regir_last] 9:02:49  286,555/1,000,000  8.8/s  upd=6512  L=0.0413  D=1.549
[regir_last] 9:03:02  286,888/1,000,000  8.8/s  upd=6515  L=0.0310  D=1.549
[regir_last] 9:03:14  286,888/1,000,000  8.8/s  upd=6519  L=0.0287  D=1.549
[regir_last] 9:03:24  286,888/1,000,000  8.8/s  upd=6520  L=0.0193  D=1.549
[regir_last] 9:03:36  287,196/1,000,000  8.8/s  upd=6521  L=0.0299  D=1.549
[regir_last] 9:03:47  287,196/1,000,000  8.8/s  upd=6525  L=0.0286  D=1.549
[regir_last] 9:03:58  287,196/1,000,000  8.8/s  upd=6528  L=0.0429  D=1.549
[regir_last] report refresh skipped: PermissionError
[regir_last] 9:04:08  287,196/1,000,000  8.8/s  upd=6528  L=0.0429  D=1.549
[regir_last] 9:04:23  287,499/1,000,000  8.8/s  upd=6532  L=0.0301  D=1.549
[regir_last] 9:04:37  287,499/1,000,000  8.8/s  upd=6535  L=0.0389  D=1.549
[regir_last] 9:04:47  287,499/1,000,000  8.8/s  upd=6536  L=0.0407  D=1.549
[regir_last] 9:04:58  287,783/1,000,000  8.8/s  upd=6538  L=0.0288  D=1.549
[regir_last] 9:05:10  287,783/1,000,000  8.8/s  upd=6540  L=0.0450  D=1.549
[regir_last] 9:05:23  287,783/1,000,000  8.8/s  upd=6544  L=0.0289  D=1.549
[regir_last] 9:05:33  287,783/1,000,000  8.8/s  upd=6544  L=0.0289  D=1.549
[regir_last] 9:05:43  288,077/1,000,000  8.8/s  upd=6546  L=0.0284  D=1.549
[regir_last] 9:05:56  288,077/1,000,000  8.8/s  upd=6549  L=0.0340  D=1.549
[regir_last] saved resume t_env=288,077
[regir_last] 9:06:07  288,077/1,000,000  8.8/s  upd=6552  L=0.0383  D=1.549
[regir_last] 9:06:18  288,077/1,000,000  8.8/s  upd=6552  L=0.0383  D=1.549
[regir_last] 9:06:29  288,403/1,000,000  8.8/s  upd=6554  L=0.0525  D=1.549
[regir_last] 9:06:39  288,403/1,000,000  8.8/s  upd=6556  L=0.0344  D=1.549
[regir_last] 9:06:49  288,403/1,000,000  8.8/s  upd=6560  L=0.0507  D=1.549
[regir_last] 9:07:01  288,694/1,000,000  8.8/s  upd=6561  L=0.0363  D=1.549
[regir_last] 9:07:11  288,694/1,000,000  8.8/s  upd=6563  L=0.0357  D=1.549
[regir_last] 9:07:23  288,694/1,000,000  8.8/s  upd=6568  L=0.0293  D=1.549
[regir_last] 9:07:39  288,970/1,000,000  8.8/s  upd=6570  L=0.0431  D=1.549
[regir_last] 9:07:51  288,970/1,000,000  8.8/s  upd=6573  L=0.0273  D=1.549
[regir_last] 9:08:03  288,970/1,000,000  8.8/s  upd=6576  L=0.0417  D=1.549
[regir_last] 9:08:13  288,970/1,000,000  8.8/s  upd=6576  L=0.0417  D=1.549
[regir_last] 9:08:24  289,254/1,000,000  8.8/s  upd=6577  L=0.0247  D=1.549
[regir_last] 9:08:36  289,254/1,000,000  8.8/s  upd=6580  L=0.0312  D=1.549
[regir_last] 9:08:49  289,254/1,000,000  8.8/s  upd=6584  L=0.0408  D=1.549
[regir_last] 9:08:59  289,254/1,000,000  8.8/s  upd=6584  L=0.0408  D=1.549
[regir_last] 9:09:11  289,566/1,000,000  8.8/s  upd=6586  L=0.0325  D=1.549
[regir_last] 9:09:24  289,566/1,000,000  8.8/s  upd=6589  L=0.0326  D=1.549
[regir_last] report refresh skipped: PermissionError
[regir_last] 9:09:34  289,566/1,000,000  8.8/s  upd=6592  L=0.0274  D=1.549
[regir_last] 9:09:44  289,566/1,000,000  8.8/s  upd=6592  L=0.0274  D=1.549
[regir_last] 9:09:55  289,900/1,000,000  8.8/s  upd=6595  L=0.0335  D=1.549
[regir_last] 9:10:07  289,900/1,000,000  8.8/s  upd=6599  L=0.0307  D=1.549
[regir_last] 9:10:19  290,209/1,000,000  8.8/s  upd=6601  L=0.0348  D=1.549
[regir_last] 9:10:34  290,209/1,000,000  8.8/s  upd=6604  L=0.0246  D=1.549
[regir_last] 9:10:44  290,209/1,000,000  8.8/s  upd=6608  L=0.0410  D=1.549
[regir_last] 9:10:54  290,547/1,000,000  8.8/s  upd=6609  L=0.0405  D=1.549
[regir_last] 9:11:04  290,547/1,000,000  8.8/s  upd=6613  L=0.0580  D=1.549
[regir_last] 9:11:15  290,547/1,000,000  8.8/s  upd=6616  L=0.0307  D=1.549
[regir_last] 9:11:25  290,883/1,000,000  8.8/s  upd=6618  L=0.0233  D=1.549
[regir_last] 9:11:37  290,883/1,000,000  8.8/s  upd=6622  L=0.0333  D=1.549
[regir_last] 9:11:47  290,883/1,000,000  8.8/s  upd=6624  L=0.0288  D=1.549
[regir_last] 9:11:57  290,883/1,000,000  8.8/s  upd=6624  L=0.0288  D=1.549
[regir_last] 9:12:08  291,259/1,000,000  8.8/s  upd=6631  L=0.0276  D=1.549
[regir_last] 9:12:18  291,259/1,000,000  8.8/s  upd=6632  L=0.0230  D=1.549
[regir_last] 9:12:28  291,613/1,000,000  8.8/s  upd=6637  L=0.0440  D=1.549
[regir_last] 9:12:40  291,613/1,000,000  8.8/s  upd=6640  L=0.0447  D=1.549
[regir_last] 9:12:51  291,931/1,000,000  8.8/s  upd=6642  L=0.0586  D=1.549
[regir_last] 9:13:03  291,931/1,000,000  8.8/s  upd=6646  L=0.0256  D=1.549
[regir_last] 9:13:13  291,931/1,000,000  8.8/s  upd=6648  L=0.0295  D=1.549
[regir_last] 9:13:27  292,284/1,000,000  8.8/s  upd=6649  L=0.0262  D=1.549
[regir_last] 9:13:38  292,284/1,000,000  8.8/s  upd=6653  L=0.0341  D=1.549
[regir_last] 9:13:48  292,284/1,000,000  8.8/s  upd=6656  L=0.0260  D=1.549
[regir_last] 9:13:59  292,582/1,000,000  8.8/s  upd=6659  L=0.0225  D=1.549
[regir_last] 9:14:14  292,582/1,000,000  8.8/s  upd=6663  L=0.0358  D=1.549
[regir_last] 9:14:25  292,582/1,000,000  8.8/s  upd=6664  L=0.0319  D=1.549
[regir_last] 9:14:35  292,906/1,000,000  8.8/s  upd=6668  L=0.0310  D=1.549
[regir_last] 9:14:48  292,906/1,000,000  8.8/s  upd=6672  L=0.0377  D=1.549
[regir_last] report refresh skipped: PermissionError
[regir_last] 9:14:58  292,906/1,000,000  8.8/s  upd=6672  L=0.0377  D=1.549
[regir_last] 9:15:09  293,317/1,000,000  8.8/s  upd=6674  L=0.0325  D=1.549
[regir_last] 9:15:19  293,317/1,000,000  8.8/s  upd=6676  L=0.0301  D=1.549
[regir_last] 9:15:29  293,317/1,000,000  8.8/s  upd=6679  L=0.0294  D=1.549
[regir_last] 9:15:39  293,317/1,000,000  8.8/s  upd=6680  L=0.0328  D=1.549
[regir_last] 9:15:57  293,627/1,000,000  8.8/s  upd=6683  L=0.0375  D=1.549
[regir_last] 9:16:08  293,627/1,000,000  8.8/s  upd=6686  L=0.0405  D=1.549
[regir_last] saved resume t_env=293,627
[regir_last] 9:16:18  293,627/1,000,000  8.8/s  upd=6688  L=0.0327  D=1.549
[regir_last] 9:16:28  293,627/1,000,000  8.8/s  upd=6688  L=0.0327  D=1.549
[regir_last] 9:16:39  293,955/1,000,000  8.8/s  upd=6690  L=0.0249  D=1.549
[regir_last] 9:16:51  293,955/1,000,000  8.8/s  upd=6693  L=0.0280  D=1.549
[regir_last] 9:17:02  293,955/1,000,000  8.8/s  upd=6696  L=0.0195  D=1.549
[regir_last] 9:17:13  293,955/1,000,000  8.8/s  upd=6696  L=0.0195  D=1.549
[regir_last] 9:17:26  294,292/1,000,000  8.8/s  upd=6699  L=0.0267  D=1.549
[regir_last] 9:17:38  294,292/1,000,000  8.8/s  upd=6703  L=0.0356  D=1.549
[regir_last] 9:17:48  294,292/1,000,000  8.8/s  upd=6704  L=0.0398  D=1.549
[regir_last] 9:18:04  294,576/1,000,000  8.8/s  upd=6707  L=0.0260  D=1.549
[regir_last] 9:18:16  294,576/1,000,000  8.8/s  upd=6711  L=0.0305  D=1.549
[regir_last] 9:18:26  294,576/1,000,000  8.8/s  upd=6712  L=0.0268  D=1.549
[regir_last] 9:18:39  294,861/1,000,000  8.8/s  upd=6714  L=0.0434  D=1.549
[regir_last] 9:18:50  294,861/1,000,000  8.8/s  upd=6716  L=0.0333  D=1.549
[regir_last] 9:19:02  294,861/1,000,000  8.8/s  upd=6720  L=0.0329  D=1.549
[regir_last] 9:19:12  294,861/1,000,000  8.8/s  upd=6720  L=0.0329  D=1.549
[regir_last] 9:19:26  295,174/1,000,000  8.8/s  upd=6722  L=0.0321  D=1.549
[regir_last] 9:19:39  295,174/1,000,000  8.8/s  upd=6728  L=0.0410  D=1.549
[regir_last] 9:19:49  295,174/1,000,000  8.8/s  upd=6728  L=0.0410  D=1.549
[regir_last] 9:20:00  295,449/1,000,000  8.8/s  upd=6731  L=0.0276  D=1.549
[regir_last] 9:20:13  295,449/1,000,000  8.8/s  upd=6736  L=0.0271  D=1.549
[regir_last] report refresh skipped: PermissionError
[regir_last] 9:20:27  295,750/1,000,000  8.8/s  upd=6737  L=0.0230  D=1.549
[regir_last] 9:20:38  295,750/1,000,000  8.8/s  upd=6743  L=0.0295  D=1.549
[regir_last] 9:20:48  295,750/1,000,000  8.8/s  upd=6744  L=0.0340  D=1.549
[regir_last] 9:21:01  296,036/1,000,000  8.8/s  upd=6746  L=0.0271  D=1.549
[regir_last] 9:21:12  296,036/1,000,000  8.8/s  upd=6750  L=0.0292  D=1.549
[regir_last] 9:21:22  296,036/1,000,000  8.8/s  upd=6752  L=0.0300  D=1.549
[regir_last] 9:21:33  296,338/1,000,000  8.8/s  upd=6753  L=0.0246  D=1.549
[regir_last] 9:21:45  296,338/1,000,000  8.8/s  upd=6756  L=0.0347  D=1.549
[regir_last] 9:21:58  296,338/1,000,000  8.8/s  upd=6760  L=0.0322  D=1.549
[regir_last] 9:22:08  296,338/1,000,000  8.8/s  upd=6760  L=0.0322  D=1.549
[regir_last] 9:22:21  296,602/1,000,000  8.8/s  upd=6765  L=0.0285  D=1.549
[regir_last] 9:22:31  296,602/1,000,000  8.8/s  upd=6768  L=0.0353  D=1.549
[regir_last] 9:22:42  296,868/1,000,000  8.8/s  upd=6769  L=0.0320  D=1.549
[regir_last] 9:22:53  296,868/1,000,000  8.8/s  upd=6772  L=0.0339  D=1.549
[regir_last] 9:23:05  296,868/1,000,000  8.8/s  upd=6776  L=0.0319  D=1.549
[regir_last] 9:23:16  296,868/1,000,000  8.8/s  upd=6776  L=0.0319  D=1.549
[regir_last] 9:23:26  297,177/1,000,000  8.8/s  upd=6777  L=0.0457  D=1.549
[regir_last] 9:23:38  297,177/1,000,000  8.8/s  upd=6781  L=0.0232  D=1.549
[regir_last] 9:23:48  297,177/1,000,000  8.8/s  upd=6784  L=0.0390  D=1.549
[regir_last] 9:23:58  297,177/1,000,000  8.8/s  upd=6784  L=0.0390  D=1.549
[regir_last] 9:24:09  297,507/1,000,000  8.8/s  upd=6786  L=0.0300  D=1.549
[regir_last] 9:24:20  297,507/1,000,000  8.8/s  upd=6791  L=0.0286  D=1.549
[regir_last] 9:24:30  297,507/1,000,000  8.8/s  upd=6792  L=0.0313  D=1.549
[regir_last] 9:24:43  297,817/1,000,000  8.8/s  upd=6794  L=0.0306  D=1.549
[regir_last] 9:24:54  297,817/1,000,000  8.8/s  upd=6797  L=0.0253  D=1.549
[regir_last] 9:25:04  297,817/1,000,000  8.8/s  upd=6800  L=0.0244  D=1.549
[regir_last] 9:25:17  298,068/1,000,000  8.8/s  upd=6801  L=0.0299  D=1.549
[regir_last] 9:25:30  298,068/1,000,000  8.8/s  upd=6804  L=0.0284  D=1.549
[regir_last] 9:25:44  298,068/1,000,000  8.8/s  upd=6808  L=0.0259  D=1.549
[regir_last] report refresh skipped: PermissionError
[regir_last] 9:25:54  298,068/1,000,000  8.8/s  upd=6808  L=0.0259  D=1.549
[regir_last] 9:26:04  298,068/1,000,000  8.8/s  upd=6808  L=0.0259  D=1.549
[regir_last] 9:26:14  298,471/1,000,000  8.8/s  upd=6812  L=0.0255  D=1.549
[regir_last] 9:26:26  298,471/1,000,000  8.8/s  upd=6816  L=0.0296  D=1.549
[regir_last] saved resume t_env=298,471
[regir_last] 9:26:36  298,471/1,000,000  8.8/s  upd=6816  L=0.0296  D=1.549
[regir_last] 9:26:48  298,775/1,000,000  8.8/s  upd=6817  L=0.0357  D=1.549
[regir_last] 9:27:01  298,775/1,000,000  8.8/s  upd=6822  L=0.0264  D=1.549
[regir_last] 9:27:12  298,775/1,000,000  8.8/s  upd=6824  L=0.0175  D=1.549
[regir_last] 9:27:24  299,013/1,000,000  8.8/s  upd=6827  L=0.0260  D=1.549
[regir_last] 9:27:35  299,013/1,000,000  8.8/s  upd=6829  L=0.0234  D=1.549
[regir_last] 9:27:45  299,013/1,000,000  8.8/s  upd=6832  L=0.0155  D=1.549
[regir_last] 9:27:55  299,013/1,000,000  8.8/s  upd=6832  L=0.0155  D=1.549
[regir_last] 9:28:07  299,368/1,000,000  8.8/s  upd=6833  L=0.0227  D=1.549
[regir_last] 9:28:17  299,368/1,000,000  8.8/s  upd=6837  L=0.0185  D=1.549
[regir_last] 9:28:32  299,368/1,000,000  8.8/s  upd=6840  L=0.0295  D=1.549
[regir_last] 9:28:45  299,657/1,000,000  8.8/s  upd=6842  L=0.0241  D=1.549
[regir_last] 9:28:57  299,657/1,000,000  8.8/s  upd=6845  L=0.0253  D=1.549
[regir_last] 9:29:07  299,657/1,000,000  8.8/s  upd=6848  L=0.0235  D=1.549
[regir_last] 9:29:20  299,949/1,000,000  8.8/s  upd=6849  L=0.0246  D=1.549
[regir_last] 9:29:30  299,949/1,000,000  8.8/s  upd=6852  L=0.0304  D=1.549
[regir_last] 9:29:41  299,949/1,000,000  8.8/s  upd=6855  L=0.0356  D=1.549
[regir_last] 9:29:51  299,949/1,000,000  8.8/s  upd=6856  L=0.0329  D=1.549
[regir_last] 9:30:06  300,235/1,000,000  8.8/s  upd=6857  L=0.0388  D=1.549
[regir_last] 9:30:20  300,235/1,000,000  8.8/s  upd=6860  L=0.0466  D=1.549
[regir_last] 9:30:31  300,235/1,000,000  8.8/s  upd=6862  L=0.0317  D=1.549
[regir_last] saved resume t_env=300,235
[regir_last] 9:30:56  300,235/1,000,000  8.8/s  upd=6864  L=0.0287  ev=0/100  D=1.549
[regir_last] 9:31:06  300,235/1,000,000  8.8/s  upd=6864  L=0.0287  ev=7/100  D=1.549
[regir_last] 9:31:16  300,235/1,000,000  8.8/s  upd=6864  L=0.0287  ev=15/100  D=1.549
[regir_last] 9:31:26  300,235/1,000,000  8.8/s  upd=6864  L=0.0287  ev=20/100  D=1.549
[regir_last] 9:31:36  300,235/1,000,000  8.8/s  upd=6864  L=0.0287  ev=24/100  D=1.549
[regir_last] 9:31:47  300,235/1,000,000  8.8/s  upd=6864  L=0.0287  ev=31/100  D=1.549
[regir_last] 9:31:57  300,235/1,000,000  8.7/s  upd=6864  L=0.0287  ev=34/100  D=1.549
[regir_last] 9:32:07  300,235/1,000,000  8.7/s  upd=6864  L=0.0287  ev=40/100  D=1.549
[regir_last] 9:32:17  300,235/1,000,000  8.7/s  upd=6864  L=0.0287  ev=47/100  D=1.549
[regir_last] 9:32:27  300,235/1,000,000  8.7/s  upd=6864  L=0.0287  ev=47/100  D=1.549
[regir_last] 9:32:38  300,235/1,000,000  8.7/s  upd=6864  L=0.0287  ev=53/100  D=1.549
[regir_last] 9:32:48  300,235/1,000,000  8.7/s  upd=6864  L=0.0287  ev=54/100  D=1.549
[regir_last] 9:32:58  300,235/1,000,000  8.7/s  upd=6864  L=0.0287  ev=57/100  D=1.549
[regir_last] 9:33:08  300,235/1,000,000  8.7/s  upd=6864  L=0.0287  ev=65/100  D=1.549
[regir_last] 9:33:18  300,235/1,000,000  8.7/s  upd=6864  L=0.0287  ev=71/100  D=1.549
[regir_last] 9:33:28  300,235/1,000,000  8.7/s  upd=6864  L=0.0287  ev=72/100  D=1.549
[regir_last] 9:33:38  300,235/1,000,000  8.7/s  upd=6864  L=0.0287  ev=76/100  D=1.549
[regir_last] 9:33:49  300,235/1,000,000  8.7/s  upd=6864  L=0.0287  ev=79/100  D=1.549
[regir_last] 9:33:59  300,235/1,000,000  8.7/s  upd=6864  L=0.0287  ev=80/100  D=1.549
[regir_last] 9:34:09  300,235/1,000,000  8.7/s  upd=6864  L=0.0287  ev=88/100  D=1.549
[regir_last] 9:34:19  300,235/1,000,000  8.7/s  upd=6864  L=0.0287  ev=94/100  D=1.549
[regir_last] 9:34:29  300,235/1,000,000  8.7/s  upd=6864  L=0.0287  ev=98/100  D=1.549
[regir_last] report refresh skipped: PermissionError
[regir_last] report refresh skipped: PermissionError
[regir_last] 9:34:40  300,235/1,000,000  8.7/s  upd=6864  L=0.0287  D=1.978
[regir_last] 9:34:50  300,571/1,000,000  8.7/s  upd=6865  L=0.0236  D=1.978
[regir_last] 9:35:03  300,571/1,000,000  8.7/s  upd=6870  L=0.0234  D=1.978
[regir_last] 9:35:16  300,571/1,000,000  8.7/s  upd=6872  L=0.0234  D=1.978
[regir_last] 9:35:27  300,571/1,000,000  8.7/s  upd=6872  L=0.0234  D=1.978
[regir_last] 9:35:37  300,858/1,000,000  8.7/s  upd=6875  L=0.0214  D=1.978
[regir_last] 9:35:48  300,858/1,000,000  8.7/s  upd=6879  L=0.0228  D=1.978
[regir_last] 9:35:58  300,858/1,000,000  8.7/s  upd=6880  L=0.0225  D=1.978
[regir_last] 9:36:08  300,858/1,000,000  8.7/s  upd=6880  L=0.0225  D=1.978
[regir_last] 9:36:19  301,157/1,000,000  8.7/s  upd=6884  L=0.0322  D=1.978
[regir_last] 9:36:33  301,157/1,000,000  8.7/s  upd=6887  L=0.0353  D=1.978
[regir_last] 9:36:43  301,157/1,000,000  8.7/s  upd=6888  L=0.0242  D=1.978
[regir_last] 9:36:53  301,503/1,000,000  8.7/s  upd=6890  L=0.0516  D=1.978
[regir_last] 9:37:06  301,503/1,000,000  8.7/s  upd=6893  L=0.0334  D=1.978
[regir_last] 9:37:16  301,503/1,000,000  8.7/s  upd=6896  L=0.0226  D=1.978
[regir_last] 9:37:29  301,817/1,000,000  8.7/s  upd=6897  L=0.0247  D=1.978
[regir_last] 9:37:41  301,817/1,000,000  8.7/s  upd=6901  L=0.0200  D=1.978
[regir_last] 9:37:51  301,817/1,000,000  8.7/s  upd=6904  L=0.0286  D=1.978
[regir_last] 9:38:04  302,149/1,000,000  8.7/s  upd=6906  L=0.0316  D=1.978
[regir_last] 9:38:14  302,149/1,000,000  8.7/s  upd=6910  L=0.0282  D=1.978
[regir_last] 9:38:24  302,149/1,000,000  8.7/s  upd=6912  L=0.0428  D=1.978
[regir_last] 9:38:35  302,424/1,000,000  8.7/s  upd=6916  L=0.0327  D=1.978
[regir_last] 9:38:46  302,424/1,000,000  8.7/s  upd=6919  L=0.0420  D=1.978
[regir_last] 9:38:56  302,424/1,000,000  8.7/s  upd=6920  L=0.0320  D=1.978
[regir_last] 9:39:09  302,715/1,000,000  8.7/s  upd=6923  L=0.0290  D=1.978
[regir_last] 9:39:23  302,715/1,000,000  8.7/s  upd=6926  L=0.0225  D=1.978
[regir_last] 9:39:33  302,715/1,000,000  8.7/s  upd=6928  L=0.0226  D=1.978
[regir_last] 9:39:45  303,023/1,000,000  8.7/s  upd=6929  L=0.0241  D=1.978
[regir_last] 9:39:55  303,023/1,000,000  8.7/s  upd=6932  L=0.0346  D=1.978
[regir_last] 9:40:12  303,023/1,000,000  8.7/s  upd=6936  L=0.0307  D=1.978
[regir_last] report refresh skipped: PermissionError
[regir_last] 9:40:22  303,023/1,000,000  8.7/s  upd=6936  L=0.0307  D=1.978
[regir_last] 9:40:33  303,292/1,000,000  8.7/s  upd=6940  L=0.0355  D=1.978
[regir_last] 9:40:45  303,292/1,000,000  8.7/s  upd=6942  L=0.0278  D=1.978
[regir_last] saved resume t_env=303,292
[regir_last] 9:40:55  303,292/1,000,000  8.7/s  upd=6944  L=0.0245  D=1.978
[regir_last] 9:41:08  303,583/1,000,000  8.7/s  upd=6945  L=0.0188  D=1.978
[regir_last] 9:41:19  303,583/1,000,000  8.7/s  upd=6949  L=0.0300  D=1.978
[regir_last] 9:41:29  303,583/1,000,000  8.7/s  upd=6952  L=0.0320  D=1.978
[regir_last] 9:41:39  303,583/1,000,000  8.7/s  upd=6952  L=0.0320  D=1.978
[regir_last] 9:41:51  303,869/1,000,000  8.7/s  upd=6956  L=0.0212  D=1.978
[regir_last] 9:42:02  303,869/1,000,000  8.7/s  upd=6958  L=0.0328  D=1.978
[regir_last] 9:42:12  303,869/1,000,000  8.7/s  upd=6960  L=0.0313  D=1.978
[regir_last] 9:42:22  303,869/1,000,000  8.7/s  upd=6960  L=0.0313  D=1.978
[regir_last] 9:42:33  304,193/1,000,000  8.7/s  upd=6963  L=0.0311  D=1.978
[regir_last] 9:42:45  304,193/1,000,000  8.7/s  upd=6966  L=0.0288  D=1.978
[regir_last] 9:42:55  304,193/1,000,000  8.7/s  upd=6968  L=0.0262  D=1.978
[regir_last] 9:43:08  304,517/1,000,000  8.7/s  upd=6969  L=0.0254  D=1.978
[regir_last] 9:43:19  304,517/1,000,000  8.7/s  upd=6972  L=0.0156  D=1.978
[regir_last] 9:43:31  304,517/1,000,000  8.7/s  upd=6974  L=0.0238  D=1.978
[regir_last] 9:43:41  304,517/1,000,000  8.7/s  upd=6976  L=0.0386  D=1.978
[regir_last] 9:43:54  304,798/1,000,000  8.7/s  upd=6978  L=0.0362  D=1.978
[regir_last] 9:44:04  304,798/1,000,000  8.7/s  upd=6981  L=0.0268  D=1.978
[regir_last] 9:44:18  304,798/1,000,000  8.7/s  upd=6984  L=0.0295  D=1.978
[regir_last] 9:44:31  305,081/1,000,000  8.7/s  upd=6985  L=0.0243  D=1.978
[regir_last] 9:44:45  305,081/1,000,000  8.7/s  upd=6988  L=0.0390  D=1.978
[regir_last] 9:44:56  305,081/1,000,000  8.7/s  upd=6991  L=0.0357  D=1.978
[regir_last] 9:45:06  305,081/1,000,000  8.7/s  upd=6992  L=0.0291  D=1.978
[regir_last] 9:45:20  305,326/1,000,000  8.7/s  upd=6995  L=0.0313  D=1.978
[regir_last] 9:45:31  305,326/1,000,000  8.7/s  upd=7000  L=0.0261  D=1.978
[regir_last] report refresh skipped: PermissionError
[regir_last] 9:45:42  305,326/1,000,000  8.7/s  upd=7000  L=0.0261  D=1.978
[regir_last] 9:45:54  305,642/1,000,000  8.7/s  upd=7004  L=0.0220  D=1.978
[regir_last] 9:46:06  305,642/1,000,000  8.7/s  upd=7008  L=0.0260  D=1.978
[regir_last] 9:46:16  305,642/1,000,000  8.7/s  upd=7008  L=0.0260  D=1.978
[regir_last] 9:46:28  305,956/1,000,000  8.7/s  upd=7011  L=0.0243  D=1.978
[regir_last] 9:46:38  305,956/1,000,000  8.7/s  upd=7016  L=0.0314  D=1.978
[regir_last] 9:46:50  306,225/1,000,000  8.7/s  upd=7017  L=0.0291  D=1.978
[regir_last] 9:47:01  306,225/1,000,000  8.7/s  upd=7020  L=0.0329  D=1.978
[regir_last] 9:47:14  306,225/1,000,000  8.7/s  upd=7023  L=0.0233  D=1.978
[regir_last] 9:47:24  306,225/1,000,000  8.7/s  upd=7024  L=0.0292  D=1.978
[regir_last] 9:47:35  306,528/1,000,000  8.7/s  upd=7026  L=0.0348  D=1.978
[regir_last] 9:47:46  306,528/1,000,000  8.7/s  upd=7028  L=0.0356  D=1.978
[regir_last] 9:47:56  306,528/1,000,000  8.7/s  upd=7032  L=0.0302  D=1.978
[regir_last] 9:48:06  306,528/1,000,000  8.7/s  upd=7032  L=0.0302  D=1.978
[regir_last] 9:48:17  306,831/1,000,000  8.7/s  upd=7035  L=0.0362  D=1.978
[regir_last] 9:48:28  306,831/1,000,000  8.7/s  upd=7037  L=0.0446  D=1.978
[regir_last] 9:48:38  306,831/1,000,000  8.7/s  upd=7040  L=0.0413  D=1.978
[regir_last] 9:48:49  307,127/1,000,000  8.7/s  upd=7041  L=0.0469  D=1.978
[regir_last] 9:49:04  307,127/1,000,000  8.7/s  upd=7045  L=0.0272  D=1.978
[regir_last] 9:49:14  307,127/1,000,000  8.7/s  upd=7048  L=0.0288  D=1.978
[regir_last] 9:49:24  307,127/1,000,000  8.7/s  upd=7048  L=0.0288  D=1.978
[regir_last] 9:49:34  307,127/1,000,000  8.7/s  upd=7048  L=0.0288  D=1.978
[regir_last] 9:49:44  307,525/1,000,000  8.7/s  upd=7051  L=0.0294  D=1.978
[regir_last] 9:49:56  307,525/1,000,000  8.7/s  upd=7055  L=0.0213  D=1.978
[regir_last] 9:50:06  307,525/1,000,000  8.7/s  upd=7056  L=0.0345  D=1.978
[regir_last] 9:50:17  307,805/1,000,000  8.7/s  upd=7057  L=0.0293  D=1.978
[regir_last] 9:50:28  307,805/1,000,000  8.7/s  upd=7061  L=0.0203  D=1.978
[regir_last] report refresh skipped: PermissionError
[regir_last] 9:50:38  307,805/1,000,000  8.7/s  upd=7064  L=0.0450  D=1.978
[regir_last] 9:50:53  308,124/1,000,000  8.7/s  upd=7067  L=0.0200  D=1.978
[regir_last] 9:51:04  308,124/1,000,000  8.7/s  upd=7070  L=0.0362  D=1.978
[regir_last] saved resume t_env=308,124
[regir_last] 9:51:14  308,124/1,000,000  8.7/s  upd=7072  L=0.0256  D=1.978
[regir_last] 9:51:24  308,417/1,000,000  8.7/s  upd=7075  L=0.0261  D=1.978
[regir_last] 9:51:34  308,417/1,000,000  8.7/s  upd=7080  L=0.0194  D=1.978
[regir_last] 9:51:45  308,695/1,000,000  8.7/s  upd=7081  L=0.0376  D=1.978
[regir_last] 9:51:56  308,695/1,000,000  8.7/s  upd=7086  L=0.0197  D=1.978
[regir_last] 9:52:06  308,695/1,000,000  8.7/s  upd=7088  L=0.0232  D=1.978
[regir_last] 9:52:18  308,991/1,000,000  8.7/s  upd=7090  L=0.0319  D=1.978
[regir_last] 9:52:30  308,991/1,000,000  8.7/s  upd=7095  L=0.0308  D=1.978
[regir_last] 9:52:40  308,991/1,000,000  8.7/s  upd=7096  L=0.0248  D=1.978
[regir_last] 9:52:55  309,304/1,000,000  8.7/s  upd=7100  L=0.0323  D=1.978
[regir_last] 9:53:05  309,304/1,000,000  8.7/s  upd=7104  L=0.0332  D=1.978
[regir_last] 9:53:16  309,676/1,000,000  8.7/s  upd=7106  L=0.0268  D=1.978
[regir_last] 9:53:27  309,676/1,000,000  8.7/s  upd=7110  L=0.0338  D=1.978
[regir_last] 9:53:37  309,676/1,000,000  8.7/s  upd=7112  L=0.0310  D=1.978
[regir_last] 9:53:48  309,938/1,000,000  8.7/s  upd=7115  L=0.0292  D=1.978
[regir_last] 9:53:58  309,938/1,000,000  8.7/s  upd=7117  L=0.0304  D=1.978
[regir_last] 9:54:08  309,938/1,000,000  8.7/s  upd=7120  L=0.0242  D=1.978
[regir_last] 9:54:19  310,258/1,000,000  8.7/s  upd=7121  L=0.0265  D=1.978
[regir_last] 9:54:31  310,258/1,000,000  8.7/s  upd=7124  L=0.0358  D=1.978
[regir_last] 9:54:43  310,258/1,000,000  8.7/s  upd=7127  L=0.0372  D=1.978
[regir_last] 9:54:53  310,258/1,000,000  8.7/s  upd=7128  L=0.0289  D=1.978
[regir_last] 9:55:06  310,588/1,000,000  8.7/s  upd=7130  L=0.0321  D=1.978
[regir_last] 9:55:19  310,588/1,000,000  8.7/s  upd=7132  L=0.0274  D=1.978
[regir_last] 9:55:31  310,588/1,000,000  8.7/s  upd=7136  L=0.0310  D=1.978
[regir_last] 9:55:41  310,588/1,000,000  8.7/s  upd=7136  L=0.0310  D=1.978
[regir_last] 9:55:51  310,820/1,000,000  8.7/s  upd=7139  L=0.0261  D=1.978
[regir_last] 9:56:02  310,820/1,000,000  8.7/s  upd=7144  L=0.0303  D=1.978
[regir_last] report refresh skipped: PermissionError
[regir_last] 9:56:12  310,820/1,000,000  8.7/s  upd=7144  L=0.0303  D=1.978
[regir_last] 9:56:23  310,820/1,000,000  8.7/s  upd=7144  L=0.0303  D=1.978
[regir_last] 9:56:37  311,176/1,000,000  8.7/s  upd=7146  L=0.0376  D=1.978
[regir_last] 9:56:47  311,176/1,000,000  8.7/s  upd=7150  L=0.0260  D=1.978
[regir_last] 9:56:57  311,176/1,000,000  8.7/s  upd=7152  L=0.0344  D=1.978
[regir_last] 9:57:11  311,412/1,000,000  8.7/s  upd=7155  L=0.0267  D=1.978
[regir_last] 9:57:22  311,412/1,000,000  8.7/s  upd=7160  L=0.0295  D=1.978
[regir_last] 9:57:32  311,412/1,000,000  8.7/s  upd=7160  L=0.0295  D=1.978
[regir_last] 9:57:42  311,755/1,000,000  8.7/s  upd=7162  L=0.0357  D=1.978
[regir_last] 9:57:52  311,755/1,000,000  8.7/s  upd=7165  L=0.0256  D=1.978
[regir_last] 9:58:02  311,755/1,000,000  8.7/s  upd=7168  L=0.0414  D=1.978
[regir_last] 9:58:13  312,020/1,000,000  8.7/s  upd=7170  L=0.0309  D=1.978
[regir_last] 9:58:25  312,020/1,000,000  8.7/s  upd=7173  L=0.0185  D=1.978
[regir_last] 9:58:38  312,020/1,000,000  8.7/s  upd=7176  L=0.0406  D=1.978
[regir_last] 9:58:48  312,020/1,000,000  8.7/s  upd=7176  L=0.0406  D=1.978
[regir_last] 9:59:03  312,421/1,000,000  8.7/s  upd=7179  L=0.0341  D=1.978
[regir_last] 9:59:14  312,421/1,000,000  8.7/s  upd=7184  L=0.0302  D=1.978
[regir_last] 9:59:24  312,717/1,000,000  8.7/s  upd=7185  L=0.0266  D=1.978
[regir_last] 9:59:35  312,717/1,000,000  8.7/s  upd=7189  L=0.0263  D=1.978
[regir_last] 9:59:46  312,717/1,000,000  8.7/s  upd=7192  L=0.0227  D=1.978
[regir_last] 9:59:57  312,717/1,000,000  8.7/s  upd=7192  L=0.0227  D=1.978
[regir_last] 10:00:07  312,717/1,000,000  8.7/s  upd=7192  L=0.0227  D=1.978
[regir_last] 10:00:18  313,034/1,000,000  8.7/s  upd=7197  L=0.0283  D=1.978
[regir_last] 10:00:28  313,034/1,000,000  8.7/s  upd=7200  L=0.0205  D=1.978
[regir_last] 10:00:38  313,034/1,000,000  8.7/s  upd=7200  L=0.0205  D=1.978
[regir_last] 10:00:49  313,345/1,000,000  8.7/s  upd=7202  L=0.0136  D=1.978
[regir_last] 10:01:00  313,345/1,000,000  8.7/s  upd=7208  L=0.0262  D=1.978
[regir_last] 10:01:10  313,345/1,000,000  8.7/s  upd=7208  L=0.0262  D=1.978
[regir_last] 10:01:21  313,687/1,000,000  8.7/s  upd=7209  L=0.0339  D=1.978
[regir_last] 10:01:31  313,687/1,000,000  8.7/s  upd=7213  L=0.0551  D=1.978
[regir_last] saved resume t_env=313,687
[regir_last] report refresh skipped: PermissionError
[regir_last] 10:01:41  313,687/1,000,000  8.7/s  upd=7216  L=0.0196  D=1.978
[regir_last] 10:01:51  313,687/1,000,000  8.7/s  upd=7216  L=0.0196  D=1.978
[regir_last] 10:02:02  314,024/1,000,000  8.7/s  upd=7218  L=0.0360  D=1.978
[regir_last] 10:02:14  314,024/1,000,000  8.7/s  upd=7222  L=0.0239  D=1.978
[regir_last] 10:02:24  314,024/1,000,000  8.7/s  upd=7224  L=0.0200  D=1.978
[regir_last] 10:02:35  314,289/1,000,000  8.7/s  upd=7226  L=0.0267  D=1.978
[regir_last] 10:02:46  314,289/1,000,000  8.7/s  upd=7229  L=0.0225  D=1.978
[regir_last] 10:02:56  314,289/1,000,000  8.7/s  upd=7232  L=0.0292  D=1.978
[regir_last] 10:03:06  314,639/1,000,000  8.7/s  upd=7234  L=0.0244  D=1.978
[regir_last] 10:03:17  314,639/1,000,000  8.7/s  upd=7237  L=0.0303  D=1.978
[regir_last] 10:03:27  314,639/1,000,000  8.7/s  upd=7240  L=0.0316  D=1.978
[regir_last] 10:03:40  314,953/1,000,000  8.7/s  upd=7243  L=0.0319  D=1.978
[regir_last] 10:03:52  314,953/1,000,000  8.7/s  upd=7246  L=0.0263  D=1.978
[regir_last] 10:04:02  314,953/1,000,000  8.7/s  upd=7248  L=0.0282  D=1.978
[regir_last] 10:04:14  315,265/1,000,000  8.7/s  upd=7249  L=0.0351  D=1.978
[regir_last] 10:04:27  315,265/1,000,000  8.7/s  upd=7252  L=0.0229  D=1.978
[regir_last] 10:04:37  315,265/1,000,000  8.7/s  upd=7256  L=0.0254  D=1.978
[regir_last] 10:04:47  315,265/1,000,000  8.7/s  upd=7256  L=0.0254  D=1.978
[regir_last] 10:04:58  315,551/1,000,000  8.7/s  upd=7261  L=0.0315  D=1.978
[regir_last] 10:05:09  315,551/1,000,000  8.7/s  upd=7264  L=0.0202  D=1.978
[regir_last] 10:05:19  315,865/1,000,000  8.7/s  upd=7265  L=0.0396  D=1.978
[regir_last] 10:05:31  315,865/1,000,000  8.7/s  upd=7270  L=0.0272  D=1.978
[regir_last] 10:05:42  315,865/1,000,000  8.7/s  upd=7272  L=0.0281  D=1.978
[regir_last] 10:05:55  316,147/1,000,000  8.7/s  upd=7276  L=0.0262  D=1.978
[regir_last] 10:06:07  316,147/1,000,000  8.7/s  upd=7278  L=0.0253  D=1.978
[regir_last] 10:06:17  316,147/1,000,000  8.7/s  upd=7280  L=0.0362  D=1.978
[regir_last] 10:06:28  316,451/1,000,000  8.7/s  upd=7283  L=0.0209  D=1.978
[regir_last] 10:06:38  316,451/1,000,000  8.7/s  upd=7287  L=0.0272  D=1.978
[regir_last] report refresh skipped: PermissionError
[regir_last] 10:06:48  316,451/1,000,000  8.7/s  upd=7288  L=0.0411  D=1.978
[regir_last] 10:07:00  316,762/1,000,000  8.7/s  upd=7289  L=0.0406  D=1.978
[regir_last] 10:07:10  316,762/1,000,000  8.7/s  upd=7294  L=0.0234  D=1.978
[regir_last] 10:07:20  316,762/1,000,000  8.7/s  upd=7296  L=0.0193  D=1.978
[regir_last] 10:07:31  317,033/1,000,000  8.7/s  upd=7297  L=0.0235  D=1.978
[regir_last] 10:07:43  317,033/1,000,000  8.7/s  upd=7301  L=0.0273  D=1.978
[regir_last] 10:07:53  317,033/1,000,000  8.7/s  upd=7304  L=0.0401  D=1.978
[regir_last] 10:08:03  317,033/1,000,000  8.7/s  upd=7304  L=0.0401  D=1.978
[regir_last] 10:08:15  317,300/1,000,000  8.7/s  upd=7309  L=0.0302  D=1.978
[regir_last] 10:08:25  317,300/1,000,000  8.7/s  upd=7312  L=0.0215  D=1.978
[regir_last] 10:08:35  317,300/1,000,000  8.7/s  upd=7312  L=0.0215  D=1.978
[regir_last] 10:08:49  317,651/1,000,000  8.7/s  upd=7314  L=0.0296  D=1.978
[regir_last] 10:09:00  317,651/1,000,000  8.7/s  upd=7318  L=0.0257  D=1.978
[regir_last] 10:09:10  317,651/1,000,000  8.7/s  upd=7320  L=0.0263  D=1.978
[regir_last] 10:09:20  317,651/1,000,000  8.7/s  upd=7320  L=0.0263  D=1.978
[regir_last] 10:09:31  318,035/1,000,000  8.7/s  upd=7323  L=0.0263  D=1.978
[regir_last] 10:09:42  318,035/1,000,000  8.7/s  upd=7326  L=0.0263  D=1.978
[regir_last] 10:09:52  318,035/1,000,000  8.7/s  upd=7328  L=0.0264  D=1.978
[regir_last] 10:10:03  318,306/1,000,000  8.7/s  upd=7329  L=0.0228  D=1.978
[regir_last] 10:10:13  318,306/1,000,000  8.7/s  upd=7333  L=0.0206  D=1.978
[regir_last] 10:10:25  318,306/1,000,000  8.7/s  upd=7336  L=0.0191  D=1.978
[regir_last] 10:10:35  318,306/1,000,000  8.7/s  upd=7336  L=0.0191  D=1.978
[regir_last] 10:10:46  318,614/1,000,000  8.7/s  upd=7338  L=0.0233  D=1.978
[regir_last] 10:11:01  318,614/1,000,000  8.7/s  upd=7343  L=0.0405  D=1.978
[regir_last] 10:11:11  318,614/1,000,000  8.7/s  upd=7344  L=0.0266  D=1.978
[regir_last] 10:11:24  318,970/1,000,000  8.7/s  upd=7347  L=0.0429  D=1.978
[regir_last] 10:11:38  318,970/1,000,000  8.7/s  upd=7351  L=0.0212  D=1.978
[regir_last] saved resume t_env=318,970
[regir_last] report refresh skipped: PermissionError
[regir_last] 10:11:48  318,970/1,000,000  8.7/s  upd=7352  L=0.0208  D=1.978
[regir_last] 10:11:59  319,249/1,000,000  8.7/s  upd=7354  L=0.0234  D=1.978
[regir_last] 10:12:16  319,249/1,000,000  8.7/s  upd=7357  L=0.0237  D=1.978
[regir_last] 10:12:26  319,249/1,000,000  8.7/s  upd=7360  L=0.0277  D=1.978
[regir_last] 10:12:36  319,524/1,000,000  8.7/s  upd=7360  L=0.0277  D=1.978
[regir_last] 10:12:48  319,524/1,000,000  8.7/s  upd=7363  L=0.0243  D=1.978
[regir_last] 10:12:59  319,524/1,000,000  8.7/s  upd=7366  L=0.0226  D=1.978
[regir_last] 10:13:09  319,524/1,000,000  8.7/s  upd=7368  L=0.0238  D=1.978
[regir_last] 10:13:19  319,524/1,000,000  8.7/s  upd=7368  L=0.0238  D=1.978
[regir_last] 10:13:30  319,867/1,000,000  8.7/s  upd=7370  L=0.0310  D=1.978
[regir_last] 10:13:40  319,867/1,000,000  8.7/s  upd=7373  L=0.0299  D=1.978
[regir_last] 10:13:50  319,867/1,000,000  8.7/s  upd=7376  L=0.0411  D=1.978
[regir_last] 10:14:05  320,153/1,000,000  8.7/s  upd=7377  L=0.0325  D=1.978
[regir_last] 10:14:15  320,153/1,000,000  8.7/s  upd=7380  L=0.0271  D=1.978
[regir_last] 10:14:28  320,153/1,000,000  8.7/s  upd=7384  L=0.0219  D=1.978
[regir_last] saved resume t_env=320,153
[regir_last] 10:14:49  320,153/1,000,000  8.7/s  upd=7384  L=0.0219  ev=0/100  D=1.978
[regir_last] 10:15:00  320,153/1,000,000  8.7/s  upd=7384  L=0.0219  ev=8/100  D=1.978
[regir_last] 10:15:10  320,153/1,000,000  8.7/s  upd=7384  L=0.0219  ev=11/100  D=1.978
[regir_last] 10:15:20  320,153/1,000,000  8.7/s  upd=7384  L=0.0219  ev=16/100  D=1.978
[regir_last] 10:15:30  320,153/1,000,000  8.7/s  upd=7384  L=0.0219  ev=23/100  D=1.978
[regir_last] 10:15:40  320,153/1,000,000  8.7/s  upd=7384  L=0.0219  ev=23/100  D=1.978
[regir_last] 10:15:50  320,153/1,000,000  8.7/s  upd=7384  L=0.0219  ev=27/100  D=1.978
[regir_last] 10:16:00  320,153/1,000,000  8.7/s  upd=7384  L=0.0219  ev=32/100  D=1.978
[regir_last] 10:16:11  320,153/1,000,000  8.7/s  upd=7384  L=0.0219  ev=41/100  D=1.978
[regir_last] 10:16:21  320,153/1,000,000  8.7/s  upd=7384  L=0.0219  ev=48/100  D=1.978
[regir_last] 10:16:31  320,153/1,000,000  8.7/s  upd=7384  L=0.0219  ev=55/100  D=1.978
[regir_last] 10:16:41  320,153/1,000,000  8.7/s  upd=7384  L=0.0219  ev=56/100  D=1.978
[regir_last] 10:16:51  320,153/1,000,000  8.7/s  upd=7384  L=0.0219  ev=64/100  D=1.978
[regir_last] 10:17:01  320,153/1,000,000  8.6/s  upd=7384  L=0.0219  ev=78/100  D=1.978
[regir_last] 10:17:12  320,153/1,000,000  8.6/s  upd=7384  L=0.0219  ev=84/100  D=1.978
[regir_last] 10:17:22  320,153/1,000,000  8.6/s  upd=7384  L=0.0219  ev=96/100  D=1.978
[regir_last] report refresh skipped: PermissionError
[regir_last] report refresh skipped: PermissionError
[regir_last] 10:17:32  320,153/1,000,000  8.6/s  upd=7384  L=0.0219  D=1.433
[regir_last] 10:17:43  320,474/1,000,000  8.6/s  upd=7387  L=0.0341  D=1.433
[regir_last] 10:17:53  320,474/1,000,000  8.6/s  upd=7390  L=0.0291  D=1.433
[regir_last] 10:18:04  320,728/1,000,000  8.6/s  upd=7393  L=0.0171  D=1.433
[regir_last] 10:18:15  320,728/1,000,000  8.6/s  upd=7397  L=0.0329  D=1.433
[regir_last] 10:18:25  320,728/1,000,000  8.6/s  upd=7400  L=0.0302  D=1.433
[regir_last] 10:18:36  321,078/1,000,000  8.7/s  upd=7402  L=0.0284  D=1.433
[regir_last] 10:18:50  321,078/1,000,000  8.6/s  upd=7406  L=0.0214  D=1.433
[regir_last] 10:19:00  321,078/1,000,000  8.6/s  upd=7408  L=0.0235  D=1.433
[regir_last] 10:19:12  321,398/1,000,000  8.7/s  upd=7411  L=0.0273  D=1.433
[regir_last] 10:19:23  321,398/1,000,000  8.6/s  upd=7416  L=0.0234  D=1.433
[regir_last] 10:19:39  321,734/1,000,000  8.7/s  upd=7417  L=0.0207  D=1.433
[regir_last] 10:19:50  321,734/1,000,000  8.7/s  upd=7424  L=0.0349  D=1.433
[regir_last] 10:20:01  322,073/1,000,000  8.7/s  upd=7425  L=0.0467  D=1.433
[regir_last] 10:20:12  322,073/1,000,000  8.7/s  upd=7431  L=0.0244  D=1.433
[regir_last] 10:20:23  322,360/1,000,000  8.7/s  upd=7433  L=0.0275  D=1.433
[regir_last] 10:20:35  322,360/1,000,000  8.7/s  upd=7437  L=0.0191  D=1.433
[regir_last] 10:20:45  322,360/1,000,000  8.7/s  upd=7440  L=0.0249  D=1.433
[regir_last] 10:20:55  322,360/1,000,000  8.7/s  upd=7440  L=0.0249  D=1.433
[regir_last] 10:21:05  322,702/1,000,000  8.7/s  upd=7444  L=0.0176  D=1.433
[regir_last] 10:21:16  322,702/1,000,000  8.7/s  upd=7448  L=0.0188  D=1.433
[regir_last] 10:21:27  323,014/1,000,000  8.7/s  upd=7449  L=0.0173  D=1.433
[regir_last] 10:21:39  323,014/1,000,000  8.7/s  upd=7453  L=0.0244  D=1.433
[regir_last] 10:21:50  323,267/1,000,000  8.7/s  upd=7457  L=0.0237  D=1.433
[regir_last] 10:22:05  323,267/1,000,000  8.7/s  upd=7462  L=0.0198  D=1.433
[regir_last] 10:22:15  323,267/1,000,000  8.7/s  upd=7464  L=0.0457  D=1.433
[regir_last] 10:22:27  323,588/1,000,000  8.7/s  upd=7468  L=0.0503  D=1.433
[regir_last] report refresh skipped: PermissionError
[regir_last] 10:22:37  323,588/1,000,000  8.7/s  upd=7472  L=0.0285  D=1.433
[regir_last] 10:22:47  323,878/1,000,000  8.7/s  upd=7473  L=0.0310  D=1.433
[regir_last] 10:22:57  323,878/1,000,000  8.7/s  upd=7477  L=0.0237  D=1.433
[regir_last] 10:23:07  323,878/1,000,000  8.7/s  upd=7480  L=0.0266  D=1.433
[regir_last] 10:23:21  324,178/1,000,000  8.7/s  upd=7483  L=0.0220  D=1.433
[regir_last] 10:23:31  324,178/1,000,000  8.7/s  upd=7486  L=0.0310  D=1.433
[regir_last] 10:23:41  324,178/1,000,000  8.7/s  upd=7488  L=0.0345  D=1.433
[regir_last] 10:23:52  324,467/1,000,000  8.7/s  upd=7491  L=0.0264  D=1.433
[regir_last] 10:24:04  324,467/1,000,000  8.7/s  upd=7496  L=0.0165  D=1.433
[regir_last] 10:24:14  324,467/1,000,000  8.7/s  upd=7496  L=0.0165  D=1.433
[regir_last] 10:24:25  324,787/1,000,000  8.7/s  upd=7501  L=0.0281  D=1.433
[regir_last] saved resume t_env=324,787
[regir_last] 10:24:37  324,787/1,000,000  8.7/s  upd=7504  L=0.0346  D=1.433
[regir_last] 10:24:47  324,787/1,000,000  8.7/s  upd=7504  L=0.0346  D=1.433
[regir_last] 10:24:58  325,173/1,000,000  8.7/s  upd=7507  L=0.0233  D=1.433
[regir_last] 10:25:08  325,173/1,000,000  8.7/s  upd=7511  L=0.0218  D=1.433
[regir_last] 10:25:21  325,453/1,000,000  8.7/s  upd=7514  L=0.0428  D=1.433
[regir_last] 10:25:33  325,453/1,000,000  8.7/s  upd=7518  L=0.0330  D=1.433
[regir_last] 10:25:43  325,453/1,000,000  8.7/s  upd=7520  L=0.0318  D=1.433
[regir_last] 10:25:56  325,802/1,000,000  8.7/s  upd=7525  L=0.0263  D=1.433
[regir_last] 10:26:06  325,802/1,000,000  8.7/s  upd=7528  L=0.0195  D=1.433
[regir_last] 10:26:16  326,071/1,000,000  8.7/s  upd=7530  L=0.0276  D=1.433
[regir_last] 10:26:27  326,071/1,000,000  8.7/s  upd=7534  L=0.0281  D=1.433
[regir_last] 10:26:38  326,358/1,000,000  8.7/s  upd=7538  L=0.0303  D=1.433
[regir_last] 10:26:50  326,358/1,000,000  8.7/s  upd=7544  L=0.0225  D=1.433
[regir_last] 10:27:01  326,649/1,000,000  8.7/s  upd=7547  L=0.0289  D=1.433
[regir_last] 10:27:11  326,649/1,000,000  8.7/s  upd=7552  L=0.0319  D=1.433
[regir_last] 10:27:22  326,989/1,000,000  8.7/s  upd=7556  L=0.0232  D=1.433
[regir_last] 10:27:32  326,989/1,000,000  8.7/s  upd=7560  L=0.0261  D=1.433
[regir_last] 10:27:43  327,273/1,000,000  8.7/s  upd=7565  L=0.0215  D=1.433
[regir_last] report refresh skipped: PermissionError
[regir_last] 10:27:53  327,562/1,000,000  8.7/s  upd=7569  L=0.0210  D=1.433
[regir_last] 10:28:05  327,562/1,000,000  8.7/s  upd=7576  L=0.0195  D=1.433
[regir_last] 10:28:17  327,883/1,000,000  8.7/s  upd=7580  L=0.0200  D=1.433
[regir_last] 10:28:27  327,883/1,000,000  8.7/s  upd=7584  L=0.0343  D=1.433
[regir_last] 10:28:40  328,197/1,000,000  8.7/s  upd=7586  L=0.0421  D=1.433
[regir_last] 10:28:52  328,197/1,000,000  8.7/s  upd=7592  L=0.0192  D=1.433
[regir_last] 10:29:04  328,496/1,000,000  8.7/s  upd=7595  L=0.0253  D=1.433
[regir_last] 10:29:15  328,496/1,000,000  8.7/s  upd=7600  L=0.0357  D=1.433
[regir_last] 10:29:25  328,775/1,000,000  8.7/s  upd=7603  L=0.0236  D=1.433
[regir_last] 10:29:35  328,775/1,000,000  8.7/s  upd=7608  L=0.0238  D=1.433
[regir_last] 10:29:47  329,086/1,000,000  8.7/s  upd=7613  L=0.0260  D=1.433
[regir_last] 10:29:57  329,378/1,000,000  8.7/s  upd=7617  L=0.0247  D=1.433
[regir_last] 10:30:08  329,378/1,000,000  8.7/s  upd=7622  L=0.0283  D=1.433
[regir_last] 10:30:20  329,697/1,000,000  8.7/s  upd=7626  L=0.0209  D=1.433
[regir_last] 10:30:30  329,697/1,000,000  8.7/s  upd=7631  L=0.0257  D=1.433
[regir_last] 10:30:41  330,051/1,000,000  8.7/s  upd=7634  L=0.0235  D=1.433
[regir_last] 10:30:51  330,051/1,000,000  8.7/s  upd=7638  L=0.0312  D=1.433
[regir_last] 10:31:01  330,051/1,000,000  8.7/s  upd=7640  L=0.0285  D=1.433
[regir_last] 10:31:12  330,368/1,000,000  8.7/s  upd=7643  L=0.0291  D=1.433
[regir_last] 10:31:25  330,368/1,000,000  8.7/s  upd=7648  L=0.0315  D=1.433
[regir_last] 10:31:37  330,680/1,000,000  8.7/s  upd=7649  L=0.0297  D=1.433
[regir_last] 10:31:47  330,680/1,000,000  8.7/s  upd=7654  L=0.0373  D=1.433
[regir_last] 10:31:57  330,680/1,000,000  8.7/s  upd=7656  L=0.0235  D=1.433
[regir_last] 10:32:08  330,965/1,000,000  8.7/s  upd=7657  L=0.0230  D=1.433
[regir_last] 10:32:20  330,965/1,000,000  8.7/s  upd=7660  L=0.0280  D=1.433
[regir_last] 10:32:33  330,965/1,000,000  8.7/s  upd=7664  L=0.0245  D=1.433
[regir_last] 10:32:45  331,240/1,000,000  8.7/s  upd=7667  L=0.0221  D=1.433
[regir_last] 10:32:56  331,240/1,000,000  8.7/s  upd=7671  L=0.0221  D=1.433
[regir_last] report refresh skipped: PermissionError
[regir_last] 10:33:07  331,543/1,000,000  8.7/s  upd=7673  L=0.0204  D=1.433
[regir_last] 10:33:21  331,543/1,000,000  8.7/s  upd=7677  L=0.0275  D=1.433
[regir_last] 10:33:31  331,543/1,000,000  8.7/s  upd=7680  L=0.0276  D=1.433
[regir_last] 10:33:41  331,849/1,000,000  8.7/s  upd=7681  L=0.0341  D=1.433
[regir_last] 10:33:52  331,849/1,000,000  8.7/s  upd=7685  L=0.0237  D=1.433
[regir_last] 10:34:02  331,849/1,000,000  8.7/s  upd=7688  L=0.0395  D=1.433
[regir_last] 10:34:13  332,216/1,000,000  8.7/s  upd=7690  L=0.0283  D=1.433
[regir_last] 10:34:23  332,216/1,000,000  8.7/s  upd=7695  L=0.0217  D=1.433
[regir_last] 10:34:33  332,216/1,000,000  8.7/s  upd=7696  L=0.0321  D=1.433
[regir_last] 10:34:45  332,511/1,000,000  8.7/s  upd=7699  L=0.0167  D=1.433
[regir_last] 10:34:55  332,511/1,000,000  8.7/s  upd=7703  L=0.0249  D=1.433
[regir_last] saved resume t_env=332,511
[regir_last] 10:35:06  332,820/1,000,000  8.7/s  upd=7706  L=0.0230  D=1.433
[regir_last] 10:35:16  332,820/1,000,000  8.7/s  upd=7712  L=0.0196  D=1.433
[regir_last] 10:35:32  333,089/1,000,000  8.7/s  upd=7714  L=0.0249  D=1.433
[regir_last] 10:35:43  333,089/1,000,000  8.7/s  upd=7719  L=0.0508  D=1.433
[regir_last] 10:35:53  333,089/1,000,000  8.7/s  upd=7720  L=0.0473  D=1.433
[regir_last] 10:36:04  333,375/1,000,000  8.7/s  upd=7724  L=0.0203  D=1.433
[regir_last] 10:36:14  333,375/1,000,000  8.7/s  upd=7728  L=0.0184  D=1.433
[regir_last] 10:36:25  333,663/1,000,000  8.7/s  upd=7731  L=0.0208  D=1.433
[regir_last] 10:36:35  333,663/1,000,000  8.7/s  upd=7735  L=0.0300  D=1.433
[regir_last] 10:36:46  334,021/1,000,000  8.7/s  upd=7737  L=0.0262  D=1.433
[regir_last] 10:36:56  334,021/1,000,000  8.7/s  upd=7742  L=0.0338  D=1.433
[regir_last] 10:37:07  334,021/1,000,000  8.7/s  upd=7744  L=0.0229  D=1.433
[regir_last] 10:37:18  334,322/1,000,000  8.7/s  upd=7747  L=0.0362  D=1.433
[regir_last] 10:37:28  334,322/1,000,000  8.7/s  upd=7752  L=0.0214  D=1.433
[regir_last] 10:37:40  334,618/1,000,000  8.7/s  upd=7755  L=0.0233  D=1.433
[regir_last] 10:37:51  334,618/1,000,000  8.7/s  upd=7759  L=0.0199  D=1.433
[regir_last] 10:38:03  334,923/1,000,000  8.7/s  upd=7761  L=0.0212  D=1.433
[regir_last] 10:38:15  334,923/1,000,000  8.7/s  upd=7766  L=0.0133  D=1.433
[regir_last] report refresh skipped: PermissionError
[regir_last] 10:38:25  334,923/1,000,000  8.7/s  upd=7768  L=0.0248  D=1.433
[regir_last] 10:38:38  335,222/1,000,000  8.7/s  upd=7771  L=0.0163  D=1.433
[regir_last] 10:38:48  335,222/1,000,000  8.7/s  upd=7776  L=0.0291  D=1.433
[regir_last] 10:39:00  335,519/1,000,000  8.8/s  upd=7779  L=0.0286  D=1.433
[regir_last] 10:39:10  335,519/1,000,000  8.7/s  upd=7784  L=0.0232  D=1.433
[regir_last] 10:39:22  335,795/1,000,000  8.8/s  upd=7786  L=0.0212  D=1.433
[regir_last] 10:39:34  335,795/1,000,000  8.8/s  upd=7791  L=0.0207  D=1.433
[regir_last] 10:39:44  335,795/1,000,000  8.7/s  upd=7792  L=0.0361  D=1.433
[regir_last] 10:39:55  336,147/1,000,000  8.8/s  upd=7796  L=0.0232  D=1.433
[regir_last] 10:40:06  336,147/1,000,000  8.8/s  upd=7800  L=0.0252  D=1.433
[regir_last] 10:40:16  336,147/1,000,000  8.8/s  upd=7800  L=0.0252  D=1.433
[regir_last] 10:40:27  336,407/1,000,000  8.8/s  upd=7805  L=0.0275  D=1.433
[regir_last] 10:40:37  336,407/1,000,000  8.8/s  upd=7808  L=0.0197  D=1.433
[regir_last] 10:40:47  336,706/1,000,000  8.8/s  upd=7810  L=0.0238  D=1.433
[regir_last] 10:40:58  336,706/1,000,000  8.8/s  upd=7814  L=0.0184  D=1.433
[regir_last] 10:41:08  336,706/1,000,000  8.8/s  upd=7816  L=0.0310  D=1.433
[regir_last] 10:41:18  337,075/1,000,000  8.8/s  upd=7822  L=0.0175  D=1.433
[regir_last] 10:41:32  337,441/1,000,000  8.8/s  upd=7825  L=0.0268  D=1.433
[regir_last] 10:41:45  337,441/1,000,000  8.8/s  upd=7829  L=0.0264  D=1.433
[regir_last] 10:41:55  337,441/1,000,000  8.8/s  upd=7832  L=0.0248  D=1.433
[regir_last] 10:42:08  337,784/1,000,000  8.8/s  upd=7834  L=0.0565  D=1.433
[regir_last] 10:42:19  337,784/1,000,000  8.8/s  upd=7837  L=0.0240  D=1.433
[regir_last] 10:42:29  337,784/1,000,000  8.8/s  upd=7840  L=0.0296  D=1.433
[regir_last] 10:42:40  338,114/1,000,000  8.8/s  upd=7843  L=0.0202  D=1.433
[regir_last] 10:42:51  338,114/1,000,000  8.8/s  upd=7848  L=0.0206  D=1.433
[regir_last] 10:43:02  338,459/1,000,000  8.8/s  upd=7849  L=0.0229  D=1.433
[regir_last] 10:43:13  338,459/1,000,000  8.8/s  upd=7854  L=0.0425  D=1.433
[regir_last] 10:43:23  338,459/1,000,000  8.8/s  upd=7856  L=0.0365  D=1.433
[regir_last] 10:43:35  338,733/1,000,000  8.8/s  upd=7860  L=0.0284  D=1.433
[regir_last] report refresh skipped: PermissionError
[regir_last] 10:43:45  338,733/1,000,000  8.8/s  upd=7864  L=0.0216  D=1.433
[regir_last] 10:43:55  338,733/1,000,000  8.8/s  upd=7864  L=0.0216  D=1.433
[regir_last] 10:44:07  339,090/1,000,000  8.8/s  upd=7866  L=0.0245  D=1.433
[regir_last] 10:44:17  339,090/1,000,000  8.8/s  upd=7871  L=0.0181  D=1.433
[regir_last] 10:44:27  339,090/1,000,000  8.8/s  upd=7872  L=0.0191  D=1.433
[regir_last] 10:44:38  339,363/1,000,000  8.8/s  upd=7875  L=0.0273  D=1.433
[regir_last] 10:44:50  339,363/1,000,000  8.8/s  upd=7879  L=0.0247  D=1.433
[regir_last] 10:45:00  339,363/1,000,000  8.8/s  upd=7880  L=0.0234  D=1.433
[regir_last] 10:45:11  339,680/1,000,000  8.8/s  upd=7885  L=0.0240  D=1.433
[regir_last] saved resume t_env=339,680
[regir_last] 10:45:23  339,680/1,000,000  8.8/s  upd=7888  L=0.0236  D=1.433
[regir_last] 10:45:34  340,013/1,000,000  8.8/s  upd=7891  L=0.0278  D=1.433
[regir_last] 10:45:45  340,013/1,000,000  8.8/s  upd=7895  L=0.0285  D=1.433
[regir_last] saved resume t_env=340,013
[regir_last] 10:46:08  340,013/1,000,000  8.8/s  upd=7896  L=0.0291  ev=0/100  D=1.433
[regir_last] 10:46:18  340,013/1,000,000  8.8/s  upd=7896  L=0.0291  ev=16/100  D=1.433
[regir_last] 10:46:28  340,013/1,000,000  8.8/s  upd=7896  L=0.0291  ev=24/100  D=1.433
[regir_last] 10:46:38  340,013/1,000,000  8.8/s  upd=7896  L=0.0291  ev=32/100  D=1.433
[regir_last] 10:46:48  340,013/1,000,000  8.8/s  upd=7896  L=0.0291  ev=48/100  D=1.433
[regir_last] 10:46:59  340,013/1,000,000  8.8/s  upd=7896  L=0.0291  ev=63/100  D=1.433
[regir_last] 10:47:09  340,013/1,000,000  8.8/s  upd=7896  L=0.0291  ev=72/100  D=1.433
[regir_last] 10:47:19  340,013/1,000,000  8.8/s  upd=7896  L=0.0291  ev=80/100  D=1.433
[regir_last] 10:47:29  340,013/1,000,000  8.8/s  upd=7896  L=0.0291  ev=95/100  D=1.433
[regir_last] report refresh skipped: PermissionError
[regir_last] 10:47:39  340,013/1,000,000  8.7/s  upd=7896  L=0.0291  D=2.233
[regir_last] 10:47:49  340,288/1,000,000  8.8/s  upd=7901  L=0.0290  D=2.233
[regir_last] 10:48:00  340,288/1,000,000  8.8/s  upd=7904  L=0.0298  D=2.233
[regir_last] 10:48:10  340,612/1,000,000  8.8/s  upd=7907  L=0.0227  D=2.233
[regir_last] 10:48:24  340,612/1,000,000  8.8/s  upd=7912  L=0.0307  D=2.233
[regir_last] 10:48:35  340,909/1,000,000  8.8/s  upd=7916  L=0.0213  D=2.233
[regir_last] 10:48:45  340,909/1,000,000  8.8/s  upd=7920  L=0.0247  D=2.233
[regir_last] 10:48:56  341,226/1,000,000  8.8/s  upd=7925  L=0.0291  D=2.233
[regir_last] report refresh skipped: PermissionError
[regir_last] 10:49:07  341,532/1,000,000  8.8/s  upd=7929  L=0.0304  D=2.233
[regir_last] 10:49:18  341,532/1,000,000  8.8/s  upd=7932  L=0.0226  D=2.233
[regir_last] 10:49:28  341,532/1,000,000  8.8/s  upd=7936  L=0.0259  D=2.233
[regir_last] 10:49:38  341,532/1,000,000  8.8/s  upd=7936  L=0.0259  D=2.233
[regir_last] 10:49:50  341,915/1,000,000  8.8/s  upd=7942  L=0.0166  D=2.233
[regir_last] 10:50:00  341,915/1,000,000  8.8/s  upd=7944  L=0.0224  D=2.233
[regir_last] 10:50:11  342,278/1,000,000  8.8/s  upd=7947  L=0.0241  D=2.233
[regir_last] 10:50:22  342,278/1,000,000  8.8/s  upd=7952  L=0.0217  D=2.233
[regir_last] 10:50:33  342,577/1,000,000  8.8/s  upd=7953  L=0.0260  D=2.233
[regir_last] 10:50:43  342,577/1,000,000  8.8/s  upd=7956  L=0.0305  D=2.233
[regir_last] 10:50:55  342,577/1,000,000  8.8/s  upd=7960  L=0.0176  D=2.233
[regir_last] 10:51:08  342,843/1,000,000  8.8/s  upd=7963  L=0.0209  D=2.233
[regir_last] 10:51:18  342,843/1,000,000  8.8/s  upd=7968  L=0.0243  D=2.233
[regir_last] 10:51:28  342,843/1,000,000  8.8/s  upd=7968  L=0.0243  D=2.233
[regir_last] 10:51:39  343,200/1,000,000  8.8/s  upd=7971  L=0.0287  D=2.233
[regir_last] 10:51:51  343,200/1,000,000  8.8/s  upd=7976  L=0.0224  D=2.233
[regir_last] 10:52:02  343,483/1,000,000  8.8/s  upd=7978  L=0.0249  D=2.233
[regir_last] 10:52:13  343,483/1,000,000  8.8/s  upd=7981  L=0.0256  D=2.233
[regir_last] 10:52:23  343,483/1,000,000  8.8/s  upd=7984  L=0.0356  D=2.233
[regir_last] 10:52:35  343,728/1,000,000  8.8/s  upd=7986  L=0.0219  D=2.233
[regir_last] 10:52:45  343,728/1,000,000  8.8/s  upd=7990  L=0.0207  D=2.233
[regir_last] 10:52:55  343,728/1,000,000  8.8/s  upd=7992  L=0.0210  D=2.233
[regir_last] 10:53:05  344,029/1,000,000  8.8/s  upd=7995  L=0.0190  D=2.233
[regir_last] 10:53:15  344,029/1,000,000  8.8/s  upd=7998  L=0.0164  D=2.233
[regir_last] 10:53:26  344,029/1,000,000  8.8/s  upd=8000  L=0.0155  D=2.233
[regir_last] 10:53:36  344,336/1,000,000  8.8/s  upd=8004  L=0.0256  D=2.233
[regir_last] 10:53:47  344,336/1,000,000  8.8/s  upd=8007  L=0.0190  D=2.233
[regir_last] 10:53:57  344,336/1,000,000  8.8/s  upd=8008  L=0.0222  D=2.233
[regir_last] 10:54:08  344,671/1,000,000  8.8/s  upd=8014  L=0.0402  D=2.233
[regir_last] report refresh skipped: PermissionError
[regir_last] 10:54:18  345,008/1,000,000  8.8/s  upd=8018  L=0.0299  D=2.233
[regir_last] 10:54:28  345,008/1,000,000  8.8/s  upd=8024  L=0.0325  D=2.233
[regir_last] 10:54:39  345,292/1,000,000  8.8/s  upd=8030  L=0.0187  D=2.233
[regir_last] 10:54:50  345,600/1,000,000  8.8/s  upd=8036  L=0.0390  D=2.233
[regir_last] 10:55:03  345,904/1,000,000  8.8/s  upd=8042  L=0.0226  D=2.233
[regir_last] 10:55:14  346,255/1,000,000  8.8/s  upd=8049  L=0.0173  D=2.233
[regir_last] 10:55:25  346,255/1,000,000  8.8/s  upd=8054  L=0.0189  D=2.233
[regir_last] 10:55:35  346,593/1,000,000  8.8/s  upd=8057  L=0.0178  D=2.233
[regir_last] 10:55:46  346,593/1,000,000  8.8/s  upd=8064  L=0.0202  D=2.233
[regir_last] 10:55:56  346,945/1,000,000  8.8/s  upd=8066  L=0.0168  D=2.233
[regir_last] 10:56:06  346,945/1,000,000  8.8/s  upd=8070  L=0.0281  D=2.233
[regir_last] saved resume t_env=346,945
[regir_last] 10:56:16  346,945/1,000,000  8.8/s  upd=8072  L=0.0298  D=2.233
[regir_last] 10:56:29  347,246/1,000,000  8.8/s  upd=8074  L=0.0243  D=2.233
[regir_last] 10:56:40  347,246/1,000,000  8.8/s  upd=8079  L=0.0269  D=2.233
[regir_last] 10:56:50  347,246/1,000,000  8.8/s  upd=8080  L=0.0263  D=2.233
[regir_last] 10:57:02  347,630/1,000,000  8.8/s  upd=8083  L=0.0288  D=2.233
[regir_last] 10:57:12  347,630/1,000,000  8.8/s  upd=8087  L=0.0211  D=2.233
[regir_last] 10:57:22  347,630/1,000,000  8.8/s  upd=8088  L=0.0273  D=2.233
[regir_last] 10:57:32  347,954/1,000,000  8.8/s  upd=8090  L=0.0242  D=2.233
[regir_last] 10:57:43  347,954/1,000,000  8.8/s  upd=8095  L=0.0261  D=2.233
[regir_last] 10:57:54  347,954/1,000,000  8.8/s  upd=8096  L=0.0322  D=2.233
[regir_last] 10:58:05  348,265/1,000,000  8.8/s  upd=8100  L=0.0339  D=2.233
[regir_last] 10:58:16  348,265/1,000,000  8.8/s  upd=8104  L=0.0169  D=2.233
[regir_last] 10:58:27  348,633/1,000,000  8.8/s  upd=8105  L=0.0255  D=2.233
[regir_last] 10:58:39  348,633/1,000,000  8.8/s  upd=8109  L=0.0274  D=2.233
[regir_last] 10:58:50  348,633/1,000,000  8.8/s  upd=8112  L=0.0224  D=2.233
[regir_last] 10:59:01  348,931/1,000,000  8.8/s  upd=8114  L=0.0277  D=2.233
[regir_last] 10:59:12  348,931/1,000,000  8.8/s  upd=8118  L=0.0261  D=2.233
[regir_last] report refresh skipped: PermissionError
[regir_last] 10:59:24  349,230/1,000,000  8.8/s  upd=8121  L=0.0174  D=2.233
[regir_last] 10:59:36  349,230/1,000,000  8.8/s  upd=8125  L=0.0267  D=2.233
[regir_last] 10:59:46  349,230/1,000,000  8.8/s  upd=8128  L=0.0232  D=2.233
[regir_last] 10:59:57  349,521/1,000,000  8.8/s  upd=8130  L=0.0242  D=2.233
[regir_last] 11:00:08  349,521/1,000,000  8.8/s  upd=8134  L=0.0312  D=2.233
[regir_last] 11:00:18  349,521/1,000,000  8.8/s  upd=8136  L=0.0193  D=2.233
[regir_last] 11:00:28  349,832/1,000,000  8.8/s  upd=8138  L=0.0320  D=2.233
[regir_last] 11:00:43  349,832/1,000,000  8.8/s  upd=8143  L=0.0234  D=2.233
[regir_last] 11:00:54  350,142/1,000,000  8.8/s  upd=8145  L=0.0433  D=2.233
[regir_last] 11:01:05  350,142/1,000,000  8.8/s  upd=8150  L=0.0279  D=2.233
[regir_last] 11:01:16  350,142/1,000,000  8.8/s  upd=8152  L=0.0218  D=2.233
[regir_last] 11:01:27  350,459/1,000,000  8.8/s  upd=8154  L=0.0256  D=2.233
[regir_last] 11:01:38  350,459/1,000,000  8.8/s  upd=8159  L=0.0215  D=2.233
[regir_last] 11:01:48  350,459/1,000,000  8.8/s  upd=8160  L=0.0212  D=2.233
[regir_last] 11:01:58  350,785/1,000,000  8.8/s  upd=8164  L=0.0205  D=2.233
[regir_last] 11:02:09  350,785/1,000,000  8.8/s  upd=8168  L=0.0285  D=2.233
[regir_last] 11:02:19  350,785/1,000,000  8.8/s  upd=8168  L=0.0285  D=2.233
[regir_last] 11:02:31  351,109/1,000,000  8.8/s  upd=8172  L=0.0205  D=2.233
[regir_last] 11:02:41  351,109/1,000,000  8.8/s  upd=8175  L=0.0364  D=2.233
[regir_last] 11:02:53  351,395/1,000,000  8.8/s  upd=8177  L=0.0536  D=2.233
[regir_last] 11:03:04  351,395/1,000,000  8.8/s  upd=8182  L=0.0201  D=2.233
[regir_last] 11:03:14  351,395/1,000,000  8.8/s  upd=8184  L=0.0186  D=2.233
[regir_last] 11:03:25  351,713/1,000,000  8.8/s  upd=8188  L=0.0214  D=2.233
[regir_last] 11:03:35  351,713/1,000,000  8.8/s  upd=8192  L=0.0181  D=2.233
[regir_last] 11:03:48  352,056/1,000,000  8.8/s  upd=8194  L=0.0267  D=2.233
[regir_last] 11:03:58  352,056/1,000,000  8.8/s  upd=8200  L=0.0271  D=2.233
[regir_last] 11:04:09  352,388/1,000,000  8.8/s  upd=8202  L=0.0192  D=2.233
[regir_last] 11:04:21  352,388/1,000,000  8.8/s  upd=8208  L=0.0304  D=2.233
[regir_last] report refresh skipped: PermissionError
[regir_last] 11:04:34  352,736/1,000,000  8.8/s  upd=8209  L=0.0321  D=2.233
[regir_last] 11:04:44  352,736/1,000,000  8.8/s  upd=8214  L=0.0254  D=2.233
[regir_last] 11:04:55  353,104/1,000,000  8.9/s  upd=8217  L=0.0289  D=2.233
[regir_last] 11:05:06  353,104/1,000,000  8.8/s  upd=8222  L=0.0286  D=2.233
[regir_last] 11:05:17  353,377/1,000,000  8.9/s  upd=8225  L=0.0205  D=2.233
[regir_last] 11:05:27  353,377/1,000,000  8.9/s  upd=8232  L=0.0286  D=2.233
[regir_last] 11:05:37  353,740/1,000,000  8.9/s  upd=8233  L=0.0228  D=2.233
[regir_last] 11:05:48  353,740/1,000,000  8.9/s  upd=8240  L=0.0358  D=2.233
[regir_last] 11:05:59  354,062/1,000,000  8.9/s  upd=8244  L=0.0299  D=2.233
[regir_last] 11:06:10  354,062/1,000,000  8.9/s  upd=8248  L=0.0271  D=2.233
[regir_last] 11:06:21  354,406/1,000,000  8.9/s  upd=8252  L=0.0258  D=2.233
[regir_last] saved resume t_env=354,406
[regir_last] 11:06:33  354,406/1,000,000  8.9/s  upd=8256  L=0.0301  D=2.233
[regir_last] 11:06:43  354,720/1,000,000  8.9/s  upd=8257  L=0.0201  D=2.233
[regir_last] 11:06:54  354,720/1,000,000  8.9/s  upd=8264  L=0.0189  D=2.233
[regir_last] 11:07:07  355,038/1,000,000  8.9/s  upd=8266  L=0.0228  D=2.233
[regir_last] 11:07:19  355,038/1,000,000  8.9/s  upd=8271  L=0.0273  D=2.233
[regir_last] 11:07:31  355,357/1,000,000  8.9/s  upd=8273  L=0.0197  D=2.233
[regir_last] 11:07:42  355,357/1,000,000  8.9/s  upd=8277  L=0.0230  D=2.233
[regir_last] 11:07:52  355,357/1,000,000  8.9/s  upd=8280  L=0.0338  D=2.233
[regir_last] 11:08:03  355,685/1,000,000  8.9/s  upd=8285  L=0.0200  D=2.233
[regir_last] 11:08:13  355,974/1,000,000  8.9/s  upd=8289  L=0.0184  D=2.233
[regir_last] 11:08:24  355,974/1,000,000  8.9/s  upd=8293  L=0.0243  D=2.233
[regir_last] 11:08:34  355,974/1,000,000  8.9/s  upd=8296  L=0.0227  D=2.233
[regir_last] 11:08:45  356,290/1,000,000  8.9/s  upd=8301  L=0.0232  D=2.233
[regir_last] 11:08:55  356,290/1,000,000  8.9/s  upd=8304  L=0.0199  D=2.233
[regir_last] 11:09:08  356,604/1,000,000  8.9/s  upd=8307  L=0.0151  D=2.233
[regir_last] 11:09:18  356,604/1,000,000  8.9/s  upd=8312  L=0.0263  D=2.233
[regir_last] 11:09:31  356,899/1,000,000  8.9/s  upd=8315  L=0.0340  D=2.233
[regir_last] 11:09:42  356,899/1,000,000  8.9/s  upd=8320  L=0.0209  D=2.233
[regir_last] report refresh skipped: PermissionError
[regir_last] 11:09:52  356,899/1,000,000  8.9/s  upd=8320  L=0.0209  D=2.233
[regir_last] 11:10:03  357,265/1,000,000  8.9/s  upd=8325  L=0.0354  D=2.233
[regir_last] 11:10:14  357,265/1,000,000  8.9/s  upd=8327  L=0.0171  D=2.233
[regir_last] 11:10:24  357,265/1,000,000  8.9/s  upd=8328  L=0.0247  D=2.233
[regir_last] 11:10:34  357,636/1,000,000  8.9/s  upd=8330  L=0.0263  D=2.233
[regir_last] 11:10:48  357,636/1,000,000  8.9/s  upd=8336  L=0.0190  D=2.233
[regir_last] 11:10:59  357,636/1,000,000  8.9/s  upd=8336  L=0.0190  D=2.233
[regir_last] 11:11:09  357,972/1,000,000  8.9/s  upd=8340  L=0.0233  D=2.233
[regir_last] 11:11:22  357,972/1,000,000  8.9/s  upd=8344  L=0.0278  D=2.233
[regir_last] 11:11:32  357,972/1,000,000  8.9/s  upd=8344  L=0.0278  D=2.233
[regir_last] 11:11:43  358,314/1,000,000  8.9/s  upd=8348  L=0.0288  D=2.233
[regir_last] 11:11:53  358,314/1,000,000  8.9/s  upd=8352  L=0.0208  D=2.233
[regir_last] 11:12:03  358,668/1,000,000  8.9/s  upd=8353  L=0.0215  D=2.233
[regir_last] 11:12:14  358,668/1,000,000  8.9/s  upd=8357  L=0.0185  D=2.233
[regir_last] 11:12:24  358,668/1,000,000  8.9/s  upd=8360  L=0.0202  D=2.233
[regir_last] 11:12:35  358,929/1,000,000  8.9/s  upd=8364  L=0.0420  D=2.233
[regir_last] 11:12:45  358,929/1,000,000  8.9/s  upd=8368  L=0.0240  D=2.233
[regir_last] 11:12:57  359,242/1,000,000  8.9/s  upd=8370  L=0.0244  D=2.233
[regir_last] 11:13:07  359,242/1,000,000  8.9/s  upd=8376  L=0.0287  D=2.233
[regir_last] 11:13:18  359,523/1,000,000  8.9/s  upd=8377  L=0.0282  D=2.233
[regir_last] 11:13:31  359,523/1,000,000  8.9/s  upd=8382  L=0.0273  D=2.233
[regir_last] 11:13:43  359,806/1,000,000  8.9/s  upd=8386  L=0.0261  D=2.233
[regir_last] 11:13:54  359,806/1,000,000  8.9/s  upd=8391  L=0.0191  D=2.233
[regir_last] 11:14:04  359,806/1,000,000  8.9/s  upd=8392  L=0.0134  D=2.233
[regir_last] 11:14:15  360,068/1,000,000  8.9/s  upd=8397  L=0.0256  D=2.233
[regir_last] saved resume t_env=360,068
[regir_last] 11:14:45  360,068/1,000,000  8.9/s  upd=8400  L=0.0375  ev=0/100  D=2.233
[regir_last] 11:14:55  360,068/1,000,000  8.9/s  upd=8400  L=0.0375  ev=8/100  D=2.233
[regir_last] 11:15:05  360,068/1,000,000  8.9/s  upd=8400  L=0.0375  ev=23/100  D=2.233
[regir_last] 11:15:15  360,068/1,000,000  8.9/s  upd=8400  L=0.0375  ev=26/100  D=2.233
[regir_last] 11:15:25  360,068/1,000,000  8.9/s  upd=8400  L=0.0375  ev=36/100  D=2.233
[regir_last] 11:15:36  360,068/1,000,000  8.9/s  upd=8400  L=0.0375  ev=45/100  D=2.233
[regir_last] 11:15:46  360,068/1,000,000  8.9/s  upd=8400  L=0.0375  ev=58/100  D=2.233
[regir_last] 11:15:56  360,068/1,000,000  8.9/s  upd=8400  L=0.0375  ev=64/100  D=2.233
[regir_last] 11:16:06  360,068/1,000,000  8.9/s  upd=8400  L=0.0375  ev=72/100  D=2.233
[regir_last] 11:16:16  360,068/1,000,000  8.9/s  upd=8400  L=0.0375  ev=85/100  D=2.233
[regir_last] 11:16:26  360,068/1,000,000  8.9/s  upd=8400  L=0.0375  ev=95/100  D=2.233
[regir_last] report refresh skipped: PermissionError
[regir_last] report refresh skipped: PermissionError
[regir_last] 11:16:36  360,068/1,000,000  8.9/s  upd=8400  L=0.0375  D=1.379
[regir_last] 11:16:47  360,417/1,000,000  8.9/s  upd=8401  L=0.0278  D=1.379
[regir_last] 11:16:58  360,417/1,000,000  8.9/s  upd=8404  L=0.0226  D=1.379
[regir_last] 11:17:08  360,417/1,000,000  8.9/s  upd=8407  L=0.0376  D=1.379
[regir_last] 11:17:18  360,417/1,000,000  8.9/s  upd=8408  L=0.0393  D=1.379
[regir_last] 11:17:30  360,740/1,000,000  8.9/s  upd=8413  L=0.0264  D=1.379
[regir_last] 11:17:40  360,740/1,000,000  8.9/s  upd=8416  L=0.0301  D=1.379
[regir_last] 11:17:51  361,066/1,000,000  8.9/s  upd=8418  L=0.0272  D=1.379
[regir_last] 11:18:01  361,066/1,000,000  8.9/s  upd=8424  L=0.0169  D=1.379
[regir_last] 11:18:11  361,384/1,000,000  8.9/s  upd=8429  L=0.0326  D=1.379
[regir_last] 11:18:21  361,384/1,000,000  8.9/s  upd=8432  L=0.0205  D=1.379
[regir_last] 11:18:32  361,718/1,000,000  8.9/s  upd=8435  L=0.0241  D=1.379
[regir_last] 11:18:42  361,718/1,000,000  8.9/s  upd=8440  L=0.0288  D=1.379
[regir_last] 11:18:52  362,040/1,000,000  8.9/s  upd=8445  L=0.0302  D=1.379
[regir_last] 11:19:04  362,380/1,000,000  8.9/s  upd=8449  L=0.0168  D=1.379
[regir_last] 11:19:16  362,380/1,000,000  8.9/s  upd=8456  L=0.0220  D=1.379
[regir_last] 11:19:28  362,669/1,000,000  8.9/s  upd=8459  L=0.0249  D=1.379
[regir_last] 11:19:38  362,669/1,000,000  8.9/s  upd=8464  L=0.0265  D=1.379
[regir_last] 11:19:49  362,993/1,000,000  8.9/s  upd=8468  L=0.0226  D=1.379
[regir_last] 11:20:03  362,993/1,000,000  8.9/s  upd=8472  L=0.0345  D=1.379
[regir_last] 11:20:15  363,319/1,000,000  8.9/s  upd=8474  L=0.0305  D=1.379
[regir_last] 11:20:25  363,319/1,000,000  8.9/s  upd=8480  L=0.0247  D=1.379
[regir_last] 11:20:36  363,677/1,000,000  8.9/s  upd=8481  L=0.0231  D=1.379
[regir_last] 11:20:47  363,677/1,000,000  8.9/s  upd=8487  L=0.0428  D=1.379
[regir_last] 11:20:57  363,677/1,000,000  8.9/s  upd=8488  L=0.0305  D=1.379
[regir_last] 11:21:09  363,999/1,000,000  8.9/s  upd=8493  L=0.0290  D=1.379
[regir_last] 11:21:19  363,999/1,000,000  8.9/s  upd=8496  L=0.0291  D=1.379
[regir_last] 11:21:29  364,301/1,000,000  8.9/s  upd=8498  L=0.0186  D=1.379
[regir_last] 11:21:42  364,301/1,000,000  8.9/s  upd=8503  L=0.0253  D=1.379
[regir_last] report refresh skipped: PermissionError
[regir_last] 11:21:53  364,656/1,000,000  8.9/s  upd=8506  L=0.0235  D=1.379
[regir_last] 11:22:04  364,656/1,000,000  8.9/s  upd=8510  L=0.0220  D=1.379
[regir_last] 11:22:15  364,944/1,000,000  8.9/s  upd=8515  L=0.0337  D=1.379
[regir_last] 11:22:25  365,251/1,000,000  8.9/s  upd=8521  L=0.0305  D=1.379
[regir_last] 11:22:36  365,251/1,000,000  8.9/s  upd=8528  L=0.0509  D=1.379
[regir_last] 11:22:48  365,513/1,000,000  8.9/s  upd=8533  L=0.0257  D=1.379
[regir_last] 11:22:58  365,513/1,000,000  8.9/s  upd=8536  L=0.0335  D=1.379
[regir_last] 11:23:10  365,862/1,000,000  8.9/s  upd=8543  L=0.0234  D=1.379
[regir_last] 11:23:21  366,184/1,000,000  8.9/s  upd=8548  L=0.0278  D=1.379
[regir_last] 11:23:34  366,480/1,000,000  8.9/s  upd=8555  L=0.0161  D=1.379
[regir_last] 11:23:44  366,480/1,000,000  8.9/s  upd=8560  L=0.0194  D=1.379
[regir_last] 11:23:56  366,835/1,000,000  8.9/s  upd=8566  L=0.0188  D=1.379
[regir_last] 11:24:06  366,835/1,000,000  8.9/s  upd=8568  L=0.0249  D=1.379
[regir_last] 11:24:16  367,197/1,000,000  8.9/s  upd=8569  L=0.0264  D=1.379
[regir_last] 11:24:27  367,197/1,000,000  8.9/s  upd=8573  L=0.0382  D=1.379
[regir_last] saved resume t_env=367,197
[regir_last] 11:24:37  367,197/1,000,000  8.9/s  upd=8576  L=0.0202  D=1.379
[regir_last] 11:24:49  367,516/1,000,000  8.9/s  upd=8579  L=0.0260  D=1.379
[regir_last] 11:25:00  367,516/1,000,000  8.9/s  upd=8584  L=0.0220  D=1.379
[regir_last] 11:25:10  367,516/1,000,000  8.9/s  upd=8584  L=0.0220  D=1.379
[regir_last] 11:25:22  367,876/1,000,000  8.9/s  upd=8587  L=0.0190  D=1.379
[regir_last] 11:25:32  367,876/1,000,000  8.9/s  upd=8592  L=0.0252  D=1.379
[regir_last] 11:25:43  368,164/1,000,000  8.9/s  upd=8593  L=0.0314  D=1.379
[regir_last] 11:25:54  368,164/1,000,000  8.9/s  upd=8598  L=0.0389  D=1.379
[regir_last] 11:26:04  368,164/1,000,000  8.9/s  upd=8600  L=0.0275  D=1.379
[regir_last] 11:26:14  368,471/1,000,000  8.9/s  upd=8603  L=0.0261  D=1.379
[regir_last] 11:26:27  368,471/1,000,000  8.9/s  upd=8606  L=0.0199  D=1.379
[regir_last] 11:26:38  368,834/1,000,000  9.0/s  upd=8609  L=0.0214  D=1.379
[regir_last] 11:26:50  368,834/1,000,000  8.9/s  upd=8612  L=0.0271  D=1.379
[regir_last] 11:27:01  368,834/1,000,000  8.9/s  upd=8616  L=0.0250  D=1.379
[regir_last] report refresh skipped: PermissionError
[regir_last] 11:27:12  369,178/1,000,000  9.0/s  upd=8618  L=0.0289  D=1.379
[regir_last] 11:27:23  369,178/1,000,000  9.0/s  upd=8622  L=0.0407  D=1.379
[regir_last] 11:27:33  369,178/1,000,000  8.9/s  upd=8624  L=0.0243  D=1.379
[regir_last] 11:27:45  369,555/1,000,000  9.0/s  upd=8627  L=0.0207  D=1.379
[regir_last] 11:27:55  369,555/1,000,000  9.0/s  upd=8632  L=0.0201  D=1.379
[regir_last] 11:28:07  369,866/1,000,000  9.0/s  upd=8635  L=0.0225  D=1.379
[regir_last] 11:28:17  369,866/1,000,000  9.0/s  upd=8640  L=0.0267  D=1.379
[regir_last] 11:28:28  370,177/1,000,000  9.0/s  upd=8643  L=0.0260  D=1.379
[regir_last] 11:28:38  370,177/1,000,000  9.0/s  upd=8647  L=0.0374  D=1.379
[regir_last] 11:28:49  370,177/1,000,000  9.0/s  upd=8648  L=0.0316  D=1.379
[regir_last] 11:29:01  370,527/1,000,000  9.0/s  upd=8653  L=0.0189  D=1.379
[regir_last] 11:29:11  370,527/1,000,000  9.0/s  upd=8656  L=0.0172  D=1.379
[regir_last] 11:29:23  370,871/1,000,000  9.0/s  upd=8658  L=0.0256  D=1.379
[regir_last] 11:29:34  370,871/1,000,000  9.0/s  upd=8663  L=0.0236  D=1.379
[regir_last] 11:29:44  370,871/1,000,000  9.0/s  upd=8664  L=0.0223  D=1.379
[regir_last] 11:29:55  371,191/1,000,000  9.0/s  upd=8668  L=0.0213  D=1.379
[regir_last] 11:30:06  371,191/1,000,000  9.0/s  upd=8672  L=0.0288  D=1.379
[regir_last] 11:30:18  371,490/1,000,000  9.0/s  upd=8674  L=0.0196  D=1.379
[regir_last] 11:30:29  371,490/1,000,000  9.0/s  upd=8679  L=0.0213  D=1.379
[regir_last] 11:30:40  371,798/1,000,000  9.0/s  upd=8681  L=0.0253  D=1.379
[regir_last] 11:30:50  371,798/1,000,000  9.0/s  upd=8685  L=0.0369  D=1.379
[regir_last] 11:31:01  371,798/1,000,000  9.0/s  upd=8688  L=0.0514  D=1.379
[regir_last] 11:31:11  372,150/1,000,000  9.0/s  upd=8690  L=0.0346  D=1.379
[regir_last] 11:31:22  372,150/1,000,000  9.0/s  upd=8696  L=0.0273  D=1.379
[regir_last] 11:31:32  372,150/1,000,000  9.0/s  upd=8696  L=0.0273  D=1.379
[regir_last] 11:31:44  372,498/1,000,000  9.0/s  upd=8699  L=0.0321  D=1.379
[regir_last] 11:31:54  372,498/1,000,000  9.0/s  upd=8704  L=0.0244  D=1.379
[regir_last] 11:32:05  372,809/1,000,000  9.0/s  upd=8707  L=0.0210  D=1.379
[regir_last] report refresh skipped: PermissionError
[regir_last] 11:32:15  372,809/1,000,000  9.0/s  upd=8712  L=0.0203  D=1.379
[regir_last] 11:32:25  372,809/1,000,000  9.0/s  upd=8712  L=0.0203  D=1.379
[regir_last] 11:32:36  373,204/1,000,000  9.0/s  upd=8716  L=0.0240  D=1.379
[regir_last] 11:32:46  373,204/1,000,000  9.0/s  upd=8720  L=0.0205  D=1.379
[regir_last] 11:32:56  373,493/1,000,000  9.0/s  upd=8723  L=0.0248  D=1.379
[regir_last] 11:33:07  373,493/1,000,000  9.0/s  upd=8727  L=0.0240  D=1.379
[regir_last] 11:33:17  373,493/1,000,000  9.0/s  upd=8728  L=0.0257  D=1.379
[regir_last] 11:33:30  373,782/1,000,000  9.0/s  upd=8734  L=0.0244  D=1.379
[regir_last] 11:33:40  373,782/1,000,000  9.0/s  upd=8736  L=0.0265  D=1.379
[regir_last] 11:33:53  374,138/1,000,000  9.0/s  upd=8741  L=0.0259  D=1.379
[regir_last] 11:34:04  374,138/1,000,000  9.0/s  upd=8744  L=0.0215  D=1.379
[regir_last] 11:34:15  374,455/1,000,000  9.0/s  upd=8748  L=0.0340  D=1.379
[regir_last] 11:34:25  374,455/1,000,000  9.0/s  upd=8752  L=0.0446  D=1.379
[regir_last] 11:34:37  374,734/1,000,000  9.0/s  upd=8756  L=0.0281  D=1.379
[regir_last] saved resume t_env=374,734
[regir_last] 11:34:48  374,734/1,000,000  9.0/s  upd=8760  L=0.0174  D=1.379
[regir_last] 11:34:58  374,734/1,000,000  9.0/s  upd=8760  L=0.0174  D=1.379
[regir_last] 11:35:12  375,064/1,000,000  9.0/s  upd=8765  L=0.0202  D=1.379
[regir_last] 11:35:23  375,064/1,000,000  9.0/s  upd=8768  L=0.0285  D=1.379
[regir_last] 11:35:35  375,335/1,000,000  9.0/s  upd=8770  L=0.0204  D=1.379
[regir_last] 11:35:46  375,335/1,000,000  9.0/s  upd=8776  L=0.0202  D=1.379
[regir_last] 11:35:56  375,627/1,000,000  9.0/s  upd=8778  L=0.0282  D=1.379
[regir_last] 11:36:06  375,627/1,000,000  9.0/s  upd=8783  L=0.0225  D=1.379
[regir_last] 11:36:19  375,916/1,000,000  9.0/s  upd=8785  L=0.0378  D=1.379
[regir_last] 11:36:34  375,916/1,000,000  9.0/s  upd=8792  L=0.0273  D=1.379
[regir_last] 11:36:46  376,250/1,000,000  9.0/s  upd=8794  L=0.0260  D=1.379
[regir_last] 11:36:58  376,250/1,000,000  9.0/s  upd=8800  L=0.0195  D=1.379
[regir_last] 11:37:08  376,588/1,000,000  9.0/s  upd=8801  L=0.0239  D=1.379
[regir_last] 11:37:19  376,588/1,000,000  9.0/s  upd=8806  L=0.0244  D=1.379
[regir_last] report refresh skipped: PermissionError
[regir_last] 11:37:29  376,588/1,000,000  9.0/s  upd=8808  L=0.0245  D=1.379
[regir_last] 11:37:41  376,915/1,000,000  9.0/s  upd=8811  L=0.0267  D=1.379
[regir_last] 11:37:51  376,915/1,000,000  9.0/s  upd=8816  L=0.0266  D=1.379
[regir_last] 11:38:03  377,215/1,000,000  9.0/s  upd=8821  L=0.0339  D=1.379
[regir_last] 11:38:13  377,215/1,000,000  9.0/s  upd=8824  L=0.0239  D=1.379
[regir_last] 11:38:25  377,503/1,000,000  9.0/s  upd=8828  L=0.0373  D=1.379
[regir_last] 11:38:35  377,503/1,000,000  9.0/s  upd=8832  L=0.0308  D=1.379
[regir_last] 11:38:46  377,863/1,000,000  9.0/s  upd=8833  L=0.0203  D=1.379
[regir_last] 11:38:59  377,863/1,000,000  9.0/s  upd=8837  L=0.0297  D=1.379
[regir_last] 11:39:10  378,168/1,000,000  9.0/s  upd=8842  L=0.0249  D=1.379
[regir_last] 11:39:21  378,168/1,000,000  9.0/s  upd=8846  L=0.0308  D=1.379
[regir_last] 11:39:31  378,469/1,000,000  9.0/s  upd=8849  L=0.0206  D=1.379
[regir_last] 11:39:45  378,469/1,000,000  9.0/s  upd=8853  L=0.0225  D=1.379
[regir_last] 11:39:55  378,717/1,000,000  9.0/s  upd=8856  L=0.0246  D=1.379
[regir_last] 11:40:06  378,717/1,000,000  9.0/s  upd=8859  L=0.0277  D=1.379
[regir_last] 11:40:16  378,717/1,000,000  9.0/s  upd=8864  L=0.0285  D=1.379
[regir_last] 11:40:27  379,012/1,000,000  9.0/s  upd=8866  L=0.0267  D=1.379
[regir_last] 11:40:38  379,012/1,000,000  9.0/s  upd=8872  L=0.0229  D=1.379
[regir_last] 11:40:48  379,012/1,000,000  9.0/s  upd=8872  L=0.0229  D=1.379
[regir_last] 11:40:58  379,330/1,000,000  9.0/s  upd=8875  L=0.0289  D=1.379
[regir_last] 11:41:08  379,330/1,000,000  9.0/s  upd=8880  L=0.0207  D=1.379
[regir_last] 11:41:19  379,640/1,000,000  9.0/s  upd=8882  L=0.0167  D=1.379
[regir_last] 11:41:29  379,640/1,000,000  9.0/s  upd=8887  L=0.0408  D=1.379
[regir_last] 11:41:42  379,934/1,000,000  9.0/s  upd=8889  L=0.0246  D=1.379
[regir_last] 11:41:52  379,934/1,000,000  9.0/s  upd=8895  L=0.0234  D=1.379
[regir_last] 11:42:02  380,187/1,000,000  9.0/s  upd=8899  L=0.0249  D=1.379
[regir_last] saved resume t_env=380,187
[regir_last] 11:42:31  380,187/1,000,000  9.0/s  upd=8904  L=0.0257  ev=0/100  D=1.379
[regir_last] 11:42:41  380,187/1,000,000  9.0/s  upd=8904  L=0.0257  ev=23/100  D=1.379
[regir_last] 11:42:51  380,187/1,000,000  9.0/s  upd=8904  L=0.0257  ev=32/100  D=1.379
[regir_last] 11:43:01  380,187/1,000,000  9.0/s  upd=8904  L=0.0257  ev=51/100  D=1.379
[regir_last] 11:43:11  380,187/1,000,000  9.0/s  upd=8904  L=0.0257  ev=64/100  D=1.379
[regir_last] 11:43:22  380,187/1,000,000  9.0/s  upd=8904  L=0.0257  ev=84/100  D=1.379
[regir_last] 11:43:32  380,187/1,000,000  9.0/s  upd=8904  L=0.0257  ev=96/100  D=1.379
[regir_last] report refresh skipped: PermissionError
[regir_last] report refresh skipped: PermissionError
[regir_last] 11:43:42  380,487/1,000,000  9.0/s  upd=8907  L=0.0298  D=1.257
[regir_last] 11:43:53  380,487/1,000,000  9.0/s  upd=8911  L=0.0340  D=1.257
[regir_last] 11:44:03  380,863/1,000,000  9.0/s  upd=8914  L=0.0228  D=1.257
[regir_last] 11:44:16  380,863/1,000,000  9.0/s  upd=8920  L=0.0206  D=1.257
[regir_last] 11:44:26  381,189/1,000,000  9.0/s  upd=8923  L=0.0199  D=1.257
[regir_last] 11:44:37  381,466/1,000,000  9.0/s  upd=8929  L=0.0373  D=1.257
[regir_last] 11:44:47  381,466/1,000,000  9.0/s  upd=8932  L=0.0295  D=1.257
[regir_last] 11:44:58  381,466/1,000,000  9.0/s  upd=8936  L=0.0193  D=1.257
[regir_last] 11:45:08  381,775/1,000,000  9.0/s  upd=8943  L=0.0277  D=1.257
[regir_last] 11:45:18  382,080/1,000,000  9.0/s  upd=8947  L=0.0323  D=1.257
[regir_last] 11:45:31  382,080/1,000,000  9.0/s  upd=8952  L=0.0205  D=1.257
[regir_last] 11:45:41  382,364/1,000,000  9.0/s  upd=8956  L=0.0373  D=1.257
[regir_last] 11:45:51  382,364/1,000,000  9.0/s  upd=8960  L=0.0213  D=1.257
[regir_last] 11:46:01  382,671/1,000,000  9.0/s  upd=8964  L=0.0214  D=1.257
[regir_last] 11:46:11  382,671/1,000,000  9.0/s  upd=8968  L=0.0243  D=1.257
[regir_last] 11:46:23  383,027/1,000,000  9.0/s  upd=8972  L=0.0284  D=1.257
[regir_last] 11:46:33  383,027/1,000,000  9.0/s  upd=8976  L=0.0240  D=1.257
[regir_last] 11:46:44  383,306/1,000,000  9.0/s  upd=8982  L=0.0297  D=1.257
[regir_last] 11:46:55  383,616/1,000,000  9.0/s  upd=8985  L=0.0300  D=1.257
[regir_last] 11:47:06  383,616/1,000,000  9.0/s  upd=8991  L=0.0190  D=1.257
[regir_last] 11:47:17  383,616/1,000,000  9.0/s  upd=8992  L=0.0231  D=1.257
[regir_last] 11:47:27  383,986/1,000,000  9.0/s  upd=8997  L=0.0319  D=1.257
[regir_last] 11:47:38  384,275/1,000,000  9.1/s  upd=9003  L=0.0391  D=1.257
[regir_last] 11:47:48  384,275/1,000,000  9.0/s  upd=9008  L=0.0259  D=1.257
[regir_last] 11:47:59  384,583/1,000,000  9.1/s  upd=9014  L=0.0304  D=1.257
[regir_last] 11:48:09  384,875/1,000,000  9.1/s  upd=9018  L=0.0220  D=1.257
[regir_last] 11:48:21  384,875/1,000,000  9.1/s  upd=9024  L=0.0280  D=1.257
[regir_last] 11:48:33  385,240/1,000,000  9.1/s  upd=9030  L=0.0201  D=1.257
[regir_last] report refresh skipped: PermissionError
[regir_last] 11:48:43  385,519/1,000,000  9.1/s  upd=9037  L=0.0290  D=1.257
[regir_last] 11:48:55  385,876/1,000,000  9.1/s  upd=9042  L=0.0198  D=1.257
[regir_last] 11:49:05  385,876/1,000,000  9.1/s  upd=9048  L=0.0239  D=1.257
[regir_last] 11:49:17  386,174/1,000,000  9.1/s  upd=9056  L=0.0237  D=1.257
[regir_last] 11:49:29  386,543/1,000,000  9.1/s  upd=9057  L=0.0177  D=1.257
[regir_last] 11:49:39  386,543/1,000,000  9.1/s  upd=9061  L=0.0311  D=1.257
[regir_last] 11:49:49  386,543/1,000,000  9.1/s  upd=9064  L=0.0340  D=1.257
[regir_last] 11:50:01  386,868/1,000,000  9.1/s  upd=9068  L=0.0231  D=1.257
[regir_last] 11:50:11  386,868/1,000,000  9.1/s  upd=9072  L=0.0299  D=1.257
[regir_last] 11:50:21  387,157/1,000,000  9.1/s  upd=9077  L=0.0292  D=1.257
[regir_last] 11:50:31  387,157/1,000,000  9.1/s  upd=9080  L=0.0183  D=1.257
[regir_last] 11:50:43  387,496/1,000,000  9.1/s  upd=9083  L=0.0327  D=1.257
[regir_last] 11:50:55  387,496/1,000,000  9.1/s  upd=9087  L=0.0264  D=1.257
[regir_last] 11:51:06  387,801/1,000,000  9.1/s  upd=9090  L=0.0222  D=1.257
[regir_last] 11:51:16  387,801/1,000,000  9.1/s  upd=9095  L=0.0170  D=1.257
[regir_last] 11:51:26  388,111/1,000,000  9.1/s  upd=9098  L=0.0332  D=1.257
[regir_last] 11:51:36  388,111/1,000,000  9.1/s  upd=9102  L=0.0287  D=1.257
[regir_last] 11:51:49  388,396/1,000,000  9.1/s  upd=9106  L=0.0119  D=1.257
[regir_last] 11:52:01  388,396/1,000,000  9.1/s  upd=9111  L=0.0325  D=1.257
[regir_last] 11:52:12  388,685/1,000,000  9.1/s  upd=9114  L=0.0400  D=1.257
[regir_last] 11:52:22  388,685/1,000,000  9.1/s  upd=9118  L=0.0432  D=1.257
[regir_last] saved resume t_env=388,685
[regir_last] 11:52:32  388,685/1,000,000  9.1/s  upd=9120  L=0.0255  D=1.257
[regir_last] 11:52:42  389,005/1,000,000  9.1/s  upd=9125  L=0.0289  D=1.257
[regir_last] 11:52:57  389,281/1,000,000  9.1/s  upd=9130  L=0.0214  D=1.257
[regir_last] 11:53:07  389,281/1,000,000  9.1/s  upd=9136  L=0.0269  D=1.257
[regir_last] 11:53:17  389,665/1,000,000  9.1/s  upd=9140  L=0.0201  D=1.257
[regir_last] 11:53:27  389,665/1,000,000  9.1/s  upd=9144  L=0.0293  D=1.257
[regir_last] 11:53:37  389,989/1,000,000  9.1/s  upd=9149  L=0.0231  D=1.257
[regir_last] report refresh skipped: PermissionError
[regir_last] 11:53:48  390,296/1,000,000  9.1/s  upd=9153  L=0.0276  D=1.257
[regir_last] 11:53:59  390,296/1,000,000  9.1/s  upd=9160  L=0.0499  D=1.257
[regir_last] 11:54:09  390,584/1,000,000  9.1/s  upd=9163  L=0.0201  D=1.257
[regir_last] 11:54:22  390,584/1,000,000  9.1/s  upd=9168  L=0.0163  D=1.257
[regir_last] 11:54:32  390,882/1,000,000  9.1/s  upd=9172  L=0.0270  D=1.257
[regir_last] 11:54:44  390,882/1,000,000  9.1/s  upd=9176  L=0.0392  D=1.257
[regir_last] 11:54:55  391,249/1,000,000  9.1/s  upd=9181  L=0.0293  D=1.257
[regir_last] 11:55:06  391,560/1,000,000  9.1/s  upd=9187  L=0.0260  D=1.257
[regir_last] 11:55:16  391,560/1,000,000  9.1/s  upd=9192  L=0.0236  D=1.257
[regir_last] 11:55:27  391,892/1,000,000  9.1/s  upd=9196  L=0.0370  D=1.257
[regir_last] 11:55:37  391,892/1,000,000  9.1/s  upd=9200  L=0.0205  D=1.257
[regir_last] 11:55:48  392,258/1,000,000  9.1/s  upd=9205  L=0.0325  D=1.257
[regir_last] 11:55:58  392,258/1,000,000  9.1/s  upd=9208  L=0.0236  D=1.257
[regir_last] 11:56:08  392,600/1,000,000  9.1/s  upd=9212  L=0.0242  D=1.257
[regir_last] 11:56:19  392,600/1,000,000  9.1/s  upd=9216  L=0.0335  D=1.257
[regir_last] 11:56:29  392,913/1,000,000  9.1/s  upd=9220  L=0.0218  D=1.257
[regir_last] 11:56:39  392,913/1,000,000  9.1/s  upd=9224  L=0.0329  D=1.257
[regir_last] 11:56:49  393,241/1,000,000  9.1/s  upd=9230  L=0.0202  D=1.257
[regir_last] 11:57:01  393,574/1,000,000  9.1/s  upd=9233  L=0.0227  D=1.257
[regir_last] 11:57:12  393,574/1,000,000  9.1/s  upd=9238  L=0.0312  D=1.257
[regir_last] 11:57:24  393,870/1,000,000  9.2/s  upd=9244  L=0.0325  D=1.257
[regir_last] 11:57:34  394,192/1,000,000  9.2/s  upd=9250  L=0.0557  D=1.257
[regir_last] 11:57:46  394,472/1,000,000  9.2/s  upd=9257  L=0.0185  D=1.257
[regir_last] 11:57:57  394,472/1,000,000  9.2/s  upd=9263  L=0.0143  D=1.257
[regir_last] 11:58:07  394,814/1,000,000  9.2/s  upd=9265  L=0.0293  D=1.257
[regir_last] 11:58:18  394,814/1,000,000  9.2/s  upd=9272  L=0.0242  D=1.257
[regir_last] 11:58:29  395,104/1,000,000  9.2/s  upd=9274  L=0.0297  D=1.257
[regir_last] 11:58:39  395,104/1,000,000  9.2/s  upd=9279  L=0.0285  D=1.257
[regir_last] 11:58:51  395,404/1,000,000  9.2/s  upd=9282  L=0.0222  D=1.257
[regir_last] 11:59:01  395,404/1,000,000  9.2/s  upd=9287  L=0.0282  D=1.257
[regir_last] report refresh skipped: PermissionError
[regir_last] 11:59:14  395,677/1,000,000  9.2/s  upd=9293  L=0.0225  D=1.257
[regir_last] 11:59:24  395,677/1,000,000  9.2/s  upd=9296  L=0.0297  D=1.257
[regir_last] 11:59:35  395,962/1,000,000  9.2/s  upd=9300  L=0.0303  D=1.257
[regir_last] 11:59:45  395,962/1,000,000  9.2/s  upd=9304  L=0.0261  D=1.257
[regir_last] 11:59:55  396,294/1,000,000  9.2/s  upd=9309  L=0.0259  D=1.257
[regir_last] 12:00:05  396,294/1,000,000  9.2/s  upd=9312  L=0.0237  D=1.257
[regir_last] 12:00:16  396,651/1,000,000  9.2/s  upd=9317  L=0.0337  D=1.257
[regir_last] 12:00:26  396,651/1,000,000  9.2/s  upd=9320  L=0.0157  D=1.257
[regir_last] 12:00:38  396,931/1,000,000  9.2/s  upd=9326  L=0.0178  D=1.257
[regir_last] 12:00:48  396,931/1,000,000  9.2/s  upd=9328  L=0.0181  D=1.257
[regir_last] 12:00:59  397,257/1,000,000  9.2/s  upd=9334  L=0.0318  D=1.257
[regir_last] 12:01:09  397,573/1,000,000  9.2/s  upd=9337  L=0.0332  D=1.257
[regir_last] 12:01:19  397,573/1,000,000  9.2/s  upd=9344  L=0.0213  D=1.257
[regir_last] 12:01:30  397,879/1,000,000  9.2/s  upd=9345  L=0.0265  D=1.257
[regir_last] 12:01:41  397,879/1,000,000  9.2/s  upd=9350  L=0.0245  D=1.257
[regir_last] 12:01:52  398,159/1,000,000  9.2/s  upd=9353  L=0.0270  D=1.257
[regir_last] 12:02:06  398,159/1,000,000  9.2/s  upd=9359  L=0.0209  D=1.257
[regir_last] 12:02:18  398,454/1,000,000  9.2/s  upd=9363  L=0.0373  D=1.257
[regir_last] 12:02:29  398,454/1,000,000  9.2/s  upd=9367  L=0.0275  D=1.257
[regir_last] saved resume t_env=398,454
[regir_last] 12:02:42  398,760/1,000,000  9.2/s  upd=9369  L=0.0193  D=1.257
[regir_last] 12:02:52  398,760/1,000,000  9.2/s  upd=9374  L=0.0290  D=1.257
[regir_last] 12:03:02  398,760/1,000,000  9.2/s  upd=9376  L=0.0270  D=1.257
[regir_last] 12:03:12  399,047/1,000,000  9.2/s  upd=9380  L=0.0432  D=1.257
[regir_last] 12:03:23  399,047/1,000,000  9.2/s  upd=9384  L=0.0219  D=1.257
[regir_last] 12:03:34  399,302/1,000,000  9.2/s  upd=9387  L=0.0267  D=1.257
[regir_last] 12:03:44  399,302/1,000,000  9.2/s  upd=9392  L=0.0255  D=1.257
[regir_last] 12:03:54  399,564/1,000,000  9.2/s  upd=9396  L=0.0225  D=1.257
[regir_last] report refresh skipped: PermissionError
[regir_last] 12:04:04  399,564/1,000,000  9.2/s  upd=9400  L=0.0362  D=1.257
[regir_last] 12:04:14  399,866/1,000,000  9.2/s  upd=9404  L=0.0274  D=1.257
[regir_last] 12:04:26  400,197/1,000,000  9.2/s  upd=9409  L=0.0294  D=1.257
[regir_last] 12:04:39  400,197/1,000,000  9.2/s  upd=9412  L=0.0197  D=1.257
[regir_last] saved resume t_env=400,197
[regir_last] 12:05:06  400,197/1,000,000  9.2/s  upd=9416  L=0.0205  ev=0/100  D=1.257
[regir_last] 12:05:16  400,197/1,000,000  9.2/s  upd=9416  L=0.0205  ev=7/100  D=1.257
[regir_last] 12:05:26  400,197/1,000,000  9.2/s  upd=9416  L=0.0205  ev=15/100  D=1.257
[regir_last] 12:05:36  400,197/1,000,000  9.2/s  upd=9416  L=0.0205  ev=23/100  D=1.257
[regir_last] 12:05:46  400,197/1,000,000  9.2/s  upd=9416  L=0.0205  ev=30/100  D=1.257
[regir_last] 12:05:57  400,197/1,000,000  9.2/s  upd=9416  L=0.0205  ev=32/100  D=1.257
[regir_last] 12:06:07  400,197/1,000,000  9.2/s  upd=9416  L=0.0205  ev=40/100  D=1.257
[regir_last] 12:06:17  400,197/1,000,000  9.2/s  upd=9416  L=0.0205  ev=49/100  D=1.257
[regir_last] 12:06:27  400,197/1,000,000  9.2/s  upd=9416  L=0.0205  ev=56/100  D=1.257
[regir_last] 12:06:37  400,197/1,000,000  9.2/s  upd=9416  L=0.0205  ev=64/100  D=1.257
[regir_last] 12:06:47  400,197/1,000,000  9.2/s  upd=9416  L=0.0205  ev=70/100  D=1.257
[regir_last] 12:06:57  400,197/1,000,000  9.2/s  upd=9416  L=0.0205  ev=78/100  D=1.257
[regir_last] 12:07:08  400,197/1,000,000  9.2/s  upd=9416  L=0.0205  ev=80/100  D=1.257
[regir_last] 12:07:18  400,197/1,000,000  9.2/s  upd=9416  L=0.0205  ev=88/100  D=1.257
[regir_last] 12:07:28  400,197/1,000,000  9.2/s  upd=9416  L=0.0205  ev=96/100  D=1.257
[regir_last] report refresh skipped: PermissionError
[regir_last] 12:07:38  400,197/1,000,000  9.2/s  upd=9416  L=0.0205  D=1.352
[regir_last] 12:07:49  400,524/1,000,000  9.2/s  upd=9417  L=0.0236  D=1.352
[regir_last] 12:08:00  400,524/1,000,000  9.2/s  upd=9422  L=0.0233  D=1.352
[regir_last] 12:08:10  400,524/1,000,000  9.2/s  upd=9424  L=0.0201  D=1.352
[regir_last] 12:08:24  400,847/1,000,000  9.2/s  upd=9428  L=0.0246  D=1.352
[regir_last] 12:08:34  400,847/1,000,000  9.2/s  upd=9432  L=0.0194  D=1.352
[regir_last] 12:08:47  401,134/1,000,000  9.2/s  upd=9434  L=0.0153  D=1.352
[regir_last] 12:08:59  401,134/1,000,000  9.2/s  upd=9440  L=0.0257  D=1.352
[regir_last] 12:09:10  401,439/1,000,000  9.2/s  upd=9442  L=0.0211  D=1.352
[regir_last] 12:09:21  401,439/1,000,000  9.2/s  upd=9447  L=0.0274  D=1.352
[regir_last] report refresh skipped: PermissionError
[regir_last] 12:09:31  401,439/1,000,000  9.2/s  upd=9448  L=0.0307  D=1.352
[regir_last] 12:09:42  401,739/1,000,000  9.2/s  upd=9452  L=0.0386  D=1.352
[regir_last] 12:09:53  401,739/1,000,000  9.2/s  upd=9455  L=0.0268  D=1.352
[regir_last] 12:10:04  402,091/1,000,000  9.2/s  upd=9457  L=0.0209  D=1.352
[regir_last] 12:10:15  402,091/1,000,000  9.2/s  upd=9462  L=0.0604  D=1.352
[regir_last] 12:10:25  402,091/1,000,000  9.2/s  upd=9464  L=0.0316  D=1.352
[regir_last] 12:10:38  402,412/1,000,000  9.2/s  upd=9470  L=0.0400  D=1.352
[regir_last] 12:10:49  402,412/1,000,000  9.2/s  upd=9472  L=0.0301  D=1.352
[regir_last] 12:10:59  402,807/1,000,000  9.2/s  upd=9473  L=0.0318  D=1.352
[regir_last] 12:11:10  402,807/1,000,000  9.2/s  upd=9478  L=0.0318  D=1.352
[regir_last] 12:11:20  402,807/1,000,000  9.2/s  upd=9480  L=0.0226  D=1.352
[regir_last] 12:11:30  403,151/1,000,000  9.2/s  upd=9481  L=0.0261  D=1.352
[regir_last] 12:11:42  403,151/1,000,000  9.2/s  upd=9486  L=0.0397  D=1.352
[regir_last] 12:11:52  403,151/1,000,000  9.2/s  upd=9488  L=0.0418  D=1.352
[regir_last] 12:12:05  403,456/1,000,000  9.2/s  upd=9492  L=0.0227  D=1.352
[regir_last] 12:12:15  403,456/1,000,000  9.2/s  upd=9496  L=0.0219  D=1.352
[regir_last] 12:12:26  403,801/1,000,000  9.2/s  upd=9497  L=0.0262  D=1.352
[regir_last] 12:12:37  403,801/1,000,000  9.2/s  upd=9502  L=0.0258  D=1.352
[regir_last] 12:12:50  404,119/1,000,000  9.2/s  upd=9505  L=0.0219  D=1.352
[regir_last] 12:13:01  404,119/1,000,000  9.2/s  upd=9510  L=0.0297  D=1.352
[regir_last] 12:13:12  404,418/1,000,000  9.2/s  upd=9513  L=0.0250  D=1.352
[regir_last] 12:13:23  404,418/1,000,000  9.2/s  upd=9518  L=0.0211  D=1.352
[regir_last] 12:13:33  404,418/1,000,000  9.2/s  upd=9520  L=0.0218  D=1.352
[regir_last] 12:13:45  404,759/1,000,000  9.2/s  upd=9524  L=0.0184  D=1.352
[regir_last] 12:13:55  404,759/1,000,000  9.2/s  upd=9528  L=0.0305  D=1.352
[regir_last] 12:14:06  405,090/1,000,000  9.2/s  upd=9531  L=0.0453  D=1.352
[regir_last] 12:14:18  405,090/1,000,000  9.2/s  upd=9536  L=0.0301  D=1.352
[regir_last] 12:14:30  405,389/1,000,000  9.2/s  upd=9539  L=0.0265  D=1.352
[regir_last] report refresh skipped: PermissionError
[regir_last] 12:14:40  405,389/1,000,000  9.2/s  upd=9544  L=0.0333  D=1.352
[regir_last] 12:14:52  405,653/1,000,000  9.2/s  upd=9545  L=0.0276  D=1.352
[regir_last] 12:15:03  405,653/1,000,000  9.2/s  upd=9550  L=0.0325  D=1.352
[regir_last] saved resume t_env=405,653
[regir_last] 12:15:13  405,653/1,000,000  9.2/s  upd=9552  L=0.0274  D=1.352
[regir_last] 12:15:24  406,010/1,000,000  9.2/s  upd=9554  L=0.0251  D=1.352
[regir_last] 12:15:35  406,010/1,000,000  9.2/s  upd=9560  L=0.0271  D=1.352
[regir_last] 12:15:45  406,010/1,000,000  9.2/s  upd=9560  L=0.0271  D=1.352
[regir_last] 12:15:56  406,436/1,000,000  9.2/s  upd=9562  L=0.0325  D=1.352
[regir_last] 12:16:08  406,436/1,000,000  9.2/s  upd=9567  L=0.0685  D=1.352
[regir_last] 12:16:20  406,727/1,000,000  9.2/s  upd=9570  L=0.0242  D=1.352
[regir_last] 12:16:32  406,727/1,000,000  9.2/s  upd=9575  L=0.0312  D=1.352
[regir_last] 12:16:44  407,056/1,000,000  9.2/s  upd=9578  L=0.0238  D=1.352
[regir_last] 12:16:54  407,056/1,000,000  9.2/s  upd=9584  L=0.0310  D=1.352
[regir_last] 12:17:04  407,056/1,000,000  9.2/s  upd=9584  L=0.0310  D=1.352
[regir_last] 12:17:16  407,440/1,000,000  9.2/s  upd=9586  L=0.0286  D=1.352
[regir_last] 12:17:28  407,440/1,000,000  9.2/s  upd=9592  L=0.0227  D=1.352
[regir_last] 12:17:39  407,702/1,000,000  9.2/s  upd=9595  L=0.0241  D=1.352
[regir_last] 12:17:53  407,702/1,000,000  9.2/s  upd=9599  L=0.0193  D=1.352
[regir_last] 12:18:04  407,974/1,000,000  9.2/s  upd=9601  L=0.0211  D=1.352
[regir_last] 12:18:14  407,974/1,000,000  9.2/s  upd=9605  L=0.0420  D=1.352
[regir_last] 12:18:24  407,974/1,000,000  9.2/s  upd=9608  L=0.0395  D=1.352
[regir_last] 12:18:34  408,272/1,000,000  9.2/s  upd=9609  L=0.0405  D=1.352
[regir_last] 12:18:46  408,272/1,000,000  9.2/s  upd=9612  L=0.0371  D=1.352
[regir_last] 12:18:57  408,272/1,000,000  9.2/s  upd=9616  L=0.0300  D=1.352
[regir_last] 12:19:10  408,589/1,000,000  9.2/s  upd=9617  L=0.0200  D=1.352
[regir_last] 12:19:21  408,589/1,000,000  9.2/s  upd=9621  L=0.0440  D=1.352
[regir_last] 12:19:31  408,589/1,000,000  9.2/s  upd=9624  L=0.0279  D=1.352
[regir_last] 12:19:42  408,903/1,000,000  9.2/s  upd=9628  L=0.0286  D=1.352
[regir_last] 12:19:52  408,903/1,000,000  9.2/s  upd=9632  L=0.0247  D=1.352
[regir_last] report refresh skipped: PermissionError
[regir_last] 12:20:04  409,226/1,000,000  9.2/s  upd=9633  L=0.0146  D=1.352
[regir_last] 12:20:15  409,226/1,000,000  9.2/s  upd=9637  L=0.0379  D=1.352
[regir_last] 12:20:25  409,226/1,000,000  9.2/s  upd=9640  L=0.0261  D=1.352
[regir_last] 12:20:38  409,534/1,000,000  9.2/s  upd=9643  L=0.0207  D=1.352
[regir_last] 12:20:49  409,534/1,000,000  9.2/s  upd=9647  L=0.0508  D=1.352
[regir_last] 12:20:59  409,534/1,000,000  9.2/s  upd=9648  L=0.0318  D=1.352
[regir_last] 12:21:10  409,890/1,000,000  9.2/s  upd=9651  L=0.0330  D=1.352
[regir_last] 12:21:20  409,890/1,000,000  9.2/s  upd=9656  L=0.0294  D=1.352
[regir_last] 12:21:30  409,890/1,000,000  9.2/s  upd=9656  L=0.0294  D=1.352
[regir_last] 12:21:42  410,257/1,000,000  9.2/s  upd=9660  L=0.0275  D=1.352
[regir_last] 12:21:52  410,257/1,000,000  9.2/s  upd=9664  L=0.0332  D=1.352
[regir_last] 12:22:02  410,257/1,000,000  9.2/s  upd=9664  L=0.0332  D=1.352
[regir_last] 12:22:13  410,590/1,000,000  9.2/s  upd=9668  L=0.0223  D=1.352
[regir_last] 12:22:24  410,590/1,000,000  9.2/s  upd=9672  L=0.0263  D=1.352
[regir_last] 12:22:34  410,590/1,000,000  9.2/s  upd=9672  L=0.0263  D=1.352
[regir_last] 12:22:46  410,882/1,000,000  9.2/s  upd=9675  L=0.0292  D=1.352
[regir_last] 12:23:00  410,882/1,000,000  9.2/s  upd=9679  L=0.0180  D=1.352
[regir_last] 12:23:10  410,882/1,000,000  9.2/s  upd=9680  L=0.0223  D=1.352
[regir_last] 12:23:22  411,198/1,000,000  9.2/s  upd=9684  L=0.0211  D=1.352
[regir_last] 12:23:32  411,198/1,000,000  9.2/s  upd=9688  L=0.0320  D=1.352
[regir_last] 12:23:43  411,510/1,000,000  9.2/s  upd=9689  L=0.0202  D=1.352
[regir_last] 12:23:53  411,510/1,000,000  9.2/s  upd=9695  L=0.0245  D=1.352
[regir_last] 12:24:03  411,510/1,000,000  9.2/s  upd=9696  L=0.0227  D=1.352
[regir_last] 12:24:17  411,861/1,000,000  9.2/s  upd=9699  L=0.0238  D=1.352
[regir_last] 12:24:27  411,861/1,000,000  9.2/s  upd=9704  L=0.0238  D=1.352
[regir_last] 12:24:39  412,158/1,000,000  9.2/s  upd=9705  L=0.0297  D=1.352
[regir_last] 12:24:50  412,158/1,000,000  9.2/s  upd=9709  L=0.0264  D=1.352
[regir_last] report refresh skipped: PermissionError
[regir_last] 12:25:00  412,158/1,000,000  9.2/s  upd=9712  L=0.0265  D=1.352
[regir_last] 12:25:13  412,460/1,000,000  9.2/s  upd=9715  L=0.0285  D=1.352
[regir_last] 12:25:27  412,460/1,000,000  9.2/s  upd=9720  L=0.0142  D=1.352
[regir_last] saved resume t_env=412,460
[regir_last] 12:25:37  412,460/1,000,000  9.2/s  upd=9720  L=0.0142  D=1.352
[regir_last] 12:25:48  412,737/1,000,000  9.2/s  upd=9722  L=0.0164  D=1.352
[regir_last] 12:25:59  412,737/1,000,000  9.2/s  upd=9727  L=0.0369  D=1.352
[regir_last] 12:26:09  412,737/1,000,000  9.2/s  upd=9728  L=0.0380  D=1.352
[regir_last] 12:26:20  413,051/1,000,000  9.2/s  upd=9732  L=0.0293  D=1.352
[regir_last] 12:26:31  413,051/1,000,000  9.2/s  upd=9736  L=0.0240  D=1.352
[regir_last] 12:26:42  413,312/1,000,000  9.2/s  upd=9738  L=0.0265  D=1.352
[regir_last] 12:26:53  413,312/1,000,000  9.2/s  upd=9743  L=0.0250  D=1.352
[regir_last] 12:27:03  413,312/1,000,000  9.2/s  upd=9744  L=0.0297  D=1.352
[regir_last] 12:27:14  413,599/1,000,000  9.2/s  upd=9750  L=0.0226  D=1.352
[regir_last] 12:27:24  413,599/1,000,000  9.2/s  upd=9752  L=0.0258  D=1.352
[regir_last] 12:27:36  413,911/1,000,000  9.2/s  upd=9755  L=0.0230  D=1.352
[regir_last] 12:27:46  413,911/1,000,000  9.2/s  upd=9760  L=0.0356  D=1.352
[regir_last] 12:27:56  414,229/1,000,000  9.2/s  upd=9761  L=0.0258  D=1.352
[regir_last] 12:28:07  414,229/1,000,000  9.2/s  upd=9766  L=0.0254  D=1.352
[regir_last] 12:28:17  414,229/1,000,000  9.2/s  upd=9768  L=0.0316  D=1.352
[regir_last] 12:28:28  414,521/1,000,000  9.2/s  upd=9772  L=0.0312  D=1.352
[regir_last] 12:28:38  414,521/1,000,000  9.2/s  upd=9776  L=0.0305  D=1.352
[regir_last] 12:28:49  414,852/1,000,000  9.2/s  upd=9777  L=0.0426  D=1.352
[regir_last] 12:28:59  414,852/1,000,000  9.2/s  upd=9781  L=0.0306  D=1.352
[regir_last] 12:29:09  414,852/1,000,000  9.2/s  upd=9784  L=0.0265  D=1.352
[regir_last] 12:29:20  415,147/1,000,000  9.2/s  upd=9787  L=0.0382  D=1.352
[regir_last] 12:29:30  415,147/1,000,000  9.2/s  upd=9791  L=0.0247  D=1.352
[regir_last] 12:29:40  415,147/1,000,000  9.2/s  upd=9792  L=0.0210  D=1.352
[regir_last] 12:29:51  415,443/1,000,000  9.2/s  upd=9795  L=0.0359  D=1.352
[regir_last] 12:30:04  415,443/1,000,000  9.2/s  upd=9799  L=0.0243  D=1.352
[regir_last] report refresh skipped: PermissionError
[regir_last] 12:30:14  415,443/1,000,000  9.2/s  upd=9800  L=0.0319  D=1.352
[regir_last] 12:30:24  415,787/1,000,000  9.2/s  upd=9806  L=0.0259  D=1.352
[regir_last] 12:30:34  415,787/1,000,000  9.2/s  upd=9808  L=0.0249  D=1.352
[regir_last] 12:30:45  416,043/1,000,000  9.2/s  upd=9812  L=0.0315  D=1.352
[regir_last] 12:30:55  416,043/1,000,000  9.2/s  upd=9816  L=0.0238  D=1.352
[regir_last] 12:31:06  416,043/1,000,000  9.2/s  upd=9816  L=0.0238  D=1.352
[regir_last] 12:31:19  416,444/1,000,000  9.2/s  upd=9821  L=0.0285  D=1.352
[regir_last] 12:31:30  416,444/1,000,000  9.2/s  upd=9824  L=0.0317  D=1.352
[regir_last] 12:31:40  416,782/1,000,000  9.2/s  upd=9826  L=0.0287  D=1.352
[regir_last] 12:31:52  416,782/1,000,000  9.2/s  upd=9832  L=0.0198  D=1.352
[regir_last] 12:32:04  417,070/1,000,000  9.2/s  upd=9835  L=0.0223  D=1.352
[regir_last] 12:32:15  417,070/1,000,000  9.2/s  upd=9840  L=0.0230  D=1.352
[regir_last] 12:32:25  417,375/1,000,000  9.2/s  upd=9841  L=0.0252  D=1.352
[regir_last] 12:32:37  417,375/1,000,000  9.2/s  upd=9846  L=0.0242  D=1.352
[regir_last] 12:32:47  417,375/1,000,000  9.2/s  upd=9848  L=0.0276  D=1.352
[regir_last] 12:32:58  417,674/1,000,000  9.2/s  upd=9850  L=0.0348  D=1.352
[regir_last] 12:33:09  417,674/1,000,000  9.2/s  upd=9854  L=0.0234  D=1.352
[regir_last] 12:33:22  417,980/1,000,000  9.2/s  upd=9857  L=0.0238  D=1.352
[regir_last] 12:33:33  417,980/1,000,000  9.2/s  upd=9864  L=0.0315  D=1.352
[regir_last] 12:33:43  417,980/1,000,000  9.2/s  upd=9864  L=0.0315  D=1.352
[regir_last] 12:33:56  418,330/1,000,000  9.2/s  upd=9869  L=0.0312  D=1.352
[regir_last] 12:34:08  418,330/1,000,000  9.2/s  upd=9872  L=0.0288  D=1.352
[regir_last] 12:34:18  418,330/1,000,000  9.2/s  upd=9872  L=0.0288  D=1.352
[regir_last] 12:34:28  418,787/1,000,000  9.3/s  upd=9875  L=0.0217  D=1.352
[regir_last] 12:34:39  418,787/1,000,000  9.2/s  upd=9878  L=0.0284  D=1.352
[regir_last] 12:34:50  419,070/1,000,000  9.3/s  upd=9881  L=0.0287  D=1.352
[regir_last] 12:35:01  419,070/1,000,000  9.3/s  upd=9887  L=0.0256  D=1.352
[regir_last] 12:35:11  419,070/1,000,000  9.2/s  upd=9888  L=0.0221  D=1.352
[regir_last] 12:35:22  419,360/1,000,000  9.3/s  upd=9894  L=0.0270  D=1.352
[regir_last] report refresh skipped: PermissionError
[regir_last] 12:35:32  419,360/1,000,000  9.3/s  upd=9896  L=0.0318  D=1.352
[regir_last] 12:35:43  419,655/1,000,000  9.3/s  upd=9900  L=0.0436  D=1.352
[regir_last] saved resume t_env=419,655
[regir_last] 12:35:55  419,655/1,000,000  9.3/s  upd=9904  L=0.0397  D=1.352
[regir_last] 12:36:05  419,948/1,000,000  9.3/s  upd=9906  L=0.0254  D=1.352
[regir_last] 12:36:15  419,948/1,000,000  9.3/s  upd=9910  L=0.0278  D=1.352
[regir_last] 12:36:25  419,948/1,000,000  9.3/s  upd=9912  L=0.0328  D=1.352
[regir_last] 12:36:38  420,260/1,000,000  9.3/s  upd=9917  L=0.0194  D=1.352
[regir_last] saved resume t_env=420,260
[regir_last] 12:37:08  420,260/1,000,000  9.3/s  upd=9920  L=0.0356  ev=0/100  D=1.352
[regir_last] 12:37:18  420,260/1,000,000  9.2/s  upd=9920  L=0.0356  ev=8/100  D=1.352
[regir_last] 12:37:29  420,260/1,000,000  9.2/s  upd=9920  L=0.0356  ev=16/100  D=1.352
[regir_last] 12:37:39  420,260/1,000,000  9.2/s  upd=9920  L=0.0356  ev=28/100  D=1.352
[regir_last] 12:37:49  420,260/1,000,000  9.2/s  upd=9920  L=0.0356  ev=32/100  D=1.352
[regir_last] 12:37:59  420,260/1,000,000  9.2/s  upd=9920  L=0.0356  ev=41/100  D=1.352
[regir_last] 12:38:09  420,260/1,000,000  9.2/s  upd=9920  L=0.0356  ev=48/100  D=1.352
[regir_last] 12:38:20  420,260/1,000,000  9.2/s  upd=9920  L=0.0356  ev=57/100  D=1.352
[regir_last] 12:38:30  420,260/1,000,000  9.2/s  upd=9920  L=0.0356  ev=72/100  D=1.352
[regir_last] 12:38:40  420,260/1,000,000  9.2/s  upd=9920  L=0.0356  ev=80/100  D=1.352
[regir_last] 12:38:50  420,260/1,000,000  9.2/s  upd=9920  L=0.0356  ev=88/100  D=1.352
[regir_last] 12:39:00  420,260/1,000,000  9.2/s  upd=9920  L=0.0356  ev=99/100  D=1.352
[regir_last] report refresh skipped: PermissionError
[regir_last] 12:39:10  420,260/1,000,000  9.2/s  upd=9920  L=0.0356  D=1.341
[regir_last] 12:39:21  420,592/1,000,000  9.2/s  upd=9924  L=0.0353  D=1.341
[regir_last] 12:39:31  420,592/1,000,000  9.2/s  upd=9928  L=0.0306  D=1.341
[regir_last] 12:39:41  420,955/1,000,000  9.2/s  upd=9931  L=0.0233  D=1.341
[regir_last] 12:39:52  420,955/1,000,000  9.2/s  upd=9935  L=0.0212  D=1.341
[regir_last] 12:40:04  421,255/1,000,000  9.2/s  upd=9937  L=0.0290  D=1.341
[regir_last] 12:40:14  421,255/1,000,000  9.2/s  upd=9944  L=0.0212  D=1.341
[regir_last] 12:40:24  421,255/1,000,000  9.2/s  upd=9944  L=0.0212  D=1.341
[regir_last] 12:40:37  421,583/1,000,000  9.2/s  upd=9948  L=0.0213  D=1.341
[regir_last] report refresh skipped: PermissionError
[regir_last] 12:40:47  421,583/1,000,000  9.2/s  upd=9952  L=0.0184  D=1.341
[regir_last] 12:40:58  421,914/1,000,000  9.2/s  upd=9954  L=0.0372  D=1.341
[regir_last] 12:41:10  421,914/1,000,000  9.2/s  upd=9959  L=0.0339  D=1.341
[regir_last] 12:41:21  422,292/1,000,000  9.2/s  upd=9961  L=0.0329  D=1.341
[regir_last] 12:41:32  422,292/1,000,000  9.2/s  upd=9965  L=0.0247  D=1.341
[regir_last] 12:41:42  422,292/1,000,000  9.2/s  upd=9968  L=0.0265  D=1.341
[regir_last] 12:41:52  422,604/1,000,000  9.2/s  upd=9970  L=0.0211  D=1.341
[regir_last] 12:42:03  422,604/1,000,000  9.2/s  upd=9974  L=0.0491  D=1.341
[regir_last] 12:42:17  422,918/1,000,000  9.2/s  upd=9977  L=0.0321  D=1.341
[regir_last] 12:42:28  422,918/1,000,000  9.2/s  upd=9981  L=0.0275  D=1.341
[regir_last] 12:42:38  422,918/1,000,000  9.2/s  upd=9984  L=0.0249  D=1.341
[regir_last] 12:42:50  423,256/1,000,000  9.2/s  upd=9988  L=0.0246  D=1.341
[regir_last] 12:43:02  423,256/1,000,000  9.2/s  upd=9992  L=0.0274  D=1.341
[regir_last] 12:43:14  423,559/1,000,000  9.2/s  upd=9994  L=0.0319  D=1.341
[regir_last] 12:43:24  423,559/1,000,000  9.2/s  upd=10000  L=0.0241  D=1.341
[regir_last] 12:43:34  423,880/1,000,000  9.3/s  upd=10004  L=0.0432  D=1.341
[regir_last] 12:43:44  423,880/1,000,000  9.3/s  upd=10008  L=0.0335  D=1.341
[regir_last] 12:43:55  424,198/1,000,000  9.3/s  upd=10012  L=0.0334  D=1.341
[regir_last] 12:44:05  424,198/1,000,000  9.3/s  upd=10016  L=0.0439  D=1.341
[regir_last] 12:44:17  424,501/1,000,000  9.3/s  upd=10019  L=0.0393  D=1.341
[regir_last] 12:44:27  424,501/1,000,000  9.3/s  upd=10024  L=0.0208  D=1.341
[regir_last] 12:44:37  424,811/1,000,000  9.3/s  upd=10025  L=0.0175  D=1.341
[regir_last] 12:44:47  424,811/1,000,000  9.3/s  upd=10031  L=0.0226  D=1.341
[regir_last] 12:44:58  425,117/1,000,000  9.3/s  upd=10033  L=0.0239  D=1.341
[regir_last] 12:45:09  425,117/1,000,000  9.3/s  upd=10038  L=0.0307  D=1.341
[regir_last] 12:45:19  425,117/1,000,000  9.3/s  upd=10040  L=0.0305  D=1.341
[regir_last] 12:45:29  425,440/1,000,000  9.3/s  upd=10042  L=0.0285  D=1.341
[regir_last] 12:45:39  425,440/1,000,000  9.3/s  upd=10046  L=0.0355  D=1.341
[regir_last] 12:45:49  425,440/1,000,000  9.3/s  upd=10048  L=0.0306  D=1.341
[regir_last] 12:46:01  425,725/1,000,000  9.3/s  upd=10052  L=0.0567  D=1.341
[regir_last] report refresh skipped: PermissionError
[regir_last] 12:46:11  425,725/1,000,000  9.3/s  upd=10056  L=0.0341  D=1.341
[regir_last] 12:46:24  426,034/1,000,000  9.3/s  upd=10061  L=0.0267  D=1.341
[regir_last] 12:46:35  426,034/1,000,000  9.3/s  upd=10064  L=0.0228  D=1.341
[regir_last] 12:46:46  426,034/1,000,000  9.3/s  upd=10064  L=0.0228  D=1.341
[regir_last] 12:46:58  426,367/1,000,000  9.3/s  upd=10068  L=0.0401  D=1.341
[regir_last] saved resume t_env=426,367
[regir_last] 12:47:08  426,367/1,000,000  9.3/s  upd=10072  L=0.0645  D=1.341
[regir_last] 12:47:21  426,647/1,000,000  9.3/s  upd=10073  L=0.0394  D=1.341
[regir_last] 12:47:36  426,647/1,000,000  9.3/s  upd=10080  L=0.0258  D=1.341
[regir_last] 12:47:46  426,647/1,000,000  9.3/s  upd=10080  L=0.0258  D=1.341
[regir_last] 12:47:57  426,975/1,000,000  9.3/s  upd=10084  L=0.0324  D=1.341
[regir_last] 12:48:07  426,975/1,000,000  9.3/s  upd=10088  L=0.0262  D=1.341
[regir_last] 12:48:18  427,272/1,000,000  9.3/s  upd=10089  L=0.0246  D=1.341
[regir_last] 12:48:32  427,272/1,000,000  9.3/s  upd=10095  L=0.0336  D=1.341
[regir_last] 12:48:42  427,576/1,000,000  9.3/s  upd=10097  L=0.0387  D=1.341
[regir_last] 12:48:53  427,576/1,000,000  9.3/s  upd=10102  L=0.0399  D=1.341
[regir_last] 12:49:03  427,576/1,000,000  9.3/s  upd=10104  L=0.0199  D=1.341
[regir_last] 12:49:14  427,876/1,000,000  9.3/s  upd=10109  L=0.0220  D=1.341
[regir_last] 12:49:24  427,876/1,000,000  9.3/s  upd=10112  L=0.0262  D=1.341
[regir_last] 12:49:37  428,169/1,000,000  9.3/s  upd=10115  L=0.0300  D=1.341
[regir_last] 12:49:48  428,169/1,000,000  9.3/s  upd=10118  L=0.0276  D=1.341
[regir_last] 12:49:58  428,169/1,000,000  9.3/s  upd=10120  L=0.0294  D=1.341
[regir_last] 12:50:08  428,426/1,000,000  9.3/s  upd=10124  L=0.0208  D=1.341
[regir_last] 12:50:18  428,426/1,000,000  9.3/s  upd=10128  L=0.0346  D=1.341
[regir_last] 12:50:30  428,704/1,000,000  9.3/s  upd=10131  L=0.0390  D=1.341
[regir_last] 12:50:41  428,704/1,000,000  9.3/s  upd=10136  L=0.0316  D=1.341
[regir_last] 12:50:51  428,704/1,000,000  9.3/s  upd=10136  L=0.0316  D=1.341
[regir_last] 12:51:04  429,028/1,000,000  9.3/s  upd=10142  L=0.0417  D=1.341
[regir_last] report refresh skipped: PermissionError
[regir_last] 12:51:14  429,028/1,000,000  9.3/s  upd=10144  L=0.0299  D=1.341
[regir_last] 12:51:24  429,332/1,000,000  9.3/s  upd=10147  L=0.0209  D=1.341
[regir_last] 12:51:34  429,332/1,000,000  9.3/s  upd=10152  L=0.0319  D=1.341
[regir_last] 12:51:46  429,592/1,000,000  9.3/s  upd=10154  L=0.0221  D=1.341
[regir_last] 12:51:57  429,592/1,000,000  9.3/s  upd=10158  L=0.0220  D=1.341
[regir_last] 12:52:07  429,592/1,000,000  9.3/s  upd=10160  L=0.0194  D=1.341
[regir_last] 12:52:20  429,897/1,000,000  9.3/s  upd=10164  L=0.0343  D=1.341
[regir_last] 12:52:30  429,897/1,000,000  9.3/s  upd=10168  L=0.0355  D=1.341
[regir_last] 12:52:42  430,211/1,000,000  9.3/s  upd=10170  L=0.0257  D=1.341
[regir_last] 12:52:56  430,211/1,000,000  9.3/s  upd=10174  L=0.0281  D=1.341
[regir_last] 12:53:07  430,521/1,000,000  9.3/s  upd=10177  L=0.0317  D=1.341
[regir_last] 12:53:18  430,521/1,000,000  9.3/s  upd=10182  L=0.0339  D=1.341
[regir_last] 12:53:28  430,521/1,000,000  9.3/s  upd=10184  L=0.0389  D=1.341
[regir_last] 12:53:38  430,521/1,000,000  9.3/s  upd=10184  L=0.0389  D=1.341
[regir_last] 12:53:51  430,885/1,000,000  9.3/s  upd=10188  L=0.0386  D=1.341
[regir_last] 12:54:01  430,885/1,000,000  9.3/s  upd=10192  L=0.0324  D=1.341
[regir_last] 12:54:15  431,213/1,000,000  9.3/s  upd=10193  L=0.0445  D=1.341
[regir_last] 12:54:27  431,213/1,000,000  9.3/s  upd=10197  L=0.0207  D=1.341
[regir_last] 12:54:37  431,213/1,000,000  9.3/s  upd=10200  L=0.0320  D=1.341
[regir_last] 12:54:48  431,517/1,000,000  9.3/s  upd=10203  L=0.0260  D=1.341
[regir_last] 12:54:59  431,517/1,000,000  9.3/s  upd=10207  L=0.0254  D=1.341
[regir_last] 12:55:09  431,517/1,000,000  9.3/s  upd=10208  L=0.0243  D=1.341
[regir_last] 12:55:21  431,786/1,000,000  9.3/s  upd=10212  L=0.0309  D=1.341
[regir_last] 12:55:35  431,786/1,000,000  9.3/s  upd=10216  L=0.0196  D=1.341
[regir_last] 12:55:46  432,049/1,000,000  9.3/s  upd=10219  L=0.0274  D=1.341
[regir_last] 12:55:58  432,049/1,000,000  9.3/s  upd=10223  L=0.0242  D=1.341
[regir_last] 12:56:08  432,049/1,000,000  9.3/s  upd=10224  L=0.0292  D=1.341
[regir_last] 12:56:18  432,325/1,000,000  9.3/s  upd=10229  L=0.0339  D=1.341
[regir_last] report refresh skipped: PermissionError
[regir_last] 12:56:28  432,325/1,000,000  9.3/s  upd=10232  L=0.0325  D=1.341
[regir_last] 12:56:39  432,685/1,000,000  9.3/s  upd=10236  L=0.0296  D=1.341
[regir_last] 12:56:51  432,685/1,000,000  9.3/s  upd=10239  L=0.0198  D=1.341
[regir_last] 12:57:02  432,981/1,000,000  9.3/s  upd=10241  L=0.0200  D=1.341
[regir_last] 12:57:15  432,981/1,000,000  9.3/s  upd=10248  L=0.0296  D=1.341
[regir_last] saved resume t_env=432,981
[regir_last] 12:57:25  432,981/1,000,000  9.3/s  upd=10248  L=0.0296  D=1.341
[regir_last] 12:57:36  433,287/1,000,000  9.3/s  upd=10251  L=0.0289  D=1.341
[regir_last] 12:57:46  433,287/1,000,000  9.3/s  upd=10254  L=0.0214  D=1.341
[regir_last] 12:57:56  433,287/1,000,000  9.3/s  upd=10256  L=0.0286  D=1.341
[regir_last] 12:58:08  433,632/1,000,000  9.3/s  upd=10257  L=0.0251  D=1.341
[regir_last] 12:58:18  433,632/1,000,000  9.3/s  upd=10261  L=0.0288  D=1.341
[regir_last] 12:58:28  433,632/1,000,000  9.3/s  upd=10264  L=0.0252  D=1.341
[regir_last] 12:58:39  433,922/1,000,000  9.3/s  upd=10267  L=0.0265  D=1.341
[regir_last] 12:58:52  433,922/1,000,000  9.3/s  upd=10271  L=0.0231  D=1.341
[regir_last] 12:59:02  433,922/1,000,000  9.3/s  upd=10272  L=0.0278  D=1.341
[regir_last] 12:59:13  434,206/1,000,000  9.3/s  upd=10276  L=0.0267  D=1.341
[regir_last] 12:59:24  434,206/1,000,000  9.3/s  upd=10280  L=0.0258  D=1.341
[regir_last] 12:59:36  434,475/1,000,000  9.3/s  upd=10282  L=0.0308  D=1.341
[regir_last] 12:59:47  434,475/1,000,000  9.3/s  upd=10287  L=0.0264  D=1.341
[regir_last] 12:59:57  434,475/1,000,000  9.3/s  upd=10288  L=0.0286  D=1.341
[regir_last] 13:00:07  434,763/1,000,000  9.3/s  upd=10292  L=0.0256  D=1.341
[regir_last] 13:00:18  434,763/1,000,000  9.3/s  upd=10295  L=0.0190  D=1.341
[regir_last] 13:00:30  435,028/1,000,000  9.3/s  upd=10297  L=0.0265  D=1.341
[regir_last] 13:00:44  435,028/1,000,000  9.3/s  upd=10302  L=0.0273  D=1.341
[regir_last] 13:00:54  435,028/1,000,000  9.3/s  upd=10304  L=0.0249  D=1.341
[regir_last] 13:01:08  435,316/1,000,000  9.3/s  upd=10308  L=0.0168  D=1.341
[regir_last] 13:01:18  435,316/1,000,000  9.3/s  upd=10312  L=0.0232  D=1.341
[regir_last] 13:01:31  435,651/1,000,000  9.3/s  upd=10315  L=0.0387  D=1.341
[regir_last] 13:01:42  435,651/1,000,000  9.3/s  upd=10320  L=0.0356  D=1.341
[regir_last] report refresh skipped: PermissionError
[regir_last] 13:01:52  435,651/1,000,000  9.3/s  upd=10320  L=0.0356  D=1.341
[regir_last] 13:02:03  435,937/1,000,000  9.3/s  upd=10325  L=0.0259  D=1.341
[regir_last] 13:02:13  435,937/1,000,000  9.3/s  upd=10328  L=0.0379  D=1.341
[regir_last] 13:02:25  436,281/1,000,000  9.3/s  upd=10331  L=0.0342  D=1.341
[regir_last] 13:02:36  436,281/1,000,000  9.3/s  upd=10335  L=0.0240  D=1.341
[regir_last] 13:02:48  436,589/1,000,000  9.3/s  upd=10340  L=0.0197  D=1.341
[regir_last] 13:03:00  436,902/1,000,000  9.3/s  upd=10345  L=0.0352  D=1.341
[regir_last] 13:03:10  436,902/1,000,000  9.3/s  upd=10349  L=0.0249  D=1.341
[regir_last] 13:03:21  437,228/1,000,000  9.3/s  upd=10353  L=0.0276  D=1.341
[regir_last] 13:03:35  437,228/1,000,000  9.3/s  upd=10359  L=0.0225  D=1.341
[regir_last] 13:03:47  437,528/1,000,000  9.3/s  upd=10363  L=0.0297  D=1.341
[regir_last] 13:04:00  437,528/1,000,000  9.3/s  upd=10368  L=0.0187  D=1.341
[regir_last] 13:04:11  437,829/1,000,000  9.3/s  upd=10372  L=0.0232  D=1.341
[regir_last] 13:04:21  437,829/1,000,000  9.3/s  upd=10376  L=0.0312  D=1.341
[regir_last] 13:04:33  438,080/1,000,000  9.3/s  upd=10381  L=0.0281  D=1.341
[regir_last] 13:04:43  438,080/1,000,000  9.3/s  upd=10384  L=0.0278  D=1.341
[regir_last] 13:04:54  438,461/1,000,000  9.3/s  upd=10386  L=0.0469  D=1.341
[regir_last] 13:05:04  438,461/1,000,000  9.3/s  upd=10391  L=0.0441  D=1.341
[regir_last] 13:05:14  438,461/1,000,000  9.3/s  upd=10392  L=0.0347  D=1.341
[regir_last] 13:05:24  438,763/1,000,000  9.3/s  upd=10396  L=0.0259  D=1.341
[regir_last] 13:05:34  438,763/1,000,000  9.3/s  upd=10400  L=0.0247  D=1.341
[regir_last] 13:05:45  439,032/1,000,000  9.3/s  upd=10403  L=0.0296  D=1.341
[regir_last] 13:05:57  439,032/1,000,000  9.3/s  upd=10408  L=0.0357  D=1.341
[regir_last] 13:06:09  439,338/1,000,000  9.3/s  upd=10411  L=0.0241  D=1.341
[regir_last] 13:06:20  439,338/1,000,000  9.3/s  upd=10416  L=0.0274  D=1.341
[regir_last] 13:06:31  439,703/1,000,000  9.3/s  upd=10418  L=0.0362  D=1.341
[regir_last] 13:06:43  439,703/1,000,000  9.3/s  upd=10421  L=0.0300  D=1.341
[regir_last] report refresh skipped: PermissionError
[regir_last] 13:06:53  439,703/1,000,000  9.3/s  upd=10424  L=0.0360  D=1.341
[regir_last] 13:07:05  440,060/1,000,000  9.3/s  upd=10427  L=0.0276  D=1.341
[regir_last] 13:07:15  440,060/1,000,000  9.3/s  upd=10432  L=0.0246  D=1.341
[regir_last] saved resume t_env=440,060
[regir_last] 13:07:37  440,060/1,000,000  9.3/s  upd=10432  L=0.0246  ev=0/100  D=1.341
[regir_last] 13:07:47  440,060/1,000,000  9.3/s  upd=10432  L=0.0246  ev=8/100  D=1.341
[regir_last] 13:07:57  440,060/1,000,000  9.3/s  upd=10432  L=0.0246  ev=16/100  D=1.341
[regir_last] 13:08:07  440,060/1,000,000  9.3/s  upd=10432  L=0.0246  ev=25/100  D=1.341
[regir_last] 13:08:17  440,060/1,000,000  9.3/s  upd=10432  L=0.0246  ev=32/100  D=1.341
[regir_last] 13:08:27  440,060/1,000,000  9.3/s  upd=10432  L=0.0246  ev=44/100  D=1.341
[regir_last] 13:08:37  440,060/1,000,000  9.3/s  upd=10432  L=0.0246  ev=54/100  D=1.341
[regir_last] 13:08:48  440,060/1,000,000  9.3/s  upd=10432  L=0.0246  ev=56/100  D=1.341
[regir_last] 13:08:58  440,060/1,000,000  9.3/s  upd=10432  L=0.0246  ev=69/100  D=1.341
[regir_last] 13:09:08  440,060/1,000,000  9.3/s  upd=10432  L=0.0246  ev=78/100  D=1.341
[regir_last] 13:09:18  440,060/1,000,000  9.3/s  upd=10432  L=0.0246  ev=85/100  D=1.341
[regir_last] 13:09:28  440,060/1,000,000  9.3/s  upd=10432  L=0.0246  ev=95/100  D=1.341
[regir_last] 13:09:38  440,060/1,000,000  9.3/s  upd=10432  L=0.0246  ev=98/100  D=1.341
[regir_last] report refresh skipped: PermissionError
[regir_last] 13:09:48  440,060/1,000,000  9.3/s  upd=10432  L=0.0246  D=1.177
[regir_last] 13:09:58  440,353/1,000,000  9.3/s  upd=10435  L=0.0320  D=1.177
[regir_last] 13:10:09  440,353/1,000,000  9.3/s  upd=10439  L=0.0353  D=1.177
[regir_last] 13:10:19  440,353/1,000,000  9.3/s  upd=10440  L=0.0332  D=1.177
[regir_last] 13:10:29  440,699/1,000,000  9.3/s  upd=10445  L=0.0288  D=1.177
[regir_last] 13:10:39  440,699/1,000,000  9.3/s  upd=10448  L=0.0345  D=1.177
[regir_last] 13:10:49  440,975/1,000,000  9.3/s  upd=10450  L=0.0398  D=1.177
[regir_last] 13:11:01  440,975/1,000,000  9.3/s  upd=10455  L=0.0432  D=1.177
[regir_last] 13:11:14  441,247/1,000,000  9.3/s  upd=10457  L=0.0319  D=1.177
[regir_last] 13:11:27  441,247/1,000,000  9.3/s  upd=10461  L=0.0272  D=1.177
[regir_last] 13:11:37  441,247/1,000,000  9.3/s  upd=10464  L=0.0260  D=1.177
[regir_last] 13:11:48  441,595/1,000,000  9.3/s  upd=10467  L=0.0412  D=1.177
[regir_last] 13:11:58  441,595/1,000,000  9.3/s  upd=10472  L=0.0383  D=1.177
[regir_last] report refresh skipped: PermissionError
[regir_last] 13:12:11  441,927/1,000,000  9.3/s  upd=10474  L=0.0390  D=1.177
[regir_last] 13:12:23  441,927/1,000,000  9.3/s  upd=10477  L=0.0283  D=1.177
[regir_last] 13:12:34  441,927/1,000,000  9.3/s  upd=10480  L=0.0191  D=1.177
[regir_last] 13:12:44  441,927/1,000,000  9.3/s  upd=10480  L=0.0191  D=1.177
[regir_last] 13:12:59  442,245/1,000,000  9.3/s  upd=10483  L=0.0356  D=1.177
[regir_last] 13:13:09  442,245/1,000,000  9.3/s  upd=10488  L=0.0261  D=1.177
[regir_last] 13:13:19  442,581/1,000,000  9.3/s  upd=10493  L=0.0229  D=1.177
[regir_last] 13:13:29  442,581/1,000,000  9.3/s  upd=10496  L=0.0240  D=1.177
[regir_last] 13:13:41  442,875/1,000,000  9.3/s  upd=10499  L=0.0374  D=1.177
[regir_last] 13:13:52  442,875/1,000,000  9.3/s  upd=10504  L=0.0284  D=1.177
[regir_last] 13:14:02  443,164/1,000,000  9.3/s  upd=10506  L=0.0257  D=1.177
[regir_last] 13:14:14  443,164/1,000,000  9.3/s  upd=10512  L=0.0205  D=1.177
[regir_last] 13:14:26  443,463/1,000,000  9.3/s  upd=10514  L=0.0348  D=1.177
[regir_last] 13:14:36  443,463/1,000,000  9.3/s  upd=10520  L=0.0248  D=1.177
[regir_last] 13:14:46  443,778/1,000,000  9.3/s  upd=10522  L=0.0254  D=1.177
[regir_last] 13:14:56  443,778/1,000,000  9.3/s  upd=10528  L=0.0457  D=1.177
[regir_last] 13:15:06  444,042/1,000,000  9.3/s  upd=10531  L=0.0292  D=1.177
[regir_last] 13:15:16  444,042/1,000,000  9.3/s  upd=10536  L=0.0329  D=1.177
[regir_last] 13:15:27  444,322/1,000,000  9.3/s  upd=10539  L=0.0195  D=1.177
[regir_last] 13:15:37  444,322/1,000,000  9.3/s  upd=10544  L=0.0230  D=1.177
[regir_last] 13:15:50  444,620/1,000,000  9.3/s  upd=10546  L=0.0313  D=1.177
[regir_last] 13:16:03  444,620/1,000,000  9.3/s  upd=10552  L=0.0201  D=1.177
[regir_last] 13:16:13  444,620/1,000,000  9.3/s  upd=10552  L=0.0201  D=1.177
[regir_last] 13:16:24  444,943/1,000,000  9.3/s  upd=10555  L=0.0320  D=1.177
[regir_last] 13:16:34  444,943/1,000,000  9.3/s  upd=10560  L=0.0288  D=1.177
[regir_last] 13:16:47  445,201/1,000,000  9.3/s  upd=10564  L=0.0262  D=1.177
[regir_last] 13:16:58  445,512/1,000,000  9.3/s  upd=10569  L=0.0344  D=1.177
[regir_last] report refresh skipped: PermissionError
[regir_last] 13:17:08  445,512/1,000,000  9.3/s  upd=10576  L=0.0320  D=1.177
[regir_last] 13:17:19  445,827/1,000,000  9.3/s  upd=10580  L=0.0334  D=1.177
[regir_last] saved resume t_env=445,827
[regir_last] 13:17:30  445,827/1,000,000  9.3/s  upd=10584  L=0.0251  D=1.177
[regir_last] 13:17:43  446,119/1,000,000  9.3/s  upd=10588  L=0.0338  D=1.177
[regir_last] 13:17:55  446,387/1,000,000  9.3/s  upd=10594  L=0.0239  D=1.177
[regir_last] 13:18:05  446,387/1,000,000  9.3/s  upd=10600  L=0.0266  D=1.177
[regir_last] 13:18:16  446,723/1,000,000  9.3/s  upd=10601  L=0.0242  D=1.177
[regir_last] 13:18:26  446,723/1,000,000  9.3/s  upd=10608  L=0.0260  D=1.177
[regir_last] 13:18:37  447,072/1,000,000  9.3/s  upd=10611  L=0.0278  D=1.177
[regir_last] 13:18:47  447,072/1,000,000  9.3/s  upd=10616  L=0.0271  D=1.177
[regir_last] 13:18:59  447,354/1,000,000  9.3/s  upd=10618  L=0.0241  D=1.177
[regir_last] 13:19:09  447,354/1,000,000  9.3/s  upd=10624  L=0.0255  D=1.177
[regir_last] 13:19:20  447,658/1,000,000  9.3/s  upd=10629  L=0.0194  D=1.177
[regir_last] 13:19:30  447,658/1,000,000  9.3/s  upd=10632  L=0.0335  D=1.177
[regir_last] 13:19:42  447,946/1,000,000  9.3/s  upd=10638  L=0.0276  D=1.177
[regir_last] 13:19:54  448,255/1,000,000  9.3/s  upd=10643  L=0.0292  D=1.177
[regir_last] 13:20:05  448,255/1,000,000  9.3/s  upd=10648  L=0.0319  D=1.177
[regir_last] 13:20:15  448,563/1,000,000  9.3/s  upd=10652  L=0.0218  D=1.177
[regir_last] 13:20:27  448,868/1,000,000  9.3/s  upd=10657  L=0.0264  D=1.177
[regir_last] 13:20:38  448,868/1,000,000  9.3/s  upd=10663  L=0.0313  D=1.177
[regir_last] 13:20:50  449,178/1,000,000  9.3/s  upd=10667  L=0.0270  D=1.177
[regir_last] 13:21:00  449,178/1,000,000  9.3/s  upd=10672  L=0.0234  D=1.177
[regir_last] 13:21:11  449,524/1,000,000  9.4/s  upd=10679  L=0.0356  D=1.177
[regir_last] 13:21:23  449,847/1,000,000  9.4/s  upd=10683  L=0.0273  D=1.177
[regir_last] 13:21:33  449,847/1,000,000  9.4/s  upd=10688  L=0.0234  D=1.177
[regir_last] 13:21:44  450,191/1,000,000  9.4/s  upd=10694  L=0.0232  D=1.177
[regir_last] 13:21:55  450,491/1,000,000  9.4/s  upd=10700  L=0.0220  D=1.177
[regir_last] 13:22:06  450,798/1,000,000  9.4/s  upd=10705  L=0.0423  D=1.177
[regir_last] 13:22:17  450,798/1,000,000  9.4/s  upd=10712  L=0.0300  D=1.177
[regir_last] report refresh skipped: PermissionError
[regir_last] 13:22:28  451,082/1,000,000  9.4/s  upd=10715  L=0.0376  D=1.177
[regir_last] 13:22:39  451,082/1,000,000  9.4/s  upd=10720  L=0.0501  D=1.177
[regir_last] 13:22:49  451,354/1,000,000  9.4/s  upd=10724  L=0.0202  D=1.177
[regir_last] 13:23:01  451,683/1,000,000  9.4/s  upd=10730  L=0.0302  D=1.177
[regir_last] 13:23:13  451,976/1,000,000  9.4/s  upd=10738  L=0.0234  D=1.177
[regir_last] 13:23:23  451,976/1,000,000  9.4/s  upd=10744  L=0.0271  D=1.177
[regir_last] 13:23:35  452,253/1,000,000  9.4/s  upd=10749  L=0.0296  D=1.177
[regir_last] 13:23:45  452,589/1,000,000  9.4/s  upd=10753  L=0.0222  D=1.177
[regir_last] 13:23:55  452,589/1,000,000  9.4/s  upd=10760  L=0.0244  D=1.177
[regir_last] 13:24:07  452,892/1,000,000  9.4/s  upd=10765  L=0.0214  D=1.177
[regir_last] 13:24:18  453,186/1,000,000  9.4/s  upd=10772  L=0.0211  D=1.177
[regir_last] 13:24:28  453,186/1,000,000  9.4/s  upd=10776  L=0.0318  D=1.177
[regir_last] 13:24:38  453,483/1,000,000  9.4/s  upd=10781  L=0.0210  D=1.177
[regir_last] 13:24:50  453,483/1,000,000  9.4/s  upd=10784  L=0.0263  D=1.177
[regir_last] 13:25:01  453,866/1,000,000  9.4/s  upd=10789  L=0.0267  D=1.177
[regir_last] 13:25:11  454,170/1,000,000  9.4/s  upd=10795  L=0.0261  D=1.177
[regir_last] 13:25:21  454,170/1,000,000  9.4/s  upd=10799  L=0.0312  D=1.177
[regir_last] 13:25:31  454,480/1,000,000  9.4/s  upd=10804  L=0.0287  D=1.177
[regir_last] 13:25:41  454,480/1,000,000  9.4/s  upd=10808  L=0.0371  D=1.177
[regir_last] 13:25:53  454,801/1,000,000  9.4/s  upd=10814  L=0.0276  D=1.177
[regir_last] 13:26:03  455,092/1,000,000  9.4/s  upd=10818  L=0.0247  D=1.177
[regir_last] 13:26:15  455,092/1,000,000  9.4/s  upd=10824  L=0.0305  D=1.177
[regir_last] 13:26:26  455,416/1,000,000  9.4/s  upd=10830  L=0.0285  D=1.177
[regir_last] 13:26:38  455,738/1,000,000  9.4/s  upd=10834  L=0.0445  D=1.177
[regir_last] 13:26:48  455,738/1,000,000  9.4/s  upd=10840  L=0.0245  D=1.177
[regir_last] 13:26:59  455,997/1,000,000  9.4/s  upd=10845  L=0.0312  D=1.177
[regir_last] 13:27:11  456,346/1,000,000  9.4/s  upd=10850  L=0.0273  D=1.177
[regir_last] report refresh skipped: PermissionError
[regir_last] 13:27:21  456,346/1,000,000  9.4/s  upd=10856  L=0.0299  D=1.177
[regir_last] 13:27:35  456,633/1,000,000  9.4/s  upd=10862  L=0.0280  D=1.177
[regir_last] saved resume t_env=456,633
[regir_last] 13:27:45  456,633/1,000,000  9.4/s  upd=10864  L=0.0260  D=1.177
[regir_last] 13:27:55  456,983/1,000,000  9.4/s  upd=10868  L=0.0199  D=1.177
[regir_last] 13:28:06  457,279/1,000,000  9.4/s  upd=10874  L=0.0216  D=1.177
[regir_last] 13:28:16  457,279/1,000,000  9.4/s  upd=10880  L=0.0240  D=1.177
[regir_last] 13:28:26  457,568/1,000,000  9.4/s  upd=10882  L=0.0188  D=1.177
[regir_last] 13:28:37  457,568/1,000,000  9.4/s  upd=10888  L=0.0269  D=1.177
[regir_last] 13:28:49  457,879/1,000,000  9.4/s  upd=10893  L=0.0300  D=1.177
[regir_last] 13:29:02  458,193/1,000,000  9.4/s  upd=10897  L=0.0320  D=1.177
[regir_last] 13:29:13  458,193/1,000,000  9.4/s  upd=10904  L=0.0421  D=1.177
[regir_last] 13:29:23  458,499/1,000,000  9.4/s  upd=10906  L=0.0299  D=1.177
[regir_last] 13:29:33  458,499/1,000,000  9.4/s  upd=10912  L=0.0219  D=1.177
[regir_last] 13:29:44  458,819/1,000,000  9.4/s  upd=10915  L=0.0308  D=1.177
[regir_last] 13:29:54  458,819/1,000,000  9.4/s  upd=10920  L=0.0307  D=1.177
[regir_last] 13:30:05  459,169/1,000,000  9.4/s  upd=10922  L=0.0277  D=1.177
[regir_last] 13:30:15  459,169/1,000,000  9.4/s  upd=10928  L=0.0287  D=1.177
[regir_last] 13:30:25  459,510/1,000,000  9.4/s  upd=10931  L=0.0289  D=1.177
[regir_last] 13:30:36  459,842/1,000,000  9.5/s  upd=10937  L=0.0174  D=1.177
[regir_last] 13:30:47  459,842/1,000,000  9.5/s  upd=10944  L=0.0289  D=1.177
[regir_last] 13:30:57  460,132/1,000,000  9.5/s  upd=10947  L=0.0259  D=1.177
[regir_last] saved resume t_env=460,132
[regir_last] 13:31:26  460,132/1,000,000  9.5/s  upd=10952  L=0.0377  ev=0/100  D=1.177
[regir_last] 13:31:36  460,132/1,000,000  9.4/s  upd=10952  L=0.0377  ev=16/100  D=1.177
[regir_last] 13:31:46  460,132/1,000,000  9.4/s  upd=10952  L=0.0377  ev=24/100  D=1.177
[regir_last] 13:31:56  460,132/1,000,000  9.4/s  upd=10952  L=0.0377  ev=36/100  D=1.177
[regir_last] 13:32:06  460,132/1,000,000  9.4/s  upd=10952  L=0.0377  ev=41/100  D=1.177
[regir_last] 13:32:17  460,132/1,000,000  9.4/s  upd=10952  L=0.0377  ev=56/100  D=1.177
[regir_last] 13:32:27  460,132/1,000,000  9.4/s  upd=10952  L=0.0377  ev=67/100  D=1.177
[regir_last] 13:32:37  460,132/1,000,000  9.4/s  upd=10952  L=0.0377  ev=80/100  D=1.177
[regir_last] 13:32:47  460,132/1,000,000  9.4/s  upd=10952  L=0.0377  ev=90/100  D=1.177
[regir_last] report refresh skipped: PermissionError
[regir_last] report refresh skipped: PermissionError
[regir_last] 13:33:00  460,441/1,000,000  9.4/s  upd=10953  L=0.0295  D=1.815
[regir_last] 13:33:10  460,441/1,000,000  9.4/s  upd=10958  L=0.0265  D=1.815
[regir_last] 13:33:21  460,761/1,000,000  9.4/s  upd=10966  L=0.0301  D=1.815
[regir_last] 13:33:31  461,058/1,000,000  9.4/s  upd=10973  L=0.0312  D=1.815
[regir_last] 13:33:43  461,349/1,000,000  9.4/s  upd=10980  L=0.0428  D=1.815
[regir_last] 13:33:54  461,620/1,000,000  9.5/s  upd=10987  L=0.0298  D=1.815
[regir_last] 13:34:06  461,925/1,000,000  9.5/s  upd=10993  L=0.0411  D=1.815
[regir_last] 13:34:18  461,925/1,000,000  9.5/s  upd=11000  L=0.0261  D=1.815
[regir_last] 13:34:29  462,233/1,000,000  9.5/s  upd=11006  L=0.0221  D=1.815
[regir_last] 13:34:39  462,528/1,000,000  9.5/s  upd=11014  L=0.0284  D=1.815
[regir_last] 13:34:50  462,900/1,000,000  9.5/s  upd=11022  L=0.0308  D=1.815
[regir_last] 13:35:00  463,207/1,000,000  9.5/s  upd=11029  L=0.0338  D=1.815
[regir_last] 13:35:12  463,501/1,000,000  9.5/s  upd=11035  L=0.0244  D=1.815
[regir_last] 13:35:23  463,829/1,000,000  9.5/s  upd=11041  L=0.0290  D=1.815
[regir_last] 13:35:33  463,829/1,000,000  9.5/s  upd=11047  L=0.0227  D=1.815
[regir_last] 13:35:44  464,107/1,000,000  9.5/s  upd=11052  L=0.0364  D=1.815
[regir_last] 13:35:54  464,107/1,000,000  9.5/s  upd=11056  L=0.0255  D=1.815
[regir_last] 13:36:04  464,454/1,000,000  9.5/s  upd=11061  L=0.0469  D=1.815
[regir_last] 13:36:15  464,754/1,000,000  9.5/s  upd=11068  L=0.0293  D=1.815
[regir_last] 13:36:27  465,016/1,000,000  9.5/s  upd=11073  L=0.0214  D=1.815
[regir_last] 13:36:37  465,016/1,000,000  9.5/s  upd=11080  L=0.0231  D=1.815
[regir_last] 13:36:47  465,314/1,000,000  9.5/s  upd=11085  L=0.0246  D=1.815
[regir_last] 13:36:59  465,641/1,000,000  9.5/s  upd=11091  L=0.0251  D=1.815
[regir_last] 13:37:09  465,641/1,000,000  9.5/s  upd=11096  L=0.0264  D=1.815
[regir_last] 13:37:19  465,944/1,000,000  9.5/s  upd=11103  L=0.0284  D=1.815
[regir_last] 13:37:30  466,240/1,000,000  9.5/s  upd=11107  L=0.0312  D=1.815
[regir_last] 13:37:41  466,240/1,000,000  9.5/s  upd=11112  L=0.0369  D=1.815
[regir_last] 13:37:51  466,543/1,000,000  9.5/s  upd=11115  L=0.0303  D=1.815
[regir_last] report refresh skipped: PermissionError
[regir_last] 13:38:01  466,838/1,000,000  9.5/s  upd=11121  L=0.0214  D=1.815
[regir_last] 13:38:12  466,838/1,000,000  9.5/s  upd=11126  L=0.0194  D=1.815
[regir_last] 13:38:23  466,838/1,000,000  9.5/s  upd=11128  L=0.0282  D=1.815
[regir_last] 13:38:34  467,192/1,000,000  9.5/s  upd=11130  L=0.0241  D=1.815
[regir_last] 13:38:44  467,192/1,000,000  9.5/s  upd=11136  L=0.0259  D=1.815
[regir_last] 13:38:55  467,490/1,000,000  9.5/s  upd=11139  L=0.0209  D=1.815
[regir_last] 13:39:07  467,864/1,000,000  9.5/s  upd=11145  L=0.0215  D=1.815
[regir_last] 13:39:17  467,864/1,000,000  9.5/s  upd=11151  L=0.0613  D=1.815
[regir_last] 13:39:27  468,153/1,000,000  9.5/s  upd=11156  L=0.0242  D=1.815
[regir_last] 13:39:39  468,485/1,000,000  9.5/s  upd=11161  L=0.0280  D=1.815
[regir_last] 13:39:50  468,485/1,000,000  9.5/s  upd=11167  L=0.0251  D=1.815
[regir_last] 13:40:01  468,830/1,000,000  9.5/s  upd=11171  L=0.0323  D=1.815
[regir_last] 13:40:12  468,830/1,000,000  9.5/s  upd=11176  L=0.0300  D=1.815
[regir_last] 13:40:22  469,153/1,000,000  9.5/s  upd=11182  L=0.0409  D=1.815
[regir_last] 13:40:33  469,446/1,000,000  9.5/s  upd=11185  L=0.0324  D=1.815
[regir_last] 13:40:43  469,446/1,000,000  9.5/s  upd=11192  L=0.0279  D=1.815
[regir_last] 13:40:56  469,783/1,000,000  9.5/s  upd=11194  L=0.0314  D=1.815
[regir_last] 13:41:07  469,783/1,000,000  9.5/s  upd=11199  L=0.0253  D=1.815
[regir_last] saved resume t_env=469,783
[regir_last] 13:41:18  470,089/1,000,000  9.5/s  upd=11202  L=0.0246  D=1.815
[regir_last] 13:41:28  470,089/1,000,000  9.5/s  upd=11207  L=0.0435  D=1.815
[regir_last] 13:41:38  470,377/1,000,000  9.5/s  upd=11212  L=0.0375  D=1.815
[regir_last] 13:41:48  470,377/1,000,000  9.5/s  upd=11216  L=0.0355  D=1.815
[regir_last] 13:41:59  470,762/1,000,000  9.5/s  upd=11222  L=0.0275  D=1.815
[regir_last] 13:42:11  471,068/1,000,000  9.5/s  upd=11225  L=0.0267  D=1.815
[regir_last] 13:42:22  471,068/1,000,000  9.5/s  upd=11231  L=0.0342  D=1.815
[regir_last] 13:42:33  471,389/1,000,000  9.6/s  upd=11234  L=0.0416  D=1.815
[regir_last] 13:42:43  471,389/1,000,000  9.5/s  upd=11239  L=0.0588  D=1.815
[regir_last] 13:42:55  471,676/1,000,000  9.6/s  upd=11245  L=0.0310  D=1.815
[regir_last] report refresh skipped: PermissionError
[regir_last] 13:43:06  471,676/1,000,000  9.6/s  upd=11248  L=0.0300  D=1.815
[regir_last] 13:43:16  472,010/1,000,000  9.6/s  upd=11252  L=0.0385  D=1.815
[regir_last] 13:43:26  472,010/1,000,000  9.6/s  upd=11256  L=0.0217  D=1.815
[regir_last] 13:43:37  472,315/1,000,000  9.6/s  upd=11263  L=0.0404  D=1.815
[regir_last] 13:43:47  472,315/1,000,000  9.6/s  upd=11264  L=0.0231  D=1.815
[regir_last] 13:43:58  472,664/1,000,000  9.6/s  upd=11271  L=0.0252  D=1.815
[regir_last] 13:44:09  472,967/1,000,000  9.6/s  upd=11274  L=0.0256  D=1.815
[regir_last] 13:44:20  472,967/1,000,000  9.6/s  upd=11278  L=0.0305  D=1.815
[regir_last] 13:44:30  472,967/1,000,000  9.6/s  upd=11280  L=0.0236  D=1.815
[regir_last] 13:44:41  473,283/1,000,000  9.6/s  upd=11287  L=0.0322  D=1.815
[regir_last] 13:44:52  473,608/1,000,000  9.6/s  upd=11290  L=0.0222  D=1.815
[regir_last] 13:45:03  473,608/1,000,000  9.6/s  upd=11296  L=0.0378  D=1.815
[regir_last] 13:45:13  473,912/1,000,000  9.6/s  upd=11301  L=0.0292  D=1.815
[regir_last] 13:45:25  474,232/1,000,000  9.6/s  upd=11305  L=0.0636  D=1.815
[regir_last] 13:45:35  474,232/1,000,000  9.6/s  upd=11312  L=0.0267  D=1.815
[regir_last] 13:45:45  474,521/1,000,000  9.6/s  upd=11316  L=0.0237  D=1.815
[regir_last] 13:45:55  474,521/1,000,000  9.6/s  upd=11320  L=0.0339  D=1.815
[regir_last] 13:46:07  474,839/1,000,000  9.6/s  upd=11325  L=0.0254  D=1.815
[regir_last] 13:46:19  475,184/1,000,000  9.6/s  upd=11329  L=0.0279  D=1.815
[regir_last] 13:46:29  475,184/1,000,000  9.6/s  upd=11336  L=0.0279  D=1.815
[regir_last] 13:46:40  475,522/1,000,000  9.6/s  upd=11339  L=0.0205  D=1.815
[regir_last] 13:46:50  475,522/1,000,000  9.6/s  upd=11344  L=0.0216  D=1.815
[regir_last] 13:47:02  475,883/1,000,000  9.6/s  upd=11349  L=0.0428  D=1.815
[regir_last] 13:47:13  476,262/1,000,000  9.6/s  upd=11355  L=0.0237  D=1.815
[regir_last] 13:47:23  476,566/1,000,000  9.6/s  upd=11361  L=0.0273  D=1.815
[regir_last] 13:47:33  476,566/1,000,000  9.6/s  upd=11368  L=0.0299  D=1.815
[regir_last] 13:47:44  476,862/1,000,000  9.6/s  upd=11374  L=0.0297  D=1.815
[regir_last] 13:47:54  476,862/1,000,000  9.6/s  upd=11376  L=0.0267  D=1.815
[regir_last] 13:48:09  477,160/1,000,000  9.6/s  upd=11382  L=0.0232  D=1.815
[regir_last] report refresh skipped: PermissionError
[regir_last] 13:48:21  477,431/1,000,000  9.6/s  upd=11385  L=0.0331  D=1.815
[regir_last] 13:48:31  477,431/1,000,000  9.6/s  upd=11392  L=0.0511  D=1.815
[regir_last] 13:48:41  477,780/1,000,000  9.6/s  upd=11397  L=0.0286  D=1.815
[regir_last] 13:48:53  478,125/1,000,000  9.6/s  upd=11401  L=0.0235  D=1.815
[regir_last] 13:49:03  478,125/1,000,000  9.6/s  upd=11408  L=0.0310  D=1.815
[regir_last] 13:49:14  478,433/1,000,000  9.6/s  upd=11410  L=0.0327  D=1.815
[regir_last] 13:49:24  478,433/1,000,000  9.6/s  upd=11416  L=0.0285  D=1.815
[regir_last] 13:49:35  478,710/1,000,000  9.6/s  upd=11421  L=0.0245  D=1.815
[regir_last] 13:49:45  479,031/1,000,000  9.6/s  upd=11426  L=0.0304  D=1.815
[regir_last] 13:49:58  479,031/1,000,000  9.6/s  upd=11431  L=0.0312  D=1.815
[regir_last] 13:50:09  479,326/1,000,000  9.6/s  upd=11435  L=0.0266  D=1.815
[regir_last] 13:50:21  479,606/1,000,000  9.6/s  upd=11441  L=0.0233  D=1.815
[regir_last] 13:50:31  479,606/1,000,000  9.6/s  upd=11445  L=0.0294  D=1.815
[regir_last] 13:50:44  479,955/1,000,000  9.6/s  upd=11450  L=0.0313  D=1.815
[regir_last] 13:50:54  479,955/1,000,000  9.6/s  upd=11455  L=0.0304  D=1.815
[regir_last] 13:51:06  480,271/1,000,000  9.6/s  upd=11461  L=0.0320  D=1.815
[regir_last] saved resume t_env=480,271
[regir_last] 13:51:34  480,271/1,000,000  9.6/s  upd=11464  L=0.0338  ev=0/100  D=1.815
[regir_last] 13:51:44  480,271/1,000,000  9.6/s  upd=11464  L=0.0338  ev=7/100  D=1.815
[regir_last] 13:51:54  480,271/1,000,000  9.6/s  upd=11464  L=0.0338  ev=30/100  D=1.815
[regir_last] 13:52:05  480,271/1,000,000  9.6/s  upd=11464  L=0.0338  ev=55/100  D=1.815
[regir_last] 13:52:15  480,271/1,000,000  9.6/s  upd=11464  L=0.0338  ev=69/100  D=1.815
[regir_last] 13:52:25  480,271/1,000,000  9.6/s  upd=11464  L=0.0338  ev=96/100  D=1.815
[regir_last] report refresh skipped: PermissionError
[regir_last] 13:52:35  480,614/1,000,000  9.6/s  upd=11470  L=0.0200  D=1.314
[regir_last] 13:52:45  480,907/1,000,000  9.6/s  upd=11480  L=0.0381  D=1.314
[regir_last] 13:52:55  481,189/1,000,000  9.6/s  upd=11486  L=0.0254  D=1.314
[regir_last] 13:53:07  481,482/1,000,000  9.6/s  upd=11493  L=0.0261  D=1.314
[regir_last] 13:53:18  481,742/1,000,000  9.6/s  upd=11499  L=0.0200  D=1.314
[regir_last] report refresh skipped: PermissionError
[regir_last] 13:53:29  482,044/1,000,000  9.6/s  upd=11505  L=0.0258  D=1.314
[regir_last] 13:53:39  482,044/1,000,000  9.6/s  upd=11512  L=0.0309  D=1.314
[regir_last] 13:53:49  482,315/1,000,000  9.6/s  upd=11518  L=0.0220  D=1.314
[regir_last] 13:53:59  482,591/1,000,000  9.6/s  upd=11525  L=0.0349  D=1.314
[regir_last] 13:54:09  482,926/1,000,000  9.6/s  upd=11531  L=0.0322  D=1.314
[regir_last] 13:54:21  483,225/1,000,000  9.7/s  upd=11539  L=0.0378  D=1.314
[regir_last] 13:54:31  483,225/1,000,000  9.7/s  upd=11544  L=0.0209  D=1.314
[regir_last] 13:54:41  483,540/1,000,000  9.7/s  upd=11549  L=0.0299  D=1.314
[regir_last] 13:54:51  483,540/1,000,000  9.7/s  upd=11552  L=0.0266  D=1.314
[regir_last] 13:55:02  483,831/1,000,000  9.7/s  upd=11557  L=0.0325  D=1.314
[regir_last] 13:55:12  483,831/1,000,000  9.7/s  upd=11560  L=0.0203  D=1.314
[regir_last] 13:55:23  484,151/1,000,000  9.7/s  upd=11566  L=0.0510  D=1.314
[regir_last] 13:55:33  484,151/1,000,000  9.7/s  upd=11568  L=0.0326  D=1.314
[regir_last] 13:55:43  484,549/1,000,000  9.7/s  upd=11573  L=0.0242  D=1.314
[regir_last] 13:55:54  484,856/1,000,000  9.7/s  upd=11579  L=0.0244  D=1.314
[regir_last] 13:56:04  484,856/1,000,000  9.7/s  upd=11584  L=0.0257  D=1.314
[regir_last] 13:56:16  485,160/1,000,000  9.7/s  upd=11590  L=0.0174  D=1.314
[regir_last] 13:56:27  485,458/1,000,000  9.7/s  upd=11594  L=0.0307  D=1.314
[regir_last] 13:56:37  485,458/1,000,000  9.7/s  upd=11600  L=0.0313  D=1.314
[regir_last] 13:56:48  485,800/1,000,000  9.7/s  upd=11605  L=0.0159  D=1.314
[regir_last] 13:56:59  486,111/1,000,000  9.7/s  upd=11610  L=0.0248  D=1.314
[regir_last] 13:57:10  486,111/1,000,000  9.7/s  upd=11616  L=0.0296  D=1.314
[regir_last] 13:57:20  486,424/1,000,000  9.7/s  upd=11621  L=0.0312  D=1.314
[regir_last] 13:57:30  486,424/1,000,000  9.7/s  upd=11624  L=0.0194  D=1.314
[regir_last] 13:57:40  486,709/1,000,000  9.7/s  upd=11628  L=0.0278  D=1.314
[regir_last] 13:57:50  486,709/1,000,000  9.7/s  upd=11632  L=0.0324  D=1.314
[regir_last] 13:58:00  487,079/1,000,000  9.7/s  upd=11635  L=0.0333  D=1.314
[regir_last] 13:58:11  487,079/1,000,000  9.7/s  upd=11640  L=0.0325  D=1.314
[regir_last] 13:58:23  487,428/1,000,000  9.7/s  upd=11645  L=0.0240  D=1.314
[regir_last] report refresh skipped: PermissionError
[regir_last] 13:58:34  487,738/1,000,000  9.7/s  upd=11649  L=0.0219  D=1.314
[regir_last] 13:58:45  487,738/1,000,000  9.7/s  upd=11656  L=0.0289  D=1.314
[regir_last] 13:58:56  488,017/1,000,000  9.7/s  upd=11659  L=0.0372  D=1.314
[regir_last] 13:59:06  488,017/1,000,000  9.7/s  upd=11664  L=0.0279  D=1.314
[regir_last] 13:59:18  488,393/1,000,000  9.7/s  upd=11670  L=0.0223  D=1.314
[regir_last] 13:59:30  488,713/1,000,000  9.7/s  upd=11675  L=0.0325  D=1.314
[regir_last] 13:59:40  488,713/1,000,000  9.7/s  upd=11680  L=0.0304  D=1.314
[regir_last] 13:59:51  489,013/1,000,000  9.7/s  upd=11684  L=0.0340  D=1.314
[regir_last] 14:00:05  489,291/1,000,000  9.7/s  upd=11689  L=0.0198  D=1.314
[regir_last] 14:00:16  489,291/1,000,000  9.7/s  upd=11695  L=0.0223  D=1.314
[regir_last] 14:00:26  489,606/1,000,000  9.7/s  upd=11700  L=0.0285  D=1.314
[regir_last] 14:00:37  489,606/1,000,000  9.7/s  upd=11704  L=0.0229  D=1.314
[regir_last] 14:00:49  489,913/1,000,000  9.7/s  upd=11710  L=0.0254  D=1.314
[regir_last] 14:00:59  490,236/1,000,000  9.7/s  upd=11713  L=0.0247  D=1.314
[regir_last] 14:01:09  490,236/1,000,000  9.7/s  upd=11720  L=0.0243  D=1.314
[regir_last] 14:01:20  490,505/1,000,000  9.7/s  upd=11722  L=0.0242  D=1.314
[regir_last] saved resume t_env=490,505
[regir_last] 14:01:30  490,505/1,000,000  9.7/s  upd=11728  L=0.0256  D=1.314
[regir_last] 14:01:42  490,811/1,000,000  9.7/s  upd=11730  L=0.0295  D=1.314
[regir_last] 14:01:52  490,811/1,000,000  9.7/s  upd=11736  L=0.0290  D=1.314
[regir_last] 14:02:03  491,169/1,000,000  9.7/s  upd=11740  L=0.0407  D=1.314
[regir_last] 14:02:16  491,438/1,000,000  9.7/s  upd=11746  L=0.0272  D=1.314
[regir_last] 14:02:26  491,438/1,000,000  9.7/s  upd=11751  L=0.0364  D=1.314
[regir_last] 14:02:38  491,727/1,000,000  9.7/s  upd=11757  L=0.0264  D=1.314
[regir_last] 14:02:48  492,041/1,000,000  9.7/s  upd=11762  L=0.0233  D=1.314
[regir_last] 14:02:59  492,041/1,000,000  9.7/s  upd=11768  L=0.0259  D=1.314
[regir_last] 14:03:10  492,396/1,000,000  9.7/s  upd=11773  L=0.0280  D=1.314
[regir_last] 14:03:20  492,396/1,000,000  9.7/s  upd=11776  L=0.0282  D=1.314
[regir_last] 14:03:30  492,724/1,000,000  9.7/s  upd=11783  L=0.0676  D=1.314
[regir_last] report refresh skipped: PermissionError
[regir_last] 14:03:42  493,069/1,000,000  9.7/s  upd=11786  L=0.0417  D=1.314
[regir_last] 14:03:53  493,069/1,000,000  9.7/s  upd=11792  L=0.0245  D=1.314
[regir_last] 14:04:04  493,399/1,000,000  9.7/s  upd=11797  L=0.0199  D=1.314
[regir_last] 14:04:14  493,399/1,000,000  9.7/s  upd=11800  L=0.0265  D=1.314
[regir_last] 14:04:25  493,754/1,000,000  9.7/s  upd=11806  L=0.0238  D=1.314
[regir_last] 14:04:37  494,074/1,000,000  9.7/s  upd=11809  L=0.0237  D=1.314
[regir_last] 14:04:50  494,074/1,000,000  9.7/s  upd=11816  L=0.0269  D=1.314
[regir_last] 14:05:01  494,406/1,000,000  9.8/s  upd=11819  L=0.0339  D=1.314
[regir_last] 14:05:11  494,406/1,000,000  9.7/s  upd=11824  L=0.0230  D=1.314
[regir_last] 14:05:22  494,778/1,000,000  9.8/s  upd=11829  L=0.0246  D=1.314
[regir_last] 14:05:32  494,778/1,000,000  9.8/s  upd=11832  L=0.0352  D=1.314
[regir_last] 14:05:44  495,065/1,000,000  9.8/s  upd=11838  L=0.0494  D=1.314
[regir_last] 14:05:55  495,365/1,000,000  9.8/s  upd=11843  L=0.0334  D=1.314
[regir_last] 14:06:05  495,365/1,000,000  9.8/s  upd=11848  L=0.0561  D=1.314
[regir_last] 14:06:17  495,670/1,000,000  9.8/s  upd=11851  L=0.0270  D=1.314
[regir_last] 14:06:28  496,032/1,000,000  9.8/s  upd=11857  L=0.0283  D=1.314
[regir_last] 14:06:40  496,032/1,000,000  9.8/s  upd=11864  L=0.0254  D=1.314
[regir_last] 14:06:50  496,399/1,000,000  9.8/s  upd=11870  L=0.0266  D=1.314
[regir_last] 14:07:01  496,721/1,000,000  9.8/s  upd=11876  L=0.0303  D=1.314
[regir_last] 14:07:13  497,022/1,000,000  9.8/s  upd=11882  L=0.0241  D=1.314
[regir_last] 14:07:23  497,022/1,000,000  9.8/s  upd=11888  L=0.0213  D=1.314
[regir_last] 14:07:35  497,285/1,000,000  9.8/s  upd=11894  L=0.0737  D=1.314
[regir_last] 14:07:45  497,285/1,000,000  9.8/s  upd=11896  L=0.0342  D=1.314
[regir_last] 14:07:56  497,622/1,000,000  9.8/s  upd=11901  L=0.0381  D=1.314
[regir_last] 14:08:08  497,916/1,000,000  9.8/s  upd=11905  L=0.0226  D=1.314
[regir_last] 14:08:19  497,916/1,000,000  9.8/s  upd=11912  L=0.0222  D=1.314
[regir_last] 14:08:30  498,263/1,000,000  9.8/s  upd=11915  L=0.0222  D=1.314
[regir_last] report refresh skipped: PermissionError
[regir_last] 14:08:40  498,263/1,000,000  9.8/s  upd=11920  L=0.0256  D=1.314
[regir_last] 14:08:51  498,546/1,000,000  9.8/s  upd=11926  L=0.0301  D=1.314
[regir_last] 14:09:02  498,846/1,000,000  9.8/s  upd=11931  L=0.0285  D=1.314
[regir_last] 14:09:12  498,846/1,000,000  9.8/s  upd=11936  L=0.0257  D=1.314
[regir_last] 14:09:24  499,159/1,000,000  9.8/s  upd=11942  L=0.0260  D=1.314
[regir_last] 14:09:34  499,436/1,000,000  9.8/s  upd=11945  L=0.0373  D=1.314
[regir_last] 14:09:45  499,436/1,000,000  9.8/s  upd=11951  L=0.0221  D=1.314
[regir_last] 14:09:57  499,779/1,000,000  9.8/s  upd=11957  L=0.0346  D=1.314
[regir_last] 14:10:07  499,779/1,000,000  9.8/s  upd=11960  L=0.0303  D=1.314
[regir_last] 14:10:18  500,072/1,000,000  9.8/s  upd=11965  L=0.0238  D=1.314
[regir_last] saved resume t_env=500,072
[regir_last] 14:10:44  500,072/1,000,000  9.8/s  upd=11968  L=0.0252  ev=0/100  D=1.314
[regir_last] 14:10:54  500,072/1,000,000  9.8/s  upd=11968  L=0.0252  ev=16/100  D=1.314
[regir_last] 14:11:04  500,072/1,000,000  9.8/s  upd=11968  L=0.0252  ev=32/100  D=1.314
[regir_last] 14:11:14  500,072/1,000,000  9.8/s  upd=11968  L=0.0252  ev=46/100  D=1.314
[regir_last] 14:11:24  500,072/1,000,000  9.8/s  upd=11968  L=0.0252  ev=64/100  D=1.314
[regir_last] 14:11:34  500,072/1,000,000  9.8/s  upd=11968  L=0.0252  ev=82/100  D=1.314
[regir_last] 14:11:44  500,072/1,000,000  9.8/s  upd=11968  L=0.0252  ev=99/100  D=1.314
[regir_last] report refresh skipped: PermissionError
[regir_last] 14:11:56  500,401/1,000,000  9.8/s  upd=11972  L=0.0264  D=1.617
[regir_last] 14:12:08  500,702/1,000,000  9.8/s  upd=11977  L=0.0281  D=1.617
[regir_last] 14:12:18  500,702/1,000,000  9.8/s  upd=11984  L=0.0260  D=1.617
[regir_last] 14:12:28  501,032/1,000,000  9.8/s  upd=11987  L=0.0269  D=1.617
[regir_last] 14:12:40  501,032/1,000,000  9.8/s  upd=11992  L=0.0395  D=1.617
[regir_last] 14:12:50  501,307/1,000,000  9.8/s  upd=11997  L=0.0203  D=1.617
[regir_last] 14:13:01  501,610/1,000,000  9.8/s  upd=12003  L=0.0313  D=1.617
[regir_last] 14:13:11  501,610/1,000,000  9.8/s  upd=12008  L=0.0339  D=1.617
[regir_last] 14:13:23  501,912/1,000,000  9.8/s  upd=12016  L=0.0297  D=1.617
[regir_last] 14:13:34  502,320/1,000,000  9.8/s  upd=12022  L=0.0276  D=1.617
[regir_last] report refresh skipped: PermissionError
[regir_last] 14:13:44  502,643/1,000,000  9.8/s  upd=12026  L=0.0262  D=1.617
[regir_last] 14:13:55  502,943/1,000,000  9.8/s  upd=12033  L=0.0267  D=1.617
[regir_last] 14:14:05  502,943/1,000,000  9.8/s  upd=12040  L=0.0224  D=1.617
[regir_last] 14:14:15  503,317/1,000,000  9.8/s  upd=12048  L=0.0200  D=1.617
[regir_last] 14:14:26  503,623/1,000,000  9.8/s  upd=12054  L=0.0311  D=1.617
[regir_last] 14:14:36  503,904/1,000,000  9.8/s  upd=12061  L=0.0431  D=1.617
[regir_last] 14:14:46  504,219/1,000,000  9.8/s  upd=12067  L=0.0362  D=1.617
[regir_last] 14:14:57  504,529/1,000,000  9.8/s  upd=12075  L=0.0422  D=1.617
[regir_last] 14:15:08  504,859/1,000,000  9.8/s  upd=12081  L=0.0334  D=1.617
[regir_last] 14:15:19  504,859/1,000,000  9.8/s  upd=12087  L=0.0224  D=1.617
[regir_last] 14:15:30  505,120/1,000,000  9.8/s  upd=12090  L=0.0316  D=1.617
[regir_last] 14:15:42  505,120/1,000,000  9.8/s  upd=12095  L=0.0211  D=1.617
[regir_last] 14:15:53  505,424/1,000,000  9.8/s  upd=12099  L=0.0264  D=1.617
[regir_last] 14:16:03  505,424/1,000,000  9.8/s  upd=12104  L=0.0286  D=1.617
[regir_last] 14:16:15  505,739/1,000,000  9.8/s  upd=12108  L=0.0259  D=1.617
[regir_last] 14:16:26  506,087/1,000,000  9.8/s  upd=12113  L=0.0397  D=1.617
[regir_last] 14:16:36  506,087/1,000,000  9.8/s  upd=12119  L=0.0425  D=1.617
[regir_last] 14:16:49  506,409/1,000,000  9.9/s  upd=12127  L=0.0226  D=1.617
[regir_last] 14:16:59  506,717/1,000,000  9.9/s  upd=12129  L=0.0253  D=1.617
[regir_last] 14:17:11  506,717/1,000,000  9.9/s  upd=12135  L=0.0328  D=1.617
[regir_last] 14:17:22  507,063/1,000,000  9.9/s  upd=12139  L=0.0305  D=1.617
[regir_last] 14:17:33  507,063/1,000,000  9.9/s  upd=12144  L=0.0215  D=1.617
[regir_last] 14:17:44  507,400/1,000,000  9.9/s  upd=12148  L=0.0168  D=1.617
[regir_last] 14:17:54  507,400/1,000,000  9.9/s  upd=12152  L=0.0152  D=1.617
[regir_last] 14:18:05  507,662/1,000,000  9.9/s  upd=12156  L=0.0416  D=1.617
[regir_last] 14:18:15  507,662/1,000,000  9.9/s  upd=12160  L=0.0298  D=1.617
[regir_last] 14:18:25  507,949/1,000,000  9.9/s  upd=12163  L=0.0363  D=1.617
[regir_last] 14:18:36  507,949/1,000,000  9.9/s  upd=12168  L=0.0263  D=1.617
[regir_last] 14:18:46  508,256/1,000,000  9.9/s  upd=12174  L=0.0207  D=1.617
[regir_last] report refresh skipped: PermissionError
[regir_last] 14:18:59  508,569/1,000,000  9.9/s  upd=12178  L=0.0267  D=1.617
[regir_last] 14:19:09  508,569/1,000,000  9.9/s  upd=12184  L=0.0241  D=1.617
[regir_last] 14:19:19  508,889/1,000,000  9.9/s  upd=12189  L=0.0344  D=1.617
[regir_last] 14:19:29  509,178/1,000,000  9.9/s  upd=12192  L=0.0364  D=1.617
[regir_last] 14:19:39  509,178/1,000,000  9.9/s  upd=12198  L=0.0238  D=1.617
[regir_last] 14:19:49  509,178/1,000,000  9.9/s  upd=12200  L=0.0325  D=1.617
[regir_last] 14:20:00  509,490/1,000,000  9.9/s  upd=12206  L=0.0312  D=1.617
[regir_last] 14:20:10  509,490/1,000,000  9.9/s  upd=12208  L=0.0272  D=1.617
[regir_last] 14:20:20  509,854/1,000,000  9.9/s  upd=12212  L=0.0387  D=1.617
[regir_last] saved resume t_env=509,854
[regir_last] 14:20:30  509,854/1,000,000  9.9/s  upd=12216  L=0.0262  D=1.617
[regir_last] 14:20:41  510,177/1,000,000  9.9/s  upd=12222  L=0.0277  D=1.617
[regir_last] 14:20:52  510,492/1,000,000  9.9/s  upd=12226  L=0.0421  D=1.617
[regir_last] 14:21:03  510,492/1,000,000  9.9/s  upd=12232  L=0.0235  D=1.617
[regir_last] 14:21:13  510,858/1,000,000  9.9/s  upd=12238  L=0.0399  D=1.617
[regir_last] 14:21:24  511,137/1,000,000  9.9/s  upd=12245  L=0.0231  D=1.617
[regir_last] 14:21:34  511,505/1,000,000  9.9/s  upd=12250  L=0.0311  D=1.617
[regir_last] 14:21:45  511,505/1,000,000  9.9/s  upd=12255  L=0.0331  D=1.617
[regir_last] 14:21:56  511,800/1,000,000  9.9/s  upd=12262  L=0.0264  D=1.617
[regir_last] 14:22:06  512,148/1,000,000  9.9/s  upd=12268  L=0.0243  D=1.617
[regir_last] 14:22:16  512,148/1,000,000  9.9/s  upd=12272  L=0.0351  D=1.617
[regir_last] 14:22:28  512,455/1,000,000  9.9/s  upd=12277  L=0.0261  D=1.617
[regir_last] 14:22:39  512,760/1,000,000  9.9/s  upd=12282  L=0.0233  D=1.617
[regir_last] 14:22:50  512,760/1,000,000  9.9/s  upd=12287  L=0.0288  D=1.617
[regir_last] 14:23:00  512,760/1,000,000  9.9/s  upd=12288  L=0.0263  D=1.617
[regir_last] 14:23:10  513,039/1,000,000  9.9/s  upd=12295  L=0.0371  D=1.617
[regir_last] 14:23:21  513,365/1,000,000  9.9/s  upd=12299  L=0.0335  D=1.617
[regir_last] 14:23:33  513,715/1,000,000  9.9/s  upd=12305  L=0.0304  D=1.617
[regir_last] 14:23:43  513,715/1,000,000  9.9/s  upd=12310  L=0.0293  D=1.617
[regir_last] 14:23:54  514,042/1,000,000  9.9/s  upd=12316  L=0.0287  D=1.617
[regir_last] report refresh skipped: PermissionError
[regir_last] 14:24:06  514,313/1,000,000  9.9/s  upd=12321  L=0.0370  D=1.617
[regir_last] 14:24:16  514,313/1,000,000  9.9/s  upd=12328  L=0.0433  D=1.617
[regir_last] 14:24:26  514,601/1,000,000  9.9/s  upd=12332  L=0.0228  D=1.617
[regir_last] 14:24:39  514,943/1,000,000  9.9/s  upd=12337  L=0.0257  D=1.617
[regir_last] 14:24:50  514,943/1,000,000  9.9/s  upd=12344  L=0.0258  D=1.617
[regir_last] 14:25:00  515,228/1,000,000  9.9/s  upd=12348  L=0.0257  D=1.617
[regir_last] 14:25:10  515,228/1,000,000  9.9/s  upd=12352  L=0.0211  D=1.617
[regir_last] 14:25:21  515,550/1,000,000  9.9/s  upd=12357  L=0.0410  D=1.617
[regir_last] 14:25:32  515,839/1,000,000  9.9/s  upd=12362  L=0.0410  D=1.617
[regir_last] 14:25:43  515,839/1,000,000  9.9/s  upd=12368  L=0.0219  D=1.617
[regir_last] 14:25:53  516,155/1,000,000  9.9/s  upd=12374  L=0.0249  D=1.617
[regir_last] 14:26:03  516,434/1,000,000  9.9/s  upd=12379  L=0.0395  D=1.617
[regir_last] 14:26:13  516,434/1,000,000  9.9/s  upd=12384  L=0.0422  D=1.617
[regir_last] 14:26:25  516,808/1,000,000  9.9/s  upd=12389  L=0.0385  D=1.617
[regir_last] 14:26:37  517,129/1,000,000  9.9/s  upd=12395  L=0.0293  D=1.617
[regir_last] 14:26:48  517,129/1,000,000  9.9/s  upd=12400  L=0.0242  D=1.617
[regir_last] 14:26:59  517,536/1,000,000  9.9/s  upd=12403  L=0.0235  D=1.617
[regir_last] 14:27:10  517,536/1,000,000  9.9/s  upd=12408  L=0.0314  D=1.617
[regir_last] 14:27:23  517,863/1,000,000  10.0/s  upd=12413  L=0.0419  D=1.617
[regir_last] 14:27:33  518,175/1,000,000  10.0/s  upd=12418  L=0.0361  D=1.617
[regir_last] 14:27:45  518,175/1,000,000  10.0/s  upd=12423  L=0.0294  D=1.617
[regir_last] 14:27:57  518,469/1,000,000  10.0/s  upd=12428  L=0.0316  D=1.617
[regir_last] 14:28:08  518,790/1,000,000  10.0/s  upd=12433  L=0.0272  D=1.617
[regir_last] 14:28:19  518,790/1,000,000  10.0/s  upd=12436  L=0.0251  D=1.617
[regir_last] 14:28:30  519,085/1,000,000  10.0/s  upd=12441  L=0.0327  D=1.617
[regir_last] 14:28:42  519,085/1,000,000  10.0/s  upd=12448  L=0.0238  D=1.617
[regir_last] 14:28:53  519,415/1,000,000  10.0/s  upd=12451  L=0.0357  D=1.617
[regir_last] 14:29:03  519,415/1,000,000  10.0/s  upd=12456  L=0.0275  D=1.617
[regir_last] 14:29:14  519,759/1,000,000  10.0/s  upd=12461  L=0.0272  D=1.617
[regir_last] report refresh skipped: PermissionError
[regir_last] 14:29:24  519,759/1,000,000  10.0/s  upd=12464  L=0.0382  D=1.617
[regir_last] 14:29:35  520,063/1,000,000  10.0/s  upd=12470  L=0.0355  D=1.617
[regir_last] saved resume t_env=520,063
[regir_last] 14:29:59  520,063/1,000,000  10.0/s  upd=12472  L=0.0278  ev=0/100  D=1.617
[regir_last] 14:30:09  520,063/1,000,000  10.0/s  upd=12472  L=0.0278  ev=19/100  D=1.617
[regir_last] 14:30:19  520,063/1,000,000  10.0/s  upd=12472  L=0.0278  ev=32/100  D=1.617
[regir_last] 14:30:29  520,063/1,000,000  10.0/s  upd=12472  L=0.0278  ev=48/100  D=1.617
[regir_last] 14:30:40  520,063/1,000,000  10.0/s  upd=12472  L=0.0278  ev=64/100  D=1.617
[regir_last] 14:30:50  520,063/1,000,000  10.0/s  upd=12472  L=0.0278  ev=88/100  D=1.617
[regir_last] 14:31:00  520,063/1,000,000  10.0/s  upd=12472  L=0.0278  ev=95/100  D=1.617
[regir_last] report refresh skipped: PermissionError
[regir_last] 14:31:11  520,449/1,000,000  10.0/s  upd=12474  L=0.0495  D=1.136
[regir_last] 14:31:21  520,449/1,000,000  10.0/s  upd=12480  L=0.0332  D=1.136
[regir_last] 14:31:32  520,778/1,000,000  10.0/s  upd=12487  L=0.0254  D=1.136
[regir_last] 14:31:42  521,073/1,000,000  10.0/s  upd=12491  L=0.0328  D=1.136
[regir_last] 14:31:53  521,073/1,000,000  10.0/s  upd=12496  L=0.0191  D=1.136
[regir_last] 14:32:03  521,436/1,000,000  10.0/s  upd=12500  L=0.0234  D=1.136
[regir_last] 14:32:13  521,436/1,000,000  10.0/s  upd=12504  L=0.0252  D=1.136
[regir_last] 14:32:24  521,739/1,000,000  10.0/s  upd=12510  L=0.0284  D=1.136
[regir_last] 14:32:35  522,040/1,000,000  10.0/s  upd=12514  L=0.0381  D=1.136
[regir_last] 14:32:45  522,040/1,000,000  10.0/s  upd=12520  L=0.0497  D=1.136
[regir_last] 14:32:55  522,366/1,000,000  10.0/s  upd=12524  L=0.0468  D=1.136
[regir_last] 14:33:07  522,714/1,000,000  10.0/s  upd=12529  L=0.0272  D=1.136
[regir_last] 14:33:18  522,714/1,000,000  10.0/s  upd=12534  L=0.0269  D=1.136
[regir_last] 14:33:29  523,079/1,000,000  10.0/s  upd=12538  L=0.0339  D=1.136
[regir_last] 14:33:40  523,079/1,000,000  10.0/s  upd=12544  L=0.0254  D=1.136
[regir_last] 14:33:51  523,369/1,000,000  10.0/s  upd=12549  L=0.0337  D=1.136
[regir_last] 14:34:01  523,369/1,000,000  10.0/s  upd=12552  L=0.0232  D=1.136
[regir_last] 14:34:11  523,860/1,000,000  10.0/s  upd=12555  L=0.0257  D=1.136
[regir_last] 14:34:21  523,860/1,000,000  10.0/s  upd=12560  L=0.0244  D=1.136
[regir_last] 14:34:34  524,149/1,000,000  10.0/s  upd=12566  L=0.0285  D=1.136
[regir_last] report refresh skipped: PermissionError
[regir_last] 14:34:45  524,451/1,000,000  10.0/s  upd=12569  L=0.0286  D=1.136
[regir_last] 14:34:56  524,451/1,000,000  10.0/s  upd=12576  L=0.0482  D=1.136
[regir_last] 14:35:07  524,785/1,000,000  10.0/s  upd=12579  L=0.0300  D=1.136
[regir_last] 14:35:18  524,785/1,000,000  10.0/s  upd=12584  L=0.0412  D=1.136
[regir_last] 14:35:28  525,134/1,000,000  10.0/s  upd=12589  L=0.0262  D=1.136
[regir_last] 14:35:40  525,495/1,000,000  10.0/s  upd=12595  L=0.0270  D=1.136
[regir_last] 14:35:51  525,808/1,000,000  10.0/s  upd=12605  L=0.0251  D=1.136
[regir_last] 14:36:01  526,140/1,000,000  10.0/s  upd=12613  L=0.0322  D=1.136
[regir_last] 14:36:11  526,447/1,000,000  10.0/s  upd=12624  L=0.0498  D=1.136
[regir_last] 14:36:22  527,069/1,000,000  10.0/s  upd=12634  L=0.0234  D=1.136
[regir_last] 14:36:32  527,446/1,000,000  10.0/s  upd=12641  L=0.0208  D=1.136
[regir_last] 14:36:42  527,732/1,000,000  10.0/s  upd=12651  L=0.0346  D=1.136
[regir_last] 14:36:52  527,732/1,000,000  10.0/s  upd=12656  L=0.0248  D=1.136
[regir_last] 14:37:04  528,081/1,000,000  10.0/s  upd=12663  L=0.0368  D=1.136
[regir_last] 14:37:15  528,408/1,000,000  10.0/s  upd=12667  L=0.0307  D=1.136
[regir_last] 14:37:25  528,408/1,000,000  10.0/s  upd=12672  L=0.0268  D=1.136
[regir_last] 14:37:35  528,735/1,000,000  10.0/s  upd=12676  L=0.0260  D=1.136
[regir_last] 14:37:45  529,061/1,000,000  10.0/s  upd=12681  L=0.0302  D=1.136
[regir_last] 14:37:56  529,061/1,000,000  10.0/s  upd=12687  L=0.0311  D=1.136
[regir_last] 14:38:09  529,404/1,000,000  10.0/s  upd=12692  L=0.0225  D=1.136
[regir_last] 14:38:23  529,705/1,000,000  10.1/s  upd=12697  L=0.0328  D=1.136
[regir_last] 14:38:33  529,705/1,000,000  10.0/s  upd=12704  L=0.0339  D=1.136
[regir_last] 14:38:46  530,040/1,000,000  10.1/s  upd=12708  L=0.0228  D=1.136
[regir_last] 14:38:56  530,340/1,000,000  10.1/s  upd=12713  L=0.0549  D=1.136
[regir_last] 14:39:06  530,340/1,000,000  10.1/s  upd=12718  L=0.0337  D=1.136
[regir_last] 14:39:16  530,673/1,000,000  10.1/s  upd=12721  L=0.0498  D=1.136
[regir_last] 14:39:27  530,673/1,000,000  10.1/s  upd=12727  L=0.0198  D=1.136
[regir_last] 14:39:37  531,002/1,000,000  10.1/s  upd=12732  L=0.0220  D=1.136
[regir_last] saved resume t_env=531,002
[regir_last] report refresh skipped: PermissionError
[regir_last] 14:39:50  531,002/1,000,000  10.1/s  upd=12736  L=0.0312  D=1.136
[regir_last] 14:40:01  531,350/1,000,000  10.1/s  upd=12741  L=0.0360  D=1.136
[regir_last] 14:40:12  531,679/1,000,000  10.1/s  upd=12745  L=0.0330  D=1.136
[regir_last] 14:40:22  531,679/1,000,000  10.1/s  upd=12749  L=0.0233  D=1.136
[regir_last] 14:40:34  531,994/1,000,000  10.1/s  upd=12753  L=0.0272  D=1.136
[regir_last] 14:40:45  531,994/1,000,000  10.1/s  upd=12759  L=0.0304  D=1.136
[regir_last] 14:40:56  532,351/1,000,000  10.1/s  upd=12763  L=0.0284  D=1.136
[regir_last] 14:41:06  532,351/1,000,000  10.1/s  upd=12768  L=0.0268  D=1.136
[regir_last] 14:41:19  532,689/1,000,000  10.1/s  upd=12774  L=0.0212  D=1.136
[regir_last] 14:41:31  533,012/1,000,000  10.1/s  upd=12777  L=0.0277  D=1.136
[regir_last] 14:41:42  533,012/1,000,000  10.1/s  upd=12783  L=0.0246  D=1.136
[regir_last] 14:41:55  533,341/1,000,000  10.1/s  upd=12787  L=0.0411  D=1.136
[regir_last] 14:42:05  533,341/1,000,000  10.1/s  upd=12792  L=0.0302  D=1.136
[regir_last] 14:42:16  533,620/1,000,000  10.1/s  upd=12798  L=0.0387  D=1.136
[regir_last] 14:42:27  533,897/1,000,000  10.1/s  upd=12803  L=0.0238  D=1.136
[regir_last] 14:42:37  533,897/1,000,000  10.1/s  upd=12808  L=0.0673  D=1.136
[regir_last] 14:42:49  534,167/1,000,000  10.1/s  upd=12815  L=0.0304  D=1.136
[regir_last] 14:42:59  534,464/1,000,000  10.1/s  upd=12818  L=0.0332  D=1.136
[regir_last] 14:43:09  534,464/1,000,000  10.1/s  upd=12824  L=0.0232  D=1.136
[regir_last] 14:43:21  534,766/1,000,000  10.1/s  upd=12830  L=0.0253  D=1.136
[regir_last] 14:43:32  535,055/1,000,000  10.1/s  upd=12834  L=0.0223  D=1.136
[regir_last] 14:43:42  535,055/1,000,000  10.1/s  upd=12840  L=0.0276  D=1.136
[regir_last] 14:43:55  535,388/1,000,000  10.1/s  upd=12845  L=0.0368  D=1.136
[regir_last] 14:44:05  535,388/1,000,000  10.1/s  upd=12848  L=0.0257  D=1.136
[regir_last] 14:44:18  535,723/1,000,000  10.1/s  upd=12854  L=0.0292  D=1.136
[regir_last] 14:44:28  535,723/1,000,000  10.1/s  upd=12856  L=0.0378  D=1.136
[regir_last] 14:44:41  536,011/1,000,000  10.1/s  upd=12864  L=0.0211  D=1.136
[regir_last] 14:44:52  536,356/1,000,000  10.1/s  upd=12867  L=0.0392  D=1.136
[regir_last] report refresh skipped: PermissionError
[regir_last] 14:45:02  536,356/1,000,000  10.1/s  upd=12872  L=0.0538  D=1.136
[regir_last] 14:45:13  536,643/1,000,000  10.1/s  upd=12878  L=0.0226  D=1.136
[regir_last] 14:45:23  536,643/1,000,000  10.1/s  upd=12880  L=0.0245  D=1.136
[regir_last] 14:45:34  536,943/1,000,000  10.1/s  upd=12886  L=0.0219  D=1.136
[regir_last] 14:45:46  537,264/1,000,000  10.1/s  upd=12889  L=0.0369  D=1.136
[regir_last] 14:45:56  537,264/1,000,000  10.1/s  upd=12896  L=0.0503  D=1.136
[regir_last] 14:46:06  537,576/1,000,000  10.1/s  upd=12898  L=0.0460  D=1.136
[regir_last] 14:46:16  537,576/1,000,000  10.1/s  upd=12904  L=0.0384  D=1.136
[regir_last] 14:46:28  537,857/1,000,000  10.1/s  upd=12910  L=0.0243  D=1.136
[regir_last] 14:46:39  538,165/1,000,000  10.1/s  upd=12913  L=0.0262  D=1.136
[regir_last] 14:46:49  538,165/1,000,000  10.1/s  upd=12918  L=0.0327  D=1.136
[regir_last] 14:46:59  538,457/1,000,000  10.1/s  upd=12922  L=0.0311  D=1.136
[regir_last] 14:47:09  538,457/1,000,000  10.1/s  upd=12926  L=0.0360  D=1.136
[regir_last] 14:47:20  538,749/1,000,000  10.1/s  upd=12930  L=0.0255  D=1.136
[regir_last] 14:47:31  538,749/1,000,000  10.1/s  upd=12935  L=0.0283  D=1.136
[regir_last] 14:47:41  539,105/1,000,000  10.1/s  upd=12938  L=0.0225  D=1.136
[regir_last] 14:47:51  539,105/1,000,000  10.1/s  upd=12944  L=0.0200  D=1.136
[regir_last] 14:48:04  539,460/1,000,000  10.1/s  upd=12949  L=0.0260  D=1.136
[regir_last] 14:48:16  539,844/1,000,000  10.1/s  upd=12954  L=0.0315  D=1.136
[regir_last] 14:48:26  539,844/1,000,000  10.1/s  upd=12960  L=0.0323  D=1.136
[regir_last] 14:48:37  540,184/1,000,000  10.1/s  upd=12966  L=0.0319  D=1.136
[regir_last] saved resume t_env=540,184
[regir_last] 14:49:02  540,184/1,000,000  10.1/s  upd=12968  L=0.0225  ev=0/100  D=1.136
[regir_last] 14:49:12  540,184/1,000,000  10.1/s  upd=12968  L=0.0225  ev=18/100  D=1.136
[regir_last] 14:49:22  540,184/1,000,000  10.1/s  upd=12968  L=0.0225  ev=35/100  D=1.136
[regir_last] 14:49:32  540,184/1,000,000  10.1/s  upd=12968  L=0.0225  ev=54/100  D=1.136
[regir_last] 14:49:42  540,184/1,000,000  10.1/s  upd=12968  L=0.0225  ev=72/100  D=1.136
[regir_last] 14:49:52  540,184/1,000,000  10.1/s  upd=12968  L=0.0225  ev=88/100  D=1.136
[regir_last] report refresh skipped: PermissionError
[regir_last] 14:50:02  540,184/1,000,000  10.1/s  upd=12968  L=0.0225  D=1.254
[regir_last] 14:50:13  540,490/1,000,000  10.1/s  upd=12975  L=0.0273  D=1.254
[regir_last] report refresh skipped: PermissionError
[regir_last] 14:50:24  540,814/1,000,000  10.1/s  upd=12978  L=0.0368  D=1.254
[regir_last] 14:50:35  540,814/1,000,000  10.1/s  upd=12984  L=0.0238  D=1.254
[regir_last] 14:50:46  541,132/1,000,000  10.1/s  upd=12987  L=0.0302  D=1.254
[regir_last] 14:50:57  541,132/1,000,000  10.1/s  upd=12992  L=0.0465  D=1.254
[regir_last] 14:51:07  541,443/1,000,000  10.1/s  upd=12998  L=0.0239  D=1.254
[regir_last] 14:51:18  541,690/1,000,000  10.1/s  upd=13004  L=0.0271  D=1.254
[regir_last] 14:51:28  541,690/1,000,000  10.1/s  upd=13008  L=0.0309  D=1.254
[regir_last] 14:51:40  542,012/1,000,000  10.1/s  upd=13014  L=0.0274  D=1.254
[regir_last] 14:51:52  542,379/1,000,000  10.1/s  upd=13018  L=0.0308  D=1.254
[regir_last] 14:52:03  542,379/1,000,000  10.1/s  upd=13024  L=0.0362  D=1.254
[regir_last] 14:52:14  542,676/1,000,000  10.1/s  upd=13030  L=0.0203  D=1.254
[regir_last] 14:52:25  542,959/1,000,000  10.1/s  upd=13035  L=0.0294  D=1.254
[regir_last] 14:52:36  543,249/1,000,000  10.1/s  upd=13041  L=0.0309  D=1.254
[regir_last] 14:52:46  543,249/1,000,000  10.1/s  upd=13048  L=0.0265  D=1.254
[regir_last] 14:52:57  543,552/1,000,000  10.1/s  upd=13053  L=0.0315  D=1.254
[regir_last] 14:53:08  543,894/1,000,000  10.1/s  upd=13057  L=0.0229  D=1.254
[regir_last] 14:53:21  543,894/1,000,000  10.1/s  upd=13064  L=0.0336  D=1.254
[regir_last] 14:53:32  544,230/1,000,000  10.2/s  upd=13069  L=0.0363  D=1.254
[regir_last] 14:53:42  544,569/1,000,000  10.2/s  upd=13073  L=0.0251  D=1.254
[regir_last] 14:53:53  544,569/1,000,000  10.2/s  upd=13080  L=0.0450  D=1.254
[regir_last] 14:54:03  544,920/1,000,000  10.2/s  upd=13085  L=0.0457  D=1.254
[regir_last] 14:54:13  544,920/1,000,000  10.2/s  upd=13088  L=0.0367  D=1.254
[regir_last] 14:54:23  545,230/1,000,000  10.2/s  upd=13093  L=0.0241  D=1.254
[regir_last] 14:54:34  545,530/1,000,000  10.2/s  upd=13098  L=0.0253  D=1.254
[regir_last] 14:54:45  545,530/1,000,000  10.2/s  upd=13103  L=0.0288  D=1.254
[regir_last] 14:54:56  545,869/1,000,000  10.2/s  upd=13106  L=0.0345  D=1.254
[regir_last] 14:55:06  545,869/1,000,000  10.2/s  upd=13112  L=0.0242  D=1.254
[regir_last] 14:55:16  546,243/1,000,000  10.2/s  upd=13116  L=0.0215  D=1.254
[regir_last] report refresh skipped: PermissionError
[regir_last] 14:55:26  546,243/1,000,000  10.2/s  upd=13120  L=0.0316  D=1.254
[regir_last] 14:55:36  546,551/1,000,000  10.2/s  upd=13126  L=0.0323  D=1.254
[regir_last] 14:55:46  546,551/1,000,000  10.2/s  upd=13128  L=0.0398  D=1.254
[regir_last] 14:55:58  546,917/1,000,000  10.2/s  upd=13132  L=0.0427  D=1.254
[regir_last] 14:56:09  546,917/1,000,000  10.2/s  upd=13136  L=0.0306  D=1.254
[regir_last] 14:56:19  546,917/1,000,000  10.2/s  upd=13136  L=0.0306  D=1.254
[regir_last] 14:56:29  547,208/1,000,000  10.2/s  upd=13142  L=0.0320  D=1.254
[regir_last] 14:56:39  547,208/1,000,000  10.2/s  upd=13144  L=0.0375  D=1.254
[regir_last] 14:56:50  547,517/1,000,000  10.2/s  upd=13146  L=0.0223  D=1.254
[regir_last] 14:57:01  547,517/1,000,000  10.2/s  upd=13152  L=0.0386  D=1.254
[regir_last] 14:57:13  547,915/1,000,000  10.2/s  upd=13157  L=0.0292  D=1.254
[regir_last] 14:57:23  547,915/1,000,000  10.2/s  upd=13160  L=0.0210  D=1.254
[regir_last] 14:57:34  548,249/1,000,000  10.2/s  upd=13165  L=0.0312  D=1.254
[regir_last] 14:57:44  548,249/1,000,000  10.2/s  upd=13168  L=0.0277  D=1.254
[regir_last] 14:57:54  548,563/1,000,000  10.2/s  upd=13174  L=0.0256  D=1.254
[regir_last] 14:58:04  548,563/1,000,000  10.2/s  upd=13176  L=0.0354  D=1.254
[regir_last] 14:58:15  548,863/1,000,000  10.2/s  upd=13180  L=0.0348  D=1.254
[regir_last] 14:58:25  548,863/1,000,000  10.2/s  upd=13184  L=0.0338  D=1.254
[regir_last] 14:58:35  549,142/1,000,000  10.2/s  upd=13187  L=0.0239  D=1.254
[regir_last] saved resume t_env=549,142
[regir_last] 14:58:46  549,142/1,000,000  10.2/s  upd=13192  L=0.0253  D=1.254
[regir_last] 14:58:59  549,480/1,000,000  10.2/s  upd=13195  L=0.0553  D=1.254
[regir_last] 14:59:09  549,480/1,000,000  10.2/s  upd=13200  L=0.0405  D=1.254
[regir_last] 14:59:20  549,785/1,000,000  10.2/s  upd=13203  L=0.0314  D=1.254
[regir_last] 14:59:30  549,785/1,000,000  10.2/s  upd=13208  L=0.0326  D=1.254
[regir_last] 14:59:41  550,095/1,000,000  10.2/s  upd=13210  L=0.0337  D=1.254
[regir_last] 14:59:51  550,095/1,000,000  10.2/s  upd=13215  L=0.0273  D=1.254
[regir_last] 15:00:01  550,095/1,000,000  10.2/s  upd=13216  L=0.0425  D=1.254
[regir_last] 15:00:12  550,391/1,000,000  10.2/s  upd=13219  L=0.0462  D=1.254
[regir_last] 15:00:23  550,391/1,000,000  10.2/s  upd=13222  L=0.0311  D=1.254
[regir_last] report refresh skipped: PermissionError
[regir_last] 15:00:33  550,391/1,000,000  10.2/s  upd=13224  L=0.0270  D=1.254
[regir_last] 15:00:43  550,742/1,000,000  10.2/s  upd=13228  L=0.0307  D=1.254
[regir_last] 15:00:53  550,742/1,000,000  10.2/s  upd=13232  L=0.0275  D=1.254
[regir_last] 15:01:03  550,742/1,000,000  10.2/s  upd=13232  L=0.0275  D=1.254
[regir_last] 15:01:13  551,092/1,000,000  10.2/s  upd=13237  L=0.0412  D=1.254
[regir_last] 15:01:24  551,092/1,000,000  10.2/s  upd=13240  L=0.0228  D=1.254
[regir_last] 15:01:34  551,092/1,000,000  10.2/s  upd=13240  L=0.0228  D=1.254
[regir_last] 15:01:46  551,431/1,000,000  10.2/s  upd=13245  L=0.0466  D=1.254
[regir_last] 15:01:56  551,431/1,000,000  10.2/s  upd=13248  L=0.0292  D=1.254
[regir_last] 15:02:08  551,731/1,000,000  10.2/s  upd=13249  L=0.0253  D=1.254
[regir_last] 15:02:19  551,731/1,000,000  10.2/s  upd=13256  L=0.0362  D=1.254
[regir_last] 15:02:29  551,731/1,000,000  10.2/s  upd=13256  L=0.0362  D=1.254
[regir_last] 15:02:39  552,026/1,000,000  10.2/s  upd=13262  L=0.0335  D=1.254
[regir_last] 15:02:51  552,323/1,000,000  10.2/s  upd=13265  L=0.0200  D=1.254
[regir_last] 15:03:01  552,323/1,000,000  10.2/s  upd=13268  L=0.0232  D=1.254
[regir_last] 15:03:11  552,323/1,000,000  10.2/s  upd=13272  L=0.0312  D=1.254
[regir_last] 15:03:23  552,631/1,000,000  10.2/s  upd=13274  L=0.0342  D=1.254
[regir_last] 15:03:36  552,631/1,000,000  10.2/s  upd=13279  L=0.0323  D=1.254
[regir_last] 15:03:47  552,924/1,000,000  10.2/s  upd=13281  L=0.0308  D=1.254
[regir_last] 15:03:59  552,924/1,000,000  10.2/s  upd=13287  L=0.0267  D=1.254
[regir_last] 15:04:11  553,214/1,000,000  10.2/s  upd=13289  L=0.0265  D=1.254
[regir_last] 15:04:23  553,214/1,000,000  10.2/s  upd=13293  L=0.0308  D=1.254
[regir_last] 15:04:35  553,214/1,000,000  10.2/s  upd=13296  L=0.0308  D=1.254
[regir_last] 15:04:46  553,560/1,000,000  10.2/s  upd=13299  L=0.0236  D=1.254
[regir_last] 15:04:59  553,560/1,000,000  10.2/s  upd=13303  L=0.0341  D=1.254
[regir_last] 15:05:09  553,560/1,000,000  10.2/s  upd=13304  L=0.0236  D=1.254
[regir_last] 15:05:20  553,951/1,000,000  10.2/s  upd=13308  L=0.0319  D=1.254
[regir_last] report refresh skipped: PermissionError
[regir_last] 15:05:30  553,951/1,000,000  10.2/s  upd=13312  L=0.0282  D=1.254
[regir_last] 15:05:41  554,270/1,000,000  10.2/s  upd=13314  L=0.0274  D=1.254
[regir_last] 15:05:51  554,270/1,000,000  10.2/s  upd=13320  L=0.0242  D=1.254
[regir_last] 15:06:02  554,512/1,000,000  10.2/s  upd=13322  L=0.0430  D=1.254
[regir_last] 15:06:12  554,512/1,000,000  10.2/s  upd=13328  L=0.0264  D=1.254
[regir_last] 15:06:22  554,810/1,000,000  10.2/s  upd=13334  L=0.0327  D=1.254
[regir_last] 15:06:34  555,130/1,000,000  10.2/s  upd=13337  L=0.0343  D=1.254
[regir_last] 15:06:45  555,130/1,000,000  10.2/s  upd=13344  L=0.0222  D=1.254
[regir_last] 15:06:56  555,506/1,000,000  10.2/s  upd=13347  L=0.0223  D=1.254
[regir_last] 15:07:07  555,822/1,000,000  10.2/s  upd=13353  L=0.0438  D=1.254
[regir_last] 15:07:17  555,822/1,000,000  10.2/s  upd=13360  L=0.0346  D=1.254
[regir_last] 15:07:28  556,144/1,000,000  10.2/s  upd=13364  L=0.0331  D=1.254
[regir_last] 15:07:38  556,456/1,000,000  10.2/s  upd=13369  L=0.0427  D=1.254
[regir_last] 15:07:50  556,456/1,000,000  10.2/s  upd=13376  L=0.0237  D=1.254
[regir_last] 15:08:00  556,754/1,000,000  10.2/s  upd=13379  L=0.0238  D=1.254
[regir_last] 15:08:10  556,754/1,000,000  10.2/s  upd=13384  L=0.0238  D=1.254
[regir_last] 15:08:21  557,027/1,000,000  10.2/s  upd=13392  L=0.0315  D=1.254
[regir_last] 15:08:31  557,290/1,000,000  10.2/s  upd=13395  L=0.0287  D=1.254
[regir_last] 15:08:42  557,290/1,000,000  10.2/s  upd=13400  L=0.0317  D=1.254
[regir_last] 15:08:53  557,613/1,000,000  10.2/s  upd=13406  L=0.0262  D=1.254
[regir_last] saved resume t_env=557,613
[regir_last] 15:09:03  557,613/1,000,000  10.2/s  upd=13408  L=0.0272  D=1.254
[regir_last] 15:09:14  557,908/1,000,000  10.2/s  upd=13413  L=0.0275  D=1.254
[regir_last] 15:09:25  558,233/1,000,000  10.2/s  upd=13419  L=0.0314  D=1.254
[regir_last] 15:09:35  558,233/1,000,000  10.2/s  upd=13424  L=0.0310  D=1.254
[regir_last] 15:09:46  558,545/1,000,000  10.2/s  upd=13430  L=0.0290  D=1.254
[regir_last] 15:09:57  558,812/1,000,000  10.2/s  upd=13434  L=0.0294  D=1.254
[regir_last] 15:10:08  558,812/1,000,000  10.2/s  upd=13439  L=0.0244  D=1.254
[regir_last] 15:10:18  559,150/1,000,000  10.2/s  upd=13443  L=0.0248  D=1.254
[regir_last] 15:10:30  559,150/1,000,000  10.2/s  upd=13448  L=0.0378  D=1.254
[regir_last] report refresh skipped: PermissionError
[regir_last] 15:10:40  559,466/1,000,000  10.2/s  upd=13452  L=0.0316  D=1.254
[regir_last] 15:10:52  559,786/1,000,000  10.2/s  upd=13457  L=0.0187  D=1.254
[regir_last] 15:11:02  559,786/1,000,000  10.2/s  upd=13461  L=0.0290  D=1.254
[regir_last] 15:11:12  560,027/1,000,000  10.2/s  upd=13466  L=0.0263  D=1.254
[regir_last] 15:11:23  560,027/1,000,000  10.2/s  upd=13470  L=0.0207  D=1.254
[regir_last] saved resume t_env=560,027
[regir_last] 15:11:48  560,027/1,000,000  10.2/s  upd=13472  L=0.0300  ev=0/100  D=1.254
[regir_last] 15:11:58  560,027/1,000,000  10.2/s  upd=13472  L=0.0300  ev=24/100  D=1.254
[regir_last] 15:12:08  560,027/1,000,000  10.2/s  upd=13472  L=0.0300  ev=47/100  D=1.254
[regir_last] 15:12:18  560,027/1,000,000  10.2/s  upd=13472  L=0.0300  ev=64/100  D=1.254
[regir_last] 15:12:28  560,027/1,000,000  10.2/s  upd=13472  L=0.0300  ev=80/100  D=1.254
[regir_last] 15:12:38  560,027/1,000,000  10.2/s  upd=13472  L=0.0300  ev=97/100  D=1.254
[regir_last] report refresh skipped: PermissionError
[regir_last] 15:12:48  560,027/1,000,000  10.2/s  upd=13472  L=0.0300  D=1.101
[regir_last] 15:12:59  560,387/1,000,000  10.2/s  upd=13478  L=0.0254  D=1.101
[regir_last] 15:13:09  560,726/1,000,000  10.2/s  upd=13482  L=0.0426  D=1.101
[regir_last] 15:13:19  560,726/1,000,000  10.2/s  upd=13488  L=0.0263  D=1.101
[regir_last] 15:13:29  561,041/1,000,000  10.2/s  upd=13494  L=0.0438  D=1.101
[regir_last] 15:13:40  561,041/1,000,000  10.2/s  upd=13496  L=0.0308  D=1.101
[regir_last] 15:13:50  561,305/1,000,000  10.2/s  upd=13504  L=0.0170  D=1.101
[regir_last] 15:14:01  561,642/1,000,000  10.2/s  upd=13505  L=0.0251  D=1.101
[regir_last] 15:14:11  561,642/1,000,000  10.2/s  upd=13512  L=0.0253  D=1.101
[regir_last] 15:14:22  561,911/1,000,000  10.2/s  upd=13516  L=0.0296  D=1.101
[regir_last] 15:14:32  561,911/1,000,000  10.2/s  upd=13520  L=0.0314  D=1.101
[regir_last] 15:14:42  562,190/1,000,000  10.2/s  upd=13523  L=0.0305  D=1.101
[regir_last] 15:14:53  562,190/1,000,000  10.2/s  upd=13527  L=0.0333  D=1.101
[regir_last] 15:15:03  562,190/1,000,000  10.2/s  upd=13528  L=0.0305  D=1.101
[regir_last] 15:15:13  562,479/1,000,000  10.2/s  upd=13531  L=0.0229  D=1.101
[regir_last] 15:15:24  562,479/1,000,000  10.2/s  upd=13536  L=0.0382  D=1.101
[regir_last] 15:15:35  562,813/1,000,000  10.2/s  upd=13537  L=0.0418  D=1.101
[regir_last] 15:15:46  562,813/1,000,000  10.2/s  upd=13541  L=0.0314  D=1.101
[regir_last] report refresh skipped: PermissionError
[regir_last] 15:15:56  562,813/1,000,000  10.2/s  upd=13544  L=0.0309  D=1.101
[regir_last] 15:16:07  563,127/1,000,000  10.2/s  upd=13545  L=0.0194  D=1.101
[regir_last] 15:16:18  563,127/1,000,000  10.2/s  upd=13549  L=0.0266  D=1.101
[regir_last] 15:16:28  563,127/1,000,000  10.2/s  upd=13552  L=0.0405  D=1.101
[regir_last] 15:16:38  563,426/1,000,000  10.2/s  upd=13557  L=0.0371  D=1.101
[regir_last] 15:16:49  563,426/1,000,000  10.2/s  upd=13560  L=0.0456  D=1.101
[regir_last] 15:16:59  563,740/1,000,000  10.2/s  upd=13561  L=0.0396  D=1.101
[regir_last] 15:17:09  563,740/1,000,000  10.2/s  upd=13568  L=0.0405  D=1.101
[regir_last] 15:17:21  564,103/1,000,000  10.2/s  upd=13569  L=0.0475  D=1.101
[regir_last] 15:17:34  564,103/1,000,000  10.2/s  upd=13573  L=0.0215  D=1.101
[regir_last] 15:17:44  564,103/1,000,000  10.2/s  upd=13576  L=0.0328  D=1.101
[regir_last] 15:17:57  564,396/1,000,000  10.2/s  upd=13580  L=0.0387  D=1.101
[regir_last] 15:18:08  564,396/1,000,000  10.2/s  upd=13584  L=0.0334  D=1.101
[regir_last] 15:18:18  564,396/1,000,000  10.2/s  upd=13584  L=0.0334  D=1.101
[regir_last] 15:18:30  564,736/1,000,000  10.2/s  upd=13588  L=0.0262  D=1.101
[regir_last] 15:18:40  564,736/1,000,000  10.2/s  upd=13592  L=0.0328  D=1.101
[regir_last] 15:18:51  565,003/1,000,000  10.2/s  upd=13594  L=0.0282  D=1.101
[regir_last] 15:19:01  565,003/1,000,000  10.2/s  upd=13600  L=0.0380  D=1.101
[regir_last] 15:19:13  565,286/1,000,000  10.2/s  upd=13603  L=0.0241  D=1.101
[regir_last] 15:19:25  565,286/1,000,000  10.2/s  upd=13607  L=0.0654  D=1.101
[regir_last] 15:19:37  565,612/1,000,000  10.3/s  upd=13609  L=0.0432  D=1.101
[regir_last] 15:19:47  565,612/1,000,000  10.2/s  upd=13612  L=0.0248  D=1.101
[regir_last] 15:19:57  565,612/1,000,000  10.2/s  upd=13616  L=0.0272  D=1.101
[regir_last] 15:20:08  565,988/1,000,000  10.3/s  upd=13617  L=0.0340  D=1.101
[regir_last] 15:20:20  565,988/1,000,000  10.2/s  upd=13623  L=0.0244  D=1.101
[regir_last] 15:20:30  565,988/1,000,000  10.2/s  upd=13624  L=0.0297  D=1.101
[regir_last] 15:20:41  566,313/1,000,000  10.3/s  upd=13630  L=0.0357  D=1.101
[regir_last] 15:20:51  566,613/1,000,000  10.3/s  upd=13634  L=0.0304  D=1.101
[regir_last] report refresh skipped: PermissionError
[regir_last] 15:21:01  566,613/1,000,000  10.3/s  upd=13640  L=0.0296  D=1.101
[regir_last] 15:21:11  566,889/1,000,000  10.3/s  upd=13645  L=0.0391  D=1.101
[regir_last] 15:21:21  566,889/1,000,000  10.3/s  upd=13648  L=0.0420  D=1.101
[regir_last] 15:21:32  567,174/1,000,000  10.3/s  upd=13655  L=0.0346  D=1.101
[regir_last] saved resume t_env=567,174
[regir_last] 15:21:42  567,498/1,000,000  10.3/s  upd=13658  L=0.0227  D=1.101
[regir_last] 15:21:52  567,498/1,000,000  10.3/s  upd=13664  L=0.0380  D=1.101
[regir_last] 15:22:03  567,757/1,000,000  10.3/s  upd=13669  L=0.0249  D=1.101
[regir_last] 15:22:14  568,041/1,000,000  10.3/s  upd=13675  L=0.0267  D=1.101
[regir_last] 15:22:25  568,268/1,000,000  10.3/s  upd=13681  L=0.0270  D=1.101
[regir_last] 15:22:35  568,268/1,000,000  10.3/s  upd=13688  L=0.0283  D=1.101
[regir_last] 15:22:46  568,591/1,000,000  10.3/s  upd=13694  L=0.0294  D=1.101
[regir_last] 15:22:57  568,892/1,000,000  10.3/s  upd=13698  L=0.0318  D=1.101
[regir_last] 15:23:07  568,892/1,000,000  10.3/s  upd=13704  L=0.0279  D=1.101
[regir_last] 15:23:17  569,175/1,000,000  10.3/s  upd=13707  L=0.0269  D=1.101
[regir_last] 15:23:29  569,493/1,000,000  10.3/s  upd=13714  L=0.0350  D=1.101
[regir_last] 15:23:40  569,786/1,000,000  10.3/s  upd=13721  L=0.0335  D=1.101
[regir_last] 15:23:50  570,177/1,000,000  10.3/s  upd=13729  L=0.0238  D=1.101
[regir_last] 15:24:00  570,177/1,000,000  10.3/s  upd=13736  L=0.0278  D=1.101
[regir_last] 15:24:10  570,488/1,000,000  10.3/s  upd=13744  L=0.0279  D=1.101
[regir_last] 15:24:20  570,799/1,000,000  10.3/s  upd=13752  L=0.0238  D=1.101
[regir_last] 15:24:31  571,117/1,000,000  10.3/s  upd=13759  L=0.0227  D=1.101
[regir_last] 15:24:42  571,401/1,000,000  10.3/s  upd=13768  L=0.0294  D=1.101
[regir_last] 15:24:52  571,680/1,000,000  10.3/s  upd=13775  L=0.0476  D=1.101
[regir_last] 15:25:03  571,985/1,000,000  10.3/s  upd=13782  L=0.0172  D=1.101
[regir_last] 15:25:15  572,334/1,000,000  10.3/s  upd=13785  L=0.0298  D=1.101
[regir_last] 15:25:26  572,334/1,000,000  10.3/s  upd=13792  L=0.0230  D=1.101
[regir_last] 15:25:36  572,630/1,000,000  10.3/s  upd=13795  L=0.0387  D=1.101
[regir_last] 15:25:46  572,630/1,000,000  10.3/s  upd=13800  L=0.0321  D=1.101
[regir_last] 15:25:57  572,913/1,000,000  10.3/s  upd=13803  L=0.0309  D=1.101
[regir_last] report refresh skipped: PermissionError
[regir_last] 15:26:07  572,913/1,000,000  10.3/s  upd=13808  L=0.0255  D=1.101
[regir_last] 15:26:18  573,212/1,000,000  10.3/s  upd=13812  L=0.0277  D=1.101
[regir_last] 15:26:28  573,212/1,000,000  10.3/s  upd=13816  L=0.0275  D=1.101
[regir_last] 15:26:40  573,520/1,000,000  10.3/s  upd=13821  L=0.0448  D=1.101
[regir_last] 15:26:50  573,810/1,000,000  10.3/s  upd=13825  L=0.0246  D=1.101
[regir_last] 15:27:00  573,810/1,000,000  10.3/s  upd=13832  L=0.0344  D=1.101
[regir_last] 15:27:11  574,120/1,000,000  10.3/s  upd=13836  L=0.0239  D=1.101
[regir_last] 15:27:21  574,383/1,000,000  10.3/s  upd=13841  L=0.0295  D=1.101
[regir_last] 15:27:31  574,383/1,000,000  10.3/s  upd=13845  L=0.0298  D=1.101
[regir_last] 15:27:45  574,691/1,000,000  10.3/s  upd=13852  L=0.0226  D=1.101
[regir_last] 15:27:56  575,024/1,000,000  10.3/s  upd=13859  L=0.0235  D=1.101
[regir_last] 15:28:06  575,024/1,000,000  10.3/s  upd=13864  L=0.0353  D=1.101
[regir_last] 15:28:17  575,318/1,000,000  10.3/s  upd=13871  L=0.0278  D=1.101
[regir_last] 15:28:27  575,613/1,000,000  10.3/s  upd=13876  L=0.0286  D=1.101
[regir_last] 15:28:38  575,613/1,000,000  10.3/s  upd=13880  L=0.0288  D=1.101
[regir_last] 15:28:49  575,873/1,000,000  10.3/s  upd=13886  L=0.0258  D=1.101
[regir_last] 15:29:00  576,254/1,000,000  10.3/s  upd=13891  L=0.0211  D=1.101
[regir_last] 15:29:10  576,254/1,000,000  10.3/s  upd=13896  L=0.0340  D=1.101
[regir_last] 15:29:20  576,572/1,000,000  10.3/s  upd=13903  L=0.0293  D=1.101
[regir_last] 15:29:31  576,934/1,000,000  10.3/s  upd=13908  L=0.0207  D=1.101
[regir_last] 15:29:41  577,227/1,000,000  10.3/s  upd=13914  L=0.0244  D=1.101
[regir_last] 15:29:52  577,512/1,000,000  10.4/s  upd=13921  L=0.0355  D=1.101
[regir_last] 15:30:02  577,512/1,000,000  10.3/s  upd=13928  L=0.0290  D=1.101
[regir_last] 15:30:15  577,802/1,000,000  10.4/s  upd=13933  L=0.0258  D=1.101
[regir_last] 15:30:26  578,050/1,000,000  10.4/s  upd=13937  L=0.0196  D=1.101
[regir_last] 15:30:37  578,050/1,000,000  10.4/s  upd=13944  L=0.0299  D=1.101
[regir_last] 15:30:48  578,306/1,000,000  10.4/s  upd=13949  L=0.0396  D=1.101
[regir_last] 15:30:58  578,306/1,000,000  10.4/s  upd=13952  L=0.0287  D=1.101
[regir_last] 15:31:08  578,624/1,000,000  10.4/s  upd=13956  L=0.0357  D=1.101
[regir_last] report refresh skipped: PermissionError
[regir_last] 15:31:18  578,624/1,000,000  10.4/s  upd=13960  L=0.0255  D=1.101
[regir_last] 15:31:29  578,938/1,000,000  10.4/s  upd=13967  L=0.0208  D=1.101
[regir_last] 15:31:40  579,211/1,000,000  10.4/s  upd=13971  L=0.0221  D=1.101
[regir_last] saved resume t_env=579,211
[regir_last] 15:31:52  579,211/1,000,000  10.4/s  upd=13976  L=0.0248  D=1.101
[regir_last] 15:32:02  579,505/1,000,000  10.4/s  upd=13979  L=0.0159  D=1.101
[regir_last] 15:32:13  579,505/1,000,000  10.4/s  upd=13984  L=0.0197  D=1.101
[regir_last] 15:32:24  579,783/1,000,000  10.4/s  upd=13989  L=0.0277  D=1.101
[regir_last] 15:32:34  579,783/1,000,000  10.4/s  upd=13992  L=0.0236  D=1.101
[regir_last] saved resume t_env=580,117
[regir_last] 15:33:05  580,117/1,000,000  10.4/s  upd=14000  L=0.0302  ev=0/100  D=1.101
[regir_last] 15:33:15  580,117/1,000,000  10.4/s  upd=14000  L=0.0302  ev=15/100  D=1.101
[regir_last] 15:33:25  580,117/1,000,000  10.4/s  upd=14000  L=0.0302  ev=40/100  D=1.101
[regir_last] 15:33:35  580,117/1,000,000  10.4/s  upd=14000  L=0.0302  ev=53/100  D=1.101
[regir_last] 15:33:45  580,117/1,000,000  10.4/s  upd=14000  L=0.0302  ev=68/100  D=1.101
[regir_last] 15:33:55  580,117/1,000,000  10.4/s  upd=14000  L=0.0302  ev=97/100  D=1.101
[regir_last] report refresh skipped: PermissionError
[regir_last] 15:34:06  580,394/1,000,000  10.4/s  upd=14006  L=0.0314  D=1.269
[regir_last] 15:34:16  580,734/1,000,000  10.4/s  upd=14011  L=0.0281  D=1.269
[regir_last] 15:34:27  580,734/1,000,000  10.4/s  upd=14016  L=0.0446  D=1.269
[regir_last] 15:34:37  580,976/1,000,000  10.4/s  upd=14022  L=0.0400  D=1.269
[regir_last] 15:34:48  581,293/1,000,000  10.4/s  upd=14027  L=0.0185  D=1.269
[regir_last] 15:34:59  581,619/1,000,000  10.4/s  upd=14033  L=0.0288  D=1.269
[regir_last] 15:35:10  581,619/1,000,000  10.4/s  upd=14038  L=0.0448  D=1.269
[regir_last] 15:35:21  581,919/1,000,000  10.4/s  upd=14045  L=0.0458  D=1.269
[regir_last] 15:35:31  581,919/1,000,000  10.4/s  upd=14048  L=0.0224  D=1.269
[regir_last] 15:35:41  582,264/1,000,000  10.4/s  upd=14056  L=0.0209  D=1.269
[regir_last] 15:35:51  582,547/1,000,000  10.4/s  upd=14060  L=0.0240  D=1.269
[regir_last] 15:36:01  582,547/1,000,000  10.4/s  upd=14064  L=0.0241  D=1.269
[regir_last] 15:36:13  582,834/1,000,000  10.4/s  upd=14072  L=0.0265  D=1.269
[regir_last] 15:36:23  583,163/1,000,000  10.4/s  upd=14075  L=0.0206  D=1.269
[regir_last] report refresh skipped: PermissionError
[regir_last] 15:36:33  583,163/1,000,000  10.4/s  upd=14080  L=0.0319  D=1.269
[regir_last] 15:36:44  583,470/1,000,000  10.4/s  upd=14086  L=0.0230  D=1.269
[regir_last] 15:36:54  583,730/1,000,000  10.4/s  upd=14091  L=0.0223  D=1.269
[regir_last] 15:37:04  583,730/1,000,000  10.4/s  upd=14096  L=0.0303  D=1.269
[regir_last] 15:37:15  584,061/1,000,000  10.4/s  upd=14101  L=0.0156  D=1.269
[regir_last] 15:37:26  584,418/1,000,000  10.4/s  upd=14105  L=0.0244  D=1.269
[regir_last] 15:37:37  584,418/1,000,000  10.4/s  upd=14112  L=0.0415  D=1.269
[regir_last] 15:37:48  584,734/1,000,000  10.4/s  upd=14116  L=0.0399  D=1.269
[regir_last] 15:37:58  585,066/1,000,000  10.4/s  upd=14121  L=0.0368  D=1.269
[regir_last] 15:38:09  585,066/1,000,000  10.4/s  upd=14128  L=0.0229  D=1.269
[regir_last] 15:38:20  585,376/1,000,000  10.4/s  upd=14133  L=0.0242  D=1.269
[regir_last] 15:38:30  585,376/1,000,000  10.4/s  upd=14136  L=0.0298  D=1.269
[regir_last] 15:38:40  585,720/1,000,000  10.4/s  upd=14143  L=0.0266  D=1.269
[regir_last] 15:38:51  586,015/1,000,000  10.4/s  upd=14148  L=0.0268  D=1.269
[regir_last] 15:39:01  586,306/1,000,000  10.4/s  upd=14155  L=0.0229  D=1.269
[regir_last] 15:39:11  586,306/1,000,000  10.4/s  upd=14160  L=0.0272  D=1.269
[regir_last] 15:39:23  586,608/1,000,000  10.4/s  upd=14164  L=0.0320  D=1.269
[regir_last] 15:39:34  586,861/1,000,000  10.4/s  upd=14170  L=0.0225  D=1.269
[regir_last] 15:39:44  586,861/1,000,000  10.4/s  upd=14176  L=0.0228  D=1.269
[regir_last] 15:39:54  587,154/1,000,000  10.4/s  upd=14178  L=0.0285  D=1.269
[regir_last] 15:40:04  587,154/1,000,000  10.4/s  upd=14184  L=0.0199  D=1.269
[regir_last] 15:40:15  587,406/1,000,000  10.4/s  upd=14188  L=0.0297  D=1.269
[regir_last] 15:40:25  587,406/1,000,000  10.4/s  upd=14192  L=0.0293  D=1.269
[regir_last] 15:40:35  587,737/1,000,000  10.4/s  upd=14199  L=0.0325  D=1.269
[regir_last] 15:40:47  588,074/1,000,000  10.4/s  upd=14203  L=0.0291  D=1.269
[regir_last] 15:40:58  588,074/1,000,000  10.4/s  upd=14208  L=0.0341  D=1.269
[regir_last] 15:41:08  588,397/1,000,000  10.4/s  upd=14214  L=0.0346  D=1.269
[regir_last] 15:41:20  588,744/1,000,000  10.4/s  upd=14219  L=0.0194  D=1.269
[regir_last] 15:41:30  588,744/1,000,000  10.4/s  upd=14224  L=0.0330  D=1.269
[regir_last] 15:41:40  589,023/1,000,000  10.4/s  upd=14230  L=0.0266  D=1.269
[regir_last] report refresh skipped: PermissionError
[regir_last] 15:41:51  589,319/1,000,000  10.4/s  upd=14234  L=0.0243  D=1.269
[regir_last] 15:42:01  589,319/1,000,000  10.4/s  upd=14240  L=0.0228  D=1.269
[regir_last] 15:42:12  589,678/1,000,000  10.4/s  upd=14245  L=0.0402  D=1.269
[regir_last] 15:42:26  590,014/1,000,000  10.4/s  upd=14250  L=0.0278  D=1.269
[regir_last] 15:42:38  590,014/1,000,000  10.4/s  upd=14256  L=0.0276  D=1.269
[regir_last] 15:42:49  590,273/1,000,000  10.4/s  upd=14261  L=0.0289  D=1.269
[regir_last] saved resume t_env=590,273
[regir_last] 15:42:59  590,273/1,000,000  10.4/s  upd=14264  L=0.0341  D=1.269
[regir_last] 15:43:10  590,578/1,000,000  10.4/s  upd=14270  L=0.0341  D=1.269
[regir_last] 15:43:22  590,835/1,000,000  10.4/s  upd=14277  L=0.0227  D=1.269
[regir_last] 15:43:33  591,194/1,000,000  10.4/s  upd=14282  L=0.0386  D=1.269
[regir_last] 15:43:43  591,194/1,000,000  10.4/s  upd=14288  L=0.0200  D=1.269
[regir_last] 15:43:53  591,461/1,000,000  10.4/s  upd=14295  L=0.0250  D=1.269
[regir_last] 15:44:04  591,808/1,000,000  10.4/s  upd=14299  L=0.0201  D=1.269
[regir_last] 15:44:14  591,808/1,000,000  10.4/s  upd=14304  L=0.0221  D=1.269
[regir_last] 15:44:25  592,065/1,000,000  10.4/s  upd=14309  L=0.0247  D=1.269
[regir_last] 15:44:36  592,366/1,000,000  10.5/s  upd=14314  L=0.0255  D=1.269
[regir_last] 15:44:46  592,366/1,000,000  10.4/s  upd=14320  L=0.0298  D=1.269
[regir_last] 15:44:57  592,638/1,000,000  10.5/s  upd=14325  L=0.0273  D=1.269
[regir_last] 15:45:08  592,896/1,000,000  10.5/s  upd=14332  L=0.0408  D=1.269
[regir_last] 15:45:18  593,223/1,000,000  10.5/s  upd=14338  L=0.0470  D=1.269
[regir_last] 15:45:28  593,537/1,000,000  10.5/s  upd=14349  L=0.0399  D=1.269
[regir_last] 15:45:39  594,095/1,000,000  10.5/s  upd=14361  L=0.0206  D=1.269
[regir_last] 15:45:49  594,408/1,000,000  10.5/s  upd=14373  L=0.0295  D=1.269
[regir_last] 15:46:01  594,731/1,000,000  10.5/s  upd=14381  L=0.0359  D=1.269
[regir_last] 15:46:11  595,011/1,000,000  10.5/s  upd=14389  L=0.0256  D=1.269
[regir_last] 15:46:21  595,299/1,000,000  10.5/s  upd=14396  L=0.0259  D=1.269
[regir_last] 15:46:33  595,580/1,000,000  10.5/s  upd=14404  L=0.0444  D=1.269
[regir_last] 15:46:43  595,887/1,000,000  10.5/s  upd=14412  L=0.0271  D=1.269
[regir_last] report refresh skipped: PermissionError
[regir_last] 15:46:53  595,887/1,000,000  10.5/s  upd=14416  L=0.0443  D=1.269
[regir_last] 15:47:04  596,188/1,000,000  10.5/s  upd=14421  L=0.0424  D=1.269
[regir_last] 15:47:15  596,495/1,000,000  10.5/s  upd=14425  L=0.0215  D=1.269
[regir_last] 15:47:25  596,495/1,000,000  10.5/s  upd=14432  L=0.0243  D=1.269
[regir_last] 15:47:35  596,780/1,000,000  10.5/s  upd=14438  L=0.0235  D=1.269
[regir_last] 15:47:46  597,101/1,000,000  10.5/s  upd=14442  L=0.0321  D=1.269
[regir_last] 15:47:56  597,101/1,000,000  10.5/s  upd=14448  L=0.0322  D=1.269
[regir_last] 15:48:07  597,394/1,000,000  10.5/s  upd=14451  L=0.0485  D=1.269
[regir_last] 15:48:18  597,717/1,000,000  10.5/s  upd=14457  L=0.0289  D=1.269
[regir_last] 15:48:30  597,717/1,000,000  10.5/s  upd=14463  L=0.0253  D=1.269
[regir_last] 15:48:40  598,019/1,000,000  10.5/s  upd=14469  L=0.0163  D=1.269
[regir_last] 15:48:50  598,019/1,000,000  10.5/s  upd=14472  L=0.0259  D=1.269
[regir_last] 15:49:01  598,380/1,000,000  10.5/s  upd=14479  L=0.0235  D=1.269
[regir_last] 15:49:12  598,680/1,000,000  10.5/s  upd=14481  L=0.0442  D=1.269
[regir_last] 15:49:26  598,965/1,000,000  10.5/s  upd=14489  L=0.0280  D=1.269
[regir_last] 15:49:37  598,965/1,000,000  10.5/s  upd=14496  L=0.0365  D=1.269
[regir_last] 15:49:48  599,264/1,000,000  10.5/s  upd=14500  L=0.0477  D=1.269
[regir_last] 15:50:00  599,558/1,000,000  10.5/s  upd=14506  L=0.0222  D=1.269
[regir_last] 15:50:10  599,558/1,000,000  10.5/s  upd=14512  L=0.0218  D=1.269
[regir_last] 15:50:21  599,843/1,000,000  10.5/s  upd=14519  L=0.0170  D=1.269
[regir_last] 15:50:33  600,152/1,000,000  10.5/s  upd=14522  L=0.0350  D=1.269
[regir_last] saved resume t_env=600,152
[regir_last] 15:51:04  600,152/1,000,000  10.5/s  upd=14528  L=0.0386  ev=0/100  D=1.269
[regir_last] 15:51:14  600,152/1,000,000  10.5/s  upd=14528  L=0.0386  ev=8/100  D=1.269
[regir_last] 15:51:24  600,152/1,000,000  10.5/s  upd=14528  L=0.0386  ev=30/100  D=1.269
[regir_last] 15:51:34  600,152/1,000,000  10.5/s  upd=14528  L=0.0386  ev=48/100  D=1.269
[regir_last] 15:51:44  600,152/1,000,000  10.5/s  upd=14528  L=0.0386  ev=64/100  D=1.269
[regir_last] 15:51:54  600,152/1,000,000  10.5/s  upd=14528  L=0.0386  ev=80/100  D=1.269
[regir_last] report refresh skipped: PermissionError
[regir_last] report refresh skipped: PermissionError
[regir_last] 15:52:04  600,152/1,000,000  10.5/s  upd=14528  L=0.0386  D=1.010
[regir_last] 15:52:14  600,451/1,000,000  10.5/s  upd=14532  L=0.0170  D=1.010
[regir_last] 15:52:25  600,713/1,000,000  10.5/s  upd=14537  L=0.0179  D=1.010
[regir_last] 15:52:36  600,713/1,000,000  10.5/s  upd=14543  L=0.0242  D=1.010
[regir_last] 15:52:47  601,006/1,000,000  10.5/s  upd=14551  L=0.0342  D=1.010
[regir_last] 15:52:58  601,262/1,000,000  10.5/s  upd=14553  L=0.0332  D=1.010
[regir_last] 15:53:08  601,262/1,000,000  10.5/s  upd=14560  L=0.0252  D=1.010
[regir_last] 15:53:19  601,596/1,000,000  10.5/s  upd=14564  L=0.0187  D=1.010
[regir_last] 15:53:29  601,596/1,000,000  10.5/s  upd=14568  L=0.0463  D=1.010
[regir_last] 15:53:39  601,906/1,000,000  10.5/s  upd=14576  L=0.0303  D=1.010
[regir_last] 15:53:49  602,216/1,000,000  10.5/s  upd=14582  L=0.0201  D=1.010
[regir_last] 15:54:00  602,539/1,000,000  10.5/s  upd=14585  L=0.0272  D=1.010
[regir_last] 15:54:10  602,539/1,000,000  10.5/s  upd=14592  L=0.0206  D=1.010
[regir_last] 15:54:20  602,852/1,000,000  10.5/s  upd=14598  L=0.0296  D=1.010
[regir_last] 15:54:31  603,173/1,000,000  10.5/s  upd=14602  L=0.0262  D=1.010
[regir_last] 15:54:41  603,173/1,000,000  10.5/s  upd=14608  L=0.0383  D=1.010
[regir_last] 15:54:51  603,521/1,000,000  10.5/s  upd=14615  L=0.0239  D=1.010
[regir_last] 15:55:02  603,875/1,000,000  10.5/s  upd=14618  L=0.0217  D=1.010
[regir_last] 15:55:12  604,145/1,000,000  10.5/s  upd=14625  L=0.0231  D=1.010
[regir_last] 15:55:24  604,145/1,000,000  10.5/s  upd=14632  L=0.0238  D=1.010
[regir_last] 15:55:34  604,420/1,000,000  10.5/s  upd=14636  L=0.0179  D=1.010
[regir_last] 15:55:45  604,420/1,000,000  10.5/s  upd=14640  L=0.0234  D=1.010
[regir_last] 15:55:55  604,705/1,000,000  10.5/s  upd=14645  L=0.0223  D=1.010
[regir_last] 15:56:06  605,084/1,000,000  10.5/s  upd=14649  L=0.0224  D=1.010
[regir_last] 15:56:16  605,084/1,000,000  10.5/s  upd=14656  L=0.0238  D=1.010
[regir_last] 15:56:26  605,358/1,000,000  10.5/s  upd=14662  L=0.0219  D=1.010
[regir_last] 15:56:39  605,697/1,000,000  10.6/s  upd=14668  L=0.0262  D=1.010
[regir_last] 15:56:49  605,697/1,000,000  10.6/s  upd=14672  L=0.0295  D=1.010
[regir_last] 15:56:59  605,979/1,000,000  10.6/s  upd=14680  L=0.0224  D=1.010
[regir_last] 15:57:09  606,247/1,000,000  10.6/s  upd=14685  L=0.0242  D=1.010
[regir_last] report refresh skipped: PermissionError
[regir_last] 15:57:22  606,546/1,000,000  10.6/s  upd=14691  L=0.0312  D=1.010
[regir_last] 15:57:32  606,546/1,000,000  10.6/s  upd=14696  L=0.0225  D=1.010
[regir_last] 15:57:42  606,840/1,000,000  10.6/s  upd=14704  L=0.0193  D=1.010
[regir_last] 15:57:52  607,136/1,000,000  10.6/s  upd=14708  L=0.0216  D=1.010
[regir_last] 15:58:03  607,485/1,000,000  10.6/s  upd=14714  L=0.0230  D=1.010
[regir_last] 15:58:13  607,777/1,000,000  10.6/s  upd=14724  L=0.0233  D=1.010
[regir_last] 15:58:23  607,777/1,000,000  10.6/s  upd=14728  L=0.0214  D=1.010
[regir_last] 15:58:33  608,134/1,000,000  10.6/s  upd=14736  L=0.0303  D=1.010
[regir_last] 15:58:44  608,405/1,000,000  10.6/s  upd=14741  L=0.0337  D=1.010
[regir_last] 15:58:56  608,694/1,000,000  10.6/s  upd=14748  L=0.0225  D=1.010
[regir_last] 15:59:07  608,995/1,000,000  10.6/s  upd=14753  L=0.0385  D=1.010
[regir_last] 15:59:17  608,995/1,000,000  10.6/s  upd=14760  L=0.0259  D=1.010
[regir_last] 15:59:28  609,289/1,000,000  10.6/s  upd=14767  L=0.0331  D=1.010
[regir_last] 15:59:38  609,587/1,000,000  10.6/s  upd=14775  L=0.0159  D=1.010
[regir_last] 15:59:49  609,857/1,000,000  10.6/s  upd=14779  L=0.0250  D=1.010
[regir_last] 15:59:59  609,857/1,000,000  10.6/s  upd=14784  L=0.0319  D=1.010
[regir_last] 16:00:09  610,145/1,000,000  10.6/s  upd=14789  L=0.0211  D=1.010
[regir_last] 16:00:19  610,145/1,000,000  10.6/s  upd=14792  L=0.0201  D=1.010
[regir_last] 16:00:31  610,558/1,000,000  10.6/s  upd=14798  L=0.0230  D=1.010
[regir_last] 16:00:43  610,862/1,000,000  10.6/s  upd=14803  L=0.0286  D=1.010
[regir_last] saved resume t_env=610,862
[regir_last] 16:00:54  610,862/1,000,000  10.6/s  upd=14808  L=0.0169  D=1.010
[regir_last] 16:01:06  611,162/1,000,000  10.6/s  upd=14812  L=0.0212  D=1.010
[regir_last] 16:01:17  611,480/1,000,000  10.6/s  upd=14817  L=0.0299  D=1.010
[regir_last] 16:01:27  611,480/1,000,000  10.6/s  upd=14823  L=0.0262  D=1.010
[regir_last] 16:01:38  611,755/1,000,000  10.6/s  upd=14828  L=0.0240  D=1.010
[regir_last] 16:01:48  611,755/1,000,000  10.6/s  upd=14832  L=0.0237  D=1.010
[regir_last] 16:01:59  612,062/1,000,000  10.6/s  upd=14840  L=0.0266  D=1.010
[regir_last] 16:02:09  612,352/1,000,000  10.6/s  upd=14843  L=0.0339  D=1.010
[regir_last] report refresh skipped: PermissionError
[regir_last] 16:02:19  612,352/1,000,000  10.6/s  upd=14848  L=0.0300  D=1.010
[regir_last] 16:02:30  612,693/1,000,000  10.6/s  upd=14856  L=0.0317  D=1.010
[regir_last] 16:02:40  613,057/1,000,000  10.6/s  upd=14860  L=0.0300  D=1.010
[regir_last] 16:02:50  613,057/1,000,000  10.6/s  upd=14864  L=0.0364  D=1.010
[regir_last] 16:03:01  613,394/1,000,000  10.6/s  upd=14870  L=0.0196  D=1.010
[regir_last] 16:03:14  613,701/1,000,000  10.6/s  upd=14874  L=0.0300  D=1.010
[regir_last] 16:03:25  614,020/1,000,000  10.6/s  upd=14882  L=0.0177  D=1.010
[regir_last] 16:03:35  614,020/1,000,000  10.6/s  upd=14887  L=0.0321  D=1.010
[regir_last] 16:03:46  614,303/1,000,000  10.6/s  upd=14894  L=0.0272  D=1.010
[regir_last] 16:03:56  614,630/1,000,000  10.6/s  upd=14898  L=0.0287  D=1.010
[regir_last] 16:04:06  614,630/1,000,000  10.6/s  upd=14904  L=0.0198  D=1.010
[regir_last] 16:04:17  614,962/1,000,000  10.6/s  upd=14909  L=0.0243  D=1.010
[regir_last] 16:04:27  615,269/1,000,000  10.6/s  upd=14915  L=0.0314  D=1.010
[regir_last] 16:04:38  615,269/1,000,000  10.6/s  upd=14920  L=0.0346  D=1.010
[regir_last] 16:04:50  615,579/1,000,000  10.6/s  upd=14925  L=0.0234  D=1.010
[regir_last] 16:05:01  615,889/1,000,000  10.6/s  upd=14933  L=0.0171  D=1.010
[regir_last] 16:05:12  616,189/1,000,000  10.6/s  upd=14940  L=0.0242  D=1.010
[regir_last] 16:05:22  616,510/1,000,000  10.6/s  upd=14948  L=0.0266  D=1.010
[regir_last] 16:05:33  616,800/1,000,000  10.6/s  upd=14957  L=0.0207  D=1.010
[regir_last] 16:05:43  617,168/1,000,000  10.7/s  upd=14965  L=0.0209  D=1.010
[regir_last] 16:05:54  617,439/1,000,000  10.7/s  upd=14972  L=0.0201  D=1.010
[regir_last] 16:06:04  617,710/1,000,000  10.7/s  upd=14981  L=0.0208  D=1.010
[regir_last] 16:06:15  618,076/1,000,000  10.7/s  upd=14988  L=0.0416  D=1.010
[regir_last] 16:06:25  618,344/1,000,000  10.7/s  upd=14994  L=0.0371  D=1.010
[regir_last] 16:06:36  618,344/1,000,000  10.7/s  upd=15000  L=0.0241  D=1.010
[regir_last] 16:06:47  618,667/1,000,000  10.7/s  upd=15004  L=0.0208  D=1.010
[regir_last] 16:06:58  618,956/1,000,000  10.7/s  upd=15011  L=0.0367  D=1.010
[regir_last] 16:07:08  618,956/1,000,000  10.7/s  upd=15016  L=0.0196  D=1.010
[regir_last] 16:07:18  619,250/1,000,000  10.7/s  upd=15023  L=0.0271  D=1.010
[regir_last] report refresh skipped: PermissionError
[regir_last] 16:07:28  619,525/1,000,000  10.7/s  upd=15027  L=0.0201  D=1.010
[regir_last] 16:07:39  619,831/1,000,000  10.7/s  upd=15033  L=0.0258  D=1.010
[regir_last] 16:07:49  619,831/1,000,000  10.7/s  upd=15038  L=0.0309  D=1.010
[regir_last] 16:08:00  620,144/1,000,000  10.7/s  upd=15044  L=0.0217  D=1.010
[regir_last] saved resume t_env=620,144
[regir_last] 16:08:28  620,144/1,000,000  10.7/s  upd=15048  L=0.0208  ev=0/100  D=1.010
[regir_last] 16:08:38  620,144/1,000,000  10.7/s  upd=15048  L=0.0208  ev=14/100  D=1.010
[regir_last] 16:08:49  620,144/1,000,000  10.7/s  upd=15048  L=0.0208  ev=21/100  D=1.010
[regir_last] 16:08:59  620,144/1,000,000  10.7/s  upd=15048  L=0.0208  ev=40/100  D=1.010
[regir_last] 16:09:09  620,144/1,000,000  10.7/s  upd=15048  L=0.0208  ev=56/100  D=1.010
[regir_last] 16:09:19  620,144/1,000,000  10.7/s  upd=15048  L=0.0208  ev=71/100  D=1.010
[regir_last] 16:09:29  620,144/1,000,000  10.7/s  upd=15048  L=0.0208  ev=82/100  D=1.010
[regir_last] 16:09:39  620,144/1,000,000  10.7/s  upd=15048  L=0.0208  ev=96/100  D=1.010
[regir_last] report refresh skipped: PermissionError
[regir_last] 16:09:50  620,436/1,000,000  10.7/s  upd=15050  L=0.0160  D=0.988
[regir_last] 16:10:01  620,710/1,000,000  10.7/s  upd=15057  L=0.0184  D=0.988
[regir_last] 16:10:12  620,710/1,000,000  10.7/s  upd=15064  L=0.0222  D=0.988
[regir_last] 16:10:23  621,023/1,000,000  10.7/s  upd=15069  L=0.0253  D=0.988
[regir_last] 16:10:33  621,319/1,000,000  10.7/s  upd=15075  L=0.0282  D=0.988
[regir_last] 16:10:43  621,319/1,000,000  10.7/s  upd=15080  L=0.0255  D=0.988
[regir_last] 16:10:53  621,697/1,000,000  10.7/s  upd=15086  L=0.0255  D=0.988
[regir_last] 16:11:05  622,042/1,000,000  10.7/s  upd=15090  L=0.0300  D=0.988
[regir_last] 16:11:15  622,042/1,000,000  10.7/s  upd=15096  L=0.0279  D=0.988
[regir_last] 16:11:27  622,369/1,000,000  10.7/s  upd=15099  L=0.0215  D=0.988
[regir_last] 16:11:38  622,645/1,000,000  10.7/s  upd=15106  L=0.0245  D=0.988
[regir_last] 16:11:48  622,645/1,000,000  10.7/s  upd=15112  L=0.0237  D=0.988
[regir_last] 16:12:00  622,979/1,000,000  10.7/s  upd=15117  L=0.0280  D=0.988
[regir_last] 16:12:10  623,294/1,000,000  10.7/s  upd=15122  L=0.0337  D=0.988
[regir_last] 16:12:21  623,294/1,000,000  10.7/s  upd=15128  L=0.0281  D=0.988
[regir_last] report refresh skipped: PermissionError
[regir_last] 16:12:31  623,588/1,000,000  10.7/s  upd=15133  L=0.0252  D=0.988
[regir_last] 16:12:42  623,826/1,000,000  10.7/s  upd=15140  L=0.0310  D=0.988
[regir_last] 16:12:53  624,102/1,000,000  10.7/s  upd=15147  L=0.0307  D=0.988
[regir_last] 16:13:03  624,102/1,000,000  10.7/s  upd=15152  L=0.0241  D=0.988
[regir_last] 16:13:13  624,366/1,000,000  10.7/s  upd=15157  L=0.0204  D=0.988
[regir_last] 16:13:23  624,717/1,000,000  10.7/s  upd=15164  L=0.0379  D=0.988
[regir_last] 16:13:34  624,717/1,000,000  10.7/s  upd=15168  L=0.0314  D=0.988
[regir_last] 16:13:45  625,053/1,000,000  10.7/s  upd=15175  L=0.0434  D=0.988
[regir_last] 16:13:55  625,340/1,000,000  10.7/s  upd=15179  L=0.0215  D=0.988
[regir_last] 16:14:06  625,650/1,000,000  10.7/s  upd=15185  L=0.0260  D=0.988
[regir_last] 16:14:16  625,650/1,000,000  10.7/s  upd=15192  L=0.0297  D=0.988
[regir_last] 16:14:26  625,975/1,000,000  10.7/s  upd=15195  L=0.0318  D=0.988
[regir_last] 16:14:36  626,272/1,000,000  10.7/s  upd=15200  L=0.0209  D=0.988
[regir_last] 16:14:46  626,272/1,000,000  10.7/s  upd=15208  L=0.0185  D=0.988
[regir_last] 16:14:56  626,573/1,000,000  10.7/s  upd=15216  L=0.0202  D=0.988
[regir_last] 16:15:08  626,849/1,000,000  10.7/s  upd=15220  L=0.0216  D=0.988
[regir_last] 16:15:18  627,124/1,000,000  10.7/s  upd=15225  L=0.0233  D=0.988
[regir_last] 16:15:28  627,124/1,000,000  10.7/s  upd=15232  L=0.0184  D=0.988
[regir_last] 16:15:39  627,440/1,000,000  10.7/s  upd=15237  L=0.0282  D=0.988
[regir_last] 16:15:49  627,440/1,000,000  10.7/s  upd=15240  L=0.0320  D=0.988
[regir_last] 16:15:59  627,726/1,000,000  10.7/s  upd=15248  L=0.0208  D=0.988
[regir_last] 16:16:09  627,991/1,000,000  10.7/s  upd=15251  L=0.0219  D=0.988
[regir_last] 16:16:20  628,252/1,000,000  10.7/s  upd=15257  L=0.0257  D=0.988
[regir_last] 16:16:30  628,252/1,000,000  10.7/s  upd=15264  L=0.0308  D=0.988
[regir_last] 16:16:42  628,554/1,000,000  10.7/s  upd=15269  L=0.0418  D=0.988
[regir_last] 16:16:53  628,856/1,000,000  10.7/s  upd=15273  L=0.0263  D=0.988
[regir_last] 16:17:04  628,856/1,000,000  10.7/s  upd=15280  L=0.0230  D=0.988
[regir_last] 16:17:15  629,149/1,000,000  10.7/s  upd=15286  L=0.0361  D=0.988
[regir_last] 16:17:26  629,445/1,000,000  10.7/s  upd=15290  L=0.0283  D=0.988
[regir_last] 16:17:39  629,445/1,000,000  10.7/s  upd=15294  L=0.0236  D=0.988
[regir_last] report refresh skipped: PermissionError
[regir_last] 16:17:50  629,780/1,000,000  10.7/s  upd=15299  L=0.0269  D=0.988
[regir_last] 16:18:00  629,780/1,000,000  10.7/s  upd=15304  L=0.0320  D=0.988
[regir_last] 16:18:11  630,148/1,000,000  10.7/s  upd=15310  L=0.0249  D=0.988
[regir_last] saved resume t_env=630,148
[regir_last] 16:18:23  630,454/1,000,000  10.7/s  upd=15313  L=0.0238  D=0.988
[regir_last] 16:18:33  630,454/1,000,000  10.7/s  upd=15320  L=0.0213  D=0.988
[regir_last] 16:18:43  630,748/1,000,000  10.7/s  upd=15324  L=0.0461  D=0.988
[regir_last] 16:18:54  631,063/1,000,000  10.7/s  upd=15330  L=0.0459  D=0.988
[regir_last] 16:19:05  631,063/1,000,000  10.7/s  upd=15336  L=0.0252  D=0.988
[regir_last] 16:19:16  631,381/1,000,000  10.7/s  upd=15340  L=0.0216  D=0.988
[regir_last] 16:19:27  631,703/1,000,000  10.7/s  upd=15347  L=0.0307  D=0.988
[regir_last] 16:19:37  631,703/1,000,000  10.7/s  upd=15352  L=0.0316  D=0.988
[regir_last] 16:19:47  632,065/1,000,000  10.8/s  upd=15357  L=0.0229  D=0.988
[regir_last] 16:19:58  632,065/1,000,000  10.7/s  upd=15360  L=0.0272  D=0.988
[regir_last] 16:20:08  632,375/1,000,000  10.8/s  upd=15366  L=0.0230  D=0.988
[regir_last] 16:20:19  632,661/1,000,000  10.8/s  upd=15369  L=0.0322  D=0.988
[regir_last] 16:20:30  632,661/1,000,000  10.8/s  upd=15376  L=0.0199  D=0.988
[regir_last] 16:20:41  632,921/1,000,000  10.8/s  upd=15382  L=0.0240  D=0.988
[regir_last] 16:20:52  633,177/1,000,000  10.8/s  upd=15390  L=0.0253  D=0.988
[regir_last] 16:21:02  633,438/1,000,000  10.8/s  upd=15394  L=0.0342  D=0.988
[regir_last] 16:21:12  633,438/1,000,000  10.8/s  upd=15400  L=0.0498  D=0.988
[regir_last] 16:21:24  633,713/1,000,000  10.8/s  upd=15408  L=0.0161  D=0.988
[regir_last] 16:21:35  634,026/1,000,000  10.8/s  upd=15413  L=0.0297  D=0.988
[regir_last] 16:21:48  634,346/1,000,000  10.8/s  upd=15417  L=0.0331  D=0.988
[regir_last] 16:21:58  634,346/1,000,000  10.8/s  upd=15424  L=0.0217  D=0.988
[regir_last] 16:22:08  634,646/1,000,000  10.8/s  upd=15428  L=0.0197  D=0.988
[regir_last] 16:22:19  634,923/1,000,000  10.8/s  upd=15435  L=0.0218  D=0.988
[regir_last] 16:22:29  634,923/1,000,000  10.8/s  upd=15440  L=0.0215  D=0.988
[regir_last] 16:22:40  635,237/1,000,000  10.8/s  upd=15445  L=0.0314  D=0.988
[regir_last] report refresh skipped: PermissionError
[regir_last] 16:22:50  635,527/1,000,000  10.8/s  upd=15450  L=0.0162  D=0.988
[regir_last] 16:23:01  635,527/1,000,000  10.8/s  upd=15456  L=0.0271  D=0.988
[regir_last] 16:23:11  635,846/1,000,000  10.8/s  upd=15462  L=0.0174  D=0.988
[regir_last] 16:23:21  635,846/1,000,000  10.8/s  upd=15464  L=0.0261  D=0.988
[regir_last] 16:23:33  636,161/1,000,000  10.8/s  upd=15471  L=0.0330  D=0.988
[regir_last] 16:23:44  636,453/1,000,000  10.8/s  upd=15474  L=0.0201  D=0.988
[regir_last] 16:23:54  636,453/1,000,000  10.8/s  upd=15480  L=0.0360  D=0.988
[regir_last] 16:24:06  636,775/1,000,000  10.8/s  upd=15486  L=0.0230  D=0.988
[regir_last] 16:24:17  637,070/1,000,000  10.8/s  upd=15492  L=0.0264  D=0.988
[regir_last] 16:24:27  637,352/1,000,000  10.8/s  upd=15498  L=0.0238  D=0.988
[regir_last] 16:24:37  637,352/1,000,000  10.8/s  upd=15504  L=0.0406  D=0.988
[regir_last] 16:24:48  637,633/1,000,000  10.8/s  upd=15509  L=0.0237  D=0.988
[regir_last] 16:25:01  637,964/1,000,000  10.8/s  upd=15514  L=0.0283  D=0.988
[regir_last] 16:25:11  637,964/1,000,000  10.8/s  upd=15520  L=0.0186  D=0.988
[regir_last] 16:25:22  638,221/1,000,000  10.8/s  upd=15526  L=0.0226  D=0.988
[regir_last] 16:25:33  638,499/1,000,000  10.8/s  upd=15533  L=0.0281  D=0.988
[regir_last] 16:25:43  638,792/1,000,000  10.8/s  upd=15541  L=0.0195  D=0.988
[regir_last] 16:25:56  639,088/1,000,000  10.8/s  upd=15550  L=0.0220  D=0.988
[regir_last] 16:26:06  639,403/1,000,000  10.8/s  upd=15559  L=0.0165  D=0.988
[regir_last] 16:26:18  639,695/1,000,000  10.8/s  upd=15567  L=0.0214  D=0.988
[regir_last] 16:26:28  640,020/1,000,000  10.8/s  upd=15575  L=0.0258  D=0.988
[regir_last] saved resume t_env=640,020
[regir_last] 16:26:50  640,020/1,000,000  10.8/s  upd=15576  L=0.0207  ev=0/100  D=0.988
[regir_last] 16:27:00  640,020/1,000,000  10.8/s  upd=15576  L=0.0207  ev=27/100  D=0.988
[regir_last] 16:27:11  640,020/1,000,000  10.8/s  upd=15576  L=0.0207  ev=52/100  D=0.988
[regir_last] 16:27:21  640,020/1,000,000  10.8/s  upd=15576  L=0.0207  ev=72/100  D=0.988
[regir_last] 16:27:31  640,020/1,000,000  10.8/s  upd=15576  L=0.0207  ev=92/100  D=0.988
[regir_last] report refresh skipped: PermissionError
[regir_last] 16:27:41  640,322/1,000,000  10.8/s  upd=15577  L=0.0238  D=1.007
[regir_last] report refresh skipped: PermissionError
[regir_last] 16:27:51  640,322/1,000,000  10.8/s  upd=15584  L=0.0201  D=1.007
[regir_last] 16:28:02  640,638/1,000,000  10.8/s  upd=15591  L=0.0278  D=1.007
[regir_last] 16:28:13  640,917/1,000,000  10.8/s  upd=15597  L=0.0305  D=1.007
[regir_last] 16:28:24  641,226/1,000,000  10.8/s  upd=15603  L=0.0147  D=1.007
[regir_last] 16:28:34  641,226/1,000,000  10.8/s  upd=15608  L=0.0158  D=1.007
[regir_last] 16:28:44  641,499/1,000,000  10.8/s  upd=15614  L=0.0166  D=1.007
[regir_last] 16:28:55  641,794/1,000,000  10.8/s  upd=15618  L=0.0398  D=1.007
[regir_last] 16:29:05  641,794/1,000,000  10.8/s  upd=15624  L=0.0250  D=1.007
[regir_last] 16:29:16  642,094/1,000,000  10.8/s  upd=15630  L=0.0236  D=1.007
[regir_last] 16:29:28  642,438/1,000,000  10.8/s  upd=15634  L=0.0279  D=1.007
[regir_last] 16:29:40  642,758/1,000,000  10.8/s  upd=15641  L=0.0280  D=1.007
[regir_last] 16:29:50  642,758/1,000,000  10.8/s  upd=15645  L=0.0255  D=1.007
[regir_last] 16:30:00  643,061/1,000,000  10.8/s  upd=15650  L=0.0179  D=1.007
[regir_last] 16:30:10  643,061/1,000,000  10.8/s  upd=15656  L=0.0168  D=1.007
[regir_last] 16:30:22  643,394/1,000,000  10.8/s  upd=15661  L=0.0228  D=1.007
[regir_last] 16:30:32  643,394/1,000,000  10.8/s  upd=15664  L=0.0232  D=1.007
[regir_last] 16:30:43  643,715/1,000,000  10.8/s  upd=15670  L=0.0258  D=1.007
[regir_last] 16:30:56  643,998/1,000,000  10.8/s  upd=15673  L=0.0257  D=1.007
[regir_last] 16:31:06  643,998/1,000,000  10.8/s  upd=15680  L=0.0323  D=1.007
[regir_last] 16:31:18  644,281/1,000,000  10.8/s  upd=15685  L=0.0299  D=1.007
[regir_last] 16:31:28  644,661/1,000,000  10.8/s  upd=15691  L=0.0178  D=1.007
[regir_last] 16:31:38  644,661/1,000,000  10.8/s  upd=15696  L=0.0297  D=1.007
[regir_last] 16:31:50  644,963/1,000,000  10.8/s  upd=15703  L=0.0238  D=1.007
[regir_last] 16:32:02  645,256/1,000,000  10.8/s  upd=15707  L=0.0229  D=1.007
[regir_last] 16:32:12  645,256/1,000,000  10.8/s  upd=15712  L=0.0267  D=1.007
[regir_last] 16:32:22  645,573/1,000,000  10.8/s  upd=15716  L=0.0205  D=1.007
[regir_last] 16:32:32  645,873/1,000,000  10.8/s  upd=15721  L=0.0267  D=1.007
[regir_last] 16:32:44  645,873/1,000,000  10.8/s  upd=15728  L=0.0328  D=1.007
[regir_last] 16:32:55  646,174/1,000,000  10.8/s  upd=15735  L=0.0345  D=1.007
[regir_last] report refresh skipped: PermissionError
[regir_last] 16:33:05  646,440/1,000,000  10.8/s  upd=15738  L=0.0256  D=1.007
[regir_last] 16:33:15  646,440/1,000,000  10.8/s  upd=15744  L=0.0220  D=1.007
[regir_last] 16:33:27  646,710/1,000,000  10.8/s  upd=15749  L=0.0179  D=1.007
[regir_last] 16:33:37  647,025/1,000,000  10.9/s  upd=15754  L=0.0233  D=1.007
[regir_last] 16:33:50  647,025/1,000,000  10.9/s  upd=15759  L=0.0187  D=1.007
[regir_last] 16:34:01  647,356/1,000,000  10.9/s  upd=15763  L=0.0216  D=1.007
[regir_last] 16:34:11  647,356/1,000,000  10.9/s  upd=15768  L=0.0230  D=1.007
[regir_last] 16:34:23  647,623/1,000,000  10.9/s  upd=15774  L=0.0227  D=1.007
[regir_last] 16:34:33  647,903/1,000,000  10.9/s  upd=15779  L=0.0332  D=1.007
[regir_last] 16:34:43  647,903/1,000,000  10.9/s  upd=15784  L=0.0390  D=1.007
[regir_last] 16:34:54  648,212/1,000,000  10.9/s  upd=15789  L=0.0289  D=1.007
[regir_last] 16:35:05  648,212/1,000,000  10.9/s  upd=15792  L=0.0246  D=1.007
[regir_last] 16:35:15  648,552/1,000,000  10.9/s  upd=15798  L=0.0233  D=1.007
[regir_last] 16:35:26  648,901/1,000,000  10.9/s  upd=15802  L=0.0261  D=1.007
[regir_last] 16:35:37  649,220/1,000,000  10.9/s  upd=15810  L=0.0199  D=1.007
[regir_last] 16:35:48  649,220/1,000,000  10.9/s  upd=15816  L=0.0271  D=1.007
[regir_last] 16:35:58  649,590/1,000,000  10.9/s  upd=15819  L=0.0411  D=1.007
[regir_last] 16:36:08  649,590/1,000,000  10.9/s  upd=15824  L=0.0271  D=1.007
[regir_last] 16:36:20  649,877/1,000,000  10.9/s  upd=15828  L=0.0283  D=1.007
[regir_last] 16:36:31  650,183/1,000,000  10.9/s  upd=15833  L=0.0333  D=1.007
[regir_last] 16:36:41  650,183/1,000,000  10.9/s  upd=15839  L=0.0227  D=1.007
[regir_last] saved resume t_env=650,183
[regir_last] 16:36:52  650,454/1,000,000  10.9/s  upd=15842  L=0.0223  D=1.007
[regir_last] 16:37:02  650,454/1,000,000  10.9/s  upd=15848  L=0.0190  D=1.007
[regir_last] 16:37:14  650,734/1,000,000  10.9/s  upd=15855  L=0.0216  D=1.007
[regir_last] 16:37:24  651,058/1,000,000  10.9/s  upd=15862  L=0.0164  D=1.007
[regir_last] 16:37:35  651,356/1,000,000  10.9/s  upd=15866  L=0.0231  D=1.007
[regir_last] 16:37:45  651,356/1,000,000  10.9/s  upd=15872  L=0.0296  D=1.007
[regir_last] 16:37:55  651,639/1,000,000  10.9/s  upd=15877  L=0.0210  D=1.007
[regir_last] report refresh skipped: PermissionError
[regir_last] 16:38:06  651,962/1,000,000  10.9/s  upd=15882  L=0.0194  D=1.007
[regir_last] 16:38:17  651,962/1,000,000  10.9/s  upd=15888  L=0.0294  D=1.007
[regir_last] 16:38:27  652,271/1,000,000  10.9/s  upd=15892  L=0.0287  D=1.007
[regir_last] 16:38:38  652,271/1,000,000  10.9/s  upd=15896  L=0.0232  D=1.007
[regir_last] 16:38:48  652,559/1,000,000  10.9/s  upd=15904  L=0.0280  D=1.007
[regir_last] 16:38:59  652,889/1,000,000  10.9/s  upd=15907  L=0.0209  D=1.007
[regir_last] 16:39:09  653,191/1,000,000  10.9/s  upd=15913  L=0.0277  D=1.007
[regir_last] 16:39:20  653,191/1,000,000  10.9/s  upd=15920  L=0.0207  D=1.007
[regir_last] 16:39:30  653,480/1,000,000  10.9/s  upd=15923  L=0.0216  D=1.007
[regir_last] 16:39:41  653,815/1,000,000  10.9/s  upd=15929  L=0.0249  D=1.007
[regir_last] 16:39:51  653,815/1,000,000  10.9/s  upd=15933  L=0.0267  D=1.007
[regir_last] 16:40:02  654,153/1,000,000  10.9/s  upd=15939  L=0.0285  D=1.007
[regir_last] 16:40:12  654,153/1,000,000  10.9/s  upd=15944  L=0.0222  D=1.007
[regir_last] 16:40:22  654,426/1,000,000  10.9/s  upd=15952  L=0.0381  D=1.007
[regir_last] 16:40:34  654,697/1,000,000  10.9/s  upd=15959  L=0.0279  D=1.007
[regir_last] 16:40:44  655,007/1,000,000  10.9/s  upd=15963  L=0.0194  D=1.007
[regir_last] 16:40:54  655,007/1,000,000  10.9/s  upd=15968  L=0.0149  D=1.007
[regir_last] 16:41:06  655,382/1,000,000  10.9/s  upd=15975  L=0.0200  D=1.007
[regir_last] 16:41:16  655,693/1,000,000  10.9/s  upd=15981  L=0.0209  D=1.007
[regir_last] 16:41:27  655,693/1,000,000  10.9/s  upd=15984  L=0.0244  D=1.007
[regir_last] 16:41:37  655,998/1,000,000  10.9/s  upd=15992  L=0.0176  D=1.007
[regir_last] 16:41:47  656,326/1,000,000  10.9/s  upd=15996  L=0.0274  D=1.007
[regir_last] 16:41:58  656,637/1,000,000  10.9/s  upd=16002  L=0.0243  D=1.007
[regir_last] 16:42:10  656,637/1,000,000  10.9/s  upd=16008  L=0.0234  D=1.007
[regir_last] 16:42:21  656,929/1,000,000  10.9/s  upd=16016  L=0.0236  D=1.007
[regir_last] 16:42:31  657,204/1,000,000  10.9/s  upd=16022  L=0.0266  D=1.007
[regir_last] 16:42:41  657,541/1,000,000  10.9/s  upd=16026  L=0.0184  D=1.007
[regir_last] 16:42:51  657,541/1,000,000  10.9/s  upd=16032  L=0.0213  D=1.007
[regir_last] 16:43:04  657,859/1,000,000  10.9/s  upd=16039  L=0.0168  D=1.007
[regir_last] report refresh skipped: PermissionError
[regir_last] 16:43:15  658,162/1,000,000  10.9/s  upd=16045  L=0.0194  D=1.007
[regir_last] 16:43:25  658,464/1,000,000  10.9/s  upd=16051  L=0.0396  D=1.007
[regir_last] 16:43:35  658,464/1,000,000  10.9/s  upd=16056  L=0.0310  D=1.007
[regir_last] 16:43:45  658,768/1,000,000  10.9/s  upd=16064  L=0.0277  D=1.007
[regir_last] 16:43:57  659,056/1,000,000  10.9/s  upd=16068  L=0.0252  D=1.007
[regir_last] 16:44:07  659,349/1,000,000  10.9/s  upd=16073  L=0.0202  D=1.007
[regir_last] 16:44:19  659,349/1,000,000  10.9/s  upd=16079  L=0.0192  D=1.007
[regir_last] 16:44:30  659,653/1,000,000  10.9/s  upd=16085  L=0.0154  D=1.007
[regir_last] 16:44:40  659,653/1,000,000  10.9/s  upd=16088  L=0.0134  D=1.007
[regir_last] 16:44:50  659,936/1,000,000  10.9/s  upd=16096  L=0.0168  D=1.007
[regir_last] 16:45:00  660,271/1,000,000  10.9/s  upd=16100  L=0.0234  D=1.007
[regir_last] saved resume t_env=660,271
[regir_last] 16:45:28  660,271/1,000,000  10.9/s  upd=16104  L=0.0276  ev=0/100  D=1.007
[regir_last] 16:45:38  660,271/1,000,000  10.9/s  upd=16104  L=0.0276  ev=24/100  D=1.007
[regir_last] 16:45:48  660,271/1,000,000  10.9/s  upd=16104  L=0.0276  ev=31/100  D=1.007
[regir_last] 16:45:58  660,271/1,000,000  10.9/s  upd=16104  L=0.0276  ev=54/100  D=1.007
[regir_last] 16:46:08  660,271/1,000,000  10.9/s  upd=16104  L=0.0276  ev=72/100  D=1.007
[regir_last] 16:46:18  660,271/1,000,000  10.9/s  upd=16104  L=0.0276  ev=88/100  D=1.007
[regir_last] report refresh skipped: PermissionError
[regir_last] 16:46:28  660,557/1,000,000  10.9/s  upd=16109  L=0.0396  D=0.938
[regir_last] 16:46:39  660,818/1,000,000  10.9/s  upd=16119  L=0.0319  D=0.938
[regir_last] 16:46:49  661,114/1,000,000  10.9/s  upd=16128  L=0.0296  D=0.938
[regir_last] 16:47:00  661,408/1,000,000  10.9/s  upd=16136  L=0.0236  D=0.938
[regir_last] 16:47:11  661,681/1,000,000  10.9/s  upd=16143  L=0.0355  D=0.938
[regir_last] 16:47:21  661,974/1,000,000  11.0/s  upd=16152  L=0.0315  D=0.938
[regir_last] 16:47:31  662,282/1,000,000  11.0/s  upd=16160  L=0.0237  D=0.938
[regir_last] 16:47:42  662,594/1,000,000  11.0/s  upd=16168  L=0.0241  D=0.938
[regir_last] 16:47:53  662,916/1,000,000  11.0/s  upd=16175  L=0.0145  D=0.938
[regir_last] 16:48:03  663,220/1,000,000  11.0/s  upd=16179  L=0.0243  D=0.938
[regir_last] report refresh skipped: PermissionError
[regir_last] 16:48:13  663,220/1,000,000  11.0/s  upd=16184  L=0.0194  D=0.938
[regir_last] 16:48:24  663,538/1,000,000  11.0/s  upd=16189  L=0.0412  D=0.938
[regir_last] 16:48:34  663,842/1,000,000  11.0/s  upd=16194  L=0.0550  D=0.938
[regir_last] 16:48:45  663,842/1,000,000  11.0/s  upd=16200  L=0.0392  D=0.938
[regir_last] 16:48:55  664,137/1,000,000  11.0/s  upd=16204  L=0.0250  D=0.938
[regir_last] 16:49:06  664,485/1,000,000  11.0/s  upd=16209  L=0.0354  D=0.938
[regir_last] 16:49:16  664,485/1,000,000  11.0/s  upd=16216  L=0.0305  D=0.938
[regir_last] 16:49:30  664,834/1,000,000  11.0/s  upd=16219  L=0.0299  D=0.938
[regir_last] 16:49:40  664,834/1,000,000  11.0/s  upd=16224  L=0.0192  D=0.938
[regir_last] 16:49:50  665,157/1,000,000  11.0/s  upd=16228  L=0.0327  D=0.938
[regir_last] 16:50:00  665,157/1,000,000  11.0/s  upd=16232  L=0.0426  D=0.938
[regir_last] 16:50:10  665,476/1,000,000  11.0/s  upd=16238  L=0.0197  D=0.938
[regir_last] 16:50:21  665,740/1,000,000  11.0/s  upd=16244  L=0.0273  D=0.938
[regir_last] 16:50:31  666,042/1,000,000  11.0/s  upd=16250  L=0.0240  D=0.938
[regir_last] 16:50:41  666,042/1,000,000  11.0/s  upd=16256  L=0.0182  D=0.938
[regir_last] 16:50:51  666,313/1,000,000  11.0/s  upd=16262  L=0.0227  D=0.938
[regir_last] 16:51:04  666,708/1,000,000  11.0/s  upd=16265  L=0.0231  D=0.938
[regir_last] 16:51:14  666,708/1,000,000  11.0/s  upd=16272  L=0.0209  D=0.938
[regir_last] 16:51:25  666,980/1,000,000  11.0/s  upd=16279  L=0.0248  D=0.938
[regir_last] 16:51:35  667,212/1,000,000  11.0/s  upd=16286  L=0.0257  D=0.938
[regir_last] 16:51:46  667,536/1,000,000  11.0/s  upd=16290  L=0.0270  D=0.938
[regir_last] 16:51:57  667,536/1,000,000  11.0/s  upd=16296  L=0.0284  D=0.938
[regir_last] 16:52:07  667,804/1,000,000  11.0/s  upd=16301  L=0.0315  D=0.938
[regir_last] 16:52:19  668,068/1,000,000  11.0/s  upd=16306  L=0.0181  D=0.938
[regir_last] 16:52:29  668,068/1,000,000  11.0/s  upd=16312  L=0.0238  D=0.938
[regir_last] 16:52:39  668,344/1,000,000  11.0/s  upd=16317  L=0.0233  D=0.938
[regir_last] 16:52:49  668,646/1,000,000  11.0/s  upd=16321  L=0.0184  D=0.938
[regir_last] 16:52:59  668,646/1,000,000  11.0/s  upd=16328  L=0.0176  D=0.938
[regir_last] 16:53:10  668,921/1,000,000  11.0/s  upd=16333  L=0.0300  D=0.938
[regir_last] report refresh skipped: PermissionError
[regir_last] 16:53:20  668,921/1,000,000  11.0/s  upd=16336  L=0.0365  D=0.938
[regir_last] 16:53:30  669,208/1,000,000  11.0/s  upd=16344  L=0.0245  D=0.938
[regir_last] 16:53:40  669,526/1,000,000  11.0/s  upd=16348  L=0.0189  D=0.938
[regir_last] 16:53:50  669,809/1,000,000  11.0/s  upd=16354  L=0.0216  D=0.938
[regir_last] 16:54:00  669,809/1,000,000  11.0/s  upd=16360  L=0.0322  D=0.938
[regir_last] 16:54:11  670,158/1,000,000  11.0/s  upd=16365  L=0.0198  D=0.938
[regir_last] 16:54:21  670,460/1,000,000  11.0/s  upd=16370  L=0.0254  D=0.938
[regir_last] 16:54:31  670,460/1,000,000  11.0/s  upd=16376  L=0.0243  D=0.938
[regir_last] 16:54:42  670,782/1,000,000  11.0/s  upd=16383  L=0.0338  D=0.938
[regir_last] 16:54:53  671,142/1,000,000  11.0/s  upd=16389  L=0.0338  D=0.938
[regir_last] 16:55:03  671,142/1,000,000  11.0/s  upd=16392  L=0.0261  D=0.938
[regir_last] 16:55:14  671,404/1,000,000  11.0/s  upd=16399  L=0.0225  D=0.938
[regir_last] saved resume t_env=671,404
[regir_last] 16:55:25  671,703/1,000,000  11.0/s  upd=16403  L=0.0222  D=0.938
[regir_last] 16:55:36  671,703/1,000,000  11.0/s  upd=16408  L=0.0309  D=0.938
[regir_last] 16:55:46  672,044/1,000,000  11.0/s  upd=16414  L=0.0226  D=0.938
[regir_last] 16:55:57  672,330/1,000,000  11.0/s  upd=16419  L=0.0225  D=0.938
[regir_last] 16:56:07  672,637/1,000,000  11.0/s  upd=16425  L=0.0418  D=0.938
[regir_last] 16:56:18  672,637/1,000,000  11.0/s  upd=16432  L=0.0256  D=0.938
[regir_last] 16:56:28  672,985/1,000,000  11.0/s  upd=16437  L=0.0209  D=0.938
[regir_last] 16:56:38  673,265/1,000,000  11.0/s  upd=16443  L=0.0234  D=0.938
[regir_last] 16:56:48  673,589/1,000,000  11.0/s  upd=16450  L=0.0519  D=0.938
[regir_last] 16:56:59  673,589/1,000,000  11.0/s  upd=16456  L=0.0195  D=0.938
[regir_last] 16:57:09  673,865/1,000,000  11.0/s  upd=16464  L=0.0242  D=0.938
[regir_last] 16:57:19  674,185/1,000,000  11.0/s  upd=16469  L=0.0320  D=0.938
[regir_last] 16:57:29  674,524/1,000,000  11.0/s  upd=16475  L=0.0267  D=0.938
[regir_last] 16:57:40  674,778/1,000,000  11.1/s  upd=16481  L=0.0225  D=0.938
[regir_last] 16:57:50  674,778/1,000,000  11.0/s  upd=16488  L=0.0292  D=0.938
[regir_last] 16:58:00  675,079/1,000,000  11.1/s  upd=16491  L=0.0252  D=0.938
[regir_last] 16:58:12  675,382/1,000,000  11.1/s  upd=16498  L=0.0561  D=0.938
[regir_last] report refresh skipped: PermissionError
[regir_last] 16:58:22  675,382/1,000,000  11.1/s  upd=16504  L=0.0189  D=0.938
[regir_last] 16:58:33  675,657/1,000,000  11.1/s  upd=16511  L=0.0222  D=0.938
[regir_last] 16:58:43  675,902/1,000,000  11.1/s  upd=16516  L=0.0161  D=0.938
[regir_last] 16:58:54  676,168/1,000,000  11.1/s  upd=16521  L=0.0303  D=0.938
[regir_last] 16:59:06  676,168/1,000,000  11.1/s  upd=16528  L=0.0229  D=0.938
[regir_last] 16:59:17  676,484/1,000,000  11.1/s  upd=16531  L=0.0291  D=0.938
[regir_last] 16:59:29  676,773/1,000,000  11.1/s  upd=16537  L=0.0285  D=0.938
[regir_last] 16:59:39  676,773/1,000,000  11.1/s  upd=16544  L=0.0202  D=0.938
[regir_last] 16:59:49  677,101/1,000,000  11.1/s  upd=16548  L=0.0240  D=0.938
[regir_last] 17:00:00  677,419/1,000,000  11.1/s  upd=16553  L=0.0315  D=0.938
[regir_last] 17:00:10  677,419/1,000,000  11.1/s  upd=16558  L=0.0223  D=0.938
[regir_last] 17:00:20  677,419/1,000,000  11.1/s  upd=16560  L=0.0218  D=0.938
[regir_last] 17:00:31  677,776/1,000,000  11.1/s  upd=16567  L=0.0189  D=0.938
[regir_last] 17:00:41  678,054/1,000,000  11.1/s  upd=16573  L=0.0211  D=0.938
[regir_last] 17:00:52  678,386/1,000,000  11.1/s  upd=16577  L=0.0203  D=0.938
[regir_last] 17:01:02  678,386/1,000,000  11.1/s  upd=16584  L=0.0330  D=0.938
[regir_last] 17:01:13  678,670/1,000,000  11.1/s  upd=16589  L=0.0431  D=0.938
[regir_last] 17:01:23  678,958/1,000,000  11.1/s  upd=16594  L=0.0266  D=0.938
[regir_last] 17:01:33  678,958/1,000,000  11.1/s  upd=16600  L=0.0247  D=0.938
[regir_last] 17:01:44  679,239/1,000,000  11.1/s  upd=16605  L=0.0244  D=0.938
[regir_last] 17:01:54  679,239/1,000,000  11.1/s  upd=16608  L=0.0237  D=0.938
[regir_last] 17:02:05  679,551/1,000,000  11.1/s  upd=16616  L=0.0233  D=0.938
[regir_last] 17:02:16  679,874/1,000,000  11.1/s  upd=16619  L=0.0219  D=0.938
[regir_last] 17:02:26  679,874/1,000,000  11.1/s  upd=16624  L=0.0357  D=0.938
[regir_last] 17:02:37  680,171/1,000,000  11.1/s  upd=16632  L=0.0322  D=0.938
[regir_last] saved resume t_env=680,171
[regir_last] 17:02:59  680,171/1,000,000  11.1/s  upd=16632  L=0.0322  ev=0/100  D=0.938
[regir_last] 17:03:09  680,171/1,000,000  11.1/s  upd=16632  L=0.0322  ev=18/100  D=0.938
[regir_last] 17:03:19  680,171/1,000,000  11.1/s  upd=16632  L=0.0322  ev=32/100  D=0.938
[regir_last] 17:03:29  680,171/1,000,000  11.1/s  upd=16632  L=0.0322  ev=56/100  D=0.938
[regir_last] 17:03:39  680,171/1,000,000  11.1/s  upd=16632  L=0.0322  ev=64/100  D=0.938
[regir_last] 17:03:49  680,171/1,000,000  11.1/s  upd=16632  L=0.0322  ev=87/100  D=0.938
[regir_last] 17:03:59  680,171/1,000,000  11.1/s  upd=16632  L=0.0322  ev=96/100  D=0.938
[regir_last] report refresh skipped: PermissionError
[regir_last] report refresh skipped: PermissionError
[regir_last] 17:04:10  680,440/1,000,000  11.1/s  upd=16637  L=0.0234  D=0.835
[regir_last] 17:04:22  680,720/1,000,000  11.1/s  upd=16642  L=0.0208  D=0.835
[regir_last] 17:04:32  680,720/1,000,000  11.1/s  upd=16648  L=0.0177  D=0.835
[regir_last] 17:04:43  681,040/1,000,000  11.1/s  upd=16653  L=0.0200  D=0.835
[regir_last] 17:04:55  681,349/1,000,000  11.1/s  upd=16659  L=0.0222  D=0.835
[regir_last] 17:05:05  681,349/1,000,000  11.1/s  upd=16664  L=0.0222  D=0.835
[regir_last] 17:05:16  681,640/1,000,000  11.1/s  upd=16670  L=0.0287  D=0.835
[regir_last] 17:05:26  681,640/1,000,000  11.1/s  upd=16672  L=0.0194  D=0.835
[regir_last] 17:05:37  682,060/1,000,000  11.1/s  upd=16678  L=0.0260  D=0.835
[regir_last] 17:05:48  682,324/1,000,000  11.1/s  upd=16682  L=0.0326  D=0.835
[regir_last] 17:05:58  682,324/1,000,000  11.1/s  upd=16688  L=0.0271  D=0.835
[regir_last] 17:06:09  682,589/1,000,000  11.1/s  upd=16693  L=0.0197  D=0.835
[regir_last] 17:06:21  682,829/1,000,000  11.1/s  upd=16699  L=0.0330  D=0.835
[regir_last] 17:06:32  683,104/1,000,000  11.1/s  upd=16706  L=0.0217  D=0.835
[regir_last] 17:06:42  683,104/1,000,000  11.1/s  upd=16712  L=0.0202  D=0.835
[regir_last] 17:06:53  683,404/1,000,000  11.1/s  upd=16718  L=0.0136  D=0.835
[regir_last] 17:07:04  683,683/1,000,000  11.1/s  upd=16724  L=0.0261  D=0.835
[regir_last] 17:07:14  683,960/1,000,000  11.1/s  upd=16729  L=0.0246  D=0.835
[regir_last] 17:07:26  683,960/1,000,000  11.1/s  upd=16736  L=0.0263  D=0.835
[regir_last] 17:07:36  684,247/1,000,000  11.1/s  upd=16739  L=0.0179  D=0.835
[regir_last] 17:07:46  684,247/1,000,000  11.1/s  upd=16744  L=0.0206  D=0.835
[regir_last] 17:07:57  684,562/1,000,000  11.1/s  upd=16751  L=0.0271  D=0.835
[regir_last] 17:08:07  684,868/1,000,000  11.1/s  upd=16754  L=0.0263  D=0.835
[regir_last] 17:08:17  685,163/1,000,000  11.1/s  upd=16761  L=0.0230  D=0.835
[regir_last] 17:08:27  685,163/1,000,000  11.1/s  upd=16768  L=0.0376  D=0.835
[regir_last] 17:08:39  685,480/1,000,000  11.1/s  upd=16775  L=0.0247  D=0.835
[regir_last] 17:08:50  685,749/1,000,000  11.1/s  upd=16779  L=0.0258  D=0.835
[regir_last] 17:09:01  686,034/1,000,000  11.1/s  upd=16786  L=0.0219  D=0.835
[regir_last] report refresh skipped: PermissionError
[regir_last] 17:09:11  686,328/1,000,000  11.1/s  upd=16795  L=0.0184  D=0.835
[regir_last] 17:09:22  686,579/1,000,000  11.1/s  upd=16804  L=0.0350  D=0.835
[regir_last] 17:09:33  686,873/1,000,000  11.1/s  upd=16813  L=0.0190  D=0.835
[regir_last] 17:09:44  687,154/1,000,000  11.1/s  upd=16821  L=0.0198  D=0.835
[regir_last] 17:09:54  687,458/1,000,000  11.1/s  upd=16830  L=0.0218  D=0.835
[regir_last] 17:10:05  687,733/1,000,000  11.1/s  upd=16838  L=0.0313  D=0.835
[regir_last] 17:10:15  688,026/1,000,000  11.1/s  upd=16848  L=0.0225  D=0.835
[regir_last] 17:10:27  688,321/1,000,000  11.1/s  upd=16853  L=0.0158  D=0.835
[regir_last] 17:10:37  688,600/1,000,000  11.1/s  upd=16859  L=0.0175  D=0.835
[regir_last] 17:10:48  688,600/1,000,000  11.1/s  upd=16864  L=0.0161  D=0.835
[regir_last] 17:10:58  688,905/1,000,000  11.1/s  upd=16871  L=0.0198  D=0.835
[regir_last] 17:11:10  689,193/1,000,000  11.1/s  upd=16876  L=0.0328  D=0.835
[regir_last] 17:11:21  689,472/1,000,000  11.1/s  upd=16883  L=0.0255  D=0.835
[regir_last] 17:11:31  689,472/1,000,000  11.1/s  upd=16888  L=0.0210  D=0.835
[regir_last] 17:11:41  689,771/1,000,000  11.1/s  upd=16896  L=0.0261  D=0.835
[regir_last] 17:11:52  690,083/1,000,000  11.1/s  upd=16904  L=0.0267  D=0.835
[regir_last] 17:12:03  690,363/1,000,000  11.1/s  upd=16911  L=0.0326  D=0.835
[regir_last] 17:12:13  690,652/1,000,000  11.2/s  upd=16914  L=0.0177  D=0.835
[regir_last] 17:12:23  690,652/1,000,000  11.1/s  upd=16920  L=0.0170  D=0.835
[regir_last] 17:12:34  690,916/1,000,000  11.2/s  upd=16928  L=0.0185  D=0.835
[regir_last] 17:12:45  691,271/1,000,000  11.2/s  upd=16932  L=0.0251  D=0.835
[regir_last] saved resume t_env=691,271
[regir_last] 17:12:55  691,271/1,000,000  11.2/s  upd=16936  L=0.0205  D=0.835
[regir_last] 17:13:06  691,559/1,000,000  11.2/s  upd=16941  L=0.0175  D=0.835
[regir_last] 17:13:19  691,857/1,000,000  11.2/s  upd=16947  L=0.0201  D=0.835
[regir_last] 17:13:30  692,123/1,000,000  11.2/s  upd=16954  L=0.0257  D=0.835
[regir_last] 17:13:40  692,123/1,000,000  11.2/s  upd=16960  L=0.0231  D=0.835
[regir_last] 17:13:50  692,406/1,000,000  11.2/s  upd=16968  L=0.0120  D=0.835
[regir_last] 17:14:00  692,688/1,000,000  11.2/s  upd=16971  L=0.0167  D=0.835
[regir_last] 17:14:10  692,688/1,000,000  11.2/s  upd=16976  L=0.0173  D=0.835
[regir_last] 17:14:21  693,002/1,000,000  11.2/s  upd=16982  L=0.0202  D=0.835
[regir_last] report refresh skipped: PermissionError
[regir_last] 17:14:32  693,272/1,000,000  11.2/s  upd=16987  L=0.0159  D=0.835
[regir_last] 17:14:42  693,272/1,000,000  11.2/s  upd=16992  L=0.0269  D=0.835
[regir_last] 17:14:52  693,590/1,000,000  11.2/s  upd=16998  L=0.0312  D=0.835
[regir_last] 17:15:03  693,907/1,000,000  11.2/s  upd=17003  L=0.0249  D=0.835
[regir_last] 17:15:13  693,907/1,000,000  11.2/s  upd=17008  L=0.0223  D=0.835
[regir_last] 17:15:23  694,207/1,000,000  11.2/s  upd=17016  L=0.0199  D=0.835
[regir_last] 17:15:34  694,483/1,000,000  11.2/s  upd=17020  L=0.0155  D=0.835
[regir_last] 17:15:45  694,780/1,000,000  11.2/s  upd=17025  L=0.0207  D=0.835
[regir_last] 17:15:55  694,780/1,000,000  11.2/s  upd=17032  L=0.0378  D=0.835
[regir_last] 17:16:06  695,063/1,000,000  11.2/s  upd=17038  L=0.0235  D=0.835
[regir_last] 17:16:17  695,329/1,000,000  11.2/s  upd=17043  L=0.0224  D=0.835
[regir_last] 17:16:27  695,329/1,000,000  11.2/s  upd=17048  L=0.0159  D=0.835
[regir_last] 17:16:38  695,639/1,000,000  11.2/s  upd=17053  L=0.0146  D=0.835
[regir_last] 17:16:50  695,892/1,000,000  11.2/s  upd=17058  L=0.0235  D=0.835
[regir_last] 17:17:00  695,892/1,000,000  11.2/s  upd=17064  L=0.0268  D=0.835
[regir_last] 17:17:10  696,230/1,000,000  11.2/s  upd=17070  L=0.0222  D=0.835
[regir_last] 17:17:21  696,529/1,000,000  11.2/s  upd=17075  L=0.0183  D=0.835
[regir_last] 17:17:31  696,529/1,000,000  11.2/s  upd=17080  L=0.0246  D=0.835
[regir_last] 17:17:41  696,834/1,000,000  11.2/s  upd=17087  L=0.0245  D=0.835
[regir_last] 17:17:56  697,138/1,000,000  11.2/s  upd=17092  L=0.0190  D=0.835
[regir_last] 17:18:07  697,385/1,000,000  11.2/s  upd=17098  L=0.0206  D=0.835
[regir_last] 17:18:17  697,639/1,000,000  11.2/s  upd=17106  L=0.0235  D=0.835
[regir_last] 17:18:27  697,639/1,000,000  11.2/s  upd=17112  L=0.0203  D=0.835
[regir_last] 17:18:39  697,898/1,000,000  11.2/s  upd=17117  L=0.0141  D=0.835
[regir_last] 17:18:50  698,218/1,000,000  11.2/s  upd=17123  L=0.0213  D=0.835
[regir_last] 17:19:00  698,218/1,000,000  11.2/s  upd=17128  L=0.0238  D=0.835
[regir_last] 17:19:11  698,476/1,000,000  11.2/s  upd=17136  L=0.0208  D=0.835
[regir_last] 17:19:23  698,771/1,000,000  11.2/s  upd=17141  L=0.0197  D=0.835
[regir_last] report refresh skipped: PermissionError
[regir_last] 17:19:34  699,048/1,000,000  11.2/s  upd=17146  L=0.0221  D=0.835
[regir_last] 17:19:44  699,048/1,000,000  11.2/s  upd=17152  L=0.0179  D=0.835
[regir_last] 17:19:54  699,335/1,000,000  11.2/s  upd=17158  L=0.0270  D=0.835
[regir_last] 17:20:07  699,600/1,000,000  11.2/s  upd=17164  L=0.0254  D=0.835
[regir_last] 17:20:17  699,886/1,000,000  11.2/s  upd=17171  L=0.0165  D=0.835
[regir_last] 17:20:28  700,192/1,000,000  11.2/s  upd=17178  L=0.0209  D=0.835
[regir_last] saved resume t_env=700,192
[regir_last] 17:21:01  700,192/1,000,000  11.2/s  upd=17184  L=0.0213  ev=0/100  D=0.835
[regir_last] 17:21:11  700,192/1,000,000  11.2/s  upd=17184  L=0.0213  ev=14/100  D=0.835
[regir_last] 17:21:21  700,192/1,000,000  11.2/s  upd=17184  L=0.0213  ev=31/100  D=0.835
[regir_last] 17:21:31  700,192/1,000,000  11.2/s  upd=17184  L=0.0213  ev=42/100  D=0.835
[regir_last] 17:21:41  700,192/1,000,000  11.2/s  upd=17184  L=0.0213  ev=59/100  D=0.835
[regir_last] 17:21:51  700,192/1,000,000  11.2/s  upd=17184  L=0.0213  ev=71/100  D=0.835
[regir_last] 17:22:01  700,192/1,000,000  11.2/s  upd=17184  L=0.0213  ev=80/100  D=0.835
[regir_last] 17:22:11  700,192/1,000,000  11.2/s  upd=17184  L=0.0213  ev=96/100  D=0.835
[regir_last] report refresh skipped: PermissionError
[regir_last] 17:22:22  700,470/1,000,000  11.2/s  upd=17188  L=0.0211  D=0.650
[regir_last] 17:22:34  700,736/1,000,000  11.2/s  upd=17193  L=0.0211  D=0.650
[regir_last] 17:22:44  700,736/1,000,000  11.2/s  upd=17200  L=0.0211  D=0.650
[regir_last] 17:22:54  701,026/1,000,000  11.2/s  upd=17205  L=0.0308  D=0.650
[regir_last] 17:23:04  701,362/1,000,000  11.2/s  upd=17211  L=0.0186  D=0.650
[regir_last] 17:23:16  701,624/1,000,000  11.2/s  upd=17217  L=0.0256  D=0.650
[regir_last] 17:23:26  701,624/1,000,000  11.2/s  upd=17224  L=0.0216  D=0.650
[regir_last] 17:23:37  701,895/1,000,000  11.2/s  upd=17228  L=0.0268  D=0.650
[regir_last] 17:23:47  701,895/1,000,000  11.2/s  upd=17232  L=0.0186  D=0.650
[regir_last] 17:23:57  702,179/1,000,000  11.2/s  upd=17240  L=0.0173  D=0.650
[regir_last] 17:24:07  702,428/1,000,000  11.2/s  upd=17246  L=0.0143  D=0.650
[regir_last] 17:24:18  702,675/1,000,000  11.2/s  upd=17250  L=0.0241  D=0.650
[regir_last] 17:24:28  702,675/1,000,000  11.2/s  upd=17256  L=0.0243  D=0.650
[regir_last] 17:24:39  702,959/1,000,000  11.2/s  upd=17263  L=0.0201  D=0.650
[regir_last] report refresh skipped: PermissionError
[regir_last] 17:24:49  703,272/1,000,000  11.2/s  upd=17270  L=0.0233  D=0.650
[regir_last] 17:25:01  703,568/1,000,000  11.2/s  upd=17276  L=0.0285  D=0.650
[regir_last] 17:25:11  703,846/1,000,000  11.2/s  upd=17281  L=0.0238  D=0.650
[regir_last] 17:25:22  703,846/1,000,000  11.2/s  upd=17288  L=0.0192  D=0.650
[regir_last] 17:25:32  704,094/1,000,000  11.2/s  upd=17292  L=0.0172  D=0.650
[regir_last] 17:25:42  704,094/1,000,000  11.2/s  upd=17296  L=0.0208  D=0.650
[regir_last] 17:25:52  704,417/1,000,000  11.2/s  upd=17304  L=0.0224  D=0.650
[regir_last] 17:26:03  704,703/1,000,000  11.2/s  upd=17309  L=0.0186  D=0.650
[regir_last] 17:26:13  704,994/1,000,000  11.2/s  upd=17314  L=0.0222  D=0.650
[regir_last] 17:26:23  704,994/1,000,000  11.2/s  upd=17320  L=0.0210  D=0.650
[regir_last] 17:26:34  705,271/1,000,000  11.2/s  upd=17326  L=0.0271  D=0.650
[regir_last] 17:26:45  705,560/1,000,000  11.2/s  upd=17333  L=0.0211  D=0.650
[regir_last] 17:26:57  705,837/1,000,000  11.2/s  upd=17338  L=0.0160  D=0.650
[regir_last] 17:27:07  705,837/1,000,000  11.2/s  upd=17344  L=0.0176  D=0.650
[regir_last] 17:27:17  706,146/1,000,000  11.2/s  upd=17349  L=0.0206  D=0.650
[regir_last] 17:27:28  706,448/1,000,000  11.2/s  upd=17353  L=0.0218  D=0.650
[regir_last] 17:27:39  706,448/1,000,000  11.2/s  upd=17360  L=0.0264  D=0.650
[regir_last] 17:27:50  706,739/1,000,000  11.2/s  upd=17366  L=0.0232  D=0.650
[regir_last] 17:28:00  707,054/1,000,000  11.2/s  upd=17371  L=0.0192  D=0.650
[regir_last] 17:28:10  707,054/1,000,000  11.2/s  upd=17376  L=0.0162  D=0.650
[regir_last] 17:28:21  707,379/1,000,000  11.2/s  upd=17380  L=0.0317  D=0.650
[regir_last] 17:28:31  707,379/1,000,000  11.2/s  upd=17384  L=0.0471  D=0.650
[regir_last] 17:28:42  707,666/1,000,000  11.2/s  upd=17390  L=0.0177  D=0.650
[regir_last] 17:28:53  707,931/1,000,000  11.2/s  upd=17394  L=0.0230  D=0.650
[regir_last] 17:29:03  707,931/1,000,000  11.2/s  upd=17400  L=0.0150  D=0.650
[regir_last] 17:29:14  708,222/1,000,000  11.2/s  upd=17408  L=0.0194  D=0.650
[regir_last] 17:29:24  708,499/1,000,000  11.3/s  upd=17414  L=0.0291  D=0.650
[regir_last] 17:29:34  708,743/1,000,000  11.3/s  upd=17424  L=0.0345  D=0.650
[regir_last] report refresh skipped: PermissionError
[regir_last] 17:29:44  709,035/1,000,000  11.3/s  upd=17432  L=0.0272  D=0.650
[regir_last] 17:29:54  709,322/1,000,000  11.3/s  upd=17440  L=0.0317  D=0.650
[regir_last] 17:30:05  709,589/1,000,000  11.3/s  upd=17447  L=0.0194  D=0.650
[regir_last] 17:30:15  709,856/1,000,000  11.3/s  upd=17455  L=0.0252  D=0.650
[regir_last] 17:30:25  710,119/1,000,000  11.3/s  upd=17464  L=0.0191  D=0.650
[regir_last] 17:30:35  710,375/1,000,000  11.3/s  upd=17472  L=0.0219  D=0.650
[regir_last] 17:30:46  710,647/1,000,000  11.3/s  upd=17479  L=0.0159  D=0.650
[regir_last] saved resume t_env=710,647
[regir_last] 17:30:58  710,912/1,000,000  11.3/s  upd=17482  L=0.0259  D=0.650
[regir_last] 17:31:08  710,912/1,000,000  11.3/s  upd=17488  L=0.0188  D=0.650
[regir_last] 17:31:18  711,225/1,000,000  11.3/s  upd=17495  L=0.0304  D=0.650
[regir_last] 17:31:28  711,530/1,000,000  11.3/s  upd=17500  L=0.0168  D=0.650
[regir_last] 17:31:39  711,864/1,000,000  11.3/s  upd=17505  L=0.0204  D=0.650
[regir_last] 17:31:49  711,864/1,000,000  11.3/s  upd=17512  L=0.0553  D=0.650
[regir_last] 17:31:59  712,147/1,000,000  11.3/s  upd=17515  L=0.0187  D=0.650
[regir_last] 17:32:10  712,147/1,000,000  11.3/s  upd=17520  L=0.0191  D=0.650
[regir_last] 17:32:21  712,443/1,000,000  11.3/s  upd=17527  L=0.0203  D=0.650
[regir_last] 17:32:32  712,758/1,000,000  11.3/s  upd=17531  L=0.0202  D=0.650
[regir_last] 17:32:42  712,758/1,000,000  11.3/s  upd=17536  L=0.0160  D=0.650
[regir_last] 17:32:53  713,023/1,000,000  11.3/s  upd=17543  L=0.0226  D=0.650
[regir_last] 17:33:04  713,317/1,000,000  11.3/s  upd=17549  L=0.0313  D=0.650
[regir_last] 17:33:14  713,643/1,000,000  11.3/s  upd=17553  L=0.0214  D=0.650
[regir_last] 17:33:24  713,643/1,000,000  11.3/s  upd=17560  L=0.0313  D=0.650
[regir_last] 17:33:34  713,908/1,000,000  11.3/s  upd=17566  L=0.0265  D=0.650
[regir_last] 17:33:45  714,233/1,000,000  11.3/s  upd=17569  L=0.0214  D=0.650
[regir_last] 17:33:55  714,233/1,000,000  11.3/s  upd=17576  L=0.0538  D=0.650
[regir_last] 17:34:05  714,518/1,000,000  11.3/s  upd=17582  L=0.0190  D=0.650
[regir_last] 17:34:17  714,816/1,000,000  11.3/s  upd=17587  L=0.0283  D=0.650
[regir_last] 17:34:28  715,108/1,000,000  11.3/s  upd=17595  L=0.0263  D=0.650
[regir_last] 17:34:39  715,359/1,000,000  11.3/s  upd=17601  L=0.0340  D=0.650
[regir_last] report refresh skipped: PermissionError
[regir_last] 17:34:49  715,359/1,000,000  11.3/s  upd=17608  L=0.0168  D=0.650
[regir_last] 17:34:59  715,652/1,000,000  11.3/s  upd=17616  L=0.0242  D=0.650
[regir_last] 17:35:10  715,923/1,000,000  11.3/s  upd=17619  L=0.0200  D=0.650
[regir_last] 17:35:20  716,217/1,000,000  11.3/s  upd=17625  L=0.0183  D=0.650
[regir_last] 17:35:30  716,217/1,000,000  11.3/s  upd=17632  L=0.0274  D=0.650
[regir_last] 17:35:41  716,486/1,000,000  11.3/s  upd=17638  L=0.0188  D=0.650
[regir_last] 17:35:52  716,781/1,000,000  11.3/s  upd=17645  L=0.0296  D=0.650
[regir_last] 17:36:03  717,069/1,000,000  11.3/s  upd=17650  L=0.0278  D=0.650
[regir_last] 17:36:14  717,340/1,000,000  11.3/s  upd=17657  L=0.0337  D=0.650
[regir_last] 17:36:24  717,340/1,000,000  11.3/s  upd=17663  L=0.0232  D=0.650
[regir_last] 17:36:35  717,637/1,000,000  11.3/s  upd=17670  L=0.0273  D=0.650
[regir_last] 17:36:45  717,960/1,000,000  11.3/s  upd=17674  L=0.0215  D=0.650
[regir_last] 17:36:56  717,960/1,000,000  11.3/s  upd=17680  L=0.0322  D=0.650
[regir_last] 17:37:06  718,248/1,000,000  11.3/s  upd=17685  L=0.0307  D=0.650
[regir_last] 17:37:17  718,536/1,000,000  11.3/s  upd=17689  L=0.0201  D=0.650
[regir_last] 17:37:27  718,536/1,000,000  11.3/s  upd=17696  L=0.0240  D=0.650
[regir_last] 17:37:37  718,820/1,000,000  11.3/s  upd=17702  L=0.0232  D=0.650
[regir_last] 17:37:48  719,088/1,000,000  11.3/s  upd=17709  L=0.0246  D=0.650
[regir_last] 17:37:58  719,088/1,000,000  11.3/s  upd=17712  L=0.0265  D=0.650
[regir_last] 17:38:10  719,448/1,000,000  11.3/s  upd=17720  L=0.0227  D=0.650
[regir_last] 17:38:21  719,707/1,000,000  11.3/s  upd=17727  L=0.0175  D=0.650
[regir_last] 17:38:31  719,992/1,000,000  11.3/s  upd=17731  L=0.0390  D=0.650
[regir_last] 17:38:42  720,296/1,000,000  11.3/s  upd=17737  L=0.0217  D=0.650
[regir_last] 17:38:52  720,296/1,000,000  11.3/s  upd=17744  L=0.0253  D=0.650
[regir_last] saved resume t_env=720,296
[regir_last] 17:39:14  720,296/1,000,000  11.3/s  upd=17744  L=0.0253  ev=0/100  D=0.650
[regir_last] 17:39:25  720,296/1,000,000  11.3/s  upd=17744  L=0.0253  ev=24/100  D=0.650
[regir_last] 17:39:35  720,296/1,000,000  11.3/s  upd=17744  L=0.0253  ev=60/100  D=0.650
[regir_last] 17:39:45  720,296/1,000,000  11.3/s  upd=17744  L=0.0253  ev=80/100  D=0.650
[regir_last] report refresh skipped: PermissionError
[regir_last] report refresh skipped: PermissionError
[regir_last] 17:39:55  720,296/1,000,000  11.3/s  upd=17744  L=0.0253  D=0.758
[regir_last] 17:40:05  720,600/1,000,000  11.3/s  upd=17749  L=0.0187  D=0.758
[regir_last] 17:40:17  720,883/1,000,000  11.3/s  upd=17756  L=0.0235  D=0.758
[regir_last] 17:40:27  720,883/1,000,000  11.3/s  upd=17760  L=0.0163  D=0.758
[regir_last] 17:40:38  721,169/1,000,000  11.3/s  upd=17765  L=0.0223  D=0.758
[regir_last] 17:40:49  721,416/1,000,000  11.3/s  upd=17771  L=0.0209  D=0.758
[regir_last] 17:40:59  721,416/1,000,000  11.3/s  upd=17776  L=0.0181  D=0.758
[regir_last] 17:41:09  721,684/1,000,000  11.3/s  upd=17782  L=0.0214  D=0.758
[regir_last] 17:41:20  721,958/1,000,000  11.3/s  upd=17787  L=0.0253  D=0.758
[regir_last] 17:41:31  721,958/1,000,000  11.3/s  upd=17792  L=0.0171  D=0.758
[regir_last] 17:41:42  722,257/1,000,000  11.3/s  upd=17797  L=0.0218  D=0.758
[regir_last] 17:41:53  722,552/1,000,000  11.3/s  upd=17802  L=0.0239  D=0.758
[regir_last] 17:42:04  722,552/1,000,000  11.3/s  upd=17808  L=0.0198  D=0.758
[regir_last] 17:42:14  722,861/1,000,000  11.3/s  upd=17816  L=0.0293  D=0.758
[regir_last] 17:42:25  723,160/1,000,000  11.3/s  upd=17821  L=0.0292  D=0.758
[regir_last] 17:42:36  723,490/1,000,000  11.3/s  upd=17826  L=0.0293  D=0.758
[regir_last] 17:42:46  723,490/1,000,000  11.3/s  upd=17832  L=0.0187  D=0.758
[regir_last] 17:42:57  723,804/1,000,000  11.3/s  upd=17839  L=0.0202  D=0.758
[regir_last] 17:43:08  724,092/1,000,000  11.4/s  upd=17843  L=0.0174  D=0.758
[regir_last] 17:43:18  724,092/1,000,000  11.3/s  upd=17848  L=0.0204  D=0.758
[regir_last] 17:43:28  724,406/1,000,000  11.4/s  upd=17853  L=0.0217  D=0.758
[regir_last] 17:43:39  724,713/1,000,000  11.4/s  upd=17859  L=0.0161  D=0.758
[regir_last] 17:43:49  724,713/1,000,000  11.4/s  upd=17864  L=0.0196  D=0.758
[regir_last] 17:44:00  724,969/1,000,000  11.4/s  upd=17871  L=0.0242  D=0.758
[regir_last] 17:44:10  725,262/1,000,000  11.4/s  upd=17875  L=0.0190  D=0.758
[regir_last] 17:44:20  725,262/1,000,000  11.4/s  upd=17880  L=0.0231  D=0.758
[regir_last] 17:44:31  725,567/1,000,000  11.4/s  upd=17886  L=0.0245  D=0.758
[regir_last] 17:44:42  725,896/1,000,000  11.4/s  upd=17890  L=0.0280  D=0.758
[regir_last] 17:44:52  725,896/1,000,000  11.4/s  upd=17896  L=0.0192  D=0.758
[regir_last] 17:45:02  726,262/1,000,000  11.4/s  upd=17900  L=0.0216  D=0.758
[regir_last] report refresh skipped: PermissionError
[regir_last] 17:45:12  726,262/1,000,000  11.4/s  upd=17904  L=0.0221  D=0.758
[regir_last] 17:45:23  726,558/1,000,000  11.4/s  upd=17910  L=0.0397  D=0.758
[regir_last] 17:45:35  726,867/1,000,000  11.4/s  upd=17915  L=0.0232  D=0.758
[regir_last] 17:45:45  726,867/1,000,000  11.4/s  upd=17920  L=0.0246  D=0.758
[regir_last] 17:45:55  727,147/1,000,000  11.4/s  upd=17928  L=0.0276  D=0.758
[regir_last] 17:46:05  727,415/1,000,000  11.4/s  upd=17933  L=0.0219  D=0.758
[regir_last] 17:46:17  727,712/1,000,000  11.4/s  upd=17940  L=0.0240  D=0.758
[regir_last] 17:46:27  727,974/1,000,000  11.4/s  upd=17945  L=0.0200  D=0.758
[regir_last] 17:46:38  727,974/1,000,000  11.4/s  upd=17952  L=0.0197  D=0.758
[regir_last] 17:46:48  728,259/1,000,000  11.4/s  upd=17958  L=0.0229  D=0.758
[regir_last] 17:47:00  728,548/1,000,000  11.4/s  upd=17964  L=0.0261  D=0.758
[regir_last] 17:47:10  728,804/1,000,000  11.4/s  upd=17970  L=0.0143  D=0.758
[regir_last] 17:47:20  728,804/1,000,000  11.4/s  upd=17976  L=0.0279  D=0.758
[regir_last] 17:47:31  729,074/1,000,000  11.4/s  upd=17983  L=0.0171  D=0.758
[regir_last] 17:47:42  729,343/1,000,000  11.4/s  upd=17986  L=0.0162  D=0.758
[regir_last] 17:47:52  729,343/1,000,000  11.4/s  upd=17992  L=0.0209  D=0.758
[regir_last] 17:48:03  729,588/1,000,000  11.4/s  upd=17997  L=0.0202  D=0.758
[regir_last] 17:48:14  729,885/1,000,000  11.4/s  upd=18002  L=0.0201  D=0.758
[regir_last] 17:48:24  729,885/1,000,000  11.4/s  upd=18008  L=0.0239  D=0.758
[regir_last] 17:48:35  730,162/1,000,000  11.4/s  upd=18014  L=0.0230  D=0.758
[regir_last] 17:48:46  730,449/1,000,000  11.4/s  upd=18019  L=0.0209  D=0.758
[regir_last] 17:48:57  730,732/1,000,000  11.4/s  upd=18027  L=0.0252  D=0.758
[regir_last] saved resume t_env=730,732
[regir_last] 17:49:09  730,732/1,000,000  11.4/s  upd=18032  L=0.0340  D=0.758
[regir_last] 17:49:19  731,035/1,000,000  11.4/s  upd=18040  L=0.0187  D=0.758
[regir_last] 17:49:30  731,533/1,000,000  11.4/s  upd=18049  L=0.0147  D=0.758
[regir_last] 17:49:41  731,782/1,000,000  11.4/s  upd=18059  L=0.0297  D=0.758
[regir_last] 17:49:51  732,126/1,000,000  11.4/s  upd=18066  L=0.0191  D=0.758
[regir_last] 17:50:02  732,456/1,000,000  11.4/s  upd=18076  L=0.0171  D=0.758
[regir_last] 17:50:12  732,783/1,000,000  11.4/s  upd=18084  L=0.0208  D=0.758
[regir_last] report refresh skipped: PermissionError
[regir_last] 17:50:23  733,036/1,000,000  11.4/s  upd=18093  L=0.0220  D=0.758
[regir_last] 17:50:34  733,319/1,000,000  11.4/s  upd=18102  L=0.0141  D=0.758
[regir_last] 17:50:44  733,654/1,000,000  11.4/s  upd=18106  L=0.0168  D=0.758
[regir_last] 17:50:54  733,654/1,000,000  11.4/s  upd=18112  L=0.0143  D=0.758
[regir_last] 17:51:05  733,974/1,000,000  11.4/s  upd=18118  L=0.0177  D=0.758
[regir_last] 17:51:15  734,286/1,000,000  11.4/s  upd=18123  L=0.0290  D=0.758
[regir_last] 17:51:25  734,286/1,000,000  11.4/s  upd=18128  L=0.0229  D=0.758
[regir_last] 17:51:35  734,542/1,000,000  11.4/s  upd=18130  L=0.0260  D=0.758
[regir_last] 17:51:46  734,542/1,000,000  11.4/s  upd=18136  L=0.0176  D=0.758
[regir_last] 17:51:56  734,859/1,000,000  11.4/s  upd=18141  L=0.0217  D=0.758
[regir_last] 17:52:06  734,859/1,000,000  11.4/s  upd=18144  L=0.0270  D=0.758
[regir_last] 17:52:17  735,152/1,000,000  11.4/s  upd=18150  L=0.0149  D=0.758
[regir_last] 17:52:28  735,391/1,000,000  11.4/s  upd=18156  L=0.0186  D=0.758
[regir_last] 17:52:38  735,721/1,000,000  11.4/s  upd=18161  L=0.0227  D=0.758
[regir_last] 17:52:48  735,721/1,000,000  11.4/s  upd=18168  L=0.0181  D=0.758
[regir_last] 17:52:59  735,992/1,000,000  11.4/s  upd=18174  L=0.0186  D=0.758
[regir_last] 17:53:11  736,237/1,000,000  11.4/s  upd=18180  L=0.0159  D=0.758
[regir_last] 17:53:21  736,526/1,000,000  11.4/s  upd=18185  L=0.0159  D=0.758
[regir_last] 17:53:31  736,526/1,000,000  11.4/s  upd=18192  L=0.0212  D=0.758
[regir_last] 17:53:42  736,810/1,000,000  11.4/s  upd=18198  L=0.0298  D=0.758
[regir_last] 17:53:52  737,119/1,000,000  11.4/s  upd=18204  L=0.0147  D=0.758
[regir_last] 17:54:03  737,468/1,000,000  11.4/s  upd=18209  L=0.0234  D=0.758
[regir_last] 17:54:13  737,468/1,000,000  11.4/s  upd=18216  L=0.0186  D=0.758
[regir_last] 17:54:23  737,721/1,000,000  11.4/s  upd=18222  L=0.0168  D=0.758
[regir_last] 17:54:35  738,032/1,000,000  11.4/s  upd=18226  L=0.0233  D=0.758
[regir_last] 17:54:45  738,032/1,000,000  11.4/s  upd=18232  L=0.0184  D=0.758
[regir_last] 17:54:56  738,292/1,000,000  11.4/s  upd=18239  L=0.0232  D=0.758
[regir_last] 17:55:07  738,581/1,000,000  11.4/s  upd=18245  L=0.0186  D=0.758
[regir_last] 17:55:18  738,859/1,000,000  11.5/s  upd=18252  L=0.0281  D=0.758
[regir_last] report refresh skipped: PermissionError
[regir_last] 17:55:29  739,136/1,000,000  11.5/s  upd=18258  L=0.0137  D=0.758
[regir_last] 17:55:39  739,136/1,000,000  11.5/s  upd=18264  L=0.0189  D=0.758
[regir_last] 17:55:50  739,409/1,000,000  11.5/s  upd=18272  L=0.0163  D=0.758
[regir_last] 17:56:01  739,721/1,000,000  11.5/s  upd=18279  L=0.0272  D=0.758
[regir_last] 17:56:12  739,996/1,000,000  11.5/s  upd=18285  L=0.0158  D=0.758
[regir_last] 17:56:23  740,229/1,000,000  11.5/s  upd=18293  L=0.0269  D=0.758
[regir_last] saved resume t_env=740,229
[regir_last] 17:56:48  740,229/1,000,000  11.5/s  upd=18296  L=0.0237  ev=0/100  D=0.758
[regir_last] 17:56:58  740,229/1,000,000  11.5/s  upd=18296  L=0.0237  ev=32/100  D=0.758
[regir_last] 17:57:08  740,229/1,000,000  11.5/s  upd=18296  L=0.0237  ev=64/100  D=0.758
[regir_last] 17:57:19  740,229/1,000,000  11.5/s  upd=18296  L=0.0237  ev=88/100  D=0.758
[regir_last] report refresh skipped: PermissionError
[regir_last] 17:57:30  740,530/1,000,000  11.5/s  upd=18298  L=0.0228  D=0.569
[regir_last] 17:57:40  740,772/1,000,000  11.5/s  upd=18305  L=0.0159  D=0.569
[regir_last] 17:57:50  740,772/1,000,000  11.5/s  upd=18312  L=0.0169  D=0.569
[regir_last] 17:58:01  741,059/1,000,000  11.5/s  upd=18319  L=0.0199  D=0.569
[regir_last] 17:58:13  741,321/1,000,000  11.5/s  upd=18326  L=0.0200  D=0.569
[regir_last] 17:58:24  741,601/1,000,000  11.5/s  upd=18335  L=0.0190  D=0.569
[regir_last] 17:58:34  741,914/1,000,000  11.5/s  upd=18342  L=0.0158  D=0.569
[regir_last] 17:58:45  742,202/1,000,000  11.5/s  upd=18349  L=0.0236  D=0.569
[regir_last] 17:58:56  742,492/1,000,000  11.5/s  upd=18355  L=0.0174  D=0.569
[regir_last] 17:59:07  742,784/1,000,000  11.5/s  upd=18361  L=0.0200  D=0.569
[regir_last] 17:59:17  742,784/1,000,000  11.5/s  upd=18368  L=0.0190  D=0.569
[regir_last] 17:59:27  743,062/1,000,000  11.5/s  upd=18376  L=0.0167  D=0.569
[regir_last] 17:59:38  743,357/1,000,000  11.5/s  upd=18382  L=0.0287  D=0.569
[regir_last] 17:59:49  743,655/1,000,000  11.5/s  upd=18389  L=0.0207  D=0.569
[regir_last] 18:00:00  743,956/1,000,000  11.5/s  upd=18395  L=0.0188  D=0.569
[regir_last] 18:00:11  744,231/1,000,000  11.5/s  upd=18402  L=0.0189  D=0.569
[regir_last] 18:00:21  744,231/1,000,000  11.5/s  upd=18408  L=0.0126  D=0.569
[regir_last] 18:00:33  744,543/1,000,000  11.5/s  upd=18414  L=0.0294  D=0.569
[regir_last] report refresh skipped: PermissionError
[regir_last] 18:00:44  744,836/1,000,000  11.5/s  upd=18420  L=0.0206  D=0.569
[regir_last] 18:00:54  745,130/1,000,000  11.5/s  upd=18427  L=0.0165  D=0.569
[regir_last] 18:01:05  745,440/1,000,000  11.5/s  upd=18434  L=0.0224  D=0.569
[regir_last] 18:01:15  745,440/1,000,000  11.5/s  upd=18440  L=0.0142  D=0.569
[regir_last] 18:01:25  745,738/1,000,000  11.5/s  upd=18446  L=0.0210  D=0.569
[regir_last] 18:01:37  746,013/1,000,000  11.5/s  upd=18452  L=0.0159  D=0.569
[regir_last] 18:01:47  746,292/1,000,000  11.5/s  upd=18459  L=0.0118  D=0.569
[regir_last] 18:01:57  746,543/1,000,000  11.5/s  upd=18466  L=0.0271  D=0.569
[regir_last] 18:02:08  746,543/1,000,000  11.5/s  upd=18472  L=0.0127  D=0.569
[regir_last] 18:02:19  746,847/1,000,000  11.5/s  upd=18479  L=0.0270  D=0.569
[regir_last] 18:02:29  747,158/1,000,000  11.5/s  upd=18485  L=0.0242  D=0.569
[regir_last] 18:02:40  747,450/1,000,000  11.5/s  upd=18491  L=0.0175  D=0.569
[regir_last] 18:02:50  747,834/1,000,000  11.5/s  upd=18498  L=0.0202  D=0.569
[regir_last] 18:03:00  748,126/1,000,000  11.5/s  upd=18505  L=0.0166  D=0.569
[regir_last] 18:03:11  748,385/1,000,000  11.5/s  upd=18513  L=0.0213  D=0.569
[regir_last] 18:03:21  748,385/1,000,000  11.5/s  upd=18520  L=0.0194  D=0.569
[regir_last] 18:03:31  748,669/1,000,000  11.5/s  upd=18528  L=0.0265  D=0.569
[regir_last] 18:03:42  748,927/1,000,000  11.5/s  upd=18536  L=0.0175  D=0.569
[regir_last] 18:03:52  749,199/1,000,000  11.5/s  upd=18542  L=0.0159  D=0.569
[regir_last] 18:04:02  749,493/1,000,000  11.5/s  upd=18548  L=0.0222  D=0.569
[regir_last] 18:04:13  749,770/1,000,000  11.5/s  upd=18556  L=0.0300  D=0.569
[regir_last] 18:04:24  750,069/1,000,000  11.5/s  upd=18564  L=0.0181  D=0.569
[regir_last] 18:04:34  750,386/1,000,000  11.5/s  upd=18571  L=0.0206  D=0.569
[regir_last] 18:04:44  750,386/1,000,000  11.5/s  upd=18576  L=0.0180  D=0.569
[regir_last] 18:04:55  750,714/1,000,000  11.5/s  upd=18584  L=0.0204  D=0.569
[regir_last] 18:05:05  751,025/1,000,000  11.5/s  upd=18590  L=0.0276  D=0.569
[regir_last] 18:05:15  751,267/1,000,000  11.5/s  upd=18597  L=0.0180  D=0.569
[regir_last] 18:05:26  751,561/1,000,000  11.5/s  upd=18603  L=0.0184  D=0.569
[regir_last] 18:05:38  751,850/1,000,000  11.5/s  upd=18609  L=0.0238  D=0.569
[regir_last] 18:05:48  751,850/1,000,000  11.5/s  upd=18616  L=0.0211  D=0.569
[regir_last] report refresh skipped: PermissionError
[regir_last] 18:05:58  752,117/1,000,000  11.5/s  upd=18624  L=0.0191  D=0.569
[regir_last] 18:06:08  752,424/1,000,000  11.5/s  upd=18631  L=0.0160  D=0.569
[regir_last] 18:06:19  752,768/1,000,000  11.5/s  upd=18638  L=0.0150  D=0.569
[regir_last] 18:06:30  753,059/1,000,000  11.6/s  upd=18645  L=0.0187  D=0.569
[regir_last] saved resume t_env=753,059
[regir_last] 18:06:40  753,059/1,000,000  11.5/s  upd=18648  L=0.0223  D=0.569
[regir_last] 18:06:50  753,323/1,000,000  11.6/s  upd=18656  L=0.0163  D=0.569
[regir_last] 18:07:01  753,620/1,000,000  11.6/s  upd=18663  L=0.0250  D=0.569
[regir_last] 18:07:13  753,895/1,000,000  11.6/s  upd=18669  L=0.0182  D=0.569
[regir_last] 18:07:24  754,192/1,000,000  11.6/s  upd=18678  L=0.0217  D=0.569
[regir_last] 18:07:34  754,470/1,000,000  11.6/s  upd=18688  L=0.0168  D=0.569
[regir_last] 18:07:44  755,065/1,000,000  11.6/s  upd=18697  L=0.0312  D=0.569
[regir_last] 18:07:55  755,347/1,000,000  11.6/s  upd=18708  L=0.0225  D=0.569
[regir_last] 18:08:05  755,623/1,000,000  11.6/s  upd=18717  L=0.0261  D=0.569
[regir_last] 18:08:16  755,906/1,000,000  11.6/s  upd=18728  L=0.0226  D=0.569
[regir_last] 18:08:26  756,214/1,000,000  11.6/s  upd=18736  L=0.0210  D=0.569
[regir_last] 18:08:36  756,473/1,000,000  11.6/s  upd=18742  L=0.0144  D=0.569
[regir_last] 18:08:49  756,740/1,000,000  11.6/s  upd=18749  L=0.0253  D=0.569
[regir_last] 18:09:00  757,016/1,000,000  11.6/s  upd=18757  L=0.0192  D=0.569
[regir_last] 18:09:11  757,270/1,000,000  11.6/s  upd=18763  L=0.0167  D=0.569
[regir_last] 18:09:21  757,525/1,000,000  11.6/s  upd=18769  L=0.0146  D=0.569
[regir_last] 18:09:31  757,525/1,000,000  11.6/s  upd=18776  L=0.0260  D=0.569
[regir_last] 18:09:42  757,775/1,000,000  11.6/s  upd=18784  L=0.0197  D=0.569
[regir_last] 18:09:54  758,037/1,000,000  11.6/s  upd=18788  L=0.0198  D=0.569
[regir_last] 18:10:05  758,338/1,000,000  11.6/s  upd=18796  L=0.0249  D=0.569
[regir_last] 18:10:15  758,338/1,000,000  11.6/s  upd=18800  L=0.0166  D=0.569
[regir_last] 18:10:27  758,620/1,000,000  11.6/s  upd=18808  L=0.0201  D=0.569
[regir_last] 18:10:37  758,900/1,000,000  11.6/s  upd=18816  L=0.0228  D=0.569
[regir_last] 18:10:49  759,203/1,000,000  11.6/s  upd=18822  L=0.0153  D=0.569
[regir_last] report refresh skipped: PermissionError
[regir_last] 18:10:59  759,482/1,000,000  11.6/s  upd=18827  L=0.0185  D=0.569
[regir_last] 18:11:10  759,758/1,000,000  11.6/s  upd=18833  L=0.0176  D=0.569
[regir_last] 18:11:21  759,758/1,000,000  11.6/s  upd=18840  L=0.0208  D=0.569
[regir_last] 18:11:32  760,034/1,000,000  11.6/s  upd=18845  L=0.0195  D=0.569
[regir_last] saved resume t_env=760,034
[regir_last] 18:11:58  760,034/1,000,000  11.6/s  upd=18848  L=0.0148  ev=0/100  D=0.569
[regir_last] 18:12:08  760,034/1,000,000  11.6/s  upd=18848  L=0.0148  ev=31/100  D=0.569
[regir_last] 18:12:18  760,034/1,000,000  11.6/s  upd=18848  L=0.0148  ev=64/100  D=0.569
[regir_last] report refresh skipped: PermissionError
[regir_last] 18:12:28  760,034/1,000,000  11.6/s  upd=18848  L=0.0148  D=0.499
[regir_last] 18:12:39  760,547/1,000,000  11.6/s  upd=18857  L=0.0287  D=0.499
[regir_last] 18:12:49  760,547/1,000,000  11.6/s  upd=18864  L=0.0165  D=0.499
[regir_last] 18:12:59  760,808/1,000,000  11.6/s  upd=18872  L=0.0153  D=0.499
[regir_last] 18:13:09  761,078/1,000,000  11.6/s  upd=18878  L=0.0177  D=0.499
[regir_last] 18:13:20  761,388/1,000,000  11.6/s  upd=18884  L=0.0155  D=0.499
[regir_last] 18:13:32  761,677/1,000,000  11.6/s  upd=18891  L=0.0220  D=0.499
[regir_last] 18:13:42  761,981/1,000,000  11.6/s  upd=18898  L=0.0176  D=0.499
[regir_last] 18:13:52  761,981/1,000,000  11.6/s  upd=18904  L=0.0379  D=0.499
[regir_last] 18:14:03  762,275/1,000,000  11.6/s  upd=18912  L=0.0160  D=0.499
[regir_last] 18:14:14  762,552/1,000,000  11.6/s  upd=18919  L=0.0245  D=0.499
[regir_last] 18:14:26  762,788/1,000,000  11.6/s  upd=18928  L=0.0170  D=0.499
[regir_last] 18:14:37  763,086/1,000,000  11.6/s  upd=18932  L=0.0184  D=0.499
[regir_last] 18:14:48  763,378/1,000,000  11.6/s  upd=18940  L=0.0163  D=0.499
[regir_last] 18:14:58  763,640/1,000,000  11.6/s  upd=18947  L=0.0180  D=0.499
[regir_last] 18:15:08  763,899/1,000,000  11.6/s  upd=18954  L=0.0194  D=0.499
[regir_last] 18:15:18  764,167/1,000,000  11.6/s  upd=18961  L=0.0160  D=0.499
[regir_last] 18:15:30  764,167/1,000,000  11.6/s  upd=18968  L=0.0260  D=0.499
[regir_last] 18:15:40  764,457/1,000,000  11.6/s  upd=18974  L=0.0234  D=0.499
[regir_last] 18:15:50  764,719/1,000,000  11.6/s  upd=18979  L=0.0315  D=0.499
[regir_last] report refresh skipped: PermissionError
[regir_last] 18:16:01  765,006/1,000,000  11.6/s  upd=18986  L=0.0175  D=0.499
[regir_last] 18:16:12  765,006/1,000,000  11.6/s  upd=18992  L=0.0220  D=0.499
[regir_last] 18:16:22  765,255/1,000,000  11.6/s  upd=18998  L=0.0201  D=0.499
[regir_last] 18:16:32  765,506/1,000,000  11.6/s  upd=19004  L=0.0318  D=0.499
[regir_last] 18:16:43  765,756/1,000,000  11.6/s  upd=19010  L=0.0305  D=0.499
[regir_last] 18:16:54  766,024/1,000,000  11.6/s  upd=19017  L=0.0155  D=0.499
[regir_last] 18:17:04  766,024/1,000,000  11.6/s  upd=19023  L=0.0148  D=0.499
[regir_last] 18:17:14  766,315/1,000,000  11.6/s  upd=19029  L=0.0267  D=0.499
[regir_last] 18:17:24  766,599/1,000,000  11.6/s  upd=19037  L=0.0301  D=0.499
[regir_last] 18:17:34  766,882/1,000,000  11.6/s  upd=19043  L=0.0222  D=0.499
[regir_last] 18:17:45  767,183/1,000,000  11.6/s  upd=19050  L=0.0287  D=0.499
[regir_last] 18:17:55  767,183/1,000,000  11.6/s  upd=19056  L=0.0189  D=0.499
[regir_last] 18:18:06  767,427/1,000,000  11.6/s  upd=19063  L=0.0154  D=0.499
[regir_last] 18:18:17  767,697/1,000,000  11.6/s  upd=19068  L=0.0149  D=0.499
[regir_last] 18:18:27  767,954/1,000,000  11.7/s  upd=19074  L=0.0315  D=0.499
[regir_last] 18:18:37  767,954/1,000,000  11.7/s  upd=19080  L=0.0277  D=0.499
[regir_last] 18:18:48  768,227/1,000,000  11.7/s  upd=19087  L=0.0187  D=0.499
[regir_last] 18:18:58  768,506/1,000,000  11.7/s  upd=19092  L=0.0195  D=0.499
[regir_last] 18:19:09  768,752/1,000,000  11.7/s  upd=19098  L=0.0211  D=0.499
[regir_last] 18:19:19  768,752/1,000,000  11.7/s  upd=19104  L=0.0204  D=0.499
[regir_last] 18:19:29  769,017/1,000,000  11.7/s  upd=19111  L=0.0158  D=0.499
[regir_last] 18:19:40  769,289/1,000,000  11.7/s  upd=19118  L=0.0248  D=0.499
[regir_last] 18:19:50  769,541/1,000,000  11.7/s  upd=19123  L=0.0192  D=0.499
[regir_last] 18:20:00  769,541/1,000,000  11.7/s  upd=19128  L=0.0226  D=0.499
[regir_last] 18:20:12  769,824/1,000,000  11.7/s  upd=19136  L=0.0187  D=0.499
[regir_last] 18:20:22  770,122/1,000,000  11.7/s  upd=19144  L=0.0172  D=0.499
[regir_last] 18:20:33  770,421/1,000,000  11.7/s  upd=19149  L=0.0237  D=0.499
[regir_last] 18:20:43  770,698/1,000,000  11.7/s  upd=19153  L=0.0258  D=0.499
[regir_last] 18:20:53  770,698/1,000,000  11.7/s  upd=19160  L=0.0176  D=0.499
[regir_last] report refresh skipped: PermissionError
[regir_last] 18:21:03  770,975/1,000,000  11.7/s  upd=19168  L=0.0185  D=0.499
[regir_last] 18:21:14  771,268/1,000,000  11.7/s  upd=19175  L=0.0190  D=0.499
[regir_last] 18:21:24  771,521/1,000,000  11.7/s  upd=19182  L=0.0183  D=0.499
[regir_last] 18:21:35  771,803/1,000,000  11.7/s  upd=19192  L=0.0285  D=0.499
[regir_last] 18:21:45  772,080/1,000,000  11.7/s  upd=19198  L=0.0205  D=0.499
[regir_last] saved resume t_env=772,080
[regir_last] 18:21:56  772,393/1,000,000  11.7/s  upd=19202  L=0.0223  D=0.499
[regir_last] 18:22:06  772,393/1,000,000  11.7/s  upd=19208  L=0.0182  D=0.499
[regir_last] 18:22:16  772,684/1,000,000  11.7/s  upd=19216  L=0.0200  D=0.499
[regir_last] 18:22:28  772,965/1,000,000  11.7/s  upd=19223  L=0.0222  D=0.499
[regir_last] 18:22:39  773,223/1,000,000  11.7/s  upd=19231  L=0.0160  D=0.499
[regir_last] 18:22:49  773,491/1,000,000  11.7/s  upd=19239  L=0.0224  D=0.499
[regir_last] 18:23:00  773,751/1,000,000  11.7/s  upd=19246  L=0.0209  D=0.499
[regir_last] 18:23:10  774,022/1,000,000  11.7/s  upd=19252  L=0.0203  D=0.499
[regir_last] 18:23:22  774,309/1,000,000  11.7/s  upd=19258  L=0.0348  D=0.499
[regir_last] 18:23:32  774,309/1,000,000  11.7/s  upd=19264  L=0.0150  D=0.499
[regir_last] 18:23:42  774,615/1,000,000  11.7/s  upd=19271  L=0.0274  D=0.499
[regir_last] 18:23:53  774,879/1,000,000  11.7/s  upd=19275  L=0.0135  D=0.499
[regir_last] 18:24:03  774,879/1,000,000  11.7/s  upd=19280  L=0.0133  D=0.499
[regir_last] 18:24:14  775,211/1,000,000  11.7/s  upd=19282  L=0.0220  D=0.499
[regir_last] 18:24:24  775,211/1,000,000  11.7/s  upd=19288  L=0.0236  D=0.499
[regir_last] 18:24:35  775,466/1,000,000  11.7/s  upd=19291  L=0.0161  D=0.499
[regir_last] 18:24:45  775,732/1,000,000  11.7/s  upd=19297  L=0.0198  D=0.499
[regir_last] 18:24:55  775,732/1,000,000  11.7/s  upd=19304  L=0.0284  D=0.499
[regir_last] 18:25:06  776,069/1,000,000  11.7/s  upd=19308  L=0.0203  D=0.499
[regir_last] 18:25:16  776,069/1,000,000  11.7/s  upd=19312  L=0.0197  D=0.499
[regir_last] 18:25:26  776,330/1,000,000  11.7/s  upd=19320  L=0.0228  D=0.499
[regir_last] 18:25:37  776,593/1,000,000  11.7/s  upd=19325  L=0.0164  D=0.499
[regir_last] 18:25:48  776,843/1,000,000  11.7/s  upd=19330  L=0.0166  D=0.499
[regir_last] 18:25:58  776,843/1,000,000  11.7/s  upd=19336  L=0.0214  D=0.499
[regir_last] 18:26:08  777,149/1,000,000  11.7/s  upd=19344  L=0.0225  D=0.499
[regir_last] report refresh skipped: PermissionError
[regir_last] 18:26:19  777,371/1,000,000  11.7/s  upd=19348  L=0.0153  D=0.499
[regir_last] 18:26:29  777,371/1,000,000  11.7/s  upd=19352  L=0.0167  D=0.499
[regir_last] 18:26:39  777,642/1,000,000  11.7/s  upd=19359  L=0.0196  D=0.499
[regir_last] 18:26:50  777,966/1,000,000  11.7/s  upd=19364  L=0.0227  D=0.499
[regir_last] 18:27:00  777,966/1,000,000  11.7/s  upd=19368  L=0.0223  D=0.499
[regir_last] 18:27:11  778,253/1,000,000  11.7/s  upd=19373  L=0.0140  D=0.499
[regir_last] 18:27:21  778,253/1,000,000  11.7/s  upd=19376  L=0.0245  D=0.499
[regir_last] 18:27:32  778,514/1,000,000  11.7/s  upd=19381  L=0.0163  D=0.499
[regir_last] 18:27:42  778,514/1,000,000  11.7/s  upd=19384  L=0.0143  D=0.499
[regir_last] 18:27:52  778,820/1,000,000  11.7/s  upd=19387  L=0.0329  D=0.499
[regir_last] 18:28:02  778,820/1,000,000  11.7/s  upd=19392  L=0.0216  D=0.499
[regir_last] 18:28:12  779,148/1,000,000  11.7/s  upd=19393  L=0.0133  D=0.499
[regir_last] 18:28:22  779,148/1,000,000  11.7/s  upd=19400  L=0.0175  D=0.499
[regir_last] 18:28:33  779,428/1,000,000  11.7/s  upd=19403  L=0.0177  D=0.499
[regir_last] 18:28:45  779,428/1,000,000  11.7/s  upd=19408  L=0.0198  D=0.499
[regir_last] 18:28:56  779,722/1,000,000  11.7/s  upd=19409  L=0.0170  D=0.499
[regir_last] 18:29:08  779,722/1,000,000  11.7/s  upd=19415  L=0.0174  D=0.499
[regir_last] 18:29:19  780,026/1,000,000  11.7/s  upd=19419  L=0.0153  D=0.499
[regir_last] 18:29:29  780,026/1,000,000  11.7/s  upd=19424  L=0.0206  D=0.499
[regir_last] saved resume t_env=780,026
[regir_last] 18:29:53  780,026/1,000,000  11.7/s  upd=19424  L=0.0206  ev=0/100  D=0.499
[regir_last] 18:30:03  780,026/1,000,000  11.7/s  upd=19424  L=0.0206  ev=8/100  D=0.499
[regir_last] 18:30:13  780,026/1,000,000  11.7/s  upd=19424  L=0.0206  ev=16/100  D=0.499
[regir_last] 18:30:23  780,026/1,000,000  11.7/s  upd=19424  L=0.0206  ev=33/100  D=0.499
[regir_last] 18:30:33  780,026/1,000,000  11.7/s  upd=19424  L=0.0206  ev=42/100  D=0.499
[regir_last] 18:30:43  780,026/1,000,000  11.7/s  upd=19424  L=0.0206  ev=56/100  D=0.499
[regir_last] 18:30:53  780,026/1,000,000  11.7/s  upd=19424  L=0.0206  ev=64/100  D=0.499
[regir_last] 18:31:03  780,026/1,000,000  11.7/s  upd=19424  L=0.0206  ev=79/100  D=0.499
[regir_last] 18:31:13  780,026/1,000,000  11.7/s  upd=19424  L=0.0206  ev=83/100  D=0.499
[regir_last] 18:31:23  780,026/1,000,000  11.7/s  upd=19424  L=0.0206  ev=96/100  D=0.499
[regir_last] report refresh skipped: PermissionError
[regir_last] report refresh skipped: PermissionError
[regir_last] 18:31:33  780,026/1,000,000  11.7/s  upd=19424  L=0.0206  D=0.517
[regir_last] 18:31:45  780,281/1,000,000  11.7/s  upd=19428  L=0.0157  D=0.517
[regir_last] 18:31:55  780,281/1,000,000  11.7/s  upd=19432  L=0.0253  D=0.517
[regir_last] 18:32:06  780,559/1,000,000  11.7/s  upd=19439  L=0.0204  D=0.517
[regir_last] 18:32:16  780,559/1,000,000  11.7/s  upd=19440  L=0.0142  D=0.517
[regir_last] 18:32:28  780,822/1,000,000  11.7/s  upd=19447  L=0.0162  D=0.517
[regir_last] 18:32:40  781,117/1,000,000  11.7/s  upd=19451  L=0.0457  D=0.517
[regir_last] 18:32:51  781,414/1,000,000  11.7/s  upd=19458  L=0.0160  D=0.517
[regir_last] 18:33:03  781,732/1,000,000  11.7/s  upd=19465  L=0.0187  D=0.517
[regir_last] 18:33:13  781,732/1,000,000  11.7/s  upd=19472  L=0.0187  D=0.517
[regir_last] 18:33:23  782,020/1,000,000  11.7/s  upd=19480  L=0.0233  D=0.517
[regir_last] 18:33:34  782,301/1,000,000  11.7/s  upd=19487  L=0.0173  D=0.517
[regir_last] 18:33:44  782,597/1,000,000  11.7/s  upd=19493  L=0.0255  D=0.517
[regir_last] 18:33:55  782,853/1,000,000  11.7/s  upd=19500  L=0.0238  D=0.517
[regir_last] 18:34:05  782,853/1,000,000  11.7/s  upd=19504  L=0.0237  D=0.517
[regir_last] 18:34:17  783,157/1,000,000  11.7/s  upd=19508  L=0.0239  D=0.517
[regir_last] 18:34:27  783,157/1,000,000  11.7/s  upd=19512  L=0.0242  D=0.517
[regir_last] 18:34:37  783,432/1,000,000  11.7/s  upd=19518  L=0.0252  D=0.517
[regir_last] 18:34:48  783,706/1,000,000  11.7/s  upd=19521  L=0.0285  D=0.517
[regir_last] 18:34:58  783,706/1,000,000  11.7/s  upd=19528  L=0.0343  D=0.517
[regir_last] 18:35:08  783,983/1,000,000  11.7/s  upd=19530  L=0.0168  D=0.517
[regir_last] 18:35:18  783,983/1,000,000  11.7/s  upd=19536  L=0.0161  D=0.517
[regir_last] 18:35:28  784,307/1,000,000  11.7/s  upd=19538  L=0.0181  D=0.517
[regir_last] 18:35:39  784,557/1,000,000  11.7/s  upd=19546  L=0.0152  D=0.517
[regir_last] 18:35:49  784,810/1,000,000  11.7/s  upd=19553  L=0.0202  D=0.517
[regir_last] 18:36:00  784,810/1,000,000  11.7/s  upd=19559  L=0.0182  D=0.517
[regir_last] 18:36:11  785,145/1,000,000  11.7/s  upd=19565  L=0.0225  D=0.517
[regir_last] 18:36:22  785,473/1,000,000  11.7/s  upd=19573  L=0.0144  D=0.517
[regir_last] 18:36:32  785,757/1,000,000  11.7/s  upd=19580  L=0.0179  D=0.517
[regir_last] report refresh skipped: PermissionError
[regir_last] 18:36:42  785,757/1,000,000  11.7/s  upd=19584  L=0.0147  D=0.517
[regir_last] 18:36:57  786,061/1,000,000  11.7/s  upd=19587  L=0.0153  D=0.517
[regir_last] 18:37:08  786,061/1,000,000  11.7/s  upd=19592  L=0.0214  D=0.517
[regir_last] 18:37:19  786,361/1,000,000  11.7/s  upd=19595  L=0.0448  D=0.517
[regir_last] 18:37:29  786,361/1,000,000  11.7/s  upd=19600  L=0.0179  D=0.517
[regir_last] 18:37:39  786,653/1,000,000  11.7/s  upd=19604  L=0.0136  D=0.517
[regir_last] 18:37:49  786,653/1,000,000  11.7/s  upd=19608  L=0.0192  D=0.517
[regir_last] 18:37:59  787,011/1,000,000  11.7/s  upd=19611  L=0.0175  D=0.517
[regir_last] 18:38:09  787,011/1,000,000  11.7/s  upd=19616  L=0.0225  D=0.517
[regir_last] 18:38:19  787,306/1,000,000  11.7/s  upd=19618  L=0.0185  D=0.517
[regir_last] 18:38:29  787,306/1,000,000  11.7/s  upd=19624  L=0.0180  D=0.517
[regir_last] 18:38:41  787,576/1,000,000  11.7/s  upd=19627  L=0.0243  D=0.517
[regir_last] 18:38:51  787,576/1,000,000  11.7/s  upd=19632  L=0.0160  D=0.517
[regir_last] 18:39:03  787,850/1,000,000  11.7/s  upd=19635  L=0.0498  D=0.517
[regir_last] 18:39:13  787,850/1,000,000  11.7/s  upd=19640  L=0.0223  D=0.517
[regir_last] 18:39:23  788,145/1,000,000  11.7/s  upd=19645  L=0.0152  D=0.517
[regir_last] 18:39:34  788,401/1,000,000  11.7/s  upd=19649  L=0.0176  D=0.517
[regir_last] 18:39:45  788,401/1,000,000  11.7/s  upd=19654  L=0.0186  D=0.517
[regir_last] saved resume t_env=788,401
[regir_last] 18:39:55  788,401/1,000,000  11.7/s  upd=19656  L=0.0179  D=0.517
[regir_last] 18:40:07  788,685/1,000,000  11.7/s  upd=19661  L=0.0155  D=0.517
[regir_last] 18:40:18  788,973/1,000,000  11.7/s  upd=19665  L=0.0170  D=0.517
[regir_last] 18:40:29  788,973/1,000,000  11.7/s  upd=19672  L=0.0156  D=0.517
[regir_last] 18:40:39  789,246/1,000,000  11.7/s  upd=19675  L=0.0344  D=0.517
[regir_last] 18:40:50  789,246/1,000,000  11.7/s  upd=19680  L=0.0203  D=0.517
[regir_last] 18:41:01  789,560/1,000,000  11.7/s  upd=19684  L=0.0201  D=0.517
[regir_last] 18:41:11  789,852/1,000,000  11.7/s  upd=19689  L=0.0179  D=0.517
[regir_last] 18:41:21  789,852/1,000,000  11.7/s  upd=19696  L=0.0177  D=0.517
[regir_last] 18:41:32  790,109/1,000,000  11.7/s  upd=19701  L=0.0202  D=0.517
[regir_last] 18:41:43  790,379/1,000,000  11.7/s  upd=19709  L=0.0197  D=0.517
[regir_last] report refresh skipped: PermissionError
[regir_last] 18:41:54  790,630/1,000,000  11.7/s  upd=19715  L=0.0149  D=0.517
[regir_last] 18:42:04  790,630/1,000,000  11.7/s  upd=19720  L=0.0222  D=0.517
[regir_last] 18:42:14  790,918/1,000,000  11.7/s  upd=19728  L=0.0184  D=0.517
[regir_last] 18:42:24  791,171/1,000,000  11.7/s  upd=19734  L=0.0185  D=0.517
[regir_last] 18:42:36  791,464/1,000,000  11.8/s  upd=19742  L=0.0205  D=0.517
[regir_last] 18:42:46  791,756/1,000,000  11.8/s  upd=19746  L=0.0235  D=0.517
[regir_last] 18:42:56  791,756/1,000,000  11.8/s  upd=19752  L=0.0223  D=0.517
[regir_last] 18:43:06  792,054/1,000,000  11.8/s  upd=19760  L=0.0196  D=0.517
[regir_last] 18:43:17  792,319/1,000,000  11.8/s  upd=19767  L=0.0168  D=0.517
[regir_last] 18:43:28  792,634/1,000,000  11.8/s  upd=19773  L=0.0236  D=0.517
[regir_last] 18:43:38  792,925/1,000,000  11.8/s  upd=19779  L=0.0136  D=0.517
[regir_last] 18:43:49  793,198/1,000,000  11.8/s  upd=19786  L=0.0205  D=0.517
[regir_last] 18:44:01  793,457/1,000,000  11.8/s  upd=19793  L=0.0163  D=0.517
[regir_last] 18:44:11  793,457/1,000,000  11.8/s  upd=19800  L=0.0180  D=0.517
[regir_last] 18:44:22  793,733/1,000,000  11.8/s  upd=19808  L=0.0133  D=0.517
[regir_last] 18:44:33  794,032/1,000,000  11.8/s  upd=19814  L=0.0178  D=0.517
[regir_last] 18:44:44  794,307/1,000,000  11.8/s  upd=19819  L=0.0273  D=0.517
[regir_last] 18:44:54  794,604/1,000,000  11.8/s  upd=19825  L=0.0222  D=0.517
[regir_last] 18:45:06  794,894/1,000,000  11.8/s  upd=19834  L=0.0240  D=0.517
[regir_last] 18:45:16  794,894/1,000,000  11.8/s  upd=19840  L=0.0185  D=0.517
[regir_last] 18:45:26  795,180/1,000,000  11.8/s  upd=19848  L=0.0155  D=0.517
[regir_last] 18:45:38  795,508/1,000,000  11.8/s  upd=19856  L=0.0178  D=0.517
[regir_last] 18:45:48  795,782/1,000,000  11.8/s  upd=19864  L=0.0310  D=0.517
[regir_last] 18:45:58  796,093/1,000,000  11.8/s  upd=19871  L=0.0191  D=0.517
[regir_last] 18:46:09  796,368/1,000,000  11.8/s  upd=19877  L=0.0207  D=0.517
[regir_last] 18:46:20  796,669/1,000,000  11.8/s  upd=19883  L=0.0134  D=0.517
[regir_last] 18:46:30  796,949/1,000,000  11.8/s  upd=19891  L=0.0145  D=0.517
[regir_last] 18:46:41  797,266/1,000,000  11.8/s  upd=19898  L=0.0149  D=0.517
[regir_last] 18:46:51  797,266/1,000,000  11.8/s  upd=19903  L=0.0216  D=0.517
[regir_last] report refresh skipped: PermissionError
[regir_last] 18:47:02  797,575/1,000,000  11.8/s  upd=19908  L=0.0179  D=0.517
[regir_last] 18:47:12  797,860/1,000,000  11.8/s  upd=19914  L=0.0166  D=0.517
[regir_last] 18:47:22  797,860/1,000,000  11.8/s  upd=19920  L=0.0306  D=0.517
[regir_last] 18:47:32  798,118/1,000,000  11.8/s  upd=19926  L=0.0196  D=0.517
[regir_last] 18:47:42  798,422/1,000,000  11.8/s  upd=19933  L=0.0182  D=0.517
[regir_last] 18:47:52  798,733/1,000,000  11.8/s  upd=19940  L=0.0240  D=0.517
[regir_last] 18:48:02  799,026/1,000,000  11.8/s  upd=19949  L=0.0195  D=0.517
[regir_last] 18:48:12  799,305/1,000,000  11.8/s  upd=19960  L=0.0166  D=0.517
[regir_last] 18:48:22  799,635/1,000,000  11.8/s  upd=19968  L=0.0137  D=0.517
[regir_last] 18:48:33  800,132/1,000,000  11.8/s  upd=19977  L=0.0519  D=0.517
[regir_last] saved resume t_env=800,132
[regir_last] 18:49:04  800,132/1,000,000  11.8/s  upd=19984  L=0.0273  ev=0/100  D=0.517
[regir_last] 18:49:14  800,132/1,000,000  11.8/s  upd=19984  L=0.0273  ev=32/100  D=0.517
[regir_last] 18:49:24  800,132/1,000,000  11.8/s  upd=19984  L=0.0273  ev=63/100  D=0.517
[regir_last] 18:49:34  800,132/1,000,000  11.8/s  upd=19984  L=0.0273  ev=88/100  D=0.517
[regir_last] report refresh skipped: PermissionError
[regir_last] 18:49:45  800,410/1,000,000  11.8/s  upd=19986  L=0.0205  D=0.473
[regir_last] 18:49:55  800,410/1,000,000  11.8/s  upd=19992  L=0.0169  D=0.473
[regir_last] 18:50:06  800,696/1,000,000  11.8/s  upd=19998  L=0.0233  D=0.473
[regir_last] 18:50:17  801,006/1,000,000  11.8/s  upd=20003  L=0.0264  D=0.473
[regir_last] 18:50:27  801,006/1,000,000  11.8/s  upd=20008  L=0.0144  D=0.473
[regir_last] 18:50:38  801,340/1,000,000  11.8/s  upd=20016  L=0.0205  D=0.473
[regir_last] 18:50:48  801,691/1,000,000  11.8/s  upd=20021  L=0.0189  D=0.473
[regir_last] 18:50:59  801,959/1,000,000  11.8/s  upd=20027  L=0.0170  D=0.473
[regir_last] 18:51:09  802,238/1,000,000  11.8/s  upd=20033  L=0.0212  D=0.473
[regir_last] 18:51:20  802,238/1,000,000  11.8/s  upd=20040  L=0.0183  D=0.473
[regir_last] 18:51:30  802,501/1,000,000  11.8/s  upd=20047  L=0.0352  D=0.473
[regir_last] 18:51:41  802,807/1,000,000  11.8/s  upd=20055  L=0.0232  D=0.473
[regir_last] 18:51:52  803,099/1,000,000  11.8/s  upd=20061  L=0.0242  D=0.473
[regir_last] report refresh skipped: PermissionError
[regir_last] 18:52:02  803,383/1,000,000  11.8/s  upd=20065  L=0.0120  D=0.473
[regir_last] 18:52:13  803,383/1,000,000  11.8/s  upd=20072  L=0.0190  D=0.473
[regir_last] 18:52:23  803,631/1,000,000  11.8/s  upd=20080  L=0.0189  D=0.473
[regir_last] 18:52:34  803,909/1,000,000  11.8/s  upd=20085  L=0.0184  D=0.473
[regir_last] 18:52:44  804,194/1,000,000  11.8/s  upd=20094  L=0.0155  D=0.473
[regir_last] 18:52:55  804,483/1,000,000  11.8/s  upd=20101  L=0.0293  D=0.473
[regir_last] 18:53:05  804,775/1,000,000  11.8/s  upd=20105  L=0.0186  D=0.473
[regir_last] 18:53:15  804,775/1,000,000  11.8/s  upd=20112  L=0.0134  D=0.473
[regir_last] 18:53:25  805,096/1,000,000  11.8/s  upd=20120  L=0.0128  D=0.473
[regir_last] 18:53:35  805,368/1,000,000  11.8/s  upd=20128  L=0.0144  D=0.473
[regir_last] 18:53:45  805,656/1,000,000  11.8/s  upd=20133  L=0.0206  D=0.473
[regir_last] 18:53:55  805,918/1,000,000  11.8/s  upd=20140  L=0.0339  D=0.473
[regir_last] 18:54:06  806,209/1,000,000  11.8/s  upd=20145  L=0.0212  D=0.473
[regir_last] 18:54:16  806,209/1,000,000  11.8/s  upd=20152  L=0.0131  D=0.473
[regir_last] 18:54:27  806,783/1,000,000  11.9/s  upd=20161  L=0.0203  D=0.473
[regir_last] 18:54:37  806,783/1,000,000  11.9/s  upd=20167  L=0.0223  D=0.473
[regir_last] 18:54:47  807,052/1,000,000  11.9/s  upd=20174  L=0.0172  D=0.473
[regir_last] 18:54:58  807,361/1,000,000  11.9/s  upd=20180  L=0.0225  D=0.473
[regir_last] 18:55:09  807,659/1,000,000  11.9/s  upd=20185  L=0.0173  D=0.473
[regir_last] 18:55:19  807,659/1,000,000  11.9/s  upd=20192  L=0.0176  D=0.473
[regir_last] 18:55:29  807,944/1,000,000  11.9/s  upd=20199  L=0.0229  D=0.473
[regir_last] 18:55:40  808,237/1,000,000  11.9/s  upd=20204  L=0.0273  D=0.473
[regir_last] 18:55:51  808,546/1,000,000  11.9/s  upd=20209  L=0.0167  D=0.473
[regir_last] 18:56:01  808,546/1,000,000  11.9/s  upd=20216  L=0.0231  D=0.473
[regir_last] 18:56:11  808,818/1,000,000  11.9/s  upd=20221  L=0.0233  D=0.473
[regir_last] 18:56:23  809,125/1,000,000  11.9/s  upd=20227  L=0.0271  D=0.473
[regir_last] 18:56:34  809,418/1,000,000  11.9/s  upd=20234  L=0.0146  D=0.473
[regir_last] 18:56:45  809,727/1,000,000  11.9/s  upd=20241  L=0.0197  D=0.473
[regir_last] 18:56:55  809,727/1,000,000  11.9/s  upd=20248  L=0.0231  D=0.473
[regir_last] 18:57:06  810,018/1,000,000  11.9/s  upd=20255  L=0.0230  D=0.473
[regir_last] report refresh skipped: PermissionError
[regir_last] 18:57:17  810,262/1,000,000  11.9/s  upd=20261  L=0.0177  D=0.473
[regir_last] 18:57:27  810,563/1,000,000  11.9/s  upd=20266  L=0.0201  D=0.473
[regir_last] 18:57:37  810,563/1,000,000  11.9/s  upd=20272  L=0.0170  D=0.473
[regir_last] 18:57:48  810,852/1,000,000  11.9/s  upd=20280  L=0.0281  D=0.473
[regir_last] 18:57:58  811,169/1,000,000  11.9/s  upd=20287  L=0.0234  D=0.473
[regir_last] 18:58:10  811,512/1,000,000  11.9/s  upd=20293  L=0.0193  D=0.473
[regir_last] 18:58:20  811,780/1,000,000  11.9/s  upd=20299  L=0.0258  D=0.473
[regir_last] 18:58:30  812,065/1,000,000  11.9/s  upd=20305  L=0.0177  D=0.473
[regir_last] 18:58:40  812,065/1,000,000  11.9/s  upd=20312  L=0.0126  D=0.473
[regir_last] saved resume t_env=812,369
[regir_last] 18:58:53  812,369/1,000,000  11.9/s  upd=20320  L=0.0210  D=0.473
[regir_last] 18:59:03  812,657/1,000,000  11.9/s  upd=20328  L=0.0231  D=0.473
[regir_last] 18:59:13  812,960/1,000,000  11.9/s  upd=20335  L=0.0173  D=0.473
[regir_last] 18:59:24  813,245/1,000,000  11.9/s  upd=20342  L=0.0247  D=0.473
[regir_last] 18:59:35  813,554/1,000,000  11.9/s  upd=20348  L=0.0376  D=0.473
[regir_last] 18:59:46  813,855/1,000,000  11.9/s  upd=20353  L=0.0209  D=0.473
[regir_last] 18:59:56  813,855/1,000,000  11.9/s  upd=20360  L=0.0179  D=0.473
[regir_last] 19:00:06  814,162/1,000,000  11.9/s  upd=20366  L=0.0170  D=0.473
[regir_last] 19:00:17  814,495/1,000,000  11.9/s  upd=20372  L=0.0223  D=0.473
[regir_last] 19:00:28  814,784/1,000,000  11.9/s  upd=20379  L=0.0185  D=0.473
[regir_last] 19:00:38  814,784/1,000,000  11.9/s  upd=20384  L=0.0243  D=0.473
[regir_last] 19:00:48  815,080/1,000,000  11.9/s  upd=20392  L=0.0178  D=0.473
[regir_last] 19:00:59  815,361/1,000,000  11.9/s  upd=20399  L=0.0281  D=0.473
[regir_last] 19:01:10  815,647/1,000,000  11.9/s  upd=20407  L=0.0228  D=0.473
[regir_last] 19:01:21  815,939/1,000,000  11.9/s  upd=20413  L=0.0155  D=0.473
[regir_last] 19:01:31  816,217/1,000,000  11.9/s  upd=20419  L=0.0140  D=0.473
[regir_last] 19:01:42  816,505/1,000,000  11.9/s  upd=20426  L=0.0142  D=0.473
[regir_last] 19:01:52  816,783/1,000,000  11.9/s  upd=20433  L=0.0137  D=0.473
[regir_last] 19:02:02  816,783/1,000,000  11.9/s  upd=20440  L=0.0192  D=0.473
[regir_last] 19:02:13  817,078/1,000,000  11.9/s  upd=20447  L=0.0127  D=0.473
[regir_last] report refresh skipped: PermissionError
[regir_last] 19:02:25  817,409/1,000,000  11.9/s  upd=20454  L=0.0197  D=0.473
[regir_last] 19:02:37  817,709/1,000,000  11.9/s  upd=20462  L=0.0185  D=0.473
[regir_last] 19:02:48  818,008/1,000,000  11.9/s  upd=20471  L=0.0172  D=0.473
[regir_last] 19:02:58  818,303/1,000,000  11.9/s  upd=20479  L=0.0217  D=0.473
[regir_last] 19:03:08  818,654/1,000,000  11.9/s  upd=20484  L=0.0135  D=0.473
[regir_last] 19:03:18  818,937/1,000,000  11.9/s  upd=20490  L=0.0145  D=0.473
[regir_last] 19:03:28  818,937/1,000,000  11.9/s  upd=20496  L=0.0185  D=0.473
[regir_last] 19:03:40  819,226/1,000,000  11.9/s  upd=20503  L=0.0235  D=0.473
[regir_last] 19:03:52  819,474/1,000,000  11.9/s  upd=20511  L=0.0201  D=0.473
[regir_last] 19:04:02  819,760/1,000,000  11.9/s  upd=20516  L=0.0242  D=0.473
[regir_last] 19:04:12  820,061/1,000,000  11.9/s  upd=20523  L=0.0230  D=0.473
[regir_last] saved resume t_env=820,061
[regir_last] 19:04:40  820,061/1,000,000  11.9/s  upd=20528  L=0.0209  ev=0/100  D=0.473
[regir_last] 19:04:50  820,061/1,000,000  11.9/s  upd=20528  L=0.0209  ev=72/100  D=0.473
[regir_last] report refresh skipped: PermissionError
[regir_last] 19:05:01  820,373/1,000,000  11.9/s  upd=20534  L=0.0238  D=0.624
[regir_last] 19:05:11  820,684/1,000,000  11.9/s  upd=20544  L=0.0116  D=0.624
[regir_last] 19:05:21  821,392/1,000,000  12.0/s  upd=20553  L=0.0419  D=0.624
[regir_last] 19:05:31  821,719/1,000,000  12.0/s  upd=20564  L=0.0167  D=0.624
[regir_last] 19:05:44  822,031/1,000,000  12.0/s  upd=20575  L=0.0190  D=0.624
[regir_last] 19:05:54  822,313/1,000,000  12.0/s  upd=20581  L=0.0160  D=0.624
[regir_last] 19:06:05  822,620/1,000,000  12.0/s  upd=20587  L=0.0216  D=0.624
[regir_last] 19:06:16  822,911/1,000,000  12.0/s  upd=20593  L=0.0200  D=0.624
[regir_last] 19:06:26  822,911/1,000,000  12.0/s  upd=20600  L=0.0121  D=0.624
[regir_last] 19:06:36  823,215/1,000,000  12.0/s  upd=20604  L=0.0210  D=0.624
[regir_last] 19:06:47  823,598/1,000,000  12.0/s  upd=20609  L=0.0226  D=0.624
[regir_last] 19:06:57  823,912/1,000,000  12.0/s  upd=20617  L=0.0242  D=0.624
[regir_last] 19:07:07  823,912/1,000,000  12.0/s  upd=20624  L=0.0284  D=0.624
[regir_last] report refresh skipped: PermissionError
[regir_last] 19:07:17  824,168/1,000,000  12.0/s  upd=20632  L=0.0200  D=0.624
[regir_last] 19:07:28  824,447/1,000,000  12.0/s  upd=20638  L=0.0168  D=0.624
[regir_last] 19:07:38  824,749/1,000,000  12.0/s  upd=20643  L=0.0248  D=0.624
[regir_last] 19:07:48  824,749/1,000,000  12.0/s  upd=20648  L=0.0201  D=0.624
[regir_last] 19:07:59  825,080/1,000,000  12.0/s  upd=20656  L=0.0186  D=0.624
[regir_last] 19:08:09  825,375/1,000,000  12.0/s  upd=20661  L=0.0139  D=0.624
[regir_last] 19:08:20  825,701/1,000,000  12.0/s  upd=20667  L=0.0310  D=0.624
[regir_last] 19:08:30  826,053/1,000,000  12.0/s  upd=20673  L=0.0257  D=0.624
[regir_last] 19:08:40  826,053/1,000,000  12.0/s  upd=20680  L=0.0179  D=0.624
[regir_last] 19:08:50  826,351/1,000,000  12.0/s  upd=20686  L=0.0162  D=0.624
[regir_last] 19:09:00  826,627/1,000,000  12.0/s  upd=20691  L=0.0171  D=0.624
[regir_last] 19:09:11  826,942/1,000,000  12.0/s  upd=20699  L=0.0152  D=0.624
[regir_last] 19:09:21  827,222/1,000,000  12.0/s  upd=20705  L=0.0200  D=0.624
[regir_last] 19:09:31  827,222/1,000,000  12.0/s  upd=20711  L=0.0317  D=0.624
[regir_last] 19:09:42  827,486/1,000,000  12.0/s  upd=20718  L=0.0127  D=0.624
[regir_last] 19:09:53  827,785/1,000,000  12.0/s  upd=20724  L=0.0237  D=0.624
[regir_last] 19:10:03  828,053/1,000,000  12.0/s  upd=20731  L=0.0145  D=0.624
[regir_last] 19:10:14  828,310/1,000,000  12.0/s  upd=20737  L=0.0354  D=0.624
[regir_last] 19:10:25  828,310/1,000,000  12.0/s  upd=20744  L=0.0168  D=0.624
[regir_last] 19:10:35  828,614/1,000,000  12.0/s  upd=20752  L=0.0208  D=0.624
[regir_last] 19:10:45  828,916/1,000,000  12.0/s  upd=20760  L=0.0179  D=0.624
[regir_last] 19:10:56  829,195/1,000,000  12.0/s  upd=20768  L=0.0180  D=0.624
[regir_last] 19:11:08  829,446/1,000,000  12.0/s  upd=20776  L=0.0193  D=0.624
[regir_last] 19:11:18  829,703/1,000,000  12.0/s  upd=20781  L=0.0185  D=0.624
[regir_last] 19:11:29  830,018/1,000,000  12.0/s  upd=20787  L=0.0275  D=0.624
[regir_last] 19:11:39  830,325/1,000,000  12.0/s  upd=20794  L=0.0173  D=0.624
[regir_last] 19:11:50  830,616/1,000,000  12.0/s  upd=20802  L=0.0305  D=0.624
[regir_last] 19:12:00  830,616/1,000,000  12.0/s  upd=20808  L=0.0288  D=0.624
[regir_last] 19:12:11  830,904/1,000,000  12.0/s  upd=20815  L=0.0112  D=0.624
[regir_last] 19:12:21  831,209/1,000,000  12.0/s  upd=20821  L=0.0165  D=0.624
[regir_last] report refresh skipped: PermissionError
[regir_last] 19:12:32  831,510/1,000,000  12.0/s  upd=20827  L=0.0158  D=0.624
[regir_last] 19:12:42  831,800/1,000,000  12.0/s  upd=20833  L=0.0165  D=0.624
[regir_last] 19:12:52  831,800/1,000,000  12.0/s  upd=20840  L=0.0248  D=0.624
[regir_last] 19:13:04  832,161/1,000,000  12.0/s  upd=20845  L=0.0162  D=0.624
[regir_last] 19:13:15  832,476/1,000,000  12.0/s  upd=20853  L=0.0265  D=0.624
[regir_last] 19:13:25  832,794/1,000,000  12.0/s  upd=20859  L=0.0208  D=0.624
[regir_last] 19:13:37  833,085/1,000,000  12.0/s  upd=20866  L=0.0167  D=0.624
[regir_last] 19:13:48  833,350/1,000,000  12.0/s  upd=20873  L=0.0182  D=0.624
[regir_last] 19:13:58  833,350/1,000,000  12.0/s  upd=20880  L=0.0182  D=0.624
[regir_last] 19:14:10  833,635/1,000,000  12.0/s  upd=20887  L=0.0164  D=0.624
[regir_last] 19:14:21  833,913/1,000,000  12.0/s  upd=20893  L=0.0185  D=0.624
[regir_last] saved resume t_env=833,913
[regir_last] 19:14:31  834,175/1,000,000  12.0/s  upd=20898  L=0.0145  D=0.624
[regir_last] 19:14:41  834,175/1,000,000  12.0/s  upd=20904  L=0.0179  D=0.624
[regir_last] 19:14:51  834,811/1,000,000  12.0/s  upd=20913  L=0.0332  D=0.624
[regir_last] 19:15:01  834,811/1,000,000  12.0/s  upd=20920  L=0.0216  D=0.624
[regir_last] 19:15:11  835,139/1,000,000  12.0/s  upd=20925  L=0.0241  D=0.624
[regir_last] 19:15:22  835,442/1,000,000  12.1/s  upd=20930  L=0.0159  D=0.624
[regir_last] 19:15:32  835,442/1,000,000  12.0/s  upd=20936  L=0.0167  D=0.624
[regir_last] 19:15:42  835,765/1,000,000  12.1/s  upd=20942  L=0.0182  D=0.624
[regir_last] 19:15:52  836,078/1,000,000  12.1/s  upd=20949  L=0.0224  D=0.624
[regir_last] 19:16:03  836,337/1,000,000  12.1/s  upd=20955  L=0.0233  D=0.624
[regir_last] 19:16:14  836,617/1,000,000  12.1/s  upd=20961  L=0.0203  D=0.624
[regir_last] 19:16:24  836,617/1,000,000  12.1/s  upd=20968  L=0.0134  D=0.624
[regir_last] 19:16:34  836,927/1,000,000  12.1/s  upd=20976  L=0.0176  D=0.624
[regir_last] 19:16:46  837,243/1,000,000  12.1/s  upd=20984  L=0.0175  D=0.624
[regir_last] 19:16:56  837,560/1,000,000  12.1/s  upd=20989  L=0.0199  D=0.624
[regir_last] 19:17:08  837,909/1,000,000  12.1/s  upd=20994  L=0.0111  D=0.624
[regir_last] 19:17:18  837,909/1,000,000  12.1/s  upd=21000  L=0.0209  D=0.624
[regir_last] 19:17:28  838,204/1,000,000  12.1/s  upd=21007  L=0.0216  D=0.624
[regir_last] report refresh skipped: PermissionError
[regir_last] 19:17:39  838,509/1,000,000  12.1/s  upd=21014  L=0.0228  D=0.624
[regir_last] 19:17:49  838,792/1,000,000  12.1/s  upd=21019  L=0.0204  D=0.624
[regir_last] 19:18:01  839,092/1,000,000  12.1/s  upd=21026  L=0.0155  D=0.624
[regir_last] 19:18:11  839,375/1,000,000  12.1/s  upd=21034  L=0.0114  D=0.624
[regir_last] 19:18:21  839,375/1,000,000  12.1/s  upd=21040  L=0.0233  D=0.624
[regir_last] 19:18:32  839,669/1,000,000  12.1/s  upd=21047  L=0.0250  D=0.624
[regir_last] 19:18:42  839,986/1,000,000  12.1/s  upd=21051  L=0.0206  D=0.624
[regir_last] 19:18:53  840,238/1,000,000  12.1/s  upd=21058  L=0.0234  D=0.624
[regir_last] 19:19:03  840,238/1,000,000  12.1/s  upd=21063  L=0.0205  D=0.624
[regir_last] saved resume t_env=840,238
[regir_last] 19:19:28  840,238/1,000,000  12.1/s  upd=21064  L=0.0147  ev=0/100  D=0.624
[regir_last] 19:19:38  840,238/1,000,000  12.1/s  upd=21064  L=0.0147  ev=33/100  D=0.624
[regir_last] 19:19:48  840,238/1,000,000  12.1/s  upd=21064  L=0.0147  ev=64/100  D=0.624
[regir_last] report refresh skipped: PermissionError
[regir_last] 19:19:58  840,238/1,000,000  12.1/s  upd=21064  L=0.0147  D=0.810
[regir_last] 19:20:09  840,551/1,000,000  12.1/s  upd=21071  L=0.0204  D=0.810
[regir_last] 19:20:20  840,875/1,000,000  12.1/s  upd=21079  L=0.0160  D=0.810
[regir_last] 19:20:30  841,171/1,000,000  12.1/s  upd=21085  L=0.0147  D=0.810
[regir_last] 19:20:41  841,461/1,000,000  12.1/s  upd=21090  L=0.0158  D=0.810
[regir_last] 19:20:51  841,461/1,000,000  12.1/s  upd=21096  L=0.0146  D=0.810
[regir_last] 19:21:02  841,736/1,000,000  12.1/s  upd=21103  L=0.0205  D=0.810
[regir_last] 19:21:15  842,038/1,000,000  12.1/s  upd=21110  L=0.0221  D=0.810
[regir_last] 19:21:25  842,295/1,000,000  12.1/s  upd=21120  L=0.0240  D=0.810
[regir_last] 19:21:35  842,891/1,000,000  12.1/s  upd=21130  L=0.0168  D=0.810
[regir_last] 19:21:46  843,221/1,000,000  12.1/s  upd=21139  L=0.0196  D=0.810
[regir_last] 19:21:57  843,519/1,000,000  12.1/s  upd=21150  L=0.0153  D=0.810
[regir_last] 19:22:07  843,821/1,000,000  12.1/s  upd=21160  L=0.0171  D=0.810
[regir_last] 19:22:18  844,452/1,000,000  12.1/s  upd=21171  L=0.0108  D=0.810
[regir_last] 19:22:29  844,703/1,000,000  12.1/s  upd=21177  L=0.0163  D=0.810
[regir_last] report refresh skipped: PermissionError
[regir_last] 19:22:39  844,997/1,000,000  12.1/s  upd=21185  L=0.0228  D=0.810
[regir_last] 19:22:49  844,997/1,000,000  12.1/s  upd=21192  L=0.0160  D=0.810
[regir_last] 19:23:00  845,287/1,000,000  12.1/s  upd=21198  L=0.0168  D=0.810
[regir_last] 19:23:10  845,574/1,000,000  12.1/s  upd=21203  L=0.0139  D=0.810
[regir_last] 19:23:22  845,890/1,000,000  12.1/s  upd=21210  L=0.0173  D=0.810
[regir_last] 19:23:32  845,890/1,000,000  12.1/s  upd=21216  L=0.0178  D=0.810
[regir_last] 19:23:42  846,200/1,000,000  12.1/s  upd=21221  L=0.0182  D=0.810
[regir_last] 19:23:53  846,510/1,000,000  12.1/s  upd=21226  L=0.0179  D=0.810
[regir_last] 19:24:04  846,785/1,000,000  12.1/s  upd=21233  L=0.0288  D=0.810
[regir_last] 19:24:14  846,785/1,000,000  12.1/s  upd=21240  L=0.0144  D=0.810
[regir_last] 19:24:25  847,069/1,000,000  12.1/s  upd=21247  L=0.0171  D=0.810
[regir_last] 19:24:35  847,345/1,000,000  12.1/s  upd=21255  L=0.0165  D=0.810
[regir_last] 19:24:46  847,638/1,000,000  12.1/s  upd=21260  L=0.0153  D=0.810
[regir_last] 19:24:57  847,966/1,000,000  12.1/s  upd=21265  L=0.0226  D=0.810
[regir_last] 19:25:08  847,966/1,000,000  12.1/s  upd=21272  L=0.0174  D=0.810
[regir_last] 19:25:20  848,286/1,000,000  12.1/s  upd=21279  L=0.0183  D=0.810
[regir_last] 19:25:31  848,588/1,000,000  12.1/s  upd=21285  L=0.0208  D=0.810
[regir_last] 19:25:41  848,840/1,000,000  12.1/s  upd=21292  L=0.0226  D=0.810
[regir_last] 19:25:51  849,148/1,000,000  12.1/s  upd=21298  L=0.0153  D=0.810
[regir_last] 19:26:02  849,148/1,000,000  12.1/s  upd=21304  L=0.0106  D=0.810
[regir_last] 19:26:13  849,405/1,000,000  12.1/s  upd=21312  L=0.0252  D=0.810
[regir_last] 19:26:23  849,686/1,000,000  12.1/s  upd=21316  L=0.0146  D=0.810
[regir_last] 19:26:33  849,992/1,000,000  12.1/s  upd=21322  L=0.0151  D=0.810
[regir_last] 19:26:43  849,992/1,000,000  12.1/s  upd=21328  L=0.0249  D=0.810
[regir_last] 19:26:54  850,275/1,000,000  12.1/s  upd=21333  L=0.0145  D=0.810
[regir_last] 19:27:04  850,542/1,000,000  12.1/s  upd=21338  L=0.0107  D=0.810
[regir_last] 19:27:14  850,542/1,000,000  12.1/s  upd=21344  L=0.0134  D=0.810
[regir_last] 19:27:25  850,841/1,000,000  12.1/s  upd=21352  L=0.0121  D=0.810
[regir_last] 19:27:36  851,100/1,000,000  12.1/s  upd=21359  L=0.0172  D=0.810
[regir_last] report refresh skipped: PermissionError
[regir_last] 19:27:47  851,384/1,000,000  12.2/s  upd=21367  L=0.0182  D=0.810
[regir_last] 19:27:58  851,653/1,000,000  12.2/s  upd=21375  L=0.0136  D=0.810
[regir_last] 19:28:09  851,927/1,000,000  12.2/s  upd=21382  L=0.0227  D=0.810
[regir_last] 19:28:19  852,204/1,000,000  12.2/s  upd=21389  L=0.0388  D=0.810
[regir_last] 19:28:30  852,504/1,000,000  12.2/s  upd=21396  L=0.0155  D=0.810
[regir_last] 19:28:41  852,739/1,000,000  12.2/s  upd=21403  L=0.0204  D=0.810
[regir_last] 19:28:52  853,049/1,000,000  12.2/s  upd=21411  L=0.0155  D=0.810
[regir_last] 19:29:03  853,302/1,000,000  12.2/s  upd=21418  L=0.0218  D=0.810
[regir_last] saved resume t_env=853,302
[regir_last] 19:29:13  853,302/1,000,000  12.2/s  upd=21424  L=0.0186  D=0.810
[regir_last] 19:29:23  853,613/1,000,000  12.2/s  upd=21427  L=0.0217  D=0.810
[regir_last] 19:29:33  853,904/1,000,000  12.2/s  upd=21432  L=0.0153  D=0.810
[regir_last] 19:29:44  853,904/1,000,000  12.2/s  upd=21439  L=0.0148  D=0.810
[regir_last] 19:29:56  854,183/1,000,000  12.2/s  upd=21446  L=0.0179  D=0.810
[regir_last] 19:30:06  854,452/1,000,000  12.2/s  upd=21453  L=0.0326  D=0.810
[regir_last] 19:30:17  854,726/1,000,000  12.2/s  upd=21459  L=0.0130  D=0.810
[regir_last] 19:30:27  855,021/1,000,000  12.2/s  upd=21465  L=0.0162  D=0.810
[regir_last] 19:30:38  855,021/1,000,000  12.2/s  upd=21472  L=0.0243  D=0.810
[regir_last] 19:30:48  855,344/1,000,000  12.2/s  upd=21480  L=0.0193  D=0.810
[regir_last] 19:30:59  855,631/1,000,000  12.2/s  upd=21484  L=0.0209  D=0.810
[regir_last] 19:31:09  855,977/1,000,000  12.2/s  upd=21489  L=0.0211  D=0.810
[regir_last] 19:31:21  856,254/1,000,000  12.2/s  upd=21497  L=0.0236  D=0.810
[regir_last] 19:31:32  856,512/1,000,000  12.2/s  upd=21506  L=0.0203  D=0.810
[regir_last] 19:31:42  856,512/1,000,000  12.2/s  upd=21512  L=0.0154  D=0.810
[regir_last] 19:31:54  856,807/1,000,000  12.2/s  upd=21520  L=0.0182  D=0.810
[regir_last] 19:32:04  857,130/1,000,000  12.2/s  upd=21526  L=0.0145  D=0.810
[regir_last] 19:32:15  857,399/1,000,000  12.2/s  upd=21532  L=0.0126  D=0.810
[regir_last] 19:32:26  857,726/1,000,000  12.2/s  upd=21537  L=0.0144  D=0.810
[regir_last] 19:32:36  857,726/1,000,000  12.2/s  upd=21544  L=0.0491  D=0.810
[regir_last] 19:32:48  858,015/1,000,000  12.2/s  upd=21550  L=0.0152  D=0.810
[regir_last] report refresh skipped: PermissionError
[regir_last] 19:32:59  858,297/1,000,000  12.2/s  upd=21558  L=0.0219  D=0.810
[regir_last] 19:33:11  858,583/1,000,000  12.2/s  upd=21566  L=0.0129  D=0.810
[regir_last] 19:33:21  858,866/1,000,000  12.2/s  upd=21573  L=0.0167  D=0.810
[regir_last] 19:33:31  859,107/1,000,000  12.2/s  upd=21579  L=0.0190  D=0.810
[regir_last] 19:33:42  859,455/1,000,000  12.2/s  upd=21586  L=0.0156  D=0.810
[regir_last] 19:33:52  859,455/1,000,000  12.2/s  upd=21592  L=0.0212  D=0.810
[regir_last] 19:34:02  859,755/1,000,000  12.2/s  upd=21599  L=0.0143  D=0.810
[regir_last] 19:34:13  860,053/1,000,000  12.2/s  upd=21604  L=0.0246  D=0.810
[regir_last] saved resume t_env=860,053
[regir_last] 19:34:41  860,053/1,000,000  12.2/s  upd=21608  L=0.0154  ev=0/100  D=0.810
[regir_last] 19:34:51  860,053/1,000,000  12.2/s  upd=21608  L=0.0154  ev=16/100  D=0.810
[regir_last] 19:35:01  860,053/1,000,000  12.2/s  upd=21608  L=0.0154  ev=47/100  D=0.810
[regir_last] 19:35:11  860,053/1,000,000  12.2/s  upd=21608  L=0.0154  ev=72/100  D=0.810
[regir_last] 19:35:21  860,053/1,000,000  12.2/s  upd=21608  L=0.0154  ev=95/100  D=0.810
[regir_last] report refresh skipped: PermissionError
[regir_last] 19:35:31  860,348/1,000,000  12.2/s  upd=21613  L=0.0178  D=0.681
[regir_last] 19:35:42  860,622/1,000,000  12.2/s  upd=21621  L=0.0129  D=0.681
[regir_last] 19:35:52  860,906/1,000,000  12.2/s  upd=21629  L=0.0202  D=0.681
[regir_last] 19:36:05  861,159/1,000,000  12.2/s  upd=21634  L=0.0214  D=0.681
[regir_last] 19:36:15  861,159/1,000,000  12.2/s  upd=21640  L=0.0161  D=0.681
[regir_last] 19:36:25  861,457/1,000,000  12.2/s  upd=21648  L=0.0155  D=0.681
[regir_last] 19:36:36  861,733/1,000,000  12.2/s  upd=21654  L=0.0171  D=0.681
[regir_last] 19:36:47  862,073/1,000,000  12.2/s  upd=21662  L=0.0192  D=0.681
[regir_last] 19:36:58  862,348/1,000,000  12.2/s  upd=21669  L=0.0150  D=0.681
[regir_last] 19:37:09  862,671/1,000,000  12.2/s  upd=21676  L=0.0165  D=0.681
[regir_last] 19:37:19  862,968/1,000,000  12.2/s  upd=21682  L=0.0134  D=0.681
[regir_last] 19:37:30  863,280/1,000,000  12.2/s  upd=21689  L=0.0114  D=0.681
[regir_last] 19:37:40  863,280/1,000,000  12.2/s  upd=21696  L=0.0196  D=0.681
[regir_last] 19:37:51  863,894/1,000,000  12.2/s  upd=21707  L=0.0235  D=0.681
[regir_last] report refresh skipped: PermissionError
[regir_last] 19:38:01  864,206/1,000,000  12.2/s  upd=21720  L=0.0132  D=0.681
[regir_last] 19:38:12  864,887/1,000,000  12.2/s  upd=21731  L=0.0160  D=0.681
[regir_last] 19:38:22  865,181/1,000,000  12.2/s  upd=21740  L=0.0254  D=0.681
[regir_last] 19:38:32  865,520/1,000,000  12.2/s  upd=21749  L=0.0138  D=0.681
[regir_last] 19:38:43  865,837/1,000,000  12.2/s  upd=21757  L=0.0236  D=0.681
[regir_last] 19:38:53  866,119/1,000,000  12.2/s  upd=21765  L=0.0201  D=0.681
[regir_last] 19:39:03  866,529/1,000,000  12.2/s  upd=21770  L=0.0178  D=0.681
[regir_last] 19:39:13  866,529/1,000,000  12.2/s  upd=21776  L=0.0160  D=0.681
[regir_last] 19:39:23  866,830/1,000,000  12.2/s  upd=21784  L=0.0192  D=0.681
[regir_last] 19:39:34  867,122/1,000,000  12.3/s  upd=21791  L=0.0213  D=0.681
[regir_last] 19:39:45  867,410/1,000,000  12.3/s  upd=21798  L=0.0141  D=0.681
[regir_last] 19:39:55  867,701/1,000,000  12.3/s  upd=21805  L=0.0154  D=0.681
[regir_last] 19:40:06  868,021/1,000,000  12.3/s  upd=21811  L=0.0145  D=0.681
[regir_last] 19:40:16  868,021/1,000,000  12.3/s  upd=21816  L=0.0280  D=0.681
[regir_last] 19:40:26  868,314/1,000,000  12.3/s  upd=21824  L=0.0187  D=0.681
[regir_last] 19:40:36  868,639/1,000,000  12.3/s  upd=21832  L=0.0269  D=0.681
[regir_last] 19:40:47  868,934/1,000,000  12.3/s  upd=21839  L=0.0114  D=0.681
[regir_last] 19:40:58  869,236/1,000,000  12.3/s  upd=21844  L=0.0161  D=0.681
[regir_last] 19:41:08  869,552/1,000,000  12.3/s  upd=21849  L=0.0280  D=0.681
[regir_last] 19:41:19  869,552/1,000,000  12.3/s  upd=21856  L=0.0179  D=0.681
[regir_last] 19:41:30  869,827/1,000,000  12.3/s  upd=21863  L=0.0156  D=0.681
[regir_last] 19:41:41  870,170/1,000,000  12.3/s  upd=21868  L=0.0137  D=0.681
[regir_last] 19:41:51  870,465/1,000,000  12.3/s  upd=21875  L=0.0201  D=0.681
[regir_last] 19:42:02  870,777/1,000,000  12.3/s  upd=21881  L=0.0286  D=0.681
[regir_last] 19:42:13  870,777/1,000,000  12.3/s  upd=21888  L=0.0131  D=0.681
[regir_last] 19:42:23  871,069/1,000,000  12.3/s  upd=21896  L=0.0250  D=0.681
[regir_last] 19:42:33  871,363/1,000,000  12.3/s  upd=21903  L=0.0225  D=0.681
[regir_last] 19:42:45  871,673/1,000,000  12.3/s  upd=21909  L=0.0133  D=0.681
[regir_last] 19:42:55  871,923/1,000,000  12.3/s  upd=21915  L=0.0181  D=0.681
[regir_last] report refresh skipped: PermissionError
[regir_last] 19:43:07  872,236/1,000,000  12.3/s  upd=21921  L=0.0168  D=0.681
[regir_last] 19:43:17  872,236/1,000,000  12.3/s  upd=21928  L=0.0238  D=0.681
[regir_last] 19:43:28  872,529/1,000,000  12.3/s  upd=21934  L=0.0148  D=0.681
[regir_last] 19:43:38  872,832/1,000,000  12.3/s  upd=21941  L=0.0132  D=0.681
[regir_last] 19:43:48  873,091/1,000,000  12.3/s  upd=21948  L=0.0254  D=0.681
[regir_last] 19:43:59  873,382/1,000,000  12.3/s  upd=21954  L=0.0149  D=0.681
[regir_last] 19:44:10  873,665/1,000,000  12.3/s  upd=21962  L=0.0153  D=0.681
[regir_last] 19:44:20  873,665/1,000,000  12.3/s  upd=21968  L=0.0195  D=0.681
[regir_last] saved resume t_env=873,977
[regir_last] 19:44:33  873,977/1,000,000  12.3/s  upd=21976  L=0.0184  D=0.681
[regir_last] 19:44:43  874,243/1,000,000  12.3/s  upd=21984  L=0.0107  D=0.681
[regir_last] 19:44:54  874,532/1,000,000  12.3/s  upd=21990  L=0.0326  D=0.681
[regir_last] 19:45:04  874,770/1,000,000  12.3/s  upd=21999  L=0.0248  D=0.681
[regir_last] 19:45:14  875,099/1,000,000  12.3/s  upd=22006  L=0.0285  D=0.681
[regir_last] 19:45:24  875,374/1,000,000  12.3/s  upd=22012  L=0.0192  D=0.681
[regir_last] 19:45:35  875,682/1,000,000  12.3/s  upd=22018  L=0.0173  D=0.681
[regir_last] 19:45:45  875,682/1,000,000  12.3/s  upd=22024  L=0.0176  D=0.681
[regir_last] 19:45:56  875,974/1,000,000  12.3/s  upd=22032  L=0.0137  D=0.681
[regir_last] 19:46:06  876,279/1,000,000  12.3/s  upd=22039  L=0.0191  D=0.681
[regir_last] 19:46:17  876,588/1,000,000  12.3/s  upd=22046  L=0.0178  D=0.681
[regir_last] 19:46:27  876,874/1,000,000  12.3/s  upd=22051  L=0.0140  D=0.681
[regir_last] 19:46:38  876,874/1,000,000  12.3/s  upd=22056  L=0.0286  D=0.681
[regir_last] 19:46:48  877,173/1,000,000  12.3/s  upd=22063  L=0.0142  D=0.681
[regir_last] 19:46:59  877,438/1,000,000  12.3/s  upd=22069  L=0.0209  D=0.681
[regir_last] 19:47:10  877,720/1,000,000  12.3/s  upd=22077  L=0.0166  D=0.681
[regir_last] 19:47:21  877,982/1,000,000  12.3/s  upd=22084  L=0.0236  D=0.681
[regir_last] 19:47:31  878,290/1,000,000  12.3/s  upd=22089  L=0.0315  D=0.681
[regir_last] 19:47:42  878,290/1,000,000  12.3/s  upd=22096  L=0.0216  D=0.681
[regir_last] 19:47:52  878,613/1,000,000  12.3/s  upd=22104  L=0.0146  D=0.681
[regir_last] 19:48:02  878,903/1,000,000  12.3/s  upd=22110  L=0.0140  D=0.681
[regir_last] report refresh skipped: PermissionError
[regir_last] 19:48:13  879,206/1,000,000  12.3/s  upd=22116  L=0.0176  D=0.681
[regir_last] 19:48:23  879,534/1,000,000  12.3/s  upd=22122  L=0.0229  D=0.681
[regir_last] 19:48:33  879,534/1,000,000  12.3/s  upd=22128  L=0.0166  D=0.681
[regir_last] 19:48:45  879,834/1,000,000  12.3/s  upd=22134  L=0.0265  D=0.681
[regir_last] 19:48:56  880,153/1,000,000  12.3/s  upd=22140  L=0.0182  D=0.681
[regir_last] saved resume t_env=880,153
[regir_last] 19:49:25  880,153/1,000,000  12.3/s  upd=22144  L=0.0286  ev=0/100  D=0.681
[regir_last] 19:49:35  880,153/1,000,000  12.3/s  upd=22144  L=0.0286  ev=32/100  D=0.681
[regir_last] 19:49:45  880,153/1,000,000  12.3/s  upd=22144  L=0.0286  ev=56/100  D=0.681
[regir_last] 19:49:55  880,153/1,000,000  12.3/s  upd=22144  L=0.0286  ev=80/100  D=0.681
[regir_last] report refresh skipped: PermissionError
[regir_last] 19:50:06  880,432/1,000,000  12.3/s  upd=22146  L=0.0208  D=0.629
[regir_last] 19:50:17  880,710/1,000,000  12.3/s  upd=22153  L=0.0176  D=0.629
[regir_last] 19:50:28  881,023/1,000,000  12.3/s  upd=22161  L=0.0172  D=0.629
[regir_last] 19:50:38  881,023/1,000,000  12.3/s  upd=22168  L=0.0151  D=0.629
[regir_last] 19:50:48  881,316/1,000,000  12.3/s  upd=22174  L=0.0150  D=0.629
[regir_last] 19:51:00  881,635/1,000,000  12.3/s  upd=22182  L=0.0192  D=0.629
[regir_last] 19:51:10  881,917/1,000,000  12.3/s  upd=22188  L=0.0174  D=0.629
[regir_last] 19:51:21  882,216/1,000,000  12.3/s  upd=22195  L=0.0147  D=0.629
[regir_last] 19:51:32  882,503/1,000,000  12.3/s  upd=22203  L=0.0344  D=0.629
[regir_last] 19:51:42  882,794/1,000,000  12.3/s  upd=22209  L=0.0321  D=0.629
[regir_last] 19:51:52  882,794/1,000,000  12.3/s  upd=22216  L=0.0199  D=0.629
[regir_last] 19:52:02  883,107/1,000,000  12.3/s  upd=22224  L=0.0140  D=0.629
[regir_last] 19:52:12  883,412/1,000,000  12.3/s  upd=22232  L=0.0153  D=0.629
[regir_last] 19:52:24  883,739/1,000,000  12.4/s  upd=22239  L=0.0235  D=0.629
[regir_last] 19:52:35  884,017/1,000,000  12.4/s  upd=22247  L=0.0119  D=0.629
[regir_last] 19:52:45  884,352/1,000,000  12.4/s  upd=22253  L=0.0159  D=0.629
[regir_last] 19:52:56  884,634/1,000,000  12.4/s  upd=22260  L=0.0130  D=0.629
[regir_last] 19:53:07  884,932/1,000,000  12.4/s  upd=22266  L=0.0165  D=0.629
[regir_last] report refresh skipped: PermissionError
[regir_last] 19:53:18  885,218/1,000,000  12.4/s  upd=22276  L=0.0132  D=0.629
[regir_last] 19:53:28  885,544/1,000,000  12.4/s  upd=22287  L=0.0153  D=0.629
[regir_last] 19:53:38  886,176/1,000,000  12.4/s  upd=22297  L=0.0254  D=0.629
[regir_last] 19:53:49  886,478/1,000,000  12.4/s  upd=22307  L=0.0172  D=0.629
[regir_last] 19:53:59  886,778/1,000,000  12.4/s  upd=22317  L=0.0158  D=0.629
[regir_last] 19:54:10  887,053/1,000,000  12.4/s  upd=22325  L=0.0193  D=0.629
[regir_last] 19:54:20  887,413/1,000,000  12.4/s  upd=22331  L=0.0194  D=0.629
[regir_last] 19:54:31  887,682/1,000,000  12.4/s  upd=22337  L=0.0154  D=0.629
[regir_last] 19:54:41  887,682/1,000,000  12.4/s  upd=22344  L=0.0159  D=0.629
[regir_last] 19:54:51  887,974/1,000,000  12.4/s  upd=22352  L=0.0203  D=0.629
[regir_last] 19:55:02  888,273/1,000,000  12.4/s  upd=22359  L=0.0169  D=0.629
[regir_last] 19:55:13  888,552/1,000,000  12.4/s  upd=22366  L=0.0133  D=0.629
[regir_last] 19:55:24  888,868/1,000,000  12.4/s  upd=22372  L=0.0153  D=0.629
[regir_last] 19:55:34  889,142/1,000,000  12.4/s  upd=22378  L=0.0280  D=0.629
[regir_last] 19:55:45  889,444/1,000,000  12.4/s  upd=22385  L=0.0220  D=0.629
[regir_last] 19:55:56  889,444/1,000,000  12.4/s  upd=22392  L=0.0167  D=0.629
[regir_last] 19:56:09  889,730/1,000,000  12.4/s  upd=22399  L=0.0286  D=0.629
[regir_last] 19:56:20  890,058/1,000,000  12.4/s  upd=22406  L=0.0181  D=0.629
[regir_last] 19:56:31  890,370/1,000,000  12.4/s  upd=22413  L=0.0090  D=0.629
[regir_last] 19:56:43  890,662/1,000,000  12.4/s  upd=22420  L=0.0157  D=0.629
[regir_last] 19:56:53  890,983/1,000,000  12.4/s  upd=22425  L=0.0137  D=0.629
[regir_last] 19:57:03  890,983/1,000,000  12.4/s  upd=22432  L=0.0181  D=0.629
[regir_last] 19:57:14  891,300/1,000,000  12.4/s  upd=22439  L=0.0133  D=0.629
[regir_last] 19:57:24  891,588/1,000,000  12.4/s  upd=22445  L=0.0133  D=0.629
[regir_last] 19:57:35  891,875/1,000,000  12.4/s  upd=22452  L=0.0123  D=0.629
[regir_last] 19:57:46  892,155/1,000,000  12.4/s  upd=22458  L=0.0234  D=0.629
[regir_last] 19:57:56  892,155/1,000,000  12.4/s  upd=22464  L=0.0221  D=0.629
[regir_last] 19:58:07  892,473/1,000,000  12.4/s  upd=22472  L=0.0147  D=0.629
[regir_last] 19:58:17  892,725/1,000,000  12.4/s  upd=22480  L=0.0171  D=0.629
[regir_last] report refresh skipped: PermissionError
[regir_last] 19:58:27  893,012/1,000,000  12.4/s  upd=22486  L=0.0225  D=0.629
[regir_last] 19:58:38  893,347/1,000,000  12.4/s  upd=22492  L=0.0194  D=0.629
[regir_last] 19:58:48  893,639/1,000,000  12.4/s  upd=22500  L=0.0169  D=0.629
[regir_last] 19:58:58  893,965/1,000,000  12.4/s  upd=22507  L=0.0129  D=0.629
[regir_last] saved resume t_env=893,965
[regir_last] 19:59:08  893,965/1,000,000  12.4/s  upd=22512  L=0.0230  D=0.629
[regir_last] 19:59:19  894,278/1,000,000  12.4/s  upd=22517  L=0.0140  D=0.629
[regir_last] 19:59:29  894,592/1,000,000  12.4/s  upd=22524  L=0.0187  D=0.629
[regir_last] 19:59:39  894,910/1,000,000  12.4/s  upd=22532  L=0.0202  D=0.629
[regir_last] 19:59:50  895,212/1,000,000  12.4/s  upd=22539  L=0.0159  D=0.629
[regir_last] 20:00:02  895,519/1,000,000  12.4/s  upd=22547  L=0.0169  D=0.629
[regir_last] 20:00:13  895,859/1,000,000  12.4/s  upd=22553  L=0.0164  D=0.629
[regir_last] 20:00:24  896,158/1,000,000  12.4/s  upd=22563  L=0.0183  D=0.629
[regir_last] 20:00:35  896,442/1,000,000  12.4/s  upd=22571  L=0.0123  D=0.629
[regir_last] 20:00:45  896,697/1,000,000  12.4/s  upd=22577  L=0.0161  D=0.629
[regir_last] 20:00:56  897,033/1,000,000  12.4/s  upd=22585  L=0.0231  D=0.629
[regir_last] 20:01:07  897,033/1,000,000  12.4/s  upd=22592  L=0.0164  D=0.629
[regir_last] 20:01:18  897,321/1,000,000  12.4/s  upd=22600  L=0.0198  D=0.629
[regir_last] 20:01:28  897,628/1,000,000  12.5/s  upd=22607  L=0.0154  D=0.629
[regir_last] 20:01:38  897,931/1,000,000  12.5/s  upd=22613  L=0.0165  D=0.629
[regir_last] 20:01:50  898,222/1,000,000  12.5/s  upd=22621  L=0.0172  D=0.629
[regir_last] 20:02:01  898,530/1,000,000  12.5/s  upd=22627  L=0.0155  D=0.629
[regir_last] 20:02:12  898,823/1,000,000  12.5/s  upd=22635  L=0.0320  D=0.629
[regir_last] 20:02:22  899,137/1,000,000  12.5/s  upd=22642  L=0.0122  D=0.629
[regir_last] 20:02:33  899,425/1,000,000  12.5/s  upd=22649  L=0.0269  D=0.629
[regir_last] 20:02:43  899,425/1,000,000  12.5/s  upd=22656  L=0.0170  D=0.629
[regir_last] 20:02:53  899,777/1,000,000  12.5/s  upd=22664  L=0.0101  D=0.629
[regir_last] 20:03:04  900,182/1,000,000  12.5/s  upd=22670  L=0.0165  D=0.629
[regir_last] saved resume t_env=900,182
[regir_last] 20:03:30  900,182/1,000,000  12.5/s  upd=22672  L=0.0166  ev=0/100  D=0.629
[regir_last] 20:03:40  900,182/1,000,000  12.5/s  upd=22672  L=0.0166  ev=24/100  D=0.629
[regir_last] 20:03:50  900,182/1,000,000  12.5/s  upd=22672  L=0.0166  ev=56/100  D=0.629
[regir_last] 20:04:00  900,182/1,000,000  12.5/s  upd=22672  L=0.0166  ev=79/100  D=0.629
[regir_last] report refresh skipped: PermissionError
[regir_last] report refresh skipped: PermissionError
[regir_last] 20:04:10  900,182/1,000,000  12.5/s  upd=22672  L=0.0166  D=0.305
[regir_last] 20:04:21  900,517/1,000,000  12.5/s  upd=22678  L=0.0170  D=0.305
[regir_last] 20:04:32  900,768/1,000,000  12.5/s  upd=22683  L=0.0239  D=0.305
[regir_last] 20:04:43  901,053/1,000,000  12.5/s  upd=22690  L=0.0255  D=0.305
[regir_last] 20:04:53  901,053/1,000,000  12.5/s  upd=22696  L=0.0174  D=0.305
[regir_last] 20:05:03  901,374/1,000,000  12.5/s  upd=22703  L=0.0139  D=0.305
[regir_last] 20:05:13  901,638/1,000,000  12.5/s  upd=22708  L=0.0165  D=0.305
[regir_last] 20:05:24  901,902/1,000,000  12.5/s  upd=22714  L=0.0122  D=0.305
[regir_last] 20:05:35  902,196/1,000,000  12.5/s  upd=22721  L=0.0161  D=0.305
[regir_last] 20:05:45  902,196/1,000,000  12.5/s  upd=22728  L=0.0198  D=0.305
[regir_last] 20:05:55  902,482/1,000,000  12.5/s  upd=22735  L=0.0128  D=0.305
[regir_last] 20:06:06  902,746/1,000,000  12.5/s  upd=22743  L=0.0177  D=0.305
[regir_last] 20:06:16  903,038/1,000,000  12.5/s  upd=22749  L=0.0103  D=0.305
[regir_last] 20:06:27  903,349/1,000,000  12.5/s  upd=22755  L=0.0240  D=0.305
[regir_last] 20:06:38  903,647/1,000,000  12.5/s  upd=22761  L=0.0205  D=0.305
[regir_last] 20:06:48  903,647/1,000,000  12.5/s  upd=22768  L=0.0138  D=0.305
[regir_last] 20:06:59  903,935/1,000,000  12.5/s  upd=22776  L=0.0126  D=0.305
[regir_last] 20:07:09  904,242/1,000,000  12.5/s  upd=22783  L=0.0131  D=0.305
[regir_last] 20:07:19  904,499/1,000,000  12.5/s  upd=22791  L=0.0185  D=0.305
[regir_last] 20:07:31  904,791/1,000,000  12.5/s  upd=22798  L=0.0171  D=0.305
[regir_last] 20:07:41  905,131/1,000,000  12.5/s  upd=22804  L=0.0163  D=0.305
[regir_last] 20:07:52  905,421/1,000,000  12.5/s  upd=22809  L=0.0108  D=0.305
[regir_last] 20:08:02  905,791/1,000,000  12.5/s  upd=22819  L=0.0326  D=0.305
[regir_last] 20:08:13  906,078/1,000,000  12.5/s  upd=22831  L=0.0094  D=0.305
[regir_last] 20:08:23  906,384/1,000,000  12.5/s  upd=22840  L=0.0123  D=0.305
[regir_last] 20:08:33  906,656/1,000,000  12.5/s  upd=22848  L=0.0175  D=0.305
[regir_last] 20:08:43  907,234/1,000,000  12.5/s  upd=22858  L=0.0130  D=0.305
[regir_last] 20:08:54  907,496/1,000,000  12.5/s  upd=22869  L=0.0267  D=0.305
[regir_last] 20:09:05  907,782/1,000,000  12.5/s  upd=22874  L=0.0171  D=0.305
[regir_last] report refresh skipped: PermissionError
[regir_last] 20:09:15  908,096/1,000,000  12.5/s  upd=22882  L=0.0122  D=0.305
[regir_last] 20:09:27  908,382/1,000,000  12.5/s  upd=22889  L=0.0134  D=0.305
[regir_last] 20:09:37  908,382/1,000,000  12.5/s  upd=22896  L=0.0239  D=0.305
[regir_last] 20:09:47  908,633/1,000,000  12.5/s  upd=22904  L=0.0134  D=0.305
[regir_last] 20:09:58  908,924/1,000,000  12.5/s  upd=22912  L=0.0133  D=0.305
[regir_last] 20:10:09  909,225/1,000,000  12.5/s  upd=22919  L=0.0201  D=0.305
[regir_last] 20:10:19  909,610/1,000,000  12.5/s  upd=22925  L=0.0132  D=0.305
[regir_last] 20:10:29  909,968/1,000,000  12.5/s  upd=22932  L=0.0193  D=0.305
[regir_last] 20:10:41  910,254/1,000,000  12.5/s  upd=22939  L=0.0174  D=0.305
[regir_last] 20:10:52  910,574/1,000,000  12.5/s  upd=22946  L=0.0178  D=0.305
[regir_last] 20:11:03  910,846/1,000,000  12.5/s  upd=22953  L=0.0163  D=0.305
[regir_last] 20:11:14  911,121/1,000,000  12.5/s  upd=22961  L=0.0145  D=0.305
[regir_last] 20:11:25  911,410/1,000,000  12.5/s  upd=22969  L=0.0152  D=0.305
[regir_last] 20:11:36  911,734/1,000,000  12.5/s  upd=22977  L=0.0173  D=0.305
[regir_last] 20:11:47  911,734/1,000,000  12.5/s  upd=22984  L=0.0136  D=0.305
[regir_last] 20:11:57  911,988/1,000,000  12.5/s  upd=22992  L=0.0217  D=0.305
[regir_last] 20:12:08  912,264/1,000,000  12.5/s  upd=23000  L=0.0144  D=0.305
[regir_last] 20:12:18  912,590/1,000,000  12.5/s  upd=23006  L=0.0121  D=0.305
[regir_last] 20:12:29  912,877/1,000,000  12.5/s  upd=23013  L=0.0204  D=0.305
[regir_last] 20:12:39  913,178/1,000,000  12.6/s  upd=23019  L=0.0162  D=0.305
[regir_last] 20:12:49  913,178/1,000,000  12.5/s  upd=23024  L=0.0150  D=0.305
[regir_last] 20:13:00  913,477/1,000,000  12.6/s  upd=23031  L=0.0131  D=0.305
[regir_last] 20:13:11  913,779/1,000,000  12.6/s  upd=23037  L=0.0158  D=0.305
[regir_last] saved resume t_env=913,779
[regir_last] 20:13:21  913,779/1,000,000  12.6/s  upd=23040  L=0.0160  D=0.305
[regir_last] 20:13:31  914,091/1,000,000  12.6/s  upd=23048  L=0.0173  D=0.305
[regir_last] 20:13:41  914,373/1,000,000  12.6/s  upd=23056  L=0.0120  D=0.305
[regir_last] 20:13:52  914,648/1,000,000  12.6/s  upd=23063  L=0.0238  D=0.305
[regir_last] 20:14:03  914,906/1,000,000  12.6/s  upd=23070  L=0.0238  D=0.305
[regir_last] 20:14:13  915,221/1,000,000  12.6/s  upd=23075  L=0.0159  D=0.305
[regir_last] report refresh skipped: PermissionError
[regir_last] 20:14:23  915,544/1,000,000  12.6/s  upd=23085  L=0.0226  D=0.305
[regir_last] 20:14:33  915,812/1,000,000  12.6/s  upd=23092  L=0.0141  D=0.305
[regir_last] 20:14:45  916,125/1,000,000  12.6/s  upd=23098  L=0.0147  D=0.305
[regir_last] 20:14:55  916,125/1,000,000  12.6/s  upd=23104  L=0.0154  D=0.305
[regir_last] 20:15:05  916,405/1,000,000  12.6/s  upd=23112  L=0.0188  D=0.305
[regir_last] 20:15:15  916,718/1,000,000  12.6/s  upd=23117  L=0.0201  D=0.305
[regir_last] 20:15:26  917,070/1,000,000  12.6/s  upd=23124  L=0.0137  D=0.305
[regir_last] 20:15:36  917,367/1,000,000  12.6/s  upd=23130  L=0.0174  D=0.305
[regir_last] 20:15:46  917,367/1,000,000  12.6/s  upd=23136  L=0.0238  D=0.305
[regir_last] 20:15:58  917,684/1,000,000  12.6/s  upd=23143  L=0.0161  D=0.305
[regir_last] 20:16:09  917,951/1,000,000  12.6/s  upd=23152  L=0.0155  D=0.305
[regir_last] 20:16:20  918,264/1,000,000  12.6/s  upd=23158  L=0.0108  D=0.305
[regir_last] 20:16:31  918,510/1,000,000  12.6/s  upd=23163  L=0.0170  D=0.305
[regir_last] 20:16:41  918,817/1,000,000  12.6/s  upd=23171  L=0.0193  D=0.305
[regir_last] 20:16:52  919,172/1,000,000  12.6/s  upd=23177  L=0.0230  D=0.305
[regir_last] 20:17:03  919,172/1,000,000  12.6/s  upd=23184  L=0.0144  D=0.305
[regir_last] 20:17:14  919,471/1,000,000  12.6/s  upd=23190  L=0.0144  D=0.305
[regir_last] 20:17:24  919,766/1,000,000  12.6/s  upd=23195  L=0.0096  D=0.305
[regir_last] 20:17:35  920,048/1,000,000  12.6/s  upd=23203  L=0.0210  D=0.305
[regir_last] saved resume t_env=920,048
[regir_last] 20:18:04  920,048/1,000,000  12.6/s  upd=23208  L=0.0158  ev=0/100  D=0.305
[regir_last] 20:18:14  920,048/1,000,000  12.6/s  upd=23208  L=0.0158  ev=24/100  D=0.305
[regir_last] 20:18:24  920,048/1,000,000  12.6/s  upd=23208  L=0.0158  ev=58/100  D=0.305
[regir_last] 20:18:34  920,048/1,000,000  12.6/s  upd=23208  L=0.0158  ev=88/100  D=0.305
[regir_last] report refresh skipped: PermissionError
[regir_last] 20:18:44  920,316/1,000,000  12.6/s  upd=23211  L=0.0130  D=0.434
[regir_last] 20:18:54  920,316/1,000,000  12.6/s  upd=23216  L=0.0145  D=0.434
[regir_last] 20:19:04  920,610/1,000,000  12.6/s  upd=23221  L=0.0113  D=0.434
[regir_last] 20:19:15  920,895/1,000,000  12.6/s  upd=23229  L=0.0174  D=0.434
[regir_last] report refresh skipped: PermissionError
[regir_last] 20:19:25  921,214/1,000,000  12.6/s  upd=23236  L=0.0117  D=0.434
[regir_last] 20:19:36  921,495/1,000,000  12.6/s  upd=23241  L=0.0163  D=0.434
[regir_last] 20:19:47  921,773/1,000,000  12.6/s  upd=23249  L=0.0265  D=0.434
[regir_last] 20:19:57  921,773/1,000,000  12.6/s  upd=23256  L=0.0168  D=0.434
[regir_last] 20:20:09  922,077/1,000,000  12.6/s  upd=23263  L=0.0136  D=0.434
[regir_last] 20:20:19  922,353/1,000,000  12.6/s  upd=23271  L=0.0170  D=0.434
[regir_last] 20:20:29  922,655/1,000,000  12.6/s  upd=23277  L=0.0166  D=0.434
[regir_last] 20:20:40  922,920/1,000,000  12.6/s  upd=23284  L=0.0124  D=0.434
[regir_last] 20:20:51  923,189/1,000,000  12.6/s  upd=23293  L=0.0151  D=0.434
[regir_last] 20:21:02  923,484/1,000,000  12.6/s  upd=23300  L=0.0166  D=0.434
[regir_last] 20:21:14  923,794/1,000,000  12.6/s  upd=23308  L=0.0170  D=0.434
[regir_last] 20:21:26  924,107/1,000,000  12.6/s  upd=23315  L=0.0154  D=0.434
[regir_last] 20:21:38  924,404/1,000,000  12.6/s  upd=23322  L=0.0157  D=0.434
[regir_last] 20:21:49  924,711/1,000,000  12.6/s  upd=23331  L=0.0152  D=0.434
[regir_last] 20:22:00  924,983/1,000,000  12.6/s  upd=23339  L=0.0192  D=0.434
[regir_last] 20:22:13  925,305/1,000,000  12.6/s  upd=23347  L=0.0199  D=0.434
[regir_last] 20:22:25  925,599/1,000,000  12.6/s  upd=23354  L=0.0185  D=0.434
[regir_last] 20:22:35  925,599/1,000,000  12.6/s  upd=23360  L=0.0199  D=0.434
[regir_last] 20:22:45  926,279/1,000,000  12.6/s  upd=23369  L=0.0247  D=0.434
[regir_last] 20:22:56  926,582/1,000,000  12.6/s  upd=23383  L=0.0124  D=0.434
[regir_last] 20:23:06  927,236/1,000,000  12.6/s  upd=23395  L=0.0211  D=0.434
[regir_last] 20:23:17  927,520/1,000,000  12.6/s  upd=23406  L=0.0095  D=0.434
[regir_last] 20:23:27  927,817/1,000,000  12.6/s  upd=23416  L=0.0159  D=0.434
[regir_last] 20:23:37  928,463/1,000,000  12.6/s  upd=23425  L=0.0182  D=0.434
[regir_last] 20:23:49  928,781/1,000,000  12.6/s  upd=23434  L=0.0162  D=0.434
[regir_last] 20:24:00  929,068/1,000,000  12.7/s  upd=23442  L=0.0108  D=0.434
[regir_last] 20:24:13  929,373/1,000,000  12.7/s  upd=23450  L=0.0122  D=0.434
[regir_last] report refresh skipped: PermissionError
[regir_last] 20:24:23  929,373/1,000,000  12.7/s  upd=23456  L=0.0134  D=0.434
[regir_last] 20:24:36  929,669/1,000,000  12.7/s  upd=23464  L=0.0115  D=0.434
[regir_last] 20:24:46  929,966/1,000,000  12.7/s  upd=23472  L=0.0108  D=0.434
[regir_last] 20:24:57  930,303/1,000,000  12.7/s  upd=23479  L=0.0167  D=0.434
[regir_last] 20:25:08  930,609/1,000,000  12.7/s  upd=23486  L=0.0184  D=0.434
[regir_last] 20:25:18  930,906/1,000,000  12.7/s  upd=23493  L=0.0187  D=0.434
[regir_last] 20:25:28  931,245/1,000,000  12.7/s  upd=23500  L=0.0098  D=0.434
[regir_last] 20:25:39  931,572/1,000,000  12.7/s  upd=23505  L=0.0165  D=0.434
[regir_last] 20:25:49  931,572/1,000,000  12.7/s  upd=23512  L=0.0127  D=0.434
[regir_last] 20:26:01  931,895/1,000,000  12.7/s  upd=23520  L=0.0108  D=0.434
[regir_last] 20:26:11  932,223/1,000,000  12.7/s  upd=23527  L=0.0205  D=0.434
[regir_last] 20:26:22  932,503/1,000,000  12.7/s  upd=23534  L=0.0129  D=0.434
[regir_last] 20:26:33  932,822/1,000,000  12.7/s  upd=23541  L=0.0107  D=0.434
[regir_last] 20:26:43  932,822/1,000,000  12.7/s  upd=23544  L=0.0128  D=0.434
[regir_last] 20:26:53  933,174/1,000,000  12.7/s  upd=23552  L=0.0130  D=0.434
[regir_last] 20:27:05  933,492/1,000,000  12.7/s  upd=23560  L=0.0137  D=0.434
[regir_last] 20:27:15  933,815/1,000,000  12.7/s  upd=23566  L=0.0102  D=0.434
[regir_last] 20:27:26  934,151/1,000,000  12.7/s  upd=23572  L=0.0179  D=0.434
[regir_last] 20:27:36  934,412/1,000,000  12.7/s  upd=23579  L=0.0129  D=0.434
[regir_last] 20:27:46  934,714/1,000,000  12.7/s  upd=23586  L=0.0135  D=0.434
[regir_last] saved resume t_env=934,714
[regir_last] 20:27:57  934,714/1,000,000  12.7/s  upd=23592  L=0.0148  D=0.434
[regir_last] 20:28:07  934,997/1,000,000  12.7/s  upd=23597  L=0.0151  D=0.434
[regir_last] 20:28:17  935,292/1,000,000  12.7/s  upd=23604  L=0.0137  D=0.434
[regir_last] 20:28:27  935,572/1,000,000  12.7/s  upd=23611  L=0.0122  D=0.434
[regir_last] 20:28:38  935,854/1,000,000  12.7/s  upd=23619  L=0.0123  D=0.434
[regir_last] 20:28:48  936,167/1,000,000  12.7/s  upd=23625  L=0.0163  D=0.434
[regir_last] 20:28:58  936,167/1,000,000  12.7/s  upd=23632  L=0.0200  D=0.434
[regir_last] 20:29:08  936,544/1,000,000  12.7/s  upd=23640  L=0.0177  D=0.434
[regir_last] 20:29:18  936,800/1,000,000  12.7/s  upd=23646  L=0.0137  D=0.434
[regir_last] 20:29:29  937,096/1,000,000  12.7/s  upd=23653  L=0.0158  D=0.434
[regir_last] report refresh skipped: PermissionError
[regir_last] 20:29:39  937,395/1,000,000  12.7/s  upd=23660  L=0.0106  D=0.434
[regir_last] 20:29:51  937,706/1,000,000  12.7/s  upd=23668  L=0.0124  D=0.434
[regir_last] 20:30:02  938,001/1,000,000  12.7/s  upd=23678  L=0.0163  D=0.434
[regir_last] 20:30:13  938,308/1,000,000  12.7/s  upd=23684  L=0.0174  D=0.434
[regir_last] 20:30:23  938,569/1,000,000  12.7/s  upd=23691  L=0.0100  D=0.434
[regir_last] 20:30:34  938,867/1,000,000  12.7/s  upd=23697  L=0.0086  D=0.434
[regir_last] 20:30:45  938,867/1,000,000  12.7/s  upd=23704  L=0.0091  D=0.434
[regir_last] 20:30:55  939,152/1,000,000  12.7/s  upd=23712  L=0.0107  D=0.434
[regir_last] 20:31:07  939,489/1,000,000  12.7/s  upd=23719  L=0.0129  D=0.434
[regir_last] 20:31:18  939,833/1,000,000  12.7/s  upd=23726  L=0.0150  D=0.434
[regir_last] 20:31:29  940,123/1,000,000  12.7/s  upd=23734  L=0.0238  D=0.434
[regir_last] saved resume t_env=940,123
[regir_last] 20:31:55  940,123/1,000,000  12.7/s  upd=23736  L=0.0200  ev=0/100  D=0.434
[regir_last] 20:32:05  940,123/1,000,000  12.7/s  upd=23736  L=0.0200  ev=18/100  D=0.434
[regir_last] 20:32:15  940,123/1,000,000  12.7/s  upd=23736  L=0.0200  ev=48/100  D=0.434
[regir_last] 20:32:25  940,123/1,000,000  12.7/s  upd=23736  L=0.0200  ev=73/100  D=0.434
[regir_last] report refresh skipped: PermissionError
[regir_last] 20:32:35  940,123/1,000,000  12.7/s  upd=23736  L=0.0200  D=0.643
[regir_last] 20:32:46  940,453/1,000,000  12.7/s  upd=23741  L=0.0153  D=0.643
[regir_last] 20:32:56  940,778/1,000,000  12.7/s  upd=23748  L=0.0110  D=0.643
[regir_last] 20:33:06  941,054/1,000,000  12.7/s  upd=23757  L=0.0133  D=0.643
[regir_last] 20:33:17  941,350/1,000,000  12.7/s  upd=23764  L=0.0125  D=0.643
[regir_last] 20:33:27  941,657/1,000,000  12.7/s  upd=23769  L=0.0179  D=0.643
[regir_last] 20:33:38  941,657/1,000,000  12.7/s  upd=23776  L=0.0125  D=0.643
[regir_last] 20:33:48  941,959/1,000,000  12.7/s  upd=23784  L=0.0130  D=0.643
[regir_last] 20:33:58  942,232/1,000,000  12.7/s  upd=23790  L=0.0143  D=0.643
[regir_last] 20:34:10  942,518/1,000,000  12.7/s  upd=23796  L=0.0123  D=0.643
[regir_last] 20:34:20  942,808/1,000,000  12.7/s  upd=23803  L=0.0158  D=0.643
[regir_last] 20:34:30  943,152/1,000,000  12.7/s  upd=23809  L=0.0151  D=0.643
[regir_last] 20:34:40  943,152/1,000,000  12.7/s  upd=23816  L=0.0087  D=0.643
[regir_last] report refresh skipped: PermissionError
[regir_last] 20:34:51  943,425/1,000,000  12.7/s  upd=23824  L=0.0185  D=0.643
[regir_last] 20:35:04  943,736/1,000,000  12.7/s  upd=23832  L=0.0147  D=0.643
[regir_last] 20:35:14  944,023/1,000,000  12.7/s  upd=23840  L=0.0122  D=0.643
[regir_last] 20:35:25  944,338/1,000,000  12.7/s  upd=23844  L=0.0167  D=0.643
[regir_last] 20:35:35  944,632/1,000,000  12.7/s  upd=23849  L=0.0117  D=0.643
[regir_last] 20:35:47  944,941/1,000,000  12.7/s  upd=23858  L=0.0145  D=0.643
[regir_last] 20:35:57  945,252/1,000,000  12.7/s  upd=23865  L=0.0171  D=0.643
[regir_last] 20:36:07  945,530/1,000,000  12.7/s  upd=23873  L=0.0094  D=0.643
[regir_last] 20:36:17  945,530/1,000,000  12.7/s  upd=23880  L=0.0098  D=0.643
[regir_last] 20:36:28  945,838/1,000,000  12.7/s  upd=23886  L=0.0141  D=0.643
[regir_last] 20:36:40  946,157/1,000,000  12.8/s  upd=23894  L=0.0160  D=0.643
[regir_last] 20:36:51  946,464/1,000,000  12.8/s  upd=23902  L=0.0174  D=0.643
[regir_last] 20:37:02  946,761/1,000,000  12.8/s  upd=23907  L=0.0120  D=0.643
[regir_last] 20:37:13  947,065/1,000,000  12.8/s  upd=23915  L=0.0148  D=0.643
[regir_last] 20:37:24  947,414/1,000,000  12.8/s  upd=23924  L=0.0135  D=0.643
[regir_last] 20:37:34  947,986/1,000,000  12.8/s  upd=23938  L=0.0121  D=0.643
[regir_last] 20:37:44  948,303/1,000,000  12.8/s  upd=23951  L=0.0164  D=0.643
[regir_last] 20:37:55  948,910/1,000,000  12.8/s  upd=23962  L=0.0205  D=0.643
[regir_last] 20:38:05  949,177/1,000,000  12.8/s  upd=23974  L=0.0113  D=0.643
[regir_last] 20:38:16  949,774/1,000,000  12.8/s  upd=23986  L=0.0113  D=0.643
[regir_last] 20:38:26  949,774/1,000,000  12.8/s  upd=23992  L=0.0083  D=0.643
[regir_last] 20:38:37  950,106/1,000,000  12.8/s  upd=24000  L=0.0117  D=0.643
[regir_last] 20:38:48  950,400/1,000,000  12.8/s  upd=24007  L=0.0126  D=0.643
[regir_last] 20:38:58  950,703/1,000,000  12.8/s  upd=24012  L=0.0137  D=0.643
[regir_last] 20:39:09  950,990/1,000,000  12.8/s  upd=24019  L=0.0112  D=0.643
[regir_last] 20:39:19  951,258/1,000,000  12.8/s  upd=24025  L=0.0146  D=0.643
[regir_last] 20:39:29  951,258/1,000,000  12.8/s  upd=24032  L=0.0179  D=0.643
[regir_last] 20:39:39  951,526/1,000,000  12.8/s  upd=24040  L=0.0251  D=0.643
[regir_last] 20:39:50  951,816/1,000,000  12.8/s  upd=24046  L=0.0155  D=0.643
[regir_last] report refresh skipped: PermissionError
[regir_last] 20:40:00  952,077/1,000,000  12.8/s  upd=24056  L=0.0158  D=0.643
[regir_last] 20:40:10  952,371/1,000,000  12.8/s  upd=24063  L=0.0108  D=0.643
[regir_last] 20:40:22  952,653/1,000,000  12.8/s  upd=24070  L=0.0126  D=0.643
[regir_last] 20:40:33  952,926/1,000,000  12.8/s  upd=24078  L=0.0190  D=0.643
[regir_last] 20:40:43  953,216/1,000,000  12.8/s  upd=24083  L=0.0081  D=0.643
[regir_last] 20:40:53  953,216/1,000,000  12.8/s  upd=24088  L=0.0098  D=0.643
[regir_last] 20:41:03  953,493/1,000,000  12.8/s  upd=24095  L=0.0111  D=0.643
[regir_last] 20:41:14  953,777/1,000,000  12.8/s  upd=24100  L=0.0108  D=0.643
[regir_last] 20:41:24  954,049/1,000,000  12.8/s  upd=24106  L=0.0127  D=0.643
[regir_last] 20:41:34  954,049/1,000,000  12.8/s  upd=24112  L=0.0086  D=0.643
[regir_last] saved resume t_env=954,345
[regir_last] 20:41:46  954,345/1,000,000  12.8/s  upd=24120  L=0.0099  D=0.643
[regir_last] 20:41:57  954,627/1,000,000  12.8/s  upd=24125  L=0.0122  D=0.643
[regir_last] 20:42:07  954,934/1,000,000  12.8/s  upd=24133  L=0.0170  D=0.643
[regir_last] 20:42:18  955,210/1,000,000  12.8/s  upd=24139  L=0.0260  D=0.643
[regir_last] 20:42:28  955,512/1,000,000  12.8/s  upd=24145  L=0.0173  D=0.643
[regir_last] 20:42:38  955,512/1,000,000  12.8/s  upd=24152  L=0.0216  D=0.643
[regir_last] 20:42:49  955,818/1,000,000  12.8/s  upd=24160  L=0.0097  D=0.643
[regir_last] 20:42:59  956,159/1,000,000  12.8/s  upd=24168  L=0.0115  D=0.643
[regir_last] 20:43:09  956,471/1,000,000  12.8/s  upd=24174  L=0.0121  D=0.643
[regir_last] 20:43:20  956,785/1,000,000  12.8/s  upd=24177  L=0.0130  D=0.643
[regir_last] 20:43:30  956,785/1,000,000  12.8/s  upd=24184  L=0.0115  D=0.643
[regir_last] 20:43:41  957,059/1,000,000  12.8/s  upd=24190  L=0.0118  D=0.643
[regir_last] 20:43:51  957,447/1,000,000  12.8/s  upd=24198  L=0.0131  D=0.643
[regir_last] 20:44:03  957,785/1,000,000  12.8/s  upd=24206  L=0.0162  D=0.643
[regir_last] 20:44:13  958,105/1,000,000  12.8/s  upd=24212  L=0.0145  D=0.643
[regir_last] 20:44:25  958,355/1,000,000  12.8/s  upd=24218  L=0.0116  D=0.643
[regir_last] 20:44:36  958,670/1,000,000  12.8/s  upd=24226  L=0.0091  D=0.643
[regir_last] 20:44:46  958,670/1,000,000  12.8/s  upd=24232  L=0.0113  D=0.643
[regir_last] 20:44:56  958,970/1,000,000  12.8/s  upd=24239  L=0.0275  D=0.643
[regir_last] report refresh skipped: PermissionError
[regir_last] 20:45:07  959,258/1,000,000  12.8/s  upd=24246  L=0.0130  D=0.643
[regir_last] 20:45:18  959,551/1,000,000  12.8/s  upd=24253  L=0.0128  D=0.643
[regir_last] 20:45:29  959,845/1,000,000  12.8/s  upd=24259  L=0.0143  D=0.643
[regir_last] 20:45:39  960,164/1,000,000  12.8/s  upd=24267  L=0.0081  D=0.643
[regir_last] saved resume t_env=960,164
[regir_last] 20:46:08  960,164/1,000,000  12.8/s  upd=24272  L=0.0157  ev=0/100  D=0.643
[regir_last] 20:46:18  960,164/1,000,000  12.8/s  upd=24272  L=0.0157  ev=32/100  D=0.643
[regir_last] 20:46:28  960,164/1,000,000  12.8/s  upd=24272  L=0.0157  ev=64/100  D=0.643
[regir_last] 20:46:38  960,164/1,000,000  12.8/s  upd=24272  L=0.0157  ev=95/100  D=0.643
[regir_last] report refresh skipped: PermissionError
[regir_last] 20:46:50  960,466/1,000,000  12.8/s  upd=24275  L=0.0162  D=0.348
[regir_last] 20:47:00  960,730/1,000,000  12.8/s  upd=24281  L=0.0134  D=0.348
[regir_last] 20:47:10  960,989/1,000,000  12.8/s  upd=24289  L=0.0136  D=0.348
[regir_last] 20:47:20  960,989/1,000,000  12.8/s  upd=24296  L=0.0115  D=0.348
[regir_last] 20:47:31  961,278/1,000,000  12.8/s  upd=24304  L=0.0126  D=0.348
[regir_last] 20:47:42  961,572/1,000,000  12.8/s  upd=24311  L=0.0133  D=0.348
[regir_last] 20:47:53  961,838/1,000,000  12.8/s  upd=24317  L=0.0106  D=0.348
[regir_last] 20:48:03  962,157/1,000,000  12.8/s  upd=24322  L=0.0163  D=0.348
[regir_last] 20:48:14  962,444/1,000,000  12.9/s  upd=24329  L=0.0176  D=0.348
[regir_last] 20:48:24  962,444/1,000,000  12.8/s  upd=24336  L=0.0100  D=0.348
[regir_last] 20:48:34  962,739/1,000,000  12.9/s  upd=24344  L=0.0166  D=0.348
[regir_last] 20:48:44  963,080/1,000,000  12.9/s  upd=24351  L=0.0117  D=0.348
[regir_last] 20:48:56  963,393/1,000,000  12.9/s  upd=24358  L=0.0105  D=0.348
[regir_last] 20:49:06  963,693/1,000,000  12.9/s  upd=24365  L=0.0188  D=0.348
[regir_last] 20:49:16  963,991/1,000,000  12.9/s  upd=24372  L=0.0136  D=0.348
[regir_last] 20:49:26  964,256/1,000,000  12.9/s  upd=24379  L=0.0106  D=0.348
[regir_last] 20:49:37  964,537/1,000,000  12.9/s  upd=24385  L=0.0099  D=0.348
[regir_last] 20:49:47  964,537/1,000,000  12.9/s  upd=24392  L=0.0123  D=0.348
[regir_last] 20:49:57  964,844/1,000,000  12.9/s  upd=24400  L=0.0120  D=0.348
[regir_last] report refresh skipped: PermissionError
[regir_last] 20:50:08  965,126/1,000,000  12.9/s  upd=24407  L=0.0153  D=0.348
[regir_last] 20:50:19  965,422/1,000,000  12.9/s  upd=24414  L=0.0140  D=0.348
[regir_last] 20:50:29  965,714/1,000,000  12.9/s  upd=24420  L=0.0128  D=0.348
[regir_last] 20:50:40  966,022/1,000,000  12.9/s  upd=24427  L=0.0139  D=0.348
[regir_last] 20:50:50  966,022/1,000,000  12.9/s  upd=24432  L=0.0126  D=0.348
[regir_last] 20:51:00  966,296/1,000,000  12.9/s  upd=24440  L=0.0124  D=0.348
[regir_last] 20:51:11  966,579/1,000,000  12.9/s  upd=24447  L=0.0095  D=0.348
[regir_last] 20:51:21  966,889/1,000,000  12.9/s  upd=24451  L=0.0169  D=0.348
[regir_last] 20:51:32  967,198/1,000,000  12.9/s  upd=24458  L=0.0140  D=0.348
[regir_last] 20:51:42  967,198/1,000,000  12.9/s  upd=24464  L=0.0116  D=0.348
[regir_last] 20:51:52  967,473/1,000,000  12.9/s  upd=24472  L=0.0221  D=0.348
[regir_last] 20:52:04  967,757/1,000,000  12.9/s  upd=24477  L=0.0094  D=0.348
[regir_last] 20:52:15  968,106/1,000,000  12.9/s  upd=24485  L=0.0105  D=0.348
[regir_last] 20:52:26  968,744/1,000,000  12.9/s  upd=24497  L=0.0087  D=0.348
[regir_last] 20:52:37  969,049/1,000,000  12.9/s  upd=24509  L=0.0104  D=0.348
[regir_last] 20:52:48  969,346/1,000,000  12.9/s  upd=24520  L=0.0082  D=0.348
[regir_last] 20:52:58  969,942/1,000,000  12.9/s  upd=24529  L=0.0100  D=0.348
[regir_last] 20:53:08  970,224/1,000,000  12.9/s  upd=24540  L=0.0150  D=0.348
[regir_last] 20:53:18  970,845/1,000,000  12.9/s  upd=24553  L=0.0228  D=0.348
[regir_last] 20:53:29  971,145/1,000,000  12.9/s  upd=24565  L=0.0146  D=0.348
[regir_last] 20:53:40  971,729/1,000,000  12.9/s  upd=24578  L=0.0103  D=0.348
[regir_last] 20:53:50  972,027/1,000,000  12.9/s  upd=24591  L=0.0133  D=0.348
[regir_last] 20:54:01  972,562/1,000,000  12.9/s  upd=24606  L=0.0143  D=0.348
[regir_last] saved resume t_env=973,143
[regir_last] report refresh skipped: PermissionError
[regir_last] resume t_env=973,143 from resume.pt
[regir_last] 0:00:10  973,701/1,000,000  53.9/s  upd=24631  L=0.0120  D=0.348
[regir_last] 0:00:20  974,258/1,000,000  54.8/s  upd=24650  L=0.0117  D=0.348
[regir_last] 0:00:30  975,215/1,000,000  67.1/s  upd=24669  L=0.0159  D=0.348
[regir_last] 0:00:41  975,799/1,000,000  64.1/s  upd=24690  L=0.0131  D=0.348
[regir_last] 0:00:51  976,773/1,000,000  70.0/s  upd=24709  L=0.0182  D=0.348
[regir_last] 0:01:01  977,374/1,000,000  68.4/s  upd=24724  L=0.0109  D=0.348
[regir_last] 0:01:12  977,951/1,000,000  66.7/s  upd=24742  L=0.0107  D=0.348
[regir_last] 0:01:22  978,509/1,000,000  65.2/s  upd=24761  L=0.0160  D=0.348
[regir_last] 0:01:32  979,331/1,000,000  66.9/s  upd=24779  L=0.0191  D=0.348
[regir_last] 0:01:42  979,894/1,000,000  65.8/s  upd=24797  L=0.0110  D=0.348
[regir_last] saved resume t_env=980,148
[regir_last] 0:02:12  980,148/1,000,000  52.8/s  upd=24810  L=0.0113  ev=0/100  D=0.348
[regir_last] 0:03:01  980,148/1,000,000  38.7/s  upd=24810  L=0.0113  D=0.546
[regir_last] 0:03:11  981,027/1,000,000  41.2/s  upd=24827  L=0.0165  D=0.546
[regir_last] 0:03:21  981,580/1,000,000  41.8/s  upd=24847  L=0.0159  D=0.546
[regir_last] 0:03:32  982,112/1,000,000  42.3/s  upd=24866  L=0.0167  D=0.546
[regir_last] 0:03:43  982,990/1,000,000  44.1/s  upd=24885  L=0.0096  D=0.546
[regir_last] 0:03:53  983,528/1,000,000  44.5/s  upd=24901  L=0.0128  D=0.546
[regir_last] 0:04:03  984,075/1,000,000  44.9/s  upd=24919  L=0.0235  D=0.546
[regir_last] 0:04:13  984,679/1,000,000  45.5/s  upd=24937  L=0.0136  D=0.546
[regir_last] 0:04:23  985,569/1,000,000  47.1/s  upd=24956  L=0.0081  D=0.546
[regir_last] 0:04:34  986,079/1,000,000  47.2/s  upd=24975  L=0.0123  D=0.546
[regir_last] 0:04:44  986,632/1,000,000  47.4/s  upd=24992  L=0.0123  D=0.546
[regir_last] 0:04:54  987,190/1,000,000  47.7/s  upd=25009  L=0.0132  D=0.546
[regir_last] 0:06:25  987,491/1,000,000  37.2/s  upd=25018  L=0.0143  D=0.546
[regir_last] 0:06:35  988,071/1,000,000  37.8/s  upd=25033  L=0.0118  D=0.546
[regir_last] 0:06:45  988,652/1,000,000  38.3/s  upd=25050  L=0.0147  D=0.546
[regir_last] 0:06:55  989,170/1,000,000  38.6/s  upd=25064  L=0.0169  D=0.546
[regir_last] 0:07:05  989,734/1,000,000  39.0/s  upd=25080  L=0.0187  D=0.546
[regir_last] 0:07:16  990,271/1,000,000  39.3/s  upd=25096  L=0.0129  D=0.546
[regir_last] 0:07:26  990,848/1,000,000  39.7/s  upd=25109  L=0.0156  D=0.546
[regir_last] 0:07:36  991,422/1,000,000  40.0/s  upd=25124  L=0.0154  D=0.546
[regir_last] 0:07:46  991,714/1,000,000  39.8/s  upd=25138  L=0.0099  D=0.546
[regir_last] 0:07:56  992,290/1,000,000  40.1/s  upd=25153  L=0.0114  D=0.546
[regir_last] 0:08:07  992,816/1,000,000  40.3/s  upd=25166  L=0.0106  D=0.546
[regir_last] 0:08:17  993,410/1,000,000  40.7/s  upd=25182  L=0.0103  D=0.546
[regir_last] 0:08:28  993,986/1,000,000  41.0/s  upd=25196  L=0.0215  D=0.546
[regir_last] 0:08:38  994,283/1,000,000  40.8/s  upd=25209  L=0.0155  D=0.546
[regir_last] 0:08:48  994,896/1,000,000  41.2/s  upd=25223  L=0.0111  D=0.546
[regir_last] 0:08:59  995,474/1,000,000  41.4/s  upd=25238  L=0.0138  D=0.546
[regir_last] 0:09:09  996,049/1,000,000  41.7/s  upd=25252  L=0.0191  D=0.546
[regir_last] 0:09:19  996,351/1,000,000  41.5/s  upd=25266  L=0.0196  D=0.546
[regir_last] 0:09:29  996,879/1,000,000  41.6/s  upd=25282  L=0.0181  D=0.546
[regir_last] 0:09:39  997,426/1,000,000  41.9/s  upd=25296  L=0.0184  D=0.546
[regir_last] 0:09:50  998,040/1,000,000  42.2/s  upd=25310  L=0.0130  D=0.546
[regir_last] 0:10:00  998,559/1,000,000  42.3/s  upd=25323  L=0.0102  D=0.546
[regir_last] 0:10:11  998,830/1,000,000  42.0/s  upd=25338  L=0.0140  D=0.546
[regir_last] 0:10:21  999,393/1,000,000  42.2/s  upd=25354  L=0.0115  D=0.546
[regir_last] 0:10:32  999,907/1,000,000  42.3/s  upd=25368  L=0.0106  D=0.546
[regir_last] saved resume t_env=1,000,000
[regir_last] 0:11:03  1,000,000/1,000,000  40.5/s  upd=25378  L=0.0076  ev=0/100  D=0.546
[regir_last] 0:11:50  1,000,000/1,000,000  37.8/s  upd=25378  L=0.0076  D=0.738
[regir_last] saved resume t_env=1,000,000
