[dcg] 0:00:18  1,353/1,000,000  72.8/s  upd=8  L=0.0475  D=-
[dcg] 0:00:32  1,678/1,000,000  51.9/s  upd=16  L=0.0525  D=-
[dcg] 0:00:45  2,036/1,000,000  44.5/s  upd=24  L=0.0496  D=-
[dcg] 0:00:58  2,382/1,000,000  40.7/s  upd=32  L=0.0555  D=-
[dcg] 0:01:12  2,746/1,000,000  37.9/s  upd=40  L=0.0450  D=-
[dcg] 0:01:27  3,132/1,000,000  35.9/s  upd=48  L=0.0467  D=-
[dcg] 0:01:43  3,498/1,000,000  33.9/s  upd=56  L=0.0534  D=-
[dcg] 0:01:57  3,825/1,000,000  32.5/s  upd=64  L=0.0427  D=-
[dcg] 0:02:12  4,201/1,000,000  31.7/s  upd=72  L=0.0523  D=-
[dcg] 0:02:27  4,589/1,000,000  31.0/s  upd=80  L=0.0523  D=-
[dcg] 0:02:45  5,029/1,000,000  30.5/s  upd=88  L=0.0566  D=-
[dcg] 0:03:01  5,391/1,000,000  29.8/s  upd=96  L=0.0528  D=-
[dcg] 0:03:18  5,810/1,000,000  29.3/s  upd=104  L=0.0339  D=-
[dcg] 0:03:36  6,166/1,000,000  28.5/s  upd=112  L=0.0418  D=-
[dcg] 0:03:52  6,517/1,000,000  28.0/s  upd=120  L=0.0530  D=-
[dcg] 0:04:10  6,887/1,000,000  27.5/s  upd=128  L=0.0483  D=-
[dcg] 0:04:26  7,272/1,000,000  27.3/s  upd=136  L=0.0468  D=-
[dcg] 0:04:43  7,648/1,000,000  27.0/s  upd=144  L=0.0502  D=-
[dcg] 0:05:01  8,016/1,000,000  26.6/s  upd=152  L=0.0528  D=-
[dcg] 0:05:11  8,016/1,000,000  25.8/s  upd=152  L=0.0528  D=-
[dcg] 0:05:21  8,386/1,000,000  26.1/s  upd=160  L=0.0499  D=-
[dcg] 0:05:38  8,737/1,000,000  25.8/s  upd=168  L=0.0546  D=-
[dcg] 0:05:55  9,090/1,000,000  25.6/s  upd=176  L=0.0581  D=-
[dcg] 0:06:12  9,475/1,000,000  25.4/s  upd=184  L=0.0448  D=-
[dcg] 0:06:30  9,862/1,000,000  25.3/s  upd=192  L=0.0494  D=-
[dcg] 0:06:49  10,294/1,000,000  25.2/s  upd=200  L=0.0296  D=-
[dcg] 0:07:08  10,711/1,000,000  25.0/s  upd=208  L=0.0215  D=-
[dcg] 0:07:27  11,080/1,000,000  24.8/s  upd=216  L=0.0458  D=-
[dcg] 0:07:45  11,439/1,000,000  24.6/s  upd=224  L=0.0526  D=-
[dcg] 0:08:04  11,848/1,000,000  24.4/s  upd=232  L=0.0539  D=-
[dcg] 0:08:23  12,239/1,000,000  24.3/s  upd=240  L=0.0550  D=-
[dcg] 0:08:41  12,603/1,000,000  24.2/s  upd=248  L=0.0620  D=-
[dcg] 0:08:59  12,958/1,000,000  24.0/s  upd=256  L=0.0588  D=-
[dcg] 0:09:17  13,330/1,000,000  23.9/s  upd=264  L=0.0495  D=-
[dcg] 0:09:35  13,716/1,000,000  23.8/s  upd=272  L=0.0468  D=-
[dcg] 0:09:55  14,172/1,000,000  23.8/s  upd=280  L=0.0345  D=-
[dcg] 0:10:10  14,535/1,000,000  23.8/s  upd=288  L=0.0449  D=-
[dcg] 0:10:31  14,897/1,000,000  23.6/s  upd=296  L=0.0568  D=-
[dcg] 0:10:49  15,322/1,000,000  23.6/s  upd=304  L=0.0518  D=-
[dcg] 0:11:07  15,651/1,000,000  23.4/s  upd=312  L=0.0420  D=-
[dcg] 0:11:27  16,142/1,000,000  23.5/s  upd=320  L=0.0564  D=-
[dcg] 0:11:48  16,524/1,000,000  23.3/s  upd=328  L=0.0588  D=-
[dcg] 0:12:06  16,888/1,000,000  23.2/s  upd=336  L=0.0331  D=-
[dcg] 0:12:27  17,318/1,000,000  23.2/s  upd=344  L=0.0563  D=-
[dcg] 0:12:45  17,778/1,000,000  23.2/s  upd=352  L=0.0341  D=-
[dcg] 0:13:04  18,146/1,000,000  23.1/s  upd=360  L=0.0429  D=-
[dcg] 0:13:26  18,559/1,000,000  23.0/s  upd=368  L=0.0697  D=-
[dcg] 0:13:45  18,929/1,000,000  22.9/s  upd=376  L=0.0525  D=-
[dcg] 0:14:05  19,280/1,000,000  22.8/s  upd=384  L=0.0499  D=-
[dcg] 0:14:24  19,607/1,000,000  22.7/s  upd=392  L=0.0517  D=-
[dcg] 0:14:44  19,974/1,000,000  22.6/s  upd=400  L=0.0670  D=-
[dcg] 0:15:08  20,329/1,000,000  22.4/s  upd=408  L=0.0331  ev=0/100  D=-
[dcg] 0:15:18  20,329/1,000,000  22.1/s  upd=408  L=0.0331  ev=30/100  D=-
[dcg] 0:15:28  20,329/1,000,000  21.9/s  upd=408  L=0.0331  ev=61/100  D=-
[dcg] 0:15:38  20,329/1,000,000  21.7/s  upd=408  L=0.0331  ev=88/100  D=-
[dcg] 0:15:58  20,329/1,000,000  21.2/s  upd=408  L=0.0331  D=5.883
[dcg] 0:16:18  20,717/1,000,000  21.2/s  upd=416  L=0.0569  D=5.883
[dcg] 0:16:36  21,050/1,000,000  21.1/s  upd=424  L=0.0578  D=5.883
[dcg] 0:16:55  21,461/1,000,000  21.1/s  upd=432  L=0.0427  D=5.883
[dcg] 0:17:12  21,891/1,000,000  21.2/s  upd=440  L=0.0502  D=5.883
[dcg] 0:17:33  22,430/1,000,000  21.3/s  upd=448  L=0.0488  D=5.883
[dcg] 0:17:52  22,786/1,000,000  21.2/s  upd=456  L=0.0532  D=5.883
[dcg] 0:18:12  23,133/1,000,000  21.2/s  upd=464  L=0.0460  D=5.883
[dcg] 0:18:32  23,543/1,000,000  21.2/s  upd=472  L=0.0497  D=5.883
[dcg] 0:18:54  23,928/1,000,000  21.1/s  upd=480  L=0.0567  D=5.883
[dcg] 0:19:13  24,321/1,000,000  21.1/s  upd=488  L=0.0395  D=5.883
[dcg] 0:19:32  24,667/1,000,000  21.0/s  upd=496  L=0.0498  D=5.883
[dcg] 0:19:54  25,058/1,000,000  21.0/s  upd=504  L=0.0412  D=5.883
[dcg] 0:20:13  25,455/1,000,000  21.0/s  upd=512  L=0.0559  D=5.883
[dcg] 0:20:30  25,788/1,000,000  21.0/s  upd=520  L=0.0483  D=5.883
[dcg] 0:20:49  26,157/1,000,000  20.9/s  upd=528  L=0.0497  D=5.883
[dcg] 0:21:03  26,496/1,000,000  21.0/s  upd=536  L=0.0427  D=5.883
[dcg] 0:21:30  26,859/1,000,000  20.8/s  upd=544  L=0.0468  D=5.883
[dcg] 0:21:49  27,264/1,000,000  20.8/s  upd=552  L=0.0418  D=5.883
[dcg] 0:22:10  27,685/1,000,000  20.8/s  upd=560  L=0.0576  D=5.883
[dcg] 0:22:29  28,023/1,000,000  20.8/s  upd=568  L=0.0367  D=5.883
[dcg] 0:22:50  28,435/1,000,000  20.7/s  upd=576  L=0.0569  D=5.883
[dcg] 0:23:11  28,825/1,000,000  20.7/s  upd=584  L=0.0697  D=5.883
[dcg] 0:23:30  29,232/1,000,000  20.7/s  upd=592  L=0.0403  D=5.883
[dcg] 0:23:49  29,589/1,000,000  20.7/s  upd=600  L=0.0442  D=5.883
[dcg] 0:24:07  29,948/1,000,000  20.7/s  upd=608  L=0.0654  D=5.883
[dcg] 0:24:27  30,303/1,000,000  20.6/s  upd=616  L=0.0362  D=5.883
[dcg] 0:24:48  30,694/1,000,000  20.6/s  upd=624  L=0.0568  D=5.883
[dcg] 0:25:09  31,093/1,000,000  20.6/s  upd=632  L=0.0415  D=5.883
[dcg] 0:25:30  31,532/1,000,000  20.6/s  upd=640  L=0.0514  D=5.883
[dcg] 0:25:47  31,900/1,000,000  20.6/s  upd=648  L=0.0526  D=5.883
[dcg] 0:26:09  32,358/1,000,000  20.6/s  upd=656  L=0.0438  D=5.883
[dcg] 0:26:23  32,757/1,000,000  20.7/s  upd=664  L=0.0531  D=5.883
[dcg] 0:26:48  33,207/1,000,000  20.6/s  upd=672  L=0.0578  D=5.883
[dcg] 0:27:07  33,577/1,000,000  20.6/s  upd=680  L=0.0478  D=5.883
[dcg] 0:27:29  33,972/1,000,000  20.6/s  upd=688  L=0.0615  D=5.883
[dcg] 0:27:50  34,392/1,000,000  20.6/s  upd=696  L=0.0650  D=5.883
[dcg] 0:28:10  34,814/1,000,000  20.6/s  upd=704  L=0.0654  D=5.883
[dcg] 0:28:30  35,288/1,000,000  20.6/s  upd=712  L=0.0575  D=5.883
[dcg] 0:28:48  35,616/1,000,000  20.6/s  upd=720  L=0.0420  D=5.883
[dcg] 0:29:08  36,040/1,000,000  20.6/s  upd=728  L=0.0437  D=5.883
[dcg] 0:29:28  36,456/1,000,000  20.6/s  upd=736  L=0.0530  D=5.883
[dcg] 0:29:49  36,846/1,000,000  20.6/s  upd=744  L=0.0418  D=5.883
[dcg] 0:30:07  37,193/1,000,000  20.6/s  upd=752  L=0.0575  D=5.883
[dcg] 0:30:28  37,612/1,000,000  20.6/s  upd=760  L=0.0334  D=5.883
[dcg] 0:30:46  37,990/1,000,000  20.6/s  upd=768  L=0.0431  D=5.883
[dcg] 0:31:07  38,347/1,000,000  20.5/s  upd=776  L=0.0417  D=5.883
[dcg] 0:31:26  38,723/1,000,000  20.5/s  upd=784  L=0.0490  D=5.883
[dcg] 0:31:44  39,150/1,000,000  20.6/s  upd=792  L=0.0463  D=5.883
[dcg] 0:32:06  39,490/1,000,000  20.5/s  upd=800  L=0.0372  D=5.883
[dcg] 0:32:24  39,902/1,000,000  20.5/s  upd=808  L=0.0369  D=5.883
[dcg] 0:32:47  40,226/1,000,000  20.4/s  upd=816  L=0.0468  ev=0/100  D=5.883
[dcg] 0:32:57  40,226/1,000,000  20.3/s  upd=816  L=0.0468  ev=32/100  D=5.883
[dcg] 0:33:07  40,226/1,000,000  20.2/s  upd=816  L=0.0468  ev=58/100  D=5.883
[dcg] 0:33:17  40,226/1,000,000  20.1/s  upd=816  L=0.0468  ev=88/100  D=5.883
[dcg] 0:33:27  40,226/1,000,000  20.0/s  upd=816  L=0.0468  D=5.313
[dcg] 0:33:45  40,639/1,000,000  20.1/s  upd=824  L=0.0587  D=5.313
[dcg] 0:34:05  41,056/1,000,000  20.1/s  upd=832  L=0.0380  D=5.313
[dcg] 0:34:23  41,495/1,000,000  20.1/s  upd=840  L=0.0706  D=5.313
[dcg] 0:34:41  41,844/1,000,000  20.1/s  upd=848  L=0.0564  D=5.313
[dcg] 0:34:57  42,195/1,000,000  20.1/s  upd=856  L=0.0528  D=5.313
[dcg] 0:35:18  42,588/1,000,000  20.1/s  upd=864  L=0.0534  D=5.313
[dcg] 0:35:37  42,924/1,000,000  20.1/s  upd=872  L=0.0437  D=5.313
[dcg] 0:35:57  43,267/1,000,000  20.1/s  upd=880  L=0.0403  D=5.313
[dcg] 0:36:17  43,606/1,000,000  20.0/s  upd=888  L=0.0378  D=5.313
[dcg] 0:36:36  44,044/1,000,000  20.1/s  upd=896  L=0.0549  D=5.313
[dcg] 0:36:55  44,383/1,000,000  20.0/s  upd=904  L=0.0497  D=5.313
[dcg] 0:37:22  44,773/1,000,000  20.0/s  upd=912  L=0.0501  D=5.313
[dcg] 0:37:43  45,173/1,000,000  20.0/s  upd=920  L=0.0396  D=5.313
[dcg] 0:38:02  45,571/1,000,000  20.0/s  upd=928  L=0.0630  D=5.313
[dcg] 0:38:23  45,952/1,000,000  20.0/s  upd=936  L=0.0427  D=5.313
[dcg] 0:38:43  46,344/1,000,000  19.9/s  upd=944  L=0.0381  D=5.313
[dcg] 0:39:03  46,761/1,000,000  20.0/s  upd=952  L=0.0431  D=5.313
[dcg] 0:39:24  47,167/1,000,000  19.9/s  upd=960  L=0.0432  D=5.313
[dcg] 0:39:44  47,579/1,000,000  20.0/s  upd=968  L=0.0521  D=5.313
[dcg] 0:40:02  47,960/1,000,000  20.0/s  upd=976  L=0.0564  D=5.313
[dcg] 0:40:21  48,310/1,000,000  19.9/s  upd=984  L=0.0281  D=5.313
[dcg] 0:40:41  48,697/1,000,000  19.9/s  upd=992  L=0.0452  D=5.313
[dcg] 0:41:01  49,072/1,000,000  19.9/s  upd=1000  L=0.0658  D=5.313
[dcg] 0:41:18  49,370/1,000,000  19.9/s  upd=1008  L=0.0600  D=5.313
[dcg] 0:41:40  49,737/1,000,000  19.9/s  upd=1016  L=0.0430  D=5.313
[dcg] 0:41:58  50,147/1,000,000  19.9/s  upd=1024  L=0.0389  D=5.313
[dcg] 0:42:17  50,552/1,000,000  19.9/s  upd=1032  L=0.0425  D=5.313
[dcg] 0:42:27  50,552/1,000,000  19.8/s  upd=1032  L=0.0425  D=5.313
[dcg] 0:42:46  50,950/1,000,000  19.8/s  upd=1040  L=0.0326  D=5.313
[dcg] 0:43:09  51,327/1,000,000  19.8/s  upd=1048  L=0.0542  D=5.313
[dcg] 0:43:25  51,678/1,000,000  19.8/s  upd=1056  L=0.0828  D=5.313
[dcg] 0:43:43  52,043/1,000,000  19.8/s  upd=1064  L=0.0513  D=5.313
[dcg] 0:44:03  52,359/1,000,000  19.8/s  upd=1072  L=0.0426  D=5.313
[dcg] 0:44:23  52,804/1,000,000  19.8/s  upd=1080  L=0.0411  D=5.313
[dcg] 0:44:44  53,249/1,000,000  19.8/s  upd=1088  L=0.0423  D=5.313
[dcg] 0:45:06  53,692/1,000,000  19.8/s  upd=1096  L=0.0370  D=5.313
[dcg] 0:45:25  54,079/1,000,000  19.8/s  upd=1104  L=0.0345  D=5.313
[dcg] 0:45:46  54,448/1,000,000  19.8/s  upd=1112  L=0.0493  D=5.313
[dcg] 0:46:04  54,780/1,000,000  19.8/s  upd=1120  L=0.0432  D=5.313
[dcg] 0:46:25  55,152/1,000,000  19.8/s  upd=1128  L=0.0519  D=5.313
[dcg] 0:46:45  55,548/1,000,000  19.8/s  upd=1136  L=0.0469  D=5.313
[dcg] 0:47:03  55,939/1,000,000  19.8/s  upd=1144  L=0.0456  D=5.313
[dcg] 0:47:22  56,330/1,000,000  19.8/s  upd=1152  L=0.0407  D=5.313
[dcg] 0:47:39  56,757/1,000,000  19.8/s  upd=1160  L=0.0550  D=5.313
[dcg] 0:48:03  57,096/1,000,000  19.8/s  upd=1168  L=0.0427  D=5.313
[dcg] 0:48:23  57,453/1,000,000  19.8/s  upd=1176  L=0.0367  D=5.313
[dcg] 0:48:43  57,801/1,000,000  19.8/s  upd=1184  L=0.0438  D=5.313
[dcg] 0:49:04  58,163/1,000,000  19.8/s  upd=1192  L=0.0275  D=5.313
[dcg] 0:49:25  58,543/1,000,000  19.7/s  upd=1200  L=0.0450  D=5.313
[dcg] 0:49:47  58,962/1,000,000  19.7/s  upd=1208  L=0.0311  D=5.313
[dcg] 0:50:09  59,388/1,000,000  19.7/s  upd=1216  L=0.0516  D=5.313
[dcg] 0:50:30  59,754/1,000,000  19.7/s  upd=1224  L=0.0346  D=5.313
[dcg] 0:50:55  60,145/1,000,000  19.7/s  upd=1232  L=0.0342  ev=0/100  D=5.313
[dcg] 0:51:05  60,145/1,000,000  19.6/s  upd=1232  L=0.0342  ev=24/100  D=5.313
[dcg] 0:51:15  60,145/1,000,000  19.6/s  upd=1232  L=0.0342  ev=56/100  D=5.313
[dcg] 0:51:25  60,145/1,000,000  19.5/s  upd=1232  L=0.0342  ev=87/100  D=5.313
[dcg] 0:51:35  60,145/1,000,000  19.4/s  upd=1232  L=0.0342  D=4.842
[dcg] 0:51:54  60,482/1,000,000  19.4/s  upd=1240  L=0.0507  D=4.842
[dcg] 0:52:12  60,912/1,000,000  19.4/s  upd=1248  L=0.0516  D=4.842
[dcg] 0:52:29  61,286/1,000,000  19.5/s  upd=1256  L=0.0535  D=4.842
[dcg] 0:52:48  61,637/1,000,000  19.5/s  upd=1264  L=0.0476  D=4.842
[dcg] 0:53:09  62,001/1,000,000  19.4/s  upd=1272  L=0.0402  D=4.842
[dcg] 0:53:28  62,369/1,000,000  19.4/s  upd=1280  L=0.0337  D=4.842
[dcg] 0:53:50  62,833/1,000,000  19.5/s  upd=1288  L=0.0436  D=4.842
[dcg] 0:54:09  63,244/1,000,000  19.5/s  upd=1296  L=0.0452  D=4.842
[dcg] 0:54:29  63,647/1,000,000  19.5/s  upd=1304  L=0.0500  D=4.842
[dcg] 0:54:49  64,137/1,000,000  19.5/s  upd=1312  L=0.0460  D=4.842
[dcg] 0:55:08  64,519/1,000,000  19.5/s  upd=1320  L=0.0454  D=4.842
[dcg] 0:55:26  64,908/1,000,000  19.5/s  upd=1328  L=0.0359  D=4.842
[dcg] 0:55:45  65,287/1,000,000  19.5/s  upd=1336  L=0.0425  D=4.842
[dcg] 0:56:05  65,628/1,000,000  19.5/s  upd=1344  L=0.0440  D=4.842
[dcg] 0:56:28  66,056/1,000,000  19.5/s  upd=1352  L=0.0356  D=4.842
[dcg] 0:56:48  66,533/1,000,000  19.5/s  upd=1360  L=0.0482  D=4.842
[dcg] 0:57:06  66,883/1,000,000  19.5/s  upd=1368  L=0.0425  D=4.842
[dcg] 0:57:26  67,249/1,000,000  19.5/s  upd=1376  L=0.0587  D=4.842
[dcg] 0:57:47  67,661/1,000,000  19.5/s  upd=1384  L=0.0518  D=4.842
[dcg] 0:58:06  68,008/1,000,000  19.5/s  upd=1392  L=0.0490  D=4.842
[dcg] 0:58:30  68,322/1,000,000  19.5/s  upd=1400  L=0.0553  D=4.842
[dcg] 0:58:51  68,680/1,000,000  19.4/s  upd=1408  L=0.0499  D=4.842
[dcg] 0:59:12  69,058/1,000,000  19.4/s  upd=1416  L=0.0361  D=4.842
[dcg] 0:59:32  69,419/1,000,000  19.4/s  upd=1424  L=0.0432  D=4.842
[dcg] 0:59:52  69,790/1,000,000  19.4/s  upd=1432  L=0.0533  D=4.842
[dcg] 1:00:12  70,149/1,000,000  19.4/s  upd=1440  L=0.0466  D=4.842
[dcg] 1:00:32  70,558/1,000,000  19.4/s  upd=1448  L=0.0533  D=4.842
[dcg] 1:00:51  70,897/1,000,000  19.4/s  upd=1456  L=0.0450  D=4.842
[dcg] 1:01:11  71,214/1,000,000  19.4/s  upd=1464  L=0.0355  D=4.842
[dcg] 1:01:32  71,579/1,000,000  19.4/s  upd=1472  L=0.0372  D=4.842
[dcg] 1:01:50  71,963/1,000,000  19.4/s  upd=1480  L=0.0499  D=4.842
[dcg] 1:02:12  72,367/1,000,000  19.4/s  upd=1488  L=0.0414  D=4.842
[dcg] 1:02:30  72,728/1,000,000  19.4/s  upd=1496  L=0.0417  D=4.842
[dcg] 1:02:50  73,183/1,000,000  19.4/s  upd=1504  L=0.0371  D=4.842
[dcg] 1:03:09  73,488/1,000,000  19.4/s  upd=1512  L=0.0360  D=4.842
[dcg] 1:03:29  73,903/1,000,000  19.4/s  upd=1520  L=0.0472  D=4.842
[dcg] 1:03:40  73,903/1,000,000  19.3/s  upd=1520  L=0.0472  D=4.842
[dcg] 1:04:00  74,414/1,000,000  19.4/s  upd=1528  L=0.0372  D=4.842
[dcg] 1:04:19  74,796/1,000,000  19.4/s  upd=1536  L=0.0513  D=4.842
[dcg] 1:04:39  75,234/1,000,000  19.4/s  upd=1544  L=0.0489  D=4.842
[dcg] 1:04:59  75,586/1,000,000  19.4/s  upd=1552  L=0.0388  D=4.842
[dcg] 1:05:17  75,943/1,000,000  19.4/s  upd=1560  L=0.0505  D=4.842
[dcg] 1:05:38  76,341/1,000,000  19.4/s  upd=1568  L=0.0349  D=4.842
[dcg] 1:05:59  76,770/1,000,000  19.4/s  upd=1576  L=0.0378  D=4.842
[dcg] 1:06:19  77,096/1,000,000  19.4/s  upd=1584  L=0.0667  D=4.842
[dcg] 1:06:37  77,422/1,000,000  19.4/s  upd=1592  L=0.0363  D=4.842
[dcg] 1:06:55  77,802/1,000,000  19.4/s  upd=1600  L=0.0425  D=4.842
[dcg] 1:07:11  78,134/1,000,000  19.4/s  upd=1608  L=0.0518  D=4.842
[dcg] 1:07:32  78,507/1,000,000  19.4/s  upd=1616  L=0.0374  D=4.842
[dcg] 1:07:49  78,874/1,000,000  19.4/s  upd=1624  L=0.0491  D=4.842
[dcg] 1:08:10  79,237/1,000,000  19.4/s  upd=1632  L=0.0456  D=4.842
[dcg] 1:08:32  79,657/1,000,000  19.4/s  upd=1640  L=0.0476  D=4.842
[dcg] 1:08:54  80,035/1,000,000  19.4/s  upd=1648  L=0.0545  ev=0/100  D=4.842
[dcg] 1:09:04  80,035/1,000,000  19.3/s  upd=1648  L=0.0545  ev=32/100  D=4.842
[dcg] 1:09:14  80,035/1,000,000  19.3/s  upd=1648  L=0.0545  ev=57/100  D=4.842
[dcg] 1:09:24  80,035/1,000,000  19.2/s  upd=1648  L=0.0545  ev=95/100  D=4.842
[dcg] 1:09:38  80,035/1,000,000  19.2/s  upd=1648  L=0.0545  D=5.151
[dcg] 1:09:55  80,404/1,000,000  19.2/s  upd=1656  L=0.0374  D=5.151
[dcg] 1:10:14  80,755/1,000,000  19.2/s  upd=1664  L=0.0357  D=5.151
[dcg] 1:10:31  81,195/1,000,000  19.2/s  upd=1672  L=0.0559  D=5.151
[dcg] 1:10:49  81,539/1,000,000  19.2/s  upd=1680  L=0.0567  D=5.151
[dcg] 1:11:09  81,890/1,000,000  19.2/s  upd=1688  L=0.0432  D=5.151
[dcg] 1:11:30  82,265/1,000,000  19.2/s  upd=1696  L=0.0430  D=5.151
[dcg] 1:11:50  82,641/1,000,000  19.2/s  upd=1704  L=0.0476  D=5.151
[dcg] 1:12:10  83,071/1,000,000  19.2/s  upd=1712  L=0.0376  D=5.151
[dcg] 1:12:29  83,414/1,000,000  19.2/s  upd=1720  L=0.0469  D=5.151
[dcg] 1:12:48  83,864/1,000,000  19.2/s  upd=1728  L=0.0448  D=5.151
[dcg] 1:13:08  84,265/1,000,000  19.2/s  upd=1736  L=0.0330  D=5.151
[dcg] 1:13:28  84,670/1,000,000  19.2/s  upd=1744  L=0.0363  D=5.151
[dcg] 1:13:49  85,097/1,000,000  19.2/s  upd=1752  L=0.0456  D=5.151
[dcg] 1:14:08  85,446/1,000,000  19.2/s  upd=1760  L=0.0437  D=5.151
[dcg] 1:14:29  85,803/1,000,000  19.2/s  upd=1768  L=0.0775  D=5.151
[dcg] 1:14:48  86,229/1,000,000  19.2/s  upd=1776  L=0.0448  D=5.151
[dcg] 1:15:14  86,611/1,000,000  19.2/s  upd=1784  L=0.0288  D=5.151
[dcg] 1:15:35  87,058/1,000,000  19.2/s  upd=1792  L=0.0502  D=5.151
[dcg] 1:15:54  87,411/1,000,000  19.2/s  upd=1800  L=0.0396  D=5.151
[dcg] 1:16:15  87,787/1,000,000  19.2/s  upd=1808  L=0.0499  D=5.151
[dcg] 1:16:37  88,174/1,000,000  19.2/s  upd=1816  L=0.0263  D=5.151
[dcg] 1:16:57  88,586/1,000,000  19.2/s  upd=1824  L=0.0367  D=5.151
[dcg] 1:17:16  88,899/1,000,000  19.2/s  upd=1832  L=0.0357  D=5.151
[dcg] 1:17:36  89,250/1,000,000  19.2/s  upd=1840  L=0.0451  D=5.151
[dcg] 1:17:57  89,625/1,000,000  19.2/s  upd=1848  L=0.0432  D=5.151
[dcg] 1:18:15  89,974/1,000,000  19.2/s  upd=1856  L=0.0461  D=5.151
[dcg] 1:18:32  90,365/1,000,000  19.2/s  upd=1864  L=0.0397  D=5.151
[dcg] 1:18:49  90,781/1,000,000  19.2/s  upd=1872  L=0.0394  D=5.151
[dcg] 1:19:07  91,192/1,000,000  19.2/s  upd=1880  L=0.0557  D=5.151
[dcg] 1:19:28  91,601/1,000,000  19.2/s  upd=1888  L=0.0544  D=5.151
[dcg] 1:19:50  92,042/1,000,000  19.2/s  upd=1896  L=0.0441  D=5.151
[dcg] 1:20:10  92,389/1,000,000  19.2/s  upd=1904  L=0.0409  D=5.151
[dcg] 1:20:36  92,706/1,000,000  19.2/s  upd=1912  L=0.0477  D=5.151
[dcg] 1:20:55  93,077/1,000,000  19.2/s  upd=1920  L=0.0338  D=5.151
[dcg] 1:21:15  93,409/1,000,000  19.2/s  upd=1928  L=0.0404  D=5.151
[dcg] 1:21:36  93,803/1,000,000  19.2/s  upd=1936  L=0.0335  D=5.151
[dcg] 1:21:56  94,168/1,000,000  19.2/s  upd=1944  L=0.0452  D=5.151
[dcg] 1:22:16  94,554/1,000,000  19.2/s  upd=1952  L=0.0305  D=5.151
[dcg] 1:22:37  94,988/1,000,000  19.2/s  upd=1960  L=0.0397  D=5.151
[dcg] 1:22:59  95,343/1,000,000  19.1/s  upd=1968  L=0.0410  D=5.151
[dcg] 1:23:15  95,703/1,000,000  19.2/s  upd=1976  L=0.0594  D=5.151
[dcg] 1:23:34  96,044/1,000,000  19.2/s  upd=1984  L=0.0491  D=5.151
[dcg] 1:23:55  96,408/1,000,000  19.1/s  upd=1992  L=0.0350  D=5.151
[dcg] 1:24:14  96,793/1,000,000  19.2/s  upd=2000  L=0.0490  D=5.151
[dcg] 1:24:35  97,200/1,000,000  19.2/s  upd=2008  L=0.0517  D=5.151
[dcg] 1:24:56  97,528/1,000,000  19.1/s  upd=2016  L=0.0316  D=5.151
[dcg] 1:25:17  97,898/1,000,000  19.1/s  upd=2024  L=0.0605  D=5.151
[dcg] 1:25:37  98,255/1,000,000  19.1/s  upd=2032  L=0.0539  D=5.151
[dcg] 1:26:01  98,559/1,000,000  19.1/s  upd=2040  L=0.0387  D=5.151
[dcg] 1:26:20  98,911/1,000,000  19.1/s  upd=2048  L=0.0401  D=5.151
[dcg] 1:26:41  99,250/1,000,000  19.1/s  upd=2056  L=0.0352  D=5.151
[dcg] 1:27:01  99,618/1,000,000  19.1/s  upd=2064  L=0.0468  D=5.151
[dcg] 1:27:26  100,000/1,000,000  19.1/s  upd=2072  L=0.0495  ev=0/100  D=5.151
[dcg] 1:27:36  100,000/1,000,000  19.0/s  upd=2072  L=0.0495  ev=31/100  D=5.151
[dcg] 1:27:46  100,000/1,000,000  19.0/s  upd=2072  L=0.0495  ev=60/100  D=5.151
[dcg] 1:27:56  100,000/1,000,000  19.0/s  upd=2072  L=0.0495  ev=88/100  D=5.151
[dcg] 1:28:06  100,000/1,000,000  18.9/s  upd=2072  L=0.0495  D=4.695
[dcg] 1:28:22  100,398/1,000,000  18.9/s  upd=2080  L=0.0370  D=4.695
[dcg] 1:28:39  100,747/1,000,000  18.9/s  upd=2088  L=0.0521  D=4.695
[dcg] 1:28:57  101,087/1,000,000  18.9/s  upd=2096  L=0.0345  D=4.695
[dcg] 1:29:14  101,448/1,000,000  18.9/s  upd=2104  L=0.0493  D=4.695
[dcg] 1:29:31  101,790/1,000,000  18.9/s  upd=2112  L=0.0278  D=4.695
[dcg] 1:29:49  102,117/1,000,000  18.9/s  upd=2120  L=0.0598  D=4.695
[dcg] 1:30:05  102,443/1,000,000  19.0/s  upd=2128  L=0.0408  D=4.695
[dcg] 1:30:22  102,854/1,000,000  19.0/s  upd=2136  L=0.0381  D=4.695
[dcg] 1:30:41  103,175/1,000,000  19.0/s  upd=2144  L=0.0422  D=4.695
[dcg] 1:31:10  103,569/1,000,000  18.9/s  upd=2152  L=0.0227  D=4.695
[dcg] 1:31:29  103,967/1,000,000  18.9/s  upd=2160  L=0.0540  D=4.695
[dcg] 1:31:50  104,321/1,000,000  18.9/s  upd=2168  L=0.0475  D=4.695
[dcg] 1:32:11  104,759/1,000,000  18.9/s  upd=2176  L=0.0501  D=4.695
[dcg] 1:32:30  105,161/1,000,000  18.9/s  upd=2184  L=0.0645  D=4.695
[dcg] 1:32:51  105,470/1,000,000  18.9/s  upd=2192  L=0.0319  D=4.695
[dcg] 1:33:12  105,802/1,000,000  18.9/s  upd=2200  L=0.0320  D=4.695
[dcg] 1:33:29  106,130/1,000,000  18.9/s  upd=2208  L=0.0470  D=4.695
[dcg] 1:33:47  106,460/1,000,000  18.9/s  upd=2216  L=0.0305  D=4.695
[dcg] 1:34:07  106,808/1,000,000  18.9/s  upd=2224  L=0.0377  D=4.695
[dcg] 1:34:27  107,231/1,000,000  18.9/s  upd=2232  L=0.0660  D=4.695
[dcg] 1:34:44  107,613/1,000,000  18.9/s  upd=2240  L=0.0418  D=4.695
[dcg] 1:35:03  107,972/1,000,000  18.9/s  upd=2248  L=0.0437  D=4.695
[dcg] 1:35:24  108,388/1,000,000  18.9/s  upd=2256  L=0.0349  D=4.695
[dcg] 1:35:45  108,788/1,000,000  18.9/s  upd=2264  L=0.0373  D=4.695
[dcg] 1:36:05  109,128/1,000,000  18.9/s  upd=2272  L=0.0612  D=4.695
[dcg] 1:36:31  109,534/1,000,000  18.9/s  upd=2280  L=0.0405  D=4.695
[dcg] 1:36:51  109,916/1,000,000  18.9/s  upd=2288  L=0.0294  D=4.695
[dcg] 1:37:11  110,318/1,000,000  18.9/s  upd=2296  L=0.0365  D=4.695
[dcg] 1:37:31  110,720/1,000,000  18.9/s  upd=2304  L=0.0383  D=4.695
[dcg] 1:37:51  111,061/1,000,000  18.9/s  upd=2312  L=0.0499  D=4.695
[dcg] 1:38:13  111,436/1,000,000  18.9/s  upd=2320  L=0.0419  D=4.695
[dcg] 1:38:34  111,818/1,000,000  18.9/s  upd=2328  L=0.0334  D=4.695
[dcg] 1:38:51  112,162/1,000,000  18.9/s  upd=2336  L=0.0394  D=4.695
[dcg] 1:39:10  112,556/1,000,000  18.9/s  upd=2344  L=0.0383  D=4.695
[dcg] 1:39:29  112,972/1,000,000  18.9/s  upd=2352  L=0.0349  D=4.695
[dcg] 1:39:49  113,342/1,000,000  18.9/s  upd=2360  L=0.0547  D=4.695
[dcg] 1:40:06  113,716/1,000,000  18.9/s  upd=2368  L=0.0370  D=4.695
[dcg] 1:40:24  114,060/1,000,000  18.9/s  upd=2376  L=0.0515  D=4.695
[dcg] 1:40:44  114,432/1,000,000  18.9/s  upd=2384  L=0.0445  D=4.695
[dcg] 1:41:03  114,766/1,000,000  18.9/s  upd=2392  L=0.0355  D=4.695
[dcg] 1:41:23  115,103/1,000,000  18.9/s  upd=2400  L=0.0434  D=4.695
[dcg] 1:41:46  115,476/1,000,000  18.9/s  upd=2408  L=0.0351  D=4.695
[dcg] 1:42:04  115,900/1,000,000  18.9/s  upd=2416  L=0.0505  D=4.695
[dcg] 1:42:23  116,329/1,000,000  18.9/s  upd=2424  L=0.0395  D=4.695
[dcg] 1:42:42  116,685/1,000,000  18.9/s  upd=2432  L=0.0407  D=4.695
[dcg] 1:43:04  117,059/1,000,000  18.9/s  upd=2440  L=0.0467  D=4.695
[dcg] 1:43:23  117,455/1,000,000  18.9/s  upd=2448  L=0.0363  D=4.695
[dcg] 1:43:43  117,890/1,000,000  18.9/s  upd=2456  L=0.0309  D=4.695
[dcg] 1:44:00  118,234/1,000,000  18.9/s  upd=2464  L=0.0416  D=4.695
[dcg] 1:44:20  118,577/1,000,000  18.9/s  upd=2472  L=0.0501  D=4.695
[dcg] 1:44:39  118,955/1,000,000  18.9/s  upd=2480  L=0.0422  D=4.695
[dcg] 1:45:00  119,411/1,000,000  19.0/s  upd=2488  L=0.0343  D=4.695
[dcg] 1:45:18  119,835/1,000,000  19.0/s  upd=2496  L=0.0485  D=4.695
[dcg] 1:45:41  120,247/1,000,000  19.0/s  upd=2504  L=0.0408  ev=0/100  D=4.695
[dcg] 1:45:51  120,247/1,000,000  18.9/s  upd=2504  L=0.0408  ev=36/100  D=4.695
[dcg] 1:46:01  120,247/1,000,000  18.9/s  upd=2504  L=0.0408  ev=64/100  D=4.695
[dcg] 1:46:11  120,247/1,000,000  18.9/s  upd=2504  L=0.0408  ev=96/100  D=4.695
[dcg] 1:46:38  120,629/1,000,000  18.9/s  upd=2512  L=0.0526  D=4.748
[dcg] 1:47:02  121,030/1,000,000  18.8/s  upd=2520  L=0.0333  D=4.748
[dcg] 1:47:20  121,423/1,000,000  18.9/s  upd=2528  L=0.0584  D=4.748
[dcg] 1:47:40  121,783/1,000,000  18.9/s  upd=2536  L=0.0487  D=4.748
[dcg] 1:48:00  122,134/1,000,000  18.8/s  upd=2544  L=0.0348  D=4.748
[dcg] 1:48:21  122,572/1,000,000  18.9/s  upd=2552  L=0.0449  D=4.748
[dcg] 1:48:42  122,987/1,000,000  18.9/s  upd=2560  L=0.0545  D=4.748
[dcg] 1:49:01  123,431/1,000,000  18.9/s  upd=2568  L=0.0377  D=4.748
[dcg] 1:49:19  123,778/1,000,000  18.9/s  upd=2576  L=0.0552  D=4.748
[dcg] 1:49:38  124,121/1,000,000  18.9/s  upd=2584  L=0.0502  D=4.748
[dcg] 1:49:58  124,429/1,000,000  18.9/s  upd=2592  L=0.0338  D=4.748
[dcg] 1:50:16  124,800/1,000,000  18.9/s  upd=2600  L=0.0381  D=4.748
[dcg] 1:50:33  125,184/1,000,000  18.9/s  upd=2608  L=0.0413  D=4.748
[dcg] 1:50:53  125,551/1,000,000  18.9/s  upd=2616  L=0.0359  D=4.748
[dcg] 1:51:12  125,914/1,000,000  18.9/s  upd=2624  L=0.0558  D=4.748
[dcg] 1:51:33  126,287/1,000,000  18.9/s  upd=2632  L=0.0386  D=4.748
[dcg] 1:51:53  126,742/1,000,000  18.9/s  upd=2640  L=0.0444  D=4.748
[dcg] 1:52:18  127,083/1,000,000  18.9/s  upd=2648  L=0.0476  D=4.748
[dcg] 1:52:38  127,507/1,000,000  18.9/s  upd=2656  L=0.0305  D=4.748
[dcg] 1:52:57  127,863/1,000,000  18.9/s  upd=2664  L=0.0349  D=4.748
[dcg] 1:53:15  128,233/1,000,000  18.9/s  upd=2672  L=0.0381  D=4.748
[dcg] 1:53:32  128,663/1,000,000  18.9/s  upd=2680  L=0.0493  D=4.748
[dcg] 1:53:53  128,977/1,000,000  18.9/s  upd=2688  L=0.0520  D=4.748
[dcg] 1:54:12  129,344/1,000,000  18.9/s  upd=2696  L=0.0455  D=4.748
[dcg] 1:54:31  129,759/1,000,000  18.9/s  upd=2704  L=0.0386  D=4.748
[dcg] 1:54:50  130,200/1,000,000  18.9/s  upd=2712  L=0.0589  D=4.748
[dcg] 1:55:12  130,567/1,000,000  18.9/s  upd=2720  L=0.0391  D=4.748
[dcg] 1:55:33  130,946/1,000,000  18.9/s  upd=2728  L=0.0473  D=4.748
[dcg] 1:55:51  131,374/1,000,000  18.9/s  upd=2736  L=0.0344  D=4.748
[dcg] 1:56:13  131,767/1,000,000  18.9/s  upd=2744  L=0.0414  D=4.748
[dcg] 1:56:37  132,163/1,000,000  18.9/s  upd=2752  L=0.0413  D=4.748
[dcg] 1:56:58  132,581/1,000,000  18.9/s  upd=2760  L=0.0390  D=4.748
[dcg] 1:57:17  133,025/1,000,000  18.9/s  upd=2768  L=0.0446  D=4.748
[dcg] 1:57:43  133,430/1,000,000  18.9/s  upd=2776  L=0.0522  D=4.748
[dcg] 1:58:03  133,860/1,000,000  18.9/s  upd=2784  L=0.0356  D=4.748
[dcg] 1:58:23  134,315/1,000,000  18.9/s  upd=2792  L=0.0520  D=4.748
[dcg] 1:58:42  134,626/1,000,000  18.9/s  upd=2800  L=0.0413  D=4.748
[dcg] 1:59:02  135,041/1,000,000  18.9/s  upd=2808  L=0.0488  D=4.748
[dcg] 1:59:22  135,397/1,000,000  18.9/s  upd=2816  L=0.0405  D=4.748
[dcg] 1:59:40  135,773/1,000,000  18.9/s  upd=2824  L=0.0340  D=4.748
[dcg] 2:00:01  136,202/1,000,000  18.9/s  upd=2832  L=0.0587  D=4.748
[dcg] 2:00:21  136,542/1,000,000  18.9/s  upd=2840  L=0.0310  D=4.748
[dcg] 2:00:41  136,968/1,000,000  18.9/s  upd=2848  L=0.0360  D=4.748
[dcg] 2:00:59  137,303/1,000,000  18.9/s  upd=2856  L=0.0496  D=4.748
[dcg] 2:01:18  137,626/1,000,000  18.9/s  upd=2864  L=0.0340  D=4.748
[dcg] 2:01:40  138,011/1,000,000  18.9/s  upd=2872  L=0.0366  D=4.748
[dcg] 2:01:59  138,395/1,000,000  18.9/s  upd=2880  L=0.0505  D=4.748
[dcg] 2:02:18  138,755/1,000,000  18.9/s  upd=2888  L=0.0532  D=4.748
[dcg] 2:02:38  139,088/1,000,000  18.9/s  upd=2896  L=0.0391  D=4.748
[dcg] 2:03:03  139,442/1,000,000  18.9/s  upd=2904  L=0.0325  D=4.748
[dcg] 2:03:25  139,862/1,000,000  18.9/s  upd=2912  L=0.0361  D=4.748
[dcg] 2:03:51  140,267/1,000,000  18.9/s  upd=2920  L=0.0361  ev=0/100  D=4.748
[dcg] 2:04:01  140,267/1,000,000  18.8/s  upd=2920  L=0.0361  ev=24/100  D=4.748
[dcg] 2:04:11  140,267/1,000,000  18.8/s  upd=2920  L=0.0361  ev=56/100  D=4.748
[dcg] 2:04:21  140,267/1,000,000  18.8/s  upd=2920  L=0.0361  ev=87/100  D=4.748
[dcg] 2:04:31  140,267/1,000,000  18.8/s  upd=2920  L=0.0361  D=4.392
[dcg] 2:04:47  140,656/1,000,000  18.8/s  upd=2928  L=0.0410  D=4.392
[dcg] 2:05:06  141,058/1,000,000  18.8/s  upd=2936  L=0.0565  D=4.392
[dcg] 2:05:25  141,463/1,000,000  18.8/s  upd=2944  L=0.0455  D=4.392
[dcg] 2:05:44  141,906/1,000,000  18.8/s  upd=2952  L=0.0644  D=4.392
[dcg] 2:06:05  142,267/1,000,000  18.8/s  upd=2960  L=0.0425  D=4.392
[dcg] 2:06:25  142,672/1,000,000  18.8/s  upd=2968  L=0.0355  D=4.392
[dcg] 2:06:46  143,050/1,000,000  18.8/s  upd=2976  L=0.0445  D=4.392
[dcg] 2:07:06  143,397/1,000,000  18.8/s  upd=2984  L=0.0458  D=4.392
[dcg] 2:07:26  143,768/1,000,000  18.8/s  upd=2992  L=0.0295  D=4.392
[dcg] 2:07:47  144,138/1,000,000  18.8/s  upd=3000  L=0.0416  D=4.392
[dcg] 2:08:12  144,527/1,000,000  18.8/s  upd=3008  L=0.0479  D=4.392
[dcg] 2:08:34  144,908/1,000,000  18.8/s  upd=3016  L=0.0526  D=4.392
[dcg] 2:08:53  145,263/1,000,000  18.8/s  upd=3024  L=0.0309  D=4.392
[dcg] 2:09:15  145,698/1,000,000  18.8/s  upd=3032  L=0.0360  D=4.392
[dcg] 2:09:36  146,042/1,000,000  18.8/s  upd=3040  L=0.0461  D=4.392
[dcg] 2:09:57  146,533/1,000,000  18.8/s  upd=3048  L=0.0347  D=4.392
[dcg] 2:10:15  146,840/1,000,000  18.8/s  upd=3056  L=0.0304  D=4.392
[dcg] 2:10:36  147,183/1,000,000  18.8/s  upd=3064  L=0.0390  D=4.392
[dcg] 2:10:56  147,617/1,000,000  18.8/s  upd=3072  L=0.0329  D=4.392
[dcg] 2:11:16  148,004/1,000,000  18.8/s  upd=3080  L=0.0316  D=4.392
[dcg] 2:11:33  148,345/1,000,000  18.8/s  upd=3088  L=0.0369  D=4.392
[dcg] 2:11:52  148,700/1,000,000  18.8/s  upd=3096  L=0.0270  D=4.392
[dcg] 2:12:11  149,034/1,000,000  18.8/s  upd=3104  L=0.0566  D=4.392
[dcg] 2:12:31  149,481/1,000,000  18.8/s  upd=3112  L=0.0437  D=4.392
[dcg] 2:12:50  149,828/1,000,000  18.8/s  upd=3120  L=0.0461  D=4.392
[dcg] 2:13:09  150,151/1,000,000  18.8/s  upd=3128  L=0.0497  D=4.392
[dcg] 2:13:35  150,485/1,000,000  18.8/s  upd=3136  L=0.0347  D=4.392
[dcg] 2:13:56  150,825/1,000,000  18.8/s  upd=3144  L=0.0340  D=4.392
[dcg] 2:14:16  151,176/1,000,000  18.8/s  upd=3152  L=0.0459  D=4.392
[dcg] 2:14:36  151,530/1,000,000  18.8/s  upd=3160  L=0.0335  D=4.392
[dcg] 2:14:56  151,849/1,000,000  18.8/s  upd=3168  L=0.0505  D=4.392
[dcg] 2:15:14  152,230/1,000,000  18.8/s  upd=3176  L=0.0323  D=4.392
[dcg] 2:15:32  152,606/1,000,000  18.8/s  upd=3184  L=0.0589  D=4.392
[dcg] 2:15:51  153,077/1,000,000  18.8/s  upd=3192  L=0.0361  D=4.392
[dcg] 2:16:08  153,381/1,000,000  18.8/s  upd=3200  L=0.0394  D=4.392
[dcg] 2:16:25  153,699/1,000,000  18.8/s  upd=3208  L=0.0567  D=4.392
[dcg] 2:16:45  154,090/1,000,000  18.8/s  upd=3216  L=0.0378  D=4.392
[dcg] 2:17:02  154,450/1,000,000  18.8/s  upd=3224  L=0.0598  D=4.392
[dcg] 2:17:22  154,833/1,000,000  18.8/s  upd=3232  L=0.0317  D=4.392
[dcg] 2:17:45  155,198/1,000,000  18.8/s  upd=3240  L=0.0342  D=4.392
[dcg] 2:18:05  155,554/1,000,000  18.8/s  upd=3248  L=0.0465  D=4.392
[dcg] 2:18:26  155,882/1,000,000  18.8/s  upd=3256  L=0.0327  D=4.392
[dcg] 2:18:55  156,259/1,000,000  18.7/s  upd=3264  L=0.0391  D=4.392
[dcg] 2:19:16  156,615/1,000,000  18.7/s  upd=3272  L=0.0415  D=4.392
[dcg] 2:19:39  156,983/1,000,000  18.7/s  upd=3280  L=0.0406  D=4.392
[dcg] 2:20:00  157,389/1,000,000  18.7/s  upd=3288  L=0.0597  D=4.392
[dcg] 2:20:19  157,735/1,000,000  18.7/s  upd=3296  L=0.0483  D=4.392
[dcg] 2:20:37  158,082/1,000,000  18.7/s  upd=3304  L=0.0419  D=4.392
[dcg] 2:20:56  158,527/1,000,000  18.7/s  upd=3312  L=0.0471  D=4.392
[dcg] 2:21:17  158,995/1,000,000  18.8/s  upd=3320  L=0.0470  D=4.392
[dcg] 2:21:37  159,330/1,000,000  18.8/s  upd=3328  L=0.0537  D=4.392
[dcg] 2:21:58  159,744/1,000,000  18.8/s  upd=3336  L=0.0357  D=4.392
[dcg] 2:22:21  160,091/1,000,000  18.7/s  upd=3344  L=0.0446  ev=0/100  D=4.392
[dcg] 2:22:31  160,091/1,000,000  18.7/s  upd=3344  L=0.0446  ev=32/100  D=4.392
[dcg] 2:22:41  160,091/1,000,000  18.7/s  upd=3344  L=0.0446  ev=64/100  D=4.392
[dcg] 2:22:51  160,091/1,000,000  18.7/s  upd=3344  L=0.0446  ev=92/100  D=4.392
[dcg] 2:23:01  160,091/1,000,000  18.7/s  upd=3344  L=0.0446  D=4.262
[dcg] 2:23:19  160,516/1,000,000  18.7/s  upd=3352  L=0.0407  D=4.262
[dcg] 2:23:36  160,863/1,000,000  18.7/s  upd=3360  L=0.0476  D=4.262
[dcg] 2:23:47  160,863/1,000,000  18.6/s  upd=3360  L=0.0476  D=4.262
[dcg] 2:24:07  161,227/1,000,000  18.6/s  upd=3368  L=0.0408  D=4.262
[dcg] 2:24:27  161,564/1,000,000  18.6/s  upd=3376  L=0.0454  D=4.262
[dcg] 2:24:47  161,932/1,000,000  18.6/s  upd=3384  L=0.0593  D=4.262
[dcg] 2:25:07  162,252/1,000,000  18.6/s  upd=3392  L=0.0354  D=4.262
[dcg] 2:25:27  162,607/1,000,000  18.6/s  upd=3400  L=0.0356  D=4.262
[dcg] 2:25:46  162,976/1,000,000  18.6/s  upd=3408  L=0.0357  D=4.262
[dcg] 2:26:05  163,331/1,000,000  18.6/s  upd=3416  L=0.0450  D=4.262
[dcg] 2:26:25  163,693/1,000,000  18.6/s  upd=3424  L=0.0331  D=4.262
[dcg] 2:26:45  164,033/1,000,000  18.6/s  upd=3432  L=0.0290  D=4.262
[dcg] 2:27:06  164,476/1,000,000  18.6/s  upd=3440  L=0.0389  D=4.262
[dcg] 2:27:21  164,812/1,000,000  18.6/s  upd=3448  L=0.0479  D=4.262
[dcg] 2:27:42  165,190/1,000,000  18.6/s  upd=3456  L=0.0433  D=4.262
[dcg] 2:27:59  165,587/1,000,000  18.6/s  upd=3464  L=0.0462  D=4.262
[dcg] 2:28:21  166,002/1,000,000  18.6/s  upd=3472  L=0.0571  D=4.262
[dcg] 2:28:42  166,441/1,000,000  18.7/s  upd=3480  L=0.0309  D=4.262
[dcg] 2:29:02  166,756/1,000,000  18.6/s  upd=3488  L=0.0350  D=4.262
[dcg] 2:29:26  167,110/1,000,000  18.6/s  upd=3496  L=0.0485  D=4.262
[dcg] 2:29:45  167,492/1,000,000  18.6/s  upd=3504  L=0.0424  D=4.262
[dcg] 2:30:06  167,866/1,000,000  18.6/s  upd=3512  L=0.0489  D=4.262
[dcg] 2:30:27  168,257/1,000,000  18.6/s  upd=3520  L=0.0412  D=4.262
[dcg] 2:30:49  168,632/1,000,000  18.6/s  upd=3528  L=0.0295  D=4.262
[dcg] 2:31:06  168,993/1,000,000  18.6/s  upd=3536  L=0.0381  D=4.262
[dcg] 2:31:25  169,361/1,000,000  18.6/s  upd=3544  L=0.0534  D=4.262
[dcg] 2:31:44  169,721/1,000,000  18.6/s  upd=3552  L=0.0509  D=4.262
[dcg] 2:32:05  170,080/1,000,000  18.6/s  upd=3560  L=0.0476  D=4.262
[dcg] 2:32:24  170,440/1,000,000  18.6/s  upd=3568  L=0.0361  D=4.262
[dcg] 2:32:42  170,846/1,000,000  18.6/s  upd=3576  L=0.0438  D=4.262
[dcg] 2:33:01  171,215/1,000,000  18.6/s  upd=3584  L=0.0360  D=4.262
[dcg] 2:33:20  171,646/1,000,000  18.7/s  upd=3592  L=0.0452  D=4.262
[dcg] 2:33:41  172,042/1,000,000  18.7/s  upd=3600  L=0.0463  D=4.262
[dcg] 2:34:00  172,451/1,000,000  18.7/s  upd=3608  L=0.0369  D=4.262
[dcg] 2:34:20  172,854/1,000,000  18.7/s  upd=3616  L=0.0305  D=4.262
[dcg] 2:34:45  173,205/1,000,000  18.7/s  upd=3624  L=0.0547  D=4.262
[dcg] 2:35:06  173,572/1,000,000  18.7/s  upd=3632  L=0.0483  D=4.262
[dcg] 2:35:25  173,982/1,000,000  18.7/s  upd=3640  L=0.0408  D=4.262
[dcg] 2:35:47  174,396/1,000,000  18.7/s  upd=3648  L=0.0380  D=4.262
[dcg] 2:36:06  174,771/1,000,000  18.7/s  upd=3656  L=0.0380  D=4.262
[dcg] 2:36:27  175,105/1,000,000  18.7/s  upd=3664  L=0.0412  D=4.262
[dcg] 2:36:47  175,505/1,000,000  18.7/s  upd=3672  L=0.0363  D=4.262
[dcg] 2:37:07  175,820/1,000,000  18.6/s  upd=3680  L=0.0325  D=4.262
[dcg] 2:37:25  176,165/1,000,000  18.7/s  upd=3688  L=0.0448  D=4.262
[dcg] 2:37:43  176,501/1,000,000  18.7/s  upd=3696  L=0.0485  D=4.262
[dcg] 2:38:03  176,933/1,000,000  18.7/s  upd=3704  L=0.0323  D=4.262
[dcg] 2:38:23  177,295/1,000,000  18.7/s  upd=3712  L=0.0342  D=4.262
[dcg] 2:38:42  177,675/1,000,000  18.7/s  upd=3720  L=0.0437  D=4.262
[dcg] 2:39:01  178,034/1,000,000  18.7/s  upd=3728  L=0.0407  D=4.262
[dcg] 2:39:17  178,370/1,000,000  18.7/s  upd=3736  L=0.0419  D=4.262
[dcg] 2:39:33  178,731/1,000,000  18.7/s  upd=3744  L=0.0451  D=4.262
[dcg] 2:39:44  178,731/1,000,000  18.6/s  upd=3744  L=0.0451  D=4.262
[dcg] 2:40:05  179,113/1,000,000  18.6/s  upd=3752  L=0.0435  D=4.262
[dcg] 2:40:26  179,470/1,000,000  18.6/s  upd=3760  L=0.0421  D=4.262
[dcg] 2:40:45  179,895/1,000,000  18.7/s  upd=3768  L=0.0651  D=4.262
[dcg] 2:41:09  180,221/1,000,000  18.6/s  upd=3776  L=0.0331  ev=0/100  D=4.262
[dcg] 2:41:19  180,221/1,000,000  18.6/s  upd=3776  L=0.0331  ev=48/100  D=4.262
[dcg] 2:41:29  180,221/1,000,000  18.6/s  upd=3776  L=0.0331  ev=80/100  D=4.262
[dcg] 2:41:41  180,221/1,000,000  18.6/s  upd=3776  L=0.0331  D=4.055
[dcg] 2:42:03  180,633/1,000,000  18.6/s  upd=3784  L=0.0312  D=4.055
[dcg] 2:42:24  180,957/1,000,000  18.6/s  upd=3792  L=0.0529  D=4.055
[dcg] 2:42:43  181,333/1,000,000  18.6/s  upd=3800  L=0.0534  D=4.055
[dcg] 2:43:03  181,685/1,000,000  18.6/s  upd=3808  L=0.0385  D=4.055
[dcg] 2:43:21  182,048/1,000,000  18.6/s  upd=3816  L=0.0415  D=4.055
[dcg] 2:43:43  182,462/1,000,000  18.6/s  upd=3824  L=0.0362  D=4.055
[dcg] 2:44:02  182,856/1,000,000  18.6/s  upd=3832  L=0.0291  D=4.055
[dcg] 2:44:21  183,271/1,000,000  18.6/s  upd=3840  L=0.0384  D=4.055
[dcg] 2:44:41  183,601/1,000,000  18.6/s  upd=3848  L=0.0425  D=4.055
[dcg] 2:44:59  184,003/1,000,000  18.6/s  upd=3856  L=0.0315  D=4.055
[dcg] 2:45:26  184,363/1,000,000  18.6/s  upd=3864  L=0.0490  D=4.055
[dcg] 2:45:44  184,656/1,000,000  18.6/s  upd=3872  L=0.0561  D=4.055
[dcg] 2:46:02  184,988/1,000,000  18.6/s  upd=3880  L=0.0470  D=4.055
[dcg] 2:46:19  185,342/1,000,000  18.6/s  upd=3888  L=0.0380  D=4.055
[dcg] 2:46:41  185,672/1,000,000  18.6/s  upd=3896  L=0.0373  D=4.055
[dcg] 2:47:01  186,079/1,000,000  18.6/s  upd=3904  L=0.0551  D=4.055
[dcg] 2:47:22  186,549/1,000,000  18.6/s  upd=3912  L=0.0416  D=4.055
[dcg] 2:47:42  186,905/1,000,000  18.6/s  upd=3920  L=0.0378  D=4.055
[dcg] 2:48:02  187,256/1,000,000  18.6/s  upd=3928  L=0.0446  D=4.055
[dcg] 2:48:21  187,629/1,000,000  18.6/s  upd=3936  L=0.0407  D=4.055
[dcg] 2:48:40  187,996/1,000,000  18.6/s  upd=3944  L=0.0371  D=4.055
[dcg] 2:49:01  188,358/1,000,000  18.6/s  upd=3952  L=0.0486  D=4.055
[dcg] 2:49:21  188,757/1,000,000  18.6/s  upd=3960  L=0.0508  D=4.055
[dcg] 2:49:42  189,089/1,000,000  18.6/s  upd=3968  L=0.0493  D=4.055
[dcg] 2:50:04  189,447/1,000,000  18.6/s  upd=3976  L=0.0404  D=4.055
[dcg] 2:50:25  189,816/1,000,000  18.6/s  upd=3984  L=0.0411  D=4.055
[dcg] 2:50:49  190,202/1,000,000  18.6/s  upd=3992  L=0.0361  D=4.055
[dcg] 2:51:06  190,547/1,000,000  18.6/s  upd=4000  L=0.0486  D=4.055
[dcg] 2:51:25  190,904/1,000,000  18.6/s  upd=4008  L=0.0427  D=4.055
[dcg] 2:51:44  191,258/1,000,000  18.6/s  upd=4016  L=0.0484  D=4.055
[dcg] 2:52:05  191,619/1,000,000  18.6/s  upd=4024  L=0.0419  D=4.055
[dcg] 2:52:25  191,938/1,000,000  18.6/s  upd=4032  L=0.0354  D=4.055
[dcg] 2:52:46  192,318/1,000,000  18.6/s  upd=4040  L=0.0380  D=4.055
[dcg] 2:53:05  192,620/1,000,000  18.5/s  upd=4048  L=0.0483  D=4.055
[dcg] 2:53:26  193,010/1,000,000  18.5/s  upd=4056  L=0.0400  D=4.055
[dcg] 2:53:46  193,439/1,000,000  18.6/s  upd=4064  L=0.0517  D=4.055
[dcg] 2:54:06  193,780/1,000,000  18.6/s  upd=4072  L=0.0447  D=4.055
[dcg] 2:54:26  194,158/1,000,000  18.6/s  upd=4080  L=0.0354  D=4.055
[dcg] 2:54:45  194,508/1,000,000  18.5/s  upd=4088  L=0.0420  D=4.055
[dcg] 2:55:05  194,936/1,000,000  18.6/s  upd=4096  L=0.0369  D=4.055
[dcg] 2:55:24  195,272/1,000,000  18.6/s  upd=4104  L=0.0498  D=4.055
[dcg] 2:55:44  195,719/1,000,000  18.6/s  upd=4112  L=0.0374  D=4.055
[dcg] 2:56:12  196,083/1,000,000  18.5/s  upd=4120  L=0.0365  D=4.055
[dcg] 2:56:31  196,443/1,000,000  18.5/s  upd=4128  L=0.0498  D=4.055
[dcg] 2:56:52  196,848/1,000,000  18.5/s  upd=4136  L=0.0354  D=4.055
[dcg] 2:57:12  197,221/1,000,000  18.5/s  upd=4144  L=0.0524  D=4.055
[dcg] 2:57:33  197,633/1,000,000  18.6/s  upd=4152  L=0.0576  D=4.055
[dcg] 2:57:53  197,993/1,000,000  18.5/s  upd=4160  L=0.0559  D=4.055
[dcg] 2:58:12  198,315/1,000,000  18.5/s  upd=4168  L=0.0436  D=4.055
[dcg] 2:58:30  198,712/1,000,000  18.6/s  upd=4176  L=0.0379  D=4.055
[dcg] 2:58:49  199,091/1,000,000  18.6/s  upd=4184  L=0.0515  D=4.055
[dcg] 2:59:04  199,461/1,000,000  18.6/s  upd=4192  L=0.0334  D=4.055
[dcg] 2:59:23  199,790/1,000,000  18.6/s  upd=4200  L=0.0432  D=4.055
[dcg] 2:59:47  200,181/1,000,000  18.6/s  upd=4208  L=0.0334  ev=0/100  D=4.055
[dcg] 2:59:57  200,181/1,000,000  18.5/s  upd=4208  L=0.0334  ev=32/100  D=4.055
[dcg] 3:00:07  200,181/1,000,000  18.5/s  upd=4208  L=0.0334  ev=62/100  D=4.055
[dcg] 3:00:17  200,181/1,000,000  18.5/s  upd=4208  L=0.0334  ev=96/100  D=4.055
[dcg] 3:00:27  200,181/1,000,000  18.5/s  upd=4208  L=0.0334  D=4.328
[dcg] 3:00:45  200,611/1,000,000  18.5/s  upd=4216  L=0.0376  D=4.328
[dcg] 3:01:03  200,974/1,000,000  18.5/s  upd=4224  L=0.0361  D=4.328
[dcg] 3:01:30  201,424/1,000,000  18.5/s  upd=4232  L=0.0452  D=4.328
[dcg] 3:01:50  201,836/1,000,000  18.5/s  upd=4240  L=0.0317  D=4.328
[dcg] 3:02:07  202,192/1,000,000  18.5/s  upd=4248  L=0.0526  D=4.328
[dcg] 3:02:23  202,493/1,000,000  18.5/s  upd=4256  L=0.0368  D=4.328
[dcg] 3:02:44  202,820/1,000,000  18.5/s  upd=4264  L=0.0401  D=4.328
[dcg] 3:03:05  203,161/1,000,000  18.5/s  upd=4272  L=0.0382  D=4.328
[dcg] 3:03:26  203,580/1,000,000  18.5/s  upd=4280  L=0.0296  D=4.328
[dcg] 3:03:45  203,909/1,000,000  18.5/s  upd=4288  L=0.0284  D=4.328
[dcg] 3:04:05  204,237/1,000,000  18.5/s  upd=4296  L=0.0428  D=4.328
[dcg] 3:04:25  204,642/1,000,000  18.5/s  upd=4304  L=0.0575  D=4.328
[dcg] 3:04:46  205,020/1,000,000  18.5/s  upd=4312  L=0.0449  D=4.328
[dcg] 3:05:09  205,391/1,000,000  18.5/s  upd=4320  L=0.0370  D=4.328
[dcg] 3:05:29  205,722/1,000,000  18.5/s  upd=4328  L=0.0516  D=4.328
[dcg] 3:05:48  206,075/1,000,000  18.5/s  upd=4336  L=0.0444  D=4.328
[dcg] 3:06:09  206,515/1,000,000  18.5/s  upd=4344  L=0.0363  D=4.328
[dcg] 3:06:29  206,905/1,000,000  18.5/s  upd=4352  L=0.0489  D=4.328
[dcg] 3:06:56  207,349/1,000,000  18.5/s  upd=4360  L=0.0492  D=4.328
[dcg] 3:07:14  207,720/1,000,000  18.5/s  upd=4368  L=0.0547  D=4.328
[dcg] 3:07:33  208,058/1,000,000  18.5/s  upd=4376  L=0.0362  D=4.328
[dcg] 3:07:53  208,462/1,000,000  18.5/s  upd=4384  L=0.0314  D=4.328
[dcg] 3:08:14  208,868/1,000,000  18.5/s  upd=4392  L=0.0309  D=4.328
[dcg] 3:08:35  209,235/1,000,000  18.5/s  upd=4400  L=0.0313  D=4.328
[dcg] 3:08:55  209,603/1,000,000  18.5/s  upd=4408  L=0.0419  D=4.328
[dcg] 3:09:14  209,963/1,000,000  18.5/s  upd=4416  L=0.0535  D=4.328
[dcg] 3:09:35  210,379/1,000,000  18.5/s  upd=4424  L=0.0465  D=4.328
[dcg] 3:09:53  210,741/1,000,000  18.5/s  upd=4432  L=0.0400  D=4.328
[dcg] 3:10:13  211,124/1,000,000  18.5/s  upd=4440  L=0.0396  D=4.328
[dcg] 3:10:33  211,481/1,000,000  18.5/s  upd=4448  L=0.0528  D=4.328
[dcg] 3:10:53  211,908/1,000,000  18.5/s  upd=4456  L=0.0435  D=4.328
[dcg] 3:11:13  212,286/1,000,000  18.5/s  upd=4464  L=0.0438  D=4.328
[dcg] 3:11:34  212,686/1,000,000  18.5/s  upd=4472  L=0.0394  D=4.328
[dcg] 3:11:52  213,006/1,000,000  18.5/s  upd=4480  L=0.0405  D=4.328
[dcg] 3:12:19  213,361/1,000,000  18.5/s  upd=4488  L=0.0465  D=4.328
[dcg] 3:12:39  213,777/1,000,000  18.5/s  upd=4496  L=0.0318  D=4.328
[dcg] 3:13:01  214,277/1,000,000  18.5/s  upd=4504  L=0.0470  D=4.328
[dcg] 3:13:20  214,700/1,000,000  18.5/s  upd=4512  L=0.0348  D=4.328
[dcg] 3:13:40  215,101/1,000,000  18.5/s  upd=4520  L=0.0382  D=4.328
[dcg] 3:13:59  215,549/1,000,000  18.5/s  upd=4528  L=0.0428  D=4.328
[dcg] 3:14:17  215,912/1,000,000  18.5/s  upd=4536  L=0.0360  D=4.328
[dcg] 3:14:37  216,231/1,000,000  18.5/s  upd=4544  L=0.0461  D=4.328
[dcg] 3:14:55  216,591/1,000,000  18.5/s  upd=4552  L=0.0431  D=4.328
[dcg] 3:15:16  216,967/1,000,000  18.5/s  upd=4560  L=0.0437  D=4.328
[dcg] 3:15:37  217,316/1,000,000  18.5/s  upd=4568  L=0.0546  D=4.328
[dcg] 3:15:56  217,707/1,000,000  18.5/s  upd=4576  L=0.0398  D=4.328
[dcg] 3:16:16  218,026/1,000,000  18.5/s  upd=4584  L=0.0459  D=4.328
[dcg] 3:16:36  218,455/1,000,000  18.5/s  upd=4592  L=0.0457  D=4.328
[dcg] 3:16:55  218,796/1,000,000  18.5/s  upd=4600  L=0.0399  D=4.328
[dcg] 3:17:13  219,182/1,000,000  18.5/s  upd=4608  L=0.0529  D=4.328
[dcg] 3:17:38  219,607/1,000,000  18.5/s  upd=4616  L=0.0559  D=4.328
[dcg] 3:18:03  220,029/1,000,000  18.5/s  upd=4624  L=0.0375  ev=0/100  D=4.328
[dcg] 3:18:13  220,029/1,000,000  18.5/s  upd=4624  L=0.0375  ev=31/100  D=4.328
[dcg] 3:18:23  220,029/1,000,000  18.5/s  upd=4624  L=0.0375  ev=56/100  D=4.328
[dcg] 3:18:33  220,029/1,000,000  18.5/s  upd=4624  L=0.0375  ev=93/100  D=4.328
[dcg] 3:19:01  220,369/1,000,000  18.5/s  upd=4632  L=0.0444  D=4.171
[dcg] 3:19:24  220,720/1,000,000  18.4/s  upd=4640  L=0.0444  D=4.171
[dcg] 3:19:43  221,106/1,000,000  18.5/s  upd=4648  L=0.0392  D=4.171
[dcg] 3:20:02  221,467/1,000,000  18.5/s  upd=4656  L=0.0505  D=4.171
[dcg] 3:20:19  221,815/1,000,000  18.5/s  upd=4664  L=0.0392  D=4.171
[dcg] 3:20:39  222,205/1,000,000  18.5/s  upd=4672  L=0.0517  D=4.171
[dcg] 3:20:59  222,521/1,000,000  18.5/s  upd=4680  L=0.0335  D=4.171
[dcg] 3:21:20  222,859/1,000,000  18.4/s  upd=4688  L=0.0360  D=4.171
[dcg] 3:21:40  223,211/1,000,000  18.4/s  upd=4696  L=0.0302  D=4.171
[dcg] 3:22:01  223,685/1,000,000  18.5/s  upd=4704  L=0.0414  D=4.171
[dcg] 3:22:21  224,043/1,000,000  18.5/s  upd=4712  L=0.0389  D=4.171
[dcg] 3:22:47  224,393/1,000,000  18.4/s  upd=4720  L=0.0452  D=4.171
[dcg] 3:23:05  224,760/1,000,000  18.4/s  upd=4728  L=0.0342  D=4.171
[dcg] 3:23:27  225,185/1,000,000  18.4/s  upd=4736  L=0.0495  D=4.171
[dcg] 3:23:46  225,517/1,000,000  18.4/s  upd=4744  L=0.0502  D=4.171
[dcg] 3:24:06  225,884/1,000,000  18.4/s  upd=4752  L=0.0317  D=4.171
[dcg] 3:24:25  226,254/1,000,000  18.4/s  upd=4760  L=0.0375  D=4.171
[dcg] 3:24:43  226,595/1,000,000  18.4/s  upd=4768  L=0.0485  D=4.171
[dcg] 3:25:04  227,063/1,000,000  18.5/s  upd=4776  L=0.0379  D=4.171
[dcg] 3:25:21  227,502/1,000,000  18.5/s  upd=4784  L=0.0350  D=4.171
[dcg] 3:25:37  227,845/1,000,000  18.5/s  upd=4792  L=0.0355  D=4.171
[dcg] 3:25:55  228,188/1,000,000  18.5/s  upd=4800  L=0.0401  D=4.171
[dcg] 3:26:14  228,520/1,000,000  18.5/s  upd=4808  L=0.0489  D=4.171
[dcg] 3:26:34  228,931/1,000,000  18.5/s  upd=4816  L=0.0466  D=4.171
[dcg] 3:26:53  229,259/1,000,000  18.5/s  upd=4824  L=0.0468  D=4.171
[dcg] 3:27:14  229,657/1,000,000  18.5/s  upd=4832  L=0.0419  D=4.171
[dcg] 3:27:35  230,057/1,000,000  18.5/s  upd=4840  L=0.0383  D=4.171
[dcg] 3:28:03  230,448/1,000,000  18.5/s  upd=4848  L=0.0476  D=4.171
[dcg] 3:28:21  230,799/1,000,000  18.5/s  upd=4856  L=0.0349  D=4.171
[dcg] 3:28:42  231,153/1,000,000  18.5/s  upd=4864  L=0.0478  D=4.171
[dcg] 3:29:01  231,492/1,000,000  18.5/s  upd=4872  L=0.0431  D=4.171
[dcg] 3:29:23  231,869/1,000,000  18.5/s  upd=4880  L=0.0361  D=4.171
[dcg] 3:29:45  232,326/1,000,000  18.5/s  upd=4888  L=0.0426  D=4.171
[dcg] 3:30:05  232,649/1,000,000  18.5/s  upd=4896  L=0.0374  D=4.171
[dcg] 3:30:26  233,009/1,000,000  18.5/s  upd=4904  L=0.0332  D=4.171
[dcg] 3:30:43  233,390/1,000,000  18.5/s  upd=4912  L=0.0413  D=4.171
[dcg] 3:31:02  233,748/1,000,000  18.5/s  upd=4920  L=0.0392  D=4.171
[dcg] 3:31:22  234,117/1,000,000  18.5/s  upd=4928  L=0.0501  D=4.171
[dcg] 3:31:42  234,463/1,000,000  18.5/s  upd=4936  L=0.0370  D=4.171
[dcg] 3:32:02  234,837/1,000,000  18.5/s  upd=4944  L=0.0496  D=4.171
[dcg] 3:32:23  235,196/1,000,000  18.5/s  upd=4952  L=0.0450  D=4.171
[dcg] 3:32:43  235,597/1,000,000  18.5/s  upd=4960  L=0.0271  D=4.171
[dcg] 3:33:09  235,959/1,000,000  18.4/s  upd=4968  L=0.0401  D=4.171
[dcg] 3:33:30  236,441/1,000,000  18.5/s  upd=4976  L=0.0447  D=4.171
[dcg] 3:33:52  236,815/1,000,000  18.5/s  upd=4984  L=0.0456  D=4.171
[dcg] 3:34:11  237,152/1,000,000  18.5/s  upd=4992  L=0.0578  D=4.171
[dcg] 3:34:32  237,485/1,000,000  18.4/s  upd=5000  L=0.0443  D=4.171
[dcg] 3:34:52  237,848/1,000,000  18.4/s  upd=5008  L=0.0448  D=4.171
[dcg] 3:35:15  238,232/1,000,000  18.4/s  upd=5016  L=0.0355  D=4.171
[dcg] 3:35:31  238,559/1,000,000  18.4/s  upd=5024  L=0.0397  D=4.171
[dcg] 3:35:49  238,912/1,000,000  18.5/s  upd=5032  L=0.0556  D=4.171
[dcg] 3:36:06  239,283/1,000,000  18.5/s  upd=5040  L=0.0375  D=4.171
[dcg] 3:36:27  239,627/1,000,000  18.5/s  upd=5048  L=0.0340  D=4.171
[dcg] 3:36:54  240,031/1,000,000  18.4/s  upd=5056  L=0.0469  ev=0/100  D=4.171
[dcg] 3:37:04  240,031/1,000,000  18.4/s  upd=5056  L=0.0469  ev=32/100  D=4.171
[dcg] 3:37:14  240,031/1,000,000  18.4/s  upd=5056  L=0.0469  ev=64/100  D=4.171
[dcg] 3:37:24  240,031/1,000,000  18.4/s  upd=5056  L=0.0469  ev=97/100  D=4.171
[dcg] 3:37:49  240,457/1,000,000  18.4/s  upd=5064  L=0.0363  D=4.127
[dcg] 3:38:09  240,846/1,000,000  18.4/s  upd=5072  L=0.0400  D=4.127
[dcg] 3:38:34  241,242/1,000,000  18.4/s  upd=5080  L=0.0571  D=4.127
[dcg] 3:38:53  241,610/1,000,000  18.4/s  upd=5088  L=0.0337  D=4.127
[dcg] 3:39:13  242,010/1,000,000  18.4/s  upd=5096  L=0.0601  D=4.127
[dcg] 3:39:33  242,343/1,000,000  18.4/s  upd=5104  L=0.0478  D=4.127
[dcg] 3:39:52  242,652/1,000,000  18.4/s  upd=5112  L=0.0374  D=4.127
[dcg] 3:40:11  243,010/1,000,000  18.4/s  upd=5120  L=0.0482  D=4.127
[dcg] 3:40:32  243,377/1,000,000  18.4/s  upd=5128  L=0.0428  D=4.127
[dcg] 3:40:53  243,769/1,000,000  18.4/s  upd=5136  L=0.0418  D=4.127
[dcg] 3:41:14  244,130/1,000,000  18.4/s  upd=5144  L=0.0350  D=4.127
[dcg] 3:41:31  244,529/1,000,000  18.4/s  upd=5152  L=0.0421  D=4.127
[dcg] 3:41:52  244,901/1,000,000  18.4/s  upd=5160  L=0.0528  D=4.127
[dcg] 3:42:17  245,267/1,000,000  18.4/s  upd=5168  L=0.0442  D=4.127
[dcg] 3:42:37  245,681/1,000,000  18.4/s  upd=5176  L=0.0622  D=4.127
[dcg] 3:42:57  246,028/1,000,000  18.4/s  upd=5184  L=0.0674  D=4.127
[dcg] 3:43:18  246,352/1,000,000  18.4/s  upd=5192  L=0.0412  D=4.127
[dcg] 3:43:44  246,710/1,000,000  18.4/s  upd=5200  L=0.0578  D=4.127
[dcg] 3:44:02  247,060/1,000,000  18.4/s  upd=5208  L=0.0418  D=4.127
[dcg] 3:44:21  247,503/1,000,000  18.4/s  upd=5216  L=0.0364  D=4.127
[dcg] 3:44:41  247,894/1,000,000  18.4/s  upd=5224  L=0.0414  D=4.127
[dcg] 3:45:02  248,259/1,000,000  18.4/s  upd=5232  L=0.0546  D=4.127
[dcg] 3:45:21  248,612/1,000,000  18.4/s  upd=5240  L=0.0313  D=4.127
[dcg] 3:45:38  249,002/1,000,000  18.4/s  upd=5248  L=0.0332  D=4.127
[dcg] 3:45:57  249,335/1,000,000  18.4/s  upd=5256  L=0.0330  D=4.127
[dcg] 3:46:18  249,727/1,000,000  18.4/s  upd=5264  L=0.0341  D=4.127
[dcg] 3:46:37  250,087/1,000,000  18.4/s  upd=5272  L=0.0446  D=4.127
[dcg] 3:46:53  250,439/1,000,000  18.4/s  upd=5280  L=0.0318  D=4.127
[dcg] 3:47:13  250,777/1,000,000  18.4/s  upd=5288  L=0.0491  D=4.127
[dcg] 3:47:36  251,118/1,000,000  18.4/s  upd=5296  L=0.0375  D=4.127
[dcg] 3:47:56  251,526/1,000,000  18.4/s  upd=5304  L=0.0487  D=4.127
[dcg] 3:48:14  251,850/1,000,000  18.4/s  upd=5312  L=0.0443  D=4.127
[dcg] 3:48:32  252,236/1,000,000  18.4/s  upd=5320  L=0.0548  D=4.127
[dcg] 3:48:54  252,573/1,000,000  18.4/s  upd=5328  L=0.0494  D=4.127
[dcg] 3:49:11  252,920/1,000,000  18.4/s  upd=5336  L=0.0288  D=4.127
[dcg] 3:49:29  253,268/1,000,000  18.4/s  upd=5344  L=0.0609  D=4.127
[dcg] 3:49:49  253,654/1,000,000  18.4/s  upd=5352  L=0.0460  D=4.127
[dcg] 3:50:11  254,029/1,000,000  18.4/s  upd=5360  L=0.0359  D=4.127
[dcg] 3:50:33  254,451/1,000,000  18.4/s  upd=5368  L=0.0410  D=4.127
[dcg] 3:50:54  254,863/1,000,000  18.4/s  upd=5376  L=0.0617  D=4.127
[dcg] 3:51:13  255,192/1,000,000  18.4/s  upd=5384  L=0.0524  D=4.127
[dcg] 3:51:33  255,587/1,000,000  18.4/s  upd=5392  L=0.0359  D=4.127
[dcg] 3:51:51  255,950/1,000,000  18.4/s  upd=5400  L=0.0341  D=4.127
[dcg] 3:52:13  256,359/1,000,000  18.4/s  upd=5408  L=0.0400  D=4.127
[dcg] 3:52:32  256,718/1,000,000  18.4/s  upd=5416  L=0.0399  D=4.127
[dcg] 3:52:53  257,072/1,000,000  18.4/s  upd=5424  L=0.0413  D=4.127
[dcg] 3:53:13  257,430/1,000,000  18.4/s  upd=5432  L=0.0465  D=4.127
[dcg] 3:53:32  257,813/1,000,000  18.4/s  upd=5440  L=0.0472  D=4.127
[dcg] 3:53:52  258,132/1,000,000  18.4/s  upd=5448  L=0.0281  D=4.127
[dcg] 3:54:14  258,473/1,000,000  18.4/s  upd=5456  L=0.0735  D=4.127
[dcg] 3:54:33  258,845/1,000,000  18.4/s  upd=5464  L=0.0472  D=4.127
[dcg] 3:54:51  259,295/1,000,000  18.4/s  upd=5472  L=0.0552  D=4.127
[dcg] 3:55:12  259,708/1,000,000  18.4/s  upd=5480  L=0.0345  D=4.127
[dcg] 3:55:38  260,064/1,000,000  18.4/s  upd=5488  L=0.0387  ev=0/100  D=4.127
[dcg] 3:55:48  260,064/1,000,000  18.4/s  upd=5488  L=0.0387  ev=32/100  D=4.127
[dcg] 3:55:58  260,064/1,000,000  18.4/s  upd=5488  L=0.0387  ev=59/100  D=4.127
[dcg] 3:56:08  260,064/1,000,000  18.4/s  upd=5488  L=0.0387  ev=95/100  D=4.127
[dcg] 3:56:18  260,064/1,000,000  18.3/s  upd=5488  L=0.0387  D=3.931
[dcg] 3:56:36  260,466/1,000,000  18.3/s  upd=5496  L=0.0399  D=3.931
[dcg] 3:56:57  260,847/1,000,000  18.3/s  upd=5504  L=0.0381  D=3.931
[dcg] 3:57:16  261,230/1,000,000  18.3/s  upd=5512  L=0.0326  D=3.931
[dcg] 3:57:36  261,652/1,000,000  18.4/s  upd=5520  L=0.0460  D=3.931
[dcg] 3:57:58  262,047/1,000,000  18.4/s  upd=5528  L=0.0355  D=3.931
[dcg] 3:58:19  262,413/1,000,000  18.4/s  upd=5536  L=0.0440  D=3.931
[dcg] 3:58:40  262,819/1,000,000  18.4/s  upd=5544  L=0.0321  D=3.931
[dcg] 3:59:01  263,239/1,000,000  18.4/s  upd=5552  L=0.0397  D=3.931
[dcg] 3:59:22  263,630/1,000,000  18.4/s  upd=5560  L=0.0437  D=3.931
[dcg] 3:59:38  263,943/1,000,000  18.4/s  upd=5568  L=0.0397  D=3.931
[dcg] 3:59:54  264,307/1,000,000  18.4/s  upd=5576  L=0.0366  D=3.931
[dcg] 4:00:12  264,657/1,000,000  18.4/s  upd=5584  L=0.0330  D=3.931
[dcg] 4:00:32  264,991/1,000,000  18.4/s  upd=5592  L=0.0372  D=3.931
[dcg] 4:00:53  265,353/1,000,000  18.4/s  upd=5600  L=0.0572  D=3.931
[dcg] 4:01:14  265,705/1,000,000  18.4/s  upd=5608  L=0.0655  D=3.931
[dcg] 4:01:35  266,119/1,000,000  18.4/s  upd=5616  L=0.0409  D=3.931
[dcg] 4:01:57  266,524/1,000,000  18.4/s  upd=5624  L=0.0373  D=3.931
[dcg] 4:02:17  266,888/1,000,000  18.4/s  upd=5632  L=0.0327  D=3.931
[dcg] 4:02:35  267,241/1,000,000  18.4/s  upd=5640  L=0.0316  D=3.931
[dcg] 4:02:56  267,570/1,000,000  18.4/s  upd=5648  L=0.0396  D=3.931
[dcg] 4:03:16  267,887/1,000,000  18.4/s  upd=5656  L=0.0340  D=3.931
[dcg] 4:03:36  268,201/1,000,000  18.3/s  upd=5664  L=0.0330  D=3.931
[dcg] 4:03:57  268,565/1,000,000  18.3/s  upd=5672  L=0.0338  D=3.931
[dcg] 4:04:17  268,987/1,000,000  18.4/s  upd=5680  L=0.0388  D=3.931
[dcg] 4:04:43  269,340/1,000,000  18.3/s  upd=5688  L=0.0480  D=3.931
[dcg] 4:05:00  269,641/1,000,000  18.3/s  upd=5696  L=0.0441  D=3.931
[dcg] 4:05:19  269,984/1,000,000  18.3/s  upd=5704  L=0.0293  D=3.931
[dcg] 4:05:40  270,374/1,000,000  18.3/s  upd=5712  L=0.0408  D=3.931
[dcg] 4:06:02  270,759/1,000,000  18.3/s  upd=5720  L=0.0392  D=3.931
[dcg] 4:06:23  271,124/1,000,000  18.3/s  upd=5728  L=0.0354  D=3.931
[dcg] 4:06:43  271,453/1,000,000  18.3/s  upd=5736  L=0.0512  D=3.931
[dcg] 4:07:02  271,766/1,000,000  18.3/s  upd=5744  L=0.0368  D=3.931
[dcg] 4:07:22  272,081/1,000,000  18.3/s  upd=5752  L=0.0495  D=3.931
[dcg] 4:07:40  272,462/1,000,000  18.3/s  upd=5760  L=0.0469  D=3.931
[dcg] 4:07:57  272,837/1,000,000  18.3/s  upd=5768  L=0.0276  D=3.931
[dcg] 4:08:19  273,304/1,000,000  18.3/s  upd=5776  L=0.0592  D=3.931
[dcg] 4:08:40  273,639/1,000,000  18.3/s  upd=5784  L=0.0360  D=3.931
[dcg] 4:09:00  273,984/1,000,000  18.3/s  upd=5792  L=0.0596  D=3.931
[dcg] 4:09:19  274,337/1,000,000  18.3/s  upd=5800  L=0.0499  D=3.931
[dcg] 4:09:39  274,758/1,000,000  18.3/s  upd=5808  L=0.0387  D=3.931
[dcg] 4:10:04  275,087/1,000,000  18.3/s  upd=5816  L=0.0361  D=3.931
[dcg] 4:10:21  275,452/1,000,000  18.3/s  upd=5824  L=0.0404  D=3.931
[dcg] 4:10:40  275,807/1,000,000  18.3/s  upd=5832  L=0.0382  D=3.931
[dcg] 4:10:57  276,275/1,000,000  18.3/s  upd=5840  L=0.0479  D=3.931
[dcg] 4:11:15  276,581/1,000,000  18.3/s  upd=5848  L=0.0391  D=3.931
[dcg] 4:11:37  277,018/1,000,000  18.3/s  upd=5856  L=0.0457  D=3.931
[dcg] 4:11:58  277,408/1,000,000  18.3/s  upd=5864  L=0.0339  D=3.931
[dcg] 4:12:15  277,808/1,000,000  18.4/s  upd=5872  L=0.0418  D=3.931
[dcg] 4:12:34  278,140/1,000,000  18.4/s  upd=5880  L=0.0317  D=3.931
[dcg] 4:12:51  278,556/1,000,000  18.4/s  upd=5888  L=0.0427  D=3.931
[dcg] 4:13:12  278,907/1,000,000  18.4/s  upd=5896  L=0.0486  D=3.931
[dcg] 4:13:33  279,240/1,000,000  18.4/s  upd=5904  L=0.0353  D=3.931
[dcg] 4:13:54  279,668/1,000,000  18.4/s  upd=5912  L=0.0508  D=3.931
[dcg] 4:14:18  280,005/1,000,000  18.4/s  upd=5920  L=0.0420  ev=0/100  D=3.931
[dcg] 4:14:28  280,005/1,000,000  18.3/s  upd=5920  L=0.0420  ev=31/100  D=3.931
[dcg] 4:14:38  280,005/1,000,000  18.3/s  upd=5920  L=0.0420  ev=62/100  D=3.931
[dcg] 4:14:48  280,005/1,000,000  18.3/s  upd=5920  L=0.0420  ev=95/100  D=3.931
[dcg] 4:15:02  280,005/1,000,000  18.3/s  upd=5920  L=0.0420  D=4.068
[dcg] 4:15:19  280,336/1,000,000  18.3/s  upd=5928  L=0.0417  D=4.068
[dcg] 4:15:36  280,702/1,000,000  18.3/s  upd=5936  L=0.0340  D=4.068
[dcg] 4:15:56  281,035/1,000,000  18.3/s  upd=5944  L=0.0401  D=4.068
[dcg] 4:16:16  281,422/1,000,000  18.3/s  upd=5952  L=0.0458  D=4.068
[dcg] 4:16:35  281,772/1,000,000  18.3/s  upd=5960  L=0.0330  D=4.068
[dcg] 4:16:54  282,105/1,000,000  18.3/s  upd=5968  L=0.0399  D=4.068
[dcg] 4:17:13  282,480/1,000,000  18.3/s  upd=5976  L=0.0388  D=4.068
[dcg] 4:17:32  282,889/1,000,000  18.3/s  upd=5984  L=0.0513  D=4.068
[dcg] 4:17:53  283,246/1,000,000  18.3/s  upd=5992  L=0.0360  D=4.068
[dcg] 4:18:11  283,681/1,000,000  18.3/s  upd=6000  L=0.0421  D=4.068
[dcg] 4:18:29  284,049/1,000,000  18.3/s  upd=6008  L=0.0497  D=4.068
[dcg] 4:18:49  284,420/1,000,000  18.3/s  upd=6016  L=0.0448  D=4.068
[dcg] 4:19:10  284,818/1,000,000  18.3/s  upd=6024  L=0.0411  D=4.068
[dcg] 4:19:28  285,152/1,000,000  18.3/s  upd=6032  L=0.0440  D=4.068
[dcg] 4:19:52  285,523/1,000,000  18.3/s  upd=6040  L=0.0369  D=4.068
[dcg] 4:20:13  285,883/1,000,000  18.3/s  upd=6048  L=0.0363  D=4.068
[dcg] 4:20:35  286,247/1,000,000  18.3/s  upd=6056  L=0.0327  D=4.068
[dcg] 4:20:55  286,620/1,000,000  18.3/s  upd=6064  L=0.0458  D=4.068
[dcg] 4:21:16  287,035/1,000,000  18.3/s  upd=6072  L=0.0274  D=4.068
[dcg] 4:21:36  287,384/1,000,000  18.3/s  upd=6080  L=0.0383  D=4.068
[dcg] 4:21:55  287,722/1,000,000  18.3/s  upd=6088  L=0.0471  D=4.068
[dcg] 4:22:12  288,075/1,000,000  18.3/s  upd=6096  L=0.0476  D=4.068
[dcg] 4:22:31  288,492/1,000,000  18.3/s  upd=6104  L=0.0403  D=4.068
[dcg] 4:22:49  288,829/1,000,000  18.3/s  upd=6112  L=0.0404  D=4.068
[dcg] 4:23:08  289,255/1,000,000  18.3/s  upd=6120  L=0.0261  D=4.068
[dcg] 4:23:27  289,552/1,000,000  18.3/s  upd=6128  L=0.0388  D=4.068
[dcg] 4:23:46  289,894/1,000,000  18.3/s  upd=6136  L=0.0315  D=4.068
[dcg] 4:24:06  290,206/1,000,000  18.3/s  upd=6144  L=0.0303  D=4.068
[dcg] 4:24:25  290,519/1,000,000  18.3/s  upd=6152  L=0.0373  D=4.068
[dcg] 4:24:45  290,918/1,000,000  18.3/s  upd=6160  L=0.0413  D=4.068
[dcg] 4:25:07  291,246/1,000,000  18.3/s  upd=6168  L=0.0367  D=4.068
[dcg] 4:25:26  291,624/1,000,000  18.3/s  upd=6176  L=0.0309  D=4.068
[dcg] 4:25:49  292,025/1,000,000  18.3/s  upd=6184  L=0.0319  D=4.068
[dcg] 4:26:08  292,381/1,000,000  18.3/s  upd=6192  L=0.0331  D=4.068
[dcg] 4:26:28  292,724/1,000,000  18.3/s  upd=6200  L=0.0404  D=4.068
[dcg] 4:26:48  293,134/1,000,000  18.3/s  upd=6208  L=0.0533  D=4.068
[dcg] 4:27:07  293,478/1,000,000  18.3/s  upd=6216  L=0.0336  D=4.068
[dcg] 4:27:27  293,798/1,000,000  18.3/s  upd=6224  L=0.0333  D=4.068
[dcg] 4:27:44  294,126/1,000,000  18.3/s  upd=6232  L=0.0618  D=4.068
[dcg] 4:28:04  294,517/1,000,000  18.3/s  upd=6240  L=0.0363  D=4.068
[dcg] 4:28:23  294,897/1,000,000  18.3/s  upd=6248  L=0.0379  D=4.068
[dcg] 4:28:41  295,252/1,000,000  18.3/s  upd=6256  L=0.0423  D=4.068
[dcg] 4:29:01  295,609/1,000,000  18.3/s  upd=6264  L=0.0389  D=4.068
[dcg] 4:29:20  296,043/1,000,000  18.3/s  upd=6272  L=0.0425  D=4.068
[dcg] 4:29:40  296,398/1,000,000  18.3/s  upd=6280  L=0.0371  D=4.068
[dcg] 4:30:01  296,794/1,000,000  18.3/s  upd=6288  L=0.0478  D=4.068
[dcg] 4:30:21  297,156/1,000,000  18.3/s  upd=6296  L=0.0469  D=4.068
[dcg] 4:30:42  297,602/1,000,000  18.3/s  upd=6304  L=0.0341  D=4.068
[dcg] 4:31:02  297,936/1,000,000  18.3/s  upd=6312  L=0.0343  D=4.068
[dcg] 4:31:20  298,270/1,000,000  18.3/s  upd=6320  L=0.0436  D=4.068
[dcg] 4:31:36  298,596/1,000,000  18.3/s  upd=6328  L=0.0323  D=4.068
[dcg] 4:31:53  298,911/1,000,000  18.3/s  upd=6336  L=0.0421  D=4.068
[dcg] 4:32:13  299,279/1,000,000  18.3/s  upd=6344  L=0.0431  D=4.068
[dcg] 4:32:30  299,663/1,000,000  18.3/s  upd=6352  L=0.0396  D=4.068
[dcg] 4:32:57  300,048/1,000,000  18.3/s  upd=6360  L=0.0497  ev=0/100  D=4.068
[dcg] 4:33:07  300,048/1,000,000  18.3/s  upd=6360  L=0.0497  ev=39/100  D=4.068
[dcg] 4:33:17  300,048/1,000,000  18.3/s  upd=6360  L=0.0497  ev=75/100  D=4.068
[dcg] 4:33:30  300,048/1,000,000  18.3/s  upd=6360  L=0.0497  D=3.921
[dcg] 4:33:44  300,369/1,000,000  18.3/s  upd=6368  L=0.0355  D=3.921
[dcg] 4:34:05  300,770/1,000,000  18.3/s  upd=6376  L=0.0433  D=3.921
[dcg] 4:34:24  301,125/1,000,000  18.3/s  upd=6384  L=0.0466  D=3.921
[dcg] 4:34:44  301,515/1,000,000  18.3/s  upd=6392  L=0.0374  D=3.921
[dcg] 4:35:04  301,892/1,000,000  18.3/s  upd=6400  L=0.0652  D=3.921
[dcg] 4:35:26  302,307/1,000,000  18.3/s  upd=6408  L=0.0459  D=3.921
[dcg] 4:35:48  302,697/1,000,000  18.3/s  upd=6416  L=0.0352  D=3.921
[dcg] 4:36:05  303,044/1,000,000  18.3/s  upd=6424  L=0.0295  D=3.921
[dcg] 4:36:28  303,372/1,000,000  18.3/s  upd=6432  L=0.0339  D=3.921
[dcg] 4:36:48  303,688/1,000,000  18.3/s  upd=6440  L=0.0372  D=3.921
[dcg] 4:37:08  304,018/1,000,000  18.3/s  upd=6448  L=0.0357  D=3.921
[dcg] 4:37:28  304,348/1,000,000  18.3/s  upd=6456  L=0.0361  D=3.921
[dcg] 4:37:49  304,719/1,000,000  18.3/s  upd=6464  L=0.0360  D=3.921
[dcg] 4:38:11  305,114/1,000,000  18.3/s  upd=6472  L=0.0332  D=3.921
[dcg] 4:38:32  305,465/1,000,000  18.3/s  upd=6480  L=0.0411  D=3.921
[dcg] 4:38:51  305,799/1,000,000  18.3/s  upd=6488  L=0.0365  D=3.921
[dcg] 4:39:09  306,118/1,000,000  18.3/s  upd=6496  L=0.0418  D=3.921
[dcg] 4:39:31  306,552/1,000,000  18.3/s  upd=6504  L=0.0375  D=3.921
[dcg] 4:39:50  306,893/1,000,000  18.3/s  upd=6512  L=0.0405  D=3.921
[dcg] 4:40:11  307,277/1,000,000  18.3/s  upd=6520  L=0.0431  D=3.921
[dcg] 4:40:31  307,634/1,000,000  18.3/s  upd=6528  L=0.0391  D=3.921
[dcg] 4:40:50  307,988/1,000,000  18.3/s  upd=6536  L=0.0387  D=3.921
[dcg] 4:41:09  308,349/1,000,000  18.3/s  upd=6544  L=0.0406  D=3.921
[dcg] 4:41:28  308,732/1,000,000  18.3/s  upd=6552  L=0.0556  D=3.921
[dcg] 4:41:39  308,732/1,000,000  18.3/s  upd=6552  L=0.0556  D=3.921
[dcg] 4:41:59  309,090/1,000,000  18.3/s  upd=6560  L=0.0386  D=3.921
[dcg] 4:42:14  309,408/1,000,000  18.3/s  upd=6568  L=0.0531  D=3.921
[dcg] 4:42:38  309,787/1,000,000  18.3/s  upd=6576  L=0.0565  D=3.921
[dcg] 4:42:59  310,134/1,000,000  18.3/s  upd=6584  L=0.0389  D=3.921
[dcg] 4:43:18  310,487/1,000,000  18.3/s  upd=6592  L=0.0313  D=3.921
[dcg] 4:43:39  310,904/1,000,000  18.3/s  upd=6600  L=0.0535  D=3.921
[dcg] 4:43:58  311,261/1,000,000  18.3/s  upd=6608  L=0.0352  D=3.921
[dcg] 4:44:20  311,619/1,000,000  18.3/s  upd=6616  L=0.0375  D=3.921
[dcg] 4:44:41  311,988/1,000,000  18.3/s  upd=6624  L=0.0433  D=3.921
[dcg] 4:44:59  312,316/1,000,000  18.3/s  upd=6632  L=0.0385  D=3.921
[dcg] 4:45:17  312,679/1,000,000  18.3/s  upd=6640  L=0.0508  D=3.921
[dcg] 4:45:36  313,100/1,000,000  18.3/s  upd=6648  L=0.0490  D=3.921
[dcg] 4:45:55  313,478/1,000,000  18.3/s  upd=6656  L=0.0357  D=3.921
[dcg] 4:46:16  313,887/1,000,000  18.3/s  upd=6664  L=0.0345  D=3.921
[dcg] 4:46:35  314,230/1,000,000  18.3/s  upd=6672  L=0.0463  D=3.921
[dcg] 4:46:55  314,601/1,000,000  18.3/s  upd=6680  L=0.0333  D=3.921
[dcg] 4:47:15  314,989/1,000,000  18.3/s  upd=6688  L=0.0375  D=3.921
[dcg] 4:47:28  314,989/1,000,000  18.3/s  upd=6688  L=0.0375  D=3.921
[dcg] 4:47:46  315,344/1,000,000  18.3/s  upd=6696  L=0.0385  D=3.921
[dcg] 4:48:06  315,746/1,000,000  18.3/s  upd=6704  L=0.0337  D=3.921
[dcg] 4:48:28  316,167/1,000,000  18.3/s  upd=6712  L=0.0355  D=3.921
[dcg] 4:48:48  316,494/1,000,000  18.3/s  upd=6720  L=0.0389  D=3.921
[dcg] 4:49:05  316,844/1,000,000  18.3/s  upd=6728  L=0.0369  D=3.921
[dcg] 4:49:22  317,201/1,000,000  18.3/s  upd=6736  L=0.0391  D=3.921
[dcg] 4:49:39  317,536/1,000,000  18.3/s  upd=6744  L=0.0423  D=3.921
[dcg] 4:50:00  317,889/1,000,000  18.3/s  upd=6752  L=0.0475  D=3.921
[dcg] 4:50:20  318,300/1,000,000  18.3/s  upd=6760  L=0.0384  D=3.921
[dcg] 4:50:42  318,712/1,000,000  18.3/s  upd=6768  L=0.0371  D=3.921
[dcg] 4:51:00  319,046/1,000,000  18.3/s  upd=6776  L=0.0392  D=3.921
[dcg] 4:51:21  319,427/1,000,000  18.3/s  upd=6784  L=0.0426  D=3.921
[dcg] 4:51:41  319,764/1,000,000  18.3/s  upd=6792  L=0.0349  D=3.921
[dcg] 4:52:06  320,083/1,000,000  18.3/s  upd=6800  L=0.0479  ev=0/100  D=3.921
[dcg] 4:52:16  320,083/1,000,000  18.3/s  upd=6800  L=0.0479  ev=27/100  D=3.921
[dcg] 4:52:26  320,083/1,000,000  18.2/s  upd=6800  L=0.0479  ev=56/100  D=3.921
[dcg] 4:52:36  320,083/1,000,000  18.2/s  upd=6800  L=0.0479  ev=96/100  D=3.921
[dcg] 4:52:49  320,083/1,000,000  18.2/s  upd=6800  L=0.0479  D=4.068
[dcg] 4:53:06  320,404/1,000,000  18.2/s  upd=6808  L=0.0361  D=4.068
[dcg] 4:53:26  320,727/1,000,000  18.2/s  upd=6816  L=0.0439  D=4.068
[dcg] 4:53:44  321,068/1,000,000  18.2/s  upd=6824  L=0.0388  D=4.068
[dcg] 4:54:06  321,471/1,000,000  18.2/s  upd=6832  L=0.0402  D=4.068
[dcg] 4:54:25  321,864/1,000,000  18.2/s  upd=6840  L=0.0474  D=4.068
[dcg] 4:54:44  322,253/1,000,000  18.2/s  upd=6848  L=0.0491  D=4.068
[dcg] 4:55:03  322,616/1,000,000  18.2/s  upd=6856  L=0.0320  D=4.068
[dcg] 4:55:23  323,036/1,000,000  18.2/s  upd=6864  L=0.0280  D=4.068
[dcg] 4:55:43  323,409/1,000,000  18.2/s  upd=6872  L=0.0487  D=4.068
[dcg] 4:56:01  323,797/1,000,000  18.2/s  upd=6880  L=0.0322  D=4.068
[dcg] 4:56:18  324,132/1,000,000  18.2/s  upd=6888  L=0.0479  D=4.068
[dcg] 4:56:39  324,506/1,000,000  18.2/s  upd=6896  L=0.0452  D=4.068
[dcg] 4:56:59  324,957/1,000,000  18.2/s  upd=6904  L=0.0537  D=4.068
[dcg] 4:57:19  325,397/1,000,000  18.2/s  upd=6912  L=0.0367  D=4.068
[dcg] 4:57:39  325,737/1,000,000  18.2/s  upd=6920  L=0.0457  D=4.068
[dcg] 4:57:58  326,145/1,000,000  18.2/s  upd=6928  L=0.0457  D=4.068
[dcg] 4:58:20  326,509/1,000,000  18.2/s  upd=6936  L=0.0396  D=4.068
[dcg] 4:58:39  326,847/1,000,000  18.2/s  upd=6944  L=0.0488  D=4.068
[dcg] 4:59:01  327,193/1,000,000  18.2/s  upd=6952  L=0.0369  D=4.068
[dcg] 4:59:21  327,569/1,000,000  18.2/s  upd=6960  L=0.0326  D=4.068
[dcg] 4:59:39  328,048/1,000,000  18.2/s  upd=6968  L=0.0363  D=4.068
[dcg] 4:59:58  328,351/1,000,000  18.2/s  upd=6976  L=0.0434  D=4.068
[dcg] 5:00:18  328,810/1,000,000  18.2/s  upd=6984  L=0.0408  D=4.068
[dcg] 5:00:38  329,199/1,000,000  18.3/s  upd=6992  L=0.0278  D=4.068
[dcg] 5:00:56  329,500/1,000,000  18.2/s  upd=7000  L=0.0399  D=4.068
[dcg] 5:01:15  329,810/1,000,000  18.2/s  upd=7008  L=0.0435  D=4.068
[dcg] 5:01:35  330,162/1,000,000  18.2/s  upd=7016  L=0.0356  D=4.068
[dcg] 5:01:55  330,574/1,000,000  18.2/s  upd=7024  L=0.0310  D=4.068
[dcg] 5:02:17  330,900/1,000,000  18.2/s  upd=7032  L=0.0349  D=4.068
[dcg] 5:02:36  331,229/1,000,000  18.2/s  upd=7040  L=0.0489  D=4.068
[dcg] 5:02:58  331,593/1,000,000  18.2/s  upd=7048  L=0.0321  D=4.068
[dcg] 5:03:17  331,926/1,000,000  18.2/s  upd=7056  L=0.0332  D=4.068
[dcg] 5:03:40  332,361/1,000,000  18.2/s  upd=7064  L=0.0316  D=4.068
[dcg] 5:04:00  332,708/1,000,000  18.2/s  upd=7072  L=0.0371  D=4.068
[dcg] 5:04:21  333,168/1,000,000  18.2/s  upd=7080  L=0.0265  D=4.068
[dcg] 5:04:42  333,608/1,000,000  18.2/s  upd=7088  L=0.0451  D=4.068
[dcg] 5:05:01  333,990/1,000,000  18.2/s  upd=7096  L=0.0311  D=4.068
[dcg] 5:05:21  334,362/1,000,000  18.2/s  upd=7104  L=0.0406  D=4.068
[dcg] 5:05:41  334,703/1,000,000  18.2/s  upd=7112  L=0.0368  D=4.068
[dcg] 5:06:00  335,160/1,000,000  18.3/s  upd=7120  L=0.0379  D=4.068
[dcg] 5:06:19  335,562/1,000,000  18.3/s  upd=7128  L=0.0434  D=4.068
[dcg] 5:06:38  335,924/1,000,000  18.3/s  upd=7136  L=0.0459  D=4.068
[dcg] 5:06:54  336,283/1,000,000  18.3/s  upd=7144  L=0.0311  D=4.068
[dcg] 5:07:10  336,714/1,000,000  18.3/s  upd=7152  L=0.0302  D=4.068
[dcg] 5:07:24  337,080/1,000,000  18.3/s  upd=7160  L=0.0421  D=4.068
[dcg] 5:07:42  337,466/1,000,000  18.3/s  upd=7168  L=0.0349  D=4.068
[dcg] 5:08:01  337,822/1,000,000  18.3/s  upd=7176  L=0.0370  D=4.068
[dcg] 5:08:20  338,238/1,000,000  18.3/s  upd=7184  L=0.0342  D=4.068
[dcg] 5:08:39  338,585/1,000,000  18.3/s  upd=7192  L=0.0379  D=4.068
[dcg] 5:09:03  338,969/1,000,000  18.3/s  upd=7200  L=0.0359  D=4.068
[dcg] 5:09:22  339,301/1,000,000  18.3/s  upd=7208  L=0.0548  D=4.068
[dcg] 5:09:40  339,638/1,000,000  18.3/s  upd=7216  L=0.0446  D=4.068
[dcg] 5:10:08  340,026/1,000,000  18.3/s  upd=7224  L=0.0402  ev=0/100  D=4.068
[dcg] 5:10:18  340,026/1,000,000  18.3/s  upd=7224  L=0.0402  ev=31/100  D=4.068
[dcg] 5:10:28  340,026/1,000,000  18.3/s  upd=7224  L=0.0402  ev=56/100  D=4.068
[dcg] 5:10:38  340,026/1,000,000  18.2/s  upd=7224  L=0.0402  ev=96/100  D=4.068
[dcg] 5:11:06  340,407/1,000,000  18.2/s  upd=7232  L=0.0431  D=3.930
[dcg] 5:11:27  340,813/1,000,000  18.2/s  upd=7240  L=0.0310  D=3.930
[dcg] 5:11:47  341,187/1,000,000  18.2/s  upd=7248  L=0.0435  D=3.930
[dcg] 5:12:05  341,609/1,000,000  18.2/s  upd=7256  L=0.0342  D=3.930
[dcg] 5:12:24  341,952/1,000,000  18.2/s  upd=7264  L=0.0441  D=3.930
[dcg] 5:12:43  342,370/1,000,000  18.2/s  upd=7272  L=0.0402  D=3.930
[dcg] 5:13:02  342,726/1,000,000  18.2/s  upd=7280  L=0.0524  D=3.930
[dcg] 5:13:21  343,103/1,000,000  18.2/s  upd=7288  L=0.0372  D=3.930
[dcg] 5:13:40  343,465/1,000,000  18.2/s  upd=7296  L=0.0278  D=3.930
[dcg] 5:13:58  343,865/1,000,000  18.3/s  upd=7304  L=0.0469  D=3.930
[dcg] 5:14:26  344,226/1,000,000  18.2/s  upd=7312  L=0.0358  D=3.930
[dcg] 5:14:46  344,614/1,000,000  18.2/s  upd=7320  L=0.0349  D=3.930
[dcg] 5:15:05  344,962/1,000,000  18.2/s  upd=7328  L=0.0284  D=3.930
[dcg] 5:15:27  345,341/1,000,000  18.2/s  upd=7336  L=0.0456  D=3.930
[dcg] 5:15:47  345,786/1,000,000  18.2/s  upd=7344  L=0.0505  D=3.930
[dcg] 5:16:06  346,149/1,000,000  18.3/s  upd=7352  L=0.0361  D=3.930
[dcg] 5:16:28  346,595/1,000,000  18.3/s  upd=7360  L=0.0366  D=3.930
[dcg] 5:16:48  346,956/1,000,000  18.3/s  upd=7368  L=0.0494  D=3.930
[dcg] 5:17:08  347,366/1,000,000  18.3/s  upd=7376  L=0.0315  D=3.930
[dcg] 5:17:26  347,711/1,000,000  18.3/s  upd=7384  L=0.0367  D=3.930
[dcg] 5:17:47  348,048/1,000,000  18.3/s  upd=7392  L=0.0358  D=3.930
[dcg] 5:18:04  348,373/1,000,000  18.3/s  upd=7400  L=0.0379  D=3.930
[dcg] 5:18:21  348,689/1,000,000  18.3/s  upd=7408  L=0.0317  D=3.930
[dcg] 5:18:39  349,094/1,000,000  18.3/s  upd=7416  L=0.0417  D=3.930
[dcg] 5:18:54  349,463/1,000,000  18.3/s  upd=7424  L=0.0415  D=3.930
[dcg] 5:19:14  349,842/1,000,000  18.3/s  upd=7432  L=0.0406  D=3.930
[dcg] 5:19:25  349,842/1,000,000  18.3/s  upd=7432  L=0.0406  D=3.930
[dcg] 5:19:45  350,162/1,000,000  18.3/s  upd=7440  L=0.0403  D=3.930
[dcg] 5:20:04  350,531/1,000,000  18.3/s  upd=7448  L=0.0416  D=3.930
[dcg] 5:20:24  350,899/1,000,000  18.3/s  upd=7456  L=0.0417  D=3.930
[dcg] 5:20:47  351,294/1,000,000  18.3/s  upd=7464  L=0.0401  D=3.930
[dcg] 5:21:07  351,637/1,000,000  18.2/s  upd=7472  L=0.0341  D=3.930
[dcg] 5:21:26  351,958/1,000,000  18.2/s  upd=7480  L=0.0378  D=3.930
[dcg] 5:21:48  352,311/1,000,000  18.2/s  upd=7488  L=0.0415  D=3.930
[dcg] 5:22:07  352,769/1,000,000  18.3/s  upd=7496  L=0.0328  D=3.930
[dcg] 5:22:27  353,203/1,000,000  18.3/s  upd=7504  L=0.0429  D=3.930
[dcg] 5:22:47  353,545/1,000,000  18.3/s  upd=7512  L=0.0338  D=3.930
[dcg] 5:23:08  353,912/1,000,000  18.3/s  upd=7520  L=0.0465  D=3.930
[dcg] 5:23:27  354,264/1,000,000  18.3/s  upd=7528  L=0.0473  D=3.930
[dcg] 5:23:46  354,638/1,000,000  18.3/s  upd=7536  L=0.0395  D=3.930
[dcg] 5:24:05  355,019/1,000,000  18.3/s  upd=7544  L=0.0355  D=3.930
[dcg] 5:24:22  355,372/1,000,000  18.3/s  upd=7552  L=0.0431  D=3.930
[dcg] 5:24:40  355,731/1,000,000  18.3/s  upd=7560  L=0.0310  D=3.930
[dcg] 5:25:02  356,058/1,000,000  18.3/s  upd=7568  L=0.0390  D=3.930
[dcg] 5:25:23  356,391/1,000,000  18.3/s  upd=7576  L=0.0448  D=3.930
[dcg] 5:25:43  356,860/1,000,000  18.3/s  upd=7584  L=0.0346  D=3.930
[dcg] 5:26:06  357,240/1,000,000  18.3/s  upd=7592  L=0.0570  D=3.930
[dcg] 5:26:25  357,594/1,000,000  18.3/s  upd=7600  L=0.0383  D=3.930
[dcg] 5:26:44  358,028/1,000,000  18.3/s  upd=7608  L=0.0328  D=3.930
[dcg] 5:27:04  358,374/1,000,000  18.3/s  upd=7616  L=0.0432  D=3.930
[dcg] 5:27:25  358,777/1,000,000  18.3/s  upd=7624  L=0.0346  D=3.930
[dcg] 5:27:45  359,122/1,000,000  18.3/s  upd=7632  L=0.0373  D=3.930
[dcg] 5:28:06  359,568/1,000,000  18.3/s  upd=7640  L=0.0328  D=3.930
[dcg] 5:28:26  359,899/1,000,000  18.3/s  upd=7648  L=0.0414  D=3.930
[dcg] 5:28:52  360,273/1,000,000  18.3/s  upd=7656  L=0.0265  ev=0/100  D=3.930
[dcg] 5:29:02  360,273/1,000,000  18.2/s  upd=7656  L=0.0265  ev=32/100  D=3.930
[dcg] 5:29:12  360,273/1,000,000  18.2/s  upd=7656  L=0.0265  ev=62/100  D=3.930
[dcg] 5:29:28  360,273/1,000,000  18.2/s  upd=7656  L=0.0265  D=3.628
[dcg] 5:29:43  360,586/1,000,000  18.2/s  upd=7664  L=0.0371  D=3.628
[dcg] 5:30:02  360,973/1,000,000  18.2/s  upd=7672  L=0.0502  D=3.628
[dcg] 5:30:24  361,323/1,000,000  18.2/s  upd=7680  L=0.0351  D=3.628
[dcg] 5:30:45  361,751/1,000,000  18.2/s  upd=7688  L=0.0348  D=3.628
[dcg] 5:31:02  362,077/1,000,000  18.2/s  upd=7696  L=0.0592  D=3.628
[dcg] 5:31:22  362,529/1,000,000  18.2/s  upd=7704  L=0.0346  D=3.628
[dcg] 5:31:40  362,872/1,000,000  18.2/s  upd=7712  L=0.0390  D=3.628
[dcg] 5:32:00  363,314/1,000,000  18.2/s  upd=7720  L=0.0369  D=3.628
[dcg] 5:32:19  363,683/1,000,000  18.2/s  upd=7728  L=0.0583  D=3.628
[dcg] 5:32:39  364,052/1,000,000  18.2/s  upd=7736  L=0.0427  D=3.628
[dcg] 5:32:58  364,460/1,000,000  18.2/s  upd=7744  L=0.0568  D=3.628
[dcg] 5:33:17  364,828/1,000,000  18.2/s  upd=7752  L=0.0407  D=3.628
[dcg] 5:33:36  365,227/1,000,000  18.2/s  upd=7760  L=0.0510  D=3.628
[dcg] 5:33:55  365,551/1,000,000  18.2/s  upd=7768  L=0.0297  D=3.628
[dcg] 5:34:17  365,918/1,000,000  18.2/s  upd=7776  L=0.0467  D=3.628
[dcg] 5:34:34  366,253/1,000,000  18.2/s  upd=7784  L=0.0343  D=3.628
[dcg] 5:34:54  366,617/1,000,000  18.2/s  upd=7792  L=0.0446  D=3.628
[dcg] 5:35:12  366,936/1,000,000  18.2/s  upd=7800  L=0.0371  D=3.628
[dcg] 5:35:36  367,285/1,000,000  18.2/s  upd=7808  L=0.0339  D=3.628
[dcg] 5:35:53  367,610/1,000,000  18.2/s  upd=7816  L=0.0437  D=3.628
[dcg] 5:36:12  367,962/1,000,000  18.2/s  upd=7824  L=0.0537  D=3.628
[dcg] 5:36:31  368,284/1,000,000  18.2/s  upd=7832  L=0.0343  D=3.628
[dcg] 5:36:51  368,626/1,000,000  18.2/s  upd=7840  L=0.0388  D=3.628
[dcg] 5:37:10  368,980/1,000,000  18.2/s  upd=7848  L=0.0366  D=3.628
[dcg] 5:37:30  369,383/1,000,000  18.2/s  upd=7856  L=0.0529  D=3.628
[dcg] 5:37:50  369,760/1,000,000  18.2/s  upd=7864  L=0.0483  D=3.628
[dcg] 5:38:09  370,081/1,000,000  18.2/s  upd=7872  L=0.0476  D=3.628
[dcg] 5:38:28  370,460/1,000,000  18.2/s  upd=7880  L=0.0350  D=3.628
[dcg] 5:38:49  370,839/1,000,000  18.2/s  upd=7888  L=0.0400  D=3.628
[dcg] 5:39:09  371,267/1,000,000  18.2/s  upd=7896  L=0.0345  D=3.628
[dcg] 5:39:32  371,666/1,000,000  18.2/s  upd=7904  L=0.0456  D=3.628
[dcg] 5:39:51  371,976/1,000,000  18.2/s  upd=7912  L=0.0537  D=3.628
[dcg] 5:40:09  372,311/1,000,000  18.2/s  upd=7920  L=0.0327  D=3.628
[dcg] 5:40:28  372,677/1,000,000  18.2/s  upd=7928  L=0.0433  D=3.628
[dcg] 5:40:48  373,032/1,000,000  18.2/s  upd=7936  L=0.0324  D=3.628
[dcg] 5:41:05  373,401/1,000,000  18.2/s  upd=7944  L=0.0366  D=3.628
[dcg] 5:41:23  373,771/1,000,000  18.2/s  upd=7952  L=0.0286  D=3.628
[dcg] 5:41:40  374,240/1,000,000  18.3/s  upd=7960  L=0.0411  D=3.628
[dcg] 5:41:57  374,634/1,000,000  18.3/s  upd=7968  L=0.0426  D=3.628
[dcg] 5:42:12  374,948/1,000,000  18.3/s  upd=7976  L=0.0546  D=3.628
[dcg] 5:42:31  375,306/1,000,000  18.3/s  upd=7984  L=0.0380  D=3.628
[dcg] 5:42:51  375,735/1,000,000  18.3/s  upd=7992  L=0.0469  D=3.628
[dcg] 5:43:09  376,060/1,000,000  18.3/s  upd=8000  L=0.0348  D=3.628
[dcg] 5:43:28  376,454/1,000,000  18.3/s  upd=8008  L=0.0479  D=3.628
[dcg] 5:43:47  376,813/1,000,000  18.3/s  upd=8016  L=0.0376  D=3.628
[dcg] 5:44:04  377,135/1,000,000  18.3/s  upd=8024  L=0.0334  D=3.628
[dcg] 5:44:24  377,515/1,000,000  18.3/s  upd=8032  L=0.0425  D=3.628
[dcg] 5:44:46  377,861/1,000,000  18.3/s  upd=8040  L=0.0371  D=3.628
[dcg] 5:45:05  378,217/1,000,000  18.3/s  upd=8048  L=0.0437  D=3.628
[dcg] 5:45:26  378,601/1,000,000  18.3/s  upd=8056  L=0.0344  D=3.628
[dcg] 5:45:43  378,943/1,000,000  18.3/s  upd=8064  L=0.0298  D=3.628
[dcg] 5:46:06  379,324/1,000,000  18.3/s  upd=8072  L=0.0444  D=3.628
[dcg] 5:46:24  379,689/1,000,000  18.3/s  upd=8080  L=0.0295  D=3.628
[dcg] 5:46:47  380,035/1,000,000  18.3/s  upd=8088  L=0.0379  ev=0/100  D=3.628
[dcg] 5:46:57  380,035/1,000,000  18.3/s  upd=8088  L=0.0379  ev=31/100  D=3.628
[dcg] 5:47:07  380,035/1,000,000  18.2/s  upd=8088  L=0.0379  ev=63/100  D=3.628
[dcg] 5:47:17  380,035/1,000,000  18.2/s  upd=8088  L=0.0379  ev=89/100  D=3.628
[dcg] 5:47:27  380,035/1,000,000  18.2/s  upd=8088  L=0.0379  D=3.654
[dcg] 5:47:46  380,489/1,000,000  18.2/s  upd=8096  L=0.0400  D=3.654
[dcg] 5:48:03  380,861/1,000,000  18.2/s  upd=8104  L=0.0361  D=3.654
[dcg] 5:48:23  381,198/1,000,000  18.2/s  upd=8112  L=0.0311  D=3.654
[dcg] 5:48:41  381,534/1,000,000  18.2/s  upd=8120  L=0.0373  D=3.654
[dcg] 5:49:01  381,927/1,000,000  18.2/s  upd=8128  L=0.0454  D=3.654
[dcg] 5:49:20  382,283/1,000,000  18.2/s  upd=8136  L=0.0342  D=3.654
[dcg] 5:49:41  382,715/1,000,000  18.2/s  upd=8144  L=0.0515  D=3.654
[dcg] 5:50:02  383,087/1,000,000  18.2/s  upd=8152  L=0.0341  D=3.654
[dcg] 5:50:21  383,466/1,000,000  18.2/s  upd=8160  L=0.0381  D=3.654
[dcg] 5:50:41  383,904/1,000,000  18.2/s  upd=8168  L=0.0534  D=3.654
[dcg] 5:50:57  384,238/1,000,000  18.2/s  upd=8176  L=0.0288  D=3.654
[dcg] 5:51:08  384,238/1,000,000  18.2/s  upd=8176  L=0.0288  D=3.654
[dcg] 5:51:28  384,678/1,000,000  18.2/s  upd=8184  L=0.0384  D=3.654
[dcg] 5:51:45  385,022/1,000,000  18.2/s  upd=8192  L=0.0491  D=3.654
[dcg] 5:52:05  385,386/1,000,000  18.2/s  upd=8200  L=0.0472  D=3.654
[dcg] 5:52:24  385,795/1,000,000  18.2/s  upd=8208  L=0.0281  D=3.654
[dcg] 5:52:40  386,147/1,000,000  18.2/s  upd=8216  L=0.0377  D=3.654
[dcg] 5:53:00  386,539/1,000,000  18.2/s  upd=8224  L=0.0426  D=3.654
[dcg] 5:53:20  386,932/1,000,000  18.3/s  upd=8232  L=0.0253  D=3.654
[dcg] 5:53:41  387,373/1,000,000  18.3/s  upd=8240  L=0.0481  D=3.654
[dcg] 5:53:58  387,685/1,000,000  18.3/s  upd=8248  L=0.0385  D=3.654
[dcg] 5:54:19  388,094/1,000,000  18.3/s  upd=8256  L=0.0313  D=3.654
[dcg] 5:54:39  388,422/1,000,000  18.3/s  upd=8264  L=0.0347  D=3.654
[dcg] 5:54:57  388,763/1,000,000  18.3/s  upd=8272  L=0.0355  D=3.654
[dcg] 5:55:17  389,179/1,000,000  18.3/s  upd=8280  L=0.0360  D=3.654
[dcg] 5:55:37  389,551/1,000,000  18.3/s  upd=8288  L=0.0355  D=3.654
[dcg] 5:55:55  389,895/1,000,000  18.3/s  upd=8296  L=0.0440  D=3.654
[dcg] 5:56:12  390,245/1,000,000  18.3/s  upd=8304  L=0.0518  D=3.654
[dcg] 5:56:38  390,587/1,000,000  18.3/s  upd=8312  L=0.0256  D=3.654
[dcg] 5:56:57  390,963/1,000,000  18.3/s  upd=8320  L=0.0364  D=3.654
[dcg] 5:57:19  391,297/1,000,000  18.3/s  upd=8328  L=0.0474  D=3.654
[dcg] 5:57:40  391,647/1,000,000  18.2/s  upd=8336  L=0.0300  D=3.654
[dcg] 5:57:58  392,017/1,000,000  18.3/s  upd=8344  L=0.0338  D=3.654
[dcg] 5:58:18  392,348/1,000,000  18.3/s  upd=8352  L=0.0369  D=3.654
[dcg] 5:58:38  392,683/1,000,000  18.2/s  upd=8360  L=0.0371  D=3.654
[dcg] 5:58:56  393,041/1,000,000  18.3/s  upd=8368  L=0.0386  D=3.654
[dcg] 5:59:14  393,415/1,000,000  18.3/s  upd=8376  L=0.0445  D=3.654
[dcg] 5:59:32  393,812/1,000,000  18.3/s  upd=8384  L=0.0273  D=3.654
[dcg] 5:59:50  394,252/1,000,000  18.3/s  upd=8392  L=0.0500  D=3.654
[dcg] 6:00:12  394,637/1,000,000  18.3/s  upd=8400  L=0.0401  D=3.654
[dcg] 6:00:32  394,993/1,000,000  18.3/s  upd=8408  L=0.0371  D=3.654
[dcg] 6:00:52  395,405/1,000,000  18.3/s  upd=8416  L=0.0366  D=3.654
[dcg] 6:01:10  395,797/1,000,000  18.3/s  upd=8424  L=0.0471  D=3.654
[dcg] 6:01:25  396,144/1,000,000  18.3/s  upd=8432  L=0.0433  D=3.654
[dcg] 6:01:35  396,144/1,000,000  18.3/s  upd=8432  L=0.0433  D=3.654
[dcg] 6:01:54  396,492/1,000,000  18.3/s  upd=8440  L=0.0720  D=3.654
[dcg] 6:02:13  396,878/1,000,000  18.3/s  upd=8448  L=0.0405  D=3.654
[dcg] 6:02:36  397,268/1,000,000  18.3/s  upd=8456  L=0.0313  D=3.654
[dcg] 6:02:54  397,630/1,000,000  18.3/s  upd=8464  L=0.0342  D=3.654
[dcg] 6:03:11  398,003/1,000,000  18.3/s  upd=8472  L=0.0393  D=3.654
[dcg] 6:03:27  398,329/1,000,000  18.3/s  upd=8480  L=0.0501  D=3.654
[dcg] 6:03:44  398,707/1,000,000  18.3/s  upd=8488  L=0.0377  D=3.654
[dcg] 6:04:04  399,105/1,000,000  18.3/s  upd=8496  L=0.0481  D=3.654
[dcg] 6:04:25  399,468/1,000,000  18.3/s  upd=8504  L=0.0396  D=3.654
[dcg] 6:04:45  399,881/1,000,000  18.3/s  upd=8512  L=0.0387  D=3.654
[dcg] 6:05:10  400,291/1,000,000  18.3/s  upd=8520  L=0.0353  ev=0/100  D=3.654
[dcg] 6:05:20  400,291/1,000,000  18.3/s  upd=8520  L=0.0353  ev=36/100  D=3.654
[dcg] 6:05:30  400,291/1,000,000  18.3/s  upd=8520  L=0.0353  ev=64/100  D=3.654
[dcg] 6:05:40  400,291/1,000,000  18.2/s  upd=8520  L=0.0353  ev=97/100  D=3.654
[dcg] 6:06:07  400,612/1,000,000  18.2/s  upd=8528  L=0.0426  D=3.829
[dcg] 6:06:26  401,090/1,000,000  18.2/s  upd=8536  L=0.0287  D=3.829
[dcg] 6:06:41  401,520/1,000,000  18.2/s  upd=8544  L=0.0369  D=3.829
[dcg] 6:07:07  401,923/1,000,000  18.2/s  upd=8552  L=0.0310  D=3.829
[dcg] 6:07:29  402,387/1,000,000  18.2/s  upd=8560  L=0.0474  D=3.829
[dcg] 6:07:49  402,834/1,000,000  18.3/s  upd=8568  L=0.0313  D=3.829
[dcg] 6:08:08  403,167/1,000,000  18.3/s  upd=8576  L=0.0334  D=3.829
[dcg] 6:08:25  403,498/1,000,000  18.3/s  upd=8584  L=0.0401  D=3.829
[dcg] 6:08:43  403,857/1,000,000  18.3/s  upd=8592  L=0.0498  D=3.829
[dcg] 6:09:01  404,212/1,000,000  18.3/s  upd=8600  L=0.0422  D=3.829
[dcg] 6:09:20  404,516/1,000,000  18.3/s  upd=8608  L=0.0420  D=3.829
[dcg] 6:09:38  404,871/1,000,000  18.3/s  upd=8616  L=0.0296  D=3.829
[dcg] 6:09:59  405,288/1,000,000  18.3/s  upd=8624  L=0.0387  D=3.829
[dcg] 6:10:18  405,617/1,000,000  18.3/s  upd=8632  L=0.0362  D=3.829
[dcg] 6:10:40  405,962/1,000,000  18.3/s  upd=8640  L=0.0324  D=3.829
[dcg] 6:10:59  406,357/1,000,000  18.3/s  upd=8648  L=0.0308  D=3.829
[dcg] 6:11:20  406,771/1,000,000  18.3/s  upd=8656  L=0.0332  D=3.829
[dcg] 6:11:38  407,109/1,000,000  18.3/s  upd=8664  L=0.0392  D=3.829
[dcg] 6:11:53  407,452/1,000,000  18.3/s  upd=8672  L=0.0444  D=3.829
[dcg] 6:12:19  407,895/1,000,000  18.3/s  upd=8680  L=0.0324  D=3.829
[dcg] 6:12:39  408,261/1,000,000  18.3/s  upd=8688  L=0.0485  D=3.829
[dcg] 6:12:58  408,620/1,000,000  18.3/s  upd=8696  L=0.0428  D=3.829
[dcg] 6:13:17  408,997/1,000,000  18.3/s  upd=8704  L=0.0404  D=3.829
[dcg] 6:13:36  409,361/1,000,000  18.3/s  upd=8712  L=0.0392  D=3.829
[dcg] 6:13:54  409,730/1,000,000  18.3/s  upd=8720  L=0.0357  D=3.829
[dcg] 6:14:13  410,122/1,000,000  18.3/s  upd=8728  L=0.0283  D=3.829
[dcg] 6:14:30  410,478/1,000,000  18.3/s  upd=8736  L=0.0348  D=3.829
[dcg] 6:14:45  410,834/1,000,000  18.3/s  upd=8744  L=0.0363  D=3.829
[dcg] 6:15:04  411,196/1,000,000  18.3/s  upd=8752  L=0.0383  D=3.829
[dcg] 6:15:24  411,534/1,000,000  18.3/s  upd=8760  L=0.0357  D=3.829
[dcg] 6:15:43  411,874/1,000,000  18.3/s  upd=8768  L=0.0343  D=3.829
[dcg] 6:16:00  412,323/1,000,000  18.3/s  upd=8776  L=0.0594  D=3.829
[dcg] 6:16:17  412,728/1,000,000  18.3/s  upd=8784  L=0.0462  D=3.829
[dcg] 6:16:36  413,113/1,000,000  18.3/s  upd=8792  L=0.0401  D=3.829
[dcg] 6:16:55  413,441/1,000,000  18.3/s  upd=8800  L=0.0415  D=3.829
[dcg] 6:17:10  413,791/1,000,000  18.3/s  upd=8808  L=0.0392  D=3.829
[dcg] 6:17:36  414,137/1,000,000  18.3/s  upd=8816  L=0.0381  D=3.829
[dcg] 6:17:57  414,526/1,000,000  18.3/s  upd=8824  L=0.0489  D=3.829
[dcg] 6:18:16  414,862/1,000,000  18.3/s  upd=8832  L=0.0459  D=3.829
[dcg] 6:18:35  415,218/1,000,000  18.3/s  upd=8840  L=0.0548  D=3.829
[dcg] 6:18:55  415,606/1,000,000  18.3/s  upd=8848  L=0.0496  D=3.829
[dcg] 6:19:15  416,039/1,000,000  18.3/s  upd=8856  L=0.0444  D=3.829
[dcg] 6:19:33  416,407/1,000,000  18.3/s  upd=8864  L=0.0543  D=3.829
[dcg] 6:19:52  416,776/1,000,000  18.3/s  upd=8872  L=0.0350  D=3.829
[dcg] 6:20:12  417,130/1,000,000  18.3/s  upd=8880  L=0.0357  D=3.829
[dcg] 6:20:31  417,480/1,000,000  18.3/s  upd=8888  L=0.0390  D=3.829
[dcg] 6:20:51  417,842/1,000,000  18.3/s  upd=8896  L=0.0446  D=3.829
[dcg] 6:21:12  418,229/1,000,000  18.3/s  upd=8904  L=0.0419  D=3.829
[dcg] 6:21:31  418,567/1,000,000  18.3/s  upd=8912  L=0.0245  D=3.829
[dcg] 6:21:51  418,987/1,000,000  18.3/s  upd=8920  L=0.0333  D=3.829
[dcg] 6:22:09  419,315/1,000,000  18.3/s  upd=8928  L=0.0462  D=3.829
[dcg] 6:22:24  419,719/1,000,000  18.3/s  upd=8936  L=0.0421  D=3.829
[dcg] 6:22:35  419,719/1,000,000  18.3/s  upd=8936  L=0.0421  D=3.829
[dcg] 6:23:01  420,134/1,000,000  18.3/s  upd=8944  L=0.0397  ev=0/100  D=3.829
[dcg] 6:23:11  420,134/1,000,000  18.3/s  upd=8944  L=0.0397  ev=30/100  D=3.829
[dcg] 6:23:21  420,134/1,000,000  18.3/s  upd=8944  L=0.0397  ev=57/100  D=3.829
[dcg] 6:23:31  420,134/1,000,000  18.3/s  upd=8944  L=0.0397  ev=93/100  D=3.829
[dcg] 6:23:41  420,134/1,000,000  18.2/s  upd=8944  L=0.0397  D=3.907
[dcg] 6:23:58  420,485/1,000,000  18.3/s  upd=8952  L=0.0390  D=3.907
[dcg] 6:24:19  420,872/1,000,000  18.3/s  upd=8960  L=0.0328  D=3.907
[dcg] 6:24:37  421,186/1,000,000  18.3/s  upd=8968  L=0.0251  D=3.907
[dcg] 6:24:57  421,548/1,000,000  18.3/s  upd=8976  L=0.0432  D=3.907
[dcg] 6:25:15  421,932/1,000,000  18.3/s  upd=8984  L=0.0598  D=3.907
[dcg] 6:25:34  422,282/1,000,000  18.3/s  upd=8992  L=0.0381  D=3.907
[dcg] 6:25:49  422,648/1,000,000  18.3/s  upd=9000  L=0.0389  D=3.907
[dcg] 6:26:10  423,106/1,000,000  18.3/s  upd=9008  L=0.0372  D=3.907
[dcg] 6:26:32  423,487/1,000,000  18.3/s  upd=9016  L=0.0344  D=3.907
[dcg] 6:26:52  423,852/1,000,000  18.3/s  upd=9024  L=0.0525  D=3.907
[dcg] 6:27:11  424,203/1,000,000  18.3/s  upd=9032  L=0.0402  D=3.907
[dcg] 6:27:29  424,530/1,000,000  18.3/s  upd=9040  L=0.0382  D=3.907
[dcg] 6:27:46  424,852/1,000,000  18.3/s  upd=9048  L=0.0320  D=3.907
[dcg] 6:28:09  425,180/1,000,000  18.3/s  upd=9056  L=0.0352  D=3.907
[dcg] 6:28:30  425,530/1,000,000  18.3/s  upd=9064  L=0.0399  D=3.907
[dcg] 6:28:48  425,881/1,000,000  18.3/s  upd=9072  L=0.0304  D=3.907
[dcg] 6:29:08  426,199/1,000,000  18.3/s  upd=9080  L=0.0422  D=3.907
[dcg] 6:29:28  426,562/1,000,000  18.3/s  upd=9088  L=0.0394  D=3.907
[dcg] 6:29:48  426,916/1,000,000  18.3/s  upd=9096  L=0.0417  D=3.907
[dcg] 6:30:09  427,301/1,000,000  18.3/s  upd=9104  L=0.0317  D=3.907
[dcg] 6:30:28  427,693/1,000,000  18.3/s  upd=9112  L=0.0530  D=3.907
[dcg] 6:30:47  427,999/1,000,000  18.3/s  upd=9120  L=0.0443  D=3.907
[dcg] 6:31:06  428,367/1,000,000  18.3/s  upd=9128  L=0.0409  D=3.907
[dcg] 6:31:27  428,745/1,000,000  18.3/s  upd=9136  L=0.0411  D=3.907
[dcg] 6:31:45  429,100/1,000,000  18.3/s  upd=9144  L=0.0428  D=3.907
[dcg] 6:32:07  429,463/1,000,000  18.3/s  upd=9152  L=0.0466  D=3.907
[dcg] 6:32:27  429,827/1,000,000  18.3/s  upd=9160  L=0.0423  D=3.907
[dcg] 6:32:43  430,228/1,000,000  18.3/s  upd=9168  L=0.0403  D=3.907
[dcg] 6:33:03  430,621/1,000,000  18.3/s  upd=9176  L=0.0546  D=3.907
[dcg] 6:33:26  430,991/1,000,000  18.3/s  upd=9184  L=0.0438  D=3.907
[dcg] 6:33:44  431,417/1,000,000  18.3/s  upd=9192  L=0.0357  D=3.907
[dcg] 6:34:02  431,766/1,000,000  18.3/s  upd=9200  L=0.0380  D=3.907
[dcg] 6:34:21  432,074/1,000,000  18.3/s  upd=9208  L=0.0401  D=3.907
[dcg] 6:34:40  432,489/1,000,000  18.3/s  upd=9216  L=0.0608  D=3.907
[dcg] 6:35:01  432,889/1,000,000  18.3/s  upd=9224  L=0.0375  D=3.907
[dcg] 6:35:19  433,236/1,000,000  18.3/s  upd=9232  L=0.0387  D=3.907
[dcg] 6:35:37  433,634/1,000,000  18.3/s  upd=9240  L=0.0420  D=3.907
[dcg] 6:35:58  434,033/1,000,000  18.3/s  upd=9248  L=0.0416  D=3.907
[dcg] 6:36:17  434,383/1,000,000  18.3/s  upd=9256  L=0.0488  D=3.907
[dcg] 6:36:35  434,760/1,000,000  18.3/s  upd=9264  L=0.0398  D=3.907
[dcg] 6:36:54  435,112/1,000,000  18.3/s  upd=9272  L=0.0294  D=3.907
[dcg] 6:37:11  435,470/1,000,000  18.3/s  upd=9280  L=0.0442  D=3.907
[dcg] 6:37:30  435,856/1,000,000  18.3/s  upd=9288  L=0.0352  D=3.907
[dcg] 6:37:49  436,159/1,000,000  18.3/s  upd=9296  L=0.0435  D=3.907
[dcg] 6:38:06  436,507/1,000,000  18.3/s  upd=9304  L=0.0373  D=3.907
[dcg] 6:38:24  436,864/1,000,000  18.3/s  upd=9312  L=0.0348  D=3.907
[dcg] 6:38:47  437,214/1,000,000  18.3/s  upd=9320  L=0.0286  D=3.907
[dcg] 6:39:10  437,636/1,000,000  18.3/s  upd=9328  L=0.0392  D=3.907
[dcg] 6:39:30  438,046/1,000,000  18.3/s  upd=9336  L=0.0346  D=3.907
[dcg] 6:39:51  438,465/1,000,000  18.3/s  upd=9344  L=0.0493  D=3.907
[dcg] 6:40:10  438,793/1,000,000  18.3/s  upd=9352  L=0.0383  D=3.907
[dcg] 6:40:29  439,167/1,000,000  18.3/s  upd=9360  L=0.0414  D=3.907
[dcg] 6:40:49  439,586/1,000,000  18.3/s  upd=9368  L=0.0531  D=3.907
[dcg] 6:41:08  439,946/1,000,000  18.3/s  upd=9376  L=0.0418  D=3.907
[dcg] 6:41:33  440,324/1,000,000  18.3/s  upd=9384  L=0.0420  ev=0/100  D=3.907
[dcg] 6:41:43  440,324/1,000,000  18.3/s  upd=9384  L=0.0420  ev=33/100  D=3.907
[dcg] 6:41:53  440,324/1,000,000  18.3/s  upd=9384  L=0.0420  ev=71/100  D=3.907
[dcg] 6:42:03  440,324/1,000,000  18.3/s  upd=9384  L=0.0420  ev=99/100  D=3.907
[dcg] 6:42:29  440,637/1,000,000  18.2/s  upd=9392  L=0.0634  D=3.823
[dcg] 6:42:50  441,035/1,000,000  18.2/s  upd=9400  L=0.0370  D=3.823
[dcg] 6:43:06  441,390/1,000,000  18.2/s  upd=9408  L=0.0328  D=3.823
[dcg] 6:43:26  441,825/1,000,000  18.3/s  upd=9416  L=0.0496  D=3.823
[dcg] 6:43:45  442,156/1,000,000  18.3/s  upd=9424  L=0.0341  D=3.823
[dcg] 6:43:56  442,156/1,000,000  18.2/s  upd=9424  L=0.0341  D=3.823
[dcg] 6:44:17  442,593/1,000,000  18.2/s  upd=9432  L=0.0272  D=3.823
[dcg] 6:44:36  442,913/1,000,000  18.2/s  upd=9440  L=0.0389  D=3.823
[dcg] 6:44:57  443,327/1,000,000  18.2/s  upd=9448  L=0.0432  D=3.823
[dcg] 6:45:16  443,654/1,000,000  18.2/s  upd=9456  L=0.0403  D=3.823
[dcg] 6:45:35  444,015/1,000,000  18.2/s  upd=9464  L=0.0345  D=3.823
[dcg] 6:45:54  444,388/1,000,000  18.2/s  upd=9472  L=0.0307  D=3.823
[dcg] 6:46:13  444,738/1,000,000  18.2/s  upd=9480  L=0.0390  D=3.823
[dcg] 6:46:32  445,095/1,000,000  18.2/s  upd=9488  L=0.0378  D=3.823
[dcg] 6:46:54  445,467/1,000,000  18.2/s  upd=9496  L=0.0392  D=3.823
[dcg] 6:47:14  445,824/1,000,000  18.2/s  upd=9504  L=0.0381  D=3.823
[dcg] 6:47:30  446,161/1,000,000  18.2/s  upd=9512  L=0.0455  D=3.823
[dcg] 6:47:46  446,522/1,000,000  18.3/s  upd=9520  L=0.0392  D=3.823
[dcg] 6:48:06  446,937/1,000,000  18.3/s  upd=9528  L=0.0416  D=3.823
[dcg] 6:48:24  447,302/1,000,000  18.3/s  upd=9536  L=0.0362  D=3.823
[dcg] 6:48:41  447,710/1,000,000  18.3/s  upd=9544  L=0.0399  D=3.823
[dcg] 6:49:00  448,061/1,000,000  18.3/s  upd=9552  L=0.0450  D=3.823
[dcg] 6:49:25  448,427/1,000,000  18.3/s  upd=9560  L=0.0351  D=3.823
[dcg] 6:49:45  448,798/1,000,000  18.3/s  upd=9568  L=0.0339  D=3.823
[dcg] 6:50:01  449,224/1,000,000  18.3/s  upd=9576  L=0.0415  D=3.823
[dcg] 6:50:17  449,572/1,000,000  18.3/s  upd=9584  L=0.0472  D=3.823
[dcg] 6:50:31  449,917/1,000,000  18.3/s  upd=9592  L=0.0478  D=3.823
[dcg] 6:50:51  450,301/1,000,000  18.3/s  upd=9600  L=0.0403  D=3.823
[dcg] 6:51:11  450,653/1,000,000  18.3/s  upd=9608  L=0.0493  D=3.823
[dcg] 6:51:32  451,064/1,000,000  18.3/s  upd=9616  L=0.0448  D=3.823
[dcg] 6:51:51  451,468/1,000,000  18.3/s  upd=9624  L=0.0446  D=3.823
[dcg] 6:52:13  451,804/1,000,000  18.3/s  upd=9632  L=0.0360  D=3.823
[dcg] 6:52:31  452,125/1,000,000  18.3/s  upd=9640  L=0.0527  D=3.823
[dcg] 6:52:51  452,570/1,000,000  18.3/s  upd=9648  L=0.0475  D=3.823
[dcg] 6:53:08  452,920/1,000,000  18.3/s  upd=9656  L=0.0562  D=3.823
[dcg] 6:53:27  453,314/1,000,000  18.3/s  upd=9664  L=0.0515  D=3.823
[dcg] 6:53:43  453,774/1,000,000  18.3/s  upd=9672  L=0.0436  D=3.823
[dcg] 6:54:02  454,104/1,000,000  18.3/s  upd=9680  L=0.0380  D=3.823
[dcg] 6:54:22  454,444/1,000,000  18.3/s  upd=9688  L=0.0544  D=3.823
[dcg] 6:54:34  454,444/1,000,000  18.3/s  upd=9688  L=0.0544  D=3.823
[dcg] 6:54:52  454,771/1,000,000  18.3/s  upd=9696  L=0.0301  D=3.823
[dcg] 6:55:11  455,149/1,000,000  18.3/s  upd=9704  L=0.0296  D=3.823
[dcg] 6:55:32  455,566/1,000,000  18.3/s  upd=9712  L=0.0411  D=3.823
[dcg] 6:55:52  455,975/1,000,000  18.3/s  upd=9720  L=0.0351  D=3.823
[dcg] 6:56:11  456,310/1,000,000  18.3/s  upd=9728  L=0.0422  D=3.823
[dcg] 6:56:31  456,686/1,000,000  18.3/s  upd=9736  L=0.0664  D=3.823
[dcg] 6:56:48  457,029/1,000,000  18.3/s  upd=9744  L=0.0538  D=3.823
[dcg] 6:57:07  457,428/1,000,000  18.3/s  upd=9752  L=0.0377  D=3.823
[dcg] 6:57:30  457,850/1,000,000  18.3/s  upd=9760  L=0.0363  D=3.823
[dcg] 6:57:48  458,192/1,000,000  18.3/s  upd=9768  L=0.0349  D=3.823
[dcg] 6:58:09  458,546/1,000,000  18.3/s  upd=9776  L=0.0369  D=3.823
[dcg] 6:58:25  458,873/1,000,000  18.3/s  upd=9784  L=0.0472  D=3.823
[dcg] 6:58:43  459,280/1,000,000  18.3/s  upd=9792  L=0.0399  D=3.823
[dcg] 6:58:57  459,646/1,000,000  18.3/s  upd=9800  L=0.0344  D=3.823
[dcg] 6:59:22  460,043/1,000,000  18.3/s  upd=9808  L=0.0449  ev=0/100  D=3.823
[dcg] 6:59:32  460,043/1,000,000  18.3/s  upd=9808  L=0.0449  ev=31/100  D=3.823
[dcg] 6:59:42  460,043/1,000,000  18.3/s  upd=9808  L=0.0449  ev=72/100  D=3.823
[dcg] 6:59:58  460,043/1,000,000  18.3/s  upd=9808  L=0.0449  D=3.644
[dcg] 7:00:25  460,420/1,000,000  18.3/s  upd=9816  L=0.0399  D=3.644
[dcg] 7:00:45  460,792/1,000,000  18.3/s  upd=9824  L=0.0396  D=3.644
[dcg] 7:01:05  461,184/1,000,000  18.3/s  upd=9832  L=0.0540  D=3.644
[dcg] 7:01:23  461,531/1,000,000  18.3/s  upd=9840  L=0.0402  D=3.644
[dcg] 7:01:43  461,916/1,000,000  18.3/s  upd=9848  L=0.0433  D=3.644
[dcg] 7:02:03  462,308/1,000,000  18.3/s  upd=9856  L=0.0499  D=3.644
[dcg] 7:02:23  462,667/1,000,000  18.3/s  upd=9864  L=0.0459  D=3.644
[dcg] 7:02:43  463,043/1,000,000  18.3/s  upd=9872  L=0.0439  D=3.644
[dcg] 7:03:02  463,445/1,000,000  18.3/s  upd=9880  L=0.0422  D=3.644
[dcg] 7:03:19  463,816/1,000,000  18.3/s  upd=9888  L=0.0497  D=3.644
[dcg] 7:03:38  464,155/1,000,000  18.3/s  upd=9896  L=0.0352  D=3.644
[dcg] 7:03:56  464,471/1,000,000  18.3/s  upd=9904  L=0.0423  D=3.644
[dcg] 7:04:14  464,832/1,000,000  18.3/s  upd=9912  L=0.0496  D=3.644
[dcg] 7:04:33  465,163/1,000,000  18.3/s  upd=9920  L=0.0323  D=3.644
[dcg] 7:04:51  465,516/1,000,000  18.3/s  upd=9928  L=0.0464  D=3.644
[dcg] 7:05:13  465,860/1,000,000  18.3/s  upd=9936  L=0.0478  D=3.644
[dcg] 7:05:34  466,201/1,000,000  18.3/s  upd=9944  L=0.0364  D=3.644
[dcg] 7:05:53  466,564/1,000,000  18.3/s  upd=9952  L=0.0464  D=3.644
[dcg] 7:06:13  467,000/1,000,000  18.3/s  upd=9960  L=0.0504  D=3.644
[dcg] 7:06:31  467,379/1,000,000  18.3/s  upd=9968  L=0.0494  D=3.644
[dcg] 7:06:48  467,730/1,000,000  18.3/s  upd=9976  L=0.0599  D=3.644
[dcg] 7:07:06  468,074/1,000,000  18.3/s  upd=9984  L=0.0388  D=3.644
[dcg] 7:07:23  468,475/1,000,000  18.3/s  upd=9992  L=0.0327  D=3.644
[dcg] 7:07:43  468,900/1,000,000  18.3/s  upd=10000  L=0.0432  D=3.644
[dcg] 7:08:03  469,263/1,000,000  18.3/s  upd=10008  L=0.0388  D=3.644
[dcg] 7:08:23  469,644/1,000,000  18.3/s  upd=10016  L=0.0402  D=3.644
[dcg] 7:08:41  469,999/1,000,000  18.3/s  upd=10024  L=0.0503  D=3.644
[dcg] 7:09:00  470,314/1,000,000  18.3/s  upd=10032  L=0.0389  D=3.644
[dcg] 7:09:18  470,684/1,000,000  18.3/s  upd=10040  L=0.0512  D=3.644
[dcg] 7:09:34  471,114/1,000,000  18.3/s  upd=10048  L=0.0456  D=3.644
[dcg] 7:09:50  471,499/1,000,000  18.3/s  upd=10056  L=0.0378  D=3.644
[dcg] 7:10:08  471,945/1,000,000  18.3/s  upd=10064  L=0.0359  D=3.644
[dcg] 7:10:27  472,297/1,000,000  18.3/s  upd=10072  L=0.0477  D=3.644
[dcg] 7:10:53  472,643/1,000,000  18.3/s  upd=10080  L=0.0378  D=3.644
[dcg] 7:11:14  472,995/1,000,000  18.3/s  upd=10088  L=0.0567  D=3.644
[dcg] 7:11:34  473,358/1,000,000  18.3/s  upd=10096  L=0.0394  D=3.644
[dcg] 7:11:54  473,768/1,000,000  18.3/s  upd=10104  L=0.0433  D=3.644
[dcg] 7:12:13  474,135/1,000,000  18.3/s  upd=10112  L=0.0413  D=3.644
[dcg] 7:12:32  474,591/1,000,000  18.3/s  upd=10120  L=0.0480  D=3.644
[dcg] 7:12:52  474,975/1,000,000  18.3/s  upd=10128  L=0.0424  D=3.644
[dcg] 7:13:09  475,296/1,000,000  18.3/s  upd=10136  L=0.0555  D=3.644
[dcg] 7:13:30  475,734/1,000,000  18.3/s  upd=10144  L=0.0486  D=3.644
[dcg] 7:13:50  476,158/1,000,000  18.3/s  upd=10152  L=0.0404  D=3.644
[dcg] 7:14:10  476,514/1,000,000  18.3/s  upd=10160  L=0.0419  D=3.644
[dcg] 7:14:27  476,851/1,000,000  18.3/s  upd=10168  L=0.0366  D=3.644
[dcg] 7:14:44  477,181/1,000,000  18.3/s  upd=10176  L=0.0385  D=3.644
[dcg] 7:15:03  477,554/1,000,000  18.3/s  upd=10184  L=0.0448  D=3.644
[dcg] 7:15:20  477,945/1,000,000  18.3/s  upd=10192  L=0.0493  D=3.644
[dcg] 7:15:40  478,368/1,000,000  18.3/s  upd=10200  L=0.0489  D=3.644
[dcg] 7:16:05  478,717/1,000,000  18.3/s  upd=10208  L=0.0404  D=3.644
[dcg] 7:16:25  479,175/1,000,000  18.3/s  upd=10216  L=0.0529  D=3.644
[dcg] 7:16:45  479,527/1,000,000  18.3/s  upd=10224  L=0.0317  D=3.644
[dcg] 7:17:03  479,858/1,000,000  18.3/s  upd=10232  L=0.0323  D=3.644
[dcg] 7:17:29  480,187/1,000,000  18.3/s  upd=10240  L=0.0381  ev=0/100  D=3.644
[dcg] 7:17:39  480,187/1,000,000  18.3/s  upd=10240  L=0.0381  ev=31/100  D=3.644
[dcg] 7:17:49  480,187/1,000,000  18.3/s  upd=10240  L=0.0381  ev=56/100  D=3.644
[dcg] 7:17:59  480,187/1,000,000  18.3/s  upd=10240  L=0.0381  ev=88/100  D=3.644
[dcg] 7:18:10  480,187/1,000,000  18.3/s  upd=10240  L=0.0381  D=3.740
[dcg] 7:18:31  480,615/1,000,000  18.3/s  upd=10248  L=0.0284  D=3.740
[dcg] 7:18:49  480,958/1,000,000  18.3/s  upd=10256  L=0.0357  D=3.740
[dcg] 7:19:07  481,302/1,000,000  18.3/s  upd=10264  L=0.0531  D=3.740
[dcg] 7:19:27  481,676/1,000,000  18.3/s  upd=10272  L=0.0396  D=3.740
[dcg] 7:19:47  482,099/1,000,000  18.3/s  upd=10280  L=0.0456  D=3.740
[dcg] 7:20:08  482,455/1,000,000  18.3/s  upd=10288  L=0.0373  D=3.740
[dcg] 7:20:24  482,821/1,000,000  18.3/s  upd=10296  L=0.0319  D=3.740
[dcg] 7:20:41  483,171/1,000,000  18.3/s  upd=10304  L=0.0396  D=3.740
[dcg] 7:20:58  483,573/1,000,000  18.3/s  upd=10312  L=0.0367  D=3.740
[dcg] 7:21:25  483,966/1,000,000  18.3/s  upd=10320  L=0.0347  D=3.740
[dcg] 7:21:46  484,321/1,000,000  18.3/s  upd=10328  L=0.0397  D=3.740
[dcg] 7:22:05  484,692/1,000,000  18.3/s  upd=10336  L=0.0392  D=3.740
[dcg] 7:22:25  485,095/1,000,000  18.3/s  upd=10344  L=0.0431  D=3.740
[dcg] 7:22:45  485,511/1,000,000  18.3/s  upd=10352  L=0.0465  D=3.740
[dcg] 7:23:06  485,887/1,000,000  18.3/s  upd=10360  L=0.0528  D=3.740
[dcg] 7:23:24  486,226/1,000,000  18.3/s  upd=10368  L=0.0380  D=3.740
[dcg] 7:23:41  486,548/1,000,000  18.3/s  upd=10376  L=0.0413  D=3.740
[dcg] 7:23:59  486,938/1,000,000  18.3/s  upd=10384  L=0.0304  D=3.740
[dcg] 7:24:15  487,250/1,000,000  18.3/s  upd=10392  L=0.0321  D=3.740
[dcg] 7:24:32  487,616/1,000,000  18.3/s  upd=10400  L=0.0414  D=3.740
[dcg] 7:24:49  487,943/1,000,000  18.3/s  upd=10408  L=0.0420  D=3.740
[dcg] 7:25:09  488,343/1,000,000  18.3/s  upd=10416  L=0.0651  D=3.740
[dcg] 7:25:29  488,677/1,000,000  18.3/s  upd=10424  L=0.0299  D=3.740
[dcg] 7:25:47  489,101/1,000,000  18.3/s  upd=10432  L=0.0483  D=3.740
[dcg] 7:26:04  489,458/1,000,000  18.3/s  upd=10440  L=0.0386  D=3.740
[dcg] 7:26:32  489,793/1,000,000  18.3/s  upd=10448  L=0.0398  D=3.740
[dcg] 7:26:53  490,206/1,000,000  18.3/s  upd=10456  L=0.0407  D=3.740
[dcg] 7:27:13  490,585/1,000,000  18.3/s  upd=10464  L=0.0426  D=3.740
[dcg] 7:27:31  490,956/1,000,000  18.3/s  upd=10472  L=0.0308  D=3.740
[dcg] 7:27:51  491,381/1,000,000  18.3/s  upd=10480  L=0.0534  D=3.740
[dcg] 7:28:13  491,725/1,000,000  18.3/s  upd=10488  L=0.0421  D=3.740
[dcg] 7:28:32  492,071/1,000,000  18.3/s  upd=10496  L=0.0368  D=3.740
[dcg] 7:28:51  492,402/1,000,000  18.3/s  upd=10504  L=0.0367  D=3.740
[dcg] 7:29:11  492,820/1,000,000  18.3/s  upd=10512  L=0.0389  D=3.740
[dcg] 7:29:28  493,164/1,000,000  18.3/s  upd=10520  L=0.0520  D=3.740
[dcg] 7:29:48  493,553/1,000,000  18.3/s  upd=10528  L=0.0341  D=3.740
[dcg] 7:30:08  493,909/1,000,000  18.3/s  upd=10536  L=0.0374  D=3.740
[dcg] 7:30:28  494,311/1,000,000  18.3/s  upd=10544  L=0.0329  D=3.740
[dcg] 7:30:44  494,692/1,000,000  18.3/s  upd=10552  L=0.0338  D=3.740
[dcg] 7:31:04  495,021/1,000,000  18.3/s  upd=10560  L=0.0447  D=3.740
[dcg] 7:31:20  495,442/1,000,000  18.3/s  upd=10568  L=0.0816  D=3.740
[dcg] 7:31:40  495,790/1,000,000  18.3/s  upd=10576  L=0.0644  D=3.740
[dcg] 7:31:57  496,160/1,000,000  18.3/s  upd=10584  L=0.0335  D=3.740
[dcg] 7:32:16  496,465/1,000,000  18.3/s  upd=10592  L=0.0535  D=3.740
[dcg] 7:32:34  496,828/1,000,000  18.3/s  upd=10600  L=0.0441  D=3.740
[dcg] 7:32:53  497,159/1,000,000  18.3/s  upd=10608  L=0.0325  D=3.740
[dcg] 7:33:13  497,531/1,000,000  18.3/s  upd=10616  L=0.0484  D=3.740
[dcg] 7:33:35  497,898/1,000,000  18.3/s  upd=10624  L=0.0503  D=3.740
[dcg] 7:33:55  498,307/1,000,000  18.3/s  upd=10632  L=0.0254  D=3.740
[dcg] 7:34:14  498,679/1,000,000  18.3/s  upd=10640  L=0.0339  D=3.740
[dcg] 7:34:32  499,015/1,000,000  18.3/s  upd=10648  L=0.0450  D=3.740
[dcg] 7:34:50  499,355/1,000,000  18.3/s  upd=10656  L=0.0426  D=3.740
[dcg] 7:35:08  499,710/1,000,000  18.3/s  upd=10664  L=0.0370  D=3.740
[dcg] 7:35:34  500,074/1,000,000  18.3/s  upd=10672  L=0.0412  ev=0/100  D=3.740
[dcg] 7:35:44  500,074/1,000,000  18.3/s  upd=10672  L=0.0412  ev=40/100  D=3.740
[dcg] 7:35:54  500,074/1,000,000  18.3/s  upd=10672  L=0.0412  ev=72/100  D=3.740
[dcg] 7:36:07  500,074/1,000,000  18.3/s  upd=10672  L=0.0412  D=3.405
[dcg] 7:36:25  500,432/1,000,000  18.3/s  upd=10680  L=0.0460  D=3.405
[dcg] 7:36:45  500,820/1,000,000  18.3/s  upd=10688  L=0.0469  D=3.405
[dcg] 7:37:08  501,146/1,000,000  18.3/s  upd=10696  L=0.0328  D=3.405
[dcg] 7:37:27  501,483/1,000,000  18.3/s  upd=10704  L=0.0424  D=3.405
[dcg] 7:37:45  501,819/1,000,000  18.3/s  upd=10712  L=0.0440  D=3.405
[dcg] 7:38:05  502,146/1,000,000  18.3/s  upd=10720  L=0.0408  D=3.405
[dcg] 7:38:23  502,521/1,000,000  18.3/s  upd=10728  L=0.0449  D=3.405
[dcg] 7:38:44  502,893/1,000,000  18.3/s  upd=10736  L=0.0351  D=3.405
[dcg] 7:39:03  503,242/1,000,000  18.3/s  upd=10744  L=0.0321  D=3.405
[dcg] 7:39:21  503,553/1,000,000  18.3/s  upd=10752  L=0.0332  D=3.405
[dcg] 7:39:42  503,934/1,000,000  18.3/s  upd=10760  L=0.0446  D=3.405
[dcg] 7:39:59  504,321/1,000,000  18.3/s  upd=10768  L=0.0378  D=3.405
[dcg] 7:40:20  504,711/1,000,000  18.3/s  upd=10776  L=0.0392  D=3.405
[dcg] 7:40:39  505,048/1,000,000  18.3/s  upd=10784  L=0.0360  D=3.405
[dcg] 7:41:02  505,390/1,000,000  18.3/s  upd=10792  L=0.0337  D=3.405
[dcg] 7:41:19  505,744/1,000,000  18.3/s  upd=10800  L=0.0371  D=3.405
[dcg] 7:41:34  506,089/1,000,000  18.3/s  upd=10808  L=0.0430  D=3.405
[dcg] 7:41:49  506,427/1,000,000  18.3/s  upd=10816  L=0.0452  D=3.405
[dcg] 7:42:04  506,749/1,000,000  18.3/s  upd=10824  L=0.0455  D=3.405
[dcg] 7:42:14  506,749/1,000,000  18.3/s  upd=10824  L=0.0455  D=3.405
[dcg] 7:42:29  507,086/1,000,000  18.3/s  upd=10832  L=0.0381  D=3.405
[dcg] 7:42:48  507,432/1,000,000  18.3/s  upd=10840  L=0.0309  D=3.405
[dcg] 7:43:06  507,740/1,000,000  18.3/s  upd=10848  L=0.0424  D=3.405
[dcg] 7:43:26  508,138/1,000,000  18.3/s  upd=10856  L=0.0348  D=3.405
[dcg] 7:43:45  508,497/1,000,000  18.3/s  upd=10864  L=0.0442  D=3.405
[dcg] 7:44:04  508,886/1,000,000  18.3/s  upd=10872  L=0.0388  D=3.405
[dcg] 7:44:25  509,231/1,000,000  18.3/s  upd=10880  L=0.0337  D=3.405
[dcg] 7:44:44  509,624/1,000,000  18.3/s  upd=10888  L=0.0316  D=3.405
[dcg] 7:45:03  510,006/1,000,000  18.3/s  upd=10896  L=0.0454  D=3.405
[dcg] 7:45:21  510,344/1,000,000  18.3/s  upd=10904  L=0.0364  D=3.405
[dcg] 7:45:39  510,667/1,000,000  18.3/s  upd=10912  L=0.0342  D=3.405
[dcg] 7:45:59  511,005/1,000,000  18.3/s  upd=10920  L=0.0383  D=3.405
[dcg] 7:46:20  511,324/1,000,000  18.3/s  upd=10928  L=0.0270  D=3.405
[dcg] 7:46:39  511,689/1,000,000  18.3/s  upd=10936  L=0.0320  D=3.405
[dcg] 7:46:58  512,049/1,000,000  18.3/s  upd=10944  L=0.0440  D=3.405
[dcg] 7:47:15  512,380/1,000,000  18.3/s  upd=10952  L=0.0406  D=3.405
[dcg] 7:47:37  512,705/1,000,000  18.3/s  upd=10960  L=0.0456  D=3.405
[dcg] 7:47:57  513,042/1,000,000  18.3/s  upd=10968  L=0.0364  D=3.405
[dcg] 7:48:15  513,392/1,000,000  18.3/s  upd=10976  L=0.0434  D=3.405
[dcg] 7:48:35  513,719/1,000,000  18.3/s  upd=10984  L=0.0342  D=3.405
[dcg] 7:48:57  514,143/1,000,000  18.3/s  upd=10992  L=0.0505  D=3.405
[dcg] 7:49:15  514,511/1,000,000  18.3/s  upd=11000  L=0.0358  D=3.405
[dcg] 7:49:34  514,852/1,000,000  18.3/s  upd=11008  L=0.0372  D=3.405
[dcg] 7:49:55  515,270/1,000,000  18.3/s  upd=11016  L=0.0392  D=3.405
[dcg] 7:50:13  515,647/1,000,000  18.3/s  upd=11024  L=0.0373  D=3.405
[dcg] 7:50:31  515,982/1,000,000  18.3/s  upd=11032  L=0.0281  D=3.405
[dcg] 7:50:52  516,404/1,000,000  18.3/s  upd=11040  L=0.0367  D=3.405
[dcg] 7:51:10  516,741/1,000,000  18.3/s  upd=11048  L=0.0294  D=3.405
[dcg] 7:51:34  517,165/1,000,000  18.3/s  upd=11056  L=0.0372  D=3.405
[dcg] 7:51:53  517,510/1,000,000  18.3/s  upd=11064  L=0.0435  D=3.405
[dcg] 7:52:11  517,846/1,000,000  18.3/s  upd=11072  L=0.0305  D=3.405
[dcg] 7:52:26  518,194/1,000,000  18.3/s  upd=11080  L=0.0300  D=3.405
[dcg] 7:52:39  518,194/1,000,000  18.3/s  upd=11080  L=0.0300  D=3.405
[dcg] 7:52:56  518,601/1,000,000  18.3/s  upd=11088  L=0.0368  D=3.405
[dcg] 7:53:10  518,968/1,000,000  18.3/s  upd=11096  L=0.0379  D=3.405
[dcg] 7:53:30  519,386/1,000,000  18.3/s  upd=11104  L=0.0539  D=3.405
[dcg] 7:53:49  519,738/1,000,000  18.3/s  upd=11112  L=0.0402  D=3.405
[dcg] 7:54:13  520,077/1,000,000  18.3/s  upd=11120  L=0.0296  ev=0/100  D=3.405
[dcg] 7:54:23  520,077/1,000,000  18.3/s  upd=11120  L=0.0296  ev=31/100  D=3.405
[dcg] 7:54:33  520,077/1,000,000  18.3/s  upd=11120  L=0.0296  ev=62/100  D=3.405
[dcg] 7:54:43  520,077/1,000,000  18.3/s  upd=11120  L=0.0296  ev=88/100  D=3.405
[dcg] 7:54:54  520,077/1,000,000  18.3/s  upd=11120  L=0.0296  D=2.995
[dcg] 7:55:13  520,404/1,000,000  18.3/s  upd=11128  L=0.0381  D=2.995
[dcg] 7:55:32  520,770/1,000,000  18.3/s  upd=11136  L=0.0501  D=2.995
[dcg] 7:55:52  521,126/1,000,000  18.3/s  upd=11144  L=0.0338  D=2.995
[dcg] 7:56:10  521,450/1,000,000  18.3/s  upd=11152  L=0.0438  D=2.995
[dcg] 7:56:30  521,773/1,000,000  18.3/s  upd=11160  L=0.0343  D=2.995
[dcg] 7:56:48  522,084/1,000,000  18.2/s  upd=11168  L=0.0514  D=2.995
[dcg] 7:57:07  522,422/1,000,000  18.2/s  upd=11176  L=0.0451  D=2.995
[dcg] 7:57:28  522,829/1,000,000  18.2/s  upd=11184  L=0.0338  D=2.995
[dcg] 7:57:45  523,237/1,000,000  18.3/s  upd=11192  L=0.0401  D=2.995
[dcg] 7:58:07  523,556/1,000,000  18.3/s  upd=11200  L=0.0491  D=2.995
[dcg] 7:58:21  523,922/1,000,000  18.3/s  upd=11208  L=0.0466  D=2.995
[dcg] 7:58:35  524,302/1,000,000  18.3/s  upd=11216  L=0.0418  D=2.995
[dcg] 7:58:55  524,682/1,000,000  18.3/s  upd=11224  L=0.0314  D=2.995
[dcg] 7:59:13  525,008/1,000,000  18.3/s  upd=11232  L=0.0308  D=2.995
[dcg] 7:59:35  525,364/1,000,000  18.3/s  upd=11240  L=0.0400  D=2.995
[dcg] 7:59:54  525,694/1,000,000  18.3/s  upd=11248  L=0.0432  D=2.995
[dcg] 8:00:14  526,092/1,000,000  18.3/s  upd=11256  L=0.0479  D=2.995
[dcg] 8:00:34  526,481/1,000,000  18.3/s  upd=11264  L=0.0349  D=2.995
[dcg] 8:00:51  526,839/1,000,000  18.3/s  upd=11272  L=0.0406  D=2.995
[dcg] 8:01:08  527,174/1,000,000  18.3/s  upd=11280  L=0.0425  D=2.995
[dcg] 8:01:28  527,539/1,000,000  18.3/s  upd=11288  L=0.0569  D=2.995
[dcg] 8:01:47  527,877/1,000,000  18.3/s  upd=11296  L=0.0670  D=2.995
[dcg] 8:02:04  528,223/1,000,000  18.3/s  upd=11304  L=0.0363  D=2.995
[dcg] 8:02:23  528,570/1,000,000  18.3/s  upd=11312  L=0.0572  D=2.995
[dcg] 8:02:43  528,909/1,000,000  18.3/s  upd=11320  L=0.0335  D=2.995
[dcg] 8:03:00  529,264/1,000,000  18.3/s  upd=11328  L=0.0465  D=2.995
[dcg] 8:03:23  529,626/1,000,000  18.3/s  upd=11336  L=0.0377  D=2.995
[dcg] 8:03:41  529,956/1,000,000  18.3/s  upd=11344  L=0.0382  D=2.995
[dcg] 8:03:53  530,287/1,000,000  18.3/s  upd=11352  L=0.0439  D=2.995
[dcg] 8:04:12  530,667/1,000,000  18.3/s  upd=11360  L=0.0328  D=2.995
[dcg] 8:04:30  530,999/1,000,000  18.3/s  upd=11368  L=0.0327  D=2.995
[dcg] 8:04:52  531,408/1,000,000  18.3/s  upd=11376  L=0.0400  D=2.995
[dcg] 8:05:12  531,740/1,000,000  18.3/s  upd=11384  L=0.0381  D=2.995
[dcg] 8:05:30  532,100/1,000,000  18.3/s  upd=11392  L=0.0302  D=2.995
[dcg] 8:05:49  532,479/1,000,000  18.3/s  upd=11400  L=0.0237  D=2.995
[dcg] 8:06:09  532,784/1,000,000  18.3/s  upd=11408  L=0.0257  D=2.995
[dcg] 8:06:28  533,174/1,000,000  18.3/s  upd=11416  L=0.0300  D=2.995
[dcg] 8:06:46  533,532/1,000,000  18.3/s  upd=11424  L=0.0329  D=2.995
[dcg] 8:07:05  533,847/1,000,000  18.3/s  upd=11432  L=0.0340  D=2.995
[dcg] 8:07:22  534,156/1,000,000  18.3/s  upd=11440  L=0.0332  D=2.995
[dcg] 8:07:40  534,494/1,000,000  18.3/s  upd=11448  L=0.0305  D=2.995
[dcg] 8:07:59  534,888/1,000,000  18.3/s  upd=11456  L=0.0547  D=2.995
[dcg] 8:08:16  535,215/1,000,000  18.3/s  upd=11464  L=0.0327  D=2.995
[dcg] 8:08:41  535,539/1,000,000  18.3/s  upd=11472  L=0.0531  D=2.995
[dcg] 8:08:58  535,929/1,000,000  18.3/s  upd=11480  L=0.0371  D=2.995
[dcg] 8:09:14  536,226/1,000,000  18.3/s  upd=11488  L=0.0441  D=2.995
[dcg] 8:09:34  536,541/1,000,000  18.3/s  upd=11496  L=0.0315  D=2.995
[dcg] 8:09:54  536,859/1,000,000  18.3/s  upd=11504  L=0.0370  D=2.995
[dcg] 8:10:14  537,286/1,000,000  18.3/s  upd=11512  L=0.0446  D=2.995
[dcg] 8:10:34  537,613/1,000,000  18.3/s  upd=11520  L=0.0322  D=2.995
[dcg] 8:10:53  537,975/1,000,000  18.3/s  upd=11528  L=0.0348  D=2.995
[dcg] 8:11:10  538,332/1,000,000  18.3/s  upd=11536  L=0.0385  D=2.995
[dcg] 8:11:28  538,658/1,000,000  18.3/s  upd=11544  L=0.0381  D=2.995
[dcg] 8:11:47  539,037/1,000,000  18.3/s  upd=11552  L=0.0387  D=2.995
[dcg] 8:12:08  539,379/1,000,000  18.3/s  upd=11560  L=0.0328  D=2.995
[dcg] 8:12:26  539,707/1,000,000  18.3/s  upd=11568  L=0.0367  D=2.995
[dcg] 8:12:53  540,044/1,000,000  18.3/s  upd=11576  L=0.0270  ev=0/100  D=2.995
[dcg] 8:13:03  540,044/1,000,000  18.3/s  upd=11576  L=0.0270  ev=33/100  D=2.995
[dcg] 8:13:13  540,044/1,000,000  18.2/s  upd=11576  L=0.0270  ev=79/100  D=2.995
[dcg] 8:13:27  540,044/1,000,000  18.2/s  upd=11576  L=0.0270  D=2.634
[dcg] 8:13:53  540,439/1,000,000  18.2/s  upd=11584  L=0.0386  D=2.634
[dcg] 8:14:12  540,814/1,000,000  18.2/s  upd=11592  L=0.0342  D=2.634
[dcg] 8:14:26  541,160/1,000,000  18.2/s  upd=11600  L=0.0332  D=2.634
[dcg] 8:14:41  541,487/1,000,000  18.2/s  upd=11608  L=0.0276  D=2.634
[dcg] 8:14:57  541,854/1,000,000  18.2/s  upd=11616  L=0.0255  D=2.634
[dcg] 8:15:12  542,212/1,000,000  18.2/s  upd=11624  L=0.0336  D=2.634
[dcg] 8:15:30  542,582/1,000,000  18.3/s  upd=11632  L=0.0524  D=2.634
[dcg] 8:15:47  542,973/1,000,000  18.3/s  upd=11640  L=0.0358  D=2.634
[dcg] 8:16:06  543,319/1,000,000  18.3/s  upd=11648  L=0.0378  D=2.634
[dcg] 8:16:25  543,646/1,000,000  18.3/s  upd=11656  L=0.0290  D=2.634
[dcg] 8:16:45  544,023/1,000,000  18.3/s  upd=11664  L=0.0360  D=2.634
[dcg] 8:17:03  544,393/1,000,000  18.3/s  upd=11672  L=0.0463  D=2.634
[dcg] 8:17:22  544,748/1,000,000  18.3/s  upd=11680  L=0.0514  D=2.634
[dcg] 8:17:39  545,068/1,000,000  18.3/s  upd=11688  L=0.0393  D=2.634
[dcg] 8:17:59  545,435/1,000,000  18.3/s  upd=11696  L=0.0351  D=2.634
[dcg] 8:18:20  545,746/1,000,000  18.3/s  upd=11704  L=0.0380  D=2.634
[dcg] 8:18:37  546,070/1,000,000  18.3/s  upd=11712  L=0.0349  D=2.634
[dcg] 8:19:03  546,418/1,000,000  18.2/s  upd=11720  L=0.0312  D=2.634
[dcg] 8:19:22  546,761/1,000,000  18.2/s  upd=11728  L=0.0255  D=2.634
[dcg] 8:19:38  547,078/1,000,000  18.2/s  upd=11736  L=0.0458  D=2.634
[dcg] 8:19:56  547,482/1,000,000  18.3/s  upd=11744  L=0.0338  D=2.634
[dcg] 8:20:13  547,842/1,000,000  18.3/s  upd=11752  L=0.0412  D=2.634
[dcg] 8:20:33  548,250/1,000,000  18.3/s  upd=11760  L=0.0321  D=2.634
[dcg] 8:20:50  548,585/1,000,000  18.3/s  upd=11768  L=0.0338  D=2.634
[dcg] 8:21:07  548,911/1,000,000  18.3/s  upd=11776  L=0.0236  D=2.634
[dcg] 8:21:26  549,241/1,000,000  18.3/s  upd=11784  L=0.0327  D=2.634
[dcg] 8:21:44  549,643/1,000,000  18.3/s  upd=11792  L=0.0448  D=2.634
[dcg] 8:22:04  550,001/1,000,000  18.3/s  upd=11800  L=0.0426  D=2.634
[dcg] 8:22:23  550,428/1,000,000  18.3/s  upd=11808  L=0.0398  D=2.634
[dcg] 8:22:42  550,734/1,000,000  18.3/s  upd=11816  L=0.0277  D=2.634
[dcg] 8:23:00  551,049/1,000,000  18.3/s  upd=11824  L=0.0346  D=2.634
[dcg] 8:23:18  551,421/1,000,000  18.3/s  upd=11832  L=0.0400  D=2.634
[dcg] 8:23:40  551,876/1,000,000  18.3/s  upd=11840  L=0.0338  D=2.634
[dcg] 8:24:00  552,231/1,000,000  18.3/s  upd=11848  L=0.0322  D=2.634
[dcg] 8:24:25  552,587/1,000,000  18.3/s  upd=11856  L=0.0349  D=2.634
[dcg] 8:24:43  552,950/1,000,000  18.3/s  upd=11864  L=0.0312  D=2.634
[dcg] 8:24:59  553,262/1,000,000  18.3/s  upd=11872  L=0.0453  D=2.634
[dcg] 8:25:16  553,612/1,000,000  18.3/s  upd=11880  L=0.0396  D=2.634
[dcg] 8:25:32  553,966/1,000,000  18.3/s  upd=11888  L=0.0423  D=2.634
[dcg] 8:25:48  554,304/1,000,000  18.3/s  upd=11896  L=0.0393  D=2.634
[dcg] 8:26:05  554,618/1,000,000  18.3/s  upd=11904  L=0.0314  D=2.634
[dcg] 8:26:23  555,006/1,000,000  18.3/s  upd=11912  L=0.0423  D=2.634
[dcg] 8:26:41  555,355/1,000,000  18.3/s  upd=11920  L=0.0414  D=2.634
[dcg] 8:26:59  555,666/1,000,000  18.3/s  upd=11928  L=0.0376  D=2.634
[dcg] 8:27:19  556,027/1,000,000  18.3/s  upd=11936  L=0.0383  D=2.634
[dcg] 8:27:37  556,365/1,000,000  18.3/s  upd=11944  L=0.0353  D=2.634
[dcg] 8:27:57  556,687/1,000,000  18.3/s  upd=11952  L=0.0452  D=2.634
[dcg] 8:28:16  557,004/1,000,000  18.3/s  upd=11960  L=0.0296  D=2.634
[dcg] 8:28:36  557,326/1,000,000  18.3/s  upd=11968  L=0.0418  D=2.634
[dcg] 8:28:55  557,668/1,000,000  18.3/s  upd=11976  L=0.0514  D=2.634
[dcg] 8:29:13  557,986/1,000,000  18.3/s  upd=11984  L=0.0390  D=2.634
[dcg] 8:29:37  558,358/1,000,000  18.3/s  upd=11992  L=0.0310  D=2.634
[dcg] 8:29:56  558,748/1,000,000  18.3/s  upd=12000  L=0.0339  D=2.634
[dcg] 8:30:12  559,072/1,000,000  18.3/s  upd=12008  L=0.0461  D=2.634
[dcg] 8:30:29  559,416/1,000,000  18.3/s  upd=12016  L=0.0337  D=2.634
[dcg] 8:30:47  559,780/1,000,000  18.3/s  upd=12024  L=0.0464  D=2.634
[dcg] 8:31:12  560,102/1,000,000  18.3/s  upd=12032  L=0.0372  ev=0/100  D=2.634
[dcg] 8:31:22  560,102/1,000,000  18.3/s  upd=12032  L=0.0372  ev=32/100  D=2.634
[dcg] 8:31:32  560,102/1,000,000  18.2/s  upd=12032  L=0.0372  ev=64/100  D=2.634
[dcg] 8:31:42  560,102/1,000,000  18.2/s  upd=12032  L=0.0372  ev=95/100  D=2.634
[dcg] 8:31:52  560,102/1,000,000  18.2/s  upd=12032  L=0.0372  D=2.791
[dcg] 8:32:10  560,442/1,000,000  18.2/s  upd=12040  L=0.0264  D=2.791
[dcg] 8:32:27  560,773/1,000,000  18.2/s  upd=12048  L=0.0370  D=2.791
[dcg] 8:32:45  561,183/1,000,000  18.2/s  upd=12056  L=0.0447  D=2.791
[dcg] 8:33:01  561,559/1,000,000  18.2/s  upd=12064  L=0.0365  D=2.791
[dcg] 8:33:19  561,981/1,000,000  18.2/s  upd=12072  L=0.0309  D=2.791
[dcg] 8:33:39  562,413/1,000,000  18.2/s  upd=12080  L=0.0340  D=2.791
[dcg] 8:33:58  562,769/1,000,000  18.2/s  upd=12088  L=0.0292  D=2.791
[dcg] 8:34:15  563,106/1,000,000  18.2/s  upd=12096  L=0.0283  D=2.791
[dcg] 8:34:36  563,504/1,000,000  18.3/s  upd=12104  L=0.0277  D=2.791
[dcg] 8:35:02  563,904/1,000,000  18.2/s  upd=12112  L=0.0356  D=2.791
[dcg] 8:35:18  564,220/1,000,000  18.2/s  upd=12120  L=0.0389  D=2.791
[dcg] 8:35:35  564,565/1,000,000  18.2/s  upd=12128  L=0.0301  D=2.791
[dcg] 8:35:54  564,928/1,000,000  18.3/s  upd=12136  L=0.0451  D=2.791
[dcg] 8:36:10  565,264/1,000,000  18.3/s  upd=12144  L=0.0270  D=2.791
[dcg] 8:36:30  565,590/1,000,000  18.3/s  upd=12152  L=0.0617  D=2.791
[dcg] 8:36:46  566,007/1,000,000  18.3/s  upd=12160  L=0.0325  D=2.791
[dcg] 8:37:07  566,426/1,000,000  18.3/s  upd=12168  L=0.0273  D=2.791
[dcg] 8:37:25  566,749/1,000,000  18.3/s  upd=12176  L=0.0317  D=2.791
[dcg] 8:37:41  567,083/1,000,000  18.3/s  upd=12184  L=0.0483  D=2.791
[dcg] 8:38:01  567,430/1,000,000  18.3/s  upd=12192  L=0.0372  D=2.791
[dcg] 8:38:21  567,800/1,000,000  18.3/s  upd=12200  L=0.0334  D=2.791
[dcg] 8:38:42  568,213/1,000,000  18.3/s  upd=12208  L=0.0393  D=2.791
[dcg] 8:39:01  568,529/1,000,000  18.3/s  upd=12216  L=0.0339  D=2.791
[dcg] 8:39:21  568,900/1,000,000  18.3/s  upd=12224  L=0.0437  D=2.791
[dcg] 8:39:38  569,247/1,000,000  18.3/s  upd=12232  L=0.0409  D=2.791
[dcg] 8:39:57  569,597/1,000,000  18.3/s  upd=12240  L=0.0391  D=2.791
[dcg] 8:40:20  569,983/1,000,000  18.3/s  upd=12248  L=0.0355  D=2.791
[dcg] 8:40:37  570,410/1,000,000  18.3/s  upd=12256  L=0.0403  D=2.791
[dcg] 8:40:56  570,759/1,000,000  18.3/s  upd=12264  L=0.0401  D=2.791
[dcg] 8:41:14  571,096/1,000,000  18.3/s  upd=12272  L=0.0334  D=2.791
[dcg] 8:41:36  571,434/1,000,000  18.3/s  upd=12280  L=0.0313  D=2.791
[dcg] 8:41:56  571,780/1,000,000  18.3/s  upd=12288  L=0.0410  D=2.791
[dcg] 8:42:15  572,108/1,000,000  18.3/s  upd=12296  L=0.0278  D=2.791
[dcg] 8:42:34  572,437/1,000,000  18.3/s  upd=12304  L=0.0390  D=2.791
[dcg] 8:42:51  572,851/1,000,000  18.3/s  upd=12312  L=0.0368  D=2.791
[dcg] 8:43:12  573,180/1,000,000  18.3/s  upd=12320  L=0.0318  D=2.791
[dcg] 8:43:30  573,475/1,000,000  18.3/s  upd=12328  L=0.0264  D=2.791
[dcg] 8:43:48  573,875/1,000,000  18.3/s  upd=12336  L=0.0437  D=2.791
[dcg] 8:44:07  574,201/1,000,000  18.3/s  upd=12344  L=0.0452  D=2.791
[dcg] 8:44:28  574,593/1,000,000  18.3/s  upd=12352  L=0.0364  D=2.791
[dcg] 8:44:45  574,919/1,000,000  18.3/s  upd=12360  L=0.0507  D=2.791
[dcg] 8:45:03  575,240/1,000,000  18.3/s  upd=12368  L=0.0519  D=2.791
[dcg] 8:45:24  575,645/1,000,000  18.3/s  upd=12376  L=0.0377  D=2.791
[dcg] 8:45:47  575,981/1,000,000  18.3/s  upd=12384  L=0.0328  D=2.791
[dcg] 8:46:05  576,309/1,000,000  18.3/s  upd=12392  L=0.0302  D=2.791
[dcg] 8:46:24  576,691/1,000,000  18.3/s  upd=12400  L=0.0405  D=2.791
[dcg] 8:46:46  577,033/1,000,000  18.3/s  upd=12408  L=0.0395  D=2.791
[dcg] 8:47:06  577,453/1,000,000  18.3/s  upd=12416  L=0.0430  D=2.791
[dcg] 8:47:24  577,831/1,000,000  18.3/s  upd=12424  L=0.0423  D=2.791
[dcg] 8:47:39  578,243/1,000,000  18.3/s  upd=12432  L=0.0355  D=2.791
[dcg] 8:47:56  578,585/1,000,000  18.3/s  upd=12440  L=0.0344  D=2.791
[dcg] 8:48:13  578,963/1,000,000  18.3/s  upd=12448  L=0.0437  D=2.791
[dcg] 8:48:34  579,381/1,000,000  18.3/s  upd=12456  L=0.0433  D=2.791
[dcg] 8:48:53  579,725/1,000,000  18.3/s  upd=12464  L=0.0265  D=2.791
[dcg] 8:49:16  580,062/1,000,000  18.3/s  upd=12472  L=0.0272  ev=0/100  D=2.791
[dcg] 8:49:27  580,062/1,000,000  18.3/s  upd=12472  L=0.0272  ev=38/100  D=2.791
[dcg] 8:49:37  580,062/1,000,000  18.3/s  upd=12472  L=0.0272  ev=80/100  D=2.791
[dcg] 8:49:49  580,062/1,000,000  18.2/s  upd=12472  L=0.0272  D=2.614
[dcg] 8:50:06  580,403/1,000,000  18.2/s  upd=12480  L=0.0266  D=2.614
[dcg] 8:50:25  580,715/1,000,000  18.2/s  upd=12488  L=0.0289  D=2.614
[dcg] 8:50:46  581,051/1,000,000  18.2/s  upd=12496  L=0.0333  D=2.614
[dcg] 8:51:06  581,413/1,000,000  18.2/s  upd=12504  L=0.0504  D=2.614
[dcg] 8:51:24  581,762/1,000,000  18.2/s  upd=12512  L=0.0316  D=2.614
[dcg] 8:51:42  582,112/1,000,000  18.2/s  upd=12520  L=0.0405  D=2.614
[dcg] 8:52:00  582,453/1,000,000  18.2/s  upd=12528  L=0.0352  D=2.614
[dcg] 8:52:20  582,849/1,000,000  18.2/s  upd=12536  L=0.0454  D=2.614
[dcg] 8:52:38  583,180/1,000,000  18.2/s  upd=12544  L=0.0357  D=2.614
[dcg] 8:52:57  583,512/1,000,000  18.2/s  upd=12552  L=0.0452  D=2.614
[dcg] 8:53:16  583,892/1,000,000  18.2/s  upd=12560  L=0.0370  D=2.614
[dcg] 8:53:35  584,226/1,000,000  18.2/s  upd=12568  L=0.0416  D=2.614
[dcg] 8:53:53  584,556/1,000,000  18.2/s  upd=12576  L=0.0380  D=2.614
[dcg] 8:54:12  584,897/1,000,000  18.2/s  upd=12584  L=0.0357  D=2.614
[dcg] 8:54:30  585,232/1,000,000  18.2/s  upd=12592  L=0.0297  D=2.614
[dcg] 8:54:52  585,576/1,000,000  18.2/s  upd=12600  L=0.0340  D=2.614
[dcg] 8:55:10  585,893/1,000,000  18.2/s  upd=12608  L=0.0282  D=2.614
[dcg] 8:55:28  586,226/1,000,000  18.2/s  upd=12616  L=0.0415  D=2.614
[dcg] 8:55:48  586,691/1,000,000  18.2/s  upd=12624  L=0.0629  D=2.614
[dcg] 8:56:06  587,002/1,000,000  18.2/s  upd=12632  L=0.0332  D=2.614
[dcg] 8:56:18  587,002/1,000,000  18.2/s  upd=12632  L=0.0332  D=2.614
[dcg] 8:56:37  587,397/1,000,000  18.2/s  upd=12640  L=0.0342  D=2.614
[dcg] 8:56:56  587,730/1,000,000  18.2/s  upd=12648  L=0.0300  D=2.614
[dcg] 8:57:15  588,051/1,000,000  18.2/s  upd=12656  L=0.0351  D=2.614
[dcg] 8:57:35  588,489/1,000,000  18.2/s  upd=12664  L=0.0290  D=2.614
[dcg] 8:57:55  588,931/1,000,000  18.2/s  upd=12672  L=0.0373  D=2.614
[dcg] 8:58:12  589,313/1,000,000  18.2/s  upd=12680  L=0.0368  D=2.614
[dcg] 8:58:28  589,662/1,000,000  18.3/s  upd=12688  L=0.0348  D=2.614
[dcg] 8:58:45  590,019/1,000,000  18.3/s  upd=12696  L=0.0433  D=2.614
[dcg] 8:59:05  590,370/1,000,000  18.3/s  upd=12704  L=0.0443  D=2.614
[dcg] 8:59:24  590,697/1,000,000  18.3/s  upd=12712  L=0.0339  D=2.614
[dcg] 8:59:44  591,038/1,000,000  18.3/s  upd=12720  L=0.0379  D=2.614
[dcg] 9:00:04  591,336/1,000,000  18.2/s  upd=12728  L=0.0349  D=2.614
[dcg] 9:00:24  591,762/1,000,000  18.3/s  upd=12736  L=0.0417  D=2.614
[dcg] 9:00:43  592,167/1,000,000  18.3/s  upd=12744  L=0.0375  D=2.614
[dcg] 9:01:02  592,484/1,000,000  18.3/s  upd=12752  L=0.0277  D=2.614
[dcg] 9:01:20  592,873/1,000,000  18.3/s  upd=12760  L=0.0268  D=2.614
[dcg] 9:01:30  592,873/1,000,000  18.2/s  upd=12760  L=0.0268  D=2.614
[dcg] 9:01:45  593,253/1,000,000  18.3/s  upd=12768  L=0.0382  D=2.614
[dcg] 9:02:05  593,588/1,000,000  18.2/s  upd=12776  L=0.0325  D=2.614
[dcg] 9:02:23  593,934/1,000,000  18.3/s  upd=12784  L=0.0368  D=2.614
[dcg] 9:02:41  594,314/1,000,000  18.3/s  upd=12792  L=0.0405  D=2.614
[dcg] 9:02:57  594,749/1,000,000  18.3/s  upd=12800  L=0.0504  D=2.614
[dcg] 9:03:17  595,144/1,000,000  18.3/s  upd=12808  L=0.0336  D=2.614
[dcg] 9:03:34  595,458/1,000,000  18.3/s  upd=12816  L=0.0378  D=2.614
[dcg] 9:03:53  595,790/1,000,000  18.3/s  upd=12824  L=0.0355  D=2.614
[dcg] 9:04:13  596,113/1,000,000  18.3/s  upd=12832  L=0.0281  D=2.614
[dcg] 9:04:30  596,434/1,000,000  18.3/s  upd=12840  L=0.0384  D=2.614
[dcg] 9:04:49  596,790/1,000,000  18.3/s  upd=12848  L=0.0391  D=2.614
[dcg] 9:05:10  597,120/1,000,000  18.3/s  upd=12856  L=0.0396  D=2.614
[dcg] 9:05:29  597,514/1,000,000  18.3/s  upd=12864  L=0.0291  D=2.614
[dcg] 9:05:49  597,890/1,000,000  18.3/s  upd=12872  L=0.0327  D=2.614
[dcg] 9:06:07  598,275/1,000,000  18.3/s  upd=12880  L=0.0353  D=2.614
[dcg] 9:06:27  598,604/1,000,000  18.3/s  upd=12888  L=0.0370  D=2.614
[dcg] 9:06:42  598,949/1,000,000  18.3/s  upd=12896  L=0.0367  D=2.614
[dcg] 9:07:07  599,364/1,000,000  18.3/s  upd=12904  L=0.0296  D=2.614
[dcg] 9:07:25  599,726/1,000,000  18.3/s  upd=12912  L=0.0375  D=2.614
[dcg] 9:07:47  600,055/1,000,000  18.3/s  upd=12920  L=0.0391  ev=0/100  D=2.614
[dcg] 9:07:57  600,055/1,000,000  18.3/s  upd=12920  L=0.0391  ev=38/100  D=2.614
[dcg] 9:08:07  600,055/1,000,000  18.2/s  upd=12920  L=0.0391  ev=72/100  D=2.614
[dcg] 9:08:21  600,055/1,000,000  18.2/s  upd=12920  L=0.0391  D=2.434
[dcg] 9:08:40  600,470/1,000,000  18.2/s  upd=12928  L=0.0342  D=2.434
[dcg] 9:09:00  600,867/1,000,000  18.2/s  upd=12936  L=0.0242  D=2.434
[dcg] 9:09:17  601,250/1,000,000  18.2/s  upd=12944  L=0.0389  D=2.434
[dcg] 9:09:35  601,639/1,000,000  18.2/s  upd=12952  L=0.0337  D=2.434
[dcg] 9:09:52  601,983/1,000,000  18.2/s  upd=12960  L=0.0485  D=2.434
[dcg] 9:10:10  602,296/1,000,000  18.2/s  upd=12968  L=0.0304  D=2.434
[dcg] 9:10:30  602,661/1,000,000  18.2/s  upd=12976  L=0.0326  D=2.434
[dcg] 9:10:49  602,971/1,000,000  18.2/s  upd=12984  L=0.0368  D=2.434
[dcg] 9:11:07  603,313/1,000,000  18.2/s  upd=12992  L=0.0424  D=2.434
[dcg] 9:11:24  603,682/1,000,000  18.2/s  upd=13000  L=0.0359  D=2.434
[dcg] 9:11:43  604,054/1,000,000  18.2/s  upd=13008  L=0.0339  D=2.434
[dcg] 9:12:01  604,381/1,000,000  18.2/s  upd=13016  L=0.0396  D=2.434
[dcg] 9:12:22  604,707/1,000,000  18.2/s  upd=13024  L=0.0370  D=2.434
[dcg] 9:12:40  605,038/1,000,000  18.2/s  upd=13032  L=0.0392  D=2.434
[dcg] 9:12:59  605,377/1,000,000  18.2/s  upd=13040  L=0.0226  D=2.434
[dcg] 9:13:20  605,737/1,000,000  18.2/s  upd=13048  L=0.0408  D=2.434
[dcg] 9:13:39  606,069/1,000,000  18.2/s  upd=13056  L=0.0318  D=2.434
[dcg] 9:13:58  606,454/1,000,000  18.2/s  upd=13064  L=0.0370  D=2.434
[dcg] 9:14:13  606,769/1,000,000  18.2/s  upd=13072  L=0.0409  D=2.434
[dcg] 9:14:31  607,132/1,000,000  18.2/s  upd=13080  L=0.0371  D=2.434
[dcg] 9:14:49  607,450/1,000,000  18.2/s  upd=13088  L=0.0335  D=2.434
[dcg] 9:15:08  607,804/1,000,000  18.2/s  upd=13096  L=0.0223  D=2.434
[dcg] 9:15:29  608,166/1,000,000  18.2/s  upd=13104  L=0.0357  D=2.434
[dcg] 9:15:47  608,498/1,000,000  18.2/s  upd=13112  L=0.0317  D=2.434
[dcg] 9:16:06  608,856/1,000,000  18.2/s  upd=13120  L=0.0347  D=2.434
[dcg] 9:16:24  609,186/1,000,000  18.2/s  upd=13128  L=0.0322  D=2.434
[dcg] 9:16:42  609,514/1,000,000  18.2/s  upd=13136  L=0.0389  D=2.434
[dcg] 9:16:59  609,840/1,000,000  18.2/s  upd=13144  L=0.0303  D=2.434
[dcg] 9:17:14  610,210/1,000,000  18.3/s  upd=13152  L=0.0305  D=2.434
[dcg] 9:17:38  610,596/1,000,000  18.2/s  upd=13160  L=0.0395  D=2.434
[dcg] 9:17:55  610,935/1,000,000  18.3/s  upd=13168  L=0.0437  D=2.434
[dcg] 9:18:13  611,317/1,000,000  18.3/s  upd=13176  L=0.0415  D=2.434
[dcg] 9:18:33  611,661/1,000,000  18.3/s  upd=13184  L=0.0428  D=2.434
[dcg] 9:18:53  612,055/1,000,000  18.3/s  upd=13192  L=0.0341  D=2.434
[dcg] 9:19:11  612,445/1,000,000  18.3/s  upd=13200  L=0.0345  D=2.434
[dcg] 9:19:30  612,801/1,000,000  18.3/s  upd=13208  L=0.0374  D=2.434
[dcg] 9:19:48  613,116/1,000,000  18.3/s  upd=13216  L=0.0305  D=2.434
[dcg] 9:20:07  613,471/1,000,000  18.3/s  upd=13224  L=0.0550  D=2.434
[dcg] 9:20:25  613,848/1,000,000  18.3/s  upd=13232  L=0.0297  D=2.434
[dcg] 9:20:40  614,193/1,000,000  18.3/s  upd=13240  L=0.0421  D=2.434
[dcg] 9:20:54  614,512/1,000,000  18.3/s  upd=13248  L=0.0302  D=2.434
[dcg] 9:21:08  614,948/1,000,000  18.3/s  upd=13256  L=0.0345  D=2.434
[dcg] 9:21:21  615,286/1,000,000  18.3/s  upd=13264  L=0.0487  D=2.434
[dcg] 9:21:36  615,662/1,000,000  18.3/s  upd=13272  L=0.0280  D=2.434
[dcg] 9:21:49  616,003/1,000,000  18.3/s  upd=13280  L=0.0336  D=2.434
[dcg] 9:22:02  616,332/1,000,000  18.3/s  upd=13288  L=0.0549  D=2.434
[dcg] 9:22:17  616,653/1,000,000  18.3/s  upd=13296  L=0.0289  D=2.434
[dcg] 9:22:30  617,033/1,000,000  18.3/s  upd=13304  L=0.0304  D=2.434
[dcg] 9:22:52  617,385/1,000,000  18.3/s  upd=13312  L=0.0421  D=2.434
[dcg] 9:23:04  617,719/1,000,000  18.3/s  upd=13320  L=0.0320  D=2.434
[dcg] 9:23:19  618,118/1,000,000  18.3/s  upd=13328  L=0.0368  D=2.434
[dcg] 9:23:36  618,461/1,000,000  18.3/s  upd=13336  L=0.0384  D=2.434
[dcg] 9:23:49  618,786/1,000,000  18.3/s  upd=13344  L=0.0346  D=2.434
[dcg] 9:24:04  619,117/1,000,000  18.3/s  upd=13352  L=0.0437  D=2.434
[dcg] 9:24:18  619,445/1,000,000  18.3/s  upd=13360  L=0.0429  D=2.434
[dcg] 9:24:30  619,835/1,000,000  18.3/s  upd=13368  L=0.0276  D=2.434
[dcg] 9:24:50  620,144/1,000,000  18.3/s  upd=13376  L=0.0339  ev=0/100  D=2.434
[dcg] 9:25:00  620,144/1,000,000  18.3/s  upd=13376  L=0.0339  ev=56/100  D=2.434
[dcg] 9:25:16  620,144/1,000,000  18.3/s  upd=13376  L=0.0339  D=3.184
[dcg] 9:25:31  620,515/1,000,000  18.3/s  upd=13384  L=0.0417  D=3.184
[dcg] 9:25:45  620,866/1,000,000  18.3/s  upd=13392  L=0.0345  D=3.184
[dcg] 9:25:58  621,212/1,000,000  18.3/s  upd=13400  L=0.0290  D=3.184
[dcg] 9:26:14  621,574/1,000,000  18.3/s  upd=13408  L=0.0292  D=3.184
[dcg] 9:26:28  621,896/1,000,000  18.3/s  upd=13416  L=0.0263  D=3.184
[dcg] 9:26:41  622,194/1,000,000  18.3/s  upd=13424  L=0.0318  D=3.184
[dcg] 9:26:55  622,524/1,000,000  18.3/s  upd=13432  L=0.0273  D=3.184
[dcg] 9:27:10  622,858/1,000,000  18.3/s  upd=13440  L=0.0355  D=3.184
[dcg] 9:27:23  623,167/1,000,000  18.3/s  upd=13448  L=0.0382  D=3.184
[dcg] 9:27:36  623,541/1,000,000  18.3/s  upd=13456  L=0.0335  D=3.184
[dcg] 9:27:50  623,858/1,000,000  18.3/s  upd=13464  L=0.0401  D=3.184
[dcg] 9:28:03  623,858/1,000,000  18.3/s  upd=13464  L=0.0401  D=3.184
[dcg] 9:28:18  624,212/1,000,000  18.3/s  upd=13472  L=0.0297  D=3.184
[dcg] 9:28:32  624,543/1,000,000  18.3/s  upd=13480  L=0.0304  D=3.184
[dcg] 9:28:46  624,968/1,000,000  18.3/s  upd=13488  L=0.0337  D=3.184
[dcg] 9:29:01  625,347/1,000,000  18.3/s  upd=13496  L=0.0423  D=3.184
[dcg] 9:29:16  625,676/1,000,000  18.3/s  upd=13504  L=0.0473  D=3.184
[dcg] 9:29:30  626,023/1,000,000  18.3/s  upd=13512  L=0.0330  D=3.184
[dcg] 9:29:44  626,325/1,000,000  18.3/s  upd=13520  L=0.0339  D=3.184
[dcg] 9:29:58  626,673/1,000,000  18.3/s  upd=13528  L=0.0419  D=3.184
[dcg] 9:30:16  627,025/1,000,000  18.3/s  upd=13536  L=0.0394  D=3.184
[dcg] 9:30:30  627,383/1,000,000  18.3/s  upd=13544  L=0.0352  D=3.184
[dcg] 9:30:44  627,799/1,000,000  18.3/s  upd=13552  L=0.0331  D=3.184
[dcg] 9:30:58  628,145/1,000,000  18.3/s  upd=13560  L=0.0401  D=3.184
[dcg] 9:31:11  628,528/1,000,000  18.3/s  upd=13568  L=0.0402  D=3.184
[dcg] 9:31:26  628,874/1,000,000  18.3/s  upd=13576  L=0.0266  D=3.184
[dcg] 9:31:40  629,193/1,000,000  18.3/s  upd=13584  L=0.0478  D=3.184
[dcg] 9:31:54  629,566/1,000,000  18.3/s  upd=13592  L=0.0298  D=3.184
[dcg] 9:32:08  629,935/1,000,000  18.4/s  upd=13600  L=0.0360  D=3.184
[dcg] 9:32:22  630,350/1,000,000  18.4/s  upd=13608  L=0.0306  D=3.184
[dcg] 9:32:37  630,723/1,000,000  18.4/s  upd=13616  L=0.0305  D=3.184
[dcg] 9:32:51  631,101/1,000,000  18.4/s  upd=13624  L=0.0362  D=3.184
[dcg] 9:33:04  631,420/1,000,000  18.4/s  upd=13632  L=0.0357  D=3.184
[dcg] 9:33:19  631,420/1,000,000  18.4/s  upd=13632  L=0.0357  D=3.184
[dcg] 9:33:33  631,729/1,000,000  18.4/s  upd=13640  L=0.0367  D=3.184
[dcg] 9:33:46  632,090/1,000,000  18.4/s  upd=13648  L=0.0412  D=3.184
[dcg] 9:34:02  632,400/1,000,000  18.4/s  upd=13656  L=0.0345  D=3.184
[dcg] 9:34:16  632,742/1,000,000  18.4/s  upd=13664  L=0.0454  D=3.184
[dcg] 9:34:29  633,081/1,000,000  18.4/s  upd=13672  L=0.0362  D=3.184
[dcg] 9:34:43  633,411/1,000,000  18.4/s  upd=13680  L=0.0417  D=3.184
[dcg] 9:34:56  633,801/1,000,000  18.4/s  upd=13688  L=0.0296  D=3.184
[dcg] 9:35:11  634,130/1,000,000  18.4/s  upd=13696  L=0.0311  D=3.184
[dcg] 9:35:28  634,507/1,000,000  18.4/s  upd=13704  L=0.0378  D=3.184
[dcg] 9:35:43  634,813/1,000,000  18.4/s  upd=13712  L=0.0422  D=3.184
[dcg] 9:35:57  635,118/1,000,000  18.4/s  upd=13720  L=0.0349  D=3.184
[dcg] 9:36:12  635,479/1,000,000  18.4/s  upd=13728  L=0.0425  D=3.184
[dcg] 9:36:25  635,857/1,000,000  18.4/s  upd=13736  L=0.0495  D=3.184
[dcg] 9:36:39  636,188/1,000,000  18.4/s  upd=13744  L=0.0416  D=3.184
[dcg] 9:36:52  636,613/1,000,000  18.4/s  upd=13752  L=0.0590  D=3.184
[dcg] 9:37:05  636,954/1,000,000  18.4/s  upd=13760  L=0.0387  D=3.184
[dcg] 9:37:18  637,320/1,000,000  18.4/s  upd=13768  L=0.0321  D=3.184
[dcg] 9:37:33  637,683/1,000,000  18.4/s  upd=13776  L=0.0354  D=3.184
[dcg] 9:37:48  638,060/1,000,000  18.4/s  upd=13784  L=0.0439  D=3.184
[dcg] 9:38:01  638,393/1,000,000  18.4/s  upd=13792  L=0.0301  D=3.184
[dcg] 9:38:15  638,746/1,000,000  18.4/s  upd=13800  L=0.0406  D=3.184
[dcg] 9:38:29  639,138/1,000,000  18.4/s  upd=13808  L=0.0356  D=3.184
[dcg] 9:38:51  639,496/1,000,000  18.4/s  upd=13816  L=0.0282  D=3.184
[dcg] 9:39:06  639,853/1,000,000  18.4/s  upd=13824  L=0.0229  D=3.184
[dcg] 9:39:29  640,200/1,000,000  18.4/s  upd=13832  L=0.0411  ev=0/100  D=3.184
[dcg] 9:39:39  640,200/1,000,000  18.4/s  upd=13832  L=0.0411  ev=48/100  D=3.184
[dcg] 9:39:49  640,200/1,000,000  18.4/s  upd=13832  L=0.0411  ev=96/100  D=3.184
[dcg] 9:40:10  640,575/1,000,000  18.4/s  upd=13840  L=0.0395  D=2.600
[dcg] 9:40:27  640,944/1,000,000  18.4/s  upd=13848  L=0.0395  D=2.600
[dcg] 9:40:42  641,359/1,000,000  18.4/s  upd=13856  L=0.0461  D=2.600
[dcg] 9:40:56  641,728/1,000,000  18.4/s  upd=13864  L=0.0448  D=2.600
[dcg] 9:41:10  642,154/1,000,000  18.4/s  upd=13872  L=0.0262  D=2.600
[dcg] 9:41:25  642,488/1,000,000  18.4/s  upd=13880  L=0.0409  D=2.600
[dcg] 9:41:40  642,826/1,000,000  18.4/s  upd=13888  L=0.0282  D=2.600
[dcg] 9:41:54  643,158/1,000,000  18.4/s  upd=13896  L=0.0455  D=2.600
[dcg] 9:42:09  643,592/1,000,000  18.4/s  upd=13904  L=0.0326  D=2.600
[dcg] 9:42:23  643,956/1,000,000  18.4/s  upd=13912  L=0.0340  D=2.600
[dcg] 9:42:39  644,291/1,000,000  18.4/s  upd=13920  L=0.0360  D=2.600
[dcg] 9:42:53  644,591/1,000,000  18.4/s  upd=13928  L=0.0321  D=2.600
[dcg] 9:43:08  644,942/1,000,000  18.4/s  upd=13936  L=0.0378  D=2.600
[dcg] 9:43:22  645,283/1,000,000  18.4/s  upd=13944  L=0.0498  D=2.600
[dcg] 9:43:37  645,646/1,000,000  18.4/s  upd=13952  L=0.0359  D=2.600
[dcg] 9:43:47  645,646/1,000,000  18.4/s  upd=13952  L=0.0359  D=2.600
[dcg] 9:43:59  646,003/1,000,000  18.4/s  upd=13960  L=0.0332  D=2.600
[dcg] 9:44:14  646,371/1,000,000  18.4/s  upd=13968  L=0.0295  D=2.600
[dcg] 9:44:30  646,688/1,000,000  18.4/s  upd=13976  L=0.0430  D=2.600
[dcg] 9:44:48  647,043/1,000,000  18.4/s  upd=13984  L=0.0352  D=2.600
[dcg] 9:45:02  647,373/1,000,000  18.4/s  upd=13992  L=0.0335  D=2.600
[dcg] 9:45:17  647,776/1,000,000  18.4/s  upd=14000  L=0.0534  D=2.600
[dcg] 9:45:33  648,119/1,000,000  18.4/s  upd=14008  L=0.0376  D=2.600
[dcg] 9:45:47  648,403/1,000,000  18.4/s  upd=14016  L=0.0345  D=2.600
[dcg] 9:46:01  648,740/1,000,000  18.5/s  upd=14024  L=0.0326  D=2.600
[dcg] 9:46:16  649,085/1,000,000  18.5/s  upd=14032  L=0.0348  D=2.600
[dcg] 9:46:31  649,462/1,000,000  18.5/s  upd=14040  L=0.0481  D=2.600
[dcg] 9:46:46  649,797/1,000,000  18.5/s  upd=14048  L=0.0271  D=2.600
[dcg] 9:47:01  650,157/1,000,000  18.5/s  upd=14056  L=0.0386  D=2.600
[dcg] 9:47:15  650,491/1,000,000  18.5/s  upd=14064  L=0.0307  D=2.600
[dcg] 9:47:28  650,827/1,000,000  18.5/s  upd=14072  L=0.0418  D=2.600
[dcg] 9:47:43  651,193/1,000,000  18.5/s  upd=14080  L=0.0331  D=2.600
[dcg] 9:47:59  651,601/1,000,000  18.5/s  upd=14088  L=0.0411  D=2.600
[dcg] 9:48:14  651,954/1,000,000  18.5/s  upd=14096  L=0.0367  D=2.600
[dcg] 9:48:30  652,332/1,000,000  18.5/s  upd=14104  L=0.0375  D=2.600
[dcg] 9:48:44  652,657/1,000,000  18.5/s  upd=14112  L=0.0355  D=2.600
[dcg] 9:48:59  653,061/1,000,000  18.5/s  upd=14120  L=0.0315  D=2.600
[dcg] 9:49:20  653,366/1,000,000  18.5/s  upd=14128  L=0.0337  D=2.600
[dcg] 9:49:34  653,691/1,000,000  18.5/s  upd=14136  L=0.0288  D=2.600
[dcg] 9:49:51  654,041/1,000,000  18.5/s  upd=14144  L=0.0368  D=2.600
[dcg] 9:50:05  654,453/1,000,000  18.5/s  upd=14152  L=0.0335  D=2.600
[dcg] 9:50:16  654,791/1,000,000  18.5/s  upd=14160  L=0.0290  D=2.600
[dcg] 9:50:29  655,171/1,000,000  18.5/s  upd=14168  L=0.0346  D=2.600
[dcg] 9:50:42  655,514/1,000,000  18.5/s  upd=14176  L=0.0546  D=2.600
[dcg] 9:50:56  655,854/1,000,000  18.5/s  upd=14184  L=0.0443  D=2.600
[dcg] 9:51:10  656,158/1,000,000  18.5/s  upd=14192  L=0.0304  D=2.600
[dcg] 9:51:24  656,482/1,000,000  18.5/s  upd=14200  L=0.0337  D=2.600
[dcg] 9:51:38  656,791/1,000,000  18.5/s  upd=14208  L=0.0388  D=2.600
[dcg] 9:51:54  657,134/1,000,000  18.5/s  upd=14216  L=0.0354  D=2.600
[dcg] 9:52:08  657,468/1,000,000  18.5/s  upd=14224  L=0.0273  D=2.600
[dcg] 9:52:23  657,824/1,000,000  18.5/s  upd=14232  L=0.0294  D=2.600
[dcg] 9:52:37  658,146/1,000,000  18.5/s  upd=14240  L=0.0374  D=2.600
[dcg] 9:52:51  658,512/1,000,000  18.5/s  upd=14248  L=0.0312  D=2.600
[dcg] 9:53:06  658,863/1,000,000  18.5/s  upd=14256  L=0.0342  D=2.600
[dcg] 9:53:21  659,202/1,000,000  18.5/s  upd=14264  L=0.0476  D=2.600
[dcg] 9:53:35  659,549/1,000,000  18.5/s  upd=14272  L=0.0265  D=2.600
[dcg] 9:53:49  659,963/1,000,000  18.5/s  upd=14280  L=0.0283  D=2.600
[dcg] 9:54:10  660,296/1,000,000  18.5/s  upd=14288  L=0.0338  ev=0/100  D=2.600
[dcg] 9:54:20  660,296/1,000,000  18.5/s  upd=14288  L=0.0338  ev=48/100  D=2.600
[dcg] 9:54:30  660,296/1,000,000  18.5/s  upd=14288  L=0.0338  ev=99/100  D=2.600
[dcg] 9:54:45  660,296/1,000,000  18.5/s  upd=14288  L=0.0338  D=2.282
[dcg] 9:54:57  660,629/1,000,000  18.5/s  upd=14296  L=0.0321  D=2.282
[dcg] 9:55:12  661,043/1,000,000  18.5/s  upd=14304  L=0.0291  D=2.282
[dcg] 9:55:26  661,366/1,000,000  18.5/s  upd=14312  L=0.0299  D=2.282
[dcg] 9:55:40  661,749/1,000,000  18.5/s  upd=14320  L=0.0346  D=2.282
[dcg] 9:55:54  662,080/1,000,000  18.5/s  upd=14328  L=0.0531  D=2.282
[dcg] 9:56:10  662,437/1,000,000  18.5/s  upd=14336  L=0.0333  D=2.282
[dcg] 9:56:24  662,803/1,000,000  18.5/s  upd=14344  L=0.0244  D=2.282
[dcg] 9:56:40  663,162/1,000,000  18.5/s  upd=14352  L=0.0465  D=2.282
[dcg] 9:56:53  663,518/1,000,000  18.5/s  upd=14360  L=0.0331  D=2.282
[dcg] 9:57:08  663,855/1,000,000  18.5/s  upd=14368  L=0.0325  D=2.282
[dcg] 9:57:22  664,184/1,000,000  18.5/s  upd=14376  L=0.0617  D=2.282
[dcg] 9:57:37  664,585/1,000,000  18.5/s  upd=14384  L=0.0261  D=2.282
[dcg] 9:57:53  664,939/1,000,000  18.5/s  upd=14392  L=0.0300  D=2.282
[dcg] 9:58:08  665,279/1,000,000  18.5/s  upd=14400  L=0.0382  D=2.282
[dcg] 9:58:22  665,603/1,000,000  18.5/s  upd=14408  L=0.0400  D=2.282
[dcg] 9:58:38  665,991/1,000,000  18.5/s  upd=14416  L=0.0323  D=2.282
[dcg] 9:58:52  666,313/1,000,000  18.5/s  upd=14424  L=0.0284  D=2.282
[dcg] 9:59:06  666,625/1,000,000  18.5/s  upd=14432  L=0.0321  D=2.282
[dcg] 9:59:21  666,928/1,000,000  18.5/s  upd=14440  L=0.0346  D=2.282
[dcg] 9:59:37  667,289/1,000,000  18.5/s  upd=14448  L=0.0352  D=2.282
[dcg] 9:59:53  667,623/1,000,000  18.5/s  upd=14456  L=0.0398  D=2.282
[dcg] 10:00:13  667,968/1,000,000  18.5/s  upd=14464  L=0.0485  D=2.282
[dcg] 10:00:27  668,280/1,000,000  18.5/s  upd=14472  L=0.0322  D=2.282
[dcg] 10:00:42  668,656/1,000,000  18.6/s  upd=14480  L=0.0325  D=2.282
[dcg] 10:00:54  669,095/1,000,000  18.6/s  upd=14488  L=0.0653  D=2.282
[dcg] 10:01:08  669,459/1,000,000  18.6/s  upd=14496  L=0.0399  D=2.282
[dcg] 10:01:24  669,920/1,000,000  18.6/s  upd=14504  L=0.0337  D=2.282
[dcg] 10:01:39  670,280/1,000,000  18.6/s  upd=14512  L=0.0394  D=2.282
[dcg] 10:01:55  670,623/1,000,000  18.6/s  upd=14520  L=0.0425  D=2.282
[dcg] 10:02:09  670,983/1,000,000  18.6/s  upd=14528  L=0.0329  D=2.282
[dcg] 10:02:22  671,395/1,000,000  18.6/s  upd=14536  L=0.0420  D=2.282
[dcg] 10:02:38  671,768/1,000,000  18.6/s  upd=14544  L=0.0362  D=2.282
[dcg] 10:02:55  672,249/1,000,000  18.6/s  upd=14552  L=0.0348  D=2.282
[dcg] 10:03:07  672,618/1,000,000  18.6/s  upd=14560  L=0.0335  D=2.282
[dcg] 10:03:20  672,935/1,000,000  18.6/s  upd=14568  L=0.0330  D=2.282
[dcg] 10:03:34  673,258/1,000,000  18.6/s  upd=14576  L=0.0381  D=2.282
[dcg] 10:03:48  673,606/1,000,000  18.6/s  upd=14584  L=0.0411  D=2.282
[dcg] 10:04:04  673,981/1,000,000  18.6/s  upd=14592  L=0.0355  D=2.282
[dcg] 10:04:18  674,347/1,000,000  18.6/s  upd=14600  L=0.0404  D=2.282
[dcg] 10:04:34  674,756/1,000,000  18.6/s  upd=14608  L=0.0449  D=2.282
[dcg] 10:04:48  675,058/1,000,000  18.6/s  upd=14616  L=0.0394  D=2.282
[dcg] 10:05:02  675,396/1,000,000  18.6/s  upd=14624  L=0.0417  D=2.282
[dcg] 10:05:24  675,689/1,000,000  18.6/s  upd=14632  L=0.0389  D=2.282
[dcg] 10:05:38  676,011/1,000,000  18.6/s  upd=14640  L=0.0322  D=2.282
[dcg] 10:05:53  676,373/1,000,000  18.6/s  upd=14648  L=0.0407  D=2.282
[dcg] 10:06:08  676,727/1,000,000  18.6/s  upd=14656  L=0.0391  D=2.282
[dcg] 10:06:23  677,071/1,000,000  18.6/s  upd=14664  L=0.0332  D=2.282
[dcg] 10:06:38  677,441/1,000,000  18.6/s  upd=14672  L=0.0272  D=2.282
[dcg] 10:06:52  677,735/1,000,000  18.6/s  upd=14680  L=0.0350  D=2.282
[dcg] 10:07:07  678,070/1,000,000  18.6/s  upd=14688  L=0.0320  D=2.282
[dcg] 10:07:22  678,498/1,000,000  18.6/s  upd=14696  L=0.0331  D=2.282
[dcg] 10:07:35  678,821/1,000,000  18.6/s  upd=14704  L=0.0410  D=2.282
[dcg] 10:07:52  679,181/1,000,000  18.6/s  upd=14712  L=0.0278  D=2.282
[dcg] 10:08:06  679,524/1,000,000  18.6/s  upd=14720  L=0.0418  D=2.282
[dcg] 10:08:19  679,896/1,000,000  18.6/s  upd=14728  L=0.0416  D=2.282
[dcg] 10:08:40  680,225/1,000,000  18.6/s  upd=14736  L=0.0402  ev=0/100  D=2.282
[dcg] 10:08:50  680,225/1,000,000  18.6/s  upd=14736  L=0.0402  ev=56/100  D=2.282
[dcg] 10:09:06  680,225/1,000,000  18.6/s  upd=14736  L=0.0402  D=2.248
[dcg] 10:09:19  680,575/1,000,000  18.6/s  upd=14744  L=0.0423  D=2.248
[dcg] 10:09:33  680,891/1,000,000  18.6/s  upd=14752  L=0.0370  D=2.248
[dcg] 10:09:47  681,237/1,000,000  18.6/s  upd=14760  L=0.0614  D=2.248
[dcg] 10:10:01  681,588/1,000,000  18.6/s  upd=14768  L=0.0322  D=2.248
[dcg] 10:10:15  681,904/1,000,000  18.6/s  upd=14776  L=0.0336  D=2.248
[dcg] 10:10:36  682,240/1,000,000  18.6/s  upd=14784  L=0.0301  D=2.248
[dcg] 10:10:50  682,628/1,000,000  18.6/s  upd=14792  L=0.0287  D=2.248
[dcg] 10:11:04  682,954/1,000,000  18.6/s  upd=14800  L=0.0423  D=2.248
[dcg] 10:11:18  683,335/1,000,000  18.6/s  upd=14808  L=0.0351  D=2.248
[dcg] 10:11:33  683,715/1,000,000  18.6/s  upd=14816  L=0.0398  D=2.248
[dcg] 10:11:47  684,033/1,000,000  18.6/s  upd=14824  L=0.0339  D=2.248
[dcg] 10:12:01  684,365/1,000,000  18.6/s  upd=14832  L=0.0338  D=2.248
[dcg] 10:12:15  684,734/1,000,000  18.6/s  upd=14840  L=0.0359  D=2.248
[dcg] 10:12:30  685,090/1,000,000  18.6/s  upd=14848  L=0.0319  D=2.248
[dcg] 10:12:45  685,521/1,000,000  18.6/s  upd=14856  L=0.0320  D=2.248
[dcg] 10:12:59  685,814/1,000,000  18.6/s  upd=14864  L=0.0449  D=2.248
[dcg] 10:13:14  686,161/1,000,000  18.6/s  upd=14872  L=0.0302  D=2.248
[dcg] 10:13:30  686,568/1,000,000  18.7/s  upd=14880  L=0.0448  D=2.248
[dcg] 10:13:45  686,918/1,000,000  18.7/s  upd=14888  L=0.0277  D=2.248
[dcg] 10:14:02  687,283/1,000,000  18.7/s  upd=14896  L=0.0399  D=2.248
[dcg] 10:14:17  687,652/1,000,000  18.7/s  upd=14904  L=0.0303  D=2.248
[dcg] 10:14:32  687,967/1,000,000  18.7/s  upd=14912  L=0.0337  D=2.248
[dcg] 10:14:47  688,333/1,000,000  18.7/s  upd=14920  L=0.0346  D=2.248
[dcg] 10:15:02  688,740/1,000,000  18.7/s  upd=14928  L=0.0364  D=2.248
[dcg] 10:15:17  689,075/1,000,000  18.7/s  upd=14936  L=0.0209  D=2.248
[dcg] 10:15:31  689,407/1,000,000  18.7/s  upd=14944  L=0.0275  D=2.248
[dcg] 10:15:55  689,773/1,000,000  18.7/s  upd=14952  L=0.0347  D=2.248
[dcg] 10:16:11  690,093/1,000,000  18.7/s  upd=14960  L=0.0295  D=2.248
[dcg] 10:16:27  690,456/1,000,000  18.7/s  upd=14968  L=0.0444  D=2.248
[dcg] 10:16:45  690,884/1,000,000  18.7/s  upd=14976  L=0.0371  D=2.248
[dcg] 10:17:02  691,210/1,000,000  18.7/s  upd=14984  L=0.0307  D=2.248
[dcg] 10:17:21  691,545/1,000,000  18.7/s  upd=14992  L=0.0309  D=2.248
[dcg] 10:17:37  691,871/1,000,000  18.7/s  upd=15000  L=0.0449  D=2.248
[dcg] 10:17:55  692,200/1,000,000  18.7/s  upd=15008  L=0.0406  D=2.248
[dcg] 10:18:13  692,563/1,000,000  18.7/s  upd=15016  L=0.0278  D=2.248
[dcg] 10:18:31  692,909/1,000,000  18.7/s  upd=15024  L=0.0321  D=2.248
[dcg] 10:18:48  693,275/1,000,000  18.7/s  upd=15032  L=0.0317  D=2.248
[dcg] 10:19:08  693,572/1,000,000  18.7/s  upd=15040  L=0.0488  D=2.248
[dcg] 10:19:25  693,938/1,000,000  18.7/s  upd=15048  L=0.0262  D=2.248
[dcg] 10:19:43  694,275/1,000,000  18.7/s  upd=15056  L=0.0422  D=2.248
[dcg] 10:20:00  694,574/1,000,000  18.7/s  upd=15064  L=0.0314  D=2.248
[dcg] 10:20:18  694,887/1,000,000  18.7/s  upd=15072  L=0.0368  D=2.248
[dcg] 10:20:37  695,277/1,000,000  18.7/s  upd=15080  L=0.0337  D=2.248
[dcg] 10:20:56  695,683/1,000,000  18.7/s  upd=15088  L=0.0303  D=2.248
[dcg] 10:21:07  695,683/1,000,000  18.7/s  upd=15088  L=0.0303  D=2.248
[dcg] 10:21:24  696,039/1,000,000  18.7/s  upd=15096  L=0.0435  D=2.248
[dcg] 10:21:46  696,469/1,000,000  18.7/s  upd=15104  L=0.0443  D=2.248
[dcg] 10:22:06  696,772/1,000,000  18.7/s  upd=15112  L=0.0425  D=2.248
[dcg] 10:22:27  697,176/1,000,000  18.7/s  upd=15120  L=0.0343  D=2.248
[dcg] 10:22:49  697,552/1,000,000  18.7/s  upd=15128  L=0.0314  D=2.248
[dcg] 10:23:10  697,876/1,000,000  18.7/s  upd=15136  L=0.0288  D=2.248
[dcg] 10:23:33  698,230/1,000,000  18.7/s  upd=15144  L=0.0356  D=2.248
[dcg] 10:23:54  698,563/1,000,000  18.7/s  upd=15152  L=0.0285  D=2.248
[dcg] 10:24:18  698,903/1,000,000  18.7/s  upd=15160  L=0.0380  D=2.248
[dcg] 10:24:39  699,243/1,000,000  18.7/s  upd=15168  L=0.0427  D=2.248
[dcg] 10:24:58  699,561/1,000,000  18.7/s  upd=15176  L=0.0353  D=2.248
[dcg] 10:25:17  699,869/1,000,000  18.7/s  upd=15184  L=0.0374  D=2.248
[dcg] 10:25:45  700,171/1,000,000  18.6/s  upd=15192  L=0.0338  ev=0/100  D=2.248
[dcg] 10:25:55  700,171/1,000,000  18.6/s  upd=15192  L=0.0338  ev=40/100  D=2.248
[dcg] 10:26:05  700,171/1,000,000  18.6/s  upd=15192  L=0.0338  ev=79/100  D=2.248
[dcg] 10:26:22  700,171/1,000,000  18.6/s  upd=15192  L=0.0338  D=2.479
[dcg] 10:26:49  700,503/1,000,000  18.6/s  upd=15200  L=0.0349  D=2.479
[dcg] 10:27:10  700,872/1,000,000  18.6/s  upd=15208  L=0.0251  D=2.479
[dcg] 10:27:27  701,208/1,000,000  18.6/s  upd=15216  L=0.0261  D=2.479
[dcg] 10:27:46  701,559/1,000,000  18.6/s  upd=15224  L=0.0451  D=2.479
[dcg] 10:28:08  701,953/1,000,000  18.6/s  upd=15232  L=0.0329  D=2.479
[dcg] 10:28:28  702,256/1,000,000  18.6/s  upd=15240  L=0.0307  D=2.479
[dcg] 10:28:48  702,596/1,000,000  18.6/s  upd=15248  L=0.0282  D=2.479
[dcg] 10:29:09  703,029/1,000,000  18.6/s  upd=15256  L=0.0355  D=2.479
[dcg] 10:29:29  703,355/1,000,000  18.6/s  upd=15264  L=0.0263  D=2.479
[dcg] 10:29:48  703,673/1,000,000  18.6/s  upd=15272  L=0.0349  D=2.479
[dcg] 10:30:06  704,004/1,000,000  18.6/s  upd=15280  L=0.0374  D=2.479
[dcg] 10:30:27  704,353/1,000,000  18.6/s  upd=15288  L=0.0270  D=2.479
[dcg] 10:30:46  704,682/1,000,000  18.6/s  upd=15296  L=0.0277  D=2.479
[dcg] 10:31:09  704,991/1,000,000  18.6/s  upd=15304  L=0.0370  D=2.479
[dcg] 10:31:27  705,338/1,000,000  18.6/s  upd=15312  L=0.0346  D=2.479
[dcg] 10:31:47  705,660/1,000,000  18.6/s  upd=15320  L=0.0284  D=2.479
[dcg] 10:32:02  705,660/1,000,000  18.6/s  upd=15320  L=0.0284  D=2.479
[dcg] 10:32:20  705,980/1,000,000  18.6/s  upd=15328  L=0.0320  D=2.479
[dcg] 10:32:39  706,317/1,000,000  18.6/s  upd=15336  L=0.0304  D=2.479
[dcg] 10:32:58  706,618/1,000,000  18.6/s  upd=15344  L=0.0294  D=2.479
[dcg] 10:33:16  706,984/1,000,000  18.6/s  upd=15352  L=0.0257  D=2.479
[dcg] 10:33:34  707,293/1,000,000  18.6/s  upd=15360  L=0.0286  D=2.479
[dcg] 10:33:54  707,661/1,000,000  18.6/s  upd=15368  L=0.0368  D=2.479
[dcg] 10:34:10  707,996/1,000,000  18.6/s  upd=15376  L=0.0600  D=2.479
[dcg] 10:34:26  708,424/1,000,000  18.6/s  upd=15384  L=0.0278  D=2.479
[dcg] 10:34:44  708,756/1,000,000  18.6/s  upd=15392  L=0.0574  D=2.479
[dcg] 10:35:00  709,091/1,000,000  18.6/s  upd=15400  L=0.0335  D=2.479
[dcg] 10:35:21  709,456/1,000,000  18.6/s  upd=15408  L=0.0389  D=2.479
[dcg] 10:35:37  709,778/1,000,000  18.6/s  upd=15416  L=0.0409  D=2.479
[dcg] 10:35:53  710,104/1,000,000  18.6/s  upd=15424  L=0.0317  D=2.479
[dcg] 10:36:14  710,484/1,000,000  18.6/s  upd=15432  L=0.0380  D=2.479
[dcg] 10:36:31  710,818/1,000,000  18.6/s  upd=15440  L=0.0487  D=2.479
[dcg] 10:36:48  711,148/1,000,000  18.6/s  upd=15448  L=0.0331  D=2.479
[dcg] 10:37:05  711,478/1,000,000  18.6/s  upd=15456  L=0.0345  D=2.479
[dcg] 10:37:27  711,784/1,000,000  18.6/s  upd=15464  L=0.0423  D=2.479
[dcg] 10:37:45  712,115/1,000,000  18.6/s  upd=15472  L=0.0233  D=2.479
[dcg] 10:38:02  712,435/1,000,000  18.6/s  upd=15480  L=0.0392  D=2.479
[dcg] 10:38:20  712,788/1,000,000  18.6/s  upd=15488  L=0.0461  D=2.479
[dcg] 10:38:38  713,114/1,000,000  18.6/s  upd=15496  L=0.0258  D=2.479
[dcg] 10:38:56  713,457/1,000,000  18.6/s  upd=15504  L=0.0395  D=2.479
[dcg] 10:39:15  713,831/1,000,000  18.6/s  upd=15512  L=0.0296  D=2.479
[dcg] 10:39:34  714,178/1,000,000  18.6/s  upd=15520  L=0.0322  D=2.479
[dcg] 10:39:51  714,476/1,000,000  18.6/s  upd=15528  L=0.0228  D=2.479
[dcg] 10:40:11  714,799/1,000,000  18.6/s  upd=15536  L=0.0436  D=2.479
[dcg] 10:40:28  715,101/1,000,000  18.6/s  upd=15544  L=0.0339  D=2.479
[dcg] 10:40:47  715,436/1,000,000  18.6/s  upd=15552  L=0.0307  D=2.479
[dcg] 10:41:03  715,853/1,000,000  18.6/s  upd=15560  L=0.0269  D=2.479
[dcg] 10:41:22  716,212/1,000,000  18.6/s  upd=15568  L=0.0434  D=2.479
[dcg] 10:41:41  716,587/1,000,000  18.6/s  upd=15576  L=0.0417  D=2.479
[dcg] 10:42:00  716,979/1,000,000  18.6/s  upd=15584  L=0.0353  D=2.479
[dcg] 10:42:16  717,337/1,000,000  18.6/s  upd=15592  L=0.0416  D=2.479
[dcg] 10:42:42  717,668/1,000,000  18.6/s  upd=15600  L=0.0428  D=2.479
[dcg] 10:43:00  717,972/1,000,000  18.6/s  upd=15608  L=0.0406  D=2.479
[dcg] 10:43:18  718,307/1,000,000  18.6/s  upd=15616  L=0.0264  D=2.479
[dcg] 10:43:37  718,687/1,000,000  18.6/s  upd=15624  L=0.0302  D=2.479
[dcg] 10:43:55  719,025/1,000,000  18.6/s  upd=15632  L=0.0322  D=2.479
[dcg] 10:44:12  719,374/1,000,000  18.6/s  upd=15640  L=0.0491  D=2.479
[dcg] 10:44:30  719,693/1,000,000  18.6/s  upd=15648  L=0.0293  D=2.479
[dcg] 10:44:55  720,096/1,000,000  18.6/s  upd=15656  L=0.0393  ev=0/100  D=2.479
[dcg] 10:45:05  720,096/1,000,000  18.6/s  upd=15656  L=0.0393  ev=40/100  D=2.479
[dcg] 10:45:15  720,096/1,000,000  18.6/s  upd=15656  L=0.0393  ev=79/100  D=2.479
[dcg] 10:45:28  720,096/1,000,000  18.6/s  upd=15656  L=0.0393  D=2.136
[dcg] 10:45:45  720,403/1,000,000  18.6/s  upd=15664  L=0.0304  D=2.136
[dcg] 10:46:03  720,710/1,000,000  18.6/s  upd=15672  L=0.0354  D=2.136
[dcg] 10:46:14  721,093/1,000,000  18.6/s  upd=15680  L=0.0221  D=2.136
[dcg] 10:46:30  721,428/1,000,000  18.6/s  upd=15688  L=0.0331  D=2.136
[dcg] 10:46:47  721,776/1,000,000  18.6/s  upd=15696  L=0.0332  D=2.136
[dcg] 10:47:07  722,141/1,000,000  18.6/s  upd=15704  L=0.0366  D=2.136
[dcg] 10:47:21  722,451/1,000,000  18.6/s  upd=15712  L=0.0456  D=2.136
[dcg] 10:47:40  722,860/1,000,000  18.6/s  upd=15720  L=0.0373  D=2.136
[dcg] 10:47:50  722,860/1,000,000  18.6/s  upd=15720  L=0.0373  D=2.136
[dcg] 10:48:08  723,257/1,000,000  18.6/s  upd=15728  L=0.0422  D=2.136
[dcg] 10:48:25  723,567/1,000,000  18.6/s  upd=15736  L=0.0293  D=2.136
[dcg] 10:48:42  723,863/1,000,000  18.6/s  upd=15744  L=0.0296  D=2.136
[dcg] 10:49:00  724,225/1,000,000  18.6/s  upd=15752  L=0.0329  D=2.136
[dcg] 10:49:18  724,581/1,000,000  18.6/s  upd=15760  L=0.0276  D=2.136
[dcg] 10:49:37  724,889/1,000,000  18.6/s  upd=15768  L=0.0495  D=2.136
[dcg] 10:49:55  725,248/1,000,000  18.6/s  upd=15776  L=0.0316  D=2.136
[dcg] 10:50:15  725,581/1,000,000  18.6/s  upd=15784  L=0.0331  D=2.136
[dcg] 10:50:33  725,880/1,000,000  18.6/s  upd=15792  L=0.0335  D=2.136
[dcg] 10:50:48  726,239/1,000,000  18.6/s  upd=15800  L=0.0263  D=2.136
[dcg] 10:51:04  726,609/1,000,000  18.6/s  upd=15808  L=0.0400  D=2.136
[dcg] 10:51:18  726,993/1,000,000  18.6/s  upd=15816  L=0.0266  D=2.136
[dcg] 10:51:36  727,318/1,000,000  18.6/s  upd=15824  L=0.0267  D=2.136
[dcg] 10:51:53  727,626/1,000,000  18.6/s  upd=15832  L=0.0372  D=2.136
[dcg] 10:52:11  727,947/1,000,000  18.6/s  upd=15840  L=0.0356  D=2.136
[dcg] 10:52:29  728,277/1,000,000  18.6/s  upd=15848  L=0.0340  D=2.136
[dcg] 10:52:48  728,605/1,000,000  18.6/s  upd=15856  L=0.0313  D=2.136
[dcg] 10:53:06  728,931/1,000,000  18.6/s  upd=15864  L=0.0375  D=2.136
[dcg] 10:53:30  729,225/1,000,000  18.6/s  upd=15872  L=0.0485  D=2.136
[dcg] 10:53:49  729,526/1,000,000  18.6/s  upd=15880  L=0.0255  D=2.136
[dcg] 10:54:06  729,835/1,000,000  18.6/s  upd=15888  L=0.0308  D=2.136
[dcg] 10:54:24  730,177/1,000,000  18.6/s  upd=15896  L=0.0314  D=2.136
[dcg] 10:54:43  730,526/1,000,000  18.6/s  upd=15904  L=0.0411  D=2.136
[dcg] 10:55:00  730,833/1,000,000  18.6/s  upd=15912  L=0.0296  D=2.136
[dcg] 10:55:17  731,148/1,000,000  18.6/s  upd=15920  L=0.0318  D=2.136
[dcg] 10:55:34  731,478/1,000,000  18.6/s  upd=15928  L=0.0235  D=2.136
[dcg] 10:55:53  731,828/1,000,000  18.6/s  upd=15936  L=0.0291  D=2.136
[dcg] 10:56:12  732,165/1,000,000  18.6/s  upd=15944  L=0.0273  D=2.136
[dcg] 10:56:29  732,537/1,000,000  18.6/s  upd=15952  L=0.0387  D=2.136
[dcg] 10:56:46  732,896/1,000,000  18.6/s  upd=15960  L=0.0277  D=2.136
[dcg] 10:57:06  733,234/1,000,000  18.6/s  upd=15968  L=0.0281  D=2.136
[dcg] 10:57:24  733,586/1,000,000  18.6/s  upd=15976  L=0.0335  D=2.136
[dcg] 10:57:39  733,891/1,000,000  18.6/s  upd=15984  L=0.0351  D=2.136
[dcg] 10:57:56  734,232/1,000,000  18.6/s  upd=15992  L=0.0278  D=2.136
[dcg] 10:58:14  734,588/1,000,000  18.6/s  upd=16000  L=0.0359  D=2.136
[dcg] 10:58:38  734,905/1,000,000  18.6/s  upd=16008  L=0.0287  D=2.136
[dcg] 10:58:57  735,272/1,000,000  18.6/s  upd=16016  L=0.0569  D=2.136
[dcg] 10:59:16  735,649/1,000,000  18.6/s  upd=16024  L=0.0375  D=2.136
[dcg] 10:59:33  736,085/1,000,000  18.6/s  upd=16032  L=0.0337  D=2.136
[dcg] 10:59:52  736,447/1,000,000  18.6/s  upd=16040  L=0.0493  D=2.136
[dcg] 11:00:11  736,843/1,000,000  18.6/s  upd=16048  L=0.0255  D=2.136
[dcg] 11:00:34  737,135/1,000,000  18.6/s  upd=16056  L=0.0344  D=2.136
[dcg] 11:00:52  737,455/1,000,000  18.6/s  upd=16064  L=0.0405  D=2.136
[dcg] 11:01:10  737,803/1,000,000  18.6/s  upd=16072  L=0.0375  D=2.136
[dcg] 11:01:30  738,203/1,000,000  18.6/s  upd=16080  L=0.0310  D=2.136
[dcg] 11:01:47  738,531/1,000,000  18.6/s  upd=16088  L=0.0337  D=2.136
[dcg] 11:02:00  738,919/1,000,000  18.6/s  upd=16096  L=0.0470  D=2.136
[dcg] 11:02:20  739,262/1,000,000  18.6/s  upd=16104  L=0.0311  D=2.136
[dcg] 11:02:38  739,596/1,000,000  18.6/s  upd=16112  L=0.0420  D=2.136
[dcg] 11:02:57  739,951/1,000,000  18.6/s  upd=16120  L=0.0338  D=2.136
[dcg] 11:03:24  740,306/1,000,000  18.6/s  upd=16128  L=0.0317  ev=0/100  D=2.136
[dcg] 11:03:34  740,306/1,000,000  18.6/s  upd=16128  L=0.0317  ev=48/100  D=2.136
[dcg] 11:03:44  740,306/1,000,000  18.6/s  upd=16128  L=0.0317  ev=88/100  D=2.136
[dcg] 11:04:01  740,306/1,000,000  18.6/s  upd=16128  L=0.0317  D=1.969
[dcg] 11:04:19  740,615/1,000,000  18.6/s  upd=16136  L=0.0332  D=1.969
[dcg] 11:04:37  740,968/1,000,000  18.6/s  upd=16144  L=0.0350  D=1.969
[dcg] 11:04:54  741,284/1,000,000  18.6/s  upd=16152  L=0.0274  D=1.969
[dcg] 11:05:12  741,651/1,000,000  18.6/s  upd=16160  L=0.0383  D=1.969
[dcg] 11:05:31  741,976/1,000,000  18.6/s  upd=16168  L=0.0458  D=1.969
[dcg] 11:05:49  742,318/1,000,000  18.6/s  upd=16176  L=0.0324  D=1.969
[dcg] 11:06:07  742,678/1,000,000  18.6/s  upd=16184  L=0.0331  D=1.969
[dcg] 11:06:25  743,058/1,000,000  18.6/s  upd=16192  L=0.0458  D=1.969
[dcg] 11:06:41  743,347/1,000,000  18.6/s  upd=16200  L=0.0352  D=1.969
[dcg] 11:06:58  743,677/1,000,000  18.6/s  upd=16208  L=0.0298  D=1.969
[dcg] 11:07:13  744,016/1,000,000  18.6/s  upd=16216  L=0.0272  D=1.969
[dcg] 11:07:29  744,345/1,000,000  18.6/s  upd=16224  L=0.0439  D=1.969
[dcg] 11:07:45  744,689/1,000,000  18.6/s  upd=16232  L=0.0334  D=1.969
[dcg] 11:08:00  744,997/1,000,000  18.6/s  upd=16240  L=0.0342  D=1.969
[dcg] 11:08:12  745,339/1,000,000  18.6/s  upd=16248  L=0.0251  D=1.969
[dcg] 11:08:31  745,661/1,000,000  18.6/s  upd=16256  L=0.0384  D=1.969
[dcg] 11:08:52  745,972/1,000,000  18.6/s  upd=16264  L=0.0325  D=1.969
[dcg] 11:09:08  746,351/1,000,000  18.6/s  upd=16272  L=0.0241  D=1.969
[dcg] 11:09:31  746,703/1,000,000  18.6/s  upd=16280  L=0.0253  D=1.969
[dcg] 11:09:45  747,040/1,000,000  18.6/s  upd=16288  L=0.0325  D=1.969
[dcg] 11:10:00  747,391/1,000,000  18.6/s  upd=16296  L=0.0454  D=1.969
[dcg] 11:10:17  747,729/1,000,000  18.6/s  upd=16304  L=0.0310  D=1.969
[dcg] 11:10:36  748,001/1,000,000  18.6/s  upd=16312  L=0.0322  D=1.969
[dcg] 11:10:54  748,355/1,000,000  18.6/s  upd=16320  L=0.0422  D=1.969
[dcg] 11:11:11  748,660/1,000,000  18.6/s  upd=16328  L=0.0374  D=1.969
[dcg] 11:11:28  748,957/1,000,000  18.6/s  upd=16336  L=0.0279  D=1.969
[dcg] 11:11:46  749,319/1,000,000  18.6/s  upd=16344  L=0.0298  D=1.969
[dcg] 11:12:04  749,693/1,000,000  18.6/s  upd=16352  L=0.0336  D=1.969
[dcg] 11:12:20  750,008/1,000,000  18.6/s  upd=16360  L=0.0321  D=1.969
[dcg] 11:12:38  750,340/1,000,000  18.6/s  upd=16368  L=0.0284  D=1.969
[dcg] 11:12:56  750,717/1,000,000  18.6/s  upd=16376  L=0.0414  D=1.969
[dcg] 11:13:13  751,078/1,000,000  18.6/s  upd=16384  L=0.0350  D=1.969
[dcg] 11:13:32  751,470/1,000,000  18.6/s  upd=16392  L=0.0404  D=1.969
[dcg] 11:13:49  751,789/1,000,000  18.6/s  upd=16400  L=0.0289  D=1.969
[dcg] 11:14:08  752,108/1,000,000  18.6/s  upd=16408  L=0.0479  D=1.969
[dcg] 11:14:24  752,419/1,000,000  18.6/s  upd=16416  L=0.0270  D=1.969
[dcg] 11:14:48  752,721/1,000,000  18.6/s  upd=16424  L=0.0365  D=1.969
[dcg] 11:15:07  753,145/1,000,000  18.6/s  upd=16432  L=0.0294  D=1.969
[dcg] 11:15:24  753,449/1,000,000  18.6/s  upd=16440  L=0.0356  D=1.969
[dcg] 11:15:43  753,773/1,000,000  18.6/s  upd=16448  L=0.0307  D=1.969
[dcg] 11:16:02  754,160/1,000,000  18.6/s  upd=16456  L=0.0282  D=1.969
[dcg] 11:16:20  754,511/1,000,000  18.6/s  upd=16464  L=0.0368  D=1.969
[dcg] 11:16:39  754,850/1,000,000  18.6/s  upd=16472  L=0.0307  D=1.969
[dcg] 11:16:57  755,166/1,000,000  18.6/s  upd=16480  L=0.0352  D=1.969
[dcg] 11:17:16  755,505/1,000,000  18.6/s  upd=16488  L=0.0388  D=1.969
[dcg] 11:17:34  755,824/1,000,000  18.6/s  upd=16496  L=0.0314  D=1.969
[dcg] 11:17:48  756,159/1,000,000  18.6/s  upd=16504  L=0.0384  D=1.969
[dcg] 11:18:06  756,515/1,000,000  18.6/s  upd=16512  L=0.0323  D=1.969
[dcg] 11:18:22  756,881/1,000,000  18.6/s  upd=16520  L=0.0324  D=1.969
[dcg] 11:18:39  757,194/1,000,000  18.6/s  upd=16528  L=0.0344  D=1.969
[dcg] 11:18:55  757,505/1,000,000  18.6/s  upd=16536  L=0.0533  D=1.969
[dcg] 11:19:15  757,830/1,000,000  18.6/s  upd=16544  L=0.0407  D=1.969
[dcg] 11:19:32  758,187/1,000,000  18.6/s  upd=16552  L=0.0289  D=1.969
[dcg] 11:19:56  758,499/1,000,000  18.6/s  upd=16560  L=0.0373  D=1.969
[dcg] 11:20:14  758,792/1,000,000  18.6/s  upd=16568  L=0.0507  D=1.969
[dcg] 11:20:34  759,142/1,000,000  18.6/s  upd=16576  L=0.0263  D=1.969
[dcg] 11:20:51  759,456/1,000,000  18.6/s  upd=16584  L=0.0319  D=1.969
[dcg] 11:21:09  759,782/1,000,000  18.6/s  upd=16592  L=0.0326  D=1.969
[dcg] 11:21:30  760,103/1,000,000  18.6/s  upd=16600  L=0.0312  ev=0/100  D=1.969
[dcg] 11:21:40  760,103/1,000,000  18.6/s  upd=16600  L=0.0312  ev=48/100  D=1.969
[dcg] 11:21:50  760,103/1,000,000  18.6/s  upd=16600  L=0.0312  ev=95/100  D=1.969
[dcg] 11:22:00  760,103/1,000,000  18.6/s  upd=16600  L=0.0312  D=2.256
[dcg] 11:22:21  760,402/1,000,000  18.6/s  upd=16608  L=0.0397  D=2.256
[dcg] 11:22:40  760,737/1,000,000  18.6/s  upd=16616  L=0.0314  D=2.256
[dcg] 11:22:59  761,051/1,000,000  18.6/s  upd=16624  L=0.0331  D=2.256
[dcg] 11:23:14  761,415/1,000,000  18.6/s  upd=16632  L=0.0473  D=2.256
[dcg] 11:23:33  761,710/1,000,000  18.6/s  upd=16640  L=0.0396  D=2.256
[dcg] 11:23:49  762,033/1,000,000  18.6/s  upd=16648  L=0.0308  D=2.256
[dcg] 11:24:08  762,384/1,000,000  18.6/s  upd=16656  L=0.0293  D=2.256
[dcg] 11:24:26  762,673/1,000,000  18.6/s  upd=16664  L=0.0339  D=2.256
[dcg] 11:24:43  762,996/1,000,000  18.6/s  upd=16672  L=0.0297  D=2.256
[dcg] 11:25:09  763,290/1,000,000  18.6/s  upd=16680  L=0.0415  D=2.256
[dcg] 11:25:27  763,597/1,000,000  18.6/s  upd=16688  L=0.0215  D=2.256
[dcg] 11:25:45  763,962/1,000,000  18.6/s  upd=16696  L=0.0443  D=2.256
[dcg] 11:26:02  764,316/1,000,000  18.6/s  upd=16704  L=0.0293  D=2.256
[dcg] 11:26:20  764,616/1,000,000  18.6/s  upd=16712  L=0.0291  D=2.256
[dcg] 11:26:38  764,935/1,000,000  18.6/s  upd=16720  L=0.0395  D=2.256
[dcg] 11:27:01  765,284/1,000,000  18.6/s  upd=16728  L=0.0249  D=2.256
[dcg] 11:27:19  765,579/1,000,000  18.6/s  upd=16736  L=0.0404  D=2.256
[dcg] 11:27:37  765,920/1,000,000  18.6/s  upd=16744  L=0.0295  D=2.256
[dcg] 11:27:55  766,226/1,000,000  18.6/s  upd=16752  L=0.0334  D=2.256
[dcg] 11:28:13  766,574/1,000,000  18.6/s  upd=16760  L=0.0319  D=2.256
[dcg] 11:28:28  766,889/1,000,000  18.6/s  upd=16768  L=0.0271  D=2.256
[dcg] 11:28:47  767,183/1,000,000  18.6/s  upd=16776  L=0.0597  D=2.256
[dcg] 11:29:04  767,519/1,000,000  18.6/s  upd=16784  L=0.0236  D=2.256
[dcg] 11:29:24  767,854/1,000,000  18.6/s  upd=16792  L=0.0373  D=2.256
[dcg] 11:29:43  768,165/1,000,000  18.6/s  upd=16800  L=0.0362  D=2.256
[dcg] 11:30:03  768,511/1,000,000  18.6/s  upd=16808  L=0.0449  D=2.256
[dcg] 11:30:30  768,843/1,000,000  18.6/s  upd=16816  L=0.0346  D=2.256
[dcg] 11:30:49  769,172/1,000,000  18.6/s  upd=16824  L=0.0376  D=2.256
[dcg] 11:31:06  769,498/1,000,000  18.6/s  upd=16832  L=0.0457  D=2.256
[dcg] 11:31:23  769,827/1,000,000  18.6/s  upd=16840  L=0.0376  D=2.256
[dcg] 11:31:42  770,158/1,000,000  18.6/s  upd=16848  L=0.0326  D=2.256
[dcg] 11:32:04  770,488/1,000,000  18.6/s  upd=16856  L=0.0359  D=2.256
[dcg] 11:32:23  770,811/1,000,000  18.6/s  upd=16864  L=0.0422  D=2.256
[dcg] 11:32:40  771,134/1,000,000  18.6/s  upd=16872  L=0.0253  D=2.256
[dcg] 11:33:00  771,464/1,000,000  18.6/s  upd=16880  L=0.0413  D=2.256
[dcg] 11:33:18  771,825/1,000,000  18.6/s  upd=16888  L=0.0468  D=2.256
[dcg] 11:33:35  772,130/1,000,000  18.6/s  upd=16896  L=0.0347  D=2.256
[dcg] 11:33:50  772,480/1,000,000  18.6/s  upd=16904  L=0.0267  D=2.256
[dcg] 11:34:07  772,803/1,000,000  18.6/s  upd=16912  L=0.0328  D=2.256
[dcg] 11:34:21  773,106/1,000,000  18.6/s  upd=16920  L=0.0431  D=2.256
[dcg] 11:34:38  773,432/1,000,000  18.6/s  upd=16928  L=0.0378  D=2.256
[dcg] 11:34:57  773,762/1,000,000  18.6/s  upd=16936  L=0.0240  D=2.256
[dcg] 11:35:16  774,146/1,000,000  18.6/s  upd=16944  L=0.0277  D=2.256
[dcg] 11:35:26  774,146/1,000,000  18.6/s  upd=16944  L=0.0277  D=2.256
[dcg] 11:35:44  774,495/1,000,000  18.6/s  upd=16952  L=0.0282  D=2.256
[dcg] 11:36:03  774,853/1,000,000  18.6/s  upd=16960  L=0.0506  D=2.256
[dcg] 11:36:22  775,165/1,000,000  18.6/s  upd=16968  L=0.0321  D=2.256
[dcg] 11:36:40  775,535/1,000,000  18.6/s  upd=16976  L=0.0427  D=2.256
[dcg] 11:36:59  775,824/1,000,000  18.6/s  upd=16984  L=0.0316  D=2.256
[dcg] 11:37:17  776,132/1,000,000  18.6/s  upd=16992  L=0.0353  D=2.256
[dcg] 11:37:35  776,483/1,000,000  18.6/s  upd=17000  L=0.0328  D=2.256
[dcg] 11:37:54  776,813/1,000,000  18.6/s  upd=17008  L=0.0330  D=2.256
[dcg] 11:38:15  777,212/1,000,000  18.6/s  upd=17016  L=0.0274  D=2.256
[dcg] 11:38:36  777,564/1,000,000  18.6/s  upd=17024  L=0.0389  D=2.256
[dcg] 11:38:52  777,914/1,000,000  18.6/s  upd=17032  L=0.0366  D=2.256
[dcg] 11:39:10  778,222/1,000,000  18.6/s  upd=17040  L=0.0472  D=2.256
[dcg] 11:39:28  778,630/1,000,000  18.6/s  upd=17048  L=0.0381  D=2.256
[dcg] 11:39:44  778,935/1,000,000  18.6/s  upd=17056  L=0.0378  D=2.256
[dcg] 11:40:02  779,272/1,000,000  18.6/s  upd=17064  L=0.0322  D=2.256
[dcg] 11:40:19  779,596/1,000,000  18.6/s  upd=17072  L=0.0360  D=2.256
[dcg] 11:40:36  779,910/1,000,000  18.6/s  upd=17080  L=0.0377  D=2.256
[dcg] 11:40:46  779,910/1,000,000  18.5/s  upd=17080  L=0.0377  D=2.256
[dcg] 11:41:09  780,263/1,000,000  18.5/s  upd=17088  L=0.0406  ev=0/100  D=2.256
[dcg] 11:41:19  780,263/1,000,000  18.5/s  upd=17088  L=0.0406  ev=32/100  D=2.256
[dcg] 11:41:29  780,263/1,000,000  18.5/s  upd=17088  L=0.0406  ev=72/100  D=2.256
[dcg] 11:41:45  780,263/1,000,000  18.5/s  upd=17088  L=0.0406  D=2.442
[dcg] 11:41:59  780,656/1,000,000  18.5/s  upd=17096  L=0.0351  D=2.442
[dcg] 11:42:16  781,069/1,000,000  18.5/s  upd=17104  L=0.0393  D=2.442
[dcg] 11:42:31  781,395/1,000,000  18.5/s  upd=17112  L=0.0337  D=2.442
[dcg] 11:42:47  781,740/1,000,000  18.5/s  upd=17120  L=0.0414  D=2.442
[dcg] 11:43:08  782,080/1,000,000  18.5/s  upd=17128  L=0.0304  D=2.442
[dcg] 11:43:26  782,375/1,000,000  18.5/s  upd=17136  L=0.0358  D=2.442
[dcg] 11:43:44  782,686/1,000,000  18.5/s  upd=17144  L=0.0279  D=2.442
[dcg] 11:43:59  782,991/1,000,000  18.5/s  upd=17152  L=0.0302  D=2.442
[dcg] 11:44:18  783,359/1,000,000  18.5/s  upd=17160  L=0.0257  D=2.442
[dcg] 11:44:37  783,659/1,000,000  18.5/s  upd=17168  L=0.0332  D=2.442
[dcg] 11:44:54  783,998/1,000,000  18.5/s  upd=17176  L=0.0300  D=2.442
[dcg] 11:45:13  784,319/1,000,000  18.5/s  upd=17184  L=0.0435  D=2.442
[dcg] 11:45:30  784,611/1,000,000  18.5/s  upd=17192  L=0.0311  D=2.442
[dcg] 11:45:49  784,943/1,000,000  18.5/s  upd=17200  L=0.0368  D=2.442
[dcg] 11:46:13  785,324/1,000,000  18.5/s  upd=17208  L=0.0365  D=2.442
[dcg] 11:46:32  785,651/1,000,000  18.5/s  upd=17216  L=0.0311  D=2.442
[dcg] 11:46:48  785,973/1,000,000  18.5/s  upd=17224  L=0.0431  D=2.442
[dcg] 11:47:05  786,278/1,000,000  18.5/s  upd=17232  L=0.0317  D=2.442
[dcg] 11:47:21  786,597/1,000,000  18.5/s  upd=17240  L=0.0337  D=2.442
[dcg] 11:47:40  786,968/1,000,000  18.5/s  upd=17248  L=0.0511  D=2.442
[dcg] 11:47:58  787,294/1,000,000  18.5/s  upd=17256  L=0.0339  D=2.442
[dcg] 11:48:15  787,655/1,000,000  18.5/s  upd=17264  L=0.0303  D=2.442
[dcg] 11:48:32  788,005/1,000,000  18.5/s  upd=17272  L=0.0367  D=2.442
[dcg] 11:48:50  788,305/1,000,000  18.5/s  upd=17280  L=0.0253  D=2.442
[dcg] 11:49:08  788,613/1,000,000  18.5/s  upd=17288  L=0.0370  D=2.442
[dcg] 11:49:24  788,960/1,000,000  18.5/s  upd=17296  L=0.0519  D=2.442
[dcg] 11:49:41  789,247/1,000,000  18.5/s  upd=17304  L=0.0402  D=2.442
[dcg] 11:49:59  789,565/1,000,000  18.5/s  upd=17312  L=0.0313  D=2.442
[dcg] 11:50:17  789,915/1,000,000  18.5/s  upd=17320  L=0.0347  D=2.442
[dcg] 11:50:36  790,318/1,000,000  18.5/s  upd=17328  L=0.0301  D=2.442
[dcg] 11:50:55  790,664/1,000,000  18.5/s  upd=17336  L=0.0366  D=2.442
[dcg] 11:51:11  790,989/1,000,000  18.5/s  upd=17344  L=0.0363  D=2.442
[dcg] 11:51:37  791,375/1,000,000  18.5/s  upd=17352  L=0.0273  D=2.442
[dcg] 11:51:54  791,678/1,000,000  18.5/s  upd=17360  L=0.0268  D=2.442
[dcg] 11:52:13  792,020/1,000,000  18.5/s  upd=17368  L=0.0335  D=2.442
[dcg] 11:52:32  792,400/1,000,000  18.5/s  upd=17376  L=0.0264  D=2.442
[dcg] 11:52:51  792,769/1,000,000  18.5/s  upd=17384  L=0.0543  D=2.442
[dcg] 11:53:07  793,092/1,000,000  18.5/s  upd=17392  L=0.0464  D=2.442
[dcg] 11:53:25  793,424/1,000,000  18.5/s  upd=17400  L=0.0298  D=2.442
[dcg] 11:53:43  793,746/1,000,000  18.5/s  upd=17408  L=0.0453  D=2.442
[dcg] 11:54:00  794,056/1,000,000  18.5/s  upd=17416  L=0.0311  D=2.442
[dcg] 11:54:17  794,371/1,000,000  18.5/s  upd=17424  L=0.0328  D=2.442
[dcg] 11:54:38  794,695/1,000,000  18.5/s  upd=17432  L=0.0364  D=2.442
[dcg] 11:54:55  795,038/1,000,000  18.5/s  upd=17440  L=0.0316  D=2.442
[dcg] 11:55:11  795,379/1,000,000  18.5/s  upd=17448  L=0.0349  D=2.442
[dcg] 11:55:28  795,755/1,000,000  18.5/s  upd=17456  L=0.0374  D=2.442
[dcg] 11:55:46  796,080/1,000,000  18.5/s  upd=17464  L=0.0273  D=2.442
[dcg] 11:56:04  796,480/1,000,000  18.5/s  upd=17472  L=0.0351  D=2.442
[dcg] 11:56:23  796,785/1,000,000  18.5/s  upd=17480  L=0.0472  D=2.442
[dcg] 11:56:47  797,117/1,000,000  18.5/s  upd=17488  L=0.0428  D=2.442
[dcg] 11:57:08  797,475/1,000,000  18.5/s  upd=17496  L=0.0563  D=2.442
[dcg] 11:57:26  797,845/1,000,000  18.5/s  upd=17504  L=0.0310  D=2.442
[dcg] 11:57:44  798,166/1,000,000  18.5/s  upd=17512  L=0.0308  D=2.442
[dcg] 11:58:01  798,446/1,000,000  18.5/s  upd=17520  L=0.0357  D=2.442
[dcg] 11:58:16  798,751/1,000,000  18.5/s  upd=17528  L=0.0311  D=2.442
[dcg] 11:58:30  799,121/1,000,000  18.5/s  upd=17536  L=0.0388  D=2.442
[dcg] 11:58:44  799,420/1,000,000  18.5/s  upd=17544  L=0.0264  D=2.442
[dcg] 11:59:01  799,779/1,000,000  18.5/s  upd=17552  L=0.0352  D=2.442
[dcg] 11:59:27  800,091/1,000,000  18.5/s  upd=17560  L=0.0275  ev=0/100  D=2.442
[dcg] 11:59:37  800,091/1,000,000  18.5/s  upd=17560  L=0.0275  ev=40/100  D=2.442
[dcg] 11:59:47  800,091/1,000,000  18.5/s  upd=17560  L=0.0275  ev=79/100  D=2.442
[dcg] 12:00:05  800,091/1,000,000  18.5/s  upd=17560  L=0.0275  D=1.929
[dcg] 12:00:24  800,427/1,000,000  18.5/s  upd=17568  L=0.0387  D=1.929
[dcg] 12:00:41  800,763/1,000,000  18.5/s  upd=17576  L=0.0385  D=1.929
[dcg] 12:00:59  801,084/1,000,000  18.5/s  upd=17584  L=0.0361  D=1.929
[dcg] 12:01:17  801,432/1,000,000  18.5/s  upd=17592  L=0.0260  D=1.929
[dcg] 12:01:36  801,802/1,000,000  18.5/s  upd=17600  L=0.0335  D=1.929
[dcg] 12:02:00  802,151/1,000,000  18.5/s  upd=17608  L=0.0351  D=1.929
[dcg] 12:02:17  802,528/1,000,000  18.5/s  upd=17616  L=0.0301  D=1.929
[dcg] 12:02:34  802,885/1,000,000  18.5/s  upd=17624  L=0.0360  D=1.929
[dcg] 12:02:54  803,223/1,000,000  18.5/s  upd=17632  L=0.0341  D=1.929
[dcg] 12:03:13  803,560/1,000,000  18.5/s  upd=17640  L=0.0320  D=1.929
[dcg] 12:03:30  803,898/1,000,000  18.5/s  upd=17648  L=0.0339  D=1.929
[dcg] 12:03:46  804,216/1,000,000  18.5/s  upd=17656  L=0.0583  D=1.929
[dcg] 12:04:01  804,534/1,000,000  18.5/s  upd=17664  L=0.0351  D=1.929
[dcg] 12:04:20  804,943/1,000,000  18.5/s  upd=17672  L=0.0412  D=1.929
[dcg] 12:04:38  805,264/1,000,000  18.5/s  upd=17680  L=0.0372  D=1.929
[dcg] 12:04:59  805,690/1,000,000  18.5/s  upd=17688  L=0.0278  D=1.929
[dcg] 12:05:15  806,006/1,000,000  18.5/s  upd=17696  L=0.0359  D=1.929
[dcg] 12:05:31  806,306/1,000,000  18.5/s  upd=17704  L=0.0272  D=1.929
[dcg] 12:05:47  806,660/1,000,000  18.5/s  upd=17712  L=0.0412  D=1.929
[dcg] 12:06:02  807,008/1,000,000  18.5/s  upd=17720  L=0.0309  D=1.929
[dcg] 12:06:20  807,349/1,000,000  18.5/s  upd=17728  L=0.0597  D=1.929
[dcg] 12:06:39  807,681/1,000,000  18.5/s  upd=17736  L=0.0296  D=1.929
[dcg] 12:06:58  808,021/1,000,000  18.5/s  upd=17744  L=0.0305  D=1.929
[dcg] 12:07:24  808,388/1,000,000  18.5/s  upd=17752  L=0.0410  D=1.929
[dcg] 12:07:44  808,768/1,000,000  18.5/s  upd=17760  L=0.0389  D=1.929
[dcg] 12:08:02  809,100/1,000,000  18.5/s  upd=17768  L=0.0375  D=1.929
[dcg] 12:08:20  809,402/1,000,000  18.5/s  upd=17776  L=0.0473  D=1.929
[dcg] 12:08:37  809,766/1,000,000  18.5/s  upd=17784  L=0.0488  D=1.929
[dcg] 12:08:54  810,109/1,000,000  18.5/s  upd=17792  L=0.0326  D=1.929
[dcg] 12:09:10  810,427/1,000,000  18.5/s  upd=17800  L=0.0301  D=1.929
[dcg] 12:09:27  810,823/1,000,000  18.5/s  upd=17808  L=0.0346  D=1.929
[dcg] 12:09:44  811,255/1,000,000  18.5/s  upd=17816  L=0.0366  D=1.929
[dcg] 12:10:04  811,581/1,000,000  18.5/s  upd=17824  L=0.0296  D=1.929
[dcg] 12:10:22  811,939/1,000,000  18.5/s  upd=17832  L=0.0243  D=1.929
[dcg] 12:10:38  812,306/1,000,000  18.5/s  upd=17840  L=0.0330  D=1.929
[dcg] 12:10:55  812,662/1,000,000  18.5/s  upd=17848  L=0.0356  D=1.929
[dcg] 12:11:08  813,015/1,000,000  18.5/s  upd=17856  L=0.0430  D=1.929
[dcg] 12:11:24  813,345/1,000,000  18.5/s  upd=17864  L=0.0263  D=1.929
[dcg] 12:11:41  813,695/1,000,000  18.5/s  upd=17872  L=0.0391  D=1.929
[dcg] 12:12:00  814,060/1,000,000  18.5/s  upd=17880  L=0.0408  D=1.929
[dcg] 12:12:18  814,457/1,000,000  18.5/s  upd=17888  L=0.0287  D=1.929
[dcg] 12:12:44  814,843/1,000,000  18.5/s  upd=17896  L=0.0390  D=1.929
[dcg] 12:13:00  815,176/1,000,000  18.5/s  upd=17904  L=0.0317  D=1.929
[dcg] 12:13:16  815,551/1,000,000  18.5/s  upd=17912  L=0.0389  D=1.929
[dcg] 12:13:34  815,889/1,000,000  18.5/s  upd=17920  L=0.0277  D=1.929
[dcg] 12:13:51  816,283/1,000,000  18.5/s  upd=17928  L=0.0387  D=1.929
[dcg] 12:14:07  816,612/1,000,000  18.5/s  upd=17936  L=0.0422  D=1.929
[dcg] 12:14:25  816,925/1,000,000  18.5/s  upd=17944  L=0.0269  D=1.929
[dcg] 12:14:37  817,274/1,000,000  18.5/s  upd=17952  L=0.0335  D=1.929
[dcg] 12:14:52  817,577/1,000,000  18.5/s  upd=17960  L=0.0255  D=1.929
[dcg] 12:15:06  817,902/1,000,000  18.5/s  upd=17968  L=0.0445  D=1.929
[dcg] 12:15:22  818,208/1,000,000  18.5/s  upd=17976  L=0.0425  D=1.929
[dcg] 12:15:37  818,541/1,000,000  18.5/s  upd=17984  L=0.0283  D=1.929
[dcg] 12:15:53  818,887/1,000,000  18.5/s  upd=17992  L=0.0314  D=1.929
[dcg] 12:16:10  819,241/1,000,000  18.5/s  upd=18000  L=0.0275  D=1.929
[dcg] 12:16:25  819,561/1,000,000  18.5/s  upd=18008  L=0.0368  D=1.929
[dcg] 12:16:45  819,882/1,000,000  18.5/s  upd=18016  L=0.0321  D=1.929
[dcg] 12:17:09  820,231/1,000,000  18.5/s  upd=18024  L=0.0317  ev=0/100  D=1.929
[dcg] 12:17:19  820,231/1,000,000  18.5/s  upd=18024  L=0.0317  ev=40/100  D=1.929
[dcg] 12:17:29  820,231/1,000,000  18.5/s  upd=18024  L=0.0317  ev=80/100  D=1.929
[dcg] 12:17:42  820,231/1,000,000  18.5/s  upd=18024  L=0.0317  D=2.276
[dcg] 12:17:56  820,231/1,000,000  18.5/s  upd=18024  L=0.0317  D=2.276
[dcg] 12:18:13  820,615/1,000,000  18.5/s  upd=18032  L=0.0325  D=2.276
[dcg] 12:18:30  820,936/1,000,000  18.5/s  upd=18040  L=0.0292  D=2.276
[dcg] 12:18:49  821,293/1,000,000  18.5/s  upd=18048  L=0.0234  D=2.276
[dcg] 12:19:07  821,686/1,000,000  18.5/s  upd=18056  L=0.0377  D=2.276
[dcg] 12:19:25  822,021/1,000,000  18.5/s  upd=18064  L=0.0335  D=2.276
[dcg] 12:19:42  822,347/1,000,000  18.5/s  upd=18072  L=0.0308  D=2.276
[dcg] 12:20:01  822,743/1,000,000  18.5/s  upd=18080  L=0.0336  D=2.276
[dcg] 12:20:18  823,117/1,000,000  18.5/s  upd=18088  L=0.0343  D=2.276
[dcg] 12:20:35  823,456/1,000,000  18.5/s  upd=18096  L=0.0292  D=2.276
[dcg] 12:20:51  823,805/1,000,000  18.5/s  upd=18104  L=0.0279  D=2.276
[dcg] 12:21:06  824,149/1,000,000  18.5/s  upd=18112  L=0.0296  D=2.276
[dcg] 12:21:22  824,478/1,000,000  18.5/s  upd=18120  L=0.0446  D=2.276
[dcg] 12:21:37  824,821/1,000,000  18.5/s  upd=18128  L=0.0284  D=2.276
[dcg] 12:21:56  825,263/1,000,000  18.5/s  upd=18136  L=0.0335  D=2.276
[dcg] 12:22:11  825,650/1,000,000  18.5/s  upd=18144  L=0.0330  D=2.276
[dcg] 12:22:29  825,943/1,000,000  18.5/s  upd=18152  L=0.0281  D=2.276
[dcg] 12:22:42  826,261/1,000,000  18.5/s  upd=18160  L=0.0243  D=2.276
[dcg] 12:22:59  826,573/1,000,000  18.5/s  upd=18168  L=0.0286  D=2.276
[dcg] 12:23:25  826,874/1,000,000  18.5/s  upd=18176  L=0.0269  D=2.276
[dcg] 12:23:41  827,229/1,000,000  18.5/s  upd=18184  L=0.0324  D=2.276
[dcg] 12:23:57  827,581/1,000,000  18.5/s  upd=18192  L=0.0368  D=2.276
[dcg] 12:24:14  827,962/1,000,000  18.5/s  upd=18200  L=0.0342  D=2.276
[dcg] 12:24:31  828,381/1,000,000  18.5/s  upd=18208  L=0.0314  D=2.276
[dcg] 12:24:47  828,751/1,000,000  18.5/s  upd=18216  L=0.0293  D=2.276
[dcg] 12:25:05  829,113/1,000,000  18.5/s  upd=18224  L=0.0298  D=2.276
[dcg] 12:25:21  829,461/1,000,000  18.5/s  upd=18232  L=0.0315  D=2.276
[dcg] 12:25:38  829,826/1,000,000  18.5/s  upd=18240  L=0.0350  D=2.276
[dcg] 12:25:57  830,178/1,000,000  18.5/s  upd=18248  L=0.0330  D=2.276
[dcg] 12:26:12  830,494/1,000,000  18.5/s  upd=18256  L=0.0357  D=2.276
[dcg] 12:26:28  830,815/1,000,000  18.5/s  upd=18264  L=0.0349  D=2.276
[dcg] 12:26:44  831,172/1,000,000  18.6/s  upd=18272  L=0.0414  D=2.276
[dcg] 12:26:59  831,492/1,000,000  18.6/s  upd=18280  L=0.0301  D=2.276
[dcg] 12:27:14  831,814/1,000,000  18.6/s  upd=18288  L=0.0289  D=2.276
[dcg] 12:27:32  832,139/1,000,000  18.6/s  upd=18296  L=0.0362  D=2.276
[dcg] 12:27:49  832,497/1,000,000  18.6/s  upd=18304  L=0.0307  D=2.276
[dcg] 12:28:06  832,828/1,000,000  18.6/s  upd=18312  L=0.0296  D=2.276
[dcg] 12:28:21  833,168/1,000,000  18.6/s  upd=18320  L=0.0332  D=2.276
[dcg] 12:28:45  833,503/1,000,000  18.6/s  upd=18328  L=0.0291  D=2.276
[dcg] 12:29:02  833,841/1,000,000  18.6/s  upd=18336  L=0.0252  D=2.276
[dcg] 12:29:19  834,182/1,000,000  18.6/s  upd=18344  L=0.0293  D=2.276
[dcg] 12:29:35  834,560/1,000,000  18.6/s  upd=18352  L=0.0245  D=2.276
[dcg] 12:29:51  834,907/1,000,000  18.6/s  upd=18360  L=0.0293  D=2.276
[dcg] 12:30:07  835,202/1,000,000  18.6/s  upd=18368  L=0.0363  D=2.276
[dcg] 12:30:22  835,543/1,000,000  18.6/s  upd=18376  L=0.0529  D=2.276
[dcg] 12:30:40  835,898/1,000,000  18.6/s  upd=18384  L=0.0350  D=2.276
[dcg] 12:30:54  836,232/1,000,000  18.6/s  upd=18392  L=0.0398  D=2.276
[dcg] 12:31:09  836,557/1,000,000  18.6/s  upd=18400  L=0.0373  D=2.276
[dcg] 12:31:25  836,911/1,000,000  18.6/s  upd=18408  L=0.0281  D=2.276
[dcg] 12:31:37  837,275/1,000,000  18.6/s  upd=18416  L=0.0353  D=2.276
[dcg] 12:31:52  837,610/1,000,000  18.6/s  upd=18424  L=0.0309  D=2.276
[dcg] 12:32:05  837,956/1,000,000  18.6/s  upd=18432  L=0.0257  D=2.276
[dcg] 12:32:22  838,371/1,000,000  18.6/s  upd=18440  L=0.0325  D=2.276
[dcg] 12:32:41  838,714/1,000,000  18.6/s  upd=18448  L=0.0310  D=2.276
[dcg] 12:33:00  839,111/1,000,000  18.6/s  upd=18456  L=0.0388  D=2.276
[dcg] 12:33:16  839,427/1,000,000  18.6/s  upd=18464  L=0.0259  D=2.276
[dcg] 12:33:30  839,769/1,000,000  18.6/s  upd=18472  L=0.0318  D=2.276
[dcg] 12:33:58  840,112/1,000,000  18.6/s  upd=18480  L=0.0337  ev=0/100  D=2.276
[dcg] 12:34:08  840,112/1,000,000  18.6/s  upd=18480  L=0.0337  ev=49/100  D=2.276
[dcg] 12:34:25  840,112/1,000,000  18.6/s  upd=18480  L=0.0337  D=2.795
[dcg] 12:34:41  840,473/1,000,000  18.6/s  upd=18488  L=0.0268  D=2.795
[dcg] 12:35:00  840,861/1,000,000  18.6/s  upd=18496  L=0.0350  D=2.795
[dcg] 12:35:18  841,177/1,000,000  18.6/s  upd=18504  L=0.0357  D=2.795
[dcg] 12:35:36  841,502/1,000,000  18.6/s  upd=18512  L=0.0389  D=2.795
[dcg] 12:35:53  841,882/1,000,000  18.6/s  upd=18520  L=0.0355  D=2.795
[dcg] 12:36:08  842,263/1,000,000  18.6/s  upd=18528  L=0.0307  D=2.795
[dcg] 12:36:26  842,603/1,000,000  18.6/s  upd=18536  L=0.0312  D=2.795
[dcg] 12:36:41  842,928/1,000,000  18.6/s  upd=18544  L=0.0355  D=2.795
[dcg] 12:36:58  843,301/1,000,000  18.6/s  upd=18552  L=0.0302  D=2.795
[dcg] 12:37:13  843,651/1,000,000  18.6/s  upd=18560  L=0.0335  D=2.795
[dcg] 12:37:27  843,991/1,000,000  18.6/s  upd=18568  L=0.0390  D=2.795
[dcg] 12:37:44  844,344/1,000,000  18.6/s  upd=18576  L=0.0292  D=2.795
[dcg] 12:38:00  844,660/1,000,000  18.6/s  upd=18584  L=0.0332  D=2.795
[dcg] 12:38:17  844,978/1,000,000  18.6/s  upd=18592  L=0.0256  D=2.795
[dcg] 12:38:36  845,333/1,000,000  18.6/s  upd=18600  L=0.0301  D=2.795
[dcg] 12:38:54  845,690/1,000,000  18.6/s  upd=18608  L=0.0285  D=2.795
[dcg] 12:39:04  845,690/1,000,000  18.6/s  upd=18608  L=0.0285  D=2.795
[dcg] 12:39:20  846,010/1,000,000  18.6/s  upd=18616  L=0.0302  D=2.795
[dcg] 12:39:38  846,337/1,000,000  18.6/s  upd=18624  L=0.0351  D=2.795
[dcg] 12:39:54  846,692/1,000,000  18.6/s  upd=18632  L=0.0352  D=2.795
[dcg] 12:40:09  847,008/1,000,000  18.6/s  upd=18640  L=0.0345  D=2.795
[dcg] 12:40:27  847,321/1,000,000  18.6/s  upd=18648  L=0.0302  D=2.795
[dcg] 12:40:43  847,692/1,000,000  18.6/s  upd=18656  L=0.0342  D=2.795
[dcg] 12:40:59  848,008/1,000,000  18.6/s  upd=18664  L=0.0268  D=2.795
[dcg] 12:41:18  848,313/1,000,000  18.6/s  upd=18672  L=0.0310  D=2.795
[dcg] 12:41:33  848,638/1,000,000  18.6/s  upd=18680  L=0.0310  D=2.795
[dcg] 12:41:50  848,961/1,000,000  18.6/s  upd=18688  L=0.0278  D=2.795
[dcg] 12:42:06  849,344/1,000,000  18.6/s  upd=18696  L=0.0344  D=2.795
[dcg] 12:42:21  849,663/1,000,000  18.6/s  upd=18704  L=0.0400  D=2.795
[dcg] 12:42:37  850,015/1,000,000  18.6/s  upd=18712  L=0.0370  D=2.795
[dcg] 12:42:55  850,334/1,000,000  18.6/s  upd=18720  L=0.0252  D=2.795
[dcg] 12:43:11  850,692/1,000,000  18.6/s  upd=18728  L=0.0344  D=2.795
[dcg] 12:43:27  851,020/1,000,000  18.6/s  upd=18736  L=0.0409  D=2.795
[dcg] 12:43:42  851,342/1,000,000  18.6/s  upd=18744  L=0.0255  D=2.795
[dcg] 12:44:02  851,715/1,000,000  18.6/s  upd=18752  L=0.0298  D=2.795
[dcg] 12:44:12  851,715/1,000,000  18.6/s  upd=18752  L=0.0298  D=2.795
[dcg] 12:44:29  852,021/1,000,000  18.6/s  upd=18760  L=0.0307  D=2.795
[dcg] 12:44:43  852,333/1,000,000  18.6/s  upd=18768  L=0.0313  D=2.795
[dcg] 12:45:01  852,682/1,000,000  18.6/s  upd=18776  L=0.0342  D=2.795
[dcg] 12:45:17  853,022/1,000,000  18.6/s  upd=18784  L=0.0293  D=2.795
[dcg] 12:45:34  853,376/1,000,000  18.6/s  upd=18792  L=0.0415  D=2.795
[dcg] 12:45:50  853,748/1,000,000  18.6/s  upd=18800  L=0.0296  D=2.795
[dcg] 12:46:04  854,057/1,000,000  18.6/s  upd=18808  L=0.0357  D=2.795
[dcg] 12:46:20  854,434/1,000,000  18.6/s  upd=18816  L=0.0277  D=2.795
[dcg] 12:46:38  854,785/1,000,000  18.6/s  upd=18824  L=0.0407  D=2.795
[dcg] 12:46:59  855,105/1,000,000  18.6/s  upd=18832  L=0.0331  D=2.795
[dcg] 12:47:13  855,432/1,000,000  18.6/s  upd=18840  L=0.0409  D=2.795
[dcg] 12:47:29  855,740/1,000,000  18.6/s  upd=18848  L=0.0293  D=2.795
[dcg] 12:47:42  856,061/1,000,000  18.6/s  upd=18856  L=0.0270  D=2.795
[dcg] 12:47:55  856,384/1,000,000  18.6/s  upd=18864  L=0.0355  D=2.795
[dcg] 12:48:11  856,697/1,000,000  18.6/s  upd=18872  L=0.0456  D=2.795
[dcg] 12:48:30  857,048/1,000,000  18.6/s  upd=18880  L=0.0371  D=2.795
[dcg] 12:48:45  857,393/1,000,000  18.6/s  upd=18888  L=0.0349  D=2.795
[dcg] 12:49:03  857,728/1,000,000  18.6/s  upd=18896  L=0.0265  D=2.795
[dcg] 12:49:22  858,063/1,000,000  18.6/s  upd=18904  L=0.0335  D=2.795
[dcg] 12:49:33  858,063/1,000,000  18.6/s  upd=18904  L=0.0335  D=2.795
[dcg] 12:49:48  858,382/1,000,000  18.6/s  upd=18912  L=0.0280  D=2.795
[dcg] 12:50:04  858,764/1,000,000  18.6/s  upd=18920  L=0.0334  D=2.795
[dcg] 12:50:22  859,083/1,000,000  18.6/s  upd=18928  L=0.0380  D=2.795
[dcg] 12:50:42  859,413/1,000,000  18.6/s  upd=18936  L=0.0252  D=2.795
[dcg] 12:51:02  859,753/1,000,000  18.6/s  upd=18944  L=0.0377  D=2.795
[dcg] 12:51:31  860,076/1,000,000  18.6/s  upd=18952  L=0.0425  ev=0/100  D=2.795
[dcg] 12:51:41  860,076/1,000,000  18.6/s  upd=18952  L=0.0425  ev=39/100  D=2.795
[dcg] 12:51:51  860,076/1,000,000  18.6/s  upd=18952  L=0.0425  ev=72/100  D=2.795
[dcg] 12:52:06  860,076/1,000,000  18.6/s  upd=18952  L=0.0425  D=2.054
[dcg] 12:52:26  860,401/1,000,000  18.6/s  upd=18960  L=0.0315  D=2.054
[dcg] 12:52:45  860,696/1,000,000  18.6/s  upd=18968  L=0.0346  D=2.054
[dcg] 12:53:03  861,040/1,000,000  18.6/s  upd=18976  L=0.0372  D=2.054
[dcg] 12:53:21  861,341/1,000,000  18.6/s  upd=18984  L=0.0419  D=2.054
[dcg] 12:53:43  861,763/1,000,000  18.6/s  upd=18992  L=0.0488  D=2.054
[dcg] 12:54:01  862,069/1,000,000  18.6/s  upd=19000  L=0.0337  D=2.054
[dcg] 12:54:19  862,382/1,000,000  18.6/s  upd=19008  L=0.0432  D=2.054
[dcg] 12:54:38  862,737/1,000,000  18.6/s  upd=19016  L=0.0381  D=2.054
[dcg] 12:54:48  862,737/1,000,000  18.6/s  upd=19016  L=0.0381  D=2.054
[dcg] 12:55:04  863,068/1,000,000  18.6/s  upd=19024  L=0.0444  D=2.054
[dcg] 12:55:20  863,366/1,000,000  18.6/s  upd=19032  L=0.0383  D=2.054
[dcg] 12:55:37  863,672/1,000,000  18.6/s  upd=19040  L=0.0373  D=2.054
[dcg] 12:55:55  864,052/1,000,000  18.6/s  upd=19048  L=0.0431  D=2.054
[dcg] 12:56:13  864,373/1,000,000  18.6/s  upd=19056  L=0.0354  D=2.054
[dcg] 12:56:29  864,701/1,000,000  18.6/s  upd=19064  L=0.0411  D=2.054
[dcg] 12:56:48  865,062/1,000,000  18.6/s  upd=19072  L=0.0289  D=2.054
[dcg] 12:57:04  865,427/1,000,000  18.6/s  upd=19080  L=0.0308  D=2.054
[dcg] 12:57:24  865,785/1,000,000  18.6/s  upd=19088  L=0.0318  D=2.054
[dcg] 12:57:41  866,128/1,000,000  18.6/s  upd=19096  L=0.0393  D=2.054
[dcg] 12:57:57  866,484/1,000,000  18.6/s  upd=19104  L=0.0324  D=2.054
[dcg] 12:58:11  866,867/1,000,000  18.6/s  upd=19112  L=0.0288  D=2.054
[dcg] 12:58:25  867,211/1,000,000  18.6/s  upd=19120  L=0.0375  D=2.054
[dcg] 12:58:42  867,540/1,000,000  18.6/s  upd=19128  L=0.0320  D=2.054
[dcg] 12:58:59  867,881/1,000,000  18.6/s  upd=19136  L=0.0313  D=2.054
[dcg] 12:59:16  868,189/1,000,000  18.6/s  upd=19144  L=0.0332  D=2.054
[dcg] 12:59:29  868,569/1,000,000  18.6/s  upd=19152  L=0.0343  D=2.054
[dcg] 12:59:45  868,913/1,000,000  18.6/s  upd=19160  L=0.0370  D=2.054
[dcg] 13:00:01  869,270/1,000,000  18.6/s  upd=19168  L=0.0366  D=2.054
[dcg] 13:00:11  869,270/1,000,000  18.6/s  upd=19168  L=0.0366  D=2.054
[dcg] 13:00:26  869,591/1,000,000  18.6/s  upd=19176  L=0.0401  D=2.054
[dcg] 13:00:45  869,960/1,000,000  18.6/s  upd=19184  L=0.0302  D=2.054
[dcg] 13:01:01  870,310/1,000,000  18.6/s  upd=19192  L=0.0296  D=2.054
[dcg] 13:01:17  870,614/1,000,000  18.6/s  upd=19200  L=0.0312  D=2.054
[dcg] 13:01:33  870,939/1,000,000  18.6/s  upd=19208  L=0.0298  D=2.054
[dcg] 13:01:53  871,273/1,000,000  18.6/s  upd=19216  L=0.0333  D=2.054
[dcg] 13:02:12  871,602/1,000,000  18.6/s  upd=19224  L=0.0275  D=2.054
[dcg] 13:02:29  871,930/1,000,000  18.6/s  upd=19232  L=0.0344  D=2.054
[dcg] 13:02:43  872,257/1,000,000  18.6/s  upd=19240  L=0.0373  D=2.054
[dcg] 13:02:58  872,646/1,000,000  18.6/s  upd=19248  L=0.0306  D=2.054
[dcg] 13:03:14  873,044/1,000,000  18.6/s  upd=19256  L=0.0344  D=2.054
[dcg] 13:03:29  873,353/1,000,000  18.6/s  upd=19264  L=0.0392  D=2.054
[dcg] 13:03:43  873,689/1,000,000  18.6/s  upd=19272  L=0.0350  D=2.054
[dcg] 13:03:59  873,999/1,000,000  18.6/s  upd=19280  L=0.0377  D=2.054
[dcg] 13:04:15  874,298/1,000,000  18.6/s  upd=19288  L=0.0315  D=2.054
[dcg] 13:04:31  874,605/1,000,000  18.6/s  upd=19296  L=0.0298  D=2.054
[dcg] 13:04:46  874,956/1,000,000  18.6/s  upd=19304  L=0.0381  D=2.054
[dcg] 13:05:02  875,325/1,000,000  18.6/s  upd=19312  L=0.0255  D=2.054
[dcg] 13:05:17  875,630/1,000,000  18.6/s  upd=19320  L=0.0346  D=2.054
[dcg] 13:05:42  875,982/1,000,000  18.6/s  upd=19328  L=0.0327  D=2.054
[dcg] 13:05:58  876,299/1,000,000  18.6/s  upd=19336  L=0.0338  D=2.054
[dcg] 13:06:16  876,627/1,000,000  18.6/s  upd=19344  L=0.0381  D=2.054
[dcg] 13:06:30  876,940/1,000,000  18.6/s  upd=19352  L=0.0383  D=2.054
[dcg] 13:06:46  877,267/1,000,000  18.6/s  upd=19360  L=0.0366  D=2.054
[dcg] 13:07:04  877,682/1,000,000  18.6/s  upd=19368  L=0.0317  D=2.054
[dcg] 13:07:21  877,998/1,000,000  18.6/s  upd=19376  L=0.0252  D=2.054
[dcg] 13:07:37  878,336/1,000,000  18.6/s  upd=19384  L=0.0329  D=2.054
[dcg] 13:07:53  878,703/1,000,000  18.6/s  upd=19392  L=0.0319  D=2.054
[dcg] 13:08:09  879,035/1,000,000  18.6/s  upd=19400  L=0.0332  D=2.054
[dcg] 13:08:24  879,364/1,000,000  18.6/s  upd=19408  L=0.0295  D=2.054
[dcg] 13:08:38  879,698/1,000,000  18.6/s  upd=19416  L=0.0223  D=2.054
[dcg] 13:08:56  880,048/1,000,000  18.6/s  upd=19424  L=0.0389  ev=0/100  D=2.054
[dcg] 13:09:06  880,048/1,000,000  18.6/s  upd=19424  L=0.0389  ev=48/100  D=2.054
[dcg] 13:09:16  880,048/1,000,000  18.6/s  upd=19424  L=0.0389  ev=88/100  D=2.054
[dcg] 13:09:26  880,048/1,000,000  18.6/s  upd=19424  L=0.0389  D=2.295
[dcg] 13:09:42  880,362/1,000,000  18.6/s  upd=19432  L=0.0315  D=2.295
[dcg] 13:09:59  880,717/1,000,000  18.6/s  upd=19440  L=0.0378  D=2.295
[dcg] 13:10:16  881,095/1,000,000  18.6/s  upd=19448  L=0.0340  D=2.295
[dcg] 13:10:34  881,427/1,000,000  18.6/s  upd=19456  L=0.0381  D=2.295
[dcg] 13:10:55  881,771/1,000,000  18.6/s  upd=19464  L=0.0358  D=2.295
[dcg] 13:11:08  882,101/1,000,000  18.6/s  upd=19472  L=0.0341  D=2.295
[dcg] 13:11:21  882,428/1,000,000  18.6/s  upd=19480  L=0.0419  D=2.295
[dcg] 13:11:39  882,765/1,000,000  18.6/s  upd=19488  L=0.0270  D=2.295
[dcg] 13:11:53  883,079/1,000,000  18.6/s  upd=19496  L=0.0353  D=2.295
[dcg] 13:12:11  883,393/1,000,000  18.6/s  upd=19504  L=0.0355  D=2.295
[dcg] 13:12:26  883,736/1,000,000  18.6/s  upd=19512  L=0.0406  D=2.295
[dcg] 13:12:44  884,131/1,000,000  18.6/s  upd=19520  L=0.0366  D=2.295
[dcg] 13:12:57  884,507/1,000,000  18.6/s  upd=19528  L=0.0269  D=2.295
[dcg] 13:13:14  884,801/1,000,000  18.6/s  upd=19536  L=0.0384  D=2.295
[dcg] 13:13:31  885,146/1,000,000  18.6/s  upd=19544  L=0.0304  D=2.295
[dcg] 13:13:47  885,500/1,000,000  18.6/s  upd=19552  L=0.0298  D=2.295
[dcg] 13:13:59  885,818/1,000,000  18.6/s  upd=19560  L=0.0337  D=2.295
[dcg] 13:14:16  886,141/1,000,000  18.6/s  upd=19568  L=0.0284  D=2.295
[dcg] 13:14:33  886,455/1,000,000  18.6/s  upd=19576  L=0.0371  D=2.295
[dcg] 13:14:49  886,795/1,000,000  18.6/s  upd=19584  L=0.0320  D=2.295
[dcg] 13:15:05  887,130/1,000,000  18.6/s  upd=19592  L=0.0271  D=2.295
[dcg] 13:15:22  887,487/1,000,000  18.6/s  upd=19600  L=0.0429  D=2.295
[dcg] 13:15:39  887,831/1,000,000  18.6/s  upd=19608  L=0.0317  D=2.295
[dcg] 13:15:53  888,168/1,000,000  18.6/s  upd=19616  L=0.0389  D=2.295
[dcg] 13:16:15  888,520/1,000,000  18.6/s  upd=19624  L=0.0343  D=2.295
[dcg] 13:16:31  888,837/1,000,000  18.6/s  upd=19632  L=0.0332  D=2.295
[dcg] 13:16:49  889,228/1,000,000  18.6/s  upd=19640  L=0.0428  D=2.295
[dcg] 13:17:06  889,567/1,000,000  18.6/s  upd=19648  L=0.0297  D=2.295
[dcg] 13:17:23  889,934/1,000,000  18.6/s  upd=19656  L=0.0315  D=2.295
[dcg] 13:17:39  890,252/1,000,000  18.6/s  upd=19664  L=0.0339  D=2.295
[dcg] 13:17:53  890,594/1,000,000  18.6/s  upd=19672  L=0.0381  D=2.295
[dcg] 13:18:08  890,905/1,000,000  18.6/s  upd=19680  L=0.0323  D=2.295
[dcg] 13:18:24  891,213/1,000,000  18.6/s  upd=19688  L=0.0315  D=2.295
[dcg] 13:18:39  891,539/1,000,000  18.6/s  upd=19696  L=0.0252  D=2.295
[dcg] 13:18:53  891,881/1,000,000  18.6/s  upd=19704  L=0.0508  D=2.295
[dcg] 13:19:06  892,232/1,000,000  18.6/s  upd=19712  L=0.0345  D=2.295
[dcg] 13:19:19  892,570/1,000,000  18.6/s  upd=19720  L=0.0280  D=2.295
[dcg] 13:19:36  892,911/1,000,000  18.6/s  upd=19728  L=0.0356  D=2.295
[dcg] 13:19:53  893,243/1,000,000  18.6/s  upd=19736  L=0.0313  D=2.295
[dcg] 13:20:07  893,561/1,000,000  18.6/s  upd=19744  L=0.0417  D=2.295
[dcg] 13:20:26  893,918/1,000,000  18.6/s  upd=19752  L=0.0448  D=2.295
[dcg] 13:20:42  894,240/1,000,000  18.6/s  upd=19760  L=0.0464  D=2.295
[dcg] 13:20:58  894,587/1,000,000  18.6/s  upd=19768  L=0.0376  D=2.295
[dcg] 13:21:17  894,990/1,000,000  18.6/s  upd=19776  L=0.0292  D=2.295
[dcg] 13:21:39  895,334/1,000,000  18.6/s  upd=19784  L=0.0328  D=2.295
[dcg] 13:21:55  895,707/1,000,000  18.6/s  upd=19792  L=0.0333  D=2.295
[dcg] 13:22:11  896,019/1,000,000  18.6/s  upd=19800  L=0.0328  D=2.295
[dcg] 13:22:27  896,327/1,000,000  18.6/s  upd=19808  L=0.0341  D=2.295
[dcg] 13:22:44  896,734/1,000,000  18.6/s  upd=19816  L=0.0363  D=2.295
[dcg] 13:23:00  897,092/1,000,000  18.6/s  upd=19824  L=0.0395  D=2.295
[dcg] 13:23:12  897,420/1,000,000  18.6/s  upd=19832  L=0.0389  D=2.295
[dcg] 13:23:26  897,812/1,000,000  18.6/s  upd=19840  L=0.0370  D=2.295
[dcg] 13:23:40  898,168/1,000,000  18.6/s  upd=19848  L=0.0284  D=2.295
[dcg] 13:23:55  898,490/1,000,000  18.6/s  upd=19856  L=0.0269  D=2.295
[dcg] 13:24:12  898,782/1,000,000  18.6/s  upd=19864  L=0.0313  D=2.295
[dcg] 13:24:28  899,100/1,000,000  18.6/s  upd=19872  L=0.0391  D=2.295
[dcg] 13:24:40  899,411/1,000,000  18.6/s  upd=19880  L=0.0288  D=2.295
[dcg] 13:24:54  899,751/1,000,000  18.6/s  upd=19888  L=0.0307  D=2.295
[dcg] 13:25:17  900,074/1,000,000  18.6/s  upd=19896  L=0.0339  ev=0/100  D=2.295
[dcg] 13:25:27  900,074/1,000,000  18.6/s  upd=19896  L=0.0339  ev=40/100  D=2.295
[dcg] 13:25:37  900,074/1,000,000  18.6/s  upd=19896  L=0.0339  ev=80/100  D=2.295
[dcg] 13:25:50  900,074/1,000,000  18.6/s  upd=19896  L=0.0339  D=2.273
[dcg] 13:26:08  900,428/1,000,000  18.6/s  upd=19904  L=0.0417  D=2.273
[dcg] 13:26:24  900,737/1,000,000  18.6/s  upd=19912  L=0.0321  D=2.273
[dcg] 13:26:42  901,065/1,000,000  18.6/s  upd=19920  L=0.0379  D=2.273
[dcg] 13:27:06  901,393/1,000,000  18.6/s  upd=19928  L=0.0280  D=2.273
[dcg] 13:27:23  901,733/1,000,000  18.6/s  upd=19936  L=0.0425  D=2.273
[dcg] 13:27:39  902,086/1,000,000  18.6/s  upd=19944  L=0.0437  D=2.273
[dcg] 13:27:58  902,427/1,000,000  18.6/s  upd=19952  L=0.0330  D=2.273
[dcg] 13:28:11  902,769/1,000,000  18.6/s  upd=19960  L=0.0344  D=2.273
[dcg] 13:28:25  903,110/1,000,000  18.6/s  upd=19968  L=0.0510  D=2.273
[dcg] 13:28:43  903,433/1,000,000  18.6/s  upd=19976  L=0.0503  D=2.273
[dcg] 13:28:58  903,728/1,000,000  18.6/s  upd=19984  L=0.0361  D=2.273
[dcg] 13:29:13  904,035/1,000,000  18.6/s  upd=19992  L=0.0299  D=2.273
[dcg] 13:29:30  904,345/1,000,000  18.6/s  upd=20000  L=0.0535  D=2.273
[dcg] 13:29:44  904,700/1,000,000  18.6/s  upd=20008  L=0.0345  D=2.273
[dcg] 13:29:59  905,024/1,000,000  18.6/s  upd=20016  L=0.0393  D=2.273
[dcg] 13:30:14  905,337/1,000,000  18.6/s  upd=20024  L=0.0287  D=2.273
[dcg] 13:30:32  905,667/1,000,000  18.6/s  upd=20032  L=0.0291  D=2.273
[dcg] 13:30:47  905,999/1,000,000  18.6/s  upd=20040  L=0.0256  D=2.273
[dcg] 13:31:05  906,354/1,000,000  18.6/s  upd=20048  L=0.0387  D=2.273
[dcg] 13:31:20  906,693/1,000,000  18.6/s  upd=20056  L=0.0451  D=2.273
[dcg] 13:31:34  907,023/1,000,000  18.6/s  upd=20064  L=0.0412  D=2.273
[dcg] 13:31:50  907,366/1,000,000  18.6/s  upd=20072  L=0.0399  D=2.273
[dcg] 13:32:14  907,732/1,000,000  18.6/s  upd=20080  L=0.0387  D=2.273
[dcg] 13:32:30  908,104/1,000,000  18.6/s  upd=20088  L=0.0307  D=2.273
[dcg] 13:32:46  908,403/1,000,000  18.6/s  upd=20096  L=0.0551  D=2.273
[dcg] 13:33:01  908,760/1,000,000  18.6/s  upd=20104  L=0.0453  D=2.273
[dcg] 13:33:16  909,049/1,000,000  18.6/s  upd=20112  L=0.0345  D=2.273
[dcg] 13:33:31  909,374/1,000,000  18.6/s  upd=20120  L=0.0288  D=2.273
[dcg] 13:33:48  909,743/1,000,000  18.6/s  upd=20128  L=0.0414  D=2.273
[dcg] 13:34:04  910,072/1,000,000  18.6/s  upd=20136  L=0.0306  D=2.273
[dcg] 13:34:16  910,401/1,000,000  18.6/s  upd=20144  L=0.0325  D=2.273
[dcg] 13:34:30  910,699/1,000,000  18.6/s  upd=20152  L=0.0366  D=2.273
[dcg] 13:34:42  911,076/1,000,000  18.6/s  upd=20160  L=0.0326  D=2.273
[dcg] 13:34:55  911,424/1,000,000  18.6/s  upd=20168  L=0.0389  D=2.273
[dcg] 13:35:09  911,778/1,000,000  18.6/s  upd=20176  L=0.0303  D=2.273
[dcg] 13:35:21  912,164/1,000,000  18.6/s  upd=20184  L=0.0378  D=2.273
[dcg] 13:35:36  912,503/1,000,000  18.6/s  upd=20192  L=0.0349  D=2.273
[dcg] 13:35:52  912,816/1,000,000  18.6/s  upd=20200  L=0.0240  D=2.273
[dcg] 13:36:07  913,130/1,000,000  18.6/s  upd=20208  L=0.0368  D=2.273
[dcg] 13:36:22  913,458/1,000,000  18.6/s  upd=20216  L=0.0446  D=2.273
[dcg] 13:36:38  913,814/1,000,000  18.6/s  upd=20224  L=0.0360  D=2.273
[dcg] 13:36:54  914,148/1,000,000  18.7/s  upd=20232  L=0.0254  D=2.273
[dcg] 13:37:08  914,511/1,000,000  18.7/s  upd=20240  L=0.0373  D=2.273
[dcg] 13:37:30  914,829/1,000,000  18.7/s  upd=20248  L=0.0289  D=2.273
[dcg] 13:37:47  915,167/1,000,000  18.7/s  upd=20256  L=0.0324  D=2.273
[dcg] 13:38:05  915,594/1,000,000  18.7/s  upd=20264  L=0.0329  D=2.273
[dcg] 13:38:20  915,876/1,000,000  18.7/s  upd=20272  L=0.0396  D=2.273
[dcg] 13:38:35  916,239/1,000,000  18.7/s  upd=20280  L=0.0297  D=2.273
[dcg] 13:38:50  916,565/1,000,000  18.7/s  upd=20288  L=0.0372  D=2.273
[dcg] 13:39:06  916,905/1,000,000  18.7/s  upd=20296  L=0.0307  D=2.273
[dcg] 13:39:19  917,311/1,000,000  18.7/s  upd=20304  L=0.0317  D=2.273
[dcg] 13:39:34  917,606/1,000,000  18.7/s  upd=20312  L=0.0347  D=2.273
[dcg] 13:39:49  917,944/1,000,000  18.7/s  upd=20320  L=0.0319  D=2.273
[dcg] 13:40:02  918,267/1,000,000  18.7/s  upd=20328  L=0.0384  D=2.273
[dcg] 13:40:18  918,679/1,000,000  18.7/s  upd=20336  L=0.0259  D=2.273
[dcg] 13:40:32  918,982/1,000,000  18.7/s  upd=20344  L=0.0337  D=2.273
[dcg] 13:40:49  919,296/1,000,000  18.7/s  upd=20352  L=0.0335  D=2.273
[dcg] 13:41:05  919,673/1,000,000  18.7/s  upd=20360  L=0.0297  D=2.273
[dcg] 13:41:23  919,979/1,000,000  18.7/s  upd=20368  L=0.0302  D=2.273
[dcg] 13:41:44  920,325/1,000,000  18.7/s  upd=20376  L=0.0571  ev=0/100  D=2.273
[dcg] 13:41:54  920,325/1,000,000  18.7/s  upd=20376  L=0.0571  ev=47/100  D=2.273
[dcg] 13:42:04  920,325/1,000,000  18.7/s  upd=20376  L=0.0571  ev=80/100  D=2.273
[dcg] 13:42:16  920,325/1,000,000  18.7/s  upd=20376  L=0.0571  D=2.035
[dcg] 13:42:40  920,656/1,000,000  18.7/s  upd=20384  L=0.0399  D=2.035
[dcg] 13:42:56  920,989/1,000,000  18.7/s  upd=20392  L=0.0340  D=2.035
[dcg] 13:43:13  921,312/1,000,000  18.7/s  upd=20400  L=0.0308  D=2.035
[dcg] 13:43:29  921,632/1,000,000  18.7/s  upd=20408  L=0.0284  D=2.035
[dcg] 13:43:44  921,965/1,000,000  18.7/s  upd=20416  L=0.0282  D=2.035
[dcg] 13:43:59  922,296/1,000,000  18.7/s  upd=20424  L=0.0300  D=2.035
[dcg] 13:44:17  922,633/1,000,000  18.7/s  upd=20432  L=0.0265  D=2.035
[dcg] 13:44:33  922,967/1,000,000  18.7/s  upd=20440  L=0.0292  D=2.035
[dcg] 13:44:48  923,319/1,000,000  18.7/s  upd=20448  L=0.0301  D=2.035
[dcg] 13:45:03  923,599/1,000,000  18.7/s  upd=20456  L=0.0293  D=2.035
[dcg] 13:45:17  923,988/1,000,000  18.7/s  upd=20464  L=0.0301  D=2.035
[dcg] 13:45:31  924,290/1,000,000  18.7/s  upd=20472  L=0.0270  D=2.035
[dcg] 13:45:45  924,614/1,000,000  18.7/s  upd=20480  L=0.0268  D=2.035
[dcg] 13:46:01  924,955/1,000,000  18.7/s  upd=20488  L=0.0316  D=2.035
[dcg] 13:46:17  925,262/1,000,000  18.7/s  upd=20496  L=0.0300  D=2.035
[dcg] 13:46:32  925,564/1,000,000  18.7/s  upd=20504  L=0.0523  D=2.035
[dcg] 13:46:47  925,888/1,000,000  18.7/s  upd=20512  L=0.0243  D=2.035
[dcg] 13:47:02  926,214/1,000,000  18.7/s  upd=20520  L=0.0418  D=2.035
[dcg] 13:47:16  926,522/1,000,000  18.7/s  upd=20528  L=0.0311  D=2.035
[dcg] 13:47:32  926,849/1,000,000  18.7/s  upd=20536  L=0.0410  D=2.035
[dcg] 13:47:46  926,849/1,000,000  18.7/s  upd=20536  L=0.0410  D=2.035
[dcg] 13:48:01  927,169/1,000,000  18.7/s  upd=20544  L=0.0305  D=2.035
[dcg] 13:48:15  927,504/1,000,000  18.7/s  upd=20552  L=0.0243  D=2.035
[dcg] 13:48:32  927,869/1,000,000  18.7/s  upd=20560  L=0.0311  D=2.035
[dcg] 13:48:47  928,177/1,000,000  18.7/s  upd=20568  L=0.0283  D=2.035
[dcg] 13:49:01  928,558/1,000,000  18.7/s  upd=20576  L=0.0341  D=2.035
[dcg] 13:49:13  928,883/1,000,000  18.7/s  upd=20584  L=0.0333  D=2.035
[dcg] 13:49:28  929,263/1,000,000  18.7/s  upd=20592  L=0.0358  D=2.035
[dcg] 13:49:41  929,600/1,000,000  18.7/s  upd=20600  L=0.0303  D=2.035
[dcg] 13:49:56  929,957/1,000,000  18.7/s  upd=20608  L=0.0266  D=2.035
[dcg] 13:50:11  930,287/1,000,000  18.7/s  upd=20616  L=0.0357  D=2.035
[dcg] 13:50:26  930,591/1,000,000  18.7/s  upd=20624  L=0.0270  D=2.035
[dcg] 13:50:41  930,984/1,000,000  18.7/s  upd=20632  L=0.0370  D=2.035
[dcg] 13:50:55  931,330/1,000,000  18.7/s  upd=20640  L=0.0346  D=2.035
[dcg] 13:51:13  931,638/1,000,000  18.7/s  upd=20648  L=0.0345  D=2.035
[dcg] 13:51:29  931,973/1,000,000  18.7/s  upd=20656  L=0.0379  D=2.035
[dcg] 13:51:44  932,289/1,000,000  18.7/s  upd=20664  L=0.0348  D=2.035
[dcg] 13:52:00  932,654/1,000,000  18.7/s  upd=20672  L=0.0415  D=2.035
[dcg] 13:52:18  933,042/1,000,000  18.7/s  upd=20680  L=0.0376  D=2.035
[dcg] 13:52:35  933,351/1,000,000  18.7/s  upd=20688  L=0.0216  D=2.035
[dcg] 13:52:51  933,710/1,000,000  18.7/s  upd=20696  L=0.0432  D=2.035
[dcg] 13:53:15  934,027/1,000,000  18.7/s  upd=20704  L=0.0337  D=2.035
[dcg] 13:53:32  934,430/1,000,000  18.7/s  upd=20712  L=0.0273  D=2.035
[dcg] 13:53:49  934,813/1,000,000  18.7/s  upd=20720  L=0.0404  D=2.035
[dcg] 13:54:03  935,127/1,000,000  18.7/s  upd=20728  L=0.0296  D=2.035
[dcg] 13:54:17  935,440/1,000,000  18.7/s  upd=20736  L=0.0438  D=2.035
[dcg] 13:54:33  935,766/1,000,000  18.7/s  upd=20744  L=0.0232  D=2.035
[dcg] 13:54:49  936,096/1,000,000  18.7/s  upd=20752  L=0.0418  D=2.035
[dcg] 13:55:05  936,431/1,000,000  18.7/s  upd=20760  L=0.0266  D=2.035
[dcg] 13:55:24  936,742/1,000,000  18.7/s  upd=20768  L=0.0255  D=2.035
[dcg] 13:55:41  937,139/1,000,000  18.7/s  upd=20776  L=0.0476  D=2.035
[dcg] 13:55:54  937,488/1,000,000  18.7/s  upd=20784  L=0.0440  D=2.035
[dcg] 13:56:06  937,810/1,000,000  18.7/s  upd=20792  L=0.0286  D=2.035
[dcg] 13:56:21  938,121/1,000,000  18.7/s  upd=20800  L=0.0563  D=2.035
[dcg] 13:56:36  938,479/1,000,000  18.7/s  upd=20808  L=0.0333  D=2.035
[dcg] 13:56:52  938,798/1,000,000  18.7/s  upd=20816  L=0.0361  D=2.035
[dcg] 13:57:08  939,118/1,000,000  18.7/s  upd=20824  L=0.0485  D=2.035
[dcg] 13:57:24  939,452/1,000,000  18.7/s  upd=20832  L=0.0281  D=2.035
[dcg] 13:57:42  939,774/1,000,000  18.7/s  upd=20840  L=0.0258  D=2.035
[dcg] 13:58:03  940,103/1,000,000  18.7/s  upd=20848  L=0.0414  ev=0/100  D=2.035
[dcg] 13:58:13  940,103/1,000,000  18.7/s  upd=20848  L=0.0414  ev=48/100  D=2.035
[dcg] 13:58:23  940,103/1,000,000  18.7/s  upd=20848  L=0.0414  ev=88/100  D=2.035
[dcg] 13:58:35  940,103/1,000,000  18.7/s  upd=20848  L=0.0414  D=1.768
[dcg] 13:58:58  940,409/1,000,000  18.7/s  upd=20856  L=0.0417  D=1.768
[dcg] 13:59:10  940,742/1,000,000  18.7/s  upd=20864  L=0.0292  D=1.768
[dcg] 13:59:24  941,049/1,000,000  18.7/s  upd=20872  L=0.0273  D=1.768
[dcg] 13:59:38  941,404/1,000,000  18.7/s  upd=20880  L=0.0292  D=1.768
[dcg] 13:59:52  941,753/1,000,000  18.7/s  upd=20888  L=0.0303  D=1.768
[dcg] 14:00:07  942,133/1,000,000  18.7/s  upd=20896  L=0.0508  D=1.768
[dcg] 14:00:23  942,471/1,000,000  18.7/s  upd=20904  L=0.0297  D=1.768
[dcg] 14:00:40  942,806/1,000,000  18.7/s  upd=20912  L=0.0261  D=1.768
[dcg] 14:00:56  943,111/1,000,000  18.7/s  upd=20920  L=0.0380  D=1.768
[dcg] 14:01:07  943,466/1,000,000  18.7/s  upd=20928  L=0.0308  D=1.768
[dcg] 14:01:21  943,789/1,000,000  18.7/s  upd=20936  L=0.0294  D=1.768
[dcg] 14:01:36  944,114/1,000,000  18.7/s  upd=20944  L=0.0537  D=1.768
[dcg] 14:01:52  944,441/1,000,000  18.7/s  upd=20952  L=0.0418  D=1.768
[dcg] 14:02:08  944,849/1,000,000  18.7/s  upd=20960  L=0.0331  D=1.768
[dcg] 14:02:24  945,204/1,000,000  18.7/s  upd=20968  L=0.0300  D=1.768
[dcg] 14:02:40  945,527/1,000,000  18.7/s  upd=20976  L=0.0302  D=1.768
[dcg] 14:02:56  945,899/1,000,000  18.7/s  upd=20984  L=0.0324  D=1.768
[dcg] 14:03:14  946,195/1,000,000  18.7/s  upd=20992  L=0.0390  D=1.768
[dcg] 14:03:31  946,498/1,000,000  18.7/s  upd=21000  L=0.0273  D=1.768
[dcg] 14:03:46  946,829/1,000,000  18.7/s  upd=21008  L=0.0228  D=1.768
[dcg] 14:04:09  947,166/1,000,000  18.7/s  upd=21016  L=0.0399  D=1.768
[dcg] 14:04:25  947,570/1,000,000  18.7/s  upd=21024  L=0.0394  D=1.768
[dcg] 14:04:39  947,858/1,000,000  18.7/s  upd=21032  L=0.0222  D=1.768
[dcg] 14:04:53  948,177/1,000,000  18.7/s  upd=21040  L=0.0296  D=1.768
[dcg] 14:05:04  948,561/1,000,000  18.7/s  upd=21048  L=0.0380  D=1.768
[dcg] 14:05:16  948,951/1,000,000  18.7/s  upd=21056  L=0.0392  D=1.768
[dcg] 14:05:27  949,272/1,000,000  18.7/s  upd=21064  L=0.0313  D=1.768
[dcg] 14:05:39  949,598/1,000,000  18.7/s  upd=21072  L=0.0316  D=1.768
[dcg] 14:05:52  949,972/1,000,000  18.7/s  upd=21080  L=0.0267  D=1.768
[dcg] 14:06:03  950,312/1,000,000  18.7/s  upd=21088  L=0.0382  D=1.768
[dcg] 14:06:13  950,635/1,000,000  18.7/s  upd=21096  L=0.0259  D=1.768
[dcg] 14:06:26  950,958/1,000,000  18.7/s  upd=21104  L=0.0283  D=1.768
[dcg] 14:06:38  951,269/1,000,000  18.7/s  upd=21112  L=0.0312  D=1.768
[dcg] 14:06:50  951,675/1,000,000  18.7/s  upd=21120  L=0.0312  D=1.768
[dcg] 14:07:00  951,971/1,000,000  18.7/s  upd=21128  L=0.0347  D=1.768
[dcg] 14:07:10  952,292/1,000,000  18.7/s  upd=21136  L=0.0330  D=1.768
[dcg] 14:07:24  952,641/1,000,000  18.7/s  upd=21144  L=0.0322  D=1.768
[dcg] 14:07:35  952,952/1,000,000  18.7/s  upd=21152  L=0.0472  D=1.768
[dcg] 14:07:46  953,250/1,000,000  18.7/s  upd=21160  L=0.0321  D=1.768
[dcg] 14:07:58  953,582/1,000,000  18.7/s  upd=21168  L=0.0260  D=1.768
[dcg] 14:08:10  953,884/1,000,000  18.7/s  upd=21176  L=0.0364  D=1.768
[dcg] 14:08:22  954,235/1,000,000  18.7/s  upd=21184  L=0.0291  D=1.768
[dcg] 14:08:36  954,540/1,000,000  18.7/s  upd=21192  L=0.0269  D=1.768
[dcg] 14:08:48  954,848/1,000,000  18.7/s  upd=21200  L=0.0310  D=1.768
[dcg] 14:09:00  955,172/1,000,000  18.8/s  upd=21208  L=0.0262  D=1.768
[dcg] 14:09:19  955,479/1,000,000  18.7/s  upd=21216  L=0.0312  D=1.768
[dcg] 14:09:29  955,851/1,000,000  18.8/s  upd=21224  L=0.0289  D=1.768
[dcg] 14:09:40  956,192/1,000,000  18.8/s  upd=21232  L=0.0289  D=1.768
[dcg] 14:09:50  956,500/1,000,000  18.8/s  upd=21240  L=0.0284  D=1.768
[dcg] 14:10:01  956,786/1,000,000  18.8/s  upd=21248  L=0.0553  D=1.768
[dcg] 14:10:13  957,106/1,000,000  18.8/s  upd=21256  L=0.0336  D=1.768
[dcg] 14:10:24  957,416/1,000,000  18.8/s  upd=21264  L=0.0319  D=1.768
[dcg] 14:10:35  957,702/1,000,000  18.8/s  upd=21272  L=0.0304  D=1.768
[dcg] 14:10:45  958,009/1,000,000  18.8/s  upd=21280  L=0.0429  D=1.768
[dcg] 14:10:57  958,417/1,000,000  18.8/s  upd=21288  L=0.0211  D=1.768
[dcg] 14:11:08  958,699/1,000,000  18.8/s  upd=21296  L=0.0295  D=1.768
[dcg] 14:11:18  959,028/1,000,000  18.8/s  upd=21304  L=0.0274  D=1.768
[dcg] 14:11:29  959,343/1,000,000  18.8/s  upd=21312  L=0.0348  D=1.768
[dcg] 14:11:39  959,658/1,000,000  18.8/s  upd=21320  L=0.0285  D=1.768
[dcg] 14:11:50  959,959/1,000,000  18.8/s  upd=21328  L=0.0311  D=1.768
[dcg] 14:12:08  960,254/1,000,000  18.8/s  upd=21336  L=0.0336  ev=0/100  D=1.768
[dcg] 14:12:18  960,254/1,000,000  18.8/s  upd=21336  L=0.0336  ev=64/100  D=1.768
[dcg] 14:12:32  960,254/1,000,000  18.8/s  upd=21336  L=0.0336  D=1.948
[dcg] 14:12:44  960,596/1,000,000  18.8/s  upd=21344  L=0.0419  D=1.948
[dcg] 14:12:54  960,926/1,000,000  18.8/s  upd=21352  L=0.0236  D=1.948
[dcg] 14:13:06  961,284/1,000,000  18.8/s  upd=21360  L=0.0262  D=1.948
[dcg] 14:13:17  961,636/1,000,000  18.8/s  upd=21368  L=0.0428  D=1.948
[dcg] 14:13:28  961,991/1,000,000  18.8/s  upd=21376  L=0.0239  D=1.948
[dcg] 14:13:40  962,282/1,000,000  18.8/s  upd=21384  L=0.0278  D=1.948
[dcg] 14:13:51  962,565/1,000,000  18.8/s  upd=21392  L=0.0321  D=1.948
[dcg] 14:14:01  962,912/1,000,000  18.8/s  upd=21400  L=0.0322  D=1.948
[dcg] 14:14:13  963,243/1,000,000  18.8/s  upd=21408  L=0.0296  D=1.948
[dcg] 14:14:30  963,535/1,000,000  18.8/s  upd=21416  L=0.0313  D=1.948
[dcg] 14:14:42  963,886/1,000,000  18.8/s  upd=21424  L=0.0383  D=1.948
[dcg] 14:14:53  964,222/1,000,000  18.8/s  upd=21432  L=0.0416  D=1.948
[dcg] 14:15:03  964,531/1,000,000  18.8/s  upd=21440  L=0.0372  D=1.948
[dcg] 14:15:14  964,889/1,000,000  18.8/s  upd=21448  L=0.0308  D=1.948
[dcg] 14:15:25  965,229/1,000,000  18.8/s  upd=21456  L=0.0407  D=1.948
[dcg] 14:15:37  965,624/1,000,000  18.8/s  upd=21464  L=0.0259  D=1.948
[dcg] 14:15:49  965,957/1,000,000  18.8/s  upd=21472  L=0.0452  D=1.948
[dcg] 14:16:01  966,291/1,000,000  18.8/s  upd=21480  L=0.0352  D=1.948
[dcg] 14:16:12  966,603/1,000,000  18.8/s  upd=21488  L=0.0321  D=1.948
[dcg] 14:16:24  966,924/1,000,000  18.8/s  upd=21496  L=0.0383  D=1.948
[dcg] 14:16:36  967,254/1,000,000  18.8/s  upd=21504  L=0.0272  D=1.948
[dcg] 14:16:47  967,568/1,000,000  18.8/s  upd=21512  L=0.0316  D=1.948
[dcg] 14:16:57  967,897/1,000,000  18.8/s  upd=21520  L=0.0211  D=1.948
[dcg] 14:17:08  968,201/1,000,000  18.8/s  upd=21528  L=0.0305  D=1.948
[dcg] 14:17:22  968,547/1,000,000  18.8/s  upd=21536  L=0.0353  D=1.948
[dcg] 14:17:34  968,915/1,000,000  18.8/s  upd=21544  L=0.0285  D=1.948
[dcg] 14:17:45  969,233/1,000,000  18.8/s  upd=21552  L=0.0334  D=1.948
[dcg] 14:17:56  969,595/1,000,000  18.8/s  upd=21560  L=0.0178  D=1.948
[dcg] 14:18:09  969,937/1,000,000  18.8/s  upd=21568  L=0.0269  D=1.948
[dcg] 14:18:19  970,269/1,000,000  18.8/s  upd=21576  L=0.0449  D=1.948
[dcg] 14:18:39  970,865/1,000,000  18.8/s  upd=21592  L=0.0320  D=1.948
[dcg] 14:18:51  971,200/1,000,000  18.8/s  upd=21600  L=0.0260  D=1.948
[dcg] 14:19:01  971,516/1,000,000  18.8/s  upd=21608  L=0.0327  D=1.948
[dcg] 14:19:12  971,841/1,000,000  18.9/s  upd=21616  L=0.0342  D=1.948
[dcg] 14:19:23  972,158/1,000,000  18.9/s  upd=21624  L=0.0340  D=1.948
[dcg] 14:19:43  972,478/1,000,000  18.9/s  upd=21632  L=0.0332  D=1.948
[dcg] 14:19:54  972,808/1,000,000  18.9/s  upd=21640  L=0.0314  D=1.948
[dcg] 14:20:06  973,146/1,000,000  18.9/s  upd=21648  L=0.0342  D=1.948
[dcg] 14:20:17  973,446/1,000,000  18.9/s  upd=21656  L=0.0326  D=1.948
[dcg] 14:20:29  973,793/1,000,000  18.9/s  upd=21664  L=0.0320  D=1.948
[dcg] 14:20:39  974,107/1,000,000  18.9/s  upd=21672  L=0.0314  D=1.948
[dcg] 14:20:49  974,429/1,000,000  18.9/s  upd=21680  L=0.0268  D=1.948
[dcg] 14:20:59  974,745/1,000,000  18.9/s  upd=21688  L=0.0395  D=1.948
[dcg] 14:21:09  975,040/1,000,000  18.9/s  upd=21696  L=0.0385  D=1.948
[dcg] 14:21:19  975,361/1,000,000  18.9/s  upd=21704  L=0.0329  D=1.948
[dcg] 14:21:32  975,706/1,000,000  18.9/s  upd=21712  L=0.0262  D=1.948
[dcg] 14:21:42  976,016/1,000,000  18.9/s  upd=21720  L=0.0299  D=1.948
[dcg] 14:21:53  976,336/1,000,000  18.9/s  upd=21728  L=0.0264  D=1.948
[dcg] 14:22:04  976,657/1,000,000  18.9/s  upd=21736  L=0.0287  D=1.948
[dcg] 14:22:14  976,973/1,000,000  18.9/s  upd=21744  L=0.0355  D=1.948
[dcg] 14:22:27  977,311/1,000,000  18.9/s  upd=21752  L=0.0361  D=1.948
[dcg] 14:22:41  977,671/1,000,000  18.9/s  upd=21760  L=0.0337  D=1.948
[dcg] 14:22:52  978,004/1,000,000  18.9/s  upd=21768  L=0.0320  D=1.948
[dcg] 14:23:03  978,310/1,000,000  18.9/s  upd=21776  L=0.0387  D=1.948
[dcg] 14:23:15  978,603/1,000,000  18.9/s  upd=21784  L=0.0260  D=1.948
[dcg] 14:23:26  978,894/1,000,000  18.9/s  upd=21792  L=0.0286  D=1.948
[dcg] 14:23:38  979,253/1,000,000  18.9/s  upd=21800  L=0.0253  D=1.948
[dcg] 14:23:48  979,594/1,000,000  18.9/s  upd=21808  L=0.0325  D=1.948
[dcg] 14:23:59  979,942/1,000,000  18.9/s  upd=21816  L=0.0228  D=1.948
[dcg] 14:24:18  980,316/1,000,000  18.9/s  upd=21824  L=0.0278  ev=0/100  D=1.948
[dcg] 14:24:28  980,316/1,000,000  18.9/s  upd=21824  L=0.0278  ev=66/100  D=1.948
[dcg] 14:24:41  980,316/1,000,000  18.9/s  upd=21824  L=0.0278  D=1.692
[dcg] 14:25:00  980,610/1,000,000  18.9/s  upd=21832  L=0.0374  D=1.692
[dcg] 14:25:11  980,921/1,000,000  18.9/s  upd=21840  L=0.0285  D=1.692
[dcg] 14:25:24  981,255/1,000,000  18.9/s  upd=21848  L=0.0286  D=1.692
[dcg] 14:25:34  981,605/1,000,000  18.9/s  upd=21856  L=0.0408  D=1.692
[dcg] 14:25:47  981,978/1,000,000  18.9/s  upd=21864  L=0.0312  D=1.692
[dcg] 14:25:57  982,281/1,000,000  18.9/s  upd=21872  L=0.0319  D=1.692
[dcg] 14:26:09  982,608/1,000,000  18.9/s  upd=21880  L=0.0326  D=1.692
[dcg] 14:26:20  982,928/1,000,000  18.9/s  upd=21888  L=0.0394  D=1.692
[dcg] 14:26:31  983,281/1,000,000  18.9/s  upd=21896  L=0.0351  D=1.692
[dcg] 14:26:41  983,630/1,000,000  18.9/s  upd=21904  L=0.0295  D=1.692
[dcg] 14:26:51  983,944/1,000,000  18.9/s  upd=21912  L=0.0676  D=1.692
[dcg] 14:27:09  984,577/1,000,000  18.9/s  upd=21928  L=0.0235  D=1.692
[dcg] 14:27:20  984,883/1,000,000  18.9/s  upd=21936  L=0.0426  D=1.692
[dcg] 14:27:32  985,260/1,000,000  18.9/s  upd=21944  L=0.0273  D=1.692
[dcg] 14:27:42  985,587/1,000,000  18.9/s  upd=21952  L=0.0282  D=1.692
[dcg] 14:27:54  985,989/1,000,000  18.9/s  upd=21960  L=0.0293  D=1.692
[dcg] 14:28:06  986,325/1,000,000  18.9/s  upd=21968  L=0.0448  D=1.692
[dcg] 14:28:17  986,668/1,000,000  18.9/s  upd=21976  L=0.0492  D=1.692
[dcg] 14:28:30  987,079/1,000,000  18.9/s  upd=21984  L=0.0574  D=1.692
[dcg] 14:28:43  987,463/1,000,000  18.9/s  upd=21992  L=0.0297  D=1.692
[dcg] 14:28:53  987,784/1,000,000  18.9/s  upd=22000  L=0.0457  D=1.692
[dcg] 14:29:03  988,118/1,000,000  19.0/s  upd=22008  L=0.0530  D=1.692
[dcg] 14:29:14  988,432/1,000,000  19.0/s  upd=22016  L=0.0278  D=1.692
[dcg] 14:29:27  988,747/1,000,000  19.0/s  upd=22024  L=0.0338  D=1.692
[dcg] 14:29:39  989,094/1,000,000  19.0/s  upd=22032  L=0.0278  D=1.692
[dcg] 14:29:51  989,415/1,000,000  19.0/s  upd=22040  L=0.0324  D=1.692
[dcg] 14:30:10  989,765/1,000,000  19.0/s  upd=22048  L=0.0604  D=1.692
[dcg] 14:30:20  990,063/1,000,000  19.0/s  upd=22056  L=0.0252  D=1.692
[dcg] 14:30:32  990,391/1,000,000  19.0/s  upd=22064  L=0.0367  D=1.692
[dcg] 14:30:44  990,711/1,000,000  19.0/s  upd=22072  L=0.0303  D=1.692
[dcg] 14:30:54  991,041/1,000,000  19.0/s  upd=22080  L=0.0440  D=1.692
[dcg] 14:31:04  991,453/1,000,000  19.0/s  upd=22088  L=0.0322  D=1.692
[dcg] 14:31:16  991,791/1,000,000  19.0/s  upd=22096  L=0.0232  D=1.692
[dcg] 14:31:28  992,117/1,000,000  19.0/s  upd=22104  L=0.0343  D=1.692
[dcg] 14:31:38  992,434/1,000,000  19.0/s  upd=22112  L=0.0424  D=1.692
[dcg] 14:31:50  992,828/1,000,000  19.0/s  upd=22120  L=0.0320  D=1.692
[dcg] 14:32:03  993,145/1,000,000  19.0/s  upd=22128  L=0.0269  D=1.692
[dcg] 14:32:13  993,465/1,000,000  19.0/s  upd=22136  L=0.0289  D=1.692
[dcg] 14:32:23  993,790/1,000,000  19.0/s  upd=22144  L=0.0294  D=1.692
[dcg] 14:32:35  994,106/1,000,000  19.0/s  upd=22152  L=0.0294  D=1.692
[dcg] 14:32:45  994,411/1,000,000  19.0/s  upd=22160  L=0.0389  D=1.692
[dcg] 14:32:57  994,809/1,000,000  19.0/s  upd=22168  L=0.0420  D=1.692
[dcg] 14:33:09  995,120/1,000,000  19.0/s  upd=22176  L=0.0430  D=1.692
[dcg] 14:33:19  995,429/1,000,000  19.0/s  upd=22184  L=0.0272  D=1.692
[dcg] 14:33:31  995,747/1,000,000  19.0/s  upd=22192  L=0.0332  D=1.692
[dcg] 14:33:42  996,073/1,000,000  19.0/s  upd=22200  L=0.0330  D=1.692
[dcg] 14:33:54  996,410/1,000,000  19.0/s  upd=22208  L=0.0356  D=1.692
[dcg] 14:34:06  996,754/1,000,000  19.0/s  upd=22216  L=0.0390  D=1.692
[dcg] 14:34:18  997,097/1,000,000  19.0/s  upd=22224  L=0.0301  D=1.692
[dcg] 14:34:34  997,403/1,000,000  19.0/s  upd=22232  L=0.0272  D=1.692
[dcg] 14:34:45  997,708/1,000,000  19.0/s  upd=22240  L=0.0318  D=1.692
[dcg] 14:34:56  998,069/1,000,000  19.0/s  upd=22248  L=0.0255  D=1.692
[dcg] 14:35:15  998,367/1,000,000  19.0/s  upd=22256  L=0.0329  D=1.692
[dcg] 14:35:26  998,693/1,000,000  19.0/s  upd=22264  L=0.0327  D=1.692
[dcg] 14:35:38  999,009/1,000,000  19.0/s  upd=22272  L=0.0376  D=1.692
[dcg] 14:35:49  999,359/1,000,000  19.0/s  upd=22280  L=0.0288  D=1.692
[dcg] 14:36:01  999,711/1,000,000  19.0/s  upd=22288  L=0.0243  D=1.692
[dcg] 14:36:18  1,000,000/1,000,000  19.0/s  upd=22296  L=0.0244  ev=0/100  D=1.692
[dcg] 14:36:28  1,000,000/1,000,000  19.0/s  upd=22296  L=0.0244  ev=65/100  D=1.692
[dcg] 14:36:42  1,000,000/1,000,000  19.0/s  upd=22296  L=0.0244  D=2.056
[dcg/0] final_eval 25/6900
[dcg/0] final_eval 50/6900
[dcg/0] final_eval 75/6900
[dcg/0] final_eval 100/6900
[dcg/0] final_eval 125/6900
[dcg/0] final_eval 150/6900
[dcg/0] final_eval 175/6900
[dcg/0] final_eval 200/6900
[dcg/0] final_eval 225/6900
[dcg/0] final_eval 250/6900
[dcg/0] final_eval 275/6900
[dcg/0] final_eval 300/6900
[dcg/0] final_eval 325/6900
[dcg/0] final_eval 350/6900
[dcg/0] final_eval 375/6900
[dcg/0] final_eval 400/6900
[dcg/0] final_eval 425/6900
[dcg/0] final_eval 450/6900
[dcg/0] final_eval 475/6900
[dcg/0] final_eval 500/6900
[dcg/0] final_eval 525/6900
[dcg/0] final_eval 550/6900
[dcg/0] final_eval 575/6900
[dcg/0] final_eval 600/6900
[dcg/0] final_eval 625/6900
[dcg/0] final_eval 650/6900
[dcg/0] final_eval 675/6900
[dcg/0] final_eval 700/6900
[dcg/0] final_eval 725/6900
[dcg/0] final_eval 750/6900
[dcg/0] final_eval 775/6900
[dcg/0] final_eval 800/6900
[dcg/0] final_eval 825/6900
[dcg/0] final_eval 850/6900
[dcg/0] final_eval 875/6900
[dcg/0] final_eval 900/6900
[dcg/0] final_eval 925/6900
[dcg/0] final_eval 950/6900
[dcg/0] final_eval 975/6900
[dcg/0] final_eval 1000/6900
[dcg/0] final_eval 1025/6900
[dcg/0] final_eval 1050/6900
[dcg/0] final_eval 1075/6900
[dcg/0] final_eval 1100/6900
[dcg/0] final_eval 1125/6900
[dcg/0] final_eval 1150/6900
[dcg/0] final_eval 1175/6900
[dcg/0] final_eval 1200/6900
[dcg/0] final_eval 1225/6900
[dcg/0] final_eval 1250/6900
[dcg/0] final_eval 1275/6900
[dcg/0] final_eval 1300/6900
[dcg/0] final_eval 1325/6900
[dcg/0] final_eval 1350/6900
[dcg/0] final_eval 1375/6900
[dcg/0] final_eval 1400/6900
[dcg/0] final_eval 1425/6900
[dcg/0] final_eval 1450/6900
[dcg/0] final_eval 1475/6900
[dcg/0] final_eval 1500/6900
[dcg/0] final_eval 1525/6900
[dcg/0] final_eval 1550/6900
[dcg/0] final_eval 1575/6900
[dcg/0] final_eval 1600/6900
[dcg/0] final_eval 1625/6900
[dcg/0] final_eval 1650/6900
[dcg/0] final_eval 1675/6900
[dcg/0] final_eval 1700/6900
[dcg/0] final_eval 1725/6900
[dcg/0] final_eval 1750/6900
[dcg/0] final_eval 1775/6900
[dcg/0] final_eval 1800/6900
[dcg/0] final_eval 1825/6900
[dcg/0] final_eval 1850/6900
[dcg/0] final_eval 1875/6900
[dcg/0] final_eval 1900/6900
[dcg/0] final_eval 1925/6900
[dcg/0] final_eval 1950/6900
[dcg/0] final_eval 1975/6900
[dcg/0] final_eval 2000/6900
[dcg/0] final_eval 2025/6900
[dcg/0] final_eval 2050/6900
[dcg/0] final_eval 2075/6900
[dcg/0] final_eval 2100/6900
[dcg/0] final_eval 2125/6900
[dcg/0] final_eval 2150/6900
[dcg/0] final_eval 2175/6900
[dcg/0] final_eval 2200/6900
[dcg/0] final_eval 2225/6900
[dcg/0] final_eval 2250/6900
[dcg/0] final_eval 2275/6900
[dcg/0] final_eval 2300/6900
[dcg/0] final_eval 2325/6900
[dcg/0] final_eval 2350/6900
[dcg/0] final_eval 2375/6900
[dcg/0] final_eval 2400/6900
[dcg/0] final_eval 2425/6900
[dcg/0] final_eval 2450/6900
[dcg/0] final_eval 2475/6900
[dcg/0] final_eval 2500/6900
[dcg/0] final_eval 2525/6900
[dcg/0] final_eval 2550/6900
[dcg/0] final_eval 2575/6900
[dcg/0] final_eval 2600/6900
[dcg/0] final_eval 2625/6900
[dcg/0] final_eval 2650/6900
[dcg/0] final_eval 2675/6900
[dcg/0] final_eval 2700/6900
[dcg/0] final_eval 2725/6900
[dcg/0] final_eval 2750/6900
[dcg/0] final_eval 2775/6900
[dcg/0] final_eval 2800/6900
[dcg/0] final_eval 2825/6900
[dcg/0] final_eval 2850/6900
[dcg/0] final_eval 2875/6900
[dcg/0] final_eval 2900/6900
[dcg/0] final_eval 2925/6900
[dcg/0] final_eval 2950/6900
[dcg/0] final_eval 2975/6900
[dcg/0] final_eval 3000/6900
[dcg/0] final_eval 3025/6900
[dcg/0] final_eval 3050/6900
[dcg/0] final_eval 3075/6900
[dcg/0] final_eval 3100/6900
[dcg/0] final_eval 3125/6900
[dcg/0] final_eval 3150/6900
[dcg/0] final_eval 3175/6900
[dcg/0] final_eval 3200/6900
[dcg/0] final_eval 3225/6900
[dcg/0] final_eval 3250/6900
[dcg/0] final_eval 3275/6900
[dcg/0] final_eval 3300/6900
[dcg/0] final_eval 3325/6900
[dcg/0] final_eval 3350/6900
[dcg/0] final_eval 3375/6900
[dcg/0] final_eval 3400/6900
[dcg/0] final_eval 3425/6900
[dcg/0] final_eval 3450/6900
[dcg/0] final_eval 3475/6900
[dcg/0] final_eval 3500/6900
[dcg/0] final_eval 3525/6900
[dcg/0] final_eval 3550/6900
[dcg/0] final_eval 3575/6900
[dcg/0] final_eval 3600/6900
[dcg/0] final_eval 3625/6900
[dcg/0] final_eval 3650/6900
[dcg/0] final_eval 3675/6900
[dcg/0] final_eval 3700/6900
[dcg/0] final_eval 3725/6900
[dcg/0] final_eval 3750/6900
[dcg/0] final_eval 3775/6900
[dcg/0] final_eval 3800/6900
[dcg/0] final_eval 3825/6900
[dcg/0] final_eval 3850/6900
[dcg/0] final_eval 3875/6900
[dcg/0] final_eval 3900/6900
[dcg/0] final_eval 3925/6900
[dcg/0] final_eval 3950/6900
[dcg/0] final_eval 3975/6900
[dcg/0] final_eval 4000/6900
[dcg/0] final_eval 4025/6900
[dcg/0] final_eval 4050/6900
[dcg/0] final_eval 4075/6900
[dcg/0] final_eval 4100/6900
[dcg/0] final_eval 4125/6900
[dcg/0] final_eval 4150/6900
[dcg/0] final_eval 4175/6900
[dcg/0] final_eval 4200/6900
[dcg/0] final_eval 4225/6900
[dcg/0] final_eval 4250/6900
[dcg/0] final_eval 4275/6900
[dcg/0] final_eval 4300/6900
[dcg/0] final_eval 4325/6900
[dcg/0] final_eval 4350/6900
[dcg/0] final_eval 4375/6900
[dcg/0] final_eval 4400/6900
[dcg/0] final_eval 4425/6900
[dcg/0] final_eval 4450/6900
[dcg/0] final_eval 4475/6900
[dcg/0] final_eval 4500/6900
[dcg/0] final_eval 4525/6900
[dcg/0] final_eval 4550/6900
[dcg/0] final_eval 4575/6900
[dcg/0] final_eval 4600/6900
[dcg/0] final_eval 4625/6900
[dcg/0] final_eval 4650/6900
[dcg/0] final_eval 4675/6900
[dcg/0] final_eval 4700/6900
[dcg/0] final_eval 4725/6900
[dcg/0] final_eval 4750/6900
[dcg/0] final_eval 4775/6900
[dcg/0] final_eval 4800/6900
[dcg/0] final_eval 4825/6900
[dcg/0] final_eval 4850/6900
[dcg/0] final_eval 4875/6900
[dcg/0] final_eval 4900/6900
[dcg/0] final_eval 4925/6900
[dcg/0] final_eval 4950/6900
[dcg/0] final_eval 4975/6900
[dcg/0] final_eval 5000/6900
[dcg/0] final_eval 5025/6900
[dcg/0] final_eval 5050/6900
[dcg/0] final_eval 5075/6900
[dcg/0] final_eval 5100/6900
[dcg/0] final_eval 5125/6900
[dcg/0] final_eval 5150/6900
[dcg/0] final_eval 5175/6900
[dcg/0] final_eval 5200/6900
[dcg/0] final_eval 5225/6900
[dcg/0] final_eval 5250/6900
[dcg/0] final_eval 5275/6900
[dcg/0] final_eval 5300/6900
[dcg/0] final_eval 5325/6900
[dcg/0] final_eval 5350/6900
[dcg/0] final_eval 5375/6900
[dcg/0] final_eval 5400/6900
[dcg/0] final_eval 5425/6900
[dcg/0] final_eval 5450/6900
[dcg/0] final_eval 5475/6900
[dcg/0] final_eval 5500/6900
[dcg/0] final_eval 5525/6900
[dcg/0] final_eval 5550/6900
[dcg/0] final_eval 5575/6900
[dcg/0] final_eval 5600/6900
[dcg/0] final_eval 5625/6900
[dcg/0] final_eval 5650/6900
[dcg/0] final_eval 5675/6900
[dcg/0] final_eval 5700/6900
[dcg/0] final_eval 5725/6900
[dcg/0] final_eval 5750/6900
[dcg/0] final_eval 5775/6900
[dcg/0] final_eval 5800/6900
[dcg/0] final_eval 5825/6900
[dcg/0] final_eval 5850/6900
[dcg/0] final_eval 5875/6900
[dcg/0] final_eval 5900/6900
[dcg/0] final_eval 5925/6900
[dcg/0] final_eval 5950/6900
[dcg/0] final_eval 5975/6900
[dcg/0] final_eval 6000/6900
[dcg/0] final_eval 6025/6900
[dcg/0] final_eval 6050/6900
[dcg/0] final_eval 6075/6900
[dcg/0] final_eval 6100/6900
[dcg/0] final_eval 6125/6900
[dcg/0] final_eval 6150/6900
[dcg/0] final_eval 6175/6900
[dcg/0] final_eval 6200/6900
[dcg/0] final_eval 6225/6900
[dcg/0] final_eval 6250/6900
[dcg/0] final_eval 6275/6900
[dcg/0] final_eval 6300/6900
[dcg/0] final_eval 6325/6900
[dcg/0] final_eval 6350/6900
[dcg/0] final_eval 6375/6900
[dcg/0] final_eval 6400/6900
[dcg/0] final_eval 6425/6900
[dcg/0] final_eval 6450/6900
[dcg/0] final_eval 6475/6900
[dcg/0] final_eval 6500/6900
[dcg/0] final_eval 6525/6900
[dcg/0] final_eval 6550/6900
[dcg/0] final_eval 6575/6900
[dcg/0] final_eval 6600/6900
[dcg/0] final_eval 6625/6900
[dcg/0] final_eval 6650/6900
[dcg/0] final_eval 6675/6900
[dcg/0] final_eval 6700/6900
[dcg/0] final_eval 6725/6900
[dcg/0] final_eval 6750/6900
[dcg/0] final_eval 6775/6900
[dcg/0] final_eval 6800/6900
[dcg/0] final_eval 6825/6900
[dcg/0] final_eval 6850/6900
[dcg/0] final_eval 6875/6900
[dcg/0] final_eval 6900/6900
