[regir_untied4] saved resume t_env=0
[regir_untied4] 0:00:10  0/1,000,000  0.0/s  upd=0  L=-  D=-
[regir_untied4] saved resume t_env=410
[regir_untied4] 0:00:20  410/1,000,000  20.2/s  upd=0  L=-  D=-
[regir_untied4] saved resume t_env=804
[regir_untied4] 0:00:30  804/1,000,000  26.3/s  upd=0  L=-  D=-
[regir_untied4] saved resume t_env=1,208
[regir_untied4] 0:00:40  1,208/1,000,000  29.7/s  upd=0  L=-  D=-
[regir_untied4] 0:00:51  1,601/1,000,000  30.8/s  upd=1  L=0.0495  D=-
[regir_untied4] 0:01:03  1,601/1,000,000  25.1/s  upd=5  L=0.0468  D=-
[regir_untied4] saved resume t_env=1,601
[regir_untied4] 0:01:13  1,601/1,000,000  21.7/s  upd=8  L=0.0466  D=-
[regir_untied4] 0:01:24  1,996/1,000,000  23.5/s  upd=9  L=0.0392  D=-
[regir_untied4] 0:01:36  1,996/1,000,000  20.6/s  upd=14  L=0.0437  D=-
[regir_untied4] 0:01:46  1,996/1,000,000  18.7/s  upd=16  L=0.0445  D=-
[regir_untied4] 0:01:57  1,996/1,000,000  17.0/s  upd=16  L=0.0445  D=-
[regir_untied4] 0:02:09  2,446/1,000,000  18.9/s  upd=20  L=0.0471  D=-
[regir_untied4] 0:02:19  2,446/1,000,000  17.5/s  upd=24  L=0.0397  D=-
[regir_untied4] 0:02:29  2,446/1,000,000  16.3/s  upd=24  L=0.0397  D=-
[regir_untied4] 0:02:40  2,824/1,000,000  17.6/s  upd=28  L=0.0427  D=-
[regir_untied4] 0:02:51  2,824/1,000,000  16.5/s  upd=32  L=0.0367  D=-
[regir_untied4] 0:03:03  3,162/1,000,000  17.3/s  upd=34  L=0.0361  D=-
[regir_untied4] 0:03:13  3,162/1,000,000  16.3/s  upd=38  L=0.0356  D=-
[regir_untied4] 0:03:23  3,162/1,000,000  15.5/s  upd=40  L=0.0339  D=-
[regir_untied4] 0:03:33  3,162/1,000,000  14.8/s  upd=40  L=0.0339  D=-
[regir_untied4] 0:03:44  3,593/1,000,000  16.0/s  upd=42  L=0.0395  D=-
[regir_untied4] 0:03:56  3,593/1,000,000  15.2/s  upd=47  L=0.0354  D=-
[regir_untied4] 0:04:06  3,593/1,000,000  14.6/s  upd=48  L=0.0394  D=-
[regir_untied4] 0:04:16  3,953/1,000,000  15.4/s  upd=49  L=0.0389  D=-
[regir_untied4] 0:04:30  3,953/1,000,000  14.6/s  upd=54  L=0.0394  D=-
[regir_untied4] 0:04:40  3,953/1,000,000  14.1/s  upd=56  L=0.0373  D=-
[regir_untied4] 0:04:50  4,319/1,000,000  14.9/s  upd=57  L=0.0369  D=-
[regir_untied4] 0:05:02  4,319/1,000,000  14.3/s  upd=62  L=0.0325  D=-
[regir_untied4] 0:05:12  4,319/1,000,000  13.8/s  upd=64  L=0.0285  D=-
[regir_untied4] 0:05:22  4,319/1,000,000  13.4/s  upd=64  L=0.0285  D=-
[regir_untied4] 0:05:33  4,785/1,000,000  14.3/s  upd=67  L=0.0387  D=-
[regir_untied4] 0:05:43  4,785/1,000,000  13.9/s  upd=70  L=0.0445  D=-
[regir_untied4] 0:05:54  4,785/1,000,000  13.5/s  upd=72  L=0.0444  D=-
[regir_untied4] 0:06:04  5,152/1,000,000  14.1/s  upd=75  L=0.0350  D=-
[regir_untied4] 0:06:15  5,152/1,000,000  13.7/s  upd=78  L=0.0454  D=-
[regir_untied4] 0:06:26  5,152/1,000,000  13.3/s  upd=80  L=0.0323  D=-
[regir_untied4] 0:06:36  5,586/1,000,000  14.1/s  upd=81  L=0.0332  D=-
[regir_untied4] 0:06:48  5,586/1,000,000  13.7/s  upd=84  L=0.0373  D=-
[regir_untied4] 0:07:00  5,586/1,000,000  13.3/s  upd=88  L=0.0300  D=-
[regir_untied4] 0:07:10  5,930/1,000,000  13.8/s  upd=89  L=0.0450  D=-
[regir_untied4] 0:07:20  5,930/1,000,000  13.5/s  upd=92  L=0.0419  D=-
[regir_untied4] 0:07:33  5,930/1,000,000  13.1/s  upd=96  L=0.0468  D=-
[regir_untied4] 0:07:43  6,283/1,000,000  13.6/s  upd=98  L=0.0490  D=-
[regir_untied4] 0:07:54  6,283/1,000,000  13.2/s  upd=101  L=0.0478  D=-
[regir_untied4] 0:08:05  6,283/1,000,000  13.0/s  upd=104  L=0.0366  D=-
[regir_untied4] 0:08:17  6,643/1,000,000  13.3/s  upd=106  L=0.0431  D=-
[regir_untied4] 0:08:27  6,643/1,000,000  13.1/s  upd=109  L=0.0473  D=-
[regir_untied4] 0:08:38  6,643/1,000,000  12.8/s  upd=112  L=0.0448  D=-
[regir_untied4] 0:08:50  7,034/1,000,000  13.3/s  upd=114  L=0.0424  D=-
[regir_untied4] 0:09:03  7,034/1,000,000  12.9/s  upd=118  L=0.0470  D=-
[regir_untied4] 0:09:13  7,034/1,000,000  12.7/s  upd=120  L=0.0379  D=-
[regir_untied4] 0:09:23  7,034/1,000,000  12.5/s  upd=120  L=0.0379  D=-
[regir_untied4] 0:09:34  7,418/1,000,000  12.9/s  upd=124  L=0.0520  D=-
[regir_untied4] 0:09:45  7,418/1,000,000  12.7/s  upd=128  L=0.0421  D=-
[regir_untied4] 0:09:55  7,418/1,000,000  12.5/s  upd=128  L=0.0421  D=-
[regir_untied4] 0:10:06  7,867/1,000,000  13.0/s  upd=129  L=0.0375  D=-
[regir_untied4] 0:10:19  7,867/1,000,000  12.7/s  upd=134  L=0.0334  D=-
[regir_untied4] 0:10:29  7,867/1,000,000  12.5/s  upd=136  L=0.0390  D=-
[regir_untied4] 0:10:40  8,243/1,000,000  12.9/s  upd=138  L=0.0509  D=-
[regir_untied4] 0:10:54  8,243/1,000,000  12.6/s  upd=143  L=0.0522  D=-
[regir_untied4] 0:11:05  8,243/1,000,000  12.4/s  upd=144  L=0.0462  D=-
[regir_untied4] 0:11:16  8,613/1,000,000  12.7/s  upd=147  L=0.0442  D=-
[regir_untied4] 0:11:29  8,613/1,000,000  12.5/s  upd=151  L=0.0431  D=-
[regir_untied4] saved resume t_env=8,613
[regir_untied4] 0:11:39  8,613/1,000,000  12.3/s  upd=152  L=0.0583  D=-
[regir_untied4] 0:11:51  8,986/1,000,000  12.6/s  upd=155  L=0.0437  D=-
[regir_untied4] 0:12:02  8,986/1,000,000  12.4/s  upd=159  L=0.0471  D=-
[regir_untied4] 0:12:12  8,986/1,000,000  12.3/s  upd=160  L=0.0487  D=-
[regir_untied4] 0:12:24  9,353/1,000,000  12.6/s  upd=163  L=0.0478  D=-
[regir_untied4] 0:12:36  9,353/1,000,000  12.4/s  upd=168  L=0.0469  D=-
[regir_untied4] 0:12:46  9,353/1,000,000  12.2/s  upd=168  L=0.0469  D=-
[regir_untied4] 0:12:56  9,763/1,000,000  12.6/s  upd=170  L=0.0507  D=-
[regir_untied4] 0:13:07  9,763/1,000,000  12.4/s  upd=174  L=0.0513  D=-
[regir_untied4] 0:13:18  9,763/1,000,000  12.2/s  upd=176  L=0.0560  D=-
[regir_untied4] 0:13:28  9,763/1,000,000  12.1/s  upd=176  L=0.0560  D=-
[regir_untied4] 0:13:38  10,190/1,000,000  12.4/s  upd=179  L=0.0412  D=-
[regir_untied4] 0:13:51  10,190/1,000,000  12.2/s  upd=184  L=0.0450  D=-
[regir_untied4] 0:14:02  10,190/1,000,000  12.1/s  upd=184  L=0.0450  D=-
[regir_untied4] 0:14:13  10,607/1,000,000  12.4/s  upd=187  L=0.0515  D=-
[regir_untied4] 0:14:26  10,607/1,000,000  12.2/s  upd=191  L=0.0428  D=-
[regir_untied4] 0:14:37  10,607/1,000,000  12.1/s  upd=192  L=0.0525  D=-
[regir_untied4] 0:14:47  10,923/1,000,000  12.3/s  upd=195  L=0.0512  D=-
[regir_untied4] 0:14:59  10,923/1,000,000  12.1/s  upd=199  L=0.0476  D=-
[regir_untied4] 0:15:09  10,923/1,000,000  12.0/s  upd=200  L=0.0660  D=-
[regir_untied4] 0:15:20  11,333/1,000,000  12.3/s  upd=201  L=0.0342  D=-
[regir_untied4] 0:15:30  11,333/1,000,000  12.2/s  upd=204  L=0.0589  D=-
[regir_untied4] 0:15:41  11,333/1,000,000  12.0/s  upd=208  L=0.0629  D=-
[regir_untied4] 0:15:52  11,694/1,000,000  12.3/s  upd=209  L=0.0419  D=-
[regir_untied4] 0:16:03  11,694/1,000,000  12.1/s  upd=213  L=0.0507  D=-
[regir_untied4] 0:16:13  11,694/1,000,000  12.0/s  upd=216  L=0.0477  D=-
[regir_untied4] 0:16:26  12,041/1,000,000  12.2/s  upd=217  L=0.0410  D=-
[regir_untied4] 0:16:38  12,041/1,000,000  12.1/s  upd=221  L=0.0575  D=-
[regir_untied4] 0:16:48  12,041/1,000,000  11.9/s  upd=224  L=0.0499  D=-
[regir_untied4] 0:16:58  12,041/1,000,000  11.8/s  upd=224  L=0.0499  D=-
[regir_untied4] 0:17:09  12,465/1,000,000  12.1/s  upd=225  L=0.0639  D=-
[regir_untied4] 0:17:19  12,465/1,000,000  12.0/s  upd=229  L=0.0324  D=-
[regir_untied4] 0:17:29  12,465/1,000,000  11.9/s  upd=232  L=0.0568  D=-
[regir_untied4] 0:17:41  12,831/1,000,000  12.1/s  upd=233  L=0.0542  D=-
[regir_untied4] 0:17:53  12,831/1,000,000  12.0/s  upd=237  L=0.0545  D=-
[regir_untied4] 0:18:03  12,831/1,000,000  11.8/s  upd=240  L=0.0424  D=-
[regir_untied4] 0:18:13  13,164/1,000,000  12.0/s  upd=242  L=0.0371  D=-
[regir_untied4] 0:18:25  13,164/1,000,000  11.9/s  upd=246  L=0.0522  D=-
[regir_untied4] 0:18:35  13,164/1,000,000  11.8/s  upd=248  L=0.0619  D=-
[regir_untied4] 0:18:47  13,515/1,000,000  12.0/s  upd=251  L=0.0440  D=-
[regir_untied4] 0:18:57  13,515/1,000,000  11.9/s  upd=255  L=0.0523  D=-
[regir_untied4] 0:19:07  13,515/1,000,000  11.8/s  upd=256  L=0.0392  D=-
[regir_untied4] 0:19:18  13,915/1,000,000  12.0/s  upd=259  L=0.0327  D=-
[regir_untied4] 0:19:30  13,915/1,000,000  11.9/s  upd=264  L=0.0361  D=-
[regir_untied4] 0:19:44  14,271/1,000,000  12.1/s  upd=266  L=0.0468  D=-
[regir_untied4] 0:19:56  14,271/1,000,000  11.9/s  upd=270  L=0.0542  D=-
[regir_untied4] 0:20:07  14,605/1,000,000  12.1/s  upd=273  L=0.0494  D=-
[regir_untied4] 0:20:19  14,605/1,000,000  12.0/s  upd=277  L=0.0594  D=-
[regir_untied4] 0:20:29  14,605/1,000,000  11.9/s  upd=280  L=0.0515  D=-
[regir_untied4] 0:20:41  15,020/1,000,000  12.1/s  upd=282  L=0.0468  D=-
[regir_untied4] 0:20:53  15,020/1,000,000  12.0/s  upd=286  L=0.0383  D=-
[regir_untied4] 0:21:03  15,020/1,000,000  11.9/s  upd=288  L=0.0292  D=-
[regir_untied4] 0:21:15  15,378/1,000,000  12.1/s  upd=292  L=0.0450  D=-
[regir_untied4] 0:21:25  15,378/1,000,000  12.0/s  upd=296  L=0.0378  D=-
[regir_untied4] 0:21:36  15,721/1,000,000  12.1/s  upd=299  L=0.0409  D=-
[regir_untied4] 0:21:47  15,721/1,000,000  12.0/s  upd=303  L=0.0562  D=-
[regir_untied4] saved resume t_env=15,721
[regir_untied4] 0:22:00  16,172/1,000,000  12.2/s  upd=305  L=0.0551  D=-
[regir_untied4] 0:22:12  16,172/1,000,000  12.1/s  upd=309  L=0.0509  D=-
[regir_untied4] 0:22:24  16,517/1,000,000  12.3/s  upd=313  L=0.0374  D=-
[regir_untied4] 0:22:35  16,517/1,000,000  12.2/s  upd=317  L=0.0579  D=-
[regir_untied4] 0:22:45  16,517/1,000,000  12.1/s  upd=320  L=0.0368  D=-
[regir_untied4] 0:22:55  16,889/1,000,000  12.3/s  upd=323  L=0.0511  D=-
[regir_untied4] 0:23:08  16,889/1,000,000  12.2/s  upd=328  L=0.0424  D=-
[regir_untied4] 0:23:19  17,250/1,000,000  12.3/s  upd=330  L=0.0362  D=-
[regir_untied4] 0:23:32  17,250/1,000,000  12.2/s  upd=333  L=0.0529  D=-
[regir_untied4] 0:23:42  17,250/1,000,000  12.1/s  upd=336  L=0.0467  D=-
[regir_untied4] 0:23:52  17,250/1,000,000  12.0/s  upd=336  L=0.0467  D=-
[regir_untied4] 0:24:04  17,683/1,000,000  12.2/s  upd=338  L=0.0527  D=-
[regir_untied4] 0:24:15  17,683/1,000,000  12.1/s  upd=343  L=0.0450  D=-
[regir_untied4] 0:24:28  18,070/1,000,000  12.3/s  upd=345  L=0.0393  D=-
[regir_untied4] 0:24:40  18,070/1,000,000  12.2/s  upd=350  L=0.0564  D=-
[regir_untied4] 0:24:50  18,070/1,000,000  12.1/s  upd=352  L=0.0560  D=-
[regir_untied4] 0:25:01  18,428/1,000,000  12.3/s  upd=355  L=0.0422  D=-
[regir_untied4] 0:25:11  18,428/1,000,000  12.2/s  upd=360  L=0.0543  D=-
[regir_untied4] 0:25:24  18,832/1,000,000  12.4/s  upd=361  L=0.0461  D=-
[regir_untied4] 0:25:36  18,832/1,000,000  12.3/s  upd=367  L=0.0432  D=-
[regir_untied4] 0:25:46  18,832/1,000,000  12.2/s  upd=368  L=0.0355  D=-
[regir_untied4] 0:25:59  19,271/1,000,000  12.4/s  upd=372  L=0.0369  D=-
[regir_untied4] 0:26:11  19,271/1,000,000  12.3/s  upd=376  L=0.0334  D=-
[regir_untied4] 0:26:22  19,607/1,000,000  12.4/s  upd=379  L=0.0540  D=-
[regir_untied4] 0:26:34  19,607/1,000,000  12.3/s  upd=383  L=0.0535  D=-
[regir_untied4] 0:26:45  19,950/1,000,000  12.4/s  upd=387  L=0.0378  D=-
[regir_untied4] 0:26:55  19,950/1,000,000  12.4/s  upd=391  L=0.0445  D=-
[regir_untied4] 0:27:06  20,271/1,000,000  12.5/s  upd=393  L=0.0481  D=-
[regir_untied4] 0:27:16  20,271/1,000,000  12.4/s  upd=398  L=0.0485  D=-
[regir_untied4] saved resume t_env=20,271
[regir_untied4] 0:27:27  20,271/1,000,000  12.3/s  upd=400  L=0.0462  ev=0/100  D=-
[regir_untied4] 0:27:37  20,271/1,000,000  12.2/s  upd=400  L=0.0462  ev=7/100  D=-
[regir_untied4] 0:27:47  20,271/1,000,000  12.2/s  upd=400  L=0.0462  ev=9/100  D=-
[regir_untied4] 0:27:57  20,271/1,000,000  12.1/s  upd=400  L=0.0462  ev=16/100  D=-
[regir_untied4] 0:28:07  20,271/1,000,000  12.0/s  upd=400  L=0.0462  ev=27/100  D=-
[regir_untied4] 0:28:18  20,271/1,000,000  11.9/s  upd=400  L=0.0462  ev=32/100  D=-
[regir_untied4] 0:28:28  20,271/1,000,000  11.9/s  upd=400  L=0.0462  ev=40/100  D=-
[regir_untied4] 0:28:38  20,271/1,000,000  11.8/s  upd=400  L=0.0462  ev=48/100  D=-
[regir_untied4] 0:28:48  20,271/1,000,000  11.7/s  upd=400  L=0.0462  ev=55/100  D=-
[regir_untied4] 0:28:58  20,271/1,000,000  11.7/s  upd=400  L=0.0462  ev=56/100  D=-
[regir_untied4] 0:29:08  20,271/1,000,000  11.6/s  upd=400  L=0.0462  ev=64/100  D=-
[regir_untied4] 0:29:18  20,271/1,000,000  11.5/s  upd=400  L=0.0462  ev=72/100  D=-
[regir_untied4] 0:29:28  20,271/1,000,000  11.5/s  upd=400  L=0.0462  ev=80/100  D=-
[regir_untied4] 0:29:38  20,271/1,000,000  11.4/s  upd=400  L=0.0462  ev=86/100  D=-
[regir_untied4] 0:29:49  20,271/1,000,000  11.3/s  upd=400  L=0.0462  ev=96/100  D=-
[regir_untied4] 0:29:59  20,271/1,000,000  11.3/s  upd=400  L=0.0462  ev=99/100  D=-
[regir_untied4] 0:30:09  20,271/1,000,000  11.2/s  upd=400  L=0.0462  D=4.896
[regir_untied4] 0:30:21  20,634/1,000,000  11.3/s  upd=404  L=0.0489  D=4.896
[regir_untied4] 0:30:33  20,634/1,000,000  11.3/s  upd=407  L=0.0393  D=4.896
[regir_untied4] 0:30:43  20,634/1,000,000  11.2/s  upd=408  L=0.0402  D=4.896
[regir_untied4] 0:30:54  21,010/1,000,000  11.3/s  upd=413  L=0.0346  D=4.896
[regir_untied4] 0:31:06  21,010/1,000,000  11.3/s  upd=416  L=0.0370  D=4.896
[regir_untied4] 0:31:16  21,010/1,000,000  11.2/s  upd=416  L=0.0370  D=4.896
[regir_untied4] 0:31:29  21,338/1,000,000  11.3/s  upd=422  L=0.0427  D=4.896
[regir_untied4] 0:31:39  21,338/1,000,000  11.2/s  upd=424  L=0.0503  D=4.896
[regir_untied4] 0:31:50  21,691/1,000,000  11.4/s  upd=425  L=0.0660  D=4.896
[regir_untied4] 0:32:01  21,691/1,000,000  11.3/s  upd=429  L=0.0534  D=4.896
[regir_untied4] 0:32:11  21,691/1,000,000  11.2/s  upd=432  L=0.0372  D=4.896
[regir_untied4] 0:32:21  21,691/1,000,000  11.2/s  upd=432  L=0.0372  D=4.896
[regir_untied4] 0:32:31  22,147/1,000,000  11.3/s  upd=434  L=0.0362  D=4.896
[regir_untied4] 0:32:42  22,147/1,000,000  11.3/s  upd=438  L=0.0460  D=4.896
[regir_untied4] 0:32:52  22,147/1,000,000  11.2/s  upd=440  L=0.0514  D=4.896
[regir_untied4] 0:33:04  22,481/1,000,000  11.3/s  upd=443  L=0.0427  D=4.896
[regir_untied4] 0:33:15  22,481/1,000,000  11.3/s  upd=446  L=0.0427  D=4.896
[regir_untied4] 0:33:25  22,481/1,000,000  11.2/s  upd=448  L=0.0506  D=4.896
[regir_untied4] 0:33:37  22,900/1,000,000  11.4/s  upd=449  L=0.0526  D=4.896
[regir_untied4] 0:33:51  22,900/1,000,000  11.3/s  upd=453  L=0.0379  D=4.896
[regir_untied4] 0:34:01  22,900/1,000,000  11.2/s  upd=456  L=0.0460  D=4.896
[regir_untied4] 0:34:13  23,243/1,000,000  11.3/s  upd=459  L=0.0445  D=4.896
[regir_untied4] 0:34:23  23,243/1,000,000  11.3/s  upd=462  L=0.0544  D=4.896
[regir_untied4] 0:34:33  23,243/1,000,000  11.2/s  upd=464  L=0.0531  D=4.896
[regir_untied4] 0:34:45  23,685/1,000,000  11.4/s  upd=466  L=0.0562  D=4.896
[regir_untied4] 0:34:57  23,685/1,000,000  11.3/s  upd=469  L=0.0490  D=4.896
[regir_untied4] 0:35:07  23,685/1,000,000  11.2/s  upd=472  L=0.0506  D=4.896
[regir_untied4] 0:35:17  24,096/1,000,000  11.4/s  upd=474  L=0.0368  D=4.896
[regir_untied4] 0:35:29  24,096/1,000,000  11.3/s  upd=477  L=0.0362  D=4.896
[regir_untied4] 0:35:39  24,096/1,000,000  11.3/s  upd=480  L=0.0450  D=4.896
[regir_untied4] 0:35:51  24,465/1,000,000  11.4/s  upd=482  L=0.0350  D=4.896
[regir_untied4] 0:36:01  24,465/1,000,000  11.3/s  upd=485  L=0.0338  D=4.896
[regir_untied4] 0:36:12  24,465/1,000,000  11.3/s  upd=488  L=0.0383  D=4.896
[regir_untied4] 0:36:23  24,793/1,000,000  11.4/s  upd=491  L=0.0417  D=4.896
[regir_untied4] 0:36:35  24,793/1,000,000  11.3/s  upd=495  L=0.0475  D=4.896
[regir_untied4] 0:36:45  24,793/1,000,000  11.2/s  upd=496  L=0.0450  D=4.896
[regir_untied4] 0:36:56  25,158/1,000,000  11.4/s  upd=500  L=0.0454  D=4.896
[regir_untied4] 0:37:06  25,158/1,000,000  11.3/s  upd=503  L=0.0404  D=4.896
[regir_untied4] 0:37:16  25,158/1,000,000  11.3/s  upd=504  L=0.0406  D=4.896
[regir_untied4] 0:37:27  25,520/1,000,000  11.4/s  upd=507  L=0.0394  D=4.896
[regir_untied4] 0:37:38  25,520/1,000,000  11.3/s  upd=512  L=0.0409  D=4.896
[regir_untied4] saved resume t_env=25,520
[regir_untied4] 0:37:49  25,520/1,000,000  11.2/s  upd=512  L=0.0409  D=4.896
[regir_untied4] 0:38:00  25,944/1,000,000  11.4/s  upd=514  L=0.0423  D=4.896
[regir_untied4] 0:38:13  25,944/1,000,000  11.3/s  upd=519  L=0.0475  D=4.896
[regir_untied4] 0:38:23  25,944/1,000,000  11.3/s  upd=520  L=0.0404  D=4.896
[regir_untied4] 0:38:35  26,292/1,000,000  11.4/s  upd=523  L=0.0506  D=4.896
[regir_untied4] 0:38:45  26,292/1,000,000  11.3/s  upd=528  L=0.0625  D=4.896
[regir_untied4] 0:38:55  26,292/1,000,000  11.3/s  upd=528  L=0.0625  D=4.896
[regir_untied4] 0:39:08  26,740/1,000,000  11.4/s  upd=531  L=0.0480  D=4.896
[regir_untied4] 0:39:18  26,740/1,000,000  11.3/s  upd=535  L=0.0485  D=4.896
[regir_untied4] 0:39:28  26,740/1,000,000  11.3/s  upd=536  L=0.0386  D=4.896
[regir_untied4] 0:39:40  27,096/1,000,000  11.4/s  upd=537  L=0.0448  D=4.896
[regir_untied4] 0:39:52  27,096/1,000,000  11.3/s  upd=542  L=0.0290  D=4.896
[regir_untied4] 0:40:02  27,096/1,000,000  11.3/s  upd=544  L=0.0460  D=4.896
[regir_untied4] 0:40:15  27,477/1,000,000  11.4/s  upd=545  L=0.0279  D=4.896
[regir_untied4] 0:40:26  27,477/1,000,000  11.3/s  upd=549  L=0.0299  D=4.896
[regir_untied4] 0:40:36  27,477/1,000,000  11.3/s  upd=552  L=0.0433  D=4.896
[regir_untied4] 0:40:46  27,477/1,000,000  11.2/s  upd=552  L=0.0433  D=4.896
[regir_untied4] 0:40:56  27,884/1,000,000  11.3/s  upd=554  L=0.0529  D=4.896
[regir_untied4] 0:41:09  27,884/1,000,000  11.3/s  upd=560  L=0.0341  D=4.896
[regir_untied4] 0:41:19  27,884/1,000,000  11.2/s  upd=560  L=0.0341  D=4.896
[regir_untied4] 0:41:30  28,282/1,000,000  11.4/s  upd=561  L=0.0413  D=4.896
[regir_untied4] 0:41:41  28,282/1,000,000  11.3/s  upd=566  L=0.0397  D=4.896
[regir_untied4] 0:41:51  28,282/1,000,000  11.3/s  upd=568  L=0.0458  D=4.896
[regir_untied4] 0:42:02  28,282/1,000,000  11.2/s  upd=568  L=0.0458  D=4.896
[regir_untied4] 0:42:14  28,632/1,000,000  11.3/s  upd=573  L=0.0379  D=4.896
[regir_untied4] 0:42:24  28,632/1,000,000  11.3/s  upd=576  L=0.0514  D=4.896
[regir_untied4] 0:42:35  28,983/1,000,000  11.3/s  upd=577  L=0.0487  D=4.896
[regir_untied4] 0:42:47  28,983/1,000,000  11.3/s  upd=581  L=0.0559  D=4.896
[regir_untied4] 0:42:57  28,983/1,000,000  11.2/s  upd=584  L=0.0466  D=4.896
[regir_untied4] 0:43:09  29,377/1,000,000  11.3/s  upd=585  L=0.0326  D=4.896
[regir_untied4] 0:43:20  29,377/1,000,000  11.3/s  upd=589  L=0.0430  D=4.896
[regir_untied4] 0:43:30  29,377/1,000,000  11.3/s  upd=592  L=0.0426  D=4.896
[regir_untied4] 0:43:42  29,787/1,000,000  11.4/s  upd=593  L=0.0526  D=4.896
[regir_untied4] 0:43:53  29,787/1,000,000  11.3/s  upd=597  L=0.0312  D=4.896
[regir_untied4] 0:44:03  29,787/1,000,000  11.3/s  upd=600  L=0.0593  D=4.896
[regir_untied4] 0:44:14  30,145/1,000,000  11.4/s  upd=601  L=0.0363  D=4.896
[regir_untied4] 0:44:25  30,145/1,000,000  11.3/s  upd=605  L=0.0425  D=4.896
[regir_untied4] 0:44:35  30,145/1,000,000  11.3/s  upd=608  L=0.0419  D=4.896
[regir_untied4] 0:44:46  30,145/1,000,000  11.2/s  upd=608  L=0.0419  D=4.896
[regir_untied4] 0:44:58  30,588/1,000,000  11.3/s  upd=612  L=0.0464  D=4.896
[regir_untied4] 0:45:08  30,588/1,000,000  11.3/s  upd=616  L=0.0381  D=4.896
[regir_untied4] 0:45:18  30,588/1,000,000  11.3/s  upd=616  L=0.0381  D=4.896
[regir_untied4] 0:45:30  30,975/1,000,000  11.3/s  upd=618  L=0.0525  D=4.896
[regir_untied4] 0:45:41  30,975/1,000,000  11.3/s  upd=622  L=0.0459  D=4.896
[regir_untied4] 0:45:51  30,975/1,000,000  11.3/s  upd=624  L=0.0513  D=4.896
[regir_untied4] 0:46:02  31,329/1,000,000  11.3/s  upd=626  L=0.0407  D=4.896
[regir_untied4] 0:46:13  31,329/1,000,000  11.3/s  upd=630  L=0.0542  D=4.896
[regir_untied4] 0:46:23  31,329/1,000,000  11.3/s  upd=632  L=0.0593  D=4.896
[regir_untied4] 0:46:35  31,717/1,000,000  11.3/s  upd=633  L=0.0418  D=4.896
[regir_untied4] 0:46:47  31,717/1,000,000  11.3/s  upd=638  L=0.0599  D=4.896
[regir_untied4] 0:46:58  31,717/1,000,000  11.3/s  upd=640  L=0.0443  D=4.896
[regir_untied4] 0:47:08  32,073/1,000,000  11.3/s  upd=641  L=0.0407  D=4.896
[regir_untied4] 0:47:19  32,073/1,000,000  11.3/s  upd=645  L=0.0349  D=4.896
[regir_untied4] 0:47:29  32,073/1,000,000  11.3/s  upd=648  L=0.0434  D=4.896
[regir_untied4] 0:47:40  32,442/1,000,000  11.3/s  upd=649  L=0.0581  D=4.896
[regir_untied4] 0:47:51  32,442/1,000,000  11.3/s  upd=653  L=0.0389  D=4.896
[regir_untied4] 0:48:01  32,442/1,000,000  11.3/s  upd=656  L=0.0472  D=4.896
[regir_untied4] saved resume t_env=32,442
[regir_untied4] 0:48:11  32,442/1,000,000  11.2/s  upd=656  L=0.0472  D=4.896
[regir_untied4] 0:48:23  32,872/1,000,000  11.3/s  upd=659  L=0.0398  D=4.896
[regir_untied4] 0:48:33  32,872/1,000,000  11.3/s  upd=662  L=0.0415  D=4.896
[regir_untied4] 0:48:43  32,872/1,000,000  11.2/s  upd=664  L=0.0451  D=4.896
[regir_untied4] 0:48:55  33,217/1,000,000  11.3/s  upd=666  L=0.0369  D=4.896
[regir_untied4] 0:49:07  33,217/1,000,000  11.3/s  upd=671  L=0.0411  D=4.896
[regir_untied4] 0:49:17  33,217/1,000,000  11.2/s  upd=672  L=0.0457  D=4.896
[regir_untied4] 0:49:27  33,560/1,000,000  11.3/s  upd=676  L=0.0423  D=4.896
[regir_untied4] 0:49:38  33,560/1,000,000  11.3/s  upd=680  L=0.0557  D=4.896
[regir_untied4] 0:49:48  33,560/1,000,000  11.2/s  upd=680  L=0.0557  D=4.896
[regir_untied4] 0:49:59  33,929/1,000,000  11.3/s  upd=684  L=0.0395  D=4.896
[regir_untied4] 0:50:10  33,929/1,000,000  11.3/s  upd=688  L=0.0356  D=4.896
[regir_untied4] 0:50:21  34,266/1,000,000  11.3/s  upd=689  L=0.0358  D=4.896
[regir_untied4] 0:50:31  34,266/1,000,000  11.3/s  upd=693  L=0.0463  D=4.896
[regir_untied4] 0:50:41  34,266/1,000,000  11.3/s  upd=696  L=0.0571  D=4.896
[regir_untied4] 0:50:52  34,750/1,000,000  11.4/s  upd=697  L=0.0346  D=4.896
[regir_untied4] 0:51:04  34,750/1,000,000  11.3/s  upd=702  L=0.0502  D=4.896
[regir_untied4] 0:51:14  34,750/1,000,000  11.3/s  upd=704  L=0.0458  D=4.896
[regir_untied4] 0:51:27  35,132/1,000,000  11.4/s  upd=708  L=0.0363  D=4.896
[regir_untied4] 0:51:37  35,132/1,000,000  11.3/s  upd=712  L=0.0399  D=4.896
[regir_untied4] 0:51:49  35,568/1,000,000  11.4/s  upd=713  L=0.0570  D=4.896
[regir_untied4] 0:52:01  35,568/1,000,000  11.4/s  upd=719  L=0.0522  D=4.896
[regir_untied4] 0:52:11  35,568/1,000,000  11.4/s  upd=720  L=0.0551  D=4.896
[regir_untied4] 0:52:23  35,966/1,000,000  11.4/s  upd=723  L=0.0345  D=4.896
[regir_untied4] 0:52:34  35,966/1,000,000  11.4/s  upd=728  L=0.0356  D=4.896
[regir_untied4] 0:52:46  36,316/1,000,000  11.5/s  upd=730  L=0.0349  D=4.896
[regir_untied4] 0:52:57  36,316/1,000,000  11.4/s  upd=735  L=0.0496  D=4.896
[regir_untied4] 0:53:07  36,316/1,000,000  11.4/s  upd=736  L=0.0381  D=4.896
[regir_untied4] 0:53:19  36,688/1,000,000  11.5/s  upd=741  L=0.0317  D=4.896
[regir_untied4] 0:53:29  36,688/1,000,000  11.4/s  upd=744  L=0.0526  D=4.896
[regir_untied4] 0:53:41  37,013/1,000,000  11.5/s  upd=745  L=0.0466  D=4.896
[regir_untied4] 0:53:52  37,013/1,000,000  11.5/s  upd=749  L=0.0471  D=4.896
[regir_untied4] 0:54:02  37,013/1,000,000  11.4/s  upd=752  L=0.0467  D=4.896
[regir_untied4] 0:54:12  37,013/1,000,000  11.4/s  upd=752  L=0.0467  D=4.896
[regir_untied4] 0:54:23  37,410/1,000,000  11.5/s  upd=755  L=0.0385  D=4.896
[regir_untied4] 0:54:34  37,410/1,000,000  11.4/s  upd=760  L=0.0451  D=4.896
[regir_untied4] 0:54:44  37,410/1,000,000  11.4/s  upd=760  L=0.0451  D=4.896
[regir_untied4] 0:54:56  37,777/1,000,000  11.5/s  upd=764  L=0.0330  D=4.896
[regir_untied4] 0:55:06  37,777/1,000,000  11.4/s  upd=768  L=0.0532  D=4.896
[regir_untied4] 0:55:18  38,136/1,000,000  11.5/s  upd=771  L=0.0479  D=4.896
[regir_untied4] 0:55:28  38,136/1,000,000  11.5/s  upd=776  L=0.0536  D=4.896
[regir_untied4] 0:55:40  38,468/1,000,000  11.5/s  upd=778  L=0.0322  D=4.896
[regir_untied4] 0:55:52  38,468/1,000,000  11.5/s  upd=783  L=0.0487  D=4.896
[regir_untied4] 0:56:04  38,806/1,000,000  11.5/s  upd=786  L=0.0410  D=4.896
[regir_untied4] 0:56:14  38,806/1,000,000  11.5/s  upd=790  L=0.0470  D=4.896
[regir_untied4] 0:56:27  39,160/1,000,000  11.6/s  upd=793  L=0.0488  D=4.896
[regir_untied4] 0:56:38  39,160/1,000,000  11.5/s  upd=797  L=0.0496  D=4.896
[regir_untied4] 0:56:50  39,499/1,000,000  11.6/s  upd=801  L=0.0382  D=4.896
[regir_untied4] 0:57:03  39,499/1,000,000  11.5/s  upd=806  L=0.0423  D=4.896
[regir_untied4] 0:57:13  39,499/1,000,000  11.5/s  upd=808  L=0.0534  D=4.896
[regir_untied4] 0:57:24  39,893/1,000,000  11.6/s  upd=811  L=0.0487  D=4.896
[regir_untied4] 0:57:35  39,893/1,000,000  11.5/s  upd=816  L=0.0346  D=4.896
[regir_untied4] 0:57:45  39,893/1,000,000  11.5/s  upd=816  L=0.0346  D=4.896
[regir_untied4] 0:57:57  40,296/1,000,000  11.6/s  upd=820  L=0.0361  D=4.896
[regir_untied4] 0:58:08  40,296/1,000,000  11.6/s  upd=824  L=0.0428  D=4.896
[regir_untied4] saved resume t_env=40,296
[regir_untied4] 0:58:18  40,296/1,000,000  11.5/s  upd=824  L=0.0428  ev=0/100  D=4.896
[regir_untied4] 0:58:28  40,296/1,000,000  11.5/s  upd=824  L=0.0428  ev=7/100  D=4.896
[regir_untied4] 0:58:38  40,296/1,000,000  11.5/s  upd=824  L=0.0428  ev=14/100  D=4.896
[regir_untied4] 0:58:48  40,296/1,000,000  11.4/s  upd=824  L=0.0428  ev=17/100  D=4.896
[regir_untied4] 0:58:58  40,296/1,000,000  11.4/s  upd=824  L=0.0428  ev=24/100  D=4.896
[regir_untied4] 0:59:08  40,296/1,000,000  11.4/s  upd=824  L=0.0428  ev=34/100  D=4.896
[regir_untied4] 0:59:19  40,296/1,000,000  11.3/s  upd=824  L=0.0428  ev=40/100  D=4.896
[regir_untied4] 0:59:29  40,296/1,000,000  11.3/s  upd=824  L=0.0428  ev=47/100  D=4.896
[regir_untied4] 0:59:39  40,296/1,000,000  11.3/s  upd=824  L=0.0428  ev=56/100  D=4.896
[regir_untied4] 0:59:49  40,296/1,000,000  11.2/s  upd=824  L=0.0428  ev=62/100  D=4.896
[regir_untied4] 0:59:59  40,296/1,000,000  11.2/s  upd=824  L=0.0428  ev=64/100  D=4.896
[regir_untied4] 1:00:09  40,296/1,000,000  11.2/s  upd=824  L=0.0428  ev=72/100  D=4.896
[regir_untied4] 1:00:19  40,296/1,000,000  11.1/s  upd=824  L=0.0428  ev=75/100  D=4.896
[regir_untied4] 1:00:29  40,296/1,000,000  11.1/s  upd=824  L=0.0428  ev=80/100  D=4.896
[regir_untied4] 1:00:40  40,296/1,000,000  11.1/s  upd=824  L=0.0428  ev=86/100  D=4.896
[regir_untied4] 1:00:50  40,296/1,000,000  11.0/s  upd=824  L=0.0428  ev=88/100  D=4.896
[regir_untied4] 1:01:00  40,296/1,000,000  11.0/s  upd=824  L=0.0428  ev=98/100  D=4.896
[regir_untied4] 1:01:10  40,296/1,000,000  11.0/s  upd=824  L=0.0428  D=5.020
[regir_untied4] 1:01:23  40,649/1,000,000  11.0/s  upd=827  L=0.0527  D=5.020
[regir_untied4] 1:01:33  40,649/1,000,000  11.0/s  upd=830  L=0.0398  D=5.020
[regir_untied4] 1:01:43  40,649/1,000,000  11.0/s  upd=832  L=0.0647  D=5.020
[regir_untied4] 1:01:55  41,045/1,000,000  11.0/s  upd=834  L=0.0376  D=5.020
[regir_untied4] 1:02:08  41,045/1,000,000  11.0/s  upd=839  L=0.0348  D=5.020
[regir_untied4] 1:02:18  41,045/1,000,000  11.0/s  upd=840  L=0.0495  D=5.020
[regir_untied4] 1:02:32  41,408/1,000,000  11.0/s  upd=843  L=0.0373  D=5.020
[regir_untied4] 1:02:42  41,408/1,000,000  11.0/s  upd=847  L=0.0354  D=5.020
[regir_untied4] 1:02:52  41,408/1,000,000  11.0/s  upd=848  L=0.0392  D=5.020
[regir_untied4] 1:03:02  41,408/1,000,000  10.9/s  upd=848  L=0.0392  D=5.020
[regir_untied4] 1:03:13  41,859/1,000,000  11.0/s  upd=852  L=0.0483  D=5.020
[regir_untied4] 1:03:23  41,859/1,000,000  11.0/s  upd=856  L=0.0478  D=5.020
[regir_untied4] 1:03:33  41,859/1,000,000  11.0/s  upd=856  L=0.0478  D=5.020
[regir_untied4] 1:03:43  42,231/1,000,000  11.0/s  upd=859  L=0.0486  D=5.020
[regir_untied4] 1:03:54  42,231/1,000,000  11.0/s  upd=864  L=0.0569  D=5.020
[regir_untied4] 1:04:07  42,565/1,000,000  11.1/s  upd=865  L=0.0430  D=5.020
[regir_untied4] 1:04:17  42,565/1,000,000  11.0/s  upd=869  L=0.0417  D=5.020
[regir_untied4] 1:04:27  42,565/1,000,000  11.0/s  upd=872  L=0.0483  D=5.020
[regir_untied4] 1:04:38  42,565/1,000,000  11.0/s  upd=872  L=0.0483  D=5.020
[regir_untied4] 1:04:50  43,009/1,000,000  11.1/s  upd=875  L=0.0520  D=5.020
[regir_untied4] 1:05:01  43,009/1,000,000  11.0/s  upd=880  L=0.0293  D=5.020
[regir_untied4] 1:05:12  43,009/1,000,000  11.0/s  upd=880  L=0.0293  D=5.020
[regir_untied4] 1:05:23  43,421/1,000,000  11.1/s  upd=881  L=0.0455  D=5.020
[regir_untied4] 1:05:34  43,421/1,000,000  11.0/s  upd=886  L=0.0447  D=5.020
[regir_untied4] 1:05:44  43,421/1,000,000  11.0/s  upd=888  L=0.0338  D=5.020
[regir_untied4] 1:05:55  43,739/1,000,000  11.1/s  upd=890  L=0.0485  D=5.020
[regir_untied4] 1:06:06  43,739/1,000,000  11.0/s  upd=894  L=0.0516  D=5.020
[regir_untied4] 1:06:16  43,739/1,000,000  11.0/s  upd=896  L=0.0402  D=5.020
[regir_untied4] 1:06:28  44,111/1,000,000  11.1/s  upd=898  L=0.0380  D=5.020
[regir_untied4] 1:06:39  44,111/1,000,000  11.0/s  upd=902  L=0.0607  D=5.020
[regir_untied4] 1:06:49  44,111/1,000,000  11.0/s  upd=904  L=0.0420  D=5.020
[regir_untied4] 1:06:59  44,111/1,000,000  11.0/s  upd=904  L=0.0420  D=5.020
[regir_untied4] 1:07:11  44,590/1,000,000  11.1/s  upd=907  L=0.0468  D=5.020
[regir_untied4] 1:07:21  44,590/1,000,000  11.0/s  upd=910  L=0.0507  D=5.020
[regir_untied4] 1:07:31  44,590/1,000,000  11.0/s  upd=912  L=0.0371  D=5.020
[regir_untied4] 1:07:43  44,998/1,000,000  11.1/s  upd=914  L=0.0430  D=5.020
[regir_untied4] 1:07:56  44,998/1,000,000  11.0/s  upd=918  L=0.0453  D=5.020
[regir_untied4] 1:08:06  44,998/1,000,000  11.0/s  upd=920  L=0.0329  D=5.020
[regir_untied4] 1:08:19  45,398/1,000,000  11.1/s  upd=923  L=0.0410  D=5.020
[regir_untied4] 1:08:31  45,398/1,000,000  11.0/s  upd=926  L=0.0327  D=5.020
[regir_untied4] saved resume t_env=45,398
[regir_untied4] 1:08:41  45,398/1,000,000  11.0/s  upd=928  L=0.0499  D=5.020
[regir_untied4] 1:08:55  45,770/1,000,000  11.1/s  upd=932  L=0.0517  D=5.020
[regir_untied4] 1:09:06  45,770/1,000,000  11.0/s  upd=935  L=0.0483  D=5.020
[regir_untied4] 1:09:16  45,770/1,000,000  11.0/s  upd=936  L=0.0458  D=5.020
[regir_untied4] 1:09:27  46,114/1,000,000  11.1/s  upd=939  L=0.0504  D=5.020
[regir_untied4] 1:09:40  46,114/1,000,000  11.0/s  upd=943  L=0.0494  D=5.020
[regir_untied4] 1:09:50  46,114/1,000,000  11.0/s  upd=944  L=0.0475  D=5.020
[regir_untied4] 1:10:00  46,538/1,000,000  11.1/s  upd=947  L=0.0339  D=5.020
[regir_untied4] 1:10:12  46,538/1,000,000  11.0/s  upd=950  L=0.0375  D=5.020
[regir_untied4] 1:10:22  46,538/1,000,000  11.0/s  upd=952  L=0.0437  D=5.020
[regir_untied4] 1:10:33  46,881/1,000,000  11.1/s  upd=955  L=0.0321  D=5.020
[regir_untied4] 1:10:43  46,881/1,000,000  11.0/s  upd=958  L=0.0488  D=5.020
[regir_untied4] 1:10:54  46,881/1,000,000  11.0/s  upd=960  L=0.0398  D=5.020
[regir_untied4] 1:11:04  47,246/1,000,000  11.1/s  upd=962  L=0.0342  D=5.020
[regir_untied4] 1:11:15  47,246/1,000,000  11.1/s  upd=965  L=0.0560  D=5.020
[regir_untied4] 1:11:27  47,246/1,000,000  11.0/s  upd=968  L=0.0583  D=5.020
[regir_untied4] 1:11:39  47,572/1,000,000  11.1/s  upd=970  L=0.0324  D=5.020
[regir_untied4] 1:11:49  47,572/1,000,000  11.0/s  upd=973  L=0.0426  D=5.020
[regir_untied4] 1:12:01  47,572/1,000,000  11.0/s  upd=976  L=0.0419  D=5.020
[regir_untied4] 1:12:11  47,880/1,000,000  11.1/s  upd=980  L=0.0537  D=5.020
[regir_untied4] 1:12:23  47,880/1,000,000  11.0/s  upd=983  L=0.0526  D=5.020
[regir_untied4] 1:12:33  47,880/1,000,000  11.0/s  upd=984  L=0.0501  D=5.020
[regir_untied4] 1:12:44  48,325/1,000,000  11.1/s  upd=986  L=0.0475  D=5.020
[regir_untied4] 1:12:55  48,325/1,000,000  11.0/s  upd=989  L=0.0480  D=5.020
[regir_untied4] 1:13:07  48,325/1,000,000  11.0/s  upd=992  L=0.0469  D=5.020
[regir_untied4] 1:13:18  48,726/1,000,000  11.1/s  upd=994  L=0.0333  D=5.020
[regir_untied4] 1:13:31  48,726/1,000,000  11.0/s  upd=997  L=0.0474  D=5.020
[regir_untied4] 1:13:42  48,726/1,000,000  11.0/s  upd=1000  L=0.0365  D=5.020
[regir_untied4] 1:13:55  49,088/1,000,000  11.1/s  upd=1002  L=0.0265  D=5.020
[regir_untied4] 1:14:08  49,088/1,000,000  11.0/s  upd=1006  L=0.0529  D=5.020
[regir_untied4] 1:14:18  49,088/1,000,000  11.0/s  upd=1008  L=0.0409  D=5.020
[regir_untied4] 1:14:32  49,447/1,000,000  11.1/s  upd=1011  L=0.0416  D=5.020
[regir_untied4] 1:14:42  49,447/1,000,000  11.0/s  upd=1014  L=0.0396  D=5.020
[regir_untied4] 1:14:52  49,447/1,000,000  11.0/s  upd=1016  L=0.0369  D=5.020
[regir_untied4] 1:15:05  49,801/1,000,000  11.1/s  upd=1020  L=0.0472  D=5.020
[regir_untied4] 1:15:16  49,801/1,000,000  11.0/s  upd=1023  L=0.0425  D=5.020
[regir_untied4] 1:15:28  50,166/1,000,000  11.1/s  upd=1025  L=0.0494  D=5.020
[regir_untied4] 1:15:40  50,166/1,000,000  11.0/s  upd=1028  L=0.0411  D=5.020
[regir_untied4] 1:15:51  50,166/1,000,000  11.0/s  upd=1031  L=0.0500  D=5.020
[regir_untied4] 1:16:03  50,509/1,000,000  11.1/s  upd=1034  L=0.0624  D=5.020
[regir_untied4] 1:16:15  50,509/1,000,000  11.0/s  upd=1038  L=0.0455  D=5.020
[regir_untied4] 1:16:25  50,509/1,000,000  11.0/s  upd=1040  L=0.0558  D=5.020
[regir_untied4] 1:16:35  50,509/1,000,000  11.0/s  upd=1040  L=0.0558  D=5.020
[regir_untied4] 1:16:46  50,917/1,000,000  11.1/s  upd=1044  L=0.0533  D=5.020
[regir_untied4] 1:16:57  50,917/1,000,000  11.0/s  upd=1048  L=0.0471  D=5.020
[regir_untied4] 1:17:08  51,257/1,000,000  11.1/s  upd=1049  L=0.0393  D=5.020
[regir_untied4] 1:17:22  51,257/1,000,000  11.0/s  upd=1053  L=0.0464  D=5.020
[regir_untied4] 1:17:32  51,257/1,000,000  11.0/s  upd=1056  L=0.0588  D=5.020
[regir_untied4] 1:17:43  51,619/1,000,000  11.1/s  upd=1058  L=0.0460  D=5.020
[regir_untied4] 1:17:56  51,619/1,000,000  11.0/s  upd=1062  L=0.0277  D=5.020
[regir_untied4] 1:18:06  51,619/1,000,000  11.0/s  upd=1064  L=0.0429  D=5.020
[regir_untied4] 1:18:18  52,006/1,000,000  11.1/s  upd=1066  L=0.0438  D=5.020
[regir_untied4] 1:18:31  52,006/1,000,000  11.0/s  upd=1070  L=0.0646  D=5.020
[regir_untied4] 1:18:41  52,006/1,000,000  11.0/s  upd=1072  L=0.0516  D=5.020
[regir_untied4] 1:18:53  52,342/1,000,000  11.1/s  upd=1076  L=0.0442  D=5.020
[regir_untied4] 1:19:06  52,342/1,000,000  11.0/s  upd=1080  L=0.0532  D=5.020
[regir_untied4] saved resume t_env=52,342
[regir_untied4] 1:19:17  52,705/1,000,000  11.1/s  upd=1081  L=0.0375  D=5.020
[regir_untied4] 1:19:29  52,705/1,000,000  11.1/s  upd=1086  L=0.0598  D=5.020
[regir_untied4] 1:19:39  52,705/1,000,000  11.0/s  upd=1088  L=0.0330  D=5.020
[regir_untied4] 1:19:50  53,043/1,000,000  11.1/s  upd=1090  L=0.0465  D=5.020
[regir_untied4] 1:20:01  53,043/1,000,000  11.0/s  upd=1094  L=0.0506  D=5.020
[regir_untied4] 1:20:11  53,043/1,000,000  11.0/s  upd=1096  L=0.0416  D=5.020
[regir_untied4] 1:20:24  53,367/1,000,000  11.1/s  upd=1100  L=0.0507  D=5.020
[regir_untied4] 1:20:34  53,367/1,000,000  11.0/s  upd=1103  L=0.0336  D=5.020
[regir_untied4] 1:20:44  53,367/1,000,000  11.0/s  upd=1104  L=0.0388  D=5.020
[regir_untied4] 1:20:55  53,743/1,000,000  11.1/s  upd=1107  L=0.0517  D=5.020
[regir_untied4] 1:21:05  53,743/1,000,000  11.0/s  upd=1110  L=0.0449  D=5.020
[regir_untied4] 1:21:15  53,743/1,000,000  11.0/s  upd=1112  L=0.0408  D=5.020
[regir_untied4] 1:21:27  54,138/1,000,000  11.1/s  upd=1117  L=0.0479  D=5.020
[regir_untied4] 1:21:37  54,138/1,000,000  11.1/s  upd=1120  L=0.0584  D=5.020
[regir_untied4] 1:21:48  54,501/1,000,000  11.1/s  upd=1122  L=0.0408  D=5.020
[regir_untied4] 1:22:00  54,501/1,000,000  11.1/s  upd=1127  L=0.0267  D=5.020
[regir_untied4] 1:22:11  54,920/1,000,000  11.1/s  upd=1130  L=0.0504  D=5.020
[regir_untied4] 1:22:23  54,920/1,000,000  11.1/s  upd=1135  L=0.0489  D=5.020
[regir_untied4] 1:22:33  54,920/1,000,000  11.1/s  upd=1136  L=0.0494  D=5.020
[regir_untied4] 1:22:45  55,375/1,000,000  11.2/s  upd=1140  L=0.0435  D=5.020
[regir_untied4] 1:22:55  55,375/1,000,000  11.1/s  upd=1144  L=0.0471  D=5.020
[regir_untied4] 1:23:06  55,711/1,000,000  11.2/s  upd=1148  L=0.0477  D=5.020
[regir_untied4] 1:23:18  55,711/1,000,000  11.1/s  upd=1152  L=0.0295  D=5.020
[regir_untied4] 1:23:31  56,050/1,000,000  11.2/s  upd=1156  L=0.0369  D=5.020
[regir_untied4] 1:23:41  56,050/1,000,000  11.2/s  upd=1160  L=0.0596  D=5.020
[regir_untied4] 1:23:52  56,460/1,000,000  11.2/s  upd=1161  L=0.0457  D=5.020
[regir_untied4] 1:24:03  56,460/1,000,000  11.2/s  upd=1165  L=0.0438  D=5.020
[regir_untied4] 1:24:14  56,460/1,000,000  11.2/s  upd=1168  L=0.0438  D=5.020
[regir_untied4] 1:24:26  56,848/1,000,000  11.2/s  upd=1170  L=0.0431  D=5.020
[regir_untied4] 1:24:39  56,848/1,000,000  11.2/s  upd=1173  L=0.0722  D=5.020
[regir_untied4] 1:24:49  56,848/1,000,000  11.2/s  upd=1176  L=0.0523  D=5.020
[regir_untied4] 1:25:00  57,235/1,000,000  11.2/s  upd=1177  L=0.0475  D=5.020
[regir_untied4] 1:25:12  57,235/1,000,000  11.2/s  upd=1180  L=0.0350  D=5.020
[regir_untied4] 1:25:23  57,235/1,000,000  11.2/s  upd=1184  L=0.0521  D=5.020
[regir_untied4] 1:25:35  57,555/1,000,000  11.2/s  upd=1187  L=0.0494  D=5.020
[regir_untied4] 1:25:46  57,555/1,000,000  11.2/s  upd=1191  L=0.0367  D=5.020
[regir_untied4] 1:25:59  57,924/1,000,000  11.2/s  upd=1194  L=0.0430  D=5.020
[regir_untied4] 1:26:11  57,924/1,000,000  11.2/s  upd=1199  L=0.0400  D=5.020
[regir_untied4] 1:26:23  58,282/1,000,000  11.2/s  upd=1203  L=0.0383  D=5.020
[regir_untied4] 1:26:34  58,282/1,000,000  11.2/s  upd=1207  L=0.0595  D=5.020
[regir_untied4] 1:26:45  58,282/1,000,000  11.2/s  upd=1208  L=0.0377  D=5.020
[regir_untied4] 1:26:56  58,671/1,000,000  11.2/s  upd=1214  L=0.0426  D=5.020
[regir_untied4] 1:27:06  58,671/1,000,000  11.2/s  upd=1216  L=0.0452  D=5.020
[regir_untied4] 1:27:19  59,042/1,000,000  11.3/s  upd=1220  L=0.0384  D=5.020
[regir_untied4] 1:27:29  59,042/1,000,000  11.2/s  upd=1224  L=0.0431  D=5.020
[regir_untied4] 1:27:40  59,394/1,000,000  11.3/s  upd=1226  L=0.0331  D=5.020
[regir_untied4] 1:27:51  59,394/1,000,000  11.3/s  upd=1230  L=0.0414  D=5.020
[regir_untied4] 1:28:04  59,762/1,000,000  11.3/s  upd=1233  L=0.0469  D=5.020
[regir_untied4] 1:28:15  59,762/1,000,000  11.3/s  upd=1237  L=0.0437  D=5.020
[regir_untied4] 1:28:25  59,762/1,000,000  11.3/s  upd=1240  L=0.0389  D=5.020
[regir_untied4] 1:28:35  60,114/1,000,000  11.3/s  upd=1242  L=0.0476  D=5.020
[regir_untied4] 1:28:46  60,114/1,000,000  11.3/s  upd=1245  L=0.0409  D=5.020
[regir_untied4] saved resume t_env=60,114
[regir_untied4] 1:28:59  60,114/1,000,000  11.3/s  upd=1248  L=0.0472  ev=0/100  D=5.020
[regir_untied4] 1:29:09  60,114/1,000,000  11.2/s  upd=1248  L=0.0472  ev=6/100  D=5.020
[regir_untied4] 1:29:19  60,114/1,000,000  11.2/s  upd=1248  L=0.0472  ev=8/100  D=5.020
[regir_untied4] 1:29:30  60,114/1,000,000  11.2/s  upd=1248  L=0.0472  ev=16/100  D=5.020
[regir_untied4] 1:29:40  60,114/1,000,000  11.2/s  upd=1248  L=0.0472  ev=23/100  D=5.020
[regir_untied4] 1:29:50  60,114/1,000,000  11.2/s  upd=1248  L=0.0472  ev=28/100  D=5.020
[regir_untied4] 1:30:00  60,114/1,000,000  11.1/s  upd=1248  L=0.0472  ev=32/100  D=5.020
[regir_untied4] 1:30:10  60,114/1,000,000  11.1/s  upd=1248  L=0.0472  ev=44/100  D=5.020
[regir_untied4] 1:30:20  60,114/1,000,000  11.1/s  upd=1248  L=0.0472  ev=47/100  D=5.020
[regir_untied4] 1:30:30  60,114/1,000,000  11.1/s  upd=1248  L=0.0472  ev=55/100  D=5.020
[regir_untied4] 1:30:41  60,114/1,000,000  11.0/s  upd=1248  L=0.0472  ev=56/100  D=5.020
[regir_untied4] 1:30:51  60,114/1,000,000  11.0/s  upd=1248  L=0.0472  ev=62/100  D=5.020
[regir_untied4] 1:31:01  60,114/1,000,000  11.0/s  upd=1248  L=0.0472  ev=67/100  D=5.020
[regir_untied4] 1:31:11  60,114/1,000,000  11.0/s  upd=1248  L=0.0472  ev=72/100  D=5.020
[regir_untied4] 1:31:21  60,114/1,000,000  11.0/s  upd=1248  L=0.0472  ev=79/100  D=5.020
[regir_untied4] 1:31:31  60,114/1,000,000  10.9/s  upd=1248  L=0.0472  ev=86/100  D=5.020
[regir_untied4] 1:31:41  60,114/1,000,000  10.9/s  upd=1248  L=0.0472  ev=88/100  D=5.020
[regir_untied4] 1:31:51  60,114/1,000,000  10.9/s  upd=1248  L=0.0472  ev=96/100  D=5.020
[regir_untied4] 1:32:02  60,114/1,000,000  10.9/s  upd=1248  L=0.0472  D=4.669
[regir_untied4] 1:32:13  60,464/1,000,000  10.9/s  upd=1249  L=0.0434  D=4.669
[regir_untied4] 1:32:25  60,464/1,000,000  10.9/s  upd=1253  L=0.0452  D=4.669
[regir_untied4] 1:32:36  60,464/1,000,000  10.9/s  upd=1256  L=0.0316  D=4.669
[regir_untied4] 1:32:48  60,852/1,000,000  10.9/s  upd=1257  L=0.0403  D=4.669
[regir_untied4] 1:32:58  60,852/1,000,000  10.9/s  upd=1260  L=0.0381  D=4.669
[regir_untied4] 1:33:10  60,852/1,000,000  10.9/s  upd=1264  L=0.0454  D=4.669
[regir_untied4] 1:33:21  61,242/1,000,000  10.9/s  upd=1266  L=0.0535  D=4.669
[regir_untied4] 1:33:32  61,242/1,000,000  10.9/s  upd=1270  L=0.0486  D=4.669
[regir_untied4] 1:33:42  61,242/1,000,000  10.9/s  upd=1272  L=0.0427  D=4.669
[regir_untied4] 1:33:54  61,578/1,000,000  10.9/s  upd=1275  L=0.0510  D=4.669
[regir_untied4] 1:34:05  61,578/1,000,000  10.9/s  upd=1279  L=0.0489  D=4.669
[regir_untied4] 1:34:15  61,578/1,000,000  10.9/s  upd=1280  L=0.0635  D=4.669
[regir_untied4] 1:34:27  62,033/1,000,000  10.9/s  upd=1282  L=0.0543  D=4.669
[regir_untied4] 1:34:41  62,033/1,000,000  10.9/s  upd=1286  L=0.0424  D=4.669
[regir_untied4] 1:34:51  62,033/1,000,000  10.9/s  upd=1288  L=0.0321  D=4.669
[regir_untied4] 1:35:03  62,443/1,000,000  10.9/s  upd=1290  L=0.0519  D=4.669
[regir_untied4] 1:35:14  62,443/1,000,000  10.9/s  upd=1294  L=0.0411  D=4.669
[regir_untied4] 1:35:25  62,443/1,000,000  10.9/s  upd=1296  L=0.0369  D=4.669
[regir_untied4] 1:35:37  62,790/1,000,000  10.9/s  upd=1298  L=0.0518  D=4.669
[regir_untied4] 1:35:48  62,790/1,000,000  10.9/s  upd=1303  L=0.0406  D=4.669
[regir_untied4] 1:35:58  62,790/1,000,000  10.9/s  upd=1304  L=0.0354  D=4.669
[regir_untied4] 1:36:10  63,194/1,000,000  11.0/s  upd=1306  L=0.0364  D=4.669
[regir_untied4] 1:36:21  63,194/1,000,000  10.9/s  upd=1310  L=0.0310  D=4.669
[regir_untied4] 1:36:31  63,194/1,000,000  10.9/s  upd=1312  L=0.0400  D=4.669
[regir_untied4] 1:36:44  63,579/1,000,000  11.0/s  upd=1313  L=0.0441  D=4.669
[regir_untied4] 1:36:55  63,579/1,000,000  10.9/s  upd=1317  L=0.0440  D=4.669
[regir_untied4] 1:37:05  63,579/1,000,000  10.9/s  upd=1320  L=0.0457  D=4.669
[regir_untied4] 1:37:16  63,579/1,000,000  10.9/s  upd=1320  L=0.0457  D=4.669
[regir_untied4] 1:37:26  64,002/1,000,000  10.9/s  upd=1323  L=0.0445  D=4.669
[regir_untied4] 1:37:36  64,002/1,000,000  10.9/s  upd=1328  L=0.0506  D=4.669
[regir_untied4] 1:37:47  64,002/1,000,000  10.9/s  upd=1328  L=0.0506  D=4.669
[regir_untied4] 1:37:57  64,390/1,000,000  11.0/s  upd=1330  L=0.0510  D=4.669
[regir_untied4] 1:38:08  64,390/1,000,000  10.9/s  upd=1335  L=0.0338  D=4.669
[regir_untied4] 1:38:19  64,390/1,000,000  10.9/s  upd=1336  L=0.0289  D=4.669
[regir_untied4] 1:38:31  64,725/1,000,000  10.9/s  upd=1338  L=0.0340  D=4.669
[regir_untied4] 1:38:43  64,725/1,000,000  10.9/s  upd=1343  L=0.0484  D=4.669
[regir_untied4] 1:38:53  64,725/1,000,000  10.9/s  upd=1344  L=0.0490  D=4.669
[regir_untied4] 1:39:06  65,121/1,000,000  11.0/s  upd=1346  L=0.0342  D=4.669
[regir_untied4] 1:39:17  65,121/1,000,000  10.9/s  upd=1350  L=0.0412  D=4.669
[regir_untied4] saved resume t_env=65,121
[regir_untied4] 1:39:27  65,121/1,000,000  10.9/s  upd=1352  L=0.0467  D=4.669
[regir_untied4] 1:39:38  65,464/1,000,000  10.9/s  upd=1354  L=0.0389  D=4.669
[regir_untied4] 1:39:51  65,464/1,000,000  10.9/s  upd=1358  L=0.0433  D=4.669
[regir_untied4] 1:40:01  65,464/1,000,000  10.9/s  upd=1360  L=0.0499  D=4.669
[regir_untied4] 1:40:15  65,884/1,000,000  11.0/s  upd=1361  L=0.0451  D=4.669
[regir_untied4] 1:40:27  65,884/1,000,000  10.9/s  upd=1365  L=0.0359  D=4.669
[regir_untied4] 1:40:37  65,884/1,000,000  10.9/s  upd=1368  L=0.0421  D=4.669
[regir_untied4] 1:40:47  65,884/1,000,000  10.9/s  upd=1368  L=0.0421  D=4.669
[regir_untied4] 1:40:59  66,355/1,000,000  11.0/s  upd=1371  L=0.0467  D=4.669
[regir_untied4] 1:41:12  66,355/1,000,000  10.9/s  upd=1375  L=0.0379  D=4.669
[regir_untied4] 1:41:22  66,355/1,000,000  10.9/s  upd=1376  L=0.0586  D=4.669
[regir_untied4] 1:41:32  66,816/1,000,000  11.0/s  upd=1377  L=0.0553  D=4.669
[regir_untied4] 1:41:46  66,816/1,000,000  10.9/s  upd=1381  L=0.0559  D=4.669
[regir_untied4] 1:41:56  66,816/1,000,000  10.9/s  upd=1384  L=0.0660  D=4.669
[regir_untied4] 1:42:08  67,187/1,000,000  11.0/s  upd=1386  L=0.0336  D=4.669
[regir_untied4] 1:42:22  67,187/1,000,000  10.9/s  upd=1390  L=0.0361  D=4.669
[regir_untied4] 1:42:32  67,187/1,000,000  10.9/s  upd=1392  L=0.0441  D=4.669
[regir_untied4] 1:42:42  67,561/1,000,000  11.0/s  upd=1395  L=0.0421  D=4.669
[regir_untied4] 1:42:53  67,561/1,000,000  10.9/s  upd=1399  L=0.0298  D=4.669
[regir_untied4] 1:43:03  67,561/1,000,000  10.9/s  upd=1400  L=0.0320  D=4.669
[regir_untied4] 1:43:13  67,938/1,000,000  11.0/s  upd=1403  L=0.0395  D=4.669
[regir_untied4] 1:43:25  67,938/1,000,000  10.9/s  upd=1407  L=0.0437  D=4.669
[regir_untied4] 1:43:35  67,938/1,000,000  10.9/s  upd=1408  L=0.0480  D=4.669
[regir_untied4] 1:43:45  68,327/1,000,000  11.0/s  upd=1410  L=0.0423  D=4.669
[regir_untied4] 1:43:55  68,327/1,000,000  11.0/s  upd=1414  L=0.0431  D=4.669
[regir_untied4] 1:44:06  68,327/1,000,000  10.9/s  upd=1416  L=0.0292  D=4.669
[regir_untied4] 1:44:17  68,647/1,000,000  11.0/s  upd=1417  L=0.0288  D=4.669
[regir_untied4] 1:44:29  68,647/1,000,000  10.9/s  upd=1422  L=0.0406  D=4.669
[regir_untied4] 1:44:39  68,647/1,000,000  10.9/s  upd=1424  L=0.0421  D=4.669
[regir_untied4] 1:44:49  68,647/1,000,000  10.9/s  upd=1424  L=0.0421  D=4.669
[regir_untied4] 1:45:00  69,042/1,000,000  11.0/s  upd=1429  L=0.0303  D=4.669
[regir_untied4] 1:45:12  69,042/1,000,000  10.9/s  upd=1432  L=0.0364  D=4.669
[regir_untied4] 1:45:22  69,042/1,000,000  10.9/s  upd=1432  L=0.0364  D=4.669
[regir_untied4] 1:45:32  69,476/1,000,000  11.0/s  upd=1435  L=0.0485  D=4.669
[regir_untied4] 1:45:44  69,476/1,000,000  11.0/s  upd=1438  L=0.0340  D=4.669
[regir_untied4] 1:45:54  69,476/1,000,000  10.9/s  upd=1440  L=0.0488  D=4.669
[regir_untied4] 1:46:07  69,843/1,000,000  11.0/s  upd=1443  L=0.0365  D=4.669
[regir_untied4] 1:46:17  69,843/1,000,000  11.0/s  upd=1446  L=0.0484  D=4.669
[regir_untied4] 1:46:27  69,843/1,000,000  10.9/s  upd=1448  L=0.0441  D=4.669
[regir_untied4] 1:46:38  70,306/1,000,000  11.0/s  upd=1450  L=0.0284  D=4.669
[regir_untied4] 1:46:48  70,306/1,000,000  11.0/s  upd=1454  L=0.0417  D=4.669
[regir_untied4] 1:46:58  70,306/1,000,000  11.0/s  upd=1456  L=0.0423  D=4.669
[regir_untied4] 1:47:08  70,657/1,000,000  11.0/s  upd=1458  L=0.0518  D=4.669
[regir_untied4] 1:47:20  70,657/1,000,000  11.0/s  upd=1462  L=0.0404  D=4.669
[regir_untied4] 1:47:30  70,657/1,000,000  11.0/s  upd=1464  L=0.0457  D=4.669
[regir_untied4] 1:47:42  71,010/1,000,000  11.0/s  upd=1467  L=0.0465  D=4.669
[regir_untied4] 1:47:53  71,010/1,000,000  11.0/s  upd=1472  L=0.0296  D=4.669
[regir_untied4] 1:48:03  71,010/1,000,000  11.0/s  upd=1472  L=0.0296  D=4.669
[regir_untied4] 1:48:14  71,425/1,000,000  11.0/s  upd=1475  L=0.0586  D=4.669
[regir_untied4] 1:48:24  71,425/1,000,000  11.0/s  upd=1479  L=0.0486  D=4.669
[regir_untied4] 1:48:34  71,425/1,000,000  11.0/s  upd=1480  L=0.0405  D=4.669
[regir_untied4] 1:48:47  71,777/1,000,000  11.0/s  upd=1482  L=0.0396  D=4.669
[regir_untied4] 1:49:00  71,777/1,000,000  11.0/s  upd=1487  L=0.0527  D=4.669
[regir_untied4] 1:49:10  71,777/1,000,000  11.0/s  upd=1488  L=0.0404  D=4.669
[regir_untied4] 1:49:21  72,134/1,000,000  11.0/s  upd=1490  L=0.0326  D=4.669
[regir_untied4] 1:49:33  72,134/1,000,000  11.0/s  upd=1494  L=0.0284  D=4.669
[regir_untied4] saved resume t_env=72,134
[regir_untied4] 1:49:43  72,134/1,000,000  11.0/s  upd=1496  L=0.0486  D=4.669
[regir_untied4] 1:49:54  72,466/1,000,000  11.0/s  upd=1498  L=0.0462  D=4.669
[regir_untied4] 1:50:05  72,466/1,000,000  11.0/s  upd=1502  L=0.0438  D=4.669
[regir_untied4] 1:50:15  72,466/1,000,000  11.0/s  upd=1504  L=0.0299  D=4.669
[regir_untied4] 1:50:26  72,869/1,000,000  11.0/s  upd=1505  L=0.0348  D=4.669
[regir_untied4] 1:50:37  72,869/1,000,000  11.0/s  upd=1508  L=0.0485  D=4.669
[regir_untied4] 1:50:47  72,869/1,000,000  11.0/s  upd=1512  L=0.0480  D=4.669
[regir_untied4] 1:50:58  73,269/1,000,000  11.0/s  upd=1513  L=0.0532  D=4.669
[regir_untied4] 1:51:10  73,269/1,000,000  11.0/s  upd=1518  L=0.0424  D=4.669
[regir_untied4] 1:51:20  73,269/1,000,000  11.0/s  upd=1520  L=0.0381  D=4.669
[regir_untied4] 1:51:30  73,610/1,000,000  11.0/s  upd=1524  L=0.0500  D=4.669
[regir_untied4] 1:51:40  73,610/1,000,000  11.0/s  upd=1528  L=0.0411  D=4.669
[regir_untied4] 1:51:51  74,038/1,000,000  11.0/s  upd=1529  L=0.0342  D=4.669
[regir_untied4] 1:52:02  74,038/1,000,000  11.0/s  upd=1534  L=0.0458  D=4.669
[regir_untied4] 1:52:12  74,038/1,000,000  11.0/s  upd=1536  L=0.0360  D=4.669
[regir_untied4] 1:52:24  74,440/1,000,000  11.0/s  upd=1539  L=0.0351  D=4.669
[regir_untied4] 1:52:36  74,440/1,000,000  11.0/s  upd=1544  L=0.0357  D=4.669
[regir_untied4] 1:52:47  74,828/1,000,000  11.1/s  upd=1546  L=0.0368  D=4.669
[regir_untied4] 1:52:58  74,828/1,000,000  11.0/s  upd=1551  L=0.0351  D=4.669
[regir_untied4] 1:53:08  74,828/1,000,000  11.0/s  upd=1552  L=0.0322  D=4.669
[regir_untied4] 1:53:18  75,209/1,000,000  11.1/s  upd=1556  L=0.0274  D=4.669
[regir_untied4] 1:53:31  75,209/1,000,000  11.0/s  upd=1560  L=0.0459  D=4.669
[regir_untied4] 1:53:42  75,555/1,000,000  11.1/s  upd=1563  L=0.0335  D=4.669
[regir_untied4] 1:53:52  75,555/1,000,000  11.1/s  upd=1567  L=0.0338  D=4.669
[regir_untied4] 1:54:02  75,555/1,000,000  11.0/s  upd=1568  L=0.0439  D=4.669
[regir_untied4] 1:54:12  75,964/1,000,000  11.1/s  upd=1571  L=0.0272  D=4.669
[regir_untied4] 1:54:24  75,964/1,000,000  11.1/s  upd=1574  L=0.0523  D=4.669
[regir_untied4] 1:54:34  75,964/1,000,000  11.1/s  upd=1576  L=0.0555  D=4.669
[regir_untied4] 1:54:45  76,366/1,000,000  11.1/s  upd=1578  L=0.0518  D=4.669
[regir_untied4] 1:54:56  76,366/1,000,000  11.1/s  upd=1581  L=0.0519  D=4.669
[regir_untied4] 1:55:06  76,366/1,000,000  11.1/s  upd=1584  L=0.0492  D=4.669
[regir_untied4] 1:55:18  76,715/1,000,000  11.1/s  upd=1586  L=0.0598  D=4.669
[regir_untied4] 1:55:28  76,715/1,000,000  11.1/s  upd=1589  L=0.0471  D=4.669
[regir_untied4] 1:55:38  76,715/1,000,000  11.1/s  upd=1592  L=0.0349  D=4.669
[regir_untied4] 1:55:50  77,122/1,000,000  11.1/s  upd=1595  L=0.0390  D=4.669
[regir_untied4] 1:56:01  77,122/1,000,000  11.1/s  upd=1599  L=0.0500  D=4.669
[regir_untied4] 1:56:12  77,476/1,000,000  11.1/s  upd=1603  L=0.0426  D=4.669
[regir_untied4] 1:56:23  77,476/1,000,000  11.1/s  upd=1607  L=0.0451  D=4.669
[regir_untied4] 1:56:33  77,476/1,000,000  11.1/s  upd=1608  L=0.0390  D=4.669
[regir_untied4] 1:56:44  77,892/1,000,000  11.1/s  upd=1612  L=0.0431  D=4.669
[regir_untied4] 1:56:54  77,892/1,000,000  11.1/s  upd=1616  L=0.0502  D=4.669
[regir_untied4] 1:57:07  78,293/1,000,000  11.1/s  upd=1618  L=0.0359  D=4.669
[regir_untied4] 1:57:17  78,293/1,000,000  11.1/s  upd=1622  L=0.0413  D=4.669
[regir_untied4] 1:57:27  78,293/1,000,000  11.1/s  upd=1624  L=0.0438  D=4.669
[regir_untied4] 1:57:39  78,694/1,000,000  11.1/s  upd=1627  L=0.0350  D=4.669
[regir_untied4] 1:57:50  78,694/1,000,000  11.1/s  upd=1632  L=0.0390  D=4.669
[regir_untied4] 1:58:00  78,694/1,000,000  11.1/s  upd=1632  L=0.0390  D=4.669
[regir_untied4] 1:58:12  79,078/1,000,000  11.1/s  upd=1638  L=0.0530  D=4.669
[regir_untied4] 1:58:22  79,078/1,000,000  11.1/s  upd=1640  L=0.0459  D=4.669
[regir_untied4] 1:58:33  79,515/1,000,000  11.2/s  upd=1643  L=0.0413  D=4.669
[regir_untied4] 1:58:45  79,515/1,000,000  11.2/s  upd=1647  L=0.0451  D=4.669
[regir_untied4] 1:58:55  79,898/1,000,000  11.2/s  upd=1649  L=0.0354  D=4.669
[regir_untied4] 1:59:07  79,898/1,000,000  11.2/s  upd=1653  L=0.0440  D=4.669
[regir_untied4] 1:59:18  79,898/1,000,000  11.2/s  upd=1656  L=0.0483  D=4.669
[regir_untied4] 1:59:28  79,898/1,000,000  11.1/s  upd=1656  L=0.0483  D=4.669
[regir_untied4] 1:59:39  80,330/1,000,000  11.2/s  upd=1659  L=0.0301  D=4.669
[regir_untied4] 1:59:50  80,330/1,000,000  11.2/s  upd=1663  L=0.0524  D=4.669
[regir_untied4] saved resume t_env=80,330
[regir_untied4] 2:00:00  80,330/1,000,000  11.2/s  upd=1664  L=0.0366  ev=0/100  D=4.669
[regir_untied4] 2:00:10  80,330/1,000,000  11.1/s  upd=1664  L=0.0366  ev=8/100  D=4.669
[regir_untied4] 2:00:20  80,330/1,000,000  11.1/s  upd=1664  L=0.0366  ev=17/100  D=4.669
[regir_untied4] 2:00:30  80,330/1,000,000  11.1/s  upd=1664  L=0.0366  ev=23/100  D=4.669
[regir_untied4] 2:00:41  80,330/1,000,000  11.1/s  upd=1664  L=0.0366  ev=30/100  D=4.669
[regir_untied4] 2:00:51  80,330/1,000,000  11.1/s  upd=1664  L=0.0366  ev=37/100  D=4.669
[regir_untied4] 2:01:01  80,330/1,000,000  11.1/s  upd=1664  L=0.0366  ev=40/100  D=4.669
[regir_untied4] 2:01:11  80,330/1,000,000  11.0/s  upd=1664  L=0.0366  ev=47/100  D=4.669
[regir_untied4] 2:01:21  80,330/1,000,000  11.0/s  upd=1664  L=0.0366  ev=48/100  D=4.669
[regir_untied4] 2:01:31  80,330/1,000,000  11.0/s  upd=1664  L=0.0366  ev=56/100  D=4.669
[regir_untied4] 2:01:41  80,330/1,000,000  11.0/s  upd=1664  L=0.0366  ev=60/100  D=4.669
[regir_untied4] 2:01:52  80,330/1,000,000  11.0/s  upd=1664  L=0.0366  ev=64/100  D=4.669
[regir_untied4] 2:02:02  80,330/1,000,000  11.0/s  upd=1664  L=0.0366  ev=72/100  D=4.669
[regir_untied4] 2:02:12  80,330/1,000,000  11.0/s  upd=1664  L=0.0366  ev=79/100  D=4.669
[regir_untied4] 2:02:22  80,330/1,000,000  10.9/s  upd=1664  L=0.0366  ev=86/100  D=4.669
[regir_untied4] 2:02:32  80,330/1,000,000  10.9/s  upd=1664  L=0.0366  ev=89/100  D=4.669
[regir_untied4] 2:02:42  80,330/1,000,000  10.9/s  upd=1664  L=0.0366  ev=95/100  D=4.669
[regir_untied4] 2:02:52  80,330/1,000,000  10.9/s  upd=1664  L=0.0366  D=4.186
[regir_untied4] 2:03:05  80,656/1,000,000  10.9/s  upd=1666  L=0.0244  D=4.186
[regir_untied4] 2:03:16  80,656/1,000,000  10.9/s  upd=1669  L=0.0378  D=4.186
[regir_untied4] 2:03:26  80,656/1,000,000  10.9/s  upd=1672  L=0.0311  D=4.186
[regir_untied4] 2:03:38  81,019/1,000,000  10.9/s  upd=1674  L=0.0242  D=4.186
[regir_untied4] 2:03:50  81,019/1,000,000  10.9/s  upd=1678  L=0.0298  D=4.186
[regir_untied4] 2:04:00  81,019/1,000,000  10.9/s  upd=1680  L=0.0492  D=4.186
[regir_untied4] 2:04:11  81,366/1,000,000  10.9/s  upd=1682  L=0.0286  D=4.186
[regir_untied4] 2:04:23  81,366/1,000,000  10.9/s  upd=1686  L=0.0487  D=4.186
[regir_untied4] 2:04:33  81,366/1,000,000  10.9/s  upd=1688  L=0.0377  D=4.186
[regir_untied4] 2:04:43  81,366/1,000,000  10.9/s  upd=1688  L=0.0377  D=4.186
[regir_untied4] 2:04:53  81,761/1,000,000  10.9/s  upd=1691  L=0.0391  D=4.186
[regir_untied4] 2:05:04  81,761/1,000,000  10.9/s  upd=1695  L=0.0334  D=4.186
[regir_untied4] 2:05:15  81,761/1,000,000  10.9/s  upd=1696  L=0.0293  D=4.186
[regir_untied4] 2:05:25  82,091/1,000,000  10.9/s  upd=1698  L=0.0243  D=4.186
[regir_untied4] 2:05:36  82,091/1,000,000  10.9/s  upd=1703  L=0.0338  D=4.186
[regir_untied4] 2:05:46  82,091/1,000,000  10.9/s  upd=1704  L=0.0521  D=4.186
[regir_untied4] 2:05:56  82,445/1,000,000  10.9/s  upd=1707  L=0.0392  D=4.186
[regir_untied4] 2:06:08  82,445/1,000,000  10.9/s  upd=1712  L=0.0430  D=4.186
[regir_untied4] 2:06:19  82,445/1,000,000  10.9/s  upd=1712  L=0.0430  D=4.186
[regir_untied4] 2:06:29  82,445/1,000,000  10.9/s  upd=1712  L=0.0430  D=4.186
[regir_untied4] 2:06:41  82,858/1,000,000  10.9/s  upd=1717  L=0.0319  D=4.186
[regir_untied4] 2:06:53  82,858/1,000,000  10.9/s  upd=1720  L=0.0440  D=4.186
[regir_untied4] 2:07:03  82,858/1,000,000  10.9/s  upd=1720  L=0.0440  D=4.186
[regir_untied4] 2:07:15  83,253/1,000,000  10.9/s  upd=1724  L=0.0355  D=4.186
[regir_untied4] 2:07:26  83,253/1,000,000  10.9/s  upd=1727  L=0.0413  D=4.186
[regir_untied4] 2:07:36  83,253/1,000,000  10.9/s  upd=1728  L=0.0286  D=4.186
[regir_untied4] 2:07:48  83,604/1,000,000  10.9/s  upd=1732  L=0.0360  D=4.186
[regir_untied4] 2:07:59  83,604/1,000,000  10.9/s  upd=1735  L=0.0397  D=4.186
[regir_untied4] 2:08:10  83,961/1,000,000  10.9/s  upd=1737  L=0.0344  D=4.186
[regir_untied4] 2:08:23  83,961/1,000,000  10.9/s  upd=1741  L=0.0528  D=4.186
[regir_untied4] 2:08:35  83,961/1,000,000  10.9/s  upd=1744  L=0.0414  D=4.186
[regir_untied4] 2:08:45  83,961/1,000,000  10.9/s  upd=1744  L=0.0414  D=4.186
[regir_untied4] 2:08:58  84,403/1,000,000  10.9/s  upd=1747  L=0.0220  D=4.186
[regir_untied4] 2:09:12  84,403/1,000,000  10.9/s  upd=1751  L=0.0345  D=4.186
[regir_untied4] 2:09:22  84,782/1,000,000  10.9/s  upd=1753  L=0.0301  D=4.186
[regir_untied4] 2:09:33  84,782/1,000,000  10.9/s  upd=1756  L=0.0325  D=4.186
[regir_untied4] 2:09:45  84,782/1,000,000  10.9/s  upd=1760  L=0.0404  D=4.186
[regir_untied4] 2:09:55  85,148/1,000,000  10.9/s  upd=1762  L=0.0363  D=4.186
[regir_untied4] 2:10:06  85,148/1,000,000  10.9/s  upd=1765  L=0.0311  D=4.186
[regir_untied4] saved resume t_env=85,148
[regir_untied4] 2:10:17  85,148/1,000,000  10.9/s  upd=1768  L=0.0346  D=4.186
[regir_untied4] 2:10:28  85,528/1,000,000  10.9/s  upd=1769  L=0.0354  D=4.186
[regir_untied4] 2:10:39  85,528/1,000,000  10.9/s  upd=1772  L=0.0402  D=4.186
[regir_untied4] 2:10:50  85,528/1,000,000  10.9/s  upd=1775  L=0.0416  D=4.186
[regir_untied4] 2:11:01  85,854/1,000,000  10.9/s  upd=1777  L=0.0546  D=4.186
[regir_untied4] 2:11:11  85,854/1,000,000  10.9/s  upd=1780  L=0.0530  D=4.186
[regir_untied4] 2:11:23  85,854/1,000,000  10.9/s  upd=1783  L=0.0338  D=4.186
[regir_untied4] 2:11:33  86,180/1,000,000  10.9/s  upd=1785  L=0.0600  D=4.186
[regir_untied4] 2:11:43  86,180/1,000,000  10.9/s  upd=1789  L=0.0340  D=4.186
[regir_untied4] 2:11:54  86,180/1,000,000  10.9/s  upd=1792  L=0.0337  D=4.186
[regir_untied4] 2:12:05  86,549/1,000,000  10.9/s  upd=1794  L=0.0564  D=4.186
[regir_untied4] 2:12:17  86,549/1,000,000  10.9/s  upd=1798  L=0.0297  D=4.186
[regir_untied4] 2:12:28  86,549/1,000,000  10.9/s  upd=1800  L=0.0264  D=4.186
[regir_untied4] 2:12:39  86,956/1,000,000  10.9/s  upd=1801  L=0.0410  D=4.186
[regir_untied4] 2:12:49  86,956/1,000,000  10.9/s  upd=1805  L=0.0490  D=4.186
[regir_untied4] 2:12:59  86,956/1,000,000  10.9/s  upd=1808  L=0.0517  D=4.186
[regir_untied4] 2:13:11  87,319/1,000,000  10.9/s  upd=1809  L=0.0370  D=4.186
[regir_untied4] 2:13:21  87,319/1,000,000  10.9/s  upd=1812  L=0.0413  D=4.186
[regir_untied4] 2:13:33  87,319/1,000,000  10.9/s  upd=1816  L=0.0498  D=4.186
[regir_untied4] 2:13:46  87,713/1,000,000  10.9/s  upd=1818  L=0.0491  D=4.186
[regir_untied4] 2:13:58  87,713/1,000,000  10.9/s  upd=1823  L=0.0413  D=4.186
[regir_untied4] 2:14:08  87,713/1,000,000  10.9/s  upd=1824  L=0.0294  D=4.186
[regir_untied4] 2:14:20  88,165/1,000,000  10.9/s  upd=1826  L=0.0470  D=4.186
[regir_untied4] 2:14:31  88,165/1,000,000  10.9/s  upd=1831  L=0.0355  D=4.186
[regir_untied4] 2:14:41  88,165/1,000,000  10.9/s  upd=1832  L=0.0389  D=4.186
[regir_untied4] 2:14:52  88,519/1,000,000  10.9/s  upd=1834  L=0.0326  D=4.186
[regir_untied4] 2:15:04  88,519/1,000,000  10.9/s  upd=1838  L=0.0250  D=4.186
[regir_untied4] 2:15:14  88,519/1,000,000  10.9/s  upd=1840  L=0.0250  D=4.186
[regir_untied4] 2:15:24  88,889/1,000,000  10.9/s  upd=1843  L=0.0389  D=4.186
[regir_untied4] 2:15:35  88,889/1,000,000  10.9/s  upd=1846  L=0.0361  D=4.186
[regir_untied4] 2:15:45  88,889/1,000,000  10.9/s  upd=1848  L=0.0327  D=4.186
[regir_untied4] 2:15:56  89,270/1,000,000  10.9/s  upd=1850  L=0.0289  D=4.186
[regir_untied4] 2:16:07  89,270/1,000,000  10.9/s  upd=1853  L=0.0237  D=4.186
[regir_untied4] 2:16:17  89,270/1,000,000  10.9/s  upd=1856  L=0.0272  D=4.186
[regir_untied4] 2:16:29  89,673/1,000,000  10.9/s  upd=1858  L=0.0515  D=4.186
[regir_untied4] 2:16:41  89,673/1,000,000  10.9/s  upd=1861  L=0.0282  D=4.186
[regir_untied4] 2:16:52  89,673/1,000,000  10.9/s  upd=1864  L=0.0340  D=4.186
[regir_untied4] 2:17:02  89,673/1,000,000  10.9/s  upd=1864  L=0.0340  D=4.186
[regir_untied4] 2:17:14  90,139/1,000,000  10.9/s  upd=1867  L=0.0403  D=4.186
[regir_untied4] 2:17:26  90,139/1,000,000  10.9/s  upd=1871  L=0.0310  D=4.186
[regir_untied4] 2:17:36  90,139/1,000,000  10.9/s  upd=1872  L=0.0226  D=4.186
[regir_untied4] 2:17:49  90,537/1,000,000  10.9/s  upd=1875  L=0.0272  D=4.186
[regir_untied4] 2:17:59  90,537/1,000,000  10.9/s  upd=1879  L=0.0524  D=4.186
[regir_untied4] 2:18:10  90,864/1,000,000  11.0/s  upd=1881  L=0.0424  D=4.186
[regir_untied4] 2:18:20  90,864/1,000,000  10.9/s  upd=1885  L=0.0250  D=4.186
[regir_untied4] 2:18:32  90,864/1,000,000  10.9/s  upd=1888  L=0.0437  D=4.186
[regir_untied4] 2:18:43  91,229/1,000,000  11.0/s  upd=1890  L=0.0225  D=4.186
[regir_untied4] 2:18:54  91,229/1,000,000  10.9/s  upd=1893  L=0.0292  D=4.186
[regir_untied4] 2:19:04  91,229/1,000,000  10.9/s  upd=1896  L=0.0638  D=4.186
[regir_untied4] 2:19:15  91,576/1,000,000  11.0/s  upd=1898  L=0.0331  D=4.186
[regir_untied4] 2:19:27  91,576/1,000,000  10.9/s  upd=1902  L=0.0375  D=4.186
[regir_untied4] 2:19:37  91,576/1,000,000  10.9/s  upd=1904  L=0.0356  D=4.186
[regir_untied4] 2:19:48  92,012/1,000,000  11.0/s  upd=1906  L=0.0401  D=4.186
[regir_untied4] 2:19:59  92,012/1,000,000  11.0/s  upd=1910  L=0.0390  D=4.186
[regir_untied4] 2:20:11  92,323/1,000,000  11.0/s  upd=1913  L=0.0271  D=4.186
[regir_untied4] 2:20:23  92,323/1,000,000  11.0/s  upd=1917  L=0.0419  D=4.186
[regir_untied4] saved resume t_env=92,323
[regir_untied4] 2:20:33  92,323/1,000,000  10.9/s  upd=1920  L=0.0284  D=4.186
[regir_untied4] 2:20:45  92,662/1,000,000  11.0/s  upd=1922  L=0.0371  D=4.186
[regir_untied4] 2:20:58  92,662/1,000,000  11.0/s  upd=1926  L=0.0306  D=4.186
[regir_untied4] 2:21:08  92,662/1,000,000  10.9/s  upd=1928  L=0.0432  D=4.186
[regir_untied4] 2:21:19  93,013/1,000,000  11.0/s  upd=1931  L=0.0170  D=4.186
[regir_untied4] 2:21:31  93,013/1,000,000  11.0/s  upd=1935  L=0.0288  D=4.186
[regir_untied4] 2:21:41  93,013/1,000,000  10.9/s  upd=1936  L=0.0316  D=4.186
[regir_untied4] 2:21:53  93,406/1,000,000  11.0/s  upd=1940  L=0.0565  D=4.186
[regir_untied4] 2:22:03  93,406/1,000,000  11.0/s  upd=1944  L=0.0424  D=4.186
[regir_untied4] 2:22:14  93,754/1,000,000  11.0/s  upd=1946  L=0.0259  D=4.186
[regir_untied4] 2:22:24  93,754/1,000,000  11.0/s  upd=1952  L=0.0264  D=4.186
[regir_untied4] 2:22:34  93,754/1,000,000  11.0/s  upd=1952  L=0.0264  D=4.186
[regir_untied4] 2:22:46  94,259/1,000,000  11.0/s  upd=1957  L=0.0284  D=4.186
[regir_untied4] 2:22:56  94,259/1,000,000  11.0/s  upd=1960  L=0.0350  D=4.186
[regir_untied4] 2:23:07  94,587/1,000,000  11.0/s  upd=1963  L=0.0408  D=4.186
[regir_untied4] 2:23:19  94,587/1,000,000  11.0/s  upd=1968  L=0.0242  D=4.186
[regir_untied4] 2:23:31  94,963/1,000,000  11.0/s  upd=1970  L=0.0445  D=4.186
[regir_untied4] 2:23:41  94,963/1,000,000  11.0/s  upd=1975  L=0.0479  D=4.186
[regir_untied4] 2:23:52  95,296/1,000,000  11.0/s  upd=1977  L=0.0400  D=4.186
[regir_untied4] 2:24:03  95,296/1,000,000  11.0/s  upd=1983  L=0.0428  D=4.186
[regir_untied4] 2:24:14  95,628/1,000,000  11.1/s  upd=1985  L=0.0457  D=4.186
[regir_untied4] 2:24:24  95,628/1,000,000  11.0/s  upd=1990  L=0.0437  D=4.186
[regir_untied4] 2:24:35  95,943/1,000,000  11.1/s  upd=1994  L=0.0538  D=4.186
[regir_untied4] 2:24:46  95,943/1,000,000  11.0/s  upd=1998  L=0.0356  D=4.186
[regir_untied4] 2:24:56  95,943/1,000,000  11.0/s  upd=2000  L=0.0318  D=4.186
[regir_untied4] 2:25:07  96,292/1,000,000  11.1/s  upd=2002  L=0.0269  D=4.186
[regir_untied4] 2:25:18  96,292/1,000,000  11.0/s  upd=2006  L=0.0273  D=4.186
[regir_untied4] 2:25:28  96,292/1,000,000  11.0/s  upd=2008  L=0.0344  D=4.186
[regir_untied4] 2:25:39  96,638/1,000,000  11.1/s  upd=2009  L=0.0396  D=4.186
[regir_untied4] 2:25:50  96,638/1,000,000  11.0/s  upd=2014  L=0.0295  D=4.186
[regir_untied4] 2:26:00  96,638/1,000,000  11.0/s  upd=2016  L=0.0270  D=4.186
[regir_untied4] 2:26:11  97,006/1,000,000  11.1/s  upd=2017  L=0.0477  D=4.186
[regir_untied4] 2:26:23  97,006/1,000,000  11.0/s  upd=2022  L=0.0391  D=4.186
[regir_untied4] 2:26:34  97,006/1,000,000  11.0/s  upd=2024  L=0.0343  D=4.186
[regir_untied4] 2:26:44  97,375/1,000,000  11.1/s  upd=2025  L=0.0364  D=4.186
[regir_untied4] 2:26:54  97,375/1,000,000  11.0/s  upd=2030  L=0.0382  D=4.186
[regir_untied4] 2:27:05  97,375/1,000,000  11.0/s  upd=2032  L=0.0437  D=4.186
[regir_untied4] 2:27:15  97,375/1,000,000  11.0/s  upd=2032  L=0.0437  D=4.186
[regir_untied4] 2:27:26  97,761/1,000,000  11.1/s  upd=2037  L=0.0380  D=4.186
[regir_untied4] 2:27:36  97,761/1,000,000  11.0/s  upd=2040  L=0.0374  D=4.186
[regir_untied4] 2:27:48  98,151/1,000,000  11.1/s  upd=2042  L=0.0268  D=4.186
[regir_untied4] 2:27:59  98,151/1,000,000  11.1/s  upd=2047  L=0.0395  D=4.186
[regir_untied4] 2:28:11  98,519/1,000,000  11.1/s  upd=2049  L=0.0348  D=4.186
[regir_untied4] 2:28:22  98,519/1,000,000  11.1/s  upd=2055  L=0.0404  D=4.186
[regir_untied4] 2:28:32  98,519/1,000,000  11.1/s  upd=2056  L=0.0310  D=4.186
[regir_untied4] 2:28:44  98,886/1,000,000  11.1/s  upd=2061  L=0.0358  D=4.186
[regir_untied4] 2:28:54  98,886/1,000,000  11.1/s  upd=2064  L=0.0370  D=4.186
[regir_untied4] 2:29:04  99,248/1,000,000  11.1/s  upd=2066  L=0.0460  D=4.186
[regir_untied4] 2:29:16  99,248/1,000,000  11.1/s  upd=2072  L=0.0422  D=4.186
[regir_untied4] 2:29:28  99,607/1,000,000  11.1/s  upd=2073  L=0.0178  D=4.186
[regir_untied4] 2:29:39  99,607/1,000,000  11.1/s  upd=2078  L=0.0267  D=4.186
[regir_untied4] 2:29:49  99,607/1,000,000  11.1/s  upd=2080  L=0.0241  D=4.186
[regir_untied4] 2:29:59  100,012/1,000,000  11.1/s  upd=2082  L=0.0247  D=4.186
[regir_untied4] 2:30:12  100,012/1,000,000  11.1/s  upd=2087  L=0.0318  D=4.186
[regir_untied4] saved resume t_env=100,012
[regir_untied4] 2:30:22  100,012/1,000,000  11.1/s  upd=2088  L=0.0256  ev=0/100  D=4.186
[regir_untied4] 2:30:32  100,012/1,000,000  11.1/s  upd=2088  L=0.0256  ev=8/100  D=4.186
[regir_untied4] 2:30:42  100,012/1,000,000  11.1/s  upd=2088  L=0.0256  ev=15/100  D=4.186
[regir_untied4] 2:30:52  100,012/1,000,000  11.0/s  upd=2088  L=0.0256  ev=16/100  D=4.186
[regir_untied4] 2:31:03  100,012/1,000,000  11.0/s  upd=2088  L=0.0256  ev=24/100  D=4.186
[regir_untied4] 2:31:13  100,012/1,000,000  11.0/s  upd=2088  L=0.0256  ev=32/100  D=4.186
[regir_untied4] 2:31:23  100,012/1,000,000  11.0/s  upd=2088  L=0.0256  ev=39/100  D=4.186
[regir_untied4] 2:31:33  100,012/1,000,000  11.0/s  upd=2088  L=0.0256  ev=40/100  D=4.186
[regir_untied4] 2:31:43  100,012/1,000,000  11.0/s  upd=2088  L=0.0256  ev=48/100  D=4.186
[regir_untied4] 2:31:53  100,012/1,000,000  11.0/s  upd=2088  L=0.0256  ev=56/100  D=4.186
[regir_untied4] 2:32:03  100,012/1,000,000  11.0/s  upd=2088  L=0.0256  ev=62/100  D=4.186
[regir_untied4] 2:32:13  100,012/1,000,000  10.9/s  upd=2088  L=0.0256  ev=64/100  D=4.186
[regir_untied4] 2:32:24  100,012/1,000,000  10.9/s  upd=2088  L=0.0256  ev=69/100  D=4.186
[regir_untied4] 2:32:34  100,012/1,000,000  10.9/s  upd=2088  L=0.0256  ev=72/100  D=4.186
[regir_untied4] 2:32:44  100,012/1,000,000  10.9/s  upd=2088  L=0.0256  ev=78/100  D=4.186
[regir_untied4] 2:32:54  100,012/1,000,000  10.9/s  upd=2088  L=0.0256  ev=80/100  D=4.186
[regir_untied4] 2:33:04  100,012/1,000,000  10.9/s  upd=2088  L=0.0256  ev=88/100  D=4.186
[regir_untied4] 2:33:14  100,012/1,000,000  10.9/s  upd=2088  L=0.0256  ev=96/100  D=4.186
[regir_untied4] 2:33:24  100,012/1,000,000  10.9/s  upd=2088  L=0.0256  D=4.840
[regir_untied4] 2:33:37  100,348/1,000,000  10.9/s  upd=2092  L=0.0399  D=4.840
[regir_untied4] 2:33:47  100,348/1,000,000  10.9/s  upd=2096  L=0.0307  D=4.840
[regir_untied4] 2:33:57  100,348/1,000,000  10.9/s  upd=2096  L=0.0307  D=4.840
[regir_untied4] 2:34:08  100,696/1,000,000  10.9/s  upd=2101  L=0.0424  D=4.840
[regir_untied4] 2:34:18  100,696/1,000,000  10.9/s  upd=2104  L=0.0353  D=4.840
[regir_untied4] 2:34:31  101,020/1,000,000  10.9/s  upd=2105  L=0.0337  D=4.840
[regir_untied4] 2:34:42  101,020/1,000,000  10.9/s  upd=2110  L=0.0415  D=4.840
[regir_untied4] 2:34:52  101,020/1,000,000  10.9/s  upd=2112  L=0.0327  D=4.840
[regir_untied4] 2:35:02  101,020/1,000,000  10.9/s  upd=2112  L=0.0327  D=4.840
[regir_untied4] 2:35:13  101,430/1,000,000  10.9/s  upd=2115  L=0.0286  D=4.840
[regir_untied4] 2:35:25  101,430/1,000,000  10.9/s  upd=2119  L=0.0452  D=4.840
[regir_untied4] 2:35:35  101,430/1,000,000  10.9/s  upd=2120  L=0.0413  D=4.840
[regir_untied4] 2:35:47  101,777/1,000,000  10.9/s  upd=2124  L=0.0251  D=4.840
[regir_untied4] 2:35:57  101,777/1,000,000  10.9/s  upd=2128  L=0.0306  D=4.840
[regir_untied4] 2:36:07  101,777/1,000,000  10.9/s  upd=2128  L=0.0306  D=4.840
[regir_untied4] 2:36:18  102,127/1,000,000  10.9/s  upd=2131  L=0.0432  D=4.840
[regir_untied4] 2:36:29  102,127/1,000,000  10.9/s  upd=2135  L=0.0364  D=4.840
[regir_untied4] 2:36:39  102,127/1,000,000  10.9/s  upd=2136  L=0.0348  D=4.840
[regir_untied4] 2:36:51  102,494/1,000,000  10.9/s  upd=2138  L=0.0310  D=4.840
[regir_untied4] 2:37:03  102,494/1,000,000  10.9/s  upd=2142  L=0.0331  D=4.840
[regir_untied4] 2:37:14  102,494/1,000,000  10.9/s  upd=2144  L=0.0231  D=4.840
[regir_untied4] 2:37:25  102,856/1,000,000  10.9/s  upd=2146  L=0.0414  D=4.840
[regir_untied4] 2:37:38  102,856/1,000,000  10.9/s  upd=2150  L=0.0256  D=4.840
[regir_untied4] 2:37:48  102,856/1,000,000  10.9/s  upd=2152  L=0.0458  D=4.840
[regir_untied4] 2:38:01  103,207/1,000,000  10.9/s  upd=2156  L=0.0272  D=4.840
[regir_untied4] 2:38:11  103,207/1,000,000  10.9/s  upd=2160  L=0.0310  D=4.840
[regir_untied4] 2:38:23  103,566/1,000,000  10.9/s  upd=2161  L=0.0303  D=4.840
[regir_untied4] 2:38:35  103,566/1,000,000  10.9/s  upd=2166  L=0.0236  D=4.840
[regir_untied4] 2:38:45  103,566/1,000,000  10.9/s  upd=2168  L=0.0257  D=4.840
[regir_untied4] 2:38:55  103,566/1,000,000  10.9/s  upd=2168  L=0.0257  D=4.840
[regir_untied4] 2:39:06  103,989/1,000,000  10.9/s  upd=2171  L=0.0274  D=4.840
[regir_untied4] 2:39:16  103,989/1,000,000  10.9/s  upd=2174  L=0.0323  D=4.840
[regir_untied4] 2:39:27  103,989/1,000,000  10.9/s  upd=2176  L=0.0530  D=4.840
[regir_untied4] 2:39:37  104,361/1,000,000  10.9/s  upd=2177  L=0.0578  D=4.840
[regir_untied4] 2:39:49  104,361/1,000,000  10.9/s  upd=2181  L=0.0973  D=4.840
[regir_untied4] 2:40:00  104,361/1,000,000  10.9/s  upd=2184  L=0.0365  D=4.840
[regir_untied4] 2:40:10  104,361/1,000,000  10.9/s  upd=2184  L=0.0365  D=4.840
[regir_untied4] 2:40:22  104,780/1,000,000  10.9/s  upd=2188  L=0.0329  D=4.840
[regir_untied4] 2:40:33  104,780/1,000,000  10.9/s  upd=2192  L=0.0329  D=4.840
[regir_untied4] saved resume t_env=104,780
[regir_untied4] 2:40:43  104,780/1,000,000  10.9/s  upd=2192  L=0.0329  D=4.840
[regir_untied4] 2:40:55  105,215/1,000,000  10.9/s  upd=2195  L=0.0322  D=4.840
[regir_untied4] 2:41:07  105,215/1,000,000  10.9/s  upd=2199  L=0.0312  D=4.840
[regir_untied4] 2:41:17  105,215/1,000,000  10.9/s  upd=2200  L=0.0380  D=4.840
[regir_untied4] 2:41:27  105,605/1,000,000  10.9/s  upd=2203  L=0.0348  D=4.840
[regir_untied4] 2:41:40  105,605/1,000,000  10.9/s  upd=2207  L=0.0461  D=4.840
[regir_untied4] 2:41:50  105,605/1,000,000  10.9/s  upd=2208  L=0.0465  D=4.840
[regir_untied4] 2:42:00  106,022/1,000,000  10.9/s  upd=2209  L=0.0593  D=4.840
[regir_untied4] 2:42:12  106,022/1,000,000  10.9/s  upd=2214  L=0.0450  D=4.840
[regir_untied4] 2:42:22  106,022/1,000,000  10.9/s  upd=2216  L=0.0355  D=4.840
[regir_untied4] 2:42:32  106,022/1,000,000  10.9/s  upd=2216  L=0.0355  D=4.840
[regir_untied4] 2:42:44  106,446/1,000,000  10.9/s  upd=2219  L=0.0466  D=4.840
[regir_untied4] 2:42:56  106,446/1,000,000  10.9/s  upd=2223  L=0.0402  D=4.840
[regir_untied4] 2:43:06  106,446/1,000,000  10.9/s  upd=2224  L=0.0364  D=4.840
[regir_untied4] 2:43:16  106,834/1,000,000  10.9/s  upd=2226  L=0.0249  D=4.840
[regir_untied4] 2:43:27  106,834/1,000,000  10.9/s  upd=2230  L=0.0324  D=4.840
[regir_untied4] 2:43:38  106,834/1,000,000  10.9/s  upd=2232  L=0.0486  D=4.840
[regir_untied4] 2:43:51  107,187/1,000,000  10.9/s  upd=2235  L=0.0308  D=4.840
[regir_untied4] 2:44:02  107,187/1,000,000  10.9/s  upd=2239  L=0.0559  D=4.840
[regir_untied4] 2:44:12  107,543/1,000,000  10.9/s  upd=2241  L=0.0488  D=4.840
[regir_untied4] 2:44:26  107,543/1,000,000  10.9/s  upd=2245  L=0.0266  D=4.840
[regir_untied4] 2:44:36  107,543/1,000,000  10.9/s  upd=2248  L=0.0288  D=4.840
[regir_untied4] 2:44:46  107,915/1,000,000  10.9/s  upd=2249  L=0.0210  D=4.840
[regir_untied4] 2:45:00  107,915/1,000,000  10.9/s  upd=2253  L=0.0283  D=4.840
[regir_untied4] 2:45:10  107,915/1,000,000  10.9/s  upd=2256  L=0.0253  D=4.840
[regir_untied4] 2:45:20  107,915/1,000,000  10.9/s  upd=2256  L=0.0253  D=4.840
[regir_untied4] 2:45:33  108,346/1,000,000  10.9/s  upd=2259  L=0.0496  D=4.840
[regir_untied4] 2:45:44  108,346/1,000,000  10.9/s  upd=2264  L=0.0439  D=4.840
[regir_untied4] 2:45:54  108,684/1,000,000  10.9/s  upd=2265  L=0.0355  D=4.840
[regir_untied4] 2:46:05  108,684/1,000,000  10.9/s  upd=2268  L=0.0351  D=4.840
[regir_untied4] 2:46:15  108,684/1,000,000  10.9/s  upd=2272  L=0.0432  D=4.840
[regir_untied4] 2:46:27  109,049/1,000,000  10.9/s  upd=2273  L=0.0610  D=4.840
[regir_untied4] 2:46:39  109,049/1,000,000  10.9/s  upd=2277  L=0.0231  D=4.840
[regir_untied4] 2:46:49  109,049/1,000,000  10.9/s  upd=2280  L=0.0365  D=4.840
[regir_untied4] 2:47:02  109,390/1,000,000  10.9/s  upd=2284  L=0.0363  D=4.840
[regir_untied4] 2:47:14  109,390/1,000,000  10.9/s  upd=2287  L=0.0477  D=4.840
[regir_untied4] 2:47:26  109,709/1,000,000  10.9/s  upd=2289  L=0.0229  D=4.840
[regir_untied4] 2:47:40  109,709/1,000,000  10.9/s  upd=2294  L=0.0539  D=4.840
[regir_untied4] 2:47:50  109,709/1,000,000  10.9/s  upd=2296  L=0.0643  D=4.840
[regir_untied4] 2:48:02  110,055/1,000,000  10.9/s  upd=2299  L=0.0258  D=4.840
[regir_untied4] 2:48:12  110,055/1,000,000  10.9/s  upd=2303  L=0.0301  D=4.840
[regir_untied4] 2:48:22  110,055/1,000,000  10.9/s  upd=2304  L=0.0312  D=4.840
[regir_untied4] 2:48:33  110,410/1,000,000  10.9/s  upd=2308  L=0.0507  D=4.840
[regir_untied4] 2:48:43  110,410/1,000,000  10.9/s  upd=2312  L=0.0478  D=4.840
[regir_untied4] 2:48:53  110,410/1,000,000  10.9/s  upd=2312  L=0.0478  D=4.840
[regir_untied4] 2:49:04  110,787/1,000,000  10.9/s  upd=2315  L=0.0320  D=4.840
[regir_untied4] 2:49:16  110,787/1,000,000  10.9/s  upd=2320  L=0.0493  D=4.840
[regir_untied4] 2:49:26  110,787/1,000,000  10.9/s  upd=2320  L=0.0493  D=4.840
[regir_untied4] 2:49:37  111,186/1,000,000  10.9/s  upd=2321  L=0.0404  D=4.840
[regir_untied4] 2:49:49  111,186/1,000,000  10.9/s  upd=2325  L=0.0190  D=4.840
[regir_untied4] 2:50:00  111,186/1,000,000  10.9/s  upd=2328  L=0.0414  D=4.840
[regir_untied4] 2:50:10  111,186/1,000,000  10.9/s  upd=2328  L=0.0414  D=4.840
[regir_untied4] 2:50:22  111,596/1,000,000  10.9/s  upd=2331  L=0.0405  D=4.840
[regir_untied4] 2:50:33  111,596/1,000,000  10.9/s  upd=2334  L=0.0330  D=4.840
[regir_untied4] saved resume t_env=111,596
[regir_untied4] 2:50:43  111,596/1,000,000  10.9/s  upd=2336  L=0.0514  D=4.840
[regir_untied4] 2:50:53  111,596/1,000,000  10.9/s  upd=2336  L=0.0514  D=4.840
[regir_untied4] 2:51:04  111,967/1,000,000  10.9/s  upd=2340  L=0.0311  D=4.840
[regir_untied4] 2:51:15  111,967/1,000,000  10.9/s  upd=2344  L=0.0337  D=4.840
[regir_untied4] 2:51:25  111,967/1,000,000  10.9/s  upd=2344  L=0.0337  D=4.840
[regir_untied4] 2:51:36  112,278/1,000,000  10.9/s  upd=2348  L=0.0325  D=4.840
[regir_untied4] 2:51:46  112,278/1,000,000  10.9/s  upd=2352  L=0.0303  D=4.840
[regir_untied4] 2:51:59  112,626/1,000,000  10.9/s  upd=2353  L=0.0367  D=4.840
[regir_untied4] 2:52:11  112,626/1,000,000  10.9/s  upd=2357  L=0.0309  D=4.840
[regir_untied4] 2:52:21  112,626/1,000,000  10.9/s  upd=2360  L=0.0288  D=4.840
[regir_untied4] 2:52:31  112,626/1,000,000  10.9/s  upd=2360  L=0.0288  D=4.840
[regir_untied4] 2:52:42  113,003/1,000,000  10.9/s  upd=2363  L=0.0413  D=4.840
[regir_untied4] 2:52:53  113,003/1,000,000  10.9/s  upd=2368  L=0.0468  D=4.840
[regir_untied4] 2:53:03  113,353/1,000,000  10.9/s  upd=2371  L=0.0331  D=4.840
[regir_untied4] 2:53:14  113,353/1,000,000  10.9/s  upd=2375  L=0.0306  D=4.840
[regir_untied4] 2:53:26  113,684/1,000,000  10.9/s  upd=2379  L=0.0388  D=4.840
[regir_untied4] 2:53:37  113,684/1,000,000  10.9/s  upd=2383  L=0.0392  D=4.840
[regir_untied4] 2:53:47  114,057/1,000,000  10.9/s  upd=2385  L=0.0376  D=4.840
[regir_untied4] 2:53:59  114,057/1,000,000  10.9/s  upd=2390  L=0.0270  D=4.840
[regir_untied4] 2:54:09  114,057/1,000,000  10.9/s  upd=2392  L=0.0300  D=4.840
[regir_untied4] 2:54:21  114,395/1,000,000  10.9/s  upd=2397  L=0.0302  D=4.840
[regir_untied4] 2:54:31  114,395/1,000,000  10.9/s  upd=2400  L=0.0259  D=4.840
[regir_untied4] 2:54:41  114,828/1,000,000  11.0/s  upd=2401  L=0.0251  D=4.840
[regir_untied4] 2:54:51  114,828/1,000,000  10.9/s  upd=2405  L=0.0367  D=4.840
[regir_untied4] 2:55:01  114,828/1,000,000  10.9/s  upd=2408  L=0.0324  D=4.840
[regir_untied4] 2:55:13  115,251/1,000,000  11.0/s  upd=2411  L=0.0281  D=4.840
[regir_untied4] 2:55:24  115,251/1,000,000  11.0/s  upd=2415  L=0.0360  D=4.840
[regir_untied4] 2:55:36  115,662/1,000,000  11.0/s  upd=2417  L=0.0411  D=4.840
[regir_untied4] 2:55:48  115,662/1,000,000  11.0/s  upd=2420  L=0.0379  D=4.840
[regir_untied4] 2:56:00  115,662/1,000,000  11.0/s  upd=2423  L=0.0274  D=4.840
[regir_untied4] 2:56:11  115,991/1,000,000  11.0/s  upd=2425  L=0.0404  D=4.840
[regir_untied4] 2:56:23  115,991/1,000,000  11.0/s  upd=2429  L=0.0268  D=4.840
[regir_untied4] 2:56:34  115,991/1,000,000  10.9/s  upd=2432  L=0.0282  D=4.840
[regir_untied4] 2:56:44  115,991/1,000,000  10.9/s  upd=2432  L=0.0282  D=4.840
[regir_untied4] 2:56:55  116,399/1,000,000  11.0/s  upd=2435  L=0.0312  D=4.840
[regir_untied4] 2:57:06  116,399/1,000,000  11.0/s  upd=2438  L=0.0341  D=4.840
[regir_untied4] 2:57:16  116,399/1,000,000  10.9/s  upd=2440  L=0.0487  D=4.840
[regir_untied4] 2:57:29  116,777/1,000,000  11.0/s  upd=2444  L=0.0388  D=4.840
[regir_untied4] 2:57:41  116,777/1,000,000  11.0/s  upd=2447  L=0.0353  D=4.840
[regir_untied4] 2:57:51  116,777/1,000,000  10.9/s  upd=2448  L=0.0414  D=4.840
[regir_untied4] 2:58:02  117,201/1,000,000  11.0/s  upd=2452  L=0.0475  D=4.840
[regir_untied4] 2:58:13  117,201/1,000,000  11.0/s  upd=2455  L=0.0326  D=4.840
[regir_untied4] 2:58:23  117,201/1,000,000  10.9/s  upd=2456  L=0.0295  D=4.840
[regir_untied4] 2:58:35  117,548/1,000,000  11.0/s  upd=2459  L=0.0421  D=4.840
[regir_untied4] 2:58:45  117,548/1,000,000  11.0/s  upd=2464  L=0.0439  D=4.840
[regir_untied4] 2:58:55  117,913/1,000,000  11.0/s  upd=2466  L=0.0296  D=4.840
[regir_untied4] 2:59:06  117,913/1,000,000  11.0/s  upd=2471  L=0.0316  D=4.840
[regir_untied4] 2:59:16  117,913/1,000,000  11.0/s  upd=2472  L=0.0351  D=4.840
[regir_untied4] 2:59:27  118,320/1,000,000  11.0/s  upd=2476  L=0.0381  D=4.840
[regir_untied4] 2:59:37  118,320/1,000,000  11.0/s  upd=2480  L=0.0318  D=4.840
[regir_untied4] 2:59:49  118,697/1,000,000  11.0/s  upd=2482  L=0.0285  D=4.840
[regir_untied4] 3:00:00  118,697/1,000,000  11.0/s  upd=2488  L=0.0434  D=4.840
[regir_untied4] 3:00:12  119,079/1,000,000  11.0/s  upd=2489  L=0.0277  D=4.840
[regir_untied4] 3:00:23  119,079/1,000,000  11.0/s  upd=2494  L=0.0385  D=4.840
[regir_untied4] 3:00:34  119,418/1,000,000  11.0/s  upd=2497  L=0.0376  D=4.840
[regir_untied4] 3:00:44  119,418/1,000,000  11.0/s  upd=2501  L=0.0241  D=4.840
[regir_untied4] saved resume t_env=119,418
[regir_untied4] 3:00:54  119,418/1,000,000  11.0/s  upd=2504  L=0.0376  D=4.840
[regir_untied4] 3:01:07  119,804/1,000,000  11.0/s  upd=2508  L=0.0365  D=4.840
[regir_untied4] 3:01:17  119,804/1,000,000  11.0/s  upd=2512  L=0.0371  D=4.840
[regir_untied4] 3:01:29  120,214/1,000,000  11.0/s  upd=2514  L=0.0665  D=4.840
[regir_untied4] 3:01:40  120,214/1,000,000  11.0/s  upd=2517  L=0.0279  D=4.840
[regir_untied4] saved resume t_env=120,214
[regir_untied4] 3:01:53  120,214/1,000,000  11.0/s  upd=2520  L=0.0342  ev=0/100  D=4.840
[regir_untied4] 3:02:03  120,214/1,000,000  11.0/s  upd=2520  L=0.0342  ev=6/100  D=4.840
[regir_untied4] 3:02:14  120,214/1,000,000  11.0/s  upd=2520  L=0.0342  ev=8/100  D=4.840
[regir_untied4] 3:02:24  120,214/1,000,000  11.0/s  upd=2520  L=0.0342  ev=16/100  D=4.840
[regir_untied4] 3:02:34  120,214/1,000,000  11.0/s  upd=2520  L=0.0342  ev=24/100  D=4.840
[regir_untied4] 3:02:44  120,214/1,000,000  11.0/s  upd=2520  L=0.0342  ev=32/100  D=4.840
[regir_untied4] 3:02:54  120,214/1,000,000  11.0/s  upd=2520  L=0.0342  ev=39/100  D=4.840
[regir_untied4] 3:03:04  120,214/1,000,000  10.9/s  upd=2520  L=0.0342  ev=41/100  D=4.840
[regir_untied4] 3:03:14  120,214/1,000,000  10.9/s  upd=2520  L=0.0342  ev=53/100  D=4.840
[regir_untied4] 3:03:24  120,214/1,000,000  10.9/s  upd=2520  L=0.0342  ev=56/100  D=4.840
[regir_untied4] 3:03:34  120,214/1,000,000  10.9/s  upd=2520  L=0.0342  ev=64/100  D=4.840
[regir_untied4] 3:03:44  120,214/1,000,000  10.9/s  upd=2520  L=0.0342  ev=69/100  D=4.840
[regir_untied4] 3:03:55  120,214/1,000,000  10.9/s  upd=2520  L=0.0342  ev=72/100  D=4.840
[regir_untied4] 3:04:05  120,214/1,000,000  10.9/s  upd=2520  L=0.0342  ev=80/100  D=4.840
[regir_untied4] 3:04:15  120,214/1,000,000  10.9/s  upd=2520  L=0.0342  ev=84/100  D=4.840
[regir_untied4] 3:04:25  120,214/1,000,000  10.9/s  upd=2520  L=0.0342  ev=90/100  D=4.840
[regir_untied4] 3:04:35  120,214/1,000,000  10.9/s  upd=2520  L=0.0342  D=4.584
[regir_untied4] 3:04:45  120,214/1,000,000  10.8/s  upd=2520  L=0.0342  D=4.584
[regir_untied4] 3:04:56  120,607/1,000,000  10.9/s  upd=2524  L=0.0385  D=4.584
[regir_untied4] 3:05:06  120,607/1,000,000  10.9/s  upd=2528  L=0.0428  D=4.584
[regir_untied4] 3:05:19  120,935/1,000,000  10.9/s  upd=2530  L=0.0328  D=4.584
[regir_untied4] 3:05:30  120,935/1,000,000  10.9/s  upd=2534  L=0.0380  D=4.584
[regir_untied4] 3:05:40  120,935/1,000,000  10.9/s  upd=2536  L=0.0495  D=4.584
[regir_untied4] 3:05:51  121,283/1,000,000  10.9/s  upd=2537  L=0.0548  D=4.584
[regir_untied4] 3:06:04  121,283/1,000,000  10.9/s  upd=2542  L=0.0249  D=4.584
[regir_untied4] 3:06:14  121,283/1,000,000  10.9/s  upd=2544  L=0.0302  D=4.584
[regir_untied4] 3:06:26  121,609/1,000,000  10.9/s  upd=2547  L=0.0419  D=4.584
[regir_untied4] 3:06:38  121,609/1,000,000  10.9/s  upd=2552  L=0.0332  D=4.584
[regir_untied4] 3:06:48  121,609/1,000,000  10.8/s  upd=2552  L=0.0332  D=4.584
[regir_untied4] 3:06:59  122,018/1,000,000  10.9/s  upd=2553  L=0.0238  D=4.584
[regir_untied4] 3:07:09  122,018/1,000,000  10.9/s  upd=2558  L=0.0327  D=4.584
[regir_untied4] 3:07:19  122,018/1,000,000  10.9/s  upd=2560  L=0.0387  D=4.584
[regir_untied4] 3:07:31  122,414/1,000,000  10.9/s  upd=2561  L=0.0329  D=4.584
[regir_untied4] 3:07:42  122,414/1,000,000  10.9/s  upd=2566  L=0.0254  D=4.584
[regir_untied4] 3:07:52  122,414/1,000,000  10.9/s  upd=2568  L=0.0416  D=4.584
[regir_untied4] 3:08:02  122,414/1,000,000  10.9/s  upd=2568  L=0.0416  D=4.584
[regir_untied4] 3:08:13  122,768/1,000,000  10.9/s  upd=2574  L=0.0401  D=4.584
[regir_untied4] 3:08:23  122,768/1,000,000  10.9/s  upd=2576  L=0.0344  D=4.584
[regir_untied4] 3:08:34  123,120/1,000,000  10.9/s  upd=2577  L=0.0300  D=4.584
[regir_untied4] 3:08:46  123,120/1,000,000  10.9/s  upd=2581  L=0.0737  D=4.584
[regir_untied4] 3:08:56  123,120/1,000,000  10.9/s  upd=2584  L=0.0423  D=4.584
[regir_untied4] 3:09:06  123,120/1,000,000  10.9/s  upd=2584  L=0.0423  D=4.584
[regir_untied4] 3:09:16  123,524/1,000,000  10.9/s  upd=2587  L=0.0490  D=4.584
[regir_untied4] 3:09:27  123,524/1,000,000  10.9/s  upd=2591  L=0.0388  D=4.584
[regir_untied4] 3:09:37  123,524/1,000,000  10.9/s  upd=2592  L=0.0444  D=4.584
[regir_untied4] 3:09:48  123,908/1,000,000  10.9/s  upd=2594  L=0.0348  D=4.584
[regir_untied4] 3:10:02  123,908/1,000,000  10.9/s  upd=2598  L=0.0288  D=4.584
[regir_untied4] 3:10:12  123,908/1,000,000  10.9/s  upd=2600  L=0.0281  D=4.584
[regir_untied4] 3:10:25  124,214/1,000,000  10.9/s  upd=2603  L=0.0341  D=4.584
[regir_untied4] 3:10:37  124,214/1,000,000  10.9/s  upd=2606  L=0.0412  D=4.584
[regir_untied4] 3:10:47  124,214/1,000,000  10.9/s  upd=2608  L=0.0443  D=4.584
[regir_untied4] 3:10:58  124,618/1,000,000  10.9/s  upd=2609  L=0.0477  D=4.584
[regir_untied4] 3:11:11  124,618/1,000,000  10.9/s  upd=2613  L=0.0390  D=4.584
[regir_untied4] 3:11:21  124,618/1,000,000  10.9/s  upd=2616  L=0.0438  D=4.584
[regir_untied4] 3:11:33  124,974/1,000,000  10.9/s  upd=2618  L=0.0440  D=4.584
[regir_untied4] 3:11:45  124,974/1,000,000  10.9/s  upd=2621  L=0.0350  D=4.584
[regir_untied4] saved resume t_env=124,974
[regir_untied4] 3:11:55  124,974/1,000,000  10.9/s  upd=2624  L=0.0260  D=4.584
[regir_untied4] 3:12:07  125,329/1,000,000  10.9/s  upd=2625  L=0.0224  D=4.584
[regir_untied4] 3:12:19  125,329/1,000,000  10.9/s  upd=2628  L=0.0412  D=4.584
[regir_untied4] 3:12:29  125,329/1,000,000  10.9/s  upd=2632  L=0.0333  D=4.584
[regir_untied4] 3:12:39  125,329/1,000,000  10.8/s  upd=2632  L=0.0333  D=4.584
[regir_untied4] 3:12:50  125,744/1,000,000  10.9/s  upd=2633  L=0.0350  D=4.584
[regir_untied4] 3:13:01  125,744/1,000,000  10.9/s  upd=2639  L=0.0377  D=4.584
[regir_untied4] 3:13:11  125,744/1,000,000  10.8/s  upd=2640  L=0.0334  D=4.584
[regir_untied4] 3:13:21  126,133/1,000,000  10.9/s  upd=2641  L=0.0403  D=4.584
[regir_untied4] 3:13:34  126,133/1,000,000  10.9/s  upd=2647  L=0.0372  D=4.584
[regir_untied4] 3:13:44  126,133/1,000,000  10.9/s  upd=2648  L=0.0287  D=4.584
[regir_untied4] 3:13:55  126,513/1,000,000  10.9/s  upd=2649  L=0.0374  D=4.584
[regir_untied4] 3:14:06  126,513/1,000,000  10.9/s  upd=2654  L=0.0526  D=4.584
[regir_untied4] 3:14:17  126,513/1,000,000  10.9/s  upd=2656  L=0.0301  D=4.584
[regir_untied4] 3:14:27  126,513/1,000,000  10.8/s  upd=2656  L=0.0301  D=4.584
[regir_untied4] 3:14:37  126,890/1,000,000  10.9/s  upd=2660  L=0.0464  D=4.584
[regir_untied4] 3:14:47  126,890/1,000,000  10.9/s  upd=2664  L=0.0301  D=4.584
[regir_untied4] 3:14:57  126,890/1,000,000  10.8/s  upd=2664  L=0.0301  D=4.584
[regir_untied4] 3:15:07  127,272/1,000,000  10.9/s  upd=2666  L=0.0420  D=4.584
[regir_untied4] 3:15:19  127,272/1,000,000  10.9/s  upd=2672  L=0.0347  D=4.584
[regir_untied4] 3:15:29  127,272/1,000,000  10.9/s  upd=2672  L=0.0347  D=4.584
[regir_untied4] 3:15:40  127,624/1,000,000  10.9/s  upd=2675  L=0.0251  D=4.584
[regir_untied4] 3:15:52  127,624/1,000,000  10.9/s  upd=2680  L=0.0520  D=4.584
[regir_untied4] 3:16:02  127,624/1,000,000  10.8/s  upd=2680  L=0.0520  D=4.584
[regir_untied4] 3:16:14  128,026/1,000,000  10.9/s  upd=2683  L=0.0463  D=4.584
[regir_untied4] 3:16:25  128,026/1,000,000  10.9/s  upd=2688  L=0.0287  D=4.584
[regir_untied4] 3:16:35  128,026/1,000,000  10.9/s  upd=2688  L=0.0287  D=4.584
[regir_untied4] 3:16:47  128,370/1,000,000  10.9/s  upd=2691  L=0.0377  D=4.584
[regir_untied4] 3:16:57  128,370/1,000,000  10.9/s  upd=2696  L=0.0313  D=4.584
[regir_untied4] 3:17:08  128,696/1,000,000  10.9/s  upd=2697  L=0.0415  D=4.584
[regir_untied4] 3:17:20  128,696/1,000,000  10.9/s  upd=2700  L=0.0331  D=4.584
[regir_untied4] 3:17:30  128,696/1,000,000  10.9/s  upd=2704  L=0.0258  D=4.584
[regir_untied4] 3:17:40  128,696/1,000,000  10.9/s  upd=2704  L=0.0258  D=4.584
[regir_untied4] 3:17:50  128,696/1,000,000  10.8/s  upd=2704  L=0.0258  D=4.584
[regir_untied4] 3:18:00  129,130/1,000,000  10.9/s  upd=2709  L=0.0289  D=4.584
[regir_untied4] 3:18:11  129,130/1,000,000  10.9/s  upd=2712  L=0.0332  D=4.584
[regir_untied4] 3:18:21  129,130/1,000,000  10.8/s  upd=2712  L=0.0332  D=4.584
[regir_untied4] 3:18:33  129,513/1,000,000  10.9/s  upd=2716  L=0.0276  D=4.584
[regir_untied4] 3:18:44  129,513/1,000,000  10.9/s  upd=2719  L=0.0409  D=4.584
[regir_untied4] 3:18:54  129,513/1,000,000  10.9/s  upd=2720  L=0.0379  D=4.584
[regir_untied4] 3:19:06  129,927/1,000,000  10.9/s  upd=2723  L=0.0411  D=4.584
[regir_untied4] 3:19:17  129,927/1,000,000  10.9/s  upd=2726  L=0.0410  D=4.584
[regir_untied4] 3:19:27  129,927/1,000,000  10.9/s  upd=2728  L=0.0352  D=4.584
[regir_untied4] 3:19:37  130,256/1,000,000  10.9/s  upd=2731  L=0.0270  D=4.584
[regir_untied4] 3:19:48  130,256/1,000,000  10.9/s  upd=2735  L=0.0323  D=4.584
[regir_untied4] 3:19:59  130,607/1,000,000  10.9/s  upd=2737  L=0.0260  D=4.584
[regir_untied4] 3:20:13  130,607/1,000,000  10.9/s  upd=2741  L=0.0478  D=4.584
[regir_untied4] 3:20:23  130,607/1,000,000  10.9/s  upd=2744  L=0.0318  D=4.584
[regir_untied4] 3:20:37  130,939/1,000,000  10.9/s  upd=2747  L=0.0303  D=4.584
[regir_untied4] 3:20:48  130,939/1,000,000  10.9/s  upd=2750  L=0.0287  D=4.584
[regir_untied4] 3:20:58  130,939/1,000,000  10.9/s  upd=2752  L=0.0402  D=4.584
[regir_untied4] 3:21:09  131,243/1,000,000  10.9/s  upd=2755  L=0.0299  D=4.584
[regir_untied4] 3:21:19  131,243/1,000,000  10.9/s  upd=2758  L=0.0298  D=4.584
[regir_untied4] 3:21:29  131,243/1,000,000  10.9/s  upd=2760  L=0.0294  D=4.584
[regir_untied4] 3:21:40  131,578/1,000,000  10.9/s  upd=2763  L=0.0341  D=4.584
[regir_untied4] 3:21:53  131,578/1,000,000  10.9/s  upd=2767  L=0.0582  D=4.584
[regir_untied4] saved resume t_env=131,578
[regir_untied4] 3:22:03  131,578/1,000,000  10.9/s  upd=2768  L=0.0406  D=4.584
[regir_untied4] 3:22:14  131,970/1,000,000  10.9/s  upd=2771  L=0.0323  D=4.584
[regir_untied4] 3:22:26  131,970/1,000,000  10.9/s  upd=2774  L=0.0280  D=4.584
[regir_untied4] 3:22:36  131,970/1,000,000  10.9/s  upd=2776  L=0.0278  D=4.584
[regir_untied4] 3:22:47  132,334/1,000,000  10.9/s  upd=2779  L=0.0385  D=4.584
[regir_untied4] 3:23:00  132,334/1,000,000  10.9/s  upd=2783  L=0.0435  D=4.584
[regir_untied4] 3:23:13  132,686/1,000,000  10.9/s  upd=2785  L=0.0571  D=4.584
[regir_untied4] 3:23:25  132,686/1,000,000  10.9/s  upd=2789  L=0.0427  D=4.584
[regir_untied4] 3:23:36  132,686/1,000,000  10.9/s  upd=2792  L=0.0420  D=4.584
[regir_untied4] 3:23:47  133,037/1,000,000  10.9/s  upd=2794  L=0.0363  D=4.584
[regir_untied4] 3:24:00  133,037/1,000,000  10.9/s  upd=2799  L=0.0472  D=4.584
[regir_untied4] 3:24:10  133,037/1,000,000  10.9/s  upd=2800  L=0.0520  D=4.584
[regir_untied4] 3:24:22  133,470/1,000,000  10.9/s  upd=2805  L=0.0380  D=4.584
[regir_untied4] 3:24:32  133,470/1,000,000  10.9/s  upd=2808  L=0.0343  D=4.584
[regir_untied4] 3:24:42  133,826/1,000,000  10.9/s  upd=2810  L=0.0322  D=4.584
[regir_untied4] 3:24:54  133,826/1,000,000  10.9/s  upd=2815  L=0.0232  D=4.584
[regir_untied4] 3:25:05  134,164/1,000,000  10.9/s  upd=2818  L=0.0287  D=4.584
[regir_untied4] 3:25:17  134,164/1,000,000  10.9/s  upd=2823  L=0.0382  D=4.584
[regir_untied4] 3:25:27  134,558/1,000,000  10.9/s  upd=2825  L=0.0301  D=4.584
[regir_untied4] 3:25:38  134,558/1,000,000  10.9/s  upd=2829  L=0.0361  D=4.584
[regir_untied4] 3:25:48  134,558/1,000,000  10.9/s  upd=2832  L=0.0224  D=4.584
[regir_untied4] 3:25:58  134,890/1,000,000  10.9/s  upd=2836  L=0.0435  D=4.584
[regir_untied4] 3:26:09  134,890/1,000,000  10.9/s  upd=2840  L=0.0324  D=4.584
[regir_untied4] 3:26:19  135,275/1,000,000  10.9/s  upd=2842  L=0.0219  D=4.584
[regir_untied4] 3:26:31  135,275/1,000,000  10.9/s  upd=2847  L=0.0471  D=4.584
[regir_untied4] 3:26:42  135,589/1,000,000  10.9/s  upd=2850  L=0.0428  D=4.584
[regir_untied4] 3:26:53  135,589/1,000,000  10.9/s  upd=2854  L=0.0485  D=4.584
[regir_untied4] 3:27:03  135,589/1,000,000  10.9/s  upd=2856  L=0.0849  D=4.584
[regir_untied4] 3:27:16  135,982/1,000,000  10.9/s  upd=2858  L=0.0383  D=4.584
[regir_untied4] 3:27:26  135,982/1,000,000  10.9/s  upd=2864  L=0.0313  D=4.584
[regir_untied4] 3:27:36  135,982/1,000,000  10.9/s  upd=2864  L=0.0313  D=4.584
[regir_untied4] 3:27:46  136,333/1,000,000  10.9/s  upd=2867  L=0.0284  D=4.584
[regir_untied4] 3:27:59  136,333/1,000,000  10.9/s  upd=2872  L=0.0330  D=4.584
[regir_untied4] 3:28:09  136,333/1,000,000  10.9/s  upd=2872  L=0.0330  D=4.584
[regir_untied4] 3:28:21  136,700/1,000,000  10.9/s  upd=2877  L=0.0393  D=4.584
[regir_untied4] 3:28:31  136,700/1,000,000  10.9/s  upd=2880  L=0.0266  D=4.584
[regir_untied4] 3:28:42  137,066/1,000,000  10.9/s  upd=2881  L=0.0383  D=4.584
[regir_untied4] 3:28:53  137,066/1,000,000  10.9/s  upd=2884  L=0.0469  D=4.584
[regir_untied4] 3:29:03  137,066/1,000,000  10.9/s  upd=2888  L=0.0415  D=4.584
[regir_untied4] 3:29:13  137,384/1,000,000  10.9/s  upd=2890  L=0.0263  D=4.584
[regir_untied4] 3:29:24  137,384/1,000,000  10.9/s  upd=2894  L=0.0388  D=4.584
[regir_untied4] 3:29:35  137,384/1,000,000  10.9/s  upd=2896  L=0.0185  D=4.584
[regir_untied4] 3:29:48  137,729/1,000,000  10.9/s  upd=2899  L=0.0458  D=4.584
[regir_untied4] 3:29:59  137,729/1,000,000  10.9/s  upd=2902  L=0.0355  D=4.584
[regir_untied4] 3:30:09  137,729/1,000,000  10.9/s  upd=2904  L=0.0257  D=4.584
[regir_untied4] 3:30:21  138,120/1,000,000  10.9/s  upd=2906  L=0.0300  D=4.584
[regir_untied4] 3:30:32  138,120/1,000,000  10.9/s  upd=2911  L=0.0373  D=4.584
[regir_untied4] 3:30:42  138,471/1,000,000  11.0/s  upd=2913  L=0.0374  D=4.584
[regir_untied4] 3:30:53  138,471/1,000,000  10.9/s  upd=2917  L=0.0257  D=4.584
[regir_untied4] 3:31:03  138,471/1,000,000  10.9/s  upd=2920  L=0.0460  D=4.584
[regir_untied4] 3:31:14  138,811/1,000,000  11.0/s  upd=2924  L=0.0431  D=4.584
[regir_untied4] 3:31:25  138,811/1,000,000  10.9/s  upd=2928  L=0.0437  D=4.584
[regir_untied4] 3:31:35  138,811/1,000,000  10.9/s  upd=2928  L=0.0437  D=4.584
[regir_untied4] 3:31:46  139,187/1,000,000  11.0/s  upd=2933  L=0.0310  D=4.584
[regir_untied4] 3:31:56  139,187/1,000,000  10.9/s  upd=2936  L=0.0281  D=4.584
[regir_untied4] 3:32:07  139,581/1,000,000  11.0/s  upd=2938  L=0.0227  D=4.584
[regir_untied4] 3:32:19  139,581/1,000,000  11.0/s  upd=2943  L=0.0438  D=4.584
[regir_untied4] saved resume t_env=139,581
[regir_untied4] 3:32:29  139,581/1,000,000  10.9/s  upd=2944  L=0.0308  D=4.584
[regir_untied4] 3:32:41  139,944/1,000,000  11.0/s  upd=2949  L=0.0368  D=4.584
[regir_untied4] 3:32:51  139,944/1,000,000  11.0/s  upd=2952  L=0.0339  D=4.584
[regir_untied4] 3:33:03  140,325/1,000,000  11.0/s  upd=2954  L=0.0313  D=4.584
[regir_untied4] 3:33:13  140,325/1,000,000  11.0/s  upd=2958  L=0.0327  D=4.584
[regir_untied4] saved resume t_env=140,325
[regir_untied4] 3:33:24  140,325/1,000,000  11.0/s  upd=2960  L=0.0287  ev=0/100  D=4.584
[regir_untied4] 3:33:34  140,325/1,000,000  11.0/s  upd=2960  L=0.0287  ev=1/100  D=4.584
[regir_untied4] 3:33:44  140,325/1,000,000  10.9/s  upd=2960  L=0.0287  ev=8/100  D=4.584
[regir_untied4] 3:33:54  140,325/1,000,000  10.9/s  upd=2960  L=0.0287  ev=16/100  D=4.584
[regir_untied4] 3:34:04  140,325/1,000,000  10.9/s  upd=2960  L=0.0287  ev=23/100  D=4.584
[regir_untied4] 3:34:15  140,325/1,000,000  10.9/s  upd=2960  L=0.0287  ev=28/100  D=4.584
[regir_untied4] 3:34:25  140,325/1,000,000  10.9/s  upd=2960  L=0.0287  ev=32/100  D=4.584
[regir_untied4] 3:34:35  140,325/1,000,000  10.9/s  upd=2960  L=0.0287  ev=39/100  D=4.584
[regir_untied4] 3:34:45  140,325/1,000,000  10.9/s  upd=2960  L=0.0287  ev=40/100  D=4.584
[regir_untied4] 3:34:55  140,325/1,000,000  10.9/s  upd=2960  L=0.0287  ev=46/100  D=4.584
[regir_untied4] 3:35:05  140,325/1,000,000  10.9/s  upd=2960  L=0.0287  ev=55/100  D=4.584
[regir_untied4] 3:35:16  140,325/1,000,000  10.9/s  upd=2960  L=0.0287  ev=56/100  D=4.584
[regir_untied4] 3:35:26  140,325/1,000,000  10.9/s  upd=2960  L=0.0287  ev=64/100  D=4.584
[regir_untied4] 3:35:36  140,325/1,000,000  10.8/s  upd=2960  L=0.0287  ev=69/100  D=4.584
[regir_untied4] 3:35:46  140,325/1,000,000  10.8/s  upd=2960  L=0.0287  ev=72/100  D=4.584
[regir_untied4] 3:35:56  140,325/1,000,000  10.8/s  upd=2960  L=0.0287  ev=80/100  D=4.584
[regir_untied4] 3:36:06  140,325/1,000,000  10.8/s  upd=2960  L=0.0287  ev=86/100  D=4.584
[regir_untied4] 3:36:16  140,325/1,000,000  10.8/s  upd=2960  L=0.0287  ev=95/100  D=4.584
[regir_untied4] 3:36:27  140,325/1,000,000  10.8/s  upd=2960  L=0.0287  ev=96/100  D=4.584
[regir_untied4] 3:36:37  140,325/1,000,000  10.8/s  upd=2960  L=0.0287  ev=100/100  D=4.584
[regir_untied4] 3:36:47  140,325/1,000,000  10.8/s  upd=2960  L=0.0287  D=3.785
[regir_untied4] 3:36:59  140,693/1,000,000  10.8/s  upd=2963  L=0.0302  D=3.785
[regir_untied4] 3:37:10  140,693/1,000,000  10.8/s  upd=2967  L=0.0323  D=3.785
[regir_untied4] 3:37:23  141,021/1,000,000  10.8/s  upd=2969  L=0.0497  D=3.785
[regir_untied4] 3:37:33  141,021/1,000,000  10.8/s  upd=2972  L=0.0650  D=3.785
[regir_untied4] 3:37:44  141,021/1,000,000  10.8/s  upd=2976  L=0.0514  D=3.785
[regir_untied4] 3:37:54  141,021/1,000,000  10.8/s  upd=2976  L=0.0514  D=3.785
[regir_untied4] 3:38:06  141,411/1,000,000  10.8/s  upd=2979  L=0.0301  D=3.785
[regir_untied4] 3:38:17  141,411/1,000,000  10.8/s  upd=2983  L=0.0500  D=3.785
[regir_untied4] 3:38:29  141,733/1,000,000  10.8/s  upd=2985  L=0.0439  D=3.785
[regir_untied4] 3:38:39  141,733/1,000,000  10.8/s  upd=2989  L=0.0362  D=3.785
[regir_untied4] 3:38:49  141,733/1,000,000  10.8/s  upd=2992  L=0.0359  D=3.785
[regir_untied4] 3:39:01  142,035/1,000,000  10.8/s  upd=2994  L=0.0434  D=3.785
[regir_untied4] 3:39:11  142,035/1,000,000  10.8/s  upd=2998  L=0.0854  D=3.785
[regir_untied4] 3:39:21  142,035/1,000,000  10.8/s  upd=3000  L=0.0348  D=3.785
[regir_untied4] 3:39:34  142,369/1,000,000  10.8/s  upd=3003  L=0.0420  D=3.785
[regir_untied4] 3:39:46  142,369/1,000,000  10.8/s  upd=3008  L=0.0313  D=3.785
[regir_untied4] 3:39:56  142,702/1,000,000  10.8/s  upd=3010  L=0.0279  D=3.785
[regir_untied4] 3:40:09  142,702/1,000,000  10.8/s  upd=3014  L=0.0539  D=3.785
[regir_untied4] 3:40:19  142,702/1,000,000  10.8/s  upd=3016  L=0.0340  D=3.785
[regir_untied4] 3:40:30  143,045/1,000,000  10.8/s  upd=3020  L=0.0286  D=3.785
[regir_untied4] 3:40:42  143,045/1,000,000  10.8/s  upd=3023  L=0.0273  D=3.785
[regir_untied4] 3:40:52  143,045/1,000,000  10.8/s  upd=3024  L=0.0461  D=3.785
[regir_untied4] 3:41:04  143,383/1,000,000  10.8/s  upd=3028  L=0.0396  D=3.785
[regir_untied4] 3:41:14  143,383/1,000,000  10.8/s  upd=3031  L=0.0694  D=3.785
[regir_untied4] 3:41:24  143,383/1,000,000  10.8/s  upd=3032  L=0.0419  D=3.785
[regir_untied4] 3:41:37  143,772/1,000,000  10.8/s  upd=3036  L=0.0309  D=3.785
[regir_untied4] 3:41:49  143,772/1,000,000  10.8/s  upd=3040  L=0.0455  D=3.785
[regir_untied4] 3:42:01  144,181/1,000,000  10.8/s  upd=3042  L=0.0423  D=3.785
[regir_untied4] 3:42:14  144,181/1,000,000  10.8/s  upd=3046  L=0.0463  D=3.785
[regir_untied4] 3:42:24  144,181/1,000,000  10.8/s  upd=3048  L=0.0489  D=3.785
[regir_untied4] 3:42:35  144,530/1,000,000  10.8/s  upd=3050  L=0.0219  D=3.785
[regir_untied4] 3:42:45  144,530/1,000,000  10.8/s  upd=3053  L=0.0248  D=3.785
[regir_untied4] 3:42:56  144,530/1,000,000  10.8/s  upd=3056  L=0.0350  D=3.785
[regir_untied4] 3:43:06  144,530/1,000,000  10.8/s  upd=3056  L=0.0350  D=3.785
[regir_untied4] 3:43:18  144,914/1,000,000  10.8/s  upd=3059  L=0.0450  D=3.785
[regir_untied4] 3:43:29  144,914/1,000,000  10.8/s  upd=3062  L=0.0399  D=3.785
[regir_untied4] saved resume t_env=144,914
[regir_untied4] 3:43:39  144,914/1,000,000  10.8/s  upd=3064  L=0.0278  D=3.785
[regir_untied4] 3:43:51  145,295/1,000,000  10.8/s  upd=3066  L=0.0304  D=3.785
[regir_untied4] 3:44:02  145,295/1,000,000  10.8/s  upd=3070  L=0.0375  D=3.785
[regir_untied4] 3:44:12  145,295/1,000,000  10.8/s  upd=3072  L=0.0461  D=3.785
[regir_untied4] 3:44:25  145,673/1,000,000  10.8/s  upd=3075  L=0.0316  D=3.785
[regir_untied4] 3:44:35  145,673/1,000,000  10.8/s  upd=3078  L=0.0373  D=3.785
[regir_untied4] 3:44:46  145,673/1,000,000  10.8/s  upd=3080  L=0.0456  D=3.785
[regir_untied4] 3:44:58  146,088/1,000,000  10.8/s  upd=3084  L=0.0404  D=3.785
[regir_untied4] 3:45:10  146,088/1,000,000  10.8/s  upd=3088  L=0.0375  D=3.785
[regir_untied4] 3:45:21  146,417/1,000,000  10.8/s  upd=3090  L=0.0340  D=3.785
[regir_untied4] 3:45:34  146,417/1,000,000  10.8/s  upd=3094  L=0.0523  D=3.785
[regir_untied4] 3:45:44  146,417/1,000,000  10.8/s  upd=3096  L=0.0408  D=3.785
[regir_untied4] 3:45:57  146,703/1,000,000  10.8/s  upd=3100  L=0.0324  D=3.785
[regir_untied4] 3:46:08  146,703/1,000,000  10.8/s  upd=3103  L=0.0387  D=3.785
[regir_untied4] 3:46:18  146,703/1,000,000  10.8/s  upd=3104  L=0.0479  D=3.785
[regir_untied4] 3:46:29  147,064/1,000,000  10.8/s  upd=3108  L=0.0529  D=3.785
[regir_untied4] 3:46:40  147,064/1,000,000  10.8/s  upd=3111  L=0.0493  D=3.785
[regir_untied4] 3:46:50  147,064/1,000,000  10.8/s  upd=3112  L=0.0324  D=3.785
[regir_untied4] 3:47:01  147,405/1,000,000  10.8/s  upd=3116  L=0.0390  D=3.785
[regir_untied4] 3:47:11  147,405/1,000,000  10.8/s  upd=3120  L=0.0816  D=3.785
[regir_untied4] 3:47:21  147,405/1,000,000  10.8/s  upd=3120  L=0.0816  D=3.785
[regir_untied4] 3:47:33  147,735/1,000,000  10.8/s  upd=3124  L=0.0310  D=3.785
[regir_untied4] 3:47:44  147,735/1,000,000  10.8/s  upd=3128  L=0.0341  D=3.785
[regir_untied4] 3:47:56  148,027/1,000,000  10.8/s  upd=3129  L=0.0321  D=3.785
[regir_untied4] 3:48:07  148,027/1,000,000  10.8/s  upd=3134  L=0.0315  D=3.785
[regir_untied4] 3:48:17  148,027/1,000,000  10.8/s  upd=3136  L=0.0469  D=3.785
[regir_untied4] 3:48:30  148,347/1,000,000  10.8/s  upd=3138  L=0.0337  D=3.785
[regir_untied4] 3:48:40  148,347/1,000,000  10.8/s  upd=3142  L=0.0348  D=3.785
[regir_untied4] 3:48:50  148,347/1,000,000  10.8/s  upd=3144  L=0.0390  D=3.785
[regir_untied4] 3:49:01  148,704/1,000,000  10.8/s  upd=3145  L=0.0299  D=3.785
[regir_untied4] 3:49:13  148,704/1,000,000  10.8/s  upd=3149  L=0.0344  D=3.785
[regir_untied4] 3:49:23  148,704/1,000,000  10.8/s  upd=3152  L=0.0315  D=3.785
[regir_untied4] 3:49:35  149,024/1,000,000  10.8/s  upd=3153  L=0.0492  D=3.785
[regir_untied4] 3:49:45  149,024/1,000,000  10.8/s  upd=3157  L=0.0463  D=3.785
[regir_untied4] 3:49:58  149,349/1,000,000  10.8/s  upd=3161  L=0.0342  D=3.785
[regir_untied4] 3:50:09  149,349/1,000,000  10.8/s  upd=3165  L=0.0293  D=3.785
[regir_untied4] 3:50:20  149,349/1,000,000  10.8/s  upd=3168  L=0.0291  D=3.785
[regir_untied4] 3:50:34  149,631/1,000,000  10.8/s  upd=3172  L=0.0366  D=3.785
[regir_untied4] 3:50:48  149,631/1,000,000  10.8/s  upd=3176  L=0.0394  D=3.785
[regir_untied4] 3:50:58  149,979/1,000,000  10.8/s  upd=3177  L=0.0440  D=3.785
[regir_untied4] 3:51:11  149,979/1,000,000  10.8/s  upd=3181  L=0.0709  D=3.785
[regir_untied4] 3:51:21  149,979/1,000,000  10.8/s  upd=3184  L=0.0314  D=3.785
[regir_untied4] 3:51:32  150,310/1,000,000  10.8/s  upd=3186  L=0.0382  D=3.785
[regir_untied4] 3:51:44  150,310/1,000,000  10.8/s  upd=3190  L=0.0447  D=3.785
[regir_untied4] 3:51:54  150,310/1,000,000  10.8/s  upd=3192  L=0.0353  D=3.785
[regir_untied4] 3:52:05  150,630/1,000,000  10.8/s  upd=3195  L=0.0476  D=3.785
[regir_untied4] 3:52:18  150,630/1,000,000  10.8/s  upd=3199  L=0.0288  D=3.785
[regir_untied4] 3:52:29  150,630/1,000,000  10.8/s  upd=3200  L=0.0291  D=3.785
[regir_untied4] 3:52:40  150,967/1,000,000  10.8/s  upd=3204  L=0.0470  D=3.785
[regir_untied4] 3:52:54  150,967/1,000,000  10.8/s  upd=3208  L=0.0368  D=3.785
[regir_untied4] 3:53:06  151,287/1,000,000  10.8/s  upd=3209  L=0.0251  D=3.785
[regir_untied4] 3:53:17  151,287/1,000,000  10.8/s  upd=3214  L=0.0401  D=3.785
[regir_untied4] 3:53:27  151,287/1,000,000  10.8/s  upd=3216  L=0.0571  D=3.785
[regir_untied4] 3:53:38  151,617/1,000,000  10.8/s  upd=3218  L=0.0414  D=3.785
[regir_untied4] 3:53:50  151,617/1,000,000  10.8/s  upd=3223  L=0.0270  D=3.785
[regir_untied4] saved resume t_env=151,617
[regir_untied4] 3:54:01  151,617/1,000,000  10.8/s  upd=3224  L=0.0321  D=3.785
[regir_untied4] 3:54:15  152,005/1,000,000  10.8/s  upd=3225  L=0.0303  D=3.785
[regir_untied4] 3:54:27  152,005/1,000,000  10.8/s  upd=3229  L=0.0370  D=3.785
[regir_untied4] 3:54:37  152,005/1,000,000  10.8/s  upd=3232  L=0.0431  D=3.785
[regir_untied4] 3:54:50  152,303/1,000,000  10.8/s  upd=3235  L=0.0394  D=3.785
[regir_untied4] 3:55:02  152,303/1,000,000  10.8/s  upd=3239  L=0.0325  D=3.785
[regir_untied4] 3:55:13  152,648/1,000,000  10.8/s  upd=3241  L=0.0355  D=3.785
[regir_untied4] 3:55:24  152,648/1,000,000  10.8/s  upd=3244  L=0.0364  D=3.785
[regir_untied4] 3:55:34  152,648/1,000,000  10.8/s  upd=3247  L=0.0518  D=3.785
[regir_untied4] 3:55:44  153,013/1,000,000  10.8/s  upd=3248  L=0.0303  D=3.785
[regir_untied4] 3:55:54  153,013/1,000,000  10.8/s  upd=3251  L=0.0553  D=3.785
[regir_untied4] 3:56:04  153,013/1,000,000  10.8/s  upd=3254  L=0.0285  D=3.785
[regir_untied4] 3:56:15  153,013/1,000,000  10.8/s  upd=3256  L=0.0465  D=3.785
[regir_untied4] 3:56:26  153,387/1,000,000  10.8/s  upd=3258  L=0.0312  D=3.785
[regir_untied4] 3:56:37  153,387/1,000,000  10.8/s  upd=3261  L=0.0344  D=3.785
[regir_untied4] 3:56:47  153,387/1,000,000  10.8/s  upd=3264  L=0.0321  D=3.785
[regir_untied4] 3:56:58  153,730/1,000,000  10.8/s  upd=3265  L=0.0330  D=3.785
[regir_untied4] 3:57:10  153,730/1,000,000  10.8/s  upd=3269  L=0.0529  D=3.785
[regir_untied4] 3:57:21  153,730/1,000,000  10.8/s  upd=3272  L=0.0435  D=3.785
[regir_untied4] 3:57:31  154,060/1,000,000  10.8/s  upd=3275  L=0.0424  D=3.785
[regir_untied4] 3:57:41  154,060/1,000,000  10.8/s  upd=3280  L=0.0281  D=3.785
[regir_untied4] 3:57:51  154,060/1,000,000  10.8/s  upd=3280  L=0.0281  D=3.785
[regir_untied4] 3:58:03  154,452/1,000,000  10.8/s  upd=3285  L=0.0336  D=3.785
[regir_untied4] 3:58:13  154,452/1,000,000  10.8/s  upd=3288  L=0.0388  D=3.785
[regir_untied4] 3:58:24  154,857/1,000,000  10.8/s  upd=3291  L=0.0395  D=3.785
[regir_untied4] 3:58:36  154,857/1,000,000  10.8/s  upd=3296  L=0.0386  D=3.785
[regir_untied4] 3:58:48  155,222/1,000,000  10.8/s  upd=3297  L=0.0274  D=3.785
[regir_untied4] 3:58:59  155,222/1,000,000  10.8/s  upd=3302  L=0.0530  D=3.785
[regir_untied4] 3:59:09  155,222/1,000,000  10.8/s  upd=3304  L=0.0382  D=3.785
[regir_untied4] 3:59:20  155,561/1,000,000  10.8/s  upd=3309  L=0.0462  D=3.785
[regir_untied4] 3:59:30  155,561/1,000,000  10.8/s  upd=3312  L=0.0619  D=3.785
[regir_untied4] 3:59:43  155,859/1,000,000  10.8/s  upd=3317  L=0.0487  D=3.785
[regir_untied4] 3:59:56  156,176/1,000,000  10.8/s  upd=3321  L=0.0430  D=3.785
[regir_untied4] 4:00:07  156,176/1,000,000  10.8/s  upd=3324  L=0.0506  D=3.785
[regir_untied4] 4:00:19  156,176/1,000,000  10.8/s  upd=3328  L=0.0422  D=3.785
[regir_untied4] 4:00:29  156,176/1,000,000  10.8/s  upd=3328  L=0.0422  D=3.785
[regir_untied4] 4:00:42  156,572/1,000,000  10.8/s  upd=3331  L=0.0325  D=3.785
[regir_untied4] 4:00:52  156,572/1,000,000  10.8/s  upd=3336  L=0.0467  D=3.785
[regir_untied4] 4:01:04  156,896/1,000,000  10.8/s  upd=3337  L=0.0425  D=3.785
[regir_untied4] 4:01:15  156,896/1,000,000  10.8/s  upd=3341  L=0.0333  D=3.785
[regir_untied4] 4:01:25  156,896/1,000,000  10.8/s  upd=3344  L=0.0327  D=3.785
[regir_untied4] 4:01:38  157,209/1,000,000  10.8/s  upd=3348  L=0.0364  D=3.785
[regir_untied4] 4:01:48  157,209/1,000,000  10.8/s  upd=3352  L=0.0393  D=3.785
[regir_untied4] 4:02:00  157,526/1,000,000  10.8/s  upd=3354  L=0.0572  D=3.785
[regir_untied4] 4:02:12  157,526/1,000,000  10.8/s  upd=3358  L=0.0360  D=3.785
[regir_untied4] 4:02:22  157,526/1,000,000  10.8/s  upd=3360  L=0.0392  D=3.785
[regir_untied4] 4:02:35  157,946/1,000,000  10.9/s  upd=3363  L=0.0494  D=3.785
[regir_untied4] 4:02:45  157,946/1,000,000  10.8/s  upd=3368  L=0.0368  D=3.785
[regir_untied4] 4:02:55  158,256/1,000,000  10.9/s  upd=3370  L=0.0244  D=3.785
[regir_untied4] 4:03:06  158,256/1,000,000  10.8/s  upd=3375  L=0.0310  D=3.785
[regir_untied4] 4:03:17  158,605/1,000,000  10.9/s  upd=3377  L=0.0309  D=3.785
[regir_untied4] 4:03:27  158,605/1,000,000  10.9/s  upd=3382  L=0.0510  D=3.785
[regir_untied4] 4:03:38  158,605/1,000,000  10.8/s  upd=3384  L=0.0344  D=3.785
[regir_untied4] 4:03:48  158,937/1,000,000  10.9/s  upd=3388  L=0.0551  D=3.785
[regir_untied4] 4:03:58  158,937/1,000,000  10.9/s  upd=3392  L=0.0518  D=3.785
[regir_untied4] 4:04:09  159,281/1,000,000  10.9/s  upd=3395  L=0.0289  D=3.785
[regir_untied4] 4:04:19  159,281/1,000,000  10.9/s  upd=3400  L=0.0306  D=3.785
[regir_untied4] saved resume t_env=159,281
[regir_untied4] 4:04:29  159,281/1,000,000  10.9/s  upd=3400  L=0.0306  D=3.785
[regir_untied4] 4:04:40  159,699/1,000,000  10.9/s  upd=3404  L=0.0295  D=3.785
[regir_untied4] 4:04:52  159,699/1,000,000  10.9/s  upd=3408  L=0.0342  D=3.785
[regir_untied4] 4:05:04  160,030/1,000,000  10.9/s  upd=3411  L=0.0362  D=3.785
[regir_untied4] 4:05:16  160,030/1,000,000  10.9/s  upd=3416  L=0.0480  D=3.785
[regir_untied4] saved resume t_env=160,030
[regir_untied4] 4:05:26  160,030/1,000,000  10.9/s  upd=3416  L=0.0480  ev=0/100  D=3.785
[regir_untied4] 4:05:36  160,030/1,000,000  10.9/s  upd=3416  L=0.0480  ev=10/100  D=3.785
[regir_untied4] 4:05:47  160,030/1,000,000  10.9/s  upd=3416  L=0.0480  ev=16/100  D=3.785
[regir_untied4] 4:05:57  160,030/1,000,000  10.8/s  upd=3416  L=0.0480  ev=24/100  D=3.785
[regir_untied4] 4:06:07  160,030/1,000,000  10.8/s  upd=3416  L=0.0480  ev=39/100  D=3.785
[regir_untied4] 4:06:17  160,030/1,000,000  10.8/s  upd=3416  L=0.0480  ev=40/100  D=3.785
[regir_untied4] 4:06:27  160,030/1,000,000  10.8/s  upd=3416  L=0.0480  ev=47/100  D=3.785
[regir_untied4] 4:06:37  160,030/1,000,000  10.8/s  upd=3416  L=0.0480  ev=49/100  D=3.785
[regir_untied4] 4:06:47  160,030/1,000,000  10.8/s  upd=3416  L=0.0480  ev=56/100  D=3.785
[regir_untied4] 4:06:57  160,030/1,000,000  10.8/s  upd=3416  L=0.0480  ev=65/100  D=3.785
[regir_untied4] 4:07:07  160,030/1,000,000  10.8/s  upd=3416  L=0.0480  ev=74/100  D=3.785
[regir_untied4] 4:07:17  160,030/1,000,000  10.8/s  upd=3416  L=0.0480  ev=85/100  D=3.785
[regir_untied4] 4:07:27  160,030/1,000,000  10.8/s  upd=3416  L=0.0480  ev=90/100  D=3.785
[regir_untied4] 4:07:38  160,030/1,000,000  10.8/s  upd=3416  L=0.0480  ev=100/100  D=3.785
[regir_untied4] 4:07:50  160,311/1,000,000  10.8/s  upd=3417  L=0.0524  D=1.757
[regir_untied4] 4:08:01  160,311/1,000,000  10.8/s  upd=3421  L=0.0422  D=1.757
[regir_untied4] 4:08:11  160,311/1,000,000  10.8/s  upd=3424  L=0.0335  D=1.757
[regir_untied4] 4:08:21  160,311/1,000,000  10.8/s  upd=3424  L=0.0335  D=1.757
[regir_untied4] 4:08:32  160,638/1,000,000  10.8/s  upd=3427  L=0.0332  D=1.757
[regir_untied4] 4:08:45  160,638/1,000,000  10.8/s  upd=3432  L=0.0295  D=1.757
[regir_untied4] 4:08:55  160,638/1,000,000  10.8/s  upd=3432  L=0.0295  D=1.757
[regir_untied4] 4:09:06  160,989/1,000,000  10.8/s  upd=3435  L=0.0233  D=1.757
[regir_untied4] 4:09:19  160,989/1,000,000  10.8/s  upd=3440  L=0.0406  D=1.757
[regir_untied4] 4:09:29  160,989/1,000,000  10.8/s  upd=3440  L=0.0406  D=1.757
[regir_untied4] 4:09:41  161,380/1,000,000  10.8/s  upd=3443  L=0.0201  D=1.757
[regir_untied4] 4:09:52  161,380/1,000,000  10.8/s  upd=3447  L=0.0373  D=1.757
[regir_untied4] 4:10:02  161,380/1,000,000  10.8/s  upd=3448  L=0.0308  D=1.757
[regir_untied4] 4:10:13  161,738/1,000,000  10.8/s  upd=3451  L=0.0384  D=1.757
[regir_untied4] 4:10:25  161,738/1,000,000  10.8/s  upd=3455  L=0.0421  D=1.757
[regir_untied4] 4:10:35  161,738/1,000,000  10.8/s  upd=3456  L=0.0413  D=1.757
[regir_untied4] 4:10:48  162,082/1,000,000  10.8/s  upd=3460  L=0.0447  D=1.757
[regir_untied4] 4:11:00  162,082/1,000,000  10.8/s  upd=3464  L=0.0386  D=1.757
[regir_untied4] 4:11:10  162,082/1,000,000  10.8/s  upd=3464  L=0.0386  D=1.757
[regir_untied4] 4:11:22  162,518/1,000,000  10.8/s  upd=3469  L=0.0517  D=1.757
[regir_untied4] 4:11:32  162,518/1,000,000  10.8/s  upd=3472  L=0.0410  D=1.757
[regir_untied4] 4:11:42  162,518/1,000,000  10.8/s  upd=3472  L=0.0410  D=1.757
[regir_untied4] 4:11:54  162,894/1,000,000  10.8/s  upd=3476  L=0.0701  D=1.757
[regir_untied4] 4:12:05  162,894/1,000,000  10.8/s  upd=3479  L=0.0395  D=1.757
[regir_untied4] 4:12:15  162,894/1,000,000  10.8/s  upd=3480  L=0.0353  D=1.757
[regir_untied4] 4:12:25  163,207/1,000,000  10.8/s  upd=3484  L=0.0281  D=1.757
[regir_untied4] 4:12:37  163,207/1,000,000  10.8/s  upd=3488  L=0.0896  D=1.757
[regir_untied4] 4:12:49  163,540/1,000,000  10.8/s  upd=3490  L=0.0684  D=1.757
[regir_untied4] 4:12:59  163,540/1,000,000  10.8/s  upd=3494  L=0.0454  D=1.757
[regir_untied4] 4:13:09  163,540/1,000,000  10.8/s  upd=3496  L=0.0480  D=1.757
[regir_untied4] 4:13:20  163,885/1,000,000  10.8/s  upd=3498  L=0.0337  D=1.757
[regir_untied4] 4:13:32  163,885/1,000,000  10.8/s  upd=3501  L=0.0394  D=1.757
[regir_untied4] 4:13:42  163,885/1,000,000  10.8/s  upd=3504  L=0.0427  D=1.757
[regir_untied4] 4:13:53  164,267/1,000,000  10.8/s  upd=3505  L=0.0429  D=1.757
[regir_untied4] 4:14:04  164,267/1,000,000  10.8/s  upd=3508  L=0.0325  D=1.757
[regir_untied4] 4:14:14  164,267/1,000,000  10.8/s  upd=3512  L=0.0311  D=1.757
[regir_untied4] 4:14:24  164,589/1,000,000  10.8/s  upd=3514  L=0.0264  D=1.757
[regir_untied4] 4:14:35  164,589/1,000,000  10.8/s  upd=3518  L=0.0407  D=1.757
[regir_untied4] 4:14:45  164,589/1,000,000  10.8/s  upd=3520  L=0.0387  D=1.757
[regir_untied4] 4:14:56  164,921/1,000,000  10.8/s  upd=3523  L=0.0467  D=1.757
[regir_untied4] 4:15:07  164,921/1,000,000  10.8/s  upd=3527  L=0.0419  D=1.757
[regir_untied4] 4:15:19  165,233/1,000,000  10.8/s  upd=3529  L=0.0399  D=1.757
[regir_untied4] 4:15:30  165,233/1,000,000  10.8/s  upd=3534  L=0.0371  D=1.757
[regir_untied4] saved resume t_env=165,233
[regir_untied4] 4:15:40  165,233/1,000,000  10.8/s  upd=3536  L=0.0292  D=1.757
[regir_untied4] 4:15:51  165,571/1,000,000  10.8/s  upd=3539  L=0.0490  D=1.757
[regir_untied4] 4:16:03  165,571/1,000,000  10.8/s  upd=3542  L=0.0409  D=1.757
[regir_untied4] 4:16:13  165,571/1,000,000  10.8/s  upd=3544  L=0.0350  D=1.757
[regir_untied4] 4:16:25  165,872/1,000,000  10.8/s  upd=3549  L=0.0414  D=1.757
[regir_untied4] 4:16:35  165,872/1,000,000  10.8/s  upd=3552  L=0.0398  D=1.757
[regir_untied4] 4:16:46  166,153/1,000,000  10.8/s  upd=3554  L=0.0616  D=1.757
[regir_untied4] 4:16:56  166,153/1,000,000  10.8/s  upd=3558  L=0.0373  D=1.757
[regir_untied4] 4:17:06  166,153/1,000,000  10.8/s  upd=3560  L=0.0299  D=1.757
[regir_untied4] 4:17:16  166,494/1,000,000  10.8/s  upd=3563  L=0.0351  D=1.757
[regir_untied4] 4:17:27  166,494/1,000,000  10.8/s  upd=3567  L=0.0337  D=1.757
[regir_untied4] 4:17:40  166,811/1,000,000  10.8/s  upd=3569  L=0.0390  D=1.757
[regir_untied4] 4:17:52  166,811/1,000,000  10.8/s  upd=3574  L=0.0771  D=1.757
[regir_untied4] 4:18:02  166,811/1,000,000  10.8/s  upd=3576  L=0.0441  D=1.757
[regir_untied4] 4:18:14  167,127/1,000,000  10.8/s  upd=3578  L=0.0461  D=1.757
[regir_untied4] 4:18:24  167,127/1,000,000  10.8/s  upd=3582  L=0.0346  D=1.757
[regir_untied4] 4:18:35  167,127/1,000,000  10.8/s  upd=3584  L=0.0395  D=1.757
[regir_untied4] 4:18:46  167,467/1,000,000  10.8/s  upd=3586  L=0.0295  D=1.757
[regir_untied4] 4:18:58  167,467/1,000,000  10.8/s  upd=3590  L=0.0435  D=1.757
[regir_untied4] 4:19:08  167,467/1,000,000  10.8/s  upd=3592  L=0.0375  D=1.757
[regir_untied4] 4:19:18  167,828/1,000,000  10.8/s  upd=3594  L=0.0426  D=1.757
[regir_untied4] 4:19:30  167,828/1,000,000  10.8/s  upd=3598  L=0.0377  D=1.757
[regir_untied4] 4:19:40  167,828/1,000,000  10.8/s  upd=3600  L=0.0417  D=1.757
[regir_untied4] 4:19:53  168,155/1,000,000  10.8/s  upd=3602  L=0.0606  D=1.757
[regir_untied4] 4:20:03  168,155/1,000,000  10.8/s  upd=3606  L=0.0468  D=1.757
[regir_untied4] 4:20:13  168,155/1,000,000  10.8/s  upd=3608  L=0.0413  D=1.757
[regir_untied4] 4:20:24  168,488/1,000,000  10.8/s  upd=3611  L=0.0370  D=1.757
[regir_untied4] 4:20:36  168,488/1,000,000  10.8/s  upd=3615  L=0.0390  D=1.757
[regir_untied4] 4:20:46  168,818/1,000,000  10.8/s  upd=3616  L=0.0507  D=1.757
[regir_untied4] 4:20:58  168,818/1,000,000  10.8/s  upd=3620  L=0.0533  D=1.757
[regir_untied4] 4:21:09  168,818/1,000,000  10.8/s  upd=3624  L=0.0274  D=1.757
[regir_untied4] 4:21:20  169,149/1,000,000  10.8/s  upd=3626  L=0.0267  D=1.757
[regir_untied4] 4:21:31  169,149/1,000,000  10.8/s  upd=3629  L=0.0415  D=1.757
[regir_untied4] 4:21:41  169,149/1,000,000  10.8/s  upd=3632  L=0.0417  D=1.757
[regir_untied4] 4:21:52  169,465/1,000,000  10.8/s  upd=3636  L=0.0283  D=1.757
[regir_untied4] 4:22:03  169,465/1,000,000  10.8/s  upd=3640  L=0.0349  D=1.757
[regir_untied4] 4:22:13  169,783/1,000,000  10.8/s  upd=3642  L=0.0372  D=1.757
[regir_untied4] 4:22:25  169,783/1,000,000  10.8/s  upd=3645  L=0.0313  D=1.757
[regir_untied4] 4:22:35  169,783/1,000,000  10.8/s  upd=3648  L=0.0399  D=1.757
[regir_untied4] 4:22:47  170,121/1,000,000  10.8/s  upd=3650  L=0.0333  D=1.757
[regir_untied4] 4:22:57  170,121/1,000,000  10.8/s  upd=3653  L=0.0305  D=1.757
[regir_untied4] 4:23:09  170,121/1,000,000  10.8/s  upd=3656  L=0.0421  D=1.757
[regir_untied4] 4:23:22  170,432/1,000,000  10.8/s  upd=3659  L=0.0440  D=1.757
[regir_untied4] 4:23:33  170,432/1,000,000  10.8/s  upd=3663  L=0.0418  D=1.757
[regir_untied4] 4:23:44  170,773/1,000,000  10.8/s  upd=3665  L=0.0665  D=1.757
[regir_untied4] 4:23:57  170,773/1,000,000  10.8/s  upd=3670  L=0.0340  D=1.757
[regir_untied4] 4:24:07  170,773/1,000,000  10.8/s  upd=3672  L=0.0290  D=1.757
[regir_untied4] 4:24:18  171,075/1,000,000  10.8/s  upd=3675  L=0.0269  D=1.757
[regir_untied4] 4:24:31  171,075/1,000,000  10.8/s  upd=3680  L=0.0227  D=1.757
[regir_untied4] 4:24:41  171,075/1,000,000  10.8/s  upd=3680  L=0.0227  D=1.757
[regir_untied4] 4:24:52  171,402/1,000,000  10.8/s  upd=3685  L=0.0249  D=1.757
[regir_untied4] 4:25:02  171,402/1,000,000  10.8/s  upd=3688  L=0.0392  D=1.757
[regir_untied4] 4:25:15  171,732/1,000,000  10.8/s  upd=3689  L=0.0329  D=1.757
[regir_untied4] 4:25:28  171,732/1,000,000  10.8/s  upd=3694  L=0.0475  D=1.757
[regir_untied4] 4:25:38  171,732/1,000,000  10.8/s  upd=3696  L=0.0319  D=1.757
[regir_untied4] 4:25:48  171,732/1,000,000  10.8/s  upd=3696  L=0.0319  D=1.757
[regir_untied4] 4:25:59  172,107/1,000,000  10.8/s  upd=3699  L=0.0506  D=1.757
[regir_untied4] 4:26:10  172,107/1,000,000  10.8/s  upd=3702  L=0.0392  D=1.757
[regir_untied4] saved resume t_env=172,107
[regir_untied4] 4:26:20  172,107/1,000,000  10.8/s  upd=3704  L=0.0386  D=1.757
[regir_untied4] 4:26:31  172,402/1,000,000  10.8/s  upd=3706  L=0.0422  D=1.757
[regir_untied4] 4:26:42  172,402/1,000,000  10.8/s  upd=3709  L=0.0460  D=1.757
[regir_untied4] 4:26:52  172,402/1,000,000  10.8/s  upd=3712  L=0.0316  D=1.757
[regir_untied4] 4:27:05  172,731/1,000,000  10.8/s  upd=3714  L=0.0270  D=1.757
[regir_untied4] 4:27:17  172,731/1,000,000  10.8/s  upd=3717  L=0.0476  D=1.757
[regir_untied4] 4:27:27  172,731/1,000,000  10.8/s  upd=3720  L=0.0371  D=1.757
[regir_untied4] 4:27:37  173,047/1,000,000  10.8/s  upd=3723  L=0.0334  D=1.757
[regir_untied4] 4:27:48  173,047/1,000,000  10.8/s  upd=3726  L=0.0389  D=1.757
[regir_untied4] 4:27:58  173,047/1,000,000  10.8/s  upd=3728  L=0.0338  D=1.757
[regir_untied4] 4:28:08  173,397/1,000,000  10.8/s  upd=3729  L=0.0380  D=1.757
[regir_untied4] 4:28:18  173,397/1,000,000  10.8/s  upd=3732  L=0.0283  D=1.757
[regir_untied4] 4:28:29  173,397/1,000,000  10.8/s  upd=3736  L=0.0471  D=1.757
[regir_untied4] 4:28:41  173,757/1,000,000  10.8/s  upd=3737  L=0.0488  D=1.757
[regir_untied4] 4:28:53  173,757/1,000,000  10.8/s  upd=3741  L=0.0332  D=1.757
[regir_untied4] 4:29:03  173,757/1,000,000  10.8/s  upd=3744  L=0.0438  D=1.757
[regir_untied4] 4:29:15  174,062/1,000,000  10.8/s  upd=3748  L=0.0192  D=1.757
[regir_untied4] 4:29:25  174,062/1,000,000  10.8/s  upd=3752  L=0.0414  D=1.757
[regir_untied4] 4:29:35  174,327/1,000,000  10.8/s  upd=3754  L=0.0408  D=1.757
[regir_untied4] 4:29:46  174,327/1,000,000  10.8/s  upd=3759  L=0.0277  D=1.757
[regir_untied4] 4:29:57  174,686/1,000,000  10.8/s  upd=3761  L=0.0303  D=1.757
[regir_untied4] 4:30:09  174,686/1,000,000  10.8/s  upd=3765  L=0.0496  D=1.757
[regir_untied4] 4:30:19  174,686/1,000,000  10.8/s  upd=3768  L=0.0306  D=1.757
[regir_untied4] 4:30:29  175,099/1,000,000  10.8/s  upd=3772  L=0.0557  D=1.757
[regir_untied4] 4:30:39  175,099/1,000,000  10.8/s  upd=3776  L=0.0366  D=1.757
[regir_untied4] 4:30:49  175,362/1,000,000  10.8/s  upd=3779  L=0.0302  D=1.757
[regir_untied4] 4:31:00  175,362/1,000,000  10.8/s  upd=3783  L=0.0365  D=1.757
[regir_untied4] 4:31:11  175,687/1,000,000  10.8/s  upd=3786  L=0.0324  D=1.757
[regir_untied4] 4:31:22  175,687/1,000,000  10.8/s  upd=3791  L=0.0321  D=1.757
[regir_untied4] 4:31:33  175,992/1,000,000  10.8/s  upd=3794  L=0.0427  D=1.757
[regir_untied4] 4:31:44  175,992/1,000,000  10.8/s  upd=3799  L=0.0445  D=1.757
[regir_untied4] 4:31:55  175,992/1,000,000  10.8/s  upd=3800  L=0.0565  D=1.757
[regir_untied4] 4:32:06  176,318/1,000,000  10.8/s  upd=3803  L=0.0324  D=1.757
[regir_untied4] 4:32:16  176,318/1,000,000  10.8/s  upd=3807  L=0.0237  D=1.757
[regir_untied4] 4:32:28  176,622/1,000,000  10.8/s  upd=3809  L=0.0223  D=1.757
[regir_untied4] 4:32:39  176,622/1,000,000  10.8/s  upd=3813  L=0.0365  D=1.757
[regir_untied4] 4:32:49  176,622/1,000,000  10.8/s  upd=3816  L=0.0287  D=1.757
[regir_untied4] 4:33:01  176,922/1,000,000  10.8/s  upd=3819  L=0.0494  D=1.757
[regir_untied4] 4:33:11  176,922/1,000,000  10.8/s  upd=3823  L=0.0583  D=1.757
[regir_untied4] 4:33:23  177,198/1,000,000  10.8/s  upd=3826  L=0.0339  D=1.757
[regir_untied4] 4:33:34  177,198/1,000,000  10.8/s  upd=3830  L=0.0215  D=1.757
[regir_untied4] 4:33:44  177,198/1,000,000  10.8/s  upd=3832  L=0.0309  D=1.757
[regir_untied4] 4:33:56  177,521/1,000,000  10.8/s  upd=3836  L=0.0483  D=1.757
[regir_untied4] 4:34:07  177,521/1,000,000  10.8/s  upd=3840  L=0.0470  D=1.757
[regir_untied4] 4:34:20  177,855/1,000,000  10.8/s  upd=3842  L=0.0446  D=1.757
[regir_untied4] 4:34:32  177,855/1,000,000  10.8/s  upd=3846  L=0.0548  D=1.757
[regir_untied4] 4:34:42  178,120/1,000,000  10.8/s  upd=3849  L=0.0520  D=1.757
[regir_untied4] 4:34:54  178,120/1,000,000  10.8/s  upd=3853  L=0.0494  D=1.757
[regir_untied4] 4:35:04  178,120/1,000,000  10.8/s  upd=3856  L=0.0547  D=1.757
[regir_untied4] 4:35:16  178,441/1,000,000  10.8/s  upd=3859  L=0.0340  D=1.757
[regir_untied4] 4:35:27  178,441/1,000,000  10.8/s  upd=3864  L=0.0358  D=1.757
[regir_untied4] 4:35:39  178,758/1,000,000  10.8/s  upd=3868  L=0.0304  D=1.757
[regir_untied4] 4:35:49  178,758/1,000,000  10.8/s  upd=3872  L=0.0387  D=1.757
[regir_untied4] 4:35:59  179,065/1,000,000  10.8/s  upd=3874  L=0.0386  D=1.757
[regir_untied4] 4:36:10  179,065/1,000,000  10.8/s  upd=3879  L=0.0259  D=1.757
[regir_untied4] 4:36:21  179,374/1,000,000  10.8/s  upd=3881  L=0.0376  D=1.757
[regir_untied4] 4:36:31  179,374/1,000,000  10.8/s  upd=3886  L=0.0360  D=1.757
[regir_untied4] saved resume t_env=179,374
[regir_untied4] 4:36:41  179,374/1,000,000  10.8/s  upd=3888  L=0.0250  D=1.757
[regir_untied4] 4:36:53  179,724/1,000,000  10.8/s  upd=3891  L=0.0341  D=1.757
[regir_untied4] 4:37:05  179,724/1,000,000  10.8/s  upd=3896  L=0.0403  D=1.757
[regir_untied4] 4:37:16  180,042/1,000,000  10.8/s  upd=3899  L=0.0351  D=1.757
[regir_untied4] 4:37:27  180,042/1,000,000  10.8/s  upd=3903  L=0.0312  D=1.757
[regir_untied4] saved resume t_env=180,042
[regir_untied4] 4:37:37  180,042/1,000,000  10.8/s  upd=3904  L=0.0347  ev=0/100  D=1.757
[regir_untied4] 4:37:47  180,042/1,000,000  10.8/s  upd=3904  L=0.0347  ev=8/100  D=1.757
[regir_untied4] 4:37:57  180,042/1,000,000  10.8/s  upd=3904  L=0.0347  ev=15/100  D=1.757
[regir_untied4] 4:38:08  180,042/1,000,000  10.8/s  upd=3904  L=0.0347  ev=24/100  D=1.757
[regir_untied4] 4:38:18  180,042/1,000,000  10.8/s  upd=3904  L=0.0347  ev=32/100  D=1.757
[regir_untied4] 4:38:28  180,042/1,000,000  10.8/s  upd=3904  L=0.0347  ev=42/100  D=1.757
[regir_untied4] 4:38:38  180,042/1,000,000  10.8/s  upd=3904  L=0.0347  ev=48/100  D=1.757
[regir_untied4] 4:38:48  180,042/1,000,000  10.8/s  upd=3904  L=0.0347  ev=55/100  D=1.757
[regir_untied4] 4:38:58  180,042/1,000,000  10.8/s  upd=3904  L=0.0347  ev=56/100  D=1.757
[regir_untied4] 4:39:08  180,042/1,000,000  10.7/s  upd=3904  L=0.0347  ev=64/100  D=1.757
[regir_untied4] 4:39:18  180,042/1,000,000  10.7/s  upd=3904  L=0.0347  ev=72/100  D=1.757
[regir_untied4] 4:39:28  180,042/1,000,000  10.7/s  upd=3904  L=0.0347  ev=80/100  D=1.757
[regir_untied4] 4:39:38  180,042/1,000,000  10.7/s  upd=3904  L=0.0347  ev=88/100  D=1.757
[regir_untied4] 4:39:48  180,042/1,000,000  10.7/s  upd=3904  L=0.0347  ev=96/100  D=1.757
[regir_untied4] 4:39:58  180,042/1,000,000  10.7/s  upd=3904  L=0.0347  D=2.246
[regir_untied4] 4:40:10  180,351/1,000,000  10.7/s  upd=3907  L=0.0463  D=2.246
[regir_untied4] 4:40:22  180,351/1,000,000  10.7/s  upd=3912  L=0.0386  D=2.246
[regir_untied4] 4:40:33  180,621/1,000,000  10.7/s  upd=3914  L=0.0304  D=2.246
[regir_untied4] 4:40:45  180,621/1,000,000  10.7/s  upd=3918  L=0.0463  D=2.246
[regir_untied4] 4:40:55  180,621/1,000,000  10.7/s  upd=3920  L=0.0421  D=2.246
[regir_untied4] 4:41:07  180,996/1,000,000  10.7/s  upd=3922  L=0.0399  D=2.246
[regir_untied4] 4:41:18  180,996/1,000,000  10.7/s  upd=3925  L=0.0344  D=2.246
[regir_untied4] 4:41:28  180,996/1,000,000  10.7/s  upd=3928  L=0.0370  D=2.246
[regir_untied4] 4:41:41  181,352/1,000,000  10.7/s  upd=3930  L=0.0384  D=2.246
[regir_untied4] 4:41:55  181,352/1,000,000  10.7/s  upd=3934  L=0.0336  D=2.246
[regir_untied4] 4:42:05  181,708/1,000,000  10.7/s  upd=3937  L=0.0328  D=2.246
[regir_untied4] 4:42:17  181,708/1,000,000  10.7/s  upd=3941  L=0.0294  D=2.246
[regir_untied4] 4:42:28  181,708/1,000,000  10.7/s  upd=3944  L=0.0312  D=2.246
[regir_untied4] 4:42:40  182,116/1,000,000  10.7/s  upd=3945  L=0.0419  D=2.246
[regir_untied4] 4:42:52  182,116/1,000,000  10.7/s  upd=3949  L=0.0380  D=2.246
[regir_untied4] 4:43:02  182,116/1,000,000  10.7/s  upd=3952  L=0.0449  D=2.246
[regir_untied4] 4:43:15  182,453/1,000,000  10.7/s  upd=3955  L=0.0392  D=2.246
[regir_untied4] 4:43:26  182,453/1,000,000  10.7/s  upd=3958  L=0.0399  D=2.246
[regir_untied4] 4:43:37  182,767/1,000,000  10.7/s  upd=3961  L=0.0326  D=2.246
[regir_untied4] 4:43:49  182,767/1,000,000  10.7/s  upd=3965  L=0.0381  D=2.246
[regir_untied4] 4:43:59  182,767/1,000,000  10.7/s  upd=3968  L=0.0360  D=2.246
[regir_untied4] 4:44:10  183,062/1,000,000  10.7/s  upd=3970  L=0.0303  D=2.246
[regir_untied4] 4:44:24  183,062/1,000,000  10.7/s  upd=3974  L=0.0545  D=2.246
[regir_untied4] 4:44:34  183,062/1,000,000  10.7/s  upd=3976  L=0.0465  D=2.246
[regir_untied4] 4:44:45  183,384/1,000,000  10.7/s  upd=3979  L=0.0326  D=2.246
[regir_untied4] 4:44:57  183,384/1,000,000  10.7/s  upd=3983  L=0.0341  D=2.246
[regir_untied4] 4:45:07  183,384/1,000,000  10.7/s  upd=3984  L=0.0333  D=2.246
[regir_untied4] 4:45:19  183,690/1,000,000  10.7/s  upd=3988  L=0.0308  D=2.246
[regir_untied4] 4:45:29  183,690/1,000,000  10.7/s  upd=3991  L=0.0477  D=2.246
[regir_untied4] 4:45:39  183,690/1,000,000  10.7/s  upd=3992  L=0.0368  D=2.246
[regir_untied4] 4:45:51  183,958/1,000,000  10.7/s  upd=3997  L=0.0548  D=2.246
[regir_untied4] 4:46:01  183,958/1,000,000  10.7/s  upd=4000  L=0.0401  D=2.246
[regir_untied4] 4:46:12  183,958/1,000,000  10.7/s  upd=4000  L=0.0401  D=2.246
[regir_untied4] 4:46:23  184,297/1,000,000  10.7/s  upd=4004  L=0.0418  D=2.246
[regir_untied4] 4:46:34  184,297/1,000,000  10.7/s  upd=4008  L=0.0359  D=2.246
[regir_untied4] 4:46:44  184,297/1,000,000  10.7/s  upd=4008  L=0.0359  D=2.246
[regir_untied4] 4:46:56  184,736/1,000,000  10.7/s  upd=4012  L=0.0360  D=2.246
[regir_untied4] 4:47:07  184,736/1,000,000  10.7/s  upd=4016  L=0.0521  D=2.246
[regir_untied4] 4:47:19  185,060/1,000,000  10.7/s  upd=4017  L=0.0406  D=2.246
[regir_untied4] 4:47:32  185,060/1,000,000  10.7/s  upd=4020  L=0.0428  D=2.246
[regir_untied4] 4:47:42  185,060/1,000,000  10.7/s  upd=4024  L=0.0423  D=2.246
[regir_untied4] saved resume t_env=185,060
[regir_untied4] 4:47:53  185,060/1,000,000  10.7/s  upd=4024  L=0.0423  D=2.246
[regir_untied4] 4:48:04  185,402/1,000,000  10.7/s  upd=4027  L=0.0362  D=2.246
[regir_untied4] 4:48:16  185,402/1,000,000  10.7/s  upd=4031  L=0.0486  D=2.246
[regir_untied4] 4:48:29  185,661/1,000,000  10.7/s  upd=4033  L=0.0476  D=2.246
[regir_untied4] 4:48:39  185,661/1,000,000  10.7/s  upd=4037  L=0.0334  D=2.246
[regir_untied4] 4:48:49  185,661/1,000,000  10.7/s  upd=4040  L=0.0492  D=2.246
[regir_untied4] 4:49:00  185,962/1,000,000  10.7/s  upd=4042  L=0.0502  D=2.246
[regir_untied4] 4:49:10  185,962/1,000,000  10.7/s  upd=4046  L=0.0347  D=2.246
[regir_untied4] 4:49:20  185,962/1,000,000  10.7/s  upd=4048  L=0.0427  D=2.246
[regir_untied4] 4:49:31  186,315/1,000,000  10.7/s  upd=4050  L=0.0477  D=2.246
[regir_untied4] 4:49:41  186,315/1,000,000  10.7/s  upd=4055  L=0.0507  D=2.246
[regir_untied4] 4:49:52  186,315/1,000,000  10.7/s  upd=4056  L=0.0349  D=2.246
[regir_untied4] 4:50:03  186,723/1,000,000  10.7/s  upd=4061  L=0.0486  D=2.246
[regir_untied4] 4:50:14  186,723/1,000,000  10.7/s  upd=4064  L=0.0523  D=2.246
[regir_untied4] 4:50:25  186,991/1,000,000  10.7/s  upd=4066  L=0.0422  D=2.246
[regir_untied4] 4:50:37  186,991/1,000,000  10.7/s  upd=4071  L=0.0442  D=2.246
[regir_untied4] 4:50:47  186,991/1,000,000  10.7/s  upd=4072  L=0.0384  D=2.246
[regir_untied4] 4:50:59  187,322/1,000,000  10.7/s  upd=4075  L=0.0381  D=2.246
[regir_untied4] 4:51:09  187,322/1,000,000  10.7/s  upd=4079  L=0.0413  D=2.246
[regir_untied4] 4:51:19  187,322/1,000,000  10.7/s  upd=4080  L=0.0302  D=2.246
[regir_untied4] 4:51:30  187,638/1,000,000  10.7/s  upd=4083  L=0.0461  D=2.246
[regir_untied4] 4:51:42  187,638/1,000,000  10.7/s  upd=4088  L=0.0255  D=2.246
[regir_untied4] 4:51:53  187,917/1,000,000  10.7/s  upd=4089  L=0.0312  D=2.246
[regir_untied4] 4:52:05  187,917/1,000,000  10.7/s  upd=4093  L=0.0346  D=2.246
[regir_untied4] 4:52:15  187,917/1,000,000  10.7/s  upd=4096  L=0.0249  D=2.246
[regir_untied4] 4:52:26  188,204/1,000,000  10.7/s  upd=4098  L=0.0351  D=2.246
[regir_untied4] 4:52:38  188,204/1,000,000  10.7/s  upd=4102  L=0.0314  D=2.246
[regir_untied4] 4:52:48  188,204/1,000,000  10.7/s  upd=4104  L=0.0385  D=2.246
[regir_untied4] 4:53:00  188,542/1,000,000  10.7/s  upd=4107  L=0.0570  D=2.246
[regir_untied4] 4:53:10  188,542/1,000,000  10.7/s  upd=4111  L=0.0339  D=2.246
[regir_untied4] 4:53:20  188,542/1,000,000  10.7/s  upd=4112  L=0.0355  D=2.246
[regir_untied4] 4:53:30  188,910/1,000,000  10.7/s  upd=4113  L=0.0319  D=2.246
[regir_untied4] 4:53:42  188,910/1,000,000  10.7/s  upd=4117  L=0.0496  D=2.246
[regir_untied4] 4:53:52  188,910/1,000,000  10.7/s  upd=4120  L=0.0326  D=2.246
[regir_untied4] 4:54:06  189,212/1,000,000  10.7/s  upd=4123  L=0.0314  D=2.246
[regir_untied4] 4:54:17  189,212/1,000,000  10.7/s  upd=4127  L=0.0358  D=2.246
[regir_untied4] 4:54:30  189,596/1,000,000  10.7/s  upd=4130  L=0.0495  D=2.246
[regir_untied4] 4:54:43  189,596/1,000,000  10.7/s  upd=4135  L=0.0399  D=2.246
[regir_untied4] 4:54:53  189,596/1,000,000  10.7/s  upd=4136  L=0.0304  D=2.246
[regir_untied4] 4:55:05  189,930/1,000,000  10.7/s  upd=4140  L=0.0409  D=2.246
[regir_untied4] 4:55:20  189,930/1,000,000  10.7/s  upd=4144  L=0.0356  D=2.246
[regir_untied4] 4:55:31  190,259/1,000,000  10.7/s  upd=4146  L=0.0245  D=2.246
[regir_untied4] 4:55:42  190,259/1,000,000  10.7/s  upd=4151  L=0.0334  D=2.246
[regir_untied4] 4:55:55  190,611/1,000,000  10.7/s  upd=4153  L=0.0309  D=2.246
[regir_untied4] 4:56:09  190,611/1,000,000  10.7/s  upd=4157  L=0.0318  D=2.246
[regir_untied4] 4:56:19  190,611/1,000,000  10.7/s  upd=4160  L=0.0404  D=2.246
[regir_untied4] 4:56:30  190,947/1,000,000  10.7/s  upd=4162  L=0.0454  D=2.246
[regir_untied4] 4:56:41  190,947/1,000,000  10.7/s  upd=4165  L=0.0450  D=2.246
[regir_untied4] 4:56:51  190,947/1,000,000  10.7/s  upd=4168  L=0.0460  D=2.246
[regir_untied4] 4:57:03  191,284/1,000,000  10.7/s  upd=4170  L=0.0281  D=2.246
[regir_untied4] 4:57:15  191,284/1,000,000  10.7/s  upd=4174  L=0.0294  D=2.246
[regir_untied4] 4:57:26  191,583/1,000,000  10.7/s  upd=4177  L=0.0444  D=2.246
[regir_untied4] 4:57:38  191,583/1,000,000  10.7/s  upd=4181  L=0.0369  D=2.246
[regir_untied4] 4:57:48  191,583/1,000,000  10.7/s  upd=4184  L=0.0371  D=2.246
[regir_untied4] saved resume t_env=191,583
[regir_untied4] 4:58:00  191,910/1,000,000  10.7/s  upd=4185  L=0.0336  D=2.246
[regir_untied4] 4:58:11  191,910/1,000,000  10.7/s  upd=4188  L=0.0436  D=2.246
[regir_untied4] 4:58:23  191,910/1,000,000  10.7/s  upd=4192  L=0.0378  D=2.246
[regir_untied4] 4:58:33  192,230/1,000,000  10.7/s  upd=4194  L=0.0617  D=2.246
[regir_untied4] 4:58:45  192,230/1,000,000  10.7/s  upd=4198  L=0.0435  D=2.246
[regir_untied4] 4:58:56  192,525/1,000,000  10.7/s  upd=4201  L=0.0332  D=2.246
[regir_untied4] 4:59:07  192,525/1,000,000  10.7/s  upd=4204  L=0.0416  D=2.246
[regir_untied4] 4:59:19  192,525/1,000,000  10.7/s  upd=4208  L=0.0313  D=2.246
[regir_untied4] 4:59:31  192,891/1,000,000  10.7/s  upd=4209  L=0.0321  D=2.246
[regir_untied4] 4:59:43  192,891/1,000,000  10.7/s  upd=4213  L=0.0479  D=2.246
[regir_untied4] 4:59:53  192,891/1,000,000  10.7/s  upd=4216  L=0.0848  D=2.246
[regir_untied4] 5:00:05  193,237/1,000,000  10.7/s  upd=4219  L=0.0352  D=2.246
[regir_untied4] 5:00:16  193,237/1,000,000  10.7/s  upd=4222  L=0.0584  D=2.246
[regir_untied4] 5:00:27  193,466/1,000,000  10.7/s  upd=4225  L=0.0390  D=2.246
[regir_untied4] 5:00:39  193,466/1,000,000  10.7/s  upd=4228  L=0.0176  D=2.246
[regir_untied4] 5:00:50  193,466/1,000,000  10.7/s  upd=4232  L=0.0328  D=2.246
[regir_untied4] 5:01:01  193,801/1,000,000  10.7/s  upd=4234  L=0.0347  D=2.246
[regir_untied4] 5:01:13  193,801/1,000,000  10.7/s  upd=4239  L=0.0330  D=2.246
[regir_untied4] 5:01:23  193,801/1,000,000  10.7/s  upd=4240  L=0.0342  D=2.246
[regir_untied4] 5:01:34  194,131/1,000,000  10.7/s  upd=4242  L=0.0284  D=2.246
[regir_untied4] 5:01:45  194,131/1,000,000  10.7/s  upd=4245  L=0.0397  D=2.246
[regir_untied4] 5:01:55  194,131/1,000,000  10.7/s  upd=4248  L=0.0502  D=2.246
[regir_untied4] 5:02:05  194,131/1,000,000  10.7/s  upd=4248  L=0.0502  D=2.246
[regir_untied4] 5:02:16  194,530/1,000,000  10.7/s  upd=4252  L=0.0467  D=2.246
[regir_untied4] 5:02:26  194,530/1,000,000  10.7/s  upd=4256  L=0.0501  D=2.246
[regir_untied4] 5:02:38  194,863/1,000,000  10.7/s  upd=4259  L=0.0484  D=2.246
[regir_untied4] 5:02:48  194,863/1,000,000  10.7/s  upd=4264  L=0.0398  D=2.246
[regir_untied4] 5:03:00  195,170/1,000,000  10.7/s  upd=4268  L=0.0334  D=2.246
[regir_untied4] 5:03:10  195,170/1,000,000  10.7/s  upd=4272  L=0.0286  D=2.246
[regir_untied4] 5:03:21  195,478/1,000,000  10.7/s  upd=4276  L=0.0259  D=2.246
[regir_untied4] 5:03:31  195,478/1,000,000  10.7/s  upd=4280  L=0.0343  D=2.246
[regir_untied4] 5:03:42  195,777/1,000,000  10.7/s  upd=4283  L=0.0383  D=2.246
[regir_untied4] 5:03:52  195,777/1,000,000  10.7/s  upd=4288  L=0.0509  D=2.246
[regir_untied4] 5:04:04  196,110/1,000,000  10.7/s  upd=4290  L=0.0457  D=2.246
[regir_untied4] 5:04:15  196,110/1,000,000  10.7/s  upd=4295  L=0.0458  D=2.246
[regir_untied4] 5:04:25  196,405/1,000,000  10.8/s  upd=4297  L=0.0447  D=2.246
[regir_untied4] 5:04:37  196,405/1,000,000  10.7/s  upd=4303  L=0.0438  D=2.246
[regir_untied4] 5:04:47  196,695/1,000,000  10.8/s  upd=4305  L=0.0475  D=2.246
[regir_untied4] 5:04:59  196,695/1,000,000  10.7/s  upd=4309  L=0.0370  D=2.246
[regir_untied4] 5:05:09  196,695/1,000,000  10.7/s  upd=4312  L=0.0281  D=2.246
[regir_untied4] 5:05:20  197,073/1,000,000  10.8/s  upd=4316  L=0.0306  D=2.246
[regir_untied4] 5:05:31  197,073/1,000,000  10.8/s  upd=4320  L=0.0397  D=2.246
[regir_untied4] 5:05:42  197,357/1,000,000  10.8/s  upd=4321  L=0.0372  D=2.246
[regir_untied4] 5:05:54  197,357/1,000,000  10.8/s  upd=4325  L=0.0356  D=2.246
[regir_untied4] 5:06:04  197,357/1,000,000  10.7/s  upd=4328  L=0.0445  D=2.246
[regir_untied4] 5:06:16  197,689/1,000,000  10.8/s  upd=4331  L=0.0424  D=2.246
[regir_untied4] 5:06:28  197,689/1,000,000  10.8/s  upd=4335  L=0.0303  D=2.246
[regir_untied4] 5:06:39  197,975/1,000,000  10.8/s  upd=4337  L=0.0612  D=2.246
[regir_untied4] 5:06:50  197,975/1,000,000  10.8/s  upd=4341  L=0.0252  D=2.246
[regir_untied4] 5:07:00  197,975/1,000,000  10.7/s  upd=4344  L=0.0318  D=2.246
[regir_untied4] 5:07:10  197,975/1,000,000  10.7/s  upd=4344  L=0.0318  D=2.246
[regir_untied4] 5:07:23  198,352/1,000,000  10.8/s  upd=4347  L=0.0494  D=2.246
[regir_untied4] 5:07:34  198,352/1,000,000  10.7/s  upd=4351  L=0.0394  D=2.246
[regir_untied4] 5:07:44  198,352/1,000,000  10.7/s  upd=4352  L=0.0531  D=2.246
[regir_untied4] 5:07:54  198,633/1,000,000  10.8/s  upd=4355  L=0.0440  D=2.246
[regir_untied4] 5:08:07  198,633/1,000,000  10.7/s  upd=4360  L=0.0478  D=2.246
[regir_untied4] saved resume t_env=198,633
[regir_untied4] 5:08:17  198,633/1,000,000  10.7/s  upd=4360  L=0.0478  D=2.246
[regir_untied4] 5:08:28  198,948/1,000,000  10.7/s  upd=4363  L=0.0451  D=2.246
[regir_untied4] 5:08:39  198,948/1,000,000  10.7/s  upd=4368  L=0.0279  D=2.246
[regir_untied4] 5:08:51  199,324/1,000,000  10.8/s  upd=4369  L=0.0257  D=2.246
[regir_untied4] 5:09:03  199,324/1,000,000  10.7/s  upd=4374  L=0.0568  D=2.246
[regir_untied4] 5:09:13  199,324/1,000,000  10.7/s  upd=4376  L=0.0990  D=2.246
[regir_untied4] 5:09:24  199,686/1,000,000  10.8/s  upd=4380  L=0.0302  D=2.246
[regir_untied4] 5:09:34  199,686/1,000,000  10.8/s  upd=4384  L=0.0241  D=2.246
[regir_untied4] 5:09:45  199,961/1,000,000  10.8/s  upd=4388  L=0.0363  D=2.246
[regir_untied4] 5:09:55  199,961/1,000,000  10.8/s  upd=4392  L=0.0368  D=2.246
[regir_untied4] 5:10:06  200,422/1,000,000  10.8/s  upd=4393  L=0.0442  D=2.246
[regir_untied4] 5:10:18  200,422/1,000,000  10.8/s  upd=4398  L=0.0402  D=2.246
[regir_untied4] saved resume t_env=200,422
[regir_untied4] 5:10:29  200,422/1,000,000  10.8/s  upd=4400  L=0.0408  ev=0/100  D=2.246
[regir_untied4] 5:10:39  200,422/1,000,000  10.8/s  upd=4400  L=0.0408  ev=15/100  D=2.246
[regir_untied4] 5:10:50  200,422/1,000,000  10.7/s  upd=4400  L=0.0408  ev=31/100  D=2.246
[regir_untied4] 5:11:00  200,422/1,000,000  10.7/s  upd=4400  L=0.0408  ev=39/100  D=2.246
[regir_untied4] 5:11:10  200,422/1,000,000  10.7/s  upd=4400  L=0.0408  ev=48/100  D=2.246
[regir_untied4] 5:11:20  200,422/1,000,000  10.7/s  upd=4400  L=0.0408  ev=54/100  D=2.246
[regir_untied4] 5:11:30  200,422/1,000,000  10.7/s  upd=4400  L=0.0408  ev=61/100  D=2.246
[regir_untied4] 5:11:40  200,422/1,000,000  10.7/s  upd=4400  L=0.0408  ev=64/100  D=2.246
[regir_untied4] 5:11:50  200,422/1,000,000  10.7/s  upd=4400  L=0.0408  ev=73/100  D=2.246
[regir_untied4] 5:12:00  200,422/1,000,000  10.7/s  upd=4400  L=0.0408  ev=80/100  D=2.246
[regir_untied4] 5:12:10  200,422/1,000,000  10.7/s  upd=4400  L=0.0408  ev=88/100  D=2.246
[regir_untied4] 5:12:20  200,422/1,000,000  10.7/s  upd=4400  L=0.0408  ev=96/100  D=2.246
[regir_untied4] 5:12:30  200,422/1,000,000  10.7/s  upd=4400  L=0.0408  D=1.511
[regir_untied4] 5:12:42  200,728/1,000,000  10.7/s  upd=4402  L=0.0375  D=1.511
[regir_untied4] 5:12:52  200,728/1,000,000  10.7/s  upd=4407  L=0.0356  D=1.511
[regir_untied4] 5:13:02  200,728/1,000,000  10.7/s  upd=4408  L=0.0287  D=1.511
[regir_untied4] 5:13:13  201,136/1,000,000  10.7/s  upd=4409  L=0.0387  D=1.511
[regir_untied4] 5:13:24  201,136/1,000,000  10.7/s  upd=4413  L=0.0379  D=1.511
[regir_untied4] 5:13:34  201,136/1,000,000  10.7/s  upd=4416  L=0.0392  D=1.511
[regir_untied4] 5:13:44  201,419/1,000,000  10.7/s  upd=4418  L=0.0522  D=1.511
[regir_untied4] 5:13:54  201,419/1,000,000  10.7/s  upd=4422  L=0.0362  D=1.511
[regir_untied4] 5:14:05  201,419/1,000,000  10.7/s  upd=4424  L=0.0340  D=1.511
[regir_untied4] 5:14:18  201,724/1,000,000  10.7/s  upd=4427  L=0.0351  D=1.511
[regir_untied4] 5:14:29  201,724/1,000,000  10.7/s  upd=4430  L=0.0407  D=1.511
[regir_untied4] 5:14:39  201,724/1,000,000  10.7/s  upd=4432  L=0.0397  D=1.511
[regir_untied4] 5:14:52  202,073/1,000,000  10.7/s  upd=4436  L=0.0565  D=1.511
[regir_untied4] 5:15:02  202,073/1,000,000  10.7/s  upd=4440  L=0.0292  D=1.511
[regir_untied4] 5:15:13  202,401/1,000,000  10.7/s  upd=4443  L=0.0298  D=1.511
[regir_untied4] 5:15:25  202,401/1,000,000  10.7/s  upd=4447  L=0.0473  D=1.511
[regir_untied4] 5:15:36  202,707/1,000,000  10.7/s  upd=4449  L=0.0314  D=1.511
[regir_untied4] 5:15:48  202,707/1,000,000  10.7/s  upd=4453  L=0.0301  D=1.511
[regir_untied4] 5:15:59  202,707/1,000,000  10.7/s  upd=4456  L=0.0288  D=1.511
[regir_untied4] 5:16:09  203,036/1,000,000  10.7/s  upd=4458  L=0.0341  D=1.511
[regir_untied4] 5:16:20  203,036/1,000,000  10.7/s  upd=4463  L=0.0547  D=1.511
[regir_untied4] 5:16:30  203,036/1,000,000  10.7/s  upd=4464  L=0.0536  D=1.511
[regir_untied4] 5:16:41  203,367/1,000,000  10.7/s  upd=4468  L=0.0393  D=1.511
[regir_untied4] 5:16:51  203,367/1,000,000  10.7/s  upd=4472  L=0.0353  D=1.511
[regir_untied4] 5:17:01  203,367/1,000,000  10.7/s  upd=4472  L=0.0353  D=1.511
[regir_untied4] 5:17:14  203,670/1,000,000  10.7/s  upd=4477  L=0.0386  D=1.511
[regir_untied4] 5:17:24  203,670/1,000,000  10.7/s  upd=4480  L=0.0407  D=1.511
[regir_untied4] 5:17:35  203,968/1,000,000  10.7/s  upd=4481  L=0.0335  D=1.511
[regir_untied4] 5:17:47  203,968/1,000,000  10.7/s  upd=4486  L=0.0417  D=1.511
[regir_untied4] 5:17:57  203,968/1,000,000  10.7/s  upd=4488  L=0.0374  D=1.511
[regir_untied4] 5:18:09  204,303/1,000,000  10.7/s  upd=4490  L=0.0381  D=1.511
[regir_untied4] 5:18:21  204,303/1,000,000  10.7/s  upd=4495  L=0.0414  D=1.511
[regir_untied4] 5:18:32  204,597/1,000,000  10.7/s  upd=4497  L=0.0366  D=1.511
[regir_untied4] 5:18:44  204,597/1,000,000  10.7/s  upd=4502  L=0.0613  D=1.511
[regir_untied4] 5:18:54  204,597/1,000,000  10.7/s  upd=4504  L=0.0319  D=1.511
[regir_untied4] 5:19:04  204,597/1,000,000  10.7/s  upd=4504  L=0.0319  D=1.511
[regir_untied4] 5:19:14  204,983/1,000,000  10.7/s  upd=4507  L=0.0339  D=1.511
[regir_untied4] 5:19:25  204,983/1,000,000  10.7/s  upd=4512  L=0.0388  D=1.511
[regir_untied4] 5:19:38  205,307/1,000,000  10.7/s  upd=4513  L=0.0367  D=1.511
[regir_untied4] 5:19:50  205,307/1,000,000  10.7/s  upd=4517  L=0.0297  D=1.511
[regir_untied4] 5:20:00  205,307/1,000,000  10.7/s  upd=4520  L=0.0369  D=1.511
[regir_untied4] 5:20:10  205,606/1,000,000  10.7/s  upd=4522  L=0.0301  D=1.511
[regir_untied4] 5:20:21  205,606/1,000,000  10.7/s  upd=4527  L=0.0327  D=1.511
[regir_untied4] 5:20:31  205,606/1,000,000  10.7/s  upd=4528  L=0.0373  D=1.511
[regir_untied4] 5:20:43  205,956/1,000,000  10.7/s  upd=4532  L=0.0419  D=1.511
[regir_untied4] 5:20:53  205,956/1,000,000  10.7/s  upd=4536  L=0.0363  D=1.511
[regir_untied4] saved resume t_env=205,956
[regir_untied4] 5:21:03  205,956/1,000,000  10.7/s  upd=4536  L=0.0363  D=1.511
[regir_untied4] 5:21:15  206,279/1,000,000  10.7/s  upd=4541  L=0.0323  D=1.511
[regir_untied4] 5:21:25  206,279/1,000,000  10.7/s  upd=4544  L=0.0486  D=1.511
[regir_untied4] 5:21:35  206,580/1,000,000  10.7/s  upd=4545  L=0.0457  D=1.511
[regir_untied4] 5:21:45  206,580/1,000,000  10.7/s  upd=4550  L=0.0393  D=1.511
[regir_untied4] 5:21:55  206,580/1,000,000  10.7/s  upd=4552  L=0.0476  D=1.511
[regir_untied4] 5:22:07  206,855/1,000,000  10.7/s  upd=4553  L=0.0353  D=1.511
[regir_untied4] 5:22:18  206,855/1,000,000  10.7/s  upd=4558  L=0.0354  D=1.511
[regir_untied4] 5:22:28  206,855/1,000,000  10.7/s  upd=4560  L=0.0359  D=1.511
[regir_untied4] 5:22:40  207,145/1,000,000  10.7/s  upd=4563  L=0.0297  D=1.511
[regir_untied4] 5:22:51  207,145/1,000,000  10.7/s  upd=4568  L=0.0315  D=1.511
[regir_untied4] 5:23:01  207,145/1,000,000  10.7/s  upd=4568  L=0.0315  D=1.511
[regir_untied4] 5:23:12  207,450/1,000,000  10.7/s  upd=4571  L=0.0531  D=1.511
[regir_untied4] 5:23:23  207,450/1,000,000  10.7/s  upd=4576  L=0.0383  D=1.511
[regir_untied4] 5:23:33  207,450/1,000,000  10.7/s  upd=4576  L=0.0383  D=1.511
[regir_untied4] 5:23:46  207,827/1,000,000  10.7/s  upd=4579  L=0.0511  D=1.511
[regir_untied4] 5:23:56  207,827/1,000,000  10.7/s  upd=4584  L=0.0361  D=1.511
[regir_untied4] 5:24:10  208,135/1,000,000  10.7/s  upd=4586  L=0.0491  D=1.511
[regir_untied4] 5:24:20  208,135/1,000,000  10.7/s  upd=4589  L=0.0488  D=1.511
[regir_untied4] 5:24:30  208,135/1,000,000  10.7/s  upd=4592  L=0.0450  D=1.511
[regir_untied4] 5:24:43  208,499/1,000,000  10.7/s  upd=4593  L=0.0515  D=1.511
[regir_untied4] 5:24:54  208,499/1,000,000  10.7/s  upd=4598  L=0.0389  D=1.511
[regir_untied4] 5:25:04  208,499/1,000,000  10.7/s  upd=4600  L=0.0448  D=1.511
[regir_untied4] 5:25:15  208,798/1,000,000  10.7/s  upd=4601  L=0.0406  D=1.511
[regir_untied4] 5:25:27  208,798/1,000,000  10.7/s  upd=4606  L=0.0468  D=1.511
[regir_untied4] 5:25:37  208,798/1,000,000  10.7/s  upd=4608  L=0.0407  D=1.511
[regir_untied4] 5:25:47  209,118/1,000,000  10.7/s  upd=4609  L=0.0390  D=1.511
[regir_untied4] 5:25:59  209,118/1,000,000  10.7/s  upd=4614  L=0.0482  D=1.511
[regir_untied4] 5:26:09  209,118/1,000,000  10.7/s  upd=4616  L=0.0314  D=1.511
[regir_untied4] 5:26:20  209,446/1,000,000  10.7/s  upd=4617  L=0.0276  D=1.511
[regir_untied4] 5:26:32  209,446/1,000,000  10.7/s  upd=4624  L=0.0557  D=1.511
[regir_untied4] 5:26:42  209,446/1,000,000  10.7/s  upd=4624  L=0.0557  D=1.511
[regir_untied4] 5:26:53  209,814/1,000,000  10.7/s  upd=4625  L=0.0545  D=1.511
[regir_untied4] 5:27:03  209,814/1,000,000  10.7/s  upd=4630  L=0.0402  D=1.511
[regir_untied4] 5:27:13  209,814/1,000,000  10.7/s  upd=4632  L=0.0277  D=1.511
[regir_untied4] 5:27:23  209,814/1,000,000  10.7/s  upd=4632  L=0.0277  D=1.511
[regir_untied4] 5:27:37  210,115/1,000,000  10.7/s  upd=4638  L=0.0343  D=1.511
[regir_untied4] 5:27:47  210,115/1,000,000  10.7/s  upd=4640  L=0.0438  D=1.511
[regir_untied4] 5:27:58  210,418/1,000,000  10.7/s  upd=4642  L=0.0309  D=1.511
[regir_untied4] 5:28:08  210,418/1,000,000  10.7/s  upd=4647  L=0.0402  D=1.511
[regir_untied4] 5:28:19  210,418/1,000,000  10.7/s  upd=4648  L=0.0323  D=1.511
[regir_untied4] 5:28:29  210,746/1,000,000  10.7/s  upd=4649  L=0.0472  D=1.511
[regir_untied4] 5:28:41  210,746/1,000,000  10.7/s  upd=4654  L=0.0414  D=1.511
[regir_untied4] 5:28:51  210,746/1,000,000  10.7/s  upd=4656  L=0.0407  D=1.511
[regir_untied4] 5:29:02  211,029/1,000,000  10.7/s  upd=4659  L=0.0540  D=1.511
[regir_untied4] 5:29:13  211,029/1,000,000  10.7/s  upd=4663  L=0.0549  D=1.511
[regir_untied4] 5:29:23  211,029/1,000,000  10.7/s  upd=4664  L=0.0448  D=1.511
[regir_untied4] 5:29:35  211,389/1,000,000  10.7/s  upd=4667  L=0.0367  D=1.511
[regir_untied4] 5:29:46  211,389/1,000,000  10.7/s  upd=4672  L=0.0502  D=1.511
[regir_untied4] 5:29:58  211,713/1,000,000  10.7/s  upd=4674  L=0.0313  D=1.511
[regir_untied4] 5:30:10  211,713/1,000,000  10.7/s  upd=4679  L=0.0309  D=1.511
[regir_untied4] 5:30:24  212,034/1,000,000  10.7/s  upd=4681  L=0.0341  D=1.511
[regir_untied4] 5:30:34  212,034/1,000,000  10.7/s  upd=4685  L=0.0491  D=1.511
[regir_untied4] 5:30:44  212,034/1,000,000  10.7/s  upd=4688  L=0.0556  D=1.511
[regir_untied4] 5:30:56  212,398/1,000,000  10.7/s  upd=4691  L=0.0364  D=1.511
[regir_untied4] 5:31:08  212,398/1,000,000  10.7/s  upd=4695  L=0.0294  D=1.511
[regir_untied4] saved resume t_env=212,398
[regir_untied4] 5:31:18  212,398/1,000,000  10.7/s  upd=4696  L=0.0344  D=1.511
[regir_untied4] 5:31:30  212,660/1,000,000  10.7/s  upd=4700  L=0.0428  D=1.511
[regir_untied4] 5:31:40  212,660/1,000,000  10.7/s  upd=4704  L=0.0447  D=1.511
[regir_untied4] 5:31:50  212,915/1,000,000  10.7/s  upd=4706  L=0.0421  D=1.511
[regir_untied4] 5:32:01  212,915/1,000,000  10.7/s  upd=4709  L=0.0347  D=1.511
[regir_untied4] 5:32:11  212,915/1,000,000  10.7/s  upd=4712  L=0.0450  D=1.511
[regir_untied4] 5:32:21  213,233/1,000,000  10.7/s  upd=4714  L=0.0409  D=1.511
[regir_untied4] 5:32:31  213,233/1,000,000  10.7/s  upd=4718  L=0.0276  D=1.511
[regir_untied4] 5:32:42  213,233/1,000,000  10.7/s  upd=4720  L=0.0289  D=1.511
[regir_untied4] 5:32:54  213,532/1,000,000  10.7/s  upd=4723  L=0.0403  D=1.511
[regir_untied4] 5:33:07  213,532/1,000,000  10.7/s  upd=4727  L=0.0362  D=1.511
[regir_untied4] 5:33:17  213,849/1,000,000  10.7/s  upd=4729  L=0.0325  D=1.511
[regir_untied4] 5:33:28  213,849/1,000,000  10.7/s  upd=4733  L=0.0324  D=1.511
[regir_untied4] 5:33:40  213,849/1,000,000  10.7/s  upd=4736  L=0.0276  D=1.511
[regir_untied4] 5:33:51  214,104/1,000,000  10.7/s  upd=4740  L=0.0416  D=1.511
[regir_untied4] 5:34:04  214,104/1,000,000  10.7/s  upd=4744  L=0.0406  D=1.511
[regir_untied4] 5:34:17  214,406/1,000,000  10.7/s  upd=4745  L=0.0304  D=1.511
[regir_untied4] 5:34:27  214,406/1,000,000  10.7/s  upd=4750  L=0.0389  D=1.511
[regir_untied4] 5:34:37  214,406/1,000,000  10.7/s  upd=4752  L=0.0461  D=1.511
[regir_untied4] 5:34:48  214,708/1,000,000  10.7/s  upd=4756  L=0.0373  D=1.511
[regir_untied4] 5:34:59  214,708/1,000,000  10.7/s  upd=4759  L=0.0440  D=1.511
[regir_untied4] 5:35:11  215,022/1,000,000  10.7/s  upd=4761  L=0.0341  D=1.511
[regir_untied4] 5:35:21  215,022/1,000,000  10.7/s  upd=4764  L=0.0444  D=1.511
[regir_untied4] 5:35:33  215,022/1,000,000  10.7/s  upd=4767  L=0.0518  D=1.511
[regir_untied4] 5:35:43  215,022/1,000,000  10.7/s  upd=4768  L=0.0329  D=1.511
[regir_untied4] 5:35:54  215,397/1,000,000  10.7/s  upd=4771  L=0.0418  D=1.511
[regir_untied4] 5:36:05  215,397/1,000,000  10.7/s  upd=4775  L=0.0271  D=1.511
[regir_untied4] 5:36:16  215,721/1,000,000  10.7/s  upd=4778  L=0.0263  D=1.511
[regir_untied4] 5:36:28  215,721/1,000,000  10.7/s  upd=4784  L=0.0364  D=1.511
[regir_untied4] 5:36:41  216,070/1,000,000  10.7/s  upd=4789  L=0.0560  D=1.511
[regir_untied4] 5:36:51  216,070/1,000,000  10.7/s  upd=4792  L=0.0460  D=1.511
[regir_untied4] 5:37:01  216,403/1,000,000  10.7/s  upd=4796  L=0.0337  D=1.511
[regir_untied4] 5:37:11  216,403/1,000,000  10.7/s  upd=4800  L=0.0279  D=1.511
[regir_untied4] 5:37:23  216,770/1,000,000  10.7/s  upd=4803  L=0.0314  D=1.511
[regir_untied4] 5:37:33  216,770/1,000,000  10.7/s  upd=4808  L=0.0330  D=1.511
[regir_untied4] 5:37:45  217,188/1,000,000  10.7/s  upd=4810  L=0.0393  D=1.511
[regir_untied4] 5:37:55  217,188/1,000,000  10.7/s  upd=4815  L=0.0356  D=1.511
[regir_untied4] 5:38:05  217,477/1,000,000  10.7/s  upd=4817  L=0.0395  D=1.511
[regir_untied4] 5:38:18  217,477/1,000,000  10.7/s  upd=4824  L=0.0475  D=1.511
[regir_untied4] 5:38:28  217,836/1,000,000  10.7/s  upd=4825  L=0.0338  D=1.511
[regir_untied4] 5:38:39  217,836/1,000,000  10.7/s  upd=4828  L=0.0496  D=1.511
[regir_untied4] 5:38:49  217,836/1,000,000  10.7/s  upd=4832  L=0.0398  D=1.511
[regir_untied4] 5:38:59  217,836/1,000,000  10.7/s  upd=4832  L=0.0398  D=1.511
[regir_untied4] 5:39:11  218,194/1,000,000  10.7/s  upd=4835  L=0.0325  D=1.511
[regir_untied4] 5:39:22  218,194/1,000,000  10.7/s  upd=4840  L=0.0335  D=1.511
[regir_untied4] 5:39:32  218,194/1,000,000  10.7/s  upd=4840  L=0.0335  D=1.511
[regir_untied4] 5:39:45  218,489/1,000,000  10.7/s  upd=4842  L=0.0492  D=1.511
[regir_untied4] 5:39:58  218,489/1,000,000  10.7/s  upd=4848  L=0.0377  D=1.511
[regir_untied4] 5:40:08  218,489/1,000,000  10.7/s  upd=4848  L=0.0377  D=1.511
[regir_untied4] 5:40:19  218,832/1,000,000  10.7/s  upd=4852  L=0.0350  D=1.511
[regir_untied4] 5:40:32  218,832/1,000,000  10.7/s  upd=4856  L=0.0323  D=1.511
[regir_untied4] 5:40:44  219,139/1,000,000  10.7/s  upd=4857  L=0.0340  D=1.511
[regir_untied4] 5:40:55  219,139/1,000,000  10.7/s  upd=4863  L=0.0498  D=1.511
[regir_untied4] 5:41:07  219,491/1,000,000  10.7/s  upd=4865  L=0.0583  D=1.511
[regir_untied4] 5:41:17  219,491/1,000,000  10.7/s  upd=4871  L=0.0449  D=1.511
[regir_untied4] saved resume t_env=219,491
[regir_untied4] 5:41:27  219,491/1,000,000  10.7/s  upd=4872  L=0.0366  D=1.511
[regir_untied4] 5:41:38  219,847/1,000,000  10.7/s  upd=4877  L=0.0515  D=1.511
[regir_untied4] 5:41:48  219,847/1,000,000  10.7/s  upd=4880  L=0.0452  D=1.511
[regir_untied4] 5:41:58  220,138/1,000,000  10.7/s  upd=4883  L=0.0395  D=1.511
[regir_untied4] saved resume t_env=220,138
[regir_untied4] 5:42:14  220,138/1,000,000  10.7/s  upd=4888  L=0.0336  ev=0/100  D=1.511
[regir_untied4] 5:42:24  220,138/1,000,000  10.7/s  upd=4888  L=0.0336  ev=16/100  D=1.511
[regir_untied4] 5:42:34  220,138/1,000,000  10.7/s  upd=4888  L=0.0336  ev=30/100  D=1.511
[regir_untied4] 5:42:44  220,138/1,000,000  10.7/s  upd=4888  L=0.0336  ev=34/100  D=1.511
[regir_untied4] 5:42:54  220,138/1,000,000  10.7/s  upd=4888  L=0.0336  ev=41/100  D=1.511
[regir_untied4] 5:43:04  220,138/1,000,000  10.7/s  upd=4888  L=0.0336  ev=48/100  D=1.511
[regir_untied4] 5:43:14  220,138/1,000,000  10.7/s  upd=4888  L=0.0336  ev=56/100  D=1.511
[regir_untied4] 5:43:25  220,138/1,000,000  10.7/s  upd=4888  L=0.0336  ev=64/100  D=1.511
[regir_untied4] 5:43:35  220,138/1,000,000  10.7/s  upd=4888  L=0.0336  ev=79/100  D=1.511
[regir_untied4] 5:43:45  220,138/1,000,000  10.7/s  upd=4888  L=0.0336  ev=80/100  D=1.511
[regir_untied4] 5:43:55  220,138/1,000,000  10.7/s  upd=4888  L=0.0336  ev=87/100  D=1.511
[regir_untied4] 5:44:05  220,138/1,000,000  10.7/s  upd=4888  L=0.0336  ev=96/100  D=1.511
[regir_untied4] 5:44:15  220,138/1,000,000  10.7/s  upd=4888  L=0.0336  D=1.923
[regir_untied4] 5:44:25  220,473/1,000,000  10.7/s  upd=4891  L=0.0590  D=1.923
[regir_untied4] 5:44:36  220,473/1,000,000  10.7/s  upd=4895  L=0.0335  D=1.923
[regir_untied4] 5:44:46  220,473/1,000,000  10.7/s  upd=4896  L=0.0428  D=1.923
[regir_untied4] 5:44:57  220,728/1,000,000  10.7/s  upd=4899  L=0.0413  D=1.923
[regir_untied4] 5:45:09  220,728/1,000,000  10.7/s  upd=4904  L=0.0386  D=1.923
[regir_untied4] 5:45:21  221,026/1,000,000  10.7/s  upd=4907  L=0.0436  D=1.923
[regir_untied4] 5:45:32  221,026/1,000,000  10.7/s  upd=4912  L=0.0338  D=1.923
[regir_untied4] 5:45:45  221,355/1,000,000  10.7/s  upd=4913  L=0.0273  D=1.923
[regir_untied4] 5:45:56  221,355/1,000,000  10.7/s  upd=4918  L=0.0661  D=1.923
[regir_untied4] 5:46:06  221,355/1,000,000  10.7/s  upd=4920  L=0.0425  D=1.923
[regir_untied4] 5:46:17  221,711/1,000,000  10.7/s  upd=4921  L=0.0526  D=1.923
[regir_untied4] 5:46:27  221,711/1,000,000  10.7/s  upd=4925  L=0.0341  D=1.923
[regir_untied4] 5:46:37  221,711/1,000,000  10.7/s  upd=4928  L=0.0269  D=1.923
[regir_untied4] 5:46:47  221,711/1,000,000  10.7/s  upd=4928  L=0.0269  D=1.923
[regir_untied4] 5:46:58  222,139/1,000,000  10.7/s  upd=4932  L=0.0329  D=1.923
[regir_untied4] 5:47:08  222,139/1,000,000  10.7/s  upd=4936  L=0.0416  D=1.923
[regir_untied4] 5:47:19  222,139/1,000,000  10.7/s  upd=4936  L=0.0416  D=1.923
[regir_untied4] 5:47:30  222,525/1,000,000  10.7/s  upd=4940  L=0.0286  D=1.923
[regir_untied4] 5:47:40  222,525/1,000,000  10.7/s  upd=4944  L=0.0354  D=1.923
[regir_untied4] 5:47:53  222,822/1,000,000  10.7/s  upd=4945  L=0.0308  D=1.923
[regir_untied4] 5:48:04  222,822/1,000,000  10.7/s  upd=4950  L=0.0334  D=1.923
[regir_untied4] 5:48:14  222,822/1,000,000  10.7/s  upd=4952  L=0.0338  D=1.923
[regir_untied4] 5:48:25  223,185/1,000,000  10.7/s  upd=4954  L=0.0417  D=1.923
[regir_untied4] 5:48:37  223,185/1,000,000  10.7/s  upd=4958  L=0.0422  D=1.923
[regir_untied4] 5:48:47  223,185/1,000,000  10.7/s  upd=4960  L=0.0496  D=1.923
[regir_untied4] 5:48:59  223,460/1,000,000  10.7/s  upd=4964  L=0.0421  D=1.923
[regir_untied4] 5:49:11  223,460/1,000,000  10.7/s  upd=4968  L=0.0483  D=1.923
[regir_untied4] 5:49:21  223,460/1,000,000  10.7/s  upd=4968  L=0.0483  D=1.923
[regir_untied4] 5:49:32  223,802/1,000,000  10.7/s  upd=4973  L=0.0502  D=1.923
[regir_untied4] 5:49:42  223,802/1,000,000  10.7/s  upd=4976  L=0.0298  D=1.923
[regir_untied4] 5:49:53  224,114/1,000,000  10.7/s  upd=4977  L=0.0440  D=1.923
[regir_untied4] 5:50:04  224,114/1,000,000  10.7/s  upd=4982  L=0.0455  D=1.923
[regir_untied4] 5:50:14  224,114/1,000,000  10.7/s  upd=4984  L=0.0441  D=1.923
[regir_untied4] 5:50:27  224,417/1,000,000  10.7/s  upd=4987  L=0.0453  D=1.923
[regir_untied4] 5:50:38  224,417/1,000,000  10.7/s  upd=4991  L=0.0336  D=1.923
[regir_untied4] 5:50:48  224,417/1,000,000  10.7/s  upd=4992  L=0.0415  D=1.923
[regir_untied4] 5:51:00  224,729/1,000,000  10.7/s  upd=4997  L=0.0322  D=1.923
[regir_untied4] 5:51:10  224,729/1,000,000  10.7/s  upd=5000  L=0.0548  D=1.923
[regir_untied4] 5:51:20  225,059/1,000,000  10.7/s  upd=5001  L=0.0468  D=1.923
[regir_untied4] 5:51:31  225,059/1,000,000  10.7/s  upd=5005  L=0.0371  D=1.923
[regir_untied4] 5:51:41  225,059/1,000,000  10.7/s  upd=5008  L=0.0414  D=1.923
[regir_untied4] 5:51:52  225,385/1,000,000  10.7/s  upd=5009  L=0.0360  D=1.923
[regir_untied4] 5:52:03  225,385/1,000,000  10.7/s  upd=5013  L=0.0469  D=1.923
[regir_untied4] saved resume t_env=225,385
[regir_untied4] 5:52:15  225,385/1,000,000  10.7/s  upd=5016  L=0.0319  D=1.923
[regir_untied4] 5:52:25  225,385/1,000,000  10.7/s  upd=5016  L=0.0319  D=1.923
[regir_untied4] 5:52:35  225,689/1,000,000  10.7/s  upd=5020  L=0.0476  D=1.923
[regir_untied4] 5:52:45  225,689/1,000,000  10.7/s  upd=5024  L=0.0326  D=1.923
[regir_untied4] 5:52:58  226,055/1,000,000  10.7/s  upd=5025  L=0.0326  D=1.923
[regir_untied4] 5:53:08  226,055/1,000,000  10.7/s  upd=5030  L=0.0311  D=1.923
[regir_untied4] 5:53:18  226,055/1,000,000  10.7/s  upd=5032  L=0.0315  D=1.923
[regir_untied4] 5:53:29  226,384/1,000,000  10.7/s  upd=5033  L=0.0341  D=1.923
[regir_untied4] 5:53:40  226,384/1,000,000  10.7/s  upd=5038  L=0.0284  D=1.923
[regir_untied4] 5:53:50  226,384/1,000,000  10.7/s  upd=5040  L=0.0397  D=1.923
[regir_untied4] 5:54:01  226,686/1,000,000  10.7/s  upd=5042  L=0.0351  D=1.923
[regir_untied4] 5:54:13  226,686/1,000,000  10.7/s  upd=5048  L=0.0476  D=1.923
[regir_untied4] 5:54:23  226,686/1,000,000  10.7/s  upd=5048  L=0.0476  D=1.923
[regir_untied4] 5:54:34  227,005/1,000,000  10.7/s  upd=5051  L=0.0509  D=1.923
[regir_untied4] 5:54:45  227,005/1,000,000  10.7/s  upd=5056  L=0.0350  D=1.923
[regir_untied4] 5:54:55  227,005/1,000,000  10.7/s  upd=5056  L=0.0350  D=1.923
[regir_untied4] 5:55:07  227,307/1,000,000  10.7/s  upd=5060  L=0.0270  D=1.923
[regir_untied4] 5:55:17  227,307/1,000,000  10.7/s  upd=5064  L=0.0396  D=1.923
[regir_untied4] 5:55:27  227,307/1,000,000  10.7/s  upd=5064  L=0.0396  D=1.923
[regir_untied4] 5:55:38  227,650/1,000,000  10.7/s  upd=5068  L=0.0377  D=1.923
[regir_untied4] 5:55:48  227,650/1,000,000  10.7/s  upd=5072  L=0.0349  D=1.923
[regir_untied4] 5:55:58  227,650/1,000,000  10.7/s  upd=5072  L=0.0349  D=1.923
[regir_untied4] 5:56:10  227,993/1,000,000  10.7/s  upd=5076  L=0.0281  D=1.923
[regir_untied4] 5:56:20  227,993/1,000,000  10.7/s  upd=5080  L=0.0294  D=1.923
[regir_untied4] 5:56:32  228,329/1,000,000  10.7/s  upd=5081  L=0.0393  D=1.923
[regir_untied4] 5:56:44  228,329/1,000,000  10.7/s  upd=5086  L=0.0631  D=1.923
[regir_untied4] 5:56:54  228,329/1,000,000  10.7/s  upd=5088  L=0.0848  D=1.923
[regir_untied4] 5:57:08  228,722/1,000,000  10.7/s  upd=5090  L=0.0484  D=1.923
[regir_untied4] 5:57:18  228,722/1,000,000  10.7/s  upd=5095  L=0.0374  D=1.923
[regir_untied4] 5:57:28  228,722/1,000,000  10.7/s  upd=5096  L=0.0350  D=1.923
[regir_untied4] 5:57:40  229,037/1,000,000  10.7/s  upd=5100  L=0.0259  D=1.923
[regir_untied4] 5:57:50  229,037/1,000,000  10.7/s  upd=5104  L=0.0342  D=1.923
[regir_untied4] 5:58:02  229,351/1,000,000  10.7/s  upd=5107  L=0.0392  D=1.923
[regir_untied4] 5:58:12  229,351/1,000,000  10.7/s  upd=5112  L=0.0364  D=1.923
[regir_untied4] 5:58:22  229,351/1,000,000  10.7/s  upd=5112  L=0.0364  D=1.923
[regir_untied4] 5:58:33  229,707/1,000,000  10.7/s  upd=5115  L=0.0595  D=1.923
[regir_untied4] 5:58:46  229,707/1,000,000  10.7/s  upd=5120  L=0.0355  D=1.923
[regir_untied4] 5:58:57  229,707/1,000,000  10.7/s  upd=5120  L=0.0355  D=1.923
[regir_untied4] 5:59:07  230,002/1,000,000  10.7/s  upd=5124  L=0.0285  D=1.923
[regir_untied4] 5:59:17  230,002/1,000,000  10.7/s  upd=5128  L=0.0504  D=1.923
[regir_untied4] 5:59:28  230,326/1,000,000  10.7/s  upd=5129  L=0.0412  D=1.923
[regir_untied4] 5:59:40  230,326/1,000,000  10.7/s  upd=5133  L=0.0322  D=1.923
[regir_untied4] 5:59:50  230,326/1,000,000  10.7/s  upd=5136  L=0.0302  D=1.923
[regir_untied4] 6:00:02  230,643/1,000,000  10.7/s  upd=5140  L=0.0436  D=1.923
[regir_untied4] 6:00:14  230,643/1,000,000  10.7/s  upd=5144  L=0.0350  D=1.923
[regir_untied4] 6:00:25  231,021/1,000,000  10.7/s  upd=5146  L=0.0294  D=1.923
[regir_untied4] 6:00:37  231,021/1,000,000  10.7/s  upd=5150  L=0.0289  D=1.923
[regir_untied4] 6:00:47  231,021/1,000,000  10.7/s  upd=5152  L=0.0270  D=1.923
[regir_untied4] 6:00:59  231,307/1,000,000  10.7/s  upd=5156  L=0.0447  D=1.923
[regir_untied4] 6:01:11  231,307/1,000,000  10.7/s  upd=5160  L=0.0441  D=1.923
[regir_untied4] 6:01:24  231,631/1,000,000  10.7/s  upd=5162  L=0.0368  D=1.923
[regir_untied4] 6:01:35  231,631/1,000,000  10.7/s  upd=5167  L=0.0445  D=1.923
[regir_untied4] 6:01:45  231,631/1,000,000  10.7/s  upd=5168  L=0.0394  D=1.923
[regir_untied4] 6:01:56  232,041/1,000,000  10.7/s  upd=5171  L=0.0295  D=1.923
[regir_untied4] 6:02:07  232,041/1,000,000  10.7/s  upd=5175  L=0.0385  D=1.923
[regir_untied4] 6:02:17  232,041/1,000,000  10.7/s  upd=5176  L=0.0585  D=1.923
[regir_untied4] 6:02:30  232,364/1,000,000  10.7/s  upd=5180  L=0.0325  D=1.923
[regir_untied4] 6:02:43  232,364/1,000,000  10.7/s  upd=5184  L=0.0414  D=1.923
[regir_untied4] saved resume t_env=232,364
[regir_untied4] 6:02:54  232,642/1,000,000  10.7/s  upd=5185  L=0.0359  D=1.923
[regir_untied4] 6:03:05  232,642/1,000,000  10.7/s  upd=5189  L=0.0365  D=1.923
[regir_untied4] 6:03:15  232,642/1,000,000  10.7/s  upd=5192  L=0.0489  D=1.923
[regir_untied4] 6:03:28  232,934/1,000,000  10.7/s  upd=5194  L=0.0332  D=1.923
[regir_untied4] 6:03:40  232,934/1,000,000  10.7/s  upd=5198  L=0.0290  D=1.923
[regir_untied4] 6:03:50  232,934/1,000,000  10.7/s  upd=5200  L=0.0303  D=1.923
[regir_untied4] 6:04:01  233,212/1,000,000  10.7/s  upd=5204  L=0.0392  D=1.923
[regir_untied4] 6:04:12  233,212/1,000,000  10.7/s  upd=5208  L=0.0641  D=1.923
[regir_untied4] 6:04:23  233,212/1,000,000  10.7/s  upd=5208  L=0.0641  D=1.923
[regir_untied4] 6:04:35  233,573/1,000,000  10.7/s  upd=5213  L=0.0362  D=1.923
[regir_untied4] 6:04:46  233,573/1,000,000  10.7/s  upd=5216  L=0.0383  D=1.923
[regir_untied4] 6:04:58  233,898/1,000,000  10.7/s  upd=5218  L=0.0407  D=1.923
[regir_untied4] 6:05:10  233,898/1,000,000  10.7/s  upd=5222  L=0.0356  D=1.923
[regir_untied4] 6:05:20  233,898/1,000,000  10.7/s  upd=5224  L=0.0445  D=1.923
[regir_untied4] 6:05:31  234,211/1,000,000  10.7/s  upd=5228  L=0.0296  D=1.923
[regir_untied4] 6:05:41  234,211/1,000,000  10.7/s  upd=5232  L=0.0601  D=1.923
[regir_untied4] 6:05:54  234,524/1,000,000  10.7/s  upd=5234  L=0.0347  D=1.923
[regir_untied4] 6:06:04  234,524/1,000,000  10.7/s  upd=5238  L=0.0269  D=1.923
[regir_untied4] 6:06:14  234,524/1,000,000  10.7/s  upd=5240  L=0.0420  D=1.923
[regir_untied4] 6:06:26  234,873/1,000,000  10.7/s  upd=5243  L=0.0354  D=1.923
[regir_untied4] 6:06:39  234,873/1,000,000  10.7/s  upd=5247  L=0.0249  D=1.923
[regir_untied4] 6:06:49  234,873/1,000,000  10.7/s  upd=5248  L=0.0370  D=1.923
[regir_untied4] 6:07:00  235,206/1,000,000  10.7/s  upd=5252  L=0.0343  D=1.923
[regir_untied4] 6:07:13  235,206/1,000,000  10.7/s  upd=5256  L=0.0656  D=1.923
[regir_untied4] 6:07:25  235,581/1,000,000  10.7/s  upd=5257  L=0.0387  D=1.923
[regir_untied4] 6:07:37  235,581/1,000,000  10.7/s  upd=5261  L=0.0326  D=1.923
[regir_untied4] 6:07:47  235,581/1,000,000  10.7/s  upd=5264  L=0.0392  D=1.923
[regir_untied4] 6:07:59  235,959/1,000,000  10.7/s  upd=5265  L=0.0444  D=1.923
[regir_untied4] 6:08:12  235,959/1,000,000  10.7/s  upd=5270  L=0.0579  D=1.923
[regir_untied4] 6:08:22  235,959/1,000,000  10.7/s  upd=5272  L=0.0456  D=1.923
[regir_untied4] 6:08:33  236,369/1,000,000  10.7/s  upd=5273  L=0.0364  D=1.923
[regir_untied4] 6:08:44  236,369/1,000,000  10.7/s  upd=5279  L=0.0352  D=1.923
[regir_untied4] 6:08:54  236,369/1,000,000  10.7/s  upd=5280  L=0.0355  D=1.923
[regir_untied4] 6:09:05  236,732/1,000,000  10.7/s  upd=5285  L=0.0301  D=1.923
[regir_untied4] 6:09:15  236,732/1,000,000  10.7/s  upd=5288  L=0.0280  D=1.923
[regir_untied4] 6:09:26  237,028/1,000,000  10.7/s  upd=5293  L=0.0500  D=1.923
[regir_untied4] 6:09:36  237,028/1,000,000  10.7/s  upd=5296  L=0.0345  D=1.923
[regir_untied4] 6:09:48  237,337/1,000,000  10.7/s  upd=5301  L=0.0363  D=1.923
[regir_untied4] 6:09:59  237,628/1,000,000  10.7/s  upd=5305  L=0.0377  D=1.923
[regir_untied4] 6:10:11  237,628/1,000,000  10.7/s  upd=5310  L=0.0669  D=1.923
[regir_untied4] 6:10:21  237,628/1,000,000  10.7/s  upd=5312  L=0.0384  D=1.923
[regir_untied4] 6:10:32  237,997/1,000,000  10.7/s  upd=5316  L=0.0308  D=1.923
[regir_untied4] 6:10:42  237,997/1,000,000  10.7/s  upd=5320  L=0.0362  D=1.923
[regir_untied4] 6:10:53  238,313/1,000,000  10.7/s  upd=5323  L=0.0407  D=1.923
[regir_untied4] 6:11:06  238,313/1,000,000  10.7/s  upd=5327  L=0.0421  D=1.923
[regir_untied4] 6:11:17  238,606/1,000,000  10.7/s  upd=5329  L=0.0507  D=1.923
[regir_untied4] 6:11:28  238,606/1,000,000  10.7/s  upd=5333  L=0.0415  D=1.923
[regir_untied4] 6:11:39  238,606/1,000,000  10.7/s  upd=5336  L=0.0289  D=1.923
[regir_untied4] 6:11:51  238,937/1,000,000  10.7/s  upd=5338  L=0.0280  D=1.923
[regir_untied4] 6:12:02  238,937/1,000,000  10.7/s  upd=5341  L=0.0405  D=1.923
[regir_untied4] 6:12:13  238,937/1,000,000  10.7/s  upd=5344  L=0.0426  D=1.923
[regir_untied4] 6:12:25  239,232/1,000,000  10.7/s  upd=5347  L=0.0457  D=1.923
[regir_untied4] 6:12:37  239,232/1,000,000  10.7/s  upd=5351  L=0.0236  D=1.923
[regir_untied4] 6:12:49  239,526/1,000,000  10.7/s  upd=5354  L=0.0507  D=1.923
[regir_untied4] 6:13:02  239,526/1,000,000  10.7/s  upd=5358  L=0.0471  D=1.923
[regir_untied4] saved resume t_env=239,526
[regir_untied4] 6:13:13  239,526/1,000,000  10.7/s  upd=5360  L=0.0338  D=1.923
[regir_untied4] 6:13:24  239,813/1,000,000  10.7/s  upd=5363  L=0.0377  D=1.923
[regir_untied4] 6:13:34  239,813/1,000,000  10.7/s  upd=5368  L=0.0303  D=1.923
[regir_untied4] 6:13:47  240,111/1,000,000  10.7/s  upd=5371  L=0.0358  D=1.923
[regir_untied4] saved resume t_env=240,111
[regir_untied4] 6:14:01  240,111/1,000,000  10.7/s  upd=5376  L=0.0594  ev=0/100  D=1.923
[regir_untied4] 6:14:11  240,111/1,000,000  10.7/s  upd=5376  L=0.0594  ev=12/100  D=1.923
[regir_untied4] 6:14:21  240,111/1,000,000  10.7/s  upd=5376  L=0.0594  ev=24/100  D=1.923
[regir_untied4] 6:14:31  240,111/1,000,000  10.7/s  upd=5376  L=0.0594  ev=32/100  D=1.923
[regir_untied4] 6:14:41  240,111/1,000,000  10.7/s  upd=5376  L=0.0594  ev=47/100  D=1.923
[regir_untied4] 6:14:51  240,111/1,000,000  10.7/s  upd=5376  L=0.0594  ev=55/100  D=1.923
[regir_untied4] 6:15:02  240,111/1,000,000  10.7/s  upd=5376  L=0.0594  ev=63/100  D=1.923
[regir_untied4] 6:15:12  240,111/1,000,000  10.7/s  upd=5376  L=0.0594  ev=68/100  D=1.923
[regir_untied4] 6:15:22  240,111/1,000,000  10.7/s  upd=5376  L=0.0594  ev=72/100  D=1.923
[regir_untied4] 6:15:32  240,111/1,000,000  10.7/s  upd=5376  L=0.0594  ev=80/100  D=1.923
[regir_untied4] 6:15:42  240,111/1,000,000  10.7/s  upd=5376  L=0.0594  ev=88/100  D=1.923
[regir_untied4] 6:15:52  240,111/1,000,000  10.6/s  upd=5376  L=0.0594  ev=95/100  D=1.923
[regir_untied4] 6:16:02  240,111/1,000,000  10.6/s  upd=5376  L=0.0594  ev=99/100  D=1.923
[regir_untied4] 6:16:12  240,111/1,000,000  10.6/s  upd=5376  L=0.0594  D=3.251
[regir_untied4] 6:16:25  240,482/1,000,000  10.6/s  upd=5380  L=0.1457  D=3.251
[regir_untied4] 6:16:35  240,482/1,000,000  10.6/s  upd=5384  L=0.0574  D=3.251
[regir_untied4] 6:16:47  240,806/1,000,000  10.7/s  upd=5387  L=0.0361  D=3.251
[regir_untied4] 6:16:58  240,806/1,000,000  10.6/s  upd=5391  L=0.0408  D=3.251
[regir_untied4] 6:17:09  241,173/1,000,000  10.7/s  upd=5393  L=0.0289  D=3.251
[regir_untied4] 6:17:22  241,173/1,000,000  10.7/s  upd=5398  L=0.0244  D=3.251
[regir_untied4] 6:17:33  241,173/1,000,000  10.6/s  upd=5400  L=0.0368  D=3.251
[regir_untied4] 6:17:45  241,532/1,000,000  10.7/s  upd=5402  L=0.0350  D=3.251
[regir_untied4] 6:17:56  241,532/1,000,000  10.7/s  upd=5406  L=0.0320  D=3.251
[regir_untied4] 6:18:06  241,532/1,000,000  10.6/s  upd=5408  L=0.0267  D=3.251
[regir_untied4] 6:18:18  241,898/1,000,000  10.7/s  upd=5410  L=0.0443  D=3.251
[regir_untied4] 6:18:30  241,898/1,000,000  10.7/s  upd=5415  L=0.0340  D=3.251
[regir_untied4] 6:18:41  242,196/1,000,000  10.7/s  upd=5419  L=0.0309  D=3.251
[regir_untied4] 6:18:52  242,196/1,000,000  10.7/s  upd=5423  L=0.0267  D=3.251
[regir_untied4] 6:19:02  242,196/1,000,000  10.6/s  upd=5424  L=0.0450  D=3.251
[regir_untied4] 6:19:15  242,562/1,000,000  10.7/s  upd=5429  L=0.0385  D=3.251
[regir_untied4] 6:19:25  242,562/1,000,000  10.7/s  upd=5432  L=0.0321  D=3.251
[regir_untied4] 6:19:37  242,878/1,000,000  10.7/s  upd=5434  L=0.0544  D=3.251
[regir_untied4] 6:19:48  242,878/1,000,000  10.7/s  upd=5438  L=0.0506  D=3.251
[regir_untied4] 6:19:58  242,878/1,000,000  10.7/s  upd=5440  L=0.0394  D=3.251
[regir_untied4] 6:20:10  243,157/1,000,000  10.7/s  upd=5444  L=0.0293  D=3.251
[regir_untied4] 6:20:20  243,157/1,000,000  10.7/s  upd=5448  L=0.0287  D=3.251
[regir_untied4] 6:20:30  243,157/1,000,000  10.7/s  upd=5448  L=0.0287  D=3.251
[regir_untied4] 6:20:40  243,533/1,000,000  10.7/s  upd=5452  L=0.0392  D=3.251
[regir_untied4] 6:20:52  243,533/1,000,000  10.7/s  upd=5456  L=0.0245  D=3.251
[regir_untied4] 6:21:02  243,533/1,000,000  10.7/s  upd=5456  L=0.0245  D=3.251
[regir_untied4] 6:21:14  243,882/1,000,000  10.7/s  upd=5461  L=0.0408  D=3.251
[regir_untied4] 6:21:25  243,882/1,000,000  10.7/s  upd=5464  L=0.0365  D=3.251
[regir_untied4] 6:21:36  244,181/1,000,000  10.7/s  upd=5466  L=0.0556  D=3.251
[regir_untied4] 6:21:47  244,181/1,000,000  10.7/s  upd=5470  L=0.0417  D=3.251
[regir_untied4] 6:21:57  244,181/1,000,000  10.7/s  upd=5472  L=0.0366  D=3.251
[regir_untied4] 6:22:08  244,439/1,000,000  10.7/s  upd=5475  L=0.0290  D=3.251
[regir_untied4] 6:22:19  244,439/1,000,000  10.7/s  upd=5479  L=0.0250  D=3.251
[regir_untied4] 6:22:29  244,739/1,000,000  10.7/s  upd=5481  L=0.0513  D=3.251
[regir_untied4] 6:22:41  244,739/1,000,000  10.7/s  upd=5486  L=0.0520  D=3.251
[regir_untied4] 6:22:51  244,739/1,000,000  10.7/s  upd=5488  L=0.0373  D=3.251
[regir_untied4] 6:23:03  245,033/1,000,000  10.7/s  upd=5491  L=0.0242  D=3.251
[regir_untied4] 6:23:15  245,033/1,000,000  10.7/s  upd=5496  L=0.0575  D=3.251
[regir_untied4] 6:23:26  245,353/1,000,000  10.7/s  upd=5498  L=0.0269  D=3.251
[regir_untied4] 6:23:38  245,353/1,000,000  10.7/s  upd=5503  L=0.0336  D=3.251
[regir_untied4] 6:23:49  245,353/1,000,000  10.7/s  upd=5504  L=0.0176  D=3.251
[regir_untied4] 6:24:01  245,679/1,000,000  10.7/s  upd=5509  L=0.0399  D=3.251
[regir_untied4] saved resume t_env=245,679
[regir_untied4] 6:24:12  245,679/1,000,000  10.7/s  upd=5512  L=0.0378  D=3.251
[regir_untied4] 6:24:22  245,982/1,000,000  10.7/s  upd=5513  L=0.0398  D=3.251
[regir_untied4] 6:24:35  245,982/1,000,000  10.7/s  upd=5519  L=0.0343  D=3.251
[regir_untied4] 6:24:45  245,982/1,000,000  10.7/s  upd=5520  L=0.0325  D=3.251
[regir_untied4] 6:24:57  246,258/1,000,000  10.7/s  upd=5525  L=0.0254  D=3.251
[regir_untied4] 6:25:07  246,258/1,000,000  10.7/s  upd=5528  L=0.0450  D=3.251
[regir_untied4] 6:25:17  246,561/1,000,000  10.7/s  upd=5529  L=0.0238  D=3.251
[regir_untied4] 6:25:29  246,561/1,000,000  10.7/s  upd=5533  L=0.0289  D=3.251
[regir_untied4] 6:25:39  246,561/1,000,000  10.7/s  upd=5536  L=0.0287  D=3.251
[regir_untied4] 6:25:50  246,882/1,000,000  10.7/s  upd=5539  L=0.0442  D=3.251
[regir_untied4] 6:26:01  246,882/1,000,000  10.7/s  upd=5542  L=0.0338  D=3.251
[regir_untied4] 6:26:11  246,882/1,000,000  10.7/s  upd=5544  L=0.0426  D=3.251
[regir_untied4] 6:26:22  247,195/1,000,000  10.7/s  upd=5547  L=0.0401  D=3.251
[regir_untied4] 6:26:36  247,195/1,000,000  10.7/s  upd=5551  L=0.0216  D=3.251
[regir_untied4] 6:26:47  247,506/1,000,000  10.7/s  upd=5553  L=0.0490  D=3.251
[regir_untied4] 6:27:00  247,506/1,000,000  10.7/s  upd=5557  L=0.0416  D=3.251
[regir_untied4] 6:27:10  247,506/1,000,000  10.7/s  upd=5560  L=0.0584  D=3.251
[regir_untied4] 6:27:20  247,772/1,000,000  10.7/s  upd=5565  L=0.0369  D=3.251
[regir_untied4] 6:27:30  247,772/1,000,000  10.7/s  upd=5568  L=0.0287  D=3.251
[regir_untied4] 6:27:41  248,147/1,000,000  10.7/s  upd=5570  L=0.0498  D=3.251
[regir_untied4] 6:27:52  248,147/1,000,000  10.7/s  upd=5575  L=0.0397  D=3.251
[regir_untied4] 6:28:03  248,147/1,000,000  10.7/s  upd=5576  L=0.0331  D=3.251
[regir_untied4] 6:28:13  248,457/1,000,000  10.7/s  upd=5580  L=0.0368  D=3.251
[regir_untied4] 6:28:25  248,457/1,000,000  10.7/s  upd=5584  L=0.0427  D=3.251
[regir_untied4] 6:28:36  248,754/1,000,000  10.7/s  upd=5585  L=0.0429  D=3.251
[regir_untied4] 6:28:48  248,754/1,000,000  10.7/s  upd=5591  L=0.0269  D=3.251
[regir_untied4] 6:28:58  248,754/1,000,000  10.7/s  upd=5592  L=0.0270  D=3.251
[regir_untied4] 6:29:09  249,104/1,000,000  10.7/s  upd=5595  L=0.0377  D=3.251
[regir_untied4] 6:29:19  249,104/1,000,000  10.7/s  upd=5599  L=0.0267  D=3.251
[regir_untied4] 6:29:29  249,104/1,000,000  10.7/s  upd=5600  L=0.0487  D=3.251
[regir_untied4] 6:29:40  249,422/1,000,000  10.7/s  upd=5604  L=0.0417  D=3.251
[regir_untied4] 6:29:50  249,422/1,000,000  10.7/s  upd=5607  L=0.0329  D=3.251
[regir_untied4] 6:30:00  249,422/1,000,000  10.7/s  upd=5608  L=0.0384  D=3.251
[regir_untied4] 6:30:11  249,672/1,000,000  10.7/s  upd=5613  L=0.0321  D=3.251
[regir_untied4] 6:30:21  249,672/1,000,000  10.7/s  upd=5616  L=0.0205  D=3.251
[regir_untied4] 6:30:32  249,672/1,000,000  10.7/s  upd=5616  L=0.0205  D=3.251
[regir_untied4] 6:30:43  249,951/1,000,000  10.7/s  upd=5621  L=0.0393  D=3.251
[regir_untied4] 6:30:54  249,951/1,000,000  10.7/s  upd=5624  L=0.0431  D=3.251
[regir_untied4] 6:31:05  250,284/1,000,000  10.7/s  upd=5625  L=0.0381  D=3.251
[regir_untied4] 6:31:15  250,284/1,000,000  10.7/s  upd=5630  L=0.0560  D=3.251
[regir_untied4] 6:31:25  250,284/1,000,000  10.7/s  upd=5632  L=0.0337  D=3.251
[regir_untied4] 6:31:38  250,578/1,000,000  10.7/s  upd=5636  L=0.0409  D=3.251
[regir_untied4] 6:31:48  250,578/1,000,000  10.7/s  upd=5640  L=0.0320  D=3.251
[regir_untied4] 6:31:59  250,895/1,000,000  10.7/s  upd=5641  L=0.0392  D=3.251
[regir_untied4] 6:32:09  250,895/1,000,000  10.7/s  upd=5645  L=0.0356  D=3.251
[regir_untied4] 6:32:20  250,895/1,000,000  10.7/s  upd=5648  L=0.0380  D=3.251
[regir_untied4] 6:32:30  250,895/1,000,000  10.7/s  upd=5648  L=0.0380  D=3.251
[regir_untied4] 6:32:41  251,267/1,000,000  10.7/s  upd=5651  L=0.0479  D=3.251
[regir_untied4] 6:32:52  251,267/1,000,000  10.7/s  upd=5655  L=0.0387  D=3.251
[regir_untied4] 6:33:02  251,267/1,000,000  10.7/s  upd=5656  L=0.0337  D=3.251
[regir_untied4] 6:33:12  251,661/1,000,000  10.7/s  upd=5658  L=0.0495  D=3.251
[regir_untied4] 6:33:24  251,661/1,000,000  10.7/s  upd=5663  L=0.0402  D=3.251
[regir_untied4] 6:33:36  251,976/1,000,000  10.7/s  upd=5665  L=0.0282  D=3.251
[regir_untied4] 6:33:48  251,976/1,000,000  10.7/s  upd=5670  L=0.0533  D=3.251
[regir_untied4] 6:34:01  252,267/1,000,000  10.7/s  upd=5673  L=0.0349  D=3.251
[regir_untied4] 6:34:12  252,267/1,000,000  10.7/s  upd=5677  L=0.0279  D=3.251
[regir_untied4] saved resume t_env=252,267
[regir_untied4] 6:34:24  252,267/1,000,000  10.7/s  upd=5680  L=0.0348  D=3.251
[regir_untied4] 6:34:37  252,578/1,000,000  10.7/s  upd=5681  L=0.0328  D=3.251
[regir_untied4] 6:34:47  252,578/1,000,000  10.7/s  upd=5684  L=0.0248  D=3.251
[regir_untied4] 6:34:57  252,578/1,000,000  10.7/s  upd=5688  L=0.0437  D=3.251
[regir_untied4] 6:35:07  252,578/1,000,000  10.7/s  upd=5688  L=0.0437  D=3.251
[regir_untied4] 6:35:17  252,917/1,000,000  10.7/s  upd=5692  L=0.0597  D=3.251
[regir_untied4] 6:35:27  252,917/1,000,000  10.7/s  upd=5696  L=0.0409  D=3.251
[regir_untied4] 6:35:40  253,257/1,000,000  10.7/s  upd=5697  L=0.0385  D=3.251
[regir_untied4] 6:35:53  253,257/1,000,000  10.7/s  upd=5703  L=0.0375  D=3.251
[regir_untied4] 6:36:03  253,257/1,000,000  10.7/s  upd=5704  L=0.0297  D=3.251
[regir_untied4] 6:36:15  253,567/1,000,000  10.7/s  upd=5706  L=0.0299  D=3.251
[regir_untied4] 6:36:29  253,567/1,000,000  10.7/s  upd=5712  L=0.0375  D=3.251
[regir_untied4] 6:36:39  253,567/1,000,000  10.7/s  upd=5712  L=0.0375  D=3.251
[regir_untied4] 6:36:49  253,864/1,000,000  10.7/s  upd=5716  L=0.0377  D=3.251
[regir_untied4] 6:36:59  253,864/1,000,000  10.7/s  upd=5720  L=0.0425  D=3.251
[regir_untied4] 6:37:10  254,159/1,000,000  10.7/s  upd=5722  L=0.0274  D=3.251
[regir_untied4] 6:37:23  254,159/1,000,000  10.7/s  upd=5727  L=0.0249  D=3.251
[regir_untied4] 6:37:33  254,159/1,000,000  10.7/s  upd=5728  L=0.0270  D=3.251
[regir_untied4] 6:37:45  254,504/1,000,000  10.7/s  upd=5732  L=0.0286  D=3.251
[regir_untied4] 6:37:55  254,504/1,000,000  10.7/s  upd=5736  L=0.0263  D=3.251
[regir_untied4] 6:38:06  254,809/1,000,000  10.7/s  upd=5737  L=0.0236  D=3.251
[regir_untied4] 6:38:17  254,809/1,000,000  10.7/s  upd=5741  L=0.0320  D=3.251
[regir_untied4] 6:38:27  254,809/1,000,000  10.7/s  upd=5744  L=0.0375  D=3.251
[regir_untied4] 6:38:41  255,158/1,000,000  10.7/s  upd=5745  L=0.0388  D=3.251
[regir_untied4] 6:38:52  255,158/1,000,000  10.7/s  upd=5749  L=0.0293  D=3.251
[regir_untied4] 6:39:02  255,158/1,000,000  10.7/s  upd=5752  L=0.0251  D=3.251
[regir_untied4] 6:39:13  255,454/1,000,000  10.7/s  upd=5755  L=0.0274  D=3.251
[regir_untied4] 6:39:24  255,454/1,000,000  10.7/s  upd=5759  L=0.0357  D=3.251
[regir_untied4] 6:39:35  255,760/1,000,000  10.7/s  upd=5762  L=0.0393  D=3.251
[regir_untied4] 6:39:45  255,760/1,000,000  10.7/s  upd=5765  L=0.0512  D=3.251
[regir_untied4] 6:39:55  255,760/1,000,000  10.7/s  upd=5768  L=0.0582  D=3.251
[regir_untied4] 6:40:06  256,085/1,000,000  10.7/s  upd=5772  L=0.0414  D=3.251
[regir_untied4] 6:40:16  256,085/1,000,000  10.7/s  upd=5776  L=0.0300  D=3.251
[regir_untied4] 6:40:28  256,400/1,000,000  10.7/s  upd=5778  L=0.0342  D=3.251
[regir_untied4] 6:40:40  256,400/1,000,000  10.7/s  upd=5783  L=0.0377  D=3.251
[regir_untied4] 6:40:50  256,400/1,000,000  10.7/s  upd=5784  L=0.0249  D=3.251
[regir_untied4] 6:41:02  256,688/1,000,000  10.7/s  upd=5788  L=0.0270  D=3.251
[regir_untied4] 6:41:12  256,688/1,000,000  10.7/s  upd=5792  L=0.0344  D=3.251
[regir_untied4] 6:41:24  256,971/1,000,000  10.7/s  upd=5796  L=0.0304  D=3.251
[regir_untied4] 6:41:34  256,971/1,000,000  10.7/s  upd=5800  L=0.0533  D=3.251
[regir_untied4] 6:41:44  257,280/1,000,000  10.7/s  upd=5803  L=0.0445  D=3.251
[regir_untied4] 6:41:54  257,280/1,000,000  10.7/s  upd=5808  L=0.0276  D=3.251
[regir_untied4] 6:42:05  257,565/1,000,000  10.7/s  upd=5811  L=0.0238  D=3.251
[regir_untied4] 6:42:16  257,565/1,000,000  10.7/s  upd=5815  L=0.0348  D=3.251
[regir_untied4] 6:42:26  257,860/1,000,000  10.7/s  upd=5817  L=0.0405  D=3.251
[regir_untied4] 6:42:36  257,860/1,000,000  10.7/s  upd=5822  L=0.0344  D=3.251
[regir_untied4] 6:42:46  257,860/1,000,000  10.7/s  upd=5824  L=0.0367  D=3.251
[regir_untied4] 6:42:57  258,219/1,000,000  10.7/s  upd=5829  L=0.0441  D=3.251
[regir_untied4] 6:43:07  258,219/1,000,000  10.7/s  upd=5832  L=0.0475  D=3.251
[regir_untied4] 6:43:19  258,463/1,000,000  10.7/s  upd=5836  L=0.0303  D=3.251
[regir_untied4] 6:43:29  258,463/1,000,000  10.7/s  upd=5840  L=0.0405  D=3.251
[regir_untied4] 6:43:40  258,755/1,000,000  10.7/s  upd=5845  L=0.0377  D=3.251
[regir_untied4] 6:43:50  258,755/1,000,000  10.7/s  upd=5848  L=0.0171  D=3.251
[regir_untied4] 6:44:02  259,063/1,000,000  10.7/s  upd=5851  L=0.0300  D=3.251
[regir_untied4] 6:44:13  259,063/1,000,000  10.7/s  upd=5855  L=0.0372  D=3.251
[regir_untied4] 6:44:23  259,063/1,000,000  10.7/s  upd=5856  L=0.0359  D=3.251
[regir_untied4] 6:44:36  259,392/1,000,000  10.7/s  upd=5861  L=0.0425  D=3.251
[regir_untied4] saved resume t_env=259,392
[regir_untied4] 6:44:46  259,392/1,000,000  10.7/s  upd=5864  L=0.0307  D=3.251
[regir_untied4] 6:44:56  259,700/1,000,000  10.7/s  upd=5866  L=0.0366  D=3.251
[regir_untied4] 6:45:08  259,700/1,000,000  10.7/s  upd=5872  L=0.0320  D=3.251
[regir_untied4] 6:45:20  260,067/1,000,000  10.7/s  upd=5874  L=0.0306  D=3.251
[regir_untied4] 6:45:30  260,067/1,000,000  10.7/s  upd=5878  L=0.0325  D=3.251
[regir_untied4] saved resume t_env=260,067
[regir_untied4] 6:45:40  260,067/1,000,000  10.7/s  upd=5880  L=0.0407  ev=0/100  D=3.251
[regir_untied4] 6:45:50  260,067/1,000,000  10.7/s  upd=5880  L=0.0407  ev=10/100  D=3.251
[regir_untied4] 6:46:01  260,067/1,000,000  10.7/s  upd=5880  L=0.0407  ev=31/100  D=3.251
[regir_untied4] 6:46:11  260,067/1,000,000  10.7/s  upd=5880  L=0.0407  ev=41/100  D=3.251
[regir_untied4] 6:46:21  260,067/1,000,000  10.7/s  upd=5880  L=0.0407  ev=56/100  D=3.251
[regir_untied4] 6:46:31  260,067/1,000,000  10.7/s  upd=5880  L=0.0407  ev=71/100  D=3.251
[regir_untied4] 6:46:41  260,067/1,000,000  10.7/s  upd=5880  L=0.0407  ev=80/100  D=3.251
[regir_untied4] 6:46:51  260,067/1,000,000  10.7/s  upd=5880  L=0.0407  ev=88/100  D=3.251
[regir_untied4] 6:47:01  260,067/1,000,000  10.6/s  upd=5880  L=0.0407  ev=97/100  D=3.251
[regir_untied4] 6:47:12  260,389/1,000,000  10.7/s  upd=5881  L=0.0449  D=1.663
[regir_untied4] 6:47:23  260,389/1,000,000  10.7/s  upd=5885  L=0.0435  D=1.663
[regir_untied4] 6:47:33  260,389/1,000,000  10.6/s  upd=5888  L=0.0324  D=1.663
[regir_untied4] 6:47:43  260,698/1,000,000  10.7/s  upd=5890  L=0.0374  D=1.663
[regir_untied4] 6:47:56  260,698/1,000,000  10.7/s  upd=5895  L=0.0371  D=1.663
[regir_untied4] 6:48:07  261,002/1,000,000  10.7/s  upd=5898  L=0.0333  D=1.663
[regir_untied4] 6:48:18  261,002/1,000,000  10.7/s  upd=5901  L=0.0261  D=1.663
[regir_untied4] 6:48:28  261,002/1,000,000  10.6/s  upd=5904  L=0.0401  D=1.663
[regir_untied4] 6:48:38  261,285/1,000,000  10.7/s  upd=5906  L=0.0266  D=1.663
[regir_untied4] 6:48:50  261,285/1,000,000  10.7/s  upd=5910  L=0.0331  D=1.663
[regir_untied4] 6:49:00  261,630/1,000,000  10.7/s  upd=5914  L=0.0545  D=1.663
[regir_untied4] 6:49:11  261,630/1,000,000  10.7/s  upd=5918  L=0.0547  D=1.663
[regir_untied4] 6:49:21  261,630/1,000,000  10.7/s  upd=5920  L=0.0266  D=1.663
[regir_untied4] 6:49:31  261,972/1,000,000  10.7/s  upd=5923  L=0.0350  D=1.663
[regir_untied4] 6:49:44  261,972/1,000,000  10.7/s  upd=5927  L=0.0318  D=1.663
[regir_untied4] 6:49:55  262,248/1,000,000  10.7/s  upd=5929  L=0.0458  D=1.663
[regir_untied4] 6:50:05  262,248/1,000,000  10.7/s  upd=5933  L=0.0367  D=1.663
[regir_untied4] 6:50:15  262,248/1,000,000  10.7/s  upd=5936  L=0.0351  D=1.663
[regir_untied4] 6:50:27  262,519/1,000,000  10.7/s  upd=5939  L=0.0240  D=1.663
[regir_untied4] 6:50:40  262,519/1,000,000  10.7/s  upd=5944  L=0.0401  D=1.663
[regir_untied4] 6:50:50  262,857/1,000,000  10.7/s  upd=5945  L=0.0310  D=1.663
[regir_untied4] 6:51:02  262,857/1,000,000  10.7/s  upd=5950  L=0.0398  D=1.663
[regir_untied4] 6:51:12  262,857/1,000,000  10.7/s  upd=5952  L=0.0326  D=1.663
[regir_untied4] 6:51:22  263,148/1,000,000  10.7/s  upd=5955  L=0.0320  D=1.663
[regir_untied4] 6:51:34  263,148/1,000,000  10.7/s  upd=5960  L=0.0273  D=1.663
[regir_untied4] 6:51:44  263,469/1,000,000  10.7/s  upd=5962  L=0.0365  D=1.663
[regir_untied4] 6:51:55  263,469/1,000,000  10.7/s  upd=5966  L=0.0229  D=1.663
[regir_untied4] 6:52:06  263,469/1,000,000  10.7/s  upd=5968  L=0.0424  D=1.663
[regir_untied4] 6:52:17  263,792/1,000,000  10.7/s  upd=5970  L=0.0326  D=1.663
[regir_untied4] 6:52:28  263,792/1,000,000  10.7/s  upd=5973  L=0.0236  D=1.663
[regir_untied4] 6:52:38  263,792/1,000,000  10.7/s  upd=5976  L=0.0428  D=1.663
[regir_untied4] 6:52:49  264,090/1,000,000  10.7/s  upd=5979  L=0.0335  D=1.663
[regir_untied4] 6:53:00  264,090/1,000,000  10.7/s  upd=5983  L=0.0823  D=1.663
[regir_untied4] 6:53:10  264,090/1,000,000  10.7/s  upd=5984  L=0.0435  D=1.663
[regir_untied4] 6:53:21  264,409/1,000,000  10.7/s  upd=5988  L=0.0259  D=1.663
[regir_untied4] 6:53:31  264,409/1,000,000  10.7/s  upd=5992  L=0.0543  D=1.663
[regir_untied4] 6:53:42  264,714/1,000,000  10.7/s  upd=5993  L=0.0425  D=1.663
[regir_untied4] 6:53:54  264,714/1,000,000  10.7/s  upd=5999  L=0.0445  D=1.663
[regir_untied4] 6:54:05  264,714/1,000,000  10.7/s  upd=6000  L=0.0388  D=1.663
[regir_untied4] 6:54:15  265,014/1,000,000  10.7/s  upd=6003  L=0.0458  D=1.663
[regir_untied4] 6:54:26  265,014/1,000,000  10.7/s  upd=6008  L=0.0450  D=1.663
[regir_untied4] 6:54:36  265,298/1,000,000  10.7/s  upd=6009  L=0.0312  D=1.663
[regir_untied4] 6:54:47  265,298/1,000,000  10.7/s  upd=6013  L=0.0507  D=1.663
[regir_untied4] 6:54:57  265,298/1,000,000  10.7/s  upd=6016  L=0.0309  D=1.663
[regir_untied4] 6:55:07  265,619/1,000,000  10.7/s  upd=6019  L=0.0252  D=1.663
[regir_untied4] 6:55:18  265,619/1,000,000  10.7/s  upd=6024  L=0.0572  D=1.663
[regir_untied4] 6:55:30  265,923/1,000,000  10.7/s  upd=6026  L=0.0732  D=1.663
[regir_untied4] 6:55:41  265,923/1,000,000  10.7/s  upd=6031  L=0.0383  D=1.663
[regir_untied4] saved resume t_env=265,923
[regir_untied4] 6:55:51  265,923/1,000,000  10.7/s  upd=6032  L=0.0389  D=1.663
[regir_untied4] 6:56:03  266,237/1,000,000  10.7/s  upd=6036  L=0.0292  D=1.663
[regir_untied4] 6:56:14  266,237/1,000,000  10.7/s  upd=6040  L=0.0289  D=1.663
[regir_untied4] 6:56:26  266,545/1,000,000  10.7/s  upd=6041  L=0.0385  D=1.663
[regir_untied4] 6:56:38  266,545/1,000,000  10.7/s  upd=6046  L=0.0357  D=1.663
[regir_untied4] 6:56:48  266,545/1,000,000  10.7/s  upd=6048  L=0.0365  D=1.663
[regir_untied4] 6:56:59  266,819/1,000,000  10.7/s  upd=6053  L=0.0279  D=1.663
[regir_untied4] 6:57:09  266,819/1,000,000  10.7/s  upd=6056  L=0.0429  D=1.663
[regir_untied4] 6:57:19  267,120/1,000,000  10.7/s  upd=6057  L=0.0393  D=1.663
[regir_untied4] 6:57:30  267,120/1,000,000  10.7/s  upd=6061  L=0.0255  D=1.663
[regir_untied4] 6:57:40  267,120/1,000,000  10.7/s  upd=6064  L=0.0385  D=1.663
[regir_untied4] 6:57:51  267,391/1,000,000  10.7/s  upd=6067  L=0.0354  D=1.663
[regir_untied4] 6:58:02  267,391/1,000,000  10.7/s  upd=6071  L=0.0221  D=1.663
[regir_untied4] 6:58:12  267,663/1,000,000  10.7/s  upd=6074  L=0.0490  D=1.663
[regir_untied4] 6:58:22  267,663/1,000,000  10.7/s  upd=6077  L=0.0370  D=1.663
[regir_untied4] 6:58:32  267,663/1,000,000  10.7/s  upd=6080  L=0.0321  D=1.663
[regir_untied4] 6:58:45  267,922/1,000,000  10.7/s  upd=6085  L=0.0432  D=1.663
[regir_untied4] 6:58:55  267,922/1,000,000  10.7/s  upd=6088  L=0.0310  D=1.663
[regir_untied4] 6:59:05  268,268/1,000,000  10.7/s  upd=6090  L=0.0362  D=1.663
[regir_untied4] 6:59:15  268,268/1,000,000  10.7/s  upd=6094  L=0.0268  D=1.663
[regir_untied4] 6:59:25  268,268/1,000,000  10.7/s  upd=6096  L=0.0292  D=1.663
[regir_untied4] 6:59:36  268,616/1,000,000  10.7/s  upd=6097  L=0.0385  D=1.663
[regir_untied4] 6:59:46  268,616/1,000,000  10.7/s  upd=6101  L=0.0218  D=1.663
[regir_untied4] 6:59:56  268,616/1,000,000  10.7/s  upd=6104  L=0.0462  D=1.663
[regir_untied4] 7:00:08  268,924/1,000,000  10.7/s  upd=6107  L=0.0452  D=1.663
[regir_untied4] 7:00:22  268,924/1,000,000  10.7/s  upd=6112  L=0.0319  D=1.663
[regir_untied4] 7:00:34  269,222/1,000,000  10.7/s  upd=6114  L=0.0307  D=1.663
[regir_untied4] 7:00:46  269,222/1,000,000  10.7/s  upd=6118  L=0.0322  D=1.663
[regir_untied4] 7:00:56  269,222/1,000,000  10.7/s  upd=6120  L=0.0275  D=1.663
[regir_untied4] 7:01:07  269,513/1,000,000  10.7/s  upd=6124  L=0.0590  D=1.663
[regir_untied4] 7:01:18  269,513/1,000,000  10.7/s  upd=6128  L=0.0357  D=1.663
[regir_untied4] 7:01:29  269,836/1,000,000  10.7/s  upd=6130  L=0.0222  D=1.663
[regir_untied4] 7:01:40  269,836/1,000,000  10.7/s  upd=6134  L=0.0269  D=1.663
[regir_untied4] 7:01:50  269,836/1,000,000  10.7/s  upd=6136  L=0.0265  D=1.663
[regir_untied4] 7:02:04  270,151/1,000,000  10.7/s  upd=6140  L=0.0400  D=1.663
[regir_untied4] 7:02:14  270,151/1,000,000  10.7/s  upd=6144  L=0.0444  D=1.663
[regir_untied4] 7:02:25  270,392/1,000,000  10.7/s  upd=6147  L=0.0359  D=1.663
[regir_untied4] 7:02:37  270,392/1,000,000  10.7/s  upd=6151  L=0.0387  D=1.663
[regir_untied4] 7:02:50  270,702/1,000,000  10.7/s  upd=6154  L=0.0276  D=1.663
[regir_untied4] 7:03:01  270,702/1,000,000  10.7/s  upd=6158  L=0.0293  D=1.663
[regir_untied4] 7:03:11  270,702/1,000,000  10.7/s  upd=6160  L=0.0348  D=1.663
[regir_untied4] 7:03:24  271,020/1,000,000  10.7/s  upd=6163  L=0.0292  D=1.663
[regir_untied4] 7:03:34  271,020/1,000,000  10.7/s  upd=6167  L=0.0333  D=1.663
[regir_untied4] 7:03:47  271,291/1,000,000  10.7/s  upd=6170  L=0.0358  D=1.663
[regir_untied4] 7:03:58  271,291/1,000,000  10.7/s  upd=6174  L=0.0326  D=1.663
[regir_untied4] 7:04:08  271,291/1,000,000  10.7/s  upd=6176  L=0.0266  D=1.663
[regir_untied4] 7:04:20  271,568/1,000,000  10.7/s  upd=6180  L=0.0435  D=1.663
[regir_untied4] 7:04:30  271,568/1,000,000  10.7/s  upd=6184  L=0.0516  D=1.663
[regir_untied4] 7:04:40  271,889/1,000,000  10.7/s  upd=6186  L=0.0347  D=1.663
[regir_untied4] 7:04:50  271,889/1,000,000  10.7/s  upd=6190  L=0.0411  D=1.663
[regir_untied4] 7:05:00  271,889/1,000,000  10.7/s  upd=6192  L=0.0433  D=1.663
[regir_untied4] 7:05:11  271,889/1,000,000  10.7/s  upd=6192  L=0.0433  D=1.663
[regir_untied4] 7:05:21  272,204/1,000,000  10.7/s  upd=6196  L=0.0457  D=1.663
[regir_untied4] 7:05:31  272,204/1,000,000  10.7/s  upd=6200  L=0.0339  D=1.663
[regir_untied4] 7:05:41  272,204/1,000,000  10.7/s  upd=6200  L=0.0339  D=1.663
[regir_untied4] 7:05:52  272,478/1,000,000  10.7/s  upd=6207  L=0.0460  D=1.663
[regir_untied4] saved resume t_env=272,478
[regir_untied4] 7:06:02  272,478/1,000,000  10.7/s  upd=6208  L=0.0416  D=1.663
[regir_untied4] 7:06:12  272,779/1,000,000  10.7/s  upd=6210  L=0.0233  D=1.663
[regir_untied4] 7:06:23  272,779/1,000,000  10.7/s  upd=6215  L=0.0301  D=1.663
[regir_untied4] 7:06:33  273,083/1,000,000  10.7/s  upd=6217  L=0.0232  D=1.663
[regir_untied4] 7:06:43  273,083/1,000,000  10.7/s  upd=6222  L=0.0413  D=1.663
[regir_untied4] 7:06:53  273,083/1,000,000  10.7/s  upd=6224  L=0.0528  D=1.663
[regir_untied4] 7:07:06  273,436/1,000,000  10.7/s  upd=6225  L=0.0438  D=1.663
[regir_untied4] 7:07:16  273,436/1,000,000  10.7/s  upd=6228  L=0.0491  D=1.663
[regir_untied4] 7:07:27  273,436/1,000,000  10.7/s  upd=6232  L=0.0324  D=1.663
[regir_untied4] 7:07:40  273,734/1,000,000  10.7/s  upd=6235  L=0.0256  D=1.663
[regir_untied4] 7:07:51  273,734/1,000,000  10.7/s  upd=6239  L=0.0368  D=1.663
[regir_untied4] 7:08:01  273,734/1,000,000  10.7/s  upd=6240  L=0.0370  D=1.663
[regir_untied4] 7:08:12  274,055/1,000,000  10.7/s  upd=6244  L=0.0272  D=1.663
[regir_untied4] 7:08:22  274,055/1,000,000  10.7/s  upd=6248  L=0.0272  D=1.663
[regir_untied4] 7:08:34  274,344/1,000,000  10.7/s  upd=6251  L=0.0485  D=1.663
[regir_untied4] 7:08:46  274,344/1,000,000  10.7/s  upd=6255  L=0.0289  D=1.663
[regir_untied4] 7:08:57  274,615/1,000,000  10.7/s  upd=6257  L=0.0254  D=1.663
[regir_untied4] 7:09:07  274,615/1,000,000  10.7/s  upd=6262  L=0.0362  D=1.663
[regir_untied4] 7:09:17  274,615/1,000,000  10.7/s  upd=6264  L=0.0265  D=1.663
[regir_untied4] 7:09:28  274,936/1,000,000  10.7/s  upd=6267  L=0.0482  D=1.663
[regir_untied4] 7:09:39  274,936/1,000,000  10.7/s  upd=6271  L=0.0311  D=1.663
[regir_untied4] 7:09:51  275,192/1,000,000  10.7/s  upd=6274  L=0.0225  D=1.663
[regir_untied4] 7:10:01  275,192/1,000,000  10.7/s  upd=6278  L=0.0435  D=1.663
[regir_untied4] 7:10:11  275,192/1,000,000  10.7/s  upd=6280  L=0.0504  D=1.663
[regir_untied4] 7:10:23  275,519/1,000,000  10.7/s  upd=6284  L=0.0365  D=1.663
[regir_untied4] 7:10:33  275,519/1,000,000  10.7/s  upd=6288  L=0.0421  D=1.663
[regir_untied4] 7:10:45  275,817/1,000,000  10.7/s  upd=6292  L=0.0438  D=1.663
[regir_untied4] 7:10:55  275,817/1,000,000  10.7/s  upd=6296  L=0.0411  D=1.663
[regir_untied4] 7:11:06  276,121/1,000,000  10.7/s  upd=6298  L=0.0302  D=1.663
[regir_untied4] 7:11:18  276,121/1,000,000  10.7/s  upd=6303  L=0.0309  D=1.663
[regir_untied4] 7:11:29  276,436/1,000,000  10.7/s  upd=6306  L=0.0302  D=1.663
[regir_untied4] 7:11:40  276,436/1,000,000  10.7/s  upd=6309  L=0.0366  D=1.663
[regir_untied4] 7:11:50  276,436/1,000,000  10.7/s  upd=6312  L=0.0325  D=1.663
[regir_untied4] 7:12:01  276,743/1,000,000  10.7/s  upd=6316  L=0.0321  D=1.663
[regir_untied4] 7:12:12  276,743/1,000,000  10.7/s  upd=6320  L=0.0568  D=1.663
[regir_untied4] 7:12:25  277,053/1,000,000  10.7/s  upd=6322  L=0.0601  D=1.663
[regir_untied4] 7:12:37  277,053/1,000,000  10.7/s  upd=6328  L=0.0281  D=1.663
[regir_untied4] 7:12:48  277,356/1,000,000  10.7/s  upd=6331  L=0.0301  D=1.663
[regir_untied4] 7:12:59  277,356/1,000,000  10.7/s  upd=6335  L=0.0253  D=1.663
[regir_untied4] 7:13:12  277,657/1,000,000  10.7/s  upd=6337  L=0.0365  D=1.663
[regir_untied4] 7:13:24  277,657/1,000,000  10.7/s  upd=6342  L=0.0431  D=1.663
[regir_untied4] 7:13:34  277,657/1,000,000  10.7/s  upd=6344  L=0.0230  D=1.663
[regir_untied4] 7:13:44  277,993/1,000,000  10.7/s  upd=6348  L=0.0278  D=1.663
[regir_untied4] 7:13:54  277,993/1,000,000  10.7/s  upd=6352  L=0.0347  D=1.663
[regir_untied4] 7:14:05  278,298/1,000,000  10.7/s  upd=6356  L=0.0408  D=1.663
[regir_untied4] 7:14:15  278,298/1,000,000  10.7/s  upd=6360  L=0.0317  D=1.663
[regir_untied4] 7:14:25  278,660/1,000,000  10.7/s  upd=6363  L=0.0321  D=1.663
[regir_untied4] 7:14:37  278,660/1,000,000  10.7/s  upd=6368  L=0.0416  D=1.663
[regir_untied4] 7:14:48  279,022/1,000,000  10.7/s  upd=6371  L=0.0237  D=1.663
[regir_untied4] 7:14:58  279,022/1,000,000  10.7/s  upd=6376  L=0.0250  D=1.663
[regir_untied4] 7:15:09  279,338/1,000,000  10.7/s  upd=6378  L=0.0489  D=1.663
[regir_untied4] 7:15:19  279,338/1,000,000  10.7/s  upd=6384  L=0.0345  D=1.663
[regir_untied4] 7:15:30  279,681/1,000,000  10.7/s  upd=6386  L=0.0335  D=1.663
[regir_untied4] 7:15:41  279,681/1,000,000  10.7/s  upd=6392  L=0.0364  D=1.663
[regir_untied4] 7:15:51  279,681/1,000,000  10.7/s  upd=6392  L=0.0364  D=1.663
[regir_untied4] 7:16:03  280,024/1,000,000  10.7/s  upd=6397  L=0.0432  D=1.663
[regir_untied4] saved resume t_env=280,024
[regir_untied4] 7:16:16  280,024/1,000,000  10.7/s  upd=6400  L=0.0359  ev=0/100  D=1.663
[regir_untied4] 7:16:26  280,024/1,000,000  10.7/s  upd=6400  L=0.0359  ev=8/100  D=1.663
[regir_untied4] 7:16:36  280,024/1,000,000  10.7/s  upd=6400  L=0.0359  ev=16/100  D=1.663
[regir_untied4] 7:16:46  280,024/1,000,000  10.7/s  upd=6400  L=0.0359  ev=33/100  D=1.663
[regir_untied4] 7:16:56  280,024/1,000,000  10.7/s  upd=6400  L=0.0359  ev=48/100  D=1.663
[regir_untied4] 7:17:06  280,024/1,000,000  10.7/s  upd=6400  L=0.0359  ev=59/100  D=1.663
[regir_untied4] 7:17:16  280,024/1,000,000  10.7/s  upd=6400  L=0.0359  ev=68/100  D=1.663
[regir_untied4] 7:17:26  280,024/1,000,000  10.7/s  upd=6400  L=0.0359  ev=80/100  D=1.663
[regir_untied4] 7:17:37  280,024/1,000,000  10.7/s  upd=6400  L=0.0359  ev=94/100  D=1.663
[regir_untied4] 7:17:47  280,024/1,000,000  10.7/s  upd=6400  L=0.0359  D=1.657
[regir_untied4] 7:17:57  280,328/1,000,000  10.7/s  upd=6404  L=0.0409  D=1.657
[regir_untied4] 7:18:07  280,328/1,000,000  10.7/s  upd=6408  L=0.0344  D=1.657
[regir_untied4] 7:18:17  280,328/1,000,000  10.7/s  upd=6408  L=0.0344  D=1.657
[regir_untied4] 7:18:29  280,661/1,000,000  10.7/s  upd=6412  L=0.0434  D=1.657
[regir_untied4] 7:18:41  280,661/1,000,000  10.7/s  upd=6416  L=0.0346  D=1.657
[regir_untied4] 7:18:52  280,962/1,000,000  10.7/s  upd=6418  L=0.0435  D=1.657
[regir_untied4] 7:19:04  280,962/1,000,000  10.7/s  upd=6423  L=0.0305  D=1.657
[regir_untied4] 7:19:14  280,962/1,000,000  10.7/s  upd=6424  L=0.0372  D=1.657
[regir_untied4] 7:19:26  281,350/1,000,000  10.7/s  upd=6426  L=0.0420  D=1.657
[regir_untied4] 7:19:37  281,350/1,000,000  10.7/s  upd=6431  L=0.0350  D=1.657
[regir_untied4] 7:19:47  281,350/1,000,000  10.7/s  upd=6432  L=0.0289  D=1.657
[regir_untied4] 7:19:58  281,676/1,000,000  10.7/s  upd=6435  L=0.0321  D=1.657
[regir_untied4] 7:20:08  281,676/1,000,000  10.7/s  upd=6440  L=0.0282  D=1.657
[regir_untied4] 7:20:19  281,962/1,000,000  10.7/s  upd=6441  L=0.0328  D=1.657
[regir_untied4] 7:20:29  281,962/1,000,000  10.7/s  upd=6445  L=0.0310  D=1.657
[regir_untied4] 7:20:39  281,962/1,000,000  10.7/s  upd=6448  L=0.0347  D=1.657
[regir_untied4] 7:20:50  282,267/1,000,000  10.7/s  upd=6450  L=0.0474  D=1.657
[regir_untied4] 7:21:01  282,267/1,000,000  10.7/s  upd=6455  L=0.0289  D=1.657
[regir_untied4] 7:21:11  282,558/1,000,000  10.7/s  upd=6457  L=0.0376  D=1.657
[regir_untied4] 7:21:21  282,558/1,000,000  10.7/s  upd=6460  L=0.0416  D=1.657
[regir_untied4] 7:21:31  282,558/1,000,000  10.7/s  upd=6464  L=0.0661  D=1.657
[regir_untied4] 7:21:43  282,812/1,000,000  10.7/s  upd=6469  L=0.0352  D=1.657
[regir_untied4] 7:21:53  282,812/1,000,000  10.7/s  upd=6472  L=0.0345  D=1.657
[regir_untied4] 7:22:06  283,137/1,000,000  10.7/s  upd=6475  L=0.0315  D=1.657
[regir_untied4] 7:22:18  283,137/1,000,000  10.7/s  upd=6479  L=0.0427  D=1.657
[regir_untied4] 7:22:30  283,470/1,000,000  10.7/s  upd=6482  L=0.0326  D=1.657
[regir_untied4] 7:22:42  283,470/1,000,000  10.7/s  upd=6486  L=0.0339  D=1.657
[regir_untied4] 7:22:52  283,470/1,000,000  10.7/s  upd=6488  L=0.0283  D=1.657
[regir_untied4] 7:23:03  283,776/1,000,000  10.7/s  upd=6492  L=0.0307  D=1.657
[regir_untied4] 7:23:14  283,776/1,000,000  10.7/s  upd=6496  L=0.0511  D=1.657
[regir_untied4] 7:23:25  284,145/1,000,000  10.7/s  upd=6498  L=0.0371  D=1.657
[regir_untied4] 7:23:35  284,145/1,000,000  10.7/s  upd=6502  L=0.0403  D=1.657
[regir_untied4] 7:23:45  284,145/1,000,000  10.7/s  upd=6504  L=0.0564  D=1.657
[regir_untied4] 7:23:57  284,479/1,000,000  10.7/s  upd=6509  L=0.0383  D=1.657
[regir_untied4] 7:24:07  284,479/1,000,000  10.7/s  upd=6512  L=0.0350  D=1.657
[regir_untied4] 7:24:19  284,768/1,000,000  10.7/s  upd=6514  L=0.0356  D=1.657
[regir_untied4] 7:24:29  284,768/1,000,000  10.7/s  upd=6519  L=0.0322  D=1.657
[regir_untied4] 7:24:39  284,768/1,000,000  10.7/s  upd=6520  L=0.0234  D=1.657
[regir_untied4] 7:24:50  285,057/1,000,000  10.7/s  upd=6524  L=0.0415  D=1.657
[regir_untied4] 7:25:00  285,057/1,000,000  10.7/s  upd=6528  L=0.0404  D=1.657
[regir_untied4] 7:25:10  285,427/1,000,000  10.7/s  upd=6529  L=0.0174  D=1.657
[regir_untied4] 7:25:22  285,427/1,000,000  10.7/s  upd=6534  L=0.0354  D=1.657
[regir_untied4] 7:25:32  285,427/1,000,000  10.7/s  upd=6536  L=0.0446  D=1.657
[regir_untied4] 7:25:43  285,695/1,000,000  10.7/s  upd=6539  L=0.0390  D=1.657
[regir_untied4] 7:25:53  285,695/1,000,000  10.7/s  upd=6544  L=0.0319  D=1.657
[regir_untied4] 7:26:04  285,969/1,000,000  10.7/s  upd=6546  L=0.0373  D=1.657
[regir_untied4] 7:26:15  285,969/1,000,000  10.7/s  upd=6550  L=0.0334  D=1.657
[regir_untied4] saved resume t_env=285,969
[regir_untied4] 7:26:25  285,969/1,000,000  10.7/s  upd=6552  L=0.0335  D=1.657
[regir_untied4] 7:26:35  286,262/1,000,000  10.7/s  upd=6553  L=0.0151  D=1.657
[regir_untied4] 7:26:46  286,262/1,000,000  10.7/s  upd=6557  L=0.0296  D=1.657
[regir_untied4] 7:26:56  286,262/1,000,000  10.7/s  upd=6560  L=0.0385  D=1.657
[regir_untied4] 7:27:10  286,604/1,000,000  10.7/s  upd=6562  L=0.0445  D=1.657
[regir_untied4] 7:27:20  286,604/1,000,000  10.7/s  upd=6568  L=0.0315  D=1.657
[regir_untied4] 7:27:30  286,604/1,000,000  10.7/s  upd=6568  L=0.0315  D=1.657
[regir_untied4] 7:27:41  286,993/1,000,000  10.7/s  upd=6572  L=0.0213  D=1.657
[regir_untied4] 7:27:51  286,993/1,000,000  10.7/s  upd=6576  L=0.0591  D=1.657
[regir_untied4] 7:28:01  286,993/1,000,000  10.7/s  upd=6576  L=0.0591  D=1.657
[regir_untied4] 7:28:12  287,309/1,000,000  10.7/s  upd=6581  L=0.0250  D=1.657
[regir_untied4] 7:28:22  287,309/1,000,000  10.7/s  upd=6584  L=0.0304  D=1.657
[regir_untied4] 7:28:34  287,597/1,000,000  10.7/s  upd=6587  L=0.0279  D=1.657
[regir_untied4] 7:28:44  287,597/1,000,000  10.7/s  upd=6592  L=0.0493  D=1.657
[regir_untied4] 7:28:55  287,869/1,000,000  10.7/s  upd=6595  L=0.0320  D=1.657
[regir_untied4] 7:29:06  287,869/1,000,000  10.7/s  upd=6599  L=0.0277  D=1.657
[regir_untied4] 7:29:18  288,132/1,000,000  10.7/s  upd=6602  L=0.0335  D=1.657
[regir_untied4] 7:29:29  288,132/1,000,000  10.7/s  upd=6605  L=0.0346  D=1.657
[regir_untied4] 7:29:39  288,132/1,000,000  10.7/s  upd=6608  L=0.0368  D=1.657
[regir_untied4] 7:29:50  288,482/1,000,000  10.7/s  upd=6610  L=0.0388  D=1.657
[regir_untied4] 7:30:02  288,482/1,000,000  10.7/s  upd=6614  L=0.0305  D=1.657
[regir_untied4] 7:30:12  288,482/1,000,000  10.7/s  upd=6616  L=0.0469  D=1.657
[regir_untied4] 7:30:23  288,788/1,000,000  10.7/s  upd=6619  L=0.0255  D=1.657
[regir_untied4] 7:30:33  288,788/1,000,000  10.7/s  upd=6624  L=0.0318  D=1.657
[regir_untied4] 7:30:44  289,091/1,000,000  10.7/s  upd=6625  L=0.0491  D=1.657
[regir_untied4] 7:30:54  289,091/1,000,000  10.7/s  upd=6629  L=0.0345  D=1.657
[regir_untied4] 7:31:04  289,091/1,000,000  10.7/s  upd=6632  L=0.0261  D=1.657
[regir_untied4] 7:31:17  289,438/1,000,000  10.7/s  upd=6633  L=0.0328  D=1.657
[regir_untied4] 7:31:27  289,438/1,000,000  10.7/s  upd=6639  L=0.0543  D=1.657
[regir_untied4] 7:31:38  289,438/1,000,000  10.7/s  upd=6640  L=0.0576  D=1.657
[regir_untied4] 7:31:50  289,778/1,000,000  10.7/s  upd=6644  L=0.0325  D=1.657
[regir_untied4] 7:32:00  289,778/1,000,000  10.7/s  upd=6648  L=0.0255  D=1.657
[regir_untied4] 7:32:12  290,090/1,000,000  10.7/s  upd=6650  L=0.0269  D=1.657
[regir_untied4] 7:32:23  290,090/1,000,000  10.7/s  upd=6655  L=0.0282  D=1.657
[regir_untied4] 7:32:33  290,090/1,000,000  10.7/s  upd=6656  L=0.0389  D=1.657
[regir_untied4] 7:32:44  290,375/1,000,000  10.7/s  upd=6660  L=0.0408  D=1.657
[regir_untied4] 7:32:54  290,375/1,000,000  10.7/s  upd=6664  L=0.0366  D=1.657
[regir_untied4] 7:33:05  290,375/1,000,000  10.7/s  upd=6664  L=0.0366  D=1.657
[regir_untied4] 7:33:16  290,733/1,000,000  10.7/s  upd=6668  L=0.0291  D=1.657
[regir_untied4] 7:33:26  290,733/1,000,000  10.7/s  upd=6672  L=0.0260  D=1.657
[regir_untied4] 7:33:38  291,076/1,000,000  10.7/s  upd=6674  L=0.0396  D=1.657
[regir_untied4] 7:33:48  291,076/1,000,000  10.7/s  upd=6680  L=0.0276  D=1.657
[regir_untied4] 7:34:02  291,365/1,000,000  10.7/s  upd=6682  L=0.0238  D=1.657
[regir_untied4] 7:34:14  291,365/1,000,000  10.7/s  upd=6687  L=0.0199  D=1.657
[regir_untied4] 7:34:25  291,674/1,000,000  10.7/s  upd=6689  L=0.0232  D=1.657
[regir_untied4] 7:34:35  291,674/1,000,000  10.7/s  upd=6693  L=0.0373  D=1.657
[regir_untied4] 7:34:45  291,674/1,000,000  10.7/s  upd=6696  L=0.0307  D=1.657
[regir_untied4] 7:34:55  291,963/1,000,000  10.7/s  upd=6699  L=0.0423  D=1.657
[regir_untied4] 7:35:08  291,963/1,000,000  10.7/s  upd=6704  L=0.0373  D=1.657
[regir_untied4] 7:35:19  292,278/1,000,000  10.7/s  upd=6705  L=0.0293  D=1.657
[regir_untied4] 7:35:29  292,278/1,000,000  10.7/s  upd=6710  L=0.0541  D=1.657
[regir_untied4] 7:35:39  292,278/1,000,000  10.7/s  upd=6712  L=0.0602  D=1.657
[regir_untied4] 7:35:50  292,628/1,000,000  10.7/s  upd=6714  L=0.0541  D=1.657
[regir_untied4] 7:36:00  292,628/1,000,000  10.7/s  upd=6720  L=0.0267  D=1.657
[regir_untied4] 7:36:10  292,628/1,000,000  10.7/s  upd=6720  L=0.0267  D=1.657
[regir_untied4] 7:36:22  293,008/1,000,000  10.7/s  upd=6723  L=0.0292  D=1.657
[regir_untied4] 7:36:32  293,008/1,000,000  10.7/s  upd=6726  L=0.0362  D=1.657
[regir_untied4] saved resume t_env=293,008
[regir_untied4] 7:36:42  293,008/1,000,000  10.7/s  upd=6728  L=0.0347  D=1.657
[regir_untied4] 7:36:53  293,310/1,000,000  10.7/s  upd=6731  L=0.0400  D=1.657
[regir_untied4] 7:37:04  293,310/1,000,000  10.7/s  upd=6736  L=0.0303  D=1.657
[regir_untied4] 7:37:14  293,619/1,000,000  10.7/s  upd=6737  L=0.0283  D=1.657
[regir_untied4] 7:37:26  293,619/1,000,000  10.7/s  upd=6744  L=0.0411  D=1.657
[regir_untied4] 7:37:37  293,931/1,000,000  10.7/s  upd=6745  L=0.0234  D=1.657
[regir_untied4] 7:37:48  293,931/1,000,000  10.7/s  upd=6752  L=0.0346  D=1.657
[regir_untied4] 7:38:00  294,259/1,000,000  10.7/s  upd=6753  L=0.0297  D=1.657
[regir_untied4] 7:38:11  294,259/1,000,000  10.7/s  upd=6757  L=0.0159  D=1.657
[regir_untied4] 7:38:21  294,259/1,000,000  10.7/s  upd=6760  L=0.0265  D=1.657
[regir_untied4] 7:38:32  294,541/1,000,000  10.7/s  upd=6763  L=0.0291  D=1.657
[regir_untied4] 7:38:43  294,541/1,000,000  10.7/s  upd=6768  L=0.0297  D=1.657
[regir_untied4] 7:38:53  294,800/1,000,000  10.7/s  upd=6770  L=0.0425  D=1.657
[regir_untied4] 7:39:03  294,800/1,000,000  10.7/s  upd=6775  L=0.0705  D=1.657
[regir_untied4] 7:39:15  295,106/1,000,000  10.7/s  upd=6777  L=0.0458  D=1.657
[regir_untied4] 7:39:26  295,106/1,000,000  10.7/s  upd=6781  L=0.0396  D=1.657
[regir_untied4] 7:39:36  295,106/1,000,000  10.7/s  upd=6784  L=0.0338  D=1.657
[regir_untied4] 7:39:47  295,397/1,000,000  10.7/s  upd=6788  L=0.0317  D=1.657
[regir_untied4] 7:39:58  295,397/1,000,000  10.7/s  upd=6792  L=0.0344  D=1.657
[regir_untied4] 7:40:09  295,715/1,000,000  10.7/s  upd=6793  L=0.0418  D=1.657
[regir_untied4] 7:40:22  295,715/1,000,000  10.7/s  upd=6798  L=0.0250  D=1.657
[regir_untied4] 7:40:32  295,715/1,000,000  10.7/s  upd=6800  L=0.0404  D=1.657
[regir_untied4] 7:40:44  296,047/1,000,000  10.7/s  upd=6805  L=0.0398  D=1.657
[regir_untied4] 7:40:54  296,047/1,000,000  10.7/s  upd=6808  L=0.0386  D=1.657
[regir_untied4] 7:41:06  296,370/1,000,000  10.7/s  upd=6811  L=0.0509  D=1.657
[regir_untied4] 7:41:17  296,370/1,000,000  10.7/s  upd=6815  L=0.0288  D=1.657
[regir_untied4] 7:41:29  296,654/1,000,000  10.7/s  upd=6819  L=0.0307  D=1.657
[regir_untied4] 7:41:41  296,654/1,000,000  10.7/s  upd=6824  L=0.0282  D=1.657
[regir_untied4] 7:41:54  296,967/1,000,000  10.7/s  upd=6827  L=0.0268  D=1.657
[regir_untied4] 7:42:04  296,967/1,000,000  10.7/s  upd=6832  L=0.0545  D=1.657
[regir_untied4] 7:42:15  297,282/1,000,000  10.7/s  upd=6834  L=0.0226  D=1.657
[regir_untied4] 7:42:26  297,282/1,000,000  10.7/s  upd=6839  L=0.0246  D=1.657
[regir_untied4] 7:42:36  297,602/1,000,000  10.7/s  upd=6841  L=0.0321  D=1.657
[regir_untied4] 7:42:47  297,602/1,000,000  10.7/s  upd=6847  L=0.0305  D=1.657
[regir_untied4] 7:42:57  297,932/1,000,000  10.7/s  upd=6850  L=0.0520  D=1.657
[regir_untied4] 7:43:08  297,932/1,000,000  10.7/s  upd=6855  L=0.0248  D=1.657
[regir_untied4] 7:43:18  297,932/1,000,000  10.7/s  upd=6856  L=0.0188  D=1.657
[regir_untied4] 7:43:29  298,337/1,000,000  10.7/s  upd=6861  L=0.0394  D=1.657
[regir_untied4] 7:43:39  298,337/1,000,000  10.7/s  upd=6864  L=0.0383  D=1.657
[regir_untied4] 7:43:49  298,768/1,000,000  10.7/s  upd=6868  L=0.0551  D=1.657
[regir_untied4] 7:43:59  298,768/1,000,000  10.7/s  upd=6872  L=0.0210  D=1.657
[regir_untied4] 7:44:11  299,101/1,000,000  10.7/s  upd=6877  L=0.0297  D=1.657
[regir_untied4] 7:44:23  299,395/1,000,000  10.7/s  upd=6881  L=0.0382  D=1.657
[regir_untied4] 7:44:34  299,395/1,000,000  10.7/s  upd=6885  L=0.0396  D=1.657
[regir_untied4] 7:44:45  299,668/1,000,000  10.7/s  upd=6889  L=0.0248  D=1.657
[regir_untied4] 7:44:56  299,668/1,000,000  10.7/s  upd=6894  L=0.0275  D=1.657
[regir_untied4] 7:45:06  299,668/1,000,000  10.7/s  upd=6896  L=0.0418  D=1.657
[regir_untied4] 7:45:18  299,948/1,000,000  10.7/s  upd=6900  L=0.0256  D=1.657
[regir_untied4] 7:45:29  299,948/1,000,000  10.7/s  upd=6904  L=0.0264  D=1.657
[regir_untied4] 7:45:42  300,288/1,000,000  10.7/s  upd=6907  L=0.0298  D=1.657
[regir_untied4] 7:45:54  300,288/1,000,000  10.7/s  upd=6911  L=0.0207  D=1.657
[regir_untied4] saved resume t_env=300,288
[regir_untied4] 7:46:04  300,288/1,000,000  10.7/s  upd=6912  L=0.0208  ev=2/100  D=1.657
[regir_untied4] 7:46:14  300,288/1,000,000  10.7/s  upd=6912  L=0.0208  ev=8/100  D=1.657
[regir_untied4] 7:46:25  300,288/1,000,000  10.7/s  upd=6912  L=0.0208  ev=16/100  D=1.657
[regir_untied4] 7:46:35  300,288/1,000,000  10.7/s  upd=6912  L=0.0208  ev=24/100  D=1.657
[regir_untied4] 7:46:45  300,288/1,000,000  10.7/s  upd=6912  L=0.0208  ev=35/100  D=1.657
[regir_untied4] 7:46:55  300,288/1,000,000  10.7/s  upd=6912  L=0.0208  ev=48/100  D=1.657
[regir_untied4] 7:47:05  300,288/1,000,000  10.7/s  upd=6912  L=0.0208  ev=56/100  D=1.657
[regir_untied4] 7:47:15  300,288/1,000,000  10.7/s  upd=6912  L=0.0208  ev=71/100  D=1.657
[regir_untied4] 7:47:25  300,288/1,000,000  10.7/s  upd=6912  L=0.0208  ev=80/100  D=1.657
[regir_untied4] 7:47:35  300,288/1,000,000  10.7/s  upd=6912  L=0.0208  ev=93/100  D=1.657
[regir_untied4] 7:47:45  300,288/1,000,000  10.7/s  upd=6912  L=0.0208  ev=98/100  D=1.657
[regir_untied4] 7:47:57  300,676/1,000,000  10.7/s  upd=6913  L=0.0354  D=1.941
[regir_untied4] 7:48:07  300,676/1,000,000  10.7/s  upd=6919  L=0.0275  D=1.941
[regir_untied4] 7:48:18  300,933/1,000,000  10.7/s  upd=6922  L=0.0289  D=1.941
[regir_untied4] 7:48:30  300,933/1,000,000  10.7/s  upd=6928  L=0.0217  D=1.941
[regir_untied4] 7:48:40  300,933/1,000,000  10.7/s  upd=6928  L=0.0217  D=1.941
[regir_untied4] 7:48:51  301,244/1,000,000  10.7/s  upd=6934  L=0.0411  D=1.941
[regir_untied4] 7:49:01  301,244/1,000,000  10.7/s  upd=6936  L=0.0361  D=1.941
[regir_untied4] 7:49:11  301,525/1,000,000  10.7/s  upd=6938  L=0.0357  D=1.941
[regir_untied4] 7:49:22  301,525/1,000,000  10.7/s  upd=6943  L=0.0287  D=1.941
[regir_untied4] 7:49:32  301,525/1,000,000  10.7/s  upd=6944  L=0.0363  D=1.941
[regir_untied4] 7:49:44  301,830/1,000,000  10.7/s  upd=6946  L=0.0217  D=1.941
[regir_untied4] 7:49:57  301,830/1,000,000  10.7/s  upd=6950  L=0.0322  D=1.941
[regir_untied4] 7:50:08  302,130/1,000,000  10.7/s  upd=6954  L=0.0274  D=1.941
[regir_untied4] 7:50:20  302,130/1,000,000  10.7/s  upd=6960  L=0.0315  D=1.941
[regir_untied4] 7:50:34  302,429/1,000,000  10.7/s  upd=6963  L=0.0260  D=1.941
[regir_untied4] 7:50:45  302,429/1,000,000  10.7/s  upd=6967  L=0.0331  D=1.941
[regir_untied4] 7:50:56  302,748/1,000,000  10.7/s  upd=6970  L=0.0375  D=1.941
[regir_untied4] 7:51:08  302,748/1,000,000  10.7/s  upd=6975  L=0.0500  D=1.941
[regir_untied4] 7:51:19  303,062/1,000,000  10.7/s  upd=6979  L=0.0533  D=1.941
[regir_untied4] 7:51:30  303,062/1,000,000  10.7/s  upd=6983  L=0.0289  D=1.941
[regir_untied4] 7:51:40  303,062/1,000,000  10.7/s  upd=6984  L=0.0276  D=1.941
[regir_untied4] 7:51:51  303,385/1,000,000  10.7/s  upd=6989  L=0.0259  D=1.941
[regir_untied4] 7:52:01  303,385/1,000,000  10.7/s  upd=6992  L=0.0477  D=1.941
[regir_untied4] 7:52:12  303,662/1,000,000  10.7/s  upd=6994  L=0.0535  D=1.941
[regir_untied4] 7:52:22  303,662/1,000,000  10.7/s  upd=6998  L=0.0354  D=1.941
[regir_untied4] 7:52:32  303,662/1,000,000  10.7/s  upd=7000  L=0.0379  D=1.941
[regir_untied4] 7:52:44  304,020/1,000,000  10.7/s  upd=7003  L=0.0349  D=1.941
[regir_untied4] 7:52:56  304,020/1,000,000  10.7/s  upd=7008  L=0.0387  D=1.941
[regir_untied4] 7:53:06  304,357/1,000,000  10.7/s  upd=7009  L=0.0373  D=1.941
[regir_untied4] 7:53:17  304,357/1,000,000  10.7/s  upd=7015  L=0.0559  D=1.941
[regir_untied4] 7:53:29  304,655/1,000,000  10.7/s  upd=7018  L=0.0319  D=1.941
[regir_untied4] 7:53:40  304,655/1,000,000  10.7/s  upd=7024  L=0.0315  D=1.941
[regir_untied4] 7:53:52  304,967/1,000,000  10.7/s  upd=7026  L=0.0464  D=1.941
[regir_untied4] 7:54:02  304,967/1,000,000  10.7/s  upd=7030  L=0.0474  D=1.941
[regir_untied4] 7:54:12  304,967/1,000,000  10.7/s  upd=7032  L=0.0220  D=1.941
[regir_untied4] 7:54:25  305,221/1,000,000  10.7/s  upd=7036  L=0.0232  D=1.941
[regir_untied4] 7:54:35  305,221/1,000,000  10.7/s  upd=7040  L=0.0378  D=1.941
[regir_untied4] 7:54:49  305,518/1,000,000  10.7/s  upd=7043  L=0.0459  D=1.941
[regir_untied4] 7:55:01  305,518/1,000,000  10.7/s  upd=7048  L=0.0327  D=1.941
[regir_untied4] 7:55:13  305,826/1,000,000  10.7/s  upd=7051  L=0.0323  D=1.941
[regir_untied4] 7:55:25  305,826/1,000,000  10.7/s  upd=7055  L=0.0265  D=1.941
[regir_untied4] 7:55:35  306,147/1,000,000  10.7/s  upd=7058  L=0.0328  D=1.941
[regir_untied4] 7:55:46  306,147/1,000,000  10.7/s  upd=7062  L=0.0373  D=1.941
[regir_untied4] 7:55:56  306,147/1,000,000  10.7/s  upd=7064  L=0.0341  D=1.941
[regir_untied4] 7:56:09  306,585/1,000,000  10.7/s  upd=7065  L=0.0475  D=1.941
[regir_untied4] 7:56:19  306,585/1,000,000  10.7/s  upd=7070  L=0.0409  D=1.941
[regir_untied4] saved resume t_env=306,585
[regir_untied4] 7:56:29  306,585/1,000,000  10.7/s  upd=7072  L=0.0324  D=1.941
[regir_untied4] 7:56:42  306,880/1,000,000  10.7/s  upd=7076  L=0.0277  D=1.941
[regir_untied4] 7:56:52  306,880/1,000,000  10.7/s  upd=7080  L=0.0217  D=1.941
[regir_untied4] 7:57:06  307,234/1,000,000  10.7/s  upd=7085  L=0.0285  D=1.941
[regir_untied4] 7:57:16  307,234/1,000,000  10.7/s  upd=7088  L=0.0267  D=1.941
[regir_untied4] 7:57:27  307,608/1,000,000  10.7/s  upd=7091  L=0.0314  D=1.941
[regir_untied4] 7:57:37  307,608/1,000,000  10.7/s  upd=7095  L=0.0503  D=1.941
[regir_untied4] 7:57:48  307,920/1,000,000  10.7/s  upd=7097  L=0.0434  D=1.941
[regir_untied4] 7:57:58  307,920/1,000,000  10.7/s  upd=7102  L=0.0542  D=1.941
[regir_untied4] 7:58:08  307,920/1,000,000  10.7/s  upd=7104  L=0.0396  D=1.941
[regir_untied4] 7:58:19  308,182/1,000,000  10.7/s  upd=7107  L=0.0295  D=1.941
[regir_untied4] 7:58:32  308,182/1,000,000  10.7/s  upd=7112  L=0.0289  D=1.941
[regir_untied4] 7:58:42  308,505/1,000,000  10.7/s  upd=7114  L=0.0240  D=1.941
[regir_untied4] 7:58:53  308,505/1,000,000  10.7/s  upd=7120  L=0.0276  D=1.941
[regir_untied4] 7:59:04  308,828/1,000,000  10.7/s  upd=7121  L=0.0237  D=1.941
[regir_untied4] 7:59:15  308,828/1,000,000  10.7/s  upd=7126  L=0.0250  D=1.941
[regir_untied4] 7:59:25  308,828/1,000,000  10.7/s  upd=7128  L=0.0315  D=1.941
[regir_untied4] 7:59:37  309,172/1,000,000  10.7/s  upd=7132  L=0.0280  D=1.941
[regir_untied4] 7:59:47  309,172/1,000,000  10.7/s  upd=7136  L=0.0262  D=1.941
[regir_untied4] 7:59:57  309,510/1,000,000  10.7/s  upd=7137  L=0.0282  D=1.941
[regir_untied4] 8:00:07  309,510/1,000,000  10.7/s  upd=7142  L=0.0378  D=1.941
[regir_untied4] 8:00:17  309,510/1,000,000  10.7/s  upd=7144  L=0.0436  D=1.941
[regir_untied4] 8:00:30  309,807/1,000,000  10.7/s  upd=7148  L=0.0380  D=1.941
[regir_untied4] 8:00:40  309,807/1,000,000  10.7/s  upd=7152  L=0.0326  D=1.941
[regir_untied4] 8:00:50  310,089/1,000,000  10.7/s  upd=7157  L=0.0413  D=1.941
[regir_untied4] 8:01:00  310,089/1,000,000  10.7/s  upd=7160  L=0.0407  D=1.941
[regir_untied4] 8:01:13  310,398/1,000,000  10.8/s  upd=7165  L=0.0372  D=1.941
[regir_untied4] 8:01:23  310,398/1,000,000  10.7/s  upd=7168  L=0.0350  D=1.941
[regir_untied4] 8:01:34  310,785/1,000,000  10.8/s  upd=7170  L=0.0332  D=1.941
[regir_untied4] 8:01:45  310,785/1,000,000  10.8/s  upd=7175  L=0.0186  D=1.941
[regir_untied4] 8:01:56  311,084/1,000,000  10.8/s  upd=7177  L=0.0365  D=1.941
[regir_untied4] 8:02:07  311,084/1,000,000  10.8/s  upd=7182  L=0.0311  D=1.941
[regir_untied4] 8:02:17  311,084/1,000,000  10.8/s  upd=7184  L=0.0349  D=1.941
[regir_untied4] 8:02:28  311,337/1,000,000  10.8/s  upd=7189  L=0.0261  D=1.941
[regir_untied4] 8:02:38  311,337/1,000,000  10.8/s  upd=7192  L=0.0359  D=1.941
[regir_untied4] 8:02:50  311,684/1,000,000  10.8/s  upd=7195  L=0.0342  D=1.941
[regir_untied4] 8:03:00  311,684/1,000,000  10.8/s  upd=7200  L=0.0309  D=1.941
[regir_untied4] 8:03:10  311,684/1,000,000  10.8/s  upd=7200  L=0.0309  D=1.941
[regir_untied4] 8:03:21  312,007/1,000,000  10.8/s  upd=7205  L=0.0620  D=1.941
[regir_untied4] 8:03:31  312,007/1,000,000  10.8/s  upd=7208  L=0.0331  D=1.941
[regir_untied4] 8:03:41  312,273/1,000,000  10.8/s  upd=7214  L=0.0456  D=1.941
[regir_untied4] 8:03:51  312,273/1,000,000  10.8/s  upd=7216  L=0.0315  D=1.941
[regir_untied4] 8:04:03  312,555/1,000,000  10.8/s  upd=7221  L=0.0351  D=1.941
[regir_untied4] 8:04:13  312,555/1,000,000  10.8/s  upd=7224  L=0.0331  D=1.941
[regir_untied4] 8:04:24  312,889/1,000,000  10.8/s  upd=7226  L=0.0432  D=1.941
[regir_untied4] 8:04:35  312,889/1,000,000  10.8/s  upd=7232  L=0.0271  D=1.941
[regir_untied4] 8:04:46  313,190/1,000,000  10.8/s  upd=7235  L=0.0386  D=1.941
[regir_untied4] 8:04:57  313,190/1,000,000  10.8/s  upd=7239  L=0.0259  D=1.941
[regir_untied4] 8:05:07  313,501/1,000,000  10.8/s  upd=7241  L=0.0240  D=1.941
[regir_untied4] 8:05:18  313,501/1,000,000  10.8/s  upd=7246  L=0.0511  D=1.941
[regir_untied4] 8:05:29  313,501/1,000,000  10.8/s  upd=7248  L=0.0415  D=1.941
[regir_untied4] 8:05:40  313,790/1,000,000  10.8/s  upd=7253  L=0.0261  D=1.941
[regir_untied4] 8:05:51  314,074/1,000,000  10.8/s  upd=7257  L=0.0210  D=1.941
[regir_untied4] 8:06:02  314,074/1,000,000  10.8/s  upd=7262  L=0.0336  D=1.941
[regir_untied4] 8:06:12  314,074/1,000,000  10.8/s  upd=7264  L=0.0333  D=1.941
[regir_untied4] 8:06:25  314,362/1,000,000  10.8/s  upd=7269  L=0.0384  D=1.941
[regir_untied4] 8:06:36  314,362/1,000,000  10.8/s  upd=7272  L=0.0236  D=1.941
[regir_untied4] saved resume t_env=314,362
[regir_untied4] 8:06:47  314,676/1,000,000  10.8/s  upd=7274  L=0.0316  D=1.941
[regir_untied4] 8:06:58  314,676/1,000,000  10.8/s  upd=7279  L=0.0382  D=1.941
[regir_untied4] 8:07:08  314,676/1,000,000  10.8/s  upd=7280  L=0.0475  D=1.941
[regir_untied4] 8:07:18  315,044/1,000,000  10.8/s  upd=7286  L=0.0268  D=1.941
[regir_untied4] 8:07:28  315,044/1,000,000  10.8/s  upd=7288  L=0.0311  D=1.941
[regir_untied4] 8:07:38  315,374/1,000,000  10.8/s  upd=7290  L=0.0331  D=1.941
[regir_untied4] 8:07:50  315,374/1,000,000  10.8/s  upd=7294  L=0.0186  D=1.941
[regir_untied4] 8:08:00  315,374/1,000,000  10.8/s  upd=7296  L=0.0191  D=1.941
[regir_untied4] 8:08:11  315,715/1,000,000  10.8/s  upd=7300  L=0.0235  D=1.941
[regir_untied4] 8:08:21  315,715/1,000,000  10.8/s  upd=7304  L=0.0332  D=1.941
[regir_untied4] 8:08:34  316,028/1,000,000  10.8/s  upd=7307  L=0.0375  D=1.941
[regir_untied4] 8:08:44  316,028/1,000,000  10.8/s  upd=7312  L=0.0279  D=1.941
[regir_untied4] 8:08:56  316,358/1,000,000  10.8/s  upd=7315  L=0.0456  D=1.941
[regir_untied4] 8:09:06  316,358/1,000,000  10.8/s  upd=7319  L=0.0273  D=1.941
[regir_untied4] 8:09:17  316,664/1,000,000  10.8/s  upd=7322  L=0.0419  D=1.941
[regir_untied4] 8:09:28  316,664/1,000,000  10.8/s  upd=7326  L=0.0373  D=1.941
[regir_untied4] 8:09:38  316,664/1,000,000  10.8/s  upd=7328  L=0.0249  D=1.941
[regir_untied4] 8:09:50  316,954/1,000,000  10.8/s  upd=7335  L=0.0370  D=1.941
[regir_untied4] 8:10:00  316,954/1,000,000  10.8/s  upd=7336  L=0.0370  D=1.941
[regir_untied4] 8:10:11  317,230/1,000,000  10.8/s  upd=7343  L=0.0440  D=1.941
[regir_untied4] 8:10:21  317,230/1,000,000  10.8/s  upd=7344  L=0.0533  D=1.941
[regir_untied4] 8:10:32  317,475/1,000,000  10.8/s  upd=7349  L=0.0263  D=1.941
[regir_untied4] 8:10:44  317,768/1,000,000  10.8/s  upd=7353  L=0.0365  D=1.941
[regir_untied4] 8:10:54  317,768/1,000,000  10.8/s  upd=7358  L=0.0259  D=1.941
[regir_untied4] 8:11:05  318,041/1,000,000  10.8/s  upd=7361  L=0.0321  D=1.941
[regir_untied4] 8:11:17  318,041/1,000,000  10.8/s  upd=7368  L=0.0517  D=1.941
[regir_untied4] 8:11:28  318,320/1,000,000  10.8/s  upd=7371  L=0.0280  D=1.941
[regir_untied4] 8:11:38  318,320/1,000,000  10.8/s  upd=7376  L=0.0331  D=1.941
[regir_untied4] 8:11:49  318,649/1,000,000  10.8/s  upd=7380  L=0.0277  D=1.941
[regir_untied4] 8:11:59  318,649/1,000,000  10.8/s  upd=7384  L=0.0312  D=1.941
[regir_untied4] 8:12:10  318,948/1,000,000  10.8/s  upd=7388  L=0.0302  D=1.941
[regir_untied4] 8:12:21  319,222/1,000,000  10.8/s  upd=7393  L=0.0264  D=1.941
[regir_untied4] 8:12:33  319,222/1,000,000  10.8/s  upd=7399  L=0.0335  D=1.941
[regir_untied4] 8:12:43  319,540/1,000,000  10.8/s  upd=7403  L=0.0361  D=1.941
[regir_untied4] 8:12:53  319,540/1,000,000  10.8/s  upd=7408  L=0.0234  D=1.941
[regir_untied4] 8:13:04  319,877/1,000,000  10.8/s  upd=7412  L=0.0285  D=1.941
[regir_untied4] 8:13:14  319,877/1,000,000  10.8/s  upd=7416  L=0.0377  D=1.941
[regir_untied4] 8:13:24  320,194/1,000,000  10.8/s  upd=7416  L=0.0377  D=1.941
[regir_untied4] 8:13:34  320,194/1,000,000  10.8/s  upd=7422  L=0.0311  D=1.941
[regir_untied4] saved resume t_env=320,194
[regir_untied4] 8:13:45  320,194/1,000,000  10.8/s  upd=7424  L=0.0376  ev=0/100  D=1.941
[regir_untied4] 8:13:55  320,194/1,000,000  10.8/s  upd=7424  L=0.0376  ev=8/100  D=1.941
[regir_untied4] 8:14:05  320,194/1,000,000  10.8/s  upd=7424  L=0.0376  ev=15/100  D=1.941
[regir_untied4] 8:14:16  320,194/1,000,000  10.8/s  upd=7424  L=0.0376  ev=27/100  D=1.941
[regir_untied4] 8:14:26  320,194/1,000,000  10.8/s  upd=7424  L=0.0376  ev=32/100  D=1.941
[regir_untied4] 8:14:36  320,194/1,000,000  10.8/s  upd=7424  L=0.0376  ev=42/100  D=1.941
[regir_untied4] 8:14:46  320,194/1,000,000  10.8/s  upd=7424  L=0.0376  ev=47/100  D=1.941
[regir_untied4] 8:14:56  320,194/1,000,000  10.8/s  upd=7424  L=0.0376  ev=56/100  D=1.941
[regir_untied4] 8:15:06  320,194/1,000,000  10.8/s  upd=7424  L=0.0376  ev=71/100  D=1.941
[regir_untied4] 8:15:16  320,194/1,000,000  10.8/s  upd=7424  L=0.0376  ev=80/100  D=1.941
[regir_untied4] 8:15:26  320,194/1,000,000  10.8/s  upd=7424  L=0.0376  ev=95/100  D=1.941
[regir_untied4] 8:15:36  320,194/1,000,000  10.8/s  upd=7424  L=0.0376  D=1.409
[regir_untied4] 8:15:46  320,512/1,000,000  10.8/s  upd=7428  L=0.0547  D=1.409
[regir_untied4] 8:15:57  320,512/1,000,000  10.8/s  upd=7432  L=0.0336  D=1.409
[regir_untied4] 8:16:08  320,837/1,000,000  10.8/s  upd=7436  L=0.0263  D=1.409
[regir_untied4] 8:16:18  320,837/1,000,000  10.8/s  upd=7440  L=0.0237  D=1.409
[regir_untied4] 8:16:29  321,120/1,000,000  10.8/s  upd=7447  L=0.0413  D=1.409
[regir_untied4] 8:16:40  321,380/1,000,000  10.8/s  upd=7450  L=0.0265  D=1.409
[regir_untied4] 8:16:50  321,380/1,000,000  10.8/s  upd=7456  L=0.0461  D=1.409
[regir_untied4] 8:17:00  321,712/1,000,000  10.8/s  upd=7459  L=0.0311  D=1.409
[regir_untied4] 8:17:10  321,712/1,000,000  10.8/s  upd=7464  L=0.0385  D=1.409
[regir_untied4] 8:17:22  322,010/1,000,000  10.8/s  upd=7466  L=0.0289  D=1.409
[regir_untied4] 8:17:33  322,010/1,000,000  10.8/s  upd=7471  L=0.0338  D=1.409
[regir_untied4] 8:17:43  322,010/1,000,000  10.8/s  upd=7472  L=0.0229  D=1.409
[regir_untied4] 8:17:55  322,347/1,000,000  10.8/s  upd=7476  L=0.0201  D=1.409
[regir_untied4] 8:18:05  322,347/1,000,000  10.8/s  upd=7480  L=0.0317  D=1.409
[regir_untied4] 8:18:16  322,703/1,000,000  10.8/s  upd=7484  L=0.0379  D=1.409
[regir_untied4] 8:18:26  322,703/1,000,000  10.8/s  upd=7488  L=0.0506  D=1.409
[regir_untied4] 8:18:39  322,994/1,000,000  10.8/s  upd=7492  L=0.0250  D=1.409
[regir_untied4] 8:18:50  322,994/1,000,000  10.8/s  upd=7496  L=0.0288  D=1.409
[regir_untied4] 8:19:00  323,255/1,000,000  10.8/s  upd=7499  L=0.0191  D=1.409
[regir_untied4] 8:19:12  323,255/1,000,000  10.8/s  upd=7504  L=0.0327  D=1.409
[regir_untied4] 8:19:22  323,535/1,000,000  10.8/s  upd=7506  L=0.0370  D=1.409
[regir_untied4] 8:19:34  323,535/1,000,000  10.8/s  upd=7512  L=0.0270  D=1.409
[regir_untied4] 8:19:45  323,820/1,000,000  10.8/s  upd=7513  L=0.0222  D=1.409
[regir_untied4] 8:19:56  323,820/1,000,000  10.8/s  upd=7518  L=0.0334  D=1.409
[regir_untied4] 8:20:06  323,820/1,000,000  10.8/s  upd=7520  L=0.0450  D=1.409
[regir_untied4] 8:20:17  324,100/1,000,000  10.8/s  upd=7525  L=0.0294  D=1.409
[regir_untied4] 8:20:27  324,100/1,000,000  10.8/s  upd=7528  L=0.0363  D=1.409
[regir_untied4] 8:20:38  324,360/1,000,000  10.8/s  upd=7532  L=0.0344  D=1.409
[regir_untied4] 8:20:48  324,360/1,000,000  10.8/s  upd=7536  L=0.0262  D=1.409
[regir_untied4] 8:21:00  324,670/1,000,000  10.8/s  upd=7539  L=0.0262  D=1.409
[regir_untied4] 8:21:10  324,670/1,000,000  10.8/s  upd=7544  L=0.0305  D=1.409
[regir_untied4] 8:21:21  324,968/1,000,000  10.8/s  upd=7547  L=0.0266  D=1.409
[regir_untied4] 8:21:32  324,968/1,000,000  10.8/s  upd=7552  L=0.0332  D=1.409
[regir_untied4] 8:21:43  325,267/1,000,000  10.8/s  upd=7556  L=0.0371  D=1.409
[regir_untied4] 8:21:53  325,267/1,000,000  10.8/s  upd=7560  L=0.0365  D=1.409
[regir_untied4] 8:22:05  325,540/1,000,000  10.8/s  upd=7564  L=0.0245  D=1.409
[regir_untied4] 8:22:16  325,540/1,000,000  10.8/s  upd=7568  L=0.0223  D=1.409
[regir_untied4] 8:22:27  325,822/1,000,000  10.8/s  upd=7570  L=0.0328  D=1.409
[regir_untied4] 8:22:37  325,822/1,000,000  10.8/s  upd=7576  L=0.0326  D=1.409
[regir_untied4] 8:22:48  326,148/1,000,000  10.8/s  upd=7578  L=0.0508  D=1.409
[regir_untied4] 8:23:00  326,148/1,000,000  10.8/s  upd=7584  L=0.0612  D=1.409
[regir_untied4] 8:23:10  326,405/1,000,000  10.8/s  upd=7586  L=0.0437  D=1.409
[regir_untied4] 8:23:21  326,405/1,000,000  10.8/s  upd=7592  L=0.0331  D=1.409
[regir_untied4] 8:23:34  326,687/1,000,000  10.8/s  upd=7595  L=0.0356  D=1.409
[regir_untied4] 8:23:44  326,687/1,000,000  10.8/s  upd=7599  L=0.0505  D=1.409
[regir_untied4] saved resume t_env=326,687
[regir_untied4] 8:23:54  326,687/1,000,000  10.8/s  upd=7600  L=0.0479  D=1.409
[regir_untied4] 8:24:06  327,000/1,000,000  10.8/s  upd=7603  L=0.0241  D=1.409
[regir_untied4] 8:24:16  327,000/1,000,000  10.8/s  upd=7608  L=0.0210  D=1.409
[regir_untied4] 8:24:27  327,312/1,000,000  10.8/s  upd=7609  L=0.0264  D=1.409
[regir_untied4] 8:24:38  327,312/1,000,000  10.8/s  upd=7614  L=0.0187  D=1.409
[regir_untied4] 8:24:48  327,312/1,000,000  10.8/s  upd=7616  L=0.0345  D=1.409
[regir_untied4] 8:25:00  327,588/1,000,000  10.8/s  upd=7620  L=0.0235  D=1.409
[regir_untied4] 8:25:10  327,588/1,000,000  10.8/s  upd=7624  L=0.0459  D=1.409
[regir_untied4] 8:25:21  327,985/1,000,000  10.8/s  upd=7625  L=0.0299  D=1.409
[regir_untied4] 8:25:33  327,985/1,000,000  10.8/s  upd=7632  L=0.0451  D=1.409
[regir_untied4] 8:25:43  327,985/1,000,000  10.8/s  upd=7632  L=0.0451  D=1.409
[regir_untied4] 8:25:54  328,251/1,000,000  10.8/s  upd=7637  L=0.0359  D=1.409
[regir_untied4] 8:26:04  328,251/1,000,000  10.8/s  upd=7640  L=0.0193  D=1.409
[regir_untied4] 8:26:16  328,535/1,000,000  10.8/s  upd=7642  L=0.0299  D=1.409
[regir_untied4] 8:26:26  328,535/1,000,000  10.8/s  upd=7648  L=0.0305  D=1.409
[regir_untied4] 8:26:38  328,873/1,000,000  10.8/s  upd=7649  L=0.0265  D=1.409
[regir_untied4] 8:26:48  328,873/1,000,000  10.8/s  upd=7653  L=0.0410  D=1.409
[regir_untied4] 8:26:58  328,873/1,000,000  10.8/s  upd=7656  L=0.0346  D=1.409
[regir_untied4] 8:27:09  329,164/1,000,000  10.8/s  upd=7658  L=0.0239  D=1.409
[regir_untied4] 8:27:19  329,164/1,000,000  10.8/s  upd=7664  L=0.0327  D=1.409
[regir_untied4] 8:27:30  329,456/1,000,000  10.8/s  upd=7666  L=0.0400  D=1.409
[regir_untied4] 8:27:40  329,456/1,000,000  10.8/s  upd=7671  L=0.0342  D=1.409
[regir_untied4] 8:27:50  329,456/1,000,000  10.8/s  upd=7672  L=0.0296  D=1.409
[regir_untied4] 8:28:01  329,793/1,000,000  10.8/s  upd=7674  L=0.0266  D=1.409
[regir_untied4] 8:28:11  329,793/1,000,000  10.8/s  upd=7680  L=0.0505  D=1.409
[regir_untied4] 8:28:22  330,080/1,000,000  10.8/s  upd=7682  L=0.0321  D=1.409
[regir_untied4] 8:28:33  330,080/1,000,000  10.8/s  upd=7687  L=0.0187  D=1.409
[regir_untied4] 8:28:44  330,374/1,000,000  10.8/s  upd=7690  L=0.0290  D=1.409
[regir_untied4] 8:28:55  330,374/1,000,000  10.8/s  upd=7695  L=0.0379  D=1.409
[regir_untied4] 8:29:07  330,687/1,000,000  10.8/s  upd=7697  L=0.0446  D=1.409
[regir_untied4] 8:29:17  330,687/1,000,000  10.8/s  upd=7701  L=0.0221  D=1.409
[regir_untied4] 8:29:27  330,687/1,000,000  10.8/s  upd=7704  L=0.0222  D=1.409
[regir_untied4] 8:29:38  330,985/1,000,000  10.8/s  upd=7708  L=0.0391  D=1.409
[regir_untied4] 8:29:48  330,985/1,000,000  10.8/s  upd=7712  L=0.0378  D=1.409
[regir_untied4] 8:30:00  331,332/1,000,000  10.8/s  upd=7716  L=0.0282  D=1.409
[regir_untied4] 8:30:10  331,332/1,000,000  10.8/s  upd=7720  L=0.0269  D=1.409
[regir_untied4] 8:30:23  331,663/1,000,000  10.8/s  upd=7725  L=0.0401  D=1.409
[regir_untied4] 8:30:33  331,663/1,000,000  10.8/s  upd=7728  L=0.0272  D=1.409
[regir_untied4] 8:30:44  332,025/1,000,000  10.8/s  upd=7731  L=0.0356  D=1.409
[regir_untied4] 8:30:55  332,025/1,000,000  10.8/s  upd=7735  L=0.0339  D=1.409
[regir_untied4] 8:31:05  332,354/1,000,000  10.8/s  upd=7738  L=0.0366  D=1.409
[regir_untied4] 8:31:17  332,354/1,000,000  10.8/s  upd=7742  L=0.0339  D=1.409
[regir_untied4] 8:31:27  332,354/1,000,000  10.8/s  upd=7744  L=0.0238  D=1.409
[regir_untied4] 8:31:39  332,655/1,000,000  10.8/s  upd=7749  L=0.0198  D=1.409
[regir_untied4] 8:31:49  332,655/1,000,000  10.8/s  upd=7752  L=0.0264  D=1.409
[regir_untied4] 8:32:00  332,947/1,000,000  10.8/s  upd=7756  L=0.0457  D=1.409
[regir_untied4] 8:32:11  332,947/1,000,000  10.8/s  upd=7760  L=0.0310  D=1.409
[regir_untied4] 8:32:22  333,207/1,000,000  10.8/s  upd=7763  L=0.0322  D=1.409
[regir_untied4] 8:32:33  333,207/1,000,000  10.8/s  upd=7768  L=0.0357  D=1.409
[regir_untied4] 8:32:44  333,497/1,000,000  10.8/s  upd=7769  L=0.0228  D=1.409
[regir_untied4] 8:32:55  333,497/1,000,000  10.8/s  upd=7775  L=0.0203  D=1.409
[regir_untied4] 8:33:07  333,834/1,000,000  10.8/s  upd=7777  L=0.0338  D=1.409
[regir_untied4] 8:33:17  333,834/1,000,000  10.8/s  upd=7782  L=0.0290  D=1.409
[regir_untied4] 8:33:27  333,834/1,000,000  10.8/s  upd=7784  L=0.0281  D=1.409
[regir_untied4] 8:33:38  334,194/1,000,000  10.8/s  upd=7786  L=0.0482  D=1.409
[regir_untied4] 8:33:50  334,194/1,000,000  10.8/s  upd=7791  L=0.0269  D=1.409
[regir_untied4] saved resume t_env=334,194
[regir_untied4] 8:34:01  334,514/1,000,000  10.8/s  upd=7793  L=0.0303  D=1.409
[regir_untied4] 8:34:11  334,514/1,000,000  10.8/s  upd=7798  L=0.0248  D=1.409
[regir_untied4] 8:34:21  334,514/1,000,000  10.8/s  upd=7800  L=0.0208  D=1.409
[regir_untied4] 8:34:32  334,772/1,000,000  10.8/s  upd=7805  L=0.0170  D=1.409
[regir_untied4] 8:34:42  334,772/1,000,000  10.8/s  upd=7808  L=0.0209  D=1.409
[regir_untied4] 8:34:52  335,042/1,000,000  10.8/s  upd=7811  L=0.0340  D=1.409
[regir_untied4] 8:35:03  335,042/1,000,000  10.8/s  upd=7815  L=0.0227  D=1.409
[regir_untied4] 8:35:13  335,042/1,000,000  10.8/s  upd=7816  L=0.0243  D=1.409
[regir_untied4] 8:35:24  335,377/1,000,000  10.8/s  upd=7820  L=0.0195  D=1.409
[regir_untied4] 8:35:34  335,377/1,000,000  10.8/s  upd=7824  L=0.0173  D=1.409
[regir_untied4] 8:35:44  335,703/1,000,000  10.8/s  upd=7827  L=0.0359  D=1.409
[regir_untied4] 8:35:54  335,703/1,000,000  10.8/s  upd=7832  L=0.0286  D=1.409
[regir_untied4] 8:36:05  335,967/1,000,000  10.8/s  upd=7833  L=0.0444  D=1.409
[regir_untied4] 8:36:17  335,967/1,000,000  10.8/s  upd=7838  L=0.0352  D=1.409
[regir_untied4] 8:36:27  335,967/1,000,000  10.8/s  upd=7840  L=0.0218  D=1.409
[regir_untied4] 8:36:38  336,282/1,000,000  10.8/s  upd=7845  L=0.0208  D=1.409
[regir_untied4] 8:36:48  336,282/1,000,000  10.8/s  upd=7848  L=0.0225  D=1.409
[regir_untied4] 8:37:01  336,618/1,000,000  10.9/s  upd=7853  L=0.0197  D=1.409
[regir_untied4] 8:37:11  336,618/1,000,000  10.8/s  upd=7856  L=0.0241  D=1.409
[regir_untied4] 8:37:22  336,966/1,000,000  10.9/s  upd=7859  L=0.0252  D=1.409
[regir_untied4] 8:37:34  336,966/1,000,000  10.9/s  upd=7864  L=0.0438  D=1.409
[regir_untied4] 8:37:45  337,260/1,000,000  10.9/s  upd=7867  L=0.0199  D=1.409
[regir_untied4] 8:37:55  337,260/1,000,000  10.9/s  upd=7871  L=0.0229  D=1.409
[regir_untied4] 8:38:06  337,529/1,000,000  10.9/s  upd=7873  L=0.0484  D=1.409
[regir_untied4] 8:38:17  337,529/1,000,000  10.9/s  upd=7879  L=0.0297  D=1.409
[regir_untied4] 8:38:27  337,529/1,000,000  10.9/s  upd=7880  L=0.0286  D=1.409
[regir_untied4] 8:38:38  337,846/1,000,000  10.9/s  upd=7884  L=0.0157  D=1.409
[regir_untied4] 8:38:48  337,846/1,000,000  10.9/s  upd=7888  L=0.0277  D=1.409
[regir_untied4] 8:38:58  338,123/1,000,000  10.9/s  upd=7893  L=0.0304  D=1.409
[regir_untied4] 8:39:08  338,123/1,000,000  10.9/s  upd=7896  L=0.0417  D=1.409
[regir_untied4] 8:39:19  338,403/1,000,000  10.9/s  upd=7900  L=0.0325  D=1.409
[regir_untied4] 8:39:29  338,403/1,000,000  10.9/s  upd=7904  L=0.0279  D=1.409
[regir_untied4] 8:39:39  338,700/1,000,000  10.9/s  upd=7908  L=0.0287  D=1.409
[regir_untied4] 8:39:50  338,700/1,000,000  10.9/s  upd=7912  L=0.0338  D=1.409
[regir_untied4] 8:40:01  339,062/1,000,000  10.9/s  upd=7915  L=0.0342  D=1.409
[regir_untied4] 8:40:11  339,062/1,000,000  10.9/s  upd=7920  L=0.0241  D=1.409
[regir_untied4] 8:40:21  339,352/1,000,000  10.9/s  upd=7924  L=0.0352  D=1.409
[regir_untied4] 8:40:31  339,352/1,000,000  10.9/s  upd=7928  L=0.0184  D=1.409
[regir_untied4] 8:40:42  339,607/1,000,000  10.9/s  upd=7934  L=0.0440  D=1.409
[regir_untied4] 8:40:52  339,607/1,000,000  10.9/s  upd=7936  L=0.0241  D=1.409
[regir_untied4] 8:41:03  339,961/1,000,000  10.9/s  upd=7942  L=0.0320  D=1.409
[regir_untied4] 8:41:13  339,961/1,000,000  10.9/s  upd=7944  L=0.0170  D=1.409
[regir_untied4] 8:41:24  340,287/1,000,000  10.9/s  upd=7950  L=0.0326  D=1.409
[regir_untied4] saved resume t_env=340,287
[regir_untied4] 8:41:35  340,287/1,000,000  10.9/s  upd=7952  L=0.0306  ev=0/100  D=1.409
[regir_untied4] 8:41:45  340,287/1,000,000  10.9/s  upd=7952  L=0.0306  ev=11/100  D=1.409
[regir_untied4] 8:41:55  340,287/1,000,000  10.9/s  upd=7952  L=0.0306  ev=15/100  D=1.409
[regir_untied4] 8:42:05  340,287/1,000,000  10.9/s  upd=7952  L=0.0306  ev=24/100  D=1.409
[regir_untied4] 8:42:15  340,287/1,000,000  10.9/s  upd=7952  L=0.0306  ev=32/100  D=1.409
[regir_untied4] 8:42:25  340,287/1,000,000  10.9/s  upd=7952  L=0.0306  ev=40/100  D=1.409
[regir_untied4] 8:42:36  340,287/1,000,000  10.9/s  upd=7952  L=0.0306  ev=54/100  D=1.409
[regir_untied4] 8:42:46  340,287/1,000,000  10.8/s  upd=7952  L=0.0306  ev=63/100  D=1.409
[regir_untied4] 8:42:56  340,287/1,000,000  10.8/s  upd=7952  L=0.0306  ev=69/100  D=1.409
[regir_untied4] 8:43:06  340,287/1,000,000  10.8/s  upd=7952  L=0.0306  ev=80/100  D=1.409
[regir_untied4] 8:43:16  340,287/1,000,000  10.8/s  upd=7952  L=0.0306  ev=89/100  D=1.409
[regir_untied4] 8:43:26  340,287/1,000,000  10.8/s  upd=7952  L=0.0306  D=1.323
[regir_untied4] 8:43:36  340,599/1,000,000  10.8/s  upd=7958  L=0.0282  D=1.323
[regir_untied4] 8:43:46  340,871/1,000,000  10.8/s  upd=7962  L=0.0247  D=1.323
[regir_untied4] 8:43:57  340,871/1,000,000  10.8/s  upd=7968  L=0.0506  D=1.323
[regir_untied4] 8:44:08  341,237/1,000,000  10.9/s  upd=7970  L=0.0297  D=1.323
[regir_untied4] 8:44:18  341,237/1,000,000  10.8/s  upd=7976  L=0.0553  D=1.323
[regir_untied4] 8:44:28  341,237/1,000,000  10.8/s  upd=7976  L=0.0553  D=1.323
[regir_untied4] 8:44:39  341,620/1,000,000  10.9/s  upd=7984  L=0.0267  D=1.323
[regir_untied4] 8:44:49  341,924/1,000,000  10.9/s  upd=7987  L=0.0386  D=1.323
[regir_untied4] 8:44:59  341,924/1,000,000  10.9/s  upd=7992  L=0.0316  D=1.323
[regir_untied4] 8:45:11  342,248/1,000,000  10.9/s  upd=7996  L=0.0230  D=1.323
[regir_untied4] 8:45:23  342,248/1,000,000  10.9/s  upd=8000  L=0.0284  D=1.323
[regir_untied4] 8:45:33  342,506/1,000,000  10.9/s  upd=8004  L=0.0276  D=1.323
[regir_untied4] 8:45:44  342,506/1,000,000  10.9/s  upd=8008  L=0.0255  D=1.323
[regir_untied4] 8:45:55  342,834/1,000,000  10.9/s  upd=8009  L=0.0298  D=1.323
[regir_untied4] 8:46:06  342,834/1,000,000  10.9/s  upd=8015  L=0.0265  D=1.323
[regir_untied4] 8:46:16  342,834/1,000,000  10.9/s  upd=8016  L=0.0231  D=1.323
[regir_untied4] 8:46:26  343,097/1,000,000  10.9/s  upd=8021  L=0.0257  D=1.323
[regir_untied4] 8:46:36  343,097/1,000,000  10.9/s  upd=8024  L=0.0339  D=1.323
[regir_untied4] 8:46:46  343,391/1,000,000  10.9/s  upd=8025  L=0.0485  D=1.323
[regir_untied4] 8:46:57  343,391/1,000,000  10.9/s  upd=8031  L=0.0211  D=1.323
[regir_untied4] 8:47:07  343,391/1,000,000  10.9/s  upd=8032  L=0.0302  D=1.323
[regir_untied4] 8:47:18  343,702/1,000,000  10.9/s  upd=8037  L=0.0401  D=1.323
[regir_untied4] 8:47:28  343,702/1,000,000  10.9/s  upd=8040  L=0.0347  D=1.323
[regir_untied4] 8:47:39  344,021/1,000,000  10.9/s  upd=8044  L=0.0441  D=1.323
[regir_untied4] 8:47:49  344,021/1,000,000  10.9/s  upd=8048  L=0.0271  D=1.323
[regir_untied4] 8:48:01  344,324/1,000,000  10.9/s  upd=8050  L=0.0253  D=1.323
[regir_untied4] 8:48:11  344,324/1,000,000  10.9/s  upd=8056  L=0.0395  D=1.323
[regir_untied4] 8:48:21  344,324/1,000,000  10.9/s  upd=8056  L=0.0395  D=1.323
[regir_untied4] 8:48:32  344,639/1,000,000  10.9/s  upd=8062  L=0.0299  D=1.323
[regir_untied4] 8:48:42  344,639/1,000,000  10.9/s  upd=8064  L=0.0258  D=1.323
[regir_untied4] 8:48:53  344,963/1,000,000  10.9/s  upd=8068  L=0.0378  D=1.323
[regir_untied4] 8:49:03  344,963/1,000,000  10.9/s  upd=8072  L=0.0314  D=1.323
[regir_untied4] 8:49:13  344,963/1,000,000  10.9/s  upd=8072  L=0.0314  D=1.323
[regir_untied4] 8:49:24  345,252/1,000,000  10.9/s  upd=8078  L=0.0193  D=1.323
[regir_untied4] 8:49:34  345,252/1,000,000  10.9/s  upd=8080  L=0.0174  D=1.323
[regir_untied4] 8:49:45  345,568/1,000,000  10.9/s  upd=8086  L=0.0481  D=1.323
[regir_untied4] 8:49:55  345,568/1,000,000  10.9/s  upd=8088  L=0.0380  D=1.323
[regir_untied4] 8:50:05  345,862/1,000,000  10.9/s  upd=8094  L=0.0203  D=1.323
[regir_untied4] 8:50:15  345,862/1,000,000  10.9/s  upd=8096  L=0.0259  D=1.323
[regir_untied4] 8:50:27  346,172/1,000,000  10.9/s  upd=8100  L=0.0266  D=1.323
[regir_untied4] 8:50:37  346,172/1,000,000  10.9/s  upd=8104  L=0.0280  D=1.323
[regir_untied4] 8:50:47  346,459/1,000,000  10.9/s  upd=8106  L=0.0296  D=1.323
[regir_untied4] 8:50:58  346,459/1,000,000  10.9/s  upd=8111  L=0.0289  D=1.323
[regir_untied4] 8:51:08  346,459/1,000,000  10.9/s  upd=8112  L=0.0424  D=1.323
[regir_untied4] 8:51:19  346,775/1,000,000  10.9/s  upd=8118  L=0.0244  D=1.323
[regir_untied4] 8:51:30  347,101/1,000,000  10.9/s  upd=8122  L=0.0343  D=1.323
[regir_untied4] 8:51:42  347,101/1,000,000  10.9/s  upd=8127  L=0.0442  D=1.323
[regir_untied4] saved resume t_env=347,101
[regir_untied4] 8:51:52  347,101/1,000,000  10.9/s  upd=8128  L=0.0263  D=1.323
[regir_untied4] 8:52:03  347,429/1,000,000  10.9/s  upd=8132  L=0.0345  D=1.323
[regir_untied4] 8:52:13  347,429/1,000,000  10.9/s  upd=8136  L=0.0282  D=1.323
[regir_untied4] 8:52:24  347,731/1,000,000  10.9/s  upd=8137  L=0.0353  D=1.323
[regir_untied4] 8:52:35  347,731/1,000,000  10.9/s  upd=8141  L=0.0390  D=1.323
[regir_untied4] 8:52:45  347,731/1,000,000  10.9/s  upd=8144  L=0.0180  D=1.323
[regir_untied4] 8:52:57  348,040/1,000,000  10.9/s  upd=8148  L=0.0213  D=1.323
[regir_untied4] 8:53:07  348,040/1,000,000  10.9/s  upd=8152  L=0.0275  D=1.323
[regir_untied4] 8:53:18  348,394/1,000,000  10.9/s  upd=8156  L=0.0234  D=1.323
[regir_untied4] 8:53:28  348,394/1,000,000  10.9/s  upd=8160  L=0.0203  D=1.323
[regir_untied4] 8:53:38  348,722/1,000,000  10.9/s  upd=8162  L=0.0304  D=1.323
[regir_untied4] 8:53:50  348,722/1,000,000  10.9/s  upd=8167  L=0.0405  D=1.323
[regir_untied4] 8:54:01  348,997/1,000,000  10.9/s  upd=8169  L=0.0328  D=1.323
[regir_untied4] 8:54:12  348,997/1,000,000  10.9/s  upd=8175  L=0.0224  D=1.323
[regir_untied4] 8:54:22  348,997/1,000,000  10.9/s  upd=8176  L=0.0308  D=1.323
[regir_untied4] 8:54:33  349,323/1,000,000  10.9/s  upd=8182  L=0.0390  D=1.323
[regir_untied4] 8:54:43  349,323/1,000,000  10.9/s  upd=8184  L=0.0188  D=1.323
[regir_untied4] 8:54:54  349,671/1,000,000  10.9/s  upd=8188  L=0.0232  D=1.323
[regir_untied4] 8:55:04  349,671/1,000,000  10.9/s  upd=8192  L=0.0217  D=1.323
[regir_untied4] 8:55:15  349,967/1,000,000  10.9/s  upd=8194  L=0.0228  D=1.323
[regir_untied4] 8:55:25  349,967/1,000,000  10.9/s  upd=8200  L=0.0442  D=1.323
[regir_untied4] 8:55:35  349,967/1,000,000  10.9/s  upd=8200  L=0.0442  D=1.323
[regir_untied4] 8:55:46  350,299/1,000,000  10.9/s  upd=8204  L=0.0360  D=1.323
[regir_untied4] 8:55:56  350,299/1,000,000  10.9/s  upd=8208  L=0.0291  D=1.323
[regir_untied4] 8:56:08  350,608/1,000,000  10.9/s  upd=8212  L=0.0341  D=1.323
[regir_untied4] 8:56:18  350,608/1,000,000  10.9/s  upd=8216  L=0.0345  D=1.323
[regir_untied4] 8:56:29  350,929/1,000,000  10.9/s  upd=8220  L=0.0396  D=1.323
[regir_untied4] 8:56:39  350,929/1,000,000  10.9/s  upd=8224  L=0.0231  D=1.323
[regir_untied4] 8:56:50  351,221/1,000,000  10.9/s  upd=8228  L=0.0234  D=1.323
[regir_untied4] 8:57:00  351,221/1,000,000  10.9/s  upd=8232  L=0.0280  D=1.323
[regir_untied4] 8:57:10  351,493/1,000,000  10.9/s  upd=8236  L=0.0321  D=1.323
[regir_untied4] 8:57:20  351,493/1,000,000  10.9/s  upd=8240  L=0.0248  D=1.323
[regir_untied4] 8:57:31  351,817/1,000,000  10.9/s  upd=8242  L=0.0224  D=1.323
[regir_untied4] 8:57:42  351,817/1,000,000  10.9/s  upd=8246  L=0.0307  D=1.323
[regir_untied4] 8:57:52  351,817/1,000,000  10.9/s  upd=8248  L=0.0319  D=1.323
[regir_untied4] 8:58:04  352,132/1,000,000  10.9/s  upd=8252  L=0.0233  D=1.323
[regir_untied4] 8:58:14  352,132/1,000,000  10.9/s  upd=8256  L=0.0476  D=1.323
[regir_untied4] 8:58:26  352,432/1,000,000  10.9/s  upd=8261  L=0.0341  D=1.323
[regir_untied4] 8:58:36  352,432/1,000,000  10.9/s  upd=8264  L=0.0200  D=1.323
[regir_untied4] 8:58:48  352,730/1,000,000  10.9/s  upd=8268  L=0.0278  D=1.323
[regir_untied4] 8:58:58  352,730/1,000,000  10.9/s  upd=8272  L=0.0346  D=1.323
[regir_untied4] 8:59:08  352,974/1,000,000  10.9/s  upd=8275  L=0.0361  D=1.323
[regir_untied4] 8:59:19  352,974/1,000,000  10.9/s  upd=8280  L=0.0361  D=1.323
[regir_untied4] 8:59:29  352,974/1,000,000  10.9/s  upd=8280  L=0.0361  D=1.323
[regir_untied4] 8:59:41  353,265/1,000,000  10.9/s  upd=8285  L=0.0344  D=1.323
[regir_untied4] 8:59:51  353,265/1,000,000  10.9/s  upd=8288  L=0.0308  D=1.323
[regir_untied4] 9:00:01  353,625/1,000,000  10.9/s  upd=8290  L=0.0296  D=1.323
[regir_untied4] 9:00:13  353,625/1,000,000  10.9/s  upd=8296  L=0.0314  D=1.323
[regir_untied4] 9:00:23  353,939/1,000,000  10.9/s  upd=8297  L=0.0392  D=1.323
[regir_untied4] 9:00:35  353,939/1,000,000  10.9/s  upd=8303  L=0.0286  D=1.323
[regir_untied4] 9:00:45  353,939/1,000,000  10.9/s  upd=8304  L=0.0326  D=1.323
[regir_untied4] 9:00:57  354,330/1,000,000  10.9/s  upd=8310  L=0.0252  D=1.323
[regir_untied4] 9:01:07  354,330/1,000,000  10.9/s  upd=8312  L=0.0327  D=1.323
[regir_untied4] 9:01:18  354,650/1,000,000  10.9/s  upd=8317  L=0.0256  D=1.323
[regir_untied4] 9:01:28  354,650/1,000,000  10.9/s  upd=8320  L=0.0320  D=1.323
[regir_untied4] 9:01:39  354,954/1,000,000  10.9/s  upd=8323  L=0.0265  D=1.323
[regir_untied4] 9:01:49  354,954/1,000,000  10.9/s  upd=8328  L=0.0333  D=1.323
[regir_untied4] 9:02:01  355,279/1,000,000  10.9/s  upd=8330  L=0.0276  D=1.323
[regir_untied4] 9:02:11  355,279/1,000,000  10.9/s  upd=8335  L=0.0477  D=1.323
[regir_untied4] saved resume t_env=355,279
[regir_untied4] 9:02:21  355,279/1,000,000  10.9/s  upd=8336  L=0.0280  D=1.323
[regir_untied4] 9:02:34  355,578/1,000,000  10.9/s  upd=8340  L=0.0216  D=1.323
[regir_untied4] 9:02:44  355,578/1,000,000  10.9/s  upd=8344  L=0.0388  D=1.323
[regir_untied4] 9:02:55  355,911/1,000,000  10.9/s  upd=8347  L=0.0307  D=1.323
[regir_untied4] 9:03:05  355,911/1,000,000  10.9/s  upd=8352  L=0.0232  D=1.323
[regir_untied4] 9:03:16  356,227/1,000,000  10.9/s  upd=8355  L=0.0358  D=1.323
[regir_untied4] 9:03:26  356,227/1,000,000  10.9/s  upd=8360  L=0.0319  D=1.323
[regir_untied4] 9:03:36  356,227/1,000,000  10.9/s  upd=8360  L=0.0319  D=1.323
[regir_untied4] 9:03:48  356,631/1,000,000  10.9/s  upd=8364  L=0.0262  D=1.323
[regir_untied4] 9:03:58  356,631/1,000,000  10.9/s  upd=8368  L=0.0269  D=1.323
[regir_untied4] 9:04:10  356,959/1,000,000  10.9/s  upd=8369  L=0.0219  D=1.323
[regir_untied4] 9:04:22  356,959/1,000,000  10.9/s  upd=8375  L=0.0306  D=1.323
[regir_untied4] 9:04:32  356,959/1,000,000  10.9/s  upd=8376  L=0.0229  D=1.323
[regir_untied4] 9:04:42  357,296/1,000,000  10.9/s  upd=8382  L=0.0356  D=1.323
[regir_untied4] 9:04:52  357,296/1,000,000  10.9/s  upd=8384  L=0.0337  D=1.323
[regir_untied4] 9:05:04  357,592/1,000,000  10.9/s  upd=8387  L=0.0180  D=1.323
[regir_untied4] 9:05:14  357,592/1,000,000  10.9/s  upd=8392  L=0.0387  D=1.323
[regir_untied4] 9:05:25  357,867/1,000,000  10.9/s  upd=8394  L=0.0287  D=1.323
[regir_untied4] 9:05:36  357,867/1,000,000  10.9/s  upd=8400  L=0.0566  D=1.323
[regir_untied4] 9:05:48  358,217/1,000,000  10.9/s  upd=8403  L=0.0254  D=1.323
[regir_untied4] 9:06:00  358,217/1,000,000  10.9/s  upd=8408  L=0.0280  D=1.323
[regir_untied4] 9:06:10  358,499/1,000,000  10.9/s  upd=8410  L=0.0250  D=1.323
[regir_untied4] 9:06:21  358,499/1,000,000  10.9/s  upd=8416  L=0.0213  D=1.323
[regir_untied4] 9:06:31  358,499/1,000,000  10.9/s  upd=8416  L=0.0213  D=1.323
[regir_untied4] 9:06:41  358,796/1,000,000  10.9/s  upd=8422  L=0.0333  D=1.323
[regir_untied4] 9:06:53  359,101/1,000,000  10.9/s  upd=8425  L=0.0273  D=1.323
[regir_untied4] 9:07:04  359,101/1,000,000  10.9/s  upd=8430  L=0.0235  D=1.323
[regir_untied4] 9:07:15  359,417/1,000,000  10.9/s  upd=8435  L=0.0215  D=1.323
[regir_untied4] 9:07:25  359,417/1,000,000  10.9/s  upd=8440  L=0.0444  D=1.323
[regir_untied4] 9:07:36  359,704/1,000,000  10.9/s  upd=8444  L=0.0278  D=1.323
[regir_untied4] 9:07:46  359,704/1,000,000  10.9/s  upd=8448  L=0.0223  D=1.323
[regir_untied4] 9:07:56  360,002/1,000,000  11.0/s  upd=8453  L=0.0236  D=1.323
[regir_untied4] saved resume t_env=360,002
[regir_untied4] 9:08:09  360,002/1,000,000  10.9/s  upd=8456  L=0.0341  ev=0/100  D=1.323
[regir_untied4] 9:08:19  360,002/1,000,000  10.9/s  upd=8456  L=0.0341  ev=11/100  D=1.323
[regir_untied4] 9:08:29  360,002/1,000,000  10.9/s  upd=8456  L=0.0341  ev=24/100  D=1.323
[regir_untied4] 9:08:39  360,002/1,000,000  10.9/s  upd=8456  L=0.0341  ev=40/100  D=1.323
[regir_untied4] 9:08:50  360,002/1,000,000  10.9/s  upd=8456  L=0.0341  ev=55/100  D=1.323
[regir_untied4] 9:09:00  360,002/1,000,000  10.9/s  upd=8456  L=0.0341  ev=56/100  D=1.323
[regir_untied4] 9:09:10  360,002/1,000,000  10.9/s  upd=8456  L=0.0341  ev=64/100  D=1.323
[regir_untied4] 9:09:20  360,002/1,000,000  10.9/s  upd=8456  L=0.0341  ev=71/100  D=1.323
[regir_untied4] 9:09:30  360,002/1,000,000  10.9/s  upd=8456  L=0.0341  ev=80/100  D=1.323
[regir_untied4] 9:09:40  360,002/1,000,000  10.9/s  upd=8456  L=0.0341  ev=94/100  D=1.323
[regir_untied4] 9:09:50  360,002/1,000,000  10.9/s  upd=8456  L=0.0341  D=1.480
[regir_untied4] 9:10:00  360,304/1,000,000  10.9/s  upd=8462  L=0.0247  D=1.480
[regir_untied4] 9:10:10  360,614/1,000,000  10.9/s  upd=8466  L=0.0196  D=1.480
[regir_untied4] 9:10:21  360,614/1,000,000  10.9/s  upd=8472  L=0.0253  D=1.480
[regir_untied4] 9:10:31  360,918/1,000,000  10.9/s  upd=8476  L=0.0283  D=1.480
[regir_untied4] 9:10:41  360,918/1,000,000  10.9/s  upd=8480  L=0.0247  D=1.480
[regir_untied4] 9:10:52  361,185/1,000,000  10.9/s  upd=8485  L=0.0245  D=1.480
[regir_untied4] 9:11:02  361,185/1,000,000  10.9/s  upd=8488  L=0.0350  D=1.480
[regir_untied4] 9:11:12  361,520/1,000,000  10.9/s  upd=8493  L=0.0427  D=1.480
[regir_untied4] 9:11:23  361,822/1,000,000  10.9/s  upd=8497  L=0.0222  D=1.480
[regir_untied4] 9:11:33  361,822/1,000,000  10.9/s  upd=8502  L=0.0266  D=1.480
[regir_untied4] 9:11:43  361,822/1,000,000  10.9/s  upd=8504  L=0.0201  D=1.480
[regir_untied4] 9:11:54  362,152/1,000,000  10.9/s  upd=8508  L=0.0293  D=1.480
[regir_untied4] 9:12:04  362,152/1,000,000  10.9/s  upd=8512  L=0.0220  D=1.480
[regir_untied4] 9:12:16  362,443/1,000,000  10.9/s  upd=8515  L=0.0242  D=1.480
[regir_untied4] 9:12:26  362,443/1,000,000  10.9/s  upd=8520  L=0.0202  D=1.480
[regir_untied4] 9:12:37  362,689/1,000,000  10.9/s  upd=8523  L=0.0162  D=1.480
[regir_untied4] 9:12:47  362,689/1,000,000  10.9/s  upd=8527  L=0.0194  D=1.480
[regir_untied4] 9:12:58  363,009/1,000,000  10.9/s  upd=8529  L=0.0289  D=1.480
[regir_untied4] 9:13:10  363,009/1,000,000  10.9/s  upd=8534  L=0.0431  D=1.480
[regir_untied4] 9:13:22  363,287/1,000,000  10.9/s  upd=8539  L=0.0187  D=1.480
[regir_untied4] 9:13:33  363,287/1,000,000  10.9/s  upd=8543  L=0.0277  D=1.480
[regir_untied4] 9:13:43  363,287/1,000,000  10.9/s  upd=8544  L=0.0223  D=1.480
[regir_untied4] 9:13:53  363,642/1,000,000  10.9/s  upd=8547  L=0.0289  D=1.480
[regir_untied4] 9:14:03  363,642/1,000,000  10.9/s  upd=8552  L=0.0359  D=1.480
[regir_untied4] 9:14:13  363,642/1,000,000  10.9/s  upd=8552  L=0.0359  D=1.480
[regir_untied4] 9:14:24  363,966/1,000,000  10.9/s  upd=8557  L=0.0285  D=1.480
[regir_untied4] 9:14:35  363,966/1,000,000  10.9/s  upd=8560  L=0.0216  D=1.480
[regir_untied4] 9:14:46  364,272/1,000,000  10.9/s  upd=8563  L=0.0310  D=1.480
[regir_untied4] 9:14:56  364,272/1,000,000  10.9/s  upd=8568  L=0.0293  D=1.480
[regir_untied4] 9:15:06  364,272/1,000,000  10.9/s  upd=8568  L=0.0293  D=1.480
[regir_untied4] 9:15:18  364,590/1,000,000  10.9/s  upd=8575  L=0.0204  D=1.480
[regir_untied4] 9:15:28  364,590/1,000,000  10.9/s  upd=8576  L=0.0198  D=1.480
[regir_untied4] 9:15:38  364,902/1,000,000  10.9/s  upd=8580  L=0.0351  D=1.480
[regir_untied4] 9:15:49  364,902/1,000,000  10.9/s  upd=8584  L=0.0245  D=1.480
[regir_untied4] 9:16:00  365,219/1,000,000  10.9/s  upd=8586  L=0.0194  D=1.480
[regir_untied4] 9:16:13  365,219/1,000,000  10.9/s  upd=8592  L=0.0394  D=1.480
[regir_untied4] 9:16:23  365,219/1,000,000  10.9/s  upd=8592  L=0.0394  D=1.480
[regir_untied4] 9:16:35  365,586/1,000,000  10.9/s  upd=8598  L=0.0356  D=1.480
[regir_untied4] 9:16:45  365,586/1,000,000  10.9/s  upd=8600  L=0.0303  D=1.480
[regir_untied4] 9:16:55  365,920/1,000,000  11.0/s  upd=8605  L=0.0436  D=1.480
[regir_untied4] 9:17:05  365,920/1,000,000  10.9/s  upd=8608  L=0.0215  D=1.480
[regir_untied4] 9:17:16  366,272/1,000,000  11.0/s  upd=8612  L=0.0268  D=1.480
[regir_untied4] 9:17:26  366,272/1,000,000  11.0/s  upd=8616  L=0.0236  D=1.480
[regir_untied4] 9:17:37  366,635/1,000,000  11.0/s  upd=8619  L=0.0290  D=1.480
[regir_untied4] 9:17:48  366,635/1,000,000  11.0/s  upd=8623  L=0.0233  D=1.480
[regir_untied4] 9:17:59  366,921/1,000,000  11.0/s  upd=8627  L=0.0142  D=1.480
[regir_untied4] saved resume t_env=366,921
[regir_untied4] 9:18:10  366,921/1,000,000  11.0/s  upd=8632  L=0.0229  D=1.480
[regir_untied4] 9:18:20  366,921/1,000,000  11.0/s  upd=8632  L=0.0229  D=1.480
[regir_untied4] 9:18:30  367,242/1,000,000  11.0/s  upd=8640  L=0.0305  D=1.480
[regir_untied4] 9:18:42  367,482/1,000,000  11.0/s  upd=8642  L=0.0259  D=1.480
[regir_untied4] 9:18:52  367,482/1,000,000  11.0/s  upd=8648  L=0.0348  D=1.480
[regir_untied4] 9:19:02  367,482/1,000,000  11.0/s  upd=8648  L=0.0348  D=1.480
[regir_untied4] 9:19:13  367,786/1,000,000  11.0/s  upd=8654  L=0.0405  D=1.480
[regir_untied4] 9:19:23  367,786/1,000,000  11.0/s  upd=8656  L=0.0260  D=1.480
[regir_untied4] 9:19:33  368,132/1,000,000  11.0/s  upd=8660  L=0.0244  D=1.480
[regir_untied4] 9:19:44  368,132/1,000,000  11.0/s  upd=8664  L=0.0242  D=1.480
[regir_untied4] 9:19:54  368,477/1,000,000  11.0/s  upd=8666  L=0.0227  D=1.480
[regir_untied4] 9:20:05  368,477/1,000,000  11.0/s  upd=8672  L=0.0283  D=1.480
[regir_untied4] 9:20:17  368,771/1,000,000  11.0/s  upd=8675  L=0.0211  D=1.480
[regir_untied4] 9:20:27  368,771/1,000,000  11.0/s  upd=8680  L=0.0246  D=1.480
[regir_untied4] 9:20:38  369,085/1,000,000  11.0/s  upd=8682  L=0.0357  D=1.480
[regir_untied4] 9:20:48  369,085/1,000,000  11.0/s  upd=8687  L=0.0304  D=1.480
[regir_untied4] 9:20:58  369,085/1,000,000  11.0/s  upd=8688  L=0.0366  D=1.480
[regir_untied4] 9:21:09  369,401/1,000,000  11.0/s  upd=8695  L=0.0303  D=1.480
[regir_untied4] 9:21:19  369,401/1,000,000  11.0/s  upd=8696  L=0.0218  D=1.480
[regir_untied4] 9:21:30  369,760/1,000,000  11.0/s  upd=8702  L=0.0367  D=1.480
[regir_untied4] 9:21:40  369,760/1,000,000  11.0/s  upd=8704  L=0.0228  D=1.480
[regir_untied4] 9:21:51  370,070/1,000,000  11.0/s  upd=8709  L=0.0271  D=1.480
[regir_untied4] 9:22:01  370,070/1,000,000  11.0/s  upd=8712  L=0.0192  D=1.480
[regir_untied4] 9:22:11  370,070/1,000,000  11.0/s  upd=8712  L=0.0192  D=1.480
[regir_untied4] 9:22:22  370,395/1,000,000  11.0/s  upd=8717  L=0.0327  D=1.480
[regir_untied4] 9:22:32  370,395/1,000,000  11.0/s  upd=8720  L=0.0331  D=1.480
[regir_untied4] 9:22:45  370,681/1,000,000  11.0/s  upd=8725  L=0.0228  D=1.480
[regir_untied4] 9:22:55  370,681/1,000,000  11.0/s  upd=8728  L=0.0266  D=1.480
[regir_untied4] 9:23:08  371,012/1,000,000  11.0/s  upd=8732  L=0.0233  D=1.480
[regir_untied4] 9:23:18  371,012/1,000,000  11.0/s  upd=8736  L=0.0313  D=1.480
[regir_untied4] 9:23:29  371,341/1,000,000  11.0/s  upd=8739  L=0.0274  D=1.480
[regir_untied4] 9:23:40  371,341/1,000,000  11.0/s  upd=8744  L=0.0484  D=1.480
[regir_untied4] 9:23:50  371,341/1,000,000  11.0/s  upd=8744  L=0.0484  D=1.480
[regir_untied4] 9:24:01  371,724/1,000,000  11.0/s  upd=8747  L=0.0269  D=1.480
[regir_untied4] 9:24:12  371,724/1,000,000  11.0/s  upd=8752  L=0.0339  D=1.480
[regir_untied4] 9:24:23  372,024/1,000,000  11.0/s  upd=8758  L=0.0254  D=1.480
[regir_untied4] 9:24:34  372,024/1,000,000  11.0/s  upd=8760  L=0.0212  D=1.480
[regir_untied4] 9:24:44  372,296/1,000,000  11.0/s  upd=8765  L=0.0340  D=1.480
[regir_untied4] 9:24:54  372,296/1,000,000  11.0/s  upd=8768  L=0.0203  D=1.480
[regir_untied4] 9:25:06  372,608/1,000,000  11.0/s  upd=8771  L=0.0226  D=1.480
[regir_untied4] 9:25:16  372,608/1,000,000  11.0/s  upd=8776  L=0.0415  D=1.480
[regir_untied4] 9:25:26  372,966/1,000,000  11.0/s  upd=8778  L=0.0352  D=1.480
[regir_untied4] 9:25:38  372,966/1,000,000  11.0/s  upd=8782  L=0.0236  D=1.480
[regir_untied4] 9:25:48  372,966/1,000,000  11.0/s  upd=8784  L=0.0315  D=1.480
[regir_untied4] 9:25:58  373,319/1,000,000  11.0/s  upd=8789  L=0.0185  D=1.480
[regir_untied4] 9:26:08  373,319/1,000,000  11.0/s  upd=8792  L=0.0325  D=1.480
[regir_untied4] 9:26:19  373,698/1,000,000  11.0/s  upd=8797  L=0.0271  D=1.480
[regir_untied4] 9:26:29  373,698/1,000,000  11.0/s  upd=8800  L=0.0301  D=1.480
[regir_untied4] 9:26:40  374,019/1,000,000  11.0/s  upd=8803  L=0.0346  D=1.480
[regir_untied4] 9:26:51  374,019/1,000,000  11.0/s  upd=8807  L=0.0272  D=1.480
[regir_untied4] 9:27:02  374,308/1,000,000  11.0/s  upd=8810  L=0.0228  D=1.480
[regir_untied4] 9:27:14  374,308/1,000,000  11.0/s  upd=8816  L=0.0188  D=1.480
[regir_untied4] 9:27:25  374,593/1,000,000  11.0/s  upd=8818  L=0.0280  D=1.480
[regir_untied4] 9:27:35  374,593/1,000,000  11.0/s  upd=8824  L=0.0244  D=1.480
[regir_untied4] 9:27:47  374,890/1,000,000  11.0/s  upd=8827  L=0.0178  D=1.480
[regir_untied4] 9:27:57  374,890/1,000,000  11.0/s  upd=8832  L=0.0234  D=1.480
[regir_untied4] 9:28:08  375,190/1,000,000  11.0/s  upd=8835  L=0.0263  D=1.480
[regir_untied4] saved resume t_env=375,190
[regir_untied4] 9:28:20  375,190/1,000,000  11.0/s  upd=8840  L=0.0239  D=1.480
[regir_untied4] 9:28:32  375,504/1,000,000  11.0/s  upd=8842  L=0.0191  D=1.480
[regir_untied4] 9:28:43  375,504/1,000,000  11.0/s  upd=8848  L=0.0275  D=1.480
[regir_untied4] 9:28:54  375,810/1,000,000  11.0/s  upd=8850  L=0.0340  D=1.480
[regir_untied4] 9:29:05  375,810/1,000,000  11.0/s  upd=8855  L=0.0489  D=1.480
[regir_untied4] 9:29:15  375,810/1,000,000  11.0/s  upd=8856  L=0.0479  D=1.480
[regir_untied4] 9:29:26  376,188/1,000,000  11.0/s  upd=8860  L=0.0421  D=1.480
[regir_untied4] 9:29:36  376,188/1,000,000  11.0/s  upd=8864  L=0.0286  D=1.480
[regir_untied4] 9:29:46  376,547/1,000,000  11.0/s  upd=8865  L=0.0210  D=1.480
[regir_untied4] 9:29:58  376,547/1,000,000  11.0/s  upd=8871  L=0.0186  D=1.480
[regir_untied4] 9:30:08  376,547/1,000,000  11.0/s  upd=8872  L=0.0172  D=1.480
[regir_untied4] 9:30:19  376,891/1,000,000  11.0/s  upd=8876  L=0.0247  D=1.480
[regir_untied4] 9:30:29  376,891/1,000,000  11.0/s  upd=8880  L=0.0344  D=1.480
[regir_untied4] 9:30:39  377,218/1,000,000  11.0/s  upd=8882  L=0.0448  D=1.480
[regir_untied4] 9:30:49  377,218/1,000,000  11.0/s  upd=8886  L=0.0198  D=1.480
[regir_untied4] 9:30:59  377,218/1,000,000  11.0/s  upd=8888  L=0.0280  D=1.480
[regir_untied4] 9:31:10  377,510/1,000,000  11.0/s  upd=8893  L=0.0144  D=1.480
[regir_untied4] 9:31:20  377,510/1,000,000  11.0/s  upd=8896  L=0.0301  D=1.480
[regir_untied4] 9:31:30  377,830/1,000,000  11.0/s  upd=8898  L=0.0193  D=1.480
[regir_untied4] 9:31:41  377,830/1,000,000  11.0/s  upd=8902  L=0.0231  D=1.480
[regir_untied4] 9:31:51  377,830/1,000,000  11.0/s  upd=8904  L=0.0334  D=1.480
[regir_untied4] 9:32:01  378,147/1,000,000  11.0/s  upd=8907  L=0.0349  D=1.480
[regir_untied4] 9:32:12  378,147/1,000,000  11.0/s  upd=8911  L=0.0214  D=1.480
[regir_untied4] 9:32:24  378,467/1,000,000  11.0/s  upd=8914  L=0.0287  D=1.480
[regir_untied4] 9:32:34  378,467/1,000,000  11.0/s  upd=8919  L=0.0236  D=1.480
[regir_untied4] 9:32:44  378,467/1,000,000  11.0/s  upd=8920  L=0.0250  D=1.480
[regir_untied4] 9:32:55  378,820/1,000,000  11.0/s  upd=8927  L=0.0301  D=1.480
[regir_untied4] 9:33:05  378,820/1,000,000  11.0/s  upd=8928  L=0.0259  D=1.480
[regir_untied4] 9:33:18  379,104/1,000,000  11.0/s  upd=8935  L=0.0289  D=1.480
[regir_untied4] 9:33:28  379,104/1,000,000  11.0/s  upd=8936  L=0.0226  D=1.480
[regir_untied4] 9:33:39  379,490/1,000,000  11.0/s  upd=8941  L=0.0576  D=1.480
[regir_untied4] 9:33:49  379,490/1,000,000  11.0/s  upd=8944  L=0.0252  D=1.480
[regir_untied4] 9:34:00  379,803/1,000,000  11.0/s  upd=8948  L=0.0271  D=1.480
[regir_untied4] 9:34:10  379,803/1,000,000  11.0/s  upd=8952  L=0.0367  D=1.480
[regir_untied4] 9:34:21  380,151/1,000,000  11.0/s  upd=8957  L=0.0321  D=1.480
[regir_untied4] saved resume t_env=380,151
[regir_untied4] 9:34:31  380,151/1,000,000  11.0/s  upd=8960  L=0.0241  ev=0/100  D=1.480
[regir_untied4] 9:34:41  380,151/1,000,000  11.0/s  upd=8960  L=0.0241  ev=9/100  D=1.480
[regir_untied4] 9:34:51  380,151/1,000,000  11.0/s  upd=8960  L=0.0241  ev=23/100  D=1.480
[regir_untied4] 9:35:02  380,151/1,000,000  11.0/s  upd=8960  L=0.0241  ev=32/100  D=1.480
[regir_untied4] 9:35:12  380,151/1,000,000  11.0/s  upd=8960  L=0.0241  ev=47/100  D=1.480
[regir_untied4] 9:35:22  380,151/1,000,000  11.0/s  upd=8960  L=0.0241  ev=55/100  D=1.480
[regir_untied4] 9:35:32  380,151/1,000,000  11.0/s  upd=8960  L=0.0241  ev=64/100  D=1.480
[regir_untied4] 9:35:42  380,151/1,000,000  11.0/s  upd=8960  L=0.0241  ev=79/100  D=1.480
[regir_untied4] 9:35:52  380,151/1,000,000  11.0/s  upd=8960  L=0.0241  ev=88/100  D=1.480
[regir_untied4] 9:36:02  380,151/1,000,000  11.0/s  upd=8960  L=0.0241  ev=99/100  D=1.480
[regir_untied4] 9:36:13  380,491/1,000,000  11.0/s  upd=8963  L=0.0350  D=1.846
[regir_untied4] 9:36:23  380,491/1,000,000  11.0/s  upd=8968  L=0.0247  D=1.846
[regir_untied4] 9:36:34  380,775/1,000,000  11.0/s  upd=8976  L=0.0404  D=1.846
[regir_untied4] 9:36:44  381,051/1,000,000  11.0/s  upd=8979  L=0.0218  D=1.846
[regir_untied4] 9:36:54  381,051/1,000,000  11.0/s  upd=8984  L=0.0193  D=1.846
[regir_untied4] 9:37:04  381,347/1,000,000  11.0/s  upd=8990  L=0.0242  D=1.846
[regir_untied4] 9:37:16  381,653/1,000,000  11.0/s  upd=8994  L=0.0253  D=1.846
[regir_untied4] 9:37:28  381,653/1,000,000  11.0/s  upd=9000  L=0.0198  D=1.846
[regir_untied4] 9:37:38  382,058/1,000,000  11.0/s  upd=9003  L=0.0282  D=1.846
[regir_untied4] 9:37:49  382,058/1,000,000  11.0/s  upd=9007  L=0.0336  D=1.846
[regir_untied4] 9:37:59  382,393/1,000,000  11.0/s  upd=9009  L=0.0387  D=1.846
[regir_untied4] 9:38:10  382,393/1,000,000  11.0/s  upd=9015  L=0.0232  D=1.846
[regir_untied4] 9:38:20  382,689/1,000,000  11.0/s  upd=9018  L=0.0265  D=1.846
[regir_untied4] 9:38:31  382,689/1,000,000  11.0/s  upd=9024  L=0.0259  D=1.846
[regir_untied4] 9:38:41  383,018/1,000,000  11.0/s  upd=9025  L=0.0298  D=1.846
[regir_untied4] 9:38:53  383,018/1,000,000  11.0/s  upd=9031  L=0.0251  D=1.846
[regir_untied4] 9:39:03  383,018/1,000,000  11.0/s  upd=9032  L=0.0187  D=1.846
[regir_untied4] 9:39:14  383,295/1,000,000  11.0/s  upd=9037  L=0.0302  D=1.846
[regir_untied4] 9:39:24  383,295/1,000,000  11.0/s  upd=9040  L=0.0469  D=1.846
[regir_untied4] 9:39:35  383,602/1,000,000  11.0/s  upd=9041  L=0.0458  D=1.846
[regir_untied4] 9:39:46  383,602/1,000,000  11.0/s  upd=9048  L=0.0222  D=1.846
[regir_untied4] 9:39:56  383,602/1,000,000  11.0/s  upd=9048  L=0.0222  D=1.846
[regir_untied4] 9:40:07  383,921/1,000,000  11.0/s  upd=9055  L=0.0299  D=1.846
[regir_untied4] 9:40:17  383,921/1,000,000  11.0/s  upd=9056  L=0.0316  D=1.846
[regir_untied4] 9:40:29  384,242/1,000,000  11.0/s  upd=9061  L=0.0442  D=1.846
[regir_untied4] 9:40:39  384,242/1,000,000  11.0/s  upd=9064  L=0.0341  D=1.846
[regir_untied4] 9:40:50  384,587/1,000,000  11.0/s  upd=9068  L=0.0268  D=1.846
[regir_untied4] 9:41:00  384,587/1,000,000  11.0/s  upd=9072  L=0.0186  D=1.846
[regir_untied4] 9:41:12  384,912/1,000,000  11.0/s  upd=9075  L=0.0227  D=1.846
[regir_untied4] 9:41:22  384,912/1,000,000  11.0/s  upd=9080  L=0.0225  D=1.846
[regir_untied4] 9:41:34  385,209/1,000,000  11.0/s  upd=9081  L=0.0241  D=1.846
[regir_untied4] 9:41:45  385,209/1,000,000  11.0/s  upd=9088  L=0.0361  D=1.846
[regir_untied4] 9:41:55  385,209/1,000,000  11.0/s  upd=9088  L=0.0361  D=1.846
[regir_untied4] 9:42:05  385,542/1,000,000  11.0/s  upd=9093  L=0.0330  D=1.846
[regir_untied4] 9:42:15  385,542/1,000,000  11.0/s  upd=9096  L=0.0309  D=1.846
[regir_untied4] 9:42:26  385,867/1,000,000  11.0/s  upd=9100  L=0.0214  D=1.846
[regir_untied4] 9:42:36  385,867/1,000,000  11.0/s  upd=9104  L=0.0180  D=1.846
[regir_untied4] 9:42:47  386,194/1,000,000  11.0/s  upd=9105  L=0.0225  D=1.846
[regir_untied4] 9:42:58  386,194/1,000,000  11.0/s  upd=9111  L=0.0330  D=1.846
[regir_untied4] 9:43:08  386,194/1,000,000  11.0/s  upd=9112  L=0.0255  D=1.846
[regir_untied4] 9:43:18  386,519/1,000,000  11.0/s  upd=9118  L=0.0225  D=1.846
[regir_untied4] 9:43:28  386,519/1,000,000  11.0/s  upd=9120  L=0.0416  D=1.846
[regir_untied4] 9:43:38  386,841/1,000,000  11.0/s  upd=9125  L=0.0163  D=1.846
[regir_untied4] 9:43:49  386,841/1,000,000  11.0/s  upd=9128  L=0.0206  D=1.846
[regir_untied4] 9:43:59  387,170/1,000,000  11.0/s  upd=9131  L=0.0286  D=1.846
[regir_untied4] 9:44:09  387,170/1,000,000  11.0/s  upd=9136  L=0.0308  D=1.846
[regir_untied4] 9:44:19  387,170/1,000,000  11.0/s  upd=9136  L=0.0308  D=1.846
[regir_untied4] 9:44:31  387,546/1,000,000  11.1/s  upd=9144  L=0.0222  D=1.846
[regir_untied4] saved resume t_env=387,546
[regir_untied4] 9:44:41  387,546/1,000,000  11.0/s  upd=9144  L=0.0222  D=1.846
[regir_untied4] 9:44:52  387,900/1,000,000  11.1/s  upd=9150  L=0.0341  D=1.846
[regir_untied4] 9:45:02  387,900/1,000,000  11.1/s  upd=9152  L=0.0178  D=1.846
[regir_untied4] 9:45:13  388,161/1,000,000  11.1/s  upd=9155  L=0.0201  D=1.846
[regir_untied4] 9:45:24  388,161/1,000,000  11.1/s  upd=9160  L=0.0269  D=1.846
[regir_untied4] 9:45:35  388,161/1,000,000  11.0/s  upd=9160  L=0.0269  D=1.846
[regir_untied4] 9:45:46  388,408/1,000,000  11.1/s  upd=9168  L=0.0348  D=1.846
[regir_untied4] 9:45:56  388,408/1,000,000  11.0/s  upd=9168  L=0.0348  D=1.846
[regir_untied4] 9:46:06  388,726/1,000,000  11.1/s  upd=9176  L=0.0189  D=1.846
[regir_untied4] 9:46:17  388,726/1,000,000  11.1/s  upd=9176  L=0.0189  D=1.846
[regir_untied4] 9:46:29  389,049/1,000,000  11.1/s  upd=9182  L=0.0271  D=1.846
[regir_untied4] 9:46:39  389,049/1,000,000  11.1/s  upd=9184  L=0.0284  D=1.846
[regir_untied4] 9:46:51  389,406/1,000,000  11.1/s  upd=9188  L=0.0219  D=1.846
[regir_untied4] 9:47:01  389,406/1,000,000  11.1/s  upd=9192  L=0.0408  D=1.846
[regir_untied4] 9:47:13  389,720/1,000,000  11.1/s  upd=9196  L=0.0457  D=1.846
[regir_untied4] 9:47:23  389,720/1,000,000  11.1/s  upd=9200  L=0.0351  D=1.846
[regir_untied4] 9:47:34  390,018/1,000,000  11.1/s  upd=9204  L=0.0235  D=1.846
[regir_untied4] 9:47:44  390,018/1,000,000  11.1/s  upd=9208  L=0.0166  D=1.846
[regir_untied4] 9:47:55  390,308/1,000,000  11.1/s  upd=9211  L=0.0262  D=1.846
[regir_untied4] 9:48:06  390,308/1,000,000  11.1/s  upd=9216  L=0.0260  D=1.846
[regir_untied4] 9:48:18  390,648/1,000,000  11.1/s  upd=9218  L=0.0319  D=1.846
[regir_untied4] 9:48:29  390,648/1,000,000  11.1/s  upd=9224  L=0.0311  D=1.846
[regir_untied4] 9:48:39  390,971/1,000,000  11.1/s  upd=9226  L=0.0262  D=1.846
[regir_untied4] 9:48:49  390,971/1,000,000  11.1/s  upd=9230  L=0.0363  D=1.846
[regir_untied4] 9:48:59  390,971/1,000,000  11.1/s  upd=9232  L=0.0243  D=1.846
[regir_untied4] 9:49:10  391,322/1,000,000  11.1/s  upd=9237  L=0.0286  D=1.846
[regir_untied4] 9:49:20  391,322/1,000,000  11.1/s  upd=9240  L=0.0268  D=1.846
[regir_untied4] 9:49:31  391,650/1,000,000  11.1/s  upd=9244  L=0.0268  D=1.846
[regir_untied4] 9:49:41  391,650/1,000,000  11.1/s  upd=9248  L=0.0220  D=1.846
[regir_untied4] 9:49:53  391,957/1,000,000  11.1/s  upd=9252  L=0.0364  D=1.846
[regir_untied4] 9:50:03  391,957/1,000,000  11.1/s  upd=9256  L=0.0261  D=1.846
[regir_untied4] 9:50:14  392,255/1,000,000  11.1/s  upd=9260  L=0.0326  D=1.846
[regir_untied4] 9:50:24  392,255/1,000,000  11.1/s  upd=9264  L=0.0457  D=1.846
[regir_untied4] 9:50:36  392,574/1,000,000  11.1/s  upd=9268  L=0.0286  D=1.846
[regir_untied4] 9:50:46  392,574/1,000,000  11.1/s  upd=9272  L=0.0167  D=1.846
[regir_untied4] 9:50:56  392,916/1,000,000  11.1/s  upd=9276  L=0.0247  D=1.846
[regir_untied4] 9:51:07  392,916/1,000,000  11.1/s  upd=9280  L=0.0278  D=1.846
[regir_untied4] 9:51:17  393,228/1,000,000  11.1/s  upd=9284  L=0.0394  D=1.846
[regir_untied4] 9:51:27  393,228/1,000,000  11.1/s  upd=9288  L=0.0291  D=1.846
[regir_untied4] 9:51:39  393,532/1,000,000  11.1/s  upd=9291  L=0.0530  D=1.846
[regir_untied4] 9:51:49  393,532/1,000,000  11.1/s  upd=9296  L=0.0253  D=1.846
[regir_untied4] 9:51:59  393,532/1,000,000  11.1/s  upd=9296  L=0.0253  D=1.846
[regir_untied4] 9:52:10  393,869/1,000,000  11.1/s  upd=9302  L=0.0221  D=1.846
[regir_untied4] 9:52:21  394,191/1,000,000  11.1/s  upd=9305  L=0.0263  D=1.846
[regir_untied4] 9:52:33  394,191/1,000,000  11.1/s  upd=9312  L=0.0357  D=1.846
[regir_untied4] 9:52:43  394,521/1,000,000  11.1/s  upd=9313  L=0.0356  D=1.846
[regir_untied4] 9:52:54  394,521/1,000,000  11.1/s  upd=9319  L=0.0318  D=1.846
[regir_untied4] 9:53:05  394,844/1,000,000  11.1/s  upd=9322  L=0.0246  D=1.846
[regir_untied4] 9:53:16  394,844/1,000,000  11.1/s  upd=9327  L=0.0268  D=1.846
[regir_untied4] 9:53:26  394,844/1,000,000  11.1/s  upd=9328  L=0.0228  D=1.846
[regir_untied4] 9:53:36  395,147/1,000,000  11.1/s  upd=9333  L=0.0320  D=1.846
[regir_untied4] 9:53:46  395,147/1,000,000  11.1/s  upd=9336  L=0.0231  D=1.846
[regir_untied4] 9:53:57  395,568/1,000,000  11.1/s  upd=9338  L=0.0345  D=1.846
[regir_untied4] 9:54:08  395,568/1,000,000  11.1/s  upd=9344  L=0.0327  D=1.846
[regir_untied4] 9:54:18  395,568/1,000,000  11.1/s  upd=9344  L=0.0327  D=1.846
[regir_untied4] 9:54:29  395,929/1,000,000  11.1/s  upd=9348  L=0.0239  D=1.846
[regir_untied4] saved resume t_env=395,929
[regir_untied4] 9:54:39  395,929/1,000,000  11.1/s  upd=9352  L=0.0332  D=1.846
[regir_untied4] 9:54:50  396,254/1,000,000  11.1/s  upd=9354  L=0.0180  D=1.846
[regir_untied4] 9:55:01  396,254/1,000,000  11.1/s  upd=9360  L=0.0346  D=1.846
[regir_untied4] 9:55:13  396,593/1,000,000  11.1/s  upd=9362  L=0.0306  D=1.846
[regir_untied4] 9:55:24  396,593/1,000,000  11.1/s  upd=9368  L=0.0197  D=1.846
[regir_untied4] 9:55:35  396,880/1,000,000  11.1/s  upd=9371  L=0.0242  D=1.846
[regir_untied4] 9:55:45  396,880/1,000,000  11.1/s  upd=9376  L=0.0201  D=1.846
[regir_untied4] 9:55:56  397,196/1,000,000  11.1/s  upd=9379  L=0.0201  D=1.846
[regir_untied4] 9:56:06  397,196/1,000,000  11.1/s  upd=9384  L=0.0485  D=1.846
[regir_untied4] 9:56:17  397,532/1,000,000  11.1/s  upd=9387  L=0.0307  D=1.846
[regir_untied4] 9:56:27  397,532/1,000,000  11.1/s  upd=9392  L=0.0210  D=1.846
[regir_untied4] 9:56:37  397,817/1,000,000  11.1/s  upd=9394  L=0.0224  D=1.846
[regir_untied4] 9:56:49  397,817/1,000,000  11.1/s  upd=9399  L=0.0239  D=1.846
[regir_untied4] 9:57:00  398,123/1,000,000  11.1/s  upd=9402  L=0.0243  D=1.846
[regir_untied4] 9:57:11  398,123/1,000,000  11.1/s  upd=9408  L=0.0214  D=1.846
[regir_untied4] 9:57:23  398,426/1,000,000  11.1/s  upd=9411  L=0.0320  D=1.846
[regir_untied4] 9:57:33  398,426/1,000,000  11.1/s  upd=9416  L=0.0339  D=1.846
[regir_untied4] 9:57:45  398,734/1,000,000  11.1/s  upd=9419  L=0.0357  D=1.846
[regir_untied4] 9:57:55  398,734/1,000,000  11.1/s  upd=9424  L=0.0274  D=1.846
[regir_untied4] 9:58:07  399,057/1,000,000  11.1/s  upd=9427  L=0.0345  D=1.846
[regir_untied4] 9:58:17  399,057/1,000,000  11.1/s  upd=9432  L=0.0187  D=1.846
[regir_untied4] 9:58:29  399,381/1,000,000  11.1/s  upd=9435  L=0.0253  D=1.846
[regir_untied4] 9:58:40  399,381/1,000,000  11.1/s  upd=9440  L=0.0356  D=1.846
[regir_untied4] 9:58:52  399,680/1,000,000  11.1/s  upd=9443  L=0.0267  D=1.846
[regir_untied4] 9:59:02  399,680/1,000,000  11.1/s  upd=9448  L=0.0344  D=1.846
[regir_untied4] 9:59:13  399,975/1,000,000  11.1/s  upd=9452  L=0.0175  D=1.846
[regir_untied4] 9:59:23  399,975/1,000,000  11.1/s  upd=9456  L=0.0391  D=1.846
[regir_untied4] 9:59:34  400,278/1,000,000  11.1/s  upd=9458  L=0.0304  D=1.846
[regir_untied4] 9:59:45  400,278/1,000,000  11.1/s  upd=9464  L=0.0380  D=1.846
[regir_untied4] saved resume t_env=400,278
[regir_untied4] 9:59:55  400,278/1,000,000  11.1/s  upd=9464  L=0.0380  ev=0/100  D=1.846
[regir_untied4] 10:00:05  400,278/1,000,000  11.1/s  upd=9464  L=0.0380  ev=9/100  D=1.846
[regir_untied4] 10:00:15  400,278/1,000,000  11.1/s  upd=9464  L=0.0380  ev=21/100  D=1.846
[regir_untied4] 10:00:26  400,278/1,000,000  11.1/s  upd=9464  L=0.0380  ev=29/100  D=1.846
[regir_untied4] 10:00:36  400,278/1,000,000  11.1/s  upd=9464  L=0.0380  ev=33/100  D=1.846
[regir_untied4] 10:00:46  400,278/1,000,000  11.1/s  upd=9464  L=0.0380  ev=43/100  D=1.846
[regir_untied4] 10:00:56  400,278/1,000,000  11.1/s  upd=9464  L=0.0380  ev=56/100  D=1.846
[regir_untied4] 10:01:06  400,278/1,000,000  11.1/s  upd=9464  L=0.0380  ev=64/100  D=1.846
[regir_untied4] 10:01:16  400,278/1,000,000  11.1/s  upd=9464  L=0.0380  ev=77/100  D=1.846
[regir_untied4] 10:01:26  400,278/1,000,000  11.1/s  upd=9464  L=0.0380  ev=91/100  D=1.846
[regir_untied4] 10:01:36  400,278/1,000,000  11.1/s  upd=9464  L=0.0380  D=2.040
[regir_untied4] 10:01:46  400,602/1,000,000  11.1/s  upd=9470  L=0.0268  D=2.040
[regir_untied4] 10:01:57  400,895/1,000,000  11.1/s  upd=9474  L=0.0323  D=2.040
[regir_untied4] 10:02:07  400,895/1,000,000  11.1/s  upd=9480  L=0.0313  D=2.040
[regir_untied4] 10:02:18  401,224/1,000,000  11.1/s  upd=9485  L=0.0289  D=2.040
[regir_untied4] 10:02:29  401,497/1,000,000  11.1/s  upd=9492  L=0.0241  D=2.040
[regir_untied4] 10:02:39  401,792/1,000,000  11.1/s  upd=9498  L=0.0237  D=2.040
[regir_untied4] 10:02:49  401,792/1,000,000  11.1/s  upd=9504  L=0.0303  D=2.040
[regir_untied4] 10:02:59  402,101/1,000,000  11.1/s  upd=9508  L=0.0186  D=2.040
[regir_untied4] 10:03:09  402,101/1,000,000  11.1/s  upd=9512  L=0.0328  D=2.040
[regir_untied4] 10:03:21  402,396/1,000,000  11.1/s  upd=9519  L=0.0288  D=2.040
[regir_untied4] 10:03:32  402,727/1,000,000  11.1/s  upd=9521  L=0.0307  D=2.040
[regir_untied4] 10:03:42  402,727/1,000,000  11.1/s  upd=9528  L=0.0200  D=2.040
[regir_untied4] 10:03:53  403,045/1,000,000  11.1/s  upd=9533  L=0.0240  D=2.040
[regir_untied4] 10:04:04  403,336/1,000,000  11.1/s  upd=9537  L=0.0279  D=2.040
[regir_untied4] 10:04:16  403,336/1,000,000  11.1/s  upd=9544  L=0.0263  D=2.040
[regir_untied4] 10:04:27  403,633/1,000,000  11.1/s  upd=9549  L=0.0621  D=2.040
[regir_untied4] 10:04:37  403,633/1,000,000  11.1/s  upd=9552  L=0.0320  D=2.040
[regir_untied4] 10:04:47  403,957/1,000,000  11.1/s  upd=9558  L=0.0240  D=2.040
[regir_untied4] 10:05:00  404,262/1,000,000  11.1/s  upd=9561  L=0.0185  D=2.040
[regir_untied4] 10:05:10  404,262/1,000,000  11.1/s  upd=9566  L=0.0266  D=2.040
[regir_untied4] 10:05:21  404,569/1,000,000  11.1/s  upd=9569  L=0.0277  D=2.040
[regir_untied4] 10:05:32  404,569/1,000,000  11.1/s  upd=9574  L=0.0250  D=2.040
[regir_untied4] 10:05:45  404,907/1,000,000  11.1/s  upd=9578  L=0.0317  D=2.040
[regir_untied4] 10:05:55  404,907/1,000,000  11.1/s  upd=9583  L=0.0373  D=2.040
[regir_untied4] 10:06:07  405,222/1,000,000  11.1/s  upd=9586  L=0.0351  D=2.040
[regir_untied4] 10:06:18  405,222/1,000,000  11.1/s  upd=9591  L=0.0776  D=2.040
[regir_untied4] 10:06:29  405,583/1,000,000  11.1/s  upd=9594  L=0.0265  D=2.040
[regir_untied4] 10:06:39  405,583/1,000,000  11.1/s  upd=9599  L=0.0243  D=2.040
[regir_untied4] 10:06:49  405,583/1,000,000  11.1/s  upd=9600  L=0.0254  D=2.040
[regir_untied4] 10:06:59  405,892/1,000,000  11.1/s  upd=9605  L=0.0313  D=2.040
[regir_untied4] 10:07:09  405,892/1,000,000  11.1/s  upd=9608  L=0.0297  D=2.040
[regir_untied4] 10:07:20  406,249/1,000,000  11.1/s  upd=9610  L=0.0241  D=2.040
[regir_untied4] 10:07:32  406,249/1,000,000  11.1/s  upd=9615  L=0.0224  D=2.040
[regir_untied4] 10:07:43  406,545/1,000,000  11.1/s  upd=9621  L=0.0443  D=2.040
[regir_untied4] 10:07:53  406,545/1,000,000  11.1/s  upd=9624  L=0.0256  D=2.040
[regir_untied4] 10:08:06  406,912/1,000,000  11.2/s  upd=9627  L=0.0277  D=2.040
[regir_untied4] 10:08:17  406,912/1,000,000  11.1/s  upd=9632  L=0.0341  D=2.040
[regir_untied4] 10:08:28  407,272/1,000,000  11.2/s  upd=9635  L=0.0333  D=2.040
[regir_untied4] 10:08:39  407,272/1,000,000  11.2/s  upd=9640  L=0.0411  D=2.040
[regir_untied4] 10:08:50  407,623/1,000,000  11.2/s  upd=9643  L=0.0207  D=2.040
[regir_untied4] 10:09:00  407,623/1,000,000  11.2/s  upd=9648  L=0.0442  D=2.040
[regir_untied4] 10:09:10  407,623/1,000,000  11.2/s  upd=9648  L=0.0442  D=2.040
[regir_untied4] 10:09:22  407,950/1,000,000  11.2/s  upd=9653  L=0.0396  D=2.040
[regir_untied4] 10:09:32  407,950/1,000,000  11.2/s  upd=9656  L=0.0271  D=2.040
[regir_untied4] 10:09:43  408,295/1,000,000  11.2/s  upd=9658  L=0.0246  D=2.040
[regir_untied4] 10:09:54  408,295/1,000,000  11.2/s  upd=9664  L=0.0171  D=2.040
[regir_untied4] saved resume t_env=408,295
[regir_untied4] 10:10:04  408,295/1,000,000  11.2/s  upd=9664  L=0.0171  D=2.040
[regir_untied4] 10:10:14  408,608/1,000,000  11.2/s  upd=9670  L=0.0279  D=2.040
[regir_untied4] 10:10:25  408,999/1,000,000  11.2/s  upd=9673  L=0.0235  D=2.040
[regir_untied4] 10:10:35  408,999/1,000,000  11.2/s  upd=9680  L=0.0427  D=2.040
[regir_untied4] 10:10:47  409,314/1,000,000  11.2/s  upd=9682  L=0.0359  D=2.040
[regir_untied4] 10:10:58  409,314/1,000,000  11.2/s  upd=9688  L=0.0219  D=2.040
[regir_untied4] 10:11:08  409,656/1,000,000  11.2/s  upd=9689  L=0.0247  D=2.040
[regir_untied4] 10:11:19  409,656/1,000,000  11.2/s  upd=9696  L=0.0288  D=2.040
[regir_untied4] 10:11:30  410,005/1,000,000  11.2/s  upd=9699  L=0.0380  D=2.040
[regir_untied4] 10:11:41  410,005/1,000,000  11.2/s  upd=9704  L=0.0302  D=2.040
[regir_untied4] 10:11:52  410,348/1,000,000  11.2/s  upd=9708  L=0.0265  D=2.040
[regir_untied4] 10:12:02  410,348/1,000,000  11.2/s  upd=9712  L=0.0266  D=2.040
[regir_untied4] 10:12:12  410,696/1,000,000  11.2/s  upd=9715  L=0.0237  D=2.040
[regir_untied4] 10:12:24  410,696/1,000,000  11.2/s  upd=9719  L=0.0311  D=2.040
[regir_untied4] 10:12:36  411,014/1,000,000  11.2/s  upd=9724  L=0.0271  D=2.040
[regir_untied4] 10:12:46  411,014/1,000,000  11.2/s  upd=9728  L=0.0260  D=2.040
[regir_untied4] 10:12:58  411,319/1,000,000  11.2/s  upd=9731  L=0.0319  D=2.040
[regir_untied4] 10:13:09  411,319/1,000,000  11.2/s  upd=9736  L=0.0229  D=2.040
[regir_untied4] 10:13:19  411,656/1,000,000  11.2/s  upd=9739  L=0.0326  D=2.040
[regir_untied4] 10:13:29  411,656/1,000,000  11.2/s  upd=9744  L=0.0336  D=2.040
[regir_untied4] 10:13:39  411,656/1,000,000  11.2/s  upd=9744  L=0.0336  D=2.040
[regir_untied4] 10:13:50  412,011/1,000,000  11.2/s  upd=9749  L=0.0250  D=2.040
[regir_untied4] 10:14:00  412,011/1,000,000  11.2/s  upd=9752  L=0.0230  D=2.040
[regir_untied4] 10:14:10  412,343/1,000,000  11.2/s  upd=9756  L=0.0292  D=2.040
[regir_untied4] 10:14:20  412,343/1,000,000  11.2/s  upd=9760  L=0.0265  D=2.040
[regir_untied4] 10:14:32  412,693/1,000,000  11.2/s  upd=9764  L=0.0245  D=2.040
[regir_untied4] 10:14:42  412,693/1,000,000  11.2/s  upd=9768  L=0.0246  D=2.040
[regir_untied4] 10:14:52  413,030/1,000,000  11.2/s  upd=9773  L=0.0281  D=2.040
[regir_untied4] 10:15:02  413,030/1,000,000  11.2/s  upd=9776  L=0.0471  D=2.040
[regir_untied4] 10:15:12  413,375/1,000,000  11.2/s  upd=9779  L=0.0256  D=2.040
[regir_untied4] 10:15:22  413,375/1,000,000  11.2/s  upd=9784  L=0.0251  D=2.040
[regir_untied4] 10:15:33  413,714/1,000,000  11.2/s  upd=9787  L=0.0225  D=2.040
[regir_untied4] 10:15:43  413,714/1,000,000  11.2/s  upd=9792  L=0.0237  D=2.040
[regir_untied4] 10:15:54  414,006/1,000,000  11.2/s  upd=9797  L=0.0221  D=2.040
[regir_untied4] 10:16:04  414,006/1,000,000  11.2/s  upd=9800  L=0.0277  D=2.040
[regir_untied4] 10:16:14  414,328/1,000,000  11.2/s  upd=9803  L=0.0271  D=2.040
[regir_untied4] 10:16:25  414,328/1,000,000  11.2/s  upd=9808  L=0.0226  D=2.040
[regir_untied4] 10:16:37  414,634/1,000,000  11.2/s  upd=9813  L=0.0145  D=2.040
[regir_untied4] 10:16:47  414,634/1,000,000  11.2/s  upd=9816  L=0.0335  D=2.040
[regir_untied4] 10:16:58  414,978/1,000,000  11.2/s  upd=9820  L=0.0274  D=2.040
[regir_untied4] 10:17:09  414,978/1,000,000  11.2/s  upd=9824  L=0.0396  D=2.040
[regir_untied4] 10:17:19  414,978/1,000,000  11.2/s  upd=9824  L=0.0396  D=2.040
[regir_untied4] 10:17:30  415,377/1,000,000  11.2/s  upd=9828  L=0.0311  D=2.040
[regir_untied4] 10:17:40  415,377/1,000,000  11.2/s  upd=9832  L=0.0271  D=2.040
[regir_untied4] 10:17:51  415,688/1,000,000  11.2/s  upd=9836  L=0.0264  D=2.040
[regir_untied4] 10:18:01  415,688/1,000,000  11.2/s  upd=9840  L=0.0270  D=2.040
[regir_untied4] 10:18:12  416,052/1,000,000  11.2/s  upd=9843  L=0.0266  D=2.040
[regir_untied4] 10:18:22  416,052/1,000,000  11.2/s  upd=9848  L=0.0299  D=2.040
[regir_untied4] 10:18:33  416,376/1,000,000  11.2/s  upd=9850  L=0.0208  D=2.040
[regir_untied4] 10:18:44  416,376/1,000,000  11.2/s  upd=9856  L=0.0252  D=2.040
[regir_untied4] 10:18:54  416,739/1,000,000  11.2/s  upd=9857  L=0.0226  D=2.040
[regir_untied4] 10:19:04  416,739/1,000,000  11.2/s  upd=9864  L=0.0240  D=2.040
[regir_untied4] 10:19:15  416,739/1,000,000  11.2/s  upd=9864  L=0.0240  D=2.040
[regir_untied4] 10:19:25  417,093/1,000,000  11.2/s  upd=9870  L=0.0583  D=2.040
[regir_untied4] 10:19:35  417,093/1,000,000  11.2/s  upd=9872  L=0.0478  D=2.040
[regir_untied4] 10:19:47  417,437/1,000,000  11.2/s  upd=9876  L=0.0221  D=2.040
[regir_untied4] 10:19:57  417,437/1,000,000  11.2/s  upd=9880  L=0.0295  D=2.040
[regir_untied4] 10:20:09  417,710/1,000,000  11.2/s  upd=9884  L=0.0195  D=2.040
[regir_untied4] saved resume t_env=417,710
[regir_untied4] 10:20:20  417,710/1,000,000  11.2/s  upd=9888  L=0.0321  D=2.040
[regir_untied4] 10:20:31  418,044/1,000,000  11.2/s  upd=9889  L=0.0156  D=2.040
[regir_untied4] 10:20:42  418,044/1,000,000  11.2/s  upd=9896  L=0.0263  D=2.040
[regir_untied4] 10:20:53  418,330/1,000,000  11.2/s  upd=9899  L=0.0266  D=2.040
[regir_untied4] 10:21:04  418,330/1,000,000  11.2/s  upd=9904  L=0.0411  D=2.040
[regir_untied4] 10:21:14  418,648/1,000,000  11.2/s  upd=9907  L=0.0252  D=2.040
[regir_untied4] 10:21:24  418,648/1,000,000  11.2/s  upd=9912  L=0.0263  D=2.040
[regir_untied4] 10:21:34  418,909/1,000,000  11.2/s  upd=9915  L=0.0255  D=2.040
[regir_untied4] 10:21:45  418,909/1,000,000  11.2/s  upd=9920  L=0.0243  D=2.040
[regir_untied4] 10:21:56  419,228/1,000,000  11.2/s  upd=9921  L=0.0252  D=2.040
[regir_untied4] 10:22:06  419,228/1,000,000  11.2/s  upd=9926  L=0.0250  D=2.040
[regir_untied4] 10:22:18  419,517/1,000,000  11.2/s  upd=9929  L=0.0330  D=2.040
[regir_untied4] 10:22:28  419,517/1,000,000  11.2/s  upd=9933  L=0.0230  D=2.040
[regir_untied4] 10:22:39  419,799/1,000,000  11.2/s  upd=9938  L=0.0253  D=2.040
[regir_untied4] 10:22:52  419,799/1,000,000  11.2/s  upd=9943  L=0.0271  D=2.040
[regir_untied4] 10:23:02  420,141/1,000,000  11.2/s  upd=9946  L=0.0295  D=2.040
[regir_untied4] 10:23:13  420,141/1,000,000  11.2/s  upd=9952  L=0.0262  D=2.040
[regir_untied4] saved resume t_env=420,141
[regir_untied4] 10:23:24  420,141/1,000,000  11.2/s  upd=9952  L=0.0262  ev=4/100  D=2.040
[regir_untied4] 10:23:34  420,141/1,000,000  11.2/s  upd=9952  L=0.0262  ev=16/100  D=2.040
[regir_untied4] 10:23:44  420,141/1,000,000  11.2/s  upd=9952  L=0.0262  ev=24/100  D=2.040
[regir_untied4] 10:23:54  420,141/1,000,000  11.2/s  upd=9952  L=0.0262  ev=34/100  D=2.040
[regir_untied4] 10:24:04  420,141/1,000,000  11.2/s  upd=9952  L=0.0262  ev=46/100  D=2.040
[regir_untied4] 10:24:14  420,141/1,000,000  11.2/s  upd=9952  L=0.0262  ev=53/100  D=2.040
[regir_untied4] 10:24:25  420,141/1,000,000  11.2/s  upd=9952  L=0.0262  ev=58/100  D=2.040
[regir_untied4] 10:24:35  420,141/1,000,000  11.2/s  upd=9952  L=0.0262  ev=67/100  D=2.040
[regir_untied4] 10:24:45  420,141/1,000,000  11.2/s  upd=9952  L=0.0262  ev=79/100  D=2.040
[regir_untied4] 10:24:55  420,141/1,000,000  11.2/s  upd=9952  L=0.0262  ev=87/100  D=2.040
[regir_untied4] 10:25:05  420,141/1,000,000  11.2/s  upd=9952  L=0.0262  ev=96/100  D=2.040
[regir_untied4] 10:25:15  420,141/1,000,000  11.2/s  upd=9952  L=0.0262  D=1.256
[regir_untied4] 10:25:25  420,435/1,000,000  11.2/s  upd=9955  L=0.0344  D=1.256
[regir_untied4] 10:25:35  420,435/1,000,000  11.2/s  upd=9960  L=0.0227  D=1.256
[regir_untied4] 10:25:45  420,692/1,000,000  11.2/s  upd=9964  L=0.0235  D=1.256
[regir_untied4] 10:25:55  420,692/1,000,000  11.2/s  upd=9968  L=0.0218  D=1.256
[regir_untied4] 10:26:07  420,973/1,000,000  11.2/s  upd=9974  L=0.0432  D=1.256
[regir_untied4] 10:26:17  420,973/1,000,000  11.2/s  upd=9976  L=0.0272  D=1.256
[regir_untied4] 10:26:28  421,304/1,000,000  11.2/s  upd=9980  L=0.0286  D=1.256
[regir_untied4] 10:26:38  421,304/1,000,000  11.2/s  upd=9984  L=0.0254  D=1.256
[regir_untied4] 10:26:50  421,630/1,000,000  11.2/s  upd=9986  L=0.0314  D=1.256
[regir_untied4] 10:27:03  421,630/1,000,000  11.2/s  upd=9990  L=0.0230  D=1.256
[regir_untied4] 10:27:14  421,967/1,000,000  11.2/s  upd=9993  L=0.0411  D=1.256
[regir_untied4] 10:27:25  421,967/1,000,000  11.2/s  upd=10000  L=0.0534  D=1.256
[regir_untied4] 10:27:36  422,276/1,000,000  11.2/s  upd=10004  L=0.0438  D=1.256
[regir_untied4] 10:27:46  422,276/1,000,000  11.2/s  upd=10008  L=0.0646  D=1.256
[regir_untied4] 10:27:56  422,679/1,000,000  11.2/s  upd=10012  L=0.0217  D=1.256
[regir_untied4] 10:28:06  422,679/1,000,000  11.2/s  upd=10016  L=0.0243  D=1.256
[regir_untied4] 10:28:18  423,043/1,000,000  11.2/s  upd=10023  L=0.0189  D=1.256
[regir_untied4] 10:28:30  423,342/1,000,000  11.2/s  upd=10027  L=0.0283  D=1.256
[regir_untied4] 10:28:40  423,342/1,000,000  11.2/s  upd=10032  L=0.0288  D=1.256
[regir_untied4] 10:28:53  423,695/1,000,000  11.2/s  upd=10037  L=0.0258  D=1.256
[regir_untied4] 10:29:03  423,695/1,000,000  11.2/s  upd=10040  L=0.0305  D=1.256
[regir_untied4] 10:29:14  424,042/1,000,000  11.2/s  upd=10048  L=0.0286  D=1.256
[regir_untied4] 10:29:24  424,351/1,000,000  11.2/s  upd=10051  L=0.0251  D=1.256
[regir_untied4] 10:29:35  424,668/1,000,000  11.2/s  upd=10057  L=0.0441  D=1.256
[regir_untied4] 10:29:45  424,668/1,000,000  11.2/s  upd=10063  L=0.0237  D=1.256
[regir_untied4] 10:29:55  424,990/1,000,000  11.2/s  upd=10067  L=0.0510  D=1.256
[regir_untied4] 10:30:06  424,990/1,000,000  11.2/s  upd=10072  L=0.0181  D=1.256
[regir_untied4] 10:30:16  425,318/1,000,000  11.2/s  upd=10075  L=0.0239  D=1.256
[regir_untied4] 10:30:26  425,318/1,000,000  11.2/s  upd=10080  L=0.0397  D=1.256
[regir_untied4] 10:30:37  425,604/1,000,000  11.2/s  upd=10086  L=0.0268  D=1.256
[regir_untied4] 10:30:48  425,870/1,000,000  11.3/s  upd=10091  L=0.0205  D=1.256
[regir_untied4] 10:30:58  425,870/1,000,000  11.2/s  upd=10096  L=0.0276  D=1.256
[regir_untied4] 10:31:09  426,210/1,000,000  11.3/s  upd=10102  L=0.0218  D=1.256
[regir_untied4] 10:31:20  426,444/1,000,000  11.3/s  upd=10107  L=0.0354  D=1.256
[regir_untied4] 10:31:32  426,444/1,000,000  11.3/s  upd=10112  L=0.0274  D=1.256
[regir_untied4] 10:31:42  426,749/1,000,000  11.3/s  upd=10114  L=0.0240  D=1.256
[regir_untied4] 10:31:52  426,749/1,000,000  11.3/s  upd=10120  L=0.0296  D=1.256
[regir_untied4] 10:32:06  427,066/1,000,000  11.3/s  upd=10124  L=0.0317  D=1.256
[regir_untied4] 10:32:16  427,066/1,000,000  11.3/s  upd=10128  L=0.0205  D=1.256
[regir_untied4] 10:32:27  427,393/1,000,000  11.3/s  upd=10131  L=0.0136  D=1.256
[regir_untied4] 10:32:38  427,393/1,000,000  11.3/s  upd=10136  L=0.0304  D=1.256
[regir_untied4] 10:32:50  427,674/1,000,000  11.3/s  upd=10139  L=0.0464  D=1.256
[regir_untied4] 10:33:00  427,674/1,000,000  11.3/s  upd=10144  L=0.0458  D=1.256
[regir_untied4] 10:33:10  428,030/1,000,000  11.3/s  upd=10145  L=0.0327  D=1.256
[regir_untied4] 10:33:21  428,030/1,000,000  11.3/s  upd=10150  L=0.0201  D=1.256
[regir_untied4] saved resume t_env=428,030
[regir_untied4] 10:33:31  428,030/1,000,000  11.3/s  upd=10152  L=0.0173  D=1.256
[regir_untied4] 10:33:41  428,297/1,000,000  11.3/s  upd=10156  L=0.0229  D=1.256
[regir_untied4] 10:33:51  428,297/1,000,000  11.3/s  upd=10160  L=0.0223  D=1.256
[regir_untied4] 10:34:03  428,657/1,000,000  11.3/s  upd=10162  L=0.0397  D=1.256
[regir_untied4] 10:34:13  428,657/1,000,000  11.3/s  upd=10168  L=0.0282  D=1.256
[regir_untied4] 10:34:23  428,657/1,000,000  11.3/s  upd=10168  L=0.0282  D=1.256
[regir_untied4] 10:34:33  428,935/1,000,000  11.3/s  upd=10175  L=0.0305  D=1.256
[regir_untied4] 10:34:43  428,935/1,000,000  11.3/s  upd=10176  L=0.0397  D=1.256
[regir_untied4] 10:34:53  429,223/1,000,000  11.3/s  upd=10180  L=0.0422  D=1.256
[regir_untied4] 10:35:04  429,223/1,000,000  11.3/s  upd=10184  L=0.0508  D=1.256
[regir_untied4] 10:35:14  429,585/1,000,000  11.3/s  upd=10185  L=0.0383  D=1.256
[regir_untied4] 10:35:27  429,585/1,000,000  11.3/s  upd=10191  L=0.0349  D=1.256
[regir_untied4] 10:35:37  429,585/1,000,000  11.3/s  upd=10192  L=0.0352  D=1.256
[regir_untied4] 10:35:48  429,907/1,000,000  11.3/s  upd=10197  L=0.0456  D=1.256
[regir_untied4] 10:35:58  429,907/1,000,000  11.3/s  upd=10200  L=0.0359  D=1.256
[regir_untied4] 10:36:09  430,226/1,000,000  11.3/s  upd=10205  L=0.0277  D=1.256
[regir_untied4] 10:36:19  430,226/1,000,000  11.3/s  upd=10208  L=0.0378  D=1.256
[regir_untied4] 10:36:29  430,561/1,000,000  11.3/s  upd=10211  L=0.0290  D=1.256
[regir_untied4] 10:36:39  430,561/1,000,000  11.3/s  upd=10216  L=0.0275  D=1.256
[regir_untied4] 10:36:50  430,889/1,000,000  11.3/s  upd=10217  L=0.0196  D=1.256
[regir_untied4] 10:37:01  430,889/1,000,000  11.3/s  upd=10224  L=0.0317  D=1.256
[regir_untied4] 10:37:12  431,213/1,000,000  11.3/s  upd=10225  L=0.0297  D=1.256
[regir_untied4] 10:37:22  431,213/1,000,000  11.3/s  upd=10232  L=0.0505  D=1.256
[regir_untied4] 10:37:34  431,520/1,000,000  11.3/s  upd=10233  L=0.0328  D=1.256
[regir_untied4] 10:37:45  431,520/1,000,000  11.3/s  upd=10240  L=0.0295  D=1.256
[regir_untied4] 10:37:55  431,520/1,000,000  11.3/s  upd=10240  L=0.0295  D=1.256
[regir_untied4] 10:38:05  431,880/1,000,000  11.3/s  upd=10245  L=0.0299  D=1.256
[regir_untied4] 10:38:15  431,880/1,000,000  11.3/s  upd=10248  L=0.0356  D=1.256
[regir_untied4] 10:38:26  432,185/1,000,000  11.3/s  upd=10254  L=0.0294  D=1.256
[regir_untied4] 10:38:36  432,185/1,000,000  11.3/s  upd=10256  L=0.0254  D=1.256
[regir_untied4] 10:38:48  432,496/1,000,000  11.3/s  upd=10262  L=0.0330  D=1.256
[regir_untied4] 10:38:58  432,496/1,000,000  11.3/s  upd=10264  L=0.0292  D=1.256
[regir_untied4] 10:39:08  432,777/1,000,000  11.3/s  upd=10270  L=0.0227  D=1.256
[regir_untied4] 10:39:18  432,777/1,000,000  11.3/s  upd=10272  L=0.0251  D=1.256
[regir_untied4] 10:39:29  433,013/1,000,000  11.3/s  upd=10278  L=0.0246  D=1.256
[regir_untied4] 10:39:40  433,313/1,000,000  11.3/s  upd=10281  L=0.0303  D=1.256
[regir_untied4] 10:39:52  433,313/1,000,000  11.3/s  upd=10287  L=0.0545  D=1.256
[regir_untied4] 10:40:02  433,616/1,000,000  11.3/s  upd=10289  L=0.0338  D=1.256
[regir_untied4] 10:40:13  433,616/1,000,000  11.3/s  upd=10294  L=0.0371  D=1.256
[regir_untied4] 10:40:23  433,616/1,000,000  11.3/s  upd=10296  L=0.0341  D=1.256
[regir_untied4] 10:40:34  433,914/1,000,000  11.3/s  upd=10300  L=0.0211  D=1.256
[regir_untied4] 10:40:44  433,914/1,000,000  11.3/s  upd=10304  L=0.0401  D=1.256
[regir_untied4] 10:40:54  434,208/1,000,000  11.3/s  upd=10309  L=0.0263  D=1.256
[regir_untied4] 10:41:04  434,208/1,000,000  11.3/s  upd=10312  L=0.0394  D=1.256
[regir_untied4] 10:41:16  434,528/1,000,000  11.3/s  upd=10316  L=0.0313  D=1.256
[regir_untied4] 10:41:26  434,528/1,000,000  11.3/s  upd=10320  L=0.0272  D=1.256
[regir_untied4] 10:41:37  434,824/1,000,000  11.3/s  upd=10325  L=0.0271  D=1.256
[regir_untied4] 10:41:47  434,824/1,000,000  11.3/s  upd=10328  L=0.0576  D=1.256
[regir_untied4] 10:41:58  435,161/1,000,000  11.3/s  upd=10331  L=0.0316  D=1.256
[regir_untied4] 10:42:08  435,161/1,000,000  11.3/s  upd=10336  L=0.0257  D=1.256
[regir_untied4] 10:42:20  435,518/1,000,000  11.3/s  upd=10338  L=0.0409  D=1.256
[regir_untied4] 10:42:30  435,518/1,000,000  11.3/s  upd=10343  L=0.0234  D=1.256
[regir_untied4] 10:42:41  435,818/1,000,000  11.3/s  upd=10346  L=0.0197  D=1.256
[regir_untied4] 10:42:52  435,818/1,000,000  11.3/s  upd=10351  L=0.0345  D=1.256
[regir_untied4] 10:43:02  436,125/1,000,000  11.3/s  upd=10353  L=0.0353  D=1.256
[regir_untied4] 10:43:13  436,125/1,000,000  11.3/s  upd=10357  L=0.0667  D=1.256
[regir_untied4] 10:43:23  436,125/1,000,000  11.3/s  upd=10360  L=0.0379  D=1.256
[regir_untied4] 10:43:34  436,443/1,000,000  11.3/s  upd=10365  L=0.0224  D=1.256
[regir_untied4] saved resume t_env=436,443
[regir_untied4] 10:43:44  436,443/1,000,000  11.3/s  upd=10368  L=0.0312  D=1.256
[regir_untied4] 10:43:54  436,759/1,000,000  11.3/s  upd=10370  L=0.0255  D=1.256
[regir_untied4] 10:44:05  436,759/1,000,000  11.3/s  upd=10376  L=0.0246  D=1.256
[regir_untied4] 10:44:17  437,054/1,000,000  11.3/s  upd=10379  L=0.0206  D=1.256
[regir_untied4] 10:44:27  437,054/1,000,000  11.3/s  upd=10384  L=0.0360  D=1.256
[regir_untied4] 10:44:38  437,394/1,000,000  11.3/s  upd=10386  L=0.0395  D=1.256
[regir_untied4] 10:44:49  437,394/1,000,000  11.3/s  upd=10392  L=0.0262  D=1.256
[regir_untied4] 10:44:59  437,706/1,000,000  11.3/s  upd=10393  L=0.0222  D=1.256
[regir_untied4] 10:45:10  437,706/1,000,000  11.3/s  upd=10400  L=0.0307  D=1.256
[regir_untied4] 10:45:22  438,005/1,000,000  11.3/s  upd=10402  L=0.0240  D=1.256
[regir_untied4] 10:45:32  438,005/1,000,000  11.3/s  upd=10407  L=0.0463  D=1.256
[regir_untied4] 10:45:43  438,005/1,000,000  11.3/s  upd=10408  L=0.0253  D=1.256
[regir_untied4] 10:45:55  438,330/1,000,000  11.3/s  upd=10413  L=0.0205  D=1.256
[regir_untied4] 10:46:06  438,653/1,000,000  11.3/s  upd=10417  L=0.0260  D=1.256
[regir_untied4] 10:46:17  438,653/1,000,000  11.3/s  upd=10421  L=0.0269  D=1.256
[regir_untied4] 10:46:28  438,653/1,000,000  11.3/s  upd=10424  L=0.0278  D=1.256
[regir_untied4] 10:46:38  438,991/1,000,000  11.3/s  upd=10427  L=0.0342  D=1.256
[regir_untied4] 10:46:48  438,991/1,000,000  11.3/s  upd=10432  L=0.0259  D=1.256
[regir_untied4] 10:46:59  439,282/1,000,000  11.3/s  upd=10435  L=0.0298  D=1.256
[regir_untied4] 10:47:09  439,282/1,000,000  11.3/s  upd=10440  L=0.0261  D=1.256
[regir_untied4] 10:47:20  439,558/1,000,000  11.3/s  upd=10443  L=0.0340  D=1.256
[regir_untied4] 10:47:30  439,558/1,000,000  11.3/s  upd=10448  L=0.0211  D=1.256
[regir_untied4] 10:47:41  439,850/1,000,000  11.3/s  upd=10453  L=0.0296  D=1.256
[regir_untied4] 10:47:51  439,850/1,000,000  11.3/s  upd=10456  L=0.0372  D=1.256
[regir_untied4] 10:48:03  440,109/1,000,000  11.3/s  upd=10462  L=0.0313  D=1.256
[regir_untied4] saved resume t_env=440,109
[regir_untied4] 10:48:15  440,109/1,000,000  11.3/s  upd=10464  L=0.0381  ev=0/100  D=1.256
[regir_untied4] 10:48:25  440,109/1,000,000  11.3/s  upd=10464  L=0.0381  ev=11/100  D=1.256
[regir_untied4] 10:48:35  440,109/1,000,000  11.3/s  upd=10464  L=0.0381  ev=16/100  D=1.256
[regir_untied4] 10:48:45  440,109/1,000,000  11.3/s  upd=10464  L=0.0381  ev=23/100  D=1.256
[regir_untied4] 10:48:55  440,109/1,000,000  11.3/s  upd=10464  L=0.0381  ev=32/100  D=1.256
[regir_untied4] 10:49:05  440,109/1,000,000  11.3/s  upd=10464  L=0.0381  ev=40/100  D=1.256
[regir_untied4] 10:49:15  440,109/1,000,000  11.3/s  upd=10464  L=0.0381  ev=47/100  D=1.256
[regir_untied4] 10:49:26  440,109/1,000,000  11.3/s  upd=10464  L=0.0381  ev=54/100  D=1.256
[regir_untied4] 10:49:36  440,109/1,000,000  11.3/s  upd=10464  L=0.0381  ev=56/100  D=1.256
[regir_untied4] 10:49:46  440,109/1,000,000  11.3/s  upd=10464  L=0.0381  ev=65/100  D=1.256
[regir_untied4] 10:49:56  440,109/1,000,000  11.3/s  upd=10464  L=0.0381  ev=72/100  D=1.256
[regir_untied4] 10:50:06  440,109/1,000,000  11.3/s  upd=10464  L=0.0381  ev=80/100  D=1.256
[regir_untied4] 10:50:16  440,109/1,000,000  11.3/s  upd=10464  L=0.0381  ev=96/100  D=1.256
[regir_untied4] 10:50:26  440,109/1,000,000  11.3/s  upd=10464  L=0.0381  D=1.584
[regir_untied4] 10:50:37  440,452/1,000,000  11.3/s  upd=10468  L=0.0257  D=1.584
[regir_untied4] 10:50:47  440,452/1,000,000  11.3/s  upd=10472  L=0.0223  D=1.584
[regir_untied4] 10:50:58  440,714/1,000,000  11.3/s  upd=10478  L=0.0334  D=1.584
[regir_untied4] 10:51:10  440,994/1,000,000  11.3/s  upd=10482  L=0.0204  D=1.584
[regir_untied4] 10:51:21  440,994/1,000,000  11.3/s  upd=10488  L=0.0334  D=1.584
[regir_untied4] 10:51:33  441,307/1,000,000  11.3/s  upd=10490  L=0.0336  D=1.584
[regir_untied4] 10:51:43  441,307/1,000,000  11.3/s  upd=10495  L=0.0278  D=1.584
[regir_untied4] 10:51:53  441,623/1,000,000  11.3/s  upd=10499  L=0.0238  D=1.584
[regir_untied4] 10:52:03  441,623/1,000,000  11.3/s  upd=10504  L=0.0255  D=1.584
[regir_untied4] 10:52:16  441,920/1,000,000  11.3/s  upd=10507  L=0.0314  D=1.584
[regir_untied4] 10:52:27  441,920/1,000,000  11.3/s  upd=10512  L=0.0269  D=1.584
[regir_untied4] 10:52:38  442,242/1,000,000  11.3/s  upd=10515  L=0.0268  D=1.584
[regir_untied4] 10:52:48  442,242/1,000,000  11.3/s  upd=10520  L=0.0249  D=1.584
[regir_untied4] 10:52:59  442,492/1,000,000  11.3/s  upd=10523  L=0.0251  D=1.584
[regir_untied4] 10:53:09  442,492/1,000,000  11.3/s  upd=10528  L=0.0321  D=1.584
[regir_untied4] 10:53:19  442,827/1,000,000  11.3/s  upd=10529  L=0.0472  D=1.584
[regir_untied4] 10:53:31  442,827/1,000,000  11.3/s  upd=10536  L=0.0250  D=1.584
[regir_untied4] 10:53:41  443,078/1,000,000  11.3/s  upd=10539  L=0.0198  D=1.584
[regir_untied4] 10:53:51  443,078/1,000,000  11.3/s  upd=10544  L=0.0228  D=1.584
[regir_untied4] 10:54:02  443,392/1,000,000  11.3/s  upd=10547  L=0.0212  D=1.584
[regir_untied4] 10:54:12  443,392/1,000,000  11.3/s  upd=10552  L=0.0355  D=1.584
[regir_untied4] 10:54:24  443,751/1,000,000  11.3/s  upd=10554  L=0.0270  D=1.584
[regir_untied4] 10:54:34  443,751/1,000,000  11.3/s  upd=10560  L=0.0343  D=1.584
[regir_untied4] 10:54:44  444,048/1,000,000  11.3/s  upd=10562  L=0.0263  D=1.584
[regir_untied4] 10:54:54  444,048/1,000,000  11.3/s  upd=10568  L=0.0321  D=1.584
[regir_untied4] 10:55:05  444,387/1,000,000  11.3/s  upd=10571  L=0.0205  D=1.584
[regir_untied4] 10:55:16  444,387/1,000,000  11.3/s  upd=10576  L=0.0168  D=1.584
[regir_untied4] 10:55:26  444,668/1,000,000  11.3/s  upd=10584  L=0.0513  D=1.584
[regir_untied4] 10:55:36  445,064/1,000,000  11.3/s  upd=10589  L=0.0230  D=1.584
[regir_untied4] 10:55:47  445,440/1,000,000  11.3/s  upd=10594  L=0.0168  D=1.584
[regir_untied4] 10:55:57  445,749/1,000,000  11.3/s  upd=10601  L=0.0235  D=1.584
[regir_untied4] 10:56:07  445,749/1,000,000  11.3/s  upd=10608  L=0.0198  D=1.584
[regir_untied4] 10:56:18  446,065/1,000,000  11.3/s  upd=10616  L=0.0157  D=1.584
[regir_untied4] 10:56:29  446,366/1,000,000  11.3/s  upd=10621  L=0.0299  D=1.584
[regir_untied4] 10:56:39  446,366/1,000,000  11.3/s  upd=10624  L=0.0322  D=1.584
[regir_untied4] 10:56:49  446,631/1,000,000  11.3/s  upd=10629  L=0.0324  D=1.584
[regir_untied4] 10:57:00  446,631/1,000,000  11.3/s  upd=10632  L=0.0297  D=1.584
[regir_untied4] 10:57:10  446,957/1,000,000  11.3/s  upd=10636  L=0.0242  D=1.584
[regir_untied4] 10:57:20  446,957/1,000,000  11.3/s  upd=10640  L=0.0351  D=1.584
[regir_untied4] 10:57:30  447,261/1,000,000  11.3/s  upd=10642  L=0.0301  D=1.584
[regir_untied4] 10:57:40  447,261/1,000,000  11.3/s  upd=10648  L=0.0310  D=1.584
[regir_untied4] 10:57:51  447,510/1,000,000  11.3/s  upd=10650  L=0.0311  D=1.584
[regir_untied4] 10:58:01  447,510/1,000,000  11.3/s  upd=10656  L=0.0217  D=1.584
[regir_untied4] 10:58:12  447,766/1,000,000  11.3/s  upd=10659  L=0.0309  D=1.584
[regir_untied4] saved resume t_env=447,766
[regir_untied4] 10:58:24  447,766/1,000,000  11.3/s  upd=10664  L=0.0250  D=1.584
[regir_untied4] 10:58:37  448,025/1,000,000  11.3/s  upd=10668  L=0.0275  D=1.584
[regir_untied4] 10:58:47  448,025/1,000,000  11.3/s  upd=10672  L=0.0271  D=1.584
[regir_untied4] 10:58:58  448,284/1,000,000  11.3/s  upd=10675  L=0.0220  D=1.584
[regir_untied4] 10:59:11  448,284/1,000,000  11.3/s  upd=10679  L=0.0244  D=1.584
[regir_untied4] 10:59:22  448,615/1,000,000  11.3/s  upd=10684  L=0.0293  D=1.584
[regir_untied4] 10:59:33  448,615/1,000,000  11.3/s  upd=10688  L=0.0383  D=1.584
[regir_untied4] 10:59:45  448,930/1,000,000  11.3/s  upd=10692  L=0.0269  D=1.584
[regir_untied4] 10:59:55  448,930/1,000,000  11.3/s  upd=10696  L=0.0281  D=1.584
[regir_untied4] 11:00:06  449,237/1,000,000  11.3/s  upd=10700  L=0.0436  D=1.584
[regir_untied4] 11:00:17  449,237/1,000,000  11.3/s  upd=10704  L=0.0195  D=1.584
[regir_untied4] 11:00:28  449,552/1,000,000  11.3/s  upd=10706  L=0.0198  D=1.584
[regir_untied4] 11:00:38  449,552/1,000,000  11.3/s  upd=10712  L=0.0310  D=1.584
[regir_untied4] 11:00:48  449,552/1,000,000  11.3/s  upd=10712  L=0.0310  D=1.584
[regir_untied4] 11:00:59  449,884/1,000,000  11.3/s  upd=10717  L=0.0268  D=1.584
[regir_untied4] 11:01:10  449,884/1,000,000  11.3/s  upd=10720  L=0.0375  D=1.584
[regir_untied4] 11:01:20  450,154/1,000,000  11.3/s  upd=10723  L=0.0204  D=1.584
[regir_untied4] 11:01:30  450,154/1,000,000  11.3/s  upd=10728  L=0.0394  D=1.584
[regir_untied4] 11:01:41  450,474/1,000,000  11.3/s  upd=10730  L=0.0289  D=1.584
[regir_untied4] 11:01:52  450,474/1,000,000  11.3/s  upd=10735  L=0.0324  D=1.584
[regir_untied4] 11:02:03  450,745/1,000,000  11.3/s  upd=10738  L=0.0360  D=1.584
[regir_untied4] 11:02:14  450,745/1,000,000  11.3/s  upd=10744  L=0.0373  D=1.584
[regir_untied4] 11:02:25  451,079/1,000,000  11.3/s  upd=10745  L=0.0233  D=1.584
[regir_untied4] 11:02:35  451,079/1,000,000  11.3/s  upd=10751  L=0.0269  D=1.584
[regir_untied4] 11:02:46  451,346/1,000,000  11.3/s  upd=10754  L=0.0294  D=1.584
[regir_untied4] 11:02:57  451,346/1,000,000  11.3/s  upd=10759  L=0.0230  D=1.584
[regir_untied4] 11:03:07  451,587/1,000,000  11.3/s  upd=10763  L=0.0294  D=1.584
[regir_untied4] 11:03:18  451,587/1,000,000  11.3/s  upd=10768  L=0.0352  D=1.584
[regir_untied4] 11:03:29  451,855/1,000,000  11.4/s  upd=10772  L=0.0210  D=1.584
[regir_untied4] 11:03:39  451,855/1,000,000  11.3/s  upd=10776  L=0.0244  D=1.584
[regir_untied4] 11:03:50  452,185/1,000,000  11.4/s  upd=10778  L=0.0180  D=1.584
[regir_untied4] 11:04:02  452,185/1,000,000  11.3/s  upd=10783  L=0.0203  D=1.584
[regir_untied4] 11:04:12  452,492/1,000,000  11.4/s  upd=10787  L=0.0214  D=1.584
[regir_untied4] 11:04:24  452,492/1,000,000  11.4/s  upd=10792  L=0.0377  D=1.584
[regir_untied4] 11:04:36  452,811/1,000,000  11.4/s  upd=10796  L=0.0208  D=1.584
[regir_untied4] 11:04:46  452,811/1,000,000  11.4/s  upd=10799  L=0.0148  D=1.584
[regir_untied4] 11:04:56  453,119/1,000,000  11.4/s  upd=10801  L=0.0195  D=1.584
[regir_untied4] 11:05:06  453,119/1,000,000  11.4/s  upd=10808  L=0.0258  D=1.584
[regir_untied4] 11:05:17  453,456/1,000,000  11.4/s  upd=10810  L=0.0238  D=1.584
[regir_untied4] 11:05:28  453,456/1,000,000  11.4/s  upd=10816  L=0.0209  D=1.584
[regir_untied4] 11:05:40  453,757/1,000,000  11.4/s  upd=10820  L=0.0264  D=1.584
[regir_untied4] 11:05:50  453,757/1,000,000  11.4/s  upd=10824  L=0.0218  D=1.584
[regir_untied4] 11:06:01  454,100/1,000,000  11.4/s  upd=10827  L=0.0227  D=1.584
[regir_untied4] 11:06:12  454,100/1,000,000  11.4/s  upd=10832  L=0.0240  D=1.584
[regir_untied4] 11:06:22  454,407/1,000,000  11.4/s  upd=10835  L=0.0189  D=1.584
[regir_untied4] 11:06:33  454,407/1,000,000  11.4/s  upd=10840  L=0.0199  D=1.584
[regir_untied4] 11:06:43  454,760/1,000,000  11.4/s  upd=10842  L=0.0213  D=1.584
[regir_untied4] 11:06:54  454,760/1,000,000  11.4/s  upd=10846  L=0.0164  D=1.584
[regir_untied4] 11:07:04  455,023/1,000,000  11.4/s  upd=10850  L=0.0214  D=1.584
[regir_untied4] 11:07:15  455,023/1,000,000  11.4/s  upd=10855  L=0.0178  D=1.584
[regir_untied4] 11:07:26  455,308/1,000,000  11.4/s  upd=10857  L=0.0190  D=1.584
[regir_untied4] 11:07:36  455,308/1,000,000  11.4/s  upd=10863  L=0.0343  D=1.584
[regir_untied4] 11:07:46  455,308/1,000,000  11.4/s  upd=10864  L=0.0327  D=1.584
[regir_untied4] 11:07:57  455,655/1,000,000  11.4/s  upd=10868  L=0.0385  D=1.584
[regir_untied4] 11:08:08  455,655/1,000,000  11.4/s  upd=10872  L=0.0300  D=1.584
[regir_untied4] 11:08:21  455,925/1,000,000  11.4/s  upd=10875  L=0.0214  D=1.584
[regir_untied4] saved resume t_env=455,925
[regir_untied4] 11:08:33  455,925/1,000,000  11.4/s  upd=10880  L=0.0241  D=1.584
[regir_untied4] 11:08:43  456,247/1,000,000  11.4/s  upd=10882  L=0.0341  D=1.584
[regir_untied4] 11:08:53  456,247/1,000,000  11.4/s  upd=10888  L=0.0226  D=1.584
[regir_untied4] saved resume t_env=456,247
[regir_untied4] resume t_env=456,247 from resume.pt
[regir_untied4] 0:00:10  456,599/1,000,000  34.2/s  upd=10890  L=0.0214  D=1.584
[regir_untied4] 0:00:20  456,599/1,000,000  16.8/s  upd=10896  L=0.0288  D=1.584
[regir_untied4] saved resume t_env=456,599
[regir_untied4] 0:00:31  457,001/1,000,000  23.6/s  upd=10901  L=0.0225  D=1.584
[regir_untied4] 0:00:42  457,290/1,000,000  24.3/s  upd=10908  L=0.0145  D=1.584
[regir_untied4] 0:00:53  457,544/1,000,000  24.3/s  upd=10914  L=0.0240  D=1.584
[regir_untied4] 0:01:03  457,544/1,000,000  20.3/s  upd=10920  L=0.0227  D=1.584
[regir_untied4] 0:01:14  457,942/1,000,000  22.8/s  upd=10926  L=0.0238  D=1.584
[regir_untied4] 0:01:24  458,309/1,000,000  24.3/s  upd=10931  L=0.0268  D=1.584
[regir_untied4] 0:01:35  458,614/1,000,000  24.9/s  upd=10938  L=0.0183  D=1.584
[regir_untied4] 0:01:45  458,614/1,000,000  22.5/s  upd=10944  L=0.0200  D=1.584
[regir_untied4] 0:01:55  458,945/1,000,000  23.4/s  upd=10948  L=0.0249  D=1.584
[regir_untied4] 0:02:07  459,205/1,000,000  23.3/s  upd=10954  L=0.0228  D=1.584
[regir_untied4] 0:02:17  459,205/1,000,000  21.6/s  upd=10960  L=0.0293  D=1.584
[regir_untied4] 0:02:27  459,571/1,000,000  22.5/s  upd=10966  L=0.0287  D=1.584
[regir_untied4] 0:02:39  459,902/1,000,000  22.9/s  upd=10971  L=0.0205  D=1.584
[regir_untied4] 0:02:50  460,229/1,000,000  23.3/s  upd=10977  L=0.0239  D=1.584
[regir_untied4] 0:03:01  460,229/1,000,000  21.9/s  upd=10983  L=0.0248  D=1.584
[regir_untied4] saved resume t_env=460,229
[regir_untied4] 0:03:11  460,229/1,000,000  20.8/s  upd=10984  L=0.0209  ev=8/100  D=1.584
[regir_untied4] 0:03:21  460,229/1,000,000  19.7/s  upd=10984  L=0.0209  ev=48/100  D=1.584
[regir_untied4] 0:03:31  460,229/1,000,000  18.8/s  upd=10984  L=0.0209  ev=88/100  D=1.584
[regir_untied4] saved resume t_env=460,229
[regir_untied4] resume t_env=460,229 from resume.pt
[regir_untied4] saved resume t_env=460,229
[regir_untied4] 0:00:13  460,229/1,000,000  0.0/s  upd=10984  L=-  ev=96/100  D=1.584
[regir_untied4] 0:00:25  460,521/1,000,000  11.5/s  upd=10985  L=0.0300  D=1.394
[regir_untied4] 0:00:37  460,521/1,000,000  7.8/s  upd=10990  L=0.0205  D=1.394
[regir_untied4] saved resume t_env=460,521
[regir_untied4] 0:00:47  460,521/1,000,000  6.1/s  upd=10992  L=0.0241  D=1.394
[regir_untied4] 0:00:58  460,858/1,000,000  10.7/s  upd=10995  L=0.0271  D=1.394
[regir_untied4] 0:01:08  460,858/1,000,000  9.1/s  upd=11000  L=0.0266  D=1.394
[regir_untied4] 0:01:19  461,195/1,000,000  12.2/s  upd=11001  L=0.0321  D=1.394
[regir_untied4] 0:01:30  461,195/1,000,000  10.7/s  upd=11007  L=0.0233  D=1.394
[regir_untied4] 0:01:40  461,195/1,000,000  9.6/s  upd=11008  L=0.0285  D=1.394
[regir_untied4] 0:01:50  461,537/1,000,000  11.8/s  upd=11011  L=0.0222  D=1.394
[regir_untied4] 0:02:02  461,537/1,000,000  10.6/s  upd=11016  L=0.0186  D=1.394
[regir_untied4] 0:02:12  461,537/1,000,000  9.8/s  upd=11016  L=0.0186  D=1.394
[regir_untied4] 0:02:24  461,888/1,000,000  11.5/s  upd=11023  L=0.0323  D=1.394
[regir_untied4] 0:02:34  461,888/1,000,000  10.8/s  upd=11024  L=0.0335  D=1.394
[regir_untied4] 0:02:45  462,222/1,000,000  12.0/s  upd=11030  L=0.0254  D=1.394
[regir_untied4] 0:02:55  462,222/1,000,000  11.3/s  upd=11032  L=0.0217  D=1.394
[regir_untied4] 0:03:07  462,524/1,000,000  12.3/s  upd=11038  L=0.0286  D=1.394
[regir_untied4] 0:03:19  462,809/1,000,000  12.9/s  upd=11041  L=0.0178  D=1.394
[regir_untied4] 0:03:29  462,809/1,000,000  12.3/s  upd=11046  L=0.0169  D=1.394
[regir_untied4] 0:03:39  462,809/1,000,000  11.8/s  upd=11048  L=0.0338  D=1.394
[regir_untied4] 0:03:51  463,080/1,000,000  12.3/s  upd=11053  L=0.0249  D=1.394
[regir_untied4] 0:04:01  463,080/1,000,000  11.8/s  upd=11056  L=0.0160  D=1.394
[regir_untied4] 0:04:12  463,379/1,000,000  12.5/s  upd=11060  L=0.0243  D=1.394
[regir_untied4] 0:04:22  463,379/1,000,000  12.0/s  upd=11064  L=0.0184  D=1.394
[regir_untied4] 0:04:33  463,683/1,000,000  12.6/s  upd=11068  L=0.0245  D=1.394
[regir_untied4] 0:04:43  463,683/1,000,000  12.2/s  upd=11072  L=0.0253  D=1.394
[regir_untied4] 0:04:54  463,962/1,000,000  12.7/s  upd=11075  L=0.0236  D=1.394
[regir_untied4] 0:05:04  463,962/1,000,000  12.3/s  upd=11080  L=0.0170  D=1.394
[regir_untied4] 0:05:14  464,227/1,000,000  12.7/s  upd=11083  L=0.0188  D=1.394
[regir_untied4] 0:05:25  464,227/1,000,000  12.3/s  upd=11088  L=0.0396  D=1.394
[regir_untied4] 0:05:35  464,503/1,000,000  12.7/s  upd=11093  L=0.0352  D=1.394
[regir_untied4] 0:05:45  464,503/1,000,000  12.4/s  upd=11096  L=0.0202  D=1.394
[regir_untied4] 0:05:56  464,796/1,000,000  12.8/s  upd=11099  L=0.0155  D=1.394
[regir_untied4] 0:06:06  464,796/1,000,000  12.5/s  upd=11104  L=0.0276  D=1.394
[regir_untied4] 0:06:18  465,065/1,000,000  12.8/s  upd=11108  L=0.0218  D=1.394
[regir_untied4] 0:06:28  465,065/1,000,000  12.5/s  upd=11112  L=0.0174  D=1.394
[regir_untied4] 0:06:38  465,361/1,000,000  12.9/s  upd=11115  L=0.0219  D=1.394
[regir_untied4] 0:06:48  465,361/1,000,000  12.6/s  upd=11120  L=0.0331  D=1.394
[regir_untied4] 0:07:00  465,675/1,000,000  13.0/s  upd=11122  L=0.0305  D=1.394
[regir_untied4] 0:07:10  465,675/1,000,000  12.6/s  upd=11128  L=0.0244  D=1.394
[regir_untied4] 0:07:21  465,993/1,000,000  13.0/s  upd=11129  L=0.0209  D=1.394
[regir_untied4] 0:07:32  465,993/1,000,000  12.7/s  upd=11135  L=0.0233  D=1.394
[regir_untied4] 0:07:45  466,274/1,000,000  13.0/s  upd=11139  L=0.0197  D=1.394
[regir_untied4] 0:07:55  466,274/1,000,000  12.7/s  upd=11144  L=0.0207  D=1.394
[regir_untied4] 0:08:06  466,544/1,000,000  13.0/s  upd=11148  L=0.0234  D=1.394
[regir_untied4] 0:08:16  466,544/1,000,000  12.7/s  upd=11152  L=0.0330  D=1.394
[regir_untied4] 0:08:27  466,871/1,000,000  13.1/s  upd=11156  L=0.0489  D=1.394
[regir_untied4] 0:08:37  466,871/1,000,000  12.8/s  upd=11160  L=0.0231  D=1.394
[regir_untied4] 0:08:49  467,132/1,000,000  13.0/s  upd=11166  L=0.0250  D=1.394
[regir_untied4] 0:09:00  467,430/1,000,000  13.3/s  upd=11169  L=0.0215  D=1.394
[regir_untied4] 0:09:11  467,430/1,000,000  13.1/s  upd=11176  L=0.0223  D=1.394
[regir_untied4] 0:09:22  467,720/1,000,000  13.3/s  upd=11179  L=0.0229  D=1.394
[regir_untied4] 0:09:32  467,720/1,000,000  13.1/s  upd=11184  L=0.0250  D=1.394
[regir_untied4] 0:09:43  468,023/1,000,000  13.3/s  upd=11188  L=0.0287  D=1.394
[regir_untied4] 0:09:55  468,260/1,000,000  13.5/s  upd=11193  L=0.0269  D=1.394
[regir_untied4] 0:10:05  468,260/1,000,000  13.3/s  upd=11199  L=0.0181  D=1.394
[regir_untied4] 0:10:15  468,572/1,000,000  13.5/s  upd=11202  L=0.0163  D=1.394
[regir_untied4] 0:10:25  468,572/1,000,000  13.3/s  upd=11208  L=0.0229  D=1.394
[regir_untied4] 0:10:37  468,905/1,000,000  13.6/s  upd=11211  L=0.0201  D=1.394
[regir_untied4] saved resume t_env=468,905
[regir_untied4] 0:10:47  468,905/1,000,000  13.4/s  upd=11216  L=0.0280  D=1.394
[regir_untied4] 0:11:00  469,182/1,000,000  13.6/s  upd=11217  L=0.0252  D=1.394
[regir_untied4] 0:11:10  469,182/1,000,000  13.4/s  upd=11223  L=0.0202  D=1.394
[regir_untied4] 0:11:20  469,182/1,000,000  13.2/s  upd=11224  L=0.0196  D=1.394
[regir_untied4] 0:11:31  469,531/1,000,000  13.4/s  upd=11228  L=0.0156  D=1.394
[regir_untied4] 0:11:42  469,531/1,000,000  13.3/s  upd=11232  L=0.0184  D=1.394
[regir_untied4] 0:11:53  469,794/1,000,000  13.4/s  upd=11237  L=0.0256  D=1.394
[regir_untied4] 0:12:03  469,794/1,000,000  13.2/s  upd=11240  L=0.0200  D=1.394
[regir_untied4] 0:12:13  470,077/1,000,000  13.4/s  upd=11244  L=0.0205  D=1.394
[regir_untied4] 0:12:23  470,077/1,000,000  13.2/s  upd=11248  L=0.0320  D=1.394
[regir_untied4] 0:12:34  470,391/1,000,000  13.5/s  upd=11249  L=0.0200  D=1.394
[regir_untied4] 0:12:45  470,391/1,000,000  13.3/s  upd=11255  L=0.0304  D=1.394
[regir_untied4] 0:12:55  470,391/1,000,000  13.1/s  upd=11256  L=0.0264  D=1.394
[regir_untied4] 0:13:08  470,720/1,000,000  13.3/s  upd=11260  L=0.0169  D=1.394
[regir_untied4] 0:13:18  471,021/1,000,000  13.5/s  upd=11265  L=0.0226  D=1.394
[regir_untied4] 0:13:29  471,021/1,000,000  13.3/s  upd=11270  L=0.0221  D=1.394
[regir_untied4] 0:13:39  471,021/1,000,000  13.2/s  upd=11272  L=0.0387  D=1.394
[regir_untied4] 0:13:50  471,377/1,000,000  13.4/s  upd=11277  L=0.0245  D=1.394
[regir_untied4] 0:14:00  471,377/1,000,000  13.3/s  upd=11280  L=0.0146  D=1.394
[regir_untied4] 0:14:11  471,672/1,000,000  13.4/s  upd=11285  L=0.0220  D=1.394
[regir_untied4] 0:14:21  471,672/1,000,000  13.3/s  upd=11288  L=0.0208  D=1.394
[regir_untied4] 0:14:32  471,962/1,000,000  13.4/s  upd=11294  L=0.0277  D=1.394
[regir_untied4] 0:14:42  471,962/1,000,000  13.3/s  upd=11296  L=0.0440  D=1.394
[regir_untied4] 0:14:53  472,288/1,000,000  13.5/s  upd=11299  L=0.0326  D=1.394
[regir_untied4] 0:15:05  472,288/1,000,000  13.3/s  upd=11304  L=0.0359  D=1.394
[regir_untied4] 0:15:15  472,580/1,000,000  13.5/s  upd=11306  L=0.0239  D=1.394
[regir_untied4] 0:15:26  472,580/1,000,000  13.3/s  upd=11312  L=0.0210  D=1.394
[regir_untied4] 0:15:38  472,909/1,000,000  13.5/s  upd=11314  L=0.0209  D=1.394
[regir_untied4] 0:15:49  472,909/1,000,000  13.3/s  upd=11318  L=0.0270  D=1.394
[regir_untied4] 0:16:00  473,189/1,000,000  13.5/s  upd=11323  L=0.0260  D=1.394
[regir_untied4] 0:16:12  473,189/1,000,000  13.3/s  upd=11328  L=0.0199  D=1.394
[regir_untied4] 0:16:24  473,514/1,000,000  13.5/s  upd=11329  L=0.0242  D=1.394
[regir_untied4] 0:16:34  473,514/1,000,000  13.4/s  upd=11335  L=0.0146  D=1.394
[regir_untied4] 0:16:46  473,833/1,000,000  13.5/s  upd=11337  L=0.0214  D=1.394
[regir_untied4] 0:16:57  473,833/1,000,000  13.4/s  upd=11342  L=0.0202  D=1.394
[regir_untied4] 0:17:08  474,107/1,000,000  13.5/s  upd=11346  L=0.0227  D=1.394
[regir_untied4] 0:17:20  474,107/1,000,000  13.3/s  upd=11351  L=0.0243  D=1.394
[regir_untied4] 0:17:31  474,358/1,000,000  13.4/s  upd=11355  L=0.0211  D=1.394
[regir_untied4] 0:17:42  474,358/1,000,000  13.3/s  upd=11360  L=0.0182  D=1.394
[regir_untied4] 0:17:52  474,629/1,000,000  13.4/s  upd=11361  L=0.0172  D=1.394
[regir_untied4] 0:18:02  474,629/1,000,000  13.3/s  upd=11368  L=0.0203  D=1.394
[regir_untied4] 0:18:13  474,898/1,000,000  13.4/s  upd=11370  L=0.0209  D=1.394
[regir_untied4] 0:18:24  474,898/1,000,000  13.3/s  upd=11375  L=0.0290  D=1.394
[regir_untied4] 0:18:34  475,182/1,000,000  13.4/s  upd=11378  L=0.0484  D=1.394
[regir_untied4] 0:18:44  475,182/1,000,000  13.3/s  upd=11384  L=0.0205  D=1.394
[regir_untied4] 0:18:55  475,427/1,000,000  13.4/s  upd=11385  L=0.0260  D=1.394
[regir_untied4] 0:19:05  475,427/1,000,000  13.3/s  upd=11392  L=0.0245  D=1.394
[regir_untied4] 0:19:15  475,427/1,000,000  13.2/s  upd=11392  L=0.0245  D=1.394
[regir_untied4] 0:19:25  475,798/1,000,000  13.4/s  upd=11398  L=0.0181  D=1.394
[regir_untied4] 0:19:35  476,102/1,000,000  13.5/s  upd=11401  L=0.0233  D=1.394
[regir_untied4] 0:19:45  476,102/1,000,000  13.4/s  upd=11408  L=0.0256  D=1.394
[regir_untied4] 0:19:56  476,395/1,000,000  13.5/s  upd=11411  L=0.0180  D=1.394
[regir_untied4] 0:20:06  476,395/1,000,000  13.4/s  upd=11416  L=0.0213  D=1.394
[regir_untied4] 0:20:17  476,773/1,000,000  13.6/s  upd=11420  L=0.0205  D=1.394
[regir_untied4] 0:20:27  476,773/1,000,000  13.5/s  upd=11424  L=0.0219  D=1.394
[regir_untied4] 0:20:37  477,149/1,000,000  13.7/s  upd=11429  L=0.0252  D=1.394
[regir_untied4] 0:20:48  477,486/1,000,000  13.8/s  upd=11433  L=0.0345  D=1.394
[regir_untied4] saved resume t_env=477,486
[regir_untied4] 0:21:00  477,486/1,000,000  13.7/s  upd=11440  L=0.0261  D=1.394
[regir_untied4] 0:21:11  477,736/1,000,000  13.8/s  upd=11443  L=0.0194  D=1.394
[regir_untied4] 0:21:21  477,736/1,000,000  13.7/s  upd=11448  L=0.0230  D=1.394
[regir_untied4] 0:21:31  478,033/1,000,000  13.8/s  upd=11452  L=0.0232  D=1.394
[regir_untied4] 0:21:41  478,033/1,000,000  13.7/s  upd=11456  L=0.0233  D=1.394
[regir_untied4] 0:21:52  478,386/1,000,000  13.8/s  upd=11462  L=0.0240  D=1.394
[regir_untied4] 0:22:02  478,386/1,000,000  13.7/s  upd=11464  L=0.0318  D=1.394
[regir_untied4] 0:22:13  478,685/1,000,000  13.8/s  upd=11470  L=0.0274  D=1.394
[regir_untied4] 0:22:23  478,685/1,000,000  13.7/s  upd=11472  L=0.0241  D=1.394
[regir_untied4] 0:22:34  478,944/1,000,000  13.8/s  upd=11478  L=0.0296  D=1.394
[regir_untied4] 0:22:44  478,944/1,000,000  13.7/s  upd=11480  L=0.0413  D=1.394
[regir_untied4] 0:22:55  479,228/1,000,000  13.8/s  upd=11483  L=0.0230  D=1.394
[regir_untied4] 0:23:05  479,228/1,000,000  13.7/s  upd=11488  L=0.0198  D=1.394
[regir_untied4] 0:23:18  479,550/1,000,000  13.8/s  upd=11490  L=0.0291  D=1.394
[regir_untied4] 0:23:28  479,550/1,000,000  13.7/s  upd=11496  L=0.0282  D=1.394
[regir_untied4] 0:23:39  479,821/1,000,000  13.8/s  upd=11497  L=0.0289  D=1.394
[regir_untied4] 0:23:49  479,821/1,000,000  13.7/s  upd=11503  L=0.0292  D=1.394
[regir_untied4] 0:24:00  480,122/1,000,000  13.8/s  upd=11506  L=0.0140  D=1.394
[regir_untied4] saved resume t_env=480,122
[regir_untied4] 0:24:14  480,122/1,000,000  13.7/s  upd=11512  L=0.0316  ev=0/100  D=1.394
[regir_untied4] 0:24:25  480,122/1,000,000  13.6/s  upd=11512  L=0.0316  ev=5/100  D=1.394
[regir_untied4] 0:24:35  480,122/1,000,000  13.5/s  upd=11512  L=0.0316  ev=22/100  D=1.394
[regir_untied4] 0:24:45  480,122/1,000,000  13.4/s  upd=11512  L=0.0316  ev=28/100  D=1.394
[regir_untied4] 0:24:55  480,122/1,000,000  13.3/s  upd=11512  L=0.0316  ev=40/100  D=1.394
[regir_untied4] 0:25:05  480,122/1,000,000  13.2/s  upd=11512  L=0.0316  ev=54/100  D=1.394
[regir_untied4] 0:25:15  480,122/1,000,000  13.1/s  upd=11512  L=0.0316  ev=56/100  D=1.394
[regir_untied4] 0:25:25  480,122/1,000,000  13.0/s  upd=11512  L=0.0316  ev=71/100  D=1.394
[regir_untied4] 0:25:35  480,122/1,000,000  13.0/s  upd=11512  L=0.0316  ev=78/100  D=1.394
[regir_untied4] 0:25:45  480,122/1,000,000  12.9/s  upd=11512  L=0.0316  ev=88/100  D=1.394
[regir_untied4] 0:25:55  480,122/1,000,000  12.8/s  upd=11512  L=0.0316  ev=100/100  D=1.394
[regir_untied4] 0:26:06  480,418/1,000,000  12.9/s  upd=11516  L=0.0257  D=0.799
[regir_untied4] 0:26:16  480,418/1,000,000  12.8/s  upd=11520  L=0.0259  D=0.799
[regir_untied4] 0:26:27  480,729/1,000,000  12.9/s  upd=11523  L=0.0432  D=0.799
[regir_untied4] 0:26:37  480,729/1,000,000  12.8/s  upd=11528  L=0.0267  D=0.799
[regir_untied4] 0:26:48  480,965/1,000,000  12.9/s  upd=11531  L=0.0201  D=0.799
[regir_untied4] 0:26:58  480,965/1,000,000  12.8/s  upd=11536  L=0.0208  D=0.799
[regir_untied4] 0:27:09  481,231/1,000,000  12.9/s  upd=11537  L=0.0246  D=0.799
[regir_untied4] 0:27:19  481,231/1,000,000  12.8/s  upd=11544  L=0.0184  D=0.799
[regir_untied4] 0:27:29  481,231/1,000,000  12.7/s  upd=11544  L=0.0184  D=0.799
[regir_untied4] 0:27:40  481,540/1,000,000  12.8/s  upd=11549  L=0.0273  D=0.799
[regir_untied4] 0:27:51  481,797/1,000,000  12.9/s  upd=11553  L=0.0249  D=0.799
[regir_untied4] 0:28:02  481,797/1,000,000  12.8/s  upd=11558  L=0.0329  D=0.799
[regir_untied4] 0:28:12  481,797/1,000,000  12.7/s  upd=11560  L=0.0167  D=0.799
[regir_untied4] 0:28:23  482,078/1,000,000  12.8/s  upd=11566  L=0.0371  D=0.799
[regir_untied4] 0:28:33  482,078/1,000,000  12.8/s  upd=11568  L=0.0422  D=0.799
[regir_untied4] 0:28:44  482,369/1,000,000  12.8/s  upd=11572  L=0.0176  D=0.799
[regir_untied4] 0:28:54  482,369/1,000,000  12.8/s  upd=11576  L=0.0252  D=0.799
[regir_untied4] 0:29:05  482,689/1,000,000  12.9/s  upd=11580  L=0.0151  D=0.799
[regir_untied4] 0:29:15  482,689/1,000,000  12.8/s  upd=11584  L=0.0232  D=0.799
[regir_untied4] 0:29:26  482,963/1,000,000  12.9/s  upd=11587  L=0.0211  D=0.799
[regir_untied4] 0:29:36  482,963/1,000,000  12.8/s  upd=11592  L=0.0307  D=0.799
[regir_untied4] 0:29:48  483,243/1,000,000  12.9/s  upd=11596  L=0.0268  D=0.799
[regir_untied4] 0:29:58  483,243/1,000,000  12.8/s  upd=11600  L=0.0245  D=0.799
[regir_untied4] 0:30:09  483,554/1,000,000  12.9/s  upd=11601  L=0.0216  D=0.799
[regir_untied4] 0:30:20  483,554/1,000,000  12.8/s  upd=11607  L=0.0166  D=0.799
[regir_untied4] 0:30:31  483,554/1,000,000  12.7/s  upd=11608  L=0.0220  D=0.799
[regir_untied4] 0:30:41  483,867/1,000,000  12.8/s  upd=11611  L=0.0113  D=0.799
[regir_untied4] 0:30:51  483,867/1,000,000  12.8/s  upd=11616  L=0.0271  D=0.799
[regir_untied4] 0:31:02  484,121/1,000,000  12.8/s  upd=11619  L=0.0224  D=0.799
[regir_untied4] 0:31:12  484,121/1,000,000  12.8/s  upd=11624  L=0.0303  D=0.799
[regir_untied4] 0:31:24  484,379/1,000,000  12.8/s  upd=11627  L=0.0191  D=0.799
[regir_untied4] 0:31:34  484,379/1,000,000  12.7/s  upd=11632  L=0.0282  D=0.799
[regir_untied4] 0:31:47  484,689/1,000,000  12.8/s  upd=11634  L=0.0274  D=0.799
[regir_untied4] 0:31:57  484,689/1,000,000  12.8/s  upd=11639  L=0.0160  D=0.799
[regir_untied4] 0:32:08  484,969/1,000,000  12.8/s  upd=11642  L=0.0233  D=0.799
[regir_untied4] 0:32:18  484,969/1,000,000  12.8/s  upd=11646  L=0.0169  D=0.799
[regir_untied4] 0:32:28  485,238/1,000,000  12.8/s  upd=11649  L=0.0232  D=0.799
[regir_untied4] 0:32:39  485,238/1,000,000  12.8/s  upd=11654  L=0.0280  D=0.799
[regir_untied4] 0:32:49  485,238/1,000,000  12.7/s  upd=11656  L=0.0319  D=0.799
[regir_untied4] 0:33:00  485,608/1,000,000  12.8/s  upd=11661  L=0.0220  D=0.799
[regir_untied4] 0:33:10  485,608/1,000,000  12.7/s  upd=11664  L=0.0186  D=0.799
[regir_untied4] 0:33:21  485,879/1,000,000  12.8/s  upd=11666  L=0.0264  D=0.799
[regir_untied4] 0:33:31  485,879/1,000,000  12.8/s  upd=11672  L=0.0258  D=0.799
[regir_untied4] 0:33:41  486,133/1,000,000  12.8/s  upd=11676  L=0.0151  D=0.799
[regir_untied4] 0:33:52  486,133/1,000,000  12.7/s  upd=11680  L=0.0269  D=0.799
[regir_untied4] 0:34:02  486,371/1,000,000  12.8/s  upd=11683  L=0.0228  D=0.799
[regir_untied4] saved resume t_env=486,371
[regir_untied4] 0:34:14  486,371/1,000,000  12.7/s  upd=11688  L=0.0166  D=0.799
[regir_untied4] 0:34:24  486,632/1,000,000  12.8/s  upd=11690  L=0.0171  D=0.799
[regir_untied4] 0:34:34  486,632/1,000,000  12.7/s  upd=11696  L=0.0159  D=0.799
[regir_untied4] 0:34:47  486,915/1,000,000  12.8/s  upd=11700  L=0.0146  D=0.799
[regir_untied4] 0:34:57  486,915/1,000,000  12.7/s  upd=11704  L=0.0375  D=0.799
[regir_untied4] 0:35:08  487,226/1,000,000  12.8/s  upd=11708  L=0.0352  D=0.799
[regir_untied4] 0:35:18  487,226/1,000,000  12.7/s  upd=11712  L=0.0235  D=0.799
[regir_untied4] 0:35:28  487,547/1,000,000  12.8/s  upd=11714  L=0.0194  D=0.799
[regir_untied4] 0:35:39  487,547/1,000,000  12.8/s  upd=11720  L=0.0229  D=0.799
[regir_untied4] 0:35:51  487,808/1,000,000  12.8/s  upd=11724  L=0.0167  D=0.799
[regir_untied4] 0:36:01  487,808/1,000,000  12.8/s  upd=11728  L=0.0224  D=0.799
[regir_untied4] 0:36:12  488,138/1,000,000  12.8/s  upd=11733  L=0.0191  D=0.799
[regir_untied4] 0:36:23  488,410/1,000,000  12.9/s  upd=11737  L=0.0175  D=0.799
[regir_untied4] 0:36:33  488,410/1,000,000  12.8/s  upd=11743  L=0.0232  D=0.799
[regir_untied4] 0:36:44  488,719/1,000,000  12.9/s  upd=11748  L=0.0261  D=0.799
[regir_untied4] 0:36:54  488,719/1,000,000  12.9/s  upd=11752  L=0.0189  D=0.799
[regir_untied4] 0:37:05  489,009/1,000,000  12.9/s  upd=11757  L=0.0238  D=0.799
[regir_untied4] 0:37:15  489,009/1,000,000  12.9/s  upd=11760  L=0.0165  D=0.799
[regir_untied4] 0:37:26  489,277/1,000,000  12.9/s  upd=11766  L=0.0220  D=0.799
[regir_untied4] 0:37:36  489,277/1,000,000  12.9/s  upd=11768  L=0.0207  D=0.799
[regir_untied4] 0:37:47  489,559/1,000,000  12.9/s  upd=11772  L=0.0214  D=0.799
[regir_untied4] 0:37:57  489,559/1,000,000  12.9/s  upd=11776  L=0.0417  D=0.799
[regir_untied4] 0:38:07  489,890/1,000,000  13.0/s  upd=11780  L=0.0423  D=0.799
[regir_untied4] 0:38:17  489,890/1,000,000  12.9/s  upd=11784  L=0.0249  D=0.799
[regir_untied4] 0:38:27  489,890/1,000,000  12.9/s  upd=11784  L=0.0249  D=0.799
[regir_untied4] 0:38:39  490,217/1,000,000  12.9/s  upd=11790  L=0.0297  D=0.799
[regir_untied4] 0:38:49  490,217/1,000,000  12.9/s  upd=11792  L=0.0218  D=0.799
[regir_untied4] 0:39:00  490,489/1,000,000  12.9/s  upd=11796  L=0.0409  D=0.799
[regir_untied4] 0:39:10  490,489/1,000,000  12.9/s  upd=11800  L=0.0208  D=0.799
[regir_untied4] 0:39:21  490,775/1,000,000  12.9/s  upd=11803  L=0.0264  D=0.799
[regir_untied4] 0:39:32  490,775/1,000,000  12.9/s  upd=11808  L=0.0125  D=0.799
[regir_untied4] 0:39:42  491,031/1,000,000  12.9/s  upd=11812  L=0.0296  D=0.799
[regir_untied4] 0:39:52  491,031/1,000,000  12.9/s  upd=11816  L=0.0198  D=0.799
[regir_untied4] 0:40:04  491,325/1,000,000  12.9/s  upd=11820  L=0.0203  D=0.799
[regir_untied4] 0:40:14  491,325/1,000,000  12.9/s  upd=11824  L=0.0219  D=0.799
[regir_untied4] 0:40:26  491,590/1,000,000  12.9/s  upd=11827  L=0.0295  D=0.799
[regir_untied4] 0:40:36  491,590/1,000,000  12.9/s  upd=11832  L=0.0237  D=0.799
[regir_untied4] 0:40:49  491,877/1,000,000  12.9/s  upd=11835  L=0.0174  D=0.799
[regir_untied4] 0:41:00  491,877/1,000,000  12.9/s  upd=11840  L=0.0293  D=0.799
[regir_untied4] 0:41:10  492,179/1,000,000  12.9/s  upd=11842  L=0.0186  D=0.799
[regir_untied4] 0:41:21  492,179/1,000,000  12.9/s  upd=11848  L=0.0172  D=0.799
[regir_untied4] 0:41:32  492,471/1,000,000  12.9/s  upd=11851  L=0.0252  D=0.799
[regir_untied4] 0:41:42  492,471/1,000,000  12.9/s  upd=11856  L=0.0212  D=0.799
[regir_untied4] 0:41:54  492,797/1,000,000  13.0/s  upd=11857  L=0.0189  D=0.799
[regir_untied4] 0:42:04  492,797/1,000,000  12.9/s  upd=11864  L=0.0159  D=0.799
[regir_untied4] 0:42:14  492,797/1,000,000  12.9/s  upd=11864  L=0.0159  D=0.799
[regir_untied4] 0:42:25  493,077/1,000,000  12.9/s  upd=11870  L=0.0295  D=0.799
[regir_untied4] 0:42:36  493,077/1,000,000  12.9/s  upd=11872  L=0.0266  D=0.799
[regir_untied4] 0:42:47  493,420/1,000,000  12.9/s  upd=11874  L=0.0278  D=0.799
[regir_untied4] 0:42:57  493,420/1,000,000  12.9/s  upd=11880  L=0.0284  D=0.799
[regir_untied4] 0:43:08  493,689/1,000,000  12.9/s  upd=11883  L=0.0216  D=0.799
[regir_untied4] 0:43:18  493,689/1,000,000  12.9/s  upd=11888  L=0.0204  D=0.799
[regir_untied4] 0:43:29  493,952/1,000,000  12.9/s  upd=11892  L=0.0222  D=0.799
[regir_untied4] 0:43:40  493,952/1,000,000  12.9/s  upd=11896  L=0.0181  D=0.799
[regir_untied4] 0:43:52  494,238/1,000,000  12.9/s  upd=11900  L=0.0383  D=0.799
[regir_untied4] 0:44:02  494,238/1,000,000  12.9/s  upd=11904  L=0.0219  D=0.799
[regir_untied4] 0:44:12  494,527/1,000,000  12.9/s  upd=11910  L=0.0201  D=0.799
[regir_untied4] saved resume t_env=494,527
[regir_untied4] 0:44:22  494,527/1,000,000  12.9/s  upd=11912  L=0.0219  D=0.799
[regir_untied4] 0:44:33  494,828/1,000,000  12.9/s  upd=11915  L=0.0207  D=0.799
[regir_untied4] 0:44:43  494,828/1,000,000  12.9/s  upd=11920  L=0.0230  D=0.799
[regir_untied4] 0:44:53  494,828/1,000,000  12.8/s  upd=11920  L=0.0230  D=0.799
[regir_untied4] 0:45:04  495,159/1,000,000  12.9/s  upd=11924  L=0.0198  D=0.799
[regir_untied4] 0:45:14  495,159/1,000,000  12.9/s  upd=11928  L=0.0203  D=0.799
[regir_untied4] 0:45:24  495,429/1,000,000  12.9/s  upd=11933  L=0.0276  D=0.799
[regir_untied4] 0:45:34  495,429/1,000,000  12.9/s  upd=11936  L=0.0211  D=0.799
[regir_untied4] 0:45:45  495,718/1,000,000  12.9/s  upd=11942  L=0.0228  D=0.799
[regir_untied4] 0:45:58  495,997/1,000,000  13.0/s  upd=11945  L=0.0238  D=0.799
[regir_untied4] 0:46:10  495,997/1,000,000  12.9/s  upd=11950  L=0.0164  D=0.799
[regir_untied4] 0:46:21  496,290/1,000,000  13.0/s  upd=11956  L=0.0200  D=0.799
[regir_untied4] 0:46:32  496,290/1,000,000  12.9/s  upd=11960  L=0.0170  D=0.799
[regir_untied4] 0:46:42  496,575/1,000,000  13.0/s  upd=11963  L=0.0348  D=0.799
[regir_untied4] 0:46:53  496,575/1,000,000  12.9/s  upd=11968  L=0.0204  D=0.799
[regir_untied4] 0:47:04  496,870/1,000,000  13.0/s  upd=11969  L=0.0307  D=0.799
[regir_untied4] 0:47:17  496,870/1,000,000  12.9/s  upd=11976  L=0.0297  D=0.799
[regir_untied4] 0:47:28  497,170/1,000,000  13.0/s  upd=11978  L=0.0222  D=0.799
[regir_untied4] 0:47:40  497,170/1,000,000  12.9/s  upd=11983  L=0.0343  D=0.799
[regir_untied4] 0:47:50  497,170/1,000,000  12.9/s  upd=11984  L=0.0247  D=0.799
[regir_untied4] 0:48:02  497,479/1,000,000  12.9/s  upd=11989  L=0.0195  D=0.799
[regir_untied4] 0:48:12  497,479/1,000,000  12.9/s  upd=11992  L=0.0231  D=0.799
[regir_untied4] 0:48:23  497,773/1,000,000  12.9/s  upd=11996  L=0.0218  D=0.799
[regir_untied4] 0:48:35  497,773/1,000,000  12.9/s  upd=12000  L=0.0177  D=0.799
[regir_untied4] 0:48:45  498,062/1,000,000  12.9/s  upd=12003  L=0.0149  D=0.799
[regir_untied4] 0:48:55  498,062/1,000,000  12.9/s  upd=12008  L=0.0176  D=0.799
[regir_untied4] 0:49:06  498,389/1,000,000  13.0/s  upd=12013  L=0.0191  D=0.799
[regir_untied4] 0:49:16  498,727/1,000,000  13.0/s  upd=12017  L=0.0205  D=0.799
[regir_untied4] 0:49:26  498,727/1,000,000  13.0/s  upd=12024  L=0.0362  D=0.799
[regir_untied4] 0:49:36  499,021/1,000,000  13.0/s  upd=12029  L=0.0182  D=0.799
[regir_untied4] 0:49:46  499,021/1,000,000  13.0/s  upd=12032  L=0.0220  D=0.799
[regir_untied4] 0:49:56  499,442/1,000,000  13.1/s  upd=12039  L=0.0229  D=0.799
[regir_untied4] 0:50:07  499,723/1,000,000  13.1/s  upd=12044  L=0.0271  D=0.799
[regir_untied4] 0:50:17  499,723/1,000,000  13.1/s  upd=12048  L=0.0229  D=0.799
[regir_untied4] 0:50:28  499,997/1,000,000  13.1/s  upd=12055  L=0.0275  D=0.799
[regir_untied4] 0:50:38  500,250/1,000,000  13.2/s  upd=12057  L=0.0207  D=0.799
[regir_untied4] 0:50:49  500,250/1,000,000  13.1/s  upd=12064  L=0.0176  D=0.799
[regir_untied4] saved resume t_env=500,250
[regir_untied4] 0:50:59  500,250/1,000,000  13.1/s  upd=12064  L=0.0176  ev=8/100  D=0.799
[regir_untied4] 0:51:09  500,250/1,000,000  13.0/s  upd=12064  L=0.0176  ev=16/100  D=0.799
[regir_untied4] 0:51:20  500,250/1,000,000  13.0/s  upd=12064  L=0.0176  ev=32/100  D=0.799
[regir_untied4] 0:51:30  500,250/1,000,000  13.0/s  upd=12064  L=0.0176  ev=47/100  D=0.799
[regir_untied4] 0:51:40  500,250/1,000,000  12.9/s  upd=12064  L=0.0176  ev=48/100  D=0.799
[regir_untied4] 0:51:50  500,250/1,000,000  12.9/s  upd=12064  L=0.0176  ev=55/100  D=0.799
[regir_untied4] 0:52:00  500,250/1,000,000  12.8/s  upd=12064  L=0.0176  ev=63/100  D=0.799
[regir_untied4] 0:52:10  500,250/1,000,000  12.8/s  upd=12064  L=0.0176  ev=78/100  D=0.799
[regir_untied4] 0:52:20  500,250/1,000,000  12.7/s  upd=12064  L=0.0176  ev=84/100  D=0.799
[regir_untied4] 0:52:30  500,250/1,000,000  12.7/s  upd=12064  L=0.0176  ev=98/100  D=0.799
[regir_untied4] 0:52:40  500,250/1,000,000  12.7/s  upd=12064  L=0.0176  ev=99/100  D=0.799
[regir_untied4] 0:52:51  500,538/1,000,000  12.7/s  upd=12067  L=0.0281  D=0.832
[regir_untied4] 0:53:01  500,538/1,000,000  12.7/s  upd=12072  L=0.0243  D=0.832
[regir_untied4] 0:53:12  500,797/1,000,000  12.7/s  upd=12075  L=0.0212  D=0.832
[regir_untied4] 0:53:23  500,797/1,000,000  12.7/s  upd=12080  L=0.0228  D=0.832
[regir_untied4] 0:53:34  501,049/1,000,000  12.7/s  upd=12084  L=0.0174  D=0.832
[regir_untied4] 0:53:44  501,049/1,000,000  12.7/s  upd=12088  L=0.0227  D=0.832
[regir_untied4] 0:53:55  501,334/1,000,000  12.7/s  upd=12091  L=0.0314  D=0.832
[regir_untied4] 0:54:05  501,334/1,000,000  12.7/s  upd=12096  L=0.0220  D=0.832
[regir_untied4] 0:54:15  501,671/1,000,000  12.7/s  upd=12098  L=0.0219  D=0.832
[regir_untied4] 0:54:25  501,671/1,000,000  12.7/s  upd=12104  L=0.0251  D=0.832
[regir_untied4] 0:54:35  501,671/1,000,000  12.7/s  upd=12104  L=0.0251  D=0.832
[regir_untied4] 0:54:46  501,995/1,000,000  12.7/s  upd=12110  L=0.0268  D=0.832
[regir_untied4] 0:54:56  501,995/1,000,000  12.7/s  upd=12112  L=0.0236  D=0.832
[regir_untied4] 0:55:08  502,295/1,000,000  12.7/s  upd=12119  L=0.0258  D=0.832
[regir_untied4] 0:55:18  502,295/1,000,000  12.7/s  upd=12120  L=0.0283  D=0.832
[regir_untied4] 0:55:29  502,596/1,000,000  12.7/s  upd=12124  L=0.0256  D=0.832
[regir_untied4] 0:55:39  502,596/1,000,000  12.7/s  upd=12128  L=0.0162  D=0.832
[regir_untied4] 0:55:49  502,849/1,000,000  12.7/s  upd=12132  L=0.0276  D=0.832
[regir_untied4] 0:55:59  502,849/1,000,000  12.7/s  upd=12136  L=0.0164  D=0.832
[regir_untied4] 0:56:11  503,162/1,000,000  12.7/s  upd=12137  L=0.0246  D=0.832
[regir_untied4] 0:56:21  503,162/1,000,000  12.7/s  upd=12144  L=0.0203  D=0.832
[regir_untied4] 0:56:31  503,483/1,000,000  12.8/s  upd=12145  L=0.0203  D=0.832
[regir_untied4] 0:56:42  503,483/1,000,000  12.7/s  upd=12152  L=0.0225  D=0.832
[regir_untied4] 0:56:53  503,825/1,000,000  12.8/s  upd=12153  L=0.0207  D=0.832
[regir_untied4] 0:57:03  503,825/1,000,000  12.7/s  upd=12158  L=0.0164  D=0.832
[regir_untied4] 0:57:15  504,096/1,000,000  12.8/s  upd=12163  L=0.0135  D=0.832
[regir_untied4] 0:57:26  504,096/1,000,000  12.7/s  upd=12168  L=0.0191  D=0.832
[regir_untied4] 0:57:37  504,373/1,000,000  12.8/s  upd=12173  L=0.0236  D=0.832
[regir_untied4] 0:57:47  504,373/1,000,000  12.7/s  upd=12176  L=0.0177  D=0.832
[regir_untied4] 0:57:58  504,656/1,000,000  12.8/s  upd=12179  L=0.0141  D=0.832
[regir_untied4] 0:58:08  504,656/1,000,000  12.7/s  upd=12184  L=0.0341  D=0.832
[regir_untied4] 0:58:18  504,921/1,000,000  12.8/s  upd=12187  L=0.0197  D=0.832
[regir_untied4] 0:58:28  504,921/1,000,000  12.7/s  upd=12192  L=0.0356  D=0.832
[regir_untied4] 0:58:39  505,243/1,000,000  12.8/s  upd=12196  L=0.0364  D=0.832
[regir_untied4] 0:58:49  505,243/1,000,000  12.8/s  upd=12200  L=0.0243  D=0.832
[regir_untied4] 0:59:01  505,565/1,000,000  12.8/s  upd=12202  L=0.0183  D=0.832
[regir_untied4] 0:59:11  505,565/1,000,000  12.8/s  upd=12208  L=0.0185  D=0.832
[regir_untied4] 0:59:22  505,940/1,000,000  12.8/s  upd=12212  L=0.0152  D=0.832
[regir_untied4] 0:59:32  505,940/1,000,000  12.8/s  upd=12216  L=0.0255  D=0.832
[regir_untied4] 0:59:43  506,234/1,000,000  12.8/s  upd=12220  L=0.0172  D=0.832
[regir_untied4] 0:59:53  506,234/1,000,000  12.8/s  upd=12224  L=0.0192  D=0.832
[regir_untied4] 1:00:04  506,527/1,000,000  12.8/s  upd=12226  L=0.0253  D=0.832
[regir_untied4] 1:00:14  506,527/1,000,000  12.8/s  upd=12232  L=0.0252  D=0.832
[regir_untied4] 1:00:25  506,848/1,000,000  12.9/s  upd=12236  L=0.0259  D=0.832
[regir_untied4] 1:00:35  506,848/1,000,000  12.8/s  upd=12240  L=0.0256  D=0.832
[regir_untied4] 1:00:45  507,168/1,000,000  12.9/s  upd=12241  L=0.0271  D=0.832
[regir_untied4] 1:00:57  507,168/1,000,000  12.8/s  upd=12247  L=0.0220  D=0.832
[regir_untied4] saved resume t_env=507,168
[regir_untied4] 1:01:07  507,168/1,000,000  12.8/s  upd=12248  L=0.0218  D=0.832
[regir_untied4] 1:01:18  507,464/1,000,000  12.8/s  upd=12253  L=0.0264  D=0.832
[regir_untied4] 1:01:28  507,464/1,000,000  12.8/s  upd=12256  L=0.0184  D=0.832
[regir_untied4] 1:01:39  507,762/1,000,000  12.8/s  upd=12261  L=0.0268  D=0.832
[regir_untied4] 1:01:51  508,069/1,000,000  12.9/s  upd=12268  L=0.0182  D=0.832
[regir_untied4] 1:02:01  508,069/1,000,000  12.9/s  upd=12272  L=0.0179  D=0.832
[regir_untied4] 1:02:11  508,380/1,000,000  12.9/s  upd=12279  L=0.0283  D=0.832
[regir_untied4] 1:02:21  508,659/1,000,000  12.9/s  upd=12283  L=0.0178  D=0.832
[regir_untied4] 1:02:31  508,659/1,000,000  12.9/s  upd=12288  L=0.0218  D=0.832
[regir_untied4] 1:02:42  508,912/1,000,000  12.9/s  upd=12295  L=0.0359  D=0.832
[regir_untied4] 1:02:53  509,232/1,000,000  13.0/s  upd=12297  L=0.0279  D=0.832
[regir_untied4] 1:03:03  509,232/1,000,000  13.0/s  upd=12304  L=0.0199  D=0.832
[regir_untied4] 1:03:16  509,505/1,000,000  13.0/s  upd=12310  L=0.0285  D=0.832
[regir_untied4] 1:03:27  509,769/1,000,000  13.0/s  upd=12316  L=0.0170  D=0.832
[regir_untied4] 1:03:37  509,769/1,000,000  13.0/s  upd=12320  L=0.0221  D=0.832
[regir_untied4] 1:03:48  510,078/1,000,000  13.0/s  upd=12324  L=0.0264  D=0.832
[regir_untied4] 1:03:58  510,078/1,000,000  13.0/s  upd=12328  L=0.0261  D=0.832
[regir_untied4] 1:04:08  510,374/1,000,000  13.0/s  upd=12330  L=0.0254  D=0.832
[regir_untied4] 1:04:18  510,374/1,000,000  13.0/s  upd=12336  L=0.0220  D=0.832
[regir_untied4] 1:04:28  510,653/1,000,000  13.0/s  upd=12339  L=0.0255  D=0.832
[regir_untied4] 1:04:38  510,653/1,000,000  13.0/s  upd=12344  L=0.0171  D=0.832
[regir_untied4] 1:04:49  510,653/1,000,000  13.0/s  upd=12344  L=0.0171  D=0.832
[regir_untied4] 1:04:59  510,940/1,000,000  13.0/s  upd=12351  L=0.0242  D=0.832
[regir_untied4] 1:05:09  510,940/1,000,000  13.0/s  upd=12352  L=0.0299  D=0.832
[regir_untied4] 1:05:21  511,253/1,000,000  13.0/s  upd=12358  L=0.0160  D=0.832
[regir_untied4] 1:05:31  511,253/1,000,000  13.0/s  upd=12360  L=0.0216  D=0.832
[regir_untied4] 1:05:41  511,506/1,000,000  13.0/s  upd=12366  L=0.0308  D=0.832
[regir_untied4] 1:05:51  511,771/1,000,000  13.0/s  upd=12369  L=0.0193  D=0.832
[regir_untied4] 1:06:03  511,771/1,000,000  13.0/s  upd=12375  L=0.0137  D=0.832
[regir_untied4] 1:06:14  512,047/1,000,000  13.0/s  upd=12379  L=0.0174  D=0.832
[regir_untied4] 1:06:24  512,047/1,000,000  13.0/s  upd=12384  L=0.0321  D=0.832
[regir_untied4] 1:06:37  512,374/1,000,000  13.0/s  upd=12388  L=0.0258  D=0.832
[regir_untied4] 1:06:47  512,374/1,000,000  13.0/s  upd=12392  L=0.0191  D=0.832
[regir_untied4] 1:06:57  512,626/1,000,000  13.0/s  upd=12395  L=0.0190  D=0.832
[regir_untied4] 1:07:08  512,626/1,000,000  13.0/s  upd=12400  L=0.0204  D=0.832
[regir_untied4] 1:07:19  512,942/1,000,000  13.1/s  upd=12403  L=0.0192  D=0.832
[regir_untied4] 1:07:30  512,942/1,000,000  13.0/s  upd=12408  L=0.0248  D=0.832
[regir_untied4] 1:07:40  513,214/1,000,000  13.0/s  upd=12409  L=0.0261  D=0.832
[regir_untied4] 1:07:50  513,214/1,000,000  13.0/s  upd=12416  L=0.0205  D=0.832
[regir_untied4] 1:08:01  513,214/1,000,000  13.0/s  upd=12416  L=0.0205  D=0.832
[regir_untied4] 1:08:12  513,531/1,000,000  13.0/s  upd=12423  L=0.0185  D=0.832
[regir_untied4] 1:08:24  513,788/1,000,000  13.0/s  upd=12425  L=0.0170  D=0.832
[regir_untied4] 1:08:37  513,788/1,000,000  13.0/s  upd=12432  L=0.0204  D=0.832
[regir_untied4] 1:08:47  514,119/1,000,000  13.1/s  upd=12433  L=0.0185  D=0.832
[regir_untied4] 1:08:59  514,119/1,000,000  13.0/s  upd=12439  L=0.0211  D=0.832
[regir_untied4] 1:09:09  514,119/1,000,000  13.0/s  upd=12440  L=0.0177  D=0.832
[regir_untied4] 1:09:19  514,408/1,000,000  13.0/s  upd=12445  L=0.0170  D=0.832
[regir_untied4] 1:09:30  514,408/1,000,000  13.0/s  upd=12448  L=0.0190  D=0.832
[regir_untied4] 1:09:42  514,706/1,000,000  13.0/s  upd=12452  L=0.0306  D=0.832
[regir_untied4] 1:09:52  514,706/1,000,000  13.0/s  upd=12456  L=0.0187  D=0.832
[regir_untied4] 1:10:03  514,965/1,000,000  13.0/s  upd=12462  L=0.0194  D=0.832
[regir_untied4] 1:10:13  514,965/1,000,000  13.0/s  upd=12464  L=0.0161  D=0.832
[regir_untied4] 1:10:24  515,275/1,000,000  13.0/s  upd=12468  L=0.0258  D=0.832
[regir_untied4] 1:10:34  515,275/1,000,000  13.0/s  upd=12472  L=0.0181  D=0.832
[regir_untied4] 1:10:45  515,564/1,000,000  13.0/s  upd=12474  L=0.0184  D=0.832
[regir_untied4] 1:10:55  515,564/1,000,000  13.0/s  upd=12480  L=0.0222  D=0.832
[regir_untied4] 1:11:06  515,838/1,000,000  13.0/s  upd=12483  L=0.0249  D=0.832
[regir_untied4] saved resume t_env=515,838
[regir_untied4] 1:11:18  515,838/1,000,000  13.0/s  upd=12488  L=0.0243  D=0.832
[regir_untied4] 1:11:29  516,165/1,000,000  13.0/s  upd=12489  L=0.0306  D=0.832
[regir_untied4] 1:11:40  516,165/1,000,000  13.0/s  upd=12495  L=0.0245  D=0.832
[regir_untied4] 1:11:51  516,501/1,000,000  13.1/s  upd=12497  L=0.0393  D=0.832
[regir_untied4] 1:12:03  516,501/1,000,000  13.0/s  upd=12503  L=0.0294  D=0.832
[regir_untied4] 1:12:14  516,786/1,000,000  13.0/s  upd=12505  L=0.0278  D=0.832
[regir_untied4] 1:12:24  516,786/1,000,000  13.0/s  upd=12512  L=0.0174  D=0.832
[regir_untied4] 1:12:35  517,083/1,000,000  13.1/s  upd=12515  L=0.0259  D=0.832
[regir_untied4] 1:12:46  517,083/1,000,000  13.0/s  upd=12520  L=0.0145  D=0.832
[regir_untied4] 1:12:56  517,083/1,000,000  13.0/s  upd=12520  L=0.0145  D=0.832
[regir_untied4] 1:13:06  517,398/1,000,000  13.0/s  upd=12524  L=0.0245  D=0.832
[regir_untied4] 1:13:18  517,641/1,000,000  13.1/s  upd=12530  L=0.0272  D=0.832
[regir_untied4] 1:13:29  517,641/1,000,000  13.0/s  upd=12535  L=0.0274  D=0.832
[regir_untied4] 1:13:39  517,641/1,000,000  13.0/s  upd=12536  L=0.0236  D=0.832
[regir_untied4] 1:13:50  517,952/1,000,000  13.0/s  upd=12542  L=0.0154  D=0.832
[regir_untied4] 1:14:01  518,212/1,000,000  13.1/s  upd=12546  L=0.0239  D=0.832
[regir_untied4] 1:14:14  518,212/1,000,000  13.0/s  upd=12551  L=0.0249  D=0.832
[regir_untied4] 1:14:24  518,473/1,000,000  13.0/s  upd=12554  L=0.0167  D=0.832
[regir_untied4] 1:14:36  518,473/1,000,000  13.0/s  upd=12559  L=0.0196  D=0.832
[regir_untied4] 1:14:47  518,786/1,000,000  13.0/s  upd=12561  L=0.0154  D=0.832
[regir_untied4] 1:14:58  518,786/1,000,000  13.0/s  upd=12568  L=0.0271  D=0.832
[regir_untied4] 1:15:09  519,058/1,000,000  13.0/s  upd=12570  L=0.0149  D=0.832
[regir_untied4] 1:15:19  519,058/1,000,000  13.0/s  upd=12575  L=0.0449  D=0.832
[regir_untied4] 1:15:32  519,369/1,000,000  13.0/s  upd=12578  L=0.0372  D=0.832
[regir_untied4] 1:15:42  519,369/1,000,000  13.0/s  upd=12584  L=0.0280  D=0.832
[regir_untied4] 1:15:52  519,690/1,000,000  13.1/s  upd=12586  L=0.0223  D=0.832
[regir_untied4] 1:16:02  519,690/1,000,000  13.0/s  upd=12592  L=0.0266  D=0.832
[regir_untied4] 1:16:12  519,690/1,000,000  13.0/s  upd=12592  L=0.0266  D=0.832
[regir_untied4] 1:16:24  520,006/1,000,000  13.0/s  upd=12599  L=0.0196  D=0.832
[regir_untied4] saved resume t_env=520,006
[regir_untied4] 1:16:34  520,006/1,000,000  13.0/s  upd=12600  L=0.0184  ev=0/100  D=0.832
[regir_untied4] 1:16:44  520,006/1,000,000  13.0/s  upd=12600  L=0.0184  ev=13/100  D=0.832
[regir_untied4] 1:16:54  520,006/1,000,000  13.0/s  upd=12600  L=0.0184  ev=24/100  D=0.832
[regir_untied4] 1:17:04  520,006/1,000,000  12.9/s  upd=12600  L=0.0184  ev=35/100  D=0.832
[regir_untied4] 1:17:15  520,006/1,000,000  12.9/s  upd=12600  L=0.0184  ev=45/100  D=0.832
[regir_untied4] 1:17:25  520,006/1,000,000  12.9/s  upd=12600  L=0.0184  ev=53/100  D=0.832
[regir_untied4] 1:17:35  520,006/1,000,000  12.8/s  upd=12600  L=0.0184  ev=62/100  D=0.832
[regir_untied4] 1:17:45  520,006/1,000,000  12.8/s  upd=12600  L=0.0184  ev=80/100  D=0.832
[regir_untied4] 1:17:55  520,006/1,000,000  12.8/s  upd=12600  L=0.0184  ev=96/100  D=0.832
[regir_untied4] 1:18:06  520,401/1,000,000  12.8/s  upd=12601  L=0.0388  D=0.778
[regir_untied4] 1:18:17  520,401/1,000,000  12.8/s  upd=12607  L=0.0237  D=0.778
[regir_untied4] 1:18:29  520,745/1,000,000  12.8/s  upd=12612  L=0.0308  D=0.778
[regir_untied4] 1:18:39  520,745/1,000,000  12.8/s  upd=12616  L=0.0199  D=0.778
[regir_untied4] 1:18:51  521,020/1,000,000  12.8/s  upd=12624  L=0.0285  D=0.778
[regir_untied4] 1:19:01  521,287/1,000,000  12.9/s  upd=12628  L=0.0227  D=0.778
[regir_untied4] 1:19:11  521,287/1,000,000  12.8/s  upd=12632  L=0.0214  D=0.778
[regir_untied4] 1:19:22  521,602/1,000,000  12.9/s  upd=12637  L=0.0286  D=0.778
[regir_untied4] 1:19:32  521,602/1,000,000  12.9/s  upd=12640  L=0.0285  D=0.778
[regir_untied4] 1:19:42  521,902/1,000,000  12.9/s  upd=12646  L=0.0214  D=0.778
[regir_untied4] 1:19:53  522,173/1,000,000  12.9/s  upd=12650  L=0.0218  D=0.778
[regir_untied4] 1:20:03  522,173/1,000,000  12.9/s  upd=12656  L=0.0166  D=0.778
[regir_untied4] 1:20:15  522,499/1,000,000  12.9/s  upd=12658  L=0.0207  D=0.778
[regir_untied4] 1:20:25  522,499/1,000,000  12.9/s  upd=12663  L=0.0176  D=0.778
[regir_untied4] 1:20:35  522,789/1,000,000  12.9/s  upd=12666  L=0.0251  D=0.778
[regir_untied4] 1:20:45  522,789/1,000,000  12.9/s  upd=12672  L=0.0297  D=0.778
[regir_untied4] 1:20:56  522,789/1,000,000  12.9/s  upd=12672  L=0.0297  D=0.778
[regir_untied4] 1:21:06  523,103/1,000,000  12.9/s  upd=12680  L=0.0266  D=0.778
[regir_untied4] 1:21:17  523,368/1,000,000  12.9/s  upd=12681  L=0.0195  D=0.778
[regir_untied4] 1:21:28  523,368/1,000,000  12.9/s  upd=12688  L=0.0181  D=0.778
[regir_untied4] 1:21:40  523,642/1,000,000  12.9/s  upd=12691  L=0.0333  D=0.778
[regir_untied4] 1:21:50  523,642/1,000,000  12.9/s  upd=12696  L=0.0258  D=0.778
[regir_untied4] 1:22:01  523,918/1,000,000  12.9/s  upd=12698  L=0.0434  D=0.778
[regir_untied4] 1:22:11  523,918/1,000,000  12.9/s  upd=12704  L=0.0315  D=0.778
[regir_untied4] 1:22:23  524,228/1,000,000  12.9/s  upd=12705  L=0.0265  D=0.778
[regir_untied4] 1:22:33  524,228/1,000,000  12.9/s  upd=12711  L=0.0169  D=0.778
[regir_untied4] 1:22:44  524,521/1,000,000  13.0/s  upd=12713  L=0.0196  D=0.778
[regir_untied4] 1:22:54  524,521/1,000,000  12.9/s  upd=12718  L=0.0219  D=0.778
[regir_untied4] 1:23:05  524,789/1,000,000  12.9/s  upd=12721  L=0.0189  D=0.778
[regir_untied4] 1:23:17  524,789/1,000,000  12.9/s  upd=12728  L=0.0194  D=0.778
[regir_untied4] 1:23:28  525,113/1,000,000  13.0/s  upd=12730  L=0.0199  D=0.778
[regir_untied4] 1:23:38  525,113/1,000,000  12.9/s  upd=12736  L=0.0289  D=0.778
[regir_untied4] 1:23:48  525,372/1,000,000  13.0/s  upd=12738  L=0.0281  D=0.778
[regir_untied4] 1:24:01  525,372/1,000,000  12.9/s  upd=12743  L=0.0212  D=0.778
[regir_untied4] 1:24:11  525,661/1,000,000  13.0/s  upd=12748  L=0.0202  D=0.778
[regir_untied4] 1:24:21  525,661/1,000,000  12.9/s  upd=12752  L=0.0244  D=0.778
[regir_untied4] 1:24:31  525,953/1,000,000  13.0/s  upd=12755  L=0.0172  D=0.778
[regir_untied4] 1:24:41  525,953/1,000,000  12.9/s  upd=12760  L=0.0328  D=0.778
[regir_untied4] 1:24:51  526,221/1,000,000  13.0/s  upd=12765  L=0.0293  D=0.778
[regir_untied4] 1:25:02  526,221/1,000,000  12.9/s  upd=12768  L=0.0201  D=0.778
[regir_untied4] 1:25:12  526,480/1,000,000  13.0/s  upd=12774  L=0.0176  D=0.778
[regir_untied4] 1:25:22  526,480/1,000,000  12.9/s  upd=12776  L=0.0190  D=0.778
[regir_untied4] 1:25:33  526,772/1,000,000  13.0/s  upd=12778  L=0.0259  D=0.778
[regir_untied4] 1:25:43  526,772/1,000,000  12.9/s  upd=12784  L=0.0213  D=0.778
[regir_untied4] 1:25:54  527,056/1,000,000  13.0/s  upd=12785  L=0.0263  D=0.778
[regir_untied4] 1:26:05  527,056/1,000,000  12.9/s  upd=12792  L=0.0235  D=0.778
[regir_untied4] 1:26:16  527,359/1,000,000  13.0/s  upd=12795  L=0.0250  D=0.778
[regir_untied4] 1:26:26  527,359/1,000,000  12.9/s  upd=12800  L=0.0231  D=0.778
[regir_untied4] 1:26:37  527,622/1,000,000  13.0/s  upd=12802  L=0.0209  D=0.778
[regir_untied4] 1:26:48  527,622/1,000,000  12.9/s  upd=12808  L=0.0153  D=0.778
[regir_untied4] saved resume t_env=527,622
[regir_untied4] 1:26:58  527,622/1,000,000  12.9/s  upd=12808  L=0.0153  D=0.778
[regir_untied4] 1:27:09  527,889/1,000,000  12.9/s  upd=12813  L=0.0208  D=0.778
[regir_untied4] 1:27:21  528,137/1,000,000  13.0/s  upd=12818  L=0.0353  D=0.778
[regir_untied4] 1:27:31  528,137/1,000,000  12.9/s  upd=12824  L=0.0171  D=0.778
[regir_untied4] 1:27:42  528,408/1,000,000  13.0/s  upd=12828  L=0.0242  D=0.778
[regir_untied4] 1:27:52  528,408/1,000,000  12.9/s  upd=12832  L=0.0179  D=0.778
[regir_untied4] 1:28:04  528,692/1,000,000  13.0/s  upd=12837  L=0.0280  D=0.778
[regir_untied4] 1:28:15  528,966/1,000,000  13.0/s  upd=12842  L=0.0253  D=0.778
[regir_untied4] 1:28:25  528,966/1,000,000  13.0/s  upd=12848  L=0.0216  D=0.778
[regir_untied4] 1:28:36  529,274/1,000,000  13.0/s  upd=12853  L=0.0149  D=0.778
[regir_untied4] 1:28:46  529,274/1,000,000  13.0/s  upd=12856  L=0.0243  D=0.778
[regir_untied4] 1:28:57  529,710/1,000,000  13.0/s  upd=12861  L=0.0212  D=0.778
[regir_untied4] 1:29:07  529,969/1,000,000  13.0/s  upd=12866  L=0.0193  D=0.778
[regir_untied4] 1:29:18  529,969/1,000,000  13.0/s  upd=12871  L=0.0283  D=0.778
[regir_untied4] 1:29:28  530,228/1,000,000  13.0/s  upd=12875  L=0.0221  D=0.778
[regir_untied4] 1:29:38  530,228/1,000,000  13.0/s  upd=12880  L=0.0218  D=0.778
[regir_untied4] 1:29:49  530,534/1,000,000  13.0/s  upd=12886  L=0.0336  D=0.778
[regir_untied4] 1:30:00  530,793/1,000,000  13.1/s  upd=12890  L=0.0232  D=0.778
[regir_untied4] 1:30:10  530,793/1,000,000  13.0/s  upd=12896  L=0.0224  D=0.778
[regir_untied4] 1:30:21  531,039/1,000,000  13.1/s  upd=12898  L=0.0240  D=0.778
[regir_untied4] 1:30:31  531,039/1,000,000  13.0/s  upd=12903  L=0.0231  D=0.778
[regir_untied4] 1:30:41  531,330/1,000,000  13.1/s  upd=12906  L=0.0230  D=0.778
[regir_untied4] 1:30:51  531,330/1,000,000  13.0/s  upd=12912  L=0.0192  D=0.778
[regir_untied4] 1:31:03  531,589/1,000,000  13.1/s  upd=12915  L=0.0195  D=0.778
[regir_untied4] 1:31:14  531,589/1,000,000  13.0/s  upd=12920  L=0.0201  D=0.778
[regir_untied4] 1:31:25  531,879/1,000,000  13.1/s  upd=12923  L=0.0179  D=0.778
[regir_untied4] 1:31:35  531,879/1,000,000  13.0/s  upd=12928  L=0.0297  D=0.778
[regir_untied4] 1:31:45  532,182/1,000,000  13.1/s  upd=12930  L=0.0184  D=0.778
[regir_untied4] 1:31:56  532,182/1,000,000  13.0/s  upd=12936  L=0.0216  D=0.778
[regir_untied4] 1:32:07  532,447/1,000,000  13.1/s  upd=12938  L=0.0176  D=0.778
[regir_untied4] 1:32:19  532,447/1,000,000  13.0/s  upd=12944  L=0.0348  D=0.778
[regir_untied4] 1:32:31  532,724/1,000,000  13.1/s  upd=12946  L=0.0214  D=0.778
[regir_untied4] 1:32:41  532,724/1,000,000  13.0/s  upd=12952  L=0.0180  D=0.778
[regir_untied4] 1:32:51  532,943/1,000,000  13.1/s  upd=12955  L=0.0158  D=0.778
[regir_untied4] 1:33:01  532,943/1,000,000  13.0/s  upd=12960  L=0.0229  D=0.778
[regir_untied4] 1:33:12  533,241/1,000,000  13.1/s  upd=12963  L=0.0184  D=0.778
[regir_untied4] 1:33:22  533,241/1,000,000  13.0/s  upd=12968  L=0.0229  D=0.778
[regir_untied4] 1:33:32  533,518/1,000,000  13.1/s  upd=12971  L=0.0196  D=0.778
[regir_untied4] 1:33:42  533,518/1,000,000  13.0/s  upd=12976  L=0.0326  D=0.778
[regir_untied4] 1:33:52  533,518/1,000,000  13.0/s  upd=12976  L=0.0326  D=0.778
[regir_untied4] 1:34:03  533,896/1,000,000  13.1/s  upd=12981  L=0.0240  D=0.778
[regir_untied4] 1:34:14  534,204/1,000,000  13.1/s  upd=12985  L=0.0288  D=0.778
[regir_untied4] 1:34:26  534,204/1,000,000  13.1/s  upd=12991  L=0.0238  D=0.778
[regir_untied4] 1:34:36  534,204/1,000,000  13.0/s  upd=12992  L=0.0264  D=0.778
[regir_untied4] 1:34:46  534,470/1,000,000  13.1/s  upd=12997  L=0.0329  D=0.778
[regir_untied4] 1:34:57  534,470/1,000,000  13.0/s  upd=13000  L=0.0188  D=0.778
[regir_untied4] 1:35:09  534,766/1,000,000  13.1/s  upd=13005  L=0.0188  D=0.778
[regir_untied4] 1:35:19  534,766/1,000,000  13.0/s  upd=13008  L=0.0181  D=0.778
[regir_untied4] 1:35:30  535,058/1,000,000  13.1/s  upd=13012  L=0.0248  D=0.778
[regir_untied4] 1:35:40  535,058/1,000,000  13.0/s  upd=13016  L=0.0260  D=0.778
[regir_untied4] 1:35:51  535,382/1,000,000  13.1/s  upd=13021  L=0.0174  D=0.778
[regir_untied4] 1:36:01  535,382/1,000,000  13.0/s  upd=13024  L=0.0397  D=0.778
[regir_untied4] 1:36:12  535,684/1,000,000  13.1/s  upd=13029  L=0.0331  D=0.778
[regir_untied4] 1:36:23  535,684/1,000,000  13.0/s  upd=13032  L=0.0275  D=0.778
[regir_untied4] 1:36:33  535,684/1,000,000  13.0/s  upd=13032  L=0.0275  D=0.778
[regir_untied4] 1:36:43  536,090/1,000,000  13.1/s  upd=13038  L=0.0189  D=0.778
[regir_untied4] 1:36:53  536,090/1,000,000  13.0/s  upd=13040  L=0.0257  D=0.778
[regir_untied4] 1:37:04  536,379/1,000,000  13.1/s  upd=13047  L=0.0361  D=0.778
[regir_untied4] saved resume t_env=536,379
[regir_untied4] 1:37:14  536,379/1,000,000  13.1/s  upd=13048  L=0.0305  D=0.778
[regir_untied4] 1:37:26  536,686/1,000,000  13.1/s  upd=13051  L=0.0233  D=0.778
[regir_untied4] 1:37:36  536,686/1,000,000  13.1/s  upd=13056  L=0.0255  D=0.778
[regir_untied4] 1:37:47  536,979/1,000,000  13.1/s  upd=13058  L=0.0184  D=0.778
[regir_untied4] 1:37:57  536,979/1,000,000  13.1/s  upd=13064  L=0.0193  D=0.778
[regir_untied4] 1:38:10  537,265/1,000,000  13.1/s  upd=13069  L=0.0214  D=0.778
[regir_untied4] 1:38:20  537,265/1,000,000  13.1/s  upd=13072  L=0.0205  D=0.778
[regir_untied4] 1:38:31  537,543/1,000,000  13.1/s  upd=13078  L=0.0308  D=0.778
[regir_untied4] 1:38:41  537,543/1,000,000  13.1/s  upd=13080  L=0.0169  D=0.778
[regir_untied4] 1:38:52  537,824/1,000,000  13.1/s  upd=13086  L=0.0221  D=0.778
[regir_untied4] 1:39:02  538,161/1,000,000  13.1/s  upd=13089  L=0.0231  D=0.778
[regir_untied4] 1:39:12  538,161/1,000,000  13.1/s  upd=13096  L=0.0251  D=0.778
[regir_untied4] 1:39:22  538,161/1,000,000  13.1/s  upd=13096  L=0.0251  D=0.778
[regir_untied4] 1:39:32  538,485/1,000,000  13.1/s  upd=13100  L=0.0265  D=0.778
[regir_untied4] 1:39:43  538,485/1,000,000  13.1/s  upd=13104  L=0.0407  D=0.778
[regir_untied4] 1:39:53  538,819/1,000,000  13.1/s  upd=13109  L=0.0188  D=0.778
[regir_untied4] 1:40:03  538,819/1,000,000  13.1/s  upd=13112  L=0.0252  D=0.778
[regir_untied4] 1:40:14  539,168/1,000,000  13.1/s  upd=13115  L=0.0254  D=0.778
[regir_untied4] 1:40:24  539,168/1,000,000  13.1/s  upd=13120  L=0.0204  D=0.778
[regir_untied4] 1:40:35  539,460/1,000,000  13.1/s  upd=13122  L=0.0325  D=0.778
[regir_untied4] 1:40:45  539,460/1,000,000  13.1/s  upd=13127  L=0.0245  D=0.778
[regir_untied4] 1:40:56  539,728/1,000,000  13.1/s  upd=13131  L=0.0217  D=0.778
[regir_untied4] 1:41:06  539,728/1,000,000  13.1/s  upd=13136  L=0.0189  D=0.778
[regir_untied4] 1:41:17  540,013/1,000,000  13.1/s  upd=13137  L=0.0162  D=0.778
[regir_untied4] saved resume t_env=540,013
[regir_untied4] 1:41:33  540,013/1,000,000  13.1/s  upd=13144  L=0.0211  ev=0/100  D=0.778
[regir_untied4] 1:41:44  540,013/1,000,000  13.1/s  upd=13144  L=0.0211  ev=6/100  D=0.778
[regir_untied4] 1:41:54  540,013/1,000,000  13.0/s  upd=13144  L=0.0211  ev=19/100  D=0.778
[regir_untied4] 1:42:04  540,013/1,000,000  13.0/s  upd=13144  L=0.0211  ev=30/100  D=0.778
[regir_untied4] 1:42:14  540,013/1,000,000  13.0/s  upd=13144  L=0.0211  ev=40/100  D=0.778
[regir_untied4] 1:42:24  540,013/1,000,000  13.0/s  upd=13144  L=0.0211  ev=48/100  D=0.778
[regir_untied4] 1:42:34  540,013/1,000,000  13.0/s  upd=13144  L=0.0211  ev=56/100  D=0.778
[regir_untied4] 1:42:44  540,013/1,000,000  12.9/s  upd=13144  L=0.0211  ev=64/100  D=0.778
[regir_untied4] 1:42:54  540,013/1,000,000  12.9/s  upd=13144  L=0.0211  ev=74/100  D=0.778
[regir_untied4] 1:43:04  540,013/1,000,000  12.9/s  upd=13144  L=0.0211  ev=87/100  D=0.778
[regir_untied4] 1:43:15  540,013/1,000,000  12.9/s  upd=13144  L=0.0211  ev=92/100  D=0.778
[regir_untied4] 1:43:25  540,013/1,000,000  12.9/s  upd=13144  L=0.0211  D=0.977
[regir_untied4] 1:43:36  540,343/1,000,000  12.9/s  upd=13146  L=0.0266  D=0.977
[regir_untied4] 1:43:46  540,343/1,000,000  12.9/s  upd=13151  L=0.0370  D=0.977
[regir_untied4] 1:43:57  540,585/1,000,000  12.9/s  upd=13156  L=0.0234  D=0.977
[regir_untied4] 1:44:07  540,585/1,000,000  12.9/s  upd=13160  L=0.0181  D=0.977
[regir_untied4] 1:44:18  540,877/1,000,000  12.9/s  upd=13164  L=0.0220  D=0.977
[regir_untied4] 1:44:28  540,877/1,000,000  12.9/s  upd=13168  L=0.0320  D=0.977
[regir_untied4] 1:44:41  541,232/1,000,000  12.9/s  upd=13170  L=0.0148  D=0.977
[regir_untied4] 1:44:52  541,232/1,000,000  12.9/s  upd=13175  L=0.0216  D=0.977
[regir_untied4] 1:45:03  541,550/1,000,000  12.9/s  upd=13179  L=0.0149  D=0.977
[regir_untied4] 1:45:14  541,550/1,000,000  12.9/s  upd=13184  L=0.0276  D=0.977
[regir_untied4] 1:45:24  541,843/1,000,000  12.9/s  upd=13188  L=0.0198  D=0.977
[regir_untied4] 1:45:35  541,843/1,000,000  12.9/s  upd=13192  L=0.0197  D=0.977
[regir_untied4] 1:45:45  542,160/1,000,000  12.9/s  upd=13193  L=0.0236  D=0.977
[regir_untied4] 1:45:58  542,160/1,000,000  12.9/s  upd=13200  L=0.0208  D=0.977
[regir_untied4] 1:46:09  542,440/1,000,000  12.9/s  upd=13203  L=0.0205  D=0.977
[regir_untied4] 1:46:19  542,440/1,000,000  12.9/s  upd=13208  L=0.0230  D=0.977
[regir_untied4] 1:46:29  542,721/1,000,000  12.9/s  upd=13210  L=0.0180  D=0.977
[regir_untied4] 1:46:39  542,721/1,000,000  12.9/s  upd=13216  L=0.0185  D=0.977
[regir_untied4] 1:46:50  543,036/1,000,000  12.9/s  upd=13221  L=0.0236  D=0.977
[regir_untied4] 1:47:00  543,036/1,000,000  12.9/s  upd=13224  L=0.0228  D=0.977
[regir_untied4] 1:47:11  543,353/1,000,000  12.9/s  upd=13232  L=0.0293  D=0.977
[regir_untied4] 1:47:21  543,635/1,000,000  12.9/s  upd=13235  L=0.0208  D=0.977
[regir_untied4] 1:47:32  543,912/1,000,000  13.0/s  upd=13242  L=0.0358  D=0.977
[regir_untied4] 1:47:44  543,912/1,000,000  12.9/s  upd=13248  L=0.0225  D=0.977
[regir_untied4] 1:47:56  544,192/1,000,000  13.0/s  upd=13253  L=0.0202  D=0.977
[regir_untied4] 1:48:08  544,549/1,000,000  13.0/s  upd=13258  L=0.0181  D=0.977
[regir_untied4] 1:48:18  544,549/1,000,000  13.0/s  upd=13264  L=0.0205  D=0.977
[regir_untied4] 1:48:29  544,823/1,000,000  13.0/s  upd=13269  L=0.0259  D=0.977
[regir_untied4] 1:48:40  545,163/1,000,000  13.0/s  upd=13274  L=0.0252  D=0.977
[regir_untied4] 1:48:50  545,163/1,000,000  13.0/s  upd=13280  L=0.0195  D=0.977
[regir_untied4] 1:49:01  545,466/1,000,000  13.0/s  upd=13287  L=0.0209  D=0.977
[regir_untied4] 1:49:12  545,705/1,000,000  13.0/s  upd=13292  L=0.0335  D=0.977
[regir_untied4] 1:49:22  545,705/1,000,000  13.0/s  upd=13296  L=0.0251  D=0.977
[regir_untied4] 1:49:32  546,040/1,000,000  13.1/s  upd=13299  L=0.0206  D=0.977
[regir_untied4] 1:49:42  546,040/1,000,000  13.0/s  upd=13304  L=0.0284  D=0.977
[regir_untied4] 1:49:53  546,312/1,000,000  13.1/s  upd=13308  L=0.0172  D=0.977
[regir_untied4] 1:50:03  546,312/1,000,000  13.0/s  upd=13312  L=0.0240  D=0.977
[regir_untied4] 1:50:14  546,573/1,000,000  13.1/s  upd=13315  L=0.0179  D=0.977
[regir_untied4] 1:50:24  546,573/1,000,000  13.0/s  upd=13320  L=0.0204  D=0.977
[regir_untied4] 1:50:35  546,825/1,000,000  13.1/s  upd=13324  L=0.0303  D=0.977
[regir_untied4] 1:50:45  546,825/1,000,000  13.0/s  upd=13328  L=0.0284  D=0.977
[regir_untied4] 1:50:55  547,143/1,000,000  13.1/s  upd=13333  L=0.0248  D=0.977
[regir_untied4] 1:51:05  547,143/1,000,000  13.0/s  upd=13336  L=0.0185  D=0.977
[regir_untied4] 1:51:16  547,436/1,000,000  13.1/s  upd=13340  L=0.0197  D=0.977
[regir_untied4] 1:51:27  547,436/1,000,000  13.0/s  upd=13344  L=0.0275  D=0.977
[regir_untied4] 1:51:38  547,676/1,000,000  13.1/s  upd=13348  L=0.0277  D=0.977
[regir_untied4] saved resume t_env=547,676
[regir_untied4] 1:51:48  547,676/1,000,000  13.0/s  upd=13352  L=0.0213  D=0.977
[regir_untied4] 1:52:00  547,954/1,000,000  13.1/s  upd=13356  L=0.0214  D=0.977
[regir_untied4] 1:52:10  547,954/1,000,000  13.0/s  upd=13360  L=0.0168  D=0.977
[regir_untied4] 1:52:22  548,263/1,000,000  13.1/s  upd=13364  L=0.0229  D=0.977
[regir_untied4] 1:52:32  548,263/1,000,000  13.0/s  upd=13368  L=0.0136  D=0.977
[regir_untied4] 1:52:43  548,540/1,000,000  13.1/s  upd=13373  L=0.0164  D=0.977
[regir_untied4] 1:52:53  548,540/1,000,000  13.0/s  upd=13376  L=0.0195  D=0.977
[regir_untied4] 1:53:03  548,890/1,000,000  13.1/s  upd=13381  L=0.0201  D=0.977
[regir_untied4] 1:53:13  548,890/1,000,000  13.1/s  upd=13384  L=0.0204  D=0.977
[regir_untied4] 1:53:25  549,156/1,000,000  13.1/s  upd=13391  L=0.0214  D=0.977
[regir_untied4] 1:53:35  549,156/1,000,000  13.0/s  upd=13392  L=0.0216  D=0.977
[regir_untied4] 1:53:45  549,473/1,000,000  13.1/s  upd=13396  L=0.0313  D=0.977
[regir_untied4] 1:53:55  549,473/1,000,000  13.1/s  upd=13400  L=0.0355  D=0.977
[regir_untied4] 1:54:05  549,781/1,000,000  13.1/s  upd=13404  L=0.0307  D=0.977
[regir_untied4] 1:54:15  549,781/1,000,000  13.1/s  upd=13408  L=0.0188  D=0.977
[regir_untied4] 1:54:26  550,110/1,000,000  13.1/s  upd=13414  L=0.0152  D=0.977
[regir_untied4] 1:54:37  550,409/1,000,000  13.1/s  upd=13419  L=0.0201  D=0.977
[regir_untied4] 1:54:47  550,409/1,000,000  13.1/s  upd=13424  L=0.0169  D=0.977
[regir_untied4] 1:54:58  550,704/1,000,000  13.1/s  upd=13431  L=0.0224  D=0.977
[regir_untied4] 1:55:09  551,008/1,000,000  13.1/s  upd=13435  L=0.0220  D=0.977
[regir_untied4] 1:55:19  551,008/1,000,000  13.1/s  upd=13440  L=0.0197  D=0.977
[regir_untied4] 1:55:30  551,285/1,000,000  13.1/s  upd=13447  L=0.0299  D=0.977
[regir_untied4] 1:55:41  551,285/1,000,000  13.1/s  upd=13448  L=0.0218  D=0.977
[regir_untied4] 1:55:52  551,633/1,000,000  13.1/s  upd=13455  L=0.0139  D=0.977
[regir_untied4] 1:56:02  551,921/1,000,000  13.2/s  upd=13459  L=0.0387  D=0.977
[regir_untied4] 1:56:12  551,921/1,000,000  13.1/s  upd=13464  L=0.0262  D=0.977
[regir_untied4] 1:56:24  552,192/1,000,000  13.2/s  upd=13467  L=0.0170  D=0.977
[regir_untied4] 1:56:34  552,192/1,000,000  13.1/s  upd=13472  L=0.0180  D=0.977
[regir_untied4] 1:56:46  552,479/1,000,000  13.2/s  upd=13476  L=0.0240  D=0.977
[regir_untied4] 1:56:57  552,479/1,000,000  13.1/s  upd=13480  L=0.0201  D=0.977
[regir_untied4] 1:57:08  552,765/1,000,000  13.2/s  upd=13483  L=0.0200  D=0.977
[regir_untied4] 1:57:18  552,765/1,000,000  13.1/s  upd=13488  L=0.0202  D=0.977
[regir_untied4] 1:57:29  553,045/1,000,000  13.2/s  upd=13489  L=0.0297  D=0.977
[regir_untied4] 1:57:39  553,045/1,000,000  13.1/s  upd=13494  L=0.0235  D=0.977
[regir_untied4] 1:57:49  553,045/1,000,000  13.1/s  upd=13496  L=0.0316  D=0.977
[regir_untied4] 1:58:00  553,314/1,000,000  13.1/s  upd=13503  L=0.0250  D=0.977
[regir_untied4] 1:58:12  553,580/1,000,000  13.2/s  upd=13507  L=0.0239  D=0.977
[regir_untied4] 1:58:22  553,580/1,000,000  13.1/s  upd=13512  L=0.0183  D=0.977
[regir_untied4] 1:58:35  553,839/1,000,000  13.2/s  upd=13517  L=0.0219  D=0.977
[regir_untied4] 1:58:45  553,839/1,000,000  13.1/s  upd=13520  L=0.0241  D=0.977
[regir_untied4] 1:58:55  554,123/1,000,000  13.2/s  upd=13523  L=0.0219  D=0.977
[regir_untied4] 1:59:05  554,123/1,000,000  13.1/s  upd=13528  L=0.0261  D=0.977
[regir_untied4] 1:59:16  554,361/1,000,000  13.2/s  upd=13533  L=0.0169  D=0.977
[regir_untied4] 1:59:28  554,617/1,000,000  13.2/s  upd=13537  L=0.0200  D=0.977
[regir_untied4] 1:59:38  554,617/1,000,000  13.1/s  upd=13541  L=0.0146  D=0.977
[regir_untied4] 1:59:48  554,617/1,000,000  13.1/s  upd=13544  L=0.0193  D=0.977
[regir_untied4] 1:59:59  554,877/1,000,000  13.1/s  upd=13548  L=0.0164  D=0.977
[regir_untied4] 2:00:10  554,877/1,000,000  13.1/s  upd=13552  L=0.0177  D=0.977
[regir_untied4] 2:00:20  555,163/1,000,000  13.1/s  upd=13556  L=0.0222  D=0.977
[regir_untied4] 2:00:30  555,163/1,000,000  13.1/s  upd=13560  L=0.0340  D=0.977
[regir_untied4] 2:00:42  555,461/1,000,000  13.1/s  upd=13563  L=0.0313  D=0.977
[regir_untied4] 2:00:52  555,461/1,000,000  13.1/s  upd=13568  L=0.0261  D=0.977
[regir_untied4] 2:01:03  555,772/1,000,000  13.2/s  upd=13573  L=0.0173  D=0.977
[regir_untied4] 2:01:13  555,772/1,000,000  13.1/s  upd=13576  L=0.0180  D=0.977
[regir_untied4] 2:01:24  556,025/1,000,000  13.2/s  upd=13581  L=0.0226  D=0.977
[regir_untied4] 2:01:34  556,025/1,000,000  13.1/s  upd=13584  L=0.0173  D=0.977
[regir_untied4] 2:01:48  556,320/1,000,000  13.1/s  upd=13589  L=0.0214  D=0.977
[regir_untied4] saved resume t_env=556,320
[regir_untied4] 2:01:58  556,320/1,000,000  13.1/s  upd=13592  L=0.0277  D=0.977
[regir_untied4] 2:02:08  556,589/1,000,000  13.1/s  upd=13597  L=0.0271  D=0.977
[regir_untied4] 2:02:18  556,589/1,000,000  13.1/s  upd=13600  L=0.0247  D=0.977
[regir_untied4] 2:02:30  556,860/1,000,000  13.1/s  upd=13606  L=0.0309  D=0.977
[regir_untied4] 2:02:40  556,860/1,000,000  13.1/s  upd=13608  L=0.0283  D=0.977
[regir_untied4] 2:02:50  557,161/1,000,000  13.2/s  upd=13612  L=0.0166  D=0.977
[regir_untied4] 2:03:00  557,161/1,000,000  13.1/s  upd=13616  L=0.0203  D=0.977
[regir_untied4] 2:03:11  557,396/1,000,000  13.1/s  upd=13621  L=0.0307  D=0.977
[regir_untied4] 2:03:22  557,396/1,000,000  13.1/s  upd=13624  L=0.0230  D=0.977
[regir_untied4] 2:03:32  557,702/1,000,000  13.1/s  upd=13625  L=0.0180  D=0.977
[regir_untied4] 2:03:43  557,702/1,000,000  13.1/s  upd=13629  L=0.0164  D=0.977
[regir_untied4] 2:03:53  557,966/1,000,000  13.1/s  upd=13633  L=0.0293  D=0.977
[regir_untied4] 2:04:04  557,966/1,000,000  13.1/s  upd=13639  L=0.0288  D=0.977
[regir_untied4] 2:04:14  557,966/1,000,000  13.1/s  upd=13640  L=0.0172  D=0.977
[regir_untied4] 2:04:25  558,225/1,000,000  13.1/s  upd=13648  L=0.0302  D=0.977
[regir_untied4] 2:04:36  558,458/1,000,000  13.1/s  upd=13652  L=0.0497  D=0.977
[regir_untied4] 2:04:46  558,458/1,000,000  13.1/s  upd=13656  L=0.0209  D=0.977
[regir_untied4] 2:04:58  558,753/1,000,000  13.1/s  upd=13659  L=0.0269  D=0.977
[regir_untied4] 2:05:08  558,753/1,000,000  13.1/s  upd=13664  L=0.0194  D=0.977
[regir_untied4] 2:05:18  558,753/1,000,000  13.1/s  upd=13664  L=0.0194  D=0.977
[regir_untied4] 2:05:29  559,053/1,000,000  13.1/s  upd=13670  L=0.0341  D=0.977
[regir_untied4] 2:05:39  559,053/1,000,000  13.1/s  upd=13672  L=0.0278  D=0.977
[regir_untied4] 2:05:49  559,329/1,000,000  13.1/s  upd=13677  L=0.0218  D=0.977
[regir_untied4] 2:05:59  559,329/1,000,000  13.1/s  upd=13680  L=0.0215  D=0.977
[regir_untied4] 2:06:10  559,611/1,000,000  13.1/s  upd=13684  L=0.0196  D=0.977
[regir_untied4] 2:06:20  559,611/1,000,000  13.1/s  upd=13688  L=0.0229  D=0.977
[regir_untied4] 2:06:30  559,846/1,000,000  13.1/s  upd=13692  L=0.0178  D=0.977
[regir_untied4] 2:06:40  559,846/1,000,000  13.1/s  upd=13696  L=0.0277  D=0.977
[regir_untied4] 2:06:52  560,104/1,000,000  13.1/s  upd=13698  L=0.0245  D=0.977
[regir_untied4] saved resume t_env=560,104
[regir_untied4] 2:07:08  560,104/1,000,000  13.1/s  upd=13704  L=0.0217  ev=0/100  D=0.977
[regir_untied4] 2:07:18  560,104/1,000,000  13.1/s  upd=13704  L=0.0217  ev=8/100  D=0.977
[regir_untied4] 2:07:28  560,104/1,000,000  13.1/s  upd=13704  L=0.0217  ev=30/100  D=0.977
[regir_untied4] 2:07:38  560,104/1,000,000  13.0/s  upd=13704  L=0.0217  ev=39/100  D=0.977
[regir_untied4] 2:07:48  560,104/1,000,000  13.0/s  upd=13704  L=0.0217  ev=54/100  D=0.977
[regir_untied4] 2:07:58  560,104/1,000,000  13.0/s  upd=13704  L=0.0217  ev=56/100  D=0.977
[regir_untied4] 2:08:08  560,104/1,000,000  13.0/s  upd=13704  L=0.0217  ev=64/100  D=0.977
[regir_untied4] 2:08:18  560,104/1,000,000  13.0/s  upd=13704  L=0.0217  ev=80/100  D=0.977
[regir_untied4] 2:08:28  560,104/1,000,000  13.0/s  upd=13704  L=0.0217  ev=88/100  D=0.977
[regir_untied4] 2:08:39  560,104/1,000,000  12.9/s  upd=13704  L=0.0217  ev=96/100  D=0.977
[regir_untied4] 2:08:49  560,104/1,000,000  12.9/s  upd=13704  L=0.0217  D=0.390
[regir_untied4] 2:09:00  560,375/1,000,000  12.9/s  upd=13712  L=0.0292  D=0.390
[regir_untied4] 2:09:11  560,696/1,000,000  13.0/s  upd=13713  L=0.0286  D=0.390
[regir_untied4] 2:09:23  560,696/1,000,000  12.9/s  upd=13718  L=0.0395  D=0.390
[regir_untied4] 2:09:35  560,968/1,000,000  13.0/s  upd=13721  L=0.0194  D=0.390
[regir_untied4] 2:09:47  560,968/1,000,000  12.9/s  upd=13727  L=0.0141  D=0.390
[regir_untied4] 2:09:57  561,279/1,000,000  13.0/s  upd=13729  L=0.0149  D=0.390
[regir_untied4] 2:10:08  561,279/1,000,000  12.9/s  upd=13736  L=0.0210  D=0.390
[regir_untied4] 2:10:18  561,517/1,000,000  13.0/s  upd=13739  L=0.0204  D=0.390
[regir_untied4] 2:10:28  561,517/1,000,000  12.9/s  upd=13744  L=0.0167  D=0.390
[regir_untied4] 2:10:38  561,831/1,000,000  13.0/s  upd=13745  L=0.0164  D=0.390
[regir_untied4] 2:10:48  561,831/1,000,000  12.9/s  upd=13752  L=0.0335  D=0.390
[regir_untied4] 2:10:59  562,135/1,000,000  13.0/s  upd=13753  L=0.0301  D=0.390
[regir_untied4] 2:11:09  562,135/1,000,000  13.0/s  upd=13760  L=0.0264  D=0.390
[regir_untied4] 2:11:20  562,420/1,000,000  13.0/s  upd=13762  L=0.0276  D=0.390
[regir_untied4] 2:11:30  562,420/1,000,000  13.0/s  upd=13768  L=0.0168  D=0.390
[regir_untied4] 2:11:43  562,721/1,000,000  13.0/s  upd=13771  L=0.0205  D=0.390
[regir_untied4] 2:11:53  562,721/1,000,000  13.0/s  upd=13776  L=0.0232  D=0.390
[regir_untied4] 2:12:04  562,965/1,000,000  13.0/s  upd=13780  L=0.0228  D=0.390
[regir_untied4] 2:12:16  563,235/1,000,000  13.0/s  upd=13785  L=0.0209  D=0.390
[regir_untied4] 2:12:28  563,235/1,000,000  13.0/s  upd=13791  L=0.0283  D=0.390
[regir_untied4] 2:12:39  563,512/1,000,000  13.0/s  upd=13793  L=0.0207  D=0.390
[regir_untied4] 2:12:49  563,512/1,000,000  13.0/s  upd=13800  L=0.0300  D=0.390
[regir_untied4] 2:12:59  563,825/1,000,000  13.0/s  upd=13803  L=0.0258  D=0.390
[regir_untied4] 2:13:09  563,825/1,000,000  13.0/s  upd=13808  L=0.0194  D=0.390
[regir_untied4] 2:13:19  564,082/1,000,000  13.0/s  upd=13811  L=0.0189  D=0.390
[regir_untied4] 2:13:29  564,082/1,000,000  13.0/s  upd=13816  L=0.0280  D=0.390
[regir_untied4] 2:13:41  564,327/1,000,000  13.0/s  upd=13818  L=0.0189  D=0.390
[regir_untied4] 2:13:51  564,327/1,000,000  13.0/s  upd=13824  L=0.0268  D=0.390
[regir_untied4] 2:14:01  564,612/1,000,000  13.0/s  upd=13825  L=0.0220  D=0.390
[regir_untied4] 2:14:12  564,612/1,000,000  13.0/s  upd=13832  L=0.0215  D=0.390
[regir_untied4] 2:14:22  564,890/1,000,000  13.0/s  upd=13833  L=0.0219  D=0.390
[regir_untied4] 2:14:32  564,890/1,000,000  13.0/s  upd=13839  L=0.0298  D=0.390
[regir_untied4] 2:14:44  565,149/1,000,000  13.0/s  upd=13842  L=0.0175  D=0.390
[regir_untied4] 2:14:56  565,149/1,000,000  13.0/s  upd=13848  L=0.0140  D=0.390
[regir_untied4] 2:15:06  565,417/1,000,000  13.0/s  upd=13849  L=0.0196  D=0.390
[regir_untied4] 2:15:16  565,417/1,000,000  13.0/s  upd=13854  L=0.0180  D=0.390
[regir_untied4] 2:15:26  565,417/1,000,000  12.9/s  upd=13856  L=0.0245  D=0.390
[regir_untied4] 2:15:36  565,779/1,000,000  13.0/s  upd=13859  L=0.0178  D=0.390
[regir_untied4] 2:15:47  565,779/1,000,000  13.0/s  upd=13864  L=0.0225  D=0.390
[regir_untied4] 2:15:57  566,066/1,000,000  13.0/s  upd=13871  L=0.0272  D=0.390
[regir_untied4] 2:16:08  566,314/1,000,000  13.0/s  upd=13876  L=0.0165  D=0.390
[regir_untied4] 2:16:19  566,588/1,000,000  13.0/s  upd=13881  L=0.0190  D=0.390
[regir_untied4] 2:16:30  566,588/1,000,000  13.0/s  upd=13886  L=0.0200  D=0.390
[regir_untied4] 2:16:40  566,893/1,000,000  13.0/s  upd=13891  L=0.0144  D=0.390
[regir_untied4] 2:16:50  566,893/1,000,000  13.0/s  upd=13896  L=0.0165  D=0.390
[regir_untied4] 2:17:01  567,149/1,000,000  13.0/s  upd=13902  L=0.0183  D=0.390
[regir_untied4] saved resume t_env=567,149
[regir_untied4] 2:17:11  567,149/1,000,000  13.0/s  upd=13904  L=0.0280  D=0.390
[regir_untied4] 2:17:22  567,466/1,000,000  13.0/s  upd=13911  L=0.0196  D=0.390
[regir_untied4] 2:17:33  567,706/1,000,000  13.0/s  upd=13916  L=0.0242  D=0.390
[regir_untied4] 2:17:43  567,706/1,000,000  13.0/s  upd=13920  L=0.0168  D=0.390
[regir_untied4] 2:17:53  567,966/1,000,000  13.0/s  upd=13927  L=0.0192  D=0.390
[regir_untied4] 2:18:04  568,256/1,000,000  13.0/s  upd=13932  L=0.0168  D=0.390
[regir_untied4] 2:18:14  568,256/1,000,000  13.0/s  upd=13936  L=0.0297  D=0.390
[regir_untied4] 2:18:25  568,538/1,000,000  13.0/s  upd=13943  L=0.0222  D=0.390
[regir_untied4] 2:18:35  568,538/1,000,000  13.0/s  upd=13944  L=0.0232  D=0.390
[regir_untied4] 2:18:47  568,821/1,000,000  13.0/s  upd=13951  L=0.0289  D=0.390
[regir_untied4] 2:18:57  568,821/1,000,000  13.0/s  upd=13952  L=0.0195  D=0.390
[regir_untied4] 2:19:07  569,120/1,000,000  13.0/s  upd=13958  L=0.0177  D=0.390
[regir_untied4] 2:19:17  569,120/1,000,000  13.0/s  upd=13960  L=0.0174  D=0.390
[regir_untied4] 2:19:29  569,377/1,000,000  13.0/s  upd=13965  L=0.0220  D=0.390
[regir_untied4] 2:19:39  569,377/1,000,000  13.0/s  upd=13968  L=0.0137  D=0.390
[regir_untied4] 2:19:49  569,673/1,000,000  13.0/s  upd=13972  L=0.0168  D=0.390
[regir_untied4] 2:19:59  569,673/1,000,000  13.0/s  upd=13976  L=0.0412  D=0.390
[regir_untied4] 2:20:11  569,931/1,000,000  13.0/s  upd=13980  L=0.0205  D=0.390
[regir_untied4] 2:20:22  570,230/1,000,000  13.1/s  upd=13986  L=0.0423  D=0.390
[regir_untied4] 2:20:33  570,230/1,000,000  13.0/s  upd=13992  L=0.0181  D=0.390
[regir_untied4] 2:20:43  570,517/1,000,000  13.1/s  upd=13996  L=0.0255  D=0.390
[regir_untied4] 2:20:53  570,517/1,000,000  13.0/s  upd=14000  L=0.0226  D=0.390
[regir_untied4] 2:21:04  570,766/1,000,000  13.1/s  upd=14008  L=0.0152  D=0.390
[regir_untied4] 2:21:14  571,042/1,000,000  13.1/s  upd=14012  L=0.0253  D=0.390
[regir_untied4] 2:21:24  571,042/1,000,000  13.1/s  upd=14016  L=0.0315  D=0.390
[regir_untied4] 2:21:35  571,305/1,000,000  13.1/s  upd=14023  L=0.0174  D=0.390
[regir_untied4] 2:21:46  571,570/1,000,000  13.1/s  upd=14027  L=0.0253  D=0.390
[regir_untied4] 2:21:57  571,840/1,000,000  13.1/s  upd=14034  L=0.0184  D=0.390
[regir_untied4] 2:22:08  571,840/1,000,000  13.1/s  upd=14040  L=0.0189  D=0.390
[regir_untied4] 2:22:19  572,110/1,000,000  13.1/s  upd=14042  L=0.0231  D=0.390
[regir_untied4] 2:22:29  572,110/1,000,000  13.1/s  upd=14048  L=0.0208  D=0.390
[regir_untied4] 2:22:41  572,466/1,000,000  13.1/s  upd=14050  L=0.0279  D=0.390
[regir_untied4] 2:22:51  572,466/1,000,000  13.1/s  upd=14056  L=0.0210  D=0.390
[regir_untied4] 2:23:02  572,748/1,000,000  13.1/s  upd=14060  L=0.0216  D=0.390
[regir_untied4] 2:23:12  572,748/1,000,000  13.1/s  upd=14064  L=0.0222  D=0.390
[regir_untied4] 2:23:22  573,034/1,000,000  13.1/s  upd=14069  L=0.0313  D=0.390
[regir_untied4] 2:23:32  573,034/1,000,000  13.1/s  upd=14072  L=0.0263  D=0.390
[regir_untied4] 2:23:43  573,288/1,000,000  13.1/s  upd=14077  L=0.0242  D=0.390
[regir_untied4] 2:23:53  573,586/1,000,000  13.1/s  upd=14080  L=0.0270  D=0.390
[regir_untied4] 2:24:04  573,586/1,000,000  13.1/s  upd=14086  L=0.0320  D=0.390
[regir_untied4] 2:24:14  573,586/1,000,000  13.1/s  upd=14088  L=0.0212  D=0.390
[regir_untied4] 2:24:24  573,850/1,000,000  13.1/s  upd=14094  L=0.0183  D=0.390
[regir_untied4] 2:24:35  574,111/1,000,000  13.1/s  upd=14097  L=0.0319  D=0.390
[regir_untied4] 2:24:45  574,111/1,000,000  13.1/s  upd=14101  L=0.0277  D=0.390
[regir_untied4] 2:24:55  574,111/1,000,000  13.1/s  upd=14104  L=0.0216  D=0.390
[regir_untied4] 2:25:06  574,375/1,000,000  13.1/s  upd=14109  L=0.0202  D=0.390
[regir_untied4] 2:25:16  574,375/1,000,000  13.1/s  upd=14112  L=0.0214  D=0.390
[regir_untied4] 2:25:27  574,649/1,000,000  13.1/s  upd=14118  L=0.0266  D=0.390
[regir_untied4] 2:25:37  574,649/1,000,000  13.1/s  upd=14120  L=0.0200  D=0.390
[regir_untied4] 2:25:49  574,910/1,000,000  13.1/s  upd=14127  L=0.0310  D=0.390
[regir_untied4] 2:25:59  574,910/1,000,000  13.1/s  upd=14128  L=0.0252  D=0.390
[regir_untied4] 2:26:10  575,189/1,000,000  13.1/s  upd=14134  L=0.0307  D=0.390
[regir_untied4] 2:26:21  575,457/1,000,000  13.1/s  upd=14139  L=0.0176  D=0.390
[regir_untied4] 2:26:31  575,457/1,000,000  13.1/s  upd=14144  L=0.0215  D=0.390
[regir_untied4] 2:26:42  575,673/1,000,000  13.1/s  upd=14149  L=0.0283  D=0.390
[regir_untied4] 2:26:52  575,917/1,000,000  13.1/s  upd=14153  L=0.0304  D=0.390
[regir_untied4] 2:27:03  575,917/1,000,000  13.1/s  upd=14160  L=0.0153  D=0.390
[regir_untied4] 2:27:13  576,170/1,000,000  13.1/s  upd=14161  L=0.0149  D=0.390
[regir_untied4] saved resume t_env=576,170
[regir_untied4] 2:27:24  576,170/1,000,000  13.1/s  upd=14168  L=0.0174  D=0.390
[regir_untied4] 2:27:35  576,398/1,000,000  13.1/s  upd=14170  L=0.0158  D=0.390
[regir_untied4] 2:27:45  576,398/1,000,000  13.1/s  upd=14176  L=0.0279  D=0.390
[regir_untied4] 2:27:56  576,743/1,000,000  13.1/s  upd=14178  L=0.0304  D=0.390
[regir_untied4] 2:28:07  576,743/1,000,000  13.1/s  upd=14184  L=0.0208  D=0.390
[regir_untied4] 2:28:17  577,022/1,000,000  13.1/s  upd=14186  L=0.0194  D=0.390
[regir_untied4] 2:28:27  577,022/1,000,000  13.1/s  upd=14192  L=0.0236  D=0.390
[regir_untied4] 2:28:38  577,279/1,000,000  13.1/s  upd=14193  L=0.0223  D=0.390
[regir_untied4] 2:28:48  577,279/1,000,000  13.1/s  upd=14200  L=0.0262  D=0.390
[regir_untied4] 2:28:59  577,515/1,000,000  13.1/s  upd=14201  L=0.0212  D=0.390
[regir_untied4] 2:29:10  577,515/1,000,000  13.1/s  upd=14207  L=0.0233  D=0.390
[regir_untied4] 2:29:21  577,806/1,000,000  13.1/s  upd=14212  L=0.0199  D=0.390
[regir_untied4] 2:29:31  577,806/1,000,000  13.1/s  upd=14216  L=0.0158  D=0.390
[regir_untied4] 2:29:41  578,027/1,000,000  13.1/s  upd=14219  L=0.0181  D=0.390
[regir_untied4] 2:29:51  578,027/1,000,000  13.1/s  upd=14224  L=0.0188  D=0.390
[regir_untied4] 2:30:03  578,268/1,000,000  13.1/s  upd=14228  L=0.0218  D=0.390
[regir_untied4] 2:30:13  578,268/1,000,000  13.1/s  upd=14232  L=0.0361  D=0.390
[regir_untied4] 2:30:25  578,525/1,000,000  13.1/s  upd=14238  L=0.0206  D=0.390
[regir_untied4] 2:30:35  578,525/1,000,000  13.1/s  upd=14240  L=0.0190  D=0.390
[regir_untied4] 2:30:46  578,772/1,000,000  13.1/s  upd=14246  L=0.0210  D=0.390
[regir_untied4] 2:30:56  578,772/1,000,000  13.1/s  upd=14248  L=0.0284  D=0.390
[regir_untied4] 2:31:07  579,036/1,000,000  13.1/s  upd=14252  L=0.0209  D=0.390
[regir_untied4] 2:31:17  579,036/1,000,000  13.1/s  upd=14256  L=0.0143  D=0.390
[regir_untied4] 2:31:28  579,272/1,000,000  13.1/s  upd=14262  L=0.0176  D=0.390
[regir_untied4] 2:31:38  579,272/1,000,000  13.1/s  upd=14264  L=0.0176  D=0.390
[regir_untied4] 2:31:49  579,549/1,000,000  13.1/s  upd=14271  L=0.0171  D=0.390
[regir_untied4] 2:32:01  579,828/1,000,000  13.1/s  upd=14274  L=0.0354  D=0.390
[regir_untied4] 2:32:11  579,828/1,000,000  13.1/s  upd=14279  L=0.0263  D=0.390
[regir_untied4] 2:32:23  580,106/1,000,000  13.1/s  upd=14283  L=0.0259  D=0.390
[regir_untied4] saved resume t_env=580,106
[regir_untied4] 2:32:39  580,106/1,000,000  13.1/s  upd=14288  L=0.0178  ev=0/100  D=0.390
[regir_untied4] 2:32:49  580,106/1,000,000  13.1/s  upd=14288  L=0.0178  ev=8/100  D=0.390
[regir_untied4] 2:32:59  580,106/1,000,000  13.1/s  upd=14288  L=0.0178  ev=15/100  D=0.390
[regir_untied4] 2:33:09  580,106/1,000,000  13.0/s  upd=14288  L=0.0178  ev=27/100  D=0.390
[regir_untied4] 2:33:19  580,106/1,000,000  13.0/s  upd=14288  L=0.0178  ev=40/100  D=0.390
[regir_untied4] 2:33:29  580,106/1,000,000  13.0/s  upd=14288  L=0.0178  ev=56/100  D=0.390
[regir_untied4] 2:33:39  580,106/1,000,000  13.0/s  upd=14288  L=0.0178  ev=63/100  D=0.390
[regir_untied4] 2:33:49  580,106/1,000,000  13.0/s  upd=14288  L=0.0178  ev=65/100  D=0.390
[regir_untied4] 2:34:00  580,106/1,000,000  13.0/s  upd=14288  L=0.0178  ev=77/100  D=0.390
[regir_untied4] 2:34:10  580,106/1,000,000  13.0/s  upd=14288  L=0.0178  ev=89/100  D=0.390
[regir_untied4] 2:34:20  580,106/1,000,000  12.9/s  upd=14288  L=0.0178  ev=99/100  D=0.390
[regir_untied4] 2:34:30  580,106/1,000,000  12.9/s  upd=14288  L=0.0178  D=0.556
[regir_untied4] 2:34:41  580,427/1,000,000  13.0/s  upd=14294  L=0.0252  D=0.556
[regir_untied4] 2:34:51  580,427/1,000,000  12.9/s  upd=14296  L=0.0155  D=0.556
[regir_untied4] 2:35:02  580,715/1,000,000  13.0/s  upd=14299  L=0.0143  D=0.556
[regir_untied4] 2:35:12  580,715/1,000,000  12.9/s  upd=14304  L=0.0173  D=0.556
[regir_untied4] 2:35:23  580,976/1,000,000  13.0/s  upd=14305  L=0.0278  D=0.556
[regir_untied4] 2:35:34  580,976/1,000,000  12.9/s  upd=14312  L=0.0255  D=0.556
[regir_untied4] 2:35:44  581,234/1,000,000  12.9/s  upd=14313  L=0.0232  D=0.556
[regir_untied4] 2:35:55  581,234/1,000,000  12.9/s  upd=14319  L=0.0200  D=0.556
[regir_untied4] 2:36:06  581,529/1,000,000  13.0/s  upd=14322  L=0.0307  D=0.556
[regir_untied4] 2:36:17  581,529/1,000,000  12.9/s  upd=14328  L=0.0153  D=0.556
[regir_untied4] 2:36:27  581,785/1,000,000  12.9/s  upd=14330  L=0.0189  D=0.556
[regir_untied4] 2:36:37  581,785/1,000,000  12.9/s  upd=14336  L=0.0146  D=0.556
[regir_untied4] 2:36:49  582,085/1,000,000  13.0/s  upd=14337  L=0.0152  D=0.556
[regir_untied4] 2:37:00  582,085/1,000,000  12.9/s  upd=14343  L=0.0209  D=0.556
[regir_untied4] 2:37:10  582,085/1,000,000  12.9/s  upd=14344  L=0.0239  D=0.556
[regir_untied4] 2:37:22  582,342/1,000,000  12.9/s  upd=14349  L=0.0202  D=0.556
[regir_untied4] 2:37:32  582,342/1,000,000  12.9/s  upd=14352  L=0.0260  D=0.556
[regir_untied4] 2:37:42  582,626/1,000,000  12.9/s  upd=14356  L=0.0242  D=0.556
[regir_untied4] 2:37:52  582,626/1,000,000  12.9/s  upd=14360  L=0.0155  D=0.556
[regir_untied4] 2:38:03  582,904/1,000,000  12.9/s  upd=14367  L=0.0137  D=0.556
[regir_untied4] 2:38:13  583,140/1,000,000  12.9/s  upd=14369  L=0.0185  D=0.556
[regir_untied4] 2:38:24  583,140/1,000,000  12.9/s  upd=14376  L=0.0164  D=0.556
[regir_untied4] 2:38:35  583,414/1,000,000  12.9/s  upd=14380  L=0.0166  D=0.556
[regir_untied4] 2:38:45  583,414/1,000,000  12.9/s  upd=14384  L=0.0200  D=0.556
[regir_untied4] 2:38:56  583,709/1,000,000  12.9/s  upd=14388  L=0.0279  D=0.556
[regir_untied4] 2:39:06  583,709/1,000,000  12.9/s  upd=14392  L=0.0220  D=0.556
[regir_untied4] 2:39:17  583,990/1,000,000  12.9/s  upd=14393  L=0.0248  D=0.556
[regir_untied4] 2:39:27  583,990/1,000,000  12.9/s  upd=14400  L=0.0606  D=0.556
[regir_untied4] 2:39:38  584,342/1,000,000  13.0/s  upd=14403  L=0.0284  D=0.556
[regir_untied4] 2:39:49  584,342/1,000,000  12.9/s  upd=14408  L=0.0241  D=0.556
[regir_untied4] 2:40:00  584,659/1,000,000  13.0/s  upd=14412  L=0.0191  D=0.556
[regir_untied4] 2:40:10  584,659/1,000,000  12.9/s  upd=14416  L=0.0199  D=0.556
[regir_untied4] 2:40:22  584,910/1,000,000  13.0/s  upd=14418  L=0.0167  D=0.556
[regir_untied4] 2:40:33  584,910/1,000,000  12.9/s  upd=14423  L=0.0210  D=0.556
[regir_untied4] 2:40:43  584,910/1,000,000  12.9/s  upd=14424  L=0.0186  D=0.556
[regir_untied4] 2:40:54  585,167/1,000,000  12.9/s  upd=14430  L=0.0304  D=0.556
[regir_untied4] 2:41:04  585,167/1,000,000  12.9/s  upd=14432  L=0.0293  D=0.556
[regir_untied4] 2:41:15  585,425/1,000,000  12.9/s  upd=14437  L=0.0274  D=0.556
[regir_untied4] 2:41:25  585,425/1,000,000  12.9/s  upd=14440  L=0.0273  D=0.556
[regir_untied4] 2:41:36  585,679/1,000,000  12.9/s  upd=14446  L=0.0247  D=0.556
[regir_untied4] 2:41:46  585,679/1,000,000  12.9/s  upd=14448  L=0.0162  D=0.556
[regir_untied4] 2:41:57  585,961/1,000,000  12.9/s  upd=14454  L=0.0230  D=0.556
[regir_untied4] 2:42:08  585,961/1,000,000  12.9/s  upd=14456  L=0.0226  D=0.556
[regir_untied4] 2:42:19  586,196/1,000,000  12.9/s  upd=14462  L=0.0251  D=0.556
[regir_untied4] 2:42:30  586,469/1,000,000  12.9/s  upd=14466  L=0.0250  D=0.556
[regir_untied4] 2:42:41  586,469/1,000,000  12.9/s  upd=14471  L=0.0273  D=0.556
[regir_untied4] saved resume t_env=586,469
[regir_untied4] 2:42:54  586,709/1,000,000  12.9/s  upd=14473  L=0.0151  D=0.556
[regir_untied4] 2:43:06  586,709/1,000,000  12.9/s  upd=14479  L=0.0246  D=0.556
[regir_untied4] 2:43:17  586,936/1,000,000  12.9/s  upd=14482  L=0.0195  D=0.556
[regir_untied4] 2:43:27  586,936/1,000,000  12.9/s  upd=14488  L=0.0304  D=0.556
[regir_untied4] 2:43:37  587,249/1,000,000  12.9/s  upd=14489  L=0.0274  D=0.556
[regir_untied4] 2:43:48  587,249/1,000,000  12.9/s  upd=14495  L=0.0225  D=0.556
[regir_untied4] 2:43:59  587,509/1,000,000  12.9/s  upd=14501  L=0.0212  D=0.556
[regir_untied4] 2:44:09  587,509/1,000,000  12.9/s  upd=14504  L=0.0213  D=0.556
[regir_untied4] 2:44:22  587,734/1,000,000  12.9/s  upd=14510  L=0.0299  D=0.556
[regir_untied4] 2:44:32  587,734/1,000,000  12.9/s  upd=14512  L=0.0205  D=0.556
[regir_untied4] 2:44:42  587,979/1,000,000  12.9/s  upd=14517  L=0.0216  D=0.556
[regir_untied4] 2:44:52  587,979/1,000,000  12.9/s  upd=14520  L=0.0182  D=0.556
[regir_untied4] 2:45:02  588,361/1,000,000  12.9/s  upd=14527  L=0.0173  D=0.556
[regir_untied4] 2:45:13  588,658/1,000,000  13.0/s  upd=14532  L=0.0152  D=0.556
[regir_untied4] 2:45:23  588,658/1,000,000  12.9/s  upd=14536  L=0.0149  D=0.556
[regir_untied4] 2:45:35  588,976/1,000,000  13.0/s  upd=14544  L=0.0219  D=0.556
[regir_untied4] 2:45:45  589,280/1,000,000  13.0/s  upd=14549  L=0.0220  D=0.556
[regir_untied4] 2:45:56  589,534/1,000,000  13.0/s  upd=14554  L=0.0164  D=0.556
[regir_untied4] 2:46:06  589,828/1,000,000  13.0/s  upd=14561  L=0.0413  D=0.556
[regir_untied4] 2:46:16  589,828/1,000,000  13.0/s  upd=14568  L=0.0218  D=0.556
[regir_untied4] 2:46:26  590,133/1,000,000  13.0/s  upd=14576  L=0.0156  D=0.556
[regir_untied4] 2:46:37  590,374/1,000,000  13.0/s  upd=14582  L=0.0262  D=0.556
[regir_untied4] 2:46:47  590,374/1,000,000  13.0/s  upd=14584  L=0.0328  D=0.556
[regir_untied4] 2:46:58  590,663/1,000,000  13.0/s  upd=14591  L=0.0167  D=0.556
[regir_untied4] 2:47:08  590,967/1,000,000  13.0/s  upd=14593  L=0.0197  D=0.556
[regir_untied4] 2:47:18  590,967/1,000,000  13.0/s  upd=14600  L=0.0195  D=0.556
[regir_untied4] 2:47:30  591,238/1,000,000  13.0/s  upd=14606  L=0.0222  D=0.556
[regir_untied4] 2:47:41  591,561/1,000,000  13.1/s  upd=14610  L=0.0291  D=0.556
[regir_untied4] 2:47:51  591,561/1,000,000  13.0/s  upd=14616  L=0.0223  D=0.556
[regir_untied4] 2:48:03  591,792/1,000,000  13.0/s  upd=14622  L=0.0156  D=0.556
[regir_untied4] 2:48:15  592,056/1,000,000  13.1/s  upd=14626  L=0.0215  D=0.556
[regir_untied4] 2:48:26  592,056/1,000,000  13.0/s  upd=14632  L=0.0175  D=0.556
[regir_untied4] 2:48:37  592,298/1,000,000  13.1/s  upd=14634  L=0.0107  D=0.556
[regir_untied4] 2:48:47  592,298/1,000,000  13.0/s  upd=14640  L=0.0243  D=0.556
[regir_untied4] 2:48:58  592,626/1,000,000  13.1/s  upd=14642  L=0.0136  D=0.556
[regir_untied4] 2:49:08  592,626/1,000,000  13.0/s  upd=14648  L=0.0171  D=0.556
[regir_untied4] 2:49:20  592,918/1,000,000  13.1/s  upd=14652  L=0.0268  D=0.556
[regir_untied4] 2:49:30  592,918/1,000,000  13.0/s  upd=14656  L=0.0194  D=0.556
[regir_untied4] 2:49:41  593,134/1,000,000  13.1/s  upd=14662  L=0.0221  D=0.556
[regir_untied4] 2:49:53  593,383/1,000,000  13.1/s  upd=14666  L=0.0242  D=0.556
[regir_untied4] 2:50:03  593,383/1,000,000  13.1/s  upd=14672  L=0.0198  D=0.556
[regir_untied4] 2:50:13  593,633/1,000,000  13.1/s  upd=14676  L=0.0148  D=0.556
[regir_untied4] 2:50:23  593,633/1,000,000  13.0/s  upd=14680  L=0.0209  D=0.556
[regir_untied4] 2:50:35  593,891/1,000,000  13.1/s  upd=14685  L=0.0168  D=0.556
[regir_untied4] 2:50:45  594,161/1,000,000  13.1/s  upd=14690  L=0.0162  D=0.556
[regir_untied4] 2:50:55  594,161/1,000,000  13.1/s  upd=14696  L=0.0256  D=0.556
[regir_untied4] 2:51:08  594,416/1,000,000  13.1/s  upd=14698  L=0.0255  D=0.556
[regir_untied4] 2:51:18  594,416/1,000,000  13.1/s  upd=14704  L=0.0193  D=0.556
[regir_untied4] 2:51:29  594,702/1,000,000  13.1/s  upd=14705  L=0.0159  D=0.556
[regir_untied4] 2:51:39  594,702/1,000,000  13.1/s  upd=14710  L=0.0184  D=0.556
[regir_untied4] 2:51:51  594,958/1,000,000  13.1/s  upd=14715  L=0.0200  D=0.556
[regir_untied4] 2:52:01  594,958/1,000,000  13.1/s  upd=14720  L=0.0254  D=0.556
[regir_untied4] 2:52:11  595,237/1,000,000  13.1/s  upd=14723  L=0.0148  D=0.556
[regir_untied4] 2:52:21  595,237/1,000,000  13.1/s  upd=14728  L=0.0167  D=0.556
[regir_untied4] 2:52:33  595,503/1,000,000  13.1/s  upd=14731  L=0.0189  D=0.556
[regir_untied4] 2:52:45  595,798/1,000,000  13.1/s  upd=14737  L=0.0268  D=0.556
[regir_untied4] 2:52:56  595,798/1,000,000  13.1/s  upd=14742  L=0.0237  D=0.556
[regir_untied4] saved resume t_env=595,798
[regir_untied4] 2:53:07  596,030/1,000,000  13.1/s  upd=14745  L=0.0187  D=0.556
[regir_untied4] 2:53:18  596,030/1,000,000  13.1/s  upd=14751  L=0.0203  D=0.556
[regir_untied4] 2:53:28  596,030/1,000,000  13.0/s  upd=14752  L=0.0211  D=0.556
[regir_untied4] 2:53:38  596,373/1,000,000  13.1/s  upd=14758  L=0.0174  D=0.556
[regir_untied4] 2:53:49  596,606/1,000,000  13.1/s  upd=14762  L=0.0266  D=0.556
[regir_untied4] 2:53:59  596,606/1,000,000  13.1/s  upd=14768  L=0.0248  D=0.556
[regir_untied4] 2:54:10  596,915/1,000,000  13.1/s  upd=14772  L=0.0127  D=0.556
[regir_untied4] 2:54:20  596,915/1,000,000  13.1/s  upd=14776  L=0.0131  D=0.556
[regir_untied4] 2:54:31  597,153/1,000,000  13.1/s  upd=14781  L=0.0151  D=0.556
[regir_untied4] 2:54:42  597,419/1,000,000  13.1/s  upd=14785  L=0.0209  D=0.556
[regir_untied4] 2:54:53  597,419/1,000,000  13.1/s  upd=14788  L=0.0185  D=0.556
[regir_untied4] 2:55:03  597,419/1,000,000  13.1/s  upd=14792  L=0.0199  D=0.556
[regir_untied4] 2:55:14  597,683/1,000,000  13.1/s  upd=14798  L=0.0206  D=0.556
[regir_untied4] 2:55:25  597,683/1,000,000  13.1/s  upd=14800  L=0.0147  D=0.556
[regir_untied4] 2:55:36  598,059/1,000,000  13.1/s  upd=14805  L=0.0209  D=0.556
[regir_untied4] 2:55:46  598,353/1,000,000  13.1/s  upd=14810  L=0.0170  D=0.556
[regir_untied4] 2:55:57  598,353/1,000,000  13.1/s  upd=14816  L=0.0154  D=0.556
[regir_untied4] 2:56:08  598,615/1,000,000  13.1/s  upd=14818  L=0.0126  D=0.556
[regir_untied4] 2:56:18  598,615/1,000,000  13.1/s  upd=14824  L=0.0213  D=0.556
[regir_untied4] 2:56:30  598,904/1,000,000  13.1/s  upd=14826  L=0.0206  D=0.556
[regir_untied4] 2:56:41  598,904/1,000,000  13.1/s  upd=14831  L=0.0164  D=0.556
[regir_untied4] 2:56:53  599,222/1,000,000  13.1/s  upd=14834  L=0.0164  D=0.556
[regir_untied4] 2:57:04  599,222/1,000,000  13.1/s  upd=14840  L=0.0134  D=0.556
[regir_untied4] 2:57:14  599,477/1,000,000  13.1/s  upd=14843  L=0.0208  D=0.556
[regir_untied4] 2:57:25  599,477/1,000,000  13.1/s  upd=14848  L=0.0198  D=0.556
[regir_untied4] 2:57:37  599,756/1,000,000  13.1/s  upd=14850  L=0.0175  D=0.556
[regir_untied4] 2:57:47  599,756/1,000,000  13.1/s  upd=14856  L=0.0297  D=0.556
[regir_untied4] 2:57:58  600,071/1,000,000  13.1/s  upd=14860  L=0.0269  D=0.556
[regir_untied4] saved resume t_env=600,071
[regir_untied4] 2:58:14  600,071/1,000,000  13.1/s  upd=14864  L=0.0223  ev=0/100  D=0.556
[regir_untied4] 2:58:24  600,071/1,000,000  13.1/s  upd=14864  L=0.0223  ev=8/100  D=0.556
[regir_untied4] 2:58:34  600,071/1,000,000  13.1/s  upd=14864  L=0.0223  ev=24/100  D=0.556
[regir_untied4] 2:58:44  600,071/1,000,000  13.0/s  upd=14864  L=0.0223  ev=39/100  D=0.556
[regir_untied4] 2:58:54  600,071/1,000,000  13.0/s  upd=14864  L=0.0223  ev=47/100  D=0.556
[regir_untied4] 2:59:04  600,071/1,000,000  13.0/s  upd=14864  L=0.0223  ev=63/100  D=0.556
[regir_untied4] 2:59:14  600,071/1,000,000  13.0/s  upd=14864  L=0.0223  ev=71/100  D=0.556
[regir_untied4] 2:59:24  600,071/1,000,000  13.0/s  upd=14864  L=0.0223  ev=81/100  D=0.556
[regir_untied4] 2:59:34  600,071/1,000,000  13.0/s  upd=14864  L=0.0223  ev=96/100  D=0.556
[regir_untied4] 2:59:44  600,071/1,000,000  13.0/s  upd=14864  L=0.0223  D=0.255
[regir_untied4] 2:59:54  600,320/1,000,000  13.0/s  upd=14869  L=0.0112  D=0.255
[regir_untied4] 3:00:04  600,320/1,000,000  13.0/s  upd=14872  L=0.0142  D=0.255
[regir_untied4] 3:00:15  600,616/1,000,000  13.0/s  upd=14875  L=0.0179  D=0.255
[regir_untied4] 3:00:25  600,616/1,000,000  13.0/s  upd=14880  L=0.0131  D=0.255
[regir_untied4] 3:00:35  600,930/1,000,000  13.0/s  upd=14882  L=0.0180  D=0.255
[regir_untied4] 3:00:45  600,930/1,000,000  13.0/s  upd=14888  L=0.0163  D=0.255
[regir_untied4] 3:00:56  601,207/1,000,000  13.0/s  upd=14890  L=0.0214  D=0.255
[regir_untied4] 3:01:06  601,207/1,000,000  13.0/s  upd=14896  L=0.0150  D=0.255
[regir_untied4] 3:01:17  601,496/1,000,000  13.0/s  upd=14900  L=0.0162  D=0.255
[regir_untied4] 3:01:27  601,496/1,000,000  13.0/s  upd=14904  L=0.0322  D=0.255
[regir_untied4] 3:01:38  601,762/1,000,000  13.0/s  upd=14909  L=0.0216  D=0.255
[regir_untied4] 3:01:48  602,042/1,000,000  13.0/s  upd=14913  L=0.0210  D=0.255
[regir_untied4] 3:01:59  602,042/1,000,000  13.0/s  upd=14920  L=0.0171  D=0.255
[regir_untied4] 3:02:10  602,326/1,000,000  13.0/s  upd=14923  L=0.0129  D=0.255
[regir_untied4] 3:02:20  602,326/1,000,000  13.0/s  upd=14928  L=0.0268  D=0.255
[regir_untied4] 3:02:31  602,598/1,000,000  13.0/s  upd=14934  L=0.0182  D=0.255
[regir_untied4] 3:02:43  602,869/1,000,000  13.0/s  upd=14937  L=0.0170  D=0.255
[regir_untied4] 3:02:54  602,869/1,000,000  13.0/s  upd=14944  L=0.0138  D=0.255
[regir_untied4] 3:03:04  603,135/1,000,000  13.0/s  upd=14948  L=0.0178  D=0.255
[regir_untied4] 3:03:14  603,135/1,000,000  13.0/s  upd=14952  L=0.0128  D=0.255
[regir_untied4] 3:03:28  603,372/1,000,000  13.0/s  upd=14959  L=0.0120  D=0.255
[regir_untied4] 3:03:38  603,651/1,000,000  13.0/s  upd=14961  L=0.0123  D=0.255
[regir_untied4] 3:03:49  603,651/1,000,000  13.0/s  upd=14966  L=0.0182  D=0.255
[regir_untied4] 3:03:59  603,933/1,000,000  13.0/s  upd=14971  L=0.0180  D=0.255
[regir_untied4] 3:04:10  603,933/1,000,000  13.0/s  upd=14975  L=0.0183  D=0.255
[regir_untied4] 3:04:20  604,192/1,000,000  13.0/s  upd=14977  L=0.0277  D=0.255
[regir_untied4] 3:04:31  604,192/1,000,000  13.0/s  upd=14984  L=0.0334  D=0.255
[regir_untied4] 3:04:42  604,481/1,000,000  13.0/s  upd=14986  L=0.0397  D=0.255
[regir_untied4] 3:04:52  604,481/1,000,000  13.0/s  upd=14992  L=0.0257  D=0.255
[regir_untied4] 3:05:02  604,780/1,000,000  13.0/s  upd=14995  L=0.0171  D=0.255
[regir_untied4] 3:05:12  604,780/1,000,000  13.0/s  upd=15000  L=0.0189  D=0.255
[regir_untied4] 3:05:23  605,068/1,000,000  13.0/s  upd=15005  L=0.0194  D=0.255
[regir_untied4] 3:05:33  605,068/1,000,000  13.0/s  upd=15008  L=0.0191  D=0.255
[regir_untied4] 3:05:45  605,331/1,000,000  13.0/s  upd=15015  L=0.0227  D=0.255
[regir_untied4] 3:05:55  605,331/1,000,000  13.0/s  upd=15016  L=0.0169  D=0.255
[regir_untied4] 3:06:06  605,644/1,000,000  13.0/s  upd=15021  L=0.0177  D=0.255
[regir_untied4] 3:06:16  605,644/1,000,000  13.0/s  upd=15024  L=0.0228  D=0.255
[regir_untied4] 3:06:27  605,912/1,000,000  13.0/s  upd=15031  L=0.0174  D=0.255
[regir_untied4] 3:06:37  605,912/1,000,000  13.0/s  upd=15032  L=0.0235  D=0.255
[regir_untied4] 3:06:49  606,209/1,000,000  13.0/s  upd=15039  L=0.0188  D=0.255
[regir_untied4] 3:07:00  606,445/1,000,000  13.0/s  upd=15043  L=0.0266  D=0.255
[regir_untied4] 3:07:10  606,445/1,000,000  13.0/s  upd=15048  L=0.0266  D=0.255
[regir_untied4] 3:07:21  606,721/1,000,000  13.0/s  upd=15050  L=0.0113  D=0.255
[regir_untied4] 3:07:31  606,721/1,000,000  13.0/s  upd=15056  L=0.0252  D=0.255
[regir_untied4] 3:07:43  606,975/1,000,000  13.0/s  upd=15060  L=0.0298  D=0.255
[regir_untied4] 3:07:53  606,975/1,000,000  13.0/s  upd=15064  L=0.0134  D=0.255
[regir_untied4] 3:08:03  606,975/1,000,000  13.0/s  upd=15064  L=0.0134  D=0.255
[regir_untied4] 3:08:13  607,365/1,000,000  13.0/s  upd=15068  L=0.0168  D=0.255
[regir_untied4] saved resume t_env=607,365
[regir_untied4] 3:08:23  607,365/1,000,000  13.0/s  upd=15072  L=0.0157  D=0.255
[regir_untied4] 3:08:35  607,643/1,000,000  13.0/s  upd=15075  L=0.0220  D=0.255
[regir_untied4] 3:08:46  607,643/1,000,000  13.0/s  upd=15080  L=0.0106  D=0.255
[regir_untied4] 3:08:57  607,885/1,000,000  13.0/s  upd=15085  L=0.0215  D=0.255
[regir_untied4] 3:09:07  607,885/1,000,000  13.0/s  upd=15088  L=0.0135  D=0.255
[regir_untied4] 3:09:17  608,188/1,000,000  13.0/s  upd=15090  L=0.0158  D=0.255
[regir_untied4] 3:09:28  608,188/1,000,000  13.0/s  upd=15096  L=0.0302  D=0.255
[regir_untied4] 3:09:38  608,488/1,000,000  13.0/s  upd=15098  L=0.0225  D=0.255
[regir_untied4] 3:09:49  608,488/1,000,000  13.0/s  upd=15103  L=0.0203  D=0.255
[regir_untied4] 3:09:59  608,780/1,000,000  13.0/s  upd=15107  L=0.0149  D=0.255
[regir_untied4] 3:10:09  608,780/1,000,000  13.0/s  upd=15112  L=0.0277  D=0.255
[regir_untied4] 3:10:20  609,076/1,000,000  13.0/s  upd=15113  L=0.0246  D=0.255
[regir_untied4] 3:10:30  609,076/1,000,000  13.0/s  upd=15120  L=0.0188  D=0.255
[regir_untied4] 3:10:42  609,384/1,000,000  13.0/s  upd=15122  L=0.0193  D=0.255
[regir_untied4] 3:10:52  609,384/1,000,000  13.0/s  upd=15128  L=0.0366  D=0.255
[regir_untied4] 3:11:02  609,384/1,000,000  13.0/s  upd=15128  L=0.0366  D=0.255
[regir_untied4] 3:11:12  609,829/1,000,000  13.0/s  upd=15132  L=0.0171  D=0.255
[regir_untied4] 3:11:23  610,124/1,000,000  13.1/s  upd=15137  L=0.0145  D=0.255
[regir_untied4] 3:11:33  610,124/1,000,000  13.0/s  upd=15143  L=0.0160  D=0.255
[regir_untied4] 3:11:43  610,124/1,000,000  13.0/s  upd=15144  L=0.0169  D=0.255
[regir_untied4] 3:11:54  610,402/1,000,000  13.0/s  upd=15151  L=0.0225  D=0.255
[regir_untied4] 3:12:04  610,402/1,000,000  13.0/s  upd=15152  L=0.0251  D=0.255
[regir_untied4] 3:12:15  610,725/1,000,000  13.0/s  upd=15158  L=0.0179  D=0.255
[regir_untied4] 3:12:26  610,993/1,000,000  13.1/s  upd=15162  L=0.0119  D=0.255
[regir_untied4] 3:12:36  610,993/1,000,000  13.0/s  upd=15168  L=0.0255  D=0.255
[regir_untied4] 3:12:46  610,993/1,000,000  13.0/s  upd=15168  L=0.0255  D=0.255
[regir_untied4] 3:12:56  611,322/1,000,000  13.1/s  upd=15176  L=0.0184  D=0.255
[regir_untied4] 3:13:07  611,617/1,000,000  13.1/s  upd=15179  L=0.0184  D=0.255
[regir_untied4] 3:13:17  611,617/1,000,000  13.1/s  upd=15184  L=0.0271  D=0.255
[regir_untied4] 3:13:27  611,906/1,000,000  13.1/s  upd=15190  L=0.0199  D=0.255
[regir_untied4] 3:13:38  612,198/1,000,000  13.1/s  upd=15195  L=0.0176  D=0.255
[regir_untied4] 3:13:49  612,514/1,000,000  13.1/s  upd=15201  L=0.0220  D=0.255
[regir_untied4] 3:13:59  612,514/1,000,000  13.1/s  upd=15208  L=0.0153  D=0.255
[regir_untied4] 3:14:09  612,781/1,000,000  13.1/s  upd=15216  L=0.0197  D=0.255
[regir_untied4] 3:14:19  613,032/1,000,000  13.1/s  upd=15224  L=0.0268  D=0.255
[regir_untied4] 3:14:31  613,351/1,000,000  13.1/s  upd=15228  L=0.0178  D=0.255
[regir_untied4] 3:14:41  613,640/1,000,000  13.1/s  upd=15233  L=0.0152  D=0.255
[regir_untied4] 3:14:52  613,640/1,000,000  13.1/s  upd=15240  L=0.0164  D=0.255
[regir_untied4] 3:15:02  613,931/1,000,000  13.1/s  upd=15245  L=0.0101  D=0.255
[regir_untied4] 3:15:12  614,214/1,000,000  13.1/s  upd=15250  L=0.0157  D=0.255
[regir_untied4] 3:15:22  614,214/1,000,000  13.1/s  upd=15256  L=0.0265  D=0.255
[regir_untied4] 3:15:32  614,453/1,000,000  13.1/s  upd=15262  L=0.0237  D=0.255
[regir_untied4] 3:15:43  614,752/1,000,000  13.2/s  upd=15266  L=0.0187  D=0.255
[regir_untied4] 3:15:53  614,752/1,000,000  13.1/s  upd=15272  L=0.0145  D=0.255
[regir_untied4] 3:16:04  614,984/1,000,000  13.2/s  upd=15273  L=0.0262  D=0.255
[regir_untied4] 3:16:14  614,984/1,000,000  13.1/s  upd=15280  L=0.0152  D=0.255
[regir_untied4] 3:16:25  615,261/1,000,000  13.2/s  upd=15282  L=0.0207  D=0.255
[regir_untied4] 3:16:35  615,261/1,000,000  13.1/s  upd=15288  L=0.0190  D=0.255
[regir_untied4] 3:16:46  615,533/1,000,000  13.2/s  upd=15293  L=0.0153  D=0.255
[regir_untied4] 3:16:56  615,533/1,000,000  13.1/s  upd=15296  L=0.0147  D=0.255
[regir_untied4] 3:17:07  615,835/1,000,000  13.2/s  upd=15299  L=0.0177  D=0.255
[regir_untied4] 3:17:18  616,098/1,000,000  13.2/s  upd=15305  L=0.0319  D=0.255
[regir_untied4] 3:17:29  616,098/1,000,000  13.2/s  upd=15312  L=0.0193  D=0.255
[regir_untied4] 3:17:39  616,357/1,000,000  13.2/s  upd=15315  L=0.0213  D=0.255
[regir_untied4] 3:17:49  616,357/1,000,000  13.2/s  upd=15320  L=0.0156  D=0.255
[regir_untied4] 3:17:59  616,695/1,000,000  13.2/s  upd=15321  L=0.0186  D=0.255
[regir_untied4] 3:18:10  616,695/1,000,000  13.2/s  upd=15326  L=0.0234  D=0.255
[regir_untied4] 3:18:23  616,990/1,000,000  13.2/s  upd=15330  L=0.0138  D=0.255
[regir_untied4] 3:18:35  616,990/1,000,000  13.2/s  upd=15335  L=0.0182  D=0.255
[regir_untied4] saved resume t_env=616,990
[regir_untied4] 3:18:46  617,294/1,000,000  13.2/s  upd=15338  L=0.0238  D=0.255
[regir_untied4] 3:18:57  617,294/1,000,000  13.2/s  upd=15343  L=0.0194  D=0.255
[regir_untied4] 3:19:08  617,531/1,000,000  13.2/s  upd=15346  L=0.0267  D=0.255
[regir_untied4] 3:19:18  617,531/1,000,000  13.2/s  upd=15352  L=0.0350  D=0.255
[regir_untied4] 3:19:29  617,803/1,000,000  13.2/s  upd=15357  L=0.0228  D=0.255
[regir_untied4] 3:19:39  617,803/1,000,000  13.2/s  upd=15360  L=0.0143  D=0.255
[regir_untied4] 3:19:49  618,090/1,000,000  13.2/s  upd=15366  L=0.0160  D=0.255
[regir_untied4] 3:19:59  618,090/1,000,000  13.2/s  upd=15368  L=0.0134  D=0.255
[regir_untied4] 3:20:09  618,356/1,000,000  13.2/s  upd=15373  L=0.0185  D=0.255
[regir_untied4] 3:20:19  618,356/1,000,000  13.2/s  upd=15376  L=0.0153  D=0.255
[regir_untied4] 3:20:30  618,699/1,000,000  13.2/s  upd=15381  L=0.0166  D=0.255
[regir_untied4] 3:20:40  618,699/1,000,000  13.2/s  upd=15384  L=0.0146  D=0.255
[regir_untied4] 3:20:50  618,960/1,000,000  13.2/s  upd=15390  L=0.0195  D=0.255
[regir_untied4] 3:21:00  618,960/1,000,000  13.2/s  upd=15392  L=0.0194  D=0.255
[regir_untied4] 3:21:11  619,245/1,000,000  13.2/s  upd=15398  L=0.0178  D=0.255
[regir_untied4] 3:21:21  619,505/1,000,000  13.2/s  upd=15401  L=0.0247  D=0.255
[regir_untied4] 3:21:32  619,505/1,000,000  13.2/s  upd=15408  L=0.0253  D=0.255
[regir_untied4] 3:21:43  619,811/1,000,000  13.2/s  upd=15410  L=0.0224  D=0.255
[regir_untied4] 3:21:53  619,811/1,000,000  13.2/s  upd=15416  L=0.0138  D=0.255
[regir_untied4] 3:22:04  620,111/1,000,000  13.2/s  upd=15419  L=0.0170  D=0.255
[regir_untied4] saved resume t_env=620,111
[regir_untied4] 3:22:17  620,111/1,000,000  13.2/s  upd=15424  L=0.0179  ev=0/100  D=0.255
[regir_untied4] 3:22:27  620,111/1,000,000  13.2/s  upd=15424  L=0.0179  ev=8/100  D=0.255
[regir_untied4] 3:22:37  620,111/1,000,000  13.2/s  upd=15424  L=0.0179  ev=22/100  D=0.255
[regir_untied4] 3:22:47  620,111/1,000,000  13.1/s  upd=15424  L=0.0179  ev=32/100  D=0.255
[regir_untied4] 3:22:57  620,111/1,000,000  13.1/s  upd=15424  L=0.0179  ev=41/100  D=0.255
[regir_untied4] 3:23:07  620,111/1,000,000  13.1/s  upd=15424  L=0.0179  ev=55/100  D=0.255
[regir_untied4] 3:23:17  620,111/1,000,000  13.1/s  upd=15424  L=0.0179  ev=56/100  D=0.255
[regir_untied4] 3:23:28  620,111/1,000,000  13.1/s  upd=15424  L=0.0179  ev=72/100  D=0.255
[regir_untied4] 3:23:38  620,111/1,000,000  13.1/s  upd=15424  L=0.0179  ev=80/100  D=0.255
[regir_untied4] 3:23:48  620,111/1,000,000  13.1/s  upd=15424  L=0.0179  ev=96/100  D=0.255
[regir_untied4] 3:23:58  620,111/1,000,000  13.1/s  upd=15424  L=0.0179  D=0.608
[regir_untied4] 3:24:09  620,427/1,000,000  13.1/s  upd=15429  L=0.0231  D=0.608
[regir_untied4] 3:24:19  620,427/1,000,000  13.1/s  upd=15432  L=0.0163  D=0.608
[regir_untied4] 3:24:30  620,747/1,000,000  13.1/s  upd=15438  L=0.0127  D=0.608
[regir_untied4] 3:24:40  621,032/1,000,000  13.1/s  upd=15442  L=0.0189  D=0.608
[regir_untied4] 3:24:51  621,032/1,000,000  13.1/s  upd=15448  L=0.0214  D=0.608
[regir_untied4] 3:25:01  621,032/1,000,000  13.1/s  upd=15448  L=0.0214  D=0.608
[regir_untied4] 3:25:12  621,402/1,000,000  13.1/s  upd=15454  L=0.0240  D=0.608
[regir_untied4] 3:25:23  621,681/1,000,000  13.1/s  upd=15458  L=0.0171  D=0.608
[regir_untied4] 3:25:33  621,681/1,000,000  13.1/s  upd=15462  L=0.0188  D=0.608
[regir_untied4] 3:25:43  621,999/1,000,000  13.1/s  upd=15465  L=0.0162  D=0.608
[regir_untied4] 3:25:54  621,999/1,000,000  13.1/s  upd=15469  L=0.0203  D=0.608
[regir_untied4] 3:26:04  621,999/1,000,000  13.1/s  upd=15472  L=0.0168  D=0.608
[regir_untied4] 3:26:15  622,311/1,000,000  13.1/s  upd=15479  L=0.0189  D=0.608
[regir_untied4] 3:26:26  622,601/1,000,000  13.1/s  upd=15481  L=0.0180  D=0.608
[regir_untied4] 3:26:36  622,601/1,000,000  13.1/s  upd=15487  L=0.0179  D=0.608
[regir_untied4] 3:26:47  622,874/1,000,000  13.1/s  upd=15491  L=0.0137  D=0.608
[regir_untied4] 3:26:58  622,874/1,000,000  13.1/s  upd=15496  L=0.0134  D=0.608
[regir_untied4] 3:27:08  623,144/1,000,000  13.1/s  upd=15499  L=0.0238  D=0.608
[regir_untied4] 3:27:18  623,144/1,000,000  13.1/s  upd=15504  L=0.0200  D=0.608
[regir_untied4] 3:27:30  623,458/1,000,000  13.1/s  upd=15508  L=0.0169  D=0.608
[regir_untied4] 3:27:40  623,458/1,000,000  13.1/s  upd=15512  L=0.0194  D=0.608
[regir_untied4] 3:27:51  623,748/1,000,000  13.1/s  upd=15517  L=0.0157  D=0.608
[regir_untied4] 3:28:01  623,748/1,000,000  13.1/s  upd=15520  L=0.0182  D=0.608
[regir_untied4] 3:28:12  624,093/1,000,000  13.1/s  upd=15525  L=0.0270  D=0.608
[regir_untied4] 3:28:22  624,093/1,000,000  13.1/s  upd=15528  L=0.0244  D=0.608
[regir_untied4] 3:28:32  624,378/1,000,000  13.1/s  upd=15531  L=0.0274  D=0.608
[regir_untied4] 3:28:42  624,378/1,000,000  13.1/s  upd=15536  L=0.0185  D=0.608
[regir_untied4] 3:28:54  624,642/1,000,000  13.1/s  upd=15539  L=0.0151  D=0.608
[regir_untied4] 3:29:04  624,642/1,000,000  13.1/s  upd=15544  L=0.0171  D=0.608
[regir_untied4] 3:29:17  624,900/1,000,000  13.1/s  upd=15550  L=0.0241  D=0.608
[regir_untied4] 3:29:27  624,900/1,000,000  13.1/s  upd=15552  L=0.0177  D=0.608
[regir_untied4] 3:29:39  625,174/1,000,000  13.1/s  upd=15560  L=0.0190  D=0.608
[regir_untied4] 3:29:51  625,465/1,000,000  13.1/s  upd=15561  L=0.0222  D=0.608
[regir_untied4] 3:30:01  625,465/1,000,000  13.1/s  upd=15568  L=0.0205  D=0.608
[regir_untied4] 3:30:12  625,790/1,000,000  13.1/s  upd=15570  L=0.0175  D=0.608
[regir_untied4] 3:30:23  625,790/1,000,000  13.1/s  upd=15576  L=0.0126  D=0.608
[regir_untied4] 3:30:33  626,079/1,000,000  13.1/s  upd=15579  L=0.0136  D=0.608
[regir_untied4] 3:30:44  626,079/1,000,000  13.1/s  upd=15584  L=0.0161  D=0.608
[regir_untied4] 3:30:55  626,323/1,000,000  13.1/s  upd=15587  L=0.0176  D=0.608
[regir_untied4] 3:31:05  626,323/1,000,000  13.1/s  upd=15592  L=0.0164  D=0.608
[regir_untied4] 3:31:17  626,584/1,000,000  13.1/s  upd=15597  L=0.0179  D=0.608
[regir_untied4] 3:31:28  626,584/1,000,000  13.1/s  upd=15600  L=0.0128  D=0.608
[regir_untied4] 3:31:38  626,827/1,000,000  13.1/s  upd=15606  L=0.0165  D=0.608
[regir_untied4] 3:31:48  626,827/1,000,000  13.1/s  upd=15608  L=0.0124  D=0.608
[regir_untied4] 3:32:00  627,114/1,000,000  13.1/s  upd=15615  L=0.0179  D=0.608
[regir_untied4] 3:32:10  627,447/1,000,000  13.1/s  upd=15616  L=0.0270  D=0.608
[regir_untied4] 3:32:20  627,447/1,000,000  13.1/s  upd=15622  L=0.0195  D=0.608
[regir_untied4] saved resume t_env=627,447
[regir_untied4] 3:32:30  627,447/1,000,000  13.1/s  upd=15624  L=0.0144  D=0.608
[regir_untied4] 3:32:42  627,754/1,000,000  13.1/s  upd=15629  L=0.0137  D=0.608
[regir_untied4] 3:32:52  628,040/1,000,000  13.1/s  upd=15633  L=0.0139  D=0.608
[regir_untied4] 3:33:03  628,040/1,000,000  13.1/s  upd=15639  L=0.0192  D=0.608
[regir_untied4] 3:33:13  628,040/1,000,000  13.1/s  upd=15640  L=0.0188  D=0.608
[regir_untied4] 3:33:23  628,369/1,000,000  13.1/s  upd=15648  L=0.0118  D=0.608
[regir_untied4] 3:33:34  628,656/1,000,000  13.1/s  upd=15649  L=0.0137  D=0.608
[regir_untied4] 3:33:44  628,656/1,000,000  13.1/s  upd=15656  L=0.0228  D=0.608
[regir_untied4] 3:33:54  628,946/1,000,000  13.1/s  upd=15658  L=0.0189  D=0.608
[regir_untied4] 3:34:04  628,946/1,000,000  13.1/s  upd=15664  L=0.0121  D=0.608
[regir_untied4] 3:34:14  629,266/1,000,000  13.1/s  upd=15668  L=0.0155  D=0.608
[regir_untied4] 3:34:24  629,266/1,000,000  13.1/s  upd=15672  L=0.0129  D=0.608
[regir_untied4] 3:34:35  629,608/1,000,000  13.2/s  upd=15676  L=0.0115  D=0.608
[regir_untied4] 3:34:45  629,608/1,000,000  13.1/s  upd=15680  L=0.0159  D=0.608
[regir_untied4] 3:34:56  629,927/1,000,000  13.2/s  upd=15685  L=0.0120  D=0.608
[regir_untied4] 3:35:06  629,927/1,000,000  13.1/s  upd=15688  L=0.0122  D=0.608
[regir_untied4] 3:35:17  630,253/1,000,000  13.2/s  upd=15693  L=0.0156  D=0.608
[regir_untied4] 3:35:28  630,543/1,000,000  13.2/s  upd=15698  L=0.0195  D=0.608
[regir_untied4] 3:35:38  630,543/1,000,000  13.2/s  upd=15704  L=0.0177  D=0.608
[regir_untied4] 3:35:49  630,843/1,000,000  13.2/s  upd=15707  L=0.0135  D=0.608
[regir_untied4] 3:35:59  630,843/1,000,000  13.2/s  upd=15712  L=0.0121  D=0.608
[regir_untied4] 3:36:10  631,109/1,000,000  13.2/s  upd=15715  L=0.0096  D=0.608
[regir_untied4] 3:36:20  631,109/1,000,000  13.2/s  upd=15720  L=0.0158  D=0.608
[regir_untied4] 3:36:31  631,391/1,000,000  13.2/s  upd=15725  L=0.0234  D=0.608
[regir_untied4] 3:36:42  631,391/1,000,000  13.2/s  upd=15728  L=0.0255  D=0.608
[regir_untied4] 3:36:53  631,731/1,000,000  13.2/s  upd=15731  L=0.0165  D=0.608
[regir_untied4] 3:37:03  631,731/1,000,000  13.2/s  upd=15736  L=0.0154  D=0.608
[regir_untied4] 3:37:13  632,000/1,000,000  13.2/s  upd=15739  L=0.0159  D=0.608
[regir_untied4] 3:37:23  632,000/1,000,000  13.2/s  upd=15744  L=0.0113  D=0.608
[regir_untied4] 3:37:34  632,221/1,000,000  13.2/s  upd=15749  L=0.0125  D=0.608
[regir_untied4] 3:37:45  632,512/1,000,000  13.2/s  upd=15753  L=0.0119  D=0.608
[regir_untied4] 3:37:55  632,512/1,000,000  13.2/s  upd=15760  L=0.0139  D=0.608
[regir_untied4] 3:38:06  632,775/1,000,000  13.2/s  upd=15763  L=0.0136  D=0.608
[regir_untied4] 3:38:16  633,019/1,000,000  13.2/s  upd=15770  L=0.0149  D=0.608
[regir_untied4] 3:38:26  633,019/1,000,000  13.2/s  upd=15776  L=0.0615  D=0.608
[regir_untied4] 3:38:37  633,405/1,000,000  13.2/s  upd=15779  L=0.0765  D=0.608
[regir_untied4] 3:38:47  633,405/1,000,000  13.2/s  upd=15784  L=0.0151  D=0.608
[regir_untied4] 3:38:59  633,685/1,000,000  13.2/s  upd=15791  L=0.0145  D=0.608
[regir_untied4] 3:39:09  633,969/1,000,000  13.2/s  upd=15793  L=0.0131  D=0.608
[regir_untied4] 3:39:19  633,969/1,000,000  13.2/s  upd=15800  L=0.0128  D=0.608
[regir_untied4] 3:39:29  634,240/1,000,000  13.2/s  upd=15806  L=0.0196  D=0.608
[regir_untied4] 3:39:39  634,240/1,000,000  13.2/s  upd=15808  L=0.0119  D=0.608
[regir_untied4] 3:39:49  634,543/1,000,000  13.2/s  upd=15814  L=0.0144  D=0.608
[regir_untied4] 3:40:00  634,543/1,000,000  13.2/s  upd=15816  L=0.0158  D=0.608
[regir_untied4] 3:40:10  634,853/1,000,000  13.2/s  upd=15820  L=0.0178  D=0.608
[regir_untied4] 3:40:24  635,120/1,000,000  13.2/s  upd=15825  L=0.0224  D=0.608
[regir_untied4] 3:40:34  635,120/1,000,000  13.2/s  upd=15832  L=0.0194  D=0.608
[regir_untied4] 3:40:45  635,427/1,000,000  13.2/s  upd=15834  L=0.0203  D=0.608
[regir_untied4] 3:40:56  635,427/1,000,000  13.2/s  upd=15839  L=0.0122  D=0.608
[regir_untied4] 3:41:06  635,692/1,000,000  13.2/s  upd=15842  L=0.0120  D=0.608
[regir_untied4] 3:41:16  635,692/1,000,000  13.2/s  upd=15848  L=0.0173  D=0.608
[regir_untied4] 3:41:27  635,982/1,000,000  13.2/s  upd=15851  L=0.0195  D=0.608
[regir_untied4] 3:41:37  635,982/1,000,000  13.2/s  upd=15856  L=0.0193  D=0.608
[regir_untied4] 3:41:48  636,277/1,000,000  13.2/s  upd=15861  L=0.0265  D=0.608
[regir_untied4] 3:41:59  636,559/1,000,000  13.2/s  upd=15866  L=0.0160  D=0.608
[regir_untied4] 3:42:09  636,559/1,000,000  13.2/s  upd=15872  L=0.0157  D=0.608
[regir_untied4] 3:42:19  636,834/1,000,000  13.2/s  upd=15876  L=0.0113  D=0.608
[regir_untied4] saved resume t_env=636,834
[regir_untied4] 3:42:29  636,834/1,000,000  13.2/s  upd=15880  L=0.0123  D=0.608
[regir_untied4] 3:42:40  637,120/1,000,000  13.2/s  upd=15884  L=0.0205  D=0.608
[regir_untied4] 3:42:50  637,120/1,000,000  13.2/s  upd=15888  L=0.0155  D=0.608
[regir_untied4] 3:43:01  637,422/1,000,000  13.2/s  upd=15895  L=0.0202  D=0.608
[regir_untied4] 3:43:12  637,694/1,000,000  13.3/s  upd=15901  L=0.0111  D=0.608
[regir_untied4] 3:43:22  638,015/1,000,000  13.3/s  upd=15905  L=0.0209  D=0.608
[regir_untied4] 3:43:32  638,015/1,000,000  13.3/s  upd=15912  L=0.0163  D=0.608
[regir_untied4] 3:43:42  638,281/1,000,000  13.3/s  upd=15917  L=0.0190  D=0.608
[regir_untied4] 3:43:54  638,543/1,000,000  13.3/s  upd=15923  L=0.0146  D=0.608
[regir_untied4] 3:44:04  638,543/1,000,000  13.3/s  upd=15928  L=0.0173  D=0.608
[regir_untied4] 3:44:15  638,848/1,000,000  13.3/s  upd=15936  L=0.0177  D=0.608
[regir_untied4] 3:44:26  639,096/1,000,000  13.3/s  upd=15940  L=0.0230  D=0.608
[regir_untied4] 3:44:37  639,096/1,000,000  13.3/s  upd=15944  L=0.0189  D=0.608
[regir_untied4] 3:44:48  639,328/1,000,000  13.3/s  upd=15949  L=0.0147  D=0.608
[regir_untied4] 3:44:58  639,328/1,000,000  13.3/s  upd=15952  L=0.0224  D=0.608
[regir_untied4] 3:45:09  639,630/1,000,000  13.3/s  upd=15955  L=0.0294  D=0.608
[regir_untied4] 3:45:19  639,630/1,000,000  13.3/s  upd=15960  L=0.0215  D=0.608
[regir_untied4] 3:45:29  639,870/1,000,000  13.3/s  upd=15964  L=0.0166  D=0.608
[regir_untied4] 3:45:39  639,870/1,000,000  13.3/s  upd=15968  L=0.0176  D=0.608
[regir_untied4] 3:45:50  640,190/1,000,000  13.3/s  upd=15973  L=0.0222  D=0.608
[regir_untied4] saved resume t_env=640,190
[regir_untied4] 3:46:01  640,190/1,000,000  13.3/s  upd=15976  L=0.0173  ev=0/100  D=0.608
[regir_untied4] 3:46:11  640,190/1,000,000  13.3/s  upd=15976  L=0.0173  ev=7/100  D=0.608
[regir_untied4] 3:46:21  640,190/1,000,000  13.3/s  upd=15976  L=0.0173  ev=16/100  D=0.608
[regir_untied4] 3:46:32  640,190/1,000,000  13.2/s  upd=15976  L=0.0173  ev=30/100  D=0.608
[regir_untied4] 3:46:42  640,190/1,000,000  13.2/s  upd=15976  L=0.0173  ev=32/100  D=0.608
[regir_untied4] 3:46:52  640,190/1,000,000  13.2/s  upd=15976  L=0.0173  ev=40/100  D=0.608
[regir_untied4] 3:47:02  640,190/1,000,000  13.2/s  upd=15976  L=0.0173  ev=51/100  D=0.608
[regir_untied4] 3:47:12  640,190/1,000,000  13.2/s  upd=15976  L=0.0173  ev=64/100  D=0.608
[regir_untied4] 3:47:22  640,190/1,000,000  13.2/s  upd=15976  L=0.0173  ev=74/100  D=0.608
[regir_untied4] 3:47:32  640,190/1,000,000  13.2/s  upd=15976  L=0.0173  ev=87/100  D=0.608
[regir_untied4] 3:47:42  640,190/1,000,000  13.2/s  upd=15976  L=0.0173  ev=96/100  D=0.608
[regir_untied4] 3:47:52  640,190/1,000,000  13.2/s  upd=15976  L=0.0173  D=0.773
[regir_untied4] 3:48:02  640,497/1,000,000  13.2/s  upd=15982  L=0.0204  D=0.773
[regir_untied4] 3:48:13  640,783/1,000,000  13.2/s  upd=15985  L=0.0175  D=0.773
[regir_untied4] 3:48:24  640,783/1,000,000  13.2/s  upd=15991  L=0.0120  D=0.773
[regir_untied4] 3:48:34  641,098/1,000,000  13.2/s  upd=15995  L=0.0178  D=0.773
[regir_untied4] 3:48:44  641,098/1,000,000  13.2/s  upd=16000  L=0.0159  D=0.773
[regir_untied4] 3:48:56  641,413/1,000,000  13.2/s  upd=16005  L=0.0138  D=0.773
[regir_untied4] 3:49:06  641,413/1,000,000  13.2/s  upd=16008  L=0.0161  D=0.773
[regir_untied4] 3:49:18  641,672/1,000,000  13.2/s  upd=16014  L=0.0162  D=0.773
[regir_untied4] 3:49:28  641,672/1,000,000  13.2/s  upd=16016  L=0.0142  D=0.773
[regir_untied4] 3:49:38  641,956/1,000,000  13.2/s  upd=16024  L=0.0153  D=0.773
[regir_untied4] 3:49:49  642,245/1,000,000  13.2/s  upd=16029  L=0.0169  D=0.773
[regir_untied4] 3:49:59  642,245/1,000,000  13.2/s  upd=16032  L=0.0136  D=0.773
[regir_untied4] 3:50:10  642,530/1,000,000  13.2/s  upd=16036  L=0.0187  D=0.773
[regir_untied4] 3:50:20  642,530/1,000,000  13.2/s  upd=16040  L=0.0140  D=0.773
[regir_untied4] 3:50:31  642,773/1,000,000  13.2/s  upd=16045  L=0.0181  D=0.773
[regir_untied4] 3:50:41  642,773/1,000,000  13.2/s  upd=16048  L=0.0142  D=0.773
[regir_untied4] 3:50:51  643,065/1,000,000  13.2/s  upd=16054  L=0.0220  D=0.773
[regir_untied4] 3:51:02  643,396/1,000,000  13.2/s  upd=16057  L=0.0260  D=0.773
[regir_untied4] 3:51:12  643,396/1,000,000  13.2/s  upd=16064  L=0.0186  D=0.773
[regir_untied4] 3:51:25  643,677/1,000,000  13.2/s  upd=16069  L=0.0245  D=0.773
[regir_untied4] 3:51:35  643,677/1,000,000  13.2/s  upd=16072  L=0.0159  D=0.773
[regir_untied4] 3:51:45  643,909/1,000,000  13.2/s  upd=16078  L=0.0181  D=0.773
[regir_untied4] 3:51:55  643,909/1,000,000  13.2/s  upd=16080  L=0.0165  D=0.773
[regir_untied4] 3:52:06  644,176/1,000,000  13.2/s  upd=16087  L=0.0195  D=0.773
[regir_untied4] 3:52:17  644,473/1,000,000  13.2/s  upd=16093  L=0.0176  D=0.773
[regir_untied4] 3:52:27  644,473/1,000,000  13.2/s  upd=16096  L=0.0190  D=0.773
[regir_untied4] 3:52:37  644,734/1,000,000  13.2/s  upd=16103  L=0.0195  D=0.773
[regir_untied4] 3:52:48  645,036/1,000,000  13.2/s  upd=16105  L=0.0188  D=0.773
[regir_untied4] 3:52:59  645,036/1,000,000  13.2/s  upd=16112  L=0.0157  D=0.773
[regir_untied4] 3:53:09  645,315/1,000,000  13.2/s  upd=16116  L=0.0224  D=0.773
[regir_untied4] 3:53:20  645,315/1,000,000  13.2/s  upd=16120  L=0.0109  D=0.773
[regir_untied4] 3:53:30  645,585/1,000,000  13.2/s  upd=16126  L=0.0219  D=0.773
[regir_untied4] 3:53:43  645,896/1,000,000  13.2/s  upd=16129  L=0.0116  D=0.773
[regir_untied4] 3:53:53  645,896/1,000,000  13.2/s  upd=16136  L=0.0310  D=0.773
[regir_untied4] 3:54:05  646,180/1,000,000  13.2/s  upd=16141  L=0.0203  D=0.773
[regir_untied4] 3:54:15  646,180/1,000,000  13.2/s  upd=16144  L=0.0166  D=0.773
[regir_untied4] 3:54:25  646,475/1,000,000  13.2/s  upd=16149  L=0.0201  D=0.773
[regir_untied4] 3:54:36  646,475/1,000,000  13.2/s  upd=16152  L=0.0175  D=0.773
[regir_untied4] 3:54:46  646,791/1,000,000  13.2/s  upd=16157  L=0.0122  D=0.773
[regir_untied4] 3:54:58  647,112/1,000,000  13.3/s  upd=16162  L=0.0156  D=0.773
[regir_untied4] 3:55:08  647,112/1,000,000  13.2/s  upd=16168  L=0.0204  D=0.773
[regir_untied4] 3:55:20  647,407/1,000,000  13.3/s  upd=16170  L=0.0162  D=0.773
[regir_untied4] 3:55:31  647,407/1,000,000  13.2/s  upd=16175  L=0.0140  D=0.773
[regir_untied4] 3:55:41  647,665/1,000,000  13.3/s  upd=16178  L=0.0324  D=0.773
[regir_untied4] 3:55:53  647,665/1,000,000  13.2/s  upd=16184  L=0.0222  D=0.773
[regir_untied4] 3:56:03  647,919/1,000,000  13.3/s  upd=16186  L=0.0236  D=0.773
[regir_untied4] saved resume t_env=647,919
[regir_untied4] 3:56:15  647,919/1,000,000  13.2/s  upd=16192  L=0.0217  D=0.773
[regir_untied4] 3:56:25  648,254/1,000,000  13.3/s  upd=16195  L=0.0195  D=0.773
[regir_untied4] 3:56:37  648,254/1,000,000  13.2/s  upd=16200  L=0.0223  D=0.773
[regir_untied4] 3:56:47  648,501/1,000,000  13.3/s  upd=16201  L=0.0239  D=0.773
[regir_untied4] 3:56:57  648,501/1,000,000  13.2/s  upd=16208  L=0.0161  D=0.773
[regir_untied4] 3:57:08  648,761/1,000,000  13.3/s  upd=16213  L=0.0241  D=0.773
[regir_untied4] 3:57:18  648,761/1,000,000  13.2/s  upd=16216  L=0.0229  D=0.773
[regir_untied4] 3:57:30  649,087/1,000,000  13.3/s  upd=16219  L=0.0182  D=0.773
[regir_untied4] 3:57:40  649,087/1,000,000  13.2/s  upd=16224  L=0.0239  D=0.773
[regir_untied4] 3:57:51  649,340/1,000,000  13.3/s  upd=16229  L=0.0195  D=0.773
[regir_untied4] 3:58:01  649,340/1,000,000  13.2/s  upd=16232  L=0.0163  D=0.773
[regir_untied4] 3:58:11  649,606/1,000,000  13.3/s  upd=16238  L=0.0205  D=0.773
[regir_untied4] 3:58:21  649,606/1,000,000  13.2/s  upd=16240  L=0.0230  D=0.773
[regir_untied4] 3:58:32  649,883/1,000,000  13.3/s  upd=16246  L=0.0156  D=0.773
[regir_untied4] 3:58:42  649,883/1,000,000  13.2/s  upd=16248  L=0.0177  D=0.773
[regir_untied4] 3:58:52  650,194/1,000,000  13.3/s  upd=16252  L=0.0188  D=0.773
[regir_untied4] 3:59:03  650,453/1,000,000  13.3/s  upd=16258  L=0.0208  D=0.773
[regir_untied4] 3:59:13  650,453/1,000,000  13.3/s  upd=16264  L=0.0181  D=0.773
[regir_untied4] 3:59:24  650,714/1,000,000  13.3/s  upd=16267  L=0.0227  D=0.773
[regir_untied4] 3:59:34  650,714/1,000,000  13.3/s  upd=16272  L=0.0268  D=0.773
[regir_untied4] 3:59:45  651,016/1,000,000  13.3/s  upd=16275  L=0.0207  D=0.773
[regir_untied4] 3:59:55  651,016/1,000,000  13.3/s  upd=16280  L=0.0201  D=0.773
[regir_untied4] 4:00:06  651,263/1,000,000  13.3/s  upd=16286  L=0.0179  D=0.773
[regir_untied4] 4:00:16  651,263/1,000,000  13.3/s  upd=16288  L=0.0140  D=0.773
[regir_untied4] 4:00:27  651,534/1,000,000  13.3/s  upd=16294  L=0.0181  D=0.773
[regir_untied4] 4:00:38  651,815/1,000,000  13.3/s  upd=16298  L=0.0163  D=0.773
[regir_untied4] 4:00:48  651,815/1,000,000  13.3/s  upd=16304  L=0.0304  D=0.773
[regir_untied4] 4:00:59  652,116/1,000,000  13.3/s  upd=16308  L=0.0343  D=0.773
[regir_untied4] 4:01:09  652,116/1,000,000  13.3/s  upd=16312  L=0.0181  D=0.773
[regir_untied4] 4:01:22  652,397/1,000,000  13.3/s  upd=16317  L=0.0173  D=0.773
[regir_untied4] 4:01:32  652,397/1,000,000  13.3/s  upd=16320  L=0.0181  D=0.773
[regir_untied4] 4:01:42  652,692/1,000,000  13.3/s  upd=16327  L=0.0255  D=0.773
[regir_untied4] 4:01:53  652,971/1,000,000  13.3/s  upd=16330  L=0.0143  D=0.773
[regir_untied4] 4:02:04  652,971/1,000,000  13.3/s  upd=16335  L=0.0198  D=0.773
[regir_untied4] 4:02:14  653,240/1,000,000  13.3/s  upd=16342  L=0.0160  D=0.773
[regir_untied4] 4:02:24  653,490/1,000,000  13.3/s  upd=16345  L=0.0139  D=0.773
[regir_untied4] 4:02:35  653,490/1,000,000  13.3/s  upd=16352  L=0.0214  D=0.773
[regir_untied4] 4:02:46  653,790/1,000,000  13.3/s  upd=16358  L=0.0153  D=0.773
[regir_untied4] 4:02:56  654,071/1,000,000  13.3/s  upd=16361  L=0.0195  D=0.773
[regir_untied4] 4:03:06  654,071/1,000,000  13.3/s  upd=16368  L=0.0171  D=0.773
[regir_untied4] 4:03:17  654,366/1,000,000  13.3/s  upd=16373  L=0.0130  D=0.773
[regir_untied4] 4:03:28  654,617/1,000,000  13.3/s  upd=16378  L=0.0322  D=0.773
[regir_untied4] 4:03:39  654,898/1,000,000  13.3/s  upd=16385  L=0.0157  D=0.773
[regir_untied4] 4:03:49  654,898/1,000,000  13.3/s  upd=16392  L=0.0158  D=0.773
[regir_untied4] 4:03:59  655,144/1,000,000  13.3/s  upd=16398  L=0.0160  D=0.773
[regir_untied4] 4:04:09  655,422/1,000,000  13.3/s  upd=16401  L=0.0166  D=0.773
[regir_untied4] 4:04:20  655,422/1,000,000  13.3/s  upd=16407  L=0.0165  D=0.773
[regir_untied4] 4:04:31  655,717/1,000,000  13.3/s  upd=16412  L=0.0171  D=0.773
[regir_untied4] 4:04:41  655,717/1,000,000  13.3/s  upd=16416  L=0.0168  D=0.773
[regir_untied4] 4:04:52  655,963/1,000,000  13.3/s  upd=16422  L=0.0354  D=0.773
[regir_untied4] 4:05:03  656,229/1,000,000  13.3/s  upd=16426  L=0.0197  D=0.773
[regir_untied4] 4:05:15  656,229/1,000,000  13.3/s  upd=16431  L=0.0229  D=0.773
[regir_untied4] 4:05:25  656,466/1,000,000  13.3/s  upd=16435  L=0.0258  D=0.773
[regir_untied4] 4:05:36  656,466/1,000,000  13.3/s  upd=16440  L=0.0195  D=0.773
[regir_untied4] 4:05:46  656,816/1,000,000  13.3/s  upd=16443  L=0.0125  D=0.773
[regir_untied4] 4:05:56  656,816/1,000,000  13.3/s  upd=16448  L=0.0162  D=0.773
[regir_untied4] 4:06:07  657,077/1,000,000  13.3/s  upd=16453  L=0.0127  D=0.773
[regir_untied4] 4:06:17  657,077/1,000,000  13.3/s  upd=16456  L=0.0106  D=0.773
[regir_untied4] 4:06:28  657,351/1,000,000  13.3/s  upd=16461  L=0.0144  D=0.773
[regir_untied4] saved resume t_env=657,351
[regir_untied4] 4:06:38  657,351/1,000,000  13.3/s  upd=16464  L=0.0142  D=0.773
[regir_untied4] 4:06:49  657,615/1,000,000  13.3/s  upd=16471  L=0.0145  D=0.773
[regir_untied4] 4:07:00  657,884/1,000,000  13.3/s  upd=16473  L=0.0151  D=0.773
[regir_untied4] 4:07:11  657,884/1,000,000  13.3/s  upd=16479  L=0.0261  D=0.773
[regir_untied4] 4:07:22  658,175/1,000,000  13.3/s  upd=16482  L=0.0260  D=0.773
[regir_untied4] 4:07:33  658,175/1,000,000  13.3/s  upd=16487  L=0.0181  D=0.773
[regir_untied4] 4:07:44  658,432/1,000,000  13.3/s  upd=16490  L=0.0217  D=0.773
[regir_untied4] 4:07:54  658,432/1,000,000  13.3/s  upd=16495  L=0.0160  D=0.773
[regir_untied4] 4:08:06  658,691/1,000,000  13.3/s  upd=16498  L=0.0205  D=0.773
[regir_untied4] 4:08:16  658,691/1,000,000  13.3/s  upd=16504  L=0.0297  D=0.773
[regir_untied4] 4:08:27  659,026/1,000,000  13.3/s  upd=16505  L=0.0318  D=0.773
[regir_untied4] 4:08:38  659,026/1,000,000  13.3/s  upd=16512  L=0.0222  D=0.773
[regir_untied4] 4:08:48  659,281/1,000,000  13.3/s  upd=16515  L=0.0137  D=0.773
[regir_untied4] 4:08:58  659,281/1,000,000  13.3/s  upd=16520  L=0.0180  D=0.773
[regir_untied4] 4:09:10  659,499/1,000,000  13.3/s  upd=16525  L=0.0170  D=0.773
[regir_untied4] 4:09:21  659,781/1,000,000  13.3/s  upd=16529  L=0.0178  D=0.773
[regir_untied4] 4:09:31  659,781/1,000,000  13.3/s  upd=16534  L=0.0262  D=0.773
[regir_untied4] 4:09:42  660,018/1,000,000  13.3/s  upd=16539  L=0.0130  D=0.773
[regir_untied4] saved resume t_env=660,018
[regir_untied4] 4:09:56  660,018/1,000,000  13.3/s  upd=16544  L=0.0152  ev=0/100  D=0.773
[regir_untied4] 4:10:06  660,018/1,000,000  13.3/s  upd=16544  L=0.0152  ev=8/100  D=0.773
[regir_untied4] 4:10:16  660,018/1,000,000  13.3/s  upd=16544  L=0.0152  ev=24/100  D=0.773
[regir_untied4] 4:10:27  660,018/1,000,000  13.3/s  upd=16544  L=0.0152  ev=40/100  D=0.773
[regir_untied4] 4:10:37  660,018/1,000,000  13.3/s  upd=16544  L=0.0152  ev=57/100  D=0.773
[regir_untied4] 4:10:47  660,018/1,000,000  13.3/s  upd=16544  L=0.0152  ev=76/100  D=0.773
[regir_untied4] 4:10:57  660,018/1,000,000  13.3/s  upd=16544  L=0.0152  ev=96/100  D=0.773
[regir_untied4] 4:11:08  660,271/1,000,000  13.3/s  upd=16546  L=0.0249  D=0.438
[regir_untied4] 4:11:18  660,271/1,000,000  13.3/s  upd=16552  L=0.0250  D=0.438
[regir_untied4] 4:11:29  660,517/1,000,000  13.3/s  upd=16559  L=0.0136  D=0.438
[regir_untied4] 4:11:39  660,749/1,000,000  13.3/s  upd=16566  L=0.0131  D=0.438
[regir_untied4] 4:11:50  661,022/1,000,000  13.3/s  upd=16570  L=0.0188  D=0.438
[regir_untied4] 4:12:00  661,022/1,000,000  13.3/s  upd=16576  L=0.0137  D=0.438
[regir_untied4] 4:12:11  661,264/1,000,000  13.3/s  upd=16579  L=0.0189  D=0.438
[regir_untied4] 4:12:21  661,264/1,000,000  13.3/s  upd=16584  L=0.0209  D=0.438
[regir_untied4] 4:12:31  661,508/1,000,000  13.3/s  upd=16589  L=0.0263  D=0.438
[regir_untied4] 4:12:41  661,508/1,000,000  13.3/s  upd=16592  L=0.0194  D=0.438
[regir_untied4] 4:12:52  661,793/1,000,000  13.3/s  upd=16600  L=0.0385  D=0.438
[regir_untied4] 4:13:03  662,047/1,000,000  13.3/s  upd=16605  L=0.0138  D=0.438
[regir_untied4] 4:13:13  662,047/1,000,000  13.3/s  upd=16608  L=0.0161  D=0.438
[regir_untied4] 4:13:24  662,298/1,000,000  13.3/s  upd=16614  L=0.0198  D=0.438
[regir_untied4] 4:13:37  662,527/1,000,000  13.3/s  upd=16618  L=0.0144  D=0.438
[regir_untied4] 4:13:47  662,527/1,000,000  13.3/s  upd=16624  L=0.0106  D=0.438
[regir_untied4] 4:13:57  662,808/1,000,000  13.3/s  upd=16628  L=0.0283  D=0.438
[regir_untied4] 4:14:07  662,808/1,000,000  13.3/s  upd=16632  L=0.0213  D=0.438
[regir_untied4] 4:14:18  663,092/1,000,000  13.3/s  upd=16637  L=0.0102  D=0.438
[regir_untied4] 4:14:28  663,092/1,000,000  13.3/s  upd=16640  L=0.0127  D=0.438
[regir_untied4] 4:14:39  663,325/1,000,000  13.3/s  upd=16644  L=0.0201  D=0.438
[regir_untied4] 4:14:51  663,582/1,000,000  13.3/s  upd=16649  L=0.0196  D=0.438
[regir_untied4] 4:15:01  663,582/1,000,000  13.3/s  upd=16654  L=0.0187  D=0.438
[regir_untied4] 4:15:12  663,828/1,000,000  13.3/s  upd=16659  L=0.0214  D=0.438
[regir_untied4] 4:15:22  663,828/1,000,000  13.3/s  upd=16664  L=0.0255  D=0.438
[regir_untied4] 4:15:33  664,110/1,000,000  13.3/s  upd=16668  L=0.0275  D=0.438
[regir_untied4] 4:15:43  664,110/1,000,000  13.3/s  upd=16672  L=0.0199  D=0.438
[regir_untied4] 4:15:55  664,347/1,000,000  13.3/s  upd=16677  L=0.0149  D=0.438
[regir_untied4] 4:16:05  664,347/1,000,000  13.3/s  upd=16680  L=0.0129  D=0.438
[regir_untied4] 4:16:15  664,570/1,000,000  13.3/s  upd=16685  L=0.0172  D=0.438
[regir_untied4] 4:16:25  664,570/1,000,000  13.3/s  upd=16688  L=0.0219  D=0.438
[regir_untied4] 4:16:36  664,840/1,000,000  13.3/s  upd=16689  L=0.0217  D=0.438
[regir_untied4] 4:16:46  664,840/1,000,000  13.3/s  upd=16696  L=0.0204  D=0.438
[regir_untied4] 4:16:56  664,840/1,000,000  13.3/s  upd=16696  L=0.0204  D=0.438
[regir_untied4] 4:17:07  665,156/1,000,000  13.3/s  upd=16702  L=0.0120  D=0.438
[regir_untied4] 4:17:19  665,411/1,000,000  13.3/s  upd=16706  L=0.0179  D=0.438
[regir_untied4] 4:17:30  665,411/1,000,000  13.3/s  upd=16711  L=0.0182  D=0.438
[regir_untied4] 4:17:41  665,674/1,000,000  13.3/s  upd=16714  L=0.0208  D=0.438
[regir_untied4] 4:17:51  665,674/1,000,000  13.3/s  upd=16720  L=0.0241  D=0.438
[regir_untied4] 4:18:01  665,978/1,000,000  13.3/s  upd=16723  L=0.0141  D=0.438
[regir_untied4] 4:18:11  665,978/1,000,000  13.3/s  upd=16728  L=0.0141  D=0.438
[regir_untied4] 4:18:22  666,242/1,000,000  13.3/s  upd=16731  L=0.0197  D=0.438
[regir_untied4] 4:18:32  666,242/1,000,000  13.3/s  upd=16736  L=0.0143  D=0.438
[regir_untied4] 4:18:45  666,534/1,000,000  13.3/s  upd=16740  L=0.0195  D=0.438
[regir_untied4] 4:18:55  666,534/1,000,000  13.3/s  upd=16744  L=0.0248  D=0.438
[regir_untied4] 4:19:06  666,838/1,000,000  13.3/s  upd=16749  L=0.0431  D=0.438
[regir_untied4] 4:19:16  666,838/1,000,000  13.3/s  upd=16752  L=0.0246  D=0.438
[regir_untied4] 4:19:27  667,109/1,000,000  13.3/s  upd=16759  L=0.0113  D=0.438
[regir_untied4] 4:19:37  667,380/1,000,000  13.3/s  upd=16761  L=0.0197  D=0.438
[regir_untied4] 4:19:47  667,380/1,000,000  13.3/s  upd=16768  L=0.0130  D=0.438
[regir_untied4] 4:19:57  667,685/1,000,000  13.3/s  upd=16771  L=0.0172  D=0.438
[regir_untied4] saved resume t_env=667,685
[regir_untied4] 4:20:07  667,685/1,000,000  13.3/s  upd=16776  L=0.0259  D=0.438
[regir_untied4] 4:20:18  667,965/1,000,000  13.3/s  upd=16780  L=0.0224  D=0.438
[regir_untied4] 4:20:28  667,965/1,000,000  13.3/s  upd=16784  L=0.0199  D=0.438
[regir_untied4] 4:20:38  668,236/1,000,000  13.3/s  upd=16787  L=0.0141  D=0.438
[regir_untied4] 4:20:49  668,236/1,000,000  13.3/s  upd=16792  L=0.0216  D=0.438
[regir_untied4] 4:21:01  668,487/1,000,000  13.3/s  upd=16796  L=0.0230  D=0.438
[regir_untied4] 4:21:11  668,487/1,000,000  13.3/s  upd=16800  L=0.0149  D=0.438
[regir_untied4] 4:21:21  668,734/1,000,000  13.3/s  upd=16806  L=0.0336  D=0.438
[regir_untied4] 4:21:31  668,734/1,000,000  13.3/s  upd=16808  L=0.0345  D=0.438
[regir_untied4] 4:21:42  669,020/1,000,000  13.3/s  upd=16813  L=0.0264  D=0.438
[regir_untied4] 4:21:52  669,020/1,000,000  13.3/s  upd=16816  L=0.0181  D=0.438
[regir_untied4] 4:22:03  669,307/1,000,000  13.3/s  upd=16823  L=0.0200  D=0.438
[regir_untied4] 4:22:13  669,553/1,000,000  13.3/s  upd=16826  L=0.0134  D=0.438
[regir_untied4] 4:22:23  669,553/1,000,000  13.3/s  upd=16832  L=0.0179  D=0.438
[regir_untied4] 4:22:34  669,807/1,000,000  13.3/s  upd=16835  L=0.0225  D=0.438
[regir_untied4] 4:22:44  669,807/1,000,000  13.3/s  upd=16840  L=0.0226  D=0.438
[regir_untied4] 4:22:55  670,083/1,000,000  13.3/s  upd=16845  L=0.0179  D=0.438
[regir_untied4] 4:23:05  670,363/1,000,000  13.3/s  upd=16849  L=0.0138  D=0.438
[regir_untied4] 4:23:16  670,363/1,000,000  13.3/s  upd=16855  L=0.0222  D=0.438
[regir_untied4] 4:23:26  670,631/1,000,000  13.3/s  upd=16858  L=0.0134  D=0.438
[regir_untied4] 4:23:36  670,631/1,000,000  13.3/s  upd=16864  L=0.0175  D=0.438
[regir_untied4] 4:23:46  670,888/1,000,000  13.3/s  upd=16865  L=0.0123  D=0.438
[regir_untied4] 4:23:56  670,888/1,000,000  13.3/s  upd=16872  L=0.0374  D=0.438
[regir_untied4] 4:24:08  671,240/1,000,000  13.3/s  upd=16873  L=0.0255  D=0.438
[regir_untied4] 4:24:18  671,240/1,000,000  13.3/s  upd=16880  L=0.0243  D=0.438
[regir_untied4] 4:24:29  671,484/1,000,000  13.3/s  upd=16884  L=0.0121  D=0.438
[regir_untied4] 4:24:39  671,484/1,000,000  13.3/s  upd=16888  L=0.0209  D=0.438
[regir_untied4] 4:24:49  671,767/1,000,000  13.3/s  upd=16894  L=0.0215  D=0.438
[regir_untied4] 4:25:02  672,039/1,000,000  13.3/s  upd=16899  L=0.0152  D=0.438
[regir_untied4] 4:25:12  672,039/1,000,000  13.3/s  upd=16904  L=0.0167  D=0.438
[regir_untied4] 4:25:23  672,303/1,000,000  13.3/s  upd=16908  L=0.0320  D=0.438
[regir_untied4] 4:25:33  672,303/1,000,000  13.3/s  upd=16912  L=0.0157  D=0.438
[regir_untied4] 4:25:43  672,555/1,000,000  13.3/s  upd=16915  L=0.0160  D=0.438
[regir_untied4] 4:25:53  672,555/1,000,000  13.3/s  upd=16920  L=0.0144  D=0.438
[regir_untied4] 4:26:04  672,805/1,000,000  13.3/s  upd=16924  L=0.0198  D=0.438
[regir_untied4] 4:26:14  672,805/1,000,000  13.3/s  upd=16928  L=0.0136  D=0.438
[regir_untied4] 4:26:25  673,090/1,000,000  13.3/s  upd=16935  L=0.0182  D=0.438
[regir_untied4] 4:26:35  673,349/1,000,000  13.3/s  upd=16938  L=0.0191  D=0.438
[regir_untied4] 4:26:45  673,349/1,000,000  13.3/s  upd=16944  L=0.0173  D=0.438
[regir_untied4] 4:26:56  673,582/1,000,000  13.3/s  upd=16948  L=0.0130  D=0.438
[regir_untied4] 4:27:06  673,582/1,000,000  13.3/s  upd=16952  L=0.0157  D=0.438
[regir_untied4] 4:27:17  673,844/1,000,000  13.3/s  upd=16958  L=0.0550  D=0.438
[regir_untied4] 4:27:27  673,844/1,000,000  13.3/s  upd=16960  L=0.0455  D=0.438
[regir_untied4] 4:27:38  674,207/1,000,000  13.3/s  upd=16963  L=0.0203  D=0.438
[regir_untied4] 4:27:48  674,207/1,000,000  13.3/s  upd=16968  L=0.0159  D=0.438
[regir_untied4] 4:28:00  674,477/1,000,000  13.3/s  upd=16971  L=0.0124  D=0.438
[regir_untied4] 4:28:10  674,477/1,000,000  13.3/s  upd=16976  L=0.0156  D=0.438
[regir_untied4] 4:28:21  674,796/1,000,000  13.3/s  upd=16978  L=0.0153  D=0.438
[regir_untied4] 4:28:31  674,796/1,000,000  13.3/s  upd=16984  L=0.0179  D=0.438
[regir_untied4] 4:28:42  675,035/1,000,000  13.3/s  upd=16991  L=0.0107  D=0.438
[regir_untied4] 4:28:53  675,296/1,000,000  13.3/s  upd=16997  L=0.0176  D=0.438
[regir_untied4] 4:29:04  675,540/1,000,000  13.3/s  upd=17002  L=0.0195  D=0.438
[regir_untied4] 4:29:14  675,540/1,000,000  13.3/s  upd=17008  L=0.0173  D=0.438
[regir_untied4] 4:29:25  675,840/1,000,000  13.3/s  upd=17013  L=0.0143  D=0.438
[regir_untied4] 4:29:35  676,104/1,000,000  13.3/s  upd=17017  L=0.0119  D=0.438
[regir_untied4] 4:29:46  676,104/1,000,000  13.3/s  upd=17024  L=0.0195  D=0.438
[regir_untied4] 4:29:56  676,432/1,000,000  13.3/s  upd=17029  L=0.0159  D=0.438
[regir_untied4] 4:30:07  676,702/1,000,000  13.4/s  upd=17034  L=0.0180  D=0.438
[regir_untied4] saved resume t_env=676,702
[regir_untied4] 4:30:17  676,702/1,000,000  13.3/s  upd=17040  L=0.0183  D=0.438
[regir_untied4] 4:30:28  676,941/1,000,000  13.4/s  upd=17044  L=0.0193  D=0.438
[regir_untied4] 4:30:38  677,177/1,000,000  13.4/s  upd=17049  L=0.0155  D=0.438
[regir_untied4] 4:30:48  677,177/1,000,000  13.4/s  upd=17056  L=0.0185  D=0.438
[regir_untied4] 4:30:58  677,428/1,000,000  13.4/s  upd=17057  L=0.0143  D=0.438
[regir_untied4] 4:31:09  677,428/1,000,000  13.4/s  upd=17063  L=0.0125  D=0.438
[regir_untied4] 4:31:19  677,428/1,000,000  13.3/s  upd=17064  L=0.0154  D=0.438
[regir_untied4] 4:31:30  677,730/1,000,000  13.4/s  upd=17069  L=0.0174  D=0.438
[regir_untied4] 4:31:41  677,990/1,000,000  13.4/s  upd=17074  L=0.0105  D=0.438
[regir_untied4] 4:31:54  677,990/1,000,000  13.3/s  upd=17080  L=0.0286  D=0.438
[regir_untied4] 4:32:04  678,258/1,000,000  13.4/s  upd=17084  L=0.0171  D=0.438
[regir_untied4] 4:32:15  678,258/1,000,000  13.3/s  upd=17088  L=0.0132  D=0.438
[regir_untied4] 4:32:26  678,534/1,000,000  13.4/s  upd=17093  L=0.0206  D=0.438
[regir_untied4] 4:32:37  678,738/1,000,000  13.4/s  upd=17098  L=0.0226  D=0.438
[regir_untied4] 4:32:47  678,738/1,000,000  13.4/s  upd=17104  L=0.0193  D=0.438
[regir_untied4] 4:32:58  679,010/1,000,000  13.4/s  upd=17106  L=0.0171  D=0.438
[regir_untied4] 4:33:08  679,010/1,000,000  13.3/s  upd=17112  L=0.0205  D=0.438
[regir_untied4] 4:33:18  679,325/1,000,000  13.4/s  upd=17116  L=0.0209  D=0.438
[regir_untied4] 4:33:28  679,325/1,000,000  13.4/s  upd=17120  L=0.0234  D=0.438
[regir_untied4] 4:33:38  679,325/1,000,000  13.3/s  upd=17120  L=0.0234  D=0.438
[regir_untied4] 4:33:49  679,632/1,000,000  13.4/s  upd=17126  L=0.0137  D=0.438
[regir_untied4] 4:34:00  679,903/1,000,000  13.4/s  upd=17129  L=0.0182  D=0.438
[regir_untied4] 4:34:11  679,903/1,000,000  13.4/s  upd=17135  L=0.0121  D=0.438
[regir_untied4] 4:34:22  680,196/1,000,000  13.4/s  upd=17138  L=0.0164  D=0.438
[regir_untied4] 4:34:33  680,196/1,000,000  13.4/s  upd=17144  L=0.0218  D=0.438
[regir_untied4] saved resume t_env=680,196
[regir_untied4] 4:34:43  680,196/1,000,000  13.3/s  upd=17144  L=0.0218  ev=4/100  D=0.438
[regir_untied4] 4:34:53  680,196/1,000,000  13.3/s  upd=17144  L=0.0218  ev=23/100  D=0.438
[regir_untied4] 4:35:03  680,196/1,000,000  13.3/s  upd=17144  L=0.0218  ev=32/100  D=0.438
[regir_untied4] 4:35:14  680,196/1,000,000  13.3/s  upd=17144  L=0.0218  ev=46/100  D=0.438
[regir_untied4] 4:35:24  680,196/1,000,000  13.3/s  upd=17144  L=0.0218  ev=53/100  D=0.438
[regir_untied4] 4:35:34  680,196/1,000,000  13.3/s  upd=17144  L=0.0218  ev=64/100  D=0.438
[regir_untied4] 4:35:44  680,196/1,000,000  13.3/s  upd=17144  L=0.0218  ev=77/100  D=0.438
[regir_untied4] 4:35:54  680,196/1,000,000  13.3/s  upd=17144  L=0.0218  ev=88/100  D=0.438
[regir_untied4] 4:36:04  680,196/1,000,000  13.3/s  upd=17144  L=0.0218  ev=97/100  D=0.438
[regir_untied4] 4:36:15  680,451/1,000,000  13.3/s  upd=17146  L=0.0193  D=0.254
[regir_untied4] 4:36:25  680,451/1,000,000  13.3/s  upd=17152  L=0.0181  D=0.254
[regir_untied4] 4:36:35  680,748/1,000,000  13.3/s  upd=17153  L=0.0148  D=0.254
[regir_untied4] 4:36:46  680,748/1,000,000  13.3/s  upd=17160  L=0.0129  D=0.254
[regir_untied4] 4:36:58  680,986/1,000,000  13.3/s  upd=17162  L=0.0167  D=0.254
[regir_untied4] 4:37:08  680,986/1,000,000  13.3/s  upd=17168  L=0.0148  D=0.254
[regir_untied4] 4:37:19  681,216/1,000,000  13.3/s  upd=17171  L=0.0132  D=0.254
[regir_untied4] 4:37:29  681,216/1,000,000  13.3/s  upd=17176  L=0.0224  D=0.254
[regir_untied4] 4:37:39  681,518/1,000,000  13.3/s  upd=17181  L=0.0092  D=0.254
[regir_untied4] 4:37:49  681,518/1,000,000  13.3/s  upd=17184  L=0.0129  D=0.254
[regir_untied4] 4:38:01  681,789/1,000,000  13.3/s  upd=17187  L=0.0187  D=0.254
[regir_untied4] 4:38:11  681,789/1,000,000  13.3/s  upd=17192  L=0.0143  D=0.254
[regir_untied4] 4:38:22  682,072/1,000,000  13.3/s  upd=17197  L=0.0138  D=0.254
[regir_untied4] 4:38:32  682,339/1,000,000  13.3/s  upd=17204  L=0.0498  D=0.254
[regir_untied4] 4:38:42  682,339/1,000,000  13.3/s  upd=17208  L=0.0210  D=0.254
[regir_untied4] 4:38:54  682,628/1,000,000  13.3/s  upd=17215  L=0.0146  D=0.254
[regir_untied4] 4:39:04  682,920/1,000,000  13.3/s  upd=17217  L=0.0200  D=0.254
[regir_untied4] 4:39:14  682,920/1,000,000  13.3/s  upd=17224  L=0.0169  D=0.254
[regir_untied4] 4:39:25  683,194/1,000,000  13.3/s  upd=17227  L=0.0141  D=0.254
[regir_untied4] 4:39:35  683,194/1,000,000  13.3/s  upd=17232  L=0.0105  D=0.254
[regir_untied4] 4:39:46  683,488/1,000,000  13.3/s  upd=17239  L=0.0127  D=0.254
[regir_untied4] 4:39:56  683,727/1,000,000  13.3/s  upd=17245  L=0.0132  D=0.254
[regir_untied4] 4:40:07  683,989/1,000,000  13.3/s  upd=17249  L=0.0149  D=0.254
[regir_untied4] 4:40:17  683,989/1,000,000  13.3/s  upd=17256  L=0.0200  D=0.254
[regir_untied4] 4:40:27  684,263/1,000,000  13.3/s  upd=17258  L=0.0193  D=0.254
[regir_untied4] 4:40:37  684,263/1,000,000  13.3/s  upd=17264  L=0.0153  D=0.254
[regir_untied4] 4:40:48  684,574/1,000,000  13.3/s  upd=17265  L=0.0192  D=0.254
[regir_untied4] 4:40:58  684,574/1,000,000  13.3/s  upd=17272  L=0.0190  D=0.254
[regir_untied4] 4:41:10  684,827/1,000,000  13.3/s  upd=17275  L=0.0150  D=0.254
[regir_untied4] 4:41:20  684,827/1,000,000  13.3/s  upd=17280  L=0.0165  D=0.254
[regir_untied4] 4:41:31  685,085/1,000,000  13.3/s  upd=17285  L=0.0107  D=0.254
[regir_untied4] 4:41:41  685,085/1,000,000  13.3/s  upd=17288  L=0.0122  D=0.254
[regir_untied4] 4:41:51  685,347/1,000,000  13.3/s  upd=17295  L=0.0135  D=0.254
[regir_untied4] 4:42:01  685,347/1,000,000  13.3/s  upd=17296  L=0.0178  D=0.254
[regir_untied4] 4:42:12  685,612/1,000,000  13.3/s  upd=17302  L=0.0134  D=0.254
[regir_untied4] 4:42:23  685,612/1,000,000  13.3/s  upd=17304  L=0.0119  D=0.254
[regir_untied4] 4:42:33  685,894/1,000,000  13.3/s  upd=17309  L=0.0326  D=0.254
[regir_untied4] 4:42:43  685,894/1,000,000  13.3/s  upd=17312  L=0.0220  D=0.254
[regir_untied4] 4:42:53  686,282/1,000,000  13.3/s  upd=17315  L=0.0159  D=0.254
[regir_untied4] 4:43:03  686,282/1,000,000  13.3/s  upd=17320  L=0.0171  D=0.254
[regir_untied4] 4:43:14  686,523/1,000,000  13.3/s  upd=17326  L=0.0138  D=0.254
[regir_untied4] 4:43:25  686,796/1,000,000  13.3/s  upd=17329  L=0.0198  D=0.254
[regir_untied4] 4:43:35  686,796/1,000,000  13.3/s  upd=17336  L=0.0210  D=0.254
[regir_untied4] 4:43:47  687,030/1,000,000  13.3/s  upd=17340  L=0.0169  D=0.254
[regir_untied4] 4:43:57  687,030/1,000,000  13.3/s  upd=17344  L=0.0121  D=0.254
[regir_untied4] 4:44:08  687,340/1,000,000  13.3/s  upd=17349  L=0.0240  D=0.254
[regir_untied4] 4:44:18  687,340/1,000,000  13.3/s  upd=17352  L=0.0144  D=0.254
[regir_untied4] 4:44:29  687,591/1,000,000  13.3/s  upd=17359  L=0.0223  D=0.254
[regir_untied4] 4:44:41  687,846/1,000,000  13.3/s  upd=17364  L=0.0172  D=0.254
[regir_untied4] saved resume t_env=687,846
[regir_untied4] 4:44:51  687,846/1,000,000  13.3/s  upd=17368  L=0.0131  D=0.254
[regir_untied4] 4:45:02  688,127/1,000,000  13.3/s  upd=17373  L=0.0124  D=0.254
[regir_untied4] 4:45:12  688,127/1,000,000  13.3/s  upd=17376  L=0.0133  D=0.254
[regir_untied4] 4:45:23  688,401/1,000,000  13.3/s  upd=17379  L=0.0145  D=0.254
[regir_untied4] 4:45:33  688,401/1,000,000  13.3/s  upd=17384  L=0.0169  D=0.254
[regir_untied4] 4:45:44  688,643/1,000,000  13.3/s  upd=17388  L=0.0158  D=0.254
[regir_untied4] 4:45:54  688,643/1,000,000  13.3/s  upd=17392  L=0.0148  D=0.254
[regir_untied4] 4:46:05  688,891/1,000,000  13.3/s  upd=17397  L=0.0211  D=0.254
[regir_untied4] 4:46:15  688,891/1,000,000  13.3/s  upd=17400  L=0.0123  D=0.254
[regir_untied4] 4:46:27  689,145/1,000,000  13.3/s  upd=17403  L=0.0132  D=0.254
[regir_untied4] 4:46:37  689,145/1,000,000  13.3/s  upd=17408  L=0.0108  D=0.254
[regir_untied4] 4:46:48  689,425/1,000,000  13.3/s  upd=17413  L=0.0152  D=0.254
[regir_untied4] 4:46:58  689,425/1,000,000  13.3/s  upd=17416  L=0.0096  D=0.254
[regir_untied4] 4:47:09  689,648/1,000,000  13.3/s  upd=17422  L=0.0162  D=0.254
[regir_untied4] 4:47:19  689,648/1,000,000  13.3/s  upd=17424  L=0.0195  D=0.254
[regir_untied4] 4:47:30  689,967/1,000,000  13.3/s  upd=17428  L=0.0167  D=0.254
[regir_untied4] 4:47:40  689,967/1,000,000  13.3/s  upd=17432  L=0.0120  D=0.254
[regir_untied4] 4:47:51  690,194/1,000,000  13.3/s  upd=17437  L=0.0174  D=0.254
[regir_untied4] 4:48:01  690,434/1,000,000  13.3/s  upd=17441  L=0.0177  D=0.254
[regir_untied4] 4:48:12  690,434/1,000,000  13.3/s  upd=17448  L=0.0166  D=0.254
[regir_untied4] 4:48:23  690,657/1,000,000  13.3/s  upd=17452  L=0.0133  D=0.254
[regir_untied4] 4:48:33  690,657/1,000,000  13.3/s  upd=17456  L=0.0250  D=0.254
[regir_untied4] 4:48:44  690,998/1,000,000  13.3/s  upd=17457  L=0.0200  D=0.254
[regir_untied4] 4:48:54  690,998/1,000,000  13.3/s  upd=17464  L=0.0175  D=0.254
[regir_untied4] 4:49:05  691,280/1,000,000  13.3/s  upd=17466  L=0.0149  D=0.254
[regir_untied4] 4:49:16  691,280/1,000,000  13.3/s  upd=17472  L=0.0149  D=0.254
[regir_untied4] 4:49:26  691,556/1,000,000  13.3/s  upd=17476  L=0.0124  D=0.254
[regir_untied4] 4:49:36  691,556/1,000,000  13.3/s  upd=17480  L=0.0181  D=0.254
[regir_untied4] 4:49:46  691,815/1,000,000  13.3/s  upd=17485  L=0.0147  D=0.254
[regir_untied4] 4:49:56  691,815/1,000,000  13.3/s  upd=17488  L=0.0161  D=0.254
[regir_untied4] 4:50:07  692,061/1,000,000  13.3/s  upd=17494  L=0.0181  D=0.254
[regir_untied4] 4:50:17  692,315/1,000,000  13.3/s  upd=17497  L=0.0162  D=0.254
[regir_untied4] 4:50:27  692,315/1,000,000  13.3/s  upd=17504  L=0.0159  D=0.254
[regir_untied4] 4:50:37  692,591/1,000,000  13.3/s  upd=17505  L=0.0168  D=0.254
[regir_untied4] 4:50:47  692,591/1,000,000  13.3/s  upd=17512  L=0.0100  D=0.254
[regir_untied4] 4:50:58  692,861/1,000,000  13.3/s  upd=17517  L=0.0129  D=0.254
[regir_untied4] 4:51:08  692,861/1,000,000  13.3/s  upd=17520  L=0.0192  D=0.254
[regir_untied4] 4:51:19  693,134/1,000,000  13.3/s  upd=17524  L=0.0111  D=0.254
[regir_untied4] 4:51:29  693,134/1,000,000  13.3/s  upd=17528  L=0.0167  D=0.254
[regir_untied4] 4:51:40  693,451/1,000,000  13.3/s  upd=17533  L=0.0155  D=0.254
[regir_untied4] 4:51:50  693,451/1,000,000  13.3/s  upd=17536  L=0.0183  D=0.254
[regir_untied4] 4:52:01  693,737/1,000,000  13.3/s  upd=17544  L=0.0289  D=0.254
[regir_untied4] 4:52:11  694,013/1,000,000  13.3/s  upd=17547  L=0.0212  D=0.254
[regir_untied4] 4:52:21  694,013/1,000,000  13.3/s  upd=17552  L=0.0095  D=0.254
[regir_untied4] 4:52:32  694,299/1,000,000  13.3/s  upd=17556  L=0.0136  D=0.254
[regir_untied4] 4:52:43  694,299/1,000,000  13.3/s  upd=17560  L=0.0169  D=0.254
[regir_untied4] 4:52:54  694,577/1,000,000  13.3/s  upd=17567  L=0.0115  D=0.254
[regir_untied4] 4:53:05  694,827/1,000,000  13.3/s  upd=17571  L=0.0130  D=0.254
[regir_untied4] 4:53:15  694,827/1,000,000  13.3/s  upd=17576  L=0.0133  D=0.254
[regir_untied4] 4:53:25  695,099/1,000,000  13.3/s  upd=17579  L=0.0193  D=0.254
[regir_untied4] 4:53:35  695,099/1,000,000  13.3/s  upd=17584  L=0.0187  D=0.254
[regir_untied4] 4:53:45  695,399/1,000,000  13.3/s  upd=17586  L=0.0126  D=0.254
[regir_untied4] 4:53:55  695,399/1,000,000  13.3/s  upd=17592  L=0.0155  D=0.254
[regir_untied4] 4:54:06  695,647/1,000,000  13.3/s  upd=17595  L=0.0158  D=0.254
[regir_untied4] 4:54:17  695,647/1,000,000  13.3/s  upd=17600  L=0.0213  D=0.254
[regir_untied4] 4:54:27  695,898/1,000,000  13.3/s  upd=17605  L=0.0188  D=0.254
[regir_untied4] 4:54:38  696,144/1,000,000  13.3/s  upd=17609  L=0.0102  D=0.254
[regir_untied4] 4:54:49  696,144/1,000,000  13.3/s  upd=17614  L=0.0112  D=0.254
[regir_untied4] saved resume t_env=696,144
[regir_untied4] 4:54:59  696,383/1,000,000  13.3/s  upd=17617  L=0.0195  D=0.254
[regir_untied4] 4:55:10  696,383/1,000,000  13.3/s  upd=17623  L=0.0154  D=0.254
[regir_untied4] 4:55:20  696,623/1,000,000  13.3/s  upd=17625  L=0.0150  D=0.254
[regir_untied4] 4:55:30  696,623/1,000,000  13.3/s  upd=17632  L=0.0146  D=0.254
[regir_untied4] 4:55:41  696,886/1,000,000  13.3/s  upd=17639  L=0.0157  D=0.254
[regir_untied4] 4:55:51  697,118/1,000,000  13.3/s  upd=17642  L=0.0135  D=0.254
[regir_untied4] 4:56:01  697,352/1,000,000  13.4/s  upd=17649  L=0.0201  D=0.254
[regir_untied4] 4:56:12  697,352/1,000,000  13.3/s  upd=17656  L=0.0159  D=0.254
[regir_untied4] 4:56:23  697,590/1,000,000  13.3/s  upd=17660  L=0.0127  D=0.254
[regir_untied4] 4:56:33  697,590/1,000,000  13.3/s  upd=17664  L=0.0119  D=0.254
[regir_untied4] 4:56:43  697,846/1,000,000  13.3/s  upd=17671  L=0.0209  D=0.254
[regir_untied4] 4:56:55  698,073/1,000,000  13.4/s  upd=17674  L=0.0145  D=0.254
[regir_untied4] 4:57:05  698,073/1,000,000  13.3/s  upd=17680  L=0.0127  D=0.254
[regir_untied4] 4:57:15  698,342/1,000,000  13.4/s  upd=17688  L=0.0304  D=0.254
[regir_untied4] 4:57:25  698,584/1,000,000  13.4/s  upd=17693  L=0.0110  D=0.254
[regir_untied4] 4:57:36  698,584/1,000,000  13.3/s  upd=17696  L=0.0130  D=0.254
[regir_untied4] 4:57:46  698,814/1,000,000  13.4/s  upd=17702  L=0.0224  D=0.254
[regir_untied4] 4:57:57  699,077/1,000,000  13.4/s  upd=17707  L=0.0174  D=0.254
[regir_untied4] 4:58:07  699,077/1,000,000  13.4/s  upd=17712  L=0.0144  D=0.254
[regir_untied4] 4:58:17  699,332/1,000,000  13.4/s  upd=17715  L=0.0161  D=0.254
[regir_untied4] 4:58:27  699,332/1,000,000  13.4/s  upd=17720  L=0.0176  D=0.254
[regir_untied4] 4:58:39  699,609/1,000,000  13.4/s  upd=17727  L=0.0127  D=0.254
[regir_untied4] 4:58:49  699,609/1,000,000  13.4/s  upd=17728  L=0.0107  D=0.254
[regir_untied4] 4:58:59  699,866/1,000,000  13.4/s  upd=17736  L=0.0107  D=0.254
[regir_untied4] 4:59:10  700,127/1,000,000  13.4/s  upd=17740  L=0.0198  D=0.254
[regir_untied4] saved resume t_env=700,127
[regir_untied4] 4:59:22  700,127/1,000,000  13.4/s  upd=17744  L=0.0167  ev=0/100  D=0.254
[regir_untied4] 4:59:32  700,127/1,000,000  13.3/s  upd=17744  L=0.0167  ev=8/100  D=0.254
[regir_untied4] 4:59:42  700,127/1,000,000  13.3/s  upd=17744  L=0.0167  ev=20/100  D=0.254
[regir_untied4] 4:59:52  700,127/1,000,000  13.3/s  upd=17744  L=0.0167  ev=24/100  D=0.254
[regir_untied4] 5:00:03  700,127/1,000,000  13.3/s  upd=17744  L=0.0167  ev=40/100  D=0.254
[regir_untied4] 5:00:13  700,127/1,000,000  13.3/s  upd=17744  L=0.0167  ev=56/100  D=0.254
[regir_untied4] 5:00:23  700,127/1,000,000  13.3/s  upd=17744  L=0.0167  ev=64/100  D=0.254
[regir_untied4] 5:00:33  700,127/1,000,000  13.3/s  upd=17744  L=0.0167  ev=80/100  D=0.254
[regir_untied4] 5:00:43  700,127/1,000,000  13.3/s  upd=17744  L=0.0167  ev=88/100  D=0.254
[regir_untied4] 5:00:53  700,127/1,000,000  13.3/s  upd=17744  L=0.0167  ev=99/100  D=0.254
[regir_untied4] 5:01:03  700,387/1,000,000  13.3/s  upd=17746  L=0.0095  D=0.275
[regir_untied4] 5:01:14  700,387/1,000,000  13.3/s  upd=17751  L=0.0116  D=0.275
[regir_untied4] 5:01:25  700,678/1,000,000  13.3/s  upd=17754  L=0.0144  D=0.275
[regir_untied4] 5:01:35  700,678/1,000,000  13.3/s  upd=17760  L=0.0324  D=0.275
[regir_untied4] 5:01:46  700,977/1,000,000  13.3/s  upd=17762  L=0.0464  D=0.275
[regir_untied4] 5:01:56  700,977/1,000,000  13.3/s  upd=17768  L=0.0165  D=0.275
[regir_untied4] 5:02:07  701,268/1,000,000  13.3/s  upd=17771  L=0.0129  D=0.275
[regir_untied4] 5:02:17  701,268/1,000,000  13.3/s  upd=17776  L=0.0148  D=0.275
[regir_untied4] 5:02:28  701,521/1,000,000  13.3/s  upd=17782  L=0.0145  D=0.275
[regir_untied4] 5:02:40  701,793/1,000,000  13.3/s  upd=17786  L=0.0140  D=0.275
[regir_untied4] 5:02:50  701,793/1,000,000  13.3/s  upd=17792  L=0.0164  D=0.275
[regir_untied4] 5:03:01  702,068/1,000,000  13.3/s  upd=17796  L=0.0195  D=0.275
[regir_untied4] 5:03:11  702,068/1,000,000  13.3/s  upd=17800  L=0.0145  D=0.275
[regir_untied4] 5:03:22  702,357/1,000,000  13.3/s  upd=17804  L=0.0316  D=0.275
[regir_untied4] 5:03:32  702,357/1,000,000  13.3/s  upd=17808  L=0.0118  D=0.275
[regir_untied4] 5:03:43  702,653/1,000,000  13.3/s  upd=17814  L=0.0197  D=0.275
[regir_untied4] 5:03:53  702,653/1,000,000  13.3/s  upd=17816  L=0.0164  D=0.275
[regir_untied4] 5:04:04  702,993/1,000,000  13.3/s  upd=17821  L=0.0189  D=0.275
[regir_untied4] 5:04:16  703,256/1,000,000  13.3/s  upd=17825  L=0.0175  D=0.275
[regir_untied4] 5:04:26  703,256/1,000,000  13.3/s  upd=17830  L=0.0177  D=0.275
[regir_untied4] 5:04:38  703,489/1,000,000  13.3/s  upd=17836  L=0.0178  D=0.275
[regir_untied4] 5:04:48  703,489/1,000,000  13.3/s  upd=17840  L=0.0149  D=0.275
[regir_untied4] 5:04:58  703,768/1,000,000  13.3/s  upd=17844  L=0.0190  D=0.275
[regir_untied4] 5:05:09  704,050/1,000,000  13.3/s  upd=17849  L=0.0149  D=0.275
[regir_untied4] 5:05:20  704,050/1,000,000  13.3/s  upd=17856  L=0.0290  D=0.275
[regir_untied4] 5:05:31  704,372/1,000,000  13.3/s  upd=17863  L=0.0133  D=0.275
[regir_untied4] 5:05:42  704,669/1,000,000  13.3/s  upd=17868  L=0.0142  D=0.275
[regir_untied4] 5:05:52  704,669/1,000,000  13.3/s  upd=17872  L=0.0162  D=0.275
[regir_untied4] 5:06:04  704,977/1,000,000  13.3/s  upd=17880  L=0.0186  D=0.275
[regir_untied4] 5:06:14  705,238/1,000,000  13.3/s  upd=17884  L=0.0161  D=0.275
[regir_untied4] 5:06:25  705,481/1,000,000  13.3/s  upd=17889  L=0.0204  D=0.275
[regir_untied4] 5:06:35  705,481/1,000,000  13.3/s  upd=17896  L=0.0196  D=0.275
[regir_untied4] 5:06:46  705,742/1,000,000  13.3/s  upd=17903  L=0.0150  D=0.275
[regir_untied4] 5:06:56  706,044/1,000,000  13.3/s  upd=17908  L=0.0141  D=0.275
[regir_untied4] 5:07:07  706,316/1,000,000  13.4/s  upd=17914  L=0.0150  D=0.275
[regir_untied4] 5:07:17  706,316/1,000,000  13.3/s  upd=17920  L=0.0135  D=0.275
[regir_untied4] 5:07:28  706,610/1,000,000  13.4/s  upd=17921  L=0.0205  D=0.275
[regir_untied4] 5:07:38  706,610/1,000,000  13.3/s  upd=17928  L=0.0282  D=0.275
[regir_untied4] 5:07:50  706,911/1,000,000  13.4/s  upd=17930  L=0.0194  D=0.275
[regir_untied4] 5:08:00  706,911/1,000,000  13.3/s  upd=17936  L=0.0120  D=0.275
[regir_untied4] 5:08:11  707,209/1,000,000  13.4/s  upd=17939  L=0.0167  D=0.275
[regir_untied4] 5:08:21  707,209/1,000,000  13.3/s  upd=17944  L=0.0145  D=0.275
[regir_untied4] 5:08:31  707,477/1,000,000  13.4/s  upd=17948  L=0.0131  D=0.275
[regir_untied4] 5:08:41  707,477/1,000,000  13.3/s  upd=17952  L=0.0166  D=0.275
[regir_untied4] 5:08:52  707,755/1,000,000  13.4/s  upd=17958  L=0.0175  D=0.275
[regir_untied4] 5:09:03  708,037/1,000,000  13.4/s  upd=17963  L=0.0111  D=0.275
[regir_untied4] 5:09:13  708,037/1,000,000  13.4/s  upd=17968  L=0.0139  D=0.275
[regir_untied4] 5:09:23  708,308/1,000,000  13.4/s  upd=17970  L=0.0137  D=0.275
[regir_untied4] saved resume t_env=708,308
[regir_untied4] 5:09:33  708,308/1,000,000  13.4/s  upd=17976  L=0.0211  D=0.275
[regir_untied4] 5:09:45  708,570/1,000,000  13.4/s  upd=17979  L=0.0206  D=0.275
[regir_untied4] 5:09:55  708,570/1,000,000  13.4/s  upd=17984  L=0.0138  D=0.275
[regir_untied4] 5:10:06  708,814/1,000,000  13.4/s  upd=17989  L=0.0166  D=0.275
[regir_untied4] 5:10:17  708,814/1,000,000  13.4/s  upd=17992  L=0.0255  D=0.275
[regir_untied4] 5:10:27  709,092/1,000,000  13.4/s  upd=17998  L=0.0194  D=0.275
[regir_untied4] 5:10:37  709,092/1,000,000  13.4/s  upd=18000  L=0.0125  D=0.275
[regir_untied4] 5:10:47  709,364/1,000,000  13.4/s  upd=18005  L=0.0156  D=0.275
[regir_untied4] 5:10:57  709,364/1,000,000  13.4/s  upd=18008  L=0.0106  D=0.275
[regir_untied4] 5:11:08  709,688/1,000,000  13.4/s  upd=18013  L=0.0138  D=0.275
[regir_untied4] 5:11:18  709,688/1,000,000  13.4/s  upd=18016  L=0.0154  D=0.275
[regir_untied4] 5:11:29  709,956/1,000,000  13.4/s  upd=18023  L=0.0143  D=0.275
[regir_untied4] 5:11:41  710,191/1,000,000  13.4/s  upd=18025  L=0.0138  D=0.275
[regir_untied4] 5:11:51  710,191/1,000,000  13.4/s  upd=18031  L=0.0139  D=0.275
[regir_untied4] 5:12:01  710,482/1,000,000  13.4/s  upd=18036  L=0.0146  D=0.275
[regir_untied4] 5:12:11  710,482/1,000,000  13.4/s  upd=18040  L=0.0144  D=0.275
[regir_untied4] 5:12:22  710,745/1,000,000  13.4/s  upd=18045  L=0.0124  D=0.275
[regir_untied4] 5:12:33  710,745/1,000,000  13.4/s  upd=18048  L=0.0179  D=0.275
[regir_untied4] 5:12:44  711,010/1,000,000  13.4/s  upd=18056  L=0.0250  D=0.275
[regir_untied4] 5:12:55  711,276/1,000,000  13.4/s  upd=18057  L=0.0151  D=0.275
[regir_untied4] 5:13:05  711,276/1,000,000  13.4/s  upd=18064  L=0.0134  D=0.275
[regir_untied4] 5:13:16  711,571/1,000,000  13.4/s  upd=18065  L=0.0116  D=0.275
[regir_untied4] 5:13:26  711,571/1,000,000  13.4/s  upd=18071  L=0.0142  D=0.275
[regir_untied4] 5:13:37  711,571/1,000,000  13.4/s  upd=18072  L=0.0127  D=0.275
[regir_untied4] 5:13:48  711,874/1,000,000  13.4/s  upd=18079  L=0.0158  D=0.275
[regir_untied4] 5:13:58  711,874/1,000,000  13.4/s  upd=18080  L=0.0229  D=0.275
[regir_untied4] 5:14:09  712,167/1,000,000  13.4/s  upd=18085  L=0.0103  D=0.275
[regir_untied4] 5:14:19  712,396/1,000,000  13.4/s  upd=18090  L=0.0140  D=0.275
[regir_untied4] 5:14:29  712,396/1,000,000  13.4/s  upd=18096  L=0.0235  D=0.275
[regir_untied4] 5:14:42  712,663/1,000,000  13.4/s  upd=18099  L=0.0228  D=0.275
[regir_untied4] 5:14:52  712,663/1,000,000  13.4/s  upd=18104  L=0.0157  D=0.275
[regir_untied4] 5:15:03  712,972/1,000,000  13.4/s  upd=18110  L=0.0162  D=0.275
[regir_untied4] 5:15:14  713,245/1,000,000  13.4/s  upd=18113  L=0.0143  D=0.275
[regir_untied4] 5:15:25  713,245/1,000,000  13.4/s  upd=18119  L=0.0159  D=0.275
[regir_untied4] 5:15:35  713,536/1,000,000  13.4/s  upd=18123  L=0.0187  D=0.275
[regir_untied4] 5:15:45  713,536/1,000,000  13.4/s  upd=18128  L=0.0237  D=0.275
[regir_untied4] 5:15:56  713,825/1,000,000  13.4/s  upd=18132  L=0.0143  D=0.275
[regir_untied4] 5:16:06  713,825/1,000,000  13.4/s  upd=18136  L=0.0194  D=0.275
[regir_untied4] 5:16:16  714,059/1,000,000  13.4/s  upd=18142  L=0.0100  D=0.275
[regir_untied4] 5:16:27  714,356/1,000,000  13.4/s  upd=18146  L=0.0159  D=0.275
[regir_untied4] 5:16:38  714,356/1,000,000  13.4/s  upd=18152  L=0.0147  D=0.275
[regir_untied4] 5:16:48  714,648/1,000,000  13.4/s  upd=18157  L=0.0188  D=0.275
[regir_untied4] 5:16:58  714,648/1,000,000  13.4/s  upd=18160  L=0.0125  D=0.275
[regir_untied4] 5:17:11  714,958/1,000,000  13.4/s  upd=18165  L=0.0217  D=0.275
[regir_untied4] 5:17:21  714,958/1,000,000  13.4/s  upd=18168  L=0.0106  D=0.275
[regir_untied4] 5:17:31  715,223/1,000,000  13.4/s  upd=18173  L=0.0290  D=0.275
[regir_untied4] 5:17:41  715,223/1,000,000  13.4/s  upd=18176  L=0.0168  D=0.275
[regir_untied4] 5:17:53  715,503/1,000,000  13.4/s  upd=18184  L=0.0143  D=0.275
[regir_untied4] 5:18:03  715,778/1,000,000  13.4/s  upd=18185  L=0.0184  D=0.275
[regir_untied4] 5:18:13  715,778/1,000,000  13.4/s  upd=18192  L=0.0158  D=0.275
[regir_untied4] 5:18:25  716,040/1,000,000  13.4/s  upd=18195  L=0.0141  D=0.275
[regir_untied4] 5:18:35  716,040/1,000,000  13.4/s  upd=18200  L=0.0131  D=0.275
[regir_untied4] 5:18:46  716,278/1,000,000  13.4/s  upd=18202  L=0.0143  D=0.275
[regir_untied4] 5:18:56  716,278/1,000,000  13.4/s  upd=18208  L=0.0151  D=0.275
[regir_untied4] 5:19:06  716,593/1,000,000  13.4/s  upd=18209  L=0.0182  D=0.275
[regir_untied4] 5:19:16  716,593/1,000,000  13.4/s  upd=18216  L=0.0122  D=0.275
[regir_untied4] 5:19:27  716,900/1,000,000  13.4/s  upd=18218  L=0.0188  D=0.275
[regir_untied4] 5:19:38  716,900/1,000,000  13.4/s  upd=18224  L=0.0138  D=0.275
[regir_untied4] saved resume t_env=716,900
[regir_untied4] 5:19:49  717,168/1,000,000  13.4/s  upd=18227  L=0.0147  D=0.275
[regir_untied4] 5:19:59  717,168/1,000,000  13.4/s  upd=18232  L=0.0181  D=0.275
[regir_untied4] 5:20:10  717,404/1,000,000  13.4/s  upd=18238  L=0.0211  D=0.275
[regir_untied4] 5:20:22  717,642/1,000,000  13.4/s  upd=18243  L=0.0232  D=0.275
[regir_untied4] 5:20:32  717,642/1,000,000  13.4/s  upd=18248  L=0.0114  D=0.275
[regir_untied4] 5:20:42  717,893/1,000,000  13.4/s  upd=18253  L=0.0165  D=0.275
[regir_untied4] 5:20:52  717,893/1,000,000  13.4/s  upd=18256  L=0.0116  D=0.275
[regir_untied4] 5:21:03  718,161/1,000,000  13.4/s  upd=18260  L=0.0121  D=0.275
[regir_untied4] 5:21:13  718,403/1,000,000  13.4/s  upd=18266  L=0.0129  D=0.275
[regir_untied4] 5:21:24  718,403/1,000,000  13.4/s  upd=18272  L=0.0192  D=0.275
[regir_untied4] 5:21:34  718,620/1,000,000  13.4/s  upd=18273  L=0.0156  D=0.275
[regir_untied4] 5:21:44  718,620/1,000,000  13.4/s  upd=18280  L=0.0147  D=0.275
[regir_untied4] 5:21:54  718,872/1,000,000  13.4/s  upd=18280  L=0.0147  D=0.275
[regir_untied4] 5:22:04  718,872/1,000,000  13.4/s  upd=18288  L=0.0165  D=0.275
[regir_untied4] 5:22:15  719,143/1,000,000  13.4/s  upd=18289  L=0.0144  D=0.275
[regir_untied4] 5:22:25  719,143/1,000,000  13.4/s  upd=18296  L=0.0159  D=0.275
[regir_untied4] 5:22:36  719,495/1,000,000  13.4/s  upd=18299  L=0.0185  D=0.275
[regir_untied4] 5:22:46  719,495/1,000,000  13.4/s  upd=18304  L=0.0108  D=0.275
[regir_untied4] 5:22:56  719,760/1,000,000  13.4/s  upd=18311  L=0.0142  D=0.275
[regir_untied4] 5:23:06  719,979/1,000,000  13.4/s  upd=18316  L=0.0135  D=0.275
[regir_untied4] 5:23:16  720,253/1,000,000  13.4/s  upd=18321  L=0.0153  D=0.275
[regir_untied4] saved resume t_env=720,253
[regir_untied4] 5:23:32  720,253/1,000,000  13.4/s  upd=18328  L=0.0204  ev=0/100  D=0.275
[regir_untied4] 5:23:42  720,253/1,000,000  13.4/s  upd=18328  L=0.0204  ev=17/100  D=0.275
[regir_untied4] 5:23:52  720,253/1,000,000  13.4/s  upd=18328  L=0.0204  ev=32/100  D=0.275
[regir_untied4] 5:24:02  720,253/1,000,000  13.4/s  upd=18328  L=0.0204  ev=44/100  D=0.275
[regir_untied4] 5:24:12  720,253/1,000,000  13.4/s  upd=18328  L=0.0204  ev=54/100  D=0.275
[regir_untied4] 5:24:22  720,253/1,000,000  13.4/s  upd=18328  L=0.0204  ev=57/100  D=0.275
[regir_untied4] 5:24:32  720,253/1,000,000  13.4/s  upd=18328  L=0.0204  ev=71/100  D=0.275
[regir_untied4] 5:24:42  720,253/1,000,000  13.3/s  upd=18328  L=0.0204  ev=79/100  D=0.275
[regir_untied4] 5:24:52  720,253/1,000,000  13.3/s  upd=18328  L=0.0204  ev=86/100  D=0.275
[regir_untied4] 5:25:02  720,253/1,000,000  13.3/s  upd=18328  L=0.0204  ev=96/100  D=0.275
[regir_untied4] 5:25:12  720,253/1,000,000  13.3/s  upd=18328  L=0.0204  D=0.872
[regir_untied4] 5:25:23  720,543/1,000,000  13.3/s  upd=18334  L=0.0198  D=0.872
[regir_untied4] 5:25:33  720,543/1,000,000  13.3/s  upd=18336  L=0.0156  D=0.872
[regir_untied4] 5:25:43  720,824/1,000,000  13.3/s  upd=18343  L=0.0162  D=0.872
[regir_untied4] 5:25:54  721,110/1,000,000  13.3/s  upd=18348  L=0.0105  D=0.872
[regir_untied4] 5:26:05  721,110/1,000,000  13.3/s  upd=18352  L=0.0172  D=0.872
[regir_untied4] 5:26:16  721,411/1,000,000  13.3/s  upd=18357  L=0.0145  D=0.872
[regir_untied4] 5:26:27  721,692/1,000,000  13.3/s  upd=18362  L=0.0125  D=0.872
[regir_untied4] 5:26:39  721,692/1,000,000  13.3/s  upd=18368  L=0.0174  D=0.872
[regir_untied4] 5:26:49  721,991/1,000,000  13.3/s  upd=18372  L=0.0144  D=0.872
[regir_untied4] 5:26:59  722,201/1,000,000  13.4/s  upd=18377  L=0.0120  D=0.872
[regir_untied4] 5:27:10  722,201/1,000,000  13.3/s  upd=18384  L=0.0108  D=0.872
[regir_untied4] 5:27:21  722,457/1,000,000  13.4/s  upd=18387  L=0.0150  D=0.872
[regir_untied4] 5:27:32  722,457/1,000,000  13.3/s  upd=18392  L=0.0219  D=0.872
[regir_untied4] 5:27:42  722,740/1,000,000  13.4/s  upd=18395  L=0.0118  D=0.872
[regir_untied4] 5:27:52  722,740/1,000,000  13.3/s  upd=18400  L=0.0113  D=0.872
[regir_untied4] 5:28:03  722,992/1,000,000  13.3/s  upd=18404  L=0.0132  D=0.872
[regir_untied4] 5:28:14  723,232/1,000,000  13.4/s  upd=18411  L=0.0155  D=0.872
[regir_untied4] 5:28:24  723,232/1,000,000  13.3/s  upd=18416  L=0.0114  D=0.872
[regir_untied4] 5:28:35  723,491/1,000,000  13.4/s  upd=18420  L=0.0148  D=0.872
[regir_untied4] 5:28:45  723,491/1,000,000  13.3/s  upd=18424  L=0.0134  D=0.872
[regir_untied4] 5:28:56  723,772/1,000,000  13.4/s  upd=18430  L=0.0226  D=0.872
[regir_untied4] 5:29:07  724,028/1,000,000  13.4/s  upd=18433  L=0.0226  D=0.872
[regir_untied4] 5:29:17  724,028/1,000,000  13.4/s  upd=18440  L=0.0244  D=0.872
[regir_untied4] 5:29:29  724,304/1,000,000  13.4/s  upd=18442  L=0.0159  D=0.872
[regir_untied4] 5:29:39  724,304/1,000,000  13.4/s  upd=18448  L=0.0103  D=0.872
[regir_untied4] 5:29:50  724,573/1,000,000  13.4/s  upd=18452  L=0.0196  D=0.872
[regir_untied4] 5:30:01  724,846/1,000,000  13.4/s  upd=18458  L=0.0199  D=0.872
[regir_untied4] 5:30:12  724,846/1,000,000  13.4/s  upd=18463  L=0.0145  D=0.872
[regir_untied4] 5:30:22  725,069/1,000,000  13.4/s  upd=18465  L=0.0147  D=0.872
[regir_untied4] 5:30:32  725,069/1,000,000  13.4/s  upd=18472  L=0.0153  D=0.872
[regir_untied4] 5:30:43  725,321/1,000,000  13.4/s  upd=18475  L=0.0109  D=0.872
[regir_untied4] 5:30:53  725,321/1,000,000  13.4/s  upd=18480  L=0.0162  D=0.872
[regir_untied4] 5:31:04  725,570/1,000,000  13.4/s  upd=18486  L=0.0153  D=0.872
[regir_untied4] 5:31:14  725,570/1,000,000  13.4/s  upd=18488  L=0.0189  D=0.872
[regir_untied4] 5:31:25  725,814/1,000,000  13.4/s  upd=18495  L=0.0225  D=0.872
[regir_untied4] 5:31:35  726,061/1,000,000  13.4/s  upd=18497  L=0.0151  D=0.872
[regir_untied4] 5:31:45  726,061/1,000,000  13.4/s  upd=18504  L=0.0112  D=0.872
[regir_untied4] 5:31:55  726,316/1,000,000  13.4/s  upd=18508  L=0.0121  D=0.872
[regir_untied4] 5:32:06  726,316/1,000,000  13.4/s  upd=18512  L=0.0150  D=0.872
[regir_untied4] 5:32:16  726,584/1,000,000  13.4/s  upd=18515  L=0.0097  D=0.872
[regir_untied4] 5:32:26  726,584/1,000,000  13.4/s  upd=18520  L=0.0131  D=0.872
[regir_untied4] 5:32:37  726,845/1,000,000  13.4/s  upd=18523  L=0.0117  D=0.872
[regir_untied4] 5:32:47  726,845/1,000,000  13.4/s  upd=18528  L=0.0093  D=0.872
[regir_untied4] 5:32:57  727,129/1,000,000  13.4/s  upd=18535  L=0.0304  D=0.872
[regir_untied4] 5:33:08  727,403/1,000,000  13.4/s  upd=18540  L=0.0180  D=0.872
[regir_untied4] 5:33:18  727,657/1,000,000  13.4/s  upd=18547  L=0.0133  D=0.872
[regir_untied4] 5:33:28  727,657/1,000,000  13.4/s  upd=18552  L=0.0150  D=0.872
[regir_untied4] 5:33:39  727,890/1,000,000  13.4/s  upd=18560  L=0.0109  D=0.872
[regir_untied4] saved resume t_env=727,890
[regir_untied4] 5:33:50  728,179/1,000,000  13.4/s  upd=18565  L=0.0172  D=0.872
[regir_untied4] 5:34:00  728,451/1,000,000  13.4/s  upd=18572  L=0.0204  D=0.872
[regir_untied4] 5:34:11  728,751/1,000,000  13.4/s  upd=18577  L=0.0139  D=0.872
[regir_untied4] 5:34:21  728,751/1,000,000  13.4/s  upd=18584  L=0.0376  D=0.872
[regir_untied4] 5:34:32  729,056/1,000,000  13.4/s  upd=18590  L=0.0143  D=0.872
[regir_untied4] 5:34:44  729,319/1,000,000  13.4/s  upd=18596  L=0.0153  D=0.872
[regir_untied4] 5:34:54  729,542/1,000,000  13.4/s  upd=18602  L=0.0201  D=0.872
[regir_untied4] 5:35:04  729,542/1,000,000  13.4/s  upd=18608  L=0.0142  D=0.872
[regir_untied4] 5:35:15  729,856/1,000,000  13.4/s  upd=18614  L=0.0161  D=0.872
[regir_untied4] 5:35:25  730,125/1,000,000  13.4/s  upd=18617  L=0.0120  D=0.872
[regir_untied4] 5:35:37  730,125/1,000,000  13.4/s  upd=18624  L=0.0221  D=0.872
[regir_untied4] 5:35:48  730,467/1,000,000  13.4/s  upd=18627  L=0.0150  D=0.872
[regir_untied4] 5:35:59  730,467/1,000,000  13.4/s  upd=18632  L=0.0128  D=0.872
[regir_untied4] 5:36:10  730,834/1,000,000  13.4/s  upd=18638  L=0.0140  D=0.872
[regir_untied4] 5:36:20  730,834/1,000,000  13.4/s  upd=18640  L=0.0189  D=0.872
[regir_untied4] 5:36:31  731,103/1,000,000  13.4/s  upd=18646  L=0.0177  D=0.872
[regir_untied4] 5:36:41  731,103/1,000,000  13.4/s  upd=18648  L=0.0165  D=0.872
[regir_untied4] 5:36:51  731,390/1,000,000  13.4/s  upd=18656  L=0.0084  D=0.872
[regir_untied4] 5:37:01  731,642/1,000,000  13.4/s  upd=18658  L=0.0117  D=0.872
[regir_untied4] 5:37:12  731,642/1,000,000  13.4/s  upd=18664  L=0.0178  D=0.872
[regir_untied4] 5:37:23  731,926/1,000,000  13.4/s  upd=18669  L=0.0160  D=0.872
[regir_untied4] 5:37:33  732,210/1,000,000  13.4/s  upd=18672  L=0.0218  D=0.872
[regir_untied4] 5:37:44  732,210/1,000,000  13.4/s  upd=18680  L=0.0109  D=0.872
[regir_untied4] 5:37:55  732,499/1,000,000  13.4/s  upd=18683  L=0.0133  D=0.872
[regir_untied4] 5:38:05  732,499/1,000,000  13.4/s  upd=18688  L=0.0132  D=0.872
[regir_untied4] 5:38:17  732,712/1,000,000  13.4/s  upd=18696  L=0.0120  D=0.872
[regir_untied4] 5:38:29  732,984/1,000,000  13.4/s  upd=18697  L=0.0119  D=0.872
[regir_untied4] 5:38:39  732,984/1,000,000  13.4/s  upd=18704  L=0.0207  D=0.872
[regir_untied4] 5:38:50  733,280/1,000,000  13.4/s  upd=18707  L=0.0210  D=0.872
[regir_untied4] 5:39:00  733,280/1,000,000  13.4/s  upd=18712  L=0.0177  D=0.872
[regir_untied4] 5:39:11  733,533/1,000,000  13.4/s  upd=18720  L=0.0139  D=0.872
[regir_untied4] 5:39:22  733,779/1,000,000  13.4/s  upd=18721  L=0.0155  D=0.872
[regir_untied4] 5:39:32  733,779/1,000,000  13.4/s  upd=18728  L=0.0161  D=0.872
[regir_untied4] 5:39:43  734,075/1,000,000  13.4/s  upd=18730  L=0.0145  D=0.872
[regir_untied4] 5:39:53  734,075/1,000,000  13.4/s  upd=18736  L=0.0153  D=0.872
[regir_untied4] 5:40:03  734,331/1,000,000  13.4/s  upd=18740  L=0.0203  D=0.872
[regir_untied4] 5:40:13  734,331/1,000,000  13.4/s  upd=18744  L=0.0132  D=0.872
[regir_untied4] 5:40:24  734,649/1,000,000  13.4/s  upd=18748  L=0.0193  D=0.872
[regir_untied4] 5:40:34  734,649/1,000,000  13.4/s  upd=18752  L=0.0123  D=0.872
[regir_untied4] 5:40:45  734,980/1,000,000  13.4/s  upd=18756  L=0.0141  D=0.872
[regir_untied4] 5:40:55  734,980/1,000,000  13.4/s  upd=18760  L=0.0102  D=0.872
[regir_untied4] 5:41:05  735,232/1,000,000  13.4/s  upd=18765  L=0.0130  D=0.872
[regir_untied4] 5:41:15  735,232/1,000,000  13.4/s  upd=18768  L=0.0100  D=0.872
[regir_untied4] 5:41:25  735,504/1,000,000  13.4/s  upd=18775  L=0.0164  D=0.872
[regir_untied4] 5:41:36  735,504/1,000,000  13.4/s  upd=18776  L=0.0175  D=0.872
[regir_untied4] 5:41:46  735,766/1,000,000  13.4/s  upd=18784  L=0.0159  D=0.872
[regir_untied4] 5:41:56  735,766/1,000,000  13.4/s  upd=18784  L=0.0159  D=0.872
[regir_untied4] 5:42:07  736,056/1,000,000  13.4/s  upd=18790  L=0.0188  D=0.872
[regir_untied4] 5:42:17  736,314/1,000,000  13.4/s  upd=18795  L=0.0190  D=0.872
[regir_untied4] 5:42:27  736,314/1,000,000  13.4/s  upd=18800  L=0.0155  D=0.872
[regir_untied4] 5:42:37  736,587/1,000,000  13.4/s  upd=18803  L=0.0175  D=0.872
[regir_untied4] 5:42:48  736,587/1,000,000  13.4/s  upd=18808  L=0.0144  D=0.872
[regir_untied4] 5:42:59  736,816/1,000,000  13.4/s  upd=18814  L=0.0123  D=0.872
[regir_untied4] 5:43:09  736,816/1,000,000  13.4/s  upd=18816  L=0.0151  D=0.872
[regir_untied4] 5:43:20  737,118/1,000,000  13.4/s  upd=18824  L=0.0126  D=0.872
[regir_untied4] 5:43:30  737,388/1,000,000  13.4/s  upd=18826  L=0.0144  D=0.872
[regir_untied4] 5:43:41  737,388/1,000,000  13.4/s  upd=18832  L=0.0138  D=0.872
[regir_untied4] 5:43:53  737,638/1,000,000  13.4/s  upd=18837  L=0.0227  D=0.872
[regir_untied4] saved resume t_env=737,638
[regir_untied4] 5:44:03  737,638/1,000,000  13.4/s  upd=18840  L=0.0144  D=0.872
[regir_untied4] 5:44:13  737,850/1,000,000  13.4/s  upd=18847  L=0.0200  D=0.872
[regir_untied4] 5:44:24  738,122/1,000,000  13.4/s  upd=18849  L=0.0226  D=0.872
[regir_untied4] 5:44:35  738,122/1,000,000  13.4/s  upd=18855  L=0.0334  D=0.872
[regir_untied4] 5:44:46  738,379/1,000,000  13.4/s  upd=18860  L=0.0233  D=0.872
[regir_untied4] 5:44:56  738,379/1,000,000  13.4/s  upd=18864  L=0.0177  D=0.872
[regir_untied4] 5:45:07  738,626/1,000,000  13.4/s  upd=18869  L=0.0113  D=0.872
[regir_untied4] 5:45:17  738,626/1,000,000  13.4/s  upd=18872  L=0.0136  D=0.872
[regir_untied4] 5:45:27  738,889/1,000,000  13.4/s  upd=18875  L=0.0123  D=0.872
[regir_untied4] 5:45:37  738,889/1,000,000  13.4/s  upd=18880  L=0.0121  D=0.872
[regir_untied4] 5:45:49  739,134/1,000,000  13.4/s  upd=18884  L=0.0151  D=0.872
[regir_untied4] 5:45:59  739,387/1,000,000  13.4/s  upd=18889  L=0.0244  D=0.872
[regir_untied4] 5:46:09  739,387/1,000,000  13.4/s  upd=18896  L=0.0196  D=0.872
[regir_untied4] 5:46:20  739,633/1,000,000  13.4/s  upd=18900  L=0.0189  D=0.872
[regir_untied4] 5:46:31  739,892/1,000,000  13.5/s  upd=18905  L=0.0146  D=0.872
[regir_untied4] 5:46:42  739,892/1,000,000  13.4/s  upd=18910  L=0.0165  D=0.872
[regir_untied4] 5:46:52  740,146/1,000,000  13.4/s  upd=18914  L=0.0181  D=0.872
[regir_untied4] saved resume t_env=740,146
[regir_untied4] 5:47:08  740,146/1,000,000  13.4/s  upd=18920  L=0.0148  ev=0/100  D=0.872
[regir_untied4] 5:47:18  740,146/1,000,000  13.4/s  upd=18920  L=0.0148  ev=9/100  D=0.872
[regir_untied4] 5:47:28  740,146/1,000,000  13.4/s  upd=18920  L=0.0148  ev=24/100  D=0.872
[regir_untied4] 5:47:38  740,146/1,000,000  13.4/s  upd=18920  L=0.0148  ev=40/100  D=0.872
[regir_untied4] 5:47:48  740,146/1,000,000  13.4/s  upd=18920  L=0.0148  ev=51/100  D=0.872
[regir_untied4] 5:47:59  740,146/1,000,000  13.4/s  upd=18920  L=0.0148  ev=68/100  D=0.872
[regir_untied4] 5:48:09  740,146/1,000,000  13.4/s  upd=18920  L=0.0148  ev=73/100  D=0.872
[regir_untied4] 5:48:19  740,146/1,000,000  13.4/s  upd=18920  L=0.0148  ev=93/100  D=0.872
[regir_untied4] 5:48:30  740,398/1,000,000  13.4/s  upd=18922  L=0.0204  D=0.240
[regir_untied4] 5:48:40  740,398/1,000,000  13.4/s  upd=18928  L=0.0118  D=0.240
[regir_untied4] 5:48:50  740,637/1,000,000  13.4/s  upd=18936  L=0.0115  D=0.240
[regir_untied4] 5:49:01  740,906/1,000,000  13.4/s  upd=18941  L=0.0142  D=0.240
[regir_untied4] 5:49:12  741,186/1,000,000  13.4/s  upd=18946  L=0.0128  D=0.240
[regir_untied4] 5:49:22  741,186/1,000,000  13.4/s  upd=18952  L=0.0179  D=0.240
[regir_untied4] 5:49:33  741,459/1,000,000  13.4/s  upd=18959  L=0.0223  D=0.240
[regir_untied4] 5:49:43  741,720/1,000,000  13.4/s  upd=18961  L=0.0169  D=0.240
[regir_untied4] 5:49:54  741,720/1,000,000  13.4/s  upd=18968  L=0.0148  D=0.240
[regir_untied4] 5:50:05  741,945/1,000,000  13.4/s  upd=18974  L=0.0185  D=0.240
[regir_untied4] 5:50:15  741,945/1,000,000  13.4/s  upd=18976  L=0.0163  D=0.240
[regir_untied4] 5:50:26  742,240/1,000,000  13.4/s  upd=18983  L=0.0219  D=0.240
[regir_untied4] 5:50:37  742,515/1,000,000  13.4/s  upd=18987  L=0.0193  D=0.240
[regir_untied4] 5:50:48  742,515/1,000,000  13.4/s  upd=18992  L=0.0160  D=0.240
[regir_untied4] 5:51:02  742,738/1,000,000  13.4/s  upd=18997  L=0.0167  D=0.240
[regir_untied4] 5:51:12  742,738/1,000,000  13.4/s  upd=19000  L=0.0150  D=0.240
[regir_untied4] 5:51:23  743,000/1,000,000  13.4/s  upd=19006  L=0.0175  D=0.240
[regir_untied4] 5:51:34  743,248/1,000,000  13.4/s  upd=19010  L=0.0191  D=0.240
[regir_untied4] 5:51:44  743,248/1,000,000  13.4/s  upd=19016  L=0.0152  D=0.240
[regir_untied4] 5:51:55  743,528/1,000,000  13.4/s  upd=19020  L=0.0171  D=0.240
[regir_untied4] 5:52:05  743,528/1,000,000  13.4/s  upd=19024  L=0.0126  D=0.240
[regir_untied4] 5:52:15  743,835/1,000,000  13.4/s  upd=19030  L=0.0170  D=0.240
[regir_untied4] 5:52:26  744,113/1,000,000  13.4/s  upd=19033  L=0.0134  D=0.240
[regir_untied4] 5:52:37  744,113/1,000,000  13.4/s  upd=19039  L=0.0202  D=0.240
[regir_untied4] 5:52:47  744,361/1,000,000  13.4/s  upd=19043  L=0.0183  D=0.240
[regir_untied4] 5:52:57  744,361/1,000,000  13.4/s  upd=19048  L=0.0192  D=0.240
[regir_untied4] 5:53:08  744,622/1,000,000  13.4/s  upd=19053  L=0.0131  D=0.240
[regir_untied4] 5:53:18  744,622/1,000,000  13.4/s  upd=19056  L=0.0114  D=0.240
[regir_untied4] 5:53:29  744,883/1,000,000  13.4/s  upd=19060  L=0.0191  D=0.240
[regir_untied4] 5:53:40  745,170/1,000,000  13.4/s  upd=19066  L=0.0147  D=0.240
[regir_untied4] 5:53:50  745,170/1,000,000  13.4/s  upd=19072  L=0.0136  D=0.240
[regir_untied4] 5:54:00  745,451/1,000,000  13.4/s  upd=19075  L=0.0163  D=0.240
[regir_untied4] 5:54:10  745,451/1,000,000  13.4/s  upd=19080  L=0.0153  D=0.240
[regir_untied4] 5:54:20  745,707/1,000,000  13.4/s  upd=19084  L=0.0153  D=0.240
[regir_untied4] 5:54:30  745,707/1,000,000  13.4/s  upd=19088  L=0.0147  D=0.240
[regir_untied4] 5:54:41  746,053/1,000,000  13.4/s  upd=19096  L=0.0204  D=0.240
[regir_untied4] 5:54:52  746,332/1,000,000  13.4/s  upd=19099  L=0.0207  D=0.240
[regir_untied4] 5:55:03  746,332/1,000,000  13.4/s  upd=19104  L=0.0273  D=0.240
[regir_untied4] 5:55:15  746,629/1,000,000  13.4/s  upd=19107  L=0.0144  D=0.240
[regir_untied4] 5:55:25  746,629/1,000,000  13.4/s  upd=19112  L=0.0125  D=0.240
[regir_untied4] 5:55:36  746,888/1,000,000  13.4/s  upd=19119  L=0.0179  D=0.240
[regir_untied4] 5:55:48  747,139/1,000,000  13.4/s  upd=19122  L=0.0110  D=0.240
[regir_untied4] 5:55:58  747,139/1,000,000  13.4/s  upd=19128  L=0.0138  D=0.240
[regir_untied4] 5:56:10  747,461/1,000,000  13.4/s  upd=19134  L=0.0281  D=0.240
[regir_untied4] 5:56:20  747,764/1,000,000  13.4/s  upd=19137  L=0.0271  D=0.240
[regir_untied4] 5:56:31  747,764/1,000,000  13.4/s  upd=19144  L=0.0122  D=0.240
[regir_untied4] 5:56:42  748,010/1,000,000  13.4/s  upd=19148  L=0.0137  D=0.240
[regir_untied4] 5:56:52  748,010/1,000,000  13.4/s  upd=19152  L=0.0147  D=0.240
[regir_untied4] 5:57:03  748,218/1,000,000  13.4/s  upd=19159  L=0.0149  D=0.240
[regir_untied4] saved resume t_env=748,218
[regir_untied4] 5:57:13  748,218/1,000,000  13.4/s  upd=19160  L=0.0133  D=0.240
[regir_untied4] 5:57:24  748,463/1,000,000  13.4/s  upd=19166  L=0.0135  D=0.240
[regir_untied4] 5:57:34  748,463/1,000,000  13.4/s  upd=19168  L=0.0276  D=0.240
[regir_untied4] 5:57:44  748,746/1,000,000  13.4/s  upd=19174  L=0.0148  D=0.240
[regir_untied4] 5:57:54  749,053/1,000,000  13.4/s  upd=19177  L=0.0171  D=0.240
[regir_untied4] 5:58:04  749,053/1,000,000  13.4/s  upd=19184  L=0.0110  D=0.240
[regir_untied4] 5:58:15  749,288/1,000,000  13.4/s  upd=19186  L=0.0154  D=0.240
[regir_untied4] 5:58:25  749,288/1,000,000  13.4/s  upd=19192  L=0.0177  D=0.240
[regir_untied4] 5:58:35  749,546/1,000,000  13.4/s  upd=19195  L=0.0089  D=0.240
[regir_untied4] 5:58:46  749,798/1,000,000  13.5/s  upd=19201  L=0.0175  D=0.240
[regir_untied4] 5:58:56  749,798/1,000,000  13.4/s  upd=19208  L=0.0110  D=0.240
[regir_untied4] 5:59:07  750,058/1,000,000  13.5/s  upd=19213  L=0.0108  D=0.240
[regir_untied4] 5:59:18  750,285/1,000,000  13.5/s  upd=19217  L=0.0092  D=0.240
[regir_untied4] 5:59:28  750,285/1,000,000  13.4/s  upd=19223  L=0.0145  D=0.240
[regir_untied4] 5:59:38  750,518/1,000,000  13.5/s  upd=19225  L=0.0141  D=0.240
[regir_untied4] 5:59:48  750,518/1,000,000  13.4/s  upd=19232  L=0.0180  D=0.240
[regir_untied4] 6:00:00  750,801/1,000,000  13.5/s  upd=19236  L=0.0184  D=0.240
[regir_untied4] 6:00:10  750,801/1,000,000  13.4/s  upd=19240  L=0.0117  D=0.240
[regir_untied4] 6:00:21  751,067/1,000,000  13.5/s  upd=19246  L=0.0165  D=0.240
[regir_untied4] 6:00:32  751,310/1,000,000  13.5/s  upd=19251  L=0.0174  D=0.240
[regir_untied4] 6:00:42  751,310/1,000,000  13.4/s  upd=19256  L=0.0102  D=0.240
[regir_untied4] 6:00:54  751,572/1,000,000  13.5/s  upd=19263  L=0.0116  D=0.240
[regir_untied4] 6:01:04  751,778/1,000,000  13.5/s  upd=19265  L=0.0156  D=0.240
[regir_untied4] 6:01:14  751,778/1,000,000  13.5/s  upd=19272  L=0.0198  D=0.240
[regir_untied4] 6:01:25  752,015/1,000,000  13.5/s  upd=19277  L=0.0197  D=0.240
[regir_untied4] 6:01:36  752,245/1,000,000  13.5/s  upd=19283  L=0.0115  D=0.240
[regir_untied4] 6:01:46  752,502/1,000,000  13.5/s  upd=19289  L=0.0144  D=0.240
[regir_untied4] 6:01:56  752,502/1,000,000  13.5/s  upd=19296  L=0.0220  D=0.240
[regir_untied4] 6:02:07  752,737/1,000,000  13.5/s  upd=19304  L=0.0098  D=0.240
[regir_untied4] 6:02:18  752,974/1,000,000  13.5/s  upd=19310  L=0.0133  D=0.240
[regir_untied4] 6:02:29  753,238/1,000,000  13.5/s  upd=19316  L=0.0162  D=0.240
[regir_untied4] 6:02:39  753,238/1,000,000  13.5/s  upd=19320  L=0.0116  D=0.240
[regir_untied4] 6:02:49  753,491/1,000,000  13.5/s  upd=19328  L=0.0165  D=0.240
[regir_untied4] 6:03:00  753,727/1,000,000  13.5/s  upd=19333  L=0.0203  D=0.240
[regir_untied4] 6:03:10  753,997/1,000,000  13.5/s  upd=19337  L=0.0100  D=0.240
[regir_untied4] 6:03:20  753,997/1,000,000  13.5/s  upd=19344  L=0.0117  D=0.240
[regir_untied4] 6:03:31  754,264/1,000,000  13.5/s  upd=19349  L=0.0152  D=0.240
[regir_untied4] 6:03:41  754,264/1,000,000  13.5/s  upd=19352  L=0.0128  D=0.240
[regir_untied4] 6:03:52  754,528/1,000,000  13.5/s  upd=19357  L=0.0135  D=0.240
[regir_untied4] 6:04:02  754,528/1,000,000  13.5/s  upd=19360  L=0.0154  D=0.240
[regir_untied4] 6:04:13  754,768/1,000,000  13.5/s  upd=19365  L=0.0187  D=0.240
[regir_untied4] 6:04:24  755,027/1,000,000  13.5/s  upd=19369  L=0.0097  D=0.240
[regir_untied4] 6:04:34  755,027/1,000,000  13.5/s  upd=19376  L=0.0273  D=0.240
[regir_untied4] 6:04:45  755,309/1,000,000  13.5/s  upd=19379  L=0.0131  D=0.240
[regir_untied4] 6:04:55  755,309/1,000,000  13.5/s  upd=19384  L=0.0159  D=0.240
[regir_untied4] 6:05:06  755,561/1,000,000  13.5/s  upd=19389  L=0.0141  D=0.240
[regir_untied4] 6:05:16  755,561/1,000,000  13.5/s  upd=19392  L=0.0120  D=0.240
[regir_untied4] 6:05:27  755,825/1,000,000  13.5/s  upd=19398  L=0.0141  D=0.240
[regir_untied4] 6:05:37  755,825/1,000,000  13.5/s  upd=19400  L=0.0146  D=0.240
[regir_untied4] 6:05:48  756,121/1,000,000  13.5/s  upd=19408  L=0.0141  D=0.240
[regir_untied4] 6:05:59  756,397/1,000,000  13.5/s  upd=19410  L=0.0142  D=0.240
[regir_untied4] 6:06:09  756,397/1,000,000  13.5/s  upd=19416  L=0.0136  D=0.240
[regir_untied4] 6:06:20  756,679/1,000,000  13.5/s  upd=19419  L=0.0127  D=0.240
[regir_untied4] 6:06:30  756,679/1,000,000  13.5/s  upd=19424  L=0.0091  D=0.240
[regir_untied4] 6:06:41  756,955/1,000,000  13.5/s  upd=19430  L=0.0111  D=0.240
[regir_untied4] 6:06:51  757,199/1,000,000  13.5/s  upd=19433  L=0.0091  D=0.240
[regir_untied4] 6:07:02  757,199/1,000,000  13.5/s  upd=19439  L=0.0127  D=0.240
[regir_untied4] 6:07:13  757,465/1,000,000  13.5/s  upd=19442  L=0.0124  D=0.240
[regir_untied4] saved resume t_env=757,465
[regir_untied4] 6:07:25  757,465/1,000,000  13.5/s  upd=19448  L=0.0166  D=0.240
[regir_untied4] 6:07:37  757,741/1,000,000  13.5/s  upd=19452  L=0.0158  D=0.240
[regir_untied4] 6:07:47  757,980/1,000,000  13.5/s  upd=19459  L=0.0178  D=0.240
[regir_untied4] 6:07:58  757,980/1,000,000  13.5/s  upd=19464  L=0.0214  D=0.240
[regir_untied4] 6:08:08  758,274/1,000,000  13.5/s  upd=19469  L=0.0208  D=0.240
[regir_untied4] 6:08:18  758,274/1,000,000  13.5/s  upd=19472  L=0.0090  D=0.240
[regir_untied4] 6:08:29  758,533/1,000,000  13.5/s  upd=19478  L=0.0232  D=0.240
[regir_untied4] 6:08:40  758,790/1,000,000  13.5/s  upd=19484  L=0.0133  D=0.240
[regir_untied4] 6:08:50  758,790/1,000,000  13.5/s  upd=19488  L=0.0096  D=0.240
[regir_untied4] 6:09:02  759,041/1,000,000  13.5/s  upd=19493  L=0.0174  D=0.240
[regir_untied4] 6:09:12  759,041/1,000,000  13.5/s  upd=19496  L=0.0122  D=0.240
[regir_untied4] 6:09:23  759,296/1,000,000  13.5/s  upd=19501  L=0.0124  D=0.240
[regir_untied4] 6:09:33  759,296/1,000,000  13.5/s  upd=19504  L=0.0128  D=0.240
[regir_untied4] 6:09:43  759,523/1,000,000  13.5/s  upd=19509  L=0.0134  D=0.240
[regir_untied4] 6:09:53  759,523/1,000,000  13.5/s  upd=19512  L=0.0118  D=0.240
[regir_untied4] 6:10:05  759,802/1,000,000  13.5/s  upd=19518  L=0.0097  D=0.240
[regir_untied4] 6:10:16  760,055/1,000,000  13.5/s  upd=19522  L=0.0095  D=0.240
[regir_untied4] saved resume t_env=760,055
[regir_untied4] 6:10:31  760,055/1,000,000  13.5/s  upd=19528  L=0.0155  ev=0/100  D=0.240
[regir_untied4] 6:10:41  760,055/1,000,000  13.5/s  upd=19528  L=0.0155  ev=16/100  D=0.240
[regir_untied4] 6:10:52  760,055/1,000,000  13.5/s  upd=19528  L=0.0155  ev=29/100  D=0.240
[regir_untied4] 6:11:02  760,055/1,000,000  13.5/s  upd=19528  L=0.0155  ev=40/100  D=0.240
[regir_untied4] 6:11:12  760,055/1,000,000  13.5/s  upd=19528  L=0.0155  ev=56/100  D=0.240
[regir_untied4] 6:11:22  760,055/1,000,000  13.5/s  upd=19528  L=0.0155  ev=72/100  D=0.240
[regir_untied4] 6:11:32  760,055/1,000,000  13.4/s  upd=19528  L=0.0155  ev=88/100  D=0.240
[regir_untied4] 6:11:42  760,055/1,000,000  13.4/s  upd=19528  L=0.0155  ev=98/100  D=0.240
[regir_untied4] 6:11:53  760,282/1,000,000  13.4/s  upd=19533  L=0.0138  D=0.189
[regir_untied4] 6:12:03  760,282/1,000,000  13.4/s  upd=19536  L=0.0171  D=0.189
[regir_untied4] 6:12:14  760,476/1,000,000  13.4/s  upd=19542  L=0.0130  D=0.189
[regir_untied4] 6:12:24  760,476/1,000,000  13.4/s  upd=19544  L=0.0113  D=0.189
[regir_untied4] 6:12:34  760,760/1,000,000  13.4/s  upd=19550  L=0.0118  D=0.189
[regir_untied4] 6:12:44  761,037/1,000,000  13.5/s  upd=19555  L=0.0182  D=0.189
[regir_untied4] 6:12:54  761,037/1,000,000  13.4/s  upd=19560  L=0.0086  D=0.189
[regir_untied4] 6:13:04  761,281/1,000,000  13.4/s  upd=19568  L=0.0129  D=0.189
[regir_untied4] 6:13:15  761,535/1,000,000  13.5/s  upd=19574  L=0.0127  D=0.189
[regir_untied4] 6:13:27  761,762/1,000,000  13.5/s  upd=19578  L=0.0159  D=0.189
[regir_untied4] 6:13:37  761,762/1,000,000  13.5/s  upd=19584  L=0.0100  D=0.189
[regir_untied4] 6:13:47  762,049/1,000,000  13.5/s  upd=19590  L=0.0155  D=0.189
[regir_untied4] 6:13:57  762,272/1,000,000  13.5/s  upd=19595  L=0.0086  D=0.189
[regir_untied4] 6:14:07  762,507/1,000,000  13.5/s  upd=19600  L=0.0109  D=0.189
[regir_untied4] 6:14:18  762,507/1,000,000  13.5/s  upd=19608  L=0.0114  D=0.189
[regir_untied4] 6:14:29  762,775/1,000,000  13.5/s  upd=19613  L=0.0147  D=0.189
[regir_untied4] 6:14:40  763,018/1,000,000  13.5/s  upd=19618  L=0.0106  D=0.189
[regir_untied4] 6:14:50  763,018/1,000,000  13.5/s  upd=19624  L=0.0103  D=0.189
[regir_untied4] 6:15:00  763,018/1,000,000  13.5/s  upd=19624  L=0.0103  D=0.189
[regir_untied4] 6:15:11  763,345/1,000,000  13.5/s  upd=19630  L=0.0116  D=0.189
[regir_untied4] 6:15:21  763,345/1,000,000  13.5/s  upd=19632  L=0.0106  D=0.189
[regir_untied4] 6:15:31  763,611/1,000,000  13.5/s  upd=19637  L=0.0160  D=0.189
[regir_untied4] 6:15:42  763,876/1,000,000  13.5/s  upd=19642  L=0.0215  D=0.189
[regir_untied4] 6:15:52  763,876/1,000,000  13.5/s  upd=19648  L=0.0173  D=0.189
[regir_untied4] 6:16:03  764,149/1,000,000  13.5/s  upd=19654  L=0.0172  D=0.189
[regir_untied4] 6:16:13  764,149/1,000,000  13.5/s  upd=19656  L=0.0100  D=0.189
[regir_untied4] 6:16:23  764,390/1,000,000  13.5/s  upd=19664  L=0.0099  D=0.189
[regir_untied4] 6:16:33  764,627/1,000,000  13.5/s  upd=19668  L=0.0094  D=0.189
[regir_untied4] 6:16:44  764,627/1,000,000  13.5/s  upd=19672  L=0.0127  D=0.189
[regir_untied4] 6:16:55  764,882/1,000,000  13.5/s  upd=19679  L=0.0185  D=0.189
[regir_untied4] 6:17:05  764,882/1,000,000  13.5/s  upd=19680  L=0.0147  D=0.189
[regir_untied4] 6:17:15  765,146/1,000,000  13.5/s  upd=19686  L=0.0094  D=0.189
[regir_untied4] 6:17:27  765,412/1,000,000  13.5/s  upd=19689  L=0.0110  D=0.189
[regir_untied4] 6:17:37  765,412/1,000,000  13.5/s  upd=19696  L=0.0141  D=0.189
[regir_untied4] 6:17:47  765,658/1,000,000  13.5/s  upd=19701  L=0.0101  D=0.189
[regir_untied4] 6:17:58  765,658/1,000,000  13.5/s  upd=19704  L=0.0119  D=0.189
[regir_untied4] 6:18:09  765,930/1,000,000  13.5/s  upd=19711  L=0.0132  D=0.189
[regir_untied4] 6:18:20  766,157/1,000,000  13.5/s  upd=19715  L=0.0133  D=0.189
[regir_untied4] 6:18:30  766,157/1,000,000  13.5/s  upd=19720  L=0.0205  D=0.189
[regir_untied4] 6:18:42  766,436/1,000,000  13.5/s  upd=19727  L=0.0113  D=0.189
[regir_untied4] 6:18:52  766,436/1,000,000  13.5/s  upd=19728  L=0.0090  D=0.189
[regir_untied4] 6:19:03  766,696/1,000,000  13.5/s  upd=19735  L=0.0088  D=0.189
[regir_untied4] 6:19:13  766,696/1,000,000  13.5/s  upd=19736  L=0.0096  D=0.189
[regir_untied4] 6:19:24  766,967/1,000,000  13.5/s  upd=19743  L=0.0115  D=0.189
[regir_untied4] 6:19:35  767,242/1,000,000  13.5/s  upd=19748  L=0.0116  D=0.189
[regir_untied4] 6:19:45  767,242/1,000,000  13.5/s  upd=19752  L=0.0124  D=0.189
[regir_untied4] 6:19:56  767,511/1,000,000  13.5/s  upd=19759  L=0.0161  D=0.189
[regir_untied4] 6:20:07  767,511/1,000,000  13.5/s  upd=19760  L=0.0169  D=0.189
[regir_untied4] 6:20:17  767,814/1,000,000  13.5/s  upd=19768  L=0.0128  D=0.189
[regir_untied4] 6:20:28  768,071/1,000,000  13.5/s  upd=19772  L=0.0112  D=0.189
[regir_untied4] saved resume t_env=768,071
[regir_untied4] 6:20:38  768,071/1,000,000  13.5/s  upd=19776  L=0.0096  D=0.189
[regir_untied4] 6:20:49  768,323/1,000,000  13.5/s  upd=19780  L=0.0114  D=0.189
[regir_untied4] 6:20:59  768,323/1,000,000  13.5/s  upd=19784  L=0.0111  D=0.189
[regir_untied4] 6:21:10  768,569/1,000,000  13.5/s  upd=19790  L=0.0134  D=0.189
[regir_untied4] 6:21:20  768,843/1,000,000  13.5/s  upd=19793  L=0.0184  D=0.189
[regir_untied4] 6:21:30  768,843/1,000,000  13.5/s  upd=19800  L=0.0116  D=0.189
[regir_untied4] 6:21:41  769,080/1,000,000  13.5/s  upd=19803  L=0.0123  D=0.189
[regir_untied4] 6:21:52  769,346/1,000,000  13.5/s  upd=19809  L=0.0098  D=0.189
[regir_untied4] 6:22:03  769,346/1,000,000  13.5/s  upd=19816  L=0.0093  D=0.189
[regir_untied4] 6:22:15  769,623/1,000,000  13.5/s  upd=19820  L=0.0136  D=0.189
[regir_untied4] 6:22:25  769,623/1,000,000  13.5/s  upd=19824  L=0.0144  D=0.189
[regir_untied4] 6:22:36  769,931/1,000,000  13.5/s  upd=19829  L=0.0131  D=0.189
[regir_untied4] 6:22:47  770,191/1,000,000  13.5/s  upd=19834  L=0.0127  D=0.189
[regir_untied4] 6:22:57  770,191/1,000,000  13.5/s  upd=19840  L=0.0116  D=0.189
[regir_untied4] 6:23:08  770,457/1,000,000  13.5/s  upd=19843  L=0.0108  D=0.189
[regir_untied4] 6:23:18  770,457/1,000,000  13.5/s  upd=19848  L=0.0106  D=0.189
[regir_untied4] 6:23:28  770,720/1,000,000  13.5/s  upd=19851  L=0.0101  D=0.189
[regir_untied4] 6:23:38  770,720/1,000,000  13.5/s  upd=19856  L=0.0089  D=0.189
[regir_untied4] 6:23:49  770,969/1,000,000  13.5/s  upd=19862  L=0.0112  D=0.189
[regir_untied4] 6:23:59  770,969/1,000,000  13.5/s  upd=19864  L=0.0077  D=0.189
[regir_untied4] 6:24:09  771,250/1,000,000  13.5/s  upd=19872  L=0.0091  D=0.189
[regir_untied4] 6:24:20  771,491/1,000,000  13.5/s  upd=19873  L=0.0077  D=0.189
[regir_untied4] 6:24:30  771,491/1,000,000  13.5/s  upd=19880  L=0.0101  D=0.189
[regir_untied4] 6:24:42  771,761/1,000,000  13.5/s  upd=19885  L=0.0205  D=0.189
[regir_untied4] 6:24:52  771,761/1,000,000  13.5/s  upd=19888  L=0.0194  D=0.189
[regir_untied4] 6:25:02  772,035/1,000,000  13.5/s  upd=19896  L=0.0129  D=0.189
[regir_untied4] 6:25:13  772,300/1,000,000  13.5/s  upd=19899  L=0.0097  D=0.189
[regir_untied4] 6:25:23  772,300/1,000,000  13.5/s  upd=19904  L=0.0162  D=0.189
[regir_untied4] 6:25:34  772,570/1,000,000  13.5/s  upd=19910  L=0.0139  D=0.189
[regir_untied4] 6:25:45  772,825/1,000,000  13.5/s  upd=19913  L=0.0094  D=0.189
[regir_untied4] 6:25:55  772,825/1,000,000  13.5/s  upd=19920  L=0.0132  D=0.189
[regir_untied4] 6:26:06  773,087/1,000,000  13.5/s  upd=19924  L=0.0087  D=0.189
[regir_untied4] 6:26:16  773,087/1,000,000  13.5/s  upd=19928  L=0.0094  D=0.189
[regir_untied4] 6:26:27  773,309/1,000,000  13.5/s  upd=19935  L=0.0104  D=0.189
[regir_untied4] 6:26:37  773,309/1,000,000  13.5/s  upd=19936  L=0.0092  D=0.189
[regir_untied4] 6:26:47  773,567/1,000,000  13.5/s  upd=19944  L=0.0130  D=0.189
[regir_untied4] 6:26:59  773,838/1,000,000  13.5/s  upd=19945  L=0.0108  D=0.189
[regir_untied4] 6:27:09  773,838/1,000,000  13.5/s  upd=19952  L=0.0308  D=0.189
[regir_untied4] 6:27:20  774,107/1,000,000  13.5/s  upd=19958  L=0.0110  D=0.189
[regir_untied4] 6:27:30  774,107/1,000,000  13.5/s  upd=19960  L=0.0085  D=0.189
[regir_untied4] 6:27:40  774,338/1,000,000  13.5/s  upd=19967  L=0.0183  D=0.189
[regir_untied4] 6:27:51  774,566/1,000,000  13.5/s  upd=19970  L=0.0124  D=0.189
[regir_untied4] 6:28:01  774,566/1,000,000  13.5/s  upd=19976  L=0.0122  D=0.189
[regir_untied4] 6:28:12  774,821/1,000,000  13.5/s  upd=19982  L=0.0139  D=0.189
[regir_untied4] 6:28:23  775,055/1,000,000  13.5/s  upd=19985  L=0.0098  D=0.189
[regir_untied4] 6:28:33  775,055/1,000,000  13.5/s  upd=19992  L=0.0069  D=0.189
[regir_untied4] 6:28:44  775,316/1,000,000  13.5/s  upd=19996  L=0.0123  D=0.189
[regir_untied4] 6:28:54  775,316/1,000,000  13.5/s  upd=20000  L=0.0151  D=0.189
[regir_untied4] 6:29:04  775,567/1,000,000  13.5/s  upd=20005  L=0.0098  D=0.189
[regir_untied4] 6:29:14  775,567/1,000,000  13.5/s  upd=20008  L=0.0129  D=0.189
[regir_untied4] 6:29:25  775,848/1,000,000  13.5/s  upd=20013  L=0.0085  D=0.189
[regir_untied4] 6:29:35  775,848/1,000,000  13.5/s  upd=20016  L=0.0079  D=0.189
[regir_untied4] 6:29:45  776,105/1,000,000  13.5/s  upd=20022  L=0.0129  D=0.189
[regir_untied4] 6:29:56  776,380/1,000,000  13.5/s  upd=20026  L=0.0102  D=0.189
[regir_untied4] 6:30:06  776,380/1,000,000  13.5/s  upd=20032  L=0.0135  D=0.189
[regir_untied4] 6:30:16  776,653/1,000,000  13.5/s  upd=20040  L=0.0060  D=0.189
[regir_untied4] 6:30:27  776,889/1,000,000  13.5/s  upd=20045  L=0.0105  D=0.189
[regir_untied4] 6:30:37  777,157/1,000,000  13.5/s  upd=20051  L=0.0094  D=0.189
[regir_untied4] saved resume t_env=777,157
[regir_untied4] 6:30:47  777,157/1,000,000  13.5/s  upd=20056  L=0.0091  D=0.189
[regir_untied4] 6:30:57  777,436/1,000,000  13.5/s  upd=20062  L=0.0122  D=0.189
[regir_untied4] 6:31:08  777,699/1,000,000  13.5/s  upd=20067  L=0.0134  D=0.189
[regir_untied4] 6:31:19  777,930/1,000,000  13.5/s  upd=20074  L=0.0103  D=0.189
[regir_untied4] 6:31:29  777,930/1,000,000  13.5/s  upd=20080  L=0.0126  D=0.189
[regir_untied4] 6:31:40  778,203/1,000,000  13.5/s  upd=20087  L=0.0136  D=0.189
[regir_untied4] 6:31:52  778,483/1,000,000  13.5/s  upd=20094  L=0.0106  D=0.189
[regir_untied4] 6:32:02  778,758/1,000,000  13.5/s  upd=20097  L=0.0114  D=0.189
[regir_untied4] 6:32:14  778,758/1,000,000  13.5/s  upd=20104  L=0.0088  D=0.189
[regir_untied4] 6:32:25  779,027/1,000,000  13.5/s  upd=20108  L=0.0099  D=0.189
[regir_untied4] 6:32:35  779,027/1,000,000  13.5/s  upd=20112  L=0.0072  D=0.189
[regir_untied4] 6:32:46  779,262/1,000,000  13.5/s  upd=20118  L=0.0097  D=0.189
[regir_untied4] 6:32:56  779,262/1,000,000  13.5/s  upd=20120  L=0.0112  D=0.189
[regir_untied4] 6:33:07  779,534/1,000,000  13.5/s  upd=20127  L=0.0076  D=0.189
[regir_untied4] 6:33:17  779,781/1,000,000  13.5/s  upd=20131  L=0.0104  D=0.189
[regir_untied4] 6:33:27  779,781/1,000,000  13.5/s  upd=20136  L=0.0093  D=0.189
[regir_untied4] 6:33:37  780,040/1,000,000  13.5/s  upd=20142  L=0.0095  D=0.189
[regir_untied4] saved resume t_env=780,040
[regir_untied4] 6:33:48  780,040/1,000,000  13.5/s  upd=20144  L=0.0128  ev=0/100  D=0.189
[regir_untied4] 6:33:58  780,040/1,000,000  13.5/s  upd=20144  L=0.0128  ev=11/100  D=0.189
[regir_untied4] 6:34:08  780,040/1,000,000  13.5/s  upd=20144  L=0.0128  ev=24/100  D=0.189
[regir_untied4] 6:34:18  780,040/1,000,000  13.5/s  upd=20144  L=0.0128  ev=33/100  D=0.189
[regir_untied4] 6:34:28  780,040/1,000,000  13.5/s  upd=20144  L=0.0128  ev=48/100  D=0.189
[regir_untied4] 6:34:38  780,040/1,000,000  13.5/s  upd=20144  L=0.0128  ev=63/100  D=0.189
[regir_untied4] 6:34:48  780,040/1,000,000  13.5/s  upd=20144  L=0.0128  ev=71/100  D=0.189
[regir_untied4] 6:34:58  780,040/1,000,000  13.5/s  upd=20144  L=0.0128  ev=85/100  D=0.189
[regir_untied4] 6:35:08  780,040/1,000,000  13.5/s  upd=20144  L=0.0128  ev=88/100  D=0.189
[regir_untied4] 6:35:19  780,040/1,000,000  13.5/s  upd=20144  L=0.0128  ev=99/100  D=0.189
[regir_untied4] 6:35:30  780,353/1,000,000  13.5/s  upd=20149  L=0.0107  D=0.310
[regir_untied4] 6:35:40  780,353/1,000,000  13.5/s  upd=20152  L=0.0128  D=0.310
[regir_untied4] 6:35:51  780,644/1,000,000  13.5/s  upd=20159  L=0.0161  D=0.310
[regir_untied4] 6:36:02  780,922/1,000,000  13.5/s  upd=20161  L=0.0117  D=0.310
[regir_untied4] 6:36:12  780,922/1,000,000  13.5/s  upd=20168  L=0.0100  D=0.310
[regir_untied4] 6:36:23  781,155/1,000,000  13.5/s  upd=20171  L=0.0094  D=0.310
[regir_untied4] 6:36:33  781,155/1,000,000  13.5/s  upd=20176  L=0.0126  D=0.310
[regir_untied4] 6:36:43  781,420/1,000,000  13.5/s  upd=20182  L=0.0129  D=0.310
[regir_untied4] 6:36:53  781,670/1,000,000  13.5/s  upd=20186  L=0.0081  D=0.310
[regir_untied4] 6:37:04  781,670/1,000,000  13.5/s  upd=20192  L=0.0092  D=0.310
[regir_untied4] 6:37:14  781,926/1,000,000  13.5/s  upd=20199  L=0.0100  D=0.310
[regir_untied4] 6:37:25  782,188/1,000,000  13.5/s  upd=20206  L=0.0066  D=0.310
[regir_untied4] 6:37:35  782,472/1,000,000  13.5/s  upd=20210  L=0.0083  D=0.310
[regir_untied4] 6:37:45  782,472/1,000,000  13.5/s  upd=20216  L=0.0079  D=0.310
[regir_untied4] 6:37:55  782,741/1,000,000  13.5/s  upd=20224  L=0.0093  D=0.310
[regir_untied4] 6:38:06  783,008/1,000,000  13.5/s  upd=20231  L=0.0149  D=0.310
[regir_untied4] 6:38:16  783,303/1,000,000  13.5/s  upd=20235  L=0.0126  D=0.310
[regir_untied4] 6:38:26  783,303/1,000,000  13.5/s  upd=20240  L=0.0120  D=0.310
[regir_untied4] 6:38:37  783,568/1,000,000  13.5/s  upd=20248  L=0.0100  D=0.310
[regir_untied4] 6:38:47  783,817/1,000,000  13.5/s  upd=20249  L=0.0087  D=0.310
[regir_untied4] 6:38:57  783,817/1,000,000  13.5/s  upd=20256  L=0.0102  D=0.310
[regir_untied4] 6:39:08  784,094/1,000,000  13.5/s  upd=20261  L=0.0108  D=0.310
[regir_untied4] 6:39:18  784,094/1,000,000  13.5/s  upd=20264  L=0.0116  D=0.310
[regir_untied4] 6:39:29  784,370/1,000,000  13.5/s  upd=20272  L=0.0093  D=0.310
[regir_untied4] 6:39:40  784,648/1,000,000  13.5/s  upd=20277  L=0.0108  D=0.310
[regir_untied4] 6:39:50  784,648/1,000,000  13.5/s  upd=20280  L=0.0085  D=0.310
[regir_untied4] 6:40:00  784,871/1,000,000  13.5/s  upd=20287  L=0.0088  D=0.310
[regir_untied4] 6:40:11  785,142/1,000,000  13.5/s  upd=20291  L=0.0083  D=0.310
[regir_untied4] 6:40:22  785,142/1,000,000  13.5/s  upd=20296  L=0.0117  D=0.310
[regir_untied4] 6:40:33  785,427/1,000,000  13.5/s  upd=20299  L=0.0090  D=0.310
[regir_untied4] 6:40:43  785,427/1,000,000  13.5/s  upd=20304  L=0.0076  D=0.310
[regir_untied4] 6:40:54  785,691/1,000,000  13.5/s  upd=20308  L=0.0122  D=0.310
[regir_untied4] 6:41:04  785,691/1,000,000  13.5/s  upd=20312  L=0.0074  D=0.310
[regir_untied4] 6:41:15  785,943/1,000,000  13.5/s  upd=20319  L=0.0151  D=0.310
[regir_untied4] 6:41:26  786,186/1,000,000  13.5/s  upd=20326  L=0.0118  D=0.310
[regir_untied4] 6:41:36  786,186/1,000,000  13.5/s  upd=20328  L=0.0105  D=0.310
[regir_untied4] 6:41:46  786,455/1,000,000  13.5/s  upd=20334  L=0.0085  D=0.310
[regir_untied4] 6:41:57  786,732/1,000,000  13.5/s  upd=20338  L=0.0058  D=0.310
[regir_untied4] 6:42:07  786,732/1,000,000  13.5/s  upd=20344  L=0.0086  D=0.310
[regir_untied4] 6:42:17  786,984/1,000,000  13.5/s  upd=20346  L=0.0086  D=0.310
[regir_untied4] 6:42:28  786,984/1,000,000  13.5/s  upd=20352  L=0.0069  D=0.310
[regir_untied4] 6:42:38  787,257/1,000,000  13.5/s  upd=20360  L=0.0095  D=0.310
[regir_untied4] 6:42:48  787,512/1,000,000  13.5/s  upd=20364  L=0.0103  D=0.310
[regir_untied4] 6:42:58  787,512/1,000,000  13.5/s  upd=20368  L=0.0119  D=0.310
[regir_untied4] 6:43:10  787,751/1,000,000  13.5/s  upd=20373  L=0.0083  D=0.310
[regir_untied4] 6:43:22  788,014/1,000,000  13.5/s  upd=20379  L=0.0086  D=0.310
[regir_untied4] 6:43:32  788,014/1,000,000  13.5/s  upd=20384  L=0.0150  D=0.310
[regir_untied4] 6:43:42  788,289/1,000,000  13.5/s  upd=20389  L=0.0102  D=0.310
[regir_untied4] saved resume t_env=788,289
[regir_untied4] 6:43:52  788,289/1,000,000  13.5/s  upd=20392  L=0.0128  D=0.310
[regir_untied4] 6:44:03  788,575/1,000,000  13.5/s  upd=20397  L=0.0109  D=0.310
[regir_untied4] 6:44:14  788,885/1,000,000  13.6/s  upd=20403  L=0.0115  D=0.310
[regir_untied4] 6:44:24  788,885/1,000,000  13.5/s  upd=20408  L=0.0111  D=0.310
[regir_untied4] 6:44:35  789,146/1,000,000  13.5/s  upd=20412  L=0.0101  D=0.310
[regir_untied4] 6:44:45  789,146/1,000,000  13.5/s  upd=20416  L=0.0102  D=0.310
[regir_untied4] 6:44:56  789,456/1,000,000  13.6/s  upd=20421  L=0.0050  D=0.310
[regir_untied4] 6:45:06  789,456/1,000,000  13.5/s  upd=20424  L=0.0097  D=0.310
[regir_untied4] 6:45:17  789,688/1,000,000  13.5/s  upd=20432  L=0.0122  D=0.310
[regir_untied4] 6:45:29  789,945/1,000,000  13.6/s  upd=20435  L=0.0106  D=0.310
[regir_untied4] 6:45:39  789,945/1,000,000  13.5/s  upd=20440  L=0.0127  D=0.310
[regir_untied4] 6:45:49  790,247/1,000,000  13.6/s  upd=20445  L=0.0087  D=0.310
[regir_untied4] 6:45:59  790,506/1,000,000  13.6/s  upd=20449  L=0.0115  D=0.310
[regir_untied4] 6:46:09  790,506/1,000,000  13.6/s  upd=20456  L=0.0088  D=0.310
[regir_untied4] 6:46:20  790,761/1,000,000  13.6/s  upd=20460  L=0.0116  D=0.310
[regir_untied4] 6:46:30  790,761/1,000,000  13.6/s  upd=20464  L=0.0085  D=0.310
[regir_untied4] 6:46:42  791,030/1,000,000  13.6/s  upd=20469  L=0.0084  D=0.310
[regir_untied4] 6:46:52  791,334/1,000,000  13.6/s  upd=20474  L=0.0085  D=0.310
[regir_untied4] 6:47:03  791,334/1,000,000  13.6/s  upd=20480  L=0.0045  D=0.310
[regir_untied4] 6:47:13  791,592/1,000,000  13.6/s  upd=20484  L=0.0072  D=0.310
[regir_untied4] 6:47:23  791,592/1,000,000  13.6/s  upd=20488  L=0.0120  D=0.310
[regir_untied4] 6:47:34  791,890/1,000,000  13.6/s  upd=20493  L=0.0124  D=0.310
[regir_untied4] 6:47:44  792,163/1,000,000  13.6/s  upd=20498  L=0.0234  D=0.310
[regir_untied4] 6:47:54  792,163/1,000,000  13.6/s  upd=20504  L=0.0107  D=0.310
[regir_untied4] 6:48:04  792,457/1,000,000  13.6/s  upd=20507  L=0.0118  D=0.310
[regir_untied4] 6:48:14  792,457/1,000,000  13.6/s  upd=20512  L=0.0128  D=0.310
[regir_untied4] 6:48:26  792,764/1,000,000  13.6/s  upd=20517  L=0.0079  D=0.310
[regir_untied4] 6:48:38  792,991/1,000,000  13.6/s  upd=20524  L=0.0130  D=0.310
[regir_untied4] 6:48:48  792,991/1,000,000  13.6/s  upd=20528  L=0.0062  D=0.310
[regir_untied4] 6:48:59  793,250/1,000,000  13.6/s  upd=20536  L=0.0115  D=0.310
[regir_untied4] 6:49:10  793,498/1,000,000  13.6/s  upd=20542  L=0.0092  D=0.310
[regir_untied4] 6:49:20  793,498/1,000,000  13.6/s  upd=20544  L=0.0117  D=0.310
[regir_untied4] 6:49:30  793,741/1,000,000  13.6/s  upd=20551  L=0.0107  D=0.310
[regir_untied4] 6:49:41  793,741/1,000,000  13.6/s  upd=20552  L=0.0085  D=0.310
[regir_untied4] 6:49:51  793,996/1,000,000  13.6/s  upd=20560  L=0.0098  D=0.310
[regir_untied4] 6:50:02  794,246/1,000,000  13.6/s  upd=20562  L=0.0111  D=0.310
[regir_untied4] 6:50:12  794,246/1,000,000  13.6/s  upd=20568  L=0.0088  D=0.310
[regir_untied4] 6:50:23  794,513/1,000,000  13.6/s  upd=20574  L=0.0093  D=0.310
[regir_untied4] 6:50:33  794,513/1,000,000  13.6/s  upd=20576  L=0.0127  D=0.310
[regir_untied4] 6:50:43  794,779/1,000,000  13.6/s  upd=20583  L=0.0285  D=0.310
[regir_untied4] 6:50:54  795,058/1,000,000  13.6/s  upd=20587  L=0.0133  D=0.310
[regir_untied4] 6:51:04  795,058/1,000,000  13.6/s  upd=20592  L=0.0089  D=0.310
[regir_untied4] 6:51:14  795,349/1,000,000  13.6/s  upd=20596  L=0.0116  D=0.310
[regir_untied4] 6:51:26  795,594/1,000,000  13.6/s  upd=20601  L=0.0096  D=0.310
[regir_untied4] 6:51:37  795,594/1,000,000  13.6/s  upd=20607  L=0.0359  D=0.310
[regir_untied4] 6:51:49  795,900/1,000,000  13.6/s  upd=20612  L=0.0152  D=0.310
[regir_untied4] 6:51:59  795,900/1,000,000  13.6/s  upd=20616  L=0.0107  D=0.310
[regir_untied4] 6:52:10  796,145/1,000,000  13.6/s  upd=20624  L=0.0145  D=0.310
[regir_untied4] 6:52:21  796,401/1,000,000  13.6/s  upd=20625  L=0.0143  D=0.310
[regir_untied4] 6:52:31  796,401/1,000,000  13.6/s  upd=20632  L=0.0109  D=0.310
[regir_untied4] 6:52:41  796,684/1,000,000  13.6/s  upd=20634  L=0.0175  D=0.310
[regir_untied4] 6:52:52  796,684/1,000,000  13.6/s  upd=20640  L=0.0098  D=0.310
[regir_untied4] 6:53:02  796,969/1,000,000  13.6/s  upd=20644  L=0.0140  D=0.310
[regir_untied4] 6:53:12  796,969/1,000,000  13.6/s  upd=20648  L=0.0097  D=0.310
[regir_untied4] 6:53:23  797,290/1,000,000  13.6/s  upd=20652  L=0.0093  D=0.310
[regir_untied4] 6:53:33  797,290/1,000,000  13.6/s  upd=20656  L=0.0105  D=0.310
[regir_untied4] 6:53:43  797,565/1,000,000  13.6/s  upd=20663  L=0.0135  D=0.310
[regir_untied4] 6:53:55  797,814/1,000,000  13.6/s  upd=20667  L=0.0128  D=0.310
[regir_untied4] saved resume t_env=797,814
[regir_untied4] 6:54:06  797,814/1,000,000  13.6/s  upd=20672  L=0.0074  D=0.310
[regir_untied4] 6:54:17  798,145/1,000,000  13.6/s  upd=20676  L=0.0098  D=0.310
[regir_untied4] 6:54:27  798,145/1,000,000  13.6/s  upd=20680  L=0.0155  D=0.310
[regir_untied4] 6:54:38  798,489/1,000,000  13.6/s  upd=20686  L=0.0091  D=0.310
[regir_untied4] 6:54:48  798,489/1,000,000  13.6/s  upd=20688  L=0.0084  D=0.310
[regir_untied4] 6:54:58  798,724/1,000,000  13.6/s  upd=20696  L=0.0132  D=0.310
[regir_untied4] 6:55:10  799,030/1,000,000  13.6/s  upd=20699  L=0.0095  D=0.310
[regir_untied4] 6:55:20  799,030/1,000,000  13.6/s  upd=20704  L=0.0071  D=0.310
[regir_untied4] 6:55:30  799,342/1,000,000  13.6/s  upd=20711  L=0.0140  D=0.310
[regir_untied4] 6:55:41  799,342/1,000,000  13.6/s  upd=20712  L=0.0109  D=0.310
[regir_untied4] 6:55:52  799,674/1,000,000  13.6/s  upd=20719  L=0.0092  D=0.310
[regir_untied4] 6:56:02  799,674/1,000,000  13.6/s  upd=20720  L=0.0079  D=0.310
[regir_untied4] 6:56:12  799,973/1,000,000  13.6/s  upd=20728  L=0.0100  D=0.310
[regir_untied4] 6:56:23  800,254/1,000,000  13.6/s  upd=20730  L=0.0138  D=0.310
[regir_untied4] saved resume t_env=800,254
[regir_untied4] 6:56:36  800,254/1,000,000  13.6/s  upd=20736  L=0.0083  ev=0/100  D=0.310
[regir_untied4] 6:56:46  800,254/1,000,000  13.6/s  upd=20736  L=0.0083  ev=10/100  D=0.310
[regir_untied4] 6:56:56  800,254/1,000,000  13.6/s  upd=20736  L=0.0083  ev=24/100  D=0.310
[regir_untied4] 6:57:06  800,254/1,000,000  13.6/s  upd=20736  L=0.0083  ev=40/100  D=0.310
[regir_untied4] 6:57:16  800,254/1,000,000  13.6/s  upd=20736  L=0.0083  ev=56/100  D=0.310
[regir_untied4] 6:57:26  800,254/1,000,000  13.6/s  upd=20736  L=0.0083  ev=80/100  D=0.310
[regir_untied4] 6:57:36  800,254/1,000,000  13.6/s  upd=20736  L=0.0083  ev=96/100  D=0.310
[regir_untied4] 6:57:47  800,545/1,000,000  13.6/s  upd=20737  L=0.0124  D=0.333
[regir_untied4] 6:57:58  800,545/1,000,000  13.6/s  upd=20744  L=0.0093  D=0.333
[regir_untied4] 6:58:08  800,790/1,000,000  13.6/s  upd=20750  L=0.0111  D=0.333
[regir_untied4] 6:58:19  801,059/1,000,000  13.6/s  upd=20755  L=0.0088  D=0.333
[regir_untied4] 6:58:29  801,059/1,000,000  13.6/s  upd=20760  L=0.0132  D=0.333
[regir_untied4] 6:58:39  801,334/1,000,000  13.6/s  upd=20768  L=0.0145  D=0.333
[regir_untied4] 6:58:52  801,581/1,000,000  13.6/s  upd=20772  L=0.0092  D=0.333
[regir_untied4] 6:59:02  801,581/1,000,000  13.6/s  upd=20776  L=0.0098  D=0.333
[regir_untied4] 6:59:12  801,870/1,000,000  13.6/s  upd=20781  L=0.0120  D=0.333
[regir_untied4] 6:59:22  801,870/1,000,000  13.6/s  upd=20784  L=0.0188  D=0.333
[regir_untied4] 6:59:32  802,096/1,000,000  13.6/s  upd=20792  L=0.0114  D=0.333
[regir_untied4] 6:59:42  802,096/1,000,000  13.6/s  upd=20792  L=0.0114  D=0.333
[regir_untied4] 6:59:52  802,374/1,000,000  13.6/s  upd=20800  L=0.0084  D=0.333
[regir_untied4] 7:00:03  802,648/1,000,000  13.6/s  upd=20802  L=0.0152  D=0.333
[regir_untied4] 7:00:13  802,648/1,000,000  13.6/s  upd=20808  L=0.0093  D=0.333
[regir_untied4] 7:00:23  802,925/1,000,000  13.6/s  upd=20815  L=0.0096  D=0.333
[regir_untied4] 7:00:34  803,200/1,000,000  13.6/s  upd=20820  L=0.0193  D=0.333
[regir_untied4] 7:00:45  803,531/1,000,000  13.6/s  upd=20826  L=0.0095  D=0.333
[regir_untied4] 7:00:55  803,531/1,000,000  13.6/s  upd=20832  L=0.0113  D=0.333
[regir_untied4] 7:01:06  803,762/1,000,000  13.6/s  upd=20840  L=0.0112  D=0.333
[regir_untied4] 7:01:16  804,041/1,000,000  13.6/s  upd=20845  L=0.0136  D=0.333
[regir_untied4] 7:01:27  804,307/1,000,000  13.6/s  upd=20850  L=0.0072  D=0.333
[regir_untied4] 7:01:37  804,307/1,000,000  13.6/s  upd=20856  L=0.0076  D=0.333
[regir_untied4] 7:01:47  804,553/1,000,000  13.6/s  upd=20864  L=0.0194  D=0.333
[regir_untied4] 7:01:58  804,835/1,000,000  13.6/s  upd=20868  L=0.0146  D=0.333
[regir_untied4] 7:02:08  804,835/1,000,000  13.6/s  upd=20872  L=0.0105  D=0.333
[regir_untied4] 7:02:18  805,085/1,000,000  13.6/s  upd=20878  L=0.0068  D=0.333
[regir_untied4] 7:02:29  805,085/1,000,000  13.6/s  upd=20880  L=0.0078  D=0.333
[regir_untied4] 7:02:39  805,376/1,000,000  13.6/s  upd=20888  L=0.0095  D=0.333
[regir_untied4] 7:02:50  805,616/1,000,000  13.6/s  upd=20892  L=0.0097  D=0.333
[regir_untied4] 7:03:00  805,616/1,000,000  13.6/s  upd=20896  L=0.0137  D=0.333
[regir_untied4] 7:03:10  805,912/1,000,000  13.6/s  upd=20900  L=0.0116  D=0.333
[regir_untied4] 7:03:20  805,912/1,000,000  13.6/s  upd=20904  L=0.0093  D=0.333
[regir_untied4] 7:03:31  806,189/1,000,000  13.6/s  upd=20910  L=0.0113  D=0.333
[regir_untied4] 7:03:41  806,189/1,000,000  13.6/s  upd=20912  L=0.0149  D=0.333
[regir_untied4] 7:03:52  806,493/1,000,000  13.6/s  upd=20919  L=0.0095  D=0.333
[regir_untied4] 7:04:03  806,768/1,000,000  13.6/s  upd=20924  L=0.0143  D=0.333
[regir_untied4] 7:04:14  806,768/1,000,000  13.6/s  upd=20928  L=0.0146  D=0.333
[regir_untied4] 7:04:24  807,059/1,000,000  13.6/s  upd=20933  L=0.0089  D=0.333
[regir_untied4] 7:04:34  807,059/1,000,000  13.6/s  upd=20936  L=0.0105  D=0.333
[regir_untied4] 7:04:45  807,364/1,000,000  13.6/s  upd=20940  L=0.0155  D=0.333
[regir_untied4] 7:04:55  807,364/1,000,000  13.6/s  upd=20944  L=0.0117  D=0.333
[regir_untied4] 7:05:06  807,647/1,000,000  13.6/s  upd=20950  L=0.0075  D=0.333
[regir_untied4] 7:05:17  807,912/1,000,000  13.6/s  upd=20955  L=0.0101  D=0.333
[regir_untied4] 7:05:27  807,912/1,000,000  13.6/s  upd=20960  L=0.0078  D=0.333
[regir_untied4] 7:05:38  808,173/1,000,000  13.6/s  upd=20964  L=0.0071  D=0.333
[regir_untied4] 7:05:48  808,173/1,000,000  13.6/s  upd=20968  L=0.0072  D=0.333
[regir_untied4] 7:05:59  808,486/1,000,000  13.6/s  upd=20973  L=0.0109  D=0.333
[regir_untied4] 7:06:09  808,486/1,000,000  13.6/s  upd=20976  L=0.0081  D=0.333
[regir_untied4] 7:06:20  808,749/1,000,000  13.6/s  upd=20980  L=0.0151  D=0.333
[regir_untied4] 7:06:30  808,749/1,000,000  13.6/s  upd=20984  L=0.0088  D=0.333
[regir_untied4] 7:06:41  809,009/1,000,000  13.6/s  upd=20991  L=0.0069  D=0.333
[regir_untied4] saved resume t_env=809,009
[regir_untied4] 7:06:52  809,241/1,000,000  13.6/s  upd=20993  L=0.0091  D=0.333
[regir_untied4] 7:07:02  809,241/1,000,000  13.6/s  upd=21000  L=0.0097  D=0.333
[regir_untied4] 7:07:13  809,507/1,000,000  13.6/s  upd=21003  L=0.0151  D=0.333
[regir_untied4] 7:07:23  809,726/1,000,000  13.6/s  upd=21010  L=0.0179  D=0.333
[regir_untied4] 7:07:33  809,726/1,000,000  13.6/s  upd=21016  L=0.0175  D=0.333
[regir_untied4] 7:07:44  809,974/1,000,000  13.6/s  upd=21020  L=0.0110  D=0.333
[regir_untied4] 7:07:54  810,219/1,000,000  13.6/s  upd=21025  L=0.0088  D=0.333
[regir_untied4] 7:08:07  810,219/1,000,000  13.6/s  upd=21032  L=0.0092  D=0.333
[regir_untied4] 7:08:17  810,468/1,000,000  13.6/s  upd=21038  L=0.0117  D=0.333
[regir_untied4] 7:08:29  810,721/1,000,000  13.6/s  upd=21042  L=0.0104  D=0.333
[regir_untied4] 7:08:39  810,721/1,000,000  13.6/s  upd=21048  L=0.0148  D=0.333
[regir_untied4] 7:08:50  810,993/1,000,000  13.6/s  upd=21050  L=0.0106  D=0.333
[regir_untied4] 7:09:00  810,993/1,000,000  13.6/s  upd=21056  L=0.0138  D=0.333
[regir_untied4] 7:09:10  811,258/1,000,000  13.6/s  upd=21060  L=0.0160  D=0.333
[regir_untied4] 7:09:20  811,258/1,000,000  13.6/s  upd=21064  L=0.0115  D=0.333
[regir_untied4] 7:09:30  811,498/1,000,000  13.6/s  upd=21070  L=0.0105  D=0.333
[regir_untied4] 7:09:40  811,731/1,000,000  13.6/s  upd=21076  L=0.0133  D=0.333
[regir_untied4] 7:09:50  811,731/1,000,000  13.6/s  upd=21080  L=0.0138  D=0.333
[regir_untied4] 7:10:00  811,990/1,000,000  13.6/s  upd=21086  L=0.0133  D=0.333
[regir_untied4] 7:10:10  811,990/1,000,000  13.6/s  upd=21088  L=0.0135  D=0.333
[regir_untied4] 7:10:20  812,221/1,000,000  13.6/s  upd=21096  L=0.0093  D=0.333
[regir_untied4] 7:10:32  812,496/1,000,000  13.6/s  upd=21097  L=0.0095  D=0.333
[regir_untied4] 7:10:42  812,496/1,000,000  13.6/s  upd=21104  L=0.0111  D=0.333
[regir_untied4] 7:10:53  812,785/1,000,000  13.6/s  upd=21109  L=0.0145  D=0.333
[regir_untied4] 7:11:03  812,785/1,000,000  13.6/s  upd=21112  L=0.0157  D=0.333
[regir_untied4] 7:11:14  813,034/1,000,000  13.6/s  upd=21118  L=0.0123  D=0.333
[regir_untied4] 7:11:25  813,337/1,000,000  13.6/s  upd=21123  L=0.0153  D=0.333
[regir_untied4] 7:11:35  813,337/1,000,000  13.6/s  upd=21128  L=0.0137  D=0.333
[regir_untied4] 7:11:45  813,591/1,000,000  13.6/s  upd=21135  L=0.0121  D=0.333
[regir_untied4] 7:11:56  813,862/1,000,000  13.6/s  upd=21139  L=0.0115  D=0.333
[regir_untied4] 7:12:06  813,862/1,000,000  13.6/s  upd=21144  L=0.0161  D=0.333
[regir_untied4] 7:12:17  814,154/1,000,000  13.6/s  upd=21149  L=0.0117  D=0.333
[regir_untied4] 7:12:27  814,154/1,000,000  13.6/s  upd=21152  L=0.0116  D=0.333
[regir_untied4] 7:12:37  814,424/1,000,000  13.6/s  upd=21160  L=0.0087  D=0.333
[regir_untied4] 7:12:48  814,720/1,000,000  13.7/s  upd=21162  L=0.0116  D=0.333
[regir_untied4] 7:12:58  814,720/1,000,000  13.6/s  upd=21168  L=0.0091  D=0.333
[regir_untied4] 7:13:10  814,966/1,000,000  13.6/s  upd=21174  L=0.0103  D=0.333
[regir_untied4] 7:13:20  814,966/1,000,000  13.6/s  upd=21176  L=0.0092  D=0.333
[regir_untied4] 7:13:30  815,198/1,000,000  13.6/s  upd=21184  L=0.0113  D=0.333
[regir_untied4] 7:13:41  815,467/1,000,000  13.7/s  upd=21187  L=0.0108  D=0.333
[regir_untied4] 7:13:51  815,467/1,000,000  13.6/s  upd=21192  L=0.0073  D=0.333
[regir_untied4] 7:14:01  815,746/1,000,000  13.7/s  upd=21197  L=0.0087  D=0.333
[regir_untied4] 7:14:12  816,002/1,000,000  13.7/s  upd=21201  L=0.0118  D=0.333
[regir_untied4] 7:14:22  816,002/1,000,000  13.7/s  upd=21208  L=0.0102  D=0.333
[regir_untied4] 7:14:32  816,280/1,000,000  13.7/s  upd=21209  L=0.0116  D=0.333
[regir_untied4] 7:14:42  816,280/1,000,000  13.7/s  upd=21216  L=0.0121  D=0.333
[regir_untied4] 7:14:54  816,525/1,000,000  13.7/s  upd=21220  L=0.0130  D=0.333
[regir_untied4] 7:15:04  816,525/1,000,000  13.6/s  upd=21224  L=0.0126  D=0.333
[regir_untied4] 7:15:14  816,786/1,000,000  13.7/s  upd=21232  L=0.0082  D=0.333
[regir_untied4] 7:15:25  817,086/1,000,000  13.7/s  upd=21235  L=0.0121  D=0.333
[regir_untied4] 7:15:36  817,086/1,000,000  13.7/s  upd=21240  L=0.0101  D=0.333
[regir_untied4] 7:15:46  817,367/1,000,000  13.7/s  upd=21245  L=0.0088  D=0.333
[regir_untied4] 7:15:56  817,562/1,000,000  13.7/s  upd=21250  L=0.0083  D=0.333
[regir_untied4] 7:16:06  817,562/1,000,000  13.7/s  upd=21256  L=0.0099  D=0.333
[regir_untied4] 7:16:18  817,835/1,000,000  13.7/s  upd=21261  L=0.0224  D=0.333
[regir_untied4] 7:16:28  818,089/1,000,000  13.7/s  upd=21265  L=0.0245  D=0.333
[regir_untied4] 7:16:38  818,089/1,000,000  13.7/s  upd=21272  L=0.0101  D=0.333
[regir_untied4] 7:16:49  818,342/1,000,000  13.7/s  upd=21276  L=0.0085  D=0.333
[regir_untied4] saved resume t_env=818,342
[regir_untied4] 7:16:59  818,342/1,000,000  13.7/s  upd=21280  L=0.0113  D=0.333
[regir_untied4] 7:17:10  818,559/1,000,000  13.7/s  upd=21287  L=0.0094  D=0.333
[regir_untied4] 7:17:21  818,790/1,000,000  13.7/s  upd=21290  L=0.0090  D=0.333
[regir_untied4] 7:17:31  818,790/1,000,000  13.7/s  upd=21296  L=0.0106  D=0.333
[regir_untied4] 7:17:41  819,061/1,000,000  13.7/s  upd=21304  L=0.0170  D=0.333
[regir_untied4] 7:17:52  819,344/1,000,000  13.7/s  upd=21306  L=0.0104  D=0.333
[regir_untied4] 7:18:02  819,344/1,000,000  13.7/s  upd=21312  L=0.0115  D=0.333
[regir_untied4] 7:18:13  819,592/1,000,000  13.7/s  upd=21317  L=0.0115  D=0.333
[regir_untied4] 7:18:23  819,875/1,000,000  13.7/s  upd=21322  L=0.0161  D=0.333
[regir_untied4] 7:18:34  819,875/1,000,000  13.7/s  upd=21328  L=0.0096  D=0.333
[regir_untied4] 7:18:44  819,875/1,000,000  13.7/s  upd=21328  L=0.0096  D=0.333
[regir_untied4] 7:18:55  820,190/1,000,000  13.7/s  upd=21335  L=0.0070  D=0.333
[regir_untied4] saved resume t_env=820,190
[regir_untied4] 7:19:05  820,190/1,000,000  13.7/s  upd=21336  L=0.0111  ev=0/100  D=0.333
[regir_untied4] 7:19:15  820,190/1,000,000  13.7/s  upd=21336  L=0.0111  ev=16/100  D=0.333
[regir_untied4] 7:19:25  820,190/1,000,000  13.7/s  upd=21336  L=0.0111  ev=24/100  D=0.333
[regir_untied4] 7:19:35  820,190/1,000,000  13.6/s  upd=21336  L=0.0111  ev=40/100  D=0.333
[regir_untied4] 7:19:45  820,190/1,000,000  13.6/s  upd=21336  L=0.0111  ev=48/100  D=0.333
[regir_untied4] 7:19:56  820,190/1,000,000  13.6/s  upd=21336  L=0.0111  ev=64/100  D=0.333
[regir_untied4] 7:20:06  820,190/1,000,000  13.6/s  upd=21336  L=0.0111  ev=79/100  D=0.333
[regir_untied4] 7:20:16  820,190/1,000,000  13.6/s  upd=21336  L=0.0111  ev=88/100  D=0.333
[regir_untied4] 7:20:26  820,190/1,000,000  13.6/s  upd=21336  L=0.0111  ev=96/100  D=0.333
[regir_untied4] 7:20:37  820,435/1,000,000  13.6/s  upd=21340  L=0.0128  D=0.194
[regir_untied4] 7:20:47  820,435/1,000,000  13.6/s  upd=21344  L=0.0087  D=0.194
[regir_untied4] 7:20:58  820,690/1,000,000  13.6/s  upd=21350  L=0.0062  D=0.194
[regir_untied4] 7:21:08  820,929/1,000,000  13.6/s  upd=21355  L=0.0122  D=0.194
[regir_untied4] 7:21:18  820,929/1,000,000  13.6/s  upd=21360  L=0.0109  D=0.194
[regir_untied4] 7:21:29  821,176/1,000,000  13.6/s  upd=21366  L=0.0128  D=0.194
[regir_untied4] 7:21:39  821,411/1,000,000  13.6/s  upd=21371  L=0.0109  D=0.194
[regir_untied4] 7:21:49  821,411/1,000,000  13.6/s  upd=21376  L=0.0337  D=0.194
[regir_untied4] 7:21:59  821,675/1,000,000  13.6/s  upd=21380  L=0.0124  D=0.194
[regir_untied4] 7:22:10  821,675/1,000,000  13.6/s  upd=21384  L=0.0126  D=0.194
[regir_untied4] 7:22:20  821,956/1,000,000  13.6/s  upd=21389  L=0.0117  D=0.194
[regir_untied4] 7:22:30  821,956/1,000,000  13.6/s  upd=21392  L=0.0124  D=0.194
[regir_untied4] 7:22:41  822,225/1,000,000  13.6/s  upd=21398  L=0.0130  D=0.194
[regir_untied4] 7:22:51  822,452/1,000,000  13.6/s  upd=21401  L=0.0097  D=0.194
[regir_untied4] 7:23:01  822,452/1,000,000  13.6/s  upd=21408  L=0.0122  D=0.194
[regir_untied4] 7:23:11  822,703/1,000,000  13.6/s  upd=21415  L=0.0136  D=0.194
[regir_untied4] 7:23:22  822,948/1,000,000  13.6/s  upd=21421  L=0.0094  D=0.194
[regir_untied4] 7:23:32  823,205/1,000,000  13.6/s  upd=21426  L=0.0134  D=0.194
[regir_untied4] 7:23:43  823,205/1,000,000  13.6/s  upd=21432  L=0.0146  D=0.194
[regir_untied4] 7:23:53  823,474/1,000,000  13.6/s  upd=21440  L=0.0138  D=0.194
[regir_untied4] 7:24:03  823,720/1,000,000  13.6/s  upd=21445  L=0.0106  D=0.194
[regir_untied4] 7:24:13  823,966/1,000,000  13.6/s  upd=21451  L=0.0160  D=0.194
[regir_untied4] 7:24:24  824,183/1,000,000  13.6/s  upd=21458  L=0.0094  D=0.194
[regir_untied4] 7:24:34  824,407/1,000,000  13.7/s  upd=21467  L=0.0123  D=0.194
[regir_untied4] 7:24:45  824,619/1,000,000  13.7/s  upd=21476  L=0.0147  D=0.194
[regir_untied4] 7:24:55  824,881/1,000,000  13.7/s  upd=21484  L=0.0141  D=0.194
[regir_untied4] 7:25:06  824,881/1,000,000  13.7/s  upd=21488  L=0.0161  D=0.194
[regir_untied4] 7:25:16  825,167/1,000,000  13.7/s  upd=21496  L=0.0160  D=0.194
[regir_untied4] 7:25:26  825,423/1,000,000  13.7/s  upd=21501  L=0.0113  D=0.194
[regir_untied4] 7:25:36  825,720/1,000,000  13.7/s  upd=21506  L=0.0094  D=0.194
[regir_untied4] 7:25:46  825,720/1,000,000  13.7/s  upd=21512  L=0.0108  D=0.194
[regir_untied4] 7:25:56  825,988/1,000,000  13.7/s  upd=21517  L=0.0138  D=0.194
[regir_untied4] 7:26:07  825,988/1,000,000  13.7/s  upd=21520  L=0.0083  D=0.194
[regir_untied4] 7:26:17  826,216/1,000,000  13.7/s  upd=21526  L=0.0106  D=0.194
[regir_untied4] 7:26:29  826,445/1,000,000  13.7/s  upd=21532  L=0.0075  D=0.194
[regir_untied4] 7:26:39  826,445/1,000,000  13.7/s  upd=21536  L=0.0129  D=0.194
[regir_untied4] 7:26:50  826,663/1,000,000  13.7/s  upd=21544  L=0.0265  D=0.194
[regir_untied4] 7:27:00  826,663/1,000,000  13.7/s  upd=21544  L=0.0265  D=0.194
[regir_untied4] 7:27:10  826,975/1,000,000  13.7/s  upd=21552  L=0.0111  D=0.194
[regir_untied4] 7:27:20  827,274/1,000,000  13.7/s  upd=21555  L=0.0100  D=0.194
[regir_untied4] 7:27:30  827,274/1,000,000  13.7/s  upd=21560  L=0.0095  D=0.194
[regir_untied4] 7:27:40  827,559/1,000,000  13.7/s  upd=21562  L=0.0076  D=0.194
[regir_untied4] 7:27:51  827,559/1,000,000  13.7/s  upd=21568  L=0.0098  D=0.194
[regir_untied4] 7:28:02  827,867/1,000,000  13.7/s  upd=21573  L=0.0102  D=0.194
[regir_untied4] 7:28:12  827,867/1,000,000  13.7/s  upd=21576  L=0.0080  D=0.194
[regir_untied4] 7:28:22  828,138/1,000,000  13.7/s  upd=21584  L=0.0094  D=0.194
[regir_untied4] 7:28:32  828,413/1,000,000  13.7/s  upd=21585  L=0.0118  D=0.194
[regir_untied4] 7:28:42  828,413/1,000,000  13.7/s  upd=21592  L=0.0077  D=0.194
[regir_untied4] 7:28:53  828,666/1,000,000  13.7/s  upd=21595  L=0.0114  D=0.194
[regir_untied4] saved resume t_env=828,666
[regir_untied4] 7:29:03  828,666/1,000,000  13.7/s  upd=21600  L=0.0067  D=0.194
[regir_untied4] 7:29:14  828,920/1,000,000  13.7/s  upd=21603  L=0.0080  D=0.194
[regir_untied4] 7:29:24  828,920/1,000,000  13.7/s  upd=21608  L=0.0069  D=0.194
[regir_untied4] 7:29:35  829,195/1,000,000  13.7/s  upd=21616  L=0.0103  D=0.194
[regir_untied4] 7:29:46  829,443/1,000,000  13.7/s  upd=21618  L=0.0116  D=0.194
[regir_untied4] 7:29:56  829,443/1,000,000  13.7/s  upd=21624  L=0.0121  D=0.194
[regir_untied4] 7:30:08  829,684/1,000,000  13.7/s  upd=21630  L=0.0159  D=0.194
[regir_untied4] 7:30:18  829,684/1,000,000  13.7/s  upd=21632  L=0.0079  D=0.194
[regir_untied4] 7:30:28  829,922/1,000,000  13.7/s  upd=21639  L=0.0188  D=0.194
[regir_untied4] 7:30:38  829,922/1,000,000  13.7/s  upd=21640  L=0.0130  D=0.194
[regir_untied4] 7:30:48  830,183/1,000,000  13.7/s  upd=21647  L=0.0124  D=0.194
[regir_untied4] 7:30:58  830,183/1,000,000  13.7/s  upd=21648  L=0.0077  D=0.194
[regir_untied4] 7:31:08  830,526/1,000,000  13.7/s  upd=21654  L=0.0111  D=0.194
[regir_untied4] 7:31:19  830,526/1,000,000  13.7/s  upd=21656  L=0.0106  D=0.194
[regir_untied4] 7:31:30  830,768/1,000,000  13.7/s  upd=21663  L=0.0103  D=0.194
[regir_untied4] 7:31:41  831,010/1,000,000  13.7/s  upd=21668  L=0.0167  D=0.194
[regir_untied4] 7:31:51  831,010/1,000,000  13.7/s  upd=21672  L=0.0192  D=0.194
[regir_untied4] 7:32:02  831,316/1,000,000  13.7/s  upd=21677  L=0.0105  D=0.194
[regir_untied4] 7:32:13  831,571/1,000,000  13.7/s  upd=21681  L=0.0111  D=0.194
[regir_untied4] 7:32:23  831,571/1,000,000  13.7/s  upd=21688  L=0.0110  D=0.194
[regir_untied4] 7:32:33  831,830/1,000,000  13.7/s  upd=21694  L=0.0118  D=0.194
[regir_untied4] 7:32:44  831,830/1,000,000  13.7/s  upd=21696  L=0.0135  D=0.194
[regir_untied4] 7:32:54  832,108/1,000,000  13.7/s  upd=21704  L=0.0102  D=0.194
[regir_untied4] 7:33:06  832,375/1,000,000  13.7/s  upd=21706  L=0.0130  D=0.194
[regir_untied4] 7:33:16  832,375/1,000,000  13.7/s  upd=21712  L=0.0098  D=0.194
[regir_untied4] 7:33:27  832,656/1,000,000  13.7/s  upd=21718  L=0.0109  D=0.194
[regir_untied4] 7:33:37  832,922/1,000,000  13.7/s  upd=21722  L=0.0095  D=0.194
[regir_untied4] 7:33:47  832,922/1,000,000  13.7/s  upd=21728  L=0.0135  D=0.194
[regir_untied4] 7:33:59  833,169/1,000,000  13.7/s  upd=21731  L=0.0103  D=0.194
[regir_untied4] 7:34:09  833,169/1,000,000  13.7/s  upd=21736  L=0.0123  D=0.194
[regir_untied4] 7:34:19  833,458/1,000,000  13.7/s  upd=21741  L=0.0118  D=0.194
[regir_untied4] 7:34:30  833,698/1,000,000  13.7/s  upd=21746  L=0.0200  D=0.194
[regir_untied4] 7:34:40  833,698/1,000,000  13.7/s  upd=21752  L=0.0143  D=0.194
[regir_untied4] 7:34:50  833,980/1,000,000  13.7/s  upd=21756  L=0.0163  D=0.194
[regir_untied4] 7:35:01  833,980/1,000,000  13.7/s  upd=21760  L=0.0127  D=0.194
[regir_untied4] 7:35:12  834,234/1,000,000  13.7/s  upd=21765  L=0.0108  D=0.194
[regir_untied4] 7:35:22  834,483/1,000,000  13.7/s  upd=21769  L=0.0058  D=0.194
[regir_untied4] 7:35:32  834,483/1,000,000  13.7/s  upd=21776  L=0.0090  D=0.194
[regir_untied4] 7:35:43  834,725/1,000,000  13.7/s  upd=21780  L=0.0190  D=0.194
[regir_untied4] 7:35:53  834,725/1,000,000  13.7/s  upd=21784  L=0.0141  D=0.194
[regir_untied4] 7:36:03  835,000/1,000,000  13.7/s  upd=21789  L=0.0099  D=0.194
[regir_untied4] 7:36:13  835,000/1,000,000  13.7/s  upd=21792  L=0.0121  D=0.194
[regir_untied4] 7:36:24  835,262/1,000,000  13.7/s  upd=21800  L=0.0153  D=0.194
[regir_untied4] 7:36:35  835,497/1,000,000  13.7/s  upd=21805  L=0.0103  D=0.194
[regir_untied4] 7:36:45  835,497/1,000,000  13.7/s  upd=21808  L=0.0091  D=0.194
[regir_untied4] 7:36:55  835,762/1,000,000  13.7/s  upd=21815  L=0.0116  D=0.194
[regir_untied4] 7:37:07  835,988/1,000,000  13.7/s  upd=21819  L=0.0097  D=0.194
[regir_untied4] 7:37:17  836,234/1,000,000  13.7/s  upd=21825  L=0.0101  D=0.194
[regir_untied4] 7:37:27  836,234/1,000,000  13.7/s  upd=21832  L=0.0135  D=0.194
[regir_untied4] 7:37:38  836,489/1,000,000  13.7/s  upd=21837  L=0.0094  D=0.194
[regir_untied4] 7:37:48  836,489/1,000,000  13.7/s  upd=21840  L=0.0084  D=0.194
[regir_untied4] 7:37:59  836,732/1,000,000  13.7/s  upd=21848  L=0.0111  D=0.194
[regir_untied4] 7:38:09  837,023/1,000,000  13.7/s  upd=21851  L=0.0096  D=0.194
[regir_untied4] 7:38:19  837,023/1,000,000  13.7/s  upd=21856  L=0.0063  D=0.194
[regir_untied4] 7:38:29  837,269/1,000,000  13.7/s  upd=21862  L=0.0090  D=0.194
[regir_untied4] 7:38:40  837,495/1,000,000  13.7/s  upd=21865  L=0.0076  D=0.194
[regir_untied4] 7:38:50  837,495/1,000,000  13.7/s  upd=21872  L=0.0086  D=0.194
[regir_untied4] 7:39:01  837,783/1,000,000  13.7/s  upd=21877  L=0.0096  D=0.194
[regir_untied4] saved resume t_env=837,783
[regir_untied4] 7:39:11  837,783/1,000,000  13.7/s  upd=21880  L=0.0105  D=0.194
[regir_untied4] 7:39:22  838,064/1,000,000  13.7/s  upd=21886  L=0.0169  D=0.194
[regir_untied4] 7:39:32  838,064/1,000,000  13.7/s  upd=21888  L=0.0184  D=0.194
[regir_untied4] 7:39:42  838,333/1,000,000  13.7/s  upd=21895  L=0.0186  D=0.194
[regir_untied4] 7:39:53  838,587/1,000,000  13.7/s  upd=21897  L=0.0094  D=0.194
[regir_untied4] 7:40:03  838,587/1,000,000  13.7/s  upd=21904  L=0.0133  D=0.194
[regir_untied4] 7:40:14  838,799/1,000,000  13.7/s  upd=21909  L=0.0140  D=0.194
[regir_untied4] 7:40:25  839,047/1,000,000  13.7/s  upd=21914  L=0.0059  D=0.194
[regir_untied4] 7:40:35  839,047/1,000,000  13.7/s  upd=21920  L=0.0091  D=0.194
[regir_untied4] 7:40:46  839,275/1,000,000  13.7/s  upd=21926  L=0.0078  D=0.194
[regir_untied4] 7:40:56  839,275/1,000,000  13.7/s  upd=21928  L=0.0192  D=0.194
[regir_untied4] 7:41:06  839,501/1,000,000  13.7/s  upd=21936  L=0.0083  D=0.194
[regir_untied4] 7:41:17  839,749/1,000,000  13.7/s  upd=21942  L=0.0098  D=0.194
[regir_untied4] 7:41:27  839,749/1,000,000  13.7/s  upd=21944  L=0.0125  D=0.194
[regir_untied4] 7:41:37  839,973/1,000,000  13.7/s  upd=21952  L=0.0080  D=0.194
[regir_untied4] 7:41:48  840,221/1,000,000  13.7/s  upd=21958  L=0.0122  D=0.194
[regir_untied4] saved resume t_env=840,221
[regir_untied4] 7:41:58  840,221/1,000,000  13.7/s  upd=21960  L=0.0191  ev=0/100  D=0.194
[regir_untied4] 7:42:08  840,221/1,000,000  13.7/s  upd=21960  L=0.0191  ev=8/100  D=0.194
[regir_untied4] 7:42:18  840,221/1,000,000  13.7/s  upd=21960  L=0.0191  ev=24/100  D=0.194
[regir_untied4] 7:42:29  840,221/1,000,000  13.7/s  upd=21960  L=0.0191  ev=41/100  D=0.194
[regir_untied4] 7:42:39  840,221/1,000,000  13.7/s  upd=21960  L=0.0191  ev=49/100  D=0.194
[regir_untied4] 7:42:49  840,221/1,000,000  13.7/s  upd=21960  L=0.0191  ev=66/100  D=0.194
[regir_untied4] 7:42:59  840,221/1,000,000  13.7/s  upd=21960  L=0.0191  ev=80/100  D=0.194
[regir_untied4] 7:43:09  840,221/1,000,000  13.7/s  upd=21960  L=0.0191  ev=96/100  D=0.194
[regir_untied4] 7:43:19  840,221/1,000,000  13.7/s  upd=21960  L=0.0191  D=0.129
[regir_untied4] 7:43:30  840,487/1,000,000  13.7/s  upd=21966  L=0.0135  D=0.129
[regir_untied4] 7:43:41  840,724/1,000,000  13.7/s  upd=21971  L=0.0118  D=0.129
[regir_untied4] 7:43:51  840,724/1,000,000  13.7/s  upd=21976  L=0.0123  D=0.129
[regir_untied4] 7:44:01  841,016/1,000,000  13.7/s  upd=21983  L=0.0105  D=0.129
[regir_untied4] 7:44:12  841,291/1,000,000  13.7/s  upd=21986  L=0.0077  D=0.129
[regir_untied4] 7:44:23  841,532/1,000,000  13.7/s  upd=21993  L=0.0110  D=0.129
[regir_untied4] 7:44:34  841,532/1,000,000  13.7/s  upd=22000  L=0.0122  D=0.129
[regir_untied4] 7:44:45  841,806/1,000,000  13.7/s  upd=22005  L=0.0097  D=0.129
[regir_untied4] 7:44:55  841,806/1,000,000  13.7/s  upd=22008  L=0.0137  D=0.129
[regir_untied4] 7:45:06  842,027/1,000,000  13.7/s  upd=22014  L=0.0093  D=0.129
[regir_untied4] 7:45:16  842,027/1,000,000  13.7/s  upd=22016  L=0.0065  D=0.129
[regir_untied4] 7:45:27  842,307/1,000,000  13.7/s  upd=22024  L=0.0106  D=0.129
[regir_untied4] 7:45:38  842,561/1,000,000  13.7/s  upd=22029  L=0.0099  D=0.129
[regir_untied4] 7:45:48  842,561/1,000,000  13.7/s  upd=22032  L=0.0213  D=0.129
[regir_untied4] 7:45:58  842,808/1,000,000  13.7/s  upd=22040  L=0.0101  D=0.129
[regir_untied4] 7:46:09  843,075/1,000,000  13.7/s  upd=22044  L=0.0109  D=0.129
[regir_untied4] 7:46:20  843,348/1,000,000  13.7/s  upd=22050  L=0.0137  D=0.129
[regir_untied4] 7:46:30  843,348/1,000,000  13.7/s  upd=22056  L=0.0068  D=0.129
[regir_untied4] 7:46:40  843,588/1,000,000  13.7/s  upd=22060  L=0.0079  D=0.129
[regir_untied4] 7:46:50  843,588/1,000,000  13.7/s  upd=22064  L=0.0080  D=0.129
[regir_untied4] 7:47:01  843,871/1,000,000  13.7/s  upd=22070  L=0.0097  D=0.129
[regir_untied4] 7:47:12  844,120/1,000,000  13.7/s  upd=22076  L=0.0067  D=0.129
[regir_untied4] 7:47:22  844,120/1,000,000  13.7/s  upd=22080  L=0.0092  D=0.129
[regir_untied4] 7:47:32  844,352/1,000,000  13.7/s  upd=22088  L=0.0090  D=0.129
[regir_untied4] 7:47:44  844,637/1,000,000  13.7/s  upd=22092  L=0.0125  D=0.129
[regir_untied4] 7:47:54  844,887/1,000,000  13.7/s  upd=22097  L=0.0131  D=0.129
[regir_untied4] 7:48:04  844,887/1,000,000  13.7/s  upd=22104  L=0.0127  D=0.129
[regir_untied4] 7:48:14  845,157/1,000,000  13.7/s  upd=22108  L=0.0155  D=0.129
[regir_untied4] 7:48:25  845,394/1,000,000  13.7/s  upd=22113  L=0.0086  D=0.129
[regir_untied4] 7:48:35  845,394/1,000,000  13.7/s  upd=22120  L=0.0169  D=0.129
[regir_untied4] 7:48:46  845,733/1,000,000  13.7/s  upd=22127  L=0.0201  D=0.129
[regir_untied4] 7:48:56  846,010/1,000,000  13.7/s  upd=22135  L=0.0153  D=0.129
[regir_untied4] 7:49:06  846,288/1,000,000  13.7/s  upd=22143  L=0.0099  D=0.129
[regir_untied4] 7:49:17  846,551/1,000,000  13.7/s  upd=22151  L=0.0137  D=0.129
[regir_untied4] 7:49:27  846,828/1,000,000  13.7/s  upd=22159  L=0.0093  D=0.129
[regir_untied4] 7:49:37  847,082/1,000,000  13.7/s  upd=22167  L=0.0105  D=0.129
[regir_untied4] 7:49:48  847,347/1,000,000  13.7/s  upd=22174  L=0.0079  D=0.129
[regir_untied4] 7:49:58  847,579/1,000,000  13.7/s  upd=22180  L=0.0179  D=0.129
[regir_untied4] 7:50:08  847,579/1,000,000  13.7/s  upd=22184  L=0.0213  D=0.129
[regir_untied4] 7:50:19  847,862/1,000,000  13.7/s  upd=22191  L=0.0679  D=0.129
[regir_untied4] 7:50:30  848,138/1,000,000  13.7/s  upd=22196  L=0.0113  D=0.129
[regir_untied4] 7:50:40  848,423/1,000,000  13.7/s  upd=22203  L=0.0118  D=0.129
[regir_untied4] 7:50:50  848,651/1,000,000  13.7/s  upd=22209  L=0.0092  D=0.129
[regir_untied4] 7:51:00  848,651/1,000,000  13.7/s  upd=22216  L=0.0137  D=0.129
[regir_untied4] 7:51:11  848,892/1,000,000  13.7/s  upd=22224  L=0.0077  D=0.129
[regir_untied4] 7:51:21  849,172/1,000,000  13.8/s  upd=22229  L=0.0145  D=0.129
[regir_untied4] 7:51:31  849,404/1,000,000  13.8/s  upd=22234  L=0.0125  D=0.129
[regir_untied4] 7:51:41  849,404/1,000,000  13.8/s  upd=22240  L=0.0139  D=0.129
[regir_untied4] 7:51:52  849,689/1,000,000  13.8/s  upd=22244  L=0.0103  D=0.129
[regir_untied4] saved resume t_env=849,689
[regir_untied4] 7:52:09  849,689/1,000,000  13.7/s  upd=22248  L=0.0123  D=0.129
[regir_untied4] 7:52:21  849,930/1,000,000  13.8/s  upd=22252  L=0.0078  D=0.129
[regir_untied4] 7:52:31  849,930/1,000,000  13.7/s  upd=22256  L=0.0086  D=0.129
[regir_untied4] 7:52:42  850,197/1,000,000  13.7/s  upd=22260  L=0.0097  D=0.129
[regir_untied4] 7:52:52  850,197/1,000,000  13.7/s  upd=22264  L=0.0094  D=0.129
[regir_untied4] 7:53:02  850,424/1,000,000  13.7/s  upd=22269  L=0.0061  D=0.129
[regir_untied4] 7:53:12  850,424/1,000,000  13.7/s  upd=22272  L=0.0131  D=0.129
[regir_untied4] 7:53:24  850,662/1,000,000  13.7/s  upd=22278  L=0.0061  D=0.129
[regir_untied4] 7:53:34  850,915/1,000,000  13.7/s  upd=22281  L=0.0133  D=0.129
[regir_untied4] 7:53:44  850,915/1,000,000  13.7/s  upd=22285  L=0.0065  D=0.129
[regir_untied4] 7:53:54  850,915/1,000,000  13.7/s  upd=22288  L=0.0164  D=0.129
[regir_untied4] 7:54:05  851,195/1,000,000  13.7/s  upd=22292  L=0.0096  D=0.129
[regir_untied4] 7:54:15  851,195/1,000,000  13.7/s  upd=22296  L=0.0081  D=0.129
[regir_untied4] 7:54:26  851,482/1,000,000  13.7/s  upd=22298  L=0.0083  D=0.129
[regir_untied4] 7:54:37  851,482/1,000,000  13.7/s  upd=22304  L=0.0067  D=0.129
[regir_untied4] 7:54:47  851,715/1,000,000  13.7/s  upd=22306  L=0.0108  D=0.129
[regir_untied4] 7:54:59  851,715/1,000,000  13.7/s  upd=22311  L=0.0179  D=0.129
[regir_untied4] 7:55:09  852,020/1,000,000  13.7/s  upd=22313  L=0.0137  D=0.129
[regir_untied4] 7:55:21  852,020/1,000,000  13.7/s  upd=22318  L=0.0081  D=0.129
[regir_untied4] 7:55:31  852,020/1,000,000  13.7/s  upd=22320  L=0.0114  D=0.129
[regir_untied4] 7:55:42  852,273/1,000,000  13.7/s  upd=22324  L=0.0115  D=0.129
[regir_untied4] 7:55:52  852,273/1,000,000  13.7/s  upd=22328  L=0.0110  D=0.129
[regir_untied4] 7:56:02  852,533/1,000,000  13.7/s  upd=22330  L=0.0145  D=0.129
[regir_untied4] 7:56:13  852,533/1,000,000  13.7/s  upd=22336  L=0.0113  D=0.129
[regir_untied4] 7:56:25  852,812/1,000,000  13.7/s  upd=22338  L=0.0153  D=0.129
[regir_untied4] 7:56:37  852,812/1,000,000  13.7/s  upd=22342  L=0.0173  D=0.129
[regir_untied4] 7:56:47  853,067/1,000,000  13.7/s  upd=22345  L=0.0163  D=0.129
[regir_untied4] 7:56:59  853,067/1,000,000  13.7/s  upd=22349  L=0.0099  D=0.129
[regir_untied4] 7:57:09  853,067/1,000,000  13.7/s  upd=22352  L=0.0104  D=0.129
[regir_untied4] 7:57:19  853,330/1,000,000  13.7/s  upd=22356  L=0.0101  D=0.129
[regir_untied4] 7:57:30  853,330/1,000,000  13.7/s  upd=22360  L=0.0107  D=0.129
[regir_untied4] 7:57:40  853,570/1,000,000  13.7/s  upd=22363  L=0.0093  D=0.129
[regir_untied4] 7:57:52  853,570/1,000,000  13.7/s  upd=22368  L=0.0059  D=0.129
[regir_untied4] 7:58:03  853,828/1,000,000  13.7/s  upd=22371  L=0.0087  D=0.129
[regir_untied4] 7:58:14  853,828/1,000,000  13.7/s  upd=22376  L=0.0090  D=0.129
[regir_untied4] 7:58:25  854,075/1,000,000  13.7/s  upd=22378  L=0.0127  D=0.129
[regir_untied4] 7:58:36  854,075/1,000,000  13.7/s  upd=22384  L=0.0138  D=0.129
[regir_untied4] 7:58:47  854,334/1,000,000  13.7/s  upd=22386  L=0.0103  D=0.129
[regir_untied4] 7:58:58  854,334/1,000,000  13.7/s  upd=22390  L=0.0059  D=0.129
[regir_untied4] 7:59:08  854,334/1,000,000  13.7/s  upd=22392  L=0.0094  D=0.129
[regir_untied4] 7:59:21  854,577/1,000,000  13.7/s  upd=22396  L=0.0091  D=0.129
[regir_untied4] 7:59:32  854,577/1,000,000  13.7/s  upd=22400  L=0.0101  D=0.129
[regir_untied4] 7:59:42  854,814/1,000,000  13.7/s  upd=22402  L=0.0120  D=0.129
[regir_untied4] 7:59:53  854,814/1,000,000  13.7/s  upd=22407  L=0.0099  D=0.129
[regir_untied4] 8:00:03  855,085/1,000,000  13.7/s  upd=22409  L=0.0083  D=0.129
[regir_untied4] 8:00:14  855,085/1,000,000  13.7/s  upd=22413  L=0.0120  D=0.129
[regir_untied4] 8:00:24  855,085/1,000,000  13.7/s  upd=22416  L=0.0084  D=0.129
[regir_untied4] 8:00:35  855,335/1,000,000  13.7/s  upd=22419  L=0.0108  D=0.129
[regir_untied4] 8:00:49  855,335/1,000,000  13.7/s  upd=22424  L=0.0114  D=0.129
[regir_untied4] 8:00:59  855,589/1,000,000  13.7/s  upd=22426  L=0.0064  D=0.129
[regir_untied4] 8:01:10  855,589/1,000,000  13.7/s  upd=22431  L=0.0096  D=0.129
[regir_untied4] 8:01:20  855,589/1,000,000  13.7/s  upd=22432  L=0.0078  D=0.129
[regir_untied4] 8:01:31  855,859/1,000,000  13.7/s  upd=22436  L=0.0096  D=0.129
[regir_untied4] 8:01:42  855,859/1,000,000  13.7/s  upd=22440  L=0.0108  D=0.129
[regir_untied4] 8:01:54  856,144/1,000,000  13.7/s  upd=22444  L=0.0086  D=0.129
[regir_untied4] 8:02:04  856,144/1,000,000  13.7/s  upd=22448  L=0.0105  D=0.129
[regir_untied4] 8:02:17  856,375/1,000,000  13.7/s  upd=22451  L=0.0130  D=0.129
[regir_untied4] 8:02:27  856,375/1,000,000  13.7/s  upd=22455  L=0.0196  D=0.129
[regir_untied4] saved resume t_env=856,375
[regir_untied4] 8:02:40  856,375/1,000,000  13.7/s  upd=22456  L=0.0128  D=0.129
[regir_untied4] 8:02:51  856,629/1,000,000  13.7/s  upd=22459  L=0.0093  D=0.129
[regir_untied4] 8:03:02  856,629/1,000,000  13.7/s  upd=22464  L=0.0248  D=0.129
[regir_untied4] 8:03:13  856,876/1,000,000  13.7/s  upd=22465  L=0.0110  D=0.129
[regir_untied4] 8:03:24  856,876/1,000,000  13.7/s  upd=22471  L=0.0084  D=0.129
[regir_untied4] 8:03:35  857,130/1,000,000  13.7/s  upd=22473  L=0.0065  D=0.129
[regir_untied4] 8:03:46  857,130/1,000,000  13.7/s  upd=22478  L=0.0081  D=0.129
[regir_untied4] 8:03:56  857,130/1,000,000  13.7/s  upd=22480  L=0.0122  D=0.129
[regir_untied4] 8:04:07  857,376/1,000,000  13.7/s  upd=22484  L=0.0099  D=0.129
[regir_untied4] 8:04:17  857,376/1,000,000  13.7/s  upd=22488  L=0.0099  D=0.129
[regir_untied4] 8:04:29  857,650/1,000,000  13.7/s  upd=22492  L=0.0141  D=0.129
[regir_untied4] 8:04:39  857,650/1,000,000  13.7/s  upd=22496  L=0.0110  D=0.129
[regir_untied4] 8:04:51  857,908/1,000,000  13.7/s  upd=22501  L=0.0179  D=0.129
[regir_untied4] 8:05:01  857,908/1,000,000  13.7/s  upd=22504  L=0.0180  D=0.129
[regir_untied4] 8:05:12  858,164/1,000,000  13.7/s  upd=22509  L=0.0076  D=0.129
[regir_untied4] 8:05:22  858,164/1,000,000  13.7/s  upd=22512  L=0.0101  D=0.129
[regir_untied4] 8:05:33  858,418/1,000,000  13.7/s  upd=22518  L=0.0195  D=0.129
[regir_untied4] 8:05:44  858,695/1,000,000  13.7/s  upd=22521  L=0.0249  D=0.129
[regir_untied4] 8:05:55  858,695/1,000,000  13.7/s  upd=22527  L=0.0072  D=0.129
[regir_untied4] 8:06:05  858,938/1,000,000  13.7/s  upd=22529  L=0.0099  D=0.129
[regir_untied4] 8:06:17  858,938/1,000,000  13.7/s  upd=22535  L=0.0071  D=0.129
[regir_untied4] 8:06:30  859,192/1,000,000  13.7/s  upd=22539  L=0.0076  D=0.129
[regir_untied4] 8:06:40  859,192/1,000,000  13.7/s  upd=22544  L=0.0147  D=0.129
[regir_untied4] 8:06:50  859,479/1,000,000  13.7/s  upd=22549  L=0.0331  D=0.129
[regir_untied4] 8:07:01  859,740/1,000,000  13.7/s  upd=22554  L=0.0076  D=0.129
[regir_untied4] 8:07:11  859,740/1,000,000  13.7/s  upd=22560  L=0.0082  D=0.129
[regir_untied4] 8:07:22  860,011/1,000,000  13.7/s  upd=22563  L=0.0090  D=0.129
[regir_untied4] saved resume t_env=860,011
[regir_untied4] 8:07:39  860,011/1,000,000  13.7/s  upd=22568  L=0.0053  ev=0/100  D=0.129
[regir_untied4] 8:07:49  860,011/1,000,000  13.7/s  upd=22568  L=0.0053  ev=14/100  D=0.129
[regir_untied4] 8:07:59  860,011/1,000,000  13.7/s  upd=22568  L=0.0053  ev=23/100  D=0.129
[regir_untied4] 8:08:09  860,011/1,000,000  13.6/s  upd=22568  L=0.0053  ev=38/100  D=0.129
[regir_untied4] 8:08:19  860,011/1,000,000  13.6/s  upd=22568  L=0.0053  ev=48/100  D=0.129
[regir_untied4] 8:08:29  860,011/1,000,000  13.6/s  upd=22568  L=0.0053  ev=64/100  D=0.129
[regir_untied4] 8:08:39  860,011/1,000,000  13.6/s  upd=22568  L=0.0053  ev=72/100  D=0.129
[regir_untied4] 8:08:50  860,011/1,000,000  13.6/s  upd=22568  L=0.0053  ev=96/100  D=0.129
[regir_untied4] 8:09:00  860,011/1,000,000  13.6/s  upd=22568  L=0.0053  D=0.467
[regir_untied4] 8:09:11  860,282/1,000,000  13.6/s  upd=22575  L=0.0070  D=0.467
[regir_untied4] 8:09:22  860,509/1,000,000  13.6/s  upd=22581  L=0.0105  D=0.467
[regir_untied4] 8:09:32  860,509/1,000,000  13.6/s  upd=22584  L=0.0109  D=0.467
[regir_untied4] 8:09:43  860,802/1,000,000  13.6/s  upd=22591  L=0.0099  D=0.467
[regir_untied4] 8:09:53  860,802/1,000,000  13.6/s  upd=22592  L=0.0070  D=0.467
[regir_untied4] 8:10:04  861,120/1,000,000  13.6/s  upd=22597  L=0.0204  D=0.467
[regir_untied4] 8:10:14  861,120/1,000,000  13.6/s  upd=22600  L=0.0074  D=0.467
[regir_untied4] 8:10:25  861,448/1,000,000  13.6/s  upd=22607  L=0.0258  D=0.467
[regir_untied4] 8:10:35  861,448/1,000,000  13.6/s  upd=22608  L=0.0088  D=0.467
[regir_untied4] 8:10:45  861,786/1,000,000  13.6/s  upd=22616  L=0.0074  D=0.467
[regir_untied4] 8:10:56  862,118/1,000,000  13.6/s  upd=22618  L=0.0088  D=0.467
[regir_untied4] 8:11:06  862,118/1,000,000  13.6/s  upd=22624  L=0.0073  D=0.467
[regir_untied4] 8:11:17  862,374/1,000,000  13.6/s  upd=22628  L=0.0104  D=0.467
[regir_untied4] 8:11:27  862,374/1,000,000  13.6/s  upd=22632  L=0.0112  D=0.467
[regir_untied4] 8:11:37  862,629/1,000,000  13.6/s  upd=22639  L=0.0086  D=0.467
[regir_untied4] 8:11:48  862,900/1,000,000  13.6/s  upd=22644  L=0.0112  D=0.467
[regir_untied4] 8:11:58  862,900/1,000,000  13.6/s  upd=22648  L=0.0088  D=0.467
[regir_untied4] 8:12:09  863,154/1,000,000  13.6/s  upd=22656  L=0.0106  D=0.467
[regir_untied4] 8:12:19  863,428/1,000,000  13.6/s  upd=22657  L=0.0122  D=0.467
[regir_untied4] 8:12:29  863,428/1,000,000  13.6/s  upd=22664  L=0.0137  D=0.467
[regir_untied4] 8:12:40  863,688/1,000,000  13.6/s  upd=22668  L=0.0105  D=0.467
[regir_untied4] 8:12:50  863,688/1,000,000  13.6/s  upd=22672  L=0.0091  D=0.467
[regir_untied4] 8:13:02  863,949/1,000,000  13.6/s  upd=22680  L=0.0071  D=0.467
[regir_untied4] 8:13:12  864,263/1,000,000  13.7/s  upd=22681  L=0.0085  D=0.467
[regir_untied4] 8:13:23  864,263/1,000,000  13.6/s  upd=22688  L=0.0349  D=0.467
[regir_untied4] 8:13:33  864,533/1,000,000  13.7/s  upd=22690  L=0.0316  D=0.467
[regir_untied4] 8:13:43  864,533/1,000,000  13.6/s  upd=22696  L=0.0144  D=0.467
[regir_untied4] 8:13:53  864,842/1,000,000  13.7/s  upd=22699  L=0.0131  D=0.467
[regir_untied4] 8:14:03  864,842/1,000,000  13.6/s  upd=22704  L=0.0092  D=0.467
[regir_untied4] 8:14:15  865,095/1,000,000  13.7/s  upd=22708  L=0.0108  D=0.467
[regir_untied4] 8:14:25  865,095/1,000,000  13.6/s  upd=22712  L=0.0105  D=0.467
[regir_untied4] 8:14:36  865,363/1,000,000  13.7/s  upd=22717  L=0.0136  D=0.467
[regir_untied4] 8:14:46  865,363/1,000,000  13.6/s  upd=22720  L=0.0120  D=0.467
[regir_untied4] 8:14:57  865,609/1,000,000  13.7/s  upd=22724  L=0.0116  D=0.467
[regir_untied4] 8:15:07  865,609/1,000,000  13.6/s  upd=22728  L=0.0075  D=0.467
[regir_untied4] 8:15:17  865,912/1,000,000  13.7/s  upd=22733  L=0.0088  D=0.467
[regir_untied4] 8:15:27  865,912/1,000,000  13.6/s  upd=22736  L=0.0074  D=0.467
[regir_untied4] 8:15:38  866,161/1,000,000  13.7/s  upd=22740  L=0.0062  D=0.467
[regir_untied4] 8:15:48  866,161/1,000,000  13.6/s  upd=22744  L=0.0115  D=0.467
[regir_untied4] 8:15:58  866,392/1,000,000  13.6/s  upd=22747  L=0.0097  D=0.467
[regir_untied4] 8:16:10  866,392/1,000,000  13.6/s  upd=22752  L=0.0095  D=0.467
[regir_untied4] 8:16:24  866,619/1,000,000  13.6/s  upd=22756  L=0.0113  D=0.467
[regir_untied4] 8:16:34  866,619/1,000,000  13.6/s  upd=22760  L=0.0083  D=0.467
[regir_untied4] 8:16:44  866,902/1,000,000  13.6/s  upd=22763  L=0.0142  D=0.467
[regir_untied4] 8:16:54  866,902/1,000,000  13.6/s  upd=22768  L=0.0105  D=0.467
[regir_untied4] 8:17:05  867,195/1,000,000  13.6/s  upd=22771  L=0.0137  D=0.467
[regir_untied4] 8:17:16  867,195/1,000,000  13.6/s  upd=22776  L=0.0139  D=0.467
[regir_untied4] 8:17:27  867,473/1,000,000  13.6/s  upd=22778  L=0.0085  D=0.467
[regir_untied4] 8:17:38  867,473/1,000,000  13.6/s  upd=22782  L=0.0118  D=0.467
[regir_untied4] saved resume t_env=867,473
[regir_untied4] 8:18:01  867,473/1,000,000  13.6/s  upd=22784  L=0.0240  D=0.467
[regir_untied4] 8:18:12  867,746/1,000,000  13.6/s  upd=22786  L=0.0200  D=0.467
[regir_untied4] 8:18:24  867,746/1,000,000  13.6/s  upd=22792  L=0.0167  D=0.467
[regir_untied4] 8:18:35  867,967/1,000,000  13.6/s  upd=22795  L=0.0107  D=0.467
[regir_untied4] 8:18:45  867,967/1,000,000  13.6/s  upd=22799  L=0.0085  D=0.467
[regir_untied4] 8:18:56  868,282/1,000,000  13.6/s  upd=22802  L=0.0090  D=0.467
[regir_untied4] 8:19:10  868,282/1,000,000  13.6/s  upd=22807  L=0.0112  D=0.467
[regir_untied4] 8:19:22  868,566/1,000,000  13.6/s  upd=22809  L=0.0113  D=0.467
[regir_untied4] 8:19:33  868,566/1,000,000  13.6/s  upd=22813  L=0.0120  D=0.467
[regir_untied4] 8:19:43  868,566/1,000,000  13.6/s  upd=22816  L=0.0058  D=0.467
[regir_untied4] 8:19:55  868,828/1,000,000  13.6/s  upd=22819  L=0.0156  D=0.467
[regir_untied4] 8:20:06  868,828/1,000,000  13.6/s  upd=22823  L=0.0110  D=0.467
[regir_untied4] 8:20:16  869,080/1,000,000  13.6/s  upd=22826  L=0.0100  D=0.467
[regir_untied4] 8:20:27  869,080/1,000,000  13.6/s  upd=22831  L=0.0103  D=0.467
[regir_untied4] 8:20:39  869,341/1,000,000  13.6/s  upd=22834  L=0.0224  D=0.467
[regir_untied4] 8:20:52  869,341/1,000,000  13.6/s  upd=22839  L=0.0076  D=0.467
[regir_untied4] 8:21:03  869,649/1,000,000  13.6/s  upd=22842  L=0.0125  D=0.467
[regir_untied4] 8:21:15  869,649/1,000,000  13.6/s  upd=22847  L=0.0092  D=0.467
[regir_untied4] 8:21:29  869,950/1,000,000  13.6/s  upd=22850  L=0.0110  D=0.467
[regir_untied4] 8:21:39  869,950/1,000,000  13.6/s  upd=22855  L=0.0071  D=0.467
[regir_untied4] 8:21:50  870,234/1,000,000  13.6/s  upd=22857  L=0.0063  D=0.467
[regir_untied4] 8:22:02  870,234/1,000,000  13.6/s  upd=22863  L=0.0091  D=0.467
[regir_untied4] 8:22:13  870,486/1,000,000  13.6/s  upd=22865  L=0.0124  D=0.467
[regir_untied4] 8:22:23  870,486/1,000,000  13.6/s  upd=22870  L=0.0131  D=0.467
[regir_untied4] 8:22:33  870,737/1,000,000  13.6/s  upd=22873  L=0.0081  D=0.467
[regir_untied4] 8:22:44  870,737/1,000,000  13.6/s  upd=22879  L=0.0160  D=0.467
[regir_untied4] 8:22:55  870,999/1,000,000  13.6/s  upd=22881  L=0.0084  D=0.467
[regir_untied4] 8:23:06  870,999/1,000,000  13.6/s  upd=22887  L=0.0101  D=0.467
[regir_untied4] 8:23:17  871,246/1,000,000  13.6/s  upd=22889  L=0.0109  D=0.467
[regir_untied4] 8:23:28  871,246/1,000,000  13.6/s  upd=22895  L=0.0110  D=0.467
[regir_untied4] 8:23:39  871,491/1,000,000  13.6/s  upd=22898  L=0.0191  D=0.467
[regir_untied4] 8:23:52  871,491/1,000,000  13.6/s  upd=22903  L=0.0132  D=0.467
[regir_untied4] 8:24:03  871,767/1,000,000  13.6/s  upd=22907  L=0.0100  D=0.467
[regir_untied4] 8:24:13  871,767/1,000,000  13.6/s  upd=22912  L=0.0088  D=0.467
[regir_untied4] 8:24:23  872,029/1,000,000  13.6/s  upd=22916  L=0.0091  D=0.467
[regir_untied4] 8:24:33  872,029/1,000,000  13.6/s  upd=22920  L=0.0084  D=0.467
[regir_untied4] 8:24:43  872,310/1,000,000  13.6/s  upd=22924  L=0.0175  D=0.467
[regir_untied4] 8:24:53  872,310/1,000,000  13.6/s  upd=22928  L=0.0128  D=0.467
[regir_untied4] 8:25:04  872,563/1,000,000  13.6/s  upd=22932  L=0.0082  D=0.467
[regir_untied4] 8:25:14  872,563/1,000,000  13.6/s  upd=22936  L=0.0074  D=0.467
[regir_untied4] 8:25:26  872,815/1,000,000  13.6/s  upd=22944  L=0.0115  D=0.467
[regir_untied4] 8:25:38  873,076/1,000,000  13.6/s  upd=22948  L=0.0159  D=0.467
[regir_untied4] 8:25:48  873,307/1,000,000  13.6/s  upd=22953  L=0.0089  D=0.467
[regir_untied4] 8:26:00  873,307/1,000,000  13.6/s  upd=22959  L=0.0112  D=0.467
[regir_untied4] 8:26:11  873,539/1,000,000  13.6/s  upd=22965  L=0.0168  D=0.467
[regir_untied4] 8:26:21  873,539/1,000,000  13.6/s  upd=22968  L=0.0114  D=0.467
[regir_untied4] 8:26:33  873,824/1,000,000  13.6/s  upd=22975  L=0.0107  D=0.467
[regir_untied4] 8:26:43  874,057/1,000,000  13.6/s  upd=22977  L=0.0105  D=0.467
[regir_untied4] 8:26:53  874,057/1,000,000  13.6/s  upd=22984  L=0.0083  D=0.467
[regir_untied4] 8:27:03  874,331/1,000,000  13.6/s  upd=22988  L=0.0146  D=0.467
[regir_untied4] 8:27:13  874,331/1,000,000  13.6/s  upd=22992  L=0.0127  D=0.467
[regir_untied4] 8:27:23  874,646/1,000,000  13.6/s  upd=22997  L=0.0080  D=0.467
[regir_untied4] 8:27:34  874,902/1,000,000  13.6/s  upd=23001  L=0.0067  D=0.467
[regir_untied4] 8:27:44  874,902/1,000,000  13.6/s  upd=23008  L=0.0118  D=0.467
[regir_untied4] 8:27:54  875,144/1,000,000  13.6/s  upd=23015  L=0.0169  D=0.467
[regir_untied4] 8:28:06  875,390/1,000,000  13.6/s  upd=23017  L=0.0105  D=0.467
[regir_untied4] saved resume t_env=875,390
[regir_untied4] 8:28:17  875,390/1,000,000  13.6/s  upd=23024  L=0.0164  D=0.467
[regir_untied4] 8:28:28  875,642/1,000,000  13.6/s  upd=23026  L=0.0099  D=0.467
[regir_untied4] 8:28:38  875,642/1,000,000  13.6/s  upd=23032  L=0.0115  D=0.467
[regir_untied4] 8:28:49  875,910/1,000,000  13.6/s  upd=23040  L=0.0080  D=0.467
[regir_untied4] 8:29:00  876,153/1,000,000  13.6/s  upd=23043  L=0.0307  D=0.467
[regir_untied4] 8:29:10  876,153/1,000,000  13.6/s  upd=23048  L=0.0136  D=0.467
[regir_untied4] 8:29:22  876,432/1,000,000  13.6/s  upd=23056  L=0.0078  D=0.467
[regir_untied4] 8:29:33  876,671/1,000,000  13.6/s  upd=23062  L=0.0120  D=0.467
[regir_untied4] 8:29:46  876,929/1,000,000  13.6/s  upd=23066  L=0.0101  D=0.467
[regir_untied4] 8:29:56  877,183/1,000,000  13.6/s  upd=23073  L=0.0079  D=0.467
[regir_untied4] 8:30:07  877,183/1,000,000  13.6/s  upd=23080  L=0.0096  D=0.467
[regir_untied4] 8:30:17  877,461/1,000,000  13.6/s  upd=23085  L=0.0117  D=0.467
[regir_untied4] 8:30:27  877,461/1,000,000  13.6/s  upd=23088  L=0.0089  D=0.467
[regir_untied4] 8:30:38  877,728/1,000,000  13.6/s  upd=23096  L=0.0175  D=0.467
[regir_untied4] 8:30:49  877,987/1,000,000  13.6/s  upd=23099  L=0.0144  D=0.467
[regir_untied4] 8:30:59  877,987/1,000,000  13.6/s  upd=23104  L=0.0090  D=0.467
[regir_untied4] 8:31:09  878,269/1,000,000  13.6/s  upd=23111  L=0.0084  D=0.467
[regir_untied4] 8:31:20  878,580/1,000,000  13.6/s  upd=23114  L=0.0112  D=0.467
[regir_untied4] 8:31:30  878,580/1,000,000  13.6/s  upd=23120  L=0.0088  D=0.467
[regir_untied4] 8:31:41  878,850/1,000,000  13.6/s  upd=23124  L=0.0070  D=0.467
[regir_untied4] 8:31:52  879,120/1,000,000  13.6/s  upd=23131  L=0.0147  D=0.467
[regir_untied4] 8:32:02  879,120/1,000,000  13.6/s  upd=23136  L=0.0146  D=0.467
[regir_untied4] 8:32:13  879,382/1,000,000  13.6/s  upd=23143  L=0.0134  D=0.467
[regir_untied4] 8:32:23  879,382/1,000,000  13.6/s  upd=23144  L=0.0048  D=0.467
[regir_untied4] 8:32:33  879,679/1,000,000  13.6/s  upd=23152  L=0.0087  D=0.467
[regir_untied4] 8:32:44  879,941/1,000,000  13.6/s  upd=23158  L=0.0086  D=0.467
[regir_untied4] 8:32:55  880,218/1,000,000  13.6/s  upd=23161  L=0.0108  D=0.467
[regir_untied4] saved resume t_env=880,218
[regir_untied4] 8:33:08  880,218/1,000,000  13.6/s  upd=23168  L=0.0115  ev=0/100  D=0.467
[regir_untied4] 8:33:18  880,218/1,000,000  13.6/s  upd=23168  L=0.0115  ev=16/100  D=0.467
[regir_untied4] 8:33:28  880,218/1,000,000  13.6/s  upd=23168  L=0.0115  ev=24/100  D=0.467
[regir_untied4] 8:33:39  880,218/1,000,000  13.6/s  upd=23168  L=0.0115  ev=33/100  D=0.467
[regir_untied4] 8:33:49  880,218/1,000,000  13.6/s  upd=23168  L=0.0115  ev=52/100  D=0.467
[regir_untied4] 8:33:59  880,218/1,000,000  13.6/s  upd=23168  L=0.0115  ev=60/100  D=0.467
[regir_untied4] 8:34:09  880,218/1,000,000  13.6/s  upd=23168  L=0.0115  ev=75/100  D=0.467
[regir_untied4] 8:34:19  880,218/1,000,000  13.6/s  upd=23168  L=0.0115  ev=88/100  D=0.467
[regir_untied4] 8:34:29  880,218/1,000,000  13.6/s  upd=23168  L=0.0115  D=0.296
[regir_untied4] 8:34:40  880,471/1,000,000  13.6/s  upd=23171  L=0.0128  D=0.296
[regir_untied4] 8:34:50  880,735/1,000,000  13.6/s  upd=23177  L=0.0112  D=0.296
[regir_untied4] 8:35:01  880,735/1,000,000  13.6/s  upd=23184  L=0.0162  D=0.296
[regir_untied4] 8:35:11  880,961/1,000,000  13.6/s  upd=23190  L=0.0094  D=0.296
[regir_untied4] 8:35:21  880,961/1,000,000  13.6/s  upd=23192  L=0.0186  D=0.296
[regir_untied4] 8:35:31  881,211/1,000,000  13.6/s  upd=23200  L=0.0073  D=0.296
[regir_untied4] 8:35:42  881,545/1,000,000  13.6/s  upd=23201  L=0.0104  D=0.296
[regir_untied4] 8:35:52  881,545/1,000,000  13.6/s  upd=23208  L=0.0162  D=0.296
[regir_untied4] 8:36:02  881,827/1,000,000  13.6/s  upd=23214  L=0.0078  D=0.296
[regir_untied4] 8:36:13  882,089/1,000,000  13.6/s  upd=23219  L=0.0107  D=0.296
[regir_untied4] 8:36:24  882,364/1,000,000  13.6/s  upd=23225  L=0.0086  D=0.296
[regir_untied4] 8:36:34  882,364/1,000,000  13.6/s  upd=23232  L=0.0084  D=0.296
[regir_untied4] 8:36:46  882,630/1,000,000  13.6/s  upd=23240  L=0.0114  D=0.296
[regir_untied4] 8:36:56  882,885/1,000,000  13.6/s  upd=23242  L=0.0158  D=0.296
[regir_untied4] 8:37:07  882,885/1,000,000  13.6/s  upd=23248  L=0.0176  D=0.296
[regir_untied4] 8:37:17  883,133/1,000,000  13.6/s  upd=23255  L=0.0212  D=0.296
[regir_untied4] 8:37:28  883,394/1,000,000  13.6/s  upd=23261  L=0.0059  D=0.296
[regir_untied4] 8:37:39  883,664/1,000,000  13.6/s  upd=23265  L=0.0086  D=0.296
[regir_untied4] 8:37:49  883,664/1,000,000  13.6/s  upd=23272  L=0.0126  D=0.296
[regir_untied4] 8:38:00  883,899/1,000,000  13.6/s  upd=23279  L=0.0123  D=0.296
[regir_untied4] 8:38:11  884,188/1,000,000  13.6/s  upd=23281  L=0.0109  D=0.296
[regir_untied4] 8:38:21  884,188/1,000,000  13.6/s  upd=23288  L=0.0084  D=0.296
[regir_untied4] 8:38:32  884,456/1,000,000  13.6/s  upd=23294  L=0.0103  D=0.296
[regir_untied4] 8:38:42  884,795/1,000,000  13.6/s  upd=23300  L=0.0136  D=0.296
[regir_untied4] 8:38:52  884,795/1,000,000  13.6/s  upd=23304  L=0.0090  D=0.296
[regir_untied4] 8:39:03  885,060/1,000,000  13.6/s  upd=23311  L=0.0122  D=0.296
[regir_untied4] 8:39:14  885,344/1,000,000  13.6/s  upd=23316  L=0.0137  D=0.296
[regir_untied4] 8:39:24  885,344/1,000,000  13.6/s  upd=23320  L=0.0128  D=0.296
[regir_untied4] 8:39:36  885,681/1,000,000  13.6/s  upd=23328  L=0.0182  D=0.296
[regir_untied4] 8:39:46  885,968/1,000,000  13.7/s  upd=23330  L=0.0207  D=0.296
[regir_untied4] 8:39:56  885,968/1,000,000  13.6/s  upd=23336  L=0.0165  D=0.296
[regir_untied4] 8:40:06  886,273/1,000,000  13.7/s  upd=23340  L=0.0099  D=0.296
[regir_untied4] 8:40:16  886,566/1,000,000  13.7/s  upd=23345  L=0.0075  D=0.296
[regir_untied4] 8:40:27  886,566/1,000,000  13.7/s  upd=23352  L=0.0079  D=0.296
[regir_untied4] 8:40:37  886,853/1,000,000  13.7/s  upd=23360  L=0.0114  D=0.296
[regir_untied4] 8:40:47  887,109/1,000,000  13.7/s  upd=23368  L=0.0108  D=0.296
[regir_untied4] 8:40:57  887,364/1,000,000  13.7/s  upd=23376  L=0.0106  D=0.296
[regir_untied4] 8:41:07  887,630/1,000,000  13.7/s  upd=23384  L=0.0093  D=0.296
[regir_untied4] 8:41:17  887,893/1,000,000  13.7/s  upd=23392  L=0.0103  D=0.296
[regir_untied4] 8:41:27  888,183/1,000,000  13.7/s  upd=23400  L=0.0115  D=0.296
[regir_untied4] 8:41:37  888,414/1,000,000  13.7/s  upd=23408  L=0.0225  D=0.296
[regir_untied4] 8:41:47  888,679/1,000,000  13.7/s  upd=23416  L=0.0071  D=0.296
[regir_untied4] 8:41:57  888,977/1,000,000  13.7/s  upd=23424  L=0.0186  D=0.296
[regir_untied4] 8:42:07  889,265/1,000,000  13.7/s  upd=23432  L=0.0083  D=0.296
[regir_untied4] 8:42:17  889,557/1,000,000  13.7/s  upd=23438  L=0.0136  D=0.296
[regir_untied4] 8:42:28  889,805/1,000,000  13.7/s  upd=23444  L=0.0077  D=0.296
[regir_untied4] 8:42:38  890,082/1,000,000  13.7/s  upd=23448  L=0.0100  D=0.296
[regir_untied4] 8:42:48  890,082/1,000,000  13.7/s  upd=23456  L=0.0085  D=0.296
[regir_untied4] 8:42:59  890,379/1,000,000  13.7/s  upd=23458  L=0.0049  D=0.296
[regir_untied4] saved resume t_env=890,379
[regir_untied4] 8:43:09  890,379/1,000,000  13.7/s  upd=23464  L=0.0230  D=0.296
[regir_untied4] 8:43:19  890,611/1,000,000  13.7/s  upd=23469  L=0.0117  D=0.296
[regir_untied4] 8:43:31  890,884/1,000,000  13.7/s  upd=23473  L=0.0137  D=0.296
[regir_untied4] 8:43:41  890,884/1,000,000  13.7/s  upd=23480  L=0.0146  D=0.296
[regir_untied4] 8:43:51  891,122/1,000,000  13.7/s  upd=23484  L=0.0080  D=0.296
[regir_untied4] 8:44:01  891,122/1,000,000  13.7/s  upd=23488  L=0.0074  D=0.296
[regir_untied4] 8:44:12  891,370/1,000,000  13.7/s  upd=23495  L=0.0110  D=0.296
[regir_untied4] 8:44:22  891,666/1,000,000  13.7/s  upd=23499  L=0.0141  D=0.296
[regir_untied4] 8:44:32  891,666/1,000,000  13.7/s  upd=23504  L=0.0158  D=0.296
[regir_untied4] 8:44:42  891,918/1,000,000  13.7/s  upd=23512  L=0.0133  D=0.296
[regir_untied4] 8:44:52  892,148/1,000,000  13.7/s  upd=23518  L=0.0118  D=0.296
[regir_untied4] 8:45:04  892,414/1,000,000  13.7/s  upd=23521  L=0.0087  D=0.296
[regir_untied4] 8:45:14  892,414/1,000,000  13.7/s  upd=23528  L=0.0102  D=0.296
[regir_untied4] 8:45:24  892,693/1,000,000  13.7/s  upd=23533  L=0.0144  D=0.296
[regir_untied4] 8:45:35  893,011/1,000,000  13.7/s  upd=23537  L=0.0079  D=0.296
[regir_untied4] 8:45:45  893,011/1,000,000  13.7/s  upd=23544  L=0.0106  D=0.296
[regir_untied4] 8:45:56  893,269/1,000,000  13.7/s  upd=23551  L=0.0056  D=0.296
[regir_untied4] 8:46:06  893,562/1,000,000  13.7/s  upd=23556  L=0.0106  D=0.296
[regir_untied4] 8:46:17  893,811/1,000,000  13.7/s  upd=23561  L=0.0087  D=0.296
[regir_untied4] 8:46:27  893,811/1,000,000  13.7/s  upd=23568  L=0.0116  D=0.296
[regir_untied4] 8:46:38  894,056/1,000,000  13.7/s  upd=23573  L=0.0067  D=0.296
[regir_untied4] 8:46:48  894,056/1,000,000  13.7/s  upd=23576  L=0.0089  D=0.296
[regir_untied4] 8:46:59  894,359/1,000,000  13.7/s  upd=23584  L=0.0092  D=0.296
[regir_untied4] 8:47:10  894,679/1,000,000  13.7/s  upd=23590  L=0.0132  D=0.296
[regir_untied4] 8:47:20  894,679/1,000,000  13.7/s  upd=23592  L=0.0112  D=0.296
[regir_untied4] 8:47:30  894,980/1,000,000  13.7/s  upd=23600  L=0.0125  D=0.296
[regir_untied4] 8:47:41  895,269/1,000,000  13.7/s  upd=23604  L=0.0078  D=0.296
[regir_untied4] 8:47:51  895,561/1,000,000  13.7/s  upd=23609  L=0.0058  D=0.296
[regir_untied4] 8:48:01  895,561/1,000,000  13.7/s  upd=23616  L=0.0130  D=0.296
[regir_untied4] 8:48:12  895,815/1,000,000  13.7/s  upd=23621  L=0.0064  D=0.296
[regir_untied4] 8:48:23  896,046/1,000,000  13.7/s  upd=23625  L=0.0215  D=0.296
[regir_untied4] 8:48:33  896,046/1,000,000  13.7/s  upd=23632  L=0.0126  D=0.296
[regir_untied4] 8:48:43  896,325/1,000,000  13.7/s  upd=23637  L=0.0093  D=0.296
[regir_untied4] 8:48:53  896,325/1,000,000  13.7/s  upd=23640  L=0.0121  D=0.296
[regir_untied4] 8:49:03  896,619/1,000,000  13.7/s  upd=23648  L=0.0130  D=0.296
[regir_untied4] 8:49:13  896,886/1,000,000  13.8/s  upd=23652  L=0.0116  D=0.296
[regir_untied4] 8:49:24  896,886/1,000,000  13.7/s  upd=23656  L=0.0084  D=0.296
[regir_untied4] 8:49:34  897,179/1,000,000  13.8/s  upd=23663  L=0.0063  D=0.296
[regir_untied4] 8:49:44  897,452/1,000,000  13.8/s  upd=23669  L=0.0109  D=0.296
[regir_untied4] 8:49:56  897,729/1,000,000  13.8/s  upd=23673  L=0.0132  D=0.296
[regir_untied4] 8:50:06  897,729/1,000,000  13.8/s  upd=23680  L=0.0070  D=0.296
[regir_untied4] 8:50:17  898,007/1,000,000  13.8/s  upd=23688  L=0.0064  D=0.296
[regir_untied4] 8:50:27  898,286/1,000,000  13.8/s  upd=23690  L=0.0088  D=0.296
[regir_untied4] 8:50:37  898,286/1,000,000  13.8/s  upd=23696  L=0.0117  D=0.296
[regir_untied4] 8:50:50  898,551/1,000,000  13.8/s  upd=23703  L=0.0099  D=0.296
[regir_untied4] 8:51:01  898,915/1,000,000  13.8/s  upd=23707  L=0.0099  D=0.296
[regir_untied4] 8:51:11  898,915/1,000,000  13.8/s  upd=23712  L=0.0152  D=0.296
[regir_untied4] 8:51:22  899,242/1,000,000  13.8/s  upd=23716  L=0.0136  D=0.296
[regir_untied4] 8:51:32  899,242/1,000,000  13.8/s  upd=23720  L=0.0099  D=0.296
[regir_untied4] 8:51:42  899,524/1,000,000  13.8/s  upd=23728  L=0.0072  D=0.296
[regir_untied4] 8:51:54  899,802/1,000,000  13.8/s  upd=23731  L=0.0133  D=0.296
[regir_untied4] 8:52:04  899,802/1,000,000  13.8/s  upd=23736  L=0.0075  D=0.296
[regir_untied4] 8:52:15  900,095/1,000,000  13.8/s  upd=23742  L=0.0101  D=0.296
[regir_untied4] saved resume t_env=900,095
[regir_untied4] 8:52:25  900,095/1,000,000  13.8/s  upd=23744  L=0.0125  ev=0/100  D=0.296
[regir_untied4] 8:52:35  900,095/1,000,000  13.8/s  upd=23744  L=0.0125  ev=10/100  D=0.296
[regir_untied4] 8:52:46  900,095/1,000,000  13.8/s  upd=23744  L=0.0125  ev=27/100  D=0.296
[regir_untied4] 8:52:56  900,095/1,000,000  13.8/s  upd=23744  L=0.0125  ev=40/100  D=0.296
[regir_untied4] 8:53:06  900,095/1,000,000  13.8/s  upd=23744  L=0.0125  ev=55/100  D=0.296
[regir_untied4] 8:53:16  900,095/1,000,000  13.7/s  upd=23744  L=0.0125  ev=65/100  D=0.296
[regir_untied4] 8:53:26  900,095/1,000,000  13.7/s  upd=23744  L=0.0125  ev=79/100  D=0.296
[regir_untied4] 8:53:36  900,095/1,000,000  13.7/s  upd=23744  L=0.0125  ev=93/100  D=0.296
[regir_untied4] 8:53:46  900,095/1,000,000  13.7/s  upd=23744  L=0.0125  D=0.241
[regir_untied4] 8:53:57  900,360/1,000,000  13.7/s  upd=23750  L=0.0101  D=0.241
[regir_untied4] 8:54:09  900,676/1,000,000  13.7/s  upd=23755  L=0.0205  D=0.241
[regir_untied4] 8:54:19  900,676/1,000,000  13.7/s  upd=23760  L=0.0119  D=0.241
[regir_untied4] 8:54:30  900,951/1,000,000  13.7/s  upd=23766  L=0.0183  D=0.241
[regir_untied4] 8:54:42  901,197/1,000,000  13.7/s  upd=23773  L=0.0111  D=0.241
[regir_untied4] 8:54:52  901,197/1,000,000  13.7/s  upd=23776  L=0.0088  D=0.241
[regir_untied4] 8:55:02  901,456/1,000,000  13.7/s  upd=23784  L=0.0164  D=0.241
[regir_untied4] 8:55:12  901,772/1,000,000  13.7/s  upd=23787  L=0.0130  D=0.241
[regir_untied4] 8:55:23  902,017/1,000,000  13.8/s  upd=23794  L=0.0138  D=0.241
[regir_untied4] 8:55:33  902,017/1,000,000  13.7/s  upd=23800  L=0.0079  D=0.241
[regir_untied4] 8:55:43  902,304/1,000,000  13.8/s  upd=23804  L=0.0067  D=0.241
[regir_untied4] 8:55:53  902,304/1,000,000  13.7/s  upd=23808  L=0.0098  D=0.241
[regir_untied4] 8:56:03  902,572/1,000,000  13.8/s  upd=23816  L=0.0056  D=0.241
[regir_untied4] 8:56:14  902,817/1,000,000  13.8/s  upd=23823  L=0.0124  D=0.241
[regir_untied4] 8:56:25  903,066/1,000,000  13.8/s  upd=23825  L=0.0107  D=0.241
[regir_untied4] 8:56:35  903,066/1,000,000  13.8/s  upd=23832  L=0.0106  D=0.241
[regir_untied4] 8:56:45  903,345/1,000,000  13.8/s  upd=23836  L=0.0115  D=0.241
[regir_untied4] 8:56:56  903,627/1,000,000  13.8/s  upd=23841  L=0.0068  D=0.241
[regir_untied4] 8:57:06  903,627/1,000,000  13.8/s  upd=23847  L=0.0110  D=0.241
[regir_untied4] 8:57:17  903,890/1,000,000  13.8/s  upd=23852  L=0.0113  D=0.241
[regir_untied4] 8:57:27  903,890/1,000,000  13.8/s  upd=23856  L=0.0190  D=0.241
[regir_untied4] 8:57:37  904,173/1,000,000  13.8/s  upd=23864  L=0.0103  D=0.241
[regir_untied4] 8:57:48  904,440/1,000,000  13.8/s  upd=23868  L=0.0109  D=0.241
[regir_untied4] 8:57:58  904,440/1,000,000  13.8/s  upd=23872  L=0.0128  D=0.241
[regir_untied4] 8:58:09  904,725/1,000,000  13.8/s  upd=23880  L=0.0074  D=0.241
[regir_untied4] 8:58:19  905,013/1,000,000  13.8/s  upd=23882  L=0.0107  D=0.241
[regir_untied4] 8:58:29  905,013/1,000,000  13.8/s  upd=23888  L=0.0092  D=0.241
[regir_untied4] 8:58:40  905,323/1,000,000  13.8/s  upd=23893  L=0.0063  D=0.241
[regir_untied4] 8:58:50  905,575/1,000,000  13.8/s  upd=23896  L=0.0211  D=0.241
[regir_untied4] 8:59:00  905,575/1,000,000  13.8/s  upd=23904  L=0.0128  D=0.241
[regir_untied4] 8:59:11  905,852/1,000,000  13.8/s  upd=23908  L=0.0089  D=0.241
[regir_untied4] 8:59:23  906,110/1,000,000  13.8/s  upd=23913  L=0.0065  D=0.241
[regir_untied4] 8:59:33  906,110/1,000,000  13.8/s  upd=23920  L=0.0096  D=0.241
[regir_untied4] 8:59:44  906,366/1,000,000  13.8/s  upd=23925  L=0.0100  D=0.241
[regir_untied4] 8:59:55  906,644/1,000,000  13.8/s  upd=23932  L=0.0080  D=0.241
[regir_untied4] 9:00:05  906,644/1,000,000  13.8/s  upd=23936  L=0.0145  D=0.241
[regir_untied4] 9:00:16  906,924/1,000,000  13.8/s  upd=23943  L=0.0077  D=0.241
[regir_untied4] 9:00:26  907,195/1,000,000  13.8/s  upd=23947  L=0.0088  D=0.241
[regir_untied4] 9:00:36  907,195/1,000,000  13.8/s  upd=23952  L=0.0081  D=0.241
[regir_untied4] 9:00:48  907,502/1,000,000  13.8/s  upd=23960  L=0.0127  D=0.241
[regir_untied4] 9:00:58  907,781/1,000,000  13.8/s  upd=23963  L=0.0104  D=0.241
[regir_untied4] 9:01:08  908,026/1,000,000  13.8/s  upd=23971  L=0.0085  D=0.241
[regir_untied4] 9:01:18  908,026/1,000,000  13.8/s  upd=23976  L=0.0144  D=0.241
[regir_untied4] 9:01:29  908,240/1,000,000  13.8/s  upd=23982  L=0.0197  D=0.241
[regir_untied4] 9:01:40  908,521/1,000,000  13.8/s  upd=23987  L=0.0119  D=0.241
[regir_untied4] 9:01:50  908,521/1,000,000  13.8/s  upd=23992  L=0.0106  D=0.241
[regir_untied4] 9:02:00  908,785/1,000,000  13.8/s  upd=24000  L=0.0106  D=0.241
[regir_untied4] 9:02:12  909,048/1,000,000  13.8/s  upd=24007  L=0.0101  D=0.241
[regir_untied4] 9:02:22  909,048/1,000,000  13.8/s  upd=24008  L=0.0111  D=0.241
[regir_untied4] 9:02:33  909,377/1,000,000  13.8/s  upd=24016  L=0.0120  D=0.241
[regir_untied4] saved resume t_env=909,377
[regir_untied4] 9:02:44  909,636/1,000,000  13.8/s  upd=24022  L=0.0106  D=0.241
[regir_untied4] 9:02:54  909,899/1,000,000  13.8/s  upd=24031  L=0.0087  D=0.241
[regir_untied4] 9:03:05  910,179/1,000,000  13.8/s  upd=24039  L=0.0108  D=0.241
[regir_untied4] 9:03:15  910,486/1,000,000  13.8/s  upd=24047  L=0.0098  D=0.241
[regir_untied4] 9:03:26  910,758/1,000,000  13.8/s  upd=24055  L=0.0085  D=0.241
[regir_untied4] 9:03:36  911,015/1,000,000  13.8/s  upd=24063  L=0.0045  D=0.241
[regir_untied4] 9:03:47  911,319/1,000,000  13.8/s  upd=24071  L=0.0154  D=0.241
[regir_untied4] 9:03:58  911,555/1,000,000  13.8/s  upd=24078  L=0.0142  D=0.241
[regir_untied4] 9:04:09  911,785/1,000,000  13.8/s  upd=24086  L=0.0070  D=0.241
[regir_untied4] 9:04:20  912,007/1,000,000  13.8/s  upd=24092  L=0.0178  D=0.241
[regir_untied4] 9:04:30  912,275/1,000,000  13.8/s  upd=24097  L=0.0124  D=0.241
[regir_untied4] 9:04:40  912,275/1,000,000  13.8/s  upd=24104  L=0.0068  D=0.241
[regir_untied4] 9:04:51  912,513/1,000,000  13.8/s  upd=24110  L=0.0075  D=0.241
[regir_untied4] 9:05:01  912,791/1,000,000  13.8/s  upd=24116  L=0.0099  D=0.241
[regir_untied4] 9:05:12  913,064/1,000,000  13.8/s  upd=24121  L=0.0114  D=0.241
[regir_untied4] 9:05:22  913,064/1,000,000  13.8/s  upd=24128  L=0.0092  D=0.241
[regir_untied4] 9:05:33  913,330/1,000,000  13.8/s  upd=24134  L=0.0168  D=0.241
[regir_untied4] 9:05:44  913,598/1,000,000  13.8/s  upd=24140  L=0.0081  D=0.241
[regir_untied4] 9:05:54  913,598/1,000,000  13.8/s  upd=24144  L=0.0137  D=0.241
[regir_untied4] 9:06:05  913,831/1,000,000  13.8/s  upd=24152  L=0.0095  D=0.241
[regir_untied4] 9:06:16  914,098/1,000,000  13.8/s  upd=24156  L=0.0093  D=0.241
[regir_untied4] 9:06:26  914,357/1,000,000  13.9/s  upd=24161  L=0.0313  D=0.241
[regir_untied4] 9:06:36  914,357/1,000,000  13.8/s  upd=24168  L=0.0131  D=0.241
[regir_untied4] 9:06:46  914,635/1,000,000  13.9/s  upd=24175  L=0.0076  D=0.241
[regir_untied4] 9:06:58  914,937/1,000,000  13.9/s  upd=24179  L=0.0089  D=0.241
[regir_untied4] 9:07:09  915,251/1,000,000  13.9/s  upd=24186  L=0.0065  D=0.241
[regir_untied4] 9:07:19  915,251/1,000,000  13.9/s  upd=24192  L=0.0074  D=0.241
[regir_untied4] 9:07:29  915,502/1,000,000  13.9/s  upd=24199  L=0.0068  D=0.241
[regir_untied4] 9:07:39  915,837/1,000,000  13.9/s  upd=24204  L=0.0105  D=0.241
[regir_untied4] 9:07:49  915,837/1,000,000  13.9/s  upd=24208  L=0.0172  D=0.241
[regir_untied4] 9:07:59  916,118/1,000,000  13.9/s  upd=24216  L=0.0106  D=0.241
[regir_untied4] 9:08:10  916,382/1,000,000  13.9/s  upd=24219  L=0.0108  D=0.241
[regir_untied4] 9:08:21  916,691/1,000,000  13.9/s  upd=24225  L=0.0076  D=0.241
[regir_untied4] 9:08:31  916,691/1,000,000  13.9/s  upd=24232  L=0.0124  D=0.241
[regir_untied4] 9:08:42  917,000/1,000,000  13.9/s  upd=24233  L=0.0085  D=0.241
[regir_untied4] 9:08:52  917,000/1,000,000  13.9/s  upd=24240  L=0.0128  D=0.241
[regir_untied4] 9:09:03  917,247/1,000,000  13.9/s  upd=24244  L=0.0126  D=0.241
[regir_untied4] 9:09:13  917,504/1,000,000  13.9/s  upd=24250  L=0.0070  D=0.241
[regir_untied4] 9:09:23  917,504/1,000,000  13.9/s  upd=24256  L=0.0098  D=0.241
[regir_untied4] 9:09:33  917,795/1,000,000  13.9/s  upd=24263  L=0.0156  D=0.241
[regir_untied4] 9:09:44  918,073/1,000,000  13.9/s  upd=24268  L=0.0170  D=0.241
[regir_untied4] 9:09:54  918,073/1,000,000  13.9/s  upd=24272  L=0.0128  D=0.241
[regir_untied4] 9:10:04  918,357/1,000,000  13.9/s  upd=24276  L=0.0048  D=0.241
[regir_untied4] 9:10:16  918,635/1,000,000  13.9/s  upd=24283  L=0.0113  D=0.241
[regir_untied4] 9:10:26  918,635/1,000,000  13.9/s  upd=24288  L=0.0120  D=0.241
[regir_untied4] 9:10:36  918,946/1,000,000  13.9/s  upd=24293  L=0.0076  D=0.241
[regir_untied4] 9:10:46  918,946/1,000,000  13.9/s  upd=24296  L=0.0093  D=0.241
[regir_untied4] 9:10:56  919,276/1,000,000  13.9/s  upd=24304  L=0.0097  D=0.241
[regir_untied4] 9:11:07  919,553/1,000,000  13.9/s  upd=24311  L=0.0070  D=0.241
[regir_untied4] 9:11:17  919,792/1,000,000  13.9/s  upd=24313  L=0.0077  D=0.241
[regir_untied4] 9:11:28  919,792/1,000,000  13.9/s  upd=24320  L=0.0143  D=0.241
[regir_untied4] 9:11:39  920,092/1,000,000  13.9/s  upd=24325  L=0.0183  D=0.241
[regir_untied4] saved resume t_env=920,092
[regir_untied4] 9:11:49  920,092/1,000,000  13.9/s  upd=24328  L=0.0083  ev=0/100  D=0.241
[regir_untied4] 9:11:59  920,092/1,000,000  13.9/s  upd=24328  L=0.0083  ev=9/100  D=0.241
[regir_untied4] 9:12:09  920,092/1,000,000  13.9/s  upd=24328  L=0.0083  ev=28/100  D=0.241
[regir_untied4] 9:12:20  920,092/1,000,000  13.9/s  upd=24328  L=0.0083  ev=40/100  D=0.241
[regir_untied4] 9:12:30  920,092/1,000,000  13.9/s  upd=24328  L=0.0083  ev=48/100  D=0.241
[regir_untied4] 9:12:40  920,092/1,000,000  13.9/s  upd=24328  L=0.0083  ev=55/100  D=0.241
[regir_untied4] 9:12:50  920,092/1,000,000  13.9/s  upd=24328  L=0.0083  ev=68/100  D=0.241
[regir_untied4] 9:13:00  920,092/1,000,000  13.9/s  upd=24328  L=0.0083  ev=75/100  D=0.241
[regir_untied4] 9:13:10  920,092/1,000,000  13.9/s  upd=24328  L=0.0083  ev=90/100  D=0.241
[regir_untied4] 9:13:20  920,092/1,000,000  13.9/s  upd=24328  L=0.0083  D=0.290
[regir_untied4] 9:13:31  920,392/1,000,000  13.9/s  upd=24335  L=0.0084  D=0.290
[regir_untied4] 9:13:41  920,392/1,000,000  13.9/s  upd=24336  L=0.0111  D=0.290
[regir_untied4] 9:13:51  920,735/1,000,000  13.9/s  upd=24344  L=0.0091  D=0.290
[regir_untied4] 9:14:02  921,032/1,000,000  13.9/s  upd=24350  L=0.0179  D=0.290
[regir_untied4] 9:14:13  921,330/1,000,000  13.9/s  upd=24354  L=0.0136  D=0.290
[regir_untied4] 9:14:23  921,330/1,000,000  13.9/s  upd=24360  L=0.0080  D=0.290
[regir_untied4] 9:14:34  921,571/1,000,000  13.9/s  upd=24366  L=0.0103  D=0.290
[regir_untied4] 9:14:44  921,854/1,000,000  13.9/s  upd=24370  L=0.0087  D=0.290
[regir_untied4] 9:14:54  921,854/1,000,000  13.9/s  upd=24376  L=0.0120  D=0.290
[regir_untied4] 9:15:05  922,130/1,000,000  13.9/s  upd=24383  L=0.0128  D=0.290
[regir_untied4] 9:15:16  922,370/1,000,000  13.9/s  upd=24387  L=0.0092  D=0.290
[regir_untied4] 9:15:26  922,370/1,000,000  13.9/s  upd=24392  L=0.0091  D=0.290
[regir_untied4] 9:15:37  922,649/1,000,000  13.9/s  upd=24397  L=0.0088  D=0.290
[regir_untied4] 9:15:48  922,947/1,000,000  13.9/s  upd=24401  L=0.0158  D=0.290
[regir_untied4] 9:15:58  922,947/1,000,000  13.9/s  upd=24408  L=0.0078  D=0.290
[regir_untied4] 9:16:09  923,243/1,000,000  13.9/s  upd=24412  L=0.0220  D=0.290
[regir_untied4] 9:16:19  923,243/1,000,000  13.9/s  upd=24416  L=0.0173  D=0.290
[regir_untied4] 9:16:29  923,535/1,000,000  13.9/s  upd=24424  L=0.0108  D=0.290
[regir_untied4] 9:16:40  923,783/1,000,000  13.9/s  upd=24429  L=0.0083  D=0.290
[regir_untied4] 9:16:51  924,032/1,000,000  13.9/s  upd=24434  L=0.0140  D=0.290
[regir_untied4] 9:17:01  924,032/1,000,000  13.9/s  upd=24440  L=0.0071  D=0.290
[regir_untied4] 9:17:12  924,320/1,000,000  13.9/s  upd=24445  L=0.0076  D=0.290
[regir_untied4] 9:17:23  924,616/1,000,000  13.9/s  upd=24450  L=0.0112  D=0.290
[regir_untied4] 9:17:33  924,616/1,000,000  13.9/s  upd=24456  L=0.0120  D=0.290
[regir_untied4] 9:17:44  924,914/1,000,000  13.9/s  upd=24461  L=0.0104  D=0.290
[regir_untied4] 9:17:54  924,914/1,000,000  13.9/s  upd=24464  L=0.0130  D=0.290
[regir_untied4] 9:18:04  925,213/1,000,000  13.9/s  upd=24472  L=0.0099  D=0.290
[regir_untied4] 9:18:14  925,511/1,000,000  13.9/s  upd=24477  L=0.0079  D=0.290
[regir_untied4] 9:18:25  925,511/1,000,000  13.9/s  upd=24480  L=0.0133  D=0.290
[regir_untied4] 9:18:35  925,832/1,000,000  13.9/s  upd=24488  L=0.0097  D=0.290
[regir_untied4] 9:18:46  926,141/1,000,000  13.9/s  upd=24491  L=0.0151  D=0.290
[regir_untied4] 9:18:56  926,404/1,000,000  13.9/s  upd=24497  L=0.0070  D=0.290
[regir_untied4] 9:19:06  926,404/1,000,000  13.9/s  upd=24504  L=0.0077  D=0.290
[regir_untied4] 9:19:17  926,631/1,000,000  13.9/s  upd=24509  L=0.0090  D=0.290
[regir_untied4] 9:19:27  926,905/1,000,000  13.9/s  upd=24515  L=0.0162  D=0.290
[regir_untied4] 9:19:37  926,905/1,000,000  13.9/s  upd=24520  L=0.0106  D=0.290
[regir_untied4] 9:19:48  927,200/1,000,000  13.9/s  upd=24525  L=0.0107  D=0.290
[regir_untied4] 9:19:58  927,200/1,000,000  13.9/s  upd=24528  L=0.0135  D=0.290
[regir_untied4] 9:20:08  927,511/1,000,000  13.9/s  upd=24536  L=0.0129  D=0.290
[regir_untied4] 9:20:19  927,766/1,000,000  13.9/s  upd=24539  L=0.0119  D=0.290
[regir_untied4] 9:20:29  928,084/1,000,000  13.9/s  upd=24545  L=0.0085  D=0.290
[regir_untied4] 9:20:39  928,084/1,000,000  13.9/s  upd=24552  L=0.0123  D=0.290
[regir_untied4] 9:20:50  928,349/1,000,000  13.9/s  upd=24557  L=0.0073  D=0.290
[regir_untied4] 9:21:01  928,638/1,000,000  13.9/s  upd=24564  L=0.0102  D=0.290
[regir_untied4] 9:21:11  928,638/1,000,000  13.9/s  upd=24568  L=0.0076  D=0.290
[regir_untied4] 9:21:21  928,916/1,000,000  13.9/s  upd=24574  L=0.0152  D=0.290
[regir_untied4] 9:21:32  928,916/1,000,000  13.9/s  upd=24576  L=0.0139  D=0.290
[regir_untied4] 9:21:42  929,197/1,000,000  13.9/s  upd=24584  L=0.0107  D=0.290
[regir_untied4] 9:21:52  929,459/1,000,000  13.9/s  upd=24587  L=0.0196  D=0.290
[regir_untied4] saved resume t_env=929,459
[regir_untied4] 9:22:02  929,459/1,000,000  13.9/s  upd=24592  L=0.0133  D=0.290
[regir_untied4] 9:22:13  929,710/1,000,000  13.9/s  upd=24597  L=0.0119  D=0.290
[regir_untied4] 9:22:23  929,710/1,000,000  13.9/s  upd=24600  L=0.0110  D=0.290
[regir_untied4] 9:22:33  929,991/1,000,000  13.9/s  upd=24607  L=0.0202  D=0.290
[regir_untied4] 9:22:44  930,290/1,000,000  13.9/s  upd=24611  L=0.0120  D=0.290
[regir_untied4] 9:22:54  930,290/1,000,000  13.9/s  upd=24616  L=0.0076  D=0.290
[regir_untied4] 9:23:04  930,534/1,000,000  13.9/s  upd=24624  L=0.0134  D=0.290
[regir_untied4] 9:23:15  930,783/1,000,000  13.9/s  upd=24629  L=0.0117  D=0.290
[regir_untied4] 9:23:26  931,050/1,000,000  13.9/s  upd=24635  L=0.0174  D=0.290
[regir_untied4] 9:23:37  931,050/1,000,000  13.9/s  upd=24640  L=0.0205  D=0.290
[regir_untied4] 9:23:47  931,300/1,000,000  13.9/s  upd=24645  L=0.0100  D=0.290
[regir_untied4] 9:23:58  931,587/1,000,000  13.9/s  upd=24649  L=0.0068  D=0.290
[regir_untied4] 9:24:08  931,874/1,000,000  13.9/s  upd=24657  L=0.0090  D=0.290
[regir_untied4] 9:24:18  931,874/1,000,000  13.9/s  upd=24664  L=0.0076  D=0.290
[regir_untied4] 9:24:29  932,126/1,000,000  13.9/s  upd=24672  L=0.0112  D=0.290
[regir_untied4] 9:24:40  932,405/1,000,000  13.9/s  upd=24677  L=0.0124  D=0.290
[regir_untied4] 9:24:50  932,678/1,000,000  13.9/s  upd=24685  L=0.0098  D=0.290
[regir_untied4] 9:25:00  932,986/1,000,000  13.9/s  upd=24693  L=0.0189  D=0.290
[regir_untied4] 9:25:11  933,263/1,000,000  13.9/s  upd=24702  L=0.0136  D=0.290
[regir_untied4] 9:25:21  933,485/1,000,000  14.0/s  upd=24708  L=0.0117  D=0.290
[regir_untied4] 9:25:33  933,729/1,000,000  14.0/s  upd=24716  L=0.0076  D=0.290
[regir_untied4] 9:25:43  934,020/1,000,000  14.0/s  upd=24722  L=0.0086  D=0.290
[regir_untied4] 9:25:53  934,020/1,000,000  14.0/s  upd=24728  L=0.0092  D=0.290
[regir_untied4] 9:26:04  934,320/1,000,000  14.0/s  upd=24736  L=0.0084  D=0.290
[regir_untied4] 9:26:15  934,612/1,000,000  14.0/s  upd=24744  L=0.0148  D=0.290
[regir_untied4] 9:26:25  934,893/1,000,000  14.0/s  upd=24749  L=0.0071  D=0.290
[regir_untied4] 9:26:36  935,179/1,000,000  14.0/s  upd=24754  L=0.0156  D=0.290
[regir_untied4] 9:26:46  935,474/1,000,000  14.0/s  upd=24761  L=0.0121  D=0.290
[regir_untied4] 9:26:57  935,474/1,000,000  14.0/s  upd=24768  L=0.0108  D=0.290
[regir_untied4] 9:27:07  935,741/1,000,000  14.0/s  upd=24775  L=0.0061  D=0.290
[regir_untied4] 9:27:17  935,741/1,000,000  14.0/s  upd=24776  L=0.0076  D=0.290
[regir_untied4] 9:27:27  936,056/1,000,000  14.0/s  upd=24784  L=0.0095  D=0.290
[regir_untied4] 9:27:38  936,301/1,000,000  14.0/s  upd=24788  L=0.0111  D=0.290
[regir_untied4] 9:27:48  936,301/1,000,000  14.0/s  upd=24792  L=0.0043  D=0.290
[regir_untied4] 9:27:58  936,583/1,000,000  14.0/s  upd=24799  L=0.0110  D=0.290
[regir_untied4] 9:28:09  936,831/1,000,000  14.0/s  upd=24804  L=0.0082  D=0.290
[regir_untied4] 9:28:19  936,831/1,000,000  14.0/s  upd=24808  L=0.0077  D=0.290
[regir_untied4] 9:28:31  937,120/1,000,000  14.0/s  upd=24816  L=0.0083  D=0.290
[regir_untied4] 9:28:41  937,407/1,000,000  14.0/s  upd=24821  L=0.0124  D=0.290
[regir_untied4] 9:28:51  937,407/1,000,000  14.0/s  upd=24824  L=0.0092  D=0.290
[regir_untied4] 9:29:02  937,724/1,000,000  14.0/s  upd=24832  L=0.0048  D=0.290
[regir_untied4] 9:29:12  938,029/1,000,000  14.0/s  upd=24832  L=0.0048  D=0.290
[regir_untied4] 9:29:22  938,029/1,000,000  14.0/s  upd=24840  L=0.0055  D=0.290
[regir_untied4] 9:29:32  938,309/1,000,000  14.0/s  upd=24847  L=0.0079  D=0.290
[regir_untied4] 9:29:44  938,568/1,000,000  14.0/s  upd=24851  L=0.0122  D=0.290
[regir_untied4] 9:29:54  938,568/1,000,000  14.0/s  upd=24856  L=0.0060  D=0.290
[regir_untied4] 9:30:05  938,853/1,000,000  14.0/s  upd=24864  L=0.0075  D=0.290
[regir_untied4] 9:30:15  939,145/1,000,000  14.0/s  upd=24866  L=0.0104  D=0.290
[regir_untied4] 9:30:25  939,145/1,000,000  14.0/s  upd=24872  L=0.0095  D=0.290
[regir_untied4] 9:30:36  939,459/1,000,000  14.0/s  upd=24873  L=0.0137  D=0.290
[regir_untied4] 9:30:46  939,459/1,000,000  14.0/s  upd=24880  L=0.0128  D=0.290
[regir_untied4] 9:30:56  939,705/1,000,000  14.0/s  upd=24887  L=0.0138  D=0.290
[regir_untied4] 9:31:08  939,964/1,000,000  14.0/s  upd=24889  L=0.0107  D=0.290
[regir_untied4] 9:31:18  939,964/1,000,000  14.0/s  upd=24896  L=0.0109  D=0.290
[regir_untied4] 9:31:29  940,223/1,000,000  14.0/s  upd=24901  L=0.0100  D=0.290
[regir_untied4] saved resume t_env=940,223
[regir_untied4] 9:31:39  940,223/1,000,000  14.0/s  upd=24904  L=0.0047  ev=0/100  D=0.290
[regir_untied4] 9:31:49  940,223/1,000,000  14.0/s  upd=24904  L=0.0047  ev=13/100  D=0.290
[regir_untied4] 9:31:59  940,223/1,000,000  14.0/s  upd=24904  L=0.0047  ev=24/100  D=0.290
[regir_untied4] 9:32:09  940,223/1,000,000  14.0/s  upd=24904  L=0.0047  ev=37/100  D=0.290
[regir_untied4] 9:32:19  940,223/1,000,000  14.0/s  upd=24904  L=0.0047  ev=56/100  D=0.290
[regir_untied4] 9:32:29  940,223/1,000,000  14.0/s  upd=24904  L=0.0047  ev=64/100  D=0.290
[regir_untied4] 9:32:39  940,223/1,000,000  14.0/s  upd=24904  L=0.0047  ev=72/100  D=0.290
[regir_untied4] 9:32:49  940,223/1,000,000  14.0/s  upd=24904  L=0.0047  ev=84/100  D=0.290
[regir_untied4] 9:33:00  940,223/1,000,000  14.0/s  upd=24904  L=0.0047  ev=96/100  D=0.290
[regir_untied4] 9:33:10  940,472/1,000,000  14.0/s  upd=24905  L=0.0079  D=0.325
[regir_untied4] 9:33:20  940,472/1,000,000  14.0/s  upd=24912  L=0.0178  D=0.325
[regir_untied4] 9:33:31  940,804/1,000,000  14.0/s  upd=24916  L=0.0074  D=0.325
[regir_untied4] 9:33:42  941,081/1,000,000  14.0/s  upd=24921  L=0.0080  D=0.325
[regir_untied4] 9:33:53  941,081/1,000,000  14.0/s  upd=24928  L=0.0060  D=0.325
[regir_untied4] 9:34:04  941,363/1,000,000  14.0/s  upd=24934  L=0.0125  D=0.325
[regir_untied4] 9:34:14  941,363/1,000,000  14.0/s  upd=24936  L=0.0077  D=0.325
[regir_untied4] 9:34:24  941,603/1,000,000  14.0/s  upd=24944  L=0.0070  D=0.325
[regir_untied4] 9:34:35  941,858/1,000,000  14.0/s  upd=24946  L=0.0128  D=0.325
[regir_untied4] 9:34:45  941,858/1,000,000  14.0/s  upd=24952  L=0.0099  D=0.325
[regir_untied4] 9:34:55  942,075/1,000,000  14.0/s  upd=24960  L=0.0101  D=0.325
[regir_untied4] 9:35:05  942,331/1,000,000  14.0/s  upd=24963  L=0.0121  D=0.325
[regir_untied4] 9:35:16  942,630/1,000,000  14.0/s  upd=24970  L=0.0076  D=0.325
[regir_untied4] 9:35:26  942,630/1,000,000  14.0/s  upd=24976  L=0.0125  D=0.325
[regir_untied4] 9:35:37  942,891/1,000,000  14.0/s  upd=24981  L=0.0170  D=0.325
[regir_untied4] 9:35:47  942,891/1,000,000  14.0/s  upd=24984  L=0.0092  D=0.325
[regir_untied4] 9:35:58  943,134/1,000,000  14.0/s  upd=24992  L=0.0143  D=0.325
[regir_untied4] 9:36:08  943,438/1,000,000  14.0/s  upd=24997  L=0.0135  D=0.325
[regir_untied4] 9:36:18  943,438/1,000,000  14.0/s  upd=25000  L=0.0171  D=0.325
[regir_untied4] 9:36:28  943,731/1,000,000  14.0/s  upd=25008  L=0.0188  D=0.325
[regir_untied4] 9:36:39  944,058/1,000,000  14.0/s  upd=25009  L=0.0253  D=0.325
[regir_untied4] 9:36:49  944,058/1,000,000  14.0/s  upd=25016  L=0.0290  D=0.325
[regir_untied4] 9:37:00  944,434/1,000,000  14.0/s  upd=25017  L=0.0139  D=0.325
[regir_untied4] 9:37:10  944,434/1,000,000  14.0/s  upd=25024  L=0.0107  D=0.325
[regir_untied4] 9:37:21  944,760/1,000,000  14.0/s  upd=25029  L=0.0138  D=0.325
[regir_untied4] 9:37:31  944,760/1,000,000  14.0/s  upd=25032  L=0.0059  D=0.325
[regir_untied4] 9:37:43  945,046/1,000,000  14.0/s  upd=25040  L=0.0090  D=0.325
[regir_untied4] 9:37:53  945,327/1,000,000  14.0/s  upd=25041  L=0.0100  D=0.325
[regir_untied4] 9:38:03  945,327/1,000,000  14.0/s  upd=25048  L=0.0096  D=0.325
[regir_untied4] 9:38:13  945,643/1,000,000  14.0/s  upd=25053  L=0.0095  D=0.325
[regir_untied4] 9:38:24  945,937/1,000,000  14.0/s  upd=25057  L=0.0097  D=0.325
[regir_untied4] 9:38:34  945,937/1,000,000  14.0/s  upd=25064  L=0.0145  D=0.325
[regir_untied4] 9:38:44  946,205/1,000,000  14.0/s  upd=25068  L=0.0089  D=0.325
[regir_untied4] 9:38:55  946,472/1,000,000  14.0/s  upd=25075  L=0.0071  D=0.325
[regir_untied4] 9:39:05  946,472/1,000,000  14.0/s  upd=25080  L=0.0058  D=0.325
[regir_untied4] 9:39:16  946,740/1,000,000  14.0/s  upd=25084  L=0.0104  D=0.325
[regir_untied4] 9:39:26  946,740/1,000,000  14.0/s  upd=25088  L=0.0091  D=0.325
[regir_untied4] 9:39:36  947,015/1,000,000  14.0/s  upd=25093  L=0.0122  D=0.325
[regir_untied4] 9:39:47  947,289/1,000,000  14.0/s  upd=25097  L=0.0121  D=0.325
[regir_untied4] 9:39:57  947,289/1,000,000  14.0/s  upd=25104  L=0.0135  D=0.325
[regir_untied4] 9:40:08  947,607/1,000,000  14.0/s  upd=25109  L=0.0104  D=0.325
[regir_untied4] 9:40:18  947,607/1,000,000  14.0/s  upd=25112  L=0.0123  D=0.325
[regir_untied4] 9:40:30  947,879/1,000,000  14.0/s  upd=25120  L=0.0098  D=0.325
[regir_untied4] 9:40:41  948,130/1,000,000  14.0/s  upd=25123  L=0.0144  D=0.325
[regir_untied4] 9:40:52  948,418/1,000,000  14.0/s  upd=25130  L=0.0091  D=0.325
[regir_untied4] 9:41:02  948,418/1,000,000  14.0/s  upd=25136  L=0.0161  D=0.325
[regir_untied4] 9:41:13  948,687/1,000,000  14.0/s  upd=25143  L=0.0115  D=0.325
[regir_untied4] 9:41:24  948,936/1,000,000  14.0/s  upd=25145  L=0.0168  D=0.325
[regir_untied4] 9:41:34  948,936/1,000,000  14.0/s  upd=25152  L=0.0130  D=0.325
[regir_untied4] 9:41:46  949,249/1,000,000  14.0/s  upd=25157  L=0.0088  D=0.325
[regir_untied4] saved resume t_env=949,249
[regir_untied4] 9:41:56  949,249/1,000,000  14.0/s  upd=25160  L=0.0094  D=0.325
[regir_untied4] 9:42:07  949,553/1,000,000  14.0/s  upd=25168  L=0.0108  D=0.325
[regir_untied4] 9:42:18  949,827/1,000,000  14.0/s  upd=25173  L=0.0099  D=0.325
[regir_untied4] 9:42:28  949,827/1,000,000  14.0/s  upd=25176  L=0.0129  D=0.325
[regir_untied4] 9:42:39  950,136/1,000,000  14.0/s  upd=25184  L=0.0055  D=0.325
[regir_untied4] 9:42:49  950,441/1,000,000  14.0/s  upd=25186  L=0.0177  D=0.325
[regir_untied4] 9:42:59  950,441/1,000,000  14.0/s  upd=25192  L=0.0084  D=0.325
[regir_untied4] 9:43:09  950,693/1,000,000  14.0/s  upd=25199  L=0.0108  D=0.325
[regir_untied4] 9:43:20  950,958/1,000,000  14.0/s  upd=25204  L=0.0083  D=0.325
[regir_untied4] 9:43:30  951,262/1,000,000  14.0/s  upd=25210  L=0.0131  D=0.325
[regir_untied4] 9:43:42  951,262/1,000,000  14.0/s  upd=25216  L=0.0081  D=0.325
[regir_untied4] 9:43:53  951,519/1,000,000  14.0/s  upd=25219  L=0.0153  D=0.325
[regir_untied4] 9:44:04  951,519/1,000,000  14.0/s  upd=25224  L=0.0100  D=0.325
[regir_untied4] 9:44:15  951,786/1,000,000  14.0/s  upd=25227  L=0.0169  D=0.325
[regir_untied4] 9:44:25  951,786/1,000,000  14.0/s  upd=25232  L=0.0158  D=0.325
[regir_untied4] 9:44:35  952,067/1,000,000  14.0/s  upd=25235  L=0.0079  D=0.325
[regir_untied4] 9:44:45  952,067/1,000,000  14.0/s  upd=25240  L=0.0138  D=0.325
[regir_untied4] 9:44:56  952,362/1,000,000  14.0/s  upd=25243  L=0.0115  D=0.325
[regir_untied4] 9:45:07  952,362/1,000,000  14.0/s  upd=25248  L=0.0089  D=0.325
[regir_untied4] 9:45:17  952,623/1,000,000  14.0/s  upd=25250  L=0.0195  D=0.325
[regir_untied4] 9:45:28  952,623/1,000,000  14.0/s  upd=25255  L=0.0093  D=0.325
[regir_untied4] 9:45:40  952,887/1,000,000  14.0/s  upd=25257  L=0.0208  D=0.325
[regir_untied4] 9:45:50  952,887/1,000,000  14.0/s  upd=25261  L=0.0115  D=0.325
[regir_untied4] 9:46:00  952,887/1,000,000  14.0/s  upd=25264  L=0.0076  D=0.325
[regir_untied4] 9:46:10  953,169/1,000,000  14.0/s  upd=25266  L=0.0098  D=0.325
[regir_untied4] 9:46:21  953,169/1,000,000  14.0/s  upd=25271  L=0.0072  D=0.325
[regir_untied4] 9:46:33  953,447/1,000,000  14.0/s  upd=25274  L=0.0082  D=0.325
[regir_untied4] 9:46:44  953,447/1,000,000  14.0/s  upd=25279  L=0.0106  D=0.325
[regir_untied4] 9:46:55  953,733/1,000,000  14.0/s  upd=25282  L=0.0101  D=0.325
[regir_untied4] 9:47:07  953,733/1,000,000  14.0/s  upd=25286  L=0.0077  D=0.325
[regir_untied4] 9:47:17  953,733/1,000,000  14.0/s  upd=25288  L=0.0083  D=0.325
[regir_untied4] 9:47:29  954,022/1,000,000  14.0/s  upd=25292  L=0.0071  D=0.325
[regir_untied4] 9:47:39  954,022/1,000,000  14.0/s  upd=25296  L=0.0078  D=0.325
[regir_untied4] 9:47:50  954,300/1,000,000  14.0/s  upd=25300  L=0.0101  D=0.325
[regir_untied4] 9:48:00  954,300/1,000,000  14.0/s  upd=25304  L=0.0121  D=0.325
[regir_untied4] 9:48:12  954,640/1,000,000  14.0/s  upd=25308  L=0.0195  D=0.325
[regir_untied4] 9:48:22  954,640/1,000,000  14.0/s  upd=25312  L=0.0156  D=0.325
[regir_untied4] 9:48:35  954,926/1,000,000  14.0/s  upd=25315  L=0.0117  D=0.325
[regir_untied4] 9:48:45  954,926/1,000,000  14.0/s  upd=25319  L=0.0072  D=0.325
[regir_untied4] 9:48:57  955,268/1,000,000  14.0/s  upd=25322  L=0.0079  D=0.325
[regir_untied4] 9:49:10  955,268/1,000,000  14.0/s  upd=25327  L=0.0082  D=0.325
[regir_untied4] 9:49:21  955,571/1,000,000  14.0/s  upd=25330  L=0.0095  D=0.325
[regir_untied4] 9:49:32  955,571/1,000,000  14.0/s  upd=25335  L=0.0133  D=0.325
[regir_untied4] 9:49:43  955,846/1,000,000  14.0/s  upd=25338  L=0.0082  D=0.325
[regir_untied4] 9:49:56  955,846/1,000,000  14.0/s  upd=25343  L=0.0093  D=0.325
[regir_untied4] 9:50:09  956,098/1,000,000  14.0/s  upd=25346  L=0.0172  D=0.325
[regir_untied4] 9:50:21  956,098/1,000,000  14.0/s  upd=25351  L=0.0084  D=0.325
[regir_untied4] 9:50:33  956,367/1,000,000  14.0/s  upd=25354  L=0.0203  D=0.325
[regir_untied4] 9:50:44  956,367/1,000,000  14.0/s  upd=25359  L=0.0146  D=0.325
[regir_untied4] 9:50:57  956,664/1,000,000  14.0/s  upd=25362  L=0.0112  D=0.325
[regir_untied4] 9:51:07  956,664/1,000,000  14.0/s  upd=25368  L=0.0102  D=0.325
[regir_untied4] 9:51:17  956,955/1,000,000  14.0/s  upd=25371  L=0.0098  D=0.325
[regir_untied4] 9:51:27  956,955/1,000,000  14.0/s  upd=25376  L=0.0084  D=0.325
[regir_untied4] 9:51:39  957,274/1,000,000  14.0/s  upd=25380  L=0.0087  D=0.325
[regir_untied4] 9:51:49  957,274/1,000,000  14.0/s  upd=25384  L=0.0169  D=0.325
[regir_untied4] 9:52:00  957,578/1,000,000  14.0/s  upd=25387  L=0.0148  D=0.325
[regir_untied4] saved resume t_env=957,578
[regir_untied4] 9:52:17  957,578/1,000,000  14.0/s  upd=25392  L=0.0155  D=0.325
[regir_untied4] 9:52:27  957,863/1,000,000  14.0/s  upd=25394  L=0.0104  D=0.325
[regir_untied4] 9:52:39  957,863/1,000,000  14.0/s  upd=25400  L=0.0115  D=0.325
[regir_untied4] 9:52:49  958,147/1,000,000  14.0/s  upd=25402  L=0.0062  D=0.325
[regir_untied4] 9:53:00  958,147/1,000,000  14.0/s  upd=25408  L=0.0142  D=0.325
[regir_untied4] 9:53:10  958,369/1,000,000  14.0/s  upd=25411  L=0.0071  D=0.325
[regir_untied4] 9:53:20  958,369/1,000,000  14.0/s  upd=25416  L=0.0107  D=0.325
[regir_untied4] 9:53:31  958,631/1,000,000  14.0/s  upd=25420  L=0.0081  D=0.325
[regir_untied4] 9:53:42  958,631/1,000,000  14.0/s  upd=25424  L=0.0145  D=0.325
[regir_untied4] 9:53:54  958,914/1,000,000  14.0/s  upd=25429  L=0.0127  D=0.325
[regir_untied4] 9:54:04  958,914/1,000,000  14.0/s  upd=25432  L=0.0067  D=0.325
[regir_untied4] 9:54:14  959,204/1,000,000  14.0/s  upd=25436  L=0.0074  D=0.325
[regir_untied4] 9:54:25  959,204/1,000,000  14.0/s  upd=25440  L=0.0116  D=0.325
[regir_untied4] 9:54:36  959,499/1,000,000  14.0/s  upd=25445  L=0.0059  D=0.325
[regir_untied4] 9:54:46  959,803/1,000,000  14.0/s  upd=25448  L=0.0071  D=0.325
[regir_untied4] 9:54:56  959,803/1,000,000  14.0/s  upd=25456  L=0.0128  D=0.325
[regir_untied4] 9:55:07  960,079/1,000,000  14.0/s  upd=25459  L=0.0179  D=0.325
[regir_untied4] saved resume t_env=960,079
[regir_untied4] 9:55:21  960,079/1,000,000  14.0/s  upd=25464  L=0.0129  ev=0/100  D=0.325
[regir_untied4] 9:55:31  960,079/1,000,000  14.0/s  upd=25464  L=0.0129  ev=9/100  D=0.325
[regir_untied4] 9:55:41  960,079/1,000,000  14.0/s  upd=25464  L=0.0129  ev=22/100  D=0.325
[regir_untied4] 9:55:52  960,079/1,000,000  14.0/s  upd=25464  L=0.0129  ev=33/100  D=0.325
[regir_untied4] 9:56:02  960,079/1,000,000  14.0/s  upd=25464  L=0.0129  ev=44/100  D=0.325
[regir_untied4] 9:56:12  960,079/1,000,000  14.0/s  upd=25464  L=0.0129  ev=54/100  D=0.325
[regir_untied4] 9:56:22  960,079/1,000,000  14.0/s  upd=25464  L=0.0129  ev=64/100  D=0.325
[regir_untied4] 9:56:32  960,079/1,000,000  14.0/s  upd=25464  L=0.0129  ev=73/100  D=0.325
[regir_untied4] 9:56:42  960,079/1,000,000  14.0/s  upd=25464  L=0.0129  ev=88/100  D=0.325
[regir_untied4] 9:56:52  960,079/1,000,000  14.0/s  upd=25464  L=0.0129  ev=96/100  D=0.325
[regir_untied4] 9:57:02  960,079/1,000,000  14.0/s  upd=25464  L=0.0129  D=0.709
[regir_untied4] 9:57:13  960,405/1,000,000  14.0/s  upd=25472  L=0.0151  D=0.709
[regir_untied4] 9:57:24  960,640/1,000,000  14.0/s  upd=25476  L=0.0118  D=0.709
[regir_untied4] 9:57:35  960,911/1,000,000  14.0/s  upd=25481  L=0.0197  D=0.709
[regir_untied4] 9:57:45  960,911/1,000,000  14.0/s  upd=25488  L=0.0119  D=0.709
[regir_untied4] 9:57:56  961,160/1,000,000  14.0/s  upd=25493  L=0.0140  D=0.709
[regir_untied4] 9:58:07  961,431/1,000,000  14.0/s  upd=25498  L=0.0168  D=0.709
[regir_untied4] 9:58:17  961,431/1,000,000  14.0/s  upd=25504  L=0.0066  D=0.709
[regir_untied4] 9:58:28  961,723/1,000,000  14.0/s  upd=25510  L=0.0181  D=0.709
[regir_untied4] 9:58:38  961,990/1,000,000  14.0/s  upd=25515  L=0.0073  D=0.709
[regir_untied4] 9:58:48  961,990/1,000,000  14.0/s  upd=25520  L=0.0096  D=0.709
[regir_untied4] 9:58:59  962,271/1,000,000  14.0/s  upd=25527  L=0.0112  D=0.709
[regir_untied4] 9:59:09  962,535/1,000,000  14.0/s  upd=25529  L=0.0056  D=0.709
[regir_untied4] 9:59:19  962,535/1,000,000  14.0/s  upd=25536  L=0.0116  D=0.709
[regir_untied4] 9:59:30  962,772/1,000,000  14.0/s  upd=25543  L=0.0102  D=0.709
[regir_untied4] 9:59:40  962,772/1,000,000  14.0/s  upd=25544  L=0.0141  D=0.709
[regir_untied4] 9:59:50  963,099/1,000,000  14.0/s  upd=25552  L=0.0195  D=0.709
[regir_untied4] 10:00:01  963,378/1,000,000  14.0/s  upd=25553  L=0.0134  D=0.709
[regir_untied4] 10:00:11  963,378/1,000,000  14.0/s  upd=25560  L=0.0134  D=0.709
[regir_untied4] 10:00:21  963,618/1,000,000  14.0/s  upd=25566  L=0.0086  D=0.709
[regir_untied4] 10:00:33  963,911/1,000,000  14.0/s  upd=25570  L=0.0097  D=0.709
[regir_untied4] 10:00:43  963,911/1,000,000  14.0/s  upd=25576  L=0.0095  D=0.709
[regir_untied4] 10:00:54  964,193/1,000,000  14.0/s  upd=25582  L=0.0093  D=0.709
[regir_untied4] 10:01:04  964,478/1,000,000  14.0/s  upd=25585  L=0.0093  D=0.709
[regir_untied4] 10:01:14  964,478/1,000,000  14.0/s  upd=25592  L=0.0124  D=0.709
[regir_untied4] 10:01:26  964,778/1,000,000  14.0/s  upd=25594  L=0.0106  D=0.709
[regir_untied4] 10:01:37  964,778/1,000,000  14.0/s  upd=25600  L=0.0069  D=0.709
[regir_untied4] 10:01:47  965,040/1,000,000  14.0/s  upd=25607  L=0.0119  D=0.709
[regir_untied4] 10:01:58  965,314/1,000,000  14.0/s  upd=25611  L=0.0110  D=0.709
[regir_untied4] 10:02:08  965,314/1,000,000  14.0/s  upd=25616  L=0.0081  D=0.709
[regir_untied4] 10:02:18  965,598/1,000,000  14.0/s  upd=25621  L=0.0156  D=0.709
[regir_untied4] 10:02:29  965,861/1,000,000  14.0/s  upd=25625  L=0.0218  D=0.709
[regir_untied4] 10:02:39  965,861/1,000,000  14.0/s  upd=25632  L=0.0087  D=0.709
[regir_untied4] 10:02:51  966,155/1,000,000  14.0/s  upd=25638  L=0.0101  D=0.709
[regir_untied4] 10:03:03  966,470/1,000,000  14.0/s  upd=25642  L=0.0119  D=0.709
[regir_untied4] 10:03:13  966,470/1,000,000  14.0/s  upd=25648  L=0.0103  D=0.709
[regir_untied4] 10:03:24  966,748/1,000,000  14.0/s  upd=25653  L=0.0085  D=0.709
[regir_untied4] 10:03:34  966,748/1,000,000  14.0/s  upd=25656  L=0.0129  D=0.709
[regir_untied4] 10:03:45  967,028/1,000,000  14.0/s  upd=25663  L=0.0145  D=0.709
[regir_untied4] 10:03:55  967,289/1,000,000  14.0/s  upd=25668  L=0.0172  D=0.709
[regir_untied4] 10:04:05  967,289/1,000,000  14.0/s  upd=25672  L=0.0099  D=0.709
[regir_untied4] 10:04:16  967,536/1,000,000  14.0/s  upd=25680  L=0.0136  D=0.709
[regir_untied4] 10:04:26  967,536/1,000,000  14.0/s  upd=25680  L=0.0136  D=0.709
[regir_untied4] 10:04:37  967,835/1,000,000  14.0/s  upd=25688  L=0.0117  D=0.709
[regir_untied4] 10:04:47  968,125/1,000,000  14.0/s  upd=25691  L=0.0125  D=0.709
[regir_untied4] 10:04:57  968,125/1,000,000  14.0/s  upd=25696  L=0.0097  D=0.709
[regir_untied4] 10:05:08  968,403/1,000,000  14.0/s  upd=25704  L=0.0102  D=0.709
[regir_untied4] 10:05:19  968,659/1,000,000  14.0/s  upd=25706  L=0.0158  D=0.709
[regir_untied4] saved resume t_env=968,659
[regir_untied4] 10:05:30  968,659/1,000,000  14.0/s  upd=25712  L=0.0099  D=0.709
[regir_untied4] 10:05:40  968,926/1,000,000  14.0/s  upd=25715  L=0.0095  D=0.709
[regir_untied4] 10:05:50  968,926/1,000,000  14.0/s  upd=25720  L=0.0103  D=0.709
[regir_untied4] 10:06:01  969,201/1,000,000  14.0/s  upd=25726  L=0.0075  D=0.709
[regir_untied4] 10:06:12  969,484/1,000,000  14.0/s  upd=25732  L=0.0174  D=0.709
[regir_untied4] 10:06:22  969,484/1,000,000  14.0/s  upd=25736  L=0.0136  D=0.709
[regir_untied4] 10:06:32  969,782/1,000,000  14.0/s  upd=25742  L=0.0105  D=0.709
[regir_untied4] 10:06:43  970,034/1,000,000  14.0/s  upd=25748  L=0.0153  D=0.709
[regir_untied4] 10:06:53  970,034/1,000,000  14.0/s  upd=25752  L=0.0089  D=0.709
[regir_untied4] 10:07:03  970,290/1,000,000  14.0/s  upd=25757  L=0.0153  D=0.709
[regir_untied4] 10:07:14  970,556/1,000,000  14.0/s  upd=25762  L=0.0076  D=0.709
[regir_untied4] 10:07:24  970,556/1,000,000  14.0/s  upd=25768  L=0.0150  D=0.709
[regir_untied4] 10:07:34  970,859/1,000,000  14.0/s  upd=25774  L=0.0140  D=0.709
[regir_untied4] 10:07:45  971,147/1,000,000  14.0/s  upd=25777  L=0.0120  D=0.709
[regir_untied4] 10:07:55  971,147/1,000,000  14.0/s  upd=25784  L=0.0138  D=0.709
[regir_untied4] 10:08:05  971,403/1,000,000  14.0/s  upd=25791  L=0.0122  D=0.709
[regir_untied4] 10:08:15  971,667/1,000,000  14.0/s  upd=25794  L=0.0108  D=0.709
[regir_untied4] 10:08:25  971,888/1,000,000  14.0/s  upd=25802  L=0.0129  D=0.709
[regir_untied4] 10:08:35  971,888/1,000,000  14.0/s  upd=25808  L=0.0076  D=0.709
[regir_untied4] 10:08:45  972,153/1,000,000  14.0/s  upd=25812  L=0.0119  D=0.709
[regir_untied4] 10:08:56  972,153/1,000,000  14.0/s  upd=25816  L=0.0132  D=0.709
[regir_untied4] 10:09:06  972,401/1,000,000  14.0/s  upd=25824  L=0.0251  D=0.709
[regir_untied4] 10:09:16  972,692/1,000,000  14.0/s  upd=25828  L=0.0160  D=0.709
[regir_untied4] 10:09:26  972,692/1,000,000  14.0/s  upd=25832  L=0.0160  D=0.709
[regir_untied4] 10:09:36  972,988/1,000,000  14.0/s  upd=25840  L=0.0106  D=0.709
[regir_untied4] 10:09:47  973,254/1,000,000  14.0/s  upd=25843  L=0.0129  D=0.709
[regir_untied4] 10:09:57  973,493/1,000,000  14.0/s  upd=25849  L=0.0129  D=0.709
[regir_untied4] 10:10:08  973,493/1,000,000  14.0/s  upd=25856  L=0.0141  D=0.709
[regir_untied4] 10:10:18  973,782/1,000,000  14.0/s  upd=25861  L=0.0202  D=0.709
[regir_untied4] 10:10:28  974,057/1,000,000  14.0/s  upd=25866  L=0.0110  D=0.709
[regir_untied4] 10:10:39  974,057/1,000,000  14.0/s  upd=25872  L=0.0101  D=0.709
[regir_untied4] 10:10:50  974,286/1,000,000  14.0/s  upd=25880  L=0.0148  D=0.709
[regir_untied4] 10:11:01  974,523/1,000,000  14.0/s  upd=25882  L=0.0096  D=0.709
[regir_untied4] 10:11:11  974,523/1,000,000  14.0/s  upd=25888  L=0.0124  D=0.709
[regir_untied4] 10:11:22  974,797/1,000,000  14.0/s  upd=25896  L=0.0208  D=0.709
[regir_untied4] 10:11:32  975,066/1,000,000  14.0/s  upd=25899  L=0.0188  D=0.709
[regir_untied4] 10:11:42  975,066/1,000,000  14.0/s  upd=25904  L=0.0096  D=0.709
[regir_untied4] 10:11:52  975,329/1,000,000  14.0/s  upd=25908  L=0.0129  D=0.709
[regir_untied4] 10:12:02  975,613/1,000,000  14.0/s  upd=25913  L=0.0127  D=0.709
[regir_untied4] 10:12:13  975,613/1,000,000  14.0/s  upd=25920  L=0.0133  D=0.709
[regir_untied4] 10:12:24  975,895/1,000,000  14.0/s  upd=25922  L=0.0141  D=0.709
[regir_untied4] 10:12:34  975,895/1,000,000  14.0/s  upd=25928  L=0.0081  D=0.709
[regir_untied4] 10:12:45  976,180/1,000,000  14.0/s  upd=25929  L=0.0116  D=0.709
[regir_untied4] 10:12:55  976,180/1,000,000  14.0/s  upd=25936  L=0.0129  D=0.709
[regir_untied4] 10:13:06  976,453/1,000,000  14.0/s  upd=25940  L=0.0154  D=0.709
[regir_untied4] 10:13:16  976,721/1,000,000  14.0/s  upd=25947  L=0.0088  D=0.709
[regir_untied4] 10:13:26  976,721/1,000,000  14.0/s  upd=25952  L=0.0117  D=0.709
[regir_untied4] 10:13:36  976,996/1,000,000  14.0/s  upd=25960  L=0.0101  D=0.709
[regir_untied4] 10:13:47  977,268/1,000,000  14.0/s  upd=25968  L=0.0123  D=0.709
[regir_untied4] 10:13:57  977,535/1,000,000  14.0/s  upd=25976  L=0.0175  D=0.709
[regir_untied4] 10:14:07  977,827/1,000,000  14.0/s  upd=25983  L=0.0128  D=0.709
[regir_untied4] 10:14:18  978,115/1,000,000  14.1/s  upd=25991  L=0.0109  D=0.709
[regir_untied4] 10:14:29  978,406/1,000,000  14.1/s  upd=25996  L=0.0082  D=0.709
[regir_untied4] 10:14:39  978,688/1,000,000  14.1/s  upd=26002  L=0.0145  D=0.709
[regir_untied4] 10:14:50  979,012/1,000,000  14.1/s  upd=26010  L=0.0142  D=0.709
[regir_untied4] 10:15:00  979,012/1,000,000  14.1/s  upd=26016  L=0.0132  D=0.709
[regir_untied4] 10:15:10  979,335/1,000,000  14.1/s  upd=26022  L=0.0109  D=0.709
[regir_untied4] 10:15:21  979,589/1,000,000  14.1/s  upd=26029  L=0.0094  D=0.709
[regir_untied4] 10:15:31  979,869/1,000,000  14.1/s  upd=26034  L=0.0114  D=0.709
[regir_untied4] saved resume t_env=979,869
[regir_untied4] 10:15:42  979,869/1,000,000  14.1/s  upd=26040  L=0.0146  D=0.709
[regir_untied4] 10:15:53  980,082/1,000,000  14.1/s  upd=26047  L=0.0105  D=0.709
[regir_untied4] saved resume t_env=980,082
[regir_untied4] 10:16:03  980,082/1,000,000  14.1/s  upd=26048  L=0.0100  ev=0/100  D=0.709
[regir_untied4] 10:16:13  980,082/1,000,000  14.1/s  upd=26048  L=0.0100  ev=8/100  D=0.709
[regir_untied4] 10:16:23  980,082/1,000,000  14.1/s  upd=26048  L=0.0100  ev=24/100  D=0.709
[regir_untied4] 10:16:33  980,082/1,000,000  14.1/s  upd=26048  L=0.0100  ev=40/100  D=0.709
[regir_untied4] 10:16:44  980,082/1,000,000  14.0/s  upd=26048  L=0.0100  ev=51/100  D=0.709
[regir_untied4] 10:16:54  980,082/1,000,000  14.0/s  upd=26048  L=0.0100  ev=61/100  D=0.709
[regir_untied4] 10:17:04  980,082/1,000,000  14.0/s  upd=26048  L=0.0100  ev=78/100  D=0.709
[regir_untied4] 10:17:14  980,082/1,000,000  14.0/s  upd=26048  L=0.0100  ev=82/100  D=0.709
[regir_untied4] 10:17:24  980,082/1,000,000  14.0/s  upd=26048  L=0.0100  ev=88/100  D=0.709
[regir_untied4] 10:17:34  980,082/1,000,000  14.0/s  upd=26048  L=0.0100  D=0.166
[regir_untied4] 10:17:45  980,375/1,000,000  14.0/s  upd=26054  L=0.0097  D=0.166
[regir_untied4] 10:17:55  980,375/1,000,000  14.0/s  upd=26056  L=0.0114  D=0.166
[regir_untied4] 10:18:06  980,724/1,000,000  14.0/s  upd=26063  L=0.0142  D=0.166
[regir_untied4] 10:18:17  980,964/1,000,000  14.0/s  upd=26066  L=0.0111  D=0.166
[regir_untied4] 10:18:27  980,964/1,000,000  14.0/s  upd=26072  L=0.0120  D=0.166
[regir_untied4] 10:18:38  981,223/1,000,000  14.0/s  upd=26079  L=0.0065  D=0.166
[regir_untied4] 10:18:49  981,495/1,000,000  14.0/s  upd=26083  L=0.0086  D=0.166
[regir_untied4] 10:18:59  981,495/1,000,000  14.0/s  upd=26088  L=0.0059  D=0.166
[regir_untied4] 10:19:10  981,773/1,000,000  14.0/s  upd=26095  L=0.0112  D=0.166
[regir_untied4] 10:19:21  982,025/1,000,000  14.0/s  upd=26100  L=0.0120  D=0.166
[regir_untied4] 10:19:31  982,025/1,000,000  14.0/s  upd=26104  L=0.0116  D=0.166
[regir_untied4] 10:19:42  982,312/1,000,000  14.0/s  upd=26110  L=0.0123  D=0.166
[regir_untied4] 10:19:53  982,566/1,000,000  14.0/s  upd=26113  L=0.0101  D=0.166
[regir_untied4] 10:20:03  982,566/1,000,000  14.0/s  upd=26119  L=0.0052  D=0.166
[regir_untied4] 10:20:14  982,804/1,000,000  14.0/s  upd=26125  L=0.0135  D=0.166
[regir_untied4] 10:20:24  983,060/1,000,000  14.0/s  upd=26130  L=0.0138  D=0.166
[regir_untied4] 10:20:34  983,060/1,000,000  14.0/s  upd=26136  L=0.0100  D=0.166
[regir_untied4] 10:20:44  983,294/1,000,000  14.0/s  upd=26141  L=0.0085  D=0.166
[regir_untied4] 10:20:54  983,294/1,000,000  14.0/s  upd=26144  L=0.0107  D=0.166
[regir_untied4] 10:21:05  983,580/1,000,000  14.0/s  upd=26152  L=0.0121  D=0.166
[regir_untied4] 10:21:15  983,822/1,000,000  14.0/s  upd=26157  L=0.0081  D=0.166
[regir_untied4] 10:21:26  983,822/1,000,000  14.0/s  upd=26160  L=0.0144  D=0.166
[regir_untied4] 10:21:36  984,096/1,000,000  14.0/s  upd=26167  L=0.0108  D=0.166
[regir_untied4] 10:21:47  984,376/1,000,000  14.0/s  upd=26171  L=0.0050  D=0.166
[regir_untied4] 10:21:57  984,376/1,000,000  14.0/s  upd=26176  L=0.0099  D=0.166
[regir_untied4] 10:22:08  984,645/1,000,000  14.0/s  upd=26182  L=0.0153  D=0.166
[regir_untied4] 10:22:18  984,895/1,000,000  14.1/s  upd=26187  L=0.0237  D=0.166
[regir_untied4] 10:22:29  985,187/1,000,000  14.1/s  upd=26193  L=0.0117  D=0.166
[regir_untied4] 10:22:40  985,187/1,000,000  14.1/s  upd=26200  L=0.0103  D=0.166
[regir_untied4] 10:22:50  985,413/1,000,000  14.1/s  upd=26205  L=0.0166  D=0.166
[regir_untied4] 10:23:00  985,413/1,000,000  14.0/s  upd=26208  L=0.0066  D=0.166
[regir_untied4] 10:23:11  985,666/1,000,000  14.1/s  upd=26215  L=0.0180  D=0.166
[regir_untied4] 10:23:22  985,908/1,000,000  14.1/s  upd=26217  L=0.0086  D=0.166
[regir_untied4] 10:23:32  985,908/1,000,000  14.1/s  upd=26224  L=0.0108  D=0.166
[regir_untied4] 10:23:42  986,158/1,000,000  14.1/s  upd=26231  L=0.0112  D=0.166
[regir_untied4] 10:23:52  986,392/1,000,000  14.1/s  upd=26234  L=0.0091  D=0.166
[regir_untied4] 10:24:02  986,392/1,000,000  14.1/s  upd=26240  L=0.0086  D=0.166
[regir_untied4] 10:24:14  986,654/1,000,000  14.1/s  upd=26247  L=0.0084  D=0.166
[regir_untied4] 10:24:24  986,898/1,000,000  14.1/s  upd=26252  L=0.0209  D=0.166
[regir_untied4] 10:24:34  986,898/1,000,000  14.1/s  upd=26256  L=0.0107  D=0.166
[regir_untied4] 10:24:45  987,169/1,000,000  14.1/s  upd=26263  L=0.0062  D=0.166
[regir_untied4] 10:24:56  987,440/1,000,000  14.1/s  upd=26270  L=0.0104  D=0.166
[regir_untied4] 10:25:06  987,440/1,000,000  14.1/s  upd=26272  L=0.0077  D=0.166
[regir_untied4] 10:25:17  987,700/1,000,000  14.1/s  upd=26280  L=0.0147  D=0.166
[regir_untied4] 10:25:27  987,946/1,000,000  14.1/s  upd=26283  L=0.0182  D=0.166
[regir_untied4] 10:25:37  987,946/1,000,000  14.1/s  upd=26288  L=0.0118  D=0.166
[regir_untied4] 10:25:48  988,170/1,000,000  14.1/s  upd=26295  L=0.0173  D=0.166
[regir_untied4] 10:25:59  988,435/1,000,000  14.1/s  upd=26298  L=0.0109  D=0.166
[regir_untied4] saved resume t_env=988,435
[regir_untied4] 10:26:09  988,435/1,000,000  14.1/s  upd=26304  L=0.0061  D=0.166
[regir_untied4] 10:26:19  988,435/1,000,000  14.1/s  upd=26304  L=0.0061  D=0.166
[regir_untied4] 10:26:29  988,753/1,000,000  14.1/s  upd=26312  L=0.0137  D=0.166
[regir_untied4] 10:26:40  988,995/1,000,000  14.1/s  upd=26314  L=0.0080  D=0.166
[regir_untied4] 10:26:51  988,995/1,000,000  14.1/s  upd=26320  L=0.0110  D=0.166
[regir_untied4] 10:27:01  989,306/1,000,000  14.1/s  upd=26323  L=0.0107  D=0.166
[regir_untied4] 10:27:12  989,306/1,000,000  14.1/s  upd=26328  L=0.0193  D=0.166
[regir_untied4] 10:27:23  989,617/1,000,000  14.1/s  upd=26334  L=0.0128  D=0.166
[regir_untied4] 10:27:33  989,886/1,000,000  14.1/s  upd=26338  L=0.0108  D=0.166
[regir_untied4] 10:27:43  989,886/1,000,000  14.1/s  upd=26344  L=0.0071  D=0.166
[regir_untied4] 10:27:53  990,149/1,000,000  14.1/s  upd=26348  L=0.0083  D=0.166
[regir_untied4] 10:28:04  990,149/1,000,000  14.1/s  upd=26352  L=0.0297  D=0.166
[regir_untied4] 10:28:14  990,411/1,000,000  14.1/s  upd=26360  L=0.0107  D=0.166
[regir_untied4] 10:28:25  990,673/1,000,000  14.1/s  upd=26361  L=0.0130  D=0.166
[regir_untied4] 10:28:35  990,673/1,000,000  14.1/s  upd=26368  L=0.0120  D=0.166
[regir_untied4] 10:28:45  991,004/1,000,000  14.1/s  upd=26373  L=0.0094  D=0.166
[regir_untied4] 10:28:55  991,004/1,000,000  14.1/s  upd=26376  L=0.0150  D=0.166
[regir_untied4] 10:29:06  991,261/1,000,000  14.1/s  upd=26384  L=0.0109  D=0.166
[regir_untied4] 10:29:18  991,532/1,000,000  14.1/s  upd=26385  L=0.0117  D=0.166
[regir_untied4] 10:29:28  991,532/1,000,000  14.1/s  upd=26392  L=0.0100  D=0.166
[regir_untied4] 10:29:38  991,794/1,000,000  14.1/s  upd=26398  L=0.0142  D=0.166
[regir_untied4] 10:29:49  992,139/1,000,000  14.1/s  upd=26404  L=0.0228  D=0.166
[regir_untied4] 10:29:59  992,139/1,000,000  14.1/s  upd=26408  L=0.0847  D=0.166
[regir_untied4] 10:30:10  992,498/1,000,000  14.1/s  upd=26412  L=0.0228  D=0.166
[regir_untied4] 10:30:20  992,498/1,000,000  14.1/s  upd=26416  L=0.0163  D=0.166
[regir_untied4] 10:30:30  992,822/1,000,000  14.1/s  upd=26422  L=0.0131  D=0.166
[regir_untied4] 10:30:41  993,137/1,000,000  14.1/s  upd=26428  L=0.0081  D=0.166
[regir_untied4] 10:30:51  993,137/1,000,000  14.1/s  upd=26432  L=0.0177  D=0.166
[regir_untied4] 10:31:02  993,420/1,000,000  14.1/s  upd=26438  L=0.0092  D=0.166
[regir_untied4] 10:31:13  993,694/1,000,000  14.1/s  upd=26441  L=0.0098  D=0.166
[regir_untied4] 10:31:23  993,694/1,000,000  14.1/s  upd=26448  L=0.0095  D=0.166
[regir_untied4] 10:31:33  993,966/1,000,000  14.1/s  upd=26454  L=0.0091  D=0.166
[regir_untied4] 10:31:43  993,966/1,000,000  14.1/s  upd=26456  L=0.0101  D=0.166
[regir_untied4] 10:31:54  994,260/1,000,000  14.1/s  upd=26463  L=0.0096  D=0.166
[regir_untied4] 10:32:05  994,529/1,000,000  14.1/s  upd=26465  L=0.0108  D=0.166
[regir_untied4] 10:32:15  994,529/1,000,000  14.1/s  upd=26472  L=0.0101  D=0.166
[regir_untied4] 10:32:25  994,780/1,000,000  14.1/s  upd=26477  L=0.0080  D=0.166
[regir_untied4] 10:32:36  995,048/1,000,000  14.1/s  upd=26481  L=0.0128  D=0.166
[regir_untied4] 10:32:46  995,048/1,000,000  14.1/s  upd=26488  L=0.0115  D=0.166
[regir_untied4] 10:32:57  995,331/1,000,000  14.1/s  upd=26491  L=0.0079  D=0.166
[regir_untied4] 10:33:07  995,580/1,000,000  14.1/s  upd=26498  L=0.0119  D=0.166
[regir_untied4] 10:33:18  995,580/1,000,000  14.1/s  upd=26504  L=0.0065  D=0.166
[regir_untied4] 10:33:28  995,846/1,000,000  14.1/s  upd=26510  L=0.0055  D=0.166
[regir_untied4] 10:33:39  996,119/1,000,000  14.1/s  upd=26513  L=0.0083  D=0.166
[regir_untied4] 10:33:49  996,119/1,000,000  14.1/s  upd=26520  L=0.0063  D=0.166
[regir_untied4] 10:33:59  996,392/1,000,000  14.1/s  upd=26524  L=0.0140  D=0.166
[regir_untied4] 10:34:10  996,392/1,000,000  14.1/s  upd=26528  L=0.0098  D=0.166
[regir_untied4] 10:34:20  996,664/1,000,000  14.1/s  upd=26536  L=0.0134  D=0.166
[regir_untied4] 10:34:32  996,988/1,000,000  14.1/s  upd=26539  L=0.0112  D=0.166
[regir_untied4] 10:34:43  997,303/1,000,000  14.1/s  upd=26545  L=0.0092  D=0.166
[regir_untied4] 10:34:53  997,303/1,000,000  14.1/s  upd=26552  L=0.0069  D=0.166
[regir_untied4] 10:35:04  997,605/1,000,000  14.1/s  upd=26554  L=0.0112  D=0.166
[regir_untied4] 10:35:14  997,605/1,000,000  14.1/s  upd=26560  L=0.0111  D=0.166
[regir_untied4] 10:35:24  997,881/1,000,000  14.1/s  upd=26568  L=0.0145  D=0.166
[regir_untied4] 10:35:34  998,103/1,000,000  14.1/s  upd=26573  L=0.0090  D=0.166
[regir_untied4] 10:35:45  998,391/1,000,000  14.1/s  upd=26581  L=0.0149  D=0.166
[regir_untied4] 10:35:55  998,651/1,000,000  14.1/s  upd=26586  L=0.0107  D=0.166
[regir_untied4] 10:36:06  998,937/1,000,000  14.1/s  upd=26594  L=0.0094  D=0.166
[regir_untied4] saved resume t_env=998,937
[regir_untied4] 10:36:16  998,937/1,000,000  14.1/s  upd=26600  L=0.0099  D=0.166
[regir_untied4] 10:36:26  999,198/1,000,000  14.1/s  upd=26608  L=0.0092  D=0.166
[regir_untied4] 10:36:36  999,460/1,000,000  14.1/s  upd=26616  L=0.0133  D=0.166
[regir_untied4] 10:36:47  999,759/1,000,000  14.1/s  upd=26621  L=0.0058  D=0.166
[regir_untied4] 10:36:58  1,000,000/1,000,000  14.1/s  upd=26628  L=0.0083  D=0.166
[regir_untied4] saved resume t_env=1,000,000
[regir_untied4] 10:37:08  1,000,000/1,000,000  14.1/s  upd=26632  L=0.0173  ev=0/100  D=0.166
[regir_untied4] 10:37:18  1,000,000/1,000,000  14.1/s  upd=26632  L=0.0173  ev=16/100  D=0.166
[regir_untied4] 10:37:28  1,000,000/1,000,000  14.1/s  upd=26632  L=0.0173  ev=32/100  D=0.166
[regir_untied4] 10:37:38  1,000,000/1,000,000  14.1/s  upd=26632  L=0.0173  ev=48/100  D=0.166
[regir_untied4] 10:37:48  1,000,000/1,000,000  14.1/s  upd=26632  L=0.0173  ev=64/100  D=0.166
[regir_untied4] 10:37:58  1,000,000/1,000,000  14.1/s  upd=26632  L=0.0173  ev=80/100  D=0.166
[regir_untied4] 10:38:08  1,000,000/1,000,000  14.1/s  upd=26632  L=0.0173  ev=95/100  D=0.166
[regir_untied4] saved resume t_env=1,000,000
