[regir_norefil] no resume checkpoint; start this arm from step 0
[regir_norefil] 0:00:10  1,208/1,000,000  120.8/s  upd=0  L=-  D=-
[regir_norefil] 0:00:20  1,601/1,000,000  80.0/s  upd=8  L=0.0466  D=-
[regir_norefil] 0:00:30  2,432/1,000,000  79.9/s  upd=18  L=0.0495  D=-
[regir_norefil] 0:00:40  2,810/1,000,000  69.2/s  upd=28  L=0.0409  D=-
[regir_norefil] 0:00:50  3,564/1,000,000  70.3/s  upd=43  L=0.0411  D=-
[regir_norefil] 0:01:00  4,324/1,000,000  70.9/s  upd=58  L=0.0377  D=-
[regir_norefil] 0:01:10  4,692/1,000,000  66.1/s  upd=72  L=0.0503  D=-
[regir_norefil] 0:01:21  5,490/1,000,000  67.8/s  upd=88  L=0.0356  D=-
[regir_norefil] 0:01:31  6,180/1,000,000  67.8/s  upd=101  L=0.0505  D=-
[regir_norefil] 0:01:41  6,526/1,000,000  64.5/s  upd=112  L=0.0541  D=-
[regir_norefil] 0:01:51  7,298/1,000,000  65.2/s  upd=125  L=0.0415  D=-
[regir_norefil] 0:02:01  7,790/1,000,000  63.9/s  upd=135  L=0.0432  D=-
[regir_norefil] 0:02:13  8,582/1,000,000  64.5/s  upd=145  L=0.0446  D=-
[regir_norefil] 0:02:23  8,954/1,000,000  62.3/s  upd=157  L=0.0378  D=-
[regir_norefil] 0:02:33  9,300/1,000,000  60.5/s  upd=168  L=0.0437  D=-
[regir_norefil] 0:02:44  10,077/1,000,000  61.2/s  upd=180  L=0.0549  D=-
[regir_norefil] 0:02:55  10,442/1,000,000  59.5/s  upd=190  L=0.0599  D=-
[regir_norefil] 0:03:06  10,779/1,000,000  57.9/s  upd=200  L=0.0565  D=-
[regir_norefil] 0:03:16  11,200/1,000,000  57.0/s  upd=204  L=0.0551  D=-
[regir_norefil] 0:03:27  11,573/1,000,000  55.9/s  upd=209  L=0.0374  D=-
[regir_norefil] 0:03:37  11,573/1,000,000  53.3/s  upd=216  L=0.0394  D=-
[regir_norefil] 0:03:47  11,919/1,000,000  52.5/s  upd=224  L=0.0388  D=-
[regir_norefil] 0:03:57  12,707/1,000,000  53.5/s  upd=234  L=0.0597  D=-
[regir_norefil] 0:04:07  13,036/1,000,000  52.6/s  upd=244  L=0.0462  D=-
[regir_norefil] 0:04:18  13,409/1,000,000  51.8/s  upd=252  L=0.0474  D=-
[regir_norefil] 0:04:29  13,845/1,000,000  51.4/s  upd=258  L=0.0591  D=-
[regir_norefil] 0:04:40  14,178/1,000,000  50.5/s  upd=265  L=0.0407  D=-
[regir_norefil] 0:04:50  14,178/1,000,000  48.8/s  upd=272  L=0.0464  D=-
[regir_norefil] 0:05:01  14,918/1,000,000  49.6/s  upd=281  L=0.0449  D=-
[regir_norefil] 0:07:07  14,918/1,000,000  34.9/s  upd=288  L=0.0289  D=-
[regir_norefil] 0:07:17  15,332/1,000,000  35.1/s  upd=296  L=0.0342  D=-
[regir_norefil] 0:07:27  16,097/1,000,000  35.9/s  upd=305  L=0.0439  D=-
[regir_norefil] 0:07:38  16,405/1,000,000  35.8/s  upd=316  L=0.0598  D=-
[regir_norefil] 0:07:49  16,771/1,000,000  35.8/s  upd=326  L=0.0415  D=-
[regir_norefil] 0:07:59  17,143/1,000,000  35.8/s  upd=335  L=0.0492  D=-
[regir_norefil] 0:08:09  17,530/1,000,000  35.8/s  upd=343  L=0.0316  D=-
[regir_norefil] 0:08:20  17,930/1,000,000  35.8/s  upd=352  L=0.0515  D=-
[regir_norefil] 0:08:30  18,658/1,000,000  36.6/s  upd=363  L=0.0493  D=-
[regir_norefil] 0:08:40  19,088/1,000,000  36.7/s  upd=376  L=0.0386  D=-
[regir_norefil] 0:08:50  19,776/1,000,000  37.3/s  upd=392  L=0.0348  D=-
[regir_norefil] saved resume t_env=20,148
[regir_norefil] 0:09:15  20,148/1,000,000  36.3/s  upd=400  L=0.0442  ev=0/100  D=-
[regir_norefil] 0:09:25  20,148/1,000,000  35.6/s  upd=400  L=0.0442  ev=56/100  D=-
[regir_norefil] 0:12:04  20,148/1,000,000  27.8/s  upd=400  L=0.0442  D=5.585
[regir_norefil] 0:15:58  20,508/1,000,000  21.4/s  upd=408  L=0.0349  D=5.585
[regir_norefil] 0:16:08  21,310/1,000,000  22.0/s  upd=420  L=0.0399  D=5.585
[regir_norefil] 0:16:18  21,657/1,000,000  22.1/s  upd=432  L=0.0396  D=5.585
[regir_norefil] 0:16:29  22,407/1,000,000  22.7/s  upd=445  L=0.0513  D=5.585
[regir_norefil] 0:16:39  23,107/1,000,000  23.1/s  upd=457  L=0.0635  D=5.585
[regir_norefil] 0:16:49  23,492/1,000,000  23.3/s  upd=472  L=0.0568  D=5.585
[regir_norefil] 0:17:00  24,261/1,000,000  23.8/s  upd=484  L=0.0353  D=5.585
[regir_norefil] 0:17:10  24,933/1,000,000  24.2/s  upd=497  L=0.0490  D=5.585
[regir_norefil] 0:17:21  25,296/1,000,000  24.3/s  upd=512  L=0.0381  D=5.585
[regir_norefil] 0:17:31  26,026/1,000,000  24.7/s  upd=526  L=0.0335  D=5.585
[regir_norefil] 0:17:41  26,853/1,000,000  25.3/s  upd=538  L=0.0470  D=5.585
[regir_norefil] 0:17:51  27,225/1,000,000  25.4/s  upd=548  L=0.0396  D=5.585
[regir_norefil] 0:18:02  27,687/1,000,000  25.6/s  upd=558  L=0.0502  D=5.585
[regir_norefil] 0:18:12  28,060/1,000,000  25.7/s  upd=568  L=0.0325  D=5.585
[regir_norefil] 0:18:22  28,380/1,000,000  25.7/s  upd=576  L=0.0461  D=5.585
[regir_norefil] 0:18:32  28,765/1,000,000  25.8/s  upd=584  L=0.0515  D=5.585
[regir_norefil] 0:18:43  29,143/1,000,000  25.9/s  upd=590  L=0.0562  D=5.585
[regir_norefil] 0:18:54  29,556/1,000,000  26.1/s  upd=595  L=0.0492  D=5.585
[regir_norefil] 0:19:05  29,954/1,000,000  26.2/s  upd=603  L=0.0415  D=5.585
[regir_norefil] saved resume t_env=29,954
[regir_norefil] 0:19:15  30,371/1,000,000  26.3/s  upd=609  L=0.0535  D=5.585
[regir_norefil] 0:19:25  30,734/1,000,000  26.4/s  upd=617  L=0.0454  D=5.585
[regir_norefil] 0:19:35  30,734/1,000,000  26.1/s  upd=624  L=0.0470  D=5.585
[regir_norefil] 0:19:46  31,522/1,000,000  26.6/s  upd=633  L=0.0449  D=5.585
[regir_norefil] 0:19:56  31,887/1,000,000  26.6/s  upd=641  L=0.0439  D=5.585
[regir_norefil] 0:20:07  32,274/1,000,000  26.7/s  upd=650  L=0.0419  D=5.585
[regir_norefil] 0:20:17  32,274/1,000,000  26.5/s  upd=656  L=0.0423  D=5.585
[regir_norefil] 0:20:27  32,735/1,000,000  26.7/s  upd=664  L=0.0471  D=5.585
[regir_norefil] 0:20:38  33,137/1,000,000  26.8/s  upd=669  L=0.0512  D=5.585
[regir_norefil] 0:20:48  33,845/1,000,000  27.1/s  upd=681  L=0.0507  D=5.585
[regir_norefil] 0:20:59  34,244/1,000,000  27.2/s  upd=692  L=0.0363  D=5.585
[regir_norefil] 0:24:09  34,244/1,000,000  23.6/s  upd=696  L=0.0465  D=5.585
[regir_norefil] 0:24:20  35,132/1,000,000  24.1/s  upd=710  L=0.0611  D=5.585
[regir_norefil] 0:24:31  35,910/1,000,000  24.4/s  upd=723  L=0.0390  D=5.585
[regir_norefil] 0:24:41  36,279/1,000,000  24.5/s  upd=736  L=0.0349  D=5.585
[regir_norefil] 0:24:51  37,012/1,000,000  24.8/s  upd=747  L=0.0350  D=5.585
[regir_norefil] 0:25:01  37,426/1,000,000  24.9/s  upd=760  L=0.0394  D=5.585
[regir_norefil] 0:25:12  38,104/1,000,000  25.2/s  upd=774  L=0.0555  D=5.585
[regir_norefil] 0:25:22  38,438/1,000,000  25.3/s  upd=784  L=0.0562  D=5.585
[regir_norefil] 0:25:32  39,148/1,000,000  25.5/s  upd=796  L=0.0435  D=5.585
[regir_norefil] 0:25:42  39,555/1,000,000  25.6/s  upd=808  L=0.0587  D=5.585
[regir_norefil] 0:25:53  40,390/1,000,000  26.0/s  upd=820  L=0.0368  D=5.585
[regir_norefil] saved resume t_env=40,390
[regir_norefil] 0:26:14  40,390/1,000,000  25.7/s  upd=824  L=0.0480  ev=0/100  D=5.585
[regir_norefil] 0:26:24  40,390/1,000,000  25.5/s  upd=824  L=0.0480  ev=32/100  D=5.585
[regir_norefil] 0:26:34  40,390/1,000,000  25.3/s  upd=824  L=0.0480  ev=64/100  D=5.585
[regir_norefil] 0:29:07  40,390/1,000,000  23.1/s  upd=824  L=0.0480  D=4.792
[regir_norefil] 0:32:27  40,768/1,000,000  20.9/s  upd=832  L=0.0510  D=4.792
[regir_norefil] 0:32:37  41,166/1,000,000  21.0/s  upd=840  L=0.0505  D=4.792
[regir_norefil] 0:32:47  42,041/1,000,000  21.4/s  upd=850  L=0.0514  D=4.792
[regir_norefil] 0:32:57  42,417/1,000,000  21.4/s  upd=862  L=0.0629  D=4.792
[regir_norefil] 0:33:08  43,249/1,000,000  21.7/s  upd=876  L=0.0520  D=4.792
[regir_norefil] 0:33:19  44,022/1,000,000  22.0/s  upd=889  L=0.0396  D=4.792
[regir_norefil] 0:33:29  44,422/1,000,000  22.1/s  upd=902  L=0.0520  D=4.792
[regir_norefil] 0:33:40  45,328/1,000,000  22.4/s  upd=914  L=0.0431  D=4.792
[regir_norefil] 0:33:50  45,702/1,000,000  22.5/s  upd=928  L=0.0522  D=4.792
[regir_norefil] 0:34:01  46,427/1,000,000  22.7/s  upd=942  L=0.0513  D=4.792
[regir_norefil] 0:34:11  47,182/1,000,000  23.0/s  upd=956  L=0.0424  D=4.792
[regir_norefil] 0:34:21  47,559/1,000,000  23.1/s  upd=968  L=0.0542  D=4.792
[regir_norefil] 0:34:32  48,279/1,000,000  23.3/s  upd=982  L=0.0393  D=4.792
[regir_norefil] 0:34:43  49,105/1,000,000  23.6/s  upd=993  L=0.0328  D=4.792
[regir_norefil] 0:34:54  49,506/1,000,000  23.6/s  upd=1003  L=0.0440  D=4.792
[regir_norefil] 0:35:04  49,843/1,000,000  23.7/s  upd=1013  L=0.0414  D=4.792
[regir_norefil] 0:35:14  50,164/1,000,000  23.7/s  upd=1022  L=0.0475  D=4.792
[regir_norefil] 0:35:24  50,582/1,000,000  23.8/s  upd=1025  L=0.0448  D=4.792
[regir_norefil] 0:35:34  50,582/1,000,000  23.7/s  upd=1032  L=0.0410  D=4.792
[regir_norefil] 0:35:44  50,922/1,000,000  23.7/s  upd=1040  L=0.0514  D=4.792
[regir_norefil] 0:35:55  51,258/1,000,000  23.8/s  upd=1048  L=0.0347  D=4.792
[regir_norefil] 0:36:05  51,655/1,000,000  23.9/s  upd=1053  L=0.0497  D=4.792
[regir_norefil] saved resume t_env=51,655
[regir_norefil] 0:36:15  51,992/1,000,000  23.9/s  upd=1057  L=0.0384  D=4.792
[regir_norefil] 0:36:25  51,992/1,000,000  23.8/s  upd=1064  L=0.0462  D=4.792
[regir_norefil] 0:36:37  52,665/1,000,000  24.0/s  upd=1073  L=0.0422  D=4.792
[regir_norefil] 0:36:47  52,995/1,000,000  24.0/s  upd=1082  L=0.0525  D=4.792
[regir_norefil] 0:36:57  52,995/1,000,000  23.9/s  upd=1088  L=0.0530  D=4.792
[regir_norefil] 0:37:07  53,342/1,000,000  23.9/s  upd=1096  L=0.0401  D=4.792
[regir_norefil] 0:37:18  53,658/1,000,000  24.0/s  upd=1103  L=0.0420  D=4.792
[regir_norefil] 0:37:29  54,070/1,000,000  24.0/s  upd=1107  L=0.0506  D=4.792
[regir_norefil] 0:39:00  54,070/1,000,000  23.1/s  upd=1112  L=0.0600  D=4.792
[regir_norefil] 0:39:10  54,463/1,000,000  23.2/s  upd=1117  L=0.0454  D=4.792
[regir_norefil] 0:39:20  54,843/1,000,000  23.2/s  upd=1122  L=0.0405  D=4.792
[regir_norefil] 0:39:31  55,264/1,000,000  23.3/s  upd=1130  L=0.0463  D=4.792
[regir_norefil] 0:39:41  55,636/1,000,000  23.4/s  upd=1141  L=0.0260  D=4.792
[regir_norefil] 0:39:52  56,349/1,000,000  23.6/s  upd=1153  L=0.0445  D=4.792
[regir_norefil] 0:40:03  57,084/1,000,000  23.7/s  upd=1169  L=0.0447  D=4.792
[regir_norefil] 0:40:14  57,461/1,000,000  23.8/s  upd=1182  L=0.0393  D=4.792
[regir_norefil] 0:40:24  58,234/1,000,000  24.0/s  upd=1195  L=0.0335  D=4.792
[regir_norefil] 0:40:34  58,621/1,000,000  24.1/s  upd=1208  L=0.0283  D=4.792
[regir_norefil] 0:40:44  59,359/1,000,000  24.3/s  upd=1223  L=0.0519  D=4.792
[regir_norefil] 0:40:55  60,173/1,000,000  24.5/s  upd=1235  L=0.0302  D=4.792
[regir_norefil] saved resume t_env=60,173
[regir_norefil] 0:41:16  60,173/1,000,000  24.3/s  upd=1240  L=0.0432  ev=0/100  D=4.792
[regir_norefil] 0:41:26  60,173/1,000,000  24.2/s  upd=1240  L=0.0432  ev=56/100  D=4.792
[regir_norefil] 0:43:29  60,173/1,000,000  23.1/s  upd=1240  L=0.0432  D=4.681
[regir_norefil] 0:43:39  60,504/1,000,000  23.1/s  upd=1248  L=0.0424  D=4.681
[regir_norefil] 0:43:50  61,371/1,000,000  23.3/s  upd=1258  L=0.0365  D=4.681
[regir_norefil] 0:44:01  61,764/1,000,000  23.4/s  upd=1270  L=0.0399  D=4.681
[regir_norefil] 0:47:18  61,764/1,000,000  21.8/s  upd=1272  L=0.0449  D=4.681
[regir_norefil] 0:47:28  62,461/1,000,000  21.9/s  upd=1281  L=0.0370  D=4.681
[regir_norefil] 0:47:39  62,820/1,000,000  22.0/s  upd=1293  L=0.0388  D=4.681
[regir_norefil] 0:47:49  63,228/1,000,000  22.0/s  upd=1304  L=0.0377  D=4.681
[regir_norefil] 0:48:00  64,112/1,000,000  22.3/s  upd=1314  L=0.0396  D=4.681
[regir_norefil] 0:48:10  64,523/1,000,000  22.3/s  upd=1323  L=0.0392  D=4.681
[regir_norefil] 0:48:21  64,895/1,000,000  22.4/s  upd=1334  L=0.0545  D=4.681
[regir_norefil] 0:48:31  65,289/1,000,000  22.4/s  upd=1344  L=0.0499  D=4.681
[regir_norefil] 0:48:41  65,712/1,000,000  22.5/s  upd=1352  L=0.0439  D=4.681
[regir_norefil] 0:48:51  66,155/1,000,000  22.6/s  upd=1360  L=0.0429  D=4.681
[regir_norefil] 0:49:01  66,512/1,000,000  22.6/s  upd=1368  L=0.0563  D=4.681
[regir_norefil] 0:49:11  66,919/1,000,000  22.7/s  upd=1376  L=0.0556  D=4.681
[regir_norefil] 0:49:21  67,397/1,000,000  22.8/s  upd=1384  L=0.0374  D=4.681
[regir_norefil] 0:49:32  68,241/1,000,000  23.0/s  upd=1395  L=0.0406  D=4.681
[regir_norefil] 0:49:42  68,624/1,000,000  23.0/s  upd=1403  L=0.0368  D=4.681
[regir_norefil] 0:49:52  69,058/1,000,000  23.1/s  upd=1411  L=0.0402  D=4.681
[regir_norefil] 0:50:03  69,394/1,000,000  23.1/s  upd=1420  L=0.0499  D=4.681
[regir_norefil] 0:50:14  69,774/1,000,000  23.1/s  upd=1428  L=0.0615  D=4.681
[regir_norefil] 0:50:24  70,101/1,000,000  23.2/s  upd=1440  L=0.0490  D=4.681
[regir_norefil] 0:50:34  70,475/1,000,000  23.2/s  upd=1448  L=0.0703  D=4.681
[regir_norefil] 0:50:44  71,241/1,000,000  23.4/s  upd=1457  L=0.0499  D=4.681
[regir_norefil] 0:50:55  71,630/1,000,000  23.4/s  upd=1466  L=0.0353  D=4.681
[regir_norefil] saved resume t_env=71,630
[regir_norefil] 0:51:05  72,026/1,000,000  23.5/s  upd=1478  L=0.0459  D=4.681
[regir_norefil] 0:51:15  72,388/1,000,000  23.5/s  upd=1488  L=0.0361  D=4.681
[regir_norefil] 0:51:26  73,168/1,000,000  23.7/s  upd=1500  L=0.0371  D=4.681
[regir_norefil] 0:51:36  73,551/1,000,000  23.8/s  upd=1511  L=0.0570  D=4.681
[regir_norefil] 0:51:46  73,920/1,000,000  23.8/s  upd=1520  L=0.0420  D=4.681
[regir_norefil] 0:51:56  74,651/1,000,000  24.0/s  upd=1530  L=0.0439  D=4.681
[regir_norefil] 0:52:06  75,031/1,000,000  24.0/s  upd=1540  L=0.0302  D=4.681
[regir_norefil] 0:52:16  75,385/1,000,000  24.0/s  upd=1551  L=0.0475  D=4.681
[regir_norefil] 0:55:02  75,808/1,000,000  23.0/s  upd=1560  L=0.0468  D=4.681
[regir_norefil] 0:55:12  76,203/1,000,000  23.0/s  upd=1562  L=0.0420  D=4.681
[regir_norefil] 0:55:22  76,203/1,000,000  22.9/s  upd=1568  L=0.0479  D=4.681
[regir_norefil] 0:55:33  76,658/1,000,000  23.0/s  upd=1576  L=0.0472  D=4.681
[regir_norefil] 0:55:43  77,059/1,000,000  23.0/s  upd=1581  L=0.0463  D=4.681
[regir_norefil] 0:55:54  77,414/1,000,000  23.1/s  upd=1590  L=0.0307  D=4.681
[regir_norefil] 0:56:04  77,783/1,000,000  23.1/s  upd=1599  L=0.0419  D=4.681
[regir_norefil] 0:56:14  78,131/1,000,000  23.2/s  upd=1608  L=0.0383  D=4.681
[regir_norefil] 0:56:24  78,533/1,000,000  23.2/s  upd=1616  L=0.0480  D=4.681
[regir_norefil] 0:56:34  78,929/1,000,000  23.3/s  upd=1624  L=0.0518  D=4.681
[regir_norefil] 0:56:44  79,349/1,000,000  23.3/s  upd=1632  L=0.0367  D=4.681
[regir_norefil] 0:56:54  79,706/1,000,000  23.3/s  upd=1640  L=0.0485  D=4.681
[regir_norefil] saved resume t_env=80,127
[regir_norefil] 0:57:21  80,127/1,000,000  23.3/s  upd=1648  L=0.0506  ev=0/100  D=4.681
[regir_norefil] 0:57:31  80,127/1,000,000  23.2/s  upd=1648  L=0.0506  ev=30/100  D=4.681
[regir_norefil] 0:57:41  80,127/1,000,000  23.1/s  upd=1648  L=0.0506  ev=64/100  D=4.681
[regir_norefil] 0:57:51  80,127/1,000,000  23.1/s  upd=1648  L=0.0506  ev=96/100  D=4.681
[regir_norefil] 1:00:01  80,127/1,000,000  22.2/s  upd=1648  L=0.0506  D=5.087
[regir_norefil] 1:03:18  80,494/1,000,000  21.2/s  upd=1656  L=0.0466  D=5.087
[regir_norefil] 1:03:28  81,264/1,000,000  21.3/s  upd=1666  L=0.0221  D=5.087
[regir_norefil] 1:03:39  81,704/1,000,000  21.4/s  upd=1678  L=0.0333  D=5.087
[regir_norefil] 1:03:50  82,423/1,000,000  21.5/s  upd=1689  L=0.0601  D=5.087
[regir_norefil] 1:04:00  82,756/1,000,000  21.5/s  upd=1701  L=0.0562  D=5.087
[regir_norefil] 1:04:10  83,162/1,000,000  21.6/s  upd=1712  L=0.0524  D=5.087
[regir_norefil] 1:04:21  84,038/1,000,000  21.8/s  upd=1723  L=0.0400  D=5.087
[regir_norefil] 1:04:31  84,393/1,000,000  21.8/s  upd=1736  L=0.0383  D=5.087
[regir_norefil] 1:04:42  85,209/1,000,000  21.9/s  upd=1746  L=0.0356  D=5.087
[regir_norefil] 1:04:52  85,618/1,000,000  22.0/s  upd=1758  L=0.0358  D=5.087
[regir_norefil] 1:05:02  85,997/1,000,000  22.0/s  upd=1768  L=0.0336  D=5.087
[regir_norefil] 1:05:12  86,391/1,000,000  22.1/s  upd=1776  L=0.0415  D=5.087
[regir_norefil] 1:05:23  87,042/1,000,000  22.2/s  upd=1785  L=0.0448  D=5.087
[regir_norefil] 1:05:34  87,437/1,000,000  22.2/s  upd=1795  L=0.0403  D=5.087
[regir_norefil] 1:05:45  87,799/1,000,000  22.3/s  upd=1804  L=0.0282  D=5.087
[regir_norefil] 1:05:55  88,148/1,000,000  22.3/s  upd=1813  L=0.0425  D=5.087
[regir_norefil] 1:06:05  88,503/1,000,000  22.3/s  upd=1822  L=0.0312  D=5.087
[regir_norefil] 1:06:17  88,865/1,000,000  22.3/s  upd=1832  L=0.0438  D=5.087
[regir_norefil] 1:06:27  89,217/1,000,000  22.4/s  upd=1840  L=0.0350  D=5.087
[regir_norefil] 1:06:37  89,568/1,000,000  22.4/s  upd=1848  L=0.0441  D=5.087
[regir_norefil] 1:06:48  90,253/1,000,000  22.5/s  upd=1857  L=0.0729  D=5.087
[regir_norefil] 1:06:59  90,648/1,000,000  22.6/s  upd=1867  L=0.0427  D=5.087
[regir_norefil] saved resume t_env=90,648
[regir_norefil] 1:07:09  90,989/1,000,000  22.6/s  upd=1875  L=0.0371  D=5.087
[regir_norefil] 1:07:20  91,358/1,000,000  22.6/s  upd=1884  L=0.0541  D=5.087
[regir_norefil] 1:07:30  91,713/1,000,000  22.6/s  upd=1894  L=0.0510  D=5.087
[regir_norefil] 1:07:40  92,078/1,000,000  22.7/s  upd=1900  L=0.0382  D=5.087
[regir_norefil] 1:07:51  92,550/1,000,000  22.7/s  upd=1906  L=0.0422  D=5.087
[regir_norefil] 1:08:02  92,906/1,000,000  22.8/s  upd=1914  L=0.0452  D=5.087
[regir_norefil] 1:08:13  93,226/1,000,000  22.8/s  upd=1924  L=0.0401  D=5.087
[regir_norefil] 1:10:24  93,226/1,000,000  22.1/s  upd=1928  L=0.0447  D=5.087
[regir_norefil] 1:10:34  93,955/1,000,000  22.2/s  upd=1938  L=0.0386  D=5.087
[regir_norefil] 1:10:45  94,290/1,000,000  22.2/s  upd=1950  L=0.0283  D=5.087
[regir_norefil] 1:10:55  95,076/1,000,000  22.3/s  upd=1961  L=0.0408  D=5.087
[regir_norefil] 1:11:06  95,451/1,000,000  22.4/s  upd=1974  L=0.0475  D=5.087
[regir_norefil] 1:11:17  96,164/1,000,000  22.5/s  upd=1986  L=0.0326  D=5.087
[regir_norefil] 1:11:27  96,498/1,000,000  22.5/s  upd=1996  L=0.0358  D=5.087
[regir_norefil] 1:11:37  96,843/1,000,000  22.5/s  upd=2008  L=0.0452  D=5.087
[regir_norefil] 1:11:47  97,189/1,000,000  22.6/s  upd=2016  L=0.0463  D=5.087
[regir_norefil] 1:11:57  97,919/1,000,000  22.7/s  upd=2026  L=0.0285  D=5.087
[regir_norefil] 1:12:07  98,286/1,000,000  22.7/s  upd=2034  L=0.0474  D=5.087
[regir_norefil] 1:12:18  98,678/1,000,000  22.7/s  upd=2044  L=0.0419  D=5.087
[regir_norefil] 1:12:28  99,063/1,000,000  22.8/s  upd=2055  L=0.0472  D=5.087
[regir_norefil] 1:12:38  99,453/1,000,000  22.8/s  upd=2064  L=0.0493  D=5.087
[regir_norefil] 1:12:48  100,190/1,000,000  22.9/s  upd=2076  L=0.0322  D=5.087
[regir_norefil] saved resume t_env=100,190
[regir_norefil] 1:13:09  100,190/1,000,000  22.8/s  upd=2080  L=0.0363  ev=0/100  D=5.087
[regir_norefil] 1:13:19  100,190/1,000,000  22.8/s  upd=2080  L=0.0363  ev=35/100  D=5.087
[regir_norefil] 1:13:29  100,190/1,000,000  22.7/s  upd=2080  L=0.0363  ev=56/100  D=5.087
[regir_norefil] 1:13:39  100,190/1,000,000  22.7/s  upd=2080  L=0.0363  ev=79/100  D=5.087
[regir_norefil] 1:13:49  100,190/1,000,000  22.6/s  upd=2080  L=0.0363  ev=99/100  D=5.087
[regir_norefil] 1:16:26  100,190/1,000,000  21.8/s  upd=2080  L=0.0363  D=4.902
[regir_norefil] 1:18:37  100,190/1,000,000  21.2/s  upd=2080  L=0.0363  D=4.902
[regir_norefil] 1:18:47  100,897/1,000,000  21.3/s  upd=2092  L=0.0365  D=4.902
[regir_norefil] 1:18:58  101,607/1,000,000  21.4/s  upd=2106  L=0.0480  D=4.902
[regir_norefil] 1:19:09  101,973/1,000,000  21.5/s  upd=2120  L=0.0495  D=4.902
[regir_norefil] 1:19:19  102,757/1,000,000  21.6/s  upd=2133  L=0.0462  D=4.902
[regir_norefil] 1:19:29  103,091/1,000,000  21.6/s  upd=2144  L=0.0311  D=4.902
[regir_norefil] 1:19:39  103,819/1,000,000  21.7/s  upd=2156  L=0.0333  D=4.902
[regir_norefil] 1:19:49  104,575/1,000,000  21.8/s  upd=2169  L=0.0400  D=4.902
[regir_norefil] 1:20:00  104,974/1,000,000  21.9/s  upd=2182  L=0.0745  D=4.902
[regir_norefil] 1:20:10  105,709/1,000,000  22.0/s  upd=2196  L=0.0507  D=4.902
[regir_norefil] 1:20:20  106,574/1,000,000  22.1/s  upd=2209  L=0.0436  D=4.902
[regir_norefil] 1:20:30  106,960/1,000,000  22.1/s  upd=2224  L=0.0397  D=4.902
[regir_norefil] 1:20:41  107,700/1,000,000  22.2/s  upd=2235  L=0.0353  D=4.902
[regir_norefil] 1:20:51  108,121/1,000,000  22.3/s  upd=2246  L=0.0397  D=4.902
[regir_norefil] 1:21:01  108,512/1,000,000  22.3/s  upd=2256  L=0.0415  D=4.902
[regir_norefil] 1:21:12  109,275/1,000,000  22.4/s  upd=2266  L=0.0317  D=4.902
[regir_norefil] 1:21:23  109,648/1,000,000  22.5/s  upd=2279  L=0.0366  D=4.902
[regir_norefil] 1:21:34  110,338/1,000,000  22.5/s  upd=2293  L=0.0421  D=4.902
[regir_norefil] 1:21:44  110,689/1,000,000  22.6/s  upd=2303  L=0.0445  D=4.902
[regir_norefil] 1:21:55  111,423/1,000,000  22.7/s  upd=2314  L=0.0366  D=4.902
[regir_norefil] 1:22:05  111,815/1,000,000  22.7/s  upd=2327  L=0.0364  D=4.902
[regir_norefil] 1:22:16  112,550/1,000,000  22.8/s  upd=2339  L=0.0497  D=4.902
[regir_norefil] 1:22:26  112,872/1,000,000  22.8/s  upd=2351  L=0.0408  D=4.902
[regir_norefil] 1:22:36  113,632/1,000,000  22.9/s  upd=2363  L=0.0466  D=4.902
[regir_norefil] 1:22:47  114,318/1,000,000  23.0/s  upd=2377  L=0.0427  D=4.902
[regir_norefil] saved resume t_env=114,318
[regir_norefil] 1:22:58  114,738/1,000,000  23.0/s  upd=2389  L=0.0362  D=4.902
[regir_norefil] 1:23:08  115,492/1,000,000  23.2/s  upd=2404  L=0.0294  D=4.902
[regir_norefil] 1:23:18  116,256/1,000,000  23.3/s  upd=2417  L=0.0409  D=4.902
[regir_norefil] 1:23:28  116,617/1,000,000  23.3/s  upd=2432  L=0.0359  D=4.902
[regir_norefil] 1:23:38  117,446/1,000,000  23.4/s  upd=2446  L=0.0435  D=4.902
[regir_norefil] 1:26:55  117,446/1,000,000  22.5/s  upd=2448  L=0.0386  D=4.902
[regir_norefil] 1:27:05  117,869/1,000,000  22.6/s  upd=2453  L=0.0340  D=4.902
[regir_norefil] 1:27:16  118,207/1,000,000  22.6/s  upd=2460  L=0.0379  D=4.902
[regir_norefil] 1:27:27  118,583/1,000,000  22.6/s  upd=2468  L=0.0282  D=4.902
[regir_norefil] 1:27:37  118,961/1,000,000  22.6/s  upd=2478  L=0.0431  D=4.902
[regir_norefil] 1:27:48  119,309/1,000,000  22.6/s  upd=2485  L=0.0345  D=4.902
[regir_norefil] 1:27:58  119,640/1,000,000  22.7/s  upd=2492  L=0.0371  D=4.902
[regir_norefil] 1:28:08  119,640/1,000,000  22.6/s  upd=2496  L=0.0305  D=4.902
[regir_norefil] saved resume t_env=120,039
[regir_norefil] 1:28:35  120,039/1,000,000  22.6/s  upd=2504  L=0.0399  ev=0/100  D=4.902
[regir_norefil] 1:28:45  120,039/1,000,000  22.5/s  upd=2504  L=0.0399  ev=13/100  D=4.902
[regir_norefil] 1:28:55  120,039/1,000,000  22.5/s  upd=2504  L=0.0399  ev=24/100  D=4.902
[regir_norefil] 1:29:05  120,039/1,000,000  22.5/s  upd=2504  L=0.0399  ev=37/100  D=4.902
[regir_norefil] 1:29:15  120,039/1,000,000  22.4/s  upd=2504  L=0.0399  ev=47/100  D=4.902
[regir_norefil] 1:29:25  120,039/1,000,000  22.4/s  upd=2504  L=0.0399  ev=65/100  D=4.902
[regir_norefil] 1:29:35  120,039/1,000,000  22.3/s  upd=2504  L=0.0399  ev=90/100  D=4.902
[regir_norefil] 1:32:56  120,039/1,000,000  21.5/s  upd=2504  L=0.0399  D=4.796
[regir_norefil] 1:36:14  120,039/1,000,000  20.8/s  upd=2504  L=0.0399  D=4.796
[regir_norefil] 1:36:24  120,443/1,000,000  20.8/s  upd=2512  L=0.0315  D=4.796
[regir_norefil] 1:36:34  121,259/1,000,000  20.9/s  upd=2521  L=0.0355  D=4.796
[regir_norefil] 1:36:44  121,611/1,000,000  21.0/s  upd=2531  L=0.0388  D=4.796
[regir_norefil] 1:36:54  122,010/1,000,000  21.0/s  upd=2540  L=0.0432  D=4.796
[regir_norefil] 1:37:05  122,400/1,000,000  21.0/s  upd=2550  L=0.0424  D=4.796
[regir_norefil] 1:37:15  122,907/1,000,000  21.1/s  upd=2560  L=0.0462  D=4.796
[regir_norefil] 1:37:26  123,691/1,000,000  21.2/s  upd=2570  L=0.0393  D=4.796
[regir_norefil] 1:37:36  124,119/1,000,000  21.2/s  upd=2582  L=0.0522  D=4.796
[regir_norefil] 1:37:46  124,893/1,000,000  21.3/s  upd=2595  L=0.0356  D=4.796
[regir_norefil] 1:37:56  125,208/1,000,000  21.3/s  upd=2608  L=0.0339  D=4.796
[regir_norefil] 1:38:06  125,923/1,000,000  21.4/s  upd=2624  L=0.0307  D=4.796
[regir_norefil] 1:38:17  126,671/1,000,000  21.5/s  upd=2637  L=0.0407  D=4.796
[regir_norefil] saved resume t_env=126,671
[regir_norefil] 1:38:27  127,428/1,000,000  21.6/s  upd=2650  L=0.0299  D=4.796
[regir_norefil] 1:38:38  127,896/1,000,000  21.6/s  upd=2664  L=0.0425  D=4.796
[regir_norefil] 1:38:48  128,666/1,000,000  21.7/s  upd=2678  L=0.0423  D=4.796
[regir_norefil] 1:38:58  129,386/1,000,000  21.8/s  upd=2690  L=0.0269  D=4.796
[regir_norefil] 1:39:09  129,717/1,000,000  21.8/s  upd=2703  L=0.0446  D=4.796
[regir_norefil] 1:39:19  130,500/1,000,000  21.9/s  upd=2716  L=0.0240  D=4.796
[regir_norefil] 1:39:29  131,186/1,000,000  22.0/s  upd=2730  L=0.0330  D=4.796
[regir_norefil] 1:39:40  131,531/1,000,000  22.0/s  upd=2743  L=0.0347  D=4.796
[regir_norefil] 1:39:50  132,208/1,000,000  22.1/s  upd=2754  L=0.0338  D=4.796
[regir_norefil] 1:40:01  132,584/1,000,000  22.1/s  upd=2768  L=0.0415  D=4.796
[regir_norefil] 1:40:11  133,333/1,000,000  22.2/s  upd=2779  L=0.0407  D=4.796
[regir_norefil] 1:40:21  133,654/1,000,000  22.2/s  upd=2792  L=0.0420  D=4.796
[regir_norefil] 1:40:31  134,392/1,000,000  22.3/s  upd=2803  L=0.0452  D=4.796
[regir_norefil] 1:40:42  135,209/1,000,000  22.4/s  upd=2817  L=0.0305  D=4.796
[regir_norefil] 1:40:52  135,576/1,000,000  22.4/s  upd=2827  L=0.0370  D=4.796
[regir_norefil] 1:41:02  135,909/1,000,000  22.4/s  upd=2838  L=0.0353  D=4.796
[regir_norefil] 1:41:13  136,307/1,000,000  22.4/s  upd=2848  L=0.0324  D=4.796
[regir_norefil] 1:44:03  136,654/1,000,000  21.9/s  upd=2856  L=0.0311  D=4.796
[regir_norefil] 1:44:14  137,023/1,000,000  21.9/s  upd=2862  L=0.0316  D=4.796
[regir_norefil] 1:44:25  137,369/1,000,000  21.9/s  upd=2872  L=0.0228  D=4.796
[regir_norefil] 1:44:35  137,735/1,000,000  21.9/s  upd=2880  L=0.0299  D=4.796
[regir_norefil] 1:44:46  138,091/1,000,000  22.0/s  upd=2888  L=0.0491  D=4.796
[regir_norefil] 1:44:56  138,444/1,000,000  22.0/s  upd=2896  L=0.0228  D=4.796
[regir_norefil] 1:45:07  138,832/1,000,000  22.0/s  upd=2902  L=0.0303  D=4.796
[regir_norefil] 1:45:17  139,254/1,000,000  22.0/s  upd=2908  L=0.0322  D=4.796
[regir_norefil] 1:45:28  139,655/1,000,000  22.1/s  upd=2913  L=0.0312  D=4.796
[regir_norefil] 1:45:38  139,655/1,000,000  22.0/s  upd=2920  L=0.0421  D=4.796
[regir_norefil] saved resume t_env=140,073
[regir_norefil] 1:46:05  140,073/1,000,000  22.0/s  upd=2928  L=0.0305  ev=0/100  D=4.796
[regir_norefil] 1:46:15  140,073/1,000,000  22.0/s  upd=2928  L=0.0305  ev=32/100  D=4.796
[regir_norefil] 1:46:25  140,073/1,000,000  21.9/s  upd=2928  L=0.0305  ev=62/100  D=4.796
[regir_norefil] 1:46:36  140,073/1,000,000  21.9/s  upd=2928  L=0.0305  ev=95/100  D=4.796
[regir_norefil] 1:48:28  140,073/1,000,000  21.5/s  upd=2928  L=0.0305  D=4.902
[regir_norefil] 1:48:38  140,475/1,000,000  21.5/s  upd=2936  L=0.0329  D=4.902
[regir_norefil] 1:48:49  141,192/1,000,000  21.6/s  upd=2946  L=0.0294  D=4.902
[regir_norefil] 1:48:59  141,598/1,000,000  21.7/s  upd=2955  L=0.0463  D=4.902
[regir_norefil] 1:51:50  141,598/1,000,000  21.1/s  upd=2960  L=0.0312  D=4.902
[regir_norefil] 1:52:00  141,982/1,000,000  21.1/s  upd=2968  L=0.0249  D=4.902
[regir_norefil] 1:52:10  142,329/1,000,000  21.1/s  upd=2976  L=0.0637  D=4.902
[regir_norefil] 1:52:20  143,046/1,000,000  21.2/s  upd=2986  L=0.0435  D=4.902
[regir_norefil] 1:52:31  143,378/1,000,000  21.2/s  upd=2997  L=0.0270  D=4.902
[regir_norefil] 1:52:41  143,711/1,000,000  21.3/s  upd=3008  L=0.0310  D=4.902
[regir_norefil] 1:52:51  144,070/1,000,000  21.3/s  upd=3016  L=0.0242  D=4.902
[regir_norefil] 1:53:02  144,781/1,000,000  21.3/s  upd=3025  L=0.0293  D=4.902
[regir_norefil] 1:53:12  145,159/1,000,000  21.4/s  upd=3036  L=0.0279  D=4.902
[regir_norefil] 1:53:23  145,696/1,000,000  21.4/s  upd=3046  L=0.0386  D=4.902
[regir_norefil] 1:53:33  146,032/1,000,000  21.4/s  upd=3055  L=0.0247  D=4.902
[regir_norefil] 1:53:44  146,529/1,000,000  21.5/s  upd=3064  L=0.0237  D=4.902
[regir_norefil] 1:53:54  146,909/1,000,000  21.5/s  upd=3072  L=0.0409  D=4.902
[regir_norefil] 1:54:05  147,642/1,000,000  21.6/s  upd=3084  L=0.0383  D=4.902
[regir_norefil] 1:54:15  148,325/1,000,000  21.6/s  upd=3099  L=0.0259  D=4.902
[regir_norefil] 1:54:25  148,657/1,000,000  21.7/s  upd=3112  L=0.0280  D=4.902
[regir_norefil] 1:54:35  149,411/1,000,000  21.7/s  upd=3126  L=0.0377  D=4.902
[regir_norefil] 1:54:46  150,215/1,000,000  21.8/s  upd=3138  L=0.0286  D=4.902
[regir_norefil] 1:54:56  150,609/1,000,000  21.8/s  upd=3152  L=0.0224  D=4.902
[regir_norefil] 1:55:06  151,435/1,000,000  21.9/s  upd=3166  L=0.0240  D=4.902
[regir_norefil] 1:55:16  152,290/1,000,000  22.0/s  upd=3177  L=0.0363  D=4.902
[regir_norefil] 1:55:26  152,672/1,000,000  22.0/s  upd=3189  L=0.0391  D=4.902
[regir_norefil] 1:55:36  153,073/1,000,000  22.1/s  upd=3200  L=0.0347  D=4.902
[regir_norefil] 1:55:47  153,809/1,000,000  22.1/s  upd=3211  L=0.0239  D=4.902
[regir_norefil] saved resume t_env=153,809
[regir_norefil] 1:55:57  154,140/1,000,000  22.2/s  upd=3224  L=0.0289  D=4.902
[regir_norefil] 1:56:07  154,874/1,000,000  22.2/s  upd=3234  L=0.0361  D=4.902
[regir_norefil] 1:56:17  155,235/1,000,000  22.2/s  upd=3245  L=0.0484  D=4.902
[regir_norefil] 1:56:27  155,641/1,000,000  22.3/s  upd=3255  L=0.0369  D=4.902
[regir_norefil] 1:56:37  156,353/1,000,000  22.3/s  upd=3265  L=0.0462  D=4.902
[regir_norefil] 1:56:48  156,742/1,000,000  22.4/s  upd=3279  L=0.0376  D=4.902
[regir_norefil] 1:59:36  157,182/1,000,000  21.9/s  upd=3288  L=0.0370  D=4.902
[regir_norefil] 1:59:46  157,539/1,000,000  21.9/s  upd=3296  L=0.0457  D=4.902
[regir_norefil] 1:59:56  158,007/1,000,000  22.0/s  upd=3304  L=0.0329  D=4.902
[regir_norefil] 2:00:07  158,699/1,000,000  22.0/s  upd=3313  L=0.0453  D=4.902
[regir_norefil] 2:00:18  159,028/1,000,000  22.0/s  upd=3325  L=0.0313  D=4.902
[regir_norefil] 2:00:28  159,736/1,000,000  22.1/s  upd=3338  L=0.0536  D=4.902
[regir_norefil] 2:00:38  160,101/1,000,000  22.1/s  upd=3352  L=0.0363  D=4.902
[regir_norefil] saved resume t_env=160,101
[regir_norefil] 2:00:58  160,101/1,000,000  22.1/s  upd=3352  L=0.0363  ev=0/100  D=4.902
[regir_norefil] 2:01:08  160,101/1,000,000  22.0/s  upd=3352  L=0.0363  ev=87/100  D=4.902
[regir_norefil] 2:04:40  160,101/1,000,000  21.4/s  upd=3352  L=0.0363  D=4.977
[regir_norefil] 2:07:28  160,101/1,000,000  20.9/s  upd=3352  L=0.0363  D=4.977
[regir_norefil] 2:07:38  160,964/1,000,000  21.0/s  upd=3363  L=0.0469  D=4.977
[regir_norefil] 2:07:48  161,264/1,000,000  21.0/s  upd=3376  L=0.0422  D=4.977
[regir_norefil] 2:07:59  161,940/1,000,000  21.1/s  upd=3386  L=0.0335  D=4.977
[regir_norefil] 2:08:09  162,334/1,000,000  21.1/s  upd=3398  L=0.0212  D=4.977
[regir_norefil] 2:08:19  163,118/1,000,000  21.2/s  upd=3412  L=0.0383  D=4.977
[regir_norefil] 2:08:30  163,912/1,000,000  21.3/s  upd=3426  L=0.0338  D=4.977
[regir_norefil] 2:08:40  164,330/1,000,000  21.3/s  upd=3438  L=0.0425  D=4.977
[regir_norefil] 2:08:50  164,688/1,000,000  21.3/s  upd=3445  L=0.0257  D=4.977
[regir_norefil] 2:09:00  165,055/1,000,000  21.3/s  upd=3454  L=0.0442  D=4.977
[regir_norefil] 2:09:11  165,478/1,000,000  21.3/s  upd=3464  L=0.0340  D=4.977
[regir_norefil] 2:09:21  166,277/1,000,000  21.4/s  upd=3473  L=0.0421  D=4.977
[regir_norefil] 2:09:31  166,657/1,000,000  21.4/s  upd=3484  L=0.0240  D=4.977
[regir_norefil] 2:09:42  167,038/1,000,000  21.5/s  upd=3494  L=0.0485  D=4.977
[regir_norefil] 2:09:52  167,518/1,000,000  21.5/s  upd=3504  L=0.0371  D=4.977
[regir_norefil] 2:10:02  167,889/1,000,000  21.5/s  upd=3512  L=0.0384  D=4.977
[regir_norefil] 2:10:12  168,625/1,000,000  21.6/s  upd=3521  L=0.0228  D=4.977
[regir_norefil] 2:10:22  168,972/1,000,000  21.6/s  upd=3534  L=0.0264  D=4.977
[regir_norefil] 2:10:33  169,286/1,000,000  21.6/s  upd=3543  L=0.0481  D=4.977
[regir_norefil] 2:10:44  169,662/1,000,000  21.6/s  upd=3552  L=0.0370  D=4.977
[regir_norefil] saved resume t_env=169,662
[regir_norefil] 2:10:54  170,024/1,000,000  21.6/s  upd=3557  L=0.0317  D=4.977
[regir_norefil] 2:11:05  170,371/1,000,000  21.7/s  upd=3563  L=0.0301  D=4.977
[regir_norefil] 2:11:15  170,371/1,000,000  21.6/s  upd=3568  L=0.0424  D=4.977
[regir_norefil] 2:11:25  170,776/1,000,000  21.7/s  upd=3576  L=0.0499  D=4.977
[regir_norefil] 2:11:36  171,186/1,000,000  21.7/s  upd=3583  L=0.0421  D=4.977
[regir_norefil] 2:11:46  171,590/1,000,000  21.7/s  upd=3591  L=0.0339  D=4.977
[regir_norefil] 2:11:56  171,980/1,000,000  21.7/s  upd=3595  L=0.0386  D=4.977
[regir_norefil] 2:12:07  172,385/1,000,000  21.7/s  upd=3606  L=0.0571  D=4.977
[regir_norefil] 2:12:17  172,721/1,000,000  21.8/s  upd=3616  L=0.0554  D=4.977
[regir_norefil] 2:12:27  173,426/1,000,000  21.8/s  upd=3627  L=0.0348  D=4.977
[regir_norefil] 2:15:49  173,426/1,000,000  21.3/s  upd=3632  L=0.0405  D=4.977
[regir_norefil] 2:15:59  174,168/1,000,000  21.3/s  upd=3645  L=0.0353  D=4.977
[regir_norefil] 2:16:10  174,852/1,000,000  21.4/s  upd=3657  L=0.0397  D=4.977
[regir_norefil] 2:16:20  175,255/1,000,000  21.4/s  upd=3669  L=0.0388  D=4.977
[regir_norefil] 2:16:30  175,558/1,000,000  21.4/s  upd=3680  L=0.0246  D=4.977
[regir_norefil] 2:16:41  176,340/1,000,000  21.5/s  upd=3694  L=0.0515  D=4.977
[regir_norefil] 2:16:51  177,104/1,000,000  21.6/s  upd=3705  L=0.0589  D=4.977
[regir_norefil] 2:17:01  177,419/1,000,000  21.6/s  upd=3717  L=0.0341  D=4.977
[regir_norefil] 2:17:12  177,719/1,000,000  21.6/s  upd=3728  L=0.0445  D=4.977
[regir_norefil] 2:17:22  178,442/1,000,000  21.6/s  upd=3741  L=0.0305  D=4.977
[regir_norefil] 2:17:32  178,740/1,000,000  21.7/s  upd=3752  L=0.0470  D=4.977
[regir_norefil] 2:17:42  179,385/1,000,000  21.7/s  upd=3764  L=0.0370  D=4.977
[regir_norefil] 2:17:52  179,811/1,000,000  21.7/s  upd=3776  L=0.0389  D=4.977
[regir_norefil] saved resume t_env=180,142
[regir_norefil] 2:18:17  180,142/1,000,000  21.7/s  upd=3784  L=0.0377  ev=0/100  D=4.977
[regir_norefil] 2:18:27  180,142/1,000,000  21.7/s  upd=3784  L=0.0377  ev=35/100  D=4.977
[regir_norefil] 2:18:37  180,142/1,000,000  21.7/s  upd=3784  L=0.0377  ev=80/100  D=4.977
[regir_norefil] 2:21:25  180,142/1,000,000  21.2/s  upd=3784  L=0.0377  D=3.759
[regir_norefil] 2:24:47  180,142/1,000,000  20.7/s  upd=3784  L=0.0377  D=3.759
[regir_norefil] 2:24:58  180,831/1,000,000  20.8/s  upd=3797  L=0.0398  D=3.759
[regir_norefil] 2:25:08  181,474/1,000,000  20.8/s  upd=3809  L=0.0351  D=3.759
[regir_norefil] 2:25:18  181,848/1,000,000  20.9/s  upd=3821  L=0.0350  D=3.759
[regir_norefil] 2:25:29  182,458/1,000,000  20.9/s  upd=3833  L=0.0288  D=3.759
[regir_norefil] 2:25:39  182,779/1,000,000  20.9/s  upd=3844  L=0.0293  D=3.759
[regir_norefil] 2:25:49  183,091/1,000,000  20.9/s  upd=3856  L=0.0368  D=3.759
[regir_norefil] 2:25:59  183,801/1,000,000  21.0/s  upd=3868  L=0.0360  D=3.759
[regir_norefil] 2:26:10  184,087/1,000,000  21.0/s  upd=3879  L=0.0345  D=3.759
[regir_norefil] 2:26:20  184,406/1,000,000  21.0/s  upd=3888  L=0.0292  D=3.759
[regir_norefil] 2:26:30  185,117/1,000,000  21.1/s  upd=3898  L=0.0423  D=3.759
[regir_norefil] 2:26:40  185,491/1,000,000  21.1/s  upd=3908  L=0.0352  D=3.759
[regir_norefil] 2:26:50  185,790/1,000,000  21.1/s  upd=3918  L=0.0486  D=3.759
[regir_norefil] 2:27:01  186,231/1,000,000  21.1/s  upd=3928  L=0.0313  D=3.759
[regir_norefil] 2:27:11  186,607/1,000,000  21.1/s  upd=3936  L=0.0416  D=3.759
[regir_norefil] 2:27:21  186,968/1,000,000  21.1/s  upd=3944  L=0.0364  D=3.759
[regir_norefil] 2:27:31  187,346/1,000,000  21.2/s  upd=3952  L=0.0512  D=3.759
[regir_norefil] 2:27:41  187,694/1,000,000  21.2/s  upd=3960  L=0.0376  D=3.759
[regir_norefil] 2:27:51  187,981/1,000,000  21.2/s  upd=3968  L=0.0382  D=3.759
[regir_norefil] 2:28:01  188,748/1,000,000  21.3/s  upd=3979  L=0.0316  D=3.759
[regir_norefil] saved resume t_env=188,748
[regir_norefil] 2:28:11  189,091/1,000,000  21.3/s  upd=3987  L=0.0338  D=3.759
[regir_norefil] 2:28:21  189,435/1,000,000  21.3/s  upd=3998  L=0.0492  D=3.759
[regir_norefil] 2:28:31  189,752/1,000,000  21.3/s  upd=4008  L=0.0419  D=3.759
[regir_norefil] 2:28:42  190,520/1,000,000  21.4/s  upd=4019  L=0.0324  D=3.759
[regir_norefil] 2:28:52  190,841/1,000,000  21.4/s  upd=4032  L=0.0326  D=3.759
[regir_norefil] 2:29:03  191,451/1,000,000  21.4/s  upd=4042  L=0.0330  D=3.759
[regir_norefil] 2:29:14  191,857/1,000,000  21.4/s  upd=4055  L=0.0344  D=3.759
[regir_norefil] 2:29:24  192,263/1,000,000  21.4/s  upd=4064  L=0.0544  D=3.759
[regir_norefil] 2:29:35  193,073/1,000,000  21.5/s  upd=4074  L=0.0544  D=3.759
[regir_norefil] 2:29:45  193,389/1,000,000  21.5/s  upd=4087  L=0.0292  D=3.759
[regir_norefil] 2:32:42  193,714/1,000,000  21.1/s  upd=4096  L=0.0320  D=3.759
[regir_norefil] 2:32:52  194,354/1,000,000  21.2/s  upd=4107  L=0.0377  D=3.759
[regir_norefil] 2:33:03  194,708/1,000,000  21.2/s  upd=4119  L=0.0371  D=3.759
[regir_norefil] 2:33:14  195,373/1,000,000  21.2/s  upd=4132  L=0.0376  D=3.759
[regir_norefil] 2:33:24  195,742/1,000,000  21.3/s  upd=4143  L=0.0413  D=3.759
[regir_norefil] 2:33:34  196,380/1,000,000  21.3/s  upd=4154  L=0.0365  D=3.759
[regir_norefil] 2:33:45  196,685/1,000,000  21.3/s  upd=4166  L=0.0236  D=3.759
[regir_norefil] 2:33:55  196,985/1,000,000  21.3/s  upd=4176  L=0.0510  D=3.759
[regir_norefil] 2:34:05  197,329/1,000,000  21.3/s  upd=4184  L=0.0397  D=3.759
[regir_norefil] 2:34:16  197,671/1,000,000  21.4/s  upd=4192  L=0.0312  D=3.759
[regir_norefil] 2:34:26  197,966/1,000,000  21.4/s  upd=4200  L=0.0443  D=3.759
[regir_norefil] 2:34:36  198,292/1,000,000  21.4/s  upd=4208  L=0.0270  D=3.759
[regir_norefil] 2:34:46  198,683/1,000,000  21.4/s  upd=4216  L=0.0572  D=3.759
[regir_norefil] 2:34:56  199,011/1,000,000  21.4/s  upd=4223  L=0.0573  D=3.759
[regir_norefil] 2:35:07  199,281/1,000,000  21.4/s  upd=4230  L=0.0399  D=3.759
[regir_norefil] 2:35:18  199,698/1,000,000  21.4/s  upd=4239  L=0.0513  D=3.759
[regir_norefil] 2:35:28  199,998/1,000,000  21.4/s  upd=4245  L=0.0372  D=3.759
[regir_norefil] 2:35:39  200,436/1,000,000  21.5/s  upd=4251  L=0.0293  D=3.759
[regir_norefil] saved resume t_env=200,436
[regir_norefil] 2:36:04  200,436/1,000,000  21.4/s  upd=4256  L=0.0367  ev=0/100  D=3.759
[regir_norefil] 2:36:14  200,436/1,000,000  21.4/s  upd=4256  L=0.0367  ev=15/100  D=3.759
[regir_norefil] 2:36:24  200,436/1,000,000  21.4/s  upd=4256  L=0.0367  ev=30/100  D=3.759
[regir_norefil] 2:36:34  200,436/1,000,000  21.3/s  upd=4256  L=0.0367  ev=49/100  D=3.759
[regir_norefil] 2:36:44  200,436/1,000,000  21.3/s  upd=4256  L=0.0367  ev=67/100  D=3.759
[regir_norefil] 2:36:54  200,436/1,000,000  21.3/s  upd=4256  L=0.0367  ev=80/100  D=3.759
[regir_norefil] 2:38:54  200,436/1,000,000  21.0/s  upd=4256  L=0.0367  D=1.992
[regir_norefil] 2:41:12  200,436/1,000,000  20.7/s  upd=4256  L=0.0367  D=1.992
[regir_norefil] 2:41:23  201,109/1,000,000  20.8/s  upd=4269  L=0.0522  D=1.992
[regir_norefil] 2:41:33  201,803/1,000,000  20.8/s  upd=4281  L=0.0318  D=1.992
[regir_norefil] 2:41:43  202,115/1,000,000  20.8/s  upd=4296  L=0.0463  D=1.992
[regir_norefil] 2:41:54  202,781/1,000,000  20.9/s  upd=4308  L=0.0354  D=1.992
[regir_norefil] 2:42:04  203,365/1,000,000  20.9/s  upd=4321  L=0.0263  D=1.992
[regir_norefil] 2:42:15  203,646/1,000,000  20.9/s  upd=4336  L=0.0727  D=1.992
[regir_norefil] 2:42:25  204,357/1,000,000  21.0/s  upd=4348  L=0.0358  D=1.992
[regir_norefil] 2:42:36  204,961/1,000,000  21.0/s  upd=4362  L=0.0428  D=1.992
[regir_norefil] 2:42:46  205,302/1,000,000  21.0/s  upd=4375  L=0.0307  D=1.992
[regir_norefil] 2:42:56  205,955/1,000,000  21.1/s  upd=4389  L=0.0327  D=1.992
[regir_norefil] 2:43:06  206,284/1,000,000  21.1/s  upd=4400  L=0.0225  D=1.992
[regir_norefil] 2:43:17  206,972/1,000,000  21.1/s  upd=4410  L=0.0277  D=1.992
[regir_norefil] 2:43:28  207,255/1,000,000  21.1/s  upd=4423  L=0.0379  D=1.992
[regir_norefil] 2:43:38  207,648/1,000,000  21.1/s  upd=4431  L=0.0397  D=1.992
[regir_norefil] 2:43:48  207,935/1,000,000  21.2/s  upd=4440  L=0.0379  D=1.992
[regir_norefil] 2:43:59  208,529/1,000,000  21.2/s  upd=4451  L=0.0274  D=1.992
[regir_norefil] 2:44:09  208,835/1,000,000  21.2/s  upd=4459  L=0.0371  D=1.992
[regir_norefil] 2:44:20  209,138/1,000,000  21.2/s  upd=4467  L=0.0437  D=1.992
[regir_norefil] 2:44:30  209,444/1,000,000  21.2/s  upd=4475  L=0.0316  D=1.992
[regir_norefil] 2:44:41  209,762/1,000,000  21.2/s  upd=4481  L=0.0359  D=1.992
[regir_norefil] 2:44:51  209,762/1,000,000  21.2/s  upd=4488  L=0.0357  D=1.992
[regir_norefil] 2:45:02  210,108/1,000,000  21.2/s  upd=4496  L=0.0307  D=1.992
[regir_norefil] 2:45:12  210,457/1,000,000  21.2/s  upd=4501  L=0.0338  D=1.992
[regir_norefil] 2:45:23  210,717/1,000,000  21.2/s  upd=4509  L=0.0360  D=1.992
[regir_norefil] 2:45:34  211,033/1,000,000  21.2/s  upd=4516  L=0.0273  D=1.992
[regir_norefil] 2:45:45  211,295/1,000,000  21.2/s  upd=4524  L=0.0385  D=1.992
[regir_norefil] saved resume t_env=211,295
[regir_norefil] 2:45:55  211,295/1,000,000  21.2/s  upd=4528  L=0.0339  D=1.992
[regir_norefil] 2:46:05  211,616/1,000,000  21.2/s  upd=4536  L=0.0319  D=1.992
[regir_norefil] 2:46:15  211,995/1,000,000  21.3/s  upd=4541  L=0.0401  D=1.992
[regir_norefil] 2:48:30  211,995/1,000,000  21.0/s  upd=4544  L=0.0410  D=1.992
[regir_norefil] 2:48:41  212,592/1,000,000  21.0/s  upd=4556  L=0.0245  D=1.992
[regir_norefil] 2:48:51  212,910/1,000,000  21.0/s  upd=4567  L=0.0564  D=1.992
[regir_norefil] 2:49:01  213,588/1,000,000  21.1/s  upd=4577  L=0.0417  D=1.992
[regir_norefil] 2:49:12  214,345/1,000,000  21.1/s  upd=4594  L=0.0376  D=1.992
[regir_norefil] 2:49:22  214,620/1,000,000  21.1/s  upd=4608  L=0.0265  D=1.992
[regir_norefil] 2:49:32  215,201/1,000,000  21.2/s  upd=4624  L=0.0288  D=1.992
[regir_norefil] 2:49:43  215,791/1,000,000  21.2/s  upd=4638  L=0.0343  D=1.992
[regir_norefil] 2:49:53  216,471/1,000,000  21.2/s  upd=4652  L=0.0316  D=1.992
[regir_norefil] 2:50:03  217,050/1,000,000  21.3/s  upd=4666  L=0.0292  D=1.992
[regir_norefil] 2:50:13  217,674/1,000,000  21.3/s  upd=4682  L=0.0361  D=1.992
[regir_norefil] 2:50:24  217,999/1,000,000  21.3/s  upd=4694  L=0.0230  D=1.992
[regir_norefil] 2:50:34  218,602/1,000,000  21.4/s  upd=4705  L=0.0279  D=1.992
[regir_norefil] 2:50:44  218,892/1,000,000  21.4/s  upd=4718  L=0.0248  D=1.992
[regir_norefil] 2:50:55  219,201/1,000,000  21.4/s  upd=4726  L=0.0256  D=1.992
[regir_norefil] 2:51:06  219,529/1,000,000  21.4/s  upd=4734  L=0.0401  D=1.992
[regir_norefil] 2:51:16  219,838/1,000,000  21.4/s  upd=4742  L=0.0347  D=1.992
[regir_norefil] 2:51:26  220,096/1,000,000  21.4/s  upd=4752  L=0.0236  D=1.992
[regir_norefil] saved resume t_env=220,096
[regir_norefil] 2:51:46  220,096/1,000,000  21.4/s  upd=4752  L=0.0236  ev=0/100  D=1.992
[regir_norefil] 2:51:57  220,096/1,000,000  21.3/s  upd=4752  L=0.0236  ev=15/100  D=1.992
[regir_norefil] 2:52:07  220,096/1,000,000  21.3/s  upd=4752  L=0.0236  ev=32/100  D=1.992
[regir_norefil] 2:52:17  220,096/1,000,000  21.3/s  upd=4752  L=0.0236  ev=48/100  D=1.992
[regir_norefil] 2:52:27  220,096/1,000,000  21.3/s  upd=4752  L=0.0236  ev=67/100  D=1.992
[regir_norefil] 2:52:37  220,096/1,000,000  21.3/s  upd=4752  L=0.0236  ev=86/100  D=1.992
[regir_norefil] 2:55:43  220,096/1,000,000  20.9/s  upd=4752  L=0.0236  D=1.750
[regir_norefil] 2:57:58  220,096/1,000,000  20.6/s  upd=4752  L=0.0236  D=1.750
[regir_norefil] 2:58:08  220,780/1,000,000  20.7/s  upd=4766  L=0.0298  D=1.750
[regir_norefil] 2:58:19  221,378/1,000,000  20.7/s  upd=4782  L=0.0433  D=1.750
[regir_norefil] 2:58:29  222,043/1,000,000  20.7/s  upd=4794  L=0.0278  D=1.750
[regir_norefil] 2:58:40  222,440/1,000,000  20.7/s  upd=4806  L=0.0342  D=1.750
[regir_norefil] 2:58:50  222,767/1,000,000  20.8/s  upd=4816  L=0.0422  D=1.750
[regir_norefil] 2:59:00  223,365/1,000,000  20.8/s  upd=4827  L=0.0354  D=1.750
[regir_norefil] 2:59:11  223,661/1,000,000  20.8/s  upd=4838  L=0.0323  D=1.750
[regir_norefil] 2:59:21  224,293/1,000,000  20.8/s  upd=4849  L=0.0487  D=1.750
[regir_norefil] 2:59:32  224,631/1,000,000  20.9/s  upd=4860  L=0.0557  D=1.750
[regir_norefil] 2:59:42  224,925/1,000,000  20.9/s  upd=4871  L=0.0351  D=1.750
[regir_norefil] 2:59:52  225,556/1,000,000  20.9/s  upd=4881  L=0.0207  D=1.750
[regir_norefil] 3:00:04  225,892/1,000,000  20.9/s  upd=4893  L=0.0360  D=1.750
[regir_norefil] 3:00:14  226,204/1,000,000  20.9/s  upd=4904  L=0.0321  D=1.750
[regir_norefil] 3:00:24  226,527/1,000,000  20.9/s  upd=4912  L=0.0300  D=1.750
[regir_norefil] 3:00:35  227,146/1,000,000  21.0/s  upd=4924  L=0.0309  D=1.750
[regir_norefil] 3:00:45  227,449/1,000,000  21.0/s  upd=4936  L=0.0187  D=1.750
[regir_norefil] 3:00:56  227,771/1,000,000  21.0/s  upd=4944  L=0.0318  D=1.750
[regir_norefil] 3:01:06  228,051/1,000,000  21.0/s  upd=4952  L=0.0285  D=1.750
[regir_norefil] 3:01:16  228,397/1,000,000  21.0/s  upd=4960  L=0.0349  D=1.750
[regir_norefil] 3:01:26  228,663/1,000,000  21.0/s  upd=4968  L=0.0515  D=1.750
[regir_norefil] saved resume t_env=229,013
[regir_norefil] 3:01:38  229,013/1,000,000  21.0/s  upd=4976  L=0.0427  D=1.750
[regir_norefil] 3:01:49  229,319/1,000,000  21.0/s  upd=4984  L=0.0202  D=1.750
[regir_norefil] 3:01:59  229,667/1,000,000  21.0/s  upd=4987  L=0.0402  D=1.750
[regir_norefil] 3:02:09  229,994/1,000,000  21.0/s  upd=4993  L=0.0295  D=1.750
[regir_norefil] 3:02:20  230,389/1,000,000  21.1/s  upd=5004  L=0.0390  D=1.750
[regir_norefil] 3:02:30  230,660/1,000,000  21.1/s  upd=5016  L=0.0281  D=1.750
[regir_norefil] 3:02:40  231,366/1,000,000  21.1/s  upd=5027  L=0.0301  D=1.750
[regir_norefil] 3:02:51  231,634/1,000,000  21.1/s  upd=5039  L=0.0471  D=1.750
[regir_norefil] 3:05:49  231,935/1,000,000  20.8/s  upd=5048  L=0.0547  D=1.750
[regir_norefil] 3:05:59  232,643/1,000,000  20.8/s  upd=5064  L=0.0206  D=1.750
[regir_norefil] 3:06:10  233,338/1,000,000  20.9/s  upd=5078  L=0.0319  D=1.750
[regir_norefil] 3:06:20  234,011/1,000,000  20.9/s  upd=5090  L=0.0420  D=1.750
[regir_norefil] 3:06:30  234,305/1,000,000  20.9/s  upd=5104  L=0.0400  D=1.750
[regir_norefil] 3:06:41  234,948/1,000,000  21.0/s  upd=5116  L=0.0318  D=1.750
[regir_norefil] 3:06:51  235,599/1,000,000  21.0/s  upd=5129  L=0.0269  D=1.750
[regir_norefil] 3:07:02  235,922/1,000,000  21.0/s  upd=5142  L=0.0486  D=1.750
[regir_norefil] 3:07:12  236,519/1,000,000  21.1/s  upd=5154  L=0.0305  D=1.750
[regir_norefil] 3:07:22  236,865/1,000,000  21.1/s  upd=5168  L=0.0374  D=1.750
[regir_norefil] 3:07:32  237,511/1,000,000  21.1/s  upd=5182  L=0.0315  D=1.750
[regir_norefil] 3:07:43  238,104/1,000,000  21.1/s  upd=5197  L=0.0213  D=1.750
[regir_norefil] 3:07:53  238,650/1,000,000  21.2/s  upd=5210  L=0.0405  D=1.750
[regir_norefil] 3:08:03  238,952/1,000,000  21.2/s  upd=5224  L=0.0345  D=1.750
[regir_norefil] 3:08:13  239,552/1,000,000  21.2/s  upd=5235  L=0.0322  D=1.750
[regir_norefil] 3:08:23  239,945/1,000,000  21.2/s  upd=5248  L=0.0222  D=1.750
[regir_norefil] saved resume t_env=240,277
[regir_norefil] 3:08:50  240,277/1,000,000  21.2/s  upd=5256  L=0.0323  ev=0/100  D=1.750
[regir_norefil] 3:09:01  240,277/1,000,000  21.2/s  upd=5256  L=0.0323  ev=19/100  D=1.750
[regir_norefil] 3:09:11  240,277/1,000,000  21.2/s  upd=5256  L=0.0323  ev=46/100  D=1.750
[regir_norefil] 3:09:21  240,277/1,000,000  21.1/s  upd=5256  L=0.0323  ev=72/100  D=1.750
[regir_norefil] 3:09:31  240,277/1,000,000  21.1/s  upd=5256  L=0.0323  ev=91/100  D=1.750
[regir_norefil] 3:13:04  240,277/1,000,000  20.7/s  upd=5256  L=0.0323  D=1.436
[regir_norefil] 3:15:19  240,277/1,000,000  20.5/s  upd=5256  L=0.0323  D=1.436
[regir_norefil] 3:15:29  240,951/1,000,000  20.5/s  upd=5268  L=0.0252  D=1.436
[regir_norefil] 3:15:40  241,656/1,000,000  20.6/s  upd=5281  L=0.0271  D=1.436
[regir_norefil] 3:15:50  242,288/1,000,000  20.6/s  upd=5297  L=0.0380  D=1.436
[regir_norefil] 3:16:00  242,624/1,000,000  20.6/s  upd=5308  L=0.0297  D=1.436
[regir_norefil] 3:16:11  242,938/1,000,000  20.6/s  upd=5318  L=0.0358  D=1.436
[regir_norefil] 3:16:21  243,233/1,000,000  20.6/s  upd=5328  L=0.0360  D=1.436
[regir_norefil] 3:16:31  243,574/1,000,000  20.7/s  upd=5336  L=0.0229  D=1.436
[regir_norefil] 3:16:42  244,236/1,000,000  20.7/s  upd=5349  L=0.0302  D=1.436
[regir_norefil] 3:16:53  244,537/1,000,000  20.7/s  upd=5359  L=0.0297  D=1.436
[regir_norefil] 3:17:03  244,845/1,000,000  20.7/s  upd=5368  L=0.0286  D=1.436
[regir_norefil] 3:17:13  245,207/1,000,000  20.7/s  upd=5375  L=0.0514  D=1.436
[regir_norefil] 3:17:24  245,578/1,000,000  20.7/s  upd=5379  L=0.0364  D=1.436
[regir_norefil] 3:17:35  245,873/1,000,000  20.7/s  upd=5388  L=0.0309  D=1.436
[regir_norefil] 3:17:46  246,192/1,000,000  20.7/s  upd=5398  L=0.0244  D=1.436
[regir_norefil] 3:17:56  246,541/1,000,000  20.8/s  upd=5406  L=0.0232  D=1.436
[regir_norefil] 3:18:06  246,870/1,000,000  20.8/s  upd=5416  L=0.0331  D=1.436
[regir_norefil] 3:18:17  247,530/1,000,000  20.8/s  upd=5431  L=0.0153  D=1.436
[regir_norefil] 3:18:27  248,163/1,000,000  20.8/s  upd=5441  L=0.0365  D=1.436
[regir_norefil] 3:18:38  248,476/1,000,000  20.8/s  upd=5453  L=0.0334  D=1.436
[regir_norefil] saved resume t_env=248,476
[regir_norefil] 3:18:48  248,771/1,000,000  20.9/s  upd=5462  L=0.0358  D=1.436
[regir_norefil] 3:18:59  249,403/1,000,000  20.9/s  upd=5474  L=0.0371  D=1.436
[regir_norefil] 3:19:09  249,752/1,000,000  20.9/s  upd=5486  L=0.0209  D=1.436
[regir_norefil] 3:19:19  250,087/1,000,000  20.9/s  upd=5496  L=0.0375  D=1.436
[regir_norefil] 3:19:29  250,690/1,000,000  20.9/s  upd=5508  L=0.0338  D=1.436
[regir_norefil] 3:19:40  250,988/1,000,000  21.0/s  upd=5520  L=0.0269  D=1.436
[regir_norefil] 3:19:50  251,608/1,000,000  21.0/s  upd=5532  L=0.0470  D=1.436
[regir_norefil] 3:20:00  251,950/1,000,000  21.0/s  upd=5544  L=0.0271  D=1.436
[regir_norefil] 3:20:11  252,514/1,000,000  21.0/s  upd=5556  L=0.0282  D=1.436
[regir_norefil] 3:20:21  253,121/1,000,000  21.1/s  upd=5569  L=0.0349  D=1.436
[regir_norefil] 3:23:11  253,121/1,000,000  20.8/s  upd=5576  L=0.0206  D=1.436
[regir_norefil] 3:23:21  253,743/1,000,000  20.8/s  upd=5592  L=0.0198  D=1.436
[regir_norefil] 3:23:31  254,387/1,000,000  20.8/s  upd=5606  L=0.0293  D=1.436
[regir_norefil] 3:23:41  254,958/1,000,000  20.9/s  upd=5620  L=0.0265  D=1.436
[regir_norefil] 3:23:52  255,279/1,000,000  20.9/s  upd=5632  L=0.0330  D=1.436
[regir_norefil] 3:24:02  255,882/1,000,000  20.9/s  upd=5642  L=0.0290  D=1.436
[regir_norefil] 3:24:12  256,304/1,000,000  20.9/s  upd=5649  L=0.0398  D=1.436
[regir_norefil] 3:24:22  256,598/1,000,000  20.9/s  upd=5658  L=0.0331  D=1.436
[regir_norefil] 3:24:34  256,866/1,000,000  20.9/s  upd=5667  L=0.0327  D=1.436
[regir_norefil] 3:24:44  257,176/1,000,000  20.9/s  upd=5674  L=0.0203  D=1.436
[regir_norefil] 3:24:56  257,488/1,000,000  20.9/s  upd=5682  L=0.0239  D=1.436
[regir_norefil] 3:25:06  257,488/1,000,000  20.9/s  upd=5688  L=0.0312  D=1.436
[regir_norefil] 3:25:16  257,792/1,000,000  20.9/s  upd=5696  L=0.0372  D=1.436
[regir_norefil] 3:25:27  258,157/1,000,000  20.9/s  upd=5701  L=0.0523  D=1.436
[regir_norefil] 3:25:37  258,400/1,000,000  20.9/s  upd=5709  L=0.0279  D=1.436
[regir_norefil] 3:25:48  258,730/1,000,000  21.0/s  upd=5716  L=0.0337  D=1.436
[regir_norefil] 3:25:59  259,040/1,000,000  21.0/s  upd=5727  L=0.0334  D=1.436
[regir_norefil] 3:26:09  259,400/1,000,000  21.0/s  upd=5736  L=0.0222  D=1.436
[regir_norefil] 3:26:19  259,663/1,000,000  21.0/s  upd=5744  L=0.0464  D=1.436
[regir_norefil] 3:26:29  259,999/1,000,000  21.0/s  upd=5751  L=0.0332  D=1.436
[regir_norefil] saved resume t_env=260,319
[regir_norefil] 3:27:00  260,319/1,000,000  21.0/s  upd=5760  L=0.0302  ev=0/100  D=1.436
[regir_norefil] 3:27:10  260,319/1,000,000  20.9/s  upd=5760  L=0.0302  ev=25/100  D=1.436
[regir_norefil] 3:27:20  260,319/1,000,000  20.9/s  upd=5760  L=0.0302  ev=64/100  D=1.436
[regir_norefil] 3:28:47  260,319/1,000,000  20.8/s  upd=5760  L=0.0302  D=1.626
[regir_norefil] 3:31:36  260,319/1,000,000  20.5/s  upd=5760  L=0.0302  D=1.626
[regir_norefil] 3:31:46  261,116/1,000,000  20.5/s  upd=5769  L=0.0262  D=1.626
[regir_norefil] 3:31:57  261,488/1,000,000  20.6/s  upd=5778  L=0.0471  D=1.626
[regir_norefil] 3:32:07  261,873/1,000,000  20.6/s  upd=5786  L=0.0366  D=1.626
[regir_norefil] 3:32:18  262,258/1,000,000  20.6/s  upd=5794  L=0.0244  D=1.626
[regir_norefil] 3:32:28  262,589/1,000,000  20.6/s  upd=5804  L=0.0266  D=1.626
[regir_norefil] 3:32:39  262,887/1,000,000  20.6/s  upd=5815  L=0.0257  D=1.626
[regir_norefil] 3:32:50  263,194/1,000,000  20.6/s  upd=5824  L=0.0301  D=1.626
[regir_norefil] 3:33:00  263,535/1,000,000  20.6/s  upd=5830  L=0.0254  D=1.626
[regir_norefil] 3:33:10  263,780/1,000,000  20.6/s  upd=5839  L=0.0283  D=1.626
[regir_norefil] 3:33:21  264,065/1,000,000  20.6/s  upd=5847  L=0.0222  D=1.626
[regir_norefil] 3:33:31  264,367/1,000,000  20.6/s  upd=5853  L=0.0258  D=1.626
[regir_norefil] 3:33:42  264,676/1,000,000  20.6/s  upd=5862  L=0.0170  D=1.626
[regir_norefil] 3:33:52  264,986/1,000,000  20.6/s  upd=5870  L=0.0449  D=1.626
[regir_norefil] 3:34:03  265,327/1,000,000  20.7/s  upd=5879  L=0.0294  D=1.626
[regir_norefil] 3:34:13  265,617/1,000,000  20.7/s  upd=5888  L=0.0209  D=1.626
[regir_norefil] 3:34:23  265,930/1,000,000  20.7/s  upd=5896  L=0.0289  D=1.626
[regir_norefil] 3:34:33  266,506/1,000,000  20.7/s  upd=5906  L=0.0370  D=1.626
[regir_norefil] 3:34:43  266,843/1,000,000  20.7/s  upd=5920  L=0.0286  D=1.626
[regir_norefil] 3:34:53  267,424/1,000,000  20.7/s  upd=5932  L=0.0293  D=1.626
[regir_norefil] 3:35:03  267,745/1,000,000  20.7/s  upd=5944  L=0.0266  D=1.626
[regir_norefil] 3:35:13  268,125/1,000,000  20.8/s  upd=5952  L=0.0212  D=1.626
[regir_norefil] 3:35:23  268,751/1,000,000  20.8/s  upd=5962  L=0.0346  D=1.626
[regir_norefil] 3:35:34  269,078/1,000,000  20.8/s  upd=5974  L=0.0237  D=1.626
[regir_norefil] 3:35:44  269,835/1,000,000  20.8/s  upd=5986  L=0.0273  D=1.626
[regir_norefil] 3:35:54  270,156/1,000,000  20.9/s  upd=5998  L=0.0250  D=1.626
[regir_norefil] 3:36:04  270,762/1,000,000  20.9/s  upd=6009  L=0.0239  D=1.626
[regir_norefil] 3:36:15  271,057/1,000,000  20.9/s  upd=6022  L=0.0450  D=1.626
[regir_norefil] 3:36:25  271,648/1,000,000  20.9/s  upd=6035  L=0.0161  D=1.626
[regir_norefil] 3:36:35  271,949/1,000,000  20.9/s  upd=6048  L=0.0318  D=1.626
[regir_norefil] 3:38:22  272,226/1,000,000  20.8/s  upd=6056  L=0.0297  D=1.626
[regir_norefil] saved resume t_env=272,539
[regir_norefil] 3:38:32  272,837/1,000,000  20.8/s  upd=6065  L=0.0325  D=1.626
[regir_norefil] 3:38:42  273,136/1,000,000  20.8/s  upd=6080  L=0.0335  D=1.626
[regir_norefil] 3:38:52  273,713/1,000,000  20.8/s  upd=6093  L=0.0360  D=1.626
[regir_norefil] 3:39:03  274,342/1,000,000  20.9/s  upd=6108  L=0.0279  D=1.626
[regir_norefil] 3:39:13  274,923/1,000,000  20.9/s  upd=6122  L=0.0407  D=1.626
[regir_norefil] 3:39:24  275,243/1,000,000  20.9/s  upd=6135  L=0.0348  D=1.626
[regir_norefil] 3:39:34  275,818/1,000,000  20.9/s  upd=6149  L=0.0330  D=1.626
[regir_norefil] 3:39:44  276,417/1,000,000  21.0/s  upd=6163  L=0.0222  D=1.626
[regir_norefil] 3:39:55  277,053/1,000,000  21.0/s  upd=6177  L=0.0282  D=1.626
[regir_norefil] 3:40:05  277,387/1,000,000  21.0/s  upd=6188  L=0.0320  D=1.626
[regir_norefil] 3:40:16  277,648/1,000,000  21.0/s  upd=6200  L=0.0185  D=1.626
[regir_norefil] 3:40:26  277,956/1,000,000  21.0/s  upd=6208  L=0.0460  D=1.626
[regir_norefil] 3:40:36  278,612/1,000,000  21.0/s  upd=6218  L=0.0439  D=1.626
[regir_norefil] 3:40:47  278,958/1,000,000  21.1/s  upd=6225  L=0.0273  D=1.626
[regir_norefil] 3:40:57  278,958/1,000,000  21.0/s  upd=6232  L=0.0287  D=1.626
[regir_norefil] 3:41:07  279,536/1,000,000  21.1/s  upd=6242  L=0.0357  D=1.626
[regir_norefil] 3:41:18  279,806/1,000,000  21.1/s  upd=6249  L=0.0458  D=1.626
[regir_norefil] 3:41:28  279,806/1,000,000  21.1/s  upd=6256  L=0.0185  D=1.626
[regir_norefil] saved resume t_env=280,096
[regir_norefil] 3:41:56  280,096/1,000,000  21.0/s  upd=6264  L=0.0227  ev=0/100  D=1.626
[regir_norefil] 3:42:06  280,096/1,000,000  21.0/s  upd=6264  L=0.0227  ev=20/100  D=1.626
[regir_norefil] 3:42:16  280,096/1,000,000  21.0/s  upd=6264  L=0.0227  ev=41/100  D=1.626
[regir_norefil] 3:42:26  280,096/1,000,000  21.0/s  upd=6264  L=0.0227  ev=62/100  D=1.626
[regir_norefil] 3:42:36  280,096/1,000,000  21.0/s  upd=6264  L=0.0227  ev=73/100  D=1.626
[regir_norefil] 3:42:46  280,096/1,000,000  21.0/s  upd=6264  L=0.0227  ev=88/100  D=1.626
[regir_norefil] 3:45:06  280,096/1,000,000  20.7/s  upd=6264  L=0.0227  D=1.424
[regir_norefil] 3:48:30  280,096/1,000,000  20.4/s  upd=6264  L=0.0227  D=1.424
[regir_norefil] 3:48:41  280,684/1,000,000  20.5/s  upd=6276  L=0.0260  D=1.424
[regir_norefil] 3:48:51  280,995/1,000,000  20.5/s  upd=6288  L=0.0201  D=1.424
[regir_norefil] 3:49:01  281,653/1,000,000  20.5/s  upd=6298  L=0.0338  D=1.424
[regir_norefil] 3:49:11  282,025/1,000,000  20.5/s  upd=6310  L=0.0355  D=1.424
[regir_norefil] 3:49:22  282,304/1,000,000  20.5/s  upd=6320  L=0.0276  D=1.424
[regir_norefil] 3:49:32  282,890/1,000,000  20.5/s  upd=6333  L=0.0517  D=1.424
[regir_norefil] 3:49:42  283,187/1,000,000  20.5/s  upd=6344  L=0.0228  D=1.424
[regir_norefil] 3:49:53  283,505/1,000,000  20.6/s  upd=6352  L=0.0222  D=1.424
[regir_norefil] 3:50:03  283,844/1,000,000  20.6/s  upd=6360  L=0.0304  D=1.424
[regir_norefil] 3:50:13  284,224/1,000,000  20.6/s  upd=6368  L=0.0389  D=1.424
[regir_norefil] 3:50:23  284,549/1,000,000  20.6/s  upd=6375  L=0.0264  D=1.424
[regir_norefil] 3:50:33  284,867/1,000,000  20.6/s  upd=6384  L=0.0399  D=1.424
[regir_norefil] 3:50:43  285,145/1,000,000  20.6/s  upd=6391  L=0.0238  D=1.424
[regir_norefil] 3:50:53  285,469/1,000,000  20.6/s  upd=6398  L=0.0206  D=1.424
[regir_norefil] 3:51:04  285,712/1,000,000  20.6/s  upd=6407  L=0.0191  D=1.424
[regir_norefil] 3:51:15  286,001/1,000,000  20.6/s  upd=6415  L=0.0318  D=1.424
[regir_norefil] 3:51:25  286,308/1,000,000  20.6/s  upd=6422  L=0.0239  D=1.424
[regir_norefil] 3:51:36  286,673/1,000,000  20.6/s  upd=6429  L=0.0287  D=1.424
[regir_norefil] saved resume t_env=286,673
[regir_norefil] 3:51:46  286,955/1,000,000  20.6/s  upd=6435  L=0.0333  D=1.424
[regir_norefil] 3:51:56  287,292/1,000,000  20.6/s  upd=6446  L=0.0362  D=1.424
[regir_norefil] 3:52:06  287,610/1,000,000  20.7/s  upd=6456  L=0.0192  D=1.424
[regir_norefil] 3:52:17  288,189/1,000,000  20.7/s  upd=6467  L=0.0278  D=1.424
[regir_norefil] 3:52:27  288,473/1,000,000  20.7/s  upd=6476  L=0.0194  D=1.424
[regir_norefil] 3:52:37  288,806/1,000,000  20.7/s  upd=6487  L=0.0361  D=1.424
[regir_norefil] 3:52:48  289,463/1,000,000  20.7/s  upd=6497  L=0.0229  D=1.424
[regir_norefil] 3:52:58  289,783/1,000,000  20.7/s  upd=6508  L=0.0224  D=1.424
[regir_norefil] 3:53:08  290,078/1,000,000  20.7/s  upd=6520  L=0.0215  D=1.424
[regir_norefil] 3:53:19  290,791/1,000,000  20.8/s  upd=6531  L=0.0314  D=1.424
[regir_norefil] 3:53:29  291,031/1,000,000  20.8/s  upd=6543  L=0.0272  D=1.424
[regir_norefil] 3:55:22  291,341/1,000,000  20.6/s  upd=6552  L=0.0578  D=1.424
[regir_norefil] 3:55:32  291,950/1,000,000  20.7/s  upd=6567  L=0.0243  D=1.424
[regir_norefil] 3:55:42  292,620/1,000,000  20.7/s  upd=6582  L=0.0439  D=1.424
[regir_norefil] 3:55:52  293,197/1,000,000  20.7/s  upd=6595  L=0.0322  D=1.424
[regir_norefil] 3:56:03  293,763/1,000,000  20.7/s  upd=6609  L=0.0196  D=1.424
[regir_norefil] 3:56:13  294,060/1,000,000  20.7/s  upd=6623  L=0.0471  D=1.424
[regir_norefil] 3:56:23  294,705/1,000,000  20.8/s  upd=6638  L=0.0203  D=1.424
[regir_norefil] 3:56:33  295,318/1,000,000  20.8/s  upd=6655  L=0.0321  D=1.424
[regir_norefil] 3:56:43  295,863/1,000,000  20.8/s  upd=6671  L=0.0249  D=1.424
[regir_norefil] 3:56:54  296,480/1,000,000  20.9/s  upd=6685  L=0.0185  D=1.424
[regir_norefil] 3:57:04  297,102/1,000,000  20.9/s  upd=6701  L=0.0271  D=1.424
[regir_norefil] 3:57:14  297,691/1,000,000  20.9/s  upd=6714  L=0.0214  D=1.424
[regir_norefil] 3:57:25  298,077/1,000,000  20.9/s  upd=6727  L=0.0375  D=1.424
[regir_norefil] 3:57:35  298,750/1,000,000  21.0/s  upd=6737  L=0.0279  D=1.424
[regir_norefil] 3:57:46  299,033/1,000,000  21.0/s  upd=6749  L=0.0292  D=1.424
[regir_norefil] 3:57:57  299,330/1,000,000  21.0/s  upd=6759  L=0.0145  D=1.424
[regir_norefil] 3:58:07  299,654/1,000,000  21.0/s  upd=6765  L=0.0261  D=1.424
[regir_norefil] 3:58:17  299,917/1,000,000  21.0/s  upd=6774  L=0.0470  D=1.424
[regir_norefil] 3:58:28  300,216/1,000,000  21.0/s  upd=6783  L=0.0179  D=1.424
[regir_norefil] saved resume t_env=300,216
[regir_norefil] 3:58:49  300,216/1,000,000  21.0/s  upd=6784  L=0.0393  ev=0/100  D=1.424
[regir_norefil] 3:58:59  300,216/1,000,000  20.9/s  upd=6784  L=0.0393  ev=23/100  D=1.424
[regir_norefil] 3:59:09  300,216/1,000,000  20.9/s  upd=6784  L=0.0393  ev=54/100  D=1.424
[regir_norefil] 3:59:19  300,216/1,000,000  20.9/s  upd=6784  L=0.0393  ev=74/100  D=1.424
[regir_norefil] 4:02:48  300,216/1,000,000  20.6/s  upd=6784  L=0.0393  D=1.319
[regir_norefil] 4:05:38  300,216/1,000,000  20.4/s  upd=6784  L=0.0393  D=1.319
[regir_norefil] 4:05:48  300,749/1,000,000  20.4/s  upd=6795  L=0.0211  D=1.319
[regir_norefil] 4:05:58  301,044/1,000,000  20.4/s  upd=6805  L=0.0327  D=1.319
[regir_norefil] 4:06:08  301,381/1,000,000  20.4/s  upd=6815  L=0.0333  D=1.319
[regir_norefil] 4:06:18  301,708/1,000,000  20.4/s  upd=6824  L=0.0220  D=1.319
[regir_norefil] 4:06:28  302,290/1,000,000  20.4/s  upd=6833  L=0.0337  D=1.319
[regir_norefil] 4:06:39  302,582/1,000,000  20.4/s  upd=6844  L=0.0424  D=1.319
[regir_norefil] 4:06:49  302,954/1,000,000  20.5/s  upd=6851  L=0.0405  D=1.319
[regir_norefil] 4:06:59  303,233/1,000,000  20.5/s  upd=6861  L=0.0322  D=1.319
[regir_norefil] 4:07:09  303,475/1,000,000  20.5/s  upd=6872  L=0.0235  D=1.319
[regir_norefil] 4:07:20  303,808/1,000,000  20.5/s  upd=6880  L=0.0197  D=1.319
[regir_norefil] 4:07:30  304,114/1,000,000  20.5/s  upd=6888  L=0.0408  D=1.319
[regir_norefil] 4:07:40  304,381/1,000,000  20.5/s  upd=6896  L=0.0268  D=1.319
[regir_norefil] 4:07:50  304,753/1,000,000  20.5/s  upd=6904  L=0.0263  D=1.319
[regir_norefil] 4:08:01  305,413/1,000,000  20.5/s  upd=6915  L=0.0275  D=1.319
[regir_norefil] 4:08:11  305,699/1,000,000  20.5/s  upd=6928  L=0.0273  D=1.319
[regir_norefil] 4:08:22  306,317/1,000,000  20.6/s  upd=6942  L=0.0231  D=1.319
[regir_norefil] saved resume t_env=306,591
[regir_norefil] 4:08:34  306,591/1,000,000  20.6/s  upd=6952  L=0.0222  D=1.319
[regir_norefil] 4:08:44  307,228/1,000,000  20.6/s  upd=6963  L=0.0337  D=1.319
[regir_norefil] 4:08:55  307,805/1,000,000  20.6/s  upd=6977  L=0.0311  D=1.319
[regir_norefil] 4:09:05  308,192/1,000,000  20.6/s  upd=6991  L=0.0401  D=1.319
[regir_norefil] 4:09:16  308,775/1,000,000  20.6/s  upd=7006  L=0.0293  D=1.319
[regir_norefil] 4:09:26  309,360/1,000,000  20.7/s  upd=7022  L=0.0273  D=1.319
[regir_norefil] 4:09:36  309,912/1,000,000  20.7/s  upd=7035  L=0.0196  D=1.319
[regir_norefil] 4:09:46  310,210/1,000,000  20.7/s  upd=7048  L=0.0298  D=1.319
[regir_norefil] 4:09:57  310,805/1,000,000  20.7/s  upd=7060  L=0.0270  D=1.319
[regir_norefil] 4:10:07  311,188/1,000,000  20.7/s  upd=7071  L=0.0292  D=1.319
[regir_norefil] 4:10:18  311,839/1,000,000  20.8/s  upd=7083  L=0.0175  D=1.319
[regir_norefil] 4:10:29  312,180/1,000,000  20.8/s  upd=7096  L=0.0299  D=1.319
[regir_norefil] 4:13:01  312,576/1,000,000  20.6/s  upd=7104  L=0.0335  D=1.319
[regir_norefil] 4:13:11  313,136/1,000,000  20.6/s  upd=7118  L=0.0433  D=1.319
[regir_norefil] 4:13:21  313,663/1,000,000  20.6/s  upd=7134  L=0.0379  D=1.319
[regir_norefil] 4:13:32  314,390/1,000,000  20.7/s  upd=7147  L=0.0216  D=1.319
[regir_norefil] 4:13:42  314,997/1,000,000  20.7/s  upd=7162  L=0.0352  D=1.319
[regir_norefil] 4:13:52  315,301/1,000,000  20.7/s  upd=7172  L=0.0327  D=1.319
[regir_norefil] 4:14:03  315,635/1,000,000  20.7/s  upd=7183  L=0.0211  D=1.319
[regir_norefil] 4:14:13  316,217/1,000,000  20.7/s  upd=7196  L=0.0232  D=1.319
[regir_norefil] 4:14:24  316,503/1,000,000  20.7/s  upd=7207  L=0.0381  D=1.319
[regir_norefil] 4:14:34  316,816/1,000,000  20.7/s  upd=7215  L=0.0213  D=1.319
[regir_norefil] 4:14:45  317,092/1,000,000  20.7/s  upd=7224  L=0.0202  D=1.319
[regir_norefil] 4:14:55  317,450/1,000,000  20.8/s  upd=7232  L=0.0216  D=1.319
[regir_norefil] 4:15:07  317,986/1,000,000  20.8/s  upd=7241  L=0.0475  D=1.319
[regir_norefil] 4:15:17  318,340/1,000,000  20.8/s  upd=7254  L=0.0361  D=1.319
[regir_norefil] 4:15:27  318,630/1,000,000  20.8/s  upd=7264  L=0.0237  D=1.319
[regir_norefil] 4:15:37  318,928/1,000,000  20.8/s  upd=7272  L=0.0163  D=1.319
[regir_norefil] 4:15:47  319,257/1,000,000  20.8/s  upd=7280  L=0.0280  D=1.319
[regir_norefil] 4:15:58  319,921/1,000,000  20.8/s  upd=7291  L=0.0294  D=1.319
[regir_norefil] 4:16:08  320,186/1,000,000  20.8/s  upd=7300  L=0.0266  D=1.319
[regir_norefil] saved resume t_env=320,186
[regir_norefil] 4:16:30  320,186/1,000,000  20.8/s  upd=7304  L=0.0348  ev=0/100  D=1.319
[regir_norefil] 4:16:40  320,186/1,000,000  20.8/s  upd=7304  L=0.0348  ev=58/100  D=1.319
[regir_norefil] 4:19:52  320,186/1,000,000  20.5/s  upd=7304  L=0.0348  D=1.363
[regir_norefil] 4:22:48  320,186/1,000,000  20.3/s  upd=7304  L=0.0348  D=1.363
[regir_norefil] 4:22:59  320,833/1,000,000  20.3/s  upd=7313  L=0.0303  D=1.363
[regir_norefil] 4:23:09  321,148/1,000,000  20.3/s  upd=7326  L=0.0328  D=1.363
[regir_norefil] 4:23:20  321,763/1,000,000  20.4/s  upd=7337  L=0.0161  D=1.363
[regir_norefil] 4:23:30  322,017/1,000,000  20.4/s  upd=7349  L=0.0345  D=1.363
[regir_norefil] 4:23:41  322,347/1,000,000  20.4/s  upd=7359  L=0.0238  D=1.363
[regir_norefil] 4:23:51  322,883/1,000,000  20.4/s  upd=7370  L=0.0308  D=1.363
[regir_norefil] 4:24:01  323,199/1,000,000  20.4/s  upd=7384  L=0.0239  D=1.363
[regir_norefil] 4:24:11  323,785/1,000,000  20.4/s  upd=7398  L=0.0300  D=1.363
[regir_norefil] 4:24:22  324,459/1,000,000  20.5/s  upd=7412  L=0.0202  D=1.363
[regir_norefil] 4:24:32  324,797/1,000,000  20.5/s  upd=7424  L=0.0288  D=1.363
[regir_norefil] 4:24:42  325,575/1,000,000  20.5/s  upd=7435  L=0.0242  D=1.363
[regir_norefil] 4:24:52  325,870/1,000,000  20.5/s  upd=7448  L=0.0255  D=1.363
[regir_norefil] 4:25:03  326,560/1,000,000  20.5/s  upd=7460  L=0.0252  D=1.363
[regir_norefil] 4:25:13  327,253/1,000,000  20.6/s  upd=7474  L=0.0215  D=1.363
[regir_norefil] 4:25:23  327,615/1,000,000  20.6/s  upd=7488  L=0.0257  D=1.363
[regir_norefil] 4:25:33  328,169/1,000,000  20.6/s  upd=7500  L=0.0218  D=1.363
[regir_norefil] 4:25:44  328,739/1,000,000  20.6/s  upd=7513  L=0.0217  D=1.363
[regir_norefil] 4:25:54  329,052/1,000,000  20.6/s  upd=7527  L=0.0286  D=1.363
[regir_norefil] 4:26:05  329,710/1,000,000  20.7/s  upd=7540  L=0.0121  D=1.363
[regir_norefil] 4:26:15  330,318/1,000,000  20.7/s  upd=7555  L=0.0258  D=1.363
[regir_norefil] saved resume t_env=330,318
[regir_norefil] 4:26:26  330,603/1,000,000  20.7/s  upd=7565  L=0.0243  D=1.363
[regir_norefil] 4:26:36  331,201/1,000,000  20.7/s  upd=7580  L=0.0215  D=1.363
[regir_norefil] 4:26:46  331,471/1,000,000  20.7/s  upd=7592  L=0.0279  D=1.363
[regir_norefil] 4:26:56  332,049/1,000,000  20.7/s  upd=7605  L=0.0418  D=1.363
[regir_norefil] 4:27:06  332,353/1,000,000  20.7/s  upd=7616  L=0.0232  D=1.363
[regir_norefil] 4:27:17  332,995/1,000,000  20.8/s  upd=7629  L=0.0315  D=1.363
[regir_norefil] 4:27:27  333,279/1,000,000  20.8/s  upd=7639  L=0.0199  D=1.363
[regir_norefil] 4:27:37  333,549/1,000,000  20.8/s  upd=7648  L=0.0221  D=1.363
[regir_norefil] 4:27:48  334,163/1,000,000  20.8/s  upd=7662  L=0.0215  D=1.363
[regir_norefil] 4:29:38  334,163/1,000,000  20.7/s  upd=7664  L=0.0247  D=1.363
[regir_norefil] 4:29:48  334,777/1,000,000  20.7/s  upd=7677  L=0.0349  D=1.363
[regir_norefil] 4:29:59  335,353/1,000,000  20.7/s  upd=7693  L=0.0227  D=1.363
[regir_norefil] 4:30:09  335,927/1,000,000  20.7/s  upd=7709  L=0.0184  D=1.363
[regir_norefil] 4:30:19  336,490/1,000,000  20.7/s  upd=7722  L=0.0244  D=1.363
[regir_norefil] 4:30:29  336,863/1,000,000  20.8/s  upd=7734  L=0.0377  D=1.363
[regir_norefil] 4:30:40  337,474/1,000,000  20.8/s  upd=7750  L=0.0476  D=1.363
[regir_norefil] 4:30:50  338,112/1,000,000  20.8/s  upd=7761  L=0.0217  D=1.363
[regir_norefil] 4:31:00  338,385/1,000,000  20.8/s  upd=7772  L=0.0401  D=1.363
[regir_norefil] 4:31:11  338,768/1,000,000  20.8/s  upd=7783  L=0.0288  D=1.363
[regir_norefil] 4:31:21  339,161/1,000,000  20.8/s  upd=7792  L=0.0402  D=1.363
[regir_norefil] 4:31:31  339,819/1,000,000  20.9/s  upd=7801  L=0.0315  D=1.363
[regir_norefil] 4:31:42  340,076/1,000,000  20.9/s  upd=7811  L=0.0258  D=1.363
[regir_norefil] saved resume t_env=340,076
[regir_norefil] 4:32:06  340,076/1,000,000  20.8/s  upd=7816  L=0.0192  ev=0/100  D=1.363
[regir_norefil] 4:32:16  340,076/1,000,000  20.8/s  upd=7816  L=0.0192  ev=48/100  D=1.363
[regir_norefil] 4:32:26  340,076/1,000,000  20.8/s  upd=7816  L=0.0192  ev=81/100  D=1.363
[regir_norefil] 4:35:56  340,076/1,000,000  20.5/s  upd=7816  L=0.0192  D=1.286
[regir_norefil] 4:39:56  340,076/1,000,000  20.2/s  upd=7816  L=0.0192  D=1.286
[regir_norefil] 4:40:07  340,727/1,000,000  20.3/s  upd=7826  L=0.0234  D=1.286
[regir_norefil] 4:40:17  341,009/1,000,000  20.3/s  upd=7837  L=0.0235  D=1.286
[regir_norefil] 4:40:27  341,603/1,000,000  20.3/s  upd=7851  L=0.0212  D=1.286
[regir_norefil] 4:40:37  341,936/1,000,000  20.3/s  upd=7864  L=0.0249  D=1.286
[regir_norefil] 4:40:48  342,467/1,000,000  20.3/s  upd=7880  L=0.0247  D=1.286
[regir_norefil] 4:40:59  343,185/1,000,000  20.4/s  upd=7892  L=0.0260  D=1.286
[regir_norefil] 4:41:09  343,497/1,000,000  20.4/s  upd=7904  L=0.0278  D=1.286
[regir_norefil] 4:41:19  344,062/1,000,000  20.4/s  upd=7915  L=0.0258  D=1.286
[regir_norefil] 4:41:29  344,373/1,000,000  20.4/s  upd=7928  L=0.0191  D=1.286
[regir_norefil] 4:41:40  344,906/1,000,000  20.4/s  upd=7943  L=0.0187  D=1.286
[regir_norefil] 4:41:50  345,552/1,000,000  20.4/s  upd=7957  L=0.0246  D=1.286
[regir_norefil] saved resume t_env=345,552
[regir_norefil] 4:42:00  345,840/1,000,000  20.4/s  upd=7967  L=0.0208  D=1.286
[regir_norefil] 4:42:10  346,497/1,000,000  20.5/s  upd=7981  L=0.0222  D=1.286
[regir_norefil] 4:42:20  347,108/1,000,000  20.5/s  upd=7994  L=0.0302  D=1.286
[regir_norefil] 4:42:31  347,422/1,000,000  20.5/s  upd=8006  L=0.0441  D=1.286
[regir_norefil] 4:42:41  348,002/1,000,000  20.5/s  upd=8021  L=0.0276  D=1.286
[regir_norefil] 4:42:51  348,653/1,000,000  20.5/s  upd=8034  L=0.0381  D=1.286
[regir_norefil] 4:43:01  349,010/1,000,000  20.6/s  upd=8048  L=0.0328  D=1.286
[regir_norefil] 4:43:11  349,583/1,000,000  20.6/s  upd=8061  L=0.0202  D=1.286
[regir_norefil] 4:43:22  350,214/1,000,000  20.6/s  upd=8077  L=0.0220  D=1.286
[regir_norefil] 4:43:32  350,778/1,000,000  20.6/s  upd=8090  L=0.0143  D=1.286
[regir_norefil] 4:43:42  351,413/1,000,000  20.6/s  upd=8105  L=0.0251  D=1.286
[regir_norefil] 4:43:52  351,703/1,000,000  20.6/s  upd=8120  L=0.0240  D=1.286
[regir_norefil] 4:44:03  352,321/1,000,000  20.7/s  upd=8135  L=0.0359  D=1.286
[regir_norefil] 4:44:13  352,915/1,000,000  20.7/s  upd=8146  L=0.0202  D=1.286
[regir_norefil] 4:44:23  353,278/1,000,000  20.7/s  upd=8158  L=0.0241  D=1.286
[regir_norefil] 4:44:34  353,995/1,000,000  20.7/s  upd=8169  L=0.0231  D=1.286
[regir_norefil] 4:44:44  354,270/1,000,000  20.7/s  upd=8182  L=0.0502  D=1.286
[regir_norefil] 4:44:54  354,589/1,000,000  20.7/s  upd=8192  L=0.0171  D=1.286
[regir_norefil] 4:48:00  354,884/1,000,000  20.5/s  upd=8200  L=0.0447  D=1.286
[regir_norefil] 4:48:11  355,394/1,000,000  20.6/s  upd=8213  L=0.0166  D=1.286
[regir_norefil] 4:48:21  356,026/1,000,000  20.6/s  upd=8225  L=0.0475  D=1.286
[regir_norefil] 4:48:32  356,410/1,000,000  20.6/s  upd=8237  L=0.0225  D=1.286
[regir_norefil] 4:48:43  356,703/1,000,000  20.6/s  upd=8247  L=0.0516  D=1.286
[regir_norefil] 4:48:53  356,975/1,000,000  20.6/s  upd=8256  L=0.0226  D=1.286
[regir_norefil] 4:49:04  357,591/1,000,000  20.6/s  upd=8269  L=0.0290  D=1.286
[regir_norefil] 4:49:14  357,859/1,000,000  20.6/s  upd=8280  L=0.0258  D=1.286
[regir_norefil] 4:49:25  358,160/1,000,000  20.6/s  upd=8288  L=0.0195  D=1.286
[regir_norefil] 4:49:35  358,770/1,000,000  20.6/s  upd=8297  L=0.0276  D=1.286
[regir_norefil] 4:49:45  359,046/1,000,000  20.7/s  upd=8308  L=0.0239  D=1.286
[regir_norefil] 4:49:55  359,365/1,000,000  20.7/s  upd=8320  L=0.0185  D=1.286
[regir_norefil] 4:50:06  359,960/1,000,000  20.7/s  upd=8333  L=0.0382  D=1.286
[regir_norefil] saved resume t_env=360,255
[regir_norefil] 4:50:34  360,255/1,000,000  20.7/s  upd=8344  L=0.0160  ev=0/100  D=1.286
[regir_norefil] 4:50:44  360,255/1,000,000  20.7/s  upd=8344  L=0.0160  ev=56/100  D=1.286
[regir_norefil] 4:54:20  360,255/1,000,000  20.4/s  upd=8344  L=0.0160  D=1.145
[regir_norefil] 4:58:20  360,255/1,000,000  20.1/s  upd=8344  L=0.0160  D=1.145
[regir_norefil] 4:58:31  360,815/1,000,000  20.1/s  upd=8360  L=0.0213  D=1.145
[regir_norefil] 4:58:41  361,474/1,000,000  20.2/s  upd=8376  L=0.0293  D=1.145
[regir_norefil] 4:58:51  361,992/1,000,000  20.2/s  upd=8392  L=0.0291  D=1.145
[regir_norefil] 4:59:01  362,563/1,000,000  20.2/s  upd=8406  L=0.0367  D=1.145
[regir_norefil] 4:59:12  363,093/1,000,000  20.2/s  upd=8422  L=0.0453  D=1.145
[regir_norefil] 4:59:22  363,705/1,000,000  20.2/s  upd=8435  L=0.0166  D=1.145
[regir_norefil] 4:59:32  364,263/1,000,000  20.3/s  upd=8449  L=0.0409  D=1.145
[regir_norefil] 4:59:43  364,833/1,000,000  20.3/s  upd=8466  L=0.0200  D=1.145
[regir_norefil] 4:59:53  365,170/1,000,000  20.3/s  upd=8480  L=0.0391  D=1.145
[regir_norefil] 5:00:03  366,041/1,000,000  20.3/s  upd=8497  L=0.0168  D=1.145
[regir_norefil] 5:00:14  366,617/1,000,000  20.4/s  upd=8513  L=0.0198  D=1.145
[regir_norefil] saved resume t_env=366,617
[regir_norefil] 5:00:24  366,872/1,000,000  20.4/s  upd=8527  L=0.0203  D=1.145
[regir_norefil] 5:00:34  367,502/1,000,000  20.4/s  upd=8538  L=0.0232  D=1.145
[regir_norefil] 5:00:44  367,770/1,000,000  20.4/s  upd=8552  L=0.0337  D=1.145
[regir_norefil] 5:00:55  368,379/1,000,000  20.4/s  upd=8566  L=0.0393  D=1.145
[regir_norefil] 5:01:05  369,008/1,000,000  20.4/s  upd=8582  L=0.0298  D=1.145
[regir_norefil] 5:01:15  369,574/1,000,000  20.4/s  upd=8596  L=0.0241  D=1.145
[regir_norefil] 5:01:25  369,856/1,000,000  20.5/s  upd=8608  L=0.0171  D=1.145
[regir_norefil] 5:01:35  370,541/1,000,000  20.5/s  upd=8623  L=0.0222  D=1.145
[regir_norefil] 5:01:45  371,119/1,000,000  20.5/s  upd=8637  L=0.0208  D=1.145
[regir_norefil] 5:01:56  371,694/1,000,000  20.5/s  upd=8655  L=0.0136  D=1.145
[regir_norefil] 5:02:07  372,351/1,000,000  20.5/s  upd=8670  L=0.0262  D=1.145
[regir_norefil] 5:02:17  372,953/1,000,000  20.6/s  upd=8683  L=0.0429  D=1.145
[regir_norefil] 5:02:27  373,563/1,000,000  20.6/s  upd=8701  L=0.0232  D=1.145
[regir_norefil] 5:02:38  374,242/1,000,000  20.6/s  upd=8718  L=0.0180  D=1.145
[regir_norefil] 5:02:48  374,841/1,000,000  20.6/s  upd=8733  L=0.0375  D=1.145
[regir_norefil] 5:02:58  375,497/1,000,000  20.7/s  upd=8749  L=0.0259  D=1.145
[regir_norefil] 5:03:08  376,151/1,000,000  20.7/s  upd=8766  L=0.0139  D=1.145
[regir_norefil] 5:03:19  376,836/1,000,000  20.7/s  upd=8780  L=0.0217  D=1.145
[regir_norefil] 5:06:21  376,836/1,000,000  20.5/s  upd=8784  L=0.0286  D=1.145
[regir_norefil] 5:06:32  377,520/1,000,000  20.5/s  upd=8794  L=0.0347  D=1.145
[regir_norefil] 5:06:42  377,816/1,000,000  20.5/s  upd=8808  L=0.0412  D=1.145
[regir_norefil] 5:06:52  378,397/1,000,000  20.6/s  upd=8819  L=0.0224  D=1.145
[regir_norefil] 5:07:02  378,765/1,000,000  20.6/s  upd=8832  L=0.0177  D=1.145
[regir_norefil] 5:07:12  379,371/1,000,000  20.6/s  upd=8843  L=0.0197  D=1.145
[regir_norefil] 5:07:22  379,653/1,000,000  20.6/s  upd=8856  L=0.0264  D=1.145
[regir_norefil] saved resume t_env=380,025
[regir_norefil] 5:07:49  380,025/1,000,000  20.6/s  upd=8864  L=0.0214  ev=0/100  D=1.145
[regir_norefil] 5:07:59  380,025/1,000,000  20.6/s  upd=8864  L=0.0214  ev=32/100  D=1.145
[regir_norefil] 5:08:09  380,025/1,000,000  20.6/s  upd=8864  L=0.0214  ev=64/100  D=1.145
[regir_norefil] 5:08:19  380,025/1,000,000  20.5/s  upd=8864  L=0.0214  ev=88/100  D=1.145
[regir_norefil] 5:11:00  380,025/1,000,000  20.4/s  upd=8864  L=0.0214  D=1.204
[regir_norefil] 5:11:10  380,672/1,000,000  20.4/s  upd=8877  L=0.0238  D=1.204
[regir_norefil] 5:11:20  381,252/1,000,000  20.4/s  upd=8893  L=0.0253  D=1.204
[regir_norefil] 5:15:37  381,252/1,000,000  20.1/s  upd=8896  L=0.0462  D=1.204
[regir_norefil] 5:15:47  382,174/1,000,000  20.2/s  upd=8913  L=0.0485  D=1.204
[regir_norefil] 5:15:57  382,687/1,000,000  20.2/s  upd=8932  L=0.0149  D=1.204
[regir_norefil] 5:16:07  383,358/1,000,000  20.2/s  upd=8946  L=0.0183  D=1.204
[regir_norefil] 5:16:18  383,969/1,000,000  20.2/s  upd=8962  L=0.0214  D=1.204
[regir_norefil] 5:16:28  384,260/1,000,000  20.2/s  upd=8976  L=0.0366  D=1.204
[regir_norefil] 5:16:38  384,823/1,000,000  20.3/s  upd=8991  L=0.0240  D=1.204
[regir_norefil] 5:16:49  385,468/1,000,000  20.3/s  upd=9005  L=0.0162  D=1.204
[regir_norefil] 5:16:59  386,063/1,000,000  20.3/s  upd=9023  L=0.0188  D=1.204
[regir_norefil] 5:17:09  387,032/1,000,000  20.3/s  upd=9041  L=0.0447  D=1.204
[regir_norefil] 5:17:20  387,318/1,000,000  20.3/s  upd=9056  L=0.0206  D=1.204
[regir_norefil] 5:17:30  388,271/1,000,000  20.4/s  upd=9074  L=0.0239  D=1.204
[regir_norefil] saved resume t_env=388,271
[regir_norefil] 5:17:40  388,595/1,000,000  20.4/s  upd=9088  L=0.0289  D=1.204
[regir_norefil] 5:17:50  389,547/1,000,000  20.4/s  upd=9105  L=0.0210  D=1.204
[regir_norefil] 5:18:01  390,169/1,000,000  20.4/s  upd=9123  L=0.0275  D=1.204
[regir_norefil] 5:18:11  390,815/1,000,000  20.5/s  upd=9140  L=0.0332  D=1.204
[regir_norefil] 5:18:21  391,543/1,000,000  20.5/s  upd=9160  L=0.0231  D=1.204
[regir_norefil] 5:18:32  392,513/1,000,000  20.5/s  upd=9177  L=0.0290  D=1.204
[regir_norefil] 5:18:42  393,096/1,000,000  20.6/s  upd=9195  L=0.0248  D=1.204
[regir_norefil] 5:18:52  393,705/1,000,000  20.6/s  upd=9213  L=0.0259  D=1.204
[regir_norefil] 5:19:02  394,249/1,000,000  20.6/s  upd=9232  L=0.0181  D=1.204
[regir_norefil] 5:19:13  394,882/1,000,000  20.6/s  upd=9248  L=0.0246  D=1.204
[regir_norefil] 5:19:23  395,728/1,000,000  20.7/s  upd=9265  L=0.0362  D=1.204
[regir_norefil] 5:19:33  396,397/1,000,000  20.7/s  upd=9287  L=0.0307  D=1.204
[regir_norefil] 5:19:43  396,989/1,000,000  20.7/s  upd=9303  L=0.0462  D=1.204
[regir_norefil] 5:19:53  397,565/1,000,000  20.7/s  upd=9320  L=0.0204  D=1.204
[regir_norefil] 5:20:03  398,470/1,000,000  20.7/s  upd=9339  L=0.0209  D=1.204
[regir_norefil] 5:20:14  399,073/1,000,000  20.8/s  upd=9357  L=0.0237  D=1.204
[regir_norefil] 5:20:24  399,652/1,000,000  20.8/s  upd=9373  L=0.0169  D=1.204
[regir_norefil] saved resume t_env=400,259
[regir_norefil] 5:20:54  400,259/1,000,000  20.8/s  upd=9392  L=0.0169  ev=0/100  D=1.204
[regir_norefil] 5:25:13  400,259/1,000,000  20.5/s  upd=9392  L=0.0169  D=1.321
[regir_norefil] report refresh skipped: PermissionError
[regir_norefil] 5:25:24  400,860/1,000,000  20.5/s  upd=9403  L=0.0372  D=1.321
[regir_norefil] 5:25:34  401,152/1,000,000  20.5/s  upd=9415  L=0.0284  D=1.321
[regir_norefil] 5:25:44  401,413/1,000,000  20.5/s  upd=9424  L=0.0262  D=1.321
[regir_norefil] 5:25:55  402,028/1,000,000  20.6/s  upd=9434  L=0.0443  D=1.321
[regir_norefil] 5:26:05  402,337/1,000,000  20.6/s  upd=9443  L=0.0172  D=1.321
[regir_norefil] 5:26:16  402,650/1,000,000  20.6/s  upd=9451  L=0.0273  D=1.321
[regir_norefil] 5:26:26  402,650/1,000,000  20.6/s  upd=9456  L=0.0246  D=1.321
[regir_norefil] 5:26:36  403,315/1,000,000  20.6/s  upd=9468  L=0.0182  D=1.321
[regir_norefil] 5:26:46  403,677/1,000,000  20.6/s  upd=9480  L=0.0412  D=1.321
[regir_norefil] 5:26:57  404,217/1,000,000  20.6/s  upd=9490  L=0.0216  D=1.321
[regir_norefil] 5:27:08  404,499/1,000,000  20.6/s  upd=9502  L=0.0191  D=1.321
[regir_norefil] 5:27:18  404,817/1,000,000  20.6/s  upd=9512  L=0.0206  D=1.321
[regir_norefil] 5:27:28  405,483/1,000,000  20.6/s  upd=9523  L=0.0173  D=1.321
[regir_norefil] 5:27:38  405,777/1,000,000  20.6/s  upd=9536  L=0.0209  D=1.321
[regir_norefil] 5:27:48  406,088/1,000,000  20.6/s  upd=9544  L=0.0243  D=1.321
[regir_norefil] 5:27:59  406,667/1,000,000  20.7/s  upd=9553  L=0.0295  D=1.321
[regir_norefil] 5:28:09  406,955/1,000,000  20.7/s  upd=9563  L=0.0351  D=1.321
[regir_norefil] 5:28:19  407,287/1,000,000  20.7/s  upd=9571  L=0.0214  D=1.321
[regir_norefil] 5:28:29  407,654/1,000,000  20.7/s  upd=9581  L=0.0391  D=1.321
[regir_norefil] 5:28:39  407,928/1,000,000  20.7/s  upd=9592  L=0.0205  D=1.321
[regir_norefil] 5:28:49  408,227/1,000,000  20.7/s  upd=9600  L=0.0207  D=1.321
[regir_norefil] 5:29:00  408,869/1,000,000  20.7/s  upd=9609  L=0.0331  D=1.321
[regir_norefil] 5:29:10  408,869/1,000,000  20.7/s  upd=9616  L=0.0165  D=1.321
[regir_norefil] 5:29:20  409,521/1,000,000  20.7/s  upd=9628  L=0.0208  D=1.321
[regir_norefil] 5:29:30  410,142/1,000,000  20.7/s  upd=9642  L=0.0189  D=1.321
[regir_norefil] 5:29:41  410,754/1,000,000  20.8/s  upd=9657  L=0.0337  D=1.321
[regir_norefil] 5:29:51  411,030/1,000,000  20.8/s  upd=9672  L=0.0171  D=1.321
[regir_norefil] 5:30:02  411,702/1,000,000  20.8/s  upd=9686  L=0.0400  D=1.321
[regir_norefil] 5:30:12  412,348/1,000,000  20.8/s  upd=9698  L=0.0491  D=1.321
[regir_norefil] report refresh skipped: PermissionError
[regir_norefil] 5:30:22  412,687/1,000,000  20.8/s  upd=9711  L=0.0226  D=1.321
[regir_norefil] 5:30:32  412,967/1,000,000  20.8/s  upd=9720  L=0.0219  D=1.321
[regir_norefil] saved resume t_env=413,279
[regir_norefil] 5:30:43  413,279/1,000,000  20.8/s  upd=9728  L=0.0365  D=1.321
[regir_norefil] 5:30:53  413,588/1,000,000  20.8/s  upd=9736  L=0.0207  D=1.321
[regir_norefil] 5:31:03  414,124/1,000,000  20.8/s  upd=9746  L=0.0211  D=1.321
[regir_norefil] 5:31:14  414,437/1,000,000  20.9/s  upd=9759  L=0.0290  D=1.321
[regir_norefil] 5:31:24  414,831/1,000,000  20.9/s  upd=9768  L=0.0241  D=1.321
[regir_norefil] 5:31:34  415,504/1,000,000  20.9/s  upd=9778  L=0.0461  D=1.321
[regir_norefil] 5:31:44  415,837/1,000,000  20.9/s  upd=9789  L=0.0395  D=1.321
[regir_norefil] 5:31:55  416,143/1,000,000  20.9/s  upd=9794  L=0.0242  D=1.321
[regir_norefil] 5:32:05  416,410/1,000,000  20.9/s  upd=9802  L=0.0158  D=1.321
[regir_norefil] 5:32:16  416,671/1,000,000  20.9/s  upd=9812  L=0.0219  D=1.321
[regir_norefil] 5:32:26  416,908/1,000,000  20.9/s  upd=9820  L=0.0266  D=1.321
[regir_norefil] 5:32:36  417,206/1,000,000  20.9/s  upd=9830  L=0.0264  D=1.321
[regir_norefil] 5:32:47  417,540/1,000,000  20.9/s  upd=9840  L=0.0364  D=1.321
[regir_norefil] 5:32:57  417,871/1,000,000  20.9/s  upd=9848  L=0.0215  D=1.321
[regir_norefil] 5:33:07  418,165/1,000,000  20.9/s  upd=9856  L=0.0377  D=1.321
[regir_norefil] 5:33:17  418,462/1,000,000  20.9/s  upd=9864  L=0.0383  D=1.321
[regir_norefil] 5:33:27  419,055/1,000,000  20.9/s  upd=9875  L=0.0181  D=1.321
[regir_norefil] 5:33:38  419,365/1,000,000  20.9/s  upd=9887  L=0.0371  D=1.321
[regir_norefil] 5:33:48  419,778/1,000,000  21.0/s  upd=9896  L=0.0248  D=1.321
[regir_norefil] saved resume t_env=420,075
[regir_norefil] 5:34:16  420,075/1,000,000  20.9/s  upd=9904  L=0.0251  ev=0/100  D=1.321
[regir_norefil] 5:34:26  420,075/1,000,000  20.9/s  upd=9904  L=0.0251  ev=40/100  D=1.321
[regir_norefil] 5:34:36  420,075/1,000,000  20.9/s  upd=9904  L=0.0251  ev=70/100  D=1.321
[regir_norefil] 5:34:46  420,075/1,000,000  20.9/s  upd=9904  L=0.0251  ev=96/100  D=1.321
[regir_norefil] report refresh skipped: PermissionError
[regir_norefil] 5:34:56  420,365/1,000,000  20.9/s  upd=9912  L=0.0197  D=1.357
[regir_norefil] 5:35:06  420,998/1,000,000  20.9/s  upd=9924  L=0.0349  D=1.357
[regir_norefil] 5:35:16  421,285/1,000,000  20.9/s  upd=9935  L=0.0292  D=1.357
[regir_norefil] report refresh skipped: PermissionError
[regir_norefil] 5:35:26  421,615/1,000,000  20.9/s  upd=9943  L=0.0196  D=1.357
[regir_norefil] 5:35:37  421,884/1,000,000  21.0/s  upd=9952  L=0.0214  D=1.357
[regir_norefil] 5:35:47  422,191/1,000,000  21.0/s  upd=9960  L=0.0413  D=1.357
[regir_norefil] 5:35:57  422,789/1,000,000  21.0/s  upd=9972  L=0.0245  D=1.357
[regir_norefil] 5:36:07  423,087/1,000,000  21.0/s  upd=9984  L=0.0291  D=1.357
[regir_norefil] 5:36:18  423,719/1,000,000  21.0/s  upd=9993  L=0.0182  D=1.357
[regir_norefil] 5:36:28  423,999/1,000,000  21.0/s  upd=10006  L=0.0240  D=1.357
[regir_norefil] 5:36:38  424,337/1,000,000  21.0/s  upd=10016  L=0.0168  D=1.357
[regir_norefil] 5:36:49  424,890/1,000,000  21.0/s  upd=10028  L=0.0161  D=1.357
[regir_norefil] 5:36:59  425,189/1,000,000  21.0/s  upd=10040  L=0.0224  D=1.357
[regir_norefil] 5:37:09  425,476/1,000,000  21.0/s  upd=10048  L=0.0217  D=1.357
[regir_norefil] 5:37:19  426,076/1,000,000  21.1/s  upd=10061  L=0.0260  D=1.357
[regir_norefil] 5:37:30  426,374/1,000,000  21.1/s  upd=10072  L=0.0200  D=1.357
[regir_norefil] 5:37:40  426,961/1,000,000  21.1/s  upd=10081  L=0.0315  D=1.357
[regir_norefil] 5:37:50  427,213/1,000,000  21.1/s  upd=10091  L=0.0217  D=1.357
[regir_norefil] 5:38:00  427,497/1,000,000  21.1/s  upd=10103  L=0.0189  D=1.357
[regir_norefil] 5:38:10  427,750/1,000,000  21.1/s  upd=10112  L=0.0541  D=1.357
[regir_norefil] 5:38:21  428,357/1,000,000  21.1/s  upd=10121  L=0.0237  D=1.357
[regir_norefil] 5:38:31  428,687/1,000,000  21.1/s  upd=10134  L=0.0146  D=1.357
[regir_norefil] 5:38:42  429,010/1,000,000  21.1/s  upd=10144  L=0.0275  D=1.357
[regir_norefil] 5:38:52  429,282/1,000,000  21.1/s  upd=10152  L=0.0211  D=1.357
[regir_norefil] 5:39:02  429,592/1,000,000  21.1/s  upd=10160  L=0.0247  D=1.357
[regir_norefil] 5:39:12  430,202/1,000,000  21.1/s  upd=10170  L=0.0185  D=1.357
[regir_norefil] 5:39:22  430,202/1,000,000  21.1/s  upd=10176  L=0.0277  D=1.357
[regir_norefil] 5:39:32  430,834/1,000,000  21.1/s  upd=10187  L=0.0250  D=1.357
[regir_norefil] 5:39:42  431,070/1,000,000  21.1/s  upd=10199  L=0.0371  D=1.357
[regir_norefil] 5:39:52  431,409/1,000,000  21.2/s  upd=10208  L=0.0244  D=1.357
[regir_norefil] 5:40:02  431,754/1,000,000  21.2/s  upd=10216  L=0.0232  D=1.357
[regir_norefil] 5:40:13  432,511/1,000,000  21.2/s  upd=10227  L=0.0159  D=1.357
[regir_norefil] report refresh skipped: PermissionError
[regir_norefil] 5:40:23  432,806/1,000,000  21.2/s  upd=10240  L=0.0341  D=1.357
[regir_norefil] 5:40:33  433,447/1,000,000  21.2/s  upd=10256  L=0.0268  D=1.357
[regir_norefil] 5:40:43  434,047/1,000,000  21.2/s  upd=10270  L=0.0268  D=1.357
[regir_norefil] 5:40:53  434,652/1,000,000  21.3/s  upd=10282  L=0.0260  D=1.357
[regir_norefil] 5:41:03  434,960/1,000,000  21.3/s  upd=10296  L=0.0290  D=1.357
[regir_norefil] 5:41:14  435,280/1,000,000  21.3/s  upd=10304  L=0.0392  D=1.357
[regir_norefil] 5:41:24  435,594/1,000,000  21.3/s  upd=10312  L=0.0199  D=1.357
[regir_norefil] 5:41:34  435,967/1,000,000  21.3/s  upd=10320  L=0.0177  D=1.357
[regir_norefil] 5:41:44  436,531/1,000,000  21.3/s  upd=10331  L=0.0194  D=1.357
[regir_norefil] 5:41:54  436,827/1,000,000  21.3/s  upd=10342  L=0.0178  D=1.357
[regir_norefil] 5:42:04  437,111/1,000,000  21.3/s  upd=10352  L=0.0243  D=1.357
[regir_norefil] 5:42:14  437,462/1,000,000  21.3/s  upd=10360  L=0.0198  D=1.357
[regir_norefil] 5:42:24  437,711/1,000,000  21.3/s  upd=10368  L=0.0248  D=1.357
[regir_norefil] 5:42:34  438,041/1,000,000  21.3/s  upd=10376  L=0.0313  D=1.357
[regir_norefil] 5:42:45  438,650/1,000,000  21.3/s  upd=10387  L=0.0266  D=1.357
[regir_norefil] 5:42:55  438,963/1,000,000  21.3/s  upd=10397  L=0.0300  D=1.357
[regir_norefil] 5:43:05  439,264/1,000,000  21.3/s  upd=10408  L=0.0200  D=1.357
[regir_norefil] 5:43:16  439,851/1,000,000  21.4/s  upd=10418  L=0.0302  D=1.357
[regir_norefil] 5:43:26  440,155/1,000,000  21.4/s  upd=10427  L=0.0144  D=1.357
[regir_norefil] saved resume t_env=440,155
[regir_norefil] 5:43:51  440,155/1,000,000  21.3/s  upd=10432  L=0.0180  ev=0/100  D=1.357
[regir_norefil] 5:44:01  440,155/1,000,000  21.3/s  upd=10432  L=0.0180  ev=24/100  D=1.357
[regir_norefil] 5:44:11  440,155/1,000,000  21.3/s  upd=10432  L=0.0180  ev=56/100  D=1.357
[regir_norefil] 5:44:21  440,155/1,000,000  21.3/s  upd=10432  L=0.0180  ev=80/100  D=1.357
[regir_norefil] report refresh skipped: PermissionError
[regir_norefil] 5:44:31  440,456/1,000,000  21.3/s  upd=10436  L=0.0180  D=1.643
[regir_norefil] 5:44:41  440,744/1,000,000  21.3/s  upd=10447  L=0.0231  D=1.643
[regir_norefil] 5:44:51  441,051/1,000,000  21.3/s  upd=10456  L=0.0207  D=1.643
[regir_norefil] 5:45:02  441,653/1,000,000  21.3/s  upd=10470  L=0.0333  D=1.643
[regir_norefil] 5:45:12  441,940/1,000,000  21.3/s  upd=10480  L=0.0198  D=1.643
[regir_norefil] 5:45:22  442,260/1,000,000  21.3/s  upd=10488  L=0.0257  D=1.643
[regir_norefil] report refresh skipped: PermissionError
[regir_norefil] 5:45:32  442,846/1,000,000  21.4/s  upd=10498  L=0.0257  D=1.643
[regir_norefil] 5:45:42  443,107/1,000,000  21.4/s  upd=10508  L=0.0161  D=1.643
[regir_norefil] 5:45:52  443,471/1,000,000  21.4/s  upd=10520  L=0.0279  D=1.643
[regir_norefil] 5:46:02  443,767/1,000,000  21.4/s  upd=10528  L=0.0158  D=1.643
[regir_norefil] 5:46:13  444,355/1,000,000  21.4/s  upd=10543  L=0.0308  D=1.643
[regir_norefil] 5:46:23  444,652/1,000,000  21.4/s  upd=10552  L=0.0226  D=1.643
[regir_norefil] 5:46:33  444,981/1,000,000  21.4/s  upd=10560  L=0.0645  D=1.643
[regir_norefil] 5:46:43  445,328/1,000,000  21.4/s  upd=10568  L=0.0172  D=1.643
[regir_norefil] 5:46:53  446,030/1,000,000  21.4/s  upd=10579  L=0.0383  D=1.643
[regir_norefil] 5:47:04  446,348/1,000,000  21.4/s  upd=10586  L=0.0217  D=1.643
[regir_norefil] 5:47:14  446,755/1,000,000  21.4/s  upd=10593  L=0.0263  D=1.643
[regir_norefil] 5:47:24  447,077/1,000,000  21.4/s  upd=10602  L=0.0374  D=1.643
[regir_norefil] 5:47:34  447,384/1,000,000  21.5/s  upd=10616  L=0.0124  D=1.643
[regir_norefil] 5:47:44  447,689/1,000,000  21.5/s  upd=10624  L=0.0214  D=1.643
[regir_norefil] 5:47:55  448,286/1,000,000  21.5/s  upd=10635  L=0.0444  D=1.643
[regir_norefil] 5:48:05  448,736/1,000,000  21.5/s  upd=10641  L=0.0231  D=1.643
[regir_norefil] 5:48:15  449,056/1,000,000  21.5/s  upd=10652  L=0.0365  D=1.643
[regir_norefil] 5:48:25  449,338/1,000,000  21.5/s  upd=10661  L=0.0186  D=1.643
[regir_norefil] 5:48:35  449,582/1,000,000  21.5/s  upd=10672  L=0.0215  D=1.643
[regir_norefil] 5:48:45  449,856/1,000,000  21.5/s  upd=10680  L=0.0307  D=1.643
[regir_norefil] 5:48:56  450,205/1,000,000  21.5/s  upd=10688  L=0.0296  D=1.643
[regir_norefil] 5:49:06  450,551/1,000,000  21.5/s  upd=10696  L=0.0282  D=1.643
[regir_norefil] 5:49:16  450,894/1,000,000  21.5/s  upd=10704  L=0.0126  D=1.643
[regir_norefil] 5:49:26  451,553/1,000,000  21.5/s  upd=10713  L=0.0229  D=1.643
[regir_norefil] 5:49:36  451,553/1,000,000  21.5/s  upd=10720  L=0.0279  D=1.643
[regir_norefil] 5:49:46  452,248/1,000,000  21.5/s  upd=10729  L=0.0239  D=1.643
[regir_norefil] 5:49:57  452,554/1,000,000  21.6/s  upd=10743  L=0.0146  D=1.643
[regir_norefil] 5:50:07  452,932/1,000,000  21.6/s  upd=10752  L=0.0126  D=1.643
[regir_norefil] 5:50:17  453,185/1,000,000  21.6/s  upd=10760  L=0.0264  D=1.643
[regir_norefil] 5:50:28  453,787/1,000,000  21.6/s  upd=10770  L=0.0182  D=1.643
[regir_norefil] report refresh skipped: PermissionError
[regir_norefil] 5:50:38  454,094/1,000,000  21.6/s  upd=10783  L=0.0373  D=1.643
[regir_norefil] 5:50:49  454,438/1,000,000  21.6/s  upd=10791  L=0.0226  D=1.643
[regir_norefil] 5:50:59  455,031/1,000,000  21.6/s  upd=10802  L=0.0309  D=1.643
[regir_norefil] 5:51:09  455,614/1,000,000  21.6/s  upd=10818  L=0.0250  D=1.643
[regir_norefil] 5:51:19  455,926/1,000,000  21.6/s  upd=10832  L=0.0177  D=1.643
[regir_norefil] 5:51:30  456,504/1,000,000  21.6/s  upd=10845  L=0.0189  D=1.643
[regir_norefil] 5:51:40  457,034/1,000,000  21.7/s  upd=10859  L=0.0201  D=1.643
[regir_norefil] 5:51:50  457,353/1,000,000  21.7/s  upd=10872  L=0.0389  D=1.643
[regir_norefil] 5:52:01  457,956/1,000,000  21.7/s  upd=10882  L=0.0196  D=1.643
[regir_norefil] 5:52:11  458,236/1,000,000  21.7/s  upd=10894  L=0.0336  D=1.643
[regir_norefil] 5:52:21  458,537/1,000,000  21.7/s  upd=10904  L=0.0432  D=1.643
[regir_norefil] 5:52:31  458,868/1,000,000  21.7/s  upd=10912  L=0.0166  D=1.643
[regir_norefil] 5:52:41  459,160/1,000,000  21.7/s  upd=10920  L=0.0157  D=1.643
[regir_norefil] 5:52:52  459,746/1,000,000  21.7/s  upd=10929  L=0.0247  D=1.643
[regir_norefil] 5:53:02  460,083/1,000,000  21.7/s  upd=10942  L=0.0203  D=1.643
[regir_norefil] saved resume t_env=460,083
[regir_norefil] 5:53:24  460,083/1,000,000  21.7/s  upd=10944  L=0.0147  ev=0/100  D=1.643
[regir_norefil] 5:53:34  460,083/1,000,000  21.7/s  upd=10944  L=0.0147  ev=16/100  D=1.643
[regir_norefil] 5:53:44  460,083/1,000,000  21.7/s  upd=10944  L=0.0147  ev=40/100  D=1.643
[regir_norefil] 5:53:54  460,083/1,000,000  21.7/s  upd=10944  L=0.0147  ev=72/100  D=1.643
[regir_norefil] 5:54:04  460,083/1,000,000  21.7/s  upd=10944  L=0.0147  ev=95/100  D=1.643
[regir_norefil] report refresh skipped: PermissionError
[regir_norefil] 5:54:14  460,417/1,000,000  21.7/s  upd=10952  L=0.0179  D=1.081
[regir_norefil] 5:54:25  460,992/1,000,000  21.7/s  upd=10964  L=0.0302  D=1.081
[regir_norefil] 5:54:35  461,343/1,000,000  21.7/s  upd=10976  L=0.0217  D=1.081
[regir_norefil] 5:54:46  461,957/1,000,000  21.7/s  upd=10985  L=0.0287  D=1.081
[regir_norefil] 5:54:56  461,957/1,000,000  21.7/s  upd=10992  L=0.0214  D=1.081
[regir_norefil] 5:55:06  462,592/1,000,000  21.7/s  upd=11003  L=0.0263  D=1.081
[regir_norefil] 5:55:17  462,873/1,000,000  21.7/s  upd=11012  L=0.0294  D=1.081
[regir_norefil] 5:55:27  463,206/1,000,000  21.7/s  upd=11024  L=0.0194  D=1.081
[regir_norefil] report refresh skipped: PermissionError
[regir_norefil] 5:55:37  463,561/1,000,000  21.7/s  upd=11032  L=0.0201  D=1.081
[regir_norefil] 5:55:47  463,839/1,000,000  21.7/s  upd=11040  L=0.0207  D=1.081
[regir_norefil] 5:55:58  464,415/1,000,000  21.7/s  upd=11050  L=0.0214  D=1.081
[regir_norefil] 5:56:09  464,699/1,000,000  21.7/s  upd=11062  L=0.0165  D=1.081
[regir_norefil] 5:56:19  465,005/1,000,000  21.7/s  upd=11072  L=0.0312  D=1.081
[regir_norefil] 5:56:29  465,547/1,000,000  21.8/s  upd=11083  L=0.0275  D=1.081
[regir_norefil] 5:56:40  465,885/1,000,000  21.8/s  upd=11095  L=0.0249  D=1.081
[regir_norefil] 5:56:50  466,154/1,000,000  21.8/s  upd=11104  L=0.0316  D=1.081
[regir_norefil] 5:57:00  466,463/1,000,000  21.8/s  upd=11112  L=0.0209  D=1.081
[regir_norefil] 5:57:10  466,771/1,000,000  21.8/s  upd=11120  L=0.0205  D=1.081
[regir_norefil] 5:57:20  467,285/1,000,000  21.8/s  upd=11132  L=0.0213  D=1.081
[regir_norefil] 5:57:30  467,586/1,000,000  21.8/s  upd=11142  L=0.0204  D=1.081
[regir_norefil] 5:57:40  467,898/1,000,000  21.8/s  upd=11152  L=0.0301  D=1.081
[regir_norefil] 5:57:50  468,213/1,000,000  21.8/s  upd=11160  L=0.0186  D=1.081
[regir_norefil] 5:58:00  468,508/1,000,000  21.8/s  upd=11168  L=0.0231  D=1.081
[regir_norefil] 5:58:10  468,786/1,000,000  21.8/s  upd=11176  L=0.0258  D=1.081
[regir_norefil] 5:58:20  469,082/1,000,000  21.8/s  upd=11184  L=0.0283  D=1.081
[regir_norefil] 5:58:31  469,643/1,000,000  21.8/s  upd=11194  L=0.0146  D=1.081
[regir_norefil] 5:58:41  469,916/1,000,000  21.8/s  upd=11208  L=0.0268  D=1.081
[regir_norefil] 5:58:51  470,223/1,000,000  21.8/s  upd=11216  L=0.0242  D=1.081
[regir_norefil] 5:59:02  470,493/1,000,000  21.8/s  upd=11224  L=0.0213  D=1.081
[regir_norefil] 5:59:12  471,140/1,000,000  21.9/s  upd=11234  L=0.0203  D=1.081
[regir_norefil] 5:59:22  471,541/1,000,000  21.9/s  upd=11244  L=0.0175  D=1.081
[regir_norefil] 5:59:32  471,855/1,000,000  21.9/s  upd=11256  L=0.0388  D=1.081
[regir_norefil] 5:59:42  472,107/1,000,000  21.9/s  upd=11264  L=0.0216  D=1.081
[regir_norefil] 5:59:53  472,708/1,000,000  21.9/s  upd=11273  L=0.0209  D=1.081
[regir_norefil] 6:00:03  473,012/1,000,000  21.9/s  upd=11285  L=0.0268  D=1.081
[regir_norefil] 6:00:13  473,315/1,000,000  21.9/s  upd=11296  L=0.0274  D=1.081
[regir_norefil] 6:00:23  473,888/1,000,000  21.9/s  upd=11305  L=0.0231  D=1.081
[regir_norefil] 6:00:34  474,185/1,000,000  21.9/s  upd=11319  L=0.0315  D=1.081
[regir_norefil] report refresh skipped: PermissionError
[regir_norefil] 6:00:44  474,528/1,000,000  21.9/s  upd=11328  L=0.0285  D=1.081
[regir_norefil] 6:00:54  474,800/1,000,000  21.9/s  upd=11336  L=0.0190  D=1.081
[regir_norefil] 6:01:05  475,452/1,000,000  21.9/s  upd=11348  L=0.0270  D=1.081
[regir_norefil] 6:01:15  475,729/1,000,000  21.9/s  upd=11360  L=0.0149  D=1.081
[regir_norefil] 6:01:25  476,009/1,000,000  22.0/s  upd=11368  L=0.0224  D=1.081
[regir_norefil] 6:01:35  476,592/1,000,000  22.0/s  upd=11378  L=0.0262  D=1.081
[regir_norefil] 6:01:45  476,923/1,000,000  22.0/s  upd=11388  L=0.0234  D=1.081
[regir_norefil] 6:01:55  477,639/1,000,000  22.0/s  upd=11401  L=0.0251  D=1.081
[regir_norefil] 6:02:05  477,953/1,000,000  22.0/s  upd=11416  L=0.0195  D=1.081
[regir_norefil] 6:02:15  478,599/1,000,000  22.0/s  upd=11429  L=0.0208  D=1.081
[regir_norefil] 6:02:26  479,252/1,000,000  22.0/s  upd=11441  L=0.0285  D=1.081
[regir_norefil] 6:02:36  479,544/1,000,000  22.0/s  upd=11454  L=0.0253  D=1.081
[regir_norefil] 6:02:46  480,177/1,000,000  22.1/s  upd=11466  L=0.0211  D=1.081
[regir_norefil] saved resume t_env=480,177
[regir_norefil] 6:03:10  480,177/1,000,000  22.0/s  upd=11472  L=0.0233  ev=0/100  D=1.081
[regir_norefil] 6:03:20  480,177/1,000,000  22.0/s  upd=11472  L=0.0233  ev=24/100  D=1.081
[regir_norefil] 6:03:30  480,177/1,000,000  22.0/s  upd=11472  L=0.0233  ev=71/100  D=1.081
[regir_norefil] 6:03:40  480,177/1,000,000  22.0/s  upd=11472  L=0.0233  ev=99/100  D=1.081
[regir_norefil] report refresh skipped: PermissionError
[regir_norefil] 6:03:50  480,863/1,000,000  22.0/s  upd=11483  L=0.0218  D=0.979
[regir_norefil] 6:04:00  481,165/1,000,000  22.0/s  upd=11496  L=0.0224  D=0.979
[regir_norefil] 6:04:10  481,750/1,000,000  22.0/s  upd=11507  L=0.0238  D=0.979
[regir_norefil] 6:04:20  482,287/1,000,000  22.1/s  upd=11521  L=0.0287  D=0.979
[regir_norefil] 6:04:31  482,545/1,000,000  22.1/s  upd=11535  L=0.0241  D=0.979
[regir_norefil] 6:04:42  482,870/1,000,000  22.1/s  upd=11544  L=0.0265  D=0.979
[regir_norefil] 6:04:53  483,541/1,000,000  22.1/s  upd=11555  L=0.0225  D=0.979
[regir_norefil] 6:05:03  483,915/1,000,000  22.1/s  upd=11566  L=0.0273  D=0.979
[regir_norefil] 6:05:13  484,257/1,000,000  22.1/s  upd=11576  L=0.0260  D=0.979
[regir_norefil] 6:05:24  484,607/1,000,000  22.1/s  upd=11584  L=0.0260  D=0.979
[regir_norefil] 6:05:34  484,902/1,000,000  22.1/s  upd=11592  L=0.0439  D=0.979
[regir_norefil] 6:05:45  485,270/1,000,000  22.1/s  upd=11600  L=0.0183  D=0.979
[regir_norefil] report refresh skipped: PermissionError
[regir_norefil] 6:05:55  485,635/1,000,000  22.1/s  upd=11608  L=0.0273  D=0.979
[regir_norefil] 6:06:05  486,309/1,000,000  22.1/s  upd=11617  L=0.0290  D=0.979
[regir_norefil] 6:06:15  486,658/1,000,000  22.1/s  upd=11629  L=0.0222  D=0.979
[regir_norefil] 6:06:25  486,974/1,000,000  22.1/s  upd=11640  L=0.0241  D=0.979
[regir_norefil] 6:06:35  487,287/1,000,000  22.2/s  upd=11648  L=0.0233  D=0.979
[regir_norefil] 6:06:46  487,936/1,000,000  22.2/s  upd=11658  L=0.0266  D=0.979
[regir_norefil] 6:06:56  488,237/1,000,000  22.2/s  upd=11670  L=0.0248  D=0.979
[regir_norefil] 6:07:06  488,552/1,000,000  22.2/s  upd=11680  L=0.0289  D=0.979
[regir_norefil] 6:07:16  488,898/1,000,000  22.2/s  upd=11688  L=0.0171  D=0.979
[regir_norefil] 6:07:26  489,210/1,000,000  22.2/s  upd=11696  L=0.0258  D=0.979
[regir_norefil] 6:07:37  489,532/1,000,000  22.2/s  upd=11704  L=0.0333  D=0.979
[regir_norefil] 6:07:47  490,182/1,000,000  22.2/s  upd=11714  L=0.0212  D=0.979
[regir_norefil] 6:07:57  490,536/1,000,000  22.2/s  upd=11727  L=0.0172  D=0.979
[regir_norefil] 6:08:09  490,833/1,000,000  22.2/s  upd=11736  L=0.0140  D=0.979
[regir_norefil] 6:08:19  491,390/1,000,000  22.2/s  upd=11745  L=0.0192  D=0.979
[regir_norefil] 6:08:29  491,717/1,000,000  22.2/s  upd=11758  L=0.0267  D=0.979
[regir_norefil] 6:08:39  491,999/1,000,000  22.2/s  upd=11768  L=0.0346  D=0.979
[regir_norefil] 6:08:49  492,301/1,000,000  22.2/s  upd=11776  L=0.0510  D=0.979
[regir_norefil] 6:09:00  492,938/1,000,000  22.3/s  upd=11785  L=0.0198  D=0.979
[regir_norefil] 6:09:10  493,251/1,000,000  22.3/s  upd=11795  L=0.0210  D=0.979
[regir_norefil] 6:09:20  493,557/1,000,000  22.3/s  upd=11802  L=0.0479  D=0.979
[regir_norefil] 6:09:30  493,841/1,000,000  22.3/s  upd=11813  L=0.0203  D=0.979
[regir_norefil] 6:09:40  494,181/1,000,000  22.3/s  upd=11824  L=0.0194  D=0.979
[regir_norefil] 6:09:51  494,779/1,000,000  22.3/s  upd=11834  L=0.0216  D=0.979
[regir_norefil] 6:10:01  495,106/1,000,000  22.3/s  upd=11841  L=0.0227  D=0.979
[regir_norefil] 6:10:12  495,451/1,000,000  22.3/s  upd=11852  L=0.0219  D=0.979
[regir_norefil] 6:10:22  495,798/1,000,000  22.3/s  upd=11862  L=0.0286  D=0.979
[regir_norefil] 6:10:32  496,413/1,000,000  22.3/s  upd=11874  L=0.0246  D=0.979
[regir_norefil] 6:10:43  496,714/1,000,000  22.3/s  upd=11883  L=0.0381  D=0.979
[regir_norefil] report refresh skipped: PermissionError
[regir_norefil] 6:10:53  496,984/1,000,000  22.3/s  upd=11892  L=0.0226  D=0.979
[regir_norefil] 6:11:03  497,282/1,000,000  22.3/s  upd=11901  L=0.0153  D=0.979
[regir_norefil] 6:11:14  497,579/1,000,000  22.3/s  upd=11912  L=0.0284  D=0.979
[regir_norefil] 6:11:24  497,891/1,000,000  22.3/s  upd=11920  L=0.0267  D=0.979
[regir_norefil] 6:11:35  498,497/1,000,000  22.4/s  upd=11931  L=0.0346  D=0.979
[regir_norefil] 6:11:45  498,813/1,000,000  22.4/s  upd=11944  L=0.0287  D=0.979
[regir_norefil] 6:11:55  499,384/1,000,000  22.4/s  upd=11957  L=0.0180  D=0.979
[regir_norefil] 6:12:06  499,752/1,000,000  22.4/s  upd=11967  L=0.0368  D=0.979
[regir_norefil] 6:12:16  500,066/1,000,000  22.4/s  upd=11976  L=0.0512  D=0.979
[regir_norefil] saved resume t_env=500,066
[regir_norefil] 6:12:37  500,066/1,000,000  22.4/s  upd=11976  L=0.0512  ev=0/100  D=0.979
[regir_norefil] 6:12:47  500,066/1,000,000  22.4/s  upd=11976  L=0.0512  ev=48/100  D=0.979
[regir_norefil] 6:12:57  500,066/1,000,000  22.3/s  upd=11976  L=0.0512  ev=86/100  D=0.979
[regir_norefil] report refresh skipped: PermissionError
[regir_norefil] 6:13:07  500,370/1,000,000  22.4/s  upd=11983  L=0.0403  D=1.559
[regir_norefil] 6:13:17  500,998/1,000,000  22.4/s  upd=11995  L=0.0183  D=1.559
[regir_norefil] 6:13:28  501,580/1,000,000  22.4/s  upd=12010  L=0.0275  D=1.559
[regir_norefil] 6:13:38  501,861/1,000,000  22.4/s  upd=12024  L=0.0213  D=1.559
[regir_norefil] 6:13:48  502,538/1,000,000  22.4/s  upd=12037  L=0.0207  D=1.559
[regir_norefil] 6:13:59  502,848/1,000,000  22.4/s  upd=12048  L=0.0185  D=1.559
[regir_norefil] 6:14:09  503,154/1,000,000  22.4/s  upd=12056  L=0.0241  D=1.559
[regir_norefil] 6:14:19  503,786/1,000,000  22.4/s  upd=12068  L=0.0262  D=1.559
[regir_norefil] 6:14:29  504,113/1,000,000  22.4/s  upd=12080  L=0.0200  D=1.559
[regir_norefil] 6:14:39  504,405/1,000,000  22.4/s  upd=12088  L=0.0183  D=1.559
[regir_norefil] 6:14:49  504,978/1,000,000  22.5/s  upd=12102  L=0.0276  D=1.559
[regir_norefil] 6:14:59  505,274/1,000,000  22.5/s  upd=12111  L=0.0335  D=1.559
[regir_norefil] 6:15:10  505,595/1,000,000  22.5/s  upd=12120  L=0.0182  D=1.559
[regir_norefil] 6:15:20  505,942/1,000,000  22.5/s  upd=12128  L=0.0162  D=1.559
[regir_norefil] 6:15:30  506,509/1,000,000  22.5/s  upd=12142  L=0.0349  D=1.559
[regir_norefil] 6:15:40  506,812/1,000,000  22.5/s  upd=12152  L=0.0178  D=1.559
[regir_norefil] report refresh skipped: PermissionError
[regir_norefil] 6:15:50  507,183/1,000,000  22.5/s  upd=12160  L=0.0235  D=1.559
[regir_norefil] 6:16:00  507,739/1,000,000  22.5/s  upd=12172  L=0.0186  D=1.559
[regir_norefil] 6:16:11  508,024/1,000,000  22.5/s  upd=12184  L=0.0333  D=1.559
[regir_norefil] 6:16:21  508,306/1,000,000  22.5/s  upd=12192  L=0.0249  D=1.559
[regir_norefil] 6:16:31  508,971/1,000,000  22.5/s  upd=12201  L=0.0261  D=1.559
[regir_norefil] 6:16:41  508,971/1,000,000  22.5/s  upd=12208  L=0.0256  D=1.559
[regir_norefil] 6:16:52  509,622/1,000,000  22.5/s  upd=12217  L=0.0287  D=1.559
[regir_norefil] 6:17:02  510,031/1,000,000  22.5/s  upd=12227  L=0.0199  D=1.559
[regir_norefil] 6:17:12  510,352/1,000,000  22.5/s  upd=12238  L=0.0268  D=1.559
[regir_norefil] 6:17:23  510,647/1,000,000  22.6/s  upd=12246  L=0.0290  D=1.559
[regir_norefil] 6:17:33  510,912/1,000,000  22.6/s  upd=12256  L=0.0198  D=1.559
[regir_norefil] 6:17:43  511,245/1,000,000  22.6/s  upd=12264  L=0.0173  D=1.559
[regir_norefil] 6:17:53  511,560/1,000,000  22.6/s  upd=12272  L=0.0164  D=1.559
[regir_norefil] 6:18:03  511,846/1,000,000  22.6/s  upd=12280  L=0.0214  D=1.559
[regir_norefil] 6:18:14  512,421/1,000,000  22.6/s  upd=12293  L=0.0550  D=1.559
[regir_norefil] 6:18:24  512,768/1,000,000  22.6/s  upd=12304  L=0.0284  D=1.559
[regir_norefil] 6:18:34  513,043/1,000,000  22.6/s  upd=12312  L=0.0312  D=1.559
[regir_norefil] 6:18:44  513,677/1,000,000  22.6/s  upd=12322  L=0.0384  D=1.559
[regir_norefil] 6:18:54  513,954/1,000,000  22.6/s  upd=12334  L=0.0171  D=1.559
[regir_norefil] 6:19:04  514,255/1,000,000  22.6/s  upd=12344  L=0.0291  D=1.559
[regir_norefil] 6:19:14  514,520/1,000,000  22.6/s  upd=12352  L=0.0388  D=1.559
[regir_norefil] 6:19:24  515,085/1,000,000  22.6/s  upd=12361  L=0.0233  D=1.559
[regir_norefil] 6:19:35  515,353/1,000,000  22.6/s  upd=12372  L=0.0249  D=1.559
[regir_norefil] 6:19:45  515,654/1,000,000  22.6/s  upd=12384  L=0.0310  D=1.559
[regir_norefil] 6:19:55  515,974/1,000,000  22.6/s  upd=12392  L=0.0228  D=1.559
[regir_norefil] 6:20:05  516,294/1,000,000  22.6/s  upd=12400  L=0.0222  D=1.559
[regir_norefil] 6:20:15  516,562/1,000,000  22.6/s  upd=12408  L=0.0232  D=1.559
[regir_norefil] 6:20:25  517,137/1,000,000  22.7/s  upd=12419  L=0.0181  D=1.559
[regir_norefil] 6:20:36  517,372/1,000,000  22.7/s  upd=12432  L=0.0256  D=1.559
[regir_norefil] 6:20:46  517,699/1,000,000  22.7/s  upd=12440  L=0.0297  D=1.559
[regir_norefil] report refresh skipped: PermissionError
[regir_norefil] 6:20:56  518,055/1,000,000  22.7/s  upd=12448  L=0.0237  D=1.559
[regir_norefil] 6:21:07  518,687/1,000,000  22.7/s  upd=12459  L=0.0202  D=1.559
[regir_norefil] 6:21:17  518,973/1,000,000  22.7/s  upd=12468  L=0.0433  D=1.559
[regir_norefil] 6:21:27  519,237/1,000,000  22.7/s  upd=12480  L=0.0240  D=1.559
[regir_norefil] 6:21:37  519,511/1,000,000  22.7/s  upd=12488  L=0.0253  D=1.559
[regir_norefil] 6:21:48  520,108/1,000,000  22.7/s  upd=12498  L=0.0211  D=1.559
[regir_norefil] saved resume t_env=520,108
[regir_norefil] 6:22:14  520,108/1,000,000  22.7/s  upd=12504  L=0.0262  ev=0/100  D=1.559
[regir_norefil] 6:22:24  520,108/1,000,000  22.7/s  upd=12504  L=0.0262  ev=23/100  D=1.559
[regir_norefil] 6:22:34  520,108/1,000,000  22.7/s  upd=12504  L=0.0262  ev=47/100  D=1.559
[regir_norefil] 6:22:44  520,108/1,000,000  22.6/s  upd=12504  L=0.0262  ev=79/100  D=1.559
[regir_norefil] report refresh skipped: PermissionError
[regir_norefil] 6:22:55  520,440/1,000,000  22.7/s  upd=12505  L=0.0291  D=1.141
[regir_norefil] 6:23:05  520,741/1,000,000  22.7/s  upd=12519  L=0.0199  D=1.141
[regir_norefil] 6:23:15  521,060/1,000,000  22.7/s  upd=12528  L=0.0266  D=1.141
[regir_norefil] 6:23:25  521,294/1,000,000  22.7/s  upd=12536  L=0.0237  D=1.141
[regir_norefil] 6:23:36  521,868/1,000,000  22.7/s  upd=12548  L=0.0229  D=1.141
[regir_norefil] 6:23:46  522,131/1,000,000  22.7/s  upd=12560  L=0.0254  D=1.141
[regir_norefil] 6:23:57  522,749/1,000,000  22.7/s  upd=12573  L=0.0153  D=1.141
[regir_norefil] 6:24:07  523,336/1,000,000  22.7/s  upd=12590  L=0.0253  D=1.141
[regir_norefil] 6:24:18  523,993/1,000,000  22.7/s  upd=12606  L=0.0177  D=1.141
[regir_norefil] 6:24:28  524,577/1,000,000  22.7/s  upd=12617  L=0.0202  D=1.141
[regir_norefil] 6:24:38  524,872/1,000,000  22.7/s  upd=12629  L=0.0204  D=1.141
[regir_norefil] 6:24:48  525,434/1,000,000  22.8/s  upd=12644  L=0.0234  D=1.141
[regir_norefil] 6:24:58  525,721/1,000,000  22.8/s  upd=12656  L=0.0217  D=1.141
[regir_norefil] 6:25:09  526,033/1,000,000  22.8/s  upd=12664  L=0.0343  D=1.141
[regir_norefil] 6:25:19  526,338/1,000,000  22.8/s  upd=12672  L=0.0199  D=1.141
[regir_norefil] 6:25:29  526,653/1,000,000  22.8/s  upd=12680  L=0.0247  D=1.141
[regir_norefil] 6:25:39  526,977/1,000,000  22.8/s  upd=12688  L=0.0301  D=1.141
[regir_norefil] 6:25:49  527,342/1,000,000  22.8/s  upd=12696  L=0.0207  D=1.141
[regir_norefil] report refresh skipped: PermissionError
[regir_norefil] 6:25:59  527,615/1,000,000  22.8/s  upd=12704  L=0.0239  D=1.141
[regir_norefil] 6:26:09  527,887/1,000,000  22.8/s  upd=12712  L=0.0245  D=1.141
[regir_norefil] 6:26:20  528,534/1,000,000  22.8/s  upd=12721  L=0.0234  D=1.141
[regir_norefil] 6:26:30  528,820/1,000,000  22.8/s  upd=12732  L=0.0297  D=1.141
[regir_norefil] 6:26:40  529,133/1,000,000  22.8/s  upd=12744  L=0.0279  D=1.141
[regir_norefil] 6:26:50  529,448/1,000,000  22.8/s  upd=12752  L=0.0306  D=1.141
[regir_norefil] 6:27:00  530,065/1,000,000  22.8/s  upd=12763  L=0.0179  D=1.141
[regir_norefil] 6:27:10  530,390/1,000,000  22.8/s  upd=12771  L=0.0171  D=1.141
[regir_norefil] 6:27:21  530,706/1,000,000  22.8/s  upd=12778  L=0.0232  D=1.141
[regir_norefil] 6:27:31  530,973/1,000,000  22.8/s  upd=12791  L=0.0152  D=1.141
[regir_norefil] 6:27:41  531,218/1,000,000  22.8/s  upd=12800  L=0.0210  D=1.141
[regir_norefil] 6:27:52  531,500/1,000,000  22.8/s  upd=12808  L=0.0175  D=1.141
[regir_norefil] 6:28:03  532,054/1,000,000  22.9/s  upd=12817  L=0.0227  D=1.141
[regir_norefil] 6:28:13  532,337/1,000,000  22.9/s  upd=12828  L=0.0289  D=1.141
[regir_norefil] 6:28:23  532,648/1,000,000  22.9/s  upd=12839  L=0.0178  D=1.141
[regir_norefil] 6:28:33  532,961/1,000,000  22.9/s  upd=12848  L=0.0208  D=1.141
[regir_norefil] 6:28:43  533,262/1,000,000  22.9/s  upd=12856  L=0.0231  D=1.141
[regir_norefil] 6:28:53  533,625/1,000,000  22.9/s  upd=12864  L=0.0132  D=1.141
[regir_norefil] 6:29:04  534,178/1,000,000  22.9/s  upd=12880  L=0.0185  D=1.141
[regir_norefil] 6:29:14  534,495/1,000,000  22.9/s  upd=12888  L=0.0197  D=1.141
[regir_norefil] 6:29:24  535,060/1,000,000  22.9/s  upd=12898  L=0.0275  D=1.141
[regir_norefil] 6:29:34  535,340/1,000,000  22.9/s  upd=12912  L=0.0186  D=1.141
[regir_norefil] 6:29:44  535,928/1,000,000  22.9/s  upd=12921  L=0.0154  D=1.141
[regir_norefil] 6:29:54  536,295/1,000,000  22.9/s  upd=12933  L=0.0222  D=1.141
[regir_norefil] 6:30:05  536,616/1,000,000  22.9/s  upd=12939  L=0.0199  D=1.141
[regir_norefil] 6:30:15  536,919/1,000,000  22.9/s  upd=12945  L=0.0209  D=1.141
[regir_norefil] 6:30:25  537,203/1,000,000  22.9/s  upd=12958  L=0.0220  D=1.141
[regir_norefil] 6:30:35  537,485/1,000,000  22.9/s  upd=12968  L=0.0129  D=1.141
[regir_norefil] 6:30:45  537,790/1,000,000  22.9/s  upd=12976  L=0.0243  D=1.141
[regir_norefil] 6:30:56  538,409/1,000,000  23.0/s  upd=12986  L=0.0212  D=1.141
[regir_norefil] report refresh skipped: PermissionError
[regir_norefil] 6:31:06  538,686/1,000,000  23.0/s  upd=12994  L=0.0323  D=1.141
[regir_norefil] 6:31:16  538,981/1,000,000  23.0/s  upd=13006  L=0.0228  D=1.141
[regir_norefil] 6:31:26  539,282/1,000,000  23.0/s  upd=13016  L=0.0202  D=1.141
[regir_norefil] 6:31:36  539,584/1,000,000  23.0/s  upd=13024  L=0.0319  D=1.141
[regir_norefil] 6:31:47  540,270/1,000,000  23.0/s  upd=13034  L=0.0255  D=1.141
[regir_norefil] saved resume t_env=540,270
[regir_norefil] 6:32:11  540,270/1,000,000  23.0/s  upd=13040  L=0.0283  ev=0/100  D=1.141
[regir_norefil] 6:32:21  540,270/1,000,000  22.9/s  upd=13040  L=0.0283  ev=24/100  D=1.141
[regir_norefil] 6:32:31  540,270/1,000,000  22.9/s  upd=13040  L=0.0283  ev=48/100  D=1.141
[regir_norefil] 6:32:41  540,270/1,000,000  22.9/s  upd=13040  L=0.0283  ev=72/100  D=1.141
[regir_norefil] 6:32:51  540,270/1,000,000  22.9/s  upd=13040  L=0.0283  ev=88/100  D=1.141
[regir_norefil] report refresh skipped: PermissionError
[regir_norefil] 6:33:01  540,545/1,000,000  22.9/s  upd=13042  L=0.0312  D=1.204
[regir_norefil] 6:33:12  540,835/1,000,000  22.9/s  upd=13051  L=0.0156  D=1.204
[regir_norefil] 6:33:22  541,169/1,000,000  22.9/s  upd=13064  L=0.0218  D=1.204
[regir_norefil] 6:33:32  541,518/1,000,000  22.9/s  upd=13072  L=0.0313  D=1.204
[regir_norefil] 6:33:42  542,183/1,000,000  23.0/s  upd=13081  L=0.0187  D=1.204
[regir_norefil] 6:33:53  542,496/1,000,000  23.0/s  upd=13095  L=0.0207  D=1.204
[regir_norefil] 6:34:03  542,807/1,000,000  23.0/s  upd=13104  L=0.0176  D=1.204
[regir_norefil] 6:34:13  543,442/1,000,000  23.0/s  upd=13115  L=0.0197  D=1.204
[regir_norefil] 6:34:24  543,771/1,000,000  23.0/s  upd=13125  L=0.0283  D=1.204
[regir_norefil] 6:34:34  544,037/1,000,000  23.0/s  upd=13136  L=0.0273  D=1.204
[regir_norefil] 6:34:44  544,396/1,000,000  23.0/s  upd=13144  L=0.0143  D=1.204
[regir_norefil] 6:34:55  544,993/1,000,000  23.0/s  upd=13155  L=0.0186  D=1.204
[regir_norefil] 6:35:05  545,287/1,000,000  23.0/s  upd=13167  L=0.0270  D=1.204
[regir_norefil] 6:35:15  545,650/1,000,000  23.0/s  upd=13176  L=0.0184  D=1.204
[regir_norefil] 6:35:25  546,281/1,000,000  23.0/s  upd=13188  L=0.0177  D=1.204
[regir_norefil] 6:35:35  546,952/1,000,000  23.0/s  upd=13206  L=0.0178  D=1.204
[regir_norefil] 6:35:45  547,586/1,000,000  23.1/s  upd=13220  L=0.0139  D=1.204
[regir_norefil] 6:35:56  548,186/1,000,000  23.1/s  upd=13235  L=0.0284  D=1.204
[regir_norefil] report refresh skipped: PermissionError
[regir_norefil] 6:36:06  548,483/1,000,000  23.1/s  upd=13248  L=0.0181  D=1.204
[regir_norefil] 6:36:16  549,045/1,000,000  23.1/s  upd=13261  L=0.0176  D=1.204
[regir_norefil] 6:36:26  549,369/1,000,000  23.1/s  upd=13272  L=0.0283  D=1.204
[regir_norefil] 6:36:36  549,719/1,000,000  23.1/s  upd=13280  L=0.0198  D=1.204
[regir_norefil] 6:36:46  550,025/1,000,000  23.1/s  upd=13288  L=0.0196  D=1.204
[regir_norefil] 6:36:56  550,304/1,000,000  23.1/s  upd=13296  L=0.0259  D=1.204
[regir_norefil] 6:37:06  550,590/1,000,000  23.1/s  upd=13304  L=0.0224  D=1.204
[regir_norefil] 6:37:17  551,148/1,000,000  23.1/s  upd=13316  L=0.0248  D=1.204
[regir_norefil] 6:37:27  551,473/1,000,000  23.1/s  upd=13321  L=0.0208  D=1.204
[regir_norefil] 6:37:37  551,828/1,000,000  23.1/s  upd=13329  L=0.0356  D=1.204
[regir_norefil] 6:37:47  552,101/1,000,000  23.1/s  upd=13339  L=0.0196  D=1.204
[regir_norefil] 6:37:57  552,341/1,000,000  23.1/s  upd=13350  L=0.0244  D=1.204
[regir_norefil] 6:38:07  552,643/1,000,000  23.1/s  upd=13360  L=0.0333  D=1.204
[regir_norefil] 6:38:18  553,247/1,000,000  23.2/s  upd=13369  L=0.0405  D=1.204
[regir_norefil] 6:38:28  553,535/1,000,000  23.2/s  upd=13379  L=0.0228  D=1.204
[regir_norefil] 6:38:38  553,849/1,000,000  23.2/s  upd=13390  L=0.0189  D=1.204
[regir_norefil] 6:38:48  554,151/1,000,000  23.2/s  upd=13400  L=0.0195  D=1.204
[regir_norefil] 6:38:58  554,448/1,000,000  23.2/s  upd=13408  L=0.0286  D=1.204
[regir_norefil] 6:39:08  554,746/1,000,000  23.2/s  upd=13416  L=0.0166  D=1.204
[regir_norefil] 6:39:18  555,091/1,000,000  23.2/s  upd=13424  L=0.0222  D=1.204
[regir_norefil] 6:39:29  555,615/1,000,000  23.2/s  upd=13433  L=0.0255  D=1.204
[regir_norefil] 6:39:39  555,913/1,000,000  23.2/s  upd=13447  L=0.0294  D=1.204
[regir_norefil] 6:39:49  556,153/1,000,000  23.2/s  upd=13456  L=0.0208  D=1.204
[regir_norefil] 6:39:59  556,439/1,000,000  23.2/s  upd=13464  L=0.0195  D=1.204
[regir_norefil] 6:40:09  556,979/1,000,000  23.2/s  upd=13473  L=0.0143  D=1.204
[regir_norefil] 6:40:20  557,298/1,000,000  23.2/s  upd=13484  L=0.0199  D=1.204
[regir_norefil] 6:40:30  557,594/1,000,000  23.2/s  upd=13494  L=0.0233  D=1.204
[regir_norefil] 6:40:41  557,911/1,000,000  23.2/s  upd=13504  L=0.0250  D=1.204
[regir_norefil] 6:40:51  558,202/1,000,000  23.2/s  upd=13512  L=0.0204  D=1.204
[regir_norefil] 6:41:01  558,469/1,000,000  23.2/s  upd=13520  L=0.0328  D=1.204
[regir_norefil] report refresh skipped: PermissionError
[regir_norefil] 6:41:11  558,783/1,000,000  23.2/s  upd=13528  L=0.0290  D=1.204
[regir_norefil] 6:41:21  559,397/1,000,000  23.2/s  upd=13541  L=0.0165  D=1.204
[regir_norefil] 6:41:32  559,783/1,000,000  23.2/s  upd=13549  L=0.0212  D=1.204
[regir_norefil] 6:41:42  560,080/1,000,000  23.2/s  upd=13558  L=0.0268  D=1.204
[regir_norefil] saved resume t_env=560,080
[regir_norefil] 6:42:05  560,080/1,000,000  23.2/s  upd=13560  L=0.0153  ev=0/100  D=1.204
[regir_norefil] 6:42:15  560,080/1,000,000  23.2/s  upd=13560  L=0.0153  ev=17/100  D=1.204
[regir_norefil] 6:42:25  560,080/1,000,000  23.2/s  upd=13560  L=0.0153  ev=46/100  D=1.204
[regir_norefil] 6:42:35  560,080/1,000,000  23.2/s  upd=13560  L=0.0153  ev=72/100  D=1.204
[regir_norefil] 6:42:45  560,080/1,000,000  23.2/s  upd=13560  L=0.0153  ev=96/100  D=1.204
[regir_norefil] report refresh skipped: PermissionError
[regir_norefil] 6:42:55  560,398/1,000,000  23.2/s  upd=13568  L=0.0209  D=1.062
[regir_norefil] 6:43:05  560,991/1,000,000  23.2/s  upd=13578  L=0.0246  D=1.062
[regir_norefil] 6:43:15  561,337/1,000,000  23.2/s  upd=13592  L=0.0249  D=1.062
[regir_norefil] 6:43:25  561,986/1,000,000  23.2/s  upd=13601  L=0.0226  D=1.062
[regir_norefil] 6:43:36  562,294/1,000,000  23.2/s  upd=13616  L=0.0194  D=1.062
[regir_norefil] 6:43:46  562,584/1,000,000  23.2/s  upd=13624  L=0.0170  D=1.062
[regir_norefil] 6:43:56  563,149/1,000,000  23.2/s  upd=13637  L=0.0278  D=1.062
[regir_norefil] 6:44:07  563,423/1,000,000  23.2/s  upd=13648  L=0.0242  D=1.062
[regir_norefil] 6:44:17  564,072/1,000,000  23.3/s  upd=13658  L=0.0231  D=1.062
[regir_norefil] 6:44:27  564,388/1,000,000  23.3/s  upd=13668  L=0.0351  D=1.062
[regir_norefil] 6:44:37  564,720/1,000,000  23.3/s  upd=13679  L=0.0175  D=1.062
[regir_norefil] 6:44:47  564,963/1,000,000  23.3/s  upd=13688  L=0.0158  D=1.062
[regir_norefil] 6:44:58  565,211/1,000,000  23.3/s  upd=13696  L=0.0336  D=1.062
[regir_norefil] 6:45:08  565,710/1,000,000  23.3/s  upd=13709  L=0.0203  D=1.062
[regir_norefil] 6:45:18  566,023/1,000,000  23.3/s  upd=13720  L=0.0208  D=1.062
[regir_norefil] 6:45:28  566,319/1,000,000  23.3/s  upd=13728  L=0.0208  D=1.062
[regir_norefil] 6:45:38  566,614/1,000,000  23.3/s  upd=13736  L=0.0431  D=1.062
[regir_norefil] 6:45:48  567,223/1,000,000  23.3/s  upd=13749  L=0.0117  D=1.062
[regir_norefil] 6:45:59  567,522/1,000,000  23.3/s  upd=13760  L=0.0214  D=1.062
[regir_norefil] 6:46:09  568,101/1,000,000  23.3/s  upd=13769  L=0.0300  D=1.062
[regir_norefil] report refresh skipped: PermissionError
[regir_norefil] 6:46:19  568,382/1,000,000  23.3/s  upd=13782  L=0.0178  D=1.062
[regir_norefil] 6:46:29  568,676/1,000,000  23.3/s  upd=13792  L=0.0216  D=1.062
[regir_norefil] 6:46:39  568,952/1,000,000  23.3/s  upd=13800  L=0.0194  D=1.062
[regir_norefil] 6:46:49  569,589/1,000,000  23.3/s  upd=13814  L=0.0287  D=1.062
[regir_norefil] 6:47:00  570,184/1,000,000  23.3/s  upd=13828  L=0.0239  D=1.062
[regir_norefil] 6:47:10  570,480/1,000,000  23.4/s  upd=13840  L=0.0168  D=1.062
[regir_norefil] 6:47:20  571,029/1,000,000  23.4/s  upd=13853  L=0.0210  D=1.062
[regir_norefil] 6:47:30  571,377/1,000,000  23.4/s  upd=13864  L=0.0231  D=1.062
[regir_norefil] 6:47:40  571,654/1,000,000  23.4/s  upd=13872  L=0.0238  D=1.062
[regir_norefil] 6:47:51  572,177/1,000,000  23.4/s  upd=13885  L=0.0207  D=1.062
[regir_norefil] 6:48:01  572,491/1,000,000  23.4/s  upd=13895  L=0.0209  D=1.062
[regir_norefil] 6:48:11  572,794/1,000,000  23.4/s  upd=13904  L=0.0170  D=1.062
[regir_norefil] 6:48:21  573,072/1,000,000  23.4/s  upd=13912  L=0.0413  D=1.062
[regir_norefil] 6:48:31  573,571/1,000,000  23.4/s  upd=13928  L=0.0208  D=1.062
[regir_norefil] 6:48:41  573,863/1,000,000  23.4/s  upd=13936  L=0.0288  D=1.062
[regir_norefil] 6:48:51  574,452/1,000,000  23.4/s  upd=13947  L=0.0165  D=1.062
[regir_norefil] 6:49:01  574,724/1,000,000  23.4/s  upd=13960  L=0.0195  D=1.062
[regir_norefil] 6:49:12  575,283/1,000,000  23.4/s  upd=13972  L=0.0184  D=1.062
[regir_norefil] 6:49:22  575,578/1,000,000  23.4/s  upd=13984  L=0.0189  D=1.062
[regir_norefil] 6:49:32  575,873/1,000,000  23.4/s  upd=13992  L=0.0395  D=1.062
[regir_norefil] 6:49:43  576,413/1,000,000  23.4/s  upd=14005  L=0.0169  D=1.062
[regir_norefil] 6:49:53  576,689/1,000,000  23.4/s  upd=14016  L=0.0152  D=1.062
[regir_norefil] 6:50:03  576,986/1,000,000  23.5/s  upd=14024  L=0.0148  D=1.062
[regir_norefil] 6:50:13  577,603/1,000,000  23.5/s  upd=14037  L=0.0146  D=1.062
[regir_norefil] 6:50:23  577,939/1,000,000  23.5/s  upd=14048  L=0.0200  D=1.062
[regir_norefil] 6:50:33  578,522/1,000,000  23.5/s  upd=14058  L=0.0166  D=1.062
[regir_norefil] 6:50:43  578,838/1,000,000  23.5/s  upd=14071  L=0.0263  D=1.062
[regir_norefil] 6:50:53  579,146/1,000,000  23.5/s  upd=14080  L=0.0186  D=1.062
[regir_norefil] 6:51:03  579,492/1,000,000  23.5/s  upd=14088  L=0.0167  D=1.062
[regir_norefil] 6:51:14  580,092/1,000,000  23.5/s  upd=14099  L=0.0189  D=1.062
[regir_norefil] saved resume t_env=580,092
[regir_norefil] 6:51:37  580,092/1,000,000  23.5/s  upd=14104  L=0.0219  ev=0/100  D=1.062
[regir_norefil] 6:51:47  580,092/1,000,000  23.5/s  upd=14104  L=0.0219  ev=24/100  D=1.062
[regir_norefil] 6:51:57  580,092/1,000,000  23.5/s  upd=14104  L=0.0219  ev=48/100  D=1.062
[regir_norefil] 6:52:07  580,092/1,000,000  23.5/s  upd=14104  L=0.0219  ev=72/100  D=1.062
[regir_norefil] 6:52:17  580,092/1,000,000  23.4/s  upd=14104  L=0.0219  ev=94/100  D=1.062
[regir_norefil] report refresh skipped: PermissionError
[regir_norefil] report refresh skipped: PermissionError
[regir_norefil] 6:52:27  580,395/1,000,000  23.5/s  upd=14107  L=0.0220  D=1.056
[regir_norefil] 6:52:37  580,654/1,000,000  23.5/s  upd=14120  L=0.0174  D=1.056
[regir_norefil] 6:52:48  581,225/1,000,000  23.5/s  upd=14129  L=0.0195  D=1.056
[regir_norefil] 6:52:58  581,546/1,000,000  23.5/s  upd=14139  L=0.0130  D=1.056
[regir_norefil] 6:53:09  581,822/1,000,000  23.5/s  upd=14152  L=0.0141  D=1.056
[regir_norefil] 6:53:19  582,397/1,000,000  23.5/s  upd=14161  L=0.0220  D=1.056
[regir_norefil] 6:53:29  582,682/1,000,000  23.5/s  upd=14176  L=0.0206  D=1.056
[regir_norefil] 6:53:39  583,007/1,000,000  23.5/s  upd=14184  L=0.0179  D=1.056
[regir_norefil] 6:53:49  583,684/1,000,000  23.5/s  upd=14195  L=0.0338  D=1.056
[regir_norefil] 6:53:59  583,990/1,000,000  23.5/s  upd=14208  L=0.0203  D=1.056
[regir_norefil] 6:54:09  584,644/1,000,000  23.5/s  upd=14217  L=0.0177  D=1.056
[regir_norefil] 6:54:20  584,937/1,000,000  23.5/s  upd=14230  L=0.0311  D=1.056
[regir_norefil] 6:54:30  585,236/1,000,000  23.5/s  upd=14240  L=0.0243  D=1.056
[regir_norefil] 6:54:40  585,510/1,000,000  23.5/s  upd=14248  L=0.0251  D=1.056
[regir_norefil] 6:54:50  585,790/1,000,000  23.5/s  upd=14256  L=0.0172  D=1.056
[regir_norefil] 6:55:00  586,404/1,000,000  23.5/s  upd=14268  L=0.0119  D=1.056
[regir_norefil] 6:55:10  586,728/1,000,000  23.6/s  upd=14280  L=0.0179  D=1.056
[regir_norefil] 6:55:20  587,040/1,000,000  23.6/s  upd=14288  L=0.0141  D=1.056
[regir_norefil] 6:55:30  587,744/1,000,000  23.6/s  upd=14299  L=0.0146  D=1.056
[regir_norefil] 6:55:40  588,059/1,000,000  23.6/s  upd=14312  L=0.0189  D=1.056
[regir_norefil] 6:55:50  588,622/1,000,000  23.6/s  upd=14321  L=0.0174  D=1.056
[regir_norefil] 6:56:00  588,870/1,000,000  23.6/s  upd=14335  L=0.0173  D=1.056
[regir_norefil] 6:56:11  589,409/1,000,000  23.6/s  upd=14345  L=0.0146  D=1.056
[regir_norefil] 6:56:21  589,683/1,000,000  23.6/s  upd=14358  L=0.0321  D=1.056
[regir_norefil] 6:56:31  589,995/1,000,000  23.6/s  upd=14368  L=0.0251  D=1.056
[regir_norefil] 6:56:41  590,275/1,000,000  23.6/s  upd=14376  L=0.0173  D=1.056
[regir_norefil] 6:56:51  590,844/1,000,000  23.6/s  upd=14390  L=0.0344  D=1.056
[regir_norefil] 6:57:01  591,157/1,000,000  23.6/s  upd=14400  L=0.0192  D=1.056
[regir_norefil] 6:57:11  591,769/1,000,000  23.6/s  upd=14409  L=0.0179  D=1.056
[regir_norefil] report refresh skipped: PermissionError
[regir_norefil] 6:57:21  592,043/1,000,000  23.6/s  upd=14424  L=0.0153  D=1.056
[regir_norefil] 6:57:32  592,714/1,000,000  23.7/s  upd=14438  L=0.0200  D=1.056
[regir_norefil] 6:57:42  593,316/1,000,000  23.7/s  upd=14450  L=0.0183  D=1.056
[regir_norefil] 6:57:52  593,906/1,000,000  23.7/s  upd=14465  L=0.0187  D=1.056
[regir_norefil] 6:58:02  594,491/1,000,000  23.7/s  upd=14481  L=0.0145  D=1.056
[regir_norefil] 6:58:12  594,800/1,000,000  23.7/s  upd=14496  L=0.0312  D=1.056
[regir_norefil] 6:58:22  595,120/1,000,000  23.7/s  upd=14504  L=0.0282  D=1.056
[regir_norefil] 6:58:33  595,424/1,000,000  23.7/s  upd=14512  L=0.0222  D=1.056
[regir_norefil] 6:58:43  595,727/1,000,000  23.7/s  upd=14520  L=0.0245  D=1.056
[regir_norefil] 6:58:53  596,062/1,000,000  23.7/s  upd=14528  L=0.0249  D=1.056
[regir_norefil] 6:59:03  596,347/1,000,000  23.7/s  upd=14536  L=0.0148  D=1.056
[regir_norefil] 6:59:13  596,947/1,000,000  23.7/s  upd=14547  L=0.0213  D=1.056
[regir_norefil] 6:59:24  597,305/1,000,000  23.7/s  upd=14558  L=0.0173  D=1.056
[regir_norefil] 6:59:34  597,618/1,000,000  23.7/s  upd=14567  L=0.0186  D=1.056
[regir_norefil] 6:59:44  597,911/1,000,000  23.7/s  upd=14576  L=0.0236  D=1.056
[regir_norefil] 6:59:55  598,493/1,000,000  23.8/s  upd=14585  L=0.0298  D=1.056
[regir_norefil] 7:00:05  598,775/1,000,000  23.8/s  upd=14598  L=0.0351  D=1.056
[regir_norefil] 7:00:15  599,054/1,000,000  23.8/s  upd=14606  L=0.0147  D=1.056
[regir_norefil] 7:00:25  599,337/1,000,000  23.8/s  upd=14616  L=0.0231  D=1.056
[regir_norefil] 7:00:35  599,879/1,000,000  23.8/s  upd=14630  L=0.0214  D=1.056
[regir_norefil] saved resume t_env=600,138
[regir_norefil] 7:01:04  600,138/1,000,000  23.8/s  upd=14640  L=0.0156  ev=0/100  D=1.056
[regir_norefil] 7:01:15  600,138/1,000,000  23.7/s  upd=14640  L=0.0156  ev=19/100  D=1.056
[regir_norefil] 7:01:25  600,138/1,000,000  23.7/s  upd=14640  L=0.0156  ev=39/100  D=1.056
[regir_norefil] 7:01:35  600,138/1,000,000  23.7/s  upd=14640  L=0.0156  ev=56/100  D=1.056
[regir_norefil] 7:01:45  600,138/1,000,000  23.7/s  upd=14640  L=0.0156  ev=72/100  D=1.056
[regir_norefil] 7:01:55  600,138/1,000,000  23.7/s  upd=14640  L=0.0156  ev=95/100  D=1.056
[regir_norefil] report refresh skipped: PermissionError
[regir_norefil] 7:02:05  600,442/1,000,000  23.7/s  upd=14648  L=0.0506  D=0.923
[regir_norefil] 7:02:15  600,733/1,000,000  23.7/s  upd=14656  L=0.0150  D=0.923
[regir_norefil] 7:02:26  601,265/1,000,000  23.7/s  upd=14666  L=0.0196  D=0.923
[regir_norefil] report refresh skipped: PermissionError
[regir_norefil] 7:02:36  601,545/1,000,000  23.7/s  upd=14679  L=0.0172  D=0.923
[regir_norefil] 7:02:47  602,068/1,000,000  23.7/s  upd=14690  L=0.0234  D=0.923
[regir_norefil] 7:02:57  602,308/1,000,000  23.7/s  upd=14704  L=0.0241  D=0.923
[regir_norefil] 7:03:07  602,645/1,000,000  23.7/s  upd=14712  L=0.0206  D=0.923
[regir_norefil] 7:03:17  602,952/1,000,000  23.7/s  upd=14720  L=0.0214  D=0.923
[regir_norefil] 7:03:27  603,521/1,000,000  23.8/s  upd=14734  L=0.0283  D=0.923
[regir_norefil] 7:03:37  604,138/1,000,000  23.8/s  upd=14745  L=0.0177  D=0.923
[regir_norefil] 7:03:48  604,474/1,000,000  23.8/s  upd=14755  L=0.0211  D=0.923
[regir_norefil] 7:03:58  605,037/1,000,000  23.8/s  upd=14769  L=0.0194  D=0.923
[regir_norefil] 7:04:08  605,319/1,000,000  23.8/s  upd=14784  L=0.0333  D=0.923
[regir_norefil] 7:04:18  605,630/1,000,000  23.8/s  upd=14792  L=0.0216  D=0.923
[regir_norefil] 7:04:28  605,922/1,000,000  23.8/s  upd=14800  L=0.0326  D=0.923
[regir_norefil] 7:04:39  606,530/1,000,000  23.8/s  upd=14811  L=0.0191  D=0.923
[regir_norefil] 7:04:50  606,807/1,000,000  23.8/s  upd=14821  L=0.0191  D=0.923
[regir_norefil] 7:05:00  607,149/1,000,000  23.8/s  upd=14832  L=0.0182  D=0.923
[regir_norefil] 7:05:11  607,741/1,000,000  23.8/s  upd=14842  L=0.0339  D=0.923
[regir_norefil] 7:05:21  608,124/1,000,000  23.8/s  upd=14855  L=0.0200  D=0.923
[regir_norefil] 7:05:31  608,447/1,000,000  23.8/s  upd=14864  L=0.0160  D=0.923
[regir_norefil] 7:05:41  608,719/1,000,000  23.8/s  upd=14872  L=0.0135  D=0.923
[regir_norefil] 7:05:51  609,358/1,000,000  23.8/s  upd=14883  L=0.0185  D=0.923
[regir_norefil] 7:06:02  609,639/1,000,000  23.8/s  upd=14892  L=0.0177  D=0.923
[regir_norefil] 7:06:12  609,934/1,000,000  23.9/s  upd=14898  L=0.0148  D=0.923
[regir_norefil] 7:06:22  610,218/1,000,000  23.9/s  upd=14910  L=0.0307  D=0.923
[regir_norefil] 7:06:32  610,550/1,000,000  23.9/s  upd=14920  L=0.0185  D=0.923
[regir_norefil] 7:06:42  610,863/1,000,000  23.9/s  upd=14928  L=0.0263  D=0.923
[regir_norefil] 7:06:53  611,443/1,000,000  23.9/s  upd=14938  L=0.0164  D=0.923
[regir_norefil] 7:07:03  611,709/1,000,000  23.9/s  upd=14952  L=0.0178  D=0.923
[regir_norefil] 7:07:13  612,227/1,000,000  23.9/s  upd=14963  L=0.0171  D=0.923
[regir_norefil] 7:07:24  612,530/1,000,000  23.9/s  upd=14972  L=0.0218  D=0.923
[regir_norefil] report refresh skipped: PermissionError
[regir_norefil] 7:07:34  612,817/1,000,000  23.9/s  upd=14984  L=0.0242  D=0.923
[regir_norefil] 7:07:44  613,367/1,000,000  23.9/s  upd=14995  L=0.0225  D=0.923
[regir_norefil] 7:07:55  613,643/1,000,000  23.9/s  upd=15006  L=0.0246  D=0.923
[regir_norefil] 7:08:05  613,902/1,000,000  23.9/s  upd=15016  L=0.0175  D=0.923
[regir_norefil] 7:08:15  614,501/1,000,000  23.9/s  upd=15028  L=0.0123  D=0.923
[regir_norefil] 7:08:25  615,089/1,000,000  23.9/s  upd=15044  L=0.0185  D=0.923
[regir_norefil] 7:08:36  615,666/1,000,000  23.9/s  upd=15057  L=0.0125  D=0.923
[regir_norefil] 7:08:46  616,039/1,000,000  23.9/s  upd=15072  L=0.0185  D=0.923
[regir_norefil] 7:08:56  616,612/1,000,000  24.0/s  upd=15088  L=0.0213  D=0.923
[regir_norefil] 7:09:06  616,921/1,000,000  24.0/s  upd=15096  L=0.0360  D=0.923
[regir_norefil] 7:09:16  617,545/1,000,000  24.0/s  upd=15109  L=0.0221  D=0.923
[regir_norefil] 7:09:26  617,826/1,000,000  24.0/s  upd=15120  L=0.0227  D=0.923
[regir_norefil] 7:09:36  618,365/1,000,000  24.0/s  upd=15130  L=0.0135  D=0.923
[regir_norefil] 7:09:47  618,678/1,000,000  24.0/s  upd=15141  L=0.0177  D=0.923
[regir_norefil] 7:09:57  618,970/1,000,000  24.0/s  upd=15152  L=0.0269  D=0.923
[regir_norefil] 7:10:07  619,251/1,000,000  24.0/s  upd=15160  L=0.0202  D=0.923
[regir_norefil] 7:10:17  619,842/1,000,000  24.0/s  upd=15169  L=0.0164  D=0.923
[regir_norefil] 7:10:27  620,110/1,000,000  24.0/s  upd=15177  L=0.0320  D=0.923
[regir_norefil] saved resume t_env=620,110
[regir_norefil] 7:10:53  620,110/1,000,000  24.0/s  upd=15184  L=0.0164  ev=0/100  D=0.923
[regir_norefil] 7:11:03  620,110/1,000,000  24.0/s  upd=15184  L=0.0164  ev=24/100  D=0.923
[regir_norefil] 7:11:13  620,110/1,000,000  24.0/s  upd=15184  L=0.0164  ev=55/100  D=0.923
[regir_norefil] 7:11:23  620,110/1,000,000  24.0/s  upd=15184  L=0.0164  ev=72/100  D=0.923
[regir_norefil] 7:11:34  620,110/1,000,000  23.9/s  upd=15184  L=0.0164  ev=93/100  D=0.923
[regir_norefil] report refresh skipped: PermissionError
[regir_norefil] 7:11:44  620,377/1,000,000  23.9/s  upd=15191  L=0.0331  D=0.474
[regir_norefil] 7:11:54  620,933/1,000,000  24.0/s  upd=15201  L=0.0297  D=0.474
[regir_norefil] 7:12:04  621,210/1,000,000  24.0/s  upd=15212  L=0.0186  D=0.474
[regir_norefil] 7:12:14  621,504/1,000,000  24.0/s  upd=15219  L=0.0302  D=0.474
[regir_norefil] 7:12:25  621,781/1,000,000  24.0/s  upd=15229  L=0.0184  D=0.474
[regir_norefil] 7:12:35  622,070/1,000,000  24.0/s  upd=15240  L=0.0189  D=0.474
[regir_norefil] report refresh skipped: PermissionError
[regir_norefil] 7:12:45  622,695/1,000,000  24.0/s  upd=15250  L=0.0223  D=0.474
[regir_norefil] 7:12:55  622,930/1,000,000  24.0/s  upd=15264  L=0.0277  D=0.474
[regir_norefil] 7:13:05  623,454/1,000,000  24.0/s  upd=15276  L=0.0124  D=0.474
[regir_norefil] 7:13:15  623,727/1,000,000  24.0/s  upd=15288  L=0.0197  D=0.474
[regir_norefil] 7:13:25  624,365/1,000,000  24.0/s  upd=15300  L=0.0151  D=0.474
[regir_norefil] 7:13:35  624,646/1,000,000  24.0/s  upd=15312  L=0.0210  D=0.474
[regir_norefil] 7:13:46  625,281/1,000,000  24.0/s  upd=15325  L=0.0220  D=0.474
[regir_norefil] 7:13:56  625,597/1,000,000  24.0/s  upd=15336  L=0.0220  D=0.474
[regir_norefil] 7:14:06  626,176/1,000,000  24.0/s  upd=15345  L=0.0219  D=0.474
[regir_norefil] 7:14:17  626,434/1,000,000  24.0/s  upd=15358  L=0.0194  D=0.474
[regir_norefil] 7:14:27  626,769/1,000,000  24.0/s  upd=15368  L=0.0172  D=0.474
[regir_norefil] 7:14:38  627,309/1,000,000  24.1/s  upd=15380  L=0.0143  D=0.474
[regir_norefil] 7:14:48  627,571/1,000,000  24.1/s  upd=15392  L=0.0194  D=0.474
[regir_norefil] 7:14:58  627,862/1,000,000  24.1/s  upd=15400  L=0.0152  D=0.474
[regir_norefil] 7:15:08  628,176/1,000,000  24.1/s  upd=15408  L=0.0217  D=0.474
[regir_norefil] 7:15:18  628,720/1,000,000  24.1/s  upd=15419  L=0.0145  D=0.474
[regir_norefil] 7:15:28  629,017/1,000,000  24.1/s  upd=15432  L=0.0160  D=0.474
[regir_norefil] 7:15:38  629,284/1,000,000  24.1/s  upd=15440  L=0.0145  D=0.474
[regir_norefil] 7:15:48  629,876/1,000,000  24.1/s  upd=15452  L=0.0226  D=0.474
[regir_norefil] 7:15:59  630,156/1,000,000  24.1/s  upd=15464  L=0.0242  D=0.474
[regir_norefil] 7:16:09  630,500/1,000,000  24.1/s  upd=15472  L=0.0352  D=0.474
[regir_norefil] 7:16:19  631,030/1,000,000  24.1/s  upd=15481  L=0.0138  D=0.474
[regir_norefil] 7:16:30  631,321/1,000,000  24.1/s  upd=15493  L=0.0247  D=0.474
[regir_norefil] 7:16:40  631,617/1,000,000  24.1/s  upd=15504  L=0.0179  D=0.474
[regir_norefil] 7:16:51  632,226/1,000,000  24.1/s  upd=15519  L=0.0268  D=0.474
[regir_norefil] 7:17:01  632,529/1,000,000  24.1/s  upd=15528  L=0.0356  D=0.474
[regir_norefil] 7:17:11  632,823/1,000,000  24.1/s  upd=15536  L=0.0148  D=0.474
[regir_norefil] 7:17:21  633,098/1,000,000  24.1/s  upd=15544  L=0.0198  D=0.474
[regir_norefil] 7:17:31  633,625/1,000,000  24.1/s  upd=15555  L=0.0186  D=0.474
[regir_norefil] 7:17:41  633,876/1,000,000  24.1/s  upd=15568  L=0.0331  D=0.474
[regir_norefil] report refresh skipped: PermissionError
[regir_norefil] 7:17:52  634,543/1,000,000  24.2/s  upd=15577  L=0.0192  D=0.474
[regir_norefil] 7:18:02  634,793/1,000,000  24.2/s  upd=15589  L=0.0133  D=0.474
[regir_norefil] 7:18:12  635,094/1,000,000  24.2/s  upd=15597  L=0.0345  D=0.474
[regir_norefil] 7:18:22  635,592/1,000,000  24.2/s  upd=15609  L=0.0176  D=0.474
[regir_norefil] 7:18:32  635,592/1,000,000  24.2/s  upd=15616  L=0.0163  D=0.474
[regir_norefil] 7:18:43  636,239/1,000,000  24.2/s  upd=15625  L=0.0220  D=0.474
[regir_norefil] 7:18:53  636,806/1,000,000  24.2/s  upd=15641  L=0.0263  D=0.474
[regir_norefil] 7:19:03  637,100/1,000,000  24.2/s  upd=15656  L=0.0382  D=0.474
[regir_norefil] 7:19:13  637,690/1,000,000  24.2/s  upd=15669  L=0.0222  D=0.474
[regir_norefil] 7:19:24  638,355/1,000,000  24.2/s  upd=15682  L=0.0212  D=0.474
[regir_norefil] 7:19:34  638,918/1,000,000  24.2/s  upd=15698  L=0.0301  D=0.474
[regir_norefil] 7:19:44  639,196/1,000,000  24.2/s  upd=15712  L=0.0129  D=0.474
[regir_norefil] 7:19:54  639,541/1,000,000  24.2/s  upd=15720  L=0.0212  D=0.474
[regir_norefil] 7:20:04  639,795/1,000,000  24.2/s  upd=15728  L=0.0249  D=0.474
[regir_norefil] saved resume t_env=640,157
[regir_norefil] 7:20:31  640,157/1,000,000  24.2/s  upd=15736  L=0.0283  ev=0/100  D=0.474
[regir_norefil] 7:20:41  640,157/1,000,000  24.2/s  upd=15736  L=0.0283  ev=23/100  D=0.474
[regir_norefil] 7:20:51  640,157/1,000,000  24.2/s  upd=15736  L=0.0283  ev=40/100  D=0.474
[regir_norefil] 7:21:01  640,157/1,000,000  24.2/s  upd=15736  L=0.0283  ev=64/100  D=0.474
[regir_norefil] 7:21:11  640,157/1,000,000  24.2/s  upd=15736  L=0.0283  ev=90/100  D=0.474
[regir_norefil] report refresh skipped: PermissionError
[regir_norefil] 7:21:21  640,474/1,000,000  24.2/s  upd=15737  L=0.0248  D=0.688
[regir_norefil] 7:21:31  640,761/1,000,000  24.2/s  upd=15751  L=0.0193  D=0.688
[regir_norefil] 7:21:41  641,069/1,000,000  24.2/s  upd=15760  L=0.0163  D=0.688
[regir_norefil] 7:21:51  641,600/1,000,000  24.2/s  upd=15770  L=0.0174  D=0.688
[regir_norefil] 7:22:02  642,007/1,000,000  24.2/s  upd=15780  L=0.0295  D=0.688
[regir_norefil] 7:22:12  642,570/1,000,000  24.2/s  upd=15794  L=0.0155  D=0.688
[regir_norefil] 7:22:22  643,126/1,000,000  24.2/s  upd=15809  L=0.0346  D=0.688
[regir_norefil] 7:22:33  643,446/1,000,000  24.2/s  upd=15824  L=0.0211  D=0.688
[regir_norefil] 7:22:43  644,026/1,000,000  24.2/s  upd=15837  L=0.0191  D=0.688
[regir_norefil] report refresh skipped: PermissionError
[regir_norefil] 7:22:53  644,323/1,000,000  24.2/s  upd=15848  L=0.0132  D=0.688
[regir_norefil] 7:23:03  644,901/1,000,000  24.3/s  upd=15859  L=0.0181  D=0.688
[regir_norefil] 7:23:13  645,184/1,000,000  24.3/s  upd=15872  L=0.0174  D=0.688
[regir_norefil] 7:23:24  645,453/1,000,000  24.3/s  upd=15880  L=0.0198  D=0.688
[regir_norefil] 7:23:34  645,769/1,000,000  24.3/s  upd=15888  L=0.0216  D=0.688
[regir_norefil] 7:23:44  646,331/1,000,000  24.3/s  upd=15901  L=0.0113  D=0.688
[regir_norefil] 7:23:54  646,674/1,000,000  24.3/s  upd=15908  L=0.0198  D=0.688
[regir_norefil] 7:24:04  647,002/1,000,000  24.3/s  upd=15920  L=0.0118  D=0.688
[regir_norefil] 7:24:15  647,314/1,000,000  24.3/s  upd=15928  L=0.0171  D=0.688
[regir_norefil] 7:24:25  647,602/1,000,000  24.3/s  upd=15936  L=0.0197  D=0.688
[regir_norefil] 7:24:35  648,210/1,000,000  24.3/s  upd=15947  L=0.0162  D=0.688
[regir_norefil] 7:24:45  648,480/1,000,000  24.3/s  upd=15960  L=0.0124  D=0.688
[regir_norefil] 7:24:56  649,042/1,000,000  24.3/s  upd=15970  L=0.0213  D=0.688
[regir_norefil] 7:25:06  649,328/1,000,000  24.3/s  upd=15982  L=0.0212  D=0.688
[regir_norefil] 7:25:16  649,621/1,000,000  24.3/s  upd=15992  L=0.0314  D=0.688
[regir_norefil] 7:25:26  649,910/1,000,000  24.3/s  upd=16000  L=0.0203  D=0.688
[regir_norefil] 7:25:36  650,174/1,000,000  24.3/s  upd=16008  L=0.0197  D=0.688
[regir_norefil] 7:25:47  650,789/1,000,000  24.3/s  upd=16019  L=0.0238  D=0.688
[regir_norefil] 7:25:58  651,139/1,000,000  24.3/s  upd=16026  L=0.0184  D=0.688
[regir_norefil] 7:26:08  651,408/1,000,000  24.3/s  upd=16038  L=0.0169  D=0.688
[regir_norefil] 7:26:18  651,698/1,000,000  24.3/s  upd=16048  L=0.0202  D=0.688
[regir_norefil] 7:26:28  652,009/1,000,000  24.3/s  upd=16056  L=0.0161  D=0.688
[regir_norefil] 7:26:39  652,560/1,000,000  24.4/s  upd=16068  L=0.0263  D=0.688
[regir_norefil] 7:26:49  652,848/1,000,000  24.4/s  upd=16080  L=0.0121  D=0.688
[regir_norefil] 7:26:59  653,419/1,000,000  24.4/s  upd=16089  L=0.0149  D=0.688
[regir_norefil] 7:27:09  653,728/1,000,000  24.4/s  upd=16099  L=0.0177  D=0.688
[regir_norefil] 7:27:19  654,017/1,000,000  24.4/s  upd=16110  L=0.0193  D=0.688
[regir_norefil] 7:27:30  654,298/1,000,000  24.4/s  upd=16120  L=0.0183  D=0.688
[regir_norefil] 7:27:40  654,607/1,000,000  24.4/s  upd=16128  L=0.0190  D=0.688
[regir_norefil] 7:27:50  654,914/1,000,000  24.4/s  upd=16136  L=0.0179  D=0.688
[regir_norefil] report refresh skipped: PermissionError
[regir_norefil] 7:28:00  655,494/1,000,000  24.4/s  upd=16147  L=0.0149  D=0.688
[regir_norefil] 7:28:10  655,815/1,000,000  24.4/s  upd=16158  L=0.0172  D=0.688
[regir_norefil] 7:28:20  656,148/1,000,000  24.4/s  upd=16168  L=0.0244  D=0.688
[regir_norefil] 7:28:30  656,473/1,000,000  24.4/s  upd=16176  L=0.0175  D=0.688
[regir_norefil] 7:28:40  656,758/1,000,000  24.4/s  upd=16184  L=0.0210  D=0.688
[regir_norefil] 7:28:51  657,384/1,000,000  24.4/s  upd=16198  L=0.0182  D=0.688
[regir_norefil] 7:29:01  657,986/1,000,000  24.4/s  upd=16213  L=0.0319  D=0.688
[regir_norefil] 7:29:11  658,537/1,000,000  24.4/s  upd=16228  L=0.0151  D=0.688
[regir_norefil] 7:29:21  659,099/1,000,000  24.4/s  upd=16243  L=0.0177  D=0.688
[regir_norefil] 7:29:31  659,700/1,000,000  24.5/s  upd=16258  L=0.0259  D=0.688
[regir_norefil] 7:29:41  659,972/1,000,000  24.5/s  upd=16272  L=0.0198  D=0.688
[regir_norefil] saved resume t_env=660,301
[regir_norefil] 7:30:11  660,301/1,000,000  24.4/s  upd=16280  L=0.0152  ev=0/100  D=0.688
[regir_norefil] 7:30:21  660,301/1,000,000  24.4/s  upd=16280  L=0.0152  ev=23/100  D=0.688
[regir_norefil] 7:30:31  660,301/1,000,000  24.4/s  upd=16280  L=0.0152  ev=48/100  D=0.688
[regir_norefil] 7:30:41  660,301/1,000,000  24.4/s  upd=16280  L=0.0152  ev=71/100  D=0.688
[regir_norefil] 7:30:51  660,301/1,000,000  24.4/s  upd=16280  L=0.0152  ev=88/100  D=0.688
[regir_norefil] report refresh skipped: PermissionError
[regir_norefil] 7:31:01  660,609/1,000,000  24.4/s  upd=16281  L=0.0215  D=0.565
[regir_norefil] 7:31:12  660,899/1,000,000  24.4/s  upd=16291  L=0.0311  D=0.565
[regir_norefil] 7:31:22  661,176/1,000,000  24.4/s  upd=16304  L=0.0208  D=0.565
[regir_norefil] 7:31:32  661,739/1,000,000  24.4/s  upd=16318  L=0.0165  D=0.565
[regir_norefil] 7:31:43  662,335/1,000,000  24.4/s  upd=16329  L=0.0203  D=0.565
[regir_norefil] 7:31:53  662,623/1,000,000  24.4/s  upd=16343  L=0.0189  D=0.565
[regir_norefil] 7:32:03  662,913/1,000,000  24.4/s  upd=16352  L=0.0246  D=0.565
[regir_norefil] 7:32:13  663,492/1,000,000  24.5/s  upd=16368  L=0.0146  D=0.565
[regir_norefil] 7:32:23  663,747/1,000,000  24.5/s  upd=16376  L=0.0164  D=0.565
[regir_norefil] 7:32:33  664,306/1,000,000  24.5/s  upd=16385  L=0.0159  D=0.565
[regir_norefil] 7:32:43  664,553/1,000,000  24.5/s  upd=16399  L=0.0428  D=0.565
[regir_norefil] 7:32:53  664,834/1,000,000  24.5/s  upd=16408  L=0.0224  D=0.565
[regir_norefil] report refresh skipped: PermissionError
[regir_norefil] 7:33:03  665,162/1,000,000  24.5/s  upd=16416  L=0.0168  D=0.565
[regir_norefil] 7:33:13  665,742/1,000,000  24.5/s  upd=16425  L=0.0168  D=0.565
[regir_norefil] 7:33:24  666,054/1,000,000  24.5/s  upd=16437  L=0.0155  D=0.565
[regir_norefil] 7:33:34  666,347/1,000,000  24.5/s  upd=16448  L=0.0121  D=0.565
[regir_norefil] 7:33:44  666,650/1,000,000  24.5/s  upd=16456  L=0.0263  D=0.565
[regir_norefil] 7:33:54  667,020/1,000,000  24.5/s  upd=16464  L=0.0140  D=0.565
[regir_norefil] 7:34:05  667,599/1,000,000  24.5/s  upd=16475  L=0.0153  D=0.565
[regir_norefil] 7:34:15  667,875/1,000,000  24.5/s  upd=16486  L=0.0279  D=0.565
[regir_norefil] 7:34:25  668,189/1,000,000  24.5/s  upd=16496  L=0.0169  D=0.565
[regir_norefil] 7:34:36  668,777/1,000,000  24.5/s  upd=16505  L=0.0169  D=0.565
[regir_norefil] 7:34:46  669,047/1,000,000  24.5/s  upd=16516  L=0.0208  D=0.565
[regir_norefil] 7:34:56  669,319/1,000,000  24.5/s  upd=16528  L=0.0136  D=0.565
[regir_norefil] 7:35:06  669,632/1,000,000  24.5/s  upd=16536  L=0.0154  D=0.565
[regir_norefil] 7:35:17  670,152/1,000,000  24.5/s  upd=16547  L=0.0230  D=0.565
[regir_norefil] 7:35:27  670,427/1,000,000  24.5/s  upd=16558  L=0.0141  D=0.565
[regir_norefil] 7:35:38  670,696/1,000,000  24.5/s  upd=16566  L=0.0211  D=0.565
[regir_norefil] 7:35:48  670,949/1,000,000  24.5/s  upd=16576  L=0.0146  D=0.565
[regir_norefil] 7:35:59  671,514/1,000,000  24.5/s  upd=16585  L=0.0187  D=0.565
[regir_norefil] 7:36:09  671,805/1,000,000  24.5/s  upd=16595  L=0.0147  D=0.565
[regir_norefil] 7:36:19  672,121/1,000,000  24.5/s  upd=16602  L=0.0199  D=0.565
[regir_norefil] 7:36:29  672,439/1,000,000  24.6/s  upd=16613  L=0.0360  D=0.565
[regir_norefil] 7:36:39  672,742/1,000,000  24.6/s  upd=16623  L=0.0112  D=0.565
[regir_norefil] 7:36:49  673,047/1,000,000  24.6/s  upd=16632  L=0.0136  D=0.565
[regir_norefil] 7:37:00  673,687/1,000,000  24.6/s  upd=16641  L=0.0129  D=0.565
[regir_norefil] 7:37:10  673,956/1,000,000  24.6/s  upd=16655  L=0.0185  D=0.565
[regir_norefil] 7:37:20  674,254/1,000,000  24.6/s  upd=16664  L=0.0117  D=0.565
[regir_norefil] 7:37:30  674,563/1,000,000  24.6/s  upd=16672  L=0.0202  D=0.565
[regir_norefil] 7:37:41  675,097/1,000,000  24.6/s  upd=16686  L=0.0122  D=0.565
[regir_norefil] 7:37:51  675,393/1,000,000  24.6/s  upd=16696  L=0.0232  D=0.565
[regir_norefil] 7:38:01  675,669/1,000,000  24.6/s  upd=16704  L=0.0222  D=0.565
[regir_norefil] report refresh skipped: PermissionError
[regir_norefil] 7:38:11  675,934/1,000,000  24.6/s  upd=16712  L=0.0144  D=0.565
[regir_norefil] 7:38:21  676,213/1,000,000  24.6/s  upd=16720  L=0.0137  D=0.565
[regir_norefil] 7:38:31  676,810/1,000,000  24.6/s  upd=16733  L=0.0333  D=0.565
[regir_norefil] 7:38:41  677,363/1,000,000  24.6/s  upd=16746  L=0.0211  D=0.565
[regir_norefil] 7:38:52  677,977/1,000,000  24.6/s  upd=16763  L=0.0175  D=0.565
[regir_norefil] 7:39:02  678,571/1,000,000  24.6/s  upd=16778  L=0.0177  D=0.565
[regir_norefil] 7:39:12  678,934/1,000,000  24.6/s  upd=16792  L=0.0190  D=0.565
[regir_norefil] 7:39:22  679,451/1,000,000  24.7/s  upd=16808  L=0.0153  D=0.565
[regir_norefil] 7:39:32  679,700/1,000,000  24.7/s  upd=16816  L=0.0201  D=0.565
[regir_norefil] saved resume t_env=680,038
[regir_norefil] 7:40:00  680,038/1,000,000  24.6/s  upd=16824  L=0.0148  ev=0/100  D=0.565
[regir_norefil] 7:40:10  680,038/1,000,000  24.6/s  upd=16824  L=0.0148  ev=24/100  D=0.565
[regir_norefil] 7:40:20  680,038/1,000,000  24.6/s  upd=16824  L=0.0148  ev=49/100  D=0.565
[regir_norefil] 7:40:30  680,038/1,000,000  24.6/s  upd=16824  L=0.0148  ev=72/100  D=0.565
[regir_norefil] 7:40:40  680,038/1,000,000  24.6/s  upd=16824  L=0.0148  ev=96/100  D=0.565
[regir_norefil] report refresh skipped: PermissionError
[regir_norefil] 7:40:50  680,593/1,000,000  24.6/s  upd=16834  L=0.0265  D=0.705
[regir_norefil] 7:41:01  680,964/1,000,000  24.6/s  upd=16847  L=0.0166  D=0.705
[regir_norefil] 7:41:11  681,506/1,000,000  24.6/s  upd=16857  L=0.0180  D=0.705
[regir_norefil] 7:41:21  681,798/1,000,000  24.6/s  upd=16872  L=0.0177  D=0.705
[regir_norefil] 7:41:31  682,132/1,000,000  24.6/s  upd=16880  L=0.0171  D=0.705
[regir_norefil] 7:41:42  682,716/1,000,000  24.6/s  upd=16890  L=0.0169  D=0.705
[regir_norefil] 7:41:52  682,994/1,000,000  24.6/s  upd=16904  L=0.0136  D=0.705
[regir_norefil] 7:42:02  683,307/1,000,000  24.6/s  upd=16912  L=0.0173  D=0.705
[regir_norefil] 7:42:13  683,866/1,000,000  24.7/s  upd=16921  L=0.0148  D=0.705
[regir_norefil] 7:42:23  684,198/1,000,000  24.7/s  upd=16933  L=0.0185  D=0.705
[regir_norefil] 7:42:34  684,501/1,000,000  24.7/s  upd=16944  L=0.0157  D=0.705
[regir_norefil] 7:42:44  684,744/1,000,000  24.7/s  upd=16952  L=0.0177  D=0.705
[regir_norefil] 7:42:54  685,311/1,000,000  24.7/s  upd=16961  L=0.0148  D=0.705
[regir_norefil] 7:43:05  685,576/1,000,000  24.7/s  upd=16974  L=0.0178  D=0.705
[regir_norefil] report refresh skipped: PermissionError
[regir_norefil] 7:43:15  686,153/1,000,000  24.7/s  upd=16986  L=0.0197  D=0.705
[regir_norefil] 7:43:25  686,431/1,000,000  24.7/s  upd=17000  L=0.0157  D=0.705
[regir_norefil] 7:43:35  687,045/1,000,000  24.7/s  upd=17011  L=0.0150  D=0.705
[regir_norefil] 7:43:45  687,313/1,000,000  24.7/s  upd=17023  L=0.0118  D=0.705
[regir_norefil] 7:43:55  687,584/1,000,000  24.7/s  upd=17032  L=0.0129  D=0.705
[regir_norefil] 7:44:06  688,144/1,000,000  24.7/s  upd=17041  L=0.0248  D=0.705
[regir_norefil] 7:44:16  688,415/1,000,000  24.7/s  upd=17056  L=0.0170  D=0.705
[regir_norefil] 7:44:26  688,725/1,000,000  24.7/s  upd=17064  L=0.0268  D=0.705
[regir_norefil] 7:44:37  689,295/1,000,000  24.7/s  upd=17076  L=0.0182  D=0.705
[regir_norefil] 7:44:47  689,561/1,000,000  24.7/s  upd=17088  L=0.0157  D=0.705
[regir_norefil] 7:44:57  689,839/1,000,000  24.7/s  upd=17096  L=0.0195  D=0.705
[regir_norefil] 7:45:07  690,147/1,000,000  24.7/s  upd=17104  L=0.0185  D=0.705
[regir_norefil] 7:45:17  690,400/1,000,000  24.7/s  upd=17112  L=0.0227  D=0.705
[regir_norefil] 7:45:27  690,708/1,000,000  24.7/s  upd=17120  L=0.0200  D=0.705
[regir_norefil] 7:45:38  691,298/1,000,000  24.7/s  upd=17131  L=0.0143  D=0.705
[regir_norefil] 7:45:48  691,580/1,000,000  24.7/s  upd=17143  L=0.0172  D=0.705
[regir_norefil] 7:45:58  691,856/1,000,000  24.7/s  upd=17152  L=0.0154  D=0.705
[regir_norefil] 7:46:08  692,176/1,000,000  24.7/s  upd=17160  L=0.0162  D=0.705
[regir_norefil] 7:46:18  692,671/1,000,000  24.8/s  upd=17176  L=0.0242  D=0.705
[regir_norefil] 7:46:29  693,223/1,000,000  24.8/s  upd=17187  L=0.0179  D=0.705
[regir_norefil] 7:46:39  693,519/1,000,000  24.8/s  upd=17200  L=0.0118  D=0.705
[regir_norefil] 7:46:49  693,781/1,000,000  24.8/s  upd=17208  L=0.0132  D=0.705
[regir_norefil] 7:46:59  694,366/1,000,000  24.8/s  upd=17220  L=0.0138  D=0.705
[regir_norefil] 7:47:09  694,658/1,000,000  24.8/s  upd=17230  L=0.0149  D=0.705
[regir_norefil] 7:47:19  694,988/1,000,000  24.8/s  upd=17240  L=0.0164  D=0.705
[regir_norefil] 7:47:29  695,480/1,000,000  24.8/s  upd=17249  L=0.0141  D=0.705
[regir_norefil] 7:47:40  695,750/1,000,000  24.8/s  upd=17262  L=0.0138  D=0.705
[regir_norefil] 7:47:50  696,060/1,000,000  24.8/s  upd=17272  L=0.0147  D=0.705
[regir_norefil] 7:48:00  696,619/1,000,000  24.8/s  upd=17281  L=0.0141  D=0.705
[regir_norefil] 7:48:11  696,893/1,000,000  24.8/s  upd=17296  L=0.0116  D=0.705
[regir_norefil] report refresh skipped: PermissionError
[regir_norefil] 7:48:21  697,184/1,000,000  24.8/s  upd=17304  L=0.0109  D=0.705
[regir_norefil] 7:48:31  697,745/1,000,000  24.8/s  upd=17320  L=0.0139  D=0.705
[regir_norefil] 7:48:41  698,319/1,000,000  24.8/s  upd=17335  L=0.0136  D=0.705
[regir_norefil] 7:48:52  698,899/1,000,000  24.8/s  upd=17346  L=0.0179  D=0.705
[regir_norefil] 7:49:02  699,181/1,000,000  24.8/s  upd=17360  L=0.0153  D=0.705
[regir_norefil] 7:49:12  699,742/1,000,000  24.9/s  upd=17373  L=0.0117  D=0.705
[regir_norefil] saved resume t_env=700,052
[regir_norefil] 7:49:42  700,052/1,000,000  24.8/s  upd=17384  L=0.0163  ev=0/100  D=0.705
[regir_norefil] 7:49:52  700,052/1,000,000  24.8/s  upd=17384  L=0.0163  ev=47/100  D=0.705
[regir_norefil] 7:50:02  700,052/1,000,000  24.8/s  upd=17384  L=0.0163  ev=87/100  D=0.705
[regir_norefil] report refresh skipped: PermissionError
[regir_norefil] 7:50:12  700,341/1,000,000  24.8/s  upd=17392  L=0.0108  D=0.798
[regir_norefil] 7:50:23  700,964/1,000,000  24.8/s  upd=17402  L=0.0199  D=0.798
[regir_norefil] 7:50:33  701,219/1,000,000  24.8/s  upd=17416  L=0.0232  D=0.798
[regir_norefil] 7:50:43  701,756/1,000,000  24.8/s  upd=17430  L=0.0106  D=0.798
[regir_norefil] 7:50:53  702,021/1,000,000  24.8/s  upd=17440  L=0.0177  D=0.798
[regir_norefil] 7:51:03  702,574/1,000,000  24.9/s  upd=17451  L=0.0107  D=0.798
[regir_norefil] 7:51:13  702,844/1,000,000  24.9/s  upd=17464  L=0.0238  D=0.798
[regir_norefil] 7:51:24  703,488/1,000,000  24.9/s  upd=17473  L=0.0256  D=0.798
[regir_norefil] 7:51:34  703,789/1,000,000  24.9/s  upd=17485  L=0.0186  D=0.798
[regir_norefil] 7:51:44  704,119/1,000,000  24.9/s  upd=17493  L=0.0106  D=0.798
[regir_norefil] 7:51:55  704,419/1,000,000  24.9/s  upd=17503  L=0.0155  D=0.798
[regir_norefil] 7:52:06  704,972/1,000,000  24.9/s  upd=17516  L=0.0125  D=0.798
[regir_norefil] 7:52:16  705,229/1,000,000  24.9/s  upd=17527  L=0.0154  D=0.798
[regir_norefil] 7:52:27  705,793/1,000,000  24.9/s  upd=17539  L=0.0157  D=0.798
[regir_norefil] 7:52:38  706,088/1,000,000  24.9/s  upd=17551  L=0.0121  D=0.798
[regir_norefil] 7:52:48  706,351/1,000,000  24.9/s  upd=17560  L=0.0107  D=0.798
[regir_norefil] 7:52:58  706,591/1,000,000  24.9/s  upd=17568  L=0.0143  D=0.798
[regir_norefil] 7:53:08  707,169/1,000,000  24.9/s  upd=17578  L=0.0127  D=0.798
[regir_norefil] report refresh skipped: PermissionError
[regir_norefil] 7:53:19  707,515/1,000,000  24.9/s  upd=17589  L=0.0148  D=0.798
[regir_norefil] 7:53:29  707,800/1,000,000  24.9/s  upd=17600  L=0.0101  D=0.798
[regir_norefil] 7:53:39  708,314/1,000,000  24.9/s  upd=17611  L=0.0152  D=0.798
[regir_norefil] 7:53:49  708,630/1,000,000  24.9/s  upd=17624  L=0.0142  D=0.798
[regir_norefil] 7:53:59  708,869/1,000,000  24.9/s  upd=17632  L=0.0179  D=0.798
[regir_norefil] 7:54:09  709,131/1,000,000  24.9/s  upd=17640  L=0.0187  D=0.798
[regir_norefil] 7:54:20  709,645/1,000,000  24.9/s  upd=17651  L=0.0116  D=0.798
[regir_norefil] 7:54:31  709,895/1,000,000  24.9/s  upd=17662  L=0.0139  D=0.798
[regir_norefil] 7:54:41  710,161/1,000,000  24.9/s  upd=17672  L=0.0354  D=0.798
[regir_norefil] 7:54:51  710,391/1,000,000  24.9/s  upd=17680  L=0.0118  D=0.798
[regir_norefil] 7:55:01  710,641/1,000,000  24.9/s  upd=17688  L=0.0145  D=0.798
[regir_norefil] 7:55:11  711,241/1,000,000  24.9/s  upd=17701  L=0.0133  D=0.798
[regir_norefil] 7:55:22  711,566/1,000,000  24.9/s  upd=17712  L=0.0133  D=0.798
[regir_norefil] 7:55:32  711,821/1,000,000  24.9/s  upd=17720  L=0.0144  D=0.798
[regir_norefil] 7:55:42  712,346/1,000,000  25.0/s  upd=17731  L=0.0174  D=0.798
[regir_norefil] 7:55:52  712,615/1,000,000  25.0/s  upd=17744  L=0.0105  D=0.798
[regir_norefil] 7:56:02  712,898/1,000,000  25.0/s  upd=17752  L=0.0123  D=0.798
[regir_norefil] 7:56:12  713,449/1,000,000  25.0/s  upd=17764  L=0.0140  D=0.798
[regir_norefil] 7:56:23  713,727/1,000,000  25.0/s  upd=17776  L=0.0195  D=0.798
[regir_norefil] 7:56:33  714,301/1,000,000  25.0/s  upd=17787  L=0.0133  D=0.798
[regir_norefil] 7:56:43  714,590/1,000,000  25.0/s  upd=17799  L=0.0126  D=0.798
[regir_norefil] 7:56:53  714,867/1,000,000  25.0/s  upd=17808  L=0.0108  D=0.798
[regir_norefil] 7:57:03  715,165/1,000,000  25.0/s  upd=17816  L=0.0103  D=0.798
[regir_norefil] 7:57:13  715,719/1,000,000  25.0/s  upd=17827  L=0.0127  D=0.798
[regir_norefil] 7:57:24  715,971/1,000,000  25.0/s  upd=17836  L=0.0146  D=0.798
[regir_norefil] 7:57:34  716,255/1,000,000  25.0/s  upd=17845  L=0.0229  D=0.798
[regir_norefil] 7:57:45  716,533/1,000,000  25.0/s  upd=17856  L=0.0118  D=0.798
[regir_norefil] 7:57:55  716,822/1,000,000  25.0/s  upd=17864  L=0.0125  D=0.798
[regir_norefil] 7:58:05  717,410/1,000,000  25.0/s  upd=17879  L=0.0172  D=0.798
[regir_norefil] 7:58:15  718,048/1,000,000  25.0/s  upd=17895  L=0.0171  D=0.798
[regir_norefil] report refresh skipped: PermissionError
[regir_norefil] 7:58:26  718,726/1,000,000  25.0/s  upd=17908  L=0.0140  D=0.798
[regir_norefil] 7:58:36  719,096/1,000,000  25.0/s  upd=17920  L=0.0120  D=0.798
[regir_norefil] 7:58:46  719,746/1,000,000  25.1/s  upd=17935  L=0.0186  D=0.798
[regir_norefil] saved resume t_env=720,057
[regir_norefil] 7:59:14  720,057/1,000,000  25.0/s  upd=17944  L=0.0104  ev=0/100  D=0.798
[regir_norefil] 7:59:24  720,057/1,000,000  25.0/s  upd=17944  L=0.0104  ev=40/100  D=0.798
[regir_norefil] 7:59:34  720,057/1,000,000  25.0/s  upd=17944  L=0.0104  ev=73/100  D=0.798
[regir_norefil] report refresh skipped: PermissionError
[regir_norefil] 7:59:44  720,057/1,000,000  25.0/s  upd=17944  L=0.0104  D=0.733
[regir_norefil] 7:59:54  720,582/1,000,000  25.0/s  upd=17959  L=0.0271  D=0.733
[regir_norefil] 8:00:04  720,936/1,000,000  25.0/s  upd=17968  L=0.0090  D=0.733
[regir_norefil] 8:00:14  721,239/1,000,000  25.0/s  upd=17976  L=0.0112  D=0.733
[regir_norefil] 8:00:24  721,533/1,000,000  25.0/s  upd=17984  L=0.0123  D=0.733
[regir_norefil] 8:00:35  722,076/1,000,000  25.0/s  upd=17994  L=0.0111  D=0.733
[regir_norefil] 8:00:45  722,359/1,000,000  25.0/s  upd=18005  L=0.0134  D=0.733
[regir_norefil] 8:00:55  722,627/1,000,000  25.0/s  upd=18016  L=0.0127  D=0.733
[regir_norefil] 8:01:05  722,931/1,000,000  25.0/s  upd=18024  L=0.0095  D=0.733
[regir_norefil] 8:01:15  723,522/1,000,000  25.1/s  upd=18033  L=0.0144  D=0.733
[regir_norefil] 8:01:26  723,782/1,000,000  25.1/s  upd=18046  L=0.0108  D=0.733
[regir_norefil] 8:01:36  724,076/1,000,000  25.1/s  upd=18056  L=0.0134  D=0.733
[regir_norefil] 8:01:46  724,416/1,000,000  25.1/s  upd=18064  L=0.0252  D=0.733
[regir_norefil] 8:01:56  725,088/1,000,000  25.1/s  upd=18076  L=0.0168  D=0.733
[regir_norefil] 8:02:06  725,348/1,000,000  25.1/s  upd=18088  L=0.0183  D=0.733
[regir_norefil] 8:02:16  725,692/1,000,000  25.1/s  upd=18096  L=0.0102  D=0.733
[regir_norefil] 8:02:26  726,011/1,000,000  25.1/s  upd=18104  L=0.0111  D=0.733
[regir_norefil] 8:02:36  726,337/1,000,000  25.1/s  upd=18112  L=0.0107  D=0.733
[regir_norefil] 8:02:46  726,616/1,000,000  25.1/s  upd=18120  L=0.0152  D=0.733
[regir_norefil] 8:02:57  727,179/1,000,000  25.1/s  upd=18133  L=0.0109  D=0.733
[regir_norefil] 8:03:07  727,448/1,000,000  25.1/s  upd=18144  L=0.0130  D=0.733
[regir_norefil] report refresh skipped: PermissionError
[regir_norefil] 8:03:17  727,714/1,000,000  25.1/s  upd=18152  L=0.0127  D=0.733
[regir_norefil] 8:03:27  728,306/1,000,000  25.1/s  upd=18164  L=0.0124  D=0.733
[regir_norefil] 8:03:37  728,567/1,000,000  25.1/s  upd=18176  L=0.0161  D=0.733
[regir_norefil] 8:03:47  729,136/1,000,000  25.1/s  upd=18185  L=0.0191  D=0.733
[regir_norefil] 8:03:57  729,419/1,000,000  25.1/s  upd=18196  L=0.0101  D=0.733
[regir_norefil] 8:04:07  729,683/1,000,000  25.1/s  upd=18208  L=0.0148  D=0.733
[regir_norefil] 8:04:17  730,018/1,000,000  25.1/s  upd=18216  L=0.0133  D=0.733
[regir_norefil] 8:04:27  730,313/1,000,000  25.1/s  upd=18224  L=0.0136  D=0.733
[regir_norefil] 8:04:38  730,862/1,000,000  25.1/s  upd=18240  L=0.0096  D=0.733
[regir_norefil] 8:04:48  731,390/1,000,000  25.1/s  upd=18252  L=0.0109  D=0.733
[regir_norefil] 8:04:58  731,660/1,000,000  25.1/s  upd=18264  L=0.0143  D=0.733
[regir_norefil] 8:05:09  732,208/1,000,000  25.2/s  upd=18274  L=0.0142  D=0.733
[regir_norefil] 8:05:19  732,529/1,000,000  25.2/s  upd=18288  L=0.0106  D=0.733
[regir_norefil] 8:05:29  733,107/1,000,000  25.2/s  upd=18298  L=0.0153  D=0.733
[regir_norefil] 8:05:40  733,355/1,000,000  25.2/s  upd=18312  L=0.0098  D=0.733
[regir_norefil] 8:05:50  733,596/1,000,000  25.2/s  upd=18320  L=0.0118  D=0.733
[regir_norefil] 8:06:00  734,170/1,000,000  25.2/s  upd=18330  L=0.0191  D=0.733
[regir_norefil] 8:06:10  734,440/1,000,000  25.2/s  upd=18340  L=0.0119  D=0.733
[regir_norefil] 8:06:20  734,733/1,000,000  25.2/s  upd=18352  L=0.0092  D=0.733
[regir_norefil] 8:06:30  735,449/1,000,000  25.2/s  upd=18364  L=0.0086  D=0.733
[regir_norefil] 8:06:41  735,797/1,000,000  25.2/s  upd=18376  L=0.0141  D=0.733
[regir_norefil] 8:06:51  736,068/1,000,000  25.2/s  upd=18384  L=0.0164  D=0.733
[regir_norefil] 8:07:01  736,644/1,000,000  25.2/s  upd=18397  L=0.0099  D=0.733
[regir_norefil] 8:07:11  736,935/1,000,000  25.2/s  upd=18408  L=0.0105  D=0.733
[regir_norefil] 8:07:22  737,497/1,000,000  25.2/s  upd=18417  L=0.0148  D=0.733
[regir_norefil] 8:07:32  737,497/1,000,000  25.2/s  upd=18424  L=0.0142  D=0.733
[regir_norefil] 8:07:42  738,089/1,000,000  25.2/s  upd=18438  L=0.0121  D=0.733
[regir_norefil] 8:07:52  738,654/1,000,000  25.2/s  upd=18451  L=0.0125  D=0.733
[regir_norefil] 8:08:02  738,934/1,000,000  25.2/s  upd=18464  L=0.0123  D=0.733
[regir_norefil] 8:08:12  739,598/1,000,000  25.2/s  upd=18477  L=0.0318  D=0.733
[regir_norefil] report refresh skipped: PermissionError
[regir_norefil] 8:08:22  740,187/1,000,000  25.3/s  upd=18493  L=0.0088  D=0.733
[regir_norefil] saved resume t_env=740,187
[regir_norefil] 8:08:45  740,187/1,000,000  25.2/s  upd=18496  L=0.0170  ev=0/100  D=0.733
[regir_norefil] 8:08:55  740,187/1,000,000  25.2/s  upd=18496  L=0.0170  ev=24/100  D=0.733
[regir_norefil] 8:09:05  740,187/1,000,000  25.2/s  upd=18496  L=0.0170  ev=53/100  D=0.733
[regir_norefil] 8:09:15  740,187/1,000,000  25.2/s  upd=18496  L=0.0170  ev=72/100  D=0.733
[regir_norefil] 8:09:25  740,187/1,000,000  25.2/s  upd=18496  L=0.0170  ev=96/100  D=0.733
[regir_norefil] report refresh skipped: PermissionError
[regir_norefil] 8:09:36  740,660/1,000,000  25.2/s  upd=18507  L=0.0076  D=0.445
[regir_norefil] 8:09:46  740,920/1,000,000  25.2/s  upd=18520  L=0.0098  D=0.445
[regir_norefil] 8:09:56  741,416/1,000,000  25.2/s  upd=18529  L=0.0120  D=0.445
[regir_norefil] 8:10:07  741,739/1,000,000  25.2/s  upd=18539  L=0.0076  D=0.445
[regir_norefil] 8:10:17  741,998/1,000,000  25.2/s  upd=18551  L=0.0152  D=0.445
[regir_norefil] 8:10:27  742,289/1,000,000  25.2/s  upd=18560  L=0.0127  D=0.445
[regir_norefil] 8:10:37  742,609/1,000,000  25.2/s  upd=18568  L=0.0095  D=0.445
[regir_norefil] 8:10:48  743,283/1,000,000  25.2/s  upd=18579  L=0.0099  D=0.445
[regir_norefil] 8:10:58  743,594/1,000,000  25.2/s  upd=18592  L=0.0197  D=0.445
[regir_norefil] 8:11:09  744,155/1,000,000  25.3/s  upd=18605  L=0.0193  D=0.445
[regir_norefil] 8:11:19  744,429/1,000,000  25.3/s  upd=18616  L=0.0190  D=0.445
[regir_norefil] 8:11:29  744,720/1,000,000  25.3/s  upd=18624  L=0.0207  D=0.445
[regir_norefil] 8:11:39  745,273/1,000,000  25.3/s  upd=18636  L=0.0098  D=0.445
[regir_norefil] 8:11:49  745,557/1,000,000  25.3/s  upd=18648  L=0.0141  D=0.445
[regir_norefil] 8:12:00  746,110/1,000,000  25.3/s  upd=18660  L=0.0130  D=0.445
[regir_norefil] 8:12:10  746,395/1,000,000  25.3/s  upd=18672  L=0.0177  D=0.445
[regir_norefil] 8:12:20  746,987/1,000,000  25.3/s  upd=18683  L=0.0229  D=0.445
[regir_norefil] 8:12:30  747,258/1,000,000  25.3/s  upd=18696  L=0.0095  D=0.445
[regir_norefil] 8:12:40  747,539/1,000,000  25.3/s  upd=18704  L=0.0162  D=0.445
[regir_norefil] 8:12:50  747,825/1,000,000  25.3/s  upd=18712  L=0.0119  D=0.445
[regir_norefil] 8:13:01  748,112/1,000,000  25.3/s  upd=18720  L=0.0110  D=0.445
[regir_norefil] 8:13:11  748,666/1,000,000  25.3/s  upd=18731  L=0.0114  D=0.445
[regir_norefil] report refresh skipped: PermissionError
[regir_norefil] 8:13:21  748,938/1,000,000  25.3/s  upd=18744  L=0.0123  D=0.445
[regir_norefil] 8:13:31  749,263/1,000,000  25.3/s  upd=18752  L=0.0182  D=0.445
[regir_norefil] 8:13:41  749,802/1,000,000  25.3/s  upd=18762  L=0.0112  D=0.445
[regir_norefil] 8:13:51  750,080/1,000,000  25.3/s  upd=18774  L=0.0113  D=0.445
[regir_norefil] 8:14:02  750,329/1,000,000  25.3/s  upd=18784  L=0.0127  D=0.445
[regir_norefil] 8:14:12  750,907/1,000,000  25.3/s  upd=18795  L=0.0111  D=0.445
[regir_norefil] 8:14:22  751,179/1,000,000  25.3/s  upd=18803  L=0.0109  D=0.445
[regir_norefil] 8:14:32  751,421/1,000,000  25.3/s  upd=18816  L=0.0191  D=0.445
[regir_norefil] 8:14:42  751,683/1,000,000  25.3/s  upd=18824  L=0.0087  D=0.445
[regir_norefil] 8:14:52  751,973/1,000,000  25.3/s  upd=18832  L=0.0136  D=0.445
[regir_norefil] 8:15:02  752,533/1,000,000  25.3/s  upd=18843  L=0.0133  D=0.445
[regir_norefil] 8:15:13  752,795/1,000,000  25.3/s  upd=18856  L=0.0103  D=0.445
[regir_norefil] 8:15:23  753,299/1,000,000  25.3/s  upd=18866  L=0.0092  D=0.445
[regir_norefil] 8:15:33  753,564/1,000,000  25.3/s  upd=18879  L=0.0118  D=0.445
[regir_norefil] 8:15:43  753,814/1,000,000  25.3/s  upd=18888  L=0.0127  D=0.445
[regir_norefil] 8:15:54  754,292/1,000,000  25.4/s  upd=18898  L=0.0230  D=0.445
[regir_norefil] 8:16:04  754,617/1,000,000  25.4/s  upd=18906  L=0.0183  D=0.445
[regir_norefil] 8:16:14  754,888/1,000,000  25.4/s  upd=18917  L=0.0081  D=0.445
[regir_norefil] 8:16:24  755,170/1,000,000  25.4/s  upd=18928  L=0.0103  D=0.445
[regir_norefil] 8:16:34  755,460/1,000,000  25.4/s  upd=18936  L=0.0110  D=0.445
[regir_norefil] 8:16:44  756,069/1,000,000  25.4/s  upd=18948  L=0.0091  D=0.445
[regir_norefil] 8:16:55  756,339/1,000,000  25.4/s  upd=18960  L=0.0102  D=0.445
[regir_norefil] 8:17:05  756,638/1,000,000  25.4/s  upd=18968  L=0.0106  D=0.445
[regir_norefil] 8:17:15  757,187/1,000,000  25.4/s  upd=18978  L=0.0089  D=0.445
[regir_norefil] 8:17:25  757,435/1,000,000  25.4/s  upd=18988  L=0.0206  D=0.445
[regir_norefil] 8:17:35  757,966/1,000,000  25.4/s  upd=19004  L=0.0090  D=0.445
[regir_norefil] 8:17:46  758,496/1,000,000  25.4/s  upd=19024  L=0.0163  D=0.445
[regir_norefil] 8:17:56  759,030/1,000,000  25.4/s  upd=19040  L=0.0093  D=0.445
[regir_norefil] 8:18:06  759,563/1,000,000  25.4/s  upd=19055  L=0.0095  D=0.445
[regir_norefil] 8:18:17  760,080/1,000,000  25.4/s  upd=19069  L=0.0228  D=0.445
[regir_norefil] saved resume t_env=760,080
[regir_norefil] 8:18:39  760,080/1,000,000  25.4/s  upd=19072  L=0.0096  ev=0/100  D=0.445
[regir_norefil] 8:18:49  760,080/1,000,000  25.4/s  upd=19072  L=0.0096  ev=32/100  D=0.445
[regir_norefil] 8:18:59  760,080/1,000,000  25.4/s  upd=19072  L=0.0096  ev=64/100  D=0.445
[regir_norefil] 8:19:09  760,080/1,000,000  25.4/s  upd=19072  L=0.0096  ev=87/100  D=0.445
[regir_norefil] report refresh skipped: PermissionError
[regir_norefil] report refresh skipped: PermissionError
[regir_norefil] 8:19:20  760,354/1,000,000  25.4/s  upd=19074  L=0.0095  D=0.341
[regir_norefil] 8:19:30  760,634/1,000,000  25.4/s  upd=19088  L=0.0122  D=0.341
[regir_norefil] 8:19:40  760,885/1,000,000  25.4/s  upd=19096  L=0.0111  D=0.341
[regir_norefil] 8:19:50  761,435/1,000,000  25.4/s  upd=19105  L=0.0126  D=0.341
[regir_norefil] 8:20:01  761,697/1,000,000  25.4/s  upd=19115  L=0.0077  D=0.341
[regir_norefil] 8:20:11  761,940/1,000,000  25.4/s  upd=19127  L=0.0095  D=0.341
[regir_norefil] 8:20:21  762,225/1,000,000  25.4/s  upd=19136  L=0.0169  D=0.341
[regir_norefil] 8:20:31  762,462/1,000,000  25.4/s  upd=19144  L=0.0093  D=0.341
[regir_norefil] 8:20:42  763,042/1,000,000  25.4/s  upd=19158  L=0.0083  D=0.341
[regir_norefil] 8:20:52  763,307/1,000,000  25.4/s  upd=19168  L=0.0110  D=0.341
[regir_norefil] 8:21:02  763,890/1,000,000  25.4/s  upd=19179  L=0.0101  D=0.341
[regir_norefil] 8:21:12  764,134/1,000,000  25.4/s  upd=19192  L=0.0148  D=0.341
[regir_norefil] 8:21:23  764,670/1,000,000  25.4/s  upd=19204  L=0.0140  D=0.341
[regir_norefil] 8:21:33  764,960/1,000,000  25.4/s  upd=19216  L=0.0114  D=0.341
[regir_norefil] 8:21:43  765,445/1,000,000  25.4/s  upd=19229  L=0.0143  D=0.341
[regir_norefil] 8:21:54  765,715/1,000,000  25.4/s  upd=19240  L=0.0161  D=0.341
[regir_norefil] 8:22:04  766,255/1,000,000  25.4/s  upd=19253  L=0.0115  D=0.341
[regir_norefil] 8:22:14  766,518/1,000,000  25.4/s  upd=19264  L=0.0084  D=0.341
[regir_norefil] 8:22:24  766,777/1,000,000  25.4/s  upd=19272  L=0.0087  D=0.341
[regir_norefil] 8:22:34  767,307/1,000,000  25.4/s  upd=19282  L=0.0082  D=0.341
[regir_norefil] 8:22:45  767,573/1,000,000  25.4/s  upd=19296  L=0.0104  D=0.341
[regir_norefil] 8:22:56  768,138/1,000,000  25.5/s  upd=19305  L=0.0101  D=0.341
[regir_norefil] 8:23:06  768,465/1,000,000  25.5/s  upd=19319  L=0.0091  D=0.341
[regir_norefil] 8:23:16  768,975/1,000,000  25.5/s  upd=19331  L=0.0104  D=0.341
[regir_norefil] 8:23:27  769,241/1,000,000  25.5/s  upd=19342  L=0.0130  D=0.341
[regir_norefil] 8:23:37  769,513/1,000,000  25.5/s  upd=19350  L=0.0232  D=0.341
[regir_norefil] 8:23:47  769,808/1,000,000  25.5/s  upd=19360  L=0.0078  D=0.341
[regir_norefil] 8:23:58  770,346/1,000,000  25.5/s  upd=19369  L=0.0092  D=0.341
[regir_norefil] 8:24:08  770,602/1,000,000  25.5/s  upd=19380  L=0.0099  D=0.341
[regir_norefil] report refresh skipped: PermissionError
[regir_norefil] 8:24:18  770,860/1,000,000  25.5/s  upd=19392  L=0.0112  D=0.341
[regir_norefil] 8:24:28  771,125/1,000,000  25.5/s  upd=19400  L=0.0262  D=0.341
[regir_norefil] 8:24:38  771,717/1,000,000  25.5/s  upd=19414  L=0.0119  D=0.341
[regir_norefil] 8:24:49  772,009/1,000,000  25.5/s  upd=19424  L=0.0066  D=0.341
[regir_norefil] 8:24:59  772,542/1,000,000  25.5/s  upd=19437  L=0.0138  D=0.341
[regir_norefil] 8:25:09  772,813/1,000,000  25.5/s  upd=19448  L=0.0095  D=0.341
[regir_norefil] 8:25:19  773,382/1,000,000  25.5/s  upd=19461  L=0.0284  D=0.341
[regir_norefil] 8:25:30  773,948/1,000,000  25.5/s  upd=19475  L=0.0081  D=0.341
[regir_norefil] 8:25:40  774,214/1,000,000  25.5/s  upd=19488  L=0.0111  D=0.341
[regir_norefil] 8:25:50  774,743/1,000,000  25.5/s  upd=19499  L=0.0066  D=0.341
[regir_norefil] 8:26:00  775,061/1,000,000  25.5/s  upd=19511  L=0.0076  D=0.341
[regir_norefil] 8:26:10  775,620/1,000,000  25.5/s  upd=19523  L=0.0227  D=0.341
[regir_norefil] 8:26:21  775,927/1,000,000  25.5/s  upd=19536  L=0.0114  D=0.341
[regir_norefil] 8:26:31  776,477/1,000,000  25.5/s  upd=19550  L=0.0081  D=0.341
[regir_norefil] 8:26:41  777,087/1,000,000  25.6/s  upd=19563  L=0.0100  D=0.341
[regir_norefil] 8:26:52  777,367/1,000,000  25.6/s  upd=19574  L=0.0107  D=0.341
[regir_norefil] 8:27:02  777,643/1,000,000  25.6/s  upd=19584  L=0.0122  D=0.341
[regir_norefil] 8:27:12  778,205/1,000,000  25.6/s  upd=19599  L=0.0122  D=0.341
[regir_norefil] 8:27:23  778,756/1,000,000  25.6/s  upd=19611  L=0.0238  D=0.341
[regir_norefil] 8:27:33  779,025/1,000,000  25.6/s  upd=19624  L=0.0094  D=0.341
[regir_norefil] 8:27:43  779,633/1,000,000  25.6/s  upd=19636  L=0.0157  D=0.341
[regir_norefil] 8:27:54  779,942/1,000,000  25.6/s  upd=19646  L=0.0076  D=0.341
[regir_norefil] saved resume t_env=780,233
[regir_norefil] 8:28:27  780,233/1,000,000  25.6/s  upd=19656  L=0.0115  ev=0/100  D=0.341
[regir_norefil] 8:28:37  780,233/1,000,000  25.6/s  upd=19656  L=0.0115  ev=29/100  D=0.341
[regir_norefil] 8:28:47  780,233/1,000,000  25.6/s  upd=19656  L=0.0115  ev=55/100  D=0.341
[regir_norefil] 8:28:57  780,233/1,000,000  25.5/s  upd=19656  L=0.0115  ev=80/100  D=0.341
[regir_norefil] report refresh skipped: PermissionError
[regir_norefil] 8:29:07  780,233/1,000,000  25.5/s  upd=19656  L=0.0115  D=0.491
[regir_norefil] 8:29:18  780,884/1,000,000  25.6/s  upd=19667  L=0.0082  D=0.491
[regir_norefil] report refresh skipped: PermissionError
[regir_norefil] 8:29:28  781,152/1,000,000  25.6/s  upd=19680  L=0.0103  D=0.491
[regir_norefil] 8:29:38  781,399/1,000,000  25.6/s  upd=19688  L=0.0108  D=0.491
[regir_norefil] 8:29:49  781,919/1,000,000  25.6/s  upd=19697  L=0.0074  D=0.491
[regir_norefil] 8:29:59  782,196/1,000,000  25.6/s  upd=19706  L=0.0133  D=0.491
[regir_norefil] 8:30:11  782,505/1,000,000  25.6/s  upd=19718  L=0.0103  D=0.491
[regir_norefil] 8:30:21  782,787/1,000,000  25.6/s  upd=19728  L=0.0108  D=0.491
[regir_norefil] 8:30:31  783,079/1,000,000  25.6/s  upd=19736  L=0.0084  D=0.491
[regir_norefil] 8:30:41  783,423/1,000,000  25.6/s  upd=19744  L=0.0094  D=0.491
[regir_norefil] 8:30:51  784,021/1,000,000  25.6/s  upd=19753  L=0.0123  D=0.491
[regir_norefil] 8:31:01  784,329/1,000,000  25.6/s  upd=19762  L=0.0190  D=0.491
[regir_norefil] 8:31:12  784,617/1,000,000  25.6/s  upd=19770  L=0.0137  D=0.491
[regir_norefil] 8:31:22  784,879/1,000,000  25.6/s  upd=19779  L=0.0107  D=0.491
[regir_norefil] 8:31:32  785,164/1,000,000  25.6/s  upd=19790  L=0.0100  D=0.491
[regir_norefil] 8:31:43  785,440/1,000,000  25.6/s  upd=19800  L=0.0114  D=0.491
[regir_norefil] 8:31:53  785,798/1,000,000  25.6/s  upd=19808  L=0.0108  D=0.491
[regir_norefil] 8:32:03  786,362/1,000,000  25.6/s  upd=19819  L=0.0084  D=0.491
[regir_norefil] 8:32:13  786,631/1,000,000  25.6/s  upd=19832  L=0.0116  D=0.491
[regir_norefil] 8:32:23  787,182/1,000,000  25.6/s  upd=19847  L=0.0091  D=0.491
[regir_norefil] 8:32:33  787,542/1,000,000  25.6/s  upd=19856  L=0.0137  D=0.491
[regir_norefil] 8:32:44  788,146/1,000,000  25.6/s  upd=19870  L=0.0133  D=0.491
[regir_norefil] 8:32:54  788,720/1,000,000  25.6/s  upd=19881  L=0.0072  D=0.491
[regir_norefil] 8:33:05  788,972/1,000,000  25.6/s  upd=19894  L=0.0123  D=0.491
[regir_norefil] 8:33:15  789,504/1,000,000  25.6/s  upd=19906  L=0.0092  D=0.491
[regir_norefil] 8:33:25  789,769/1,000,000  25.6/s  upd=19913  L=0.0090  D=0.491
[regir_norefil] 8:33:36  790,040/1,000,000  25.6/s  upd=19927  L=0.0066  D=0.491
[regir_norefil] 8:33:46  790,321/1,000,000  25.6/s  upd=19936  L=0.0154  D=0.491
[regir_norefil] 8:33:56  790,573/1,000,000  25.6/s  upd=19944  L=0.0123  D=0.491
[regir_norefil] 8:34:06  791,174/1,000,000  25.6/s  upd=19958  L=0.0097  D=0.491
[regir_norefil] 8:34:16  791,427/1,000,000  25.6/s  upd=19968  L=0.0067  D=0.491
[regir_norefil] report refresh skipped: PermissionError
[regir_norefil] 8:34:26  791,956/1,000,000  25.7/s  upd=19978  L=0.0120  D=0.491
[regir_norefil] 8:34:36  792,228/1,000,000  25.7/s  upd=19992  L=0.0113  D=0.491
[regir_norefil] 8:34:46  792,811/1,000,000  25.7/s  upd=20004  L=0.0122  D=0.491
[regir_norefil] 8:34:56  793,333/1,000,000  25.7/s  upd=20017  L=0.0121  D=0.491
[regir_norefil] 8:35:07  793,632/1,000,000  25.7/s  upd=20031  L=0.0103  D=0.491
[regir_norefil] 8:35:17  794,175/1,000,000  25.7/s  upd=20043  L=0.0152  D=0.491
[regir_norefil] 8:35:27  794,475/1,000,000  25.7/s  upd=20056  L=0.0110  D=0.491
[regir_norefil] 8:35:37  794,854/1,000,000  25.7/s  upd=20064  L=0.0139  D=0.491
[regir_norefil] 8:35:47  795,448/1,000,000  25.7/s  upd=20074  L=0.0100  D=0.491
[regir_norefil] 8:35:57  795,747/1,000,000  25.7/s  upd=20085  L=0.0181  D=0.491
[regir_norefil] 8:36:08  796,299/1,000,000  25.7/s  upd=20099  L=0.0140  D=0.491
[regir_norefil] 8:36:18  796,586/1,000,000  25.7/s  upd=20112  L=0.0067  D=0.491
[regir_norefil] 8:36:28  797,161/1,000,000  25.7/s  upd=20123  L=0.0161  D=0.491
[regir_norefil] 8:36:39  797,724/1,000,000  25.7/s  upd=20137  L=0.0110  D=0.491
[regir_norefil] 8:36:49  797,989/1,000,000  25.7/s  upd=20152  L=0.0123  D=0.491
[regir_norefil] 8:36:59  798,592/1,000,000  25.7/s  upd=20166  L=0.0105  D=0.491
[regir_norefil] 8:37:09  799,172/1,000,000  25.8/s  upd=20180  L=0.0215  D=0.491
[regir_norefil] 8:37:19  799,715/1,000,000  25.8/s  upd=20195  L=0.0103  D=0.491
[regir_norefil] saved resume t_env=800,045
[regir_norefil] 8:37:51  800,045/1,000,000  25.7/s  upd=20208  L=0.0108  ev=0/100  D=0.491
[regir_norefil] 8:38:01  800,045/1,000,000  25.7/s  upd=20208  L=0.0108  ev=24/100  D=0.491
[regir_norefil] 8:38:11  800,045/1,000,000  25.7/s  upd=20208  L=0.0108  ev=48/100  D=0.491
[regir_norefil] 8:38:21  800,045/1,000,000  25.7/s  upd=20208  L=0.0108  ev=78/100  D=0.491
[regir_norefil] report refresh skipped: PermissionError
[regir_norefil] 8:38:31  800,045/1,000,000  25.7/s  upd=20208  L=0.0108  D=0.447
[regir_norefil] 8:38:41  800,358/1,000,000  25.7/s  upd=20216  L=0.0150  D=0.447
[regir_norefil] 8:38:51  800,958/1,000,000  25.7/s  upd=20228  L=0.0099  D=0.447
[regir_norefil] 8:39:01  801,338/1,000,000  25.7/s  upd=20240  L=0.0127  D=0.447
[regir_norefil] 8:39:11  801,606/1,000,000  25.7/s  upd=20248  L=0.0121  D=0.447
[regir_norefil] 8:39:22  802,141/1,000,000  25.7/s  upd=20261  L=0.0109  D=0.447
[regir_norefil] report refresh skipped: PermissionError
[regir_norefil] 8:39:32  802,407/1,000,000  25.7/s  upd=20272  L=0.0064  D=0.447
[regir_norefil] 8:39:42  802,964/1,000,000  25.8/s  upd=20284  L=0.0144  D=0.447
[regir_norefil] 8:39:52  803,240/1,000,000  25.8/s  upd=20295  L=0.0163  D=0.447
[regir_norefil] 8:40:02  803,517/1,000,000  25.8/s  upd=20304  L=0.0108  D=0.447
[regir_norefil] 8:40:13  804,079/1,000,000  25.8/s  upd=20315  L=0.0078  D=0.447
[regir_norefil] 8:40:23  804,328/1,000,000  25.8/s  upd=20325  L=0.0117  D=0.447
[regir_norefil] 8:40:33  804,603/1,000,000  25.8/s  upd=20336  L=0.0098  D=0.447
[regir_norefil] 8:40:43  805,167/1,000,000  25.8/s  upd=20346  L=0.0113  D=0.447
[regir_norefil] 8:40:54  805,489/1,000,000  25.8/s  upd=20360  L=0.0111  D=0.447
[regir_norefil] 8:41:04  805,747/1,000,000  25.8/s  upd=20368  L=0.0091  D=0.447
[regir_norefil] 8:41:14  806,033/1,000,000  25.8/s  upd=20376  L=0.0088  D=0.447
[regir_norefil] 8:41:24  806,567/1,000,000  25.8/s  upd=20388  L=0.0080  D=0.447
[regir_norefil] 8:41:34  806,847/1,000,000  25.8/s  upd=20400  L=0.0108  D=0.447
[regir_norefil] 8:41:45  807,473/1,000,000  25.8/s  upd=20410  L=0.0114  D=0.447
[regir_norefil] 8:41:55  807,768/1,000,000  25.8/s  upd=20423  L=0.0088  D=0.447
[regir_norefil] 8:42:05  808,006/1,000,000  25.8/s  upd=20432  L=0.0083  D=0.447
[regir_norefil] 8:42:16  808,523/1,000,000  25.8/s  upd=20445  L=0.0122  D=0.447
[regir_norefil] 8:42:26  808,826/1,000,000  25.8/s  upd=20456  L=0.0108  D=0.447
[regir_norefil] 8:42:36  809,248/1,000,000  25.8/s  upd=20462  L=0.0072  D=0.447
[regir_norefil] 8:42:46  809,585/1,000,000  25.8/s  upd=20472  L=0.0095  D=0.447
[regir_norefil] 8:42:56  809,884/1,000,000  25.8/s  upd=20480  L=0.0100  D=0.447
[regir_norefil] 8:43:06  810,455/1,000,000  25.8/s  upd=20492  L=0.0096  D=0.447
[regir_norefil] 8:43:17  810,736/1,000,000  25.8/s  upd=20504  L=0.0111  D=0.447
[regir_norefil] 8:43:28  811,307/1,000,000  25.8/s  upd=20514  L=0.0106  D=0.447
[regir_norefil] 8:43:38  811,576/1,000,000  25.8/s  upd=20528  L=0.0058  D=0.447
[regir_norefil] 8:43:48  811,844/1,000,000  25.8/s  upd=20536  L=0.0507  D=0.447
[regir_norefil] 8:43:58  812,507/1,000,000  25.8/s  upd=20547  L=0.0104  D=0.447
[regir_norefil] 8:44:08  812,847/1,000,000  25.8/s  upd=20560  L=0.0101  D=0.447
[regir_norefil] 8:44:18  813,206/1,000,000  25.8/s  upd=20568  L=0.0118  D=0.447
[regir_norefil] report refresh skipped: PermissionError
[regir_norefil] 8:44:28  813,538/1,000,000  25.9/s  upd=20576  L=0.0089  D=0.447
[regir_norefil] 8:44:39  814,108/1,000,000  25.9/s  upd=20588  L=0.0122  D=0.447
[regir_norefil] 8:44:49  814,410/1,000,000  25.9/s  upd=20598  L=0.0086  D=0.447
[regir_norefil] 8:44:59  814,711/1,000,000  25.9/s  upd=20608  L=0.0131  D=0.447
[regir_norefil] 8:45:09  815,270/1,000,000  25.9/s  upd=20617  L=0.0093  D=0.447
[regir_norefil] 8:45:20  815,551/1,000,000  25.9/s  upd=20631  L=0.0072  D=0.447
[regir_norefil] 8:45:30  815,858/1,000,000  25.9/s  upd=20640  L=0.0152  D=0.447
[regir_norefil] 8:45:40  816,506/1,000,000  25.9/s  upd=20650  L=0.0060  D=0.447
[regir_norefil] 8:45:50  816,796/1,000,000  25.9/s  upd=20664  L=0.0137  D=0.447
[regir_norefil] 8:46:01  817,389/1,000,000  25.9/s  upd=20674  L=0.0102  D=0.447
[regir_norefil] 8:46:11  817,711/1,000,000  25.9/s  upd=20685  L=0.0072  D=0.447
[regir_norefil] 8:46:21  818,213/1,000,000  25.9/s  upd=20698  L=0.0092  D=0.447
[regir_norefil] 8:46:31  818,492/1,000,000  25.9/s  upd=20708  L=0.0078  D=0.447
[regir_norefil] 8:46:42  818,766/1,000,000  25.9/s  upd=20718  L=0.0119  D=0.447
[regir_norefil] 8:46:52  819,066/1,000,000  25.9/s  upd=20727  L=0.0068  D=0.447
[regir_norefil] 8:47:02  819,641/1,000,000  25.9/s  upd=20739  L=0.0212  D=0.447
[regir_norefil] 8:47:13  819,924/1,000,000  25.9/s  upd=20748  L=0.0078  D=0.447
[regir_norefil] 8:47:23  820,184/1,000,000  25.9/s  upd=20758  L=0.0066  D=0.447
[regir_norefil] saved resume t_env=820,184
[regir_norefil] 8:48:00  820,184/1,000,000  25.9/s  upd=20760  L=0.0079  ev=0/100  D=0.447
[regir_norefil] 8:48:10  820,184/1,000,000  25.9/s  upd=20760  L=0.0079  ev=32/100  D=0.447
[regir_norefil] 8:48:20  820,184/1,000,000  25.9/s  upd=20760  L=0.0079  ev=56/100  D=0.447
[regir_norefil] 8:48:30  820,184/1,000,000  25.9/s  upd=20760  L=0.0079  ev=87/100  D=0.447
[regir_norefil] report refresh skipped: PermissionError
[regir_norefil] 8:48:40  820,477/1,000,000  25.9/s  upd=20762  L=0.0128  D=0.355
[regir_norefil] 8:48:50  820,743/1,000,000  25.9/s  upd=20773  L=0.0122  D=0.355
[regir_norefil] 8:49:00  821,045/1,000,000  25.9/s  upd=20783  L=0.0103  D=0.355
[regir_norefil] 8:49:11  821,567/1,000,000  25.9/s  upd=20793  L=0.0123  D=0.355
[regir_norefil] 8:49:21  821,567/1,000,000  25.9/s  upd=20800  L=0.0093  D=0.355
[regir_norefil] report refresh skipped: PermissionError
[regir_norefil] 8:49:31  821,830/1,000,000  25.9/s  upd=20808  L=0.0162  D=0.355
[regir_norefil] 8:49:41  822,125/1,000,000  25.9/s  upd=20816  L=0.0136  D=0.355
[regir_norefil] 8:49:51  822,424/1,000,000  25.9/s  upd=20824  L=0.0112  D=0.355
[regir_norefil] 8:50:01  822,720/1,000,000  25.9/s  upd=20832  L=0.0150  D=0.355
[regir_norefil] 8:50:11  823,065/1,000,000  25.9/s  upd=20840  L=0.0117  D=0.355
[regir_norefil] 8:50:21  823,642/1,000,000  25.9/s  upd=20851  L=0.0090  D=0.355
[regir_norefil] 8:50:32  823,926/1,000,000  25.9/s  upd=20860  L=0.0121  D=0.355
[regir_norefil] 8:50:42  824,242/1,000,000  25.9/s  upd=20866  L=0.0132  D=0.355
[regir_norefil] 8:50:52  824,493/1,000,000  25.9/s  upd=20879  L=0.0071  D=0.355
[regir_norefil] 8:51:03  824,802/1,000,000  25.9/s  upd=20887  L=0.0089  D=0.355
[regir_norefil] 8:51:13  825,081/1,000,000  25.9/s  upd=20896  L=0.0074  D=0.355
[regir_norefil] 8:51:24  825,642/1,000,000  25.9/s  upd=20907  L=0.0111  D=0.355
[regir_norefil] 8:51:34  825,941/1,000,000  25.9/s  upd=20918  L=0.0103  D=0.355
[regir_norefil] 8:51:44  826,237/1,000,000  25.9/s  upd=20928  L=0.0107  D=0.355
[regir_norefil] 8:51:54  826,501/1,000,000  25.9/s  upd=20936  L=0.0086  D=0.355
[regir_norefil] 8:52:04  826,765/1,000,000  25.9/s  upd=20944  L=0.0118  D=0.355
[regir_norefil] 8:52:15  827,058/1,000,000  25.9/s  upd=20952  L=0.0099  D=0.355
[regir_norefil] 8:52:25  827,347/1,000,000  25.9/s  upd=20960  L=0.0071  D=0.355
[regir_norefil] 8:52:35  827,948/1,000,000  25.9/s  upd=20969  L=0.0093  D=0.355
[regir_norefil] 8:52:45  828,242/1,000,000  25.9/s  upd=20980  L=0.0138  D=0.355
[regir_norefil] 8:52:55  828,553/1,000,000  25.9/s  upd=20987  L=0.0105  D=0.355
[regir_norefil] 8:53:05  828,809/1,000,000  25.9/s  upd=20999  L=0.0141  D=0.355
[regir_norefil] 8:53:16  829,096/1,000,000  25.9/s  upd=21008  L=0.0101  D=0.355
[regir_norefil] 8:53:26  829,620/1,000,000  25.9/s  upd=21018  L=0.0092  D=0.355
[regir_norefil] 8:53:37  829,920/1,000,000  25.9/s  upd=21026  L=0.0161  D=0.355
[regir_norefil] 8:53:47  830,197/1,000,000  25.9/s  upd=21037  L=0.0091  D=0.355
[regir_norefil] 8:53:57  830,792/1,000,000  25.9/s  upd=21054  L=0.0122  D=0.355
[regir_norefil] 8:54:07  831,381/1,000,000  25.9/s  upd=21069  L=0.0098  D=0.355
[regir_norefil] 8:54:17  831,638/1,000,000  25.9/s  upd=21080  L=0.0097  D=0.355
[regir_norefil] 8:54:27  832,234/1,000,000  26.0/s  upd=21089  L=0.0100  D=0.355
[regir_norefil] report refresh skipped: PermissionError
[regir_norefil] 8:54:39  832,497/1,000,000  26.0/s  upd=21103  L=0.0126  D=0.355
[regir_norefil] 8:54:49  833,045/1,000,000  26.0/s  upd=21115  L=0.0089  D=0.355
[regir_norefil] 8:54:59  833,309/1,000,000  26.0/s  upd=21128  L=0.0121  D=0.355
[regir_norefil] 8:55:09  833,621/1,000,000  26.0/s  upd=21136  L=0.0069  D=0.355
[regir_norefil] 8:55:19  834,182/1,000,000  26.0/s  upd=21149  L=0.0088  D=0.355
[regir_norefil] 8:55:29  834,456/1,000,000  26.0/s  upd=21160  L=0.0100  D=0.355
[regir_norefil] 8:55:39  835,012/1,000,000  26.0/s  upd=21170  L=0.0089  D=0.355
[regir_norefil] 8:55:50  835,328/1,000,000  26.0/s  upd=21184  L=0.0074  D=0.355
[regir_norefil] 8:56:00  835,618/1,000,000  26.0/s  upd=21191  L=0.0114  D=0.355
[regir_norefil] 8:56:10  835,901/1,000,000  26.0/s  upd=21199  L=0.0112  D=0.355
[regir_norefil] 8:56:20  836,176/1,000,000  26.0/s  upd=21208  L=0.0085  D=0.355
[regir_norefil] 8:56:30  836,463/1,000,000  26.0/s  upd=21216  L=0.0128  D=0.355
[regir_norefil] 8:56:40  836,729/1,000,000  26.0/s  upd=21224  L=0.0159  D=0.355
[regir_norefil] 8:56:51  837,000/1,000,000  26.0/s  upd=21232  L=0.0085  D=0.355
[regir_norefil] 8:57:01  837,599/1,000,000  26.0/s  upd=21242  L=0.0082  D=0.355
[regir_norefil] 8:57:11  837,845/1,000,000  26.0/s  upd=21256  L=0.0094  D=0.355
[regir_norefil] 8:57:21  838,181/1,000,000  26.0/s  upd=21264  L=0.0081  D=0.355
[regir_norefil] saved resume t_env=838,445
[regir_norefil] 8:57:35  838,445/1,000,000  26.0/s  upd=21272  L=0.0123  D=0.355
[regir_norefil] 8:57:45  838,716/1,000,000  26.0/s  upd=21280  L=0.0076  D=0.355
[regir_norefil] 8:57:55  839,224/1,000,000  26.0/s  upd=21291  L=0.0132  D=0.355
[regir_norefil] 8:58:07  839,514/1,000,000  26.0/s  upd=21303  L=0.0209  D=0.355
[regir_norefil] 8:58:17  840,031/1,000,000  26.0/s  upd=21316  L=0.0053  D=0.355
[regir_norefil] saved resume t_env=840,031
[regir_norefil] 8:58:47  840,031/1,000,000  26.0/s  upd=21320  L=0.0112  ev=0/100  D=0.355
[regir_norefil] 8:58:57  840,031/1,000,000  26.0/s  upd=21320  L=0.0112  ev=75/100  D=0.355
[regir_norefil] report refresh skipped: PermissionError
[regir_norefil] 8:59:07  840,322/1,000,000  26.0/s  upd=21328  L=0.0096  D=0.139
[regir_norefil] 8:59:18  840,823/1,000,000  26.0/s  upd=21343  L=0.0092  D=0.139
[regir_norefil] 8:59:28  841,427/1,000,000  26.0/s  upd=21358  L=0.0110  D=0.139
[regir_norefil] report refresh skipped: PermissionError
[regir_norefil] 8:59:38  841,956/1,000,000  26.0/s  upd=21371  L=0.0107  D=0.139
[regir_norefil] 8:59:48  842,517/1,000,000  26.0/s  upd=21390  L=0.0142  D=0.139
[regir_norefil] 8:59:58  843,088/1,000,000  26.0/s  upd=21408  L=0.0088  D=0.139
[regir_norefil] 9:00:09  843,641/1,000,000  26.0/s  upd=21423  L=0.0065  D=0.139
[regir_norefil] 9:00:19  844,288/1,000,000  26.0/s  upd=21439  L=0.0078  D=0.139
[regir_norefil] 9:00:30  844,794/1,000,000  26.0/s  upd=21451  L=0.0219  D=0.139
[regir_norefil] 9:00:41  845,305/1,000,000  26.1/s  upd=21465  L=0.0083  D=0.139
[regir_norefil] 9:00:51  845,574/1,000,000  26.1/s  upd=21475  L=0.0122  D=0.139
[regir_norefil] 9:01:02  845,871/1,000,000  26.1/s  upd=21486  L=0.0125  D=0.139
[regir_norefil] 9:01:12  846,113/1,000,000  26.1/s  upd=21494  L=0.0060  D=0.139
[regir_norefil] 9:01:22  846,376/1,000,000  26.1/s  upd=21504  L=0.0109  D=0.139
[regir_norefil] 9:01:32  846,951/1,000,000  26.1/s  upd=21520  L=0.0086  D=0.139
[regir_norefil] 9:01:42  847,506/1,000,000  26.1/s  upd=21536  L=0.0167  D=0.139
[regir_norefil] 9:01:53  848,166/1,000,000  26.1/s  upd=21551  L=0.0096  D=0.139
[regir_norefil] 9:02:03  848,772/1,000,000  26.1/s  upd=21567  L=0.0102  D=0.139
[regir_norefil] 9:02:13  849,325/1,000,000  26.1/s  upd=21581  L=0.0060  D=0.139
[regir_norefil] 9:02:24  849,930/1,000,000  26.1/s  upd=21595  L=0.0072  D=0.139
[regir_norefil] 9:02:34  850,514/1,000,000  26.1/s  upd=21610  L=0.0077  D=0.139
[regir_norefil] 9:02:44  851,071/1,000,000  26.1/s  upd=21630  L=0.0085  D=0.139
[regir_norefil] 9:02:54  851,651/1,000,000  26.1/s  upd=21645  L=0.0060  D=0.139
[regir_norefil] 9:03:04  852,297/1,000,000  26.2/s  upd=21662  L=0.0068  D=0.139
[regir_norefil] 9:03:15  852,838/1,000,000  26.2/s  upd=21678  L=0.0128  D=0.139
[regir_norefil] 9:03:25  853,400/1,000,000  26.2/s  upd=21696  L=0.0106  D=0.139
[regir_norefil] 9:03:35  854,061/1,000,000  26.2/s  upd=21712  L=0.0081  D=0.139
[regir_norefil] 9:03:45  854,662/1,000,000  26.2/s  upd=21728  L=0.0082  D=0.139
[regir_norefil] 9:03:55  855,197/1,000,000  26.2/s  upd=21744  L=0.0067  D=0.139
[regir_norefil] 9:04:05  855,761/1,000,000  26.2/s  upd=21760  L=0.0052  D=0.139
[regir_norefil] 9:04:15  856,375/1,000,000  26.2/s  upd=21776  L=0.0064  D=0.139
[regir_norefil] 9:04:25  856,954/1,000,000  26.2/s  upd=21792  L=0.0122  D=0.139
[regir_norefil] 9:04:35  857,576/1,000,000  26.2/s  upd=21808  L=0.0067  D=0.139
[regir_norefil] report refresh skipped: PermissionError
[regir_norefil] 9:04:45  858,470/1,000,000  26.3/s  upd=21826  L=0.0068  D=0.139
[regir_norefil] 9:04:56  859,099/1,000,000  26.3/s  upd=21841  L=0.0070  D=0.139
[regir_norefil] 9:05:06  859,729/1,000,000  26.3/s  upd=21857  L=0.0063  D=0.139
[regir_norefil] saved resume t_env=860,046
[regir_norefil] 9:05:35  860,046/1,000,000  26.3/s  upd=21872  L=0.0088  ev=0/100  D=0.139
[regir_norefil] 9:05:45  860,046/1,000,000  26.3/s  upd=21872  L=0.0088  ev=55/100  D=0.139
[regir_norefil] report refresh skipped: PermissionError
[regir_norefil] 9:05:56  860,369/1,000,000  26.3/s  upd=21873  L=0.0064  D=0.396
[regir_norefil] 9:06:06  860,676/1,000,000  26.3/s  upd=21888  L=0.0104  D=0.396
[regir_norefil] 9:06:17  861,323/1,000,000  26.3/s  upd=21904  L=0.0057  D=0.396
[regir_norefil] 9:06:27  861,909/1,000,000  26.3/s  upd=21918  L=0.0079  D=0.396
[regir_norefil] 9:06:37  862,510/1,000,000  26.3/s  upd=21933  L=0.0081  D=0.396
[regir_norefil] 9:06:48  863,074/1,000,000  26.3/s  upd=21949  L=0.0106  D=0.396
[regir_norefil] 9:06:58  863,639/1,000,000  26.3/s  upd=21968  L=0.0107  D=0.396
[regir_norefil] 9:07:08  864,282/1,000,000  26.3/s  upd=21984  L=0.0168  D=0.396
[regir_norefil] 9:07:18  864,904/1,000,000  26.3/s  upd=21998  L=0.0100  D=0.396
[regir_norefil] 9:07:28  865,504/1,000,000  26.3/s  upd=22015  L=0.0066  D=0.396
[regir_norefil] 9:07:39  866,045/1,000,000  26.4/s  upd=22032  L=0.0126  D=0.396
[regir_norefil] 9:07:49  866,655/1,000,000  26.4/s  upd=22048  L=0.0134  D=0.396
[regir_norefil] 9:07:59  867,332/1,000,000  26.4/s  upd=22063  L=0.0066  D=0.396
[regir_norefil] 9:08:09  867,865/1,000,000  26.4/s  upd=22080  L=0.0087  D=0.396
[regir_norefil] 9:08:19  868,441/1,000,000  26.4/s  upd=22096  L=0.0091  D=0.396
[regir_norefil] 9:08:29  869,027/1,000,000  26.4/s  upd=22112  L=0.0098  D=0.396
[regir_norefil] 9:08:39  869,639/1,000,000  26.4/s  upd=22126  L=0.0091  D=0.396
[regir_norefil] 9:08:50  870,283/1,000,000  26.4/s  upd=22143  L=0.0074  D=0.396
[regir_norefil] 9:09:00  871,128/1,000,000  26.4/s  upd=22162  L=0.0176  D=0.396
[regir_norefil] 9:09:10  871,728/1,000,000  26.5/s  upd=22177  L=0.0096  D=0.396
[regir_norefil] 9:09:20  872,365/1,000,000  26.5/s  upd=22193  L=0.0074  D=0.396
[regir_norefil] 9:09:31  872,935/1,000,000  26.5/s  upd=22209  L=0.0088  D=0.396
[regir_norefil] 9:09:41  873,552/1,000,000  26.5/s  upd=22227  L=0.0073  D=0.396
[regir_norefil] report refresh skipped: PermissionError
[regir_norefil] 9:09:51  874,121/1,000,000  26.5/s  upd=22241  L=0.0084  D=0.396
[regir_norefil] 9:10:01  874,439/1,000,000  26.5/s  upd=22256  L=0.0088  D=0.396
[regir_norefil] 9:10:11  875,015/1,000,000  26.5/s  upd=22272  L=0.0092  D=0.396
[regir_norefil] 9:10:21  875,576/1,000,000  26.5/s  upd=22287  L=0.0103  D=0.396
[regir_norefil] 9:10:31  876,196/1,000,000  26.5/s  upd=22301  L=0.0058  D=0.396
[regir_norefil] 9:10:42  876,788/1,000,000  26.5/s  upd=22318  L=0.0078  D=0.396
[regir_norefil] 9:10:52  877,349/1,000,000  26.5/s  upd=22334  L=0.0090  D=0.396
[regir_norefil] 9:11:03  877,949/1,000,000  26.6/s  upd=22351  L=0.0078  D=0.396
[regir_norefil] 9:11:13  878,457/1,000,000  26.6/s  upd=22366  L=0.0060  D=0.396
[regir_norefil] 9:11:23  879,081/1,000,000  26.6/s  upd=22381  L=0.0091  D=0.396
[regir_norefil] 9:11:33  879,708/1,000,000  26.6/s  upd=22398  L=0.0089  D=0.396
[regir_norefil] saved resume t_env=880,279
[regir_norefil] 9:12:04  880,279/1,000,000  26.6/s  upd=22416  L=0.0085  ev=0/100  D=0.396
[regir_norefil] 9:12:14  880,279/1,000,000  26.6/s  upd=22416  L=0.0085  ev=63/100  D=0.396
[regir_norefil] report refresh skipped: PermissionError
[regir_norefil] 9:12:24  880,549/1,000,000  26.6/s  upd=22421  L=0.0082  D=0.421
[regir_norefil] 9:12:34  881,109/1,000,000  26.6/s  upd=22435  L=0.0125  D=0.421
[regir_norefil] 9:12:45  881,667/1,000,000  26.6/s  upd=22449  L=0.0078  D=0.421
[regir_norefil] 9:12:55  881,962/1,000,000  26.6/s  upd=22464  L=0.0682  D=0.421
[regir_norefil] 9:13:05  882,656/1,000,000  26.6/s  upd=22479  L=0.0099  D=0.421
[regir_norefil] 9:13:15  883,227/1,000,000  26.6/s  upd=22496  L=0.0056  D=0.421
[regir_norefil] 9:13:25  883,869/1,000,000  26.6/s  upd=22510  L=0.0217  D=0.421
[regir_norefil] 9:13:36  884,440/1,000,000  26.6/s  upd=22525  L=0.0061  D=0.421
[regir_norefil] 9:13:47  885,057/1,000,000  26.6/s  upd=22542  L=0.0051  D=0.421
[regir_norefil] 9:13:57  885,623/1,000,000  26.6/s  upd=22557  L=0.0113  D=0.421
[regir_norefil] 9:14:07  886,217/1,000,000  26.7/s  upd=22576  L=0.0078  D=0.421
[regir_norefil] 9:14:17  886,803/1,000,000  26.7/s  upd=22590  L=0.0125  D=0.421
[regir_norefil] 9:14:28  887,363/1,000,000  26.7/s  upd=22604  L=0.0095  D=0.421
[regir_norefil] 9:14:38  887,996/1,000,000  26.7/s  upd=22617  L=0.0089  D=0.421
[regir_norefil] 9:14:48  888,276/1,000,000  26.7/s  upd=22632  L=0.0071  D=0.421
[regir_norefil] report refresh skipped: PermissionError
[regir_norefil] 9:14:58  888,803/1,000,000  26.7/s  upd=22645  L=0.0135  D=0.421
[regir_norefil] 9:15:08  889,345/1,000,000  26.7/s  upd=22662  L=0.0090  D=0.421
[regir_norefil] 9:15:18  889,903/1,000,000  26.7/s  upd=22680  L=0.0085  D=0.421
[regir_norefil] 9:15:28  890,749/1,000,000  26.7/s  upd=22698  L=0.0146  D=0.421
[regir_norefil] 9:15:39  891,320/1,000,000  26.7/s  upd=22718  L=0.0062  D=0.421
[regir_norefil] 9:15:50  892,170/1,000,000  26.8/s  upd=22737  L=0.0105  D=0.421
[regir_norefil] 9:16:00  892,681/1,000,000  26.8/s  upd=22754  L=0.0055  D=0.421
[regir_norefil] 9:16:10  893,272/1,000,000  26.8/s  upd=22772  L=0.0063  D=0.421
[regir_norefil] 9:16:20  893,882/1,000,000  26.8/s  upd=22790  L=0.0242  D=0.421
[regir_norefil] 9:16:30  894,459/1,000,000  26.8/s  upd=22803  L=0.0056  D=0.421
[regir_norefil] 9:16:40  895,015/1,000,000  26.8/s  upd=22818  L=0.0126  D=0.421
[regir_norefil] 9:16:50  895,297/1,000,000  26.8/s  upd=22832  L=0.0108  D=0.421
[regir_norefil] 9:17:00  895,914/1,000,000  26.8/s  upd=22848  L=0.0082  D=0.421
[regir_norefil] 9:17:10  896,507/1,000,000  26.8/s  upd=22863  L=0.0069  D=0.421
[regir_norefil] 9:17:20  897,041/1,000,000  26.8/s  upd=22878  L=0.0152  D=0.421
[regir_norefil] 9:17:31  897,652/1,000,000  26.8/s  upd=22889  L=0.0068  D=0.421
[regir_norefil] 9:17:41  898,221/1,000,000  26.8/s  upd=22905  L=0.0103  D=0.421
[regir_norefil] 9:17:51  898,469/1,000,000  26.8/s  upd=22920  L=0.0066  D=0.421
[regir_norefil] 9:18:01  899,274/1,000,000  26.9/s  upd=22937  L=0.0088  D=0.421
[regir_norefil] 9:18:12  899,836/1,000,000  26.9/s  upd=22955  L=0.0096  D=0.421
[regir_norefil] saved resume t_env=900,116
[regir_norefil] 9:18:40  900,116/1,000,000  26.9/s  upd=22968  L=0.0058  ev=0/100  D=0.421
[regir_norefil] 9:18:50  900,116/1,000,000  26.8/s  upd=22968  L=0.0058  ev=56/100  D=0.421
[regir_norefil] report refresh skipped: PermissionError
[regir_norefil] 9:19:00  900,429/1,000,000  26.8/s  upd=22972  L=0.0048  D=0.377
[regir_norefil] 9:19:11  900,977/1,000,000  26.9/s  upd=22987  L=0.0133  D=0.377
[regir_norefil] 9:19:21  901,636/1,000,000  26.9/s  upd=23001  L=0.0070  D=0.377
[regir_norefil] 9:19:31  902,238/1,000,000  26.9/s  upd=23017  L=0.0049  D=0.377
[regir_norefil] 9:19:41  902,536/1,000,000  26.9/s  upd=23032  L=0.0085  D=0.377
[regir_norefil] 9:19:51  903,063/1,000,000  26.9/s  upd=23047  L=0.0086  D=0.377
[regir_norefil] report refresh skipped: PermissionError
[regir_norefil] 9:20:01  903,582/1,000,000  26.9/s  upd=23064  L=0.0316  D=0.377
[regir_norefil] 9:20:12  904,415/1,000,000  26.9/s  upd=23081  L=0.0067  D=0.377
[regir_norefil] 9:20:22  904,689/1,000,000  26.9/s  upd=23096  L=0.0091  D=0.377
[regir_norefil] 9:20:32  905,224/1,000,000  26.9/s  upd=23112  L=0.0067  D=0.377
[regir_norefil] 9:20:42  905,868/1,000,000  26.9/s  upd=23127  L=0.0129  D=0.377
[regir_norefil] 9:20:53  906,432/1,000,000  26.9/s  upd=23143  L=0.0136  D=0.377
[regir_norefil] 9:21:03  907,017/1,000,000  26.9/s  upd=23159  L=0.0087  D=0.377
[regir_norefil] 9:21:13  907,566/1,000,000  27.0/s  upd=23174  L=0.0132  D=0.377
[regir_norefil] 9:21:23  908,375/1,000,000  27.0/s  upd=23195  L=0.0147  D=0.377
[regir_norefil] 9:21:34  908,938/1,000,000  27.0/s  upd=23213  L=0.0084  D=0.377
[regir_norefil] 9:21:44  909,533/1,000,000  27.0/s  upd=23229  L=0.0106  D=0.377
[regir_norefil] 9:21:54  910,085/1,000,000  27.0/s  upd=23245  L=0.0101  D=0.377
[regir_norefil] 9:22:04  910,620/1,000,000  27.0/s  upd=23260  L=0.0119  D=0.377
[regir_norefil] 9:22:14  911,160/1,000,000  27.0/s  upd=23277  L=0.0127  D=0.377
[regir_norefil] 9:22:25  911,740/1,000,000  27.0/s  upd=23293  L=0.0087  D=0.377
[regir_norefil] 9:22:35  912,330/1,000,000  27.0/s  upd=23305  L=0.0055  D=0.377
[regir_norefil] 9:22:45  912,863/1,000,000  27.0/s  upd=23321  L=0.0081  D=0.377
[regir_norefil] 9:22:55  913,152/1,000,000  27.0/s  upd=23336  L=0.0168  D=0.377
[regir_norefil] 9:23:05  913,715/1,000,000  27.0/s  upd=23352  L=0.0111  D=0.377
[regir_norefil] 9:23:15  914,243/1,000,000  27.1/s  upd=23368  L=0.0081  D=0.377
[regir_norefil] 9:23:25  914,813/1,000,000  27.1/s  upd=23384  L=0.0070  D=0.377
[regir_norefil] 9:23:35  915,388/1,000,000  27.1/s  upd=23400  L=0.0075  D=0.377
[regir_norefil] 9:23:45  915,914/1,000,000  27.1/s  upd=23416  L=0.0122  D=0.377
[regir_norefil] 9:23:55  916,489/1,000,000  27.1/s  upd=23431  L=0.0100  D=0.377
[regir_norefil] 9:24:05  917,332/1,000,000  27.1/s  upd=23449  L=0.0081  D=0.377
[regir_norefil] 9:24:16  917,892/1,000,000  27.1/s  upd=23466  L=0.0139  D=0.377
[regir_norefil] 9:24:26  918,420/1,000,000  27.1/s  upd=23485  L=0.0068  D=0.377
[regir_norefil] 9:24:36  918,935/1,000,000  27.1/s  upd=23502  L=0.0142  D=0.377
[regir_norefil] 9:24:46  919,564/1,000,000  27.1/s  upd=23519  L=0.0077  D=0.377
[regir_norefil] report refresh skipped: PermissionError
[regir_norefil] 9:24:56  920,169/1,000,000  27.1/s  upd=23535  L=0.0101  D=0.377
[regir_norefil] saved resume t_env=920,169
[regir_norefil] 9:25:18  920,169/1,000,000  27.1/s  upd=23536  L=0.0135  ev=0/100  D=0.377
[regir_norefil] 9:25:28  920,169/1,000,000  27.1/s  upd=23536  L=0.0135  ev=60/100  D=0.377
[regir_norefil] report refresh skipped: PermissionError
[regir_norefil] 9:25:38  920,456/1,000,000  27.1/s  upd=23541  L=0.0108  D=0.246
[regir_norefil] 9:25:48  921,046/1,000,000  27.1/s  upd=23556  L=0.0089  D=0.246
[regir_norefil] 9:25:59  921,584/1,000,000  27.1/s  upd=23573  L=0.0084  D=0.246
[regir_norefil] 9:26:09  922,117/1,000,000  27.1/s  upd=23590  L=0.0142  D=0.246
[regir_norefil] 9:26:19  922,718/1,000,000  27.2/s  upd=23608  L=0.0100  D=0.246
[regir_norefil] 9:26:29  923,295/1,000,000  27.2/s  upd=23624  L=0.0106  D=0.246
[regir_norefil] 9:26:40  923,818/1,000,000  27.2/s  upd=23639  L=0.0130  D=0.246
[regir_norefil] 9:26:50  924,338/1,000,000  27.2/s  upd=23656  L=0.0101  D=0.246
[regir_norefil] 9:27:01  924,885/1,000,000  27.2/s  upd=23670  L=0.0200  D=0.246
[regir_norefil] 9:27:11  925,426/1,000,000  27.2/s  upd=23686  L=0.0093  D=0.246
[regir_norefil] 9:27:22  925,964/1,000,000  27.2/s  upd=23701  L=0.0068  D=0.246
[regir_norefil] 9:27:32  926,553/1,000,000  27.2/s  upd=23715  L=0.0065  D=0.246
[regir_norefil] 9:27:42  927,096/1,000,000  27.2/s  upd=23732  L=0.0066  D=0.246
[regir_norefil] 9:27:52  927,670/1,000,000  27.2/s  upd=23752  L=0.0078  D=0.246
[regir_norefil] 9:28:03  928,523/1,000,000  27.2/s  upd=23771  L=0.0078  D=0.246
[regir_norefil] 9:28:13  929,109/1,000,000  27.3/s  upd=23791  L=0.0104  D=0.246
[regir_norefil] 9:28:23  929,640/1,000,000  27.3/s  upd=23808  L=0.0119  D=0.246
[regir_norefil] 9:28:33  930,247/1,000,000  27.3/s  upd=23824  L=0.0103  D=0.246
[regir_norefil] 9:28:44  931,109/1,000,000  27.3/s  upd=23841  L=0.0105  D=0.246
[regir_norefil] 9:28:54  931,364/1,000,000  27.3/s  upd=23856  L=0.0147  D=0.246
[regir_norefil] 9:29:04  931,891/1,000,000  27.3/s  upd=23872  L=0.0109  D=0.246
[regir_norefil] 9:29:14  932,457/1,000,000  27.3/s  upd=23888  L=0.0065  D=0.246
[regir_norefil] 9:29:24  933,052/1,000,000  27.3/s  upd=23904  L=0.0230  D=0.246
[regir_norefil] 9:29:34  933,649/1,000,000  27.3/s  upd=23920  L=0.0064  D=0.246
[regir_norefil] 9:29:44  934,214/1,000,000  27.3/s  upd=23936  L=0.0144  D=0.246
[regir_norefil] 9:29:56  934,773/1,000,000  27.3/s  upd=23951  L=0.0151  D=0.246
[regir_norefil] report refresh skipped: PermissionError
[regir_norefil] 9:30:06  935,376/1,000,000  27.3/s  upd=23965  L=0.0132  D=0.246
[regir_norefil] 9:30:16  935,959/1,000,000  27.4/s  upd=23981  L=0.0188  D=0.246
[regir_norefil] 9:30:26  936,557/1,000,000  27.4/s  upd=23997  L=0.0114  D=0.246
[regir_norefil] 9:30:36  937,137/1,000,000  27.4/s  upd=24011  L=0.0214  D=0.246
[regir_norefil] 9:30:46  937,413/1,000,000  27.4/s  upd=24024  L=0.0122  D=0.246
[regir_norefil] 9:30:56  938,003/1,000,000  27.4/s  upd=24040  L=0.0092  D=0.246
[regir_norefil] 9:31:06  938,566/1,000,000  27.4/s  upd=24056  L=0.0172  D=0.246
[regir_norefil] 9:31:17  939,117/1,000,000  27.4/s  upd=24071  L=0.0133  D=0.246
[regir_norefil] 9:31:27  939,681/1,000,000  27.4/s  upd=24086  L=0.0093  D=0.246
[regir_norefil] 9:31:37  940,197/1,000,000  27.4/s  upd=24101  L=0.0090  D=0.246
[regir_norefil] saved resume t_env=940,197
[regir_norefil] 9:32:02  940,197/1,000,000  27.4/s  upd=24104  L=0.0083  ev=0/100  D=0.246
[regir_norefil] 9:32:12  940,197/1,000,000  27.4/s  upd=24104  L=0.0083  ev=80/100  D=0.246
[regir_norefil] report refresh skipped: PermissionError
[regir_norefil] 9:32:22  940,467/1,000,000  27.4/s  upd=24112  L=0.0091  D=0.287
[regir_norefil] 9:32:33  941,130/1,000,000  27.4/s  upd=24126  L=0.0178  D=0.287
[regir_norefil] 9:32:43  941,673/1,000,000  27.4/s  upd=24138  L=0.0097  D=0.287
[regir_norefil] 9:32:54  941,936/1,000,000  27.4/s  upd=24150  L=0.0097  D=0.287
[regir_norefil] 9:33:05  942,608/1,000,000  27.4/s  upd=24163  L=0.0098  D=0.287
[regir_norefil] 9:33:15  942,891/1,000,000  27.4/s  upd=24175  L=0.0124  D=0.287
[regir_norefil] 9:33:25  943,456/1,000,000  27.4/s  upd=24189  L=0.0166  D=0.287
[regir_norefil] 9:33:36  943,992/1,000,000  27.4/s  upd=24205  L=0.0093  D=0.287
[regir_norefil] 9:33:46  944,560/1,000,000  27.4/s  upd=24221  L=0.0163  D=0.287
[regir_norefil] 9:33:56  945,170/1,000,000  27.4/s  upd=24235  L=0.0184  D=0.287
[regir_norefil] 9:34:06  945,460/1,000,000  27.4/s  upd=24248  L=0.0082  D=0.287
[regir_norefil] 9:34:17  946,057/1,000,000  27.5/s  upd=24260  L=0.0105  D=0.287
[regir_norefil] 9:34:27  946,330/1,000,000  27.5/s  upd=24270  L=0.0111  D=0.287
[regir_norefil] 9:34:38  946,609/1,000,000  27.5/s  upd=24280  L=0.0090  D=0.287
[regir_norefil] 9:34:49  947,165/1,000,000  27.5/s  upd=24293  L=0.0145  D=0.287
[regir_norefil] report refresh skipped: PermissionError
[regir_norefil] 9:34:59  947,423/1,000,000  27.5/s  upd=24304  L=0.0084  D=0.287
[regir_norefil] 9:35:09  947,991/1,000,000  27.5/s  upd=24316  L=0.0099  D=0.287
[regir_norefil] 9:35:20  948,551/1,000,000  27.5/s  upd=24329  L=0.0116  D=0.287
[regir_norefil] 9:35:30  948,849/1,000,000  27.5/s  upd=24343  L=0.0097  D=0.287
[regir_norefil] 9:35:40  949,399/1,000,000  27.5/s  upd=24354  L=0.0081  D=0.287
[regir_norefil] 9:35:51  949,673/1,000,000  27.5/s  upd=24367  L=0.0243  D=0.287
[regir_norefil] 9:36:01  950,207/1,000,000  27.5/s  upd=24379  L=0.0070  D=0.287
[regir_norefil] 9:36:12  950,504/1,000,000  27.5/s  upd=24390  L=0.0154  D=0.287
[regir_norefil] 9:36:22  950,797/1,000,000  27.5/s  upd=24400  L=0.0109  D=0.287
[regir_norefil] 9:36:33  951,405/1,000,000  27.5/s  upd=24413  L=0.0096  D=0.287
[regir_norefil] 9:36:43  951,693/1,000,000  27.5/s  upd=24423  L=0.0112  D=0.287
[regir_norefil] 9:36:53  952,299/1,000,000  27.5/s  upd=24434  L=0.0125  D=0.287
[regir_norefil] 9:37:04  952,569/1,000,000  27.5/s  upd=24447  L=0.0300  D=0.287
[regir_norefil] 9:37:15  953,167/1,000,000  27.5/s  upd=24457  L=0.0111  D=0.287
[regir_norefil] 9:37:25  953,504/1,000,000  27.5/s  upd=24471  L=0.0109  D=0.287
[regir_norefil] 9:37:36  954,110/1,000,000  27.5/s  upd=24484  L=0.0097  D=0.287
[regir_norefil] 9:37:46  954,406/1,000,000  27.5/s  upd=24493  L=0.0066  D=0.287
[regir_norefil] 9:37:56  954,657/1,000,000  27.5/s  upd=24502  L=0.0121  D=0.287
[regir_norefil] 9:38:06  955,223/1,000,000  27.5/s  upd=24513  L=0.0149  D=0.287
[regir_norefil] 9:38:16  955,517/1,000,000  27.5/s  upd=24528  L=0.0100  D=0.287
[regir_norefil] 9:38:26  956,079/1,000,000  27.5/s  upd=24544  L=0.0057  D=0.287
[regir_norefil] 9:38:36  956,761/1,000,000  27.6/s  upd=24558  L=0.0116  D=0.287
[regir_norefil] 9:38:46  957,354/1,000,000  27.6/s  upd=24572  L=0.0108  D=0.287
[regir_norefil] 9:38:57  957,645/1,000,000  27.6/s  upd=24583  L=0.0101  D=0.287
[regir_norefil] 9:39:07  958,235/1,000,000  27.6/s  upd=24595  L=0.0233  D=0.287
[regir_norefil] 9:39:17  958,492/1,000,000  27.6/s  upd=24608  L=0.0128  D=0.287
[regir_norefil] 9:39:27  959,090/1,000,000  27.6/s  upd=24619  L=0.0096  D=0.287
[regir_norefil] 9:39:37  959,373/1,000,000  27.6/s  upd=24630  L=0.0135  D=0.287
[regir_norefil] 9:39:47  959,937/1,000,000  27.6/s  upd=24642  L=0.0087  D=0.287
[regir_norefil] 9:39:58  960,247/1,000,000  27.6/s  upd=24652  L=0.0076  D=0.287
[regir_norefil] saved resume t_env=960,247
[regir_norefil] 9:40:30  960,247/1,000,000  27.6/s  upd=24656  L=0.0122  ev=0/100  D=0.287
[regir_norefil] 9:40:40  960,247/1,000,000  27.6/s  upd=24656  L=0.0122  ev=55/100  D=0.287
[regir_norefil] report refresh skipped: PermissionError
[regir_norefil] report refresh skipped: PermissionError
[regir_norefil] 9:40:50  960,247/1,000,000  27.6/s  upd=24656  L=0.0122  D=0.532
[regir_norefil] 9:41:01  960,853/1,000,000  27.6/s  upd=24667  L=0.0097  D=0.532
[regir_norefil] 9:41:11  961,131/1,000,000  27.6/s  upd=24680  L=0.0069  D=0.532
[regir_norefil] 9:41:22  961,701/1,000,000  27.6/s  upd=24689  L=0.0123  D=0.532
[regir_norefil] 9:41:32  961,987/1,000,000  27.6/s  upd=24702  L=0.0118  D=0.532
[regir_norefil] 9:41:43  962,535/1,000,000  27.6/s  upd=24715  L=0.0134  D=0.532
[regir_norefil] 9:41:54  962,849/1,000,000  27.6/s  upd=24727  L=0.0125  D=0.532
[regir_norefil] 9:42:04  963,163/1,000,000  27.6/s  upd=24736  L=0.0077  D=0.532
[regir_norefil] 9:42:14  963,724/1,000,000  27.6/s  upd=24746  L=0.0088  D=0.532
[regir_norefil] 9:42:25  964,032/1,000,000  27.6/s  upd=24758  L=0.0085  D=0.532
[regir_norefil] 9:42:35  964,699/1,000,000  27.6/s  upd=24774  L=0.0097  D=0.532
[regir_norefil] 9:42:45  965,001/1,000,000  27.6/s  upd=24784  L=0.0090  D=0.532
[regir_norefil] 9:42:56  965,530/1,000,000  27.6/s  upd=24795  L=0.0092  D=0.532
[regir_norefil] 9:43:06  966,067/1,000,000  27.6/s  upd=24809  L=0.0123  D=0.532
[regir_norefil] 9:43:16  966,599/1,000,000  27.6/s  upd=24827  L=0.0099  D=0.532
[regir_norefil] 9:43:26  967,219/1,000,000  27.6/s  upd=24847  L=0.0129  D=0.532
[regir_norefil] 9:43:37  968,085/1,000,000  27.6/s  upd=24865  L=0.0119  D=0.532
[regir_norefil] 9:43:47  968,397/1,000,000  27.6/s  upd=24880  L=0.0111  D=0.532
[regir_norefil] 9:43:57  969,003/1,000,000  27.7/s  upd=24894  L=0.0126  D=0.532
[regir_norefil] 9:44:07  969,567/1,000,000  27.7/s  upd=24911  L=0.0092  D=0.532
[regir_norefil] 9:44:17  970,136/1,000,000  27.7/s  upd=24928  L=0.0106  D=0.532
[regir_norefil] 9:44:27  970,680/1,000,000  27.7/s  upd=24942  L=0.0102  D=0.532
[regir_norefil] 9:44:37  971,191/1,000,000  27.7/s  upd=24960  L=0.0079  D=0.532
[regir_norefil] 9:44:48  971,817/1,000,000  27.7/s  upd=24975  L=0.0096  D=0.532
[regir_norefil] 9:44:58  972,390/1,000,000  27.7/s  upd=24992  L=0.0077  D=0.532
[regir_norefil] 9:45:08  972,967/1,000,000  27.7/s  upd=25008  L=0.0103  D=0.532
[regir_norefil] 9:45:18  973,524/1,000,000  27.7/s  upd=25024  L=0.0082  D=0.532
[regir_norefil] 9:45:28  974,067/1,000,000  27.7/s  upd=25040  L=0.0237  D=0.532
[regir_norefil] 9:45:38  974,657/1,000,000  27.7/s  upd=25054  L=0.0067  D=0.532
[regir_norefil] 9:45:49  975,241/1,000,000  27.7/s  upd=25071  L=0.0083  D=0.532
[regir_norefil] report refresh skipped: PermissionError
[regir_norefil] 9:45:59  975,741/1,000,000  27.8/s  upd=25088  L=0.0090  D=0.532
[regir_norefil] 9:46:09  976,614/1,000,000  27.8/s  upd=25105  L=0.0086  D=0.532
[regir_norefil] 9:46:20  977,195/1,000,000  27.8/s  upd=25124  L=0.0062  D=0.532
[regir_norefil] 9:46:30  977,743/1,000,000  27.8/s  upd=25144  L=0.0099  D=0.532
[regir_norefil] 9:46:40  978,516/1,000,000  27.8/s  upd=25163  L=0.0138  D=0.532
[regir_norefil] 9:46:50  979,042/1,000,000  27.8/s  upd=25179  L=0.0088  D=0.532
[regir_norefil] 9:47:00  979,623/1,000,000  27.8/s  upd=25193  L=0.0118  D=0.532
[regir_norefil] 9:47:10  980,151/1,000,000  27.8/s  upd=25210  L=0.0142  D=0.532
[regir_norefil] saved resume t_env=980,151
[regir_norefil] 9:47:35  980,151/1,000,000  27.8/s  upd=25216  L=0.0114  ev=0/100  D=0.532
[regir_norefil] 9:47:45  980,151/1,000,000  27.8/s  upd=25216  L=0.0114  ev=56/100  D=0.532
[regir_norefil] report refresh skipped: PermissionError
[regir_norefil] 9:47:55  980,426/1,000,000  27.8/s  upd=25217  L=0.0080  D=0.242
[regir_norefil] 9:48:05  980,698/1,000,000  27.8/s  upd=25232  L=0.0143  D=0.242
[regir_norefil] 9:48:15  981,264/1,000,000  27.8/s  upd=25248  L=0.0082  D=0.242
[regir_norefil] 9:48:26  981,819/1,000,000  27.8/s  upd=25257  L=0.0131  D=0.242
[regir_norefil] 9:48:36  982,090/1,000,000  27.8/s  upd=25271  L=0.0073  D=0.242
[regir_norefil] 9:48:46  982,346/1,000,000  27.8/s  upd=25280  L=0.0084  D=0.242
[regir_norefil] 9:48:57  982,604/1,000,000  27.8/s  upd=25288  L=0.0110  D=0.242
[regir_norefil] 9:49:07  983,139/1,000,000  27.8/s  upd=25300  L=0.0107  D=0.242
[regir_norefil] 9:49:17  983,451/1,000,000  27.8/s  upd=25311  L=0.0116  D=0.242
[regir_norefil] 9:49:27  983,715/1,000,000  27.8/s  upd=25320  L=0.0098  D=0.242
[regir_norefil] 9:49:37  984,256/1,000,000  27.8/s  upd=25329  L=0.0083  D=0.242
[regir_norefil] 9:49:48  984,535/1,000,000  27.8/s  upd=25342  L=0.0121  D=0.242
[regir_norefil] 9:49:58  985,097/1,000,000  27.8/s  upd=25358  L=0.0106  D=0.242
[regir_norefil] 9:50:08  985,663/1,000,000  27.8/s  upd=25373  L=0.0062  D=0.242
[regir_norefil] 9:50:19  986,534/1,000,000  27.9/s  upd=25393  L=0.0056  D=0.242
[regir_norefil] 9:50:29  987,090/1,000,000  27.9/s  upd=25412  L=0.0104  D=0.242
[regir_norefil] 9:50:40  987,683/1,000,000  27.9/s  upd=25429  L=0.0147  D=0.242
[regir_norefil] 9:50:50  988,270/1,000,000  27.9/s  upd=25448  L=0.0106  D=0.242
[regir_norefil] report refresh skipped: PermissionError
[regir_norefil] 9:51:01  989,162/1,000,000  27.9/s  upd=25470  L=0.0074  D=0.242
[regir_norefil] 9:51:11  990,017/1,000,000  27.9/s  upd=25491  L=0.0092  D=0.242
[regir_norefil] 9:51:21  990,582/1,000,000  27.9/s  upd=25511  L=0.0064  D=0.242
[regir_norefil] 9:51:31  991,449/1,000,000  27.9/s  upd=25530  L=0.0085  D=0.242
[regir_norefil] 9:51:42  992,038/1,000,000  27.9/s  upd=25550  L=0.0104  D=0.242
[regir_norefil] 9:51:52  992,924/1,000,000  28.0/s  upd=25569  L=0.0071  D=0.242
[regir_norefil] 9:52:02  993,555/1,000,000  28.0/s  upd=25589  L=0.0187  D=0.242
[regir_norefil] 9:52:12  994,113/1,000,000  28.0/s  upd=25608  L=0.0063  D=0.242
[regir_norefil] 9:52:22  994,959/1,000,000  28.0/s  upd=25626  L=0.0120  D=0.242
[regir_norefil] 9:52:32  995,560/1,000,000  28.0/s  upd=25644  L=0.0117  D=0.242
[regir_norefil] 9:52:42  996,155/1,000,000  28.0/s  upd=25664  L=0.0075  D=0.242
[regir_norefil] 9:52:53  996,990/1,000,000  28.0/s  upd=25682  L=0.0066  D=0.242
[regir_norefil] 9:53:03  997,607/1,000,000  28.0/s  upd=25701  L=0.0120  D=0.242
[regir_norefil] 9:53:13  998,202/1,000,000  28.0/s  upd=25720  L=0.0109  D=0.242
[regir_norefil] 9:53:23  999,049/1,000,000  28.1/s  upd=25741  L=0.0132  D=0.242
[regir_norefil] 9:53:34  999,591/1,000,000  28.1/s  upd=25760  L=0.0108  D=0.242
[regir_norefil] saved resume t_env=1,000,000
[regir_norefil] 9:54:02  1,000,000/1,000,000  28.1/s  upd=25776  L=0.0087  ev=0/100  D=0.242
[regir_norefil] report refresh skipped: PermissionError
[regir_norefil] saved resume t_env=1,000,000
[regir_norefil] report refresh skipped: PermissionError
