method,split,arm,checkpoint,config,seed,episodes,selection_status,D,reward,macs,episode_wall_seconds,mean_depth
refil,confirm,original,final@1000000,"[4, 4, 2]",0,300,,0.2862419457307008,-0.2862419457307008,0.0,0.4922908832214307,0.0
refil,confirm,original,final@1000000,"[4, 4, 2]",1,300,,0.41597853991527906,-0.41597853991527906,0.0,0.5192329048382817,0.0
refil,confirm,original,final@1000000,"[4, 4, 2]",2,300,,0.4961935243970374,-0.4961935243970374,0.0,0.521331188356077,0.0
refil,confirm,original,final@1000000,"[5, 5, 2]",0,300,,0.38937821462703,-0.38937821462703,0.0,0.5581812130264007,0.0
refil,confirm,original,final@1000000,"[5, 5, 2]",1,300,,0.47886184518997793,-0.47886184518997793,0.0,0.5687301220137548,0.0
refil,confirm,original,final@1000000,"[5, 5, 2]",2,300,,0.5160477844308434,-0.5160477844308434,0.0,0.5555115128842105,0.0
refil,confirm,original,final@1000000,"[6, 6, 2]",0,300,,0.45670088130784453,-0.45670088130784453,0.0,0.5676125322125154,0.0
refil,confirm,original,final@1000000,"[6, 6, 2]",1,300,,0.5512248333870196,-0.5512248333870196,0.0,0.5895284560881555,0.0
refil,confirm,original,final@1000000,"[6, 6, 2]",2,300,,0.6924462910393485,-0.6924462910393485,0.0,0.5665549654131368,0.0
refil,confirm,original,final@1000000,"[8, 8, 2]",0,300,,0.6804578896214569,-0.6804578896214569,0.0,0.6136512473200371,0.0
refil,confirm,original,final@1000000,"[8, 8, 2]",1,300,,0.6046536147880699,-0.6046536147880699,0.0,0.6553596119912496,0.0
refil,confirm,original,final@1000000,"[8, 8, 2]",2,300,,0.8203559679486494,-0.8203559679486494,0.0,0.62986438777841,0.0
refil,confirm,original,final@1000000,"[10, 10, 2]",0,300,,0.8734472325671153,-0.8734472325671153,0.0,0.6493086431664414,0.0
refil,confirm,original,final@1000000,"[10, 10, 2]",1,300,,0.8179373441359663,-0.8179373441359663,0.0,0.6623826158762677,0.0
refil,confirm,original,final@1000000,"[10, 10, 2]",2,300,,0.918984910595078,-0.918984910595078,0.0,0.6613166017954548,0.0
refil,confirm,original,final@1000000,"[10, 10, 3]",0,300,,1.0274548344590668,-1.0274548344590668,0.0,0.6536306554199351,0.0
refil,confirm,original,final@1000000,"[10, 10, 3]",1,300,,0.9601902519151095,-0.9601902519151095,0.0,0.6948374100134243,0.0
refil,confirm,original,final@1000000,"[10, 10, 3]",2,300,,1.0974977872715146,-1.0974977872715146,0.0,0.6627248482671955,0.0
refil,confirm,original,final@1000000,"[10, 10, 4]",0,300,,0.9816556559904991,-0.9816556559904991,0.0,0.6595225146647621,0.0
refil,confirm,original,final@1000000,"[10, 10, 4]",1,300,,1.056264037817417,-1.056264037817417,0.0,0.7107153642629661,0.0
refil,confirm,original,final@1000000,"[10, 10, 4]",2,300,,1.2447703313943355,-1.2447703313943355,0.0,0.66181287509234,0.0
refil,confirm,original,final@1000000,"[10, 10, 6]",0,300,,1.2170169906010657,-1.2170169906010657,0.0,0.6737630864869182,0.0
refil,confirm,original,final@1000000,"[10, 10, 6]",1,300,,1.4789490447694758,-1.4789490447694758,0.0,0.6931649692407033,0.0
refil,confirm,original,final@1000000,"[10, 10, 6]",2,300,,1.6049084126220456,-1.6049084126220456,0.0,0.6885652766782248,0.0
refil,confirm,original,final@1000000,"[10, 10, 9]",0,300,,1.4921280788291014,-1.4921280788291014,0.0,0.7209596272362008,0.0
refil,confirm,original,final@1000000,"[10, 10, 9]",1,300,,1.9558268019486136,-1.9558268019486136,0.0,0.7197356788812127,0.0
refil,confirm,original,final@1000000,"[10, 10, 9]",2,300,,2.1423142311180663,-2.1423142311180663,0.0,0.6636656567489263,0.0
refil,confirm,original,final@1000000,"[10, 10, 12]",0,300,,1.9265235047826668,-1.9265235047826668,0.0,0.7327863129598943,0.0
refil,confirm,original,final@1000000,"[10, 10, 12]",1,300,,2.457610549089944,-2.457610549089944,0.0,0.7725310345548981,0.0
refil,confirm,original,final@1000000,"[10, 10, 12]",2,300,,2.85342418642425,-2.85342418642425,0.0,0.6888353575001626,0.0
refil,confirm,original,final@1000000,"[15, 15, 2]",0,300,,1.380516606367575,-1.380516606367575,0.0,0.8254288746232245,0.0
refil,confirm,original,final@1000000,"[15, 15, 2]",1,300,,1.414544509399758,-1.414544509399758,0.0,0.8449002459189311,0.0
refil,confirm,original,final@1000000,"[15, 15, 2]",2,300,,1.2889109138489159,-1.2889109138489159,0.0,0.7147900519164978,0.0
refil,confirm,original,final@1000000,"[15, 15, 4]",0,300,,1.7685035377031066,-1.7685035377031066,0.0,0.8249929754860932,0.0
refil,confirm,original,final@1000000,"[15, 15, 4]",1,300,,1.7715254310635722,-1.7715254310635722,0.0,0.8138838743501886,0.0
refil,confirm,original,final@1000000,"[15, 15, 4]",2,300,,1.6631671440570204,-1.6631671440570204,0.0,0.7105936533814141,0.0
refil,confirm,original,final@1000000,"[15, 15, 6]",0,300,,2.0983428116168024,-2.0983428116168024,0.0,0.7830922121653566,0.0
refil,confirm,original,final@1000000,"[15, 15, 6]",1,300,,2.339327540331148,-2.339327540331148,0.0,0.820993069523635,0.0
refil,confirm,original,final@1000000,"[15, 15, 6]",2,300,,2.4288962567111745,-2.4288962567111745,0.0,0.7550072249684793,0.0
refil,confirm,original,final@1000000,"[20, 20, 2]",0,300,,1.9347493674978429,-1.9347493674978429,0.0,0.9322310457844287,0.0
refil,confirm,original,final@1000000,"[20, 20, 2]",1,300,,1.7654925950510083,-1.7654925950510083,0.0,0.9205433867314908,0.0
refil,confirm,original,final@1000000,"[20, 20, 2]",2,300,,1.7596455670018558,-1.7596455670018558,0.0,0.8144304999375406,0.0
refil,confirm,original,final@1000000,"[20, 20, 4]",0,300,,2.2921549940593,-2.2921549940593,0.0,0.905932478987961,0.0
refil,confirm,original,final@1000000,"[20, 20, 4]",1,300,,2.35443319043236,-2.35443319043236,0.0,0.9199121057756323,0.0
refil,confirm,original,final@1000000,"[20, 20, 4]",2,300,,2.251400079651221,-2.251400079651221,0.0,0.8475667615442459,0.0
refil,confirm,original,final@1000000,"[20, 20, 6]",0,300,,2.718951477829871,-2.718951477829871,0.0,0.9386893384199356,0.0
refil,confirm,original,final@1000000,"[20, 20, 6]",1,300,,3.0271605072590706,-3.0271605072590706,0.0,0.9691915982032272,0.0
refil,confirm,original,final@1000000,"[20, 20, 6]",2,300,,2.971425001178365,-2.971425001178365,0.0,0.8780580519267823,0.0
refil,confirm,original,final@1000000,"[25, 25, 2]",0,300,,2.019625863567583,-2.019625863567583,0.0,0.9741572874933869,0.0
refil,confirm,original,final@1000000,"[25, 25, 2]",1,300,,2.0061655105763463,-2.0061655105763463,0.0,1.0089759541355305,0.0
refil,confirm,original,final@1000000,"[25, 25, 2]",2,300,,1.7763284797442846,-1.7763284797442846,0.0,0.9372653168113902,0.0
refil,confirm,original,final@1000000,"[30, 30, 2]",0,300,,2.309206639673758,-2.309206639673758,0.0,1.0373198914537594,0.0
refil,confirm,original,final@1000000,"[30, 30, 2]",1,300,,2.722285979890877,-2.722285979890877,0.0,1.1290175151015864,0.0
refil,confirm,original,final@1000000,"[30, 30, 2]",2,300,,2.0925077068233615,-2.0925077068233615,0.0,1.0405415522908636,0.0
refil,confirm,original,final@1000000,"[30, 30, 4]",0,300,,2.715742203595051,-2.715742203595051,0.0,1.0793006881753293,0.0
refil,confirm,original,final@1000000,"[30, 30, 4]",1,300,,3.3185577205956487,-3.3185577205956487,0.0,1.1387778130272637,0.0
refil,confirm,original,final@1000000,"[30, 30, 4]",2,300,,2.876870905620899,-2.876870905620899,0.0,1.0859312175299662,0.0
refil,confirm,original,final@1000000,"[30, 30, 6]",0,300,,3.4524218584785973,-3.4524218584785973,0.0,1.1522755863218723,0.0
refil,confirm,original,final@1000000,"[30, 30, 6]",1,300,,4.451602193954631,-4.451602193954631,0.0,1.1853124958395105,0.0
refil,confirm,original,final@1000000,"[30, 30, 6]",2,300,,3.5126979061253483,-3.5126979061253483,0.0,1.147676517838651,0.0
refil,confirm,original,final@1000000,"[30, 30, 9]",0,300,,3.999579978635311,-3.999579978635311,0.0,1.1961899081887288,0.0
refil,confirm,original,final@1000000,"[30, 30, 9]",1,300,,5.52207956821787,-5.52207956821787,0.0,1.2098767074461405,0.0
refil,confirm,original,final@1000000,"[30, 30, 9]",2,300,,4.343304218835624,-4.343304218835624,0.0,1.1694897879865798,0.0
refil,confirm,original,final@1000000,"[30, 30, 12]",0,300,,4.590545541045867,-4.590545541045867,0.0,1.3021560494382478,0.0
refil,confirm,original,final@1000000,"[30, 30, 12]",1,300,,6.667693128517469,-6.667693128517469,0.0,1.285934215337426,0.0
refil,confirm,original,final@1000000,"[30, 30, 12]",2,300,,5.514385830484978,-5.514385830484978,0.0,1.2651889943913557,0.0
refil,confirm,original,final@1000000,"[40, 40, 2]",0,300,,2.507416670627691,-2.507416670627691,0.0,1.3051432050714113,0.0
refil,confirm,original,final@1000000,"[40, 40, 2]",1,300,,3.1113243272687368,-3.1113243272687368,0.0,1.3754143116023625,0.0
refil,confirm,original,final@1000000,"[40, 40, 2]",2,300,,2.3542273637239166,-2.3542273637239166,0.0,1.2994485187745886,0.0
refil,confirm,original,final@1000000,"[50, 50, 2]",0,300,,2.585685770303992,-2.585685770303992,0.0,1.5760131367965369,0.0
refil,confirm,original,final@1000000,"[50, 50, 2]",1,300,,3.5705948525913485,-3.5705948525913485,0.0,1.63885421507662,0.0
refil,confirm,original,final@1000000,"[50, 50, 2]",2,300,,2.4215063473995526,-2.4215063473995526,0.0,1.5425085465148247,0.0
refil,eval,original,final@1000000,"[4, 4, 2]",0,300,,0.28252216587923124,-0.28252216587923124,0.0,0.7982267204361657,0.0
refil,eval,original,final@1000000,"[4, 4, 2]",1,300,,0.4235874776299457,-0.4235874776299457,0.0,0.6428947957449903,0.0
refil,eval,original,final@1000000,"[4, 4, 2]",2,300,,0.5044053432087274,-0.5044053432087274,0.0,0.4142152858550738,0.0
refil,eval,original,final@1000000,"[5, 5, 2]",0,300,,0.4922282616957921,-0.4922282616957921,0.0,0.8140778074692935,0.0
refil,eval,original,final@1000000,"[5, 5, 2]",1,300,,0.5321250411321198,-0.5321250411321198,0.0,0.6538690350608279,0.0
refil,eval,original,final@1000000,"[5, 5, 2]",2,300,,0.6436597420059809,-0.6436597420059809,0.0,0.44403561802910796,0.0
refil,eval,original,final@1000000,"[6, 6, 2]",0,300,,0.5878194554502627,-0.5878194554502627,0.0,0.831340901342531,0.0
refil,eval,original,final@1000000,"[6, 6, 2]",1,300,,0.6139404048262005,-0.6139404048262005,0.0,0.6861163191900899,0.0
refil,eval,original,final@1000000,"[6, 6, 2]",2,300,,0.6479432125142353,-0.6479432125142353,0.0,0.4964597141263463,0.0
refil,eval,original,final@1000000,"[8, 8, 2]",0,300,,0.816643180649924,-0.816643180649924,0.0,0.8864590139656017,0.0
refil,eval,original,final@1000000,"[8, 8, 2]",1,300,,0.7423470390357174,-0.7423470390357174,0.0,0.7418490668789794,0.0
refil,eval,original,final@1000000,"[8, 8, 2]",2,300,,0.840752572501965,-0.840752572501965,0.0,0.5815752967311224,0.0
refil,eval,original,final@1000000,"[10, 10, 2]",0,300,,1.003446398835984,-1.003446398835984,0.0,0.9023910567102333,0.0
refil,eval,original,final@1000000,"[10, 10, 2]",1,300,,0.9206052069155859,-0.9206052069155859,0.0,0.8139835733082146,0.0
refil,eval,original,final@1000000,"[10, 10, 2]",2,300,,1.0891681908089006,-1.0891681908089006,0.0,0.64379247347281,0.0
refil,eval,original,final@1000000,"[10, 10, 3]",0,300,,1.0663180042856524,-1.0663180042856524,0.0,0.8703424899590512,0.0
refil,eval,original,final@1000000,"[10, 10, 3]",1,300,,0.9942111733259249,-0.9942111733259249,0.0,0.7301151099335402,0.0
refil,eval,original,final@1000000,"[10, 10, 3]",2,300,,1.1348551886524474,-1.1348551886524474,0.0,0.6575568833258391,0.0
refil,eval,original,final@1000000,"[10, 10, 4]",0,300,,1.2038188918499464,-1.2038188918499464,0.0,0.9335374137790253,0.0
refil,eval,original,final@1000000,"[10, 10, 4]",1,300,,1.3080103525287687,-1.3080103525287687,0.0,0.7819736282837888,0.0
refil,eval,original,final@1000000,"[10, 10, 4]",2,300,,1.3673570932403938,-1.3673570932403938,0.0,0.678766178265602,0.0
refil,eval,original,final@1000000,"[10, 10, 6]",0,300,,1.325163740835143,-1.325163740835143,0.0,0.8853983377727369,0.0
refil,eval,original,final@1000000,"[10, 10, 6]",1,300,,1.4443111957432428,-1.4443111957432428,0.0,0.7434246022471537,0.0
refil,eval,original,final@1000000,"[10, 10, 6]",2,300,,1.7962946236369814,-1.7962946236369814,0.0,0.7012595453332566,0.0
refil,eval,original,final@1000000,"[10, 10, 9]",0,300,,1.4289772070410287,-1.4289772070410287,0.0,0.8627239555120468,0.0
refil,eval,original,final@1000000,"[10, 10, 9]",1,300,,1.9298028072281486,-1.9298028072281486,0.0,0.7476116582844406,0.0
refil,eval,original,final@1000000,"[10, 10, 9]",2,300,,2.2708003478732537,-2.2708003478732537,0.0,0.7014018834203792,0.0
refil,eval,original,final@1000000,"[10, 10, 12]",0,300,,1.9635111371294816,-1.9635111371294816,0.0,0.9390179133135825,0.0
refil,eval,original,final@1000000,"[10, 10, 12]",1,300,,2.7276338827455477,-2.7276338827455477,0.0,0.7641561923051874,0.0
refil,eval,original,final@1000000,"[10, 10, 12]",2,300,,2.8270958550380834,-2.8270958550380834,0.0,0.7267902803939069,0.0
refil,eval,original,final@1000000,"[15, 15, 2]",0,300,,1.49901852212691,-1.49901852212691,0.0,1.0232471887550005,0.0
refil,eval,original,final@1000000,"[15, 15, 2]",1,300,,1.4265749816936026,-1.4265749816936026,0.0,0.8779127842125793,0.0
refil,eval,original,final@1000000,"[15, 15, 2]",2,300,,1.3848008824667901,-1.3848008824667901,0.0,0.8180164148893285,0.0
refil,eval,original,final@1000000,"[15, 15, 4]",0,300,,1.6888937939739503,-1.6888937939739503,0.0,0.9850880056309204,0.0
refil,eval,original,final@1000000,"[15, 15, 4]",1,300,,1.9191270029321272,-1.9191270029321272,0.0,0.8239060819257672,0.0
refil,eval,original,final@1000000,"[15, 15, 4]",2,300,,1.9414550296141995,-1.9414550296141995,0.0,0.8347505941234219,0.0
refil,eval,original,final@1000000,"[15, 15, 6]",0,300,,1.862277462243036,-1.862277462243036,0.0,1.025834978511557,0.0
refil,eval,original,final@1000000,"[15, 15, 6]",1,300,,2.0598095097362727,-2.0598095097362727,0.0,0.8272569743052979,0.0
refil,eval,original,final@1000000,"[15, 15, 6]",2,300,,2.3049624414653627,-2.3049624414653627,0.0,0.8156090736358116,0.0
refil,eval,original,final@1000000,"[20, 20, 2]",0,300,,1.787000897853794,-1.787000897853794,0.0,1.0938327994539092,0.0
refil,eval,original,final@1000000,"[20, 20, 2]",1,300,,1.9377020660286814,-1.9377020660286814,0.0,0.9587464845558862,0.0
refil,eval,original,final@1000000,"[20, 20, 2]",2,300,,1.5987469666889855,-1.5987469666889855,0.0,0.9195411830360536,0.0
refil,eval,original,final@1000000,"[20, 20, 4]",0,300,,2.4716695365662615,-2.4716695365662615,0.0,1.100990698610743,0.0
refil,eval,original,final@1000000,"[20, 20, 4]",1,300,,2.394320834767368,-2.394320834767368,0.0,0.877527544790258,0.0
refil,eval,original,final@1000000,"[20, 20, 4]",2,300,,2.2908924873097787,-2.2908924873097787,0.0,0.8996818987169536,0.0
refil,eval,original,final@1000000,"[20, 20, 6]",0,300,,2.6967553563255966,-2.6967553563255966,0.0,1.105085736035059,0.0
refil,eval,original,final@1000000,"[20, 20, 6]",1,300,,2.897089986976112,-2.897089986976112,0.0,0.8955732996511506,0.0
refil,eval,original,final@1000000,"[20, 20, 6]",2,300,,2.812469020084756,-2.812469020084756,0.0,0.9134409522631904,0.0
refil,eval,original,final@1000000,"[25, 25, 2]",0,300,,2.059628247171497,-2.059628247171497,0.0,1.2530706206678102,0.0
refil,eval,original,final@1000000,"[25, 25, 2]",1,300,,2.022723482353399,-2.022723482353399,0.0,0.9855952234888294,0.0
refil,eval,original,final@1000000,"[25, 25, 2]",2,300,,1.8165209053872464,-1.8165209053872464,0.0,1.0636494438602433,0.0
refil,eval,original,final@1000000,"[30, 30, 2]",0,300,,2.499096274512934,-2.499096274512934,0.0,1.453732266969358,0.0
refil,eval,original,final@1000000,"[30, 30, 2]",1,300,,2.5906953869744576,-2.5906953869744576,0.0,1.0870318155856027,0.0
refil,eval,original,final@1000000,"[30, 30, 2]",2,300,,2.10958520884635,-2.10958520884635,0.0,1.1436087425091925,0.0
refil,eval,original,final@1000000,"[30, 30, 4]",0,300,,3.2646373724321993,-3.2646373724321993,0.0,1.3756623091424505,0.0
refil,eval,original,final@1000000,"[30, 30, 4]",1,300,,3.5707157829596605,-3.5707157829596605,0.0,1.1146159246736593,0.0
refil,eval,original,final@1000000,"[30, 30, 4]",2,300,,2.9371068783447933,-2.9371068783447933,0.0,1.1568608430796303,0.0
refil,eval,original,final@1000000,"[30, 30, 6]",0,300,,3.3979062135391374,-3.3979062135391374,0.0,1.3701182506233454,0.0
refil,eval,original,final@1000000,"[30, 30, 6]",1,300,,4.419708605879899,-4.419708605879899,0.0,1.1349398700590245,0.0
refil,eval,original,final@1000000,"[30, 30, 6]",2,300,,3.403463128945579,-3.403463128945579,0.0,1.1437417681717004,0.0
refil,eval,original,final@1000000,"[30, 30, 9]",0,300,,4.117866220052258,-4.117866220052258,0.0,1.4729533593170345,0.0
refil,eval,original,final@1000000,"[30, 30, 9]",1,300,,5.201443616414264,-5.201443616414264,0.0,1.1943733822150777,0.0
refil,eval,original,final@1000000,"[30, 30, 9]",2,300,,5.061386160341575,-5.061386160341575,0.0,1.2130608297735064,0.0
refil,eval,original,final@1000000,"[30, 30, 12]",0,300,,4.507836491343238,-4.507836491343238,0.0,1.512029446431746,0.0
refil,eval,original,final@1000000,"[30, 30, 12]",1,300,,6.499035952079657,-6.499035952079657,0.0,1.2645996576002412,0.0
refil,eval,original,final@1000000,"[30, 30, 12]",2,300,,5.621650392050373,-5.621650392050373,0.0,1.279116147029757,0.0
refil,eval,original,final@1000000,"[40, 40, 2]",0,300,,2.5430173031375904,-2.5430173031375904,0.0,1.527881401637569,0.0
refil,eval,original,final@1000000,"[40, 40, 2]",1,300,,2.95673935568392,-2.95673935568392,0.0,1.2999888699443545,0.0
refil,eval,original,final@1000000,"[40, 40, 2]",2,300,,2.248340975018025,-2.248340975018025,0.0,1.289838007375365,0.0
refil,eval,original,final@1000000,"[50, 50, 2]",0,300,,2.7672352569273366,-2.7672352569273366,0.0,1.7309256679657847,0.0
refil,eval,original,final@1000000,"[50, 50, 2]",1,300,,4.044302650960392,-4.044302650960392,0.0,1.5598844309921454,0.0
refil,eval,original,final@1000000,"[50, 50, 2]",2,300,,2.4731771018648754,-2.4731771018648754,0.0,1.5590104120251878,0.0
regir_bidirectional_nomem,adaptive,adaptive,final@1000000,"[4, 4, 2]",0,300,qualified,0.14263990375643187,-0.14263990375643187,2975684256.64,1.9356274867461374,2.439717547013626
regir_bidirectional_nomem,adaptive,adaptive,final@1000000,"[4, 4, 2]",1,300,qualified,0.38137874724950144,-0.38137874724950144,3141305885.866667,1.154166337470718,2.3755853078337283
regir_bidirectional_nomem,adaptive,adaptive,final@1000000,"[4, 4, 2]",2,300,qualified,0.2819653490960736,-0.2819653490960736,2946908430.5066667,0.8587081383129892,2.3573885305954243
regir_bidirectional_nomem,adaptive,adaptive,final@1000000,"[5, 5, 2]",0,300,qualified,0.2082570403760974,-0.2082570403760974,3402697561.6,2.4428358475037384,2.4288708924323545
regir_bidirectional_nomem,adaptive,adaptive,final@1000000,"[5, 5, 2]",1,300,qualified,0.3708297250113861,-0.3708297250113861,3410433612.8,1.0432426409733793,2.361687718738711
regir_bidirectional_nomem,adaptive,adaptive,final@1000000,"[5, 5, 2]",2,300,qualified,0.2604692831983505,-0.2604692831983505,3307194872.5333333,0.8950678575681135,2.3476561665638465
regir_bidirectional_nomem,adaptive,adaptive,final@1000000,"[6, 6, 2]",0,300,qualified,0.2600977844249242,-0.2600977844249242,3803543284.693333,2.4294923490084086,2.418873620863667
regir_bidirectional_nomem,adaptive,adaptive,final@1000000,"[6, 6, 2]",1,300,qualified,0.31788676457772547,-0.31788676457772547,3749066056.1066666,1.1177811828736837,2.3497896925089345
regir_bidirectional_nomem,adaptive,adaptive,final@1000000,"[6, 6, 2]",2,300,qualified,0.26358193719305023,-0.26358193719305023,3694354238.2933335,0.9146086728363297,2.35240236392534
regir_bidirectional_nomem,adaptive,adaptive,final@1000000,"[8, 8, 2]",0,300,qualified,0.31253793910842803,-0.31253793910842803,4661725710.72,2.466505298006038,2.401718700014881
regir_bidirectional_nomem,adaptive,adaptive,final@1000000,"[8, 8, 2]",1,300,qualified,0.38406122137757503,-0.38406122137757503,4499623147.52,1.1491839961645505,2.3383146971271973
regir_bidirectional_nomem,adaptive,adaptive,final@1000000,"[8, 8, 2]",2,300,qualified,0.23855473426620635,-0.23855473426620635,4492999322.24,1.007456959093494,2.3647867318319045
regir_bidirectional_nomem,adaptive,adaptive,final@1000000,"[10, 10, 2]",0,300,qualified,0.4518973620008663,-0.4518973620008663,5353019481.173333,3.0824224255499817,2.4059834409252816
regir_bidirectional_nomem,adaptive,adaptive,final@1000000,"[10, 10, 2]",1,300,qualified,0.4701149753459543,-0.4701149753459543,5100223392.853333,1.151881249671181,2.3236796203661023
regir_bidirectional_nomem,adaptive,adaptive,final@1000000,"[10, 10, 2]",2,300,qualified,0.30819254917591293,-0.30819254917591293,5141336890.666667,1.0394435257978816,2.377069820618154
regir_bidirectional_nomem,adaptive,adaptive,final@1000000,"[10, 10, 3]",0,300,qualified,0.5968731902672937,-0.5968731902672937,5429600993.706667,3.0422445681477743,2.4170273024859057
regir_bidirectional_nomem,adaptive,adaptive,final@1000000,"[10, 10, 3]",1,300,qualified,0.6470655094996491,-0.6470655094996491,5079489775.36,1.1414076390303671,2.3458301028059467
regir_bidirectional_nomem,adaptive,adaptive,final@1000000,"[10, 10, 3]",2,300,qualified,0.38667446559030244,-0.38667446559030244,5096342293.973333,1.020804606420376,2.379859400476449
regir_bidirectional_nomem,adaptive,adaptive,final@1000000,"[10, 10, 4]",0,300,qualified,0.7042385868238814,-0.7042385868238814,5422119553.066667,3.0074929223384244,2.422159577339905
regir_bidirectional_nomem,adaptive,adaptive,final@1000000,"[10, 10, 4]",1,300,qualified,0.7103756989648669,-0.7103756989648669,5201392977.493333,1.1546401744056494,2.384348513575461
regir_bidirectional_nomem,adaptive,adaptive,final@1000000,"[10, 10, 4]",2,300,qualified,0.37142921635623555,-0.37142921635623555,5104226827.093333,1.039071270773614,2.3986019623564716
regir_bidirectional_nomem,adaptive,adaptive,final@1000000,"[10, 10, 6]",0,300,qualified,0.855164812303649,-0.855164812303649,5575564721.28,2.8583561830437976,2.45134516992648
regir_bidirectional_nomem,adaptive,adaptive,final@1000000,"[10, 10, 6]",1,300,qualified,0.785929713289035,-0.785929713289035,5220736315.093333,1.1140397512664397,2.4464478527868927
regir_bidirectional_nomem,adaptive,adaptive,final@1000000,"[10, 10, 6]",2,300,qualified,0.4978037590265139,-0.4978037590265139,5111844959.786667,1.046985998248565,2.420146308263535
regir_bidirectional_nomem,adaptive,adaptive,final@1000000,"[10, 10, 9]",0,300,qualified,1.5691179587473132,-1.5691179587473132,5800878690.133333,2.641016229810193,2.48709685643111
regir_bidirectional_nomem,adaptive,adaptive,final@1000000,"[10, 10, 9]",1,300,qualified,1.263977983726667,-1.263977983726667,5480266950.4,1.2243340060456345,2.548117446103875
regir_bidirectional_nomem,adaptive,adaptive,final@1000000,"[10, 10, 9]",2,300,qualified,0.9358155117906841,-0.9358155117906841,5206081067.52,1.099030874723685,2.453614350908957
regir_bidirectional_nomem,adaptive,adaptive,final@1000000,"[10, 10, 12]",0,300,qualified,3.400650763451079,-3.400650763451079,6363600980.266666,3.1891448245500214,2.536097411143624
regir_bidirectional_nomem,adaptive,adaptive,final@1000000,"[10, 10, 12]",1,300,qualified,2.3759173222096086,-2.3759173222096086,5867667070.506667,1.3328388526269312,2.636906202415551
regir_bidirectional_nomem,adaptive,adaptive,final@1000000,"[10, 10, 12]",2,300,qualified,0.9535217649589907,-0.9535217649589907,5330643939.2,1.1335498233740995,2.4841327109799813
regir_bidirectional_nomem,adaptive,adaptive,final@1000000,"[15, 15, 2]",0,300,qualified,0.6553789663085658,-0.6553789663085658,7320694116.693334,2.7312239470425994,2.4340713586551814
regir_bidirectional_nomem,adaptive,adaptive,final@1000000,"[15, 15, 2]",1,300,qualified,0.7053096015537754,-0.7053096015537754,7018149905.493333,1.2925451279969031,2.3369660180746448
regir_bidirectional_nomem,adaptive,adaptive,final@1000000,"[15, 15, 2]",2,300,qualified,0.29810008903894586,-0.29810008903894586,6931358788.053333,1.1489018118882086,2.3973577975254847
regir_bidirectional_nomem,adaptive,adaptive,final@1000000,"[15, 15, 4]",0,300,qualified,1.1617516928794551,-1.1617516928794551,7433411031.893333,2.7388441297524455,2.4407112291572326
regir_bidirectional_nomem,adaptive,adaptive,final@1000000,"[15, 15, 4]",1,300,qualified,0.9086494313284647,-0.9086494313284647,7017332855.253333,1.4417331964346036,2.3846425181368764
regir_bidirectional_nomem,adaptive,adaptive,final@1000000,"[15, 15, 4]",2,300,qualified,0.5305476928380498,-0.5305476928380498,6883234494.72,1.2139428977181281,2.42615249971555
regir_bidirectional_nomem,adaptive,adaptive,final@1000000,"[15, 15, 6]",0,300,qualified,1.5300463803464273,-1.5300463803464273,7641806002.346666,3.0569273905283385,2.4573224612344586
regir_bidirectional_nomem,adaptive,adaptive,final@1000000,"[15, 15, 6]",1,300,qualified,1.0058077478057,-1.0058077478057,7102419579.093333,1.377626387795317,2.456053690155736
regir_bidirectional_nomem,adaptive,adaptive,final@1000000,"[15, 15, 6]",2,300,qualified,0.6474004806455832,-0.6474004806455832,6986536389.76,1.2222105044161435,2.4541676219701256
regir_bidirectional_nomem,adaptive,adaptive,final@1000000,"[20, 20, 2]",0,300,qualified,1.013979481660314,-1.013979481660314,9285661020.16,3.033635403122947,2.4455353749557425
regir_bidirectional_nomem,adaptive,adaptive,final@1000000,"[20, 20, 2]",1,300,qualified,0.8575580436822992,-0.8575580436822992,8840970052.693333,1.4772739333628366,2.346854984908782
regir_bidirectional_nomem,adaptive,adaptive,final@1000000,"[20, 20, 2]",2,300,qualified,0.28829985519230206,-0.28829985519230206,8678154505.813334,1.3389839695981935,2.430962368167259
regir_bidirectional_nomem,adaptive,adaptive,final@1000000,"[20, 20, 4]",0,300,qualified,1.4494981121938368,-1.4494981121938368,9488047351.893333,2.781432600837822,2.458417384983734
regir_bidirectional_nomem,adaptive,adaptive,final@1000000,"[20, 20, 4]",1,300,qualified,1.202265317317213,-1.202265317317213,8831052368.853333,1.4848359848124286,2.395552149399311
regir_bidirectional_nomem,adaptive,adaptive,final@1000000,"[20, 20, 4]",2,300,qualified,0.6033060746862619,-0.6033060746862619,8628478097.28,1.2879570474692932,2.4549950008762456
regir_bidirectional_nomem,adaptive,adaptive,final@1000000,"[20, 20, 6]",0,300,qualified,2.0457892349599556,-2.0457892349599556,9638836012.16,2.8158953532481488,2.467901170817659
regir_bidirectional_nomem,adaptive,adaptive,final@1000000,"[20, 20, 6]",1,300,qualified,1.4279292094903495,-1.4279292094903495,8965657718.613333,1.5277679633832304,2.4607454688067616
regir_bidirectional_nomem,adaptive,adaptive,final@1000000,"[20, 20, 6]",2,300,qualified,0.8060014095025065,-0.8060014095025065,8741432849.706667,1.3296187754557467,2.4752679755615854
regir_bidirectional_nomem,adaptive,adaptive,final@1000000,"[25, 25, 2]",0,300,qualified,1.168025392527224,-1.168025392527224,11220704381.013334,2.83089842324475,2.4545314514642116
regir_bidirectional_nomem,adaptive,adaptive,final@1000000,"[25, 25, 2]",1,300,qualified,0.8880599492771055,-0.8880599492771055,10515555506.986666,1.5434521066044302,2.3536466280965724
regir_bidirectional_nomem,adaptive,adaptive,final@1000000,"[25, 25, 2]",2,300,qualified,0.40018680845103005,-0.40018680845103005,10403099203.626667,1.4131568801987062,2.4532667880568035
regir_bidirectional_nomem,adaptive,adaptive,final@1000000,"[30, 30, 2]",0,300,qualified,1.4430135539611548,-1.4430135539611548,13319616934.826666,3.0808314280242968,2.467285310799316
regir_bidirectional_nomem,adaptive,adaptive,final@1000000,"[30, 30, 2]",1,300,qualified,1.0764713706977707,-1.0764713706977707,12375299292.16,1.6190568984944063,2.372280267929597
regir_bidirectional_nomem,adaptive,adaptive,final@1000000,"[30, 30, 2]",2,300,qualified,0.39637190872447736,-0.39637190872447736,12244371284.266666,1.4802409594372148,2.474623139210541
regir_bidirectional_nomem,adaptive,adaptive,final@1000000,"[30, 30, 4]",0,300,qualified,2.599196929862572,-2.599196929862572,13374274108.8,3.0915902099884502,2.4729514585339736
regir_bidirectional_nomem,adaptive,adaptive,final@1000000,"[30, 30, 4]",1,300,qualified,1.6611784647739434,-1.6611784647739434,12247299595.306667,1.5965218472692262,2.410995511817913
regir_bidirectional_nomem,adaptive,adaptive,final@1000000,"[30, 30, 4]",2,300,qualified,0.6627388561380303,-0.6627388561380303,12100478313.173334,1.5101648257441895,2.4942338421389016
regir_bidirectional_nomem,adaptive,adaptive,final@1000000,"[30, 30, 6]",0,300,qualified,3.189744085189948,-3.189744085189948,13840089160.106667,3.1803924151069562,2.5020808587866696
regir_bidirectional_nomem,adaptive,adaptive,final@1000000,"[30, 30, 6]",1,300,qualified,2.1261649655408497,-2.1261649655408497,12463187562.453333,1.6730605910580683,2.4656499808213113
regir_bidirectional_nomem,adaptive,adaptive,final@1000000,"[30, 30, 6]",2,300,qualified,0.8323891368913903,-0.8323891368913903,12336909960.106667,1.5433839000513156,2.509640136074125
regir_bidirectional_nomem,adaptive,adaptive,final@1000000,"[30, 30, 9]",0,300,qualified,4.905629961816605,-4.905629961816605,14258232645.333334,3.0291528034613777,2.512202190515147
regir_bidirectional_nomem,adaptive,adaptive,final@1000000,"[30, 30, 9]",1,300,qualified,2.4640045337232146,-2.4640045337232146,12858994642.56,1.7336669610452373,2.560842925613239
regir_bidirectional_nomem,adaptive,adaptive,final@1000000,"[30, 30, 9]",2,300,qualified,1.1344399869662942,-1.1344399869662942,12391995908.266666,1.6005686832463835,2.530190933510769
regir_bidirectional_nomem,adaptive,adaptive,final@1000000,"[30, 30, 12]",0,300,qualified,8.141719909138793,-8.141719909138793,14941485918.933332,3.169768646028048,2.5265054057204526
regir_bidirectional_nomem,adaptive,adaptive,final@1000000,"[30, 30, 12]",1,300,qualified,3.840335540812924,-3.840335540812924,13364238025.6,1.8605069437250494,2.6397941624222527
regir_bidirectional_nomem,adaptive,adaptive,final@1000000,"[30, 30, 12]",2,300,qualified,1.5711570781656805,-1.5711570781656805,12471122907.946667,1.8001160488196184,2.552046611527919
regir_bidirectional_nomem,adaptive,adaptive,final@1000000,"[40, 40, 2]",0,300,qualified,1.9659134256959696,-1.9659134256959696,17167983829.333334,3.1364794140221783,2.482292305846706
regir_bidirectional_nomem,adaptive,adaptive,final@1000000,"[40, 40, 2]",1,300,qualified,1.383918784439986,-1.383918784439986,15641304599.466667,1.826883750120954,2.3881650992316175
regir_bidirectional_nomem,adaptive,adaptive,final@1000000,"[40, 40, 2]",2,300,qualified,0.34420777631942584,-0.34420777631942584,15636715744.426666,1.9017866364955747,2.497652554780049
regir_bidirectional_nomem,adaptive,adaptive,final@1000000,"[50, 50, 2]",0,300,qualified,2.6191678429701355,-2.6191678429701355,21005539953.28,3.524690221179626,2.4956984357497016
regir_bidirectional_nomem,adaptive,adaptive,final@1000000,"[50, 50, 2]",1,300,qualified,1.5593440857947218,-1.5593440857947218,18575657508.053333,2.0465227855662427,2.402259825712484
regir_bidirectional_nomem,adaptive,adaptive,final@1000000,"[50, 50, 2]",2,300,qualified,0.47509699607248956,-0.47509699607248956,18802912135.04,1.9474579529537974,2.5146008259744557
regir_bidirectional_nomem,adaptive,random,final@1000000,"[4, 4, 2]",0,300,qualified,0.1567857643603144,-0.1567857643603144,2958538790.4,1.838268850815172,2.4146122837889243
regir_bidirectional_nomem,adaptive,random,final@1000000,"[4, 4, 2]",1,300,qualified,0.32127739294726004,-0.32127739294726004,3101240872.1066666,1.1287197540762524,2.408506257568231
regir_bidirectional_nomem,adaptive,random,final@1000000,"[4, 4, 2]",2,300,qualified,0.34795063975205365,-0.34795063975205365,3022060693.76,0.8180410187282057,2.40807568201015
regir_bidirectional_nomem,adaptive,random,final@1000000,"[5, 5, 2]",0,300,qualified,0.22287713514665236,-0.22287713514665236,3154015242.4533334,2.179306893548152,2.0496455753168332
regir_bidirectional_nomem,adaptive,random,final@1000000,"[5, 5, 2]",1,300,qualified,0.3995083190188705,-0.3995083190188705,3222803456.8533335,0.9398024360028406,2.0465159943954894
regir_bidirectional_nomem,adaptive,random,final@1000000,"[5, 5, 2]",2,300,qualified,0.2325838388733066,-0.2325838388733066,3136750812.5866666,0.8044316626943571,2.0468438554809816
regir_bidirectional_nomem,adaptive,random,final@1000000,"[6, 6, 2]",0,300,qualified,0.2659768403799195,-0.2659768403799195,3707370866.133333,2.329445627874035,2.2959744689564854
regir_bidirectional_nomem,adaptive,random,final@1000000,"[6, 6, 2]",1,300,qualified,0.2773188462217392,-0.2773188462217392,3655682330.88,1.0054859422034739,2.293915423745903
regir_bidirectional_nomem,adaptive,random,final@1000000,"[6, 6, 2]",2,300,qualified,0.23055853219568972,-0.23055853219568972,3601286981.12,0.8358675100208105,2.2924240132084717
regir_bidirectional_nomem,adaptive,random,final@1000000,"[8, 8, 2]",0,300,qualified,0.37660006394414497,-0.37660006394414497,4622580070.1866665,2.341971467450882,2.385964139362349
regir_bidirectional_nomem,adaptive,random,final@1000000,"[8, 8, 2]",1,300,qualified,0.3776774529712128,-0.3776774529712128,4478151777.28,1.0559977148473263,2.381411249536411
regir_bidirectional_nomem,adaptive,random,final@1000000,"[8, 8, 2]",2,300,qualified,0.24679333260037756,-0.24679333260037756,4526618598.613334,0.9668978355671667,2.3813166455447843
regir_bidirectional_nomem,adaptive,random,final@1000000,"[10, 10, 2]",0,300,qualified,0.4656579044021112,-0.4656579044021112,5785922615.04,2.9411935758924423,2.8016517511798145
regir_bidirectional_nomem,adaptive,random,final@1000000,"[10, 10, 2]",1,300,qualified,0.43416971624474504,-0.43416971624474504,5679253146.453333,1.1018097874801607,2.799306773453714
regir_bidirectional_nomem,adaptive,random,final@1000000,"[10, 10, 2]",2,300,qualified,0.3797885367455087,-0.3797885367455087,5665903863.04,0.9949769345711684,2.8009046559775306
regir_bidirectional_nomem,adaptive,random,final@1000000,"[10, 10, 3]",0,300,qualified,0.5281590705795534,-0.5281590705795534,5104181832.533334,2.778791143556591,2.2526096062688246
regir_bidirectional_nomem,adaptive,random,final@1000000,"[10, 10, 3]",1,300,qualified,0.6377095689149911,-0.6377095689149911,5070737985.066667,1.0688809339205425,2.2513728225210365
regir_bidirectional_nomem,adaptive,random,final@1000000,"[10, 10, 3]",2,300,qualified,0.35032221211476877,-0.35032221211476877,4965917086.08,0.9253420910997859,2.251396353698058
regir_bidirectional_nomem,adaptive,random,final@1000000,"[10, 10, 4]",0,300,qualified,0.5509890077799531,-0.5509890077799531,5399280326.613334,2.8003801515719777,2.393212652844985
regir_bidirectional_nomem,adaptive,random,final@1000000,"[10, 10, 4]",1,300,qualified,0.6552084441569548,-0.6552084441569548,5170987817.8133335,1.0938840791024267,2.3887343152520457
regir_bidirectional_nomem,adaptive,random,final@1000000,"[10, 10, 4]",2,300,qualified,0.4210726002758958,-0.4210726002758958,5136563824.426666,0.9660201494005741,2.3913451315574674
regir_bidirectional_nomem,adaptive,random,final@1000000,"[10, 10, 6]",0,300,qualified,1.0131285009308342,-1.0131285009308342,5756948159.786667,2.856205911934764,2.5824951688734012
regir_bidirectional_nomem,adaptive,random,final@1000000,"[10, 10, 6]",1,300,qualified,0.8440104854928404,-0.8440104854928404,5317432132.266666,1.037372121810913,2.5795154041407127
regir_bidirectional_nomem,adaptive,random,final@1000000,"[10, 10, 6]",2,300,qualified,0.5674113080647087,-0.5674113080647087,5336237276.373333,1.0195638470266324,2.5773611044222515
regir_bidirectional_nomem,adaptive,random,final@1000000,"[10, 10, 9]",0,300,qualified,1.5992126067572427,-1.5992126067572427,5734807590.613334,2.56908866476578,2.3372314969309147
regir_bidirectional_nomem,adaptive,random,final@1000000,"[10, 10, 9]",1,300,qualified,1.1296410794309477,-1.1296410794309477,5153866474.453333,1.0708252382526795,2.3331587953218964
regir_bidirectional_nomem,adaptive,random,final@1000000,"[10, 10, 9]",2,300,qualified,0.8457292662484848,-0.8457292662484848,5067935704.533334,0.9859638083493337,2.335065310276014
regir_bidirectional_nomem,adaptive,random,final@1000000,"[10, 10, 12]",0,300,qualified,3.7214267925137485,-3.7214267925137485,6395957800.32,3.021630607479019,2.4962859088312865
regir_bidirectional_nomem,adaptive,random,final@1000000,"[10, 10, 12]",1,300,qualified,2.002674591796211,-2.002674591796211,5612559781.12,1.1898051813493173,2.4951934328068277
regir_bidirectional_nomem,adaptive,random,final@1000000,"[10, 10, 12]",2,300,qualified,0.9007325409402381,-0.9007325409402381,5348064610.986667,1.0216823295435946,2.491321517432894
regir_bidirectional_nomem,adaptive,random,final@1000000,"[15, 15, 2]",0,300,qualified,0.7434546181002564,-0.7434546181002564,7113664785.28,2.517487889767314,2.322034697830201
regir_bidirectional_nomem,adaptive,random,final@1000000,"[15, 15, 2]",1,300,qualified,0.6801965425889623,-0.6801965425889623,6957311781.546667,1.2103050339887462,2.316880443660711
regir_bidirectional_nomem,adaptive,random,final@1000000,"[15, 15, 2]",2,300,qualified,0.28318226053993284,-0.28318226053993284,6806642457.8133335,1.0399464248904648,2.31897598988177
regir_bidirectional_nomem,adaptive,random,final@1000000,"[15, 15, 4]",0,300,qualified,1.092556732316016,-1.092556732316016,7203440014.933333,2.4718331505129267,2.3472297952381824
regir_bidirectional_nomem,adaptive,random,final@1000000,"[15, 15, 4]",1,300,qualified,0.8887045434237554,-0.8887045434237554,6938056306.133333,1.3128772105195095,2.34418036488206
regir_bidirectional_nomem,adaptive,random,final@1000000,"[15, 15, 4]",2,300,qualified,0.51002814462808,-0.51002814462808,6739299717.76,1.1014165836877268,2.344002943754481
regir_bidirectional_nomem,adaptive,random,final@1000000,"[15, 15, 6]",0,300,qualified,1.4719482776196158,-1.4719482776196158,7703193743.146667,2.7695713200288203,2.483867280393761
regir_bidirectional_nomem,adaptive,random,final@1000000,"[15, 15, 6]",1,300,qualified,1.0496454555720465,-1.0496454555720465,7082996642.56,1.245351381378908,2.4815870969385876
regir_bidirectional_nomem,adaptive,random,final@1000000,"[15, 15, 6]",2,300,qualified,0.749782824349509,-0.749782824349509,6982752512.853333,1.0604391012901517,2.4779472083883745
regir_bidirectional_nomem,adaptive,random,final@1000000,"[20, 20, 2]",0,300,qualified,1.079902352142371,-1.079902352142371,9096424021.76,2.86798954969175,2.399483943809388
regir_bidirectional_nomem,adaptive,random,final@1000000,"[20, 20, 2]",1,300,qualified,0.8232745204695644,-0.8232745204695644,8867564533.333334,1.3426018636332204,2.3959231010035884
regir_bidirectional_nomem,adaptive,random,final@1000000,"[20, 20, 2]",2,300,qualified,0.42792123750439376,-0.42792123750439376,8677893687.68,1.2114011575462065,2.3968854999168134
regir_bidirectional_nomem,adaptive,random,final@1000000,"[20, 20, 4]",0,300,qualified,1.5449081329213998,-1.5449081329213998,9277518695.68,2.624382193957766,2.377290954897523
regir_bidirectional_nomem,adaptive,random,final@1000000,"[20, 20, 4]",1,300,qualified,1.1899023857302025,-1.1899023857302025,8699317928.746666,1.3572609758357672,2.3722499909412815
regir_bidirectional_nomem,adaptive,random,final@1000000,"[20, 20, 4]",2,300,qualified,0.6741629677222534,-0.6741629677222534,8539115260.373333,1.2173260193933189,2.374449134057894
regir_bidirectional_nomem,adaptive,random,final@1000000,"[20, 20, 6]",0,300,qualified,2.050466928717593,-2.050466928717593,9761904978.133333,2.7239689333083033,2.5321900213097517
regir_bidirectional_nomem,adaptive,random,final@1000000,"[20, 20, 6]",1,300,qualified,1.5217378838333007,-1.5217378838333007,9108527552.853333,1.4186059822821213,2.5298691548066663
regir_bidirectional_nomem,adaptive,random,final@1000000,"[20, 20, 6]",2,300,qualified,0.9725073620874894,-0.9725073620874894,8864570415.573334,1.1996419188195917,2.5277857178826797
regir_bidirectional_nomem,adaptive,random,final@1000000,"[25, 25, 2]",0,300,qualified,1.2398286560928262,-1.2398286560928262,11098825034.026667,2.767449606261798,2.3997569341316023
regir_bidirectional_nomem,adaptive,random,final@1000000,"[25, 25, 2]",1,300,qualified,0.9219627271683873,-0.9219627271683873,10559210020.693333,1.3542603864027962,2.3957750868982783
regir_bidirectional_nomem,adaptive,random,final@1000000,"[25, 25, 2]",2,300,qualified,0.4234912094556004,-0.4234912094556004,10310825331.413334,1.3124325164135855,2.3977036934159726
regir_bidirectional_nomem,adaptive,random,final@1000000,"[30, 30, 2]",0,300,qualified,1.4239436586275458,-1.4239436586275458,13391603084.586666,2.966277231745189,2.516542553755834
regir_bidirectional_nomem,adaptive,random,final@1000000,"[30, 30, 2]",1,300,qualified,0.9879316571075597,-0.9879316571075597,12633281924.053333,1.4506338104656122,2.515120166561106
regir_bidirectional_nomem,adaptive,random,final@1000000,"[30, 30, 2]",2,300,qualified,0.5096912879848856,-0.5096912879848856,12406819476.906666,1.3933928439269463,2.5151559378020023
regir_bidirectional_nomem,adaptive,random,final@1000000,"[30, 30, 4]",0,300,qualified,2.5803669100933293,-2.5803669100933293,13213422045.44,2.888713781078501,2.4391186356883408
regir_bidirectional_nomem,adaptive,random,final@1000000,"[30, 30, 4]",1,300,qualified,1.6593526605277544,-1.6593526605277544,12217963468.16,1.4333855356588416,2.4367803880358263
regir_bidirectional_nomem,adaptive,random,final@1000000,"[30, 30, 4]",2,300,qualified,0.5902262912652425,-0.5902262912652425,11974359867.093334,1.4123316202691059,2.4358089517021635
regir_bidirectional_nomem,adaptive,random,final@1000000,"[30, 30, 6]",0,300,qualified,3.3206849709475135,-3.3206849709475135,13749647955.2,2.8943635627413946,2.502241796717945
regir_bidirectional_nomem,adaptive,random,final@1000000,"[30, 30, 6]",1,300,qualified,2.0338024843195646,-2.0338024843195646,12340299072.64,1.5062017263516707,2.50197649912733
regir_bidirectional_nomem,adaptive,random,final@1000000,"[30, 30, 6]",2,300,qualified,1.0079731357868336,-1.0079731357868336,12274759067.946667,1.4094140554592014,2.500387959645799
regir_bidirectional_nomem,adaptive,random,final@1000000,"[30, 30, 9]",0,300,qualified,5.611012807129065,-5.611012807129065,14267983293.653334,2.7951731777909057,2.5129550664831246
regir_bidirectional_nomem,adaptive,random,final@1000000,"[30, 30, 9]",1,300,qualified,2.4260259986855135,-2.4260259986855135,12536173135.573334,1.5572245807468426,2.5123703244859477
regir_bidirectional_nomem,adaptive,random,final@1000000,"[30, 30, 9]",2,300,qualified,1.1983366898773948,-1.1983366898773948,12397459618.133333,1.5404301960100808,2.512245467574031
regir_bidirectional_nomem,adaptive,random,final@1000000,"[30, 30, 12]",0,300,qualified,8.60969063140868,-8.60969063140868,15228912872.106667,2.884307063358331,2.5912504334474775
regir_bidirectional_nomem,adaptive,random,final@1000000,"[30, 30, 12]",1,300,qualified,3.43342616765172,-3.43342616765172,12984940370.56,1.6588801500356445,2.5923680849857433
regir_bidirectional_nomem,adaptive,random,final@1000000,"[30, 30, 12]",2,300,qualified,1.543488298431406,-1.543488298431406,12653302346.026667,1.7246471329652315,2.591419285268533
regir_bidirectional_nomem,adaptive,random,final@1000000,"[40, 40, 2]",0,300,qualified,1.8153896849160462,-1.8153896849160462,17017590845.226667,2.901980200833253,2.493255245640838
regir_bidirectional_nomem,adaptive,random,final@1000000,"[40, 40, 2]",1,300,qualified,1.255831287096697,-1.255831287096697,15976168522.88,1.6542006448398268,2.4938441192498204
regir_bidirectional_nomem,adaptive,random,final@1000000,"[40, 40, 2]",2,300,qualified,0.563204644511136,-0.563204644511136,15549584720.853333,1.708081380953081,2.4926719996766504
regir_bidirectional_nomem,adaptive,random,final@1000000,"[50, 50, 2]",0,300,qualified,2.8001027176489885,-2.8001027176489885,20530720473.173332,3.1542493020634477,2.473077617482324
regir_bidirectional_nomem,adaptive,random,final@1000000,"[50, 50, 2]",1,300,qualified,1.5313710265583549,-1.5313710265583549,18738171325.866665,1.8151024918613257,2.4715506142829033
regir_bidirectional_nomem,adaptive,random,final@1000000,"[50, 50, 2]",2,300,qualified,0.5339915658086477,-0.5339915658086477,18582897609.173332,1.8255085876520025,2.4705083872052884
regir_bidirectional_nomem,calibrate,fixed1,final@1000000,"[4, 4, 2]",0,40,,0.2981998980001168,-0.2981998980001168,2454717387.2,2.7352010096190496,1.0
regir_bidirectional_nomem,calibrate,fixed1,final@1000000,"[4, 4, 2]",1,40,,0.6157333667569388,-0.6157333667569388,2605125012.8,2.5631687754183075,1.0
regir_bidirectional_nomem,calibrate,fixed1,final@1000000,"[4, 4, 2]",2,40,,0.22361215372855575,-0.22361215372855575,2207515371.2,2.1514033930609004,1.0
regir_bidirectional_nomem,calibrate,fixed1,final@1000000,"[6, 6, 2]",0,40,,0.36379536919706135,-0.36379536919706135,3081175078.4,3.199416119535454,1.0
regir_bidirectional_nomem,calibrate,fixed1,final@1000000,"[6, 6, 2]",1,40,,0.8006977025797376,-0.8006977025797376,2993166851.2,2.822638850938529,1.0
regir_bidirectional_nomem,calibrate,fixed1,final@1000000,"[6, 6, 2]",2,40,,0.2055479472129179,-0.2055479472129179,2682374884.8,2.2429787610308267,1.0
regir_bidirectional_nomem,calibrate,fixed1,final@1000000,"[8, 8, 2]",0,40,,0.6195072689039661,-0.6195072689039661,3714518220.8,3.1767076520249247,1.0
regir_bidirectional_nomem,calibrate,fixed1,final@1000000,"[8, 8, 2]",1,40,,1.0250829426460066,-1.0250829426460066,4125945502.4,3.0463244014186786,1.0
regir_bidirectional_nomem,calibrate,fixed1,final@1000000,"[8, 8, 2]",2,40,,0.3491122542476906,-0.3491122542476906,3286700822.4,2.3641665911651217,1.0
regir_bidirectional_nomem,calibrate,fixed1,final@1000000,"[10, 10, 3]",0,40,,1.0422437906978135,-1.0422437906978135,4067333624.0,2.9112030948628673,1.0
regir_bidirectional_nomem,calibrate,fixed1,final@1000000,"[10, 10, 3]",1,40,,1.1558558076344099,-1.1558558076344099,4163034824.0,2.663602780702058,1.0
regir_bidirectional_nomem,calibrate,fixed1,final@1000000,"[10, 10, 3]",2,40,,0.3743506163597561,-0.3743506163597561,3705015230.4,2.699543568107765,1.0
regir_bidirectional_nomem,calibrate,fixed2,final@1000000,"[4, 4, 2]",0,40,,0.16451871508980503,-0.16451871508980503,2641843057.6,2.481883628934156,2.0
regir_bidirectional_nomem,calibrate,fixed2,final@1000000,"[4, 4, 2]",1,40,,0.225,-0.225,2717123480.0,2.2794391649076715,2.0
regir_bidirectional_nomem,calibrate,fixed2,final@1000000,"[4, 4, 2]",2,40,,0.25632961207663285,-0.25632961207663285,2684292793.6,2.2467320647323503,2.0
regir_bidirectional_nomem,calibrate,fixed2,final@1000000,"[6, 6, 2]",0,40,,0.27859983004176586,-0.27859983004176586,3599959612.8,3.0339557218248956,2.0
regir_bidirectional_nomem,calibrate,fixed2,final@1000000,"[6, 6, 2]",1,40,,0.25306456329836885,-0.25306456329836885,3437947312.0,2.6079775621183217,2.0
regir_bidirectional_nomem,calibrate,fixed2,final@1000000,"[6, 6, 2]",2,40,,0.14354828499377167,-0.14354828499377167,3631158217.6,2.581629599025473,2.0
regir_bidirectional_nomem,calibrate,fixed2,final@1000000,"[8, 8, 2]",0,40,,0.2895276959299875,-0.2895276959299875,4193660577.6,2.667908445710782,2.0
regir_bidirectional_nomem,calibrate,fixed2,final@1000000,"[8, 8, 2]",1,40,,0.18086809992507324,-0.18086809992507324,4091782078.4,2.422794507571962,2.0
regir_bidirectional_nomem,calibrate,fixed2,final@1000000,"[8, 8, 2]",2,40,,0.175,-0.175,4139073859.2,2.3487081425264478,2.0
regir_bidirectional_nomem,calibrate,fixed2,final@1000000,"[10, 10, 3]",0,40,,0.7325180028939572,-0.7325180028939572,4987434216.0,2.828199908079114,2.0
regir_bidirectional_nomem,calibrate,fixed2,final@1000000,"[10, 10, 3]",1,40,,0.552757598439871,-0.552757598439871,5020773952.0,2.6995815069647504,2.0
regir_bidirectional_nomem,calibrate,fixed2,final@1000000,"[10, 10, 3]",2,40,,0.5960054565011123,-0.5960054565011123,4697641705.6,2.5544554543914275,2.0
regir_bidirectional_nomem,calibrate,fixed3,final@1000000,"[4, 4, 2]",0,40,,0.1340360192212922,-0.1340360192212922,3108357408.0,2.665657415008172,3.0
regir_bidirectional_nomem,calibrate,fixed3,final@1000000,"[4, 4, 2]",1,40,,0.15,-0.15,3177002176.0,2.6371644878177904,3.0
regir_bidirectional_nomem,calibrate,fixed3,final@1000000,"[4, 4, 2]",2,40,,0.45958561851614044,-0.45958561851614044,3197562000.0,2.4438628666684963,3.0
regir_bidirectional_nomem,calibrate,fixed3,final@1000000,"[6, 6, 2]",0,40,,0.22419134161996696,-0.22419134161996696,4298699784.0,3.12051876434125,3.0
regir_bidirectional_nomem,calibrate,fixed3,final@1000000,"[6, 6, 2]",1,40,,0.22796925177341198,-0.22796925177341198,4132564192.0,2.796235046628863,3.0
regir_bidirectional_nomem,calibrate,fixed3,final@1000000,"[6, 6, 2]",2,40,,0.29882736145314737,-0.29882736145314737,4173238432.0,2.5919095185236074,3.0
regir_bidirectional_nomem,calibrate,fixed3,final@1000000,"[8, 8, 2]",0,40,,0.30622784800301406,-0.30622784800301406,5110497008.0,2.931302117672749,3.0
regir_bidirectional_nomem,calibrate,fixed3,final@1000000,"[8, 8, 2]",1,40,,0.225,-0.225,5039806512.0,2.7010572680970655,3.0
regir_bidirectional_nomem,calibrate,fixed3,final@1000000,"[8, 8, 2]",2,40,,0.27255868712652087,-0.27255868712652087,5034888952.0,2.534963435330428,3.0
regir_bidirectional_nomem,calibrate,fixed3,final@1000000,"[10, 10, 3]",0,40,,0.4910254711402225,-0.4910254711402225,6089946128.0,3.069710916420445,3.0
regir_bidirectional_nomem,calibrate,fixed3,final@1000000,"[10, 10, 3]",1,40,,0.8197639511531716,-0.8197639511531716,5985277344.0,2.655875911761541,3.0
regir_bidirectional_nomem,calibrate,fixed3,final@1000000,"[10, 10, 3]",2,40,,0.719203324830179,-0.719203324830179,6040098856.0,2.9258673683390954,3.0
regir_bidirectional_nomem,calibrate,fixed4,final@1000000,"[4, 4, 2]",0,40,,0.15616586677750313,-0.15616586677750313,3784367617.6,2.990201492619235,4.0
regir_bidirectional_nomem,calibrate,fixed4,final@1000000,"[4, 4, 2]",1,40,,0.2632983620815464,-0.2632983620815464,3704280705.6,2.749070881702937,4.0
regir_bidirectional_nomem,calibrate,fixed4,final@1000000,"[4, 4, 2]",2,40,,0.5323935406231215,-0.5323935406231215,3843813036.8,2.76519831137266,4.0
regir_bidirectional_nomem,calibrate,fixed4,final@1000000,"[6, 6, 2]",0,40,,0.175,-0.175,5238585761.6,3.26553750236053,4.0
regir_bidirectional_nomem,calibrate,fixed4,final@1000000,"[6, 6, 2]",1,40,,0.20601584913589494,-0.20601584913589494,4806252273.6,2.8431082777562553,4.0
regir_bidirectional_nomem,calibrate,fixed4,final@1000000,"[6, 6, 2]",2,40,,0.19882736145314736,-0.19882736145314736,4741651824.0,2.649642622319516,4.0
regir_bidirectional_nomem,calibrate,fixed4,final@1000000,"[8, 8, 2]",0,40,,0.32135803106232097,-0.32135803106232097,6285157985.6,3.5487209606566466,4.0
regir_bidirectional_nomem,calibrate,fixed4,final@1000000,"[8, 8, 2]",1,40,,0.2579054106672258,-0.2579054106672258,6136718928.0,2.996122145955451,4.0
regir_bidirectional_nomem,calibrate,fixed4,final@1000000,"[8, 8, 2]",2,40,,0.39246385949128626,-0.39246385949128626,6101455332.8,2.8447301095118744,4.0
regir_bidirectional_nomem,calibrate,fixed4,final@1000000,"[10, 10, 3]",0,40,,0.4372246924128888,-0.4372246924128888,7613755956.8,3.5677806405583397,4.0
regir_bidirectional_nomem,calibrate,fixed4,final@1000000,"[10, 10, 3]",1,40,,0.878323431234638,-0.878323431234638,7540419750.4,3.1283467625151387,4.0
regir_bidirectional_nomem,calibrate,fixed4,final@1000000,"[10, 10, 3]",2,40,,0.8595655169955095,-0.8595655169955095,7312914780.8,3.0686064552282915,4.0
regir_bidirectional_nomem,calibrate,tau_0.01,final@1000000,"[4, 4, 2]",0,40,,0.15616586677750313,-0.15616586677750313,3791209456.0,3.097260171268135,4.0
regir_bidirectional_nomem,calibrate,tau_0.01,final@1000000,"[4, 4, 2]",1,40,,0.2632983620815464,-0.2632983620815464,3710947056.0,3.0498159452807156,4.0
regir_bidirectional_nomem,calibrate,tau_0.01,final@1000000,"[4, 4, 2]",2,40,,0.5323935406231215,-0.5323935406231215,3850595648.0,3.0701504191034474,4.0
regir_bidirectional_nomem,calibrate,tau_0.01,final@1000000,"[6, 6, 2]",0,40,,0.175,-0.175,5249068976.0,3.2213259928044864,4.0
regir_bidirectional_nomem,calibrate,tau_0.01,final@1000000,"[6, 6, 2]",1,40,,0.20601584913589494,-0.20601584913589494,4815923856.0,2.8672289710841143,4.0
regir_bidirectional_nomem,calibrate,tau_0.01,final@1000000,"[6, 6, 2]",2,40,,0.19882736145314736,-0.19882736145314736,4751325600.0,2.8685698043787853,4.0
regir_bidirectional_nomem,calibrate,tau_0.01,final@1000000,"[8, 8, 2]",0,40,,0.32135803106232097,-0.32135803106232097,6298185776.0,3.460485505289398,4.0
regir_bidirectional_nomem,calibrate,tau_0.01,final@1000000,"[8, 8, 2]",1,40,,0.2579054106672258,-0.2579054106672258,6149595360.0,3.220195836585481,4.0
regir_bidirectional_nomem,calibrate,tau_0.01,final@1000000,"[8, 8, 2]",2,40,,0.39246385949128626,-0.39246385949128626,6114303248.0,3.164047369209584,4.0
regir_bidirectional_nomem,calibrate,tau_0.01,final@1000000,"[10, 10, 3]",0,40,,0.4372246924128888,-0.4372246924128888,7630354928.0,3.6521662676124835,4.0
regir_bidirectional_nomem,calibrate,tau_0.01,final@1000000,"[10, 10, 3]",1,40,,0.878323431234638,-0.878323431234638,7557038464.0,3.27990175941959,4.0
regir_bidirectional_nomem,calibrate,tau_0.01,final@1000000,"[10, 10, 3]",2,40,,0.8595655169955095,-0.8595655169955095,7328932448.0,3.194933039881289,4.0
regir_bidirectional_nomem,calibrate,tau_0.03,final@1000000,"[4, 4, 2]",0,40,,0.15616586677750313,-0.15616586677750313,3790424488.0,3.078187502338551,3.9984564179242175
regir_bidirectional_nomem,calibrate,tau_0.03,final@1000000,"[4, 4, 2]",1,40,,0.2632983620815464,-0.2632983620815464,3710162088.0,2.9247007205965927,3.9984862754942454
regir_bidirectional_nomem,calibrate,tau_0.03,final@1000000,"[4, 4, 2]",2,40,,0.5323935406231215,-0.5323935406231215,3850438654.4,3.059852855768986,3.999621212121212
regir_bidirectional_nomem,calibrate,tau_0.03,final@1000000,"[6, 6, 2]",0,40,,0.175,-0.175,5247499040.0,2.958070249226876,3.997748816665939
regir_bidirectional_nomem,calibrate,tau_0.03,final@1000000,"[6, 6, 2]",1,40,,0.20601584913589494,-0.20601584913589494,4815452875.2,2.8484898061258717,3.999363857657172
regir_bidirectional_nomem,calibrate,tau_0.03,final@1000000,"[6, 6, 2]",2,40,,0.19882736145314736,-0.19882736145314736,4750697625.6,2.954632351815235,3.999183058656743
regir_bidirectional_nomem,calibrate,tau_0.03,final@1000000,"[8, 8, 2]",0,40,,0.32135803106232097,-0.32135803106232097,6295045904.0,3.4862866254639813,3.996605097315526
regir_bidirectional_nomem,calibrate,tau_0.03,final@1000000,"[8, 8, 2]",1,40,,0.2579054106672258,-0.2579054106672258,6148496404.8,3.3808541575446727,3.9988131377500977
regir_bidirectional_nomem,calibrate,tau_0.03,final@1000000,"[8, 8, 2]",2,40,,0.39246385949128626,-0.39246385949128626,6113832267.2,3.226364167733118,3.9994869205831365
regir_bidirectional_nomem,calibrate,tau_0.03,final@1000000,"[10, 10, 3]",0,40,,0.4372246924128888,-0.4372246924128888,7625331132.8,3.695029939408414,3.995695941078751
regir_bidirectional_nomem,calibrate,tau_0.03,final@1000000,"[10, 10, 3]",1,40,,0.878323431234638,-0.878323431234638,7554369572.8,3.3371785078546963,3.997609670190298
regir_bidirectional_nomem,calibrate,tau_0.03,final@1000000,"[10, 10, 3]",2,40,,0.8595655169955095,-0.8595655169955095,7326891531.2,3.2864910414791666,3.9979957718698476
regir_bidirectional_nomem,calibrate,tau_0.1,final@1000000,"[4, 4, 2]",0,40,,0.13116586677750314,-0.13116586677750314,3734093950.4,2.9837874353979714,3.914517780168052
regir_bidirectional_nomem,calibrate,tau_0.1,final@1000000,"[4, 4, 2]",1,40,,0.2,-0.2,3626181288.0,2.715656566375401,3.845096374852652
regir_bidirectional_nomem,calibrate,tau_0.1,final@1000000,"[4, 4, 2]",2,40,,0.43820477182324413,-0.43820477182324413,3718121816.0,3.160818051872775,3.823248761510302
regir_bidirectional_nomem,calibrate,tau_0.1,final@1000000,"[6, 6, 2]",0,40,,0.2,-0.2,5160133553.6,3.0600191020756027,3.8917704616832642
regir_bidirectional_nomem,calibrate,tau_0.1,final@1000000,"[6, 6, 2]",1,40,,0.193027785029769,-0.193027785029769,4729555420.8,2.84212665540399,3.8159263202893547
regir_bidirectional_nomem,calibrate,tau_0.1,final@1000000,"[6, 6, 2]",2,40,,0.22257997613061406,-0.22257997613061406,4666913592.0,2.924834987975191,3.8354626052676495
regir_bidirectional_nomem,calibrate,tau_0.1,final@1000000,"[8, 8, 2]",0,40,,0.29635803106232095,-0.29635803106232095,6203949555.2,3.477967733761761,3.8729637966431882
regir_bidirectional_nomem,calibrate,tau_0.1,final@1000000,"[8, 8, 2]",1,40,,0.463555680488701,-0.463555680488701,6041243568.0,3.2548724777647293,3.847223179908935
regir_bidirectional_nomem,calibrate,tau_0.1,final@1000000,"[8, 8, 2]",2,40,,0.36414768748648996,-0.36414768748648996,5959678651.2,3.4463178036152384,3.838345016352163
regir_bidirectional_nomem,calibrate,tau_0.1,final@1000000,"[10, 10, 3]",0,40,,0.520675858241669,-0.520675858241669,7402564444.8,3.499771619681269,3.8605968649346654
regir_bidirectional_nomem,calibrate,tau_0.1,final@1000000,"[10, 10, 3]",1,40,,0.7857970165524091,-0.7857970165524091,7250313910.4,3.360974808805622,3.8293550102461844
regir_bidirectional_nomem,calibrate,tau_0.1,final@1000000,"[10, 10, 3]",2,40,,0.8179866091908689,-0.8179866091908689,7150817619.2,3.166158036654815,3.8636217857316724
regir_bidirectional_nomem,calibrate,tau_0.3,final@1000000,"[4, 4, 2]",0,40,,0.08132961207663283,-0.08132961207663283,3239984369.6,2.82548455260694,3.020529672300348
regir_bidirectional_nomem,calibrate,tau_0.3,final@1000000,"[4, 4, 2]",1,40,,0.2,-0.2,3107569872.0,2.5827524422318673,2.81875731586489
regir_bidirectional_nomem,calibrate,tau_0.3,final@1000000,"[4, 4, 2]",2,40,,0.3429510555380001,-0.3429510555380001,3059247340.8,2.662814958381932,2.7618430534220186
regir_bidirectional_nomem,calibrate,tau_0.3,final@1000000,"[6, 6, 2]",0,40,,0.2469466941289969,-0.2469466941289969,4415022984.0,3.113045517366845,2.950082459445695
regir_bidirectional_nomem,calibrate,tau_0.3,final@1000000,"[6, 6, 2]",1,40,,0.20601584913589494,-0.20601584913589494,4109060275.2,2.8680430485634134,2.794612013902566
regir_bidirectional_nomem,calibrate,tau_0.3,final@1000000,"[6, 6, 2]",2,40,,0.2874836264721622,-0.2874836264721622,3953513524.8,2.788649218424689,2.7813397475839214
regir_bidirectional_nomem,calibrate,tau_0.3,final@1000000,"[8, 8, 2]",0,40,,0.08324217700112602,-0.08324217700112602,5070644097.6,3.1178398592746817,2.9208459888455627
regir_bidirectional_nomem,calibrate,tau_0.3,final@1000000,"[8, 8, 2]",1,40,,0.34622097856054224,-0.34622097856054224,4862905222.4,3.0072910459595734,2.8113093393744326
regir_bidirectional_nomem,calibrate,tau_0.3,final@1000000,"[8, 8, 2]",2,40,,0.3328195270186835,-0.3328195270186835,5001124633.6,3.298120065056719,2.7803152741328603
regir_bidirectional_nomem,calibrate,tau_0.3,final@1000000,"[10, 10, 3]",0,40,,0.5975425830998389,-0.5975425830998389,5983276872.0,3.324129578866996,2.8789499264452436
regir_bidirectional_nomem,calibrate,tau_0.3,final@1000000,"[10, 10, 3]",1,40,,0.5605383746042818,-0.5605383746042818,5837782441.6,3.123651915055234,2.7996667484447
regir_bidirectional_nomem,calibrate,tau_0.3,final@1000000,"[10, 10, 3]",2,40,,0.5832646573063051,-0.5832646573063051,5638040912.0,2.978921426134184,2.7908739987808815
regir_bidirectional_nomem,calibrate,tau_1,final@1000000,"[4, 4, 2]",0,40,,0.06451871508980504,-0.06451871508980504,2837748307.2,2.62455117108766,2.451163045466047
regir_bidirectional_nomem,calibrate,tau_1,final@1000000,"[4, 4, 2]",1,40,,0.225,-0.225,2823550870.4,2.3963997641112655,2.3807233064799083
regir_bidirectional_nomem,calibrate,tau_1,final@1000000,"[4, 4, 2]",2,40,,0.34722254555518084,-0.34722254555518084,2967431124.8,2.6563426331966182,2.357220241847243
regir_bidirectional_nomem,calibrate,tau_1,final@1000000,"[6, 6, 2]",0,40,,0.15,-0.15,3890940030.4,3.0609460792620666,2.431191269574098
regir_bidirectional_nomem,calibrate,tau_1,final@1000000,"[6, 6, 2]",1,40,,0.1815117506724334,-0.1815117506724334,3662716241.6,2.678695811040234,2.3410589401266626
regir_bidirectional_nomem,calibrate,tau_1,final@1000000,"[6, 6, 2]",2,40,,0.225,-0.225,3681701872.0,2.756122647342272,2.338828504603094
regir_bidirectional_nomem,calibrate,tau_1,final@1000000,"[8, 8, 2]",0,40,,0.206365132464977,-0.206365132464977,4572549051.2,3.1091992690227928,2.4001087158371255
regir_bidirectional_nomem,calibrate,tau_1,final@1000000,"[8, 8, 2]",1,40,,0.24844025009202936,-0.24844025009202936,4458299761.6,2.7057770201354288,2.3567222276697946
regir_bidirectional_nomem,calibrate,tau_1,final@1000000,"[8, 8, 2]",2,40,,0.20523773212762278,-0.20523773212762278,4446921793.6,2.828725243837107,2.3734186758866547
regir_bidirectional_nomem,calibrate,tau_1,final@1000000,"[10, 10, 3]",0,40,,0.6889720817420198,-0.6889720817420198,5424710630.4,3.315519472013693,2.4112667375679004
regir_bidirectional_nomem,calibrate,tau_1,final@1000000,"[10, 10, 3]",1,40,,0.4862623371392179,-0.4862623371392179,5104536376.0,2.825276598148048,2.341346534450275
regir_bidirectional_nomem,calibrate,tau_1,final@1000000,"[10, 10, 3]",2,40,,0.4114413065260171,-0.4114413065260171,5032940220.8,2.910088956041727,2.3744830692314003
regir_bidirectional_nomem,eval,fixed1,final@1000000,"[4, 4, 2]",0,300,qualified,0.4262622889447811,-0.4262622889447811,2585187195.0933332,1.9510894022486172,1.0
regir_bidirectional_nomem,eval,fixed1,final@1000000,"[4, 4, 2]",1,300,qualified,0.7508616753342507,-0.7508616753342507,2717980231.68,0.9114363357207428,1.0
regir_bidirectional_nomem,eval,fixed1,final@1000000,"[4, 4, 2]",2,300,qualified,0.3987550635929001,-0.3987550635929001,2375826785.92,0.7116099046453989,1.0
regir_bidirectional_nomem,eval,fixed1,final@1000000,"[5, 5, 2]",0,300,qualified,0.5635809456302097,-0.5635809456302097,2828222505.8133335,1.7219587893409576,1.0
regir_bidirectional_nomem,eval,fixed1,final@1000000,"[5, 5, 2]",1,300,qualified,0.7995127374285772,-0.7995127374285772,2959969672.5333333,0.941189023454984,1.0
regir_bidirectional_nomem,eval,fixed1,final@1000000,"[5, 5, 2]",2,300,qualified,0.44854164458535917,-0.44854164458535917,2680096457.173333,0.7780971137222756,1.0
regir_bidirectional_nomem,eval,fixed1,final@1000000,"[6, 6, 2]",0,300,qualified,0.647326210254796,-0.647326210254796,3008332647.68,1.920095101176994,1.0
regir_bidirectional_nomem,eval,fixed1,final@1000000,"[6, 6, 2]",1,300,qualified,0.7466977561553798,-0.7466977561553798,3104595130.88,0.9253522377212843,1.0
regir_bidirectional_nomem,eval,fixed1,final@1000000,"[6, 6, 2]",2,300,qualified,0.33585603296251937,-0.33585603296251937,2848232278.1866665,0.787822249783397,1.0
regir_bidirectional_nomem,eval,fixed1,final@1000000,"[8, 8, 2]",0,300,qualified,0.9513071211613707,-0.9513071211613707,3700774612.693333,1.8225324802131702,1.0
regir_bidirectional_nomem,eval,fixed1,final@1000000,"[8, 8, 2]",1,300,qualified,0.8182001747722899,-0.8182001747722899,3638705272.1066666,0.9685854855955889,1.0
regir_bidirectional_nomem,eval,fixed1,final@1000000,"[8, 8, 2]",2,300,qualified,0.29025799205479574,-0.29025799205479574,3279118470.826667,0.8400527248921571,1.0
regir_bidirectional_nomem,eval,fixed1,final@1000000,"[10, 10, 2]",0,300,qualified,0.9460935353949459,-0.9460935353949459,4148239967.5733333,2.1350608849531274,1.0
regir_bidirectional_nomem,eval,fixed1,final@1000000,"[10, 10, 2]",1,300,qualified,1.0505357562899258,-1.0505357562899258,4169008836.48,0.9991422550814847,1.0
regir_bidirectional_nomem,eval,fixed1,final@1000000,"[10, 10, 2]",2,300,qualified,0.36672270813186575,-0.36672270813186575,3817616964.0533333,0.8762641635187901,1.0
regir_bidirectional_nomem,eval,fixed1,final@1000000,"[10, 10, 3]",0,300,qualified,1.1264676883486202,-1.1264676883486202,4080421705.386667,1.8712422001943922,1.0
regir_bidirectional_nomem,eval,fixed1,final@1000000,"[10, 10, 3]",1,300,qualified,1.2528761635008794,-1.2528761635008794,4110202534.1866665,0.9708097838268925,1.0
regir_bidirectional_nomem,eval,fixed1,final@1000000,"[10, 10, 3]",2,300,qualified,0.36815261212998684,-0.36815261212998684,3688997277.653333,0.8186481514031766,1.0
regir_bidirectional_nomem,eval,fixed1,final@1000000,"[10, 10, 4]",0,300,qualified,1.1825118147542364,-1.1825118147542364,4011552159.1466665,1.7231436359013121,1.0
regir_bidirectional_nomem,eval,fixed1,final@1000000,"[10, 10, 4]",1,300,qualified,1.3592560387650279,-1.3592560387650279,4184728167.8933334,1.0262727824350197,1.0
regir_bidirectional_nomem,eval,fixed1,final@1000000,"[10, 10, 4]",2,300,qualified,0.4227806654042253,-0.4227806654042253,3613775634.7733335,0.8864208948282369,1.0
regir_bidirectional_nomem,eval,fixed1,final@1000000,"[10, 10, 6]",0,300,qualified,1.536598141981996,-1.536598141981996,4021421910.613333,1.650673581675316,1.0
regir_bidirectional_nomem,eval,fixed1,final@1000000,"[10, 10, 6]",1,300,qualified,1.7168674071868257,-1.7168674071868257,4292641891.84,1.0833570987265557,1.0
regir_bidirectional_nomem,eval,fixed1,final@1000000,"[10, 10, 6]",2,300,qualified,0.5083272295748176,-0.5083272295748176,3623177250.9866667,0.8576728183413312,1.0
regir_bidirectional_nomem,eval,fixed1,final@1000000,"[10, 10, 9]",0,300,qualified,2.35756721395626,-2.35756721395626,4083509242.6666665,1.8311070281845363,1.0
regir_bidirectional_nomem,eval,fixed1,final@1000000,"[10, 10, 9]",1,300,qualified,2.9845677428644746,-2.9845677428644746,4511761530.666667,1.0900409715312223,1.0
regir_bidirectional_nomem,eval,fixed1,final@1000000,"[10, 10, 9]",2,300,qualified,0.8318561502107007,-0.8318561502107007,3648974253.0133333,0.897118105008655,1.0
regir_bidirectional_nomem,eval,fixed1,final@1000000,"[10, 10, 12]",0,300,qualified,3.081249514927387,-3.081249514927387,4228797179.733333,1.833292007955412,1.0
regir_bidirectional_nomem,eval,fixed1,final@1000000,"[10, 10, 12]",1,300,qualified,4.078265050933051,-4.078265050933051,4615647553.706667,1.155200500699381,1.0
regir_bidirectional_nomem,eval,fixed1,final@1000000,"[10, 10, 12]",2,300,qualified,1.120760683538365,-1.120760683538365,3683761667.6266665,0.9445625148275091,1.0
regir_bidirectional_nomem,eval,fixed1,final@1000000,"[15, 15, 2]",0,300,qualified,1.378977967978608,-1.378977967978608,5408184655.786667,1.8285135781392454,1.0
regir_bidirectional_nomem,eval,fixed1,final@1000000,"[15, 15, 2]",1,300,qualified,1.3543800663856669,-1.3543800663856669,5435290823.893333,1.1349948927150884,1.0
regir_bidirectional_nomem,eval,fixed1,final@1000000,"[15, 15, 2]",2,300,qualified,0.33035771828767174,-0.33035771828767174,4928131485.44,1.0163417442831755,1.0
regir_bidirectional_nomem,eval,fixed1,final@1000000,"[15, 15, 4]",0,300,qualified,1.6446883740096767,-1.6446883740096767,5342649658.026667,1.7396486741925279,1.0
regir_bidirectional_nomem,eval,fixed1,final@1000000,"[15, 15, 4]",1,300,qualified,2.0530944292139583,-2.0530944292139583,5593254543.146667,1.2278802738082595,1.0
regir_bidirectional_nomem,eval,fixed1,final@1000000,"[15, 15, 4]",2,300,qualified,0.5184592179850004,-0.5184592179850004,4743428632.746667,0.9641992375986107,1.0
regir_bidirectional_nomem,eval,fixed1,final@1000000,"[15, 15, 6]",0,300,qualified,2.168080269467661,-2.168080269467661,5302721915.52,1.662270989578101,1.0
regir_bidirectional_nomem,eval,fixed1,final@1000000,"[15, 15, 6]",1,300,qualified,2.879196895257525,-2.879196895257525,5742700624.213333,1.2508072081955228,1.0
regir_bidirectional_nomem,eval,fixed1,final@1000000,"[15, 15, 6]",2,300,qualified,0.5729180666215141,-0.5729180666215141,4669527835.306666,0.9564384223961194,1.0
regir_bidirectional_nomem,eval,fixed1,final@1000000,"[20, 20, 2]",0,300,qualified,1.6413845031862089,-1.6413845031862089,6541407420.16,2.0485607867771374,1.0
regir_bidirectional_nomem,eval,fixed1,final@1000000,"[20, 20, 2]",1,300,qualified,1.7677253956257926,-1.7677253956257926,6737238081.706667,1.3024963845374684,1.0
regir_bidirectional_nomem,eval,fixed1,final@1000000,"[20, 20, 2]",2,300,qualified,0.374459344308322,-0.374459344308322,6050870418.986667,1.061831794330113,1.0
regir_bidirectional_nomem,eval,fixed1,final@1000000,"[20, 20, 4]",0,300,qualified,2.0897490991811725,-2.0897490991811725,6459703760.213333,1.7931791563673565,1.0
regir_bidirectional_nomem,eval,fixed1,final@1000000,"[20, 20, 4]",1,300,qualified,3.0575496396853645,-3.0575496396853645,6882371470.933333,1.3892687405335407,1.0
regir_bidirectional_nomem,eval,fixed1,final@1000000,"[20, 20, 4]",2,300,qualified,0.7157201730852768,-0.7157201730852768,5870284465.066667,1.0799325730494456,1.0
regir_bidirectional_nomem,eval,fixed1,final@1000000,"[20, 20, 6]",0,300,qualified,2.8182328005513724,-2.8182328005513724,6459822890.24,1.9038714726678638,1.0
regir_bidirectional_nomem,eval,fixed1,final@1000000,"[20, 20, 6]",1,300,qualified,4.5025404637743245,-4.5025404637743245,7146869506.56,1.3377999115168737,1.0
regir_bidirectional_nomem,eval,fixed1,final@1000000,"[20, 20, 6]",2,300,qualified,0.884179760905619,-0.884179760905619,5760114404.693334,1.0562996685359394,1.0
regir_bidirectional_nomem,eval,fixed1,final@1000000,"[25, 25, 2]",0,300,qualified,1.9827591666257622,-1.9827591666257622,7650112896.64,2.010842559654266,1.0
regir_bidirectional_nomem,eval,fixed1,final@1000000,"[25, 25, 2]",1,300,qualified,2.2140539133325925,-2.2140539133325925,7975099809.92,1.3611246428095425,1.0
regir_bidirectional_nomem,eval,fixed1,final@1000000,"[25, 25, 2]",2,300,qualified,0.6213539779083591,-0.6213539779083591,7356982494.72,1.1960795138479443,1.0
regir_bidirectional_nomem,eval,fixed1,final@1000000,"[30, 30, 2]",0,300,qualified,1.9329503095392562,-1.9329503095392562,8769545507.413334,1.9950486117364683,1.0
regir_bidirectional_nomem,eval,fixed1,final@1000000,"[30, 30, 2]",1,300,qualified,2.8207295334746294,-2.8207295334746294,9191760436.48,1.4794860548048745,1.0
regir_bidirectional_nomem,eval,fixed1,final@1000000,"[30, 30, 2]",2,300,qualified,0.6652555941151468,-0.6652555941151468,8459801191.04,1.3360813458436558,1.0
regir_bidirectional_nomem,eval,fixed1,final@1000000,"[30, 30, 4]",0,300,qualified,3.085024011019755,-3.085024011019755,8727642968.533333,1.9911604522087145,1.0
regir_bidirectional_nomem,eval,fixed1,final@1000000,"[30, 30, 4]",1,300,qualified,4.9658538572473425,-4.9658538572473425,9408167881.6,1.5122479078096027,1.0
regir_bidirectional_nomem,eval,fixed1,final@1000000,"[30, 30, 4]",2,300,qualified,0.9718051741149958,-0.9718051741149958,8202957887.146667,1.310467984295877,1.0
regir_bidirectional_nomem,eval,fixed1,final@1000000,"[30, 30, 6]",0,300,qualified,3.919995147710292,-3.919995147710292,8692752485.546667,2.0872735662626414,1.0
regir_bidirectional_nomem,eval,fixed1,final@1000000,"[30, 30, 6]",1,300,qualified,7.002207417955319,-7.002207417955319,9787105907.626667,1.5561700191552519,1.0
regir_bidirectional_nomem,eval,fixed1,final@1000000,"[30, 30, 6]",2,300,qualified,1.0255038205409632,-1.0255038205409632,8099507918.506667,1.3796758451980229,1.0
regir_bidirectional_nomem,eval,fixed1,final@1000000,"[30, 30, 9]",0,300,qualified,4.71406702160876,-4.71406702160876,8785880591.146667,2.006139136849282,1.0
regir_bidirectional_nomem,eval,fixed1,final@1000000,"[30, 30, 9]",1,300,qualified,10.459854203360047,-10.459854203360047,9949416219.946667,1.7309059741008483,1.0
regir_bidirectional_nomem,eval,fixed1,final@1000000,"[30, 30, 9]",2,300,qualified,1.3361800079191326,-1.3361800079191326,7891239996.16,1.4286996984283906,1.0
regir_bidirectional_nomem,eval,fixed1,final@1000000,"[30, 30, 12]",0,300,qualified,6.766748109294397,-6.766748109294397,8914501095.04,2.0673129569958353,1.0
regir_bidirectional_nomem,eval,fixed1,final@1000000,"[30, 30, 12]",1,300,qualified,13.825443688377089,-13.825443688377089,10100149877.333334,1.8040009876806289,1.0
regir_bidirectional_nomem,eval,fixed1,final@1000000,"[30, 30, 12]",2,300,qualified,1.4891500683066967,-1.4891500683066967,7796728551.893333,1.5109685546375113,1.0
regir_bidirectional_nomem,eval,fixed1,final@1000000,"[40, 40, 2]",0,300,qualified,2.5154937135125968,-2.5154937135125968,10886721834.24,2.1409977825569997,1.0
regir_bidirectional_nomem,eval,fixed1,final@1000000,"[40, 40, 2]",1,300,qualified,3.4669925425618078,-3.4669925425618078,11439461076.053333,1.6650971976853908,1.0
regir_bidirectional_nomem,eval,fixed1,final@1000000,"[40, 40, 2]",2,300,qualified,1.184089455490268,-1.184089455490268,10791260434.346666,1.6178540989151224,1.0
regir_bidirectional_nomem,eval,fixed1,final@1000000,"[50, 50, 2]",0,300,qualified,2.901531035563903,-2.901531035563903,12813830367.573334,2.3368013795114044,1.0
regir_bidirectional_nomem,eval,fixed1,final@1000000,"[50, 50, 2]",1,300,qualified,4.495246956943552,-4.495246956943552,13554197622.826666,1.9683393384801458,1.0
regir_bidirectional_nomem,eval,fixed1,final@1000000,"[50, 50, 2]",2,300,qualified,2.086875609390321,-2.086875609390321,12709430438.826666,2.0172475689428393,1.0
regir_bidirectional_nomem,eval,fixed2,final@1000000,"[4, 4, 2]",0,300,qualified,0.17548617067459338,-0.17548617067459338,2758029502.72,1.8459769997784556,2.0
regir_bidirectional_nomem,eval,fixed2,final@1000000,"[4, 4, 2]",1,300,qualified,0.3920491056871234,-0.3920491056871234,2976707012.266667,0.9170036747151364,2.0
regir_bidirectional_nomem,eval,fixed2,final@1000000,"[4, 4, 2]",2,300,qualified,0.2869883568024507,-0.2869883568024507,2790354145.4933333,0.7812986260541948,2.0
regir_bidirectional_nomem,eval,fixed2,final@1000000,"[5, 5, 2]",0,300,qualified,0.2134396309349793,-0.2134396309349793,3142665388.8,1.6301107207031842,2.0
regir_bidirectional_nomem,eval,fixed2,final@1000000,"[5, 5, 2]",1,300,qualified,0.4075333675031402,-0.4075333675031402,3231561813.3333335,0.947770899363483,2.0
regir_bidirectional_nomem,eval,fixed2,final@1000000,"[5, 5, 2]",2,300,qualified,0.2516336443472131,-0.2516336443472131,3119035989.5466666,0.829239099046293,2.0
regir_bidirectional_nomem,eval,fixed2,final@1000000,"[6, 6, 2]",0,300,qualified,0.24616451907587117,-0.24616451907587117,3510494821.5466666,1.9179094094666653,2.0
regir_bidirectional_nomem,eval,fixed2,final@1000000,"[6, 6, 2]",1,300,qualified,0.32967575594862636,-0.32967575594862636,3485908489.386667,0.9049425320792943,2.0
regir_bidirectional_nomem,eval,fixed2,final@1000000,"[6, 6, 2]",2,300,qualified,0.25138693887541114,-0.25138693887541114,3455022194.56,0.8189121692462746,2.0
regir_bidirectional_nomem,eval,fixed2,final@1000000,"[8, 8, 2]",0,300,qualified,0.3375421793058079,-0.3375421793058079,4219099286.613333,1.6301909517496824,2.0
regir_bidirectional_nomem,eval,fixed2,final@1000000,"[8, 8, 2]",1,300,qualified,0.3939554624481778,-0.3939554624481778,4185304555.9466667,0.9184214079690476,2.0
regir_bidirectional_nomem,eval,fixed2,final@1000000,"[8, 8, 2]",2,300,qualified,0.20509358986229145,-0.20509358986229145,4180282103.2533336,0.8986972540349234,2.0
regir_bidirectional_nomem,eval,fixed2,final@1000000,"[10, 10, 2]",0,300,qualified,0.5665604256125942,-0.5665604256125942,4932211084.373333,2.102525290493116,2.0
regir_bidirectional_nomem,eval,fixed2,final@1000000,"[10, 10, 2]",1,300,qualified,0.42388462066191995,-0.42388462066191995,4819401857.28,0.9602906316115211,2.0
regir_bidirectional_nomem,eval,fixed2,final@1000000,"[10, 10, 2]",2,300,qualified,0.26483382347547874,-0.26483382347547874,4733273554.346666,0.905917949185435,2.0
regir_bidirectional_nomem,eval,fixed2,final@1000000,"[10, 10, 3]",0,300,qualified,0.5865630186819867,-0.5865630186819867,4883174455.68,1.7955297372560017,2.0
regir_bidirectional_nomem,eval,fixed2,final@1000000,"[10, 10, 3]",1,300,qualified,0.5882827562999614,-0.5882827562999614,4759703277.44,0.9338707041212668,2.0
regir_bidirectional_nomem,eval,fixed2,final@1000000,"[10, 10, 3]",2,300,qualified,0.35460471273338096,-0.35460471273338096,4711270918.1866665,0.9104681625902109,2.0
regir_bidirectional_nomem,eval,fixed2,final@1000000,"[10, 10, 4]",0,300,qualified,0.6136740959213112,-0.6136740959213112,4915485396.48,1.7845031656635304,2.0
regir_bidirectional_nomem,eval,fixed2,final@1000000,"[10, 10, 4]",1,300,qualified,0.6607477187914119,-0.6607477187914119,4744151902.72,0.9593110635721435,2.0
regir_bidirectional_nomem,eval,fixed2,final@1000000,"[10, 10, 4]",2,300,qualified,0.3700983048531182,-0.3700983048531182,4672328105.6,0.9136101002737026,2.0
regir_bidirectional_nomem,eval,fixed2,final@1000000,"[10, 10, 6]",0,300,qualified,1.0382762399090917,-1.0382762399090917,5118539090.346666,1.838444109192739,2.0
regir_bidirectional_nomem,eval,fixed2,final@1000000,"[10, 10, 6]",1,300,qualified,0.764153073402065,-0.764153073402065,4710592705.066667,0.9659071223530918,2.0
regir_bidirectional_nomem,eval,fixed2,final@1000000,"[10, 10, 6]",2,300,qualified,0.4467025785878951,-0.4467025785878951,4647648635.52,0.8866867404982137,2.0
regir_bidirectional_nomem,eval,fixed2,final@1000000,"[10, 10, 9]",0,300,qualified,1.804222379837772,-1.804222379837772,5340064330.666667,1.9139277090937443,2.0
regir_bidirectional_nomem,eval,fixed2,final@1000000,"[10, 10, 9]",1,300,qualified,0.9431169513791989,-0.9431169513791989,4731982226.56,0.9861383996562412,2.0
regir_bidirectional_nomem,eval,fixed2,final@1000000,"[10, 10, 9]",2,300,qualified,0.6460186988492295,-0.6460186988492295,4675835838.293333,0.9427678443254748,2.0
regir_bidirectional_nomem,eval,fixed2,final@1000000,"[10, 10, 12]",0,300,qualified,3.7350218333570484,-3.7350218333570484,5815350768.0,2.008957925227781,2.0
regir_bidirectional_nomem,eval,fixed2,final@1000000,"[10, 10, 12]",1,300,qualified,1.4701233541683734,-1.4701233541683734,4861278196.053333,1.0144075699926665,2.0
regir_bidirectional_nomem,eval,fixed2,final@1000000,"[10, 10, 12]",2,300,qualified,0.6665342139308952,-0.6665342139308952,4776062598.826667,1.003711584506867,2.0
regir_bidirectional_nomem,eval,fixed2,final@1000000,"[15, 15, 2]",0,300,qualified,0.8563867546587816,-0.8563867546587816,6589827104.853333,1.8309765770876159,2.0
regir_bidirectional_nomem,eval,fixed2,final@1000000,"[15, 15, 2]",1,300,qualified,0.718760766136375,-0.718760766136375,6511380801.92,1.1608270698448178,2.0
regir_bidirectional_nomem,eval,fixed2,final@1000000,"[15, 15, 2]",2,300,qualified,0.23419590496544895,-0.23419590496544895,6320962588.586667,1.0038400017497284,2.0
regir_bidirectional_nomem,eval,fixed2,final@1000000,"[15, 15, 4]",0,300,qualified,1.0854565644590304,-1.0854565644590304,6642610236.373333,1.722891077362001,2.0
regir_bidirectional_nomem,eval,fixed2,final@1000000,"[15, 15, 4]",1,300,qualified,0.8524626141836152,-0.8524626141836152,6304022817.066667,1.0766895457430898,2.0
regir_bidirectional_nomem,eval,fixed2,final@1000000,"[15, 15, 4]",2,300,qualified,0.4179484523013117,-0.4179484523013117,6163663263.786667,1.0139101363173297,2.0
regir_bidirectional_nomem,eval,fixed2,final@1000000,"[15, 15, 6]",0,300,qualified,1.6002228997482495,-1.6002228997482495,6886267095.04,1.7590236318350072,2.0
regir_bidirectional_nomem,eval,fixed2,final@1000000,"[15, 15, 6]",1,300,qualified,0.9376588101476524,-0.9376588101476524,6301945106.773334,1.10067785052505,2.0
regir_bidirectional_nomem,eval,fixed2,final@1000000,"[15, 15, 6]",2,300,qualified,0.48530628907180356,-0.48530628907180356,6207820470.4,1.0154769168260585,2.0
regir_bidirectional_nomem,eval,fixed2,final@1000000,"[20, 20, 2]",0,300,qualified,1.0984067438129985,-1.0984067438129985,8214303713.066667,2.022961335949949,2.0
regir_bidirectional_nomem,eval,fixed2,final@1000000,"[20, 20, 2]",1,300,qualified,0.8297254467415037,-0.8297254467415037,8092924582.613334,1.2073307421304829,2.0
regir_bidirectional_nomem,eval,fixed2,final@1000000,"[20, 20, 2]",2,300,qualified,0.24880917943497705,-0.24880917943497705,7857032975.146667,1.0978665035782615,2.0
regir_bidirectional_nomem,eval,fixed2,final@1000000,"[20, 20, 4]",0,300,qualified,1.725416808714273,-1.725416808714273,8409753744.0,1.7576397395227104,2.0
regir_bidirectional_nomem,eval,fixed2,final@1000000,"[20, 20, 4]",1,300,qualified,1.1365034122766022,-1.1365034122766022,7864224252.586667,1.2146698379702867,2.0
regir_bidirectional_nomem,eval,fixed2,final@1000000,"[20, 20, 4]",2,300,qualified,0.5305056389352701,-0.5305056389352701,7671320742.826667,1.1107015861648446,2.0
regir_bidirectional_nomem,eval,fixed2,final@1000000,"[20, 20, 6]",0,300,qualified,2.1350991007609075,-2.1350991007609075,8517266884.906667,2.0061271721834784,2.0
regir_bidirectional_nomem,eval,fixed2,final@1000000,"[20, 20, 6]",1,300,qualified,1.2865097646772694,-1.2865097646772694,7926772124.373333,1.1937767707327536,2.0
regir_bidirectional_nomem,eval,fixed2,final@1000000,"[20, 20, 6]",2,300,qualified,0.6988396467945369,-0.6988396467945369,7741420765.226666,1.1072914127859985,2.0
regir_bidirectional_nomem,eval,fixed2,final@1000000,"[25, 25, 2]",0,300,qualified,1.3327341234706498,-1.3327341234706498,9790396121.386667,1.9617662096735633,2.0
regir_bidirectional_nomem,eval,fixed2,final@1000000,"[25, 25, 2]",1,300,qualified,0.950958350220966,-0.950958350220966,9584135441.066668,1.2793794955992295,2.0
regir_bidirectional_nomem,eval,fixed2,final@1000000,"[25, 25, 2]",2,300,qualified,0.24105541626122207,-0.24105541626122207,9333880588.8,1.176490896801309,2.0
regir_bidirectional_nomem,eval,fixed2,final@1000000,"[30, 30, 2]",0,300,qualified,1.4852688361184947,-1.4852688361184947,11443332408.533333,2.0328799752619426,2.0
regir_bidirectional_nomem,eval,fixed2,final@1000000,"[30, 30, 2]",1,300,qualified,1.1511172656798025,-1.1511172656798025,11066902198.613333,1.3315119362791301,2.0
regir_bidirectional_nomem,eval,fixed2,final@1000000,"[30, 30, 2]",2,300,qualified,0.3211287365919533,-0.3211287365919533,10911078973.653334,1.2210749830097969,2.0
regir_bidirectional_nomem,eval,fixed2,final@1000000,"[30, 30, 4]",0,300,qualified,2.6186260527174765,-2.6186260527174765,11564154849.706667,2.077216842000877,2.0
regir_bidirectional_nomem,eval,fixed2,final@1000000,"[30, 30, 4]",1,300,qualified,1.4334806230226198,-1.4334806230226198,10975895920.0,1.3516581804736052,2.0
regir_bidirectional_nomem,eval,fixed2,final@1000000,"[30, 30, 4]",2,300,qualified,0.5744969716051678,-0.5744969716051678,10675744922.666666,1.3003917776215046,2.0
regir_bidirectional_nomem,eval,fixed2,final@1000000,"[30, 30, 6]",0,300,qualified,3.4301008081711624,-3.4301008081711624,11883611413.546667,2.0380922789031564,2.0
regir_bidirectional_nomem,eval,fixed2,final@1000000,"[30, 30, 6]",1,300,qualified,1.7937898838248,-1.7937898838248,10794597997.226667,1.367242012586794,2.0
regir_bidirectional_nomem,eval,fixed2,final@1000000,"[30, 30, 6]",2,300,qualified,0.5734267510980305,-0.5734267510980305,10706550104.533333,1.3682862859452143,2.0
regir_bidirectional_nomem,eval,fixed2,final@1000000,"[30, 30, 9]",0,300,qualified,4.999992173829696,-4.999992173829696,12357788404.48,2.137766319747316,2.0
regir_bidirectional_nomem,eval,fixed2,final@1000000,"[30, 30, 9]",1,300,qualified,1.7282240288029573,-1.7282240288029573,10813882809.386667,1.4549602045636858,2.0
regir_bidirectional_nomem,eval,fixed2,final@1000000,"[30, 30, 9]",2,300,qualified,0.6988524493757332,-0.6988524493757332,10681587462.826666,1.4063524124581213,2.0
regir_bidirectional_nomem,eval,fixed2,final@1000000,"[30, 30, 12]",0,300,qualified,8.022048130199394,-8.022048130199394,12769788456.746666,2.2459171142822987,2.0
regir_bidirectional_nomem,eval,fixed2,final@1000000,"[30, 30, 12]",1,300,qualified,2.25773605556804,-2.25773605556804,10855951147.946667,1.5079719438931594,2.0
regir_bidirectional_nomem,eval,fixed2,final@1000000,"[30, 30, 12]",2,300,qualified,0.9105777094547415,-0.9105777094547415,10666647468.373333,1.487644011140607,2.0
regir_bidirectional_nomem,eval,fixed2,final@1000000,"[40, 40, 2]",0,300,qualified,1.9158836292411086,-1.9158836292411086,14659803671.466667,2.1884774289060926,2.0
regir_bidirectional_nomem,eval,fixed2,final@1000000,"[40, 40, 2]",1,300,qualified,1.2922439684873361,-1.2922439684873361,13983429727.146667,1.5304117554422312,2.0
regir_bidirectional_nomem,eval,fixed2,final@1000000,"[40, 40, 2]",2,300,qualified,0.3375076321810472,-0.3375076321810472,13928607966.72,1.5453592208509024,2.0
regir_bidirectional_nomem,eval,fixed2,final@1000000,"[50, 50, 2]",0,300,qualified,2.576471554082477,-2.576471554082477,17532647256.106667,2.3952160287696946,2.0
regir_bidirectional_nomem,eval,fixed2,final@1000000,"[50, 50, 2]",1,300,qualified,1.4402791799637844,-1.4402791799637844,16610627487.36,1.7743352080404293,2.0
regir_bidirectional_nomem,eval,fixed2,final@1000000,"[50, 50, 2]",2,300,qualified,0.3627064977757828,-0.3627064977757828,16824717070.933332,1.8722765521138596,2.0
regir_bidirectional_nomem,eval,fixed3,final@1000000,"[4, 4, 2]",0,300,qualified,0.14016276136666525,-0.14016276136666525,3220142656.0,2.0250869480270195,3.0
regir_bidirectional_nomem,eval,fixed3,final@1000000,"[4, 4, 2]",1,300,qualified,0.2782242758384052,-0.2782242758384052,3372140550.4,0.9862679862572501,3.0
regir_bidirectional_nomem,eval,fixed3,final@1000000,"[4, 4, 2]",2,300,qualified,0.3189730563121275,-0.3189730563121275,3339501410.133333,0.8922876734527139,3.0
regir_bidirectional_nomem,eval,fixed3,final@1000000,"[5, 5, 2]",0,300,qualified,0.2374367297591728,-0.2374367297591728,3710853703.4666667,1.746348648724573,3.0
regir_bidirectional_nomem,eval,fixed3,final@1000000,"[5, 5, 2]",1,300,qualified,0.31726690011991604,-0.31726690011991604,3721663184.0,0.9521948341435442,3.0
regir_bidirectional_nomem,eval,fixed3,final@1000000,"[5, 5, 2]",2,300,qualified,0.3304888199014891,-0.3304888199014891,3778979096.5333333,0.8992703571141465,3.0
regir_bidirectional_nomem,eval,fixed3,final@1000000,"[6, 6, 2]",0,300,qualified,0.22995490407383734,-0.22995490407383734,4232292342.4,2.136886603374539,3.0
regir_bidirectional_nomem,eval,fixed3,final@1000000,"[6, 6, 2]",1,300,qualified,0.2576527725639068,-0.2576527725639068,4210364005.3333335,0.9682676331171145,3.0
regir_bidirectional_nomem,eval,fixed3,final@1000000,"[6, 6, 2]",2,300,qualified,0.31349539400476756,-0.31349539400476756,4236787939.2,0.897719735186935,3.0
regir_bidirectional_nomem,eval,fixed3,final@1000000,"[8, 8, 2]",0,300,qualified,0.31342455050530993,-0.31342455050530993,5184337424.0,1.7912801615645488,3.0
regir_bidirectional_nomem,eval,fixed3,final@1000000,"[8, 8, 2]",1,300,qualified,0.36076557428763123,-0.36076557428763123,5026000400.0,0.9598674525599926,3.0
regir_bidirectional_nomem,eval,fixed3,final@1000000,"[8, 8, 2]",2,300,qualified,0.30913553291898804,-0.30913553291898804,5110052403.2,0.9764591612891915,3.0
regir_bidirectional_nomem,eval,fixed3,final@1000000,"[10, 10, 2]",0,300,qualified,0.4334877734013025,-0.4334877734013025,6012759486.933333,2.2002273614663865,3.0
regir_bidirectional_nomem,eval,fixed3,final@1000000,"[10, 10, 2]",1,300,qualified,0.45235862973590285,-0.45235862973590285,5898869412.266666,1.0456480656129619,3.0
regir_bidirectional_nomem,eval,fixed3,final@1000000,"[10, 10, 2]",2,300,qualified,0.3553335073160458,-0.3553335073160458,5885034388.266666,0.9721141966350842,3.0
regir_bidirectional_nomem,eval,fixed3,final@1000000,"[10, 10, 3]",0,300,qualified,0.4555086995364863,-0.4555086995364863,5942052023.466666,1.9324385935467823,3.0
regir_bidirectional_nomem,eval,fixed3,final@1000000,"[10, 10, 3]",1,300,qualified,0.630576563567789,-0.630576563567789,5762068115.2,0.9894668467529119,3.0
regir_bidirectional_nomem,eval,fixed3,final@1000000,"[10, 10, 3]",2,300,qualified,0.5420887599555283,-0.5420887599555283,5906058833.066667,1.007772374120929,3.0
regir_bidirectional_nomem,eval,fixed3,final@1000000,"[10, 10, 4]",0,300,qualified,0.5233193270080325,-0.5233193270080325,6017239001.6,1.8873405314981937,3.0
regir_bidirectional_nomem,eval,fixed3,final@1000000,"[10, 10, 4]",1,300,qualified,0.7600434479968603,-0.7600434479968603,5877390663.466666,1.0191603731053571,3.0
regir_bidirectional_nomem,eval,fixed3,final@1000000,"[10, 10, 4]",2,300,qualified,0.6734565216488463,-0.6734565216488463,5897578057.6,1.0170625692869848,3.0
regir_bidirectional_nomem,eval,fixed3,final@1000000,"[10, 10, 6]",0,300,qualified,0.7914751661898048,-0.7914751661898048,6179354892.8,1.85191165466172,3.0
regir_bidirectional_nomem,eval,fixed3,final@1000000,"[10, 10, 6]",1,300,qualified,1.0950864940846061,-1.0950864940846061,5914801005.866667,1.0275105661060662,3.0
regir_bidirectional_nomem,eval,fixed3,final@1000000,"[10, 10, 6]",2,300,qualified,0.8703813577987954,-0.8703813577987954,5933761252.266666,1.0418869903724408,3.0
regir_bidirectional_nomem,eval,fixed3,final@1000000,"[10, 10, 9]",0,300,qualified,1.735220665633492,-1.735220665633492,6523256093.866667,2.1021905093834117,3.0
regir_bidirectional_nomem,eval,fixed3,final@1000000,"[10, 10, 9]",1,300,qualified,1.720720301596269,-1.720720301596269,6092407859.2,1.0802110686153172,3.0
regir_bidirectional_nomem,eval,fixed3,final@1000000,"[10, 10, 9]",2,300,qualified,1.204351855728251,-1.204351855728251,5864199144.533334,1.0292537947387124,3.0
regir_bidirectional_nomem,eval,fixed3,final@1000000,"[10, 10, 12]",0,300,qualified,3.857620877192191,-3.857620877192191,7032237735.466666,2.2149583857382336,3.0
regir_bidirectional_nomem,eval,fixed3,final@1000000,"[10, 10, 12]",1,300,qualified,2.8922437041236027,-2.8922437041236027,6440515008.0,1.1666821789431074,3.0
regir_bidirectional_nomem,eval,fixed3,final@1000000,"[10, 10, 12]",2,300,qualified,1.33958569689826,-1.33958569689826,5996205867.733334,1.045040610045738,3.0
regir_bidirectional_nomem,eval,fixed3,final@1000000,"[15, 15, 2]",0,300,qualified,0.6499782748231153,-0.6499782748231153,8281687163.733334,1.9387648298374067,3.0
regir_bidirectional_nomem,eval,fixed3,final@1000000,"[15, 15, 2]",1,300,qualified,0.6601079040785952,-0.6601079040785952,8123562712.533334,1.1969952690519858,3.0
regir_bidirectional_nomem,eval,fixed3,final@1000000,"[15, 15, 2]",2,300,qualified,0.43361992226042256,-0.43361992226042256,7904465737.6,1.1000494880788028,3.0
regir_bidirectional_nomem,eval,fixed3,final@1000000,"[15, 15, 4]",0,300,qualified,1.1418153160261035,-1.1418153160261035,8353464720.0,1.7880269912444056,3.0
regir_bidirectional_nomem,eval,fixed3,final@1000000,"[15, 15, 4]",1,300,qualified,0.9844670696730227,-0.9844670696730227,8049126277.333333,1.1703570851070495,3.0
regir_bidirectional_nomem,eval,fixed3,final@1000000,"[15, 15, 4]",2,300,qualified,0.8012165076950152,-0.8012165076950152,7926807050.666667,1.1291572882172962,3.0
regir_bidirectional_nomem,eval,fixed3,final@1000000,"[15, 15, 6]",0,300,qualified,1.3707079734751566,-1.3707079734751566,8578479798.4,1.8824448215897427,3.0
regir_bidirectional_nomem,eval,fixed3,final@1000000,"[15, 15, 6]",1,300,qualified,1.3083938028306612,-1.3083938028306612,8122708344.533334,1.2421034519859435,3.0
regir_bidirectional_nomem,eval,fixed3,final@1000000,"[15, 15, 6]",2,300,qualified,1.0783462815605176,-1.0783462815605176,7991561879.466666,1.11233311005674,3.0
regir_bidirectional_nomem,eval,fixed3,final@1000000,"[20, 20, 2]",0,300,qualified,0.8552693224875123,-0.8552693224875123,10577586011.733334,2.172671809925426,3.0
regir_bidirectional_nomem,eval,fixed3,final@1000000,"[20, 20, 2]",1,300,qualified,0.8169042062815769,-0.8169042062815769,10309865669.333334,1.3368334668971753,3.0
regir_bidirectional_nomem,eval,fixed3,final@1000000,"[20, 20, 2]",2,300,qualified,0.5509019563353055,-0.5509019563353055,10002102318.933332,1.2145002452802145,3.0
regir_bidirectional_nomem,eval,fixed3,final@1000000,"[20, 20, 4]",0,300,qualified,1.3825532862813792,-1.3825532862813792,10698348081.066668,1.8891638090461493,3.0
regir_bidirectional_nomem,eval,fixed3,final@1000000,"[20, 20, 4]",1,300,qualified,1.3937549737203978,-1.3937549737203978,10097004698.666666,1.3322705778076003,3.0
regir_bidirectional_nomem,eval,fixed3,final@1000000,"[20, 20, 4]",2,300,qualified,1.0414498920487845,-1.0414498920487845,9972011210.666666,1.165814686351999,3.0
regir_bidirectional_nomem,eval,fixed3,final@1000000,"[20, 20, 6]",0,300,qualified,2.2313520933878754,-2.2313520933878754,11096831381.333334,2.1147130702490298,3.0
regir_bidirectional_nomem,eval,fixed3,final@1000000,"[20, 20, 6]",1,300,qualified,1.8455946587375778,-1.8455946587375778,10179164016.0,1.3327894968099039,3.0
regir_bidirectional_nomem,eval,fixed3,final@1000000,"[20, 20, 6]",2,300,qualified,1.3305275932340146,-1.3305275932340146,10099502074.666666,1.205890985293081,3.0
regir_bidirectional_nomem,eval,fixed3,final@1000000,"[25, 25, 2]",0,300,qualified,1.3349533022262094,-1.3349533022262094,12879397876.266666,2.1026163552359987,3.0
regir_bidirectional_nomem,eval,fixed3,final@1000000,"[25, 25, 2]",1,300,qualified,1.023742185676999,-1.023742185676999,12234812227.2,1.3450537490396528,3.0
regir_bidirectional_nomem,eval,fixed3,final@1000000,"[25, 25, 2]",2,300,qualified,0.6286461788298255,-0.6286461788298255,11925344813.866667,1.3321251024338805,3.0
regir_bidirectional_nomem,eval,fixed3,final@1000000,"[30, 30, 2]",0,300,qualified,1.4192845355798813,-1.4192845355798813,15300691286.4,2.163024941870244,3.0
regir_bidirectional_nomem,eval,fixed3,final@1000000,"[30, 30, 2]",1,300,qualified,0.9925637050016027,-0.9925637050016027,14246818375.466667,1.4376111642669032,3.0
regir_bidirectional_nomem,eval,fixed3,final@1000000,"[30, 30, 2]",2,300,qualified,0.6493110960740643,-0.6493110960740643,13799747024.0,1.3282123336880856,3.0
regir_bidirectional_nomem,eval,fixed3,final@1000000,"[30, 30, 4]",0,300,qualified,2.6851435007030866,-2.6851435007030866,15356479200.0,2.1761724846356083,3.0
regir_bidirectional_nomem,eval,fixed3,final@1000000,"[30, 30, 4]",1,300,qualified,1.8643672269561589,-1.8643672269561589,14134610884.266666,1.4684601591649697,3.0
regir_bidirectional_nomem,eval,fixed3,final@1000000,"[30, 30, 4]",2,300,qualified,1.3781471816095712,-1.3781471816095712,13986052744.533333,1.4417189925711136,3.0
regir_bidirectional_nomem,eval,fixed3,final@1000000,"[30, 30, 6]",0,300,qualified,3.6096618714424142,-3.6096618714424142,16043643390.933332,2.3992671029655805,3.0
regir_bidirectional_nomem,eval,fixed3,final@1000000,"[30, 30, 6]",1,300,qualified,2.4040644367454824,-2.4040644367454824,14077238425.6,1.5177505580411526,3.0
regir_bidirectional_nomem,eval,fixed3,final@1000000,"[30, 30, 6]",2,300,qualified,1.7248794514020378,-1.7248794514020378,14059691893.333334,1.499224137577694,3.0
regir_bidirectional_nomem,eval,fixed3,final@1000000,"[30, 30, 9]",0,300,qualified,6.465016356021451,-6.465016356021451,16525475473.066668,2.363649508157396,3.0
regir_bidirectional_nomem,eval,fixed3,final@1000000,"[30, 30, 9]",1,300,qualified,3.039282297423311,-3.039282297423311,14439974714.666666,1.5857915342443933,3.0
regir_bidirectional_nomem,eval,fixed3,final@1000000,"[30, 30, 9]",2,300,qualified,1.9597266345180309,-1.9597266345180309,14250165878.4,1.534421019089447,3.0
regir_bidirectional_nomem,eval,fixed3,final@1000000,"[30, 30, 12]",0,300,qualified,9.96381194726537,-9.96381194726537,17091063155.2,2.4661156679381384,3.0
regir_bidirectional_nomem,eval,fixed3,final@1000000,"[30, 30, 12]",1,300,qualified,4.592567709941849,-4.592567709941849,14722914533.333334,1.715652209467565,3.0
regir_bidirectional_nomem,eval,fixed3,final@1000000,"[30, 30, 12]",2,300,qualified,2.4298796618819014,-2.4298796618819014,14273596743.466667,1.5715490457551398,3.0
regir_bidirectional_nomem,eval,fixed3,final@1000000,"[40, 40, 2]",0,300,qualified,2.2810800600996153,-2.2810800600996153,20046356501.333332,2.3878073690129287,3.0
regir_bidirectional_nomem,eval,fixed3,final@1000000,"[40, 40, 2]",1,300,qualified,1.3425101429057746,-1.3425101429057746,18117054273.066666,1.6271265029763649,3.0
regir_bidirectional_nomem,eval,fixed3,final@1000000,"[40, 40, 2]",2,300,qualified,0.7462015026236042,-0.7462015026236042,17570266301.866665,1.6010209789247407,3.0
regir_bidirectional_nomem,eval,fixed3,final@1000000,"[50, 50, 2]",0,300,qualified,3.5217301054639685,-3.5217301054639685,24649828384.0,2.7492290333291747,3.0
regir_bidirectional_nomem,eval,fixed3,final@1000000,"[50, 50, 2]",1,300,qualified,1.5930605392198443,-1.5930605392198443,21612317653.333332,1.9145057503260128,3.0
regir_bidirectional_nomem,eval,fixed3,final@1000000,"[50, 50, 2]",2,300,qualified,0.8639743008054769,-0.8639743008054769,21187971968.0,1.9193462110301092,3.0
regir_bidirectional_nomem,eval,fixed4,final@1000000,"[4, 4, 2]",0,300,qualified,0.14580319402607206,-0.14580319402607206,3840622839.2533336,2.1984617333671,4.0
regir_bidirectional_nomem,eval,fixed4,final@1000000,"[4, 4, 2]",1,300,qualified,0.2334199592017654,-0.2334199592017654,3845503527.68,1.0231977452430874,4.0
regir_bidirectional_nomem,eval,fixed4,final@1000000,"[4, 4, 2]",2,300,qualified,0.46054153994773306,-0.46054153994773306,3964099962.24,0.9159705949650379,4.0
regir_bidirectional_nomem,eval,fixed4,final@1000000,"[5, 5, 2]",0,300,qualified,0.20696367706374846,-0.20696367706374846,4425637234.773334,1.9384581631359954,4.0
regir_bidirectional_nomem,eval,fixed4,final@1000000,"[5, 5, 2]",1,300,qualified,0.2618402204318041,-0.2618402204318041,4270293780.0533333,1.00092028396825,4.0
regir_bidirectional_nomem,eval,fixed4,final@1000000,"[5, 5, 2]",2,300,qualified,0.5078836965294246,-0.5078836965294246,4519632656.853333,1.003492458462521,4.0
regir_bidirectional_nomem,eval,fixed4,final@1000000,"[6, 6, 2]",0,300,qualified,0.21306022511000586,-0.21306022511000586,5082114706.346666,2.216850321374562,4.0
regir_bidirectional_nomem,eval,fixed4,final@1000000,"[6, 6, 2]",1,300,qualified,0.3433685088742029,-0.3433685088742029,4994332860.373333,1.0502264335968843,4.0
regir_bidirectional_nomem,eval,fixed4,final@1000000,"[6, 6, 2]",2,300,qualified,0.4145756386486574,-0.4145756386486574,5054883380.693334,1.0188622818254711,4.0
regir_bidirectional_nomem,eval,fixed4,final@1000000,"[8, 8, 2]",0,300,qualified,0.3828160348222418,-0.3828160348222418,6261584182.613334,1.9945152185546855,4.0
regir_bidirectional_nomem,eval,fixed4,final@1000000,"[8, 8, 2]",1,300,qualified,0.42106631210301043,-0.42106631210301043,6065309531.093333,1.0573012799676507,4.0
regir_bidirectional_nomem,eval,fixed4,final@1000000,"[8, 8, 2]",2,300,qualified,0.42834491649515766,-0.42834491649515766,6109836031.146667,1.1161519441194832,4.0
regir_bidirectional_nomem,eval,fixed4,final@1000000,"[10, 10, 2]",0,300,qualified,0.42026805897705666,-0.42026805897705666,7458818670.293333,2.459127368393626,4.0
regir_bidirectional_nomem,eval,fixed4,final@1000000,"[10, 10, 2]",1,300,qualified,0.5507249479544141,-0.5507249479544141,7225925225.8133335,1.1704642272554338,4.0
regir_bidirectional_nomem,eval,fixed4,final@1000000,"[10, 10, 2]",2,300,qualified,0.59404085145388,-0.59404085145388,7110870876.586667,1.1094457916884373,4.0
regir_bidirectional_nomem,eval,fixed4,final@1000000,"[10, 10, 3]",0,300,qualified,0.5633466378219555,-0.5633466378219555,7363073725.013333,2.1318657220401414,4.0
regir_bidirectional_nomem,eval,fixed4,final@1000000,"[10, 10, 3]",1,300,qualified,0.7479969143838241,-0.7479969143838241,7124611299.413333,1.1338458213303237,4.0
regir_bidirectional_nomem,eval,fixed4,final@1000000,"[10, 10, 3]",2,300,qualified,0.8051247088223186,-0.8051247088223186,7139331239.893333,1.0978581065379938,4.0
regir_bidirectional_nomem,eval,fixed4,final@1000000,"[10, 10, 4]",0,300,qualified,0.5209544961942417,-0.5209544961942417,7254277621.333333,1.9930696804945667,4.0
regir_bidirectional_nomem,eval,fixed4,final@1000000,"[10, 10, 4]",1,300,qualified,0.9252960453028624,-0.9252960453028624,7154920918.1866665,1.1343512685938428,4.0
regir_bidirectional_nomem,eval,fixed4,final@1000000,"[10, 10, 4]",2,300,qualified,0.8981061161517614,-0.8981061161517614,7186717593.8133335,1.0866137046184545,4.0
regir_bidirectional_nomem,eval,fixed4,final@1000000,"[10, 10, 6]",0,300,qualified,0.8590189588076067,-0.8590189588076067,7417367333.76,2.002462975087886,4.0
regir_bidirectional_nomem,eval,fixed4,final@1000000,"[10, 10, 6]",1,300,qualified,1.4051321524551024,-1.4051321524551024,7335748711.893333,1.200516217208157,4.0
regir_bidirectional_nomem,eval,fixed4,final@1000000,"[10, 10, 6]",2,300,qualified,1.1743940751303654,-1.1743940751303654,7215533188.48,1.116646336139529,4.0
regir_bidirectional_nomem,eval,fixed4,final@1000000,"[10, 10, 9]",0,300,qualified,1.73007646748259,-1.73007646748259,7708304188.8,2.158928630176815,4.0
regir_bidirectional_nomem,eval,fixed4,final@1000000,"[10, 10, 9]",1,300,qualified,2.398077297573036,-2.398077297573036,7696913280.426666,1.2419461861470094,4.0
regir_bidirectional_nomem,eval,fixed4,final@1000000,"[10, 10, 9]",2,300,qualified,1.6607122402519225,-1.6607122402519225,7194660763.093333,1.1353065581220048,4.0
regir_bidirectional_nomem,eval,fixed4,final@1000000,"[10, 10, 12]",0,300,qualified,3.1321613537604205,-3.1321613537604205,8292196229.76,2.2066384373387944,4.0
regir_bidirectional_nomem,eval,fixed4,final@1000000,"[10, 10, 12]",1,300,qualified,4.235445483376551,-4.235445483376551,8249878350.72,1.3685841390180091,4.0
regir_bidirectional_nomem,eval,fixed4,final@1000000,"[10, 10, 12]",2,300,qualified,2.1778982622215803,-2.1778982622215803,7349741784.32,1.1859046150041588,4.0
regir_bidirectional_nomem,eval,fixed4,final@1000000,"[15, 15, 2]",0,300,qualified,0.7862950746366587,-0.7862950746366587,10355090996.906666,2.188200834998861,4.0
regir_bidirectional_nomem,eval,fixed4,final@1000000,"[15, 15, 2]",1,300,qualified,0.7778054686674545,-0.7778054686674545,9980302554.666666,1.2974061352045585,4.0
regir_bidirectional_nomem,eval,fixed4,final@1000000,"[15, 15, 2]",2,300,qualified,0.768357772483734,-0.768357772483734,9854435085.44,1.2509494518581779,4.0
regir_bidirectional_nomem,eval,fixed4,final@1000000,"[15, 15, 4]",0,300,qualified,0.9483427920083111,-0.9483427920083111,10260934125.44,1.9464470080006868,4.0
regir_bidirectional_nomem,eval,fixed4,final@1000000,"[15, 15, 4]",1,300,qualified,1.2852617090265492,-1.2852617090265492,9994117031.466667,1.3589060935993136,4.0
regir_bidirectional_nomem,eval,fixed4,final@1000000,"[15, 15, 4]",2,300,qualified,1.2684584866282842,-1.2684584866282842,9841814826.453333,1.2958997789368731,4.0
regir_bidirectional_nomem,eval,fixed4,final@1000000,"[15, 15, 6]",0,300,qualified,1.7016769790003048,-1.7016769790003048,10557096457.6,1.9869823509569202,4.0
regir_bidirectional_nomem,eval,fixed4,final@1000000,"[15, 15, 6]",1,300,qualified,1.8869339284423645,-1.8869339284423645,10170698634.88,1.3330077994195744,4.0
regir_bidirectional_nomem,eval,fixed4,final@1000000,"[15, 15, 6]",2,300,qualified,1.6223961912133456,-1.6223961912133456,10003673607.04,1.3064651872008108,4.0
regir_bidirectional_nomem,eval,fixed4,final@1000000,"[20, 20, 2]",0,300,qualified,0.9492548929429935,-0.9492548929429935,13415626352.0,2.2982822469749955,4.0
regir_bidirectional_nomem,eval,fixed4,final@1000000,"[20, 20, 2]",1,300,qualified,1.116281793330923,-1.116281793330923,12667141054.293333,1.3928193559031934,4.0
regir_bidirectional_nomem,eval,fixed4,final@1000000,"[20, 20, 2]",2,300,qualified,0.800984195747649,-0.800984195747649,12295585733.12,1.3265323308222772,4.0
regir_bidirectional_nomem,eval,fixed4,final@1000000,"[20, 20, 4]",0,300,qualified,1.8627637792902434,-1.8627637792902434,13707838495.36,2.03151776060462,4.0
regir_bidirectional_nomem,eval,fixed4,final@1000000,"[20, 20, 4]",1,300,qualified,1.9035155499149454,-1.9035155499149454,12765682555.093334,1.4669856118007252,4.0
regir_bidirectional_nomem,eval,fixed4,final@1000000,"[20, 20, 4]",2,300,qualified,1.4010196398602814,-1.4010196398602814,12445533416.32,1.3433798536660226,4.0
regir_bidirectional_nomem,eval,fixed4,final@1000000,"[20, 20, 6]",0,300,qualified,2.721635846383127,-2.721635846383127,14053919343.573334,2.3478112471840964,4.0
regir_bidirectional_nomem,eval,fixed4,final@1000000,"[20, 20, 6]",1,300,qualified,2.47523090696541,-2.47523090696541,13047867050.453333,1.470294795934072,4.0
regir_bidirectional_nomem,eval,fixed4,final@1000000,"[20, 20, 6]",2,300,qualified,1.836357079113432,-1.836357079113432,12706283839.573334,1.3459915526861248,4.0
regir_bidirectional_nomem,eval,fixed4,final@1000000,"[25, 25, 2]",0,300,qualified,1.5464553359769924,-1.5464553359769924,16651141598.72,2.3913471602112986,4.0
regir_bidirectional_nomem,eval,fixed4,final@1000000,"[25, 25, 2]",1,300,qualified,1.0852362871140795,-1.0852362871140795,15502336346.666666,1.4776081253029405,4.0
regir_bidirectional_nomem,eval,fixed4,final@1000000,"[25, 25, 2]",2,300,qualified,1.0109852963343553,-1.0109852963343553,15023294338.346666,1.4343079646540962,4.0
regir_bidirectional_nomem,eval,fixed4,final@1000000,"[30, 30, 2]",0,300,qualified,2.573888925112982,-2.573888925112982,20112497463.68,2.5243056195466003,4.0
regir_bidirectional_nomem,eval,fixed4,final@1000000,"[30, 30, 2]",1,300,qualified,1.529631485927234,-1.529631485927234,18039082810.666668,1.594972134673541,4.0
regir_bidirectional_nomem,eval,fixed4,final@1000000,"[30, 30, 2]",2,300,qualified,1.1202723677875812,-1.1202723677875812,17291365294.933334,1.4830984950005466,4.0
regir_bidirectional_nomem,eval,fixed4,final@1000000,"[30, 30, 4]",0,300,qualified,3.868543474588569,-3.868543474588569,20282282629.546665,2.49169559513956,4.0
regir_bidirectional_nomem,eval,fixed4,final@1000000,"[30, 30, 4]",1,300,qualified,2.567724123872741,-2.567724123872741,17752372232.32,1.6175225664690758,4.0
regir_bidirectional_nomem,eval,fixed4,final@1000000,"[30, 30, 4]",2,300,qualified,2.061809712494979,-2.061809712494979,17549358759.04,1.5521305523944708,4.0
regir_bidirectional_nomem,eval,fixed4,final@1000000,"[30, 30, 6]",0,300,qualified,5.41849825756776,-5.41849825756776,21015828279.253334,2.5768986664906453,4.0
regir_bidirectional_nomem,eval,fixed4,final@1000000,"[30, 30, 6]",1,300,qualified,3.563256191458065,-3.563256191458065,18288018376.96,1.670520666493685,4.0
regir_bidirectional_nomem,eval,fixed4,final@1000000,"[30, 30, 6]",2,300,qualified,2.559761027595015,-2.559761027595015,17794671811.84,1.6076356353581651,4.0
regir_bidirectional_nomem,eval,fixed4,final@1000000,"[30, 30, 9]",0,300,qualified,8.61266134052213,-8.61266134052213,21669098621.013332,2.533852509694795,4.0
regir_bidirectional_nomem,eval,fixed4,final@1000000,"[30, 30, 9]",1,300,qualified,5.307238991692737,-5.307238991692737,18811371954.34667,1.7767881329078228,4.0
regir_bidirectional_nomem,eval,fixed4,final@1000000,"[30, 30, 9]",2,300,qualified,3.417967413699992,-3.417967413699992,18036173642.24,1.6815583835957417,4.0
regir_bidirectional_nomem,eval,fixed4,final@1000000,"[30, 30, 12]",0,300,qualified,12.668838221567983,-12.668838221567983,22053551606.613335,2.6276651095439836,4.0
regir_bidirectional_nomem,eval,fixed4,final@1000000,"[30, 30, 12]",1,300,qualified,7.776724261392093,-7.776724261392093,19283754646.613335,1.898586239355306,4.0
regir_bidirectional_nomem,eval,fixed4,final@1000000,"[30, 30, 12]",2,300,qualified,3.899284006089039,-3.899284006089039,17867384201.386665,1.7291173216182505,4.0
regir_bidirectional_nomem,eval,fixed4,final@1000000,"[40, 40, 2]",0,300,qualified,4.544386398333863,-4.544386398333863,26314047014.826668,2.708394907307229,4.0
regir_bidirectional_nomem,eval,fixed4,final@1000000,"[40, 40, 2]",1,300,qualified,1.5698507522430472,-1.5698507522430472,22908902467.626667,1.7742868500600646,4.0
regir_bidirectional_nomem,eval,fixed4,final@1000000,"[40, 40, 2]",2,300,qualified,1.157908567762008,-1.157908567762008,22020410085.12,1.7391087213005327,4.0
regir_bidirectional_nomem,eval,fixed4,final@1000000,"[50, 50, 2]",0,300,qualified,7.413894771511604,-7.413894771511604,31437018401.493332,2.950880873222486,4.0
regir_bidirectional_nomem,eval,fixed4,final@1000000,"[50, 50, 2]",1,300,qualified,1.9974871968803831,-1.9974871968803831,27111794637.65333,2.0371208398692153,4.0
regir_bidirectional_nomem,eval,fixed4,final@1000000,"[50, 50, 2]",2,300,qualified,1.6224422645733876,-1.6224422645733876,26491301856.0,2.072422782701712,4.0
regir_bidirectional_nomem,mechanism,fixed1,final@1000000,"[4, 4, 2]",0,10,,0.3,-0.3,2581912582.4,4.241971591627225,1.0
regir_bidirectional_nomem,mechanism,fixed1,final@1000000,"[4, 4, 2]",1,10,,0.7,-0.7,2784366528.0,5.7988904937636105,1.0
regir_bidirectional_nomem,mechanism,fixed1,final@1000000,"[4, 4, 2]",2,10,,0.3,-0.3,2272130918.4,2.7321766342036424,1.0
regir_bidirectional_nomem,mechanism,fixed1,final@1000000,"[10, 10, 3]",0,10,,0.7,-0.7,4346413235.2,5.183494015643373,1.0
regir_bidirectional_nomem,mechanism,fixed1,final@1000000,"[10, 10, 3]",1,10,,1.5318934998174774,-1.5318934998174774,4982940262.4,4.973596645658835,1.0
regir_bidirectional_nomem,mechanism,fixed1,final@1000000,"[10, 10, 3]",2,10,,0.1,-0.1,3866825452.8,3.039346786541864,1.0
regir_bidirectional_nomem,mechanism,fixed1,final@1000000,"[10, 10, 12]",0,10,,2.9225536756557577,-2.9225536756557577,4446809049.6,5.227646506624296,1.0
regir_bidirectional_nomem,mechanism,fixed1,final@1000000,"[10, 10, 12]",1,10,,3.724584089020444,-3.724584089020444,4736155500.8,4.206040643388405,1.0
regir_bidirectional_nomem,mechanism,fixed1,final@1000000,"[10, 10, 12]",2,10,,0.6349282302743133,-0.6349282302743133,3699166784.0,2.2023997377604245,1.0
regir_bidirectional_nomem,mechanism,fixed1,final@1000000,"[30, 30, 2]",0,10,,1.4,-1.4,9086588838.4,7.261564465938136,1.0
regir_bidirectional_nomem,mechanism,fixed1,final@1000000,"[30, 30, 2]",1,10,,2.650952008422158,-2.650952008422158,9140664390.4,5.598203747952357,1.0
regir_bidirectional_nomem,mechanism,fixed1,final@1000000,"[30, 30, 2]",2,10,,1.1,-1.1,8615578592.0,3.7297812337987124,1.0
regir_bidirectional_nomem,mechanism,fixed1,final@1000000,"[30, 30, 12]",0,10,,3.071179797489962,-3.071179797489962,9013250835.2,5.642965289764106,1.0
regir_bidirectional_nomem,mechanism,fixed1,final@1000000,"[30, 30, 12]",1,10,,11.195914319227132,-11.195914319227132,10337732313.6,5.508037986559794,1.0
regir_bidirectional_nomem,mechanism,fixed1,final@1000000,"[30, 30, 12]",2,10,,0.6584451057289743,-0.6584451057289743,7893015814.4,3.039777333289385,1.0
regir_bidirectional_nomem,mechanism,fixed1,final@1000000,"[50, 50, 2]",0,10,,1.9740271498991973,-1.9740271498991973,12670246515.2,6.756593044288456,1.0
regir_bidirectional_nomem,mechanism,fixed1,final@1000000,"[50, 50, 2]",1,10,,4.394534527596232,-4.394534527596232,13777164038.4,7.027954249549657,1.0
regir_bidirectional_nomem,mechanism,fixed1,final@1000000,"[50, 50, 2]",2,10,,1.9421490060872404,-1.9421490060872404,12291358291.2,4.880089525785297,1.0
regir_bidirectional_nomem,mechanism,fixed2,final@1000000,"[4, 4, 2]",0,10,,0.1,-0.1,2660199641.6,3.7589851789176465,2.0
regir_bidirectional_nomem,mechanism,fixed2,final@1000000,"[4, 4, 2]",1,10,,0.2,-0.2,2999745497.6,2.8272389268036933,2.0
regir_bidirectional_nomem,mechanism,fixed2,final@1000000,"[4, 4, 2]",2,10,,0.2,-0.2,2656517484.8,3.3790343715809286,2.0
regir_bidirectional_nomem,mechanism,fixed2,final@1000000,"[10, 10, 3]",0,10,,0.4942388722850259,-0.4942388722850259,5173369696.0,5.104210915835575,2.0
regir_bidirectional_nomem,mechanism,fixed2,final@1000000,"[10, 10, 3]",1,10,,0.8325915112306472,-0.8325915112306472,5429556236.8,2.715440676547587,2.0
regir_bidirectional_nomem,mechanism,fixed2,final@1000000,"[10, 10, 3]",2,10,,0.2,-0.2,4959566982.4,2.738671980658546,2.0
regir_bidirectional_nomem,mechanism,fixed2,final@1000000,"[10, 10, 12]",0,10,,4.630345654071101,-4.630345654071101,6100811872.0,6.141840422386304,2.0
regir_bidirectional_nomem,mechanism,fixed2,final@1000000,"[10, 10, 12]",1,10,,0.9750677609441718,-0.9750677609441718,5019256774.4,3.6901857072021813,2.0
regir_bidirectional_nomem,mechanism,fixed2,final@1000000,"[10, 10, 12]",2,10,,0.3086140750998329,-0.3086140750998329,4976149696.0,2.525557453092188,2.0
regir_bidirectional_nomem,mechanism,fixed2,final@1000000,"[30, 30, 2]",0,10,,1.6,-1.6,12161619520.0,7.293317173933611,2.0
regir_bidirectional_nomem,mechanism,fixed2,final@1000000,"[30, 30, 2]",1,10,,1.2147101511191278,-1.2147101511191278,11795471251.2,5.297399175260216,2.0
regir_bidirectional_nomem,mechanism,fixed2,final@1000000,"[30, 30, 2]",2,10,,0.3,-0.3,11316367660.8,3.2438665474765003,2.0
regir_bidirectional_nomem,mechanism,fixed2,final@1000000,"[30, 30, 12]",0,10,,5.881331470319154,-5.881331470319154,13241082912.0,5.552118222462013,2.0
regir_bidirectional_nomem,mechanism,fixed2,final@1000000,"[30, 30, 12]",1,10,,1.7585184141299655,-1.7585184141299655,11141058489.6,4.944926257384941,2.0
regir_bidirectional_nomem,mechanism,fixed2,final@1000000,"[30, 30, 12]",2,10,,0.6700728488420494,-0.6700728488420494,10976839148.8,2.7749814609065653,2.0
regir_bidirectional_nomem,mechanism,fixed2,final@1000000,"[50, 50, 2]",0,10,,3.189454475621199,-3.189454475621199,16446852275.2,7.874822424119339,2.0
regir_bidirectional_nomem,mechanism,fixed2,final@1000000,"[50, 50, 2]",1,10,,2.3705030161878633,-2.3705030161878633,16750036179.2,6.807043450791388,2.0
regir_bidirectional_nomem,mechanism,fixed2,final@1000000,"[50, 50, 2]",2,10,,0.7,-0.7,16851239123.2,4.420982417091727,2.0
regir_bidirectional_nomem,mechanism,fixed3,final@1000000,"[4, 4, 2]",0,10,,0.1,-0.1,3196528480.0,4.196644336497411,3.0
regir_bidirectional_nomem,mechanism,fixed3,final@1000000,"[4, 4, 2]",1,10,,0.2,-0.2,3115961472.0,2.489523270074278,3.0
regir_bidirectional_nomem,mechanism,fixed3,final@1000000,"[4, 4, 2]",2,10,,0.1,-0.1,2967816576.0,3.091661703772843,3.0
regir_bidirectional_nomem,mechanism,fixed3,final@1000000,"[10, 10, 3]",0,10,,0.2767393082207904,-0.2767393082207904,6276206176.0,4.799521953705698,3.0
regir_bidirectional_nomem,mechanism,fixed3,final@1000000,"[10, 10, 3]",1,10,,0.5319960382416647,-0.5319960382416647,6490702080.0,3.8237456784117967,3.0
regir_bidirectional_nomem,mechanism,fixed3,final@1000000,"[10, 10, 3]",2,10,,0.7783657650569006,-0.7783657650569006,6414738656.0,2.949112571030855,3.0
regir_bidirectional_nomem,mechanism,fixed3,final@1000000,"[10, 10, 12]",0,10,,2.4012018517440743,-2.4012018517440743,7378955552.0,5.924288099585101,3.0
regir_bidirectional_nomem,mechanism,fixed3,final@1000000,"[10, 10, 12]",1,10,,1.3123148013689285,-1.3123148013689285,6699853088.0,4.003936957661063,3.0
regir_bidirectional_nomem,mechanism,fixed3,final@1000000,"[10, 10, 12]",2,10,,1.293972399174878,-1.293972399174878,6354436800.0,2.609427259955555,3.0
regir_bidirectional_nomem,mechanism,fixed3,final@1000000,"[30, 30, 2]",0,10,,1.9314807444913835,-1.9314807444913835,15844588736.0,8.008258721511812,3.0
regir_bidirectional_nomem,mechanism,fixed3,final@1000000,"[30, 30, 2]",1,10,,1.9055188651837858,-1.9055188651837858,14884716576.0,6.325929033430294,3.0
regir_bidirectional_nomem,mechanism,fixed3,final@1000000,"[30, 30, 2]",2,10,,1.0,-1.0,15130677088.0,4.2787605009041725,3.0
regir_bidirectional_nomem,mechanism,fixed3,final@1000000,"[30, 30, 12]",0,10,,10.750733001417979,-10.750733001417979,17936557184.0,6.851326088933274,3.0
regir_bidirectional_nomem,mechanism,fixed3,final@1000000,"[30, 30, 12]",1,10,,4.1750008567100005,-4.1750008567100005,15393886208.0,5.410929189994931,3.0
regir_bidirectional_nomem,mechanism,fixed3,final@1000000,"[30, 30, 12]",2,10,,1.3928796575214728,-1.3928796575214728,15101511808.0,3.323296347260475,3.0
regir_bidirectional_nomem,mechanism,fixed3,final@1000000,"[50, 50, 2]",0,10,,2.534493671106876,-2.534493671106876,24441619840.0,7.736861993884668,3.0
regir_bidirectional_nomem,mechanism,fixed3,final@1000000,"[50, 50, 2]",1,10,,2.696475866288666,-2.696475866288666,22161656352.0,7.2604201807174835,3.0
regir_bidirectional_nomem,mechanism,fixed3,final@1000000,"[50, 50, 2]",2,10,,1.1,-1.1,21309580416.0,4.294719467591494,3.0
regir_bidirectional_nomem,mechanism,fixed4,final@1000000,"[4, 4, 2]",0,10,,0.2,-0.2,3811004659.2,4.655220354441553,4.0
regir_bidirectional_nomem,mechanism,fixed4,final@1000000,"[4, 4, 2]",1,10,,0.1,-0.1,3453054566.4,2.1920699772424994,4.0
regir_bidirectional_nomem,mechanism,fixed4,final@1000000,"[4, 4, 2]",2,10,,0.0,-0.0,3648000448.0,3.5153847326058894,4.0
regir_bidirectional_nomem,mechanism,fixed4,final@1000000,"[10, 10, 3]",0,10,,0.0,-0.0,7384797868.8,5.028945093695074,4.0
regir_bidirectional_nomem,mechanism,fixed4,final@1000000,"[10, 10, 3]",1,10,,0.9667176188283985,-0.9667176188283985,7966719641.6,3.7216381130274385,4.0
regir_bidirectional_nomem,mechanism,fixed4,final@1000000,"[10, 10, 3]",2,10,,1.1828347524643088,-1.1828347524643088,8289726707.2,3.831823004502803,4.0
regir_bidirectional_nomem,mechanism,fixed4,final@1000000,"[10, 10, 12]",0,10,,4.343278282983865,-4.343278282983865,8694530380.8,6.455715893488377,4.0
regir_bidirectional_nomem,mechanism,fixed4,final@1000000,"[10, 10, 12]",1,10,,2.0868491776419065,-2.0868491776419065,8268755257.6,4.478123881435022,4.0
regir_bidirectional_nomem,mechanism,fixed4,final@1000000,"[10, 10, 12]",2,10,,1.6680232298128992,-1.6680232298128992,7747288044.8,2.9472440402954816,4.0
regir_bidirectional_nomem,mechanism,fixed4,final@1000000,"[30, 30, 2]",0,10,,1.5,-1.5,20685589676.8,8.470296916319057,4.0
regir_bidirectional_nomem,mechanism,fixed4,final@1000000,"[30, 30, 2]",1,10,,2.2080393386934603,-2.2080393386934603,19078513331.2,8.652766483277082,4.0
regir_bidirectional_nomem,mechanism,fixed4,final@1000000,"[30, 30, 2]",2,10,,1.18321812764601,-1.18321812764601,18137691744.0,4.159398426488042,4.0
regir_bidirectional_nomem,mechanism,fixed4,final@1000000,"[30, 30, 12]",0,10,,15.16916517215813,-15.16916517215813,23368349529.6,6.443643236299977,4.0
regir_bidirectional_nomem,mechanism,fixed4,final@1000000,"[30, 30, 12]",1,10,,5.200391730131008,-5.200391730131008,19417230329.6,6.196862083254382,4.0
regir_bidirectional_nomem,mechanism,fixed4,final@1000000,"[30, 30, 12]",2,10,,2.357684469813794,-2.357684469813794,18879341139.2,3.6488042916171253,4.0
regir_bidirectional_nomem,mechanism,fixed4,final@1000000,"[50, 50, 2]",0,10,,5.580924090157891,-5.580924090157891,30680925088.0,9.589399063540622,4.0
regir_bidirectional_nomem,mechanism,fixed4,final@1000000,"[50, 50, 2]",1,10,,1.714693417476882,-1.714693417476882,27822196486.4,7.40378427542746,4.0
regir_bidirectional_nomem,mechanism,fixed4,final@1000000,"[50, 50, 2]",2,10,,2.654326860201426,-2.654326860201426,26986384339.2,4.804372744541615,4.0
regir_bidirectional_nomem,mechanism,query_update_frozen,final@1000000,"[4, 4, 2]",0,10,,1.0,-1.0,4775827712.0,5.585849956050515,4.0
regir_bidirectional_nomem,mechanism,query_update_frozen,final@1000000,"[4, 4, 2]",1,10,,0.8,-0.8,4756195360.0,4.35142147867009,4.0
regir_bidirectional_nomem,mechanism,query_update_frozen,final@1000000,"[4, 4, 2]",2,10,,0.5,-0.5,4129509689.6,3.788736976170912,4.0
regir_bidirectional_nomem,mechanism,query_update_frozen,final@1000000,"[10, 10, 3]",0,10,,1.2991059462982664,-1.2991059462982664,9777422777.6,7.886995583074167,4.0
regir_bidirectional_nomem,mechanism,query_update_frozen,final@1000000,"[10, 10, 3]",1,10,,1.9165679069422612,-1.9165679069422612,8722359392.0,3.9184899791143835,4.0
regir_bidirectional_nomem,mechanism,query_update_frozen,final@1000000,"[10, 10, 3]",2,10,,1.6245937739071201,-1.6245937739071201,8802826291.2,3.843508522445336,4.0
regir_bidirectional_nomem,mechanism,query_update_frozen,final@1000000,"[10, 10, 12]",0,10,,6.006050628726545,-6.006050628726545,9263497004.8,6.627056372584775,4.0
regir_bidirectional_nomem,mechanism,query_update_frozen,final@1000000,"[10, 10, 12]",1,10,,3.5502471392619492,-3.5502471392619492,8354673913.6,4.899910801462829,4.0
regir_bidirectional_nomem,mechanism,query_update_frozen,final@1000000,"[10, 10, 12]",2,10,,4.286732345985073,-4.286732345985073,9129043731.2,3.326219405606389,4.0
regir_bidirectional_nomem,mechanism,query_update_frozen,final@1000000,"[30, 30, 2]",0,10,,4.8,-4.8,23484889536.0,9.114734459156171,4.0
regir_bidirectional_nomem,mechanism,query_update_frozen,final@1000000,"[30, 30, 2]",1,10,,2.6415987441542894,-2.6415987441542894,20635307315.2,8.084773778449744,4.0
regir_bidirectional_nomem,mechanism,query_update_frozen,final@1000000,"[30, 30, 2]",2,10,,4.2645131058363335,-4.2645131058363335,21249066496.0,4.75357819814235,4.0
regir_bidirectional_nomem,mechanism,query_update_frozen,final@1000000,"[30, 30, 12]",0,10,,17.730699205870774,-17.730699205870774,23665417638.4,6.561597291845828,4.0
regir_bidirectional_nomem,mechanism,query_update_frozen,final@1000000,"[30, 30, 12]",1,10,,5.1365811868281845,-5.1365811868281845,19155874611.2,5.629104059096425,4.0
regir_bidirectional_nomem,mechanism,query_update_frozen,final@1000000,"[30, 30, 12]",2,10,,4.978883823320865,-4.978883823320865,20678589804.8,3.8801726129837335,4.0
regir_bidirectional_nomem,mechanism,query_update_frozen,final@1000000,"[50, 50, 2]",0,10,,8.076560042084393,-8.076560042084393,31949094688.0,7.688031684374437,4.0
regir_bidirectional_nomem,mechanism,query_update_frozen,final@1000000,"[50, 50, 2]",1,10,,2.7963568352942003,-2.7963568352942003,27810922374.4,7.6390139139723034,4.0
regir_bidirectional_nomem,mechanism,query_update_frozen,final@1000000,"[50, 50, 2]",2,10,,5.365001214785385,-5.365001214785385,29930338329.6,5.533589990995824,4.0
regir_bidirectional_nomem,mechanism,reverse_kv_clamp,final@1000000,"[4, 4, 2]",0,10,,0.6,-0.6,3790982931.2,3.9148042685352267,4.0
regir_bidirectional_nomem,mechanism,reverse_kv_clamp,final@1000000,"[4, 4, 2]",1,10,,0.7,-0.7,5034656934.4,5.501684115920216,4.0
regir_bidirectional_nomem,mechanism,reverse_kv_clamp,final@1000000,"[4, 4, 2]",2,10,,0.3,-0.3,3638179577.6,3.395887329103425,4.0
regir_bidirectional_nomem,mechanism,reverse_kv_clamp,final@1000000,"[10, 10, 3]",0,10,,0.6556320949021746,-0.6556320949021746,8282736224.0,5.995480278180912,4.0
regir_bidirectional_nomem,mechanism,reverse_kv_clamp,final@1000000,"[10, 10, 3]",1,10,,1.9777933549022633,-1.9777933549022633,9317606912.0,3.7003115395084025,4.0
regir_bidirectional_nomem,mechanism,reverse_kv_clamp,final@1000000,"[10, 10, 3]",2,10,,1.2085315322822614,-1.2085315322822614,8944051641.6,3.9868951927870513,4.0
regir_bidirectional_nomem,mechanism,reverse_kv_clamp,final@1000000,"[10, 10, 12]",0,10,,5.829160986953137,-5.829160986953137,9732098534.4,6.850892238831148,4.0
regir_bidirectional_nomem,mechanism,reverse_kv_clamp,final@1000000,"[10, 10, 12]",1,10,,3.89186454443178,-3.89186454443178,8690113830.4,5.026993258483708,4.0
regir_bidirectional_nomem,mechanism,reverse_kv_clamp,final@1000000,"[10, 10, 12]",2,10,,3.8278265219484604,-3.8278265219484604,9158667923.2,3.0233610580675303,4.0
regir_bidirectional_nomem,mechanism,reverse_kv_clamp,final@1000000,"[30, 30, 2]",0,10,,6.410172064080582,-6.410172064080582,23463110675.2,9.110740699106827,4.0
regir_bidirectional_nomem,mechanism,reverse_kv_clamp,final@1000000,"[30, 30, 2]",1,10,,3.001798817734241,-3.001798817734241,20962645446.4,8.26672508516349,4.0
regir_bidirectional_nomem,mechanism,reverse_kv_clamp,final@1000000,"[30, 30, 2]",2,10,,2.417303177005509,-2.417303177005509,20424233958.4,4.599761372245848,4.0
regir_bidirectional_nomem,mechanism,reverse_kv_clamp,final@1000000,"[30, 30, 12]",0,10,,19.32869674022718,-19.32869674022718,24540883865.6,6.37814955948852,4.0
regir_bidirectional_nomem,mechanism,reverse_kv_clamp,final@1000000,"[30, 30, 12]",1,10,,6.193049417470492,-6.193049417470492,19043380556.8,6.376171508384869,4.0
regir_bidirectional_nomem,mechanism,reverse_kv_clamp,final@1000000,"[30, 30, 12]",2,10,,2.7513503199206877,-2.7513503199206877,20700197696.0,3.893092857301235,4.0
regir_bidirectional_nomem,mechanism,reverse_kv_clamp,final@1000000,"[50, 50, 2]",0,10,,6.6,-6.6,31554710278.4,8.193214085092768,4.0
regir_bidirectional_nomem,mechanism,reverse_kv_clamp,final@1000000,"[50, 50, 2]",1,10,,3.2959818096084867,-3.2959818096084867,29063971046.4,8.576493275677786,4.0
regir_bidirectional_nomem,mechanism,reverse_kv_clamp,final@1000000,"[50, 50, 2]",2,10,,4.109343272590648,-4.109343272590648,29096501721.6,4.965641997847706,4.0
regir_bidirectional_nomem,select,adaptive,final@1000000,"[4, 4, 2]",0,100,,0.19700783463506344,-0.19700783463506344,2974698328.32,2.5559691207110884,2.4627195672888877
regir_bidirectional_nomem,select,adaptive,final@1000000,"[4, 4, 2]",1,100,,0.5117520236540359,-0.5117520236540359,3249439915.52,2.603710149130784,2.371946830598142
regir_bidirectional_nomem,select,adaptive,final@1000000,"[4, 4, 2]",2,100,,0.36964386906126867,-0.36964386906126867,3104195504.0,2.551962083922699,2.3727221204436932
regir_bidirectional_nomem,select,adaptive,final@1000000,"[6, 6, 2]",0,100,,0.2153878842269133,-0.2153878842269133,3815164409.6,2.740598753285594,2.4152546297553537
regir_bidirectional_nomem,select,adaptive,final@1000000,"[6, 6, 2]",1,100,,0.39392616412669257,-0.39392616412669257,3783678467.2,2.8231698076194154,2.343823960017218
regir_bidirectional_nomem,select,adaptive,final@1000000,"[6, 6, 2]",2,100,,0.3459626823391978,-0.3459626823391978,3826858309.76,2.8057248660130427,2.3563320796022422
regir_bidirectional_nomem,select,adaptive,final@1000000,"[8, 8, 2]",0,100,,0.46117276972368954,-0.46117276972368954,4616527365.76,2.633121135244146,2.3989481799819163
regir_bidirectional_nomem,select,adaptive,final@1000000,"[8, 8, 2]",1,100,,0.4792644557541762,-0.4792644557541762,4355935300.48,2.4983398327324537,2.322059877206146
regir_bidirectional_nomem,select,adaptive,final@1000000,"[8, 8, 2]",2,100,,0.3158663751415316,-0.3158663751415316,4483880242.56,2.604493337357417,2.3599363677280802
regir_bidirectional_nomem,select,adaptive,final@1000000,"[10, 10, 3]",0,100,,0.5156161826055201,-0.5156161826055201,5469181868.16,2.984351329486817,2.407420348794235
regir_bidirectional_nomem,select,adaptive,final@1000000,"[10, 10, 3]",1,100,,0.6408479864840704,-0.6408479864840704,5067232476.16,2.8758182910876346,2.3447632266958327
regir_bidirectional_nomem,select,adaptive,final@1000000,"[10, 10, 3]",2,100,,0.45982715114455985,-0.45982715114455985,5118633344.0,2.861104600019753,2.3871926224098217
regir_bidirectional_nomem,select,fixed1,final@1000000,"[4, 4, 2]",0,100,,0.43604860698619347,-0.43604860698619347,2480594928.64,2.4002513582911345,1.0
regir_bidirectional_nomem,select,fixed1,final@1000000,"[4, 4, 2]",1,100,,0.9013644288645181,-0.9013644288645181,2836867877.76,2.5318436328787355,1.0
regir_bidirectional_nomem,select,fixed1,final@1000000,"[4, 4, 2]",2,100,,0.49214331175820664,-0.49214331175820664,2578756063.36,2.3187779560452326,1.0
regir_bidirectional_nomem,select,fixed1,final@1000000,"[6, 6, 2]",0,100,,0.5711279769315175,-0.5711279769315175,3032913098.88,2.553116298792884,1.0
regir_bidirectional_nomem,select,fixed1,final@1000000,"[6, 6, 2]",1,100,,0.8866250137125868,-0.8866250137125868,3101687068.16,2.694179540993646,1.0
regir_bidirectional_nomem,select,fixed1,final@1000000,"[6, 6, 2]",2,100,,0.38968209065568155,-0.38968209065568155,2842623368.32,2.3159305968834087,1.0
regir_bidirectional_nomem,select,fixed1,final@1000000,"[8, 8, 2]",0,100,,0.7578904576476109,-0.7578904576476109,3554946293.12,2.4149055108847097,1.0
regir_bidirectional_nomem,select,fixed1,final@1000000,"[8, 8, 2]",1,100,,1.1026510904772318,-1.1026510904772318,3765764926.08,2.708519488554448,1.0
regir_bidirectional_nomem,select,fixed1,final@1000000,"[8, 8, 2]",2,100,,0.46357192708096684,-0.46357192708096684,3433079373.44,2.461287905634381,1.0
regir_bidirectional_nomem,select,fixed1,final@1000000,"[10, 10, 3]",0,100,,1.1276440646592953,-1.1276440646592953,3996436411.52,2.7128922642953692,1.0
regir_bidirectional_nomem,select,fixed1,final@1000000,"[10, 10, 3]",1,100,,1.349985725936322,-1.349985725936322,4154989473.28,2.9015341210691257,1.0
regir_bidirectional_nomem,select,fixed1,final@1000000,"[10, 10, 3]",2,100,,0.5003245373561862,-0.5003245373561862,3624002885.76,2.471241022516042,1.0
regir_bidirectional_nomem,select,fixed2,final@1000000,"[4, 4, 2]",0,100,,0.20791345214082185,-0.20791345214082185,2811098350.08,2.424791291607544,2.0
regir_bidirectional_nomem,select,fixed2,final@1000000,"[4, 4, 2]",1,100,,0.5652996597195549,-0.5652996597195549,3057100423.68,2.386882303301245,2.0
regir_bidirectional_nomem,select,fixed2,final@1000000,"[4, 4, 2]",2,100,,0.3134193299907511,-0.3134193299907511,2906013704.96,2.42512655957602,2.0
regir_bidirectional_nomem,select,fixed2,final@1000000,"[6, 6, 2]",0,100,,0.23887113542695038,-0.23887113542695038,3534126706.56,2.504237962951884,2.0
regir_bidirectional_nomem,select,fixed2,final@1000000,"[6, 6, 2]",1,100,,0.4392498050379351,-0.4392498050379351,3450339686.4,2.4044510469445957,2.0
regir_bidirectional_nomem,select,fixed2,final@1000000,"[6, 6, 2]",2,100,,0.27662664520685104,-0.27662664520685104,3538445219.2,2.494349983357824,2.0
regir_bidirectional_nomem,select,fixed2,final@1000000,"[8, 8, 2]",0,100,,0.4383379797570805,-0.4383379797570805,4219122354.56,2.4382810538914055,2.0
regir_bidirectional_nomem,select,fixed2,final@1000000,"[8, 8, 2]",1,100,,0.4751664302769012,-0.4751664302769012,4140002117.12,2.397327480474487,2.0
regir_bidirectional_nomem,select,fixed2,final@1000000,"[8, 8, 2]",2,100,,0.27560016112544183,-0.27560016112544183,4115976346.88,2.325483717950992,2.0
regir_bidirectional_nomem,select,fixed2,final@1000000,"[10, 10, 3]",0,100,,0.7277373033483319,-0.7277373033483319,5024650796.8,2.7788704818626866,2.0
regir_bidirectional_nomem,select,fixed2,final@1000000,"[10, 10, 3]",1,100,,0.6786030925592828,-0.6786030925592828,4844076991.36,2.728297879402526,2.0
regir_bidirectional_nomem,select,fixed2,final@1000000,"[10, 10, 3]",2,100,,0.4631377348241868,-0.4631377348241868,4774143067.52,2.6247322741895913,2.0
regir_bidirectional_nomem,select,fixed3,final@1000000,"[4, 4, 2]",0,100,,0.2029225270898612,-0.2029225270898612,3232237808.0,2.4281499034445733,3.0
regir_bidirectional_nomem,select,fixed3,final@1000000,"[4, 4, 2]",1,100,,0.46884974339964747,-0.46884974339964747,3520210080.0,2.60354857894592,3.0
regir_bidirectional_nomem,select,fixed3,final@1000000,"[4, 4, 2]",2,100,,0.33402106293617106,-0.33402106293617106,3347298691.2,2.534521326688118,3.0
regir_bidirectional_nomem,select,fixed3,final@1000000,"[6, 6, 2]",0,100,,0.2751710108688343,-0.2751710108688343,4248373744.0,2.691313596088439,3.0
regir_bidirectional_nomem,select,fixed3,final@1000000,"[6, 6, 2]",1,100,,0.34573233364310524,-0.34573233364310524,4236189881.6,2.6744306033430623,3.0
regir_bidirectional_nomem,select,fixed3,final@1000000,"[6, 6, 2]",2,100,,0.4273311351100294,-0.4273311351100294,4357693555.2,2.8146655359026043,3.0
regir_bidirectional_nomem,select,fixed3,final@1000000,"[8, 8, 2]",0,100,,0.3497988552027353,-0.3497988552027353,5239095337.6,2.6367837708396835,3.0
regir_bidirectional_nomem,select,fixed3,final@1000000,"[8, 8, 2]",1,100,,0.33132641714943717,-0.33132641714943717,5065325936.0,2.504287186590955,3.0
regir_bidirectional_nomem,select,fixed3,final@1000000,"[8, 8, 2]",2,100,,0.23651283948958382,-0.23651283948958382,5087282032.0,2.621086655082181,3.0
regir_bidirectional_nomem,select,fixed3,final@1000000,"[10, 10, 3]",0,100,,0.5906347068094138,-0.5906347068094138,6189346246.4,2.946200012252666,3.0
regir_bidirectional_nomem,select,fixed3,final@1000000,"[10, 10, 3]",1,100,,0.44514435451449075,-0.44514435451449075,5725427878.4,2.720285201133229,3.0
regir_bidirectional_nomem,select,fixed3,final@1000000,"[10, 10, 3]",2,100,,0.5869998314387711,-0.5869998314387711,5884496150.4,2.8860048396419735,3.0
regir_bidirectional_nomem,select,fixed4,final@1000000,"[4, 4, 2]",0,100,,0.14189875988988232,-0.14189875988988232,3893898240.0,2.792532568196766,4.0
regir_bidirectional_nomem,select,fixed4,final@1000000,"[4, 4, 2]",1,100,,0.4209235193575723,-0.4209235193575723,4063595664.64,2.7116516332281755,4.0
regir_bidirectional_nomem,select,fixed4,final@1000000,"[4, 4, 2]",2,100,,0.5574000891072844,-0.5574000891072844,4063873959.68,2.900843268004246,4.0
regir_bidirectional_nomem,select,fixed4,final@1000000,"[6, 6, 2]",0,100,,0.38439266185852944,-0.38439266185852944,5137995071.36,3.0728849289845677,4.0
regir_bidirectional_nomem,select,fixed4,final@1000000,"[6, 6, 2]",1,100,,0.3701806848417434,-0.3701806848417434,4970059523.2,2.9631468337448315,4.0
regir_bidirectional_nomem,select,fixed4,final@1000000,"[6, 6, 2]",2,100,,0.5820655521511424,-0.5820655521511424,5247866669.44,3.104847311847843,4.0
regir_bidirectional_nomem,select,fixed4,final@1000000,"[8, 8, 2]",0,100,,0.3250497989923472,-0.3250497989923472,6224711455.36,2.840672497744672,4.0
regir_bidirectional_nomem,select,fixed4,final@1000000,"[8, 8, 2]",1,100,,0.4147502779068944,-0.4147502779068944,5939985030.4,2.6501249543530867,4.0
regir_bidirectional_nomem,select,fixed4,final@1000000,"[8, 8, 2]",2,100,,0.46256345095522144,-0.46256345095522144,6144678700.16,2.800730591174215,4.0
regir_bidirectional_nomem,select,fixed4,final@1000000,"[10, 10, 3]",0,100,,0.5349650137139088,-0.5349650137139088,7445724472.96,3.0218487967690453,4.0
regir_bidirectional_nomem,select,fixed4,final@1000000,"[10, 10, 3]",1,100,,0.7785606936401829,-0.7785606936401829,7142280383.36,2.9751910448446868,4.0
regir_bidirectional_nomem,select,fixed4,final@1000000,"[10, 10, 3]",2,100,,0.897725211972744,-0.897725211972744,7190321116.16,3.285693769417703,4.0
regir_bidirectional_nomem,select,random,final@1000000,"[4, 4, 2]",0,100,,0.2043195005001569,-0.2043195005001569,2957779739.52,2.438782592797652,2.3184077866297557
regir_bidirectional_nomem,select,random,final@1000000,"[4, 4, 2]",1,100,,0.5386080741708569,-0.5386080741708569,3317919773.44,2.6356863399315626,2.311871960631064
regir_bidirectional_nomem,select,random,final@1000000,"[4, 4, 2]",2,100,,0.31357419395252856,-0.31357419395252856,3024485326.08,2.4880660655442624,2.32607360613753
regir_bidirectional_nomem,select,random,final@1000000,"[6, 6, 2]",0,100,,0.34785246146694626,-0.34785246146694626,3791308124.8,2.7252340613352133,2.316162652992716
regir_bidirectional_nomem,select,random,final@1000000,"[6, 6, 2]",1,100,,0.3708257841427953,-0.3708257841427953,3684824576.0,2.5939201092347504,2.3138687703318412
regir_bidirectional_nomem,select,random,final@1000000,"[6, 6, 2]",2,100,,0.3477269326622376,-0.3477269326622376,3807064249.6,2.722956194146536,2.3173320915848303
regir_bidirectional_nomem,select,random,final@1000000,"[8, 8, 2]",0,100,,0.39078606365471036,-0.39078606365471036,4520782607.36,2.50764334035106,2.3181446815617166
regir_bidirectional_nomem,select,random,final@1000000,"[8, 8, 2]",1,100,,0.5123499865631924,-0.5123499865631924,4432612903.68,2.6488560535060244,2.315827411841076
regir_bidirectional_nomem,select,random,final@1000000,"[8, 8, 2]",2,100,,0.2283000271863745,-0.2283000271863745,4366212890.88,2.5247262127650902,2.3213394395242957
regir_bidirectional_nomem,select,random,final@1000000,"[10, 10, 3]",0,100,,0.5555022199243027,-0.5555022199243027,5330121425.28,2.8815495483903213,2.316820314706098
regir_bidirectional_nomem,select,random,final@1000000,"[10, 10, 3]",1,100,,0.5902449945814758,-0.5902449945814758,5078115814.4,2.8202665253402666,2.3182509285539354
regir_bidirectional_nomem,select,random,final@1000000,"[10, 10, 3]",2,100,,0.4543077448490937,-0.4543077448490937,5087498343.04,2.8597602763958276,2.319820072868866
regir_entitygru_nomem,adaptive,adaptive,final@1000000,"[4, 4, 2]",0,300,qualified,0.2134740232919456,-0.2134740232919456,3980107826.133333,1.1353642423906907,2.607428135534365
regir_entitygru_nomem,adaptive,adaptive,final@1000000,"[4, 4, 2]",1,300,qualified,0.38799322821231397,-0.38799322821231397,4019264756.0533333,1.3881401561024056,2.5266425444838143
regir_entitygru_nomem,adaptive,adaptive,final@1000000,"[4, 4, 2]",2,300,qualified,0.29726126751914966,-0.29726126751914966,4034206366.72,1.138155198105184,2.5045990345673865
regir_entitygru_nomem,adaptive,adaptive,final@1000000,"[5, 5, 2]",0,300,qualified,0.2196168768137865,-0.2196168768137865,4681668872.106667,1.166376324260685,2.618264203374089
regir_entitygru_nomem,adaptive,adaptive,final@1000000,"[5, 5, 2]",1,300,qualified,0.4656969937982521,-0.4656969937982521,4483033783.466666,1.437141996602489,2.5281000427275906
regir_entitygru_nomem,adaptive,adaptive,final@1000000,"[5, 5, 2]",2,300,qualified,0.30709707568020483,-0.30709707568020483,4588826637.226666,1.1932291801192332,2.5132233168374674
regir_entitygru_nomem,adaptive,adaptive,final@1000000,"[6, 6, 2]",0,300,qualified,0.2751786062363939,-0.2751786062363939,5285438632.533334,1.3068362914262495,2.622371338475833
regir_entitygru_nomem,adaptive,adaptive,final@1000000,"[6, 6, 2]",1,300,qualified,0.45619944071804475,-0.45619944071804475,5094138029.44,1.518577789789803,2.548735818843299
regir_entitygru_nomem,adaptive,adaptive,final@1000000,"[6, 6, 2]",2,300,qualified,0.34050461625163336,-0.34050461625163336,5150013994.453333,1.179628665750109,2.530460474712036
regir_entitygru_nomem,adaptive,adaptive,final@1000000,"[8, 8, 2]",0,300,qualified,0.306487342751202,-0.306487342751202,6481928620.586667,1.460579552987862,2.636196772577815
regir_entitygru_nomem,adaptive,adaptive,final@1000000,"[8, 8, 2]",1,300,qualified,0.5022237497749351,-0.5022237497749351,6206974793.8133335,1.6383211395218191,2.5493738252119345
regir_entitygru_nomem,adaptive,adaptive,final@1000000,"[8, 8, 2]",2,300,qualified,0.3876846469180075,-0.3876846469180075,6396358950.613334,1.2572188064434644,2.544875170010479
regir_entitygru_nomem,adaptive,adaptive,final@1000000,"[10, 10, 2]",0,300,qualified,0.4337897497288712,-0.4337897497288712,7675613437.44,1.5008268263575155,2.623473110069078
regir_entitygru_nomem,adaptive,adaptive,final@1000000,"[10, 10, 2]",1,300,qualified,0.677168618658485,-0.677168618658485,7314996530.986667,1.7390301951723328,2.5511057820623324
regir_entitygru_nomem,adaptive,adaptive,final@1000000,"[10, 10, 2]",2,300,qualified,0.3648354871468881,-0.3648354871468881,7413447147.946667,1.3256655673595379,2.549781701960093
regir_entitygru_nomem,adaptive,adaptive,final@1000000,"[10, 10, 3]",0,300,qualified,0.5622250730849953,-0.5622250730849953,7683857649.493333,1.5429031418962404,2.640652357766368
regir_entitygru_nomem,adaptive,adaptive,final@1000000,"[10, 10, 3]",1,300,qualified,0.7256210813770535,-0.7256210813770535,7227968663.253333,1.69550527399173,2.559516921091278
regir_entitygru_nomem,adaptive,adaptive,final@1000000,"[10, 10, 3]",2,300,qualified,0.5421394828997459,-0.5421394828997459,7388499654.4,1.339968268002267,2.5529207234484423
regir_entitygru_nomem,adaptive,adaptive,final@1000000,"[10, 10, 4]",0,300,qualified,0.4684911094149631,-0.4684911094149631,7753600968.106667,1.536858760107425,2.651875326669386
regir_entitygru_nomem,adaptive,adaptive,final@1000000,"[10, 10, 4]",1,300,qualified,0.8252657610049056,-0.8252657610049056,7207766495.146667,1.6861137482360937,2.5707390757311592
regir_entitygru_nomem,adaptive,adaptive,final@1000000,"[10, 10, 4]",2,300,qualified,0.5727058538327666,-0.5727058538327666,7300833599.36,1.3168802166320772,2.5563118964202403
regir_entitygru_nomem,adaptive,adaptive,final@1000000,"[10, 10, 6]",0,300,qualified,0.6795945862846283,-0.6795945862846283,7876024481.706667,1.6230674011667725,2.6709610744584507
regir_entitygru_nomem,adaptive,adaptive,final@1000000,"[10, 10, 6]",1,300,qualified,1.2031143289000368,-1.2031143289000368,7200668105.6,1.7300076318893116,2.5811749071624908
regir_entitygru_nomem,adaptive,adaptive,final@1000000,"[10, 10, 6]",2,300,qualified,0.7397350571570974,-0.7397350571570974,7339679035.093333,1.2981263004767243,2.568316428068682
regir_entitygru_nomem,adaptive,adaptive,final@1000000,"[10, 10, 9]",0,300,qualified,0.965692609433446,-0.965692609433446,8011089605.546667,1.637100047711477,2.681329468115866
regir_entitygru_nomem,adaptive,adaptive,final@1000000,"[10, 10, 9]",1,300,qualified,1.4169374653085884,-1.4169374653085884,7219948399.36,1.6505571387386104,2.6030355253503417
regir_entitygru_nomem,adaptive,adaptive,final@1000000,"[10, 10, 9]",2,300,qualified,0.9341677308239995,-0.9341677308239995,7325456833.92,1.2089555820085418,2.5711366624143137
regir_entitygru_nomem,adaptive,adaptive,final@1000000,"[10, 10, 12]",0,300,qualified,1.6471366456259322,-1.6471366456259322,8279632417.706667,1.7546898208975714,2.6869382230032186
regir_entitygru_nomem,adaptive,adaptive,final@1000000,"[10, 10, 12]",1,300,qualified,1.802201031147389,-1.802201031147389,7291053715.413333,1.759240602874391,2.617683026836196
regir_entitygru_nomem,adaptive,adaptive,final@1000000,"[10, 10, 12]",2,300,qualified,1.1297017767574844,-1.1297017767574844,7449562177.493333,1.3177486764422308,2.578193444518619
regir_entitygru_nomem,adaptive,adaptive,final@1000000,"[15, 15, 2]",0,300,qualified,0.5367793668470157,-0.5367793668470157,10338728043.52,1.6833085233574578,2.6100660910918294
regir_entitygru_nomem,adaptive,adaptive,final@1000000,"[15, 15, 2]",1,300,qualified,0.7250206149649945,-0.7250206149649945,9855805158.186666,1.738271737471611,2.5523462362219704
regir_entitygru_nomem,adaptive,adaptive,final@1000000,"[15, 15, 2]",2,300,qualified,0.4810536732086376,-0.4810536732086376,10224758693.973333,1.388322486555747,2.565649406342957
regir_entitygru_nomem,adaptive,adaptive,final@1000000,"[15, 15, 4]",0,300,qualified,0.6447114862894994,-0.6447114862894994,10485720371.626667,1.6636085522931534,2.652804262523963
regir_entitygru_nomem,adaptive,adaptive,final@1000000,"[15, 15, 4]",1,300,qualified,1.1513299949265965,-1.1513299949265965,9881428301.44,1.7525400361447827,2.5651195435649026
regir_entitygru_nomem,adaptive,adaptive,final@1000000,"[15, 15, 4]",2,300,qualified,0.7738156760255289,-0.7738156760255289,10058243346.346666,1.3391007832437753,2.576169217841486
regir_entitygru_nomem,adaptive,adaptive,final@1000000,"[15, 15, 6]",0,300,qualified,0.8525433322121062,-0.8525433322121062,10635236852.48,1.7323578909477995,2.6698223234112666
regir_entitygru_nomem,adaptive,adaptive,final@1000000,"[15, 15, 6]",1,300,qualified,1.3627759944802562,-1.3627759944802562,9895111908.48,1.6942008526516534,2.5771184938283924
regir_entitygru_nomem,adaptive,adaptive,final@1000000,"[15, 15, 6]",2,300,qualified,0.7730214634523019,-0.7730214634523019,10033599912.746666,1.3577865406269363,2.578196903032558
regir_entitygru_nomem,adaptive,adaptive,final@1000000,"[20, 20, 2]",0,300,qualified,0.5207116058897177,-0.5207116058897177,13097287376.426666,1.7931532488990343,2.597590967870997
regir_entitygru_nomem,adaptive,adaptive,final@1000000,"[20, 20, 2]",1,300,qualified,0.8920350801561766,-0.8920350801561766,12454518922.453333,1.7389159110621162,2.5559844669094636
regir_entitygru_nomem,adaptive,adaptive,final@1000000,"[20, 20, 2]",2,300,qualified,0.513245332136663,-0.513245332136663,12870948729.386667,1.499625918494615,2.5823074478364356
regir_entitygru_nomem,adaptive,adaptive,final@1000000,"[20, 20, 4]",0,300,qualified,1.0084465387438437,-1.0084465387438437,13139059938.133333,1.808806923101462,2.6348817832057505
regir_entitygru_nomem,adaptive,adaptive,final@1000000,"[20, 20, 4]",1,300,qualified,1.5103485601025026,-1.5103485601025026,12387423948.8,1.749269977856505,2.5548891548538446
regir_entitygru_nomem,adaptive,adaptive,final@1000000,"[20, 20, 4]",2,300,qualified,0.6983936186711389,-0.6983936186711389,12571561764.906666,1.4304452321866605,2.5830182968047635
regir_entitygru_nomem,adaptive,adaptive,final@1000000,"[20, 20, 6]",0,300,qualified,0.8839351081641409,-0.8839351081641409,13406317215.36,1.8535408849517505,2.657989453628737
regir_entitygru_nomem,adaptive,adaptive,final@1000000,"[20, 20, 6]",1,300,qualified,1.9255252483072125,-1.9255252483072125,12470660106.666666,1.7097060790353378,2.5668014253453664
regir_entitygru_nomem,adaptive,adaptive,final@1000000,"[20, 20, 6]",2,300,qualified,1.0394225892998907,-1.0394225892998907,12606953368.32,1.4539686904954336,2.590577785754579
regir_entitygru_nomem,adaptive,adaptive,final@1000000,"[25, 25, 2]",0,300,qualified,0.6859971983938757,-0.6859971983938757,15687248542.293333,1.9090177389701906,2.5830218629176733
regir_entitygru_nomem,adaptive,adaptive,final@1000000,"[25, 25, 2]",1,300,qualified,1.023808106939677,-1.023808106939677,14807313975.68,1.8552719594792386,2.54009333925214
regir_entitygru_nomem,adaptive,adaptive,final@1000000,"[25, 25, 2]",2,300,qualified,0.5487314704856939,-0.5487314704856939,15377738431.573334,1.53014427261136,2.5817331582215615
regir_entitygru_nomem,adaptive,adaptive,final@1000000,"[30, 30, 2]",0,300,qualified,0.661949691639558,-0.661949691639558,18183263737.173332,1.970825109752089,2.57925954646877
regir_entitygru_nomem,adaptive,adaptive,final@1000000,"[30, 30, 2]",1,300,qualified,1.090011379251431,-1.090011379251431,17253229511.253334,1.881816283444835,2.54196199199126
regir_entitygru_nomem,adaptive,adaptive,final@1000000,"[30, 30, 2]",2,300,qualified,0.43453453914446155,-0.43453453914446155,17945408979.626667,1.620934507373216,2.5889699415147156
regir_entitygru_nomem,adaptive,adaptive,final@1000000,"[30, 30, 4]",0,300,qualified,0.9962173582372484,-0.9962173582372484,18378100900.693333,2.0857225415455956,2.615927708745886
regir_entitygru_nomem,adaptive,adaptive,final@1000000,"[30, 30, 4]",1,300,qualified,1.7975732038774936,-1.7975732038774936,17218053081.173332,1.8905174889460128,2.5428857191386096
regir_entitygru_nomem,adaptive,adaptive,final@1000000,"[30, 30, 4]",2,300,qualified,0.8305791231958591,-0.8305791231958591,17693945505.28,1.7115605594978358,2.6000373155424104
regir_entitygru_nomem,adaptive,adaptive,final@1000000,"[30, 30, 6]",0,300,qualified,1.0186104996705214,-1.0186104996705214,18459676375.68,2.098167727342225,2.6408892212952226
regir_entitygru_nomem,adaptive,adaptive,final@1000000,"[30, 30, 6]",1,300,qualified,2.2023541571919325,-2.2023541571919325,17275759767.04,1.8204298750743813,2.5528276478088907
regir_entitygru_nomem,adaptive,adaptive,final@1000000,"[30, 30, 6]",2,300,qualified,0.8507851507487093,-0.8507851507487093,17879967620.693333,1.785581772212366,2.6111613097811195
regir_entitygru_nomem,adaptive,adaptive,final@1000000,"[30, 30, 9]",0,300,qualified,0.9577457781235376,-0.9577457781235376,18888919566.293335,2.190620148059485,2.66797970798194
regir_entitygru_nomem,adaptive,adaptive,final@1000000,"[30, 30, 9]",1,300,qualified,2.5684263040353152,-2.5684263040353152,17357460752.0,1.9205067638884066,2.567767881343475
regir_entitygru_nomem,adaptive,adaptive,final@1000000,"[30, 30, 9]",2,300,qualified,0.8726160702353475,-0.8726160702353475,17947496347.733334,1.8489373392087873,2.6194083122218097
regir_entitygru_nomem,adaptive,adaptive,final@1000000,"[30, 30, 12]",0,300,qualified,1.1072945625831325,-1.1072945625831325,19366481944.106667,2.3651983239872303,2.6860368090773625
regir_entitygru_nomem,adaptive,adaptive,final@1000000,"[30, 30, 12]",1,300,qualified,3.456963032599349,-3.456963032599349,17495392720.0,2.013322580259216,2.576720840932198
regir_entitygru_nomem,adaptive,adaptive,final@1000000,"[30, 30, 12]",2,300,qualified,1.0965051314182406,-1.0965051314182406,17942819773.866665,1.871911390622457,2.626593895874579
regir_entitygru_nomem,adaptive,adaptive,final@1000000,"[40, 40, 2]",0,300,qualified,0.5006553311926756,-0.5006553311926756,23238632974.72,2.195536095229327,2.576789946664767
regir_entitygru_nomem,adaptive,adaptive,final@1000000,"[40, 40, 2]",1,300,qualified,1.1937898534278513,-1.1937898534278513,21861552615.253334,1.9847166614011318,2.5341364699793383
regir_entitygru_nomem,adaptive,adaptive,final@1000000,"[40, 40, 2]",2,300,qualified,0.4957896937989952,-0.4957896937989952,22813488046.72,1.8792957282648421,2.601578506466057
regir_entitygru_nomem,adaptive,adaptive,final@1000000,"[50, 50, 2]",0,300,qualified,0.6045044885106986,-0.6045044885106986,27936889694.506668,2.4761090239769934,2.567469582732696
regir_entitygru_nomem,adaptive,adaptive,final@1000000,"[50, 50, 2]",1,300,qualified,1.5070252844569902,-1.5070252844569902,25774220354.773335,2.281317504468413,2.513693198106365
regir_entitygru_nomem,adaptive,adaptive,final@1000000,"[50, 50, 2]",2,300,qualified,0.35379923180281736,-0.35379923180281736,27728088467.2,2.1470741907386883,2.6090063946263493
regir_entitygru_nomem,adaptive,random,final@1000000,"[4, 4, 2]",0,300,qualified,0.2310926902337939,-0.2310926902337939,4032627829.12,1.0753899378564287,2.653626064120358
regir_entitygru_nomem,adaptive,random,final@1000000,"[4, 4, 2]",1,300,qualified,0.4592936486665552,-0.4592936486665552,4113062892.8,1.3915637299152634,2.6482701688174735
regir_entitygru_nomem,adaptive,random,final@1000000,"[4, 4, 2]",2,300,qualified,0.23753650549820784,-0.23753650549820784,4054912344.7466664,1.0274662946703998,2.646149635049295
regir_entitygru_nomem,adaptive,random,final@1000000,"[5, 5, 2]",0,300,qualified,0.2682407611679701,-0.2682407611679701,4792829630.08,1.1628054887073813,2.7403959993557474
regir_entitygru_nomem,adaptive,random,final@1000000,"[5, 5, 2]",1,300,qualified,0.4016560355055067,-0.4016560355055067,4626897910.4,1.308604039446412,2.7431144810176264
regir_entitygru_nomem,adaptive,random,final@1000000,"[5, 5, 2]",2,300,qualified,0.2623973523066552,-0.2623973523066552,4767004156.8,1.1457392133427007,2.73941214103285
regir_entitygru_nomem,adaptive,random,final@1000000,"[6, 6, 2]",0,300,qualified,0.277011855175555,-0.277011855175555,5148553207.893333,1.2606404485316791,2.5462664480469024
regir_entitygru_nomem,adaptive,random,final@1000000,"[6, 6, 2]",1,300,qualified,0.450688416391641,-0.450688416391641,5037075210.026667,1.429821928483046,2.5431613439410996
regir_entitygru_nomem,adaptive,random,final@1000000,"[6, 6, 2]",2,300,qualified,0.2907023598513493,-0.2907023598513493,5143434821.333333,1.0941443145855252,2.542614196321968
regir_entitygru_nomem,adaptive,random,final@1000000,"[8, 8, 2]",0,300,qualified,0.2806649374095012,-0.2806649374095012,6366512621.226666,1.332187952612876,2.5848506759969103
regir_entitygru_nomem,adaptive,random,final@1000000,"[8, 8, 2]",1,300,qualified,0.4719292502050959,-0.4719292502050959,6244855560.106667,1.5313894684395442,2.581666157756187
regir_entitygru_nomem,adaptive,random,final@1000000,"[8, 8, 2]",2,300,qualified,0.41140745777473714,-0.41140745777473714,6482176091.733334,1.20639476777229,2.5810003806054125
regir_entitygru_nomem,adaptive,random,final@1000000,"[10, 10, 2]",0,300,qualified,0.40195514442693453,-0.40195514442693453,7736708198.1866665,1.4365285895497073,2.673376931824913
regir_entitygru_nomem,adaptive,random,final@1000000,"[10, 10, 2]",1,300,qualified,0.5978356754286643,-0.5978356754286643,7393789174.4,1.5854892354794234,2.6712221290785645
regir_entitygru_nomem,adaptive,random,final@1000000,"[10, 10, 2]",2,300,qualified,0.4152748432916585,-0.4152748432916585,7688326253.866667,1.1949884618911892,2.6691125729899645
regir_entitygru_nomem,adaptive,random,final@1000000,"[10, 10, 3]",0,300,qualified,0.39528184754417744,-0.39528184754417744,7541521351.466666,1.4065736077314552,2.6245864613343923
regir_entitygru_nomem,adaptive,random,final@1000000,"[10, 10, 3]",1,300,qualified,0.7983274723121649,-0.7983274723121649,7293573579.52,1.6201155800036697,2.62255668312822
regir_entitygru_nomem,adaptive,random,final@1000000,"[10, 10, 3]",2,300,qualified,0.5203091296453336,-0.5203091296453336,7490876747.733334,1.2359353530711572,2.620422447825892
regir_entitygru_nomem,adaptive,random,final@1000000,"[10, 10, 4]",0,300,qualified,0.46536333589599516,-0.46536333589599516,7586144746.026667,1.403639966075037,2.6139903705159204
regir_entitygru_nomem,adaptive,random,final@1000000,"[10, 10, 4]",1,300,qualified,0.8737727209608017,-0.8737727209608017,7307413520.64,1.6325219140424936,2.6086646561547018
regir_entitygru_nomem,adaptive,random,final@1000000,"[10, 10, 4]",2,300,qualified,0.5865352242455637,-0.5865352242455637,7471040923.093333,1.2422944254789037,2.6081137461782564
regir_entitygru_nomem,adaptive,random,final@1000000,"[10, 10, 6]",0,300,qualified,0.7110592482771879,-0.7110592482771879,7681491214.933333,1.4383101109512306,2.6032799916116125
regir_entitygru_nomem,adaptive,random,final@1000000,"[10, 10, 6]",1,300,qualified,1.1805443833239628,-1.1805443833239628,7220052482.986667,1.6946033799271876,2.600525581241589
regir_entitygru_nomem,adaptive,random,final@1000000,"[10, 10, 6]",2,300,qualified,0.7745611420942328,-0.7745611420942328,7382934535.68,1.1882991457701428,2.5990586122450696
regir_entitygru_nomem,adaptive,random,final@1000000,"[10, 10, 9]",0,300,qualified,1.3002280068555734,-1.3002280068555734,7947029842.56,1.5698635325410093,2.637843402981958
regir_entitygru_nomem,adaptive,random,final@1000000,"[10, 10, 9]",1,300,qualified,1.5070138433595548,-1.5070138433595548,7279057332.053333,1.528706180228231,2.637289351885542
regir_entitygru_nomem,adaptive,random,final@1000000,"[10, 10, 9]",2,300,qualified,1.0490502357618736,-1.0490502357618736,7473225915.733334,1.1727611986526365,2.6339841645783513
regir_entitygru_nomem,adaptive,random,final@1000000,"[10, 10, 12]",0,300,qualified,1.994588777648078,-1.994588777648078,8416332656.853333,1.6473727655269128,2.727827420389245
regir_entitygru_nomem,adaptive,random,final@1000000,"[10, 10, 12]",1,300,qualified,1.7348736667522398,-1.7348736667522398,7532888043.52,1.6146517606151367,2.724548292368246
regir_entitygru_nomem,adaptive,random,final@1000000,"[10, 10, 12]",2,300,qualified,1.3995028624525725,-1.3995028624525725,7763467203.84,1.1892090317187831,2.72285638607022
regir_entitygru_nomem,adaptive,random,final@1000000,"[15, 15, 2]",0,300,qualified,0.4977723316686204,-0.4977723316686204,10124789381.973333,1.5408429170415425,2.5612588232613027
regir_entitygru_nomem,adaptive,random,final@1000000,"[15, 15, 2]",1,300,qualified,0.8257078620463237,-0.8257078620463237,9964514373.333334,1.639107682838027,2.558422888092205
regir_entitygru_nomem,adaptive,random,final@1000000,"[15, 15, 2]",2,300,qualified,0.4258491261515676,-0.4258491261515676,10066694184.106667,1.2309040327672847,2.5583435037203084
regir_entitygru_nomem,adaptive,random,final@1000000,"[15, 15, 4]",0,300,qualified,0.6362137112157827,-0.6362137112157827,10344006293.546667,1.540408162486856,2.6420071533422393
regir_entitygru_nomem,adaptive,random,final@1000000,"[15, 15, 4]",1,300,qualified,1.3039443895177807,-1.3039443895177807,10095120566.4,1.573036910542869,2.640339012110767
regir_entitygru_nomem,adaptive,random,final@1000000,"[15, 15, 4]",2,300,qualified,0.6659994375325364,-0.6659994375325364,10131487296.213333,1.2526289779460058,2.638277906115139
regir_entitygru_nomem,adaptive,random,final@1000000,"[15, 15, 6]",0,300,qualified,0.8232325196829968,-0.8232325196829968,10345970647.253334,1.6480486890813335,2.5850843411069007
regir_entitygru_nomem,adaptive,random,final@1000000,"[15, 15, 6]",1,300,qualified,1.4421950454061507,-1.4421950454061507,9982415005.226667,1.5371809168352046,2.582946910233428
regir_entitygru_nomem,adaptive,random,final@1000000,"[15, 15, 6]",2,300,qualified,0.8567505692521606,-0.8567505692521606,10099609796.48,1.2166059555256894,2.5796303916371706
regir_entitygru_nomem,adaptive,random,final@1000000,"[20, 20, 2]",0,300,qualified,0.49682287740756637,-0.49682287740756637,12836219891.2,1.647126842883493,2.550439334577282
regir_entitygru_nomem,adaptive,random,final@1000000,"[20, 20, 2]",1,300,qualified,0.983354269844685,-0.983354269844685,12451101146.666666,1.6103789673561308,2.5488613411928425
regir_entitygru_nomem,adaptive,random,final@1000000,"[20, 20, 2]",2,300,qualified,0.4515239279533723,-0.4515239279533723,12714326428.586666,1.323678728165299,2.547726978963241
regir_entitygru_nomem,adaptive,random,final@1000000,"[20, 20, 4]",0,300,qualified,0.773289696992407,-0.773289696992407,12758763156.693333,1.6943822595015323,2.545406079987097
regir_entitygru_nomem,adaptive,random,final@1000000,"[20, 20, 4]",1,300,qualified,1.5192071761503776,-1.5192071761503776,12234064770.773333,1.5159422035647245,2.545299986825335
regir_entitygru_nomem,adaptive,random,final@1000000,"[20, 20, 4]",2,300,qualified,0.773942523462337,-0.773942523462337,12441693756.586666,1.3148854812027033,2.542714022627562
regir_entitygru_nomem,adaptive,random,final@1000000,"[20, 20, 6]",0,300,qualified,0.9247503766127235,-0.9247503766127235,13085333108.053333,1.685926552232122,2.6108721722669683
regir_entitygru_nomem,adaptive,random,final@1000000,"[20, 20, 6]",1,300,qualified,1.838633441352233,-1.838633441352233,12524434422.4,1.4789941363962134,2.607836432439596
regir_entitygru_nomem,adaptive,random,final@1000000,"[20, 20, 6]",2,300,qualified,0.8528544872096494,-0.8528544872096494,12634557833.173334,1.2811222248662186,2.606682410122243
regir_entitygru_nomem,adaptive,random,final@1000000,"[25, 25, 2]",0,300,qualified,0.6316216289513561,-0.6316216289513561,15691804483.84,1.7701293538757212,2.63100737436907
regir_entitygru_nomem,adaptive,random,final@1000000,"[25, 25, 2]",1,300,qualified,1.0653673884189598,-1.0653673884189598,15231887149.653334,1.6686400268830281,2.628567461504664
regir_entitygru_nomem,adaptive,random,final@1000000,"[25, 25, 2]",2,300,qualified,0.3806590747769973,-0.3806590747769973,15572879311.146667,1.3810555294216222,2.6270876600140434
regir_entitygru_nomem,adaptive,random,final@1000000,"[30, 30, 2]",0,300,qualified,0.472909473277002,-0.472909473277002,18083105256.96,1.8381132076946476,2.582351893590084
regir_entitygru_nomem,adaptive,random,final@1000000,"[30, 30, 2]",1,300,qualified,1.1224309176522866,-1.1224309176522866,17400201104.853333,1.759312985627912,2.579253133771023
regir_entitygru_nomem,adaptive,random,final@1000000,"[30, 30, 2]",2,300,qualified,0.4476593110894848,-0.4476593110894848,17969177349.333332,1.4433445339799316,2.5799213497692834
regir_entitygru_nomem,adaptive,random,final@1000000,"[30, 30, 4]",0,300,qualified,0.8427512620860741,-0.8427512620860741,17990164555.093334,1.833504132234957,2.5787640978404744
regir_entitygru_nomem,adaptive,random,final@1000000,"[30, 30, 4]",1,300,qualified,1.7660662448682927,-1.7660662448682927,17225957031.04,1.7322603382785262,2.5779633502664248
regir_entitygru_nomem,adaptive,random,final@1000000,"[30, 30, 4]",2,300,qualified,0.6626900510805973,-0.6626900510805973,17500399073.92,1.5054387541565424,2.5771989475957637
regir_entitygru_nomem,adaptive,random,final@1000000,"[30, 30, 6]",0,300,qualified,0.9979273937829511,-0.9979273937829511,18179751102.08,1.886855949839422,2.625330505417377
regir_entitygru_nomem,adaptive,random,final@1000000,"[30, 30, 6]",1,300,qualified,2.197216014796304,-2.197216014796304,17520758868.906666,1.6856891844557442,2.6249649102065464
regir_entitygru_nomem,adaptive,random,final@1000000,"[30, 30, 6]",2,300,qualified,0.8352058559596107,-0.8352058559596107,17707399417.386665,1.5852824458359585,2.6244884688859713
regir_entitygru_nomem,adaptive,random,final@1000000,"[30, 30, 9]",0,300,qualified,0.9993024359588305,-0.9993024359588305,18169804811.52,2.038521770613346,2.564372158202987
regir_entitygru_nomem,adaptive,random,final@1000000,"[30, 30, 9]",1,300,qualified,2.380326652464126,-2.380326652464126,17219039184.213333,1.7369154515689782,2.5646357745127415
regir_entitygru_nomem,adaptive,random,final@1000000,"[30, 30, 9]",2,300,qualified,0.914811279936828,-0.914811279936828,17635649473.066666,1.6842304517268591,2.562450510736281
regir_entitygru_nomem,adaptive,random,final@1000000,"[30, 30, 12]",0,300,qualified,1.4645625485475964,-1.4645625485475964,18775816258.133335,2.1329371483860693,2.653003610083673
regir_entitygru_nomem,adaptive,random,final@1000000,"[30, 30, 12]",1,300,qualified,3.5281004956212647,-3.5281004956212647,17751017195.306667,1.9097344956073599,2.653417567342073
regir_entitygru_nomem,adaptive,random,final@1000000,"[30, 30, 12]",2,300,qualified,1.3232296309856961,-1.3232296309856961,18200000612.693333,1.8298460376922352,2.6537045334889737
regir_entitygru_nomem,adaptive,random,final@1000000,"[40, 40, 2]",0,300,qualified,0.45140045113321464,-0.45140045113321464,22599647872.213333,2.055723434206836,2.537956980134135
regir_entitygru_nomem,adaptive,random,final@1000000,"[40, 40, 2]",1,300,qualified,1.2809255103830832,-1.2809255103830832,21705013437.226665,1.826424999393251,2.5376533124144465
regir_entitygru_nomem,adaptive,random,final@1000000,"[40, 40, 2]",2,300,qualified,0.3533931806491507,-0.3533931806491507,22380526434.133335,1.7218209023207116,2.5364106138706517
regir_entitygru_nomem,adaptive,random,final@1000000,"[50, 50, 2]",0,300,qualified,0.44331982674039555,-0.44331982674039555,27611043573.333332,2.2594185962324262,2.5700232479378826
regir_entitygru_nomem,adaptive,random,final@1000000,"[50, 50, 2]",1,300,qualified,1.3361248758859734,-1.3361248758859734,26453865435.093334,2.101652462669881,2.5693564619097833
regir_entitygru_nomem,adaptive,random,final@1000000,"[50, 50, 2]",2,300,qualified,0.34279203463908686,-0.34279203463908686,27350288692.693333,2.0011637672475384,2.5677280392863064
regir_entitygru_nomem,calibrate,fixed1,final@1000000,"[4, 4, 2]",0,40,,0.6874248780382637,-0.6874248780382637,3167523576.0,2.4309451800305397,1.0
regir_entitygru_nomem,calibrate,fixed1,final@1000000,"[4, 4, 2]",1,40,,0.8014814854857435,-0.8014814854857435,2821133219.2,2.1328096671612,1.0
regir_entitygru_nomem,calibrate,fixed1,final@1000000,"[4, 4, 2]",2,40,,0.8013200236315596,-0.8013200236315596,3033567832.0,2.32083993019769,1.0
regir_entitygru_nomem,calibrate,fixed1,final@1000000,"[6, 6, 2]",0,40,,0.9643884365124658,-0.9643884365124658,3954048763.2,2.577065886533819,1.0
regir_entitygru_nomem,calibrate,fixed1,final@1000000,"[6, 6, 2]",1,40,,0.7435328098773454,-0.7435328098773454,3657533107.2,2.3942523453501052,1.0
regir_entitygru_nomem,calibrate,fixed1,final@1000000,"[6, 6, 2]",2,40,,0.9979305414190212,-0.9979305414190212,3764806073.6,2.487235748011153,1.0
regir_entitygru_nomem,calibrate,fixed1,final@1000000,"[8, 8, 2]",0,40,,0.9629358090787906,-0.9629358090787906,4274927716.8,2.5051339819910936,1.0
regir_entitygru_nomem,calibrate,fixed1,final@1000000,"[8, 8, 2]",1,40,,1.0761988434017067,-1.0761988434017067,4326997161.6,2.5795285213505847,1.0
regir_entitygru_nomem,calibrate,fixed1,final@1000000,"[8, 8, 2]",2,40,,1.6982016615037498,-1.6982016615037498,4526466806.4,2.6110094201518224,1.0
regir_entitygru_nomem,calibrate,fixed1,final@1000000,"[10, 10, 3]",0,40,,1.2409567427494423,-1.2409567427494423,5052828622.4,2.390700416697655,1.0
regir_entitygru_nomem,calibrate,fixed1,final@1000000,"[10, 10, 3]",1,40,,1.5124628905877218,-1.5124628905877218,4955524849.6,2.641564464662224,1.0
regir_entitygru_nomem,calibrate,fixed1,final@1000000,"[10, 10, 3]",2,40,,2.289564375046155,-2.289564375046155,5263056950.4,2.65606295755133,1.0
regir_entitygru_nomem,calibrate,fixed2,final@1000000,"[4, 4, 2]",0,40,,0.05,-0.05,3434037547.2,2.0801534637226724,2.0
regir_entitygru_nomem,calibrate,fixed2,final@1000000,"[4, 4, 2]",1,40,,0.4132781034371528,-0.4132781034371528,3420035611.2,2.0310052213957532,2.0
regir_entitygru_nomem,calibrate,fixed2,final@1000000,"[4, 4, 2]",2,40,,0.37200673795028344,-0.37200673795028344,3599922145.6,2.2588388320291415,2.0
regir_entitygru_nomem,calibrate,fixed2,final@1000000,"[6, 6, 2]",0,40,,0.2197480124864681,-0.2197480124864681,4542593761.6,2.214370697806589,2.0
regir_entitygru_nomem,calibrate,fixed2,final@1000000,"[6, 6, 2]",1,40,,0.43221036825122505,-0.43221036825122505,4571327574.4,2.2548512164736167,2.0
regir_entitygru_nomem,calibrate,fixed2,final@1000000,"[6, 6, 2]",2,40,,0.28524408609746754,-0.28524408609746754,4592214728.0,2.2614251072402114,2.0
regir_entitygru_nomem,calibrate,fixed2,final@1000000,"[8, 8, 2]",0,40,,0.2831294163720699,-0.2831294163720699,5555317182.4,2.4306036607944406,2.0
regir_entitygru_nomem,calibrate,fixed2,final@1000000,"[8, 8, 2]",1,40,,0.4200580402942876,-0.4200580402942876,5427070560.0,2.4167110036709345,2.0
regir_entitygru_nomem,calibrate,fixed2,final@1000000,"[8, 8, 2]",2,40,,0.4450211895978616,-0.4450211895978616,5731118574.4,2.495113358378876,2.0
regir_entitygru_nomem,calibrate,fixed2,final@1000000,"[10, 10, 3]",0,40,,0.7631583076283042,-0.7631583076283042,6559325816.0,2.3310594895621763,2.0
regir_entitygru_nomem,calibrate,fixed2,final@1000000,"[10, 10, 3]",1,40,,0.8153208977492543,-0.8153208977492543,6380114096.0,2.4646723004058004,2.0
regir_entitygru_nomem,calibrate,fixed2,final@1000000,"[10, 10, 3]",2,40,,0.6328353086134089,-0.6328353086134089,6484206550.4,2.38603252756875,2.0
regir_entitygru_nomem,calibrate,fixed3,final@1000000,"[4, 4, 2]",0,40,,0.20597115371264801,-0.20597115371264801,4212552937.6,2.1933891769265754,3.0
regir_entitygru_nomem,calibrate,fixed3,final@1000000,"[4, 4, 2]",1,40,,0.4022120174616684,-0.4022120174616684,4186463926.4,2.167769295373,3.0
regir_entitygru_nomem,calibrate,fixed3,final@1000000,"[4, 4, 2]",2,40,,0.33831907850780235,-0.33831907850780235,4259100372.8,2.2612252008751965,3.0
regir_entitygru_nomem,calibrate,fixed3,final@1000000,"[6, 6, 2]",0,40,,0.3368825559321606,-0.3368825559321606,5763698684.8,2.407842656224966,3.0
regir_entitygru_nomem,calibrate,fixed3,final@1000000,"[6, 6, 2]",1,40,,0.4124222754538028,-0.4124222754538028,5687424008.0,2.3594664382049815,3.0
regir_entitygru_nomem,calibrate,fixed3,final@1000000,"[6, 6, 2]",2,40,,0.2838909308760165,-0.2838909308760165,5908576396.8,2.52266942987917,3.0
regir_entitygru_nomem,calibrate,fixed3,final@1000000,"[8, 8, 2]",0,40,,0.35896103622794967,-0.35896103622794967,6797976001.6,2.3532333543873394,3.0
regir_entitygru_nomem,calibrate,fixed3,final@1000000,"[8, 8, 2]",1,40,,0.5111808542935954,-0.5111808542935954,6762235166.4,2.4919246875331735,3.0
regir_entitygru_nomem,calibrate,fixed3,final@1000000,"[8, 8, 2]",2,40,,0.38931010383054876,-0.38931010383054876,7139960284.8,2.5948527748580092,3.0
regir_entitygru_nomem,calibrate,fixed3,final@1000000,"[10, 10, 3]",0,40,,0.6933171908780746,-0.6933171908780746,8474569790.4,2.5238518149708398,3.0
regir_entitygru_nomem,calibrate,fixed3,final@1000000,"[10, 10, 3]",1,40,,0.7083305031850702,-0.7083305031850702,8140413937.6,2.445171637763269,3.0
regir_entitygru_nomem,calibrate,fixed3,final@1000000,"[10, 10, 3]",2,40,,0.8689564511783809,-0.8689564511783809,8322240236.8,2.520727403392084,3.0
regir_entitygru_nomem,calibrate,fixed4,final@1000000,"[4, 4, 2]",0,40,,0.2132983620815464,-0.2132983620815464,5078285723.2,2.4005767273018135,4.0
regir_entitygru_nomem,calibrate,fixed4,final@1000000,"[4, 4, 2]",1,40,,0.42938379989592973,-0.42938379989592973,5188896897.6,2.4707608616910877,4.0
regir_entitygru_nomem,calibrate,fixed4,final@1000000,"[4, 4, 2]",2,40,,0.41386556149494197,-0.41386556149494197,5238937926.4,2.5213368201861157,4.0
regir_entitygru_nomem,calibrate,fixed4,final@1000000,"[6, 6, 2]",0,40,,0.3887911436067841,-0.3887911436067841,6988790244.8,2.57817002912052,4.0
regir_entitygru_nomem,calibrate,fixed4,final@1000000,"[6, 6, 2]",1,40,,0.49316880786347167,-0.49316880786347167,6888922681.6,2.527175381977577,4.0
regir_entitygru_nomem,calibrate,fixed4,final@1000000,"[6, 6, 2]",2,40,,0.2872814999202158,-0.2872814999202158,7170949608.0,2.617158959724475,4.0
regir_entitygru_nomem,calibrate,fixed4,final@1000000,"[8, 8, 2]",0,40,,0.2699198028806801,-0.2699198028806801,8454294641.6,2.509342265606392,4.0
regir_entitygru_nomem,calibrate,fixed4,final@1000000,"[8, 8, 2]",1,40,,0.32960183182526803,-0.32960183182526803,8373931336.0,2.594214939675294,4.0
regir_entitygru_nomem,calibrate,fixed4,final@1000000,"[8, 8, 2]",2,40,,0.3472254500405677,-0.3472254500405677,8663032144.0,2.5574980311095716,4.0
regir_entitygru_nomem,calibrate,fixed4,final@1000000,"[10, 10, 3]",0,40,,0.8395064334349905,-0.8395064334349905,10430972875.2,2.6696779859717936,4.0
regir_entitygru_nomem,calibrate,fixed4,final@1000000,"[10, 10, 3]",1,40,,0.7887181193552153,-0.7887181193552153,9991914347.2,2.6278092846740035,4.0
regir_entitygru_nomem,calibrate,fixed4,final@1000000,"[10, 10, 3]",2,40,,0.7350211167471654,-0.7350211167471654,10144165827.2,2.6657671677647157,4.0
regir_entitygru_nomem,calibrate,tau_0.01,final@1000000,"[4, 4, 2]",0,40,,0.2132983620815464,-0.2132983620815464,5085127561.6,2.555155961122364,4.0
regir_entitygru_nomem,calibrate,tau_0.01,final@1000000,"[4, 4, 2]",1,40,,0.42938379989592973,-0.42938379989592973,5195844028.8,2.6378812673618084,4.0
regir_entitygru_nomem,calibrate,tau_0.01,final@1000000,"[4, 4, 2]",2,40,,0.41386556149494197,-0.41386556149494197,5245931123.2,2.6730603213422,4.0
regir_entitygru_nomem,calibrate,tau_0.01,final@1000000,"[6, 6, 2]",0,40,,0.3887911436067841,-0.3887911436067841,6998970742.4,2.7239845277043058,4.0
regir_entitygru_nomem,calibrate,tau_0.01,final@1000000,"[6, 6, 2]",1,40,,0.49316880786347167,-0.49316880786347167,6898951820.8,2.7017578528961166,4.0
regir_entitygru_nomem,calibrate,tau_0.01,final@1000000,"[6, 6, 2]",2,40,,0.2872814999202158,-0.2872814999202158,7181336304.0,2.8078374534496104,4.0
regir_entitygru_nomem,calibrate,tau_0.01,final@1000000,"[8, 8, 2]",0,40,,0.2699198028806801,-0.2699198028806801,8467230300.8,2.721292704809457,4.0
regir_entitygru_nomem,calibrate,tau_0.01,final@1000000,"[8, 8, 2]",1,40,,0.32960183182526803,-0.32960183182526803,8386643248.0,2.738688360305969,4.0
regir_entitygru_nomem,calibrate,tau_0.01,final@1000000,"[8, 8, 2]",2,40,,0.3472254500405677,-0.3472254500405677,8676259552.0,2.7155477694934236,4.0
regir_entitygru_nomem,calibrate,tau_0.01,final@1000000,"[10, 10, 3]",0,40,,0.8395064334349905,-0.8395064334349905,10446965915.2,2.861363470449578,3.999899193548387
regir_entitygru_nomem,calibrate,tau_0.01,final@1000000,"[10, 10, 3]",1,40,,0.7887181193552153,-0.7887181193552153,10007596393.6,2.791824680485297,4.0
regir_entitygru_nomem,calibrate,tau_0.01,final@1000000,"[10, 10, 3]",2,40,,0.7350211167471654,-0.7350211167471654,10159902713.6,2.8467205816414207,4.0
regir_entitygru_nomem,calibrate,tau_0.03,final@1000000,"[4, 4, 2]",0,40,,0.2132983620815464,-0.2132983620815464,5084090192.0,2.5811488737119364,3.9986225490196077
regir_entitygru_nomem,calibrate,tau_0.03,final@1000000,"[4, 4, 2]",1,40,,0.42938379989592973,-0.42938379989592973,5195844028.8,2.679937407176476,4.0
regir_entitygru_nomem,calibrate,tau_0.03,final@1000000,"[4, 4, 2]",2,40,,0.41386556149494197,-0.41386556149494197,5241525897.6,2.6622517686337233,3.997664533916215
regir_entitygru_nomem,calibrate,tau_0.03,final@1000000,"[6, 6, 2]",0,40,,0.3887911436067841,-0.3887911436067841,6998192715.2,2.714512862195261,3.99923921295397
regir_entitygru_nomem,calibrate,tau_0.03,final@1000000,"[6, 6, 2]",1,40,,0.49316880786347167,-0.49316880786347167,6898951820.8,2.6882036369643174,4.0
regir_entitygru_nomem,calibrate,tau_0.03,final@1000000,"[6, 6, 2]",2,40,,0.2872814999202158,-0.2872814999202158,7179520907.2,2.8157216690829956,3.9984184266502534
regir_entitygru_nomem,calibrate,tau_0.03,final@1000000,"[8, 8, 2]",0,40,,0.2699198028806801,-0.2699198028806801,8462302795.2,2.683121575205587,3.9967242388471704
regir_entitygru_nomem,calibrate,tau_0.03,final@1000000,"[8, 8, 2]",1,40,,0.32960183182526803,-0.32960183182526803,8386643248.0,2.751963404635899,4.0
regir_entitygru_nomem,calibrate,tau_0.03,final@1000000,"[8, 8, 2]",2,40,,0.3472254500405677,-0.3472254500405677,8673147443.2,2.723257887235377,3.9979583555869214
regir_entitygru_nomem,calibrate,tau_0.03,final@1000000,"[10, 10, 3]",0,40,,0.8395064334349905,-0.8395064334349905,10442297752.0,2.8281953877885826,3.997514737243289
regir_entitygru_nomem,calibrate,tau_0.03,final@1000000,"[10, 10, 3]",1,40,,0.7887181193552153,-0.7887181193552153,10007337051.2,2.6967812162009066,3.999861111111111
regir_entitygru_nomem,calibrate,tau_0.03,final@1000000,"[10, 10, 3]",2,40,,0.7350211167471654,-0.7350211167471654,10156012577.6,2.862074196746107,3.9979281077527395
regir_entitygru_nomem,calibrate,tau_0.1,final@1000000,"[4, 4, 2]",0,40,,0.2382983620815464,-0.2382983620815464,5011741667.2,2.54889462973224,3.9406301828373
regir_entitygru_nomem,calibrate,tau_0.1,final@1000000,"[4, 4, 2]",1,40,,0.3554314831209213,-0.3554314831209213,5137326332.8,2.677662505756598,3.9419935720571058
regir_entitygru_nomem,calibrate,tau_0.1,final@1000000,"[4, 4, 2]",2,40,,0.47522979463379594,-0.47522979463379594,5069372248.0,2.604576978716068,3.881688218826734
regir_entitygru_nomem,calibrate,tau_0.1,final@1000000,"[6, 6, 2]",0,40,,0.4137911436067841,-0.4137911436067841,6980977185.6,2.7865457670763134,3.947211313541093
regir_entitygru_nomem,calibrate,tau_0.1,final@1000000,"[6, 6, 2]",1,40,,0.4818148073615757,-0.4818148073615757,6827976241.6,2.6723961681709625,3.946011121610481
regir_entitygru_nomem,calibrate,tau_0.1,final@1000000,"[6, 6, 2]",2,40,,0.2622814999202158,-0.2622814999202158,7007751120.0,2.78107440166641,3.8886068171624415
regir_entitygru_nomem,calibrate,tau_0.1,final@1000000,"[8, 8, 2]",0,40,,0.2699198028806801,-0.2699198028806801,8304402860.8,2.6512564060627484,3.9385882032117405
regir_entitygru_nomem,calibrate,tau_0.1,final@1000000,"[8, 8, 2]",1,40,,0.3286926899059818,-0.3286926899059818,8281283865.6,2.69886968776118,3.9482612938900963
regir_entitygru_nomem,calibrate,tau_0.1,final@1000000,"[8, 8, 2]",2,40,,0.38973214742859635,-0.38973214742859635,8523208803.2,2.707612523797434,3.9002097383445924
regir_entitygru_nomem,calibrate,tau_0.1,final@1000000,"[10, 10, 3]",0,40,,0.8792042796660979,-0.8792042796660979,10303842187.2,2.8504864021087997,3.934383467289044
regir_entitygru_nomem,calibrate,tau_0.1,final@1000000,"[10, 10, 3]",1,40,,0.970911806172684,-0.970911806172684,9935773704.0,2.7242990612750875,3.953106714094808
regir_entitygru_nomem,calibrate,tau_0.1,final@1000000,"[10, 10, 3]",2,40,,0.7881709020725877,-0.7881709020725877,10193418992.0,2.951928851311095,3.895405711661923
regir_entitygru_nomem,calibrate,tau_0.3,final@1000000,"[4, 4, 2]",0,40,,0.275,-0.275,4525238902.4,2.4738190956297332,3.355716771049949
regir_entitygru_nomem,calibrate,tau_0.3,final@1000000,"[4, 4, 2]",1,40,,0.30438379989592973,-0.30438379989592973,4469809134.4,2.542497775296215,3.193073044179894
regir_entitygru_nomem,calibrate,tau_0.3,final@1000000,"[4, 4, 2]",2,40,,0.22535802440450853,-0.22535802440450853,4297053019.2,2.4112778842449187,3.120133946528599
regir_entitygru_nomem,calibrate,tau_0.3,final@1000000,"[6, 6, 2]",0,40,,0.18035541015749884,-0.18035541015749884,6115032947.2,2.5577795979799705,3.345051790196196
regir_entitygru_nomem,calibrate,tau_0.3,final@1000000,"[6, 6, 2]",1,40,,0.446217524265271,-0.446217524265271,6017980512.0,2.633895357965957,3.1897214244067547
regir_entitygru_nomem,calibrate,tau_0.3,final@1000000,"[6, 6, 2]",2,40,,0.3911873365067279,-0.3911873365067279,6156531734.4,2.696462037006859,3.1815485905779877
regir_entitygru_nomem,calibrate,tau_0.3,final@1000000,"[8, 8, 2]",0,40,,0.4060639436319055,-0.4060639436319055,7563772500.8,2.8266919747693464,3.331600536346595
regir_entitygru_nomem,calibrate,tau_0.3,final@1000000,"[8, 8, 2]",1,40,,0.4706120947314511,-0.4706120947314511,7098518072.0,2.5768493719166146,3.2545536936189117
regir_entitygru_nomem,calibrate,tau_0.3,final@1000000,"[8, 8, 2]",2,40,,0.4901000581329909,-0.4901000581329909,7444104348.8,2.7324851486133412,3.2209981807036043
regir_entitygru_nomem,calibrate,tau_0.3,final@1000000,"[10, 10, 3]",0,40,,0.8181822999481494,-0.8181822999481494,9529702716.8,2.9653733251732772,3.3175894878189927
regir_entitygru_nomem,calibrate,tau_0.3,final@1000000,"[10, 10, 3]",1,40,,0.9883652543506376,-0.9883652543506376,8744296948.8,2.718358645611443,3.23731595487136
regir_entitygru_nomem,calibrate,tau_0.3,final@1000000,"[10, 10, 3]",2,40,,0.5652520191120577,-0.5652520191120577,8634601780.8,2.6757497207727283,3.1865477690372055
regir_entitygru_nomem,calibrate,tau_1,final@1000000,"[4, 4, 2]",0,40,,0.225,-0.225,4042400278.4,2.5113356427056717,2.600210139953348
regir_entitygru_nomem,calibrate,tau_1,final@1000000,"[4, 4, 2]",1,40,,0.48106031847437764,-0.48106031847437764,3865133334.4,2.325635415688157,2.5487037258351486
regir_entitygru_nomem,calibrate,tau_1,final@1000000,"[4, 4, 2]",2,40,,0.3888852771367429,-0.3888852771367429,3974671968.0,2.4128969322657214,2.4932242455412377
regir_entitygru_nomem,calibrate,tau_1,final@1000000,"[6, 6, 2]",0,40,,0.2566758364273565,-0.2566758364273565,5408019104.0,2.5811766788363455,2.6453036973154465
regir_entitygru_nomem,calibrate,tau_1,final@1000000,"[6, 6, 2]",1,40,,0.3366014615173884,-0.3366014615173884,5080238100.8,2.4312058711773714,2.5445057135146842
regir_entitygru_nomem,calibrate,tau_1,final@1000000,"[6, 6, 2]",2,40,,0.2,-0.2,5201402868.8,2.4914381467504425,2.529647877571431
regir_entitygru_nomem,calibrate,tau_1,final@1000000,"[8, 8, 2]",0,40,,0.3740576403566024,-0.3740576403566024,6572341523.2,2.718314425146673,2.6197807661345087
regir_entitygru_nomem,calibrate,tau_1,final@1000000,"[8, 8, 2]",1,40,,0.37433456744605137,-0.37433456744605137,6083196044.8,2.5268019306240603,2.578187014730919
regir_entitygru_nomem,calibrate,tau_1,final@1000000,"[8, 8, 2]",2,40,,0.40901107214167276,-0.40901107214167276,6378716110.4,2.5897426603012716,2.5555503163061903
regir_entitygru_nomem,calibrate,tau_1,final@1000000,"[10, 10, 3]",0,40,,0.4809756362548855,-0.4809756362548855,8063146857.6,2.7508693118812517,2.631414642657757
regir_entitygru_nomem,calibrate,tau_1,final@1000000,"[10, 10, 3]",1,40,,0.705187219192894,-0.705187219192894,7425514275.2,2.6561992767383344,2.554990568307183
regir_entitygru_nomem,calibrate,tau_1,final@1000000,"[10, 10, 3]",2,40,,0.6258389739286773,-0.6258389739286773,7362547476.8,2.5497584904194808,2.542643479237075
regir_entitygru_nomem,confirm,adaptive,final@1000000,"[4, 4, 2]",0,300,qualified,0.18022028525280256,-0.18022028525280256,4031031291.0933332,3.875730405369153,2.6068196167765385
regir_entitygru_nomem,confirm,adaptive,final@1000000,"[4, 4, 2]",1,300,qualified,0.366149372000841,-0.366149372000841,3912144211.2,3.4347391281447686,2.533255013844376
regir_entitygru_nomem,confirm,adaptive,final@1000000,"[4, 4, 2]",2,300,qualified,0.2860639449862953,-0.2860639449862953,3978571229.44,3.2596186546294486,2.5121159693980197
regir_entitygru_nomem,confirm,adaptive,final@1000000,"[5, 5, 2]",0,300,qualified,0.1826320758481203,-0.1826320758481203,4637451498.88,3.6991370360553266,2.6133865160626217
regir_entitygru_nomem,confirm,adaptive,final@1000000,"[5, 5, 2]",1,300,qualified,0.3557617079180047,-0.3557617079180047,4456902878.933333,4.000606454430769,2.53520065015167
regir_entitygru_nomem,confirm,adaptive,final@1000000,"[5, 5, 2]",2,300,qualified,0.2420215108688705,-0.2420215108688705,4573562585.173333,3.625420676119005,2.5124725107081156
regir_entitygru_nomem,confirm,adaptive,final@1000000,"[6, 6, 2]",0,300,qualified,0.23825458247233117,-0.23825458247233117,5267880482.986667,4.341711971280165,2.624122811414
regir_entitygru_nomem,confirm,adaptive,final@1000000,"[6, 6, 2]",1,300,qualified,0.342174505397342,-0.342174505397342,5022978749.653334,3.840426567592658,2.545922232146855
regir_entitygru_nomem,confirm,adaptive,final@1000000,"[6, 6, 2]",2,300,qualified,0.2797149603796179,-0.2797149603796179,5177330133.12,3.558424573188143,2.524976897813603
regir_entitygru_nomem,confirm,adaptive,final@1000000,"[8, 8, 2]",0,300,qualified,0.357023498480572,-0.357023498480572,6486568967.253333,4.4558199818059805,2.6262234098774937
regir_entitygru_nomem,confirm,adaptive,final@1000000,"[8, 8, 2]",1,300,qualified,0.5209997197331228,-0.5209997197331228,6222834079.36,4.4292385308754945,2.5629344581567732
regir_entitygru_nomem,confirm,adaptive,final@1000000,"[8, 8, 2]",2,300,qualified,0.31727467785263563,-0.31727467785263563,6366518111.786667,3.69462592336291,2.539961104124409
regir_entitygru_nomem,confirm,adaptive,final@1000000,"[10, 10, 2]",0,300,qualified,0.394873225756751,-0.394873225756751,7705501414.1866665,4.755966502789718,2.6254099097753953
regir_entitygru_nomem,confirm,adaptive,final@1000000,"[10, 10, 2]",1,300,qualified,0.5676417670296768,-0.5676417670296768,7277984652.586667,4.565745947336157,2.5541265655383083
regir_entitygru_nomem,confirm,adaptive,final@1000000,"[10, 10, 2]",2,300,qualified,0.31794158998256705,-0.31794158998256705,7429288859.306666,3.7503927282670824,2.5506572363744544
regir_entitygru_nomem,confirm,adaptive,final@1000000,"[10, 10, 3]",0,300,qualified,0.4607152637428191,-0.4607152637428191,7720279237.333333,4.689870033399202,2.648203586337885
regir_entitygru_nomem,confirm,adaptive,final@1000000,"[10, 10, 3]",1,300,qualified,0.7729749346294688,-0.7729749346294688,7254866589.653334,4.169706470984965,2.5650310747480587
regir_entitygru_nomem,confirm,adaptive,final@1000000,"[10, 10, 3]",2,300,qualified,0.5146917764401113,-0.5146917764401113,7471273954.773334,3.783743216841637,2.552944750467082
regir_entitygru_nomem,confirm,adaptive,final@1000000,"[10, 10, 4]",0,300,qualified,0.5013314562957121,-0.5013314562957121,7813137139.84,4.907248700154014,2.65625524112804
regir_entitygru_nomem,confirm,adaptive,final@1000000,"[10, 10, 4]",1,300,qualified,0.7822401368704931,-0.7822401368704931,7254536546.56,4.353315360415727,2.566936548619815
regir_entitygru_nomem,confirm,adaptive,final@1000000,"[10, 10, 4]",2,300,qualified,0.6129345662525526,-0.6129345662525526,7381238083.413333,3.7060435785489,2.557817564536856
regir_entitygru_nomem,confirm,adaptive,final@1000000,"[10, 10, 6]",0,300,qualified,0.6869671871946675,-0.6869671871946675,7943094788.053333,4.7965154513266555,2.6637461667355207
regir_entitygru_nomem,confirm,adaptive,final@1000000,"[10, 10, 6]",1,300,qualified,1.1043949822472603,-1.1043949822472603,7257707775.36,4.105515082379182,2.5870736112317143
regir_entitygru_nomem,confirm,adaptive,final@1000000,"[10, 10, 6]",2,300,qualified,0.7595115219009793,-0.7595115219009793,7324415953.28,3.774457593533055,2.561503557705609
regir_entitygru_nomem,confirm,adaptive,final@1000000,"[10, 10, 9]",0,300,qualified,0.9458293040887799,-0.9458293040887799,8077645312.213333,5.214530572130656,2.680991602775406
regir_entitygru_nomem,confirm,adaptive,final@1000000,"[10, 10, 9]",1,300,qualified,1.405657161588922,-1.405657161588922,7349297638.826667,4.134525389933648,2.6157353829613323
regir_entitygru_nomem,confirm,adaptive,final@1000000,"[10, 10, 9]",2,300,qualified,1.0165538091002158,-1.0165538091002158,7416579306.88,3.724439910100191,2.580940303885286
regir_entitygru_nomem,confirm,adaptive,final@1000000,"[10, 10, 12]",0,300,qualified,1.669344541879163,-1.669344541879163,8281175866.666667,5.083988210526295,2.6836558988109385
regir_entitygru_nomem,confirm,adaptive,final@1000000,"[10, 10, 12]",1,300,qualified,2.065550933889803,-2.065550933889803,7338474479.36,4.409171165106818,2.6165159208189674
regir_entitygru_nomem,confirm,adaptive,final@1000000,"[10, 10, 12]",2,300,qualified,1.2477571048563092,-1.2477571048563092,7489019545.173333,3.67900687957784,2.5827578766638486
regir_entitygru_nomem,confirm,adaptive,final@1000000,"[15, 15, 2]",0,300,qualified,0.5056601625624365,-0.5056601625624365,10404046680.746666,5.049980697302769,2.6048421859458335
regir_entitygru_nomem,confirm,adaptive,final@1000000,"[15, 15, 2]",1,300,qualified,0.7753732974216486,-0.7753732974216486,9809443201.92,4.273093468944231,2.5517000530125795
regir_entitygru_nomem,confirm,adaptive,final@1000000,"[15, 15, 2]",2,300,qualified,0.4543949259650821,-0.4543949259650821,10228034830.293333,3.915613929826456,2.56099499147249
regir_entitygru_nomem,confirm,adaptive,final@1000000,"[15, 15, 4]",0,300,qualified,0.7149109548814718,-0.7149109548814718,10772145060.053333,5.030490742771265,2.6456119761097976
regir_entitygru_nomem,confirm,adaptive,final@1000000,"[15, 15, 4]",1,300,qualified,1.1083625852121868,-1.1083625852121868,10024600199.893333,4.250440983218141,2.5636685570270097
regir_entitygru_nomem,confirm,adaptive,final@1000000,"[15, 15, 4]",2,300,qualified,0.6618851444456653,-0.6618851444456653,10088085886.506666,3.659452046471221,2.5735099970367044
regir_entitygru_nomem,confirm,adaptive,final@1000000,"[15, 15, 6]",0,300,qualified,0.8067335864499999,-0.8067335864499999,10693289098.88,5.238881125845946,2.669623814022245
regir_entitygru_nomem,confirm,adaptive,final@1000000,"[15, 15, 6]",1,300,qualified,1.6311200845342289,-1.6311200845342289,9887539705.386667,4.40408266644304,2.5815910416725973
regir_entitygru_nomem,confirm,adaptive,final@1000000,"[15, 15, 6]",2,300,qualified,0.9183108542404333,-0.9183108542404333,10034278710.4,3.658729836924273,2.5815307617774375
regir_entitygru_nomem,confirm,adaptive,final@1000000,"[20, 20, 2]",0,300,qualified,0.660353345723092,-0.660353345723092,13006759814.186666,4.962586083641897,2.5898194011270825
regir_entitygru_nomem,confirm,adaptive,final@1000000,"[20, 20, 2]",1,300,qualified,1.1071280119591125,-1.1071280119591125,12415351633.706667,4.759099248123045,2.553602209659566
regir_entitygru_nomem,confirm,adaptive,final@1000000,"[20, 20, 2]",2,300,qualified,0.5094013983719972,-0.5094013983719972,12712169800.32,3.6382082139489165,2.5719927277786083
regir_entitygru_nomem,confirm,adaptive,final@1000000,"[20, 20, 4]",0,300,qualified,0.8481438534162185,-0.8481438534162185,13202951244.8,5.49856433670347,2.6391695116322693
regir_entitygru_nomem,confirm,adaptive,final@1000000,"[20, 20, 4]",1,300,qualified,1.4127106548909365,-1.4127106548909365,12412374980.906666,4.679837711683164,2.557199609544318
regir_entitygru_nomem,confirm,adaptive,final@1000000,"[20, 20, 4]",2,300,qualified,0.698037261303099,-0.698037261303099,12667402408.106667,3.8014449794693306,2.582369452456888
regir_entitygru_nomem,confirm,adaptive,final@1000000,"[20, 20, 6]",0,300,qualified,0.9372892845092039,-0.9372892845092039,13459326470.826666,5.227532840118123,2.653265937299683
regir_entitygru_nomem,confirm,adaptive,final@1000000,"[20, 20, 6]",1,300,qualified,1.7918886382713666,-1.7918886382713666,12345166784.426666,4.711671537396809,2.563253007062641
regir_entitygru_nomem,confirm,adaptive,final@1000000,"[20, 20, 6]",2,300,qualified,1.0884441216713188,-1.0884441216713188,12652497148.8,3.637182504874072,2.5888883323622043
regir_entitygru_nomem,confirm,adaptive,final@1000000,"[25, 25, 2]",0,300,qualified,0.5863423711504238,-0.5863423711504238,15514791067.306667,5.401046165106818,2.5810575420736805
regir_entitygru_nomem,confirm,adaptive,final@1000000,"[25, 25, 2]",1,300,qualified,1.1601814210484716,-1.1601814210484716,14632741628.16,4.538984967410215,2.5473936415326213
regir_entitygru_nomem,confirm,adaptive,final@1000000,"[25, 25, 2]",2,300,qualified,0.49333967154245634,-0.49333967154245634,15352059952.426666,3.9294556624558754,2.5821799047949727
regir_entitygru_nomem,confirm,adaptive,final@1000000,"[30, 30, 2]",0,300,qualified,0.612135802449731,-0.612135802449731,18175699110.613335,5.319455853562491,2.5775733513923513
regir_entitygru_nomem,confirm,adaptive,final@1000000,"[30, 30, 2]",1,300,qualified,1.2577154756728002,-1.2577154756728002,17107089168.426666,5.034742142486114,2.539859714688009
regir_entitygru_nomem,confirm,adaptive,final@1000000,"[30, 30, 2]",2,300,qualified,0.5418941358746253,-0.5418941358746253,17878813109.12,3.9026112797122914,2.585546534872466
regir_entitygru_nomem,confirm,adaptive,final@1000000,"[30, 30, 4]",0,300,qualified,0.7453705077483505,-0.7453705077483505,18464157938.773335,5.847768255947158,2.6158046779797512
regir_entitygru_nomem,confirm,adaptive,final@1000000,"[30, 30, 4]",1,300,qualified,1.583857804140823,-1.583857804140823,17214448439.253334,4.790831373334707,2.539564657976809
regir_entitygru_nomem,confirm,adaptive,final@1000000,"[30, 30, 4]",2,300,qualified,0.7525943376616157,-0.7525943376616157,17747187616.853333,3.75457674927214,2.596706125315173
regir_entitygru_nomem,confirm,adaptive,final@1000000,"[30, 30, 6]",0,300,qualified,1.1115966532702461,-1.1115966532702461,18641980941.226665,5.582721884309625,2.642802132413376
regir_entitygru_nomem,confirm,adaptive,final@1000000,"[30, 30, 6]",1,300,qualified,2.2892392075836003,-2.2892392075836003,17139039288.106667,4.782183993282767,2.5493512369260345
regir_entitygru_nomem,confirm,adaptive,final@1000000,"[30, 30, 6]",2,300,qualified,0.7222105653010027,-0.7222105653010027,17772348963.84,3.7181638033428075,2.6062998729481595
regir_entitygru_nomem,confirm,adaptive,final@1000000,"[30, 30, 9]",0,300,qualified,1.2339872566618002,-1.2339872566618002,18794062259.84,6.09398436792971,2.66974401404997
regir_entitygru_nomem,confirm,adaptive,final@1000000,"[30, 30, 9]",1,300,qualified,2.7863002849012006,-2.7863002849012006,17308476203.52,4.869857203141825,2.5715200457093457
regir_entitygru_nomem,confirm,adaptive,final@1000000,"[30, 30, 9]",2,300,qualified,1.0496992267169662,-1.0496992267169662,17751325652.053333,3.7243333965702914,2.6183347146608233
regir_entitygru_nomem,confirm,adaptive,final@1000000,"[30, 30, 12]",0,300,qualified,1.5132774597732572,-1.5132774597732572,19199730345.386665,5.8372229862166565,2.684690419547338
regir_entitygru_nomem,confirm,adaptive,final@1000000,"[30, 30, 12]",1,300,qualified,3.794845758055019,-3.794845758055019,17579888466.986668,4.99121308174838,2.575348050738791
regir_entitygru_nomem,confirm,adaptive,final@1000000,"[30, 30, 12]",2,300,qualified,1.221751455290688,-1.221751455290688,18015309978.02667,3.6625936273685267,2.628072547864385
regir_entitygru_nomem,confirm,adaptive,final@1000000,"[40, 40, 2]",0,300,qualified,0.5266649155226089,-0.5266649155226089,23028178782.506668,5.456747057676936,2.566380959889495
regir_entitygru_nomem,confirm,adaptive,final@1000000,"[40, 40, 2]",1,300,qualified,1.4919658981393664,-1.4919658981393664,21666991918.293335,5.051120640625207,2.529544196551482
regir_entitygru_nomem,confirm,adaptive,final@1000000,"[40, 40, 2]",2,300,qualified,0.5201168641276601,-0.5201168641276601,22628810971.733334,3.5023054273422654,2.594450381312138
regir_entitygru_nomem,confirm,adaptive,final@1000000,"[50, 50, 2]",0,300,qualified,0.4073071397032469,-0.4073071397032469,27768472197.546665,5.783092841423738,2.5669860250521968
regir_entitygru_nomem,confirm,adaptive,final@1000000,"[50, 50, 2]",1,300,qualified,1.256845298139977,-1.256845298139977,25685831953.92,5.090897722935575,2.5203195487269747
regir_entitygru_nomem,confirm,adaptive,final@1000000,"[50, 50, 2]",2,300,qualified,0.297369863820728,-0.297369863820728,27619912283.52,3.6138256245370335,2.610202142892768
regir_entitygru_nomem,confirm,fixed4,final@1000000,"[4, 4, 2]",0,300,qualified,0.30693895816715416,-0.30693895816715416,5209646151.68,4.005869992262063,4.0
regir_entitygru_nomem,confirm,fixed4,final@1000000,"[4, 4, 2]",1,300,qualified,0.4250301055050863,-0.4250301055050863,5205160900.906667,3.564350230586715,4.0
regir_entitygru_nomem,confirm,fixed4,final@1000000,"[4, 4, 2]",2,300,qualified,0.27815971431619424,-0.27815971431619424,5227259983.573334,3.330734153025357,4.0
regir_entitygru_nomem,confirm,fixed4,final@1000000,"[5, 5, 2]",0,300,qualified,0.297445932555996,-0.297445932555996,6105860359.253333,3.8644615645101292,4.0
regir_entitygru_nomem,confirm,fixed4,final@1000000,"[5, 5, 2]",1,300,qualified,0.46175338703731683,-0.46175338703731683,5971005046.1866665,4.166822103975962,4.0
regir_entitygru_nomem,confirm,fixed4,final@1000000,"[5, 5, 2]",2,300,qualified,0.2680110216786664,-0.2680110216786664,6140947233.493333,3.748880214919724,4.0
regir_entitygru_nomem,confirm,fixed4,final@1000000,"[6, 6, 2]",0,300,qualified,0.3836547252858587,-0.3836547252858587,7012047397.12,4.447807615267423,4.0
regir_entitygru_nomem,confirm,fixed4,final@1000000,"[6, 6, 2]",1,300,qualified,0.39301088636003584,-0.39301088636003584,6739995021.226666,4.048926623086445,4.0
regir_entitygru_nomem,confirm,fixed4,final@1000000,"[6, 6, 2]",2,300,qualified,0.25664301265743084,-0.25664301265743084,7001789095.68,3.7271250995234975,4.0
regir_entitygru_nomem,confirm,fixed4,final@1000000,"[8, 8, 2]",0,300,qualified,0.4103499659015631,-0.4103499659015631,8608245656.746666,4.383400230455833,4.0
regir_entitygru_nomem,confirm,fixed4,final@1000000,"[8, 8, 2]",1,300,qualified,0.539926182198114,-0.539926182198114,8419812599.893333,4.424951732701932,4.0
regir_entitygru_nomem,confirm,fixed4,final@1000000,"[8, 8, 2]",2,300,qualified,0.34317444105706624,-0.34317444105706624,8558404336.213333,3.77146731380024,4.0
regir_entitygru_nomem,confirm,fixed4,final@1000000,"[10, 10, 2]",0,300,qualified,0.47624395316699975,-0.47624395316699975,10295809425.28,4.9231480101402845,4.0
regir_entitygru_nomem,confirm,fixed4,final@1000000,"[10, 10, 2]",1,300,qualified,0.6819789760767571,-0.6819789760767571,9987294179.84,4.480585037564548,4.0
regir_entitygru_nomem,confirm,fixed4,final@1000000,"[10, 10, 2]",2,300,qualified,0.36141361276871115,-0.36141361276871115,10228739094.186666,3.8431236916378837,4.0
regir_entitygru_nomem,confirm,fixed4,final@1000000,"[10, 10, 3]",0,300,qualified,0.4772434609168448,-0.4772434609168448,10272558727.893333,4.561145982583985,4.0
regir_entitygru_nomem,confirm,fixed4,final@1000000,"[10, 10, 3]",1,300,qualified,0.8757458033471797,-0.8757458033471797,9935074274.56,4.187509277840145,4.0
regir_entitygru_nomem,confirm,fixed4,final@1000000,"[10, 10, 3]",2,300,qualified,0.47459206088185024,-0.47459206088185024,10090527123.2,3.71689336088195,4.0
regir_entitygru_nomem,confirm,fixed4,final@1000000,"[10, 10, 4]",0,300,qualified,0.4815412737576516,-0.4815412737576516,10389760455.04,4.771324867758279,4.0
regir_entitygru_nomem,confirm,fixed4,final@1000000,"[10, 10, 4]",1,300,qualified,0.8538192898455081,-0.8538192898455081,10003104000.64,4.402551277419552,4.0
regir_entitygru_nomem,confirm,fixed4,final@1000000,"[10, 10, 4]",2,300,qualified,0.5311013638547999,-0.5311013638547999,10047943146.88,3.589247543369614,4.0
regir_entitygru_nomem,confirm,fixed4,final@1000000,"[10, 10, 6]",0,300,qualified,0.7930848501295858,-0.7930848501295858,10588598701.653334,4.869134987682725,4.0
regir_entitygru_nomem,confirm,fixed4,final@1000000,"[10, 10, 6]",1,300,qualified,1.3941224347101249,-1.3941224347101249,9937305970.986666,4.105603704598422,4.0
regir_entitygru_nomem,confirm,fixed4,final@1000000,"[10, 10, 6]",2,300,qualified,0.7802958212647169,-0.7802958212647169,10043162503.893333,3.7322629948759762,4.0
regir_entitygru_nomem,confirm,fixed4,final@1000000,"[10, 10, 9]",0,300,qualified,1.2146952781782874,-1.2146952781782874,10864415839.36,5.192185170701705,4.0
regir_entitygru_nomem,confirm,fixed4,final@1000000,"[10, 10, 9]",1,300,qualified,1.7607471689981213,-1.7607471689981213,9994354509.013334,4.165725855223524,4.0
regir_entitygru_nomem,confirm,fixed4,final@1000000,"[10, 10, 9]",2,300,qualified,1.0671926506015876,-1.0671926506015876,10169435055.786667,3.7538729268244544,4.0
regir_entitygru_nomem,confirm,fixed4,final@1000000,"[10, 10, 12]",0,300,qualified,2.036789912201033,-2.036789912201033,11164396574.08,5.042477327125768,4.0
regir_entitygru_nomem,confirm,fixed4,final@1000000,"[10, 10, 12]",1,300,qualified,1.9585317814633532,-1.9585317814633532,9873507212.373333,4.160009642451381,4.0
regir_entitygru_nomem,confirm,fixed4,final@1000000,"[10, 10, 12]",2,300,qualified,1.4822104554816078,-1.4822104554816078,10236650068.48,3.815555100403532,4.0
regir_entitygru_nomem,confirm,fixed4,final@1000000,"[15, 15, 2]",0,300,qualified,0.5518988134843469,-0.5518988134843469,14207739872.0,4.956791534633376,4.0
regir_entitygru_nomem,confirm,fixed4,final@1000000,"[15, 15, 2]",1,300,qualified,0.8886581809295008,-0.8886581809295008,13681598502.613333,4.474755526276616,4.0
regir_entitygru_nomem,confirm,fixed4,final@1000000,"[15, 15, 2]",2,300,qualified,0.3960807908374511,-0.3960807908374511,14126563147.306667,3.8248925286263695,4.0
regir_entitygru_nomem,confirm,fixed4,final@1000000,"[15, 15, 4]",0,300,qualified,0.8459513729248472,-0.8459513729248472,14437026042.666666,4.7927655740578965,4.0
regir_entitygru_nomem,confirm,fixed4,final@1000000,"[15, 15, 4]",1,300,qualified,1.3772426686927597,-1.3772426686927597,14034470338.346666,4.361674784535231,4.0
regir_entitygru_nomem,confirm,fixed4,final@1000000,"[15, 15, 4]",2,300,qualified,0.6254363643708111,-0.6254363643708111,13886045848.96,3.5764105520698166,4.0
regir_entitygru_nomem,confirm,fixed4,final@1000000,"[15, 15, 6]",0,300,qualified,1.0726293017984083,-1.0726293017984083,14399913695.786667,5.179587277732789,4.0
regir_entitygru_nomem,confirm,fixed4,final@1000000,"[15, 15, 6]",1,300,qualified,1.8050860384624188,-1.8050860384624188,13747181742.293333,4.2534446010754134,4.0
regir_entitygru_nomem,confirm,fixed4,final@1000000,"[15, 15, 6]",2,300,qualified,1.0121376680500314,-1.0121376680500314,13871121040.853333,3.6115814663725905,4.0
regir_entitygru_nomem,confirm,fixed4,final@1000000,"[20, 20, 2]",0,300,qualified,0.7686003819326913,-0.7686003819326913,18091301364.693333,4.944901143258127,4.0
regir_entitygru_nomem,confirm,fixed4,final@1000000,"[20, 20, 2]",1,300,qualified,1.1153566421689387,-1.1153566421689387,17427926879.573334,4.7382479028683155,4.0
regir_entitygru_nomem,confirm,fixed4,final@1000000,"[20, 20, 2]",2,300,qualified,0.5313972679151691,-0.5313972679151691,17679424514.133335,3.519847018410219,4.0
regir_entitygru_nomem,confirm,fixed4,final@1000000,"[20, 20, 4]",0,300,qualified,0.956707086752286,-0.956707086752286,18029675227.733334,5.256451992887693,4.0
regir_entitygru_nomem,confirm,fixed4,final@1000000,"[20, 20, 4]",1,300,qualified,1.5417415401720493,-1.5417415401720493,17562027457.28,4.553361625174682,4.0
regir_entitygru_nomem,confirm,fixed4,final@1000000,"[20, 20, 4]",2,300,qualified,0.6055579010608082,-0.6055579010608082,17568550499.413334,3.6112512605899245,4.0
regir_entitygru_nomem,confirm,fixed4,final@1000000,"[20, 20, 6]",0,300,qualified,1.0746316961715145,-1.0746316961715145,18355548406.18667,5.119216460832394,4.0
regir_entitygru_nomem,confirm,fixed4,final@1000000,"[20, 20, 6]",1,300,qualified,2.0612376967831114,-2.0612376967831114,17555284308.48,4.588167779613286,4.0
regir_entitygru_nomem,confirm,fixed4,final@1000000,"[20, 20, 6]",2,300,qualified,0.9543008916922975,-0.9543008916922975,17601452433.28,3.532261549709365,4.0
regir_entitygru_nomem,confirm,fixed4,final@1000000,"[25, 25, 2]",0,300,qualified,0.7497504614335991,-0.7497504614335991,21894575749.76,5.364758217656053,4.0
regir_entitygru_nomem,confirm,fixed4,final@1000000,"[25, 25, 2]",1,300,qualified,1.2653596072791724,-1.2653596072791724,20758295872.64,4.6649211100203685,4.0
regir_entitygru_nomem,confirm,fixed4,final@1000000,"[25, 25, 2]",2,300,qualified,0.49786960962207544,-0.49786960962207544,21391635593.6,3.692179438167174,4.0
regir_entitygru_nomem,confirm,fixed4,final@1000000,"[30, 30, 2]",0,300,qualified,0.7511976188713958,-0.7511976188713958,25683453074.56,5.192644221894443,4.0
regir_entitygru_nomem,confirm,fixed4,final@1000000,"[30, 30, 2]",1,300,qualified,1.4482342642747201,-1.4482342642747201,24262524019.84,4.933910655788301,4.0
regir_entitygru_nomem,confirm,fixed4,final@1000000,"[30, 30, 2]",2,300,qualified,0.47412709493521343,-0.47412709493521343,25003136474.666668,3.702014956062582,4.0
regir_entitygru_nomem,confirm,fixed4,final@1000000,"[30, 30, 4]",0,300,qualified,0.920845735844743,-0.920845735844743,25684141072.213333,5.511529371570796,4.0
regir_entitygru_nomem,confirm,fixed4,final@1000000,"[30, 30, 4]",1,300,qualified,1.924940943498929,-1.924940943498929,25076823499.52,4.8338341976774,4.0
regir_entitygru_nomem,confirm,fixed4,final@1000000,"[30, 30, 4]",2,300,qualified,0.5226403691651751,-0.5226403691651751,24755081416.96,3.5552159288310214,4.0
regir_entitygru_nomem,confirm,fixed4,final@1000000,"[30, 30, 6]",0,300,qualified,1.1097920245050505,-1.1097920245050505,25698881966.08,5.393599146500541,4.0
regir_entitygru_nomem,confirm,fixed4,final@1000000,"[30, 30, 6]",1,300,qualified,2.7316941522991773,-2.7316941522991773,24756683617.706665,4.829599098794473,4.0
regir_entitygru_nomem,confirm,fixed4,final@1000000,"[30, 30, 6]",2,300,qualified,0.8297992012062584,-0.8297992012062584,24751204916.48,3.512007274594119,4.0
regir_entitygru_nomem,confirm,fixed4,final@1000000,"[30, 30, 9]",0,300,qualified,1.473584959986278,-1.473584959986278,26017886704.64,6.01045584078102,4.0
regir_entitygru_nomem,confirm,fixed4,final@1000000,"[30, 30, 9]",1,300,qualified,3.480954068900186,-3.480954068900186,24907003875.2,4.705419506088365,4.0
regir_entitygru_nomem,confirm,fixed4,final@1000000,"[30, 30, 9]",2,300,qualified,1.1585271050519428,-1.1585271050519428,24785920782.506668,3.5541193571781817,4.0
regir_entitygru_nomem,confirm,fixed4,final@1000000,"[30, 30, 12]",0,300,qualified,1.5586604457145188,-1.5586604457145188,26347309924.693333,5.554464167115899,4.0
regir_entitygru_nomem,confirm,fixed4,final@1000000,"[30, 30, 12]",1,300,qualified,4.419726544850246,-4.419726544850246,24951833100.373333,4.938546364822735,4.0
regir_entitygru_nomem,confirm,fixed4,final@1000000,"[30, 30, 12]",2,300,qualified,1.301955682896679,-1.301955682896679,25096300086.826668,3.5362679976430567,4.0
regir_entitygru_nomem,confirm,fixed4,final@1000000,"[40, 40, 2]",0,300,qualified,0.5885877819255436,-0.5885877819255436,32738980402.56,5.218066805630612,4.0
regir_entitygru_nomem,confirm,fixed4,final@1000000,"[40, 40, 2]",1,300,qualified,1.5622500029690258,-1.5622500029690258,31030677284.48,4.959644901944751,4.0
regir_entitygru_nomem,confirm,fixed4,final@1000000,"[40, 40, 2]",2,300,qualified,0.37757548983422434,-0.37757548983422434,31786489124.48,3.4725164298113667,4.0
regir_entitygru_nomem,confirm,fixed4,final@1000000,"[50, 50, 2]",0,300,qualified,0.48535836905097934,-0.48535836905097934,39689103208.32,5.623783578880442,4.0
regir_entitygru_nomem,confirm,fixed4,final@1000000,"[50, 50, 2]",1,300,qualified,1.5576763532934796,-1.5576763532934796,37554272747.94666,5.133471677979105,4.0
regir_entitygru_nomem,confirm,fixed4,final@1000000,"[50, 50, 2]",2,300,qualified,0.20771961856495885,-0.20771961856495885,38881269642.026665,3.4594740039209135,4.0
regir_entitygru_nomem,confirm,random,final@1000000,"[4, 4, 2]",0,300,qualified,0.17202744686304036,-0.17202744686304036,4009063663.36,3.6534383608525,2.6489404821172746
regir_entitygru_nomem,confirm,random,final@1000000,"[4, 4, 2]",1,300,qualified,0.38522484996787976,-0.38522484996787976,3964782959.1466665,3.3223953667019184,2.647660225143062
regir_entitygru_nomem,confirm,random,final@1000000,"[4, 4, 2]",2,300,qualified,0.25323880532210913,-0.25323880532210913,4005118874.0266666,3.07278731067956,2.645864046514432
regir_entitygru_nomem,confirm,random,final@1000000,"[5, 5, 2]",0,300,qualified,0.19078029469820904,-0.19078029469820904,4753203458.346666,3.660587107683532,2.7378038712785853
regir_entitygru_nomem,confirm,random,final@1000000,"[5, 5, 2]",1,300,qualified,0.40170045690402323,-0.40170045690402323,4676511796.906667,3.960901002100048,2.737119954629926
regir_entitygru_nomem,confirm,random,final@1000000,"[5, 5, 2]",2,300,qualified,0.3050332264052995,-0.3050332264052995,4813773359.573334,3.605388334223535,2.742532111672988
regir_entitygru_nomem,confirm,random,final@1000000,"[6, 6, 2]",0,300,qualified,0.22994122511249582,-0.22994122511249582,5177602989.013333,4.164921490726993,2.5439561326032885
regir_entitygru_nomem,confirm,random,final@1000000,"[6, 6, 2]",1,300,qualified,0.29879137424847546,-0.29879137424847546,4953086499.413333,3.6440649277158084,2.5407190271795277
regir_entitygru_nomem,confirm,random,final@1000000,"[6, 6, 2]",2,300,qualified,0.28430466235803215,-0.28430466235803215,5234238993.28,3.4911294091766467,2.5462413558865973
regir_entitygru_nomem,confirm,random,final@1000000,"[8, 8, 2]",0,300,qualified,0.29723635683199123,-0.29723635683199123,6363477131.946667,4.222751717154558,2.5820872318807875
regir_entitygru_nomem,confirm,random,final@1000000,"[8, 8, 2]",1,300,qualified,0.533725185874181,-0.533725185874181,6283115070.72,4.279704894091313,2.5799437859506114
regir_entitygru_nomem,confirm,random,final@1000000,"[8, 8, 2]",2,300,qualified,0.30785157870014196,-0.30785157870014196,6396137630.293333,3.568759130717954,2.5814378756035636
regir_entitygru_nomem,confirm,random,final@1000000,"[10, 10, 2]",0,300,qualified,0.3716320722800876,-0.3716320722800876,7697737272.533334,4.561600504379409,2.6695015396818937
regir_entitygru_nomem,confirm,random,final@1000000,"[10, 10, 2]",1,300,qualified,0.643423322644086,-0.643423322644086,7582610791.253333,4.493158888646091,2.669116880740956
regir_entitygru_nomem,confirm,random,final@1000000,"[10, 10, 2]",2,300,qualified,0.36205656907310246,-0.36205656907310246,7714858551.253333,3.726088168991652,2.669307714251331
regir_entitygru_nomem,confirm,random,final@1000000,"[10, 10, 3]",0,300,qualified,0.41575246869059046,-0.41575246869059046,7600432331.52,4.473953278254097,2.6213574791022145
regir_entitygru_nomem,confirm,random,final@1000000,"[10, 10, 3]",1,300,qualified,0.7384725391936707,-0.7384725391936707,7377340212.266666,4.132559617492371,2.6184761413722857
regir_entitygru_nomem,confirm,random,final@1000000,"[10, 10, 3]",2,300,qualified,0.5333558030827704,-0.5333558030827704,7513815091.413333,3.6838744954916183,2.6219293049428556
regir_entitygru_nomem,confirm,random,final@1000000,"[10, 10, 4]",0,300,qualified,0.3609647438168397,-0.3609647438168397,7591161645.013333,4.581645146398805,2.6104894849373204
regir_entitygru_nomem,confirm,random,final@1000000,"[10, 10, 4]",1,300,qualified,0.7567862009649072,-0.7567862009649072,7282386910.506667,4.006929187125837,2.6087670708348507
regir_entitygru_nomem,confirm,random,final@1000000,"[10, 10, 4]",2,300,qualified,0.5081357680613614,-0.5081357680613614,7409538454.613334,3.340590802890753,2.609403950264988
regir_entitygru_nomem,confirm,random,final@1000000,"[10, 10, 6]",0,300,qualified,0.7072217812468334,-0.7072217812468334,7792867255.466666,4.5991824281619245,2.6000939106813425
regir_entitygru_nomem,confirm,random,final@1000000,"[10, 10, 6]",1,300,qualified,1.1448322276653506,-1.1448322276653506,7310984340.266666,3.9479677526823553,2.5997940442982412
regir_entitygru_nomem,confirm,random,final@1000000,"[10, 10, 6]",2,300,qualified,0.8412295422502675,-0.8412295422502675,7351527305.6,3.613670497634836,2.6009952248461268
regir_entitygru_nomem,confirm,random,final@1000000,"[10, 10, 9]",0,300,qualified,1.1404399437362718,-1.1404399437362718,8022190837.333333,4.889895205361148,2.6363788777277475
regir_entitygru_nomem,confirm,random,final@1000000,"[10, 10, 9]",1,300,qualified,1.581913855607581,-1.581913855607581,7412063774.933333,3.913882280512092,2.6320707255914297
regir_entitygru_nomem,confirm,random,final@1000000,"[10, 10, 9]",2,300,qualified,1.0384052803573043,-1.0384052803573043,7514392624.213333,3.6107180329175512,2.634728688220464
regir_entitygru_nomem,confirm,random,final@1000000,"[10, 10, 12]",0,300,qualified,1.9254322115620741,-1.9254322115620741,8379780856.32,4.887783809990312,2.7247060378592587
regir_entitygru_nomem,confirm,random,final@1000000,"[10, 10, 12]",1,300,qualified,1.904773388924206,-1.904773388924206,7494299245.866667,4.072838102428553,2.723487189505867
regir_entitygru_nomem,confirm,random,final@1000000,"[10, 10, 12]",2,300,qualified,1.597394216225382,-1.597394216225382,7779880256.853333,3.566479675808999,2.724113242913917
regir_entitygru_nomem,confirm,random,final@1000000,"[15, 15, 2]",0,300,qualified,0.5499387966808895,-0.5499387966808895,10259426839.04,4.904784963191487,2.5598347085820334
regir_entitygru_nomem,confirm,random,final@1000000,"[15, 15, 2]",1,300,qualified,0.8447119055481619,-0.8447119055481619,9835007068.373333,4.137405329368388,2.5582624751826235
regir_entitygru_nomem,confirm,random,final@1000000,"[15, 15, 2]",2,300,qualified,0.4951434201514413,-0.4951434201514413,10070262520.96,3.5368900972606694,2.560493649252505
regir_entitygru_nomem,confirm,random,final@1000000,"[15, 15, 4]",0,300,qualified,0.6720436889245737,-0.6720436889245737,10543960250.88,4.603872871768351,2.6385918326913913
regir_entitygru_nomem,confirm,random,final@1000000,"[15, 15, 4]",1,300,qualified,1.0450330248916355,-1.0450330248916355,10096691173.333334,4.063699687851282,2.6365195792726968
regir_entitygru_nomem,confirm,random,final@1000000,"[15, 15, 4]",2,300,qualified,0.6377398760403924,-0.6377398760403924,10294913001.386667,3.47055455074956,2.6396604454179418
regir_entitygru_nomem,confirm,random,final@1000000,"[15, 15, 6]",0,300,qualified,0.8630903908760628,-0.8630903908760628,10317472572.8,4.9191563899815085,2.5809956107698935
regir_entitygru_nomem,confirm,random,final@1000000,"[15, 15, 6]",1,300,qualified,1.4981839675081894,-1.4981839675081894,9811646709.12,4.081324887049074,2.579137535655366
regir_entitygru_nomem,confirm,random,final@1000000,"[15, 15, 6]",2,300,qualified,1.0274809296649472,-1.0274809296649472,10085662698.026667,3.358488343936624,2.5818591303051672
regir_entitygru_nomem,confirm,random,final@1000000,"[20, 20, 2]",0,300,qualified,0.5532696787085994,-0.5532696787085994,12654565442.986666,4.663353989568228,2.548541090193356
regir_entitygru_nomem,confirm,random,final@1000000,"[20, 20, 2]",1,300,qualified,1.0375592112817498,-1.0375592112817498,12273078570.026667,4.371995939856085,2.54648070298791
regir_entitygru_nomem,confirm,random,final@1000000,"[20, 20, 2]",2,300,qualified,0.5577105719261745,-0.5577105719261745,12585178375.04,3.5046411906400077,2.5506218190404426
regir_entitygru_nomem,confirm,random,final@1000000,"[20, 20, 4]",0,300,qualified,0.835761598402896,-0.835761598402896,12756956468.906666,5.046571268971699,2.54466712606271
regir_entitygru_nomem,confirm,random,final@1000000,"[20, 20, 4]",1,300,qualified,1.4202408785728406,-1.4202408785728406,12391992220.373333,4.567562519224982,2.542608822891308
regir_entitygru_nomem,confirm,random,final@1000000,"[20, 20, 4]",2,300,qualified,0.7469330438651797,-0.7469330438651797,12490559078.186666,3.558882547930892,2.544821642847338
regir_entitygru_nomem,confirm,random,final@1000000,"[20, 20, 6]",0,300,qualified,1.0241678486236225,-1.0241678486236225,13033524340.48,4.872530004158616,2.608828165551264
regir_entitygru_nomem,confirm,random,final@1000000,"[20, 20, 6]",1,300,qualified,1.803115656487769,-1.803115656487769,12534413425.706667,4.452726808624963,2.607072029786857
regir_entitygru_nomem,confirm,random,final@1000000,"[20, 20, 6]",2,300,qualified,0.9418999194508391,-0.9418999194508391,12716565486.293333,3.345728711554354,2.6108839429848953
regir_entitygru_nomem,confirm,random,final@1000000,"[25, 25, 2]",0,300,qualified,0.5904905491701509,-0.5904905491701509,15597664491.306667,5.1332920399929085,2.6286829166730277
regir_entitygru_nomem,confirm,random,final@1000000,"[25, 25, 2]",1,300,qualified,1.1692640739555977,-1.1692640739555977,14976355368.106667,4.371663983458614,2.6267524386719447
regir_entitygru_nomem,confirm,random,final@1000000,"[25, 25, 2]",2,300,qualified,0.5250810997234469,-0.5250810997234469,15365024695.893333,3.6468484973325395,2.6306960219428643
regir_entitygru_nomem,confirm,random,final@1000000,"[30, 30, 2]",0,300,qualified,0.6872392475404292,-0.6872392475404292,17928827701.76,4.9263529342785475,2.580845193712538
regir_entitygru_nomem,confirm,random,final@1000000,"[30, 30, 2]",1,300,qualified,1.2736788000470676,-1.2736788000470676,17255745866.453335,4.702705504305389,2.579674752712942
regir_entitygru_nomem,confirm,random,final@1000000,"[30, 30, 2]",2,300,qualified,0.43205661308082666,-0.43205661308082666,17893657349.333332,3.6253401990570517,2.583094619985492
regir_entitygru_nomem,confirm,random,final@1000000,"[30, 30, 4]",0,300,qualified,0.7403588710724063,-0.7403588710724063,17992416534.826668,5.285296251252293,2.5776919208669042
regir_entitygru_nomem,confirm,random,final@1000000,"[30, 30, 4]",1,300,qualified,1.5342451304868574,-1.5342451304868574,17397126069.97333,4.498686425203147,2.577216606624141
regir_entitygru_nomem,confirm,random,final@1000000,"[30, 30, 4]",2,300,qualified,0.5703566400149364,-0.5703566400149364,17685520063.573334,3.4382373306714,2.579387891293263
regir_entitygru_nomem,confirm,random,final@1000000,"[30, 30, 6]",0,300,qualified,0.9931385490540536,-0.9931385490540536,18299753162.88,5.176522015862477,2.6247282814647632
regir_entitygru_nomem,confirm,random,final@1000000,"[30, 30, 6]",1,300,qualified,2.2774666622735316,-2.2774666622735316,17331212554.666668,4.567791263712958,2.6222874426664036
regir_entitygru_nomem,confirm,random,final@1000000,"[30, 30, 6]",2,300,qualified,0.8037985769731302,-0.8037985769731302,17884722686.506668,3.451776775503919,2.626622697708186
regir_entitygru_nomem,confirm,random,final@1000000,"[30, 30, 9]",0,300,qualified,1.181574324486891,-1.181574324486891,18026364904.533333,5.513699432069746,2.563618022171234
regir_entitygru_nomem,confirm,random,final@1000000,"[30, 30, 9]",1,300,qualified,2.8118685836829416,-2.8118685836829416,17249018234.88,4.63278584304091,2.562715332448708
regir_entitygru_nomem,confirm,random,final@1000000,"[30, 30, 9]",2,300,qualified,0.9034631441117097,-0.9034631441117097,17521374814.506668,3.4804400041288077,2.566381148679721
regir_entitygru_nomem,confirm,random,final@1000000,"[30, 30, 12]",0,300,qualified,1.4052269185742214,-1.4052269185742214,18828536775.466667,5.3788465728377926,2.6539320912023565
regir_entitygru_nomem,confirm,random,final@1000000,"[30, 30, 12]",1,300,qualified,3.803994462807927,-3.803994462807927,17786393707.093334,4.739258168768914,2.650818226880058
regir_entitygru_nomem,confirm,random,final@1000000,"[30, 30, 12]",2,300,qualified,1.3339995119668604,-1.3339995119668604,17999977400.106667,3.465067460039087,2.6545576468763117
regir_entitygru_nomem,confirm,random,final@1000000,"[40, 40, 2]",0,300,qualified,0.4934625303593584,-0.4934625303593584,22615282935.68,4.924160903138109,2.536360242512099
regir_entitygru_nomem,confirm,random,final@1000000,"[40, 40, 2]",1,300,qualified,1.2248839898090909,-1.2248839898090909,21397669898.02667,4.550641563526393,2.5362214064659656
regir_entitygru_nomem,confirm,random,final@1000000,"[40, 40, 2]",2,300,qualified,0.3538741661793565,-0.3538741661793565,22370259331.413334,3.276778324014546,2.5386340939076897
regir_entitygru_nomem,confirm,random,final@1000000,"[50, 50, 2]",0,300,qualified,0.3727383966289017,-0.3727383966289017,27398797855.36,5.27253043981269,2.5676259947374724
regir_entitygru_nomem,confirm,random,final@1000000,"[50, 50, 2]",1,300,qualified,1.2228312344300942,-1.2228312344300942,25988972088.106667,4.860827714256787,2.5671079921992375
regir_entitygru_nomem,confirm,random,final@1000000,"[50, 50, 2]",2,300,qualified,0.356218064186851,-0.356218064186851,27387782985.386665,3.445985292100813,2.570634587704008
regir_entitygru_nomem,eval,fixed1,final@1000000,"[4, 4, 2]",0,300,qualified,0.6648020373745606,-0.6648020373745606,3070514605.44,1.1672586215277745,1.0
regir_entitygru_nomem,eval,fixed1,final@1000000,"[4, 4, 2]",1,300,qualified,0.6410243744675931,-0.6410243744675931,2913732358.4,1.108784102476396,1.0
regir_entitygru_nomem,eval,fixed1,final@1000000,"[4, 4, 2]",2,300,qualified,0.8965898557481259,-0.8965898557481259,3214457116.3733335,1.0699043499158385,1.0
regir_entitygru_nomem,eval,fixed1,final@1000000,"[5, 5, 2]",0,300,qualified,0.7980265130072055,-0.7980265130072055,3378834280.32,1.0832265365810598,1.0
regir_entitygru_nomem,eval,fixed1,final@1000000,"[5, 5, 2]",1,300,qualified,0.8230957343133983,-0.8230957343133983,3341881716.0533333,1.1503830023212747,1.0
regir_entitygru_nomem,eval,fixed1,final@1000000,"[5, 5, 2]",2,300,qualified,1.0995559525236502,-1.0995559525236502,3540728433.28,1.0917692935082597,1.0
regir_entitygru_nomem,eval,fixed1,final@1000000,"[6, 6, 2]",0,300,qualified,0.7800264620040955,-0.7800264620040955,3731286480.4266667,1.1986163510386056,1.0
regir_entitygru_nomem,eval,fixed1,final@1000000,"[6, 6, 2]",1,300,qualified,0.948927131111275,-0.948927131111275,3594104138.0266666,1.1994052084432527,1.0
regir_entitygru_nomem,eval,fixed1,final@1000000,"[6, 6, 2]",2,300,qualified,1.2659738533533775,-1.2659738533533775,3949250295.04,1.181727687420401,1.0
regir_entitygru_nomem,eval,fixed1,final@1000000,"[8, 8, 2]",0,300,qualified,0.9191282692992482,-0.9191282692992482,4363609036.16,1.18072354564191,1.0
regir_entitygru_nomem,eval,fixed1,final@1000000,"[8, 8, 2]",1,300,qualified,1.1175311074346288,-1.1175311074346288,4326869866.666667,1.277468170511614,1.0
regir_entitygru_nomem,eval,fixed1,final@1000000,"[8, 8, 2]",2,300,qualified,1.5656419485405935,-1.5656419485405935,4659932912.853333,1.214525013610255,1.0
regir_entitygru_nomem,eval,fixed1,final@1000000,"[10, 10, 2]",0,300,qualified,1.0707709990272236,-1.0707709990272236,4945048645.973333,1.275199728170992,1.0
regir_entitygru_nomem,eval,fixed1,final@1000000,"[10, 10, 2]",1,300,qualified,1.318359521684033,-1.318359521684033,4857462682.666667,1.370347070521869,1.0
regir_entitygru_nomem,eval,fixed1,final@1000000,"[10, 10, 2]",2,300,qualified,2.007377179732161,-2.007377179732161,5287064324.906667,1.2873390804700708,1.0
regir_entitygru_nomem,eval,fixed1,final@1000000,"[10, 10, 3]",0,300,qualified,1.34723069542809,-1.34723069542809,4928841217.493333,1.2284860677365215,1.0
regir_entitygru_nomem,eval,fixed1,final@1000000,"[10, 10, 3]",1,300,qualified,1.5126044330542987,-1.5126044330542987,4768296219.52,1.4054789780732244,1.0
regir_entitygru_nomem,eval,fixed1,final@1000000,"[10, 10, 3]",2,300,qualified,2.2004338074001546,-2.2004338074001546,5096370418.56,1.2400875605010273,1.0
regir_entitygru_nomem,eval,fixed1,final@1000000,"[10, 10, 4]",0,300,qualified,1.4588588257891422,-1.4588588257891422,4969004128.853333,1.3009925345533218,1.0
regir_entitygru_nomem,eval,fixed1,final@1000000,"[10, 10, 4]",1,300,qualified,1.7395400339171394,-1.7395400339171394,4776020677.12,1.4505516885925318,1.0
regir_entitygru_nomem,eval,fixed1,final@1000000,"[10, 10, 4]",2,300,qualified,2.4751487740125224,-2.4751487740125224,5040940099.2,1.2184878386718143,1.0
regir_entitygru_nomem,eval,fixed1,final@1000000,"[10, 10, 6]",0,300,qualified,2.0894924786050515,-2.0894924786050515,4907115292.8,1.2331273580843116,1.0
regir_entitygru_nomem,eval,fixed1,final@1000000,"[10, 10, 6]",1,300,qualified,1.8859255735837963,-1.8859255735837963,4666446228.48,1.3763858119303283,1.0
regir_entitygru_nomem,eval,fixed1,final@1000000,"[10, 10, 6]",2,300,qualified,3.1362498182195244,-3.1362498182195244,4923283360.0,1.1365872863505502,1.0
regir_entitygru_nomem,eval,fixed1,final@1000000,"[10, 10, 9]",0,300,qualified,2.9282929111357414,-2.9282929111357414,4958958533.333333,1.286365943173296,1.0
regir_entitygru_nomem,eval,fixed1,final@1000000,"[10, 10, 9]",1,300,qualified,2.114576846770747,-2.114576846770747,4613823308.586667,1.319184223144742,1.0
regir_entitygru_nomem,eval,fixed1,final@1000000,"[10, 10, 9]",2,300,qualified,3.713415417087393,-3.713415417087393,4815911958.613334,1.1069793941670407,1.0
regir_entitygru_nomem,eval,fixed1,final@1000000,"[10, 10, 12]",0,300,qualified,3.8676341149497215,-3.8676341149497215,5037401074.133333,1.3589313733717427,1.0
regir_entitygru_nomem,eval,fixed1,final@1000000,"[10, 10, 12]",1,300,qualified,2.7645271436382246,-2.7645271436382246,4593553851.306666,1.237244760611405,1.0
regir_entitygru_nomem,eval,fixed1,final@1000000,"[10, 10, 12]",2,300,qualified,4.362464198616303,-4.362464198616303,4849752639.146667,1.1179712911992101,1.0
regir_entitygru_nomem,eval,fixed1,final@1000000,"[15, 15, 2]",0,300,qualified,1.3355015015937655,-1.3355015015937655,6534116864.213333,1.4460846491887545,1.0
regir_entitygru_nomem,eval,fixed1,final@1000000,"[15, 15, 2]",1,300,qualified,1.7107468596099746,-1.7107468596099746,6479529484.16,1.569282010299891,1.0
regir_entitygru_nomem,eval,fixed1,final@1000000,"[15, 15, 2]",2,300,qualified,2.6777276589853445,-2.6777276589853445,6697104470.1866665,1.323906342476645,1.0
regir_entitygru_nomem,eval,fixed1,final@1000000,"[15, 15, 4]",0,300,qualified,2.047217162192531,-2.047217162192531,6558831695.573334,1.3926275344990426,1.0
regir_entitygru_nomem,eval,fixed1,final@1000000,"[15, 15, 4]",1,300,qualified,2.266720639598983,-2.266720639598983,6231584802.986667,1.415500228900928,1.0
regir_entitygru_nomem,eval,fixed1,final@1000000,"[15, 15, 4]",2,300,qualified,3.596537116757033,-3.596537116757033,6502878994.346666,1.3220030561999496,1.0
regir_entitygru_nomem,eval,fixed1,final@1000000,"[15, 15, 6]",0,300,qualified,2.505503725366594,-2.505503725366594,6441462620.8,1.3906467076253224,1.0
regir_entitygru_nomem,eval,fixed1,final@1000000,"[15, 15, 6]",1,300,qualified,2.6293099932549433,-2.6293099932549433,6107549218.346666,1.3865464862744556,1.0
regir_entitygru_nomem,eval,fixed1,final@1000000,"[15, 15, 6]",2,300,qualified,4.311552035245116,-4.311552035245116,6463516494.933333,1.2668602885104094,1.0
regir_entitygru_nomem,eval,fixed1,final@1000000,"[20, 20, 2]",0,300,qualified,1.5868954768285015,-1.5868954768285015,7947174154.24,1.4290856274064088,1.0
regir_entitygru_nomem,eval,fixed1,final@1000000,"[20, 20, 2]",1,300,qualified,2.35981803270143,-2.35981803270143,7803593722.666667,1.5584731322691854,1.0
regir_entitygru_nomem,eval,fixed1,final@1000000,"[20, 20, 2]",2,300,qualified,3.2292817769804314,-3.2292817769804314,8006874420.693334,1.4348425537896885,1.0
regir_entitygru_nomem,eval,fixed1,final@1000000,"[20, 20, 4]",0,300,qualified,2.3633525892807166,-2.3633525892807166,7971445244.586667,1.4945602507208242,1.0
regir_entitygru_nomem,eval,fixed1,final@1000000,"[20, 20, 4]",1,300,qualified,2.9448490076324467,-2.9448490076324467,7554812935.893333,1.4811263123073148,1.0
regir_entitygru_nomem,eval,fixed1,final@1000000,"[20, 20, 4]",2,300,qualified,4.687184067684534,-4.687184067684534,7862849349.333333,1.365944934412255,1.0
regir_entitygru_nomem,eval,fixed1,final@1000000,"[20, 20, 6]",0,300,qualified,3.026995166260695,-3.026995166260695,7880045253.76,1.4861997275906227,1.0
regir_entitygru_nomem,eval,fixed1,final@1000000,"[20, 20, 6]",1,300,qualified,3.3390718918422517,-3.3390718918422517,7543486495.146667,1.4006541799449284,1.0
regir_entitygru_nomem,eval,fixed1,final@1000000,"[20, 20, 6]",2,300,qualified,5.442883816149249,-5.442883816149249,7777836356.266666,1.3829757580917794,1.0
regir_entitygru_nomem,eval,fixed1,final@1000000,"[25, 25, 2]",0,300,qualified,1.7723892843755467,-1.7723892843755467,9431140135.68,1.5878655072080436,1.0
regir_entitygru_nomem,eval,fixed1,final@1000000,"[25, 25, 2]",1,300,qualified,2.916193692860181,-2.916193692860181,9246106444.8,1.6021862635487922,1.0
regir_entitygru_nomem,eval,fixed1,final@1000000,"[25, 25, 2]",2,300,qualified,3.9912099470283873,-3.9912099470283873,9399294082.56,1.4820891969649044,1.0
regir_entitygru_nomem,eval,fixed1,final@1000000,"[30, 30, 2]",0,300,qualified,1.9785545391450021,-1.9785545391450021,10769414399.573334,1.748390371184214,1.0
regir_entitygru_nomem,eval,fixed1,final@1000000,"[30, 30, 2]",1,300,qualified,3.3984397596771805,-3.3984397596771805,10654100806.4,1.7583717735129176,1.0
regir_entitygru_nomem,eval,fixed1,final@1000000,"[30, 30, 2]",2,300,qualified,4.6706960017946555,-4.6706960017946555,10610258244.693333,1.6688112918303037,1.0
regir_entitygru_nomem,eval,fixed1,final@1000000,"[30, 30, 4]",0,300,qualified,3.285199036138225,-3.285199036138225,10688036244.053333,1.74342237390636,1.0
regir_entitygru_nomem,eval,fixed1,final@1000000,"[30, 30, 4]",1,300,qualified,4.509521765998444,-4.509521765998444,10329883908.906666,1.6984435655997367,1.0
regir_entitygru_nomem,eval,fixed1,final@1000000,"[30, 30, 4]",2,300,qualified,6.39388057920353,-6.39388057920353,10237636909.44,1.5557826221806075,1.0
regir_entitygru_nomem,eval,fixed1,final@1000000,"[30, 30, 6]",0,300,qualified,3.935647644791084,-3.935647644791084,10773326073.386667,1.770687360271889,1.0
regir_entitygru_nomem,eval,fixed1,final@1000000,"[30, 30, 6]",1,300,qualified,5.306974789278915,-5.306974789278915,10305061488.213333,1.7095009390280271,1.0
regir_entitygru_nomem,eval,fixed1,final@1000000,"[30, 30, 6]",2,300,qualified,7.751570150250621,-7.751570150250621,10323818108.586666,1.6424299246049485,1.0
regir_entitygru_nomem,eval,fixed1,final@1000000,"[30, 30, 9]",0,300,qualified,4.8240369078605125,-4.8240369078605125,10720672321.28,1.7773701448430075,1.0
regir_entitygru_nomem,eval,fixed1,final@1000000,"[30, 30, 9]",1,300,qualified,5.9196769136264225,-5.9196769136264225,10224500187.733334,1.779760752558747,1.0
regir_entitygru_nomem,eval,fixed1,final@1000000,"[30, 30, 9]",2,300,qualified,9.02313731660026,-9.02313731660026,10353774027.946667,1.7041922656803703,1.0
regir_entitygru_nomem,eval,fixed1,final@1000000,"[30, 30, 12]",0,300,qualified,6.3473001534467075,-6.3473001534467075,10799236677.12,1.8804984129738296,1.0
regir_entitygru_nomem,eval,fixed1,final@1000000,"[30, 30, 12]",1,300,qualified,7.008241281821457,-7.008241281821457,10177900277.546667,1.8334116454725153,1.0
regir_entitygru_nomem,eval,fixed1,final@1000000,"[30, 30, 12]",2,300,qualified,10.753482331045804,-10.753482331045804,10259084182.186666,1.7345142503187525,1.0
regir_entitygru_nomem,eval,fixed1,final@1000000,"[40, 40, 2]",0,300,qualified,2.1892516694773305,-2.1892516694773305,13467463793.92,1.869312187335842,1.0
regir_entitygru_nomem,eval,fixed1,final@1000000,"[40, 40, 2]",1,300,qualified,4.222718890550188,-4.222718890550188,13411645789.866667,1.8953386125368221,1.0
regir_entitygru_nomem,eval,fixed1,final@1000000,"[40, 40, 2]",2,300,qualified,5.713109068957966,-5.713109068957966,13174133780.693333,1.8141194309864659,1.0
regir_entitygru_nomem,eval,fixed1,final@1000000,"[50, 50, 2]",0,300,qualified,2.575757485067409,-2.575757485067409,15805605271.253334,2.2076628877294326,1.0
regir_entitygru_nomem,eval,fixed1,final@1000000,"[50, 50, 2]",1,300,qualified,4.956376951821323,-4.956376951821323,16224259208.533333,2.2502806536841673,1.0
regir_entitygru_nomem,eval,fixed1,final@1000000,"[50, 50, 2]",2,300,qualified,6.991816289682436,-6.991816289682436,15400619797.333334,2.173792773640598,1.0
regir_entitygru_nomem,eval,fixed2,final@1000000,"[4, 4, 2]",0,300,qualified,0.24117792999958387,-0.24117792999958387,3504856593.4933333,1.0831162830640095,2.0
regir_entitygru_nomem,eval,fixed2,final@1000000,"[4, 4, 2]",1,300,qualified,0.45674358080892313,-0.45674358080892313,3593552113.92,1.0905156346375589,2.0
regir_entitygru_nomem,eval,fixed2,final@1000000,"[4, 4, 2]",2,300,qualified,0.32520530320150093,-0.32520530320150093,3641666532.0533333,0.9673958292943038,2.0
regir_entitygru_nomem,eval,fixed2,final@1000000,"[5, 5, 2]",0,300,qualified,0.23621945549164702,-0.23621945549164702,4038846249.6,1.0761831118566139,2.0
regir_entitygru_nomem,eval,fixed2,final@1000000,"[5, 5, 2]",1,300,qualified,0.44790101293319007,-0.44790101293319007,3984883280.8533335,1.0956830861155564,2.0
regir_entitygru_nomem,eval,fixed2,final@1000000,"[5, 5, 2]",2,300,qualified,0.29605103372795233,-0.29605103372795233,3991251266.9866667,0.9902875805778119,2.0
regir_entitygru_nomem,eval,fixed2,final@1000000,"[6, 6, 2]",0,300,qualified,0.24281201429580224,-0.24281201429580224,4513011578.026667,1.1624416501040105,2.0
regir_entitygru_nomem,eval,fixed2,final@1000000,"[6, 6, 2]",1,300,qualified,0.4401652203055267,-0.4401652203055267,4435804491.093333,1.2075145871489077,2.0
regir_entitygru_nomem,eval,fixed2,final@1000000,"[6, 6, 2]",2,300,qualified,0.35706543396985235,-0.35706543396985235,4539827336.746667,1.0716930884074343,2.0
regir_entitygru_nomem,eval,fixed2,final@1000000,"[8, 8, 2]",0,300,qualified,0.29892586880774985,-0.29892586880774985,5496832181.546667,1.144955605333283,2.0
regir_entitygru_nomem,eval,fixed2,final@1000000,"[8, 8, 2]",1,300,qualified,0.5503466321888771,-0.5503466321888771,5324335020.373333,1.22197061574591,2.0
regir_entitygru_nomem,eval,fixed2,final@1000000,"[8, 8, 2]",2,300,qualified,0.395754583108489,-0.395754583108489,5524953537.493333,1.1286594457788548,2.0
regir_entitygru_nomem,eval,fixed2,final@1000000,"[10, 10, 2]",0,300,qualified,0.4056197595185839,-0.4056197595185839,6427112976.426666,1.235939916910914,2.0
regir_entitygru_nomem,eval,fixed2,final@1000000,"[10, 10, 2]",1,300,qualified,0.654873981998533,-0.654873981998533,6251159241.6,1.2929475068861696,2.0
regir_entitygru_nomem,eval,fixed2,final@1000000,"[10, 10, 2]",2,300,qualified,0.39817607526919463,-0.39817607526919463,6446291476.693334,1.12448336667129,2.0
regir_entitygru_nomem,eval,fixed2,final@1000000,"[10, 10, 3]",0,300,qualified,0.448666899422869,-0.448666899422869,6444229376.0,1.2879155913472642,2.0
regir_entitygru_nomem,eval,fixed2,final@1000000,"[10, 10, 3]",1,300,qualified,0.7792844983140115,-0.7792844983140115,6220125631.146667,1.326243638881327,2.0
regir_entitygru_nomem,eval,fixed2,final@1000000,"[10, 10, 3]",2,300,qualified,0.5617631065902031,-0.5617631065902031,6326421345.28,1.1504760859712648,2.0
regir_entitygru_nomem,eval,fixed2,final@1000000,"[10, 10, 4]",0,300,qualified,0.4872227889982039,-0.4872227889982039,6516193440.0,1.3183456101231665,2.0
regir_entitygru_nomem,eval,fixed2,final@1000000,"[10, 10, 4]",1,300,qualified,0.9004156070085522,-0.9004156070085522,6193490823.466666,1.341629586777029,2.0
regir_entitygru_nomem,eval,fixed2,final@1000000,"[10, 10, 4]",2,300,qualified,0.6145691361632832,-0.6145691361632832,6287749584.853333,1.080352063679602,2.0
regir_entitygru_nomem,eval,fixed2,final@1000000,"[10, 10, 6]",0,300,qualified,0.6960624321952589,-0.6960624321952589,6550956491.946667,1.3327156409008118,2.0
regir_entitygru_nomem,eval,fixed2,final@1000000,"[10, 10, 6]",1,300,qualified,1.1414888517182276,-1.1414888517182276,6159880243.413333,1.3145623395591974,2.0
regir_entitygru_nomem,eval,fixed2,final@1000000,"[10, 10, 6]",2,300,qualified,0.7580029065048096,-0.7580029065048096,6291962503.466666,1.0862817677898178,2.0
regir_entitygru_nomem,eval,fixed2,final@1000000,"[10, 10, 9]",0,300,qualified,0.9632791912180574,-0.9632791912180574,6619120931.2,1.3021994486736366,2.0
regir_entitygru_nomem,eval,fixed2,final@1000000,"[10, 10, 9]",1,300,qualified,1.480113553867145,-1.480113553867145,6168811865.8133335,1.2823400423611746,2.0
regir_entitygru_nomem,eval,fixed2,final@1000000,"[10, 10, 9]",2,300,qualified,0.963000144797267,-0.963000144797267,6292398630.4,1.1591100815377042,2.0
regir_entitygru_nomem,eval,fixed2,final@1000000,"[10, 10, 12]",0,300,qualified,1.246032709894468,-1.246032709894468,6793165482.666667,1.4112211149259626,2.0
regir_entitygru_nomem,eval,fixed2,final@1000000,"[10, 10, 12]",1,300,qualified,1.7479508211340988,-1.7479508211340988,6201246090.88,1.3305351033370243,2.0
regir_entitygru_nomem,eval,fixed2,final@1000000,"[10, 10, 12]",2,300,qualified,1.3733469152974764,-1.3733469152974764,6338197872.0,1.1163087641337188,2.0
regir_entitygru_nomem,eval,fixed2,final@1000000,"[15, 15, 2]",0,300,qualified,0.3989806376003585,-0.3989806376003585,8629985727.786667,1.3250652699861287,2.0
regir_entitygru_nomem,eval,fixed2,final@1000000,"[15, 15, 2]",1,300,qualified,0.7509266944005089,-0.7509266944005089,8488882969.6,1.4486577224525778,2.0
regir_entitygru_nomem,eval,fixed2,final@1000000,"[15, 15, 2]",2,300,qualified,0.49602207890478406,-0.49602207890478406,8713603792.426666,1.2132757937089385,2.0
regir_entitygru_nomem,eval,fixed2,final@1000000,"[15, 15, 4]",0,300,qualified,0.6014029965628074,-0.6014029965628074,8680406506.24,1.3142315677178946,2.0
regir_entitygru_nomem,eval,fixed2,final@1000000,"[15, 15, 4]",1,300,qualified,1.1184897835110306,-1.1184897835110306,8415612783.36,1.2887731095269555,2.0
regir_entitygru_nomem,eval,fixed2,final@1000000,"[15, 15, 4]",2,300,qualified,0.6164227857606791,-0.6164227857606791,8542387295.36,1.1719236603049406,2.0
regir_entitygru_nomem,eval,fixed2,final@1000000,"[15, 15, 6]",0,300,qualified,0.7883708409448007,-0.7883708409448007,8816921110.4,1.4318474895344115,2.0
regir_entitygru_nomem,eval,fixed2,final@1000000,"[15, 15, 6]",1,300,qualified,1.3672084643759435,-1.3672084643759435,8388668624.426666,1.3366085726098391,2.0
regir_entitygru_nomem,eval,fixed2,final@1000000,"[15, 15, 6]",2,300,qualified,0.8302038897282961,-0.8302038897282961,8430879217.066667,1.1231129120707435,2.0
regir_entitygru_nomem,eval,fixed2,final@1000000,"[20, 20, 2]",0,300,qualified,0.5703564083421565,-0.5703564083421565,10904560017.066668,1.3606177284060201,2.0
regir_entitygru_nomem,eval,fixed2,final@1000000,"[20, 20, 2]",1,300,qualified,0.8806213067458403,-0.8806213067458403,10476334613.76,1.4011919313232648,2.0
regir_entitygru_nomem,eval,fixed2,final@1000000,"[20, 20, 2]",2,300,qualified,0.45413479674504165,-0.45413479674504165,10845345991.68,1.2367664011651263,2.0
regir_entitygru_nomem,eval,fixed2,final@1000000,"[20, 20, 4]",0,300,qualified,0.8614709066813163,-0.8614709066813163,10870862978.346666,1.4252002446434926,2.0
regir_entitygru_nomem,eval,fixed2,final@1000000,"[20, 20, 4]",1,300,qualified,1.4919726748064481,-1.4919726748064481,10395177451.306667,1.4576705519639654,2.0
regir_entitygru_nomem,eval,fixed2,final@1000000,"[20, 20, 4]",2,300,qualified,0.7595937589451742,-0.7595937589451742,10604426431.786667,1.233179208006671,2.0
regir_entitygru_nomem,eval,fixed2,final@1000000,"[20, 20, 6]",0,300,qualified,0.9886502706538967,-0.9886502706538967,10903813280.853333,1.4111137874791166,2.0
regir_entitygru_nomem,eval,fixed2,final@1000000,"[20, 20, 6]",1,300,qualified,1.812543697636457,-1.812543697636457,10452635369.173334,1.4081972365880695,2.0
regir_entitygru_nomem,eval,fixed2,final@1000000,"[20, 20, 6]",2,300,qualified,0.9104271421123344,-0.9104271421123344,10586132102.186666,1.2222438209214792,2.0
regir_entitygru_nomem,eval,fixed2,final@1000000,"[25, 25, 2]",0,300,qualified,0.6354109555579048,-0.6354109555579048,12992575575.68,1.5065777631441597,2.0
regir_entitygru_nomem,eval,fixed2,final@1000000,"[25, 25, 2]",1,300,qualified,1.0974553995060639,-1.0974553995060639,12547379914.453333,1.5397573277748113,2.0
regir_entitygru_nomem,eval,fixed2,final@1000000,"[25, 25, 2]",2,300,qualified,0.481527213035333,-0.481527213035333,12920523368.96,1.2850466781445236,2.0
regir_entitygru_nomem,eval,fixed2,final@1000000,"[30, 30, 2]",0,300,qualified,0.6925420765596337,-0.6925420765596337,15054674137.6,1.6046576552541227,2.0
regir_entitygru_nomem,eval,fixed2,final@1000000,"[30, 30, 2]",1,300,qualified,1.0697681593100437,-1.0697681593100437,14444142496.213333,1.562875686067855,2.0
regir_entitygru_nomem,eval,fixed2,final@1000000,"[30, 30, 2]",2,300,qualified,0.4045215391940545,-0.4045215391940545,14995811038.506666,1.4104258757984887,2.0
regir_entitygru_nomem,eval,fixed2,final@1000000,"[30, 30, 4]",0,300,qualified,0.8320896715519512,-0.8320896715519512,14993540012.586666,1.6521159419116642,2.0
regir_entitygru_nomem,eval,fixed2,final@1000000,"[30, 30, 4]",1,300,qualified,1.7556857444439082,-1.7556857444439082,14481113533.013334,1.582491802716977,2.0
regir_entitygru_nomem,eval,fixed2,final@1000000,"[30, 30, 4]",2,300,qualified,0.6797471064306742,-0.6797471064306742,14735572710.826666,1.463328948310615,2.0
regir_entitygru_nomem,eval,fixed2,final@1000000,"[30, 30, 6]",0,300,qualified,0.845300030963541,-0.845300030963541,15163125761.28,1.696357066356771,2.0
regir_entitygru_nomem,eval,fixed2,final@1000000,"[30, 30, 6]",1,300,qualified,1.9871590308927953,-1.9871590308927953,14486104896.64,1.537382424296229,2.0
regir_entitygru_nomem,eval,fixed2,final@1000000,"[30, 30, 6]",2,300,qualified,1.018564308766769,-1.018564308766769,14811270941.44,1.4786037602271729,2.0
regir_entitygru_nomem,eval,fixed2,final@1000000,"[30, 30, 9]",0,300,qualified,1.0400186499154878,-1.0400186499154878,15297161404.8,1.736167859567795,2.0
regir_entitygru_nomem,eval,fixed2,final@1000000,"[30, 30, 9]",1,300,qualified,2.667792171606044,-2.667792171606044,14425966492.586666,1.634438274280983,2.0
regir_entitygru_nomem,eval,fixed2,final@1000000,"[30, 30, 9]",2,300,qualified,1.016880305296129,-1.016880305296129,14872722243.413334,1.5161852553618762,2.0
regir_entitygru_nomem,eval,fixed2,final@1000000,"[30, 30, 12]",0,300,qualified,1.1166095735577055,-1.1166095735577055,15278293830.826666,1.8187306519291209,2.0
regir_entitygru_nomem,eval,fixed2,final@1000000,"[30, 30, 12]",1,300,qualified,2.9261135016350703,-2.9261135016350703,14544811928.32,1.6832702860544668,2.0
regir_entitygru_nomem,eval,fixed2,final@1000000,"[30, 30, 12]",2,300,qualified,1.0937330672409564,-1.0937330672409564,14873996082.346666,1.6646349246578758,2.0
regir_entitygru_nomem,eval,fixed2,final@1000000,"[40, 40, 2]",0,300,qualified,0.5123471541890222,-0.5123471541890222,19143477907.2,1.7380455939139938,2.0
regir_entitygru_nomem,eval,fixed2,final@1000000,"[40, 40, 2]",1,300,qualified,1.1433506980541501,-1.1433506980541501,18226336343.68,1.701807802277617,2.0
regir_entitygru_nomem,eval,fixed2,final@1000000,"[40, 40, 2]",2,300,qualified,0.39171170980593156,-0.39171170980593156,19136129365.97333,1.658908802626926,2.0
regir_entitygru_nomem,eval,fixed2,final@1000000,"[50, 50, 2]",0,300,qualified,0.519448084109125,-0.519448084109125,22947975585.28,2.0498984619986733,2.0
regir_entitygru_nomem,eval,fixed2,final@1000000,"[50, 50, 2]",1,300,qualified,1.294458991452049,-1.294458991452049,21737794316.8,1.9495664940269974,2.0
regir_entitygru_nomem,eval,fixed2,final@1000000,"[50, 50, 2]",2,300,qualified,0.4123922037020973,-0.4123922037020973,23013116685.226665,1.8878650889830897,2.0
regir_entitygru_nomem,eval,fixed3,final@1000000,"[4, 4, 2]",0,300,qualified,0.21853336255556807,-0.21853336255556807,4297774090.026667,1.158911670295056,3.0
regir_entitygru_nomem,eval,fixed3,final@1000000,"[4, 4, 2]",1,300,qualified,0.41532812580765016,-0.41532812580765016,4388690694.826667,1.2059199031764487,3.0
regir_entitygru_nomem,eval,fixed3,final@1000000,"[4, 4, 2]",2,300,qualified,0.2898119299238574,-0.2898119299238574,4466049580.16,1.0638713888979205,3.0
regir_entitygru_nomem,eval,fixed3,final@1000000,"[5, 5, 2]",0,300,qualified,0.30919965674509214,-0.30919965674509214,5058576983.04,1.1795664882993635,3.0
regir_entitygru_nomem,eval,fixed3,final@1000000,"[5, 5, 2]",1,300,qualified,0.40538810668989245,-0.40538810668989245,4875482923.733334,1.2045744921691948,3.0
regir_entitygru_nomem,eval,fixed3,final@1000000,"[5, 5, 2]",2,300,qualified,0.331569576512371,-0.331569576512371,5020229194.026667,1.0941403734164001,3.0
regir_entitygru_nomem,eval,fixed3,final@1000000,"[6, 6, 2]",0,300,qualified,0.2851514516708642,-0.2851514516708642,5718510855.68,1.2285676011128817,3.0
regir_entitygru_nomem,eval,fixed3,final@1000000,"[6, 6, 2]",1,300,qualified,0.4290575462198392,-0.4290575462198392,5595925095.04,1.197793669422972,3.0
regir_entitygru_nomem,eval,fixed3,final@1000000,"[6, 6, 2]",2,300,qualified,0.30791213173126847,-0.30791213173126847,5746457787.093333,1.1188233335772142,3.0
regir_entitygru_nomem,eval,fixed3,final@1000000,"[8, 8, 2]",0,300,qualified,0.3692707894585905,-0.3692707894585905,7011220978.346666,1.2355960193288047,3.0
regir_entitygru_nomem,eval,fixed3,final@1000000,"[8, 8, 2]",1,300,qualified,0.4401204522599086,-0.4401204522599086,6886190448.853333,1.3341489470530845,3.0
regir_entitygru_nomem,eval,fixed3,final@1000000,"[8, 8, 2]",2,300,qualified,0.3409318535791561,-0.3409318535791561,7082569604.693334,1.235482224058554,3.0
regir_entitygru_nomem,eval,fixed3,final@1000000,"[10, 10, 2]",0,300,qualified,0.42997396815738803,-0.42997396815738803,8345781094.1866665,1.3322045365554125,3.0
regir_entitygru_nomem,eval,fixed3,final@1000000,"[10, 10, 2]",1,300,qualified,0.7616758493468129,-0.7616758493468129,8164899388.8,1.4285717204385826,3.0
regir_entitygru_nomem,eval,fixed3,final@1000000,"[10, 10, 2]",2,300,qualified,0.3970124798935455,-0.3970124798935455,8210866019.626667,1.2212766445428134,3.0
regir_entitygru_nomem,eval,fixed3,final@1000000,"[10, 10, 3]",0,300,qualified,0.48109451626118727,-0.48109451626118727,8301632756.48,1.3567964593775104,3.0
regir_entitygru_nomem,eval,fixed3,final@1000000,"[10, 10, 3]",1,300,qualified,0.8341644058660355,-0.8341644058660355,8038381013.973333,1.3883765049812307,3.0
regir_entitygru_nomem,eval,fixed3,final@1000000,"[10, 10, 3]",2,300,qualified,0.5049527844167371,-0.5049527844167371,8160278548.053333,1.1871525756479242,3.0
regir_entitygru_nomem,eval,fixed3,final@1000000,"[10, 10, 4]",0,300,qualified,0.5885373228951947,-0.5885373228951947,8394839874.773334,1.3730434994750733,3.0
regir_entitygru_nomem,eval,fixed3,final@1000000,"[10, 10, 4]",1,300,qualified,0.8588401548869221,-0.8588401548869221,8003127459.413333,1.4051923278907392,3.0
regir_entitygru_nomem,eval,fixed3,final@1000000,"[10, 10, 4]",2,300,qualified,0.6430611165442345,-0.6430611165442345,8131043083.52,1.127393380458428,3.0
regir_entitygru_nomem,eval,fixed3,final@1000000,"[10, 10, 6]",0,300,qualified,0.6799171490859985,-0.6799171490859985,8440672211.626667,1.3861435304875098,3.0
regir_entitygru_nomem,eval,fixed3,final@1000000,"[10, 10, 6]",1,300,qualified,1.1815738626755719,-1.1815738626755719,7972948430.72,1.4093785493198083,3.0
regir_entitygru_nomem,eval,fixed3,final@1000000,"[10, 10, 6]",2,300,qualified,0.804643240497084,-0.804643240497084,8162631865.173333,1.1382396956837815,3.0
regir_entitygru_nomem,eval,fixed3,final@1000000,"[10, 10, 9]",0,300,qualified,1.2054618044640304,-1.2054618044640304,8638266589.866667,1.4727716622249378,3.0
regir_entitygru_nomem,eval,fixed3,final@1000000,"[10, 10, 9]",1,300,qualified,1.7029844834213093,-1.7029844834213093,7968123802.24,1.4230207459362767,3.0
regir_entitygru_nomem,eval,fixed3,final@1000000,"[10, 10, 9]",2,300,qualified,0.9774450082892789,-0.9774450082892789,8160177356.8,1.1569702330672105,3.0
regir_entitygru_nomem,eval,fixed3,final@1000000,"[10, 10, 12]",0,300,qualified,2.2030383890041616,-2.2030383890041616,9063895723.306667,1.5054115675824384,3.0
regir_entitygru_nomem,eval,fixed3,final@1000000,"[10, 10, 12]",1,300,qualified,1.7285058142626564,-1.7285058142626564,8010093589.12,1.38632223530071,3.0
regir_entitygru_nomem,eval,fixed3,final@1000000,"[10, 10, 12]",2,300,qualified,1.4467045212167178,-1.4467045212167178,8293845138.133333,1.1974218913474275,3.0
regir_entitygru_nomem,eval,fixed3,final@1000000,"[15, 15, 2]",0,300,qualified,0.5121684897366833,-0.5121684897366833,11357481167.573334,1.4489024161696822,3.0
regir_entitygru_nomem,eval,fixed3,final@1000000,"[15, 15, 2]",1,300,qualified,0.7218991463029235,-0.7218991463029235,11041947644.373333,1.4759017936836851,3.0
regir_entitygru_nomem,eval,fixed3,final@1000000,"[15, 15, 2]",2,300,qualified,0.5197143258341232,-0.5197143258341232,11325713123.2,1.2657195089313125,3.0
regir_entitygru_nomem,eval,fixed3,final@1000000,"[15, 15, 4]",0,300,qualified,0.7428683477691127,-0.7428683477691127,11383945605.76,1.4922440212621586,3.0
regir_entitygru_nomem,eval,fixed3,final@1000000,"[15, 15, 4]",1,300,qualified,1.3106258119876024,-1.3106258119876024,10990079844.053333,1.457066602689835,3.0
regir_entitygru_nomem,eval,fixed3,final@1000000,"[15, 15, 4]",2,300,qualified,0.7199262682824854,-0.7199262682824854,11088383534.293333,1.2452526236812507,3.0
regir_entitygru_nomem,eval,fixed3,final@1000000,"[15, 15, 6]",0,300,qualified,0.836692256891721,-0.836692256891721,11441294366.506666,1.4687402147811373,3.0
regir_entitygru_nomem,eval,fixed3,final@1000000,"[15, 15, 6]",1,300,qualified,1.5585067360538545,-1.5585067360538545,11050827247.786667,1.440406595915944,3.0
regir_entitygru_nomem,eval,fixed3,final@1000000,"[15, 15, 6]",2,300,qualified,0.7637388989635022,-0.7637388989635022,11202627655.893333,1.2350546637257018,3.0
regir_entitygru_nomem,eval,fixed3,final@1000000,"[20, 20, 2]",0,300,qualified,0.5756216832115492,-0.5756216832115492,14367561668.693333,1.4884194127410106,3.0
regir_entitygru_nomem,eval,fixed3,final@1000000,"[20, 20, 2]",1,300,qualified,0.9618721997323764,-0.9618721997323764,13939729283.2,1.4994813878302617,3.0
regir_entitygru_nomem,eval,fixed3,final@1000000,"[20, 20, 2]",2,300,qualified,0.42891992966034853,-0.42891992966034853,14241327476.693333,1.3424204727318525,3.0
regir_entitygru_nomem,eval,fixed3,final@1000000,"[20, 20, 4]",0,300,qualified,0.9287318038996724,-0.9287318038996724,14264521269.973333,1.6046174307691399,3.0
regir_entitygru_nomem,eval,fixed3,final@1000000,"[20, 20, 4]",1,300,qualified,1.549744320235611,-1.549744320235611,13984528709.76,1.532534485438373,3.0
regir_entitygru_nomem,eval,fixed3,final@1000000,"[20, 20, 4]",2,300,qualified,0.8031162159011479,-0.8031162159011479,13908935141.546667,1.2843304068181896,3.0
regir_entitygru_nomem,eval,fixed3,final@1000000,"[20, 20, 6]",0,300,qualified,0.9692552547007814,-0.9692552547007814,14474551002.24,1.4839790958955807,3.0
regir_entitygru_nomem,eval,fixed3,final@1000000,"[20, 20, 6]",1,300,qualified,2.0972240502267874,-2.0972240502267874,13995734911.573334,1.5753815382676355,3.0
regir_entitygru_nomem,eval,fixed3,final@1000000,"[20, 20, 6]",2,300,qualified,0.8465583247278271,-0.8465583247278271,14052627114.026667,1.2684564474838165,3.0
regir_entitygru_nomem,eval,fixed3,final@1000000,"[25, 25, 2]",0,300,qualified,0.5541454834884437,-0.5541454834884437,17311936502.18667,1.646320535405927,3.0
regir_entitygru_nomem,eval,fixed3,final@1000000,"[25, 25, 2]",1,300,qualified,1.1676430922654564,-1.1676430922654564,16796726195.2,1.5743442721950123,3.0
regir_entitygru_nomem,eval,fixed3,final@1000000,"[25, 25, 2]",2,300,qualified,0.4254946035193254,-0.4254946035193254,17123165043.413334,1.4118621059408178,3.0
regir_entitygru_nomem,eval,fixed3,final@1000000,"[30, 30, 2]",0,300,qualified,0.6359135737560374,-0.6359135737560374,20082225754.453335,1.7312622587262498,3.0
regir_entitygru_nomem,eval,fixed3,final@1000000,"[30, 30, 2]",1,300,qualified,1.1605406180789393,-1.1605406180789393,19571204540.16,1.6145073130061307,3.0
regir_entitygru_nomem,eval,fixed3,final@1000000,"[30, 30, 2]",2,300,qualified,0.4754826077139134,-0.4754826077139134,19843055629.226665,1.4967747733328725,3.0
regir_entitygru_nomem,eval,fixed3,final@1000000,"[30, 30, 4]",0,300,qualified,0.9052535880245973,-0.9052535880245973,20113609980.8,1.7248151621519354,3.0
regir_entitygru_nomem,eval,fixed3,final@1000000,"[30, 30, 4]",1,300,qualified,2.132946217897002,-2.132946217897002,19458994629.76,1.6412131000616743,3.0
regir_entitygru_nomem,eval,fixed3,final@1000000,"[30, 30, 4]",2,300,qualified,0.6925483167486767,-0.6925483167486767,19466506181.546665,1.4873937164307185,3.0
regir_entitygru_nomem,eval,fixed3,final@1000000,"[30, 30, 6]",0,300,qualified,1.1117236618808901,-1.1117236618808901,20198096511.786667,1.8180368825032687,3.0
regir_entitygru_nomem,eval,fixed3,final@1000000,"[30, 30, 6]",1,300,qualified,2.3019584418351626,-2.3019584418351626,19417337061.546665,1.6220641119436672,3.0
regir_entitygru_nomem,eval,fixed3,final@1000000,"[30, 30, 6]",2,300,qualified,0.8027332990083783,-0.8027332990083783,19728345297.92,1.5316771800655018,3.0
regir_entitygru_nomem,eval,fixed3,final@1000000,"[30, 30, 9]",0,300,qualified,1.074924986516063,-1.074924986516063,20443247983.573334,1.8454376615585837,3.0
regir_entitygru_nomem,eval,fixed3,final@1000000,"[30, 30, 9]",1,300,qualified,2.8270842105976643,-2.8270842105976643,19569174410.24,1.6952611176902428,3.0
regir_entitygru_nomem,eval,fixed3,final@1000000,"[30, 30, 9]",2,300,qualified,1.11449443453001,-1.11449443453001,19847799971.626667,1.5646586413029582,3.0
regir_entitygru_nomem,eval,fixed3,final@1000000,"[30, 30, 12]",0,300,qualified,1.40293247530523,-1.40293247530523,20818689016.533333,1.9276828761183424,3.0
regir_entitygru_nomem,eval,fixed3,final@1000000,"[30, 30, 12]",1,300,qualified,3.7032277017003183,-3.7032277017003183,19493033993.81333,1.803654721841643,3.0
regir_entitygru_nomem,eval,fixed3,final@1000000,"[30, 30, 12]",2,300,qualified,1.188022210947629,-1.188022210947629,19915207297.066666,1.7027323085723522,3.0
regir_entitygru_nomem,eval,fixed3,final@1000000,"[40, 40, 2]",0,300,qualified,0.557801148023484,-0.557801148023484,25809543217.92,1.8616005475262258,3.0
regir_entitygru_nomem,eval,fixed3,final@1000000,"[40, 40, 2]",1,300,qualified,1.3326472333663706,-1.3326472333663706,24879342905.386665,1.7996088945091469,3.0
regir_entitygru_nomem,eval,fixed3,final@1000000,"[40, 40, 2]",2,300,qualified,0.3892162003150974,-0.3892162003150974,25386362494.08,1.617446863958224,3.0
regir_entitygru_nomem,eval,fixed3,final@1000000,"[50, 50, 2]",0,300,qualified,0.6706941469565936,-0.6706941469565936,31322934705.066666,2.133692997391918,3.0
regir_entitygru_nomem,eval,fixed3,final@1000000,"[50, 50, 2]",1,300,qualified,1.4680312395437303,-1.4680312395437303,29590387538.133335,2.0089197244978276,3.0
regir_entitygru_nomem,eval,fixed3,final@1000000,"[50, 50, 2]",2,300,qualified,0.3328470071187489,-0.3328470071187489,30788959943.466667,1.9222282305718787,3.0
regir_entitygru_nomem,eval,fixed4,final@1000000,"[4, 4, 2]",0,300,qualified,0.2931475606922766,-0.2931475606922766,5233688088.96,1.2294890181190568,4.0
regir_entitygru_nomem,eval,fixed4,final@1000000,"[4, 4, 2]",1,300,qualified,0.4440532871207528,-0.4440532871207528,5247299416.96,1.2768206342162254,4.0
regir_entitygru_nomem,eval,fixed4,final@1000000,"[4, 4, 2]",2,300,qualified,0.31386579993679864,-0.31386579993679864,5221518190.506667,1.094705902002946,4.0
regir_entitygru_nomem,eval,fixed4,final@1000000,"[5, 5, 2]",0,300,qualified,0.30804191447106194,-0.30804191447106194,6054494469.76,1.2566579949964458,4.0
regir_entitygru_nomem,eval,fixed4,final@1000000,"[5, 5, 2]",1,300,qualified,0.4769837673326447,-0.4769837673326447,5907324576.64,1.253877512861509,4.0
regir_entitygru_nomem,eval,fixed4,final@1000000,"[5, 5, 2]",2,300,qualified,0.30731713831877405,-0.30731713831877405,6071956357.333333,1.1374022117536515,4.0
regir_entitygru_nomem,eval,fixed4,final@1000000,"[6, 6, 2]",0,300,qualified,0.4090830224486803,-0.4090830224486803,6976295547.093333,1.3414798198151403,4.0
regir_entitygru_nomem,eval,fixed4,final@1000000,"[6, 6, 2]",1,300,qualified,0.48500035129528374,-0.48500035129528374,6760320898.773334,1.3034211180258233,4.0
regir_entitygru_nomem,eval,fixed4,final@1000000,"[6, 6, 2]",2,300,qualified,0.3675044056250674,-0.3675044056250674,6920388442.026667,1.2348123059000742,4.0
regir_entitygru_nomem,eval,fixed4,final@1000000,"[8, 8, 2]",0,300,qualified,0.36334763393255837,-0.36334763393255837,8501113903.36,1.2954944773082389,4.0
regir_entitygru_nomem,eval,fixed4,final@1000000,"[8, 8, 2]",1,300,qualified,0.5359082463209067,-0.5359082463209067,8432852012.586667,1.3969245959886272,4.0
regir_entitygru_nomem,eval,fixed4,final@1000000,"[8, 8, 2]",2,300,qualified,0.3179829943891273,-0.3179829943891273,8631067174.4,1.2363155754925295,4.0
regir_entitygru_nomem,eval,fixed4,final@1000000,"[10, 10, 2]",0,300,qualified,0.5554275853661286,-0.5554275853661286,10375551531.52,1.4317237289634068,4.0
regir_entitygru_nomem,eval,fixed4,final@1000000,"[10, 10, 2]",1,300,qualified,0.6609938273200285,-0.6609938273200285,9966495285.546667,1.5173193632425197,4.0
regir_entitygru_nomem,eval,fixed4,final@1000000,"[10, 10, 2]",2,300,qualified,0.35690794427966677,-0.35690794427966677,10099220128.64,1.293937092553242,4.0
regir_entitygru_nomem,eval,fixed4,final@1000000,"[10, 10, 3]",0,300,qualified,0.5646157348645512,-0.5646157348645512,10207709459.84,1.4840773832602039,4.0
regir_entitygru_nomem,eval,fixed4,final@1000000,"[10, 10, 3]",1,300,qualified,0.907081676653423,-0.907081676653423,10002219509.333334,1.4752129065136736,4.0
regir_entitygru_nomem,eval,fixed4,final@1000000,"[10, 10, 3]",2,300,qualified,0.5480119159311972,-0.5480119159311972,9968904606.506666,1.2904948522998407,4.0
regir_entitygru_nomem,eval,fixed4,final@1000000,"[10, 10, 4]",0,300,qualified,0.580171265880547,-0.580171265880547,10317446385.28,1.4429753415499968,4.0
regir_entitygru_nomem,eval,fixed4,final@1000000,"[10, 10, 4]",1,300,qualified,0.9499836287409147,-0.9499836287409147,9890109315.84,1.491403958449179,4.0
regir_entitygru_nomem,eval,fixed4,final@1000000,"[10, 10, 4]",2,300,qualified,0.6256435470101588,-0.6256435470101588,9995284401.493334,1.2932901349537618,4.0
regir_entitygru_nomem,eval,fixed4,final@1000000,"[10, 10, 6]",0,300,qualified,0.822397387006928,-0.822397387006928,10399430369.706667,1.4894060248997993,4.0
regir_entitygru_nomem,eval,fixed4,final@1000000,"[10, 10, 6]",1,300,qualified,1.324802018694938,-1.324802018694938,9872010530.346666,1.5139180760460051,4.0
regir_entitygru_nomem,eval,fixed4,final@1000000,"[10, 10, 6]",2,300,qualified,0.7832675056931087,-0.7832675056931087,10050308891.52,1.276014495814646,4.0
regir_entitygru_nomem,eval,fixed4,final@1000000,"[10, 10, 9]",0,300,qualified,1.168811638654341,-1.168811638654341,10689578612.053333,1.5963702532292032,4.0
regir_entitygru_nomem,eval,fixed4,final@1000000,"[10, 10, 9]",1,300,qualified,1.7123835370029536,-1.7123835370029536,9847283966.08,1.5295247299837258,4.0
regir_entitygru_nomem,eval,fixed4,final@1000000,"[10, 10, 9]",2,300,qualified,1.0954777895680674,-1.0954777895680674,10055601853.653334,1.2668209564889548,4.0
regir_entitygru_nomem,eval,fixed4,final@1000000,"[10, 10, 12]",0,300,qualified,2.1460304871658855,-2.1460304871658855,11117502834.56,1.6327022620129477,4.0
regir_entitygru_nomem,eval,fixed4,final@1000000,"[10, 10, 12]",1,300,qualified,1.9039847458742205,-1.9039847458742205,9891307165.226667,1.5067078676173695,4.0
regir_entitygru_nomem,eval,fixed4,final@1000000,"[10, 10, 12]",2,300,qualified,1.4530821545573211,-1.4530821545573211,10232123117.653334,1.2995753345950896,4.0
regir_entitygru_nomem,eval,fixed4,final@1000000,"[15, 15, 2]",0,300,qualified,0.579254740125395,-0.579254740125395,14128016634.88,1.4811635077292642,4.0
regir_entitygru_nomem,eval,fixed4,final@1000000,"[15, 15, 2]",1,300,qualified,0.8823404225651937,-0.8823404225651937,13926047484.16,1.6459851511511563,4.0
regir_entitygru_nomem,eval,fixed4,final@1000000,"[15, 15, 2]",2,300,qualified,0.41471875033739447,-0.41471875033739447,13957199877.333334,1.2598672137760636,4.0
regir_entitygru_nomem,eval,fixed4,final@1000000,"[15, 15, 4]",0,300,qualified,0.8013894106479704,-0.8013894106479704,14128178309.333334,1.5240574675583047,4.0
regir_entitygru_nomem,eval,fixed4,final@1000000,"[15, 15, 4]",1,300,qualified,1.327282919545804,-1.327282919545804,13729818492.586666,1.5842547501988398,4.0
regir_entitygru_nomem,eval,fixed4,final@1000000,"[15, 15, 4]",2,300,qualified,0.7773623391214588,-0.7773623391214588,13872380502.186666,1.2800020025208747,4.0
regir_entitygru_nomem,eval,fixed4,final@1000000,"[15, 15, 6]",0,300,qualified,0.973571073983694,-0.973571073983694,14445674238.08,1.6066960493907876,4.0
regir_entitygru_nomem,eval,fixed4,final@1000000,"[15, 15, 6]",1,300,qualified,1.6810801687798034,-1.6810801687798034,13907869381.546667,1.4847565619185723,4.0
regir_entitygru_nomem,eval,fixed4,final@1000000,"[15, 15, 6]",2,300,qualified,0.7547105198299702,-0.7547105198299702,13912955146.88,1.2705090647258719,4.0
regir_entitygru_nomem,eval,fixed4,final@1000000,"[20, 20, 2]",0,300,qualified,0.6385191767839116,-0.6385191767839116,18108041529.6,1.558699263211456,4.0
regir_entitygru_nomem,eval,fixed4,final@1000000,"[20, 20, 2]",1,300,qualified,1.0384786155613313,-1.0384786155613313,17631802832.0,1.6472140834049787,4.0
regir_entitygru_nomem,eval,fixed4,final@1000000,"[20, 20, 2]",2,300,qualified,0.4408830255792121,-0.4408830255792121,17708300400.853333,1.3408274379413343,4.0
regir_entitygru_nomem,eval,fixed4,final@1000000,"[20, 20, 4]",0,300,qualified,1.0243276160895087,-1.0243276160895087,18108655405.65333,1.6316097489973376,4.0
regir_entitygru_nomem,eval,fixed4,final@1000000,"[20, 20, 4]",1,300,qualified,1.681402273329071,-1.681402273329071,17555840013.013332,1.6298395330255153,4.0
regir_entitygru_nomem,eval,fixed4,final@1000000,"[20, 20, 4]",2,300,qualified,0.6711673837374259,-0.6711673837374259,17486774684.8,1.3514798174854756,4.0
regir_entitygru_nomem,eval,fixed4,final@1000000,"[20, 20, 6]",0,300,qualified,1.122899236192651,-1.122899236192651,18302778113.066666,1.648831148779136,4.0
regir_entitygru_nomem,eval,fixed4,final@1000000,"[20, 20, 6]",1,300,qualified,2.241724536279766,-2.241724536279766,17540140888.106667,1.6357073513107996,4.0
regir_entitygru_nomem,eval,fixed4,final@1000000,"[20, 20, 6]",2,300,qualified,0.9685823887279345,-0.9685823887279345,17577755563.306667,1.3672545990095628,4.0
regir_entitygru_nomem,eval,fixed4,final@1000000,"[25, 25, 2]",0,300,qualified,0.7224589961251565,-0.7224589961251565,21907095319.893333,1.744565085452632,4.0
regir_entitygru_nomem,eval,fixed4,final@1000000,"[25, 25, 2]",1,300,qualified,1.2286806447384002,-1.2286806447384002,21227677615.573334,1.72049489876333,4.0
regir_entitygru_nomem,eval,fixed4,final@1000000,"[25, 25, 2]",2,300,qualified,0.40350494760120925,-0.40350494760120925,21411863997.226665,1.4618700634226358,4.0
regir_entitygru_nomem,eval,fixed4,final@1000000,"[30, 30, 2]",0,300,qualified,0.7058452466148953,-0.7058452466148953,25923740345.173332,1.810887849732147,4.0
regir_entitygru_nomem,eval,fixed4,final@1000000,"[30, 30, 2]",1,300,qualified,1.4303070641214266,-1.4303070641214266,24608647199.146667,1.7504184213127398,4.0
regir_entitygru_nomem,eval,fixed4,final@1000000,"[30, 30, 2]",2,300,qualified,0.4958775125089917,-0.4958775125089917,25096096330.453335,1.5160984226450092,4.0
regir_entitygru_nomem,eval,fixed4,final@1000000,"[30, 30, 4]",0,300,qualified,1.0136170891789127,-1.0136170891789127,25615353309.866665,1.8699831730556131,4.0
regir_entitygru_nomem,eval,fixed4,final@1000000,"[30, 30, 4]",1,300,qualified,2.209789519183455,-2.209789519183455,24829709489.066666,1.7996857982699295,4.0
regir_entitygru_nomem,eval,fixed4,final@1000000,"[30, 30, 4]",2,300,qualified,0.7167405433162908,-0.7167405433162908,24601333941.546665,1.597918669031545,4.0
regir_entitygru_nomem,eval,fixed4,final@1000000,"[30, 30, 6]",0,300,qualified,1.1702177393285305,-1.1702177393285305,25797397493.97333,1.9196716556030635,4.0
regir_entitygru_nomem,eval,fixed4,final@1000000,"[30, 30, 6]",1,300,qualified,2.7190446981012513,-2.7190446981012513,24795416964.693333,1.8016989220294635,4.0
regir_entitygru_nomem,eval,fixed4,final@1000000,"[30, 30, 6]",2,300,qualified,0.9423710967343322,-0.9423710967343322,24993850408.32,1.6243911340008101,4.0
regir_entitygru_nomem,eval,fixed4,final@1000000,"[30, 30, 9]",0,300,qualified,1.2307102931262348,-1.2307102931262348,26196940183.04,1.956230820826216,4.0
regir_entitygru_nomem,eval,fixed4,final@1000000,"[30, 30, 9]",1,300,qualified,3.2269637855015527,-3.2269637855015527,25058941310.506668,1.8303507800926067,4.0
regir_entitygru_nomem,eval,fixed4,final@1000000,"[30, 30, 9]",2,300,qualified,0.9305135631305272,-0.9305135631305272,25158629007.573334,1.7141142125515034,4.0
regir_entitygru_nomem,eval,fixed4,final@1000000,"[30, 30, 12]",0,300,qualified,1.6428578640811566,-1.6428578640811566,26688761992.96,2.1126116904106067,4.0
regir_entitygru_nomem,eval,fixed4,final@1000000,"[30, 30, 12]",1,300,qualified,4.0154655789520985,-4.0154655789520985,24944495466.02667,1.906559921784598,4.0
regir_entitygru_nomem,eval,fixed4,final@1000000,"[30, 30, 12]",2,300,qualified,1.2688303242897139,-1.2688303242897139,25281356834.56,1.7514200327766594,4.0
regir_entitygru_nomem,eval,fixed4,final@1000000,"[40, 40, 2]",0,300,qualified,0.5471164218502185,-0.5471164218502185,33024118947.2,1.942896528580459,4.0
regir_entitygru_nomem,eval,fixed4,final@1000000,"[40, 40, 2]",1,300,qualified,1.398452261031884,-1.398452261031884,31656719194.88,1.9069974901804623,4.0
regir_entitygru_nomem,eval,fixed4,final@1000000,"[40, 40, 2]",2,300,qualified,0.39819404693235616,-0.39819404693235616,32085342690.986668,1.7649842840043128,4.0
regir_entitygru_nomem,eval,fixed4,final@1000000,"[50, 50, 2]",0,300,qualified,0.5404880054889821,-0.5404880054889821,40020875440.85333,2.183544444370782,4.0
regir_entitygru_nomem,eval,fixed4,final@1000000,"[50, 50, 2]",1,300,qualified,1.4750852839771684,-1.4750852839771684,37836579793.92,2.163359099275161,4.0
regir_entitygru_nomem,eval,fixed4,final@1000000,"[50, 50, 2]",2,300,qualified,0.33718661173451053,-0.33718661173451053,38778968537.17333,1.9775185141312734,4.0
regir_entitygru_nomem,mechanism,entity_gru_hidden_reset,final@1000000,"[4, 4, 2]",0,10,,0.8654581753717244,-0.8654581753717244,5981032486.4,2.69394875697908,4.0
regir_entitygru_nomem,mechanism,entity_gru_hidden_reset,final@1000000,"[4, 4, 2]",1,10,,1.1585241330231566,-1.1585241330231566,6270184377.6,2.3734884007833896,4.0
regir_entitygru_nomem,mechanism,entity_gru_hidden_reset,final@1000000,"[4, 4, 2]",2,10,,1.3302462085237432,-1.3302462085237432,7554071251.2,3.2459995555633214,4.0
regir_entitygru_nomem,mechanism,entity_gru_hidden_reset,final@1000000,"[10, 10, 3]",0,10,,2.1324724086384395,-2.1324724086384395,13077499526.4,2.9326644739543553,4.0
regir_entitygru_nomem,mechanism,entity_gru_hidden_reset,final@1000000,"[10, 10, 3]",1,10,,3.1030300407950415,-3.1030300407950415,14051703520.0,3.4107768644345926,4.0
regir_entitygru_nomem,mechanism,entity_gru_hidden_reset,final@1000000,"[10, 10, 3]",2,10,,2.9387934587328632,-2.9387934587328632,14640781536.0,4.048608988628257,4.0
regir_entitygru_nomem,mechanism,entity_gru_hidden_reset,final@1000000,"[10, 10, 12]",0,10,,6.404259967814324,-6.404259967814324,13648612665.6,4.2469210178591315,4.0
regir_entitygru_nomem,mechanism,entity_gru_hidden_reset,final@1000000,"[10, 10, 12]",1,10,,5.24511628027656,-5.24511628027656,12252553344.0,3.071940645261202,4.0
regir_entitygru_nomem,mechanism,entity_gru_hidden_reset,final@1000000,"[10, 10, 12]",2,10,,5.052114540593535,-5.052114540593535,13123759929.6,3.4612501054536553,4.0
regir_entitygru_nomem,mechanism,entity_gru_hidden_reset,final@1000000,"[30, 30, 2]",0,10,,3.306960140502371,-3.306960140502371,31353199731.2,4.446231088635978,4.0
regir_entitygru_nomem,mechanism,entity_gru_hidden_reset,final@1000000,"[30, 30, 2]",1,10,,5.4231779594207765,-5.4231779594207765,35793574534.4,5.366993405052926,4.0
regir_entitygru_nomem,mechanism,entity_gru_hidden_reset,final@1000000,"[30, 30, 2]",2,10,,6.041598744154289,-6.041598744154289,32292586841.6,4.245657323166961,4.0
regir_entitygru_nomem,mechanism,entity_gru_hidden_reset,final@1000000,"[30, 30, 12]",0,10,,8.404291837599747,-8.404291837599747,30793965875.2,4.695352149382233,4.0
regir_entitygru_nomem,mechanism,entity_gru_hidden_reset,final@1000000,"[30, 30, 12]",1,10,,9.749382618464782,-9.749382618464782,29836592518.4,3.969969495286932,4.0
regir_entitygru_nomem,mechanism,entity_gru_hidden_reset,final@1000000,"[30, 30, 12]",2,10,,8.734234973930793,-8.734234973930793,27530889126.4,3.6278714116662742,4.0
regir_entitygru_nomem,mechanism,entity_gru_hidden_reset,final@1000000,"[50, 50, 2]",0,10,,4.3645017417636165,-4.3645017417636165,42762826374.4,5.3490260404360015,4.0
regir_entitygru_nomem,mechanism,entity_gru_hidden_reset,final@1000000,"[50, 50, 2]",1,10,,6.25617717189917,-6.25617717189917,45704449900.8,4.341444379929453,4.0
regir_entitygru_nomem,mechanism,entity_gru_hidden_reset,final@1000000,"[50, 50, 2]",2,10,,7.204032909384319,-7.204032909384319,40334452563.2,5.277275577414548,4.0
regir_entitygru_nomem,mechanism,fixed1,final@1000000,"[4, 4, 2]",0,10,,0.4,-0.4,2812907027.2,1.6194374709797557,1.0
regir_entitygru_nomem,mechanism,fixed1,final@1000000,"[4, 4, 2]",1,10,,0.6,-0.6,3092970912.0,1.691050115507096,1.0
regir_entitygru_nomem,mechanism,fixed1,final@1000000,"[4, 4, 2]",2,10,,0.9,-0.9,3044635104.0,2.010347268200712,1.0
regir_entitygru_nomem,mechanism,fixed1,final@1000000,"[10, 10, 3]",0,10,,0.9886684815758456,-0.9886684815758456,5058263948.8,2.1118869262281805,1.0
regir_entitygru_nomem,mechanism,fixed1,final@1000000,"[10, 10, 3]",1,10,,1.5737153259832162,-1.5737153259832162,5380228640.0,2.3196687447023576,1.0
regir_entitygru_nomem,mechanism,fixed1,final@1000000,"[10, 10, 3]",2,10,,1.9200640570304877,-1.9200640570304877,5497773312.0,2.6871289645030627,1.0
regir_entitygru_nomem,mechanism,fixed1,final@1000000,"[10, 10, 12]",0,10,,3.1151154548591435,-3.1151154548591435,5270678918.4,2.678516381315421,1.0
regir_entitygru_nomem,mechanism,fixed1,final@1000000,"[10, 10, 12]",1,10,,2.8255675995507206,-2.8255675995507206,4791924563.2,2.556718318030471,1.0
regir_entitygru_nomem,mechanism,fixed1,final@1000000,"[10, 10, 12]",2,10,,5.0334348042589925,-5.0334348042589925,5255076979.2,3.1986434823833405,1.0
regir_entitygru_nomem,mechanism,fixed1,final@1000000,"[30, 30, 2]",0,10,,1.6,-1.6,11150359168.0,2.5479903257626573,1.0
regir_entitygru_nomem,mechanism,fixed1,final@1000000,"[30, 30, 2]",1,10,,2.741598744154289,-2.741598744154289,10871941907.2,3.527611497254111,1.0
regir_entitygru_nomem,mechanism,fixed1,final@1000000,"[30, 30, 2]",2,10,,3.53932479232273,-3.53932479232273,10907152588.8,3.039259678963572,1.0
regir_entitygru_nomem,mechanism,fixed1,final@1000000,"[30, 30, 12]",0,10,,5.583631103108734,-5.583631103108734,10912763052.8,3.47815698053455,1.0
regir_entitygru_nomem,mechanism,fixed1,final@1000000,"[30, 30, 12]",1,10,,5.952286955011415,-5.952286955011415,10430096672.0,2.8523862271453253,1.0
regir_entitygru_nomem,mechanism,fixed1,final@1000000,"[30, 30, 12]",2,10,,6.69368909908824,-6.69368909908824,10566433651.2,3.017458772752434,1.0
regir_entitygru_nomem,mechanism,fixed1,final@1000000,"[50, 50, 2]",0,10,,2.374309345267186,-2.374309345267186,15591603276.8,4.26428896797006,1.0
regir_entitygru_nomem,mechanism,fixed1,final@1000000,"[50, 50, 2]",1,10,,3.842958164401151,-3.842958164401151,16682896032.0,4.198914162552683,1.0
regir_entitygru_nomem,mechanism,fixed1,final@1000000,"[50, 50, 2]",2,10,,6.0003620979407755,-6.0003620979407755,15280576883.2,4.1075201519124676,1.0
regir_entitygru_nomem,mechanism,fixed2,final@1000000,"[4, 4, 2]",0,10,,0.0,-0.0,3284784083.2,1.772116241644835,2.0
regir_entitygru_nomem,mechanism,fixed2,final@1000000,"[4, 4, 2]",1,10,,0.2,-0.2,3060195603.2,1.347580708283931,2.0
regir_entitygru_nomem,mechanism,fixed2,final@1000000,"[4, 4, 2]",2,10,,0.5270170501515921,-0.5270170501515921,3776916480.0,1.9503509215952364,2.0
regir_entitygru_nomem,mechanism,fixed2,final@1000000,"[10, 10, 3]",0,10,,0.3,-0.3,6630988691.2,2.3750437691109254,2.0
regir_entitygru_nomem,mechanism,fixed2,final@1000000,"[10, 10, 3]",1,10,,0.5175565673348871,-0.5175565673348871,6612422860.8,1.713949663832318,2.0
regir_entitygru_nomem,mechanism,fixed2,final@1000000,"[10, 10, 3]",2,10,,0.26210923465742153,-0.26210923465742153,6694782470.4,1.9608736911264715,2.0
regir_entitygru_nomem,mechanism,fixed2,final@1000000,"[10, 10, 12]",0,10,,0.142981804844941,-0.142981804844941,7293958585.6,2.435220982984174,2.0
regir_entitygru_nomem,mechanism,fixed2,final@1000000,"[10, 10, 12]",1,10,,1.5495672248446508,-1.5495672248446508,6355705990.4,2.6321522834245115,2.0
regir_entitygru_nomem,mechanism,fixed2,final@1000000,"[10, 10, 12]",2,10,,0.8138360222528473,-0.8138360222528473,6642388992.0,2.89613967014011,2.0
regir_entitygru_nomem,mechanism,fixed2,final@1000000,"[30, 30, 2]",0,10,,0.5,-0.5,15922115507.2,2.9486453125136904,2.0
regir_entitygru_nomem,mechanism,fixed2,final@1000000,"[30, 30, 2]",1,10,,1.0,-1.0,16078585689.6,3.476229574129684,2.0
regir_entitygru_nomem,mechanism,fixed2,final@1000000,"[30, 30, 2]",2,10,,0.7,-0.7,14997346720.0,2.2980190756730736,2.0
regir_entitygru_nomem,mechanism,fixed2,final@1000000,"[30, 30, 12]",0,10,,0.35411332850669686,-0.35411332850669686,16156220780.8,2.585847012972226,2.0
regir_entitygru_nomem,mechanism,fixed2,final@1000000,"[30, 30, 12]",1,10,,1.2013747679218596,-1.2013747679218596,14666056275.2,2.5002147728810087,2.0
regir_entitygru_nomem,mechanism,fixed2,final@1000000,"[30, 30, 12]",2,10,,0.5350095793834838,-0.5350095793834838,15441583411.2,2.3033920847810805,2.0
regir_entitygru_nomem,mechanism,fixed2,final@1000000,"[50, 50, 2]",0,10,,0.8,-0.8,22909198515.2,3.042084434069693,2.0
regir_entitygru_nomem,mechanism,fixed2,final@1000000,"[50, 50, 2]",1,10,,1.1,-1.1,21671842112.0,3.4827284701168537,2.0
regir_entitygru_nomem,mechanism,fixed2,final@1000000,"[50, 50, 2]",2,10,,0.6,-0.6,21956841606.4,3.631490361766191,2.0
regir_entitygru_nomem,mechanism,fixed3,final@1000000,"[4, 4, 2]",0,10,,0.30318722196637626,-0.30318722196637626,4104635987.2,1.6086812095425558,3.0
regir_entitygru_nomem,mechanism,fixed3,final@1000000,"[4, 4, 2]",1,10,,0.3,-0.3,4213579552.0,1.7138544460758567,3.0
regir_entitygru_nomem,mechanism,fixed3,final@1000000,"[4, 4, 2]",2,10,,0.3,-0.3,4515304908.8,1.7445768668258097,3.0
regir_entitygru_nomem,mechanism,fixed3,final@1000000,"[10, 10, 3]",0,10,,0.31558151637269577,-0.31558151637269577,8053908979.2,1.9181259094446432,3.0
regir_entitygru_nomem,mechanism,fixed3,final@1000000,"[10, 10, 3]",1,10,,0.8804774720831726,-0.8804774720831726,8505499027.2,2.2054930036363656,3.0
regir_entitygru_nomem,mechanism,fixed3,final@1000000,"[10, 10, 3]",2,10,,0.1,-0.1,8314982368.0,2.347246910270769,3.0
regir_entitygru_nomem,mechanism,fixed3,final@1000000,"[10, 10, 12]",0,10,,1.5216658539367105,-1.5216658539367105,9429400288.0,2.9834456545242576,3.0
regir_entitygru_nomem,mechanism,fixed3,final@1000000,"[10, 10, 12]",1,10,,2.676777234149123,-2.676777234149123,8635481612.8,2.9850246974732726,3.0
regir_entitygru_nomem,mechanism,fixed3,final@1000000,"[10, 10, 12]",2,10,,0.8818018780050786,-0.8818018780050786,8804486745.6,2.7756983455852606,3.0
regir_entitygru_nomem,mechanism,fixed3,final@1000000,"[30, 30, 2]",0,10,,0.3,-0.3,21306912121.6,3.4696117774117736,3.0
regir_entitygru_nomem,mechanism,fixed3,final@1000000,"[30, 30, 2]",1,10,,0.949239992770516,-0.949239992770516,20838446764.8,3.9683132317557464,3.0
regir_entitygru_nomem,mechanism,fixed3,final@1000000,"[30, 30, 2]",2,10,,0.5,-0.5,20897497510.4,3.0565548625774683,3.0
regir_entitygru_nomem,mechanism,fixed3,final@1000000,"[30, 30, 12]",0,10,,0.43037620450382125,-0.43037620450382125,21449924160.0,2.951134213025216,3.0
regir_entitygru_nomem,mechanism,fixed3,final@1000000,"[30, 30, 12]",1,10,,1.5221063193794535,-1.5221063193794535,19787724364.8,3.2330508436250964,3.0
regir_entitygru_nomem,mechanism,fixed3,final@1000000,"[30, 30, 12]",2,10,,0.4596063563660096,-0.4596063563660096,20583868032.0,2.1420554614625873,3.0
regir_entitygru_nomem,mechanism,fixed3,final@1000000,"[50, 50, 2]",0,10,,0.2,-0.2,31220180947.2,2.811765590583673,3.0
regir_entitygru_nomem,mechanism,fixed3,final@1000000,"[50, 50, 2]",1,10,,2.47219847246071,-2.47219847246071,31812752832.0,5.804176334553631,3.0
regir_entitygru_nomem,mechanism,fixed3,final@1000000,"[50, 50, 2]",2,10,,0.4,-0.4,30085448556.8,3.0641823860874866,3.0
regir_entitygru_nomem,mechanism,fixed4,final@1000000,"[4, 4, 2]",0,10,,0.3,-0.3,4929807571.2,1.7810692377446684,4.0
regir_entitygru_nomem,mechanism,fixed4,final@1000000,"[4, 4, 2]",1,10,,0.2,-0.2,4565903238.4,1.811361611261964,4.0
regir_entitygru_nomem,mechanism,fixed4,final@1000000,"[4, 4, 2]",2,10,,0.4,-0.4,5103689747.2,1.542270708689466,4.0
regir_entitygru_nomem,mechanism,fixed4,final@1000000,"[10, 10, 3]",0,10,,0.3291203868092941,-0.3291203868092941,10553943404.8,2.838481324992608,4.0
regir_entitygru_nomem,mechanism,fixed4,final@1000000,"[10, 10, 3]",1,10,,1.1392731904744877,-1.1392731904744877,10976460198.4,2.9053508821467404,4.0
regir_entitygru_nomem,mechanism,fixed4,final@1000000,"[10, 10, 3]",2,10,,0.2,-0.2,10605511174.4,2.6158199277415406,4.0
regir_entitygru_nomem,mechanism,fixed4,final@1000000,"[10, 10, 12]",0,10,,1.4678141159734395,-1.4678141159734395,12114433600.0,4.245757637906354,4.0
regir_entitygru_nomem,mechanism,fixed4,final@1000000,"[10, 10, 12]",1,10,,1.6009882575395786,-1.6009882575395786,10063137145.6,2.956645040458534,4.0
regir_entitygru_nomem,mechanism,fixed4,final@1000000,"[10, 10, 12]",2,10,,1.0501958155545288,-1.0501958155545288,10993567097.6,3.2116299413144587,4.0
regir_entitygru_nomem,mechanism,fixed4,final@1000000,"[30, 30, 2]",0,10,,0.7692600671742094,-0.7692600671742094,27318925478.4,4.057435062824515,4.0
regir_entitygru_nomem,mechanism,fixed4,final@1000000,"[30, 30, 2]",1,10,,1.620724270396779,-1.620724270396779,26899062368.0,4.835411371855298,4.0
regir_entitygru_nomem,mechanism,fixed4,final@1000000,"[30, 30, 2]",2,10,,0.2,-0.2,24870347500.8,2.91899677614565,4.0
regir_entitygru_nomem,mechanism,fixed4,final@1000000,"[30, 30, 12]",0,10,,0.5222628166982971,-0.5222628166982971,26747063302.4,3.305554486758774,4.0
regir_entitygru_nomem,mechanism,fixed4,final@1000000,"[30, 30, 12]",1,10,,2.446651149852337,-2.446651149852337,25244996876.8,3.0015137368580325,4.0
regir_entitygru_nomem,mechanism,fixed4,final@1000000,"[30, 30, 12]",2,10,,1.2540876406632702,-1.2540876406632702,25947875724.8,2.36551798786968,4.0
regir_entitygru_nomem,mechanism,fixed4,final@1000000,"[50, 50, 2]",0,10,,0.3,-0.3,41787873344.0,4.205641366925557,4.0
regir_entitygru_nomem,mechanism,fixed4,final@1000000,"[50, 50, 2]",1,10,,2.9,-2.9,39739100262.4,4.385076147486688,4.0
regir_entitygru_nomem,mechanism,fixed4,final@1000000,"[50, 50, 2]",2,10,,0.3,-0.3,38341739379.2,3.5925173798401375,4.0
regir_entitygru_nomem,select,adaptive,final@1000000,"[4, 4, 2]",0,100,,0.16639734555668684,-0.16639734555668684,3999064606.72,2.5069217564351858,2.598146312679979
regir_entitygru_nomem,select,adaptive,final@1000000,"[4, 4, 2]",1,100,,0.6000162493905271,-0.6000162493905271,4100200977.28,2.515284676346928,2.529648927946953
regir_entitygru_nomem,select,adaptive,final@1000000,"[4, 4, 2]",2,100,,0.2766386176895218,-0.2766386176895218,3946763479.68,2.4577516569616273,2.5020837877695477
regir_entitygru_nomem,select,adaptive,final@1000000,"[6, 6, 2]",0,100,,0.4117567788347241,-0.4117567788347241,5457185706.24,2.780504150451161,2.628910651035543
regir_entitygru_nomem,select,adaptive,final@1000000,"[6, 6, 2]",1,100,,0.4894294819059289,-0.4894294819059289,5057466899.84,2.611355068972334,2.5432017649890613
regir_entitygru_nomem,select,adaptive,final@1000000,"[6, 6, 2]",2,100,,0.4023019177979398,-0.4023019177979398,5259273217.28,2.7519372143689544,2.5160477284616665
regir_entitygru_nomem,select,adaptive,final@1000000,"[8, 8, 2]",0,100,,0.3441727634876956,-0.3441727634876956,6460409438.08,2.580407527112402,2.61503834075977
regir_entitygru_nomem,select,adaptive,final@1000000,"[8, 8, 2]",1,100,,0.5765268977442068,-0.5765268977442068,6131280347.52,2.5348065644688904,2.528168516821947
regir_entitygru_nomem,select,adaptive,final@1000000,"[8, 8, 2]",2,100,,0.4997096196668696,-0.4997096196668696,6255613343.36,2.554408367583528,2.5363070045322145
regir_entitygru_nomem,select,adaptive,final@1000000,"[10, 10, 3]",0,100,,0.568276455101158,-0.568276455101158,7613820722.56,2.869544856129214,2.6363530636350574
regir_entitygru_nomem,select,adaptive,final@1000000,"[10, 10, 3]",1,100,,0.8069313782599344,-0.8069313782599344,7214385277.44,2.9203741069324316,2.559537863943718
regir_entitygru_nomem,select,adaptive,final@1000000,"[10, 10, 3]",2,100,,0.5850424500674538,-0.5850424500674538,7295577777.92,2.8102202534489336,2.5461911053872988
regir_entitygru_nomem,select,fixed1,final@1000000,"[4, 4, 2]",0,100,,0.6189781001500313,-0.6189781001500313,2973606701.44,2.370715402876958,1.0
regir_entitygru_nomem,select,fixed1,final@1000000,"[4, 4, 2]",1,100,,0.6882137675054838,-0.6882137675054838,2934832519.68,2.3377672348730267,1.0
regir_entitygru_nomem,select,fixed1,final@1000000,"[4, 4, 2]",2,100,,0.9305898211107999,-0.9305898211107999,3226201917.44,2.555911744986661,1.0
regir_entitygru_nomem,select,fixed1,final@1000000,"[6, 6, 2]",0,100,,0.7775787349634754,-0.7775787349634754,3843029281.28,2.5492293035285547,1.0
regir_entitygru_nomem,select,fixed1,final@1000000,"[6, 6, 2]",1,100,,1.0331920899720952,-1.0331920899720952,3727041487.36,2.690118467933498,1.0
regir_entitygru_nomem,select,fixed1,final@1000000,"[6, 6, 2]",2,100,,1.4428222208792592,-1.4428222208792592,3953016613.76,2.7815278719877825,1.0
regir_entitygru_nomem,select,fixed1,final@1000000,"[8, 8, 2]",0,100,,1.0318637960762902,-1.0318637960762902,4431861354.88,2.431511485213414,1.0
regir_entitygru_nomem,select,fixed1,final@1000000,"[8, 8, 2]",1,100,,1.1615471834221855,-1.1615471834221855,4179896845.44,2.413564476687461,1.0
regir_entitygru_nomem,select,fixed1,final@1000000,"[8, 8, 2]",2,100,,1.570928403755207,-1.570928403755207,4705223846.4,2.669582694801502,1.0
regir_entitygru_nomem,select,fixed1,final@1000000,"[10, 10, 3]",0,100,,1.4233381768931574,-1.4233381768931574,4983102087.04,2.7872690019011497,1.0
regir_entitygru_nomem,select,fixed1,final@1000000,"[10, 10, 3]",1,100,,1.5726733074782508,-1.5726733074782508,4806739160.96,2.7356274147285147,1.0
regir_entitygru_nomem,select,fixed1,final@1000000,"[10, 10, 3]",2,100,,2.534166593053503,-2.534166593053503,5107439593.6,2.8891477340878917,1.0
regir_entitygru_nomem,select,fixed2,final@1000000,"[4, 4, 2]",0,100,,0.2124343334285366,-0.2124343334285366,3586366049.28,2.3266592484107242,2.0
regir_entitygru_nomem,select,fixed2,final@1000000,"[4, 4, 2]",1,100,,0.5395032109399152,-0.5395032109399152,3619989596.16,2.260773023692891,2.0
regir_entitygru_nomem,select,fixed2,final@1000000,"[4, 4, 2]",2,100,,0.3344706654508382,-0.3344706654508382,3578182688.64,2.2949743004934864,2.0
regir_entitygru_nomem,select,fixed2,final@1000000,"[6, 6, 2]",0,100,,0.25244899066023285,-0.25244899066023285,4651830125.44,2.445928515382111,2.0
regir_entitygru_nomem,select,fixed2,final@1000000,"[6, 6, 2]",1,100,,0.43394296026265605,-0.43394296026265605,4494307788.16,2.384644388356246,2.0
regir_entitygru_nomem,select,fixed2,final@1000000,"[6, 6, 2]",2,100,,0.45995155053780523,-0.45995155053780523,4751379784.96,2.4883452953305096,2.0
regir_entitygru_nomem,select,fixed2,final@1000000,"[8, 8, 2]",0,100,,0.2852886777604719,-0.2852886777604719,5517345729.28,2.2988415937684477,2.0
regir_entitygru_nomem,select,fixed2,final@1000000,"[8, 8, 2]",1,100,,0.5362319034655999,-0.5362319034655999,5331096191.36,2.2543477789405735,2.0
regir_entitygru_nomem,select,fixed2,final@1000000,"[8, 8, 2]",2,100,,0.45437438494603133,-0.45437438494603133,5497758293.76,2.282459006598219,2.0
regir_entitygru_nomem,select,fixed2,final@1000000,"[10, 10, 3]",0,100,,0.418798946953164,-0.418798946953164,6499087015.68,2.5720410660794006,2.0
regir_entitygru_nomem,select,fixed2,final@1000000,"[10, 10, 3]",1,100,,1.0452051299898815,-1.0452051299898815,6341163875.84,2.6788045516656713,2.0
regir_entitygru_nomem,select,fixed2,final@1000000,"[10, 10, 3]",2,100,,0.6780343602765143,-0.6780343602765143,6425791420.8,2.5467562688700855,2.0
regir_entitygru_nomem,select,fixed3,final@1000000,"[4, 4, 2]",0,100,,0.22815875405475872,-0.22815875405475872,4340857731.84,2.403859126851894,3.0
regir_entitygru_nomem,select,fixed3,final@1000000,"[4, 4, 2]",1,100,,0.570514341739238,-0.570514341739238,4448808770.56,2.4402430336596446,3.0
regir_entitygru_nomem,select,fixed3,final@1000000,"[4, 4, 2]",2,100,,0.21921908067738458,-0.21921908067738458,4374721473.92,2.402359301508404,3.0
regir_entitygru_nomem,select,fixed3,final@1000000,"[6, 6, 2]",0,100,,0.49628178010387736,-0.49628178010387736,5891982288.64,2.6785446517867966,3.0
regir_entitygru_nomem,select,fixed3,final@1000000,"[6, 6, 2]",1,100,,0.395859072491148,-0.395859072491148,5532018920.96,2.4771214385563507,3.0
regir_entitygru_nomem,select,fixed3,final@1000000,"[6, 6, 2]",2,100,,0.38835009382695884,-0.38835009382695884,5859379111.04,2.579720690860413,3.0
regir_entitygru_nomem,select,fixed3,final@1000000,"[8, 8, 2]",0,100,,0.4385989031172339,-0.4385989031172339,6969935974.4,2.4016662295581774,3.0
regir_entitygru_nomem,select,fixed3,final@1000000,"[8, 8, 2]",1,100,,0.6047971422911838,-0.6047971422911838,6901990860.8,2.4469918661145496,3.0
regir_entitygru_nomem,select,fixed3,final@1000000,"[8, 8, 2]",2,100,,0.45331682590918604,-0.45331682590918604,7028066321.92,2.445094501040876,3.0
regir_entitygru_nomem,select,fixed3,final@1000000,"[10, 10, 3]",0,100,,0.6030780248809521,-0.6030780248809521,8329874927.36,2.773529839976691,3.0
regir_entitygru_nomem,select,fixed3,final@1000000,"[10, 10, 3]",1,100,,1.0295070438600618,-1.0295070438600618,8102539849.6,2.681095980624668,3.0
regir_entitygru_nomem,select,fixed3,final@1000000,"[10, 10, 3]",2,100,,0.6403818038969864,-0.6403818038969864,8213297232.0,2.6903334431210535,3.0
regir_entitygru_nomem,select,fixed4,final@1000000,"[4, 4, 2]",0,100,,0.2508977282014557,-0.2508977282014557,5163918552.32,2.573154679890722,4.0
regir_entitygru_nomem,select,fixed4,final@1000000,"[4, 4, 2]",1,100,,0.6626857417145958,-0.6626857417145958,5436755166.08,2.6635908533772454,4.0
regir_entitygru_nomem,select,fixed4,final@1000000,"[4, 4, 2]",2,100,,0.2603726803253039,-0.2603726803253039,5238069836.8,2.5436109146568926,4.0
regir_entitygru_nomem,select,fixed4,final@1000000,"[6, 6, 2]",0,100,,0.5270884340107851,-0.5270884340107851,7074700118.4,2.8350850280933084,4.0
regir_entitygru_nomem,select,fixed4,final@1000000,"[6, 6, 2]",1,100,,0.40674928732291554,-0.40674928732291554,6762410832.64,2.6729984012432397,4.0
regir_entitygru_nomem,select,fixed4,final@1000000,"[6, 6, 2]",2,100,,0.25287314205173617,-0.25287314205173617,6943105223.04,2.6879221810912712,4.0
regir_entitygru_nomem,select,fixed4,final@1000000,"[8, 8, 2]",0,100,,0.42878514796771167,-0.42878514796771167,8655557681.92,2.61959257976152,4.0
regir_entitygru_nomem,select,fixed4,final@1000000,"[8, 8, 2]",1,100,,0.6328975127840785,-0.6328975127840785,8428952490.24,2.542268238547258,4.0
regir_entitygru_nomem,select,fixed4,final@1000000,"[8, 8, 2]",2,100,,0.47241161004057386,-0.47241161004057386,8693051027.84,2.660174999576993,4.0
regir_entitygru_nomem,select,fixed4,final@1000000,"[10, 10, 3]",0,100,,0.7773568568009154,-0.7773568568009154,10507102068.48,3.0545361970877276,4.0
regir_entitygru_nomem,select,fixed4,final@1000000,"[10, 10, 3]",1,100,,0.9805980828756727,-0.9805980828756727,9915089832.96,2.8573670131247493,4.0
regir_entitygru_nomem,select,fixed4,final@1000000,"[10, 10, 3]",2,100,,0.6624703900941474,-0.6624703900941474,10029465187.2,2.938641328387894,4.0
regir_entitygru_nomem,select,random,final@1000000,"[4, 4, 2]",0,100,,0.17257509511706084,-0.17257509511706084,3988894401.92,2.394207837590948,2.5959056007520993
regir_entitygru_nomem,select,random,final@1000000,"[4, 4, 2]",1,100,,0.5895390933805402,-0.5895390933805402,4123078726.4,2.470085901399143,2.592118922189968
regir_entitygru_nomem,select,random,final@1000000,"[4, 4, 2]",2,100,,0.24761920679240534,-0.24761920679240534,3993200789.76,2.399393396503292,2.595389484091373
regir_entitygru_nomem,select,random,final@1000000,"[6, 6, 2]",0,100,,0.3459946428980531,-0.3459946428980531,5352976476.16,2.6556474620336665,2.594910134581088
regir_entitygru_nomem,select,random,final@1000000,"[6, 6, 2]",1,100,,0.3975090903786109,-0.3975090903786109,5034640704.0,2.541250734240748,2.5933196644443104
regir_entitygru_nomem,select,random,final@1000000,"[6, 6, 2]",2,100,,0.3427702400925588,-0.3427702400925588,5355479831.68,2.6718805334949867,2.5872876932574673
regir_entitygru_nomem,select,random,final@1000000,"[8, 8, 2]",0,100,,0.31136875631238303,-0.31136875631238303,6479298740.48,2.5022434427402915,2.601237553123992
regir_entitygru_nomem,select,random,final@1000000,"[8, 8, 2]",1,100,,0.5970722325281832,-0.5970722325281832,6216192362.24,2.45740305326879,2.5906703552781605
regir_entitygru_nomem,select,random,final@1000000,"[8, 8, 2]",2,100,,0.5160394416511211,-0.5160394416511211,6420066176.64,2.491682561319321,2.590340645931364
regir_entitygru_nomem,select,random,final@1000000,"[10, 10, 3]",0,100,,0.5500409227567205,-0.5500409227567205,7527977632.64,2.666063790698536,2.594696305950609
regir_entitygru_nomem,select,random,final@1000000,"[10, 10, 3]",1,100,,0.8631027861155427,-0.8631027861155427,7320650865.28,2.7004178631398825,2.597603773177904
regir_entitygru_nomem,select,random,final@1000000,"[10, 10, 3]",2,100,,0.5828656355007483,-0.5828656355007483,7437439373.44,2.8114589883713053,2.592656608070959
regir_loop_nomem,adaptive,adaptive,final@1000000,"[4, 4, 2]",0,300,qualified,0.24686038463863832,-0.24686038463863832,2933843035.52,3.2345117843709885,2.3702067580619146
regir_loop_nomem,adaptive,adaptive,final@1000000,"[4, 4, 2]",1,300,qualified,0.24996492438347334,-0.24996492438347334,2991902366.72,3.3816802829597146,2.417314801145264
regir_loop_nomem,adaptive,adaptive,final@1000000,"[4, 4, 2]",2,300,qualified,0.3021917226882901,-0.3021917226882901,2985117882.24,2.9179657852098657,2.3712768298645606
regir_loop_nomem,adaptive,adaptive,final@1000000,"[5, 5, 2]",0,300,qualified,0.3344384544748165,-0.3344384544748165,3349199965.653333,3.53221358013805,2.3627908911974234
regir_loop_nomem,adaptive,adaptive,final@1000000,"[5, 5, 2]",1,300,qualified,0.2408271498361321,-0.2408271498361321,3334280876.16,3.6402218707154193,2.411999382306567
regir_loop_nomem,adaptive,adaptive,final@1000000,"[5, 5, 2]",2,300,qualified,0.44297928922216867,-0.44297928922216867,3446658155.306667,3.345781658901639,2.369793585631826
regir_loop_nomem,adaptive,adaptive,final@1000000,"[6, 6, 2]",0,300,qualified,0.4098333916953179,-0.4098333916953179,3767413709.44,3.8301482079628233,2.3677014814868613
regir_loop_nomem,adaptive,adaptive,final@1000000,"[6, 6, 2]",1,300,qualified,0.23119712872810272,-0.23119712872810272,3752896948.693333,3.801126241139136,2.408086010882015
regir_loop_nomem,adaptive,adaptive,final@1000000,"[6, 6, 2]",2,300,qualified,0.5128795017547723,-0.5128795017547723,3852894177.7066665,3.4991055330216962,2.36716900999825
regir_loop_nomem,adaptive,adaptive,final@1000000,"[8, 8, 2]",0,300,qualified,0.42516151719311857,-0.42516151719311857,4531596118.613334,4.319020720335344,2.3630288431809143
regir_loop_nomem,adaptive,adaptive,final@1000000,"[8, 8, 2]",1,300,qualified,0.28327204486116436,-0.28327204486116436,4572622026.88,4.320055763723018,2.4095130774437337
regir_loop_nomem,adaptive,adaptive,final@1000000,"[8, 8, 2]",2,300,qualified,0.7832207992901724,-0.7832207992901724,4703694726.4,3.8557927857508183,2.367222912761074
regir_loop_nomem,adaptive,adaptive,final@1000000,"[10, 10, 2]",0,300,qualified,0.6571651432310066,-0.6571651432310066,5292534525.226666,4.302292609942767,2.3601645900586052
regir_loop_nomem,adaptive,adaptive,final@1000000,"[10, 10, 2]",1,300,qualified,0.3678879177802743,-0.3678879177802743,5341674020.266666,4.5388770879510165,2.420735617224277
regir_loop_nomem,adaptive,adaptive,final@1000000,"[10, 10, 2]",2,300,qualified,0.9172150264219134,-0.9172150264219134,5479436065.28,4.060847029186553,2.366770159292688
regir_loop_nomem,adaptive,adaptive,final@1000000,"[10, 10, 3]",0,300,qualified,0.7835057600282848,-0.7835057600282848,5279060484.053333,4.51084168047489,2.3570311320093427
regir_loop_nomem,adaptive,adaptive,final@1000000,"[10, 10, 3]",1,300,qualified,0.4290858645396602,-0.4290858645396602,5275689311.146667,4.121482787101219,2.4145068735649855
regir_loop_nomem,adaptive,adaptive,final@1000000,"[10, 10, 3]",2,300,qualified,1.0604985003814367,-1.0604985003814367,5525490061.866667,4.003609543840673,2.365301845642161
regir_loop_nomem,adaptive,adaptive,final@1000000,"[10, 10, 4]",0,300,qualified,0.841118082827494,-0.841118082827494,5340606736.426666,4.488260847247827,2.36483431059668
regir_loop_nomem,adaptive,adaptive,final@1000000,"[10, 10, 4]",1,300,qualified,0.45375229246525123,-0.45375229246525123,5251823161.386666,4.283573766468714,2.4205232862757557
regir_loop_nomem,adaptive,adaptive,final@1000000,"[10, 10, 4]",2,300,qualified,1.2044435454580162,-1.2044435454580162,5435284638.506667,4.017193599807797,2.366775117598333
regir_loop_nomem,adaptive,adaptive,final@1000000,"[10, 10, 6]",0,300,qualified,0.9896398408793752,-0.9896398408793752,5230736266.026667,4.49000068289383,2.363880365880465
regir_loop_nomem,adaptive,adaptive,final@1000000,"[10, 10, 6]",1,300,qualified,0.5968703256321773,-0.5968703256321773,5230314952.746667,3.991656748869767,2.423176782329192
regir_loop_nomem,adaptive,adaptive,final@1000000,"[10, 10, 6]",2,300,qualified,1.5692692306931775,-1.5692692306931775,5390326174.293333,3.776659304391748,2.366574561006938
regir_loop_nomem,adaptive,adaptive,final@1000000,"[10, 10, 9]",0,300,qualified,1.5897492616914968,-1.5897492616914968,5292547250.346666,4.4034641984151675,2.370867748448483
regir_loop_nomem,adaptive,adaptive,final@1000000,"[10, 10, 9]",1,300,qualified,0.6989898300042068,-0.6989898300042068,5162703513.173333,3.686598956376935,2.4291855604471007
regir_loop_nomem,adaptive,adaptive,final@1000000,"[10, 10, 9]",2,300,qualified,2.2035549136731087,-2.2035549136731087,5447886778.026667,3.8275311631377553,2.377364443081147
regir_loop_nomem,adaptive,adaptive,final@1000000,"[10, 10, 12]",0,300,qualified,2.0470465501750708,-2.0470465501750708,5430779224.32,4.762301434250548,2.378100695716709
regir_loop_nomem,adaptive,adaptive,final@1000000,"[10, 10, 12]",1,300,qualified,0.921635496830867,-0.921635496830867,5206886681.8133335,3.742529992953253,2.4434798541347424
regir_loop_nomem,adaptive,adaptive,final@1000000,"[10, 10, 12]",2,300,qualified,2.7582364488555635,-2.7582364488555635,5407861375.573334,3.846265904356454,2.3788452767317394
regir_loop_nomem,adaptive,adaptive,final@1000000,"[15, 15, 2]",0,300,qualified,0.8589781334325813,-0.8589781334325813,7153524770.773334,4.862037733085454,2.365457403711488
regir_loop_nomem,adaptive,adaptive,final@1000000,"[15, 15, 2]",1,300,qualified,0.35408198789646306,-0.35408198789646306,7298088593.706667,4.612160965769241,2.42754929662734
regir_loop_nomem,adaptive,adaptive,final@1000000,"[15, 15, 2]",2,300,qualified,1.1968897100224978,-1.1968897100224978,7238927392.853333,4.000184349224243,2.364218114068775
regir_loop_nomem,adaptive,adaptive,final@1000000,"[15, 15, 4]",0,300,qualified,1.078700130486751,-1.078700130486751,7059821910.4,4.910346555237969,2.359659607228879
regir_loop_nomem,adaptive,adaptive,final@1000000,"[15, 15, 4]",1,300,qualified,0.5422570945522742,-0.5422570945522742,7143466201.173333,4.3451638121701155,2.4224221116581477
regir_loop_nomem,adaptive,adaptive,final@1000000,"[15, 15, 4]",2,300,qualified,1.7090577831460299,-1.7090577831460299,7242000864.213333,4.034255706109689,2.368572549084153
regir_loop_nomem,adaptive,adaptive,final@1000000,"[15, 15, 6]",0,300,qualified,1.3442399902128388,-1.3442399902128388,7024678749.44,4.72314896439823,2.3628782634512864
regir_loop_nomem,adaptive,adaptive,final@1000000,"[15, 15, 6]",1,300,qualified,0.6553301807826647,-0.6553301807826647,7120503842.56,4.113210038680894,2.4282144441676157
regir_loop_nomem,adaptive,adaptive,final@1000000,"[15, 15, 6]",2,300,qualified,2.0408539272439645,-2.0408539272439645,7232909546.88,4.017313539144816,2.3654475086304214
regir_loop_nomem,adaptive,adaptive,final@1000000,"[20, 20, 2]",0,300,qualified,0.9543680105456251,-0.9543680105456251,8932515910.826666,5.430399910070313,2.3643622105869957
regir_loop_nomem,adaptive,adaptive,final@1000000,"[20, 20, 2]",1,300,qualified,0.4248356642836021,-0.4248356642836021,9239192654.72,4.5983507219531266,2.444418698180146
regir_loop_nomem,adaptive,adaptive,final@1000000,"[20, 20, 2]",2,300,qualified,1.6260828370685312,-1.6260828370685312,8879185768.746666,4.264689008999655,2.3641617443516947
regir_loop_nomem,adaptive,adaptive,final@1000000,"[20, 20, 4]",0,300,qualified,1.420116529956038,-1.420116529956038,8799094096.426666,5.100594309630494,2.366669568684027
regir_loop_nomem,adaptive,adaptive,final@1000000,"[20, 20, 4]",1,300,qualified,0.636608800860239,-0.636608800860239,9053088475.306667,4.927653625902409,2.438040222249125
regir_loop_nomem,adaptive,adaptive,final@1000000,"[20, 20, 4]",2,300,qualified,2.1171924672887585,-2.1171924672887585,8885268836.48,4.357739222208426,2.367375911560263
regir_loop_nomem,adaptive,adaptive,final@1000000,"[20, 20, 6]",0,300,qualified,1.6670503252028672,-1.6670503252028672,8833278884.053333,5.230851566734103,2.3644772233733358
regir_loop_nomem,adaptive,adaptive,final@1000000,"[20, 20, 6]",1,300,qualified,0.7991951646172645,-0.7991951646172645,9023826806.186666,4.781660282261049,2.4404505747954697
regir_loop_nomem,adaptive,adaptive,final@1000000,"[20, 20, 6]",2,300,qualified,2.734546364103217,-2.734546364103217,8876446677.76,4.34392739117068,2.372198680049971
regir_loop_nomem,adaptive,adaptive,final@1000000,"[25, 25, 2]",0,300,qualified,1.1201382083078677,-1.1201382083078677,10552568226.346666,5.298702595725966,2.3624668721179365
regir_loop_nomem,adaptive,adaptive,final@1000000,"[25, 25, 2]",1,300,qualified,0.5254169507261722,-0.5254169507261722,10987526239.36,5.178153159830254,2.447954416706748
regir_loop_nomem,adaptive,adaptive,final@1000000,"[25, 25, 2]",2,300,qualified,2.014667663606573,-2.014667663606573,10528853560.106667,4.465507657405688,2.366871813228459
regir_loop_nomem,adaptive,adaptive,final@1000000,"[30, 30, 2]",0,300,qualified,1.1681679924501647,-1.1681679924501647,12342814972.16,5.919893715882984,2.3677168610196557
regir_loop_nomem,adaptive,adaptive,final@1000000,"[30, 30, 2]",1,300,qualified,0.40937417734907483,-0.40937417734907483,12882174980.48,5.050057395802578,2.460498193335004
regir_loop_nomem,adaptive,adaptive,final@1000000,"[30, 30, 2]",2,300,qualified,2.4711465758626585,-2.4711465758626585,11982899443.2,4.671189060554995,2.3658819734493948
regir_loop_nomem,adaptive,adaptive,final@1000000,"[30, 30, 4]",0,300,qualified,1.7834539559782658,-1.7834539559782658,12131285213.44,5.766512525981913,2.366152741584714
regir_loop_nomem,adaptive,adaptive,final@1000000,"[30, 30, 4]",1,300,qualified,0.5148903553786666,-0.5148903553786666,12765656056.96,4.813543317005194,2.4560234259347538
regir_loop_nomem,adaptive,adaptive,final@1000000,"[30, 30, 4]",2,300,qualified,3.054368391930488,-3.054368391930488,11944189177.173334,4.677765304884718,2.3748553302015916
regir_loop_nomem,adaptive,adaptive,final@1000000,"[30, 30, 6]",0,300,qualified,2.300156737871021,-2.300156737871021,12122495161.6,5.7816863441467286,2.36632264196852
regir_loop_nomem,adaptive,adaptive,final@1000000,"[30, 30, 6]",1,300,qualified,0.7444893787011951,-0.7444893787011951,12686525441.493334,4.792468427747178,2.4530875141461483
regir_loop_nomem,adaptive,adaptive,final@1000000,"[30, 30, 6]",2,300,qualified,3.606992127206061,-3.606992127206061,11989439896.746666,4.64349350968337,2.3713369916472917
regir_loop_nomem,adaptive,adaptive,final@1000000,"[30, 30, 9]",0,300,qualified,2.5509229805073237,-2.5509229805073237,12204370328.32,5.897276309652565,2.3671485880372867
regir_loop_nomem,adaptive,adaptive,final@1000000,"[30, 30, 9]",1,300,qualified,0.7357347941350869,-0.7357347941350869,12564699602.133333,5.009458814073975,2.455045747454766
regir_loop_nomem,adaptive,adaptive,final@1000000,"[30, 30, 9]",2,300,qualified,4.382316793879216,-4.382316793879216,12037525992.746666,4.378897713553936,2.3778430311795677
regir_loop_nomem,adaptive,adaptive,final@1000000,"[30, 30, 12]",0,300,qualified,3.0029836461234627,-3.0029836461234627,12221390694.826666,6.035138759684439,2.3653822264535544
regir_loop_nomem,adaptive,adaptive,final@1000000,"[30, 30, 12]",1,300,qualified,1.0504231540385518,-1.0504231540385518,12486405642.453333,5.085844820967953,2.4564375290854836
regir_loop_nomem,adaptive,adaptive,final@1000000,"[30, 30, 12]",2,300,qualified,5.303493942455765,-5.303493942455765,12046255357.013334,4.546650355933622,2.3768256884166887
regir_loop_nomem,adaptive,adaptive,final@1000000,"[40, 40, 2]",0,300,qualified,1.2376140819474264,-1.2376140819474264,15507992819.626667,6.097568080082225,2.3713190227700216
regir_loop_nomem,adaptive,adaptive,final@1000000,"[40, 40, 2]",1,300,qualified,0.5032810712916096,-0.5032810712916096,16337226666.666666,5.466415013218065,2.4757026679971927
regir_loop_nomem,adaptive,adaptive,final@1000000,"[40, 40, 2]",2,300,qualified,2.8371729168581514,-2.8371729168581514,14843696327.893333,4.54805151644124,2.3638879015358985
regir_loop_nomem,adaptive,adaptive,final@1000000,"[50, 50, 2]",0,300,qualified,1.612740699544285,-1.612740699544285,18602496443.306667,6.709077724857877,2.375346576401672
regir_loop_nomem,adaptive,adaptive,final@1000000,"[50, 50, 2]",1,300,qualified,0.4601624314429691,-0.4601624314429691,19616959459.2,5.816394072072581,2.4829654585573766
regir_loop_nomem,adaptive,adaptive,final@1000000,"[50, 50, 2]",2,300,qualified,3.4739822946171333,-3.4739822946171333,17551940794.24,4.833297743360939,2.3662983304963694
regir_loop_nomem,adaptive,random,final@1000000,"[4, 4, 2]",0,300,qualified,0.26646853940416426,-0.26646853940416426,2941781603.4133334,3.1258240794561183,2.3898217933317576
regir_loop_nomem,adaptive,random,final@1000000,"[4, 4, 2]",1,300,qualified,0.26265237668665226,-0.26265237668665226,2982737319.2533336,3.370353501564823,2.390696214087157
regir_loop_nomem,adaptive,random,final@1000000,"[4, 4, 2]",2,300,qualified,0.3699554414649379,-0.3699554414649379,3070028442.88,2.9461802897643063,2.384680827086918
regir_loop_nomem,adaptive,random,final@1000000,"[5, 5, 2]",0,300,qualified,0.3772176986501909,-0.3772176986501909,3453684266.88,3.5139306661936764,2.504099797808785
regir_loop_nomem,adaptive,random,final@1000000,"[5, 5, 2]",1,300,qualified,0.24520492232957272,-0.24520492232957272,3354268141.2266665,3.5128643601527436,2.5037446281049
regir_loop_nomem,adaptive,random,final@1000000,"[5, 5, 2]",2,300,qualified,0.46535389034351543,-0.46535389034351543,3627624918.1866665,3.3598149502962285,2.5026095105164035
regir_loop_nomem,adaptive,random,final@1000000,"[6, 6, 2]",0,300,qualified,0.43075278640462894,-0.43075278640462894,3735982401.0666666,3.764199198743639,2.3404489304488982
regir_loop_nomem,adaptive,random,final@1000000,"[6, 6, 2]",1,300,qualified,0.27070332112702816,-0.27070332112702816,3682689965.44,3.6191962417494508,2.3383897089319796
regir_loop_nomem,adaptive,random,final@1000000,"[6, 6, 2]",2,300,qualified,0.5960632654490082,-0.5960632654490082,3949046568.32,3.5934016653196887,2.3348825536185087
regir_loop_nomem,adaptive,random,final@1000000,"[8, 8, 2]",0,300,qualified,0.5344571180666076,-0.5344571180666076,4431416163.413333,4.181969822218331,2.267118433874487
regir_loop_nomem,adaptive,random,final@1000000,"[8, 8, 2]",1,300,qualified,0.2810531992024386,-0.2810531992024386,4385121502.933333,4.052716691487779,2.2637552416053635
regir_loop_nomem,adaptive,random,final@1000000,"[8, 8, 2]",2,300,qualified,0.7335141313619585,-0.7335141313619585,4609007938.986667,3.6931617332121824,2.264574677384765
regir_loop_nomem,adaptive,random,final@1000000,"[10, 10, 2]",0,300,qualified,0.5849118521950757,-0.5849118521950757,5147205670.613334,4.197766230944544,2.25407087141494
regir_loop_nomem,adaptive,random,final@1000000,"[10, 10, 2]",1,300,qualified,0.32457039601262894,-0.32457039601262894,5161101700.693334,4.434324455782771,2.2518884132114843
regir_loop_nomem,adaptive,random,final@1000000,"[10, 10, 2]",2,300,qualified,0.9672637240067288,-0.9672637240067288,5290078742.4,3.9038403180982764,2.2530103646639814
regir_loop_nomem,adaptive,random,final@1000000,"[10, 10, 3]",0,300,qualified,0.8212487638537539,-0.8212487638537539,5406537901.44,4.423289129796127,2.4833236980943365
regir_loop_nomem,adaptive,random,final@1000000,"[10, 10, 3]",1,300,qualified,0.4579065781257012,-0.4579065781257012,5353561163.093333,4.026690063040393,2.4815503822210587
regir_loop_nomem,adaptive,random,final@1000000,"[10, 10, 3]",2,300,qualified,1.025462064257328,-1.025462064257328,5516130618.453333,3.8116212876837623,2.482735386748466
regir_loop_nomem,adaptive,random,final@1000000,"[10, 10, 4]",0,300,qualified,0.8332223402855207,-0.8332223402855207,5276438916.906667,4.328695548263689,2.3291459767171356
regir_loop_nomem,adaptive,random,final@1000000,"[10, 10, 4]",1,300,qualified,0.48742628577249897,-0.48742628577249897,5130341685.12,4.129864623569883,2.325570133435845
regir_loop_nomem,adaptive,random,final@1000000,"[10, 10, 4]",2,300,qualified,1.2339401828235694,-1.2339401828235694,5364938426.88,3.778653910983121,2.3268046235351627
regir_loop_nomem,adaptive,random,final@1000000,"[10, 10, 6]",0,300,qualified,1.0551682461073546,-1.0551682461073546,5390545565.226666,4.291902557083716,2.496812908856301
regir_loop_nomem,adaptive,random,final@1000000,"[10, 10, 6]",1,300,qualified,0.642411244250975,-0.642411244250975,5313044111.786667,3.85117028376398,2.494861098756418
regir_loop_nomem,adaptive,random,final@1000000,"[10, 10, 6]",2,300,qualified,1.5981661401534533,-1.5981661401534533,5547795503.36,3.749929736707903,2.4933516695638667
regir_loop_nomem,adaptive,random,final@1000000,"[10, 10, 9]",0,300,qualified,1.2138085322612409,-1.2138085322612409,5213645123.2,4.22172396947785,2.3685758914624437
regir_loop_nomem,adaptive,random,final@1000000,"[10, 10, 9]",1,300,qualified,0.8396049223810829,-0.8396049223810829,5110721385.6,3.611028635764184,2.3657236430601207
regir_loop_nomem,adaptive,random,final@1000000,"[10, 10, 9]",2,300,qualified,2.3213064871655,-2.3213064871655,5410352887.253333,3.746798557350606,2.3663751581064476
regir_loop_nomem,adaptive,random,final@1000000,"[10, 10, 12]",0,300,qualified,2.011582453865005,-2.011582453865005,5526035728.426666,4.521151521747622,2.52605123959076
regir_loop_nomem,adaptive,random,final@1000000,"[10, 10, 12]",1,300,qualified,1.0515462744311084,-1.0515462744311084,5317170519.466666,3.63349372958454,2.523898772149774
regir_loop_nomem,adaptive,random,final@1000000,"[10, 10, 12]",2,300,qualified,2.697635480875584,-2.697635480875584,5626877831.466666,3.8163623606031374,2.5235969455805423
regir_loop_nomem,adaptive,random,final@1000000,"[15, 15, 2]",0,300,qualified,0.7762267531169564,-0.7762267531169564,7065635584.64,4.6237027730513365,2.342854743385438
regir_loop_nomem,adaptive,random,final@1000000,"[15, 15, 2]",1,300,qualified,0.3871230339857702,-0.3871230339857702,7113349442.56,4.371848519129368,2.337271947355301
regir_loop_nomem,adaptive,random,final@1000000,"[15, 15, 2]",2,300,qualified,1.2654905835009491,-1.2654905835009491,7232283551.786667,3.9685040753154315,2.339097087448823
regir_loop_nomem,adaptive,random,final@1000000,"[15, 15, 4]",0,300,qualified,1.2509777958703259,-1.2509777958703259,7364926391.68,4.763229895729261,2.529036455190627
regir_loop_nomem,adaptive,random,final@1000000,"[15, 15, 4]",1,300,qualified,0.5027817147808993,-0.5027817147808993,7317478728.106667,4.0966256793231395,2.5269087232702097
regir_loop_nomem,adaptive,random,final@1000000,"[15, 15, 4]",2,300,qualified,1.7079507159244238,-1.7079507159244238,7451919695.786667,3.9978457944479304,2.526477323879894
regir_loop_nomem,adaptive,random,final@1000000,"[15, 15, 6]",0,300,qualified,1.405150821264621,-1.405150821264621,7205606216.533334,4.596417339347924,2.485325797820961
regir_loop_nomem,adaptive,random,final@1000000,"[15, 15, 6]",1,300,qualified,0.5854466876998107,-0.5854466876998107,7198669819.093333,3.894802240903179,2.484483556051414
regir_loop_nomem,adaptive,random,final@1000000,"[15, 15, 6]",2,300,qualified,2.1401941831943,-2.1401941831943,7389429707.733334,3.9744894712156382,2.481980098604602
regir_loop_nomem,adaptive,random,final@1000000,"[20, 20, 2]",0,300,qualified,1.0127018193779356,-1.0127018193779356,9072679376.0,5.038104421085057,2.4497765759552754
regir_loop_nomem,adaptive,random,final@1000000,"[20, 20, 2]",1,300,qualified,0.43175379057343044,-0.43175379057343044,9070421283.2,4.248993919460724,2.4439711205152284
regir_loop_nomem,adaptive,random,final@1000000,"[20, 20, 2]",2,300,qualified,1.5630875641900943,-1.5630875641900943,9088488739.2,4.0572747806217135,2.4450508384356597
regir_loop_nomem,adaptive,random,final@1000000,"[20, 20, 4]",0,300,qualified,1.3532965542885185,-1.3532965542885185,8821866705.066668,4.863582431520335,2.3670988504191963
regir_loop_nomem,adaptive,random,final@1000000,"[20, 20, 4]",1,300,qualified,0.7181788864877491,-0.7181788864877491,8771255585.493334,4.668958613211289,2.3615272116348365
regir_loop_nomem,adaptive,random,final@1000000,"[20, 20, 4]",2,300,qualified,2.059214575442287,-2.059214575442287,8819628622.506666,4.212752702700673,2.3629421678766462
regir_loop_nomem,adaptive,random,final@1000000,"[20, 20, 6]",0,300,qualified,1.6303989091146964,-1.6303989091146964,8608209704.106667,5.146548999290292,2.2585512671953127
regir_loop_nomem,adaptive,random,final@1000000,"[20, 20, 6]",1,300,qualified,0.6269539592719742,-0.6269539592719742,8620656161.066668,4.441365641088535,2.258798643049173
regir_loop_nomem,adaptive,random,final@1000000,"[20, 20, 6]",2,300,qualified,2.485102190478125,-2.485102190478125,8626270468.053333,4.123070658446522,2.2568653706439368
regir_loop_nomem,adaptive,random,final@1000000,"[25, 25, 2]",0,300,qualified,1.1983037326858492,-1.1983037326858492,10427881271.253334,5.0448190775156645,2.314078981420439
regir_loop_nomem,adaptive,random,final@1000000,"[25, 25, 2]",1,300,qualified,0.42195054038422264,-0.42195054038422264,10682643383.04,4.850230193506771,2.312586707223993
regir_loop_nomem,adaptive,random,final@1000000,"[25, 25, 2]",2,300,qualified,2.0011690447698527,-2.0011690447698527,10335456577.92,4.39378274389368,2.3120546359708714
regir_loop_nomem,adaptive,random,final@1000000,"[30, 30, 2]",0,300,qualified,1.2138998890637478,-1.2138998890637478,12321112789.333334,5.657778080419327,2.3737311499114386
regir_loop_nomem,adaptive,random,final@1000000,"[30, 30, 2]",1,300,qualified,0.46128740653873207,-0.46128740653873207,12504900892.373333,4.693023881640207,2.3724998508179858
regir_loop_nomem,adaptive,random,final@1000000,"[30, 30, 2]",2,300,qualified,2.2412500283769297,-2.2412500283769297,12079402043.306667,4.572131295351622,2.3729639260710202
regir_loop_nomem,adaptive,random,final@1000000,"[30, 30, 4]",0,300,qualified,1.7331819385052312,-1.7331819385052312,12004981340.8,5.474038436287083,2.3427144229214263
regir_loop_nomem,adaptive,random,final@1000000,"[30, 30, 4]",1,300,qualified,0.5824323198600041,-0.5824323198600041,12343918712.746666,4.549135132843706,2.3395904641148557
regir_loop_nomem,adaptive,random,final@1000000,"[30, 30, 4]",2,300,qualified,3.1330279899820264,-3.1330279899820264,11830187423.36,4.480742814375165,2.338213342730127
regir_loop_nomem,adaptive,random,final@1000000,"[30, 30, 6]",0,300,qualified,2.066247468593158,-2.066247468593158,12472980693.546667,5.5899546452829,2.4593799363251048
regir_loop_nomem,adaptive,random,final@1000000,"[30, 30, 6]",1,300,qualified,0.7695162189593074,-0.7695162189593074,12536980353.28,4.481714657969618,2.458494689338721
regir_loop_nomem,adaptive,random,final@1000000,"[30, 30, 6]",2,300,qualified,3.581397203912004,-3.581397203912004,12222162450.56,4.306442332991282,2.457907990680331
regir_loop_nomem,adaptive,random,final@1000000,"[30, 30, 9]",0,300,qualified,2.1484127300388636,-2.1484127300388636,12363067744.853333,5.436630264152773,2.4343066223269614
regir_loop_nomem,adaptive,random,final@1000000,"[30, 30, 9]",1,300,qualified,0.7694144091792718,-0.7694144091792718,12437613168.853333,4.678538412270524,2.4328553436266303
regir_loop_nomem,adaptive,random,final@1000000,"[30, 30, 9]",2,300,qualified,4.216981372291958,-4.216981372291958,12296991246.933332,4.332737030984911,2.4310632725861248
regir_loop_nomem,adaptive,random,final@1000000,"[30, 30, 12]",0,300,qualified,2.8415250564376313,-2.8415250564376313,12122513096.746666,5.634099038269682,2.3467659757009427
regir_loop_nomem,adaptive,random,final@1000000,"[30, 30, 12]",1,300,qualified,1.1456854544538384,-1.1456854544538384,12089486939.52,4.56040483644368,2.3474472749542135
regir_loop_nomem,adaptive,random,final@1000000,"[30, 30, 12]",2,300,qualified,5.3332634425637835,-5.3332634425637835,11993854289.92,4.331469233758787,2.3474958229760463
regir_loop_nomem,adaptive,random,final@1000000,"[40, 40, 2]",0,300,qualified,1.1099406390975994,-1.1099406390975994,15597539668.053333,5.775610524779186,2.382313542914481
regir_loop_nomem,adaptive,random,final@1000000,"[40, 40, 2]",1,300,qualified,0.34948488178594633,-0.34948488178594633,15857521946.88,5.026266578371093,2.3805709380745093
regir_loop_nomem,adaptive,random,final@1000000,"[40, 40, 2]",2,300,qualified,2.838769262601085,-2.838769262601085,14930728361.173334,4.327073953992415,2.3793937427197145
regir_loop_nomem,adaptive,random,final@1000000,"[50, 50, 2]",0,300,qualified,1.4627116441392154,-1.4627116441392154,19013052497.493332,6.42015035425468,2.4469143201897374
regir_loop_nomem,adaptive,random,final@1000000,"[50, 50, 2]",1,300,qualified,0.38446243181593726,-0.38446243181593726,19267729412.906666,5.424866360871044,2.4441393884804077
regir_loop_nomem,adaptive,random,final@1000000,"[50, 50, 2]",2,300,qualified,3.5072452644963863,-3.5072452644963863,17872467928.746666,4.439727406208015,2.4424751551416484
regir_loop_nomem,calibrate,fixed1,final@1000000,"[4, 4, 2]",0,40,,0.4364977118161627,-0.4364977118161627,2129403760.0,2.24538771728985,1.0
regir_loop_nomem,calibrate,fixed1,final@1000000,"[4, 4, 2]",1,40,,0.10161823517305607,-0.10161823517305607,2172151200.0,2.1840844466816636,1.0
regir_loop_nomem,calibrate,fixed1,final@1000000,"[4, 4, 2]",2,40,,0.764087039539877,-0.764087039539877,2581764760.0,2.8743451981805266,1.0
regir_loop_nomem,calibrate,fixed1,final@1000000,"[6, 6, 2]",0,40,,0.48817400211392764,-0.48817400211392764,2776349520.0,2.466659335361328,1.0
regir_loop_nomem,calibrate,fixed1,final@1000000,"[6, 6, 2]",1,40,,0.2,-0.2,2887106920.0,2.4418167611118404,1.0
regir_loop_nomem,calibrate,fixed1,final@1000000,"[6, 6, 2]",2,40,,1.358954591115318,-1.358954591115318,3431708360.0,3.259905634133611,1.0
regir_loop_nomem,calibrate,fixed1,final@1000000,"[8, 8, 2]",0,40,,0.4996267015960079,-0.4996267015960079,3322088040.0,2.8928964248741975,1.0
regir_loop_nomem,calibrate,fixed1,final@1000000,"[8, 8, 2]",1,40,,0.35386106730503963,-0.35386106730503963,3282885640.0,2.6478447341592983,1.0
regir_loop_nomem,calibrate,fixed1,final@1000000,"[8, 8, 2]",2,40,,1.257100270880142,-1.257100270880142,3670593720.0,2.9119881732040085,1.0
regir_loop_nomem,calibrate,fixed1,final@1000000,"[10, 10, 3]",0,40,,0.8493953746996691,-0.8493953746996691,3744172080.0,2.467716414493043,1.0
regir_loop_nomem,calibrate,fixed1,final@1000000,"[10, 10, 3]",1,40,,0.8101769843558707,-0.8101769843558707,3853918160.0,2.9002738886862063,1.0
regir_loop_nomem,calibrate,fixed1,final@1000000,"[10, 10, 3]",2,40,,1.585205449585506,-1.585205449585506,4291328040.0,3.4466609490802513,1.0
regir_loop_nomem,calibrate,fixed2,final@1000000,"[4, 4, 2]",0,40,,0.20359330665271158,-0.20359330665271158,2650479702.4,2.511555688572116,2.0
regir_loop_nomem,calibrate,fixed2,final@1000000,"[4, 4, 2]",1,40,,0.23591223254344063,-0.23591223254344063,2689425126.4,2.3327939440729097,2.0
regir_loop_nomem,calibrate,fixed2,final@1000000,"[4, 4, 2]",2,40,,0.5166497551994732,-0.5166497551994732,2805865691.2,2.4927480546873992,2.0
regir_loop_nomem,calibrate,fixed2,final@1000000,"[6, 6, 2]",0,40,,0.3,-0.3,3656297222.4,2.8799524162779564,2.0
regir_loop_nomem,calibrate,fixed2,final@1000000,"[6, 6, 2]",1,40,,0.20472426550739686,-0.20472426550739686,3382289894.4,2.679397221771069,2.0
regir_loop_nomem,calibrate,fixed2,final@1000000,"[6, 6, 2]",2,40,,0.5565090812170079,-0.5565090812170079,3842239408.0,2.804723255184945,2.0
regir_loop_nomem,calibrate,fixed2,final@1000000,"[8, 8, 2]",0,40,,0.3860125220808735,-0.3860125220808735,4206471353.6,2.8672322515863926,2.0
regir_loop_nomem,calibrate,fixed2,final@1000000,"[8, 8, 2]",1,40,,0.22090910103821543,-0.22090910103821543,4173404491.2,2.6894506010692565,2.0
regir_loop_nomem,calibrate,fixed2,final@1000000,"[8, 8, 2]",2,40,,0.501524052753402,-0.501524052753402,4302736529.6,2.6774636334506794,2.0
regir_loop_nomem,calibrate,fixed2,final@1000000,"[10, 10, 3]",0,40,,0.6582572555803989,-0.6582572555803989,4903527934.4,2.7311041810316965,2.0
regir_loop_nomem,calibrate,fixed2,final@1000000,"[10, 10, 3]",1,40,,0.5609594596142862,-0.5609594596142862,4806039670.4,2.9082767136627807,2.0
regir_loop_nomem,calibrate,fixed2,final@1000000,"[10, 10, 3]",2,40,,1.3573499289222688,-1.3573499289222688,5251203121.6,3.3067370477248916,2.0
regir_loop_nomem,calibrate,fixed3,final@1000000,"[4, 4, 2]",0,40,,0.1412686503400111,-0.1412686503400111,3103685497.6,2.553770102513954,3.0
regir_loop_nomem,calibrate,fixed3,final@1000000,"[4, 4, 2]",1,40,,0.27213769246975544,-0.27213769246975544,3301374190.4,2.663476189028006,3.0
regir_loop_nomem,calibrate,fixed3,final@1000000,"[4, 4, 2]",2,40,,0.3258542735085121,-0.3258542735085121,3250575552.0,2.689394997805357,3.0
regir_loop_nomem,calibrate,fixed3,final@1000000,"[6, 6, 2]",0,40,,0.2,-0.2,4213540332.8,2.7410933440900407,3.0
regir_loop_nomem,calibrate,fixed3,final@1000000,"[6, 6, 2]",1,40,,0.3305253153024848,-0.3305253153024848,4406870044.8,3.3705144553212447,3.0
regir_loop_nomem,calibrate,fixed3,final@1000000,"[6, 6, 2]",2,40,,0.5760153778197725,-0.5760153778197725,4475387040.0,2.9407480867928824,3.0
regir_loop_nomem,calibrate,fixed3,final@1000000,"[8, 8, 2]",0,40,,0.48655445814423376,-0.48655445814423376,5265836409.6,2.9588103881455026,3.0
regir_loop_nomem,calibrate,fixed3,final@1000000,"[8, 8, 2]",1,40,,0.22725199020715486,-0.22725199020715486,5101881870.4,2.8259947640704923,3.0
regir_loop_nomem,calibrate,fixed3,final@1000000,"[8, 8, 2]",2,40,,0.6156667069590016,-0.6156667069590016,5395859182.4,3.131128597876523,3.0
regir_loop_nomem,calibrate,fixed3,final@1000000,"[10, 10, 3]",0,40,,0.9488618745039298,-0.9488618745039298,6104360321.6,3.1538004098227246,3.0
regir_loop_nomem,calibrate,fixed3,final@1000000,"[10, 10, 3]",1,40,,0.6831006141403396,-0.6831006141403396,6015342795.2,2.89062092899112,3.0
regir_loop_nomem,calibrate,fixed3,final@1000000,"[10, 10, 3]",2,40,,1.024938975605243,-1.024938975605243,5972317035.2,3.007497189019341,3.0
regir_loop_nomem,calibrate,fixed4,final@1000000,"[4, 4, 2]",0,40,,0.26555447822599093,-0.26555447822599093,3664479284.8,2.947896225785371,4.0
regir_loop_nomem,calibrate,fixed4,final@1000000,"[4, 4, 2]",1,40,,0.2273761005237359,-0.2273761005237359,3748873713.6,2.8997605629032477,4.0
regir_loop_nomem,calibrate,fixed4,final@1000000,"[4, 4, 2]",2,40,,0.5213561582748977,-0.5213561582748977,3766045177.6,2.805422450916376,4.0
regir_loop_nomem,calibrate,fixed4,final@1000000,"[6, 6, 2]",0,40,,0.4288710400501707,-0.4288710400501707,5279458456.0,3.158721884363331,4.0
regir_loop_nomem,calibrate,fixed4,final@1000000,"[6, 6, 2]",1,40,,0.23426316696593485,-0.23426316696593485,5096432347.2,3.436340911965817,4.0
regir_loop_nomem,calibrate,fixed4,final@1000000,"[6, 6, 2]",2,40,,0.5020602908592127,-0.5020602908592127,5191857192.0,3.0244451579172162,4.0
regir_loop_nomem,calibrate,fixed4,final@1000000,"[8, 8, 2]",0,40,,0.49609020461923786,-0.49609020461923786,6217354206.4,3.2160790190449915,4.0
regir_loop_nomem,calibrate,fixed4,final@1000000,"[8, 8, 2]",1,40,,0.3287081225473464,-0.3287081225473464,6166455612.8,3.059551642125007,4.0
regir_loop_nomem,calibrate,fixed4,final@1000000,"[8, 8, 2]",2,40,,0.7717740067174983,-0.7717740067174983,6255330251.2,3.3484116524108685,4.0
regir_loop_nomem,calibrate,fixed4,final@1000000,"[10, 10, 3]",0,40,,0.7050352479621143,-0.7050352479621143,7745796337.6,3.8893381602945736,4.0
regir_loop_nomem,calibrate,fixed4,final@1000000,"[10, 10, 3]",1,40,,0.7174584675446712,-0.7174584675446712,7633207110.4,3.264568633888848,4.0
regir_loop_nomem,calibrate,fixed4,final@1000000,"[10, 10, 3]",2,40,,1.2651925988422243,-1.2651925988422243,7528195556.8,3.3085749601828867,4.0
regir_loop_nomem,calibrate,tau_0.01,final@1000000,"[4, 4, 2]",0,40,,0.26555447822599093,-0.26555447822599093,3671110537.6,3.137475994543638,4.0
regir_loop_nomem,calibrate,tau_0.01,final@1000000,"[4, 4, 2]",1,40,,0.2273761005237359,-0.2273761005237359,3755807683.2,3.0800660135340876,4.0
regir_loop_nomem,calibrate,tau_0.01,final@1000000,"[4, 4, 2]",2,40,,0.5213561582748977,-0.5213561582748977,3772636260.8,2.9468120682053267,3.9995901639344265
regir_loop_nomem,calibrate,tau_0.01,final@1000000,"[6, 6, 2]",0,40,,0.4288710400501707,-0.4288710400501707,5289954832.0,3.277139096474275,4.0
regir_loop_nomem,calibrate,tau_0.01,final@1000000,"[6, 6, 2]",1,40,,0.23426316696593485,-0.23426316696593485,5106626006.4,3.55230314648943,4.0
regir_loop_nomem,calibrate,tau_0.01,final@1000000,"[6, 6, 2]",2,40,,0.5020602908592127,-0.5020602908592127,5201999713.6,3.264284874277655,3.9997340425531913
regir_loop_nomem,calibrate,tau_0.01,final@1000000,"[8, 8, 2]",0,40,,0.49609020461923786,-0.49609020461923786,6230491676.8,3.2104962603072638,4.0
regir_loop_nomem,calibrate,tau_0.01,final@1000000,"[8, 8, 2]",1,40,,0.3287081225473464,-0.3287081225473464,6179568953.6,3.4121644826373085,4.0
regir_loop_nomem,calibrate,tau_0.01,final@1000000,"[8, 8, 2]",2,40,,0.7717740067174983,-0.7717740067174983,6267884363.2,3.4999096832238137,3.999509064149244
regir_loop_nomem,calibrate,tau_0.01,final@1000000,"[10, 10, 3]",0,40,,0.7050352479621143,-0.7050352479621143,7762908611.2,4.037271702440921,4.0
regir_loop_nomem,calibrate,tau_0.01,final@1000000,"[10, 10, 3]",1,40,,0.7174584675446712,-0.7174584675446712,7649887244.8,3.624231638794299,4.0
regir_loop_nomem,calibrate,tau_0.01,final@1000000,"[10, 10, 3]",2,40,,1.2651925988422243,-1.2651925988422243,7543630689.6,3.3932741178316066,3.999372626371471
regir_loop_nomem,calibrate,tau_0.03,final@1000000,"[4, 4, 2]",0,40,,0.26555447822599093,-0.26555447822599093,3669859094.4,2.9012572319246828,3.9973378391693646
regir_loop_nomem,calibrate,tau_0.03,final@1000000,"[4, 4, 2]",1,40,,0.2273761005237359,-0.2273761005237359,3754712670.4,2.9822662660386414,3.997881456529003
regir_loop_nomem,calibrate,tau_0.03,final@1000000,"[4, 4, 2]",2,40,,0.5213561582748977,-0.5213561582748977,3770602665.6,3.057606250583194,3.9950222161641875
regir_loop_nomem,calibrate,tau_0.03,final@1000000,"[6, 6, 2]",0,40,,0.4288710400501707,-0.4288710400501707,5278588745.6,3.368881939898711,3.9945513227782428
regir_loop_nomem,calibrate,tau_0.03,final@1000000,"[6, 6, 2]",1,40,,0.23426316696593485,-0.23426316696593485,5105530993.6,3.191044390236493,3.998491748343285
regir_loop_nomem,calibrate,tau_0.03,final@1000000,"[6, 6, 2]",2,40,,0.5020602908592127,-0.5020602908592127,5198401814.4,3.4597802543547003,3.9945519061306842
regir_loop_nomem,calibrate,tau_0.03,final@1000000,"[8, 8, 2]",0,40,,0.49609020461923786,-0.49609020461923786,6225642334.4,3.264335408329498,3.994784988667811
regir_loop_nomem,calibrate,tau_0.03,final@1000000,"[8, 8, 2]",1,40,,0.3287081225473464,-0.3287081225473464,6178786801.6,3.358177396643441,3.999151586811411
regir_loop_nomem,calibrate,tau_0.03,final@1000000,"[8, 8, 2]",2,40,,0.7717740067174983,-0.7717740067174983,6261470716.8,3.5969227163586766,3.9924504393750007
regir_loop_nomem,calibrate,tau_0.03,final@1000000,"[10, 10, 3]",0,40,,0.7050352479621143,-0.7050352479621143,7751896752.0,3.8102105947793463,3.995086006652273
regir_loop_nomem,calibrate,tau_0.03,final@1000000,"[10, 10, 3]",1,40,,0.766276182717335,-0.766276182717335,7699258782.4,3.7528362403158098,3.998603784130815
regir_loop_nomem,calibrate,tau_0.03,final@1000000,"[10, 10, 3]",2,40,,1.2651925988422243,-1.2651925988422243,7535496308.8,3.34595238257898,3.992236058536001
regir_loop_nomem,calibrate,tau_0.1,final@1000000,"[4, 4, 2]",0,40,,0.2557967637551351,-0.2557967637551351,3562076841.6,2.866851464728825,3.8663823912550606
regir_loop_nomem,calibrate,tau_0.1,final@1000000,"[4, 4, 2]",1,40,,0.24846945442254084,-0.24846945442254084,3723413208.0,3.122391169052571,3.7898716530768075
regir_loop_nomem,calibrate,tau_0.1,final@1000000,"[4, 4, 2]",2,40,,0.5213561582748977,-0.5213561582748977,3700355552.0,3.2257893065107055,3.8528178653511502
regir_loop_nomem,calibrate,tau_0.1,final@1000000,"[6, 6, 2]",0,40,,0.39564852393174943,-0.39564852393174943,5132625316.8,3.3458174815401436,3.8509178727470794
regir_loop_nomem,calibrate,tau_0.1,final@1000000,"[6, 6, 2]",1,40,,0.2694305956622477,-0.2694305956622477,5022949648.0,3.153536139393691,3.790239639421727
regir_loop_nomem,calibrate,tau_0.1,final@1000000,"[6, 6, 2]",2,40,,0.6520602908592127,-0.6520602908592127,5149790950.4,3.352955486648716,3.845149327530137
regir_loop_nomem,calibrate,tau_0.1,final@1000000,"[8, 8, 2]",0,40,,0.42109020461923785,-0.42109020461923785,6071102400.0,3.460889551974833,3.8557705177108916
regir_loop_nomem,calibrate,tau_0.1,final@1000000,"[8, 8, 2]",1,40,,0.33754653427742537,-0.33754653427742537,6127003849.6,3.5915883654961362,3.798476573362251
regir_loop_nomem,calibrate,tau_0.1,final@1000000,"[8, 8, 2]",2,40,,0.6856237581680014,-0.6856237581680014,6093364624.0,3.5974209490465,3.824065591516621
regir_loop_nomem,calibrate,tau_0.1,final@1000000,"[10, 10, 3]",0,40,,0.718719536726631,-0.718719536726631,7437426857.6,3.3761182995629495,3.8388454028730306
regir_loop_nomem,calibrate,tau_0.1,final@1000000,"[10, 10, 3]",1,40,,0.5721837264910332,-0.5721837264910332,7318831017.6,3.5479090526117942,3.792040105492466
regir_loop_nomem,calibrate,tau_0.1,final@1000000,"[10, 10, 3]",2,40,,1.2437303084965556,-1.2437303084965556,7150561352.0,3.334515950269997,3.80411191903203
regir_loop_nomem,calibrate,tau_0.3,final@1000000,"[4, 4, 2]",0,40,,0.1862039027063302,-0.1862039027063302,3090274801.6,2.8218231283943167,2.887825092307522
regir_loop_nomem,calibrate,tau_0.3,final@1000000,"[4, 4, 2]",1,40,,0.31765769239731423,-0.31765769239731423,3288740910.4,2.986400157317985,2.8871220825055355
regir_loop_nomem,calibrate,tau_0.3,final@1000000,"[4, 4, 2]",2,40,,0.542867408222318,-0.542867408222318,3185120478.4,2.9025831060833296,2.965998678418382
regir_loop_nomem,calibrate,tau_0.3,final@1000000,"[6, 6, 2]",0,40,,0.275,-0.275,4285864835.2,3.3454324264544995,2.87025063508281
regir_loop_nomem,calibrate,tau_0.3,final@1000000,"[6, 6, 2]",1,40,,0.24688043283984223,-0.24688043283984223,4142340107.2,2.734523260348942,2.8543612202175153
regir_loop_nomem,calibrate,tau_0.3,final@1000000,"[6, 6, 2]",2,40,,0.5630086795910655,-0.5630086795910655,4307424721.6,3.191980389109813,2.98410713967284
regir_loop_nomem,calibrate,tau_0.3,final@1000000,"[8, 8, 2]",0,40,,0.3179150489789012,-0.3179150489789012,5098988713.6,3.4606976795941593,2.87449019602918
regir_loop_nomem,calibrate,tau_0.3,final@1000000,"[8, 8, 2]",1,40,,0.22929783849269586,-0.22929783849269586,5092524675.2,3.2707367702387273,2.868140984908826
regir_loop_nomem,calibrate,tau_0.3,final@1000000,"[8, 8, 2]",2,40,,0.7473457640556914,-0.7473457640556914,5444456676.8,3.504925531358458,2.9759145975061374
regir_loop_nomem,calibrate,tau_0.3,final@1000000,"[10, 10, 3]",0,40,,0.7292373021111201,-0.7292373021111201,6118994590.4,3.1899627056787723,2.8470263450453612
regir_loop_nomem,calibrate,tau_0.3,final@1000000,"[10, 10, 3]",1,40,,0.6199085255508986,-0.6199085255508986,5911703353.6,3.317227086273488,2.874051232564838
regir_loop_nomem,calibrate,tau_0.3,final@1000000,"[10, 10, 3]",2,40,,0.8289354964998594,-0.8289354964998594,6073213414.4,3.4075858991360293,2.915123437901757
regir_loop_nomem,calibrate,tau_1,final@1000000,"[4, 4, 2]",0,40,,0.3739297882571127,-0.3739297882571127,2898865004.8,2.741277947591152,2.3730314893457725
regir_loop_nomem,calibrate,tau_1,final@1000000,"[4, 4, 2]",1,40,,0.1723910544788521,-0.1723910544788521,2881597102.4,2.6192141919862477,2.429835615505613
regir_loop_nomem,calibrate,tau_1,final@1000000,"[4, 4, 2]",2,40,,0.3937957448893967,-0.3937957448893967,2949356073.6,2.744414643116761,2.3928490453404088
regir_loop_nomem,calibrate,tau_1,final@1000000,"[6, 6, 2]",0,40,,0.2944020519381395,-0.2944020519381395,3813661876.8,3.1154597708722576,2.3486430844067
regir_loop_nomem,calibrate,tau_1,final@1000000,"[6, 6, 2]",1,40,,0.2585124174716371,-0.2585124174716371,3748045966.4,2.654213817580603,2.418092025951709
regir_loop_nomem,calibrate,tau_1,final@1000000,"[6, 6, 2]",2,40,,0.6217010852274983,-0.6217010852274983,4063561043.2,3.1528168820077553,2.376068106114521
regir_loop_nomem,calibrate,tau_1,final@1000000,"[8, 8, 2]",0,40,,0.25,-0.25,4405377062.4,3.136607552191708,2.372972027278904
regir_loop_nomem,calibrate,tau_1,final@1000000,"[8, 8, 2]",1,40,,0.28526596909966306,-0.28526596909966306,4521045971.2,3.0761245750123636,2.419178965497715
regir_loop_nomem,calibrate,tau_1,final@1000000,"[8, 8, 2]",2,40,,0.5898130532402907,-0.5898130532402907,4568727497.6,3.016425272717606,2.3688355464221065
regir_loop_nomem,calibrate,tau_1,final@1000000,"[10, 10, 3]",0,40,,0.7524032499809001,-0.7524032499809001,5405852979.2,2.8881000474793836,2.359046671455806
regir_loop_nomem,calibrate,tau_1,final@1000000,"[10, 10, 3]",1,40,,0.6288322644974811,-0.6288322644974811,5340310392.0,3.225598873884883,2.398851388958066
regir_loop_nomem,calibrate,tau_1,final@1000000,"[10, 10, 3]",2,40,,1.0979089018940806,-1.0979089018940806,5723968806.4,3.6590019141091035,2.379252433821343
regir_loop_nomem,eval,fixed1,final@1000000,"[4, 4, 2]",0,300,qualified,0.4256344072888148,-0.4256344072888148,2369310330.6666665,2.865960356175589,1.0
regir_loop_nomem,eval,fixed1,final@1000000,"[4, 4, 2]",1,300,qualified,0.25469770499521704,-0.25469770499521704,2303376554.6666665,2.887970220615777,1.0
regir_loop_nomem,eval,fixed1,final@1000000,"[4, 4, 2]",2,300,qualified,0.7204548834758768,-0.7204548834758768,2631387157.3333335,2.9703181293226466,1.0
regir_loop_nomem,eval,fixed1,final@1000000,"[5, 5, 2]",0,300,qualified,0.5302396453382262,-0.5302396453382262,2626613706.6666665,3.110970611788022,1.0
regir_loop_nomem,eval,fixed1,final@1000000,"[5, 5, 2]",1,300,qualified,0.2776445103494741,-0.2776445103494741,2550238421.3333335,3.293563552016082,1.0
regir_loop_nomem,eval,fixed1,final@1000000,"[5, 5, 2]",2,300,qualified,0.9010121764025071,-0.9010121764025071,2924984773.3333335,2.9235300482957003,1.0
regir_loop_nomem,eval,fixed1,final@1000000,"[6, 6, 2]",0,300,qualified,0.5677669897936689,-0.5677669897936689,2938551690.6666665,3.316116214678623,1.0
regir_loop_nomem,eval,fixed1,final@1000000,"[6, 6, 2]",1,300,qualified,0.30608352703288494,-0.30608352703288494,2842958880.0,3.2540875513649854,1.0
regir_loop_nomem,eval,fixed1,final@1000000,"[6, 6, 2]",2,300,qualified,1.0171855892215205,-1.0171855892215205,3206938442.6666665,2.998935284407926,1.0
regir_loop_nomem,eval,fixed1,final@1000000,"[8, 8, 2]",0,300,qualified,0.7437636886905429,-0.7437636886905429,3403155802.6666665,3.4308347328923023,1.0
regir_loop_nomem,eval,fixed1,final@1000000,"[8, 8, 2]",1,300,qualified,0.3767869761468152,-0.3767869761468152,3413466666.6666665,3.5182717962780345,1.0
regir_loop_nomem,eval,fixed1,final@1000000,"[8, 8, 2]",2,300,qualified,1.210925025111115,-1.210925025111115,3703574661.3333335,3.214292046990401,1.0
regir_loop_nomem,eval,fixed1,final@1000000,"[10, 10, 2]",0,300,qualified,0.8200680600562208,-0.8200680600562208,3915465957.3333335,3.941069972156547,1.0
regir_loop_nomem,eval,fixed1,final@1000000,"[10, 10, 2]",1,300,qualified,0.5258808151363625,-0.5258808151363625,3923314928.0,4.0381202766625215,1.0
regir_loop_nomem,eval,fixed1,final@1000000,"[10, 10, 2]",2,300,qualified,1.3513562370941354,-1.3513562370941354,4115997834.6666665,3.030388192407554,1.0
regir_loop_nomem,eval,fixed1,final@1000000,"[10, 10, 3]",0,300,qualified,1.1084438752330512,-1.1084438752330512,3899327637.3333335,3.7149740516254677,1.0
regir_loop_nomem,eval,fixed1,final@1000000,"[10, 10, 3]",1,300,qualified,0.5031512472091055,-0.5031512472091055,3829811498.6666665,3.4237186871406933,1.0
regir_loop_nomem,eval,fixed1,final@1000000,"[10, 10, 3]",2,300,qualified,1.873326360099991,-1.873326360099991,4141017834.6666665,3.148820250911134,1.0
regir_loop_nomem,eval,fixed1,final@1000000,"[10, 10, 4]",0,300,qualified,1.2376332023146175,-1.2376332023146175,3878193114.6666665,3.8338808995019646,1.0
regir_loop_nomem,eval,fixed1,final@1000000,"[10, 10, 4]",1,300,qualified,0.6906412908890553,-0.6906412908890553,3864052464.0,3.716377787363405,1.0
regir_loop_nomem,eval,fixed1,final@1000000,"[10, 10, 4]",2,300,qualified,2.2627143353716943,-2.2627143353716943,4129574016.0,3.170555835237028,1.0
regir_loop_nomem,eval,fixed1,final@1000000,"[10, 10, 6]",0,300,qualified,1.5364962452545374,-1.5364962452545374,3796792416.0,3.6310279159542795,1.0
regir_loop_nomem,eval,fixed1,final@1000000,"[10, 10, 6]",1,300,qualified,0.8561088925297601,-0.8561088925297601,3748250880.0,3.483837174119738,1.0
regir_loop_nomem,eval,fixed1,final@1000000,"[10, 10, 6]",2,300,qualified,2.5189401330103416,-2.5189401330103416,4079960688.0,3.176002387427143,1.0
regir_loop_nomem,eval,fixed1,final@1000000,"[10, 10, 9]",0,300,qualified,1.8267099980704753,-1.8267099980704753,3787640976.0,3.744928233010384,1.0
regir_loop_nomem,eval,fixed1,final@1000000,"[10, 10, 9]",1,300,qualified,0.9616957671043489,-0.9616957671043489,3750876944.0,3.6258442475941655,1.0
regir_loop_nomem,eval,fixed1,final@1000000,"[10, 10, 9]",2,300,qualified,3.735840782073772,-3.735840782073772,3978088554.6666665,2.9360499034664826,1.0
regir_loop_nomem,eval,fixed1,final@1000000,"[10, 10, 12]",0,300,qualified,2.6508014680085625,-2.6508014680085625,3860513178.6666665,3.6889395209200058,1.0
regir_loop_nomem,eval,fixed1,final@1000000,"[10, 10, 12]",1,300,qualified,1.462484880280493,-1.462484880280493,3772160304.0,3.4017185210064054,1.0
regir_loop_nomem,eval,fixed1,final@1000000,"[10, 10, 12]",2,300,qualified,4.096211518306914,-4.096211518306914,3998168053.3333335,2.952618850405561,1.0
regir_loop_nomem,eval,fixed1,final@1000000,"[15, 15, 2]",0,300,qualified,0.9412497785518907,-0.9412497785518907,4947300245.333333,4.092789423887928,1.0
regir_loop_nomem,eval,fixed1,final@1000000,"[15, 15, 2]",1,300,qualified,0.7776319759738134,-0.7776319759738134,5235423344.0,4.304939963584766,1.0
regir_loop_nomem,eval,fixed1,final@1000000,"[15, 15, 2]",2,300,qualified,1.7553830053618658,-1.7553830053618658,5253438261.333333,3.245699720639386,1.0
regir_loop_nomem,eval,fixed1,final@1000000,"[15, 15, 4]",0,300,qualified,1.4282601149930847,-1.4282601149930847,4887890464.0,4.0119857411397,1.0
regir_loop_nomem,eval,fixed1,final@1000000,"[15, 15, 4]",1,300,qualified,0.8765317640322333,-0.8765317640322333,5041108362.666667,3.8044115030781054,1.0
regir_loop_nomem,eval,fixed1,final@1000000,"[15, 15, 4]",2,300,qualified,2.4543162994817918,-2.4543162994817918,5170944890.666667,3.020380694900911,1.0
regir_loop_nomem,eval,fixed1,final@1000000,"[15, 15, 6]",0,300,qualified,1.8624104059648818,-1.8624104059648818,4908758149.333333,4.12560584477925,1.0
regir_loop_nomem,eval,fixed1,final@1000000,"[15, 15, 6]",1,300,qualified,1.1390605524631991,-1.1390605524631991,4964976346.666667,3.952969442203951,1.0
regir_loop_nomem,eval,fixed1,final@1000000,"[15, 15, 6]",2,300,qualified,3.22728399429959,-3.22728399429959,5122342138.666667,3.0378147030311324,1.0
regir_loop_nomem,eval,fixed1,final@1000000,"[20, 20, 2]",0,300,qualified,1.3871023269763192,-1.3871023269763192,6062573120.0,4.426458477525351,1.0
regir_loop_nomem,eval,fixed1,final@1000000,"[20, 20, 2]",1,300,qualified,1.0669467587588903,-1.0669467587588903,6291250394.666667,4.461643390472357,1.0
regir_loop_nomem,eval,fixed1,final@1000000,"[20, 20, 2]",2,300,qualified,2.195763952253684,-2.195763952253684,6269250922.666667,3.1654752832303834,1.0
regir_loop_nomem,eval,fixed1,final@1000000,"[20, 20, 4]",0,300,qualified,1.8640347840474787,-1.8640347840474787,5837171397.333333,4.337464163263018,1.0
regir_loop_nomem,eval,fixed1,final@1000000,"[20, 20, 4]",1,300,qualified,1.1806989871436255,-1.1806989871436255,6117530746.666667,3.8969165250410636,1.0
regir_loop_nomem,eval,fixed1,final@1000000,"[20, 20, 4]",2,300,qualified,3.203977065926906,-3.203977065926906,6200531173.333333,3.040486833692024,1.0
regir_loop_nomem,eval,fixed1,final@1000000,"[20, 20, 6]",0,300,qualified,2.1547298084927413,-2.1547298084927413,5832055781.333333,4.138312035095878,1.0
regir_loop_nomem,eval,fixed1,final@1000000,"[20, 20, 6]",1,300,qualified,1.339723171985428,-1.339723171985428,6057414736.0,3.722736917970081,1.0
regir_loop_nomem,eval,fixed1,final@1000000,"[20, 20, 6]",2,300,qualified,4.031449310046901,-4.031449310046901,6097325904.0,2.9859362122490225,1.0
regir_loop_nomem,eval,fixed1,final@1000000,"[25, 25, 2]",0,300,qualified,1.3765363731696942,-1.3765363731696942,6953516277.333333,4.670300669368977,1.0
regir_loop_nomem,eval,fixed1,final@1000000,"[25, 25, 2]",1,300,qualified,1.141533512016165,-1.141533512016165,7443642176.0,4.3926086045766715,1.0
regir_loop_nomem,eval,fixed1,final@1000000,"[25, 25, 2]",2,300,qualified,2.4162540651485753,-2.4162540651485753,7226290549.333333,2.9665867388510376,1.0
regir_loop_nomem,eval,fixed1,final@1000000,"[30, 30, 2]",0,300,qualified,1.6922341222584134,-1.6922341222584134,7947239189.333333,4.80868169598747,1.0
regir_loop_nomem,eval,fixed1,final@1000000,"[30, 30, 2]",1,300,qualified,1.1783289913614967,-1.1783289913614967,8422455728.0,4.475441655764201,1.0
regir_loop_nomem,eval,fixed1,final@1000000,"[30, 30, 2]",2,300,qualified,3.092496224539736,-3.092496224539736,8239136394.666667,3.2176698873058194,1.0
regir_loop_nomem,eval,fixed1,final@1000000,"[30, 30, 4]",0,300,qualified,2.2813653509523677,-2.2813653509523677,7768086560.0,4.889744089604355,1.0
regir_loop_nomem,eval,fixed1,final@1000000,"[30, 30, 4]",1,300,qualified,1.6815506103168723,-1.6815506103168723,8167282357.333333,4.108900781809158,1.0
regir_loop_nomem,eval,fixed1,final@1000000,"[30, 30, 4]",2,300,qualified,4.339490391425199,-4.339490391425199,8081607802.666667,3.0661400071859437,1.0
regir_loop_nomem,eval,fixed1,final@1000000,"[30, 30, 6]",0,300,qualified,2.7181670375355047,-2.7181670375355047,7742488362.666667,4.683457846166566,1.0
regir_loop_nomem,eval,fixed1,final@1000000,"[30, 30, 6]",1,300,qualified,1.720282333991459,-1.720282333991459,8110823973.333333,3.983132429778537,1.0
regir_loop_nomem,eval,fixed1,final@1000000,"[30, 30, 6]",2,300,qualified,5.589624354061814,-5.589624354061814,8059650378.666667,3.1047235322766937,1.0
regir_loop_nomem,eval,fixed1,final@1000000,"[30, 30, 9]",0,300,qualified,2.981573481284952,-2.981573481284952,7726411280.0,4.86288672773478,1.0
regir_loop_nomem,eval,fixed1,final@1000000,"[30, 30, 9]",1,300,qualified,2.2670755215887333,-2.2670755215887333,8034309616.0,4.106018318446974,1.0
regir_loop_nomem,eval,fixed1,final@1000000,"[30, 30, 9]",2,300,qualified,6.675619529950426,-6.675619529950426,7925497258.666667,3.141306026787109,1.0
regir_loop_nomem,eval,fixed1,final@1000000,"[30, 30, 12]",0,300,qualified,3.682230935806768,-3.682230935806768,7775197594.666667,4.808143316490265,1.0
regir_loop_nomem,eval,fixed1,final@1000000,"[30, 30, 12]",1,300,qualified,2.766001452641261,-2.766001452641261,7894893296.0,3.9710572395013877,1.0
regir_loop_nomem,eval,fixed1,final@1000000,"[30, 30, 12]",2,300,qualified,7.496588184627264,-7.496588184627264,7894571808.0,3.1144625876300656,1.0
regir_loop_nomem,eval,fixed1,final@1000000,"[40, 40, 2]",0,300,qualified,1.8097873778904812,-1.8097873778904812,9847999066.666666,5.307614942584187,1.0
regir_loop_nomem,eval,fixed1,final@1000000,"[40, 40, 2]",1,300,qualified,1.3363769895959878,-1.3363769895959878,10319148288.0,4.172562247636767,1.0
regir_loop_nomem,eval,fixed1,final@1000000,"[40, 40, 2]",2,300,qualified,3.5712609097877404,-3.5712609097877404,9920544490.666666,3.085212743684533,1.0
regir_loop_nomem,eval,fixed1,final@1000000,"[50, 50, 2]",0,300,qualified,2.251149550010842,-2.251149550010842,11434165728.0,5.583438080201546,1.0
regir_loop_nomem,eval,fixed1,final@1000000,"[50, 50, 2]",1,300,qualified,1.5254883112475386,-1.5254883112475386,12028018789.333334,4.438125766851396,1.0
regir_loop_nomem,eval,fixed1,final@1000000,"[50, 50, 2]",2,300,qualified,4.631061174048379,-4.631061174048379,11522328122.666666,3.351502552383269,1.0
regir_loop_nomem,eval,fixed2,final@1000000,"[4, 4, 2]",0,300,qualified,0.24723306289387645,-0.24723306289387645,2781575798.1866665,3.05837684342172,2.0
regir_loop_nomem,eval,fixed2,final@1000000,"[4, 4, 2]",1,300,qualified,0.24762907667124273,-0.24762907667124273,2767515540.266667,3.1969899392919614,2.0
regir_loop_nomem,eval,fixed2,final@1000000,"[4, 4, 2]",2,300,qualified,0.4072724923860612,-0.4072724923860612,2875676237.2266665,2.8080375269728637,2.0
regir_loop_nomem,eval,fixed2,final@1000000,"[5, 5, 2]",0,300,qualified,0.37382052712677066,-0.37382052712677066,3145603622.826667,3.316165889298233,2.0
regir_loop_nomem,eval,fixed2,final@1000000,"[5, 5, 2]",1,300,qualified,0.2855156525695756,-0.2855156525695756,3103113850.0266666,3.458254979754177,2.0
regir_loop_nomem,eval,fixed2,final@1000000,"[5, 5, 2]",2,300,qualified,0.4955892835042861,-0.4955892835042861,3334131404.5866666,2.886523299230612,2.0
regir_loop_nomem,eval,fixed2,final@1000000,"[6, 6, 2]",0,300,qualified,0.42551224093183154,-0.42551224093183154,3525245642.6666665,3.4052108200034126,2.0
regir_loop_nomem,eval,fixed2,final@1000000,"[6, 6, 2]",1,300,qualified,0.20117556264066666,-0.20117556264066666,3457730473.173333,3.4645790568180383,2.0
regir_loop_nomem,eval,fixed2,final@1000000,"[6, 6, 2]",2,300,qualified,0.6083721922893596,-0.6083721922893596,3669464632.1066666,2.8670668931520775,2.0
regir_loop_nomem,eval,fixed2,final@1000000,"[8, 8, 2]",0,300,qualified,0.4764210214074117,-0.4764210214074117,4175499446.826667,3.6063567759500197,2.0
regir_loop_nomem,eval,fixed2,final@1000000,"[8, 8, 2]",1,300,qualified,0.26362244007476543,-0.26362244007476543,4159846631.68,3.605055228221851,2.0
regir_loop_nomem,eval,fixed2,final@1000000,"[8, 8, 2]",2,300,qualified,0.742969951514205,-0.742969951514205,4366533418.026667,3.0103947170059353,2.0
regir_loop_nomem,eval,fixed2,final@1000000,"[10, 10, 2]",0,300,qualified,0.6972015342935012,-0.6972015342935012,4905474272.0,3.9658920935727657,2.0
regir_loop_nomem,eval,fixed2,final@1000000,"[10, 10, 2]",1,300,qualified,0.37065864953277966,-0.37065864953277966,4873275901.653334,3.8846850351601216,2.0
regir_loop_nomem,eval,fixed2,final@1000000,"[10, 10, 2]",2,300,qualified,0.9726998799916357,-0.9726998799916357,5045730913.066667,3.0158006189389077,2.0
regir_loop_nomem,eval,fixed2,final@1000000,"[10, 10, 3]",0,300,qualified,0.7947180733290987,-0.7947180733290987,4827445217.706667,3.760612198592474,2.0
regir_loop_nomem,eval,fixed2,final@1000000,"[10, 10, 3]",1,300,qualified,0.3748419940933843,-0.3748419940933843,4829721073.066667,3.558658546617565,2.0
regir_loop_nomem,eval,fixed2,final@1000000,"[10, 10, 3]",2,300,qualified,1.0944670401072505,-1.0944670401072505,4978643442.346666,2.9891980873339343,2.0
regir_loop_nomem,eval,fixed2,final@1000000,"[10, 10, 4]",0,300,qualified,0.7572499861498104,-0.7572499861498104,4837998646.1866665,3.8809139067089804,2.0
regir_loop_nomem,eval,fixed2,final@1000000,"[10, 10, 4]",1,300,qualified,0.5265681163872081,-0.5265681163872081,4771020569.173333,3.6821257601600763,2.0
regir_loop_nomem,eval,fixed2,final@1000000,"[10, 10, 4]",2,300,qualified,1.2778073746219891,-1.2778073746219891,5033103082.026667,3.1043408702934783,2.0
regir_loop_nomem,eval,fixed2,final@1000000,"[10, 10, 6]",0,300,qualified,1.0836031295447046,-1.0836031295447046,4791111966.933333,3.6891968875145538,2.0
regir_loop_nomem,eval,fixed2,final@1000000,"[10, 10, 6]",1,300,qualified,0.5141098286794287,-0.5141098286794287,4772092946.133333,3.5103445493848993,2.0
regir_loop_nomem,eval,fixed2,final@1000000,"[10, 10, 6]",2,300,qualified,1.5541607436275684,-1.5541607436275684,4950411115.306666,2.944128147853771,2.0
regir_loop_nomem,eval,fixed2,final@1000000,"[10, 10, 9]",0,300,qualified,1.3592052058564201,-1.3592052058564201,4793856627.2,3.8663785657053813,2.0
regir_loop_nomem,eval,fixed2,final@1000000,"[10, 10, 9]",1,300,qualified,0.7740704212450328,-0.7740704212450328,4707481889.066667,3.703892547674477,2.0
regir_loop_nomem,eval,fixed2,final@1000000,"[10, 10, 9]",2,300,qualified,2.035931795303587,-2.035931795303587,4960835466.666667,3.058647778494827,2.0
regir_loop_nomem,eval,fixed2,final@1000000,"[10, 10, 12]",0,300,qualified,2.0163685398941293,-2.0163685398941293,4920668374.613334,3.9847830754192546,2.0
regir_loop_nomem,eval,fixed2,final@1000000,"[10, 10, 12]",1,300,qualified,0.904815058080941,-0.904815058080941,4736924268.8,3.458443311982167,2.0
regir_loop_nomem,eval,fixed2,final@1000000,"[10, 10, 12]",2,300,qualified,2.5707007165686773,-2.5707007165686773,4986658635.733334,2.995922368837637,2.0
regir_loop_nomem,eval,fixed2,final@1000000,"[15, 15, 2]",0,300,qualified,0.9140076125996882,-0.9140076125996882,6485678778.026667,4.265600392568546,2.0
regir_loop_nomem,eval,fixed2,final@1000000,"[15, 15, 2]",1,300,qualified,0.3220101811104224,-0.3220101811104224,6563183996.586667,4.040164873888716,2.0
regir_loop_nomem,eval,fixed2,final@1000000,"[15, 15, 2]",2,300,qualified,1.266848539379622,-1.266848539379622,6639882588.373333,3.160356646897659,2.0
regir_loop_nomem,eval,fixed2,final@1000000,"[15, 15, 4]",0,300,qualified,1.0947076271337624,-1.0947076271337624,6492656165.76,4.1156437297553445,2.0
regir_loop_nomem,eval,fixed2,final@1000000,"[15, 15, 4]",1,300,qualified,0.5015707494893422,-0.5015707494893422,6446571985.706667,3.7464493275635564,2.0
regir_loop_nomem,eval,fixed2,final@1000000,"[15, 15, 4]",2,300,qualified,1.6969166996029483,-1.6969166996029483,6538370773.546667,3.014973607187082,2.0
regir_loop_nomem,eval,fixed2,final@1000000,"[15, 15, 6]",0,300,qualified,1.353157979441511,-1.353157979441511,6404082920.32,4.292798476526514,2.0
regir_loop_nomem,eval,fixed2,final@1000000,"[15, 15, 6]",1,300,qualified,0.5875183163260792,-0.5875183163260792,6444113122.986667,3.885566922960182,2.0
regir_loop_nomem,eval,fixed2,final@1000000,"[15, 15, 6]",2,300,qualified,2.0840815621857605,-2.0840815621857605,6591670497.92,2.952020028176485,2.0
regir_loop_nomem,eval,fixed2,final@1000000,"[20, 20, 2]",0,300,qualified,0.8608392890588853,-0.8608392890588853,8197760525.013333,4.592880604302821,2.0
regir_loop_nomem,eval,fixed2,final@1000000,"[20, 20, 2]",1,300,qualified,0.374445720961192,-0.374445720961192,8134795218.773334,4.036033969282483,2.0
regir_loop_nomem,eval,fixed2,final@1000000,"[20, 20, 2]",2,300,qualified,1.5381026405649252,-1.5381026405649252,8168636627.2,3.218192891612804,2.0
regir_loop_nomem,eval,fixed2,final@1000000,"[20, 20, 4]",0,300,qualified,1.4567635093772842,-1.4567635093772842,8026996094.72,4.557158065435166,2.0
regir_loop_nomem,eval,fixed2,final@1000000,"[20, 20, 4]",1,300,qualified,0.7506056442919654,-0.7506056442919654,8083245518.933333,3.9182448054042953,2.0
regir_loop_nomem,eval,fixed2,final@1000000,"[20, 20, 4]",2,300,qualified,2.037406365236212,-2.037406365236212,8013172352.0,2.922760356936099,2.0
regir_loop_nomem,eval,fixed2,final@1000000,"[20, 20, 6]",0,300,qualified,1.7142140723367707,-1.7142140723367707,7990189027.2,4.483986856287035,2.0
regir_loop_nomem,eval,fixed2,final@1000000,"[20, 20, 6]",1,300,qualified,0.6165162120188614,-0.6165162120188614,8104030945.92,3.7151367321051656,2.0
regir_loop_nomem,eval,fixed2,final@1000000,"[20, 20, 6]",2,300,qualified,2.609588679383195,-2.609588679383195,8084504490.026667,3.1440944442003578,2.0
regir_loop_nomem,eval,fixed2,final@1000000,"[25, 25, 2]",0,300,qualified,1.0202339437949532,-1.0202339437949532,9582189060.053333,4.780235625288139,2.0
regir_loop_nomem,eval,fixed2,final@1000000,"[25, 25, 2]",1,300,qualified,0.3804967209184276,-0.3804967209184276,9836026232.533333,4.160393342850924,2.0
regir_loop_nomem,eval,fixed2,final@1000000,"[25, 25, 2]",2,300,qualified,1.7927611466770192,-1.7927611466770192,9570924935.68,3.1054918465278267,2.0
regir_loop_nomem,eval,fixed2,final@1000000,"[30, 30, 2]",0,300,qualified,1.3424881941041629,-1.3424881941041629,11135250488.746666,5.079557026952195,2.0
regir_loop_nomem,eval,fixed2,final@1000000,"[30, 30, 2]",1,300,qualified,0.3810976841608907,-0.3810976841608907,11376776504.106667,4.166952322340027,2.0
regir_loop_nomem,eval,fixed2,final@1000000,"[30, 30, 2]",2,300,qualified,2.348934012882952,-2.348934012882952,10970359475.2,3.193127857186288,2.0
regir_loop_nomem,eval,fixed2,final@1000000,"[30, 30, 4]",0,300,qualified,1.8310559502350743,-1.8310559502350743,10972107338.026667,5.14277109702273,2.0
regir_loop_nomem,eval,fixed2,final@1000000,"[30, 30, 4]",1,300,qualified,0.5476065721888715,-0.5476065721888715,11209272472.533333,3.9340503511028753,2.0
regir_loop_nomem,eval,fixed2,final@1000000,"[30, 30, 4]",2,300,qualified,3.050251605168618,-3.050251605168618,10780605229.866667,3.1216706734880186,2.0
regir_loop_nomem,eval,fixed2,final@1000000,"[30, 30, 6]",0,300,qualified,2.3115863238681813,-2.3115863238681813,10925628320.426666,4.975059655214039,2.0
regir_loop_nomem,eval,fixed2,final@1000000,"[30, 30, 6]",1,300,qualified,0.7123710755386344,-0.7123710755386344,11191890171.306667,3.984531769708653,2.0
regir_loop_nomem,eval,fixed2,final@1000000,"[30, 30, 6]",2,300,qualified,3.8117221149453178,-3.8117221149453178,10837704509.226667,3.060403009399888,2.0
regir_loop_nomem,eval,fixed2,final@1000000,"[30, 30, 9]",0,300,qualified,2.2889621955448827,-2.2889621955448827,10989907039.573334,5.234237667264727,2.0
regir_loop_nomem,eval,fixed2,final@1000000,"[30, 30, 9]",1,300,qualified,0.804190018148844,-0.804190018148844,11134844507.946667,4.071213666177937,2.0
regir_loop_nomem,eval,fixed2,final@1000000,"[30, 30, 9]",2,300,qualified,4.429441579605784,-4.429441579605784,10901580008.533333,3.1119080129294887,2.0
regir_loop_nomem,eval,fixed2,final@1000000,"[30, 30, 12]",0,300,qualified,3.132358881527498,-3.132358881527498,10969360122.88,5.233744502599972,2.0
regir_loop_nomem,eval,fixed2,final@1000000,"[30, 30, 12]",1,300,qualified,1.064755597416084,-1.064755597416084,11078834164.053333,4.023695752070441,2.0
regir_loop_nomem,eval,fixed2,final@1000000,"[30, 30, 12]",2,300,qualified,5.011449869492434,-5.011449869492434,10899149427.84,3.1469439451629295,2.0
regir_loop_nomem,eval,fixed2,final@1000000,"[40, 40, 2]",0,300,qualified,1.2828076276139957,-1.2828076276139957,13967400908.8,5.243520740540698,2.0
regir_loop_nomem,eval,fixed2,final@1000000,"[40, 40, 2]",1,300,qualified,0.31744918092713176,-0.31744918092713176,14289548930.133333,4.163400079716424,2.0
regir_loop_nomem,eval,fixed2,final@1000000,"[40, 40, 2]",2,300,qualified,2.8348152994909084,-2.8348152994909084,13457132580.266666,3.2153418096733124,2.0
regir_loop_nomem,eval,fixed2,final@1000000,"[50, 50, 2]",0,300,qualified,1.5517836768780588,-1.5517836768780588,16694259888.0,5.687830775029337,2.0
regir_loop_nomem,eval,fixed2,final@1000000,"[50, 50, 2]",1,300,qualified,0.5188224847755417,-0.5188224847755417,17044328328.746666,4.186000957065262,2.0
regir_loop_nomem,eval,fixed2,final@1000000,"[50, 50, 2]",2,300,qualified,3.513916864005446,-3.513916864005446,15732298716.586666,3.42962178827147,2.0
regir_loop_nomem,eval,fixed3,final@1000000,"[4, 4, 2]",0,300,qualified,0.22873928871242963,-0.22873928871242963,3257991457.4933333,3.248401644672267,3.0
regir_loop_nomem,eval,fixed3,final@1000000,"[4, 4, 2]",1,300,qualified,0.29926339233076493,-0.29926339233076493,3328437938.7733335,3.481916653436298,3.0
regir_loop_nomem,eval,fixed3,final@1000000,"[4, 4, 2]",2,300,qualified,0.41660188421006256,-0.41660188421006256,3411768249.6,3.126419621807872,3.0
regir_loop_nomem,eval,fixed3,final@1000000,"[5, 5, 2]",0,300,qualified,0.3086138794776773,-0.3086138794776773,3719196283.0933332,3.5242395000640925,3.0
regir_loop_nomem,eval,fixed3,final@1000000,"[5, 5, 2]",1,300,qualified,0.29330910819353306,-0.29330910819353306,3705298688.64,3.7373640207961825,3.0
regir_loop_nomem,eval,fixed3,final@1000000,"[5, 5, 2]",2,300,qualified,0.484051710554647,-0.484051710554647,3909022016.0,3.0287294749168603,3.0
regir_loop_nomem,eval,fixed3,final@1000000,"[6, 6, 2]",0,300,qualified,0.43795588633951543,-0.43795588633951543,4260575029.12,3.656463450685454,3.0
regir_loop_nomem,eval,fixed3,final@1000000,"[6, 6, 2]",1,300,qualified,0.2805314507384352,-0.2805314507384352,4139973499.9466667,3.6184974480327217,3.0
regir_loop_nomem,eval,fixed3,final@1000000,"[6, 6, 2]",2,300,qualified,0.576209653524381,-0.576209653524381,4411003127.466666,3.13928668913121,3.0
regir_loop_nomem,eval,fixed3,final@1000000,"[8, 8, 2]",0,300,qualified,0.5166004734734204,-0.5166004734734204,5168690393.386666,3.9094519899971782,3.0
regir_loop_nomem,eval,fixed3,final@1000000,"[8, 8, 2]",1,300,qualified,0.34576763640711017,-0.34576763640711017,5087132309.333333,3.848797887743761,3.0
regir_loop_nomem,eval,fixed3,final@1000000,"[8, 8, 2]",2,300,qualified,0.8795177676981517,-0.8795177676981517,5321018567.04,3.2729903176651955,3.0
regir_loop_nomem,eval,fixed3,final@1000000,"[10, 10, 2]",0,300,qualified,0.6041924113258991,-0.6041924113258991,6022573358.933333,4.162250867787128,3.0
regir_loop_nomem,eval,fixed3,final@1000000,"[10, 10, 2]",1,300,qualified,0.33331398330839684,-0.33331398330839684,5992837429.12,4.2736218818758305,3.0
regir_loop_nomem,eval,fixed3,final@1000000,"[10, 10, 2]",2,300,qualified,0.8779988830703375,-0.8779988830703375,6213622988.373333,3.2436304291378475,3.0
regir_loop_nomem,eval,fixed3,final@1000000,"[10, 10, 3]",0,300,qualified,0.7777262545695323,-0.7777262545695323,6015026597.12,4.130976636923539,3.0
regir_loop_nomem,eval,fixed3,final@1000000,"[10, 10, 3]",1,300,qualified,0.4457079987506449,-0.4457079987506449,5899676232.32,3.777952733851659,3.0
regir_loop_nomem,eval,fixed3,final@1000000,"[10, 10, 3]",2,300,qualified,1.1662257943320735,-1.1662257943320735,6197004020.906667,3.3452338609958923,3.0
regir_loop_nomem,eval,fixed3,final@1000000,"[10, 10, 4]",0,300,qualified,0.8564454777201121,-0.8564454777201121,6032305030.826667,4.324029612041389,3.0
regir_loop_nomem,eval,fixed3,final@1000000,"[10, 10, 4]",1,300,qualified,0.46890241146844336,-0.46890241146844336,5867957889.493333,3.8691331511704874,3.0
regir_loop_nomem,eval,fixed3,final@1000000,"[10, 10, 4]",2,300,qualified,1.3779197474233538,-1.3779197474233538,6226300142.72,3.2649870295847845,3.0
regir_loop_nomem,eval,fixed3,final@1000000,"[10, 10, 6]",0,300,qualified,1.0644280766625893,-1.0644280766625893,5989658977.706667,4.11289727322602,3.0
regir_loop_nomem,eval,fixed3,final@1000000,"[10, 10, 6]",1,300,qualified,0.6029502319380242,-0.6029502319380242,5834736612.48,3.9052772041317074,3.0
regir_loop_nomem,eval,fixed3,final@1000000,"[10, 10, 6]",2,300,qualified,1.619114927816012,-1.619114927816012,6119244304.64,3.0277458325309756,3.0
regir_loop_nomem,eval,fixed3,final@1000000,"[10, 10, 9]",0,300,qualified,1.4222228781074395,-1.4222228781074395,6008750358.4,4.2022133755854645,3.0
regir_loop_nomem,eval,fixed3,final@1000000,"[10, 10, 9]",1,300,qualified,0.7933795581288243,-0.7933795581288243,5795962569.173333,3.911986407341125,3.0
regir_loop_nomem,eval,fixed3,final@1000000,"[10, 10, 9]",2,300,qualified,2.276540193049292,-2.276540193049292,6143565904.426666,3.2450472448665337,3.0
regir_loop_nomem,eval,fixed3,final@1000000,"[10, 10, 12]",0,300,qualified,2.0472231900443747,-2.0472231900443747,6160403414.4,4.243066153321415,3.0
regir_loop_nomem,eval,fixed3,final@1000000,"[10, 10, 12]",1,300,qualified,0.9704540590318802,-0.9704540590318802,5787854330.24,3.735670138282391,3.0
regir_loop_nomem,eval,fixed3,final@1000000,"[10, 10, 12]",2,300,qualified,2.743380517287616,-2.743380517287616,6178005007.786667,3.072601844431095,3.0
regir_loop_nomem,eval,fixed3,final@1000000,"[15, 15, 2]",0,300,qualified,0.9786890104986343,-0.9786890104986343,8260093704.96,4.621365659117388,3.0
regir_loop_nomem,eval,fixed3,final@1000000,"[15, 15, 2]",1,300,qualified,0.5095143416443161,-0.5095143416443161,8116490120.96,4.210692788842135,3.0
regir_loop_nomem,eval,fixed3,final@1000000,"[15, 15, 2]",2,300,qualified,1.3300489310940993,-1.3300489310940993,8241638668.373333,3.2825276508091097,3.0
regir_loop_nomem,eval,fixed3,final@1000000,"[15, 15, 4]",0,300,qualified,1.2833958474349931,-1.2833958474349931,8312166711.04,4.590614367965609,3.0
regir_loop_nomem,eval,fixed3,final@1000000,"[15, 15, 4]",1,300,qualified,0.5464089721234305,-0.5464089721234305,8062206862.933333,3.971497016814537,3.0
regir_loop_nomem,eval,fixed3,final@1000000,"[15, 15, 4]",2,300,qualified,1.6410560163570773,-1.6410560163570773,8297504584.533334,3.2928893409913873,3.0
regir_loop_nomem,eval,fixed3,final@1000000,"[15, 15, 6]",0,300,qualified,1.3131025877453422,-1.3131025877453422,8175402013.226666,4.608113698395901,3.0
regir_loop_nomem,eval,fixed3,final@1000000,"[15, 15, 6]",1,300,qualified,0.6182727043310664,-0.6182727043310664,7985780450.986667,4.0854176949601,3.0
regir_loop_nomem,eval,fixed3,final@1000000,"[15, 15, 6]",2,300,qualified,2.3705199464222977,-2.3705199464222977,8322272959.786667,3.3615221197881815,3.0
regir_loop_nomem,eval,fixed3,final@1000000,"[20, 20, 2]",0,300,qualified,1.0329944722143038,-1.0329944722143038,10391741553.066668,4.754148807061526,3.0
regir_loop_nomem,eval,fixed3,final@1000000,"[20, 20, 2]",1,300,qualified,0.47874573252983604,-0.47874573252983604,10259387559.466667,4.312926573792162,3.0
regir_loop_nomem,eval,fixed3,final@1000000,"[20, 20, 2]",2,300,qualified,1.563398864425954,-1.563398864425954,10368257175.466667,3.485178959708428,3.0
regir_loop_nomem,eval,fixed3,final@1000000,"[20, 20, 4]",0,300,qualified,1.5613401285911093,-1.5613401285911093,10314217364.906666,4.8419202461652455,3.0
regir_loop_nomem,eval,fixed3,final@1000000,"[20, 20, 4]",1,300,qualified,0.7560514727605382,-0.7560514727605382,10139121221.12,4.083599257220825,3.0
regir_loop_nomem,eval,fixed3,final@1000000,"[20, 20, 4]",2,300,qualified,2.0790426060076905,-2.0790426060076905,10236227457.28,3.1303716865263413,3.0
regir_loop_nomem,eval,fixed3,final@1000000,"[20, 20, 6]",0,300,qualified,1.9782090797615128,-1.9782090797615128,10302234830.08,4.723017370509915,3.0
regir_loop_nomem,eval,fixed3,final@1000000,"[20, 20, 6]",1,300,qualified,0.8522615836368386,-0.8522615836368386,10179693675.733334,4.070757497024412,3.0
regir_loop_nomem,eval,fixed3,final@1000000,"[20, 20, 6]",2,300,qualified,2.7767161846851227,-2.7767161846851227,10230268362.666666,3.275843761358022,3.0
regir_loop_nomem,eval,fixed3,final@1000000,"[25, 25, 2]",0,300,qualified,1.183690803750307,-1.183690803750307,12490607877.546667,5.190976078029101,3.0
regir_loop_nomem,eval,fixed3,final@1000000,"[25, 25, 2]",1,300,qualified,0.5264914988612805,-0.5264914988612805,12419068192.213333,4.367912666801712,3.0
regir_loop_nomem,eval,fixed3,final@1000000,"[25, 25, 2]",2,300,qualified,1.9542862599457833,-1.9542862599457833,12115628871.466667,3.2871569064135353,3.0
regir_loop_nomem,eval,fixed3,final@1000000,"[30, 30, 2]",0,300,qualified,1.352136775963687,-1.352136775963687,14539211135.146667,5.402043262935864,3.0
regir_loop_nomem,eval,fixed3,final@1000000,"[30, 30, 2]",1,300,qualified,0.4284649486280915,-0.4284649486280915,14419089751.893333,4.586662181578577,3.0
regir_loop_nomem,eval,fixed3,final@1000000,"[30, 30, 2]",2,300,qualified,2.315932880097309,-2.315932880097309,14007433192.96,3.4064959144580644,3.0
regir_loop_nomem,eval,fixed3,final@1000000,"[30, 30, 4]",0,300,qualified,1.921544118644487,-1.921544118644487,14323967809.066668,5.432815552796237,3.0
regir_loop_nomem,eval,fixed3,final@1000000,"[30, 30, 4]",1,300,qualified,0.6181996154305329,-0.6181996154305329,14304606753.493334,4.145228857946155,3.0
regir_loop_nomem,eval,fixed3,final@1000000,"[30, 30, 4]",2,300,qualified,3.0807032489626387,-3.0807032489626387,13852052524.373333,3.280850534356626,3.0
regir_loop_nomem,eval,fixed3,final@1000000,"[30, 30, 6]",0,300,qualified,2.3813535296271136,-2.3813535296271136,14398448361.813334,5.2895862443652,3.0
regir_loop_nomem,eval,fixed3,final@1000000,"[30, 30, 6]",1,300,qualified,0.8551529699106933,-0.8551529699106933,14192577115.093334,4.151523813696889,3.0
regir_loop_nomem,eval,fixed3,final@1000000,"[30, 30, 6]",2,300,qualified,3.728499622806591,-3.728499622806591,13968659883.093334,3.2508063518929218,3.0
regir_loop_nomem,eval,fixed3,final@1000000,"[30, 30, 9]",0,300,qualified,2.436523225770245,-2.436523225770245,14441203549.653334,5.551337040189344,3.0
regir_loop_nomem,eval,fixed3,final@1000000,"[30, 30, 9]",1,300,qualified,0.7892649006507404,-0.7892649006507404,14204209978.026667,4.19212748276128,3.0
regir_loop_nomem,eval,fixed3,final@1000000,"[30, 30, 9]",2,300,qualified,4.330340931253301,-4.330340931253301,14011357025.706667,3.1969876106174584,3.0
regir_loop_nomem,eval,fixed3,final@1000000,"[30, 30, 12]",0,300,qualified,3.2565927678804876,-3.2565927678804876,14491172145.92,5.489455721443519,3.0
regir_loop_nomem,eval,fixed3,final@1000000,"[30, 30, 12]",1,300,qualified,1.1270575071231135,-1.1270575071231135,14112116916.48,4.260091393672628,3.0
regir_loop_nomem,eval,fixed3,final@1000000,"[30, 30, 12]",2,300,qualified,5.428029541766017,-5.428029541766017,14033417065.6,3.2535482490897025,3.0
regir_loop_nomem,eval,fixed3,final@1000000,"[40, 40, 2]",0,300,qualified,1.3587625503006826,-1.3587625503006826,18533710183.893333,5.582842240631581,3.0
regir_loop_nomem,eval,fixed3,final@1000000,"[40, 40, 2]",1,300,qualified,0.44446532061306604,-0.44446532061306604,18386729490.133335,4.26395943744632,3.0
regir_loop_nomem,eval,fixed3,final@1000000,"[40, 40, 2]",2,300,qualified,2.62907443799201,-2.62907443799201,17197432102.826668,3.1705167902711158,3.0
regir_loop_nomem,eval,fixed3,final@1000000,"[50, 50, 2]",0,300,qualified,1.7204261028350527,-1.7204261028350527,22196152758.18667,5.955586870837336,3.0
regir_loop_nomem,eval,fixed3,final@1000000,"[50, 50, 2]",1,300,qualified,0.4612821738911577,-0.4612821738911577,21993091346.986668,4.479128449326769,3.0
regir_loop_nomem,eval,fixed3,final@1000000,"[50, 50, 2]",2,300,qualified,3.284017487896051,-3.284017487896051,20441225823.146667,3.458720725213837,3.0
regir_loop_nomem,eval,fixed4,final@1000000,"[4, 4, 2]",0,300,qualified,0.29154077890400704,-0.29154077890400704,3899446993.92,3.6535002422270675,4.0
regir_loop_nomem,eval,fixed4,final@1000000,"[4, 4, 2]",1,300,qualified,0.3076705408406577,-0.3076705408406577,3921732343.4666667,3.8742928681196647,4.0
regir_loop_nomem,eval,fixed4,final@1000000,"[4, 4, 2]",2,300,qualified,0.4630132603811207,-0.4630132603811207,4013209086.9333334,3.422037166011869,4.0
regir_loop_nomem,eval,fixed4,final@1000000,"[5, 5, 2]",0,300,qualified,0.38126703549498864,-0.38126703549498864,4493412307.84,3.899602768866656,4.0
regir_loop_nomem,eval,fixed4,final@1000000,"[5, 5, 2]",1,300,qualified,0.30010063503824636,-0.30010063503824636,4433093741.226666,4.112546042938096,4.0
regir_loop_nomem,eval,fixed4,final@1000000,"[5, 5, 2]",2,300,qualified,0.5985094304164611,-0.5985094304164611,4652327603.626667,3.3818455355709496,4.0
regir_loop_nomem,eval,fixed4,final@1000000,"[6, 6, 2]",0,300,qualified,0.4767565855225141,-0.4767565855225141,5070714198.613334,3.9826113482999306,4.0
regir_loop_nomem,eval,fixed4,final@1000000,"[6, 6, 2]",1,300,qualified,0.33098260563145926,-0.33098260563145926,5047262347.946667,4.109660259160834,4.0
regir_loop_nomem,eval,fixed4,final@1000000,"[6, 6, 2]",2,300,qualified,0.6041371851626239,-0.6041371851626239,5137511521.28,3.3355865926520587,4.0
regir_loop_nomem,eval,fixed4,final@1000000,"[8, 8, 2]",0,300,qualified,0.5631960626760368,-0.5631960626760368,6301673502.933333,4.40568753919409,4.0
regir_loop_nomem,eval,fixed4,final@1000000,"[8, 8, 2]",1,300,qualified,0.37982014769454586,-0.37982014769454586,6226120650.026667,4.3836178141397735,4.0
regir_loop_nomem,eval,fixed4,final@1000000,"[8, 8, 2]",2,300,qualified,0.8762014096667571,-0.8762014096667571,6348008733.866667,3.6357470136902217,4.0
regir_loop_nomem,eval,fixed4,final@1000000,"[10, 10, 2]",0,300,qualified,0.7664028637877871,-0.7664028637877871,7453306005.12,4.653015810589617,4.0
regir_loop_nomem,eval,fixed4,final@1000000,"[10, 10, 2]",1,300,qualified,0.43300144842007166,-0.43300144842007166,7284642967.466666,4.63251446201466,4.0
regir_loop_nomem,eval,fixed4,final@1000000,"[10, 10, 2]",2,300,qualified,1.0594077193562548,-1.0594077193562548,7313203652.906667,3.506504826681921,4.0
regir_loop_nomem,eval,fixed4,final@1000000,"[10, 10, 3]",0,300,qualified,0.8413356594549096,-0.8413356594549096,7350389627.306666,4.533249801487352,4.0
regir_loop_nomem,eval,fixed4,final@1000000,"[10, 10, 3]",1,300,qualified,0.5513670367396147,-0.5513670367396147,7227009329.28,4.151522283554077,4.0
regir_loop_nomem,eval,fixed4,final@1000000,"[10, 10, 3]",2,300,qualified,1.318545294305366,-1.318545294305366,7358988343.466666,3.502570299693422,4.0
regir_loop_nomem,eval,fixed4,final@1000000,"[10, 10, 4]",0,300,qualified,1.0986738605537922,-1.0986738605537922,7432534911.36,4.6446094993206986,4.0
regir_loop_nomem,eval,fixed4,final@1000000,"[10, 10, 4]",1,300,qualified,0.5557607565063362,-0.5557607565063362,7238609005.013333,4.227786109728428,4.0
regir_loop_nomem,eval,fixed4,final@1000000,"[10, 10, 4]",2,300,qualified,1.3778753262687322,-1.3778753262687322,7326438658.346666,3.6886377050595667,4.0
regir_loop_nomem,eval,fixed4,final@1000000,"[10, 10, 6]",0,300,qualified,1.3372473222417525,-1.3372473222417525,7439575623.253333,4.592781281266362,4.0
regir_loop_nomem,eval,fixed4,final@1000000,"[10, 10, 6]",1,300,qualified,0.6579131372499415,-0.6579131372499415,7145222545.92,4.185074774079646,4.0
regir_loop_nomem,eval,fixed4,final@1000000,"[10, 10, 6]",2,300,qualified,1.8034541499726824,-1.8034541499726824,7317328249.386666,3.4930264833408486,4.0
regir_loop_nomem,eval,fixed4,final@1000000,"[10, 10, 9]",0,300,qualified,1.918002798874945,-1.918002798874945,7475544378.88,4.675868450342677,4.0
regir_loop_nomem,eval,fixed4,final@1000000,"[10, 10, 9]",1,300,qualified,0.8658170633560819,-0.8658170633560819,7094773404.586667,4.408801811385589,4.0
regir_loop_nomem,eval,fixed4,final@1000000,"[10, 10, 9]",2,300,qualified,2.475240499694233,-2.475240499694233,7275005553.493333,3.3953134265495466,4.0
regir_loop_nomem,eval,fixed4,final@1000000,"[10, 10, 12]",0,300,qualified,2.5847852846906227,-2.5847852846906227,7759429725.44,4.652795886125726,4.0
regir_loop_nomem,eval,fixed4,final@1000000,"[10, 10, 12]",1,300,qualified,1.1086477563464616,-1.1086477563464616,7123784893.653334,4.146880667035778,4.0
regir_loop_nomem,eval,fixed4,final@1000000,"[10, 10, 12]",2,300,qualified,3.1468880348904733,-3.1468880348904733,7427980848.426666,3.4367803233394323,4.0
regir_loop_nomem,eval,fixed4,final@1000000,"[15, 15, 2]",0,300,qualified,1.0492517601956926,-1.0492517601956926,10312660984.533333,4.999832374028241,4.0
regir_loop_nomem,eval,fixed4,final@1000000,"[15, 15, 2]",1,300,qualified,0.48299494061600706,-0.48299494061600706,10100346914.986666,4.716751915713151,4.0
regir_loop_nomem,eval,fixed4,final@1000000,"[15, 15, 2]",2,300,qualified,1.2841154987745897,-1.2841154987745897,9889876805.973333,3.595667714633552,4.0
regir_loop_nomem,eval,fixed4,final@1000000,"[15, 15, 4]",0,300,qualified,1.3937924728840394,-1.3937924728840394,10312847024.213333,4.915809539250719,4.0
regir_loop_nomem,eval,fixed4,final@1000000,"[15, 15, 4]",1,300,qualified,0.7266736469056349,-0.7266736469056349,9982906617.813334,4.5437828156445175,4.0
regir_loop_nomem,eval,fixed4,final@1000000,"[15, 15, 4]",2,300,qualified,1.8374141197368627,-1.8374141197368627,9894613406.506666,3.3646310899507563,4.0
regir_loop_nomem,eval,fixed4,final@1000000,"[15, 15, 6]",0,300,qualified,1.7351984570938395,-1.7351984570938395,10319418967.466667,5.029826000356115,4.0
regir_loop_nomem,eval,fixed4,final@1000000,"[15, 15, 6]",1,300,qualified,0.8272684918911866,-0.8272684918911866,10026631687.893333,4.6829804164373,4.0
regir_loop_nomem,eval,fixed4,final@1000000,"[15, 15, 6]",2,300,qualified,2.602163146345356,-2.602163146345356,9938588083.2,3.310906885268244,4.0
regir_loop_nomem,eval,fixed4,final@1000000,"[20, 20, 2]",0,300,qualified,1.2511843547034511,-1.2511843547034511,13182002626.346666,5.30499756476221,4.0
regir_loop_nomem,eval,fixed4,final@1000000,"[20, 20, 2]",1,300,qualified,0.5597916698600073,-0.5597916698600073,12874158027.733334,4.779808370141933,4.0
regir_loop_nomem,eval,fixed4,final@1000000,"[20, 20, 2]",2,300,qualified,1.5965949831535573,-1.5965949831535573,12454963921.92,3.584060003859728,4.0
regir_loop_nomem,eval,fixed4,final@1000000,"[20, 20, 4]",0,300,qualified,1.8037040901532624,-1.8037040901532624,13050861507.626667,5.278991855098866,4.0
regir_loop_nomem,eval,fixed4,final@1000000,"[20, 20, 4]",1,300,qualified,0.7768452325278422,-0.7768452325278422,12766344123.733334,4.4450340742742025,4.0
regir_loop_nomem,eval,fixed4,final@1000000,"[20, 20, 4]",2,300,qualified,2.327763716367213,-2.327763716367213,12252231432.96,3.3705090892097602,4.0
regir_loop_nomem,eval,fixed4,final@1000000,"[20, 20, 6]",0,300,qualified,2.2767199442397152,-2.2767199442397152,12988534527.786667,5.238099642194187,4.0
regir_loop_nomem,eval,fixed4,final@1000000,"[20, 20, 6]",1,300,qualified,0.8914026890285581,-0.8914026890285581,12691202592.426666,4.503642676404367,4.0
regir_loop_nomem,eval,fixed4,final@1000000,"[20, 20, 6]",2,300,qualified,2.9386054013931426,-2.9386054013931426,12368011466.24,3.4234215979790314,4.0
regir_loop_nomem,eval,fixed4,final@1000000,"[25, 25, 2]",0,300,qualified,1.37982424144018,-1.37982424144018,15733118216.746666,5.640562072854179,4.0
regir_loop_nomem,eval,fixed4,final@1000000,"[25, 25, 2]",1,300,qualified,0.6502878255029179,-0.6502878255029179,15483519869.866667,4.932029295208825,4.0
regir_loop_nomem,eval,fixed4,final@1000000,"[25, 25, 2]",2,300,qualified,2.0056911602112364,-2.0056911602112364,14852681695.146667,3.5021848679429,4.0
regir_loop_nomem,eval,fixed4,final@1000000,"[30, 30, 2]",0,300,qualified,1.5577130633234193,-1.5577130633234193,18311597821.65333,5.7926917778483284,4.0
regir_loop_nomem,eval,fixed4,final@1000000,"[30, 30, 2]",1,300,qualified,0.5710572866376179,-0.5710572866376179,18098603949.65333,4.8011825255139655,4.0
regir_loop_nomem,eval,fixed4,final@1000000,"[30, 30, 2]",2,300,qualified,2.303554075786253,-2.303554075786253,16940260655.146667,3.6104885393513055,4.0
regir_loop_nomem,eval,fixed4,final@1000000,"[30, 30, 4]",0,300,qualified,2.3363030230350303,-2.3363030230350303,18111232461.44,5.84349907063879,4.0
regir_loop_nomem,eval,fixed4,final@1000000,"[30, 30, 4]",1,300,qualified,0.8419860588996156,-0.8419860588996156,18011283920.853333,4.740338828219101,4.0
regir_loop_nomem,eval,fixed4,final@1000000,"[30, 30, 4]",2,300,qualified,3.4562880754017558,-3.4562880754017558,16845667843.2,3.445745071894295,4.0
regir_loop_nomem,eval,fixed4,final@1000000,"[30, 30, 6]",0,300,qualified,2.9072125965121525,-2.9072125965121525,18331256144.426666,5.753202020272923,4.0
regir_loop_nomem,eval,fixed4,final@1000000,"[30, 30, 6]",1,300,qualified,1.0972361019487875,-1.0972361019487875,18107226226.133335,4.5754188814811645,4.0
regir_loop_nomem,eval,fixed4,final@1000000,"[30, 30, 6]",2,300,qualified,3.9001676882394625,-3.9001676882394625,16994692736.213333,3.475916565406757,4.0
regir_loop_nomem,eval,fixed4,final@1000000,"[30, 30, 9]",0,300,qualified,3.2384898221819842,-3.2384898221819842,18225353844.48,5.917277998621575,4.0
regir_loop_nomem,eval,fixed4,final@1000000,"[30, 30, 9]",1,300,qualified,1.0165009179260092,-1.0165009179260092,17929234167.04,4.594914151454577,4.0
regir_loop_nomem,eval,fixed4,final@1000000,"[30, 30, 9]",2,300,qualified,4.5346956468963295,-4.5346956468963295,17050760576.64,3.471040445868275,4.0
regir_loop_nomem,eval,fixed4,final@1000000,"[30, 30, 12]",0,300,qualified,4.077778429164514,-4.077778429164514,18237424906.666668,5.82686008673627,4.0
regir_loop_nomem,eval,fixed4,final@1000000,"[30, 30, 12]",1,300,qualified,1.3395183919101923,-1.3395183919101923,17908643267.84,4.730135938958459,4.0
regir_loop_nomem,eval,fixed4,final@1000000,"[30, 30, 12]",2,300,qualified,5.58855873960929,-5.58855873960929,16897690206.08,3.409729703932923,4.0
regir_loop_nomem,eval,fixed4,final@1000000,"[40, 40, 2]",0,300,qualified,1.6328895526214042,-1.6328895526214042,23304768259.413334,5.911669618471836,4.0
regir_loop_nomem,eval,fixed4,final@1000000,"[40, 40, 2]",1,300,qualified,0.625092126872037,-0.625092126872037,23222339911.68,4.781992692959611,4.0
regir_loop_nomem,eval,fixed4,final@1000000,"[40, 40, 2]",2,300,qualified,2.853401021970713,-2.853401021970713,21160210899.2,3.6232510078314224,4.0
regir_loop_nomem,eval,fixed4,final@1000000,"[50, 50, 2]",0,300,qualified,2.101690873897336,-2.101690873897336,27767634579.2,6.4689988853611675,4.0
regir_loop_nomem,eval,fixed4,final@1000000,"[50, 50, 2]",1,300,qualified,0.8691191417217339,-0.8691191417217339,27853515239.68,4.803915069834523,4.0
regir_loop_nomem,eval,fixed4,final@1000000,"[50, 50, 2]",2,300,qualified,3.4231747763654305,-3.4231747763654305,25100103236.266666,3.7568994850092956,4.0
regir_loop_nomem,mechanism,fixed1,final@1000000,"[4, 4, 2]",0,10,,0.3,-0.3,2175570880.0,1.6317815568763763,1.0
regir_loop_nomem,mechanism,fixed1,final@1000000,"[4, 4, 2]",1,10,,0.1,-0.1,2058922720.0,2.918550377106294,1.0
regir_loop_nomem,mechanism,fixed1,final@1000000,"[4, 4, 2]",2,10,,0.4,-0.4,2280082880.0,4.376536862086505,1.0
regir_loop_nomem,mechanism,fixed1,final@1000000,"[10, 10, 3]",0,10,,0.7559609486219891,-0.7559609486219891,3975049920.0,2.5711272719781846,1.0
regir_loop_nomem,mechanism,fixed1,final@1000000,"[10, 10, 3]",1,10,,0.357682283694323,-0.357682283694323,4134153440.0,4.915068679535762,1.0
regir_loop_nomem,mechanism,fixed1,final@1000000,"[10, 10, 3]",2,10,,2.3373202066089904,-2.3373202066089904,4611631360.0,5.247098137624562,1.0
regir_loop_nomem,mechanism,fixed1,final@1000000,"[10, 10, 12]",0,10,,1.189116673150859,-1.189116673150859,3932344320.0,1.7282733893021942,1.0
regir_loop_nomem,mechanism,fixed1,final@1000000,"[10, 10, 12]",1,10,,1.6706053232871674,-1.6706053232871674,4063130240.0,4.814492867514491,1.0
regir_loop_nomem,mechanism,fixed1,final@1000000,"[10, 10, 12]",2,10,,5.413387705108759,-5.413387705108759,4189245120.0,5.310369237139821,1.0
regir_loop_nomem,mechanism,fixed1,final@1000000,"[30, 30, 2]",0,10,,1.4,-1.4,8507320160.0,5.27787035102956,1.0
regir_loop_nomem,mechanism,fixed1,final@1000000,"[30, 30, 2]",1,10,,2.0,-2.0,8710422560.0,6.659527961025015,1.0
regir_loop_nomem,mechanism,fixed1,final@1000000,"[30, 30, 2]",2,10,,2.885486841700288,-2.885486841700288,8144655200.0,7.295951112126931,1.0
regir_loop_nomem,mechanism,fixed1,final@1000000,"[30, 30, 12]",0,10,,1.7444563996538807,-1.7444563996538807,7870948160.0,5.554445820813998,1.0
regir_loop_nomem,mechanism,fixed1,final@1000000,"[30, 30, 12]",1,10,,1.4772542675717808,-1.4772542675717808,8023462560.0,5.88557402882725,1.0
regir_loop_nomem,mechanism,fixed1,final@1000000,"[30, 30, 12]",2,10,,6.5683668103726855,-6.5683668103726855,8026381280.0,6.711988849565387,1.0
regir_loop_nomem,mechanism,fixed1,final@1000000,"[50, 50, 2]",0,10,,0.7,-0.7,11298041760.0,5.641039205621928,1.0
regir_loop_nomem,mechanism,fixed1,final@1000000,"[50, 50, 2]",1,10,,1.9788287579889905,-1.9788287579889905,11908056960.0,8.11991273071617,1.0
regir_loop_nomem,mechanism,fixed1,final@1000000,"[50, 50, 2]",2,10,,4.163262877805718,-4.163262877805718,11357970880.0,8.617140700947493,1.0
regir_loop_nomem,mechanism,fixed2,final@1000000,"[4, 4, 2]",0,10,,0.0,-0.0,2590862726.4,1.9282928405795245,2.0
regir_loop_nomem,mechanism,fixed2,final@1000000,"[4, 4, 2]",1,10,,0.2,-0.2,2726600665.6,3.977782927732915,2.0
regir_loop_nomem,mechanism,fixed2,final@1000000,"[4, 4, 2]",2,10,,0.2,-0.2,3096163564.8,4.243358104070649,2.0
regir_loop_nomem,mechanism,fixed2,final@1000000,"[10, 10, 3]",0,10,,0.31785569436732697,-0.31785569436732697,5151024064.0,2.497974128369242,2.0
regir_loop_nomem,mechanism,fixed2,final@1000000,"[10, 10, 3]",1,10,,0.1,-0.1,5020935251.2,5.00919199376367,2.0
regir_loop_nomem,mechanism,fixed2,final@1000000,"[10, 10, 3]",2,10,,1.0973204695553165,-1.0973204695553165,5429099827.2,5.721054801112041,2.0
regir_loop_nomem,mechanism,fixed2,final@1000000,"[10, 10, 12]",0,10,,0.7370420041899161,-0.7370420041899161,4839460672.0,1.764785871002823,2.0
regir_loop_nomem,mechanism,fixed2,final@1000000,"[10, 10, 12]",1,10,,0.9699653216179609,-0.9699653216179609,5050181760.0,4.39957020888105,2.0
regir_loop_nomem,mechanism,fixed2,final@1000000,"[10, 10, 12]",2,10,,1.48647366450901,-1.48647366450901,5071328691.2,4.59643511143513,2.0
regir_loop_nomem,mechanism,fixed2,final@1000000,"[30, 30, 2]",0,10,,0.8,-0.8,11437170566.4,4.927708861837163,2.0
regir_loop_nomem,mechanism,fixed2,final@1000000,"[30, 30, 2]",1,10,,0.5,-0.5,11730960524.8,6.893384282523766,2.0
regir_loop_nomem,mechanism,fixed2,final@1000000,"[30, 30, 2]",2,10,,2.53644331623969,-2.53644331623969,11240392166.4,6.650329053634778,2.0
regir_loop_nomem,mechanism,fixed2,final@1000000,"[30, 30, 12]",0,10,,2.9618988039438943,-2.9618988039438943,11667699859.2,6.570278093358501,2.0
regir_loop_nomem,mechanism,fixed2,final@1000000,"[30, 30, 12]",1,10,,0.5868004207422322,-0.5868004207422322,11594147123.2,6.325600939663127,2.0
regir_loop_nomem,mechanism,fixed2,final@1000000,"[30, 30, 12]",2,10,,2.9771294080617996,-2.9771294080617996,11428516748.8,6.387158148782328,2.0
regir_loop_nomem,mechanism,fixed2,final@1000000,"[50, 50, 2]",0,10,,1.107530719407265,-1.107530719407265,16542525209.6,5.597141927015036,2.0
regir_loop_nomem,mechanism,fixed2,final@1000000,"[50, 50, 2]",1,10,,0.9951018728260351,-0.9951018728260351,16239956729.6,7.160516201378778,2.0
regir_loop_nomem,mechanism,fixed2,final@1000000,"[50, 50, 2]",2,10,,3.197832173632049,-3.197832173632049,15572889280.0,7.647405650513247,2.0
regir_loop_nomem,mechanism,fixed3,final@1000000,"[4, 4, 2]",0,10,,0.427017050151592,-0.427017050151592,3150528339.2,1.895662148250267,3.0
regir_loop_nomem,mechanism,fixed3,final@1000000,"[4, 4, 2]",1,10,,0.1,-0.1,2906368652.8,3.3455442373640834,3.0
regir_loop_nomem,mechanism,fixed3,final@1000000,"[4, 4, 2]",2,10,,0.1,-0.1,3047864819.2,3.611047579301521,3.0
regir_loop_nomem,mechanism,fixed3,final@1000000,"[10, 10, 3]",0,10,,0.2,-0.2,6535035296.0,3.9721055640373377,3.0
regir_loop_nomem,mechanism,fixed3,final@1000000,"[10, 10, 3]",1,10,,0.2,-0.2,6224840390.4,4.943420203495771,3.0
regir_loop_nomem,mechanism,fixed3,final@1000000,"[10, 10, 3]",2,10,,0.7985879732347776,-0.7985879732347776,6662518214.4,7.02868551327847,3.0
regir_loop_nomem,mechanism,fixed3,final@1000000,"[10, 10, 12]",0,10,,1.7964853602178477,-1.7964853602178477,6616104889.6,1.8143265318125485,3.0
regir_loop_nomem,mechanism,fixed3,final@1000000,"[10, 10, 12]",1,10,,0.7824316027618383,-0.7824316027618383,5983655488.0,4.323137396899983,3.0
regir_loop_nomem,mechanism,fixed3,final@1000000,"[10, 10, 12]",2,10,,3.381243895433045,-3.381243895433045,6479985056.0,5.191481193387881,3.0
regir_loop_nomem,mechanism,fixed3,final@1000000,"[30, 30, 2]",0,10,,1.3,-1.3,15539436710.4,5.7394160552881655,3.0
regir_loop_nomem,mechanism,fixed3,final@1000000,"[30, 30, 2]",1,10,,0.42521671912582837,-0.42521671912582837,15050149696.0,6.509408221160993,3.0
regir_loop_nomem,mechanism,fixed3,final@1000000,"[30, 30, 2]",2,10,,2.0550351137417913,-2.0550351137417913,14322563968.0,7.397570200962946,3.0
regir_loop_nomem,mechanism,fixed3,final@1000000,"[30, 30, 12]",0,10,,3.5876658247384428,-3.5876658247384428,14626556979.2,6.612750318041071,3.0
regir_loop_nomem,mechanism,fixed3,final@1000000,"[30, 30, 12]",1,10,,0.48334462767549097,-0.48334462767549097,14217981900.8,6.163590314099565,3.0
regir_loop_nomem,mechanism,fixed3,final@1000000,"[30, 30, 12]",2,10,,2.9691819481993624,-2.9691819481993624,14881504441.6,6.348288877354935,3.0
regir_loop_nomem,mechanism,fixed3,final@1000000,"[50, 50, 2]",0,10,,2.1,-2.1,21727070649.6,6.681368576129898,3.0
regir_loop_nomem,mechanism,fixed3,final@1000000,"[50, 50, 2]",1,10,,0.0,-0.0,21331845350.4,6.819453853182495,3.0
regir_loop_nomem,mechanism,fixed3,final@1000000,"[50, 50, 2]",2,10,,2.5218685672010315,-2.5218685672010315,21011133369.6,8.680188995413483,3.0
regir_loop_nomem,mechanism,fixed4,final@1000000,"[4, 4, 2]",0,10,,0.3,-0.3,3780216896.0,2.1334487728308886,4.0
regir_loop_nomem,mechanism,fixed4,final@1000000,"[4, 4, 2]",1,10,,0.3,-0.3,3914823116.8,4.793644821178168,4.0
regir_loop_nomem,mechanism,fixed4,final@1000000,"[4, 4, 2]",2,10,,0.1,-0.1,3618718476.8,4.027607148466632,4.0
regir_loop_nomem,mechanism,fixed4,final@1000000,"[10, 10, 3]",0,10,,0.44220048047460014,-0.44220048047460014,8068481286.4,4.193017636425793,4.0
regir_loop_nomem,mechanism,fixed4,final@1000000,"[10, 10, 3]",1,10,,0.26227552868976217,-0.26227552868976217,7653334931.2,6.334957739152014,4.0
regir_loop_nomem,mechanism,fixed4,final@1000000,"[10, 10, 3]",2,10,,1.232302176727013,-1.232302176727013,7988983756.8,5.661289702542126,4.0
regir_loop_nomem,mechanism,fixed4,final@1000000,"[10, 10, 12]",0,10,,2.3478978199944938,-2.3478978199944938,8143050630.4,2.4459906676784158,4.0
regir_loop_nomem,mechanism,fixed4,final@1000000,"[10, 10, 12]",1,10,,1.006227361491434,-1.006227361491434,7550724448.0,5.880573504511267,4.0
regir_loop_nomem,mechanism,fixed4,final@1000000,"[10, 10, 12]",2,10,,2.5302749974915715,-2.5302749974915715,7491368902.4,5.251646764529869,4.0
regir_loop_nomem,mechanism,fixed4,final@1000000,"[30, 30, 2]",0,10,,1.1,-1.1,19595403660.8,6.401563091902062,4.0
regir_loop_nomem,mechanism,fixed4,final@1000000,"[30, 30, 2]",1,10,,0.6097542996000842,-0.6097542996000842,18626890796.8,7.130641347169876,4.0
regir_loop_nomem,mechanism,fixed4,final@1000000,"[30, 30, 2]",2,10,,1.7620666386775794,-1.7620666386775794,17447039673.6,6.901881024427712,4.0
regir_loop_nomem,mechanism,fixed4,final@1000000,"[30, 30, 12]",0,10,,3.5223562062341527,-3.5223562062341527,18693444083.2,8.063373663462698,4.0
regir_loop_nomem,mechanism,fixed4,final@1000000,"[30, 30, 12]",1,10,,1.045301065564809,-1.045301065564809,18240662348.8,7.994741345196962,4.0
regir_loop_nomem,mechanism,fixed4,final@1000000,"[30, 30, 12]",2,10,,4.204595944787124,-4.204595944787124,17490421555.2,6.967258776444941,4.0
regir_loop_nomem,mechanism,fixed4,final@1000000,"[50, 50, 2]",0,10,,1.6,-1.6,27678721510.4,7.1274701985530555,4.0
regir_loop_nomem,mechanism,fixed4,final@1000000,"[50, 50, 2]",1,10,,0.2,-0.2,27145517068.8,7.756193393515423,4.0
regir_loop_nomem,mechanism,fixed4,final@1000000,"[50, 50, 2]",2,10,,3.9,-3.9,24751470995.2,8.967734100855887,4.0
regir_loop_nomem,mechanism,query_update_frozen,final@1000000,"[4, 4, 2]",0,10,,0.5,-0.5,4445475788.8,2.998783387290314,4.0
regir_loop_nomem,mechanism,query_update_frozen,final@1000000,"[4, 4, 2]",1,10,,0.3,-0.3,3932764038.4,5.211860072240233,4.0
regir_loop_nomem,mechanism,query_update_frozen,final@1000000,"[4, 4, 2]",2,10,,0.4,-0.4,4185895955.2,5.154586366564035,4.0
regir_loop_nomem,mechanism,query_update_frozen,final@1000000,"[10, 10, 3]",0,10,,0.2,-0.2,7500777747.2,3.3245529619511216,4.0
regir_loop_nomem,mechanism,query_update_frozen,final@1000000,"[10, 10, 3]",1,10,,0.22065011046469854,-0.22065011046469854,7485797753.6,5.236618434684351,4.0
regir_loop_nomem,mechanism,query_update_frozen,final@1000000,"[10, 10, 3]",2,10,,1.0480820963891033,-1.0480820963891033,8060231424.0,6.653869073372334,4.0
regir_loop_nomem,mechanism,query_update_frozen,final@1000000,"[10, 10, 12]",0,10,,2.559800433684557,-2.559800433684557,8361810393.6,2.422939753998071,4.0
regir_loop_nomem,mechanism,query_update_frozen,final@1000000,"[10, 10, 12]",1,10,,0.35540320157564786,-0.35540320157564786,7460133030.4,5.226299868291244,4.0
regir_loop_nomem,mechanism,query_update_frozen,final@1000000,"[10, 10, 12]",2,10,,3.6462590978302396,-3.6462590978302396,8005015872.0,5.493908771499991,4.0
regir_loop_nomem,mechanism,query_update_frozen,final@1000000,"[30, 30, 2]",0,10,,1.6,-1.6,18910966329.6,7.063963116705418,4.0
regir_loop_nomem,mechanism,query_update_frozen,final@1000000,"[30, 30, 2]",1,10,,0.6,-0.6,17717138924.8,6.547987679671496,4.0
regir_loop_nomem,mechanism,query_update_frozen,final@1000000,"[30, 30, 2]",2,10,,2.341598744154289,-2.341598744154289,17908811052.8,8.897419801866636,4.0
regir_loop_nomem,mechanism,query_update_frozen,final@1000000,"[30, 30, 12]",0,10,,2.0807927360720266,-2.0807927360720266,18749955603.2,6.848263457557186,4.0
regir_loop_nomem,mechanism,query_update_frozen,final@1000000,"[30, 30, 12]",1,10,,0.9747926803588525,-0.9747926803588525,18209825593.6,7.110214967792854,4.0
regir_loop_nomem,mechanism,query_update_frozen,final@1000000,"[30, 30, 12]",2,10,,4.452213370253829,-4.452213370253829,18351921811.2,7.402830935223028,4.0
regir_loop_nomem,mechanism,query_update_frozen,final@1000000,"[50, 50, 2]",0,10,,2.081120711440013,-2.081120711440013,26091379340.8,7.569129401538521,4.0
regir_loop_nomem,mechanism,query_update_frozen,final@1000000,"[50, 50, 2]",1,10,,0.9179368336329884,-0.9179368336329884,27290924921.6,8.654465575749054,4.0
regir_loop_nomem,mechanism,query_update_frozen,final@1000000,"[50, 50, 2]",2,10,,2.2,-2.2,25200658880.0,8.908891538856551,4.0
regir_loop_nomem,select,adaptive,final@1000000,"[4, 4, 2]",0,100,,0.315239414073185,-0.315239414073185,2941294871.04,2.5264710064046083,2.3777886231912757
regir_loop_nomem,select,adaptive,final@1000000,"[4, 4, 2]",1,100,,0.388642500194528,-0.388642500194528,3049049185.92,2.5830777183966713,2.4098109314648495
regir_loop_nomem,select,adaptive,final@1000000,"[4, 4, 2]",2,100,,0.3616553093984744,-0.3616553093984744,3066619163.52,2.538793349075131,2.3856780297775297
regir_loop_nomem,select,adaptive,final@1000000,"[6, 6, 2]",0,100,,0.41916899168629834,-0.41916899168629834,3801611190.4,2.8142300718603654,2.3571950833545787
regir_loop_nomem,select,adaptive,final@1000000,"[6, 6, 2]",1,100,,0.18997415612863525,-0.18997415612863525,3771621541.12,2.734671637751162,2.4049263787217763
regir_loop_nomem,select,adaptive,final@1000000,"[6, 6, 2]",2,100,,0.715538996470102,-0.715538996470102,3899994696.32,2.789421720262617,2.374267062078197
regir_loop_nomem,select,adaptive,final@1000000,"[8, 8, 2]",0,100,,0.5074979822035375,-0.5074979822035375,4535215225.6,2.6343369404133408,2.3503049001916936
regir_loop_nomem,select,adaptive,final@1000000,"[8, 8, 2]",1,100,,0.356005793105819,-0.356005793105819,4583608088.32,2.6218824534118177,2.404573626381983
regir_loop_nomem,select,adaptive,final@1000000,"[8, 8, 2]",2,100,,0.822107459875212,-0.822107459875212,4713412478.72,2.5707022855989634,2.355669008378929
regir_loop_nomem,select,adaptive,final@1000000,"[10, 10, 3]",0,100,,0.934462675850873,-0.934462675850873,5291866177.92,3.1054432113748045,2.358592021548534
regir_loop_nomem,select,adaptive,final@1000000,"[10, 10, 3]",1,100,,0.4596552103121097,-0.4596552103121097,5307778131.2,2.9613102777628226,2.406321759593618
regir_loop_nomem,select,adaptive,final@1000000,"[10, 10, 3]",2,100,,1.0984641667902244,-1.0984641667902244,5364608948.48,2.981609048200771,2.366571701902928
regir_loop_nomem,select,fixed1,final@1000000,"[4, 4, 2]",0,100,,0.45674141281243263,-0.45674141281243263,2509292416.0,2.4329561522230505,1.0
regir_loop_nomem,select,fixed1,final@1000000,"[4, 4, 2]",1,100,,0.42830338023777553,-0.42830338023777553,2440892400.0,2.3065007835486906,1.0
regir_loop_nomem,select,fixed1,final@1000000,"[4, 4, 2]",2,100,,0.930299750468462,-0.930299750468462,2642247072.0,2.4842597412504257,1.0
regir_loop_nomem,select,fixed1,final@1000000,"[6, 6, 2]",0,100,,0.6360755176364807,-0.6360755176364807,2987104352.0,2.5394081750325856,1.0
regir_loop_nomem,select,fixed1,final@1000000,"[6, 6, 2]",1,100,,0.33559751366042767,-0.33559751366042767,2835582688.0,2.384925083736889,1.0
regir_loop_nomem,select,fixed1,final@1000000,"[6, 6, 2]",2,100,,1.2023777005336815,-1.2023777005336815,3308802320.0,2.7662744473107157,1.0
regir_loop_nomem,select,fixed1,final@1000000,"[8, 8, 2]",0,100,,0.7577097269774125,-0.7577097269774125,3478474544.0,2.4132065958809106,1.0
regir_loop_nomem,select,fixed1,final@1000000,"[8, 8, 2]",1,100,,0.46283004216435386,-0.46283004216435386,3350849712.0,2.2588036650931462,1.0
regir_loop_nomem,select,fixed1,final@1000000,"[8, 8, 2]",2,100,,1.032006266465259,-1.032006266465259,3644313632.0,2.4706093283370136,1.0
regir_loop_nomem,select,fixed1,final@1000000,"[10, 10, 3]",0,100,,1.1678950181803225,-1.1678950181803225,3940213648.0,2.7240484622726218,1.0
regir_loop_nomem,select,fixed1,final@1000000,"[10, 10, 3]",1,100,,0.5215820702168984,-0.5215820702168984,3919478224.0,2.6319692418538034,1.0
regir_loop_nomem,select,fixed1,final@1000000,"[10, 10, 3]",2,100,,1.8634801940527668,-1.8634801940527668,4048379120.0,2.7607089717220514,1.0
regir_loop_nomem,select,fixed2,final@1000000,"[4, 4, 2]",0,100,,0.327201408684507,-0.327201408684507,2753683130.24,2.215579137033783,2.0
regir_loop_nomem,select,fixed2,final@1000000,"[4, 4, 2]",1,100,,0.35246567400979034,-0.35246567400979034,2837306565.12,2.336871873908676,2.0
regir_loop_nomem,select,fixed2,final@1000000,"[4, 4, 2]",2,100,,0.4158526958080306,-0.4158526958080306,2900984945.28,2.3496699823765086,2.0
regir_loop_nomem,select,fixed2,final@1000000,"[6, 6, 2]",0,100,,0.3825415985868817,-0.3825415985868817,3535005386.88,2.5225942310877145,2.0
regir_loop_nomem,select,fixed2,final@1000000,"[6, 6, 2]",1,100,,0.29542538336384877,-0.29542538336384877,3493899544.96,2.4572524276468903,2.0
regir_loop_nomem,select,fixed2,final@1000000,"[6, 6, 2]",2,100,,0.6885512142099798,-0.6885512142099798,3672600503.68,2.54113096895162,2.0
regir_loop_nomem,select,fixed2,final@1000000,"[8, 8, 2]",0,100,,0.5794382641013408,-0.5794382641013408,4163052883.84,2.3473096742061896,2.0
regir_loop_nomem,select,fixed2,final@1000000,"[8, 8, 2]",1,100,,0.4443876879737027,-0.4443876879737027,4264226995.2,2.4569144735019655,2.0
regir_loop_nomem,select,fixed2,final@1000000,"[8, 8, 2]",2,100,,0.6736238318600715,-0.6736238318600715,4440426029.44,2.478868323904462,2.0
regir_loop_nomem,select,fixed2,final@1000000,"[10, 10, 3]",0,100,,0.8234450110496483,-0.8234450110496483,4795662429.44,2.704010535348207,2.0
regir_loop_nomem,select,fixed2,final@1000000,"[10, 10, 3]",1,100,,0.3683080566341128,-0.3683080566341128,4776220790.4,2.545425160424784,2.0
regir_loop_nomem,select,fixed2,final@1000000,"[10, 10, 3]",2,100,,1.283787849415532,-1.283787849415532,5010684099.84,2.7710034850379452,2.0
regir_loop_nomem,select,fixed3,final@1000000,"[4, 4, 2]",0,100,,0.3485830660380109,-0.3485830660380109,3279104079.36,2.4926401001866907,3.0
regir_loop_nomem,select,fixed3,final@1000000,"[4, 4, 2]",1,100,,0.35526577908522394,-0.35526577908522394,3471059290.88,2.587027620719746,3.0
regir_loop_nomem,select,fixed3,final@1000000,"[4, 4, 2]",2,100,,0.3512469293163726,-0.3512469293163726,3406556416.64,2.6000942422728985,3.0
regir_loop_nomem,select,fixed3,final@1000000,"[6, 6, 2]",0,100,,0.37994130064074555,-0.37994130064074555,4296354010.24,2.6486756693338975,3.0
regir_loop_nomem,select,fixed3,final@1000000,"[6, 6, 2]",1,100,,0.27657158688449474,-0.27657158688449474,4223907123.84,2.7230235942872243,3.0
regir_loop_nomem,select,fixed3,final@1000000,"[6, 6, 2]",2,100,,0.7549786618529878,-0.7549786618529878,4448208108.16,2.774227353418246,3.0
regir_loop_nomem,select,fixed3,final@1000000,"[8, 8, 2]",0,100,,0.6896288811464893,-0.6896288811464893,5104470680.32,2.5972532138833775,3.0
regir_loop_nomem,select,fixed3,final@1000000,"[8, 8, 2]",1,100,,0.35182169675655267,-0.35182169675655267,5048477703.68,2.5100893390178682,3.0
regir_loop_nomem,select,fixed3,final@1000000,"[8, 8, 2]",2,100,,0.9362877367632834,-0.9362877367632834,5303938058.24,2.638115897024982,3.0
regir_loop_nomem,select,fixed3,final@1000000,"[10, 10, 3]",0,100,,0.7830430662481627,-0.7830430662481627,5934695023.36,2.8344143354333937,3.0
regir_loop_nomem,select,fixed3,final@1000000,"[10, 10, 3]",1,100,,0.41348985133177213,-0.41348985133177213,5936864949.12,2.9183172236476094,3.0
regir_loop_nomem,select,fixed3,final@1000000,"[10, 10, 3]",2,100,,1.2994702426305331,-1.2994702426305331,6153453052.8,2.9450815501762553,3.0
regir_loop_nomem,select,fixed4,final@1000000,"[4, 4, 2]",0,100,,0.32399770728226,-0.32399770728226,4007930408.96,2.8798521829629316,4.0
regir_loop_nomem,select,fixed4,final@1000000,"[4, 4, 2]",1,100,,0.3379454871791106,-0.3379454871791106,3983750990.72,2.7199145881226285,4.0
regir_loop_nomem,select,fixed4,final@1000000,"[4, 4, 2]",2,100,,0.430634110923225,-0.430634110923225,3985433021.44,2.729231449360959,4.0
regir_loop_nomem,select,fixed4,final@1000000,"[6, 6, 2]",0,100,,0.446182230335507,-0.446182230335507,5152291956.48,3.0083651268482208,4.0
regir_loop_nomem,select,fixed4,final@1000000,"[6, 6, 2]",1,100,,0.24992593915700595,-0.24992593915700595,5087456955.52,3.022146584778093,4.0
regir_loop_nomem,select,fixed4,final@1000000,"[6, 6, 2]",2,100,,0.6816885070084591,-0.6816885070084591,5190237771.52,2.912681780946441,4.0
regir_loop_nomem,select,fixed4,final@1000000,"[8, 8, 2]",0,100,,0.6641936861241908,-0.6641936861241908,6381280141.44,2.9528023234708236,4.0
regir_loop_nomem,select,fixed4,final@1000000,"[8, 8, 2]",1,100,,0.4459853367987507,-0.4459853367987507,6248200141.44,2.8960389163205402,4.0
regir_loop_nomem,select,fixed4,final@1000000,"[8, 8, 2]",2,100,,0.8996877540163989,-0.8996877540163989,6287480292.48,2.8369131471496076,4.0
regir_loop_nomem,select,fixed4,final@1000000,"[10, 10, 3]",0,100,,0.9571194943882702,-0.9571194943882702,7396390527.36,3.146362904482521,4.0
regir_loop_nomem,select,fixed4,final@1000000,"[10, 10, 3]",1,100,,0.5287640250265795,-0.5287640250265795,7328874160.0,3.0993838183023037,4.0
regir_loop_nomem,select,fixed4,final@1000000,"[10, 10, 3]",2,100,,1.2763024765114415,-1.2763024765114415,7333243402.24,3.0813845874089747,4.0
regir_loop_nomem,select,random,final@1000000,"[4, 4, 2]",0,100,,0.3393571663858195,-0.3393571663858195,2891919624.96,2.4919078799337147,2.3709586147953705
regir_loop_nomem,select,random,final@1000000,"[4, 4, 2]",1,100,,0.3620438888483136,-0.3620438888483136,3066367493.12,2.649854072080925,2.3663450261808925
regir_loop_nomem,select,random,final@1000000,"[4, 4, 2]",2,100,,0.3498654742300392,-0.3498654742300392,3056661877.76,2.516144786248915,2.372407313899133
regir_loop_nomem,select,random,final@1000000,"[6, 6, 2]",0,100,,0.40470074700916886,-0.40470074700916886,3833877163.52,2.750973036936484,2.3652904687001377
regir_loop_nomem,select,random,final@1000000,"[6, 6, 2]",1,100,,0.2849853457049958,-0.2849853457049958,3702982824.96,2.7136965116253124,2.3597358435858298
regir_loop_nomem,select,random,final@1000000,"[6, 6, 2]",2,100,,0.7350787000914991,-0.7350787000914991,3922984782.72,2.7792349956929683,2.367757203508276
regir_loop_nomem,select,random,final@1000000,"[8, 8, 2]",0,100,,0.6115617354787911,-0.6115617354787911,4581477018.24,2.5714116140687837,2.367629046903001
regir_loop_nomem,select,random,final@1000000,"[8, 8, 2]",1,100,,0.35831897397259865,-0.35831897397259865,4529510336.64,2.5518155536986886,2.361341513423412
regir_loop_nomem,select,random,final@1000000,"[8, 8, 2]",2,100,,0.6796920089412777,-0.6796920089412777,4786738120.32,2.7411454305471854,2.367817033248452
regir_loop_nomem,select,random,final@1000000,"[10, 10, 3]",0,100,,0.6792451113709688,-0.6792451113709688,5204790337.28,2.7785231822822243,2.364014490095848
regir_loop_nomem,select,random,final@1000000,"[10, 10, 3]",1,100,,0.43448010716981444,-0.43448010716981444,5299242745.6,2.8848944035870954,2.3670492034876167
regir_loop_nomem,select,random,final@1000000,"[10, 10, 3]",2,100,,1.2788538910114977,-1.2788538910114977,5393022024.96,2.919400455513969,2.3638466736835775
regir_nomem,confirm,original,final@1000000,"[4, 4, 2]",1,300,,0.30044954560492493,-0.30044954560492493,0.0,0.798542908988893,0.0
regir_nomem,confirm,original,final@1000000,"[4, 4, 2]",2,300,,0.19482138501310942,-0.19482138501310942,0.0,0.5749342645479677,0.0
regir_nomem,confirm,original,final@1000000,"[5, 5, 2]",1,300,,0.3260386133723902,-0.3260386133723902,0.0,0.8297085659795751,0.0
regir_nomem,confirm,original,final@1000000,"[5, 5, 2]",2,300,,0.20728310051753146,-0.20728310051753146,0.0,0.6375600653880974,0.0
regir_nomem,confirm,original,final@1000000,"[6, 6, 2]",1,300,,0.31556193468612354,-0.31556193468612354,0.0,0.8491233505582204,0.0
regir_nomem,confirm,original,final@1000000,"[6, 6, 2]",2,300,,0.2868765482585304,-0.2868765482585304,0.0,0.6862702429962034,0.0
regir_nomem,confirm,original,final@1000000,"[8, 8, 2]",1,300,,0.4654330486349084,-0.4654330486349084,0.0,0.9115473168622702,0.0
regir_nomem,confirm,original,final@1000000,"[8, 8, 2]",2,300,,0.5325952415864281,-0.5325952415864281,0.0,0.8040707174285004,0.0
regir_nomem,confirm,original,final@1000000,"[10, 10, 2]",1,300,,0.5959365419161313,-0.5959365419161313,0.0,0.9345152995021393,0.0
regir_nomem,confirm,original,final@1000000,"[10, 10, 2]",2,300,,0.5114308383973422,-0.5114308383973422,0.0,0.8430907204692872,0.0
regir_nomem,confirm,original,final@1000000,"[10, 10, 3]",1,300,,0.6626667501000435,-0.6626667501000435,0.0,0.9410118913277984,0.0
regir_nomem,confirm,original,final@1000000,"[10, 10, 3]",2,300,,0.5778635472096079,-0.5778635472096079,0.0,0.8538101178246628,0.0
regir_nomem,confirm,original,final@1000000,"[10, 10, 4]",1,300,,0.7275843681283414,-0.7275843681283414,0.0,0.9149154836032539,0.0
regir_nomem,confirm,original,final@1000000,"[10, 10, 4]",2,300,,0.5997682844800067,-0.5997682844800067,0.0,0.82762575267038,0.0
regir_nomem,confirm,original,final@1000000,"[10, 10, 6]",1,300,,0.9363053788371173,-0.9363053788371173,0.0,0.9241477964383861,0.0
regir_nomem,confirm,original,final@1000000,"[10, 10, 6]",2,300,,0.8246694550829625,-0.8246694550829625,0.0,0.8296685701831787,0.0
regir_nomem,confirm,original,final@1000000,"[10, 10, 9]",1,300,,1.3599189582499651,-1.3599189582499651,0.0,0.9212247385922819,0.0
regir_nomem,confirm,original,final@1000000,"[10, 10, 9]",2,300,,0.7556043960383415,-0.7556043960383415,0.0,0.8201656623724072,0.0
regir_nomem,confirm,original,final@1000000,"[10, 10, 12]",1,300,,2.044389743973531,-2.044389743973531,0.0,0.9531385707141211,0.0
regir_nomem,confirm,original,final@1000000,"[10, 10, 12]",2,300,,0.9936077975290487,-0.9936077975290487,0.0,0.8759533512689328,0.0
regir_nomem,confirm,original,final@1000000,"[15, 15, 2]",1,300,,0.48607517760032676,-0.48607517760032676,0.0,0.9762887497859386,0.0
regir_nomem,confirm,original,final@1000000,"[15, 15, 2]",2,300,,0.7045417567999414,-0.7045417567999414,0.0,0.9811720073857577,0.0
regir_nomem,confirm,original,final@1000000,"[15, 15, 4]",1,300,,0.8102822601168229,-0.8102822601168229,0.0,0.9650051366943323,0.0
regir_nomem,confirm,original,final@1000000,"[15, 15, 4]",2,300,,0.748346695369236,-0.748346695369236,0.0,0.933979645849516,0.0
regir_nomem,confirm,original,final@1000000,"[15, 15, 6]",1,300,,1.175862280962951,-1.175862280962951,0.0,0.9865145459251168,0.0
regir_nomem,confirm,original,final@1000000,"[15, 15, 6]",2,300,,0.846023023607827,-0.846023023607827,0.0,0.9556102854969989,0.0
regir_nomem,confirm,original,final@1000000,"[20, 20, 2]",1,300,,0.7718412075907999,-0.7718412075907999,0.0,1.0362188504847776,0.0
regir_nomem,confirm,original,final@1000000,"[20, 20, 2]",2,300,,0.740091686748564,-0.740091686748564,0.0,1.1085050483077066,0.0
regir_nomem,confirm,original,final@1000000,"[20, 20, 4]",1,300,,0.7281521604570741,-0.7281521604570741,0.0,1.002063299153039,0.0
regir_nomem,confirm,original,final@1000000,"[20, 20, 4]",2,300,,0.9213479677823235,-0.9213479677823235,0.0,1.093162223699619,0.0
regir_nomem,confirm,original,final@1000000,"[20, 20, 6]",1,300,,1.2737383443487964,-1.2737383443487964,0.0,0.998725654190445,0.0
regir_nomem,confirm,original,final@1000000,"[20, 20, 6]",2,300,,1.1317678249209215,-1.1317678249209215,0.0,1.10882201647677,0.0
regir_nomem,confirm,original,final@1000000,"[25, 25, 2]",1,300,,0.4627805641488659,-0.4627805641488659,0.0,1.0681064530066215,0.0
regir_nomem,confirm,original,final@1000000,"[25, 25, 2]",2,300,,0.855645117217131,-0.855645117217131,0.0,1.179024414633944,0.0
regir_nomem,confirm,original,final@1000000,"[30, 30, 2]",1,300,,0.5741859186858853,-0.5741859186858853,0.0,1.1881916876893956,0.0
regir_nomem,confirm,original,final@1000000,"[30, 30, 2]",2,300,,1.1144177272391926,-1.1144177272391926,0.0,1.3621008671088688,0.0
regir_nomem,confirm,original,final@1000000,"[30, 30, 4]",1,300,,0.5892544887099332,-0.5892544887099332,0.0,1.1783845006422295,0.0
regir_nomem,confirm,original,final@1000000,"[30, 30, 4]",2,300,,1.1204114425432348,-1.1204114425432348,0.0,1.3133894289337331,0.0
regir_nomem,confirm,original,final@1000000,"[30, 30, 6]",1,300,,0.9592207140029947,-0.9592207140029947,0.0,1.2110272838947518,0.0
regir_nomem,confirm,original,final@1000000,"[30, 30, 6]",2,300,,1.4867534636329582,-1.4867534636329582,0.0,1.3101305003404073,0.0
regir_nomem,confirm,original,final@1000000,"[30, 30, 9]",1,300,,1.145574060722772,-1.145574060722772,0.0,1.2791525737991711,0.0
regir_nomem,confirm,original,final@1000000,"[30, 30, 9]",2,300,,1.2505875547868988,-1.2505875547868988,0.0,1.3282456601337373,0.0
regir_nomem,confirm,original,final@1000000,"[30, 30, 12]",1,300,,1.386272583237539,-1.386272583237539,0.0,1.3501470504074435,0.0
regir_nomem,confirm,original,final@1000000,"[30, 30, 12]",2,300,,1.6268960617528752,-1.6268960617528752,0.0,1.4290663907620669,0.0
regir_nomem,confirm,original,final@1000000,"[40, 40, 2]",1,300,,0.40438380598906304,-0.40438380598906304,0.0,1.3169054864003555,0.0
regir_nomem,confirm,original,final@1000000,"[40, 40, 2]",2,300,,0.9315970313997127,-0.9315970313997127,0.0,1.4947334211496248,0.0
regir_nomem,confirm,original,final@1000000,"[50, 50, 2]",1,300,,0.31222315592400157,-0.31222315592400157,0.0,1.5092700284636036,0.0
regir_nomem,confirm,original,final@1000000,"[50, 50, 2]",2,300,,1.0121237162818302,-1.0121237162818302,0.0,1.7513336374005304,0.0
regir_nomem,confirm,original,final@1000006,"[4, 4, 2]",0,300,,0.14888068495471515,-0.14888068495471515,0.0,0.936996923542271,0.0
regir_nomem,confirm,original,final@1000006,"[5, 5, 2]",0,300,,0.16402653227735817,-0.16402653227735817,0.0,0.9983776452640692,0.0
regir_nomem,confirm,original,final@1000006,"[6, 6, 2]",0,300,,0.21325042295263671,-0.21325042295263671,0.0,1.0321874257394423,0.0
regir_nomem,confirm,original,final@1000006,"[8, 8, 2]",0,300,,0.22284764087159425,-0.22284764087159425,0.0,1.1043177556774268,0.0
regir_nomem,confirm,original,final@1000006,"[10, 10, 2]",0,300,,0.23690733736602237,-0.23690733736602237,0.0,1.1690842748899013,0.0
regir_nomem,confirm,original,final@1000006,"[10, 10, 3]",0,300,,0.38267204930862814,-0.38267204930862814,0.0,1.093774550370872,0.0
regir_nomem,confirm,original,final@1000006,"[10, 10, 4]",0,300,,0.42947748402201175,-0.42947748402201175,0.0,1.2235580003044257,0.0
regir_nomem,confirm,original,final@1000006,"[10, 10, 6]",0,300,,0.6636959561797691,-0.6636959561797691,0.0,1.1716275203072777,0.0
regir_nomem,confirm,original,final@1000006,"[10, 10, 9]",0,300,,1.0869428323413166,-1.0869428323413166,0.0,1.3174851882085203,0.0
regir_nomem,confirm,original,final@1000006,"[10, 10, 12]",0,300,,2.4343082779936567,-2.4343082779936567,0.0,1.2750871071281533,0.0
regir_nomem,confirm,original,final@1000006,"[15, 15, 2]",0,300,,0.38284349928630296,-0.38284349928630296,0.0,1.3027106054872275,0.0
regir_nomem,confirm,original,final@1000006,"[15, 15, 4]",0,300,,0.6012595038315619,-0.6012595038315619,0.0,1.2165551877922067,0.0
regir_nomem,confirm,original,final@1000006,"[15, 15, 6]",0,300,,0.8299457906726344,-0.8299457906726344,0.0,1.2454474253207446,0.0
regir_nomem,confirm,original,final@1000006,"[20, 20, 2]",0,300,,0.4229168692512734,-0.4229168692512734,0.0,1.3938086566980927,0.0
regir_nomem,confirm,original,final@1000006,"[20, 20, 4]",0,300,,0.6116634035609813,-0.6116634035609813,0.0,1.6158225678248952,0.0
regir_nomem,confirm,original,final@1000006,"[20, 20, 6]",0,300,,1.0145322354743556,-1.0145322354743556,0.0,1.6367319085945686,0.0
regir_nomem,confirm,original,final@1000006,"[25, 25, 2]",0,300,,0.5120899692879903,-0.5120899692879903,0.0,1.5989305267576128,0.0
regir_nomem,confirm,original,final@1000006,"[30, 30, 2]",0,300,,0.38765276965075346,-0.38765276965075346,0.0,1.544497484335055,0.0
regir_nomem,confirm,original,final@1000006,"[30, 30, 4]",0,300,,0.5910636423305415,-0.5910636423305415,0.0,1.8318679860110085,0.0
regir_nomem,confirm,original,final@1000006,"[30, 30, 6]",0,300,,1.0636971335231837,-1.0636971335231837,0.0,1.9620746624469758,0.0
regir_nomem,confirm,original,final@1000006,"[30, 30, 9]",0,300,,1.5873402506216476,-1.5873402506216476,0.0,1.9777904200802248,0.0
regir_nomem,confirm,original,final@1000006,"[30, 30, 12]",0,300,,3.2317347029004857,-3.2317347029004857,0.0,2.239376794906954,0.0
regir_nomem,confirm,original,final@1000006,"[40, 40, 2]",0,300,,0.4872015859417873,-0.4872015859417873,0.0,2.0110230078051488,0.0
regir_nomem,confirm,original,final@1000006,"[50, 50, 2]",0,300,,0.3877468659602513,-0.3877468659602513,0.0,2.259957329997172,0.0
regir_nomem,eval,original,final@1000000,"[4, 4, 2]",1,300,,0.35913693957133874,-0.35913693957133874,0.0,2.354465092240522,0.0
regir_nomem,eval,original,final@1000000,"[4, 4, 2]",2,300,,0.2443795203297002,-0.2443795203297002,0.0,1.0364626240264625,0.0
regir_nomem,eval,original,final@1000000,"[5, 5, 2]",1,300,,0.37370529062358926,-0.37370529062358926,0.0,2.662877712106953,0.0
regir_nomem,eval,original,final@1000000,"[5, 5, 2]",2,300,,0.2925602241408279,-0.2925602241408279,0.0,1.114740405497335,0.0
regir_nomem,eval,original,final@1000000,"[6, 6, 2]",1,300,,0.392027872318101,-0.392027872318101,0.0,2.7911311979514237,0.0
regir_nomem,eval,original,final@1000000,"[6, 6, 2]",2,300,,0.37021877169428036,-0.37021877169428036,0.0,1.161164203765802,0.0
regir_nomem,eval,original,final@1000000,"[8, 8, 2]",1,300,,0.46457379646697905,-0.46457379646697905,0.0,2.8285485176742076,0.0
regir_nomem,eval,original,final@1000000,"[8, 8, 2]",2,300,,0.47094980038392614,-0.47094980038392614,0.0,1.6088738441476986,0.0
regir_nomem,eval,original,final@1000000,"[10, 10, 2]",1,300,,0.554457000907395,-0.554457000907395,0.0,2.914952588082912,0.0
regir_nomem,eval,original,final@1000000,"[10, 10, 2]",2,300,,0.5501735985989278,-0.5501735985989278,0.0,1.4962402900308371,0.0
regir_nomem,eval,original,final@1000000,"[10, 10, 3]",1,300,,0.7065825694660958,-0.7065825694660958,0.0,2.9526072521911315,0.0
regir_nomem,eval,original,final@1000000,"[10, 10, 3]",2,300,,0.6303926232277695,-0.6303926232277695,0.0,1.4789796190183067,0.0
regir_nomem,eval,original,final@1000000,"[10, 10, 4]",1,300,,0.843349943383092,-0.843349943383092,0.0,2.9599594407652816,0.0
regir_nomem,eval,original,final@1000000,"[10, 10, 4]",2,300,,0.6070123565166967,-0.6070123565166967,0.0,1.2434598714978589,0.0
regir_nomem,eval,original,final@1000000,"[10, 10, 6]",1,300,,0.8624063600239653,-0.8624063600239653,0.0,2.5204575316173337,0.0
regir_nomem,eval,original,final@1000000,"[10, 10, 6]",2,300,,0.660812390369653,-0.660812390369653,0.0,1.3066182490884481,0.0
regir_nomem,eval,original,final@1000000,"[10, 10, 9]",1,300,,1.233013244950388,-1.233013244950388,0.0,2.5404232032581544,0.0
regir_nomem,eval,original,final@1000000,"[10, 10, 9]",2,300,,0.6991068910049085,-0.6991068910049085,0.0,1.29927653783001,0.0
regir_nomem,eval,original,final@1000000,"[10, 10, 12]",1,300,,1.886208917634661,-1.886208917634661,0.0,2.402080769056144,0.0
regir_nomem,eval,original,final@1000000,"[10, 10, 12]",2,300,,1.0224314720244716,-1.0224314720244716,0.0,1.3073617642434934,0.0
regir_nomem,eval,original,final@1000000,"[15, 15, 2]",1,300,,0.6126004492565131,-0.6126004492565131,0.0,2.3503164526463176,0.0
regir_nomem,eval,original,final@1000000,"[15, 15, 2]",2,300,,0.638254303406372,-0.638254303406372,0.0,1.4250310363806784,0.0
regir_nomem,eval,original,final@1000000,"[15, 15, 4]",1,300,,0.8129487607504525,-0.8129487607504525,0.0,2.393452751652027,0.0
regir_nomem,eval,original,final@1000000,"[15, 15, 4]",2,300,,0.8425426403493765,-0.8425426403493765,0.0,1.6078132310463116,0.0
regir_nomem,eval,original,final@1000000,"[15, 15, 6]",1,300,,1.048919644173769,-1.048919644173769,0.0,2.3484701263345777,0.0
regir_nomem,eval,original,final@1000000,"[15, 15, 6]",2,300,,0.9354359088836499,-0.9354359088836499,0.0,1.444908457979521,0.0
regir_nomem,eval,original,final@1000000,"[20, 20, 2]",1,300,,0.5221328061889138,-0.5221328061889138,0.0,2.64866220384681,0.0
regir_nomem,eval,original,final@1000000,"[20, 20, 2]",2,300,,0.7904235045355992,-0.7904235045355992,0.0,2.016794128336478,0.0
regir_nomem,eval,original,final@1000000,"[20, 20, 4]",1,300,,0.9005128373752791,-0.9005128373752791,0.0,2.53361336253273,0.0
regir_nomem,eval,original,final@1000000,"[20, 20, 4]",2,300,,0.928629910526439,-0.928629910526439,0.0,1.583103852411732,0.0
regir_nomem,eval,original,final@1000000,"[20, 20, 6]",1,300,,1.170014516748248,-1.170014516748248,0.0,2.4622431302318972,0.0
regir_nomem,eval,original,final@1000000,"[20, 20, 6]",2,300,,1.0921214157997852,-1.0921214157997852,0.0,1.6667574174894253,0.0
regir_nomem,eval,original,final@1000000,"[25, 25, 2]",1,300,,0.5429143030081505,-0.5429143030081505,0.0,2.8703056293836564,0.0
regir_nomem,eval,original,final@1000000,"[25, 25, 2]",2,300,,0.8342824837492347,-0.8342824837492347,0.0,2.4103404258620382,0.0
regir_nomem,eval,original,final@1000000,"[30, 30, 2]",1,300,,0.3994403547365318,-0.3994403547365318,0.0,2.8334312257830363,0.0
regir_nomem,eval,original,final@1000000,"[30, 30, 2]",2,300,,0.8175998872715243,-0.8175998872715243,0.0,2.705233695601152,0.0
regir_nomem,eval,original,final@1000000,"[30, 30, 4]",1,300,,0.7973631168471227,-0.7973631168471227,0.0,2.9158883907981603,0.0
regir_nomem,eval,original,final@1000000,"[30, 30, 4]",2,300,,1.328008383919594,-1.328008383919594,0.0,2.419127915324061,0.0
regir_nomem,eval,original,final@1000000,"[30, 30, 6]",1,300,,0.73610441026995,-0.73610441026995,0.0,2.70889813955524,0.0
regir_nomem,eval,original,final@1000000,"[30, 30, 6]",2,300,,1.2900919218950977,-1.2900919218950977,0.0,1.8138352357689291,0.0
regir_nomem,eval,original,final@1000000,"[30, 30, 9]",1,300,,0.9819380015712937,-0.9819380015712937,0.0,2.6902989066483376,0.0
regir_nomem,eval,original,final@1000000,"[30, 30, 9]",2,300,,1.367862989622868,-1.367862989622868,0.0,1.9234075693190487,0.0
regir_nomem,eval,original,final@1000000,"[30, 30, 12]",1,300,,1.5493988334652373,-1.5493988334652373,0.0,3.045457180799373,0.0
regir_nomem,eval,original,final@1000000,"[30, 30, 12]",2,300,,1.7247491331154288,-1.7247491331154288,0.0,1.8559226644970477,0.0
regir_nomem,eval,original,final@1000000,"[40, 40, 2]",1,300,,0.3603728451246492,-0.3603728451246492,0.0,2.882765068332471,0.0
regir_nomem,eval,original,final@1000000,"[40, 40, 2]",2,300,,0.9250059244909337,-0.9250059244909337,0.0,3.044994176753486,0.0
regir_nomem,eval,original,final@1000000,"[50, 50, 2]",1,300,,0.2844074880975964,-0.2844074880975964,0.0,3.1515953108161923,0.0
regir_nomem,eval,original,final@1000000,"[50, 50, 2]",2,300,,0.9536338762005231,-0.9536338762005231,0.0,2.2311703930050135,0.0
regir_nomem,eval,original,final@1000006,"[4, 4, 2]",0,300,,0.20757002512964493,-0.20757002512964493,0.0,2.0454141800416012,0.0
regir_nomem,eval,original,final@1000006,"[5, 5, 2]",0,300,,0.20986477046282123,-0.20986477046282123,0.0,2.612608588480701,0.0
regir_nomem,eval,original,final@1000006,"[6, 6, 2]",0,300,,0.21991918950907846,-0.21991918950907846,0.0,2.8941105231130497,0.0
regir_nomem,eval,original,final@1000006,"[8, 8, 2]",0,300,,0.2633362485111577,-0.2633362485111577,0.0,3.172620664720113,0.0
regir_nomem,eval,original,final@1000006,"[10, 10, 2]",0,300,,0.3901167019021157,-0.3901167019021157,0.0,2.783020810885355,0.0
regir_nomem,eval,original,final@1000006,"[10, 10, 3]",0,300,,0.481274626397624,-0.481274626397624,0.0,3.398881288402093,0.0
regir_nomem,eval,original,final@1000006,"[10, 10, 4]",0,300,,0.46116793866011907,-0.46116793866011907,0.0,3.6023741926935813,0.0
regir_nomem,eval,original,final@1000006,"[10, 10, 6]",0,300,,0.6592638002958943,-0.6592638002958943,0.0,3.4921850173578908,0.0
regir_nomem,eval,original,final@1000006,"[10, 10, 9]",0,300,,1.1500992276213704,-1.1500992276213704,0.0,3.7552116170277197,0.0
regir_nomem,eval,original,final@1000006,"[10, 10, 12]",0,300,,2.1511134021528573,-2.1511134021528573,0.0,3.7864318008131037,0.0
regir_nomem,eval,original,final@1000006,"[15, 15, 2]",0,300,,0.390186560580328,-0.390186560580328,0.0,3.8426513698898876,0.0
regir_nomem,eval,original,final@1000006,"[15, 15, 4]",0,300,,0.5398705671369668,-0.5398705671369668,0.0,3.6924983192095535,0.0
regir_nomem,eval,original,final@1000006,"[15, 15, 6]",0,300,,0.7659258392767996,-0.7659258392767996,0.0,3.913776392831157,0.0
regir_nomem,eval,original,final@1000006,"[20, 20, 2]",0,300,,0.48617684463408906,-0.48617684463408906,0.0,3.920853263830456,0.0
regir_nomem,eval,original,final@1000006,"[20, 20, 4]",0,300,,0.5810391022386628,-0.5810391022386628,0.0,4.1478527189884336,0.0
regir_nomem,eval,original,final@1000006,"[20, 20, 6]",0,300,,1.0239241968960286,-1.0239241968960286,0.0,4.077982910564169,0.0
regir_nomem,eval,original,final@1000006,"[25, 25, 2]",0,300,,0.45888071595839225,-0.45888071595839225,0.0,4.26854217123085,0.0
regir_nomem,eval,original,final@1000006,"[30, 30, 2]",0,300,,0.39396268797011985,-0.39396268797011985,0.0,4.317149696322158,0.0
regir_nomem,eval,original,final@1000006,"[30, 30, 4]",0,300,,0.647615978300815,-0.647615978300815,0.0,4.596623443776431,0.0
regir_nomem,eval,original,final@1000006,"[30, 30, 6]",0,300,,0.8903440067262017,-0.8903440067262017,0.0,4.544618815582556,0.0
regir_nomem,eval,original,final@1000006,"[30, 30, 9]",0,300,,1.6876682905999076,-1.6876682905999076,0.0,4.941163720415594,0.0
regir_nomem,eval,original,final@1000006,"[30, 30, 12]",0,300,,3.2279923715547176,-3.2279923715547176,0.0,5.050359646580182,0.0
regir_nomem,eval,original,final@1000006,"[40, 40, 2]",0,300,,0.3440838758932865,-0.3440838758932865,0.0,4.402087289574556,0.0
regir_nomem,eval,original,final@1000006,"[50, 50, 2]",0,300,,0.4437470522669791,-0.4437470522669791,0.0,4.945719426685634,0.0
regir_requery_nomem,adaptive,adaptive,final@1000000,"[4, 4, 2]",0,300,qualified,0.13812428075996402,-0.13812428075996402,2197582682.0266666,0.8221880351915024,2.1569995348349007
regir_requery_nomem,adaptive,adaptive,final@1000000,"[4, 4, 2]",1,300,qualified,0.5211926259753211,-0.5211926259753211,2632807764.48,0.97366056149418,2.2102416066635446
regir_requery_nomem,adaptive,adaptive,final@1000000,"[4, 4, 2]",2,300,qualified,0.23331413164164524,-0.23331413164164524,2458965899.306667,0.8706431298863997,2.1807624925700946
regir_requery_nomem,adaptive,adaptive,final@1000000,"[5, 5, 2]",0,300,qualified,0.22712035947494685,-0.22712035947494685,2438330918.4,0.8338149172723448,2.159083718010016
regir_requery_nomem,adaptive,adaptive,final@1000000,"[5, 5, 2]",1,300,qualified,0.5267579026831697,-0.5267579026831697,2884611659.0933332,1.0228305094842411,2.2173590029886476
regir_requery_nomem,adaptive,adaptive,final@1000000,"[5, 5, 2]",2,300,qualified,0.26057885363052513,-0.26057885363052513,2701416904.96,0.88824336772901,2.1723000642025645
regir_requery_nomem,adaptive,adaptive,final@1000000,"[6, 6, 2]",0,300,qualified,0.22276008454855645,-0.22276008454855645,2720016497.92,0.8783395196753554,2.1680857998251946
regir_requery_nomem,adaptive,adaptive,final@1000000,"[6, 6, 2]",1,300,qualified,0.5450299092639783,-0.5450299092639783,3141277821.2266665,1.058492000719998,2.2116763329782234
regir_requery_nomem,adaptive,adaptive,final@1000000,"[6, 6, 2]",2,300,qualified,0.2681011414737845,-0.2681011414737845,2994632778.24,0.9642130450624973,2.1648240654405586
regir_requery_nomem,adaptive,adaptive,final@1000000,"[8, 8, 2]",0,300,qualified,0.33698569292947955,-0.33698569292947955,3243592159.1466665,0.9521876183386969,2.1722160208003225
regir_requery_nomem,adaptive,adaptive,final@1000000,"[8, 8, 2]",1,300,qualified,0.7935463838924942,-0.7935463838924942,3787318835.4133334,1.1386583410504196,2.2182534963299303
regir_requery_nomem,adaptive,adaptive,final@1000000,"[8, 8, 2]",2,300,qualified,0.2815289359997075,-0.2815289359997075,3538704190.2933335,1.0223093277565203,2.153580911011226
regir_requery_nomem,adaptive,adaptive,final@1000000,"[10, 10, 2]",0,300,qualified,0.5000459069018779,-0.5000459069018779,3722496602.24,1.0683052189448305,2.1798537796718582
regir_requery_nomem,adaptive,adaptive,final@1000000,"[10, 10, 2]",1,300,qualified,0.9150945585718436,-0.9150945585718436,4226343370.4533334,1.2428173237449178,2.2153588296550493
regir_requery_nomem,adaptive,adaptive,final@1000000,"[10, 10, 2]",2,300,qualified,0.40885474901876845,-0.40885474901876845,4046501538.56,1.0826114057937715,2.1514297994157277
regir_requery_nomem,adaptive,adaptive,final@1000000,"[10, 10, 3]",0,300,qualified,0.47811784839923904,-0.47811784839923904,3619297524.693333,1.0867970277289472,2.1690696596425734
regir_requery_nomem,adaptive,adaptive,final@1000000,"[10, 10, 3]",1,300,qualified,1.0889920020796742,-1.0889920020796742,4200886910.9333334,1.2122594136156841,2.200157405649605
regir_requery_nomem,adaptive,adaptive,final@1000000,"[10, 10, 3]",2,300,qualified,0.5724517801771215,-0.5724517801771215,4055028377.386667,1.100251637705757,2.148119568510708
regir_requery_nomem,adaptive,adaptive,final@1000000,"[10, 10, 4]",0,300,qualified,0.5249857476210364,-0.5249857476210364,3640037755.52,0.997936390885928,2.167757865605099
regir_requery_nomem,adaptive,adaptive,final@1000000,"[10, 10, 4]",1,300,qualified,1.2925948017284596,-1.2925948017284596,4181077502.9333334,1.2024751483924532,2.1929919430934093
regir_requery_nomem,adaptive,adaptive,final@1000000,"[10, 10, 4]",2,300,qualified,0.5737505794428425,-0.5737505794428425,4085526497.7066665,1.0794724747885873,2.150651287392072
regir_requery_nomem,adaptive,adaptive,final@1000000,"[10, 10, 6]",0,300,qualified,0.6056242352090211,-0.6056242352090211,3634590074.88,1.0201719057839365,2.160491741464296
regir_requery_nomem,adaptive,adaptive,final@1000000,"[10, 10, 6]",1,300,qualified,1.8552872230900925,-1.8552872230900925,4196871889.0666666,1.1722003436121546,2.1901373042042236
regir_requery_nomem,adaptive,adaptive,final@1000000,"[10, 10, 6]",2,300,qualified,0.6691139048417085,-0.6691139048417085,4107900683.9466667,1.1058947882886665,2.1570133925870425
regir_requery_nomem,adaptive,adaptive,final@1000000,"[10, 10, 9]",0,300,qualified,0.6996604220153791,-0.6996604220153791,3676066291.2,1.073733844042678,2.159128452313102
regir_requery_nomem,adaptive,adaptive,final@1000000,"[10, 10, 9]",1,300,qualified,2.6424748120847243,-2.6424748120847243,4158989910.4,1.1953115504485323,2.18439296313073
regir_requery_nomem,adaptive,adaptive,final@1000000,"[10, 10, 9]",2,300,qualified,0.8282756253032609,-0.8282756253032609,4097776872.5333333,1.1389840467730148,2.165771749817767
regir_requery_nomem,adaptive,adaptive,final@1000000,"[10, 10, 12]",0,300,qualified,0.7658307124416003,-0.7658307124416003,3708671377.0666666,1.0951658034774785,2.160064974823972
regir_requery_nomem,adaptive,adaptive,final@1000000,"[10, 10, 12]",1,300,qualified,3.25649437947896,-3.25649437947896,4250521721.386667,1.1993314057446938,2.1851650629524233
regir_requery_nomem,adaptive,adaptive,final@1000000,"[10, 10, 12]",2,300,qualified,1.2326841777376578,-1.2326841777376578,4179490395.52,1.1592338885273785,2.173493237877903
regir_requery_nomem,adaptive,adaptive,final@1000000,"[15, 15, 2]",0,300,qualified,0.569666611376483,-0.569666611376483,4841211394.133333,1.2201370667198594,2.17914578833613
regir_requery_nomem,adaptive,adaptive,final@1000000,"[15, 15, 2]",1,300,qualified,1.1076304949486868,-1.1076304949486868,5392991599.146667,1.2991455672390293,2.2095363160293284
regir_requery_nomem,adaptive,adaptive,final@1000000,"[15, 15, 2]",2,300,qualified,0.5066304863634958,-0.5066304863634958,5327633714.773334,1.206899290002184,2.148799059381745
regir_requery_nomem,adaptive,adaptive,final@1000000,"[15, 15, 4]",0,300,qualified,0.7469780341923637,-0.7469780341923637,4734428480.64,1.2113133121142163,2.168984935347228
regir_requery_nomem,adaptive,adaptive,final@1000000,"[15, 15, 4]",1,300,qualified,1.6506819302610274,-1.6506819302610274,5360745761.92,1.3090891912164322,2.186524149268731
regir_requery_nomem,adaptive,adaptive,final@1000000,"[15, 15, 4]",2,300,qualified,0.6850297360517369,-0.6850297360517369,5397471689.386666,1.2115536133479328,2.1458095888900757
regir_requery_nomem,adaptive,adaptive,final@1000000,"[15, 15, 6]",0,300,qualified,0.7691848287323394,-0.7691848287323394,4721253097.8133335,1.227098373171757,2.169108147959837
regir_requery_nomem,adaptive,adaptive,final@1000000,"[15, 15, 6]",1,300,qualified,2.581846958378496,-2.581846958378496,5448800487.253333,1.2982356287094687,2.1791505690458854
regir_requery_nomem,adaptive,adaptive,final@1000000,"[15, 15, 6]",2,300,qualified,1.0570300450299757,-1.0570300450299757,5348462832.426666,1.181272826246956,2.1444712419056464
regir_requery_nomem,adaptive,adaptive,final@1000000,"[20, 20, 2]",0,300,qualified,0.7562798351787202,-0.7562798351787202,5822440991.573334,1.229827969413212,2.181896252208647
regir_requery_nomem,adaptive,adaptive,final@1000000,"[20, 20, 2]",1,300,qualified,1.251517958636629,-1.251517958636629,6360750324.266666,1.3814428680141766,2.207786352689024
regir_requery_nomem,adaptive,adaptive,final@1000000,"[20, 20, 2]",2,300,qualified,0.6573986010303096,-0.6573986010303096,6572835098.24,1.379315249058224,2.1533166641051356
regir_requery_nomem,adaptive,adaptive,final@1000000,"[20, 20, 4]",0,300,qualified,0.9747969377753031,-0.9747969377753031,5713304985.173333,1.2800162559567252,2.1708057622443695
regir_requery_nomem,adaptive,adaptive,final@1000000,"[20, 20, 4]",1,300,qualified,2.2694417328611753,-2.2694417328611753,6446500123.733334,1.4197944735039103,2.184888561282351
regir_requery_nomem,adaptive,adaptive,final@1000000,"[20, 20, 4]",2,300,qualified,1.0474193547174324,-1.0474193547174324,6529714876.586667,1.3185220134904376,2.1440344476173445
regir_requery_nomem,adaptive,adaptive,final@1000000,"[20, 20, 6]",0,300,qualified,1.0889572527805198,-1.0889572527805198,5712620780.373333,1.345840582564706,2.1716293176642743
regir_requery_nomem,adaptive,adaptive,final@1000000,"[20, 20, 6]",1,300,qualified,3.027028266502823,-3.027028266502823,6518375139.2,1.3946311545762,2.1764727107142146
regir_requery_nomem,adaptive,adaptive,final@1000000,"[20, 20, 6]",2,300,qualified,1.2199445330100438,-1.2199445330100438,6579464106.88,1.3671023652242729,2.148976671776415
regir_requery_nomem,adaptive,adaptive,final@1000000,"[25, 25, 2]",0,300,qualified,0.8567858841825025,-0.8567858841825025,6852024990.08,1.4023888109903782,2.1810985701822223
regir_requery_nomem,adaptive,adaptive,final@1000000,"[25, 25, 2]",1,300,qualified,1.5825874299190772,-1.5825874299190772,7422451147.733334,1.498457776895957,2.2035008472772377
regir_requery_nomem,adaptive,adaptive,final@1000000,"[25, 25, 2]",2,300,qualified,0.7174236824991199,-0.7174236824991199,7844859829.546667,1.5872634880027423,2.1609650026172984
regir_requery_nomem,adaptive,adaptive,final@1000000,"[30, 30, 2]",0,300,qualified,0.9554800762682717,-0.9554800762682717,7848534768.64,1.51935675147494,2.1776411120606616
regir_requery_nomem,adaptive,adaptive,final@1000000,"[30, 30, 2]",1,300,qualified,1.7722100544920538,-1.7722100544920538,8314525253.546667,1.5600355421747858,2.196918776457901
regir_requery_nomem,adaptive,adaptive,final@1000000,"[30, 30, 2]",2,300,qualified,0.8023653984290716,-0.8023653984290716,9057023536.0,1.7710398042430946,2.1654089839372963
regir_requery_nomem,adaptive,adaptive,final@1000000,"[30, 30, 4]",0,300,qualified,1.2094347532163372,-1.2094347532163372,7538839160.746667,1.5027371830010088,2.1748087275192445
regir_requery_nomem,adaptive,adaptive,final@1000000,"[30, 30, 4]",1,300,qualified,2.780191370581885,-2.780191370581885,8487139484.373333,1.6559596231397398,2.17519578630404
regir_requery_nomem,adaptive,adaptive,final@1000000,"[30, 30, 4]",2,300,qualified,1.2685806705185247,-1.2685806705185247,9007762170.453333,1.8314307498231452,2.1560997012648166
regir_requery_nomem,adaptive,adaptive,final@1000000,"[30, 30, 6]",0,300,qualified,1.2460885931203116,-1.2460885931203116,7619386020.266666,1.5486027048708637,2.172180058117047
regir_requery_nomem,adaptive,adaptive,final@1000000,"[30, 30, 6]",1,300,qualified,3.756160847033445,-3.756160847033445,8537688544.426666,1.6881481245715015,2.169525922143574
regir_requery_nomem,adaptive,adaptive,final@1000000,"[30, 30, 6]",2,300,qualified,1.8171361789062341,-1.8171361789062341,9088797627.306667,1.9329377528188827,2.1544170282754185
regir_requery_nomem,adaptive,adaptive,final@1000000,"[30, 30, 9]",0,300,qualified,1.2538812730750382,-1.2538812730750382,7695985355.306666,1.631564965271003,2.178236837831449
regir_requery_nomem,adaptive,adaptive,final@1000000,"[30, 30, 9]",1,300,qualified,4.9391074209746595,-4.9391074209746595,8574785311.573334,1.7169133074306107,2.1653924067053216
regir_requery_nomem,adaptive,adaptive,final@1000000,"[30, 30, 9]",2,300,qualified,2.057246012544782,-2.057246012544782,9131992502.826666,2.0221423677221173,2.153678036527094
regir_requery_nomem,adaptive,adaptive,final@1000000,"[30, 30, 12]",0,300,qualified,1.5383493168637619,-1.5383493168637619,7748704212.693334,1.7484867877720778,2.1810627367840856
regir_requery_nomem,adaptive,adaptive,final@1000000,"[30, 30, 12]",1,300,qualified,6.33663059502134,-6.33663059502134,8658723369.6,1.7508177453273674,2.165421320351158
regir_requery_nomem,adaptive,adaptive,final@1000000,"[30, 30, 12]",2,300,qualified,2.3925553063723766,-2.3925553063723766,9129588702.72,2.1216905925874987,2.153500045506975
regir_requery_nomem,adaptive,adaptive,final@1000000,"[40, 40, 2]",0,300,qualified,0.8959503349277254,-0.8959503349277254,9648694487.04,1.7068353071958215,2.1751997522872575
regir_requery_nomem,adaptive,adaptive,final@1000000,"[40, 40, 2]",1,300,qualified,2.0804493631701195,-2.0804493631701195,10303408811.306667,1.8434728309250203,2.18526915791094
regir_requery_nomem,adaptive,adaptive,final@1000000,"[40, 40, 2]",2,300,qualified,0.8338640883158914,-0.8338640883158914,11400621793.706667,2.2147732456001297,2.176512653494245
regir_requery_nomem,adaptive,adaptive,final@1000000,"[50, 50, 2]",0,300,qualified,1.1338867006366262,-1.1338867006366262,11223460434.56,1.9077780091558816,2.1778331326794746
regir_requery_nomem,adaptive,adaptive,final@1000000,"[50, 50, 2]",1,300,qualified,2.343993894636759,-2.343993894636759,12069330157.653334,2.1281760034324058,2.177778327912669
regir_requery_nomem,adaptive,adaptive,final@1000000,"[50, 50, 2]",2,300,qualified,1.0998217223023052,-1.0998217223023052,13554269449.173334,2.585304743026888,2.181935802836428
regir_requery_nomem,adaptive,random,final@1000000,"[4, 4, 2]",0,300,qualified,0.12898415289842755,-0.12898415289842755,2199560309.76,0.7833364677384573,3.0
regir_requery_nomem,adaptive,random,final@1000000,"[4, 4, 2]",1,300,qualified,0.47022273258070785,-0.47022273258070785,2586041779.6266665,0.9514485745492857,3.0
regir_requery_nomem,adaptive,random,final@1000000,"[4, 4, 2]",2,300,qualified,0.20604406699328223,-0.20604406699328223,2412154626.7733335,0.8214634593906036,3.0
regir_requery_nomem,adaptive,random,final@1000000,"[5, 5, 2]",0,300,qualified,0.21091082293270658,-0.21091082293270658,2473199745.0666666,0.8381878253776813,2.631071448978289
regir_requery_nomem,adaptive,random,final@1000000,"[5, 5, 2]",1,300,qualified,0.5415136270883532,-0.5415136270883532,2847032511.36,0.9790298614243511,2.6300316655888407
regir_requery_nomem,adaptive,random,final@1000000,"[5, 5, 2]",2,300,qualified,0.3048445354863303,-0.3048445354863303,2706117229.44,0.8998720628224934,2.629471271541975
regir_requery_nomem,adaptive,random,final@1000000,"[6, 6, 2]",0,300,qualified,0.21858226787141272,-0.21858226787141272,2711573219.4133334,0.9063832367923654,3.9890430124209084
regir_requery_nomem,adaptive,random,final@1000000,"[6, 6, 2]",1,300,qualified,0.5213030095441262,-0.5213030095441262,3098374849.7066665,1.053547888174459,3.989631341643204
regir_requery_nomem,adaptive,random,final@1000000,"[6, 6, 2]",2,300,qualified,0.27440614553044745,-0.27440614553044745,3009140054.826667,0.9688009665904489,3.9897364665620025
regir_requery_nomem,adaptive,random,final@1000000,"[8, 8, 2]",0,300,qualified,0.38070216170574234,-0.38070216170574234,3210122417.28,0.8655129432606433,1.088865021177345
regir_requery_nomem,adaptive,random,final@1000000,"[8, 8, 2]",1,300,qualified,0.7034728185339141,-0.7034728185339141,3769067482.88,1.0040370732487645,1.0843080124989244
regir_requery_nomem,adaptive,random,final@1000000,"[8, 8, 2]",2,300,qualified,0.30386957074867893,-0.30386957074867893,3550480902.826667,0.8960462456588478,1.0842541254568157
regir_requery_nomem,adaptive,random,final@1000000,"[10, 10, 2]",0,300,qualified,0.439321485561755,-0.439321485561755,3668490313.8133335,0.960059903502115,1.5526655224717447
regir_requery_nomem,adaptive,random,final@1000000,"[10, 10, 2]",1,300,qualified,0.845833229169317,-0.845833229169317,4203929599.36,1.0973742652102374,1.548094690581944
regir_requery_nomem,adaptive,random,final@1000000,"[10, 10, 2]",2,300,qualified,0.46543492441853046,-0.46543492441853046,4046795990.4,1.010052822928022,1.5472788812773803
regir_requery_nomem,adaptive,random,final@1000000,"[10, 10, 3]",0,300,qualified,0.4813526570637323,-0.4813526570637323,3602542048.213333,1.0638279693009098,2.9313040099870733
regir_requery_nomem,adaptive,random,final@1000000,"[10, 10, 3]",1,300,qualified,1.152286065558675,-1.152286065558675,4175009770.0266666,1.1866220762995847,2.9321501697854973
regir_requery_nomem,adaptive,random,final@1000000,"[10, 10, 3]",2,300,qualified,0.5615238513736369,-0.5615238513736369,4025938209.0666666,1.0404387122532353,2.931494777385644
regir_requery_nomem,adaptive,random,final@1000000,"[10, 10, 4]",0,300,qualified,0.6146570384065906,-0.6146570384065906,3666605370.6666665,0.8898100519595512,1.0
regir_requery_nomem,adaptive,random,final@1000000,"[10, 10, 4]",1,300,qualified,1.6016914863881249,-1.6016914863881249,4301407770.666667,1.0906216774752828,1.0
regir_requery_nomem,adaptive,random,final@1000000,"[10, 10, 4]",2,300,qualified,0.5870791821832496,-0.5870791821832496,4044677418.6666665,0.9406372848440272,1.0
regir_requery_nomem,adaptive,random,final@1000000,"[10, 10, 6]",0,300,qualified,0.5102611605604549,-0.5102611605604549,3643490831.1466665,0.9020354540995322,1.0439010080807514
regir_requery_nomem,adaptive,random,final@1000000,"[10, 10, 6]",1,300,qualified,2.2846397101128306,-2.2846397101128306,4338667318.4,1.059651390913253,1.040359277358694
regir_requery_nomem,adaptive,random,final@1000000,"[10, 10, 6]",2,300,qualified,0.6499721137442797,-0.6499721137442797,4086264943.36,0.9674725211700813,1.041754658553966
regir_requery_nomem,adaptive,random,final@1000000,"[10, 10, 9]",0,300,qualified,0.6499720572464208,-0.6499720572464208,3665356962.7733335,0.995452606921123,1.4944322843234
regir_requery_nomem,adaptive,random,final@1000000,"[10, 10, 9]",1,300,qualified,3.037385393761446,-3.037385393761446,4238873459.6266665,1.1175892277708044,1.4931017764627263
regir_requery_nomem,adaptive,random,final@1000000,"[10, 10, 9]",2,300,qualified,0.911291844942115,-0.911291844942115,4115730270.9333334,1.0618367559055333,1.493601550197456
regir_requery_nomem,adaptive,random,final@1000000,"[10, 10, 12]",0,300,qualified,0.8569763453051465,-0.8569763453051465,3728489127.68,1.070142617317227,2.6303315231256637
regir_requery_nomem,adaptive,random,final@1000000,"[10, 10, 12]",1,300,qualified,3.3798937091749126,-3.3798937091749126,4183077363.84,1.1309275185132477,2.6262301633480725
regir_requery_nomem,adaptive,random,final@1000000,"[10, 10, 12]",2,300,qualified,1.097710153073806,-1.097710153073806,4141110447.1466665,1.0790189484514607,2.6244878312288757
regir_requery_nomem,adaptive,random,final@1000000,"[15, 15, 2]",0,300,qualified,0.5505416602216272,-0.5505416602216272,4821071884.16,1.203825418733759,3.7964891578090345
regir_requery_nomem,adaptive,random,final@1000000,"[15, 15, 2]",1,300,qualified,1.2035089466724571,-1.2035089466724571,5305896532.053333,1.2800149804510874,3.7931541546151935
regir_requery_nomem,adaptive,random,final@1000000,"[15, 15, 2]",2,300,qualified,0.47985916695065073,-0.47985916695065073,5353097316.906667,1.1991686577957201,3.792364474553549
regir_requery_nomem,adaptive,random,final@1000000,"[15, 15, 4]",0,300,qualified,0.7132419623140996,-0.7132419623140996,4742322584.746667,1.2151994114898843,3.7560298793812077
regir_requery_nomem,adaptive,random,final@1000000,"[15, 15, 4]",1,300,qualified,1.6778972117300395,-1.6778972117300395,5361953555.2,1.2953700116400917,3.7523824976113174
regir_requery_nomem,adaptive,random,final@1000000,"[15, 15, 4]",2,300,qualified,0.8249312711745642,-0.8249312711745642,5385816766.293333,1.2011086201908376,3.753817493667177
regir_requery_nomem,adaptive,random,final@1000000,"[15, 15, 6]",0,300,qualified,0.9109382770931236,-0.9109382770931236,4717560770.986667,1.136146716090346,2.913131615875311
regir_requery_nomem,adaptive,random,final@1000000,"[15, 15, 6]",1,300,qualified,2.5255135701322455,-2.5255135701322455,5359591410.133333,1.215427471997876,2.9126636939364707
regir_requery_nomem,adaptive,random,final@1000000,"[15, 15, 6]",2,300,qualified,0.9872724734190228,-0.9872724734190228,5328525431.04,1.1456091574205007,2.9119268275349834
regir_requery_nomem,adaptive,random,final@1000000,"[20, 20, 2]",0,300,qualified,0.7356913597495262,-0.7356913597495262,5875068821.973333,1.238019985318921,3.0
regir_requery_nomem,adaptive,random,final@1000000,"[20, 20, 2]",1,300,qualified,1.3011340127966147,-1.3011340127966147,6425444099.626667,1.3299044030289708,3.0
regir_requery_nomem,adaptive,random,final@1000000,"[20, 20, 2]",2,300,qualified,0.6315539962424871,-0.6315539962424871,6622824536.533334,1.2903557353034072,3.0
regir_requery_nomem,adaptive,random,final@1000000,"[20, 20, 4]",0,300,qualified,0.9839479308110312,-0.9839479308110312,5686393060.48,1.1644726375573857,2.0
regir_requery_nomem,adaptive,random,final@1000000,"[20, 20, 4]",1,300,qualified,2.2220348149246445,-2.2220348149246445,6442813250.986667,1.3026062434413082,2.0
regir_requery_nomem,adaptive,random,final@1000000,"[20, 20, 4]",2,300,qualified,1.1056933855993554,-1.1056933855993554,6536784314.453333,1.2245572690073945,2.0
regir_requery_nomem,adaptive,random,final@1000000,"[20, 20, 6]",0,300,qualified,1.0764654846021633,-1.0764654846021633,5700177564.586667,1.2572578004852404,2.5316057286045686
regir_requery_nomem,adaptive,random,final@1000000,"[20, 20, 6]",1,300,qualified,2.7655940002961157,-2.7655940002961157,6452008615.466666,1.3297000343170173,2.529893040046009
regir_requery_nomem,adaptive,random,final@1000000,"[20, 20, 6]",2,300,qualified,1.1988182069137014,-1.1988182069137014,6619150464.0,1.356713561960496,2.527815890497501
regir_requery_nomem,adaptive,random,final@1000000,"[25, 25, 2]",0,300,qualified,0.8148203927270589,-0.8148203927270589,6871752390.1866665,1.3440597437549149,3.0
regir_requery_nomem,adaptive,random,final@1000000,"[25, 25, 2]",1,300,qualified,1.4161512106994423,-1.4161512106994423,7379827384.533334,1.4210003321629483,3.0
regir_requery_nomem,adaptive,random,final@1000000,"[25, 25, 2]",2,300,qualified,0.6883095896104139,-0.6883095896104139,7784046506.453333,1.5091970561955046,3.0
regir_requery_nomem,adaptive,random,final@1000000,"[30, 30, 2]",0,300,qualified,0.8343921849704292,-0.8343921849704292,7764222568.96,1.390190113998639,1.1271971683968418
regir_requery_nomem,adaptive,random,final@1000000,"[30, 30, 2]",1,300,qualified,1.6454266726084936,-1.6454266726084936,8479045225.386666,1.447617349421101,1.1261435020334014
regir_requery_nomem,adaptive,random,final@1000000,"[30, 30, 2]",2,300,qualified,0.8577064359574278,-0.8577064359574278,8988756493.653334,1.609711289583162,1.1260537280284388
regir_requery_nomem,adaptive,random,final@1000000,"[30, 30, 4]",0,300,qualified,1.1823280976023691,-1.1823280976023691,7568647728.853333,1.4874317703394142,3.0
regir_requery_nomem,adaptive,random,final@1000000,"[30, 30, 4]",1,300,qualified,2.6706817594654644,-2.6706817594654644,8462720787.626667,1.5853225108247715,3.0
regir_requery_nomem,adaptive,random,final@1000000,"[30, 30, 4]",2,300,qualified,1.3386405123340914,-1.3386405123340914,9026063123.84,1.722126573851953,3.0
regir_requery_nomem,adaptive,random,final@1000000,"[30, 30, 6]",0,300,qualified,1.3961187094449796,-1.3961187094449796,7621316057.6,1.550516886137387,3.0
regir_requery_nomem,adaptive,random,final@1000000,"[30, 30, 6]",1,300,qualified,3.5303176037894413,-3.5303176037894413,8457962687.146667,1.586458787007141,3.0
regir_requery_nomem,adaptive,random,final@1000000,"[30, 30, 6]",2,300,qualified,1.5736506843341516,-1.5736506843341516,9043137255.04,1.8377811521316956,3.0
regir_requery_nomem,adaptive,random,final@1000000,"[30, 30, 9]",0,300,qualified,1.0999598524211118,-1.0999598524211118,7715607724.16,1.5337235507072182,2.1629936580621894
regir_requery_nomem,adaptive,random,final@1000000,"[30, 30, 9]",1,300,qualified,5.521518088287157,-5.521518088287157,8555217396.053333,1.6693113328332159,2.1622065700068718
regir_requery_nomem,adaptive,random,final@1000000,"[30, 30, 9]",2,300,qualified,1.9321951587181163,-1.9321951587181163,9059163207.253334,1.9546873743275257,2.1619072110563646
regir_requery_nomem,adaptive,random,final@1000000,"[30, 30, 12]",0,300,qualified,1.5976555026311003,-1.5976555026311003,7712903328.0,1.6067221391674442,1.0
regir_requery_nomem,adaptive,random,final@1000000,"[30, 30, 12]",1,300,qualified,8.11805108586931,-8.11805108586931,8915797888.0,1.6637925371032907,1.0
regir_requery_nomem,adaptive,random,final@1000000,"[30, 30, 12]",2,300,qualified,2.34154364102365,-2.34154364102365,9085729850.666666,1.9157099775131792,1.0
regir_requery_nomem,adaptive,random,final@1000000,"[40, 40, 2]",0,300,qualified,0.9635300999345623,-0.9635300999345623,9618909120.213333,1.5794564701397515,2.0
regir_requery_nomem,adaptive,random,final@1000000,"[40, 40, 2]",1,300,qualified,1.916837288045495,-1.916837288045495,10238263383.253334,1.662697511758112,2.0
regir_requery_nomem,adaptive,random,final@1000000,"[40, 40, 2]",2,300,qualified,0.9762639331248998,-0.9762639331248998,11438122780.373333,2.077692875561576,2.0
regir_requery_nomem,adaptive,random,final@1000000,"[50, 50, 2]",0,300,qualified,1.129081708916202,-1.129081708916202,11286672280.746666,1.8420331723196433,4.0
regir_requery_nomem,adaptive,random,final@1000000,"[50, 50, 2]",1,300,qualified,2.1155544205219723,-2.1155544205219723,12013518873.173334,1.9989666581928032,4.0
regir_requery_nomem,adaptive,random,final@1000000,"[50, 50, 2]",2,300,qualified,1.1637777000645275,-1.1637777000645275,13558548352.0,2.578113000052399,4.0
regir_requery_nomem,calibrate,fixed1,final@1000000,"[4, 4, 2]",0,40,,0.225,-0.225,2175560520.0,2.1008018597611224,1.0
regir_requery_nomem,calibrate,fixed1,final@1000000,"[4, 4, 2]",1,40,,0.5686880339477884,-0.5686880339477884,2467118520.0,2.3284808588796295,1.0
regir_requery_nomem,calibrate,fixed1,final@1000000,"[4, 4, 2]",2,40,,0.25,-0.25,2398201400.0,2.051963045913726,1.0
regir_requery_nomem,calibrate,fixed1,final@1000000,"[6, 6, 2]",0,40,,0.2,-0.2,2853899360.0,2.68536943475483,1.0
regir_requery_nomem,calibrate,fixed1,final@1000000,"[6, 6, 2]",1,40,,0.5311430190663695,-0.5311430190663695,3285543760.0,2.8733984568854796,1.0
regir_requery_nomem,calibrate,fixed1,final@1000000,"[6, 6, 2]",2,40,,0.1946889475160151,-0.1946889475160151,2916196040.0,2.192998347862158,1.0
regir_requery_nomem,calibrate,fixed1,final@1000000,"[8, 8, 2]",0,40,,0.31617784845009983,-0.31617784845009983,3139400440.0,2.409694720292464,1.0
regir_requery_nomem,calibrate,fixed1,final@1000000,"[8, 8, 2]",1,40,,0.5199329260619833,-0.5199329260619833,3641588440.0,2.6599743914208376,1.0
regir_requery_nomem,calibrate,fixed1,final@1000000,"[8, 8, 2]",2,40,,0.0938217619731982,-0.0938217619731982,3467429320.0,2.2982642207178285,1.0
regir_requery_nomem,calibrate,fixed1,final@1000000,"[10, 10, 3]",0,40,,0.45814773737262093,-0.45814773737262093,3778484760.0,2.834525846852921,1.0
regir_requery_nomem,calibrate,fixed1,final@1000000,"[10, 10, 3]",1,40,,0.951176256553279,-0.951176256553279,4304392480.0,2.710146724549122,1.0
regir_requery_nomem,calibrate,fixed1,final@1000000,"[10, 10, 3]",2,40,,0.43785599534388464,-0.43785599534388464,4060096440.0,2.3681791165261528,1.0
regir_requery_nomem,calibrate,fixed2,final@1000000,"[4, 4, 2]",0,40,,0.225,-0.225,2168118985.6,2.241671194299124,2.0
regir_requery_nomem,calibrate,fixed2,final@1000000,"[4, 4, 2]",1,40,,0.4998020370368155,-0.4998020370368155,2569171737.6,2.6316571753122844,2.0
regir_requery_nomem,calibrate,fixed2,final@1000000,"[4, 4, 2]",2,40,,0.2855672228846126,-0.2855672228846126,2391123475.2,2.129760573070962,2.0
regir_requery_nomem,calibrate,fixed2,final@1000000,"[6, 6, 2]",0,40,,0.175,-0.175,2774049515.2,2.5770559481577946,2.0
regir_requery_nomem,calibrate,fixed2,final@1000000,"[6, 6, 2]",1,40,,0.4028619038775103,-0.4028619038775103,3397428644.8,3.082746304513421,2.0
regir_requery_nomem,calibrate,fixed2,final@1000000,"[6, 6, 2]",2,40,,0.1564252427257818,-0.1564252427257818,2936905608.0,2.245402472431306,2.0
regir_requery_nomem,calibrate,fixed2,final@1000000,"[8, 8, 2]",0,40,,0.17199561173733086,-0.17199561173733086,3141853099.2,2.4905720456386917,2.0
regir_requery_nomem,calibrate,fixed2,final@1000000,"[8, 8, 2]",1,40,,0.8120227580796765,-0.8120227580796765,3752348710.4,2.8658941425615923,2.0
regir_requery_nomem,calibrate,fixed2,final@1000000,"[8, 8, 2]",2,40,,0.2,-0.2,3561723832.0,2.4551972760935312,2.0
regir_requery_nomem,calibrate,fixed2,final@1000000,"[10, 10, 3]",0,40,,0.47606146465266547,-0.47606146465266547,3734876804.8,2.922449965274427,2.0
regir_requery_nomem,calibrate,fixed2,final@1000000,"[10, 10, 3]",1,40,,0.9669376894844721,-0.9669376894844721,4256657124.8,2.7221391263767147,2.0
regir_requery_nomem,calibrate,fixed2,final@1000000,"[10, 10, 3]",2,40,,0.5268455483823664,-0.5268455483823664,4170139769.6,2.542363241640851,2.0
regir_requery_nomem,calibrate,fixed3,final@1000000,"[4, 4, 2]",0,40,,0.175,-0.175,2143138712.0,2.3177206296357324,3.0
regir_requery_nomem,calibrate,fixed3,final@1000000,"[4, 4, 2]",1,40,,0.31438659192163676,-0.31438659192163676,2453571084.8,2.6940120265237057,3.0
regir_requery_nomem,calibrate,fixed3,final@1000000,"[4, 4, 2]",2,40,,0.2057601314440419,-0.2057601314440419,2415245883.2,2.3055829987628385,3.0
regir_requery_nomem,calibrate,fixed3,final@1000000,"[6, 6, 2]",0,40,,0.15,-0.15,2713421726.4,2.587792986887507,3.0
regir_requery_nomem,calibrate,fixed3,final@1000000,"[6, 6, 2]",1,40,,0.5753271395526108,-0.5753271395526108,3270781420.8,2.804255452158395,3.0
regir_requery_nomem,calibrate,fixed3,final@1000000,"[6, 6, 2]",2,40,,0.22401466313934557,-0.22401466313934557,2940114352.0,2.4412987867021,3.0
regir_requery_nomem,calibrate,fixed3,final@1000000,"[8, 8, 2]",0,40,,0.33044013205067313,-0.33044013205067313,3280958321.6,2.902573626395315,3.0
regir_requery_nomem,calibrate,fixed3,final@1000000,"[8, 8, 2]",1,40,,0.5567028767714708,-0.5567028767714708,3577924240.0,2.8871951300650833,3.0
regir_requery_nomem,calibrate,fixed3,final@1000000,"[8, 8, 2]",2,40,,0.3773172151893729,-0.3773172151893729,3514663784.0,2.5081507897470146,3.0
regir_requery_nomem,calibrate,fixed3,final@1000000,"[10, 10, 3]",0,40,,0.4040966223216342,-0.4040966223216342,3684413558.4,2.9627132852445355,3.0
regir_requery_nomem,calibrate,fixed3,final@1000000,"[10, 10, 3]",1,40,,0.8965827231915054,-0.8965827231915054,4287414886.4,2.9746593526564538,3.0
regir_requery_nomem,calibrate,fixed3,final@1000000,"[10, 10, 3]",2,40,,0.586023535657254,-0.586023535657254,4030452744.0,2.558177690557204,3.0
regir_requery_nomem,calibrate,fixed4,final@1000000,"[4, 4, 2]",0,40,,0.175,-0.175,2156027332.8,2.4237511259620077,4.0
regir_requery_nomem,calibrate,fixed4,final@1000000,"[4, 4, 2]",1,40,,0.3708824053850356,-0.3708824053850356,2400504713.6,2.831321294105146,4.0
regir_requery_nomem,calibrate,fixed4,final@1000000,"[4, 4, 2]",2,40,,0.3045654517206527,-0.3045654517206527,2457457785.6,2.46176457303809,4.0
regir_requery_nomem,calibrate,fixed4,final@1000000,"[6, 6, 2]",0,40,,0.12869931760037975,-0.12869931760037975,2749417670.4,2.747038612619508,4.0
regir_requery_nomem,calibrate,fixed4,final@1000000,"[6, 6, 2]",1,40,,0.4687377747925291,-0.4687377747925291,3198687320.0,2.8867431986145675,4.0
regir_requery_nomem,calibrate,fixed4,final@1000000,"[6, 6, 2]",2,40,,0.16854828499377167,-0.16854828499377167,2935386512.0,2.554484036611393,4.0
regir_requery_nomem,calibrate,fixed4,final@1000000,"[8, 8, 2]",0,40,,0.3033611821155998,-0.3033611821155998,3200135662.4,2.8705506409169175,4.0
regir_requery_nomem,calibrate,fixed4,final@1000000,"[8, 8, 2]",1,40,,0.522144843863509,-0.522144843863509,3533377321.6,2.9900576456449928,4.0
regir_requery_nomem,calibrate,fixed4,final@1000000,"[8, 8, 2]",2,40,,0.24356933361971972,-0.24356933361971972,3493304819.2,2.6306902246316897,4.0
regir_requery_nomem,calibrate,fixed4,final@1000000,"[10, 10, 3]",0,40,,0.4660213162357968,-0.4660213162357968,3647644980.8,3.047673740098253,4.0
regir_requery_nomem,calibrate,fixed4,final@1000000,"[10, 10, 3]",1,40,,0.877471374244091,-0.877471374244091,4302947980.8,3.17379457653733,4.0
regir_requery_nomem,calibrate,fixed4,final@1000000,"[10, 10, 3]",2,40,,0.5478702757826086,-0.5478702757826086,3998844622.4,2.6795541300438344,4.0
regir_requery_nomem,calibrate,tau_0.01,final@1000000,"[4, 4, 2]",0,40,,0.175,-0.175,2160334995.2,2.568955533648841,3.8802590215835706
regir_requery_nomem,calibrate,tau_0.01,final@1000000,"[4, 4, 2]",1,40,,0.3708824053850356,-0.3708824053850356,2406753652.8,2.9757855874486268,3.854706292850596
regir_requery_nomem,calibrate,tau_0.01,final@1000000,"[4, 4, 2]",2,40,,0.3045654517206527,-0.3045654517206527,2463818350.4,2.651229923951905,3.868890749014177
regir_requery_nomem,calibrate,tau_0.01,final@1000000,"[6, 6, 2]",0,40,,0.12869931760037975,-0.12869931760037975,2756576155.2,2.792876388807781,3.8800720690253856
regir_requery_nomem,calibrate,tau_0.01,final@1000000,"[6, 6, 2]",1,40,,0.4687377747925291,-0.4687377747925291,3194212892.8,3.127275199838914,3.8611575751952847
regir_requery_nomem,calibrate,tau_0.01,final@1000000,"[6, 6, 2]",2,40,,0.16854828499377167,-0.16854828499377167,2947876566.4,2.7567242215503938,3.8567809718475554
regir_requery_nomem,calibrate,tau_0.01,final@1000000,"[8, 8, 2]",0,40,,0.3033611821155998,-0.3033611821155998,3218288528.0,2.998450428864453,3.8925124112118277
regir_requery_nomem,calibrate,tau_0.01,final@1000000,"[8, 8, 2]",1,40,,0.522144843863509,-0.522144843863509,3533828072.0,3.1760903786169363,3.8613876529778293
regir_requery_nomem,calibrate,tau_0.01,final@1000000,"[8, 8, 2]",2,40,,0.24356933361971972,-0.24356933361971972,3505537235.2,2.8368559711263517,3.8588156156898923
regir_requery_nomem,calibrate,tau_0.01,final@1000000,"[10, 10, 3]",0,40,,0.4660213162357968,-0.4660213162357968,3662487555.2,2.997066262806766,3.858422356711796
regir_requery_nomem,calibrate,tau_0.01,final@1000000,"[10, 10, 3]",1,40,,0.877471374244091,-0.877471374244091,4320043233.6,3.4713799550198017,3.8580580558655617
regir_requery_nomem,calibrate,tau_0.01,final@1000000,"[10, 10, 3]",2,40,,0.5478702757826086,-0.5478702757826086,4018145974.4,2.8463811513618564,3.8716220843956384
regir_requery_nomem,calibrate,tau_0.03,final@1000000,"[4, 4, 2]",0,40,,0.15,-0.15,2157526816.0,2.5320345091051424,3.464572622959236
regir_requery_nomem,calibrate,tau_0.03,final@1000000,"[4, 4, 2]",1,40,,0.34588240538503556,-0.34588240538503556,2434280420.8,3.014683637348935,3.496859639190329
regir_requery_nomem,calibrate,tau_0.03,final@1000000,"[4, 4, 2]",2,40,,0.3045654517206527,-0.3045654517206527,2457796518.4,2.6302434710552918,3.49138765460582
regir_requery_nomem,calibrate,tau_0.03,final@1000000,"[6, 6, 2]",0,40,,0.12869931760037975,-0.12869931760037975,2759648022.4,2.7466465354547838,3.4669347995275843
regir_requery_nomem,calibrate,tau_0.03,final@1000000,"[6, 6, 2]",1,40,,0.4937377747925291,-0.4937377747925291,3186436734.4,3.1104044642066584,3.5073331086594526
regir_requery_nomem,calibrate,tau_0.03,final@1000000,"[6, 6, 2]",2,40,,0.16854828499377167,-0.16854828499377167,2940350110.4,2.6904460463440047,3.4608389495943146
regir_requery_nomem,calibrate,tau_0.03,final@1000000,"[8, 8, 2]",0,40,,0.3033611821155998,-0.3033611821155998,3211266515.2,2.889186632470228,3.5133627366016458
regir_requery_nomem,calibrate,tau_0.03,final@1000000,"[8, 8, 2]",1,40,,0.5435391340773269,-0.5435391340773269,3586343086.4,3.2397597460774703,3.5184673771232706
regir_requery_nomem,calibrate,tau_0.03,final@1000000,"[8, 8, 2]",2,40,,0.29754216748403484,-0.29754216748403484,3583280025.6,2.9123286372167057,3.4835362505455945
regir_requery_nomem,calibrate,tau_0.03,final@1000000,"[10, 10, 3]",0,40,,0.4219647746239072,-0.4219647746239072,3612934424.0,2.788808432570659,3.439599999700401
regir_requery_nomem,calibrate,tau_0.03,final@1000000,"[10, 10, 3]",1,40,,0.9565345344766527,-0.9565345344766527,4272328824.0,3.350595814594999,3.491025980244437
regir_requery_nomem,calibrate,tau_0.03,final@1000000,"[10, 10, 3]",2,40,,0.4734728574064515,-0.4734728574064515,4005360622.4,2.782108392345253,3.4662995707981814
regir_requery_nomem,calibrate,tau_0.1,final@1000000,"[4, 4, 2]",0,40,,0.175,-0.175,2129689396.8,2.343301336688455,2.7053101554882617
regir_requery_nomem,calibrate,tau_0.1,final@1000000,"[4, 4, 2]",1,40,,0.41649860548910583,-0.41649860548910583,2417884780.8,2.757959162024781,2.8887159730752066
regir_requery_nomem,calibrate,tau_0.1,final@1000000,"[4, 4, 2]",2,40,,0.2807601314440419,-0.2807601314440419,2451112432.0,2.53532179313479,2.7971550537081176
regir_requery_nomem,calibrate,tau_0.1,final@1000000,"[6, 6, 2]",0,40,,0.17869931760037974,-0.17869931760037974,2705262152.0,2.598288979229983,2.7443470382989816
regir_requery_nomem,calibrate,tau_0.1,final@1000000,"[6, 6, 2]",1,40,,0.4279627383613633,-0.4279627383613633,3105625288.0,3.042182901024353,2.873739359137087
regir_requery_nomem,calibrate,tau_0.1,final@1000000,"[6, 6, 2]",2,40,,0.1437377747925291,-0.1437377747925291,2929589352.0,2.5870335857616737,2.7754707702757244
regir_requery_nomem,calibrate,tau_0.1,final@1000000,"[8, 8, 2]",0,40,,0.42349253786245267,-0.42349253786245267,3285995697.6,2.950722125836182,2.7567734244806266
regir_requery_nomem,calibrate,tau_0.1,final@1000000,"[8, 8, 2]",1,40,,0.6378659727303486,-0.6378659727303486,3599920417.6,3.091390897007659,2.8999169037499835
regir_requery_nomem,calibrate,tau_0.1,final@1000000,"[8, 8, 2]",2,40,,0.20666334745768006,-0.20666334745768006,3526117801.6,2.6980031402315943,2.774039440838731
regir_requery_nomem,calibrate,tau_0.1,final@1000000,"[10, 10, 3]",0,40,,0.371377890078796,-0.371377890078796,3663771376.0,2.7090904906508513,2.7230128673121645
regir_requery_nomem,calibrate,tau_0.1,final@1000000,"[10, 10, 3]",1,40,,0.9155556191109371,-0.9155556191109371,4343572600.0,3.456976173399016,2.8229394936157948
regir_requery_nomem,calibrate,tau_0.1,final@1000000,"[10, 10, 3]",2,40,,0.5454003149247321,-0.5454003149247321,4024808617.6,2.7509543147869406,2.745416116856789
regir_requery_nomem,calibrate,tau_0.3,final@1000000,"[4, 4, 2]",0,40,,0.2,-0.2,2212952854.4,2.484895141539164,2.2342866102136183
regir_requery_nomem,calibrate,tau_0.3,final@1000000,"[4, 4, 2]",1,40,,0.3708824053850356,-0.3708824053850356,2532794676.8,2.754897762532346,2.387494267033094
regir_requery_nomem,calibrate,tau_0.3,final@1000000,"[4, 4, 2]",2,40,,0.2545654517206527,-0.2545654517206527,2486765670.4,2.460761845041998,2.307713225490963
regir_requery_nomem,calibrate,tau_0.3,final@1000000,"[6, 6, 2]",0,40,,0.125,-0.125,2773679596.8,2.7209746690117753,2.2664210661165844
regir_requery_nomem,calibrate,tau_0.3,final@1000000,"[6, 6, 2]",1,40,,0.5282902212118007,-0.5282902212118007,3076134590.4,2.991615699289832,2.3845800489387723
regir_requery_nomem,calibrate,tau_0.3,final@1000000,"[6, 6, 2]",2,40,,0.05,-0.05,2868424744.0,2.3841662145336158,2.280383612528047
regir_requery_nomem,calibrate,tau_0.3,final@1000000,"[8, 8, 2]",0,40,,0.2962713904271894,-0.2962713904271894,3188538505.6,2.767972550261766,2.2717431939818407
regir_requery_nomem,calibrate,tau_0.3,final@1000000,"[8, 8, 2]",1,40,,0.584264901320418,-0.584264901320418,3623777536.0,3.07669314466184,2.3643774666311645
regir_requery_nomem,calibrate,tau_0.3,final@1000000,"[8, 8, 2]",2,40,,0.2988443241338763,-0.2988443241338763,3493359403.2,2.5736911124084143,2.2723434183050646
regir_requery_nomem,calibrate,tau_0.3,final@1000000,"[10, 10, 3]",0,40,,0.34515710405749983,-0.34515710405749983,3734205627.2,2.692190049379133,2.256701284261244
regir_requery_nomem,calibrate,tau_0.3,final@1000000,"[10, 10, 3]",1,40,,1.005290180897437,-1.005290180897437,4200186148.8,3.2639491477282716,2.3385179903375377
regir_requery_nomem,calibrate,tau_0.3,final@1000000,"[10, 10, 3]",2,40,,0.42477450001869255,-0.42477450001869255,3998269308.8,2.553139701427426,2.2593035904379457
regir_requery_nomem,calibrate,tau_1,final@1000000,"[4, 4, 2]",0,40,,0.13350597790551738,-0.13350597790551738,2140545123.2,2.346710737934336,2.1704891381718863
regir_requery_nomem,calibrate,tau_1,final@1000000,"[4, 4, 2]",1,40,,0.3914986054891058,-0.3914986054891058,2454941387.2,2.6451953326351942,2.2287167452728434
regir_requery_nomem,calibrate,tau_1,final@1000000,"[4, 4, 2]",2,40,,0.2,-0.2,2375453600.0,2.3150530931307003,2.183390229914474
regir_requery_nomem,calibrate,tau_1,final@1000000,"[6, 6, 2]",0,40,,0.2,-0.2,2796218886.4,2.7263246639166026,2.1622006484793035
regir_requery_nomem,calibrate,tau_1,final@1000000,"[6, 6, 2]",1,40,,0.3779627383613633,-0.3779627383613633,3203652502.4,3.0158208478125745,2.2254731201955638
regir_requery_nomem,calibrate,tau_1,final@1000000,"[6, 6, 2]",2,40,,0.025,-0.025,2884043006.4,2.355395127122756,2.151671223715566
regir_requery_nomem,calibrate,tau_1,final@1000000,"[8, 8, 2]",0,40,,0.28625655299660524,-0.28625655299660524,3192446507.2,2.6448666673735715,2.1706601329718236
regir_requery_nomem,calibrate,tau_1,final@1000000,"[8, 8, 2]",1,40,,0.735634760659228,-0.735634760659228,3632840196.8,3.0040157694369554,2.217469860640785
regir_requery_nomem,calibrate,tau_1,final@1000000,"[8, 8, 2]",2,40,,0.18324217700112602,-0.18324217700112602,3440688947.2,2.470226127386559,2.1567220756223953
regir_requery_nomem,calibrate,tau_1,final@1000000,"[10, 10, 3]",0,40,,0.413956404043304,-0.413956404043304,3703613564.8,2.7844034491688943,2.1639145849494157
regir_requery_nomem,calibrate,tau_1,final@1000000,"[10, 10, 3]",1,40,,0.9452707952757277,-0.9452707952757277,4266765248.0,3.035894717881456,2.2019605378636085
regir_requery_nomem,calibrate,tau_1,final@1000000,"[10, 10, 3]",2,40,,0.5647069182513585,-0.5647069182513585,4042722364.8,2.572568519192282,2.1513402472476226
regir_requery_nomem,eval,fixed1,final@1000000,"[4, 4, 2]",0,300,qualified,0.16772601464241785,-0.16772601464241785,2221913248.0,0.6802847927391606,1.0
regir_requery_nomem,eval,fixed1,final@1000000,"[4, 4, 2]",1,300,qualified,0.5010114309935518,-0.5010114309935518,2567501141.3333335,0.8083630960147518,1.0
regir_requery_nomem,eval,fixed1,final@1000000,"[4, 4, 2]",2,300,qualified,0.2300359535338718,-0.2300359535338718,2451187984.0,0.9041963222966296,1.0
regir_requery_nomem,eval,fixed1,final@1000000,"[5, 5, 2]",0,300,qualified,0.26385042951311444,-0.26385042951311444,2504795493.3333335,0.7542067088565091,1.0
regir_requery_nomem,eval,fixed1,final@1000000,"[5, 5, 2]",1,300,qualified,0.5946072298034402,-0.5946072298034402,2876245957.3333335,0.8082837292569457,1.0
regir_requery_nomem,eval,fixed1,final@1000000,"[5, 5, 2]",2,300,qualified,0.23972689734137487,-0.23972689734137487,2675797600.0,0.9955816249095369,1.0
regir_requery_nomem,eval,fixed1,final@1000000,"[6, 6, 2]",0,300,qualified,0.2224269076569274,-0.2224269076569274,2722450170.6666665,0.7691892832930898,1.0
regir_requery_nomem,eval,fixed1,final@1000000,"[6, 6, 2]",1,300,qualified,0.599963428263784,-0.599963428263784,3167356634.6666665,0.8964607052208158,1.0
regir_requery_nomem,eval,fixed1,final@1000000,"[6, 6, 2]",2,300,qualified,0.23755961324406605,-0.23755961324406605,3002700677.3333335,0.9515094769907106,1.0
regir_requery_nomem,eval,fixed1,final@1000000,"[8, 8, 2]",0,300,qualified,0.3829636033528654,-0.3829636033528654,3226933744.0,0.818840830688326,1.0
regir_requery_nomem,eval,fixed1,final@1000000,"[8, 8, 2]",1,300,qualified,0.7431943742240411,-0.7431943742240411,3750555285.3333335,0.9485431619361043,1.0
regir_requery_nomem,eval,fixed1,final@1000000,"[8, 8, 2]",2,300,qualified,0.3243868303502974,-0.3243868303502974,3546723301.3333335,1.010759597076297,1.0
regir_requery_nomem,eval,fixed1,final@1000000,"[10, 10, 2]",0,300,qualified,0.47518397235525034,-0.47518397235525034,3705187824.0,0.838255670767782,1.0
regir_requery_nomem,eval,fixed1,final@1000000,"[10, 10, 2]",1,300,qualified,0.9013768825113078,-0.9013768825113078,4161361760.0,0.9994463021370272,1.0
regir_requery_nomem,eval,fixed1,final@1000000,"[10, 10, 2]",2,300,qualified,0.46570538622146346,-0.46570538622146346,4050869130.6666665,1.125335289852228,1.0
regir_requery_nomem,eval,fixed1,final@1000000,"[10, 10, 3]",0,300,qualified,0.466269159664318,-0.466269159664318,3653223738.6666665,0.8432219571548436,1.0
regir_requery_nomem,eval,fixed1,final@1000000,"[10, 10, 3]",1,300,qualified,1.2165719907463755,-1.2165719907463755,4240083648.0,1.0147432615964984,1.0
regir_requery_nomem,eval,fixed1,final@1000000,"[10, 10, 3]",2,300,qualified,0.611118322520782,-0.611118322520782,4002220549.3333335,1.1428045763863095,1.0
regir_requery_nomem,eval,fixed1,final@1000000,"[10, 10, 4]",0,300,qualified,0.6146570384065906,-0.6146570384065906,3666605370.6666665,0.860526248588576,1.0
regir_requery_nomem,eval,fixed1,final@1000000,"[10, 10, 4]",1,300,qualified,1.6016914863881249,-1.6016914863881249,4301407770.666667,1.117332608451834,1.0
regir_requery_nomem,eval,fixed1,final@1000000,"[10, 10, 4]",2,300,qualified,0.5870791821832496,-0.5870791821832496,4044677418.6666665,1.1225382429041202,1.0
regir_requery_nomem,eval,fixed1,final@1000000,"[10, 10, 6]",0,300,qualified,0.5098784731339046,-0.5098784731339046,3645772538.6666665,0.8832867056554339,1.0
regir_requery_nomem,eval,fixed1,final@1000000,"[10, 10, 6]",1,300,qualified,2.3375964335185597,-2.3375964335185597,4313043493.333333,1.0908499949440982,1.0
regir_requery_nomem,eval,fixed1,final@1000000,"[10, 10, 6]",2,300,qualified,0.6581828399629093,-0.6581828399629093,4092265397.3333335,1.1848645261351096,1.0
regir_requery_nomem,eval,fixed1,final@1000000,"[10, 10, 9]",0,300,qualified,0.756747350931439,-0.756747350931439,3674391701.3333335,0.9146141577486803,1.0
regir_requery_nomem,eval,fixed1,final@1000000,"[10, 10, 9]",1,300,qualified,3.462223131632244,-3.462223131632244,4295836165.333333,1.1188452144836385,1.0
regir_requery_nomem,eval,fixed1,final@1000000,"[10, 10, 9]",2,300,qualified,0.7901700646677531,-0.7901700646677531,4106521488.0,1.2477643192961114,1.0
regir_requery_nomem,eval,fixed1,final@1000000,"[10, 10, 12]",0,300,qualified,0.9698475559225863,-0.9698475559225863,3729843824.0,0.9484213971820039,1.0
regir_requery_nomem,eval,fixed1,final@1000000,"[10, 10, 12]",1,300,qualified,4.510002526644216,-4.510002526644216,4365284448.0,1.1125769046791054,1.0
regir_requery_nomem,eval,fixed1,final@1000000,"[10, 10, 12]",2,300,qualified,1.1036301749807285,-1.1036301749807285,4152413466.6666665,1.2762769069344115,1.0
regir_requery_nomem,eval,fixed1,final@1000000,"[15, 15, 2]",0,300,qualified,0.5678903317178028,-0.5678903317178028,4794521888.0,1.021640990379965,1.0
regir_requery_nomem,eval,fixed1,final@1000000,"[15, 15, 2]",1,300,qualified,1.0960064520021784,-1.0960064520021784,5402234384.0,1.2412278889203057,1.0
regir_requery_nomem,eval,fixed1,final@1000000,"[15, 15, 2]",2,300,qualified,0.5228060616072895,-0.5228060616072895,5316203205.333333,1.2727042381676923,1.0
regir_requery_nomem,eval,fixed1,final@1000000,"[15, 15, 4]",0,300,qualified,0.8399975722166247,-0.8399975722166247,4708502960.0,0.984309375830344,1.0
regir_requery_nomem,eval,fixed1,final@1000000,"[15, 15, 4]",1,300,qualified,2.04985031932987,-2.04985031932987,5524942432.0,1.2780394782087146,1.0
regir_requery_nomem,eval,fixed1,final@1000000,"[15, 15, 4]",2,300,qualified,0.7390192033874169,-0.7390192033874169,5342877498.666667,1.3185237081800976,1.0
regir_requery_nomem,eval,fixed1,final@1000000,"[15, 15, 6]",0,300,qualified,0.9439861986506073,-0.9439861986506073,4721400912.0,0.9751276106158426,1.0
regir_requery_nomem,eval,fixed1,final@1000000,"[15, 15, 6]",1,300,qualified,3.0747962685152763,-3.0747962685152763,5540178677.333333,1.2536829551666353,1.0
regir_requery_nomem,eval,fixed1,final@1000000,"[15, 15, 6]",2,300,qualified,0.930877805063246,-0.930877805063246,5341819616.0,1.3294522790003491,1.0
regir_requery_nomem,eval,fixed1,final@1000000,"[20, 20, 2]",0,300,qualified,0.7990120112775854,-0.7990120112775854,5839538965.333333,1.07128313655674,1.0
regir_requery_nomem,eval,fixed1,final@1000000,"[20, 20, 2]",1,300,qualified,1.1324434957161946,-1.1324434957161946,6459747786.666667,1.3206548142021832,1.0
regir_requery_nomem,eval,fixed1,final@1000000,"[20, 20, 2]",2,300,qualified,0.6177932486439371,-0.6177932486439371,6570981605.333333,1.4344540090934605,1.0
regir_requery_nomem,eval,fixed1,final@1000000,"[20, 20, 4]",0,300,qualified,1.0169435279602328,-1.0169435279602328,5716420906.666667,1.0547628854585733,1.0
regir_requery_nomem,eval,fixed1,final@1000000,"[20, 20, 4]",1,300,qualified,2.342694122236183,-2.342694122236183,6603365258.666667,1.3765233624437436,1.0
regir_requery_nomem,eval,fixed1,final@1000000,"[20, 20, 4]",2,300,qualified,0.961242519773611,-0.961242519773611,6482599466.666667,1.4519668624420108,1.0
regir_requery_nomem,eval,fixed1,final@1000000,"[20, 20, 6]",0,300,qualified,1.0915522453446227,-1.0915522453446227,5730303200.0,1.1156900854195313,1.0
regir_requery_nomem,eval,fixed1,final@1000000,"[20, 20, 6]",1,300,qualified,3.5919459318330746,-3.5919459318330746,6721131349.333333,1.4314246142678895,1.0
regir_requery_nomem,eval,fixed1,final@1000000,"[20, 20, 6]",2,300,qualified,1.1312325756695862,-1.1312325756695862,6599877541.333333,1.4228265664850672,1.0
regir_requery_nomem,eval,fixed1,final@1000000,"[25, 25, 2]",0,300,qualified,0.8622995143729574,-0.8622995143729574,6803990880.0,1.1622695416642819,1.0
regir_requery_nomem,eval,fixed1,final@1000000,"[25, 25, 2]",1,300,qualified,1.38442231370277,-1.38442231370277,7542933237.333333,1.4593984445696697,1.0
regir_requery_nomem,eval,fixed1,final@1000000,"[25, 25, 2]",2,300,qualified,0.7067298601139124,-0.7067298601139124,7839653402.666667,1.54244165785048,1.0
regir_requery_nomem,eval,fixed1,final@1000000,"[30, 30, 2]",0,300,qualified,0.8904969760742157,-0.8904969760742157,7818944373.333333,1.3351306926319375,1.0
regir_requery_nomem,eval,fixed1,final@1000000,"[30, 30, 2]",1,300,qualified,1.5150742409216402,-1.5150742409216402,8529052117.333333,1.5993280711804982,1.0
regir_requery_nomem,eval,fixed1,final@1000000,"[30, 30, 2]",2,300,qualified,0.846621734806257,-0.846621734806257,9046472842.666666,1.7412134916046247,1.0
regir_requery_nomem,eval,fixed1,final@1000000,"[30, 30, 4]",0,300,qualified,1.1294006650447002,-1.1294006650447002,7599459109.333333,1.3142889777204254,1.0
regir_requery_nomem,eval,fixed1,final@1000000,"[30, 30, 4]",1,300,qualified,2.7803119969215593,-2.7803119969215593,8778171669.333334,1.648903624364757,1.0
regir_requery_nomem,eval,fixed1,final@1000000,"[30, 30, 4]",2,300,qualified,1.1377344345283809,-1.1377344345283809,8962059669.333334,1.673901398710247,1.0
regir_requery_nomem,eval,fixed1,final@1000000,"[30, 30, 6]",0,300,qualified,1.3764774177348331,-1.3764774177348331,7637437034.666667,1.3057867491534367,1.0
regir_requery_nomem,eval,fixed1,final@1000000,"[30, 30, 6]",1,300,qualified,4.322564849782796,-4.322564849782796,8735812250.666666,1.678816389365044,1.0
regir_requery_nomem,eval,fixed1,final@1000000,"[30, 30, 6]",2,300,qualified,1.4478045796395171,-1.4478045796395171,8999646901.333334,1.6783968773134985,1.0
regir_requery_nomem,eval,fixed1,final@1000000,"[30, 30, 9]",0,300,qualified,1.126294994643156,-1.126294994643156,7691212730.666667,1.336583587937639,1.0
regir_requery_nomem,eval,fixed1,final@1000000,"[30, 30, 9]",1,300,qualified,6.452002051157586,-6.452002051157586,8797642506.666666,1.7577500254946061,1.0
regir_requery_nomem,eval,fixed1,final@1000000,"[30, 30, 9]",2,300,qualified,1.9165526361826393,-1.9165526361826393,9001529173.333334,1.8568243204020352,1.0
regir_requery_nomem,eval,fixed1,final@1000000,"[30, 30, 12]",0,300,qualified,1.5976555026311003,-1.5976555026311003,7712903328.0,1.487235771602136,1.0
regir_requery_nomem,eval,fixed1,final@1000000,"[30, 30, 12]",1,300,qualified,8.11805108586931,-8.11805108586931,8915797888.0,1.8658559587564862,1.0
regir_requery_nomem,eval,fixed1,final@1000000,"[30, 30, 12]",2,300,qualified,2.34154364102365,-2.34154364102365,9085729850.666666,1.9429196882079123,1.0
regir_requery_nomem,eval,fixed1,final@1000000,"[40, 40, 2]",0,300,qualified,0.9951844490988838,-0.9951844490988838,9593051146.666666,1.4995901945609755,1.0
regir_requery_nomem,eval,fixed1,final@1000000,"[40, 40, 2]",1,300,qualified,1.8985530250287768,-1.8985530250287768,10350839898.666666,1.80129591243652,1.0
regir_requery_nomem,eval,fixed1,final@1000000,"[40, 40, 2]",2,300,qualified,0.8677207125218604,-0.8677207125218604,11297825818.666666,1.9693918198754545,1.0
regir_requery_nomem,eval,fixed1,final@1000000,"[50, 50, 2]",0,300,qualified,0.9495083199478267,-0.9495083199478267,11298495029.333334,1.735645773781386,1.0
regir_requery_nomem,eval,fixed1,final@1000000,"[50, 50, 2]",1,300,qualified,1.9678851323100293,-1.9678851323100293,12156846453.333334,2.098434800127288,1.0
regir_requery_nomem,eval,fixed1,final@1000000,"[50, 50, 2]",2,300,qualified,1.0701580976207723,-1.0701580976207723,13449858896.0,2.2235733029614977,1.0
regir_requery_nomem,eval,fixed2,final@1000000,"[4, 4, 2]",0,300,qualified,0.1465075000279842,-0.1465075000279842,2203121803.306667,0.739602497483914,2.0
regir_requery_nomem,eval,fixed2,final@1000000,"[4, 4, 2]",1,300,qualified,0.48361716689541745,-0.48361716689541745,2626302677.3333335,0.8565624460112303,2.0
regir_requery_nomem,eval,fixed2,final@1000000,"[4, 4, 2]",2,300,qualified,0.22073090994332434,-0.22073090994332434,2435768026.88,0.97912686621227,2.0
regir_requery_nomem,eval,fixed2,final@1000000,"[5, 5, 2]",0,300,qualified,0.2300756208110477,-0.2300756208110477,2458146471.04,0.7482571013477476,2.0
regir_requery_nomem,eval,fixed2,final@1000000,"[5, 5, 2]",1,300,qualified,0.5856338352769956,-0.5856338352769956,2861399113.8133335,0.8521598654284995,2.0
regir_requery_nomem,eval,fixed2,final@1000000,"[5, 5, 2]",2,300,qualified,0.244989085679343,-0.244989085679343,2704759278.08,1.0159680336158878,2.0
regir_requery_nomem,eval,fixed2,final@1000000,"[6, 6, 2]",0,300,qualified,0.2243653261424123,-0.2243653261424123,2727367040.4266667,0.781477888803735,2.0
regir_requery_nomem,eval,fixed2,final@1000000,"[6, 6, 2]",1,300,qualified,0.6141972969827116,-0.6141972969827116,3150201417.8133335,0.9750720009141757,2.0
regir_requery_nomem,eval,fixed2,final@1000000,"[6, 6, 2]",2,300,qualified,0.2697786793255282,-0.2697786793255282,2979332328.1066666,1.0485135408686863,2.0
regir_requery_nomem,eval,fixed2,final@1000000,"[8, 8, 2]",0,300,qualified,0.3016271187847026,-0.3016271187847026,3219959627.0933332,0.8853708406848212,2.0
regir_requery_nomem,eval,fixed2,final@1000000,"[8, 8, 2]",1,300,qualified,0.8036712012408228,-0.8036712012408228,3808771752.1066666,1.0360540335747646,2.0
regir_requery_nomem,eval,fixed2,final@1000000,"[8, 8, 2]",2,300,qualified,0.3345448305150388,-0.3345448305150388,3534387412.48,1.1556026181425356,2.0
regir_requery_nomem,eval,fixed2,final@1000000,"[10, 10, 2]",0,300,qualified,0.48431325952172455,-0.48431325952172455,3712534718.2933335,0.9220076357148355,2.0
regir_requery_nomem,eval,fixed2,final@1000000,"[10, 10, 2]",1,300,qualified,1.0037505700455611,-1.0037505700455611,4165369954.56,1.0895542692008895,2.0
regir_requery_nomem,eval,fixed2,final@1000000,"[10, 10, 2]",2,300,qualified,0.3734610147762874,-0.3734610147762874,4067551607.8933334,1.2244124594668393,2.0
regir_requery_nomem,eval,fixed2,final@1000000,"[10, 10, 3]",0,300,qualified,0.5479557239304529,-0.5479557239304529,3648256978.9866667,0.8778618704985517,2.0
regir_requery_nomem,eval,fixed2,final@1000000,"[10, 10, 3]",1,300,qualified,1.2106181073247106,-1.2106181073247106,4273596518.826667,1.1140765490813647,2.0
regir_requery_nomem,eval,fixed2,final@1000000,"[10, 10, 3]",2,300,qualified,0.5190673980156387,-0.5190673980156387,4026404558.2933335,1.1773722456438311,2.0
regir_requery_nomem,eval,fixed2,final@1000000,"[10, 10, 4]",0,300,qualified,0.5005109107049966,-0.5005109107049966,3607293234.346667,0.912550336374552,2.0
regir_requery_nomem,eval,fixed2,final@1000000,"[10, 10, 4]",1,300,qualified,1.3643631904275557,-1.3643631904275557,4214022872.7466664,1.1580162335196897,2.0
regir_requery_nomem,eval,fixed2,final@1000000,"[10, 10, 4]",2,300,qualified,0.7066767666946132,-0.7066767666946132,4091250455.8933334,1.2364220861316426,2.0
regir_requery_nomem,eval,fixed2,final@1000000,"[10, 10, 6]",0,300,qualified,0.5527386596345298,-0.5527386596345298,3646636785.4933333,0.880786729635244,2.0
regir_requery_nomem,eval,fixed2,final@1000000,"[10, 10, 6]",1,300,qualified,1.7697113005396228,-1.7697113005396228,4212378622.08,1.0852695020313452,2.0
regir_requery_nomem,eval,fixed2,final@1000000,"[10, 10, 6]",2,300,qualified,0.6490967049517856,-0.6490967049517856,4078777592.32,1.230777072814914,2.0
regir_requery_nomem,eval,fixed2,final@1000000,"[10, 10, 9]",0,300,qualified,0.6886908190376579,-0.6886908190376579,3660065482.6666665,0.9791886610231207,2.0
regir_requery_nomem,eval,fixed2,final@1000000,"[10, 10, 9]",1,300,qualified,2.9073366559591287,-2.9073366559591287,4223195838.72,1.1659228099521715,2.0
regir_requery_nomem,eval,fixed2,final@1000000,"[10, 10, 9]",2,300,qualified,0.8860810563283678,-0.8860810563283678,4099864443.0933332,1.286929108077505,2.0
regir_requery_nomem,eval,fixed2,final@1000000,"[10, 10, 12]",0,300,qualified,0.8564294003610321,-0.8564294003610321,3714596106.88,1.001478181365722,2.0
regir_requery_nomem,eval,fixed2,final@1000000,"[10, 10, 12]",1,300,qualified,3.2540856875207225,-3.2540856875207225,4216954888.5333333,1.1738996115984628,2.0
regir_requery_nomem,eval,fixed2,final@1000000,"[10, 10, 12]",2,300,qualified,1.2736897967134182,-1.2736897967134182,4182951299.84,1.3496612664116159,2.0
regir_requery_nomem,eval,fixed2,final@1000000,"[15, 15, 2]",0,300,qualified,0.5336896232659424,-0.5336896232659424,4873668340.053333,1.061657873390747,2.0
regir_requery_nomem,eval,fixed2,final@1000000,"[15, 15, 2]",1,300,qualified,1.1378538952769939,-1.1378538952769939,5292678743.466666,1.2648439961266316,2.0
regir_requery_nomem,eval,fixed2,final@1000000,"[15, 15, 2]",2,300,qualified,0.5269004051890912,-0.5269004051890912,5329104489.8133335,1.3589743968896801,2.0
regir_requery_nomem,eval,fixed2,final@1000000,"[15, 15, 4]",0,300,qualified,0.7207553766001251,-0.7207553766001251,4732527599.786667,1.0212867559676913,2.0
regir_requery_nomem,eval,fixed2,final@1000000,"[15, 15, 4]",1,300,qualified,1.8013068574433078,-1.8013068574433078,5438042148.053333,1.3267450653154325,2.0
regir_requery_nomem,eval,fixed2,final@1000000,"[15, 15, 4]",2,300,qualified,0.6379264980785587,-0.6379264980785587,5327882157.44,1.407546610032635,2.0
regir_requery_nomem,eval,fixed2,final@1000000,"[15, 15, 6]",0,300,qualified,0.8554956960804668,-0.8554956960804668,4728587488.0,0.9759742131468374,2.0
regir_requery_nomem,eval,fixed2,final@1000000,"[15, 15, 6]",1,300,qualified,2.795920716389815,-2.795920716389815,5397206658.346666,1.2981847840823078,2.0
regir_requery_nomem,eval,fixed2,final@1000000,"[15, 15, 6]",2,300,qualified,0.9598728998065521,-0.9598728998065521,5323523323.306666,1.3884705605877874,2.0
regir_requery_nomem,eval,fixed2,final@1000000,"[20, 20, 2]",0,300,qualified,0.85305920771675,-0.85305920771675,5852061838.933333,1.1005208855099045,2.0
regir_requery_nomem,eval,fixed2,final@1000000,"[20, 20, 2]",1,300,qualified,1.4437670063843075,-1.4437670063843075,6352483338.88,1.4179673873066592,2.0
regir_requery_nomem,eval,fixed2,final@1000000,"[20, 20, 2]",2,300,qualified,0.7185424218799352,-0.7185424218799352,6628309047.466666,1.5259145405799306,2.0
regir_requery_nomem,eval,fixed2,final@1000000,"[20, 20, 4]",0,300,qualified,0.9839479308110312,-0.9839479308110312,5686393060.48,1.0409761818139425,2.0
regir_requery_nomem,eval,fixed2,final@1000000,"[20, 20, 4]",1,300,qualified,2.2220348149246445,-2.2220348149246445,6442813250.986667,1.4279842106082166,2.0
regir_requery_nomem,eval,fixed2,final@1000000,"[20, 20, 4]",2,300,qualified,1.1056933855993554,-1.1056933855993554,6536784314.453333,1.4716237872939868,2.0
regir_requery_nomem,eval,fixed2,final@1000000,"[20, 20, 6]",0,300,qualified,1.0907628584432165,-1.0907628584432165,5716541859.413333,1.1291427043978668,2.0
regir_requery_nomem,eval,fixed2,final@1000000,"[20, 20, 6]",1,300,qualified,3.020277319929331,-3.020277319929331,6510915589.333333,1.4954035281259954,2.0
regir_requery_nomem,eval,fixed2,final@1000000,"[20, 20, 6]",2,300,qualified,1.1173095566266802,-1.1173095566266802,6628863191.68,1.4871807129657828,2.0
regir_requery_nomem,eval,fixed2,final@1000000,"[25, 25, 2]",0,300,qualified,0.8388354137654529,-0.8388354137654529,6905351274.666667,1.2832376058923547,2.0
regir_requery_nomem,eval,fixed2,final@1000000,"[25, 25, 2]",1,300,qualified,1.4488760288693052,-1.4488760288693052,7414553550.506667,1.521368720314349,2.0
regir_requery_nomem,eval,fixed2,final@1000000,"[25, 25, 2]",2,300,qualified,0.6122586903382052,-0.6122586903382052,7888729637.973333,1.655061977954077,2.0
regir_requery_nomem,eval,fixed2,final@1000000,"[30, 30, 2]",0,300,qualified,0.7586781502010118,-0.7586781502010118,7831577775.573334,1.3124262101987065,2.0
regir_requery_nomem,eval,fixed2,final@1000000,"[30, 30, 2]",1,300,qualified,1.7315658187593075,-1.7315658187593075,8320741754.453333,1.660989538311454,2.0
regir_requery_nomem,eval,fixed2,final@1000000,"[30, 30, 2]",2,300,qualified,0.7938771030415632,-0.7938771030415632,9115637764.906666,1.7659242833803486,2.0
regir_requery_nomem,eval,fixed2,final@1000000,"[30, 30, 4]",0,300,qualified,1.3569118827300122,-1.3569118827300122,7552644538.24,1.3378688004467403,2.0
regir_requery_nomem,eval,fixed2,final@1000000,"[30, 30, 4]",1,300,qualified,2.741333255485943,-2.741333255485943,8488548233.8133335,1.6815330432904496,2.0
regir_requery_nomem,eval,fixed2,final@1000000,"[30, 30, 4]",2,300,qualified,1.114790267937955,-1.114790267937955,8993386833.706667,1.7067750270959612,2.0
regir_requery_nomem,eval,fixed2,final@1000000,"[30, 30, 6]",0,300,qualified,1.4877025608891241,-1.4877025608891241,7612166642.773334,1.3348441569693386,2.0
regir_requery_nomem,eval,fixed2,final@1000000,"[30, 30, 6]",1,300,qualified,3.756242350947816,-3.756242350947816,8443011268.693334,1.7727545398105091,2.0
regir_requery_nomem,eval,fixed2,final@1000000,"[30, 30, 6]",2,300,qualified,1.5585578025112103,-1.5585578025112103,9116145032.32,1.7831285406457027,2.0
regir_requery_nomem,eval,fixed2,final@1000000,"[30, 30, 9]",0,300,qualified,1.1623302979496708,-1.1623302979496708,7725723901.44,1.4212264591028603,2.0
regir_requery_nomem,eval,fixed2,final@1000000,"[30, 30, 9]",1,300,qualified,5.431581933480459,-5.431581933480459,8556867025.28,1.8276308358109479,2.0
regir_requery_nomem,eval,fixed2,final@1000000,"[30, 30, 9]",2,300,qualified,1.8946139478811301,-1.8946139478811301,9085966994.773333,1.9335008601805506,2.0
regir_requery_nomem,eval,fixed2,final@1000000,"[30, 30, 12]",0,300,qualified,1.391528413418027,-1.391528413418027,7720483417.8133335,1.5253947766594744,2.0
regir_requery_nomem,eval,fixed2,final@1000000,"[30, 30, 12]",1,300,qualified,6.445873566707003,-6.445873566707003,8658407180.586666,1.9020630141660029,2.0
regir_requery_nomem,eval,fixed2,final@1000000,"[30, 30, 12]",2,300,qualified,2.5055167056625125,-2.5055167056625125,9098353298.773333,2.0284335515287237,2.0
regir_requery_nomem,eval,fixed2,final@1000000,"[40, 40, 2]",0,300,qualified,0.9635300999345623,-0.9635300999345623,9618909120.213333,1.6035483169470293,2.0
regir_requery_nomem,eval,fixed2,final@1000000,"[40, 40, 2]",1,300,qualified,1.916837288045495,-1.916837288045495,10238263383.253334,1.8761155964063558,2.0
regir_requery_nomem,eval,fixed2,final@1000000,"[40, 40, 2]",2,300,qualified,0.9762639331248998,-0.9762639331248998,11438122780.373333,2.000520359285098,2.0
regir_requery_nomem,eval,fixed2,final@1000000,"[50, 50, 2]",0,300,qualified,1.0762828448600001,-1.0762828448600001,11191529828.266666,1.8208197683728455,2.0
regir_requery_nomem,eval,fixed2,final@1000000,"[50, 50, 2]",1,300,qualified,2.141655793253603,-2.141655793253603,11991820430.293333,2.200615991516194,2.0
regir_requery_nomem,eval,fixed2,final@1000000,"[50, 50, 2]",2,300,qualified,1.1030191700111192,-1.1030191700111192,13591486236.8,2.3293109559812972,2.0
regir_requery_nomem,eval,fixed3,final@1000000,"[4, 4, 2]",0,300,qualified,0.12898415289842755,-0.12898415289842755,2199560309.76,0.7686504018580308,3.0
regir_requery_nomem,eval,fixed3,final@1000000,"[4, 4, 2]",1,300,qualified,0.47022273258070785,-0.47022273258070785,2586041779.6266665,0.9015368420976059,3.0
regir_requery_nomem,eval,fixed3,final@1000000,"[4, 4, 2]",2,300,qualified,0.20604406699328223,-0.20604406699328223,2412154626.7733335,1.060703335305055,3.0
regir_requery_nomem,eval,fixed3,final@1000000,"[5, 5, 2]",0,300,qualified,0.21559512542003126,-0.21559512542003126,2466709250.56,0.7633766308962368,3.0
regir_requery_nomem,eval,fixed3,final@1000000,"[5, 5, 2]",1,300,qualified,0.549407285773888,-0.549407285773888,2900719675.0933332,0.9409409274838011,3.0
regir_requery_nomem,eval,fixed3,final@1000000,"[5, 5, 2]",2,300,qualified,0.24433656277700763,-0.24433656277700763,2676806142.5066667,1.0612154970896275,3.0
regir_requery_nomem,eval,fixed3,final@1000000,"[6, 6, 2]",0,300,qualified,0.23602085286592417,-0.23602085286592417,2714651096.7466664,0.8290206494477267,3.0
regir_requery_nomem,eval,fixed3,final@1000000,"[6, 6, 2]",1,300,qualified,0.5495958995639763,-0.5495958995639763,3146085202.133333,1.0349633515535,3.0
regir_requery_nomem,eval,fixed3,final@1000000,"[6, 6, 2]",2,300,qualified,0.25857205850438225,-0.25857205850438225,3000583719.04,1.1539705797013207,3.0
regir_requery_nomem,eval,fixed3,final@1000000,"[8, 8, 2]",0,300,qualified,0.35405392757455767,-0.35405392757455767,3239740664.1066666,0.9396300909095832,3.0
regir_requery_nomem,eval,fixed3,final@1000000,"[8, 8, 2]",1,300,qualified,0.7380347816083791,-0.7380347816083791,3745981366.826667,1.0937337247957475,3.0
regir_requery_nomem,eval,fixed3,final@1000000,"[8, 8, 2]",2,300,qualified,0.3430511235898317,-0.3430511235898317,3545262788.0533333,1.201617747412529,3.0
regir_requery_nomem,eval,fixed3,final@1000000,"[10, 10, 2]",0,300,qualified,0.4406336512578959,-0.4406336512578959,3697296388.693333,0.950666505198266,3.0
regir_requery_nomem,eval,fixed3,final@1000000,"[10, 10, 2]",1,300,qualified,0.9066574970285087,-0.9066574970285087,4177770352.213333,1.1428247185185318,3.0
regir_requery_nomem,eval,fixed3,final@1000000,"[10, 10, 2]",2,300,qualified,0.39551366181459485,-0.39551366181459485,4012215095.68,1.24014946906905,3.0
regir_requery_nomem,eval,fixed3,final@1000000,"[10, 10, 3]",0,300,qualified,0.43817874597323025,-0.43817874597323025,3589652584.7466664,0.9141921026591444,3.0
regir_requery_nomem,eval,fixed3,final@1000000,"[10, 10, 3]",1,300,qualified,1.0537681078525591,-1.0537681078525591,4216128598.4,1.1520091909880283,3.0
regir_requery_nomem,eval,fixed3,final@1000000,"[10, 10, 3]",2,300,qualified,0.5643604629867603,-0.5643604629867603,4058716969.386667,1.2564617926462476,3.0
regir_requery_nomem,eval,fixed3,final@1000000,"[10, 10, 4]",0,300,qualified,0.49273407535353225,-0.49273407535353225,3612873013.5466666,0.9436538513505366,3.0
regir_requery_nomem,eval,fixed3,final@1000000,"[10, 10, 4]",1,300,qualified,1.3377109109915313,-1.3377109109915313,4167847065.6,1.1863345744538432,3.0
regir_requery_nomem,eval,fixed3,final@1000000,"[10, 10, 4]",2,300,qualified,0.6346182859717835,-0.6346182859717835,4093116905.8133335,1.2512275127529089,3.0
regir_requery_nomem,eval,fixed3,final@1000000,"[10, 10, 6]",0,300,qualified,0.5215597218343202,-0.5215597218343202,3635068303.786667,0.9299777409125818,3.0
regir_requery_nomem,eval,fixed3,final@1000000,"[10, 10, 6]",1,300,qualified,1.846717522344197,-1.846717522344197,4186289383.8933334,1.1493587973620742,3.0
regir_requery_nomem,eval,fixed3,final@1000000,"[10, 10, 6]",2,300,qualified,0.6529545379489896,-0.6529545379489896,4071410983.04,1.318004859390397,3.0
regir_requery_nomem,eval,fixed3,final@1000000,"[10, 10, 9]",0,300,qualified,0.6455894462617173,-0.6455894462617173,3642398000.0,0.9893349189297684,3.0
regir_requery_nomem,eval,fixed3,final@1000000,"[10, 10, 9]",1,300,qualified,2.4544662974974263,-2.4544662974974263,4158417815.04,1.190989304316269,3.0
regir_requery_nomem,eval,fixed3,final@1000000,"[10, 10, 9]",2,300,qualified,0.8925526494986857,-0.8925526494986857,4094196799.1466665,1.3975597223299943,3.0
regir_requery_nomem,eval,fixed3,final@1000000,"[10, 10, 12]",0,300,qualified,0.8806943493696965,-0.8806943493696965,3731379088.64,1.0864919611584627,3.0
regir_requery_nomem,eval,fixed3,final@1000000,"[10, 10, 12]",1,300,qualified,3.1448967831004033,-3.1448967831004033,4193819816.7466664,1.2368175541432962,3.0
regir_requery_nomem,eval,fixed3,final@1000000,"[10, 10, 12]",2,300,qualified,1.1810587026348438,-1.1810587026348438,4170733833.173333,1.3873064443515615,3.0
regir_requery_nomem,eval,fixed3,final@1000000,"[15, 15, 2]",0,300,qualified,0.5362068387197767,-0.5362068387197767,4838153192.96,1.0906802189612064,3.0
regir_requery_nomem,eval,fixed3,final@1000000,"[15, 15, 2]",1,300,qualified,1.2051606760601274,-1.2051606760601274,5312042251.733334,1.328765202803188,3.0
regir_requery_nomem,eval,fixed3,final@1000000,"[15, 15, 2]",2,300,qualified,0.4906976832820791,-0.4906976832820791,5327088517.546667,1.4741213883279125,3.0
regir_requery_nomem,eval,fixed3,final@1000000,"[15, 15, 4]",0,300,qualified,0.668883407359564,-0.668883407359564,4752206379.093333,1.1168237446002118,3.0
regir_requery_nomem,eval,fixed3,final@1000000,"[15, 15, 4]",1,300,qualified,1.8236001236259811,-1.8236001236259811,5342311153.28,1.3553899743947355,3.0
regir_requery_nomem,eval,fixed3,final@1000000,"[15, 15, 4]",2,300,qualified,0.7164960623612159,-0.7164960623612159,5380344768.213333,1.4447285021932719,3.0
regir_requery_nomem,eval,fixed3,final@1000000,"[15, 15, 6]",0,300,qualified,0.959324945120614,-0.959324945120614,4709043211.733334,1.0662051341296561,3.0
regir_requery_nomem,eval,fixed3,final@1000000,"[15, 15, 6]",1,300,qualified,2.5439798716740345,-2.5439798716740345,5359575146.026667,1.3835551634370737,3.0
regir_requery_nomem,eval,fixed3,final@1000000,"[15, 15, 6]",2,300,qualified,1.0030505939486345,-1.0030505939486345,5344650006.4,1.4656469433919603,3.0
regir_requery_nomem,eval,fixed3,final@1000000,"[20, 20, 2]",0,300,qualified,0.7356913597495262,-0.7356913597495262,5875068821.973333,1.1884245453526576,3.0
regir_requery_nomem,eval,fixed3,final@1000000,"[20, 20, 2]",1,300,qualified,1.3011340127966147,-1.3011340127966147,6425444099.626667,1.5507641603064257,3.0
regir_requery_nomem,eval,fixed3,final@1000000,"[20, 20, 2]",2,300,qualified,0.6315539962424871,-0.6315539962424871,6622824536.533334,1.5093249506736175,3.0
regir_requery_nomem,eval,fixed3,final@1000000,"[20, 20, 4]",0,300,qualified,0.9813560702652233,-0.9813560702652233,5708468079.786667,1.1671379880574144,3.0
regir_requery_nomem,eval,fixed3,final@1000000,"[20, 20, 4]",1,300,qualified,2.2553025171962178,-2.2553025171962178,6436923976.96,1.46937098609594,3.0
regir_requery_nomem,eval,fixed3,final@1000000,"[20, 20, 4]",2,300,qualified,1.107652330842501,-1.107652330842501,6555328097.28,1.566321125079218,3.0
regir_requery_nomem,eval,fixed3,final@1000000,"[20, 20, 6]",0,300,qualified,1.1359975777867986,-1.1359975777867986,5712933163.093333,1.2016656315357734,3.0
regir_requery_nomem,eval,fixed3,final@1000000,"[20, 20, 6]",1,300,qualified,2.9664994042456936,-2.9664994042456936,6462733003.093333,1.5219385788424795,3.0
regir_requery_nomem,eval,fixed3,final@1000000,"[20, 20, 6]",2,300,qualified,1.122216634236555,-1.122216634236555,6598062668.8,1.5300098949699896,3.0
regir_requery_nomem,eval,fixed3,final@1000000,"[25, 25, 2]",0,300,qualified,0.8148203927270589,-0.8148203927270589,6871752390.1866665,1.2685311312917231,3.0
regir_requery_nomem,eval,fixed3,final@1000000,"[25, 25, 2]",1,300,qualified,1.4161512106994423,-1.4161512106994423,7379827384.533334,1.5522409248513092,3.0
regir_requery_nomem,eval,fixed3,final@1000000,"[25, 25, 2]",2,300,qualified,0.6883095896104139,-0.6883095896104139,7784046506.453333,1.7045789790343648,3.0
regir_requery_nomem,eval,fixed3,final@1000000,"[30, 30, 2]",0,300,qualified,0.9246569754221907,-0.9246569754221907,7864706249.386666,1.462777548210967,3.0
regir_requery_nomem,eval,fixed3,final@1000000,"[30, 30, 2]",1,300,qualified,1.7625885591525337,-1.7625885591525337,8501479550.72,1.806441154019364,3.0
regir_requery_nomem,eval,fixed3,final@1000000,"[30, 30, 2]",2,300,qualified,0.8233284511920347,-0.8233284511920347,9057444990.72,1.8099022517549261,3.0
regir_requery_nomem,eval,fixed3,final@1000000,"[30, 30, 4]",0,300,qualified,1.1823280976023691,-1.1823280976023691,7568647728.853333,1.3907261514807274,3.0
regir_requery_nomem,eval,fixed3,final@1000000,"[30, 30, 4]",1,300,qualified,2.6706817594654644,-2.6706817594654644,8462720787.626667,1.752141909855612,3.0
regir_requery_nomem,eval,fixed3,final@1000000,"[30, 30, 4]",2,300,qualified,1.3386405123340914,-1.3386405123340914,9026063123.84,1.8120546159577013,3.0
regir_requery_nomem,eval,fixed3,final@1000000,"[30, 30, 6]",0,300,qualified,1.3961187094449796,-1.3961187094449796,7621316057.6,1.3858492663124344,3.0
regir_requery_nomem,eval,fixed3,final@1000000,"[30, 30, 6]",1,300,qualified,3.5303176037894413,-3.5303176037894413,8457962687.146667,1.803151881187999,3.0
regir_requery_nomem,eval,fixed3,final@1000000,"[30, 30, 6]",2,300,qualified,1.5736506843341516,-1.5736506843341516,9043137255.04,1.8510913229607588,3.0
regir_requery_nomem,eval,fixed3,final@1000000,"[30, 30, 9]",0,300,qualified,1.2345959247434917,-1.2345959247434917,7698855898.453333,1.5082765029735552,3.0
regir_requery_nomem,eval,fixed3,final@1000000,"[30, 30, 9]",1,300,qualified,4.713037845861253,-4.713037845861253,8555629932.8,1.8456354172485105,3.0
regir_requery_nomem,eval,fixed3,final@1000000,"[30, 30, 9]",2,300,qualified,1.8203831060551978,-1.8203831060551978,9125604858.24,2.0069646908020755,3.0
regir_requery_nomem,eval,fixed3,final@1000000,"[30, 30, 12]",0,300,qualified,1.5152691719392315,-1.5152691719392315,7733256900.906667,1.5788546979778524,3.0
regir_requery_nomem,eval,fixed3,final@1000000,"[30, 30, 12]",1,300,qualified,5.740429640355164,-5.740429640355164,8607781354.453333,1.9522795941876636,3.0
regir_requery_nomem,eval,fixed3,final@1000000,"[30, 30, 12]",2,300,qualified,2.529582726756393,-2.529582726756393,9161316094.933332,2.1239497734907005,3.0
regir_requery_nomem,eval,fixed3,final@1000000,"[40, 40, 2]",0,300,qualified,1.0037473555715648,-1.0037473555715648,9624040014.08,1.642169613924149,3.0
regir_requery_nomem,eval,fixed3,final@1000000,"[40, 40, 2]",1,300,qualified,1.9878841215145753,-1.9878841215145753,10200788492.373333,1.888419622449049,3.0
regir_requery_nomem,eval,fixed3,final@1000000,"[40, 40, 2]",2,300,qualified,0.8200410715071311,-0.8200410715071311,11395961333.546667,2.0886169565401116,3.0
regir_requery_nomem,eval,fixed3,final@1000000,"[50, 50, 2]",0,300,qualified,1.1274925778442242,-1.1274925778442242,11288700193.706667,1.88523447312143,3.0
regir_requery_nomem,eval,fixed3,final@1000000,"[50, 50, 2]",1,300,qualified,2.251601310164554,-2.251601310164554,11926003072.213333,2.3049666024932716,3.0
regir_requery_nomem,eval,fixed3,final@1000000,"[50, 50, 2]",2,300,qualified,1.0621255280159945,-1.0621255280159945,13518201187.413334,2.3404060120046295,3.0
regir_requery_nomem,eval,fixed4,final@1000000,"[4, 4, 2]",0,300,qualified,0.14818030423816422,-0.14818030423816422,2167979299.6266665,0.791989973136806,4.0
regir_requery_nomem,eval,fixed4,final@1000000,"[4, 4, 2]",1,300,qualified,0.44127717223984836,-0.44127717223984836,2546838598.4,0.9042593766469509,4.0
regir_requery_nomem,eval,fixed4,final@1000000,"[4, 4, 2]",2,300,qualified,0.2039089153979666,-0.2039089153979666,2444975399.04,1.053032646155334,4.0
regir_requery_nomem,eval,fixed4,final@1000000,"[5, 5, 2]",0,300,qualified,0.22064800238987778,-0.22064800238987778,2445177937.28,0.8483767328217315,4.0
regir_requery_nomem,eval,fixed4,final@1000000,"[5, 5, 2]",1,300,qualified,0.48981876864844576,-0.48981876864844576,2832958568.96,0.9948622694984078,4.0
regir_requery_nomem,eval,fixed4,final@1000000,"[5, 5, 2]",2,300,qualified,0.30514608418311495,-0.30514608418311495,2703001909.5466666,1.1634406145582519,4.0
regir_requery_nomem,eval,fixed4,final@1000000,"[6, 6, 2]",0,300,qualified,0.21858226787141272,-0.21858226787141272,2712896959.36,0.8620681356675535,4.0
regir_requery_nomem,eval,fixed4,final@1000000,"[6, 6, 2]",1,300,qualified,0.5077358951394536,-0.5077358951394536,3111199213.44,1.0313288191139387,4.0
regir_requery_nomem,eval,fixed4,final@1000000,"[6, 6, 2]",2,300,qualified,0.2787280585294525,-0.2787280585294525,3027216980.48,1.2014171860159453,4.0
regir_requery_nomem,eval,fixed4,final@1000000,"[8, 8, 2]",0,300,qualified,0.31392471907443137,-0.31392471907443137,3244001034.6666665,0.9163582497883666,4.0
regir_requery_nomem,eval,fixed4,final@1000000,"[8, 8, 2]",1,300,qualified,0.7407638909605743,-0.7407638909605743,3786842364.3733335,1.1160604229971067,4.0
regir_requery_nomem,eval,fixed4,final@1000000,"[8, 8, 2]",2,300,qualified,0.3317852082574856,-0.3317852082574856,3529084491.0933332,1.2058663957026632,4.0
regir_requery_nomem,eval,fixed4,final@1000000,"[10, 10, 2]",0,300,qualified,0.44094867353125944,-0.44094867353125944,3704336724.693333,0.9534532832806387,4.0
regir_requery_nomem,eval,fixed4,final@1000000,"[10, 10, 2]",1,300,qualified,0.8968673604459857,-0.8968673604459857,4177414151.2533336,1.2320507353792587,4.0
regir_requery_nomem,eval,fixed4,final@1000000,"[10, 10, 2]",2,300,qualified,0.4158906683984504,-0.4158906683984504,4074873659.0933332,1.3778928357141558,4.0
regir_requery_nomem,eval,fixed4,final@1000000,"[10, 10, 3]",0,300,qualified,0.4856897816193924,-0.4856897816193924,3619686301.44,0.9275747504624693,4.0
regir_requery_nomem,eval,fixed4,final@1000000,"[10, 10, 3]",1,300,qualified,1.136687138680929,-1.136687138680929,4203274293.9733334,1.232941219069374,4.0
regir_requery_nomem,eval,fixed4,final@1000000,"[10, 10, 3]",2,300,qualified,0.5040454187085227,-0.5040454187085227,4059570464.8533335,1.3354981773472778,4.0
regir_requery_nomem,eval,fixed4,final@1000000,"[10, 10, 4]",0,300,qualified,0.48587054017062004,-0.48587054017062004,3631233288.96,1.0066113195513997,4.0
regir_requery_nomem,eval,fixed4,final@1000000,"[10, 10, 4]",1,300,qualified,1.2505303508529477,-1.2505303508529477,4151286010.4533334,1.2188957881300788,4.0
regir_requery_nomem,eval,fixed4,final@1000000,"[10, 10, 4]",2,300,qualified,0.6411181374000409,-0.6411181374000409,4081535454.9333334,1.3821478757840426,4.0
regir_requery_nomem,eval,fixed4,final@1000000,"[10, 10, 6]",0,300,qualified,0.5607788205038522,-0.5607788205038522,3615266301.653333,1.0250488815452747,4.0
regir_requery_nomem,eval,fixed4,final@1000000,"[10, 10, 6]",1,300,qualified,1.7437665369879962,-1.7437665369879962,4156054398.2933335,1.2104839009675197,4.0
regir_requery_nomem,eval,fixed4,final@1000000,"[10, 10, 6]",2,300,qualified,0.7201845989970257,-0.7201845989970257,4086903263.786667,1.3563016425517465,4.0
regir_requery_nomem,eval,fixed4,final@1000000,"[10, 10, 9]",0,300,qualified,0.6382144366739728,-0.6382144366739728,3640243638.826667,1.018987556299932,4.0
regir_requery_nomem,eval,fixed4,final@1000000,"[10, 10, 9]",1,300,qualified,2.481809223264455,-2.481809223264455,4122819840.8533335,1.2544829680002294,4.0
regir_requery_nomem,eval,fixed4,final@1000000,"[10, 10, 9]",2,300,qualified,0.8332987050035802,-0.8332987050035802,4098827205.9733334,1.4024037339617885,4.0
regir_requery_nomem,eval,fixed4,final@1000000,"[10, 10, 12]",0,300,qualified,0.7753717580152027,-0.7753717580152027,3717612122.0266666,1.0892312379926443,4.0
regir_requery_nomem,eval,fixed4,final@1000000,"[10, 10, 12]",1,300,qualified,2.96622707283785,-2.96622707283785,4189391480.1066666,1.285082691560383,4.0
regir_requery_nomem,eval,fixed4,final@1000000,"[10, 10, 12]",2,300,qualified,1.1287154334166145,-1.1287154334166145,4157666472.1066666,1.5036476909836831,4.0
regir_requery_nomem,eval,fixed4,final@1000000,"[15, 15, 2]",0,300,qualified,0.6186289901062165,-0.6186289901062165,4868240413.866667,1.1605884388434546,4.0
regir_requery_nomem,eval,fixed4,final@1000000,"[15, 15, 2]",1,300,qualified,1.110908389432275,-1.110908389432275,5267548104.96,1.3514001734682823,4.0
regir_requery_nomem,eval,fixed4,final@1000000,"[15, 15, 2]",2,300,qualified,0.44060798026957493,-0.44060798026957493,5351848116.693334,1.481637924584405,4.0
regir_requery_nomem,eval,fixed4,final@1000000,"[15, 15, 4]",0,300,qualified,0.7147781372077792,-0.7147781372077792,4733848680.106667,1.150780777267064,4.0
regir_requery_nomem,eval,fixed4,final@1000000,"[15, 15, 4]",1,300,qualified,1.6672770202037095,-1.6672770202037095,5384353090.133333,1.4497924882666362,4.0
regir_requery_nomem,eval,fixed4,final@1000000,"[15, 15, 4]",2,300,qualified,0.7576983321892646,-0.7576983321892646,5386564120.96,1.5227698292738447,4.0
regir_requery_nomem,eval,fixed4,final@1000000,"[15, 15, 6]",0,300,qualified,0.9647721144074943,-0.9647721144074943,4738383452.586667,1.1519844848051435,4.0
regir_requery_nomem,eval,fixed4,final@1000000,"[15, 15, 6]",1,300,qualified,2.339001115312311,-2.339001115312311,5300465374.506667,1.4152063668111805,4.0
regir_requery_nomem,eval,fixed4,final@1000000,"[15, 15, 6]",2,300,qualified,0.9314694843101841,-0.9314694843101841,5361135099.306666,1.5698585022229237,4.0
regir_requery_nomem,eval,fixed4,final@1000000,"[20, 20, 2]",0,300,qualified,0.813712045468744,-0.813712045468744,5879655528.533334,1.2377181863053315,4.0
regir_requery_nomem,eval,fixed4,final@1000000,"[20, 20, 2]",1,300,qualified,1.3221079880991689,-1.3221079880991689,6308583818.026667,1.484906586787935,4.0
regir_requery_nomem,eval,fixed4,final@1000000,"[20, 20, 2]",2,300,qualified,0.6797260223739557,-0.6797260223739557,6649170785.28,1.6387504867501168,4.0
regir_requery_nomem,eval,fixed4,final@1000000,"[20, 20, 4]",0,300,qualified,1.0498314115413632,-1.0498314115413632,5721788631.466666,1.2201226355804828,4.0
regir_requery_nomem,eval,fixed4,final@1000000,"[20, 20, 4]",1,300,qualified,2.160654542822604,-2.160654542822604,6440606750.08,1.5612302788948484,4.0
regir_requery_nomem,eval,fixed4,final@1000000,"[20, 20, 4]",2,300,qualified,1.1610721051896016,-1.1610721051896016,6566708615.466666,1.7443941235612146,4.0
regir_requery_nomem,eval,fixed4,final@1000000,"[20, 20, 6]",0,300,qualified,1.1510294201211855,-1.1510294201211855,5720327128.106667,1.242721559512235,4.0
regir_requery_nomem,eval,fixed4,final@1000000,"[20, 20, 6]",1,300,qualified,2.8807257986857393,-2.8807257986857393,6477776187.306666,1.572738840422826,4.0
regir_requery_nomem,eval,fixed4,final@1000000,"[20, 20, 6]",2,300,qualified,1.270524614094855,-1.270524614094855,6625378170.453333,1.6349510141675516,4.0
regir_requery_nomem,eval,fixed4,final@1000000,"[25, 25, 2]",0,300,qualified,0.8997975271459684,-0.8997975271459684,6870689468.373333,1.3154838142972827,4.0
regir_requery_nomem,eval,fixed4,final@1000000,"[25, 25, 2]",1,300,qualified,1.44023215300287,-1.44023215300287,7426049783.253333,1.6290435683552642,4.0
regir_requery_nomem,eval,fixed4,final@1000000,"[25, 25, 2]",2,300,qualified,0.7076633040761622,-0.7076633040761622,7797271880.746667,1.8070132854468344,4.0
regir_requery_nomem,eval,fixed4,final@1000000,"[30, 30, 2]",0,300,qualified,0.9667146642108847,-0.9667146642108847,7889771804.373333,1.490615151587408,4.0
regir_requery_nomem,eval,fixed4,final@1000000,"[30, 30, 2]",1,300,qualified,1.7145229405149949,-1.7145229405149949,8354543344.64,1.7995280301446717,4.0
regir_requery_nomem,eval,fixed4,final@1000000,"[30, 30, 2]",2,300,qualified,0.7405137332047781,-0.7405137332047781,9057022101.333334,1.956368684404297,4.0
regir_requery_nomem,eval,fixed4,final@1000000,"[30, 30, 4]",0,300,qualified,1.2719710261682917,-1.2719710261682917,7602735277.013333,1.4842368723120307,4.0
regir_requery_nomem,eval,fixed4,final@1000000,"[30, 30, 4]",1,300,qualified,2.504259874993143,-2.504259874993143,8438348338.773334,1.8132869403244696,4.0
regir_requery_nomem,eval,fixed4,final@1000000,"[30, 30, 4]",2,300,qualified,1.2208504863760754,-1.2208504863760754,8991789353.173334,1.909657057171571,4.0
regir_requery_nomem,eval,fixed4,final@1000000,"[30, 30, 6]",0,300,qualified,1.538494438377651,-1.538494438377651,7630318964.48,1.4288853465521243,4.0
regir_requery_nomem,eval,fixed4,final@1000000,"[30, 30, 6]",1,300,qualified,3.5114531739296884,-3.5114531739296884,8549942681.386666,1.8929655560703638,4.0
regir_requery_nomem,eval,fixed4,final@1000000,"[30, 30, 6]",2,300,qualified,1.5530322897438884,-1.5530322897438884,9120029231.146667,1.9098207888496108,4.0
regir_requery_nomem,eval,fixed4,final@1000000,"[30, 30, 9]",0,300,qualified,1.3480054515606934,-1.3480054515606934,7711538647.253333,1.5255616990028649,4.0
regir_requery_nomem,eval,fixed4,final@1000000,"[30, 30, 9]",1,300,qualified,4.341777283350208,-4.341777283350208,8537507083.733334,1.9456610010793278,4.0
regir_requery_nomem,eval,fixed4,final@1000000,"[30, 30, 9]",2,300,qualified,1.7597037598887804,-1.7597037598887804,9134061675.946667,2.1062491948859923,4.0
regir_requery_nomem,eval,fixed4,final@1000000,"[30, 30, 12]",0,300,qualified,1.3798997645532183,-1.3798997645532183,7675371813.12,1.6349268530817547,4.0
regir_requery_nomem,eval,fixed4,final@1000000,"[30, 30, 12]",1,300,qualified,5.550314338096892,-5.550314338096892,8586349106.773334,2.0101578452661246,4.0
regir_requery_nomem,eval,fixed4,final@1000000,"[30, 30, 12]",2,300,qualified,2.430252863257186,-2.430252863257186,9171746070.4,2.1221667349596585,4.0
regir_requery_nomem,eval,fixed4,final@1000000,"[40, 40, 2]",0,300,qualified,1.1096309158115876,-1.1096309158115876,9639585234.986666,1.6773954842893484,4.0
regir_requery_nomem,eval,fixed4,final@1000000,"[40, 40, 2]",1,300,qualified,2.021165248635766,-2.021165248635766,10169479471.36,2.0070185722777385,4.0
regir_requery_nomem,eval,fixed4,final@1000000,"[40, 40, 2]",2,300,qualified,0.8050757877039072,-0.8050757877039072,11377086144.213333,2.197665553490515,4.0
regir_requery_nomem,eval,fixed4,final@1000000,"[50, 50, 2]",0,300,qualified,1.129081708916202,-1.129081708916202,11286672280.746666,1.9313391799363309,4.0
regir_requery_nomem,eval,fixed4,final@1000000,"[50, 50, 2]",1,300,qualified,2.1155544205219723,-2.1155544205219723,12013518873.173334,2.3195502084631396,4.0
regir_requery_nomem,eval,fixed4,final@1000000,"[50, 50, 2]",2,300,qualified,1.1637777000645275,-1.1637777000645275,13558548352.0,2.4730271588964388,4.0
regir_requery_nomem,mechanism,fixed1,final@1000000,"[4, 4, 2]",0,10,,0.0,-0.0,2131572320.0,1.9982860209420323,1.0
regir_requery_nomem,mechanism,fixed1,final@1000000,"[4, 4, 2]",1,10,,0.4,-0.4,2583776960.0,2.257049460406415,1.0
regir_requery_nomem,mechanism,fixed1,final@1000000,"[4, 4, 2]",2,10,,0.2,-0.2,2487230560.0,2.629403973685112,1.0
regir_requery_nomem,mechanism,fixed1,final@1000000,"[10, 10, 3]",0,10,,0.1,-0.1,3852312800.0,2.4394226604141296,1.0
regir_requery_nomem,mechanism,fixed1,final@1000000,"[10, 10, 3]",1,10,,1.4042005734610847,-1.4042005734610847,4623267360.0,2.81516569852829,1.0
regir_requery_nomem,mechanism,fixed1,final@1000000,"[10, 10, 3]",2,10,,0.13404492422576575,-0.13404492422576575,4173022560.0,1.8683438675478101,1.0
regir_requery_nomem,mechanism,fixed1,final@1000000,"[10, 10, 12]",0,10,,0.9292858132680768,-0.9292858132680768,3869912160.0,2.526805779058486,1.0
regir_requery_nomem,mechanism,fixed1,final@1000000,"[10, 10, 12]",1,10,,6.781858063243625,-6.781858063243625,4745295520.0,2.608429025649093,1.0
regir_requery_nomem,mechanism,fixed1,final@1000000,"[10, 10, 12]",2,10,,2.1037747499915986,-2.1037747499915986,4505368000.0,2.4464696777169594,1.0
regir_requery_nomem,mechanism,fixed1,final@1000000,"[30, 30, 2]",0,10,,0.6630391258924397,-0.6630391258924397,8120425920.0,3.247692233044654,1.0
regir_requery_nomem,mechanism,fixed1,final@1000000,"[30, 30, 2]",1,10,,1.9188446268413477,-1.9188446268413477,8917529440.0,4.590383192442824,1.0
regir_requery_nomem,mechanism,fixed1,final@1000000,"[30, 30, 2]",2,10,,1.7,-1.7,9684355200.0,4.348464696819429,1.0
regir_requery_nomem,mechanism,fixed1,final@1000000,"[30, 30, 12]",0,10,,0.6295528073530431,-0.6295528073530431,7928292320.0,3.1229956421651877,1.0
regir_requery_nomem,mechanism,fixed1,final@1000000,"[30, 30, 12]",1,10,,9.399035916250524,-9.399035916250524,9140859520.0,4.359955232671927,1.0
regir_requery_nomem,mechanism,fixed1,final@1000000,"[30, 30, 12]",2,10,,1.8372494248043285,-1.8372494248043285,9160127040.0,3.0332855445274616,1.0
regir_requery_nomem,mechanism,fixed1,final@1000000,"[50, 50, 2]",0,10,,1.5377576493225587,-1.5377576493225587,11359597600.0,3.9107836630078965,1.0
regir_requery_nomem,mechanism,fixed1,final@1000000,"[50, 50, 2]",1,10,,1.8,-1.8,11663000320.0,3.9804362153518014,1.0
regir_requery_nomem,mechanism,fixed1,final@1000000,"[50, 50, 2]",2,10,,0.3,-0.3,13417897760.0,4.08213630222599,1.0
regir_requery_nomem,mechanism,fixed2,final@1000000,"[4, 4, 2]",0,10,,0.0,-0.0,2063681254.4,1.7229559096507727,2.0
regir_requery_nomem,mechanism,fixed2,final@1000000,"[4, 4, 2]",1,10,,0.5,-0.5,2677002630.4,2.4600545169378165,2.0
regir_requery_nomem,mechanism,fixed2,final@1000000,"[4, 4, 2]",2,10,,0.1,-0.1,2353126656.0,2.469584451656556,2.0
regir_requery_nomem,mechanism,fixed2,final@1000000,"[10, 10, 3]",0,10,,0.3,-0.3,3890560473.6,2.9172157312743368,2.0
regir_requery_nomem,mechanism,fixed2,final@1000000,"[10, 10, 3]",1,10,,2.007219151272187,-2.007219151272187,4604997203.2,3.156703767704312,2.0
regir_requery_nomem,mechanism,fixed2,final@1000000,"[10, 10, 3]",2,10,,0.6,-0.6,4263600774.4,1.701703350059688,2.0
regir_requery_nomem,mechanism,fixed2,final@1000000,"[10, 10, 12]",0,10,,1.688307881497174,-1.688307881497174,3914446828.8,2.981508678384125,2.0
regir_requery_nomem,mechanism,fixed2,final@1000000,"[10, 10, 12]",1,10,,3.8944984386494066,-3.8944984386494066,4468993728.0,3.1242525173176547,2.0
regir_requery_nomem,mechanism,fixed2,final@1000000,"[10, 10, 12]",2,10,,1.3112758457866736,-1.3112758457866736,4472163724.8,2.980766069621313,2.0
regir_requery_nomem,mechanism,fixed2,final@1000000,"[30, 30, 2]",0,10,,1.0522882795185522,-1.0522882795185522,7801045619.2,3.4123999630101025,2.0
regir_requery_nomem,mechanism,fixed2,final@1000000,"[30, 30, 2]",1,10,,1.1,-1.1,8835407046.4,5.373880070971791,2.0
regir_requery_nomem,mechanism,fixed2,final@1000000,"[30, 30, 2]",2,10,,1.4,-1.4,9186287558.4,3.785503534221789,2.0
regir_requery_nomem,mechanism,fixed2,final@1000000,"[30, 30, 12]",0,10,,1.245902689729607,-1.245902689729607,7841250726.4,2.8300284272409044,2.0
regir_requery_nomem,mechanism,fixed2,final@1000000,"[30, 30, 12]",1,10,,7.927979183062671,-7.927979183062671,8979789593.6,4.446992121037328,2.0
regir_requery_nomem,mechanism,fixed2,final@1000000,"[30, 30, 12]",2,10,,1.8710479717992587,-1.8710479717992587,9284400390.4,3.3889171190559866,2.0
regir_requery_nomem,mechanism,fixed2,final@1000000,"[50, 50, 2]",0,10,,2.017393449028077,-2.017393449028077,11175478982.4,3.542063968296861,2.0
regir_requery_nomem,mechanism,fixed2,final@1000000,"[50, 50, 2]",1,10,,1.912508261683754,-1.912508261683754,12325704204.8,4.84279502510326,2.0
regir_requery_nomem,mechanism,fixed2,final@1000000,"[50, 50, 2]",2,10,,0.9,-0.9,13423286873.6,3.9649899257172363,2.0
regir_requery_nomem,mechanism,fixed3,final@1000000,"[4, 4, 2]",0,10,,0.0,-0.0,1963468672.0,1.7372573456726967,3.0
regir_requery_nomem,mechanism,fixed3,final@1000000,"[4, 4, 2]",1,10,,0.4,-0.4,2459965196.8,2.5477651840599718,3.0
regir_requery_nomem,mechanism,fixed3,final@1000000,"[4, 4, 2]",2,10,,0.1,-0.1,2548796633.6,2.5520250452915207,3.0
regir_requery_nomem,mechanism,fixed3,final@1000000,"[10, 10, 3]",0,10,,0.1,-0.1,3692251667.2,2.539474034309387,3.0
regir_requery_nomem,mechanism,fixed3,final@1000000,"[10, 10, 3]",1,10,,1.774851960898077,-1.774851960898077,4685352793.6,3.6376841653021983,3.0
regir_requery_nomem,mechanism,fixed3,final@1000000,"[10, 10, 3]",2,10,,0.49149470602055423,-0.49149470602055423,4361581478.4,1.850504461210221,3.0
regir_requery_nomem,mechanism,fixed3,final@1000000,"[10, 10, 12]",0,10,,0.3759399452573542,-0.3759399452573542,3762628992.0,2.7808648446574806,3.0
regir_requery_nomem,mechanism,fixed3,final@1000000,"[10, 10, 12]",1,10,,3.000487311312455,-3.000487311312455,4468590956.8,2.771650934894569,3.0
regir_requery_nomem,mechanism,fixed3,final@1000000,"[10, 10, 12]",2,10,,1.4155178609590506,-1.4155178609590506,4500773625.6,2.9839375497133007,3.0
regir_requery_nomem,mechanism,fixed3,final@1000000,"[30, 30, 2]",0,10,,0.6,-0.6,8358262220.8,4.033399149868638,3.0
regir_requery_nomem,mechanism,fixed3,final@1000000,"[30, 30, 2]",1,10,,1.7,-1.7,8507321606.4,4.717328825354343,3.0
regir_requery_nomem,mechanism,fixed3,final@1000000,"[30, 30, 2]",2,10,,1.1,-1.1,9067287251.2,3.59399458533735,3.0
regir_requery_nomem,mechanism,fixed3,final@1000000,"[30, 30, 12]",0,10,,0.0,-0.0,8092952332.8,3.0699892562930473,3.0
regir_requery_nomem,mechanism,fixed3,final@1000000,"[30, 30, 12]",1,10,,6.991970576883428,-6.991970576883428,8974772601.6,4.760531182348496,3.0
regir_requery_nomem,mechanism,fixed3,final@1000000,"[30, 30, 12]",2,10,,3.0161992766701813,-3.0161992766701813,9114484908.8,3.696261878171936,3.0
regir_requery_nomem,mechanism,fixed3,final@1000000,"[50, 50, 2]",0,10,,1.7033184011658942,-1.7033184011658942,11405386240.0,4.055918640247546,3.0
regir_requery_nomem,mechanism,fixed3,final@1000000,"[50, 50, 2]",1,10,,2.3,-2.3,12158337798.4,5.175467417406617,3.0
regir_requery_nomem,mechanism,fixed3,final@1000000,"[50, 50, 2]",2,10,,1.3,-1.3,13411445203.2,3.8582636336563154,3.0
regir_requery_nomem,mechanism,fixed4,final@1000000,"[4, 4, 2]",0,10,,0.0,-0.0,2027792249.6,2.167677559982985,4.0
regir_requery_nomem,mechanism,fixed4,final@1000000,"[4, 4, 2]",1,10,,0.5,-0.5,2507555481.6,2.758056369825499,4.0
regir_requery_nomem,mechanism,fixed4,final@1000000,"[4, 4, 2]",2,10,,0.2,-0.2,2387747731.2,2.853506657021353,4.0
regir_requery_nomem,mechanism,fixed4,final@1000000,"[10, 10, 3]",0,10,,0.1,-0.1,3968464070.4,3.057261915225536,4.0
regir_requery_nomem,mechanism,fixed4,final@1000000,"[10, 10, 3]",1,10,,1.623635455932779,-1.623635455932779,4687701529.6,3.1184902314096687,4.0
regir_requery_nomem,mechanism,fixed4,final@1000000,"[10, 10, 3]",2,10,,0.48605868336348157,-0.48605868336348157,4295256601.6,2.2066875563934447,4.0
regir_requery_nomem,mechanism,fixed4,final@1000000,"[10, 10, 12]",0,10,,0.583413203854563,-0.583413203854563,3932244332.8,3.179565871041268,4.0
regir_requery_nomem,mechanism,fixed4,final@1000000,"[10, 10, 12]",1,10,,3.2910099678141256,-3.2910099678141256,4442485856.0,3.6647138617583552,4.0
regir_requery_nomem,mechanism,fixed4,final@1000000,"[10, 10, 12]",2,10,,1.1453281938592437,-1.1453281938592437,4343416147.2,3.9024189256539104,4.0
regir_requery_nomem,mechanism,fixed4,final@1000000,"[30, 30, 2]",0,10,,1.3115309297517665,-1.3115309297517665,8019569574.4,4.058724319189787,4.0
regir_requery_nomem,mechanism,fixed4,final@1000000,"[30, 30, 2]",1,10,,1.5,-1.5,8392303264.0,4.946191523992456,4.0
regir_requery_nomem,mechanism,fixed4,final@1000000,"[30, 30, 2]",2,10,,0.9,-0.9,9461887872.0,3.734854830102995,4.0
regir_requery_nomem,mechanism,fixed4,final@1000000,"[30, 30, 12]",0,10,,0.31239873316638134,-0.31239873316638134,8011006873.6,2.815138820832362,4.0
regir_requery_nomem,mechanism,fixed4,final@1000000,"[30, 30, 12]",1,10,,6.615578463536369,-6.615578463536369,9008086048.0,5.305863510235213,4.0
regir_requery_nomem,mechanism,fixed4,final@1000000,"[30, 30, 12]",2,10,,1.4591900612280704,-1.4591900612280704,8941077171.2,2.686064319667639,4.0
regir_requery_nomem,mechanism,fixed4,final@1000000,"[50, 50, 2]",0,10,,1.3717914569957415,-1.3717914569957415,11448976595.2,4.497950686118566,4.0
regir_requery_nomem,mechanism,fixed4,final@1000000,"[50, 50, 2]",1,10,,2.0,-2.0,12319117113.6,5.315274250193033,4.0
regir_requery_nomem,mechanism,fixed4,final@1000000,"[50, 50, 2]",2,10,,0.8,-0.8,13631369331.2,4.533956808771473,4.0
regir_requery_nomem,mechanism,query_update_frozen,final@1000000,"[4, 4, 2]",0,10,,0.0,-0.0,2138768787.2,2.1857905561104416,4.0
regir_requery_nomem,mechanism,query_update_frozen,final@1000000,"[4, 4, 2]",1,10,,0.4,-0.4,2591986572.8,2.815959190262947,4.0
regir_requery_nomem,mechanism,query_update_frozen,final@1000000,"[4, 4, 2]",2,10,,0.2,-0.2,2495596844.8,3.0797650325344876,4.0
regir_requery_nomem,mechanism,query_update_frozen,final@1000000,"[10, 10, 3]",0,10,,0.1,-0.1,3871834131.2,3.0438421363011003,4.0
regir_requery_nomem,mechanism,query_update_frozen,final@1000000,"[10, 10, 3]",1,10,,1.4042005734610847,-1.4042005734610847,4646277254.4,3.547107161098393,4.0
regir_requery_nomem,mechanism,query_update_frozen,final@1000000,"[10, 10, 3]",2,10,,0.13404492422576575,-0.13404492422576575,4194006163.2,1.8625727429054677,4.0
regir_requery_nomem,mechanism,query_update_frozen,final@1000000,"[10, 10, 12]",0,10,,0.9292858132680768,-0.9292858132680768,3889308153.6,3.3258216282352806,4.0
regir_requery_nomem,mechanism,query_update_frozen,final@1000000,"[10, 10, 12]",1,10,,6.781858063243625,-6.781858063243625,4768764985.6,3.5186182446137537,4.0
regir_requery_nomem,mechanism,query_update_frozen,final@1000000,"[10, 10, 12]",2,10,,2.1037747499915986,-2.1037747499915986,4528033216.0,3.6888585966895335,4.0
regir_requery_nomem,mechanism,query_update_frozen,final@1000000,"[30, 30, 2]",0,10,,0.6630391258924397,-0.6630391258924397,8174509094.4,3.6946788663975894,4.0
regir_requery_nomem,mechanism,query_update_frozen,final@1000000,"[30, 30, 2]",1,10,,1.9188446268413477,-1.9188446268413477,8975445856.0,5.197836036910303,4.0
regir_requery_nomem,mechanism,query_update_frozen,final@1000000,"[30, 30, 2]",2,10,,1.7,-1.7,9745645286.4,3.9785117926832756,4.0
regir_requery_nomem,mechanism,query_update_frozen,final@1000000,"[30, 30, 12]",0,10,,0.6295528073530431,-0.6295528073530431,7982657504.0,3.8373601732309908,4.0
regir_requery_nomem,mechanism,query_update_frozen,final@1000000,"[30, 30, 12]",1,10,,9.399035916250524,-9.399035916250524,9203319424.0,5.1573935922293455,4.0
regir_requery_nomem,mechanism,query_update_frozen,final@1000000,"[30, 30, 12]",2,10,,1.8372494248043285,-1.8372494248043285,9222357158.4,3.210902816959424,4.0
regir_requery_nomem,mechanism,query_update_frozen,final@1000000,"[50, 50, 2]",0,10,,1.5377576493225587,-1.5377576493225587,11439594323.2,3.8305194688844493,4.0
regir_requery_nomem,mechanism,query_update_frozen,final@1000000,"[50, 50, 2]",1,10,,1.8,-1.8,11745973811.2,4.962418587063439,4.0
regir_requery_nomem,mechanism,query_update_frozen,final@1000000,"[50, 50, 2]",2,10,,0.3,-0.3,13516026656.0,4.237143271416426,4.0
regir_requery_nomem,select,adaptive,final@1000000,"[4, 4, 2]",0,100,,0.10290347644799014,-0.10290347644799014,2176157065.6,2.4052432907838375,2.1593323026446245
regir_requery_nomem,select,adaptive,final@1000000,"[4, 4, 2]",1,100,,0.5819434706039143,-0.5819434706039143,2812613932.16,2.713253061263822,2.2091903643181143
regir_requery_nomem,select,adaptive,final@1000000,"[4, 4, 2]",2,100,,0.24290404454571468,-0.24290404454571468,2500947579.52,2.461934113278985,2.1919989616864926
regir_requery_nomem,select,adaptive,final@1000000,"[6, 6, 2]",0,100,,0.2375468763766977,-0.2375468763766977,2729335362.56,2.7002648742962627,2.1691322173009415
regir_requery_nomem,select,adaptive,final@1000000,"[6, 6, 2]",1,100,,0.6842478267899654,-0.6842478267899654,3241697358.72,2.722312826020643,2.2061043853688513
regir_requery_nomem,select,adaptive,final@1000000,"[6, 6, 2]",2,100,,0.33599260192259456,-0.33599260192259456,3012052067.84,2.5688707670615987,2.1641036228483412
regir_requery_nomem,select,adaptive,final@1000000,"[8, 8, 2]",0,100,,0.45625600737042893,-0.45625600737042893,3251176230.4,2.5428978094784545,2.1730253437119047
regir_requery_nomem,select,adaptive,final@1000000,"[8, 8, 2]",1,100,,0.8705197357796466,-0.8705197357796466,3684807122.56,2.6721144812973217,2.207676013826148
regir_requery_nomem,select,adaptive,final@1000000,"[8, 8, 2]",2,100,,0.4063497299066488,-0.4063497299066488,3527836229.12,2.5107214581314476,2.149049670253816
regir_requery_nomem,select,adaptive,final@1000000,"[10, 10, 3]",0,100,,0.5604863882133546,-0.5604863882133546,3601315197.44,2.8355047548469154,2.162945272816129
regir_requery_nomem,select,adaptive,final@1000000,"[10, 10, 3]",1,100,,1.4038616322213757,-1.4038616322213757,4266101835.52,3.053837856482714,2.2016570374605857
regir_requery_nomem,select,adaptive,final@1000000,"[10, 10, 3]",2,100,,0.47219104103339776,-0.47219104103339776,4046686416.64,2.824490491314791,2.1490320033866515
regir_requery_nomem,select,fixed1,final@1000000,"[4, 4, 2]",0,100,,0.11593524230323518,-0.11593524230323518,2171258688.0,2.223672138005495,1.0
regir_requery_nomem,select,fixed1,final@1000000,"[4, 4, 2]",1,100,,0.497848985104099,-0.497848985104099,2611940432.0,2.2722127022594214,1.0
regir_requery_nomem,select,fixed1,final@1000000,"[4, 4, 2]",2,100,,0.25506788018104254,-0.25506788018104254,2426979824.0,2.177360716583207,1.0
regir_requery_nomem,select,fixed1,final@1000000,"[6, 6, 2]",0,100,,0.22434903175292803,-0.22434903175292803,2743886416.0,2.3347259251819925,1.0
regir_requery_nomem,select,fixed1,final@1000000,"[6, 6, 2]",1,100,,0.681570711523898,-0.681570711523898,3330651584.0,2.5489886345388366,1.0
regir_requery_nomem,select,fixed1,final@1000000,"[6, 6, 2]",2,100,,0.3607066787364338,-0.3607066787364338,2993297680.0,2.290210730046965,1.0
regir_requery_nomem,select,fixed1,final@1000000,"[8, 8, 2]",0,100,,0.4218480035299877,-0.4218480035299877,3170568336.0,2.218758218958974,1.0
regir_requery_nomem,select,fixed1,final@1000000,"[8, 8, 2]",1,100,,0.811928635967338,-0.811928635967338,3647312336.0,2.367715514446609,1.0
regir_requery_nomem,select,fixed1,final@1000000,"[8, 8, 2]",2,100,,0.36104088635791426,-0.36104088635791426,3445699008.0,2.1720883859787135,1.0
regir_requery_nomem,select,fixed1,final@1000000,"[10, 10, 3]",0,100,,0.5439922394868983,-0.5439922394868983,3641962080.0,2.5725727231707425,1.0
regir_requery_nomem,select,fixed1,final@1000000,"[10, 10, 3]",1,100,,1.4952268167539828,-1.4952268167539828,4405964432.0,2.8192898500710726,1.0
regir_requery_nomem,select,fixed1,final@1000000,"[10, 10, 3]",2,100,,0.4629554771285792,-0.4629554771285792,4043858608.0,2.4931536833988504,1.0
regir_requery_nomem,select,fixed2,final@1000000,"[4, 4, 2]",0,100,,0.12290347644799014,-0.12290347644799014,2162177913.6,2.325905534652993,2.0
regir_requery_nomem,select,fixed2,final@1000000,"[4, 4, 2]",1,100,,0.5944504693222564,-0.5944504693222564,2611938749.44,2.515854063238949,2.0
regir_requery_nomem,select,fixed2,final@1000000,"[4, 4, 2]",2,100,,0.2530543103112936,-0.2530543103112936,2457488503.04,2.2680777627462523,2.0
regir_requery_nomem,select,fixed2,final@1000000,"[6, 6, 2]",0,100,,0.26088512933167857,-0.26088512933167857,2725572837.12,2.487658666218631,2.0
regir_requery_nomem,select,fixed2,final@1000000,"[6, 6, 2]",1,100,,0.6530081738593949,-0.6530081738593949,3395143646.08,2.8320561510603874,2.0
regir_requery_nomem,select,fixed2,final@1000000,"[6, 6, 2]",2,100,,0.29580756100428834,-0.29580756100428834,2982303625.6,2.4768011738965288,2.0
regir_requery_nomem,select,fixed2,final@1000000,"[8, 8, 2]",0,100,,0.43042995480580293,-0.43042995480580293,3236087744.64,2.4868816177733244,2.0
regir_requery_nomem,select,fixed2,final@1000000,"[8, 8, 2]",1,100,,0.8722388422252196,-0.8722388422252196,3708759070.08,2.55014105710201,2.0
regir_requery_nomem,select,fixed2,final@1000000,"[8, 8, 2]",2,100,,0.32997539060497216,-0.32997539060497216,3490714177.28,2.287536383615807,2.0
regir_requery_nomem,select,fixed2,final@1000000,"[10, 10, 3]",0,100,,0.6561807305716147,-0.6561807305716147,3626294292.48,2.6821779896691442,2.0
regir_requery_nomem,select,fixed2,final@1000000,"[10, 10, 3]",1,100,,1.3337048374525782,-1.3337048374525782,4174929473.92,2.748155347746797,2.0
regir_requery_nomem,select,fixed2,final@1000000,"[10, 10, 3]",2,100,,0.49788785681019937,-0.49788785681019937,4041398024.96,2.711348511734977,2.0
regir_requery_nomem,select,fixed3,final@1000000,"[4, 4, 2]",0,100,,0.10290347644799014,-0.10290347644799014,2125735847.68,2.369157922505401,3.0
regir_requery_nomem,select,fixed3,final@1000000,"[4, 4, 2]",1,100,,0.5072998388767102,-0.5072998388767102,2745731300.48,2.671486047804356,3.0
regir_requery_nomem,select,fixed3,final@1000000,"[4, 4, 2]",2,100,,0.2863658551694331,-0.2863658551694331,2460539395.2,2.398633200516924,3.0
regir_requery_nomem,select,fixed3,final@1000000,"[6, 6, 2]",0,100,,0.18751309927631438,-0.18751309927631438,2702583432.32,2.5667046505073086,3.0
regir_requery_nomem,select,fixed3,final@1000000,"[6, 6, 2]",1,100,,0.6193420086688093,-0.6193420086688093,3285649450.24,2.8611070383153856,3.0
regir_requery_nomem,select,fixed3,final@1000000,"[6, 6, 2]",2,100,,0.3204712020755535,-0.3204712020755535,3034673287.04,2.611736233215779,3.0
regir_requery_nomem,select,fixed3,final@1000000,"[8, 8, 2]",0,100,,0.3403251329988277,-0.3403251329988277,3200132740.48,2.488132625808939,3.0
regir_requery_nomem,select,fixed3,final@1000000,"[8, 8, 2]",1,100,,0.8114046088347902,-0.8114046088347902,3614287389.44,2.611497793183662,3.0
regir_requery_nomem,select,fixed3,final@1000000,"[8, 8, 2]",2,100,,0.3236661709390594,-0.3236661709390594,3501666668.16,2.4486787981912492,3.0
regir_requery_nomem,select,fixed3,final@1000000,"[10, 10, 3]",0,100,,0.6338235653508114,-0.6338235653508114,3652393839.36,2.793733467743732,3.0
regir_requery_nomem,select,fixed3,final@1000000,"[10, 10, 3]",1,100,,1.319585038635545,-1.319585038635545,4207616245.12,2.768214236269705,3.0
regir_requery_nomem,select,fixed3,final@1000000,"[10, 10, 3]",2,100,,0.5174117069207408,-0.5174117069207408,4060950846.72,2.8518407076084986,3.0
regir_requery_nomem,select,fixed4,final@1000000,"[4, 4, 2]",0,100,,0.07817688667588016,-0.07817688667588016,2144216354.56,2.540536147095263,4.0
regir_requery_nomem,select,fixed4,final@1000000,"[4, 4, 2]",1,100,,0.48781382245575056,-0.48781382245575056,2656356458.88,2.5883068293798717,4.0
regir_requery_nomem,select,fixed4,final@1000000,"[4, 4, 2]",2,100,,0.21229969925787334,-0.21229969925787334,2471481753.6,2.595169348767959,4.0
regir_requery_nomem,select,fixed4,final@1000000,"[6, 6, 2]",0,100,,0.17900173350508417,-0.17900173350508417,2703798691.84,2.756268511028029,4.0
regir_requery_nomem,select,fixed4,final@1000000,"[6, 6, 2]",1,100,,0.5661035496231709,-0.5661035496231709,3221235640.96,2.821993556264788,4.0
regir_requery_nomem,select,fixed4,final@1000000,"[6, 6, 2]",2,100,,0.31162570751845026,-0.31162570751845026,3018921296.0,2.7015691427793356,4.0
regir_requery_nomem,select,fixed4,final@1000000,"[8, 8, 2]",0,100,,0.4321094693965962,-0.4321094693965962,3223431924.48,2.6404261526092885,4.0
regir_requery_nomem,select,fixed4,final@1000000,"[8, 8, 2]",1,100,,0.6825670764035437,-0.6825670764035437,3615170825.6,2.701251147030853,4.0
regir_requery_nomem,select,fixed4,final@1000000,"[8, 8, 2]",2,100,,0.265396762772582,-0.265396762772582,3498887081.6,2.564116764254868,4.0
regir_requery_nomem,select,fixed4,final@1000000,"[10, 10, 3]",0,100,,0.5606844966202795,-0.5606844966202795,3616762815.36,2.9404484447371213,4.0
regir_requery_nomem,select,fixed4,final@1000000,"[10, 10, 3]",1,100,,1.3594200477108445,-1.3594200477108445,4209866069.12,3.137864603907801,4.0
regir_requery_nomem,select,fixed4,final@1000000,"[10, 10, 3]",2,100,,0.4987087542712808,-0.4987087542712808,4061775363.84,2.9065994575200604,4.0
regir_requery_nomem,select,random,final@1000000,"[4, 4, 2]",0,100,,0.07538864382752629,-0.07538864382752629,2147484552.32,2.5588814437855034,3.7480081970151318
regir_requery_nomem,select,random,final@1000000,"[4, 4, 2]",1,100,,0.49614795998931593,-0.49614795998931593,2657171482.88,2.7098559943540024,3.7471330575770887
regir_requery_nomem,select,random,final@1000000,"[4, 4, 2]",2,100,,0.23668492132170002,-0.23668492132170002,2456057980.16,2.5543737414944916,3.7486173824802886
regir_requery_nomem,select,random,final@1000000,"[6, 6, 2]",0,100,,0.19673992238848406,-0.19673992238848406,2703329290.88,2.809211780084297,3.75045278496537
regir_requery_nomem,select,random,final@1000000,"[6, 6, 2]",1,100,,0.5954526874075462,-0.5954526874075462,3255134639.36,2.923120641736314,3.745621506100055
regir_requery_nomem,select,random,final@1000000,"[6, 6, 2]",2,100,,0.36355386349061525,-0.36355386349061525,3045745089.28,2.8388348356215283,3.748324470024033
regir_requery_nomem,select,random,final@1000000,"[8, 8, 2]",0,100,,0.4058070330150635,-0.4058070330150635,3218280778.88,2.6320870133908465,3.7500726377655926
regir_requery_nomem,select,random,final@1000000,"[8, 8, 2]",1,100,,0.7891664109749167,-0.7891664109749167,3634922946.56,2.7820196958864107,3.7495107892057398
regir_requery_nomem,select,random,final@1000000,"[8, 8, 2]",2,100,,0.2732624388901524,-0.2732624388901524,3551107713.28,2.6790987199544904,3.746489392062006
regir_requery_nomem,select,random,final@1000000,"[10, 10, 3]",0,100,,0.5928557429413334,-0.5928557429413334,3620913016.32,2.990814416478388,3.7493545472917598
regir_requery_nomem,select,random,final@1000000,"[10, 10, 3]",1,100,,1.2178412011724828,-1.2178412011724828,4157688192.0,3.060864579989575,3.749556670482119
regir_requery_nomem,select,random,final@1000000,"[10, 10, 3]",2,100,,0.47123840193153527,-0.47123840193153527,4043067459.2,2.9583312564436346,3.7453925769657053
regir_slotgru_nomem,adaptive,adaptive,final@1000000,"[4, 4, 2]",0,300,qualified,0.39797218163602455,-0.39797218163602455,2397260710.4,0.9755241769109853,2.1887904346124962
regir_slotgru_nomem,adaptive,adaptive,final@1000000,"[4, 4, 2]",1,300,qualified,0.2407476279884459,-0.2407476279884459,2445473166.08,1.0070949512991745,2.236080322939364
regir_slotgru_nomem,adaptive,adaptive,final@1000000,"[4, 4, 2]",2,300,qualified,0.24459479321774708,-0.24459479321774708,2355117572.693333,0.8658287013626735,2.221909060960869
regir_slotgru_nomem,adaptive,adaptive,final@1000000,"[5, 5, 2]",0,300,qualified,0.48755254872697873,-0.48755254872697873,2708987731.4133334,1.0724137293246652,2.1921937142261387
regir_slotgru_nomem,adaptive,adaptive,final@1000000,"[5, 5, 2]",1,300,qualified,0.34395526087864114,-0.34395526087864114,2793486362.6666665,1.1167852534148066,2.2524712286202835
regir_slotgru_nomem,adaptive,adaptive,final@1000000,"[5, 5, 2]",2,300,qualified,0.40537283622567855,-0.40537283622567855,2692783301.12,0.9625890275837932,2.2185564734200396
regir_slotgru_nomem,adaptive,adaptive,final@1000000,"[6, 6, 2]",0,300,qualified,0.5219404556468946,-0.5219404556468946,2963486230.826667,1.112548488577595,2.1972236299039607
regir_slotgru_nomem,adaptive,adaptive,final@1000000,"[6, 6, 2]",1,300,qualified,0.35087971000620266,-0.35087971000620266,3105390848.213333,1.1407152795389992,2.25123236835183
regir_slotgru_nomem,adaptive,adaptive,final@1000000,"[6, 6, 2]",2,300,qualified,0.433855945991862,-0.433855945991862,2993655479.4666667,1.0898653683960826,2.2196111080558167
regir_slotgru_nomem,adaptive,adaptive,final@1000000,"[8, 8, 2]",0,300,qualified,0.7133900782163771,-0.7133900782163771,3541618984.96,1.2122661455600368,2.2001983412527895
regir_slotgru_nomem,adaptive,adaptive,final@1000000,"[8, 8, 2]",1,300,qualified,0.4791204932300351,-0.4791204932300351,3769706537.8133335,1.2641723871328092,2.265692114776513
regir_slotgru_nomem,adaptive,adaptive,final@1000000,"[8, 8, 2]",2,300,qualified,0.5588379680489531,-0.5588379680489531,3555594003.2,1.1402198797008412,2.218480992679666
regir_slotgru_nomem,adaptive,adaptive,final@1000000,"[10, 10, 2]",0,300,qualified,0.8228225959547913,-0.8228225959547913,4046468544.8533335,1.2644150008274786,2.197043012294525
regir_slotgru_nomem,adaptive,adaptive,final@1000000,"[10, 10, 2]",1,300,qualified,0.7979970991686878,-0.7979970991686878,4332805443.413333,1.3168252117103354,2.267766879075885
regir_slotgru_nomem,adaptive,adaptive,final@1000000,"[10, 10, 2]",2,300,qualified,0.687979294905863,-0.687979294905863,4091822842.0266666,1.2025286135772089,2.2193925850262834
regir_slotgru_nomem,adaptive,adaptive,final@1000000,"[10, 10, 3]",0,300,qualified,1.0535096053829291,-1.0535096053829291,3901277037.653333,1.2606939389415008,2.1960727708789833
regir_slotgru_nomem,adaptive,adaptive,final@1000000,"[10, 10, 3]",1,300,qualified,0.7999114182909159,-0.7999114182909159,4284291910.613333,1.3655209542783753,2.26715914081527
regir_slotgru_nomem,adaptive,adaptive,final@1000000,"[10, 10, 3]",2,300,qualified,0.9294655868488386,-0.9294655868488386,4039441069.0133333,1.1582585673439705,2.2197145738065998
regir_slotgru_nomem,adaptive,adaptive,final@1000000,"[10, 10, 4]",0,300,qualified,1.0384783884028042,-1.0384783884028042,3899787323.52,1.221629418869076,2.1980335901183947
regir_slotgru_nomem,adaptive,adaptive,final@1000000,"[10, 10, 4]",1,300,qualified,0.8495489220463052,-0.8495489220463052,4309851319.68,1.3204502529650926,2.2709069333011533
regir_slotgru_nomem,adaptive,adaptive,final@1000000,"[10, 10, 4]",2,300,qualified,0.7795706052121908,-0.7795706052121908,4054168367.5733333,1.1894321894773747,2.2225794806769743
regir_slotgru_nomem,adaptive,adaptive,final@1000000,"[10, 10, 6]",0,300,qualified,1.3639640155965134,-1.3639640155965134,3910260896.64,1.2655303180227444,2.2016560722521676
regir_slotgru_nomem,adaptive,adaptive,final@1000000,"[10, 10, 6]",1,300,qualified,1.1556165508368592,-1.1556165508368592,4280628817.7066665,1.3160713442948568,2.267637727477689
regir_slotgru_nomem,adaptive,adaptive,final@1000000,"[10, 10, 6]",2,300,qualified,1.1153467512744222,-1.1153467512744222,4084304362.0266666,1.2159647108284601,2.228251043477727
regir_slotgru_nomem,adaptive,adaptive,final@1000000,"[10, 10, 9]",0,300,qualified,1.5051034789657407,-1.5051034789657407,3880870267.52,1.260227513172431,2.206644646167112
regir_slotgru_nomem,adaptive,adaptive,final@1000000,"[10, 10, 9]",1,300,qualified,1.3629480628901105,-1.3629480628901105,4222145705.6,1.2344478911887078,2.269042543446684
regir_slotgru_nomem,adaptive,adaptive,final@1000000,"[10, 10, 9]",2,300,qualified,1.234330976422587,-1.234330976422587,4070304938.88,1.244559941671711,2.2373049303864416
regir_slotgru_nomem,adaptive,adaptive,final@1000000,"[10, 10, 12]",0,300,qualified,1.8313608074915138,-1.8313608074915138,3847955305.8133335,1.22566341051599,2.205518232014791
regir_slotgru_nomem,adaptive,adaptive,final@1000000,"[10, 10, 12]",1,300,qualified,1.8711396041543762,-1.8711396041543762,4258112369.92,1.287539730197168,2.27610989974472
regir_slotgru_nomem,adaptive,adaptive,final@1000000,"[10, 10, 12]",2,300,qualified,1.9651386884303672,-1.9651386884303672,4175250698.4533334,1.256847460536713,2.2480957738756757
regir_slotgru_nomem,adaptive,adaptive,final@1000000,"[15, 15, 2]",0,300,qualified,0.9919101835543777,-0.9919101835543777,5223491511.466666,1.360326719888059,2.203872004444189
regir_slotgru_nomem,adaptive,adaptive,final@1000000,"[15, 15, 2]",1,300,qualified,0.9062541250762681,-0.9062541250762681,5731502654.506667,1.4813018601746686,2.276174638402201
regir_slotgru_nomem,adaptive,adaptive,final@1000000,"[15, 15, 2]",2,300,qualified,0.9408246995867073,-0.9408246995867073,5381332569.386666,1.4201381980521062,2.2191576315130384
regir_slotgru_nomem,adaptive,adaptive,final@1000000,"[15, 15, 4]",0,300,qualified,1.4923808946775847,-1.4923808946775847,5095726061.866667,1.4251279973207662,2.2040206346019784
regir_slotgru_nomem,adaptive,adaptive,final@1000000,"[15, 15, 4]",1,300,qualified,1.3318098023683471,-1.3318098023683471,5690508768.853333,1.553467616743874,2.274783340907635
regir_slotgru_nomem,adaptive,adaptive,final@1000000,"[15, 15, 4]",2,300,qualified,1.2519830560613197,-1.2519830560613197,5247967760.426666,1.3212629507173552,2.22120668172918
regir_slotgru_nomem,adaptive,adaptive,final@1000000,"[15, 15, 6]",0,300,qualified,1.7381526544505357,-1.7381526544505357,5077510864.853333,1.4160371913396133,2.2069384261765834
regir_slotgru_nomem,adaptive,adaptive,final@1000000,"[15, 15, 6]",1,300,qualified,1.7851981714608107,-1.7851981714608107,5675973240.106667,1.5236018659296677,2.2755708334305695
regir_slotgru_nomem,adaptive,adaptive,final@1000000,"[15, 15, 6]",2,300,qualified,1.5083277039429464,-1.5083277039429464,5273332025.8133335,1.354382697030475,2.224335809442699
regir_slotgru_nomem,adaptive,adaptive,final@1000000,"[20, 20, 2]",0,300,qualified,1.0886062811974073,-1.0886062811974073,6428138661.546667,1.598954827777537,2.2140293812039644
regir_slotgru_nomem,adaptive,adaptive,final@1000000,"[20, 20, 2]",1,300,qualified,1.2956239782539325,-1.2956239782539325,7096073386.666667,1.6155198099012098,2.28575155213054
regir_slotgru_nomem,adaptive,adaptive,final@1000000,"[20, 20, 2]",2,300,qualified,1.31482958028148,-1.31482958028148,6364500910.08,1.43991798138731,2.214655294023514
regir_slotgru_nomem,adaptive,adaptive,final@1000000,"[20, 20, 4]",0,300,qualified,1.8386572692110805,-1.8386572692110805,6352432061.44,1.5783135704665134,2.2165798742226714
regir_slotgru_nomem,adaptive,adaptive,final@1000000,"[20, 20, 4]",1,300,qualified,1.895486729853395,-1.895486729853395,6935401936.64,1.5878410498202236,2.2776822741657696
regir_slotgru_nomem,adaptive,adaptive,final@1000000,"[20, 20, 4]",2,300,qualified,1.7666628158734379,-1.7666628158734379,6377241718.826667,1.4921126063445505,2.219309094046063
regir_slotgru_nomem,adaptive,adaptive,final@1000000,"[20, 20, 6]",0,300,qualified,1.9359980431961692,-1.9359980431961692,6185655137.493333,1.4532544298877474,2.2111081186414023
regir_slotgru_nomem,adaptive,adaptive,final@1000000,"[20, 20, 6]",1,300,qualified,2.3864496696612307,-2.3864496696612307,6967100058.24,1.6330522871083424,2.275896039954702
regir_slotgru_nomem,adaptive,adaptive,final@1000000,"[20, 20, 6]",2,300,qualified,2.1998666460419356,-2.1998666460419356,6388845278.506667,1.5676274834637298,2.219436360371514
regir_slotgru_nomem,adaptive,adaptive,final@1000000,"[25, 25, 2]",0,300,qualified,1.3577982958225843,-1.3577982958225843,7654552540.586667,1.712679657167173,2.2235771310378056
regir_slotgru_nomem,adaptive,adaptive,final@1000000,"[25, 25, 2]",1,300,qualified,1.4383450058405087,-1.4383450058405087,8263848460.16,1.771691215096313,2.292744766926774
regir_slotgru_nomem,adaptive,adaptive,final@1000000,"[25, 25, 2]",2,300,qualified,1.5361638614546291,-1.5361638614546291,7451785362.133333,1.6093464006504898,2.2142084159470015
regir_slotgru_nomem,adaptive,adaptive,final@1000000,"[30, 30, 2]",0,300,qualified,1.3198067088764989,-1.3198067088764989,8697988282.026667,1.7952929265480877,2.2336800600087883
regir_slotgru_nomem,adaptive,adaptive,final@1000000,"[30, 30, 2]",1,300,qualified,1.7124033709319288,-1.7124033709319288,9405454184.533333,1.9605241475002064,2.29286091896761
regir_slotgru_nomem,adaptive,adaptive,final@1000000,"[30, 30, 2]",2,300,qualified,1.7473127396576102,-1.7473127396576102,8521718400.213333,1.7320341839435665,2.2142931167582938
regir_slotgru_nomem,adaptive,adaptive,final@1000000,"[30, 30, 4]",0,300,qualified,1.9710055937552649,-1.9710055937552649,8573692303.786667,1.8068095350182072,2.2303697351543526
regir_slotgru_nomem,adaptive,adaptive,final@1000000,"[30, 30, 4]",1,300,qualified,2.920351190045905,-2.920351190045905,9347340874.24,1.9143846266703137,2.28852001967908
regir_slotgru_nomem,adaptive,adaptive,final@1000000,"[30, 30, 4]",2,300,qualified,2.5317656890280174,-2.5317656890280174,8493967964.373333,1.8016669627669035,2.217226384204933
regir_slotgru_nomem,adaptive,adaptive,final@1000000,"[30, 30, 6]",0,300,qualified,2.3595578174649647,-2.3595578174649647,8495662897.28,1.7822605008075092,2.232419396969033
regir_slotgru_nomem,adaptive,adaptive,final@1000000,"[30, 30, 6]",1,300,qualified,3.052201864350047,-3.052201864350047,9399079376.853333,1.9540699463209603,2.2859846118462404
regir_slotgru_nomem,adaptive,adaptive,final@1000000,"[30, 30, 6]",2,300,qualified,3.0414493631951296,-3.0414493631951296,8554347255.893333,1.8266578442475292,2.2208973368062916
regir_slotgru_nomem,adaptive,adaptive,final@1000000,"[30, 30, 9]",0,300,qualified,2.8530398585975956,-2.8530398585975956,8499502642.986667,1.8991358732166312,2.230381619222571
regir_slotgru_nomem,adaptive,adaptive,final@1000000,"[30, 30, 9]",1,300,qualified,4.036322867950798,-4.036322867950798,9316899360.426666,1.970006444247362,2.2824118330994145
regir_slotgru_nomem,adaptive,adaptive,final@1000000,"[30, 30, 9]",2,300,qualified,3.9871898187274235,-3.9871898187274235,8606935198.933332,2.0396176053731083,2.2244392846007233
regir_slotgru_nomem,adaptive,adaptive,final@1000000,"[30, 30, 12]",0,300,qualified,3.323824837145899,-3.323824837145899,8492970011.093333,2.057887081516674,2.2319090200516443
regir_slotgru_nomem,adaptive,adaptive,final@1000000,"[30, 30, 12]",1,300,qualified,4.915949560190212,-4.915949560190212,9352097369.813334,2.104062168955764,2.2802030247713803
regir_slotgru_nomem,adaptive,adaptive,final@1000000,"[30, 30, 12]",2,300,qualified,5.147948017716124,-5.147948017716124,8646657157.12,2.1230246855617345,2.2267438026273907
regir_slotgru_nomem,adaptive,adaptive,final@1000000,"[40, 40, 2]",0,300,qualified,1.6060227564196532,-1.6060227564196532,10837303880.106667,2.09880844917517,2.2457802524848627
regir_slotgru_nomem,adaptive,adaptive,final@1000000,"[40, 40, 2]",1,300,qualified,2.0770592226337072,-2.0770592226337072,11675976094.72,2.146005115456646,2.29701401670414
regir_slotgru_nomem,adaptive,adaptive,final@1000000,"[40, 40, 2]",2,300,qualified,2.1322062312768346,-2.1322062312768346,10518947776.64,1.9595765547151678,2.2141033296203845
regir_slotgru_nomem,adaptive,adaptive,final@1000000,"[50, 50, 2]",0,300,qualified,1.714097937820331,-1.714097937820331,12888888270.293333,2.2989055885283354,2.254664165266382
regir_slotgru_nomem,adaptive,adaptive,final@1000000,"[50, 50, 2]",1,300,qualified,3.135790778742419,-3.135790778742419,13621600705.066668,2.4466680715219504,2.301964617360653
regir_slotgru_nomem,adaptive,adaptive,final@1000000,"[50, 50, 2]",2,300,qualified,2.3789230919812847,-2.3789230919812847,12273200359.466667,2.193198616074709,2.2145105604135993
regir_slotgru_nomem,adaptive,random,final@1000000,"[4, 4, 2]",0,300,qualified,0.41310923279967204,-0.41310923279967204,2441833211.0933332,1.0568943910915793,2.9097758549123527
regir_slotgru_nomem,adaptive,random,final@1000000,"[4, 4, 2]",1,300,qualified,0.2255335177211819,-0.2255335177211819,2441503891.2,0.9917341912799748,2.9058555662885146
regir_slotgru_nomem,adaptive,random,final@1000000,"[4, 4, 2]",2,300,qualified,0.2952806333445769,-0.2952806333445769,2432701926.826667,1.0109158548078268,2.9080624739753254
regir_slotgru_nomem,adaptive,random,final@1000000,"[5, 5, 2]",0,300,qualified,0.5093954791366208,-0.5093954791366208,2679539405.2266665,1.0048202277322222,1.4508537861151642
regir_slotgru_nomem,adaptive,random,final@1000000,"[5, 5, 2]",1,300,qualified,0.3238262655289746,-0.3238262655289746,2734435071.36,0.9588702161858479,1.4481579964466322
regir_slotgru_nomem,adaptive,random,final@1000000,"[5, 5, 2]",2,300,qualified,0.45841737097503765,-0.45841737097503765,2652441403.9466667,0.8681047516710048,1.448850416168783
regir_slotgru_nomem,adaptive,random,final@1000000,"[6, 6, 2]",0,300,qualified,0.5344325536471695,-0.5344325536471695,2977858278.1866665,0.9777432986797067,1.0252494632634843
regir_slotgru_nomem,adaptive,random,final@1000000,"[6, 6, 2]",1,300,qualified,0.4379671155044236,-0.4379671155044236,3133929991.4666667,1.0479765559069347,1.0237203059918272
regir_slotgru_nomem,adaptive,random,final@1000000,"[6, 6, 2]",2,300,qualified,0.4776859943383931,-0.4776859943383931,2964991820.3733335,0.9076572563279963,1.0244906478860616
regir_slotgru_nomem,adaptive,random,final@1000000,"[8, 8, 2]",0,300,qualified,0.6991839103006524,-0.6991839103006524,3560219676.8,1.1749985437877088,2.23108436863166
regir_slotgru_nomem,adaptive,random,final@1000000,"[8, 8, 2]",1,300,qualified,0.5341127008917893,-0.5341127008917893,3755850792.5333333,1.1636316603195156,2.227614144299983
regir_slotgru_nomem,adaptive,random,final@1000000,"[8, 8, 2]",2,300,qualified,0.5460153615868361,-0.5460153615868361,3521264201.386667,1.0788714260561392,2.2271735350598716
regir_slotgru_nomem,adaptive,random,final@1000000,"[10, 10, 2]",0,300,qualified,0.8201154894683251,-0.8201154894683251,3979588825.6,1.1900129775673849,1.2536328470491476
regir_slotgru_nomem,adaptive,random,final@1000000,"[10, 10, 2]",1,300,qualified,0.7237468542866738,-0.7237468542866738,4365225653.76,1.2452124936969873,1.2512695371468687
regir_slotgru_nomem,adaptive,random,final@1000000,"[10, 10, 2]",2,300,qualified,0.7803076394644644,-0.7803076394644644,3987892946.56,1.036631532930769,1.2515413610241017
regir_slotgru_nomem,adaptive,random,final@1000000,"[10, 10, 3]",0,300,qualified,1.1623855241750025,-1.1623855241750025,3992416206.72,1.2967003338491,3.2461885200147007
regir_slotgru_nomem,adaptive,random,final@1000000,"[10, 10, 3]",1,300,qualified,0.8824923413417428,-0.8824923413417428,4351760610.346666,1.3345733733248197,3.243627013173445
regir_slotgru_nomem,adaptive,random,final@1000000,"[10, 10, 3]",2,300,qualified,0.7739294605595772,-0.7739294605595772,4059595403.9466667,1.18697087816409,3.2457426404708496
regir_slotgru_nomem,adaptive,random,final@1000000,"[10, 10, 4]",0,300,qualified,1.1260827001998386,-1.1260827001998386,3928637819.306667,1.1147805465369796,2.0
regir_slotgru_nomem,adaptive,random,final@1000000,"[10, 10, 4]",1,300,qualified,0.9767431566919231,-0.9767431566919231,4309369481.386666,1.180176960665461,2.0
regir_slotgru_nomem,adaptive,random,final@1000000,"[10, 10, 4]",2,300,qualified,0.9026156129961088,-0.9026156129961088,4039641277.653333,1.09926694926864,2.0
regir_slotgru_nomem,adaptive,random,final@1000000,"[10, 10, 6]",0,300,qualified,1.333152956785602,-1.333152956785602,3897423123.4133334,1.213893015285139,2.6403864992433483
regir_slotgru_nomem,adaptive,random,final@1000000,"[10, 10, 6]",1,300,qualified,1.2632418203125224,-1.2632418203125224,4292283857.92,1.289305195850126,2.635203729492448
regir_slotgru_nomem,adaptive,random,final@1000000,"[10, 10, 6]",2,300,qualified,1.127999960183422,-1.127999960183422,4098728005.3333335,1.1378578262611214,2.6336348063138844
regir_slotgru_nomem,adaptive,random,final@1000000,"[10, 10, 9]",0,300,qualified,1.67276817534461,-1.67276817534461,3872295034.88,1.2206716353215354,1.8715123041885324
regir_slotgru_nomem,adaptive,random,final@1000000,"[10, 10, 9]",1,300,qualified,1.3197563811663346,-1.3197563811663346,4221223406.5066667,1.16121360204493,1.8680844159323047
regir_slotgru_nomem,adaptive,random,final@1000000,"[10, 10, 9]",2,300,qualified,1.2694786409201548,-1.2694786409201548,4047504717.2266665,1.1187192583087986,1.8724379724537952
regir_slotgru_nomem,adaptive,random,final@1000000,"[10, 10, 12]",0,300,qualified,1.9063941331160348,-1.9063941331160348,3947421903.1466665,1.3064769108589582,3.776536784952302
regir_slotgru_nomem,adaptive,random,final@1000000,"[10, 10, 12]",1,300,qualified,1.8583236446224356,-1.8583236446224356,4289351143.8933334,1.2930827243142995,3.7748709446104587
regir_slotgru_nomem,adaptive,random,final@1000000,"[10, 10, 12]",2,300,qualified,1.67620609753921,-1.67620609753921,4189691112.5333333,1.2530267043861871,3.7718109969591587
regir_slotgru_nomem,adaptive,random,final@1000000,"[15, 15, 2]",0,300,qualified,0.8929945522325626,-0.8929945522325626,5090618410.453333,1.2078292000237465,1.0
regir_slotgru_nomem,adaptive,random,final@1000000,"[15, 15, 2]",1,300,qualified,1.1798983205331643,-1.1798983205331643,5662171422.506667,1.2220912857506967,1.0
regir_slotgru_nomem,adaptive,random,final@1000000,"[15, 15, 2]",2,300,qualified,1.0664824432626987,-1.0664824432626987,5136340001.066667,1.1350940470814628,1.0
regir_slotgru_nomem,adaptive,random,final@1000000,"[15, 15, 4]",0,300,qualified,1.4718917531758864,-1.4718917531758864,5023143866.453333,1.2614869051409188,1.3305175412307078
regir_slotgru_nomem,adaptive,random,final@1000000,"[15, 15, 4]",1,300,qualified,1.4945027087877383,-1.4945027087877383,5652925983.786667,1.3044675767373215,1.326326225985556
regir_slotgru_nomem,adaptive,random,final@1000000,"[15, 15, 4]",2,300,qualified,1.310959889768751,-1.310959889768751,5106613000.746667,1.1759743635342845,1.3262761691871507
regir_slotgru_nomem,adaptive,random,final@1000000,"[15, 15, 6]",0,300,qualified,1.5838301364085237,-1.5838301364085237,5070303958.4,1.2946654849377228,2.1302345207118862
regir_slotgru_nomem,adaptive,random,final@1000000,"[15, 15, 6]",1,300,qualified,1.9591868996550252,-1.9591868996550252,5691535231.786667,1.3429239585081814,2.1274547872675766
regir_slotgru_nomem,adaptive,random,final@1000000,"[15, 15, 6]",2,300,qualified,1.4476959313789317,-1.4476959313789317,5299282980.906667,1.2526693980948767,2.1264233925032445
regir_slotgru_nomem,adaptive,random,final@1000000,"[20, 20, 2]",0,300,qualified,1.0407457101381326,-1.0407457101381326,6368699540.48,1.4063420057898233,1.9337529796859374
regir_slotgru_nomem,adaptive,random,final@1000000,"[20, 20, 2]",1,300,qualified,1.2944237840582038,-1.2944237840582038,6991026300.586667,1.4868490472368043,1.9338657106395956
regir_slotgru_nomem,adaptive,random,final@1000000,"[20, 20, 2]",2,300,qualified,1.2418615218993407,-1.2418615218993407,6309358687.786667,1.3192616736718143,1.9343077215864137
regir_slotgru_nomem,adaptive,random,final@1000000,"[20, 20, 4]",0,300,qualified,1.61261348097982,-1.61261348097982,6252171750.613334,1.351817243937403,1.701850185402003
regir_slotgru_nomem,adaptive,random,final@1000000,"[20, 20, 4]",1,300,qualified,2.0167752410847055,-2.0167752410847055,6864867439.36,1.4396708148890562,1.698674492977776
regir_slotgru_nomem,adaptive,random,final@1000000,"[20, 20, 4]",2,300,qualified,1.9269296833315086,-1.9269296833315086,6224578689.706667,1.346163860928306,1.6970895201588783
regir_slotgru_nomem,adaptive,random,final@1000000,"[20, 20, 6]",0,300,qualified,1.8996805073911665,-1.8996805073911665,6223664146.133333,1.5129942440926485,2.29965073094119
regir_slotgru_nomem,adaptive,random,final@1000000,"[20, 20, 6]",1,300,qualified,2.497438928064023,-2.497438928064023,6966807826.986667,1.5315680467364534,2.298479624304612
regir_slotgru_nomem,adaptive,random,final@1000000,"[20, 20, 6]",2,300,qualified,2.1675240959873285,-2.1675240959873285,6399033744.0,1.5514435208938084,2.298206658685987
regir_slotgru_nomem,adaptive,random,final@1000000,"[25, 25, 2]",0,300,qualified,1.3162544127070763,-1.3162544127070763,7730359358.72,1.6517091668127493,3.2418993306882595
regir_slotgru_nomem,adaptive,random,final@1000000,"[25, 25, 2]",1,300,qualified,1.3761576032912266,-1.3761576032912266,8321320484.906667,1.704959605151477,3.240345443412789
regir_slotgru_nomem,adaptive,random,final@1000000,"[25, 25, 2]",2,300,qualified,1.5271354976345095,-1.5271354976345095,7580571577.6,1.5701077331152433,3.2401017025822907
regir_slotgru_nomem,adaptive,random,final@1000000,"[30, 30, 2]",0,300,qualified,1.4137140493429823,-1.4137140493429823,8812101690.24,1.8077157339108332,3.246556253372554
regir_slotgru_nomem,adaptive,random,final@1000000,"[30, 30, 2]",1,300,qualified,1.595194974582635,-1.595194974582635,9472254105.386667,1.8366518819972406,3.245831944316818
regir_slotgru_nomem,adaptive,random,final@1000000,"[30, 30, 2]",2,300,qualified,1.7187338083332067,-1.7187338083332067,8664021690.666666,1.69472105133289,3.2455447174999983
regir_slotgru_nomem,adaptive,random,final@1000000,"[30, 30, 4]",0,300,qualified,2.1430764408448666,-2.1430764408448666,8633260302.293333,1.7207058778620559,3.1124960656292306
regir_slotgru_nomem,adaptive,random,final@1000000,"[30, 30, 4]",1,300,qualified,2.6561303360348947,-2.6561303360348947,9440769234.986666,1.8422166189952986,3.1118536972085447
regir_slotgru_nomem,adaptive,random,final@1000000,"[30, 30, 4]",2,300,qualified,2.51641236861697,-2.51641236861697,8608267753.386667,1.8069261284849685,3.1104734008849704
regir_slotgru_nomem,adaptive,random,final@1000000,"[30, 30, 6]",0,300,qualified,2.537352589720048,-2.537352589720048,8642638119.466667,1.8036656358034815,3.0181586882708844
regir_slotgru_nomem,adaptive,random,final@1000000,"[30, 30, 6]",1,300,qualified,3.11715613107455,-3.11715613107455,9464880337.493334,1.8844793643643303,3.0177640351719246
regir_slotgru_nomem,adaptive,random,final@1000000,"[30, 30, 6]",2,300,qualified,3.353661913927839,-3.353661913927839,8641852231.68,1.704416343679574,3.018326969101422
regir_slotgru_nomem,adaptive,random,final@1000000,"[30, 30, 9]",0,300,qualified,2.867384780349449,-2.867384780349449,8483219783.253333,1.7230279276289124,1.957486018300163
regir_slotgru_nomem,adaptive,random,final@1000000,"[30, 30, 9]",1,300,qualified,4.414684423921192,-4.414684423921192,9315401732.053333,1.853214190164193,1.956550828905023
regir_slotgru_nomem,adaptive,random,final@1000000,"[30, 30, 9]",2,300,qualified,4.11919137596598,-4.11919137596598,8546699665.493333,1.8762386669885989,1.9574069561239356
regir_slotgru_nomem,adaptive,random,final@1000000,"[30, 30, 12]",0,300,qualified,3.4165454868217933,-3.4165454868217933,8390005579.306666,1.8158614726977733,1.8332155574507059
regir_slotgru_nomem,adaptive,random,final@1000000,"[30, 30, 12]",1,300,qualified,4.891234879967958,-4.891234879967958,9290082014.506666,1.9893073787619748,1.832511737865042
regir_slotgru_nomem,adaptive,random,final@1000000,"[30, 30, 12]",2,300,qualified,4.7997094380235685,-4.7997094380235685,8506601603.2,1.9435473558386245,1.8323823050291732
regir_slotgru_nomem,adaptive,random,final@1000000,"[40, 40, 2]",0,300,qualified,1.226562205491841,-1.226562205491841,10507602666.24,1.8128874978329987,1.5387857307348782
regir_slotgru_nomem,adaptive,random,final@1000000,"[40, 40, 2]",1,300,qualified,2.513629649425981,-2.513629649425981,11379124912.426666,1.9507178403274157,1.539003955025275
regir_slotgru_nomem,adaptive,random,final@1000000,"[40, 40, 2]",2,300,qualified,2.2409312124442304,-2.2409312124442304,10279236218.026667,1.8552356959118819,1.538165519847355
regir_slotgru_nomem,adaptive,random,final@1000000,"[50, 50, 2]",0,300,qualified,1.3776227263194862,-1.3776227263194862,12433099292.16,2.053551973304517,1.4405256683873642
regir_slotgru_nomem,adaptive,random,final@1000000,"[50, 50, 2]",1,300,qualified,3.0267065160218802,-3.0267065160218802,13287294127.573334,2.195012666488765,1.4384990398138207
regir_slotgru_nomem,adaptive,random,final@1000000,"[50, 50, 2]",2,300,qualified,2.2600032927148708,-2.2600032927148708,11960393734.4,1.9879457066136335,1.4367521565486332
regir_slotgru_nomem,calibrate,fixed1,final@1000000,"[4, 4, 2]",0,40,,0.34039656722129086,-0.34039656722129086,2418724265.6,2.3497342159971595,1.0
regir_slotgru_nomem,calibrate,fixed1,final@1000000,"[4, 4, 2]",1,40,,0.3228902035556134,-0.3228902035556134,2373464220.8,2.3676727501209824,1.0
regir_slotgru_nomem,calibrate,fixed1,final@1000000,"[4, 4, 2]",2,40,,0.1905122125343695,-0.1905122125343695,2312368110.4,2.224253176199272,1.0
regir_slotgru_nomem,calibrate,fixed1,final@1000000,"[6, 6, 2]",0,40,,0.5758887621589515,-0.5758887621589515,3051919915.2,2.339952403062489,1.0
regir_slotgru_nomem,calibrate,fixed1,final@1000000,"[6, 6, 2]",1,40,,0.3454551650308224,-0.3454551650308224,3302228974.4,2.2712007974041626,1.0
regir_slotgru_nomem,calibrate,fixed1,final@1000000,"[6, 6, 2]",2,40,,0.3968628421375539,-0.3968628421375539,2892753886.4,2.055043640395161,1.0
regir_slotgru_nomem,calibrate,fixed1,final@1000000,"[8, 8, 2]",0,40,,0.7682125548582137,-0.7682125548582137,3473921678.4,2.5022416336578317,1.0
regir_slotgru_nomem,calibrate,fixed1,final@1000000,"[8, 8, 2]",1,40,,0.3316828521247184,-0.3316828521247184,3554107977.6,2.196599535632413,1.0
regir_slotgru_nomem,calibrate,fixed1,final@1000000,"[8, 8, 2]",2,40,,0.5739735640926127,-0.5739735640926127,3506287204.8,2.7059667411609554,1.0
regir_slotgru_nomem,calibrate,fixed1,final@1000000,"[10, 10, 3]",0,40,,0.9567715604908325,-0.9567715604908325,3974187524.8,2.365549366013147,1.0
regir_slotgru_nomem,calibrate,fixed1,final@1000000,"[10, 10, 3]",1,40,,0.894001026592972,-0.894001026592972,4375617392.0,2.590150474186521,1.0
regir_slotgru_nomem,calibrate,fixed1,final@1000000,"[10, 10, 3]",2,40,,1.0364806929232118,-1.0364806929232118,3976567310.4,2.6320651575340888,1.0
regir_slotgru_nomem,calibrate,fixed2,final@1000000,"[4, 4, 2]",0,40,,0.302578609600822,-0.302578609600822,2344456452.8,2.1768274981761353,2.0
regir_slotgru_nomem,calibrate,fixed2,final@1000000,"[4, 4, 2]",1,40,,0.16959308788657293,-0.16959308788657293,2298464728.0,2.230976898933295,2.0
regir_slotgru_nomem,calibrate,fixed2,final@1000000,"[4, 4, 2]",2,40,,0.175,-0.175,2284515184.0,2.2384782452019865,2.0
regir_slotgru_nomem,calibrate,fixed2,final@1000000,"[6, 6, 2]",0,40,,0.575,-0.575,2981571667.2,2.283120752463583,2.0
regir_slotgru_nomem,calibrate,fixed2,final@1000000,"[6, 6, 2]",1,40,,0.25,-0.25,3241959201.6,2.4551237771869636,2.0
regir_slotgru_nomem,calibrate,fixed2,final@1000000,"[6, 6, 2]",2,40,,0.3398830284911485,-0.3398830284911485,2876120128.0,2.373534303717315,2.0
regir_slotgru_nomem,calibrate,fixed2,final@1000000,"[8, 8, 2]",0,40,,0.4938044023427843,-0.4938044023427843,3480337739.2,2.4585711440304294,2.0
regir_slotgru_nomem,calibrate,fixed2,final@1000000,"[8, 8, 2]",1,40,,0.30775828902793173,-0.30775828902793173,3678238536.0,2.476693920767866,2.0
regir_slotgru_nomem,calibrate,fixed2,final@1000000,"[8, 8, 2]",2,40,,0.6780715458464781,-0.6780715458464781,3560318843.2,2.726480413088575,2.0
regir_slotgru_nomem,calibrate,fixed2,final@1000000,"[10, 10, 3]",0,40,,0.8813427017327035,-0.8813427017327035,3987858526.4,2.3623870293260554,2.0
regir_slotgru_nomem,calibrate,fixed2,final@1000000,"[10, 10, 3]",1,40,,1.0432074415670913,-1.0432074415670913,4342768371.2,2.5857907489407808,2.0
regir_slotgru_nomem,calibrate,fixed2,final@1000000,"[10, 10, 3]",2,40,,0.6183716743408615,-0.6183716743408615,4007772507.2,2.634164942638017,2.0
regir_slotgru_nomem,calibrate,fixed3,final@1000000,"[4, 4, 2]",0,40,,0.29292391375317517,-0.29292391375317517,2455254497.6,2.693600157019682,3.0
regir_slotgru_nomem,calibrate,fixed3,final@1000000,"[4, 4, 2]",1,40,,0.23282403247704145,-0.23282403247704145,2351143305.6,2.266139750438742,3.0
regir_slotgru_nomem,calibrate,fixed3,final@1000000,"[4, 4, 2]",2,40,,0.26184234383401284,-0.26184234383401284,2340269089.6,2.234345184871927,3.0
regir_slotgru_nomem,calibrate,fixed3,final@1000000,"[6, 6, 2]",0,40,,0.575,-0.575,3068183644.8,2.212664022226818,3.0
regir_slotgru_nomem,calibrate,fixed3,final@1000000,"[6, 6, 2]",1,40,,0.34354828499377166,-0.34354828499377166,3175701971.2,2.365186676254962,3.0
regir_slotgru_nomem,calibrate,fixed3,final@1000000,"[6, 6, 2]",2,40,,0.41742525047847545,-0.41742525047847545,3060011288.0,2.699113332259003,3.0
regir_slotgru_nomem,calibrate,fixed3,final@1000000,"[8, 8, 2]",0,40,,0.7865398353395178,-0.7865398353395178,3514262896.0,2.4950367377023213,3.0
regir_slotgru_nomem,calibrate,fixed3,final@1000000,"[8, 8, 2]",1,40,,0.21614824779172967,-0.21614824779172967,3717873036.8,2.4925407672300937,3.0
regir_slotgru_nomem,calibrate,fixed3,final@1000000,"[8, 8, 2]",2,40,,0.4687358319649899,-0.4687358319649899,3524516876.8,2.698463497625198,3.0
regir_slotgru_nomem,calibrate,fixed3,final@1000000,"[10, 10, 3]",0,40,,0.811865236944506,-0.811865236944506,3999650344.0,2.415607257839292,3.0
regir_slotgru_nomem,calibrate,fixed3,final@1000000,"[10, 10, 3]",1,40,,0.9146013395037125,-0.9146013395037125,4283287196.8,2.5364529820973987,3.0
regir_slotgru_nomem,calibrate,fixed3,final@1000000,"[10, 10, 3]",2,40,,1.0470136060718755,-1.0470136060718755,4127302734.4,2.5628247900051067,3.0
regir_slotgru_nomem,calibrate,fixed4,final@1000000,"[4, 4, 2]",0,40,,0.47931640912332674,-0.47931640912332674,2594004772.8,2.7896607701433824,4.0
regir_slotgru_nomem,calibrate,fixed4,final@1000000,"[4, 4, 2]",1,40,,0.371898624039948,-0.371898624039948,2474114233.6,2.5469433910213413,4.0
regir_slotgru_nomem,calibrate,fixed4,final@1000000,"[4, 4, 2]",2,40,,0.36184234383401287,-0.36184234383401287,2435173747.2,2.541249228047673,4.0
regir_slotgru_nomem,calibrate,fixed4,final@1000000,"[6, 6, 2]",0,40,,0.7118675134984993,-0.7118675134984993,3195393121.6,2.591362967097666,4.0
regir_slotgru_nomem,calibrate,fixed4,final@1000000,"[6, 6, 2]",1,40,,0.5316823191123506,-0.5316823191123506,3280565505.6,2.918906357663218,4.0
regir_slotgru_nomem,calibrate,fixed4,final@1000000,"[6, 6, 2]",2,40,,0.5562517610741429,-0.5562517610741429,3130139860.8,2.807605139457155,4.0
regir_slotgru_nomem,calibrate,fixed4,final@1000000,"[8, 8, 2]",0,40,,0.6463119354441088,-0.6463119354441088,3562063153.6,2.648183880839497,4.0
regir_slotgru_nomem,calibrate,fixed4,final@1000000,"[8, 8, 2]",1,40,,0.35529206745610287,-0.35529206745610287,3787981176.0,2.5960313674644566,4.0
regir_slotgru_nomem,calibrate,fixed4,final@1000000,"[8, 8, 2]",2,40,,0.4622349277470825,-0.4622349277470825,3483490019.2,2.6526413989486173,4.0
regir_slotgru_nomem,calibrate,fixed4,final@1000000,"[10, 10, 3]",0,40,,0.6861585700869707,-0.6861585700869707,3979668316.8,2.6328937312355265,4.0
regir_slotgru_nomem,calibrate,fixed4,final@1000000,"[10, 10, 3]",1,40,,0.9451695993420317,-0.9451695993420317,4544228049.6,2.8257708894787354,4.0
regir_slotgru_nomem,calibrate,fixed4,final@1000000,"[10, 10, 3]",2,40,,0.8339048197615992,-0.8339048197615992,4074607051.2,2.7732206391519867,4.0
regir_slotgru_nomem,calibrate,tau_0.01,final@1000000,"[4, 4, 2]",0,40,,0.47931640912332674,-0.47931640912332674,2600745232.0,2.9964831527788194,3.9948028331573946
regir_slotgru_nomem,calibrate,tau_0.01,final@1000000,"[4, 4, 2]",1,40,,0.371898624039948,-0.371898624039948,2481019686.4,2.8107548525207675,4.0
regir_slotgru_nomem,calibrate,tau_0.01,final@1000000,"[4, 4, 2]",2,40,,0.36184234383401287,-0.36184234383401287,2441934304.0,2.5905609419802205,3.9988438942121896
regir_slotgru_nomem,calibrate,tau_0.01,final@1000000,"[6, 6, 2]",0,40,,0.7118675134984993,-0.7118675134984993,3205217545.6,2.9101327385520563,3.9947110432877104
regir_slotgru_nomem,calibrate,tau_0.01,final@1000000,"[6, 6, 2]",1,40,,0.5316823191123506,-0.5316823191123506,3291042080.0,3.134129722765647,3.999349249441073
regir_slotgru_nomem,calibrate,tau_0.01,final@1000000,"[6, 6, 2]",2,40,,0.5562517610741429,-0.5562517610741429,3140241270.4,3.028742374526337,3.9991129803575878
regir_slotgru_nomem,calibrate,tau_0.01,final@1000000,"[8, 8, 2]",0,40,,0.6463119354441088,-0.6463119354441088,3574753486.4,2.8153289508773014,3.9952389782418436
regir_slotgru_nomem,calibrate,tau_0.01,final@1000000,"[8, 8, 2]",1,40,,0.35529206745610287,-0.35529206745610287,3802015769.6,2.975591690768488,3.9997112760434
regir_slotgru_nomem,calibrate,tau_0.01,final@1000000,"[8, 8, 2]",2,40,,0.4622349277470825,-0.4622349277470825,3496414592.0,2.7828989279456438,3.999350227913247
regir_slotgru_nomem,calibrate,tau_0.01,final@1000000,"[10, 10, 3]",0,40,,0.6861585700869707,-0.6861585700869707,3995120036.8,3.043699307029601,3.9949067165413252
regir_slotgru_nomem,calibrate,tau_0.01,final@1000000,"[10, 10, 3]",1,40,,0.9451695993420317,-0.9451695993420317,4561431268.8,3.0444783461163754,3.9995206055454924
regir_slotgru_nomem,calibrate,tau_0.01,final@1000000,"[10, 10, 3]",2,40,,0.8339048197615992,-0.8339048197615992,4090860264.0,2.8939531585783698,3.9988071362383835
regir_slotgru_nomem,calibrate,tau_0.03,final@1000000,"[4, 4, 2]",0,40,,0.42769817395027065,-0.42769817395027065,2542268614.4,2.64316523775924,3.900378227038235
regir_slotgru_nomem,calibrate,tau_0.03,final@1000000,"[4, 4, 2]",1,40,,0.33282403247704145,-0.33282403247704145,2470891596.8,2.784106111258734,3.9653319100691227
regir_slotgru_nomem,calibrate,tau_0.03,final@1000000,"[4, 4, 2]",2,40,,0.36184234383401287,-0.36184234383401287,2431032288.0,2.903499624563847,3.954038672424842
regir_slotgru_nomem,calibrate,tau_0.03,final@1000000,"[6, 6, 2]",0,40,,0.6618675134984993,-0.6618675134984993,3144690908.8,3.1775978991994633,3.91231210033217
regir_slotgru_nomem,calibrate,tau_0.03,final@1000000,"[6, 6, 2]",1,40,,0.532308580598319,-0.532308580598319,3294172328.0,3.0906374571961353,3.958160704673494
regir_slotgru_nomem,calibrate,tau_0.03,final@1000000,"[6, 6, 2]",2,40,,0.5562517610741429,-0.5562517610741429,3145572204.8,2.973721873597242,3.9627413958525706
regir_slotgru_nomem,calibrate,tau_0.03,final@1000000,"[8, 8, 2]",0,40,,0.6463119354441088,-0.6463119354441088,3577783222.4,2.982416891294997,3.91922230760902
regir_slotgru_nomem,calibrate,tau_0.03,final@1000000,"[8, 8, 2]",1,40,,0.35529206745610287,-0.35529206745610287,3802138766.4,3.1258296002168207,3.9655426931587927
regir_slotgru_nomem,calibrate,tau_0.03,final@1000000,"[8, 8, 2]",2,40,,0.4372349277470825,-0.4372349277470825,3465034158.4,2.572764270147309,3.951886131402122
regir_slotgru_nomem,calibrate,tau_0.03,final@1000000,"[10, 10, 3]",0,40,,0.79876318510597,-0.79876318510597,4032497086.4,3.225400956487283,3.913600647747334
regir_slotgru_nomem,calibrate,tau_0.03,final@1000000,"[10, 10, 3]",1,40,,0.9015495111949328,-0.9015495111949328,4542472612.8,3.126867572683841,3.9590873854676145
regir_slotgru_nomem,calibrate,tau_0.03,final@1000000,"[10, 10, 3]",2,40,,0.8839048197615993,-0.8839048197615993,4082353129.6,2.7741430836962535,3.9575669334526644
regir_slotgru_nomem,calibrate,tau_0.1,final@1000000,"[4, 4, 2]",0,40,,0.27471236846166125,-0.27471236846166125,2451181539.2,2.567209943861235,3.039338323612297
regir_slotgru_nomem,calibrate,tau_0.1,final@1000000,"[4, 4, 2]",1,40,,0.23282403247704145,-0.23282403247704145,2400174206.4,2.7501414758735336,3.2867772874963315
regir_slotgru_nomem,calibrate,tau_0.1,final@1000000,"[4, 4, 2]",2,40,,0.28737013872324174,-0.28737013872324174,2430468289.6,2.7591054131276906,3.2935742234274166
regir_slotgru_nomem,calibrate,tau_0.1,final@1000000,"[6, 6, 2]",0,40,,0.7046652050830042,-0.7046652050830042,3152822708.8,3.027254920778796,3.103248253190278
regir_slotgru_nomem,calibrate,tau_0.1,final@1000000,"[6, 6, 2]",1,40,,0.35,-0.35,3267679992.0,3.056399578077253,3.3089686419355133
regir_slotgru_nomem,calibrate,tau_0.1,final@1000000,"[6, 6, 2]",2,40,,0.33277026317945646,-0.33277026317945646,3039643616.0,2.777506459178403,3.3099523064415814
regir_slotgru_nomem,calibrate,tau_0.1,final@1000000,"[8, 8, 2]",0,40,,0.7375786445798845,-0.7375786445798845,3437684968.0,2.977039802959189,3.126621456107191
regir_slotgru_nomem,calibrate,tau_0.1,final@1000000,"[8, 8, 2]",1,40,,0.25,-0.25,3752347684.8,3.0056233057635837,3.3533313029287655
regir_slotgru_nomem,calibrate,tau_0.1,final@1000000,"[8, 8, 2]",2,40,,0.44565386773169285,-0.44565386773169285,3556000988.8,2.8260023855953476,3.284312230388218
regir_slotgru_nomem,calibrate,tau_0.1,final@1000000,"[10, 10, 3]",0,40,,0.9834544153669932,-0.9834544153669932,3917994164.8,3.077408319618553,3.1321354695104917
regir_slotgru_nomem,calibrate,tau_0.1,final@1000000,"[10, 10, 3]",1,40,,0.5752526935907835,-0.5752526935907835,4503782366.4,3.12512352935737,3.3360486796959714
regir_slotgru_nomem,calibrate,tau_0.1,final@1000000,"[10, 10, 3]",2,40,,0.7644920008169531,-0.7644920008169531,4128605907.2,2.936022351239808,3.2912911100659223
regir_slotgru_nomem,calibrate,tau_0.3,final@1000000,"[4, 4, 2]",0,40,,0.3747123684616612,-0.3747123684616612,2427070729.6,2.362377378565725,2.2823914369249185
regir_slotgru_nomem,calibrate,tau_0.3,final@1000000,"[4, 4, 2]",1,40,,0.2,-0.2,2301266843.2,2.4579480215441434,2.405790990783731
regir_slotgru_nomem,calibrate,tau_0.3,final@1000000,"[4, 4, 2]",2,40,,0.40325390116400067,-0.40325390116400067,2351685105.6,2.514185536140576,2.37527234929285
regir_slotgru_nomem,calibrate,tau_0.3,final@1000000,"[6, 6, 2]",0,40,,0.6449392687042539,-0.6449392687042539,3238779894.4,3.0043532181880437,2.3548491280758683
regir_slotgru_nomem,calibrate,tau_0.3,final@1000000,"[6, 6, 2]",1,40,,0.275,-0.275,3268760268.8,2.77875566460425,2.4454700693197013
regir_slotgru_nomem,calibrate,tau_0.3,final@1000000,"[6, 6, 2]",2,40,,0.375,-0.375,3124829040.0,2.613287479977589,2.392055278128318
regir_slotgru_nomem,calibrate,tau_0.3,final@1000000,"[8, 8, 2]",0,40,,0.6798119116466604,-0.6798119116466604,3587001088.0,3.0366737826843746,2.321766549766254
regir_slotgru_nomem,calibrate,tau_0.3,final@1000000,"[8, 8, 2]",1,40,,0.39392095337637223,-0.39392095337637223,3746472558.4,3.034349965362344,2.4941710400473833
regir_slotgru_nomem,calibrate,tau_0.3,final@1000000,"[8, 8, 2]",2,40,,0.44147671291818147,-0.44147671291818147,3531605660.8,2.8323891108622776,2.3762911387181322
regir_slotgru_nomem,calibrate,tau_0.3,final@1000000,"[10, 10, 3]",0,40,,0.7634440158972984,-0.7634440158972984,3982107385.6,2.943857705302071,2.3367155339600707
regir_slotgru_nomem,calibrate,tau_0.3,final@1000000,"[10, 10, 3]",1,40,,1.1117426181054053,-1.1117426181054053,4265061187.2,2.872291285195388,2.475919047867605
regir_slotgru_nomem,calibrate,tau_0.3,final@1000000,"[10, 10, 3]",2,40,,0.8869925175870821,-0.8869925175870821,4058465419.2,2.9081278587924317,2.3645704192197083
regir_slotgru_nomem,calibrate,tau_1,final@1000000,"[4, 4, 2]",0,40,,0.35161823517305607,-0.35161823517305607,2472454921.6,2.370431730127893,2.1666193019428666
regir_slotgru_nomem,calibrate,tau_1,final@1000000,"[4, 4, 2]",1,40,,0.175,-0.175,2358767096.0,2.349755039124284,2.247628931673916
regir_slotgru_nomem,calibrate,tau_1,final@1000000,"[4, 4, 2]",2,40,,0.25,-0.25,2295563635.2,2.4370549046900125,2.2184307464974826
regir_slotgru_nomem,calibrate,tau_1,final@1000000,"[6, 6, 2]",0,40,,0.45463802838853257,-0.45463802838853257,2967426883.2,2.663239302975126,2.1996852545939753
regir_slotgru_nomem,calibrate,tau_1,final@1000000,"[6, 6, 2]",1,40,,0.2,-0.2,3330596758.4,2.6523393611540085,2.2413994257521197
regir_slotgru_nomem,calibrate,tau_1,final@1000000,"[6, 6, 2]",2,40,,0.3,-0.3,2945322296.0,2.5865420310525225,2.228563491530732
regir_slotgru_nomem,calibrate,tau_1,final@1000000,"[8, 8, 2]",0,40,,0.5608650537548158,-0.5608650537548158,3452828841.6,2.5932824110263026,2.1923944354736227
regir_slotgru_nomem,calibrate,tau_1,final@1000000,"[8, 8, 2]",1,40,,0.2751880671316353,-0.2751880671316353,3756238585.6,2.9177011746331116,2.266831668163433
regir_slotgru_nomem,calibrate,tau_1,final@1000000,"[8, 8, 2]",2,40,,0.5554859920937878,-0.5554859920937878,3518403144.0,2.667420739622321,2.2106177920594927
regir_slotgru_nomem,calibrate,tau_1,final@1000000,"[10, 10, 3]",0,40,,0.7346402627601768,-0.7346402627601768,3946562936.0,2.6706383225158787,2.1995472748403846
regir_slotgru_nomem,calibrate,tau_1,final@1000000,"[10, 10, 3]",1,40,,0.815387784810751,-0.815387784810751,4435467468.8,2.815527839423157,2.2616254225118877
regir_slotgru_nomem,calibrate,tau_1,final@1000000,"[10, 10, 3]",2,40,,0.7061403236629294,-0.7061403236629294,4074066129.6,2.7632454158505424,2.219479017668076
regir_slotgru_nomem,eval,fixed1,final@1000000,"[4, 4, 2]",0,300,qualified,0.3972286300975809,-0.3972286300975809,2420370017.28,0.8404991945715543,1.0
regir_slotgru_nomem,eval,fixed1,final@1000000,"[4, 4, 2]",1,300,qualified,0.3095525694246664,-0.3095525694246664,2461933620.0533333,0.8678135015695201,1.0
regir_slotgru_nomem,eval,fixed1,final@1000000,"[4, 4, 2]",2,300,qualified,0.28906127306084917,-0.28906127306084917,2355217691.9466667,0.73169978738452,1.0
regir_slotgru_nomem,eval,fixed1,final@1000000,"[5, 5, 2]",0,300,qualified,0.5238121600453816,-0.5238121600453816,2675494063.1466665,0.923369116273437,1.0
regir_slotgru_nomem,eval,fixed1,final@1000000,"[5, 5, 2]",1,300,qualified,0.3666825912640691,-0.3666825912640691,2759691837.44,0.8956363749381854,1.0
regir_slotgru_nomem,eval,fixed1,final@1000000,"[5, 5, 2]",2,300,qualified,0.3863352151362581,-0.3863352151362581,2667182983.04,0.7615093258052366,1.0
regir_slotgru_nomem,eval,fixed1,final@1000000,"[6, 6, 2]",0,300,qualified,0.5614175357774939,-0.5614175357774939,2959493725.44,0.9198207500982486,1.0
regir_slotgru_nomem,eval,fixed1,final@1000000,"[6, 6, 2]",1,300,qualified,0.43499338053948466,-0.43499338053948466,3122072731.52,1.0131349155545468,1.0
regir_slotgru_nomem,eval,fixed1,final@1000000,"[6, 6, 2]",2,300,qualified,0.5295605456125908,-0.5295605456125908,2967635176.5333333,0.8682732942067862,1.0
regir_slotgru_nomem,eval,fixed1,final@1000000,"[8, 8, 2]",0,300,qualified,0.6880225486612486,-0.6880225486612486,3538254466.346667,1.047745168810749,1.0
regir_slotgru_nomem,eval,fixed1,final@1000000,"[8, 8, 2]",1,300,qualified,0.6201110245728667,-0.6201110245728667,3744108776.7466664,1.1483934077771847,1.0
regir_slotgru_nomem,eval,fixed1,final@1000000,"[8, 8, 2]",2,300,qualified,0.5733525019398085,-0.5733525019398085,3432207013.3333335,0.968603070747146,1.0
regir_slotgru_nomem,eval,fixed1,final@1000000,"[10, 10, 2]",0,300,qualified,0.8397882083553759,-0.8397882083553759,3951941862.1866665,1.010596613914046,1.0
regir_slotgru_nomem,eval,fixed1,final@1000000,"[10, 10, 2]",1,300,qualified,0.7943014079298598,-0.7943014079298598,4342202705.493333,1.123434832537314,1.0
regir_slotgru_nomem,eval,fixed1,final@1000000,"[10, 10, 2]",2,300,qualified,0.771184575483737,-0.771184575483737,3995801794.56,0.9645057353033917,1.0
regir_slotgru_nomem,eval,fixed1,final@1000000,"[10, 10, 3]",0,300,qualified,1.0646832368630956,-1.0646832368630956,3868050069.9733334,1.052279092616518,1.0
regir_slotgru_nomem,eval,fixed1,final@1000000,"[10, 10, 3]",1,300,qualified,0.9835094498195796,-0.9835094498195796,4291425647.5733333,1.1984317668500202,1.0
regir_slotgru_nomem,eval,fixed1,final@1000000,"[10, 10, 3]",2,300,qualified,0.9402368642939886,-0.9402368642939886,3972545358.2933335,0.9887136905194105,1.0
regir_slotgru_nomem,eval,fixed1,final@1000000,"[10, 10, 4]",0,300,qualified,1.116301525864475,-1.116301525864475,3901713734.1866665,1.0278765546128852,1.0
regir_slotgru_nomem,eval,fixed1,final@1000000,"[10, 10, 4]",1,300,qualified,0.9843762751944298,-0.9843762751944298,4279474264.7466664,1.121850813626079,1.0
regir_slotgru_nomem,eval,fixed1,final@1000000,"[10, 10, 4]",2,300,qualified,0.9758151237681312,-0.9758151237681312,3940252509.866667,0.9757271706495279,1.0
regir_slotgru_nomem,eval,fixed1,final@1000000,"[10, 10, 6]",0,300,qualified,1.3917216708975424,-1.3917216708975424,3875937795.2,1.056687917302285,1.0
regir_slotgru_nomem,eval,fixed1,final@1000000,"[10, 10, 6]",1,300,qualified,1.2673266377454198,-1.2673266377454198,4285205870.9333334,1.0807236267418678,1.0
regir_slotgru_nomem,eval,fixed1,final@1000000,"[10, 10, 6]",2,300,qualified,1.182257754205774,-1.182257754205774,4002677634.346667,1.005689293226072,1.0
regir_slotgru_nomem,eval,fixed1,final@1000000,"[10, 10, 9]",0,300,qualified,1.7528383639215286,-1.7528383639215286,3821769956.9066668,1.0824714135264124,1.0
regir_slotgru_nomem,eval,fixed1,final@1000000,"[10, 10, 9]",1,300,qualified,1.638773427617998,-1.638773427617998,4213231346.133333,1.0979661236612204,1.0
regir_slotgru_nomem,eval,fixed1,final@1000000,"[10, 10, 9]",2,300,qualified,1.37875548729549,-1.37875548729549,3967851243.52,0.9932064318930497,1.0
regir_slotgru_nomem,eval,fixed1,final@1000000,"[10, 10, 12]",0,300,qualified,2.130285374352873,-2.130285374352873,3847284704.8533335,1.0257571146485862,1.0
regir_slotgru_nomem,eval,fixed1,final@1000000,"[10, 10, 12]",1,300,qualified,2.204741783985378,-2.204741783985378,4216317477.3333335,1.103506002361731,1.0
regir_slotgru_nomem,eval,fixed1,final@1000000,"[10, 10, 12]",2,300,qualified,1.808070927578951,-1.808070927578951,4040520394.0266666,0.9644729427659574,1.0
regir_slotgru_nomem,eval,fixed1,final@1000000,"[15, 15, 2]",0,300,qualified,0.8929945522325626,-0.8929945522325626,5090618410.453333,1.1340727083092013,1.0
regir_slotgru_nomem,eval,fixed1,final@1000000,"[15, 15, 2]",1,300,qualified,1.1798983205331643,-1.1798983205331643,5656748765.226666,1.1446393483735544,1.0
regir_slotgru_nomem,eval,fixed1,final@1000000,"[15, 15, 2]",2,300,qualified,1.0664824432626987,-1.0664824432626987,5136340001.066667,1.0797918823268264,1.0
regir_slotgru_nomem,eval,fixed1,final@1000000,"[15, 15, 4]",0,300,qualified,1.5570486169225624,-1.5570486169225624,5003538146.986667,1.1357047778482472,1.0
regir_slotgru_nomem,eval,fixed1,final@1000000,"[15, 15, 4]",1,300,qualified,1.694539817098029,-1.694539817098029,5627199233.493333,1.3328560255918032,1.0
regir_slotgru_nomem,eval,fixed1,final@1000000,"[15, 15, 4]",2,300,qualified,1.4870404488377427,-1.4870404488377427,5076473089.28,1.0729179081691351,1.0
regir_slotgru_nomem,eval,fixed1,final@1000000,"[15, 15, 6]",0,300,qualified,1.7559730109140537,-1.7559730109140537,5028862401.92,1.181231268971654,1.0
regir_slotgru_nomem,eval,fixed1,final@1000000,"[15, 15, 6]",1,300,qualified,2.3327482119081444,-2.3327482119081444,5674005727.36,1.1911956106285408,1.0
regir_slotgru_nomem,eval,fixed1,final@1000000,"[15, 15, 6]",2,300,qualified,1.6238915538528509,-1.6238915538528509,5045503446.1866665,1.1576803941170994,1.0
regir_slotgru_nomem,eval,fixed1,final@1000000,"[20, 20, 2]",0,300,qualified,1.0041906878824773,-1.0041906878824773,6258401559.466666,1.3038999369253481,1.0
regir_slotgru_nomem,eval,fixed1,final@1000000,"[20, 20, 2]",1,300,qualified,1.5088243143057967,-1.5088243143057967,6902703961.386666,1.3109121811857525,1.0
regir_slotgru_nomem,eval,fixed1,final@1000000,"[20, 20, 2]",2,300,qualified,1.3896902499017807,-1.3896902499017807,6182604402.346666,1.0809829531864186,1.0
regir_slotgru_nomem,eval,fixed1,final@1000000,"[20, 20, 4]",0,300,qualified,1.799886043364519,-1.799886043364519,6145795174.1866665,1.2709427910593027,1.0
regir_slotgru_nomem,eval,fixed1,final@1000000,"[20, 20, 4]",1,300,qualified,2.4500021510682095,-2.4500021510682095,6876939293.866667,1.3158151832576066,1.0
regir_slotgru_nomem,eval,fixed1,final@1000000,"[20, 20, 4]",2,300,qualified,1.9168523064528695,-1.9168523064528695,6123776615.893333,1.1405850010731955,1.0
regir_slotgru_nomem,eval,fixed1,final@1000000,"[20, 20, 6]",0,300,qualified,2.260063012977807,-2.260063012977807,6125614834.346666,1.2809391054338388,1.0
regir_slotgru_nomem,eval,fixed1,final@1000000,"[20, 20, 6]",1,300,qualified,2.9333997947370993,-2.9333997947370993,6991331192.96,1.3255715112141722,1.0
regir_slotgru_nomem,eval,fixed1,final@1000000,"[20, 20, 6]",2,300,qualified,2.242612903637226,-2.242612903637226,6099475216.853333,1.244074332708066,1.0
regir_slotgru_nomem,eval,fixed1,final@1000000,"[25, 25, 2]",0,300,qualified,1.1440833766469665,-1.1440833766469665,7315743342.72,1.377030825514424,1.0
regir_slotgru_nomem,eval,fixed1,final@1000000,"[25, 25, 2]",1,300,qualified,1.876696640839804,-1.876696640839804,8126377428.266666,1.4047027762785242,1.0
regir_slotgru_nomem,eval,fixed1,final@1000000,"[25, 25, 2]",2,300,qualified,1.4980728673718873,-1.4980728673718873,7234105568.64,1.2541549844052255,1.0
regir_slotgru_nomem,eval,fixed1,final@1000000,"[30, 30, 2]",0,300,qualified,1.335004259025975,-1.335004259025975,8323564830.08,1.4898757794305373,1.0
regir_slotgru_nomem,eval,fixed1,final@1000000,"[30, 30, 2]",1,300,qualified,2.2521940880498734,-2.2521940880498734,9227768002.986666,1.5575840425124625,1.0
regir_slotgru_nomem,eval,fixed1,final@1000000,"[30, 30, 2]",2,300,qualified,1.7332235920383297,-1.7332235920383297,8146457799.04,1.4625446252371572,1.0
regir_slotgru_nomem,eval,fixed1,final@1000000,"[30, 30, 4]",0,300,qualified,1.8876253301786445,-1.8876253301786445,8268091337.6,1.5006795151989596,1.0
regir_slotgru_nomem,eval,fixed1,final@1000000,"[30, 30, 4]",1,300,qualified,3.731939568539759,-3.731939568539759,9101217074.133333,1.5707629524669997,1.0
regir_slotgru_nomem,eval,fixed1,final@1000000,"[30, 30, 4]",2,300,qualified,2.6483934267554705,-2.6483934267554705,8070199262.933333,1.4390966813202248,1.0
regir_slotgru_nomem,eval,fixed1,final@1000000,"[30, 30, 6]",0,300,qualified,2.445261184713681,-2.445261184713681,8260855670.613334,1.4945904098730534,1.0
regir_slotgru_nomem,eval,fixed1,final@1000000,"[30, 30, 6]",1,300,qualified,4.361031572314348,-4.361031572314348,9257991296.426666,1.487047975997557,1.0
regir_slotgru_nomem,eval,fixed1,final@1000000,"[30, 30, 6]",2,300,qualified,2.9668308014255627,-2.9668308014255627,8073791654.1866665,1.2828116181190126,1.0
regir_slotgru_nomem,eval,fixed1,final@1000000,"[30, 30, 9]",0,300,qualified,2.9566492168047516,-2.9566492168047516,8305991396.48,1.607699256411094,1.0
regir_slotgru_nomem,eval,fixed1,final@1000000,"[30, 30, 9]",1,300,qualified,5.023490822891161,-5.023490822891161,9231286332.16,1.74550904486503,1.0
regir_slotgru_nomem,eval,fixed1,final@1000000,"[30, 30, 9]",2,300,qualified,3.843022723953765,-3.843022723953765,8146938690.56,1.4204200540378225,1.0
regir_slotgru_nomem,eval,fixed1,final@1000000,"[30, 30, 12]",0,300,qualified,4.279975867356258,-4.279975867356258,8331979628.16,1.7841234504355816,1.0
regir_slotgru_nomem,eval,fixed1,final@1000000,"[30, 30, 12]",1,300,qualified,5.7839648426229475,-5.7839648426229475,9244780729.386667,1.8854247486903721,1.0
regir_slotgru_nomem,eval,fixed1,final@1000000,"[30, 30, 12]",2,300,qualified,4.5880257676268075,-4.5880257676268075,8219127879.04,1.6441075245139656,1.0
regir_slotgru_nomem,eval,fixed1,final@1000000,"[40, 40, 2]",0,300,qualified,1.3046643809832552,-1.3046643809832552,10332192542.72,1.690234547726771,1.0
regir_slotgru_nomem,eval,fixed1,final@1000000,"[40, 40, 2]",1,300,qualified,2.9631603288669153,-2.9631603288669153,11189881657.6,1.836404413935573,1.0
regir_slotgru_nomem,eval,fixed1,final@1000000,"[40, 40, 2]",2,300,qualified,2.1414098576894895,-2.1414098576894895,10016886958.506666,1.610210934902619,1.0
regir_slotgru_nomem,eval,fixed1,final@1000000,"[50, 50, 2]",0,300,qualified,1.311507710436118,-1.311507710436118,12152491563.306667,1.9020913909348505,1.0
regir_slotgru_nomem,eval,fixed1,final@1000000,"[50, 50, 2]",1,300,qualified,3.4975812683367518,-3.4975812683367518,13166449684.693333,1.9963668210670584,1.0
regir_slotgru_nomem,eval,fixed1,final@1000000,"[50, 50, 2]",2,300,qualified,2.247006146971174,-2.247006146971174,11664920142.72,1.6550178608346808,1.0
regir_slotgru_nomem,eval,fixed2,final@1000000,"[4, 4, 2]",0,300,qualified,0.3936053899017374,-0.3936053899017374,2404673765.76,0.9226759774406673,2.0
regir_slotgru_nomem,eval,fixed2,final@1000000,"[4, 4, 2]",1,300,qualified,0.2403345778324958,-0.2403345778324958,2467779487.786667,0.9237098503262192,2.0
regir_slotgru_nomem,eval,fixed2,final@1000000,"[4, 4, 2]",2,300,qualified,0.2612068883930029,-0.2612068883930029,2371173829.5466666,0.7914776238946555,2.0
regir_slotgru_nomem,eval,fixed2,final@1000000,"[5, 5, 2]",0,300,qualified,0.4659776199720325,-0.4659776199720325,2694207077.3333335,0.9536761231256726,2.0
regir_slotgru_nomem,eval,fixed2,final@1000000,"[5, 5, 2]",1,300,qualified,0.329701208728686,-0.329701208728686,2770562170.88,0.9794754867985224,2.0
regir_slotgru_nomem,eval,fixed2,final@1000000,"[5, 5, 2]",2,300,qualified,0.3767319082827733,-0.3767319082827733,2674517114.4533334,0.7965871027179916,2.0
regir_slotgru_nomem,eval,fixed2,final@1000000,"[6, 6, 2]",0,300,qualified,0.5849120494209816,-0.5849120494209816,3008117596.5866666,1.0474665105498084,2.0
regir_slotgru_nomem,eval,fixed2,final@1000000,"[6, 6, 2]",1,300,qualified,0.33403838967340893,-0.33403838967340893,3103501847.04,1.046897968929843,2.0
regir_slotgru_nomem,eval,fixed2,final@1000000,"[6, 6, 2]",2,300,qualified,0.40878279724613176,-0.40878279724613176,2967745373.2266665,0.9001754973514471,2.0
regir_slotgru_nomem,eval,fixed2,final@1000000,"[8, 8, 2]",0,300,qualified,0.6844361915593149,-0.6844361915593149,3540988011.306667,1.1266184321088561,2.0
regir_slotgru_nomem,eval,fixed2,final@1000000,"[8, 8, 2]",1,300,qualified,0.5481521888648686,-0.5481521888648686,3728549381.76,1.1478429505075716,2.0
regir_slotgru_nomem,eval,fixed2,final@1000000,"[8, 8, 2]",2,300,qualified,0.526988195707127,-0.526988195707127,3520477858.9866667,1.029586129061257,2.0
regir_slotgru_nomem,eval,fixed2,final@1000000,"[10, 10, 2]",0,300,qualified,0.8060045409868162,-0.8060045409868162,4014681543.04,1.1221482319796148,2.0
regir_slotgru_nomem,eval,fixed2,final@1000000,"[10, 10, 2]",1,300,qualified,0.6801715603915913,-0.6801715603915913,4295756987.946667,1.138152979159883,2.0
regir_slotgru_nomem,eval,fixed2,final@1000000,"[10, 10, 2]",2,300,qualified,0.677831073524293,-0.677831073524293,4053136902.826667,1.0862869581921648,2.0
regir_slotgru_nomem,eval,fixed2,final@1000000,"[10, 10, 3]",0,300,qualified,0.9918562031249162,-0.9918562031249162,3914406309.3333335,1.0461222239164636,2.0
regir_slotgru_nomem,eval,fixed2,final@1000000,"[10, 10, 3]",1,300,qualified,0.811633870779423,-0.811633870779423,4274855568.8533335,1.2160962076838284,2.0
regir_slotgru_nomem,eval,fixed2,final@1000000,"[10, 10, 3]",2,300,qualified,0.8664763815759824,-0.8664763815759824,4029864040.5333333,1.0647220871842,2.0
regir_slotgru_nomem,eval,fixed2,final@1000000,"[10, 10, 4]",0,300,qualified,1.1260827001998386,-1.1260827001998386,3928637819.306667,1.1064594743026344,2.0
regir_slotgru_nomem,eval,fixed2,final@1000000,"[10, 10, 4]",1,300,qualified,0.9767431566919231,-0.9767431566919231,4309369481.386666,1.2303107674060934,2.0
regir_slotgru_nomem,eval,fixed2,final@1000000,"[10, 10, 4]",2,300,qualified,0.9026156129961088,-0.9026156129961088,4039124875.52,0.9895190674809662,2.0
regir_slotgru_nomem,eval,fixed2,final@1000000,"[10, 10, 6]",0,300,qualified,1.274932311287809,-1.274932311287809,3866444664.32,1.0822731243892727,2.0
regir_slotgru_nomem,eval,fixed2,final@1000000,"[10, 10, 6]",1,300,qualified,1.1798156387228624,-1.1798156387228624,4301728033.493333,1.1251741195468155,2.0
regir_slotgru_nomem,eval,fixed2,final@1000000,"[10, 10, 6]",2,300,qualified,1.0627871915640934,-1.0627871915640934,4083230388.9066668,1.0893484710653623,2.0
regir_slotgru_nomem,eval,fixed2,final@1000000,"[10, 10, 9]",0,300,qualified,1.5888496381485837,-1.5888496381485837,3879728763.306667,1.09557915635601,2.0
regir_slotgru_nomem,eval,fixed2,final@1000000,"[10, 10, 9]",1,300,qualified,1.4869458483550355,-1.4869458483550355,4238641100.5866666,1.2009433241580458,2.0
regir_slotgru_nomem,eval,fixed2,final@1000000,"[10, 10, 9]",2,300,qualified,1.349820594485679,-1.349820594485679,4088873195.306667,1.072764371612963,2.0
regir_slotgru_nomem,eval,fixed2,final@1000000,"[10, 10, 12]",0,300,qualified,1.8073108754563167,-1.8073108754563167,3856020875.0933332,1.1246307134216962,2.0
regir_slotgru_nomem,eval,fixed2,final@1000000,"[10, 10, 12]",1,300,qualified,1.8962415574695697,-1.8962415574695697,4236525590.826667,1.1575803913139195,2.0
regir_slotgru_nomem,eval,fixed2,final@1000000,"[10, 10, 12]",2,300,qualified,1.9804246315144542,-1.9804246315144542,4162319127.68,0.9986775886197574,2.0
regir_slotgru_nomem,eval,fixed2,final@1000000,"[15, 15, 2]",0,300,qualified,0.907843679275931,-0.907843679275931,5223316915.413333,1.2650725599665504,2.0
regir_slotgru_nomem,eval,fixed2,final@1000000,"[15, 15, 2]",1,300,qualified,0.9249214686324237,-0.9249214686324237,5699793824.853333,1.2407713998427303,2.0
regir_slotgru_nomem,eval,fixed2,final@1000000,"[15, 15, 2]",2,300,qualified,0.864243209135139,-0.864243209135139,5283766196.053333,1.1293164985223363,2.0
regir_slotgru_nomem,eval,fixed2,final@1000000,"[15, 15, 4]",0,300,qualified,1.51961733839928,-1.51961733839928,5128662122.453333,1.2545765019706838,2.0
regir_slotgru_nomem,eval,fixed2,final@1000000,"[15, 15, 4]",1,300,qualified,1.3686401599202407,-1.3686401599202407,5665296654.08,1.3373480955092236,2.0
regir_slotgru_nomem,eval,fixed2,final@1000000,"[15, 15, 4]",2,300,qualified,1.0940396130600392,-1.0940396130600392,5251194842.88,1.1426821677633172,2.0
regir_slotgru_nomem,eval,fixed2,final@1000000,"[15, 15, 6]",0,300,qualified,1.556105450275217,-1.556105450275217,5061789393.92,1.274824415591429,2.0
regir_slotgru_nomem,eval,fixed2,final@1000000,"[15, 15, 6]",1,300,qualified,1.792794996450008,-1.792794996450008,5659642729.8133335,1.2997194099930736,2.0
regir_slotgru_nomem,eval,fixed2,final@1000000,"[15, 15, 6]",2,300,qualified,1.5039826029784555,-1.5039826029784555,5302737625.173333,1.2378086843392035,2.0
regir_slotgru_nomem,eval,fixed2,final@1000000,"[20, 20, 2]",0,300,qualified,0.9423897766445637,-0.9423897766445637,6353369273.8133335,1.3316431251049896,2.0
regir_slotgru_nomem,eval,fixed2,final@1000000,"[20, 20, 2]",1,300,qualified,1.2602748918978897,-1.2602748918978897,7013995479.68,1.417264535688446,2.0
regir_slotgru_nomem,eval,fixed2,final@1000000,"[20, 20, 2]",2,300,qualified,1.1779450703752365,-1.1779450703752365,6333995900.586667,1.155812527500287,2.0
regir_slotgru_nomem,eval,fixed2,final@1000000,"[20, 20, 4]",0,300,qualified,1.6868672642021032,-1.6868672642021032,6310057697.066667,1.347082019270165,2.0
regir_slotgru_nomem,eval,fixed2,final@1000000,"[20, 20, 4]",1,300,qualified,1.923418345307106,-1.923418345307106,6896477038.08,1.3794675309179971,2.0
regir_slotgru_nomem,eval,fixed2,final@1000000,"[20, 20, 4]",2,300,qualified,1.746569476342962,-1.746569476342962,6305010699.306666,1.2141390872513875,2.0
regir_slotgru_nomem,eval,fixed2,final@1000000,"[20, 20, 6]",0,300,qualified,2.019591609471736,-2.019591609471736,6164179251.626667,1.3121449423922846,2.0
regir_slotgru_nomem,eval,fixed2,final@1000000,"[20, 20, 6]",1,300,qualified,2.468742128410638,-2.468742128410638,6941611986.773334,1.370185878511596,2.0
regir_slotgru_nomem,eval,fixed2,final@1000000,"[20, 20, 6]",2,300,qualified,2.2021009971306755,-2.2021009971306755,6370750626.986667,1.3060684651557433,2.0
regir_slotgru_nomem,eval,fixed2,final@1000000,"[25, 25, 2]",0,300,qualified,1.293395127777768,-1.293395127777768,7572118791.253333,1.4360368240708097,2.0
regir_slotgru_nomem,eval,fixed2,final@1000000,"[25, 25, 2]",1,300,qualified,1.4972190492159543,-1.4972190492159543,8176677968.853333,1.4944431842219394,2.0
regir_slotgru_nomem,eval,fixed2,final@1000000,"[25, 25, 2]",2,300,qualified,1.507832274552443,-1.507832274552443,7476713820.8,1.3215598972772327,2.0
regir_slotgru_nomem,eval,fixed2,final@1000000,"[30, 30, 2]",0,300,qualified,1.4524399552085525,-1.4524399552085525,8645572986.026667,1.532781419827758,2.0
regir_slotgru_nomem,eval,fixed2,final@1000000,"[30, 30, 2]",1,300,qualified,1.8362440923205903,-1.8362440923205903,9368308119.893333,1.6781828088810047,2.0
regir_slotgru_nomem,eval,fixed2,final@1000000,"[30, 30, 2]",2,300,qualified,1.7987429079358281,-1.7987429079358281,8479626061.013333,1.5248910688009345,2.0
regir_slotgru_nomem,eval,fixed2,final@1000000,"[30, 30, 4]",0,300,qualified,2.1240538167157004,-2.1240538167157004,8473856564.693334,1.6131743390803845,2.0
regir_slotgru_nomem,eval,fixed2,final@1000000,"[30, 30, 4]",1,300,qualified,3.243232544932284,-3.243232544932284,9251063597.44,1.6411435015870182,2.0
regir_slotgru_nomem,eval,fixed2,final@1000000,"[30, 30, 4]",2,300,qualified,2.488649530926465,-2.488649530926465,8484479116.586667,1.5260589783731848,2.0
regir_slotgru_nomem,eval,fixed2,final@1000000,"[30, 30, 6]",0,300,qualified,2.3389315035261333,-2.3389315035261333,8451597639.893333,1.5775482005924764,2.0
regir_slotgru_nomem,eval,fixed2,final@1000000,"[30, 30, 6]",1,300,qualified,3.735647797016901,-3.735647797016901,9367895343.146667,1.5992628167986793,2.0
regir_slotgru_nomem,eval,fixed2,final@1000000,"[30, 30, 6]",2,300,qualified,3.178136911685476,-3.178136911685476,8467091867.733334,1.3654309104765223,2.0
regir_slotgru_nomem,eval,fixed2,final@1000000,"[30, 30, 9]",0,300,qualified,2.5774013128898714,-2.5774013128898714,8434117132.373333,1.683670242704878,2.0
regir_slotgru_nomem,eval,fixed2,final@1000000,"[30, 30, 9]",1,300,qualified,4.485654823122649,-4.485654823122649,9270286308.266666,1.8673740145360354,2.0
regir_slotgru_nomem,eval,fixed2,final@1000000,"[30, 30, 9]",2,300,qualified,3.97406924415498,-3.97406924415498,8593465792.426666,1.516967300803129,2.0
regir_slotgru_nomem,eval,fixed2,final@1000000,"[30, 30, 12]",0,300,qualified,3.4978238304559692,-3.4978238304559692,8432456279.893333,1.8305523209116654,2.0
regir_slotgru_nomem,eval,fixed2,final@1000000,"[30, 30, 12]",1,300,qualified,4.968894320304908,-4.968894320304908,9305974422.826666,1.9081407197384397,2.0
regir_slotgru_nomem,eval,fixed2,final@1000000,"[30, 30, 12]",2,300,qualified,4.908080284419665,-4.908080284419665,8688438587.733334,1.71309651960677,2.0
regir_slotgru_nomem,eval,fixed2,final@1000000,"[40, 40, 2]",0,300,qualified,1.5884528872419628,-1.5884528872419628,10766918407.466667,1.814278966797477,2.0
regir_slotgru_nomem,eval,fixed2,final@1000000,"[40, 40, 2]",1,300,qualified,2.4733523714063965,-2.4733523714063965,11485989343.36,1.9574850558396428,2.0
regir_slotgru_nomem,eval,fixed2,final@1000000,"[40, 40, 2]",2,300,qualified,2.204536003741462,-2.204536003741462,10443348386.986666,1.7464068478741683,2.0
regir_slotgru_nomem,eval,fixed2,final@1000000,"[50, 50, 2]",0,300,qualified,1.8460880391541385,-1.8460880391541385,12797514991.146667,2.0594177974648,2.0
regir_slotgru_nomem,eval,fixed2,final@1000000,"[50, 50, 2]",1,300,qualified,3.180928815704609,-3.180928815704609,13420350569.173334,2.0953077347710494,2.0
regir_slotgru_nomem,eval,fixed2,final@1000000,"[50, 50, 2]",2,300,qualified,2.4319594792391217,-2.4319594792391217,12345665701.973333,1.7554840842539368,2.0
regir_slotgru_nomem,eval,fixed3,final@1000000,"[4, 4, 2]",0,300,qualified,0.43124288248469944,-0.43124288248469944,2463238551.2533336,0.9864596855603547,3.0
regir_slotgru_nomem,eval,fixed3,final@1000000,"[4, 4, 2]",1,300,qualified,0.2430830051913138,-0.2430830051913138,2457414166.613333,0.9711674806347582,3.0
regir_slotgru_nomem,eval,fixed3,final@1000000,"[4, 4, 2]",2,300,qualified,0.28857450110443333,-0.28857450110443333,2401211823.5733333,0.8571595732173106,3.0
regir_slotgru_nomem,eval,fixed3,final@1000000,"[5, 5, 2]",0,300,qualified,0.46766426183081744,-0.46766426183081744,2784724094.5066667,1.06499816891097,3.0
regir_slotgru_nomem,eval,fixed3,final@1000000,"[5, 5, 2]",1,300,qualified,0.3014954914918875,-0.3014954914918875,2788805444.266667,1.0149066576961194,3.0
regir_slotgru_nomem,eval,fixed3,final@1000000,"[5, 5, 2]",2,300,qualified,0.35569983706412234,-0.35569983706412234,2690856545.4933333,0.8353187081803722,3.0
regir_slotgru_nomem,eval,fixed3,final@1000000,"[6, 6, 2]",0,300,qualified,0.5642333007125943,-0.5642333007125943,2999233163.52,1.0979593597129376,3.0
regir_slotgru_nomem,eval,fixed3,final@1000000,"[6, 6, 2]",1,300,qualified,0.33941893014397373,-0.33941893014397373,3167173000.96,1.1333671383167772,3.0
regir_slotgru_nomem,eval,fixed3,final@1000000,"[6, 6, 2]",2,300,qualified,0.42437206113390546,-0.42437206113390546,2975982857.6,0.9622832738423798,3.0
regir_slotgru_nomem,eval,fixed3,final@1000000,"[8, 8, 2]",0,300,qualified,0.7725630900869734,-0.7725630900869734,3606243812.0533333,1.129981063331361,3.0
regir_slotgru_nomem,eval,fixed3,final@1000000,"[8, 8, 2]",1,300,qualified,0.5072638257854637,-0.5072638257854637,3801713577.173333,1.2011875441738327,3.0
regir_slotgru_nomem,eval,fixed3,final@1000000,"[8, 8, 2]",2,300,qualified,0.4969004101199421,-0.4969004101199421,3561912513.28,1.0986630637249133,3.0
regir_slotgru_nomem,eval,fixed3,final@1000000,"[10, 10, 2]",0,300,qualified,0.8146451437279071,-0.8146451437279071,4030897412.0533333,1.1641627309151226,3.0
regir_slotgru_nomem,eval,fixed3,final@1000000,"[10, 10, 2]",1,300,qualified,0.6956179700790399,-0.6956179700790399,4375803124.693334,1.2371283611044055,3.0
regir_slotgru_nomem,eval,fixed3,final@1000000,"[10, 10, 2]",2,300,qualified,0.7879530844199428,-0.7879530844199428,4134781771.0933332,1.1649684443757482,3.0
regir_slotgru_nomem,eval,fixed3,final@1000000,"[10, 10, 3]",0,300,qualified,1.0370345686699134,-1.0370345686699134,3952071191.2533336,1.13528412180002,3.0
regir_slotgru_nomem,eval,fixed3,final@1000000,"[10, 10, 3]",1,300,qualified,0.8893230956114001,-0.8893230956114001,4325528230.613334,1.2708399936040708,3.0
regir_slotgru_nomem,eval,fixed3,final@1000000,"[10, 10, 3]",2,300,qualified,0.7822786693296029,-0.7822786693296029,4064239276.5866666,1.0823050191798635,3.0
regir_slotgru_nomem,eval,fixed3,final@1000000,"[10, 10, 4]",0,300,qualified,1.0448504985825502,-1.0448504985825502,3963562730.4533334,1.2419231229388,3.0
regir_slotgru_nomem,eval,fixed3,final@1000000,"[10, 10, 4]",1,300,qualified,1.0391618853060358,-1.0391618853060358,4385681466.88,1.3361693446739809,3.0
regir_slotgru_nomem,eval,fixed3,final@1000000,"[10, 10, 4]",2,300,qualified,0.8676878571924443,-0.8676878571924443,4063559698.9866667,1.0099148001143476,3.0
regir_slotgru_nomem,eval,fixed3,final@1000000,"[10, 10, 6]",0,300,qualified,1.2854102947354842,-1.2854102947354842,3925001434.0266666,1.2238620074735567,3.0
regir_slotgru_nomem,eval,fixed3,final@1000000,"[10, 10, 6]",1,300,qualified,1.140518015177597,-1.140518015177597,4282541637.5466666,1.1895157032929515,3.0
regir_slotgru_nomem,eval,fixed3,final@1000000,"[10, 10, 6]",2,300,qualified,1.1556008034954925,-1.1556008034954925,4137870992.0,1.1138289660031053,3.0
regir_slotgru_nomem,eval,fixed3,final@1000000,"[10, 10, 9]",0,300,qualified,1.6401799308588672,-1.6401799308588672,3887670347.52,1.1540373686813594,3.0
regir_slotgru_nomem,eval,fixed3,final@1000000,"[10, 10, 9]",1,300,qualified,1.3601661604883237,-1.3601661604883237,4219426309.5466666,1.1790757570472004,3.0
regir_slotgru_nomem,eval,fixed3,final@1000000,"[10, 10, 9]",2,300,qualified,1.2088953639620728,-1.2088953639620728,4078731607.4666667,1.038894722026695,3.0
regir_slotgru_nomem,eval,fixed3,final@1000000,"[10, 10, 12]",0,300,qualified,1.9610204544294971,-1.9610204544294971,3910736000.213333,1.1572198326315266,3.0
regir_slotgru_nomem,eval,fixed3,final@1000000,"[10, 10, 12]",1,300,qualified,1.9190981499977877,-1.9190981499977877,4260395738.0266666,1.2325603142262358,3.0
regir_slotgru_nomem,eval,fixed3,final@1000000,"[10, 10, 12]",2,300,qualified,1.7160527245689292,-1.7160527245689292,4167540684.16,1.0620237406038602,3.0
regir_slotgru_nomem,eval,fixed3,final@1000000,"[15, 15, 2]",0,300,qualified,0.9967514381041443,-0.9967514381041443,5236210405.973333,1.2331334438642565,3.0
regir_slotgru_nomem,eval,fixed3,final@1000000,"[15, 15, 2]",1,300,qualified,0.8082579340339628,-0.8082579340339628,5691278192.426666,1.2733326894398003,3.0
regir_slotgru_nomem,eval,fixed3,final@1000000,"[15, 15, 2]",2,300,qualified,0.8658005906614095,-0.8658005906614095,5335792620.586667,1.217918734192111,3.0
regir_slotgru_nomem,eval,fixed3,final@1000000,"[15, 15, 4]",0,300,qualified,1.479431799479685,-1.479431799479685,5224622457.173333,1.3079035776356855,3.0
regir_slotgru_nomem,eval,fixed3,final@1000000,"[15, 15, 4]",1,300,qualified,1.420389974844809,-1.420389974844809,5752224392.96,1.4396899767264646,3.0
regir_slotgru_nomem,eval,fixed3,final@1000000,"[15, 15, 4]",2,300,qualified,1.3367641621931659,-1.3367641621931659,5307818885.333333,1.1865998664086994,3.0
regir_slotgru_nomem,eval,fixed3,final@1000000,"[15, 15, 6]",0,300,qualified,1.7487699301623552,-1.7487699301623552,5140060250.026667,1.278238771878144,3.0
regir_slotgru_nomem,eval,fixed3,final@1000000,"[15, 15, 6]",1,300,qualified,1.7867214563145692,-1.7867214563145692,5684759502.293333,1.3380585452105151,3.0
regir_slotgru_nomem,eval,fixed3,final@1000000,"[15, 15, 6]",2,300,qualified,1.5143686363031472,-1.5143686363031472,5305636386.56,1.2766805573129871,3.0
regir_slotgru_nomem,eval,fixed3,final@1000000,"[20, 20, 2]",0,300,qualified,1.0915878823189653,-1.0915878823189653,6530024176.213333,1.4690681453613796,3.0
regir_slotgru_nomem,eval,fixed3,final@1000000,"[20, 20, 2]",1,300,qualified,1.3005994194668857,-1.3005994194668857,7061086517.333333,1.469007683772555,3.0
regir_slotgru_nomem,eval,fixed3,final@1000000,"[20, 20, 2]",2,300,qualified,1.2280648022802942,-1.2280648022802942,6459582125.653334,1.2084724194760201,3.0
regir_slotgru_nomem,eval,fixed3,final@1000000,"[20, 20, 4]",0,300,qualified,1.8680113674950602,-1.8680113674950602,6374848822.1866665,1.3795082623693937,3.0
regir_slotgru_nomem,eval,fixed3,final@1000000,"[20, 20, 4]",1,300,qualified,1.7296255223067836,-1.7296255223067836,7041190441.6,1.4765943102585153,3.0
regir_slotgru_nomem,eval,fixed3,final@1000000,"[20, 20, 4]",2,300,qualified,1.7476828596639522,-1.7476828596639522,6395021369.6,1.2716616251362332,3.0
regir_slotgru_nomem,eval,fixed3,final@1000000,"[20, 20, 6]",0,300,qualified,1.9614766328429596,-1.9614766328429596,6378808897.706667,1.469436491372374,3.0
regir_slotgru_nomem,eval,fixed3,final@1000000,"[20, 20, 6]",1,300,qualified,2.08915399913587,-2.08915399913587,7038840421.333333,1.4497014075007366,3.0
regir_slotgru_nomem,eval,fixed3,final@1000000,"[20, 20, 6]",2,300,qualified,2.172700611406625,-2.172700611406625,6471436409.386666,1.4324955191971578,3.0
regir_slotgru_nomem,eval,fixed3,final@1000000,"[25, 25, 2]",0,300,qualified,1.244057552284253,-1.244057552284253,7651128092.16,1.4914437626641788,3.0
regir_slotgru_nomem,eval,fixed3,final@1000000,"[25, 25, 2]",1,300,qualified,1.4362204743156386,-1.4362204743156386,8277856018.133333,1.56691016343267,3.0
regir_slotgru_nomem,eval,fixed3,final@1000000,"[25, 25, 2]",2,300,qualified,1.4310129051844445,-1.4310129051844445,7590548546.773334,1.3604255108785583,3.0
regir_slotgru_nomem,eval,fixed3,final@1000000,"[30, 30, 2]",0,300,qualified,1.3746246568304155,-1.3746246568304155,8766317006.933332,1.6408953619073146,3.0
regir_slotgru_nomem,eval,fixed3,final@1000000,"[30, 30, 2]",1,300,qualified,1.7449789127511275,-1.7449789127511275,9546106558.08,1.7436545159580419,3.0
regir_slotgru_nomem,eval,fixed3,final@1000000,"[30, 30, 2]",2,300,qualified,1.709201725191315,-1.709201725191315,8621182708.906666,1.5557857430951358,3.0
regir_slotgru_nomem,eval,fixed3,final@1000000,"[30, 30, 4]",0,300,qualified,2.1266450621404918,-2.1266450621404918,8664956168.32,1.7267971647441542,3.0
regir_slotgru_nomem,eval,fixed3,final@1000000,"[30, 30, 4]",1,300,qualified,2.7098022089818596,-2.7098022089818596,9407089633.92,1.6927186542879402,3.0
regir_slotgru_nomem,eval,fixed3,final@1000000,"[30, 30, 4]",2,300,qualified,2.362690966778255,-2.362690966778255,8628491221.546667,1.6154448353369177,3.0
regir_slotgru_nomem,eval,fixed3,final@1000000,"[30, 30, 6]",0,300,qualified,2.671737810532704,-2.671737810532704,8616928786.986666,1.700432235172484,3.0
regir_slotgru_nomem,eval,fixed3,final@1000000,"[30, 30, 6]",1,300,qualified,2.9679439504081335,-2.9679439504081335,9480628762.026667,1.69621252156212,3.0
regir_slotgru_nomem,eval,fixed3,final@1000000,"[30, 30, 6]",2,300,qualified,3.328786617796754,-3.328786617796754,8631590548.266666,1.452465641007293,3.0
regir_slotgru_nomem,eval,fixed3,final@1000000,"[30, 30, 9]",0,300,qualified,3.0423645522495075,-3.0423645522495075,8614097182.72,1.743030980321928,3.0
regir_slotgru_nomem,eval,fixed3,final@1000000,"[30, 30, 9]",1,300,qualified,3.867468685986381,-3.867468685986381,9402431249.493334,1.8838974725581161,3.0
regir_slotgru_nomem,eval,fixed3,final@1000000,"[30, 30, 9]",2,300,qualified,3.8369574457771267,-3.8369574457771267,8753904883.84,1.5394230352031688,3.0
regir_slotgru_nomem,eval,fixed3,final@1000000,"[30, 30, 12]",0,300,qualified,3.444949116682732,-3.444949116682732,8567418788.906667,1.8702261729169791,3.0
regir_slotgru_nomem,eval,fixed3,final@1000000,"[30, 30, 12]",1,300,qualified,5.094634341818633,-5.094634341818633,9354466045.226667,1.9397116083091048,3.0
regir_slotgru_nomem,eval,fixed3,final@1000000,"[30, 30, 12]",2,300,qualified,5.0772088304872485,-5.0772088304872485,8824760424.533333,1.8107620594421556,3.0
regir_slotgru_nomem,eval,fixed3,final@1000000,"[40, 40, 2]",0,300,qualified,1.5928241299079395,-1.5928241299079395,10991864891.733334,1.8461758785572602,3.0
regir_slotgru_nomem,eval,fixed3,final@1000000,"[40, 40, 2]",1,300,qualified,1.962842675445387,-1.962842675445387,11751616571.946667,1.9841302946264234,3.0
regir_slotgru_nomem,eval,fixed3,final@1000000,"[40, 40, 2]",2,300,qualified,2.1278049520564246,-2.1278049520564246,10665123646.933332,1.8138424162729643,3.0
regir_slotgru_nomem,eval,fixed3,final@1000000,"[50, 50, 2]",0,300,qualified,1.7055690225960127,-1.7055690225960127,12989351991.04,2.107858729281773,3.0
regir_slotgru_nomem,eval,fixed3,final@1000000,"[50, 50, 2]",1,300,qualified,3.1559651149797285,-3.1559651149797285,13631191062.4,2.1266313059358315,3.0
regir_slotgru_nomem,eval,fixed3,final@1000000,"[50, 50, 2]",2,300,qualified,2.499920248007044,-2.499920248007044,12546279474.773333,1.852333143092886,3.0
regir_slotgru_nomem,eval,fixed4,final@1000000,"[4, 4, 2]",0,300,qualified,0.36659648363766245,-0.36659648363766245,2439253374.9333334,1.0007760814763607,4.0
regir_slotgru_nomem,eval,fixed4,final@1000000,"[4, 4, 2]",1,300,qualified,0.24280886981200805,-0.24280886981200805,2494153953.4933333,0.9873662421159679,4.0
regir_slotgru_nomem,eval,fixed4,final@1000000,"[4, 4, 2]",2,300,qualified,0.3507999591860938,-0.3507999591860938,2417859999.36,0.9254833526769652,4.0
regir_slotgru_nomem,eval,fixed4,final@1000000,"[5, 5, 2]",0,300,qualified,0.4495229411683028,-0.4495229411683028,2742197099.52,1.0825560885155574,4.0
regir_slotgru_nomem,eval,fixed4,final@1000000,"[5, 5, 2]",1,300,qualified,0.3430377593955493,-0.3430377593955493,2856491884.16,1.151920981008637,4.0
regir_slotgru_nomem,eval,fixed4,final@1000000,"[5, 5, 2]",2,300,qualified,0.41080542608889103,-0.41080542608889103,2748273027.6266665,0.9368131979675187,4.0
regir_slotgru_nomem,eval,fixed4,final@1000000,"[6, 6, 2]",0,300,qualified,0.54437217918485,-0.54437217918485,3056284445.0133333,1.159349037692106,4.0
regir_slotgru_nomem,eval,fixed4,final@1000000,"[6, 6, 2]",1,300,qualified,0.40856280728999805,-0.40856280728999805,3174152569.386667,1.1993134711741005,4.0
regir_slotgru_nomem,eval,fixed4,final@1000000,"[6, 6, 2]",2,300,qualified,0.4619413671665601,-0.4619413671665601,3017356249.6,1.044415762333859,4.0
regir_slotgru_nomem,eval,fixed4,final@1000000,"[8, 8, 2]",0,300,qualified,0.7217156771008187,-0.7217156771008187,3662367275.733333,1.256528561025043,4.0
regir_slotgru_nomem,eval,fixed4,final@1000000,"[8, 8, 2]",1,300,qualified,0.44492993878954984,-0.44492993878954984,3846182545.92,1.3387861676457882,4.0
regir_slotgru_nomem,eval,fixed4,final@1000000,"[8, 8, 2]",2,300,qualified,0.5466846609344249,-0.5466846609344249,3590359772.3733335,1.1872064316173783,4.0
regir_slotgru_nomem,eval,fixed4,final@1000000,"[10, 10, 2]",0,300,qualified,0.889854051442177,-0.889854051442177,4137446189.866667,1.2718849024139733,4.0
regir_slotgru_nomem,eval,fixed4,final@1000000,"[10, 10, 2]",1,300,qualified,0.6689122322881513,-0.6689122322881513,4388447467.733334,1.3253693034418392,4.0
regir_slotgru_nomem,eval,fixed4,final@1000000,"[10, 10, 2]",2,300,qualified,0.7566582244429102,-0.7566582244429102,4141623367.04,1.1622569249772157,4.0
regir_slotgru_nomem,eval,fixed4,final@1000000,"[10, 10, 3]",0,300,qualified,1.0139314150935514,-1.0139314150935514,4060632099.84,1.2040392485224098,4.0
regir_slotgru_nomem,eval,fixed4,final@1000000,"[10, 10, 3]",1,300,qualified,0.7896326506433181,-0.7896326506433181,4344164381.866667,1.3189473759949517,4.0
regir_slotgru_nomem,eval,fixed4,final@1000000,"[10, 10, 3]",2,300,qualified,0.8192131928683511,-0.8192131928683511,4133265616.213333,1.1635020668727036,4.0
regir_slotgru_nomem,eval,fixed4,final@1000000,"[10, 10, 4]",0,300,qualified,1.1241157594876472,-1.1241157594876472,4023710089.386667,1.220596133385746,4.0
regir_slotgru_nomem,eval,fixed4,final@1000000,"[10, 10, 4]",1,300,qualified,0.8407591885937338,-0.8407591885937338,4382018570.026667,1.3773792580501565,4.0
regir_slotgru_nomem,eval,fixed4,final@1000000,"[10, 10, 4]",2,300,qualified,1.0347684547835216,-1.0347684547835216,4142712425.386667,1.0811491379143747,4.0
regir_slotgru_nomem,eval,fixed4,final@1000000,"[10, 10, 6]",0,300,qualified,1.393309724029917,-1.393309724029917,3984393679.36,1.1883035474400578,4.0
regir_slotgru_nomem,eval,fixed4,final@1000000,"[10, 10, 6]",1,300,qualified,1.1646654952434443,-1.1646654952434443,4348050350.72,1.2593648229419099,4.0
regir_slotgru_nomem,eval,fixed4,final@1000000,"[10, 10, 6]",2,300,qualified,1.1296535148390978,-1.1296535148390978,4159209757.2266665,1.1817266203053685,4.0
regir_slotgru_nomem,eval,fixed4,final@1000000,"[10, 10, 9]",0,300,qualified,1.6476115846819,-1.6476115846819,3972185252.0533333,1.2640787400507059,4.0
regir_slotgru_nomem,eval,fixed4,final@1000000,"[10, 10, 9]",1,300,qualified,1.4405170966269378,-1.4405170966269378,4249440751.5733333,1.2232155169408847,4.0
regir_slotgru_nomem,eval,fixed4,final@1000000,"[10, 10, 9]",2,300,qualified,1.4591518451496917,-1.4591518451496917,4107558990.9333334,1.0826103581608428,4.0
regir_slotgru_nomem,eval,fixed4,final@1000000,"[10, 10, 12]",0,300,qualified,1.8276696514321082,-1.8276696514321082,3953150606.2933335,1.2365084249572829,4.0
regir_slotgru_nomem,eval,fixed4,final@1000000,"[10, 10, 12]",1,300,qualified,1.9179240366178973,-1.9179240366178973,4299053815.893333,1.325756773861358,4.0
regir_slotgru_nomem,eval,fixed4,final@1000000,"[10, 10, 12]",2,300,qualified,1.7278404025372223,-1.7278404025372223,4196171212.8,1.0872043643014815,4.0
regir_slotgru_nomem,eval,fixed4,final@1000000,"[15, 15, 2]",0,300,qualified,1.083866254378525,-1.083866254378525,5396400075.52,1.4074744942421482,4.0
regir_slotgru_nomem,eval,fixed4,final@1000000,"[15, 15, 2]",1,300,qualified,0.8368072705555177,-0.8368072705555177,5741000775.04,1.3990603547931337,4.0
regir_slotgru_nomem,eval,fixed4,final@1000000,"[15, 15, 2]",2,300,qualified,0.9940386556674169,-0.9940386556674169,5417233634.773334,1.2611491962058548,4.0
regir_slotgru_nomem,eval,fixed4,final@1000000,"[15, 15, 4]",0,300,qualified,1.5305139394354337,-1.5305139394354337,5266920094.72,1.3214241086084317,4.0
regir_slotgru_nomem,eval,fixed4,final@1000000,"[15, 15, 4]",1,300,qualified,1.2761123226900661,-1.2761123226900661,5766858950.1866665,1.4819155097494756,4.0
regir_slotgru_nomem,eval,fixed4,final@1000000,"[15, 15, 4]",2,300,qualified,1.2735175978297482,-1.2735175978297482,5398411025.92,1.300025802369734,4.0
regir_slotgru_nomem,eval,fixed4,final@1000000,"[15, 15, 6]",0,300,qualified,1.628519089298594,-1.628519089298594,5155402026.666667,1.3550336100159135,4.0
regir_slotgru_nomem,eval,fixed4,final@1000000,"[15, 15, 6]",1,300,qualified,1.757138389076227,-1.757138389076227,5756621840.213333,1.4198843979944165,4.0
regir_slotgru_nomem,eval,fixed4,final@1000000,"[15, 15, 6]",2,300,qualified,1.5062608571738298,-1.5062608571738298,5433374600.533334,1.3483283255798355,4.0
regir_slotgru_nomem,eval,fixed4,final@1000000,"[20, 20, 2]",0,300,qualified,1.2235194608642985,-1.2235194608642985,6642175657.386666,1.5373464372063366,4.0
regir_slotgru_nomem,eval,fixed4,final@1000000,"[20, 20, 2]",1,300,qualified,1.1812364639936088,-1.1812364639936088,7151033731.626667,1.5873280816583428,4.0
regir_slotgru_nomem,eval,fixed4,final@1000000,"[20, 20, 2]",2,300,qualified,1.2443892827024028,-1.2443892827024028,6543088999.253333,1.2646234352056247,4.0
regir_slotgru_nomem,eval,fixed4,final@1000000,"[20, 20, 4]",0,300,qualified,1.8569281961434845,-1.8569281961434845,6559462761.173333,1.5418696127502092,4.0
regir_slotgru_nomem,eval,fixed4,final@1000000,"[20, 20, 4]",1,300,qualified,1.8271950256403184,-1.8271950256403184,7022057656.106667,1.5369384516505913,4.0
regir_slotgru_nomem,eval,fixed4,final@1000000,"[20, 20, 4]",2,300,qualified,1.806085144696887,-1.806085144696887,6540857520.0,1.365258919034192,4.0
regir_slotgru_nomem,eval,fixed4,final@1000000,"[20, 20, 6]",0,300,qualified,2.1662112147336106,-2.1662112147336106,6438353223.253333,1.4805787318308528,4.0
regir_slotgru_nomem,eval,fixed4,final@1000000,"[20, 20, 6]",1,300,qualified,2.078096531151831,-2.078096531151831,7101464028.373333,1.5791416180985591,4.0
regir_slotgru_nomem,eval,fixed4,final@1000000,"[20, 20, 6]",2,300,qualified,2.170862389670128,-2.170862389670128,6570277664.426666,1.481241695084027,4.0
regir_slotgru_nomem,eval,fixed4,final@1000000,"[25, 25, 2]",0,300,qualified,1.4263717178229653,-1.4263717178229653,7860692038.1866665,1.584245996696797,4.0
regir_slotgru_nomem,eval,fixed4,final@1000000,"[25, 25, 2]",1,300,qualified,1.3969542238490573,-1.3969542238490573,8418786427.306666,1.6136649106415766,4.0
regir_slotgru_nomem,eval,fixed4,final@1000000,"[25, 25, 2]",2,300,qualified,1.5764193399975581,-1.5764193399975581,7688907176.533334,1.4143904766345319,4.0
regir_slotgru_nomem,eval,fixed4,final@1000000,"[30, 30, 2]",0,300,qualified,1.5495792270199484,-1.5495792270199484,9019277704.32,1.7004006670925689,4.0
regir_slotgru_nomem,eval,fixed4,final@1000000,"[30, 30, 2]",1,300,qualified,1.520155896786847,-1.520155896786847,9655481381.12,1.7917162723249445,4.0
regir_slotgru_nomem,eval,fixed4,final@1000000,"[30, 30, 2]",2,300,qualified,1.7976680275620436,-1.7976680275620436,8847369555.413334,1.710447379067967,4.0
regir_slotgru_nomem,eval,fixed4,final@1000000,"[30, 30, 4]",0,300,qualified,2.1594267493093167,-2.1594267493093167,8891128826.24,1.7361842143452184,4.0
regir_slotgru_nomem,eval,fixed4,final@1000000,"[30, 30, 4]",1,300,qualified,2.4975139486629585,-2.4975139486629585,9517087701.76,1.794646466439978,4.0
regir_slotgru_nomem,eval,fixed4,final@1000000,"[30, 30, 4]",2,300,qualified,2.692825737505051,-2.692825737505051,8793441637.12,1.671514978223713,4.0
regir_slotgru_nomem,eval,fixed4,final@1000000,"[30, 30, 6]",0,300,qualified,2.5544745521636765,-2.5544745521636765,8825990335.573334,1.7399963820855677,4.0
regir_slotgru_nomem,eval,fixed4,final@1000000,"[30, 30, 6]",1,300,qualified,3.3009822321921223,-3.3009822321921223,9570134022.613333,1.7472775179058468,4.0
regir_slotgru_nomem,eval,fixed4,final@1000000,"[30, 30, 6]",2,300,qualified,3.0615670365452137,-3.0615670365452137,8861879576.106667,1.5038423305994366,4.0
regir_slotgru_nomem,eval,fixed4,final@1000000,"[30, 30, 9]",0,300,qualified,2.8104244125807245,-2.8104244125807245,8718976180.693333,1.7879177028707152,4.0
regir_slotgru_nomem,eval,fixed4,final@1000000,"[30, 30, 9]",1,300,qualified,3.9536330536828177,-3.9536330536828177,9529340386.986666,1.9658264778420562,4.0
regir_slotgru_nomem,eval,fixed4,final@1000000,"[30, 30, 9]",2,300,qualified,4.10982764163671,-4.10982764163671,8949749953.706667,1.6238084448191026,4.0
regir_slotgru_nomem,eval,fixed4,final@1000000,"[30, 30, 12]",0,300,qualified,3.358326238031759,-3.358326238031759,8757755092.053333,1.964781697189125,4.0
regir_slotgru_nomem,eval,fixed4,final@1000000,"[30, 30, 12]",1,300,qualified,4.4941220694350665,-4.4941220694350665,9526025746.986666,2.0281074271308412,4.0
regir_slotgru_nomem,eval,fixed4,final@1000000,"[30, 30, 12]",2,300,qualified,4.858056828748224,-4.858056828748224,8992086021.546667,1.8749823311613485,4.0
regir_slotgru_nomem,eval,fixed4,final@1000000,"[40, 40, 2]",0,300,qualified,1.638091041204977,-1.638091041204977,11198910439.893333,1.9376247297902591,4.0
regir_slotgru_nomem,eval,fixed4,final@1000000,"[40, 40, 2]",1,300,qualified,2.241047933903033,-2.241047933903033,11823828476.8,2.1151908250376192,4.0
regir_slotgru_nomem,eval,fixed4,final@1000000,"[40, 40, 2]",2,300,qualified,2.2766290666798583,-2.2766290666798583,10967861310.293333,1.883934976956807,4.0
regir_slotgru_nomem,eval,fixed4,final@1000000,"[50, 50, 2]",0,300,qualified,1.8544117275401777,-1.8544117275401777,13312543232.426666,2.15996143359167,4.0
regir_slotgru_nomem,eval,fixed4,final@1000000,"[50, 50, 2]",1,300,qualified,3.030182014864609,-3.030182014864609,13902284713.6,2.223010677048005,4.0
regir_slotgru_nomem,eval,fixed4,final@1000000,"[50, 50, 2]",2,300,qualified,2.6393722110159286,-2.6393722110159286,12817534342.613333,1.8624061464498907,4.0
regir_slotgru_nomem,mechanism,fixed1,final@1000000,"[4, 4, 2]",0,10,,0.5,-0.5,2386327596.8,1.8286904735490679,1.0
regir_slotgru_nomem,mechanism,fixed1,final@1000000,"[4, 4, 2]",1,10,,0.3,-0.3,2408941856.0,1.2632494381628931,1.0
regir_slotgru_nomem,mechanism,fixed1,final@1000000,"[4, 4, 2]",2,10,,0.327017050151592,-0.327017050151592,2233714316.8,1.0147140257060527,1.0
regir_slotgru_nomem,mechanism,fixed1,final@1000000,"[10, 10, 3]",0,10,,0.8732235168248479,-0.8732235168248479,3921142931.2,2.0074226269498467,1.0
regir_slotgru_nomem,mechanism,fixed1,final@1000000,"[10, 10, 3]",1,10,,0.727563227209716,-0.727563227209716,4376970060.8,1.6229287263005971,1.0
regir_slotgru_nomem,mechanism,fixed1,final@1000000,"[10, 10, 3]",2,10,,0.3792894133038134,-0.3792894133038134,4040621644.8,1.358890668861568,1.0
regir_slotgru_nomem,mechanism,fixed1,final@1000000,"[10, 10, 12]",0,10,,2.3332399986497334,-2.3332399986497334,4028235494.4,1.7819158264435828,1.0
regir_slotgru_nomem,mechanism,fixed1,final@1000000,"[10, 10, 12]",1,10,,1.796179676181865,-1.796179676181865,4471040172.8,1.6127804521471263,1.0
regir_slotgru_nomem,mechanism,fixed1,final@1000000,"[10, 10, 12]",2,10,,1.4973229010027498,-1.4973229010027498,4234027212.8,1.336803910508752,1.0
regir_slotgru_nomem,mechanism,fixed1,final@1000000,"[30, 30, 2]",0,10,,1.0,-1.0,8618533312.0,2.2072043654392473,1.0
regir_slotgru_nomem,mechanism,fixed1,final@1000000,"[30, 30, 2]",1,10,,1.9,-1.9,9396654099.2,2.719748811429599,1.0
regir_slotgru_nomem,mechanism,fixed1,final@1000000,"[30, 30, 2]",2,10,,1.7,-1.7,8577448825.6,2.2672545374080073,1.0
regir_slotgru_nomem,mechanism,fixed1,final@1000000,"[30, 30, 12]",0,10,,2.7223570303809126,-2.7223570303809126,8627650489.6,2.5436924447305502,1.0
regir_slotgru_nomem,mechanism,fixed1,final@1000000,"[30, 30, 12]",1,10,,4.191670724027344,-4.191670724027344,9587369132.8,2.604895284870872,1.0
regir_slotgru_nomem,mechanism,fixed1,final@1000000,"[30, 30, 12]",2,10,,3.3432926396822507,-3.3432926396822507,8338178438.4,2.420138483773917,1.0
regir_slotgru_nomem,mechanism,fixed1,final@1000000,"[50, 50, 2]",0,10,,1.8,-1.8,12202752275.2,3.3785467775829603,1.0
regir_slotgru_nomem,mechanism,fixed1,final@1000000,"[50, 50, 2]",1,10,,3.8968717343431125,-3.8968717343431125,13350955244.8,3.4203561703616288,1.0
regir_slotgru_nomem,mechanism,fixed1,final@1000000,"[50, 50, 2]",2,10,,1.8421490060872405,-1.8421490060872405,12313698208.0,3.7525102344574406,1.0
regir_slotgru_nomem,mechanism,fixed2,final@1000000,"[4, 4, 2]",0,10,,0.3,-0.3,2598533280.0,1.638594429846853,2.0
regir_slotgru_nomem,mechanism,fixed2,final@1000000,"[4, 4, 2]",1,10,,0.0,-0.0,2206987417.6,1.155374715756625,2.0
regir_slotgru_nomem,mechanism,fixed2,final@1000000,"[4, 4, 2]",2,10,,0.1,-0.1,2336774854.4,1.1329624952748418,2.0
regir_slotgru_nomem,mechanism,fixed2,final@1000000,"[10, 10, 3]",0,10,,0.8990054203134691,-0.8990054203134691,4205228876.8,2.0066207765601574,2.0
regir_slotgru_nomem,mechanism,fixed2,final@1000000,"[10, 10, 3]",1,10,,0.5194962733282313,-0.5194962733282313,4496204608.0,1.6925432087853551,2.0
regir_slotgru_nomem,mechanism,fixed2,final@1000000,"[10, 10, 3]",2,10,,0.3563285913420405,-0.3563285913420405,4079771225.6,1.2564978481270372,2.0
regir_slotgru_nomem,mechanism,fixed2,final@1000000,"[10, 10, 12]",0,10,,1.2489060147391282,-1.2489060147391282,4086088249.6,1.6620052208192646,2.0
regir_slotgru_nomem,mechanism,fixed2,final@1000000,"[10, 10, 12]",1,10,,2.375236131685999,-2.375236131685999,4585170464.0,1.4558032267726957,2.0
regir_slotgru_nomem,mechanism,fixed2,final@1000000,"[10, 10, 12]",2,10,,0.570531854162058,-0.570531854162058,4283841811.2,1.547999157756567,2.0
regir_slotgru_nomem,mechanism,fixed2,final@1000000,"[30, 30, 2]",0,10,,0.8220454132431179,-0.8220454132431179,8793436960.0,2.377840009779902,2.0
regir_slotgru_nomem,mechanism,fixed2,final@1000000,"[30, 30, 2]",1,10,,2.1,-2.1,9567758323.2,2.9598264869477133,2.0
regir_slotgru_nomem,mechanism,fixed2,final@1000000,"[30, 30, 2]",2,10,,1.0,-1.0,8958256473.6,2.0591007894137876,2.0
regir_slotgru_nomem,mechanism,fixed2,final@1000000,"[30, 30, 12]",0,10,,2.4450307117116994,-2.4450307117116994,8822433849.6,2.6958781172521413,2.0
regir_slotgru_nomem,mechanism,fixed2,final@1000000,"[30, 30, 12]",1,10,,4.228649018945938,-4.228649018945938,9707983040.0,2.873089679016266,2.0
regir_slotgru_nomem,mechanism,fixed2,final@1000000,"[30, 30, 12]",2,10,,4.262744268930466,-4.262744268930466,8721165152.0,2.9353248777391854,2.0
regir_slotgru_nomem,mechanism,fixed2,final@1000000,"[50, 50, 2]",0,10,,1.8,-1.8,12133732307.2,3.091226161445957,2.0
regir_slotgru_nomem,mechanism,fixed2,final@1000000,"[50, 50, 2]",1,10,,3.220424567902776,-3.220424567902776,13499608953.6,3.659830847627018,2.0
regir_slotgru_nomem,mechanism,fixed2,final@1000000,"[50, 50, 2]",2,10,,1.951601241157144,-1.951601241157144,12488540691.2,3.533887093607336,2.0
regir_slotgru_nomem,mechanism,fixed3,final@1000000,"[4, 4, 2]",0,10,,0.6,-0.6,2447667942.4,1.7122323922812939,3.0
regir_slotgru_nomem,mechanism,fixed3,final@1000000,"[4, 4, 2]",1,10,,0.2,-0.2,2262535673.6,1.1874756500124932,3.0
regir_slotgru_nomem,mechanism,fixed3,final@1000000,"[4, 4, 2]",2,10,,0.0,-0.0,2164634688.0,1.1767807837575675,3.0
regir_slotgru_nomem,mechanism,fixed3,final@1000000,"[10, 10, 3]",0,10,,1.0225108562444767,-1.0225108562444767,4286388140.8,2.0368144582025707,3.0
regir_slotgru_nomem,mechanism,fixed3,final@1000000,"[10, 10, 3]",1,10,,0.9096029799295852,-0.9096029799295852,4700625580.8,1.6798530152067541,3.0
regir_slotgru_nomem,mechanism,fixed3,final@1000000,"[10, 10, 3]",2,10,,0.2110680104616416,-0.2110680104616416,3949255795.2,1.2415608637966216,3.0
regir_slotgru_nomem,mechanism,fixed3,final@1000000,"[10, 10, 12]",0,10,,1.6187376221374474,-1.6187376221374474,4196369958.4,1.976908439118415,3.0
regir_slotgru_nomem,mechanism,fixed3,final@1000000,"[10, 10, 12]",1,10,,1.4277936168054424,-1.4277936168054424,4351497094.4,1.8042503716424108,3.0
regir_slotgru_nomem,mechanism,fixed3,final@1000000,"[10, 10, 12]",2,10,,1.5124055378876442,-1.5124055378876442,4441515276.8,2.2639059736568017,3.0
regir_slotgru_nomem,mechanism,fixed3,final@1000000,"[30, 30, 2]",0,10,,1.037283237989562,-1.037283237989562,9179393811.2,2.6926202065835243,3.0
regir_slotgru_nomem,mechanism,fixed3,final@1000000,"[30, 30, 2]",1,10,,1.1,-1.1,9608447564.8,3.2708669572602957,3.0
regir_slotgru_nomem,mechanism,fixed3,final@1000000,"[30, 30, 2]",2,10,,1.6784066618974967,-1.6784066618974967,9256837209.6,2.8172931439359674,3.0
regir_slotgru_nomem,mechanism,fixed3,final@1000000,"[30, 30, 12]",0,10,,1.7887460817144991,-1.7887460817144991,8718092467.2,2.3755390295758843,3.0
regir_slotgru_nomem,mechanism,fixed3,final@1000000,"[30, 30, 12]",1,10,,4.720014576462847,-4.720014576462847,9687863520.0,3.137818136246642,3.0
regir_slotgru_nomem,mechanism,fixed3,final@1000000,"[30, 30, 12]",2,10,,5.139491483810802,-5.139491483810802,9134028851.2,2.597027226159116,3.0
regir_slotgru_nomem,mechanism,fixed3,final@1000000,"[50, 50, 2]",0,10,,1.8,-1.8,12921063200.0,2.9817058522603475,3.0
regir_slotgru_nomem,mechanism,fixed3,final@1000000,"[50, 50, 2]",1,10,,2.804851387249111,-2.804851387249111,14425198540.8,3.582014863245422,3.0
regir_slotgru_nomem,mechanism,fixed3,final@1000000,"[50, 50, 2]",2,10,,2.351601241157144,-2.351601241157144,12732226156.8,3.013511455227854,3.0
regir_slotgru_nomem,mechanism,fixed4,final@1000000,"[4, 4, 2]",0,10,,0.6,-0.6,2614259360.0,1.73378450460732,4.0
regir_slotgru_nomem,mechanism,fixed4,final@1000000,"[4, 4, 2]",1,10,,0.0,-0.0,2144929593.6,1.2212263939902186,4.0
regir_slotgru_nomem,mechanism,fixed4,final@1000000,"[4, 4, 2]",2,10,,0.1,-0.1,2210022553.6,1.0948409176431597,4.0
regir_slotgru_nomem,mechanism,fixed4,final@1000000,"[10, 10, 3]",0,10,,1.1130432728677635,-1.1130432728677635,4436495641.6,1.9713987902738155,4.0
regir_slotgru_nomem,mechanism,fixed4,final@1000000,"[10, 10, 3]",1,10,,0.4,-0.4,4464163724.8,1.995629004202783,4.0
regir_slotgru_nomem,mechanism,fixed4,final@1000000,"[10, 10, 3]",2,10,,0.6507670917130546,-0.6507670917130546,4270215379.2,1.4073077766224742,4.0
regir_slotgru_nomem,mechanism,fixed4,final@1000000,"[10, 10, 12]",0,10,,1.877344872005533,-1.877344872005533,4040874764.8,2.024437448196113,4.0
regir_slotgru_nomem,mechanism,fixed4,final@1000000,"[10, 10, 12]",1,10,,1.541209874442417,-1.541209874442417,4495765382.4,1.7323084764182568,4.0
regir_slotgru_nomem,mechanism,fixed4,final@1000000,"[10, 10, 12]",2,10,,1.2345249398061497,-1.2345249398061497,4514864243.2,1.92972804743913,4.0
regir_slotgru_nomem,mechanism,fixed4,final@1000000,"[30, 30, 2]",0,10,,0.9055270178673691,-0.9055270178673691,9324903782.4,3.080734663939802,4.0
regir_slotgru_nomem,mechanism,fixed4,final@1000000,"[30, 30, 2]",1,10,,2.3,-2.3,9581543040.0,3.906007301225327,4.0
regir_slotgru_nomem,mechanism,fixed4,final@1000000,"[30, 30, 2]",2,10,,1.8774999090985864,-1.8774999090985864,9463408384.0,2.2589775728061796,4.0
regir_slotgru_nomem,mechanism,fixed4,final@1000000,"[30, 30, 12]",0,10,,2.3914265183681214,-2.3914265183681214,8931767046.4,2.458792457729578,4.0
regir_slotgru_nomem,mechanism,fixed4,final@1000000,"[30, 30, 12]",1,10,,7.153281875437892,-7.153281875437892,9386704371.2,3.1007066769059746,4.0
regir_slotgru_nomem,mechanism,fixed4,final@1000000,"[30, 30, 12]",2,10,,5.744446593893909,-5.744446593893909,9297283827.2,2.810473079892108,4.0
regir_slotgru_nomem,mechanism,fixed4,final@1000000,"[50, 50, 2]",0,10,,2.4,-2.4,12794623116.8,3.237507699447451,4.0
regir_slotgru_nomem,mechanism,fixed4,final@1000000,"[50, 50, 2]",1,10,,2.2,-2.2,14570294867.2,3.7904404880420772,4.0
regir_slotgru_nomem,mechanism,fixed4,final@1000000,"[50, 50, 2]",2,10,,3.551601241157144,-3.551601241157144,13288649907.2,3.9240006330655888,4.0
regir_slotgru_nomem,mechanism,slot_competition_removed,final@1000000,"[4, 4, 2]",0,10,,0.5,-0.5,2352984454.4,1.6678788419812918,4.0
regir_slotgru_nomem,mechanism,slot_competition_removed,final@1000000,"[4, 4, 2]",1,10,,0.1,-0.1,2386713555.2,1.2530619123950602,4.0
regir_slotgru_nomem,mechanism,slot_competition_removed,final@1000000,"[4, 4, 2]",2,10,,0.3,-0.3,2434478400.0,1.613393001165241,4.0
regir_slotgru_nomem,mechanism,slot_competition_removed,final@1000000,"[10, 10, 3]",0,10,,1.3645271754803647,-1.3645271754803647,4589013344.0,2.407033259421587,4.0
regir_slotgru_nomem,mechanism,slot_competition_removed,final@1000000,"[10, 10, 3]",1,10,,0.44903600452129816,-0.44903600452129816,4749422259.2,2.0621504603885112,4.0
regir_slotgru_nomem,mechanism,slot_competition_removed,final@1000000,"[10, 10, 3]",2,10,,1.0801841271996009,-1.0801841271996009,4430434624.0,1.4466017242521048,4.0
regir_slotgru_nomem,mechanism,slot_competition_removed,final@1000000,"[10, 10, 12]",0,10,,2.142076006003436,-2.142076006003436,4353563584.0,2.336828159261495,4.0
regir_slotgru_nomem,mechanism,slot_competition_removed,final@1000000,"[10, 10, 12]",1,10,,2.2707492471575375,-2.2707492471575375,4804377664.0,1.872055411990732,4.0
regir_slotgru_nomem,mechanism,slot_competition_removed,final@1000000,"[10, 10, 12]",2,10,,1.7432949879390325,-1.7432949879390325,4359375481.6,1.9000826197559946,4.0
regir_slotgru_nomem,mechanism,slot_competition_removed,final@1000000,"[30, 30, 2]",0,10,,1.8365064960354627,-1.8365064960354627,9582637196.8,3.439989220665302,4.0
regir_slotgru_nomem,mechanism,slot_competition_removed,final@1000000,"[30, 30, 2]",1,10,,2.44931889089218,-2.44931889089218,10061879462.4,3.1580259881564414,4.0
regir_slotgru_nomem,mechanism,slot_competition_removed,final@1000000,"[30, 30, 2]",2,10,,1.4131917911359508,-1.4131917911359508,10127210220.8,2.829938393185148,4.0
regir_slotgru_nomem,mechanism,slot_competition_removed,final@1000000,"[30, 30, 12]",0,10,,3.977751311447408,-3.977751311447408,9406124544.0,2.9959474545903504,4.0
regir_slotgru_nomem,mechanism,slot_competition_removed,final@1000000,"[30, 30, 12]",1,10,,6.654255146850677,-6.654255146850677,10275913248.0,3.3351137735298835,4.0
regir_slotgru_nomem,mechanism,slot_competition_removed,final@1000000,"[30, 30, 12]",2,10,,4.593145599649133,-4.593145599649133,9577289574.4,4.090493105526548,4.0
regir_slotgru_nomem,mechanism,slot_competition_removed,final@1000000,"[50, 50, 2]",0,10,,3.264798815148912,-3.264798815148912,13735387449.6,3.687914374837419,4.0
regir_slotgru_nomem,mechanism,slot_competition_removed,final@1000000,"[50, 50, 2]",1,10,,2.2,-2.2,14580908019.2,3.8240046776772942,4.0
regir_slotgru_nomem,mechanism,slot_competition_removed,final@1000000,"[50, 50, 2]",2,10,,1.9224446003949682,-1.9224446003949682,13144084288.0,2.875139087991556,4.0
regir_slotgru_nomem,mechanism,slot_gru_hidden_reset,final@1000000,"[4, 4, 2]",0,10,,0.6,-0.6,2654643974.4,1.6835914897732436,4.0
regir_slotgru_nomem,mechanism,slot_gru_hidden_reset,final@1000000,"[4, 4, 2]",1,10,,0.0,-0.0,2254756889.6,1.028594344202429,4.0
regir_slotgru_nomem,mechanism,slot_gru_hidden_reset,final@1000000,"[4, 4, 2]",2,10,,0.3,-0.3,2311934572.8,1.300021801609546,4.0
regir_slotgru_nomem,mechanism,slot_gru_hidden_reset,final@1000000,"[10, 10, 3]",0,10,,0.47565097912310506,-0.47565097912310506,4286426694.4,1.8081551196053625,4.0
regir_slotgru_nomem,mechanism,slot_gru_hidden_reset,final@1000000,"[10, 10, 3]",1,10,,1.1403780022321048,-1.1403780022321048,4655698700.8,2.3153866680338977,4.0
regir_slotgru_nomem,mechanism,slot_gru_hidden_reset,final@1000000,"[10, 10, 3]",2,10,,0.9835059930111945,-0.9835059930111945,4164429235.2,1.3968733071349562,4.0
regir_slotgru_nomem,mechanism,slot_gru_hidden_reset,final@1000000,"[10, 10, 12]",0,10,,2.3000835800371435,-2.3000835800371435,4179784192.0,1.8452384955249728,4.0
regir_slotgru_nomem,mechanism,slot_gru_hidden_reset,final@1000000,"[10, 10, 12]",1,10,,2.8675340875803834,-2.8675340875803834,4602086572.8,1.9527395772747695,4.0
regir_slotgru_nomem,mechanism,slot_gru_hidden_reset,final@1000000,"[10, 10, 12]",2,10,,0.5392931527272666,-0.5392931527272666,4260850668.8,1.9344713652622887,4.0
regir_slotgru_nomem,mechanism,slot_gru_hidden_reset,final@1000000,"[30, 30, 2]",0,10,,0.7220454132431179,-0.7220454132431179,9062142636.8,3.167719837848563,4.0
regir_slotgru_nomem,mechanism,slot_gru_hidden_reset,final@1000000,"[30, 30, 2]",1,10,,2.5226510305782446,-2.5226510305782446,9873159840.0,4.4950428387266586,4.0
regir_slotgru_nomem,mechanism,slot_gru_hidden_reset,final@1000000,"[30, 30, 2]",2,10,,1.9,-1.9,9441100665.6,2.9648775775916874,4.0
regir_slotgru_nomem,mechanism,slot_gru_hidden_reset,final@1000000,"[30, 30, 12]",0,10,,4.04573902066669,-4.04573902066669,9065577971.2,2.4495861057192085,4.0
regir_slotgru_nomem,mechanism,slot_gru_hidden_reset,final@1000000,"[30, 30, 12]",1,10,,7.352695308439626,-7.352695308439626,9919001075.2,3.2556277396448423,4.0
regir_slotgru_nomem,mechanism,slot_gru_hidden_reset,final@1000000,"[30, 30, 12]",2,10,,3.200202959497909,-3.200202959497909,8950663494.4,3.3043653130473105,4.0
regir_slotgru_nomem,mechanism,slot_gru_hidden_reset,final@1000000,"[50, 50, 2]",0,10,,1.5,-1.5,12751564691.2,3.759509384841658,4.0
regir_slotgru_nomem,mechanism,slot_gru_hidden_reset,final@1000000,"[50, 50, 2]",1,10,,4.2,-4.2,13679148217.6,3.436434168467531,4.0
regir_slotgru_nomem,mechanism,slot_gru_hidden_reset,final@1000000,"[50, 50, 2]",2,10,,2.8411787441680367,-2.8411787441680367,12685247353.6,3.2756020558881573,4.0
regir_slotgru_nomem,select,adaptive,final@1000000,"[4, 4, 2]",0,100,,0.4762376849755033,-0.4762376849755033,2406717029.76,2.3868999800551682,2.198258297517078
regir_slotgru_nomem,select,adaptive,final@1000000,"[4, 4, 2]",1,100,,0.22892475299383958,-0.22892475299383958,2467278272.0,2.4564570875372738,2.2627225443122447
regir_slotgru_nomem,select,adaptive,final@1000000,"[4, 4, 2]",2,100,,0.29322458390560285,-0.29322458390560285,2387518834.56,2.3381271380605178,2.217384075426277
regir_slotgru_nomem,select,adaptive,final@1000000,"[6, 6, 2]",0,100,,0.4681615738946192,-0.4681615738946192,2941475404.16,2.5882800755184143,2.193815722320046
regir_slotgru_nomem,select,adaptive,final@1000000,"[6, 6, 2]",1,100,,0.4279244349066223,-0.4279244349066223,3169220041.6,2.7242325216764582,2.2490964493724697
regir_slotgru_nomem,select,adaptive,final@1000000,"[6, 6, 2]",2,100,,0.4490340458249126,-0.4490340458249126,2994306526.72,2.6066103329323234,2.2141873114569703
regir_slotgru_nomem,select,adaptive,final@1000000,"[8, 8, 2]",0,100,,0.6501046145295664,-0.6501046145295664,3508452816.0,2.5141776629304515,2.192996014917845
regir_slotgru_nomem,select,adaptive,final@1000000,"[8, 8, 2]",1,100,,0.38724268900209113,-0.38724268900209113,3671501020.8,2.5968129440350456,2.261272383999858
regir_slotgru_nomem,select,adaptive,final@1000000,"[8, 8, 2]",2,100,,0.6210423167234504,-0.6210423167234504,3629122234.88,2.6544531897362322,2.2129548670167187
regir_slotgru_nomem,select,adaptive,final@1000000,"[10, 10, 3]",0,100,,1.1470223861137145,-1.1470223861137145,4021057992.96,2.8072300739539786,2.1941626749687413
regir_slotgru_nomem,select,adaptive,final@1000000,"[10, 10, 3]",1,100,,0.9128814802724468,-0.9128814802724468,4383836169.6,3.0304894907074047,2.2741636573493205
regir_slotgru_nomem,select,adaptive,final@1000000,"[10, 10, 3]",2,100,,0.8594573994696448,-0.8594573994696448,4054650147.84,2.88683297615964,2.2196808658884057
regir_slotgru_nomem,select,fixed1,final@1000000,"[4, 4, 2]",0,100,,0.46201146105549606,-0.46201146105549606,2433944359.04,2.18091432638932,1.0
regir_slotgru_nomem,select,fixed1,final@1000000,"[4, 4, 2]",1,100,,0.2552845016409206,-0.2552845016409206,2491876889.6,2.2111163758952173,1.0
regir_slotgru_nomem,select,fixed1,final@1000000,"[4, 4, 2]",2,100,,0.24480311538875904,-0.24480311538875904,2350836236.16,2.1021426129247995,1.0
regir_slotgru_nomem,select,fixed1,final@1000000,"[6, 6, 2]",0,100,,0.43221897638750056,-0.43221897638750056,2947027675.52,2.2834533513570205,1.0
regir_slotgru_nomem,select,fixed1,final@1000000,"[6, 6, 2]",1,100,,0.5009025590473722,-0.5009025590473722,3147344185.6,2.4699994127918035,1.0
regir_slotgru_nomem,select,fixed1,final@1000000,"[6, 6, 2]",2,100,,0.5400823072025651,-0.5400823072025651,3036896642.56,2.448492777957581,1.0
regir_slotgru_nomem,select,fixed1,final@1000000,"[8, 8, 2]",0,100,,0.8860395659602031,-0.8860395659602031,3463352513.92,2.261904353937134,1.0
regir_slotgru_nomem,select,fixed1,final@1000000,"[8, 8, 2]",1,100,,0.5501053093921473,-0.5501053093921473,3671565694.72,2.255653508999385,1.0
regir_slotgru_nomem,select,fixed1,final@1000000,"[8, 8, 2]",2,100,,0.7226631941923278,-0.7226631941923278,3490806141.44,2.305850243684836,1.0
regir_slotgru_nomem,select,fixed1,final@1000000,"[10, 10, 3]",0,100,,1.1453026823214911,-1.1453026823214911,3905488711.04,2.5551790339685976,1.0
regir_slotgru_nomem,select,fixed1,final@1000000,"[10, 10, 3]",1,100,,0.9350361900012797,-0.9350361900012797,4382800501.76,2.672459190771915,1.0
regir_slotgru_nomem,select,fixed1,final@1000000,"[10, 10, 3]",2,100,,0.9949349816768401,-0.9949349816768401,3963931608.96,2.61748560665641,1.0
regir_slotgru_nomem,select,fixed2,final@1000000,"[4, 4, 2]",0,100,,0.4862376849755033,-0.4862376849755033,2458218882.56,2.361177780837752,2.0
regir_slotgru_nomem,select,fixed2,final@1000000,"[4, 4, 2]",1,100,,0.2434012751047316,-0.2434012751047316,2461838556.8,2.3046098423656076,2.0
regir_slotgru_nomem,select,fixed2,final@1000000,"[4, 4, 2]",2,100,,0.27570984599496323,-0.27570984599496323,2412780392.96,2.298193453876302,2.0
regir_slotgru_nomem,select,fixed2,final@1000000,"[6, 6, 2]",0,100,,0.42649121299799103,-0.42649121299799103,2912675579.52,2.430391675364226,2.0
regir_slotgru_nomem,select,fixed2,final@1000000,"[6, 6, 2]",1,100,,0.40395014090513676,-0.40395014090513676,3174000793.6,2.5170618835324423,2.0
regir_slotgru_nomem,select,fixed2,final@1000000,"[6, 6, 2]",2,100,,0.5097256945987702,-0.5097256945987702,2948746447.36,2.392290514660999,2.0
regir_slotgru_nomem,select,fixed2,final@1000000,"[8, 8, 2]",0,100,,0.6606476386116454,-0.6606476386116454,3426447382.4,2.345230183927342,2.0
regir_slotgru_nomem,select,fixed2,final@1000000,"[8, 8, 2]",1,100,,0.548595602684882,-0.548595602684882,3707517125.76,2.39439073132351,2.0
regir_slotgru_nomem,select,fixed2,final@1000000,"[8, 8, 2]",2,100,,0.6233502444714291,-0.6233502444714291,3502634423.68,2.302300714654848,2.0
regir_slotgru_nomem,select,fixed2,final@1000000,"[10, 10, 3]",0,100,,1.153517618192004,-1.153517618192004,3974083254.4,2.719526537307538,2.0
regir_slotgru_nomem,select,fixed2,final@1000000,"[10, 10, 3]",1,100,,0.7011325692364034,-0.7011325692364034,4326723130.24,2.7555729783466085,2.0
regir_slotgru_nomem,select,fixed2,final@1000000,"[10, 10, 3]",2,100,,0.7895191557308808,-0.7895191557308808,3962513770.88,2.5660788690997287,2.0
regir_slotgru_nomem,select,fixed3,final@1000000,"[4, 4, 2]",0,100,,0.5233232000749469,-0.5233232000749469,2499650008.32,2.555557776140049,3.0
regir_slotgru_nomem,select,fixed3,final@1000000,"[4, 4, 2]",1,100,,0.29161017594211835,-0.29161017594211835,2474286190.08,2.40479160186369,3.0
regir_slotgru_nomem,select,fixed3,final@1000000,"[4, 4, 2]",2,100,,0.24423913084303614,-0.24423913084303614,2375331450.88,2.391075663897209,3.0
regir_slotgru_nomem,select,fixed3,final@1000000,"[6, 6, 2]",0,100,,0.5259410794659534,-0.5259410794659534,3035046322.56,2.651808865694329,3.0
regir_slotgru_nomem,select,fixed3,final@1000000,"[6, 6, 2]",1,100,,0.4189026993274292,-0.4189026993274292,3174130262.4,2.6985583544708787,3.0
regir_slotgru_nomem,select,fixed3,final@1000000,"[6, 6, 2]",2,100,,0.45684311495531843,-0.45684311495531843,3006539272.32,2.575682502388954,3.0
regir_slotgru_nomem,select,fixed3,final@1000000,"[8, 8, 2]",0,100,,0.6499207410921151,-0.6499207410921151,3441122176.64,2.3818239924125373,3.0
regir_slotgru_nomem,select,fixed3,final@1000000,"[8, 8, 2]",1,100,,0.5288215526206249,-0.5288215526206249,3784544870.4,2.628098145914264,3.0
regir_slotgru_nomem,select,fixed3,final@1000000,"[8, 8, 2]",2,100,,0.4940235588660109,-0.4940235588660109,3541653754.88,2.5587287527835,3.0
regir_slotgru_nomem,select,fixed3,final@1000000,"[10, 10, 3]",0,100,,1.0783061497340927,-1.0783061497340927,4062846043.52,2.8406362424464895,3.0
regir_slotgru_nomem,select,fixed3,final@1000000,"[10, 10, 3]",1,100,,0.7866686763434038,-0.7866686763434038,4376769217.92,2.892705932110548,3.0
regir_slotgru_nomem,select,fixed3,final@1000000,"[10, 10, 3]",2,100,,0.7507696138511846,-0.7507696138511846,4064942826.24,2.7894744190387426,3.0
regir_slotgru_nomem,select,fixed4,final@1000000,"[4, 4, 2]",0,100,,0.4060731745803398,-0.4060731745803398,2539677835.52,2.6300521747628225,4.0
regir_slotgru_nomem,select,fixed4,final@1000000,"[4, 4, 2]",1,100,,0.33123218330804044,-0.33123218330804044,2521166109.44,2.5663641778798776,4.0
regir_slotgru_nomem,select,fixed4,final@1000000,"[4, 4, 2]",2,100,,0.34855099797096817,-0.34855099797096817,2397152039.04,2.482861308143474,4.0
regir_slotgru_nomem,select,fixed4,final@1000000,"[6, 6, 2]",0,100,,0.553838678618012,-0.553838678618012,3070828152.32,2.9384911160822957,4.0
regir_slotgru_nomem,select,fixed4,final@1000000,"[6, 6, 2]",1,100,,0.5142050234328754,-0.5142050234328754,3220402961.92,2.8326422613300384,4.0
regir_slotgru_nomem,select,fixed4,final@1000000,"[6, 6, 2]",2,100,,0.4345017832437,-0.4345017832437,3071479549.44,2.8736621588282287,4.0
regir_slotgru_nomem,select,fixed4,final@1000000,"[8, 8, 2]",0,100,,0.7282923976881329,-0.7282923976881329,3532109308.8,2.6303776971716433,4.0
regir_slotgru_nomem,select,fixed4,final@1000000,"[8, 8, 2]",1,100,,0.6360830572686289,-0.6360830572686289,3815776578.56,2.7081561037478967,4.0
regir_slotgru_nomem,select,fixed4,final@1000000,"[8, 8, 2]",2,100,,0.7010353423446853,-0.7010353423446853,3577878773.76,2.6374929771758615,4.0
regir_slotgru_nomem,select,fixed4,final@1000000,"[10, 10, 3]",0,100,,1.1193188225449906,-1.1193188225449906,4118058197.12,2.9807413358055057,4.0
regir_slotgru_nomem,select,fixed4,final@1000000,"[10, 10, 3]",1,100,,0.8899390622936418,-0.8899390622936418,4404350870.4,3.024382163565606,4.0
regir_slotgru_nomem,select,fixed4,final@1000000,"[10, 10, 3]",2,100,,0.9721112321874673,-0.9721112321874673,4171826168.32,3.026362070296891,4.0
regir_slotgru_nomem,select,random,final@1000000,"[4, 4, 2]",0,100,,0.4568016780092185,-0.4568016780092185,2469449500.16,2.544576435084455,2.8755749214543793
regir_slotgru_nomem,select,random,final@1000000,"[4, 4, 2]",1,100,,0.289129652384925,-0.289129652384925,2529761541.12,2.667207292886451,2.879982418568591
regir_slotgru_nomem,select,random,final@1000000,"[4, 4, 2]",2,100,,0.20282009648344032,-0.20282009648344032,2374305216.64,2.3988870731787757,2.8818257285636006
regir_slotgru_nomem,select,random,final@1000000,"[6, 6, 2]",0,100,,0.48225440343780557,-0.48225440343780557,3036561448.96,2.7390905704256148,2.8826475659990773
regir_slotgru_nomem,select,random,final@1000000,"[6, 6, 2]",1,100,,0.47761126312160307,-0.47761126312160307,3169938142.08,2.7778247999912127,2.8785481494714413
regir_slotgru_nomem,select,random,final@1000000,"[6, 6, 2]",2,100,,0.4268431149553184,-0.4268431149553184,3059823220.48,2.7455108547164127,2.8813575384800156
regir_slotgru_nomem,select,random,final@1000000,"[8, 8, 2]",0,100,,0.6513892131780402,-0.6513892131780402,3475481841.92,2.529180097277276,2.882729060598317
regir_slotgru_nomem,select,random,final@1000000,"[8, 8, 2]",1,100,,0.5469275126007958,-0.5469275126007958,3734152233.6,2.649777985215187,2.8785675890655136
regir_slotgru_nomem,select,random,final@1000000,"[8, 8, 2]",2,100,,0.5591242127406003,-0.5591242127406003,3519941875.84,2.473205069466494,2.8807046705216846
regir_slotgru_nomem,select,random,final@1000000,"[10, 10, 3]",0,100,,1.1953705046845098,-1.1953705046845098,4019881352.96,2.8136768959695475,2.8836112935672076
regir_slotgru_nomem,select,random,final@1000000,"[10, 10, 3]",1,100,,0.8734853315862771,-0.8734853315862771,4374674482.56,2.929988309997134,2.880260539656127
regir_slotgru_nomem,select,random,final@1000000,"[10, 10, 3]",2,100,,0.7555859508436831,-0.7555859508436831,4103610497.92,2.9036200473178178,2.877200760002384
transfqmix,confirm,original,final@1000000,"[4, 4, 2]",0,300,,0.8582334779926253,-0.8582334779926253,0.0,0.5878976704688588,0.0
transfqmix,confirm,original,final@1000000,"[4, 4, 2]",1,300,,1.1948016330620412,-1.1948016330620412,0.0,0.9641172887351908,0.0
transfqmix,confirm,original,final@1000000,"[4, 4, 2]",2,300,,1.2220305815384997,-1.2220305815384997,0.0,0.8249833405237101,0.0
transfqmix,confirm,original,final@1000000,"[5, 5, 2]",0,300,,1.2734178127286702,-1.2734178127286702,0.0,0.6188042795370954,0.0
transfqmix,confirm,original,final@1000000,"[5, 5, 2]",1,300,,1.3610743897687154,-1.3610743897687154,0.0,1.0478194239892764,0.0
transfqmix,confirm,original,final@1000000,"[5, 5, 2]",2,300,,1.540037845657328,-1.540037845657328,0.0,0.8485302440082887,0.0
transfqmix,confirm,original,final@1000000,"[6, 6, 2]",0,300,,1.4577569917627407,-1.4577569917627407,0.0,0.6703969284535075,0.0
transfqmix,confirm,original,final@1000000,"[6, 6, 2]",1,300,,1.99354505247764,-1.99354505247764,0.0,1.1894066991757912,0.0
transfqmix,confirm,original,final@1000000,"[6, 6, 2]",2,300,,1.7556802198245154,-1.7556802198245154,0.0,0.9176280861410002,0.0
transfqmix,confirm,original,final@1000000,"[8, 8, 2]",0,300,,2.0698541046250027,-2.0698541046250027,0.0,0.6873752013372723,0.0
transfqmix,confirm,original,final@1000000,"[8, 8, 2]",1,300,,2.6095421065235613,-2.6095421065235613,0.0,1.4453282910249738,0.0
transfqmix,confirm,original,final@1000000,"[8, 8, 2]",2,300,,2.325402921603967,-2.325402921603967,0.0,0.9145176227101668,0.0
transfqmix,confirm,original,final@1000000,"[10, 10, 2]",0,300,,2.4765727403118323,-2.4765727403118323,0.0,0.7286749384651193,0.0
transfqmix,confirm,original,final@1000000,"[10, 10, 2]",1,300,,3.0192949807907534,-3.0192949807907534,0.0,1.4132272009093625,0.0
transfqmix,confirm,original,final@1000000,"[10, 10, 2]",2,300,,2.618756190666341,-2.618756190666341,0.0,0.9402335489663528,0.0
transfqmix,confirm,original,final@1000000,"[10, 10, 3]",0,300,,2.9576430071529427,-2.9576430071529427,0.0,0.7557805155568834,0.0
transfqmix,confirm,original,final@1000000,"[10, 10, 3]",1,300,,3.944349130928175,-3.944349130928175,0.0,1.5197770798691392,0.0
transfqmix,confirm,original,final@1000000,"[10, 10, 3]",2,300,,3.232884420110924,-3.232884420110924,0.0,0.9489530406630365,0.0
transfqmix,confirm,original,final@1000000,"[10, 10, 4]",0,300,,3.2330716438759937,-3.2330716438759937,0.0,0.7744873556347254,0.0
transfqmix,confirm,original,final@1000000,"[10, 10, 4]",1,300,,4.7360056826298305,-4.7360056826298305,0.0,1.4827120926819044,0.0
transfqmix,confirm,original,final@1000000,"[10, 10, 4]",2,300,,3.706064248257056,-3.706064248257056,0.0,0.9412552813190268,0.0
transfqmix,confirm,original,final@1000000,"[10, 10, 6]",0,300,,4.15299199550256,-4.15299199550256,0.0,0.7826428310883542,0.0
transfqmix,confirm,original,final@1000000,"[10, 10, 6]",1,300,,6.631487615552594,-6.631487615552594,0.0,1.5713568584879007,0.0
transfqmix,confirm,original,final@1000000,"[10, 10, 6]",2,300,,4.732273526705538,-4.732273526705538,0.0,0.9413594219847194,0.0
transfqmix,confirm,original,final@1000000,"[10, 10, 9]",0,300,,5.152356926161135,-5.152356926161135,0.0,0.743314014619876,0.0
transfqmix,confirm,original,final@1000000,"[10, 10, 9]",1,300,,9.122662171290054,-9.122662171290054,0.0,1.4471884184586816,0.0
transfqmix,confirm,original,final@1000000,"[10, 10, 9]",2,300,,5.943634273864976,-5.943634273864976,0.0,0.8641758182959165,0.0
transfqmix,confirm,original,final@1000000,"[10, 10, 12]",0,300,,6.42932700946938,-6.42932700946938,0.0,0.7963020045197724,0.0
transfqmix,confirm,original,final@1000000,"[10, 10, 12]",1,300,,11.447146889943394,-11.447146889943394,0.0,1.455452947402373,0.0
transfqmix,confirm,original,final@1000000,"[10, 10, 12]",2,300,,7.128155783446382,-7.128155783446382,0.0,0.8203627154300921,0.0
transfqmix,confirm,original,final@1000000,"[15, 15, 2]",0,300,,3.637000310811122,-3.637000310811122,0.0,0.8953896170383087,0.0
transfqmix,confirm,original,final@1000000,"[15, 15, 2]",1,300,,4.569074810794276,-4.569074810794276,0.0,1.4198572054130878,0.0
transfqmix,confirm,original,final@1000000,"[15, 15, 2]",2,300,,3.6780121583910965,-3.6780121583910965,0.0,1.0122539546856812,0.0
transfqmix,confirm,original,final@1000000,"[15, 15, 4]",0,300,,4.236371247382588,-4.236371247382588,0.0,0.9193766047353468,0.0
transfqmix,confirm,original,final@1000000,"[15, 15, 4]",1,300,,6.666542001745166,-6.666542001745166,0.0,1.3988630441675196,0.0
transfqmix,confirm,original,final@1000000,"[15, 15, 4]",2,300,,4.880539934320766,-4.880539934320766,0.0,0.9376353896966126,0.0
transfqmix,confirm,original,final@1000000,"[15, 15, 6]",0,300,,5.831676247695817,-5.831676247695817,0.0,0.9317510767859252,0.0
transfqmix,confirm,original,final@1000000,"[15, 15, 6]",1,300,,9.581561692050258,-9.581561692050258,0.0,1.359142396899794,0.0
transfqmix,confirm,original,final@1000000,"[15, 15, 6]",2,300,,6.511917638041366,-6.511917638041366,0.0,0.8568283385843581,0.0
transfqmix,confirm,original,final@1000000,"[20, 20, 2]",0,300,,4.901153203471906,-4.901153203471906,0.0,1.0146259444740524,0.0
transfqmix,confirm,original,final@1000000,"[20, 20, 2]",1,300,,5.327273409041669,-5.327273409041669,0.0,1.4835604718896016,0.0
transfqmix,confirm,original,final@1000000,"[20, 20, 2]",2,300,,4.417870033665368,-4.417870033665368,0.0,1.0569850701877537,0.0
transfqmix,confirm,original,final@1000000,"[20, 20, 4]",0,300,,5.659074874995114,-5.659074874995114,0.0,1.1305936975352233,0.0
transfqmix,confirm,original,final@1000000,"[20, 20, 4]",1,300,,7.891133537129154,-7.891133537129154,0.0,1.5030648027150892,0.0
transfqmix,confirm,original,final@1000000,"[20, 20, 4]",2,300,,6.296339485066764,-6.296339485066764,0.0,0.9794564097097221,0.0
transfqmix,confirm,original,final@1000000,"[20, 20, 6]",0,300,,7.153942068354828,-7.153942068354828,0.0,1.0974368468798155,0.0
transfqmix,confirm,original,final@1000000,"[20, 20, 6]",1,300,,11.230599022315458,-11.230599022315458,0.0,1.4528437763774613,0.0
transfqmix,confirm,original,final@1000000,"[20, 20, 6]",2,300,,7.47800374624604,-7.47800374624604,0.0,0.9846137641372237,0.0
transfqmix,confirm,original,final@1000000,"[25, 25, 2]",0,300,,5.774436664253506,-5.774436664253506,0.0,1.2949053958801475,0.0
transfqmix,confirm,original,final@1000000,"[25, 25, 2]",1,300,,5.789207270946587,-5.789207270946587,0.0,1.5222904975778269,0.0
transfqmix,confirm,original,final@1000000,"[25, 25, 2]",2,300,,4.950465207361985,-4.950465207361985,0.0,1.1124308503015587,0.0
transfqmix,confirm,original,final@1000000,"[30, 30, 2]",0,300,,6.663423865713791,-6.663423865713791,0.0,1.470707261613376,0.0
transfqmix,confirm,original,final@1000000,"[30, 30, 2]",1,300,,6.99197580411881,-6.99197580411881,0.0,1.6090546026907395,0.0
transfqmix,confirm,original,final@1000000,"[30, 30, 2]",2,300,,5.611288577292763,-5.611288577292763,0.0,1.2110797784291207,0.0
transfqmix,confirm,original,final@1000000,"[30, 30, 4]",0,300,,8.653545450840953,-8.653545450840953,0.0,1.4370031207664093,0.0
transfqmix,confirm,original,final@1000000,"[30, 30, 4]",1,300,,10.167026784319178,-10.167026784319178,0.0,1.57511741539444,0.0
transfqmix,confirm,original,final@1000000,"[30, 30, 4]",2,300,,7.53759362991071,-7.53759362991071,0.0,1.2283855103187185,0.0
transfqmix,confirm,original,final@1000000,"[30, 30, 6]",0,300,,10.92869117624615,-10.92869117624615,0.0,1.5191511224668162,0.0
transfqmix,confirm,original,final@1000000,"[30, 30, 6]",1,300,,15.192850880154937,-15.192850880154937,0.0,1.711433038811471,0.0
transfqmix,confirm,original,final@1000000,"[30, 30, 6]",2,300,,10.669889921888085,-10.669889921888085,0.0,1.2825602947577135,0.0
transfqmix,confirm,original,final@1000000,"[30, 30, 9]",0,300,,12.495835831407424,-12.495835831407424,0.0,1.615383101007513,0.0
transfqmix,confirm,original,final@1000000,"[30, 30, 9]",1,300,,21.2238670352751,-21.2238670352751,0.0,1.7579849941075858,0.0
transfqmix,confirm,original,final@1000000,"[30, 30, 9]",2,300,,13.842947119156882,-13.842947119156882,0.0,1.3576856441281657,0.0
transfqmix,confirm,original,final@1000000,"[30, 30, 12]",0,300,,15.77524678935451,-15.77524678935451,0.0,1.699492595216725,0.0
transfqmix,confirm,original,final@1000000,"[30, 30, 12]",1,300,,27.394139788312007,-27.394139788312007,0.0,1.7894359736664531,0.0
transfqmix,confirm,original,final@1000000,"[30, 30, 12]",2,300,,15.77381715889763,-15.77381715889763,0.0,1.4865530816816803,0.0
transfqmix,confirm,original,final@1000000,"[40, 40, 2]",0,300,,8.959077950869306,-8.959077950869306,0.0,1.8680063213526348,0.0
transfqmix,confirm,original,final@1000000,"[40, 40, 2]",1,300,,8.502069846134068,-8.502069846134068,0.0,1.765335805094801,0.0
transfqmix,confirm,original,final@1000000,"[40, 40, 2]",2,300,,6.720956268663283,-6.720956268663283,0.0,1.4823123288111917,0.0
transfqmix,confirm,original,final@1000000,"[50, 50, 2]",0,300,,9.86625503269476,-9.86625503269476,0.0,2.320831451082874,0.0
transfqmix,confirm,original,final@1000000,"[50, 50, 2]",1,300,,9.552248202634384,-9.552248202634384,0.0,1.9985243463135944,0.0
transfqmix,confirm,original,final@1000000,"[50, 50, 2]",2,300,,7.752801584411317,-7.752801584411317,0.0,1.8566703662914612,0.0
transfqmix,eval,original,final@1000000,"[4, 4, 2]",0,300,,0.8987882625012279,-0.8987882625012279,0.0,0.5784511682071024,0.0
transfqmix,eval,original,final@1000000,"[4, 4, 2]",1,300,,1.283804483130527,-1.283804483130527,0.0,0.7075932750538535,0.0
transfqmix,eval,original,final@1000000,"[4, 4, 2]",2,300,,1.2968254443477358,-1.2968254443477358,0.0,0.5946872648930488,0.0
transfqmix,eval,original,final@1000000,"[5, 5, 2]",0,300,,1.2471365461485415,-1.2471365461485415,0.0,0.651383777645921,0.0
transfqmix,eval,original,final@1000000,"[5, 5, 2]",1,300,,1.4434704085788679,-1.4434704085788679,0.0,0.7340395181662946,0.0
transfqmix,eval,original,final@1000000,"[5, 5, 2]",2,300,,1.531537475758991,-1.531537475758991,0.0,0.6908872014439355,0.0
transfqmix,eval,original,final@1000000,"[6, 6, 2]",0,300,,1.5466531125960814,-1.5466531125960814,0.0,0.698085184119603,0.0
transfqmix,eval,original,final@1000000,"[6, 6, 2]",1,300,,1.8723983024065927,-1.8723983024065927,0.0,0.751372311268351,0.0
transfqmix,eval,original,final@1000000,"[6, 6, 2]",2,300,,1.7751188033515863,-1.7751188033515863,0.0,0.7241443747262626,0.0
transfqmix,eval,original,final@1000000,"[8, 8, 2]",0,300,,2.066919701817905,-2.066919701817905,0.0,0.7414101645494036,0.0
transfqmix,eval,original,final@1000000,"[8, 8, 2]",1,300,,2.5199635498629593,-2.5199635498629593,0.0,0.8090796918367656,0.0
transfqmix,eval,original,final@1000000,"[8, 8, 2]",2,300,,2.1560275489622036,-2.1560275489622036,0.0,0.751352643412926,0.0
transfqmix,eval,original,final@1000000,"[10, 10, 2]",0,300,,2.4313265647636637,-2.4313265647636637,0.0,0.7217829179913193,0.0
transfqmix,eval,original,final@1000000,"[10, 10, 2]",1,300,,3.032319513851347,-3.032319513851347,0.0,0.9085399966948898,0.0
transfqmix,eval,original,final@1000000,"[10, 10, 2]",2,300,,2.9216834588805085,-2.9216834588805085,0.0,0.7421943596170362,0.0
transfqmix,eval,original,final@1000000,"[10, 10, 3]",0,300,,3.101177345895663,-3.101177345895663,0.0,0.7743351667638247,0.0
transfqmix,eval,original,final@1000000,"[10, 10, 3]",1,300,,3.9065487414864237,-3.9065487414864237,0.0,0.8477278419300759,0.0
transfqmix,eval,original,final@1000000,"[10, 10, 3]",2,300,,3.559203597970445,-3.559203597970445,0.0,0.7178774798781766,0.0
transfqmix,eval,original,final@1000000,"[10, 10, 4]",0,300,,3.2709802628154616,-3.2709802628154616,0.0,0.7639433226848875,0.0
transfqmix,eval,original,final@1000000,"[10, 10, 4]",1,300,,5.076377473384214,-5.076377473384214,0.0,0.846578792243187,0.0
transfqmix,eval,original,final@1000000,"[10, 10, 4]",2,300,,3.9837138579700215,-3.9837138579700215,0.0,0.7374974994745571,0.0
transfqmix,eval,original,final@1000000,"[10, 10, 6]",0,300,,4.03432725941455,-4.03432725941455,0.0,0.7673806380944249,0.0
transfqmix,eval,original,final@1000000,"[10, 10, 6]",1,300,,6.627746654627866,-6.627746654627866,0.0,0.8282888320294054,0.0
transfqmix,eval,original,final@1000000,"[10, 10, 6]",2,300,,4.809058188692286,-4.809058188692286,0.0,0.7452070914465003,0.0
transfqmix,eval,original,final@1000000,"[10, 10, 9]",0,300,,5.145776867117885,-5.145776867117885,0.0,0.8015470982492358,0.0
transfqmix,eval,original,final@1000000,"[10, 10, 9]",1,300,,9.151833075939612,-9.151833075939612,0.0,0.8630758841254282,0.0
transfqmix,eval,original,final@1000000,"[10, 10, 9]",2,300,,6.071935314055793,-6.071935314055793,0.0,0.7249148005871878,0.0
transfqmix,eval,original,final@1000000,"[10, 10, 12]",0,300,,6.361135323444847,-6.361135323444847,0.0,0.833485818618598,0.0
transfqmix,eval,original,final@1000000,"[10, 10, 12]",1,300,,11.530890744243859,-11.530890744243859,0.0,0.8790090882357132,0.0
transfqmix,eval,original,final@1000000,"[10, 10, 12]",2,300,,7.270161026544151,-7.270161026544151,0.0,0.7337855471519288,0.0
transfqmix,eval,original,final@1000000,"[15, 15, 2]",0,300,,3.3923788059267523,-3.3923788059267523,0.0,0.9346300892347548,0.0
transfqmix,eval,original,final@1000000,"[15, 15, 2]",1,300,,4.065800666003513,-4.065800666003513,0.0,0.9851870404973548,0.0
transfqmix,eval,original,final@1000000,"[15, 15, 2]",2,300,,3.4523786147020434,-3.4523786147020434,0.0,0.8706779947783798,0.0
transfqmix,eval,original,final@1000000,"[15, 15, 4]",0,300,,4.694760328344483,-4.694760328344483,0.0,0.897093446807897,0.0
transfqmix,eval,original,final@1000000,"[15, 15, 4]",1,300,,6.51030579823098,-6.51030579823098,0.0,0.9797160049913994,0.0
transfqmix,eval,original,final@1000000,"[15, 15, 4]",2,300,,5.091915372145986,-5.091915372145986,0.0,0.8257088904286501,0.0
transfqmix,eval,original,final@1000000,"[15, 15, 6]",0,300,,5.786490640608512,-5.786490640608512,0.0,0.8906061899357398,0.0
transfqmix,eval,original,final@1000000,"[15, 15, 6]",1,300,,9.37708619405628,-9.37708619405628,0.0,0.9778915421169949,0.0
transfqmix,eval,original,final@1000000,"[15, 15, 6]",2,300,,6.2066720533046515,-6.2066720533046515,0.0,0.8166926643011782,0.0
transfqmix,eval,original,final@1000000,"[20, 20, 2]",0,300,,4.655960266295227,-4.655960266295227,0.0,0.9739507814116466,0.0
transfqmix,eval,original,final@1000000,"[20, 20, 2]",1,300,,5.075866240551778,-5.075866240551778,0.0,1.0817239355235748,0.0
transfqmix,eval,original,final@1000000,"[20, 20, 2]",2,300,,4.231861745306287,-4.231861745306287,0.0,0.9629514436773025,0.0
transfqmix,eval,original,final@1000000,"[20, 20, 4]",0,300,,5.8549643890729035,-5.8549643890729035,0.0,1.0390017027555345,0.0
transfqmix,eval,original,final@1000000,"[20, 20, 4]",1,300,,7.998309073635332,-7.998309073635332,0.0,1.0777822324660762,0.0
transfqmix,eval,original,final@1000000,"[20, 20, 4]",2,300,,6.380422133294486,-6.380422133294486,0.0,0.9565978297816279,0.0
transfqmix,eval,original,final@1000000,"[20, 20, 6]",0,300,,6.989797061767512,-6.989797061767512,0.0,1.0270623066268552,0.0
transfqmix,eval,original,final@1000000,"[20, 20, 6]",1,300,,11.300104342770076,-11.300104342770076,0.0,1.1181904910184677,0.0
transfqmix,eval,original,final@1000000,"[20, 20, 6]",2,300,,7.633523132580706,-7.633523132580706,0.0,0.9331512064312119,0.0
transfqmix,eval,original,final@1000000,"[25, 25, 2]",0,300,,5.660850998946012,-5.660850998946012,0.0,1.0942064960376592,0.0
transfqmix,eval,original,final@1000000,"[25, 25, 2]",1,300,,5.873187925628541,-5.873187925628541,0.0,1.1966614472769046,0.0
transfqmix,eval,original,final@1000000,"[25, 25, 2]",2,300,,4.775891107134214,-4.775891107134214,0.0,1.0481403780641267,0.0
transfqmix,eval,original,final@1000000,"[30, 30, 2]",0,300,,6.778964513573454,-6.778964513573454,0.0,1.2568212251669806,0.0
transfqmix,eval,original,final@1000000,"[30, 30, 2]",1,300,,6.795631129291758,-6.795631129291758,0.0,1.2858001583601193,0.0
transfqmix,eval,original,final@1000000,"[30, 30, 2]",2,300,,5.530049224513695,-5.530049224513695,0.0,1.2189961452405744,0.0
transfqmix,eval,original,final@1000000,"[30, 30, 4]",0,300,,8.663450130060994,-8.663450130060994,0.0,1.28517537325252,0.0
transfqmix,eval,original,final@1000000,"[30, 30, 4]",1,300,,10.23668602259297,-10.23668602259297,0.0,1.348488025269471,0.0
transfqmix,eval,original,final@1000000,"[30, 30, 4]",2,300,,8.927697220190792,-8.927697220190792,0.0,1.188604661336091,0.0
transfqmix,eval,original,final@1000000,"[30, 30, 6]",0,300,,10.555584210951746,-10.555584210951746,0.0,1.3139564875715102,0.0
transfqmix,eval,original,final@1000000,"[30, 30, 6]",1,300,,14.562400679146222,-14.562400679146222,0.0,1.366353733918125,0.0
transfqmix,eval,original,final@1000000,"[30, 30, 6]",2,300,,11.021676005825496,-11.021676005825496,0.0,1.2170620638671485,0.0
transfqmix,eval,original,final@1000000,"[30, 30, 9]",0,300,,12.871477554404294,-12.871477554404294,0.0,1.3485476751421812,0.0
transfqmix,eval,original,final@1000000,"[30, 30, 9]",1,300,,21.19612776837647,-21.19612776837647,0.0,1.4233705431616788,0.0
transfqmix,eval,original,final@1000000,"[30, 30, 9]",2,300,,13.355288676299944,-13.355288676299944,0.0,1.2834364079328953,0.0
transfqmix,eval,original,final@1000000,"[30, 30, 12]",0,300,,14.945491967540312,-14.945491967540312,0.0,1.4569766554498347,0.0
transfqmix,eval,original,final@1000000,"[30, 30, 12]",1,300,,28.557101216049453,-28.557101216049453,0.0,1.5395557719692199,0.0
transfqmix,eval,original,final@1000000,"[30, 30, 12]",2,300,,15.82519726556466,-15.82519726556466,0.0,1.38457734855765,0.0
transfqmix,eval,original,final@1000000,"[40, 40, 2]",0,300,,8.333316333083598,-8.333316333083598,0.0,1.5656946296528138,0.0
transfqmix,eval,original,final@1000000,"[40, 40, 2]",1,300,,8.278691202405836,-8.278691202405836,0.0,1.5212210723437602,0.0
transfqmix,eval,original,final@1000000,"[40, 40, 2]",2,300,,6.690566486931488,-6.690566486931488,0.0,1.4708294371340889,0.0
transfqmix,eval,original,final@1000000,"[50, 50, 2]",0,300,,10.54010701170654,-10.54010701170654,0.0,1.806149327364401,0.0
transfqmix,eval,original,final@1000000,"[50, 50, 2]",1,300,,9.663268402842382,-9.663268402842382,0.0,1.7520122090148895,0.0
transfqmix,eval,original,final@1000000,"[50, 50, 2]",2,300,,7.668082127102936,-7.668082127102936,0.0,1.6956294329986363,0.0
