[dcg] 0:00:10  1,176/1,000,000  117.4/s  upd=0  L=-  D=-
[dcg] 0:00:25  1,563/1,000,000  60.8/s  upd=8  L=0.0488  D=-
[dcg] 0:00:43  1,913/1,000,000  44.3/s  upd=16  L=0.0457  D=-
[dcg] 0:01:02  2,326/1,000,000  37.4/s  upd=24  L=0.0384  D=-
[dcg] 0:01:22  2,748/1,000,000  33.2/s  upd=32  L=0.0345  D=-
[dcg] 0:01:43  3,097/1,000,000  30.0/s  upd=40  L=0.0345  D=-
[dcg] 0:02:02  3,469/1,000,000  28.3/s  upd=48  L=0.0349  D=-
[dcg] 0:02:22  3,866/1,000,000  27.1/s  upd=56  L=0.0342  D=-
[dcg] 0:02:41  4,237/1,000,000  26.3/s  upd=64  L=0.0335  D=-
[dcg] 0:03:01  4,610/1,000,000  25.4/s  upd=72  L=0.0429  D=-
[dcg] 0:03:19  4,960/1,000,000  24.9/s  upd=80  L=0.0405  D=-
[dcg] 0:03:39  5,319/1,000,000  24.3/s  upd=88  L=0.0370  D=-
[dcg] 0:03:56  5,653/1,000,000  23.9/s  upd=96  L=0.0408  D=-
[dcg] 0:04:13  6,041/1,000,000  23.8/s  upd=104  L=0.0442  D=-
[dcg] 0:04:32  6,367/1,000,000  23.4/s  upd=112  L=0.0473  D=-
[dcg] 0:04:51  6,795/1,000,000  23.3/s  upd=120  L=0.0382  D=-
[dcg] 0:05:07  7,163/1,000,000  23.3/s  upd=128  L=0.0431  D=-
[dcg] 0:05:21  7,163/1,000,000  22.3/s  upd=128  L=0.0431  D=-
[dcg] 0:05:39  7,553/1,000,000  22.3/s  upd=136  L=0.0429  D=-
[dcg] 0:05:58  7,960/1,000,000  22.2/s  upd=144  L=0.0514  D=-
[dcg] 0:06:18  8,348/1,000,000  22.1/s  upd=152  L=0.0549  D=-
[dcg] 0:06:36  8,701/1,000,000  21.9/s  upd=160  L=0.0488  D=-
[dcg] 0:06:56  9,110/1,000,000  21.9/s  upd=168  L=0.0455  D=-
[dcg] 0:07:14  9,487/1,000,000  21.8/s  upd=176  L=0.0493  D=-
[dcg] 0:07:35  9,839/1,000,000  21.6/s  upd=184  L=0.0461  D=-
[dcg] 0:07:55  10,222/1,000,000  21.5/s  upd=192  L=0.0464  D=-
[dcg] 0:08:13  10,535/1,000,000  21.3/s  upd=200  L=0.0563  D=-
[dcg] 0:08:31  10,912/1,000,000  21.3/s  upd=208  L=0.0711  D=-
[dcg] 0:08:50  11,275/1,000,000  21.2/s  upd=216  L=0.0365  D=-
[dcg] 0:09:09  11,624/1,000,000  21.2/s  upd=224  L=0.0411  D=-
[dcg] 0:09:27  12,036/1,000,000  21.2/s  upd=232  L=0.0494  D=-
[dcg] 0:09:43  12,382/1,000,000  21.2/s  upd=240  L=0.0325  D=-
[dcg] 0:09:58  12,719/1,000,000  21.3/s  upd=248  L=0.0440  D=-
[dcg] 0:10:13  13,106/1,000,000  21.4/s  upd=256  L=0.0417  D=-
[dcg] 0:10:30  13,532/1,000,000  21.5/s  upd=264  L=0.0392  D=-
[dcg] 0:10:53  13,883/1,000,000  21.2/s  upd=272  L=0.0361  D=-
[dcg] 0:11:13  14,231/1,000,000  21.1/s  upd=280  L=0.0492  D=-
[dcg] 0:11:32  14,630/1,000,000  21.1/s  upd=288  L=0.0304  D=-
[dcg] 0:11:53  15,064/1,000,000  21.1/s  upd=296  L=0.0349  D=-
[dcg] 0:12:13  15,464/1,000,000  21.1/s  upd=304  L=0.0543  D=-
[dcg] 0:12:34  15,908/1,000,000  21.1/s  upd=312  L=0.0428  D=-
[dcg] 0:12:53  16,228/1,000,000  21.0/s  upd=320  L=0.0333  D=-
[dcg] 0:13:12  16,581/1,000,000  20.9/s  upd=328  L=0.0371  D=-
[dcg] 0:13:31  16,915/1,000,000  20.8/s  upd=336  L=0.0480  D=-
[dcg] 0:13:51  17,284/1,000,000  20.8/s  upd=344  L=0.0390  D=-
[dcg] 0:14:09  17,649/1,000,000  20.8/s  upd=352  L=0.0404  D=-
[dcg] 0:14:27  17,981/1,000,000  20.7/s  upd=360  L=0.0613  D=-
[dcg] 0:14:49  18,392/1,000,000  20.7/s  upd=368  L=0.0370  D=-
[dcg] 0:15:07  18,744/1,000,000  20.7/s  upd=376  L=0.0355  D=-
[dcg] 0:15:24  19,088/1,000,000  20.7/s  upd=384  L=0.0302  D=-
[dcg] 0:15:41  19,438/1,000,000  20.7/s  upd=392  L=0.0369  D=-
[dcg] 0:15:53  19,438/1,000,000  20.4/s  upd=392  L=0.0369  D=-
[dcg] 0:16:10  19,780/1,000,000  20.4/s  upd=400  L=0.0456  D=-
[dcg] 0:16:34  20,151/1,000,000  20.3/s  upd=408  L=0.0334  ev=0/100  D=-
[dcg] 0:16:44  20,151/1,000,000  20.1/s  upd=408  L=0.0334  ev=32/100  D=-
[dcg] 0:16:54  20,151/1,000,000  19.9/s  upd=408  L=0.0334  ev=64/100  D=-
[dcg] 0:17:04  20,151/1,000,000  19.7/s  upd=408  L=0.0334  ev=95/100  D=-
[dcg] 0:17:14  20,151/1,000,000  19.5/s  upd=408  L=0.0334  D=6.083
[dcg] 0:17:32  20,560/1,000,000  19.5/s  upd=416  L=0.0316  D=6.083
[dcg] 0:17:52  20,889/1,000,000  19.5/s  upd=424  L=0.0484  D=6.083
[dcg] 0:18:12  21,261/1,000,000  19.5/s  upd=432  L=0.0418  D=6.083
[dcg] 0:18:29  21,606/1,000,000  19.5/s  upd=440  L=0.0470  D=6.083
[dcg] 0:18:49  21,948/1,000,000  19.4/s  upd=448  L=0.0499  D=6.083
[dcg] 0:19:08  22,398/1,000,000  19.5/s  upd=456  L=0.0481  D=6.083
[dcg] 0:19:29  22,744/1,000,000  19.4/s  upd=464  L=0.0470  D=6.083
[dcg] 0:19:48  23,094/1,000,000  19.4/s  upd=472  L=0.0570  D=6.083
[dcg] 0:20:06  23,476/1,000,000  19.5/s  upd=480  L=0.0489  D=6.083
[dcg] 0:20:25  23,836/1,000,000  19.5/s  upd=488  L=0.0325  D=6.083
[dcg] 0:20:41  24,199/1,000,000  19.5/s  upd=496  L=0.0410  D=6.083
[dcg] 0:20:56  24,545/1,000,000  19.5/s  upd=504  L=0.0433  D=6.083
[dcg] 0:21:06  24,545/1,000,000  19.4/s  upd=504  L=0.0433  D=6.083
[dcg] 0:21:22  24,906/1,000,000  19.4/s  upd=512  L=0.0401  D=6.083
[dcg] 0:21:41  25,316/1,000,000  19.5/s  upd=520  L=0.0365  D=6.083
[dcg] 0:21:58  25,654/1,000,000  19.5/s  upd=528  L=0.0504  D=6.083
[dcg] 0:22:17  26,026/1,000,000  19.5/s  upd=536  L=0.0470  D=6.083
[dcg] 0:22:38  26,461/1,000,000  19.5/s  upd=544  L=0.0401  D=6.083
[dcg] 0:22:59  26,839/1,000,000  19.5/s  upd=552  L=0.0393  D=6.083
[dcg] 0:23:18  27,287/1,000,000  19.5/s  upd=560  L=0.0322  D=6.083
[dcg] 0:23:37  27,695/1,000,000  19.5/s  upd=568  L=0.0262  D=6.083
[dcg] 0:23:55  28,005/1,000,000  19.5/s  upd=576  L=0.0399  D=6.083
[dcg] 0:24:14  28,356/1,000,000  19.5/s  upd=584  L=0.0396  D=6.083
[dcg] 0:24:35  28,751/1,000,000  19.5/s  upd=592  L=0.0456  D=6.083
[dcg] 0:24:52  29,097/1,000,000  19.5/s  upd=600  L=0.0536  D=6.083
[dcg] 0:25:12  29,454/1,000,000  19.5/s  upd=608  L=0.0472  D=6.083
[dcg] 0:25:30  29,841/1,000,000  19.5/s  upd=616  L=0.0429  D=6.083
[dcg] 0:25:51  30,301/1,000,000  19.5/s  upd=624  L=0.0393  D=6.083
[dcg] 0:26:09  30,637/1,000,000  19.5/s  upd=632  L=0.0478  D=6.083
[dcg] 0:26:20  30,637/1,000,000  19.4/s  upd=632  L=0.0478  D=6.083
[dcg] 0:26:36  30,992/1,000,000  19.4/s  upd=640  L=0.0487  D=6.083
[dcg] 0:26:55  31,400/1,000,000  19.4/s  upd=648  L=0.0391  D=6.083
[dcg] 0:27:15  31,790/1,000,000  19.4/s  upd=656  L=0.0437  D=6.083
[dcg] 0:27:35  32,163/1,000,000  19.4/s  upd=664  L=0.0427  D=6.083
[dcg] 0:27:55  32,584/1,000,000  19.5/s  upd=672  L=0.0477  D=6.083
[dcg] 0:28:13  32,960/1,000,000  19.5/s  upd=680  L=0.0470  D=6.083
[dcg] 0:28:32  33,304/1,000,000  19.5/s  upd=688  L=0.0346  D=6.083
[dcg] 0:28:52  33,718/1,000,000  19.5/s  upd=696  L=0.0652  D=6.083
[dcg] 0:29:13  34,145/1,000,000  19.5/s  upd=704  L=0.0427  D=6.083
[dcg] 0:29:32  34,540/1,000,000  19.5/s  upd=712  L=0.0477  D=6.083
[dcg] 0:29:53  34,936/1,000,000  19.5/s  upd=720  L=0.0434  D=6.083
[dcg] 0:30:12  35,319/1,000,000  19.5/s  upd=728  L=0.0358  D=6.083
[dcg] 0:30:31  35,674/1,000,000  19.5/s  upd=736  L=0.0365  D=6.083
[dcg] 0:30:50  36,064/1,000,000  19.5/s  upd=744  L=0.0441  D=6.083
[dcg] 0:31:09  36,405/1,000,000  19.5/s  upd=752  L=0.0466  D=6.083
[dcg] 0:31:26  36,759/1,000,000  19.5/s  upd=760  L=0.0396  D=6.083
[dcg] 0:31:50  37,118/1,000,000  19.4/s  upd=768  L=0.0504  D=6.083
[dcg] 0:32:07  37,502/1,000,000  19.5/s  upd=776  L=0.0604  D=6.083
[dcg] 0:32:25  37,850/1,000,000  19.5/s  upd=784  L=0.0496  D=6.083
[dcg] 0:32:43  38,206/1,000,000  19.5/s  upd=792  L=0.0469  D=6.083
[dcg] 0:32:59  38,537/1,000,000  19.5/s  upd=800  L=0.0221  D=6.083
[dcg] 0:33:17  38,899/1,000,000  19.5/s  upd=808  L=0.0552  D=6.083
[dcg] 0:33:34  39,335/1,000,000  19.5/s  upd=816  L=0.0373  D=6.083
[dcg] 0:33:52  39,698/1,000,000  19.5/s  upd=824  L=0.0425  D=6.083
[dcg] 0:34:14  40,040/1,000,000  19.5/s  upd=832  L=0.0539  ev=0/100  D=6.083
[dcg] 0:34:24  40,040/1,000,000  19.4/s  upd=832  L=0.0539  ev=35/100  D=6.083
[dcg] 0:34:34  40,040/1,000,000  19.3/s  upd=832  L=0.0539  ev=64/100  D=6.083
[dcg] 0:34:44  40,040/1,000,000  19.2/s  upd=832  L=0.0539  ev=96/100  D=6.083
[dcg] 0:35:10  40,436/1,000,000  19.2/s  upd=840  L=0.0609  D=5.151
[dcg] 0:35:30  40,783/1,000,000  19.1/s  upd=848  L=0.0206  D=5.151
[dcg] 0:35:51  41,264/1,000,000  19.2/s  upd=856  L=0.0390  D=5.151
[dcg] 0:36:10  41,610/1,000,000  19.2/s  upd=864  L=0.0468  D=5.151
[dcg] 0:36:30  41,981/1,000,000  19.2/s  upd=872  L=0.0440  D=5.151
[dcg] 0:36:50  42,446/1,000,000  19.2/s  upd=880  L=0.0381  D=5.151
[dcg] 0:37:12  42,837/1,000,000  19.2/s  upd=888  L=0.0393  D=5.151
[dcg] 0:37:32  43,230/1,000,000  19.2/s  upd=896  L=0.0420  D=5.151
[dcg] 0:37:53  43,647/1,000,000  19.2/s  upd=904  L=0.0447  D=5.151
[dcg] 0:38:14  44,120/1,000,000  19.2/s  upd=912  L=0.0254  D=5.151
[dcg] 0:38:34  44,469/1,000,000  19.2/s  upd=920  L=0.0350  D=5.151
[dcg] 0:38:55  44,877/1,000,000  19.2/s  upd=928  L=0.0551  D=5.151
[dcg] 0:39:15  45,263/1,000,000  19.2/s  upd=936  L=0.0507  D=5.151
[dcg] 0:39:36  45,595/1,000,000  19.2/s  upd=944  L=0.0456  D=5.151
[dcg] 0:39:56  46,019/1,000,000  19.2/s  upd=952  L=0.0364  D=5.151
[dcg] 0:40:17  46,401/1,000,000  19.2/s  upd=960  L=0.0399  D=5.151
[dcg] 0:40:38  46,794/1,000,000  19.2/s  upd=968  L=0.0450  D=5.151
[dcg] 0:40:56  47,135/1,000,000  19.2/s  upd=976  L=0.0560  D=5.151
[dcg] 0:41:14  47,480/1,000,000  19.2/s  upd=984  L=0.0501  D=5.151
[dcg] 0:41:35  47,880/1,000,000  19.2/s  upd=992  L=0.0389  D=5.151
[dcg] 0:41:55  48,317/1,000,000  19.2/s  upd=1000  L=0.0402  D=5.151
[dcg] 0:42:14  48,654/1,000,000  19.2/s  upd=1008  L=0.0426  D=5.151
[dcg] 0:42:38  49,023/1,000,000  19.2/s  upd=1016  L=0.0375  D=5.151
[dcg] 0:42:57  49,363/1,000,000  19.1/s  upd=1024  L=0.0373  D=5.151
[dcg] 0:43:17  49,735/1,000,000  19.2/s  upd=1032  L=0.0428  D=5.151
[dcg] 0:43:32  50,077/1,000,000  19.2/s  upd=1040  L=0.0516  D=5.151
[dcg] 0:43:49  50,427/1,000,000  19.2/s  upd=1048  L=0.0348  D=5.151
[dcg] 0:44:10  50,786/1,000,000  19.2/s  upd=1056  L=0.0494  D=5.151
[dcg] 0:44:29  51,157/1,000,000  19.2/s  upd=1064  L=0.0430  D=5.151
[dcg] 0:44:49  51,526/1,000,000  19.2/s  upd=1072  L=0.0469  D=5.151
[dcg] 0:45:09  51,871/1,000,000  19.1/s  upd=1080  L=0.0484  D=5.151
[dcg] 0:45:27  52,236/1,000,000  19.1/s  upd=1088  L=0.0469  D=5.151
[dcg] 0:45:46  52,540/1,000,000  19.1/s  upd=1096  L=0.0463  D=5.151
[dcg] 0:46:04  52,886/1,000,000  19.1/s  upd=1104  L=0.0463  D=5.151
[dcg] 0:46:24  53,226/1,000,000  19.1/s  upd=1112  L=0.0533  D=5.151
[dcg] 0:46:43  53,658/1,000,000  19.1/s  upd=1120  L=0.0395  D=5.151
[dcg] 0:47:00  54,002/1,000,000  19.1/s  upd=1128  L=0.0309  D=5.151
[dcg] 0:47:22  54,461/1,000,000  19.2/s  upd=1136  L=0.0377  D=5.151
[dcg] 0:47:46  54,945/1,000,000  19.2/s  upd=1144  L=0.0426  D=5.151
[dcg] 0:48:05  55,278/1,000,000  19.2/s  upd=1152  L=0.0414  D=5.151
[dcg] 0:48:23  55,637/1,000,000  19.2/s  upd=1160  L=0.0604  D=5.151
[dcg] 0:48:43  55,988/1,000,000  19.2/s  upd=1168  L=0.0344  D=5.151
[dcg] 0:49:04  56,388/1,000,000  19.2/s  upd=1176  L=0.0491  D=5.151
[dcg] 0:49:24  56,784/1,000,000  19.2/s  upd=1184  L=0.0672  D=5.151
[dcg] 0:49:44  57,113/1,000,000  19.1/s  upd=1192  L=0.0488  D=5.151
[dcg] 0:50:05  57,497/1,000,000  19.1/s  upd=1200  L=0.0296  D=5.151
[dcg] 0:50:24  57,846/1,000,000  19.1/s  upd=1208  L=0.0357  D=5.151
[dcg] 0:50:44  58,192/1,000,000  19.1/s  upd=1216  L=0.0499  D=5.151
[dcg] 0:51:02  58,525/1,000,000  19.1/s  upd=1224  L=0.0469  D=5.151
[dcg] 0:51:21  58,913/1,000,000  19.1/s  upd=1232  L=0.0469  D=5.151
[dcg] 0:51:38  59,323/1,000,000  19.1/s  upd=1240  L=0.0434  D=5.151
[dcg] 0:51:56  59,656/1,000,000  19.1/s  upd=1248  L=0.0419  D=5.151
[dcg] 0:52:19  60,053/1,000,000  19.1/s  upd=1256  L=0.0331  ev=0/100  D=5.151
[dcg] 0:52:29  60,053/1,000,000  19.1/s  upd=1256  L=0.0331  ev=30/100  D=5.151
[dcg] 0:52:39  60,053/1,000,000  19.0/s  upd=1256  L=0.0331  ev=63/100  D=5.151
[dcg] 0:52:49  60,053/1,000,000  18.9/s  upd=1256  L=0.0331  ev=96/100  D=5.151
[dcg] 0:52:59  60,053/1,000,000  18.9/s  upd=1256  L=0.0331  D=4.949
[dcg] 0:53:23  60,466/1,000,000  18.9/s  upd=1264  L=0.0627  D=4.949
[dcg] 0:53:43  60,812/1,000,000  18.9/s  upd=1272  L=0.0404  D=4.949
[dcg] 0:54:02  61,211/1,000,000  18.9/s  upd=1280  L=0.0645  D=4.949
[dcg] 0:54:21  61,664/1,000,000  18.9/s  upd=1288  L=0.0360  D=4.949
[dcg] 0:54:44  62,072/1,000,000  18.9/s  upd=1296  L=0.0472  D=4.949
[dcg] 0:55:01  62,414/1,000,000  18.9/s  upd=1304  L=0.0354  D=4.949
[dcg] 0:55:20  62,804/1,000,000  18.9/s  upd=1312  L=0.0290  D=4.949
[dcg] 0:55:37  63,181/1,000,000  18.9/s  upd=1320  L=0.0383  D=4.949
[dcg] 0:55:55  63,531/1,000,000  18.9/s  upd=1328  L=0.0563  D=4.949
[dcg] 0:56:16  63,926/1,000,000  18.9/s  upd=1336  L=0.0355  D=4.949
[dcg] 0:56:34  64,263/1,000,000  18.9/s  upd=1344  L=0.0466  D=4.949
[dcg] 0:56:54  64,640/1,000,000  18.9/s  upd=1352  L=0.0537  D=4.949
[dcg] 0:57:16  65,040/1,000,000  18.9/s  upd=1360  L=0.0471  D=4.949
[dcg] 0:57:35  65,399/1,000,000  18.9/s  upd=1368  L=0.0468  D=4.949
[dcg] 0:57:57  65,802/1,000,000  18.9/s  upd=1376  L=0.0460  D=4.949
[dcg] 0:58:12  66,222/1,000,000  19.0/s  upd=1384  L=0.0436  D=4.949
[dcg] 0:58:40  66,644/1,000,000  18.9/s  upd=1392  L=0.0422  D=4.949
[dcg] 0:58:59  67,044/1,000,000  18.9/s  upd=1400  L=0.0325  D=4.949
[dcg] 0:59:19  67,399/1,000,000  18.9/s  upd=1408  L=0.0339  D=4.949
[dcg] 0:59:36  67,776/1,000,000  19.0/s  upd=1416  L=0.0298  D=4.949
[dcg] 0:59:54  68,113/1,000,000  18.9/s  upd=1424  L=0.0478  D=4.949
[dcg] 1:00:14  68,471/1,000,000  18.9/s  upd=1432  L=0.0439  D=4.949
[dcg] 1:00:32  68,804/1,000,000  18.9/s  upd=1440  L=0.0412  D=4.949
[dcg] 1:00:54  69,229/1,000,000  18.9/s  upd=1448  L=0.0639  D=4.949
[dcg] 1:01:14  69,621/1,000,000  18.9/s  upd=1456  L=0.0287  D=4.949
[dcg] 1:01:35  70,000/1,000,000  18.9/s  upd=1464  L=0.0494  D=4.949
[dcg] 1:01:54  70,358/1,000,000  18.9/s  upd=1472  L=0.0295  D=4.949
[dcg] 1:02:14  70,748/1,000,000  18.9/s  upd=1480  L=0.0409  D=4.949
[dcg] 1:02:33  71,109/1,000,000  18.9/s  upd=1488  L=0.0442  D=4.949
[dcg] 1:02:53  71,479/1,000,000  18.9/s  upd=1496  L=0.0510  D=4.949
[dcg] 1:03:11  71,840/1,000,000  18.9/s  upd=1504  L=0.0400  D=4.949
[dcg] 1:03:29  72,306/1,000,000  19.0/s  upd=1512  L=0.0472  D=4.949
[dcg] 1:03:50  72,694/1,000,000  19.0/s  upd=1520  L=0.0479  D=4.949
[dcg] 1:04:10  73,048/1,000,000  19.0/s  upd=1528  L=0.0454  D=4.949
[dcg] 1:04:27  73,391/1,000,000  19.0/s  upd=1536  L=0.0429  D=4.949
[dcg] 1:04:46  73,807/1,000,000  19.0/s  upd=1544  L=0.0374  D=4.949
[dcg] 1:05:07  74,229/1,000,000  19.0/s  upd=1552  L=0.0295  D=4.949
[dcg] 1:05:28  74,672/1,000,000  19.0/s  upd=1560  L=0.0455  D=4.949
[dcg] 1:05:48  75,007/1,000,000  19.0/s  upd=1568  L=0.0494  D=4.949
[dcg] 1:06:09  75,438/1,000,000  19.0/s  upd=1576  L=0.0643  D=4.949
[dcg] 1:06:28  75,896/1,000,000  19.0/s  upd=1584  L=0.0443  D=4.949
[dcg] 1:06:46  76,309/1,000,000  19.0/s  upd=1592  L=0.0425  D=4.949
[dcg] 1:07:03  76,710/1,000,000  19.1/s  upd=1600  L=0.0620  D=4.949
[dcg] 1:07:21  77,074/1,000,000  19.1/s  upd=1608  L=0.0413  D=4.949
[dcg] 1:07:39  77,446/1,000,000  19.1/s  upd=1616  L=0.0519  D=4.949
[dcg] 1:08:00  77,784/1,000,000  19.1/s  upd=1624  L=0.0539  D=4.949
[dcg] 1:08:20  78,256/1,000,000  19.1/s  upd=1632  L=0.0316  D=4.949
[dcg] 1:08:38  78,619/1,000,000  19.1/s  upd=1640  L=0.0469  D=4.949
[dcg] 1:09:01  78,989/1,000,000  19.1/s  upd=1648  L=0.0616  D=4.949
[dcg] 1:09:17  79,348/1,000,000  19.1/s  upd=1656  L=0.0495  D=4.949
[dcg] 1:09:34  79,810/1,000,000  19.1/s  upd=1664  L=0.0401  D=4.949
[dcg] 1:09:56  80,163/1,000,000  19.1/s  upd=1672  L=0.0351  ev=0/100  D=4.949
[dcg] 1:10:06  80,163/1,000,000  19.1/s  upd=1672  L=0.0351  ev=32/100  D=4.949
[dcg] 1:10:16  80,163/1,000,000  19.0/s  upd=1672  L=0.0351  ev=64/100  D=4.949
[dcg] 1:10:26  80,163/1,000,000  19.0/s  upd=1672  L=0.0351  ev=96/100  D=4.949
[dcg] 1:10:53  80,534/1,000,000  18.9/s  upd=1680  L=0.0453  D=5.424
[dcg] 1:11:11  80,846/1,000,000  18.9/s  upd=1688  L=0.0399  D=5.424
[dcg] 1:11:30  81,193/1,000,000  18.9/s  upd=1696  L=0.0362  D=5.424
[dcg] 1:11:49  81,551/1,000,000  18.9/s  upd=1704  L=0.0493  D=5.424
[dcg] 1:12:09  81,961/1,000,000  18.9/s  upd=1712  L=0.0649  D=5.424
[dcg] 1:12:31  82,356/1,000,000  18.9/s  upd=1720  L=0.0405  D=5.424
[dcg] 1:12:49  82,754/1,000,000  18.9/s  upd=1728  L=0.0407  D=5.424
[dcg] 1:13:07  83,099/1,000,000  18.9/s  upd=1736  L=0.0305  D=5.424
[dcg] 1:13:27  83,484/1,000,000  18.9/s  upd=1744  L=0.0460  D=5.424
[dcg] 1:13:46  83,873/1,000,000  18.9/s  upd=1752  L=0.0541  D=5.424
[dcg] 1:14:09  84,243/1,000,000  18.9/s  upd=1760  L=0.0519  D=5.424
[dcg] 1:14:31  84,632/1,000,000  18.9/s  upd=1768  L=0.0380  D=5.424
[dcg] 1:14:50  84,969/1,000,000  18.9/s  upd=1776  L=0.0391  D=5.424
[dcg] 1:15:06  85,287/1,000,000  18.9/s  upd=1784  L=0.0312  D=5.424
[dcg] 1:15:24  85,597/1,000,000  18.9/s  upd=1792  L=0.0337  D=5.424
[dcg] 1:15:46  85,929/1,000,000  18.9/s  upd=1800  L=0.0268  D=5.424
[dcg] 1:16:06  86,262/1,000,000  18.9/s  upd=1808  L=0.0451  D=5.424
[dcg] 1:16:26  86,619/1,000,000  18.9/s  upd=1816  L=0.0368  D=5.424
[dcg] 1:16:43  86,969/1,000,000  18.9/s  upd=1824  L=0.0413  D=5.424
[dcg] 1:17:03  87,345/1,000,000  18.9/s  upd=1832  L=0.0354  D=5.424
[dcg] 1:17:23  87,683/1,000,000  18.9/s  upd=1840  L=0.0390  D=5.424
[dcg] 1:17:43  88,037/1,000,000  18.9/s  upd=1848  L=0.0429  D=5.424
[dcg] 1:17:59  88,376/1,000,000  18.9/s  upd=1856  L=0.0436  D=5.424
[dcg] 1:18:18  88,750/1,000,000  18.9/s  upd=1864  L=0.0537  D=5.424
[dcg] 1:18:36  89,166/1,000,000  18.9/s  upd=1872  L=0.0369  D=5.424
[dcg] 1:18:53  89,538/1,000,000  18.9/s  upd=1880  L=0.0391  D=5.424
[dcg] 1:19:18  89,886/1,000,000  18.9/s  upd=1888  L=0.0497  D=5.424
[dcg] 1:19:37  90,226/1,000,000  18.9/s  upd=1896  L=0.0595  D=5.424
[dcg] 1:19:55  90,562/1,000,000  18.9/s  upd=1904  L=0.0372  D=5.424
[dcg] 1:20:13  90,976/1,000,000  18.9/s  upd=1912  L=0.0486  D=5.424
[dcg] 1:20:33  91,321/1,000,000  18.9/s  upd=1920  L=0.0511  D=5.424
[dcg] 1:20:51  91,654/1,000,000  18.9/s  upd=1928  L=0.0482  D=5.424
[dcg] 1:21:12  92,024/1,000,000  18.9/s  upd=1936  L=0.0339  D=5.424
[dcg] 1:21:31  92,381/1,000,000  18.9/s  upd=1944  L=0.0397  D=5.424
[dcg] 1:21:51  92,689/1,000,000  18.9/s  upd=1952  L=0.0402  D=5.424
[dcg] 1:22:11  93,087/1,000,000  18.9/s  upd=1960  L=0.0455  D=5.424
[dcg] 1:22:30  93,427/1,000,000  18.9/s  upd=1968  L=0.0371  D=5.424
[dcg] 1:22:51  93,835/1,000,000  18.9/s  upd=1976  L=0.0427  D=5.424
[dcg] 1:23:10  94,164/1,000,000  18.9/s  upd=1984  L=0.0523  D=5.424
[dcg] 1:23:26  94,514/1,000,000  18.9/s  upd=1992  L=0.0426  D=5.424
[dcg] 1:23:45  94,831/1,000,000  18.9/s  upd=2000  L=0.0494  D=5.424
[dcg] 1:24:06  95,185/1,000,000  18.9/s  upd=2008  L=0.0508  D=5.424
[dcg] 1:24:30  95,512/1,000,000  18.8/s  upd=2016  L=0.0440  D=5.424
[dcg] 1:24:48  95,843/1,000,000  18.8/s  upd=2024  L=0.0623  D=5.424
[dcg] 1:25:09  96,181/1,000,000  18.8/s  upd=2032  L=0.0562  D=5.424
[dcg] 1:25:28  96,574/1,000,000  18.8/s  upd=2040  L=0.0378  D=5.424
[dcg] 1:25:45  96,943/1,000,000  18.8/s  upd=2048  L=0.0333  D=5.424
[dcg] 1:26:03  97,326/1,000,000  18.8/s  upd=2056  L=0.0370  D=5.424
[dcg] 1:26:23  97,834/1,000,000  18.9/s  upd=2064  L=0.0456  D=5.424
[dcg] 1:26:43  98,165/1,000,000  18.9/s  upd=2072  L=0.0438  D=5.424
[dcg] 1:27:01  98,494/1,000,000  18.9/s  upd=2080  L=0.0394  D=5.424
[dcg] 1:27:20  98,854/1,000,000  18.9/s  upd=2088  L=0.0436  D=5.424
[dcg] 1:27:36  99,201/1,000,000  18.9/s  upd=2096  L=0.0414  D=5.424
[dcg] 1:27:53  99,562/1,000,000  18.9/s  upd=2104  L=0.0426  D=5.424
[dcg] 1:28:09  99,905/1,000,000  18.9/s  upd=2112  L=0.0500  D=5.424
[dcg] 1:28:31  100,280/1,000,000  18.9/s  upd=2120  L=0.0475  ev=0/100  D=5.424
[dcg] 1:28:41  100,280/1,000,000  18.8/s  upd=2120  L=0.0475  ev=32/100  D=5.424
[dcg] 1:28:51  100,280/1,000,000  18.8/s  upd=2120  L=0.0475  ev=64/100  D=5.424
[dcg] 1:29:01  100,280/1,000,000  18.8/s  upd=2120  L=0.0475  ev=95/100  D=5.424
[dcg] 1:29:11  100,280/1,000,000  18.7/s  upd=2120  L=0.0475  D=4.645
[dcg] 1:29:26  100,656/1,000,000  18.8/s  upd=2128  L=0.0376  D=4.645
[dcg] 1:29:50  100,991/1,000,000  18.7/s  upd=2136  L=0.0465  D=4.645
[dcg] 1:30:07  101,345/1,000,000  18.7/s  upd=2144  L=0.0304  D=4.645
[dcg] 1:30:23  101,709/1,000,000  18.8/s  upd=2152  L=0.0493  D=4.645
[dcg] 1:30:39  102,050/1,000,000  18.8/s  upd=2160  L=0.0387  D=4.645
[dcg] 1:30:56  102,399/1,000,000  18.8/s  upd=2168  L=0.0384  D=4.645
[dcg] 1:31:16  102,805/1,000,000  18.8/s  upd=2176  L=0.0566  D=4.645
[dcg] 1:31:36  103,202/1,000,000  18.8/s  upd=2184  L=0.0426  D=4.645
[dcg] 1:31:58  103,628/1,000,000  18.8/s  upd=2192  L=0.0543  D=4.645
[dcg] 1:32:19  104,059/1,000,000  18.8/s  upd=2200  L=0.0391  D=4.645
[dcg] 1:32:36  104,475/1,000,000  18.8/s  upd=2208  L=0.0571  D=4.645
[dcg] 1:32:56  104,885/1,000,000  18.8/s  upd=2216  L=0.0485  D=4.645
[dcg] 1:33:16  105,291/1,000,000  18.8/s  upd=2224  L=0.0428  D=4.645
[dcg] 1:33:35  105,714/1,000,000  18.8/s  upd=2232  L=0.0390  D=4.645
[dcg] 1:33:55  106,113/1,000,000  18.8/s  upd=2240  L=0.0296  D=4.645
[dcg] 1:34:17  106,533/1,000,000  18.8/s  upd=2248  L=0.0398  D=4.645
[dcg] 1:34:36  106,865/1,000,000  18.8/s  upd=2256  L=0.0397  D=4.645
[dcg] 1:35:01  107,225/1,000,000  18.8/s  upd=2264  L=0.0506  D=4.645
[dcg] 1:35:21  107,593/1,000,000  18.8/s  upd=2272  L=0.0344  D=4.645
[dcg] 1:35:39  107,945/1,000,000  18.8/s  upd=2280  L=0.0427  D=4.645
[dcg] 1:35:59  108,278/1,000,000  18.8/s  upd=2288  L=0.0491  D=4.645
[dcg] 1:36:16  108,674/1,000,000  18.8/s  upd=2296  L=0.0511  D=4.645
[dcg] 1:36:36  109,043/1,000,000  18.8/s  upd=2304  L=0.0397  D=4.645
[dcg] 1:36:54  109,412/1,000,000  18.8/s  upd=2312  L=0.0487  D=4.645
[dcg] 1:37:14  109,787/1,000,000  18.8/s  upd=2320  L=0.0380  D=4.645
[dcg] 1:37:35  110,174/1,000,000  18.8/s  upd=2328  L=0.0492  D=4.645
[dcg] 1:37:55  110,523/1,000,000  18.8/s  upd=2336  L=0.0468  D=4.645
[dcg] 1:38:15  110,897/1,000,000  18.8/s  upd=2344  L=0.0383  D=4.645
[dcg] 1:38:34  111,232/1,000,000  18.8/s  upd=2352  L=0.0310  D=4.645
[dcg] 1:38:53  111,567/1,000,000  18.8/s  upd=2360  L=0.0561  D=4.645
[dcg] 1:39:15  111,914/1,000,000  18.8/s  upd=2368  L=0.0475  D=4.645
[dcg] 1:39:32  112,268/1,000,000  18.8/s  upd=2376  L=0.0490  D=4.645
[dcg] 1:39:51  112,597/1,000,000  18.8/s  upd=2384  L=0.0476  D=4.645
[dcg] 1:40:16  112,955/1,000,000  18.8/s  upd=2392  L=0.0448  D=4.645
[dcg] 1:40:34  113,315/1,000,000  18.8/s  upd=2400  L=0.0392  D=4.645
[dcg] 1:40:53  113,676/1,000,000  18.8/s  upd=2408  L=0.0337  D=4.645
[dcg] 1:41:13  114,059/1,000,000  18.8/s  upd=2416  L=0.0457  D=4.645
[dcg] 1:41:29  114,410/1,000,000  18.8/s  upd=2424  L=0.0388  D=4.645
[dcg] 1:41:46  114,769/1,000,000  18.8/s  upd=2432  L=0.0451  D=4.645
[dcg] 1:42:04  115,154/1,000,000  18.8/s  upd=2440  L=0.0523  D=4.645
[dcg] 1:42:21  115,513/1,000,000  18.8/s  upd=2448  L=0.0418  D=4.645
[dcg] 1:42:42  115,930/1,000,000  18.8/s  upd=2456  L=0.0527  D=4.645
[dcg] 1:43:01  116,287/1,000,000  18.8/s  upd=2464  L=0.0520  D=4.645
[dcg] 1:43:22  116,643/1,000,000  18.8/s  upd=2472  L=0.0609  D=4.645
[dcg] 1:43:41  117,007/1,000,000  18.8/s  upd=2480  L=0.0486  D=4.645
[dcg] 1:44:00  117,337/1,000,000  18.8/s  upd=2488  L=0.0425  D=4.645
[dcg] 1:44:21  117,679/1,000,000  18.8/s  upd=2496  L=0.0325  D=4.645
[dcg] 1:44:39  118,038/1,000,000  18.8/s  upd=2504  L=0.0530  D=4.645
[dcg] 1:45:01  118,484/1,000,000  18.8/s  upd=2512  L=0.0466  D=4.645
[dcg] 1:45:26  118,876/1,000,000  18.8/s  upd=2520  L=0.0489  D=4.645
[dcg] 1:45:43  119,262/1,000,000  18.8/s  upd=2528  L=0.0396  D=4.645
[dcg] 1:46:00  119,607/1,000,000  18.8/s  upd=2536  L=0.0427  D=4.645
[dcg] 1:46:17  119,966/1,000,000  18.8/s  upd=2544  L=0.0378  D=4.645
[dcg] 1:46:42  120,391/1,000,000  18.8/s  upd=2552  L=0.0405  ev=0/100  D=4.645
[dcg] 1:46:52  120,391/1,000,000  18.8/s  upd=2552  L=0.0405  ev=35/100  D=4.645
[dcg] 1:47:03  120,391/1,000,000  18.7/s  upd=2552  L=0.0405  ev=61/100  D=4.645
[dcg] 1:47:13  120,391/1,000,000  18.7/s  upd=2552  L=0.0405  ev=95/100  D=4.645
[dcg] 1:47:37  120,787/1,000,000  18.7/s  upd=2560  L=0.0501  D=4.245
[dcg] 1:47:58  121,147/1,000,000  18.7/s  upd=2568  L=0.0499  D=4.245
[dcg] 1:48:17  121,531/1,000,000  18.7/s  upd=2576  L=0.0572  D=4.245
[dcg] 1:48:37  121,932/1,000,000  18.7/s  upd=2584  L=0.0484  D=4.245
[dcg] 1:48:58  122,291/1,000,000  18.7/s  upd=2592  L=0.0423  D=4.245
[dcg] 1:49:14  122,612/1,000,000  18.7/s  upd=2600  L=0.0504  D=4.245
[dcg] 1:49:34  122,988/1,000,000  18.7/s  upd=2608  L=0.0635  D=4.245
[dcg] 1:49:54  123,351/1,000,000  18.7/s  upd=2616  L=0.0513  D=4.245
[dcg] 1:50:15  123,775/1,000,000  18.7/s  upd=2624  L=0.0348  D=4.245
[dcg] 1:50:38  124,126/1,000,000  18.7/s  upd=2632  L=0.0517  D=4.245
[dcg] 1:50:56  124,506/1,000,000  18.7/s  upd=2640  L=0.0336  D=4.245
[dcg] 1:51:15  124,920/1,000,000  18.7/s  upd=2648  L=0.0530  D=4.245
[dcg] 1:51:36  125,290/1,000,000  18.7/s  upd=2656  L=0.0303  D=4.245
[dcg] 1:51:56  125,714/1,000,000  18.7/s  upd=2664  L=0.0481  D=4.245
[dcg] 1:52:15  126,056/1,000,000  18.7/s  upd=2672  L=0.0538  D=4.245
[dcg] 1:52:35  126,396/1,000,000  18.7/s  upd=2680  L=0.0630  D=4.245
[dcg] 1:52:53  126,817/1,000,000  18.7/s  upd=2688  L=0.0332  D=4.245
[dcg] 1:53:12  127,169/1,000,000  18.7/s  upd=2696  L=0.0389  D=4.245
[dcg] 1:53:29  127,492/1,000,000  18.7/s  upd=2704  L=0.0384  D=4.245
[dcg] 1:53:46  127,876/1,000,000  18.7/s  upd=2712  L=0.0413  D=4.245
[dcg] 1:54:05  128,202/1,000,000  18.7/s  upd=2720  L=0.0399  D=4.245
[dcg] 1:54:24  128,594/1,000,000  18.7/s  upd=2728  L=0.0459  D=4.245
[dcg] 1:54:43  128,912/1,000,000  18.7/s  upd=2736  L=0.0597  D=4.245
[dcg] 1:55:01  129,251/1,000,000  18.7/s  upd=2744  L=0.0517  D=4.245
[dcg] 1:55:20  129,584/1,000,000  18.7/s  upd=2752  L=0.0434  D=4.245
[dcg] 1:55:39  129,901/1,000,000  18.7/s  upd=2760  L=0.0385  D=4.245
[dcg] 1:56:04  130,228/1,000,000  18.7/s  upd=2768  L=0.0490  D=4.245
[dcg] 1:56:22  130,581/1,000,000  18.7/s  upd=2776  L=0.0288  D=4.245
[dcg] 1:56:40  130,910/1,000,000  18.7/s  upd=2784  L=0.0544  D=4.245
[dcg] 1:56:59  131,246/1,000,000  18.7/s  upd=2792  L=0.0501  D=4.245
[dcg] 1:57:20  131,664/1,000,000  18.7/s  upd=2800  L=0.0522  D=4.245
[dcg] 1:57:38  132,034/1,000,000  18.7/s  upd=2808  L=0.0474  D=4.245
[dcg] 1:57:57  132,385/1,000,000  18.7/s  upd=2816  L=0.0422  D=4.245
[dcg] 1:58:16  132,767/1,000,000  18.7/s  upd=2824  L=0.0355  D=4.245
[dcg] 1:58:36  133,121/1,000,000  18.7/s  upd=2832  L=0.0298  D=4.245
[dcg] 1:58:55  133,447/1,000,000  18.7/s  upd=2840  L=0.0371  D=4.245
[dcg] 1:59:16  133,806/1,000,000  18.7/s  upd=2848  L=0.0286  D=4.245
[dcg] 1:59:34  134,180/1,000,000  18.7/s  upd=2856  L=0.0611  D=4.245
[dcg] 1:59:53  134,554/1,000,000  18.7/s  upd=2864  L=0.0354  D=4.245
[dcg] 2:00:11  134,879/1,000,000  18.7/s  upd=2872  L=0.0292  D=4.245
[dcg] 2:00:31  135,251/1,000,000  18.7/s  upd=2880  L=0.0354  D=4.245
[dcg] 2:00:52  135,617/1,000,000  18.7/s  upd=2888  L=0.0487  D=4.245
[dcg] 2:01:17  135,962/1,000,000  18.7/s  upd=2896  L=0.0310  D=4.245
[dcg] 2:01:35  136,289/1,000,000  18.7/s  upd=2904  L=0.0356  D=4.245
[dcg] 2:01:55  136,692/1,000,000  18.7/s  upd=2912  L=0.0663  D=4.245
[dcg] 2:02:15  137,048/1,000,000  18.7/s  upd=2920  L=0.0539  D=4.245
[dcg] 2:02:37  137,474/1,000,000  18.7/s  upd=2928  L=0.0550  D=4.245
[dcg] 2:02:55  137,811/1,000,000  18.7/s  upd=2936  L=0.0352  D=4.245
[dcg] 2:03:14  138,184/1,000,000  18.7/s  upd=2944  L=0.0341  D=4.245
[dcg] 2:03:33  138,555/1,000,000  18.7/s  upd=2952  L=0.0423  D=4.245
[dcg] 2:03:50  138,914/1,000,000  18.7/s  upd=2960  L=0.0281  D=4.245
[dcg] 2:04:07  139,256/1,000,000  18.7/s  upd=2968  L=0.0422  D=4.245
[dcg] 2:04:23  139,594/1,000,000  18.7/s  upd=2976  L=0.0688  D=4.245
[dcg] 2:04:39  139,972/1,000,000  18.7/s  upd=2984  L=0.0463  D=4.245
[dcg] 2:05:01  140,316/1,000,000  18.7/s  upd=2992  L=0.0453  ev=0/100  D=4.245
[dcg] 2:05:11  140,316/1,000,000  18.7/s  upd=2992  L=0.0453  ev=33/100  D=4.245
[dcg] 2:05:21  140,316/1,000,000  18.7/s  upd=2992  L=0.0453  ev=64/100  D=4.245
[dcg] 2:05:36  140,316/1,000,000  18.6/s  upd=2992  L=0.0453  D=4.162
[dcg] 2:05:55  140,685/1,000,000  18.6/s  upd=3000  L=0.0361  D=4.162
[dcg] 2:06:14  141,020/1,000,000  18.6/s  upd=3008  L=0.0361  D=4.162
[dcg] 2:06:38  141,385/1,000,000  18.6/s  upd=3016  L=0.0366  D=4.162
[dcg] 2:06:58  141,766/1,000,000  18.6/s  upd=3024  L=0.0560  D=4.162
[dcg] 2:07:18  142,138/1,000,000  18.6/s  upd=3032  L=0.0430  D=4.162
[dcg] 2:07:35  142,491/1,000,000  18.6/s  upd=3040  L=0.0431  D=4.162
[dcg] 2:07:53  142,857/1,000,000  18.6/s  upd=3048  L=0.0444  D=4.162
[dcg] 2:08:13  143,200/1,000,000  18.6/s  upd=3056  L=0.0510  D=4.162
[dcg] 2:08:31  143,571/1,000,000  18.6/s  upd=3064  L=0.0476  D=4.162
[dcg] 2:08:51  143,947/1,000,000  18.6/s  upd=3072  L=0.0562  D=4.162
[dcg] 2:09:11  144,328/1,000,000  18.6/s  upd=3080  L=0.0373  D=4.162
[dcg] 2:09:30  144,727/1,000,000  18.6/s  upd=3088  L=0.0442  D=4.162
[dcg] 2:09:49  145,061/1,000,000  18.6/s  upd=3096  L=0.0418  D=4.162
[dcg] 2:10:06  145,393/1,000,000  18.6/s  upd=3104  L=0.0402  D=4.162
[dcg] 2:10:26  145,730/1,000,000  18.6/s  upd=3112  L=0.0408  D=4.162
[dcg] 2:10:45  146,047/1,000,000  18.6/s  upd=3120  L=0.0513  D=4.162
[dcg] 2:11:04  146,450/1,000,000  18.6/s  upd=3128  L=0.0484  D=4.162
[dcg] 2:11:25  146,892/1,000,000  18.6/s  upd=3136  L=0.0465  D=4.162
[dcg] 2:11:49  147,244/1,000,000  18.6/s  upd=3144  L=0.0387  D=4.162
[dcg] 2:12:08  147,615/1,000,000  18.6/s  upd=3152  L=0.0290  D=4.162
[dcg] 2:12:27  147,950/1,000,000  18.6/s  upd=3160  L=0.0395  D=4.162
[dcg] 2:12:47  148,351/1,000,000  18.6/s  upd=3168  L=0.0361  D=4.162
[dcg] 2:13:06  148,698/1,000,000  18.6/s  upd=3176  L=0.0401  D=4.162
[dcg] 2:13:23  149,081/1,000,000  18.6/s  upd=3184  L=0.0496  D=4.162
[dcg] 2:13:42  149,447/1,000,000  18.6/s  upd=3192  L=0.0330  D=4.162
[dcg] 2:14:00  149,815/1,000,000  18.6/s  upd=3200  L=0.0459  D=4.162
[dcg] 2:14:20  150,180/1,000,000  18.6/s  upd=3208  L=0.0410  D=4.162
[dcg] 2:14:40  150,573/1,000,000  18.6/s  upd=3216  L=0.0605  D=4.162
[dcg] 2:14:57  150,903/1,000,000  18.6/s  upd=3224  L=0.0433  D=4.162
[dcg] 2:15:15  151,297/1,000,000  18.6/s  upd=3232  L=0.0516  D=4.162
[dcg] 2:15:35  151,629/1,000,000  18.6/s  upd=3240  L=0.0455  D=4.162
[dcg] 2:15:52  151,968/1,000,000  18.6/s  upd=3248  L=0.0407  D=4.162
[dcg] 2:16:08  152,335/1,000,000  18.6/s  upd=3256  L=0.0434  D=4.162
[dcg] 2:16:26  152,758/1,000,000  18.7/s  upd=3264  L=0.0440  D=4.162
[dcg] 2:16:45  153,159/1,000,000  18.7/s  upd=3272  L=0.0605  D=4.162
[dcg] 2:17:10  153,551/1,000,000  18.7/s  upd=3280  L=0.0311  D=4.162
[dcg] 2:17:29  153,953/1,000,000  18.7/s  upd=3288  L=0.0459  D=4.162
[dcg] 2:17:47  154,304/1,000,000  18.7/s  upd=3296  L=0.0394  D=4.162
[dcg] 2:18:06  154,678/1,000,000  18.7/s  upd=3304  L=0.0349  D=4.162
[dcg] 2:18:27  155,048/1,000,000  18.7/s  upd=3312  L=0.0460  D=4.162
[dcg] 2:18:44  155,379/1,000,000  18.7/s  upd=3320  L=0.0470  D=4.162
[dcg] 2:19:04  155,714/1,000,000  18.7/s  upd=3328  L=0.0516  D=4.162
[dcg] 2:19:22  156,083/1,000,000  18.7/s  upd=3336  L=0.0425  D=4.162
[dcg] 2:19:41  156,410/1,000,000  18.7/s  upd=3344  L=0.0448  D=4.162
[dcg] 2:20:01  156,738/1,000,000  18.7/s  upd=3352  L=0.0547  D=4.162
[dcg] 2:20:19  157,140/1,000,000  18.7/s  upd=3360  L=0.0360  D=4.162
[dcg] 2:20:39  157,594/1,000,000  18.7/s  upd=3368  L=0.0501  D=4.162
[dcg] 2:20:57  157,910/1,000,000  18.7/s  upd=3376  L=0.0574  D=4.162
[dcg] 2:21:16  158,267/1,000,000  18.7/s  upd=3384  L=0.0515  D=4.162
[dcg] 2:21:36  158,632/1,000,000  18.7/s  upd=3392  L=0.0594  D=4.162
[dcg] 2:21:55  158,972/1,000,000  18.7/s  upd=3400  L=0.0384  D=4.162
[dcg] 2:22:18  159,374/1,000,000  18.7/s  upd=3408  L=0.0475  D=4.162
[dcg] 2:22:36  159,759/1,000,000  18.7/s  upd=3416  L=0.0430  D=4.162
[dcg] 2:23:01  160,151/1,000,000  18.7/s  upd=3424  L=0.0485  ev=0/100  D=4.162
[dcg] 2:23:11  160,151/1,000,000  18.6/s  upd=3424  L=0.0485  ev=32/100  D=4.162
[dcg] 2:23:21  160,151/1,000,000  18.6/s  upd=3424  L=0.0485  ev=63/100  D=4.162
[dcg] 2:23:31  160,151/1,000,000  18.6/s  upd=3424  L=0.0485  ev=88/100  D=4.162
[dcg] 2:23:41  160,151/1,000,000  18.6/s  upd=3424  L=0.0485  D=4.483
[dcg] 2:23:58  160,505/1,000,000  18.6/s  upd=3432  L=0.0412  D=4.483
[dcg] 2:24:19  160,899/1,000,000  18.6/s  upd=3440  L=0.0471  D=4.483
[dcg] 2:24:37  161,265/1,000,000  18.6/s  upd=3448  L=0.0419  D=4.483
[dcg] 2:24:55  161,608/1,000,000  18.6/s  upd=3456  L=0.0481  D=4.483
[dcg] 2:25:15  162,029/1,000,000  18.6/s  upd=3464  L=0.0582  D=4.483
[dcg] 2:25:35  162,488/1,000,000  18.6/s  upd=3472  L=0.0492  D=4.483
[dcg] 2:25:53  162,895/1,000,000  18.6/s  upd=3480  L=0.0379  D=4.483
[dcg] 2:26:12  163,278/1,000,000  18.6/s  upd=3488  L=0.0579  D=4.483
[dcg] 2:26:30  163,587/1,000,000  18.6/s  upd=3496  L=0.0479  D=4.483
[dcg] 2:26:51  164,009/1,000,000  18.6/s  upd=3504  L=0.0400  D=4.483
[dcg] 2:27:10  164,411/1,000,000  18.6/s  upd=3512  L=0.0515  D=4.483
[dcg] 2:27:32  164,828/1,000,000  18.6/s  upd=3520  L=0.0460  D=4.483
[dcg] 2:27:48  165,194/1,000,000  18.6/s  upd=3528  L=0.0530  D=4.483
[dcg] 2:28:04  165,521/1,000,000  18.6/s  upd=3536  L=0.0383  D=4.483
[dcg] 2:28:26  165,880/1,000,000  18.6/s  upd=3544  L=0.0449  D=4.483
[dcg] 2:28:46  166,250/1,000,000  18.6/s  upd=3552  L=0.0381  D=4.483
[dcg] 2:29:04  166,575/1,000,000  18.6/s  upd=3560  L=0.0370  D=4.483
[dcg] 2:29:21  166,956/1,000,000  18.6/s  upd=3568  L=0.0555  D=4.483
[dcg] 2:29:42  167,331/1,000,000  18.6/s  upd=3576  L=0.0443  D=4.483
[dcg] 2:30:03  167,747/1,000,000  18.6/s  upd=3584  L=0.0355  D=4.483
[dcg] 2:30:21  168,135/1,000,000  18.6/s  upd=3592  L=0.0372  D=4.483
[dcg] 2:30:40  168,478/1,000,000  18.6/s  upd=3600  L=0.0419  D=4.483
[dcg] 2:30:58  168,865/1,000,000  18.6/s  upd=3608  L=0.0388  D=4.483
[dcg] 2:31:17  169,244/1,000,000  18.6/s  upd=3616  L=0.0498  D=4.483
[dcg] 2:31:36  169,650/1,000,000  18.7/s  upd=3624  L=0.0420  D=4.483
[dcg] 2:31:55  170,053/1,000,000  18.7/s  upd=3632  L=0.0459  D=4.483
[dcg] 2:32:14  170,404/1,000,000  18.7/s  upd=3640  L=0.0396  D=4.483
[dcg] 2:32:32  170,855/1,000,000  18.7/s  upd=3648  L=0.0452  D=4.483
[dcg] 2:32:58  171,221/1,000,000  18.7/s  upd=3656  L=0.0523  D=4.483
[dcg] 2:33:18  171,604/1,000,000  18.7/s  upd=3664  L=0.0415  D=4.483
[dcg] 2:33:40  172,093/1,000,000  18.7/s  upd=3672  L=0.0479  D=4.483
[dcg] 2:33:58  172,420/1,000,000  18.7/s  upd=3680  L=0.0328  D=4.483
[dcg] 2:34:17  172,838/1,000,000  18.7/s  upd=3688  L=0.0485  D=4.483
[dcg] 2:34:36  173,236/1,000,000  18.7/s  upd=3696  L=0.0341  D=4.483
[dcg] 2:34:56  173,580/1,000,000  18.7/s  upd=3704  L=0.0422  D=4.483
[dcg] 2:35:16  174,008/1,000,000  18.7/s  upd=3712  L=0.0468  D=4.483
[dcg] 2:35:35  174,359/1,000,000  18.7/s  upd=3720  L=0.0545  D=4.483
[dcg] 2:35:54  174,706/1,000,000  18.7/s  upd=3728  L=0.0436  D=4.483
[dcg] 2:36:13  175,070/1,000,000  18.7/s  upd=3736  L=0.0491  D=4.483
[dcg] 2:36:31  175,459/1,000,000  18.7/s  upd=3744  L=0.0437  D=4.483
[dcg] 2:36:49  175,779/1,000,000  18.7/s  upd=3752  L=0.0417  D=4.483
[dcg] 2:37:08  176,103/1,000,000  18.7/s  upd=3760  L=0.0275  D=4.483
[dcg] 2:37:29  176,494/1,000,000  18.7/s  upd=3768  L=0.0428  D=4.483
[dcg] 2:37:49  176,960/1,000,000  18.7/s  upd=3776  L=0.0494  D=4.483
[dcg] 2:38:14  177,303/1,000,000  18.7/s  upd=3784  L=0.0514  D=4.483
[dcg] 2:38:31  177,632/1,000,000  18.7/s  upd=3792  L=0.0450  D=4.483
[dcg] 2:38:52  178,021/1,000,000  18.7/s  upd=3800  L=0.0618  D=4.483
[dcg] 2:39:10  178,392/1,000,000  18.7/s  upd=3808  L=0.0410  D=4.483
[dcg] 2:39:29  178,801/1,000,000  18.7/s  upd=3816  L=0.0492  D=4.483
[dcg] 2:39:43  179,153/1,000,000  18.7/s  upd=3824  L=0.0430  D=4.483
[dcg] 2:40:01  179,480/1,000,000  18.7/s  upd=3832  L=0.0521  D=4.483
[dcg] 2:40:21  179,799/1,000,000  18.7/s  upd=3840  L=0.0480  D=4.483
[dcg] 2:40:44  180,133/1,000,000  18.7/s  upd=3848  L=0.0402  ev=0/100  D=4.483
[dcg] 2:40:54  180,133/1,000,000  18.7/s  upd=3848  L=0.0402  ev=24/100  D=4.483
[dcg] 2:41:04  180,133/1,000,000  18.6/s  upd=3848  L=0.0402  ev=62/100  D=4.483
[dcg] 2:41:17  180,133/1,000,000  18.6/s  upd=3848  L=0.0402  D=4.690
[dcg] 2:41:34  180,481/1,000,000  18.6/s  upd=3856  L=0.0404  D=4.690
[dcg] 2:41:52  180,867/1,000,000  18.6/s  upd=3864  L=0.0455  D=4.690
[dcg] 2:42:12  181,267/1,000,000  18.6/s  upd=3872  L=0.0553  D=4.690
[dcg] 2:42:30  181,587/1,000,000  18.6/s  upd=3880  L=0.0505  D=4.690
[dcg] 2:42:50  181,924/1,000,000  18.6/s  upd=3888  L=0.0361  D=4.690
[dcg] 2:43:10  182,290/1,000,000  18.6/s  upd=3896  L=0.0496  D=4.690
[dcg] 2:43:34  182,691/1,000,000  18.6/s  upd=3904  L=0.0638  D=4.690
[dcg] 2:43:54  183,056/1,000,000  18.6/s  upd=3912  L=0.0367  D=4.690
[dcg] 2:44:12  183,435/1,000,000  18.6/s  upd=3920  L=0.0411  D=4.690
[dcg] 2:44:32  183,860/1,000,000  18.6/s  upd=3928  L=0.0413  D=4.690
[dcg] 2:44:52  184,266/1,000,000  18.6/s  upd=3936  L=0.0513  D=4.690
[dcg] 2:45:07  184,665/1,000,000  18.6/s  upd=3944  L=0.0442  D=4.690
[dcg] 2:45:28  185,084/1,000,000  18.6/s  upd=3952  L=0.0522  D=4.690
[dcg] 2:45:48  185,555/1,000,000  18.7/s  upd=3960  L=0.0537  D=4.690
[dcg] 2:46:09  185,925/1,000,000  18.6/s  upd=3968  L=0.0422  D=4.690
[dcg] 2:46:26  186,292/1,000,000  18.7/s  upd=3976  L=0.0444  D=4.690
[dcg] 2:46:47  186,727/1,000,000  18.7/s  upd=3984  L=0.0425  D=4.690
[dcg] 2:47:05  187,068/1,000,000  18.7/s  upd=3992  L=0.0551  D=4.690
[dcg] 2:47:25  187,412/1,000,000  18.7/s  upd=4000  L=0.0364  D=4.690
[dcg] 2:47:44  187,749/1,000,000  18.7/s  upd=4008  L=0.0490  D=4.690
[dcg] 2:48:05  188,192/1,000,000  18.7/s  upd=4016  L=0.0569  D=4.690
[dcg] 2:48:24  188,527/1,000,000  18.7/s  upd=4024  L=0.0463  D=4.690
[dcg] 2:48:52  188,904/1,000,000  18.6/s  upd=4032  L=0.0414  D=4.690
[dcg] 2:49:12  189,309/1,000,000  18.6/s  upd=4040  L=0.0561  D=4.690
[dcg] 2:49:31  189,672/1,000,000  18.6/s  upd=4048  L=0.0474  D=4.690
[dcg] 2:49:50  189,994/1,000,000  18.6/s  upd=4056  L=0.0367  D=4.690
[dcg] 2:50:11  190,467/1,000,000  18.7/s  upd=4064  L=0.0610  D=4.690
[dcg] 2:50:29  190,840/1,000,000  18.7/s  upd=4072  L=0.0452  D=4.690
[dcg] 2:50:46  191,194/1,000,000  18.7/s  upd=4080  L=0.0365  D=4.690
[dcg] 2:51:03  191,561/1,000,000  18.7/s  upd=4088  L=0.0352  D=4.690
[dcg] 2:51:23  191,906/1,000,000  18.7/s  upd=4096  L=0.0413  D=4.690
[dcg] 2:51:40  192,248/1,000,000  18.7/s  upd=4104  L=0.0554  D=4.690
[dcg] 2:52:00  192,684/1,000,000  18.7/s  upd=4112  L=0.0532  D=4.690
[dcg] 2:52:17  193,032/1,000,000  18.7/s  upd=4120  L=0.0525  D=4.690
[dcg] 2:52:37  193,372/1,000,000  18.7/s  upd=4128  L=0.0599  D=4.690
[dcg] 2:52:58  193,751/1,000,000  18.7/s  upd=4136  L=0.0267  D=4.690
[dcg] 2:53:20  194,244/1,000,000  18.7/s  upd=4144  L=0.0478  D=4.690
[dcg] 2:53:39  194,596/1,000,000  18.7/s  upd=4152  L=0.0386  D=4.690
[dcg] 2:54:04  195,070/1,000,000  18.7/s  upd=4160  L=0.0469  D=4.690
[dcg] 2:54:24  195,422/1,000,000  18.7/s  upd=4168  L=0.0545  D=4.690
[dcg] 2:54:45  195,826/1,000,000  18.7/s  upd=4176  L=0.0551  D=4.690
[dcg] 2:55:02  196,184/1,000,000  18.7/s  upd=4184  L=0.0515  D=4.690
[dcg] 2:55:23  196,654/1,000,000  18.7/s  upd=4192  L=0.0289  D=4.690
[dcg] 2:55:40  197,024/1,000,000  18.7/s  upd=4200  L=0.0403  D=4.690
[dcg] 2:55:57  197,355/1,000,000  18.7/s  upd=4208  L=0.0273  D=4.690
[dcg] 2:56:16  197,702/1,000,000  18.7/s  upd=4216  L=0.0502  D=4.690
[dcg] 2:56:38  198,035/1,000,000  18.7/s  upd=4224  L=0.0344  D=4.690
[dcg] 2:56:55  198,425/1,000,000  18.7/s  upd=4232  L=0.0411  D=4.690
[dcg] 2:57:15  198,906/1,000,000  18.7/s  upd=4240  L=0.0359  D=4.690
[dcg] 2:57:35  199,296/1,000,000  18.7/s  upd=4248  L=0.0472  D=4.690
[dcg] 2:57:54  199,657/1,000,000  18.7/s  upd=4256  L=0.0487  D=4.690
[dcg] 2:58:19  200,023/1,000,000  18.7/s  upd=4264  L=0.0427  ev=0/100  D=4.690
[dcg] 2:58:29  200,023/1,000,000  18.7/s  upd=4264  L=0.0427  ev=28/100  D=4.690
[dcg] 2:58:39  200,023/1,000,000  18.7/s  upd=4264  L=0.0427  ev=56/100  D=4.690
[dcg] 2:58:49  200,023/1,000,000  18.6/s  upd=4264  L=0.0427  ev=87/100  D=4.690
[dcg] 2:59:04  200,023/1,000,000  18.6/s  upd=4264  L=0.0427  D=4.798
[dcg] 2:59:23  200,414/1,000,000  18.6/s  upd=4272  L=0.0298  D=4.798
[dcg] 2:59:42  200,747/1,000,000  18.6/s  upd=4280  L=0.0442  D=4.798
[dcg] 3:00:00  201,187/1,000,000  18.6/s  upd=4288  L=0.0420  D=4.798
[dcg] 3:00:17  201,548/1,000,000  18.6/s  upd=4296  L=0.0434  D=4.798
[dcg] 3:00:33  201,876/1,000,000  18.6/s  upd=4304  L=0.0478  D=4.798
[dcg] 3:00:50  202,238/1,000,000  18.6/s  upd=4312  L=0.0349  D=4.798
[dcg] 3:01:07  202,625/1,000,000  18.6/s  upd=4320  L=0.0482  D=4.798
[dcg] 3:01:28  202,986/1,000,000  18.6/s  upd=4328  L=0.0462  D=4.798
[dcg] 3:01:43  203,334/1,000,000  18.6/s  upd=4336  L=0.0647  D=4.798
[dcg] 3:02:00  203,672/1,000,000  18.7/s  upd=4344  L=0.0366  D=4.798
[dcg] 3:02:16  204,045/1,000,000  18.7/s  upd=4352  L=0.0698  D=4.798
[dcg] 3:02:36  204,423/1,000,000  18.7/s  upd=4360  L=0.0374  D=4.798
[dcg] 3:02:55  204,775/1,000,000  18.7/s  upd=4368  L=0.0401  D=4.798
[dcg] 3:03:14  205,195/1,000,000  18.7/s  upd=4376  L=0.0523  D=4.798
[dcg] 3:03:35  205,576/1,000,000  18.7/s  upd=4384  L=0.0416  D=4.798
[dcg] 3:03:57  205,967/1,000,000  18.7/s  upd=4392  L=0.0511  D=4.798
[dcg] 3:04:17  206,318/1,000,000  18.7/s  upd=4400  L=0.0365  D=4.798
[dcg] 3:04:42  206,682/1,000,000  18.6/s  upd=4408  L=0.0386  D=4.798
[dcg] 3:05:01  207,002/1,000,000  18.6/s  upd=4416  L=0.0496  D=4.798
[dcg] 3:05:22  207,368/1,000,000  18.6/s  upd=4424  L=0.0484  D=4.798
[dcg] 3:05:43  207,752/1,000,000  18.6/s  upd=4432  L=0.0363  D=4.798
[dcg] 3:06:02  208,147/1,000,000  18.6/s  upd=4440  L=0.0523  D=4.798
[dcg] 3:06:20  208,528/1,000,000  18.7/s  upd=4448  L=0.0482  D=4.798
[dcg] 3:06:37  208,861/1,000,000  18.7/s  upd=4456  L=0.0416  D=4.798
[dcg] 3:06:55  209,192/1,000,000  18.7/s  upd=4464  L=0.0422  D=4.798
[dcg] 3:07:14  209,539/1,000,000  18.7/s  upd=4472  L=0.0507  D=4.798
[dcg] 3:07:32  209,905/1,000,000  18.7/s  upd=4480  L=0.0395  D=4.798
[dcg] 3:07:51  210,222/1,000,000  18.7/s  upd=4488  L=0.0497  D=4.798
[dcg] 3:08:11  210,557/1,000,000  18.6/s  upd=4496  L=0.0602  D=4.798
[dcg] 3:08:30  210,900/1,000,000  18.6/s  upd=4504  L=0.0397  D=4.798
[dcg] 3:08:52  211,224/1,000,000  18.6/s  upd=4512  L=0.0421  D=4.798
[dcg] 3:09:15  211,624/1,000,000  18.6/s  upd=4520  L=0.0308  D=4.798
[dcg] 3:09:33  211,963/1,000,000  18.6/s  upd=4528  L=0.0470  D=4.798
[dcg] 3:09:59  212,385/1,000,000  18.6/s  upd=4536  L=0.0457  D=4.798
[dcg] 3:10:20  212,791/1,000,000  18.6/s  upd=4544  L=0.0534  D=4.798
[dcg] 3:10:42  213,192/1,000,000  18.6/s  upd=4552  L=0.0505  D=4.798
[dcg] 3:11:02  213,583/1,000,000  18.6/s  upd=4560  L=0.0545  D=4.798
[dcg] 3:11:21  213,937/1,000,000  18.6/s  upd=4568  L=0.0396  D=4.798
[dcg] 3:11:40  214,288/1,000,000  18.6/s  upd=4576  L=0.0545  D=4.798
[dcg] 3:11:57  214,605/1,000,000  18.6/s  upd=4584  L=0.0548  D=4.798
[dcg] 3:12:16  214,999/1,000,000  18.6/s  upd=4592  L=0.0521  D=4.798
[dcg] 3:12:35  215,406/1,000,000  18.6/s  upd=4600  L=0.0393  D=4.798
[dcg] 3:12:52  215,715/1,000,000  18.6/s  upd=4608  L=0.0430  D=4.798
[dcg] 3:13:12  216,053/1,000,000  18.6/s  upd=4616  L=0.0334  D=4.798
[dcg] 3:13:29  216,356/1,000,000  18.6/s  upd=4624  L=0.0546  D=4.798
[dcg] 3:13:46  216,718/1,000,000  18.6/s  upd=4632  L=0.0479  D=4.798
[dcg] 3:14:05  217,138/1,000,000  18.6/s  upd=4640  L=0.0595  D=4.798
[dcg] 3:14:25  217,466/1,000,000  18.6/s  upd=4648  L=0.0418  D=4.798
[dcg] 3:14:45  217,898/1,000,000  18.6/s  upd=4656  L=0.0375  D=4.798
[dcg] 3:15:10  218,250/1,000,000  18.6/s  upd=4664  L=0.0440  D=4.798
[dcg] 3:15:29  218,599/1,000,000  18.6/s  upd=4672  L=0.0508  D=4.798
[dcg] 3:15:47  218,944/1,000,000  18.6/s  upd=4680  L=0.0329  D=4.798
[dcg] 3:16:06  219,282/1,000,000  18.6/s  upd=4688  L=0.0327  D=4.798
[dcg] 3:16:27  219,639/1,000,000  18.6/s  upd=4696  L=0.0423  D=4.798
[dcg] 3:16:53  220,029/1,000,000  18.6/s  upd=4704  L=0.0607  ev=0/100  D=4.798
[dcg] 3:17:03  220,029/1,000,000  18.6/s  upd=4704  L=0.0607  ev=27/100  D=4.798
[dcg] 3:17:13  220,029/1,000,000  18.6/s  upd=4704  L=0.0607  ev=56/100  D=4.798
[dcg] 3:17:28  220,029/1,000,000  18.6/s  upd=4704  L=0.0607  D=4.371
[dcg] 3:17:45  220,425/1,000,000  18.6/s  upd=4712  L=0.0505  D=4.371
[dcg] 3:18:02  220,759/1,000,000  18.6/s  upd=4720  L=0.0370  D=4.371
[dcg] 3:18:21  221,115/1,000,000  18.6/s  upd=4728  L=0.0470  D=4.371
[dcg] 3:18:38  221,510/1,000,000  18.6/s  upd=4736  L=0.0369  D=4.371
[dcg] 3:18:57  221,855/1,000,000  18.6/s  upd=4744  L=0.0368  D=4.371
[dcg] 3:19:15  222,227/1,000,000  18.6/s  upd=4752  L=0.0501  D=4.371
[dcg] 3:19:36  222,711/1,000,000  18.6/s  upd=4760  L=0.0423  D=4.371
[dcg] 3:19:57  223,067/1,000,000  18.6/s  upd=4768  L=0.0558  D=4.371
[dcg] 3:20:22  223,435/1,000,000  18.6/s  upd=4776  L=0.0490  D=4.371
[dcg] 3:20:40  223,767/1,000,000  18.6/s  upd=4784  L=0.0416  D=4.371
[dcg] 3:21:01  224,206/1,000,000  18.6/s  upd=4792  L=0.0328  D=4.371
[dcg] 3:21:22  224,619/1,000,000  18.6/s  upd=4800  L=0.0362  D=4.371
[dcg] 3:21:42  225,023/1,000,000  18.6/s  upd=4808  L=0.0437  D=4.371
[dcg] 3:22:02  225,480/1,000,000  18.6/s  upd=4816  L=0.0536  D=4.371
[dcg] 3:22:22  225,790/1,000,000  18.6/s  upd=4824  L=0.0506  D=4.371
[dcg] 3:22:40  226,142/1,000,000  18.6/s  upd=4832  L=0.0445  D=4.371
[dcg] 3:22:59  226,594/1,000,000  18.6/s  upd=4840  L=0.0492  D=4.371
[dcg] 3:23:19  226,968/1,000,000  18.6/s  upd=4848  L=0.0521  D=4.371
[dcg] 3:23:38  227,392/1,000,000  18.6/s  upd=4856  L=0.0375  D=4.371
[dcg] 3:23:58  227,763/1,000,000  18.6/s  upd=4864  L=0.0516  D=4.371
[dcg] 3:24:18  228,179/1,000,000  18.6/s  upd=4872  L=0.0431  D=4.371
[dcg] 3:24:37  228,503/1,000,000  18.6/s  upd=4880  L=0.0473  D=4.371
[dcg] 3:24:57  228,848/1,000,000  18.6/s  upd=4888  L=0.0341  D=4.371
[dcg] 3:25:15  229,185/1,000,000  18.6/s  upd=4896  L=0.0532  D=4.371
[dcg] 3:25:39  229,519/1,000,000  18.6/s  upd=4904  L=0.0493  D=4.371
[dcg] 3:25:57  229,856/1,000,000  18.6/s  upd=4912  L=0.0440  D=4.371
[dcg] 3:26:15  230,328/1,000,000  18.6/s  upd=4920  L=0.0581  D=4.371
[dcg] 3:26:35  230,666/1,000,000  18.6/s  upd=4928  L=0.0392  D=4.371
[dcg] 3:26:56  231,082/1,000,000  18.6/s  upd=4936  L=0.0369  D=4.371
[dcg] 3:27:17  231,438/1,000,000  18.6/s  upd=4944  L=0.0497  D=4.371
[dcg] 3:27:39  231,841/1,000,000  18.6/s  upd=4952  L=0.0525  D=4.371
[dcg] 3:27:58  232,277/1,000,000  18.6/s  upd=4960  L=0.0599  D=4.371
[dcg] 3:28:18  232,614/1,000,000  18.6/s  upd=4968  L=0.0502  D=4.371
[dcg] 3:28:37  233,018/1,000,000  18.6/s  upd=4976  L=0.0377  D=4.371
[dcg] 3:28:57  233,376/1,000,000  18.6/s  upd=4984  L=0.0443  D=4.371
[dcg] 3:29:19  233,765/1,000,000  18.6/s  upd=4992  L=0.0384  D=4.371
[dcg] 3:29:39  234,101/1,000,000  18.6/s  upd=5000  L=0.0474  D=4.371
[dcg] 3:29:59  234,421/1,000,000  18.6/s  upd=5008  L=0.0410  D=4.371
[dcg] 3:30:19  234,771/1,000,000  18.6/s  upd=5016  L=0.0294  D=4.371
[dcg] 3:30:36  235,135/1,000,000  18.6/s  upd=5024  L=0.0503  D=4.371
[dcg] 3:31:01  235,469/1,000,000  18.6/s  upd=5032  L=0.0496  D=4.371
[dcg] 3:31:22  235,873/1,000,000  18.6/s  upd=5040  L=0.0384  D=4.371
[dcg] 3:31:41  236,208/1,000,000  18.6/s  upd=5048  L=0.0582  D=4.371
[dcg] 3:32:01  236,589/1,000,000  18.6/s  upd=5056  L=0.0350  D=4.371
[dcg] 3:32:21  236,966/1,000,000  18.6/s  upd=5064  L=0.0488  D=4.371
[dcg] 3:32:43  237,311/1,000,000  18.6/s  upd=5072  L=0.0366  D=4.371
[dcg] 3:32:59  237,658/1,000,000  18.6/s  upd=5080  L=0.0566  D=4.371
[dcg] 3:33:19  238,030/1,000,000  18.6/s  upd=5088  L=0.0351  D=4.371
[dcg] 3:33:36  238,393/1,000,000  18.6/s  upd=5096  L=0.0406  D=4.371
[dcg] 3:33:56  238,786/1,000,000  18.6/s  upd=5104  L=0.0332  D=4.371
[dcg] 3:34:17  239,198/1,000,000  18.6/s  upd=5112  L=0.0467  D=4.371
[dcg] 3:34:37  239,603/1,000,000  18.6/s  upd=5120  L=0.0617  D=4.371
[dcg] 3:34:57  239,933/1,000,000  18.6/s  upd=5128  L=0.0471  D=4.371
[dcg] 3:35:23  240,289/1,000,000  18.6/s  upd=5136  L=0.0363  ev=0/100  D=4.371
[dcg] 3:35:33  240,289/1,000,000  18.6/s  upd=5136  L=0.0363  ev=32/100  D=4.371
[dcg] 3:35:43  240,289/1,000,000  18.6/s  upd=5136  L=0.0363  ev=56/100  D=4.371
[dcg] 3:35:53  240,289/1,000,000  18.5/s  upd=5136  L=0.0363  ev=96/100  D=4.371
[dcg] 3:36:08  240,289/1,000,000  18.5/s  upd=5136  L=0.0363  D=4.132
[dcg] 3:36:27  240,621/1,000,000  18.5/s  upd=5144  L=0.0456  D=4.132
[dcg] 3:36:46  241,017/1,000,000  18.5/s  upd=5152  L=0.0319  D=4.132
[dcg] 3:37:01  241,334/1,000,000  18.5/s  upd=5160  L=0.0571  D=4.132
[dcg] 3:37:19  241,709/1,000,000  18.5/s  upd=5168  L=0.0503  D=4.132
[dcg] 3:37:34  242,134/1,000,000  18.5/s  upd=5176  L=0.0480  D=4.132
[dcg] 3:37:52  242,569/1,000,000  18.6/s  upd=5184  L=0.0503  D=4.132
[dcg] 3:38:12  242,958/1,000,000  18.6/s  upd=5192  L=0.0498  D=4.132
[dcg] 3:38:31  243,313/1,000,000  18.6/s  upd=5200  L=0.0238  D=4.132
[dcg] 3:38:49  243,694/1,000,000  18.6/s  upd=5208  L=0.0412  D=4.132
[dcg] 3:39:10  244,093/1,000,000  18.6/s  upd=5216  L=0.0418  D=4.132
[dcg] 3:39:31  244,483/1,000,000  18.6/s  upd=5224  L=0.0641  D=4.132
[dcg] 3:39:50  244,837/1,000,000  18.6/s  upd=5232  L=0.0420  D=4.132
[dcg] 3:40:09  245,220/1,000,000  18.6/s  upd=5240  L=0.0600  D=4.132
[dcg] 3:40:31  245,646/1,000,000  18.6/s  upd=5248  L=0.0385  D=4.132
[dcg] 3:40:55  246,011/1,000,000  18.6/s  upd=5256  L=0.0588  D=4.132
[dcg] 3:41:16  246,418/1,000,000  18.6/s  upd=5264  L=0.0422  D=4.132
[dcg] 3:41:42  246,764/1,000,000  18.6/s  upd=5272  L=0.0441  D=4.132
[dcg] 3:42:02  247,162/1,000,000  18.6/s  upd=5280  L=0.0521  D=4.132
[dcg] 3:42:22  247,506/1,000,000  18.6/s  upd=5288  L=0.0447  D=4.132
[dcg] 3:42:39  247,828/1,000,000  18.6/s  upd=5296  L=0.0448  D=4.132
[dcg] 3:43:00  248,224/1,000,000  18.6/s  upd=5304  L=0.0264  D=4.132
[dcg] 3:43:21  248,597/1,000,000  18.6/s  upd=5312  L=0.0410  D=4.132
[dcg] 3:43:39  248,977/1,000,000  18.6/s  upd=5320  L=0.0426  D=4.132
[dcg] 3:43:57  249,304/1,000,000  18.6/s  upd=5328  L=0.0503  D=4.132
[dcg] 3:44:15  249,640/1,000,000  18.6/s  upd=5336  L=0.0382  D=4.132
[dcg] 3:44:36  250,008/1,000,000  18.6/s  upd=5344  L=0.0447  D=4.132
[dcg] 3:44:56  250,366/1,000,000  18.5/s  upd=5352  L=0.0497  D=4.132
[dcg] 3:45:16  250,708/1,000,000  18.5/s  upd=5360  L=0.0405  D=4.132
[dcg] 3:45:36  251,119/1,000,000  18.6/s  upd=5368  L=0.0557  D=4.132
[dcg] 3:45:58  251,506/1,000,000  18.5/s  upd=5376  L=0.0510  D=4.132
[dcg] 3:46:18  251,839/1,000,000  18.5/s  upd=5384  L=0.0459  D=4.132
[dcg] 3:46:36  252,188/1,000,000  18.5/s  upd=5392  L=0.0422  D=4.132
[dcg] 3:47:01  252,568/1,000,000  18.5/s  upd=5400  L=0.0485  D=4.132
[dcg] 3:47:21  252,913/1,000,000  18.5/s  upd=5408  L=0.0460  D=4.132
[dcg] 3:47:41  253,329/1,000,000  18.5/s  upd=5416  L=0.0300  D=4.132
[dcg] 3:48:02  253,648/1,000,000  18.5/s  upd=5424  L=0.0429  D=4.132
[dcg] 3:48:20  254,035/1,000,000  18.5/s  upd=5432  L=0.0449  D=4.132
[dcg] 3:48:37  254,414/1,000,000  18.5/s  upd=5440  L=0.0476  D=4.132
[dcg] 3:48:53  254,742/1,000,000  18.5/s  upd=5448  L=0.0403  D=4.132
[dcg] 3:49:11  255,048/1,000,000  18.5/s  upd=5456  L=0.0546  D=4.132
[dcg] 3:49:31  255,418/1,000,000  18.5/s  upd=5464  L=0.0346  D=4.132
[dcg] 3:49:49  255,764/1,000,000  18.5/s  upd=5472  L=0.0403  D=4.132
[dcg] 3:50:08  256,112/1,000,000  18.5/s  upd=5480  L=0.0452  D=4.132
[dcg] 3:50:28  256,475/1,000,000  18.5/s  upd=5488  L=0.0368  D=4.132
[dcg] 3:50:47  256,834/1,000,000  18.5/s  upd=5496  L=0.0483  D=4.132
[dcg] 3:51:08  257,169/1,000,000  18.5/s  upd=5504  L=0.0361  D=4.132
[dcg] 3:51:28  257,535/1,000,000  18.5/s  upd=5512  L=0.0374  D=4.132
[dcg] 3:51:46  257,858/1,000,000  18.5/s  upd=5520  L=0.0303  D=4.132
[dcg] 3:52:12  258,193/1,000,000  18.5/s  upd=5528  L=0.0411  D=4.132
[dcg] 3:52:31  258,509/1,000,000  18.5/s  upd=5536  L=0.0308  D=4.132
[dcg] 3:52:50  258,870/1,000,000  18.5/s  upd=5544  L=0.0346  D=4.132
[dcg] 3:53:09  259,187/1,000,000  18.5/s  upd=5552  L=0.0315  D=4.132
[dcg] 3:53:27  259,553/1,000,000  18.5/s  upd=5560  L=0.0425  D=4.132
[dcg] 3:53:46  259,909/1,000,000  18.5/s  upd=5568  L=0.0331  D=4.132
[dcg] 3:54:10  260,257/1,000,000  18.5/s  upd=5576  L=0.0368  ev=0/100  D=4.132
[dcg] 3:54:20  260,257/1,000,000  18.5/s  upd=5576  L=0.0368  ev=46/100  D=4.132
[dcg] 3:54:30  260,257/1,000,000  18.5/s  upd=5576  L=0.0368  ev=74/100  D=4.132
[dcg] 3:54:43  260,257/1,000,000  18.5/s  upd=5576  L=0.0368  D=4.017
[dcg] 3:55:03  260,619/1,000,000  18.5/s  upd=5584  L=0.0377  D=4.017
[dcg] 3:55:23  261,032/1,000,000  18.5/s  upd=5592  L=0.0366  D=4.017
[dcg] 3:55:39  261,384/1,000,000  18.5/s  upd=5600  L=0.0639  D=4.017
[dcg] 3:55:57  261,697/1,000,000  18.5/s  upd=5608  L=0.0391  D=4.017
[dcg] 3:56:13  262,086/1,000,000  18.5/s  upd=5616  L=0.0394  D=4.017
[dcg] 3:56:31  262,485/1,000,000  18.5/s  upd=5624  L=0.0440  D=4.017
[dcg] 3:56:48  262,840/1,000,000  18.5/s  upd=5632  L=0.0396  D=4.017
[dcg] 3:57:09  263,262/1,000,000  18.5/s  upd=5640  L=0.0573  D=4.017
[dcg] 3:57:34  263,613/1,000,000  18.5/s  upd=5648  L=0.0535  D=4.017
[dcg] 3:57:56  263,997/1,000,000  18.5/s  upd=5656  L=0.0342  D=4.017
[dcg] 3:58:16  264,388/1,000,000  18.5/s  upd=5664  L=0.0525  D=4.017
[dcg] 3:58:32  264,742/1,000,000  18.5/s  upd=5672  L=0.0531  D=4.017
[dcg] 3:58:53  265,119/1,000,000  18.5/s  upd=5680  L=0.0371  D=4.017
[dcg] 3:59:11  265,477/1,000,000  18.5/s  upd=5688  L=0.0429  D=4.017
[dcg] 3:59:29  265,809/1,000,000  18.5/s  upd=5696  L=0.0330  D=4.017
[dcg] 3:59:48  266,212/1,000,000  18.5/s  upd=5704  L=0.0317  D=4.017
[dcg] 4:00:07  266,521/1,000,000  18.5/s  upd=5712  L=0.0401  D=4.017
[dcg] 4:00:25  266,835/1,000,000  18.5/s  upd=5720  L=0.0428  D=4.017
[dcg] 4:00:46  267,211/1,000,000  18.5/s  upd=5728  L=0.0398  D=4.017
[dcg] 4:01:05  267,594/1,000,000  18.5/s  upd=5736  L=0.0464  D=4.017
[dcg] 4:01:25  267,930/1,000,000  18.5/s  upd=5744  L=0.0532  D=4.017
[dcg] 4:01:44  268,316/1,000,000  18.5/s  upd=5752  L=0.0326  D=4.017
[dcg] 4:02:04  268,666/1,000,000  18.5/s  upd=5760  L=0.0555  D=4.017
[dcg] 4:02:24  269,010/1,000,000  18.5/s  upd=5768  L=0.0407  D=4.017
[dcg] 4:02:47  269,360/1,000,000  18.5/s  upd=5776  L=0.0356  D=4.017
[dcg] 4:03:05  269,716/1,000,000  18.5/s  upd=5784  L=0.0507  D=4.017
[dcg] 4:03:25  270,087/1,000,000  18.5/s  upd=5792  L=0.0340  D=4.017
[dcg] 4:03:44  270,449/1,000,000  18.5/s  upd=5800  L=0.0400  D=4.017
[dcg] 4:04:05  270,802/1,000,000  18.5/s  upd=5808  L=0.0456  D=4.017
[dcg] 4:04:23  271,209/1,000,000  18.5/s  upd=5816  L=0.0581  D=4.017
[dcg] 4:04:47  271,574/1,000,000  18.5/s  upd=5824  L=0.0346  D=4.017
[dcg] 4:05:06  272,053/1,000,000  18.5/s  upd=5832  L=0.0368  D=4.017
[dcg] 4:05:26  272,345/1,000,000  18.5/s  upd=5840  L=0.0559  D=4.017
[dcg] 4:05:45  272,672/1,000,000  18.5/s  upd=5848  L=0.0371  D=4.017
[dcg] 4:06:04  272,988/1,000,000  18.5/s  upd=5856  L=0.0587  D=4.017
[dcg] 4:06:24  273,372/1,000,000  18.5/s  upd=5864  L=0.0343  D=4.017
[dcg] 4:06:42  273,714/1,000,000  18.5/s  upd=5872  L=0.0507  D=4.017
[dcg] 4:06:59  274,064/1,000,000  18.5/s  upd=5880  L=0.0482  D=4.017
[dcg] 4:07:19  274,399/1,000,000  18.5/s  upd=5888  L=0.0543  D=4.017
[dcg] 4:07:36  274,785/1,000,000  18.5/s  upd=5896  L=0.0431  D=4.017
[dcg] 4:08:01  275,202/1,000,000  18.5/s  upd=5904  L=0.0496  D=4.017
[dcg] 4:08:20  275,638/1,000,000  18.5/s  upd=5912  L=0.0582  D=4.017
[dcg] 4:08:39  276,030/1,000,000  18.5/s  upd=5920  L=0.0443  D=4.017
[dcg] 4:08:59  276,379/1,000,000  18.5/s  upd=5928  L=0.0516  D=4.017
[dcg] 4:09:18  276,693/1,000,000  18.5/s  upd=5936  L=0.0320  D=4.017
[dcg] 4:09:37  277,007/1,000,000  18.5/s  upd=5944  L=0.0356  D=4.017
[dcg] 4:09:55  277,327/1,000,000  18.5/s  upd=5952  L=0.0409  D=4.017
[dcg] 4:10:12  277,657/1,000,000  18.5/s  upd=5960  L=0.0430  D=4.017
[dcg] 4:10:31  278,049/1,000,000  18.5/s  upd=5968  L=0.0474  D=4.017
[dcg] 4:10:50  278,424/1,000,000  18.5/s  upd=5976  L=0.0399  D=4.017
[dcg] 4:11:09  278,897/1,000,000  18.5/s  upd=5984  L=0.0373  D=4.017
[dcg] 4:11:25  279,236/1,000,000  18.5/s  upd=5992  L=0.0480  D=4.017
[dcg] 4:11:44  279,694/1,000,000  18.5/s  upd=6000  L=0.0482  D=4.017
[dcg] 4:12:09  280,019/1,000,000  18.5/s  upd=6008  L=0.0523  ev=0/100  D=4.017
[dcg] 4:12:19  280,019/1,000,000  18.5/s  upd=6008  L=0.0523  ev=24/100  D=4.017
[dcg] 4:12:29  280,019/1,000,000  18.5/s  upd=6008  L=0.0523  ev=59/100  D=4.017
[dcg] 4:12:39  280,019/1,000,000  18.5/s  upd=6008  L=0.0523  ev=94/100  D=4.017
[dcg] 4:12:53  280,019/1,000,000  18.5/s  upd=6008  L=0.0523  D=4.506
[dcg] 4:13:12  280,338/1,000,000  18.5/s  upd=6016  L=0.0415  D=4.506
[dcg] 4:13:32  280,696/1,000,000  18.5/s  upd=6024  L=0.0561  D=4.506
[dcg] 4:13:48  281,042/1,000,000  18.5/s  upd=6032  L=0.0428  D=4.506
[dcg] 4:14:06  281,341/1,000,000  18.5/s  upd=6040  L=0.0418  D=4.506
[dcg] 4:14:22  281,684/1,000,000  18.5/s  upd=6048  L=0.0404  D=4.506
[dcg] 4:14:39  282,016/1,000,000  18.5/s  upd=6056  L=0.0413  D=4.506
[dcg] 4:14:56  282,377/1,000,000  18.5/s  upd=6064  L=0.0311  D=4.506
[dcg] 4:15:13  282,727/1,000,000  18.5/s  upd=6072  L=0.0397  D=4.506
[dcg] 4:15:30  283,108/1,000,000  18.5/s  upd=6080  L=0.0473  D=4.506
[dcg] 4:15:50  283,462/1,000,000  18.5/s  upd=6088  L=0.0397  D=4.506
[dcg] 4:16:10  283,854/1,000,000  18.5/s  upd=6096  L=0.0538  D=4.506
[dcg] 4:16:31  284,190/1,000,000  18.5/s  upd=6104  L=0.0390  D=4.506
[dcg] 4:16:52  284,588/1,000,000  18.5/s  upd=6112  L=0.0448  D=4.506
[dcg] 4:17:13  284,907/1,000,000  18.5/s  upd=6120  L=0.0386  D=4.506
[dcg] 4:17:35  285,242/1,000,000  18.5/s  upd=6128  L=0.0459  D=4.506
[dcg] 4:17:54  285,605/1,000,000  18.5/s  upd=6136  L=0.0472  D=4.506
[dcg] 4:18:19  285,939/1,000,000  18.4/s  upd=6144  L=0.0493  D=4.506
[dcg] 4:18:38  286,308/1,000,000  18.4/s  upd=6152  L=0.0411  D=4.506
[dcg] 4:18:58  286,688/1,000,000  18.5/s  upd=6160  L=0.0407  D=4.506
[dcg] 4:19:15  287,050/1,000,000  18.5/s  upd=6168  L=0.0442  D=4.506
[dcg] 4:19:35  287,444/1,000,000  18.5/s  upd=6176  L=0.0313  D=4.506
[dcg] 4:19:56  287,826/1,000,000  18.5/s  upd=6184  L=0.0445  D=4.506
[dcg] 4:20:15  288,163/1,000,000  18.5/s  upd=6192  L=0.0510  D=4.506
[dcg] 4:20:32  288,544/1,000,000  18.5/s  upd=6200  L=0.0442  D=4.506
[dcg] 4:20:53  288,913/1,000,000  18.5/s  upd=6208  L=0.0419  D=4.506
[dcg] 4:21:11  289,312/1,000,000  18.5/s  upd=6216  L=0.0563  D=4.506
[dcg] 4:21:28  289,733/1,000,000  18.5/s  upd=6224  L=0.0630  D=4.506
[dcg] 4:21:48  290,120/1,000,000  18.5/s  upd=6232  L=0.0484  D=4.506
[dcg] 4:22:06  290,446/1,000,000  18.5/s  upd=6240  L=0.0439  D=4.506
[dcg] 4:22:23  290,829/1,000,000  18.5/s  upd=6248  L=0.0456  D=4.506
[dcg] 4:22:42  291,152/1,000,000  18.5/s  upd=6256  L=0.0349  D=4.506
[dcg] 4:23:01  291,496/1,000,000  18.5/s  upd=6264  L=0.0389  D=4.506
[dcg] 4:23:24  291,853/1,000,000  18.5/s  upd=6272  L=0.0467  D=4.506
[dcg] 4:23:44  292,193/1,000,000  18.5/s  upd=6280  L=0.0554  D=4.506
[dcg] 4:24:05  292,554/1,000,000  18.5/s  upd=6288  L=0.0466  D=4.506
[dcg] 4:24:25  292,927/1,000,000  18.5/s  upd=6296  L=0.0440  D=4.506
[dcg] 4:24:45  293,301/1,000,000  18.5/s  upd=6304  L=0.0405  D=4.506
[dcg] 4:25:05  293,643/1,000,000  18.5/s  upd=6312  L=0.0341  D=4.506
[dcg] 4:25:25  294,037/1,000,000  18.5/s  upd=6320  L=0.0401  D=4.506
[dcg] 4:25:41  294,397/1,000,000  18.5/s  upd=6328  L=0.0494  D=4.506
[dcg] 4:26:01  294,750/1,000,000  18.5/s  upd=6336  L=0.0466  D=4.506
[dcg] 4:26:21  295,134/1,000,000  18.5/s  upd=6344  L=0.0331  D=4.506
[dcg] 4:26:40  295,536/1,000,000  18.5/s  upd=6352  L=0.0408  D=4.506
[dcg] 4:26:59  295,890/1,000,000  18.5/s  upd=6360  L=0.0450  D=4.506
[dcg] 4:27:18  296,272/1,000,000  18.5/s  upd=6368  L=0.0387  D=4.506
[dcg] 4:27:39  296,617/1,000,000  18.5/s  upd=6376  L=0.0435  D=4.506
[dcg] 4:28:00  297,007/1,000,000  18.5/s  upd=6384  L=0.0444  D=4.506
[dcg] 4:28:18  297,353/1,000,000  18.5/s  upd=6392  L=0.0380  D=4.506
[dcg] 4:28:44  297,793/1,000,000  18.5/s  upd=6400  L=0.0460  D=4.506
[dcg] 4:29:02  298,138/1,000,000  18.5/s  upd=6408  L=0.0499  D=4.506
[dcg] 4:29:21  298,495/1,000,000  18.5/s  upd=6416  L=0.0528  D=4.506
[dcg] 4:29:41  298,839/1,000,000  18.5/s  upd=6424  L=0.0357  D=4.506
[dcg] 4:30:01  299,222/1,000,000  18.5/s  upd=6432  L=0.0435  D=4.506
[dcg] 4:30:20  299,600/1,000,000  18.5/s  upd=6440  L=0.0361  D=4.506
[dcg] 4:30:37  299,940/1,000,000  18.5/s  upd=6448  L=0.0457  D=4.506
[dcg] 4:31:00  300,322/1,000,000  18.5/s  upd=6456  L=0.0346  ev=0/100  D=4.506
[dcg] 4:31:10  300,322/1,000,000  18.5/s  upd=6456  L=0.0346  ev=31/100  D=4.506
[dcg] 4:31:20  300,322/1,000,000  18.4/s  upd=6456  L=0.0346  ev=60/100  D=4.506
[dcg] 4:31:30  300,322/1,000,000  18.4/s  upd=6456  L=0.0346  ev=87/100  D=4.506
[dcg] 4:31:41  300,322/1,000,000  18.4/s  upd=6456  L=0.0346  D=4.222
[dcg] 4:32:00  300,681/1,000,000  18.4/s  upd=6464  L=0.0496  D=4.222
[dcg] 4:32:18  301,079/1,000,000  18.4/s  upd=6472  L=0.0434  D=4.222
[dcg] 4:32:40  301,456/1,000,000  18.4/s  upd=6480  L=0.0424  D=4.222
[dcg] 4:32:58  301,811/1,000,000  18.4/s  upd=6488  L=0.0481  D=4.222
[dcg] 4:33:15  302,172/1,000,000  18.4/s  upd=6496  L=0.0445  D=4.222
[dcg] 4:33:31  302,593/1,000,000  18.4/s  upd=6504  L=0.0550  D=4.222
[dcg] 4:33:53  302,978/1,000,000  18.4/s  upd=6512  L=0.0331  D=4.222
[dcg] 4:34:12  303,290/1,000,000  18.4/s  upd=6520  L=0.0391  D=4.222
[dcg] 4:34:31  303,639/1,000,000  18.4/s  upd=6528  L=0.0526  D=4.222
[dcg] 4:34:51  304,084/1,000,000  18.4/s  upd=6536  L=0.0438  D=4.222
[dcg] 4:35:10  304,445/1,000,000  18.4/s  upd=6544  L=0.0314  D=4.222
[dcg] 4:35:27  304,779/1,000,000  18.4/s  upd=6552  L=0.0566  D=4.222
[dcg] 4:35:45  305,119/1,000,000  18.4/s  upd=6560  L=0.0491  D=4.222
[dcg] 4:36:05  305,473/1,000,000  18.4/s  upd=6568  L=0.0452  D=4.222
[dcg] 4:36:22  305,865/1,000,000  18.4/s  upd=6576  L=0.0645  D=4.222
[dcg] 4:36:40  306,292/1,000,000  18.5/s  upd=6584  L=0.0361  D=4.222
[dcg] 4:37:00  306,660/1,000,000  18.5/s  upd=6592  L=0.0531  D=4.222
[dcg] 4:37:17  306,986/1,000,000  18.5/s  upd=6600  L=0.0394  D=4.222
[dcg] 4:37:36  307,341/1,000,000  18.5/s  upd=6608  L=0.0356  D=4.222
[dcg] 4:37:55  307,688/1,000,000  18.5/s  upd=6616  L=0.0424  D=4.222
[dcg] 4:38:12  308,022/1,000,000  18.5/s  upd=6624  L=0.0445  D=4.222
[dcg] 4:38:29  308,363/1,000,000  18.5/s  upd=6632  L=0.0484  D=4.222
[dcg] 4:38:48  308,784/1,000,000  18.5/s  upd=6640  L=0.0473  D=4.222
[dcg] 4:39:12  309,140/1,000,000  18.5/s  upd=6648  L=0.0418  D=4.222
[dcg] 4:39:31  309,492/1,000,000  18.5/s  upd=6656  L=0.0377  D=4.222
[dcg] 4:39:51  309,821/1,000,000  18.5/s  upd=6664  L=0.0315  D=4.222
[dcg] 4:40:12  310,149/1,000,000  18.4/s  upd=6672  L=0.0417  D=4.222
[dcg] 4:40:33  310,548/1,000,000  18.4/s  upd=6680  L=0.0280  D=4.222
[dcg] 4:40:53  310,879/1,000,000  18.4/s  upd=6688  L=0.0418  D=4.222
[dcg] 4:41:11  311,231/1,000,000  18.4/s  upd=6696  L=0.0462  D=4.222
[dcg] 4:41:31  311,591/1,000,000  18.4/s  upd=6704  L=0.0587  D=4.222
[dcg] 4:41:44  311,936/1,000,000  18.5/s  upd=6712  L=0.0407  D=4.222
[dcg] 4:42:05  312,296/1,000,000  18.5/s  upd=6720  L=0.0379  D=4.222
[dcg] 4:42:28  312,745/1,000,000  18.5/s  upd=6728  L=0.0441  D=4.222
[dcg] 4:42:45  313,077/1,000,000  18.5/s  upd=6736  L=0.0452  D=4.222
[dcg] 4:43:03  313,378/1,000,000  18.5/s  upd=6744  L=0.0444  D=4.222
[dcg] 4:43:22  313,758/1,000,000  18.5/s  upd=6752  L=0.0572  D=4.222
[dcg] 4:43:41  314,119/1,000,000  18.5/s  upd=6760  L=0.0461  D=4.222
[dcg] 4:44:01  314,474/1,000,000  18.5/s  upd=6768  L=0.0367  D=4.222
[dcg] 4:44:19  314,766/1,000,000  18.5/s  upd=6776  L=0.0570  D=4.222
[dcg] 4:44:37  315,104/1,000,000  18.5/s  upd=6784  L=0.0354  D=4.222
[dcg] 4:44:53  315,529/1,000,000  18.5/s  upd=6792  L=0.0426  D=4.222
[dcg] 4:45:10  315,892/1,000,000  18.5/s  upd=6800  L=0.0433  D=4.222
[dcg] 4:45:25  316,260/1,000,000  18.5/s  upd=6808  L=0.0498  D=4.222
[dcg] 4:45:44  316,721/1,000,000  18.5/s  upd=6816  L=0.0385  D=4.222
[dcg] 4:46:03  317,080/1,000,000  18.5/s  upd=6824  L=0.0277  D=4.222
[dcg] 4:46:22  317,416/1,000,000  18.5/s  upd=6832  L=0.0444  D=4.222
[dcg] 4:46:42  317,818/1,000,000  18.5/s  upd=6840  L=0.0368  D=4.222
[dcg] 4:47:00  318,190/1,000,000  18.5/s  upd=6848  L=0.0456  D=4.222
[dcg] 4:47:16  318,595/1,000,000  18.5/s  upd=6856  L=0.0442  D=4.222
[dcg] 4:47:26  318,595/1,000,000  18.5/s  upd=6856  L=0.0442  D=4.222
[dcg] 4:47:43  318,954/1,000,000  18.5/s  upd=6864  L=0.0408  D=4.222
[dcg] 4:48:01  319,388/1,000,000  18.5/s  upd=6872  L=0.0368  D=4.222
[dcg] 4:48:21  319,747/1,000,000  18.5/s  upd=6880  L=0.0343  D=4.222
[dcg] 4:48:47  320,159/1,000,000  18.5/s  upd=6888  L=0.0458  ev=0/100  D=4.222
[dcg] 4:48:57  320,159/1,000,000  18.5/s  upd=6888  L=0.0458  ev=27/100  D=4.222
[dcg] 4:49:07  320,159/1,000,000  18.5/s  upd=6888  L=0.0458  ev=71/100  D=4.222
[dcg] 4:49:22  320,159/1,000,000  18.4/s  upd=6888  L=0.0458  D=3.711
[dcg] 4:49:40  320,486/1,000,000  18.4/s  upd=6896  L=0.0396  D=3.711
[dcg] 4:49:59  320,875/1,000,000  18.4/s  upd=6904  L=0.0461  D=3.711
[dcg] 4:50:15  321,252/1,000,000  18.4/s  upd=6912  L=0.0412  D=3.711
[dcg] 4:50:36  321,729/1,000,000  18.5/s  upd=6920  L=0.0284  D=3.711
[dcg] 4:50:53  322,098/1,000,000  18.5/s  upd=6928  L=0.0435  D=3.711
[dcg] 4:51:12  322,445/1,000,000  18.5/s  upd=6936  L=0.0476  D=3.711
[dcg] 4:51:32  322,852/1,000,000  18.5/s  upd=6944  L=0.0411  D=3.711
[dcg] 4:51:52  323,229/1,000,000  18.5/s  upd=6952  L=0.0353  D=3.711
[dcg] 4:52:07  323,567/1,000,000  18.5/s  upd=6960  L=0.0470  D=3.711
[dcg] 4:52:21  323,920/1,000,000  18.5/s  upd=6968  L=0.0276  D=3.711
[dcg] 4:52:36  324,266/1,000,000  18.5/s  upd=6976  L=0.0489  D=3.711
[dcg] 4:52:46  324,266/1,000,000  18.5/s  upd=6976  L=0.0489  D=3.711
[dcg] 4:53:03  324,607/1,000,000  18.5/s  upd=6984  L=0.0626  D=3.711
[dcg] 4:53:24  324,970/1,000,000  18.5/s  upd=6992  L=0.0508  D=3.711
[dcg] 4:53:43  325,298/1,000,000  18.5/s  upd=7000  L=0.0533  D=3.711
[dcg] 4:54:01  325,634/1,000,000  18.5/s  upd=7008  L=0.0384  D=3.711
[dcg] 4:54:24  326,028/1,000,000  18.5/s  upd=7016  L=0.0362  D=3.711
[dcg] 4:54:43  326,345/1,000,000  18.5/s  upd=7024  L=0.0319  D=3.711
[dcg] 4:55:00  326,696/1,000,000  18.5/s  upd=7032  L=0.0375  D=3.711
[dcg] 4:55:20  327,021/1,000,000  18.5/s  upd=7040  L=0.0474  D=3.711
[dcg] 4:55:37  327,365/1,000,000  18.5/s  upd=7048  L=0.0504  D=3.711
[dcg] 4:55:54  327,719/1,000,000  18.5/s  upd=7056  L=0.0413  D=3.711
[dcg] 4:56:11  328,093/1,000,000  18.5/s  upd=7064  L=0.0383  D=3.711
[dcg] 4:56:28  328,462/1,000,000  18.5/s  upd=7072  L=0.0497  D=3.711
[dcg] 4:56:45  328,782/1,000,000  18.5/s  upd=7080  L=0.0423  D=3.711
[dcg] 4:57:05  329,232/1,000,000  18.5/s  upd=7088  L=0.0309  D=3.711
[dcg] 4:57:24  329,615/1,000,000  18.5/s  upd=7096  L=0.0426  D=3.711
[dcg] 4:57:40  329,994/1,000,000  18.5/s  upd=7104  L=0.0374  D=3.711
[dcg] 4:57:56  330,362/1,000,000  18.5/s  upd=7112  L=0.0455  D=3.711
[dcg] 4:58:20  330,710/1,000,000  18.5/s  upd=7120  L=0.0345  D=3.711
[dcg] 4:58:37  331,007/1,000,000  18.5/s  upd=7128  L=0.0429  D=3.711
[dcg] 4:58:55  331,376/1,000,000  18.5/s  upd=7136  L=0.0324  D=3.711
[dcg] 4:59:14  331,741/1,000,000  18.5/s  upd=7144  L=0.0471  D=3.711
[dcg] 4:59:34  332,127/1,000,000  18.5/s  upd=7152  L=0.0322  D=3.711
[dcg] 4:59:53  332,450/1,000,000  18.5/s  upd=7160  L=0.0480  D=3.711
[dcg] 5:00:09  332,786/1,000,000  18.5/s  upd=7168  L=0.0454  D=3.711
[dcg] 5:00:28  333,163/1,000,000  18.5/s  upd=7176  L=0.0390  D=3.711
[dcg] 5:00:48  333,559/1,000,000  18.5/s  upd=7184  L=0.0407  D=3.711
[dcg] 5:01:07  333,910/1,000,000  18.5/s  upd=7192  L=0.0417  D=3.711
[dcg] 5:01:26  334,267/1,000,000  18.5/s  upd=7200  L=0.0395  D=3.711
[dcg] 5:01:46  334,660/1,000,000  18.5/s  upd=7208  L=0.0406  D=3.711
[dcg] 5:02:04  335,044/1,000,000  18.5/s  upd=7216  L=0.0496  D=3.711
[dcg] 5:02:24  335,463/1,000,000  18.5/s  upd=7224  L=0.0385  D=3.711
[dcg] 5:02:39  335,862/1,000,000  18.5/s  upd=7232  L=0.0330  D=3.711
[dcg] 5:02:55  336,228/1,000,000  18.5/s  upd=7240  L=0.0346  D=3.711
[dcg] 5:03:12  336,603/1,000,000  18.5/s  upd=7248  L=0.0437  D=3.711
[dcg] 5:03:39  337,004/1,000,000  18.5/s  upd=7256  L=0.0449  D=3.711
[dcg] 5:03:56  337,377/1,000,000  18.5/s  upd=7264  L=0.0353  D=3.711
[dcg] 5:04:14  337,768/1,000,000  18.5/s  upd=7272  L=0.0353  D=3.711
[dcg] 5:04:33  338,115/1,000,000  18.5/s  upd=7280  L=0.0356  D=3.711
[dcg] 5:04:53  338,520/1,000,000  18.5/s  upd=7288  L=0.0396  D=3.711
[dcg] 5:05:13  338,872/1,000,000  18.5/s  upd=7296  L=0.0457  D=3.711
[dcg] 5:05:32  339,208/1,000,000  18.5/s  upd=7304  L=0.0439  D=3.711
[dcg] 5:05:51  339,595/1,000,000  18.5/s  upd=7312  L=0.0345  D=3.711
[dcg] 5:06:10  339,942/1,000,000  18.5/s  upd=7320  L=0.0304  D=3.711
[dcg] 5:06:34  340,265/1,000,000  18.5/s  upd=7328  L=0.0374  ev=0/100  D=3.711
[dcg] 5:06:44  340,265/1,000,000  18.5/s  upd=7328  L=0.0374  ev=32/100  D=3.711
[dcg] 5:06:54  340,265/1,000,000  18.5/s  upd=7328  L=0.0374  ev=63/100  D=3.711
[dcg] 5:07:13  340,265/1,000,000  18.5/s  upd=7328  L=0.0374  D=3.683
[dcg] 5:07:27  340,591/1,000,000  18.5/s  upd=7336  L=0.0473  D=3.683
[dcg] 5:07:43  340,934/1,000,000  18.5/s  upd=7344  L=0.0504  D=3.683
[dcg] 5:07:58  341,260/1,000,000  18.5/s  upd=7352  L=0.0402  D=3.683
[dcg] 5:08:16  341,631/1,000,000  18.5/s  upd=7360  L=0.0484  D=3.683
[dcg] 5:08:32  341,960/1,000,000  18.5/s  upd=7368  L=0.0416  D=3.683
[dcg] 5:08:42  341,960/1,000,000  18.5/s  upd=7368  L=0.0416  D=3.683
[dcg] 5:08:59  342,297/1,000,000  18.5/s  upd=7376  L=0.0317  D=3.683
[dcg] 5:09:16  342,648/1,000,000  18.5/s  upd=7384  L=0.0418  D=3.683
[dcg] 5:09:35  343,015/1,000,000  18.5/s  upd=7392  L=0.0399  D=3.683
[dcg] 5:09:53  343,368/1,000,000  18.5/s  upd=7400  L=0.0584  D=3.683
[dcg] 5:10:09  343,743/1,000,000  18.5/s  upd=7408  L=0.0404  D=3.683
[dcg] 5:10:25  344,099/1,000,000  18.5/s  upd=7416  L=0.0552  D=3.683
[dcg] 5:10:39  344,507/1,000,000  18.5/s  upd=7424  L=0.0582  D=3.683
[dcg] 5:10:59  344,929/1,000,000  18.5/s  upd=7432  L=0.0489  D=3.683
[dcg] 5:11:19  345,319/1,000,000  18.5/s  upd=7440  L=0.0399  D=3.683
[dcg] 5:11:38  345,693/1,000,000  18.5/s  upd=7448  L=0.0584  D=3.683
[dcg] 5:11:58  346,094/1,000,000  18.5/s  upd=7456  L=0.0436  D=3.683
[dcg] 5:12:16  346,472/1,000,000  18.5/s  upd=7464  L=0.0515  D=3.683
[dcg] 5:12:32  346,819/1,000,000  18.5/s  upd=7472  L=0.0401  D=3.683
[dcg] 5:12:52  347,229/1,000,000  18.5/s  upd=7480  L=0.0422  D=3.683
[dcg] 5:13:08  347,590/1,000,000  18.5/s  upd=7488  L=0.0523  D=3.683
[dcg] 5:13:26  347,921/1,000,000  18.5/s  upd=7496  L=0.0385  D=3.683
[dcg] 5:13:45  348,270/1,000,000  18.5/s  upd=7504  L=0.0425  D=3.683
[dcg] 5:14:08  348,621/1,000,000  18.5/s  upd=7512  L=0.0568  D=3.683
[dcg] 5:14:24  348,947/1,000,000  18.5/s  upd=7520  L=0.0423  D=3.683
[dcg] 5:14:43  349,299/1,000,000  18.5/s  upd=7528  L=0.0497  D=3.683
[dcg] 5:14:59  349,623/1,000,000  18.5/s  upd=7536  L=0.0439  D=3.683
[dcg] 5:15:16  350,002/1,000,000  18.5/s  upd=7544  L=0.0439  D=3.683
[dcg] 5:15:32  350,354/1,000,000  18.5/s  upd=7552  L=0.0335  D=3.683
[dcg] 5:15:49  350,732/1,000,000  18.5/s  upd=7560  L=0.0452  D=3.683
[dcg] 5:16:06  351,040/1,000,000  18.5/s  upd=7568  L=0.0367  D=3.683
[dcg] 5:16:25  351,394/1,000,000  18.5/s  upd=7576  L=0.0481  D=3.683
[dcg] 5:16:44  351,739/1,000,000  18.5/s  upd=7584  L=0.0475  D=3.683
[dcg] 5:17:04  352,088/1,000,000  18.5/s  upd=7592  L=0.0460  D=3.683
[dcg] 5:17:21  352,445/1,000,000  18.5/s  upd=7600  L=0.0299  D=3.683
[dcg] 5:17:41  352,816/1,000,000  18.5/s  upd=7608  L=0.0370  D=3.683
[dcg] 5:17:59  353,193/1,000,000  18.5/s  upd=7616  L=0.0475  D=3.683
[dcg] 5:18:13  353,523/1,000,000  18.5/s  upd=7624  L=0.0490  D=3.683
[dcg] 5:18:31  353,896/1,000,000  18.5/s  upd=7632  L=0.0398  D=3.683
[dcg] 5:18:45  354,230/1,000,000  18.5/s  upd=7640  L=0.0381  D=3.683
[dcg] 5:19:04  354,545/1,000,000  18.5/s  upd=7648  L=0.0331  D=3.683
[dcg] 5:19:24  354,881/1,000,000  18.5/s  upd=7656  L=0.0406  D=3.683
[dcg] 5:19:43  355,206/1,000,000  18.5/s  upd=7664  L=0.0292  D=3.683
[dcg] 5:20:02  355,638/1,000,000  18.5/s  upd=7672  L=0.0349  D=3.683
[dcg] 5:20:19  355,953/1,000,000  18.5/s  upd=7680  L=0.0412  D=3.683
[dcg] 5:20:37  356,285/1,000,000  18.5/s  upd=7688  L=0.0464  D=3.683
[dcg] 5:20:54  356,636/1,000,000  18.5/s  upd=7696  L=0.0379  D=3.683
[dcg] 5:21:13  357,024/1,000,000  18.5/s  upd=7704  L=0.0407  D=3.683
[dcg] 5:21:32  357,414/1,000,000  18.5/s  upd=7712  L=0.0477  D=3.683
[dcg] 5:21:49  357,741/1,000,000  18.5/s  upd=7720  L=0.0489  D=3.683
[dcg] 5:22:09  358,080/1,000,000  18.5/s  upd=7728  L=0.0436  D=3.683
[dcg] 5:22:28  358,468/1,000,000  18.5/s  upd=7736  L=0.0421  D=3.683
[dcg] 5:22:47  358,852/1,000,000  18.5/s  upd=7744  L=0.0356  D=3.683
[dcg] 5:23:06  359,212/1,000,000  18.5/s  upd=7752  L=0.0380  D=3.683
[dcg] 5:23:24  359,565/1,000,000  18.5/s  upd=7760  L=0.0501  D=3.683
[dcg] 5:23:42  359,899/1,000,000  18.5/s  upd=7768  L=0.0299  D=3.683
[dcg] 5:24:05  360,225/1,000,000  18.5/s  upd=7776  L=0.0434  ev=0/100  D=3.683
[dcg] 5:24:15  360,225/1,000,000  18.5/s  upd=7776  L=0.0434  ev=38/100  D=3.683
[dcg] 5:24:25  360,225/1,000,000  18.5/s  upd=7776  L=0.0434  ev=70/100  D=3.683
[dcg] 5:24:43  360,225/1,000,000  18.5/s  upd=7776  L=0.0434  D=3.907
[dcg] 5:25:06  360,574/1,000,000  18.5/s  upd=7784  L=0.0447  D=3.907
[dcg] 5:25:26  360,946/1,000,000  18.5/s  upd=7792  L=0.0554  D=3.907
[dcg] 5:25:41  361,328/1,000,000  18.5/s  upd=7800  L=0.0319  D=3.907
[dcg] 5:25:59  361,727/1,000,000  18.5/s  upd=7808  L=0.0353  D=3.907
[dcg] 5:26:17  362,033/1,000,000  18.5/s  upd=7816  L=0.0387  D=3.907
[dcg] 5:26:35  362,382/1,000,000  18.5/s  upd=7824  L=0.0296  D=3.907
[dcg] 5:26:55  362,786/1,000,000  18.5/s  upd=7832  L=0.0331  D=3.907
[dcg] 5:27:13  363,161/1,000,000  18.5/s  upd=7840  L=0.0339  D=3.907
[dcg] 5:27:32  363,515/1,000,000  18.5/s  upd=7848  L=0.0366  D=3.907
[dcg] 5:27:51  363,872/1,000,000  18.5/s  upd=7856  L=0.0497  D=3.907
[dcg] 5:28:09  364,372/1,000,000  18.5/s  upd=7864  L=0.0394  D=3.907
[dcg] 5:28:26  364,688/1,000,000  18.5/s  upd=7872  L=0.0316  D=3.907
[dcg] 5:28:41  365,009/1,000,000  18.5/s  upd=7880  L=0.0323  D=3.907
[dcg] 5:28:58  365,440/1,000,000  18.5/s  upd=7888  L=0.0560  D=3.907
[dcg] 5:29:11  365,794/1,000,000  18.5/s  upd=7896  L=0.0355  D=3.907
[dcg] 5:29:27  366,156/1,000,000  18.5/s  upd=7904  L=0.0402  D=3.907
[dcg] 5:29:41  366,586/1,000,000  18.5/s  upd=7912  L=0.0398  D=3.907
[dcg] 5:29:57  366,968/1,000,000  18.5/s  upd=7920  L=0.0407  D=3.907
[dcg] 5:30:21  367,330/1,000,000  18.5/s  upd=7928  L=0.0437  D=3.907
[dcg] 5:30:39  367,669/1,000,000  18.5/s  upd=7936  L=0.0360  D=3.907
[dcg] 5:30:55  368,046/1,000,000  18.5/s  upd=7944  L=0.0396  D=3.907
[dcg] 5:31:15  368,370/1,000,000  18.5/s  upd=7952  L=0.0376  D=3.907
[dcg] 5:31:31  368,736/1,000,000  18.5/s  upd=7960  L=0.0365  D=3.907
[dcg] 5:31:49  369,081/1,000,000  18.5/s  upd=7968  L=0.0445  D=3.907
[dcg] 5:32:06  369,432/1,000,000  18.5/s  upd=7976  L=0.0404  D=3.907
[dcg] 5:32:26  369,824/1,000,000  18.5/s  upd=7984  L=0.0506  D=3.907
[dcg] 5:32:44  370,105/1,000,000  18.5/s  upd=7992  L=0.0517  D=3.907
[dcg] 5:33:03  370,482/1,000,000  18.5/s  upd=8000  L=0.0435  D=3.907
[dcg] 5:33:22  370,823/1,000,000  18.5/s  upd=8008  L=0.0503  D=3.907
[dcg] 5:33:41  371,187/1,000,000  18.5/s  upd=8016  L=0.0488  D=3.907
[dcg] 5:33:59  371,596/1,000,000  18.5/s  upd=8024  L=0.0377  D=3.907
[dcg] 5:34:15  371,925/1,000,000  18.5/s  upd=8032  L=0.0531  D=3.907
[dcg] 5:34:37  372,305/1,000,000  18.5/s  upd=8040  L=0.0564  D=3.907
[dcg] 5:34:54  372,645/1,000,000  18.5/s  upd=8048  L=0.0428  D=3.907
[dcg] 5:35:09  372,997/1,000,000  18.5/s  upd=8056  L=0.0463  D=3.907
[dcg] 5:35:34  373,342/1,000,000  18.5/s  upd=8064  L=0.0590  D=3.907
[dcg] 5:35:52  373,728/1,000,000  18.5/s  upd=8072  L=0.0317  D=3.907
[dcg] 5:36:10  374,072/1,000,000  18.5/s  upd=8080  L=0.0497  D=3.907
[dcg] 5:36:29  374,406/1,000,000  18.5/s  upd=8088  L=0.0349  D=3.907
[dcg] 5:36:45  374,735/1,000,000  18.5/s  upd=8096  L=0.0377  D=3.907
[dcg] 5:37:05  375,153/1,000,000  18.5/s  upd=8104  L=0.0394  D=3.907
[dcg] 5:37:23  375,519/1,000,000  18.5/s  upd=8112  L=0.0473  D=3.907
[dcg] 5:37:42  375,876/1,000,000  18.6/s  upd=8120  L=0.0401  D=3.907
[dcg] 5:38:01  376,286/1,000,000  18.6/s  upd=8128  L=0.0462  D=3.907
[dcg] 5:38:18  376,608/1,000,000  18.6/s  upd=8136  L=0.0690  D=3.907
[dcg] 5:38:35  376,938/1,000,000  18.6/s  upd=8144  L=0.0393  D=3.907
[dcg] 5:38:55  377,348/1,000,000  18.6/s  upd=8152  L=0.0297  D=3.907
[dcg] 5:39:10  377,707/1,000,000  18.6/s  upd=8160  L=0.0316  D=3.907
[dcg] 5:39:30  378,126/1,000,000  18.6/s  upd=8168  L=0.0419  D=3.907
[dcg] 5:39:49  378,447/1,000,000  18.6/s  upd=8176  L=0.0386  D=3.907
[dcg] 5:40:07  378,810/1,000,000  18.6/s  upd=8184  L=0.0360  D=3.907
[dcg] 5:40:22  379,179/1,000,000  18.6/s  upd=8192  L=0.0368  D=3.907
[dcg] 5:40:44  379,511/1,000,000  18.6/s  upd=8200  L=0.0510  D=3.907
[dcg] 5:40:58  379,844/1,000,000  18.6/s  upd=8208  L=0.0436  D=3.907
[dcg] 5:41:21  380,178/1,000,000  18.6/s  upd=8216  L=0.0473  ev=0/100  D=3.907
[dcg] 5:41:31  380,178/1,000,000  18.6/s  upd=8216  L=0.0473  ev=32/100  D=3.907
[dcg] 5:41:41  380,178/1,000,000  18.5/s  upd=8216  L=0.0473  ev=64/100  D=3.907
[dcg] 5:41:51  380,178/1,000,000  18.5/s  upd=8216  L=0.0473  ev=96/100  D=3.907
[dcg] 5:42:16  380,541/1,000,000  18.5/s  upd=8224  L=0.0324  D=4.649
[dcg] 5:42:33  380,916/1,000,000  18.5/s  upd=8232  L=0.0501  D=4.649
[dcg] 5:42:51  381,246/1,000,000  18.5/s  upd=8240  L=0.0397  D=4.649
[dcg] 5:43:10  381,625/1,000,000  18.5/s  upd=8248  L=0.0547  D=4.649
[dcg] 5:43:28  381,981/1,000,000  18.5/s  upd=8256  L=0.0416  D=4.649
[dcg] 5:43:47  382,362/1,000,000  18.5/s  upd=8264  L=0.0337  D=4.649
[dcg] 5:44:05  382,700/1,000,000  18.5/s  upd=8272  L=0.0392  D=4.649
[dcg] 5:44:23  383,041/1,000,000  18.5/s  upd=8280  L=0.0496  D=4.649
[dcg] 5:44:42  383,409/1,000,000  18.5/s  upd=8288  L=0.0319  D=4.649
[dcg] 5:45:01  383,800/1,000,000  18.5/s  upd=8296  L=0.0550  D=4.649
[dcg] 5:45:19  384,175/1,000,000  18.5/s  upd=8304  L=0.0457  D=4.649
[dcg] 5:45:37  384,650/1,000,000  18.5/s  upd=8312  L=0.0406  D=4.649
[dcg] 5:46:04  385,029/1,000,000  18.5/s  upd=8320  L=0.0451  D=4.649
[dcg] 5:46:21  385,438/1,000,000  18.5/s  upd=8328  L=0.0273  D=4.649
[dcg] 5:46:39  385,759/1,000,000  18.5/s  upd=8336  L=0.0441  D=4.649
[dcg] 5:46:54  386,125/1,000,000  18.6/s  upd=8344  L=0.0343  D=4.649
[dcg] 5:47:11  386,513/1,000,000  18.6/s  upd=8352  L=0.0368  D=4.649
[dcg] 5:47:26  386,921/1,000,000  18.6/s  upd=8360  L=0.0374  D=4.649
[dcg] 5:47:45  387,370/1,000,000  18.6/s  upd=8368  L=0.0471  D=4.649
[dcg] 5:48:05  387,735/1,000,000  18.6/s  upd=8376  L=0.0341  D=4.649
[dcg] 5:48:21  388,086/1,000,000  18.6/s  upd=8384  L=0.0496  D=4.649
[dcg] 5:48:40  388,463/1,000,000  18.6/s  upd=8392  L=0.0377  D=4.649
[dcg] 5:48:59  388,820/1,000,000  18.6/s  upd=8400  L=0.0391  D=4.649
[dcg] 5:49:16  389,152/1,000,000  18.6/s  upd=8408  L=0.0421  D=4.649
[dcg] 5:49:35  389,534/1,000,000  18.6/s  upd=8416  L=0.0388  D=4.649
[dcg] 5:49:52  389,849/1,000,000  18.6/s  upd=8424  L=0.0436  D=4.649
[dcg] 5:50:11  390,188/1,000,000  18.6/s  upd=8432  L=0.0263  D=4.649
[dcg] 5:50:29  390,491/1,000,000  18.6/s  upd=8440  L=0.0325  D=4.649
[dcg] 5:50:46  390,854/1,000,000  18.6/s  upd=8448  L=0.0365  D=4.649
[dcg] 5:51:09  391,225/1,000,000  18.6/s  upd=8456  L=0.0417  D=4.649
[dcg] 5:51:26  391,619/1,000,000  18.6/s  upd=8464  L=0.0380  D=4.649
[dcg] 5:51:45  391,973/1,000,000  18.6/s  upd=8472  L=0.0407  D=4.649
[dcg] 5:52:02  392,308/1,000,000  18.6/s  upd=8480  L=0.0506  D=4.649
[dcg] 5:52:18  392,682/1,000,000  18.6/s  upd=8488  L=0.0608  D=4.649
[dcg] 5:52:37  393,102/1,000,000  18.6/s  upd=8496  L=0.0448  D=4.649
[dcg] 5:52:55  393,425/1,000,000  18.6/s  upd=8504  L=0.0307  D=4.649
[dcg] 5:53:14  393,848/1,000,000  18.6/s  upd=8512  L=0.0319  D=4.649
[dcg] 5:53:32  394,227/1,000,000  18.6/s  upd=8520  L=0.0406  D=4.649
[dcg] 5:53:51  394,551/1,000,000  18.6/s  upd=8528  L=0.0416  D=4.649
[dcg] 5:54:10  394,913/1,000,000  18.6/s  upd=8536  L=0.0433  D=4.649
[dcg] 5:54:28  395,223/1,000,000  18.6/s  upd=8544  L=0.0345  D=4.649
[dcg] 5:54:45  395,565/1,000,000  18.6/s  upd=8552  L=0.0445  D=4.649
[dcg] 5:55:03  395,913/1,000,000  18.6/s  upd=8560  L=0.0547  D=4.649
[dcg] 5:55:21  396,238/1,000,000  18.6/s  upd=8568  L=0.0308  D=4.649
[dcg] 5:55:37  396,604/1,000,000  18.6/s  upd=8576  L=0.0466  D=4.649
[dcg] 5:55:53  396,948/1,000,000  18.6/s  upd=8584  L=0.0511  D=4.649
[dcg] 5:56:14  397,327/1,000,000  18.6/s  upd=8592  L=0.0469  D=4.649
[dcg] 5:56:34  397,765/1,000,000  18.6/s  upd=8600  L=0.0353  D=4.649
[dcg] 5:56:53  398,113/1,000,000  18.6/s  upd=8608  L=0.0491  D=4.649
[dcg] 5:57:12  398,512/1,000,000  18.6/s  upd=8616  L=0.0476  D=4.649
[dcg] 5:57:29  398,885/1,000,000  18.6/s  upd=8624  L=0.0456  D=4.649
[dcg] 5:57:46  399,207/1,000,000  18.6/s  upd=8632  L=0.0317  D=4.649
[dcg] 5:58:06  399,618/1,000,000  18.6/s  upd=8640  L=0.0322  D=4.649
[dcg] 5:58:24  399,964/1,000,000  18.6/s  upd=8648  L=0.0528  D=4.649
[dcg] 5:58:49  400,292/1,000,000  18.6/s  upd=8656  L=0.0384  ev=0/100  D=4.649
[dcg] 5:59:00  400,292/1,000,000  18.6/s  upd=8656  L=0.0384  ev=32/100  D=4.649
[dcg] 5:59:10  400,292/1,000,000  18.6/s  upd=8656  L=0.0384  ev=63/100  D=4.649
[dcg] 5:59:25  400,292/1,000,000  18.6/s  upd=8656  L=0.0384  D=3.741
[dcg] 5:59:43  400,830/1,000,000  18.6/s  upd=8664  L=0.0400  D=3.741
[dcg] 6:00:02  401,215/1,000,000  18.6/s  upd=8672  L=0.0394  D=3.741
[dcg] 6:00:20  401,582/1,000,000  18.6/s  upd=8680  L=0.0453  D=3.741
[dcg] 6:00:38  401,937/1,000,000  18.6/s  upd=8688  L=0.0466  D=3.741
[dcg] 6:00:56  402,281/1,000,000  18.6/s  upd=8696  L=0.0398  D=3.741
[dcg] 6:01:13  402,636/1,000,000  18.6/s  upd=8704  L=0.0390  D=3.741
[dcg] 6:01:34  402,980/1,000,000  18.6/s  upd=8712  L=0.0326  D=3.741
[dcg] 6:01:52  403,365/1,000,000  18.6/s  upd=8720  L=0.0514  D=3.741
[dcg] 6:02:10  403,712/1,000,000  18.6/s  upd=8728  L=0.0387  D=3.741
[dcg] 6:02:28  404,070/1,000,000  18.6/s  upd=8736  L=0.0360  D=3.741
[dcg] 6:02:49  404,446/1,000,000  18.6/s  upd=8744  L=0.0468  D=3.741
[dcg] 6:03:06  404,863/1,000,000  18.6/s  upd=8752  L=0.0470  D=3.741
[dcg] 6:03:22  405,212/1,000,000  18.6/s  upd=8760  L=0.0493  D=3.741
[dcg] 6:03:36  405,606/1,000,000  18.6/s  upd=8768  L=0.0457  D=3.741
[dcg] 6:03:53  405,912/1,000,000  18.6/s  upd=8776  L=0.0395  D=3.741
[dcg] 6:04:12  406,319/1,000,000  18.6/s  upd=8784  L=0.0445  D=3.741
[dcg] 6:04:29  406,668/1,000,000  18.6/s  upd=8792  L=0.0431  D=3.741
[dcg] 6:04:46  407,030/1,000,000  18.6/s  upd=8800  L=0.0385  D=3.741
[dcg] 6:05:02  407,393/1,000,000  18.6/s  upd=8808  L=0.0468  D=3.741
[dcg] 6:05:17  407,734/1,000,000  18.6/s  upd=8816  L=0.0261  D=3.741
[dcg] 6:05:34  408,066/1,000,000  18.6/s  upd=8824  L=0.0483  D=3.741
[dcg] 6:05:49  408,398/1,000,000  18.6/s  upd=8832  L=0.0363  D=3.741
[dcg] 6:06:09  408,803/1,000,000  18.6/s  upd=8840  L=0.0454  D=3.741
[dcg] 6:06:25  409,126/1,000,000  18.6/s  upd=8848  L=0.0434  D=3.741
[dcg] 6:06:46  409,450/1,000,000  18.6/s  upd=8856  L=0.0439  D=3.741
[dcg] 6:07:03  409,831/1,000,000  18.6/s  upd=8864  L=0.0407  D=3.741
[dcg] 6:07:22  410,220/1,000,000  18.6/s  upd=8872  L=0.0298  D=3.741
[dcg] 6:07:42  410,583/1,000,000  18.6/s  upd=8880  L=0.0424  D=3.741
[dcg] 6:08:01  410,953/1,000,000  18.6/s  upd=8888  L=0.0355  D=3.741
[dcg] 6:08:17  411,278/1,000,000  18.6/s  upd=8896  L=0.0535  D=3.741
[dcg] 6:08:35  411,629/1,000,000  18.6/s  upd=8904  L=0.0370  D=3.741
[dcg] 6:08:54  412,036/1,000,000  18.6/s  upd=8912  L=0.0360  D=3.741
[dcg] 6:09:14  412,463/1,000,000  18.6/s  upd=8920  L=0.0506  D=3.741
[dcg] 6:09:35  412,782/1,000,000  18.6/s  upd=8928  L=0.0342  D=3.741
[dcg] 6:09:54  413,193/1,000,000  18.6/s  upd=8936  L=0.0421  D=3.741
[dcg] 6:10:11  413,580/1,000,000  18.6/s  upd=8944  L=0.0465  D=3.741
[dcg] 6:10:30  413,906/1,000,000  18.6/s  upd=8952  L=0.0441  D=3.741
[dcg] 6:10:46  414,291/1,000,000  18.6/s  upd=8960  L=0.0366  D=3.741
[dcg] 6:11:05  414,705/1,000,000  18.6/s  upd=8968  L=0.0513  D=3.741
[dcg] 6:11:21  415,052/1,000,000  18.6/s  upd=8976  L=0.0562  D=3.741
[dcg] 6:11:37  415,390/1,000,000  18.6/s  upd=8984  L=0.0464  D=3.741
[dcg] 6:11:58  415,755/1,000,000  18.6/s  upd=8992  L=0.0348  D=3.741
[dcg] 6:12:17  416,101/1,000,000  18.6/s  upd=9000  L=0.0395  D=3.741
[dcg] 6:12:34  416,540/1,000,000  18.6/s  upd=9008  L=0.0302  D=3.741
[dcg] 6:12:53  416,905/1,000,000  18.6/s  upd=9016  L=0.0275  D=3.741
[dcg] 6:13:11  417,240/1,000,000  18.6/s  upd=9024  L=0.0413  D=3.741
[dcg] 6:13:29  417,638/1,000,000  18.6/s  upd=9032  L=0.0385  D=3.741
[dcg] 6:13:47  418,000/1,000,000  18.6/s  upd=9040  L=0.0516  D=3.741
[dcg] 6:14:03  418,340/1,000,000  18.6/s  upd=9048  L=0.0333  D=3.741
[dcg] 6:14:19  418,700/1,000,000  18.6/s  upd=9056  L=0.0313  D=3.741
[dcg] 6:14:35  419,056/1,000,000  18.6/s  upd=9064  L=0.0472  D=3.741
[dcg] 6:14:53  419,405/1,000,000  18.6/s  upd=9072  L=0.0395  D=3.741
[dcg] 6:15:11  419,797/1,000,000  18.6/s  upd=9080  L=0.0400  D=3.741
[dcg] 6:15:35  420,186/1,000,000  18.6/s  upd=9088  L=0.0406  ev=0/100  D=3.741
[dcg] 6:15:45  420,186/1,000,000  18.6/s  upd=9088  L=0.0406  ev=31/100  D=3.741
[dcg] 6:15:55  420,186/1,000,000  18.6/s  upd=9088  L=0.0406  ev=64/100  D=3.741
[dcg] 6:16:05  420,186/1,000,000  18.6/s  upd=9088  L=0.0406  ev=96/100  D=3.741
[dcg] 6:16:30  420,638/1,000,000  18.6/s  upd=9096  L=0.0467  D=3.911
[dcg] 6:16:46  421,006/1,000,000  18.6/s  upd=9104  L=0.0406  D=3.911
[dcg] 6:17:10  421,340/1,000,000  18.6/s  upd=9112  L=0.0287  D=3.911
[dcg] 6:17:28  421,677/1,000,000  18.6/s  upd=9120  L=0.0362  D=3.911
[dcg] 6:17:46  422,023/1,000,000  18.6/s  upd=9128  L=0.0327  D=3.911
[dcg] 6:18:06  422,443/1,000,000  18.6/s  upd=9136  L=0.0537  D=3.911
[dcg] 6:18:23  422,784/1,000,000  18.6/s  upd=9144  L=0.0328  D=3.911
[dcg] 6:18:42  423,142/1,000,000  18.6/s  upd=9152  L=0.0392  D=3.911
[dcg] 6:19:00  423,479/1,000,000  18.6/s  upd=9160  L=0.0504  D=3.911
[dcg] 6:19:19  423,905/1,000,000  18.6/s  upd=9168  L=0.0543  D=3.911
[dcg] 6:19:39  424,262/1,000,000  18.6/s  upd=9176  L=0.0380  D=3.911
[dcg] 6:19:58  424,638/1,000,000  18.6/s  upd=9184  L=0.0473  D=3.911
[dcg] 6:20:16  424,981/1,000,000  18.6/s  upd=9192  L=0.0448  D=3.911
[dcg] 6:20:33  425,389/1,000,000  18.6/s  upd=9200  L=0.0382  D=3.911
[dcg] 6:20:55  425,811/1,000,000  18.6/s  upd=9208  L=0.0308  D=3.911
[dcg] 6:21:13  426,127/1,000,000  18.6/s  upd=9216  L=0.0356  D=3.911
[dcg] 6:21:30  426,548/1,000,000  18.6/s  upd=9224  L=0.0443  D=3.911
[dcg] 6:21:49  426,866/1,000,000  18.6/s  upd=9232  L=0.0383  D=3.911
[dcg] 6:22:06  427,240/1,000,000  18.6/s  upd=9240  L=0.0326  D=3.911
[dcg] 6:22:19  427,240/1,000,000  18.6/s  upd=9240  L=0.0326  D=3.911
[dcg] 6:22:34  427,560/1,000,000  18.6/s  upd=9248  L=0.0455  D=3.911
[dcg] 6:22:50  427,893/1,000,000  18.6/s  upd=9256  L=0.0437  D=3.911
[dcg] 6:23:06  428,270/1,000,000  18.6/s  upd=9264  L=0.0560  D=3.911
[dcg] 6:23:22  428,640/1,000,000  18.6/s  upd=9272  L=0.0494  D=3.911
[dcg] 6:23:40  429,040/1,000,000  18.6/s  upd=9280  L=0.0362  D=3.911
[dcg] 6:23:56  429,373/1,000,000  18.6/s  upd=9288  L=0.0326  D=3.911
[dcg] 6:24:12  429,736/1,000,000  18.6/s  upd=9296  L=0.0432  D=3.911
[dcg] 6:24:30  430,128/1,000,000  18.6/s  upd=9304  L=0.0355  D=3.911
[dcg] 6:24:47  430,456/1,000,000  18.6/s  upd=9312  L=0.0465  D=3.911
[dcg] 6:25:03  430,843/1,000,000  18.6/s  upd=9320  L=0.0325  D=3.911
[dcg] 6:25:18  431,211/1,000,000  18.7/s  upd=9328  L=0.0339  D=3.911
[dcg] 6:25:34  431,509/1,000,000  18.7/s  upd=9336  L=0.0271  D=3.911
[dcg] 6:25:56  431,944/1,000,000  18.7/s  upd=9344  L=0.0522  D=3.911
[dcg] 6:26:14  432,339/1,000,000  18.7/s  upd=9352  L=0.0365  D=3.911
[dcg] 6:26:33  432,728/1,000,000  18.7/s  upd=9360  L=0.0498  D=3.911
[dcg] 6:26:51  433,088/1,000,000  18.7/s  upd=9368  L=0.0326  D=3.911
[dcg] 6:27:08  433,450/1,000,000  18.7/s  upd=9376  L=0.0410  D=3.911
[dcg] 6:27:26  433,834/1,000,000  18.7/s  upd=9384  L=0.0363  D=3.911
[dcg] 6:27:47  434,186/1,000,000  18.7/s  upd=9392  L=0.0463  D=3.911
[dcg] 6:28:05  434,556/1,000,000  18.7/s  upd=9400  L=0.0385  D=3.911
[dcg] 6:28:23  434,945/1,000,000  18.7/s  upd=9408  L=0.0425  D=3.911
[dcg] 6:28:40  435,283/1,000,000  18.7/s  upd=9416  L=0.0367  D=3.911
[dcg] 6:28:58  435,631/1,000,000  18.7/s  upd=9424  L=0.0418  D=3.911
[dcg] 6:29:18  435,963/1,000,000  18.7/s  upd=9432  L=0.0363  D=3.911
[dcg] 6:29:37  436,321/1,000,000  18.7/s  upd=9440  L=0.0484  D=3.911
[dcg] 6:29:53  436,698/1,000,000  18.7/s  upd=9448  L=0.0587  D=3.911
[dcg] 6:30:08  437,075/1,000,000  18.7/s  upd=9456  L=0.0405  D=3.911
[dcg] 6:30:25  437,425/1,000,000  18.7/s  upd=9464  L=0.0324  D=3.911
[dcg] 6:30:42  437,769/1,000,000  18.7/s  upd=9472  L=0.0393  D=3.911
[dcg] 6:31:03  438,146/1,000,000  18.7/s  upd=9480  L=0.0417  D=3.911
[dcg] 6:31:19  438,453/1,000,000  18.7/s  upd=9488  L=0.0385  D=3.911
[dcg] 6:31:35  438,766/1,000,000  18.7/s  upd=9496  L=0.0509  D=3.911
[dcg] 6:31:53  439,143/1,000,000  18.7/s  upd=9504  L=0.0374  D=3.911
[dcg] 6:32:10  439,481/1,000,000  18.7/s  upd=9512  L=0.0385  D=3.911
[dcg] 6:32:28  439,849/1,000,000  18.7/s  upd=9520  L=0.0328  D=3.911
[dcg] 6:32:50  440,230/1,000,000  18.7/s  upd=9528  L=0.0427  ev=0/100  D=3.911
[dcg] 6:33:00  440,230/1,000,000  18.7/s  upd=9528  L=0.0427  ev=42/100  D=3.911
[dcg] 6:33:10  440,230/1,000,000  18.7/s  upd=9528  L=0.0427  ev=80/100  D=3.911
[dcg] 6:33:21  440,230/1,000,000  18.7/s  upd=9528  L=0.0427  D=3.649
[dcg] 6:33:47  440,606/1,000,000  18.6/s  upd=9536  L=0.0398  D=3.649
[dcg] 6:34:05  440,950/1,000,000  18.6/s  upd=9544  L=0.0419  D=3.649
[dcg] 6:34:24  441,288/1,000,000  18.6/s  upd=9552  L=0.0404  D=3.649
[dcg] 6:34:42  441,733/1,000,000  18.7/s  upd=9560  L=0.0286  D=3.649
[dcg] 6:35:01  442,099/1,000,000  18.7/s  upd=9568  L=0.0571  D=3.649
[dcg] 6:35:18  442,490/1,000,000  18.7/s  upd=9576  L=0.0390  D=3.649
[dcg] 6:35:37  442,928/1,000,000  18.7/s  upd=9584  L=0.0393  D=3.649
[dcg] 6:35:56  443,338/1,000,000  18.7/s  upd=9592  L=0.0491  D=3.649
[dcg] 6:36:16  443,780/1,000,000  18.7/s  upd=9600  L=0.0544  D=3.649
[dcg] 6:36:30  444,121/1,000,000  18.7/s  upd=9608  L=0.0507  D=3.649
[dcg] 6:36:47  444,479/1,000,000  18.7/s  upd=9616  L=0.0368  D=3.649
[dcg] 6:37:01  444,786/1,000,000  18.7/s  upd=9624  L=0.0430  D=3.649
[dcg] 6:37:19  445,187/1,000,000  18.7/s  upd=9632  L=0.0379  D=3.649
[dcg] 6:37:36  445,553/1,000,000  18.7/s  upd=9640  L=0.0410  D=3.649
[dcg] 6:37:52  445,912/1,000,000  18.7/s  upd=9648  L=0.0444  D=3.649
[dcg] 6:38:13  446,298/1,000,000  18.7/s  upd=9656  L=0.0368  D=3.649
[dcg] 6:38:28  446,634/1,000,000  18.7/s  upd=9664  L=0.0312  D=3.649
[dcg] 6:38:50  447,059/1,000,000  18.7/s  upd=9672  L=0.0338  D=3.649
[dcg] 6:39:10  447,441/1,000,000  18.7/s  upd=9680  L=0.0305  D=3.649
[dcg] 6:39:30  447,808/1,000,000  18.7/s  upd=9688  L=0.0340  D=3.649
[dcg] 6:39:45  448,157/1,000,000  18.7/s  upd=9696  L=0.0473  D=3.649
[dcg] 6:40:04  448,528/1,000,000  18.7/s  upd=9704  L=0.0387  D=3.649
[dcg] 6:40:21  448,914/1,000,000  18.7/s  upd=9712  L=0.0533  D=3.649
[dcg] 6:40:40  449,276/1,000,000  18.7/s  upd=9720  L=0.0350  D=3.649
[dcg] 6:40:57  449,625/1,000,000  18.7/s  upd=9728  L=0.0499  D=3.649
[dcg] 6:41:16  449,990/1,000,000  18.7/s  upd=9736  L=0.0478  D=3.649
[dcg] 6:41:30  450,354/1,000,000  18.7/s  upd=9744  L=0.0436  D=3.649
[dcg] 6:41:46  450,726/1,000,000  18.7/s  upd=9752  L=0.0397  D=3.649
[dcg] 6:42:02  451,101/1,000,000  18.7/s  upd=9760  L=0.0297  D=3.649
[dcg] 6:42:20  451,409/1,000,000  18.7/s  upd=9768  L=0.0431  D=3.649
[dcg] 6:42:39  451,851/1,000,000  18.7/s  upd=9776  L=0.0451  D=3.649
[dcg] 6:42:55  452,227/1,000,000  18.7/s  upd=9784  L=0.0376  D=3.649
[dcg] 6:43:16  452,564/1,000,000  18.7/s  upd=9792  L=0.0414  D=3.649
[dcg] 6:43:34  452,895/1,000,000  18.7/s  upd=9800  L=0.0483  D=3.649
[dcg] 6:43:55  453,290/1,000,000  18.7/s  upd=9808  L=0.0372  D=3.649
[dcg] 6:44:13  453,663/1,000,000  18.7/s  upd=9816  L=0.0328  D=3.649
[dcg] 6:44:31  454,047/1,000,000  18.7/s  upd=9824  L=0.0379  D=3.649
[dcg] 6:44:51  454,437/1,000,000  18.7/s  upd=9832  L=0.0536  D=3.649
[dcg] 6:45:07  454,812/1,000,000  18.7/s  upd=9840  L=0.0465  D=3.649
[dcg] 6:45:25  455,152/1,000,000  18.7/s  upd=9848  L=0.0296  D=3.649
[dcg] 6:45:42  455,487/1,000,000  18.7/s  upd=9856  L=0.0425  D=3.649
[dcg] 6:46:00  455,907/1,000,000  18.7/s  upd=9864  L=0.0437  D=3.649
[dcg] 6:46:18  456,264/1,000,000  18.7/s  upd=9872  L=0.0378  D=3.649
[dcg] 6:46:35  456,627/1,000,000  18.7/s  upd=9880  L=0.0467  D=3.649
[dcg] 6:46:50  456,951/1,000,000  18.7/s  upd=9888  L=0.0441  D=3.649
[dcg] 6:47:07  457,360/1,000,000  18.7/s  upd=9896  L=0.0303  D=3.649
[dcg] 6:47:23  457,726/1,000,000  18.7/s  upd=9904  L=0.0553  D=3.649
[dcg] 6:47:39  458,072/1,000,000  18.7/s  upd=9912  L=0.0501  D=3.649
[dcg] 6:47:57  458,447/1,000,000  18.7/s  upd=9920  L=0.0280  D=3.649
[dcg] 6:48:13  458,820/1,000,000  18.7/s  upd=9928  L=0.0298  D=3.649
[dcg] 6:48:33  459,156/1,000,000  18.7/s  upd=9936  L=0.0334  D=3.649
[dcg] 6:48:52  459,551/1,000,000  18.7/s  upd=9944  L=0.0402  D=3.649
[dcg] 6:49:03  459,551/1,000,000  18.7/s  upd=9944  L=0.0402  D=3.649
[dcg] 6:49:20  459,897/1,000,000  18.7/s  upd=9952  L=0.0329  D=3.649
[dcg] 6:49:43  460,229/1,000,000  18.7/s  upd=9960  L=0.0383  ev=0/100  D=3.649
[dcg] 6:49:53  460,229/1,000,000  18.7/s  upd=9960  L=0.0383  ev=37/100  D=3.649
[dcg] 6:50:03  460,229/1,000,000  18.7/s  upd=9960  L=0.0383  ev=65/100  D=3.649
[dcg] 6:50:13  460,229/1,000,000  18.7/s  upd=9960  L=0.0383  ev=97/100  D=3.649
[dcg] 6:50:35  460,571/1,000,000  18.7/s  upd=9968  L=0.0430  D=3.962
[dcg] 6:50:54  460,920/1,000,000  18.7/s  upd=9976  L=0.0397  D=3.962
[dcg] 6:51:12  461,288/1,000,000  18.7/s  upd=9984  L=0.0470  D=3.962
[dcg] 6:51:31  461,681/1,000,000  18.7/s  upd=9992  L=0.0495  D=3.962
[dcg] 6:51:48  462,053/1,000,000  18.7/s  upd=10000  L=0.0493  D=3.962
[dcg] 6:52:06  462,395/1,000,000  18.7/s  upd=10008  L=0.0459  D=3.962
[dcg] 6:52:24  462,777/1,000,000  18.7/s  upd=10016  L=0.0471  D=3.962
[dcg] 6:52:44  463,186/1,000,000  18.7/s  upd=10024  L=0.0382  D=3.962
[dcg] 6:53:04  463,544/1,000,000  18.7/s  upd=10032  L=0.0320  D=3.962
[dcg] 6:53:21  463,959/1,000,000  18.7/s  upd=10040  L=0.0452  D=3.962
[dcg] 6:53:36  464,399/1,000,000  18.7/s  upd=10048  L=0.0453  D=3.962
[dcg] 6:53:53  464,743/1,000,000  18.7/s  upd=10056  L=0.0589  D=3.962
[dcg] 6:54:12  465,067/1,000,000  18.7/s  upd=10064  L=0.0427  D=3.962
[dcg] 6:54:32  465,450/1,000,000  18.7/s  upd=10072  L=0.0337  D=3.962
[dcg] 6:54:51  465,839/1,000,000  18.7/s  upd=10080  L=0.0585  D=3.962
[dcg] 6:55:11  466,239/1,000,000  18.7/s  upd=10088  L=0.0468  D=3.962
[dcg] 6:55:29  466,536/1,000,000  18.7/s  upd=10096  L=0.0384  D=3.962
[dcg] 6:55:46  466,884/1,000,000  18.7/s  upd=10104  L=0.0449  D=3.962
[dcg] 6:56:03  467,184/1,000,000  18.7/s  upd=10112  L=0.0448  D=3.962
[dcg] 6:56:22  467,563/1,000,000  18.7/s  upd=10120  L=0.0420  D=3.962
[dcg] 6:56:40  467,883/1,000,000  18.7/s  upd=10128  L=0.0425  D=3.962
[dcg] 6:56:58  468,277/1,000,000  18.7/s  upd=10136  L=0.0512  D=3.962
[dcg] 6:57:13  468,660/1,000,000  18.7/s  upd=10144  L=0.0358  D=3.962
[dcg] 6:57:29  469,006/1,000,000  18.7/s  upd=10152  L=0.0402  D=3.962
[dcg] 6:57:47  469,326/1,000,000  18.7/s  upd=10160  L=0.0400  D=3.962
[dcg] 6:58:06  469,713/1,000,000  18.7/s  upd=10168  L=0.0431  D=3.962
[dcg] 6:58:19  470,057/1,000,000  18.7/s  upd=10176  L=0.0505  D=3.962
[dcg] 6:58:36  470,466/1,000,000  18.7/s  upd=10184  L=0.0414  D=3.962
[dcg] 6:58:49  470,874/1,000,000  18.7/s  upd=10192  L=0.0403  D=3.962
[dcg] 6:59:08  471,249/1,000,000  18.7/s  upd=10200  L=0.0478  D=3.962
[dcg] 6:59:22  471,638/1,000,000  18.7/s  upd=10208  L=0.0540  D=3.962
[dcg] 6:59:44  472,024/1,000,000  18.7/s  upd=10216  L=0.0426  D=3.962
[dcg] 7:00:00  472,458/1,000,000  18.7/s  upd=10224  L=0.0363  D=3.962
[dcg] 7:00:20  472,793/1,000,000  18.7/s  upd=10232  L=0.0489  D=3.962
[dcg] 7:00:41  473,212/1,000,000  18.7/s  upd=10240  L=0.0387  D=3.962
[dcg] 7:00:59  473,617/1,000,000  18.8/s  upd=10248  L=0.0539  D=3.962
[dcg] 7:01:16  473,998/1,000,000  18.8/s  upd=10256  L=0.0463  D=3.962
[dcg] 7:01:35  474,365/1,000,000  18.8/s  upd=10264  L=0.0263  D=3.962
[dcg] 7:01:54  474,681/1,000,000  18.8/s  upd=10272  L=0.0368  D=3.962
[dcg] 7:02:11  474,986/1,000,000  18.8/s  upd=10280  L=0.0320  D=3.962
[dcg] 7:02:30  475,341/1,000,000  18.8/s  upd=10288  L=0.0395  D=3.962
[dcg] 7:02:47  475,648/1,000,000  18.8/s  upd=10296  L=0.0597  D=3.962
[dcg] 7:03:05  476,005/1,000,000  18.8/s  upd=10304  L=0.0434  D=3.962
[dcg] 7:03:21  476,365/1,000,000  18.8/s  upd=10312  L=0.0336  D=3.962
[dcg] 7:03:38  476,728/1,000,000  18.8/s  upd=10320  L=0.0410  D=3.962
[dcg] 7:03:55  477,115/1,000,000  18.8/s  upd=10328  L=0.0412  D=3.962
[dcg] 7:04:12  477,500/1,000,000  18.8/s  upd=10336  L=0.0471  D=3.962
[dcg] 7:04:28  477,844/1,000,000  18.8/s  upd=10344  L=0.0389  D=3.962
[dcg] 7:04:51  478,231/1,000,000  18.8/s  upd=10352  L=0.0313  D=3.962
[dcg] 7:05:09  478,673/1,000,000  18.8/s  upd=10360  L=0.0435  D=3.962
[dcg] 7:05:29  478,970/1,000,000  18.8/s  upd=10368  L=0.0516  D=3.962
[dcg] 7:05:48  479,368/1,000,000  18.8/s  upd=10376  L=0.0487  D=3.962
[dcg] 7:06:05  479,739/1,000,000  18.8/s  upd=10384  L=0.0463  D=3.962
[dcg] 7:06:27  480,075/1,000,000  18.8/s  upd=10392  L=0.0408  ev=0/100  D=3.962
[dcg] 7:06:37  480,075/1,000,000  18.8/s  upd=10392  L=0.0408  ev=32/100  D=3.962
[dcg] 7:06:48  480,075/1,000,000  18.7/s  upd=10392  L=0.0408  ev=65/100  D=3.962
[dcg] 7:06:58  480,075/1,000,000  18.7/s  upd=10392  L=0.0408  ev=96/100  D=3.962
[dcg] 7:07:21  480,394/1,000,000  18.7/s  upd=10400  L=0.0368  D=4.135
[dcg] 7:07:38  480,733/1,000,000  18.7/s  upd=10408  L=0.0398  D=4.135
[dcg] 7:07:56  481,092/1,000,000  18.7/s  upd=10416  L=0.0404  D=4.135
[dcg] 7:08:13  481,421/1,000,000  18.7/s  upd=10424  L=0.0339  D=4.135
[dcg] 7:08:31  481,753/1,000,000  18.7/s  upd=10432  L=0.0376  D=4.135
[dcg] 7:08:48  482,102/1,000,000  18.7/s  upd=10440  L=0.0379  D=4.135
[dcg] 7:09:05  482,457/1,000,000  18.7/s  upd=10448  L=0.0356  D=4.135
[dcg] 7:09:19  482,804/1,000,000  18.7/s  upd=10456  L=0.0424  D=4.135
[dcg] 7:09:35  483,141/1,000,000  18.7/s  upd=10464  L=0.0411  D=4.135
[dcg] 7:09:47  483,141/1,000,000  18.7/s  upd=10464  L=0.0411  D=4.135
[dcg] 7:10:04  483,548/1,000,000  18.7/s  upd=10472  L=0.0383  D=4.135
[dcg] 7:10:22  483,884/1,000,000  18.7/s  upd=10480  L=0.0341  D=4.135
[dcg] 7:10:39  484,213/1,000,000  18.7/s  upd=10488  L=0.0451  D=4.135
[dcg] 7:10:58  484,588/1,000,000  18.7/s  upd=10496  L=0.0363  D=4.135
[dcg] 7:11:14  484,963/1,000,000  18.7/s  upd=10504  L=0.0461  D=4.135
[dcg] 7:11:30  485,277/1,000,000  18.7/s  upd=10512  L=0.0394  D=4.135
[dcg] 7:11:51  485,648/1,000,000  18.7/s  upd=10520  L=0.0342  D=4.135
[dcg] 7:12:11  486,035/1,000,000  18.7/s  upd=10528  L=0.0401  D=4.135
[dcg] 7:12:30  486,403/1,000,000  18.7/s  upd=10536  L=0.0504  D=4.135
[dcg] 7:12:48  486,804/1,000,000  18.7/s  upd=10544  L=0.0351  D=4.135
[dcg] 7:13:06  487,253/1,000,000  18.8/s  upd=10552  L=0.0354  D=4.135
[dcg] 7:13:24  487,594/1,000,000  18.8/s  upd=10560  L=0.0429  D=4.135
[dcg] 7:13:42  487,977/1,000,000  18.8/s  upd=10568  L=0.0412  D=4.135
[dcg] 7:14:03  488,397/1,000,000  18.8/s  upd=10576  L=0.0348  D=4.135
[dcg] 7:14:20  488,815/1,000,000  18.8/s  upd=10584  L=0.0414  D=4.135
[dcg] 7:14:39  489,195/1,000,000  18.8/s  upd=10592  L=0.0397  D=4.135
[dcg] 7:14:56  489,671/1,000,000  18.8/s  upd=10600  L=0.0382  D=4.135
[dcg] 7:15:07  489,671/1,000,000  18.8/s  upd=10600  L=0.0382  D=4.135
[dcg] 7:15:25  490,038/1,000,000  18.8/s  upd=10608  L=0.0356  D=4.135
[dcg] 7:15:41  490,379/1,000,000  18.8/s  upd=10616  L=0.0339  D=4.135
[dcg] 7:16:00  490,798/1,000,000  18.8/s  upd=10624  L=0.0385  D=4.135
[dcg] 7:16:17  491,151/1,000,000  18.8/s  upd=10632  L=0.0512  D=4.135
[dcg] 7:16:36  491,528/1,000,000  18.8/s  upd=10640  L=0.0357  D=4.135
[dcg] 7:16:57  491,941/1,000,000  18.8/s  upd=10648  L=0.0417  D=4.135
[dcg] 7:17:15  492,311/1,000,000  18.8/s  upd=10656  L=0.0437  D=4.135
[dcg] 7:17:29  492,719/1,000,000  18.8/s  upd=10664  L=0.0392  D=4.135
[dcg] 7:17:46  492,999/1,000,000  18.8/s  upd=10672  L=0.0436  D=4.135
[dcg] 7:18:00  493,356/1,000,000  18.8/s  upd=10680  L=0.0548  D=4.135
[dcg] 7:18:17  493,700/1,000,000  18.8/s  upd=10688  L=0.0493  D=4.135
[dcg] 7:18:37  494,059/1,000,000  18.8/s  upd=10696  L=0.0601  D=4.135
[dcg] 7:18:56  494,446/1,000,000  18.8/s  upd=10704  L=0.0408  D=4.135
[dcg] 7:19:13  494,851/1,000,000  18.8/s  upd=10712  L=0.0417  D=4.135
[dcg] 7:19:31  495,286/1,000,000  18.8/s  upd=10720  L=0.0414  D=4.135
[dcg] 7:19:49  495,650/1,000,000  18.8/s  upd=10728  L=0.0493  D=4.135
[dcg] 7:20:08  496,064/1,000,000  18.8/s  upd=10736  L=0.0345  D=4.135
[dcg] 7:20:29  496,423/1,000,000  18.8/s  upd=10744  L=0.0485  D=4.135
[dcg] 7:20:44  496,732/1,000,000  18.8/s  upd=10752  L=0.0338  D=4.135
[dcg] 7:20:59  497,128/1,000,000  18.8/s  upd=10760  L=0.0388  D=4.135
[dcg] 7:21:18  497,519/1,000,000  18.8/s  upd=10768  L=0.0443  D=4.135
[dcg] 7:21:36  497,852/1,000,000  18.8/s  upd=10776  L=0.0394  D=4.135
[dcg] 7:21:54  498,223/1,000,000  18.8/s  upd=10784  L=0.0427  D=4.135
[dcg] 7:22:16  498,634/1,000,000  18.8/s  upd=10792  L=0.0355  D=4.135
[dcg] 7:22:36  498,985/1,000,000  18.8/s  upd=10800  L=0.0393  D=4.135
[dcg] 7:22:52  499,403/1,000,000  18.8/s  upd=10808  L=0.0322  D=4.135
[dcg] 7:23:09  499,733/1,000,000  18.8/s  upd=10816  L=0.0539  D=4.135
[dcg] 7:23:34  500,104/1,000,000  18.8/s  upd=10824  L=0.0370  ev=0/100  D=4.135
[dcg] 7:23:44  500,104/1,000,000  18.8/s  upd=10824  L=0.0370  ev=25/100  D=4.135
[dcg] 7:23:54  500,104/1,000,000  18.8/s  upd=10824  L=0.0370  ev=64/100  D=4.135
[dcg] 7:24:04  500,104/1,000,000  18.8/s  upd=10824  L=0.0370  ev=96/100  D=4.135
[dcg] 7:24:27  500,475/1,000,000  18.8/s  upd=10832  L=0.0340  D=3.303
[dcg] 7:24:45  500,868/1,000,000  18.8/s  upd=10840  L=0.0428  D=3.303
[dcg] 7:25:04  501,190/1,000,000  18.8/s  upd=10848  L=0.0663  D=3.303
[dcg] 7:25:20  501,524/1,000,000  18.8/s  upd=10856  L=0.0341  D=3.303
[dcg] 7:25:46  501,868/1,000,000  18.8/s  upd=10864  L=0.0358  D=3.303
[dcg] 7:26:01  502,210/1,000,000  18.8/s  upd=10872  L=0.0394  D=3.303
[dcg] 7:26:17  502,546/1,000,000  18.8/s  upd=10880  L=0.0405  D=3.303
[dcg] 7:26:33  502,889/1,000,000  18.8/s  upd=10888  L=0.0377  D=3.303
[dcg] 7:26:50  503,276/1,000,000  18.8/s  upd=10896  L=0.0396  D=3.303
[dcg] 7:27:08  503,624/1,000,000  18.8/s  upd=10904  L=0.0352  D=3.303
[dcg] 7:27:26  504,011/1,000,000  18.8/s  upd=10912  L=0.0351  D=3.303
[dcg] 7:27:43  504,357/1,000,000  18.8/s  upd=10920  L=0.0229  D=3.303
[dcg] 7:28:02  504,787/1,000,000  18.8/s  upd=10928  L=0.0424  D=3.303
[dcg] 7:28:21  505,182/1,000,000  18.8/s  upd=10936  L=0.0455  D=3.303
[dcg] 7:28:38  505,549/1,000,000  18.8/s  upd=10944  L=0.0430  D=3.303
[dcg] 7:28:59  505,867/1,000,000  18.8/s  upd=10952  L=0.0266  D=3.303
[dcg] 7:29:17  506,207/1,000,000  18.8/s  upd=10960  L=0.0382  D=3.303
[dcg] 7:29:36  506,630/1,000,000  18.8/s  upd=10968  L=0.0298  D=3.303
[dcg] 7:29:55  506,995/1,000,000  18.8/s  upd=10976  L=0.0368  D=3.303
[dcg] 7:30:16  507,377/1,000,000  18.8/s  upd=10984  L=0.0425  D=3.303
[dcg] 7:30:32  507,715/1,000,000  18.8/s  upd=10992  L=0.0423  D=3.303
[dcg] 7:30:57  508,077/1,000,000  18.8/s  upd=11000  L=0.0573  D=3.303
[dcg] 7:31:12  508,408/1,000,000  18.8/s  upd=11008  L=0.0404  D=3.303
[dcg] 7:31:26  508,763/1,000,000  18.8/s  upd=11016  L=0.0394  D=3.303
[dcg] 7:31:39  509,091/1,000,000  18.8/s  upd=11024  L=0.0338  D=3.303
[dcg] 7:31:57  509,483/1,000,000  18.8/s  upd=11032  L=0.0373  D=3.303
[dcg] 7:32:14  509,815/1,000,000  18.8/s  upd=11040  L=0.0332  D=3.303
[dcg] 7:32:33  510,152/1,000,000  18.8/s  upd=11048  L=0.0451  D=3.303
[dcg] 7:32:51  510,486/1,000,000  18.8/s  upd=11056  L=0.0327  D=3.303
[dcg] 7:33:07  510,832/1,000,000  18.8/s  upd=11064  L=0.0328  D=3.303
[dcg] 7:33:26  511,221/1,000,000  18.8/s  upd=11072  L=0.0351  D=3.303
[dcg] 7:33:44  511,582/1,000,000  18.8/s  upd=11080  L=0.0331  D=3.303
[dcg] 7:34:03  511,937/1,000,000  18.8/s  upd=11088  L=0.0400  D=3.303
[dcg] 7:34:19  512,282/1,000,000  18.8/s  upd=11096  L=0.0376  D=3.303
[dcg] 7:34:38  512,613/1,000,000  18.8/s  upd=11104  L=0.0453  D=3.303
[dcg] 7:34:57  513,054/1,000,000  18.8/s  upd=11112  L=0.0345  D=3.303
[dcg] 7:35:14  513,394/1,000,000  18.8/s  upd=11120  L=0.0335  D=3.303
[dcg] 7:35:28  513,710/1,000,000  18.8/s  upd=11128  L=0.0368  D=3.303
[dcg] 7:35:45  514,053/1,000,000  18.8/s  upd=11136  L=0.0434  D=3.303
[dcg] 7:36:07  514,382/1,000,000  18.8/s  upd=11144  L=0.0356  D=3.303
[dcg] 7:36:25  514,746/1,000,000  18.8/s  upd=11152  L=0.0420  D=3.303
[dcg] 7:36:42  515,111/1,000,000  18.8/s  upd=11160  L=0.0315  D=3.303
[dcg] 7:36:57  515,452/1,000,000  18.8/s  upd=11168  L=0.0331  D=3.303
[dcg] 7:37:14  515,813/1,000,000  18.8/s  upd=11176  L=0.0502  D=3.303
[dcg] 7:37:29  516,165/1,000,000  18.8/s  upd=11184  L=0.0366  D=3.303
[dcg] 7:37:47  516,501/1,000,000  18.8/s  upd=11192  L=0.0550  D=3.303
[dcg] 7:38:05  516,838/1,000,000  18.8/s  upd=11200  L=0.0345  D=3.303
[dcg] 7:38:24  517,187/1,000,000  18.8/s  upd=11208  L=0.0326  D=3.303
[dcg] 7:38:43  517,582/1,000,000  18.8/s  upd=11216  L=0.0341  D=3.303
[dcg] 7:39:00  517,921/1,000,000  18.8/s  upd=11224  L=0.0411  D=3.303
[dcg] 7:39:20  518,341/1,000,000  18.8/s  upd=11232  L=0.0401  D=3.303
[dcg] 7:39:39  518,715/1,000,000  18.8/s  upd=11240  L=0.0387  D=3.303
[dcg] 7:39:58  519,219/1,000,000  18.8/s  upd=11248  L=0.0364  D=3.303
[dcg] 7:40:17  519,548/1,000,000  18.8/s  upd=11256  L=0.0361  D=3.303
[dcg] 7:40:34  519,874/1,000,000  18.8/s  upd=11264  L=0.0398  D=3.303
[dcg] 7:40:59  520,271/1,000,000  18.8/s  upd=11272  L=0.0356  ev=0/100  D=3.303
[dcg] 7:41:09  520,271/1,000,000  18.8/s  upd=11272  L=0.0356  ev=32/100  D=3.303
[dcg] 7:41:19  520,271/1,000,000  18.8/s  upd=11272  L=0.0356  ev=64/100  D=3.303
[dcg] 7:41:29  520,271/1,000,000  18.8/s  upd=11272  L=0.0356  ev=96/100  D=3.303
[dcg] 7:41:42  520,271/1,000,000  18.8/s  upd=11272  L=0.0356  D=4.060
[dcg] 7:41:56  520,639/1,000,000  18.8/s  upd=11280  L=0.0342  D=4.060
[dcg] 7:42:10  521,032/1,000,000  18.8/s  upd=11288  L=0.0516  D=4.060
[dcg] 7:42:25  521,341/1,000,000  18.8/s  upd=11296  L=0.0435  D=4.060
[dcg] 7:42:43  521,778/1,000,000  18.8/s  upd=11304  L=0.0471  D=4.060
[dcg] 7:43:01  522,113/1,000,000  18.8/s  upd=11312  L=0.0383  D=4.060
[dcg] 7:43:19  522,499/1,000,000  18.8/s  upd=11320  L=0.0385  D=4.060
[dcg] 7:43:37  522,821/1,000,000  18.8/s  upd=11328  L=0.0281  D=4.060
[dcg] 7:43:55  523,153/1,000,000  18.8/s  upd=11336  L=0.0363  D=4.060
[dcg] 7:44:12  523,517/1,000,000  18.8/s  upd=11344  L=0.0435  D=4.060
[dcg] 7:44:30  523,845/1,000,000  18.8/s  upd=11352  L=0.0352  D=4.060
[dcg] 7:44:49  524,199/1,000,000  18.8/s  upd=11360  L=0.0257  D=4.060
[dcg] 7:45:08  524,554/1,000,000  18.8/s  upd=11368  L=0.0565  D=4.060
[dcg] 7:45:26  524,892/1,000,000  18.8/s  upd=11376  L=0.0343  D=4.060
[dcg] 7:45:43  525,233/1,000,000  18.8/s  upd=11384  L=0.0428  D=4.060
[dcg] 7:46:00  525,568/1,000,000  18.8/s  upd=11392  L=0.0228  D=4.060
[dcg] 7:46:20  525,895/1,000,000  18.8/s  upd=11400  L=0.0540  D=4.060
[dcg] 7:46:36  526,241/1,000,000  18.8/s  upd=11408  L=0.0455  D=4.060
[dcg] 7:46:53  526,599/1,000,000  18.8/s  upd=11416  L=0.0383  D=4.060
[dcg] 7:47:14  526,978/1,000,000  18.8/s  upd=11424  L=0.0253  D=4.060
[dcg] 7:47:27  527,334/1,000,000  18.8/s  upd=11432  L=0.0422  D=4.060
[dcg] 7:47:44  527,742/1,000,000  18.8/s  upd=11440  L=0.0420  D=4.060
[dcg] 7:48:03  528,095/1,000,000  18.8/s  upd=11448  L=0.0408  D=4.060
[dcg] 7:48:19  528,435/1,000,000  18.8/s  upd=11456  L=0.0358  D=4.060
[dcg] 7:48:35  528,808/1,000,000  18.8/s  upd=11464  L=0.0435  D=4.060
[dcg] 7:48:53  529,148/1,000,000  18.8/s  upd=11472  L=0.0351  D=4.060
[dcg] 7:49:10  529,509/1,000,000  18.8/s  upd=11480  L=0.0584  D=4.060
[dcg] 7:49:27  529,868/1,000,000  18.8/s  upd=11488  L=0.0360  D=4.060
[dcg] 7:49:44  530,251/1,000,000  18.8/s  upd=11496  L=0.0423  D=4.060
[dcg] 7:50:01  530,636/1,000,000  18.8/s  upd=11504  L=0.0273  D=4.060
[dcg] 7:50:21  531,000/1,000,000  18.8/s  upd=11512  L=0.0327  D=4.060
[dcg] 7:50:38  531,303/1,000,000  18.8/s  upd=11520  L=0.0425  D=4.060
[dcg] 7:50:57  531,701/1,000,000  18.8/s  upd=11528  L=0.0380  D=4.060
[dcg] 7:51:13  532,002/1,000,000  18.8/s  upd=11536  L=0.0343  D=4.060
[dcg] 7:51:33  532,429/1,000,000  18.8/s  upd=11544  L=0.0436  D=4.060
[dcg] 7:51:51  532,840/1,000,000  18.8/s  upd=11552  L=0.0529  D=4.060
[dcg] 7:52:09  533,282/1,000,000  18.8/s  upd=11560  L=0.0369  D=4.060
[dcg] 7:52:28  533,674/1,000,000  18.8/s  upd=11568  L=0.0339  D=4.060
[dcg] 7:52:46  534,044/1,000,000  18.8/s  upd=11576  L=0.0287  D=4.060
[dcg] 7:53:01  534,554/1,000,000  18.8/s  upd=11584  L=0.0353  D=4.060
[dcg] 7:53:18  534,928/1,000,000  18.8/s  upd=11592  L=0.0502  D=4.060
[dcg] 7:53:38  535,336/1,000,000  18.8/s  upd=11600  L=0.0389  D=4.060
[dcg] 7:53:54  535,694/1,000,000  18.8/s  upd=11608  L=0.0296  D=4.060
[dcg] 7:54:10  536,079/1,000,000  18.8/s  upd=11616  L=0.0370  D=4.060
[dcg] 7:54:28  536,461/1,000,000  18.8/s  upd=11624  L=0.0376  D=4.060
[dcg] 7:54:45  536,823/1,000,000  18.8/s  upd=11632  L=0.0439  D=4.060
[dcg] 7:55:00  537,156/1,000,000  18.8/s  upd=11640  L=0.0447  D=4.060
[dcg] 7:55:18  537,474/1,000,000  18.8/s  upd=11648  L=0.0311  D=4.060
[dcg] 7:55:35  537,803/1,000,000  18.8/s  upd=11656  L=0.0355  D=4.060
[dcg] 7:55:54  538,297/1,000,000  18.9/s  upd=11664  L=0.0382  D=4.060
[dcg] 7:56:12  538,610/1,000,000  18.9/s  upd=11672  L=0.0366  D=4.060
[dcg] 7:56:30  538,980/1,000,000  18.9/s  upd=11680  L=0.0371  D=4.060
[dcg] 7:56:50  539,319/1,000,000  18.9/s  upd=11688  L=0.0299  D=4.060
[dcg] 7:57:07  539,669/1,000,000  18.9/s  upd=11696  L=0.0308  D=4.060
[dcg] 7:57:33  540,082/1,000,000  18.8/s  upd=11704  L=0.0410  ev=0/100  D=4.060
[dcg] 7:57:43  540,082/1,000,000  18.8/s  upd=11704  L=0.0410  ev=40/100  D=4.060
[dcg] 7:57:53  540,082/1,000,000  18.8/s  upd=11704  L=0.0410  ev=64/100  D=4.060
[dcg] 7:58:03  540,082/1,000,000  18.8/s  upd=11704  L=0.0410  ev=99/100  D=4.060
[dcg] 7:58:21  540,082/1,000,000  18.8/s  upd=11704  L=0.0410  D=3.844
[dcg] 7:58:39  540,439/1,000,000  18.8/s  upd=11712  L=0.0427  D=3.844
[dcg] 7:58:59  540,804/1,000,000  18.8/s  upd=11720  L=0.0477  D=3.844
[dcg] 7:59:16  541,158/1,000,000  18.8/s  upd=11728  L=0.0252  D=3.844
[dcg] 7:59:34  541,546/1,000,000  18.8/s  upd=11736  L=0.0288  D=3.844
[dcg] 7:59:52  541,904/1,000,000  18.8/s  upd=11744  L=0.0411  D=3.844
[dcg] 8:00:11  542,267/1,000,000  18.8/s  upd=11752  L=0.0359  D=3.844
[dcg] 8:00:31  542,630/1,000,000  18.8/s  upd=11760  L=0.0391  D=3.844
[dcg] 8:00:49  542,963/1,000,000  18.8/s  upd=11768  L=0.0278  D=3.844
[dcg] 8:01:08  543,348/1,000,000  18.8/s  upd=11776  L=0.0383  D=3.844
[dcg] 8:01:26  543,685/1,000,000  18.8/s  upd=11784  L=0.0322  D=3.844
[dcg] 8:01:45  544,091/1,000,000  18.8/s  upd=11792  L=0.0420  D=3.844
[dcg] 8:02:02  544,440/1,000,000  18.8/s  upd=11800  L=0.0377  D=3.844
[dcg] 8:02:20  544,775/1,000,000  18.8/s  upd=11808  L=0.0391  D=3.844
[dcg] 8:02:37  545,088/1,000,000  18.8/s  upd=11816  L=0.0340  D=3.844
[dcg] 8:02:57  545,524/1,000,000  18.8/s  upd=11824  L=0.0396  D=3.844
[dcg] 8:03:12  545,861/1,000,000  18.8/s  upd=11832  L=0.0346  D=3.844
[dcg] 8:03:29  546,200/1,000,000  18.8/s  upd=11840  L=0.0462  D=3.844
[dcg] 8:03:48  546,651/1,000,000  18.8/s  upd=11848  L=0.0299  D=3.844
[dcg] 8:04:08  547,004/1,000,000  18.8/s  upd=11856  L=0.0413  D=3.844
[dcg] 8:04:24  547,359/1,000,000  18.8/s  upd=11864  L=0.0455  D=3.844
[dcg] 8:04:43  547,744/1,000,000  18.8/s  upd=11872  L=0.0416  D=3.844
[dcg] 8:05:01  548,083/1,000,000  18.8/s  upd=11880  L=0.0326  D=3.844
[dcg] 8:05:20  548,457/1,000,000  18.8/s  upd=11888  L=0.0338  D=3.844
[dcg] 8:05:38  548,789/1,000,000  18.8/s  upd=11896  L=0.0404  D=3.844
[dcg] 8:05:58  549,176/1,000,000  18.8/s  upd=11904  L=0.0384  D=3.844
[dcg] 8:06:18  549,605/1,000,000  18.8/s  upd=11912  L=0.0488  D=3.844
[dcg] 8:06:38  549,977/1,000,000  18.8/s  upd=11920  L=0.0363  D=3.844
[dcg] 8:06:56  550,324/1,000,000  18.8/s  upd=11928  L=0.0339  D=3.844
[dcg] 8:07:13  550,652/1,000,000  18.8/s  upd=11936  L=0.0314  D=3.844
[dcg] 8:07:31  550,985/1,000,000  18.8/s  upd=11944  L=0.0343  D=3.844
[dcg] 8:07:48  551,386/1,000,000  18.8/s  upd=11952  L=0.0261  D=3.844
[dcg] 8:08:08  551,771/1,000,000  18.8/s  upd=11960  L=0.0343  D=3.844
[dcg] 8:08:25  552,187/1,000,000  18.8/s  upd=11968  L=0.0305  D=3.844
[dcg] 8:08:44  552,569/1,000,000  18.8/s  upd=11976  L=0.0522  D=3.844
[dcg] 8:09:07  552,974/1,000,000  18.8/s  upd=11984  L=0.0344  D=3.844
[dcg] 8:09:25  553,331/1,000,000  18.8/s  upd=11992  L=0.0314  D=3.844
[dcg] 8:09:42  553,663/1,000,000  18.8/s  upd=12000  L=0.0310  D=3.844
[dcg] 8:10:00  554,033/1,000,000  18.8/s  upd=12008  L=0.0361  D=3.844
[dcg] 8:10:17  554,376/1,000,000  18.8/s  upd=12016  L=0.0315  D=3.844
[dcg] 8:10:34  554,722/1,000,000  18.8/s  upd=12024  L=0.0407  D=3.844
[dcg] 8:10:50  555,070/1,000,000  18.8/s  upd=12032  L=0.0402  D=3.844
[dcg] 8:11:07  555,525/1,000,000  18.9/s  upd=12040  L=0.0359  D=3.844
[dcg] 8:11:26  555,837/1,000,000  18.9/s  upd=12048  L=0.0377  D=3.844
[dcg] 8:11:44  556,267/1,000,000  18.9/s  upd=12056  L=0.0271  D=3.844
[dcg] 8:12:04  556,673/1,000,000  18.9/s  upd=12064  L=0.0361  D=3.844
[dcg] 8:12:23  557,058/1,000,000  18.9/s  upd=12072  L=0.0343  D=3.844
[dcg] 8:12:41  557,390/1,000,000  18.9/s  upd=12080  L=0.0364  D=3.844
[dcg] 8:12:56  557,765/1,000,000  18.9/s  upd=12088  L=0.0301  D=3.844
[dcg] 8:13:14  558,107/1,000,000  18.9/s  upd=12096  L=0.0377  D=3.844
[dcg] 8:13:27  558,443/1,000,000  18.9/s  upd=12104  L=0.0445  D=3.844
[dcg] 8:13:46  558,795/1,000,000  18.9/s  upd=12112  L=0.0395  D=3.844
[dcg] 8:14:02  559,153/1,000,000  18.9/s  upd=12120  L=0.0340  D=3.844
[dcg] 8:14:25  559,574/1,000,000  18.9/s  upd=12128  L=0.0403  D=3.844
[dcg] 8:14:39  559,958/1,000,000  18.9/s  upd=12136  L=0.0374  D=3.844
[dcg] 8:15:03  560,350/1,000,000  18.9/s  upd=12144  L=0.0345  ev=0/100  D=3.844
[dcg] 8:15:13  560,350/1,000,000  18.9/s  upd=12144  L=0.0345  ev=31/100  D=3.844
[dcg] 8:15:23  560,350/1,000,000  18.9/s  upd=12144  L=0.0345  ev=56/100  D=3.844
[dcg] 8:15:33  560,350/1,000,000  18.8/s  upd=12144  L=0.0345  ev=95/100  D=3.844
[dcg] 8:15:43  560,350/1,000,000  18.8/s  upd=12144  L=0.0345  D=3.662
[dcg] 8:16:00  560,733/1,000,000  18.8/s  upd=12152  L=0.0321  D=3.662
[dcg] 8:16:20  561,177/1,000,000  18.8/s  upd=12160  L=0.0374  D=3.662
[dcg] 8:16:38  561,474/1,000,000  18.8/s  upd=12168  L=0.0364  D=3.662
[dcg] 8:16:58  561,848/1,000,000  18.8/s  upd=12176  L=0.0374  D=3.662
[dcg] 8:17:19  562,234/1,000,000  18.8/s  upd=12184  L=0.0383  D=3.662
[dcg] 8:17:38  562,565/1,000,000  18.8/s  upd=12192  L=0.0423  D=3.662
[dcg] 8:17:54  562,905/1,000,000  18.8/s  upd=12200  L=0.0435  D=3.662
[dcg] 8:18:10  563,293/1,000,000  18.8/s  upd=12208  L=0.0336  D=3.662
[dcg] 8:18:29  563,683/1,000,000  18.8/s  upd=12216  L=0.0447  D=3.662
[dcg] 8:18:44  564,024/1,000,000  18.8/s  upd=12224  L=0.0377  D=3.662
[dcg] 8:19:03  564,371/1,000,000  18.8/s  upd=12232  L=0.0403  D=3.662
[dcg] 8:19:20  564,778/1,000,000  18.9/s  upd=12240  L=0.0309  D=3.662
[dcg] 8:19:42  565,125/1,000,000  18.8/s  upd=12248  L=0.0374  D=3.662
[dcg] 8:19:59  565,499/1,000,000  18.9/s  upd=12256  L=0.0331  D=3.662
[dcg] 8:20:20  565,884/1,000,000  18.8/s  upd=12264  L=0.0242  D=3.662
[dcg] 8:20:38  566,257/1,000,000  18.9/s  upd=12272  L=0.0302  D=3.662
[dcg] 8:20:58  566,671/1,000,000  18.9/s  upd=12280  L=0.0389  D=3.662
[dcg] 8:21:15  567,030/1,000,000  18.9/s  upd=12288  L=0.0348  D=3.662
[dcg] 8:21:34  567,405/1,000,000  18.9/s  upd=12296  L=0.0381  D=3.662
[dcg] 8:21:53  567,794/1,000,000  18.9/s  upd=12304  L=0.0389  D=3.662
[dcg] 8:22:13  568,151/1,000,000  18.9/s  upd=12312  L=0.0616  D=3.662
[dcg] 8:22:32  568,513/1,000,000  18.9/s  upd=12320  L=0.0351  D=3.662
[dcg] 8:22:49  568,908/1,000,000  18.9/s  upd=12328  L=0.0428  D=3.662
[dcg] 8:23:07  569,286/1,000,000  18.9/s  upd=12336  L=0.0403  D=3.662
[dcg] 8:23:24  569,678/1,000,000  18.9/s  upd=12344  L=0.0450  D=3.662
[dcg] 8:23:42  570,076/1,000,000  18.9/s  upd=12352  L=0.0365  D=3.662
[dcg] 8:23:57  570,465/1,000,000  18.9/s  upd=12360  L=0.0440  D=3.662
[dcg] 8:24:15  570,816/1,000,000  18.9/s  upd=12368  L=0.0364  D=3.662
[dcg] 8:24:35  571,250/1,000,000  18.9/s  upd=12376  L=0.0326  D=3.662
[dcg] 8:24:59  571,650/1,000,000  18.9/s  upd=12384  L=0.0401  D=3.662
[dcg] 8:25:15  571,982/1,000,000  18.9/s  upd=12392  L=0.0435  D=3.662
[dcg] 8:25:32  572,334/1,000,000  18.9/s  upd=12400  L=0.0399  D=3.662
[dcg] 8:25:48  572,669/1,000,000  18.9/s  upd=12408  L=0.0435  D=3.662
[dcg] 8:26:06  573,023/1,000,000  18.9/s  upd=12416  L=0.0327  D=3.662
[dcg] 8:26:25  573,343/1,000,000  18.9/s  upd=12424  L=0.0474  D=3.662
[dcg] 8:26:42  573,679/1,000,000  18.9/s  upd=12432  L=0.0305  D=3.662
[dcg] 8:27:01  574,026/1,000,000  18.9/s  upd=12440  L=0.0449  D=3.662
[dcg] 8:27:19  574,398/1,000,000  18.9/s  upd=12448  L=0.0368  D=3.662
[dcg] 8:27:39  574,779/1,000,000  18.9/s  upd=12456  L=0.0363  D=3.662
[dcg] 8:27:56  575,127/1,000,000  18.9/s  upd=12464  L=0.0415  D=3.662
[dcg] 8:28:14  575,460/1,000,000  18.9/s  upd=12472  L=0.0494  D=3.662
[dcg] 8:28:32  575,843/1,000,000  18.9/s  upd=12480  L=0.0283  D=3.662
[dcg] 8:28:50  576,197/1,000,000  18.9/s  upd=12488  L=0.0408  D=3.662
[dcg] 8:29:08  576,554/1,000,000  18.9/s  upd=12496  L=0.0342  D=3.662
[dcg] 8:29:25  576,896/1,000,000  18.9/s  upd=12504  L=0.0360  D=3.662
[dcg] 8:29:45  577,249/1,000,000  18.9/s  upd=12512  L=0.0415  D=3.662
[dcg] 8:30:08  577,624/1,000,000  18.9/s  upd=12520  L=0.0306  D=3.662
[dcg] 8:30:25  577,980/1,000,000  18.9/s  upd=12528  L=0.0363  D=3.662
[dcg] 8:30:45  578,318/1,000,000  18.9/s  upd=12536  L=0.0363  D=3.662
[dcg] 8:31:02  578,697/1,000,000  18.9/s  upd=12544  L=0.0382  D=3.662
[dcg] 8:31:19  579,080/1,000,000  18.9/s  upd=12552  L=0.0473  D=3.662
[dcg] 8:31:35  579,472/1,000,000  18.9/s  upd=12560  L=0.0359  D=3.662
[dcg] 8:31:49  579,800/1,000,000  18.9/s  upd=12568  L=0.0338  D=3.662
[dcg] 8:32:13  580,163/1,000,000  18.9/s  upd=12576  L=0.0460  ev=0/100  D=3.662
[dcg] 8:32:23  580,163/1,000,000  18.9/s  upd=12576  L=0.0460  ev=31/100  D=3.662
[dcg] 8:32:33  580,163/1,000,000  18.9/s  upd=12576  L=0.0460  ev=56/100  D=3.662
[dcg] 8:32:43  580,163/1,000,000  18.9/s  upd=12576  L=0.0460  ev=95/100  D=3.662
[dcg] 8:32:53  580,163/1,000,000  18.9/s  upd=12576  L=0.0460  D=3.188
[dcg] 8:33:08  580,550/1,000,000  18.9/s  upd=12584  L=0.0411  D=3.188
[dcg] 8:33:24  580,891/1,000,000  18.9/s  upd=12592  L=0.0379  D=3.188
[dcg] 8:33:42  581,281/1,000,000  18.9/s  upd=12600  L=0.0284  D=3.188
[dcg] 8:34:02  581,690/1,000,000  18.9/s  upd=12608  L=0.0501  D=3.188
[dcg] 8:34:20  582,055/1,000,000  18.9/s  upd=12616  L=0.0329  D=3.188
[dcg] 8:34:35  582,373/1,000,000  18.9/s  upd=12624  L=0.0360  D=3.188
[dcg] 8:34:54  582,727/1,000,000  18.9/s  upd=12632  L=0.0471  D=3.188
[dcg] 8:35:17  583,060/1,000,000  18.9/s  upd=12640  L=0.0559  D=3.188
[dcg] 8:35:33  583,411/1,000,000  18.9/s  upd=12648  L=0.0420  D=3.188
[dcg] 8:35:50  583,744/1,000,000  18.9/s  upd=12656  L=0.0334  D=3.188
[dcg] 8:36:05  584,142/1,000,000  18.9/s  upd=12664  L=0.0403  D=3.188
[dcg] 8:36:21  584,476/1,000,000  18.9/s  upd=12672  L=0.0375  D=3.188
[dcg] 8:36:37  584,843/1,000,000  18.9/s  upd=12680  L=0.0367  D=3.188
[dcg] 8:36:56  585,233/1,000,000  18.9/s  upd=12688  L=0.0275  D=3.188
[dcg] 8:37:16  585,598/1,000,000  18.9/s  upd=12696  L=0.0353  D=3.188
[dcg] 8:37:37  585,986/1,000,000  18.9/s  upd=12704  L=0.0352  D=3.188
[dcg] 8:37:56  586,349/1,000,000  18.9/s  upd=12712  L=0.0372  D=3.188
[dcg] 8:38:15  586,716/1,000,000  18.9/s  upd=12720  L=0.0465  D=3.188
[dcg] 8:38:33  587,032/1,000,000  18.9/s  upd=12728  L=0.0326  D=3.188
[dcg] 8:38:51  587,397/1,000,000  18.9/s  upd=12736  L=0.0281  D=3.188
[dcg] 8:39:09  587,731/1,000,000  18.9/s  upd=12744  L=0.0359  D=3.188
[dcg] 8:39:26  588,148/1,000,000  18.9/s  upd=12752  L=0.0260  D=3.188
[dcg] 8:39:45  588,505/1,000,000  18.9/s  upd=12760  L=0.0460  D=3.188
[dcg] 8:40:00  588,857/1,000,000  18.9/s  upd=12768  L=0.0356  D=3.188
[dcg] 8:40:19  589,224/1,000,000  18.9/s  upd=12776  L=0.0462  D=3.188
[dcg] 8:40:42  589,639/1,000,000  18.9/s  upd=12784  L=0.0277  D=3.188
[dcg] 8:41:00  589,959/1,000,000  18.9/s  upd=12792  L=0.0365  D=3.188
[dcg] 8:41:18  590,294/1,000,000  18.9/s  upd=12800  L=0.0448  D=3.188
[dcg] 8:41:34  590,643/1,000,000  18.9/s  upd=12808  L=0.0425  D=3.188
[dcg] 8:41:53  590,992/1,000,000  18.9/s  upd=12816  L=0.0313  D=3.188
[dcg] 8:42:11  591,313/1,000,000  18.9/s  upd=12824  L=0.0274  D=3.188
[dcg] 8:42:26  591,664/1,000,000  18.9/s  upd=12832  L=0.0327  D=3.188
[dcg] 8:42:47  592,032/1,000,000  18.9/s  upd=12840  L=0.0364  D=3.188
[dcg] 8:43:03  592,392/1,000,000  18.9/s  upd=12848  L=0.0409  D=3.188
[dcg] 8:43:22  592,814/1,000,000  18.9/s  upd=12856  L=0.0370  D=3.188
[dcg] 8:43:40  593,224/1,000,000  18.9/s  upd=12864  L=0.0389  D=3.188
[dcg] 8:43:58  593,551/1,000,000  18.9/s  upd=12872  L=0.0304  D=3.188
[dcg] 8:44:15  593,869/1,000,000  18.9/s  upd=12880  L=0.0426  D=3.188
[dcg] 8:44:35  594,236/1,000,000  18.9/s  upd=12888  L=0.0338  D=3.188
[dcg] 8:44:54  594,568/1,000,000  18.9/s  upd=12896  L=0.0468  D=3.188
[dcg] 8:45:11  594,896/1,000,000  18.9/s  upd=12904  L=0.0388  D=3.188
[dcg] 8:45:28  595,246/1,000,000  18.9/s  upd=12912  L=0.0340  D=3.188
[dcg] 8:45:49  595,566/1,000,000  18.9/s  upd=12920  L=0.0363  D=3.188
[dcg] 8:46:06  595,955/1,000,000  18.9/s  upd=12928  L=0.0378  D=3.188
[dcg] 8:46:24  596,355/1,000,000  18.9/s  upd=12936  L=0.0485  D=3.188
[dcg] 8:46:43  596,730/1,000,000  18.9/s  upd=12944  L=0.0408  D=3.188
[dcg] 8:46:58  597,111/1,000,000  18.9/s  upd=12952  L=0.0338  D=3.188
[dcg] 8:47:14  597,465/1,000,000  18.9/s  upd=12960  L=0.0385  D=3.188
[dcg] 8:47:28  597,852/1,000,000  18.9/s  upd=12968  L=0.0405  D=3.188
[dcg] 8:47:46  598,220/1,000,000  18.9/s  upd=12976  L=0.0459  D=3.188
[dcg] 8:48:08  598,655/1,000,000  18.9/s  upd=12984  L=0.0256  D=3.188
[dcg] 8:48:26  598,995/1,000,000  18.9/s  upd=12992  L=0.0327  D=3.188
[dcg] 8:48:44  599,404/1,000,000  18.9/s  upd=13000  L=0.0259  D=3.188
[dcg] 8:49:03  599,734/1,000,000  18.9/s  upd=13008  L=0.0277  D=3.188
[dcg] 8:49:23  600,072/1,000,000  18.9/s  upd=13016  L=0.0390  ev=0/100  D=3.188
[dcg] 8:49:33  600,072/1,000,000  18.9/s  upd=13016  L=0.0390  ev=40/100  D=3.188
[dcg] 8:49:43  600,072/1,000,000  18.9/s  upd=13016  L=0.0390  ev=86/100  D=3.188
[dcg] 8:49:54  600,072/1,000,000  18.9/s  upd=13016  L=0.0390  D=3.428
[dcg] 8:50:12  600,407/1,000,000  18.9/s  upd=13024  L=0.0477  D=3.428
[dcg] 8:50:30  600,763/1,000,000  18.9/s  upd=13032  L=0.0307  D=3.428
[dcg] 8:50:46  601,166/1,000,000  18.9/s  upd=13040  L=0.0332  D=3.428
[dcg] 8:50:59  601,166/1,000,000  18.9/s  upd=13040  L=0.0332  D=3.428
[dcg] 8:51:17  601,516/1,000,000  18.9/s  upd=13048  L=0.0433  D=3.428
[dcg] 8:51:37  601,877/1,000,000  18.9/s  upd=13056  L=0.0381  D=3.428
[dcg] 8:51:53  602,226/1,000,000  18.9/s  upd=13064  L=0.0288  D=3.428
[dcg] 8:52:11  602,639/1,000,000  18.9/s  upd=13072  L=0.0281  D=3.428
[dcg] 8:52:29  602,953/1,000,000  18.9/s  upd=13080  L=0.0395  D=3.428
[dcg] 8:52:48  603,410/1,000,000  18.9/s  upd=13088  L=0.0326  D=3.428
[dcg] 8:53:06  603,749/1,000,000  18.9/s  upd=13096  L=0.0296  D=3.428
[dcg] 8:53:25  604,110/1,000,000  18.9/s  upd=13104  L=0.0371  D=3.428
[dcg] 8:53:42  604,447/1,000,000  18.9/s  upd=13112  L=0.0338  D=3.428
[dcg] 8:54:01  604,803/1,000,000  18.9/s  upd=13120  L=0.0337  D=3.428
[dcg] 8:54:20  605,173/1,000,000  18.9/s  upd=13128  L=0.0377  D=3.428
[dcg] 8:54:40  605,559/1,000,000  18.9/s  upd=13136  L=0.0462  D=3.428
[dcg] 8:54:58  605,897/1,000,000  18.9/s  upd=13144  L=0.0310  D=3.428
[dcg] 8:55:17  606,289/1,000,000  18.9/s  upd=13152  L=0.0307  D=3.428
[dcg] 8:55:36  606,633/1,000,000  18.9/s  upd=13160  L=0.0299  D=3.428
[dcg] 8:55:54  606,999/1,000,000  18.9/s  upd=13168  L=0.0551  D=3.428
[dcg] 8:56:07  607,331/1,000,000  18.9/s  upd=13176  L=0.0566  D=3.428
[dcg] 8:56:33  607,681/1,000,000  18.9/s  upd=13184  L=0.0387  D=3.428
[dcg] 8:56:51  608,009/1,000,000  18.9/s  upd=13192  L=0.0327  D=3.428
[dcg] 8:57:10  608,391/1,000,000  18.9/s  upd=13200  L=0.0345  D=3.428
[dcg] 8:57:29  608,779/1,000,000  18.9/s  upd=13208  L=0.0353  D=3.428
[dcg] 8:57:47  609,132/1,000,000  18.9/s  upd=13216  L=0.0285  D=3.428
[dcg] 8:58:03  609,480/1,000,000  18.9/s  upd=13224  L=0.0337  D=3.428
[dcg] 8:58:20  609,872/1,000,000  18.9/s  upd=13232  L=0.0452  D=3.428
[dcg] 8:58:38  610,257/1,000,000  18.9/s  upd=13240  L=0.0440  D=3.428
[dcg] 8:58:57  610,650/1,000,000  18.9/s  upd=13248  L=0.0417  D=3.428
[dcg] 8:59:17  610,974/1,000,000  18.9/s  upd=13256  L=0.0360  D=3.428
[dcg] 8:59:36  611,414/1,000,000  18.9/s  upd=13264  L=0.0487  D=3.428
[dcg] 8:59:57  611,772/1,000,000  18.9/s  upd=13272  L=0.0360  D=3.428
[dcg] 9:00:18  612,225/1,000,000  18.9/s  upd=13280  L=0.0320  D=3.428
[dcg] 9:00:36  612,596/1,000,000  18.9/s  upd=13288  L=0.0401  D=3.428
[dcg] 9:00:54  612,984/1,000,000  18.9/s  upd=13296  L=0.0385  D=3.428
[dcg] 9:01:11  613,406/1,000,000  18.9/s  upd=13304  L=0.0432  D=3.428
[dcg] 9:01:28  613,799/1,000,000  18.9/s  upd=13312  L=0.0436  D=3.428
[dcg] 9:01:51  614,145/1,000,000  18.9/s  upd=13320  L=0.0488  D=3.428
[dcg] 9:02:10  614,504/1,000,000  18.9/s  upd=13328  L=0.0391  D=3.428
[dcg] 9:02:28  614,860/1,000,000  18.9/s  upd=13336  L=0.0272  D=3.428
[dcg] 9:02:47  615,221/1,000,000  18.9/s  upd=13344  L=0.0329  D=3.428
[dcg] 9:03:03  615,580/1,000,000  18.9/s  upd=13352  L=0.0423  D=3.428
[dcg] 9:03:22  615,964/1,000,000  18.9/s  upd=13360  L=0.0428  D=3.428
[dcg] 9:03:40  616,313/1,000,000  18.9/s  upd=13368  L=0.0320  D=3.428
[dcg] 9:03:58  616,634/1,000,000  18.9/s  upd=13376  L=0.0342  D=3.428
[dcg] 9:04:16  616,958/1,000,000  18.9/s  upd=13384  L=0.0365  D=3.428
[dcg] 9:04:33  617,320/1,000,000  18.9/s  upd=13392  L=0.0437  D=3.428
[dcg] 9:04:51  617,682/1,000,000  18.9/s  upd=13400  L=0.0522  D=3.428
[dcg] 9:05:12  618,022/1,000,000  18.9/s  upd=13408  L=0.0329  D=3.428
[dcg] 9:05:31  618,369/1,000,000  18.9/s  upd=13416  L=0.0406  D=3.428
[dcg] 9:05:48  618,741/1,000,000  18.9/s  upd=13424  L=0.0332  D=3.428
[dcg] 9:06:06  619,079/1,000,000  18.9/s  upd=13432  L=0.0390  D=3.428
[dcg] 9:06:23  619,408/1,000,000  18.9/s  upd=13440  L=0.0327  D=3.428
[dcg] 9:06:41  619,743/1,000,000  18.9/s  upd=13448  L=0.0463  D=3.428
[dcg] 9:07:11  620,076/1,000,000  18.9/s  upd=13456  L=0.0336  ev=0/100  D=3.428
[dcg] 9:07:21  620,076/1,000,000  18.9/s  upd=13456  L=0.0336  ev=32/100  D=3.428
[dcg] 9:07:31  620,076/1,000,000  18.9/s  upd=13456  L=0.0336  ev=72/100  D=3.428
[dcg] 9:07:42  620,076/1,000,000  18.9/s  upd=13456  L=0.0336  D=3.431
[dcg] 9:07:59  620,491/1,000,000  18.9/s  upd=13464  L=0.0305  D=3.431
[dcg] 9:08:13  620,800/1,000,000  18.9/s  upd=13472  L=0.0457  D=3.431
[dcg] 9:08:32  621,108/1,000,000  18.9/s  upd=13480  L=0.0449  D=3.431
[dcg] 9:08:50  621,453/1,000,000  18.9/s  upd=13488  L=0.0314  D=3.431
[dcg] 9:09:05  621,863/1,000,000  18.9/s  upd=13496  L=0.0480  D=3.431
[dcg] 9:09:22  622,224/1,000,000  18.9/s  upd=13504  L=0.0379  D=3.431
[dcg] 9:09:40  622,674/1,000,000  18.9/s  upd=13512  L=0.0342  D=3.431
[dcg] 9:09:58  623,054/1,000,000  18.9/s  upd=13520  L=0.0378  D=3.431
[dcg] 9:10:17  623,465/1,000,000  18.9/s  upd=13528  L=0.0399  D=3.431
[dcg] 9:10:35  623,877/1,000,000  18.9/s  upd=13536  L=0.0413  D=3.431
[dcg] 9:10:52  624,213/1,000,000  18.9/s  upd=13544  L=0.0371  D=3.431
[dcg] 9:11:11  624,639/1,000,000  18.9/s  upd=13552  L=0.0323  D=3.431
[dcg] 9:11:27  624,992/1,000,000  18.9/s  upd=13560  L=0.0295  D=3.431
[dcg] 9:11:43  625,339/1,000,000  18.9/s  upd=13568  L=0.0536  D=3.431
[dcg] 9:11:59  625,717/1,000,000  18.9/s  upd=13576  L=0.0323  D=3.431
[dcg] 9:12:22  626,036/1,000,000  18.9/s  upd=13584  L=0.0395  D=3.431
[dcg] 9:12:42  626,410/1,000,000  18.9/s  upd=13592  L=0.0562  D=3.431
[dcg] 9:13:00  626,839/1,000,000  18.9/s  upd=13600  L=0.0425  D=3.431
[dcg] 9:13:19  627,187/1,000,000  18.9/s  upd=13608  L=0.0367  D=3.431
[dcg] 9:13:35  627,512/1,000,000  18.9/s  upd=13616  L=0.0341  D=3.431
[dcg] 9:13:54  627,915/1,000,000  18.9/s  upd=13624  L=0.0472  D=3.431
[dcg] 9:14:11  628,263/1,000,000  18.9/s  upd=13632  L=0.0303  D=3.431
[dcg] 9:14:27  628,647/1,000,000  18.9/s  upd=13640  L=0.0325  D=3.431
[dcg] 9:14:43  628,963/1,000,000  18.9/s  upd=13648  L=0.0475  D=3.431
[dcg] 9:15:02  629,338/1,000,000  18.9/s  upd=13656  L=0.0339  D=3.431
[dcg] 9:15:19  629,677/1,000,000  18.9/s  upd=13664  L=0.0441  D=3.431
[dcg] 9:15:37  630,066/1,000,000  18.9/s  upd=13672  L=0.0513  D=3.431
[dcg] 9:15:57  630,456/1,000,000  18.9/s  upd=13680  L=0.0381  D=3.431
[dcg] 9:16:16  630,803/1,000,000  18.9/s  upd=13688  L=0.0489  D=3.431
[dcg] 9:16:33  631,127/1,000,000  18.9/s  upd=13696  L=0.0380  D=3.431
[dcg] 9:16:51  631,479/1,000,000  18.9/s  upd=13704  L=0.0391  D=3.431
[dcg] 9:17:06  631,857/1,000,000  18.9/s  upd=13712  L=0.0404  D=3.431
[dcg] 9:17:17  631,857/1,000,000  18.9/s  upd=13712  L=0.0404  D=3.431
[dcg] 9:17:38  632,319/1,000,000  18.9/s  upd=13720  L=0.0288  D=3.431
[dcg] 9:17:56  632,656/1,000,000  18.9/s  upd=13728  L=0.0463  D=3.431
[dcg] 9:18:12  633,034/1,000,000  18.9/s  upd=13736  L=0.0527  D=3.431
[dcg] 9:18:31  633,370/1,000,000  18.9/s  upd=13744  L=0.0285  D=3.431
[dcg] 9:18:47  633,732/1,000,000  18.9/s  upd=13752  L=0.0344  D=3.431
[dcg] 9:19:06  634,127/1,000,000  18.9/s  upd=13760  L=0.0488  D=3.431
[dcg] 9:19:25  634,465/1,000,000  18.9/s  upd=13768  L=0.0374  D=3.431
[dcg] 9:19:45  634,854/1,000,000  18.9/s  upd=13776  L=0.0386  D=3.431
[dcg] 9:20:01  635,194/1,000,000  18.9/s  upd=13784  L=0.0417  D=3.431
[dcg] 9:20:18  635,553/1,000,000  18.9/s  upd=13792  L=0.0355  D=3.431
[dcg] 9:20:32  635,902/1,000,000  18.9/s  upd=13800  L=0.0522  D=3.431
[dcg] 9:20:46  636,280/1,000,000  18.9/s  upd=13808  L=0.0261  D=3.431
[dcg] 9:21:01  636,695/1,000,000  18.9/s  upd=13816  L=0.0480  D=3.431
[dcg] 9:21:15  637,057/1,000,000  18.9/s  upd=13824  L=0.0616  D=3.431
[dcg] 9:21:29  637,370/1,000,000  18.9/s  upd=13832  L=0.0391  D=3.431
[dcg] 9:21:42  637,740/1,000,000  18.9/s  upd=13840  L=0.0479  D=3.431
[dcg] 9:21:56  638,124/1,000,000  18.9/s  upd=13848  L=0.0406  D=3.431
[dcg] 9:22:10  638,429/1,000,000  18.9/s  upd=13856  L=0.0479  D=3.431
[dcg] 9:22:24  638,862/1,000,000  18.9/s  upd=13864  L=0.0572  D=3.431
[dcg] 9:22:35  638,862/1,000,000  18.9/s  upd=13864  L=0.0572  D=3.431
[dcg] 9:22:49  639,195/1,000,000  18.9/s  upd=13872  L=0.0332  D=3.431
[dcg] 9:23:05  639,522/1,000,000  18.9/s  upd=13880  L=0.0357  D=3.431
[dcg] 9:23:20  639,855/1,000,000  18.9/s  upd=13888  L=0.0391  D=3.431
[dcg] 9:23:40  640,224/1,000,000  18.9/s  upd=13896  L=0.0472  ev=0/100  D=3.431
[dcg] 9:23:50  640,224/1,000,000  18.9/s  upd=13896  L=0.0472  ev=48/100  D=3.431
[dcg] 9:24:00  640,224/1,000,000  18.9/s  upd=13896  L=0.0472  ev=94/100  D=3.431
[dcg] 9:24:21  640,559/1,000,000  18.9/s  upd=13904  L=0.0296  D=3.101
[dcg] 9:24:35  640,926/1,000,000  18.9/s  upd=13912  L=0.0385  D=3.101
[dcg] 9:24:47  641,247/1,000,000  18.9/s  upd=13920  L=0.0366  D=3.101
[dcg] 9:24:59  641,558/1,000,000  18.9/s  upd=13928  L=0.0459  D=3.101
[dcg] 9:25:12  641,886/1,000,000  18.9/s  upd=13936  L=0.0397  D=3.101
[dcg] 9:25:26  642,288/1,000,000  18.9/s  upd=13944  L=0.0324  D=3.101
[dcg] 9:25:39  642,673/1,000,000  18.9/s  upd=13952  L=0.0394  D=3.101
[dcg] 9:25:53  643,040/1,000,000  18.9/s  upd=13960  L=0.0334  D=3.101
[dcg] 9:26:07  643,495/1,000,000  18.9/s  upd=13968  L=0.0300  D=3.101
[dcg] 9:26:20  643,819/1,000,000  18.9/s  upd=13976  L=0.0341  D=3.101
[dcg] 9:26:33  644,147/1,000,000  18.9/s  upd=13984  L=0.0391  D=3.101
[dcg] 9:26:46  644,469/1,000,000  19.0/s  upd=13992  L=0.0411  D=3.101
[dcg] 9:26:59  644,799/1,000,000  19.0/s  upd=14000  L=0.0335  D=3.101
[dcg] 9:27:13  645,146/1,000,000  19.0/s  upd=14008  L=0.0500  D=3.101
[dcg] 9:27:27  645,497/1,000,000  19.0/s  upd=14016  L=0.0359  D=3.101
[dcg] 9:27:41  645,909/1,000,000  19.0/s  upd=14024  L=0.0352  D=3.101
[dcg] 9:27:58  646,302/1,000,000  19.0/s  upd=14032  L=0.0368  D=3.101
[dcg] 9:28:12  646,637/1,000,000  19.0/s  upd=14040  L=0.0511  D=3.101
[dcg] 9:28:26  647,016/1,000,000  19.0/s  upd=14048  L=0.0349  D=3.101
[dcg] 9:28:41  647,371/1,000,000  19.0/s  upd=14056  L=0.0308  D=3.101
[dcg] 9:28:56  647,726/1,000,000  19.0/s  upd=14064  L=0.0492  D=3.101
[dcg] 9:29:09  648,062/1,000,000  19.0/s  upd=14072  L=0.0445  D=3.101
[dcg] 9:29:21  648,420/1,000,000  19.0/s  upd=14080  L=0.0452  D=3.101
[dcg] 9:29:35  648,818/1,000,000  19.0/s  upd=14088  L=0.0412  D=3.101
[dcg] 9:29:50  649,152/1,000,000  19.0/s  upd=14096  L=0.0330  D=3.101
[dcg] 9:30:02  649,545/1,000,000  19.0/s  upd=14104  L=0.0393  D=3.101
[dcg] 9:30:16  649,935/1,000,000  19.0/s  upd=14112  L=0.0346  D=3.101
[dcg] 9:30:29  650,250/1,000,000  19.0/s  upd=14120  L=0.0369  D=3.101
[dcg] 9:30:41  650,611/1,000,000  19.0/s  upd=14128  L=0.0378  D=3.101
[dcg] 9:30:54  650,979/1,000,000  19.0/s  upd=14136  L=0.0576  D=3.101
[dcg] 9:31:08  651,358/1,000,000  19.0/s  upd=14144  L=0.0364  D=3.101
[dcg] 9:31:22  651,705/1,000,000  19.0/s  upd=14152  L=0.0317  D=3.101
[dcg] 9:31:36  652,072/1,000,000  19.0/s  upd=14160  L=0.0327  D=3.101
[dcg] 9:31:50  652,425/1,000,000  19.0/s  upd=14168  L=0.0402  D=3.101
[dcg] 9:32:04  652,742/1,000,000  19.0/s  upd=14176  L=0.0377  D=3.101
[dcg] 9:32:16  653,191/1,000,000  19.0/s  upd=14184  L=0.0314  D=3.101
[dcg] 9:32:28  653,580/1,000,000  19.0/s  upd=14192  L=0.0473  D=3.101
[dcg] 9:32:41  653,943/1,000,000  19.0/s  upd=14200  L=0.0346  D=3.101
[dcg] 9:32:55  654,298/1,000,000  19.0/s  upd=14208  L=0.0347  D=3.101
[dcg] 9:33:13  654,693/1,000,000  19.0/s  upd=14216  L=0.0453  D=3.101
[dcg] 9:33:27  655,100/1,000,000  19.0/s  upd=14224  L=0.0283  D=3.101
[dcg] 9:33:41  655,482/1,000,000  19.0/s  upd=14232  L=0.0371  D=3.101
[dcg] 9:33:54  655,834/1,000,000  19.0/s  upd=14240  L=0.0300  D=3.101
[dcg] 9:34:10  656,178/1,000,000  19.0/s  upd=14248  L=0.0391  D=3.101
[dcg] 9:34:23  656,539/1,000,000  19.1/s  upd=14256  L=0.0505  D=3.101
[dcg] 9:34:35  656,938/1,000,000  19.1/s  upd=14264  L=0.0367  D=3.101
[dcg] 9:34:48  657,299/1,000,000  19.1/s  upd=14272  L=0.0289  D=3.101
[dcg] 9:35:01  657,622/1,000,000  19.1/s  upd=14280  L=0.0491  D=3.101
[dcg] 9:35:14  657,998/1,000,000  19.1/s  upd=14288  L=0.0462  D=3.101
[dcg] 9:35:27  658,358/1,000,000  19.1/s  upd=14296  L=0.0354  D=3.101
[dcg] 9:35:40  658,712/1,000,000  19.1/s  upd=14304  L=0.0451  D=3.101
[dcg] 9:35:54  659,063/1,000,000  19.1/s  upd=14312  L=0.0328  D=3.101
[dcg] 9:36:06  659,408/1,000,000  19.1/s  upd=14320  L=0.0459  D=3.101
[dcg] 9:36:21  659,809/1,000,000  19.1/s  upd=14328  L=0.0367  D=3.101
[dcg] 9:36:41  660,195/1,000,000  19.1/s  upd=14336  L=0.0510  ev=0/100  D=3.101
[dcg] 9:36:51  660,195/1,000,000  19.1/s  upd=14336  L=0.0510  ev=48/100  D=3.101
[dcg] 9:37:06  660,195/1,000,000  19.1/s  upd=14336  L=0.0510  D=3.322
[dcg] 9:37:19  660,527/1,000,000  19.1/s  upd=14344  L=0.0373  D=3.322
[dcg] 9:37:33  660,861/1,000,000  19.1/s  upd=14352  L=0.0634  D=3.322
[dcg] 9:37:47  661,197/1,000,000  19.1/s  upd=14360  L=0.0525  D=3.322
[dcg] 9:38:00  661,567/1,000,000  19.1/s  upd=14368  L=0.0432  D=3.322
[dcg] 9:38:13  661,921/1,000,000  19.1/s  upd=14376  L=0.0297  D=3.322
[dcg] 9:38:32  662,248/1,000,000  19.1/s  upd=14384  L=0.0377  D=3.322
[dcg] 9:38:45  662,609/1,000,000  19.1/s  upd=14392  L=0.0390  D=3.322
[dcg] 9:38:58  662,992/1,000,000  19.1/s  upd=14400  L=0.0400  D=3.322
[dcg] 9:39:10  663,391/1,000,000  19.1/s  upd=14408  L=0.0484  D=3.322
[dcg] 9:39:22  663,824/1,000,000  19.1/s  upd=14416  L=0.0328  D=3.322
[dcg] 9:39:35  664,140/1,000,000  19.1/s  upd=14424  L=0.0283  D=3.322
[dcg] 9:39:47  664,493/1,000,000  19.1/s  upd=14432  L=0.0409  D=3.322
[dcg] 9:40:01  664,826/1,000,000  19.1/s  upd=14440  L=0.0508  D=3.322
[dcg] 9:40:14  665,161/1,000,000  19.1/s  upd=14448  L=0.0467  D=3.322
[dcg] 9:40:27  665,539/1,000,000  19.1/s  upd=14456  L=0.0312  D=3.322
[dcg] 9:40:40  665,939/1,000,000  19.1/s  upd=14464  L=0.0246  D=3.322
[dcg] 9:40:53  666,297/1,000,000  19.1/s  upd=14472  L=0.0378  D=3.322
[dcg] 9:41:07  666,653/1,000,000  19.1/s  upd=14480  L=0.0337  D=3.322
[dcg] 9:41:20  667,130/1,000,000  19.1/s  upd=14488  L=0.0456  D=3.322
[dcg] 9:41:33  667,518/1,000,000  19.1/s  upd=14496  L=0.0404  D=3.322
[dcg] 9:41:46  667,920/1,000,000  19.1/s  upd=14504  L=0.0380  D=3.322
[dcg] 9:42:01  668,272/1,000,000  19.1/s  upd=14512  L=0.0362  D=3.322
[dcg] 9:42:14  668,620/1,000,000  19.1/s  upd=14520  L=0.0419  D=3.322
[dcg] 9:42:28  669,009/1,000,000  19.1/s  upd=14528  L=0.0455  D=3.322
[dcg] 9:42:41  669,372/1,000,000  19.1/s  upd=14536  L=0.0314  D=3.322
[dcg] 9:42:56  669,764/1,000,000  19.1/s  upd=14544  L=0.0384  D=3.322
[dcg] 9:43:09  670,173/1,000,000  19.2/s  upd=14552  L=0.0394  D=3.322
[dcg] 9:43:21  670,516/1,000,000  19.2/s  upd=14560  L=0.0397  D=3.322
[dcg] 9:43:41  670,913/1,000,000  19.2/s  upd=14568  L=0.0511  D=3.322
[dcg] 9:43:54  671,230/1,000,000  19.2/s  upd=14576  L=0.0377  D=3.322
[dcg] 9:44:08  671,539/1,000,000  19.2/s  upd=14584  L=0.0384  D=3.322
[dcg] 9:44:23  671,997/1,000,000  19.2/s  upd=14592  L=0.0326  D=3.322
[dcg] 9:44:37  672,347/1,000,000  19.2/s  upd=14600  L=0.0465  D=3.322
[dcg] 9:44:50  672,715/1,000,000  19.2/s  upd=14608  L=0.0385  D=3.322
[dcg] 9:45:04  673,056/1,000,000  19.2/s  upd=14616  L=0.0388  D=3.322
[dcg] 9:45:18  673,365/1,000,000  19.2/s  upd=14624  L=0.0479  D=3.322
[dcg] 9:45:30  673,749/1,000,000  19.2/s  upd=14632  L=0.0385  D=3.322
[dcg] 9:45:45  674,077/1,000,000  19.2/s  upd=14640  L=0.0344  D=3.322
[dcg] 9:45:59  674,435/1,000,000  19.2/s  upd=14648  L=0.0455  D=3.322
[dcg] 9:46:13  674,779/1,000,000  19.2/s  upd=14656  L=0.0314  D=3.322
[dcg] 9:46:27  675,071/1,000,000  19.2/s  upd=14664  L=0.0361  D=3.322
[dcg] 9:46:41  675,450/1,000,000  19.2/s  upd=14672  L=0.0494  D=3.322
[dcg] 9:46:54  675,832/1,000,000  19.2/s  upd=14680  L=0.0473  D=3.322
[dcg] 9:47:09  676,183/1,000,000  19.2/s  upd=14688  L=0.0531  D=3.322
[dcg] 9:47:22  676,559/1,000,000  19.2/s  upd=14696  L=0.0415  D=3.322
[dcg] 9:47:34  676,871/1,000,000  19.2/s  upd=14704  L=0.0373  D=3.322
[dcg] 9:47:49  677,278/1,000,000  19.2/s  upd=14712  L=0.0415  D=3.322
[dcg] 9:48:03  677,634/1,000,000  19.2/s  upd=14720  L=0.0344  D=3.322
[dcg] 9:48:15  677,951/1,000,000  19.2/s  upd=14728  L=0.0361  D=3.322
[dcg] 9:48:30  678,345/1,000,000  19.2/s  upd=14736  L=0.0495  D=3.322
[dcg] 9:48:49  678,703/1,000,000  19.2/s  upd=14744  L=0.0407  D=3.322
[dcg] 9:49:02  679,023/1,000,000  19.2/s  upd=14752  L=0.0350  D=3.322
[dcg] 9:49:16  679,439/1,000,000  19.2/s  upd=14760  L=0.0242  D=3.322
[dcg] 9:49:28  679,734/1,000,000  19.2/s  upd=14768  L=0.0448  D=3.322
[dcg] 9:49:46  680,063/1,000,000  19.2/s  upd=14776  L=0.0369  ev=0/100  D=3.322
[dcg] 9:49:56  680,063/1,000,000  19.2/s  upd=14776  L=0.0369  ev=48/100  D=3.322
[dcg] 9:50:14  680,063/1,000,000  19.2/s  upd=14776  L=0.0369  D=3.215
[dcg] 9:50:28  680,393/1,000,000  19.2/s  upd=14784  L=0.0361  D=3.215
[dcg] 9:50:40  680,783/1,000,000  19.2/s  upd=14792  L=0.0358  D=3.215
[dcg] 9:50:52  681,102/1,000,000  19.2/s  upd=14800  L=0.0310  D=3.215
[dcg] 9:51:08  681,494/1,000,000  19.2/s  upd=14808  L=0.0490  D=3.215
[dcg] 9:51:22  681,838/1,000,000  19.2/s  upd=14816  L=0.0384  D=3.215
[dcg] 9:51:34  682,178/1,000,000  19.2/s  upd=14824  L=0.0350  D=3.215
[dcg] 9:51:47  682,542/1,000,000  19.2/s  upd=14832  L=0.0382  D=3.215
[dcg] 9:52:00  682,910/1,000,000  19.2/s  upd=14840  L=0.0435  D=3.215
[dcg] 9:52:13  683,245/1,000,000  19.2/s  upd=14848  L=0.0357  D=3.215
[dcg] 9:52:27  683,701/1,000,000  19.2/s  upd=14856  L=0.0367  D=3.215
[dcg] 9:52:40  684,082/1,000,000  19.2/s  upd=14864  L=0.0340  D=3.215
[dcg] 9:52:52  684,403/1,000,000  19.2/s  upd=14872  L=0.0314  D=3.215
[dcg] 9:53:06  684,782/1,000,000  19.2/s  upd=14880  L=0.0398  D=3.215
[dcg] 9:53:20  685,165/1,000,000  19.2/s  upd=14888  L=0.0448  D=3.215
[dcg] 9:53:33  685,505/1,000,000  19.2/s  upd=14896  L=0.0331  D=3.215
[dcg] 9:53:47  685,851/1,000,000  19.3/s  upd=14904  L=0.0366  D=3.215
[dcg] 9:54:06  686,224/1,000,000  19.3/s  upd=14912  L=0.0317  D=3.215
[dcg] 9:54:20  686,582/1,000,000  19.3/s  upd=14920  L=0.0477  D=3.215
[dcg] 9:54:32  686,929/1,000,000  19.3/s  upd=14928  L=0.0453  D=3.215
[dcg] 9:54:44  687,256/1,000,000  19.3/s  upd=14936  L=0.0382  D=3.215
[dcg] 9:54:59  687,628/1,000,000  19.3/s  upd=14944  L=0.0416  D=3.215
[dcg] 9:55:11  687,963/1,000,000  19.3/s  upd=14952  L=0.0355  D=3.215
[dcg] 9:55:24  688,335/1,000,000  19.3/s  upd=14960  L=0.0335  D=3.215
[dcg] 9:55:38  688,725/1,000,000  19.3/s  upd=14968  L=0.0323  D=3.215
[dcg] 9:55:50  689,101/1,000,000  19.3/s  upd=14976  L=0.0490  D=3.215
[dcg] 9:56:03  689,442/1,000,000  19.3/s  upd=14984  L=0.0343  D=3.215
[dcg] 9:56:16  689,775/1,000,000  19.3/s  upd=14992  L=0.0350  D=3.215
[dcg] 9:56:29  690,080/1,000,000  19.3/s  upd=15000  L=0.0462  D=3.215
[dcg] 9:56:40  690,407/1,000,000  19.3/s  upd=15008  L=0.0385  D=3.215
[dcg] 9:56:53  690,759/1,000,000  19.3/s  upd=15016  L=0.0306  D=3.215
[dcg] 9:57:08  691,136/1,000,000  19.3/s  upd=15024  L=0.0326  D=3.215
[dcg] 9:57:21  691,487/1,000,000  19.3/s  upd=15032  L=0.0351  D=3.215
[dcg] 9:57:34  691,827/1,000,000  19.3/s  upd=15040  L=0.0307  D=3.215
[dcg] 9:57:47  692,128/1,000,000  19.3/s  upd=15048  L=0.0362  D=3.215
[dcg] 9:58:01  692,480/1,000,000  19.3/s  upd=15056  L=0.0493  D=3.215
[dcg] 9:58:15  692,888/1,000,000  19.3/s  upd=15064  L=0.0321  D=3.215
[dcg] 9:58:29  693,275/1,000,000  19.3/s  upd=15072  L=0.0456  D=3.215
[dcg] 9:58:43  693,615/1,000,000  19.3/s  upd=15080  L=0.0296  D=3.215
[dcg] 9:58:56  694,003/1,000,000  19.3/s  upd=15088  L=0.0353  D=3.215
[dcg] 9:59:16  694,357/1,000,000  19.3/s  upd=15096  L=0.0420  D=3.215
[dcg] 9:59:31  694,728/1,000,000  19.3/s  upd=15104  L=0.0388  D=3.215
[dcg] 9:59:45  695,057/1,000,000  19.3/s  upd=15112  L=0.0419  D=3.215
[dcg] 9:59:57  695,413/1,000,000  19.3/s  upd=15120  L=0.0486  D=3.215
[dcg] 10:00:14  695,759/1,000,000  19.3/s  upd=15128  L=0.0379  D=3.215
[dcg] 10:00:28  696,183/1,000,000  19.3/s  upd=15136  L=0.0379  D=3.215
[dcg] 10:00:42  696,533/1,000,000  19.3/s  upd=15144  L=0.0344  D=3.215
[dcg] 10:00:55  696,879/1,000,000  19.3/s  upd=15152  L=0.0479  D=3.215
[dcg] 10:01:10  697,219/1,000,000  19.3/s  upd=15160  L=0.0386  D=3.215
[dcg] 10:01:24  697,576/1,000,000  19.3/s  upd=15168  L=0.0383  D=3.215
[dcg] 10:01:36  697,954/1,000,000  19.3/s  upd=15176  L=0.0597  D=3.215
[dcg] 10:01:51  698,316/1,000,000  19.3/s  upd=15184  L=0.0335  D=3.215
[dcg] 10:02:04  698,656/1,000,000  19.3/s  upd=15192  L=0.0403  D=3.215
[dcg] 10:02:18  698,982/1,000,000  19.3/s  upd=15200  L=0.0417  D=3.215
[dcg] 10:02:31  699,377/1,000,000  19.3/s  upd=15208  L=0.0377  D=3.215
[dcg] 10:02:46  699,768/1,000,000  19.3/s  upd=15216  L=0.0357  D=3.215
[dcg] 10:03:05  700,130/1,000,000  19.3/s  upd=15224  L=0.0362  ev=0/100  D=3.215
[dcg] 10:03:15  700,130/1,000,000  19.3/s  upd=15224  L=0.0362  ev=54/100  D=3.215
[dcg] 10:03:31  700,130/1,000,000  19.3/s  upd=15224  L=0.0362  D=3.080
[dcg] 10:03:44  700,493/1,000,000  19.3/s  upd=15232  L=0.0433  D=3.080
[dcg] 10:03:58  700,879/1,000,000  19.3/s  upd=15240  L=0.0403  D=3.080
[dcg] 10:04:12  701,266/1,000,000  19.3/s  upd=15248  L=0.0439  D=3.080
[dcg] 10:04:31  701,598/1,000,000  19.3/s  upd=15256  L=0.0419  D=3.080
[dcg] 10:04:45  701,967/1,000,000  19.3/s  upd=15264  L=0.0429  D=3.080
[dcg] 10:04:58  702,331/1,000,000  19.3/s  upd=15272  L=0.0396  D=3.080
[dcg] 10:05:12  702,624/1,000,000  19.3/s  upd=15280  L=0.0408  D=3.080
[dcg] 10:05:26  703,006/1,000,000  19.4/s  upd=15288  L=0.0452  D=3.080
[dcg] 10:05:39  703,352/1,000,000  19.4/s  upd=15296  L=0.0407  D=3.080
[dcg] 10:05:53  703,738/1,000,000  19.4/s  upd=15304  L=0.0581  D=3.080
[dcg] 10:06:05  704,150/1,000,000  19.4/s  upd=15312  L=0.0283  D=3.080
[dcg] 10:06:17  704,554/1,000,000  19.4/s  upd=15320  L=0.0414  D=3.080
[dcg] 10:06:31  704,925/1,000,000  19.4/s  upd=15328  L=0.0268  D=3.080
[dcg] 10:06:44  705,309/1,000,000  19.4/s  upd=15336  L=0.0324  D=3.080
[dcg] 10:06:58  705,661/1,000,000  19.4/s  upd=15344  L=0.0463  D=3.080
[dcg] 10:07:11  706,000/1,000,000  19.4/s  upd=15352  L=0.0305  D=3.080
[dcg] 10:07:25  706,338/1,000,000  19.4/s  upd=15360  L=0.0328  D=3.080
[dcg] 10:07:38  706,673/1,000,000  19.4/s  upd=15368  L=0.0394  D=3.080
[dcg] 10:07:51  707,013/1,000,000  19.4/s  upd=15376  L=0.0661  D=3.080
[dcg] 10:08:06  707,407/1,000,000  19.4/s  upd=15384  L=0.0342  D=3.080
[dcg] 10:08:21  707,742/1,000,000  19.4/s  upd=15392  L=0.0367  D=3.080
[dcg] 10:08:34  708,156/1,000,000  19.4/s  upd=15400  L=0.0400  D=3.080
[dcg] 10:08:46  708,560/1,000,000  19.4/s  upd=15408  L=0.0315  D=3.080
[dcg] 10:08:59  708,896/1,000,000  19.4/s  upd=15416  L=0.0353  D=3.080
[dcg] 10:09:13  709,219/1,000,000  19.4/s  upd=15424  L=0.0432  D=3.080
[dcg] 10:09:27  709,633/1,000,000  19.4/s  upd=15432  L=0.0353  D=3.080
[dcg] 10:09:45  709,983/1,000,000  19.4/s  upd=15440  L=0.0437  D=3.080
[dcg] 10:09:59  710,299/1,000,000  19.4/s  upd=15448  L=0.0512  D=3.080
[dcg] 10:10:12  710,681/1,000,000  19.4/s  upd=15456  L=0.0493  D=3.080
[dcg] 10:10:26  711,042/1,000,000  19.4/s  upd=15464  L=0.0412  D=3.080
[dcg] 10:10:39  711,446/1,000,000  19.4/s  upd=15472  L=0.0510  D=3.080
[dcg] 10:10:55  711,839/1,000,000  19.4/s  upd=15480  L=0.0460  D=3.080
[dcg] 10:11:09  712,174/1,000,000  19.4/s  upd=15488  L=0.0372  D=3.080
[dcg] 10:11:22  712,503/1,000,000  19.4/s  upd=15496  L=0.0384  D=3.080
[dcg] 10:11:37  712,956/1,000,000  19.4/s  upd=15504  L=0.0350  D=3.080
[dcg] 10:11:50  713,283/1,000,000  19.4/s  upd=15512  L=0.0416  D=3.080
[dcg] 10:12:04  713,654/1,000,000  19.4/s  upd=15520  L=0.0381  D=3.080
[dcg] 10:12:18  714,028/1,000,000  19.4/s  upd=15528  L=0.0541  D=3.080
[dcg] 10:12:31  714,416/1,000,000  19.4/s  upd=15536  L=0.0441  D=3.080
[dcg] 10:12:44  714,773/1,000,000  19.4/s  upd=15544  L=0.0493  D=3.080
[dcg] 10:12:57  715,126/1,000,000  19.4/s  upd=15552  L=0.0279  D=3.080
[dcg] 10:13:11  715,452/1,000,000  19.4/s  upd=15560  L=0.0449  D=3.080
[dcg] 10:13:26  715,797/1,000,000  19.4/s  upd=15568  L=0.0304  D=3.080
[dcg] 10:13:40  716,166/1,000,000  19.4/s  upd=15576  L=0.0337  D=3.080
[dcg] 10:13:54  716,523/1,000,000  19.5/s  upd=15584  L=0.0259  D=3.080
[dcg] 10:14:08  716,864/1,000,000  19.5/s  upd=15592  L=0.0448  D=3.080
[dcg] 10:14:22  717,184/1,000,000  19.5/s  upd=15600  L=0.0412  D=3.080
[dcg] 10:14:36  717,502/1,000,000  19.5/s  upd=15608  L=0.0391  D=3.080
[dcg] 10:14:57  717,839/1,000,000  19.5/s  upd=15616  L=0.0415  D=3.080
[dcg] 10:15:11  718,275/1,000,000  19.5/s  upd=15624  L=0.0392  D=3.080
[dcg] 10:15:25  718,608/1,000,000  19.5/s  upd=15632  L=0.0359  D=3.080
[dcg] 10:15:39  718,947/1,000,000  19.5/s  upd=15640  L=0.0422  D=3.080
[dcg] 10:15:53  719,281/1,000,000  19.5/s  upd=15648  L=0.0331  D=3.080
[dcg] 10:16:08  719,645/1,000,000  19.5/s  upd=15656  L=0.0461  D=3.080
[dcg] 10:16:23  719,971/1,000,000  19.5/s  upd=15664  L=0.0363  D=3.080
[dcg] 10:16:44  720,328/1,000,000  19.5/s  upd=15672  L=0.0384  ev=0/100  D=3.080
[dcg] 10:16:54  720,328/1,000,000  19.5/s  upd=15672  L=0.0384  ev=48/100  D=3.080
[dcg] 10:17:04  720,328/1,000,000  19.5/s  upd=15672  L=0.0384  ev=98/100  D=3.080
[dcg] 10:17:14  720,328/1,000,000  19.5/s  upd=15672  L=0.0384  D=2.797
[dcg] 10:17:27  720,724/1,000,000  19.5/s  upd=15680  L=0.0352  D=2.797
[dcg] 10:17:42  721,162/1,000,000  19.5/s  upd=15688  L=0.0331  D=2.797
[dcg] 10:17:58  721,559/1,000,000  19.5/s  upd=15696  L=0.0493  D=2.797
[dcg] 10:18:13  721,912/1,000,000  19.5/s  upd=15704  L=0.0450  D=2.797
[dcg] 10:18:29  722,246/1,000,000  19.5/s  upd=15712  L=0.0341  D=2.797
[dcg] 10:18:45  722,631/1,000,000  19.5/s  upd=15720  L=0.0511  D=2.797
[dcg] 10:18:59  722,974/1,000,000  19.5/s  upd=15728  L=0.0372  D=2.797
[dcg] 10:19:14  723,355/1,000,000  19.5/s  upd=15736  L=0.0509  D=2.797
[dcg] 10:19:29  723,671/1,000,000  19.5/s  upd=15744  L=0.0347  D=2.797
[dcg] 10:19:44  724,058/1,000,000  19.5/s  upd=15752  L=0.0383  D=2.797
[dcg] 10:20:06  724,475/1,000,000  19.5/s  upd=15760  L=0.0541  D=2.797
[dcg] 10:20:21  724,845/1,000,000  19.5/s  upd=15768  L=0.0462  D=2.797
[dcg] 10:20:37  725,243/1,000,000  19.5/s  upd=15776  L=0.0307  D=2.797
[dcg] 10:20:52  725,661/1,000,000  19.5/s  upd=15784  L=0.0431  D=2.797
[dcg] 10:21:06  726,041/1,000,000  19.5/s  upd=15792  L=0.0560  D=2.797
[dcg] 10:21:22  726,403/1,000,000  19.5/s  upd=15800  L=0.0396  D=2.797
[dcg] 10:21:41  726,774/1,000,000  19.5/s  upd=15808  L=0.0361  D=2.797
[dcg] 10:22:01  727,097/1,000,000  19.5/s  upd=15816  L=0.0455  D=2.797
[dcg] 10:22:20  727,448/1,000,000  19.5/s  upd=15824  L=0.0443  D=2.797
[dcg] 10:22:38  727,804/1,000,000  19.5/s  upd=15832  L=0.0472  D=2.797
[dcg] 10:22:54  728,197/1,000,000  19.5/s  upd=15840  L=0.0444  D=2.797
[dcg] 10:23:12  728,564/1,000,000  19.5/s  upd=15848  L=0.0363  D=2.797
[dcg] 10:23:30  728,911/1,000,000  19.5/s  upd=15856  L=0.0432  D=2.797
[dcg] 10:23:49  729,247/1,000,000  19.5/s  upd=15864  L=0.0420  D=2.797
[dcg] 10:24:06  729,607/1,000,000  19.5/s  upd=15872  L=0.0468  D=2.797
[dcg] 10:24:26  730,024/1,000,000  19.5/s  upd=15880  L=0.0348  D=2.797
[dcg] 10:24:46  730,353/1,000,000  19.5/s  upd=15888  L=0.0545  D=2.797
[dcg] 10:25:03  730,672/1,000,000  19.5/s  upd=15896  L=0.0505  D=2.797
[dcg] 10:25:30  731,024/1,000,000  19.5/s  upd=15904  L=0.0425  D=2.797
[dcg] 10:25:46  731,428/1,000,000  19.5/s  upd=15912  L=0.0425  D=2.797
[dcg] 10:26:05  731,835/1,000,000  19.5/s  upd=15920  L=0.0283  D=2.797
[dcg] 10:26:18  732,203/1,000,000  19.5/s  upd=15928  L=0.0428  D=2.797
[dcg] 10:26:32  732,533/1,000,000  19.5/s  upd=15936  L=0.0350  D=2.797
[dcg] 10:26:50  732,888/1,000,000  19.5/s  upd=15944  L=0.0417  D=2.797
[dcg] 10:27:13  733,205/1,000,000  19.5/s  upd=15952  L=0.0380  D=2.797
[dcg] 10:27:31  733,570/1,000,000  19.5/s  upd=15960  L=0.0379  D=2.797
[dcg] 10:27:49  733,881/1,000,000  19.5/s  upd=15968  L=0.0418  D=2.797
[dcg] 10:28:07  734,231/1,000,000  19.5/s  upd=15976  L=0.0723  D=2.797
[dcg] 10:28:23  734,609/1,000,000  19.5/s  upd=15984  L=0.0363  D=2.797
[dcg] 10:28:42  734,949/1,000,000  19.5/s  upd=15992  L=0.0404  D=2.797
[dcg] 10:29:01  735,291/1,000,000  19.5/s  upd=16000  L=0.0364  D=2.797
[dcg] 10:29:21  735,629/1,000,000  19.5/s  upd=16008  L=0.0448  D=2.797
[dcg] 10:29:37  735,965/1,000,000  19.5/s  upd=16016  L=0.0478  D=2.797
[dcg] 10:29:55  736,368/1,000,000  19.5/s  upd=16024  L=0.0531  D=2.797
[dcg] 10:30:14  736,783/1,000,000  19.5/s  upd=16032  L=0.0307  D=2.797
[dcg] 10:30:39  737,161/1,000,000  19.5/s  upd=16040  L=0.0334  D=2.797
[dcg] 10:30:56  737,442/1,000,000  19.5/s  upd=16048  L=0.0534  D=2.797
[dcg] 10:31:14  737,779/1,000,000  19.5/s  upd=16056  L=0.0331  D=2.797
[dcg] 10:31:33  738,124/1,000,000  19.5/s  upd=16064  L=0.0390  D=2.797
[dcg] 10:31:49  738,500/1,000,000  19.5/s  upd=16072  L=0.0426  D=2.797
[dcg] 10:32:06  738,880/1,000,000  19.5/s  upd=16080  L=0.0421  D=2.797
[dcg] 10:32:26  739,201/1,000,000  19.5/s  upd=16088  L=0.0446  D=2.797
[dcg] 10:32:45  739,571/1,000,000  19.5/s  upd=16096  L=0.0492  D=2.797
[dcg] 10:33:03  739,928/1,000,000  19.5/s  upd=16104  L=0.0358  D=2.797
[dcg] 10:33:29  740,242/1,000,000  19.5/s  upd=16112  L=0.0344  ev=0/100  D=2.797
[dcg] 10:33:39  740,242/1,000,000  19.5/s  upd=16112  L=0.0344  ev=38/100  D=2.797
[dcg] 10:33:49  740,242/1,000,000  19.5/s  upd=16112  L=0.0344  ev=71/100  D=2.797
[dcg] 10:34:05  740,242/1,000,000  19.5/s  upd=16112  L=0.0344  D=3.106
[dcg] 10:34:22  740,614/1,000,000  19.5/s  upd=16120  L=0.0467  D=3.106
[dcg] 10:34:37  740,999/1,000,000  19.5/s  upd=16128  L=0.0457  D=3.106
[dcg] 10:34:55  741,382/1,000,000  19.5/s  upd=16136  L=0.0388  D=3.106
[dcg] 10:35:13  741,757/1,000,000  19.5/s  upd=16144  L=0.0411  D=3.106
[dcg] 10:35:32  742,216/1,000,000  19.5/s  upd=16152  L=0.0292  D=3.106
[dcg] 10:35:56  742,629/1,000,000  19.5/s  upd=16160  L=0.0502  D=3.106
[dcg] 10:36:15  742,988/1,000,000  19.5/s  upd=16168  L=0.0341  D=3.106
[dcg] 10:36:32  743,341/1,000,000  19.5/s  upd=16176  L=0.0642  D=3.106
[dcg] 10:36:50  743,728/1,000,000  19.5/s  upd=16184  L=0.0370  D=3.106
[dcg] 10:37:05  744,094/1,000,000  19.5/s  upd=16192  L=0.0434  D=3.106
[dcg] 10:37:24  744,479/1,000,000  19.5/s  upd=16200  L=0.0356  D=3.106
[dcg] 10:37:42  744,803/1,000,000  19.5/s  upd=16208  L=0.0526  D=3.106
[dcg] 10:37:59  745,128/1,000,000  19.5/s  upd=16216  L=0.0382  D=3.106
[dcg] 10:38:18  745,467/1,000,000  19.5/s  upd=16224  L=0.0485  D=3.106
[dcg] 10:38:36  745,814/1,000,000  19.5/s  upd=16232  L=0.0286  D=3.106
[dcg] 10:38:56  746,126/1,000,000  19.5/s  upd=16240  L=0.0362  D=3.106
[dcg] 10:39:14  746,450/1,000,000  19.5/s  upd=16248  L=0.0375  D=3.106
[dcg] 10:39:32  746,778/1,000,000  19.5/s  upd=16256  L=0.0324  D=3.106
[dcg] 10:39:51  747,142/1,000,000  19.5/s  upd=16264  L=0.0667  D=3.106
[dcg] 10:40:09  747,486/1,000,000  19.5/s  upd=16272  L=0.0370  D=3.106
[dcg] 10:40:28  747,883/1,000,000  19.5/s  upd=16280  L=0.0405  D=3.106
[dcg] 10:40:45  748,227/1,000,000  19.5/s  upd=16288  L=0.0348  D=3.106
[dcg] 10:41:08  748,630/1,000,000  19.5/s  upd=16296  L=0.0411  D=3.106
[dcg] 10:41:26  749,037/1,000,000  19.5/s  upd=16304  L=0.0591  D=3.106
[dcg] 10:41:45  749,404/1,000,000  19.5/s  upd=16312  L=0.0351  D=3.106
[dcg] 10:42:02  749,799/1,000,000  19.5/s  upd=16320  L=0.0351  D=3.106
[dcg] 10:42:15  750,144/1,000,000  19.5/s  upd=16328  L=0.0409  D=3.106
[dcg] 10:42:32  750,481/1,000,000  19.5/s  upd=16336  L=0.0359  D=3.106
[dcg] 10:42:51  750,844/1,000,000  19.5/s  upd=16344  L=0.0347  D=3.106
[dcg] 10:43:08  751,191/1,000,000  19.5/s  upd=16352  L=0.0436  D=3.106
[dcg] 10:43:26  751,535/1,000,000  19.5/s  upd=16360  L=0.0383  D=3.106
[dcg] 10:43:44  751,910/1,000,000  19.5/s  upd=16368  L=0.0388  D=3.106
[dcg] 10:44:05  752,244/1,000,000  19.5/s  upd=16376  L=0.0324  D=3.106
[dcg] 10:44:23  752,603/1,000,000  19.5/s  upd=16384  L=0.0390  D=3.106
[dcg] 10:44:40  752,942/1,000,000  19.5/s  upd=16392  L=0.0489  D=3.106
[dcg] 10:44:54  753,245/1,000,000  19.5/s  upd=16400  L=0.0329  D=3.106
[dcg] 10:45:10  753,581/1,000,000  19.5/s  upd=16408  L=0.0385  D=3.106
[dcg] 10:45:25  753,988/1,000,000  19.5/s  upd=16416  L=0.0261  D=3.106
[dcg] 10:45:44  754,313/1,000,000  19.5/s  upd=16424  L=0.0414  D=3.106
[dcg] 10:45:58  754,660/1,000,000  19.5/s  upd=16432  L=0.0474  D=3.106
[dcg] 10:46:20  755,077/1,000,000  19.5/s  upd=16440  L=0.0409  D=3.106
[dcg] 10:46:35  755,448/1,000,000  19.5/s  upd=16448  L=0.0236  D=3.106
[dcg] 10:46:54  755,778/1,000,000  19.5/s  upd=16456  L=0.0368  D=3.106
[dcg] 10:47:10  756,111/1,000,000  19.5/s  upd=16464  L=0.0424  D=3.106
[dcg] 10:47:28  756,520/1,000,000  19.5/s  upd=16472  L=0.0524  D=3.106
[dcg] 10:47:45  756,822/1,000,000  19.5/s  upd=16480  L=0.0406  D=3.106
[dcg] 10:48:01  757,218/1,000,000  19.5/s  upd=16488  L=0.0415  D=3.106
[dcg] 10:48:20  757,585/1,000,000  19.5/s  upd=16496  L=0.0539  D=3.106
[dcg] 10:48:38  757,921/1,000,000  19.5/s  upd=16504  L=0.0397  D=3.106
[dcg] 10:48:57  758,281/1,000,000  19.5/s  upd=16512  L=0.0353  D=3.106
[dcg] 10:49:18  758,639/1,000,000  19.5/s  upd=16520  L=0.0422  D=3.106
[dcg] 10:49:36  758,953/1,000,000  19.5/s  upd=16528  L=0.0343  D=3.106
[dcg] 10:49:52  759,306/1,000,000  19.5/s  upd=16536  L=0.0508  D=3.106
[dcg] 10:50:10  759,683/1,000,000  19.5/s  upd=16544  L=0.0317  D=3.106
[dcg] 10:50:34  760,072/1,000,000  19.5/s  upd=16552  L=0.0417  ev=0/100  D=3.106
[dcg] 10:50:44  760,072/1,000,000  19.5/s  upd=16552  L=0.0417  ev=38/100  D=3.106
[dcg] 10:50:54  760,072/1,000,000  19.5/s  upd=16552  L=0.0417  ev=80/100  D=3.106
[dcg] 10:51:06  760,072/1,000,000  19.5/s  upd=16552  L=0.0417  D=2.880
[dcg] 10:51:31  760,444/1,000,000  19.5/s  upd=16560  L=0.0324  D=2.880
[dcg] 10:51:48  760,791/1,000,000  19.5/s  upd=16568  L=0.0565  D=2.880
[dcg] 10:52:07  761,127/1,000,000  19.5/s  upd=16576  L=0.0312  D=2.880
[dcg] 10:52:21  761,493/1,000,000  19.5/s  upd=16584  L=0.0378  D=2.880
[dcg] 10:52:38  761,849/1,000,000  19.5/s  upd=16592  L=0.0417  D=2.880
[dcg] 10:52:55  762,166/1,000,000  19.5/s  upd=16600  L=0.0444  D=2.880
[dcg] 10:53:08  762,470/1,000,000  19.5/s  upd=16608  L=0.0498  D=2.880
[dcg] 10:53:26  762,870/1,000,000  19.5/s  upd=16616  L=0.0364  D=2.880
[dcg] 10:53:45  763,231/1,000,000  19.5/s  upd=16624  L=0.0316  D=2.880
[dcg] 10:54:03  763,628/1,000,000  19.5/s  upd=16632  L=0.0433  D=2.880
[dcg] 10:54:20  763,969/1,000,000  19.5/s  upd=16640  L=0.0316  D=2.880
[dcg] 10:54:38  764,324/1,000,000  19.5/s  upd=16648  L=0.0578  D=2.880
[dcg] 10:54:54  764,678/1,000,000  19.5/s  upd=16656  L=0.0527  D=2.880
[dcg] 10:55:11  765,059/1,000,000  19.5/s  upd=16664  L=0.0318  D=2.880
[dcg] 10:55:28  765,452/1,000,000  19.5/s  upd=16672  L=0.0349  D=2.880
[dcg] 10:55:46  765,754/1,000,000  19.5/s  upd=16680  L=0.0395  D=2.880
[dcg] 10:56:06  766,082/1,000,000  19.5/s  upd=16688  L=0.0639  D=2.880
[dcg] 10:56:22  766,471/1,000,000  19.5/s  upd=16696  L=0.0401  D=2.880
[dcg] 10:56:48  766,902/1,000,000  19.5/s  upd=16704  L=0.0513  D=2.880
[dcg] 10:57:05  767,226/1,000,000  19.5/s  upd=16712  L=0.0361  D=2.880
[dcg] 10:57:23  767,571/1,000,000  19.5/s  upd=16720  L=0.0389  D=2.880
[dcg] 10:57:39  767,938/1,000,000  19.5/s  upd=16728  L=0.0589  D=2.880
[dcg] 10:57:54  768,313/1,000,000  19.5/s  upd=16736  L=0.0236  D=2.880
[dcg] 10:58:10  768,657/1,000,000  19.5/s  upd=16744  L=0.0502  D=2.880
[dcg] 10:58:23  769,043/1,000,000  19.5/s  upd=16752  L=0.0369  D=2.880
[dcg] 10:58:40  769,374/1,000,000  19.5/s  upd=16760  L=0.0334  D=2.880
[dcg] 10:58:55  769,756/1,000,000  19.5/s  upd=16768  L=0.0459  D=2.880
[dcg] 10:59:14  770,183/1,000,000  19.5/s  upd=16776  L=0.0692  D=2.880
[dcg] 10:59:32  770,532/1,000,000  19.5/s  upd=16784  L=0.0379  D=2.880
[dcg] 10:59:48  770,958/1,000,000  19.5/s  upd=16792  L=0.0607  D=2.880
[dcg] 11:00:06  771,334/1,000,000  19.5/s  upd=16800  L=0.0404  D=2.880
[dcg] 11:00:23  771,706/1,000,000  19.5/s  upd=16808  L=0.0336  D=2.880
[dcg] 11:00:41  772,042/1,000,000  19.5/s  upd=16816  L=0.0305  D=2.880
[dcg] 11:00:59  772,428/1,000,000  19.5/s  upd=16824  L=0.0438  D=2.880
[dcg] 11:01:20  772,787/1,000,000  19.5/s  upd=16832  L=0.0420  D=2.880
[dcg] 11:01:38  773,150/1,000,000  19.5/s  upd=16840  L=0.0506  D=2.880
[dcg] 11:02:03  773,546/1,000,000  19.5/s  upd=16848  L=0.0461  D=2.880
[dcg] 11:02:21  773,907/1,000,000  19.5/s  upd=16856  L=0.0366  D=2.880
[dcg] 11:02:39  774,250/1,000,000  19.5/s  upd=16864  L=0.0331  D=2.880
[dcg] 11:02:53  774,624/1,000,000  19.5/s  upd=16872  L=0.0404  D=2.880
[dcg] 11:03:11  774,991/1,000,000  19.5/s  upd=16880  L=0.0307  D=2.880
[dcg] 11:03:25  775,381/1,000,000  19.5/s  upd=16888  L=0.0390  D=2.880
[dcg] 11:03:40  775,744/1,000,000  19.5/s  upd=16896  L=0.0375  D=2.880
[dcg] 11:03:52  776,117/1,000,000  19.5/s  upd=16904  L=0.0420  D=2.880
[dcg] 11:04:12  776,538/1,000,000  19.5/s  upd=16912  L=0.0444  D=2.880
[dcg] 11:04:30  776,897/1,000,000  19.5/s  upd=16920  L=0.0365  D=2.880
[dcg] 11:04:46  777,228/1,000,000  19.5/s  upd=16928  L=0.0416  D=2.880
[dcg] 11:05:02  777,608/1,000,000  19.5/s  upd=16936  L=0.0423  D=2.880
[dcg] 11:05:21  777,962/1,000,000  19.5/s  upd=16944  L=0.0527  D=2.880
[dcg] 11:05:40  778,293/1,000,000  19.5/s  upd=16952  L=0.0387  D=2.880
[dcg] 11:05:59  778,661/1,000,000  19.5/s  upd=16960  L=0.0526  D=2.880
[dcg] 11:06:16  778,978/1,000,000  19.5/s  upd=16968  L=0.0390  D=2.880
[dcg] 11:06:37  779,365/1,000,000  19.5/s  upd=16976  L=0.0390  D=2.880
[dcg] 11:06:55  779,762/1,000,000  19.5/s  upd=16984  L=0.0406  D=2.880
[dcg] 11:07:24  780,088/1,000,000  19.5/s  upd=16992  L=0.0427  ev=0/100  D=2.880
[dcg] 11:07:34  780,088/1,000,000  19.5/s  upd=16992  L=0.0427  ev=39/100  D=2.880
[dcg] 11:07:44  780,088/1,000,000  19.5/s  upd=16992  L=0.0427  ev=80/100  D=2.880
[dcg] 11:08:00  780,088/1,000,000  19.5/s  upd=16992  L=0.0427  D=2.710
[dcg] 11:08:15  780,420/1,000,000  19.5/s  upd=17000  L=0.0459  D=2.710
[dcg] 11:08:32  780,765/1,000,000  19.5/s  upd=17008  L=0.0530  D=2.710
[dcg] 11:08:51  781,114/1,000,000  19.5/s  upd=17016  L=0.0452  D=2.710
[dcg] 11:09:05  781,476/1,000,000  19.5/s  upd=17024  L=0.0491  D=2.710
[dcg] 11:09:20  781,843/1,000,000  19.5/s  upd=17032  L=0.0465  D=2.710
[dcg] 11:09:35  782,199/1,000,000  19.5/s  upd=17040  L=0.0391  D=2.710
[dcg] 11:09:50  782,548/1,000,000  19.5/s  upd=17048  L=0.0392  D=2.710
[dcg] 11:10:06  782,918/1,000,000  19.5/s  upd=17056  L=0.0425  D=2.710
[dcg] 11:10:22  783,261/1,000,000  19.5/s  upd=17064  L=0.0594  D=2.710
[dcg] 11:10:40  783,639/1,000,000  19.5/s  upd=17072  L=0.0355  D=2.710
[dcg] 11:11:02  784,022/1,000,000  19.5/s  upd=17080  L=0.0342  D=2.710
[dcg] 11:11:19  784,353/1,000,000  19.5/s  upd=17088  L=0.0383  D=2.710
[dcg] 11:11:37  784,756/1,000,000  19.5/s  upd=17096  L=0.0418  D=2.710
[dcg] 11:11:54  785,098/1,000,000  19.5/s  upd=17104  L=0.0386  D=2.710
[dcg] 11:12:12  785,393/1,000,000  19.5/s  upd=17112  L=0.0430  D=2.710
[dcg] 11:12:36  785,744/1,000,000  19.5/s  upd=17120  L=0.0423  D=2.710
[dcg] 11:12:56  786,084/1,000,000  19.5/s  upd=17128  L=0.0363  D=2.710
[dcg] 11:13:11  786,407/1,000,000  19.5/s  upd=17136  L=0.0332  D=2.710
[dcg] 11:13:28  786,755/1,000,000  19.5/s  upd=17144  L=0.0551  D=2.710
[dcg] 11:13:45  787,100/1,000,000  19.5/s  upd=17152  L=0.0393  D=2.710
[dcg] 11:14:03  787,497/1,000,000  19.5/s  upd=17160  L=0.0551  D=2.710
[dcg] 11:14:19  787,824/1,000,000  19.5/s  upd=17168  L=0.0383  D=2.710
[dcg] 11:14:34  788,173/1,000,000  19.5/s  upd=17176  L=0.0404  D=2.710
[dcg] 11:14:51  788,496/1,000,000  19.5/s  upd=17184  L=0.0447  D=2.710
[dcg] 11:15:09  788,839/1,000,000  19.5/s  upd=17192  L=0.0410  D=2.710
[dcg] 11:15:26  789,187/1,000,000  19.5/s  upd=17200  L=0.0479  D=2.710
[dcg] 11:15:45  789,522/1,000,000  19.5/s  upd=17208  L=0.0330  D=2.710
[dcg] 11:16:02  789,880/1,000,000  19.5/s  upd=17216  L=0.0407  D=2.710
[dcg] 11:16:20  790,214/1,000,000  19.5/s  upd=17224  L=0.0474  D=2.710
[dcg] 11:16:34  790,571/1,000,000  19.5/s  upd=17232  L=0.0461  D=2.710
[dcg] 11:16:53  790,994/1,000,000  19.5/s  upd=17240  L=0.0405  D=2.710
[dcg] 11:17:08  791,335/1,000,000  19.5/s  upd=17248  L=0.0406  D=2.710
[dcg] 11:17:27  791,693/1,000,000  19.5/s  upd=17256  L=0.0471  D=2.710
[dcg] 11:17:38  791,693/1,000,000  19.5/s  upd=17256  L=0.0471  D=2.710
[dcg] 11:17:57  792,040/1,000,000  19.5/s  upd=17264  L=0.0365  D=2.710
[dcg] 11:18:15  792,473/1,000,000  19.5/s  upd=17272  L=0.0396  D=2.710
[dcg] 11:18:33  792,857/1,000,000  19.5/s  upd=17280  L=0.0340  D=2.710
[dcg] 11:18:50  793,198/1,000,000  19.5/s  upd=17288  L=0.0402  D=2.710
[dcg] 11:19:06  793,550/1,000,000  19.5/s  upd=17296  L=0.0462  D=2.710
[dcg] 11:19:24  793,906/1,000,000  19.5/s  upd=17304  L=0.0511  D=2.710
[dcg] 11:19:38  794,237/1,000,000  19.5/s  upd=17312  L=0.0378  D=2.710
[dcg] 11:19:54  794,572/1,000,000  19.5/s  upd=17320  L=0.0576  D=2.710
[dcg] 11:20:13  794,938/1,000,000  19.5/s  upd=17328  L=0.0388  D=2.710
[dcg] 11:20:30  795,296/1,000,000  19.5/s  upd=17336  L=0.0551  D=2.710
[dcg] 11:20:49  795,678/1,000,000  19.5/s  upd=17344  L=0.0322  D=2.710
[dcg] 11:21:05  796,015/1,000,000  19.5/s  upd=17352  L=0.0292  D=2.710
[dcg] 11:21:19  796,407/1,000,000  19.5/s  upd=17360  L=0.0501  D=2.710
[dcg] 11:21:32  796,751/1,000,000  19.5/s  upd=17368  L=0.0452  D=2.710
[dcg] 11:21:46  797,036/1,000,000  19.5/s  upd=17376  L=0.0360  D=2.710
[dcg] 11:22:02  797,387/1,000,000  19.5/s  upd=17384  L=0.0408  D=2.710
[dcg] 11:22:20  797,721/1,000,000  19.5/s  upd=17392  L=0.0364  D=2.710
[dcg] 11:22:38  798,059/1,000,000  19.5/s  upd=17400  L=0.0375  D=2.710
[dcg] 11:22:55  798,392/1,000,000  19.5/s  upd=17408  L=0.0358  D=2.710
[dcg] 11:23:18  798,739/1,000,000  19.5/s  upd=17416  L=0.0383  D=2.710
[dcg] 11:23:35  799,078/1,000,000  19.5/s  upd=17424  L=0.0472  D=2.710
[dcg] 11:23:52  799,410/1,000,000  19.5/s  upd=17432  L=0.0366  D=2.710
[dcg] 11:24:10  799,794/1,000,000  19.5/s  upd=17440  L=0.0400  D=2.710
[dcg] 11:24:35  800,153/1,000,000  19.5/s  upd=17448  L=0.0367  ev=0/100  D=2.710
[dcg] 11:24:45  800,153/1,000,000  19.5/s  upd=17448  L=0.0367  ev=55/100  D=2.710
[dcg] 11:24:55  800,153/1,000,000  19.5/s  upd=17448  L=0.0367  ev=95/100  D=2.710
[dcg] 11:25:05  800,153/1,000,000  19.5/s  upd=17448  L=0.0367  D=2.617
[dcg] 11:25:21  800,475/1,000,000  19.5/s  upd=17456  L=0.0490  D=2.617
[dcg] 11:25:42  800,833/1,000,000  19.5/s  upd=17464  L=0.0527  D=2.617
[dcg] 11:26:00  801,162/1,000,000  19.5/s  upd=17472  L=0.0444  D=2.617
[dcg] 11:26:18  801,565/1,000,000  19.5/s  upd=17480  L=0.0480  D=2.617
[dcg] 11:26:35  801,889/1,000,000  19.5/s  upd=17488  L=0.0400  D=2.617
[dcg] 11:26:52  802,222/1,000,000  19.5/s  upd=17496  L=0.0825  D=2.617
[dcg] 11:27:09  802,572/1,000,000  19.5/s  upd=17504  L=0.0550  D=2.617
[dcg] 11:27:26  802,903/1,000,000  19.5/s  upd=17512  L=0.0459  D=2.617
[dcg] 11:27:44  803,241/1,000,000  19.5/s  upd=17520  L=0.0516  D=2.617
[dcg] 11:28:02  803,564/1,000,000  19.5/s  upd=17528  L=0.0384  D=2.617
[dcg] 11:28:26  803,949/1,000,000  19.5/s  upd=17536  L=0.0275  D=2.617
[dcg] 11:28:45  804,264/1,000,000  19.5/s  upd=17544  L=0.0313  D=2.617
[dcg] 11:29:00  804,618/1,000,000  19.5/s  upd=17552  L=0.0427  D=2.617
[dcg] 11:29:19  804,965/1,000,000  19.5/s  upd=17560  L=0.0456  D=2.617
[dcg] 11:29:37  805,318/1,000,000  19.5/s  upd=17568  L=0.0494  D=2.617
[dcg] 11:29:56  805,650/1,000,000  19.5/s  upd=17576  L=0.0351  D=2.617
[dcg] 11:30:12  805,965/1,000,000  19.5/s  upd=17584  L=0.0448  D=2.617
[dcg] 11:30:29  806,381/1,000,000  19.5/s  upd=17592  L=0.0601  D=2.617
[dcg] 11:30:45  806,756/1,000,000  19.5/s  upd=17600  L=0.0255  D=2.617
[dcg] 11:31:04  807,066/1,000,000  19.5/s  upd=17608  L=0.0469  D=2.617
[dcg] 11:31:23  807,504/1,000,000  19.5/s  upd=17616  L=0.0548  D=2.617
[dcg] 11:31:40  807,912/1,000,000  19.5/s  upd=17624  L=0.0468  D=2.617
[dcg] 11:31:58  808,230/1,000,000  19.5/s  upd=17632  L=0.0463  D=2.617
[dcg] 11:32:19  808,567/1,000,000  19.5/s  upd=17640  L=0.0351  D=2.617
[dcg] 11:32:36  808,936/1,000,000  19.5/s  upd=17648  L=0.0429  D=2.617
[dcg] 11:32:52  809,298/1,000,000  19.5/s  upd=17656  L=0.0492  D=2.617
[dcg] 11:33:10  809,646/1,000,000  19.5/s  upd=17664  L=0.0519  D=2.617
[dcg] 11:33:32  810,000/1,000,000  19.5/s  upd=17672  L=0.0490  D=2.617
[dcg] 11:33:46  810,308/1,000,000  19.5/s  upd=17680  L=0.0371  D=2.617
[dcg] 11:34:01  810,610/1,000,000  19.5/s  upd=17688  L=0.0492  D=2.617
[dcg] 11:34:15  810,950/1,000,000  19.5/s  upd=17696  L=0.0368  D=2.617
[dcg] 11:34:33  811,385/1,000,000  19.5/s  upd=17704  L=0.0465  D=2.617
[dcg] 11:34:50  811,865/1,000,000  19.5/s  upd=17712  L=0.0424  D=2.617
[dcg] 11:35:09  812,245/1,000,000  19.5/s  upd=17720  L=0.0498  D=2.617
[dcg] 11:35:22  812,583/1,000,000  19.5/s  upd=17728  L=0.0360  D=2.617
[dcg] 11:35:39  812,927/1,000,000  19.5/s  upd=17736  L=0.0265  D=2.617
[dcg] 11:35:56  813,293/1,000,000  19.5/s  upd=17744  L=0.0385  D=2.617
[dcg] 11:36:15  813,646/1,000,000  19.5/s  upd=17752  L=0.0302  D=2.617
[dcg] 11:36:31  813,982/1,000,000  19.5/s  upd=17760  L=0.0438  D=2.617
[dcg] 11:36:47  814,310/1,000,000  19.5/s  upd=17768  L=0.0387  D=2.617
[dcg] 11:37:05  814,660/1,000,000  19.5/s  upd=17776  L=0.0360  D=2.617
[dcg] 11:37:23  814,988/1,000,000  19.5/s  upd=17784  L=0.0506  D=2.617
[dcg] 11:37:40  815,330/1,000,000  19.5/s  upd=17792  L=0.0415  D=2.617
[dcg] 11:37:57  815,681/1,000,000  19.5/s  upd=17800  L=0.0609  D=2.617
[dcg] 11:38:15  816,026/1,000,000  19.5/s  upd=17808  L=0.0318  D=2.617
[dcg] 11:38:31  816,418/1,000,000  19.5/s  upd=17816  L=0.0411  D=2.617
[dcg] 11:38:54  816,778/1,000,000  19.5/s  upd=17824  L=0.0408  D=2.617
[dcg] 11:39:10  817,077/1,000,000  19.5/s  upd=17832  L=0.0340  D=2.617
[dcg] 11:39:25  817,419/1,000,000  19.5/s  upd=17840  L=0.0430  D=2.617
[dcg] 11:39:40  817,779/1,000,000  19.5/s  upd=17848  L=0.0335  D=2.617
[dcg] 11:39:57  818,101/1,000,000  19.5/s  upd=17856  L=0.0321  D=2.617
[dcg] 11:40:16  818,516/1,000,000  19.5/s  upd=17864  L=0.0335  D=2.617
[dcg] 11:40:32  818,835/1,000,000  19.5/s  upd=17872  L=0.0421  D=2.617
[dcg] 11:40:49  819,163/1,000,000  19.5/s  upd=17880  L=0.0533  D=2.617
[dcg] 11:41:05  819,531/1,000,000  19.5/s  upd=17888  L=0.0433  D=2.617
[dcg] 11:41:20  819,858/1,000,000  19.5/s  upd=17896  L=0.0416  D=2.617
[dcg] 11:41:41  820,249/1,000,000  19.5/s  upd=17904  L=0.0389  ev=0/100  D=2.617
[dcg] 11:41:51  820,249/1,000,000  19.5/s  upd=17904  L=0.0389  ev=33/100  D=2.617
[dcg] 11:42:01  820,249/1,000,000  19.5/s  upd=17904  L=0.0389  ev=64/100  D=2.617
[dcg] 11:42:16  820,249/1,000,000  19.5/s  upd=17904  L=0.0389  D=2.757
[dcg] 11:42:32  820,595/1,000,000  19.5/s  upd=17912  L=0.0361  D=2.757
[dcg] 11:42:48  820,937/1,000,000  19.5/s  upd=17920  L=0.0488  D=2.757
[dcg] 11:43:05  821,364/1,000,000  19.5/s  upd=17928  L=0.0359  D=2.757
[dcg] 11:43:22  821,689/1,000,000  19.5/s  upd=17936  L=0.0384  D=2.757
[dcg] 11:43:40  822,020/1,000,000  19.5/s  upd=17944  L=0.0363  D=2.757
[dcg] 11:44:02  822,398/1,000,000  19.5/s  upd=17952  L=0.0466  D=2.757
[dcg] 11:44:18  822,762/1,000,000  19.5/s  upd=17960  L=0.0494  D=2.757
[dcg] 11:44:34  823,090/1,000,000  19.5/s  upd=17968  L=0.0425  D=2.757
[dcg] 11:44:51  823,522/1,000,000  19.5/s  upd=17976  L=0.0499  D=2.757
[dcg] 11:45:07  823,847/1,000,000  19.5/s  upd=17984  L=0.0362  D=2.757
[dcg] 11:45:24  824,192/1,000,000  19.5/s  upd=17992  L=0.0468  D=2.757
[dcg] 11:45:41  824,512/1,000,000  19.5/s  upd=18000  L=0.0451  D=2.757
[dcg] 11:45:54  824,855/1,000,000  19.5/s  upd=18008  L=0.0451  D=2.757
[dcg] 11:46:07  825,250/1,000,000  19.5/s  upd=18016  L=0.0371  D=2.757
[dcg] 11:46:20  825,592/1,000,000  19.5/s  upd=18024  L=0.0435  D=2.757
[dcg] 11:46:37  825,965/1,000,000  19.5/s  upd=18032  L=0.0391  D=2.757
[dcg] 11:46:57  826,294/1,000,000  19.5/s  upd=18040  L=0.0428  D=2.757
[dcg] 11:47:13  826,635/1,000,000  19.5/s  upd=18048  L=0.0483  D=2.757
[dcg] 11:47:32  826,983/1,000,000  19.5/s  upd=18056  L=0.0379  D=2.757
[dcg] 11:47:50  827,328/1,000,000  19.5/s  upd=18064  L=0.0347  D=2.757
[dcg] 11:48:09  827,685/1,000,000  19.5/s  upd=18072  L=0.0678  D=2.757
[dcg] 11:48:25  828,020/1,000,000  19.5/s  upd=18080  L=0.0461  D=2.757
[dcg] 11:48:43  828,394/1,000,000  19.5/s  upd=18088  L=0.0494  D=2.757
[dcg] 11:49:01  828,733/1,000,000  19.5/s  upd=18096  L=0.0408  D=2.757
[dcg] 11:49:26  829,123/1,000,000  19.5/s  upd=18104  L=0.0339  D=2.757
[dcg] 11:49:43  829,541/1,000,000  19.5/s  upd=18112  L=0.0401  D=2.757
[dcg] 11:49:58  829,914/1,000,000  19.5/s  upd=18120  L=0.0701  D=2.757
[dcg] 11:50:13  830,257/1,000,000  19.5/s  upd=18128  L=0.0679  D=2.757
[dcg] 11:50:32  830,658/1,000,000  19.5/s  upd=18136  L=0.0366  D=2.757
[dcg] 11:50:49  831,005/1,000,000  19.5/s  upd=18144  L=0.0396  D=2.757
[dcg] 11:51:03  831,318/1,000,000  19.5/s  upd=18152  L=0.0483  D=2.757
[dcg] 11:51:18  831,669/1,000,000  19.5/s  upd=18160  L=0.0443  D=2.757
[dcg] 11:51:33  832,011/1,000,000  19.5/s  upd=18168  L=0.0395  D=2.757
[dcg] 11:51:50  832,312/1,000,000  19.5/s  upd=18176  L=0.0475  D=2.757
[dcg] 11:52:10  832,656/1,000,000  19.5/s  upd=18184  L=0.0463  D=2.757
[dcg] 11:52:27  832,980/1,000,000  19.5/s  upd=18192  L=0.0349  D=2.757
[dcg] 11:52:43  833,295/1,000,000  19.5/s  upd=18200  L=0.0385  D=2.757
[dcg] 11:52:59  833,666/1,000,000  19.5/s  upd=18208  L=0.0359  D=2.757
[dcg] 11:53:16  834,046/1,000,000  19.5/s  upd=18216  L=0.0364  D=2.757
[dcg] 11:53:34  834,391/1,000,000  19.5/s  upd=18224  L=0.0389  D=2.757
[dcg] 11:53:51  834,743/1,000,000  19.5/s  upd=18232  L=0.0493  D=2.757
[dcg] 11:54:07  835,119/1,000,000  19.5/s  upd=18240  L=0.0552  D=2.757
[dcg] 11:54:24  835,449/1,000,000  19.5/s  upd=18248  L=0.0359  D=2.757
[dcg] 11:54:47  835,773/1,000,000  19.5/s  upd=18256  L=0.0588  D=2.757
[dcg] 11:55:02  836,187/1,000,000  19.5/s  upd=18264  L=0.0382  D=2.757
[dcg] 11:55:18  836,560/1,000,000  19.5/s  upd=18272  L=0.0501  D=2.757
[dcg] 11:55:37  836,921/1,000,000  19.5/s  upd=18280  L=0.0455  D=2.757
[dcg] 11:55:53  837,268/1,000,000  19.5/s  upd=18288  L=0.0694  D=2.757
[dcg] 11:56:10  837,606/1,000,000  19.5/s  upd=18296  L=0.0406  D=2.757
[dcg] 11:56:24  837,983/1,000,000  19.5/s  upd=18304  L=0.0441  D=2.757
[dcg] 11:56:39  838,321/1,000,000  19.5/s  upd=18312  L=0.0536  D=2.757
[dcg] 11:56:54  838,627/1,000,000  19.5/s  upd=18320  L=0.0565  D=2.757
[dcg] 11:57:12  838,957/1,000,000  19.5/s  upd=18328  L=0.0309  D=2.757
[dcg] 11:57:31  839,327/1,000,000  19.5/s  upd=18336  L=0.0491  D=2.757
[dcg] 11:57:49  839,677/1,000,000  19.5/s  upd=18344  L=0.0364  D=2.757
[dcg] 11:58:08  840,018/1,000,000  19.5/s  upd=18352  L=0.0371  ev=0/100  D=2.757
[dcg] 11:58:19  840,018/1,000,000  19.5/s  upd=18352  L=0.0371  ev=41/100  D=2.757
[dcg] 11:58:29  840,018/1,000,000  19.5/s  upd=18352  L=0.0371  ev=96/100  D=2.757
[dcg] 11:58:39  840,018/1,000,000  19.5/s  upd=18352  L=0.0371  D=2.353
[dcg] 11:58:56  840,398/1,000,000  19.5/s  upd=18360  L=0.0471  D=2.353
[dcg] 11:59:12  840,756/1,000,000  19.5/s  upd=18368  L=0.0456  D=2.353
[dcg] 11:59:25  841,148/1,000,000  19.5/s  upd=18376  L=0.0483  D=2.353
[dcg] 11:59:40  841,460/1,000,000  19.5/s  upd=18384  L=0.0412  D=2.353
[dcg] 11:59:59  841,840/1,000,000  19.5/s  upd=18392  L=0.0493  D=2.353
[dcg] 12:00:15  842,193/1,000,000  19.5/s  upd=18400  L=0.0333  D=2.353
[dcg] 12:00:31  842,535/1,000,000  19.5/s  upd=18408  L=0.0362  D=2.353
[dcg] 12:00:48  842,911/1,000,000  19.5/s  upd=18416  L=0.0358  D=2.353
[dcg] 12:01:04  843,247/1,000,000  19.5/s  upd=18424  L=0.0424  D=2.353
[dcg] 12:01:21  843,607/1,000,000  19.5/s  upd=18432  L=0.0397  D=2.353
[dcg] 12:01:37  843,973/1,000,000  19.5/s  upd=18440  L=0.0360  D=2.353
[dcg] 12:01:53  844,300/1,000,000  19.5/s  upd=18448  L=0.0342  D=2.353
[dcg] 12:02:12  844,664/1,000,000  19.5/s  upd=18456  L=0.0346  D=2.353
[dcg] 12:02:28  845,054/1,000,000  19.5/s  upd=18464  L=0.0399  D=2.353
[dcg] 12:02:44  845,372/1,000,000  19.5/s  upd=18472  L=0.0422  D=2.353
[dcg] 12:03:02  845,743/1,000,000  19.5/s  upd=18480  L=0.0541  D=2.353
[dcg] 12:03:19  846,120/1,000,000  19.5/s  upd=18488  L=0.0508  D=2.353
[dcg] 12:03:38  846,444/1,000,000  19.5/s  upd=18496  L=0.0323  D=2.353
[dcg] 12:03:55  846,809/1,000,000  19.5/s  upd=18504  L=0.0504  D=2.353
[dcg] 12:04:12  847,132/1,000,000  19.5/s  upd=18512  L=0.0505  D=2.353
[dcg] 12:04:28  847,440/1,000,000  19.5/s  upd=18520  L=0.0407  D=2.353
[dcg] 12:04:42  847,800/1,000,000  19.5/s  upd=18528  L=0.0287  D=2.353
[dcg] 12:05:01  848,146/1,000,000  19.5/s  upd=18536  L=0.0417  D=2.353
[dcg] 12:05:23  848,464/1,000,000  19.5/s  upd=18544  L=0.0458  D=2.353
[dcg] 12:05:38  848,806/1,000,000  19.5/s  upd=18552  L=0.0507  D=2.353
[dcg] 12:05:54  849,126/1,000,000  19.5/s  upd=18560  L=0.0387  D=2.353
[dcg] 12:06:12  849,482/1,000,000  19.5/s  upd=18568  L=0.0340  D=2.353
[dcg] 12:06:27  849,845/1,000,000  19.5/s  upd=18576  L=0.0683  D=2.353
[dcg] 12:06:44  850,230/1,000,000  19.5/s  upd=18584  L=0.0400  D=2.353
[dcg] 12:06:58  850,635/1,000,000  19.5/s  upd=18592  L=0.0490  D=2.353
[dcg] 12:07:15  850,960/1,000,000  19.5/s  upd=18600  L=0.0432  D=2.353
[dcg] 12:07:32  851,280/1,000,000  19.5/s  upd=18608  L=0.0341  D=2.353
[dcg] 12:07:48  851,662/1,000,000  19.5/s  upd=18616  L=0.0539  D=2.353
[dcg] 12:08:04  852,011/1,000,000  19.5/s  upd=18624  L=0.0592  D=2.353
[dcg] 12:08:20  852,367/1,000,000  19.5/s  upd=18632  L=0.0439  D=2.353
[dcg] 12:08:36  852,697/1,000,000  19.5/s  upd=18640  L=0.0563  D=2.353
[dcg] 12:08:56  853,063/1,000,000  19.5/s  upd=18648  L=0.0477  D=2.353
[dcg] 12:09:11  853,386/1,000,000  19.5/s  upd=18656  L=0.0509  D=2.353
[dcg] 12:09:27  853,704/1,000,000  19.5/s  upd=18664  L=0.0422  D=2.353
[dcg] 12:09:41  854,081/1,000,000  19.5/s  upd=18672  L=0.0397  D=2.353
[dcg] 12:09:57  854,403/1,000,000  19.5/s  upd=18680  L=0.0571  D=2.353
[dcg] 12:10:10  854,754/1,000,000  19.5/s  upd=18688  L=0.0473  D=2.353
[dcg] 12:10:30  855,072/1,000,000  19.5/s  upd=18696  L=0.0352  D=2.353
[dcg] 12:10:45  855,400/1,000,000  19.5/s  upd=18704  L=0.0365  D=2.353
[dcg] 12:10:58  855,746/1,000,000  19.5/s  upd=18712  L=0.0514  D=2.353
[dcg] 12:11:16  856,084/1,000,000  19.5/s  upd=18720  L=0.0484  D=2.353
[dcg] 12:11:35  856,446/1,000,000  19.5/s  upd=18728  L=0.0434  D=2.353
[dcg] 12:11:52  856,823/1,000,000  19.5/s  upd=18736  L=0.0413  D=2.353
[dcg] 12:12:06  857,175/1,000,000  19.5/s  upd=18744  L=0.0417  D=2.353
[dcg] 12:12:21  857,536/1,000,000  19.5/s  upd=18752  L=0.0525  D=2.353
[dcg] 12:12:37  857,876/1,000,000  19.5/s  upd=18760  L=0.0421  D=2.353
[dcg] 12:12:52  858,202/1,000,000  19.5/s  upd=18768  L=0.0478  D=2.353
[dcg] 12:13:09  858,538/1,000,000  19.5/s  upd=18776  L=0.0589  D=2.353
[dcg] 12:13:24  858,885/1,000,000  19.5/s  upd=18784  L=0.0437  D=2.353
[dcg] 12:13:40  859,259/1,000,000  19.5/s  upd=18792  L=0.0301  D=2.353
[dcg] 12:14:00  859,641/1,000,000  19.5/s  upd=18800  L=0.0740  D=2.353
[dcg] 12:14:23  860,003/1,000,000  19.5/s  upd=18808  L=0.0435  ev=0/100  D=2.353
[dcg] 12:14:33  860,003/1,000,000  19.5/s  upd=18808  L=0.0435  ev=39/100  D=2.353
[dcg] 12:14:43  860,003/1,000,000  19.5/s  upd=18808  L=0.0435  ev=80/100  D=2.353
[dcg] 12:14:53  860,003/1,000,000  19.5/s  upd=18808  L=0.0435  D=2.516
[dcg] 12:15:12  860,329/1,000,000  19.5/s  upd=18816  L=0.0454  D=2.516
[dcg] 12:15:27  860,671/1,000,000  19.5/s  upd=18824  L=0.0339  D=2.516
[dcg] 12:15:49  860,997/1,000,000  19.5/s  upd=18832  L=0.0539  D=2.516
[dcg] 12:16:03  861,318/1,000,000  19.5/s  upd=18840  L=0.0401  D=2.516
[dcg] 12:16:17  861,623/1,000,000  19.5/s  upd=18848  L=0.0414  D=2.516
[dcg] 12:16:35  861,967/1,000,000  19.5/s  upd=18856  L=0.0547  D=2.516
[dcg] 12:16:50  862,297/1,000,000  19.5/s  upd=18864  L=0.0570  D=2.516
[dcg] 12:17:02  862,622/1,000,000  19.5/s  upd=18872  L=0.0419  D=2.516
[dcg] 12:17:18  863,034/1,000,000  19.5/s  upd=18880  L=0.0492  D=2.516
[dcg] 12:17:31  863,337/1,000,000  19.5/s  upd=18888  L=0.0413  D=2.516
[dcg] 12:17:42  863,665/1,000,000  19.5/s  upd=18896  L=0.0578  D=2.516
[dcg] 12:17:56  863,980/1,000,000  19.5/s  upd=18904  L=0.0401  D=2.516
[dcg] 12:18:13  864,321/1,000,000  19.5/s  upd=18912  L=0.0360  D=2.516
[dcg] 12:18:29  864,674/1,000,000  19.5/s  upd=18920  L=0.0805  D=2.516
[dcg] 12:18:46  865,004/1,000,000  19.5/s  upd=18928  L=0.0643  D=2.516
[dcg] 12:19:03  865,357/1,000,000  19.5/s  upd=18936  L=0.0362  D=2.516
[dcg] 12:19:21  865,744/1,000,000  19.5/s  upd=18944  L=0.0520  D=2.516
[dcg] 12:19:39  866,112/1,000,000  19.5/s  upd=18952  L=0.0482  D=2.516
[dcg] 12:19:55  866,446/1,000,000  19.5/s  upd=18960  L=0.0348  D=2.516
[dcg] 12:20:11  866,751/1,000,000  19.5/s  upd=18968  L=0.0462  D=2.516
[dcg] 12:20:27  867,093/1,000,000  19.5/s  upd=18976  L=0.0461  D=2.516
[dcg] 12:20:43  867,441/1,000,000  19.5/s  upd=18984  L=0.0434  D=2.516
[dcg] 12:21:08  867,803/1,000,000  19.5/s  upd=18992  L=0.0417  D=2.516
[dcg] 12:21:23  868,116/1,000,000  19.5/s  upd=19000  L=0.0332  D=2.516
[dcg] 12:21:38  868,459/1,000,000  19.5/s  upd=19008  L=0.0442  D=2.516
[dcg] 12:21:54  868,765/1,000,000  19.5/s  upd=19016  L=0.0521  D=2.516
[dcg] 12:22:06  869,154/1,000,000  19.5/s  upd=19024  L=0.0368  D=2.516
[dcg] 12:22:20  869,516/1,000,000  19.5/s  upd=19032  L=0.0507  D=2.516
[dcg] 12:22:31  869,845/1,000,000  19.5/s  upd=19040  L=0.0636  D=2.516
[dcg] 12:22:49  870,162/1,000,000  19.5/s  upd=19048  L=0.0393  D=2.516
[dcg] 12:23:02  870,558/1,000,000  19.5/s  upd=19056  L=0.0486  D=2.516
[dcg] 12:23:18  870,904/1,000,000  19.5/s  upd=19064  L=0.0425  D=2.516
[dcg] 12:23:33  871,226/1,000,000  19.5/s  upd=19072  L=0.0536  D=2.516
[dcg] 12:23:47  871,557/1,000,000  19.5/s  upd=19080  L=0.0609  D=2.516
[dcg] 12:24:01  871,881/1,000,000  19.5/s  upd=19088  L=0.0503  D=2.516
[dcg] 12:24:17  872,195/1,000,000  19.5/s  upd=19096  L=0.0475  D=2.516
[dcg] 12:24:34  872,560/1,000,000  19.5/s  upd=19104  L=0.0419  D=2.516
[dcg] 12:24:53  872,859/1,000,000  19.5/s  upd=19112  L=0.0437  D=2.516
[dcg] 12:25:10  873,179/1,000,000  19.5/s  upd=19120  L=0.0786  D=2.516
[dcg] 12:25:26  873,523/1,000,000  19.5/s  upd=19128  L=0.0434  D=2.516
[dcg] 12:25:44  873,858/1,000,000  19.5/s  upd=19136  L=0.0682  D=2.516
[dcg] 12:26:01  874,168/1,000,000  19.5/s  upd=19144  L=0.0440  D=2.516
[dcg] 12:26:22  874,528/1,000,000  19.5/s  upd=19152  L=0.0441  D=2.516
[dcg] 12:26:35  874,899/1,000,000  19.5/s  upd=19160  L=0.0448  D=2.516
[dcg] 12:26:50  875,340/1,000,000  19.5/s  upd=19168  L=0.0465  D=2.516
[dcg] 12:27:06  875,728/1,000,000  19.5/s  upd=19176  L=0.0389  D=2.516
[dcg] 12:27:23  876,076/1,000,000  19.5/s  upd=19184  L=0.0478  D=2.516
[dcg] 12:27:38  876,431/1,000,000  19.5/s  upd=19192  L=0.0526  D=2.516
[dcg] 12:27:53  876,762/1,000,000  19.5/s  upd=19200  L=0.0425  D=2.516
[dcg] 12:28:10  877,098/1,000,000  19.5/s  upd=19208  L=0.0345  D=2.516
[dcg] 12:28:22  877,429/1,000,000  19.5/s  upd=19216  L=0.0510  D=2.516
[dcg] 12:28:40  877,764/1,000,000  19.5/s  upd=19224  L=0.0472  D=2.516
[dcg] 12:28:56  878,090/1,000,000  19.5/s  upd=19232  L=0.0445  D=2.516
[dcg] 12:29:14  878,440/1,000,000  19.5/s  upd=19240  L=0.0554  D=2.516
[dcg] 12:29:31  878,840/1,000,000  19.5/s  upd=19248  L=0.0471  D=2.516
[dcg] 12:29:48  879,225/1,000,000  19.5/s  upd=19256  L=0.0486  D=2.516
[dcg] 12:30:07  879,545/1,000,000  19.5/s  upd=19264  L=0.0377  D=2.516
[dcg] 12:30:26  879,860/1,000,000  19.5/s  upd=19272  L=0.0439  D=2.516
[dcg] 12:30:47  880,184/1,000,000  19.5/s  upd=19280  L=0.0514  ev=0/100  D=2.516
[dcg] 12:30:57  880,184/1,000,000  19.5/s  upd=19280  L=0.0514  ev=32/100  D=2.516
[dcg] 12:31:07  880,184/1,000,000  19.5/s  upd=19280  L=0.0514  ev=76/100  D=2.516
[dcg] 12:31:20  880,184/1,000,000  19.5/s  upd=19280  L=0.0514  D=2.388
[dcg] 12:31:44  880,528/1,000,000  19.5/s  upd=19288  L=0.0650  D=2.388
[dcg] 12:31:58  880,846/1,000,000  19.5/s  upd=19296  L=0.0492  D=2.388
[dcg] 12:32:13  881,190/1,000,000  19.5/s  upd=19304  L=0.0438  D=2.388
[dcg] 12:32:30  881,534/1,000,000  19.5/s  upd=19312  L=0.0372  D=2.388
[dcg] 12:32:46  881,845/1,000,000  19.5/s  upd=19320  L=0.0419  D=2.388
[dcg] 12:33:02  882,158/1,000,000  19.5/s  upd=19328  L=0.0371  D=2.388
[dcg] 12:33:18  882,477/1,000,000  19.5/s  upd=19336  L=0.0496  D=2.388
[dcg] 12:33:29  882,824/1,000,000  19.5/s  upd=19344  L=0.0369  D=2.388
[dcg] 12:33:43  883,155/1,000,000  19.5/s  upd=19352  L=0.0613  D=2.388
[dcg] 12:33:54  883,473/1,000,000  19.5/s  upd=19360  L=0.0375  D=2.388
[dcg] 12:34:07  883,844/1,000,000  19.5/s  upd=19368  L=0.0413  D=2.388
[dcg] 12:34:18  884,222/1,000,000  19.5/s  upd=19376  L=0.0426  D=2.388
[dcg] 12:34:35  884,579/1,000,000  19.5/s  upd=19384  L=0.0527  D=2.388
[dcg] 12:34:52  884,909/1,000,000  19.5/s  upd=19392  L=0.0433  D=2.388
[dcg] 12:35:07  885,297/1,000,000  19.5/s  upd=19400  L=0.0714  D=2.388
[dcg] 12:35:23  885,637/1,000,000  19.5/s  upd=19408  L=0.0452  D=2.388
[dcg] 12:35:39  885,965/1,000,000  19.5/s  upd=19416  L=0.0477  D=2.388
[dcg] 12:35:56  886,382/1,000,000  19.5/s  upd=19424  L=0.0547  D=2.388
[dcg] 12:36:16  886,753/1,000,000  19.5/s  upd=19432  L=0.0385  D=2.388
[dcg] 12:36:33  887,120/1,000,000  19.5/s  upd=19440  L=0.0386  D=2.388
[dcg] 12:36:58  887,449/1,000,000  19.5/s  upd=19448  L=0.0405  D=2.388
[dcg] 12:37:12  887,782/1,000,000  19.5/s  upd=19456  L=0.0417  D=2.388
[dcg] 12:37:28  888,095/1,000,000  19.5/s  upd=19464  L=0.0369  D=2.388
[dcg] 12:37:44  888,433/1,000,000  19.5/s  upd=19472  L=0.0539  D=2.388
[dcg] 12:38:00  888,775/1,000,000  19.5/s  upd=19480  L=0.0404  D=2.388
[dcg] 12:38:18  889,119/1,000,000  19.5/s  upd=19488  L=0.0484  D=2.388
[dcg] 12:38:32  889,442/1,000,000  19.5/s  upd=19496  L=0.0465  D=2.388
[dcg] 12:38:48  889,779/1,000,000  19.5/s  upd=19504  L=0.0459  D=2.388
[dcg] 12:39:02  890,154/1,000,000  19.5/s  upd=19512  L=0.0394  D=2.388
[dcg] 12:39:19  890,476/1,000,000  19.5/s  upd=19520  L=0.0561  D=2.388
[dcg] 12:39:34  890,802/1,000,000  19.5/s  upd=19528  L=0.0506  D=2.388
[dcg] 12:39:50  891,134/1,000,000  19.5/s  upd=19536  L=0.0340  D=2.388
[dcg] 12:40:07  891,423/1,000,000  19.5/s  upd=19544  L=0.0473  D=2.388
[dcg] 12:40:26  891,793/1,000,000  19.5/s  upd=19552  L=0.0573  D=2.388
[dcg] 12:40:42  892,149/1,000,000  19.5/s  upd=19560  L=0.0506  D=2.388
[dcg] 12:41:01  892,514/1,000,000  19.5/s  upd=19568  L=0.0385  D=2.388
[dcg] 12:41:19  892,864/1,000,000  19.5/s  upd=19576  L=0.0463  D=2.388
[dcg] 12:41:33  893,202/1,000,000  19.5/s  upd=19584  L=0.0598  D=2.388
[dcg] 12:41:49  893,582/1,000,000  19.5/s  upd=19592  L=0.0268  D=2.388
[dcg] 12:42:12  893,922/1,000,000  19.5/s  upd=19600  L=0.0471  D=2.388
[dcg] 12:42:24  894,229/1,000,000  19.5/s  upd=19608  L=0.0527  D=2.388
[dcg] 12:42:42  894,578/1,000,000  19.5/s  upd=19616  L=0.0632  D=2.388
[dcg] 12:42:57  894,913/1,000,000  19.5/s  upd=19624  L=0.0447  D=2.388
[dcg] 12:43:13  895,359/1,000,000  19.6/s  upd=19632  L=0.0401  D=2.388
[dcg] 12:43:29  895,675/1,000,000  19.6/s  upd=19640  L=0.0577  D=2.388
[dcg] 12:43:46  896,018/1,000,000  19.6/s  upd=19648  L=0.0356  D=2.388
[dcg] 12:43:59  896,334/1,000,000  19.6/s  upd=19656  L=0.0425  D=2.388
[dcg] 12:44:12  896,663/1,000,000  19.6/s  upd=19664  L=0.0645  D=2.388
[dcg] 12:44:30  897,077/1,000,000  19.6/s  upd=19672  L=0.0382  D=2.388
[dcg] 12:44:46  897,427/1,000,000  19.6/s  upd=19680  L=0.0624  D=2.388
[dcg] 12:45:02  897,764/1,000,000  19.6/s  upd=19688  L=0.0345  D=2.388
[dcg] 12:45:17  898,103/1,000,000  19.6/s  upd=19696  L=0.0335  D=2.388
[dcg] 12:45:32  898,446/1,000,000  19.6/s  upd=19704  L=0.0397  D=2.388
[dcg] 12:45:47  898,813/1,000,000  19.6/s  upd=19712  L=0.0578  D=2.388
[dcg] 12:46:00  899,169/1,000,000  19.6/s  upd=19720  L=0.0396  D=2.388
[dcg] 12:46:14  899,558/1,000,000  19.6/s  upd=19728  L=0.0537  D=2.388
[dcg] 12:46:32  899,883/1,000,000  19.6/s  upd=19736  L=0.0388  D=2.388
[dcg] 12:46:57  900,243/1,000,000  19.6/s  upd=19744  L=0.0387  ev=0/100  D=2.388
[dcg] 12:47:07  900,243/1,000,000  19.6/s  upd=19744  L=0.0387  ev=48/100  D=2.388
[dcg] 12:47:17  900,243/1,000,000  19.6/s  upd=19744  L=0.0387  ev=95/100  D=2.388
[dcg] 12:47:33  900,243/1,000,000  19.5/s  upd=19744  L=0.0387  D=2.259
[dcg] 12:47:45  900,597/1,000,000  19.6/s  upd=19752  L=0.0422  D=2.259
[dcg] 12:47:58  900,936/1,000,000  19.6/s  upd=19760  L=0.0541  D=2.259
[dcg] 12:48:13  901,289/1,000,000  19.6/s  upd=19768  L=0.0568  D=2.259
[dcg] 12:48:30  901,639/1,000,000  19.6/s  upd=19776  L=0.0389  D=2.259
[dcg] 12:48:46  901,971/1,000,000  19.6/s  upd=19784  L=0.0445  D=2.259
[dcg] 12:49:01  902,292/1,000,000  19.6/s  upd=19792  L=0.0493  D=2.259
[dcg] 12:49:17  902,616/1,000,000  19.6/s  upd=19800  L=0.0473  D=2.259
[dcg] 12:49:31  902,983/1,000,000  19.6/s  upd=19808  L=0.0440  D=2.259
[dcg] 12:49:46  903,306/1,000,000  19.6/s  upd=19816  L=0.0366  D=2.259
[dcg] 12:50:02  903,665/1,000,000  19.6/s  upd=19824  L=0.0505  D=2.259
[dcg] 12:50:18  904,090/1,000,000  19.6/s  upd=19832  L=0.0437  D=2.259
[dcg] 12:50:34  904,416/1,000,000  19.6/s  upd=19840  L=0.0348  D=2.259
[dcg] 12:50:49  904,739/1,000,000  19.6/s  upd=19848  L=0.0460  D=2.259
[dcg] 12:51:04  905,072/1,000,000  19.6/s  upd=19856  L=0.0410  D=2.259
[dcg] 12:51:18  905,433/1,000,000  19.6/s  upd=19864  L=0.0480  D=2.259
[dcg] 12:51:33  905,819/1,000,000  19.6/s  upd=19872  L=0.0364  D=2.259
[dcg] 12:51:49  906,204/1,000,000  19.6/s  upd=19880  L=0.0647  D=2.259
[dcg] 12:52:03  906,524/1,000,000  19.6/s  upd=19888  L=0.0659  D=2.259
[dcg] 12:52:22  906,906/1,000,000  19.6/s  upd=19896  L=0.0391  D=2.259
[dcg] 12:52:38  907,238/1,000,000  19.6/s  upd=19904  L=0.0658  D=2.259
[dcg] 12:52:58  907,565/1,000,000  19.6/s  upd=19912  L=0.0388  D=2.259
[dcg] 12:53:13  907,900/1,000,000  19.6/s  upd=19920  L=0.0413  D=2.259
[dcg] 12:53:31  908,247/1,000,000  19.6/s  upd=19928  L=0.0598  D=2.259
[dcg] 12:53:45  908,556/1,000,000  19.6/s  upd=19936  L=0.0388  D=2.259
[dcg] 12:54:00  908,856/1,000,000  19.6/s  upd=19944  L=0.0445  D=2.259
[dcg] 12:54:14  909,196/1,000,000  19.6/s  upd=19952  L=0.0498  D=2.259
[dcg] 12:54:30  909,550/1,000,000  19.6/s  upd=19960  L=0.0458  D=2.259
[dcg] 12:54:43  909,865/1,000,000  19.6/s  upd=19968  L=0.0410  D=2.259
[dcg] 12:55:00  910,173/1,000,000  19.6/s  upd=19976  L=0.0565  D=2.259
[dcg] 12:55:15  910,495/1,000,000  19.6/s  upd=19984  L=0.0431  D=2.259
[dcg] 12:55:31  910,834/1,000,000  19.6/s  upd=19992  L=0.0370  D=2.259
[dcg] 12:55:44  911,138/1,000,000  19.6/s  upd=20000  L=0.0537  D=2.259
[dcg] 12:56:01  911,477/1,000,000  19.6/s  upd=20008  L=0.0395  D=2.259
[dcg] 12:56:17  911,835/1,000,000  19.6/s  upd=20016  L=0.0436  D=2.259
[dcg] 12:56:31  912,210/1,000,000  19.6/s  upd=20024  L=0.0427  D=2.259
[dcg] 12:56:48  912,562/1,000,000  19.6/s  upd=20032  L=0.0410  D=2.259
[dcg] 12:57:02  912,920/1,000,000  19.6/s  upd=20040  L=0.0372  D=2.259
[dcg] 12:57:17  913,220/1,000,000  19.6/s  upd=20048  L=0.0490  D=2.259
[dcg] 12:57:35  913,539/1,000,000  19.6/s  upd=20056  L=0.0425  D=2.259
[dcg] 12:57:51  913,915/1,000,000  19.6/s  upd=20064  L=0.0440  D=2.259
[dcg] 12:58:11  914,287/1,000,000  19.6/s  upd=20072  L=0.0389  D=2.259
[dcg] 12:58:27  914,642/1,000,000  19.6/s  upd=20080  L=0.0517  D=2.259
[dcg] 12:58:40  915,027/1,000,000  19.6/s  upd=20088  L=0.0478  D=2.259
[dcg] 12:58:54  915,357/1,000,000  19.6/s  upd=20096  L=0.0446  D=2.259
[dcg] 12:59:08  915,709/1,000,000  19.6/s  upd=20104  L=0.0414  D=2.259
[dcg] 12:59:19  916,026/1,000,000  19.6/s  upd=20112  L=0.0335  D=2.259
[dcg] 12:59:35  916,387/1,000,000  19.6/s  upd=20120  L=0.0537  D=2.259
[dcg] 12:59:51  916,757/1,000,000  19.6/s  upd=20128  L=0.0359  D=2.259
[dcg] 13:00:02  917,065/1,000,000  19.6/s  upd=20136  L=0.0493  D=2.259
[dcg] 13:00:18  917,438/1,000,000  19.6/s  upd=20144  L=0.0385  D=2.259
[dcg] 13:00:32  917,761/1,000,000  19.6/s  upd=20152  L=0.0351  D=2.259
[dcg] 13:00:47  918,115/1,000,000  19.6/s  upd=20160  L=0.0544  D=2.259
[dcg] 13:01:04  918,453/1,000,000  19.6/s  upd=20168  L=0.0391  D=2.259
[dcg] 13:01:20  918,803/1,000,000  19.6/s  upd=20176  L=0.0471  D=2.259
[dcg] 13:01:35  919,161/1,000,000  19.6/s  upd=20184  L=0.0473  D=2.259
[dcg] 13:01:51  919,501/1,000,000  19.6/s  upd=20192  L=0.0417  D=2.259
[dcg] 13:02:06  919,791/1,000,000  19.6/s  upd=20200  L=0.0472  D=2.259
[dcg] 13:02:28  920,129/1,000,000  19.6/s  upd=20208  L=0.0459  ev=0/100  D=2.259
[dcg] 13:02:38  920,129/1,000,000  19.6/s  upd=20208  L=0.0459  ev=47/100  D=2.259
[dcg] 13:02:48  920,129/1,000,000  19.6/s  upd=20208  L=0.0459  ev=88/100  D=2.259
[dcg] 13:02:58  920,129/1,000,000  19.6/s  upd=20208  L=0.0459  D=2.110
[dcg] 13:03:14  920,486/1,000,000  19.6/s  upd=20216  L=0.0361  D=2.110
[dcg] 13:03:33  920,823/1,000,000  19.6/s  upd=20224  L=0.0417  D=2.110
[dcg] 13:03:47  921,168/1,000,000  19.6/s  upd=20232  L=0.0580  D=2.110
[dcg] 13:04:04  921,510/1,000,000  19.6/s  upd=20240  L=0.0538  D=2.110
[dcg] 13:04:18  921,837/1,000,000  19.6/s  upd=20248  L=0.0552  D=2.110
[dcg] 13:04:35  922,213/1,000,000  19.6/s  upd=20256  L=0.0491  D=2.110
[dcg] 13:04:50  922,529/1,000,000  19.6/s  upd=20264  L=0.0414  D=2.110
[dcg] 13:05:05  922,841/1,000,000  19.6/s  upd=20272  L=0.0425  D=2.110
[dcg] 13:05:19  923,190/1,000,000  19.6/s  upd=20280  L=0.0498  D=2.110
[dcg] 13:05:36  923,507/1,000,000  19.6/s  upd=20288  L=0.0474  D=2.110
[dcg] 13:05:51  923,860/1,000,000  19.6/s  upd=20296  L=0.0512  D=2.110
[dcg] 13:06:06  924,181/1,000,000  19.6/s  upd=20304  L=0.0407  D=2.110
[dcg] 13:06:21  924,529/1,000,000  19.6/s  upd=20312  L=0.0689  D=2.110
[dcg] 13:06:36  924,891/1,000,000  19.6/s  upd=20320  L=0.0331  D=2.110
[dcg] 13:06:50  925,196/1,000,000  19.6/s  upd=20328  L=0.0503  D=2.110
[dcg] 13:07:06  925,571/1,000,000  19.6/s  upd=20336  L=0.0404  D=2.110
[dcg] 13:07:20  925,886/1,000,000  19.6/s  upd=20344  L=0.0458  D=2.110
[dcg] 13:07:36  926,219/1,000,000  19.6/s  upd=20352  L=0.0450  D=2.110
[dcg] 13:07:55  926,530/1,000,000  19.6/s  upd=20360  L=0.0622  D=2.110
[dcg] 13:08:10  926,859/1,000,000  19.6/s  upd=20368  L=0.0524  D=2.110
[dcg] 13:08:24  927,197/1,000,000  19.6/s  upd=20376  L=0.0404  D=2.110
[dcg] 13:08:44  927,535/1,000,000  19.6/s  upd=20384  L=0.0484  D=2.110
[dcg] 13:08:57  927,933/1,000,000  19.6/s  upd=20392  L=0.0358  D=2.110
[dcg] 13:09:12  928,310/1,000,000  19.6/s  upd=20400  L=0.0342  D=2.110
[dcg] 13:09:26  928,685/1,000,000  19.6/s  upd=20408  L=0.0477  D=2.110
[dcg] 13:09:41  929,009/1,000,000  19.6/s  upd=20416  L=0.0474  D=2.110
[dcg] 13:09:58  929,354/1,000,000  19.6/s  upd=20424  L=0.0733  D=2.110
[dcg] 13:10:12  929,680/1,000,000  19.6/s  upd=20432  L=0.0319  D=2.110
[dcg] 13:10:27  930,024/1,000,000  19.6/s  upd=20440  L=0.0586  D=2.110
[dcg] 13:10:38  930,328/1,000,000  19.6/s  upd=20448  L=0.0412  D=2.110
[dcg] 13:10:52  930,632/1,000,000  19.6/s  upd=20456  L=0.0307  D=2.110
[dcg] 13:11:06  930,950/1,000,000  19.6/s  upd=20464  L=0.0490  D=2.110
[dcg] 13:11:19  931,297/1,000,000  19.6/s  upd=20472  L=0.0344  D=2.110
[dcg] 13:11:35  931,649/1,000,000  19.6/s  upd=20480  L=0.0325  D=2.110
[dcg] 13:11:52  931,981/1,000,000  19.6/s  upd=20488  L=0.0458  D=2.110
[dcg] 13:12:09  932,313/1,000,000  19.6/s  upd=20496  L=0.0456  D=2.110
[dcg] 13:12:25  932,635/1,000,000  19.6/s  upd=20504  L=0.0452  D=2.110
[dcg] 13:12:43  933,030/1,000,000  19.6/s  upd=20512  L=0.0426  D=2.110
[dcg] 13:13:02  933,388/1,000,000  19.6/s  upd=20520  L=0.0335  D=2.110
[dcg] 13:13:18  933,742/1,000,000  19.6/s  upd=20528  L=0.0300  D=2.110
[dcg] 13:13:34  934,087/1,000,000  19.6/s  upd=20536  L=0.0428  D=2.110
[dcg] 13:13:53  934,396/1,000,000  19.6/s  upd=20544  L=0.0500  D=2.110
[dcg] 13:14:10  934,825/1,000,000  19.6/s  upd=20552  L=0.0388  D=2.110
[dcg] 13:14:26  935,201/1,000,000  19.6/s  upd=20560  L=0.0351  D=2.110
[dcg] 13:14:43  935,544/1,000,000  19.6/s  upd=20568  L=0.0449  D=2.110
[dcg] 13:15:00  935,961/1,000,000  19.6/s  upd=20576  L=0.0523  D=2.110
[dcg] 13:15:16  936,289/1,000,000  19.6/s  upd=20584  L=0.0497  D=2.110
[dcg] 13:15:34  936,627/1,000,000  19.6/s  upd=20592  L=0.0330  D=2.110
[dcg] 13:15:47  936,980/1,000,000  19.6/s  upd=20600  L=0.0456  D=2.110
[dcg] 13:16:01  937,331/1,000,000  19.6/s  upd=20608  L=0.0706  D=2.110
[dcg] 13:16:17  937,646/1,000,000  19.6/s  upd=20616  L=0.0420  D=2.110
[dcg] 13:16:33  937,967/1,000,000  19.6/s  upd=20624  L=0.0520  D=2.110
[dcg] 13:16:48  938,302/1,000,000  19.6/s  upd=20632  L=0.0370  D=2.110
[dcg] 13:17:04  938,628/1,000,000  19.6/s  upd=20640  L=0.0407  D=2.110
[dcg] 13:17:20  938,957/1,000,000  19.6/s  upd=20648  L=0.0633  D=2.110
[dcg] 13:17:35  939,303/1,000,000  19.6/s  upd=20656  L=0.0400  D=2.110
[dcg] 13:17:52  939,611/1,000,000  19.6/s  upd=20664  L=0.0567  D=2.110
[dcg] 13:18:09  939,928/1,000,000  19.6/s  upd=20672  L=0.0482  D=2.110
[dcg] 13:18:31  940,312/1,000,000  19.6/s  upd=20680  L=0.0444  ev=0/100  D=2.110
[dcg] 13:18:41  940,312/1,000,000  19.6/s  upd=20680  L=0.0444  ev=32/100  D=2.110
[dcg] 13:18:51  940,312/1,000,000  19.6/s  upd=20680  L=0.0444  ev=72/100  D=2.110
[dcg] 13:19:04  940,312/1,000,000  19.6/s  upd=20680  L=0.0444  D=2.977
[dcg] 13:19:27  940,647/1,000,000  19.6/s  upd=20688  L=0.0412  D=2.977
[dcg] 13:19:42  940,947/1,000,000  19.6/s  upd=20696  L=0.0612  D=2.977
[dcg] 13:19:58  941,264/1,000,000  19.6/s  upd=20704  L=0.0452  D=2.977
[dcg] 13:20:13  941,635/1,000,000  19.6/s  upd=20712  L=0.0528  D=2.977
[dcg] 13:20:29  941,942/1,000,000  19.6/s  upd=20720  L=0.0525  D=2.977
[dcg] 13:20:45  942,291/1,000,000  19.6/s  upd=20728  L=0.0545  D=2.977
[dcg] 13:20:59  942,601/1,000,000  19.6/s  upd=20736  L=0.0531  D=2.977
[dcg] 13:21:12  942,926/1,000,000  19.6/s  upd=20744  L=0.0519  D=2.977
[dcg] 13:21:26  943,260/1,000,000  19.6/s  upd=20752  L=0.0591  D=2.977
[dcg] 13:21:42  943,587/1,000,000  19.6/s  upd=20760  L=0.0541  D=2.977
[dcg] 13:21:56  943,936/1,000,000  19.6/s  upd=20768  L=0.0457  D=2.977
[dcg] 13:22:10  944,263/1,000,000  19.6/s  upd=20776  L=0.0552  D=2.977
[dcg] 13:22:26  944,602/1,000,000  19.6/s  upd=20784  L=0.0651  D=2.977
[dcg] 13:22:42  944,896/1,000,000  19.6/s  upd=20792  L=0.0496  D=2.977
[dcg] 13:22:57  945,245/1,000,000  19.6/s  upd=20800  L=0.0484  D=2.977
[dcg] 13:23:13  945,661/1,000,000  19.6/s  upd=20808  L=0.0276  D=2.977
[dcg] 13:23:25  946,002/1,000,000  19.6/s  upd=20816  L=0.0376  D=2.977
[dcg] 13:23:40  946,380/1,000,000  19.6/s  upd=20824  L=0.0374  D=2.977
[dcg] 13:23:58  946,736/1,000,000  19.6/s  upd=20832  L=0.0377  D=2.977
[dcg] 13:24:10  947,072/1,000,000  19.6/s  upd=20840  L=0.0544  D=2.977
[dcg] 13:24:25  947,413/1,000,000  19.6/s  upd=20848  L=0.0482  D=2.977
[dcg] 13:24:35  947,413/1,000,000  19.6/s  upd=20848  L=0.0482  D=2.977
[dcg] 13:24:53  947,771/1,000,000  19.6/s  upd=20856  L=0.0409  D=2.977
[dcg] 13:25:06  948,128/1,000,000  19.6/s  upd=20864  L=0.0410  D=2.977
[dcg] 13:25:18  948,493/1,000,000  19.6/s  upd=20872  L=0.0428  D=2.977
[dcg] 13:25:32  948,814/1,000,000  19.6/s  upd=20880  L=0.0587  D=2.977
[dcg] 13:25:44  949,179/1,000,000  19.6/s  upd=20888  L=0.0540  D=2.977
[dcg] 13:26:02  949,504/1,000,000  19.6/s  upd=20896  L=0.0398  D=2.977
[dcg] 13:26:15  949,827/1,000,000  19.6/s  upd=20904  L=0.0489  D=2.977
[dcg] 13:26:30  950,173/1,000,000  19.6/s  upd=20912  L=0.0405  D=2.977
[dcg] 13:26:42  950,540/1,000,000  19.6/s  upd=20920  L=0.0392  D=2.977
[dcg] 13:26:57  950,876/1,000,000  19.6/s  upd=20928  L=0.0504  D=2.977
[dcg] 13:27:13  951,216/1,000,000  19.6/s  upd=20936  L=0.0378  D=2.977
[dcg] 13:27:28  951,580/1,000,000  19.6/s  upd=20944  L=0.0482  D=2.977
[dcg] 13:27:43  951,925/1,000,000  19.6/s  upd=20952  L=0.0435  D=2.977
[dcg] 13:27:58  952,256/1,000,000  19.6/s  upd=20960  L=0.0349  D=2.977
[dcg] 13:28:12  952,643/1,000,000  19.6/s  upd=20968  L=0.0349  D=2.977
[dcg] 13:28:27  952,988/1,000,000  19.6/s  upd=20976  L=0.0369  D=2.977
[dcg] 13:28:43  953,309/1,000,000  19.6/s  upd=20984  L=0.0471  D=2.977
[dcg] 13:29:01  953,653/1,000,000  19.6/s  upd=20992  L=0.0415  D=2.977
[dcg] 13:29:15  953,974/1,000,000  19.6/s  upd=21000  L=0.0558  D=2.977
[dcg] 13:29:30  954,327/1,000,000  19.6/s  upd=21008  L=0.0619  D=2.977
[dcg] 13:29:45  954,701/1,000,000  19.6/s  upd=21016  L=0.0451  D=2.977
[dcg] 13:30:06  955,035/1,000,000  19.6/s  upd=21024  L=0.0478  D=2.977
[dcg] 13:30:20  955,362/1,000,000  19.6/s  upd=21032  L=0.0491  D=2.977
[dcg] 13:30:36  955,697/1,000,000  19.6/s  upd=21040  L=0.0440  D=2.977
[dcg] 13:30:51  956,031/1,000,000  19.7/s  upd=21048  L=0.0398  D=2.977
[dcg] 13:31:06  956,344/1,000,000  19.7/s  upd=21056  L=0.0471  D=2.977
[dcg] 13:31:21  956,691/1,000,000  19.7/s  upd=21064  L=0.0404  D=2.977
[dcg] 13:31:36  957,020/1,000,000  19.7/s  upd=21072  L=0.0440  D=2.977
[dcg] 13:31:49  957,371/1,000,000  19.7/s  upd=21080  L=0.0666  D=2.977
[dcg] 13:32:04  957,742/1,000,000  19.7/s  upd=21088  L=0.0578  D=2.977
[dcg] 13:32:23  958,080/1,000,000  19.7/s  upd=21096  L=0.0423  D=2.977
[dcg] 13:32:39  958,423/1,000,000  19.7/s  upd=21104  L=0.0385  D=2.977
[dcg] 13:32:54  958,750/1,000,000  19.7/s  upd=21112  L=0.0568  D=2.977
[dcg] 13:33:09  959,098/1,000,000  19.7/s  upd=21120  L=0.0338  D=2.977
[dcg] 13:33:24  959,439/1,000,000  19.7/s  upd=21128  L=0.0473  D=2.977
[dcg] 13:33:39  959,787/1,000,000  19.7/s  upd=21136  L=0.0401  D=2.977
[dcg] 13:33:59  960,119/1,000,000  19.7/s  upd=21144  L=0.0353  ev=0/100  D=2.977
[dcg] 13:34:09  960,119/1,000,000  19.7/s  upd=21144  L=0.0353  ev=39/100  D=2.977
[dcg] 13:34:19  960,119/1,000,000  19.7/s  upd=21144  L=0.0353  ev=79/100  D=2.977
[dcg] 13:34:33  960,119/1,000,000  19.6/s  upd=21144  L=0.0353  D=2.746
[dcg] 13:34:44  960,471/1,000,000  19.6/s  upd=21152  L=0.0421  D=2.746
[dcg] 13:34:58  960,803/1,000,000  19.6/s  upd=21160  L=0.0479  D=2.746
[dcg] 13:35:17  961,112/1,000,000  19.6/s  upd=21168  L=0.0547  D=2.746
[dcg] 13:35:30  961,462/1,000,000  19.6/s  upd=21176  L=0.0476  D=2.746
[dcg] 13:35:45  961,783/1,000,000  19.7/s  upd=21184  L=0.0496  D=2.746
[dcg] 13:36:00  962,122/1,000,000  19.7/s  upd=21192  L=0.0400  D=2.746
[dcg] 13:36:17  962,503/1,000,000  19.7/s  upd=21200  L=0.0628  D=2.746
[dcg] 13:36:33  962,842/1,000,000  19.7/s  upd=21208  L=0.0432  D=2.746
[dcg] 13:36:48  963,175/1,000,000  19.7/s  upd=21216  L=0.0471  D=2.746
[dcg] 13:37:03  963,506/1,000,000  19.7/s  upd=21224  L=0.0453  D=2.746
[dcg] 13:37:15  963,845/1,000,000  19.7/s  upd=21232  L=0.0670  D=2.746
[dcg] 13:37:30  964,245/1,000,000  19.7/s  upd=21240  L=0.0505  D=2.746
[dcg] 13:37:44  964,671/1,000,000  19.7/s  upd=21248  L=0.0647  D=2.746
[dcg] 13:37:58  964,996/1,000,000  19.7/s  upd=21256  L=0.0403  D=2.746
[dcg] 13:38:14  965,356/1,000,000  19.7/s  upd=21264  L=0.0412  D=2.746
[dcg] 13:38:28  965,681/1,000,000  19.7/s  upd=21272  L=0.0421  D=2.746
[dcg] 13:38:44  966,018/1,000,000  19.7/s  upd=21280  L=0.0339  D=2.746
[dcg] 13:39:00  966,346/1,000,000  19.7/s  upd=21288  L=0.0426  D=2.746
[dcg] 13:39:19  966,697/1,000,000  19.7/s  upd=21296  L=0.0461  D=2.746
[dcg] 13:39:34  967,042/1,000,000  19.7/s  upd=21304  L=0.0617  D=2.746
[dcg] 13:39:50  967,391/1,000,000  19.7/s  upd=21312  L=0.0383  D=2.746
[dcg] 13:40:05  967,747/1,000,000  19.7/s  upd=21320  L=0.0346  D=2.746
[dcg] 13:40:18  968,101/1,000,000  19.7/s  upd=21328  L=0.0501  D=2.746
[dcg] 13:40:42  968,439/1,000,000  19.7/s  upd=21336  L=0.0369  D=2.746
[dcg] 13:40:57  968,733/1,000,000  19.7/s  upd=21344  L=0.0479  D=2.746
[dcg] 13:41:14  969,145/1,000,000  19.7/s  upd=21352  L=0.0519  D=2.746
[dcg] 13:41:29  969,551/1,000,000  19.7/s  upd=21360  L=0.0392  D=2.746
[dcg] 13:41:40  969,879/1,000,000  19.7/s  upd=21368  L=0.0444  D=2.746
[dcg] 13:41:52  970,202/1,000,000  19.7/s  upd=21376  L=0.0417  D=2.746
[dcg] 13:42:04  970,571/1,000,000  19.7/s  upd=21384  L=0.0483  D=2.746
[dcg] 13:42:16  970,885/1,000,000  19.7/s  upd=21392  L=0.0338  D=2.746
[dcg] 13:42:28  971,213/1,000,000  19.7/s  upd=21400  L=0.0388  D=2.746
[dcg] 13:42:44  971,515/1,000,000  19.7/s  upd=21408  L=0.0424  D=2.746
[dcg] 13:42:58  971,840/1,000,000  19.7/s  upd=21416  L=0.0504  D=2.746
[dcg] 13:43:15  972,203/1,000,000  19.7/s  upd=21424  L=0.0323  D=2.746
[dcg] 13:43:30  972,565/1,000,000  19.7/s  upd=21432  L=0.0521  D=2.746
[dcg] 13:43:45  972,918/1,000,000  19.7/s  upd=21440  L=0.0638  D=2.746
[dcg] 13:44:02  973,257/1,000,000  19.7/s  upd=21448  L=0.0463  D=2.746
[dcg] 13:44:16  973,582/1,000,000  19.7/s  upd=21456  L=0.0424  D=2.746
[dcg] 13:44:33  973,910/1,000,000  19.7/s  upd=21464  L=0.0378  D=2.746
[dcg] 13:44:49  974,244/1,000,000  19.7/s  upd=21472  L=0.0392  D=2.746
[dcg] 13:45:03  974,560/1,000,000  19.7/s  upd=21480  L=0.0433  D=2.746
[dcg] 13:45:16  974,897/1,000,000  19.7/s  upd=21488  L=0.0729  D=2.746
[dcg] 13:45:29  975,243/1,000,000  19.7/s  upd=21496  L=0.0351  D=2.746
[dcg] 13:45:52  975,607/1,000,000  19.7/s  upd=21504  L=0.0477  D=2.746
[dcg] 13:46:07  975,968/1,000,000  19.7/s  upd=21512  L=0.0344  D=2.746
[dcg] 13:46:22  976,298/1,000,000  19.7/s  upd=21520  L=0.0486  D=2.746
[dcg] 13:46:38  976,643/1,000,000  19.7/s  upd=21528  L=0.0369  D=2.746
[dcg] 13:46:52  977,041/1,000,000  19.7/s  upd=21536  L=0.0539  D=2.746
[dcg] 13:47:04  977,376/1,000,000  19.7/s  upd=21544  L=0.0457  D=2.746
[dcg] 13:47:20  977,768/1,000,000  19.7/s  upd=21552  L=0.0388  D=2.746
[dcg] 13:47:30  978,157/1,000,000  19.7/s  upd=21560  L=0.0530  D=2.746
[dcg] 13:47:42  978,487/1,000,000  19.7/s  upd=21568  L=0.0301  D=2.746
[dcg] 13:47:57  978,828/1,000,000  19.7/s  upd=21576  L=0.0405  D=2.746
[dcg] 13:48:12  979,208/1,000,000  19.7/s  upd=21584  L=0.0420  D=2.746
[dcg] 13:48:25  979,528/1,000,000  19.7/s  upd=21592  L=0.0378  D=2.746
[dcg] 13:48:39  979,863/1,000,000  19.7/s  upd=21600  L=0.0422  D=2.746
[dcg] 13:49:01  980,199/1,000,000  19.7/s  upd=21608  L=0.0411  ev=0/100  D=2.746
[dcg] 13:49:11  980,199/1,000,000  19.7/s  upd=21608  L=0.0411  ev=38/100  D=2.746
[dcg] 13:49:21  980,199/1,000,000  19.7/s  upd=21608  L=0.0411  ev=79/100  D=2.746
[dcg] 13:49:34  980,199/1,000,000  19.7/s  upd=21608  L=0.0411  D=3.396
[dcg] 13:49:52  980,609/1,000,000  19.7/s  upd=21616  L=0.0376  D=3.396
[dcg] 13:50:10  980,976/1,000,000  19.7/s  upd=21624  L=0.0403  D=3.396
[dcg] 13:50:24  981,328/1,000,000  19.7/s  upd=21632  L=0.0411  D=3.396
[dcg] 13:50:41  981,699/1,000,000  19.7/s  upd=21640  L=0.0455  D=3.396
[dcg] 13:51:03  982,059/1,000,000  19.7/s  upd=21648  L=0.0375  D=3.396
[dcg] 13:51:18  982,408/1,000,000  19.7/s  upd=21656  L=0.0341  D=3.396
[dcg] 13:51:33  982,760/1,000,000  19.7/s  upd=21664  L=0.0457  D=3.396
[dcg] 13:51:47  983,067/1,000,000  19.7/s  upd=21672  L=0.0511  D=3.396
[dcg] 13:52:01  983,418/1,000,000  19.7/s  upd=21680  L=0.0386  D=3.396
[dcg] 13:52:16  983,762/1,000,000  19.7/s  upd=21688  L=0.0351  D=3.396
[dcg] 13:52:31  984,089/1,000,000  19.7/s  upd=21696  L=0.0412  D=3.396
[dcg] 13:52:44  984,431/1,000,000  19.7/s  upd=21704  L=0.0726  D=3.396
[dcg] 13:52:59  984,751/1,000,000  19.7/s  upd=21712  L=0.0529  D=3.396
[dcg] 13:53:16  985,111/1,000,000  19.7/s  upd=21720  L=0.0466  D=3.396
[dcg] 13:53:31  985,475/1,000,000  19.7/s  upd=21728  L=0.0389  D=3.396
[dcg] 13:53:45  985,815/1,000,000  19.7/s  upd=21736  L=0.0620  D=3.396
[dcg] 13:54:03  986,149/1,000,000  19.7/s  upd=21744  L=0.0405  D=3.396
[dcg] 13:54:22  986,475/1,000,000  19.7/s  upd=21752  L=0.0523  D=3.396
[dcg] 13:54:35  986,793/1,000,000  19.7/s  upd=21760  L=0.0310  D=3.396
[dcg] 13:54:51  987,203/1,000,000  19.7/s  upd=21768  L=0.0462  D=3.396
[dcg] 13:55:07  987,537/1,000,000  19.7/s  upd=21776  L=0.0261  D=3.396
[dcg] 13:55:22  987,914/1,000,000  19.7/s  upd=21784  L=0.0398  D=3.396
[dcg] 13:55:36  988,261/1,000,000  19.7/s  upd=21792  L=0.0479  D=3.396
[dcg] 13:55:48  988,590/1,000,000  19.7/s  upd=21800  L=0.0371  D=3.396
[dcg] 13:56:12  988,923/1,000,000  19.7/s  upd=21808  L=0.0620  D=3.396
[dcg] 13:56:28  989,266/1,000,000  19.7/s  upd=21816  L=0.0405  D=3.396
[dcg] 13:56:45  989,606/1,000,000  19.7/s  upd=21824  L=0.0400  D=3.396
[dcg] 13:56:59  989,908/1,000,000  19.7/s  upd=21832  L=0.0330  D=3.396
[dcg] 13:57:12  990,243/1,000,000  19.7/s  upd=21840  L=0.0406  D=3.396
[dcg] 13:57:28  990,582/1,000,000  19.7/s  upd=21848  L=0.0414  D=3.396
[dcg] 13:57:43  990,937/1,000,000  19.7/s  upd=21856  L=0.0360  D=3.396
[dcg] 13:57:55  991,269/1,000,000  19.7/s  upd=21864  L=0.0495  D=3.396
[dcg] 13:58:09  991,632/1,000,000  19.7/s  upd=21872  L=0.0442  D=3.396
[dcg] 13:58:21  992,016/1,000,000  19.7/s  upd=21880  L=0.0305  D=3.396
[dcg] 13:58:32  992,360/1,000,000  19.7/s  upd=21888  L=0.0444  D=3.396
[dcg] 13:58:47  992,706/1,000,000  19.7/s  upd=21896  L=0.0376  D=3.396
[dcg] 13:59:00  993,031/1,000,000  19.7/s  upd=21904  L=0.0392  D=3.396
[dcg] 13:59:14  993,370/1,000,000  19.7/s  upd=21912  L=0.0453  D=3.396
[dcg] 13:59:28  993,698/1,000,000  19.7/s  upd=21920  L=0.0466  D=3.396
[dcg] 13:59:46  994,054/1,000,000  19.7/s  upd=21928  L=0.0540  D=3.396
[dcg] 14:00:03  994,448/1,000,000  19.7/s  upd=21936  L=0.0600  D=3.396
[dcg] 14:00:18  994,755/1,000,000  19.7/s  upd=21944  L=0.0382  D=3.396
[dcg] 14:00:32  995,107/1,000,000  19.7/s  upd=21952  L=0.0367  D=3.396
[dcg] 14:00:46  995,443/1,000,000  19.7/s  upd=21960  L=0.0559  D=3.396
[dcg] 14:01:00  995,853/1,000,000  19.7/s  upd=21968  L=0.0387  D=3.396
[dcg] 14:01:23  996,209/1,000,000  19.7/s  upd=21976  L=0.0369  D=3.396
[dcg] 14:01:41  996,559/1,000,000  19.7/s  upd=21984  L=0.0355  D=3.396
[dcg] 14:01:58  996,949/1,000,000  19.7/s  upd=21992  L=0.0686  D=3.396
[dcg] 14:02:13  997,305/1,000,000  19.7/s  upd=22000  L=0.0415  D=3.396
[dcg] 14:02:28  997,670/1,000,000  19.7/s  upd=22008  L=0.0350  D=3.396
[dcg] 14:02:41  998,013/1,000,000  19.7/s  upd=22016  L=0.0391  D=3.396
[dcg] 14:02:57  998,368/1,000,000  19.7/s  upd=22024  L=0.0324  D=3.396
[dcg] 14:03:11  998,726/1,000,000  19.7/s  upd=22032  L=0.0468  D=3.396
[dcg] 14:03:26  999,030/1,000,000  19.7/s  upd=22040  L=0.0419  D=3.396
[dcg] 14:03:42  999,406/1,000,000  19.7/s  upd=22048  L=0.0409  D=3.396
[dcg] 14:03:55  999,735/1,000,000  19.7/s  upd=22056  L=0.0593  D=3.396
[dcg] 14:04:16  1,000,000/1,000,000  19.7/s  upd=22064  L=0.0461  ev=0/100  D=3.396
[dcg] 14:04:26  1,000,000/1,000,000  19.7/s  upd=22064  L=0.0461  ev=48/100  D=3.396
[dcg] 14:04:36  1,000,000/1,000,000  19.7/s  upd=22064  L=0.0461  ev=88/100  D=3.396
[dcg/1] final_eval 25/6900
[dcg/1] final_eval 50/6900
[dcg/1] final_eval 75/6900
[dcg/1] final_eval 100/6900
[dcg/1] final_eval 125/6900
[dcg/1] final_eval 150/6900
[dcg/1] final_eval 175/6900
[dcg/1] final_eval 200/6900
[dcg/1] final_eval 225/6900
[dcg/1] final_eval 250/6900
[dcg/1] final_eval 275/6900
[dcg/1] final_eval 300/6900
[dcg/1] final_eval 325/6900
[dcg/1] final_eval 350/6900
[dcg/1] final_eval 375/6900
[dcg/1] final_eval 400/6900
[dcg/1] final_eval 425/6900
[dcg/1] final_eval 450/6900
[dcg/1] final_eval 475/6900
[dcg/1] final_eval 500/6900
[dcg/1] final_eval 525/6900
[dcg/1] final_eval 550/6900
[dcg/1] final_eval 575/6900
[dcg/1] final_eval 600/6900
[dcg/1] final_eval 625/6900
[dcg/1] final_eval 650/6900
[dcg/1] final_eval 675/6900
[dcg/1] final_eval 700/6900
[dcg/1] final_eval 725/6900
[dcg/1] final_eval 750/6900
[dcg/1] final_eval 775/6900
[dcg/1] final_eval 800/6900
[dcg/1] final_eval 825/6900
[dcg/1] final_eval 850/6900
[dcg/1] final_eval 875/6900
[dcg/1] final_eval 900/6900
[dcg/1] final_eval 925/6900
[dcg/1] final_eval 950/6900
[dcg/1] final_eval 975/6900
[dcg/1] final_eval 1000/6900
[dcg/1] final_eval 1025/6900
[dcg/1] final_eval 1050/6900
[dcg/1] final_eval 1075/6900
[dcg/1] final_eval 1100/6900
[dcg/1] final_eval 1125/6900
[dcg/1] final_eval 1150/6900
[dcg/1] final_eval 1175/6900
[dcg/1] final_eval 1200/6900
[dcg/1] final_eval 1225/6900
[dcg/1] final_eval 1250/6900
[dcg/1] final_eval 1275/6900
[dcg/1] final_eval 1300/6900
[dcg/1] final_eval 1325/6900
[dcg/1] final_eval 1350/6900
[dcg/1] final_eval 1375/6900
[dcg/1] final_eval 1400/6900
[dcg/1] final_eval 1425/6900
[dcg/1] final_eval 1450/6900
[dcg/1] final_eval 1475/6900
[dcg/1] final_eval 1500/6900
[dcg/1] final_eval 1525/6900
[dcg/1] final_eval 1550/6900
[dcg/1] final_eval 1575/6900
[dcg/1] final_eval 1600/6900
[dcg/1] final_eval 1625/6900
[dcg/1] final_eval 1650/6900
[dcg/1] final_eval 1675/6900
[dcg/1] final_eval 1700/6900
[dcg/1] final_eval 1725/6900
[dcg/1] final_eval 1750/6900
[dcg/1] final_eval 1775/6900
[dcg/1] final_eval 1800/6900
[dcg/1] final_eval 1825/6900
[dcg/1] final_eval 1850/6900
[dcg/1] final_eval 1875/6900
[dcg/1] final_eval 1900/6900
[dcg/1] final_eval 1925/6900
[dcg/1] final_eval 1950/6900
[dcg/1] final_eval 1975/6900
[dcg/1] final_eval 2000/6900
[dcg/1] final_eval 2025/6900
[dcg/1] final_eval 2050/6900
[dcg/1] final_eval 2075/6900
[dcg/1] final_eval 2100/6900
[dcg/1] final_eval 2125/6900
[dcg/1] final_eval 2150/6900
[dcg/1] final_eval 2175/6900
[dcg/1] final_eval 2200/6900
[dcg/1] final_eval 2225/6900
[dcg/1] final_eval 2250/6900
[dcg/1] final_eval 2275/6900
[dcg/1] final_eval 2300/6900
[dcg/1] final_eval 2325/6900
[dcg/1] final_eval 2350/6900
[dcg/1] final_eval 2375/6900
[dcg/1] final_eval 2400/6900
[dcg/1] final_eval 2425/6900
[dcg/1] final_eval 2450/6900
[dcg/1] final_eval 2475/6900
[dcg/1] final_eval 2500/6900
[dcg/1] final_eval 2525/6900
[dcg/1] final_eval 2550/6900
[dcg/1] final_eval 2575/6900
[dcg/1] final_eval 2600/6900
[dcg/1] final_eval 2625/6900
[dcg/1] final_eval 2650/6900
[dcg/1] final_eval 2675/6900
[dcg/1] final_eval 2700/6900
[dcg/1] final_eval 2725/6900
[dcg/1] final_eval 2750/6900
[dcg/1] final_eval 2775/6900
[dcg/1] final_eval 2800/6900
[dcg/1] final_eval 2825/6900
[dcg/1] final_eval 2850/6900
[dcg/1] final_eval 2875/6900
[dcg/1] final_eval 2900/6900
[dcg/1] final_eval 2925/6900
[dcg/1] final_eval 2950/6900
[dcg/1] final_eval 2975/6900
[dcg/1] final_eval 3000/6900
[dcg/1] final_eval 3025/6900
[dcg/1] final_eval 3050/6900
[dcg/1] final_eval 3075/6900
[dcg/1] final_eval 3100/6900
[dcg/1] final_eval 3125/6900
[dcg/1] final_eval 3150/6900
[dcg/1] final_eval 3175/6900
[dcg/1] final_eval 3200/6900
[dcg/1] final_eval 3225/6900
[dcg/1] final_eval 3250/6900
[dcg/1] final_eval 3275/6900
[dcg/1] final_eval 3300/6900
[dcg/1] final_eval 3325/6900
[dcg/1] final_eval 3350/6900
[dcg/1] final_eval 3375/6900
[dcg/1] final_eval 3400/6900
[dcg/1] final_eval 3425/6900
[dcg/1] final_eval 3450/6900
[dcg/1] final_eval 3475/6900
[dcg/1] final_eval 3500/6900
[dcg/1] final_eval 3525/6900
[dcg/1] final_eval 3550/6900
[dcg/1] final_eval 3575/6900
[dcg/1] final_eval 3600/6900
[dcg/1] final_eval 3625/6900
[dcg/1] final_eval 3650/6900
[dcg/1] final_eval 3675/6900
[dcg/1] final_eval 3700/6900
[dcg/1] final_eval 3725/6900
[dcg/1] final_eval 3750/6900
[dcg/1] final_eval 3775/6900
[dcg/1] final_eval 3800/6900
[dcg/1] final_eval 3825/6900
[dcg/1] final_eval 3850/6900
[dcg/1] final_eval 3875/6900
[dcg/1] final_eval 3900/6900
[dcg/1] final_eval 3925/6900
[dcg/1] final_eval 3950/6900
[dcg/1] final_eval 3975/6900
[dcg/1] final_eval 4000/6900
[dcg/1] final_eval 4025/6900
[dcg/1] final_eval 4050/6900
[dcg/1] final_eval 4075/6900
[dcg/1] final_eval 4100/6900
[dcg/1] final_eval 4125/6900
[dcg/1] final_eval 4150/6900
[dcg/1] final_eval 4175/6900
[dcg/1] final_eval 4200/6900
[dcg/1] final_eval 4225/6900
[dcg/1] final_eval 4250/6900
[dcg/1] final_eval 4275/6900
[dcg/1] final_eval 4300/6900
[dcg/1] final_eval 4325/6900
[dcg/1] final_eval 4350/6900
[dcg/1] final_eval 4375/6900
[dcg/1] final_eval 4400/6900
[dcg/1] final_eval 4425/6900
[dcg/1] final_eval 4450/6900
[dcg/1] final_eval 4475/6900
[dcg/1] final_eval 4500/6900
[dcg/1] final_eval 4525/6900
[dcg/1] final_eval 4550/6900
[dcg/1] final_eval 4575/6900
[dcg/1] final_eval 4600/6900
[dcg/1] final_eval 4625/6900
[dcg/1] final_eval 4650/6900
[dcg/1] final_eval 4675/6900
[dcg/1] final_eval 4700/6900
[dcg/1] final_eval 4725/6900
[dcg/1] final_eval 4750/6900
[dcg/1] final_eval 4775/6900
[dcg/1] final_eval 4800/6900
[dcg/1] final_eval 4825/6900
[dcg/1] final_eval 4850/6900
[dcg/1] final_eval 4875/6900
[dcg/1] final_eval 4900/6900
[dcg/1] final_eval 4925/6900
[dcg/1] final_eval 4950/6900
[dcg/1] final_eval 4975/6900
[dcg/1] final_eval 5000/6900
[dcg/1] final_eval 5025/6900
[dcg/1] final_eval 5050/6900
[dcg/1] final_eval 5075/6900
[dcg/1] final_eval 5100/6900
[dcg/1] final_eval 5125/6900
[dcg/1] final_eval 5150/6900
[dcg/1] final_eval 5175/6900
[dcg/1] final_eval 5200/6900
[dcg/1] final_eval 5225/6900
[dcg/1] final_eval 5250/6900
[dcg/1] final_eval 5275/6900
[dcg/1] final_eval 5300/6900
[dcg/1] final_eval 5325/6900
[dcg/1] final_eval 5350/6900
[dcg/1] final_eval 5375/6900
[dcg/1] final_eval 5400/6900
[dcg/1] final_eval 5425/6900
[dcg/1] final_eval 5450/6900
[dcg/1] final_eval 5475/6900
[dcg/1] final_eval 5500/6900
[dcg/1] final_eval 5525/6900
[dcg/1] final_eval 5550/6900
[dcg/1] final_eval 5575/6900
[dcg/1] final_eval 5600/6900
[dcg/1] final_eval 5625/6900
[dcg/1] final_eval 5650/6900
[dcg/1] final_eval 5675/6900
[dcg/1] final_eval 5700/6900
[dcg/1] final_eval 5725/6900
[dcg/1] final_eval 5750/6900
[dcg/1] final_eval 5775/6900
[dcg/1] final_eval 5800/6900
[dcg/1] final_eval 5825/6900
[dcg/1] final_eval 5850/6900
[dcg/1] final_eval 5875/6900
[dcg/1] final_eval 5900/6900
[dcg/1] final_eval 5925/6900
[dcg/1] final_eval 5950/6900
[dcg/1] final_eval 5975/6900
[dcg/1] final_eval 6000/6900
[dcg/1] final_eval 6025/6900
[dcg/1] final_eval 6050/6900
[dcg/1] final_eval 6075/6900
[dcg/1] final_eval 6100/6900
[dcg/1] final_eval 6125/6900
[dcg/1] final_eval 6150/6900
[dcg/1] final_eval 6175/6900
[dcg/1] final_eval 6200/6900
[dcg/1] final_eval 6225/6900
[dcg/1] final_eval 6250/6900
[dcg/1] final_eval 6275/6900
[dcg/1] final_eval 6300/6900
[dcg/1] final_eval 6325/6900
[dcg/1] final_eval 6350/6900
[dcg/1] final_eval 6375/6900
[dcg/1] final_eval 6400/6900
[dcg/1] final_eval 6425/6900
[dcg/1] final_eval 6450/6900
[dcg/1] final_eval 6475/6900
[dcg/1] final_eval 6500/6900
[dcg/1] final_eval 6525/6900
[dcg/1] final_eval 6550/6900
[dcg/1] final_eval 6575/6900
[dcg/1] final_eval 6600/6900
[dcg/1] final_eval 6625/6900
[dcg/1] final_eval 6650/6900
[dcg/1] final_eval 6675/6900
[dcg/1] final_eval 6700/6900
[dcg/1] final_eval 6725/6900
[dcg/1] final_eval 6750/6900
[dcg/1] final_eval 6775/6900
[dcg/1] final_eval 6800/6900
[dcg/1] final_eval 6825/6900
[dcg/1] final_eval 6850/6900
[dcg/1] final_eval 6875/6900
[dcg/1] final_eval 6900/6900
