[regir] no resume checkpoint; start this arm from step 0
[regir] 0:00:11  1,518/1,000,000  134.9/s  upd=2  L=0.0612  D=-
[regir] 0:00:22  1,518/1,000,000  67.5/s  upd=5  L=0.0462  D=-
[regir] 0:00:35  1,861/1,000,000  53.1/s  upd=9  L=0.0448  D=-
[regir] 0:00:45  1,861/1,000,000  40.8/s  upd=14  L=0.0435  D=-
[regir] 0:00:56  2,234/1,000,000  39.3/s  upd=17  L=0.0447  D=-
[regir] 0:01:07  2,234/1,000,000  33.2/s  upd=21  L=0.0453  D=-
[regir] 0:01:17  2,234/1,000,000  28.9/s  upd=24  L=0.0446  D=-
[regir] 0:01:27  2,583/1,000,000  29.4/s  upd=27  L=0.0458  D=-
[regir] 0:01:37  2,583/1,000,000  26.4/s  upd=32  L=0.0523  D=-
[regir] 0:01:48  2,989/1,000,000  27.6/s  upd=34  L=0.0507  D=-
[regir] 0:01:59  2,989/1,000,000  25.1/s  upd=40  L=0.0434  D=-
[regir] 0:02:09  3,352/1,000,000  25.8/s  upd=43  L=0.0472  D=-
[regir] 0:02:20  3,352/1,000,000  23.9/s  upd=48  L=0.0562  D=-
[regir] 0:02:31  3,820/1,000,000  25.2/s  upd=50  L=0.0448  D=-
[regir] 0:02:42  3,820/1,000,000  23.5/s  upd=55  L=0.0448  D=-
[regir] 0:02:52  3,820/1,000,000  22.1/s  upd=56  L=0.0429  D=-
[regir] 0:03:03  4,229/1,000,000  23.0/s  upd=60  L=0.0439  D=-
[regir] 0:03:13  4,229/1,000,000  21.8/s  upd=64  L=0.0386  D=-
[regir] 0:03:24  4,588/1,000,000  22.4/s  upd=67  L=0.0437  D=-
[regir] 0:03:35  4,588/1,000,000  21.3/s  upd=72  L=0.0411  D=-
[regir] 0:03:45  4,961/1,000,000  22.0/s  upd=74  L=0.0408  D=-
[regir] 0:03:56  4,961/1,000,000  21.0/s  upd=78  L=0.0444  D=-
[regir] 0:04:06  4,961/1,000,000  20.1/s  upd=80  L=0.0509  D=-
[regir] 0:04:17  5,342/1,000,000  20.7/s  upd=84  L=0.0582  D=-
[regir] 0:04:28  5,342/1,000,000  19.9/s  upd=88  L=0.0542  D=-
[regir] 0:04:41  5,709/1,000,000  20.2/s  upd=91  L=0.0455  D=-
[regir] 0:04:52  5,709/1,000,000  19.5/s  upd=96  L=0.0597  D=-
[regir] 0:05:03  6,147/1,000,000  20.2/s  upd=97  L=0.0452  D=-
[regir] 0:05:14  6,147/1,000,000  19.6/s  upd=101  L=0.0481  D=-
[regir] 0:08:01  6,147/1,000,000  12.8/s  upd=104  L=0.0411  D=-
[regir] 0:08:12  6,478/1,000,000  13.2/s  upd=109  L=0.0399  D=-
[regir] 0:08:22  6,478/1,000,000  12.9/s  upd=112  L=0.0434  D=-
[regir] 0:08:32  6,863/1,000,000  13.4/s  upd=118  L=0.0361  D=-
[regir] 0:08:42  6,863/1,000,000  13.1/s  upd=120  L=0.0405  D=-
[regir] 0:08:54  7,235/1,000,000  13.5/s  upd=126  L=0.0424  D=-
[regir] 0:09:04  7,235/1,000,000  13.3/s  upd=128  L=0.0569  D=-
[regir] 0:09:14  7,602/1,000,000  13.7/s  upd=131  L=0.0526  D=-
[regir] 0:09:24  7,602/1,000,000  13.5/s  upd=136  L=0.0429  D=-
[regir] 0:09:35  7,602/1,000,000  13.2/s  upd=136  L=0.0429  D=-
[regir] 0:09:46  8,006/1,000,000  13.6/s  upd=140  L=0.0392  D=-
[regir] 0:09:58  8,006/1,000,000  13.4/s  upd=143  L=0.0424  D=-
[regir] saved resume t_env=8,006
[regir] 0:10:08  8,375/1,000,000  13.8/s  upd=146  L=0.0428  D=-
[regir] 0:10:20  8,375/1,000,000  13.5/s  upd=152  L=0.0354  D=-
[regir] 0:10:31  8,720/1,000,000  13.8/s  upd=154  L=0.0518  D=-
[regir] 0:10:41  8,720/1,000,000  13.6/s  upd=160  L=0.0522  D=-
[regir] 0:10:51  8,720/1,000,000  13.4/s  upd=160  L=0.0522  D=-
[regir] 0:11:01  9,119/1,000,000  13.8/s  upd=165  L=0.0333  D=-
[regir] 0:11:12  9,119/1,000,000  13.6/s  upd=168  L=0.0436  D=-
[regir] 0:11:22  9,471/1,000,000  13.9/s  upd=171  L=0.0508  D=-
[regir] 0:11:33  9,471/1,000,000  13.7/s  upd=175  L=0.0398  D=-
[regir] 0:11:44  9,833/1,000,000  14.0/s  upd=179  L=0.0338  D=-
[regir] 0:11:54  9,833/1,000,000  13.8/s  upd=184  L=0.0435  D=-
[regir] 0:12:04  10,222/1,000,000  14.1/s  upd=189  L=0.0518  D=-
[regir] 0:12:14  10,222/1,000,000  13.9/s  upd=192  L=0.0593  D=-
[regir] 0:12:25  10,699/1,000,000  14.4/s  upd=194  L=0.0402  D=-
[regir] 0:12:35  10,699/1,000,000  14.2/s  upd=199  L=0.0462  D=-
[regir] 0:12:47  11,082/1,000,000  14.4/s  upd=204  L=0.0538  D=-
[regir] 0:12:58  11,426/1,000,000  14.7/s  upd=209  L=0.0501  D=-
[regir] 0:13:08  11,426/1,000,000  14.5/s  upd=214  L=0.0433  D=-
[regir] 0:14:00  11,426/1,000,000  13.6/s  upd=216  L=0.0369  D=-
[regir] 0:14:12  11,786/1,000,000  13.8/s  upd=219  L=0.0501  D=-
[regir] 0:14:22  11,786/1,000,000  13.7/s  upd=224  L=0.0567  D=-
[regir] 0:14:33  12,123/1,000,000  13.9/s  upd=228  L=0.0390  D=-
[regir] 0:14:43  12,123/1,000,000  13.7/s  upd=232  L=0.0443  D=-
[regir] 0:14:55  12,457/1,000,000  13.9/s  upd=237  L=0.0513  D=-
[regir] 0:15:05  12,457/1,000,000  13.8/s  upd=240  L=0.0518  D=-
[regir] 0:15:18  12,889/1,000,000  14.0/s  upd=244  L=0.0416  D=-
[regir] 0:15:28  12,889/1,000,000  13.9/s  upd=248  L=0.0551  D=-
[regir] 0:15:40  13,222/1,000,000  14.1/s  upd=251  L=0.0445  D=-
[regir] 0:15:51  13,222/1,000,000  13.9/s  upd=256  L=0.0482  D=-
[regir] 0:16:01  13,222/1,000,000  13.8/s  upd=256  L=0.0482  D=-
[regir] 0:16:12  13,643/1,000,000  14.0/s  upd=261  L=0.0313  D=-
[regir] 0:16:22  13,643/1,000,000  13.9/s  upd=264  L=0.0383  D=-
[regir] 0:16:33  14,007/1,000,000  14.1/s  upd=268  L=0.0437  D=-
[regir] 0:16:44  14,007/1,000,000  14.0/s  upd=272  L=0.0465  D=-
[regir] 0:16:54  14,007/1,000,000  13.8/s  upd=272  L=0.0465  D=-
[regir] 0:17:04  14,373/1,000,000  14.0/s  upd=278  L=0.0420  D=-
[regir] 0:17:15  14,373/1,000,000  13.9/s  upd=280  L=0.0436  D=-
[regir] 0:17:25  14,795/1,000,000  14.2/s  upd=284  L=0.0370  D=-
[regir] 0:17:35  15,167/1,000,000  14.4/s  upd=290  L=0.0332  D=-
[regir] 0:17:45  15,167/1,000,000  14.2/s  upd=296  L=0.0450  D=-
[regir] 0:17:55  15,515/1,000,000  14.4/s  upd=301  L=0.0476  D=-
[regir] 0:18:06  15,515/1,000,000  14.3/s  upd=304  L=0.0451  D=-
[regir] 0:18:16  15,916/1,000,000  14.5/s  upd=309  L=0.0503  D=-
[regir] 0:18:26  15,916/1,000,000  14.4/s  upd=312  L=0.0375  D=-
[regir] 0:18:37  16,348/1,000,000  14.6/s  upd=316  L=0.0299  D=-
[regir] 0:18:50  16,348/1,000,000  14.5/s  upd=320  L=0.0449  D=-
[regir] 0:19:00  16,712/1,000,000  14.6/s  upd=325  L=0.0471  D=-
[regir] 0:20:38  16,712/1,000,000  13.5/s  upd=328  L=0.0365  D=-
[regir] saved resume t_env=17,072
[regir] 0:20:48  17,430/1,000,000  14.0/s  upd=338  L=0.0364  D=-
[regir] 0:20:59  17,831/1,000,000  14.2/s  upd=347  L=0.0448  D=-
[regir] 0:21:09  18,223/1,000,000  14.4/s  upd=355  L=0.0337  D=-
[regir] 0:21:21  18,607/1,000,000  14.5/s  upd=365  L=0.0356  D=-
[regir] 0:21:31  18,963/1,000,000  14.7/s  upd=374  L=0.0438  D=-
[regir] 0:21:42  19,401/1,000,000  14.9/s  upd=384  L=0.0486  D=-
[regir] 0:21:52  19,761/1,000,000  15.1/s  upd=392  L=0.0393  D=-
[regir] 0:22:02  20,094/1,000,000  15.2/s  upd=400  L=0.0453  D=-
[regir] saved resume t_env=20,094
[regir] 0:22:16  20,094/1,000,000  15.0/s  upd=400  L=0.0453  ev=0/100  D=-
[regir] 0:22:26  20,094/1,000,000  14.9/s  upd=400  L=0.0453  ev=34/100  D=-
[regir] 0:22:36  20,094/1,000,000  14.8/s  upd=400  L=0.0453  ev=64/100  D=-
[regir] 0:22:46  20,094/1,000,000  14.7/s  upd=400  L=0.0453  ev=99/100  D=-
[regir] 0:24:15  20,094/1,000,000  13.8/s  upd=400  L=0.0453  D=5.181
[regir] 0:24:26  20,432/1,000,000  13.9/s  upd=406  L=0.0355  D=5.181
[regir] 0:24:36  20,838/1,000,000  14.1/s  upd=411  L=0.0444  D=5.181
[regir] 0:24:46  20,838/1,000,000  14.0/s  upd=416  L=0.0456  D=5.181
[regir] 0:24:58  21,195/1,000,000  14.1/s  upd=421  L=0.0472  D=5.181
[regir] 0:25:08  21,195/1,000,000  14.0/s  upd=424  L=0.0531  D=5.181
[regir] 0:25:20  21,556/1,000,000  14.2/s  upd=429  L=0.0357  D=5.181
[regir] 0:25:33  21,944/1,000,000  14.3/s  upd=433  L=0.0343  D=5.181
[regir] 0:25:44  21,944/1,000,000  14.2/s  upd=440  L=0.0426  D=5.181
[regir] 0:27:52  21,944/1,000,000  13.1/s  upd=440  L=0.0426  D=5.181
[regir] 0:28:03  22,364/1,000,000  13.3/s  upd=444  L=0.0360  D=5.181
[regir] 0:28:13  22,364/1,000,000  13.2/s  upd=448  L=0.0442  D=5.181
[regir] 0:28:26  22,755/1,000,000  13.3/s  upd=454  L=0.0339  D=5.181
[regir] 0:28:37  23,107/1,000,000  13.5/s  upd=458  L=0.0451  D=5.181
[regir] 0:28:47  23,107/1,000,000  13.4/s  upd=464  L=0.0433  D=5.181
[regir] 0:28:58  23,454/1,000,000  13.5/s  upd=471  L=0.0572  D=5.181
[regir] 0:29:09  23,827/1,000,000  13.6/s  upd=477  L=0.0347  D=5.181
[regir] 0:29:20  24,195/1,000,000  13.7/s  upd=483  L=0.0485  D=5.181
[regir] 0:29:30  24,195/1,000,000  13.7/s  upd=488  L=0.0499  D=5.181
[regir] 0:29:42  24,551/1,000,000  13.8/s  upd=492  L=0.0444  D=5.181
[regir] 0:29:52  24,551/1,000,000  13.7/s  upd=496  L=0.0450  D=5.181
[regir] 0:30:03  24,894/1,000,000  13.8/s  upd=500  L=0.0357  D=5.181
[regir] 0:30:15  25,232/1,000,000  13.9/s  upd=505  L=0.0466  D=5.181
[regir] 0:30:25  25,232/1,000,000  13.8/s  upd=511  L=0.0321  D=5.181
[regir] 0:30:37  25,622/1,000,000  13.9/s  upd=513  L=0.0330  D=5.181
[regir] 0:30:49  25,622/1,000,000  13.9/s  upd=519  L=0.0518  D=5.181
[regir] 0:30:59  25,622/1,000,000  13.8/s  upd=520  L=0.0469  D=5.181
[regir] 0:31:10  26,041/1,000,000  13.9/s  upd=527  L=0.0353  D=5.181
[regir] 0:31:20  26,041/1,000,000  13.8/s  upd=528  L=0.0407  D=5.181
[regir] 0:31:30  26,481/1,000,000  14.0/s  upd=532  L=0.0392  D=5.181
[regir] 0:31:41  26,481/1,000,000  13.9/s  upd=536  L=0.0414  D=5.181
[regir] 0:31:52  26,836/1,000,000  14.0/s  upd=539  L=0.0337  D=5.181
[regir] 0:32:02  26,836/1,000,000  14.0/s  upd=544  L=0.0579  D=5.181
[regir] 0:32:13  27,237/1,000,000  14.1/s  upd=548  L=0.0406  D=5.181
[regir] saved resume t_env=27,237
[regir] 0:32:23  27,237/1,000,000  14.0/s  upd=552  L=0.0348  D=5.181
[regir] 0:32:33  27,237/1,000,000  13.9/s  upd=552  L=0.0348  D=5.181
[regir] 0:32:45  27,628/1,000,000  14.1/s  upd=557  L=0.0338  D=5.181
[regir] 0:32:55  27,628/1,000,000  14.0/s  upd=560  L=0.0558  D=5.181
[regir] 0:33:06  27,984/1,000,000  14.1/s  upd=564  L=0.0452  D=5.181
[regir] 0:33:36  27,984/1,000,000  13.9/s  upd=568  L=0.0406  D=5.181
[regir] 0:33:46  27,984/1,000,000  13.8/s  upd=568  L=0.0406  D=5.181
[regir] 0:33:58  28,468/1,000,000  14.0/s  upd=574  L=0.0390  D=5.181
[regir] 0:34:08  28,468/1,000,000  13.9/s  upd=576  L=0.0385  D=5.181
[regir] 0:34:18  28,931/1,000,000  14.1/s  upd=578  L=0.0410  D=5.181
[regir] 0:34:28  28,931/1,000,000  14.0/s  upd=584  L=0.0444  D=5.181
[regir] 0:34:39  29,325/1,000,000  14.1/s  upd=588  L=0.0426  D=5.181
[regir] 0:34:49  29,688/1,000,000  14.2/s  upd=594  L=0.0451  D=5.181
[regir] 0:34:59  29,688/1,000,000  14.1/s  upd=600  L=0.0431  D=5.181
[regir] 0:35:11  30,100/1,000,000  14.3/s  upd=607  L=0.0416  D=5.181
[regir] 0:35:22  30,440/1,000,000  14.3/s  upd=611  L=0.0548  D=5.181
[regir] 0:35:32  30,440/1,000,000  14.3/s  upd=616  L=0.0512  D=5.181
[regir] 0:35:43  30,788/1,000,000  14.4/s  upd=621  L=0.0329  D=5.181
[regir] 0:35:53  30,788/1,000,000  14.3/s  upd=624  L=0.0609  D=5.181
[regir] 0:36:05  31,153/1,000,000  14.4/s  upd=630  L=0.0432  D=5.181
[regir] 0:36:17  31,584/1,000,000  14.5/s  upd=634  L=0.0389  D=5.181
[regir] 0:36:28  31,584/1,000,000  14.4/s  upd=640  L=0.0270  D=5.181
[regir] 0:36:41  31,976/1,000,000  14.5/s  upd=645  L=0.0471  D=5.181
[regir] 0:36:51  31,976/1,000,000  14.5/s  upd=648  L=0.0491  D=5.181
[regir] 0:37:03  32,372/1,000,000  14.6/s  upd=650  L=0.0408  D=5.181
[regir] 0:37:14  32,372/1,000,000  14.5/s  upd=656  L=0.0415  D=5.181
[regir] 0:37:25  32,726/1,000,000  14.6/s  upd=657  L=0.0339  D=5.181
[regir] 0:37:36  32,726/1,000,000  14.5/s  upd=663  L=0.0356  D=5.181
[regir] 0:37:47  32,726/1,000,000  14.4/s  upd=664  L=0.0487  D=5.181
[regir] 0:37:57  33,114/1,000,000  14.5/s  upd=667  L=0.0457  D=5.181
[regir] 0:38:07  33,114/1,000,000  14.5/s  upd=672  L=0.0365  D=5.181
[regir] 0:38:17  33,478/1,000,000  14.6/s  upd=678  L=0.0455  D=5.181
[regir] 0:38:29  33,813/1,000,000  14.6/s  upd=681  L=0.0336  D=5.181
[regir] 0:38:40  33,813/1,000,000  14.6/s  upd=688  L=0.0437  D=5.181
[regir] 0:39:12  33,813/1,000,000  14.4/s  upd=688  L=0.0437  D=5.181
[regir] 0:39:22  34,146/1,000,000  14.5/s  upd=691  L=0.0331  D=5.181
[regir] 0:39:32  34,146/1,000,000  14.4/s  upd=696  L=0.0504  D=5.181
[regir] 0:39:43  34,511/1,000,000  14.5/s  upd=700  L=0.0444  D=5.181
[regir] 0:39:53  34,511/1,000,000  14.4/s  upd=704  L=0.0541  D=5.181
[regir] 0:40:04  34,894/1,000,000  14.5/s  upd=709  L=0.0460  D=5.181
[regir] 0:40:16  35,260/1,000,000  14.6/s  upd=715  L=0.0350  D=5.181
[regir] 0:40:26  35,260/1,000,000  14.5/s  upd=720  L=0.0436  D=5.181
[regir] 0:40:37  35,619/1,000,000  14.6/s  upd=726  L=0.0400  D=5.181
[regir] 0:40:48  35,998/1,000,000  14.7/s  upd=731  L=0.0394  D=5.181
[regir] 0:40:59  36,340/1,000,000  14.8/s  upd=737  L=0.0550  D=5.181
[regir] 0:41:10  36,340/1,000,000  14.7/s  upd=744  L=0.0285  D=5.181
[regir] 0:41:20  36,750/1,000,000  14.8/s  upd=747  L=0.0483  D=5.181
[regir] 0:41:32  37,134/1,000,000  14.9/s  upd=753  L=0.0317  D=5.181
[regir] 0:41:42  37,134/1,000,000  14.8/s  upd=760  L=0.0425  D=5.181
[regir] 0:41:53  37,518/1,000,000  14.9/s  upd=767  L=0.0529  D=5.181
[regir] 0:42:03  37,874/1,000,000  15.0/s  upd=773  L=0.0399  D=5.181
[regir] 0:42:14  38,264/1,000,000  15.1/s  upd=777  L=0.0546  D=5.181
[regir] 0:42:25  38,264/1,000,000  15.0/s  upd=783  L=0.0397  D=5.181
[regir] saved resume t_env=38,264
[regir] 0:42:37  38,647/1,000,000  15.1/s  upd=788  L=0.0457  D=5.181
[regir] 0:42:47  38,647/1,000,000  15.1/s  upd=792  L=0.0432  D=5.181
[regir] 0:42:57  39,112/1,000,000  15.2/s  upd=795  L=0.0331  D=5.181
[regir] 0:43:08  39,467/1,000,000  15.2/s  upd=801  L=0.0410  D=5.181
[regir] 0:43:19  39,467/1,000,000  15.2/s  upd=805  L=0.0245  D=5.181
[regir] 0:43:30  39,809/1,000,000  15.2/s  upd=811  L=0.0322  D=5.181
[regir] 0:43:41  39,809/1,000,000  15.2/s  upd=816  L=0.0469  D=5.181
[regir] 0:43:52  40,178/1,000,000  15.3/s  upd=820  L=0.0429  D=5.181
[regir] saved resume t_env=40,178
[regir] 0:44:12  40,178/1,000,000  15.1/s  upd=824  L=0.0390  ev=0/100  D=5.181
[regir] 0:44:22  40,178/1,000,000  15.1/s  upd=824  L=0.0390  ev=6/100  D=5.181
[regir] 0:44:32  40,178/1,000,000  15.0/s  upd=824  L=0.0390  ev=14/100  D=5.181
[regir] 0:44:42  40,178/1,000,000  15.0/s  upd=824  L=0.0390  ev=16/100  D=5.181
[regir] 0:44:52  40,178/1,000,000  14.9/s  upd=824  L=0.0390  ev=30/100  D=5.181
[regir] 0:45:02  40,178/1,000,000  14.9/s  upd=824  L=0.0390  ev=32/100  D=5.181
[regir] 0:45:12  40,178/1,000,000  14.8/s  upd=824  L=0.0390  ev=40/100  D=5.181
[regir] 0:45:23  40,178/1,000,000  14.8/s  upd=824  L=0.0390  ev=48/100  D=5.181
[regir] 0:45:33  40,178/1,000,000  14.7/s  upd=824  L=0.0390  ev=56/100  D=5.181
[regir] 0:45:43  40,178/1,000,000  14.6/s  upd=824  L=0.0390  ev=63/100  D=5.181
[regir] 0:45:53  40,178/1,000,000  14.6/s  upd=824  L=0.0390  ev=72/100  D=5.181
[regir] 0:46:03  40,178/1,000,000  14.5/s  upd=824  L=0.0390  ev=78/100  D=5.181
[regir] 0:46:14  40,178/1,000,000  14.5/s  upd=824  L=0.0390  ev=88/100  D=5.181
[regir] 0:46:51  40,178/1,000,000  14.3/s  upd=824  L=0.0390  D=5.009
[regir] 0:47:16  40,178/1,000,000  14.2/s  upd=824  L=0.0390  D=5.009
[regir] 0:47:28  40,564/1,000,000  14.2/s  upd=828  L=0.0408  D=5.009
[regir] 0:47:38  40,564/1,000,000  14.2/s  upd=832  L=0.0372  D=5.009
[regir] 0:47:48  40,984/1,000,000  14.3/s  upd=838  L=0.0437  D=5.009
[regir] 0:47:58  41,328/1,000,000  14.4/s  upd=841  L=0.0577  D=5.009
[regir] 0:48:09  41,328/1,000,000  14.3/s  upd=846  L=0.0509  D=5.009
[regir] 0:48:20  41,712/1,000,000  14.4/s  upd=850  L=0.0343  D=5.009
[regir] 0:48:31  41,712/1,000,000  14.3/s  upd=855  L=0.0594  D=5.009
[regir] 0:48:41  42,032/1,000,000  14.4/s  upd=857  L=0.0504  D=5.009
[regir] 0:48:51  42,032/1,000,000  14.3/s  upd=863  L=0.0374  D=5.009
[regir] 0:49:02  42,390/1,000,000  14.4/s  upd=866  L=0.0360  D=5.009
[regir] 0:49:12  42,390/1,000,000  14.4/s  upd=872  L=0.0343  D=5.009
[regir] 0:49:22  42,768/1,000,000  14.4/s  upd=874  L=0.0365  D=5.009
[regir] 0:49:32  42,768/1,000,000  14.4/s  upd=880  L=0.0513  D=5.009
[regir] 0:49:44  43,111/1,000,000  14.4/s  upd=887  L=0.0427  D=5.009
[regir] 0:49:54  43,430/1,000,000  14.5/s  upd=894  L=0.0604  D=5.009
[regir] 0:50:06  43,837/1,000,000  14.6/s  upd=898  L=0.0512  D=5.009
[regir] 0:50:18  43,837/1,000,000  14.5/s  upd=904  L=0.0493  D=5.009
[regir] 0:50:31  44,211/1,000,000  14.6/s  upd=907  L=0.0490  D=5.009
[regir] 0:50:41  44,211/1,000,000  14.5/s  upd=912  L=0.0409  D=5.009
[regir] 0:50:51  44,583/1,000,000  14.6/s  upd=915  L=0.0360  D=5.009
[regir] 0:51:01  44,583/1,000,000  14.6/s  upd=920  L=0.0505  D=5.009
[regir] 0:51:11  44,949/1,000,000  14.6/s  upd=924  L=0.0409  D=5.009
[regir] 0:51:22  44,949/1,000,000  14.6/s  upd=928  L=0.0483  D=5.009
[regir] 0:51:33  45,336/1,000,000  14.7/s  upd=930  L=0.0438  D=5.009
[regir] 0:51:44  45,336/1,000,000  14.6/s  upd=935  L=0.0521  D=5.009
[regir] 0:51:55  45,727/1,000,000  14.7/s  upd=937  L=0.0483  D=5.009
[regir] 0:52:05  45,727/1,000,000  14.6/s  upd=944  L=0.0454  D=5.009
[regir] 0:52:15  46,068/1,000,000  14.7/s  upd=949  L=0.0450  D=5.009
[regir] 0:53:50  46,068/1,000,000  14.3/s  upd=952  L=0.0302  D=5.009
[regir] 0:54:01  46,476/1,000,000  14.3/s  upd=954  L=0.0437  D=5.009
[regir] saved resume t_env=46,476
[regir] 0:54:12  46,476/1,000,000  14.3/s  upd=960  L=0.0434  D=5.009
[regir] 0:54:22  46,858/1,000,000  14.4/s  upd=964  L=0.0480  D=5.009
[regir] 0:54:32  46,858/1,000,000  14.3/s  upd=968  L=0.0443  D=5.009
[regir] 0:54:42  47,237/1,000,000  14.4/s  upd=971  L=0.0346  D=5.009
[regir] 0:54:52  47,237/1,000,000  14.3/s  upd=976  L=0.0562  D=5.009
[regir] 0:55:05  47,602/1,000,000  14.4/s  upd=977  L=0.0491  D=5.009
[regir] 0:55:16  47,602/1,000,000  14.4/s  upd=984  L=0.0488  D=5.009
[regir] 0:55:27  47,963/1,000,000  14.4/s  upd=987  L=0.0362  D=5.009
[regir] 0:55:38  47,963/1,000,000  14.4/s  upd=992  L=0.0395  D=5.009
[regir] 0:55:49  48,324/1,000,000  14.4/s  upd=994  L=0.0414  D=5.009
[regir] 0:55:59  48,324/1,000,000  14.4/s  upd=1000  L=0.0413  D=5.009
[regir] 0:56:09  48,717/1,000,000  14.5/s  upd=1004  L=0.0468  D=5.009
[regir] 0:56:19  48,717/1,000,000  14.4/s  upd=1008  L=0.0363  D=5.009
[regir] 0:56:30  49,069/1,000,000  14.5/s  upd=1012  L=0.0419  D=5.009
[regir] 0:56:40  49,069/1,000,000  14.4/s  upd=1016  L=0.0436  D=5.009
[regir] 0:56:51  49,406/1,000,000  14.5/s  upd=1021  L=0.0412  D=5.009
[regir] 0:57:01  49,406/1,000,000  14.4/s  upd=1024  L=0.0352  D=5.009
[regir] 0:57:12  49,762/1,000,000  14.5/s  upd=1028  L=0.0528  D=5.009
[regir] 0:57:23  50,155/1,000,000  14.6/s  upd=1034  L=0.0422  D=5.009
[regir] 0:57:33  50,155/1,000,000  14.5/s  upd=1040  L=0.0478  D=5.009
[regir] 0:57:45  50,577/1,000,000  14.6/s  upd=1043  L=0.0389  D=5.009
[regir] 0:57:55  50,577/1,000,000  14.6/s  upd=1048  L=0.0595  D=5.009
[regir] 0:58:07  50,930/1,000,000  14.6/s  upd=1050  L=0.0484  D=5.009
[regir] 0:58:18  50,930/1,000,000  14.6/s  upd=1056  L=0.0529  D=5.009
[regir] 0:58:29  51,338/1,000,000  14.6/s  upd=1062  L=0.0649  D=5.009
[regir] 0:58:40  51,752/1,000,000  14.7/s  upd=1069  L=0.0379  D=5.009
[regir] 0:58:50  51,752/1,000,000  14.7/s  upd=1072  L=0.0384  D=5.009
[regir] 0:59:01  52,097/1,000,000  14.7/s  upd=1078  L=0.0448  D=5.009
[regir] 0:59:30  52,097/1,000,000  14.6/s  upd=1080  L=0.0521  D=5.009
[regir] 0:59:43  52,400/1,000,000  14.6/s  upd=1084  L=0.0425  D=5.009
[regir] 0:59:53  52,400/1,000,000  14.6/s  upd=1088  L=0.0334  D=5.009
[regir] 1:00:04  52,759/1,000,000  14.6/s  upd=1095  L=0.0399  D=5.009
[regir] 1:00:15  53,078/1,000,000  14.7/s  upd=1101  L=0.0403  D=5.009
[regir] 1:00:25  53,078/1,000,000  14.6/s  upd=1104  L=0.0396  D=5.009
[regir] 1:00:38  53,450/1,000,000  14.7/s  upd=1109  L=0.0315  D=5.009
[regir] 1:00:50  53,812/1,000,000  14.7/s  upd=1115  L=0.0416  D=5.009
[regir] 1:01:01  53,812/1,000,000  14.7/s  upd=1120  L=0.0302  D=5.009
[regir] 1:01:11  54,164/1,000,000  14.8/s  upd=1123  L=0.0370  D=5.009
[regir] 1:01:22  54,164/1,000,000  14.7/s  upd=1128  L=0.0362  D=5.009
[regir] 1:01:32  54,505/1,000,000  14.8/s  upd=1131  L=0.0293  D=5.009
[regir] 1:01:42  54,505/1,000,000  14.7/s  upd=1136  L=0.0496  D=5.009
[regir] 1:01:53  54,505/1,000,000  14.7/s  upd=1136  L=0.0496  D=5.009
[regir] 1:02:03  54,884/1,000,000  14.7/s  upd=1140  L=0.0468  D=5.009
[regir] 1:02:14  55,177/1,000,000  14.8/s  upd=1145  L=0.0596  D=5.009
[regir] 1:02:25  55,177/1,000,000  14.7/s  upd=1150  L=0.0427  D=5.009
[regir] 1:02:36  55,522/1,000,000  14.8/s  upd=1153  L=0.0442  D=5.009
[regir] 1:02:47  55,522/1,000,000  14.7/s  upd=1159  L=0.0429  D=5.009
[regir] 1:02:57  55,972/1,000,000  14.8/s  upd=1162  L=0.0379  D=5.009
[regir] 1:03:08  55,972/1,000,000  14.8/s  upd=1168  L=0.0360  D=5.009
[regir] 1:03:18  56,322/1,000,000  14.8/s  upd=1173  L=0.0473  D=5.009
[regir] 1:03:29  56,322/1,000,000  14.8/s  upd=1176  L=0.0535  D=5.009
[regir] 1:03:40  56,684/1,000,000  14.8/s  upd=1179  L=0.0381  D=5.009
[regir] 1:03:50  56,684/1,000,000  14.8/s  upd=1184  L=0.0416  D=5.009
[regir] 1:04:03  57,042/1,000,000  14.8/s  upd=1189  L=0.0672  D=5.009
[regir] 1:04:15  57,437/1,000,000  14.9/s  upd=1194  L=0.0418  D=5.009
[regir] 1:04:25  57,437/1,000,000  14.9/s  upd=1200  L=0.0427  D=5.009
[regir] saved resume t_env=57,437
[regir] 1:04:36  57,810/1,000,000  14.9/s  upd=1202  L=0.0324  D=5.009
[regir] 1:05:11  57,810/1,000,000  14.8/s  upd=1208  L=0.0463  D=5.009
[regir] 1:05:21  58,209/1,000,000  14.8/s  upd=1210  L=0.0355  D=5.009
[regir] 1:05:32  58,209/1,000,000  14.8/s  upd=1214  L=0.0447  D=5.009
[regir] 1:05:44  58,589/1,000,000  14.9/s  upd=1217  L=0.0476  D=5.009
[regir] 1:05:54  58,589/1,000,000  14.8/s  upd=1223  L=0.0327  D=5.009
[regir] 1:06:06  59,006/1,000,000  14.9/s  upd=1228  L=0.0376  D=5.009
[regir] 1:06:16  59,339/1,000,000  14.9/s  upd=1233  L=0.0444  D=5.009
[regir] 1:06:27  59,339/1,000,000  14.9/s  upd=1239  L=0.0343  D=5.009
[regir] 1:06:39  59,771/1,000,000  14.9/s  upd=1241  L=0.0447  D=5.009
[regir] 1:06:49  59,771/1,000,000  14.9/s  upd=1248  L=0.0419  D=5.009
[regir] 1:06:59  60,215/1,000,000  15.0/s  upd=1251  L=0.0315  D=5.009
[regir] saved resume t_env=60,215
[regir] 1:07:22  60,215/1,000,000  14.9/s  upd=1256  L=0.0494  ev=0/100  D=5.009
[regir] 1:07:32  60,215/1,000,000  14.9/s  upd=1256  L=0.0494  ev=16/100  D=5.009
[regir] 1:07:42  60,215/1,000,000  14.8/s  upd=1256  L=0.0494  ev=30/100  D=5.009
[regir] 1:07:53  60,215/1,000,000  14.8/s  upd=1256  L=0.0494  ev=38/100  D=5.009
[regir] 1:08:03  60,215/1,000,000  14.7/s  upd=1256  L=0.0494  ev=40/100  D=5.009
[regir] 1:08:13  60,215/1,000,000  14.7/s  upd=1256  L=0.0494  ev=53/100  D=5.009
[regir] 1:08:23  60,215/1,000,000  14.7/s  upd=1256  L=0.0494  ev=62/100  D=5.009
[regir] 1:08:33  60,215/1,000,000  14.6/s  upd=1256  L=0.0494  ev=72/100  D=5.009
[regir] 1:08:43  60,215/1,000,000  14.6/s  upd=1256  L=0.0494  ev=81/100  D=5.009
[regir] 1:08:53  60,215/1,000,000  14.6/s  upd=1256  L=0.0494  ev=97/100  D=5.009
[regir] 1:10:07  60,215/1,000,000  14.3/s  upd=1256  L=0.0494  D=4.825
[regir] 1:10:18  60,581/1,000,000  14.4/s  upd=1259  L=0.0432  D=4.825
[regir] 1:12:35  60,581/1,000,000  13.9/s  upd=1264  L=0.0444  D=4.825
[regir] 1:12:46  60,912/1,000,000  13.9/s  upd=1271  L=0.0390  D=4.825
[regir] 1:12:57  61,336/1,000,000  14.0/s  upd=1277  L=0.0524  D=4.825
[regir] 1:13:07  61,724/1,000,000  14.1/s  upd=1283  L=0.0490  D=4.825
[regir] 1:13:18  61,724/1,000,000  14.0/s  upd=1288  L=0.0334  D=4.825
[regir] 1:13:28  62,097/1,000,000  14.1/s  upd=1295  L=0.0478  D=4.825
[regir] 1:13:38  62,097/1,000,000  14.1/s  upd=1296  L=0.0473  D=4.825
[regir] 1:13:49  62,536/1,000,000  14.1/s  upd=1302  L=0.0357  D=4.825
[regir] 1:13:59  62,925/1,000,000  14.2/s  upd=1306  L=0.0433  D=4.825
[regir] 1:14:10  62,925/1,000,000  14.1/s  upd=1312  L=0.0507  D=4.825
[regir] 1:14:20  63,337/1,000,000  14.2/s  upd=1320  L=0.0287  D=4.825
[regir] 1:14:32  63,695/1,000,000  14.2/s  upd=1326  L=0.0511  D=4.825
[regir] 1:14:44  64,092/1,000,000  14.3/s  upd=1333  L=0.0413  D=4.825
[regir] 1:14:54  64,092/1,000,000  14.3/s  upd=1336  L=0.0440  D=4.825
[regir] 1:15:04  64,419/1,000,000  14.3/s  upd=1341  L=0.0536  D=4.825
[regir] 1:15:15  64,756/1,000,000  14.3/s  upd=1345  L=0.0392  D=4.825
[regir] 1:15:26  64,756/1,000,000  14.3/s  upd=1351  L=0.0278  D=4.825
[regir] 1:15:36  65,157/1,000,000  14.4/s  upd=1354  L=0.0396  D=4.825
[regir] 1:15:47  65,157/1,000,000  14.3/s  upd=1359  L=0.0580  D=4.825
[regir] 1:15:57  65,495/1,000,000  14.4/s  upd=1364  L=0.0498  D=4.825
[regir] 1:16:07  65,495/1,000,000  14.3/s  upd=1368  L=0.0354  D=4.825
[regir] 1:16:19  65,898/1,000,000  14.4/s  upd=1371  L=0.0327  D=4.825
[regir] 1:16:29  65,898/1,000,000  14.4/s  upd=1376  L=0.0434  D=4.825
[regir] 1:16:40  66,268/1,000,000  14.4/s  upd=1379  L=0.0389  D=4.825
[regir] 1:16:50  66,268/1,000,000  14.4/s  upd=1384  L=0.0493  D=4.825
[regir] 1:17:01  66,642/1,000,000  14.4/s  upd=1390  L=0.0361  D=4.825
[regir] 1:17:13  67,012/1,000,000  14.5/s  upd=1396  L=0.0422  D=4.825
[regir] saved resume t_env=67,012
[regir] 1:17:23  67,478/1,000,000  14.5/s  upd=1401  L=0.0410  D=4.825
[regir] 1:17:35  67,478/1,000,000  14.5/s  upd=1406  L=0.0411  D=4.825
[regir] 1:18:14  67,478/1,000,000  14.4/s  upd=1408  L=0.0495  D=4.825
[regir] 1:18:27  67,817/1,000,000  14.4/s  upd=1411  L=0.0345  D=4.825
[regir] 1:18:37  67,817/1,000,000  14.4/s  upd=1414  L=0.0399  D=4.825
[regir] 1:18:49  68,196/1,000,000  14.4/s  upd=1420  L=0.0474  D=4.825
[regir] 1:18:59  68,196/1,000,000  14.4/s  upd=1424  L=0.0507  D=4.825
[regir] 1:19:11  68,563/1,000,000  14.4/s  upd=1428  L=0.0469  D=4.825
[regir] 1:19:21  68,563/1,000,000  14.4/s  upd=1432  L=0.0586  D=4.825
[regir] 1:19:32  69,079/1,000,000  14.5/s  upd=1433  L=0.0393  D=4.825
[regir] 1:19:42  69,079/1,000,000  14.4/s  upd=1440  L=0.0484  D=4.825
[regir] 1:19:53  69,079/1,000,000  14.4/s  upd=1440  L=0.0484  D=4.825
[regir] 1:20:03  69,532/1,000,000  14.5/s  upd=1444  L=0.0442  D=4.825
[regir] 1:20:13  69,532/1,000,000  14.4/s  upd=1448  L=0.0355  D=4.825
[regir] 1:20:24  69,881/1,000,000  14.5/s  upd=1451  L=0.0535  D=4.825
[regir] 1:20:34  69,881/1,000,000  14.5/s  upd=1456  L=0.0347  D=4.825
[regir] 1:20:44  70,216/1,000,000  14.5/s  upd=1460  L=0.0334  D=4.825
[regir] 1:20:54  70,216/1,000,000  14.5/s  upd=1464  L=0.0593  D=4.825
[regir] 1:21:06  70,570/1,000,000  14.5/s  upd=1469  L=0.0528  D=4.825
[regir] 1:21:16  70,570/1,000,000  14.5/s  upd=1472  L=0.0377  D=4.825
[regir] 1:21:26  70,995/1,000,000  14.5/s  upd=1477  L=0.0519  D=4.825
[regir] 1:21:36  70,995/1,000,000  14.5/s  upd=1480  L=0.0428  D=4.825
[regir] 1:21:48  71,396/1,000,000  14.5/s  upd=1483  L=0.0404  D=4.825
[regir] 1:22:01  71,396/1,000,000  14.5/s  upd=1487  L=0.0421  D=4.825
[regir] 1:22:11  71,770/1,000,000  14.6/s  upd=1491  L=0.0475  D=4.825
[regir] 1:22:21  71,770/1,000,000  14.5/s  upd=1496  L=0.0475  D=4.825
[regir] 1:22:32  72,124/1,000,000  14.6/s  upd=1498  L=0.0334  D=4.825
[regir] 1:22:43  72,124/1,000,000  14.5/s  upd=1504  L=0.0583  D=4.825
[regir] 1:22:54  72,519/1,000,000  14.6/s  upd=1506  L=0.0666  D=4.825
[regir] 1:23:04  72,519/1,000,000  14.5/s  upd=1511  L=0.0412  D=4.825
[regir] 1:23:14  72,910/1,000,000  14.6/s  upd=1515  L=0.0388  D=4.825
[regir] 1:23:25  72,910/1,000,000  14.6/s  upd=1520  L=0.0359  D=4.825
[regir] 1:23:50  72,910/1,000,000  14.5/s  upd=1520  L=0.0359  D=4.825
[regir] 1:24:01  73,291/1,000,000  14.5/s  upd=1522  L=0.0506  D=4.825
[regir] 1:24:13  73,291/1,000,000  14.5/s  upd=1528  L=0.0426  D=4.825
[regir] 1:24:25  73,636/1,000,000  14.5/s  upd=1532  L=0.0555  D=4.825
[regir] 1:24:35  73,636/1,000,000  14.5/s  upd=1536  L=0.0444  D=4.825
[regir] 1:24:45  73,971/1,000,000  14.5/s  upd=1538  L=0.0611  D=4.825
[regir] 1:24:58  73,971/1,000,000  14.5/s  upd=1543  L=0.0485  D=4.825
[regir] 1:25:10  74,372/1,000,000  14.6/s  upd=1546  L=0.0368  D=4.825
[regir] 1:25:21  74,372/1,000,000  14.5/s  upd=1552  L=0.0477  D=4.825
[regir] 1:25:32  74,734/1,000,000  14.6/s  upd=1555  L=0.0450  D=4.825
[regir] 1:25:45  74,734/1,000,000  14.5/s  upd=1560  L=0.0419  D=4.825
[regir] 1:25:55  75,124/1,000,000  14.6/s  upd=1562  L=0.0488  D=4.825
[regir] 1:26:06  75,124/1,000,000  14.5/s  upd=1567  L=0.0438  D=4.825
[regir] 1:26:16  75,461/1,000,000  14.6/s  upd=1569  L=0.0498  D=4.825
[regir] 1:26:26  75,461/1,000,000  14.5/s  upd=1575  L=0.0371  D=4.825
[regir] 1:26:37  75,818/1,000,000  14.6/s  upd=1577  L=0.0462  D=4.825
[regir] 1:26:48  75,818/1,000,000  14.6/s  upd=1582  L=0.0375  D=4.825
[regir] 1:27:00  76,165/1,000,000  14.6/s  upd=1587  L=0.0409  D=4.825
[regir] 1:27:10  76,165/1,000,000  14.6/s  upd=1592  L=0.0533  D=4.825
[regir] 1:27:20  76,504/1,000,000  14.6/s  upd=1595  L=0.0368  D=4.825
[regir] saved resume t_env=76,504
[regir] 1:27:32  76,839/1,000,000  14.6/s  upd=1601  L=0.0650  D=4.825
[regir] 1:27:44  76,839/1,000,000  14.6/s  upd=1608  L=0.0341  D=4.825
[regir] 1:27:55  77,252/1,000,000  14.6/s  upd=1611  L=0.0478  D=4.825
[regir] 1:28:05  77,252/1,000,000  14.6/s  upd=1616  L=0.0367  D=4.825
[regir] 1:28:16  77,584/1,000,000  14.6/s  upd=1622  L=0.0319  D=4.825
[regir] 1:28:26  77,941/1,000,000  14.7/s  upd=1628  L=0.0345  D=4.825
[regir] 1:28:38  78,360/1,000,000  14.7/s  upd=1633  L=0.0482  D=4.825
[regir] 1:28:49  78,688/1,000,000  14.8/s  upd=1641  L=0.0584  D=4.825
[regir] 1:29:00  78,688/1,000,000  14.7/s  upd=1648  L=0.0328  D=4.825
[regir] 1:29:58  78,688/1,000,000  14.6/s  upd=1648  L=0.0328  D=4.825
[regir] 1:30:09  79,039/1,000,000  14.6/s  upd=1654  L=0.0418  D=4.825
[regir] 1:30:19  79,385/1,000,000  14.6/s  upd=1659  L=0.0446  D=4.825
[regir] 1:30:30  79,385/1,000,000  14.6/s  upd=1664  L=0.0568  D=4.825
[regir] 1:30:41  79,725/1,000,000  14.7/s  upd=1670  L=0.0356  D=4.825
[regir] 1:30:52  80,086/1,000,000  14.7/s  upd=1676  L=0.0386  D=4.825
[regir] saved resume t_env=80,086
[regir] 1:31:12  80,086/1,000,000  14.6/s  upd=1680  L=0.0457  ev=0/100  D=4.825
[regir] 1:31:22  80,086/1,000,000  14.6/s  upd=1680  L=0.0457  ev=15/100  D=4.825
[regir] 1:31:32  80,086/1,000,000  14.6/s  upd=1680  L=0.0457  ev=23/100  D=4.825
[regir] 1:31:42  80,086/1,000,000  14.6/s  upd=1680  L=0.0457  ev=32/100  D=4.825
[regir] 1:31:52  80,086/1,000,000  14.5/s  upd=1680  L=0.0457  ev=36/100  D=4.825
[regir] 1:32:02  80,086/1,000,000  14.5/s  upd=1680  L=0.0457  ev=47/100  D=4.825
[regir] 1:32:13  80,086/1,000,000  14.5/s  upd=1680  L=0.0457  ev=48/100  D=4.825
[regir] 1:32:23  80,086/1,000,000  14.4/s  upd=1680  L=0.0457  ev=60/100  D=4.825
[regir] 1:32:33  80,086/1,000,000  14.4/s  upd=1680  L=0.0457  ev=71/100  D=4.825
[regir] 1:32:43  80,086/1,000,000  14.4/s  upd=1680  L=0.0457  ev=77/100  D=4.825
[regir] 1:32:53  80,086/1,000,000  14.4/s  upd=1680  L=0.0457  ev=80/100  D=4.825
[regir] 1:33:03  80,086/1,000,000  14.3/s  upd=1680  L=0.0457  ev=94/100  D=4.825
[regir] 1:33:36  80,086/1,000,000  14.3/s  upd=1680  L=0.0457  D=4.694
[regir] 1:33:48  80,426/1,000,000  14.3/s  upd=1685  L=0.0374  D=4.694
[regir] 1:34:00  80,768/1,000,000  14.3/s  upd=1692  L=0.0364  D=4.694
[regir] 1:34:10  80,768/1,000,000  14.3/s  upd=1696  L=0.0374  D=4.694
[regir] 1:34:22  81,176/1,000,000  14.3/s  upd=1701  L=0.0465  D=4.694
[regir] 1:34:34  81,525/1,000,000  14.4/s  upd=1706  L=0.0400  D=4.694
[regir] 1:34:44  81,525/1,000,000  14.3/s  upd=1712  L=0.0353  D=4.694
[regir] 1:34:54  81,870/1,000,000  14.4/s  upd=1718  L=0.0462  D=4.694
[regir] 1:35:06  82,257/1,000,000  14.4/s  upd=1723  L=0.0512  D=4.694
[regir] 1:36:24  82,257/1,000,000  14.2/s  upd=1728  L=0.0531  D=4.694
[regir] 1:36:34  83,007/1,000,000  14.3/s  upd=1738  L=0.0429  D=4.694
[regir] 1:36:45  83,417/1,000,000  14.4/s  upd=1747  L=0.0370  D=4.694
[regir] 1:36:56  83,815/1,000,000  14.4/s  upd=1757  L=0.0493  D=4.694
[regir] 1:37:06  84,255/1,000,000  14.5/s  upd=1765  L=0.0264  D=4.694
[regir] 1:37:16  84,719/1,000,000  14.5/s  upd=1774  L=0.0449  D=4.694
[regir] 1:37:27  85,044/1,000,000  14.5/s  upd=1784  L=0.0405  D=4.694
[regir] 1:37:38  85,743/1,000,000  14.6/s  upd=1794  L=0.0275  D=4.694
[regir] 1:37:49  86,088/1,000,000  14.7/s  upd=1801  L=0.0386  D=4.694
[regir] 1:37:59  86,088/1,000,000  14.6/s  upd=1808  L=0.0410  D=4.694
[regir] 1:38:10  86,484/1,000,000  14.7/s  upd=1813  L=0.0432  D=4.694
[regir] 1:38:21  86,880/1,000,000  14.7/s  upd=1819  L=0.0448  D=4.694
[regir] 1:38:33  87,255/1,000,000  14.8/s  upd=1825  L=0.0490  D=4.694
[regir] 1:38:44  87,255/1,000,000  14.7/s  upd=1830  L=0.0307  D=4.694
[regir] 1:38:54  87,255/1,000,000  14.7/s  upd=1832  L=0.0372  D=4.694
[regir] 1:39:04  87,614/1,000,000  14.7/s  upd=1836  L=0.0467  D=4.694
[regir] 1:39:15  87,614/1,000,000  14.7/s  upd=1840  L=0.0521  D=4.694
[regir] 1:39:27  87,948/1,000,000  14.7/s  upd=1844  L=0.0356  D=4.694
[regir] 1:39:37  87,948/1,000,000  14.7/s  upd=1848  L=0.0617  D=4.694
[regir] 1:39:48  88,310/1,000,000  14.7/s  upd=1850  L=0.0392  D=4.694
[regir] 1:39:59  88,310/1,000,000  14.7/s  upd=1854  L=0.0368  D=4.694
[regir] 1:40:09  88,310/1,000,000  14.7/s  upd=1856  L=0.0390  D=4.694
[regir] 1:40:20  88,715/1,000,000  14.7/s  upd=1858  L=0.0329  D=4.694
[regir] 1:40:32  88,715/1,000,000  14.7/s  upd=1863  L=0.0436  D=4.694
[regir] 1:40:42  88,715/1,000,000  14.7/s  upd=1864  L=0.0515  D=4.694
[regir] 1:40:53  89,073/1,000,000  14.7/s  upd=1868  L=0.0501  D=4.694
[regir] saved resume t_env=89,073
[regir] 1:41:04  89,073/1,000,000  14.7/s  upd=1872  L=0.0547  D=4.694
[regir] 1:41:14  89,408/1,000,000  14.7/s  upd=1873  L=0.0388  D=4.694
[regir] 1:41:25  89,408/1,000,000  14.7/s  upd=1878  L=0.0335  D=4.694
[regir] 1:41:55  89,408/1,000,000  14.6/s  upd=1880  L=0.0331  D=4.694
[regir] 1:42:05  89,408/1,000,000  14.6/s  upd=1880  L=0.0331  D=4.694
[regir] 1:42:15  89,778/1,000,000  14.6/s  upd=1885  L=0.0494  D=4.694
[regir] 1:42:25  89,778/1,000,000  14.6/s  upd=1888  L=0.0510  D=4.694
[regir] 1:42:39  90,188/1,000,000  14.6/s  upd=1890  L=0.0478  D=4.694
[regir] 1:42:51  90,188/1,000,000  14.6/s  upd=1896  L=0.0458  D=4.694
[regir] 1:43:02  90,584/1,000,000  14.7/s  upd=1900  L=0.0397  D=4.694
[regir] 1:43:13  90,949/1,000,000  14.7/s  upd=1905  L=0.0401  D=4.694
[regir] 1:43:24  90,949/1,000,000  14.7/s  upd=1912  L=0.0385  D=4.694
[regir] 1:43:36  91,287/1,000,000  14.7/s  upd=1914  L=0.0443  D=4.694
[regir] 1:43:46  91,287/1,000,000  14.7/s  upd=1920  L=0.0383  D=4.694
[regir] 1:43:58  91,677/1,000,000  14.7/s  upd=1924  L=0.0358  D=4.694
[regir] 1:44:08  91,677/1,000,000  14.7/s  upd=1928  L=0.0419  D=4.694
[regir] 1:44:18  92,066/1,000,000  14.7/s  upd=1932  L=0.0502  D=4.694
[regir] 1:44:28  92,066/1,000,000  14.7/s  upd=1936  L=0.0364  D=4.694
[regir] 1:44:40  92,507/1,000,000  14.7/s  upd=1940  L=0.0406  D=4.694
[regir] 1:44:52  92,507/1,000,000  14.7/s  upd=1944  L=0.0422  D=4.694
[regir] 1:45:04  92,851/1,000,000  14.7/s  upd=1949  L=0.0471  D=4.694
[regir] 1:45:15  93,197/1,000,000  14.8/s  upd=1953  L=0.0442  D=4.694
[regir] 1:45:25  93,197/1,000,000  14.7/s  upd=1958  L=0.0371  D=4.694
[regir] 1:45:36  93,197/1,000,000  14.7/s  upd=1960  L=0.0505  D=4.694
[regir] 1:45:46  93,614/1,000,000  14.8/s  upd=1961  L=0.0435  D=4.694
[regir] 1:45:58  93,614/1,000,000  14.7/s  upd=1967  L=0.0328  D=4.694
[regir] 1:46:10  93,991/1,000,000  14.8/s  upd=1970  L=0.0469  D=4.694
[regir] 1:46:21  93,991/1,000,000  14.7/s  upd=1975  L=0.0552  D=4.694
[regir] 1:46:31  94,338/1,000,000  14.8/s  upd=1979  L=0.0265  D=4.694
[regir] 1:46:43  94,338/1,000,000  14.7/s  upd=1983  L=0.0499  D=4.694
[regir] 1:46:53  94,338/1,000,000  14.7/s  upd=1984  L=0.0375  D=4.694
[regir] 1:47:04  94,758/1,000,000  14.7/s  upd=1986  L=0.0367  D=4.694
[regir] 1:47:15  94,758/1,000,000  14.7/s  upd=1991  L=0.0513  D=4.694
[regir] 1:48:41  94,758/1,000,000  14.5/s  upd=1992  L=0.0485  D=4.694
[regir] 1:48:52  95,067/1,000,000  14.6/s  upd=1997  L=0.0308  D=4.694
[regir] 1:49:04  95,402/1,000,000  14.6/s  upd=2001  L=0.0383  D=4.694
[regir] 1:49:14  95,402/1,000,000  14.6/s  upd=2006  L=0.0572  D=4.694
[regir] 1:49:25  95,728/1,000,000  14.6/s  upd=2012  L=0.0294  D=4.694
[regir] 1:49:37  96,062/1,000,000  14.6/s  upd=2017  L=0.0440  D=4.694
[regir] 1:49:47  96,062/1,000,000  14.6/s  upd=2023  L=0.0331  D=4.694
[regir] 1:49:58  96,452/1,000,000  14.6/s  upd=2031  L=0.0431  D=4.694
[regir] 1:50:09  96,836/1,000,000  14.7/s  upd=2035  L=0.0577  D=4.694
[regir] 1:50:19  96,836/1,000,000  14.6/s  upd=2040  L=0.0467  D=4.694
[regir] 1:50:30  97,276/1,000,000  14.7/s  upd=2044  L=0.0353  D=4.694
[regir] 1:50:40  97,276/1,000,000  14.6/s  upd=2048  L=0.0400  D=4.694
[regir] 1:50:50  97,646/1,000,000  14.7/s  upd=2050  L=0.0416  D=4.694
[regir] 1:51:00  97,646/1,000,000  14.7/s  upd=2056  L=0.0274  D=4.694
[regir] 1:51:11  97,646/1,000,000  14.6/s  upd=2056  L=0.0274  D=4.694
[regir] 1:51:22  98,076/1,000,000  14.7/s  upd=2060  L=0.0397  D=4.694
[regir] saved resume t_env=98,076
[regir] 1:51:32  98,076/1,000,000  14.7/s  upd=2064  L=0.0275  D=4.694
[regir] 1:51:42  98,076/1,000,000  14.6/s  upd=2064  L=0.0275  D=4.694
[regir] 1:51:53  98,463/1,000,000  14.7/s  upd=2069  L=0.0472  D=4.694
[regir] 1:52:03  98,463/1,000,000  14.6/s  upd=2072  L=0.0370  D=4.694
[regir] 1:52:14  98,948/1,000,000  14.7/s  upd=2076  L=0.0392  D=4.694
[regir] 1:52:27  99,330/1,000,000  14.7/s  upd=2081  L=0.0360  D=4.694
[regir] 1:52:38  99,330/1,000,000  14.7/s  upd=2088  L=0.0410  D=4.694
[regir] 1:52:48  99,645/1,000,000  14.7/s  upd=2090  L=0.0317  D=4.694
[regir] 1:52:59  99,645/1,000,000  14.7/s  upd=2096  L=0.0425  D=4.694
[regir] 1:53:11  100,134/1,000,000  14.7/s  upd=2099  L=0.0413  D=4.694
[regir] saved resume t_env=100,134
[regir] 1:53:32  100,134/1,000,000  14.7/s  upd=2104  L=0.0374  ev=0/100  D=4.694
[regir] 1:53:42  100,134/1,000,000  14.7/s  upd=2104  L=0.0374  ev=29/100  D=4.694
[regir] 1:53:52  100,134/1,000,000  14.7/s  upd=2104  L=0.0374  ev=49/100  D=4.694
[regir] 1:54:02  100,134/1,000,000  14.6/s  upd=2104  L=0.0374  ev=72/100  D=4.694
[regir] 1:54:12  100,134/1,000,000  14.6/s  upd=2104  L=0.0374  ev=95/100  D=4.694
[regir] 1:54:49  100,134/1,000,000  14.5/s  upd=2104  L=0.0374  D=4.827
[regir] 1:56:30  100,134/1,000,000  14.3/s  upd=2104  L=0.0374  D=4.827
[regir] 1:56:41  100,455/1,000,000  14.3/s  upd=2111  L=0.0381  D=4.827
[regir] 1:56:52  100,813/1,000,000  14.4/s  upd=2118  L=0.0381  D=4.827
[regir] 1:57:03  101,197/1,000,000  14.4/s  upd=2123  L=0.0448  D=4.827
[regir] 1:57:13  101,197/1,000,000  14.4/s  upd=2128  L=0.0257  D=4.827
[regir] 1:57:23  101,563/1,000,000  14.4/s  upd=2134  L=0.0407  D=4.827
[regir] 1:57:35  101,907/1,000,000  14.4/s  upd=2139  L=0.0340  D=4.827
[regir] 1:57:45  101,907/1,000,000  14.4/s  upd=2144  L=0.0346  D=4.827
[regir] 1:57:56  102,236/1,000,000  14.4/s  upd=2147  L=0.0409  D=4.827
[regir] 1:58:06  102,236/1,000,000  14.4/s  upd=2152  L=0.0522  D=4.827
[regir] 1:58:16  102,615/1,000,000  14.5/s  upd=2154  L=0.0414  D=4.827
[regir] 1:58:27  102,615/1,000,000  14.4/s  upd=2158  L=0.0324  D=4.827
[regir] 1:58:37  102,615/1,000,000  14.4/s  upd=2160  L=0.0422  D=4.827
[regir] 1:58:48  103,058/1,000,000  14.5/s  upd=2163  L=0.0433  D=4.827
[regir] 1:58:59  103,058/1,000,000  14.4/s  upd=2167  L=0.0243  D=4.827
[regir] 1:59:09  103,058/1,000,000  14.4/s  upd=2168  L=0.0448  D=4.827
[regir] 1:59:20  103,489/1,000,000  14.5/s  upd=2171  L=0.0298  D=4.827
[regir] 1:59:31  103,489/1,000,000  14.4/s  upd=2176  L=0.0369  D=4.827
[regir] 1:59:42  103,852/1,000,000  14.5/s  upd=2177  L=0.0412  D=4.827
[regir] 1:59:53  103,852/1,000,000  14.4/s  upd=2182  L=0.0278  D=4.827
[regir] 2:00:05  104,207/1,000,000  14.5/s  upd=2186  L=0.0527  D=4.827
[regir] 2:00:16  104,207/1,000,000  14.4/s  upd=2191  L=0.0323  D=4.827
[regir] 2:00:27  104,608/1,000,000  14.5/s  upd=2193  L=0.0310  D=4.827
[regir] 2:00:38  104,608/1,000,000  14.5/s  upd=2200  L=0.0427  D=4.827
[regir] 2:00:49  104,986/1,000,000  14.5/s  upd=2203  L=0.0412  D=4.827
[regir] 2:00:59  104,986/1,000,000  14.5/s  upd=2208  L=0.0318  D=4.827
[regir] 2:01:12  105,381/1,000,000  14.5/s  upd=2213  L=0.0534  D=4.827
[regir] 2:01:23  105,848/1,000,000  14.5/s  upd=2219  L=0.0326  D=4.827
[regir] 2:01:34  106,209/1,000,000  14.6/s  upd=2226  L=0.0384  D=4.827
[regir] 2:03:09  106,209/1,000,000  14.4/s  upd=2232  L=0.0485  D=4.827
[regir] 2:03:20  106,580/1,000,000  14.4/s  upd=2239  L=0.0440  D=4.827
[regir] saved resume t_env=106,580
[regir] 2:03:31  106,974/1,000,000  14.4/s  upd=2245  L=0.0411  D=4.827
[regir] 2:03:41  107,351/1,000,000  14.5/s  upd=2251  L=0.0338  D=4.827
[regir] 2:03:52  107,749/1,000,000  14.5/s  upd=2258  L=0.0296  D=4.827
[regir] 2:04:03  107,749/1,000,000  14.5/s  upd=2264  L=0.0361  D=4.827
[regir] 2:04:13  108,117/1,000,000  14.5/s  upd=2267  L=0.0295  D=4.827
[regir] 2:04:23  108,496/1,000,000  14.5/s  upd=2272  L=0.0321  D=4.827
[regir] 2:04:33  108,496/1,000,000  14.5/s  upd=2277  L=0.0287  D=4.827
[regir] 2:04:43  108,496/1,000,000  14.5/s  upd=2280  L=0.0457  D=4.827
[regir] 2:04:55  108,845/1,000,000  14.5/s  upd=2283  L=0.0368  D=4.827
[regir] 2:05:05  108,845/1,000,000  14.5/s  upd=2288  L=0.0227  D=4.827
[regir] 2:05:16  109,218/1,000,000  14.5/s  upd=2290  L=0.0403  D=4.827
[regir] 2:05:27  109,218/1,000,000  14.5/s  upd=2296  L=0.0338  D=4.827
[regir] 2:05:38  109,553/1,000,000  14.5/s  upd=2297  L=0.0307  D=4.827
[regir] 2:05:49  109,553/1,000,000  14.5/s  upd=2304  L=0.0294  D=4.827
[regir] 2:05:59  109,553/1,000,000  14.5/s  upd=2304  L=0.0294  D=4.827
[regir] 2:06:11  109,943/1,000,000  14.5/s  upd=2308  L=0.0317  D=4.827
[regir] 2:06:21  109,943/1,000,000  14.5/s  upd=2312  L=0.0547  D=4.827
[regir] 2:06:32  110,297/1,000,000  14.5/s  upd=2316  L=0.0295  D=4.827
[regir] 2:06:43  110,297/1,000,000  14.5/s  upd=2320  L=0.0429  D=4.827
[regir] 2:06:55  110,629/1,000,000  14.5/s  upd=2323  L=0.0342  D=4.827
[regir] 2:07:08  111,028/1,000,000  14.6/s  upd=2330  L=0.0448  D=4.827
[regir] 2:07:18  111,028/1,000,000  14.5/s  upd=2335  L=0.0340  D=4.827
[regir] 2:07:29  111,373/1,000,000  14.6/s  upd=2339  L=0.0283  D=4.827
[regir] 2:07:39  111,373/1,000,000  14.5/s  upd=2344  L=0.0219  D=4.827
[regir] 2:07:50  111,728/1,000,000  14.6/s  upd=2348  L=0.0436  D=4.827
[regir] 2:08:00  111,728/1,000,000  14.5/s  upd=2352  L=0.0186  D=4.827
[regir] 2:08:11  112,130/1,000,000  14.6/s  upd=2354  L=0.0288  D=4.827
[regir] 2:08:22  112,130/1,000,000  14.6/s  upd=2359  L=0.0189  D=4.827
[regir] 2:08:49  112,130/1,000,000  14.5/s  upd=2360  L=0.0299  D=4.827
[regir] 2:08:59  112,130/1,000,000  14.5/s  upd=2360  L=0.0299  D=4.827
[regir] 2:09:09  112,518/1,000,000  14.5/s  upd=2364  L=0.0349  D=4.827
[regir] 2:09:20  112,518/1,000,000  14.5/s  upd=2368  L=0.0366  D=4.827
[regir] 2:09:30  112,921/1,000,000  14.5/s  upd=2371  L=0.0518  D=4.827
[regir] 2:09:42  112,921/1,000,000  14.5/s  upd=2376  L=0.0228  D=4.827
[regir] 2:09:53  113,268/1,000,000  14.5/s  upd=2379  L=0.0483  D=4.827
[regir] 2:10:03  113,268/1,000,000  14.5/s  upd=2384  L=0.0272  D=4.827
[regir] 2:10:14  113,613/1,000,000  14.5/s  upd=2390  L=0.0400  D=4.827
[regir] 2:10:24  113,613/1,000,000  14.5/s  upd=2392  L=0.0362  D=4.827
[regir] 2:10:35  113,987/1,000,000  14.5/s  upd=2396  L=0.0237  D=4.827
[regir] 2:10:45  113,987/1,000,000  14.5/s  upd=2400  L=0.0316  D=4.827
[regir] 2:10:55  113,987/1,000,000  14.5/s  upd=2400  L=0.0316  D=4.827
[regir] 2:11:09  114,395/1,000,000  14.5/s  upd=2407  L=0.0341  D=4.827
[regir] 2:11:19  114,395/1,000,000  14.5/s  upd=2408  L=0.0459  D=4.827
[regir] 2:11:30  114,814/1,000,000  14.6/s  upd=2412  L=0.0266  D=4.827
[regir] 2:11:42  114,814/1,000,000  14.5/s  upd=2416  L=0.0388  D=4.827
[regir] 2:11:52  115,153/1,000,000  14.6/s  upd=2421  L=0.0513  D=4.827
[regir] 2:12:02  115,153/1,000,000  14.5/s  upd=2424  L=0.0294  D=4.827
[regir] 2:12:13  115,585/1,000,000  14.6/s  upd=2427  L=0.0401  D=4.827
[regir] 2:12:25  115,585/1,000,000  14.5/s  upd=2431  L=0.0269  D=4.827
[regir] 2:12:35  115,923/1,000,000  14.6/s  upd=2434  L=0.0341  D=4.827
[regir] 2:12:49  115,923/1,000,000  14.5/s  upd=2440  L=0.0283  D=4.827
[regir] 2:12:59  116,301/1,000,000  14.6/s  upd=2441  L=0.0321  D=4.827
[regir] 2:13:10  116,301/1,000,000  14.6/s  upd=2448  L=0.0369  D=4.827
[regir] 2:13:21  116,749/1,000,000  14.6/s  upd=2451  L=0.0370  D=4.827
[regir] saved resume t_env=116,749
[regir] 2:13:31  116,749/1,000,000  14.6/s  upd=2456  L=0.0241  D=4.827
[regir] 2:13:42  117,076/1,000,000  14.6/s  upd=2458  L=0.0231  D=4.827
[regir] 2:14:18  117,076/1,000,000  14.5/s  upd=2464  L=0.0272  D=4.827
[regir] 2:14:29  117,464/1,000,000  14.6/s  upd=2467  L=0.0326  D=4.827
[regir] 2:14:39  117,464/1,000,000  14.5/s  upd=2472  L=0.0298  D=4.827
[regir] 2:14:51  117,842/1,000,000  14.6/s  upd=2474  L=0.0278  D=4.827
[regir] 2:15:01  117,842/1,000,000  14.5/s  upd=2480  L=0.0600  D=4.827
[regir] 2:15:14  118,188/1,000,000  14.6/s  upd=2485  L=0.0289  D=4.827
[regir] 2:15:25  118,577/1,000,000  14.6/s  upd=2495  L=0.0297  D=4.827
[regir] 2:15:36  119,316/1,000,000  14.7/s  upd=2505  L=0.0262  D=4.827
[regir] 2:15:47  119,667/1,000,000  14.7/s  upd=2515  L=0.0377  D=4.827
[regir] 2:15:58  120,040/1,000,000  14.7/s  upd=2524  L=0.0282  D=4.827
[regir] saved resume t_env=120,040
[regir] 2:16:17  120,040/1,000,000  14.7/s  upd=2528  L=0.0306  ev=0/100  D=4.827
[regir] 2:16:27  120,040/1,000,000  14.7/s  upd=2528  L=0.0306  ev=31/100  D=4.827
[regir] 2:16:37  120,040/1,000,000  14.6/s  upd=2528  L=0.0306  ev=64/100  D=4.827
[regir] 2:19:23  120,040/1,000,000  14.4/s  upd=2528  L=0.0306  D=3.322
[regir] 2:21:59  120,040/1,000,000  14.1/s  upd=2528  L=0.0306  D=3.322
[regir] 2:22:10  120,415/1,000,000  14.1/s  upd=2531  L=0.0331  D=3.322
[regir] 2:22:20  120,415/1,000,000  14.1/s  upd=2536  L=0.0265  D=3.322
[regir] 2:22:31  120,820/1,000,000  14.1/s  upd=2538  L=0.0465  D=3.322
[regir] 2:22:43  120,820/1,000,000  14.1/s  upd=2544  L=0.0319  D=3.322
[regir] 2:22:55  121,189/1,000,000  14.1/s  upd=2548  L=0.0302  D=3.322
[regir] 2:23:05  121,189/1,000,000  14.1/s  upd=2552  L=0.0303  D=3.322
[regir] 2:23:18  121,614/1,000,000  14.1/s  upd=2557  L=0.0381  D=3.322
[regir] 2:23:28  121,614/1,000,000  14.1/s  upd=2560  L=0.0319  D=3.322
[regir] 2:23:38  121,987/1,000,000  14.2/s  upd=2566  L=0.0293  D=3.322
[regir] 2:23:49  122,430/1,000,000  14.2/s  upd=2569  L=0.0254  D=3.322
[regir] 2:24:01  122,430/1,000,000  14.2/s  upd=2576  L=0.0205  D=3.322
[regir] 2:24:12  122,777/1,000,000  14.2/s  upd=2579  L=0.0387  D=3.322
[regir] 2:24:22  122,777/1,000,000  14.2/s  upd=2584  L=0.0855  D=3.322
[regir] 2:24:34  123,131/1,000,000  14.2/s  upd=2590  L=0.0344  D=3.322
[regir] 2:24:45  123,444/1,000,000  14.2/s  upd=2595  L=0.0342  D=3.322
[regir] 2:24:55  123,444/1,000,000  14.2/s  upd=2599  L=0.0423  D=3.322
[regir] 2:25:06  123,793/1,000,000  14.2/s  upd=2605  L=0.0247  D=3.322
[regir] 2:25:16  124,117/1,000,000  14.2/s  upd=2611  L=0.0436  D=3.322
[regir] 2:25:27  124,117/1,000,000  14.2/s  upd=2615  L=0.0378  D=3.322
[regir] 2:25:39  124,429/1,000,000  14.2/s  upd=2618  L=0.0380  D=3.322
[regir] 2:25:49  124,429/1,000,000  14.2/s  upd=2624  L=0.0367  D=3.322
[regir] 2:25:59  124,429/1,000,000  14.2/s  upd=2624  L=0.0367  D=3.322
[regir] 2:26:10  124,864/1,000,000  14.2/s  upd=2630  L=0.0414  D=3.322
[regir] saved resume t_env=124,864
[regir] 2:26:20  124,864/1,000,000  14.2/s  upd=2632  L=0.0511  D=3.322
[regir] 2:26:31  125,165/1,000,000  14.2/s  upd=2638  L=0.0364  D=3.322
[regir] 2:26:42  125,484/1,000,000  14.3/s  upd=2641  L=0.0460  D=3.322
[regir] 2:26:52  125,484/1,000,000  14.2/s  upd=2647  L=0.0452  D=3.322
[regir] 2:27:03  125,842/1,000,000  14.3/s  upd=2649  L=0.0258  D=3.322
[regir] 2:27:14  125,842/1,000,000  14.2/s  upd=2654  L=0.0236  D=3.322
[regir] 2:29:14  125,842/1,000,000  14.1/s  upd=2656  L=0.0452  D=3.322
[regir] 2:29:24  125,842/1,000,000  14.0/s  upd=2656  L=0.0452  D=3.322
[regir] 2:29:35  126,166/1,000,000  14.1/s  upd=2663  L=0.0186  D=3.322
[regir] 2:29:45  126,166/1,000,000  14.0/s  upd=2664  L=0.0251  D=3.322
[regir] 2:29:57  126,518/1,000,000  14.1/s  upd=2669  L=0.0301  D=3.322
[regir] 2:30:07  126,518/1,000,000  14.0/s  upd=2672  L=0.0383  D=3.322
[regir] 2:30:18  126,905/1,000,000  14.1/s  upd=2676  L=0.0214  D=3.322
[regir] 2:30:28  126,905/1,000,000  14.1/s  upd=2680  L=0.0397  D=3.322
[regir] 2:30:39  127,272/1,000,000  14.1/s  upd=2685  L=0.0318  D=3.322
[regir] 2:30:50  127,613/1,000,000  14.1/s  upd=2691  L=0.0434  D=3.322
[regir] 2:31:01  127,613/1,000,000  14.1/s  upd=2696  L=0.0224  D=3.322
[regir] 2:31:12  127,965/1,000,000  14.1/s  upd=2702  L=0.0453  D=3.322
[regir] 2:31:26  128,380/1,000,000  14.1/s  upd=2706  L=0.0465  D=3.322
[regir] 2:31:36  128,380/1,000,000  14.1/s  upd=2711  L=0.0276  D=3.322
[regir] 2:31:47  128,716/1,000,000  14.1/s  upd=2714  L=0.0272  D=3.322
[regir] 2:31:57  128,716/1,000,000  14.1/s  upd=2718  L=0.0298  D=3.322
[regir] 2:32:08  129,051/1,000,000  14.1/s  upd=2722  L=0.0293  D=3.322
[regir] 2:32:20  129,051/1,000,000  14.1/s  upd=2727  L=0.0369  D=3.322
[regir] 2:32:31  129,446/1,000,000  14.1/s  upd=2732  L=0.0362  D=3.322
[regir] 2:32:41  129,446/1,000,000  14.1/s  upd=2736  L=0.0431  D=3.322
[regir] 2:32:52  129,810/1,000,000  14.2/s  upd=2742  L=0.0451  D=3.322
[regir] 2:33:02  129,810/1,000,000  14.1/s  upd=2744  L=0.0252  D=3.322
[regir] 2:33:13  130,240/1,000,000  14.2/s  upd=2751  L=0.0225  D=3.322
[regir] 2:33:25  130,610/1,000,000  14.2/s  upd=2753  L=0.0292  D=3.322
[regir] 2:33:36  130,610/1,000,000  14.2/s  upd=2760  L=0.0335  D=3.322
[regir] 2:33:47  131,000/1,000,000  14.2/s  upd=2763  L=0.0466  D=3.322
[regir] 2:33:57  131,000/1,000,000  14.2/s  upd=2768  L=0.0275  D=3.322
[regir] 2:34:07  131,367/1,000,000  14.2/s  upd=2774  L=0.0499  D=3.322
[regir] 2:34:19  131,710/1,000,000  14.2/s  upd=2781  L=0.0365  D=3.322
[regir] 2:35:22  131,710/1,000,000  14.1/s  upd=2784  L=0.0376  D=3.322
[regir] 2:35:32  132,087/1,000,000  14.2/s  upd=2787  L=0.0181  D=3.322
[regir] 2:35:43  132,087/1,000,000  14.1/s  upd=2792  L=0.0435  D=3.322
[regir] 2:35:55  132,421/1,000,000  14.2/s  upd=2797  L=0.0491  D=3.322
[regir] 2:36:05  132,421/1,000,000  14.1/s  upd=2800  L=0.0338  D=3.322
[regir] 2:36:17  132,838/1,000,000  14.2/s  upd=2806  L=0.0315  D=3.322
[regir] saved resume t_env=132,838
[regir] 2:36:28  133,199/1,000,000  14.2/s  upd=2810  L=0.0281  D=3.322
[regir] 2:36:38  133,199/1,000,000  14.2/s  upd=2816  L=0.0349  D=3.322
[regir] 2:36:50  133,545/1,000,000  14.2/s  upd=2819  L=0.0432  D=3.322
[regir] 2:37:01  133,545/1,000,000  14.2/s  upd=2824  L=0.0245  D=3.322
[regir] 2:37:11  133,895/1,000,000  14.2/s  upd=2827  L=0.0477  D=3.322
[regir] 2:37:21  133,895/1,000,000  14.2/s  upd=2831  L=0.0434  D=3.322
[regir] 2:37:34  134,228/1,000,000  14.2/s  upd=2835  L=0.0290  D=3.322
[regir] 2:37:44  134,228/1,000,000  14.2/s  upd=2839  L=0.0335  D=3.322
[regir] 2:37:55  134,581/1,000,000  14.2/s  upd=2841  L=0.0318  D=3.322
[regir] 2:38:06  134,581/1,000,000  14.2/s  upd=2847  L=0.0400  D=3.322
[regir] 2:38:16  134,960/1,000,000  14.2/s  upd=2849  L=0.0385  D=3.322
[regir] 2:38:28  134,960/1,000,000  14.2/s  upd=2854  L=0.0269  D=3.322
[regir] 2:38:38  135,366/1,000,000  14.2/s  upd=2856  L=0.0215  D=3.322
[regir] 2:38:48  135,366/1,000,000  14.2/s  upd=2860  L=0.0494  D=3.322
[regir] 2:38:59  135,366/1,000,000  14.2/s  upd=2864  L=0.0315  D=3.322
[regir] 2:39:11  135,682/1,000,000  14.2/s  upd=2867  L=0.0398  D=3.322
[regir] 2:39:21  135,682/1,000,000  14.2/s  upd=2871  L=0.0343  D=3.322
[regir] 2:39:32  135,985/1,000,000  14.2/s  upd=2874  L=0.0384  D=3.322
[regir] 2:39:43  135,985/1,000,000  14.2/s  upd=2878  L=0.0440  D=3.322
[regir] 2:39:54  136,299/1,000,000  14.2/s  upd=2881  L=0.0307  D=3.322
[regir] 2:40:04  136,299/1,000,000  14.2/s  upd=2887  L=0.0518  D=3.322
[regir] 2:40:15  136,582/1,000,000  14.2/s  upd=2892  L=0.0329  D=3.322
[regir] 2:40:26  136,945/1,000,000  14.2/s  upd=2897  L=0.0404  D=3.322
[regir] 2:40:38  136,945/1,000,000  14.2/s  upd=2903  L=0.0247  D=3.322
[regir] 2:41:21  136,945/1,000,000  14.1/s  upd=2904  L=0.0362  D=3.322
[regir] 2:41:32  137,255/1,000,000  14.2/s  upd=2905  L=0.0331  D=3.322
[regir] 2:41:45  137,255/1,000,000  14.1/s  upd=2912  L=0.0251  D=3.322
[regir] 2:41:55  137,255/1,000,000  14.1/s  upd=2912  L=0.0251  D=3.322
[regir] 2:42:06  137,602/1,000,000  14.1/s  upd=2919  L=0.0365  D=3.322
[regir] 2:42:17  137,903/1,000,000  14.2/s  upd=2927  L=0.0310  D=3.322
[regir] 2:42:29  138,243/1,000,000  14.2/s  upd=2933  L=0.0351  D=3.322
[regir] 2:42:39  138,606/1,000,000  14.2/s  upd=2940  L=0.0225  D=3.322
[regir] 2:42:49  138,909/1,000,000  14.2/s  upd=2947  L=0.0361  D=3.322
[regir] 2:43:00  139,252/1,000,000  14.2/s  upd=2953  L=0.0362  D=3.322
[regir] 2:43:11  139,252/1,000,000  14.2/s  upd=2960  L=0.0420  D=3.322
[regir] 2:43:22  139,565/1,000,000  14.2/s  upd=2966  L=0.0279  D=3.322
[regir] 2:43:32  139,885/1,000,000  14.3/s  upd=2969  L=0.0373  D=3.322
[regir] 2:43:44  139,885/1,000,000  14.2/s  upd=2975  L=0.0282  D=3.322
[regir] 2:43:57  140,199/1,000,000  14.3/s  upd=2978  L=0.0963  D=3.322
[regir] 2:44:08  140,199/1,000,000  14.2/s  upd=2983  L=0.0363  D=3.322
[regir] saved resume t_env=140,199
[regir] 2:44:26  140,199/1,000,000  14.2/s  upd=2984  L=0.0277  ev=0/100  D=3.322
[regir] 2:44:36  140,199/1,000,000  14.2/s  upd=2984  L=0.0277  ev=15/100  D=3.322
[regir] 2:44:46  140,199/1,000,000  14.2/s  upd=2984  L=0.0277  ev=23/100  D=3.322
[regir] 2:44:56  140,199/1,000,000  14.2/s  upd=2984  L=0.0277  ev=34/100  D=3.322
[regir] 2:45:06  140,199/1,000,000  14.2/s  upd=2984  L=0.0277  ev=48/100  D=3.322
[regir] 2:45:16  140,199/1,000,000  14.1/s  upd=2984  L=0.0277  ev=63/100  D=3.322
[regir] 2:45:26  140,199/1,000,000  14.1/s  upd=2984  L=0.0277  ev=80/100  D=3.322
[regir] 2:45:37  140,199/1,000,000  14.1/s  upd=2984  L=0.0277  ev=89/100  D=3.322
[regir] 2:47:35  140,199/1,000,000  13.9/s  upd=2984  L=0.0277  D=3.437
[regir] 2:49:44  140,199/1,000,000  13.8/s  upd=2984  L=0.0277  D=3.437
[regir] 2:49:55  140,569/1,000,000  13.8/s  upd=2989  L=0.0621  D=3.437
[regir] 2:50:06  140,930/1,000,000  13.8/s  upd=2995  L=0.0290  D=3.437
[regir] 2:50:17  141,320/1,000,000  13.8/s  upd=3001  L=0.0393  D=3.437
[regir] 2:50:28  141,320/1,000,000  13.8/s  upd=3005  L=0.0243  D=3.437
[regir] 2:50:39  141,655/1,000,000  13.8/s  upd=3010  L=0.0436  D=3.437
[regir] 2:50:51  141,655/1,000,000  13.8/s  upd=3016  L=0.0395  D=3.437
[regir] 2:51:01  141,950/1,000,000  13.8/s  upd=3021  L=0.0353  D=3.437
[regir] 2:51:12  142,283/1,000,000  13.9/s  upd=3025  L=0.0330  D=3.437
[regir] 2:51:24  142,283/1,000,000  13.8/s  upd=3031  L=0.0363  D=3.437
[regir] 2:51:38  142,624/1,000,000  13.8/s  upd=3037  L=0.0427  D=3.437
[regir] 2:51:48  142,916/1,000,000  13.9/s  upd=3041  L=0.0350  D=3.437
[regir] 2:51:59  142,916/1,000,000  13.8/s  upd=3048  L=0.0433  D=3.437
[regir] 2:52:10  143,336/1,000,000  13.9/s  upd=3051  L=0.0426  D=3.437
[regir] 2:52:20  143,336/1,000,000  13.9/s  upd=3056  L=0.0322  D=3.437
[regir] 2:52:30  143,675/1,000,000  13.9/s  upd=3061  L=0.0259  D=3.437
[regir] 2:52:40  143,675/1,000,000  13.9/s  upd=3064  L=0.0459  D=3.437
[regir] 2:52:51  144,055/1,000,000  13.9/s  upd=3071  L=0.0277  D=3.437
[regir] 2:53:01  144,397/1,000,000  13.9/s  upd=3075  L=0.0444  D=3.437
[regir] 2:53:11  144,397/1,000,000  13.9/s  upd=3080  L=0.0451  D=3.437
[regir] 2:53:22  144,771/1,000,000  13.9/s  upd=3084  L=0.0401  D=3.437
[regir] 2:53:32  144,771/1,000,000  13.9/s  upd=3088  L=0.0346  D=3.437
[regir] 2:53:44  145,123/1,000,000  13.9/s  upd=3092  L=0.0359  D=3.437
[regir] 2:53:55  145,123/1,000,000  13.9/s  upd=3096  L=0.0474  D=3.437
[regir] 2:54:06  145,519/1,000,000  13.9/s  upd=3097  L=0.0359  D=3.437
[regir] 2:54:18  145,519/1,000,000  13.9/s  upd=3104  L=0.0246  D=3.437
[regir] saved resume t_env=145,519
[regir] 2:54:28  145,519/1,000,000  13.9/s  upd=3104  L=0.0246  D=3.437
[regir] 2:54:41  145,927/1,000,000  13.9/s  upd=3108  L=0.0508  D=3.437
[regir] 2:54:52  145,927/1,000,000  13.9/s  upd=3112  L=0.0312  D=3.437
[regir] 2:55:18  145,927/1,000,000  13.9/s  upd=3112  L=0.0312  D=3.437
[regir] 2:55:28  146,255/1,000,000  13.9/s  upd=3116  L=0.0525  D=3.437
[regir] 2:55:39  146,613/1,000,000  13.9/s  upd=3122  L=0.0226  D=3.437
[regir] 2:55:51  146,613/1,000,000  13.9/s  upd=3127  L=0.0343  D=3.437
[regir] 2:56:02  146,973/1,000,000  13.9/s  upd=3129  L=0.0249  D=3.437
[regir] 2:56:12  146,973/1,000,000  13.9/s  upd=3134  L=0.0327  D=3.437
[regir] 2:56:22  146,973/1,000,000  13.9/s  upd=3136  L=0.0370  D=3.437
[regir] 2:56:33  147,380/1,000,000  13.9/s  upd=3139  L=0.0258  D=3.437
[regir] 2:56:43  147,380/1,000,000  13.9/s  upd=3144  L=0.0576  D=3.437
[regir] 2:56:53  147,677/1,000,000  13.9/s  upd=3146  L=0.0502  D=3.437
[regir] 2:57:05  147,677/1,000,000  13.9/s  upd=3152  L=0.0414  D=3.437
[regir] 2:57:17  148,069/1,000,000  13.9/s  upd=3155  L=0.0324  D=3.437
[regir] 2:57:29  148,069/1,000,000  13.9/s  upd=3160  L=0.0365  D=3.437
[regir] 2:57:39  148,418/1,000,000  13.9/s  upd=3164  L=0.0208  D=3.437
[regir] 2:57:50  148,418/1,000,000  13.9/s  upd=3168  L=0.0463  D=3.437
[regir] 2:58:00  148,777/1,000,000  13.9/s  upd=3173  L=0.0488  D=3.437
[regir] 2:58:10  148,777/1,000,000  13.9/s  upd=3176  L=0.0547  D=3.437
[regir] 2:58:20  149,183/1,000,000  13.9/s  upd=3179  L=0.0393  D=3.437
[regir] 2:58:30  149,183/1,000,000  13.9/s  upd=3184  L=0.0450  D=3.437
[regir] 2:58:41  149,508/1,000,000  13.9/s  upd=3186  L=0.0342  D=3.437
[regir] 2:58:52  149,508/1,000,000  13.9/s  upd=3191  L=0.0355  D=3.437
[regir] 2:59:04  149,812/1,000,000  13.9/s  upd=3195  L=0.0399  D=3.437
[regir] 2:59:15  149,812/1,000,000  13.9/s  upd=3200  L=0.0436  D=3.437
[regir] 2:59:26  150,165/1,000,000  13.9/s  upd=3204  L=0.0391  D=3.437
[regir] 2:59:36  150,165/1,000,000  13.9/s  upd=3208  L=0.0375  D=3.437
[regir] 2:59:46  150,486/1,000,000  14.0/s  upd=3214  L=0.0293  D=3.437
[regir] 2:59:56  150,486/1,000,000  13.9/s  upd=3216  L=0.0392  D=3.437
[regir] 3:00:07  150,833/1,000,000  14.0/s  upd=3222  L=0.0321  D=3.437
[regir] 3:00:18  151,104/1,000,000  14.0/s  upd=3227  L=0.0358  D=3.437
[regir] 3:01:20  151,104/1,000,000  13.9/s  upd=3232  L=0.0469  D=3.437
[regir] 3:01:31  151,420/1,000,000  13.9/s  upd=3235  L=0.0402  D=3.437
[regir] 3:01:42  151,420/1,000,000  13.9/s  upd=3240  L=0.0427  D=3.437
[regir] 3:01:53  151,772/1,000,000  13.9/s  upd=3242  L=0.0339  D=3.437
[regir] 3:02:03  151,772/1,000,000  13.9/s  upd=3248  L=0.0375  D=3.437
[regir] 3:02:14  152,077/1,000,000  13.9/s  upd=3252  L=0.0364  D=3.437
[regir] 3:02:25  152,077/1,000,000  13.9/s  upd=3256  L=0.0375  D=3.437
[regir] 3:02:36  152,487/1,000,000  13.9/s  upd=3257  L=0.0457  D=3.437
[regir] 3:02:48  152,487/1,000,000  13.9/s  upd=3262  L=0.0311  D=3.437
[regir] 3:02:59  152,807/1,000,000  13.9/s  upd=3267  L=0.0313  D=3.437
[regir] 3:03:10  153,148/1,000,000  13.9/s  upd=3274  L=0.0273  D=3.437
[regir] 3:03:21  153,148/1,000,000  13.9/s  upd=3280  L=0.0533  D=3.437
[regir] 3:03:32  153,478/1,000,000  13.9/s  upd=3286  L=0.0318  D=3.437
[regir] 3:03:44  153,735/1,000,000  13.9/s  upd=3292  L=0.0252  D=3.437
[regir] 3:03:55  154,186/1,000,000  14.0/s  upd=3297  L=0.0345  D=3.437
[regir] 3:04:06  154,186/1,000,000  14.0/s  upd=3303  L=0.0476  D=3.437
[regir] 3:04:16  154,532/1,000,000  14.0/s  upd=3306  L=0.0524  D=3.437
[regir] 3:04:28  154,532/1,000,000  14.0/s  upd=3312  L=0.0324  D=3.437
[regir] saved resume t_env=154,532
[regir] 3:04:38  154,826/1,000,000  14.0/s  upd=3314  L=0.0302  D=3.437
[regir] 3:04:48  154,826/1,000,000  14.0/s  upd=3320  L=0.0499  D=3.437
[regir] 3:05:00  155,168/1,000,000  14.0/s  upd=3324  L=0.0249  D=3.437
[regir] 3:05:11  155,520/1,000,000  14.0/s  upd=3329  L=0.0396  D=3.437
[regir] 3:05:22  155,520/1,000,000  14.0/s  upd=3335  L=0.0388  D=3.437
[regir] 3:05:33  155,882/1,000,000  14.0/s  upd=3338  L=0.0337  D=3.437
[regir] 3:05:45  155,882/1,000,000  14.0/s  upd=3343  L=0.0219  D=3.437
[regir] 3:05:56  156,235/1,000,000  14.0/s  upd=3348  L=0.0417  D=3.437
[regir] 3:06:07  156,559/1,000,000  14.0/s  upd=3354  L=0.0518  D=3.437
[regir] 3:06:17  156,559/1,000,000  14.0/s  upd=3360  L=0.0299  D=3.437
[regir] 3:06:29  156,873/1,000,000  14.0/s  upd=3364  L=0.0554  D=3.437
[regir] 3:07:51  156,873/1,000,000  13.9/s  upd=3368  L=0.0333  D=3.437
[regir] 3:08:02  157,253/1,000,000  13.9/s  upd=3372  L=0.0422  D=3.437
[regir] 3:08:13  157,599/1,000,000  14.0/s  upd=3377  L=0.0591  D=3.437
[regir] 3:08:24  157,599/1,000,000  13.9/s  upd=3384  L=0.0426  D=3.437
[regir] 3:08:34  157,892/1,000,000  14.0/s  upd=3385  L=0.0441  D=3.437
[regir] 3:08:45  157,892/1,000,000  13.9/s  upd=3392  L=0.0440  D=3.437
[regir] 3:08:56  158,250/1,000,000  14.0/s  upd=3394  L=0.0347  D=3.437
[regir] 3:09:07  158,250/1,000,000  13.9/s  upd=3399  L=0.0414  D=3.437
[regir] 3:09:17  158,594/1,000,000  14.0/s  upd=3402  L=0.0555  D=3.437
[regir] 3:09:27  158,594/1,000,000  14.0/s  upd=3408  L=0.0385  D=3.437
[regir] 3:09:38  158,877/1,000,000  14.0/s  upd=3413  L=0.0321  D=3.437
[regir] 3:09:48  159,190/1,000,000  14.0/s  upd=3417  L=0.0367  D=3.437
[regir] 3:09:59  159,190/1,000,000  14.0/s  upd=3422  L=0.0409  D=3.437
[regir] 3:10:11  159,525/1,000,000  14.0/s  upd=3426  L=0.0565  D=3.437
[regir] 3:10:22  159,525/1,000,000  14.0/s  upd=3432  L=0.0300  D=3.437
[regir] 3:10:32  159,785/1,000,000  14.0/s  upd=3436  L=0.0388  D=3.437
[regir] 3:10:42  159,785/1,000,000  14.0/s  upd=3440  L=0.0522  D=3.437
[regir] 3:10:53  160,140/1,000,000  14.0/s  upd=3445  L=0.0373  D=3.437
[regir] saved resume t_env=160,140
[regir] 3:11:14  160,140/1,000,000  14.0/s  upd=3448  L=0.0376  ev=0/100  D=3.437
[regir] 3:11:24  160,140/1,000,000  13.9/s  upd=3448  L=0.0376  ev=12/100  D=3.437
[regir] 3:11:34  160,140/1,000,000  13.9/s  upd=3448  L=0.0376  ev=45/100  D=3.437
[regir] 3:11:44  160,140/1,000,000  13.9/s  upd=3448  L=0.0376  ev=65/100  D=3.437
[regir] 3:11:54  160,140/1,000,000  13.9/s  upd=3448  L=0.0376  ev=96/100  D=3.437
[regir] 3:12:33  160,140/1,000,000  13.9/s  upd=3448  L=0.0376  D=1.706
[regir] 3:12:43  160,480/1,000,000  13.9/s  upd=3450  L=0.0318  D=1.706
[regir] 3:12:53  160,480/1,000,000  13.9/s  upd=3456  L=0.0477  D=1.706
[regir] 3:13:52  160,480/1,000,000  13.8/s  upd=3456  L=0.0477  D=1.706
[regir] 3:14:03  160,791/1,000,000  13.8/s  upd=3459  L=0.0516  D=1.706
[regir] 3:14:14  160,791/1,000,000  13.8/s  upd=3464  L=0.0266  D=1.706
[regir] 3:14:24  161,137/1,000,000  13.8/s  upd=3468  L=0.0322  D=1.706
[regir] 3:14:35  161,137/1,000,000  13.8/s  upd=3472  L=0.0444  D=1.706
[regir] 3:14:46  161,412/1,000,000  13.8/s  upd=3478  L=0.0337  D=1.706
[regir] 3:14:56  161,702/1,000,000  13.8/s  upd=3482  L=0.0326  D=1.706
[regir] 3:15:07  161,702/1,000,000  13.8/s  upd=3488  L=0.0372  D=1.706
[regir] 3:15:17  162,022/1,000,000  13.8/s  upd=3492  L=0.0405  D=1.706
[regir] 3:15:27  162,022/1,000,000  13.8/s  upd=3496  L=0.0391  D=1.706
[regir] 3:15:40  162,334/1,000,000  13.8/s  upd=3498  L=0.0446  D=1.706
[regir] 3:15:52  162,334/1,000,000  13.8/s  upd=3504  L=0.0512  D=1.706
[regir] 3:16:03  162,681/1,000,000  13.8/s  upd=3507  L=0.0273  D=1.706
[regir] 3:16:14  162,681/1,000,000  13.8/s  upd=3512  L=0.0474  D=1.706
[regir] 3:16:25  163,005/1,000,000  13.8/s  upd=3516  L=0.0371  D=1.706
[regir] 3:16:35  163,005/1,000,000  13.8/s  upd=3520  L=0.0433  D=1.706
[regir] 3:16:45  163,325/1,000,000  13.8/s  upd=3523  L=0.0362  D=1.706
[regir] 3:16:57  163,325/1,000,000  13.8/s  upd=3528  L=0.0440  D=1.706
[regir] 3:17:08  163,727/1,000,000  13.8/s  upd=3532  L=0.0256  D=1.706
[regir] 3:17:18  163,993/1,000,000  13.9/s  upd=3537  L=0.0229  D=1.706
[regir] 3:17:28  163,993/1,000,000  13.8/s  upd=3544  L=0.0475  D=1.706
[regir] 3:17:39  164,352/1,000,000  13.9/s  upd=3550  L=0.0360  D=1.706
[regir] 3:17:49  164,687/1,000,000  13.9/s  upd=3556  L=0.0389  D=1.706
[regir] 3:17:59  164,969/1,000,000  13.9/s  upd=3562  L=0.0475  D=1.706
[regir] 3:18:11  165,299/1,000,000  13.9/s  upd=3570  L=0.0324  D=1.706
[regir] 3:18:22  165,299/1,000,000  13.9/s  upd=3575  L=0.0477  D=1.706
[regir] 3:18:33  165,643/1,000,000  13.9/s  upd=3580  L=0.0281  D=1.706
[regir] 3:18:43  165,643/1,000,000  13.9/s  upd=3584  L=0.0500  D=1.706
[regir] 3:18:54  165,956/1,000,000  13.9/s  upd=3588  L=0.0360  D=1.706
[regir] 3:20:02  165,956/1,000,000  13.8/s  upd=3592  L=0.0358  D=1.706
[regir] 3:20:12  166,325/1,000,000  13.8/s  upd=3594  L=0.0337  D=1.706
[regir] 3:20:24  166,325/1,000,000  13.8/s  upd=3599  L=0.0291  D=1.706
[regir] 3:20:35  166,673/1,000,000  13.8/s  upd=3603  L=0.0244  D=1.706
[regir] 3:20:45  166,673/1,000,000  13.8/s  upd=3608  L=0.0322  D=1.706
[regir] 3:20:57  167,056/1,000,000  13.9/s  upd=3614  L=0.0299  D=1.706
[regir] saved resume t_env=167,056
[regir] 3:21:07  167,056/1,000,000  13.8/s  upd=3616  L=0.0336  D=1.706
[regir] 3:21:17  167,462/1,000,000  13.9/s  upd=3622  L=0.0461  D=1.706
[regir] 3:21:27  167,462/1,000,000  13.9/s  upd=3624  L=0.0330  D=1.706
[regir] 3:21:39  167,772/1,000,000  13.9/s  upd=3629  L=0.0375  D=1.706
[regir] 3:21:49  167,772/1,000,000  13.9/s  upd=3632  L=0.0454  D=1.706
[regir] 3:21:59  168,147/1,000,000  13.9/s  upd=3636  L=0.0435  D=1.706
[regir] 3:22:09  168,147/1,000,000  13.9/s  upd=3640  L=0.0400  D=1.706
[regir] 3:22:23  168,430/1,000,000  13.9/s  upd=3643  L=0.0300  D=1.706
[regir] 3:22:33  168,430/1,000,000  13.9/s  upd=3648  L=0.0362  D=1.706
[regir] 3:22:45  168,738/1,000,000  13.9/s  upd=3650  L=0.0397  D=1.706
[regir] 3:22:55  168,738/1,000,000  13.9/s  upd=3655  L=0.0534  D=1.706
[regir] 3:23:09  169,127/1,000,000  13.9/s  upd=3658  L=0.0290  D=1.706
[regir] 3:23:19  169,127/1,000,000  13.9/s  upd=3663  L=0.0369  D=1.706
[regir] 3:23:30  169,449/1,000,000  13.9/s  upd=3665  L=0.0318  D=1.706
[regir] 3:23:42  169,449/1,000,000  13.9/s  upd=3672  L=0.0364  D=1.706
[regir] 3:23:53  169,824/1,000,000  13.9/s  upd=3674  L=0.0333  D=1.706
[regir] 3:24:05  169,824/1,000,000  13.9/s  upd=3679  L=0.0523  D=1.706
[regir] 3:24:15  170,180/1,000,000  13.9/s  upd=3681  L=0.0594  D=1.706
[regir] 3:24:28  170,180/1,000,000  13.9/s  upd=3686  L=0.0287  D=1.706
[regir] 3:24:38  170,510/1,000,000  13.9/s  upd=3690  L=0.0419  D=1.706
[regir] 3:24:51  170,510/1,000,000  13.9/s  upd=3696  L=0.0347  D=1.706
[regir] 3:25:01  170,862/1,000,000  13.9/s  upd=3699  L=0.0548  D=1.706
[regir] 3:25:12  170,862/1,000,000  13.9/s  upd=3703  L=0.0394  D=1.706
[regir] 3:25:49  170,862/1,000,000  13.8/s  upd=3704  L=0.0484  D=1.706
[regir] 3:26:00  171,158/1,000,000  13.8/s  upd=3707  L=0.0363  D=1.706
[regir] 3:26:10  171,158/1,000,000  13.8/s  upd=3712  L=0.0268  D=1.706
[regir] 3:26:21  171,450/1,000,000  13.8/s  upd=3715  L=0.0231  D=1.706
[regir] 3:26:31  171,450/1,000,000  13.8/s  upd=3720  L=0.0492  D=1.706
[regir] 3:26:42  171,826/1,000,000  13.9/s  upd=3722  L=0.0453  D=1.706
[regir] 3:26:53  171,826/1,000,000  13.8/s  upd=3727  L=0.0290  D=1.706
[regir] 3:27:04  172,179/1,000,000  13.9/s  upd=3732  L=0.0504  D=1.706
[regir] 3:27:14  172,558/1,000,000  13.9/s  upd=3738  L=0.0363  D=1.706
[regir] 3:27:26  172,967/1,000,000  13.9/s  upd=3745  L=0.0393  D=1.706
[regir] 3:27:37  173,318/1,000,000  13.9/s  upd=3755  L=0.0367  D=1.706
[regir] 3:27:50  173,668/1,000,000  13.9/s  upd=3764  L=0.0399  D=1.706
[regir] 3:28:00  173,668/1,000,000  13.9/s  upd=3768  L=0.0283  D=1.706
[regir] 3:28:12  174,043/1,000,000  13.9/s  upd=3774  L=0.0340  D=1.706
[regir] 3:28:23  174,369/1,000,000  13.9/s  upd=3780  L=0.0345  D=1.706
[regir] 3:28:33  174,639/1,000,000  14.0/s  upd=3786  L=0.0527  D=1.706
[regir] 3:28:43  174,639/1,000,000  13.9/s  upd=3792  L=0.0381  D=1.706
[regir] 3:28:54  174,976/1,000,000  14.0/s  upd=3799  L=0.0471  D=1.706
[regir] 3:29:05  175,282/1,000,000  14.0/s  upd=3806  L=0.0292  D=1.706
[regir] 3:29:16  175,578/1,000,000  14.0/s  upd=3811  L=0.0340  D=1.706
[regir] 3:29:26  175,578/1,000,000  14.0/s  upd=3816  L=0.0371  D=1.706
[regir] 3:29:36  175,903/1,000,000  14.0/s  upd=3820  L=0.0464  D=1.706
[regir] 3:29:46  176,259/1,000,000  14.0/s  upd=3826  L=0.0231  D=1.706
[regir] 3:29:58  176,259/1,000,000  14.0/s  upd=3832  L=0.0327  D=1.706
[regir] 3:30:08  176,581/1,000,000  14.0/s  upd=3836  L=0.0510  D=1.706
[regir] 3:30:19  176,870/1,000,000  14.0/s  upd=3844  L=0.0316  D=1.706
[regir] 3:30:29  177,187/1,000,000  14.0/s  upd=3849  L=0.0340  D=1.706
[regir] 3:30:41  177,187/1,000,000  14.0/s  upd=3856  L=0.0362  D=1.706
[regir] 3:30:53  177,538/1,000,000  14.0/s  upd=3863  L=0.0277  D=1.706
[regir] 3:32:37  177,538/1,000,000  13.9/s  upd=3864  L=0.0383  D=1.706
[regir] 3:32:50  177,911/1,000,000  13.9/s  upd=3866  L=0.0446  D=1.706
[regir] 3:33:00  177,911/1,000,000  13.9/s  upd=3872  L=0.0345  D=1.706
[regir] saved resume t_env=177,911
[regir] 3:33:12  178,273/1,000,000  13.9/s  upd=3875  L=0.0367  D=1.706
[regir] 3:33:22  178,273/1,000,000  13.9/s  upd=3880  L=0.0331  D=1.706
[regir] 3:33:33  178,589/1,000,000  13.9/s  upd=3886  L=0.0304  D=1.706
[regir] 3:33:45  178,901/1,000,000  13.9/s  upd=3889  L=0.0283  D=1.706
[regir] 3:33:56  178,901/1,000,000  13.9/s  upd=3894  L=0.0310  D=1.706
[regir] 3:34:08  179,196/1,000,000  13.9/s  upd=3899  L=0.0429  D=1.706
[regir] 3:34:18  179,196/1,000,000  13.9/s  upd=3904  L=0.0405  D=1.706
[regir] 3:34:28  179,531/1,000,000  14.0/s  upd=3906  L=0.0451  D=1.706
[regir] 3:34:40  179,531/1,000,000  13.9/s  upd=3911  L=0.0373  D=1.706
[regir] 3:34:50  179,531/1,000,000  13.9/s  upd=3912  L=0.0623  D=1.706
[regir] 3:35:02  179,912/1,000,000  13.9/s  upd=3913  L=0.0431  D=1.706
[regir] 3:35:12  179,912/1,000,000  13.9/s  upd=3920  L=0.0360  D=1.706
[regir] 3:35:23  180,281/1,000,000  14.0/s  upd=3922  L=0.0543  D=1.706
[regir] 3:35:33  180,281/1,000,000  13.9/s  upd=3927  L=0.0381  D=1.706
[regir] saved resume t_env=180,281
[regir] 3:35:50  180,281/1,000,000  13.9/s  upd=3928  L=0.0483  ev=0/100  D=1.706
[regir] 3:36:00  180,281/1,000,000  13.9/s  upd=3928  L=0.0483  ev=32/100  D=1.706
[regir] 3:36:10  180,281/1,000,000  13.9/s  upd=3928  L=0.0483  ev=69/100  D=1.706
[regir] 3:38:00  180,281/1,000,000  13.8/s  upd=3928  L=0.0483  D=2.606
[regir] 3:39:18  180,281/1,000,000  13.7/s  upd=3928  L=0.0483  D=2.606
[regir] 3:39:28  180,658/1,000,000  13.7/s  upd=3932  L=0.0366  D=2.606
[regir] 3:39:39  180,959/1,000,000  13.7/s  upd=3937  L=0.0221  D=2.606
[regir] 3:39:49  180,959/1,000,000  13.7/s  upd=3943  L=0.0326  D=2.606
[regir] 3:40:01  181,310/1,000,000  13.7/s  upd=3946  L=0.0288  D=2.606
[regir] 3:40:11  181,310/1,000,000  13.7/s  upd=3952  L=0.0560  D=2.606
[regir] 3:40:23  181,677/1,000,000  13.7/s  upd=3957  L=0.0414  D=2.606
[regir] 3:40:33  181,677/1,000,000  13.7/s  upd=3960  L=0.0338  D=2.606
[regir] 3:40:43  181,997/1,000,000  13.7/s  upd=3964  L=0.0267  D=2.606
[regir] 3:40:53  181,997/1,000,000  13.7/s  upd=3968  L=0.0240  D=2.606
[regir] 3:41:04  182,287/1,000,000  13.7/s  upd=3973  L=0.0542  D=2.606
[regir] 3:41:14  182,287/1,000,000  13.7/s  upd=3976  L=0.0365  D=2.606
[regir] 3:41:26  182,593/1,000,000  13.7/s  upd=3982  L=0.0314  D=2.606
[regir] 3:41:36  182,593/1,000,000  13.7/s  upd=3984  L=0.0331  D=2.606
[regir] 3:41:48  182,894/1,000,000  13.7/s  upd=3988  L=0.0402  D=2.606
[regir] 3:41:58  182,894/1,000,000  13.7/s  upd=3992  L=0.0339  D=2.606
[regir] 3:42:10  183,259/1,000,000  13.7/s  upd=3993  L=0.0311  D=2.606
[regir] 3:42:21  183,259/1,000,000  13.7/s  upd=3999  L=0.0337  D=2.606
[regir] 3:42:31  183,594/1,000,000  13.8/s  upd=4004  L=0.0439  D=2.606
[regir] 3:42:42  183,950/1,000,000  13.8/s  upd=4009  L=0.0464  D=2.606
[regir] 3:42:52  183,950/1,000,000  13.8/s  upd=4014  L=0.0396  D=2.606
[regir] 3:43:02  184,304/1,000,000  13.8/s  upd=4018  L=0.0404  D=2.606
[regir] 3:43:13  184,304/1,000,000  13.8/s  upd=4024  L=0.0427  D=2.606
[regir] 3:43:23  184,652/1,000,000  13.8/s  upd=4027  L=0.0447  D=2.606
[regir] 3:43:33  184,652/1,000,000  13.8/s  upd=4032  L=0.0425  D=2.606
[regir] 3:43:43  185,006/1,000,000  13.8/s  upd=4035  L=0.0346  D=2.606
[regir] 3:43:54  185,006/1,000,000  13.8/s  upd=4040  L=0.0257  D=2.606
[regir] 3:44:06  185,377/1,000,000  13.8/s  upd=4043  L=0.0396  D=2.606
[regir] 3:44:16  185,377/1,000,000  13.8/s  upd=4048  L=0.0416  D=2.606
[regir] 3:44:29  185,762/1,000,000  13.8/s  upd=4053  L=0.0371  D=2.606
[regir] 3:45:31  185,762/1,000,000  13.7/s  upd=4056  L=0.0461  D=2.606
[regir] 3:45:41  186,058/1,000,000  13.7/s  upd=4059  L=0.0374  D=2.606
[regir] 3:45:53  186,058/1,000,000  13.7/s  upd=4064  L=0.0322  D=2.606
[regir] saved resume t_env=186,058
[regir] 3:46:03  186,327/1,000,000  13.7/s  upd=4066  L=0.0331  D=2.606
[regir] 3:46:13  186,327/1,000,000  13.7/s  upd=4072  L=0.0363  D=2.606
[regir] 3:46:24  186,652/1,000,000  13.7/s  upd=4075  L=0.0380  D=2.606
[regir] 3:46:35  186,969/1,000,000  13.8/s  upd=4081  L=0.0469  D=2.606
[regir] 3:46:45  186,969/1,000,000  13.7/s  upd=4088  L=0.0354  D=2.606
[regir] 3:46:55  187,287/1,000,000  13.8/s  upd=4096  L=0.0404  D=2.606
[regir] 3:47:08  187,644/1,000,000  13.8/s  upd=4099  L=0.0243  D=2.606
[regir] 3:47:18  187,644/1,000,000  13.8/s  upd=4104  L=0.0240  D=2.606
[regir] 3:47:29  187,963/1,000,000  13.8/s  upd=4108  L=0.0634  D=2.606
[regir] 3:47:40  188,313/1,000,000  13.8/s  upd=4114  L=0.0360  D=2.606
[regir] 3:47:50  188,313/1,000,000  13.8/s  upd=4120  L=0.0336  D=2.606
[regir] 3:48:01  188,616/1,000,000  13.8/s  upd=4125  L=0.0402  D=2.606
[regir] 3:48:11  188,919/1,000,000  13.8/s  upd=4129  L=0.0397  D=2.606
[regir] 3:48:22  188,919/1,000,000  13.8/s  upd=4134  L=0.0485  D=2.606
[regir] 3:48:33  189,275/1,000,000  13.8/s  upd=4141  L=0.0364  D=2.606
[regir] 3:48:44  189,623/1,000,000  13.8/s  upd=4148  L=0.0440  D=2.606
[regir] 3:48:56  189,978/1,000,000  13.8/s  upd=4154  L=0.0426  D=2.606
[regir] 3:49:06  190,297/1,000,000  13.8/s  upd=4161  L=0.0380  D=2.606
[regir] 3:49:19  190,297/1,000,000  13.8/s  upd=4168  L=0.0539  D=2.606
[regir] 3:49:30  190,643/1,000,000  13.8/s  upd=4172  L=0.0636  D=2.606
[regir] 3:49:40  190,643/1,000,000  13.8/s  upd=4176  L=0.0364  D=2.606
[regir] 3:49:50  190,981/1,000,000  13.8/s  upd=4179  L=0.0394  D=2.606
[regir] 3:50:01  191,334/1,000,000  13.9/s  upd=4185  L=0.0554  D=2.606
[regir] 3:50:13  191,334/1,000,000  13.9/s  upd=4191  L=0.0420  D=2.606
[regir] 3:50:23  191,334/1,000,000  13.8/s  upd=4192  L=0.0285  D=2.606
[regir] 3:50:34  191,712/1,000,000  13.9/s  upd=4198  L=0.0372  D=2.606
[regir] 3:51:22  191,712/1,000,000  13.8/s  upd=4200  L=0.0372  D=2.606
[regir] 3:51:33  192,058/1,000,000  13.8/s  upd=4204  L=0.0281  D=2.606
[regir] 3:51:45  192,351/1,000,000  13.8/s  upd=4210  L=0.0511  D=2.606
[regir] 3:51:55  192,351/1,000,000  13.8/s  upd=4216  L=0.0441  D=2.606
[regir] 3:52:06  192,673/1,000,000  13.8/s  upd=4221  L=0.0496  D=2.606
[regir] 3:52:17  192,996/1,000,000  13.8/s  upd=4229  L=0.0462  D=2.606
[regir] 3:52:29  193,281/1,000,000  13.9/s  upd=4236  L=0.0352  D=2.606
[regir] 3:52:39  193,561/1,000,000  13.9/s  upd=4244  L=0.0395  D=2.606
[regir] 3:52:49  193,883/1,000,000  13.9/s  upd=4249  L=0.0372  D=2.606
[regir] 3:53:00  193,883/1,000,000  13.9/s  upd=4254  L=0.0345  D=2.606
[regir] 3:53:10  194,258/1,000,000  13.9/s  upd=4259  L=0.0328  D=2.606
[regir] 3:53:23  194,258/1,000,000  13.9/s  upd=4264  L=0.0446  D=2.606
[regir] 3:53:34  194,618/1,000,000  13.9/s  upd=4266  L=0.0363  D=2.606
[regir] 3:53:46  194,618/1,000,000  13.9/s  upd=4272  L=0.0552  D=2.606
[regir] 3:53:58  194,922/1,000,000  13.9/s  upd=4276  L=0.0426  D=2.606
[regir] 3:54:08  194,922/1,000,000  13.9/s  upd=4280  L=0.0378  D=2.606
[regir] 3:54:20  195,319/1,000,000  13.9/s  upd=4283  L=0.0344  D=2.606
[regir] 3:54:30  195,319/1,000,000  13.9/s  upd=4288  L=0.0308  D=2.606
[regir] 3:54:40  195,596/1,000,000  13.9/s  upd=4291  L=0.0451  D=2.606
[regir] 3:54:50  195,596/1,000,000  13.9/s  upd=4296  L=0.0429  D=2.606
[regir] 3:55:01  195,966/1,000,000  13.9/s  upd=4300  L=0.0332  D=2.606
[regir] 3:55:11  195,966/1,000,000  13.9/s  upd=4304  L=0.0357  D=2.606
[regir] 3:55:22  196,379/1,000,000  13.9/s  upd=4310  L=0.0257  D=2.606
[regir] 3:55:34  196,685/1,000,000  13.9/s  upd=4314  L=0.0299  D=2.606
[regir] 3:55:44  196,685/1,000,000  13.9/s  upd=4320  L=0.0552  D=2.606
[regir] 3:55:55  197,053/1,000,000  13.9/s  upd=4324  L=0.0397  D=2.606
[regir] saved resume t_env=197,053
[regir] 3:56:05  197,053/1,000,000  13.9/s  upd=4328  L=0.0323  D=2.606
[regir] 3:56:16  197,380/1,000,000  13.9/s  upd=4331  L=0.0407  D=2.606
[regir] 3:57:15  197,380/1,000,000  13.9/s  upd=4336  L=0.0532  D=2.606
[regir] 3:57:26  197,657/1,000,000  13.9/s  upd=4339  L=0.0400  D=2.606
[regir] 3:57:36  197,657/1,000,000  13.9/s  upd=4344  L=0.0526  D=2.606
[regir] 3:57:48  198,004/1,000,000  13.9/s  upd=4345  L=0.0297  D=2.606
[regir] 3:58:00  198,004/1,000,000  13.9/s  upd=4351  L=0.0319  D=2.606
[regir] 3:58:10  198,360/1,000,000  13.9/s  upd=4353  L=0.0361  D=2.606
[regir] 3:58:21  198,360/1,000,000  13.9/s  upd=4359  L=0.0317  D=2.606
[regir] 3:58:31  198,360/1,000,000  13.9/s  upd=4360  L=0.0272  D=2.606
[regir] 3:58:42  198,724/1,000,000  13.9/s  upd=4364  L=0.0379  D=2.606
[regir] 3:58:52  198,724/1,000,000  13.9/s  upd=4368  L=0.0405  D=2.606
[regir] 3:59:04  199,052/1,000,000  13.9/s  upd=4370  L=0.0282  D=2.606
[regir] 3:59:14  199,052/1,000,000  13.9/s  upd=4375  L=0.0335  D=2.606
[regir] 3:59:25  199,375/1,000,000  13.9/s  upd=4378  L=0.0304  D=2.606
[regir] 3:59:36  199,375/1,000,000  13.9/s  upd=4384  L=0.0324  D=2.606
[regir] 3:59:46  199,375/1,000,000  13.9/s  upd=4384  L=0.0324  D=2.606
[regir] 3:59:59  199,724/1,000,000  13.9/s  upd=4388  L=0.0334  D=2.606
[regir] 4:00:10  199,724/1,000,000  13.9/s  upd=4392  L=0.0449  D=2.606
[regir] 4:00:22  200,057/1,000,000  13.9/s  upd=4394  L=0.0566  D=2.606
[regir] saved resume t_env=200,057
[regir] 4:00:48  200,057/1,000,000  13.8/s  upd=4400  L=0.0476  ev=0/100  D=2.606
[regir] 4:00:58  200,057/1,000,000  13.8/s  upd=4400  L=0.0476  ev=41/100  D=2.606
[regir] 4:01:08  200,057/1,000,000  13.8/s  upd=4400  L=0.0476  ev=80/100  D=2.606
[regir] 4:03:59  200,057/1,000,000  13.7/s  upd=4400  L=0.0476  D=2.938
[regir] 4:05:47  200,057/1,000,000  13.6/s  upd=4400  L=0.0476  D=2.938
[regir] 4:05:57  200,368/1,000,000  13.6/s  upd=4402  L=0.0370  D=2.938
[regir] 4:06:09  200,368/1,000,000  13.6/s  upd=4406  L=0.0425  D=2.938
[regir] 4:06:19  200,368/1,000,000  13.6/s  upd=4408  L=0.0317  D=2.938
[regir] 4:06:29  200,704/1,000,000  13.6/s  upd=4414  L=0.0378  D=2.938
[regir] 4:06:39  200,987/1,000,000  13.6/s  upd=4417  L=0.0473  D=2.938
[regir] 4:06:51  200,987/1,000,000  13.6/s  upd=4422  L=0.0421  D=2.938
[regir] 4:07:02  201,269/1,000,000  13.6/s  upd=4427  L=0.0508  D=2.938
[regir] 4:07:13  201,269/1,000,000  13.6/s  upd=4431  L=0.0278  D=2.938
[regir] 4:07:24  201,659/1,000,000  13.6/s  upd=4436  L=0.0369  D=2.938
[regir] 4:07:34  201,659/1,000,000  13.6/s  upd=4440  L=0.0386  D=2.938
[regir] 4:07:47  202,011/1,000,000  13.6/s  upd=4447  L=0.0462  D=2.938
[regir] 4:08:01  202,344/1,000,000  13.6/s  upd=4452  L=0.0233  D=2.938
[regir] 4:08:12  202,732/1,000,000  13.6/s  upd=4458  L=0.0553  D=2.938
[regir] 4:08:22  202,732/1,000,000  13.6/s  upd=4464  L=0.0276  D=2.938
[regir] 4:08:32  203,043/1,000,000  13.6/s  upd=4471  L=0.0306  D=2.938
[regir] 4:08:44  203,381/1,000,000  13.6/s  upd=4475  L=0.0297  D=2.938
[regir] 4:08:54  203,381/1,000,000  13.6/s  upd=4480  L=0.0293  D=2.938
[regir] 4:09:05  203,719/1,000,000  13.6/s  upd=4482  L=0.0418  D=2.938
[regir] 4:09:15  203,719/1,000,000  13.6/s  upd=4488  L=0.0522  D=2.938
[regir] 4:09:26  204,006/1,000,000  13.6/s  upd=4492  L=0.0275  D=2.938
[regir] 4:09:36  204,006/1,000,000  13.6/s  upd=4496  L=0.0287  D=2.938
[regir] 4:09:46  204,338/1,000,000  13.6/s  upd=4499  L=0.0455  D=2.938
[regir] 4:09:57  204,338/1,000,000  13.6/s  upd=4504  L=0.0353  D=2.938
[regir] 4:10:08  204,671/1,000,000  13.6/s  upd=4512  L=0.0297  D=2.938
[regir] 4:10:19  205,046/1,000,000  13.7/s  upd=4514  L=0.0409  D=2.938
[regir] 4:10:29  205,046/1,000,000  13.6/s  upd=4520  L=0.0425  D=2.938
[regir] 4:10:40  205,333/1,000,000  13.7/s  upd=4524  L=0.0593  D=2.938
[regir] saved resume t_env=205,333
[regir] 4:12:51  205,333/1,000,000  13.5/s  upd=4528  L=0.0353  D=2.938
[regir] 4:13:01  205,685/1,000,000  13.5/s  upd=4531  L=0.0340  D=2.938
[regir] 4:13:11  205,685/1,000,000  13.5/s  upd=4536  L=0.0384  D=2.938
[regir] 4:13:23  206,103/1,000,000  13.6/s  upd=4541  L=0.0418  D=2.938
[regir] 4:13:34  206,438/1,000,000  13.6/s  upd=4545  L=0.0739  D=2.938
[regir] 4:13:45  206,438/1,000,000  13.6/s  upd=4552  L=0.0410  D=2.938
[regir] 4:13:56  206,800/1,000,000  13.6/s  upd=4555  L=0.0363  D=2.938
[regir] 4:14:07  206,800/1,000,000  13.6/s  upd=4560  L=0.0375  D=2.938
[regir] 4:14:18  207,172/1,000,000  13.6/s  upd=4564  L=0.0379  D=2.938
[regir] 4:14:28  207,172/1,000,000  13.6/s  upd=4568  L=0.0485  D=2.938
[regir] 4:14:40  207,533/1,000,000  13.6/s  upd=4573  L=0.0533  D=2.938
[regir] 4:14:50  207,873/1,000,000  13.6/s  upd=4578  L=0.0265  D=2.938
[regir] 4:15:01  207,873/1,000,000  13.6/s  upd=4584  L=0.0428  D=2.938
[regir] 4:15:11  208,189/1,000,000  13.6/s  upd=4589  L=0.0351  D=2.938
[regir] 4:15:22  208,523/1,000,000  13.6/s  upd=4596  L=0.0559  D=2.938
[regir] 4:15:33  208,898/1,000,000  13.6/s  upd=4602  L=0.0391  D=2.938
[regir] 4:15:43  208,898/1,000,000  13.6/s  upd=4608  L=0.0350  D=2.938
[regir] 4:15:54  209,264/1,000,000  13.6/s  upd=4614  L=0.0383  D=2.938
[regir] 4:16:04  209,584/1,000,000  13.6/s  upd=4621  L=0.0499  D=2.938
[regir] 4:16:16  209,999/1,000,000  13.7/s  upd=4627  L=0.0447  D=2.938
[regir] 4:16:28  210,357/1,000,000  13.7/s  upd=4633  L=0.0316  D=2.938
[regir] 4:16:39  210,357/1,000,000  13.7/s  upd=4640  L=0.0388  D=2.938
[regir] 4:16:49  210,717/1,000,000  13.7/s  upd=4645  L=0.0421  D=2.938
[regir] 4:17:03  211,072/1,000,000  13.7/s  upd=4650  L=0.0343  D=2.938
[regir] 4:17:13  211,072/1,000,000  13.7/s  upd=4656  L=0.0313  D=2.938
[regir] 4:17:24  211,414/1,000,000  13.7/s  upd=4660  L=0.0377  D=2.938
[regir] 4:17:35  211,741/1,000,000  13.7/s  upd=4665  L=0.0432  D=2.938
[regir] 4:17:45  211,741/1,000,000  13.7/s  upd=4671  L=0.0539  D=2.938
[regir] 4:17:57  212,104/1,000,000  13.7/s  upd=4676  L=0.0495  D=2.938
[regir] 4:18:07  212,104/1,000,000  13.7/s  upd=4680  L=0.0459  D=2.938
[regir] 4:19:08  212,104/1,000,000  13.6/s  upd=4680  L=0.0459  D=2.938
[regir] 4:19:20  212,400/1,000,000  13.7/s  upd=4684  L=0.0447  D=2.938
[regir] 4:19:31  212,706/1,000,000  13.7/s  upd=4689  L=0.0370  D=2.938
[regir] 4:19:41  212,706/1,000,000  13.7/s  upd=4694  L=0.0372  D=2.938
[regir] 4:19:53  213,022/1,000,000  13.7/s  upd=4697  L=0.0336  D=2.938
[regir] 4:20:06  213,022/1,000,000  13.6/s  upd=4702  L=0.0299  D=2.938
[regir] 4:20:19  213,415/1,000,000  13.7/s  upd=4705  L=0.0376  D=2.938
[regir] 4:20:30  213,415/1,000,000  13.7/s  upd=4710  L=0.0308  D=2.938
[regir] 4:20:40  213,750/1,000,000  13.7/s  upd=4713  L=0.0372  D=2.938
[regir] 4:20:52  213,750/1,000,000  13.7/s  upd=4717  L=0.0347  D=2.938
[regir] saved resume t_env=213,750
[regir] 4:21:02  213,750/1,000,000  13.6/s  upd=4720  L=0.0298  D=2.938
[regir] 4:21:12  213,750/1,000,000  13.6/s  upd=4720  L=0.0298  D=2.938
[regir] 4:21:24  214,103/1,000,000  13.7/s  upd=4726  L=0.0337  D=2.938
[regir] 4:21:34  214,103/1,000,000  13.6/s  upd=4728  L=0.0302  D=2.938
[regir] 4:21:46  214,365/1,000,000  13.6/s  upd=4736  L=0.0302  D=2.938
[regir] 4:21:58  214,719/1,000,000  13.7/s  upd=4739  L=0.0385  D=2.938
[regir] 4:22:09  215,048/1,000,000  13.7/s  upd=4746  L=0.0343  D=2.938
[regir] 4:22:19  215,048/1,000,000  13.7/s  upd=4750  L=0.0280  D=2.938
[regir] 4:22:30  215,366/1,000,000  13.7/s  upd=4755  L=0.0266  D=2.938
[regir] 4:22:40  215,366/1,000,000  13.7/s  upd=4760  L=0.0682  D=2.938
[regir] 4:22:51  215,702/1,000,000  13.7/s  upd=4765  L=0.0429  D=2.938
[regir] 4:23:04  216,031/1,000,000  13.7/s  upd=4769  L=0.0264  D=2.938
[regir] 4:23:15  216,031/1,000,000  13.7/s  upd=4774  L=0.0513  D=2.938
[regir] 4:23:25  216,385/1,000,000  13.7/s  upd=4778  L=0.0555  D=2.938
[regir] 4:23:36  216,385/1,000,000  13.7/s  upd=4784  L=0.0265  D=2.938
[regir] 4:23:48  216,681/1,000,000  13.7/s  upd=4789  L=0.0372  D=2.938
[regir] 4:23:58  216,681/1,000,000  13.7/s  upd=4792  L=0.0393  D=2.938
[regir] 4:24:08  216,993/1,000,000  13.7/s  upd=4796  L=0.0270  D=2.938
[regir] 4:24:41  216,993/1,000,000  13.7/s  upd=4800  L=0.0230  D=2.938
[regir] 4:24:54  217,257/1,000,000  13.7/s  upd=4804  L=0.0461  D=2.938
[regir] 4:25:04  217,257/1,000,000  13.7/s  upd=4808  L=0.0451  D=2.938
[regir] 4:25:15  217,607/1,000,000  13.7/s  upd=4812  L=0.0412  D=2.938
[regir] 4:25:25  217,607/1,000,000  13.7/s  upd=4816  L=0.0817  D=2.938
[regir] 4:25:36  217,981/1,000,000  13.7/s  upd=4820  L=0.0357  D=2.938
[regir] 4:25:47  217,981/1,000,000  13.7/s  upd=4824  L=0.0246  D=2.938
[regir] 4:25:58  218,306/1,000,000  13.7/s  upd=4827  L=0.0416  D=2.938
[regir] 4:26:08  218,306/1,000,000  13.7/s  upd=4832  L=0.0468  D=2.938
[regir] 4:26:20  218,634/1,000,000  13.7/s  upd=4836  L=0.0303  D=2.938
[regir] 4:26:31  218,634/1,000,000  13.7/s  upd=4840  L=0.0299  D=2.938
[regir] 4:26:41  218,982/1,000,000  13.7/s  upd=4843  L=0.0318  D=2.938
[regir] 4:26:52  218,982/1,000,000  13.7/s  upd=4848  L=0.0287  D=2.938
[regir] 4:27:03  219,311/1,000,000  13.7/s  upd=4851  L=0.0186  D=2.938
[regir] 4:27:14  219,641/1,000,000  13.7/s  upd=4857  L=0.0428  D=2.938
[regir] 4:27:24  219,641/1,000,000  13.7/s  upd=4864  L=0.0418  D=2.938
[regir] 4:27:35  219,997/1,000,000  13.7/s  upd=4871  L=0.0438  D=2.938
[regir] 4:27:46  220,308/1,000,000  13.7/s  upd=4878  L=0.0431  D=2.938
[regir] saved resume t_env=220,308
[regir] 4:28:06  220,308/1,000,000  13.7/s  upd=4880  L=0.0445  ev=0/100  D=2.938
[regir] 4:30:06  220,308/1,000,000  13.6/s  upd=4880  L=0.0445  D=2.115
[regir] 4:31:55  220,308/1,000,000  13.5/s  upd=4880  L=0.0445  D=2.115
[regir] 4:32:05  220,615/1,000,000  13.5/s  upd=4885  L=0.0327  D=2.115
[regir] 4:32:15  220,615/1,000,000  13.5/s  upd=4888  L=0.0366  D=2.115
[regir] 4:32:27  220,954/1,000,000  13.5/s  upd=4893  L=0.0378  D=2.115
[regir] 4:32:37  220,954/1,000,000  13.5/s  upd=4896  L=0.0418  D=2.115
[regir] 4:32:48  221,292/1,000,000  13.5/s  upd=4899  L=0.0468  D=2.115
[regir] 4:32:58  221,292/1,000,000  13.5/s  upd=4904  L=0.0362  D=2.115
[regir] 4:33:09  221,292/1,000,000  13.5/s  upd=4904  L=0.0362  D=2.115
[regir] 4:33:19  221,660/1,000,000  13.5/s  upd=4909  L=0.0333  D=2.115
[regir] 4:33:31  221,959/1,000,000  13.5/s  upd=4913  L=0.0425  D=2.115
[regir] 4:33:42  221,959/1,000,000  13.5/s  upd=4920  L=0.0474  D=2.115
[regir] 4:33:52  222,320/1,000,000  13.5/s  upd=4924  L=0.0409  D=2.115
[regir] 4:34:04  222,655/1,000,000  13.5/s  upd=4930  L=0.0424  D=2.115
[regir] 4:34:15  222,655/1,000,000  13.5/s  upd=4934  L=0.0313  D=2.115
[regir] 4:34:25  223,010/1,000,000  13.5/s  upd=4939  L=0.0316  D=2.115
[regir] 4:34:36  223,323/1,000,000  13.6/s  upd=4946  L=0.0266  D=2.115
[regir] 4:34:47  223,632/1,000,000  13.6/s  upd=4953  L=0.0380  D=2.115
[regir] 4:34:58  223,949/1,000,000  13.6/s  upd=4961  L=0.0306  D=2.115
[regir] 4:35:08  223,949/1,000,000  13.6/s  upd=4968  L=0.0396  D=2.115
[regir] 4:35:19  224,227/1,000,000  13.6/s  upd=4972  L=0.0388  D=2.115
[regir] 4:35:29  224,625/1,000,000  13.6/s  upd=4977  L=0.0634  D=2.115
[regir] 4:35:39  224,625/1,000,000  13.6/s  upd=4982  L=0.0626  D=2.115
[regir] 4:35:51  224,928/1,000,000  13.6/s  upd=4986  L=0.0356  D=2.115
[regir] 4:36:02  224,928/1,000,000  13.6/s  upd=4991  L=0.0329  D=2.115
[regir] 4:36:12  225,258/1,000,000  13.6/s  upd=4994  L=0.0370  D=2.115
[regir] 4:36:23  225,258/1,000,000  13.6/s  upd=4999  L=0.0401  D=2.115
[regir] 4:36:34  225,640/1,000,000  13.6/s  upd=5004  L=0.0355  D=2.115
[regir] 4:36:44  225,976/1,000,000  13.6/s  upd=5009  L=0.0357  D=2.115
[regir] 4:36:57  225,976/1,000,000  13.6/s  upd=5016  L=0.0304  D=2.115
[regir] 4:38:42  225,976/1,000,000  13.5/s  upd=5016  L=0.0304  D=2.115
[regir] 4:38:53  226,312/1,000,000  13.5/s  upd=5019  L=0.0285  D=2.115
[regir] saved resume t_env=226,312
[regir] 4:39:05  226,312/1,000,000  13.5/s  upd=5024  L=0.0399  D=2.115
[regir] 4:39:16  226,654/1,000,000  13.5/s  upd=5028  L=0.0505  D=2.115
[regir] 4:39:26  226,654/1,000,000  13.5/s  upd=5032  L=0.0403  D=2.115
[regir] 4:39:36  226,996/1,000,000  13.5/s  upd=5035  L=0.0424  D=2.115
[regir] 4:39:47  226,996/1,000,000  13.5/s  upd=5040  L=0.0421  D=2.115
[regir] 4:39:58  227,304/1,000,000  13.5/s  upd=5043  L=0.0336  D=2.115
[regir] 4:40:10  227,304/1,000,000  13.5/s  upd=5047  L=0.0569  D=2.115
[regir] 4:40:22  227,639/1,000,000  13.5/s  upd=5051  L=0.0531  D=2.115
[regir] 4:40:32  227,639/1,000,000  13.5/s  upd=5056  L=0.0334  D=2.115
[regir] 4:40:44  228,016/1,000,000  13.5/s  upd=5061  L=0.0305  D=2.115
[regir] 4:40:54  228,345/1,000,000  13.5/s  upd=5068  L=0.0410  D=2.115
[regir] 4:41:05  228,606/1,000,000  13.6/s  upd=5074  L=0.0243  D=2.115
[regir] 4:41:15  228,606/1,000,000  13.5/s  upd=5080  L=0.0289  D=2.115
[regir] 4:41:26  228,966/1,000,000  13.6/s  upd=5087  L=0.0344  D=2.115
[regir] 4:41:37  229,293/1,000,000  13.6/s  upd=5093  L=0.0343  D=2.115
[regir] 4:41:47  229,293/1,000,000  13.6/s  upd=5096  L=0.0387  D=2.115
[regir] 4:42:00  229,707/1,000,000  13.6/s  upd=5101  L=0.0378  D=2.115
[regir] 4:42:10  229,707/1,000,000  13.6/s  upd=5104  L=0.0436  D=2.115
[regir] 4:42:20  230,067/1,000,000  13.6/s  upd=5111  L=0.0236  D=2.115
[regir] 4:42:31  230,435/1,000,000  13.6/s  upd=5113  L=0.0347  D=2.115
[regir] 4:42:41  230,435/1,000,000  13.6/s  upd=5118  L=0.0333  D=2.115
[regir] 4:42:51  230,435/1,000,000  13.6/s  upd=5120  L=0.0243  D=2.115
[regir] 4:43:02  230,797/1,000,000  13.6/s  upd=5125  L=0.0338  D=2.115
[regir] 4:43:12  230,797/1,000,000  13.6/s  upd=5128  L=0.0501  D=2.115
[regir] 4:43:23  231,118/1,000,000  13.6/s  upd=5132  L=0.0367  D=2.115
[regir] 4:43:34  231,118/1,000,000  13.6/s  upd=5136  L=0.0378  D=2.115
[regir] 4:43:45  231,450/1,000,000  13.6/s  upd=5143  L=0.0496  D=2.115
[regir] 4:44:37  231,450/1,000,000  13.6/s  upd=5144  L=0.0654  D=2.115
[regir] 4:44:48  231,749/1,000,000  13.6/s  upd=5150  L=0.0317  D=2.115
[regir] 4:44:59  232,067/1,000,000  13.6/s  upd=5156  L=0.0353  D=2.115
[regir] 4:45:10  232,067/1,000,000  13.6/s  upd=5160  L=0.0266  D=2.115
[regir] 4:45:20  232,398/1,000,000  13.6/s  upd=5161  L=0.0326  D=2.115
[regir] 4:45:31  232,398/1,000,000  13.6/s  upd=5167  L=0.0306  D=2.115
[regir] 4:45:42  232,731/1,000,000  13.6/s  upd=5169  L=0.0328  D=2.115
[regir] 4:45:52  232,731/1,000,000  13.6/s  upd=5176  L=0.0410  D=2.115
[regir] 4:46:04  233,087/1,000,000  13.6/s  upd=5178  L=0.0449  D=2.115
[regir] 4:46:15  233,087/1,000,000  13.6/s  upd=5184  L=0.0416  D=2.115
[regir] 4:46:27  233,445/1,000,000  13.6/s  upd=5185  L=0.0307  D=2.115
[regir] 4:46:37  233,445/1,000,000  13.6/s  upd=5189  L=0.0677  D=2.115
[regir] 4:46:47  233,445/1,000,000  13.6/s  upd=5192  L=0.0430  D=2.115
[regir] 4:47:00  233,859/1,000,000  13.6/s  upd=5200  L=0.0359  D=2.115
[regir] 4:47:11  234,146/1,000,000  13.6/s  upd=5204  L=0.0373  D=2.115
[regir] 4:47:21  234,146/1,000,000  13.6/s  upd=5208  L=0.0318  D=2.115
[regir] 4:47:32  234,581/1,000,000  13.6/s  upd=5215  L=0.0669  D=2.115
[regir] 4:47:43  234,581/1,000,000  13.6/s  upd=5216  L=0.0292  D=2.115
[regir] 4:47:53  235,019/1,000,000  13.6/s  upd=5220  L=0.0328  D=2.115
[regir] 4:48:04  235,351/1,000,000  13.6/s  upd=5225  L=0.0505  D=2.115
[regir] 4:48:15  235,351/1,000,000  13.6/s  upd=5231  L=0.0261  D=2.115
[regir] 4:48:26  235,674/1,000,000  13.6/s  upd=5236  L=0.0334  D=2.115
[regir] 4:48:40  235,994/1,000,000  13.6/s  upd=5242  L=0.0417  D=2.115
[regir] 4:48:50  235,994/1,000,000  13.6/s  upd=5248  L=0.0373  D=2.115
[regir] 4:49:00  236,372/1,000,000  13.6/s  upd=5252  L=0.0297  D=2.115
[regir] saved resume t_env=236,372
[regir] 4:49:13  236,372/1,000,000  13.6/s  upd=5256  L=0.0364  D=2.115
[regir] 4:49:23  236,672/1,000,000  13.6/s  upd=5260  L=0.0311  D=2.115
[regir] 4:49:33  236,929/1,000,000  13.6/s  upd=5265  L=0.0385  D=2.115
[regir] 4:49:44  236,929/1,000,000  13.6/s  upd=5272  L=0.0364  D=2.115
[regir] 4:50:20  236,929/1,000,000  13.6/s  upd=5272  L=0.0364  D=2.115
[regir] 4:50:33  237,258/1,000,000  13.6/s  upd=5275  L=0.0450  D=2.115
[regir] 4:50:43  237,258/1,000,000  13.6/s  upd=5280  L=0.0408  D=2.115
[regir] 4:50:54  237,623/1,000,000  13.6/s  upd=5283  L=0.0430  D=2.115
[regir] 4:51:06  237,623/1,000,000  13.6/s  upd=5288  L=0.0351  D=2.115
[regir] 4:51:17  237,975/1,000,000  13.6/s  upd=5290  L=0.0371  D=2.115
[regir] 4:51:28  237,975/1,000,000  13.6/s  upd=5296  L=0.0472  D=2.115
[regir] 4:51:39  238,312/1,000,000  13.6/s  upd=5300  L=0.0412  D=2.115
[regir] 4:51:50  238,312/1,000,000  13.6/s  upd=5304  L=0.0340  D=2.115
[regir] 4:52:01  238,648/1,000,000  13.6/s  upd=5308  L=0.0373  D=2.115
[regir] 4:52:12  238,648/1,000,000  13.6/s  upd=5312  L=0.0424  D=2.115
[regir] 4:52:23  238,962/1,000,000  13.6/s  upd=5315  L=0.0272  D=2.115
[regir] 4:52:33  238,962/1,000,000  13.6/s  upd=5318  L=0.0338  D=2.115
[regir] 4:52:44  239,302/1,000,000  13.6/s  upd=5322  L=0.0399  D=2.115
[regir] 4:52:54  239,302/1,000,000  13.6/s  upd=5327  L=0.0369  D=2.115
[regir] 4:53:06  239,584/1,000,000  13.6/s  upd=5334  L=0.0388  D=2.115
[regir] 4:53:19  239,908/1,000,000  13.6/s  upd=5339  L=0.0375  D=2.115
[regir] 4:53:29  240,225/1,000,000  13.6/s  upd=5345  L=0.0707  D=2.115
[regir] saved resume t_env=240,225
[regir] 4:53:51  240,225/1,000,000  13.6/s  upd=5352  L=0.0369  ev=0/100  D=2.115
[regir] 4:56:16  240,225/1,000,000  13.5/s  upd=5352  L=0.0369  D=2.088
[regir] 4:58:06  240,225/1,000,000  13.4/s  upd=5352  L=0.0369  D=2.088
[regir] 4:58:16  240,517/1,000,000  13.4/s  upd=5353  L=0.0351  D=2.088
[regir] 4:58:27  240,517/1,000,000  13.4/s  upd=5358  L=0.0425  D=2.088
[regir] 4:58:37  240,837/1,000,000  13.4/s  upd=5361  L=0.0304  D=2.088
[regir] 4:58:51  240,837/1,000,000  13.4/s  upd=5368  L=0.0335  D=2.088
[regir] 4:59:03  241,159/1,000,000  13.4/s  upd=5370  L=0.0299  D=2.088
[regir] 4:59:14  241,159/1,000,000  13.4/s  upd=5376  L=0.0296  D=2.088
[regir] 4:59:24  241,479/1,000,000  13.4/s  upd=5378  L=0.0367  D=2.088
[regir] 4:59:36  241,807/1,000,000  13.5/s  upd=5385  L=0.0355  D=2.088
[regir] 4:59:48  242,165/1,000,000  13.5/s  upd=5393  L=0.0276  D=2.088
[regir] 4:59:58  242,165/1,000,000  13.5/s  upd=5400  L=0.0383  D=2.088
[regir] 5:00:08  242,466/1,000,000  13.5/s  upd=5404  L=0.0291  D=2.088
[regir] 5:00:19  242,799/1,000,000  13.5/s  upd=5409  L=0.0277  D=2.088
[regir] 5:00:30  242,799/1,000,000  13.5/s  upd=5415  L=0.0322  D=2.088
[regir] 5:00:40  243,157/1,000,000  13.5/s  upd=5420  L=0.0294  D=2.088
[regir] 5:00:51  243,509/1,000,000  13.5/s  upd=5426  L=0.0376  D=2.088
[regir] 5:01:01  243,509/1,000,000  13.5/s  upd=5432  L=0.0302  D=2.088
[regir] 5:01:13  243,802/1,000,000  13.5/s  upd=5438  L=0.0632  D=2.088
[regir] 5:01:23  244,072/1,000,000  13.5/s  upd=5443  L=0.0440  D=2.088
[regir] 5:01:35  244,356/1,000,000  13.5/s  upd=5449  L=0.0398  D=2.088
[regir] 5:01:45  244,356/1,000,000  13.5/s  upd=5456  L=0.0230  D=2.088
[regir] 5:01:56  244,672/1,000,000  13.5/s  upd=5463  L=0.0252  D=2.088
[regir] 5:02:06  244,958/1,000,000  13.5/s  upd=5470  L=0.0332  D=2.088
[regir] 5:02:17  245,309/1,000,000  13.5/s  upd=5479  L=0.0471  D=2.088
[regir] 5:02:27  245,960/1,000,000  13.6/s  upd=5489  L=0.0373  D=2.088
[regir] 5:02:38  246,281/1,000,000  13.6/s  upd=5499  L=0.0428  D=2.088
[regir] 5:02:49  246,599/1,000,000  13.6/s  upd=5510  L=0.0440  D=2.088
[regir] 5:03:00  246,905/1,000,000  13.6/s  upd=5517  L=0.0292  D=2.088
[regir] 5:03:11  247,192/1,000,000  13.6/s  upd=5523  L=0.0455  D=2.088
[regir] 5:04:07  247,192/1,000,000  13.5/s  upd=5528  L=0.0356  D=2.088
[regir] 5:04:18  247,537/1,000,000  13.6/s  upd=5532  L=0.0350  D=2.088
[regir] saved resume t_env=247,537
[regir] 5:04:28  247,537/1,000,000  13.6/s  upd=5536  L=0.0327  D=2.088
[regir] 5:04:42  247,829/1,000,000  13.6/s  upd=5541  L=0.0477  D=2.088
[regir] 5:04:52  247,829/1,000,000  13.5/s  upd=5544  L=0.0283  D=2.088
[regir] 5:05:02  248,129/1,000,000  13.6/s  upd=5548  L=0.0324  D=2.088
[regir] 5:05:12  248,129/1,000,000  13.5/s  upd=5552  L=0.0401  D=2.088
[regir] 5:05:24  248,476/1,000,000  13.6/s  upd=5558  L=0.0386  D=2.088
[regir] 5:05:34  248,765/1,000,000  13.6/s  upd=5563  L=0.0306  D=2.088
[regir] 5:05:44  248,765/1,000,000  13.6/s  upd=5568  L=0.0278  D=2.088
[regir] 5:05:56  249,073/1,000,000  13.6/s  upd=5573  L=0.0358  D=2.088
[regir] 5:06:08  249,431/1,000,000  13.6/s  upd=5578  L=0.0419  D=2.088
[regir] 5:06:19  249,431/1,000,000  13.6/s  upd=5583  L=0.0392  D=2.088
[regir] 5:06:30  249,778/1,000,000  13.6/s  upd=5587  L=0.0604  D=2.088
[regir] 5:06:40  249,778/1,000,000  13.6/s  upd=5591  L=0.0387  D=2.088
[regir] 5:06:51  250,102/1,000,000  13.6/s  upd=5593  L=0.0501  D=2.088
[regir] 5:07:04  250,102/1,000,000  13.6/s  upd=5598  L=0.0395  D=2.088
[regir] 5:07:17  250,423/1,000,000  13.6/s  upd=5604  L=0.0264  D=2.088
[regir] 5:07:27  250,423/1,000,000  13.6/s  upd=5608  L=0.0427  D=2.088
[regir] 5:07:38  250,757/1,000,000  13.6/s  upd=5611  L=0.0332  D=2.088
[regir] 5:07:48  250,757/1,000,000  13.6/s  upd=5616  L=0.0484  D=2.088
[regir] 5:07:59  251,046/1,000,000  13.6/s  upd=5620  L=0.0319  D=2.088
[regir] 5:08:09  251,046/1,000,000  13.6/s  upd=5624  L=0.0328  D=2.088
[regir] 5:08:19  251,442/1,000,000  13.6/s  upd=5630  L=0.0435  D=2.088
[regir] 5:08:30  251,792/1,000,000  13.6/s  upd=5633  L=0.0389  D=2.088
[regir] 5:08:40  251,792/1,000,000  13.6/s  upd=5638  L=0.0391  D=2.088
[regir] 5:08:52  252,088/1,000,000  13.6/s  upd=5645  L=0.0297  D=2.088
[regir] 5:09:02  252,379/1,000,000  13.6/s  upd=5650  L=0.0377  D=2.088
[regir] 5:11:06  252,379/1,000,000  13.5/s  upd=5656  L=0.0350  D=2.088
[regir] 5:11:16  252,694/1,000,000  13.5/s  upd=5660  L=0.0533  D=2.088
[regir] 5:11:26  252,694/1,000,000  13.5/s  upd=5664  L=0.0378  D=2.088
[regir] 5:11:37  253,079/1,000,000  13.5/s  upd=5669  L=0.0175  D=2.088
[regir] 5:11:47  253,390/1,000,000  13.5/s  upd=5673  L=0.0378  D=2.088
[regir] 5:11:59  253,390/1,000,000  13.5/s  upd=5679  L=0.0360  D=2.088
[regir] 5:12:10  253,828/1,000,000  13.6/s  upd=5682  L=0.0261  D=2.088
[regir] 5:12:21  253,828/1,000,000  13.5/s  upd=5688  L=0.0296  D=2.088
[regir] 5:12:31  254,118/1,000,000  13.6/s  upd=5693  L=0.0419  D=2.088
[regir] 5:12:42  254,445/1,000,000  13.6/s  upd=5698  L=0.0366  D=2.088
[regir] 5:12:53  254,445/1,000,000  13.6/s  upd=5703  L=0.0300  D=2.088
[regir] 5:13:05  254,746/1,000,000  13.6/s  upd=5707  L=0.0497  D=2.088
[regir] 5:13:17  255,080/1,000,000  13.6/s  upd=5713  L=0.0254  D=2.088
[regir] 5:13:27  255,080/1,000,000  13.6/s  upd=5720  L=0.0423  D=2.088
[regir] 5:13:38  255,398/1,000,000  13.6/s  upd=5723  L=0.0359  D=2.088
[regir] 5:13:48  255,398/1,000,000  13.6/s  upd=5728  L=0.0362  D=2.088
[regir] 5:13:58  255,684/1,000,000  13.6/s  upd=5731  L=0.0307  D=2.088
[regir] 5:14:08  255,684/1,000,000  13.6/s  upd=5736  L=0.0414  D=2.088
[regir] 5:14:22  255,972/1,000,000  13.6/s  upd=5740  L=0.0265  D=2.088
[regir] saved resume t_env=255,972
[regir] 5:14:33  255,972/1,000,000  13.6/s  upd=5744  L=0.0338  D=2.088
[regir] 5:14:43  255,972/1,000,000  13.6/s  upd=5744  L=0.0338  D=2.088
[regir] 5:14:55  256,298/1,000,000  13.6/s  upd=5750  L=0.0324  D=2.088
[regir] 5:15:05  256,298/1,000,000  13.6/s  upd=5752  L=0.0454  D=2.088
[regir] 5:15:15  256,671/1,000,000  13.6/s  upd=5758  L=0.0494  D=2.088
[regir] 5:15:26  256,979/1,000,000  13.6/s  upd=5763  L=0.0454  D=2.088
[regir] 5:15:36  256,979/1,000,000  13.6/s  upd=5768  L=0.0273  D=2.088
[regir] 5:15:46  257,275/1,000,000  13.6/s  upd=5774  L=0.0398  D=2.088
[regir] 5:15:58  257,593/1,000,000  13.6/s  upd=5780  L=0.0443  D=2.088
[regir] 5:17:06  257,593/1,000,000  13.5/s  upd=5784  L=0.0283  D=2.088
[regir] 5:17:16  257,880/1,000,000  13.5/s  upd=5786  L=0.0343  D=2.088
[regir] 5:17:26  257,880/1,000,000  13.5/s  upd=5792  L=0.0373  D=2.088
[regir] 5:17:37  258,152/1,000,000  13.5/s  upd=5795  L=0.0306  D=2.088
[regir] 5:17:49  258,473/1,000,000  13.6/s  upd=5801  L=0.0280  D=2.088
[regir] 5:18:00  258,473/1,000,000  13.5/s  upd=5806  L=0.0317  D=2.088
[regir] 5:18:13  258,712/1,000,000  13.5/s  upd=5813  L=0.0307  D=2.088
[regir] 5:18:24  259,026/1,000,000  13.6/s  upd=5819  L=0.0418  D=2.088
[regir] 5:18:35  259,026/1,000,000  13.6/s  upd=5824  L=0.0287  D=2.088
[regir] 5:18:46  259,277/1,000,000  13.6/s  upd=5829  L=0.0362  D=2.088
[regir] 5:18:56  259,561/1,000,000  13.6/s  upd=5837  L=0.0285  D=2.088
[regir] 5:19:07  259,873/1,000,000  13.6/s  upd=5844  L=0.0337  D=2.088
[regir] 5:19:19  260,194/1,000,000  13.6/s  upd=5849  L=0.0464  D=2.088
[regir] 5:19:30  260,194/1,000,000  13.6/s  upd=5855  L=0.0334  D=2.088
[regir] saved resume t_env=260,194
[regir] 5:19:49  260,194/1,000,000  13.6/s  upd=5856  L=0.0212  ev=0/100  D=2.088
[regir] 5:19:59  260,194/1,000,000  13.6/s  upd=5856  L=0.0212  ev=23/100  D=2.088
[regir] 5:20:09  260,194/1,000,000  13.5/s  upd=5856  L=0.0212  ev=44/100  D=2.088
[regir] 5:20:19  260,194/1,000,000  13.5/s  upd=5856  L=0.0212  ev=64/100  D=2.088
[regir] 5:20:30  260,194/1,000,000  13.5/s  upd=5856  L=0.0212  ev=83/100  D=2.088
[regir] 5:21:55  260,194/1,000,000  13.5/s  upd=5856  L=0.0212  D=1.442
[regir] 5:22:05  260,519/1,000,000  13.5/s  upd=5864  L=0.0280  D=1.442
[regir] 5:23:47  260,796/1,000,000  13.4/s  upd=5872  L=0.0323  D=1.442
[regir] 5:23:58  261,104/1,000,000  13.4/s  upd=5879  L=0.0394  D=1.442
[regir] 5:24:09  261,380/1,000,000  13.4/s  upd=5886  L=0.0221  D=1.442
[regir] 5:24:21  261,775/1,000,000  13.5/s  upd=5894  L=0.0194  D=1.442
[regir] 5:24:31  262,044/1,000,000  13.5/s  upd=5902  L=0.0388  D=1.442
[regir] 5:24:42  262,369/1,000,000  13.5/s  upd=5910  L=0.0290  D=1.442
[regir] 5:24:53  262,691/1,000,000  13.5/s  upd=5916  L=0.0439  D=1.442
[regir] 5:25:03  263,023/1,000,000  13.5/s  upd=5921  L=0.0252  D=1.442
[regir] 5:25:13  263,023/1,000,000  13.5/s  upd=5927  L=0.0309  D=1.442
[regir] 5:25:23  263,358/1,000,000  13.5/s  upd=5932  L=0.0332  D=1.442
[regir] 5:25:33  263,673/1,000,000  13.5/s  upd=5938  L=0.0309  D=1.442
[regir] 5:25:46  263,673/1,000,000  13.5/s  upd=5944  L=0.0294  D=1.442
[regir] 5:25:56  263,995/1,000,000  13.5/s  upd=5949  L=0.0266  D=1.442
[regir] 5:26:06  264,238/1,000,000  13.5/s  upd=5953  L=0.0272  D=1.442
[regir] 5:26:17  264,238/1,000,000  13.5/s  upd=5960  L=0.0372  D=1.442
[regir] 5:26:28  264,499/1,000,000  13.5/s  upd=5965  L=0.0226  D=1.442
[regir] 5:26:39  264,788/1,000,000  13.5/s  upd=5971  L=0.0358  D=1.442
[regir] 5:26:49  264,788/1,000,000  13.5/s  upd=5976  L=0.0460  D=1.442
[regir] 5:27:00  265,185/1,000,000  13.5/s  upd=5981  L=0.0307  D=1.442
[regir] 5:27:12  265,457/1,000,000  13.5/s  upd=5986  L=0.0319  D=1.442
[regir] 5:27:23  265,457/1,000,000  13.5/s  upd=5991  L=0.0283  D=1.442
[regir] 5:27:33  265,772/1,000,000  13.5/s  upd=5995  L=0.0570  D=1.442
[regir] 5:27:43  265,772/1,000,000  13.5/s  upd=6000  L=0.0393  D=1.442
[regir] 5:27:53  266,091/1,000,000  13.5/s  upd=6005  L=0.0464  D=1.442
[regir] 5:28:05  266,399/1,000,000  13.5/s  upd=6011  L=0.0420  D=1.442
[regir] 5:28:16  266,703/1,000,000  13.5/s  upd=6017  L=0.0480  D=1.442
[regir] 5:28:28  266,703/1,000,000  13.5/s  upd=6023  L=0.0279  D=1.442
[regir] 5:28:38  267,015/1,000,000  13.5/s  upd=6026  L=0.0275  D=1.442
[regir] 5:28:50  267,015/1,000,000  13.5/s  upd=6032  L=0.0418  D=1.442
[regir] 5:29:50  267,015/1,000,000  13.5/s  upd=6032  L=0.0418  D=1.442
[regir] 5:30:00  267,289/1,000,000  13.5/s  upd=6039  L=0.0318  D=1.442
[regir] saved resume t_env=267,289
[regir] 5:30:10  267,593/1,000,000  13.5/s  upd=6042  L=0.0472  D=1.442
[regir] 5:30:20  267,593/1,000,000  13.5/s  upd=6048  L=0.0286  D=1.442
[regir] 5:30:32  267,973/1,000,000  13.5/s  upd=6053  L=0.0286  D=1.442
[regir] 5:30:42  268,330/1,000,000  13.5/s  upd=6059  L=0.0216  D=1.442
[regir] 5:30:53  268,647/1,000,000  13.5/s  upd=6065  L=0.0243  D=1.442
[regir] 5:31:03  268,647/1,000,000  13.5/s  upd=6072  L=0.0357  D=1.442
[regir] 5:31:14  269,034/1,000,000  13.5/s  upd=6076  L=0.0341  D=1.442
[regir] 5:31:24  269,034/1,000,000  13.5/s  upd=6080  L=0.0298  D=1.442
[regir] 5:31:35  269,327/1,000,000  13.5/s  upd=6086  L=0.0203  D=1.442
[regir] 5:31:48  269,641/1,000,000  13.5/s  upd=6091  L=0.0307  D=1.442
[regir] 5:31:59  269,915/1,000,000  13.6/s  upd=6097  L=0.0400  D=1.442
[regir] 5:32:09  269,915/1,000,000  13.5/s  upd=6103  L=0.0310  D=1.442
[regir] 5:32:19  270,232/1,000,000  13.6/s  upd=6107  L=0.0457  D=1.442
[regir] 5:32:29  270,590/1,000,000  13.6/s  upd=6113  L=0.0478  D=1.442
[regir] 5:32:41  270,884/1,000,000  13.6/s  upd=6121  L=0.0205  D=1.442
[regir] 5:32:52  270,884/1,000,000  13.6/s  upd=6127  L=0.0259  D=1.442
[regir] 5:33:03  271,176/1,000,000  13.6/s  upd=6135  L=0.0364  D=1.442
[regir] 5:33:14  271,489/1,000,000  13.6/s  upd=6142  L=0.0295  D=1.442
[regir] 5:33:25  271,779/1,000,000  13.6/s  upd=6149  L=0.0380  D=1.442
[regir] 5:33:35  272,143/1,000,000  13.6/s  upd=6155  L=0.0292  D=1.442
[regir] 5:33:45  272,143/1,000,000  13.6/s  upd=6160  L=0.0269  D=1.442
[regir] 5:33:56  272,453/1,000,000  13.6/s  upd=6165  L=0.0261  D=1.442
[regir] 5:34:08  272,813/1,000,000  13.6/s  upd=6169  L=0.0323  D=1.442
[regir] 5:34:18  272,813/1,000,000  13.6/s  upd=6176  L=0.0384  D=1.442
[regir] 5:34:30  273,119/1,000,000  13.6/s  upd=6182  L=0.0228  D=1.442
[regir] 5:34:40  273,423/1,000,000  13.6/s  upd=6185  L=0.0273  D=1.442
[regir] 5:34:51  273,423/1,000,000  13.6/s  upd=6192  L=0.0263  D=1.442
[regir] 5:35:52  273,423/1,000,000  13.6/s  upd=6192  L=0.0263  D=1.442
[regir] 5:36:02  273,423/1,000,000  13.6/s  upd=6192  L=0.0263  D=1.442
[regir] 5:36:12  273,812/1,000,000  13.6/s  upd=6199  L=0.0293  D=1.442
[regir] 5:36:23  274,094/1,000,000  13.6/s  upd=6203  L=0.0229  D=1.442
[regir] 5:36:34  274,094/1,000,000  13.6/s  upd=6208  L=0.0422  D=1.442
[regir] 5:36:46  274,402/1,000,000  13.6/s  upd=6214  L=0.0292  D=1.442
[regir] 5:36:57  274,725/1,000,000  13.6/s  upd=6220  L=0.0317  D=1.442
[regir] 5:37:07  274,725/1,000,000  13.6/s  upd=6224  L=0.0344  D=1.442
[regir] 5:37:17  275,019/1,000,000  13.6/s  upd=6229  L=0.0330  D=1.442
[regir] 5:37:27  275,019/1,000,000  13.6/s  upd=6232  L=0.0433  D=1.442
[regir] 5:37:39  275,323/1,000,000  13.6/s  upd=6235  L=0.0404  D=1.442
[regir] 5:37:50  275,323/1,000,000  13.6/s  upd=6240  L=0.0381  D=1.442
[regir] 5:38:00  275,591/1,000,000  13.6/s  upd=6241  L=0.0429  D=1.442
[regir] 5:38:13  275,591/1,000,000  13.6/s  upd=6248  L=0.0291  D=1.442
[regir] 5:38:24  275,937/1,000,000  13.6/s  upd=6251  L=0.0248  D=1.442
[regir] 5:38:34  275,937/1,000,000  13.6/s  upd=6256  L=0.0320  D=1.442
[regir] 5:38:46  276,240/1,000,000  13.6/s  upd=6260  L=0.0281  D=1.442
[regir] 5:38:56  276,240/1,000,000  13.6/s  upd=6264  L=0.0273  D=1.442
[regir] 5:39:07  276,517/1,000,000  13.6/s  upd=6270  L=0.0319  D=1.442
[regir] 5:39:18  276,865/1,000,000  13.6/s  upd=6274  L=0.0274  D=1.442
[regir] 5:39:29  276,865/1,000,000  13.6/s  upd=6280  L=0.0225  D=1.442
[regir] 5:39:39  277,126/1,000,000  13.6/s  upd=6285  L=0.0200  D=1.442
[regir] 5:39:51  277,428/1,000,000  13.6/s  upd=6289  L=0.0381  D=1.442
[regir] 5:40:03  277,428/1,000,000  13.6/s  upd=6296  L=0.0270  D=1.442
[regir] 5:40:14  277,805/1,000,000  13.6/s  upd=6300  L=0.0382  D=1.442
[regir] saved resume t_env=277,805
[regir] 5:40:24  277,805/1,000,000  13.6/s  upd=6304  L=0.0208  D=1.442
[regir] 5:40:35  278,184/1,000,000  13.6/s  upd=6307  L=0.0305  D=1.442
[regir] 5:40:46  278,484/1,000,000  13.6/s  upd=6313  L=0.0252  D=1.442
[regir] 5:40:59  278,484/1,000,000  13.6/s  upd=6319  L=0.0510  D=1.442
[regir] 5:41:55  278,484/1,000,000  13.6/s  upd=6320  L=0.0508  D=1.442
[regir] 5:42:06  278,847/1,000,000  13.6/s  upd=6323  L=0.0336  D=1.442
[regir] 5:42:16  278,847/1,000,000  13.6/s  upd=6328  L=0.0315  D=1.442
[regir] 5:42:27  279,130/1,000,000  13.6/s  upd=6330  L=0.0300  D=1.442
[regir] 5:42:37  279,130/1,000,000  13.6/s  upd=6336  L=0.0363  D=1.442
[regir] 5:42:49  279,508/1,000,000  13.6/s  upd=6341  L=0.0376  D=1.442
[regir] 5:42:59  279,812/1,000,000  13.6/s  upd=6347  L=0.0508  D=1.442
[regir] 5:43:09  279,812/1,000,000  13.6/s  upd=6352  L=0.0315  D=1.442
[regir] 5:43:20  280,193/1,000,000  13.6/s  upd=6358  L=0.0311  D=1.442
[regir] saved resume t_env=280,193
[regir] 5:43:41  280,193/1,000,000  13.6/s  upd=6360  L=0.0181  ev=0/100  D=1.442
[regir] 5:43:51  280,193/1,000,000  13.6/s  upd=6360  L=0.0181  ev=8/100  D=1.442
[regir] 5:44:01  280,193/1,000,000  13.6/s  upd=6360  L=0.0181  ev=28/100  D=1.442
[regir] 5:44:11  280,193/1,000,000  13.6/s  upd=6360  L=0.0181  ev=40/100  D=1.442
[regir] 5:44:21  280,193/1,000,000  13.6/s  upd=6360  L=0.0181  ev=54/100  D=1.442
[regir] 5:44:31  280,193/1,000,000  13.6/s  upd=6360  L=0.0181  ev=64/100  D=1.442
[regir] 5:44:41  280,193/1,000,000  13.5/s  upd=6360  L=0.0181  ev=77/100  D=1.442
[regir] 5:44:52  280,193/1,000,000  13.5/s  upd=6360  L=0.0181  ev=87/100  D=1.442
[regir] 5:45:02  280,193/1,000,000  13.5/s  upd=6360  L=0.0181  ev=99/100  D=1.442
[regir] 5:45:50  280,193/1,000,000  13.5/s  upd=6360  L=0.0181  D=1.141
[regir] 5:46:01  280,454/1,000,000  13.5/s  upd=6365  L=0.0245  D=1.141
[regir] 5:46:11  280,816/1,000,000  13.5/s  upd=6373  L=0.0254  D=1.141
[regir] 5:46:22  281,190/1,000,000  13.5/s  upd=6384  L=0.0257  D=1.141
[regir] 5:46:32  281,482/1,000,000  13.5/s  upd=6391  L=0.0395  D=1.141
[regir] 5:46:43  282,200/1,000,000  13.6/s  upd=6402  L=0.0403  D=1.141
[regir] 5:46:53  282,560/1,000,000  13.6/s  upd=6409  L=0.0314  D=1.141
[regir] 5:49:39  282,560/1,000,000  13.5/s  upd=6416  L=0.0335  D=1.141
[regir] 5:49:49  283,120/1,000,000  13.5/s  upd=6426  L=0.0356  D=1.141
[regir] 5:50:00  283,522/1,000,000  13.5/s  upd=6437  L=0.0293  D=1.141
[regir] 5:50:11  283,835/1,000,000  13.5/s  upd=6448  L=0.0258  D=1.141
[regir] 5:50:21  284,487/1,000,000  13.5/s  upd=6457  L=0.0345  D=1.141
[regir] 5:50:32  284,812/1,000,000  13.5/s  upd=6470  L=0.0296  D=1.141
[regir] 5:50:42  285,132/1,000,000  13.5/s  upd=6480  L=0.0294  D=1.141
[regir] 5:50:53  285,753/1,000,000  13.6/s  upd=6489  L=0.0264  D=1.141
[regir] 5:51:03  286,055/1,000,000  13.6/s  upd=6499  L=0.0216  D=1.141
[regir] 5:51:13  286,464/1,000,000  13.6/s  upd=6506  L=0.0412  D=1.141
[regir] 5:51:23  286,805/1,000,000  13.6/s  upd=6514  L=0.0360  D=1.141
[regir] 5:51:34  287,153/1,000,000  13.6/s  upd=6522  L=0.0327  D=1.141
[regir] 5:51:44  287,153/1,000,000  13.6/s  upd=6528  L=0.0281  D=1.141
[regir] 5:51:55  287,450/1,000,000  13.6/s  upd=6533  L=0.0311  D=1.141
[regir] 5:52:05  287,728/1,000,000  13.6/s  upd=6542  L=0.0464  D=1.141
[regir] 5:52:16  288,026/1,000,000  13.6/s  upd=6546  L=0.0237  D=1.141
[regir] 5:52:26  288,026/1,000,000  13.6/s  upd=6552  L=0.0375  D=1.141
[regir] 5:52:36  288,326/1,000,000  13.6/s  upd=6556  L=0.0455  D=1.141
[regir] 5:52:48  288,635/1,000,000  13.6/s  upd=6562  L=0.0273  D=1.141
[regir] 5:52:58  288,918/1,000,000  13.6/s  upd=6569  L=0.0240  D=1.141
[regir] 5:53:09  288,918/1,000,000  13.6/s  upd=6575  L=0.0318  D=1.141
[regir] 5:53:19  289,198/1,000,000  13.6/s  upd=6580  L=0.0304  D=1.141
[regir] 5:53:30  289,480/1,000,000  13.6/s  upd=6588  L=0.0320  D=1.141
[regir] saved resume t_env=289,480
[regir] 5:53:41  289,796/1,000,000  13.7/s  upd=6593  L=0.0247  D=1.141
[regir] 5:53:51  289,796/1,000,000  13.6/s  upd=6600  L=0.0471  D=1.141
[regir] 5:54:01  290,127/1,000,000  13.7/s  upd=6608  L=0.0261  D=1.141
[regir] 5:54:12  290,428/1,000,000  13.7/s  upd=6614  L=0.0278  D=1.141
[regir] 5:54:22  290,697/1,000,000  13.7/s  upd=6622  L=0.0488  D=1.141
[regir] 5:54:32  291,046/1,000,000  13.7/s  upd=6627  L=0.0374  D=1.141
[regir] 5:54:44  291,385/1,000,000  13.7/s  upd=6634  L=0.0378  D=1.141
[regir] 5:56:42  291,385/1,000,000  13.6/s  upd=6640  L=0.0349  D=1.141
[regir] 5:56:53  291,710/1,000,000  13.6/s  upd=6646  L=0.0299  D=1.141
[regir] 5:57:04  291,993/1,000,000  13.6/s  upd=6650  L=0.0322  D=1.141
[regir] 5:57:14  291,993/1,000,000  13.6/s  upd=6656  L=0.0304  D=1.141
[regir] 5:57:24  292,347/1,000,000  13.6/s  upd=6664  L=0.0474  D=1.141
[regir] 5:57:36  292,694/1,000,000  13.6/s  upd=6669  L=0.0208  D=1.141
[regir] 5:57:47  293,016/1,000,000  13.6/s  upd=6674  L=0.0261  D=1.141
[regir] 5:57:57  293,319/1,000,000  13.7/s  upd=6681  L=0.0347  D=1.141
[regir] 5:58:08  293,319/1,000,000  13.6/s  upd=6686  L=0.0382  D=1.141
[regir] 5:58:19  293,619/1,000,000  13.7/s  upd=6689  L=0.0278  D=1.141
[regir] 5:58:31  293,619/1,000,000  13.6/s  upd=6694  L=0.0278  D=1.141
[regir] 5:58:41  293,946/1,000,000  13.7/s  upd=6698  L=0.0483  D=1.141
[regir] 5:58:52  293,946/1,000,000  13.7/s  upd=6703  L=0.0316  D=1.141
[regir] 5:59:03  294,250/1,000,000  13.7/s  upd=6711  L=0.0461  D=1.141
[regir] 5:59:16  294,545/1,000,000  13.7/s  upd=6715  L=0.0231  D=1.141
[regir] 5:59:26  294,545/1,000,000  13.7/s  upd=6720  L=0.0229  D=1.141
[regir] 5:59:38  294,831/1,000,000  13.7/s  upd=6724  L=0.0459  D=1.141
[regir] 5:59:49  295,175/1,000,000  13.7/s  upd=6729  L=0.0291  D=1.141
[regir] 5:59:59  295,175/1,000,000  13.7/s  upd=6736  L=0.0374  D=1.141
[regir] 6:00:09  295,470/1,000,000  13.7/s  upd=6741  L=0.0330  D=1.141
[regir] 6:00:19  295,470/1,000,000  13.7/s  upd=6744  L=0.0345  D=1.141
[regir] 6:00:32  295,789/1,000,000  13.7/s  upd=6749  L=0.0238  D=1.141
[regir] 6:00:42  295,789/1,000,000  13.7/s  upd=6752  L=0.0295  D=1.141
[regir] 6:00:52  296,120/1,000,000  13.7/s  upd=6756  L=0.0308  D=1.141
[regir] 6:01:02  296,120/1,000,000  13.7/s  upd=6760  L=0.0346  D=1.141
[regir] 6:01:12  296,383/1,000,000  13.7/s  upd=6765  L=0.0352  D=1.141
[regir] 6:01:22  296,383/1,000,000  13.7/s  upd=6768  L=0.0423  D=1.141
[regir] 6:01:32  296,710/1,000,000  13.7/s  upd=6775  L=0.0304  D=1.141
[regir] 6:01:43  297,071/1,000,000  13.7/s  upd=6779  L=0.0304  D=1.141
[regir] 6:01:53  297,071/1,000,000  13.7/s  upd=6784  L=0.0458  D=1.141
[regir] 6:02:39  297,071/1,000,000  13.7/s  upd=6784  L=0.0458  D=1.141
[regir] 6:02:49  297,394/1,000,000  13.7/s  upd=6787  L=0.0300  D=1.141
[regir] 6:02:59  297,394/1,000,000  13.7/s  upd=6792  L=0.0420  D=1.141
[regir] 6:03:10  297,709/1,000,000  13.7/s  upd=6797  L=0.0273  D=1.141
[regir] 6:03:20  298,001/1,000,000  13.7/s  upd=6801  L=0.0339  D=1.141
[regir] 6:03:32  298,001/1,000,000  13.7/s  upd=6808  L=0.0233  D=1.141
[regir] 6:03:43  298,305/1,000,000  13.7/s  upd=6813  L=0.0324  D=1.141
[regir] saved resume t_env=298,305
[regir] 6:03:53  298,305/1,000,000  13.7/s  upd=6816  L=0.0262  D=1.141
[regir] 6:04:04  298,672/1,000,000  13.7/s  upd=6823  L=0.0279  D=1.141
[regir] 6:04:15  298,961/1,000,000  13.7/s  upd=6828  L=0.0311  D=1.141
[regir] 6:04:27  299,233/1,000,000  13.7/s  upd=6834  L=0.0270  D=1.141
[regir] 6:04:38  299,531/1,000,000  13.7/s  upd=6842  L=0.0248  D=1.141
[regir] 6:04:48  299,531/1,000,000  13.7/s  upd=6848  L=0.0436  D=1.141
[regir] 6:04:59  299,812/1,000,000  13.7/s  upd=6855  L=0.0390  D=1.141
[regir] 6:05:09  300,113/1,000,000  13.7/s  upd=6859  L=0.0254  D=1.141
[regir] saved resume t_env=300,113
[regir] 6:05:32  300,113/1,000,000  13.7/s  upd=6864  L=0.0211  ev=0/100  D=1.141
[regir] 6:05:42  300,113/1,000,000  13.7/s  upd=6864  L=0.0211  ev=24/100  D=1.141
[regir] 6:05:52  300,113/1,000,000  13.7/s  upd=6864  L=0.0211  ev=48/100  D=1.141
[regir] 6:06:02  300,113/1,000,000  13.7/s  upd=6864  L=0.0211  ev=71/100  D=1.141
[regir] 6:08:43  300,113/1,000,000  13.6/s  upd=6864  L=0.0211  D=1.443
[regir] 6:11:30  300,113/1,000,000  13.5/s  upd=6864  L=0.0211  D=1.443
[regir] 6:11:40  300,776/1,000,000  13.5/s  upd=6874  L=0.0288  D=1.443
[regir] 6:11:51  301,126/1,000,000  13.5/s  upd=6887  L=0.0282  D=1.443
[regir] 6:12:01  301,482/1,000,000  13.5/s  upd=6896  L=0.0263  D=1.443
[regir] 6:12:11  301,786/1,000,000  13.5/s  upd=6904  L=0.0356  D=1.443
[regir] 6:12:21  302,077/1,000,000  13.5/s  upd=6912  L=0.0232  D=1.443
[regir] 6:12:32  302,385/1,000,000  13.5/s  upd=6919  L=0.0278  D=1.443
[regir] 6:12:42  302,691/1,000,000  13.5/s  upd=6927  L=0.0254  D=1.443
[regir] 6:12:52  303,029/1,000,000  13.5/s  upd=6933  L=0.0290  D=1.443
[regir] 6:13:03  303,363/1,000,000  13.6/s  upd=6941  L=0.0394  D=1.443
[regir] 6:13:15  303,673/1,000,000  13.6/s  upd=6950  L=0.0327  D=1.443
[regir] 6:13:26  303,969/1,000,000  13.6/s  upd=6960  L=0.0268  D=1.443
[regir] 6:13:36  304,302/1,000,000  13.6/s  upd=6967  L=0.0369  D=1.443
[regir] 6:13:46  304,613/1,000,000  13.6/s  upd=6975  L=0.0241  D=1.443
[regir] 6:13:57  304,888/1,000,000  13.6/s  upd=6983  L=0.0281  D=1.443
[regir] 6:14:08  305,251/1,000,000  13.6/s  upd=6991  L=0.0371  D=1.443
[regir] 6:14:18  305,535/1,000,000  13.6/s  upd=7000  L=0.0333  D=1.443
[regir] 6:14:28  305,919/1,000,000  13.6/s  upd=7008  L=0.0330  D=1.443
[regir] 6:14:39  306,604/1,000,000  13.6/s  upd=7019  L=0.0257  D=1.443
[regir] 6:14:49  306,881/1,000,000  13.6/s  upd=7028  L=0.0528  D=1.443
[regir] 6:15:00  307,187/1,000,000  13.7/s  upd=7034  L=0.0227  D=1.443
[regir] 6:15:10  307,187/1,000,000  13.6/s  upd=7040  L=0.0395  D=1.443
[regir] saved resume t_env=307,484
[regir] 6:15:21  307,484/1,000,000  13.7/s  upd=7048  L=0.0230  D=1.443
[regir] 6:15:32  307,786/1,000,000  13.7/s  upd=7053  L=0.0318  D=1.443
[regir] 6:15:42  308,070/1,000,000  13.7/s  upd=7059  L=0.0326  D=1.443
[regir] 6:15:54  308,421/1,000,000  13.7/s  upd=7065  L=0.0265  D=1.443
[regir] 6:16:05  308,421/1,000,000  13.7/s  upd=7072  L=0.0275  D=1.443
[regir] 6:16:15  308,671/1,000,000  13.7/s  upd=7077  L=0.0320  D=1.443
[regir] 6:16:26  308,671/1,000,000  13.7/s  upd=7080  L=0.0369  D=1.443
[regir] 6:16:36  308,961/1,000,000  13.7/s  upd=7086  L=0.0252  D=1.443
[regir] 6:18:34  308,961/1,000,000  13.6/s  upd=7088  L=0.0286  D=1.443
[regir] 6:18:45  309,269/1,000,000  13.6/s  upd=7091  L=0.0296  D=1.443
[regir] 6:18:55  309,575/1,000,000  13.6/s  upd=7097  L=0.0281  D=1.443
[regir] 6:19:05  309,575/1,000,000  13.6/s  upd=7104  L=0.0378  D=1.443
[regir] 6:19:15  309,575/1,000,000  13.6/s  upd=7104  L=0.0378  D=1.443
[regir] 6:19:25  309,971/1,000,000  13.6/s  upd=7110  L=0.0371  D=1.443
[regir] 6:19:36  310,264/1,000,000  13.6/s  upd=7114  L=0.0351  D=1.443
[regir] 6:19:46  310,264/1,000,000  13.6/s  upd=7120  L=0.0250  D=1.443
[regir] 6:19:59  310,591/1,000,000  13.6/s  upd=7125  L=0.0229  D=1.443
[regir] 6:20:10  310,902/1,000,000  13.6/s  upd=7130  L=0.0273  D=1.443
[regir] 6:20:20  310,902/1,000,000  13.6/s  upd=7136  L=0.0380  D=1.443
[regir] 6:20:31  311,193/1,000,000  13.6/s  upd=7141  L=0.0278  D=1.443
[regir] 6:20:41  311,193/1,000,000  13.6/s  upd=7144  L=0.0256  D=1.443
[regir] 6:20:52  311,525/1,000,000  13.6/s  upd=7148  L=0.0290  D=1.443
[regir] 6:21:02  311,525/1,000,000  13.6/s  upd=7152  L=0.0273  D=1.443
[regir] 6:21:13  311,800/1,000,000  13.6/s  upd=7158  L=0.0490  D=1.443
[regir] 6:21:23  312,154/1,000,000  13.6/s  upd=7161  L=0.0256  D=1.443
[regir] 6:21:33  312,154/1,000,000  13.6/s  upd=7168  L=0.0368  D=1.443
[regir] 6:21:45  312,580/1,000,000  13.6/s  upd=7172  L=0.0291  D=1.443
[regir] 6:21:55  312,580/1,000,000  13.6/s  upd=7176  L=0.0328  D=1.443
[regir] 6:22:05  312,932/1,000,000  13.6/s  upd=7182  L=0.0416  D=1.443
[regir] 6:22:16  313,260/1,000,000  13.7/s  upd=7187  L=0.0308  D=1.443
[regir] 6:22:27  313,564/1,000,000  13.7/s  upd=7195  L=0.0255  D=1.443
[regir] 6:22:37  313,564/1,000,000  13.7/s  upd=7200  L=0.0301  D=1.443
[regir] 6:22:48  313,842/1,000,000  13.7/s  upd=7206  L=0.0282  D=1.443
[regir] 6:23:01  314,153/1,000,000  13.7/s  upd=7210  L=0.0503  D=1.443
[regir] 6:23:11  314,153/1,000,000  13.7/s  upd=7216  L=0.0262  D=1.443
[regir] 6:23:21  314,552/1,000,000  13.7/s  upd=7218  L=0.0385  D=1.443
[regir] 6:23:31  314,552/1,000,000  13.7/s  upd=7224  L=0.0290  D=1.443
[regir] 6:23:41  314,832/1,000,000  13.7/s  upd=7227  L=0.0270  D=1.443
[regir] 6:24:52  314,832/1,000,000  13.6/s  upd=7232  L=0.0309  D=1.443
[regir] 6:25:03  315,139/1,000,000  13.6/s  upd=7238  L=0.0352  D=1.443
[regir] 6:25:13  315,414/1,000,000  13.6/s  upd=7243  L=0.0395  D=1.443
[regir] saved resume t_env=315,414
[regir] 6:25:24  315,414/1,000,000  13.6/s  upd=7248  L=0.0368  D=1.443
[regir] 6:25:36  315,733/1,000,000  13.6/s  upd=7250  L=0.0259  D=1.443
[regir] 6:25:46  316,041/1,000,000  13.7/s  upd=7258  L=0.0317  D=1.443
[regir] 6:25:56  316,041/1,000,000  13.6/s  upd=7264  L=0.0368  D=1.443
[regir] 6:26:06  316,376/1,000,000  13.7/s  upd=7272  L=0.0293  D=1.443
[regir] 6:26:18  316,719/1,000,000  13.7/s  upd=7278  L=0.0302  D=1.443
[regir] 6:26:28  316,992/1,000,000  13.7/s  upd=7287  L=0.0339  D=1.443
[regir] 6:26:39  317,336/1,000,000  13.7/s  upd=7294  L=0.0385  D=1.443
[regir] 6:26:49  317,632/1,000,000  13.7/s  upd=7303  L=0.0318  D=1.443
[regir] 6:27:00  317,917/1,000,000  13.7/s  upd=7312  L=0.0412  D=1.443
[regir] 6:27:10  318,204/1,000,000  13.7/s  upd=7320  L=0.0230  D=1.443
[regir] 6:27:21  318,541/1,000,000  13.7/s  upd=7328  L=0.0231  D=1.443
[regir] 6:27:31  318,865/1,000,000  13.7/s  upd=7334  L=0.0304  D=1.443
[regir] 6:27:42  319,161/1,000,000  13.7/s  upd=7339  L=0.0267  D=1.443
[regir] 6:27:52  319,161/1,000,000  13.7/s  upd=7344  L=0.0270  D=1.443
[regir] 6:28:03  319,554/1,000,000  13.7/s  upd=7351  L=0.0233  D=1.443
[regir] 6:28:14  319,862/1,000,000  13.7/s  upd=7357  L=0.0346  D=1.443
[regir] 6:28:24  320,143/1,000,000  13.7/s  upd=7363  L=0.0221  D=1.443
[regir] saved resume t_env=320,143
[regir] 6:28:50  320,143/1,000,000  13.7/s  upd=7368  L=0.0265  ev=0/100  D=1.443
[regir] 6:29:00  320,143/1,000,000  13.7/s  upd=7368  L=0.0265  ev=16/100  D=1.443
[regir] 6:29:10  320,143/1,000,000  13.7/s  upd=7368  L=0.0265  ev=25/100  D=1.443
[regir] 6:29:21  320,143/1,000,000  13.7/s  upd=7368  L=0.0265  ev=40/100  D=1.443
[regir] 6:29:31  320,143/1,000,000  13.7/s  upd=7368  L=0.0265  ev=54/100  D=1.443
[regir] 6:29:41  320,143/1,000,000  13.7/s  upd=7368  L=0.0265  ev=71/100  D=1.443
[regir] 6:29:51  320,143/1,000,000  13.7/s  upd=7368  L=0.0265  ev=80/100  D=1.443
[regir] 6:30:01  320,143/1,000,000  13.7/s  upd=7368  L=0.0265  ev=95/100  D=1.443
[regir] 6:30:39  320,143/1,000,000  13.7/s  upd=7368  L=0.0265  D=1.592
[regir] 6:32:05  320,143/1,000,000  13.6/s  upd=7368  L=0.0265  D=1.592
[regir] 6:32:16  320,407/1,000,000  13.6/s  upd=7371  L=0.0302  D=1.592
[regir] 6:32:26  320,407/1,000,000  13.6/s  upd=7376  L=0.0461  D=1.592
[regir] 6:32:36  320,693/1,000,000  13.6/s  upd=7381  L=0.0246  D=1.592
[regir] 6:32:47  321,028/1,000,000  13.6/s  upd=7386  L=0.0270  D=1.592
[regir] 6:32:58  321,264/1,000,000  13.6/s  upd=7393  L=0.0224  D=1.592
[regir] 6:33:09  321,667/1,000,000  13.6/s  upd=7402  L=0.0374  D=1.592
[regir] 6:33:20  321,931/1,000,000  13.6/s  upd=7409  L=0.0191  D=1.592
[regir] 6:33:30  321,931/1,000,000  13.6/s  upd=7416  L=0.0370  D=1.592
[regir] 6:33:41  322,197/1,000,000  13.6/s  upd=7424  L=0.0353  D=1.592
[regir] 6:33:52  322,532/1,000,000  13.6/s  upd=7427  L=0.0385  D=1.592
[regir] 6:34:02  322,838/1,000,000  13.7/s  upd=7433  L=0.0503  D=1.592
[regir] 6:34:13  323,159/1,000,000  13.7/s  upd=7442  L=0.0292  D=1.592
[regir] 6:34:24  323,475/1,000,000  13.7/s  upd=7451  L=0.0257  D=1.592
[regir] 6:34:34  323,836/1,000,000  13.7/s  upd=7459  L=0.0336  D=1.592
[regir] 6:34:45  324,107/1,000,000  13.7/s  upd=7467  L=0.0443  D=1.592
[regir] 6:34:56  324,381/1,000,000  13.7/s  upd=7475  L=0.0281  D=1.592
[regir] 6:35:07  324,709/1,000,000  13.7/s  upd=7481  L=0.0319  D=1.592
[regir] 6:35:19  324,709/1,000,000  13.7/s  upd=7487  L=0.0241  D=1.592
[regir] 6:35:30  324,984/1,000,000  13.7/s  upd=7494  L=0.0204  D=1.592
[regir] 6:35:40  325,245/1,000,000  13.7/s  upd=7500  L=0.0332  D=1.592
[regir] 6:35:50  325,559/1,000,000  13.7/s  upd=7507  L=0.0216  D=1.592
[regir] 6:36:01  325,936/1,000,000  13.7/s  upd=7513  L=0.0312  D=1.592
[regir] 6:36:11  325,936/1,000,000  13.7/s  upd=7520  L=0.0209  D=1.592
[regir] 6:36:21  326,250/1,000,000  13.7/s  upd=7528  L=0.0341  D=1.592
[regir] 6:36:32  326,573/1,000,000  13.7/s  upd=7535  L=0.0322  D=1.592
[regir] 6:36:43  326,893/1,000,000  13.7/s  upd=7540  L=0.0361  D=1.592
[regir] 6:36:54  327,191/1,000,000  13.7/s  upd=7547  L=0.0366  D=1.592
[regir] 6:37:05  327,541/1,000,000  13.7/s  upd=7553  L=0.0332  D=1.592
[regir] 6:39:11  327,541/1,000,000  13.7/s  upd=7560  L=0.0439  D=1.592
[regir] saved resume t_env=327,860
[regir] 6:39:22  328,124/1,000,000  13.7/s  upd=7569  L=0.0356  D=1.592
[regir] 6:39:32  328,458/1,000,000  13.7/s  upd=7583  L=0.0331  D=1.592
[regir] 6:39:43  329,090/1,000,000  13.7/s  upd=7596  L=0.0585  D=1.592
[regir] 6:39:53  329,389/1,000,000  13.7/s  upd=7608  L=0.0271  D=1.592
[regir] 6:40:03  329,954/1,000,000  13.7/s  upd=7619  L=0.0309  D=1.592
[regir] 6:40:13  330,242/1,000,000  13.8/s  upd=7631  L=0.0307  D=1.592
[regir] 6:40:24  330,848/1,000,000  13.8/s  upd=7642  L=0.0261  D=1.592
[regir] 6:40:34  331,142/1,000,000  13.8/s  upd=7655  L=0.0294  D=1.592
[regir] 6:40:45  331,402/1,000,000  13.8/s  upd=7663  L=0.0247  D=1.592
[regir] 6:40:55  331,723/1,000,000  13.8/s  upd=7670  L=0.0243  D=1.592
[regir] 6:41:06  332,002/1,000,000  13.8/s  upd=7678  L=0.0265  D=1.592
[regir] 6:41:16  332,321/1,000,000  13.8/s  upd=7685  L=0.0284  D=1.592
[regir] 6:41:28  332,655/1,000,000  13.8/s  upd=7693  L=0.0361  D=1.592
[regir] 6:41:38  332,966/1,000,000  13.8/s  upd=7701  L=0.0238  D=1.592
[regir] 6:41:48  333,277/1,000,000  13.8/s  upd=7710  L=0.0336  D=1.592
[regir] 6:41:59  333,597/1,000,000  13.8/s  upd=7718  L=0.0302  D=1.592
[regir] 6:42:10  333,861/1,000,000  13.8/s  upd=7726  L=0.0291  D=1.592
[regir] 6:42:20  334,145/1,000,000  13.8/s  upd=7733  L=0.0198  D=1.592
[regir] 6:42:31  334,469/1,000,000  13.8/s  upd=7743  L=0.0291  D=1.592
[regir] 6:42:41  334,791/1,000,000  13.9/s  upd=7748  L=0.0478  D=1.592
[regir] 6:42:52  335,065/1,000,000  13.9/s  upd=7756  L=0.0267  D=1.592
[regir] 6:43:02  335,371/1,000,000  13.9/s  upd=7761  L=0.0342  D=1.592
[regir] 6:43:12  335,371/1,000,000  13.9/s  upd=7768  L=0.0252  D=1.592
[regir] 6:43:23  335,717/1,000,000  13.9/s  upd=7774  L=0.0235  D=1.592
[regir] 6:43:35  336,006/1,000,000  13.9/s  upd=7779  L=0.0348  D=1.592
[regir] 6:43:46  336,287/1,000,000  13.9/s  upd=7786  L=0.0499  D=1.592
[regir] 6:43:56  336,287/1,000,000  13.9/s  upd=7792  L=0.0316  D=1.592
[regir] 6:44:06  336,621/1,000,000  13.9/s  upd=7798  L=0.0228  D=1.592
[regir] 6:44:17  336,909/1,000,000  13.9/s  upd=7805  L=0.0270  D=1.592
[regir] 6:45:21  336,909/1,000,000  13.9/s  upd=7808  L=0.0296  D=1.592
[regir] 6:45:32  337,201/1,000,000  13.9/s  upd=7814  L=0.0404  D=1.592
[regir] 6:45:43  337,553/1,000,000  13.9/s  upd=7817  L=0.0363  D=1.592
[regir] 6:45:53  337,553/1,000,000  13.9/s  upd=7824  L=0.0324  D=1.592
[regir] 6:46:04  337,919/1,000,000  13.9/s  upd=7830  L=0.0278  D=1.592
[regir] 6:46:16  338,290/1,000,000  13.9/s  upd=7834  L=0.0364  D=1.592
[regir] 6:46:26  338,290/1,000,000  13.9/s  upd=7840  L=0.0514  D=1.592
[regir] 6:46:37  338,608/1,000,000  13.9/s  upd=7846  L=0.0281  D=1.592
[regir] 6:46:48  338,908/1,000,000  13.9/s  upd=7852  L=0.0596  D=1.592
[regir] 6:46:58  338,908/1,000,000  13.9/s  upd=7856  L=0.0293  D=1.592
[regir] 6:47:08  339,189/1,000,000  13.9/s  upd=7860  L=0.0311  D=1.592
[regir] 6:47:18  339,434/1,000,000  13.9/s  upd=7865  L=0.0285  D=1.592
[regir] 6:47:28  339,434/1,000,000  13.9/s  upd=7871  L=0.0349  D=1.592
[regir] 6:47:39  339,764/1,000,000  13.9/s  upd=7874  L=0.0271  D=1.592
[regir] 6:47:50  339,764/1,000,000  13.9/s  upd=7880  L=0.0248  D=1.592
[regir] 6:48:01  340,097/1,000,000  13.9/s  upd=7888  L=0.0410  D=1.592
[regir] saved resume t_env=340,097
[regir] 6:48:19  340,097/1,000,000  13.9/s  upd=7888  L=0.0410  ev=0/100  D=1.592
[regir] 6:48:29  340,097/1,000,000  13.9/s  upd=7888  L=0.0410  ev=25/100  D=1.592
[regir] 6:48:39  340,097/1,000,000  13.9/s  upd=7888  L=0.0410  ev=43/100  D=1.592
[regir] 6:48:49  340,097/1,000,000  13.9/s  upd=7888  L=0.0410  ev=62/100  D=1.592
[regir] 6:48:59  340,097/1,000,000  13.9/s  upd=7888  L=0.0410  ev=72/100  D=1.592
[regir] 6:49:10  340,097/1,000,000  13.9/s  upd=7888  L=0.0410  ev=80/100  D=1.592
[regir] 6:49:20  340,097/1,000,000  13.8/s  upd=7888  L=0.0410  ev=96/100  D=1.592
[regir] 6:50:19  340,097/1,000,000  13.8/s  upd=7888  L=0.0410  D=1.364
[regir] 6:50:29  340,422/1,000,000  13.8/s  upd=7893  L=0.0312  D=1.364
[regir] 6:51:47  340,422/1,000,000  13.8/s  upd=7896  L=0.0307  D=1.364
[regir] 6:51:57  340,700/1,000,000  13.8/s  upd=7899  L=0.0395  D=1.364
[regir] 6:52:07  341,001/1,000,000  13.8/s  upd=7906  L=0.0280  D=1.364
[regir] 6:52:18  341,292/1,000,000  13.8/s  upd=7913  L=0.0311  D=1.364
[regir] 6:52:28  341,292/1,000,000  13.8/s  upd=7920  L=0.0319  D=1.364
[regir] 6:52:38  341,605/1,000,000  13.8/s  upd=7928  L=0.0313  D=1.364
[regir] 6:52:50  341,872/1,000,000  13.8/s  upd=7935  L=0.0335  D=1.364
[regir] 6:53:02  342,198/1,000,000  13.8/s  upd=7942  L=0.0270  D=1.364
[regir] 6:53:12  342,495/1,000,000  13.8/s  upd=7948  L=0.0338  D=1.364
[regir] 6:53:22  342,495/1,000,000  13.8/s  upd=7952  L=0.0309  D=1.364
[regir] 6:53:33  342,804/1,000,000  13.8/s  upd=7957  L=0.0352  D=1.364
[regir] 6:53:45  343,073/1,000,000  13.8/s  upd=7963  L=0.0379  D=1.364
[regir] 6:53:55  343,073/1,000,000  13.8/s  upd=7968  L=0.0306  D=1.364
[regir] 6:54:05  343,407/1,000,000  13.8/s  upd=7976  L=0.0509  D=1.364
[regir] 6:54:15  343,715/1,000,000  13.8/s  upd=7983  L=0.0251  D=1.364
[regir] 6:54:25  344,019/1,000,000  13.8/s  upd=7991  L=0.0231  D=1.364
[regir] 6:54:36  344,319/1,000,000  13.8/s  upd=7998  L=0.0302  D=1.364
[regir] 6:54:47  344,642/1,000,000  13.8/s  upd=8006  L=0.0344  D=1.364
[regir] 6:54:57  344,975/1,000,000  13.9/s  upd=8015  L=0.0543  D=1.364
[regir] 6:55:08  345,288/1,000,000  13.9/s  upd=8024  L=0.0220  D=1.364
[regir] 6:55:19  345,574/1,000,000  13.9/s  upd=8030  L=0.0293  D=1.364
[regir] 6:55:30  345,887/1,000,000  13.9/s  upd=8037  L=0.0224  D=1.364
[regir] 6:55:40  346,236/1,000,000  13.9/s  upd=8045  L=0.0352  D=1.364
[regir] 6:55:50  346,536/1,000,000  13.9/s  upd=8051  L=0.0368  D=1.364
[regir] 6:56:00  346,885/1,000,000  13.9/s  upd=8059  L=0.0213  D=1.364
[regir] 6:56:11  347,194/1,000,000  13.9/s  upd=8068  L=0.0386  D=1.364
[regir] 6:56:21  347,504/1,000,000  13.9/s  upd=8075  L=0.0295  D=1.364
[regir] 6:56:31  347,820/1,000,000  13.9/s  upd=8085  L=0.0281  D=1.364
[regir] 6:56:42  348,078/1,000,000  13.9/s  upd=8092  L=0.0259  D=1.364
[regir] 6:56:53  348,378/1,000,000  13.9/s  upd=8100  L=0.0439  D=1.364
[regir] 6:58:57  348,378/1,000,000  13.9/s  upd=8104  L=0.0422  D=1.364
[regir] 6:59:07  348,703/1,000,000  13.9/s  upd=8111  L=0.0344  D=1.364
[regir] saved resume t_env=348,703
[regir] 6:59:18  349,018/1,000,000  13.9/s  upd=8116  L=0.0275  D=1.364
[regir] 6:59:29  349,329/1,000,000  13.9/s  upd=8127  L=0.0248  D=1.364
[regir] 6:59:40  349,905/1,000,000  13.9/s  upd=8140  L=0.0354  D=1.364
[regir] 6:59:50  350,225/1,000,000  13.9/s  upd=8151  L=0.0353  D=1.364
[regir] 7:00:01  350,518/1,000,000  13.9/s  upd=8160  L=0.0221  D=1.364
[regir] 7:00:12  350,870/1,000,000  13.9/s  upd=8168  L=0.0322  D=1.364
[regir] 7:00:23  351,172/1,000,000  13.9/s  upd=8175  L=0.0335  D=1.364
[regir] 7:00:34  351,466/1,000,000  13.9/s  upd=8183  L=0.0373  D=1.364
[regir] 7:00:44  351,755/1,000,000  13.9/s  upd=8188  L=0.0353  D=1.364
[regir] 7:00:55  352,092/1,000,000  13.9/s  upd=8195  L=0.0408  D=1.364
[regir] 7:01:07  352,461/1,000,000  13.9/s  upd=8203  L=0.0291  D=1.364
[regir] 7:01:17  352,775/1,000,000  14.0/s  upd=8209  L=0.0285  D=1.364
[regir] 7:01:27  352,775/1,000,000  14.0/s  upd=8216  L=0.0319  D=1.364
[regir] 7:01:37  353,111/1,000,000  14.0/s  upd=8221  L=0.0398  D=1.364
[regir] 7:01:49  353,430/1,000,000  14.0/s  upd=8229  L=0.0292  D=1.364
[regir] 7:01:59  353,873/1,000,000  14.0/s  upd=8234  L=0.0293  D=1.364
[regir] 7:02:10  354,190/1,000,000  14.0/s  upd=8241  L=0.0282  D=1.364
[regir] 7:02:20  354,190/1,000,000  14.0/s  upd=8248  L=0.0301  D=1.364
[regir] 7:02:31  354,515/1,000,000  14.0/s  upd=8255  L=0.0373  D=1.364
[regir] 7:02:41  354,813/1,000,000  14.0/s  upd=8261  L=0.0264  D=1.364
[regir] 7:02:53  355,138/1,000,000  14.0/s  upd=8267  L=0.0384  D=1.364
[regir] 7:03:03  355,138/1,000,000  14.0/s  upd=8272  L=0.0325  D=1.364
[regir] 7:03:13  355,445/1,000,000  14.0/s  upd=8280  L=0.0429  D=1.364
[regir] 7:03:23  355,768/1,000,000  14.0/s  upd=8288  L=0.0270  D=1.364
[regir] 7:03:34  356,085/1,000,000  14.0/s  upd=8294  L=0.0287  D=1.364
[regir] 7:03:45  356,421/1,000,000  14.0/s  upd=8299  L=0.0453  D=1.364
[regir] 7:03:56  356,734/1,000,000  14.0/s  upd=8305  L=0.0191  D=1.364
[regir] 7:04:06  356,734/1,000,000  14.0/s  upd=8312  L=0.0456  D=1.364
[regir] 7:05:14  356,734/1,000,000  14.0/s  upd=8312  L=0.0456  D=1.364
[regir] 7:05:26  357,037/1,000,000  14.0/s  upd=8320  L=0.0203  D=1.364
[regir] 7:05:38  357,372/1,000,000  14.0/s  upd=8326  L=0.0369  D=1.364
[regir] 7:05:48  357,700/1,000,000  14.0/s  upd=8331  L=0.0237  D=1.364
[regir] 7:05:58  357,700/1,000,000  14.0/s  upd=8336  L=0.0462  D=1.364
[regir] 7:06:08  357,993/1,000,000  14.0/s  upd=8344  L=0.0232  D=1.364
[regir] 7:06:18  358,284/1,000,000  14.0/s  upd=8349  L=0.0248  D=1.364
[regir] 7:06:29  358,284/1,000,000  14.0/s  upd=8352  L=0.0369  D=1.364
[regir] 7:06:39  358,637/1,000,000  14.0/s  upd=8357  L=0.0297  D=1.364
[regir] 7:06:50  358,945/1,000,000  14.0/s  upd=8362  L=0.0327  D=1.364
[regir] 7:07:00  358,945/1,000,000  14.0/s  upd=8368  L=0.0276  D=1.364
[regir] 7:07:11  359,206/1,000,000  14.0/s  upd=8371  L=0.0359  D=1.364
[regir] 7:07:21  359,206/1,000,000  14.0/s  upd=8376  L=0.0762  D=1.364
[regir] 7:07:34  359,594/1,000,000  14.0/s  upd=8382  L=0.0289  D=1.364
[regir] 7:07:45  359,883/1,000,000  14.0/s  upd=8388  L=0.0262  D=1.364
[regir] 7:07:55  359,883/1,000,000  14.0/s  upd=8392  L=0.0239  D=1.364
[regir] 7:08:07  360,249/1,000,000  14.0/s  upd=8399  L=0.0308  D=1.364
[regir] saved resume t_env=360,249
[regir] 7:08:27  360,249/1,000,000  14.0/s  upd=8400  L=0.0494  ev=0/100  D=1.364
[regir] 7:08:37  360,249/1,000,000  14.0/s  upd=8400  L=0.0494  ev=31/100  D=1.364
[regir] 7:08:47  360,249/1,000,000  14.0/s  upd=8400  L=0.0494  ev=56/100  D=1.364
[regir] 7:08:57  360,249/1,000,000  14.0/s  upd=8400  L=0.0494  ev=83/100  D=1.364
[regir] 7:11:02  360,249/1,000,000  13.9/s  upd=8400  L=0.0494  D=1.444
[regir] 7:13:53  360,249/1,000,000  13.8/s  upd=8400  L=0.0494  D=1.444
[regir] 7:14:05  360,660/1,000,000  13.8/s  upd=8407  L=0.0210  D=1.444
[regir] 7:14:15  360,977/1,000,000  13.9/s  upd=8416  L=0.0436  D=1.444
[regir] 7:14:25  361,272/1,000,000  13.9/s  upd=8424  L=0.0295  D=1.444
[regir] 7:14:37  361,569/1,000,000  13.9/s  upd=8431  L=0.0431  D=1.444
[regir] 7:14:47  361,958/1,000,000  13.9/s  upd=8438  L=0.0318  D=1.444
[regir] 7:14:58  362,282/1,000,000  13.9/s  upd=8447  L=0.0267  D=1.444
[regir] 7:15:08  362,588/1,000,000  13.9/s  upd=8456  L=0.0333  D=1.444
[regir] 7:15:18  362,966/1,000,000  13.9/s  upd=8464  L=0.0496  D=1.444
[regir] 7:15:29  363,645/1,000,000  13.9/s  upd=8473  L=0.0364  D=1.444
[regir] 7:15:40  363,984/1,000,000  13.9/s  upd=8481  L=0.0285  D=1.444
[regir] 7:15:50  364,305/1,000,000  13.9/s  upd=8489  L=0.0676  D=1.444
[regir] 7:16:00  364,305/1,000,000  13.9/s  upd=8496  L=0.0343  D=1.444
[regir] 7:16:11  364,604/1,000,000  13.9/s  upd=8503  L=0.0286  D=1.444
[regir] 7:16:21  364,889/1,000,000  13.9/s  upd=8507  L=0.0412  D=1.444
[regir] 7:16:31  364,889/1,000,000  13.9/s  upd=8512  L=0.0240  D=1.444
[regir] 7:16:41  365,261/1,000,000  13.9/s  upd=8520  L=0.0295  D=1.444
[regir] 7:16:52  365,516/1,000,000  13.9/s  upd=8527  L=0.0399  D=1.444
[regir] 7:17:02  365,818/1,000,000  14.0/s  upd=8532  L=0.0299  D=1.444
[regir] 7:17:13  366,156/1,000,000  14.0/s  upd=8539  L=0.0268  D=1.444
[regir] 7:17:23  366,498/1,000,000  14.0/s  upd=8547  L=0.0292  D=1.444
[regir] 7:17:34  366,809/1,000,000  14.0/s  upd=8555  L=0.0370  D=1.444
[regir] 7:17:44  367,157/1,000,000  14.0/s  upd=8564  L=0.0331  D=1.444
[regir] 7:17:55  367,503/1,000,000  14.0/s  upd=8574  L=0.0570  D=1.444
[regir] 7:18:05  367,789/1,000,000  14.0/s  upd=8584  L=0.0396  D=1.444
[regir] saved resume t_env=368,123
[regir] 7:18:16  368,123/1,000,000  14.0/s  upd=8592  L=0.0293  D=1.444
[regir] 7:18:27  368,423/1,000,000  14.0/s  upd=8599  L=0.0303  D=1.444
[regir] 7:18:37  368,755/1,000,000  14.0/s  upd=8608  L=0.0236  D=1.444
[regir] 7:18:48  369,062/1,000,000  14.0/s  upd=8615  L=0.0263  D=1.444
[regir] 7:19:00  369,329/1,000,000  14.0/s  upd=8622  L=0.0307  D=1.444
[regir] 7:20:10  369,329/1,000,000  14.0/s  upd=8624  L=0.0293  D=1.444
[regir] 7:20:21  369,981/1,000,000  14.0/s  upd=8634  L=0.0272  D=1.444
[regir] 7:20:32  370,360/1,000,000  14.0/s  upd=8644  L=0.0242  D=1.444
[regir] 7:20:44  370,761/1,000,000  14.0/s  upd=8654  L=0.0418  D=1.444
[regir] 7:20:55  371,124/1,000,000  14.0/s  upd=8662  L=0.0253  D=1.444
[regir] 7:21:05  371,483/1,000,000  14.0/s  upd=8671  L=0.0319  D=1.444
[regir] 7:21:15  371,799/1,000,000  14.0/s  upd=8680  L=0.0311  D=1.444
[regir] 7:21:25  372,127/1,000,000  14.1/s  upd=8686  L=0.0272  D=1.444
[regir] 7:21:36  372,452/1,000,000  14.1/s  upd=8692  L=0.0280  D=1.444
[regir] 7:21:47  372,783/1,000,000  14.1/s  upd=8697  L=0.0230  D=1.444
[regir] 7:21:57  373,097/1,000,000  14.1/s  upd=8705  L=0.0266  D=1.444
[regir] 7:22:07  373,097/1,000,000  14.1/s  upd=8712  L=0.0270  D=1.444
[regir] 7:22:17  373,482/1,000,000  14.1/s  upd=8720  L=0.0252  D=1.444
[regir] 7:22:28  373,787/1,000,000  14.1/s  upd=8727  L=0.0275  D=1.444
[regir] 7:22:39  374,101/1,000,000  14.1/s  upd=8735  L=0.0335  D=1.444
[regir] 7:22:50  374,465/1,000,000  14.1/s  upd=8741  L=0.0363  D=1.444
[regir] 7:23:02  374,801/1,000,000  14.1/s  upd=8746  L=0.0291  D=1.444
[regir] 7:23:12  374,801/1,000,000  14.1/s  upd=8752  L=0.0358  D=1.444
[regir] 7:23:22  375,116/1,000,000  14.1/s  upd=8758  L=0.0221  D=1.444
[regir] 7:23:33  375,116/1,000,000  14.1/s  upd=8760  L=0.0321  D=1.444
[regir] 7:23:43  375,433/1,000,000  14.1/s  upd=8767  L=0.0463  D=1.444
[regir] 7:23:54  375,705/1,000,000  14.1/s  upd=8770  L=0.0294  D=1.444
[regir] 7:24:04  376,042/1,000,000  14.1/s  upd=8777  L=0.0268  D=1.444
[regir] 7:24:14  376,042/1,000,000  14.1/s  upd=8784  L=0.0176  D=1.444
[regir] 7:24:24  376,330/1,000,000  14.1/s  upd=8790  L=0.0339  D=1.444
[regir] 7:24:36  376,689/1,000,000  14.1/s  upd=8796  L=0.0275  D=1.444
[regir] 7:24:46  377,045/1,000,000  14.1/s  upd=8801  L=0.0362  D=1.444
[regir] 7:24:56  377,045/1,000,000  14.1/s  upd=8808  L=0.0246  D=1.444
[regir] 7:25:06  377,440/1,000,000  14.1/s  upd=8816  L=0.0335  D=1.444
[regir] 7:25:16  377,707/1,000,000  14.1/s  upd=8822  L=0.0269  D=1.444
[regir] 7:27:05  377,707/1,000,000  14.1/s  upd=8824  L=0.0443  D=1.444
[regir] 7:27:16  378,024/1,000,000  14.1/s  upd=8830  L=0.0348  D=1.444
[regir] 7:27:26  378,378/1,000,000  14.1/s  upd=8835  L=0.0305  D=1.444
[regir] 7:27:36  378,688/1,000,000  14.1/s  upd=8844  L=0.0275  D=1.444
[regir] 7:27:48  378,957/1,000,000  14.1/s  upd=8854  L=0.0288  D=1.444
[regir] 7:27:58  379,618/1,000,000  14.1/s  upd=8865  L=0.0271  D=1.444
[regir] 7:28:09  379,913/1,000,000  14.1/s  upd=8876  L=0.0316  D=1.444
[regir] 7:28:19  380,193/1,000,000  14.1/s  upd=8884  L=0.0232  D=1.444
[regir] saved resume t_env=380,193
[regir] 7:28:43  380,193/1,000,000  14.1/s  upd=8888  L=0.0232  ev=0/100  D=1.444
[regir] 7:28:53  380,193/1,000,000  14.1/s  upd=8888  L=0.0232  ev=52/100  D=1.444
[regir] 7:31:02  380,193/1,000,000  14.0/s  upd=8888  L=0.0232  D=1.244
[regir] 7:31:12  380,492/1,000,000  14.1/s  upd=8891  L=0.0254  D=1.244
[regir] 7:31:22  380,492/1,000,000  14.0/s  upd=8896  L=0.0264  D=1.244
[regir] 7:31:33  380,880/1,000,000  14.1/s  upd=8901  L=0.0317  D=1.244
[regir] 7:31:45  381,160/1,000,000  14.1/s  upd=8909  L=0.0537  D=1.244
[regir] 7:31:56  381,471/1,000,000  14.1/s  upd=8917  L=0.0251  D=1.244
[regir] 7:32:07  381,736/1,000,000  14.1/s  upd=8922  L=0.0281  D=1.244
[regir] 7:34:29  381,736/1,000,000  14.0/s  upd=8928  L=0.0293  D=1.244
[regir] 7:34:40  381,985/1,000,000  14.0/s  upd=8936  L=0.0375  D=1.244
[regir] 7:34:50  382,638/1,000,000  14.0/s  upd=8947  L=0.0409  D=1.244
[regir] 7:35:02  382,914/1,000,000  14.0/s  upd=8956  L=0.0545  D=1.244
[regir] 7:35:12  383,283/1,000,000  14.0/s  upd=8962  L=0.0229  D=1.244
[regir] 7:35:23  383,606/1,000,000  14.0/s  upd=8969  L=0.0218  D=1.244
[regir] 7:35:33  383,900/1,000,000  14.0/s  upd=8979  L=0.0409  D=1.244
[regir] 7:35:44  384,199/1,000,000  14.1/s  upd=8989  L=0.0332  D=1.244
[regir] 7:35:54  384,494/1,000,000  14.1/s  upd=8999  L=0.0308  D=1.244
[regir] 7:36:04  384,862/1,000,000  14.1/s  upd=9006  L=0.0543  D=1.244
[regir] 7:36:17  385,167/1,000,000  14.1/s  upd=9011  L=0.0388  D=1.244
[regir] 7:36:28  385,465/1,000,000  14.1/s  upd=9017  L=0.0183  D=1.244
[regir] 7:36:38  385,465/1,000,000  14.1/s  upd=9024  L=0.0423  D=1.244
[regir] 7:36:48  385,742/1,000,000  14.1/s  upd=9032  L=0.0365  D=1.244
[regir] 7:36:58  386,012/1,000,000  14.1/s  upd=9040  L=0.0341  D=1.244
[regir] 7:37:08  386,318/1,000,000  14.1/s  upd=9046  L=0.0289  D=1.244
[regir] 7:37:18  386,641/1,000,000  14.1/s  upd=9052  L=0.0450  D=1.244
[regir] 7:37:29  386,998/1,000,000  14.1/s  upd=9059  L=0.0334  D=1.244
[regir] 7:37:39  387,313/1,000,000  14.1/s  upd=9066  L=0.0345  D=1.244
[regir] 7:37:49  387,313/1,000,000  14.1/s  upd=9072  L=0.0309  D=1.244
[regir] 7:38:00  387,602/1,000,000  14.1/s  upd=9079  L=0.0239  D=1.244
[regir] 7:38:10  387,942/1,000,000  14.1/s  upd=9081  L=0.0379  D=1.244
[regir] 7:38:20  387,942/1,000,000  14.1/s  upd=9088  L=0.0327  D=1.244
[regir] 7:38:31  388,234/1,000,000  14.1/s  upd=9095  L=0.0202  D=1.244
[regir] saved resume t_env=388,234
[regir] 7:38:41  388,570/1,000,000  14.1/s  upd=9100  L=0.0390  D=1.244
[regir] 7:38:52  388,848/1,000,000  14.1/s  upd=9107  L=0.0238  D=1.244
[regir] 7:39:02  388,848/1,000,000  14.1/s  upd=9112  L=0.0418  D=1.244
[regir] 7:39:14  389,164/1,000,000  14.1/s  upd=9119  L=0.0189  D=1.244
[regir] 7:39:26  389,482/1,000,000  14.1/s  upd=9125  L=0.0322  D=1.244
[regir] 7:41:21  389,482/1,000,000  14.1/s  upd=9128  L=0.0325  D=1.244
[regir] 7:41:32  390,176/1,000,000  14.1/s  upd=9142  L=0.0418  D=1.244
[regir] 7:41:43  390,864/1,000,000  14.1/s  upd=9157  L=0.0380  D=1.244
[regir] 7:41:53  391,144/1,000,000  14.1/s  upd=9168  L=0.0229  D=1.244
[regir] 7:42:03  391,480/1,000,000  14.1/s  upd=9175  L=0.0274  D=1.244
[regir] 7:42:14  391,794/1,000,000  14.1/s  upd=9183  L=0.0326  D=1.244
[regir] 7:42:25  392,125/1,000,000  14.1/s  upd=9192  L=0.0233  D=1.244
[regir] 7:42:36  392,445/1,000,000  14.1/s  upd=9199  L=0.0427  D=1.244
[regir] 7:42:46  392,746/1,000,000  14.1/s  upd=9208  L=0.0324  D=1.244
[regir] 7:42:56  393,382/1,000,000  14.2/s  upd=9218  L=0.0278  D=1.244
[regir] 7:43:08  393,704/1,000,000  14.2/s  upd=9228  L=0.0325  D=1.244
[regir] 7:43:18  394,003/1,000,000  14.2/s  upd=9235  L=0.0429  D=1.244
[regir] 7:43:29  394,310/1,000,000  14.2/s  upd=9244  L=0.0368  D=1.244
[regir] 7:43:39  394,628/1,000,000  14.2/s  upd=9256  L=0.0421  D=1.244
[regir] 7:43:51  394,924/1,000,000  14.2/s  upd=9264  L=0.0324  D=1.244
[regir] 7:44:02  395,527/1,000,000  14.2/s  upd=9274  L=0.0388  D=1.244
[regir] 7:44:12  395,822/1,000,000  14.2/s  upd=9284  L=0.0331  D=1.244
[regir] 7:44:22  396,082/1,000,000  14.2/s  upd=9291  L=0.0441  D=1.244
[regir] 7:44:32  396,082/1,000,000  14.2/s  upd=9296  L=0.0358  D=1.244
[regir] 7:44:42  396,399/1,000,000  14.2/s  upd=9304  L=0.0333  D=1.244
[regir] 7:44:52  396,734/1,000,000  14.2/s  upd=9312  L=0.0217  D=1.244
[regir] 7:45:03  397,074/1,000,000  14.2/s  upd=9320  L=0.0276  D=1.244
[regir] 7:45:13  397,376/1,000,000  14.2/s  upd=9328  L=0.0392  D=1.244
[regir] 7:45:23  397,733/1,000,000  14.2/s  upd=9336  L=0.0325  D=1.244
[regir] 7:45:33  398,084/1,000,000  14.3/s  upd=9344  L=0.0359  D=1.244
[regir] 7:45:43  398,370/1,000,000  14.3/s  upd=9352  L=0.0252  D=1.244
[regir] 7:45:53  398,699/1,000,000  14.3/s  upd=9360  L=0.0224  D=1.244
[regir] 7:46:03  399,059/1,000,000  14.3/s  upd=9364  L=0.0311  D=1.244
[regir] 7:46:13  399,338/1,000,000  14.3/s  upd=9370  L=0.0325  D=1.244
[regir] 7:46:23  399,338/1,000,000  14.3/s  upd=9375  L=0.0310  D=1.244
[regir] 7:49:09  399,338/1,000,000  14.2/s  upd=9376  L=0.0351  D=1.244
[regir] 7:49:20  399,670/1,000,000  14.2/s  upd=9381  L=0.0350  D=1.244
[regir] saved resume t_env=399,670
[regir] 7:49:30  399,996/1,000,000  14.2/s  upd=9387  L=0.0393  D=1.244
[regir] 7:49:40  399,996/1,000,000  14.2/s  upd=9392  L=0.0236  D=1.244
[regir] 7:49:51  400,341/1,000,000  14.2/s  upd=9396  L=0.0262  D=1.244
[regir] saved resume t_env=400,341
[regir] 7:50:17  400,341/1,000,000  14.2/s  upd=9400  L=0.0233  ev=0/100  D=1.244
[regir] 7:50:27  400,341/1,000,000  14.2/s  upd=9400  L=0.0233  ev=16/100  D=1.244
[regir] 7:50:37  400,341/1,000,000  14.2/s  upd=9400  L=0.0233  ev=30/100  D=1.244
[regir] 7:50:47  400,341/1,000,000  14.2/s  upd=9400  L=0.0233  ev=39/100  D=1.244
[regir] 7:50:57  400,341/1,000,000  14.2/s  upd=9400  L=0.0233  ev=62/100  D=1.244
[regir] 7:51:07  400,341/1,000,000  14.2/s  upd=9400  L=0.0233  ev=88/100  D=1.244
[regir] 7:52:14  400,341/1,000,000  14.1/s  upd=9400  L=0.0233  D=1.465
[regir] 7:52:24  400,604/1,000,000  14.1/s  upd=9408  L=0.0317  D=1.465
[regir] 7:52:35  400,918/1,000,000  14.1/s  upd=9412  L=0.0292  D=1.465
[regir] 7:52:45  401,229/1,000,000  14.1/s  upd=9417  L=0.0311  D=1.465
[regir] 7:52:55  401,229/1,000,000  14.1/s  upd=9424  L=0.0458  D=1.465
[regir] 7:53:06  401,529/1,000,000  14.1/s  upd=9432  L=0.0348  D=1.465
[regir] 7:53:17  401,824/1,000,000  14.2/s  upd=9439  L=0.0269  D=1.465
[regir] 7:53:27  402,082/1,000,000  14.2/s  upd=9446  L=0.0315  D=1.465
[regir] 7:53:37  402,435/1,000,000  14.2/s  upd=9453  L=0.0300  D=1.465
[regir] 7:53:48  402,770/1,000,000  14.2/s  upd=9458  L=0.0438  D=1.465
[regir] 7:53:58  402,770/1,000,000  14.2/s  upd=9464  L=0.0343  D=1.465
[regir] 7:54:08  403,073/1,000,000  14.2/s  upd=9472  L=0.0386  D=1.465
[regir] 7:54:19  403,400/1,000,000  14.2/s  upd=9480  L=0.0299  D=1.465
[regir] 7:55:39  403,400/1,000,000  14.1/s  upd=9480  L=0.0299  D=1.465
[regir] 7:55:50  403,732/1,000,000  14.1/s  upd=9486  L=0.0430  D=1.465
[regir] 7:56:01  404,028/1,000,000  14.1/s  upd=9494  L=0.0369  D=1.465
[regir] 7:56:12  404,364/1,000,000  14.2/s  upd=9501  L=0.0250  D=1.465
[regir] 7:56:22  404,747/1,000,000  14.2/s  upd=9508  L=0.0311  D=1.465
[regir] 7:56:32  405,065/1,000,000  14.2/s  upd=9517  L=0.0425  D=1.465
[regir] 7:56:43  405,388/1,000,000  14.2/s  upd=9524  L=0.0291  D=1.465
[regir] 7:56:53  405,707/1,000,000  14.2/s  upd=9532  L=0.0201  D=1.465
[regir] 7:57:03  406,041/1,000,000  14.2/s  upd=9544  L=0.0316  D=1.465
[regir] 7:57:14  406,723/1,000,000  14.2/s  upd=9557  L=0.0355  D=1.465
[regir] 7:57:24  407,355/1,000,000  14.2/s  upd=9569  L=0.0384  D=1.465
[regir] 7:57:35  407,677/1,000,000  14.2/s  upd=9583  L=0.0259  D=1.465
[regir] 7:57:45  408,277/1,000,000  14.2/s  upd=9596  L=0.0480  D=1.465
[regir] 7:57:55  408,593/1,000,000  14.2/s  upd=9608  L=0.0421  D=1.465
[regir] 7:58:06  409,235/1,000,000  14.3/s  upd=9618  L=0.0311  D=1.465
[regir] 7:58:16  409,605/1,000,000  14.3/s  upd=9627  L=0.0213  D=1.465
[regir] 7:58:27  409,965/1,000,000  14.3/s  upd=9637  L=0.0262  D=1.465
[regir] 7:58:37  410,258/1,000,000  14.3/s  upd=9645  L=0.0222  D=1.465
[regir] 7:58:47  410,586/1,000,000  14.3/s  upd=9653  L=0.0249  D=1.465
[regir] 7:58:57  410,934/1,000,000  14.3/s  upd=9663  L=0.0323  D=1.465
[regir] 7:59:07  411,319/1,000,000  14.3/s  upd=9670  L=0.0364  D=1.465
[regir] 7:59:18  411,664/1,000,000  14.3/s  upd=9674  L=0.0278  D=1.465
[regir] 7:59:29  411,969/1,000,000  14.3/s  upd=9681  L=0.0318  D=1.465
[regir] 7:59:39  411,969/1,000,000  14.3/s  upd=9688  L=0.0436  D=1.465
[regir] 7:59:49  412,331/1,000,000  14.3/s  upd=9694  L=0.0341  D=1.465
[regir] 7:59:59  412,331/1,000,000  14.3/s  upd=9696  L=0.0245  D=1.465
[regir] 8:00:11  412,695/1,000,000  14.3/s  upd=9704  L=0.0378  D=1.465
[regir] saved resume t_env=412,695
[regir] 8:00:21  412,991/1,000,000  14.3/s  upd=9705  L=0.0306  D=1.465
[regir] 8:00:32  412,991/1,000,000  14.3/s  upd=9712  L=0.0279  D=1.465
[regir] 8:00:45  413,340/1,000,000  14.3/s  upd=9715  L=0.0194  D=1.465
[regir] 8:03:25  413,340/1,000,000  14.3/s  upd=9720  L=0.0235  D=1.465
[regir] 8:03:36  413,953/1,000,000  14.3/s  upd=9730  L=0.0317  D=1.465
[regir] 8:03:46  414,234/1,000,000  14.3/s  upd=9739  L=0.0324  D=1.465
[regir] 8:03:56  414,568/1,000,000  14.3/s  upd=9747  L=0.0299  D=1.465
[regir] 8:04:07  414,918/1,000,000  14.3/s  upd=9757  L=0.0190  D=1.465
[regir] 8:04:18  415,206/1,000,000  14.3/s  upd=9767  L=0.0242  D=1.465
[regir] 8:04:28  415,520/1,000,000  14.3/s  upd=9776  L=0.0365  D=1.465
[regir] 8:04:38  416,152/1,000,000  14.3/s  upd=9785  L=0.0229  D=1.465
[regir] 8:04:48  416,518/1,000,000  14.3/s  upd=9798  L=0.0190  D=1.465
[regir] 8:04:59  417,249/1,000,000  14.3/s  upd=9809  L=0.0454  D=1.465
[regir] 8:05:09  417,974/1,000,000  14.4/s  upd=9825  L=0.0337  D=1.465
[regir] 8:05:19  418,314/1,000,000  14.4/s  upd=9839  L=0.0320  D=1.465
[regir] 8:05:30  418,987/1,000,000  14.4/s  upd=9851  L=0.0272  D=1.465
[regir] 8:05:40  419,322/1,000,000  14.4/s  upd=9864  L=0.0519  D=1.465
[regir] 8:05:51  419,911/1,000,000  14.4/s  upd=9878  L=0.0262  D=1.465
[regir] 8:06:01  420,232/1,000,000  14.4/s  upd=9888  L=0.0235  D=1.465
[regir] saved resume t_env=420,232
[regir] 8:06:19  420,232/1,000,000  14.4/s  upd=9888  L=0.0235  ev=0/100  D=1.465
[regir] 8:06:29  420,232/1,000,000  14.4/s  upd=9888  L=0.0235  ev=32/100  D=1.465
[regir] 8:06:39  420,232/1,000,000  14.4/s  upd=9888  L=0.0235  ev=56/100  D=1.465
[regir] 8:06:49  420,232/1,000,000  14.4/s  upd=9888  L=0.0235  ev=82/100  D=1.465
[regir] 8:09:15  420,232/1,000,000  14.3/s  upd=9888  L=0.0235  D=1.657
[regir] 8:10:44  420,232/1,000,000  14.3/s  upd=9888  L=0.0235  D=1.657
[regir] 8:10:54  420,570/1,000,000  14.3/s  upd=9893  L=0.0507  D=1.657
[regir] 8:11:05  420,900/1,000,000  14.3/s  upd=9904  L=0.0185  D=1.657
[regir] 8:11:16  421,569/1,000,000  14.3/s  upd=9913  L=0.0311  D=1.657
[regir] 8:11:26  421,929/1,000,000  14.3/s  upd=9922  L=0.0567  D=1.657
[regir] 8:11:36  422,255/1,000,000  14.3/s  upd=9931  L=0.0321  D=1.657
[regir] 8:11:47  422,556/1,000,000  14.3/s  upd=9940  L=0.0333  D=1.657
[regir] 8:11:57  422,809/1,000,000  14.3/s  upd=9951  L=0.0320  D=1.657
[regir] 8:12:08  423,425/1,000,000  14.3/s  upd=9962  L=0.0285  D=1.657
[regir] 8:12:19  423,728/1,000,000  14.3/s  upd=9971  L=0.0253  D=1.657
[regir] 8:12:30  424,084/1,000,000  14.4/s  upd=9980  L=0.0232  D=1.657
[regir] 8:12:41  424,399/1,000,000  14.4/s  upd=9992  L=0.0373  D=1.657
[regir] 8:12:52  425,041/1,000,000  14.4/s  upd=10003  L=0.0321  D=1.657
[regir] 8:13:03  425,372/1,000,000  14.4/s  upd=10012  L=0.0361  D=1.657
[regir] 8:13:13  425,715/1,000,000  14.4/s  upd=10022  L=0.0213  D=1.657
[regir] 8:13:23  426,043/1,000,000  14.4/s  upd=10032  L=0.0306  D=1.657
[regir] 8:13:34  426,701/1,000,000  14.4/s  upd=10043  L=0.0287  D=1.657
[regir] 8:13:44  426,996/1,000,000  14.4/s  upd=10056  L=0.0479  D=1.657
[regir] 8:13:54  427,609/1,000,000  14.4/s  upd=10067  L=0.0346  D=1.657
[regir] 8:14:04  427,955/1,000,000  14.4/s  upd=10080  L=0.0263  D=1.657
[regir] 8:14:15  428,716/1,000,000  14.5/s  upd=10092  L=0.0327  D=1.657
[regir] 8:14:25  429,055/1,000,000  14.5/s  upd=10104  L=0.0235  D=1.657
[regir] 8:14:36  429,674/1,000,000  14.5/s  upd=10117  L=0.0361  D=1.657
[regir] 8:14:46  430,276/1,000,000  14.5/s  upd=10130  L=0.0221  D=1.657
[regir] 8:14:57  430,546/1,000,000  14.5/s  upd=10139  L=0.0271  D=1.657
[regir] 8:15:08  430,835/1,000,000  14.5/s  upd=10148  L=0.0266  D=1.657
[regir] 8:15:19  431,091/1,000,000  14.5/s  upd=10156  L=0.0231  D=1.657
[regir] 8:15:29  431,445/1,000,000  14.5/s  upd=10162  L=0.0417  D=1.657
[regir] 8:15:39  431,445/1,000,000  14.5/s  upd=10168  L=0.0281  D=1.657
[regir] 8:15:50  431,745/1,000,000  14.5/s  upd=10174  L=0.0246  D=1.657
[regir] 8:18:06  431,745/1,000,000  14.4/s  upd=10176  L=0.0253  D=1.657
[regir] 8:18:16  432,028/1,000,000  14.5/s  upd=10183  L=0.0380  D=1.657
[regir] saved resume t_env=432,028
[regir] 8:18:27  432,332/1,000,000  14.5/s  upd=10186  L=0.0377  D=1.657
[regir] 8:18:38  432,332/1,000,000  14.5/s  upd=10192  L=0.0279  D=1.657
[regir] 8:18:49  432,712/1,000,000  14.5/s  upd=10195  L=0.0194  D=1.657
[regir] 8:19:00  433,003/1,000,000  14.5/s  upd=10203  L=0.0321  D=1.657
[regir] 8:19:10  433,289/1,000,000  14.5/s  upd=10211  L=0.0326  D=1.657
[regir] 8:19:21  433,635/1,000,000  14.5/s  upd=10217  L=0.0308  D=1.657
[regir] 8:19:31  433,635/1,000,000  14.5/s  upd=10224  L=0.0286  D=1.657
[regir] 8:19:41  433,878/1,000,000  14.5/s  upd=10232  L=0.0278  D=1.657
[regir] 8:19:52  434,250/1,000,000  14.5/s  upd=10234  L=0.0388  D=1.657
[regir] 8:20:02  434,579/1,000,000  14.5/s  upd=10242  L=0.0270  D=1.657
[regir] 8:20:12  434,579/1,000,000  14.5/s  upd=10248  L=0.0292  D=1.657
[regir] 8:20:22  434,935/1,000,000  14.5/s  upd=10256  L=0.0463  D=1.657
[regir] 8:20:32  435,317/1,000,000  14.5/s  upd=10264  L=0.0238  D=1.657
[regir] 8:20:42  435,632/1,000,000  14.5/s  upd=10269  L=0.0309  D=1.657
[regir] 8:20:53  435,916/1,000,000  14.5/s  upd=10275  L=0.0268  D=1.657
[regir] 8:21:04  436,188/1,000,000  14.5/s  upd=10281  L=0.0246  D=1.657
[regir] 8:21:15  436,188/1,000,000  14.5/s  upd=10288  L=0.0234  D=1.657
[regir] 8:21:25  436,478/1,000,000  14.5/s  upd=10296  L=0.0375  D=1.657
[regir] 8:21:35  436,792/1,000,000  14.5/s  upd=10301  L=0.0306  D=1.657
[regir] 8:21:45  436,792/1,000,000  14.5/s  upd=10304  L=0.0287  D=1.657
[regir] 8:21:56  437,092/1,000,000  14.5/s  upd=10311  L=0.0209  D=1.657
[regir] 8:22:07  437,355/1,000,000  14.5/s  upd=10316  L=0.0288  D=1.657
[regir] 8:22:19  437,669/1,000,000  14.5/s  upd=10321  L=0.0309  D=1.657
[regir] 8:22:29  437,669/1,000,000  14.5/s  upd=10328  L=0.0277  D=1.657
[regir] 8:22:40  438,010/1,000,000  14.5/s  upd=10332  L=0.0290  D=1.657
[regir] 8:22:53  438,327/1,000,000  14.5/s  upd=10337  L=0.0269  D=1.657
[regir] 8:23:03  438,327/1,000,000  14.5/s  upd=10344  L=0.0366  D=1.657
[regir] 8:23:13  438,633/1,000,000  14.5/s  upd=10348  L=0.0281  D=1.657
[regir] 8:24:18  438,633/1,000,000  14.5/s  upd=10352  L=0.0200  D=1.657
[regir] 8:24:29  438,958/1,000,000  14.5/s  upd=10359  L=0.0300  D=1.657
[regir] 8:24:39  439,291/1,000,000  14.5/s  upd=10362  L=0.0407  D=1.657
[regir] 8:24:49  439,607/1,000,000  14.5/s  upd=10372  L=0.0311  D=1.657
[regir] 8:25:00  439,925/1,000,000  14.5/s  upd=10382  L=0.0288  D=1.657
[regir] 8:25:10  440,238/1,000,000  14.5/s  upd=10392  L=0.0268  D=1.657
[regir] saved resume t_env=440,238
[regir] 8:25:29  440,238/1,000,000  14.5/s  upd=10392  L=0.0268  ev=0/100  D=1.657
[regir] 8:25:39  440,238/1,000,000  14.5/s  upd=10392  L=0.0268  ev=56/100  D=1.657
[regir] 8:27:15  440,238/1,000,000  14.5/s  upd=10392  L=0.0268  D=1.281
[regir] 8:27:25  440,874/1,000,000  14.5/s  upd=10401  L=0.0266  D=1.281
[regir] 8:27:36  441,214/1,000,000  14.5/s  upd=10412  L=0.0228  D=1.281
[regir] 8:27:47  441,580/1,000,000  14.5/s  upd=10421  L=0.0278  D=1.281
[regir] 8:27:58  441,962/1,000,000  14.5/s  upd=10430  L=0.0231  D=1.281
[regir] 8:28:08  442,276/1,000,000  14.5/s  upd=10440  L=0.0359  D=1.281
[regir] 8:28:18  442,605/1,000,000  14.5/s  upd=10448  L=0.0292  D=1.281
[regir] 8:28:29  443,285/1,000,000  14.5/s  upd=10457  L=0.0282  D=1.281
[regir] 8:28:40  443,605/1,000,000  14.5/s  upd=10465  L=0.0319  D=1.281
[regir] 8:28:50  443,605/1,000,000  14.5/s  upd=10472  L=0.0238  D=1.281
[regir] 8:29:01  443,950/1,000,000  14.5/s  upd=10477  L=0.0299  D=1.281
[regir] 8:29:12  444,295/1,000,000  14.5/s  upd=10482  L=0.0288  D=1.281
[regir] 8:29:23  444,295/1,000,000  14.5/s  upd=10488  L=0.0342  D=1.281
[regir] 8:31:11  444,295/1,000,000  14.5/s  upd=10488  L=0.0342  D=1.281
[regir] 8:31:21  444,651/1,000,000  14.5/s  upd=10496  L=0.0284  D=1.281
[regir] 8:31:33  444,984/1,000,000  14.5/s  upd=10501  L=0.0281  D=1.281
[regir] 8:31:43  445,292/1,000,000  14.5/s  upd=10511  L=0.0358  D=1.281
[regir] 8:31:53  445,633/1,000,000  14.5/s  upd=10516  L=0.0254  D=1.281
[regir] 8:32:04  445,955/1,000,000  14.5/s  upd=10521  L=0.0172  D=1.281
[regir] 8:32:14  445,955/1,000,000  14.5/s  upd=10528  L=0.0281  D=1.281
[regir] 8:32:24  446,284/1,000,000  14.5/s  upd=10536  L=0.0277  D=1.281
[regir] 8:32:34  446,589/1,000,000  14.5/s  upd=10544  L=0.0221  D=1.281
[regir] 8:32:44  446,902/1,000,000  14.5/s  upd=10552  L=0.0296  D=1.281
[regir] 8:32:55  447,233/1,000,000  14.5/s  upd=10560  L=0.0264  D=1.281
[regir] 8:33:05  447,513/1,000,000  14.5/s  upd=10567  L=0.0323  D=1.281
[regir] 8:33:16  447,823/1,000,000  14.5/s  upd=10574  L=0.0322  D=1.281
[regir] 8:33:26  448,141/1,000,000  14.5/s  upd=10581  L=0.0291  D=1.281
[regir] 8:33:38  448,410/1,000,000  14.6/s  upd=10588  L=0.0258  D=1.281
[regir] 8:33:48  448,701/1,000,000  14.6/s  upd=10596  L=0.0188  D=1.281
[regir] 8:33:58  449,002/1,000,000  14.6/s  upd=10603  L=0.0240  D=1.281
[regir] 8:34:08  449,319/1,000,000  14.6/s  upd=10613  L=0.0334  D=1.281
[regir] 8:34:19  449,612/1,000,000  14.6/s  upd=10623  L=0.0232  D=1.281
[regir] 8:34:30  450,259/1,000,000  14.6/s  upd=10633  L=0.0350  D=1.281
[regir] 8:34:40  450,529/1,000,000  14.6/s  upd=10643  L=0.0273  D=1.281
[regir] 8:34:51  450,863/1,000,000  14.6/s  upd=10653  L=0.0202  D=1.281
[regir] 8:35:02  451,175/1,000,000  14.6/s  upd=10663  L=0.0173  D=1.281
[regir] 8:35:14  451,503/1,000,000  14.6/s  upd=10672  L=0.0288  D=1.281
[regir] saved resume t_env=451,503
[regir] 8:35:24  451,825/1,000,000  14.6/s  upd=10675  L=0.0372  D=1.281
[regir] 8:35:35  452,149/1,000,000  14.6/s  upd=10682  L=0.0301  D=1.281
[regir] 8:35:45  452,149/1,000,000  14.6/s  upd=10688  L=0.0240  D=1.281
[regir] 8:35:55  452,530/1,000,000  14.6/s  upd=10693  L=0.0214  D=1.281
[regir] 8:36:06  452,874/1,000,000  14.6/s  upd=10700  L=0.0257  D=1.281
[regir] 8:38:06  452,874/1,000,000  14.6/s  upd=10704  L=0.0224  D=1.281
[regir] 8:38:16  453,161/1,000,000  14.6/s  upd=10708  L=0.0304  D=1.281
[regir] 8:38:27  453,161/1,000,000  14.6/s  upd=10712  L=0.0277  D=1.281
[regir] 8:38:38  453,493/1,000,000  14.6/s  upd=10717  L=0.0242  D=1.281
[regir] 8:38:48  453,493/1,000,000  14.6/s  upd=10720  L=0.0337  D=1.281
[regir] 8:38:59  453,885/1,000,000  14.6/s  upd=10728  L=0.0284  D=1.281
[regir] 8:39:11  454,182/1,000,000  14.6/s  upd=10733  L=0.0215  D=1.281
[regir] 8:39:23  454,472/1,000,000  14.6/s  upd=10739  L=0.0194  D=1.281
[regir] 8:39:33  454,472/1,000,000  14.6/s  upd=10744  L=0.0304  D=1.281
[regir] 8:39:44  454,769/1,000,000  14.6/s  upd=10752  L=0.0259  D=1.281
[regir] 8:39:54  455,088/1,000,000  14.6/s  upd=10758  L=0.0242  D=1.281
[regir] 8:40:05  455,393/1,000,000  14.6/s  upd=10762  L=0.0340  D=1.281
[regir] 8:40:16  455,393/1,000,000  14.6/s  upd=10768  L=0.0367  D=1.281
[regir] 8:40:26  455,688/1,000,000  14.6/s  upd=10774  L=0.0293  D=1.281
[regir] 8:40:36  455,954/1,000,000  14.6/s  upd=10781  L=0.0300  D=1.281
[regir] 8:40:47  456,221/1,000,000  14.6/s  upd=10790  L=0.0237  D=1.281
[regir] 8:40:58  456,533/1,000,000  14.6/s  upd=10800  L=0.0286  D=1.281
[regir] 8:41:08  457,217/1,000,000  14.6/s  upd=10809  L=0.0348  D=1.281
[regir] 8:41:19  457,494/1,000,000  14.6/s  upd=10820  L=0.0273  D=1.281
[regir] 8:41:30  457,768/1,000,000  14.6/s  upd=10832  L=0.0256  D=1.281
[regir] 8:41:40  458,108/1,000,000  14.6/s  upd=10840  L=0.0181  D=1.281
[regir] 8:41:50  458,431/1,000,000  14.6/s  upd=10848  L=0.0176  D=1.281
[regir] 8:42:00  458,811/1,000,000  14.6/s  upd=10851  L=0.0233  D=1.281
[regir] 8:42:12  459,151/1,000,000  14.7/s  upd=10860  L=0.0227  D=1.281
[regir] 8:42:22  459,546/1,000,000  14.7/s  upd=10866  L=0.0226  D=1.281
[regir] 8:42:33  459,546/1,000,000  14.7/s  upd=10872  L=0.0197  D=1.281
[regir] 8:42:43  459,920/1,000,000  14.7/s  upd=10879  L=0.0205  D=1.281
[regir] 8:42:54  460,178/1,000,000  14.7/s  upd=10885  L=0.0295  D=1.281
[regir] saved resume t_env=460,178
[regir] 8:43:14  460,178/1,000,000  14.7/s  upd=10888  L=0.0228  ev=0/100  D=1.281
[regir] 8:43:24  460,178/1,000,000  14.7/s  upd=10888  L=0.0228  ev=24/100  D=1.281
[regir] 8:43:35  460,178/1,000,000  14.6/s  upd=10888  L=0.0228  ev=48/100  D=1.281
[regir] 8:43:45  460,178/1,000,000  14.6/s  upd=10888  L=0.0228  ev=70/100  D=1.281
[regir] 8:43:55  460,178/1,000,000  14.6/s  upd=10888  L=0.0228  ev=88/100  D=1.281
[regir] 8:45:20  460,178/1,000,000  14.6/s  upd=10888  L=0.0228  D=1.163
[regir] 8:47:18  460,178/1,000,000  14.5/s  upd=10888  L=0.0228  D=1.163
[regir] 8:47:28  460,493/1,000,000  14.6/s  upd=10896  L=0.0234  D=1.163
[regir] 8:47:38  460,863/1,000,000  14.6/s  upd=10904  L=0.0178  D=1.163
[regir] 8:47:48  461,148/1,000,000  14.6/s  upd=10912  L=0.0309  D=1.163
[regir] 8:47:58  461,895/1,000,000  14.6/s  upd=10921  L=0.0183  D=1.163
[regir] 8:48:10  462,275/1,000,000  14.6/s  upd=10931  L=0.0288  D=1.163
[regir] 8:48:20  462,618/1,000,000  14.6/s  upd=10942  L=0.0295  D=1.163
[regir] 8:48:31  462,920/1,000,000  14.6/s  upd=10950  L=0.0241  D=1.163
[regir] 8:48:41  463,271/1,000,000  14.6/s  upd=10958  L=0.0297  D=1.163
[regir] 8:48:52  463,565/1,000,000  14.6/s  upd=10967  L=0.0257  D=1.163
[regir] 8:49:02  463,908/1,000,000  14.6/s  upd=10976  L=0.0203  D=1.163
[regir] 8:49:12  464,221/1,000,000  14.6/s  upd=10984  L=0.0151  D=1.163
[regir] 8:49:23  464,837/1,000,000  14.6/s  upd=10993  L=0.0208  D=1.163
[regir] 8:49:33  465,179/1,000,000  14.6/s  upd=11001  L=0.0305  D=1.163
[regir] 8:49:43  465,488/1,000,000  14.6/s  upd=11010  L=0.0286  D=1.163
[regir] 8:49:53  465,794/1,000,000  14.7/s  upd=11019  L=0.0265  D=1.163
[regir] 8:50:03  466,108/1,000,000  14.7/s  upd=11027  L=0.0252  D=1.163
[regir] 8:50:14  466,452/1,000,000  14.7/s  upd=11035  L=0.0212  D=1.163
[regir] 8:50:25  466,757/1,000,000  14.7/s  upd=11042  L=0.0303  D=1.163
[regir] 8:50:35  466,757/1,000,000  14.7/s  upd=11048  L=0.0266  D=1.163
[regir] 8:50:46  467,069/1,000,000  14.7/s  upd=11055  L=0.0216  D=1.163
[regir] 8:50:57  467,379/1,000,000  14.7/s  upd=11061  L=0.0256  D=1.163
[regir] 8:51:07  467,711/1,000,000  14.7/s  upd=11070  L=0.0306  D=1.163
[regir] 8:51:17  468,051/1,000,000  14.7/s  upd=11077  L=0.0234  D=1.163
[regir] 8:51:28  468,366/1,000,000  14.7/s  upd=11084  L=0.0176  D=1.163
[regir] 8:51:38  468,752/1,000,000  14.7/s  upd=11093  L=0.0199  D=1.163
[regir] 8:51:49  469,008/1,000,000  14.7/s  upd=11103  L=0.0220  D=1.163
[regir] 8:52:00  469,321/1,000,000  14.7/s  upd=11110  L=0.0429  D=1.163
[regir] 8:52:11  469,659/1,000,000  14.7/s  upd=11118  L=0.0255  D=1.163
[regir] 8:52:21  469,964/1,000,000  14.7/s  upd=11125  L=0.0146  D=1.163
[regir] 8:53:46  469,964/1,000,000  14.7/s  upd=11128  L=0.0198  D=1.163
[regir] 8:53:59  470,289/1,000,000  14.7/s  upd=11133  L=0.0231  D=1.163
[regir] saved resume t_env=470,289
[regir] 8:54:10  470,583/1,000,000  14.7/s  upd=11137  L=0.0289  D=1.163
[regir] 8:54:20  470,583/1,000,000  14.7/s  upd=11144  L=0.0323  D=1.163
[regir] 8:54:31  470,909/1,000,000  14.7/s  upd=11149  L=0.0237  D=1.163
[regir] 8:54:42  471,183/1,000,000  14.7/s  upd=11154  L=0.0205  D=1.163
[regir] 8:54:52  471,183/1,000,000  14.7/s  upd=11160  L=0.0191  D=1.163
[regir] 8:55:03  471,522/1,000,000  14.7/s  upd=11165  L=0.0264  D=1.163
[regir] 8:55:13  471,812/1,000,000  14.7/s  upd=11174  L=0.0400  D=1.163
[regir] 8:55:24  472,380/1,000,000  14.7/s  upd=11185  L=0.0240  D=1.163
[regir] 8:55:35  472,703/1,000,000  14.7/s  upd=11198  L=0.0251  D=1.163
[regir] 8:55:45  473,356/1,000,000  14.7/s  upd=11209  L=0.0231  D=1.163
[regir] 8:55:55  473,746/1,000,000  14.7/s  upd=11224  L=0.0202  D=1.163
[regir] 8:56:06  474,396/1,000,000  14.7/s  upd=11239  L=0.0212  D=1.163
[regir] 8:56:17  474,998/1,000,000  14.8/s  upd=11249  L=0.0161  D=1.163
[regir] 8:56:27  475,272/1,000,000  14.8/s  upd=11257  L=0.0251  D=1.163
[regir] 8:56:37  475,603/1,000,000  14.8/s  upd=11267  L=0.0273  D=1.163
[regir] 8:56:48  475,901/1,000,000  14.8/s  upd=11276  L=0.0297  D=1.163
[regir] 8:56:59  476,203/1,000,000  14.8/s  upd=11285  L=0.0283  D=1.163
[regir] 8:57:09  476,565/1,000,000  14.8/s  upd=11293  L=0.0238  D=1.163
[regir] 8:57:19  476,870/1,000,000  14.8/s  upd=11302  L=0.0266  D=1.163
[regir] 8:57:30  477,212/1,000,000  14.8/s  upd=11305  L=0.0300  D=1.163
[regir] 8:57:40  477,212/1,000,000  14.8/s  upd=11312  L=0.0282  D=1.163
[regir] 8:57:51  477,528/1,000,000  14.8/s  upd=11320  L=0.0209  D=1.163
[regir] 8:58:02  477,822/1,000,000  14.8/s  upd=11328  L=0.0257  D=1.163
[regir] 8:58:12  478,149/1,000,000  14.8/s  upd=11334  L=0.0278  D=1.163
[regir] 8:58:23  478,522/1,000,000  14.8/s  upd=11338  L=0.0267  D=1.163
[regir] 8:58:35  478,831/1,000,000  14.8/s  upd=11346  L=0.0214  D=1.163
[regir] 8:58:46  479,157/1,000,000  14.8/s  upd=11354  L=0.0267  D=1.163
[regir] 9:01:13  479,157/1,000,000  14.8/s  upd=11360  L=0.0268  D=1.163
[regir] 9:01:24  479,507/1,000,000  14.8/s  upd=11363  L=0.0343  D=1.163
[regir] 9:01:35  479,810/1,000,000  14.8/s  upd=11372  L=0.0209  D=1.163
[regir] 9:01:46  480,131/1,000,000  14.8/s  upd=11380  L=0.0239  D=1.163
[regir] saved resume t_env=480,131
[regir] 9:02:09  480,131/1,000,000  14.8/s  upd=11384  L=0.0268  ev=0/100  D=1.163
[regir] 9:02:19  480,131/1,000,000  14.8/s  upd=11384  L=0.0268  ev=30/100  D=1.163
[regir] 9:02:29  480,131/1,000,000  14.8/s  upd=11384  L=0.0268  ev=56/100  D=1.163
[regir] 9:05:14  480,131/1,000,000  14.7/s  upd=11384  L=0.0268  D=1.401
[regir] 9:05:24  480,430/1,000,000  14.7/s  upd=11392  L=0.0287  D=1.401
[regir] 9:05:34  481,068/1,000,000  14.7/s  upd=11400  L=0.0193  D=1.401
[regir] 9:05:45  481,330/1,000,000  14.7/s  upd=11409  L=0.0202  D=1.401
[regir] 9:05:56  481,692/1,000,000  14.7/s  upd=11418  L=0.0266  D=1.401
[regir] 9:06:06  482,006/1,000,000  14.7/s  upd=11426  L=0.0218  D=1.401
[regir] 9:06:17  482,369/1,000,000  14.7/s  upd=11437  L=0.0346  D=1.401
[regir] 9:08:44  482,369/1,000,000  14.7/s  upd=11440  L=0.0197  D=1.401
[regir] 9:08:54  482,683/1,000,000  14.7/s  upd=11448  L=0.0258  D=1.401
[regir] 9:09:04  483,043/1,000,000  14.7/s  upd=11455  L=0.0277  D=1.401
[regir] 9:09:14  483,676/1,000,000  14.7/s  upd=11468  L=0.0212  D=1.401
[regir] 9:09:24  483,973/1,000,000  14.7/s  upd=11480  L=0.0332  D=1.401
[regir] 9:09:35  484,663/1,000,000  14.7/s  upd=11493  L=0.0239  D=1.401
[regir] 9:09:45  485,278/1,000,000  14.7/s  upd=11505  L=0.0216  D=1.401
[regir] 9:09:55  485,602/1,000,000  14.7/s  upd=11516  L=0.0225  D=1.401
[regir] 9:10:05  485,887/1,000,000  14.7/s  upd=11528  L=0.0215  D=1.401
[regir] 9:10:15  486,542/1,000,000  14.7/s  upd=11540  L=0.0248  D=1.401
[regir] 9:10:26  487,142/1,000,000  14.8/s  upd=11553  L=0.0288  D=1.401
[regir] 9:10:36  487,412/1,000,000  14.8/s  upd=11566  L=0.0314  D=1.401
[regir] 9:10:47  488,116/1,000,000  14.8/s  upd=11581  L=0.0276  D=1.401
[regir] 9:10:57  488,765/1,000,000  14.8/s  upd=11595  L=0.0186  D=1.401
[regir] 9:11:07  489,057/1,000,000  14.8/s  upd=11608  L=0.0219  D=1.401
[regir] 9:11:18  489,748/1,000,000  14.8/s  upd=11623  L=0.0227  D=1.401
[regir] 9:11:30  490,054/1,000,000  14.8/s  upd=11631  L=0.0293  D=1.401
[regir] 9:11:41  490,374/1,000,000  14.8/s  upd=11640  L=0.0272  D=1.401
[regir] 9:11:51  490,997/1,000,000  14.8/s  upd=11651  L=0.0245  D=1.401
[regir] saved resume t_env=490,997
[regir] 9:12:02  491,329/1,000,000  14.8/s  upd=11658  L=0.0273  D=1.401
[regir] 9:12:13  491,652/1,000,000  14.8/s  upd=11668  L=0.0243  D=1.401
[regir] 9:12:25  492,031/1,000,000  14.8/s  upd=11677  L=0.0233  D=1.401
[regir] 9:12:36  492,308/1,000,000  14.8/s  upd=11687  L=0.0170  D=1.401
[regir] 9:12:47  492,674/1,000,000  14.9/s  upd=11695  L=0.0246  D=1.401
[regir] 9:12:58  492,997/1,000,000  14.9/s  upd=11703  L=0.0257  D=1.401
[regir] 9:13:09  493,675/1,000,000  14.9/s  upd=11714  L=0.0195  D=1.401
[regir] 9:13:19  493,936/1,000,000  14.9/s  upd=11721  L=0.0200  D=1.401
[regir] 9:13:29  493,936/1,000,000  14.9/s  upd=11728  L=0.0274  D=1.401
[regir] 9:13:42  494,245/1,000,000  14.9/s  upd=11736  L=0.0201  D=1.401
[regir] 9:13:53  494,578/1,000,000  14.9/s  upd=11742  L=0.0217  D=1.401
[regir] 9:16:44  494,578/1,000,000  14.8/s  upd=11744  L=0.0183  D=1.401
[regir] 9:16:54  494,884/1,000,000  14.8/s  upd=11750  L=0.0338  D=1.401
[regir] 9:17:05  495,155/1,000,000  14.8/s  upd=11757  L=0.0292  D=1.401
[regir] 9:17:16  495,461/1,000,000  14.8/s  upd=11763  L=0.0280  D=1.401
[regir] 9:17:27  495,813/1,000,000  14.8/s  upd=11770  L=0.0137  D=1.401
[regir] 9:17:37  495,813/1,000,000  14.8/s  upd=11776  L=0.0332  D=1.401
[regir] 9:17:48  496,240/1,000,000  14.8/s  upd=11784  L=0.0461  D=1.401
[regir] 9:17:59  496,576/1,000,000  14.8/s  upd=11790  L=0.0247  D=1.401
[regir] 9:18:10  496,891/1,000,000  14.8/s  upd=11797  L=0.0188  D=1.401
[regir] 9:18:21  497,198/1,000,000  14.8/s  upd=11806  L=0.0220  D=1.401
[regir] 9:18:32  497,487/1,000,000  14.8/s  upd=11816  L=0.0286  D=1.401
[regir] 9:18:42  497,827/1,000,000  14.9/s  upd=11824  L=0.0202  D=1.401
[regir] 9:18:52  498,411/1,000,000  14.9/s  upd=11833  L=0.0313  D=1.401
[regir] 9:19:03  498,685/1,000,000  14.9/s  upd=11844  L=0.0319  D=1.401
[regir] 9:19:13  498,957/1,000,000  14.9/s  upd=11852  L=0.0202  D=1.401
[regir] 9:19:24  499,261/1,000,000  14.9/s  upd=11858  L=0.0171  D=1.401
[regir] 9:19:34  499,559/1,000,000  14.9/s  upd=11866  L=0.0201  D=1.401
[regir] 9:19:45  499,844/1,000,000  14.9/s  upd=11873  L=0.0344  D=1.401
[regir] 9:19:55  500,129/1,000,000  14.9/s  upd=11881  L=0.0234  D=1.401
[regir] 9:20:05  500,129/1,000,000  14.9/s  upd=11888  L=0.0265  D=1.401
[regir] saved resume t_env=500,129
[regir] 9:20:24  500,129/1,000,000  14.9/s  upd=11888  L=0.0265  ev=0/100  D=1.401
[regir] 9:20:34  500,129/1,000,000  14.9/s  upd=11888  L=0.0265  ev=14/100  D=1.401
[regir] 9:20:44  500,129/1,000,000  14.9/s  upd=11888  L=0.0265  ev=26/100  D=1.401
[regir] 9:20:54  500,129/1,000,000  14.9/s  upd=11888  L=0.0265  ev=47/100  D=1.401
[regir] 9:21:04  500,129/1,000,000  14.9/s  upd=11888  L=0.0265  ev=64/100  D=1.401
[regir] 9:21:14  500,129/1,000,000  14.9/s  upd=11888  L=0.0265  ev=88/100  D=1.401
[regir] 9:23:12  500,129/1,000,000  14.8/s  upd=11888  L=0.0265  D=1.102
[regir] 9:24:41  500,129/1,000,000  14.8/s  upd=11888  L=0.0265  D=1.102
[regir] 9:24:52  500,426/1,000,000  14.8/s  upd=11894  L=0.0264  D=1.102
[regir] 9:25:03  500,689/1,000,000  14.8/s  upd=11902  L=0.0262  D=1.102
[regir] 9:25:13  500,973/1,000,000  14.8/s  upd=11910  L=0.0212  D=1.102
[regir] 9:25:24  501,317/1,000,000  14.8/s  upd=11915  L=0.0353  D=1.102
[regir] 9:25:35  501,634/1,000,000  14.8/s  upd=11927  L=0.0203  D=1.102
[regir] 9:25:46  501,951/1,000,000  14.8/s  upd=11932  L=0.0171  D=1.102
[regir] 9:25:56  502,272/1,000,000  14.8/s  upd=11940  L=0.0325  D=1.102
[regir] 9:26:06  502,513/1,000,000  14.8/s  upd=11946  L=0.0291  D=1.102
[regir] 9:26:16  502,868/1,000,000  14.8/s  upd=11955  L=0.0247  D=1.102
[regir] 9:26:27  503,205/1,000,000  14.8/s  upd=11964  L=0.0244  D=1.102
[regir] 9:26:37  503,527/1,000,000  14.8/s  upd=11972  L=0.0250  D=1.102
[regir] 9:26:48  503,834/1,000,000  14.8/s  upd=11982  L=0.0394  D=1.102
[regir] 9:26:59  504,149/1,000,000  14.8/s  upd=11989  L=0.0364  D=1.102
[regir] 9:27:09  504,471/1,000,000  14.8/s  upd=11995  L=0.0286  D=1.102
[regir] 9:27:19  504,750/1,000,000  14.8/s  upd=12005  L=0.0358  D=1.102
[regir] 9:27:30  505,057/1,000,000  14.8/s  upd=12014  L=0.0213  D=1.102
[regir] 9:27:41  505,468/1,000,000  14.8/s  upd=12021  L=0.0314  D=1.102
[regir] 9:27:51  506,082/1,000,000  14.9/s  upd=12034  L=0.0311  D=1.102
[regir] 9:28:02  506,476/1,000,000  14.9/s  upd=12047  L=0.0227  D=1.102
[regir] 9:28:12  507,048/1,000,000  14.9/s  upd=12060  L=0.0380  D=1.102
[regir] 9:28:22  507,349/1,000,000  14.9/s  upd=12072  L=0.0427  D=1.102
[regir] 9:28:33  508,029/1,000,000  14.9/s  upd=12086  L=0.0393  D=1.102
[regir] 9:28:43  508,714/1,000,000  14.9/s  upd=12098  L=0.0280  D=1.102
[regir] 9:28:54  509,076/1,000,000  14.9/s  upd=12112  L=0.0252  D=1.102
[regir] 9:29:04  509,764/1,000,000  14.9/s  upd=12124  L=0.0533  D=1.102
[regir] 9:29:15  510,118/1,000,000  14.9/s  upd=12136  L=0.0291  D=1.102
[regir] 9:29:25  510,475/1,000,000  14.9/s  upd=12144  L=0.0196  D=1.102
[regir] 9:29:35  510,778/1,000,000  14.9/s  upd=12152  L=0.0189  D=1.102
[regir] 9:32:31  511,038/1,000,000  14.9/s  upd=12160  L=0.0261  D=1.102
[regir] saved resume t_env=511,301
[regir] 9:32:41  511,301/1,000,000  14.9/s  upd=12168  L=0.0299  D=1.102
[regir] 9:32:51  511,845/1,000,000  14.9/s  upd=12182  L=0.0317  D=1.102
[regir] 9:33:02  512,433/1,000,000  14.9/s  upd=12196  L=0.0278  D=1.102
[regir] 9:33:13  513,108/1,000,000  14.9/s  upd=12212  L=0.0262  D=1.102
[regir] 9:33:24  513,796/1,000,000  14.9/s  upd=12225  L=0.0240  D=1.102
[regir] 9:33:34  514,091/1,000,000  14.9/s  upd=12238  L=0.0315  D=1.102
[regir] 9:33:44  514,436/1,000,000  14.9/s  upd=12248  L=0.0390  D=1.102
[regir] 9:33:54  514,813/1,000,000  15.0/s  upd=12256  L=0.0408  D=1.102
[regir] 9:34:05  515,100/1,000,000  15.0/s  upd=12264  L=0.0479  D=1.102
[regir] 9:34:15  515,399/1,000,000  15.0/s  upd=12272  L=0.0233  D=1.102
[regir] 9:34:25  515,702/1,000,000  15.0/s  upd=12279  L=0.0308  D=1.102
[regir] 9:34:35  515,954/1,000,000  15.0/s  upd=12285  L=0.0316  D=1.102
[regir] 9:34:46  516,248/1,000,000  15.0/s  upd=12292  L=0.0333  D=1.102
[regir] 9:34:57  516,567/1,000,000  15.0/s  upd=12300  L=0.0272  D=1.102
[regir] 9:35:07  516,869/1,000,000  15.0/s  upd=12308  L=0.0234  D=1.102
[regir] 9:35:18  517,184/1,000,000  15.0/s  upd=12314  L=0.0262  D=1.102
[regir] 9:35:28  517,184/1,000,000  15.0/s  upd=12320  L=0.0241  D=1.102
[regir] 9:35:38  517,446/1,000,000  15.0/s  upd=12328  L=0.0289  D=1.102
[regir] 9:35:48  517,750/1,000,000  15.0/s  upd=12333  L=0.0253  D=1.102
[regir] 9:35:58  518,086/1,000,000  15.0/s  upd=12339  L=0.0226  D=1.102
[regir] 9:36:08  518,380/1,000,000  15.0/s  upd=12346  L=0.0151  D=1.102
[regir] 9:36:19  518,703/1,000,000  15.0/s  upd=12353  L=0.0240  D=1.102
[regir] 9:36:29  518,703/1,000,000  15.0/s  upd=12360  L=0.0175  D=1.102
[regir] 9:36:39  518,988/1,000,000  15.0/s  upd=12367  L=0.0186  D=1.102
[regir] 9:36:49  519,306/1,000,000  15.0/s  upd=12370  L=0.0248  D=1.102
[regir] 9:37:00  519,306/1,000,000  15.0/s  upd=12376  L=0.0343  D=1.102
[regir] 9:37:11  519,600/1,000,000  15.0/s  upd=12378  L=0.0286  D=1.102
[regir] 9:37:21  519,600/1,000,000  15.0/s  upd=12384  L=0.0431  D=1.102
[regir] 9:37:32  519,976/1,000,000  15.0/s  upd=12390  L=0.0329  D=1.102
[regir] 9:38:56  519,976/1,000,000  15.0/s  upd=12392  L=0.0197  D=1.102
[regir] 9:39:08  520,308/1,000,000  15.0/s  upd=12400  L=0.0247  D=1.102
[regir] saved resume t_env=520,308
[regir] 9:39:26  520,308/1,000,000  15.0/s  upd=12400  L=0.0247  ev=0/100  D=1.102
[regir] 9:39:36  520,308/1,000,000  15.0/s  upd=12400  L=0.0247  ev=24/100  D=1.102
[regir] 9:39:46  520,308/1,000,000  15.0/s  upd=12400  L=0.0247  ev=54/100  D=1.102
[regir] 9:39:56  520,308/1,000,000  15.0/s  upd=12400  L=0.0247  ev=80/100  D=1.102
[regir] 9:40:06  520,308/1,000,000  14.9/s  upd=12400  L=0.0247  ev=96/100  D=1.102
[regir] 9:40:54  520,308/1,000,000  14.9/s  upd=12400  L=0.0247  D=0.903
[regir] 9:41:04  520,617/1,000,000  14.9/s  upd=12403  L=0.0194  D=0.903
[regir] 9:41:14  520,617/1,000,000  14.9/s  upd=12408  L=0.0391  D=0.903
[regir] 9:41:25  520,935/1,000,000  14.9/s  upd=12415  L=0.0286  D=0.903
[regir] 9:41:35  521,224/1,000,000  14.9/s  upd=12418  L=0.0315  D=0.903
[regir] 9:41:45  521,224/1,000,000  14.9/s  upd=12424  L=0.0223  D=0.903
[regir] 9:41:56  521,506/1,000,000  14.9/s  upd=12429  L=0.0244  D=0.903
[regir] 9:42:07  521,798/1,000,000  14.9/s  upd=12436  L=0.0197  D=0.903
[regir] 9:42:17  522,057/1,000,000  14.9/s  upd=12443  L=0.0292  D=0.903
[regir] 9:42:28  522,328/1,000,000  14.9/s  upd=12449  L=0.0304  D=0.903
[regir] 9:42:38  522,328/1,000,000  14.9/s  upd=12456  L=0.0271  D=0.903
[regir] 9:42:48  522,616/1,000,000  14.9/s  upd=12463  L=0.0194  D=0.903
[regir] 9:42:59  522,917/1,000,000  14.9/s  upd=12472  L=0.0256  D=0.903
[regir] 9:43:11  523,224/1,000,000  15.0/s  upd=12477  L=0.0235  D=0.903
[regir] 9:43:21  523,224/1,000,000  14.9/s  upd=12480  L=0.0191  D=0.903
[regir] 9:43:31  523,525/1,000,000  15.0/s  upd=12488  L=0.0347  D=0.903
[regir] 9:43:43  523,884/1,000,000  15.0/s  upd=12491  L=0.0175  D=0.903
[regir] 9:43:53  523,884/1,000,000  15.0/s  upd=12496  L=0.0186  D=0.903
[regir] 9:44:03  524,241/1,000,000  15.0/s  upd=12501  L=0.0306  D=0.903
[regir] 9:45:01  524,241/1,000,000  14.9/s  upd=12504  L=0.0221  D=0.903
[regir] 9:45:12  524,543/1,000,000  14.9/s  upd=12511  L=0.0291  D=0.903
[regir] 9:45:22  525,186/1,000,000  15.0/s  upd=12521  L=0.0412  D=0.903
[regir] 9:45:33  525,489/1,000,000  15.0/s  upd=12530  L=0.0207  D=0.903
[regir] 9:45:43  525,822/1,000,000  15.0/s  upd=12537  L=0.0199  D=0.903
[regir] 9:45:53  525,822/1,000,000  15.0/s  upd=12544  L=0.0344  D=0.903
[regir] 9:46:04  526,114/1,000,000  15.0/s  upd=12551  L=0.0263  D=0.903
[regir] 9:46:14  526,451/1,000,000  15.0/s  upd=12556  L=0.0231  D=0.903
[regir] 9:46:25  526,779/1,000,000  15.0/s  upd=12566  L=0.0298  D=0.903
[regir] 9:46:36  527,066/1,000,000  15.0/s  upd=12574  L=0.0197  D=0.903
[regir] 9:46:46  527,368/1,000,000  15.0/s  upd=12578  L=0.0379  D=0.903
[regir] 9:46:56  527,368/1,000,000  15.0/s  upd=12584  L=0.0324  D=0.903
[regir] 9:47:07  527,688/1,000,000  15.0/s  upd=12591  L=0.0284  D=0.903
[regir] 9:47:17  527,996/1,000,000  15.0/s  upd=12594  L=0.0164  D=0.903
[regir] 9:47:29  528,298/1,000,000  15.0/s  upd=12601  L=0.0248  D=0.903
[regir] 9:47:41  528,298/1,000,000  15.0/s  upd=12608  L=0.0261  D=0.903
[regir] 9:47:51  528,580/1,000,000  15.0/s  upd=12613  L=0.0232  D=0.903
[regir] 9:48:02  528,920/1,000,000  15.0/s  upd=12623  L=0.0203  D=0.903
[regir] 9:48:12  529,275/1,000,000  15.0/s  upd=12632  L=0.0340  D=0.903
[regir] 9:48:22  529,960/1,000,000  15.0/s  upd=12646  L=0.0238  D=0.903
[regir] 9:48:33  530,560/1,000,000  15.0/s  upd=12658  L=0.0248  D=0.903
[regir] 9:48:43  530,855/1,000,000  15.0/s  upd=12671  L=0.0268  D=0.903
[regir] 9:48:54  531,494/1,000,000  15.0/s  upd=12685  L=0.0244  D=0.903
[regir] 9:49:05  531,820/1,000,000  15.0/s  upd=12696  L=0.0223  D=0.903
[regir] saved resume t_env=532,099
[regir] 9:49:15  532,099/1,000,000  15.0/s  upd=12704  L=0.0449  D=0.903
[regir] 9:49:25  532,438/1,000,000  15.1/s  upd=12711  L=0.0283  D=0.903
[regir] 9:49:36  532,748/1,000,000  15.1/s  upd=12720  L=0.0235  D=0.903
[regir] 9:49:46  533,040/1,000,000  15.1/s  upd=12728  L=0.0298  D=0.903
[regir] 9:49:56  533,349/1,000,000  15.1/s  upd=12733  L=0.0215  D=0.903
[regir] 9:50:07  533,632/1,000,000  15.1/s  upd=12742  L=0.0178  D=0.903
[regir] 9:51:59  533,632/1,000,000  15.0/s  upd=12744  L=0.0251  D=0.903
[regir] 9:52:10  534,276/1,000,000  15.0/s  upd=12759  L=0.0254  D=0.903
[regir] 9:52:20  534,895/1,000,000  15.1/s  upd=12774  L=0.0196  D=0.903
[regir] 9:52:30  535,463/1,000,000  15.1/s  upd=12786  L=0.0211  D=0.903
[regir] 9:52:41  535,746/1,000,000  15.1/s  upd=12798  L=0.0221  D=0.903
[regir] 9:52:51  536,026/1,000,000  15.1/s  upd=12807  L=0.0225  D=0.903
[regir] 9:53:02  536,539/1,000,000  15.1/s  upd=12817  L=0.0180  D=0.903
[regir] 9:53:12  536,842/1,000,000  15.1/s  upd=12826  L=0.0381  D=0.903
[regir] 9:53:23  537,090/1,000,000  15.1/s  upd=12838  L=0.0192  D=0.903
[regir] 9:53:33  537,413/1,000,000  15.1/s  upd=12848  L=0.0287  D=0.903
[regir] 9:53:43  537,714/1,000,000  15.1/s  upd=12855  L=0.0207  D=0.903
[regir] 9:53:54  537,949/1,000,000  15.1/s  upd=12864  L=0.0251  D=0.903
[regir] 9:54:04  538,300/1,000,000  15.1/s  upd=12871  L=0.0208  D=0.903
[regir] 9:54:14  538,554/1,000,000  15.1/s  upd=12878  L=0.0157  D=0.903
[regir] 9:54:25  538,875/1,000,000  15.1/s  upd=12885  L=0.0285  D=0.903
[regir] 9:54:37  539,143/1,000,000  15.1/s  upd=12890  L=0.0182  D=0.903
[regir] 9:54:48  539,455/1,000,000  15.1/s  upd=12897  L=0.0220  D=0.903
[regir] 9:54:59  539,455/1,000,000  15.1/s  upd=12904  L=0.0256  D=0.903
[regir] 9:55:09  539,714/1,000,000  15.1/s  upd=12912  L=0.0176  D=0.903
[regir] 9:55:19  540,038/1,000,000  15.1/s  upd=12917  L=0.0304  D=0.903
[regir] saved resume t_env=540,038
[regir] 9:55:40  540,038/1,000,000  15.1/s  upd=12920  L=0.0188  ev=0/100  D=0.903
[regir] 9:55:50  540,038/1,000,000  15.1/s  upd=12920  L=0.0188  ev=24/100  D=0.903
[regir] 9:56:00  540,038/1,000,000  15.1/s  upd=12920  L=0.0188  ev=48/100  D=0.903
[regir] 9:56:11  540,038/1,000,000  15.1/s  upd=12920  L=0.0188  ev=80/100  D=0.903
[regir] 9:58:27  540,038/1,000,000  15.0/s  upd=12920  L=0.0188  D=0.882
[regir] 9:59:57  540,038/1,000,000  15.0/s  upd=12920  L=0.0188  D=0.882
[regir] 10:00:09  540,352/1,000,000  15.0/s  upd=12927  L=0.0236  D=0.882
[regir] 10:00:19  540,623/1,000,000  15.0/s  upd=12932  L=0.0198  D=0.882
[regir] 10:00:31  540,894/1,000,000  15.0/s  upd=12938  L=0.0175  D=0.882
[regir] 10:00:41  541,195/1,000,000  15.0/s  upd=12945  L=0.0238  D=0.882
[regir] 10:00:51  541,195/1,000,000  15.0/s  upd=12952  L=0.0193  D=0.882
[regir] 10:01:01  541,570/1,000,000  15.0/s  upd=12960  L=0.0202  D=0.882
[regir] 10:01:12  541,898/1,000,000  15.0/s  upd=12964  L=0.0282  D=0.882
[regir] 10:01:22  541,898/1,000,000  15.0/s  upd=12968  L=0.0223  D=0.882
[regir] 10:01:32  542,137/1,000,000  15.0/s  upd=12976  L=0.0287  D=0.882
[regir] 10:01:43  542,418/1,000,000  15.0/s  upd=12984  L=0.0225  D=0.882
[regir] 10:01:53  542,769/1,000,000  15.0/s  upd=12990  L=0.0331  D=0.882
[regir] 10:02:03  543,082/1,000,000  15.0/s  upd=12998  L=0.0216  D=0.882
[regir] 10:02:14  543,335/1,000,000  15.0/s  upd=13007  L=0.0373  D=0.882
[regir] 10:02:24  543,643/1,000,000  15.0/s  upd=13015  L=0.0219  D=0.882
[regir] 10:02:34  543,954/1,000,000  15.0/s  upd=13024  L=0.0189  D=0.882
[regir] 10:02:44  544,266/1,000,000  15.0/s  upd=13032  L=0.0225  D=0.882
[regir] 10:02:54  544,545/1,000,000  15.1/s  upd=13040  L=0.0186  D=0.882
[regir] 10:03:04  544,900/1,000,000  15.1/s  upd=13048  L=0.0236  D=0.882
[regir] 10:03:15  545,452/1,000,000  15.1/s  upd=13057  L=0.0260  D=0.882
[regir] 10:03:26  545,769/1,000,000  15.1/s  upd=13065  L=0.0318  D=0.882
[regir] 10:03:37  546,124/1,000,000  15.1/s  upd=13073  L=0.0352  D=0.882
[regir] 10:03:47  546,124/1,000,000  15.1/s  upd=13080  L=0.0349  D=0.882
[regir] 10:03:58  546,490/1,000,000  15.1/s  upd=13087  L=0.0224  D=0.882
[regir] 10:04:10  546,749/1,000,000  15.1/s  upd=13093  L=0.0320  D=0.882
[regir] 10:04:21  547,022/1,000,000  15.1/s  upd=13098  L=0.0198  D=0.882
[regir] 10:04:32  547,022/1,000,000  15.1/s  upd=13103  L=0.0208  D=0.882
[regir] 10:04:44  547,354/1,000,000  15.1/s  upd=13109  L=0.0279  D=0.882
[regir] 10:04:54  547,710/1,000,000  15.1/s  upd=13116  L=0.0276  D=0.882
[regir] 10:05:57  547,710/1,000,000  15.1/s  upd=13120  L=0.0263  D=0.882
[regir] saved resume t_env=547,983
[regir] 10:06:09  547,983/1,000,000  15.1/s  upd=13128  L=0.0254  D=0.882
[regir] 10:06:19  548,309/1,000,000  15.1/s  upd=13135  L=0.0248  D=0.882
[regir] 10:06:30  548,604/1,000,000  15.1/s  upd=13142  L=0.0334  D=0.882
[regir] 10:06:40  548,899/1,000,000  15.1/s  upd=13146  L=0.0346  D=0.882
[regir] 10:06:51  549,218/1,000,000  15.1/s  upd=13153  L=0.0184  D=0.882
[regir] 10:07:01  549,218/1,000,000  15.1/s  upd=13160  L=0.0220  D=0.882
[regir] 10:07:11  549,542/1,000,000  15.1/s  upd=13168  L=0.0230  D=0.882
[regir] 10:07:21  549,832/1,000,000  15.1/s  upd=13176  L=0.0218  D=0.882
[regir] 10:07:32  550,165/1,000,000  15.1/s  upd=13180  L=0.0339  D=0.882
[regir] 10:07:42  550,449/1,000,000  15.1/s  upd=13186  L=0.0248  D=0.882
[regir] 10:07:53  550,731/1,000,000  15.1/s  upd=13196  L=0.0247  D=0.882
[regir] 10:08:03  551,117/1,000,000  15.1/s  upd=13202  L=0.0245  D=0.882
[regir] 10:08:13  551,117/1,000,000  15.1/s  upd=13208  L=0.0270  D=0.882
[regir] 10:08:25  551,414/1,000,000  15.1/s  upd=13216  L=0.0308  D=0.882
[regir] 10:08:35  551,681/1,000,000  15.1/s  upd=13224  L=0.0299  D=0.882
[regir] 10:08:45  552,309/1,000,000  15.1/s  upd=13234  L=0.0163  D=0.882
[regir] 10:08:57  552,624/1,000,000  15.1/s  upd=13244  L=0.0181  D=0.882
[regir] 10:09:08  552,929/1,000,000  15.1/s  upd=13252  L=0.0222  D=0.882
[regir] 10:09:18  553,233/1,000,000  15.1/s  upd=13264  L=0.0284  D=0.882
[regir] 10:09:28  553,820/1,000,000  15.1/s  upd=13274  L=0.0296  D=0.882
[regir] 10:09:39  554,105/1,000,000  15.1/s  upd=13283  L=0.0373  D=0.882
[regir] 10:09:49  554,441/1,000,000  15.2/s  upd=13291  L=0.0215  D=0.882
[regir] 10:09:59  554,441/1,000,000  15.1/s  upd=13296  L=0.0283  D=0.882
[regir] 10:10:10  554,765/1,000,000  15.2/s  upd=13304  L=0.0187  D=0.882
[regir] 10:10:21  555,085/1,000,000  15.2/s  upd=13309  L=0.0468  D=0.882
[regir] 10:10:31  555,376/1,000,000  15.2/s  upd=13314  L=0.0216  D=0.882
[regir] 10:10:42  555,654/1,000,000  15.2/s  upd=13322  L=0.0203  D=0.882
[regir] 10:10:52  555,895/1,000,000  15.2/s  upd=13331  L=0.0181  D=0.882
[regir] 10:12:05  555,895/1,000,000  15.1/s  upd=13336  L=0.0625  D=0.882
[regir] 10:12:16  556,166/1,000,000  15.1/s  upd=13342  L=0.0241  D=0.882
[regir] 10:12:26  556,503/1,000,000  15.1/s  upd=13350  L=0.0243  D=0.882
[regir] 10:12:37  556,813/1,000,000  15.1/s  upd=13357  L=0.0414  D=0.882
[regir] 10:12:47  557,117/1,000,000  15.2/s  upd=13363  L=0.0184  D=0.882
[regir] 10:12:58  557,402/1,000,000  15.2/s  upd=13371  L=0.0242  D=0.882
[regir] 10:13:08  557,402/1,000,000  15.2/s  upd=13376  L=0.0239  D=0.882
[regir] 10:13:19  557,759/1,000,000  15.2/s  upd=13384  L=0.0243  D=0.882
[regir] 10:13:29  558,033/1,000,000  15.2/s  upd=13392  L=0.0197  D=0.882
[regir] 10:13:39  558,312/1,000,000  15.2/s  upd=13397  L=0.0375  D=0.882
[regir] 10:13:49  558,593/1,000,000  15.2/s  upd=13403  L=0.0400  D=0.882
[regir] 10:14:01  558,857/1,000,000  15.2/s  upd=13410  L=0.0286  D=0.882
[regir] 10:14:11  558,857/1,000,000  15.2/s  upd=13416  L=0.0298  D=0.882
[regir] 10:14:22  559,139/1,000,000  15.2/s  upd=13421  L=0.0268  D=0.882
[regir] 10:14:33  559,389/1,000,000  15.2/s  upd=13425  L=0.0235  D=0.882
[regir] 10:14:43  559,389/1,000,000  15.2/s  upd=13432  L=0.0248  D=0.882
[regir] 10:14:55  559,663/1,000,000  15.2/s  upd=13438  L=0.0395  D=0.882
[regir] 10:15:06  560,004/1,000,000  15.2/s  upd=13443  L=0.0317  D=0.882
[regir] saved resume t_env=560,004
[regir] 10:15:33  560,004/1,000,000  15.2/s  upd=13448  L=0.0253  ev=0/100  D=0.882
[regir] 10:15:43  560,004/1,000,000  15.2/s  upd=13448  L=0.0253  ev=29/100  D=0.882
[regir] 10:15:53  560,004/1,000,000  15.2/s  upd=13448  L=0.0253  ev=74/100  D=0.882
[regir] 10:17:31  560,004/1,000,000  15.1/s  upd=13448  L=0.0253  D=0.885
[regir] 10:18:33  560,004/1,000,000  15.1/s  upd=13448  L=0.0253  D=0.885
[regir] 10:18:44  560,339/1,000,000  15.1/s  upd=13452  L=0.0211  D=0.885
[regir] 10:18:54  560,587/1,000,000  15.1/s  upd=13459  L=0.0260  D=0.885
[regir] 10:19:04  560,587/1,000,000  15.1/s  upd=13464  L=0.0306  D=0.885
[regir] 10:19:15  560,843/1,000,000  15.1/s  upd=13471  L=0.0294  D=0.885
[regir] 10:19:25  561,151/1,000,000  15.1/s  upd=13477  L=0.0226  D=0.885
[regir] 10:19:36  561,151/1,000,000  15.1/s  upd=13480  L=0.0178  D=0.885
[regir] 10:19:46  561,448/1,000,000  15.1/s  upd=13488  L=0.0237  D=0.885
[regir] 10:19:56  561,751/1,000,000  15.1/s  upd=13492  L=0.0197  D=0.885
[regir] 10:20:07  562,022/1,000,000  15.1/s  upd=13498  L=0.0294  D=0.885
[regir] 10:20:17  562,022/1,000,000  15.1/s  upd=13504  L=0.0244  D=0.885
[regir] 10:20:27  562,328/1,000,000  15.1/s  upd=13511  L=0.0178  D=0.885
[regir] 10:20:37  562,328/1,000,000  15.1/s  upd=13512  L=0.0198  D=0.885
[regir] 10:20:47  562,614/1,000,000  15.1/s  upd=13520  L=0.0248  D=0.885
[regir] 10:20:58  562,986/1,000,000  15.1/s  upd=13527  L=0.0197  D=0.885
[regir] 10:21:09  563,318/1,000,000  15.1/s  upd=13532  L=0.0205  D=0.885
[regir] 10:21:20  563,629/1,000,000  15.1/s  upd=13542  L=0.0286  D=0.885
[regir] 10:21:31  563,973/1,000,000  15.1/s  upd=13551  L=0.0196  D=0.885
[regir] 10:21:41  564,322/1,000,000  15.1/s  upd=13560  L=0.0250  D=0.885
[regir] 10:21:52  564,940/1,000,000  15.1/s  upd=13571  L=0.0213  D=0.885
[regir] 10:22:03  565,304/1,000,000  15.1/s  upd=13581  L=0.0227  D=0.885
[regir] 10:22:14  565,623/1,000,000  15.2/s  upd=13590  L=0.0232  D=0.885
[regir] 10:22:25  566,206/1,000,000  15.2/s  upd=13601  L=0.0212  D=0.885
[regir] 10:22:35  566,479/1,000,000  15.2/s  upd=13609  L=0.0559  D=0.885
[regir] 10:22:45  566,479/1,000,000  15.2/s  upd=13616  L=0.0253  D=0.885
[regir] 10:22:56  566,806/1,000,000  15.2/s  upd=13623  L=0.0296  D=0.885
[regir] 10:23:08  567,135/1,000,000  15.2/s  upd=13628  L=0.0231  D=0.885
[regir] 10:23:20  567,472/1,000,000  15.2/s  upd=13633  L=0.0275  D=0.885
[regir] 10:23:30  567,472/1,000,000  15.2/s  upd=13640  L=0.0191  D=0.885
[regir] 10:23:41  567,775/1,000,000  15.2/s  upd=13648  L=0.0244  D=0.885
[regir] 10:25:32  567,775/1,000,000  15.1/s  upd=13648  L=0.0244  D=0.885
[regir] 10:25:42  568,008/1,000,000  15.1/s  upd=13655  L=0.0278  D=0.885
[regir] saved resume t_env=568,008
[regir] 10:25:53  568,270/1,000,000  15.1/s  upd=13662  L=0.0205  D=0.885
[regir] 10:26:03  568,522/1,000,000  15.1/s  upd=13669  L=0.0322  D=0.885
[regir] 10:26:14  568,791/1,000,000  15.1/s  upd=13678  L=0.0243  D=0.885
[regir] 10:26:24  569,057/1,000,000  15.1/s  upd=13686  L=0.0242  D=0.885
[regir] 10:26:34  569,388/1,000,000  15.1/s  upd=13691  L=0.0244  D=0.885
[regir] 10:26:44  569,653/1,000,000  15.1/s  upd=13698  L=0.0272  D=0.885
[regir] 10:26:54  569,653/1,000,000  15.1/s  upd=13704  L=0.0372  D=0.885
[regir] 10:27:05  569,923/1,000,000  15.1/s  upd=13712  L=0.0203  D=0.885
[regir] 10:27:16  570,489/1,000,000  15.2/s  upd=13723  L=0.0230  D=0.885
[regir] 10:27:26  570,489/1,000,000  15.2/s  upd=13728  L=0.0231  D=0.885
[regir] 10:27:37  571,044/1,000,000  15.2/s  upd=13737  L=0.0201  D=0.885
[regir] 10:27:47  571,403/1,000,000  15.2/s  upd=13746  L=0.0206  D=0.885
[regir] 10:27:57  571,744/1,000,000  15.2/s  upd=13756  L=0.0246  D=0.885
[regir] 10:28:08  572,014/1,000,000  15.2/s  upd=13765  L=0.0203  D=0.885
[regir] 10:28:18  572,273/1,000,000  15.2/s  upd=13774  L=0.0316  D=0.885
[regir] 10:28:29  572,558/1,000,000  15.2/s  upd=13782  L=0.0217  D=0.885
[regir] 10:28:40  572,850/1,000,000  15.2/s  upd=13791  L=0.0335  D=0.885
[regir] 10:28:50  573,393/1,000,000  15.2/s  upd=13801  L=0.0404  D=0.885
[regir] 10:29:00  573,642/1,000,000  15.2/s  upd=13811  L=0.0177  D=0.885
[regir] 10:29:13  573,963/1,000,000  15.2/s  upd=13817  L=0.0269  D=0.885
[regir] 10:29:24  574,354/1,000,000  15.2/s  upd=13825  L=0.0219  D=0.885
[regir] 10:29:34  574,354/1,000,000  15.2/s  upd=13832  L=0.0450  D=0.885
[regir] 10:29:45  574,626/1,000,000  15.2/s  upd=13838  L=0.0265  D=0.885
[regir] 10:29:56  574,903/1,000,000  15.2/s  upd=13842  L=0.0184  D=0.885
[regir] 10:30:07  575,172/1,000,000  15.2/s  upd=13850  L=0.0228  D=0.885
[regir] 10:30:17  575,172/1,000,000  15.2/s  upd=13856  L=0.0441  D=0.885
[regir] 10:30:28  575,502/1,000,000  15.2/s  upd=13863  L=0.0274  D=0.885
[regir] 10:30:39  575,784/1,000,000  15.2/s  upd=13871  L=0.0302  D=0.885
[regir] 10:31:11  575,784/1,000,000  15.2/s  upd=13872  L=0.0295  D=0.885
[regir] 10:31:21  576,138/1,000,000  15.2/s  upd=13879  L=0.0197  D=0.885
[regir] 10:31:31  576,385/1,000,000  15.2/s  upd=13887  L=0.0206  D=0.885
[regir] 10:31:41  576,721/1,000,000  15.2/s  upd=13896  L=0.0211  D=0.885
[regir] 10:31:51  576,990/1,000,000  15.2/s  upd=13904  L=0.0257  D=0.885
[regir] 10:32:03  577,579/1,000,000  15.2/s  upd=13913  L=0.0242  D=0.885
[regir] 10:32:15  577,828/1,000,000  15.2/s  upd=13922  L=0.0271  D=0.885
[regir] 10:32:26  578,123/1,000,000  15.2/s  upd=13929  L=0.0167  D=0.885
[regir] 10:32:36  578,123/1,000,000  15.2/s  upd=13936  L=0.0270  D=0.885
[regir] 10:32:46  578,489/1,000,000  15.2/s  upd=13944  L=0.0304  D=0.885
[regir] 10:32:57  578,731/1,000,000  15.2/s  upd=13950  L=0.0199  D=0.885
[regir] 10:33:08  578,995/1,000,000  15.2/s  upd=13956  L=0.0258  D=0.885
[regir] 10:33:18  579,270/1,000,000  15.2/s  upd=13963  L=0.0244  D=0.885
[regir] 10:33:29  579,544/1,000,000  15.2/s  upd=13971  L=0.0247  D=0.885
[regir] 10:33:39  579,841/1,000,000  15.3/s  upd=13979  L=0.0160  D=0.885
[regir] 10:33:50  580,155/1,000,000  15.3/s  upd=13986  L=0.0231  D=0.885
[regir] 10:34:01  580,155/1,000,000  15.3/s  upd=13992  L=0.0245  D=0.885
[regir] saved resume t_env=580,155
[regir] 10:34:19  580,155/1,000,000  15.2/s  upd=13992  L=0.0245  ev=0/100  D=0.885
[regir] 10:34:29  580,155/1,000,000  15.2/s  upd=13992  L=0.0245  ev=28/100  D=0.885
[regir] 10:34:40  580,155/1,000,000  15.2/s  upd=13992  L=0.0245  ev=47/100  D=0.885
[regir] 10:34:50  580,155/1,000,000  15.2/s  upd=13992  L=0.0245  ev=88/100  D=0.885
[regir] 10:36:12  580,155/1,000,000  15.2/s  upd=13992  L=0.0245  D=1.206
[regir] 10:38:42  580,155/1,000,000  15.1/s  upd=13992  L=0.0245  D=1.206
[regir] 10:38:52  580,466/1,000,000  15.1/s  upd=13997  L=0.0273  D=1.206
[regir] 10:39:04  580,728/1,000,000  15.1/s  upd=14005  L=0.0185  D=1.206
[regir] 10:39:14  580,990/1,000,000  15.1/s  upd=14009  L=0.0212  D=1.206
[regir] 10:39:25  580,990/1,000,000  15.1/s  upd=14016  L=0.0303  D=1.206
[regir] 10:39:35  581,273/1,000,000  15.1/s  upd=14022  L=0.0165  D=1.206
[regir] 10:39:45  581,611/1,000,000  15.2/s  upd=14028  L=0.0247  D=1.206
[regir] 10:39:56  581,910/1,000,000  15.2/s  upd=14035  L=0.0207  D=1.206
[regir] 10:40:09  582,199/1,000,000  15.2/s  upd=14041  L=0.0351  D=1.206
[regir] 10:40:20  582,479/1,000,000  15.2/s  upd=14050  L=0.0201  D=1.206
[regir] 10:40:30  582,738/1,000,000  15.2/s  upd=14061  L=0.0298  D=1.206
[regir] 10:40:40  582,996/1,000,000  15.2/s  upd=14072  L=0.0199  D=1.206
[regir] 10:40:50  583,314/1,000,000  15.2/s  upd=14079  L=0.0176  D=1.206
[regir] 10:41:00  583,904/1,000,000  15.2/s  upd=14089  L=0.0233  D=1.206
[regir] 10:41:12  584,144/1,000,000  15.2/s  upd=14099  L=0.0185  D=1.206
[regir] 10:41:23  584,410/1,000,000  15.2/s  upd=14109  L=0.0192  D=1.206
[regir] 10:41:33  584,718/1,000,000  15.2/s  upd=14120  L=0.0172  D=1.206
[regir] 10:41:43  585,271/1,000,000  15.2/s  upd=14129  L=0.0215  D=1.206
[regir] 10:41:54  585,611/1,000,000  15.2/s  upd=14138  L=0.0324  D=1.206
[regir] 10:42:05  585,895/1,000,000  15.2/s  upd=14150  L=0.0197  D=1.206
[regir] 10:42:16  586,460/1,000,000  15.2/s  upd=14161  L=0.0354  D=1.206
[regir] 10:42:26  586,714/1,000,000  15.2/s  upd=14169  L=0.0341  D=1.206
[regir] 10:42:36  586,714/1,000,000  15.2/s  upd=14176  L=0.0234  D=1.206
[regir] 10:42:46  587,019/1,000,000  15.2/s  upd=14184  L=0.0248  D=1.206
[regir] 10:42:59  587,278/1,000,000  15.2/s  upd=14189  L=0.0302  D=1.206
[regir] 10:43:09  587,635/1,000,000  15.2/s  upd=14194  L=0.0185  D=1.206
[regir] 10:43:19  587,635/1,000,000  15.2/s  upd=14200  L=0.0181  D=1.206
[regir] 10:43:30  587,948/1,000,000  15.2/s  upd=14205  L=0.0200  D=1.206
[regir] 10:43:40  587,948/1,000,000  15.2/s  upd=14208  L=0.0224  D=1.206
[regir] 10:43:51  588,243/1,000,000  15.2/s  upd=14215  L=0.0299  D=1.206
[regir] 10:44:45  588,243/1,000,000  15.2/s  upd=14216  L=0.0268  D=1.206
[regir] 10:44:56  588,521/1,000,000  15.2/s  upd=14217  L=0.0201  D=1.206
[regir] saved resume t_env=588,521
[regir] 10:45:07  588,521/1,000,000  15.2/s  upd=14224  L=0.0221  D=1.206
[regir] 10:45:17  588,805/1,000,000  15.2/s  upd=14231  L=0.0157  D=1.206
[regir] 10:45:28  589,183/1,000,000  15.2/s  upd=14233  L=0.0217  D=1.206
[regir] 10:45:38  589,183/1,000,000  15.2/s  upd=14240  L=0.0183  D=1.206
[regir] 10:45:48  589,500/1,000,000  15.2/s  upd=14245  L=0.0219  D=1.206
[regir] 10:45:59  589,809/1,000,000  15.2/s  upd=14250  L=0.0226  D=1.206
[regir] 10:46:10  590,062/1,000,000  15.2/s  upd=14257  L=0.0206  D=1.206
[regir] 10:46:20  590,329/1,000,000  15.2/s  upd=14266  L=0.0253  D=1.206
[regir] 10:46:31  590,680/1,000,000  15.2/s  upd=14274  L=0.0254  D=1.206
[regir] 10:46:41  591,018/1,000,000  15.2/s  upd=14284  L=0.0193  D=1.206
[regir] 10:46:51  591,288/1,000,000  15.2/s  upd=14294  L=0.0241  D=1.206
[regir] 10:47:02  591,577/1,000,000  15.2/s  upd=14302  L=0.0221  D=1.206
[regir] 10:47:12  591,842/1,000,000  15.2/s  upd=14312  L=0.0284  D=1.206
[regir] 10:47:23  592,422/1,000,000  15.3/s  upd=14323  L=0.0184  D=1.206
[regir] 10:47:33  592,699/1,000,000  15.3/s  upd=14335  L=0.0284  D=1.206
[regir] 10:47:43  593,249/1,000,000  15.3/s  upd=14348  L=0.0335  D=1.206
[regir] 10:47:54  593,808/1,000,000  15.3/s  upd=14362  L=0.0271  D=1.206
[regir] 10:48:04  594,125/1,000,000  15.3/s  upd=14376  L=0.0304  D=1.206
[regir] 10:48:14  594,718/1,000,000  15.3/s  upd=14388  L=0.0225  D=1.206
[regir] 10:48:25  595,268/1,000,000  15.3/s  upd=14401  L=0.0202  D=1.206
[regir] 10:48:35  595,564/1,000,000  15.3/s  upd=14415  L=0.0290  D=1.206
[regir] 10:48:46  596,116/1,000,000  15.3/s  upd=14429  L=0.0216  D=1.206
[regir] 10:48:56  596,418/1,000,000  15.3/s  upd=14440  L=0.0221  D=1.206
[regir] 10:49:06  597,004/1,000,000  15.3/s  upd=14450  L=0.0337  D=1.206
[regir] 10:49:18  597,273/1,000,000  15.3/s  upd=14462  L=0.0223  D=1.206
[regir] 10:49:28  597,566/1,000,000  15.3/s  upd=14469  L=0.0209  D=1.206
[regir] 10:49:39  597,888/1,000,000  15.3/s  upd=14476  L=0.0263  D=1.206
[regir] 10:49:49  598,233/1,000,000  15.3/s  upd=14481  L=0.0279  D=1.206
[regir] 10:51:50  598,233/1,000,000  15.3/s  upd=14488  L=0.0239  D=1.206
[regir] 10:52:00  598,573/1,000,000  15.3/s  upd=14493  L=0.0212  D=1.206
[regir] 10:52:11  598,930/1,000,000  15.3/s  upd=14500  L=0.0256  D=1.206
[regir] 10:52:22  599,191/1,000,000  15.3/s  upd=14506  L=0.0211  D=1.206
[regir] 10:52:33  599,517/1,000,000  15.3/s  upd=14514  L=0.0236  D=1.206
[regir] 10:52:43  599,852/1,000,000  15.3/s  upd=14521  L=0.0262  D=1.206
[regir] 10:52:54  599,852/1,000,000  15.3/s  upd=14528  L=0.0263  D=1.206
[regir] saved resume t_env=600,137
[regir] 10:53:23  600,137/1,000,000  15.3/s  upd=14536  L=0.0274  ev=0/100  D=1.206
[regir] 10:53:33  600,137/1,000,000  15.3/s  upd=14536  L=0.0274  ev=16/100  D=1.206
[regir] 10:53:43  600,137/1,000,000  15.3/s  upd=14536  L=0.0274  ev=32/100  D=1.206
[regir] 10:53:54  600,137/1,000,000  15.3/s  upd=14536  L=0.0274  ev=48/100  D=1.206
[regir] 10:54:04  600,137/1,000,000  15.3/s  upd=14536  L=0.0274  ev=76/100  D=1.206
[regir] 10:54:14  600,137/1,000,000  15.3/s  upd=14536  L=0.0274  ev=98/100  D=1.206
[regir] 10:55:24  600,137/1,000,000  15.3/s  upd=14536  L=0.0274  D=0.865
[regir] 10:55:36  600,640/1,000,000  15.3/s  upd=14546  L=0.0337  D=0.865
[regir] 10:55:47  600,916/1,000,000  15.3/s  upd=14557  L=0.0197  D=0.865
[regir] 10:55:57  601,232/1,000,000  15.3/s  upd=14567  L=0.0252  D=0.865
[regir] 10:56:07  601,556/1,000,000  15.3/s  upd=14576  L=0.0397  D=0.865
[regir] 10:56:18  602,193/1,000,000  15.3/s  upd=14587  L=0.0197  D=0.865
[regir] 10:56:28  602,464/1,000,000  15.3/s  upd=14598  L=0.0205  D=0.865
[regir] 10:56:40  602,757/1,000,000  15.3/s  upd=14606  L=0.0210  D=0.865
[regir] 10:56:51  603,033/1,000,000  15.3/s  upd=14615  L=0.0309  D=0.865
[regir] 10:58:53  603,033/1,000,000  15.3/s  upd=14616  L=0.0336  D=0.865
[regir] 10:59:03  603,367/1,000,000  15.3/s  upd=14620  L=0.0275  D=0.865
[regir] 10:59:14  603,613/1,000,000  15.3/s  upd=14627  L=0.0289  D=0.865
[regir] 10:59:24  603,894/1,000,000  15.3/s  upd=14633  L=0.0257  D=0.865
[regir] 10:59:34  603,894/1,000,000  15.3/s  upd=14640  L=0.0201  D=0.865
[regir] 10:59:45  604,166/1,000,000  15.3/s  upd=14648  L=0.0250  D=0.865
[regir] 10:59:56  604,487/1,000,000  15.3/s  upd=14653  L=0.0235  D=0.865
[regir] 11:00:06  604,773/1,000,000  15.3/s  upd=14659  L=0.0248  D=0.865
[regir] 11:00:17  605,130/1,000,000  15.3/s  upd=14665  L=0.0411  D=0.865
[regir] 11:00:27  605,130/1,000,000  15.3/s  upd=14672  L=0.0217  D=0.865
[regir] 11:00:38  605,393/1,000,000  15.3/s  upd=14680  L=0.0211  D=0.865
[regir] 11:00:48  605,684/1,000,000  15.3/s  upd=14688  L=0.0267  D=0.865
[regir] 11:00:59  605,957/1,000,000  15.3/s  upd=14695  L=0.0250  D=0.865
[regir] 11:01:09  606,231/1,000,000  15.3/s  upd=14704  L=0.0223  D=0.865
[regir] 11:01:21  606,561/1,000,000  15.3/s  upd=14710  L=0.0215  D=0.865
[regir] 11:01:32  606,844/1,000,000  15.3/s  upd=14718  L=0.0265  D=0.865
[regir] 11:01:43  607,119/1,000,000  15.3/s  upd=14727  L=0.0369  D=0.865
[regir] 11:01:53  607,389/1,000,000  15.3/s  upd=14735  L=0.0179  D=0.865
[regir] 11:02:04  607,683/1,000,000  15.3/s  upd=14744  L=0.0213  D=0.865
[regir] 11:02:14  608,180/1,000,000  15.3/s  upd=14753  L=0.0220  D=0.865
[regir] 11:02:25  608,469/1,000,000  15.3/s  upd=14762  L=0.0232  D=0.865
[regir] 11:02:35  608,760/1,000,000  15.3/s  upd=14771  L=0.0280  D=0.865
[regir] 11:02:46  609,001/1,000,000  15.3/s  upd=14781  L=0.0405  D=0.865
[regir] 11:02:56  609,266/1,000,000  15.3/s  upd=14791  L=0.0219  D=0.865
[regir] 11:03:07  609,836/1,000,000  15.3/s  upd=14801  L=0.0340  D=0.865
[regir] saved resume t_env=609,836
[regir] 11:03:17  610,077/1,000,000  15.3/s  upd=14809  L=0.0208  D=0.865
[regir] 11:03:30  610,332/1,000,000  15.3/s  upd=14819  L=0.0252  D=0.865
[regir] 11:03:40  610,677/1,000,000  15.3/s  upd=14826  L=0.0256  D=0.865
[regir] 11:03:50  610,677/1,000,000  15.3/s  upd=14832  L=0.0286  D=0.865
[regir] 11:04:58  610,986/1,000,000  15.3/s  upd=14840  L=0.0183  D=0.865
[regir] 11:05:08  611,247/1,000,000  15.3/s  upd=14847  L=0.0255  D=0.865
[regir] 11:05:20  611,579/1,000,000  15.3/s  upd=14851  L=0.0198  D=0.865
[regir] 11:05:30  611,852/1,000,000  15.3/s  upd=14857  L=0.0235  D=0.865
[regir] 11:05:41  611,852/1,000,000  15.3/s  upd=14861  L=0.0206  D=0.865
[regir] 11:05:51  612,174/1,000,000  15.3/s  upd=14866  L=0.0352  D=0.865
[regir] 11:06:01  612,174/1,000,000  15.3/s  upd=14872  L=0.0251  D=0.865
[regir] 11:06:12  612,399/1,000,000  15.3/s  upd=14878  L=0.0220  D=0.865
[regir] 11:06:24  612,681/1,000,000  15.3/s  upd=14887  L=0.0255  D=0.865
[regir] 11:06:34  612,948/1,000,000  15.3/s  upd=14895  L=0.0205  D=0.865
[regir] 11:06:44  613,559/1,000,000  15.3/s  upd=14905  L=0.0323  D=0.865
[regir] 11:06:55  613,949/1,000,000  15.3/s  upd=14914  L=0.0249  D=0.865
[regir] 11:07:06  614,251/1,000,000  15.3/s  upd=14921  L=0.0240  D=0.865
[regir] 11:07:16  614,251/1,000,000  15.3/s  upd=14928  L=0.0183  D=0.865
[regir] 11:07:27  614,552/1,000,000  15.3/s  upd=14936  L=0.0223  D=0.865
[regir] 11:07:38  614,877/1,000,000  15.3/s  upd=14939  L=0.0221  D=0.865
[regir] 11:07:49  615,141/1,000,000  15.4/s  upd=14949  L=0.0227  D=0.865
[regir] 11:07:59  615,380/1,000,000  15.4/s  upd=14955  L=0.0289  D=0.865
[regir] 11:08:11  615,702/1,000,000  15.4/s  upd=14962  L=0.0186  D=0.865
[regir] 11:08:21  615,702/1,000,000  15.4/s  upd=14968  L=0.0210  D=0.865
[regir] 11:08:32  615,956/1,000,000  15.4/s  upd=14972  L=0.0191  D=0.865
[regir] 11:08:43  616,238/1,000,000  15.4/s  upd=14977  L=0.0328  D=0.865
[regir] 11:08:53  616,238/1,000,000  15.4/s  upd=14984  L=0.0261  D=0.865
[regir] 11:09:04  616,527/1,000,000  15.4/s  upd=14990  L=0.0215  D=0.865
[regir] 11:09:14  616,774/1,000,000  15.4/s  upd=14997  L=0.0366  D=0.865
[regir] 11:09:25  617,034/1,000,000  15.4/s  upd=15002  L=0.0240  D=0.865
[regir] 11:09:36  617,344/1,000,000  15.4/s  upd=15009  L=0.0260  D=0.865
[regir] 11:09:46  617,344/1,000,000  15.4/s  upd=15016  L=0.0231  D=0.865
[regir] 11:09:56  617,686/1,000,000  15.4/s  upd=15021  L=0.0239  D=0.865
[regir] 11:10:33  617,686/1,000,000  15.4/s  upd=15024  L=0.0261  D=0.865
[regir] 11:10:43  617,972/1,000,000  15.4/s  upd=15031  L=0.0190  D=0.865
[regir] 11:10:54  618,282/1,000,000  15.4/s  upd=15033  L=0.0241  D=0.865
[regir] 11:11:04  618,282/1,000,000  15.4/s  upd=15040  L=0.0193  D=0.865
[regir] 11:11:15  618,649/1,000,000  15.4/s  upd=15048  L=0.0209  D=0.865
[regir] 11:11:26  618,968/1,000,000  15.4/s  upd=15052  L=0.0498  D=0.865
[regir] 11:11:36  619,237/1,000,000  15.4/s  upd=15059  L=0.0270  D=0.865
[regir] 11:11:46  619,480/1,000,000  15.4/s  upd=15068  L=0.0221  D=0.865
[regir] 11:11:57  619,787/1,000,000  15.4/s  upd=15075  L=0.0244  D=0.865
[regir] 11:12:08  620,091/1,000,000  15.4/s  upd=15085  L=0.0315  D=0.865
[regir] saved resume t_env=620,091
[regir] 11:12:29  620,091/1,000,000  15.4/s  upd=15088  L=0.0261  ev=0/100  D=0.865
[regir] 11:12:39  620,091/1,000,000  15.4/s  upd=15088  L=0.0261  ev=60/100  D=0.865
[regir] 11:16:01  620,091/1,000,000  15.3/s  upd=15088  L=0.0261  D=0.881
[regir] 11:18:57  620,091/1,000,000  15.2/s  upd=15088  L=0.0261  D=0.881
[regir] 11:19:07  620,091/1,000,000  15.2/s  upd=15088  L=0.0261  D=0.881
[regir] 11:19:18  620,438/1,000,000  15.2/s  upd=15093  L=0.0239  D=0.881
[regir] 11:19:30  620,744/1,000,000  15.2/s  upd=15097  L=0.0197  D=0.881
[regir] 11:19:40  620,744/1,000,000  15.2/s  upd=15104  L=0.0180  D=0.881
[regir] 11:19:51  621,020/1,000,000  15.2/s  upd=15107  L=0.0151  D=0.881
[regir] 11:20:01  621,020/1,000,000  15.2/s  upd=15112  L=0.0202  D=0.881
[regir] 11:20:12  621,256/1,000,000  15.2/s  upd=15120  L=0.0233  D=0.881
[regir] 11:20:22  621,506/1,000,000  15.2/s  upd=15123  L=0.0198  D=0.881
[regir] 11:20:32  621,506/1,000,000  15.2/s  upd=15128  L=0.0226  D=0.881
[regir] 11:20:42  621,769/1,000,000  15.2/s  upd=15134  L=0.0331  D=0.881
[regir] 11:20:53  622,026/1,000,000  15.2/s  upd=15137  L=0.0210  D=0.881
[regir] 11:21:04  622,026/1,000,000  15.2/s  upd=15144  L=0.0291  D=0.881
[regir] 11:21:14  622,268/1,000,000  15.2/s  upd=15148  L=0.0300  D=0.881
[regir] 11:21:24  622,268/1,000,000  15.2/s  upd=15152  L=0.0191  D=0.881
[regir] 11:21:36  622,541/1,000,000  15.2/s  upd=15158  L=0.0214  D=0.881
[regir] 11:21:46  622,837/1,000,000  15.2/s  upd=15163  L=0.0263  D=0.881
[regir] 11:21:57  622,837/1,000,000  15.2/s  upd=15168  L=0.0285  D=0.881
[regir] 11:22:07  623,103/1,000,000  15.2/s  upd=15176  L=0.0380  D=0.881
[regir] 11:22:18  623,333/1,000,000  15.2/s  upd=15181  L=0.0272  D=0.881
[regir] saved resume t_env=623,333
[regir] 11:22:28  623,333/1,000,000  15.2/s  upd=15184  L=0.0178  D=0.881
[regir] 11:22:39  623,620/1,000,000  15.2/s  upd=15189  L=0.0258  D=0.881
[regir] 11:22:50  623,893/1,000,000  15.2/s  upd=15196  L=0.0185  D=0.881
[regir] 11:23:00  624,144/1,000,000  15.2/s  upd=15205  L=0.0298  D=0.881
[regir] 11:23:11  624,373/1,000,000  15.2/s  upd=15215  L=0.0278  D=0.881
[regir] 11:23:21  624,635/1,000,000  15.2/s  upd=15221  L=0.0302  D=0.881
[regir] 11:23:31  624,979/1,000,000  15.2/s  upd=15228  L=0.0139  D=0.881
[regir] 11:23:42  625,238/1,000,000  15.2/s  upd=15239  L=0.0274  D=0.881
[regir] 11:23:52  625,576/1,000,000  15.2/s  upd=15246  L=0.0177  D=0.881
[regir] 11:24:02  625,799/1,000,000  15.2/s  upd=15251  L=0.0226  D=0.881
[regir] 11:24:40  625,799/1,000,000  15.2/s  upd=15256  L=0.0339  D=0.881
[regir] 11:24:51  626,052/1,000,000  15.2/s  upd=15263  L=0.0199  D=0.881
[regir] 11:25:01  626,299/1,000,000  15.2/s  upd=15270  L=0.0242  D=0.881
[regir] 11:25:11  626,637/1,000,000  15.2/s  upd=15275  L=0.0199  D=0.881
[regir] 11:25:21  626,637/1,000,000  15.2/s  upd=15280  L=0.0273  D=0.881
[regir] 11:25:32  626,893/1,000,000  15.2/s  upd=15288  L=0.0294  D=0.881
[regir] 11:25:43  627,168/1,000,000  15.2/s  upd=15292  L=0.0232  D=0.881
[regir] 11:25:54  627,429/1,000,000  15.2/s  upd=15297  L=0.0200  D=0.881
[regir] 11:26:04  627,429/1,000,000  15.2/s  upd=15304  L=0.0188  D=0.881
[regir] 11:26:15  627,703/1,000,000  15.2/s  upd=15309  L=0.0196  D=0.881
[regir] 11:26:26  627,941/1,000,000  15.2/s  upd=15315  L=0.0284  D=0.881
[regir] 11:26:37  628,203/1,000,000  15.2/s  upd=15322  L=0.0233  D=0.881
[regir] 11:26:48  628,473/1,000,000  15.3/s  upd=15330  L=0.0177  D=0.881
[regir] 11:26:58  628,473/1,000,000  15.2/s  upd=15336  L=0.0255  D=0.881
[regir] 11:27:08  628,809/1,000,000  15.3/s  upd=15342  L=0.0257  D=0.881
[regir] 11:27:19  629,088/1,000,000  15.3/s  upd=15349  L=0.0270  D=0.881
[regir] 11:27:29  629,088/1,000,000  15.3/s  upd=15352  L=0.0202  D=0.881
[regir] 11:27:39  629,429/1,000,000  15.3/s  upd=15360  L=0.0224  D=0.881
[regir] 11:27:50  629,657/1,000,000  15.3/s  upd=15368  L=0.0167  D=0.881
[regir] 11:28:00  629,900/1,000,000  15.3/s  upd=15376  L=0.0286  D=0.881
[regir] 11:28:11  630,157/1,000,000  15.3/s  upd=15384  L=0.0209  D=0.881
[regir] 11:28:21  630,422/1,000,000  15.3/s  upd=15387  L=0.0219  D=0.881
[regir] 11:28:31  630,682/1,000,000  15.3/s  upd=15395  L=0.0150  D=0.881
[regir] 11:28:41  630,941/1,000,000  15.3/s  upd=15403  L=0.0230  D=0.881
[regir] 11:28:52  631,240/1,000,000  15.3/s  upd=15414  L=0.0236  D=0.881
[regir] 11:29:02  631,539/1,000,000  15.3/s  upd=15424  L=0.0213  D=0.881
[regir] 11:29:12  632,065/1,000,000  15.3/s  upd=15435  L=0.0406  D=0.881
[regir] 11:29:22  632,386/1,000,000  15.3/s  upd=15443  L=0.0269  D=0.881
[regir] 11:29:32  632,667/1,000,000  15.3/s  upd=15452  L=0.0259  D=0.881
[regir] 11:29:43  632,924/1,000,000  15.3/s  upd=15464  L=0.0265  D=0.881
[regir] 11:32:13  632,924/1,000,000  15.2/s  upd=15464  L=0.0265  D=0.881
[regir] 11:32:23  633,260/1,000,000  15.2/s  upd=15472  L=0.0298  D=0.881
[regir] saved resume t_env=633,580
[regir] 11:32:33  633,580/1,000,000  15.2/s  upd=15480  L=0.0289  D=0.881
[regir] 11:32:45  633,952/1,000,000  15.3/s  upd=15487  L=0.0211  D=0.881
[regir] 11:32:55  634,217/1,000,000  15.3/s  upd=15495  L=0.0200  D=0.881
[regir] 11:33:05  634,766/1,000,000  15.3/s  upd=15505  L=0.0260  D=0.881
[regir] 11:33:16  635,068/1,000,000  15.3/s  upd=15515  L=0.0165  D=0.881
[regir] 11:33:26  635,311/1,000,000  15.3/s  upd=15524  L=0.0204  D=0.881
[regir] 11:33:37  635,563/1,000,000  15.3/s  upd=15536  L=0.0212  D=0.881
[regir] 11:33:47  636,146/1,000,000  15.3/s  upd=15546  L=0.0178  D=0.881
[regir] 11:33:58  636,440/1,000,000  15.3/s  upd=15555  L=0.0275  D=0.881
[regir] 11:34:09  636,706/1,000,000  15.3/s  upd=15565  L=0.0208  D=0.881
[regir] 11:34:19  636,964/1,000,000  15.3/s  upd=15576  L=0.0217  D=0.881
[regir] 11:34:30  637,535/1,000,000  15.3/s  upd=15587  L=0.0196  D=0.881
[regir] 11:34:40  637,797/1,000,000  15.3/s  upd=15596  L=0.0230  D=0.881
[regir] 11:34:50  638,060/1,000,000  15.3/s  upd=15605  L=0.0230  D=0.881
[regir] 11:35:00  638,329/1,000,000  15.3/s  upd=15615  L=0.0293  D=0.881
[regir] 11:35:11  638,599/1,000,000  15.3/s  upd=15624  L=0.0254  D=0.881
[regir] 11:35:21  639,166/1,000,000  15.3/s  upd=15633  L=0.0199  D=0.881
[regir] 11:35:32  639,439/1,000,000  15.3/s  upd=15642  L=0.0135  D=0.881
[regir] 11:35:42  639,720/1,000,000  15.3/s  upd=15653  L=0.0457  D=0.881
[regir] 11:35:54  640,012/1,000,000  15.3/s  upd=15663  L=0.0213  D=0.881
[regir] saved resume t_env=640,012
[regir] 11:36:13  640,012/1,000,000  15.3/s  upd=15664  L=0.0238  ev=0/100  D=0.881
[regir] 11:36:24  640,012/1,000,000  15.3/s  upd=15664  L=0.0238  ev=97/100  D=0.881
[regir] 11:38:49  640,012/1,000,000  15.3/s  upd=15664  L=0.0238  D=0.515
[regir] 11:40:19  640,012/1,000,000  15.2/s  upd=15664  L=0.0238  D=0.515
[regir] 11:40:30  640,265/1,000,000  15.2/s  upd=15670  L=0.0245  D=0.515
[regir] 11:40:40  640,559/1,000,000  15.2/s  upd=15673  L=0.0182  D=0.515
[regir] 11:40:50  640,559/1,000,000  15.2/s  upd=15680  L=0.0230  D=0.515
[regir] 11:41:00  640,832/1,000,000  15.2/s  upd=15686  L=0.0211  D=0.515
[regir] 11:41:11  641,086/1,000,000  15.2/s  upd=15692  L=0.0132  D=0.515
[regir] 11:41:21  641,086/1,000,000  15.2/s  upd=15696  L=0.0205  D=0.515
[regir] 11:41:32  641,348/1,000,000  15.2/s  upd=15704  L=0.0192  D=0.515
[regir] 11:41:43  641,675/1,000,000  15.2/s  upd=15711  L=0.0191  D=0.515
[regir] 11:41:54  641,975/1,000,000  15.2/s  upd=15719  L=0.0190  D=0.515
[regir] 11:42:04  642,262/1,000,000  15.2/s  upd=15728  L=0.0175  D=0.515
[regir] 11:42:15  642,800/1,000,000  15.3/s  upd=15737  L=0.0239  D=0.515
[regir] 11:42:26  643,073/1,000,000  15.3/s  upd=15747  L=0.0226  D=0.515
[regir] 11:42:36  643,336/1,000,000  15.3/s  upd=15757  L=0.0294  D=0.515
[regir] 11:42:46  643,616/1,000,000  15.3/s  upd=15765  L=0.0184  D=0.515
[regir] 11:42:57  643,878/1,000,000  15.3/s  upd=15776  L=0.0257  D=0.515
[regir] 11:43:08  644,431/1,000,000  15.3/s  upd=15786  L=0.0443  D=0.515
[regir] 11:43:18  644,789/1,000,000  15.3/s  upd=15795  L=0.0239  D=0.515
[regir] 11:43:28  645,162/1,000,000  15.3/s  upd=15808  L=0.0155  D=0.515
[regir] 11:43:39  645,463/1,000,000  15.3/s  upd=15816  L=0.0200  D=0.515
[regir] 11:43:49  645,740/1,000,000  15.3/s  upd=15824  L=0.0214  D=0.515
[regir] 11:44:00  646,340/1,000,000  15.3/s  upd=15833  L=0.0386  D=0.515
[regir] 11:44:10  646,340/1,000,000  15.3/s  upd=15839  L=0.0160  D=0.515
[regir] 11:44:20  646,606/1,000,000  15.3/s  upd=15847  L=0.0231  D=0.515
[regir] 11:44:31  646,884/1,000,000  15.3/s  upd=15855  L=0.0461  D=0.515
[regir] 11:44:41  647,234/1,000,000  15.3/s  upd=15863  L=0.0201  D=0.515
[regir] 11:44:52  647,551/1,000,000  15.3/s  upd=15872  L=0.0221  D=0.515
[regir] 11:45:03  647,795/1,000,000  15.3/s  upd=15880  L=0.0268  D=0.515
[regir] 11:45:13  648,167/1,000,000  15.3/s  upd=15887  L=0.0307  D=0.515
[regir] 11:45:23  648,448/1,000,000  15.3/s  upd=15891  L=0.0344  D=0.515
[regir] 11:46:01  648,448/1,000,000  15.3/s  upd=15896  L=0.0188  D=0.515
[regir] saved resume t_env=648,746
[regir] 11:46:11  648,746/1,000,000  15.3/s  upd=15904  L=0.0258  D=0.515
[regir] 11:46:21  649,044/1,000,000  15.3/s  upd=15910  L=0.0245  D=0.515
[regir] 11:46:32  649,331/1,000,000  15.3/s  upd=15918  L=0.0284  D=0.515
[regir] 11:46:43  649,628/1,000,000  15.3/s  upd=15926  L=0.0185  D=0.515
[regir] 11:46:53  649,914/1,000,000  15.3/s  upd=15932  L=0.0212  D=0.515
[regir] 11:47:04  650,204/1,000,000  15.3/s  upd=15938  L=0.0228  D=0.515
[regir] 11:47:14  650,204/1,000,000  15.3/s  upd=15944  L=0.0192  D=0.515
[regir] 11:47:25  650,489/1,000,000  15.3/s  upd=15951  L=0.0245  D=0.515
[regir] 11:47:36  650,791/1,000,000  15.3/s  upd=15959  L=0.0168  D=0.515
[regir] 11:47:47  651,114/1,000,000  15.3/s  upd=15964  L=0.0357  D=0.515
[regir] 11:47:57  651,396/1,000,000  15.3/s  upd=15972  L=0.0205  D=0.515
[regir] 11:48:08  651,664/1,000,000  15.3/s  upd=15980  L=0.0185  D=0.515
[regir] 11:48:18  651,915/1,000,000  15.3/s  upd=15987  L=0.0165  D=0.515
[regir] 11:48:28  652,265/1,000,000  15.3/s  upd=15993  L=0.0261  D=0.515
[regir] 11:48:39  652,529/1,000,000  15.3/s  upd=16002  L=0.0151  D=0.515
[regir] 11:48:49  652,823/1,000,000  15.3/s  upd=16011  L=0.0231  D=0.515
[regir] 11:49:00  653,173/1,000,000  15.4/s  upd=16023  L=0.0205  D=0.515
[regir] 11:49:11  653,825/1,000,000  15.4/s  upd=16037  L=0.0227  D=0.515
[regir] 11:49:21  654,404/1,000,000  15.4/s  upd=16051  L=0.0360  D=0.515
[regir] 11:49:31  654,760/1,000,000  15.4/s  upd=16064  L=0.0248  D=0.515
[regir] 11:49:42  655,396/1,000,000  15.4/s  upd=16074  L=0.0174  D=0.515
[regir] 11:49:52  655,735/1,000,000  15.4/s  upd=16084  L=0.0274  D=0.515
[regir] 11:50:02  656,027/1,000,000  15.4/s  upd=16095  L=0.0225  D=0.515
[regir] 11:50:12  656,320/1,000,000  15.4/s  upd=16104  L=0.0185  D=0.515
[regir] 11:50:22  656,640/1,000,000  15.4/s  upd=16112  L=0.0212  D=0.515
[regir] 11:50:33  657,258/1,000,000  15.4/s  upd=16123  L=0.0220  D=0.515
[regir] 11:50:44  657,548/1,000,000  15.4/s  upd=16132  L=0.0281  D=0.515
[regir] 11:50:54  657,838/1,000,000  15.4/s  upd=16138  L=0.0182  D=0.515
[regir] 11:51:04  657,838/1,000,000  15.4/s  upd=16144  L=0.0200  D=0.515
[regir] 11:53:10  658,140/1,000,000  15.4/s  upd=16152  L=0.0240  D=0.515
[regir] 11:53:20  658,403/1,000,000  15.4/s  upd=16160  L=0.0196  D=0.515
[regir] 11:53:31  658,700/1,000,000  15.4/s  upd=16166  L=0.0175  D=0.515
[regir] 11:53:41  659,081/1,000,000  15.4/s  upd=16173  L=0.0136  D=0.515
[regir] 11:53:51  659,392/1,000,000  15.4/s  upd=16179  L=0.0118  D=0.515
[regir] 11:54:01  659,648/1,000,000  15.4/s  upd=16185  L=0.0295  D=0.515
[regir] 11:54:11  659,648/1,000,000  15.4/s  upd=16192  L=0.0177  D=0.515
[regir] 11:54:22  659,943/1,000,000  15.4/s  upd=16198  L=0.0199  D=0.515
[regir] 11:54:34  660,268/1,000,000  15.4/s  upd=16202  L=0.0151  D=0.515
[regir] saved resume t_env=660,268
[regir] 11:54:59  660,268/1,000,000  15.4/s  upd=16208  L=0.0239  ev=0/100  D=0.515
[regir] 11:55:09  660,268/1,000,000  15.4/s  upd=16208  L=0.0239  ev=32/100  D=0.515
[regir] 11:55:20  660,268/1,000,000  15.4/s  upd=16208  L=0.0239  ev=56/100  D=0.515
[regir] 11:55:30  660,268/1,000,000  15.4/s  upd=16208  L=0.0239  ev=72/100  D=0.515
[regir] 11:55:40  660,268/1,000,000  15.4/s  upd=16208  L=0.0239  ev=79/100  D=0.515
[regir] 11:57:17  660,268/1,000,000  15.3/s  upd=16208  L=0.0239  D=0.527
[regir] 11:57:27  660,585/1,000,000  15.3/s  upd=16213  L=0.0214  D=0.527
[regir] 11:57:37  660,910/1,000,000  15.3/s  upd=16219  L=0.0202  D=0.527
[regir] 11:57:47  660,910/1,000,000  15.3/s  upd=16224  L=0.0169  D=0.527
[regir] 11:57:58  661,204/1,000,000  15.3/s  upd=16232  L=0.0285  D=0.527
[regir] 11:58:08  661,496/1,000,000  15.4/s  upd=16236  L=0.0121  D=0.527
[regir] 11:59:49  661,496/1,000,000  15.3/s  upd=16240  L=0.0271  D=0.527
[regir] 11:59:59  661,747/1,000,000  15.3/s  upd=16243  L=0.0177  D=0.527
[regir] 12:00:09  661,747/1,000,000  15.3/s  upd=16248  L=0.0200  D=0.527
[regir] 12:00:19  662,019/1,000,000  15.3/s  upd=16256  L=0.0193  D=0.527
[regir] 12:00:29  662,283/1,000,000  15.3/s  upd=16260  L=0.0220  D=0.527
[regir] 12:00:40  662,527/1,000,000  15.3/s  upd=16265  L=0.0188  D=0.527
[regir] 12:00:50  662,781/1,000,000  15.3/s  upd=16273  L=0.0195  D=0.527
[regir] 12:01:00  662,781/1,000,000  15.3/s  upd=16280  L=0.0191  D=0.527
[regir] 12:01:10  663,045/1,000,000  15.3/s  upd=16288  L=0.0257  D=0.527
[regir] 12:01:21  663,278/1,000,000  15.3/s  upd=16295  L=0.0442  D=0.527
[regir] 12:01:31  663,539/1,000,000  15.3/s  upd=16304  L=0.0187  D=0.527
[regir] 12:01:43  664,152/1,000,000  15.3/s  upd=16315  L=0.0178  D=0.527
[regir] 12:01:54  664,398/1,000,000  15.3/s  upd=16325  L=0.0194  D=0.527
[regir] 12:02:04  664,687/1,000,000  15.3/s  upd=16336  L=0.0193  D=0.527
[regir] 12:02:14  665,248/1,000,000  15.4/s  upd=16345  L=0.0158  D=0.527
[regir] 12:02:25  665,504/1,000,000  15.4/s  upd=16354  L=0.0173  D=0.527
[regir] 12:02:35  665,764/1,000,000  15.4/s  upd=16363  L=0.0203  D=0.527
[regir] 12:02:46  666,035/1,000,000  15.4/s  upd=16373  L=0.0240  D=0.527
[regir] 12:02:59  666,300/1,000,000  15.4/s  upd=16382  L=0.0206  D=0.527
[regir] 12:03:09  666,574/1,000,000  15.4/s  upd=16392  L=0.0241  D=0.527
[regir] 12:03:19  667,130/1,000,000  15.4/s  upd=16402  L=0.0193  D=0.527
[regir] 12:03:29  667,417/1,000,000  15.4/s  upd=16412  L=0.0229  D=0.527
[regir] 12:03:39  667,677/1,000,000  15.4/s  upd=16424  L=0.0226  D=0.527
[regir] 12:03:49  667,971/1,000,000  15.4/s  upd=16432  L=0.0190  D=0.527
[regir] 12:03:59  668,238/1,000,000  15.4/s  upd=16440  L=0.0146  D=0.527
[regir] 12:04:10  668,515/1,000,000  15.4/s  upd=16447  L=0.0224  D=0.527
[regir] 12:04:20  668,800/1,000,000  15.4/s  upd=16454  L=0.0166  D=0.527
[regir] 12:04:30  669,062/1,000,000  15.4/s  upd=16464  L=0.0152  D=0.527
[regir] 12:04:40  669,358/1,000,000  15.4/s  upd=16472  L=0.0176  D=0.527
[regir] saved resume t_env=669,647
[regir] 12:06:57  669,647/1,000,000  15.4/s  upd=16480  L=0.0177  D=0.527
[regir] 12:07:08  670,199/1,000,000  15.4/s  upd=16493  L=0.0306  D=0.527
[regir] 12:07:18  670,842/1,000,000  15.4/s  upd=16508  L=0.0190  D=0.527
[regir] 12:07:28  671,366/1,000,000  15.4/s  upd=16522  L=0.0255  D=0.527
[regir] 12:07:39  671,675/1,000,000  15.4/s  upd=16532  L=0.0191  D=0.527
[regir] 12:07:49  671,953/1,000,000  15.4/s  upd=16544  L=0.0217  D=0.527
[regir] 12:07:59  672,495/1,000,000  15.4/s  upd=16553  L=0.0174  D=0.527
[regir] 12:08:09  672,495/1,000,000  15.4/s  upd=16560  L=0.0161  D=0.527
[regir] 12:08:20  672,836/1,000,000  15.4/s  upd=16566  L=0.0145  D=0.527
[regir] 12:08:30  673,113/1,000,000  15.4/s  upd=16575  L=0.0217  D=0.527
[regir] 12:08:40  673,340/1,000,000  15.4/s  upd=16582  L=0.0111  D=0.527
[regir] 12:08:51  673,628/1,000,000  15.4/s  upd=16590  L=0.0135  D=0.527
[regir] 12:09:03  673,886/1,000,000  15.4/s  upd=16600  L=0.0183  D=0.527
[regir] 12:09:14  674,423/1,000,000  15.4/s  upd=16609  L=0.0164  D=0.527
[regir] 12:09:24  674,691/1,000,000  15.4/s  upd=16618  L=0.0151  D=0.527
[regir] 12:09:35  674,974/1,000,000  15.4/s  upd=16626  L=0.0221  D=0.527
[regir] 12:09:46  675,245/1,000,000  15.4/s  upd=16639  L=0.0168  D=0.527
[regir] 12:09:56  675,488/1,000,000  15.4/s  upd=16648  L=0.0197  D=0.527
[regir] 12:10:07  676,019/1,000,000  15.4/s  upd=16658  L=0.0166  D=0.527
[regir] 12:10:18  676,272/1,000,000  15.4/s  upd=16668  L=0.0265  D=0.527
[regir] 12:10:29  676,564/1,000,000  15.4/s  upd=16678  L=0.0195  D=0.527
[regir] 12:10:39  676,829/1,000,000  15.4/s  upd=16688  L=0.0214  D=0.527
[regir] 12:10:50  677,371/1,000,000  15.4/s  upd=16698  L=0.0238  D=0.527
[regir] 12:11:00  677,594/1,000,000  15.4/s  upd=16711  L=0.0263  D=0.527
[regir] 12:11:10  677,876/1,000,000  15.5/s  upd=16720  L=0.0189  D=0.527
[regir] 12:11:20  678,188/1,000,000  15.5/s  upd=16725  L=0.0213  D=0.527
[regir] 12:11:31  678,454/1,000,000  15.5/s  upd=16733  L=0.0198  D=0.527
[regir] 12:11:42  678,669/1,000,000  15.5/s  upd=16741  L=0.0213  D=0.527
[regir] 12:11:52  678,944/1,000,000  15.5/s  upd=16749  L=0.0280  D=0.527
[regir] 12:12:03  679,216/1,000,000  15.5/s  upd=16756  L=0.0169  D=0.527
[regir] 12:13:39  679,216/1,000,000  15.4/s  upd=16760  L=0.0145  D=0.527
[regir] 12:13:49  679,548/1,000,000  15.4/s  upd=16768  L=0.0180  D=0.527
[regir] 12:14:00  679,781/1,000,000  15.4/s  upd=16772  L=0.0168  D=0.527
[regir] 12:14:11  680,062/1,000,000  15.4/s  upd=16778  L=0.0239  D=0.527
[regir] saved resume t_env=680,062
[regir] 12:14:40  680,062/1,000,000  15.4/s  upd=16784  L=0.0153  ev=0/100  D=0.527
[regir] 12:14:50  680,062/1,000,000  15.4/s  upd=16784  L=0.0153  ev=24/100  D=0.527
[regir] 12:15:00  680,062/1,000,000  15.4/s  upd=16784  L=0.0153  ev=40/100  D=0.527
[regir] 12:15:10  680,062/1,000,000  15.4/s  upd=16784  L=0.0153  ev=56/100  D=0.527
[regir] 12:15:20  680,062/1,000,000  15.4/s  upd=16784  L=0.0153  ev=72/100  D=0.527
[regir] 12:15:30  680,062/1,000,000  15.4/s  upd=16784  L=0.0153  ev=88/100  D=0.527
[regir] 12:17:15  680,062/1,000,000  15.4/s  upd=16784  L=0.0153  D=0.238
[regir] 12:17:25  680,648/1,000,000  15.4/s  upd=16794  L=0.0143  D=0.238
[regir] 12:17:35  680,951/1,000,000  15.4/s  upd=16808  L=0.0171  D=0.238
[regir] 12:17:45  681,521/1,000,000  15.4/s  upd=16823  L=0.0238  D=0.238
[regir] 12:17:55  681,809/1,000,000  15.4/s  upd=16832  L=0.0142  D=0.238
[regir] 12:18:05  682,331/1,000,000  15.4/s  upd=16843  L=0.0152  D=0.238
[regir] 12:18:16  682,605/1,000,000  15.4/s  upd=16854  L=0.0116  D=0.238
[regir] 12:18:26  682,876/1,000,000  15.4/s  upd=16864  L=0.0126  D=0.238
[regir] 12:18:37  683,408/1,000,000  15.4/s  upd=16873  L=0.0253  D=0.238
[regir] 12:20:49  683,408/1,000,000  15.4/s  upd=16880  L=0.0138  D=0.238
[regir] 12:21:00  683,646/1,000,000  15.4/s  upd=16888  L=0.0203  D=0.238
[regir] 12:21:11  683,926/1,000,000  15.4/s  upd=16895  L=0.0178  D=0.238
[regir] 12:21:21  684,230/1,000,000  15.4/s  upd=16902  L=0.0167  D=0.238
[regir] 12:21:31  684,519/1,000,000  15.4/s  upd=16906  L=0.0144  D=0.238
[regir] 12:21:41  684,519/1,000,000  15.4/s  upd=16912  L=0.0179  D=0.238
[regir] 12:21:52  684,812/1,000,000  15.4/s  upd=16920  L=0.0133  D=0.238
[regir] 12:22:03  685,067/1,000,000  15.4/s  upd=16925  L=0.0136  D=0.238
[regir] 12:22:14  685,363/1,000,000  15.4/s  upd=16932  L=0.0232  D=0.238
[regir] 12:22:24  685,626/1,000,000  15.4/s  upd=16938  L=0.0173  D=0.238
[regir] 12:22:35  685,626/1,000,000  15.4/s  upd=16944  L=0.0263  D=0.238
[regir] 12:22:45  685,932/1,000,000  15.4/s  upd=16948  L=0.0206  D=0.238
[regir] 12:22:56  686,198/1,000,000  15.4/s  upd=16955  L=0.0178  D=0.238
[regir] 12:23:06  686,497/1,000,000  15.4/s  upd=16962  L=0.0175  D=0.238
[regir] 12:23:18  686,761/1,000,000  15.4/s  upd=16971  L=0.0116  D=0.238
[regir] 12:23:29  687,066/1,000,000  15.4/s  upd=16978  L=0.0219  D=0.238
[regir] 12:23:39  687,066/1,000,000  15.4/s  upd=16984  L=0.0141  D=0.238
[regir] 12:23:50  687,358/1,000,000  15.4/s  upd=16990  L=0.0217  D=0.238
[regir] 12:24:01  687,645/1,000,000  15.4/s  upd=16999  L=0.0175  D=0.238
[regir] 12:24:12  687,912/1,000,000  15.4/s  upd=17007  L=0.0243  D=0.238
[regir] 12:24:22  688,158/1,000,000  15.4/s  upd=17016  L=0.0207  D=0.238
[regir] 12:24:33  688,439/1,000,000  15.4/s  upd=17023  L=0.0160  D=0.238
[regir] saved resume t_env=688,439
[regir] 12:24:43  688,685/1,000,000  15.4/s  upd=17029  L=0.0124  D=0.238
[regir] 12:24:55  689,002/1,000,000  15.4/s  upd=17039  L=0.0145  D=0.238
[regir] 12:25:07  689,553/1,000,000  15.4/s  upd=17049  L=0.0256  D=0.238
[regir] 12:25:18  689,846/1,000,000  15.4/s  upd=17059  L=0.0157  D=0.238
[regir] 12:25:28  690,117/1,000,000  15.4/s  upd=17065  L=0.0146  D=0.238
[regir] 12:25:38  690,117/1,000,000  15.4/s  upd=17072  L=0.0199  D=0.238
[regir] 12:25:48  690,383/1,000,000  15.4/s  upd=17080  L=0.0130  D=0.238
[regir] 12:27:02  690,731/1,000,000  15.4/s  upd=17088  L=0.0277  D=0.238
[regir] 12:27:12  691,546/1,000,000  15.4/s  upd=17105  L=0.0186  D=0.238
[regir] 12:27:22  692,092/1,000,000  15.4/s  upd=17121  L=0.0231  D=0.238
[regir] 12:27:32  692,324/1,000,000  15.4/s  upd=17136  L=0.0258  D=0.238
[regir] 12:27:42  692,926/1,000,000  15.4/s  upd=17147  L=0.0220  D=0.238
[regir] 12:27:53  693,220/1,000,000  15.4/s  upd=17155  L=0.0174  D=0.238
[regir] 12:28:03  693,419/1,000,000  15.4/s  upd=17165  L=0.0143  D=0.238
[regir] 12:28:13  693,712/1,000,000  15.5/s  upd=17175  L=0.0169  D=0.238
[regir] 12:28:26  693,963/1,000,000  15.5/s  upd=17184  L=0.0168  D=0.238
[regir] 12:28:36  694,253/1,000,000  15.5/s  upd=17192  L=0.0141  D=0.238
[regir] 12:28:46  694,526/1,000,000  15.5/s  upd=17200  L=0.0134  D=0.238
[regir] 12:28:57  694,833/1,000,000  15.5/s  upd=17208  L=0.0254  D=0.238
[regir] 12:29:07  695,146/1,000,000  15.5/s  upd=17216  L=0.0176  D=0.238
[regir] 12:29:17  695,409/1,000,000  15.5/s  upd=17224  L=0.0213  D=0.238
[regir] 12:29:28  695,668/1,000,000  15.5/s  upd=17230  L=0.0185  D=0.238
[regir] 12:29:38  695,947/1,000,000  15.5/s  upd=17240  L=0.0245  D=0.238
[regir] 12:29:48  696,209/1,000,000  15.5/s  upd=17248  L=0.0183  D=0.238
[regir] 12:29:58  696,486/1,000,000  15.5/s  upd=17255  L=0.0151  D=0.238
[regir] 12:30:09  696,782/1,000,000  15.5/s  upd=17263  L=0.0188  D=0.238
[regir] 12:30:19  697,113/1,000,000  15.5/s  upd=17268  L=0.0197  D=0.238
[regir] 12:30:30  697,388/1,000,000  15.5/s  upd=17276  L=0.0122  D=0.238
[regir] 12:30:40  697,656/1,000,000  15.5/s  upd=17282  L=0.0174  D=0.238
[regir] 12:30:51  697,966/1,000,000  15.5/s  upd=17289  L=0.0174  D=0.238
[regir] 12:31:01  697,966/1,000,000  15.5/s  upd=17296  L=0.0153  D=0.238
[regir] 12:31:11  698,253/1,000,000  15.5/s  upd=17304  L=0.0146  D=0.238
[regir] 12:31:22  698,532/1,000,000  15.5/s  upd=17312  L=0.0210  D=0.238
[regir] 12:31:32  698,845/1,000,000  15.5/s  upd=17320  L=0.0144  D=0.238
[regir] 12:31:43  699,104/1,000,000  15.5/s  upd=17328  L=0.0236  D=0.238
[regir] 12:31:53  699,390/1,000,000  15.5/s  upd=17332  L=0.0228  D=0.238
[regir] 12:32:04  699,679/1,000,000  15.5/s  upd=17338  L=0.0199  D=0.238
[regir] 12:33:11  699,679/1,000,000  15.5/s  upd=17344  L=0.0138  D=0.238
[regir] 12:33:22  700,014/1,000,000  15.5/s  upd=17348  L=0.0141  D=0.238
[regir] saved resume t_env=700,014
[regir] 12:33:43  700,014/1,000,000  15.5/s  upd=17352  L=0.0125  ev=0/100  D=0.238
[regir] 12:33:53  700,014/1,000,000  15.5/s  upd=17352  L=0.0125  ev=31/100  D=0.238
[regir] 12:34:03  700,014/1,000,000  15.5/s  upd=17352  L=0.0125  ev=57/100  D=0.238
[regir] 12:34:13  700,014/1,000,000  15.5/s  upd=17352  L=0.0125  ev=76/100  D=0.238
[regir] 12:34:23  700,014/1,000,000  15.5/s  upd=17352  L=0.0125  ev=99/100  D=0.238
[regir] 12:36:44  700,014/1,000,000  15.4/s  upd=17352  L=0.0125  D=0.364
[regir] 12:36:54  700,574/1,000,000  15.4/s  upd=17367  L=0.0147  D=0.364
[regir] 12:37:05  701,047/1,000,000  15.4/s  upd=17383  L=0.0231  D=0.364
[regir] 12:37:16  701,556/1,000,000  15.4/s  upd=17397  L=0.0139  D=0.364
[regir] 12:37:26  702,090/1,000,000  15.4/s  upd=17412  L=0.0117  D=0.364
[regir] 12:37:37  702,634/1,000,000  15.5/s  upd=17427  L=0.0142  D=0.364
[regir] 12:37:47  703,166/1,000,000  15.5/s  upd=17442  L=0.0123  D=0.364
[regir] 12:37:57  703,414/1,000,000  15.5/s  upd=17456  L=0.0224  D=0.364
[regir] 12:38:08  703,962/1,000,000  15.5/s  upd=17471  L=0.0135  D=0.364
[regir] 12:40:20  704,244/1,000,000  15.4/s  upd=17480  L=0.0134  D=0.364
[regir] 12:40:31  704,522/1,000,000  15.4/s  upd=17485  L=0.0133  D=0.364
[regir] 12:40:42  704,882/1,000,000  15.4/s  upd=17493  L=0.0178  D=0.364
[regir] 12:40:53  705,163/1,000,000  15.4/s  upd=17497  L=0.0135  D=0.364
[regir] 12:41:03  705,163/1,000,000  15.4/s  upd=17504  L=0.0261  D=0.364
[regir] 12:41:14  705,434/1,000,000  15.4/s  upd=17508  L=0.0249  D=0.364
[regir] 12:41:25  705,757/1,000,000  15.4/s  upd=17514  L=0.0154  D=0.364
[regir] 12:41:35  705,757/1,000,000  15.4/s  upd=17520  L=0.0118  D=0.364
[regir] 12:41:45  706,052/1,000,000  15.4/s  upd=17528  L=0.0156  D=0.364
[regir] 12:41:56  706,325/1,000,000  15.5/s  upd=17533  L=0.0163  D=0.364
[regir] 12:42:07  706,601/1,000,000  15.5/s  upd=17539  L=0.0281  D=0.364
[regir] 12:42:17  706,601/1,000,000  15.4/s  upd=17544  L=0.0145  D=0.364
[regir] 12:42:28  706,891/1,000,000  15.5/s  upd=17548  L=0.0139  D=0.364
[regir] 12:42:39  707,172/1,000,000  15.5/s  upd=17553  L=0.0147  D=0.364
[regir] 12:42:49  707,172/1,000,000  15.5/s  upd=17560  L=0.0167  D=0.364
[regir] 12:43:00  707,444/1,000,000  15.5/s  upd=17567  L=0.0178  D=0.364
[regir] 12:43:10  707,717/1,000,000  15.5/s  upd=17572  L=0.0181  D=0.364
[regir] 12:43:21  707,984/1,000,000  15.5/s  upd=17577  L=0.0154  D=0.364
[regir] 12:43:31  707,984/1,000,000  15.5/s  upd=17583  L=0.0111  D=0.364
[regir] saved resume t_env=707,984
[regir] 12:43:41  708,259/1,000,000  15.5/s  upd=17589  L=0.0215  D=0.364
[regir] 12:43:52  708,613/1,000,000  15.5/s  upd=17598  L=0.0172  D=0.364
[regir] 12:44:02  708,906/1,000,000  15.5/s  upd=17608  L=0.0111  D=0.364
[regir] 12:44:12  709,163/1,000,000  15.5/s  upd=17615  L=0.0171  D=0.364
[regir] 12:44:23  709,432/1,000,000  15.5/s  upd=17624  L=0.0165  D=0.364
[regir] 12:44:33  709,666/1,000,000  15.5/s  upd=17632  L=0.0101  D=0.364
[regir] 12:44:44  710,198/1,000,000  15.5/s  upd=17641  L=0.0262  D=0.364
[regir] 12:44:54  710,463/1,000,000  15.5/s  upd=17651  L=0.0117  D=0.364
[regir] 12:45:05  710,739/1,000,000  15.5/s  upd=17664  L=0.0309  D=0.364
[regir] 12:45:16  711,329/1,000,000  15.5/s  upd=17674  L=0.0137  D=0.364
[regir] 12:46:33  711,329/1,000,000  15.5/s  upd=17680  L=0.0201  D=0.364
[regir] 12:46:44  711,889/1,000,000  15.5/s  upd=17690  L=0.0128  D=0.364
[regir] 12:46:54  712,206/1,000,000  15.5/s  upd=17704  L=0.0244  D=0.364
[regir] 12:47:05  712,511/1,000,000  15.5/s  upd=17712  L=0.0130  D=0.364
[regir] 12:47:15  712,789/1,000,000  15.5/s  upd=17720  L=0.0168  D=0.364
[regir] 12:47:26  713,342/1,000,000  15.5/s  upd=17729  L=0.0157  D=0.364
[regir] 12:47:36  713,602/1,000,000  15.5/s  upd=17738  L=0.0179  D=0.364
[regir] 12:47:47  713,826/1,000,000  15.5/s  upd=17746  L=0.0190  D=0.364
[regir] 12:47:57  714,054/1,000,000  15.5/s  upd=17755  L=0.0156  D=0.364
[regir] 12:48:07  714,272/1,000,000  15.5/s  upd=17764  L=0.0126  D=0.364
[regir] 12:48:18  714,538/1,000,000  15.5/s  upd=17772  L=0.0201  D=0.364
[regir] 12:48:28  714,538/1,000,000  15.5/s  upd=17776  L=0.0304  D=0.364
[regir] 12:48:38  714,851/1,000,000  15.5/s  upd=17784  L=0.0227  D=0.364
[regir] 12:48:48  715,164/1,000,000  15.5/s  upd=17789  L=0.0184  D=0.364
[regir] 12:48:58  715,427/1,000,000  15.5/s  upd=17794  L=0.0120  D=0.364
[regir] 12:49:09  715,675/1,000,000  15.5/s  upd=17806  L=0.0219  D=0.364
[regir] 12:49:19  715,916/1,000,000  15.5/s  upd=17816  L=0.0162  D=0.364
[regir] 12:49:30  716,514/1,000,000  15.5/s  upd=17827  L=0.0148  D=0.364
[regir] 12:49:40  716,794/1,000,000  15.5/s  upd=17838  L=0.0137  D=0.364
[regir] 12:49:50  717,047/1,000,000  15.5/s  upd=17848  L=0.0207  D=0.364
[regir] 12:50:00  717,554/1,000,000  15.5/s  upd=17860  L=0.0137  D=0.364
[regir] 12:50:10  717,801/1,000,000  15.5/s  upd=17872  L=0.0118  D=0.364
[regir] 12:50:21  718,084/1,000,000  15.5/s  upd=17879  L=0.0140  D=0.364
[regir] 12:50:32  718,339/1,000,000  15.5/s  upd=17885  L=0.0223  D=0.364
[regir] 12:50:44  718,659/1,000,000  15.5/s  upd=17893  L=0.0255  D=0.364
[regir] 12:50:54  718,939/1,000,000  15.5/s  upd=17901  L=0.0180  D=0.364
[regir] 12:51:05  719,194/1,000,000  15.5/s  upd=17907  L=0.0154  D=0.364
[regir] 12:51:16  719,447/1,000,000  15.5/s  upd=17913  L=0.0250  D=0.364
[regir] 12:51:28  719,710/1,000,000  15.5/s  upd=17924  L=0.0153  D=0.364
[regir] 12:51:40  720,023/1,000,000  15.6/s  upd=17933  L=0.0114  D=0.364
[regir] saved resume t_env=720,023
[regir] 12:52:02  720,023/1,000,000  15.5/s  upd=17936  L=0.0163  ev=0/100  D=0.364
[regir] 12:52:12  720,023/1,000,000  15.5/s  upd=17936  L=0.0163  ev=16/100  D=0.364
[regir] 12:52:22  720,023/1,000,000  15.5/s  upd=17936  L=0.0163  ev=32/100  D=0.364
[regir] 12:52:33  720,023/1,000,000  15.5/s  upd=17936  L=0.0163  ev=52/100  D=0.364
[regir] 12:52:43  720,023/1,000,000  15.5/s  upd=17936  L=0.0163  ev=72/100  D=0.364
[regir] 12:52:53  720,023/1,000,000  15.5/s  upd=17936  L=0.0163  ev=87/100  D=0.364
[regir] 12:53:42  720,023/1,000,000  15.5/s  upd=17936  L=0.0163  D=0.395
[regir] 12:54:45  720,023/1,000,000  15.5/s  upd=17936  L=0.0163  D=0.395
[regir] 12:54:56  720,289/1,000,000  15.5/s  upd=17944  L=0.0158  D=0.395
[regir] 12:55:07  720,563/1,000,000  15.5/s  upd=17951  L=0.0112  D=0.395
[regir] 12:55:17  720,820/1,000,000  15.5/s  upd=17957  L=0.0250  D=0.395
[regir] 12:55:27  721,055/1,000,000  15.5/s  upd=17963  L=0.0176  D=0.395
[regir] 12:55:38  721,283/1,000,000  15.5/s  upd=17973  L=0.0180  D=0.395
[regir] 12:55:49  721,542/1,000,000  15.5/s  upd=17984  L=0.0111  D=0.395
[regir] 12:56:00  721,796/1,000,000  15.5/s  upd=17991  L=0.0128  D=0.395
[regir] 12:56:11  722,058/1,000,000  15.5/s  upd=17997  L=0.0188  D=0.395
[regir] 12:56:21  722,339/1,000,000  15.5/s  upd=18005  L=0.0106  D=0.395
[regir] 12:56:32  722,608/1,000,000  15.5/s  upd=18012  L=0.0167  D=0.395
[regir] 12:56:43  722,870/1,000,000  15.5/s  upd=18020  L=0.0174  D=0.395
[regir] 12:56:53  723,128/1,000,000  15.5/s  upd=18032  L=0.0187  D=0.395
[regir] 12:57:04  723,660/1,000,000  15.5/s  upd=18045  L=0.0110  D=0.395
[regir] 12:57:14  723,878/1,000,000  15.5/s  upd=18056  L=0.0156  D=0.395
[regir] 12:57:25  724,373/1,000,000  15.5/s  upd=18067  L=0.0166  D=0.395
[regir] 12:57:35  724,624/1,000,000  15.5/s  upd=18080  L=0.0245  D=0.395
[regir] 12:57:46  725,194/1,000,000  15.5/s  upd=18090  L=0.0178  D=0.395
[regir] 12:57:57  725,470/1,000,000  15.5/s  upd=18100  L=0.0145  D=0.395
[regir] 12:58:07  725,757/1,000,000  15.5/s  upd=18107  L=0.0166  D=0.395
[regir] 12:58:17  726,010/1,000,000  15.5/s  upd=18114  L=0.0224  D=0.395
[regir] 12:58:28  726,220/1,000,000  15.5/s  upd=18122  L=0.0139  D=0.395
[regir] 12:58:38  726,220/1,000,000  15.5/s  upd=18128  L=0.0145  D=0.395
[regir] 12:58:49  726,462/1,000,000  15.5/s  upd=18134  L=0.0153  D=0.395
[regir] 12:59:00  726,724/1,000,000  15.5/s  upd=18137  L=0.0144  D=0.395
[regir] 12:59:11  726,724/1,000,000  15.5/s  upd=18144  L=0.0156  D=0.395
[regir] 12:59:21  727,008/1,000,000  15.5/s  upd=18152  L=0.0113  D=0.395
[regir] 12:59:31  727,235/1,000,000  15.5/s  upd=18159  L=0.0155  D=0.395
[regir] 12:59:42  727,503/1,000,000  15.6/s  upd=18168  L=0.0160  D=0.395
[regir] 12:59:53  727,742/1,000,000  15.6/s  upd=18174  L=0.0132  D=0.395
[regir] 13:01:02  727,742/1,000,000  15.5/s  upd=18176  L=0.0161  D=0.395
[regir] 13:01:13  727,994/1,000,000  15.5/s  upd=18184  L=0.0166  D=0.395
[regir] 13:01:23  728,237/1,000,000  15.5/s  upd=18192  L=0.0152  D=0.395
[regir] 13:01:33  728,499/1,000,000  15.5/s  upd=18200  L=0.0152  D=0.395
[regir] 13:01:43  728,777/1,000,000  15.5/s  upd=18208  L=0.0141  D=0.395
[regir] 13:01:53  729,113/1,000,000  15.5/s  upd=18214  L=0.0229  D=0.395
[regir] saved resume t_env=729,113
[regir] 13:02:04  729,353/1,000,000  15.5/s  upd=18220  L=0.0218  D=0.395
[regir] 13:02:15  729,612/1,000,000  15.5/s  upd=18229  L=0.0177  D=0.395
[regir] 13:02:26  729,857/1,000,000  15.5/s  upd=18238  L=0.0190  D=0.395
[regir] 13:02:36  730,140/1,000,000  15.5/s  upd=18247  L=0.0196  D=0.395
[regir] 13:02:46  730,436/1,000,000  15.6/s  upd=18256  L=0.0110  D=0.395
[regir] 13:02:56  730,687/1,000,000  15.6/s  upd=18264  L=0.0178  D=0.395
[regir] 13:03:07  731,254/1,000,000  15.6/s  upd=18274  L=0.0147  D=0.395
[regir] 13:03:17  731,485/1,000,000  15.6/s  upd=18282  L=0.0261  D=0.395
[regir] 13:03:28  731,716/1,000,000  15.6/s  upd=18293  L=0.0146  D=0.395
[regir] 13:03:38  732,009/1,000,000  15.6/s  upd=18303  L=0.0263  D=0.395
[regir] 13:03:48  732,257/1,000,000  15.6/s  upd=18312  L=0.0131  D=0.395
[regir] 13:03:58  732,795/1,000,000  15.6/s  upd=18321  L=0.0197  D=0.395
[regir] 13:04:09  732,795/1,000,000  15.6/s  upd=18328  L=0.0112  D=0.395
[regir] 13:04:20  733,342/1,000,000  15.6/s  upd=18339  L=0.0169  D=0.395
[regir] 13:04:31  733,573/1,000,000  15.6/s  upd=18349  L=0.0212  D=0.395
[regir] 13:04:41  733,866/1,000,000  15.6/s  upd=18356  L=0.0127  D=0.395
[regir] 13:04:52  734,147/1,000,000  15.6/s  upd=18361  L=0.0106  D=0.395
[regir] 13:05:03  734,404/1,000,000  15.6/s  upd=18369  L=0.0208  D=0.395
[regir] 13:05:13  734,697/1,000,000  15.6/s  upd=18382  L=0.0161  D=0.395
[regir] 13:05:24  735,273/1,000,000  15.6/s  upd=18398  L=0.0159  D=0.395
[regir] 13:05:34  735,761/1,000,000  15.6/s  upd=18411  L=0.0159  D=0.395
[regir] 13:05:45  736,364/1,000,000  15.6/s  upd=18427  L=0.0095  D=0.395
[regir] 13:05:55  736,901/1,000,000  15.6/s  upd=18444  L=0.0286  D=0.395
[regir] 13:06:06  737,164/1,000,000  15.6/s  upd=18456  L=0.0197  D=0.395
[regir] 13:09:31  737,164/1,000,000  15.6/s  upd=18456  L=0.0197  D=0.395
[regir] 13:09:41  737,387/1,000,000  15.6/s  upd=18463  L=0.0098  D=0.395
[regir] 13:09:51  737,662/1,000,000  15.6/s  upd=18470  L=0.0116  D=0.395
[regir] 13:10:01  737,956/1,000,000  15.6/s  upd=18480  L=0.0258  D=0.395
[regir] 13:10:12  738,268/1,000,000  15.6/s  upd=18488  L=0.0123  D=0.395
[regir] 13:10:22  738,603/1,000,000  15.6/s  upd=18496  L=0.0141  D=0.395
[regir] 13:10:33  738,924/1,000,000  15.6/s  upd=18504  L=0.0135  D=0.395
[regir] 13:10:43  739,189/1,000,000  15.6/s  upd=18512  L=0.0233  D=0.395
[regir] 13:10:53  739,473/1,000,000  15.6/s  upd=18520  L=0.0154  D=0.395
[regir] 13:11:04  739,990/1,000,000  15.6/s  upd=18529  L=0.0197  D=0.395
[regir] 13:11:14  740,330/1,000,000  15.6/s  upd=18542  L=0.0215  D=0.395
[regir] saved resume t_env=740,330
[regir] 13:11:34  740,330/1,000,000  15.6/s  upd=18544  L=0.0175  ev=0/100  D=0.395
[regir] 13:11:44  740,330/1,000,000  15.6/s  upd=18544  L=0.0175  ev=40/100  D=0.395
[regir] 13:11:54  740,330/1,000,000  15.6/s  upd=18544  L=0.0175  ev=72/100  D=0.395
[regir] 13:12:04  740,330/1,000,000  15.6/s  upd=18544  L=0.0175  ev=97/100  D=0.395
[regir] 13:14:39  740,330/1,000,000  15.5/s  upd=18544  L=0.0175  D=0.367
[regir] 13:16:45  740,330/1,000,000  15.5/s  upd=18544  L=0.0175  D=0.367
[regir] 13:16:55  740,583/1,000,000  15.5/s  upd=18551  L=0.0193  D=0.367
[regir] 13:17:05  740,855/1,000,000  15.5/s  upd=18560  L=0.0132  D=0.367
[regir] 13:17:15  741,168/1,000,000  15.5/s  upd=18568  L=0.0182  D=0.367
[regir] 13:17:26  741,433/1,000,000  15.5/s  upd=18574  L=0.0156  D=0.367
[regir] 13:17:36  741,714/1,000,000  15.5/s  upd=18582  L=0.0150  D=0.367
[regir] 13:17:46  741,992/1,000,000  15.5/s  upd=18589  L=0.0165  D=0.367
[regir] 13:17:57  742,248/1,000,000  15.5/s  upd=18597  L=0.0153  D=0.367
[regir] 13:18:08  742,542/1,000,000  15.5/s  upd=18606  L=0.0150  D=0.367
[regir] 13:18:18  742,828/1,000,000  15.5/s  upd=18612  L=0.0145  D=0.367
[regir] 13:18:29  743,051/1,000,000  15.5/s  upd=18622  L=0.0199  D=0.367
[regir] 13:18:39  743,340/1,000,000  15.5/s  upd=18632  L=0.0133  D=0.367
[regir] 13:18:49  743,882/1,000,000  15.5/s  upd=18642  L=0.0105  D=0.367
[regir] 13:18:59  744,134/1,000,000  15.5/s  upd=18652  L=0.0158  D=0.367
[regir] 13:19:10  744,460/1,000,000  15.5/s  upd=18664  L=0.0166  D=0.367
[regir] 13:19:20  744,960/1,000,000  15.5/s  upd=18674  L=0.0158  D=0.367
[regir] 13:19:30  745,240/1,000,000  15.5/s  upd=18685  L=0.0118  D=0.367
[regir] 13:19:40  745,467/1,000,000  15.5/s  upd=18694  L=0.0146  D=0.367
[regir] 13:19:51  745,731/1,000,000  15.5/s  upd=18703  L=0.0100  D=0.367
[regir] 13:20:01  745,976/1,000,000  15.5/s  upd=18711  L=0.0122  D=0.367
[regir] 13:20:11  746,218/1,000,000  15.5/s  upd=18720  L=0.0165  D=0.367
[regir] 13:20:22  746,484/1,000,000  15.5/s  upd=18727  L=0.0151  D=0.367
[regir] 13:20:33  746,767/1,000,000  15.5/s  upd=18733  L=0.0145  D=0.367
[regir] 13:20:43  747,000/1,000,000  15.5/s  upd=18742  L=0.0136  D=0.367
[regir] 13:20:53  747,252/1,000,000  15.6/s  upd=18749  L=0.0137  D=0.367
[regir] 13:21:03  747,507/1,000,000  15.6/s  upd=18758  L=0.0151  D=0.367
[regir] 13:21:14  747,750/1,000,000  15.6/s  upd=18766  L=0.0165  D=0.367
[regir] 13:21:25  748,033/1,000,000  15.6/s  upd=18774  L=0.0151  D=0.367
[regir] saved resume t_env=748,033
[regir] 13:21:36  748,265/1,000,000  15.6/s  upd=18781  L=0.0222  D=0.367
[regir] 13:21:47  748,532/1,000,000  15.6/s  upd=18788  L=0.0105  D=0.367
[regir] 13:23:02  748,532/1,000,000  15.5/s  upd=18792  L=0.0176  D=0.367
[regir] 13:23:14  748,796/1,000,000  15.5/s  upd=18796  L=0.0164  D=0.367
[regir] 13:23:25  749,035/1,000,000  15.5/s  upd=18802  L=0.0226  D=0.367
[regir] 13:23:37  749,326/1,000,000  15.5/s  upd=18811  L=0.0140  D=0.367
[regir] 13:23:47  749,584/1,000,000  15.5/s  upd=18823  L=0.0126  D=0.367
[regir] 13:23:58  749,867/1,000,000  15.5/s  upd=18831  L=0.0121  D=0.367
[regir] 13:24:09  750,097/1,000,000  15.5/s  upd=18839  L=0.0154  D=0.367
[regir] 13:24:22  750,353/1,000,000  15.5/s  upd=18848  L=0.0126  D=0.367
[regir] 13:24:32  750,653/1,000,000  15.6/s  upd=18854  L=0.0179  D=0.367
[regir] 13:24:42  750,903/1,000,000  15.6/s  upd=18861  L=0.0125  D=0.367
[regir] 13:24:53  751,158/1,000,000  15.6/s  upd=18869  L=0.0124  D=0.367
[regir] 13:25:03  751,421/1,000,000  15.6/s  upd=18877  L=0.0122  D=0.367
[regir] 13:25:13  751,666/1,000,000  15.6/s  upd=18886  L=0.0194  D=0.367
[regir] 13:25:23  751,937/1,000,000  15.6/s  upd=18896  L=0.0088  D=0.367
[regir] 13:25:34  752,463/1,000,000  15.6/s  upd=18906  L=0.0223  D=0.367
[regir] 13:25:45  752,730/1,000,000  15.6/s  upd=18916  L=0.0127  D=0.367
[regir] 13:25:56  752,985/1,000,000  15.6/s  upd=18927  L=0.0151  D=0.367
[regir] 13:26:06  753,262/1,000,000  15.6/s  upd=18933  L=0.0121  D=0.367
[regir] 13:26:17  753,503/1,000,000  15.6/s  upd=18941  L=0.0143  D=0.367
[regir] 13:26:27  753,796/1,000,000  15.6/s  upd=18951  L=0.0105  D=0.367
[regir] 13:26:37  754,030/1,000,000  15.6/s  upd=18958  L=0.0146  D=0.367
[regir] 13:26:48  754,348/1,000,000  15.6/s  upd=18966  L=0.0101  D=0.367
[regir] 13:27:00  754,645/1,000,000  15.6/s  upd=18974  L=0.0120  D=0.367
[regir] 13:27:10  754,898/1,000,000  15.6/s  upd=18984  L=0.0213  D=0.367
[regir] 13:27:20  755,464/1,000,000  15.6/s  upd=18994  L=0.0164  D=0.367
[regir] 13:27:30  755,719/1,000,000  15.6/s  upd=19005  L=0.0147  D=0.367
[regir] 13:27:41  755,994/1,000,000  15.6/s  upd=19009  L=0.0123  D=0.367
[regir] 13:27:51  756,248/1,000,000  15.6/s  upd=19019  L=0.0145  D=0.367
[regir] 13:28:02  756,580/1,000,000  15.6/s  upd=19030  L=0.0237  D=0.367
[regir] 13:29:33  756,580/1,000,000  15.6/s  upd=19032  L=0.0154  D=0.367
[regir] 13:29:43  756,862/1,000,000  15.6/s  upd=19040  L=0.0145  D=0.367
[regir] 13:29:53  757,172/1,000,000  15.6/s  upd=19047  L=0.0131  D=0.367
[regir] 13:30:04  757,447/1,000,000  15.6/s  upd=19055  L=0.0143  D=0.367
[regir] 13:30:14  757,703/1,000,000  15.6/s  upd=19064  L=0.0198  D=0.367
[regir] 13:30:24  757,960/1,000,000  15.6/s  upd=19072  L=0.0112  D=0.367
[regir] 13:30:34  758,228/1,000,000  15.6/s  upd=19080  L=0.0135  D=0.367
[regir] 13:30:44  758,549/1,000,000  15.6/s  upd=19088  L=0.0212  D=0.367
[regir] 13:30:54  758,886/1,000,000  15.6/s  upd=19096  L=0.0131  D=0.367
[regir] 13:31:05  759,158/1,000,000  15.6/s  upd=19101  L=0.0169  D=0.367
[regir] 13:31:17  759,423/1,000,000  15.6/s  upd=19108  L=0.0132  D=0.367
[regir] 13:31:28  759,686/1,000,000  15.6/s  upd=19118  L=0.0107  D=0.367
[regir] 13:31:39  759,966/1,000,000  15.6/s  upd=19125  L=0.0186  D=0.367
[regir] saved resume t_env=759,966
[regir] 13:31:49  760,212/1,000,000  15.6/s  upd=19129  L=0.0124  D=0.367
[regir] 13:32:00  760,212/1,000,000  15.6/s  upd=19136  L=0.0140  D=0.367
[regir] saved resume t_env=760,212
[regir] 13:32:19  760,212/1,000,000  15.6/s  upd=19136  L=0.0140  ev=0/100  D=0.367
[regir] 13:32:29  760,212/1,000,000  15.6/s  upd=19136  L=0.0140  ev=16/100  D=0.367
[regir] 13:32:39  760,212/1,000,000  15.6/s  upd=19136  L=0.0140  ev=36/100  D=0.367
[regir] 13:32:49  760,212/1,000,000  15.6/s  upd=19136  L=0.0140  ev=55/100  D=0.367
[regir] 13:32:59  760,212/1,000,000  15.6/s  upd=19136  L=0.0140  ev=72/100  D=0.367
[regir] 13:33:09  760,212/1,000,000  15.6/s  upd=19136  L=0.0140  ev=88/100  D=0.367
[regir] 13:35:47  760,212/1,000,000  15.5/s  upd=19136  L=0.0140  D=0.381
[regir] 13:38:28  760,212/1,000,000  15.5/s  upd=19136  L=0.0140  D=0.381
[regir] 13:38:39  760,779/1,000,000  15.5/s  upd=19148  L=0.0144  D=0.381
[regir] 13:38:49  761,022/1,000,000  15.5/s  upd=19160  L=0.0108  D=0.381
[regir] 13:39:00  761,528/1,000,000  15.5/s  upd=19172  L=0.0124  D=0.381
[regir] 13:39:10  761,772/1,000,000  15.5/s  upd=19180  L=0.0123  D=0.381
[regir] 13:39:21  762,066/1,000,000  15.5/s  upd=19189  L=0.0176  D=0.381
[regir] 13:39:32  762,333/1,000,000  15.5/s  upd=19197  L=0.0130  D=0.381
[regir] 13:39:42  762,584/1,000,000  15.5/s  upd=19206  L=0.0126  D=0.381
[regir] 13:39:53  763,160/1,000,000  15.5/s  upd=19217  L=0.0140  D=0.381
[regir] 13:40:03  763,442/1,000,000  15.5/s  upd=19227  L=0.0228  D=0.381
[regir] 13:40:14  763,740/1,000,000  15.5/s  upd=19236  L=0.0123  D=0.381
[regir] 13:40:25  764,021/1,000,000  15.5/s  upd=19246  L=0.0116  D=0.381
[regir] 13:40:35  764,331/1,000,000  15.5/s  upd=19252  L=0.0170  D=0.381
[regir] 13:40:45  764,331/1,000,000  15.5/s  upd=19256  L=0.0138  D=0.381
[regir] 13:40:56  764,947/1,000,000  15.5/s  upd=19265  L=0.0131  D=0.381
[regir] 13:41:06  764,947/1,000,000  15.5/s  upd=19272  L=0.0096  D=0.381
[regir] 13:41:17  765,551/1,000,000  15.5/s  upd=19281  L=0.0154  D=0.381
[regir] 13:41:28  765,798/1,000,000  15.5/s  upd=19294  L=0.0109  D=0.381
[regir] 13:41:39  766,349/1,000,000  15.5/s  upd=19309  L=0.0137  D=0.381
[regir] 13:41:49  766,909/1,000,000  15.6/s  upd=19324  L=0.0219  D=0.381
[regir] 13:41:59  767,601/1,000,000  15.6/s  upd=19338  L=0.0151  D=0.381
[regir] saved resume t_env=767,850
[regir] 13:42:10  767,850/1,000,000  15.6/s  upd=19352  L=0.0131  D=0.381
[regir] 13:42:21  768,377/1,000,000  15.6/s  upd=19366  L=0.0169  D=0.381
[regir] 13:42:31  768,899/1,000,000  15.6/s  upd=19383  L=0.0222  D=0.381
[regir] 13:42:42  769,456/1,000,000  15.6/s  upd=19396  L=0.0196  D=0.381
[regir] 13:42:52  770,016/1,000,000  15.6/s  upd=19411  L=0.0104  D=0.381
[regir] 13:43:03  770,582/1,000,000  15.6/s  upd=19426  L=0.0138  D=0.381
[regir] 13:43:13  771,150/1,000,000  15.6/s  upd=19444  L=0.0200  D=0.381
[regir] 13:43:23  771,719/1,000,000  15.6/s  upd=19460  L=0.0176  D=0.381
[regir] 13:45:22  772,019/1,000,000  15.6/s  upd=19472  L=0.0173  D=0.381
[regir] 13:45:32  772,640/1,000,000  15.6/s  upd=19483  L=0.0155  D=0.381
[regir] 13:45:42  772,640/1,000,000  15.6/s  upd=19488  L=0.0186  D=0.381
[regir] 13:45:52  772,924/1,000,000  15.6/s  upd=19496  L=0.0101  D=0.381
[regir] 13:46:03  773,239/1,000,000  15.6/s  upd=19502  L=0.0144  D=0.381
[regir] 13:46:14  773,528/1,000,000  15.6/s  upd=19508  L=0.0168  D=0.381
[regir] 13:46:24  773,528/1,000,000  15.6/s  upd=19512  L=0.0132  D=0.381
[regir] 13:46:34  773,820/1,000,000  15.6/s  upd=19520  L=0.0108  D=0.381
[regir] 13:46:45  774,084/1,000,000  15.6/s  upd=19525  L=0.0222  D=0.381
[regir] 13:46:56  774,399/1,000,000  15.6/s  upd=19531  L=0.0235  D=0.381
[regir] 13:47:06  774,399/1,000,000  15.6/s  upd=19536  L=0.0172  D=0.381
[regir] 13:47:16  774,679/1,000,000  15.6/s  upd=19544  L=0.0141  D=0.381
[regir] 13:47:27  774,939/1,000,000  15.6/s  upd=19547  L=0.0137  D=0.381
[regir] 13:47:37  774,939/1,000,000  15.6/s  upd=19552  L=0.0139  D=0.381
[regir] 13:47:47  775,245/1,000,000  15.6/s  upd=19559  L=0.0202  D=0.381
[regir] 13:47:58  775,565/1,000,000  15.6/s  upd=19562  L=0.0160  D=0.381
[regir] 13:48:08  775,565/1,000,000  15.6/s  upd=19568  L=0.0190  D=0.381
[regir] 13:48:19  775,841/1,000,000  15.6/s  upd=19576  L=0.0133  D=0.381
[regir] 13:48:29  776,123/1,000,000  15.6/s  upd=19581  L=0.0191  D=0.381
[regir] 13:48:39  776,123/1,000,000  15.6/s  upd=19584  L=0.0168  D=0.381
[regir] 13:48:49  776,402/1,000,000  15.6/s  upd=19592  L=0.0089  D=0.381
[regir] 13:48:59  776,678/1,000,000  15.6/s  upd=19598  L=0.0114  D=0.381
[regir] 13:49:09  776,956/1,000,000  15.6/s  upd=19608  L=0.0206  D=0.381
[regir] 13:49:20  777,243/1,000,000  15.6/s  upd=19615  L=0.0191  D=0.381
[regir] 13:49:30  777,506/1,000,000  15.6/s  upd=19623  L=0.0176  D=0.381
[regir] 13:49:41  777,786/1,000,000  15.6/s  upd=19630  L=0.0138  D=0.381
[regir] 13:49:51  778,046/1,000,000  15.6/s  upd=19636  L=0.0210  D=0.381
[regir] 13:50:02  778,293/1,000,000  15.6/s  upd=19641  L=0.0105  D=0.381
[regir] 13:50:12  778,537/1,000,000  15.6/s  upd=19649  L=0.0126  D=0.381
[regir] 13:50:22  778,537/1,000,000  15.6/s  upd=19656  L=0.0119  D=0.381
[regir] 13:51:25  778,837/1,000,000  15.6/s  upd=19664  L=0.0120  D=0.381
[regir] 13:51:36  779,120/1,000,000  15.6/s  upd=19672  L=0.0202  D=0.381
[regir] 13:51:46  779,416/1,000,000  15.6/s  upd=19678  L=0.0156  D=0.381
[regir] 13:51:57  779,722/1,000,000  15.6/s  upd=19687  L=0.0125  D=0.381
[regir] 13:52:07  780,053/1,000,000  15.6/s  upd=19692  L=0.0191  D=0.381
[regir] saved resume t_env=780,053
[regir] 13:52:31  780,053/1,000,000  15.6/s  upd=19696  L=0.0158  ev=0/100  D=0.381
[regir] 13:52:41  780,053/1,000,000  15.6/s  upd=19696  L=0.0158  ev=11/100  D=0.381
[regir] 13:52:51  780,053/1,000,000  15.6/s  upd=19696  L=0.0158  ev=31/100  D=0.381
[regir] 13:53:01  780,053/1,000,000  15.6/s  upd=19696  L=0.0158  ev=38/100  D=0.381
[regir] 13:53:11  780,053/1,000,000  15.6/s  upd=19696  L=0.0158  ev=52/100  D=0.381
[regir] 13:53:21  780,053/1,000,000  15.6/s  upd=19696  L=0.0158  ev=66/100  D=0.381
[regir] 13:53:32  780,053/1,000,000  15.6/s  upd=19696  L=0.0158  ev=88/100  D=0.381
[regir] 13:54:38  780,053/1,000,000  15.6/s  upd=19696  L=0.0158  D=0.287
[regir] 13:54:48  780,311/1,000,000  15.6/s  upd=19699  L=0.0199  D=0.287
[regir] 13:54:58  780,545/1,000,000  15.6/s  upd=19708  L=0.0124  D=0.287
[regir] 13:55:10  780,819/1,000,000  15.6/s  upd=19717  L=0.0196  D=0.287
[regir] 13:55:21  781,136/1,000,000  15.6/s  upd=19725  L=0.0113  D=0.287
[regir] 13:55:32  781,420/1,000,000  15.6/s  upd=19733  L=0.0180  D=0.287
[regir] 13:55:43  781,677/1,000,000  15.6/s  upd=19742  L=0.0193  D=0.287
[regir] 13:55:54  781,983/1,000,000  15.6/s  upd=19747  L=0.0206  D=0.287
[regir] 13:56:05  782,263/1,000,000  15.6/s  upd=19754  L=0.0135  D=0.287
[regir] 13:56:15  782,263/1,000,000  15.6/s  upd=19760  L=0.0132  D=0.287
[regir] 13:56:25  782,517/1,000,000  15.6/s  upd=19768  L=0.0121  D=0.287
[regir] 13:57:47  782,517/1,000,000  15.6/s  upd=19768  L=0.0121  D=0.287
[regir] 13:57:59  783,118/1,000,000  15.6/s  upd=19779  L=0.0201  D=0.287
[regir] 13:58:10  783,408/1,000,000  15.6/s  upd=19789  L=0.0228  D=0.287
[regir] 13:58:20  783,714/1,000,000  15.6/s  upd=19800  L=0.0146  D=0.287
[regir] 13:58:30  783,981/1,000,000  15.6/s  upd=19808  L=0.0119  D=0.287
[regir] 13:58:42  784,477/1,000,000  15.6/s  upd=19820  L=0.0152  D=0.287
[regir] 13:58:52  784,752/1,000,000  15.6/s  upd=19832  L=0.0130  D=0.287
[regir] 13:59:03  785,037/1,000,000  15.6/s  upd=19840  L=0.0285  D=0.287
[regir] 13:59:13  785,301/1,000,000  15.6/s  upd=19848  L=0.0127  D=0.287
[regir] 13:59:24  785,559/1,000,000  15.6/s  upd=19856  L=0.0199  D=0.287
[regir] 13:59:36  785,825/1,000,000  15.6/s  upd=19864  L=0.0091  D=0.287
[regir] 13:59:46  786,078/1,000,000  15.6/s  upd=19872  L=0.0233  D=0.287
[regir] 13:59:56  786,353/1,000,000  15.6/s  upd=19880  L=0.0213  D=0.287
[regir] 14:00:07  786,627/1,000,000  15.6/s  upd=19887  L=0.0146  D=0.287
[regir] 14:00:19  786,873/1,000,000  15.6/s  upd=19889  L=0.0158  D=0.287
[regir] 14:00:29  786,873/1,000,000  15.6/s  upd=19896  L=0.0111  D=0.287
[regir] 14:00:39  787,380/1,000,000  15.6/s  upd=19905  L=0.0105  D=0.287
[regir] 14:00:50  787,645/1,000,000  15.6/s  upd=19914  L=0.0118  D=0.287
[regir] 14:01:01  787,920/1,000,000  15.6/s  upd=19925  L=0.0190  D=0.287
[regir] 14:01:11  788,178/1,000,000  15.6/s  upd=19936  L=0.0232  D=0.287
[regir] 14:01:21  788,769/1,000,000  15.6/s  upd=19947  L=0.0172  D=0.287
[regir] 14:01:31  789,063/1,000,000  15.6/s  upd=19959  L=0.0117  D=0.287
[regir] 14:01:41  789,413/1,000,000  15.6/s  upd=19968  L=0.0107  D=0.287
[regir] 14:01:51  789,657/1,000,000  15.6/s  upd=19976  L=0.0322  D=0.287
[regir] 14:02:02  790,210/1,000,000  15.6/s  upd=19986  L=0.0228  D=0.287
[regir] 14:02:12  790,489/1,000,000  15.6/s  upd=20000  L=0.0084  D=0.287
[regir] saved resume t_env=790,768
[regir] 14:02:22  790,979/1,000,000  15.6/s  upd=20013  L=0.0129  D=0.287
[regir] 14:02:32  791,520/1,000,000  15.7/s  upd=20027  L=0.0136  D=0.287
[regir] 14:02:42  792,012/1,000,000  15.7/s  upd=20042  L=0.0242  D=0.287
[regir] 14:04:38  792,255/1,000,000  15.6/s  upd=20056  L=0.0195  D=0.287
[regir] 14:04:48  792,767/1,000,000  15.6/s  upd=20067  L=0.0105  D=0.287
[regir] 14:04:58  793,019/1,000,000  15.6/s  upd=20080  L=0.0113  D=0.287
[regir] 14:05:09  793,565/1,000,000  15.6/s  upd=20091  L=0.0212  D=0.287
[regir] 14:05:19  793,817/1,000,000  15.7/s  upd=20104  L=0.0167  D=0.287
[regir] 14:05:29  794,423/1,000,000  15.7/s  upd=20113  L=0.0176  D=0.287
[regir] 14:05:39  794,675/1,000,000  15.7/s  upd=20128  L=0.0284  D=0.287
[regir] 14:05:49  794,932/1,000,000  15.7/s  upd=20136  L=0.0123  D=0.287
[regir] 14:05:59  795,198/1,000,000  15.7/s  upd=20144  L=0.0142  D=0.287
[regir] 14:06:09  795,456/1,000,000  15.7/s  upd=20152  L=0.0114  D=0.287
[regir] 14:06:19  795,722/1,000,000  15.7/s  upd=20160  L=0.0153  D=0.287
[regir] 14:06:31  795,977/1,000,000  15.7/s  upd=20168  L=0.0187  D=0.287
[regir] 14:06:41  796,251/1,000,000  15.7/s  upd=20173  L=0.0106  D=0.287
[regir] 14:06:52  796,516/1,000,000  15.7/s  upd=20179  L=0.0108  D=0.287
[regir] 14:07:02  796,816/1,000,000  15.7/s  upd=20185  L=0.0124  D=0.287
[regir] 14:07:12  796,816/1,000,000  15.7/s  upd=20192  L=0.0137  D=0.287
[regir] 14:07:22  797,110/1,000,000  15.7/s  upd=20200  L=0.0168  D=0.287
[regir] 14:07:33  797,399/1,000,000  15.7/s  upd=20205  L=0.0198  D=0.287
[regir] 14:07:44  797,675/1,000,000  15.7/s  upd=20214  L=0.0143  D=0.287
[regir] 14:07:54  797,924/1,000,000  15.7/s  upd=20220  L=0.0131  D=0.287
[regir] 14:08:05  798,228/1,000,000  15.7/s  upd=20225  L=0.0126  D=0.287
[regir] 14:08:16  798,228/1,000,000  15.7/s  upd=20232  L=0.0248  D=0.287
[regir] 14:08:26  798,507/1,000,000  15.7/s  upd=20240  L=0.0121  D=0.287
[regir] 14:08:36  798,786/1,000,000  15.7/s  upd=20248  L=0.0101  D=0.287
[regir] 14:08:46  799,051/1,000,000  15.7/s  upd=20256  L=0.0142  D=0.287
[regir] 14:08:56  799,303/1,000,000  15.7/s  upd=20264  L=0.0170  D=0.287
[regir] 14:09:06  799,600/1,000,000  15.7/s  upd=20272  L=0.0277  D=0.287
[regir] 14:09:17  799,894/1,000,000  15.7/s  upd=20279  L=0.0183  D=0.287
[regir] 14:09:28  800,201/1,000,000  15.7/s  upd=20288  L=0.0218  D=0.287
[regir] saved resume t_env=800,201
[regir] 14:09:47  800,201/1,000,000  15.7/s  upd=20288  L=0.0218  ev=0/100  D=0.287
[regir] 14:09:57  800,201/1,000,000  15.7/s  upd=20288  L=0.0218  ev=24/100  D=0.287
[regir] 14:10:07  800,201/1,000,000  15.7/s  upd=20288  L=0.0218  ev=40/100  D=0.287
[regir] 14:10:17  800,201/1,000,000  15.7/s  upd=20288  L=0.0218  ev=56/100  D=0.287
[regir] 14:10:28  800,201/1,000,000  15.7/s  upd=20288  L=0.0218  ev=69/100  D=0.287
[regir] 14:10:38  800,201/1,000,000  15.7/s  upd=20288  L=0.0218  ev=80/100  D=0.287
[regir] 14:10:48  800,201/1,000,000  15.7/s  upd=20288  L=0.0218  ev=98/100  D=0.287
[regir] 14:12:08  800,201/1,000,000  15.7/s  upd=20288  L=0.0218  D=0.482
[regir] 14:14:16  800,201/1,000,000  15.6/s  upd=20288  L=0.0218  D=0.482
[regir] 14:14:27  800,498/1,000,000  15.6/s  upd=20293  L=0.0097  D=0.482
[regir] 14:14:37  800,800/1,000,000  15.6/s  upd=20298  L=0.0173  D=0.482
[regir] 14:14:47  801,104/1,000,000  15.6/s  upd=20305  L=0.0170  D=0.482
[regir] 14:14:57  801,380/1,000,000  15.6/s  upd=20313  L=0.0098  D=0.482
[regir] 14:15:08  801,655/1,000,000  15.6/s  upd=20324  L=0.0170  D=0.482
[regir] 14:15:18  801,988/1,000,000  15.6/s  upd=20331  L=0.0133  D=0.482
[regir] 14:15:28  802,251/1,000,000  15.6/s  upd=20337  L=0.0112  D=0.482
[regir] 14:15:40  802,492/1,000,000  15.6/s  upd=20346  L=0.0126  D=0.482
[regir] 14:15:50  802,749/1,000,000  15.6/s  upd=20355  L=0.0079  D=0.482
[regir] 14:16:00  803,030/1,000,000  15.6/s  upd=20362  L=0.0215  D=0.482
[regir] 14:16:11  803,310/1,000,000  15.6/s  upd=20371  L=0.0122  D=0.482
[regir] 14:16:21  803,572/1,000,000  15.6/s  upd=20378  L=0.0245  D=0.482
[regir] 14:16:32  803,852/1,000,000  15.6/s  upd=20387  L=0.0216  D=0.482
[regir] 14:16:42  803,852/1,000,000  15.6/s  upd=20392  L=0.0080  D=0.482
[regir] 14:16:52  804,148/1,000,000  15.6/s  upd=20400  L=0.0147  D=0.482
[regir] 14:17:03  804,452/1,000,000  15.6/s  upd=20406  L=0.0111  D=0.482
[regir] 14:17:14  804,713/1,000,000  15.6/s  upd=20412  L=0.0107  D=0.482
[regir] 14:17:24  804,972/1,000,000  15.6/s  upd=20421  L=0.0105  D=0.482
[regir] 14:17:35  805,210/1,000,000  15.6/s  upd=20432  L=0.0143  D=0.482
[regir] 14:17:46  805,458/1,000,000  15.7/s  upd=20440  L=0.0135  D=0.482
[regir] 14:17:56  805,961/1,000,000  15.7/s  upd=20449  L=0.0115  D=0.482
[regir] 14:18:06  806,227/1,000,000  15.7/s  upd=20461  L=0.0084  D=0.482
[regir] 14:18:17  806,728/1,000,000  15.7/s  upd=20474  L=0.0114  D=0.482
[regir] 14:18:28  806,991/1,000,000  15.7/s  upd=20488  L=0.0252  D=0.482
[regir] 14:18:38  807,465/1,000,000  15.7/s  upd=20498  L=0.0132  D=0.482
[regir] 14:18:49  807,699/1,000,000  15.7/s  upd=20507  L=0.0117  D=0.482
[regir] 14:18:59  807,965/1,000,000  15.7/s  upd=20520  L=0.0207  D=0.482
[regir] 14:19:09  808,799/1,000,000  15.7/s  upd=20537  L=0.0129  D=0.482
[regir] 14:21:10  809,024/1,000,000  15.7/s  upd=20552  L=0.0144  D=0.482
[regir] 14:21:20  809,287/1,000,000  15.7/s  upd=20558  L=0.0103  D=0.482
[regir] saved resume t_env=809,287
[regir] 14:21:31  809,575/1,000,000  15.7/s  upd=20561  L=0.0126  D=0.482
[regir] 14:21:41  809,575/1,000,000  15.7/s  upd=20568  L=0.0229  D=0.482
[regir] 14:21:51  809,847/1,000,000  15.7/s  upd=20576  L=0.0207  D=0.482
[regir] 14:22:01  810,075/1,000,000  15.7/s  upd=20583  L=0.0155  D=0.482
[regir] 14:22:12  810,307/1,000,000  15.7/s  upd=20591  L=0.0110  D=0.482
[regir] 14:22:23  810,538/1,000,000  15.7/s  upd=20598  L=0.0087  D=0.482
[regir] 14:22:33  810,785/1,000,000  15.7/s  upd=20604  L=0.0183  D=0.482
[regir] 14:22:43  811,094/1,000,000  15.7/s  upd=20611  L=0.0155  D=0.482
[regir] 14:22:54  811,094/1,000,000  15.7/s  upd=20616  L=0.0155  D=0.482
[regir] 14:23:04  811,354/1,000,000  15.7/s  upd=20624  L=0.0128  D=0.482
[regir] 14:23:14  811,578/1,000,000  15.7/s  upd=20632  L=0.0148  D=0.482
[regir] 14:23:24  811,855/1,000,000  15.7/s  upd=20638  L=0.0122  D=0.482
[regir] 14:23:35  812,130/1,000,000  15.7/s  upd=20645  L=0.0228  D=0.482
[regir] 14:23:45  812,408/1,000,000  15.7/s  upd=20651  L=0.0195  D=0.482
[regir] 14:23:56  812,643/1,000,000  15.7/s  upd=20660  L=0.0188  D=0.482
[regir] 14:24:06  812,907/1,000,000  15.7/s  upd=20666  L=0.0178  D=0.482
[regir] 14:24:17  813,191/1,000,000  15.7/s  upd=20676  L=0.0103  D=0.482
[regir] 14:24:28  813,497/1,000,000  15.7/s  upd=20686  L=0.0113  D=0.482
[regir] 14:24:38  813,957/1,000,000  15.7/s  upd=20697  L=0.0203  D=0.482
[regir] 14:24:48  814,227/1,000,000  15.7/s  upd=20707  L=0.0151  D=0.482
[regir] 14:24:59  814,467/1,000,000  15.7/s  upd=20717  L=0.0116  D=0.482
[regir] 14:25:09  814,698/1,000,000  15.7/s  upd=20728  L=0.0237  D=0.482
[regir] 14:25:19  815,242/1,000,000  15.7/s  upd=20744  L=0.0200  D=0.482
[regir] 14:25:30  815,902/1,000,000  15.7/s  upd=20760  L=0.0136  D=0.482
[regir] 14:25:40  816,456/1,000,000  15.7/s  upd=20775  L=0.0130  D=0.482
[regir] 14:25:51  816,991/1,000,000  15.7/s  upd=20790  L=0.0099  D=0.482
[regir] 14:26:01  817,607/1,000,000  15.7/s  upd=20806  L=0.0225  D=0.482
[regir] 14:28:06  817,951/1,000,000  15.7/s  upd=20816  L=0.0113  D=0.482
[regir] 14:28:16  818,292/1,000,000  15.7/s  upd=20824  L=0.0108  D=0.482
[regir] 14:28:27  818,537/1,000,000  15.7/s  upd=20832  L=0.0130  D=0.482
[regir] 14:28:37  818,804/1,000,000  15.7/s  upd=20840  L=0.0185  D=0.482
[regir] 14:28:47  819,085/1,000,000  15.7/s  upd=20848  L=0.0124  D=0.482
[regir] 14:28:58  819,337/1,000,000  15.7/s  upd=20855  L=0.0167  D=0.482
[regir] 14:29:10  819,610/1,000,000  15.7/s  upd=20864  L=0.0165  D=0.482
[regir] 14:29:20  819,879/1,000,000  15.7/s  upd=20869  L=0.0187  D=0.482
[regir] 14:29:30  820,115/1,000,000  15.7/s  upd=20875  L=0.0185  D=0.482
[regir] saved resume t_env=820,115
[regir] 14:29:54  820,115/1,000,000  15.7/s  upd=20880  L=0.0132  ev=0/100  D=0.482
[regir] 14:30:04  820,115/1,000,000  15.7/s  upd=20880  L=0.0132  ev=16/100  D=0.482
[regir] 14:30:14  820,115/1,000,000  15.7/s  upd=20880  L=0.0132  ev=32/100  D=0.482
[regir] 14:30:24  820,115/1,000,000  15.7/s  upd=20880  L=0.0132  ev=56/100  D=0.482
[regir] 14:30:34  820,115/1,000,000  15.7/s  upd=20880  L=0.0132  ev=72/100  D=0.482
[regir] 14:30:44  820,115/1,000,000  15.7/s  upd=20880  L=0.0132  ev=80/100  D=0.482
[regir] 14:30:54  820,115/1,000,000  15.7/s  upd=20880  L=0.0132  ev=96/100  D=0.482
[regir] 14:33:23  820,115/1,000,000  15.6/s  upd=20880  L=0.0132  D=0.347
[regir] 14:35:31  820,115/1,000,000  15.6/s  upd=20880  L=0.0132  D=0.347
[regir] 14:35:41  820,368/1,000,000  15.6/s  upd=20888  L=0.0113  D=0.347
[regir] 14:35:51  820,682/1,000,000  15.6/s  upd=20896  L=0.0153  D=0.347
[regir] 14:36:02  821,201/1,000,000  15.6/s  upd=20906  L=0.0124  D=0.347
[regir] 14:36:13  821,474/1,000,000  15.6/s  upd=20917  L=0.0124  D=0.347
[regir] 14:36:23  821,772/1,000,000  15.6/s  upd=20922  L=0.0111  D=0.347
[regir] 14:36:33  822,022/1,000,000  15.6/s  upd=20929  L=0.0132  D=0.347
[regir] 14:36:44  822,352/1,000,000  15.6/s  upd=20939  L=0.0167  D=0.347
[regir] 14:36:55  822,624/1,000,000  15.6/s  upd=20947  L=0.0124  D=0.347
[regir] 14:37:05  822,624/1,000,000  15.6/s  upd=20952  L=0.0164  D=0.347
[regir] 14:37:15  822,928/1,000,000  15.6/s  upd=20960  L=0.0106  D=0.347
[regir] 14:37:26  823,181/1,000,000  15.6/s  upd=20968  L=0.0100  D=0.347
[regir] 14:37:36  823,453/1,000,000  15.6/s  upd=20976  L=0.0133  D=0.347
[regir] 14:37:46  823,698/1,000,000  15.6/s  upd=20984  L=0.0179  D=0.347
[regir] 14:37:57  823,958/1,000,000  15.6/s  upd=20990  L=0.0237  D=0.347
[regir] 14:38:07  824,280/1,000,000  15.6/s  upd=20998  L=0.0139  D=0.347
[regir] 14:38:17  824,547/1,000,000  15.6/s  upd=21004  L=0.0106  D=0.347
[regir] 14:38:28  824,916/1,000,000  15.7/s  upd=21010  L=0.0163  D=0.347
[regir] 14:38:39  824,916/1,000,000  15.6/s  upd=21016  L=0.0096  D=0.347
[regir] 14:38:49  825,158/1,000,000  15.6/s  upd=21022  L=0.0074  D=0.347
[regir] 14:38:59  825,413/1,000,000  15.7/s  upd=21028  L=0.0149  D=0.347
[regir] 14:39:09  825,692/1,000,000  15.7/s  upd=21034  L=0.0106  D=0.347
[regir] 14:39:20  825,692/1,000,000  15.6/s  upd=21040  L=0.0183  D=0.347
[regir] 14:39:30  825,950/1,000,000  15.7/s  upd=21048  L=0.0128  D=0.347
[regir] 14:39:40  826,229/1,000,000  15.7/s  upd=21052  L=0.0118  D=0.347
[regir] saved resume t_env=826,229
[regir] 14:39:50  826,486/1,000,000  15.7/s  upd=21057  L=0.0110  D=0.347
[regir] 14:40:01  826,750/1,000,000  15.7/s  upd=21066  L=0.0102  D=0.347
[regir] 14:40:11  827,087/1,000,000  15.7/s  upd=21076  L=0.0129  D=0.347
[regir] 14:40:22  827,342/1,000,000  15.7/s  upd=21086  L=0.0109  D=0.347
[regir] 14:40:33  827,611/1,000,000  15.7/s  upd=21096  L=0.0089  D=0.347
[regir] 14:42:54  827,611/1,000,000  15.6/s  upd=21096  L=0.0089  D=0.347
[regir] 14:43:04  827,860/1,000,000  15.6/s  upd=21104  L=0.0159  D=0.347
[regir] 14:43:15  828,136/1,000,000  15.6/s  upd=21112  L=0.0147  D=0.347
[regir] 14:43:25  828,488/1,000,000  15.6/s  upd=21117  L=0.0079  D=0.347
[regir] 14:43:36  828,799/1,000,000  15.6/s  upd=21122  L=0.0134  D=0.347
[regir] 14:43:48  829,043/1,000,000  15.6/s  upd=21131  L=0.0140  D=0.347
[regir] 14:43:58  829,302/1,000,000  15.6/s  upd=21140  L=0.0185  D=0.347
[regir] 14:44:08  829,567/1,000,000  15.6/s  upd=21146  L=0.0137  D=0.347
[regir] 14:44:19  829,855/1,000,000  15.6/s  upd=21156  L=0.0176  D=0.347
[regir] 14:44:29  829,855/1,000,000  15.6/s  upd=21160  L=0.0111  D=0.347
[regir] 14:44:39  830,099/1,000,000  15.6/s  upd=21168  L=0.0128  D=0.347
[regir] 14:44:51  830,387/1,000,000  15.6/s  upd=21175  L=0.0136  D=0.347
[regir] 14:45:02  830,649/1,000,000  15.6/s  upd=21182  L=0.0100  D=0.347
[regir] 14:45:13  830,892/1,000,000  15.6/s  upd=21188  L=0.0150  D=0.347
[regir] 14:45:24  831,153/1,000,000  15.6/s  upd=21197  L=0.0129  D=0.347
[regir] 14:45:34  831,727/1,000,000  15.7/s  upd=21211  L=0.0096  D=0.347
[regir] 14:45:45  831,974/1,000,000  15.7/s  upd=21222  L=0.0132  D=0.347
[regir] 14:45:55  832,551/1,000,000  15.7/s  upd=21236  L=0.0212  D=0.347
[regir] 14:46:06  833,063/1,000,000  15.7/s  upd=21252  L=0.0221  D=0.347
[regir] 14:46:16  833,645/1,000,000  15.7/s  upd=21267  L=0.0091  D=0.347
[regir] 14:46:26  834,220/1,000,000  15.7/s  upd=21281  L=0.0088  D=0.347
[regir] 14:46:36  834,736/1,000,000  15.7/s  upd=21298  L=0.0144  D=0.347
[regir] 14:46:47  834,994/1,000,000  15.7/s  upd=21312  L=0.0232  D=0.347
[regir] 14:46:57  835,569/1,000,000  15.7/s  upd=21327  L=0.0137  D=0.347
[regir] 14:47:07  836,148/1,000,000  15.7/s  upd=21342  L=0.0139  D=0.347
[regir] 14:47:18  836,697/1,000,000  15.7/s  upd=21353  L=0.0121  D=0.347
[regir] 14:47:28  837,011/1,000,000  15.7/s  upd=21364  L=0.0159  D=0.347
[regir] 14:47:38  837,279/1,000,000  15.7/s  upd=21376  L=0.0158  D=0.347
[regir] 14:47:48  837,824/1,000,000  15.7/s  upd=21387  L=0.0216  D=0.347
[regir] 14:47:59  838,120/1,000,000  15.7/s  upd=21400  L=0.0313  D=0.347
[regir] 14:49:52  838,120/1,000,000  15.7/s  upd=21400  L=0.0313  D=0.347
[regir] saved resume t_env=838,445
[regir] 14:50:03  838,798/1,000,000  15.7/s  upd=21409  L=0.0134  D=0.347
[regir] 14:50:13  839,091/1,000,000  15.7/s  upd=21421  L=0.0183  D=0.347
[regir] 14:50:23  839,380/1,000,000  15.7/s  upd=21432  L=0.0127  D=0.347
[regir] 14:50:34  839,982/1,000,000  15.7/s  upd=21441  L=0.0108  D=0.347
[regir] 14:50:44  840,313/1,000,000  15.7/s  upd=21451  L=0.0125  D=0.347
[regir] saved resume t_env=840,313
[regir] 14:51:08  840,313/1,000,000  15.7/s  upd=21456  L=0.0163  ev=0/100  D=0.347
[regir] 14:51:18  840,313/1,000,000  15.7/s  upd=21456  L=0.0163  ev=24/100  D=0.347
[regir] 14:51:28  840,313/1,000,000  15.7/s  upd=21456  L=0.0163  ev=39/100  D=0.347
[regir] 14:51:38  840,313/1,000,000  15.7/s  upd=21456  L=0.0163  ev=64/100  D=0.347
[regir] 14:51:48  840,313/1,000,000  15.7/s  upd=21456  L=0.0163  ev=87/100  D=0.347
[regir] 14:55:44  840,313/1,000,000  15.6/s  upd=21456  L=0.0163  D=0.571
[regir] 14:57:50  840,313/1,000,000  15.6/s  upd=21456  L=0.0163  D=0.571
[regir] 14:58:00  840,624/1,000,000  15.6/s  upd=21464  L=0.0129  D=0.571
[regir] 14:58:11  840,908/1,000,000  15.6/s  upd=21468  L=0.0253  D=0.571
[regir] 14:58:21  841,240/1,000,000  15.6/s  upd=21473  L=0.0220  D=0.571
[regir] 14:58:31  841,549/1,000,000  15.6/s  upd=21482  L=0.0166  D=0.571
[regir] 14:58:41  841,549/1,000,000  15.6/s  upd=21488  L=0.0127  D=0.571
[regir] 14:58:52  841,860/1,000,000  15.6/s  upd=21495  L=0.0101  D=0.571
[regir] 14:59:02  842,132/1,000,000  15.6/s  upd=21502  L=0.0170  D=0.571
[regir] 14:59:13  842,395/1,000,000  15.6/s  upd=21507  L=0.0124  D=0.571
[regir] 14:59:24  842,674/1,000,000  15.6/s  upd=21513  L=0.0230  D=0.571
[regir] 14:59:34  842,674/1,000,000  15.6/s  upd=21520  L=0.0147  D=0.571
[regir] 14:59:45  842,953/1,000,000  15.6/s  upd=21526  L=0.0095  D=0.571
[regir] 14:59:56  843,209/1,000,000  15.6/s  upd=21532  L=0.0084  D=0.571
[regir] 15:00:06  843,209/1,000,000  15.6/s  upd=21536  L=0.0201  D=0.571
[regir] 15:00:17  843,491/1,000,000  15.6/s  upd=21542  L=0.0109  D=0.571
[regir] 15:00:27  843,771/1,000,000  15.6/s  upd=21545  L=0.0191  D=0.571
[regir] 15:00:37  843,771/1,000,000  15.6/s  upd=21552  L=0.0137  D=0.571
[regir] 15:00:48  844,074/1,000,000  15.6/s  upd=21559  L=0.0124  D=0.571
[regir] 15:00:58  844,362/1,000,000  15.6/s  upd=21561  L=0.0107  D=0.571
[regir] saved resume t_env=844,362
[regir] 15:01:08  844,362/1,000,000  15.6/s  upd=21568  L=0.0130  D=0.571
[regir] 15:01:19  844,677/1,000,000  15.6/s  upd=21572  L=0.0100  D=0.571
[regir] 15:01:29  844,677/1,000,000  15.6/s  upd=21576  L=0.0096  D=0.571
[regir] 15:01:40  845,251/1,000,000  15.6/s  upd=21587  L=0.0183  D=0.571
[regir] 15:01:50  845,251/1,000,000  15.6/s  upd=21592  L=0.0133  D=0.571
[regir] 15:02:00  845,572/1,000,000  15.6/s  upd=21600  L=0.0146  D=0.571
[regir] 15:02:10  845,847/1,000,000  15.6/s  upd=21608  L=0.0118  D=0.571
[regir] 15:02:21  846,138/1,000,000  15.6/s  upd=21616  L=0.0296  D=0.571
[regir] 15:02:31  846,740/1,000,000  15.6/s  upd=21627  L=0.0105  D=0.571
[regir] 15:02:41  846,994/1,000,000  15.6/s  upd=21640  L=0.0161  D=0.571
[regir] 15:02:52  847,563/1,000,000  15.6/s  upd=21651  L=0.0141  D=0.571
[regir] 15:04:42  847,563/1,000,000  15.6/s  upd=21656  L=0.0108  D=0.571
[regir] 15:04:52  847,881/1,000,000  15.6/s  upd=21664  L=0.0096  D=0.571
[regir] 15:05:02  848,204/1,000,000  15.6/s  upd=21672  L=0.0197  D=0.571
[regir] 15:05:12  848,477/1,000,000  15.6/s  upd=21680  L=0.0098  D=0.571
[regir] 15:05:22  848,775/1,000,000  15.6/s  upd=21688  L=0.0152  D=0.571
[regir] 15:05:33  849,039/1,000,000  15.6/s  upd=21693  L=0.0200  D=0.571
[regir] 15:05:45  849,285/1,000,000  15.6/s  upd=21700  L=0.0166  D=0.571
[regir] 15:05:55  849,285/1,000,000  15.6/s  upd=21704  L=0.0122  D=0.571
[regir] 15:06:05  849,562/1,000,000  15.6/s  upd=21712  L=0.0106  D=0.571
[regir] 15:06:15  849,876/1,000,000  15.6/s  upd=21720  L=0.0206  D=0.571
[regir] 15:06:26  850,143/1,000,000  15.6/s  upd=21726  L=0.0080  D=0.571
[regir] 15:06:36  850,438/1,000,000  15.6/s  upd=21736  L=0.0148  D=0.571
[regir] 15:06:47  850,932/1,000,000  15.6/s  upd=21747  L=0.0179  D=0.571
[regir] 15:06:57  851,233/1,000,000  15.6/s  upd=21757  L=0.0090  D=0.571
[regir] 15:07:08  851,502/1,000,000  15.6/s  upd=21768  L=0.0121  D=0.571
[regir] 15:07:19  852,074/1,000,000  15.7/s  upd=21780  L=0.0148  D=0.571
[regir] 15:07:30  852,354/1,000,000  15.7/s  upd=21792  L=0.0073  D=0.571
[regir] 15:07:40  852,652/1,000,000  15.7/s  upd=21800  L=0.0161  D=0.571
[regir] 15:07:51  853,257/1,000,000  15.7/s  upd=21812  L=0.0177  D=0.571
[regir] 15:08:01  853,539/1,000,000  15.7/s  upd=21822  L=0.0152  D=0.571
[regir] 15:08:12  854,098/1,000,000  15.7/s  upd=21833  L=0.0145  D=0.571
[regir] 15:08:22  854,442/1,000,000  15.7/s  upd=21846  L=0.0227  D=0.571
[regir] 15:08:32  854,727/1,000,000  15.7/s  upd=21855  L=0.0120  D=0.571
[regir] 15:08:44  855,289/1,000,000  15.7/s  upd=21865  L=0.0125  D=0.571
[regir] 15:08:54  855,594/1,000,000  15.7/s  upd=21875  L=0.0126  D=0.571
[regir] 15:09:04  855,888/1,000,000  15.7/s  upd=21886  L=0.0146  D=0.571
[regir] 15:09:15  856,462/1,000,000  15.7/s  upd=21898  L=0.0097  D=0.571
[regir] 15:09:25  856,785/1,000,000  15.7/s  upd=21909  L=0.0141  D=0.571
[regir] 15:09:36  857,341/1,000,000  15.7/s  upd=21921  L=0.0142  D=0.571
[regir] 15:09:47  857,639/1,000,000  15.7/s  upd=21935  L=0.0135  D=0.571
[regir] 15:12:06  857,639/1,000,000  15.7/s  upd=21936  L=0.0095  D=0.571
[regir] saved resume t_env=857,953
[regir] 15:12:17  857,953/1,000,000  15.7/s  upd=21944  L=0.0084  D=0.571
[regir] 15:12:27  858,497/1,000,000  15.7/s  upd=21955  L=0.0070  D=0.571
[regir] 15:12:37  858,755/1,000,000  15.7/s  upd=21966  L=0.0119  D=0.571
[regir] 15:12:47  859,284/1,000,000  15.7/s  upd=21977  L=0.0151  D=0.571
[regir] 15:12:58  859,598/1,000,000  15.7/s  upd=21990  L=0.0189  D=0.571
[regir] 15:13:09  860,139/1,000,000  15.7/s  upd=22002  L=0.0141  D=0.571
[regir] saved resume t_env=860,139
[regir] 15:13:34  860,139/1,000,000  15.7/s  upd=22008  L=0.0134  ev=0/100  D=0.571
[regir] 15:13:44  860,139/1,000,000  15.7/s  upd=22008  L=0.0134  ev=9/100  D=0.571
[regir] 15:13:54  860,139/1,000,000  15.7/s  upd=22008  L=0.0134  ev=39/100  D=0.571
[regir] 15:14:04  860,139/1,000,000  15.7/s  upd=22008  L=0.0134  ev=58/100  D=0.571
[regir] 15:14:14  860,139/1,000,000  15.7/s  upd=22008  L=0.0134  ev=80/100  D=0.571
[regir] 15:14:24  860,139/1,000,000  15.7/s  upd=22008  L=0.0134  ev=93/100  D=0.571
[regir] 15:16:20  860,139/1,000,000  15.6/s  upd=22008  L=0.0134  D=0.565
[regir] 15:16:30  860,454/1,000,000  15.6/s  upd=22014  L=0.0132  D=0.565
[regir] 15:16:40  860,791/1,000,000  15.7/s  upd=22023  L=0.0116  D=0.565
[regir] 15:16:50  861,072/1,000,000  15.7/s  upd=22032  L=0.0150  D=0.565
[regir] 15:17:01  861,732/1,000,000  15.7/s  upd=22042  L=0.0168  D=0.565
[regir] 15:17:12  862,015/1,000,000  15.7/s  upd=22053  L=0.0157  D=0.565
[regir] 15:20:43  862,015/1,000,000  15.6/s  upd=22056  L=0.0141  D=0.565
[regir] 15:20:53  862,260/1,000,000  15.6/s  upd=22064  L=0.0120  D=0.565
[regir] 15:21:03  862,508/1,000,000  15.6/s  upd=22072  L=0.0123  D=0.565
[regir] 15:21:13  862,749/1,000,000  15.6/s  upd=22080  L=0.0124  D=0.565
[regir] 15:21:24  863,014/1,000,000  15.6/s  upd=22087  L=0.0158  D=0.565
[regir] 15:21:34  863,336/1,000,000  15.6/s  upd=22094  L=0.0116  D=0.565
[regir] 15:21:44  863,604/1,000,000  15.6/s  upd=22100  L=0.0192  D=0.565
[regir] 15:21:55  863,926/1,000,000  15.6/s  upd=22106  L=0.0130  D=0.565
[regir] 15:22:05  863,926/1,000,000  15.6/s  upd=22112  L=0.0176  D=0.565
[regir] 15:22:15  864,188/1,000,000  15.6/s  upd=22120  L=0.0115  D=0.565
[regir] 15:22:25  864,477/1,000,000  15.6/s  upd=22123  L=0.0087  D=0.565
[regir] 15:22:35  864,477/1,000,000  15.6/s  upd=22128  L=0.0120  D=0.565
[regir] 15:22:46  864,776/1,000,000  15.6/s  upd=22133  L=0.0155  D=0.565
[regir] 15:22:56  865,062/1,000,000  15.6/s  upd=22138  L=0.0177  D=0.565
[regir] 15:23:06  865,062/1,000,000  15.6/s  upd=22144  L=0.0103  D=0.565
[regir] 15:23:17  865,361/1,000,000  15.6/s  upd=22152  L=0.0156  D=0.565
[regir] saved resume t_env=865,361
[regir] 15:23:27  865,638/1,000,000  15.6/s  upd=22154  L=0.0111  D=0.565
[regir] 15:23:37  865,638/1,000,000  15.6/s  upd=22160  L=0.0205  D=0.565
[regir] 15:23:47  865,914/1,000,000  15.6/s  upd=22168  L=0.0102  D=0.565
[regir] 15:23:58  866,167/1,000,000  15.6/s  upd=22173  L=0.0107  D=0.565
[regir] 15:24:09  866,514/1,000,000  15.6/s  upd=22179  L=0.0130  D=0.565
[regir] 15:24:19  866,514/1,000,000  15.6/s  upd=22184  L=0.0264  D=0.565
[regir] 15:24:29  866,782/1,000,000  15.6/s  upd=22192  L=0.0127  D=0.565
[regir] 15:24:42  867,072/1,000,000  15.6/s  upd=22198  L=0.0118  D=0.565
[regir] 15:24:52  867,345/1,000,000  15.6/s  upd=22208  L=0.0156  D=0.565
[regir] 15:25:02  867,627/1,000,000  15.6/s  upd=22212  L=0.0123  D=0.565
[regir] 15:25:14  867,959/1,000,000  15.6/s  upd=22219  L=0.0172  D=0.565
[regir] 15:25:24  867,959/1,000,000  15.6/s  upd=22224  L=0.0126  D=0.565
[regir] 15:25:34  868,549/1,000,000  15.6/s  upd=22233  L=0.0107  D=0.565
[regir] 15:25:46  868,811/1,000,000  15.6/s  upd=22242  L=0.0123  D=0.565
[regir] 15:27:08  868,811/1,000,000  15.6/s  upd=22248  L=0.0169  D=0.565
[regir] 15:27:19  869,111/1,000,000  15.6/s  upd=22256  L=0.0144  D=0.565
[regir] 15:27:29  869,381/1,000,000  15.6/s  upd=22264  L=0.0107  D=0.565
[regir] 15:27:39  869,668/1,000,000  15.6/s  upd=22271  L=0.0134  D=0.565
[regir] 15:27:50  869,911/1,000,000  15.6/s  upd=22280  L=0.0807  D=0.565
[regir] 15:28:01  870,244/1,000,000  15.6/s  upd=22286  L=0.0254  D=0.565
[regir] 15:28:11  870,550/1,000,000  15.6/s  upd=22295  L=0.0105  D=0.565
[regir] 15:28:21  870,849/1,000,000  15.6/s  upd=22298  L=0.0128  D=0.565
[regir] 15:28:31  870,849/1,000,000  15.6/s  upd=22304  L=0.0170  D=0.565
[regir] 15:28:42  871,112/1,000,000  15.6/s  upd=22312  L=0.0128  D=0.565
[regir] 15:28:53  871,394/1,000,000  15.6/s  upd=22319  L=0.0121  D=0.565
[regir] 15:29:04  871,650/1,000,000  15.6/s  upd=22328  L=0.0098  D=0.565
[regir] 15:29:14  871,960/1,000,000  15.6/s  upd=22335  L=0.0108  D=0.565
[regir] 15:29:24  872,232/1,000,000  15.6/s  upd=22343  L=0.0103  D=0.565
[regir] 15:29:35  872,545/1,000,000  15.6/s  upd=22350  L=0.0088  D=0.565
[regir] 15:29:45  872,829/1,000,000  15.6/s  upd=22359  L=0.0159  D=0.565
[regir] 15:29:56  873,348/1,000,000  15.7/s  upd=22370  L=0.0131  D=0.565
[regir] 15:30:06  873,622/1,000,000  15.7/s  upd=22382  L=0.0091  D=0.565
[regir] 15:30:17  873,933/1,000,000  15.7/s  upd=22392  L=0.0121  D=0.565
[regir] 15:30:27  874,150/1,000,000  15.7/s  upd=22400  L=0.0115  D=0.565
[regir] 15:30:37  874,724/1,000,000  15.7/s  upd=22412  L=0.0140  D=0.565
[regir] 15:30:47  874,984/1,000,000  15.7/s  upd=22423  L=0.0140  D=0.565
[regir] 15:30:58  875,587/1,000,000  15.7/s  upd=22433  L=0.0153  D=0.565
[regir] 15:31:08  875,894/1,000,000  15.7/s  upd=22445  L=0.0164  D=0.565
[regir] 15:31:18  876,159/1,000,000  15.7/s  upd=22456  L=0.0129  D=0.565
[regir] 15:31:28  876,440/1,000,000  15.7/s  upd=22464  L=0.0108  D=0.565
[regir] 15:31:39  876,937/1,000,000  15.7/s  upd=22477  L=0.0217  D=0.565
[regir] 15:31:49  877,168/1,000,000  15.7/s  upd=22486  L=0.0145  D=0.565
[regir] 15:32:00  877,767/1,000,000  15.7/s  upd=22500  L=0.0117  D=0.565
[regir] 15:32:11  878,032/1,000,000  15.7/s  upd=22511  L=0.0132  D=0.565
[regir] 15:34:04  878,032/1,000,000  15.7/s  upd=22512  L=0.0170  D=0.565
[regir] saved resume t_env=878,323
[regir] 15:34:15  878,323/1,000,000  15.7/s  upd=22520  L=0.0108  D=0.565
[regir] 15:34:26  878,978/1,000,000  15.7/s  upd=22536  L=0.0172  D=0.565
[regir] 15:34:36  879,501/1,000,000  15.7/s  upd=22552  L=0.0146  D=0.565
[regir] 15:34:46  880,083/1,000,000  15.7/s  upd=22564  L=0.0122  D=0.565
[regir] saved resume t_env=880,083
[regir] 15:35:08  880,083/1,000,000  15.7/s  upd=22568  L=0.0170  ev=0/100  D=0.565
[regir] 15:35:18  880,083/1,000,000  15.7/s  upd=22568  L=0.0170  ev=24/100  D=0.565
[regir] 15:35:28  880,083/1,000,000  15.7/s  upd=22568  L=0.0170  ev=48/100  D=0.565
[regir] 15:35:38  880,083/1,000,000  15.7/s  upd=22568  L=0.0170  ev=72/100  D=0.565
[regir] 15:35:48  880,083/1,000,000  15.7/s  upd=22568  L=0.0170  ev=88/100  D=0.565
[regir] 15:38:21  880,083/1,000,000  15.6/s  upd=22568  L=0.0170  D=0.298
[regir] 15:38:31  880,339/1,000,000  15.6/s  upd=22571  L=0.0125  D=0.298
[regir] 15:38:41  880,339/1,000,000  15.6/s  upd=22576  L=0.0160  D=0.298
[regir] 15:38:51  880,605/1,000,000  15.6/s  upd=22582  L=0.0172  D=0.298
[regir] 15:39:02  880,953/1,000,000  15.6/s  upd=22585  L=0.0146  D=0.298
[regir] 15:41:06  880,953/1,000,000  15.6/s  upd=22592  L=0.0160  D=0.298
[regir] 15:41:16  881,524/1,000,000  15.6/s  upd=22603  L=0.0161  D=0.298
[regir] 15:41:26  881,790/1,000,000  15.6/s  upd=22614  L=0.0100  D=0.298
[regir] 15:41:36  882,318/1,000,000  15.6/s  upd=22631  L=0.0110  D=0.298
[regir] 15:41:46  882,845/1,000,000  15.6/s  upd=22645  L=0.0204  D=0.298
[regir] 15:41:57  883,390/1,000,000  15.6/s  upd=22661  L=0.0120  D=0.298
[regir] 15:42:07  883,876/1,000,000  15.6/s  upd=22678  L=0.0137  D=0.298
[regir] 15:42:18  884,420/1,000,000  15.6/s  upd=22691  L=0.0163  D=0.298
[regir] 15:42:28  884,695/1,000,000  15.6/s  upd=22701  L=0.0109  D=0.298
[regir] 15:42:38  884,964/1,000,000  15.6/s  upd=22712  L=0.0118  D=0.298
[regir] 15:42:49  885,502/1,000,000  15.7/s  upd=22723  L=0.0137  D=0.298
[regir] 15:42:59  885,784/1,000,000  15.7/s  upd=22733  L=0.0214  D=0.298
[regir] 15:43:10  886,367/1,000,000  15.7/s  upd=22746  L=0.0120  D=0.298
[regir] 15:43:21  886,670/1,000,000  15.7/s  upd=22755  L=0.0200  D=0.298
[regir] 15:43:31  886,947/1,000,000  15.7/s  upd=22761  L=0.0166  D=0.298
[regir] 15:43:41  886,947/1,000,000  15.7/s  upd=22768  L=0.0131  D=0.298
[regir] 15:43:51  887,268/1,000,000  15.7/s  upd=22776  L=0.0103  D=0.298
[regir] 15:44:02  887,514/1,000,000  15.7/s  upd=22784  L=0.0119  D=0.298
[regir] 15:44:12  887,747/1,000,000  15.7/s  upd=22790  L=0.0119  D=0.298
[regir] 15:44:23  888,020/1,000,000  15.7/s  upd=22800  L=0.0093  D=0.298
[regir] 15:44:33  888,277/1,000,000  15.7/s  upd=22806  L=0.0131  D=0.298
[regir] 15:44:44  888,547/1,000,000  15.7/s  upd=22811  L=0.0096  D=0.298
[regir] 15:44:55  888,848/1,000,000  15.7/s  upd=22820  L=0.0179  D=0.298
[regir] saved resume t_env=888,848
[regir] 15:45:05  888,848/1,000,000  15.7/s  upd=22824  L=0.0210  D=0.298
[regir] 15:45:15  889,122/1,000,000  15.7/s  upd=22832  L=0.0152  D=0.298
[regir] 15:45:25  889,442/1,000,000  15.7/s  upd=22840  L=0.0140  D=0.298
[regir] 15:45:35  889,724/1,000,000  15.7/s  upd=22847  L=0.0076  D=0.298
[regir] 15:45:45  889,996/1,000,000  15.7/s  upd=22856  L=0.0105  D=0.298
[regir] 15:45:55  890,246/1,000,000  15.7/s  upd=22864  L=0.0111  D=0.298
[regir] 15:46:06  890,482/1,000,000  15.7/s  upd=22866  L=0.0131  D=0.298
[regir] 15:48:02  890,482/1,000,000  15.7/s  upd=22872  L=0.0096  D=0.298
[regir] 15:48:13  890,823/1,000,000  15.7/s  upd=22879  L=0.0127  D=0.298
[regir] 15:48:23  891,323/1,000,000  15.7/s  upd=22890  L=0.0088  D=0.298
[regir] 15:48:34  891,597/1,000,000  15.7/s  upd=22903  L=0.0149  D=0.298
[regir] 15:48:44  892,106/1,000,000  15.7/s  upd=22914  L=0.0146  D=0.298
[regir] 15:48:55  892,386/1,000,000  15.7/s  upd=22924  L=0.0206  D=0.298
[regir] 15:49:05  892,908/1,000,000  15.7/s  upd=22937  L=0.0185  D=0.298
[regir] 15:49:16  893,169/1,000,000  15.7/s  upd=22946  L=0.0140  D=0.298
[regir] 15:49:27  893,431/1,000,000  15.7/s  upd=22958  L=0.0099  D=0.298
[regir] 15:49:37  893,649/1,000,000  15.7/s  upd=22966  L=0.0102  D=0.298
[regir] 15:49:48  893,926/1,000,000  15.7/s  upd=22975  L=0.0187  D=0.298
[regir] 15:49:58  894,207/1,000,000  15.7/s  upd=22983  L=0.0111  D=0.298
[regir] 15:50:09  894,484/1,000,000  15.7/s  upd=22992  L=0.0105  D=0.298
[regir] 15:50:19  894,803/1,000,000  15.7/s  upd=23000  L=0.0137  D=0.298
[regir] 15:50:29  895,082/1,000,000  15.7/s  upd=23004  L=0.0186  D=0.298
[regir] 15:50:39  895,082/1,000,000  15.7/s  upd=23008  L=0.0107  D=0.298
[regir] 15:50:51  895,373/1,000,000  15.7/s  upd=23016  L=0.0108  D=0.298
[regir] 15:51:03  895,622/1,000,000  15.7/s  upd=23021  L=0.0219  D=0.298
[regir] 15:51:13  895,926/1,000,000  15.7/s  upd=23026  L=0.0149  D=0.298
[regir] 15:51:23  896,218/1,000,000  15.7/s  upd=23039  L=0.0144  D=0.298
[regir] 15:51:34  896,515/1,000,000  15.7/s  upd=23048  L=0.0123  D=0.298
[regir] 15:51:44  897,096/1,000,000  15.7/s  upd=23057  L=0.0084  D=0.298
[regir] 15:51:54  897,348/1,000,000  15.7/s  upd=23067  L=0.0135  D=0.298
[regir] 15:52:05  897,611/1,000,000  15.7/s  upd=23076  L=0.0101  D=0.298
[regir] 15:52:15  897,882/1,000,000  15.7/s  upd=23084  L=0.0155  D=0.298
[regir] 15:52:26  898,145/1,000,000  15.7/s  upd=23094  L=0.0156  D=0.298
[regir] 15:52:36  898,475/1,000,000  15.7/s  upd=23104  L=0.0112  D=0.298
[regir] 15:52:46  898,821/1,000,000  15.7/s  upd=23112  L=0.0122  D=0.298
[regir] 15:52:56  899,373/1,000,000  15.7/s  upd=23123  L=0.0109  D=0.298
[regir] 15:53:06  899,718/1,000,000  15.7/s  upd=23134  L=0.0116  D=0.298
[regir] 15:54:31  899,718/1,000,000  15.7/s  upd=23136  L=0.0138  D=0.298
[regir] saved resume t_env=900,024
[regir] 15:55:01  900,024/1,000,000  15.7/s  upd=23144  L=0.0105  ev=0/100  D=0.298
[regir] 15:55:11  900,024/1,000,000  15.7/s  upd=23144  L=0.0105  ev=72/100  D=0.298
[regir] 15:57:44  900,024/1,000,000  15.7/s  upd=23144  L=0.0105  D=0.323
[regir] 15:57:54  900,277/1,000,000  15.7/s  upd=23152  L=0.0077  D=0.323
[regir] 15:58:04  900,553/1,000,000  15.7/s  upd=23158  L=0.0095  D=0.323
[regir] 15:58:14  900,781/1,000,000  15.7/s  upd=23168  L=0.0167  D=0.323
[regir] 15:58:25  901,317/1,000,000  15.7/s  upd=23182  L=0.0152  D=0.323
[regir] 15:58:35  901,576/1,000,000  15.7/s  upd=23192  L=0.0136  D=0.323
[regir] 15:58:46  902,082/1,000,000  15.7/s  upd=23204  L=0.0127  D=0.323
[regir] 15:58:56  902,319/1,000,000  15.7/s  upd=23210  L=0.0174  D=0.323
[regir] 15:59:06  902,560/1,000,000  15.7/s  upd=23218  L=0.0139  D=0.323
[regir] 15:59:16  902,560/1,000,000  15.7/s  upd=23224  L=0.0134  D=0.323
[regir] 15:59:27  903,071/1,000,000  15.7/s  upd=23234  L=0.0164  D=0.323
[regir] 16:01:27  903,071/1,000,000  15.7/s  upd=23240  L=0.0292  D=0.323
[regir] 16:01:38  903,575/1,000,000  15.7/s  upd=23251  L=0.0128  D=0.323
[regir] 16:01:48  903,847/1,000,000  15.7/s  upd=23263  L=0.0097  D=0.323
[regir] 16:01:59  904,380/1,000,000  15.7/s  upd=23274  L=0.0080  D=0.323
[regir] 16:02:09  904,618/1,000,000  15.7/s  upd=23286  L=0.0125  D=0.323
[regir] 16:02:19  904,883/1,000,000  15.7/s  upd=23296  L=0.0158  D=0.323
[regir] 16:02:29  905,422/1,000,000  15.7/s  upd=23306  L=0.0123  D=0.323
[regir] 16:02:39  905,702/1,000,000  15.7/s  upd=23316  L=0.0180  D=0.323
[regir] 16:02:50  905,941/1,000,000  15.7/s  upd=23326  L=0.0058  D=0.323
[regir] 16:03:00  906,224/1,000,000  15.7/s  upd=23336  L=0.0080  D=0.323
[regir] 16:03:10  906,771/1,000,000  15.7/s  upd=23347  L=0.0190  D=0.323
[regir] 16:03:21  907,108/1,000,000  15.7/s  upd=23354  L=0.0091  D=0.323
[regir] 16:03:31  907,108/1,000,000  15.7/s  upd=23360  L=0.0110  D=0.323
[regir] 16:03:41  907,361/1,000,000  15.7/s  upd=23368  L=0.0129  D=0.323
[regir] 16:03:51  907,689/1,000,000  15.7/s  upd=23371  L=0.0099  D=0.323
[regir] 16:04:01  907,983/1,000,000  15.7/s  upd=23378  L=0.0235  D=0.323
[regir] 16:04:12  908,254/1,000,000  15.7/s  upd=23388  L=0.0165  D=0.323
[regir] 16:04:22  908,517/1,000,000  15.7/s  upd=23396  L=0.0115  D=0.323
[regir] 16:04:32  908,774/1,000,000  15.7/s  upd=23405  L=0.0135  D=0.323
[regir] 16:04:43  909,037/1,000,000  15.7/s  upd=23413  L=0.0071  D=0.323
[regir] saved resume t_env=909,037
[regir] 16:04:54  909,364/1,000,000  15.7/s  upd=23419  L=0.0083  D=0.323
[regir] 16:05:04  909,694/1,000,000  15.7/s  upd=23426  L=0.0128  D=0.323
[regir] 16:05:15  909,694/1,000,000  15.7/s  upd=23432  L=0.0146  D=0.323
[regir] 16:05:25  909,970/1,000,000  15.7/s  upd=23440  L=0.0113  D=0.323
[regir] 16:05:36  910,502/1,000,000  15.7/s  upd=23450  L=0.0132  D=0.323
[regir] 16:05:47  910,732/1,000,000  15.7/s  upd=23463  L=0.0092  D=0.323
[regir] 16:05:57  911,242/1,000,000  15.7/s  upd=23475  L=0.0143  D=0.323
[regir] 16:06:08  911,557/1,000,000  15.7/s  upd=23488  L=0.0166  D=0.323
[regir] 16:06:18  912,088/1,000,000  15.7/s  upd=23499  L=0.0076  D=0.323
[regir] 16:06:30  912,381/1,000,000  15.7/s  upd=23509  L=0.0156  D=0.323
[regir] 16:10:12  912,381/1,000,000  15.7/s  upd=23512  L=0.0124  D=0.323
[regir] 16:10:23  912,894/1,000,000  15.7/s  upd=23522  L=0.0198  D=0.323
[regir] 16:10:33  912,894/1,000,000  15.7/s  upd=23528  L=0.0101  D=0.323
[regir] 16:10:43  913,148/1,000,000  15.7/s  upd=23536  L=0.0117  D=0.323
[regir] 16:10:54  913,456/1,000,000  15.7/s  upd=23544  L=0.0144  D=0.323
[regir] 16:11:04  913,758/1,000,000  15.7/s  upd=23552  L=0.0104  D=0.323
[regir] 16:11:15  914,000/1,000,000  15.7/s  upd=23560  L=0.0196  D=0.323
[regir] 16:11:25  914,575/1,000,000  15.7/s  upd=23569  L=0.0102  D=0.323
[regir] 16:11:36  914,838/1,000,000  15.7/s  upd=23580  L=0.0177  D=0.323
[regir] 16:11:46  915,125/1,000,000  15.7/s  upd=23592  L=0.0153  D=0.323
[regir] 16:11:57  915,604/1,000,000  15.7/s  upd=23602  L=0.0129  D=0.323
[regir] 16:12:07  915,905/1,000,000  15.7/s  upd=23612  L=0.0237  D=0.323
[regir] 16:12:18  916,177/1,000,000  15.7/s  upd=23623  L=0.0152  D=0.323
[regir] 16:12:28  916,660/1,000,000  15.7/s  upd=23633  L=0.0126  D=0.323
[regir] 16:12:38  916,925/1,000,000  15.7/s  upd=23645  L=0.0122  D=0.323
[regir] 16:12:49  917,194/1,000,000  15.7/s  upd=23656  L=0.0163  D=0.323
[regir] 16:13:01  917,756/1,000,000  15.7/s  upd=23668  L=0.0163  D=0.323
[regir] 16:13:12  918,005/1,000,000  15.7/s  upd=23679  L=0.0145  D=0.323
[regir] 16:13:23  918,257/1,000,000  15.7/s  upd=23688  L=0.0121  D=0.323
[regir] 16:13:33  918,496/1,000,000  15.7/s  upd=23696  L=0.0157  D=0.323
[regir] 16:13:43  919,060/1,000,000  15.7/s  upd=23705  L=0.0206  D=0.323
[regir] 16:13:54  919,340/1,000,000  15.7/s  upd=23714  L=0.0096  D=0.323
[regir] 16:14:04  919,622/1,000,000  15.7/s  upd=23722  L=0.0171  D=0.323
[regir] 16:14:14  919,955/1,000,000  15.7/s  upd=23732  L=0.0157  D=0.323
[regir] 16:14:24  920,247/1,000,000  15.7/s  upd=23743  L=0.0102  D=0.323
[regir] saved resume t_env=920,247
[regir] 16:14:45  920,247/1,000,000  15.7/s  upd=23744  L=0.0085  ev=0/100  D=0.323
[regir] 16:14:55  920,247/1,000,000  15.7/s  upd=23744  L=0.0085  ev=76/100  D=0.323
[regir] 16:16:40  920,247/1,000,000  15.7/s  upd=23744  L=0.0085  D=0.350
[regir] 16:19:23  920,247/1,000,000  15.7/s  upd=23744  L=0.0085  D=0.350
[regir] 16:19:33  920,542/1,000,000  15.7/s  upd=23751  L=0.0102  D=0.350
[regir] 16:19:43  920,783/1,000,000  15.7/s  upd=23760  L=0.0138  D=0.350
[regir] 16:19:54  921,066/1,000,000  15.7/s  upd=23768  L=0.0207  D=0.350
[regir] 16:20:04  921,329/1,000,000  15.7/s  upd=23776  L=0.0085  D=0.350
[regir] 16:20:14  921,591/1,000,000  15.7/s  upd=23784  L=0.0160  D=0.350
[regir] 16:20:25  921,863/1,000,000  15.7/s  upd=23790  L=0.0104  D=0.350
[regir] 16:20:35  922,107/1,000,000  15.7/s  upd=23799  L=0.0184  D=0.350
[regir] 16:20:46  922,368/1,000,000  15.7/s  upd=23807  L=0.0140  D=0.350
[regir] 16:20:56  922,645/1,000,000  15.7/s  upd=23812  L=0.0108  D=0.350
[regir] 16:21:06  922,900/1,000,000  15.7/s  upd=23820  L=0.0123  D=0.350
[regir] 16:21:17  923,155/1,000,000  15.7/s  upd=23831  L=0.0323  D=0.350
[regir] 16:21:27  923,434/1,000,000  15.7/s  upd=23840  L=0.0099  D=0.350
[regir] 16:21:37  923,707/1,000,000  15.7/s  upd=23848  L=0.0185  D=0.350
[regir] 16:21:47  924,214/1,000,000  15.7/s  upd=23857  L=0.0174  D=0.350
[regir] 16:21:58  924,475/1,000,000  15.7/s  upd=23865  L=0.0162  D=0.350
[regir] 16:22:08  924,740/1,000,000  15.7/s  upd=23875  L=0.0094  D=0.350
[regir] 16:22:19  924,995/1,000,000  15.7/s  upd=23886  L=0.0095  D=0.350
[regir] 16:22:29  925,508/1,000,000  15.7/s  upd=23898  L=0.0369  D=0.350
[regir] 16:22:39  925,809/1,000,000  15.7/s  upd=23911  L=0.0118  D=0.350
[regir] 16:22:50  926,273/1,000,000  15.7/s  upd=23924  L=0.0104  D=0.350
[regir] 16:23:01  926,502/1,000,000  15.7/s  upd=23935  L=0.0108  D=0.350
[regir] 16:23:12  927,022/1,000,000  15.7/s  upd=23946  L=0.0134  D=0.350
[regir] 16:23:22  927,296/1,000,000  15.7/s  upd=23957  L=0.0163  D=0.350
[regir] 16:23:32  927,779/1,000,000  15.7/s  upd=23969  L=0.0110  D=0.350
[regir] 16:23:42  928,030/1,000,000  15.7/s  upd=23982  L=0.0094  D=0.350
[regir] 16:23:52  928,614/1,000,000  15.7/s  upd=23993  L=0.0101  D=0.350
[regir] 16:24:03  928,875/1,000,000  15.7/s  upd=24004  L=0.0094  D=0.350
[regir] 16:24:13  929,163/1,000,000  15.7/s  upd=24016  L=0.0147  D=0.350
[regir] 16:24:23  929,671/1,000,000  15.7/s  upd=24026  L=0.0119  D=0.350
[regir] saved resume t_env=929,671
[regir] 16:26:25  929,671/1,000,000  15.7/s  upd=24032  L=0.0095  D=0.350
[regir] 16:26:36  929,925/1,000,000  15.7/s  upd=24039  L=0.0172  D=0.350
[regir] 16:26:46  930,200/1,000,000  15.7/s  upd=24048  L=0.0137  D=0.350
[regir] 16:26:56  930,453/1,000,000  15.7/s  upd=24056  L=0.0121  D=0.350
[regir] 16:27:06  930,730/1,000,000  15.7/s  upd=24064  L=0.0109  D=0.350
[regir] 16:27:16  931,058/1,000,000  15.7/s  upd=24072  L=0.0113  D=0.350
[regir] 16:27:27  931,317/1,000,000  15.7/s  upd=24080  L=0.0084  D=0.350
[regir] 16:27:37  931,563/1,000,000  15.7/s  upd=24086  L=0.0155  D=0.350
[regir] 16:27:47  931,867/1,000,000  15.7/s  upd=24093  L=0.0103  D=0.350
[regir] 16:27:58  932,145/1,000,000  15.7/s  upd=24103  L=0.0098  D=0.350
[regir] 16:28:08  932,387/1,000,000  15.7/s  upd=24112  L=0.0135  D=0.350
[regir] 16:28:18  932,627/1,000,000  15.7/s  upd=24120  L=0.0093  D=0.350
[regir] 16:28:28  932,949/1,000,000  15.7/s  upd=24128  L=0.0168  D=0.350
[regir] 16:28:38  933,178/1,000,000  15.7/s  upd=24136  L=0.0102  D=0.350
[regir] 16:28:49  933,721/1,000,000  15.7/s  upd=24145  L=0.0111  D=0.350
[regir] 16:28:59  933,721/1,000,000  15.7/s  upd=24152  L=0.0310  D=0.350
[regir] 16:29:09  934,264/1,000,000  15.7/s  upd=24161  L=0.0118  D=0.350
[regir] 16:29:20  934,572/1,000,000  15.7/s  upd=24172  L=0.0164  D=0.350
[regir] 16:29:31  934,825/1,000,000  15.7/s  upd=24177  L=0.0134  D=0.350
[regir] 16:29:41  935,085/1,000,000  15.7/s  upd=24188  L=0.0226  D=0.350
[regir] 16:29:51  935,372/1,000,000  15.7/s  upd=24200  L=0.0119  D=0.350
[regir] 16:30:01  936,148/1,000,000  15.8/s  upd=24217  L=0.0151  D=0.350
[regir] 16:30:11  936,620/1,000,000  15.8/s  upd=24234  L=0.0172  D=0.350
[regir] 16:30:22  936,866/1,000,000  15.8/s  upd=24247  L=0.0198  D=0.350
[regir] 16:30:32  937,369/1,000,000  15.8/s  upd=24259  L=0.0122  D=0.350
[regir] 16:30:42  937,622/1,000,000  15.8/s  upd=24272  L=0.0138  D=0.350
[regir] 16:30:52  938,089/1,000,000  15.8/s  upd=24281  L=0.0149  D=0.350
[regir] 16:31:02  938,089/1,000,000  15.8/s  upd=24288  L=0.0146  D=0.350
[regir] 16:31:12  938,359/1,000,000  15.8/s  upd=24296  L=0.0136  D=0.350
[regir] 16:31:23  938,812/1,000,000  15.8/s  upd=24305  L=0.0117  D=0.350
[regir] 16:31:33  938,812/1,000,000  15.8/s  upd=24312  L=0.0094  D=0.350
[regir] 16:33:34  938,812/1,000,000  15.7/s  upd=24312  L=0.0094  D=0.350
[regir] 16:33:44  939,073/1,000,000  15.7/s  upd=24313  L=0.0130  D=0.350
[regir] 16:33:54  939,073/1,000,000  15.7/s  upd=24320  L=0.0136  D=0.350
[regir] 16:34:04  939,354/1,000,000  15.7/s  upd=24328  L=0.0273  D=0.350
[regir] 16:34:14  939,575/1,000,000  15.8/s  upd=24336  L=0.0089  D=0.350
[regir] 16:34:24  939,909/1,000,000  15.8/s  upd=24344  L=0.0100  D=0.350
[regir] saved resume t_env=940,133
[regir] 16:34:52  940,133/1,000,000  15.7/s  upd=24352  L=0.0097  ev=0/100  D=0.350
[regir] 16:35:02  940,133/1,000,000  15.7/s  upd=24352  L=0.0097  ev=25/100  D=0.350
[regir] 16:35:12  940,133/1,000,000  15.7/s  upd=24352  L=0.0097  ev=62/100  D=0.350
[regir] 16:35:22  940,133/1,000,000  15.7/s  upd=24352  L=0.0097  ev=88/100  D=0.350
[regir] 16:37:53  940,133/1,000,000  15.7/s  upd=24352  L=0.0097  D=0.250
[regir] 16:38:04  940,667/1,000,000  15.7/s  upd=24362  L=0.0105  D=0.250
[regir] 16:38:14  940,897/1,000,000  15.7/s  upd=24375  L=0.0138  D=0.250
[regir] 16:38:25  941,378/1,000,000  15.7/s  upd=24385  L=0.0102  D=0.250
[regir] 16:38:35  941,633/1,000,000  15.7/s  upd=24397  L=0.0156  D=0.250
[regir] 16:41:09  941,633/1,000,000  15.7/s  upd=24400  L=0.0156  D=0.250
[regir] 16:41:20  941,867/1,000,000  15.7/s  upd=24408  L=0.0074  D=0.250
[regir] 16:41:30  942,123/1,000,000  15.7/s  upd=24416  L=0.0171  D=0.250
[regir] 16:41:40  942,358/1,000,000  15.7/s  upd=24424  L=0.0111  D=0.250
[regir] 16:41:50  942,631/1,000,000  15.7/s  upd=24432  L=0.0162  D=0.250
[regir] 16:42:01  943,170/1,000,000  15.7/s  upd=24444  L=0.0139  D=0.250
[regir] 16:42:11  943,482/1,000,000  15.7/s  upd=24455  L=0.0171  D=0.250
[regir] 16:42:21  943,965/1,000,000  15.7/s  upd=24466  L=0.0114  D=0.250
[regir] 16:42:32  944,181/1,000,000  15.7/s  upd=24477  L=0.0150  D=0.250
[regir] 16:42:42  944,501/1,000,000  15.7/s  upd=24488  L=0.0077  D=0.250
[regir] 16:42:53  944,990/1,000,000  15.7/s  upd=24500  L=0.0101  D=0.250
[regir] 16:43:03  945,266/1,000,000  15.7/s  upd=24511  L=0.0117  D=0.250
[regir] 16:43:13  945,533/1,000,000  15.7/s  upd=24520  L=0.0094  D=0.250
[regir] 16:43:23  946,110/1,000,000  15.7/s  upd=24530  L=0.0215  D=0.250
[regir] 16:43:33  946,344/1,000,000  15.7/s  upd=24541  L=0.0120  D=0.250
[regir] 16:43:44  946,608/1,000,000  15.7/s  upd=24552  L=0.0097  D=0.250
[regir] 16:43:55  947,088/1,000,000  15.7/s  upd=24562  L=0.0124  D=0.250
[regir] 16:44:06  947,352/1,000,000  15.7/s  upd=24575  L=0.0109  D=0.250
[regir] 16:44:16  947,605/1,000,000  15.7/s  upd=24584  L=0.0166  D=0.250
[regir] 16:44:26  948,130/1,000,000  15.7/s  upd=24594  L=0.0164  D=0.250
[regir] 16:44:37  948,390/1,000,000  15.7/s  upd=24606  L=0.0209  D=0.250
[regir] saved resume t_env=948,390
[regir] 16:44:48  948,910/1,000,000  15.7/s  upd=24618  L=0.0084  D=0.250
[regir] 16:44:58  949,436/1,000,000  15.7/s  upd=24635  L=0.0121  D=0.250
[regir] 16:45:08  949,904/1,000,000  15.8/s  upd=24649  L=0.0142  D=0.250
[regir] 16:45:19  950,214/1,000,000  15.8/s  upd=24663  L=0.0136  D=0.250
[regir] 16:45:29  950,780/1,000,000  15.8/s  upd=24678  L=0.0141  D=0.250
[regir] 16:45:39  951,341/1,000,000  15.8/s  upd=24689  L=0.0236  D=0.250
[regir] 16:45:49  951,903/1,000,000  15.8/s  upd=24705  L=0.0093  D=0.250
[regir] 16:45:59  952,506/1,000,000  15.8/s  upd=24721  L=0.0150  D=0.250
[regir] 16:46:10  952,774/1,000,000  15.8/s  upd=24735  L=0.0150  D=0.250
[regir] 16:48:42  952,774/1,000,000  15.7/s  upd=24736  L=0.0148  D=0.250
[regir] 16:48:52  953,065/1,000,000  15.7/s  upd=24744  L=0.0146  D=0.250
[regir] 16:49:03  953,323/1,000,000  15.7/s  upd=24752  L=0.0095  D=0.250
[regir] 16:49:13  953,639/1,000,000  15.7/s  upd=24760  L=0.0096  D=0.250
[regir] 16:49:23  953,906/1,000,000  15.8/s  upd=24768  L=0.0106  D=0.250
[regir] 16:49:34  954,215/1,000,000  15.8/s  upd=24771  L=0.0150  D=0.250
[regir] 16:49:44  954,215/1,000,000  15.8/s  upd=24776  L=0.0078  D=0.250
[regir] 16:49:54  954,473/1,000,000  15.8/s  upd=24784  L=0.0126  D=0.250
[regir] 16:50:05  954,734/1,000,000  15.8/s  upd=24790  L=0.0220  D=0.250
[regir] 16:50:15  955,094/1,000,000  15.8/s  upd=24796  L=0.0166  D=0.250
[regir] 16:50:25  955,094/1,000,000  15.8/s  upd=24800  L=0.0121  D=0.250
[regir] 16:50:35  955,388/1,000,000  15.8/s  upd=24806  L=0.0114  D=0.250
[regir] 16:50:46  955,677/1,000,000  15.8/s  upd=24813  L=0.0101  D=0.250
[regir] 16:50:58  955,974/1,000,000  15.8/s  upd=24822  L=0.0102  D=0.250
[regir] 16:51:08  956,213/1,000,000  15.8/s  upd=24831  L=0.0214  D=0.250
[regir] 16:51:19  956,475/1,000,000  15.8/s  upd=24840  L=0.0141  D=0.250
[regir] 16:51:30  956,764/1,000,000  15.8/s  upd=24848  L=0.0136  D=0.250
[regir] 16:51:41  957,020/1,000,000  15.8/s  upd=24855  L=0.0117  D=0.250
[regir] 16:51:51  957,541/1,000,000  15.8/s  upd=24866  L=0.0074  D=0.250
[regir] 16:52:02  957,853/1,000,000  15.8/s  upd=24878  L=0.0235  D=0.250
[regir] 16:52:13  958,453/1,000,000  15.8/s  upd=24892  L=0.0108  D=0.250
[regir] 16:52:23  958,987/1,000,000  15.8/s  upd=24907  L=0.0171  D=0.250
[regir] 16:52:34  959,495/1,000,000  15.8/s  upd=24923  L=0.0136  D=0.250
[regir] 16:52:44  960,067/1,000,000  15.8/s  upd=24940  L=0.0119  D=0.250
[regir] saved resume t_env=960,067
[regir] 16:53:06  960,067/1,000,000  15.8/s  upd=24944  L=0.0147  ev=0/100  D=0.250
[regir] 16:53:16  960,067/1,000,000  15.8/s  upd=24944  L=0.0147  ev=59/100  D=0.250
[regir] 16:55:47  960,067/1,000,000  15.8/s  upd=24944  L=0.0147  D=0.865
[regir] 16:58:01  960,067/1,000,000  15.7/s  upd=24944  L=0.0147  D=0.865
[regir] 16:58:11  960,362/1,000,000  15.7/s  upd=24952  L=0.0121  D=0.865
[regir] 16:58:21  960,915/1,000,000  15.7/s  upd=24964  L=0.0153  D=0.865
[regir] 16:58:32  961,189/1,000,000  15.7/s  upd=24973  L=0.0132  D=0.865
[regir] 16:58:42  961,464/1,000,000  15.7/s  upd=24984  L=0.0083  D=0.865
[regir] 16:58:53  961,980/1,000,000  15.7/s  upd=24993  L=0.0111  D=0.865
[regir] 16:59:03  962,235/1,000,000  15.7/s  upd=25005  L=0.0228  D=0.865
[regir] 16:59:14  962,575/1,000,000  15.7/s  upd=25015  L=0.0084  D=0.865
[regir] 16:59:24  963,159/1,000,000  15.7/s  upd=25028  L=0.0102  D=0.865
[regir] 16:59:34  963,461/1,000,000  15.7/s  upd=25040  L=0.0161  D=0.865
[regir] 16:59:44  963,995/1,000,000  15.8/s  upd=25053  L=0.0139  D=0.865
[regir] 16:59:55  964,516/1,000,000  15.8/s  upd=25070  L=0.0098  D=0.865
[regir] 17:00:05  965,107/1,000,000  15.8/s  upd=25087  L=0.0079  D=0.865
[regir] 17:00:15  965,660/1,000,000  15.8/s  upd=25104  L=0.0122  D=0.865
[regir] 17:00:25  966,499/1,000,000  15.8/s  upd=25121  L=0.0134  D=0.865
[regir] 17:00:35  967,069/1,000,000  15.8/s  upd=25137  L=0.0151  D=0.865
[regir] 17:00:46  967,609/1,000,000  15.8/s  upd=25153  L=0.0064  D=0.865
[regir] 17:00:56  967,850/1,000,000  15.8/s  upd=25163  L=0.0231  D=0.865
[regir] 17:01:06  968,101/1,000,000  15.8/s  upd=25176  L=0.0100  D=0.865
[regir] 17:01:16  968,679/1,000,000  15.8/s  upd=25187  L=0.0090  D=0.865
[regir] 17:01:27  968,945/1,000,000  15.8/s  upd=25193  L=0.0125  D=0.865
[regir] 17:01:37  968,945/1,000,000  15.8/s  upd=25200  L=0.0112  D=0.865
[regir] 17:01:47  969,522/1,000,000  15.8/s  upd=25209  L=0.0144  D=0.865
[regir] 17:01:58  969,522/1,000,000  15.8/s  upd=25216  L=0.0187  D=0.865
[regir] 17:02:08  969,817/1,000,000  15.8/s  upd=25223  L=0.0105  D=0.865
[regir] 17:02:18  970,096/1,000,000  15.8/s  upd=25228  L=0.0101  D=0.865
[regir] 17:02:28  970,370/1,000,000  15.8/s  upd=25233  L=0.0151  D=0.865
[regir] 17:02:38  970,370/1,000,000  15.8/s  upd=25240  L=0.0123  D=0.865
[regir] 17:02:48  970,677/1,000,000  15.8/s  upd=25243  L=0.0084  D=0.865
[regir] saved resume t_env=970,677
[regir] 17:02:59  970,921/1,000,000  15.8/s  upd=25249  L=0.0148  D=0.865
[regir] 17:04:32  970,921/1,000,000  15.8/s  upd=25256  L=0.0161  D=0.865
[regir] 17:04:42  971,207/1,000,000  15.8/s  upd=25264  L=0.0097  D=0.865
[regir] 17:04:52  971,530/1,000,000  15.8/s  upd=25269  L=0.0136  D=0.865
[regir] 17:05:03  971,808/1,000,000  15.8/s  upd=25277  L=0.0124  D=0.865
[regir] 17:05:13  972,078/1,000,000  15.8/s  upd=25288  L=0.0100  D=0.865
[regir] 17:05:23  972,610/1,000,000  15.8/s  upd=25301  L=0.0129  D=0.865
[regir] 17:05:33  972,937/1,000,000  15.8/s  upd=25311  L=0.0081  D=0.865
[regir] 17:05:43  973,223/1,000,000  15.8/s  upd=25320  L=0.0196  D=0.865
[regir] 17:05:54  973,484/1,000,000  15.8/s  upd=25324  L=0.0129  D=0.865
[regir] 17:06:05  973,737/1,000,000  15.8/s  upd=25334  L=0.0118  D=0.865
[regir] 17:06:15  973,988/1,000,000  15.8/s  upd=25344  L=0.0174  D=0.865
[regir] 17:06:26  974,293/1,000,000  15.8/s  upd=25352  L=0.0069  D=0.865
[regir] 17:06:36  974,805/1,000,000  15.8/s  upd=25362  L=0.0084  D=0.865
[regir] 17:06:47  975,084/1,000,000  15.8/s  upd=25373  L=0.0434  D=0.865
[regir] 17:06:57  975,688/1,000,000  15.8/s  upd=25385  L=0.0111  D=0.865
[regir] 17:07:07  976,339/1,000,000  15.8/s  upd=25402  L=0.0156  D=0.865
[regir] 17:07:17  976,864/1,000,000  15.8/s  upd=25418  L=0.0138  D=0.865
[regir] 17:07:27  977,465/1,000,000  15.9/s  upd=25434  L=0.0116  D=0.865
[regir] 17:07:38  977,792/1,000,000  15.9/s  upd=25448  L=0.0059  D=0.865
[regir] 17:07:49  978,401/1,000,000  15.9/s  upd=25464  L=0.0186  D=0.865
[regir] 17:07:59  979,013/1,000,000  15.9/s  upd=25480  L=0.0151  D=0.865
[regir] 17:08:09  979,895/1,000,000  15.9/s  upd=25497  L=0.0120  D=0.865
[regir] 17:08:19  980,174/1,000,000  15.9/s  upd=25511  L=0.0101  D=0.865
[regir] saved resume t_env=980,174
[regir] 17:08:39  980,174/1,000,000  15.9/s  upd=25512  L=0.0078  ev=0/100  D=0.865
[regir] 17:08:49  980,174/1,000,000  15.9/s  upd=25512  L=0.0078  ev=56/100  D=0.865
[regir] 17:08:59  980,174/1,000,000  15.9/s  upd=25512  L=0.0078  ev=96/100  D=0.865
[regir] 17:11:42  980,174/1,000,000  15.8/s  upd=25512  L=0.0078  D=0.286
[regir] 17:14:56  980,174/1,000,000  15.8/s  upd=25512  L=0.0078  D=0.286
[regir] 17:15:07  980,711/1,000,000  15.8/s  upd=25522  L=0.0085  D=0.286
[regir] 17:15:18  981,013/1,000,000  15.8/s  upd=25534  L=0.0108  D=0.286
[regir] 17:15:29  981,602/1,000,000  15.8/s  upd=25551  L=0.0076  D=0.286
[regir] 17:15:39  982,192/1,000,000  15.8/s  upd=25567  L=0.0132  D=0.286
[regir] 17:15:49  982,819/1,000,000  15.8/s  upd=25584  L=0.0071  D=0.286
[regir] 17:16:01  983,398/1,000,000  15.8/s  upd=25597  L=0.0121  D=0.286
[regir] 17:16:11  984,009/1,000,000  15.8/s  upd=25611  L=0.0127  D=0.286
[regir] 17:16:21  984,653/1,000,000  15.8/s  upd=25626  L=0.0089  D=0.286
[regir] 17:16:31  985,342/1,000,000  15.8/s  upd=25641  L=0.0100  D=0.286
[regir] 17:16:42  985,606/1,000,000  15.8/s  upd=25654  L=0.0137  D=0.286
[regir] 17:16:52  985,926/1,000,000  15.8/s  upd=25664  L=0.0067  D=0.286
[regir] 17:17:03  986,536/1,000,000  15.9/s  upd=25673  L=0.0117  D=0.286
[regir] 17:17:13  986,860/1,000,000  15.9/s  upd=25682  L=0.0100  D=0.286
[regir] 17:17:24  987,133/1,000,000  15.9/s  upd=25689  L=0.0058  D=0.286
[regir] 17:17:34  987,415/1,000,000  15.9/s  upd=25697  L=0.0061  D=0.286
[regir] 17:17:44  987,415/1,000,000  15.9/s  upd=25704  L=0.0101  D=0.286
[regir] 17:17:54  987,712/1,000,000  15.9/s  upd=25712  L=0.0096  D=0.286
[regir] 17:18:04  988,018/1,000,000  15.9/s  upd=25720  L=0.0067  D=0.286
[regir] 17:18:14  988,367/1,000,000  15.9/s  upd=25725  L=0.0109  D=0.286
[regir] 17:18:25  988,676/1,000,000  15.9/s  upd=25733  L=0.0090  D=0.286
[regir] saved resume t_env=988,676
[regir] 17:18:35  988,676/1,000,000  15.9/s  upd=25736  L=0.0057  D=0.286
[regir] 17:18:46  989,067/1,000,000  15.9/s  upd=25744  L=0.0084  D=0.286
[regir] 17:18:56  989,357/1,000,000  15.9/s  upd=25752  L=0.0099  D=0.286
[regir] 17:19:06  989,685/1,000,000  15.9/s  upd=25755  L=0.0104  D=0.286
[regir] 17:19:16  989,685/1,000,000  15.9/s  upd=25760  L=0.0083  D=0.286
[regir] 17:19:26  989,968/1,000,000  15.9/s  upd=25768  L=0.0097  D=0.286
[regir] 17:19:36  990,277/1,000,000  15.9/s  upd=25774  L=0.0070  D=0.286
[regir] 17:19:46  990,582/1,000,000  15.9/s  upd=25779  L=0.0068  D=0.286
[regir] 17:19:57  990,863/1,000,000  15.9/s  upd=25789  L=0.0095  D=0.286
[regir] 17:21:32  990,863/1,000,000  15.9/s  upd=25792  L=0.0163  D=0.286
[regir] 17:21:42  991,137/1,000,000  15.9/s  upd=25800  L=0.0085  D=0.286
[regir] 17:21:53  991,435/1,000,000  15.9/s  upd=25808  L=0.0132  D=0.286
[regir] 17:22:03  991,705/1,000,000  15.9/s  upd=25815  L=0.0153  D=0.286
[regir] 17:22:13  991,993/1,000,000  15.9/s  upd=25820  L=0.0081  D=0.286
[regir] 17:22:23  992,239/1,000,000  15.9/s  upd=25831  L=0.0077  D=0.286
[regir] 17:22:34  992,775/1,000,000  15.9/s  upd=25842  L=0.0111  D=0.286
[regir] 17:22:44  993,041/1,000,000  15.9/s  upd=25852  L=0.0080  D=0.286
[regir] 17:22:54  993,362/1,000,000  15.9/s  upd=25863  L=0.0200  D=0.286
[regir] 17:23:04  993,951/1,000,000  15.9/s  upd=25873  L=0.0087  D=0.286
[regir] 17:23:15  994,232/1,000,000  15.9/s  upd=25884  L=0.0134  D=0.286
[regir] 17:23:25  994,876/1,000,000  15.9/s  upd=25898  L=0.0094  D=0.286
[regir] 17:23:35  995,455/1,000,000  15.9/s  upd=25914  L=0.0152  D=0.286
[regir] 17:23:45  995,747/1,000,000  15.9/s  upd=25928  L=0.0109  D=0.286
[regir] 17:23:56  996,302/1,000,000  15.9/s  upd=25944  L=0.0079  D=0.286
[regir] 17:24:06  996,944/1,000,000  15.9/s  upd=25956  L=0.0155  D=0.286
[regir] 17:24:17  997,214/1,000,000  15.9/s  upd=25968  L=0.0093  D=0.286
[regir] 17:24:28  997,792/1,000,000  15.9/s  upd=25977  L=0.0144  D=0.286
[regir] 17:24:38  997,792/1,000,000  15.9/s  upd=25984  L=0.0148  D=0.286
[regir] 17:24:49  998,069/1,000,000  15.9/s  upd=25992  L=0.0110  D=0.286
[regir] 17:24:59  998,351/1,000,000  15.9/s  upd=25998  L=0.0123  D=0.286
[regir] 17:25:10  998,626/1,000,000  15.9/s  upd=26006  L=0.0237  D=0.286
[regir] 17:25:20  998,944/1,000,000  15.9/s  upd=26015  L=0.0157  D=0.286
[regir] 17:25:32  999,219/1,000,000  15.9/s  upd=26021  L=0.0079  D=0.286
[regir] 17:25:43  999,517/1,000,000  15.9/s  upd=26028  L=0.0128  D=0.286
[regir] 17:25:55  999,851/1,000,000  15.9/s  upd=26033  L=0.0136  D=0.286
[regir] 17:26:05  1,000,000/1,000,000  15.9/s  upd=26042  L=0.0116  D=0.286
[regir] saved resume t_env=1,000,000
[regir] 17:26:29  1,000,000/1,000,000  15.9/s  upd=26048  L=0.0221  ev=0/100  D=0.286
[regir] 17:26:39  1,000,000/1,000,000  15.9/s  upd=26048  L=0.0221  ev=20/100  D=0.286
[regir] 17:26:50  1,000,000/1,000,000  15.9/s  upd=26048  L=0.0221  ev=40/100  D=0.286
[regir] 17:27:00  1,000,000/1,000,000  15.9/s  upd=26048  L=0.0221  ev=63/100  D=0.286
[regir] 17:27:10  1,000,000/1,000,000  15.9/s  upd=26048  L=0.0221  ev=88/100  D=0.286
[regir] 17:30:00  1,000,000/1,000,000  15.9/s  upd=26048  L=0.0221  D=0.682
[regir] saved resume t_env=1,000,000
