method,seed,control,label,feature,round,split,config,n,r2,alpha
regir_kv0_sg,0,trained,threat,h_mean,0,id_train,10v10_K2,363,0.5084192596632882,100.0
regir_kv0_sg,0,trained,threat,h_mean,0,id_train,10v10_K3,363,0.4616434745193916,100.0
regir_kv0_sg,0,trained,threat,h_mean,0,id_val,10v10_K2,188,-0.26642769355417184,100.0
regir_kv0_sg,0,trained,threat,h_mean,0,id_val,10v10_K3,183,0.274870497789101,100.0
regir_kv0_sg,0,trained,threat,h_mean,0,id_test,10v10_K2,183,0.13791758069089377,100.0
regir_kv0_sg,0,trained,threat,h_mean,0,id_test,10v10_K3,176,0.25361843489438307,100.0
regir_kv0_sg,0,trained,threat,h_mean,0,ood_explore,30v30_K12,386,0.3257317301430891,100.0
regir_kv0_sg,0,trained,threat,h_mean,0,ood_explore,30v30_K2,386,0.41351895377050374,100.0
regir_kv0_sg,0,trained,threat,h_mean,0,ood_explore,50v50_K2,381,0.38397722352113606,100.0
regir_kv0_sg,0,trained,threat,h_mean,0,ood_confirm,30v30_K12,378,0.46097193632210387,100.0
regir_kv0_sg,0,trained,threat,h_mean,0,ood_confirm,30v30_K2,384,0.3701776512613095,100.0
regir_kv0_sg,0,trained,threat,h_mean,0,ood_confirm,50v50_K2,396,0.19006728062008293,100.0
regir_kv0_sg,0,trained,threat,h_mean,1,id_train,10v10_K2,363,0.5700451550812766,100.0
regir_kv0_sg,0,trained,threat,h_mean,1,id_train,10v10_K3,363,0.5250011220183813,100.0
regir_kv0_sg,0,trained,threat,h_mean,1,id_val,10v10_K2,188,-0.23772921977270078,100.0
regir_kv0_sg,0,trained,threat,h_mean,1,id_val,10v10_K3,183,0.39594130162084384,100.0
regir_kv0_sg,0,trained,threat,h_mean,1,id_test,10v10_K2,183,0.0010944135147439304,100.0
regir_kv0_sg,0,trained,threat,h_mean,1,id_test,10v10_K3,176,0.4201930019591992,100.0
regir_kv0_sg,0,trained,threat,h_mean,1,ood_explore,30v30_K12,386,0.512856301718007,100.0
regir_kv0_sg,0,trained,threat,h_mean,1,ood_explore,30v30_K2,386,0.49445113082277703,100.0
regir_kv0_sg,0,trained,threat,h_mean,1,ood_explore,50v50_K2,381,0.4589537277353575,100.0
regir_kv0_sg,0,trained,threat,h_mean,1,ood_confirm,30v30_K12,378,0.671594887423381,100.0
regir_kv0_sg,0,trained,threat,h_mean,1,ood_confirm,30v30_K2,384,0.45221806400238274,100.0
regir_kv0_sg,0,trained,threat,h_mean,1,ood_confirm,50v50_K2,396,0.35846514070774305,100.0
regir_kv0_sg,0,trained,threat,h_mean,2,id_train,10v10_K2,363,0.5519871873079178,100.0
regir_kv0_sg,0,trained,threat,h_mean,2,id_train,10v10_K3,363,0.4834872109727686,100.0
regir_kv0_sg,0,trained,threat,h_mean,2,id_val,10v10_K2,188,-0.16161111601576628,100.0
regir_kv0_sg,0,trained,threat,h_mean,2,id_val,10v10_K3,183,0.37952326252832613,100.0
regir_kv0_sg,0,trained,threat,h_mean,2,id_test,10v10_K2,183,0.018769282799759424,100.0
regir_kv0_sg,0,trained,threat,h_mean,2,id_test,10v10_K3,176,0.4608527925768259,100.0
regir_kv0_sg,0,trained,threat,h_mean,2,ood_explore,30v30_K12,386,0.5057829089317103,100.0
regir_kv0_sg,0,trained,threat,h_mean,2,ood_explore,30v30_K2,386,0.5053421597351173,100.0
regir_kv0_sg,0,trained,threat,h_mean,2,ood_explore,50v50_K2,381,0.4687319421679842,100.0
regir_kv0_sg,0,trained,threat,h_mean,2,ood_confirm,30v30_K12,378,0.6039983194015014,100.0
regir_kv0_sg,0,trained,threat,h_mean,2,ood_confirm,30v30_K2,384,0.4991549205115716,100.0
regir_kv0_sg,0,trained,threat,h_mean,2,ood_confirm,50v50_K2,396,0.357793708980097,100.0
regir_kv0_sg,0,trained,threat,h_mean,3,id_train,10v10_K2,363,0.5285104683887332,100.0
regir_kv0_sg,0,trained,threat,h_mean,3,id_train,10v10_K3,363,0.47570331193325055,100.0
regir_kv0_sg,0,trained,threat,h_mean,3,id_val,10v10_K2,188,-0.2609102103365426,100.0
regir_kv0_sg,0,trained,threat,h_mean,3,id_val,10v10_K3,183,0.35822789334492255,100.0
regir_kv0_sg,0,trained,threat,h_mean,3,id_test,10v10_K2,183,-0.010505727811902732,100.0
regir_kv0_sg,0,trained,threat,h_mean,3,id_test,10v10_K3,176,0.4545598341646795,100.0
regir_kv0_sg,0,trained,threat,h_mean,3,ood_explore,30v30_K12,386,0.47913871196590085,100.0
regir_kv0_sg,0,trained,threat,h_mean,3,ood_explore,30v30_K2,386,0.5008052693380531,100.0
regir_kv0_sg,0,trained,threat,h_mean,3,ood_explore,50v50_K2,381,0.46919995388534363,100.0
regir_kv0_sg,0,trained,threat,h_mean,3,ood_confirm,30v30_K12,378,0.5734115937848098,100.0
regir_kv0_sg,0,trained,threat,h_mean,3,ood_confirm,30v30_K2,384,0.49157258541654747,100.0
regir_kv0_sg,0,trained,threat,h_mean,3,ood_confirm,50v50_K2,396,0.34062087431589083,100.0
regir_kv0_sg,0,trained,threat,h_mean,4,id_train,10v10_K2,363,0.5172951042993799,100.0
regir_kv0_sg,0,trained,threat,h_mean,4,id_train,10v10_K3,363,0.47442249882765464,100.0
regir_kv0_sg,0,trained,threat,h_mean,4,id_val,10v10_K2,188,-0.34470677215188705,100.0
regir_kv0_sg,0,trained,threat,h_mean,4,id_val,10v10_K3,183,0.3422113586806633,100.0
regir_kv0_sg,0,trained,threat,h_mean,4,id_test,10v10_K2,183,-0.05436148984054934,100.0
regir_kv0_sg,0,trained,threat,h_mean,4,id_test,10v10_K3,176,0.4361760403399608,100.0
regir_kv0_sg,0,trained,threat,h_mean,4,ood_explore,30v30_K12,386,0.4652039199434991,100.0
regir_kv0_sg,0,trained,threat,h_mean,4,ood_explore,30v30_K2,386,0.492420851648109,100.0
regir_kv0_sg,0,trained,threat,h_mean,4,ood_explore,50v50_K2,381,0.4542457366069027,100.0
regir_kv0_sg,0,trained,threat,h_mean,4,ood_confirm,30v30_K12,378,0.561233122400356,100.0
regir_kv0_sg,0,trained,threat,h_mean,4,ood_confirm,30v30_K2,384,0.47297034490014767,100.0
regir_kv0_sg,0,trained,threat,h_mean,4,ood_confirm,50v50_K2,396,0.3200023584340901,100.0
regir_kv0_sg,0,trained,unmarked_frac,h_mean,0,id_train,10v10_K2,363,0.4651371538388618,1.0
regir_kv0_sg,0,trained,unmarked_frac,h_mean,0,id_train,10v10_K3,363,0.4316907782700482,1.0
regir_kv0_sg,0,trained,unmarked_frac,h_mean,0,id_val,10v10_K2,188,0.17214620990940754,1.0
regir_kv0_sg,0,trained,unmarked_frac,h_mean,0,id_val,10v10_K3,183,0.46875009287438807,1.0
regir_kv0_sg,0,trained,unmarked_frac,h_mean,0,id_test,10v10_K2,183,0.4161078847350945,1.0
regir_kv0_sg,0,trained,unmarked_frac,h_mean,0,id_test,10v10_K3,176,0.3505018411904005,1.0
regir_kv0_sg,0,trained,unmarked_frac,h_mean,0,ood_explore,30v30_K12,386,-0.04464930217150642,1.0
regir_kv0_sg,0,trained,unmarked_frac,h_mean,0,ood_explore,30v30_K2,386,-0.021327467618702523,1.0
regir_kv0_sg,0,trained,unmarked_frac,h_mean,0,ood_explore,50v50_K2,381,-0.029090175451646605,1.0
regir_kv0_sg,0,trained,unmarked_frac,h_mean,0,ood_confirm,30v30_K12,378,0.18083433896623025,1.0
regir_kv0_sg,0,trained,unmarked_frac,h_mean,0,ood_confirm,30v30_K2,384,0.22712440522892519,1.0
regir_kv0_sg,0,trained,unmarked_frac,h_mean,0,ood_confirm,50v50_K2,396,0.00509058483550584,1.0
regir_kv0_sg,0,trained,unmarked_frac,h_mean,1,id_train,10v10_K2,363,0.4514248691927184,1.0
regir_kv0_sg,0,trained,unmarked_frac,h_mean,1,id_train,10v10_K3,363,0.46109819736507507,1.0
regir_kv0_sg,0,trained,unmarked_frac,h_mean,1,id_val,10v10_K2,188,0.2797803590672199,1.0
regir_kv0_sg,0,trained,unmarked_frac,h_mean,1,id_val,10v10_K3,183,0.4270424677769725,1.0
regir_kv0_sg,0,trained,unmarked_frac,h_mean,1,id_test,10v10_K2,183,0.49598581050809887,1.0
regir_kv0_sg,0,trained,unmarked_frac,h_mean,1,id_test,10v10_K3,176,0.31263045435226844,1.0
regir_kv0_sg,0,trained,unmarked_frac,h_mean,1,ood_explore,30v30_K12,386,0.057775164744987895,1.0
regir_kv0_sg,0,trained,unmarked_frac,h_mean,1,ood_explore,30v30_K2,386,0.05864116131443187,1.0
regir_kv0_sg,0,trained,unmarked_frac,h_mean,1,ood_explore,50v50_K2,381,-0.1049891490027306,1.0
regir_kv0_sg,0,trained,unmarked_frac,h_mean,1,ood_confirm,30v30_K12,378,0.172778185944093,1.0
regir_kv0_sg,0,trained,unmarked_frac,h_mean,1,ood_confirm,30v30_K2,384,0.23078222497541856,1.0
regir_kv0_sg,0,trained,unmarked_frac,h_mean,1,ood_confirm,50v50_K2,396,0.055279360113177245,1.0
regir_kv0_sg,0,trained,unmarked_frac,h_mean,2,id_train,10v10_K2,363,0.43887024026046795,1.0
regir_kv0_sg,0,trained,unmarked_frac,h_mean,2,id_train,10v10_K3,363,0.4540194817513491,1.0
regir_kv0_sg,0,trained,unmarked_frac,h_mean,2,id_val,10v10_K2,188,0.26737368992784627,1.0
regir_kv0_sg,0,trained,unmarked_frac,h_mean,2,id_val,10v10_K3,183,0.42163178581940564,1.0
regir_kv0_sg,0,trained,unmarked_frac,h_mean,2,id_test,10v10_K2,183,0.4425323684651492,1.0
regir_kv0_sg,0,trained,unmarked_frac,h_mean,2,id_test,10v10_K3,176,0.30033198493896696,1.0
regir_kv0_sg,0,trained,unmarked_frac,h_mean,2,ood_explore,30v30_K12,386,0.19268097518547744,1.0
regir_kv0_sg,0,trained,unmarked_frac,h_mean,2,ood_explore,30v30_K2,386,0.16252282041160104,1.0
regir_kv0_sg,0,trained,unmarked_frac,h_mean,2,ood_explore,50v50_K2,381,0.10952258598195441,1.0
regir_kv0_sg,0,trained,unmarked_frac,h_mean,2,ood_confirm,30v30_K12,378,0.27509461762254983,1.0
regir_kv0_sg,0,trained,unmarked_frac,h_mean,2,ood_confirm,30v30_K2,384,0.2262237424011806,1.0
regir_kv0_sg,0,trained,unmarked_frac,h_mean,2,ood_confirm,50v50_K2,396,0.1485654029542509,1.0
regir_kv0_sg,0,trained,unmarked_frac,h_mean,3,id_train,10v10_K2,363,0.4486256098698397,1.0
regir_kv0_sg,0,trained,unmarked_frac,h_mean,3,id_train,10v10_K3,363,0.449685522275146,1.0
regir_kv0_sg,0,trained,unmarked_frac,h_mean,3,id_val,10v10_K2,188,0.21859538932400058,1.0
regir_kv0_sg,0,trained,unmarked_frac,h_mean,3,id_val,10v10_K3,183,0.39943476276087586,1.0
regir_kv0_sg,0,trained,unmarked_frac,h_mean,3,id_test,10v10_K2,183,0.40666119803433476,1.0
regir_kv0_sg,0,trained,unmarked_frac,h_mean,3,id_test,10v10_K3,176,0.2952050017522355,1.0
regir_kv0_sg,0,trained,unmarked_frac,h_mean,3,ood_explore,30v30_K12,386,0.19781123267086576,1.0
regir_kv0_sg,0,trained,unmarked_frac,h_mean,3,ood_explore,30v30_K2,386,0.13108254796662433,1.0
regir_kv0_sg,0,trained,unmarked_frac,h_mean,3,ood_explore,50v50_K2,381,0.145556913184419,1.0
regir_kv0_sg,0,trained,unmarked_frac,h_mean,3,ood_confirm,30v30_K12,378,0.2802505991652503,1.0
regir_kv0_sg,0,trained,unmarked_frac,h_mean,3,ood_confirm,30v30_K2,384,0.1943008895993783,1.0
regir_kv0_sg,0,trained,unmarked_frac,h_mean,3,ood_confirm,50v50_K2,396,0.13779183729662436,1.0
regir_kv0_sg,0,trained,unmarked_frac,h_mean,4,id_train,10v10_K2,363,0.4558796696345483,1.0
regir_kv0_sg,0,trained,unmarked_frac,h_mean,4,id_train,10v10_K3,363,0.44254978794650246,1.0
regir_kv0_sg,0,trained,unmarked_frac,h_mean,4,id_val,10v10_K2,188,0.20336134202799672,1.0
regir_kv0_sg,0,trained,unmarked_frac,h_mean,4,id_val,10v10_K3,183,0.3904847149675291,1.0
regir_kv0_sg,0,trained,unmarked_frac,h_mean,4,id_test,10v10_K2,183,0.38807472117029185,1.0
regir_kv0_sg,0,trained,unmarked_frac,h_mean,4,id_test,10v10_K3,176,0.3002292047200309,1.0
regir_kv0_sg,0,trained,unmarked_frac,h_mean,4,ood_explore,30v30_K12,386,0.14174998238552416,1.0
regir_kv0_sg,0,trained,unmarked_frac,h_mean,4,ood_explore,30v30_K2,386,0.10524037741369052,1.0
regir_kv0_sg,0,trained,unmarked_frac,h_mean,4,ood_explore,50v50_K2,381,0.16676460247581482,1.0
regir_kv0_sg,0,trained,unmarked_frac,h_mean,4,ood_confirm,30v30_K12,378,0.23997592573703486,1.0
regir_kv0_sg,0,trained,unmarked_frac,h_mean,4,ood_confirm,30v30_K2,384,0.19370696800385867,1.0
regir_kv0_sg,0,trained,unmarked_frac,h_mean,4,ood_confirm,50v50_K2,396,0.13969437776894056,1.0
regir_kv0_sg,0,trained,centroid_gap,h_mean,0,id_train,10v10_K2,363,0.9111464030146473,1.0
regir_kv0_sg,0,trained,centroid_gap,h_mean,0,id_train,10v10_K3,363,0.898058263731341,1.0
regir_kv0_sg,0,trained,centroid_gap,h_mean,0,id_val,10v10_K2,188,0.9345204124773896,1.0
regir_kv0_sg,0,trained,centroid_gap,h_mean,0,id_val,10v10_K3,183,0.8787087914646035,1.0
regir_kv0_sg,0,trained,centroid_gap,h_mean,0,id_test,10v10_K2,183,0.8977707015106052,1.0
regir_kv0_sg,0,trained,centroid_gap,h_mean,0,id_test,10v10_K3,176,0.8864035041235359,1.0
regir_kv0_sg,0,trained,centroid_gap,h_mean,0,ood_explore,30v30_K12,386,0.7900917518919327,1.0
regir_kv0_sg,0,trained,centroid_gap,h_mean,0,ood_explore,30v30_K2,386,0.8857482511728914,1.0
regir_kv0_sg,0,trained,centroid_gap,h_mean,0,ood_explore,50v50_K2,381,0.8384856901580127,1.0
regir_kv0_sg,0,trained,centroid_gap,h_mean,0,ood_confirm,30v30_K12,378,0.7878054323438556,1.0
regir_kv0_sg,0,trained,centroid_gap,h_mean,0,ood_confirm,30v30_K2,384,0.8034579082064595,1.0
regir_kv0_sg,0,trained,centroid_gap,h_mean,0,ood_confirm,50v50_K2,396,0.7338772437342185,1.0
regir_kv0_sg,0,trained,centroid_gap,h_mean,1,id_train,10v10_K2,363,0.9146373219750856,1.0
regir_kv0_sg,0,trained,centroid_gap,h_mean,1,id_train,10v10_K3,363,0.9117007918797133,1.0
regir_kv0_sg,0,trained,centroid_gap,h_mean,1,id_val,10v10_K2,188,0.8997450630743995,1.0
regir_kv0_sg,0,trained,centroid_gap,h_mean,1,id_val,10v10_K3,183,0.8743912718384663,1.0
regir_kv0_sg,0,trained,centroid_gap,h_mean,1,id_test,10v10_K2,183,0.8719625775159635,1.0
regir_kv0_sg,0,trained,centroid_gap,h_mean,1,id_test,10v10_K3,176,0.8813827367904962,1.0
regir_kv0_sg,0,trained,centroid_gap,h_mean,1,ood_explore,30v30_K12,386,0.8624039763452431,1.0
regir_kv0_sg,0,trained,centroid_gap,h_mean,1,ood_explore,30v30_K2,386,0.8711112333675288,1.0
regir_kv0_sg,0,trained,centroid_gap,h_mean,1,ood_explore,50v50_K2,381,0.8019669008248189,1.0
regir_kv0_sg,0,trained,centroid_gap,h_mean,1,ood_confirm,30v30_K12,378,0.8629339501357693,1.0
regir_kv0_sg,0,trained,centroid_gap,h_mean,1,ood_confirm,30v30_K2,384,0.8241868279603528,1.0
regir_kv0_sg,0,trained,centroid_gap,h_mean,1,ood_confirm,50v50_K2,396,0.7732992321585942,1.0
regir_kv0_sg,0,trained,centroid_gap,h_mean,2,id_train,10v10_K2,363,0.9053421576248497,1.0
regir_kv0_sg,0,trained,centroid_gap,h_mean,2,id_train,10v10_K3,363,0.9098893052243451,1.0
regir_kv0_sg,0,trained,centroid_gap,h_mean,2,id_val,10v10_K2,188,0.9005774646005023,1.0
regir_kv0_sg,0,trained,centroid_gap,h_mean,2,id_val,10v10_K3,183,0.8756202886775649,1.0
regir_kv0_sg,0,trained,centroid_gap,h_mean,2,id_test,10v10_K2,183,0.8583529070866583,1.0
regir_kv0_sg,0,trained,centroid_gap,h_mean,2,id_test,10v10_K3,176,0.8732350642224378,1.0
regir_kv0_sg,0,trained,centroid_gap,h_mean,2,ood_explore,30v30_K12,386,0.8521631797355704,1.0
regir_kv0_sg,0,trained,centroid_gap,h_mean,2,ood_explore,30v30_K2,386,0.8656395076542345,1.0
regir_kv0_sg,0,trained,centroid_gap,h_mean,2,ood_explore,50v50_K2,381,0.7847021327171274,1.0
regir_kv0_sg,0,trained,centroid_gap,h_mean,2,ood_confirm,30v30_K12,378,0.8498998875068711,1.0
regir_kv0_sg,0,trained,centroid_gap,h_mean,2,ood_confirm,30v30_K2,384,0.816100234184156,1.0
regir_kv0_sg,0,trained,centroid_gap,h_mean,2,ood_confirm,50v50_K2,396,0.7280593257664878,1.0
regir_kv0_sg,0,trained,centroid_gap,h_mean,3,id_train,10v10_K2,363,0.9086415159299843,1.0
regir_kv0_sg,0,trained,centroid_gap,h_mean,3,id_train,10v10_K3,363,0.9081113374744779,1.0
regir_kv0_sg,0,trained,centroid_gap,h_mean,3,id_val,10v10_K2,188,0.8911268391181812,1.0
regir_kv0_sg,0,trained,centroid_gap,h_mean,3,id_val,10v10_K3,183,0.872341812044922,1.0
regir_kv0_sg,0,trained,centroid_gap,h_mean,3,id_test,10v10_K2,183,0.8692319619607305,1.0
regir_kv0_sg,0,trained,centroid_gap,h_mean,3,id_test,10v10_K3,176,0.8683507333564305,1.0
regir_kv0_sg,0,trained,centroid_gap,h_mean,3,ood_explore,30v30_K12,386,0.8542245450383117,1.0
regir_kv0_sg,0,trained,centroid_gap,h_mean,3,ood_explore,30v30_K2,386,0.8781465616793803,1.0
regir_kv0_sg,0,trained,centroid_gap,h_mean,3,ood_explore,50v50_K2,381,0.8121043003574612,1.0
regir_kv0_sg,0,trained,centroid_gap,h_mean,3,ood_confirm,30v30_K12,378,0.8432293470737806,1.0
regir_kv0_sg,0,trained,centroid_gap,h_mean,3,ood_confirm,30v30_K2,384,0.8333018010131077,1.0
regir_kv0_sg,0,trained,centroid_gap,h_mean,3,ood_confirm,50v50_K2,396,0.766063811150604,1.0
regir_kv0_sg,0,trained,centroid_gap,h_mean,4,id_train,10v10_K2,363,0.908959869641219,1.0
regir_kv0_sg,0,trained,centroid_gap,h_mean,4,id_train,10v10_K3,363,0.9082858625158743,1.0
regir_kv0_sg,0,trained,centroid_gap,h_mean,4,id_val,10v10_K2,188,0.8840861150686095,1.0
regir_kv0_sg,0,trained,centroid_gap,h_mean,4,id_val,10v10_K3,183,0.873058330428201,1.0
regir_kv0_sg,0,trained,centroid_gap,h_mean,4,id_test,10v10_K2,183,0.8733107130406885,1.0
regir_kv0_sg,0,trained,centroid_gap,h_mean,4,id_test,10v10_K3,176,0.8695173598601539,1.0
regir_kv0_sg,0,trained,centroid_gap,h_mean,4,ood_explore,30v30_K12,386,0.8526141977877254,1.0
regir_kv0_sg,0,trained,centroid_gap,h_mean,4,ood_explore,30v30_K2,386,0.8862071890652771,1.0
regir_kv0_sg,0,trained,centroid_gap,h_mean,4,ood_explore,50v50_K2,381,0.8359238210323373,1.0
regir_kv0_sg,0,trained,centroid_gap,h_mean,4,ood_confirm,30v30_K12,378,0.8414525430552022,1.0
regir_kv0_sg,0,trained,centroid_gap,h_mean,4,ood_confirm,30v30_K2,384,0.8507874100032699,1.0
regir_kv0_sg,0,trained,centroid_gap,h_mean,4,ood_confirm,50v50_K2,396,0.7991752325062034,1.0
regir_kv0_sg,0,trained,nearest_target_distance,h_mean,0,id_train,10v10_K2,363,0.8496654770432772,0.1
regir_kv0_sg,0,trained,nearest_target_distance,h_mean,0,id_train,10v10_K3,363,0.8771160008108705,0.1
regir_kv0_sg,0,trained,nearest_target_distance,h_mean,0,id_val,10v10_K2,188,0.818381500288349,0.1
regir_kv0_sg,0,trained,nearest_target_distance,h_mean,0,id_val,10v10_K3,183,0.8463643162967733,0.1
regir_kv0_sg,0,trained,nearest_target_distance,h_mean,0,id_test,10v10_K2,183,0.83127177160316,0.1
regir_kv0_sg,0,trained,nearest_target_distance,h_mean,0,id_test,10v10_K3,176,0.7881088561617133,0.1
regir_kv0_sg,0,trained,nearest_target_distance,h_mean,0,ood_explore,30v30_K12,386,0.7057510443689008,0.1
regir_kv0_sg,0,trained,nearest_target_distance,h_mean,0,ood_explore,30v30_K2,386,0.7958797293624944,0.1
regir_kv0_sg,0,trained,nearest_target_distance,h_mean,0,ood_explore,50v50_K2,381,0.7418458120690923,0.1
regir_kv0_sg,0,trained,nearest_target_distance,h_mean,0,ood_confirm,30v30_K12,378,0.5579543502456757,0.1
regir_kv0_sg,0,trained,nearest_target_distance,h_mean,0,ood_confirm,30v30_K2,384,0.7201576009422777,0.1
regir_kv0_sg,0,trained,nearest_target_distance,h_mean,0,ood_confirm,50v50_K2,396,0.7574323227573385,0.1
regir_kv0_sg,0,trained,nearest_target_distance,h_mean,1,id_train,10v10_K2,363,0.8949345806827605,0.1
regir_kv0_sg,0,trained,nearest_target_distance,h_mean,1,id_train,10v10_K3,363,0.8941294780572498,0.1
regir_kv0_sg,0,trained,nearest_target_distance,h_mean,1,id_val,10v10_K2,188,0.8432914634662754,0.1
regir_kv0_sg,0,trained,nearest_target_distance,h_mean,1,id_val,10v10_K3,183,0.8886969498639372,0.1
regir_kv0_sg,0,trained,nearest_target_distance,h_mean,1,id_test,10v10_K2,183,0.84301599760715,0.1
regir_kv0_sg,0,trained,nearest_target_distance,h_mean,1,id_test,10v10_K3,176,0.8532093576098885,0.1
regir_kv0_sg,0,trained,nearest_target_distance,h_mean,1,ood_explore,30v30_K12,386,0.7646801646517503,0.1
regir_kv0_sg,0,trained,nearest_target_distance,h_mean,1,ood_explore,30v30_K2,386,0.7786385682118337,0.1
regir_kv0_sg,0,trained,nearest_target_distance,h_mean,1,ood_explore,50v50_K2,381,0.6833920109645553,0.1
regir_kv0_sg,0,trained,nearest_target_distance,h_mean,1,ood_confirm,30v30_K12,378,0.6322347002544089,0.1
regir_kv0_sg,0,trained,nearest_target_distance,h_mean,1,ood_confirm,30v30_K2,384,0.6960120076272247,0.1
regir_kv0_sg,0,trained,nearest_target_distance,h_mean,1,ood_confirm,50v50_K2,396,0.6704171304794087,0.1
regir_kv0_sg,0,trained,nearest_target_distance,h_mean,2,id_train,10v10_K2,363,0.8678115568618381,0.1
regir_kv0_sg,0,trained,nearest_target_distance,h_mean,2,id_train,10v10_K3,363,0.8703539343970847,0.1
regir_kv0_sg,0,trained,nearest_target_distance,h_mean,2,id_val,10v10_K2,188,0.7986843380038109,0.1
regir_kv0_sg,0,trained,nearest_target_distance,h_mean,2,id_val,10v10_K3,183,0.8809133118689195,0.1
regir_kv0_sg,0,trained,nearest_target_distance,h_mean,2,id_test,10v10_K2,183,0.816219702079602,0.1
regir_kv0_sg,0,trained,nearest_target_distance,h_mean,2,id_test,10v10_K3,176,0.827935453476468,0.1
regir_kv0_sg,0,trained,nearest_target_distance,h_mean,2,ood_explore,30v30_K12,386,0.7809956168630535,0.1
regir_kv0_sg,0,trained,nearest_target_distance,h_mean,2,ood_explore,30v30_K2,386,0.7509972795174837,0.1
regir_kv0_sg,0,trained,nearest_target_distance,h_mean,2,ood_explore,50v50_K2,381,0.6771928036638234,0.1
regir_kv0_sg,0,trained,nearest_target_distance,h_mean,2,ood_confirm,30v30_K12,378,0.6554733648269537,0.1
regir_kv0_sg,0,trained,nearest_target_distance,h_mean,2,ood_confirm,30v30_K2,384,0.6806720448364798,0.1
regir_kv0_sg,0,trained,nearest_target_distance,h_mean,2,ood_confirm,50v50_K2,396,0.6620514023305679,0.1
regir_kv0_sg,0,trained,nearest_target_distance,h_mean,3,id_train,10v10_K2,363,0.8590875764691654,0.1
regir_kv0_sg,0,trained,nearest_target_distance,h_mean,3,id_train,10v10_K3,363,0.8747352188729164,0.1
regir_kv0_sg,0,trained,nearest_target_distance,h_mean,3,id_val,10v10_K2,188,0.7785355818516242,0.1
regir_kv0_sg,0,trained,nearest_target_distance,h_mean,3,id_val,10v10_K3,183,0.8654204361474367,0.1
regir_kv0_sg,0,trained,nearest_target_distance,h_mean,3,id_test,10v10_K2,183,0.8295563749801318,0.1
regir_kv0_sg,0,trained,nearest_target_distance,h_mean,3,id_test,10v10_K3,176,0.7921540342851225,0.1
regir_kv0_sg,0,trained,nearest_target_distance,h_mean,3,ood_explore,30v30_K12,386,0.7973963016228504,0.1
regir_kv0_sg,0,trained,nearest_target_distance,h_mean,3,ood_explore,30v30_K2,386,0.7149392051542278,0.1
regir_kv0_sg,0,trained,nearest_target_distance,h_mean,3,ood_explore,50v50_K2,381,0.590809216562181,0.1
regir_kv0_sg,0,trained,nearest_target_distance,h_mean,3,ood_confirm,30v30_K12,378,0.6789776516665383,0.1
regir_kv0_sg,0,trained,nearest_target_distance,h_mean,3,ood_confirm,30v30_K2,384,0.6259910060991442,0.1
regir_kv0_sg,0,trained,nearest_target_distance,h_mean,3,ood_confirm,50v50_K2,396,0.585925064410155,0.1
regir_kv0_sg,0,trained,nearest_target_distance,h_mean,4,id_train,10v10_K2,363,0.8535090556209461,0.1
regir_kv0_sg,0,trained,nearest_target_distance,h_mean,4,id_train,10v10_K3,363,0.8756312994523878,0.1
regir_kv0_sg,0,trained,nearest_target_distance,h_mean,4,id_val,10v10_K2,188,0.7663861272120307,0.1
regir_kv0_sg,0,trained,nearest_target_distance,h_mean,4,id_val,10v10_K3,183,0.8541523198850446,0.1
regir_kv0_sg,0,trained,nearest_target_distance,h_mean,4,id_test,10v10_K2,183,0.8284810883058091,0.1
regir_kv0_sg,0,trained,nearest_target_distance,h_mean,4,id_test,10v10_K3,176,0.7755725288298595,0.1
regir_kv0_sg,0,trained,nearest_target_distance,h_mean,4,ood_explore,30v30_K12,386,0.8080095724913028,0.1
regir_kv0_sg,0,trained,nearest_target_distance,h_mean,4,ood_explore,30v30_K2,386,0.7036904577509298,0.1
regir_kv0_sg,0,trained,nearest_target_distance,h_mean,4,ood_explore,50v50_K2,381,0.5334851338218625,0.1
regir_kv0_sg,0,trained,nearest_target_distance,h_mean,4,ood_confirm,30v30_K12,378,0.6923020504383566,0.1
regir_kv0_sg,0,trained,nearest_target_distance,h_mean,4,ood_confirm,30v30_K2,384,0.5912982861558509,0.1
regir_kv0_sg,0,trained,nearest_target_distance,h_mean,4,ood_confirm,50v50_K2,396,0.5461696927814963,0.1
regir_kv0_sg,0,trained,threat,readout,0,id_train,10v10_K2,363,0.5598221575905781,10.0
regir_kv0_sg,0,trained,threat,readout,0,id_train,10v10_K3,363,0.4941942384359964,10.0
regir_kv0_sg,0,trained,threat,readout,0,id_val,10v10_K2,188,0.03790824561472139,10.0
regir_kv0_sg,0,trained,threat,readout,0,id_val,10v10_K3,183,0.48322925198976563,10.0
regir_kv0_sg,0,trained,threat,readout,0,id_test,10v10_K2,183,0.22417100229186604,10.0
regir_kv0_sg,0,trained,threat,readout,0,id_test,10v10_K3,176,0.5917026314385057,10.0
regir_kv0_sg,0,trained,threat,readout,0,ood_explore,30v30_K12,386,0.4941867635434958,10.0
regir_kv0_sg,0,trained,threat,readout,0,ood_explore,30v30_K2,386,0.6202273497567553,10.0
regir_kv0_sg,0,trained,threat,readout,0,ood_explore,50v50_K2,381,0.4393480172761113,10.0
regir_kv0_sg,0,trained,threat,readout,0,ood_confirm,30v30_K12,378,0.5792531278400035,10.0
regir_kv0_sg,0,trained,threat,readout,0,ood_confirm,30v30_K2,384,0.5300380088912757,10.0
regir_kv0_sg,0,trained,threat,readout,0,ood_confirm,50v50_K2,396,0.4483021623874286,10.0
regir_kv0_sg,0,trained,threat,readout,1,id_train,10v10_K2,363,0.49068780251628785,10.0
regir_kv0_sg,0,trained,threat,readout,1,id_train,10v10_K3,363,0.44381075129497893,10.0
regir_kv0_sg,0,trained,threat,readout,1,id_val,10v10_K2,188,-0.35120209520274304,10.0
regir_kv0_sg,0,trained,threat,readout,1,id_val,10v10_K3,183,0.4045375129503014,10.0
regir_kv0_sg,0,trained,threat,readout,1,id_test,10v10_K2,183,0.10004290082698575,10.0
regir_kv0_sg,0,trained,threat,readout,1,id_test,10v10_K3,176,0.44565840373489085,10.0
regir_kv0_sg,0,trained,threat,readout,1,ood_explore,30v30_K12,386,0.38310685670714484,10.0
regir_kv0_sg,0,trained,threat,readout,1,ood_explore,30v30_K2,386,0.45899939709834703,10.0
regir_kv0_sg,0,trained,threat,readout,1,ood_explore,50v50_K2,381,0.39817317454521106,10.0
regir_kv0_sg,0,trained,threat,readout,1,ood_confirm,30v30_K12,378,0.4272996105328969,10.0
regir_kv0_sg,0,trained,threat,readout,1,ood_confirm,30v30_K2,384,0.3926325574293862,10.0
regir_kv0_sg,0,trained,threat,readout,1,ood_confirm,50v50_K2,396,0.3031078980288977,10.0
regir_kv0_sg,0,trained,threat,readout,2,id_train,10v10_K2,363,0.4667283728876491,10.0
regir_kv0_sg,0,trained,threat,readout,2,id_train,10v10_K3,363,0.43106965804147324,10.0
regir_kv0_sg,0,trained,threat,readout,2,id_val,10v10_K2,188,-0.4870856158038894,10.0
regir_kv0_sg,0,trained,threat,readout,2,id_val,10v10_K3,183,0.3294250594272057,10.0
regir_kv0_sg,0,trained,threat,readout,2,id_test,10v10_K2,183,0.05380579739998381,10.0
regir_kv0_sg,0,trained,threat,readout,2,id_test,10v10_K3,176,0.4562732502586968,10.0
regir_kv0_sg,0,trained,threat,readout,2,ood_explore,30v30_K12,386,0.37033951269842036,10.0
regir_kv0_sg,0,trained,threat,readout,2,ood_explore,30v30_K2,386,0.43061304779648213,10.0
regir_kv0_sg,0,trained,threat,readout,2,ood_explore,50v50_K2,381,0.4286644384207028,10.0
regir_kv0_sg,0,trained,threat,readout,2,ood_confirm,30v30_K12,378,0.3895802256686218,10.0
regir_kv0_sg,0,trained,threat,readout,2,ood_confirm,30v30_K2,384,0.3739727753815457,10.0
regir_kv0_sg,0,trained,threat,readout,2,ood_confirm,50v50_K2,396,0.24539811199765404,10.0
regir_kv0_sg,0,trained,threat,readout,3,id_train,10v10_K2,363,0.43752876922129125,10.0
regir_kv0_sg,0,trained,threat,readout,3,id_train,10v10_K3,363,0.45229331971785514,10.0
regir_kv0_sg,0,trained,threat,readout,3,id_val,10v10_K2,188,-0.6100323857363574,10.0
regir_kv0_sg,0,trained,threat,readout,3,id_val,10v10_K3,183,0.28425272975083515,10.0
regir_kv0_sg,0,trained,threat,readout,3,id_test,10v10_K2,183,0.02461914981536395,10.0
regir_kv0_sg,0,trained,threat,readout,3,id_test,10v10_K3,176,0.4518579956560599,10.0
regir_kv0_sg,0,trained,threat,readout,3,ood_explore,30v30_K12,386,0.35682686084786286,10.0
regir_kv0_sg,0,trained,threat,readout,3,ood_explore,30v30_K2,386,0.41762512818835185,10.0
regir_kv0_sg,0,trained,threat,readout,3,ood_explore,50v50_K2,381,0.4654089460866746,10.0
regir_kv0_sg,0,trained,threat,readout,3,ood_confirm,30v30_K12,378,0.401052940002673,10.0
regir_kv0_sg,0,trained,threat,readout,3,ood_confirm,30v30_K2,384,0.4014279167595761,10.0
regir_kv0_sg,0,trained,threat,readout,3,ood_confirm,50v50_K2,396,0.25838012689513257,10.0
regir_kv0_sg,0,trained,unmarked_frac,readout,0,id_train,10v10_K2,363,0.3040705362793209,100.0
regir_kv0_sg,0,trained,unmarked_frac,readout,0,id_train,10v10_K3,363,0.31310792662473474,100.0
regir_kv0_sg,0,trained,unmarked_frac,readout,0,id_val,10v10_K2,188,0.18992940638606692,100.0
regir_kv0_sg,0,trained,unmarked_frac,readout,0,id_val,10v10_K3,183,0.2493266180765773,100.0
regir_kv0_sg,0,trained,unmarked_frac,readout,0,id_test,10v10_K2,183,0.2519776005952754,100.0
regir_kv0_sg,0,trained,unmarked_frac,readout,0,id_test,10v10_K3,176,0.26929327307340123,100.0
regir_kv0_sg,0,trained,unmarked_frac,readout,0,ood_explore,30v30_K12,386,0.02415336483557151,100.0
regir_kv0_sg,0,trained,unmarked_frac,readout,0,ood_explore,30v30_K2,386,0.05778742497856282,100.0
regir_kv0_sg,0,trained,unmarked_frac,readout,0,ood_explore,50v50_K2,381,-0.2515135006607476,100.0
regir_kv0_sg,0,trained,unmarked_frac,readout,0,ood_confirm,30v30_K12,378,0.13479248348861428,100.0
regir_kv0_sg,0,trained,unmarked_frac,readout,0,ood_confirm,30v30_K2,384,-0.03284790366833423,100.0
regir_kv0_sg,0,trained,unmarked_frac,readout,0,ood_confirm,50v50_K2,396,-0.21922745598914006,100.0
regir_kv0_sg,0,trained,unmarked_frac,readout,1,id_train,10v10_K2,363,0.24288271218348856,100.0
regir_kv0_sg,0,trained,unmarked_frac,readout,1,id_train,10v10_K3,363,0.26461462171182715,100.0
regir_kv0_sg,0,trained,unmarked_frac,readout,1,id_val,10v10_K2,188,0.1323786283256977,100.0
regir_kv0_sg,0,trained,unmarked_frac,readout,1,id_val,10v10_K3,183,0.20481398251733296,100.0
regir_kv0_sg,0,trained,unmarked_frac,readout,1,id_test,10v10_K2,183,0.20021757403476315,100.0
regir_kv0_sg,0,trained,unmarked_frac,readout,1,id_test,10v10_K3,176,0.18598030546863942,100.0
regir_kv0_sg,0,trained,unmarked_frac,readout,1,ood_explore,30v30_K12,386,-0.1166665880061466,100.0
regir_kv0_sg,0,trained,unmarked_frac,readout,1,ood_explore,30v30_K2,386,-0.001880272598137278,100.0
regir_kv0_sg,0,trained,unmarked_frac,readout,1,ood_explore,50v50_K2,381,-0.288115438970286,100.0
regir_kv0_sg,0,trained,unmarked_frac,readout,1,ood_confirm,30v30_K12,378,0.06171160101411621,100.0
regir_kv0_sg,0,trained,unmarked_frac,readout,1,ood_confirm,30v30_K2,384,-0.09043633788857885,100.0
regir_kv0_sg,0,trained,unmarked_frac,readout,1,ood_confirm,50v50_K2,396,-0.30709679106878673,100.0
regir_kv0_sg,0,trained,unmarked_frac,readout,2,id_train,10v10_K2,363,0.20924163199021462,100.0
regir_kv0_sg,0,trained,unmarked_frac,readout,2,id_train,10v10_K3,363,0.2413660115747468,100.0
regir_kv0_sg,0,trained,unmarked_frac,readout,2,id_val,10v10_K2,188,0.07507378089200867,100.0
regir_kv0_sg,0,trained,unmarked_frac,readout,2,id_val,10v10_K3,183,0.17808621935884805,100.0
regir_kv0_sg,0,trained,unmarked_frac,readout,2,id_test,10v10_K2,183,0.1938503141416702,100.0
regir_kv0_sg,0,trained,unmarked_frac,readout,2,id_test,10v10_K3,176,0.16498328042336052,100.0
regir_kv0_sg,0,trained,unmarked_frac,readout,2,ood_explore,30v30_K12,386,-0.23900792580640817,100.0
regir_kv0_sg,0,trained,unmarked_frac,readout,2,ood_explore,30v30_K2,386,-0.01401896808756109,100.0
regir_kv0_sg,0,trained,unmarked_frac,readout,2,ood_explore,50v50_K2,381,-0.3049561345928289,100.0
regir_kv0_sg,0,trained,unmarked_frac,readout,2,ood_confirm,30v30_K12,378,-0.028872959986206537,100.0
regir_kv0_sg,0,trained,unmarked_frac,readout,2,ood_confirm,30v30_K2,384,-0.14555394729151283,100.0
regir_kv0_sg,0,trained,unmarked_frac,readout,2,ood_confirm,50v50_K2,396,-0.3104680175554835,100.0
regir_kv0_sg,0,trained,unmarked_frac,readout,3,id_train,10v10_K2,363,0.1736760635943242,100.0
regir_kv0_sg,0,trained,unmarked_frac,readout,3,id_train,10v10_K3,363,0.19877207177491774,100.0
regir_kv0_sg,0,trained,unmarked_frac,readout,3,id_val,10v10_K2,188,0.016774732479200027,100.0
regir_kv0_sg,0,trained,unmarked_frac,readout,3,id_val,10v10_K3,183,0.1192746107322935,100.0
regir_kv0_sg,0,trained,unmarked_frac,readout,3,id_test,10v10_K2,183,0.14228125614210507,100.0
regir_kv0_sg,0,trained,unmarked_frac,readout,3,id_test,10v10_K3,176,0.11905423149018901,100.0
regir_kv0_sg,0,trained,unmarked_frac,readout,3,ood_explore,30v30_K12,386,-0.2615642110106666,100.0
regir_kv0_sg,0,trained,unmarked_frac,readout,3,ood_explore,30v30_K2,386,-0.0412717675030112,100.0
regir_kv0_sg,0,trained,unmarked_frac,readout,3,ood_explore,50v50_K2,381,-0.3814994985904585,100.0
regir_kv0_sg,0,trained,unmarked_frac,readout,3,ood_confirm,30v30_K12,378,-0.07549990669413775,100.0
regir_kv0_sg,0,trained,unmarked_frac,readout,3,ood_confirm,30v30_K2,384,-0.24403367610903293,100.0
regir_kv0_sg,0,trained,unmarked_frac,readout,3,ood_confirm,50v50_K2,396,-0.37548165671733624,100.0
regir_kv0_sg,0,trained,centroid_gap,readout,0,id_train,10v10_K2,363,0.8386640966872219,0.0001
regir_kv0_sg,0,trained,centroid_gap,readout,0,id_train,10v10_K3,363,0.8384248116832118,0.0001
regir_kv0_sg,0,trained,centroid_gap,readout,0,id_val,10v10_K2,188,0.7958278390343491,0.0001
regir_kv0_sg,0,trained,centroid_gap,readout,0,id_val,10v10_K3,183,0.7919727414017187,0.0001
regir_kv0_sg,0,trained,centroid_gap,readout,0,id_test,10v10_K2,183,0.8041458847708273,0.0001
regir_kv0_sg,0,trained,centroid_gap,readout,0,id_test,10v10_K3,176,0.7588039063541568,0.0001
regir_kv0_sg,0,trained,centroid_gap,readout,0,ood_explore,30v30_K12,386,0.8003404422507552,0.0001
regir_kv0_sg,0,trained,centroid_gap,readout,0,ood_explore,30v30_K2,386,0.8157180520407792,0.0001
regir_kv0_sg,0,trained,centroid_gap,readout,0,ood_explore,50v50_K2,381,0.7385934340503446,0.0001
regir_kv0_sg,0,trained,centroid_gap,readout,0,ood_confirm,30v30_K12,378,0.7956863597327026,0.0001
regir_kv0_sg,0,trained,centroid_gap,readout,0,ood_confirm,30v30_K2,384,0.7352880385873255,0.0001
regir_kv0_sg,0,trained,centroid_gap,readout,0,ood_confirm,50v50_K2,396,0.7258378575125377,0.0001
regir_kv0_sg,0,trained,centroid_gap,readout,1,id_train,10v10_K2,363,0.8197289662998393,0.0001
regir_kv0_sg,0,trained,centroid_gap,readout,1,id_train,10v10_K3,363,0.8121467592145688,0.0001
regir_kv0_sg,0,trained,centroid_gap,readout,1,id_val,10v10_K2,188,0.7585116280523105,0.0001
regir_kv0_sg,0,trained,centroid_gap,readout,1,id_val,10v10_K3,183,0.7446692738882541,0.0001
regir_kv0_sg,0,trained,centroid_gap,readout,1,id_test,10v10_K2,183,0.7687390754545547,0.0001
regir_kv0_sg,0,trained,centroid_gap,readout,1,id_test,10v10_K3,176,0.7377580598247602,0.0001
regir_kv0_sg,0,trained,centroid_gap,readout,1,ood_explore,30v30_K12,386,0.7640649785372788,0.0001
regir_kv0_sg,0,trained,centroid_gap,readout,1,ood_explore,30v30_K2,386,0.7389818790850328,0.0001
regir_kv0_sg,0,trained,centroid_gap,readout,1,ood_explore,50v50_K2,381,0.6198529704271221,0.0001
regir_kv0_sg,0,trained,centroid_gap,readout,1,ood_confirm,30v30_K12,378,0.7529479701573313,0.0001
regir_kv0_sg,0,trained,centroid_gap,readout,1,ood_confirm,30v30_K2,384,0.6234724403259304,0.0001
regir_kv0_sg,0,trained,centroid_gap,readout,1,ood_confirm,50v50_K2,396,0.5907596918973335,0.0001
regir_kv0_sg,0,trained,centroid_gap,readout,2,id_train,10v10_K2,363,0.8050531745309503,0.0001
regir_kv0_sg,0,trained,centroid_gap,readout,2,id_train,10v10_K3,363,0.7906594908411776,0.0001
regir_kv0_sg,0,trained,centroid_gap,readout,2,id_val,10v10_K2,188,0.7390136418428985,0.0001
regir_kv0_sg,0,trained,centroid_gap,readout,2,id_val,10v10_K3,183,0.7259008041792709,0.0001
regir_kv0_sg,0,trained,centroid_gap,readout,2,id_test,10v10_K2,183,0.7119517847386727,0.0001
regir_kv0_sg,0,trained,centroid_gap,readout,2,id_test,10v10_K3,176,0.7180186829085029,0.0001
regir_kv0_sg,0,trained,centroid_gap,readout,2,ood_explore,30v30_K12,386,0.7175598774508654,0.0001
regir_kv0_sg,0,trained,centroid_gap,readout,2,ood_explore,30v30_K2,386,0.6644197608382159,0.0001
regir_kv0_sg,0,trained,centroid_gap,readout,2,ood_explore,50v50_K2,381,0.5277886547289434,0.0001
regir_kv0_sg,0,trained,centroid_gap,readout,2,ood_confirm,30v30_K12,378,0.7010522399794548,0.0001
regir_kv0_sg,0,trained,centroid_gap,readout,2,ood_confirm,30v30_K2,384,0.5587479645151312,0.0001
regir_kv0_sg,0,trained,centroid_gap,readout,2,ood_confirm,50v50_K2,396,0.45753624023155137,0.0001
regir_kv0_sg,0,trained,centroid_gap,readout,3,id_train,10v10_K2,363,0.7686637845687992,0.0001
regir_kv0_sg,0,trained,centroid_gap,readout,3,id_train,10v10_K3,363,0.7770207576728551,0.0001
regir_kv0_sg,0,trained,centroid_gap,readout,3,id_val,10v10_K2,188,0.7168210606368557,0.0001
regir_kv0_sg,0,trained,centroid_gap,readout,3,id_val,10v10_K3,183,0.6816348534477666,0.0001
regir_kv0_sg,0,trained,centroid_gap,readout,3,id_test,10v10_K2,183,0.6830579733881754,0.0001
regir_kv0_sg,0,trained,centroid_gap,readout,3,id_test,10v10_K3,176,0.6881740324174241,0.0001
regir_kv0_sg,0,trained,centroid_gap,readout,3,ood_explore,30v30_K12,386,0.6774130138989316,0.0001
regir_kv0_sg,0,trained,centroid_gap,readout,3,ood_explore,30v30_K2,386,0.5985921598501549,0.0001
regir_kv0_sg,0,trained,centroid_gap,readout,3,ood_explore,50v50_K2,381,0.4507655099868577,0.0001
regir_kv0_sg,0,trained,centroid_gap,readout,3,ood_confirm,30v30_K12,378,0.6547464895198769,0.0001
regir_kv0_sg,0,trained,centroid_gap,readout,3,ood_confirm,30v30_K2,384,0.501630627008292,0.0001
regir_kv0_sg,0,trained,centroid_gap,readout,3,ood_confirm,50v50_K2,396,0.40290653308849167,0.0001
regir_kv0_sg,0,trained,nearest_target_distance,readout,0,id_train,10v10_K2,363,0.755369400017952,0.0001
regir_kv0_sg,0,trained,nearest_target_distance,readout,0,id_train,10v10_K3,363,0.7888572666723941,0.0001
regir_kv0_sg,0,trained,nearest_target_distance,readout,0,id_val,10v10_K2,188,0.6660123489339854,0.0001
regir_kv0_sg,0,trained,nearest_target_distance,readout,0,id_val,10v10_K3,183,0.7329259908201236,0.0001
regir_kv0_sg,0,trained,nearest_target_distance,readout,0,id_test,10v10_K2,183,0.7131731798287815,0.0001
regir_kv0_sg,0,trained,nearest_target_distance,readout,0,id_test,10v10_K3,176,0.6876114208110782,0.0001
regir_kv0_sg,0,trained,nearest_target_distance,readout,0,ood_explore,30v30_K12,386,0.7954437311184189,0.0001
regir_kv0_sg,0,trained,nearest_target_distance,readout,0,ood_explore,30v30_K2,386,0.6919785175499406,0.0001
regir_kv0_sg,0,trained,nearest_target_distance,readout,0,ood_explore,50v50_K2,381,0.6625800711067186,0.0001
regir_kv0_sg,0,trained,nearest_target_distance,readout,0,ood_confirm,30v30_K12,378,0.7171010511185625,0.0001
regir_kv0_sg,0,trained,nearest_target_distance,readout,0,ood_confirm,30v30_K2,384,0.6766404625903712,0.0001
regir_kv0_sg,0,trained,nearest_target_distance,readout,0,ood_confirm,50v50_K2,396,0.6549725907744366,0.0001
regir_kv0_sg,0,trained,nearest_target_distance,readout,1,id_train,10v10_K2,363,0.6968467600095738,0.0001
regir_kv0_sg,0,trained,nearest_target_distance,readout,1,id_train,10v10_K3,363,0.7587069178047438,0.0001
regir_kv0_sg,0,trained,nearest_target_distance,readout,1,id_val,10v10_K2,188,0.5664026767863326,0.0001
regir_kv0_sg,0,trained,nearest_target_distance,readout,1,id_val,10v10_K3,183,0.7200167622284893,0.0001
regir_kv0_sg,0,trained,nearest_target_distance,readout,1,id_test,10v10_K2,183,0.6610213473135544,0.0001
regir_kv0_sg,0,trained,nearest_target_distance,readout,1,id_test,10v10_K3,176,0.68774523009585,0.0001
regir_kv0_sg,0,trained,nearest_target_distance,readout,1,ood_explore,30v30_K12,386,0.741149186786912,0.0001
regir_kv0_sg,0,trained,nearest_target_distance,readout,1,ood_explore,30v30_K2,386,0.607437036313633,0.0001
regir_kv0_sg,0,trained,nearest_target_distance,readout,1,ood_explore,50v50_K2,381,0.48189227253859923,0.0001
regir_kv0_sg,0,trained,nearest_target_distance,readout,1,ood_confirm,30v30_K12,378,0.6672901122163825,0.0001
regir_kv0_sg,0,trained,nearest_target_distance,readout,1,ood_confirm,30v30_K2,384,0.4874348774889361,0.0001
regir_kv0_sg,0,trained,nearest_target_distance,readout,1,ood_confirm,50v50_K2,396,0.498511392976249,0.0001
regir_kv0_sg,0,trained,nearest_target_distance,readout,2,id_train,10v10_K2,363,0.6871423944345365,0.0001
regir_kv0_sg,0,trained,nearest_target_distance,readout,2,id_train,10v10_K3,363,0.7414330806223339,0.0001
regir_kv0_sg,0,trained,nearest_target_distance,readout,2,id_val,10v10_K2,188,0.578935400444597,0.0001
regir_kv0_sg,0,trained,nearest_target_distance,readout,2,id_val,10v10_K3,183,0.7596098362421225,0.0001
regir_kv0_sg,0,trained,nearest_target_distance,readout,2,id_test,10v10_K2,183,0.6554657017853738,0.0001
regir_kv0_sg,0,trained,nearest_target_distance,readout,2,id_test,10v10_K3,176,0.6934435968431152,0.0001
regir_kv0_sg,0,trained,nearest_target_distance,readout,2,ood_explore,30v30_K12,386,0.7392967246061056,0.0001
regir_kv0_sg,0,trained,nearest_target_distance,readout,2,ood_explore,30v30_K2,386,0.6365450448643447,0.0001
regir_kv0_sg,0,trained,nearest_target_distance,readout,2,ood_explore,50v50_K2,381,0.47680872799633145,0.0001
regir_kv0_sg,0,trained,nearest_target_distance,readout,2,ood_confirm,30v30_K12,378,0.6774700338107604,0.0001
regir_kv0_sg,0,trained,nearest_target_distance,readout,2,ood_confirm,30v30_K2,384,0.4577749594577162,0.0001
regir_kv0_sg,0,trained,nearest_target_distance,readout,2,ood_confirm,50v50_K2,396,0.49134449767810784,0.0001
regir_kv0_sg,0,trained,nearest_target_distance,readout,3,id_train,10v10_K2,363,0.6976982439736861,0.0001
regir_kv0_sg,0,trained,nearest_target_distance,readout,3,id_train,10v10_K3,363,0.7482551760237165,0.0001
regir_kv0_sg,0,trained,nearest_target_distance,readout,3,id_val,10v10_K2,188,0.6106705372793545,0.0001
regir_kv0_sg,0,trained,nearest_target_distance,readout,3,id_val,10v10_K3,183,0.7478417568320669,0.0001
regir_kv0_sg,0,trained,nearest_target_distance,readout,3,id_test,10v10_K2,183,0.636373089106792,0.0001
regir_kv0_sg,0,trained,nearest_target_distance,readout,3,id_test,10v10_K3,176,0.6661254623253163,0.0001
regir_kv0_sg,0,trained,nearest_target_distance,readout,3,ood_explore,30v30_K12,386,0.7353455768822286,0.0001
regir_kv0_sg,0,trained,nearest_target_distance,readout,3,ood_explore,30v30_K2,386,0.6389508950919842,0.0001
regir_kv0_sg,0,trained,nearest_target_distance,readout,3,ood_explore,50v50_K2,381,0.5156982047472961,0.0001
regir_kv0_sg,0,trained,nearest_target_distance,readout,3,ood_confirm,30v30_K12,378,0.6882423536058997,0.0001
regir_kv0_sg,0,trained,nearest_target_distance,readout,3,ood_confirm,30v30_K2,384,0.5144089238591006,0.0001
regir_kv0_sg,0,trained,nearest_target_distance,readout,3,ood_confirm,50v50_K2,396,0.4952354049553275,0.0001
regir_kv0_sg,0,random_init,threat,h_mean,0,id_train,10v10_K2,363,0.46804025411815275,100.0
regir_kv0_sg,0,random_init,threat,h_mean,0,id_train,10v10_K3,363,0.48230240166633076,100.0
regir_kv0_sg,0,random_init,threat,h_mean,0,id_val,10v10_K2,188,-0.31092404060041856,100.0
regir_kv0_sg,0,random_init,threat,h_mean,0,id_val,10v10_K3,183,0.21280732937908053,100.0
regir_kv0_sg,0,random_init,threat,h_mean,0,id_test,10v10_K2,183,0.08369174594986695,100.0
regir_kv0_sg,0,random_init,threat,h_mean,0,id_test,10v10_K3,176,0.2419906212040399,100.0
regir_kv0_sg,0,random_init,threat,h_mean,0,ood_explore,30v30_K12,386,0.17057267217899996,100.0
regir_kv0_sg,0,random_init,threat,h_mean,0,ood_explore,30v30_K2,386,0.3209814033685998,100.0
regir_kv0_sg,0,random_init,threat,h_mean,0,ood_explore,50v50_K2,381,0.21902279858123863,100.0
regir_kv0_sg,0,random_init,threat,h_mean,0,ood_confirm,30v30_K12,378,0.35567229378457976,100.0
regir_kv0_sg,0,random_init,threat,h_mean,0,ood_confirm,30v30_K2,384,0.23561515678875689,100.0
regir_kv0_sg,0,random_init,threat,h_mean,0,ood_confirm,50v50_K2,396,-0.07646442472265713,100.0
regir_kv0_sg,0,random_init,threat,h_mean,1,id_train,10v10_K2,363,0.48962882586763745,100.0
regir_kv0_sg,0,random_init,threat,h_mean,1,id_train,10v10_K3,363,0.49082403557596177,100.0
regir_kv0_sg,0,random_init,threat,h_mean,1,id_val,10v10_K2,188,-0.541051505075228,100.0
regir_kv0_sg,0,random_init,threat,h_mean,1,id_val,10v10_K3,183,0.2170079325491635,100.0
regir_kv0_sg,0,random_init,threat,h_mean,1,id_test,10v10_K2,183,0.061269017480509835,100.0
regir_kv0_sg,0,random_init,threat,h_mean,1,id_test,10v10_K3,176,0.1844230427258613,100.0
regir_kv0_sg,0,random_init,threat,h_mean,1,ood_explore,30v30_K12,386,0.16225733889067973,100.0
regir_kv0_sg,0,random_init,threat,h_mean,1,ood_explore,30v30_K2,386,0.3638801232775545,100.0
regir_kv0_sg,0,random_init,threat,h_mean,1,ood_explore,50v50_K2,381,0.30860698422958455,100.0
regir_kv0_sg,0,random_init,threat,h_mean,1,ood_confirm,30v30_K12,378,0.3477996013680844,100.0
regir_kv0_sg,0,random_init,threat,h_mean,1,ood_confirm,30v30_K2,384,0.31976962755793736,100.0
regir_kv0_sg,0,random_init,threat,h_mean,1,ood_confirm,50v50_K2,396,0.049132408604596,100.0
regir_kv0_sg,0,random_init,threat,h_mean,2,id_train,10v10_K2,363,0.47857042442346953,100.0
regir_kv0_sg,0,random_init,threat,h_mean,2,id_train,10v10_K3,363,0.4713668250265266,100.0
regir_kv0_sg,0,random_init,threat,h_mean,2,id_val,10v10_K2,188,-0.465761913969851,100.0
regir_kv0_sg,0,random_init,threat,h_mean,2,id_val,10v10_K3,183,0.22754553680903267,100.0
regir_kv0_sg,0,random_init,threat,h_mean,2,id_test,10v10_K2,183,0.09590122066757645,100.0
regir_kv0_sg,0,random_init,threat,h_mean,2,id_test,10v10_K3,176,0.18985310448302029,100.0
regir_kv0_sg,0,random_init,threat,h_mean,2,ood_explore,30v30_K12,386,0.1696501207601553,100.0
regir_kv0_sg,0,random_init,threat,h_mean,2,ood_explore,30v30_K2,386,0.39988205036407,100.0
regir_kv0_sg,0,random_init,threat,h_mean,2,ood_explore,50v50_K2,381,0.35217674831403967,100.0
regir_kv0_sg,0,random_init,threat,h_mean,2,ood_confirm,30v30_K12,378,0.3703171373666505,100.0
regir_kv0_sg,0,random_init,threat,h_mean,2,ood_confirm,30v30_K2,384,0.3598363712861341,100.0
regir_kv0_sg,0,random_init,threat,h_mean,2,ood_confirm,50v50_K2,396,0.14035367540005428,100.0
regir_kv0_sg,0,random_init,threat,h_mean,3,id_train,10v10_K2,363,0.4720406508404277,100.0
regir_kv0_sg,0,random_init,threat,h_mean,3,id_train,10v10_K3,363,0.44408591671998154,100.0
regir_kv0_sg,0,random_init,threat,h_mean,3,id_val,10v10_K2,188,-0.4183961054872587,100.0
regir_kv0_sg,0,random_init,threat,h_mean,3,id_val,10v10_K3,183,0.23896780945121587,100.0
regir_kv0_sg,0,random_init,threat,h_mean,3,id_test,10v10_K2,183,0.1232154358518861,100.0
regir_kv0_sg,0,random_init,threat,h_mean,3,id_test,10v10_K3,176,0.19324286005528846,100.0
regir_kv0_sg,0,random_init,threat,h_mean,3,ood_explore,30v30_K12,386,0.1700106164076004,100.0
regir_kv0_sg,0,random_init,threat,h_mean,3,ood_explore,30v30_K2,386,0.39246884970482,100.0
regir_kv0_sg,0,random_init,threat,h_mean,3,ood_explore,50v50_K2,381,0.34510226076757133,100.0
regir_kv0_sg,0,random_init,threat,h_mean,3,ood_confirm,30v30_K12,378,0.38583077231527385,100.0
regir_kv0_sg,0,random_init,threat,h_mean,3,ood_confirm,30v30_K2,384,0.3586652124401334,100.0
regir_kv0_sg,0,random_init,threat,h_mean,3,ood_confirm,50v50_K2,396,0.15932007484479838,100.0
regir_kv0_sg,0,random_init,threat,h_mean,4,id_train,10v10_K2,363,0.46992131795528524,100.0
regir_kv0_sg,0,random_init,threat,h_mean,4,id_train,10v10_K3,363,0.4262205531071458,100.0
regir_kv0_sg,0,random_init,threat,h_mean,4,id_val,10v10_K2,188,-0.38489596924967606,100.0
regir_kv0_sg,0,random_init,threat,h_mean,4,id_val,10v10_K3,183,0.25189560242469367,100.0
regir_kv0_sg,0,random_init,threat,h_mean,4,id_test,10v10_K2,183,0.1303724956574217,100.0
regir_kv0_sg,0,random_init,threat,h_mean,4,id_test,10v10_K3,176,0.19864749898090062,100.0
regir_kv0_sg,0,random_init,threat,h_mean,4,ood_explore,30v30_K12,386,0.1662169798830051,100.0
regir_kv0_sg,0,random_init,threat,h_mean,4,ood_explore,30v30_K2,386,0.3836999614453238,100.0
regir_kv0_sg,0,random_init,threat,h_mean,4,ood_explore,50v50_K2,381,0.3424637124959937,100.0
regir_kv0_sg,0,random_init,threat,h_mean,4,ood_confirm,30v30_K12,378,0.38523271846235707,100.0
regir_kv0_sg,0,random_init,threat,h_mean,4,ood_confirm,30v30_K2,384,0.34984134546812673,100.0
regir_kv0_sg,0,random_init,threat,h_mean,4,ood_confirm,50v50_K2,396,0.1594822676774572,100.0
regir_kv0_sg,0,random_init,unmarked_frac,h_mean,0,id_train,10v10_K2,363,0.41836081271457926,10.0
regir_kv0_sg,0,random_init,unmarked_frac,h_mean,0,id_train,10v10_K3,363,0.3963465158486833,10.0
regir_kv0_sg,0,random_init,unmarked_frac,h_mean,0,id_val,10v10_K2,188,0.05329332720173685,10.0
regir_kv0_sg,0,random_init,unmarked_frac,h_mean,0,id_val,10v10_K3,183,0.4934266005832576,10.0
regir_kv0_sg,0,random_init,unmarked_frac,h_mean,0,id_test,10v10_K2,183,0.3717603017491752,10.0
regir_kv0_sg,0,random_init,unmarked_frac,h_mean,0,id_test,10v10_K3,176,0.3289811787924747,10.0
regir_kv0_sg,0,random_init,unmarked_frac,h_mean,0,ood_explore,30v30_K12,386,0.11560392494918148,10.0
regir_kv0_sg,0,random_init,unmarked_frac,h_mean,0,ood_explore,30v30_K2,386,0.02790733269343748,10.0
regir_kv0_sg,0,random_init,unmarked_frac,h_mean,0,ood_explore,50v50_K2,381,-0.16794781910216328,10.0
regir_kv0_sg,0,random_init,unmarked_frac,h_mean,0,ood_confirm,30v30_K12,378,0.29174026304365963,10.0
regir_kv0_sg,0,random_init,unmarked_frac,h_mean,0,ood_confirm,30v30_K2,384,0.10343611800739994,10.0
regir_kv0_sg,0,random_init,unmarked_frac,h_mean,0,ood_confirm,50v50_K2,396,0.03017985156313885,10.0
regir_kv0_sg,0,random_init,unmarked_frac,h_mean,1,id_train,10v10_K2,363,0.4433765518048256,10.0
regir_kv0_sg,0,random_init,unmarked_frac,h_mean,1,id_train,10v10_K3,363,0.42263071558371845,10.0
regir_kv0_sg,0,random_init,unmarked_frac,h_mean,1,id_val,10v10_K2,188,0.10637742959461638,10.0
regir_kv0_sg,0,random_init,unmarked_frac,h_mean,1,id_val,10v10_K3,183,0.4574582991963283,10.0
regir_kv0_sg,0,random_init,unmarked_frac,h_mean,1,id_test,10v10_K2,183,0.40958639099014293,10.0
regir_kv0_sg,0,random_init,unmarked_frac,h_mean,1,id_test,10v10_K3,176,0.3368752574826821,10.0
regir_kv0_sg,0,random_init,unmarked_frac,h_mean,1,ood_explore,30v30_K12,386,0.08120518420035483,10.0
regir_kv0_sg,0,random_init,unmarked_frac,h_mean,1,ood_explore,30v30_K2,386,0.0317708240106398,10.0
regir_kv0_sg,0,random_init,unmarked_frac,h_mean,1,ood_explore,50v50_K2,381,-0.12156203028302692,10.0
regir_kv0_sg,0,random_init,unmarked_frac,h_mean,1,ood_confirm,30v30_K12,378,0.2779903521696029,10.0
regir_kv0_sg,0,random_init,unmarked_frac,h_mean,1,ood_confirm,30v30_K2,384,0.09450479776829301,10.0
regir_kv0_sg,0,random_init,unmarked_frac,h_mean,1,ood_confirm,50v50_K2,396,-0.01033301094538519,10.0
regir_kv0_sg,0,random_init,unmarked_frac,h_mean,2,id_train,10v10_K2,363,0.4358243885818669,10.0
regir_kv0_sg,0,random_init,unmarked_frac,h_mean,2,id_train,10v10_K3,363,0.4273783237189819,10.0
regir_kv0_sg,0,random_init,unmarked_frac,h_mean,2,id_val,10v10_K2,188,0.06472791416707135,10.0
regir_kv0_sg,0,random_init,unmarked_frac,h_mean,2,id_val,10v10_K3,183,0.45372078883230305,10.0
regir_kv0_sg,0,random_init,unmarked_frac,h_mean,2,id_test,10v10_K2,183,0.41349609914611596,10.0
regir_kv0_sg,0,random_init,unmarked_frac,h_mean,2,id_test,10v10_K3,176,0.31567888807435796,10.0
regir_kv0_sg,0,random_init,unmarked_frac,h_mean,2,ood_explore,30v30_K12,386,0.06129476594560668,10.0
regir_kv0_sg,0,random_init,unmarked_frac,h_mean,2,ood_explore,30v30_K2,386,0.04095534228437159,10.0
regir_kv0_sg,0,random_init,unmarked_frac,h_mean,2,ood_explore,50v50_K2,381,-0.15747204510950574,10.0
regir_kv0_sg,0,random_init,unmarked_frac,h_mean,2,ood_confirm,30v30_K12,378,0.2705769549191682,10.0
regir_kv0_sg,0,random_init,unmarked_frac,h_mean,2,ood_confirm,30v30_K2,384,0.1133559991056875,10.0
regir_kv0_sg,0,random_init,unmarked_frac,h_mean,2,ood_confirm,50v50_K2,396,-0.0010359281033460732,10.0
regir_kv0_sg,0,random_init,unmarked_frac,h_mean,3,id_train,10v10_K2,363,0.4266732654408595,10.0
regir_kv0_sg,0,random_init,unmarked_frac,h_mean,3,id_train,10v10_K3,363,0.42006286664585135,10.0
regir_kv0_sg,0,random_init,unmarked_frac,h_mean,3,id_val,10v10_K2,188,0.06016507279334915,10.0
regir_kv0_sg,0,random_init,unmarked_frac,h_mean,3,id_val,10v10_K3,183,0.4428221726244299,10.0
regir_kv0_sg,0,random_init,unmarked_frac,h_mean,3,id_test,10v10_K2,183,0.39886495301364533,10.0
regir_kv0_sg,0,random_init,unmarked_frac,h_mean,3,id_test,10v10_K3,176,0.3200558957250422,10.0
regir_kv0_sg,0,random_init,unmarked_frac,h_mean,3,ood_explore,30v30_K12,386,0.07990366446869612,10.0
regir_kv0_sg,0,random_init,unmarked_frac,h_mean,3,ood_explore,30v30_K2,386,0.06606482730266816,10.0
regir_kv0_sg,0,random_init,unmarked_frac,h_mean,3,ood_explore,50v50_K2,381,-0.17510960188483082,10.0
regir_kv0_sg,0,random_init,unmarked_frac,h_mean,3,ood_confirm,30v30_K12,378,0.28184082633263563,10.0
regir_kv0_sg,0,random_init,unmarked_frac,h_mean,3,ood_confirm,30v30_K2,384,0.12211728055709092,10.0
regir_kv0_sg,0,random_init,unmarked_frac,h_mean,3,ood_confirm,50v50_K2,396,0.012719193115205418,10.0
regir_kv0_sg,0,random_init,unmarked_frac,h_mean,4,id_train,10v10_K2,363,0.41603664058782797,10.0
regir_kv0_sg,0,random_init,unmarked_frac,h_mean,4,id_train,10v10_K3,363,0.407198320652596,10.0
regir_kv0_sg,0,random_init,unmarked_frac,h_mean,4,id_val,10v10_K2,188,0.05315711958448921,10.0
regir_kv0_sg,0,random_init,unmarked_frac,h_mean,4,id_val,10v10_K3,183,0.42722008102335607,10.0
regir_kv0_sg,0,random_init,unmarked_frac,h_mean,4,id_test,10v10_K2,183,0.38078744832295963,10.0
regir_kv0_sg,0,random_init,unmarked_frac,h_mean,4,id_test,10v10_K3,176,0.3159288435009646,10.0
regir_kv0_sg,0,random_init,unmarked_frac,h_mean,4,ood_explore,30v30_K12,386,0.10136273379629113,10.0
regir_kv0_sg,0,random_init,unmarked_frac,h_mean,4,ood_explore,30v30_K2,386,0.07123185657926412,10.0
regir_kv0_sg,0,random_init,unmarked_frac,h_mean,4,ood_explore,50v50_K2,381,-0.17250716535994282,10.0
regir_kv0_sg,0,random_init,unmarked_frac,h_mean,4,ood_confirm,30v30_K12,378,0.2864005156967889,10.0
regir_kv0_sg,0,random_init,unmarked_frac,h_mean,4,ood_confirm,30v30_K2,384,0.12762349562522424,10.0
regir_kv0_sg,0,random_init,unmarked_frac,h_mean,4,ood_confirm,50v50_K2,396,0.017450612880869687,10.0
regir_kv0_sg,0,random_init,centroid_gap,h_mean,0,id_train,10v10_K2,363,0.8609565358973449,0.1
regir_kv0_sg,0,random_init,centroid_gap,h_mean,0,id_train,10v10_K3,363,0.8557908374578957,0.1
regir_kv0_sg,0,random_init,centroid_gap,h_mean,0,id_val,10v10_K2,188,0.8805282427258672,0.1
regir_kv0_sg,0,random_init,centroid_gap,h_mean,0,id_val,10v10_K3,183,0.8110275448148911,0.1
regir_kv0_sg,0,random_init,centroid_gap,h_mean,0,id_test,10v10_K2,183,0.8293208056205785,0.1
regir_kv0_sg,0,random_init,centroid_gap,h_mean,0,id_test,10v10_K3,176,0.8349055058638697,0.1
regir_kv0_sg,0,random_init,centroid_gap,h_mean,0,ood_explore,30v30_K12,386,0.7239180232381808,0.1
regir_kv0_sg,0,random_init,centroid_gap,h_mean,0,ood_explore,30v30_K2,386,0.8069072795778944,0.1
regir_kv0_sg,0,random_init,centroid_gap,h_mean,0,ood_explore,50v50_K2,381,0.7529062980049104,0.1
regir_kv0_sg,0,random_init,centroid_gap,h_mean,0,ood_confirm,30v30_K12,378,0.7151711549477988,0.1
regir_kv0_sg,0,random_init,centroid_gap,h_mean,0,ood_confirm,30v30_K2,384,0.7178653742119363,0.1
regir_kv0_sg,0,random_init,centroid_gap,h_mean,0,ood_confirm,50v50_K2,396,0.7433618571124954,0.1
regir_kv0_sg,0,random_init,centroid_gap,h_mean,1,id_train,10v10_K2,363,0.8571078832129715,0.1
regir_kv0_sg,0,random_init,centroid_gap,h_mean,1,id_train,10v10_K3,363,0.8321142509689182,0.1
regir_kv0_sg,0,random_init,centroid_gap,h_mean,1,id_val,10v10_K2,188,0.8618631636843134,0.1
regir_kv0_sg,0,random_init,centroid_gap,h_mean,1,id_val,10v10_K3,183,0.8038410597564719,0.1
regir_kv0_sg,0,random_init,centroid_gap,h_mean,1,id_test,10v10_K2,183,0.8149220896327678,0.1
regir_kv0_sg,0,random_init,centroid_gap,h_mean,1,id_test,10v10_K3,176,0.8202621986681594,0.1
regir_kv0_sg,0,random_init,centroid_gap,h_mean,1,ood_explore,30v30_K12,386,0.6907977521822888,0.1
regir_kv0_sg,0,random_init,centroid_gap,h_mean,1,ood_explore,30v30_K2,386,0.8146668057409614,0.1
regir_kv0_sg,0,random_init,centroid_gap,h_mean,1,ood_explore,50v50_K2,381,0.788493409263984,0.1
regir_kv0_sg,0,random_init,centroid_gap,h_mean,1,ood_confirm,30v30_K12,378,0.7031005297590692,0.1
regir_kv0_sg,0,random_init,centroid_gap,h_mean,1,ood_confirm,30v30_K2,384,0.7525894952635684,0.1
regir_kv0_sg,0,random_init,centroid_gap,h_mean,1,ood_confirm,50v50_K2,396,0.7730699743439192,0.1
regir_kv0_sg,0,random_init,centroid_gap,h_mean,2,id_train,10v10_K2,363,0.844234644233807,0.1
regir_kv0_sg,0,random_init,centroid_gap,h_mean,2,id_train,10v10_K3,363,0.8286718893838648,0.1
regir_kv0_sg,0,random_init,centroid_gap,h_mean,2,id_val,10v10_K2,188,0.8170519741176895,0.1
regir_kv0_sg,0,random_init,centroid_gap,h_mean,2,id_val,10v10_K3,183,0.7935301327331794,0.1
regir_kv0_sg,0,random_init,centroid_gap,h_mean,2,id_test,10v10_K2,183,0.7978011438313717,0.1
regir_kv0_sg,0,random_init,centroid_gap,h_mean,2,id_test,10v10_K3,176,0.806660473899093,0.1
regir_kv0_sg,0,random_init,centroid_gap,h_mean,2,ood_explore,30v30_K12,386,0.6800729894542253,0.1
regir_kv0_sg,0,random_init,centroid_gap,h_mean,2,ood_explore,30v30_K2,386,0.7832394757127099,0.1
regir_kv0_sg,0,random_init,centroid_gap,h_mean,2,ood_explore,50v50_K2,381,0.7706303354465458,0.1
regir_kv0_sg,0,random_init,centroid_gap,h_mean,2,ood_confirm,30v30_K12,378,0.7016686224287803,0.1
regir_kv0_sg,0,random_init,centroid_gap,h_mean,2,ood_confirm,30v30_K2,384,0.7486134028660186,0.1
regir_kv0_sg,0,random_init,centroid_gap,h_mean,2,ood_confirm,50v50_K2,396,0.740744443340201,0.1
regir_kv0_sg,0,random_init,centroid_gap,h_mean,3,id_train,10v10_K2,363,0.8497993169449902,0.1
regir_kv0_sg,0,random_init,centroid_gap,h_mean,3,id_train,10v10_K3,363,0.8225855948971199,0.1
regir_kv0_sg,0,random_init,centroid_gap,h_mean,3,id_val,10v10_K2,188,0.822434907755201,0.1
regir_kv0_sg,0,random_init,centroid_gap,h_mean,3,id_val,10v10_K3,183,0.7887831174257264,0.1
regir_kv0_sg,0,random_init,centroid_gap,h_mean,3,id_test,10v10_K2,183,0.7947904409004524,0.1
regir_kv0_sg,0,random_init,centroid_gap,h_mean,3,id_test,10v10_K3,176,0.808275989232718,0.1
regir_kv0_sg,0,random_init,centroid_gap,h_mean,3,ood_explore,30v30_K12,386,0.6923591081956563,0.1
regir_kv0_sg,0,random_init,centroid_gap,h_mean,3,ood_explore,30v30_K2,386,0.7865211538533561,0.1
regir_kv0_sg,0,random_init,centroid_gap,h_mean,3,ood_explore,50v50_K2,381,0.7605683133454539,0.1
regir_kv0_sg,0,random_init,centroid_gap,h_mean,3,ood_confirm,30v30_K12,378,0.7149140849076814,0.1
regir_kv0_sg,0,random_init,centroid_gap,h_mean,3,ood_confirm,30v30_K2,384,0.7482638160320423,0.1
regir_kv0_sg,0,random_init,centroid_gap,h_mean,3,ood_confirm,50v50_K2,396,0.7493972085840134,0.1
regir_kv0_sg,0,random_init,centroid_gap,h_mean,4,id_train,10v10_K2,363,0.8477798178539634,0.1
regir_kv0_sg,0,random_init,centroid_gap,h_mean,4,id_train,10v10_K3,363,0.8127818810462695,0.1
regir_kv0_sg,0,random_init,centroid_gap,h_mean,4,id_val,10v10_K2,188,0.8274887155684822,0.1
regir_kv0_sg,0,random_init,centroid_gap,h_mean,4,id_val,10v10_K3,183,0.7778294333404328,0.1
regir_kv0_sg,0,random_init,centroid_gap,h_mean,4,id_test,10v10_K2,183,0.8067788013238915,0.1
regir_kv0_sg,0,random_init,centroid_gap,h_mean,4,id_test,10v10_K3,176,0.8156077524261323,0.1
regir_kv0_sg,0,random_init,centroid_gap,h_mean,4,ood_explore,30v30_K12,386,0.7116085479134826,0.1
regir_kv0_sg,0,random_init,centroid_gap,h_mean,4,ood_explore,30v30_K2,386,0.7765799957259767,0.1
regir_kv0_sg,0,random_init,centroid_gap,h_mean,4,ood_explore,50v50_K2,381,0.7234614629152012,0.1
regir_kv0_sg,0,random_init,centroid_gap,h_mean,4,ood_confirm,30v30_K12,378,0.723363775973541,0.1
regir_kv0_sg,0,random_init,centroid_gap,h_mean,4,ood_confirm,30v30_K2,384,0.7258605159814657,0.1
regir_kv0_sg,0,random_init,centroid_gap,h_mean,4,ood_confirm,50v50_K2,396,0.7205026413668691,0.1
regir_kv0_sg,0,random_init,nearest_target_distance,h_mean,0,id_train,10v10_K2,363,0.8080568466673617,1.0
regir_kv0_sg,0,random_init,nearest_target_distance,h_mean,0,id_train,10v10_K3,363,0.843233225639789,1.0
regir_kv0_sg,0,random_init,nearest_target_distance,h_mean,0,id_val,10v10_K2,188,0.7743453445996772,1.0
regir_kv0_sg,0,random_init,nearest_target_distance,h_mean,0,id_val,10v10_K3,183,0.8367411769678612,1.0
regir_kv0_sg,0,random_init,nearest_target_distance,h_mean,0,id_test,10v10_K2,183,0.8025941588612009,1.0
regir_kv0_sg,0,random_init,nearest_target_distance,h_mean,0,id_test,10v10_K3,176,0.7837116952239367,1.0
regir_kv0_sg,0,random_init,nearest_target_distance,h_mean,0,ood_explore,30v30_K12,386,0.7114827676290116,1.0
regir_kv0_sg,0,random_init,nearest_target_distance,h_mean,0,ood_explore,30v30_K2,386,0.6965210230401702,1.0
regir_kv0_sg,0,random_init,nearest_target_distance,h_mean,0,ood_explore,50v50_K2,381,0.6372537925372229,1.0
regir_kv0_sg,0,random_init,nearest_target_distance,h_mean,0,ood_confirm,30v30_K12,378,0.6146531984147141,1.0
regir_kv0_sg,0,random_init,nearest_target_distance,h_mean,0,ood_confirm,30v30_K2,384,0.6127392337176548,1.0
regir_kv0_sg,0,random_init,nearest_target_distance,h_mean,0,ood_confirm,50v50_K2,396,0.6407307976316328,1.0
regir_kv0_sg,0,random_init,nearest_target_distance,h_mean,1,id_train,10v10_K2,363,0.8150661607458782,1.0
regir_kv0_sg,0,random_init,nearest_target_distance,h_mean,1,id_train,10v10_K3,363,0.853377001982181,1.0
regir_kv0_sg,0,random_init,nearest_target_distance,h_mean,1,id_val,10v10_K2,188,0.7504987607309289,1.0
regir_kv0_sg,0,random_init,nearest_target_distance,h_mean,1,id_val,10v10_K3,183,0.825009580110371,1.0
regir_kv0_sg,0,random_init,nearest_target_distance,h_mean,1,id_test,10v10_K2,183,0.8037046625746289,1.0
regir_kv0_sg,0,random_init,nearest_target_distance,h_mean,1,id_test,10v10_K3,176,0.7583498791552571,1.0
regir_kv0_sg,0,random_init,nearest_target_distance,h_mean,1,ood_explore,30v30_K12,386,0.7491473504410995,1.0
regir_kv0_sg,0,random_init,nearest_target_distance,h_mean,1,ood_explore,30v30_K2,386,0.6996424701717366,1.0
regir_kv0_sg,0,random_init,nearest_target_distance,h_mean,1,ood_explore,50v50_K2,381,0.5901936010913392,1.0
regir_kv0_sg,0,random_init,nearest_target_distance,h_mean,1,ood_confirm,30v30_K12,378,0.7004518182406879,1.0
regir_kv0_sg,0,random_init,nearest_target_distance,h_mean,1,ood_confirm,30v30_K2,384,0.6146077449425239,1.0
regir_kv0_sg,0,random_init,nearest_target_distance,h_mean,1,ood_confirm,50v50_K2,396,0.6240878172814094,1.0
regir_kv0_sg,0,random_init,nearest_target_distance,h_mean,2,id_train,10v10_K2,363,0.8229025772348695,1.0
regir_kv0_sg,0,random_init,nearest_target_distance,h_mean,2,id_train,10v10_K3,363,0.8324893869297467,1.0
regir_kv0_sg,0,random_init,nearest_target_distance,h_mean,2,id_val,10v10_K2,188,0.7338349248746068,1.0
regir_kv0_sg,0,random_init,nearest_target_distance,h_mean,2,id_val,10v10_K3,183,0.8057277002294134,1.0
regir_kv0_sg,0,random_init,nearest_target_distance,h_mean,2,id_test,10v10_K2,183,0.7911464701804553,1.0
regir_kv0_sg,0,random_init,nearest_target_distance,h_mean,2,id_test,10v10_K3,176,0.7564458695269414,1.0
regir_kv0_sg,0,random_init,nearest_target_distance,h_mean,2,ood_explore,30v30_K12,386,0.7577412440589264,1.0
regir_kv0_sg,0,random_init,nearest_target_distance,h_mean,2,ood_explore,30v30_K2,386,0.7167948902997696,1.0
regir_kv0_sg,0,random_init,nearest_target_distance,h_mean,2,ood_explore,50v50_K2,381,0.648314594884859,1.0
regir_kv0_sg,0,random_init,nearest_target_distance,h_mean,2,ood_confirm,30v30_K12,378,0.7074219125910797,1.0
regir_kv0_sg,0,random_init,nearest_target_distance,h_mean,2,ood_confirm,30v30_K2,384,0.6567332182741935,1.0
regir_kv0_sg,0,random_init,nearest_target_distance,h_mean,2,ood_confirm,50v50_K2,396,0.6682869742027967,1.0
regir_kv0_sg,0,random_init,nearest_target_distance,h_mean,3,id_train,10v10_K2,363,0.8229877712440202,1.0
regir_kv0_sg,0,random_init,nearest_target_distance,h_mean,3,id_train,10v10_K3,363,0.8388271124184437,1.0
regir_kv0_sg,0,random_init,nearest_target_distance,h_mean,3,id_val,10v10_K2,188,0.7501404383903043,1.0
regir_kv0_sg,0,random_init,nearest_target_distance,h_mean,3,id_val,10v10_K3,183,0.7968112517774628,1.0
regir_kv0_sg,0,random_init,nearest_target_distance,h_mean,3,id_test,10v10_K2,183,0.7819519754005204,1.0
regir_kv0_sg,0,random_init,nearest_target_distance,h_mean,3,id_test,10v10_K3,176,0.7774599414289931,1.0
regir_kv0_sg,0,random_init,nearest_target_distance,h_mean,3,ood_explore,30v30_K12,386,0.7955458251348688,1.0
regir_kv0_sg,0,random_init,nearest_target_distance,h_mean,3,ood_explore,30v30_K2,386,0.7043494321059423,1.0
regir_kv0_sg,0,random_init,nearest_target_distance,h_mean,3,ood_explore,50v50_K2,381,0.6373255763457988,1.0
regir_kv0_sg,0,random_init,nearest_target_distance,h_mean,3,ood_confirm,30v30_K12,378,0.7534180902388767,1.0
regir_kv0_sg,0,random_init,nearest_target_distance,h_mean,3,ood_confirm,30v30_K2,384,0.6453452813132696,1.0
regir_kv0_sg,0,random_init,nearest_target_distance,h_mean,3,ood_confirm,50v50_K2,396,0.6535806717146462,1.0
regir_kv0_sg,0,random_init,nearest_target_distance,h_mean,4,id_train,10v10_K2,363,0.8209051338479437,1.0
regir_kv0_sg,0,random_init,nearest_target_distance,h_mean,4,id_train,10v10_K3,363,0.8409241286342745,1.0
regir_kv0_sg,0,random_init,nearest_target_distance,h_mean,4,id_val,10v10_K2,188,0.7521067773177629,1.0
regir_kv0_sg,0,random_init,nearest_target_distance,h_mean,4,id_val,10v10_K3,183,0.8032778764106645,1.0
regir_kv0_sg,0,random_init,nearest_target_distance,h_mean,4,id_test,10v10_K2,183,0.7843000650783973,1.0
regir_kv0_sg,0,random_init,nearest_target_distance,h_mean,4,id_test,10v10_K3,176,0.7834050081789563,1.0
regir_kv0_sg,0,random_init,nearest_target_distance,h_mean,4,ood_explore,30v30_K12,386,0.8107037170497318,1.0
regir_kv0_sg,0,random_init,nearest_target_distance,h_mean,4,ood_explore,30v30_K2,386,0.6792715622555319,1.0
regir_kv0_sg,0,random_init,nearest_target_distance,h_mean,4,ood_explore,50v50_K2,381,0.5966477528678669,1.0
regir_kv0_sg,0,random_init,nearest_target_distance,h_mean,4,ood_confirm,30v30_K12,378,0.7541481188804426,1.0
regir_kv0_sg,0,random_init,nearest_target_distance,h_mean,4,ood_confirm,30v30_K2,384,0.6136546786241783,1.0
regir_kv0_sg,0,random_init,nearest_target_distance,h_mean,4,ood_confirm,50v50_K2,396,0.6070351320088978,1.0
regir_kv0_sg,0,random_init,threat,readout,0,id_train,10v10_K2,363,0.48253147560071485,100.0
regir_kv0_sg,0,random_init,threat,readout,0,id_train,10v10_K3,363,0.47049848050392273,100.0
regir_kv0_sg,0,random_init,threat,readout,0,id_val,10v10_K2,188,-0.4076765315271822,100.0
regir_kv0_sg,0,random_init,threat,readout,0,id_val,10v10_K3,183,0.19486970166645734,100.0
regir_kv0_sg,0,random_init,threat,readout,0,id_test,10v10_K2,183,0.0738167010481986,100.0
regir_kv0_sg,0,random_init,threat,readout,0,id_test,10v10_K3,176,0.15388182716203058,100.0
regir_kv0_sg,0,random_init,threat,readout,0,ood_explore,30v30_K12,386,0.2062612841019198,100.0
regir_kv0_sg,0,random_init,threat,readout,0,ood_explore,30v30_K2,386,0.4016556531394355,100.0
regir_kv0_sg,0,random_init,threat,readout,0,ood_explore,50v50_K2,381,0.3190679112053092,100.0
regir_kv0_sg,0,random_init,threat,readout,0,ood_confirm,30v30_K12,378,0.3843157096518115,100.0
regir_kv0_sg,0,random_init,threat,readout,0,ood_confirm,30v30_K2,384,0.3098981627929748,100.0
regir_kv0_sg,0,random_init,threat,readout,0,ood_confirm,50v50_K2,396,0.03231799811417524,100.0
regir_kv0_sg,0,random_init,threat,readout,1,id_train,10v10_K2,363,0.46859223636075653,100.0
regir_kv0_sg,0,random_init,threat,readout,1,id_train,10v10_K3,363,0.4461260149858385,100.0
regir_kv0_sg,0,random_init,threat,readout,1,id_val,10v10_K2,188,-0.36850734963300336,100.0
regir_kv0_sg,0,random_init,threat,readout,1,id_val,10v10_K3,183,0.20189617271495663,100.0
regir_kv0_sg,0,random_init,threat,readout,1,id_test,10v10_K2,183,0.12591140204258988,100.0
regir_kv0_sg,0,random_init,threat,readout,1,id_test,10v10_K3,176,0.17646068119989766,100.0
regir_kv0_sg,0,random_init,threat,readout,1,ood_explore,30v30_K12,386,0.22020515189286272,100.0
regir_kv0_sg,0,random_init,threat,readout,1,ood_explore,30v30_K2,386,0.4225923694649063,100.0
regir_kv0_sg,0,random_init,threat,readout,1,ood_explore,50v50_K2,381,0.3584072854448518,100.0
regir_kv0_sg,0,random_init,threat,readout,1,ood_confirm,30v30_K12,378,0.42288364370068576,100.0
regir_kv0_sg,0,random_init,threat,readout,1,ood_confirm,30v30_K2,384,0.3554738474555227,100.0
regir_kv0_sg,0,random_init,threat,readout,1,ood_confirm,50v50_K2,396,0.12382894802481459,100.0
regir_kv0_sg,0,random_init,threat,readout,2,id_train,10v10_K2,363,0.475907268450672,100.0
regir_kv0_sg,0,random_init,threat,readout,2,id_train,10v10_K3,363,0.41769863969972,100.0
regir_kv0_sg,0,random_init,threat,readout,2,id_val,10v10_K2,188,-0.366529725872363,100.0
regir_kv0_sg,0,random_init,threat,readout,2,id_val,10v10_K3,183,0.19601826708931414,100.0
regir_kv0_sg,0,random_init,threat,readout,2,id_test,10v10_K2,183,0.15288944247950564,100.0
regir_kv0_sg,0,random_init,threat,readout,2,id_test,10v10_K3,176,0.1760379649891627,100.0
regir_kv0_sg,0,random_init,threat,readout,2,ood_explore,30v30_K12,386,0.16803014774230318,100.0
regir_kv0_sg,0,random_init,threat,readout,2,ood_explore,30v30_K2,386,0.4120254902633761,100.0
regir_kv0_sg,0,random_init,threat,readout,2,ood_explore,50v50_K2,381,0.35321997321188636,100.0
regir_kv0_sg,0,random_init,threat,readout,2,ood_confirm,30v30_K12,378,0.3996723983113547,100.0
regir_kv0_sg,0,random_init,threat,readout,2,ood_confirm,30v30_K2,384,0.3504732132171432,100.0
regir_kv0_sg,0,random_init,threat,readout,2,ood_confirm,50v50_K2,396,0.14284072687949978,100.0
regir_kv0_sg,0,random_init,threat,readout,3,id_train,10v10_K2,363,0.4738813981204759,100.0
regir_kv0_sg,0,random_init,threat,readout,3,id_train,10v10_K3,363,0.40928492499146973,100.0
regir_kv0_sg,0,random_init,threat,readout,3,id_val,10v10_K2,188,-0.36147150606303624,100.0
regir_kv0_sg,0,random_init,threat,readout,3,id_val,10v10_K3,183,0.20538847248372394,100.0
regir_kv0_sg,0,random_init,threat,readout,3,id_test,10v10_K2,183,0.16233442575056956,100.0
regir_kv0_sg,0,random_init,threat,readout,3,id_test,10v10_K3,176,0.1839314998189785,100.0
regir_kv0_sg,0,random_init,threat,readout,3,ood_explore,30v30_K12,386,0.14525499187121926,100.0
regir_kv0_sg,0,random_init,threat,readout,3,ood_explore,30v30_K2,386,0.3969859376059959,100.0
regir_kv0_sg,0,random_init,threat,readout,3,ood_explore,50v50_K2,381,0.36455385558439257,100.0
regir_kv0_sg,0,random_init,threat,readout,3,ood_confirm,30v30_K12,378,0.3787172858672123,100.0
regir_kv0_sg,0,random_init,threat,readout,3,ood_confirm,30v30_K2,384,0.3498024276896362,100.0
regir_kv0_sg,0,random_init,threat,readout,3,ood_confirm,50v50_K2,396,0.15267580762704058,100.0
regir_kv0_sg,0,random_init,unmarked_frac,readout,0,id_train,10v10_K2,363,0.4279161454794381,10.0
regir_kv0_sg,0,random_init,unmarked_frac,readout,0,id_train,10v10_K3,363,0.3827842819141811,10.0
regir_kv0_sg,0,random_init,unmarked_frac,readout,0,id_val,10v10_K2,188,0.11187610724835606,10.0
regir_kv0_sg,0,random_init,unmarked_frac,readout,0,id_val,10v10_K3,183,0.4462006761297821,10.0
regir_kv0_sg,0,random_init,unmarked_frac,readout,0,id_test,10v10_K2,183,0.39928513584091885,10.0
regir_kv0_sg,0,random_init,unmarked_frac,readout,0,id_test,10v10_K3,176,0.34884305780689884,10.0
regir_kv0_sg,0,random_init,unmarked_frac,readout,0,ood_explore,30v30_K12,386,0.03947499664690235,10.0
regir_kv0_sg,0,random_init,unmarked_frac,readout,0,ood_explore,30v30_K2,386,0.06453597103881914,10.0
regir_kv0_sg,0,random_init,unmarked_frac,readout,0,ood_explore,50v50_K2,381,-0.08460981744845908,10.0
regir_kv0_sg,0,random_init,unmarked_frac,readout,0,ood_confirm,30v30_K12,378,0.2776213218397774,10.0
regir_kv0_sg,0,random_init,unmarked_frac,readout,0,ood_confirm,30v30_K2,384,0.11169715752370635,10.0
regir_kv0_sg,0,random_init,unmarked_frac,readout,0,ood_confirm,50v50_K2,396,0.03482909392359035,10.0
regir_kv0_sg,0,random_init,unmarked_frac,readout,1,id_train,10v10_K2,363,0.41238606546409107,10.0
regir_kv0_sg,0,random_init,unmarked_frac,readout,1,id_train,10v10_K3,363,0.3661480588031564,10.0
regir_kv0_sg,0,random_init,unmarked_frac,readout,1,id_val,10v10_K2,188,0.13157205037548236,10.0
regir_kv0_sg,0,random_init,unmarked_frac,readout,1,id_val,10v10_K3,183,0.43707400472553826,10.0
regir_kv0_sg,0,random_init,unmarked_frac,readout,1,id_test,10v10_K2,183,0.3730987602836696,10.0
regir_kv0_sg,0,random_init,unmarked_frac,readout,1,id_test,10v10_K3,176,0.3102410475843129,10.0
regir_kv0_sg,0,random_init,unmarked_frac,readout,1,ood_explore,30v30_K12,386,0.083409321277913,10.0
regir_kv0_sg,0,random_init,unmarked_frac,readout,1,ood_explore,30v30_K2,386,0.06640400749119824,10.0
regir_kv0_sg,0,random_init,unmarked_frac,readout,1,ood_explore,50v50_K2,381,-0.23788049587172844,10.0
regir_kv0_sg,0,random_init,unmarked_frac,readout,1,ood_confirm,30v30_K12,378,0.2921130701468494,10.0
regir_kv0_sg,0,random_init,unmarked_frac,readout,1,ood_confirm,30v30_K2,384,0.06857368853743118,10.0
regir_kv0_sg,0,random_init,unmarked_frac,readout,1,ood_confirm,50v50_K2,396,-0.030548992722599255,10.0
regir_kv0_sg,0,random_init,unmarked_frac,readout,2,id_train,10v10_K2,363,0.4015701415553823,10.0
regir_kv0_sg,0,random_init,unmarked_frac,readout,2,id_train,10v10_K3,363,0.3531713817044192,10.0
regir_kv0_sg,0,random_init,unmarked_frac,readout,2,id_val,10v10_K2,188,0.10700469664491485,10.0
regir_kv0_sg,0,random_init,unmarked_frac,readout,2,id_val,10v10_K3,183,0.41732068510729103,10.0
regir_kv0_sg,0,random_init,unmarked_frac,readout,2,id_test,10v10_K2,183,0.3529940939909436,10.0
regir_kv0_sg,0,random_init,unmarked_frac,readout,2,id_test,10v10_K3,176,0.30286651104016893,10.0
regir_kv0_sg,0,random_init,unmarked_frac,readout,2,ood_explore,30v30_K12,386,0.08083121893048595,10.0
regir_kv0_sg,0,random_init,unmarked_frac,readout,2,ood_explore,30v30_K2,386,0.06669391068048114,10.0
regir_kv0_sg,0,random_init,unmarked_frac,readout,2,ood_explore,50v50_K2,381,-0.30639182455763914,10.0
regir_kv0_sg,0,random_init,unmarked_frac,readout,2,ood_confirm,30v30_K12,378,0.29045357627380886,10.0
regir_kv0_sg,0,random_init,unmarked_frac,readout,2,ood_confirm,30v30_K2,384,0.03891853796840661,10.0
regir_kv0_sg,0,random_init,unmarked_frac,readout,2,ood_confirm,50v50_K2,396,-0.07362654344004449,10.0
regir_kv0_sg,0,random_init,unmarked_frac,readout,3,id_train,10v10_K2,363,0.39492248141481845,10.0
regir_kv0_sg,0,random_init,unmarked_frac,readout,3,id_train,10v10_K3,363,0.34295579426403955,10.0
regir_kv0_sg,0,random_init,unmarked_frac,readout,3,id_val,10v10_K2,188,0.08599263541269953,10.0
regir_kv0_sg,0,random_init,unmarked_frac,readout,3,id_val,10v10_K3,183,0.41065638121825976,10.0
regir_kv0_sg,0,random_init,unmarked_frac,readout,3,id_test,10v10_K2,183,0.34026391292640157,10.0
regir_kv0_sg,0,random_init,unmarked_frac,readout,3,id_test,10v10_K3,176,0.28938617099050956,10.0
regir_kv0_sg,0,random_init,unmarked_frac,readout,3,ood_explore,30v30_K12,386,0.0977151307338322,10.0
regir_kv0_sg,0,random_init,unmarked_frac,readout,3,ood_explore,30v30_K2,386,0.07240728911275618,10.0
regir_kv0_sg,0,random_init,unmarked_frac,readout,3,ood_explore,50v50_K2,381,-0.3039745967355212,10.0
regir_kv0_sg,0,random_init,unmarked_frac,readout,3,ood_confirm,30v30_K12,378,0.2885627637701621,10.0
regir_kv0_sg,0,random_init,unmarked_frac,readout,3,ood_confirm,30v30_K2,384,0.030311913956443726,10.0
regir_kv0_sg,0,random_init,unmarked_frac,readout,3,ood_confirm,50v50_K2,396,-0.0806744296321742,10.0
regir_kv0_sg,0,random_init,centroid_gap,readout,0,id_train,10v10_K2,363,0.8579808859287835,0.0001
regir_kv0_sg,0,random_init,centroid_gap,readout,0,id_train,10v10_K3,363,0.8332683135961538,0.0001
regir_kv0_sg,0,random_init,centroid_gap,readout,0,id_val,10v10_K2,188,0.8635587658423736,0.0001
regir_kv0_sg,0,random_init,centroid_gap,readout,0,id_val,10v10_K3,183,0.8037381678245105,0.0001
regir_kv0_sg,0,random_init,centroid_gap,readout,0,id_test,10v10_K2,183,0.8161504118386239,0.0001
regir_kv0_sg,0,random_init,centroid_gap,readout,0,id_test,10v10_K3,176,0.8191632635748313,0.0001
regir_kv0_sg,0,random_init,centroid_gap,readout,0,ood_explore,30v30_K12,386,0.6912754490743647,0.0001
regir_kv0_sg,0,random_init,centroid_gap,readout,0,ood_explore,30v30_K2,386,0.8199571045755967,0.0001
regir_kv0_sg,0,random_init,centroid_gap,readout,0,ood_explore,50v50_K2,381,0.7964493703825064,0.0001
regir_kv0_sg,0,random_init,centroid_gap,readout,0,ood_confirm,30v30_K12,378,0.7027793743475357,0.0001
regir_kv0_sg,0,random_init,centroid_gap,readout,0,ood_confirm,30v30_K2,384,0.7577798799278987,0.0001
regir_kv0_sg,0,random_init,centroid_gap,readout,0,ood_confirm,50v50_K2,396,0.7767206308414691,0.0001
regir_kv0_sg,0,random_init,centroid_gap,readout,1,id_train,10v10_K2,363,0.8433381488411128,0.0001
regir_kv0_sg,0,random_init,centroid_gap,readout,1,id_train,10v10_K3,363,0.8301808701162479,0.0001
regir_kv0_sg,0,random_init,centroid_gap,readout,1,id_val,10v10_K2,188,0.8232591944760052,0.0001
regir_kv0_sg,0,random_init,centroid_gap,readout,1,id_val,10v10_K3,183,0.7953242534626498,0.0001
regir_kv0_sg,0,random_init,centroid_gap,readout,1,id_test,10v10_K2,183,0.8011900387944614,0.0001
regir_kv0_sg,0,random_init,centroid_gap,readout,1,id_test,10v10_K3,176,0.8009774510033095,0.0001
regir_kv0_sg,0,random_init,centroid_gap,readout,1,ood_explore,30v30_K12,386,0.6863989609520638,0.0001
regir_kv0_sg,0,random_init,centroid_gap,readout,1,ood_explore,30v30_K2,386,0.7859069829540436,0.0001
regir_kv0_sg,0,random_init,centroid_gap,readout,1,ood_explore,50v50_K2,381,0.7793098352230587,0.0001
regir_kv0_sg,0,random_init,centroid_gap,readout,1,ood_confirm,30v30_K12,378,0.7021065714442842,0.0001
regir_kv0_sg,0,random_init,centroid_gap,readout,1,ood_confirm,30v30_K2,384,0.7481195161743217,0.0001
regir_kv0_sg,0,random_init,centroid_gap,readout,1,ood_confirm,50v50_K2,396,0.7346199787728498,0.0001
regir_kv0_sg,0,random_init,centroid_gap,readout,2,id_train,10v10_K2,363,0.8483663249873162,0.0001
regir_kv0_sg,0,random_init,centroid_gap,readout,2,id_train,10v10_K3,363,0.8264204930036012,0.0001
regir_kv0_sg,0,random_init,centroid_gap,readout,2,id_val,10v10_K2,188,0.8253964492534898,0.0001
regir_kv0_sg,0,random_init,centroid_gap,readout,2,id_val,10v10_K3,183,0.7794825965053469,0.0001
regir_kv0_sg,0,random_init,centroid_gap,readout,2,id_test,10v10_K2,183,0.800286326970404,0.0001
regir_kv0_sg,0,random_init,centroid_gap,readout,2,id_test,10v10_K3,176,0.8073938939096068,0.0001
regir_kv0_sg,0,random_init,centroid_gap,readout,2,ood_explore,30v30_K12,386,0.7144434239791833,0.0001
regir_kv0_sg,0,random_init,centroid_gap,readout,2,ood_explore,30v30_K2,386,0.7922954795815431,0.0001
regir_kv0_sg,0,random_init,centroid_gap,readout,2,ood_explore,50v50_K2,381,0.7828365032188721,0.0001
regir_kv0_sg,0,random_init,centroid_gap,readout,2,ood_confirm,30v30_K12,378,0.730849374618909,0.0001
regir_kv0_sg,0,random_init,centroid_gap,readout,2,ood_confirm,30v30_K2,384,0.7444972290221307,0.0001
regir_kv0_sg,0,random_init,centroid_gap,readout,2,ood_confirm,50v50_K2,396,0.7468114756927189,0.0001
regir_kv0_sg,0,random_init,centroid_gap,readout,3,id_train,10v10_K2,363,0.846124475221324,0.0001
regir_kv0_sg,0,random_init,centroid_gap,readout,3,id_train,10v10_K3,363,0.8212229066480381,0.0001
regir_kv0_sg,0,random_init,centroid_gap,readout,3,id_val,10v10_K2,188,0.8343087777340106,0.0001
regir_kv0_sg,0,random_init,centroid_gap,readout,3,id_val,10v10_K3,183,0.7688312717266264,0.0001
regir_kv0_sg,0,random_init,centroid_gap,readout,3,id_test,10v10_K2,183,0.8084303190433624,0.0001
regir_kv0_sg,0,random_init,centroid_gap,readout,3,id_test,10v10_K3,176,0.8159859771055955,0.0001
regir_kv0_sg,0,random_init,centroid_gap,readout,3,ood_explore,30v30_K12,386,0.7513981408630425,0.0001
regir_kv0_sg,0,random_init,centroid_gap,readout,3,ood_explore,30v30_K2,386,0.7908134643958146,0.0001
regir_kv0_sg,0,random_init,centroid_gap,readout,3,ood_explore,50v50_K2,381,0.7551883715466676,0.0001
regir_kv0_sg,0,random_init,centroid_gap,readout,3,ood_confirm,30v30_K12,378,0.7557776941956698,0.0001
regir_kv0_sg,0,random_init,centroid_gap,readout,3,ood_confirm,30v30_K2,384,0.7280506207734718,0.0001
regir_kv0_sg,0,random_init,centroid_gap,readout,3,ood_confirm,50v50_K2,396,0.7307875940041785,0.0001
regir_kv0_sg,0,random_init,nearest_target_distance,readout,0,id_train,10v10_K2,363,0.8192453104912448,0.0001
regir_kv0_sg,0,random_init,nearest_target_distance,readout,0,id_train,10v10_K3,363,0.8539986155616814,0.0001
regir_kv0_sg,0,random_init,nearest_target_distance,readout,0,id_val,10v10_K2,188,0.748071837931136,0.0001
regir_kv0_sg,0,random_init,nearest_target_distance,readout,0,id_val,10v10_K3,183,0.8175940225613049,0.0001
regir_kv0_sg,0,random_init,nearest_target_distance,readout,0,id_test,10v10_K2,183,0.7985192329149622,0.0001
regir_kv0_sg,0,random_init,nearest_target_distance,readout,0,id_test,10v10_K3,176,0.7474397672612672,0.0001
regir_kv0_sg,0,random_init,nearest_target_distance,readout,0,ood_explore,30v30_K12,386,0.7228053194337125,0.0001
regir_kv0_sg,0,random_init,nearest_target_distance,readout,0,ood_explore,30v30_K2,386,0.693001551822457,0.0001
regir_kv0_sg,0,random_init,nearest_target_distance,readout,0,ood_explore,50v50_K2,381,0.5921660655459902,0.0001
regir_kv0_sg,0,random_init,nearest_target_distance,readout,0,ood_confirm,30v30_K12,378,0.6901260885682037,0.0001
regir_kv0_sg,0,random_init,nearest_target_distance,readout,0,ood_confirm,30v30_K2,384,0.6091612023576738,0.0001
regir_kv0_sg,0,random_init,nearest_target_distance,readout,0,ood_confirm,50v50_K2,396,0.6240641501879345,0.0001
regir_kv0_sg,0,random_init,nearest_target_distance,readout,1,id_train,10v10_K2,363,0.828365755265668,0.0001
regir_kv0_sg,0,random_init,nearest_target_distance,readout,1,id_train,10v10_K3,363,0.8355209055803424,0.0001
regir_kv0_sg,0,random_init,nearest_target_distance,readout,1,id_val,10v10_K2,188,0.7432569961837209,0.0001
regir_kv0_sg,0,random_init,nearest_target_distance,readout,1,id_val,10v10_K3,183,0.8001740066568512,0.0001
regir_kv0_sg,0,random_init,nearest_target_distance,readout,1,id_test,10v10_K2,183,0.793241385301425,0.0001
regir_kv0_sg,0,random_init,nearest_target_distance,readout,1,id_test,10v10_K3,176,0.7496438159483799,0.0001
regir_kv0_sg,0,random_init,nearest_target_distance,readout,1,ood_explore,30v30_K12,386,0.7575312631009063,0.0001
regir_kv0_sg,0,random_init,nearest_target_distance,readout,1,ood_explore,30v30_K2,386,0.7192650393652427,0.0001
regir_kv0_sg,0,random_init,nearest_target_distance,readout,1,ood_explore,50v50_K2,381,0.6469939266557865,0.0001
regir_kv0_sg,0,random_init,nearest_target_distance,readout,1,ood_confirm,30v30_K12,378,0.7148777465866476,0.0001
regir_kv0_sg,0,random_init,nearest_target_distance,readout,1,ood_confirm,30v30_K2,384,0.6469513419799993,0.0001
regir_kv0_sg,0,random_init,nearest_target_distance,readout,1,ood_confirm,50v50_K2,396,0.6603246876532366,0.0001
regir_kv0_sg,0,random_init,nearest_target_distance,readout,2,id_train,10v10_K2,363,0.8286850987960723,0.0001
regir_kv0_sg,0,random_init,nearest_target_distance,readout,2,id_train,10v10_K3,363,0.8469607885243841,0.0001
regir_kv0_sg,0,random_init,nearest_target_distance,readout,2,id_val,10v10_K2,188,0.7657724766043957,0.0001
regir_kv0_sg,0,random_init,nearest_target_distance,readout,2,id_val,10v10_K3,183,0.7920405434564598,0.0001
regir_kv0_sg,0,random_init,nearest_target_distance,readout,2,id_test,10v10_K2,183,0.7840267170002662,0.0001
regir_kv0_sg,0,random_init,nearest_target_distance,readout,2,id_test,10v10_K3,176,0.7743241471282478,0.0001
regir_kv0_sg,0,random_init,nearest_target_distance,readout,2,ood_explore,30v30_K12,386,0.8031763443021164,0.0001
regir_kv0_sg,0,random_init,nearest_target_distance,readout,2,ood_explore,30v30_K2,386,0.7102010824518807,0.0001
regir_kv0_sg,0,random_init,nearest_target_distance,readout,2,ood_explore,50v50_K2,381,0.6462238612894673,0.0001
regir_kv0_sg,0,random_init,nearest_target_distance,readout,2,ood_confirm,30v30_K12,378,0.7758908613405812,0.0001
regir_kv0_sg,0,random_init,nearest_target_distance,readout,2,ood_confirm,30v30_K2,384,0.6406886052282337,0.0001
regir_kv0_sg,0,random_init,nearest_target_distance,readout,2,ood_confirm,50v50_K2,396,0.6546976978816512,0.0001
regir_kv0_sg,0,random_init,nearest_target_distance,readout,3,id_train,10v10_K2,363,0.8310149874703875,0.0001
regir_kv0_sg,0,random_init,nearest_target_distance,readout,3,id_train,10v10_K3,363,0.8508599173005975,0.0001
regir_kv0_sg,0,random_init,nearest_target_distance,readout,3,id_val,10v10_K2,188,0.7691213781010912,0.0001
regir_kv0_sg,0,random_init,nearest_target_distance,readout,3,id_val,10v10_K3,183,0.7988975770078008,0.0001
regir_kv0_sg,0,random_init,nearest_target_distance,readout,3,id_test,10v10_K2,183,0.7826563707531135,0.0001
regir_kv0_sg,0,random_init,nearest_target_distance,readout,3,id_test,10v10_K3,176,0.7755381349362991,0.0001
regir_kv0_sg,0,random_init,nearest_target_distance,readout,3,ood_explore,30v30_K12,386,0.8191137277400393,0.0001
regir_kv0_sg,0,random_init,nearest_target_distance,readout,3,ood_explore,30v30_K2,386,0.7013698718529537,0.0001
regir_kv0_sg,0,random_init,nearest_target_distance,readout,3,ood_explore,50v50_K2,381,0.6353089587860636,0.0001
regir_kv0_sg,0,random_init,nearest_target_distance,readout,3,ood_confirm,30v30_K12,378,0.7821931161132948,0.0001
regir_kv0_sg,0,random_init,nearest_target_distance,readout,3,ood_confirm,30v30_K2,384,0.624282933872548,0.0001
regir_kv0_sg,0,random_init,nearest_target_distance,readout,3,ood_confirm,50v50_K2,396,0.6408037709718375,0.0001
regir_kv0_sg,0,shuffled_labels,threat,h_mean,0,id_train,10v10_K2,363,0.022525887175858128,100.0
regir_kv0_sg,0,shuffled_labels,threat,h_mean,0,id_train,10v10_K3,363,0.011040687187494846,100.0
regir_kv0_sg,0,shuffled_labels,threat,h_mean,0,id_val,10v10_K2,188,-0.3157372621471062,100.0
regir_kv0_sg,0,shuffled_labels,threat,h_mean,0,id_val,10v10_K3,183,0.0071436283194828976,100.0
regir_kv0_sg,0,shuffled_labels,threat,h_mean,0,id_test,10v10_K2,183,-0.09305186135682875,100.0
regir_kv0_sg,0,shuffled_labels,threat,h_mean,0,id_test,10v10_K3,176,0.009943736845988482,100.0
regir_kv0_sg,0,shuffled_labels,threat,h_mean,0,ood_explore,30v30_K12,386,0.05437222845449796,100.0
regir_kv0_sg,0,shuffled_labels,threat,h_mean,0,ood_explore,30v30_K2,386,0.006994226518325486,100.0
regir_kv0_sg,0,shuffled_labels,threat,h_mean,0,ood_explore,50v50_K2,381,0.012672346045268235,100.0
regir_kv0_sg,0,shuffled_labels,threat,h_mean,0,ood_confirm,30v30_K12,378,0.056287501349791436,100.0
regir_kv0_sg,0,shuffled_labels,threat,h_mean,0,ood_confirm,30v30_K2,384,-0.005438251179150866,100.0
regir_kv0_sg,0,shuffled_labels,threat,h_mean,0,ood_confirm,50v50_K2,396,-0.005970570733431879,100.0
regir_kv0_sg,0,shuffled_labels,threat,h_mean,1,id_train,10v10_K2,363,0.02416775823057371,100.0
regir_kv0_sg,0,shuffled_labels,threat,h_mean,1,id_train,10v10_K3,363,0.02856761065333957,100.0
regir_kv0_sg,0,shuffled_labels,threat,h_mean,1,id_val,10v10_K2,188,-0.3747717387105767,100.0
regir_kv0_sg,0,shuffled_labels,threat,h_mean,1,id_val,10v10_K3,183,0.03246366516603638,100.0
regir_kv0_sg,0,shuffled_labels,threat,h_mean,1,id_test,10v10_K2,183,-0.12990791572803584,100.0
regir_kv0_sg,0,shuffled_labels,threat,h_mean,1,id_test,10v10_K3,176,-0.03131452199184337,100.0
regir_kv0_sg,0,shuffled_labels,threat,h_mean,1,ood_explore,30v30_K12,386,0.03494075661100671,100.0
regir_kv0_sg,0,shuffled_labels,threat,h_mean,1,ood_explore,30v30_K2,386,-0.03309839616136423,100.0
regir_kv0_sg,0,shuffled_labels,threat,h_mean,1,ood_explore,50v50_K2,381,-0.049417476629159074,100.0
regir_kv0_sg,0,shuffled_labels,threat,h_mean,1,ood_confirm,30v30_K12,378,0.03361341379678462,100.0
regir_kv0_sg,0,shuffled_labels,threat,h_mean,1,ood_confirm,30v30_K2,384,-0.03470495398269313,100.0
regir_kv0_sg,0,shuffled_labels,threat,h_mean,1,ood_confirm,50v50_K2,396,-0.021820560054678362,100.0
regir_kv0_sg,0,shuffled_labels,threat,h_mean,2,id_train,10v10_K2,363,0.015690858583800704,100.0
regir_kv0_sg,0,shuffled_labels,threat,h_mean,2,id_train,10v10_K3,363,0.03791621042913318,100.0
regir_kv0_sg,0,shuffled_labels,threat,h_mean,2,id_val,10v10_K2,188,-0.37516705518084126,100.0
regir_kv0_sg,0,shuffled_labels,threat,h_mean,2,id_val,10v10_K3,183,0.04105539492124932,100.0
regir_kv0_sg,0,shuffled_labels,threat,h_mean,2,id_test,10v10_K2,183,-0.13093145238079695,100.0
regir_kv0_sg,0,shuffled_labels,threat,h_mean,2,id_test,10v10_K3,176,-0.017389108712248857,100.0
regir_kv0_sg,0,shuffled_labels,threat,h_mean,2,ood_explore,30v30_K12,386,0.04549636298701887,100.0
regir_kv0_sg,0,shuffled_labels,threat,h_mean,2,ood_explore,30v30_K2,386,-0.01007732350367374,100.0
regir_kv0_sg,0,shuffled_labels,threat,h_mean,2,ood_explore,50v50_K2,381,0.01152826123362427,100.0
regir_kv0_sg,0,shuffled_labels,threat,h_mean,2,ood_confirm,30v30_K12,378,0.04704677096989884,100.0
regir_kv0_sg,0,shuffled_labels,threat,h_mean,2,ood_confirm,30v30_K2,384,-0.01230504504243135,100.0
regir_kv0_sg,0,shuffled_labels,threat,h_mean,2,ood_confirm,50v50_K2,396,-0.009962918272633292,100.0
regir_kv0_sg,0,shuffled_labels,threat,h_mean,3,id_train,10v10_K2,363,0.010881835828428166,100.0
regir_kv0_sg,0,shuffled_labels,threat,h_mean,3,id_train,10v10_K3,363,0.023808118506120968,100.0
regir_kv0_sg,0,shuffled_labels,threat,h_mean,3,id_val,10v10_K2,188,-0.4166391778180538,100.0
regir_kv0_sg,0,shuffled_labels,threat,h_mean,3,id_val,10v10_K3,183,0.03384740323665503,100.0
regir_kv0_sg,0,shuffled_labels,threat,h_mean,3,id_test,10v10_K2,183,-0.15742979427403303,100.0
regir_kv0_sg,0,shuffled_labels,threat,h_mean,3,id_test,10v10_K3,176,-0.03329551373810169,100.0
regir_kv0_sg,0,shuffled_labels,threat,h_mean,3,ood_explore,30v30_K12,386,0.01481709434561218,100.0
regir_kv0_sg,0,shuffled_labels,threat,h_mean,3,ood_explore,30v30_K2,386,-0.00633824513005421,100.0
regir_kv0_sg,0,shuffled_labels,threat,h_mean,3,ood_explore,50v50_K2,381,0.02042671259860651,100.0
regir_kv0_sg,0,shuffled_labels,threat,h_mean,3,ood_confirm,30v30_K12,378,0.014445874356234789,100.0
regir_kv0_sg,0,shuffled_labels,threat,h_mean,3,ood_confirm,30v30_K2,384,-0.011511227397865476,100.0
regir_kv0_sg,0,shuffled_labels,threat,h_mean,3,ood_confirm,50v50_K2,396,-0.009801329188666719,100.0
regir_kv0_sg,0,shuffled_labels,threat,h_mean,4,id_train,10v10_K2,363,0.008622889972358605,100.0
regir_kv0_sg,0,shuffled_labels,threat,h_mean,4,id_train,10v10_K3,363,0.013070203140214565,100.0
regir_kv0_sg,0,shuffled_labels,threat,h_mean,4,id_val,10v10_K2,188,-0.4362540934754351,100.0
regir_kv0_sg,0,shuffled_labels,threat,h_mean,4,id_val,10v10_K3,183,0.027455453507778338,100.0
regir_kv0_sg,0,shuffled_labels,threat,h_mean,4,id_test,10v10_K2,183,-0.1773393365636673,100.0
regir_kv0_sg,0,shuffled_labels,threat,h_mean,4,id_test,10v10_K3,176,-0.0396805379928471,100.0
regir_kv0_sg,0,shuffled_labels,threat,h_mean,4,ood_explore,30v30_K12,386,0.0052290247232275044,100.0
regir_kv0_sg,0,shuffled_labels,threat,h_mean,4,ood_explore,30v30_K2,386,-0.00011545114760491693,100.0
regir_kv0_sg,0,shuffled_labels,threat,h_mean,4,ood_explore,50v50_K2,381,0.013909087712378088,100.0
regir_kv0_sg,0,shuffled_labels,threat,h_mean,4,ood_confirm,30v30_K12,378,0.0007068491255476372,100.0
regir_kv0_sg,0,shuffled_labels,threat,h_mean,4,ood_confirm,30v30_K2,384,-0.006765591502410961,100.0
regir_kv0_sg,0,shuffled_labels,threat,h_mean,4,ood_confirm,50v50_K2,396,0.0004932977124040283,100.0
regir_kv0_sg,0,shuffled_labels,unmarked_frac,h_mean,0,id_train,10v10_K2,363,-0.028755110045699972,100.0
regir_kv0_sg,0,shuffled_labels,unmarked_frac,h_mean,0,id_train,10v10_K3,363,-0.014167977794597775,100.0
regir_kv0_sg,0,shuffled_labels,unmarked_frac,h_mean,0,id_val,10v10_K2,188,-0.0492824640501468,100.0
regir_kv0_sg,0,shuffled_labels,unmarked_frac,h_mean,0,id_val,10v10_K3,183,-0.02303542230895128,100.0
regir_kv0_sg,0,shuffled_labels,unmarked_frac,h_mean,0,id_test,10v10_K2,183,-0.07757303111704483,100.0
regir_kv0_sg,0,shuffled_labels,unmarked_frac,h_mean,0,id_test,10v10_K3,176,-0.04560765425278812,100.0
regir_kv0_sg,0,shuffled_labels,unmarked_frac,h_mean,0,ood_explore,30v30_K12,386,-0.1853793221026223,100.0
regir_kv0_sg,0,shuffled_labels,unmarked_frac,h_mean,0,ood_explore,30v30_K2,386,-0.19423003647269943,100.0
regir_kv0_sg,0,shuffled_labels,unmarked_frac,h_mean,0,ood_explore,50v50_K2,381,-0.48872221099518365,100.0
regir_kv0_sg,0,shuffled_labels,unmarked_frac,h_mean,0,ood_confirm,30v30_K12,378,-0.07445233741532986,100.0
regir_kv0_sg,0,shuffled_labels,unmarked_frac,h_mean,0,ood_confirm,30v30_K2,384,-0.3097069421689509,100.0
regir_kv0_sg,0,shuffled_labels,unmarked_frac,h_mean,0,ood_confirm,50v50_K2,396,-0.4926348103098168,100.0
regir_kv0_sg,0,shuffled_labels,unmarked_frac,h_mean,1,id_train,10v10_K2,363,-0.025431086910306044,100.0
regir_kv0_sg,0,shuffled_labels,unmarked_frac,h_mean,1,id_train,10v10_K3,363,-0.027148501912666045,100.0
regir_kv0_sg,0,shuffled_labels,unmarked_frac,h_mean,1,id_val,10v10_K2,188,-0.013722185484002392,100.0
regir_kv0_sg,0,shuffled_labels,unmarked_frac,h_mean,1,id_val,10v10_K3,183,-0.026253845350128424,100.0
regir_kv0_sg,0,shuffled_labels,unmarked_frac,h_mean,1,id_test,10v10_K2,183,-0.0961014208526556,100.0
regir_kv0_sg,0,shuffled_labels,unmarked_frac,h_mean,1,id_test,10v10_K3,176,-0.061171513261363275,100.0
regir_kv0_sg,0,shuffled_labels,unmarked_frac,h_mean,1,ood_explore,30v30_K12,386,-0.22145905837997937,100.0
regir_kv0_sg,0,shuffled_labels,unmarked_frac,h_mean,1,ood_explore,30v30_K2,386,-0.1899613614309308,100.0
regir_kv0_sg,0,shuffled_labels,unmarked_frac,h_mean,1,ood_explore,50v50_K2,381,-0.46602394812099224,100.0
regir_kv0_sg,0,shuffled_labels,unmarked_frac,h_mean,1,ood_confirm,30v30_K12,378,-0.0843250527172621,100.0
regir_kv0_sg,0,shuffled_labels,unmarked_frac,h_mean,1,ood_confirm,30v30_K2,384,-0.31012529385163523,100.0
regir_kv0_sg,0,shuffled_labels,unmarked_frac,h_mean,1,ood_confirm,50v50_K2,396,-0.4735187674662362,100.0
regir_kv0_sg,0,shuffled_labels,unmarked_frac,h_mean,2,id_train,10v10_K2,363,-0.03372177208974203,100.0
regir_kv0_sg,0,shuffled_labels,unmarked_frac,h_mean,2,id_train,10v10_K3,363,-0.01702515239213742,100.0
regir_kv0_sg,0,shuffled_labels,unmarked_frac,h_mean,2,id_val,10v10_K2,188,-0.016881117193412898,100.0
regir_kv0_sg,0,shuffled_labels,unmarked_frac,h_mean,2,id_val,10v10_K3,183,-0.044742741739131064,100.0
regir_kv0_sg,0,shuffled_labels,unmarked_frac,h_mean,2,id_test,10v10_K2,183,-0.07103479101068055,100.0
regir_kv0_sg,0,shuffled_labels,unmarked_frac,h_mean,2,id_test,10v10_K3,176,-0.05954515365750579,100.0
regir_kv0_sg,0,shuffled_labels,unmarked_frac,h_mean,2,ood_explore,30v30_K12,386,-0.23741745420536153,100.0
regir_kv0_sg,0,shuffled_labels,unmarked_frac,h_mean,2,ood_explore,30v30_K2,386,-0.19288283036776566,100.0
regir_kv0_sg,0,shuffled_labels,unmarked_frac,h_mean,2,ood_explore,50v50_K2,381,-0.4735222609037206,100.0
regir_kv0_sg,0,shuffled_labels,unmarked_frac,h_mean,2,ood_confirm,30v30_K12,378,-0.10260388952012978,100.0
regir_kv0_sg,0,shuffled_labels,unmarked_frac,h_mean,2,ood_confirm,30v30_K2,384,-0.3092126853523318,100.0
regir_kv0_sg,0,shuffled_labels,unmarked_frac,h_mean,2,ood_confirm,50v50_K2,396,-0.4903445002668756,100.0
regir_kv0_sg,0,shuffled_labels,unmarked_frac,h_mean,3,id_train,10v10_K2,363,-0.040000919980418104,100.0
regir_kv0_sg,0,shuffled_labels,unmarked_frac,h_mean,3,id_train,10v10_K3,363,-0.019187925736150024,100.0
regir_kv0_sg,0,shuffled_labels,unmarked_frac,h_mean,3,id_val,10v10_K2,188,-0.023112210829412616,100.0
regir_kv0_sg,0,shuffled_labels,unmarked_frac,h_mean,3,id_val,10v10_K3,183,-0.05936830356161216,100.0
regir_kv0_sg,0,shuffled_labels,unmarked_frac,h_mean,3,id_test,10v10_K2,183,-0.07317727312558575,100.0
regir_kv0_sg,0,shuffled_labels,unmarked_frac,h_mean,3,id_test,10v10_K3,176,-0.06006945249559004,100.0
regir_kv0_sg,0,shuffled_labels,unmarked_frac,h_mean,3,ood_explore,30v30_K12,386,-0.24305115724071968,100.0
regir_kv0_sg,0,shuffled_labels,unmarked_frac,h_mean,3,ood_explore,30v30_K2,386,-0.1887560969126043,100.0
regir_kv0_sg,0,shuffled_labels,unmarked_frac,h_mean,3,ood_explore,50v50_K2,381,-0.46480329305409906,100.0
regir_kv0_sg,0,shuffled_labels,unmarked_frac,h_mean,3,ood_confirm,30v30_K12,378,-0.11135548784558424,100.0
regir_kv0_sg,0,shuffled_labels,unmarked_frac,h_mean,3,ood_confirm,30v30_K2,384,-0.30257116835845044,100.0
regir_kv0_sg,0,shuffled_labels,unmarked_frac,h_mean,3,ood_confirm,50v50_K2,396,-0.483796727638522,100.0
regir_kv0_sg,0,shuffled_labels,unmarked_frac,h_mean,4,id_train,10v10_K2,363,-0.04624921926201786,100.0
regir_kv0_sg,0,shuffled_labels,unmarked_frac,h_mean,4,id_train,10v10_K3,363,-0.02136336904546665,100.0
regir_kv0_sg,0,shuffled_labels,unmarked_frac,h_mean,4,id_val,10v10_K2,188,-0.02483432391522289,100.0
regir_kv0_sg,0,shuffled_labels,unmarked_frac,h_mean,4,id_val,10v10_K3,183,-0.05903122476333955,100.0
regir_kv0_sg,0,shuffled_labels,unmarked_frac,h_mean,4,id_test,10v10_K2,183,-0.0719170888980134,100.0
regir_kv0_sg,0,shuffled_labels,unmarked_frac,h_mean,4,id_test,10v10_K3,176,-0.060217485438269325,100.0
regir_kv0_sg,0,shuffled_labels,unmarked_frac,h_mean,4,ood_explore,30v30_K12,386,-0.27944154703709967,100.0
regir_kv0_sg,0,shuffled_labels,unmarked_frac,h_mean,4,ood_explore,30v30_K2,386,-0.18586773816708502,100.0
regir_kv0_sg,0,shuffled_labels,unmarked_frac,h_mean,4,ood_explore,50v50_K2,381,-0.45639541513188253,100.0
regir_kv0_sg,0,shuffled_labels,unmarked_frac,h_mean,4,ood_confirm,30v30_K12,378,-0.1413195855227729,100.0
regir_kv0_sg,0,shuffled_labels,unmarked_frac,h_mean,4,ood_confirm,30v30_K2,384,-0.2993009053603293,100.0
regir_kv0_sg,0,shuffled_labels,unmarked_frac,h_mean,4,ood_confirm,50v50_K2,396,-0.470354576059292,100.0
regir_kv0_sg,0,shuffled_labels,centroid_gap,h_mean,0,id_train,10v10_K2,363,0.0636938345645367,100.0
regir_kv0_sg,0,shuffled_labels,centroid_gap,h_mean,0,id_train,10v10_K3,363,0.0837435176375555,100.0
regir_kv0_sg,0,shuffled_labels,centroid_gap,h_mean,0,id_val,10v10_K2,188,0.07617838369009355,100.0
regir_kv0_sg,0,shuffled_labels,centroid_gap,h_mean,0,id_val,10v10_K3,183,0.06583843139576362,100.0
regir_kv0_sg,0,shuffled_labels,centroid_gap,h_mean,0,id_test,10v10_K2,183,0.07132043214238648,100.0
regir_kv0_sg,0,shuffled_labels,centroid_gap,h_mean,0,id_test,10v10_K3,176,0.0654776638541329,100.0
regir_kv0_sg,0,shuffled_labels,centroid_gap,h_mean,0,ood_explore,30v30_K12,386,0.08045332086430224,100.0
regir_kv0_sg,0,shuffled_labels,centroid_gap,h_mean,0,ood_explore,30v30_K2,386,0.07969818701167519,100.0
regir_kv0_sg,0,shuffled_labels,centroid_gap,h_mean,0,ood_explore,50v50_K2,381,0.07341385369621967,100.0
regir_kv0_sg,0,shuffled_labels,centroid_gap,h_mean,0,ood_confirm,30v30_K12,378,0.10133000084321764,100.0
regir_kv0_sg,0,shuffled_labels,centroid_gap,h_mean,0,ood_confirm,30v30_K2,384,0.05466467291231092,100.0
regir_kv0_sg,0,shuffled_labels,centroid_gap,h_mean,0,ood_confirm,50v50_K2,396,0.02798704769115612,100.0
regir_kv0_sg,0,shuffled_labels,centroid_gap,h_mean,1,id_train,10v10_K2,363,0.04046785845742662,100.0
regir_kv0_sg,0,shuffled_labels,centroid_gap,h_mean,1,id_train,10v10_K3,363,0.04514051964972399,100.0
regir_kv0_sg,0,shuffled_labels,centroid_gap,h_mean,1,id_val,10v10_K2,188,0.04799558323138675,100.0
regir_kv0_sg,0,shuffled_labels,centroid_gap,h_mean,1,id_val,10v10_K3,183,-0.012000216457798807,100.0
regir_kv0_sg,0,shuffled_labels,centroid_gap,h_mean,1,id_test,10v10_K2,183,0.07830519041543227,100.0
regir_kv0_sg,0,shuffled_labels,centroid_gap,h_mean,1,id_test,10v10_K3,176,0.007627051271471674,100.0
regir_kv0_sg,0,shuffled_labels,centroid_gap,h_mean,1,ood_explore,30v30_K12,386,-0.0196908756691081,100.0
regir_kv0_sg,0,shuffled_labels,centroid_gap,h_mean,1,ood_explore,30v30_K2,386,0.0717545605438743,100.0
regir_kv0_sg,0,shuffled_labels,centroid_gap,h_mean,1,ood_explore,50v50_K2,381,0.08106013059247896,100.0
regir_kv0_sg,0,shuffled_labels,centroid_gap,h_mean,1,ood_confirm,30v30_K12,378,-0.01879726573407292,100.0
regir_kv0_sg,0,shuffled_labels,centroid_gap,h_mean,1,ood_confirm,30v30_K2,384,0.03219547609155082,100.0
regir_kv0_sg,0,shuffled_labels,centroid_gap,h_mean,1,ood_confirm,50v50_K2,396,0.023442835351624947,100.0
regir_kv0_sg,0,shuffled_labels,centroid_gap,h_mean,2,id_train,10v10_K2,363,0.03648117969941467,100.0
regir_kv0_sg,0,shuffled_labels,centroid_gap,h_mean,2,id_train,10v10_K3,363,0.06421382245248641,100.0
regir_kv0_sg,0,shuffled_labels,centroid_gap,h_mean,2,id_val,10v10_K2,188,0.04404509034208626,100.0
regir_kv0_sg,0,shuffled_labels,centroid_gap,h_mean,2,id_val,10v10_K3,183,0.018878294779256177,100.0
regir_kv0_sg,0,shuffled_labels,centroid_gap,h_mean,2,id_test,10v10_K2,183,0.050741946155717366,100.0
regir_kv0_sg,0,shuffled_labels,centroid_gap,h_mean,2,id_test,10v10_K3,176,0.018654395482451847,100.0
regir_kv0_sg,0,shuffled_labels,centroid_gap,h_mean,2,ood_explore,30v30_K12,386,0.06777051463523887,100.0
regir_kv0_sg,0,shuffled_labels,centroid_gap,h_mean,2,ood_explore,30v30_K2,386,0.05466193011475795,100.0
regir_kv0_sg,0,shuffled_labels,centroid_gap,h_mean,2,ood_explore,50v50_K2,381,0.029409433441554556,100.0
regir_kv0_sg,0,shuffled_labels,centroid_gap,h_mean,2,ood_confirm,30v30_K12,378,0.0670864324345114,100.0
regir_kv0_sg,0,shuffled_labels,centroid_gap,h_mean,2,ood_confirm,30v30_K2,384,-0.001491995000735269,100.0
regir_kv0_sg,0,shuffled_labels,centroid_gap,h_mean,2,ood_confirm,50v50_K2,396,-0.0294160695655854,100.0
regir_kv0_sg,0,shuffled_labels,centroid_gap,h_mean,3,id_train,10v10_K2,363,0.03320977649846091,100.0
regir_kv0_sg,0,shuffled_labels,centroid_gap,h_mean,3,id_train,10v10_K3,363,0.07064318230092248,100.0
regir_kv0_sg,0,shuffled_labels,centroid_gap,h_mean,3,id_val,10v10_K2,188,0.03010764157968826,100.0
regir_kv0_sg,0,shuffled_labels,centroid_gap,h_mean,3,id_val,10v10_K3,183,0.03286477457703241,100.0
regir_kv0_sg,0,shuffled_labels,centroid_gap,h_mean,3,id_test,10v10_K2,183,0.04445692142646851,100.0
regir_kv0_sg,0,shuffled_labels,centroid_gap,h_mean,3,id_test,10v10_K3,176,0.0246252612756771,100.0
regir_kv0_sg,0,shuffled_labels,centroid_gap,h_mean,3,ood_explore,30v30_K12,386,0.10548165691962441,100.0
regir_kv0_sg,0,shuffled_labels,centroid_gap,h_mean,3,ood_explore,30v30_K2,386,0.04335097285507028,100.0
regir_kv0_sg,0,shuffled_labels,centroid_gap,h_mean,3,ood_explore,50v50_K2,381,0.008171227575944351,100.0
regir_kv0_sg,0,shuffled_labels,centroid_gap,h_mean,3,ood_confirm,30v30_K12,378,0.10182882402801952,100.0
regir_kv0_sg,0,shuffled_labels,centroid_gap,h_mean,3,ood_confirm,30v30_K2,384,-0.017642532491094265,100.0
regir_kv0_sg,0,shuffled_labels,centroid_gap,h_mean,3,ood_confirm,50v50_K2,396,-0.05682051289877044,100.0
regir_kv0_sg,0,shuffled_labels,centroid_gap,h_mean,4,id_train,10v10_K2,363,0.034840853974365205,100.0
regir_kv0_sg,0,shuffled_labels,centroid_gap,h_mean,4,id_train,10v10_K3,363,0.07259882499144987,100.0
regir_kv0_sg,0,shuffled_labels,centroid_gap,h_mean,4,id_val,10v10_K2,188,0.027922764521613685,100.0
regir_kv0_sg,0,shuffled_labels,centroid_gap,h_mean,4,id_val,10v10_K3,183,0.041257045571886586,100.0
regir_kv0_sg,0,shuffled_labels,centroid_gap,h_mean,4,id_test,10v10_K2,183,0.04911164275380364,100.0
regir_kv0_sg,0,shuffled_labels,centroid_gap,h_mean,4,id_test,10v10_K3,176,0.025187055090440835,100.0
regir_kv0_sg,0,shuffled_labels,centroid_gap,h_mean,4,ood_explore,30v30_K12,386,0.08161792682508573,100.0
regir_kv0_sg,0,shuffled_labels,centroid_gap,h_mean,4,ood_explore,30v30_K2,386,0.027699540737042616,100.0
regir_kv0_sg,0,shuffled_labels,centroid_gap,h_mean,4,ood_explore,50v50_K2,381,-0.014793549156815633,100.0
regir_kv0_sg,0,shuffled_labels,centroid_gap,h_mean,4,ood_confirm,30v30_K12,378,0.08028083739676495,100.0
regir_kv0_sg,0,shuffled_labels,centroid_gap,h_mean,4,ood_confirm,30v30_K2,384,-0.03486510829994738,100.0
regir_kv0_sg,0,shuffled_labels,centroid_gap,h_mean,4,ood_confirm,50v50_K2,396,-0.08767889818249475,100.0
regir_kv0_sg,0,shuffled_labels,nearest_target_distance,h_mean,0,id_train,10v10_K2,363,0.09203954094405864,100.0
regir_kv0_sg,0,shuffled_labels,nearest_target_distance,h_mean,0,id_train,10v10_K3,363,0.09350115595892972,100.0
regir_kv0_sg,0,shuffled_labels,nearest_target_distance,h_mean,0,id_val,10v10_K2,188,0.11614008288348587,100.0
regir_kv0_sg,0,shuffled_labels,nearest_target_distance,h_mean,0,id_val,10v10_K3,183,0.07974154760389507,100.0
regir_kv0_sg,0,shuffled_labels,nearest_target_distance,h_mean,0,id_test,10v10_K2,183,0.05603897582209538,100.0
regir_kv0_sg,0,shuffled_labels,nearest_target_distance,h_mean,0,id_test,10v10_K3,176,0.02691300899591098,100.0
regir_kv0_sg,0,shuffled_labels,nearest_target_distance,h_mean,0,ood_explore,30v30_K12,386,0.004845493398853984,100.0
regir_kv0_sg,0,shuffled_labels,nearest_target_distance,h_mean,0,ood_explore,30v30_K2,386,0.07958213157304206,100.0
regir_kv0_sg,0,shuffled_labels,nearest_target_distance,h_mean,0,ood_explore,50v50_K2,381,0.04441777304723504,100.0
regir_kv0_sg,0,shuffled_labels,nearest_target_distance,h_mean,0,ood_confirm,30v30_K12,378,-0.015348098057722526,100.0
regir_kv0_sg,0,shuffled_labels,nearest_target_distance,h_mean,0,ood_confirm,30v30_K2,384,0.055842106696091354,100.0
regir_kv0_sg,0,shuffled_labels,nearest_target_distance,h_mean,0,ood_confirm,50v50_K2,396,0.04942369766175825,100.0
regir_kv0_sg,0,shuffled_labels,nearest_target_distance,h_mean,1,id_train,10v10_K2,363,0.07690095255337803,100.0
regir_kv0_sg,0,shuffled_labels,nearest_target_distance,h_mean,1,id_train,10v10_K3,363,0.04651081449790806,100.0
regir_kv0_sg,0,shuffled_labels,nearest_target_distance,h_mean,1,id_val,10v10_K2,188,0.11032958614800625,100.0
regir_kv0_sg,0,shuffled_labels,nearest_target_distance,h_mean,1,id_val,10v10_K3,183,0.016519811082552627,100.0
regir_kv0_sg,0,shuffled_labels,nearest_target_distance,h_mean,1,id_test,10v10_K2,183,0.04803066083567664,100.0
regir_kv0_sg,0,shuffled_labels,nearest_target_distance,h_mean,1,id_test,10v10_K3,176,-0.029236727413531227,100.0
regir_kv0_sg,0,shuffled_labels,nearest_target_distance,h_mean,1,ood_explore,30v30_K12,386,-0.13595827433912366,100.0
regir_kv0_sg,0,shuffled_labels,nearest_target_distance,h_mean,1,ood_explore,30v30_K2,386,0.05543869211917929,100.0
regir_kv0_sg,0,shuffled_labels,nearest_target_distance,h_mean,1,ood_explore,50v50_K2,381,0.029555365103995812,100.0
regir_kv0_sg,0,shuffled_labels,nearest_target_distance,h_mean,1,ood_confirm,30v30_K12,378,-0.18431158438286044,100.0
regir_kv0_sg,0,shuffled_labels,nearest_target_distance,h_mean,1,ood_confirm,30v30_K2,384,0.04281023158408648,100.0
regir_kv0_sg,0,shuffled_labels,nearest_target_distance,h_mean,1,ood_confirm,50v50_K2,396,0.06188232895217738,100.0
regir_kv0_sg,0,shuffled_labels,nearest_target_distance,h_mean,2,id_train,10v10_K2,363,0.08215591464688266,100.0
regir_kv0_sg,0,shuffled_labels,nearest_target_distance,h_mean,2,id_train,10v10_K3,363,0.07026638716109501,100.0
regir_kv0_sg,0,shuffled_labels,nearest_target_distance,h_mean,2,id_val,10v10_K2,188,0.13296743951181,100.0
regir_kv0_sg,0,shuffled_labels,nearest_target_distance,h_mean,2,id_val,10v10_K3,183,0.04615418589063469,100.0
regir_kv0_sg,0,shuffled_labels,nearest_target_distance,h_mean,2,id_test,10v10_K2,183,0.072045137170338,100.0
regir_kv0_sg,0,shuffled_labels,nearest_target_distance,h_mean,2,id_test,10v10_K3,176,0.013529556882486471,100.0
regir_kv0_sg,0,shuffled_labels,nearest_target_distance,h_mean,2,ood_explore,30v30_K12,386,-0.14229846156567239,100.0
regir_kv0_sg,0,shuffled_labels,nearest_target_distance,h_mean,2,ood_explore,30v30_K2,386,0.05404378096626716,100.0
regir_kv0_sg,0,shuffled_labels,nearest_target_distance,h_mean,2,ood_explore,50v50_K2,381,0.03163982023034051,100.0
regir_kv0_sg,0,shuffled_labels,nearest_target_distance,h_mean,2,ood_confirm,30v30_K12,378,-0.18328022103106867,100.0
regir_kv0_sg,0,shuffled_labels,nearest_target_distance,h_mean,2,ood_confirm,30v30_K2,384,0.05497921708849307,100.0
regir_kv0_sg,0,shuffled_labels,nearest_target_distance,h_mean,2,ood_confirm,50v50_K2,396,0.06274326908411343,100.0
regir_kv0_sg,0,shuffled_labels,nearest_target_distance,h_mean,3,id_train,10v10_K2,363,0.0987422638340919,100.0
regir_kv0_sg,0,shuffled_labels,nearest_target_distance,h_mean,3,id_train,10v10_K3,363,0.08560096605354983,100.0
regir_kv0_sg,0,shuffled_labels,nearest_target_distance,h_mean,3,id_val,10v10_K2,188,0.1498445105825803,100.0
regir_kv0_sg,0,shuffled_labels,nearest_target_distance,h_mean,3,id_val,10v10_K3,183,0.0692801251846007,100.0
regir_kv0_sg,0,shuffled_labels,nearest_target_distance,h_mean,3,id_test,10v10_K2,183,0.08561660931677162,100.0
regir_kv0_sg,0,shuffled_labels,nearest_target_distance,h_mean,3,id_test,10v10_K3,176,0.03834975876751423,100.0
regir_kv0_sg,0,shuffled_labels,nearest_target_distance,h_mean,3,ood_explore,30v30_K12,386,-0.11832890756042747,100.0
regir_kv0_sg,0,shuffled_labels,nearest_target_distance,h_mean,3,ood_explore,30v30_K2,386,0.0765975835842273,100.0
regir_kv0_sg,0,shuffled_labels,nearest_target_distance,h_mean,3,ood_explore,50v50_K2,381,0.05851690817326127,100.0
regir_kv0_sg,0,shuffled_labels,nearest_target_distance,h_mean,3,ood_confirm,30v30_K12,378,-0.1597684039322531,100.0
regir_kv0_sg,0,shuffled_labels,nearest_target_distance,h_mean,3,ood_confirm,30v30_K2,384,0.07601325011909055,100.0
regir_kv0_sg,0,shuffled_labels,nearest_target_distance,h_mean,3,ood_confirm,50v50_K2,396,0.08258370872530074,100.0
regir_kv0_sg,0,shuffled_labels,nearest_target_distance,h_mean,4,id_train,10v10_K2,363,0.10879592853812803,100.0
regir_kv0_sg,0,shuffled_labels,nearest_target_distance,h_mean,4,id_train,10v10_K3,363,0.09309381590339483,100.0
regir_kv0_sg,0,shuffled_labels,nearest_target_distance,h_mean,4,id_val,10v10_K2,188,0.15844633642957595,100.0
regir_kv0_sg,0,shuffled_labels,nearest_target_distance,h_mean,4,id_val,10v10_K3,183,0.07802556908137592,100.0
regir_kv0_sg,0,shuffled_labels,nearest_target_distance,h_mean,4,id_test,10v10_K2,183,0.09026346454129364,100.0
regir_kv0_sg,0,shuffled_labels,nearest_target_distance,h_mean,4,id_test,10v10_K3,176,0.04862554468485769,100.0
regir_kv0_sg,0,shuffled_labels,nearest_target_distance,h_mean,4,ood_explore,30v30_K12,386,-0.10954840241960384,100.0
regir_kv0_sg,0,shuffled_labels,nearest_target_distance,h_mean,4,ood_explore,30v30_K2,386,0.08684998050179782,100.0
regir_kv0_sg,0,shuffled_labels,nearest_target_distance,h_mean,4,ood_explore,50v50_K2,381,0.06947660172524384,100.0
regir_kv0_sg,0,shuffled_labels,nearest_target_distance,h_mean,4,ood_confirm,30v30_K12,378,-0.14656956741773097,100.0
regir_kv0_sg,0,shuffled_labels,nearest_target_distance,h_mean,4,ood_confirm,30v30_K2,384,0.07971363713356494,100.0
regir_kv0_sg,0,shuffled_labels,nearest_target_distance,h_mean,4,ood_confirm,50v50_K2,396,0.09049816899475005,100.0
regir_kv0_sg,0,shuffled_labels,threat,readout,0,id_train,10v10_K2,363,0.055670135474533144,100.0
regir_kv0_sg,0,shuffled_labels,threat,readout,0,id_train,10v10_K3,363,0.0573548444623736,100.0
regir_kv0_sg,0,shuffled_labels,threat,readout,0,id_val,10v10_K2,188,-0.281484867851576,100.0
regir_kv0_sg,0,shuffled_labels,threat,readout,0,id_val,10v10_K3,183,0.046050858804283834,100.0
regir_kv0_sg,0,shuffled_labels,threat,readout,0,id_test,10v10_K2,183,-0.08263494882282196,100.0
regir_kv0_sg,0,shuffled_labels,threat,readout,0,id_test,10v10_K3,176,0.06324572749214474,100.0
regir_kv0_sg,0,shuffled_labels,threat,readout,0,ood_explore,30v30_K12,386,0.05800346262521816,100.0
regir_kv0_sg,0,shuffled_labels,threat,readout,0,ood_explore,30v30_K2,386,0.06175699245618782,100.0
regir_kv0_sg,0,shuffled_labels,threat,readout,0,ood_explore,50v50_K2,381,0.03080200703724012,100.0
regir_kv0_sg,0,shuffled_labels,threat,readout,0,ood_confirm,30v30_K12,378,0.06991172790887978,100.0
regir_kv0_sg,0,shuffled_labels,threat,readout,0,ood_confirm,30v30_K2,384,0.03313174145313513,100.0
regir_kv0_sg,0,shuffled_labels,threat,readout,0,ood_confirm,50v50_K2,396,0.017710346624085438,100.0
regir_kv0_sg,0,shuffled_labels,threat,readout,1,id_train,10v10_K2,363,0.09139830765931889,100.0
regir_kv0_sg,0,shuffled_labels,threat,readout,1,id_train,10v10_K3,363,0.08472769504071564,100.0
regir_kv0_sg,0,shuffled_labels,threat,readout,1,id_val,10v10_K2,188,-0.26491313480996714,100.0
regir_kv0_sg,0,shuffled_labels,threat,readout,1,id_val,10v10_K3,183,0.08893466007951267,100.0
regir_kv0_sg,0,shuffled_labels,threat,readout,1,id_test,10v10_K2,183,-0.031064823194974833,100.0
regir_kv0_sg,0,shuffled_labels,threat,readout,1,id_test,10v10_K3,176,0.09884845075299653,100.0
regir_kv0_sg,0,shuffled_labels,threat,readout,1,ood_explore,30v30_K12,386,0.08136925788737959,100.0
regir_kv0_sg,0,shuffled_labels,threat,readout,1,ood_explore,30v30_K2,386,0.05958757032537443,100.0
regir_kv0_sg,0,shuffled_labels,threat,readout,1,ood_explore,50v50_K2,381,0.004445866628133954,100.0
regir_kv0_sg,0,shuffled_labels,threat,readout,1,ood_confirm,30v30_K12,378,0.088537583439523,100.0
regir_kv0_sg,0,shuffled_labels,threat,readout,1,ood_confirm,30v30_K2,384,0.026489495819857822,100.0
regir_kv0_sg,0,shuffled_labels,threat,readout,1,ood_confirm,50v50_K2,396,0.0351520935578139,100.0
regir_kv0_sg,0,shuffled_labels,threat,readout,2,id_train,10v10_K2,363,0.07519465346396359,100.0
regir_kv0_sg,0,shuffled_labels,threat,readout,2,id_train,10v10_K3,363,0.05056687067183652,100.0
regir_kv0_sg,0,shuffled_labels,threat,readout,2,id_val,10v10_K2,188,-0.32773473813496845,100.0
regir_kv0_sg,0,shuffled_labels,threat,readout,2,id_val,10v10_K3,183,0.04585706700932046,100.0
regir_kv0_sg,0,shuffled_labels,threat,readout,2,id_test,10v10_K2,183,-0.11706773494044809,100.0
regir_kv0_sg,0,shuffled_labels,threat,readout,2,id_test,10v10_K3,176,0.04460835200630686,100.0
regir_kv0_sg,0,shuffled_labels,threat,readout,2,ood_explore,30v30_K12,386,0.016704486869089985,100.0
regir_kv0_sg,0,shuffled_labels,threat,readout,2,ood_explore,30v30_K2,386,0.0037737139521973884,100.0
regir_kv0_sg,0,shuffled_labels,threat,readout,2,ood_explore,50v50_K2,381,-0.046758159975717195,100.0
regir_kv0_sg,0,shuffled_labels,threat,readout,2,ood_confirm,30v30_K12,378,0.02278252614663112,100.0
regir_kv0_sg,0,shuffled_labels,threat,readout,2,ood_confirm,30v30_K2,384,-0.0042491072172403666,100.0
regir_kv0_sg,0,shuffled_labels,threat,readout,2,ood_confirm,50v50_K2,396,-0.008393784393597725,100.0
regir_kv0_sg,0,shuffled_labels,threat,readout,3,id_train,10v10_K2,363,0.055654769258097314,100.0
regir_kv0_sg,0,shuffled_labels,threat,readout,3,id_train,10v10_K3,363,0.03544612358486199,100.0
regir_kv0_sg,0,shuffled_labels,threat,readout,3,id_val,10v10_K2,188,-0.36041161163775315,100.0
regir_kv0_sg,0,shuffled_labels,threat,readout,3,id_val,10v10_K3,183,0.0072456329410124365,100.0
regir_kv0_sg,0,shuffled_labels,threat,readout,3,id_test,10v10_K2,183,-0.1758449760465135,100.0
regir_kv0_sg,0,shuffled_labels,threat,readout,3,id_test,10v10_K3,176,-0.004713383896100876,100.0
regir_kv0_sg,0,shuffled_labels,threat,readout,3,ood_explore,30v30_K12,386,-0.0024078015050090773,100.0
regir_kv0_sg,0,shuffled_labels,threat,readout,3,ood_explore,30v30_K2,386,-0.016800740281623927,100.0
regir_kv0_sg,0,shuffled_labels,threat,readout,3,ood_explore,50v50_K2,381,-0.05092965657619186,100.0
regir_kv0_sg,0,shuffled_labels,threat,readout,3,ood_confirm,30v30_K12,378,-0.003542928609506113,100.0
regir_kv0_sg,0,shuffled_labels,threat,readout,3,ood_confirm,30v30_K2,384,-0.023952482384137497,100.0
regir_kv0_sg,0,shuffled_labels,threat,readout,3,ood_confirm,50v50_K2,396,-0.009768415892512872,100.0
regir_kv0_sg,0,shuffled_labels,unmarked_frac,readout,0,id_train,10v10_K2,363,-0.011706141865454711,100.0
regir_kv0_sg,0,shuffled_labels,unmarked_frac,readout,0,id_train,10v10_K3,363,-0.03228801085807298,100.0
regir_kv0_sg,0,shuffled_labels,unmarked_frac,readout,0,id_val,10v10_K2,188,-0.03582564457318016,100.0
regir_kv0_sg,0,shuffled_labels,unmarked_frac,readout,0,id_val,10v10_K3,183,-0.03283169417289833,100.0
regir_kv0_sg,0,shuffled_labels,unmarked_frac,readout,0,id_test,10v10_K2,183,-0.0362748341879684,100.0
regir_kv0_sg,0,shuffled_labels,unmarked_frac,readout,0,id_test,10v10_K3,176,-0.05827655698448586,100.0
regir_kv0_sg,0,shuffled_labels,unmarked_frac,readout,0,ood_explore,30v30_K12,386,-0.31906334516478685,100.0
regir_kv0_sg,0,shuffled_labels,unmarked_frac,readout,0,ood_explore,30v30_K2,386,-0.11237427817367429,100.0
regir_kv0_sg,0,shuffled_labels,unmarked_frac,readout,0,ood_explore,50v50_K2,381,-0.3595765766053791,100.0
regir_kv0_sg,0,shuffled_labels,unmarked_frac,readout,0,ood_confirm,30v30_K12,378,-0.14734437892116548,100.0
regir_kv0_sg,0,shuffled_labels,unmarked_frac,readout,0,ood_confirm,30v30_K2,384,-0.2401821802614501,100.0
regir_kv0_sg,0,shuffled_labels,unmarked_frac,readout,0,ood_confirm,50v50_K2,396,-0.359393192918092,100.0
regir_kv0_sg,0,shuffled_labels,unmarked_frac,readout,1,id_train,10v10_K2,363,0.01753020096744451,100.0
regir_kv0_sg,0,shuffled_labels,unmarked_frac,readout,1,id_train,10v10_K3,363,-0.009040834196694547,100.0
regir_kv0_sg,0,shuffled_labels,unmarked_frac,readout,1,id_val,10v10_K2,188,-0.06013570667720347,100.0
regir_kv0_sg,0,shuffled_labels,unmarked_frac,readout,1,id_val,10v10_K3,183,-0.018918501534026078,100.0
regir_kv0_sg,0,shuffled_labels,unmarked_frac,readout,1,id_test,10v10_K2,183,-0.012630724186496911,100.0
regir_kv0_sg,0,shuffled_labels,unmarked_frac,readout,1,id_test,10v10_K3,176,-0.034111585575422154,100.0
regir_kv0_sg,0,shuffled_labels,unmarked_frac,readout,1,ood_explore,30v30_K12,386,-0.3355057403499815,100.0
regir_kv0_sg,0,shuffled_labels,unmarked_frac,readout,1,ood_explore,30v30_K2,386,-0.14015250214137476,100.0
regir_kv0_sg,0,shuffled_labels,unmarked_frac,readout,1,ood_explore,50v50_K2,381,-0.4008935706594736,100.0
regir_kv0_sg,0,shuffled_labels,unmarked_frac,readout,1,ood_confirm,30v30_K12,378,-0.16640523521559403,100.0
regir_kv0_sg,0,shuffled_labels,unmarked_frac,readout,1,ood_confirm,30v30_K2,384,-0.25757751372621196,100.0
regir_kv0_sg,0,shuffled_labels,unmarked_frac,readout,1,ood_confirm,50v50_K2,396,-0.38919314484089584,100.0
regir_kv0_sg,0,shuffled_labels,unmarked_frac,readout,2,id_train,10v10_K2,363,-0.009082319566722674,100.0
regir_kv0_sg,0,shuffled_labels,unmarked_frac,readout,2,id_train,10v10_K3,363,-0.02039100966598162,100.0
regir_kv0_sg,0,shuffled_labels,unmarked_frac,readout,2,id_val,10v10_K2,188,-0.05586656165727599,100.0
regir_kv0_sg,0,shuffled_labels,unmarked_frac,readout,2,id_val,10v10_K3,183,-0.02729032654727681,100.0
regir_kv0_sg,0,shuffled_labels,unmarked_frac,readout,2,id_test,10v10_K2,183,-0.05576691063001005,100.0
regir_kv0_sg,0,shuffled_labels,unmarked_frac,readout,2,id_test,10v10_K3,176,-0.037415335365227786,100.0
regir_kv0_sg,0,shuffled_labels,unmarked_frac,readout,2,ood_explore,30v30_K12,386,-0.3598003266364749,100.0
regir_kv0_sg,0,shuffled_labels,unmarked_frac,readout,2,ood_explore,30v30_K2,386,-0.15258771797959803,100.0
regir_kv0_sg,0,shuffled_labels,unmarked_frac,readout,2,ood_explore,50v50_K2,381,-0.3866253597065594,100.0
regir_kv0_sg,0,shuffled_labels,unmarked_frac,readout,2,ood_confirm,30v30_K12,378,-0.193294034773982,100.0
regir_kv0_sg,0,shuffled_labels,unmarked_frac,readout,2,ood_confirm,30v30_K2,384,-0.24008152827341012,100.0
regir_kv0_sg,0,shuffled_labels,unmarked_frac,readout,2,ood_confirm,50v50_K2,396,-0.3559948443550709,100.0
regir_kv0_sg,0,shuffled_labels,unmarked_frac,readout,3,id_train,10v10_K2,363,-0.013019010881162085,100.0
regir_kv0_sg,0,shuffled_labels,unmarked_frac,readout,3,id_train,10v10_K3,363,-0.010995776602186869,100.0
regir_kv0_sg,0,shuffled_labels,unmarked_frac,readout,3,id_val,10v10_K2,188,-0.04171886386636858,100.0
regir_kv0_sg,0,shuffled_labels,unmarked_frac,readout,3,id_val,10v10_K3,183,-0.006902110791368932,100.0
regir_kv0_sg,0,shuffled_labels,unmarked_frac,readout,3,id_test,10v10_K2,183,-0.051093887894715584,100.0
regir_kv0_sg,0,shuffled_labels,unmarked_frac,readout,3,id_test,10v10_K3,176,-0.03315196486450622,100.0
regir_kv0_sg,0,shuffled_labels,unmarked_frac,readout,3,ood_explore,30v30_K12,386,-0.34736191518367776,100.0
regir_kv0_sg,0,shuffled_labels,unmarked_frac,readout,3,ood_explore,30v30_K2,386,-0.1439051832216296,100.0
regir_kv0_sg,0,shuffled_labels,unmarked_frac,readout,3,ood_explore,50v50_K2,381,-0.37603957955347833,100.0
regir_kv0_sg,0,shuffled_labels,unmarked_frac,readout,3,ood_confirm,30v30_K12,378,-0.17223132435004862,100.0
regir_kv0_sg,0,shuffled_labels,unmarked_frac,readout,3,ood_confirm,30v30_K2,384,-0.23831479054524318,100.0
regir_kv0_sg,0,shuffled_labels,unmarked_frac,readout,3,ood_confirm,50v50_K2,396,-0.3660068351972521,100.0
regir_kv0_sg,0,shuffled_labels,centroid_gap,readout,0,id_train,10v10_K2,363,0.0738183194186739,100.0
regir_kv0_sg,0,shuffled_labels,centroid_gap,readout,0,id_train,10v10_K3,363,0.08186223208017462,100.0
regir_kv0_sg,0,shuffled_labels,centroid_gap,readout,0,id_val,10v10_K2,188,0.05901635483301981,100.0
regir_kv0_sg,0,shuffled_labels,centroid_gap,readout,0,id_val,10v10_K3,183,0.08103338602664734,100.0
regir_kv0_sg,0,shuffled_labels,centroid_gap,readout,0,id_test,10v10_K2,183,0.08685826710838662,100.0
regir_kv0_sg,0,shuffled_labels,centroid_gap,readout,0,id_test,10v10_K3,176,0.07154759831012758,100.0
regir_kv0_sg,0,shuffled_labels,centroid_gap,readout,0,ood_explore,30v30_K12,386,-0.015014826021743977,100.0
regir_kv0_sg,0,shuffled_labels,centroid_gap,readout,0,ood_explore,30v30_K2,386,0.05917276621501,100.0
regir_kv0_sg,0,shuffled_labels,centroid_gap,readout,0,ood_explore,50v50_K2,381,0.03698464885514652,100.0
regir_kv0_sg,0,shuffled_labels,centroid_gap,readout,0,ood_confirm,30v30_K12,378,0.00013775237032287446,100.0
regir_kv0_sg,0,shuffled_labels,centroid_gap,readout,0,ood_confirm,30v30_K2,384,0.04773024293972272,100.0
regir_kv0_sg,0,shuffled_labels,centroid_gap,readout,0,ood_confirm,50v50_K2,396,0.04405666649056006,100.0
regir_kv0_sg,0,shuffled_labels,centroid_gap,readout,1,id_train,10v10_K2,363,0.102449781734267,100.0
regir_kv0_sg,0,shuffled_labels,centroid_gap,readout,1,id_train,10v10_K3,363,0.11198399194417241,100.0
regir_kv0_sg,0,shuffled_labels,centroid_gap,readout,1,id_val,10v10_K2,188,0.09951748541381433,100.0
regir_kv0_sg,0,shuffled_labels,centroid_gap,readout,1,id_val,10v10_K3,183,0.11902221436869898,100.0
regir_kv0_sg,0,shuffled_labels,centroid_gap,readout,1,id_test,10v10_K2,183,0.10921100368050618,100.0
regir_kv0_sg,0,shuffled_labels,centroid_gap,readout,1,id_test,10v10_K3,176,0.09065542794948,100.0
regir_kv0_sg,0,shuffled_labels,centroid_gap,readout,1,ood_explore,30v30_K12,386,0.036537484400975706,100.0
regir_kv0_sg,0,shuffled_labels,centroid_gap,readout,1,ood_explore,30v30_K2,386,0.047525896061065054,100.0
regir_kv0_sg,0,shuffled_labels,centroid_gap,readout,1,ood_explore,50v50_K2,381,0.005933053686929868,100.0
regir_kv0_sg,0,shuffled_labels,centroid_gap,readout,1,ood_confirm,30v30_K12,378,0.052212839598260175,100.0
regir_kv0_sg,0,shuffled_labels,centroid_gap,readout,1,ood_confirm,30v30_K2,384,0.04885012855703519,100.0
regir_kv0_sg,0,shuffled_labels,centroid_gap,readout,1,ood_confirm,50v50_K2,396,0.01266604789513992,100.0
regir_kv0_sg,0,shuffled_labels,centroid_gap,readout,2,id_train,10v10_K2,363,0.07035665546872294,100.0
regir_kv0_sg,0,shuffled_labels,centroid_gap,readout,2,id_train,10v10_K3,363,0.06233599548498914,100.0
regir_kv0_sg,0,shuffled_labels,centroid_gap,readout,2,id_val,10v10_K2,188,0.05139110991109086,100.0
regir_kv0_sg,0,shuffled_labels,centroid_gap,readout,2,id_val,10v10_K3,183,0.08437356113527261,100.0
regir_kv0_sg,0,shuffled_labels,centroid_gap,readout,2,id_test,10v10_K2,183,0.10170608675613835,100.0
regir_kv0_sg,0,shuffled_labels,centroid_gap,readout,2,id_test,10v10_K3,176,0.04270300041709929,100.0
regir_kv0_sg,0,shuffled_labels,centroid_gap,readout,2,ood_explore,30v30_K12,386,-0.0269078636668576,100.0
regir_kv0_sg,0,shuffled_labels,centroid_gap,readout,2,ood_explore,30v30_K2,386,-0.022527633446220996,100.0
regir_kv0_sg,0,shuffled_labels,centroid_gap,readout,2,ood_explore,50v50_K2,381,-0.05715773701684235,100.0
regir_kv0_sg,0,shuffled_labels,centroid_gap,readout,2,ood_confirm,30v30_K12,378,-0.02151635531199303,100.0
regir_kv0_sg,0,shuffled_labels,centroid_gap,readout,2,ood_confirm,30v30_K2,384,0.0007885320291991516,100.0
regir_kv0_sg,0,shuffled_labels,centroid_gap,readout,2,ood_confirm,50v50_K2,396,-0.0823264324640518,100.0
regir_kv0_sg,0,shuffled_labels,centroid_gap,readout,3,id_train,10v10_K2,363,0.07551943885790102,100.0
regir_kv0_sg,0,shuffled_labels,centroid_gap,readout,3,id_train,10v10_K3,363,0.03878322438370019,100.0
regir_kv0_sg,0,shuffled_labels,centroid_gap,readout,3,id_val,10v10_K2,188,0.050944360325488214,100.0
regir_kv0_sg,0,shuffled_labels,centroid_gap,readout,3,id_val,10v10_K3,183,0.056263556131336934,100.0
regir_kv0_sg,0,shuffled_labels,centroid_gap,readout,3,id_test,10v10_K2,183,0.10201791033242158,100.0
regir_kv0_sg,0,shuffled_labels,centroid_gap,readout,3,id_test,10v10_K3,176,0.032374407245561954,100.0
regir_kv0_sg,0,shuffled_labels,centroid_gap,readout,3,ood_explore,30v30_K12,386,-0.043358105046224615,100.0
regir_kv0_sg,0,shuffled_labels,centroid_gap,readout,3,ood_explore,30v30_K2,386,-0.008419927415652673,100.0
regir_kv0_sg,0,shuffled_labels,centroid_gap,readout,3,ood_explore,50v50_K2,381,-0.07157608426157513,100.0
regir_kv0_sg,0,shuffled_labels,centroid_gap,readout,3,ood_confirm,30v30_K12,378,-0.05335594324530146,100.0
regir_kv0_sg,0,shuffled_labels,centroid_gap,readout,3,ood_confirm,30v30_K2,384,-0.020973396230040464,100.0
regir_kv0_sg,0,shuffled_labels,centroid_gap,readout,3,ood_confirm,50v50_K2,396,-0.12192922788443172,100.0
regir_kv0_sg,0,shuffled_labels,nearest_target_distance,readout,0,id_train,10v10_K2,363,0.023893993108405454,100.0
regir_kv0_sg,0,shuffled_labels,nearest_target_distance,readout,0,id_train,10v10_K3,363,0.024862236165015927,100.0
regir_kv0_sg,0,shuffled_labels,nearest_target_distance,readout,0,id_val,10v10_K2,188,0.01723647608300105,100.0
regir_kv0_sg,0,shuffled_labels,nearest_target_distance,readout,0,id_val,10v10_K3,183,-0.0005416771268023091,100.0
regir_kv0_sg,0,shuffled_labels,nearest_target_distance,readout,0,id_test,10v10_K2,183,0.007107494043391394,100.0
regir_kv0_sg,0,shuffled_labels,nearest_target_distance,readout,0,id_test,10v10_K3,176,-0.002876606856005992,100.0
regir_kv0_sg,0,shuffled_labels,nearest_target_distance,readout,0,ood_explore,30v30_K12,386,0.01530793212882997,100.0
regir_kv0_sg,0,shuffled_labels,nearest_target_distance,readout,0,ood_explore,30v30_K2,386,0.026564033733086467,100.0
regir_kv0_sg,0,shuffled_labels,nearest_target_distance,readout,0,ood_explore,50v50_K2,381,0.022643671626113804,100.0
regir_kv0_sg,0,shuffled_labels,nearest_target_distance,readout,0,ood_confirm,30v30_K12,378,-0.021630997278089925,100.0
regir_kv0_sg,0,shuffled_labels,nearest_target_distance,readout,0,ood_confirm,30v30_K2,384,0.017519348912923394,100.0
regir_kv0_sg,0,shuffled_labels,nearest_target_distance,readout,0,ood_confirm,50v50_K2,396,0.04194036771275944,100.0
regir_kv0_sg,0,shuffled_labels,nearest_target_distance,readout,1,id_train,10v10_K2,363,0.03192359317214277,100.0
regir_kv0_sg,0,shuffled_labels,nearest_target_distance,readout,1,id_train,10v10_K3,363,0.01233410036287752,100.0
regir_kv0_sg,0,shuffled_labels,nearest_target_distance,readout,1,id_val,10v10_K2,188,0.01897097263415759,100.0
regir_kv0_sg,0,shuffled_labels,nearest_target_distance,readout,1,id_val,10v10_K3,183,-0.009686337185352611,100.0
regir_kv0_sg,0,shuffled_labels,nearest_target_distance,readout,1,id_test,10v10_K2,183,-0.009587010367105853,100.0
regir_kv0_sg,0,shuffled_labels,nearest_target_distance,readout,1,id_test,10v10_K3,176,-0.014216873091158044,100.0
regir_kv0_sg,0,shuffled_labels,nearest_target_distance,readout,1,ood_explore,30v30_K12,386,-0.049717375269667796,100.0
regir_kv0_sg,0,shuffled_labels,nearest_target_distance,readout,1,ood_explore,30v30_K2,386,0.02289081874990162,100.0
regir_kv0_sg,0,shuffled_labels,nearest_target_distance,readout,1,ood_explore,50v50_K2,381,0.01774918681396631,100.0
regir_kv0_sg,0,shuffled_labels,nearest_target_distance,readout,1,ood_confirm,30v30_K12,378,-0.09256563404379925,100.0
regir_kv0_sg,0,shuffled_labels,nearest_target_distance,readout,1,ood_confirm,30v30_K2,384,0.01716235556133705,100.0
regir_kv0_sg,0,shuffled_labels,nearest_target_distance,readout,1,ood_confirm,50v50_K2,396,0.046104400206675944,100.0
regir_kv0_sg,0,shuffled_labels,nearest_target_distance,readout,2,id_train,10v10_K2,363,0.034901020547420836,100.0
regir_kv0_sg,0,shuffled_labels,nearest_target_distance,readout,2,id_train,10v10_K3,363,-0.001301100202665273,100.0
regir_kv0_sg,0,shuffled_labels,nearest_target_distance,readout,2,id_val,10v10_K2,188,0.05722344285438019,100.0
regir_kv0_sg,0,shuffled_labels,nearest_target_distance,readout,2,id_val,10v10_K3,183,-0.011228735203600904,100.0
regir_kv0_sg,0,shuffled_labels,nearest_target_distance,readout,2,id_test,10v10_K2,183,-0.0186561107521388,100.0
regir_kv0_sg,0,shuffled_labels,nearest_target_distance,readout,2,id_test,10v10_K3,176,-0.01051705239134093,100.0
regir_kv0_sg,0,shuffled_labels,nearest_target_distance,readout,2,ood_explore,30v30_K12,386,-0.09677915501339429,100.0
regir_kv0_sg,0,shuffled_labels,nearest_target_distance,readout,2,ood_explore,30v30_K2,386,-0.020516334264455427,100.0
regir_kv0_sg,0,shuffled_labels,nearest_target_distance,readout,2,ood_explore,50v50_K2,381,0.009040115975772256,100.0
regir_kv0_sg,0,shuffled_labels,nearest_target_distance,readout,2,ood_confirm,30v30_K12,378,-0.15849927699259037,100.0
regir_kv0_sg,0,shuffled_labels,nearest_target_distance,readout,2,ood_confirm,30v30_K2,384,-0.008115179611482448,100.0
regir_kv0_sg,0,shuffled_labels,nearest_target_distance,readout,2,ood_confirm,50v50_K2,396,0.024321859347602004,100.0
regir_kv0_sg,0,shuffled_labels,nearest_target_distance,readout,3,id_train,10v10_K2,363,0.044634791196516366,100.0
regir_kv0_sg,0,shuffled_labels,nearest_target_distance,readout,3,id_train,10v10_K3,363,-0.0006790804880538737,100.0
regir_kv0_sg,0,shuffled_labels,nearest_target_distance,readout,3,id_val,10v10_K2,188,0.05045110203302494,100.0
regir_kv0_sg,0,shuffled_labels,nearest_target_distance,readout,3,id_val,10v10_K3,183,0.015286213836842144,100.0
regir_kv0_sg,0,shuffled_labels,nearest_target_distance,readout,3,id_test,10v10_K2,183,-0.010045450869445416,100.0
regir_kv0_sg,0,shuffled_labels,nearest_target_distance,readout,3,id_test,10v10_K3,176,-0.02432262597818169,100.0
regir_kv0_sg,0,shuffled_labels,nearest_target_distance,readout,3,ood_explore,30v30_K12,386,-0.12087534504287523,100.0
regir_kv0_sg,0,shuffled_labels,nearest_target_distance,readout,3,ood_explore,30v30_K2,386,-0.031366555900607995,100.0
regir_kv0_sg,0,shuffled_labels,nearest_target_distance,readout,3,ood_explore,50v50_K2,381,-0.014451876566288657,100.0
regir_kv0_sg,0,shuffled_labels,nearest_target_distance,readout,3,ood_confirm,30v30_K12,378,-0.18852665982453898,100.0
regir_kv0_sg,0,shuffled_labels,nearest_target_distance,readout,3,ood_confirm,30v30_K2,384,-0.04172294164387558,100.0
regir_kv0_sg,0,shuffled_labels,nearest_target_distance,readout,3,ood_confirm,50v50_K2,396,0.006931840154954294,100.0
regir_kv0_sg,3,trained,threat,h_mean,0,id_train,10v10_K2,363,0.5500361770419341,10.0
regir_kv0_sg,3,trained,threat,h_mean,0,id_train,10v10_K3,363,0.4845550915800564,10.0
regir_kv0_sg,3,trained,threat,h_mean,0,id_val,10v10_K2,188,-0.16326177393954056,10.0
regir_kv0_sg,3,trained,threat,h_mean,0,id_val,10v10_K3,183,0.2984587390055663,10.0
regir_kv0_sg,3,trained,threat,h_mean,0,id_test,10v10_K2,183,0.21305678173917442,10.0
regir_kv0_sg,3,trained,threat,h_mean,0,id_test,10v10_K3,176,0.20885000283207245,10.0
regir_kv0_sg,3,trained,threat,h_mean,0,ood_explore,30v30_K12,386,0.21608103137444867,10.0
regir_kv0_sg,3,trained,threat,h_mean,0,ood_explore,30v30_K2,386,0.35015044643853854,10.0
regir_kv0_sg,3,trained,threat,h_mean,0,ood_explore,50v50_K2,381,0.28501663091794316,10.0
regir_kv0_sg,3,trained,threat,h_mean,0,ood_confirm,30v30_K12,378,0.35242379825988357,10.0
regir_kv0_sg,3,trained,threat,h_mean,0,ood_confirm,30v30_K2,384,0.25603870956618857,10.0
regir_kv0_sg,3,trained,threat,h_mean,0,ood_confirm,50v50_K2,396,-0.04217016855355227,10.0
regir_kv0_sg,3,trained,threat,h_mean,1,id_train,10v10_K2,363,0.6802740296267434,10.0
regir_kv0_sg,3,trained,threat,h_mean,1,id_train,10v10_K3,363,0.6144102981404505,10.0
regir_kv0_sg,3,trained,threat,h_mean,1,id_val,10v10_K2,188,-0.1425347514089903,10.0
regir_kv0_sg,3,trained,threat,h_mean,1,id_val,10v10_K3,183,0.3332728311019536,10.0
regir_kv0_sg,3,trained,threat,h_mean,1,id_test,10v10_K2,183,0.3269426903313334,10.0
regir_kv0_sg,3,trained,threat,h_mean,1,id_test,10v10_K3,176,0.3204033984939324,10.0
regir_kv0_sg,3,trained,threat,h_mean,1,ood_explore,30v30_K12,386,0.37601064614283186,10.0
regir_kv0_sg,3,trained,threat,h_mean,1,ood_explore,30v30_K2,386,0.5889218315409404,10.0
regir_kv0_sg,3,trained,threat,h_mean,1,ood_explore,50v50_K2,381,0.5547136924013428,10.0
regir_kv0_sg,3,trained,threat,h_mean,1,ood_confirm,30v30_K12,378,0.5006061871751005,10.0
regir_kv0_sg,3,trained,threat,h_mean,1,ood_confirm,30v30_K2,384,0.4881773891084191,10.0
regir_kv0_sg,3,trained,threat,h_mean,1,ood_confirm,50v50_K2,396,0.3584591027354911,10.0
regir_kv0_sg,3,trained,threat,h_mean,2,id_train,10v10_K2,363,0.6928461407684572,10.0
regir_kv0_sg,3,trained,threat,h_mean,2,id_train,10v10_K3,363,0.5892394356142158,10.0
regir_kv0_sg,3,trained,threat,h_mean,2,id_val,10v10_K2,188,-0.20263692319710325,10.0
regir_kv0_sg,3,trained,threat,h_mean,2,id_val,10v10_K3,183,0.3489373537927132,10.0
regir_kv0_sg,3,trained,threat,h_mean,2,id_test,10v10_K2,183,0.2814146421209346,10.0
regir_kv0_sg,3,trained,threat,h_mean,2,id_test,10v10_K3,176,0.3897772889981297,10.0
regir_kv0_sg,3,trained,threat,h_mean,2,ood_explore,30v30_K12,386,0.45752990266545035,10.0
regir_kv0_sg,3,trained,threat,h_mean,2,ood_explore,30v30_K2,386,0.6228188813469666,10.0
regir_kv0_sg,3,trained,threat,h_mean,2,ood_explore,50v50_K2,381,0.5339700441879558,10.0
regir_kv0_sg,3,trained,threat,h_mean,2,ood_confirm,30v30_K12,378,0.517560656334533,10.0
regir_kv0_sg,3,trained,threat,h_mean,2,ood_confirm,30v30_K2,384,0.5364487735395067,10.0
regir_kv0_sg,3,trained,threat,h_mean,2,ood_confirm,50v50_K2,396,0.3317683390570618,10.0
regir_kv0_sg,3,trained,threat,h_mean,3,id_train,10v10_K2,363,0.6672576007805096,10.0
regir_kv0_sg,3,trained,threat,h_mean,3,id_train,10v10_K3,363,0.5543861385351447,10.0
regir_kv0_sg,3,trained,threat,h_mean,3,id_val,10v10_K2,188,-0.29629183443315643,10.0
regir_kv0_sg,3,trained,threat,h_mean,3,id_val,10v10_K3,183,0.37922448362611805,10.0
regir_kv0_sg,3,trained,threat,h_mean,3,id_test,10v10_K2,183,0.1780589870938264,10.0
regir_kv0_sg,3,trained,threat,h_mean,3,id_test,10v10_K3,176,0.3649060930691469,10.0
regir_kv0_sg,3,trained,threat,h_mean,3,ood_explore,30v30_K12,386,0.42937403559623,10.0
regir_kv0_sg,3,trained,threat,h_mean,3,ood_explore,30v30_K2,386,0.5877303425486089,10.0
regir_kv0_sg,3,trained,threat,h_mean,3,ood_explore,50v50_K2,381,0.5094704034717359,10.0
regir_kv0_sg,3,trained,threat,h_mean,3,ood_confirm,30v30_K12,378,0.4553860238055072,10.0
regir_kv0_sg,3,trained,threat,h_mean,3,ood_confirm,30v30_K2,384,0.5191680955657743,10.0
regir_kv0_sg,3,trained,threat,h_mean,3,ood_confirm,50v50_K2,396,0.31544145350972563,10.0
regir_kv0_sg,3,trained,threat,h_mean,4,id_train,10v10_K2,363,0.6436755822858232,10.0
regir_kv0_sg,3,trained,threat,h_mean,4,id_train,10v10_K3,363,0.529834114174246,10.0
regir_kv0_sg,3,trained,threat,h_mean,4,id_val,10v10_K2,188,-0.28227230901216016,10.0
regir_kv0_sg,3,trained,threat,h_mean,4,id_val,10v10_K3,183,0.39009585607328545,10.0
regir_kv0_sg,3,trained,threat,h_mean,4,id_test,10v10_K2,183,0.13158887139938225,10.0
regir_kv0_sg,3,trained,threat,h_mean,4,id_test,10v10_K3,176,0.3576678538554443,10.0
regir_kv0_sg,3,trained,threat,h_mean,4,ood_explore,30v30_K12,386,0.41007730442206647,10.0
regir_kv0_sg,3,trained,threat,h_mean,4,ood_explore,30v30_K2,386,0.5557828796075384,10.0
regir_kv0_sg,3,trained,threat,h_mean,4,ood_explore,50v50_K2,381,0.4627741891444518,10.0
regir_kv0_sg,3,trained,threat,h_mean,4,ood_confirm,30v30_K12,378,0.4260092839808637,10.0
regir_kv0_sg,3,trained,threat,h_mean,4,ood_confirm,30v30_K2,384,0.4892028356430195,10.0
regir_kv0_sg,3,trained,threat,h_mean,4,ood_confirm,50v50_K2,396,0.27381973602089493,10.0
regir_kv0_sg,3,trained,unmarked_frac,h_mean,0,id_train,10v10_K2,363,0.4341534417862545,1.0
regir_kv0_sg,3,trained,unmarked_frac,h_mean,0,id_train,10v10_K3,363,0.41214782067005196,1.0
regir_kv0_sg,3,trained,unmarked_frac,h_mean,0,id_val,10v10_K2,188,0.12382867090673144,1.0
regir_kv0_sg,3,trained,unmarked_frac,h_mean,0,id_val,10v10_K3,183,0.427575176370232,1.0
regir_kv0_sg,3,trained,unmarked_frac,h_mean,0,id_test,10v10_K2,183,0.38520721266399305,1.0
regir_kv0_sg,3,trained,unmarked_frac,h_mean,0,id_test,10v10_K3,176,0.34236072663944095,1.0
regir_kv0_sg,3,trained,unmarked_frac,h_mean,0,ood_explore,30v30_K12,386,0.030550706550224627,1.0
regir_kv0_sg,3,trained,unmarked_frac,h_mean,0,ood_explore,30v30_K2,386,0.04756723565681209,1.0
regir_kv0_sg,3,trained,unmarked_frac,h_mean,0,ood_explore,50v50_K2,381,-0.0532231305950388,1.0
regir_kv0_sg,3,trained,unmarked_frac,h_mean,0,ood_confirm,30v30_K12,378,0.23849268605992602,1.0
regir_kv0_sg,3,trained,unmarked_frac,h_mean,0,ood_confirm,30v30_K2,384,0.1794571313759079,1.0
regir_kv0_sg,3,trained,unmarked_frac,h_mean,0,ood_confirm,50v50_K2,396,-0.030923443471100764,1.0
regir_kv0_sg,3,trained,unmarked_frac,h_mean,1,id_train,10v10_K2,363,0.4383480104937769,1.0
regir_kv0_sg,3,trained,unmarked_frac,h_mean,1,id_train,10v10_K3,363,0.4105493834391958,1.0
regir_kv0_sg,3,trained,unmarked_frac,h_mean,1,id_val,10v10_K2,188,0.1737076991063048,1.0
regir_kv0_sg,3,trained,unmarked_frac,h_mean,1,id_val,10v10_K3,183,0.34897036162055817,1.0
regir_kv0_sg,3,trained,unmarked_frac,h_mean,1,id_test,10v10_K2,183,0.40063887610455395,1.0
regir_kv0_sg,3,trained,unmarked_frac,h_mean,1,id_test,10v10_K3,176,0.2634282410735892,1.0
regir_kv0_sg,3,trained,unmarked_frac,h_mean,1,ood_explore,30v30_K12,386,-0.11965993001281316,1.0
regir_kv0_sg,3,trained,unmarked_frac,h_mean,1,ood_explore,30v30_K2,386,0.08524404748594672,1.0
regir_kv0_sg,3,trained,unmarked_frac,h_mean,1,ood_explore,50v50_K2,381,0.02223518054878748,1.0
regir_kv0_sg,3,trained,unmarked_frac,h_mean,1,ood_confirm,30v30_K12,378,0.09517500302178628,1.0
regir_kv0_sg,3,trained,unmarked_frac,h_mean,1,ood_confirm,30v30_K2,384,0.18107230545438957,1.0
regir_kv0_sg,3,trained,unmarked_frac,h_mean,1,ood_confirm,50v50_K2,396,0.01972550315484156,1.0
regir_kv0_sg,3,trained,unmarked_frac,h_mean,2,id_train,10v10_K2,363,0.44246374205657346,1.0
regir_kv0_sg,3,trained,unmarked_frac,h_mean,2,id_train,10v10_K3,363,0.3877662164993113,1.0
regir_kv0_sg,3,trained,unmarked_frac,h_mean,2,id_val,10v10_K2,188,0.08772224846311572,1.0
regir_kv0_sg,3,trained,unmarked_frac,h_mean,2,id_val,10v10_K3,183,0.33116136356231485,1.0
regir_kv0_sg,3,trained,unmarked_frac,h_mean,2,id_test,10v10_K2,183,0.38906601628489235,1.0
regir_kv0_sg,3,trained,unmarked_frac,h_mean,2,id_test,10v10_K3,176,0.2517905068574128,1.0
regir_kv0_sg,3,trained,unmarked_frac,h_mean,2,ood_explore,30v30_K12,386,-0.40457698119650076,1.0
regir_kv0_sg,3,trained,unmarked_frac,h_mean,2,ood_explore,30v30_K2,386,0.13175165768082264,1.0
regir_kv0_sg,3,trained,unmarked_frac,h_mean,2,ood_explore,50v50_K2,381,0.1199178549548785,1.0
regir_kv0_sg,3,trained,unmarked_frac,h_mean,2,ood_confirm,30v30_K12,378,-0.0931110012055647,1.0
regir_kv0_sg,3,trained,unmarked_frac,h_mean,2,ood_confirm,30v30_K2,384,0.18890720402067973,1.0
regir_kv0_sg,3,trained,unmarked_frac,h_mean,2,ood_confirm,50v50_K2,396,0.05380335593396768,1.0
regir_kv0_sg,3,trained,unmarked_frac,h_mean,3,id_train,10v10_K2,363,0.4380620620922987,1.0
regir_kv0_sg,3,trained,unmarked_frac,h_mean,3,id_train,10v10_K3,363,0.37999224454527336,1.0
regir_kv0_sg,3,trained,unmarked_frac,h_mean,3,id_val,10v10_K2,188,0.08747431558920371,1.0
regir_kv0_sg,3,trained,unmarked_frac,h_mean,3,id_val,10v10_K3,183,0.3175465431368084,1.0
regir_kv0_sg,3,trained,unmarked_frac,h_mean,3,id_test,10v10_K2,183,0.3845980643706436,1.0
regir_kv0_sg,3,trained,unmarked_frac,h_mean,3,id_test,10v10_K3,176,0.2021339791116913,1.0
regir_kv0_sg,3,trained,unmarked_frac,h_mean,3,ood_explore,30v30_K12,386,-0.5396431200354439,1.0
regir_kv0_sg,3,trained,unmarked_frac,h_mean,3,ood_explore,30v30_K2,386,0.1370433683599549,1.0
regir_kv0_sg,3,trained,unmarked_frac,h_mean,3,ood_explore,50v50_K2,381,0.1274443112864596,1.0
regir_kv0_sg,3,trained,unmarked_frac,h_mean,3,ood_confirm,30v30_K12,378,-0.2615403682568429,1.0
regir_kv0_sg,3,trained,unmarked_frac,h_mean,3,ood_confirm,30v30_K2,384,0.187333837313707,1.0
regir_kv0_sg,3,trained,unmarked_frac,h_mean,3,ood_confirm,50v50_K2,396,0.04625944876352284,1.0
regir_kv0_sg,3,trained,unmarked_frac,h_mean,4,id_train,10v10_K2,363,0.4402787821753581,1.0
regir_kv0_sg,3,trained,unmarked_frac,h_mean,4,id_train,10v10_K3,363,0.38593581575650504,1.0
regir_kv0_sg,3,trained,unmarked_frac,h_mean,4,id_val,10v10_K2,188,0.06941679030868342,1.0
regir_kv0_sg,3,trained,unmarked_frac,h_mean,4,id_val,10v10_K3,183,0.3369637579503405,1.0
regir_kv0_sg,3,trained,unmarked_frac,h_mean,4,id_test,10v10_K2,183,0.38289164577458956,1.0
regir_kv0_sg,3,trained,unmarked_frac,h_mean,4,id_test,10v10_K3,176,0.17781192175336769,1.0
regir_kv0_sg,3,trained,unmarked_frac,h_mean,4,ood_explore,30v30_K12,386,-0.46234041284365257,1.0
regir_kv0_sg,3,trained,unmarked_frac,h_mean,4,ood_explore,30v30_K2,386,0.1235311412176785,1.0
regir_kv0_sg,3,trained,unmarked_frac,h_mean,4,ood_explore,50v50_K2,381,0.13078574336118765,1.0
regir_kv0_sg,3,trained,unmarked_frac,h_mean,4,ood_confirm,30v30_K12,378,-0.23874670778531182,1.0
regir_kv0_sg,3,trained,unmarked_frac,h_mean,4,ood_confirm,30v30_K2,384,0.1939355971920077,1.0
regir_kv0_sg,3,trained,unmarked_frac,h_mean,4,ood_confirm,50v50_K2,396,0.036148845660344486,1.0
regir_kv0_sg,3,trained,centroid_gap,h_mean,0,id_train,10v10_K2,363,0.9079308718279775,0.1
regir_kv0_sg,3,trained,centroid_gap,h_mean,0,id_train,10v10_K3,363,0.8892118391057504,0.1
regir_kv0_sg,3,trained,centroid_gap,h_mean,0,id_val,10v10_K2,188,0.9190484078792935,0.1
regir_kv0_sg,3,trained,centroid_gap,h_mean,0,id_val,10v10_K3,183,0.862918929532052,0.1
regir_kv0_sg,3,trained,centroid_gap,h_mean,0,id_test,10v10_K2,183,0.8667049215362979,0.1
regir_kv0_sg,3,trained,centroid_gap,h_mean,0,id_test,10v10_K3,176,0.8776832055867261,0.1
regir_kv0_sg,3,trained,centroid_gap,h_mean,0,ood_explore,30v30_K12,386,0.7661686237085858,0.1
regir_kv0_sg,3,trained,centroid_gap,h_mean,0,ood_explore,30v30_K2,386,0.8592597001910853,0.1
regir_kv0_sg,3,trained,centroid_gap,h_mean,0,ood_explore,50v50_K2,381,0.8180788881872211,0.1
regir_kv0_sg,3,trained,centroid_gap,h_mean,0,ood_confirm,30v30_K12,378,0.7786382410861437,0.1
regir_kv0_sg,3,trained,centroid_gap,h_mean,0,ood_confirm,30v30_K2,384,0.791145220021791,0.1
regir_kv0_sg,3,trained,centroid_gap,h_mean,0,ood_confirm,50v50_K2,396,0.7368220134539272,0.1
regir_kv0_sg,3,trained,centroid_gap,h_mean,1,id_train,10v10_K2,363,0.916913722364808,0.1
regir_kv0_sg,3,trained,centroid_gap,h_mean,1,id_train,10v10_K3,363,0.8998289997859432,0.1
regir_kv0_sg,3,trained,centroid_gap,h_mean,1,id_val,10v10_K2,188,0.9167815048240392,0.1
regir_kv0_sg,3,trained,centroid_gap,h_mean,1,id_val,10v10_K3,183,0.8676734293913329,0.1
regir_kv0_sg,3,trained,centroid_gap,h_mean,1,id_test,10v10_K2,183,0.871857106379256,0.1
regir_kv0_sg,3,trained,centroid_gap,h_mean,1,id_test,10v10_K3,176,0.8784431090141651,0.1
regir_kv0_sg,3,trained,centroid_gap,h_mean,1,ood_explore,30v30_K12,386,0.8786993400176212,0.1
regir_kv0_sg,3,trained,centroid_gap,h_mean,1,ood_explore,30v30_K2,386,0.867353092802383,0.1
regir_kv0_sg,3,trained,centroid_gap,h_mean,1,ood_explore,50v50_K2,381,0.8226590035332121,0.1
regir_kv0_sg,3,trained,centroid_gap,h_mean,1,ood_confirm,30v30_K12,378,0.8965575219459565,0.1
regir_kv0_sg,3,trained,centroid_gap,h_mean,1,ood_confirm,30v30_K2,384,0.8207745878809495,0.1
regir_kv0_sg,3,trained,centroid_gap,h_mean,1,ood_confirm,50v50_K2,396,0.7840993286767979,0.1
regir_kv0_sg,3,trained,centroid_gap,h_mean,2,id_train,10v10_K2,363,0.9190250567981476,0.1
regir_kv0_sg,3,trained,centroid_gap,h_mean,2,id_train,10v10_K3,363,0.905569747032356,0.1
regir_kv0_sg,3,trained,centroid_gap,h_mean,2,id_val,10v10_K2,188,0.9210200565220472,0.1
regir_kv0_sg,3,trained,centroid_gap,h_mean,2,id_val,10v10_K3,183,0.8715742630207841,0.1
regir_kv0_sg,3,trained,centroid_gap,h_mean,2,id_test,10v10_K2,183,0.8755641932316833,0.1
regir_kv0_sg,3,trained,centroid_gap,h_mean,2,id_test,10v10_K3,176,0.8730125466570846,0.1
regir_kv0_sg,3,trained,centroid_gap,h_mean,2,ood_explore,30v30_K12,386,0.8849030989016022,0.1
regir_kv0_sg,3,trained,centroid_gap,h_mean,2,ood_explore,30v30_K2,386,0.8591057853688514,0.1
regir_kv0_sg,3,trained,centroid_gap,h_mean,2,ood_explore,50v50_K2,381,0.8055897908748042,0.1
regir_kv0_sg,3,trained,centroid_gap,h_mean,2,ood_confirm,30v30_K12,378,0.8956602808943079,0.1
regir_kv0_sg,3,trained,centroid_gap,h_mean,2,ood_confirm,30v30_K2,384,0.8213328390761768,0.1
regir_kv0_sg,3,trained,centroid_gap,h_mean,2,ood_confirm,50v50_K2,396,0.7929075746174106,0.1
regir_kv0_sg,3,trained,centroid_gap,h_mean,3,id_train,10v10_K2,363,0.9120627380314645,0.1
regir_kv0_sg,3,trained,centroid_gap,h_mean,3,id_train,10v10_K3,363,0.9070234923292503,0.1
regir_kv0_sg,3,trained,centroid_gap,h_mean,3,id_val,10v10_K2,188,0.9131895171515448,0.1
regir_kv0_sg,3,trained,centroid_gap,h_mean,3,id_val,10v10_K3,183,0.8644926891858923,0.1
regir_kv0_sg,3,trained,centroid_gap,h_mean,3,id_test,10v10_K2,183,0.867560073089204,0.1
regir_kv0_sg,3,trained,centroid_gap,h_mean,3,id_test,10v10_K3,176,0.8731671024828337,0.1
regir_kv0_sg,3,trained,centroid_gap,h_mean,3,ood_explore,30v30_K12,386,0.8926890874012561,0.1
regir_kv0_sg,3,trained,centroid_gap,h_mean,3,ood_explore,30v30_K2,386,0.8521895233441575,0.1
regir_kv0_sg,3,trained,centroid_gap,h_mean,3,ood_explore,50v50_K2,381,0.8126280659087315,0.1
regir_kv0_sg,3,trained,centroid_gap,h_mean,3,ood_confirm,30v30_K12,378,0.8897253582712553,0.1
regir_kv0_sg,3,trained,centroid_gap,h_mean,3,ood_confirm,30v30_K2,384,0.8316190305066509,0.1
regir_kv0_sg,3,trained,centroid_gap,h_mean,3,ood_confirm,50v50_K2,396,0.7962717975578169,0.1
regir_kv0_sg,3,trained,centroid_gap,h_mean,4,id_train,10v10_K2,363,0.9059877572139456,0.1
regir_kv0_sg,3,trained,centroid_gap,h_mean,4,id_train,10v10_K3,363,0.9046760186171254,0.1
regir_kv0_sg,3,trained,centroid_gap,h_mean,4,id_val,10v10_K2,188,0.9052532314247799,0.1
regir_kv0_sg,3,trained,centroid_gap,h_mean,4,id_val,10v10_K3,183,0.8659315687641491,0.1
regir_kv0_sg,3,trained,centroid_gap,h_mean,4,id_test,10v10_K2,183,0.8583356918560086,0.1
regir_kv0_sg,3,trained,centroid_gap,h_mean,4,id_test,10v10_K3,176,0.8704979369182585,0.1
regir_kv0_sg,3,trained,centroid_gap,h_mean,4,ood_explore,30v30_K12,386,0.8848023652621583,0.1
regir_kv0_sg,3,trained,centroid_gap,h_mean,4,ood_explore,30v30_K2,386,0.8417958226753721,0.1
regir_kv0_sg,3,trained,centroid_gap,h_mean,4,ood_explore,50v50_K2,381,0.8061192480563499,0.1
regir_kv0_sg,3,trained,centroid_gap,h_mean,4,ood_confirm,30v30_K12,378,0.8749976739814369,0.1
regir_kv0_sg,3,trained,centroid_gap,h_mean,4,ood_confirm,30v30_K2,384,0.824089320954476,0.1
regir_kv0_sg,3,trained,centroid_gap,h_mean,4,ood_confirm,50v50_K2,396,0.7779847492419709,0.1
regir_kv0_sg,3,trained,nearest_target_distance,h_mean,0,id_train,10v10_K2,363,0.8539067061756123,1.0
regir_kv0_sg,3,trained,nearest_target_distance,h_mean,0,id_train,10v10_K3,363,0.8647740286808684,1.0
regir_kv0_sg,3,trained,nearest_target_distance,h_mean,0,id_val,10v10_K2,188,0.8076491950578834,1.0
regir_kv0_sg,3,trained,nearest_target_distance,h_mean,0,id_val,10v10_K3,183,0.8463417359691262,1.0
regir_kv0_sg,3,trained,nearest_target_distance,h_mean,0,id_test,10v10_K2,183,0.8177532565365768,1.0
regir_kv0_sg,3,trained,nearest_target_distance,h_mean,0,id_test,10v10_K3,176,0.8109809198797083,1.0
regir_kv0_sg,3,trained,nearest_target_distance,h_mean,0,ood_explore,30v30_K12,386,0.7331378939628834,1.0
regir_kv0_sg,3,trained,nearest_target_distance,h_mean,0,ood_explore,30v30_K2,386,0.787864186152078,1.0
regir_kv0_sg,3,trained,nearest_target_distance,h_mean,0,ood_explore,50v50_K2,381,0.7220290814653889,1.0
regir_kv0_sg,3,trained,nearest_target_distance,h_mean,0,ood_confirm,30v30_K12,378,0.6421652261735592,1.0
regir_kv0_sg,3,trained,nearest_target_distance,h_mean,0,ood_confirm,30v30_K2,384,0.7036330579453959,1.0
regir_kv0_sg,3,trained,nearest_target_distance,h_mean,0,ood_confirm,50v50_K2,396,0.7430664622210402,1.0
regir_kv0_sg,3,trained,nearest_target_distance,h_mean,1,id_train,10v10_K2,363,0.8958798186092799,1.0
regir_kv0_sg,3,trained,nearest_target_distance,h_mean,1,id_train,10v10_K3,363,0.9138714368708472,1.0
regir_kv0_sg,3,trained,nearest_target_distance,h_mean,1,id_val,10v10_K2,188,0.8770771623868875,1.0
regir_kv0_sg,3,trained,nearest_target_distance,h_mean,1,id_val,10v10_K3,183,0.90580017155847,1.0
regir_kv0_sg,3,trained,nearest_target_distance,h_mean,1,id_test,10v10_K2,183,0.8613693935615281,1.0
regir_kv0_sg,3,trained,nearest_target_distance,h_mean,1,id_test,10v10_K3,176,0.8843681188907898,1.0
regir_kv0_sg,3,trained,nearest_target_distance,h_mean,1,ood_explore,30v30_K12,386,0.8455251863678204,1.0
regir_kv0_sg,3,trained,nearest_target_distance,h_mean,1,ood_explore,30v30_K2,386,0.8657802651770589,1.0
regir_kv0_sg,3,trained,nearest_target_distance,h_mean,1,ood_explore,50v50_K2,381,0.8210279312335165,1.0
regir_kv0_sg,3,trained,nearest_target_distance,h_mean,1,ood_confirm,30v30_K12,378,0.8059795900018462,1.0
regir_kv0_sg,3,trained,nearest_target_distance,h_mean,1,ood_confirm,30v30_K2,384,0.830849231568443,1.0
regir_kv0_sg,3,trained,nearest_target_distance,h_mean,1,ood_confirm,50v50_K2,396,0.8140924723702675,1.0
regir_kv0_sg,3,trained,nearest_target_distance,h_mean,2,id_train,10v10_K2,363,0.8901750070106046,1.0
regir_kv0_sg,3,trained,nearest_target_distance,h_mean,2,id_train,10v10_K3,363,0.91435598153141,1.0
regir_kv0_sg,3,trained,nearest_target_distance,h_mean,2,id_val,10v10_K2,188,0.8650534484519472,1.0
regir_kv0_sg,3,trained,nearest_target_distance,h_mean,2,id_val,10v10_K3,183,0.906872327716443,1.0
regir_kv0_sg,3,trained,nearest_target_distance,h_mean,2,id_test,10v10_K2,183,0.864203255013285,1.0
regir_kv0_sg,3,trained,nearest_target_distance,h_mean,2,id_test,10v10_K3,176,0.8767406697399072,1.0
regir_kv0_sg,3,trained,nearest_target_distance,h_mean,2,ood_explore,30v30_K12,386,0.8221463918987107,1.0
regir_kv0_sg,3,trained,nearest_target_distance,h_mean,2,ood_explore,30v30_K2,386,0.8492650094275608,1.0
regir_kv0_sg,3,trained,nearest_target_distance,h_mean,2,ood_explore,50v50_K2,381,0.8360511785059639,1.0
regir_kv0_sg,3,trained,nearest_target_distance,h_mean,2,ood_confirm,30v30_K12,378,0.8016212010734872,1.0
regir_kv0_sg,3,trained,nearest_target_distance,h_mean,2,ood_confirm,30v30_K2,384,0.8120909523920499,1.0
regir_kv0_sg,3,trained,nearest_target_distance,h_mean,2,ood_confirm,50v50_K2,396,0.8338786680537398,1.0
regir_kv0_sg,3,trained,nearest_target_distance,h_mean,3,id_train,10v10_K2,363,0.8877416793433135,1.0
regir_kv0_sg,3,trained,nearest_target_distance,h_mean,3,id_train,10v10_K3,363,0.9132016617080515,1.0
regir_kv0_sg,3,trained,nearest_target_distance,h_mean,3,id_val,10v10_K2,188,0.8569037347074122,1.0
regir_kv0_sg,3,trained,nearest_target_distance,h_mean,3,id_val,10v10_K3,183,0.902035484648244,1.0
regir_kv0_sg,3,trained,nearest_target_distance,h_mean,3,id_test,10v10_K2,183,0.8769473998890562,1.0
regir_kv0_sg,3,trained,nearest_target_distance,h_mean,3,id_test,10v10_K3,176,0.8682157120206994,1.0
regir_kv0_sg,3,trained,nearest_target_distance,h_mean,3,ood_explore,30v30_K12,386,0.8340042436497497,1.0
regir_kv0_sg,3,trained,nearest_target_distance,h_mean,3,ood_explore,30v30_K2,386,0.8475412481256023,1.0
regir_kv0_sg,3,trained,nearest_target_distance,h_mean,3,ood_explore,50v50_K2,381,0.8310205106921489,1.0
regir_kv0_sg,3,trained,nearest_target_distance,h_mean,3,ood_confirm,30v30_K12,378,0.8218942114512168,1.0
regir_kv0_sg,3,trained,nearest_target_distance,h_mean,3,ood_confirm,30v30_K2,384,0.804683151149349,1.0
regir_kv0_sg,3,trained,nearest_target_distance,h_mean,3,ood_confirm,50v50_K2,396,0.8327209033475319,1.0
regir_kv0_sg,3,trained,nearest_target_distance,h_mean,4,id_train,10v10_K2,363,0.8850827398964138,1.0
regir_kv0_sg,3,trained,nearest_target_distance,h_mean,4,id_train,10v10_K3,363,0.9118915107885294,1.0
regir_kv0_sg,3,trained,nearest_target_distance,h_mean,4,id_val,10v10_K2,188,0.8575064197135079,1.0
regir_kv0_sg,3,trained,nearest_target_distance,h_mean,4,id_val,10v10_K3,183,0.8984518770104145,1.0
regir_kv0_sg,3,trained,nearest_target_distance,h_mean,4,id_test,10v10_K2,183,0.8794154539539478,1.0
regir_kv0_sg,3,trained,nearest_target_distance,h_mean,4,id_test,10v10_K3,176,0.8626131792236388,1.0
regir_kv0_sg,3,trained,nearest_target_distance,h_mean,4,ood_explore,30v30_K12,386,0.8436093025852099,1.0
regir_kv0_sg,3,trained,nearest_target_distance,h_mean,4,ood_explore,30v30_K2,386,0.8492612826263038,1.0
regir_kv0_sg,3,trained,nearest_target_distance,h_mean,4,ood_explore,50v50_K2,381,0.8295472770900457,1.0
regir_kv0_sg,3,trained,nearest_target_distance,h_mean,4,ood_confirm,30v30_K12,378,0.8165291668182801,1.0
regir_kv0_sg,3,trained,nearest_target_distance,h_mean,4,ood_confirm,30v30_K2,384,0.8069724469060705,1.0
regir_kv0_sg,3,trained,nearest_target_distance,h_mean,4,ood_confirm,50v50_K2,396,0.829356189960448,1.0
regir_kv0_sg,3,trained,threat,readout,0,id_train,10v10_K2,363,0.6125339849682123,1.0
regir_kv0_sg,3,trained,threat,readout,0,id_train,10v10_K3,363,0.5728852614717459,1.0
regir_kv0_sg,3,trained,threat,readout,0,id_val,10v10_K2,188,0.06018629603321668,1.0
regir_kv0_sg,3,trained,threat,readout,0,id_val,10v10_K3,183,0.4627178425634253,1.0
regir_kv0_sg,3,trained,threat,readout,0,id_test,10v10_K2,183,0.36508364652731107,1.0
regir_kv0_sg,3,trained,threat,readout,0,id_test,10v10_K3,176,0.3997133715812108,1.0
regir_kv0_sg,3,trained,threat,readout,0,ood_explore,30v30_K12,386,0.4265806343394234,1.0
regir_kv0_sg,3,trained,threat,readout,0,ood_explore,30v30_K2,386,0.5913579803347705,1.0
regir_kv0_sg,3,trained,threat,readout,0,ood_explore,50v50_K2,381,0.4353416313781423,1.0
regir_kv0_sg,3,trained,threat,readout,0,ood_confirm,30v30_K12,378,0.5489929665337554,1.0
regir_kv0_sg,3,trained,threat,readout,0,ood_confirm,30v30_K2,384,0.5085746306148602,1.0
regir_kv0_sg,3,trained,threat,readout,0,ood_confirm,50v50_K2,396,0.4254242286711054,1.0
regir_kv0_sg,3,trained,threat,readout,1,id_train,10v10_K2,363,0.5231890758476156,1.0
regir_kv0_sg,3,trained,threat,readout,1,id_train,10v10_K3,363,0.4324175632157099,1.0
regir_kv0_sg,3,trained,threat,readout,1,id_val,10v10_K2,188,-0.04468637671452025,1.0
regir_kv0_sg,3,trained,threat,readout,1,id_val,10v10_K3,183,0.25442040794630294,1.0
regir_kv0_sg,3,trained,threat,readout,1,id_test,10v10_K2,183,0.13917834432401532,1.0
regir_kv0_sg,3,trained,threat,readout,1,id_test,10v10_K3,176,0.25140101187908126,1.0
regir_kv0_sg,3,trained,threat,readout,1,ood_explore,30v30_K12,386,0.3346303181395439,1.0
regir_kv0_sg,3,trained,threat,readout,1,ood_explore,30v30_K2,386,0.5343694718517251,1.0
regir_kv0_sg,3,trained,threat,readout,1,ood_explore,50v50_K2,381,0.4338212613343533,1.0
regir_kv0_sg,3,trained,threat,readout,1,ood_confirm,30v30_K12,378,0.3854625496509292,1.0
regir_kv0_sg,3,trained,threat,readout,1,ood_confirm,30v30_K2,384,0.4210063500366986,1.0
regir_kv0_sg,3,trained,threat,readout,1,ood_confirm,50v50_K2,396,0.3204497731153073,1.0
regir_kv0_sg,3,trained,threat,readout,2,id_train,10v10_K2,363,0.49305156323468347,1.0
regir_kv0_sg,3,trained,threat,readout,2,id_train,10v10_K3,363,0.35537204592959315,1.0
regir_kv0_sg,3,trained,threat,readout,2,id_val,10v10_K2,188,-0.29780241604512514,1.0
regir_kv0_sg,3,trained,threat,readout,2,id_val,10v10_K3,183,0.2569308964788224,1.0
regir_kv0_sg,3,trained,threat,readout,2,id_test,10v10_K2,183,-0.0030109634456740864,1.0
regir_kv0_sg,3,trained,threat,readout,2,id_test,10v10_K3,176,0.18998923234313703,1.0
regir_kv0_sg,3,trained,threat,readout,2,ood_explore,30v30_K12,386,0.20003031155529472,1.0
regir_kv0_sg,3,trained,threat,readout,2,ood_explore,30v30_K2,386,0.45294149122887284,1.0
regir_kv0_sg,3,trained,threat,readout,2,ood_explore,50v50_K2,381,0.35557017918050815,1.0
regir_kv0_sg,3,trained,threat,readout,2,ood_confirm,30v30_K12,378,0.2534429157387782,1.0
regir_kv0_sg,3,trained,threat,readout,2,ood_confirm,30v30_K2,384,0.41552247039498713,1.0
regir_kv0_sg,3,trained,threat,readout,2,ood_confirm,50v50_K2,396,0.2731875473425449,1.0
regir_kv0_sg,3,trained,threat,readout,3,id_train,10v10_K2,363,0.5051387612411002,1.0
regir_kv0_sg,3,trained,threat,readout,3,id_train,10v10_K3,363,0.3550444669391355,1.0
regir_kv0_sg,3,trained,threat,readout,3,id_val,10v10_K2,188,-0.37976570121497133,1.0
regir_kv0_sg,3,trained,threat,readout,3,id_val,10v10_K3,183,0.2913366167865876,1.0
regir_kv0_sg,3,trained,threat,readout,3,id_test,10v10_K2,183,-0.10651811166036396,1.0
regir_kv0_sg,3,trained,threat,readout,3,id_test,10v10_K3,176,0.2021492432317552,1.0
regir_kv0_sg,3,trained,threat,readout,3,ood_explore,30v30_K12,386,0.2398049672513346,1.0
regir_kv0_sg,3,trained,threat,readout,3,ood_explore,30v30_K2,386,0.44077058779250544,1.0
regir_kv0_sg,3,trained,threat,readout,3,ood_explore,50v50_K2,381,0.34578447742505136,1.0
regir_kv0_sg,3,trained,threat,readout,3,ood_confirm,30v30_K12,378,0.2518292699358554,1.0
regir_kv0_sg,3,trained,threat,readout,3,ood_confirm,30v30_K2,384,0.44721884246107924,1.0
regir_kv0_sg,3,trained,threat,readout,3,ood_confirm,50v50_K2,396,0.2616628994426847,1.0
regir_kv0_sg,3,trained,unmarked_frac,readout,0,id_train,10v10_K2,363,0.37627675289635243,1.0
regir_kv0_sg,3,trained,unmarked_frac,readout,0,id_train,10v10_K3,363,0.3263971102230879,1.0
regir_kv0_sg,3,trained,unmarked_frac,readout,0,id_val,10v10_K2,188,0.12410248956440684,1.0
regir_kv0_sg,3,trained,unmarked_frac,readout,0,id_val,10v10_K3,183,0.2510284620276565,1.0
regir_kv0_sg,3,trained,unmarked_frac,readout,0,id_test,10v10_K2,183,0.36436163245774467,1.0
regir_kv0_sg,3,trained,unmarked_frac,readout,0,id_test,10v10_K3,176,0.20739737817631787,1.0
regir_kv0_sg,3,trained,unmarked_frac,readout,0,ood_explore,30v30_K12,386,-0.027734966454527665,1.0
regir_kv0_sg,3,trained,unmarked_frac,readout,0,ood_explore,30v30_K2,386,-0.05290446947518057,1.0
regir_kv0_sg,3,trained,unmarked_frac,readout,0,ood_explore,50v50_K2,381,-0.22254106806903362,1.0
regir_kv0_sg,3,trained,unmarked_frac,readout,0,ood_confirm,30v30_K12,378,0.10853128592542971,1.0
regir_kv0_sg,3,trained,unmarked_frac,readout,0,ood_confirm,30v30_K2,384,-0.056313919005092306,1.0
regir_kv0_sg,3,trained,unmarked_frac,readout,0,ood_confirm,50v50_K2,396,-0.23820471640732932,1.0
regir_kv0_sg,3,trained,unmarked_frac,readout,1,id_train,10v10_K2,363,0.2838886552461106,1.0
regir_kv0_sg,3,trained,unmarked_frac,readout,1,id_train,10v10_K3,363,0.2638633350375986,1.0
regir_kv0_sg,3,trained,unmarked_frac,readout,1,id_val,10v10_K2,188,0.10886649405257387,1.0
regir_kv0_sg,3,trained,unmarked_frac,readout,1,id_val,10v10_K3,183,0.25907407463088805,1.0
regir_kv0_sg,3,trained,unmarked_frac,readout,1,id_test,10v10_K2,183,0.2871583074199038,1.0
regir_kv0_sg,3,trained,unmarked_frac,readout,1,id_test,10v10_K3,176,0.14153229418163904,1.0
regir_kv0_sg,3,trained,unmarked_frac,readout,1,ood_explore,30v30_K12,386,-0.029451646247583563,1.0
regir_kv0_sg,3,trained,unmarked_frac,readout,1,ood_explore,30v30_K2,386,0.0029417479853480755,1.0
regir_kv0_sg,3,trained,unmarked_frac,readout,1,ood_explore,50v50_K2,381,-0.12089092565710757,1.0
regir_kv0_sg,3,trained,unmarked_frac,readout,1,ood_confirm,30v30_K12,378,0.10198181254301752,1.0
regir_kv0_sg,3,trained,unmarked_frac,readout,1,ood_confirm,30v30_K2,384,-0.03187718717196231,1.0
regir_kv0_sg,3,trained,unmarked_frac,readout,1,ood_confirm,50v50_K2,396,-0.15644988070872912,1.0
regir_kv0_sg,3,trained,unmarked_frac,readout,2,id_train,10v10_K2,363,0.2577095747749807,1.0
regir_kv0_sg,3,trained,unmarked_frac,readout,2,id_train,10v10_K3,363,0.24346468425149714,1.0
regir_kv0_sg,3,trained,unmarked_frac,readout,2,id_val,10v10_K2,188,0.0783585257503292,1.0
regir_kv0_sg,3,trained,unmarked_frac,readout,2,id_val,10v10_K3,183,0.20344336660853146,1.0
regir_kv0_sg,3,trained,unmarked_frac,readout,2,id_test,10v10_K2,183,0.1985899786232025,1.0
regir_kv0_sg,3,trained,unmarked_frac,readout,2,id_test,10v10_K3,176,0.06329378533092667,1.0
regir_kv0_sg,3,trained,unmarked_frac,readout,2,ood_explore,30v30_K12,386,-0.039861992058274565,1.0
regir_kv0_sg,3,trained,unmarked_frac,readout,2,ood_explore,30v30_K2,386,0.03518267712874101,1.0
regir_kv0_sg,3,trained,unmarked_frac,readout,2,ood_explore,50v50_K2,381,-0.13586649134209594,1.0
regir_kv0_sg,3,trained,unmarked_frac,readout,2,ood_confirm,30v30_K12,378,0.07701321714995313,1.0
regir_kv0_sg,3,trained,unmarked_frac,readout,2,ood_confirm,30v30_K2,384,-0.06880439891683165,1.0
regir_kv0_sg,3,trained,unmarked_frac,readout,2,ood_confirm,50v50_K2,396,-0.1635042286713826,1.0
regir_kv0_sg,3,trained,unmarked_frac,readout,3,id_train,10v10_K2,363,0.2646425209770842,1.0
regir_kv0_sg,3,trained,unmarked_frac,readout,3,id_train,10v10_K3,363,0.24044036077641096,1.0
regir_kv0_sg,3,trained,unmarked_frac,readout,3,id_val,10v10_K2,188,0.05653333281292883,1.0
regir_kv0_sg,3,trained,unmarked_frac,readout,3,id_val,10v10_K3,183,0.1765194676590831,1.0
regir_kv0_sg,3,trained,unmarked_frac,readout,3,id_test,10v10_K2,183,0.17446504597276735,1.0
regir_kv0_sg,3,trained,unmarked_frac,readout,3,id_test,10v10_K3,176,0.08104020785045996,1.0
regir_kv0_sg,3,trained,unmarked_frac,readout,3,ood_explore,30v30_K12,386,-0.05561194110908563,1.0
regir_kv0_sg,3,trained,unmarked_frac,readout,3,ood_explore,30v30_K2,386,0.07583122832142275,1.0
regir_kv0_sg,3,trained,unmarked_frac,readout,3,ood_explore,50v50_K2,381,-0.10466812180059892,1.0
regir_kv0_sg,3,trained,unmarked_frac,readout,3,ood_confirm,30v30_K12,378,0.050795197284758786,1.0
regir_kv0_sg,3,trained,unmarked_frac,readout,3,ood_confirm,30v30_K2,384,-0.06693514542566592,1.0
regir_kv0_sg,3,trained,unmarked_frac,readout,3,ood_confirm,50v50_K2,396,-0.15876156118911666,1.0
regir_kv0_sg,3,trained,centroid_gap,readout,0,id_train,10v10_K2,363,0.836640142814199,0.0001
regir_kv0_sg,3,trained,centroid_gap,readout,0,id_train,10v10_K3,363,0.8493566927377321,0.0001
regir_kv0_sg,3,trained,centroid_gap,readout,0,id_val,10v10_K2,188,0.8049012923129155,0.0001
regir_kv0_sg,3,trained,centroid_gap,readout,0,id_val,10v10_K3,183,0.7561661621748499,0.0001
regir_kv0_sg,3,trained,centroid_gap,readout,0,id_test,10v10_K2,183,0.7798193418255484,0.0001
regir_kv0_sg,3,trained,centroid_gap,readout,0,id_test,10v10_K3,176,0.7754538452638197,0.0001
regir_kv0_sg,3,trained,centroid_gap,readout,0,ood_explore,30v30_K12,386,0.7721366857452496,0.0001
regir_kv0_sg,3,trained,centroid_gap,readout,0,ood_explore,30v30_K2,386,0.791436229624563,0.0001
regir_kv0_sg,3,trained,centroid_gap,readout,0,ood_explore,50v50_K2,381,0.7378838134155604,0.0001
regir_kv0_sg,3,trained,centroid_gap,readout,0,ood_confirm,30v30_K12,378,0.7181753708216355,0.0001
regir_kv0_sg,3,trained,centroid_gap,readout,0,ood_confirm,30v30_K2,384,0.7374132135183591,0.0001
regir_kv0_sg,3,trained,centroid_gap,readout,0,ood_confirm,50v50_K2,396,0.7182122081267523,0.0001
regir_kv0_sg,3,trained,centroid_gap,readout,1,id_train,10v10_K2,363,0.7678447556415198,0.0001
regir_kv0_sg,3,trained,centroid_gap,readout,1,id_train,10v10_K3,363,0.8092606528556143,0.0001
regir_kv0_sg,3,trained,centroid_gap,readout,1,id_val,10v10_K2,188,0.7527092699028788,0.0001
regir_kv0_sg,3,trained,centroid_gap,readout,1,id_val,10v10_K3,183,0.6956140068686588,0.0001
regir_kv0_sg,3,trained,centroid_gap,readout,1,id_test,10v10_K2,183,0.691553422743193,0.0001
regir_kv0_sg,3,trained,centroid_gap,readout,1,id_test,10v10_K3,176,0.7046736694424126,0.0001
regir_kv0_sg,3,trained,centroid_gap,readout,1,ood_explore,30v30_K12,386,0.6832065613110399,0.0001
regir_kv0_sg,3,trained,centroid_gap,readout,1,ood_explore,30v30_K2,386,0.6967270452191451,0.0001
regir_kv0_sg,3,trained,centroid_gap,readout,1,ood_explore,50v50_K2,381,0.6312132048216035,0.0001
regir_kv0_sg,3,trained,centroid_gap,readout,1,ood_confirm,30v30_K12,378,0.6780887501132205,0.0001
regir_kv0_sg,3,trained,centroid_gap,readout,1,ood_confirm,30v30_K2,384,0.6136800277194576,0.0001
regir_kv0_sg,3,trained,centroid_gap,readout,1,ood_confirm,50v50_K2,396,0.5434844564229082,0.0001
regir_kv0_sg,3,trained,centroid_gap,readout,2,id_train,10v10_K2,363,0.7641245859621371,0.0001
regir_kv0_sg,3,trained,centroid_gap,readout,2,id_train,10v10_K3,363,0.7729874816315738,0.0001
regir_kv0_sg,3,trained,centroid_gap,readout,2,id_val,10v10_K2,188,0.6959641488483235,0.0001
regir_kv0_sg,3,trained,centroid_gap,readout,2,id_val,10v10_K3,183,0.6704755432723346,0.0001
regir_kv0_sg,3,trained,centroid_gap,readout,2,id_test,10v10_K2,183,0.6447611990155124,0.0001
regir_kv0_sg,3,trained,centroid_gap,readout,2,id_test,10v10_K3,176,0.725927487497189,0.0001
regir_kv0_sg,3,trained,centroid_gap,readout,2,ood_explore,30v30_K12,386,0.661517026165872,0.0001
regir_kv0_sg,3,trained,centroid_gap,readout,2,ood_explore,30v30_K2,386,0.6394209969389331,0.0001
regir_kv0_sg,3,trained,centroid_gap,readout,2,ood_explore,50v50_K2,381,0.6350921435347627,0.0001
regir_kv0_sg,3,trained,centroid_gap,readout,2,ood_confirm,30v30_K12,378,0.6743090847532329,0.0001
regir_kv0_sg,3,trained,centroid_gap,readout,2,ood_confirm,30v30_K2,384,0.5868843027060471,0.0001
regir_kv0_sg,3,trained,centroid_gap,readout,2,ood_confirm,50v50_K2,396,0.5518813340542634,0.0001
regir_kv0_sg,3,trained,centroid_gap,readout,3,id_train,10v10_K2,363,0.7799033569046538,0.0001
regir_kv0_sg,3,trained,centroid_gap,readout,3,id_train,10v10_K3,363,0.7729283016497138,0.0001
regir_kv0_sg,3,trained,centroid_gap,readout,3,id_val,10v10_K2,188,0.7243533895316465,0.0001
regir_kv0_sg,3,trained,centroid_gap,readout,3,id_val,10v10_K3,183,0.6533926070234151,0.0001
regir_kv0_sg,3,trained,centroid_gap,readout,3,id_test,10v10_K2,183,0.680536839349344,0.0001
regir_kv0_sg,3,trained,centroid_gap,readout,3,id_test,10v10_K3,176,0.7392001337639671,0.0001
regir_kv0_sg,3,trained,centroid_gap,readout,3,ood_explore,30v30_K12,386,0.6439835642817331,0.0001
regir_kv0_sg,3,trained,centroid_gap,readout,3,ood_explore,30v30_K2,386,0.6475944994182099,0.0001
regir_kv0_sg,3,trained,centroid_gap,readout,3,ood_explore,50v50_K2,381,0.6485910855168102,0.0001
regir_kv0_sg,3,trained,centroid_gap,readout,3,ood_confirm,30v30_K12,378,0.6322686659121424,0.0001
regir_kv0_sg,3,trained,centroid_gap,readout,3,ood_confirm,30v30_K2,384,0.5810733551820664,0.0001
regir_kv0_sg,3,trained,centroid_gap,readout,3,ood_confirm,50v50_K2,396,0.5596403337605714,0.0001
regir_kv0_sg,3,trained,nearest_target_distance,readout,0,id_train,10v10_K2,363,0.7869090596686419,0.001
regir_kv0_sg,3,trained,nearest_target_distance,readout,0,id_train,10v10_K3,363,0.8200957462491142,0.001
regir_kv0_sg,3,trained,nearest_target_distance,readout,0,id_val,10v10_K2,188,0.7226530803722724,0.001
regir_kv0_sg,3,trained,nearest_target_distance,readout,0,id_val,10v10_K3,183,0.7887786747415705,0.001
regir_kv0_sg,3,trained,nearest_target_distance,readout,0,id_test,10v10_K2,183,0.6922548500174088,0.001
regir_kv0_sg,3,trained,nearest_target_distance,readout,0,id_test,10v10_K3,176,0.6968585767951655,0.001
regir_kv0_sg,3,trained,nearest_target_distance,readout,0,ood_explore,30v30_K12,386,0.7405393286161135,0.001
regir_kv0_sg,3,trained,nearest_target_distance,readout,0,ood_explore,30v30_K2,386,0.7547027779818865,0.001
regir_kv0_sg,3,trained,nearest_target_distance,readout,0,ood_explore,50v50_K2,381,0.6691540159021208,0.001
regir_kv0_sg,3,trained,nearest_target_distance,readout,0,ood_confirm,30v30_K12,378,0.6870470703046273,0.001
regir_kv0_sg,3,trained,nearest_target_distance,readout,0,ood_confirm,30v30_K2,384,0.69220131131713,0.001
regir_kv0_sg,3,trained,nearest_target_distance,readout,0,ood_confirm,50v50_K2,396,0.6585063326143417,0.001
regir_kv0_sg,3,trained,nearest_target_distance,readout,1,id_train,10v10_K2,363,0.7649325051641447,0.001
regir_kv0_sg,3,trained,nearest_target_distance,readout,1,id_train,10v10_K3,363,0.8167215444916108,0.001
regir_kv0_sg,3,trained,nearest_target_distance,readout,1,id_val,10v10_K2,188,0.7585931729431205,0.001
regir_kv0_sg,3,trained,nearest_target_distance,readout,1,id_val,10v10_K3,183,0.8055220659269722,0.001
regir_kv0_sg,3,trained,nearest_target_distance,readout,1,id_test,10v10_K2,183,0.7178799009873982,0.001
regir_kv0_sg,3,trained,nearest_target_distance,readout,1,id_test,10v10_K3,176,0.7659071959944063,0.001
regir_kv0_sg,3,trained,nearest_target_distance,readout,1,ood_explore,30v30_K12,386,0.7980566594803349,0.001
regir_kv0_sg,3,trained,nearest_target_distance,readout,1,ood_explore,30v30_K2,386,0.7316666233657659,0.001
regir_kv0_sg,3,trained,nearest_target_distance,readout,1,ood_explore,50v50_K2,381,0.6973680191736569,0.001
regir_kv0_sg,3,trained,nearest_target_distance,readout,1,ood_confirm,30v30_K12,378,0.7839313585299963,0.001
regir_kv0_sg,3,trained,nearest_target_distance,readout,1,ood_confirm,30v30_K2,384,0.6632050652572601,0.001
regir_kv0_sg,3,trained,nearest_target_distance,readout,1,ood_confirm,50v50_K2,396,0.6963269529719296,0.001
regir_kv0_sg,3,trained,nearest_target_distance,readout,2,id_train,10v10_K2,363,0.7753863734565463,0.001
regir_kv0_sg,3,trained,nearest_target_distance,readout,2,id_train,10v10_K3,363,0.8144966003477082,0.001
regir_kv0_sg,3,trained,nearest_target_distance,readout,2,id_val,10v10_K2,188,0.7570721549880451,0.001
regir_kv0_sg,3,trained,nearest_target_distance,readout,2,id_val,10v10_K3,183,0.804507022662057,0.001
regir_kv0_sg,3,trained,nearest_target_distance,readout,2,id_test,10v10_K2,183,0.7279267581980899,0.001
regir_kv0_sg,3,trained,nearest_target_distance,readout,2,id_test,10v10_K3,176,0.7820937178951046,0.001
regir_kv0_sg,3,trained,nearest_target_distance,readout,2,ood_explore,30v30_K12,386,0.8205069435450754,0.001
regir_kv0_sg,3,trained,nearest_target_distance,readout,2,ood_explore,30v30_K2,386,0.726137258457811,0.001
regir_kv0_sg,3,trained,nearest_target_distance,readout,2,ood_explore,50v50_K2,381,0.693695880118528,0.001
regir_kv0_sg,3,trained,nearest_target_distance,readout,2,ood_confirm,30v30_K12,378,0.7974690089014924,0.001
regir_kv0_sg,3,trained,nearest_target_distance,readout,2,ood_confirm,30v30_K2,384,0.6784324348228248,0.001
regir_kv0_sg,3,trained,nearest_target_distance,readout,2,ood_confirm,50v50_K2,396,0.6906889866108054,0.001
regir_kv0_sg,3,trained,nearest_target_distance,readout,3,id_train,10v10_K2,363,0.7897304444351301,0.001
regir_kv0_sg,3,trained,nearest_target_distance,readout,3,id_train,10v10_K3,363,0.8207278548665063,0.001
regir_kv0_sg,3,trained,nearest_target_distance,readout,3,id_val,10v10_K2,188,0.7615659777571221,0.001
regir_kv0_sg,3,trained,nearest_target_distance,readout,3,id_val,10v10_K3,183,0.767660050190982,0.001
regir_kv0_sg,3,trained,nearest_target_distance,readout,3,id_test,10v10_K2,183,0.7102989898604382,0.001
regir_kv0_sg,3,trained,nearest_target_distance,readout,3,id_test,10v10_K3,176,0.7725974731937234,0.001
regir_kv0_sg,3,trained,nearest_target_distance,readout,3,ood_explore,30v30_K12,386,0.7926748373483121,0.001
regir_kv0_sg,3,trained,nearest_target_distance,readout,3,ood_explore,30v30_K2,386,0.7245076372714079,0.001
regir_kv0_sg,3,trained,nearest_target_distance,readout,3,ood_explore,50v50_K2,381,0.68593182077394,0.001
regir_kv0_sg,3,trained,nearest_target_distance,readout,3,ood_confirm,30v30_K12,378,0.7629309120860023,0.001
regir_kv0_sg,3,trained,nearest_target_distance,readout,3,ood_confirm,30v30_K2,384,0.6796614128634946,0.001
regir_kv0_sg,3,trained,nearest_target_distance,readout,3,ood_confirm,50v50_K2,396,0.6635608864180119,0.001
regir_kv0_sg,3,random_init,threat,h_mean,0,id_train,10v10_K2,363,0.47808736912052596,100.0
regir_kv0_sg,3,random_init,threat,h_mean,0,id_train,10v10_K3,363,0.4583982937442601,100.0
regir_kv0_sg,3,random_init,threat,h_mean,0,id_val,10v10_K2,188,-0.4354905512234515,100.0
regir_kv0_sg,3,random_init,threat,h_mean,0,id_val,10v10_K3,183,0.26079290872163174,100.0
regir_kv0_sg,3,random_init,threat,h_mean,0,id_test,10v10_K2,183,0.10326798284236671,100.0
regir_kv0_sg,3,random_init,threat,h_mean,0,id_test,10v10_K3,176,0.15027760469204465,100.0
regir_kv0_sg,3,random_init,threat,h_mean,0,ood_explore,30v30_K12,386,0.11574737231212417,100.0
regir_kv0_sg,3,random_init,threat,h_mean,0,ood_explore,30v30_K2,386,0.27074692778669873,100.0
regir_kv0_sg,3,random_init,threat,h_mean,0,ood_explore,50v50_K2,381,0.27245439789619974,100.0
regir_kv0_sg,3,random_init,threat,h_mean,0,ood_confirm,30v30_K12,378,0.3373921190003416,100.0
regir_kv0_sg,3,random_init,threat,h_mean,0,ood_confirm,30v30_K2,384,0.23818330850359215,100.0
regir_kv0_sg,3,random_init,threat,h_mean,0,ood_confirm,50v50_K2,396,-0.044061238772552525,100.0
regir_kv0_sg,3,random_init,threat,h_mean,1,id_train,10v10_K2,363,0.4749375273642712,100.0
regir_kv0_sg,3,random_init,threat,h_mean,1,id_train,10v10_K3,363,0.413543452187181,100.0
regir_kv0_sg,3,random_init,threat,h_mean,1,id_val,10v10_K2,188,-0.5998994835118634,100.0
regir_kv0_sg,3,random_init,threat,h_mean,1,id_val,10v10_K3,183,0.22416190919660983,100.0
regir_kv0_sg,3,random_init,threat,h_mean,1,id_test,10v10_K2,183,0.12593666342739995,100.0
regir_kv0_sg,3,random_init,threat,h_mean,1,id_test,10v10_K3,176,0.09681026435551143,100.0
regir_kv0_sg,3,random_init,threat,h_mean,1,ood_explore,30v30_K12,386,0.20558924117713573,100.0
regir_kv0_sg,3,random_init,threat,h_mean,1,ood_explore,30v30_K2,386,0.3078217308952854,100.0
regir_kv0_sg,3,random_init,threat,h_mean,1,ood_explore,50v50_K2,381,0.27317491607348066,100.0
regir_kv0_sg,3,random_init,threat,h_mean,1,ood_confirm,30v30_K12,378,0.3770287309864394,100.0
regir_kv0_sg,3,random_init,threat,h_mean,1,ood_confirm,30v30_K2,384,0.23026551364477843,100.0
regir_kv0_sg,3,random_init,threat,h_mean,1,ood_confirm,50v50_K2,396,0.033029174036787734,100.0
regir_kv0_sg,3,random_init,threat,h_mean,2,id_train,10v10_K2,363,0.467145193595327,100.0
regir_kv0_sg,3,random_init,threat,h_mean,2,id_train,10v10_K3,363,0.4114898444643367,100.0
regir_kv0_sg,3,random_init,threat,h_mean,2,id_val,10v10_K2,188,-0.665911193690756,100.0
regir_kv0_sg,3,random_init,threat,h_mean,2,id_val,10v10_K3,183,0.22742483156303916,100.0
regir_kv0_sg,3,random_init,threat,h_mean,2,id_test,10v10_K2,183,0.13338517899773028,100.0
regir_kv0_sg,3,random_init,threat,h_mean,2,id_test,10v10_K3,176,0.08666079008780003,100.0
regir_kv0_sg,3,random_init,threat,h_mean,2,ood_explore,30v30_K12,386,0.21077549750308333,100.0
regir_kv0_sg,3,random_init,threat,h_mean,2,ood_explore,30v30_K2,386,0.34291951294015843,100.0
regir_kv0_sg,3,random_init,threat,h_mean,2,ood_explore,50v50_K2,381,0.31245184015001837,100.0
regir_kv0_sg,3,random_init,threat,h_mean,2,ood_confirm,30v30_K12,378,0.35827669573946685,100.0
regir_kv0_sg,3,random_init,threat,h_mean,2,ood_confirm,30v30_K2,384,0.26721046214838273,100.0
regir_kv0_sg,3,random_init,threat,h_mean,2,ood_confirm,50v50_K2,396,0.11532375656771332,100.0
regir_kv0_sg,3,random_init,threat,h_mean,3,id_train,10v10_K2,363,0.4556968801289525,100.0
regir_kv0_sg,3,random_init,threat,h_mean,3,id_train,10v10_K3,363,0.4131133614155309,100.0
regir_kv0_sg,3,random_init,threat,h_mean,3,id_val,10v10_K2,188,-0.6399762061564924,100.0
regir_kv0_sg,3,random_init,threat,h_mean,3,id_val,10v10_K3,183,0.19647651796044974,100.0
regir_kv0_sg,3,random_init,threat,h_mean,3,id_test,10v10_K2,183,0.1367031510746588,100.0
regir_kv0_sg,3,random_init,threat,h_mean,3,id_test,10v10_K3,176,0.09978292218269025,100.0
regir_kv0_sg,3,random_init,threat,h_mean,3,ood_explore,30v30_K12,386,0.1770834267589918,100.0
regir_kv0_sg,3,random_init,threat,h_mean,3,ood_explore,30v30_K2,386,0.34856324352404155,100.0
regir_kv0_sg,3,random_init,threat,h_mean,3,ood_explore,50v50_K2,381,0.31984418971362905,100.0
regir_kv0_sg,3,random_init,threat,h_mean,3,ood_confirm,30v30_K12,378,0.3559031155508535,100.0
regir_kv0_sg,3,random_init,threat,h_mean,3,ood_confirm,30v30_K2,384,0.2641311384497218,100.0
regir_kv0_sg,3,random_init,threat,h_mean,3,ood_confirm,50v50_K2,396,0.12819138277531494,100.0
regir_kv0_sg,3,random_init,threat,h_mean,4,id_train,10v10_K2,363,0.44058827283526325,100.0
regir_kv0_sg,3,random_init,threat,h_mean,4,id_train,10v10_K3,363,0.4031110274437253,100.0
regir_kv0_sg,3,random_init,threat,h_mean,4,id_val,10v10_K2,188,-0.6029996433737173,100.0
regir_kv0_sg,3,random_init,threat,h_mean,4,id_val,10v10_K3,183,0.16295448485359787,100.0
regir_kv0_sg,3,random_init,threat,h_mean,4,id_test,10v10_K2,183,0.13899744766783073,100.0
regir_kv0_sg,3,random_init,threat,h_mean,4,id_test,10v10_K3,176,0.12031579474308396,100.0
regir_kv0_sg,3,random_init,threat,h_mean,4,ood_explore,30v30_K12,386,0.157215595729972,100.0
regir_kv0_sg,3,random_init,threat,h_mean,4,ood_explore,30v30_K2,386,0.34732187787728286,100.0
regir_kv0_sg,3,random_init,threat,h_mean,4,ood_explore,50v50_K2,381,0.3183937718781651,100.0
regir_kv0_sg,3,random_init,threat,h_mean,4,ood_confirm,30v30_K12,378,0.35763736152572945,100.0
regir_kv0_sg,3,random_init,threat,h_mean,4,ood_confirm,30v30_K2,384,0.25181735023114926,100.0
regir_kv0_sg,3,random_init,threat,h_mean,4,ood_confirm,50v50_K2,396,0.13389752517329978,100.0
regir_kv0_sg,3,random_init,unmarked_frac,h_mean,0,id_train,10v10_K2,363,0.4397083788070254,1.0
regir_kv0_sg,3,random_init,unmarked_frac,h_mean,0,id_train,10v10_K3,363,0.40191827240914335,1.0
regir_kv0_sg,3,random_init,unmarked_frac,h_mean,0,id_val,10v10_K2,188,0.10498273571370675,1.0
regir_kv0_sg,3,random_init,unmarked_frac,h_mean,0,id_val,10v10_K3,183,0.4285115747859156,1.0
regir_kv0_sg,3,random_init,unmarked_frac,h_mean,0,id_test,10v10_K2,183,0.3581103556588897,1.0
regir_kv0_sg,3,random_init,unmarked_frac,h_mean,0,id_test,10v10_K3,176,0.36918910150600537,1.0
regir_kv0_sg,3,random_init,unmarked_frac,h_mean,0,ood_explore,30v30_K12,386,0.05837718462876296,1.0
regir_kv0_sg,3,random_init,unmarked_frac,h_mean,0,ood_explore,30v30_K2,386,0.032635794377906424,1.0
regir_kv0_sg,3,random_init,unmarked_frac,h_mean,0,ood_explore,50v50_K2,381,-0.1148074869006459,1.0
regir_kv0_sg,3,random_init,unmarked_frac,h_mean,0,ood_confirm,30v30_K12,378,0.2293854101306103,1.0
regir_kv0_sg,3,random_init,unmarked_frac,h_mean,0,ood_confirm,30v30_K2,384,0.18562710713472896,1.0
regir_kv0_sg,3,random_init,unmarked_frac,h_mean,0,ood_confirm,50v50_K2,396,0.013639497583280646,1.0
regir_kv0_sg,3,random_init,unmarked_frac,h_mean,1,id_train,10v10_K2,363,0.4656248241688282,1.0
regir_kv0_sg,3,random_init,unmarked_frac,h_mean,1,id_train,10v10_K3,363,0.4249626535554677,1.0
regir_kv0_sg,3,random_init,unmarked_frac,h_mean,1,id_val,10v10_K2,188,0.11840490652304736,1.0
regir_kv0_sg,3,random_init,unmarked_frac,h_mean,1,id_val,10v10_K3,183,0.4277377248380765,1.0
regir_kv0_sg,3,random_init,unmarked_frac,h_mean,1,id_test,10v10_K2,183,0.280174581094659,1.0
regir_kv0_sg,3,random_init,unmarked_frac,h_mean,1,id_test,10v10_K3,176,0.25951869344437095,1.0
regir_kv0_sg,3,random_init,unmarked_frac,h_mean,1,ood_explore,30v30_K12,386,0.09621905860249058,1.0
regir_kv0_sg,3,random_init,unmarked_frac,h_mean,1,ood_explore,30v30_K2,386,0.024869264905455157,1.0
regir_kv0_sg,3,random_init,unmarked_frac,h_mean,1,ood_explore,50v50_K2,381,-0.1714785049421741,1.0
regir_kv0_sg,3,random_init,unmarked_frac,h_mean,1,ood_confirm,30v30_K12,378,0.1797775269050722,1.0
regir_kv0_sg,3,random_init,unmarked_frac,h_mean,1,ood_confirm,30v30_K2,384,0.10049868675029372,1.0
regir_kv0_sg,3,random_init,unmarked_frac,h_mean,1,ood_confirm,50v50_K2,396,-0.0034489790554217414,1.0
regir_kv0_sg,3,random_init,unmarked_frac,h_mean,2,id_train,10v10_K2,363,0.4577531432446108,1.0
regir_kv0_sg,3,random_init,unmarked_frac,h_mean,2,id_train,10v10_K3,363,0.4200254001647319,1.0
regir_kv0_sg,3,random_init,unmarked_frac,h_mean,2,id_val,10v10_K2,188,0.12381773700901433,1.0
regir_kv0_sg,3,random_init,unmarked_frac,h_mean,2,id_val,10v10_K3,183,0.40340070023376307,1.0
regir_kv0_sg,3,random_init,unmarked_frac,h_mean,2,id_test,10v10_K2,183,0.34355131608294553,1.0
regir_kv0_sg,3,random_init,unmarked_frac,h_mean,2,id_test,10v10_K3,176,0.2956543961252204,1.0
regir_kv0_sg,3,random_init,unmarked_frac,h_mean,2,ood_explore,30v30_K12,386,0.03762895980607894,1.0
regir_kv0_sg,3,random_init,unmarked_frac,h_mean,2,ood_explore,30v30_K2,386,-0.022011424444355,1.0
regir_kv0_sg,3,random_init,unmarked_frac,h_mean,2,ood_explore,50v50_K2,381,-0.2924398555411416,1.0
regir_kv0_sg,3,random_init,unmarked_frac,h_mean,2,ood_confirm,30v30_K12,378,0.17764499594944594,1.0
regir_kv0_sg,3,random_init,unmarked_frac,h_mean,2,ood_confirm,30v30_K2,384,0.012234403008258066,1.0
regir_kv0_sg,3,random_init,unmarked_frac,h_mean,2,ood_confirm,50v50_K2,396,-0.14508916713650932,1.0
regir_kv0_sg,3,random_init,unmarked_frac,h_mean,3,id_train,10v10_K2,363,0.43843925209816403,1.0
regir_kv0_sg,3,random_init,unmarked_frac,h_mean,3,id_train,10v10_K3,363,0.40661639865517196,1.0
regir_kv0_sg,3,random_init,unmarked_frac,h_mean,3,id_val,10v10_K2,188,0.06700893847127398,1.0
regir_kv0_sg,3,random_init,unmarked_frac,h_mean,3,id_val,10v10_K3,183,0.377423136310453,1.0
regir_kv0_sg,3,random_init,unmarked_frac,h_mean,3,id_test,10v10_K2,183,0.34315020575543953,1.0
regir_kv0_sg,3,random_init,unmarked_frac,h_mean,3,id_test,10v10_K3,176,0.26367215041121905,1.0
regir_kv0_sg,3,random_init,unmarked_frac,h_mean,3,ood_explore,30v30_K12,386,0.07452047493490854,1.0
regir_kv0_sg,3,random_init,unmarked_frac,h_mean,3,ood_explore,30v30_K2,386,-0.05203380594045881,1.0
regir_kv0_sg,3,random_init,unmarked_frac,h_mean,3,ood_explore,50v50_K2,381,-0.38494083176364735,1.0
regir_kv0_sg,3,random_init,unmarked_frac,h_mean,3,ood_confirm,30v30_K12,378,0.16029442900863988,1.0
regir_kv0_sg,3,random_init,unmarked_frac,h_mean,3,ood_confirm,30v30_K2,384,-0.03606237426232295,1.0
regir_kv0_sg,3,random_init,unmarked_frac,h_mean,3,ood_confirm,50v50_K2,396,-0.23178905089155344,1.0
regir_kv0_sg,3,random_init,unmarked_frac,h_mean,4,id_train,10v10_K2,363,0.42596336049557904,1.0
regir_kv0_sg,3,random_init,unmarked_frac,h_mean,4,id_train,10v10_K3,363,0.411208391186483,1.0
regir_kv0_sg,3,random_init,unmarked_frac,h_mean,4,id_val,10v10_K2,188,0.05355503306534315,1.0
regir_kv0_sg,3,random_init,unmarked_frac,h_mean,4,id_val,10v10_K3,183,0.3766916606057793,1.0
regir_kv0_sg,3,random_init,unmarked_frac,h_mean,4,id_test,10v10_K2,183,0.33958729470455173,1.0
regir_kv0_sg,3,random_init,unmarked_frac,h_mean,4,id_test,10v10_K3,176,0.26657111280439605,1.0
regir_kv0_sg,3,random_init,unmarked_frac,h_mean,4,ood_explore,30v30_K12,386,0.08799997939032567,1.0
regir_kv0_sg,3,random_init,unmarked_frac,h_mean,4,ood_explore,30v30_K2,386,-0.0531038936925341,1.0
regir_kv0_sg,3,random_init,unmarked_frac,h_mean,4,ood_explore,50v50_K2,381,-0.38370142716427136,1.0
regir_kv0_sg,3,random_init,unmarked_frac,h_mean,4,ood_confirm,30v30_K12,378,0.15148254483498902,1.0
regir_kv0_sg,3,random_init,unmarked_frac,h_mean,4,ood_confirm,30v30_K2,384,-0.028781173107557567,1.0
regir_kv0_sg,3,random_init,unmarked_frac,h_mean,4,ood_confirm,50v50_K2,396,-0.23802296545947166,1.0
regir_kv0_sg,3,random_init,centroid_gap,h_mean,0,id_train,10v10_K2,363,0.8572861607716246,1.0
regir_kv0_sg,3,random_init,centroid_gap,h_mean,0,id_train,10v10_K3,363,0.8518897844338978,1.0
regir_kv0_sg,3,random_init,centroid_gap,h_mean,0,id_val,10v10_K2,188,0.8324886523403567,1.0
regir_kv0_sg,3,random_init,centroid_gap,h_mean,0,id_val,10v10_K3,183,0.8246755253747422,1.0
regir_kv0_sg,3,random_init,centroid_gap,h_mean,0,id_test,10v10_K2,183,0.8047444638656776,1.0
regir_kv0_sg,3,random_init,centroid_gap,h_mean,0,id_test,10v10_K3,176,0.8197442984625662,1.0
regir_kv0_sg,3,random_init,centroid_gap,h_mean,0,ood_explore,30v30_K12,386,0.7753328872670446,1.0
regir_kv0_sg,3,random_init,centroid_gap,h_mean,0,ood_explore,30v30_K2,386,0.7910176406394474,1.0
regir_kv0_sg,3,random_init,centroid_gap,h_mean,0,ood_explore,50v50_K2,381,0.7269469736072369,1.0
regir_kv0_sg,3,random_init,centroid_gap,h_mean,0,ood_confirm,30v30_K12,378,0.7442555129062238,1.0
regir_kv0_sg,3,random_init,centroid_gap,h_mean,0,ood_confirm,30v30_K2,384,0.7365687293286463,1.0
regir_kv0_sg,3,random_init,centroid_gap,h_mean,0,ood_confirm,50v50_K2,396,0.7629061714390596,1.0
regir_kv0_sg,3,random_init,centroid_gap,h_mean,1,id_train,10v10_K2,363,0.8554352037715182,1.0
regir_kv0_sg,3,random_init,centroid_gap,h_mean,1,id_train,10v10_K3,363,0.8548157896840889,1.0
regir_kv0_sg,3,random_init,centroid_gap,h_mean,1,id_val,10v10_K2,188,0.8359161164745241,1.0
regir_kv0_sg,3,random_init,centroid_gap,h_mean,1,id_val,10v10_K3,183,0.8219618230532826,1.0
regir_kv0_sg,3,random_init,centroid_gap,h_mean,1,id_test,10v10_K2,183,0.7908227152771399,1.0
regir_kv0_sg,3,random_init,centroid_gap,h_mean,1,id_test,10v10_K3,176,0.8285379304140805,1.0
regir_kv0_sg,3,random_init,centroid_gap,h_mean,1,ood_explore,30v30_K12,386,0.7712762570783669,1.0
regir_kv0_sg,3,random_init,centroid_gap,h_mean,1,ood_explore,30v30_K2,386,0.7701063088026234,1.0
regir_kv0_sg,3,random_init,centroid_gap,h_mean,1,ood_explore,50v50_K2,381,0.6820521960811892,1.0
regir_kv0_sg,3,random_init,centroid_gap,h_mean,1,ood_confirm,30v30_K12,378,0.7156396458618512,1.0
regir_kv0_sg,3,random_init,centroid_gap,h_mean,1,ood_confirm,30v30_K2,384,0.6735742777212979,1.0
regir_kv0_sg,3,random_init,centroid_gap,h_mean,1,ood_confirm,50v50_K2,396,0.6882122849903337,1.0
regir_kv0_sg,3,random_init,centroid_gap,h_mean,2,id_train,10v10_K2,363,0.8454278656280559,1.0
regir_kv0_sg,3,random_init,centroid_gap,h_mean,2,id_train,10v10_K3,363,0.8327530986760271,1.0
regir_kv0_sg,3,random_init,centroid_gap,h_mean,2,id_val,10v10_K2,188,0.816273372871333,1.0
regir_kv0_sg,3,random_init,centroid_gap,h_mean,2,id_val,10v10_K3,183,0.8169353705600524,1.0
regir_kv0_sg,3,random_init,centroid_gap,h_mean,2,id_test,10v10_K2,183,0.7876501476627302,1.0
regir_kv0_sg,3,random_init,centroid_gap,h_mean,2,id_test,10v10_K3,176,0.8098695526341068,1.0
regir_kv0_sg,3,random_init,centroid_gap,h_mean,2,ood_explore,30v30_K12,386,0.7696339790942889,1.0
regir_kv0_sg,3,random_init,centroid_gap,h_mean,2,ood_explore,30v30_K2,386,0.7362328094192896,1.0
regir_kv0_sg,3,random_init,centroid_gap,h_mean,2,ood_explore,50v50_K2,381,0.6473283494321632,1.0
regir_kv0_sg,3,random_init,centroid_gap,h_mean,2,ood_confirm,30v30_K12,378,0.7456194659277033,1.0
regir_kv0_sg,3,random_init,centroid_gap,h_mean,2,ood_confirm,30v30_K2,384,0.643162868563401,1.0
regir_kv0_sg,3,random_init,centroid_gap,h_mean,2,ood_confirm,50v50_K2,396,0.6182381931135303,1.0
regir_kv0_sg,3,random_init,centroid_gap,h_mean,3,id_train,10v10_K2,363,0.8282827002382305,1.0
regir_kv0_sg,3,random_init,centroid_gap,h_mean,3,id_train,10v10_K3,363,0.8162216392667301,1.0
regir_kv0_sg,3,random_init,centroid_gap,h_mean,3,id_val,10v10_K2,188,0.8030531510123923,1.0
regir_kv0_sg,3,random_init,centroid_gap,h_mean,3,id_val,10v10_K3,183,0.8113590694052832,1.0
regir_kv0_sg,3,random_init,centroid_gap,h_mean,3,id_test,10v10_K2,183,0.7849579941877672,1.0
regir_kv0_sg,3,random_init,centroid_gap,h_mean,3,id_test,10v10_K3,176,0.7999160014913107,1.0
regir_kv0_sg,3,random_init,centroid_gap,h_mean,3,ood_explore,30v30_K12,386,0.7562244538700904,1.0
regir_kv0_sg,3,random_init,centroid_gap,h_mean,3,ood_explore,30v30_K2,386,0.7090812854224905,1.0
regir_kv0_sg,3,random_init,centroid_gap,h_mean,3,ood_explore,50v50_K2,381,0.5947619836427044,1.0
regir_kv0_sg,3,random_init,centroid_gap,h_mean,3,ood_confirm,30v30_K12,378,0.7020018760403022,1.0
regir_kv0_sg,3,random_init,centroid_gap,h_mean,3,ood_confirm,30v30_K2,384,0.5959541071714276,1.0
regir_kv0_sg,3,random_init,centroid_gap,h_mean,3,ood_confirm,50v50_K2,396,0.5630618936776399,1.0
regir_kv0_sg,3,random_init,centroid_gap,h_mean,4,id_train,10v10_K2,363,0.8243926457158979,1.0
regir_kv0_sg,3,random_init,centroid_gap,h_mean,4,id_train,10v10_K3,363,0.8092551886452455,1.0
regir_kv0_sg,3,random_init,centroid_gap,h_mean,4,id_val,10v10_K2,188,0.8006812624162973,1.0
regir_kv0_sg,3,random_init,centroid_gap,h_mean,4,id_val,10v10_K3,183,0.808258261354143,1.0
regir_kv0_sg,3,random_init,centroid_gap,h_mean,4,id_test,10v10_K2,183,0.7909596085695568,1.0
regir_kv0_sg,3,random_init,centroid_gap,h_mean,4,id_test,10v10_K3,176,0.7943761913104468,1.0
regir_kv0_sg,3,random_init,centroid_gap,h_mean,4,ood_explore,30v30_K12,386,0.7605683503266089,1.0
regir_kv0_sg,3,random_init,centroid_gap,h_mean,4,ood_explore,30v30_K2,386,0.7075195035812348,1.0
regir_kv0_sg,3,random_init,centroid_gap,h_mean,4,ood_explore,50v50_K2,381,0.59265766953508,1.0
regir_kv0_sg,3,random_init,centroid_gap,h_mean,4,ood_confirm,30v30_K12,378,0.6907095425251146,1.0
regir_kv0_sg,3,random_init,centroid_gap,h_mean,4,ood_confirm,30v30_K2,384,0.5971677348441269,1.0
regir_kv0_sg,3,random_init,centroid_gap,h_mean,4,ood_confirm,50v50_K2,396,0.5646475358478199,1.0
regir_kv0_sg,3,random_init,nearest_target_distance,h_mean,0,id_train,10v10_K2,363,0.8207633775620884,1.0
regir_kv0_sg,3,random_init,nearest_target_distance,h_mean,0,id_train,10v10_K3,363,0.8470432183198355,1.0
regir_kv0_sg,3,random_init,nearest_target_distance,h_mean,0,id_val,10v10_K2,188,0.7603566025039472,1.0
regir_kv0_sg,3,random_init,nearest_target_distance,h_mean,0,id_val,10v10_K3,183,0.8543575181523788,1.0
regir_kv0_sg,3,random_init,nearest_target_distance,h_mean,0,id_test,10v10_K2,183,0.7830430242701085,1.0
regir_kv0_sg,3,random_init,nearest_target_distance,h_mean,0,id_test,10v10_K3,176,0.7690243762456264,1.0
regir_kv0_sg,3,random_init,nearest_target_distance,h_mean,0,ood_explore,30v30_K12,386,0.6826649199430502,1.0
regir_kv0_sg,3,random_init,nearest_target_distance,h_mean,0,ood_explore,30v30_K2,386,0.754288298670323,1.0
regir_kv0_sg,3,random_init,nearest_target_distance,h_mean,0,ood_explore,50v50_K2,381,0.6567393670749011,1.0
regir_kv0_sg,3,random_init,nearest_target_distance,h_mean,0,ood_confirm,30v30_K12,378,0.551791001423001,1.0
regir_kv0_sg,3,random_init,nearest_target_distance,h_mean,0,ood_confirm,30v30_K2,384,0.670960211054264,1.0
regir_kv0_sg,3,random_init,nearest_target_distance,h_mean,0,ood_confirm,50v50_K2,396,0.6641563330425613,1.0
regir_kv0_sg,3,random_init,nearest_target_distance,h_mean,1,id_train,10v10_K2,363,0.8045371938343995,1.0
regir_kv0_sg,3,random_init,nearest_target_distance,h_mean,1,id_train,10v10_K3,363,0.8282671951299452,1.0
regir_kv0_sg,3,random_init,nearest_target_distance,h_mean,1,id_val,10v10_K2,188,0.7322190751804416,1.0
regir_kv0_sg,3,random_init,nearest_target_distance,h_mean,1,id_val,10v10_K3,183,0.8350389604507037,1.0
regir_kv0_sg,3,random_init,nearest_target_distance,h_mean,1,id_test,10v10_K2,183,0.8107773297595751,1.0
regir_kv0_sg,3,random_init,nearest_target_distance,h_mean,1,id_test,10v10_K3,176,0.7766033853983274,1.0
regir_kv0_sg,3,random_init,nearest_target_distance,h_mean,1,ood_explore,30v30_K12,386,0.7507066999158204,1.0
regir_kv0_sg,3,random_init,nearest_target_distance,h_mean,1,ood_explore,30v30_K2,386,0.7090329075508799,1.0
regir_kv0_sg,3,random_init,nearest_target_distance,h_mean,1,ood_explore,50v50_K2,381,0.639089443721909,1.0
regir_kv0_sg,3,random_init,nearest_target_distance,h_mean,1,ood_confirm,30v30_K12,378,0.6434455133246821,1.0
regir_kv0_sg,3,random_init,nearest_target_distance,h_mean,1,ood_confirm,30v30_K2,384,0.6383188263984156,1.0
regir_kv0_sg,3,random_init,nearest_target_distance,h_mean,1,ood_confirm,50v50_K2,396,0.6489910314527956,1.0
regir_kv0_sg,3,random_init,nearest_target_distance,h_mean,2,id_train,10v10_K2,363,0.7691682278429324,1.0
regir_kv0_sg,3,random_init,nearest_target_distance,h_mean,2,id_train,10v10_K3,363,0.8166466753895684,1.0
regir_kv0_sg,3,random_init,nearest_target_distance,h_mean,2,id_val,10v10_K2,188,0.6893795494202586,1.0
regir_kv0_sg,3,random_init,nearest_target_distance,h_mean,2,id_val,10v10_K3,183,0.802069392871635,1.0
regir_kv0_sg,3,random_init,nearest_target_distance,h_mean,2,id_test,10v10_K2,183,0.7666900967386023,1.0
regir_kv0_sg,3,random_init,nearest_target_distance,h_mean,2,id_test,10v10_K3,176,0.7605354670418473,1.0
regir_kv0_sg,3,random_init,nearest_target_distance,h_mean,2,ood_explore,30v30_K12,386,0.7165060246977425,1.0
regir_kv0_sg,3,random_init,nearest_target_distance,h_mean,2,ood_explore,30v30_K2,386,0.6662559390454876,1.0
regir_kv0_sg,3,random_init,nearest_target_distance,h_mean,2,ood_explore,50v50_K2,381,0.5763916543402081,1.0
regir_kv0_sg,3,random_init,nearest_target_distance,h_mean,2,ood_confirm,30v30_K12,378,0.5708373288517535,1.0
regir_kv0_sg,3,random_init,nearest_target_distance,h_mean,2,ood_confirm,30v30_K2,384,0.575456629993971,1.0
regir_kv0_sg,3,random_init,nearest_target_distance,h_mean,2,ood_confirm,50v50_K2,396,0.5726445607876274,1.0
regir_kv0_sg,3,random_init,nearest_target_distance,h_mean,3,id_train,10v10_K2,363,0.7618807867881712,1.0
regir_kv0_sg,3,random_init,nearest_target_distance,h_mean,3,id_train,10v10_K3,363,0.808475133176263,1.0
regir_kv0_sg,3,random_init,nearest_target_distance,h_mean,3,id_val,10v10_K2,188,0.6922179685694103,1.0
regir_kv0_sg,3,random_init,nearest_target_distance,h_mean,3,id_val,10v10_K3,183,0.8123014332547692,1.0
regir_kv0_sg,3,random_init,nearest_target_distance,h_mean,3,id_test,10v10_K2,183,0.745327275734305,1.0
regir_kv0_sg,3,random_init,nearest_target_distance,h_mean,3,id_test,10v10_K3,176,0.7414826730019779,1.0
regir_kv0_sg,3,random_init,nearest_target_distance,h_mean,3,ood_explore,30v30_K12,386,0.6745105388988835,1.0
regir_kv0_sg,3,random_init,nearest_target_distance,h_mean,3,ood_explore,30v30_K2,386,0.6523424988064587,1.0
regir_kv0_sg,3,random_init,nearest_target_distance,h_mean,3,ood_explore,50v50_K2,381,0.5260231770386521,1.0
regir_kv0_sg,3,random_init,nearest_target_distance,h_mean,3,ood_confirm,30v30_K12,378,0.49660537640421476,1.0
regir_kv0_sg,3,random_init,nearest_target_distance,h_mean,3,ood_confirm,30v30_K2,384,0.5356795075556793,1.0
regir_kv0_sg,3,random_init,nearest_target_distance,h_mean,3,ood_confirm,50v50_K2,396,0.5125548242157729,1.0
regir_kv0_sg,3,random_init,nearest_target_distance,h_mean,4,id_train,10v10_K2,363,0.7664292694476079,1.0
regir_kv0_sg,3,random_init,nearest_target_distance,h_mean,4,id_train,10v10_K3,363,0.8078352518067577,1.0
regir_kv0_sg,3,random_init,nearest_target_distance,h_mean,4,id_val,10v10_K2,188,0.7088978528839204,1.0
regir_kv0_sg,3,random_init,nearest_target_distance,h_mean,4,id_val,10v10_K3,183,0.8218087609496599,1.0
regir_kv0_sg,3,random_init,nearest_target_distance,h_mean,4,id_test,10v10_K2,183,0.7448717284784756,1.0
regir_kv0_sg,3,random_init,nearest_target_distance,h_mean,4,id_test,10v10_K3,176,0.7459346155305289,1.0
regir_kv0_sg,3,random_init,nearest_target_distance,h_mean,4,ood_explore,30v30_K12,386,0.6854535967772821,1.0
regir_kv0_sg,3,random_init,nearest_target_distance,h_mean,4,ood_explore,30v30_K2,386,0.6510119340072236,1.0
regir_kv0_sg,3,random_init,nearest_target_distance,h_mean,4,ood_explore,50v50_K2,381,0.5279524697639213,1.0
regir_kv0_sg,3,random_init,nearest_target_distance,h_mean,4,ood_confirm,30v30_K12,378,0.5134532176887376,1.0
regir_kv0_sg,3,random_init,nearest_target_distance,h_mean,4,ood_confirm,30v30_K2,384,0.5492175458738806,1.0
regir_kv0_sg,3,random_init,nearest_target_distance,h_mean,4,ood_confirm,50v50_K2,396,0.5255006768021904,1.0
regir_kv0_sg,3,random_init,threat,readout,0,id_train,10v10_K2,363,0.44119141905233994,100.0
regir_kv0_sg,3,random_init,threat,readout,0,id_train,10v10_K3,363,0.39120219178525817,100.0
regir_kv0_sg,3,random_init,threat,readout,0,id_val,10v10_K2,188,-0.539732001039074,100.0
regir_kv0_sg,3,random_init,threat,readout,0,id_val,10v10_K3,183,0.21218123831657776,100.0
regir_kv0_sg,3,random_init,threat,readout,0,id_test,10v10_K2,183,0.1251383495340973,100.0
regir_kv0_sg,3,random_init,threat,readout,0,id_test,10v10_K3,176,0.12762831581799194,100.0
regir_kv0_sg,3,random_init,threat,readout,0,ood_explore,30v30_K12,386,0.1800724347145516,100.0
regir_kv0_sg,3,random_init,threat,readout,0,ood_explore,30v30_K2,386,0.32173748540313485,100.0
regir_kv0_sg,3,random_init,threat,readout,0,ood_explore,50v50_K2,381,0.2501539957177177,100.0
regir_kv0_sg,3,random_init,threat,readout,0,ood_confirm,30v30_K12,378,0.3452599250228259,100.0
regir_kv0_sg,3,random_init,threat,readout,0,ood_confirm,30v30_K2,384,0.22736139198583472,100.0
regir_kv0_sg,3,random_init,threat,readout,0,ood_confirm,50v50_K2,396,0.07494925146646225,100.0
regir_kv0_sg,3,random_init,threat,readout,1,id_train,10v10_K2,363,0.45248633275597405,100.0
regir_kv0_sg,3,random_init,threat,readout,1,id_train,10v10_K3,363,0.39677161608049694,100.0
regir_kv0_sg,3,random_init,threat,readout,1,id_val,10v10_K2,188,-0.625885214958847,100.0
regir_kv0_sg,3,random_init,threat,readout,1,id_val,10v10_K3,183,0.22921461455306236,100.0
regir_kv0_sg,3,random_init,threat,readout,1,id_test,10v10_K2,183,0.11638515404184535,100.0
regir_kv0_sg,3,random_init,threat,readout,1,id_test,10v10_K3,176,0.11227639859207117,100.0
regir_kv0_sg,3,random_init,threat,readout,1,ood_explore,30v30_K12,386,0.15735005445436934,100.0
regir_kv0_sg,3,random_init,threat,readout,1,ood_explore,30v30_K2,386,0.32624333208907663,100.0
regir_kv0_sg,3,random_init,threat,readout,1,ood_explore,50v50_K2,381,0.2532245736884373,100.0
regir_kv0_sg,3,random_init,threat,readout,1,ood_confirm,30v30_K12,378,0.30415715731461845,100.0
regir_kv0_sg,3,random_init,threat,readout,1,ood_confirm,30v30_K2,384,0.23443770971173827,100.0
regir_kv0_sg,3,random_init,threat,readout,1,ood_confirm,50v50_K2,396,0.07254085006707178,100.0
regir_kv0_sg,3,random_init,threat,readout,2,id_train,10v10_K2,363,0.44122894341487784,100.0
regir_kv0_sg,3,random_init,threat,readout,2,id_train,10v10_K3,363,0.411293845096501,100.0
regir_kv0_sg,3,random_init,threat,readout,2,id_val,10v10_K2,188,-0.5914052379067398,100.0
regir_kv0_sg,3,random_init,threat,readout,2,id_val,10v10_K3,183,0.2289598103561974,100.0
regir_kv0_sg,3,random_init,threat,readout,2,id_test,10v10_K2,183,0.11743195884404412,100.0
regir_kv0_sg,3,random_init,threat,readout,2,id_test,10v10_K3,176,0.11965667537915614,100.0
regir_kv0_sg,3,random_init,threat,readout,2,ood_explore,30v30_K12,386,0.148342757303352,100.0
regir_kv0_sg,3,random_init,threat,readout,2,ood_explore,30v30_K2,386,0.31145458831428385,100.0
regir_kv0_sg,3,random_init,threat,readout,2,ood_explore,50v50_K2,381,0.26722533199544796,100.0
regir_kv0_sg,3,random_init,threat,readout,2,ood_confirm,30v30_K12,378,0.3085675962283999,100.0
regir_kv0_sg,3,random_init,threat,readout,2,ood_confirm,30v30_K2,384,0.23700404979404177,100.0
regir_kv0_sg,3,random_init,threat,readout,2,ood_confirm,50v50_K2,396,0.059964099038583574,100.0
regir_kv0_sg,3,random_init,threat,readout,3,id_train,10v10_K2,363,0.4246014805620374,100.0
regir_kv0_sg,3,random_init,threat,readout,3,id_train,10v10_K3,363,0.4075654984579573,100.0
regir_kv0_sg,3,random_init,threat,readout,3,id_val,10v10_K2,188,-0.5787544392729125,100.0
regir_kv0_sg,3,random_init,threat,readout,3,id_val,10v10_K3,183,0.214834853871968,100.0
regir_kv0_sg,3,random_init,threat,readout,3,id_test,10v10_K2,183,0.11494766905517273,100.0
regir_kv0_sg,3,random_init,threat,readout,3,id_test,10v10_K3,176,0.13533473161671739,100.0
regir_kv0_sg,3,random_init,threat,readout,3,ood_explore,30v30_K12,386,0.16949330627995607,100.0
regir_kv0_sg,3,random_init,threat,readout,3,ood_explore,30v30_K2,386,0.3132846495991384,100.0
regir_kv0_sg,3,random_init,threat,readout,3,ood_explore,50v50_K2,381,0.2872609355489595,100.0
regir_kv0_sg,3,random_init,threat,readout,3,ood_confirm,30v30_K12,378,0.3372080056835296,100.0
regir_kv0_sg,3,random_init,threat,readout,3,ood_confirm,30v30_K2,384,0.2452300475723631,100.0
regir_kv0_sg,3,random_init,threat,readout,3,ood_confirm,50v50_K2,396,0.08682647911668195,100.0
regir_kv0_sg,3,random_init,unmarked_frac,readout,0,id_train,10v10_K2,363,0.4278187762220922,1.0
regir_kv0_sg,3,random_init,unmarked_frac,readout,0,id_train,10v10_K3,363,0.3715279665336636,1.0
regir_kv0_sg,3,random_init,unmarked_frac,readout,0,id_val,10v10_K2,188,0.09882672278115534,1.0
regir_kv0_sg,3,random_init,unmarked_frac,readout,0,id_val,10v10_K3,183,0.43638728089381895,1.0
regir_kv0_sg,3,random_init,unmarked_frac,readout,0,id_test,10v10_K2,183,0.35621556326992254,1.0
regir_kv0_sg,3,random_init,unmarked_frac,readout,0,id_test,10v10_K3,176,0.26166550220418394,1.0
regir_kv0_sg,3,random_init,unmarked_frac,readout,0,ood_explore,30v30_K12,386,0.09329585797433848,1.0
regir_kv0_sg,3,random_init,unmarked_frac,readout,0,ood_explore,30v30_K2,386,0.02274727241986485,1.0
regir_kv0_sg,3,random_init,unmarked_frac,readout,0,ood_explore,50v50_K2,381,-0.24836142312474307,1.0
regir_kv0_sg,3,random_init,unmarked_frac,readout,0,ood_confirm,30v30_K12,378,0.23332358715723633,1.0
regir_kv0_sg,3,random_init,unmarked_frac,readout,0,ood_confirm,30v30_K2,384,0.04208297596194477,1.0
regir_kv0_sg,3,random_init,unmarked_frac,readout,0,ood_confirm,50v50_K2,396,-0.07189535007767156,1.0
regir_kv0_sg,3,random_init,unmarked_frac,readout,1,id_train,10v10_K2,363,0.4296677481768931,1.0
regir_kv0_sg,3,random_init,unmarked_frac,readout,1,id_train,10v10_K3,363,0.3665673872429611,1.0
regir_kv0_sg,3,random_init,unmarked_frac,readout,1,id_val,10v10_K2,188,0.12145756783242057,1.0
regir_kv0_sg,3,random_init,unmarked_frac,readout,1,id_val,10v10_K3,183,0.4182954484140552,1.0
regir_kv0_sg,3,random_init,unmarked_frac,readout,1,id_test,10v10_K2,183,0.3634722386814524,1.0
regir_kv0_sg,3,random_init,unmarked_frac,readout,1,id_test,10v10_K3,176,0.30730892883009653,1.0
regir_kv0_sg,3,random_init,unmarked_frac,readout,1,ood_explore,30v30_K12,386,0.1208724106244059,1.0
regir_kv0_sg,3,random_init,unmarked_frac,readout,1,ood_explore,30v30_K2,386,-0.0013582420550108942,1.0
regir_kv0_sg,3,random_init,unmarked_frac,readout,1,ood_explore,50v50_K2,381,-0.31630223984831773,1.0
regir_kv0_sg,3,random_init,unmarked_frac,readout,1,ood_confirm,30v30_K12,378,0.25214796193179345,1.0
regir_kv0_sg,3,random_init,unmarked_frac,readout,1,ood_confirm,30v30_K2,384,-0.0029636559713843713,1.0
regir_kv0_sg,3,random_init,unmarked_frac,readout,1,ood_confirm,50v50_K2,396,-0.16198567856815127,1.0
regir_kv0_sg,3,random_init,unmarked_frac,readout,2,id_train,10v10_K2,363,0.40387897408494455,1.0
regir_kv0_sg,3,random_init,unmarked_frac,readout,2,id_train,10v10_K3,363,0.3653969062919683,1.0
regir_kv0_sg,3,random_init,unmarked_frac,readout,2,id_val,10v10_K2,188,0.04365621445089052,1.0
regir_kv0_sg,3,random_init,unmarked_frac,readout,2,id_val,10v10_K3,183,0.4291364712781912,1.0
regir_kv0_sg,3,random_init,unmarked_frac,readout,2,id_test,10v10_K2,183,0.3590520319470356,1.0
regir_kv0_sg,3,random_init,unmarked_frac,readout,2,id_test,10v10_K3,176,0.2777515251686008,1.0
regir_kv0_sg,3,random_init,unmarked_frac,readout,2,ood_explore,30v30_K12,386,0.17888839668955592,1.0
regir_kv0_sg,3,random_init,unmarked_frac,readout,2,ood_explore,30v30_K2,386,-0.02437616793149111,1.0
regir_kv0_sg,3,random_init,unmarked_frac,readout,2,ood_explore,50v50_K2,381,-0.30135205736286474,1.0
regir_kv0_sg,3,random_init,unmarked_frac,readout,2,ood_confirm,30v30_K12,378,0.2577657682376866,1.0
regir_kv0_sg,3,random_init,unmarked_frac,readout,2,ood_confirm,30v30_K2,384,-0.0004628639961989922,1.0
regir_kv0_sg,3,random_init,unmarked_frac,readout,2,ood_confirm,50v50_K2,396,-0.1277606152959454,1.0
regir_kv0_sg,3,random_init,unmarked_frac,readout,3,id_train,10v10_K2,363,0.3788047454188229,1.0
regir_kv0_sg,3,random_init,unmarked_frac,readout,3,id_train,10v10_K3,363,0.3653533241682637,1.0
regir_kv0_sg,3,random_init,unmarked_frac,readout,3,id_val,10v10_K2,188,0.011371162346558328,1.0
regir_kv0_sg,3,random_init,unmarked_frac,readout,3,id_val,10v10_K3,183,0.43200533523380913,1.0
regir_kv0_sg,3,random_init,unmarked_frac,readout,3,id_test,10v10_K2,183,0.3555850543143191,1.0
regir_kv0_sg,3,random_init,unmarked_frac,readout,3,id_test,10v10_K3,176,0.25460321177637946,1.0
regir_kv0_sg,3,random_init,unmarked_frac,readout,3,ood_explore,30v30_K12,386,0.17991849598041054,1.0
regir_kv0_sg,3,random_init,unmarked_frac,readout,3,ood_explore,30v30_K2,386,-0.006504204042317996,1.0
regir_kv0_sg,3,random_init,unmarked_frac,readout,3,ood_explore,50v50_K2,381,-0.26546312694728513,1.0
regir_kv0_sg,3,random_init,unmarked_frac,readout,3,ood_confirm,30v30_K12,378,0.2493822871179464,1.0
regir_kv0_sg,3,random_init,unmarked_frac,readout,3,ood_confirm,30v30_K2,384,0.015196847456175555,1.0
regir_kv0_sg,3,random_init,unmarked_frac,readout,3,ood_confirm,50v50_K2,396,-0.10455895427424289,1.0
regir_kv0_sg,3,random_init,centroid_gap,readout,0,id_train,10v10_K2,363,0.8587384475346835,0.0001
regir_kv0_sg,3,random_init,centroid_gap,readout,0,id_train,10v10_K3,363,0.8539747739851946,0.0001
regir_kv0_sg,3,random_init,centroid_gap,readout,0,id_val,10v10_K2,188,0.8295791363895971,0.0001
regir_kv0_sg,3,random_init,centroid_gap,readout,0,id_val,10v10_K3,183,0.8151988467538883,0.0001
regir_kv0_sg,3,random_init,centroid_gap,readout,0,id_test,10v10_K2,183,0.7678749858924514,0.0001
regir_kv0_sg,3,random_init,centroid_gap,readout,0,id_test,10v10_K3,176,0.822710089879485,0.0001
regir_kv0_sg,3,random_init,centroid_gap,readout,0,ood_explore,30v30_K12,386,0.7712853824966145,0.0001
regir_kv0_sg,3,random_init,centroid_gap,readout,0,ood_explore,30v30_K2,386,0.7565095939322195,0.0001
regir_kv0_sg,3,random_init,centroid_gap,readout,0,ood_explore,50v50_K2,381,0.658525165001898,0.0001
regir_kv0_sg,3,random_init,centroid_gap,readout,0,ood_confirm,30v30_K12,378,0.7190877684351681,0.0001
regir_kv0_sg,3,random_init,centroid_gap,readout,0,ood_confirm,30v30_K2,384,0.6634287477046765,0.0001
regir_kv0_sg,3,random_init,centroid_gap,readout,0,ood_confirm,50v50_K2,396,0.6613943874647279,0.0001
regir_kv0_sg,3,random_init,centroid_gap,readout,1,id_train,10v10_K2,363,0.8493240148311199,0.0001
regir_kv0_sg,3,random_init,centroid_gap,readout,1,id_train,10v10_K3,363,0.8289495556805436,0.0001
regir_kv0_sg,3,random_init,centroid_gap,readout,1,id_val,10v10_K2,188,0.8189689983086169,0.0001
regir_kv0_sg,3,random_init,centroid_gap,readout,1,id_val,10v10_K3,183,0.8193860169762871,0.0001
regir_kv0_sg,3,random_init,centroid_gap,readout,1,id_test,10v10_K2,183,0.7801150397924806,0.0001
regir_kv0_sg,3,random_init,centroid_gap,readout,1,id_test,10v10_K3,176,0.8096290291801642,0.0001
regir_kv0_sg,3,random_init,centroid_gap,readout,1,ood_explore,30v30_K12,386,0.75009375315543,0.0001
regir_kv0_sg,3,random_init,centroid_gap,readout,1,ood_explore,30v30_K2,386,0.7241112129545737,0.0001
regir_kv0_sg,3,random_init,centroid_gap,readout,1,ood_explore,50v50_K2,381,0.6366119445664806,0.0001
regir_kv0_sg,3,random_init,centroid_gap,readout,1,ood_confirm,30v30_K12,378,0.7242485432800023,0.0001
regir_kv0_sg,3,random_init,centroid_gap,readout,1,ood_confirm,30v30_K2,384,0.6389134280460871,0.0001
regir_kv0_sg,3,random_init,centroid_gap,readout,1,ood_confirm,50v50_K2,396,0.6041615536732713,0.0001
regir_kv0_sg,3,random_init,centroid_gap,readout,2,id_train,10v10_K2,363,0.8311135204765596,0.0001
regir_kv0_sg,3,random_init,centroid_gap,readout,2,id_train,10v10_K3,363,0.8166302871289031,0.0001
regir_kv0_sg,3,random_init,centroid_gap,readout,2,id_val,10v10_K2,188,0.8014008916344103,0.0001
regir_kv0_sg,3,random_init,centroid_gap,readout,2,id_val,10v10_K3,183,0.8112150495196783,0.0001
regir_kv0_sg,3,random_init,centroid_gap,readout,2,id_test,10v10_K2,183,0.7834293773683138,0.0001
regir_kv0_sg,3,random_init,centroid_gap,readout,2,id_test,10v10_K3,176,0.8001221722096379,0.0001
regir_kv0_sg,3,random_init,centroid_gap,readout,2,ood_explore,30v30_K12,386,0.7228209507483947,0.0001
regir_kv0_sg,3,random_init,centroid_gap,readout,2,ood_explore,30v30_K2,386,0.7062554885839814,0.0001
regir_kv0_sg,3,random_init,centroid_gap,readout,2,ood_explore,50v50_K2,381,0.5931868949602097,0.0001
regir_kv0_sg,3,random_init,centroid_gap,readout,2,ood_confirm,30v30_K12,378,0.6717936246946059,0.0001
regir_kv0_sg,3,random_init,centroid_gap,readout,2,ood_confirm,30v30_K2,384,0.5958538630253867,0.0001
regir_kv0_sg,3,random_init,centroid_gap,readout,2,ood_confirm,50v50_K2,396,0.5622343594405774,0.0001
regir_kv0_sg,3,random_init,centroid_gap,readout,3,id_train,10v10_K2,363,0.8290188207164282,0.0001
regir_kv0_sg,3,random_init,centroid_gap,readout,3,id_train,10v10_K3,363,0.81198369040368,0.0001
regir_kv0_sg,3,random_init,centroid_gap,readout,3,id_val,10v10_K2,188,0.7906821398229844,0.0001
regir_kv0_sg,3,random_init,centroid_gap,readout,3,id_val,10v10_K3,183,0.8068195047599636,0.0001
regir_kv0_sg,3,random_init,centroid_gap,readout,3,id_test,10v10_K2,183,0.7871036198225135,0.0001
regir_kv0_sg,3,random_init,centroid_gap,readout,3,id_test,10v10_K3,176,0.7868596102931829,0.0001
regir_kv0_sg,3,random_init,centroid_gap,readout,3,ood_explore,30v30_K12,386,0.721564756292757,0.0001
regir_kv0_sg,3,random_init,centroid_gap,readout,3,ood_explore,30v30_K2,386,0.7170270639394455,0.0001
regir_kv0_sg,3,random_init,centroid_gap,readout,3,ood_explore,50v50_K2,381,0.6104808272701068,0.0001
regir_kv0_sg,3,random_init,centroid_gap,readout,3,ood_confirm,30v30_K12,378,0.6503363154285671,0.0001
regir_kv0_sg,3,random_init,centroid_gap,readout,3,ood_confirm,30v30_K2,384,0.6165932871342275,0.0001
regir_kv0_sg,3,random_init,centroid_gap,readout,3,ood_confirm,50v50_K2,396,0.5887310185401042,0.0001
regir_kv0_sg,3,random_init,nearest_target_distance,readout,0,id_train,10v10_K2,363,0.8085918508007578,0.001
regir_kv0_sg,3,random_init,nearest_target_distance,readout,0,id_train,10v10_K3,363,0.8289129110899883,0.001
regir_kv0_sg,3,random_init,nearest_target_distance,readout,0,id_val,10v10_K2,188,0.7371966550648577,0.001
regir_kv0_sg,3,random_init,nearest_target_distance,readout,0,id_val,10v10_K3,183,0.8321089667412441,0.001
regir_kv0_sg,3,random_init,nearest_target_distance,readout,0,id_test,10v10_K2,183,0.8093490051286124,0.001
regir_kv0_sg,3,random_init,nearest_target_distance,readout,0,id_test,10v10_K3,176,0.7765006252598138,0.001
regir_kv0_sg,3,random_init,nearest_target_distance,readout,0,ood_explore,30v30_K12,386,0.7366149031789129,0.001
regir_kv0_sg,3,random_init,nearest_target_distance,readout,0,ood_explore,30v30_K2,386,0.7162126289756634,0.001
regir_kv0_sg,3,random_init,nearest_target_distance,readout,0,ood_explore,50v50_K2,381,0.6435787735906312,0.001
regir_kv0_sg,3,random_init,nearest_target_distance,readout,0,ood_confirm,30v30_K12,378,0.6389184239488575,0.001
regir_kv0_sg,3,random_init,nearest_target_distance,readout,0,ood_confirm,30v30_K2,384,0.6418016764655852,0.001
regir_kv0_sg,3,random_init,nearest_target_distance,readout,0,ood_confirm,50v50_K2,396,0.6527323833948608,0.001
regir_kv0_sg,3,random_init,nearest_target_distance,readout,1,id_train,10v10_K2,363,0.7758977726452423,0.001
regir_kv0_sg,3,random_init,nearest_target_distance,readout,1,id_train,10v10_K3,363,0.8212324741166679,0.001
regir_kv0_sg,3,random_init,nearest_target_distance,readout,1,id_val,10v10_K2,188,0.6888490007794861,0.001
regir_kv0_sg,3,random_init,nearest_target_distance,readout,1,id_val,10v10_K3,183,0.7963500126656458,0.001
regir_kv0_sg,3,random_init,nearest_target_distance,readout,1,id_test,10v10_K2,183,0.7568047484844905,0.001
regir_kv0_sg,3,random_init,nearest_target_distance,readout,1,id_test,10v10_K3,176,0.7642249321349235,0.001
regir_kv0_sg,3,random_init,nearest_target_distance,readout,1,ood_explore,30v30_K12,386,0.6962351510637437,0.001
regir_kv0_sg,3,random_init,nearest_target_distance,readout,1,ood_explore,30v30_K2,386,0.6666610820827281,0.001
regir_kv0_sg,3,random_init,nearest_target_distance,readout,1,ood_explore,50v50_K2,381,0.5972560968682712,0.001
regir_kv0_sg,3,random_init,nearest_target_distance,readout,1,ood_confirm,30v30_K12,378,0.5589520873776185,0.001
regir_kv0_sg,3,random_init,nearest_target_distance,readout,1,ood_confirm,30v30_K2,384,0.5854554383934976,0.001
regir_kv0_sg,3,random_init,nearest_target_distance,readout,1,ood_confirm,50v50_K2,396,0.5964916214838465,0.001
regir_kv0_sg,3,random_init,nearest_target_distance,readout,2,id_train,10v10_K2,363,0.7690680530138573,0.001
regir_kv0_sg,3,random_init,nearest_target_distance,readout,2,id_train,10v10_K3,363,0.8131792663773934,0.001
regir_kv0_sg,3,random_init,nearest_target_distance,readout,2,id_val,10v10_K2,188,0.6959866440928855,0.001
regir_kv0_sg,3,random_init,nearest_target_distance,readout,2,id_val,10v10_K3,183,0.7990011547779263,0.001
regir_kv0_sg,3,random_init,nearest_target_distance,readout,2,id_test,10v10_K2,183,0.7355822192069197,0.001
regir_kv0_sg,3,random_init,nearest_target_distance,readout,2,id_test,10v10_K3,176,0.7558442740237638,0.001
regir_kv0_sg,3,random_init,nearest_target_distance,readout,2,ood_explore,30v30_K12,386,0.6635348688804625,0.001
regir_kv0_sg,3,random_init,nearest_target_distance,readout,2,ood_explore,30v30_K2,386,0.6478467984937772,0.001
regir_kv0_sg,3,random_init,nearest_target_distance,readout,2,ood_explore,50v50_K2,381,0.5298727329461086,0.001
regir_kv0_sg,3,random_init,nearest_target_distance,readout,2,ood_confirm,30v30_K12,378,0.5086114341817558,0.001
regir_kv0_sg,3,random_init,nearest_target_distance,readout,2,ood_confirm,30v30_K2,384,0.5353529901792281,0.001
regir_kv0_sg,3,random_init,nearest_target_distance,readout,2,ood_confirm,50v50_K2,396,0.5192521242093362,0.001
regir_kv0_sg,3,random_init,nearest_target_distance,readout,3,id_train,10v10_K2,363,0.7724578792590477,0.001
regir_kv0_sg,3,random_init,nearest_target_distance,readout,3,id_train,10v10_K3,363,0.8127962491480009,0.001
regir_kv0_sg,3,random_init,nearest_target_distance,readout,3,id_val,10v10_K2,188,0.7088883492288172,0.001
regir_kv0_sg,3,random_init,nearest_target_distance,readout,3,id_val,10v10_K3,183,0.8099578305330382,0.001
regir_kv0_sg,3,random_init,nearest_target_distance,readout,3,id_test,10v10_K2,183,0.7396422788500481,0.001
regir_kv0_sg,3,random_init,nearest_target_distance,readout,3,id_test,10v10_K3,176,0.7584254560438075,0.001
regir_kv0_sg,3,random_init,nearest_target_distance,readout,3,ood_explore,30v30_K12,386,0.6939864084567136,0.001
regir_kv0_sg,3,random_init,nearest_target_distance,readout,3,ood_explore,30v30_K2,386,0.6513342746492352,0.001
regir_kv0_sg,3,random_init,nearest_target_distance,readout,3,ood_explore,50v50_K2,381,0.5269329870620274,0.001
regir_kv0_sg,3,random_init,nearest_target_distance,readout,3,ood_confirm,30v30_K12,378,0.5558643394222562,0.001
regir_kv0_sg,3,random_init,nearest_target_distance,readout,3,ood_confirm,30v30_K2,384,0.5469675752905456,0.001
regir_kv0_sg,3,random_init,nearest_target_distance,readout,3,ood_confirm,50v50_K2,396,0.52587488926754,0.001
regir_kv0_sg,3,shuffled_labels,threat,h_mean,0,id_train,10v10_K2,363,0.03564922699599837,100.0
regir_kv0_sg,3,shuffled_labels,threat,h_mean,0,id_train,10v10_K3,363,0.04361264487866634,100.0
regir_kv0_sg,3,shuffled_labels,threat,h_mean,0,id_val,10v10_K2,188,-0.3246028297188204,100.0
regir_kv0_sg,3,shuffled_labels,threat,h_mean,0,id_val,10v10_K3,183,0.0550532791027496,100.0
regir_kv0_sg,3,shuffled_labels,threat,h_mean,0,id_test,10v10_K2,183,-0.04275678715602749,100.0
regir_kv0_sg,3,shuffled_labels,threat,h_mean,0,id_test,10v10_K3,176,0.04376186731672571,100.0
regir_kv0_sg,3,shuffled_labels,threat,h_mean,0,ood_explore,30v30_K12,386,0.044772419842476374,100.0
regir_kv0_sg,3,shuffled_labels,threat,h_mean,0,ood_explore,30v30_K2,386,0.01629559623211252,100.0
regir_kv0_sg,3,shuffled_labels,threat,h_mean,0,ood_explore,50v50_K2,381,0.023648279437319508,100.0
regir_kv0_sg,3,shuffled_labels,threat,h_mean,0,ood_confirm,30v30_K12,378,0.033193706851271876,100.0
regir_kv0_sg,3,shuffled_labels,threat,h_mean,0,ood_confirm,30v30_K2,384,0.04208515499853105,100.0
regir_kv0_sg,3,shuffled_labels,threat,h_mean,0,ood_confirm,50v50_K2,396,0.03266880629331892,100.0
regir_kv0_sg,3,shuffled_labels,threat,h_mean,1,id_train,10v10_K2,363,0.02879397908950221,100.0
regir_kv0_sg,3,shuffled_labels,threat,h_mean,1,id_train,10v10_K3,363,0.027561143953221068,100.0
regir_kv0_sg,3,shuffled_labels,threat,h_mean,1,id_val,10v10_K2,188,-0.45213580247295604,100.0
regir_kv0_sg,3,shuffled_labels,threat,h_mean,1,id_val,10v10_K3,183,-0.004101532174752398,100.0
regir_kv0_sg,3,shuffled_labels,threat,h_mean,1,id_test,10v10_K2,183,-0.05860389028838564,100.0
regir_kv0_sg,3,shuffled_labels,threat,h_mean,1,id_test,10v10_K3,176,-0.03664781195829803,100.0
regir_kv0_sg,3,shuffled_labels,threat,h_mean,1,ood_explore,30v30_K12,386,0.026957682993859033,100.0
regir_kv0_sg,3,shuffled_labels,threat,h_mean,1,ood_explore,30v30_K2,386,-0.022304333731567372,100.0
regir_kv0_sg,3,shuffled_labels,threat,h_mean,1,ood_explore,50v50_K2,381,-0.05029682190030904,100.0
regir_kv0_sg,3,shuffled_labels,threat,h_mean,1,ood_confirm,30v30_K12,378,0.03134206504874071,100.0
regir_kv0_sg,3,shuffled_labels,threat,h_mean,1,ood_confirm,30v30_K2,384,-0.014161274283458036,100.0
regir_kv0_sg,3,shuffled_labels,threat,h_mean,1,ood_confirm,50v50_K2,396,0.02696980380441527,100.0
regir_kv0_sg,3,shuffled_labels,threat,h_mean,2,id_train,10v10_K2,363,0.032045810688469456,100.0
regir_kv0_sg,3,shuffled_labels,threat,h_mean,2,id_train,10v10_K3,363,0.0028403179749546537,100.0
regir_kv0_sg,3,shuffled_labels,threat,h_mean,2,id_val,10v10_K2,188,-0.48502522577751894,100.0
regir_kv0_sg,3,shuffled_labels,threat,h_mean,2,id_val,10v10_K3,183,0.025993695532252725,100.0
regir_kv0_sg,3,shuffled_labels,threat,h_mean,2,id_test,10v10_K2,183,-0.09056348758438082,100.0
regir_kv0_sg,3,shuffled_labels,threat,h_mean,2,id_test,10v10_K3,176,-0.027180943909428157,100.0
regir_kv0_sg,3,shuffled_labels,threat,h_mean,2,ood_explore,30v30_K12,386,-0.036468247487585925,100.0
regir_kv0_sg,3,shuffled_labels,threat,h_mean,2,ood_explore,30v30_K2,386,-0.018874541024696656,100.0
regir_kv0_sg,3,shuffled_labels,threat,h_mean,2,ood_explore,50v50_K2,381,-0.08551722038045617,100.0
regir_kv0_sg,3,shuffled_labels,threat,h_mean,2,ood_confirm,30v30_K12,378,-0.05504141267002782,100.0
regir_kv0_sg,3,shuffled_labels,threat,h_mean,2,ood_confirm,30v30_K2,384,-0.014280006504457488,100.0
regir_kv0_sg,3,shuffled_labels,threat,h_mean,2,ood_confirm,50v50_K2,396,0.02025212077471983,100.0
regir_kv0_sg,3,shuffled_labels,threat,h_mean,3,id_train,10v10_K2,363,0.03450139232912908,100.0
regir_kv0_sg,3,shuffled_labels,threat,h_mean,3,id_train,10v10_K3,363,-0.010947907776841959,100.0
regir_kv0_sg,3,shuffled_labels,threat,h_mean,3,id_val,10v10_K2,188,-0.4848775041469269,100.0
regir_kv0_sg,3,shuffled_labels,threat,h_mean,3,id_val,10v10_K3,183,0.03386184393351899,100.0
regir_kv0_sg,3,shuffled_labels,threat,h_mean,3,id_test,10v10_K2,183,-0.09359209993055329,100.0
regir_kv0_sg,3,shuffled_labels,threat,h_mean,3,id_test,10v10_K3,176,-0.038461568740066454,100.0
regir_kv0_sg,3,shuffled_labels,threat,h_mean,3,ood_explore,30v30_K12,386,-0.026530708589207475,100.0
regir_kv0_sg,3,shuffled_labels,threat,h_mean,3,ood_explore,30v30_K2,386,-0.02084019205729848,100.0
regir_kv0_sg,3,shuffled_labels,threat,h_mean,3,ood_explore,50v50_K2,381,-0.08174135774481583,100.0
regir_kv0_sg,3,shuffled_labels,threat,h_mean,3,ood_confirm,30v30_K12,378,-0.06637279147166275,100.0
regir_kv0_sg,3,shuffled_labels,threat,h_mean,3,ood_confirm,30v30_K2,384,-0.006301776405452708,100.0
regir_kv0_sg,3,shuffled_labels,threat,h_mean,3,ood_confirm,50v50_K2,396,0.023085819844785527,100.0
regir_kv0_sg,3,shuffled_labels,threat,h_mean,4,id_train,10v10_K2,363,0.039680644210210225,100.0
regir_kv0_sg,3,shuffled_labels,threat,h_mean,4,id_train,10v10_K3,363,-0.011147841178935414,100.0
regir_kv0_sg,3,shuffled_labels,threat,h_mean,4,id_val,10v10_K2,188,-0.44278888550349693,100.0
regir_kv0_sg,3,shuffled_labels,threat,h_mean,4,id_val,10v10_K3,183,0.025750916457605855,100.0
regir_kv0_sg,3,shuffled_labels,threat,h_mean,4,id_test,10v10_K2,183,-0.08953200454739108,100.0
regir_kv0_sg,3,shuffled_labels,threat,h_mean,4,id_test,10v10_K3,176,-0.022232714855019653,100.0
regir_kv0_sg,3,shuffled_labels,threat,h_mean,4,ood_explore,30v30_K12,386,-0.017279722837802325,100.0
regir_kv0_sg,3,shuffled_labels,threat,h_mean,4,ood_explore,30v30_K2,386,-0.008334715699984008,100.0
regir_kv0_sg,3,shuffled_labels,threat,h_mean,4,ood_explore,50v50_K2,381,-0.07140408253316544,100.0
regir_kv0_sg,3,shuffled_labels,threat,h_mean,4,ood_confirm,30v30_K12,378,-0.05977680704125654,100.0
regir_kv0_sg,3,shuffled_labels,threat,h_mean,4,ood_confirm,30v30_K2,384,0.003802421236298592,100.0
regir_kv0_sg,3,shuffled_labels,threat,h_mean,4,ood_confirm,50v50_K2,396,0.02735353944139196,100.0
regir_kv0_sg,3,shuffled_labels,unmarked_frac,h_mean,0,id_train,10v10_K2,363,-0.04167632614854,100.0
regir_kv0_sg,3,shuffled_labels,unmarked_frac,h_mean,0,id_train,10v10_K3,363,-0.08051635316394412,100.0
regir_kv0_sg,3,shuffled_labels,unmarked_frac,h_mean,0,id_val,10v10_K2,188,-0.040555303902895634,100.0
regir_kv0_sg,3,shuffled_labels,unmarked_frac,h_mean,0,id_val,10v10_K3,183,-0.08589586862489873,100.0
regir_kv0_sg,3,shuffled_labels,unmarked_frac,h_mean,0,id_test,10v10_K2,183,-0.05561605692779148,100.0
regir_kv0_sg,3,shuffled_labels,unmarked_frac,h_mean,0,id_test,10v10_K3,176,-0.06621462447965953,100.0
regir_kv0_sg,3,shuffled_labels,unmarked_frac,h_mean,0,ood_explore,30v30_K12,386,-0.33152537782162117,100.0
regir_kv0_sg,3,shuffled_labels,unmarked_frac,h_mean,0,ood_explore,30v30_K2,386,-0.09528763021702291,100.0
regir_kv0_sg,3,shuffled_labels,unmarked_frac,h_mean,0,ood_explore,50v50_K2,381,-0.2191904483416982,100.0
regir_kv0_sg,3,shuffled_labels,unmarked_frac,h_mean,0,ood_confirm,30v30_K12,378,-0.1578374045881008,100.0
regir_kv0_sg,3,shuffled_labels,unmarked_frac,h_mean,0,ood_confirm,30v30_K2,384,-0.1647869901166168,100.0
regir_kv0_sg,3,shuffled_labels,unmarked_frac,h_mean,0,ood_confirm,50v50_K2,396,-0.26225479335150625,100.0
regir_kv0_sg,3,shuffled_labels,unmarked_frac,h_mean,1,id_train,10v10_K2,363,-0.06305628370330285,100.0
regir_kv0_sg,3,shuffled_labels,unmarked_frac,h_mean,1,id_train,10v10_K3,363,-0.0768508653178599,100.0
regir_kv0_sg,3,shuffled_labels,unmarked_frac,h_mean,1,id_val,10v10_K2,188,-0.04395329551816851,100.0
regir_kv0_sg,3,shuffled_labels,unmarked_frac,h_mean,1,id_val,10v10_K3,183,-0.08614703334083273,100.0
regir_kv0_sg,3,shuffled_labels,unmarked_frac,h_mean,1,id_test,10v10_K2,183,-0.07306191201110912,100.0
regir_kv0_sg,3,shuffled_labels,unmarked_frac,h_mean,1,id_test,10v10_K3,176,-0.07310595389617824,100.0
regir_kv0_sg,3,shuffled_labels,unmarked_frac,h_mean,1,ood_explore,30v30_K12,386,-0.22106511079542246,100.0
regir_kv0_sg,3,shuffled_labels,unmarked_frac,h_mean,1,ood_explore,30v30_K2,386,-0.19297337588550278,100.0
regir_kv0_sg,3,shuffled_labels,unmarked_frac,h_mean,1,ood_explore,50v50_K2,381,-0.3607036172098359,100.0
regir_kv0_sg,3,shuffled_labels,unmarked_frac,h_mean,1,ood_confirm,30v30_K12,378,-0.09643111302145391,100.0
regir_kv0_sg,3,shuffled_labels,unmarked_frac,h_mean,1,ood_confirm,30v30_K2,384,-0.2698722728306471,100.0
regir_kv0_sg,3,shuffled_labels,unmarked_frac,h_mean,1,ood_confirm,50v50_K2,396,-0.40718641927903776,100.0
regir_kv0_sg,3,shuffled_labels,unmarked_frac,h_mean,2,id_train,10v10_K2,363,-0.057342719792639274,100.0
regir_kv0_sg,3,shuffled_labels,unmarked_frac,h_mean,2,id_train,10v10_K3,363,-0.06845496143232666,100.0
regir_kv0_sg,3,shuffled_labels,unmarked_frac,h_mean,2,id_val,10v10_K2,188,-0.07413348570168865,100.0
regir_kv0_sg,3,shuffled_labels,unmarked_frac,h_mean,2,id_val,10v10_K3,183,-0.0739960399173154,100.0
regir_kv0_sg,3,shuffled_labels,unmarked_frac,h_mean,2,id_test,10v10_K2,183,-0.06595058554903321,100.0
regir_kv0_sg,3,shuffled_labels,unmarked_frac,h_mean,2,id_test,10v10_K3,176,-0.07558388345915912,100.0
regir_kv0_sg,3,shuffled_labels,unmarked_frac,h_mean,2,ood_explore,30v30_K12,386,-0.27609215055958636,100.0
regir_kv0_sg,3,shuffled_labels,unmarked_frac,h_mean,2,ood_explore,30v30_K2,386,-0.21127024638172975,100.0
regir_kv0_sg,3,shuffled_labels,unmarked_frac,h_mean,2,ood_explore,50v50_K2,381,-0.3713472343161188,100.0
regir_kv0_sg,3,shuffled_labels,unmarked_frac,h_mean,2,ood_confirm,30v30_K12,378,-0.10785698293980861,100.0
regir_kv0_sg,3,shuffled_labels,unmarked_frac,h_mean,2,ood_confirm,30v30_K2,384,-0.26862288336270757,100.0
regir_kv0_sg,3,shuffled_labels,unmarked_frac,h_mean,2,ood_confirm,50v50_K2,396,-0.3977462042169073,100.0
regir_kv0_sg,3,shuffled_labels,unmarked_frac,h_mean,3,id_train,10v10_K2,363,-0.0565660647389894,100.0
regir_kv0_sg,3,shuffled_labels,unmarked_frac,h_mean,3,id_train,10v10_K3,363,-0.06842126779907876,100.0
regir_kv0_sg,3,shuffled_labels,unmarked_frac,h_mean,3,id_val,10v10_K2,188,-0.08790527222607514,100.0
regir_kv0_sg,3,shuffled_labels,unmarked_frac,h_mean,3,id_val,10v10_K3,183,-0.06296287081127971,100.0
regir_kv0_sg,3,shuffled_labels,unmarked_frac,h_mean,3,id_test,10v10_K2,183,-0.06086168936535352,100.0
regir_kv0_sg,3,shuffled_labels,unmarked_frac,h_mean,3,id_test,10v10_K3,176,-0.08249389248311689,100.0
regir_kv0_sg,3,shuffled_labels,unmarked_frac,h_mean,3,ood_explore,30v30_K12,386,-0.35340362351043275,100.0
regir_kv0_sg,3,shuffled_labels,unmarked_frac,h_mean,3,ood_explore,30v30_K2,386,-0.21163715769318459,100.0
regir_kv0_sg,3,shuffled_labels,unmarked_frac,h_mean,3,ood_explore,50v50_K2,381,-0.352133749877535,100.0
regir_kv0_sg,3,shuffled_labels,unmarked_frac,h_mean,3,ood_confirm,30v30_K12,378,-0.15412242610068394,100.0
regir_kv0_sg,3,shuffled_labels,unmarked_frac,h_mean,3,ood_confirm,30v30_K2,384,-0.2689303248639996,100.0
regir_kv0_sg,3,shuffled_labels,unmarked_frac,h_mean,3,ood_confirm,50v50_K2,396,-0.38960401540638334,100.0
regir_kv0_sg,3,shuffled_labels,unmarked_frac,h_mean,4,id_train,10v10_K2,363,-0.05820388426083101,100.0
regir_kv0_sg,3,shuffled_labels,unmarked_frac,h_mean,4,id_train,10v10_K3,363,-0.06907935753300132,100.0
regir_kv0_sg,3,shuffled_labels,unmarked_frac,h_mean,4,id_val,10v10_K2,188,-0.08769922712330191,100.0
regir_kv0_sg,3,shuffled_labels,unmarked_frac,h_mean,4,id_val,10v10_K3,183,-0.050032310392633894,100.0
regir_kv0_sg,3,shuffled_labels,unmarked_frac,h_mean,4,id_test,10v10_K2,183,-0.06063000734644808,100.0
regir_kv0_sg,3,shuffled_labels,unmarked_frac,h_mean,4,id_test,10v10_K3,176,-0.08679211835604184,100.0
regir_kv0_sg,3,shuffled_labels,unmarked_frac,h_mean,4,ood_explore,30v30_K12,386,-0.39233804114496973,100.0
regir_kv0_sg,3,shuffled_labels,unmarked_frac,h_mean,4,ood_explore,30v30_K2,386,-0.2040004815212535,100.0
regir_kv0_sg,3,shuffled_labels,unmarked_frac,h_mean,4,ood_explore,50v50_K2,381,-0.34414311200870973,100.0
regir_kv0_sg,3,shuffled_labels,unmarked_frac,h_mean,4,ood_confirm,30v30_K12,378,-0.1803544183157919,100.0
regir_kv0_sg,3,shuffled_labels,unmarked_frac,h_mean,4,ood_confirm,30v30_K2,384,-0.2665806114075475,100.0
regir_kv0_sg,3,shuffled_labels,unmarked_frac,h_mean,4,ood_confirm,50v50_K2,396,-0.3890528946104228,100.0
regir_kv0_sg,3,shuffled_labels,centroid_gap,h_mean,0,id_train,10v10_K2,363,-0.014826170063425348,100.0
regir_kv0_sg,3,shuffled_labels,centroid_gap,h_mean,0,id_train,10v10_K3,363,-0.0727159569552811,100.0
regir_kv0_sg,3,shuffled_labels,centroid_gap,h_mean,0,id_val,10v10_K2,188,0.005359969736878134,100.0
regir_kv0_sg,3,shuffled_labels,centroid_gap,h_mean,0,id_val,10v10_K3,183,-0.07435196407740863,100.0
regir_kv0_sg,3,shuffled_labels,centroid_gap,h_mean,0,id_test,10v10_K2,183,-0.031254422929243075,100.0
regir_kv0_sg,3,shuffled_labels,centroid_gap,h_mean,0,id_test,10v10_K3,176,-0.05472858379208678,100.0
regir_kv0_sg,3,shuffled_labels,centroid_gap,h_mean,0,ood_explore,30v30_K12,386,-0.15670220775434496,100.0
regir_kv0_sg,3,shuffled_labels,centroid_gap,h_mean,0,ood_explore,30v30_K2,386,0.015701277635500666,100.0
regir_kv0_sg,3,shuffled_labels,centroid_gap,h_mean,0,ood_explore,50v50_K2,381,0.043185833416372055,100.0
regir_kv0_sg,3,shuffled_labels,centroid_gap,h_mean,0,ood_confirm,30v30_K12,378,-0.18129574448624064,100.0
regir_kv0_sg,3,shuffled_labels,centroid_gap,h_mean,0,ood_confirm,30v30_K2,384,0.05476134938535304,100.0
regir_kv0_sg,3,shuffled_labels,centroid_gap,h_mean,0,ood_confirm,50v50_K2,396,0.08806755047673553,100.0
regir_kv0_sg,3,shuffled_labels,centroid_gap,h_mean,1,id_train,10v10_K2,363,-0.007296770796203944,100.0
regir_kv0_sg,3,shuffled_labels,centroid_gap,h_mean,1,id_train,10v10_K3,363,-0.051470863741257755,100.0
regir_kv0_sg,3,shuffled_labels,centroid_gap,h_mean,1,id_val,10v10_K2,188,-0.011118498297428836,100.0
regir_kv0_sg,3,shuffled_labels,centroid_gap,h_mean,1,id_val,10v10_K3,183,0.011118493180768962,100.0
regir_kv0_sg,3,shuffled_labels,centroid_gap,h_mean,1,id_test,10v10_K2,183,-0.028650426856749567,100.0
regir_kv0_sg,3,shuffled_labels,centroid_gap,h_mean,1,id_test,10v10_K3,176,-0.019524609032243623,100.0
regir_kv0_sg,3,shuffled_labels,centroid_gap,h_mean,1,ood_explore,30v30_K12,386,-0.02605069874932253,100.0
regir_kv0_sg,3,shuffled_labels,centroid_gap,h_mean,1,ood_explore,30v30_K2,386,0.020132222927559118,100.0
regir_kv0_sg,3,shuffled_labels,centroid_gap,h_mean,1,ood_explore,50v50_K2,381,0.03321996481517575,100.0
regir_kv0_sg,3,shuffled_labels,centroid_gap,h_mean,1,ood_confirm,30v30_K12,378,-0.06785933575211534,100.0
regir_kv0_sg,3,shuffled_labels,centroid_gap,h_mean,1,ood_confirm,30v30_K2,384,0.048998678292591635,100.0
regir_kv0_sg,3,shuffled_labels,centroid_gap,h_mean,1,ood_confirm,50v50_K2,396,0.0842567981001986,100.0
regir_kv0_sg,3,shuffled_labels,centroid_gap,h_mean,2,id_train,10v10_K2,363,-0.025944622488464297,100.0
regir_kv0_sg,3,shuffled_labels,centroid_gap,h_mean,2,id_train,10v10_K3,363,-0.06783084554908725,100.0
regir_kv0_sg,3,shuffled_labels,centroid_gap,h_mean,2,id_val,10v10_K2,188,-0.05569183028112756,100.0
regir_kv0_sg,3,shuffled_labels,centroid_gap,h_mean,2,id_val,10v10_K3,183,-0.029854200856528124,100.0
regir_kv0_sg,3,shuffled_labels,centroid_gap,h_mean,2,id_test,10v10_K2,183,-0.04805366771076813,100.0
regir_kv0_sg,3,shuffled_labels,centroid_gap,h_mean,2,id_test,10v10_K3,176,-0.01224325171981877,100.0
regir_kv0_sg,3,shuffled_labels,centroid_gap,h_mean,2,ood_explore,30v30_K12,386,-0.07341279725869465,100.0
regir_kv0_sg,3,shuffled_labels,centroid_gap,h_mean,2,ood_explore,30v30_K2,386,-0.0007986331770055699,100.0
regir_kv0_sg,3,shuffled_labels,centroid_gap,h_mean,2,ood_explore,50v50_K2,381,0.03270510329322418,100.0
regir_kv0_sg,3,shuffled_labels,centroid_gap,h_mean,2,ood_confirm,30v30_K12,378,-0.10200757648204228,100.0
regir_kv0_sg,3,shuffled_labels,centroid_gap,h_mean,2,ood_confirm,30v30_K2,384,0.04435539311491532,100.0
regir_kv0_sg,3,shuffled_labels,centroid_gap,h_mean,2,ood_confirm,50v50_K2,396,0.07785459391762317,100.0
regir_kv0_sg,3,shuffled_labels,centroid_gap,h_mean,3,id_train,10v10_K2,363,-0.018676086542601222,100.0
regir_kv0_sg,3,shuffled_labels,centroid_gap,h_mean,3,id_train,10v10_K3,363,-0.0631756383484241,100.0
regir_kv0_sg,3,shuffled_labels,centroid_gap,h_mean,3,id_val,10v10_K2,188,-0.05411067130271441,100.0
regir_kv0_sg,3,shuffled_labels,centroid_gap,h_mean,3,id_val,10v10_K3,183,-0.022910197334067295,100.0
regir_kv0_sg,3,shuffled_labels,centroid_gap,h_mean,3,id_test,10v10_K2,183,-0.03924294716988275,100.0
regir_kv0_sg,3,shuffled_labels,centroid_gap,h_mean,3,id_test,10v10_K3,176,-0.001264357187625853,100.0
regir_kv0_sg,3,shuffled_labels,centroid_gap,h_mean,3,ood_explore,30v30_K12,386,-0.07568470173174546,100.0
regir_kv0_sg,3,shuffled_labels,centroid_gap,h_mean,3,ood_explore,30v30_K2,386,-0.015802010558544577,100.0
regir_kv0_sg,3,shuffled_labels,centroid_gap,h_mean,3,ood_explore,50v50_K2,381,0.01500075194020456,100.0
regir_kv0_sg,3,shuffled_labels,centroid_gap,h_mean,3,ood_confirm,30v30_K12,378,-0.09905865677095282,100.0
regir_kv0_sg,3,shuffled_labels,centroid_gap,h_mean,3,ood_confirm,30v30_K2,384,0.02763597339932433,100.0
regir_kv0_sg,3,shuffled_labels,centroid_gap,h_mean,3,ood_confirm,50v50_K2,396,0.043651912867266884,100.0
regir_kv0_sg,3,shuffled_labels,centroid_gap,h_mean,4,id_train,10v10_K2,363,-0.011421997016322072,100.0
regir_kv0_sg,3,shuffled_labels,centroid_gap,h_mean,4,id_train,10v10_K3,363,-0.0591219080979839,100.0
regir_kv0_sg,3,shuffled_labels,centroid_gap,h_mean,4,id_val,10v10_K2,188,-0.04846737180044647,100.0
regir_kv0_sg,3,shuffled_labels,centroid_gap,h_mean,4,id_val,10v10_K3,183,-0.0203551826281525,100.0
regir_kv0_sg,3,shuffled_labels,centroid_gap,h_mean,4,id_test,10v10_K2,183,-0.031055853129647426,100.0
regir_kv0_sg,3,shuffled_labels,centroid_gap,h_mean,4,id_test,10v10_K3,176,0.0024422766496402515,100.0
regir_kv0_sg,3,shuffled_labels,centroid_gap,h_mean,4,ood_explore,30v30_K12,386,-0.07796176506172281,100.0
regir_kv0_sg,3,shuffled_labels,centroid_gap,h_mean,4,ood_explore,30v30_K2,386,-0.026737472685831154,100.0
regir_kv0_sg,3,shuffled_labels,centroid_gap,h_mean,4,ood_explore,50v50_K2,381,0.0016667222009557614,100.0
regir_kv0_sg,3,shuffled_labels,centroid_gap,h_mean,4,ood_confirm,30v30_K12,378,-0.10172500226790526,100.0
regir_kv0_sg,3,shuffled_labels,centroid_gap,h_mean,4,ood_confirm,30v30_K2,384,0.01673136997875091,100.0
regir_kv0_sg,3,shuffled_labels,centroid_gap,h_mean,4,ood_confirm,50v50_K2,396,0.02166117424691838,100.0
regir_kv0_sg,3,shuffled_labels,nearest_target_distance,h_mean,0,id_train,10v10_K2,363,0.0630108319240712,100.0
regir_kv0_sg,3,shuffled_labels,nearest_target_distance,h_mean,0,id_train,10v10_K3,363,0.10407247406233022,100.0
regir_kv0_sg,3,shuffled_labels,nearest_target_distance,h_mean,0,id_val,10v10_K2,188,0.08188827534663423,100.0
regir_kv0_sg,3,shuffled_labels,nearest_target_distance,h_mean,0,id_val,10v10_K3,183,0.15050471281435907,100.0
regir_kv0_sg,3,shuffled_labels,nearest_target_distance,h_mean,0,id_test,10v10_K2,183,0.05291547721380163,100.0
regir_kv0_sg,3,shuffled_labels,nearest_target_distance,h_mean,0,id_test,10v10_K3,176,0.07416419660288531,100.0
regir_kv0_sg,3,shuffled_labels,nearest_target_distance,h_mean,0,ood_explore,30v30_K12,386,0.09816180776548622,100.0
regir_kv0_sg,3,shuffled_labels,nearest_target_distance,h_mean,0,ood_explore,30v30_K2,386,0.0642895660810926,100.0
regir_kv0_sg,3,shuffled_labels,nearest_target_distance,h_mean,0,ood_explore,50v50_K2,381,0.04358408425881222,100.0
regir_kv0_sg,3,shuffled_labels,nearest_target_distance,h_mean,0,ood_confirm,30v30_K12,378,0.04284393974479739,100.0
regir_kv0_sg,3,shuffled_labels,nearest_target_distance,h_mean,0,ood_confirm,30v30_K2,384,0.03811623545226317,100.0
regir_kv0_sg,3,shuffled_labels,nearest_target_distance,h_mean,0,ood_confirm,50v50_K2,396,0.03902937184670696,100.0
regir_kv0_sg,3,shuffled_labels,nearest_target_distance,h_mean,1,id_train,10v10_K2,363,0.06944436576947721,100.0
regir_kv0_sg,3,shuffled_labels,nearest_target_distance,h_mean,1,id_train,10v10_K3,363,0.10755467540291841,100.0
regir_kv0_sg,3,shuffled_labels,nearest_target_distance,h_mean,1,id_val,10v10_K2,188,0.06462571171598197,100.0
regir_kv0_sg,3,shuffled_labels,nearest_target_distance,h_mean,1,id_val,10v10_K3,183,0.13205135586225236,100.0
regir_kv0_sg,3,shuffled_labels,nearest_target_distance,h_mean,1,id_test,10v10_K2,183,0.05421629264489114,100.0
regir_kv0_sg,3,shuffled_labels,nearest_target_distance,h_mean,1,id_test,10v10_K3,176,0.08348492623054449,100.0
regir_kv0_sg,3,shuffled_labels,nearest_target_distance,h_mean,1,ood_explore,30v30_K12,386,0.10145816418191012,100.0
regir_kv0_sg,3,shuffled_labels,nearest_target_distance,h_mean,1,ood_explore,30v30_K2,386,0.06101133273852333,100.0
regir_kv0_sg,3,shuffled_labels,nearest_target_distance,h_mean,1,ood_explore,50v50_K2,381,0.020262135416804217,100.0
regir_kv0_sg,3,shuffled_labels,nearest_target_distance,h_mean,1,ood_confirm,30v30_K12,378,0.08404456880782529,100.0
regir_kv0_sg,3,shuffled_labels,nearest_target_distance,h_mean,1,ood_confirm,30v30_K2,384,0.01890261702528695,100.0
regir_kv0_sg,3,shuffled_labels,nearest_target_distance,h_mean,1,ood_confirm,50v50_K2,396,0.023708326098955235,100.0
regir_kv0_sg,3,shuffled_labels,nearest_target_distance,h_mean,2,id_train,10v10_K2,363,0.052993952308460046,100.0
regir_kv0_sg,3,shuffled_labels,nearest_target_distance,h_mean,2,id_train,10v10_K3,363,0.11383101504874782,100.0
regir_kv0_sg,3,shuffled_labels,nearest_target_distance,h_mean,2,id_val,10v10_K2,188,0.03989653426071227,100.0
regir_kv0_sg,3,shuffled_labels,nearest_target_distance,h_mean,2,id_val,10v10_K3,183,0.13123745242938856,100.0
regir_kv0_sg,3,shuffled_labels,nearest_target_distance,h_mean,2,id_test,10v10_K2,183,0.04965407004227418,100.0
regir_kv0_sg,3,shuffled_labels,nearest_target_distance,h_mean,2,id_test,10v10_K3,176,0.09770513544726755,100.0
regir_kv0_sg,3,shuffled_labels,nearest_target_distance,h_mean,2,ood_explore,30v30_K12,386,0.1418121532508222,100.0
regir_kv0_sg,3,shuffled_labels,nearest_target_distance,h_mean,2,ood_explore,30v30_K2,386,0.0676901019105618,100.0
regir_kv0_sg,3,shuffled_labels,nearest_target_distance,h_mean,2,ood_explore,50v50_K2,381,0.057123619185145746,100.0
regir_kv0_sg,3,shuffled_labels,nearest_target_distance,h_mean,2,ood_confirm,30v30_K12,378,0.12915595196355978,100.0
regir_kv0_sg,3,shuffled_labels,nearest_target_distance,h_mean,2,ood_confirm,30v30_K2,384,0.046733408220442585,100.0
regir_kv0_sg,3,shuffled_labels,nearest_target_distance,h_mean,2,ood_confirm,50v50_K2,396,0.07017558950742842,100.0
regir_kv0_sg,3,shuffled_labels,nearest_target_distance,h_mean,3,id_train,10v10_K2,363,0.04862243133229649,100.0
regir_kv0_sg,3,shuffled_labels,nearest_target_distance,h_mean,3,id_train,10v10_K3,363,0.11540546452525857,100.0
regir_kv0_sg,3,shuffled_labels,nearest_target_distance,h_mean,3,id_val,10v10_K2,188,0.03384154554409713,100.0
regir_kv0_sg,3,shuffled_labels,nearest_target_distance,h_mean,3,id_val,10v10_K3,183,0.13886855364601525,100.0
regir_kv0_sg,3,shuffled_labels,nearest_target_distance,h_mean,3,id_test,10v10_K2,183,0.04320344852569735,100.0
regir_kv0_sg,3,shuffled_labels,nearest_target_distance,h_mean,3,id_test,10v10_K3,176,0.10863011999629468,100.0
regir_kv0_sg,3,shuffled_labels,nearest_target_distance,h_mean,3,ood_explore,30v30_K12,386,0.19081412937631959,100.0
regir_kv0_sg,3,shuffled_labels,nearest_target_distance,h_mean,3,ood_explore,30v30_K2,386,0.0873969350498669,100.0
regir_kv0_sg,3,shuffled_labels,nearest_target_distance,h_mean,3,ood_explore,50v50_K2,381,0.09218045716362622,100.0
regir_kv0_sg,3,shuffled_labels,nearest_target_distance,h_mean,3,ood_confirm,30v30_K12,378,0.1800359743024209,100.0
regir_kv0_sg,3,shuffled_labels,nearest_target_distance,h_mean,3,ood_confirm,30v30_K2,384,0.0785082155380401,100.0
regir_kv0_sg,3,shuffled_labels,nearest_target_distance,h_mean,3,ood_confirm,50v50_K2,396,0.10709387840044848,100.0
regir_kv0_sg,3,shuffled_labels,nearest_target_distance,h_mean,4,id_train,10v10_K2,363,0.05036469040556435,100.0
regir_kv0_sg,3,shuffled_labels,nearest_target_distance,h_mean,4,id_train,10v10_K3,363,0.11266656608977255,100.0
regir_kv0_sg,3,shuffled_labels,nearest_target_distance,h_mean,4,id_val,10v10_K2,188,0.030821680818345465,100.0
regir_kv0_sg,3,shuffled_labels,nearest_target_distance,h_mean,4,id_val,10v10_K3,183,0.14817781307700484,100.0
regir_kv0_sg,3,shuffled_labels,nearest_target_distance,h_mean,4,id_test,10v10_K2,183,0.039357954132620776,100.0
regir_kv0_sg,3,shuffled_labels,nearest_target_distance,h_mean,4,id_test,10v10_K3,176,0.11703108889079872,100.0
regir_kv0_sg,3,shuffled_labels,nearest_target_distance,h_mean,4,ood_explore,30v30_K12,386,0.20593270934798025,100.0
regir_kv0_sg,3,shuffled_labels,nearest_target_distance,h_mean,4,ood_explore,30v30_K2,386,0.09936520050990094,100.0
regir_kv0_sg,3,shuffled_labels,nearest_target_distance,h_mean,4,ood_explore,50v50_K2,381,0.11107521347303784,100.0
regir_kv0_sg,3,shuffled_labels,nearest_target_distance,h_mean,4,ood_confirm,30v30_K12,378,0.1962871794992317,100.0
regir_kv0_sg,3,shuffled_labels,nearest_target_distance,h_mean,4,ood_confirm,30v30_K2,384,0.09662303150340845,100.0
regir_kv0_sg,3,shuffled_labels,nearest_target_distance,h_mean,4,ood_confirm,50v50_K2,396,0.12456578325476808,100.0
regir_kv0_sg,3,shuffled_labels,threat,readout,0,id_train,10v10_K2,363,0.06204456970554373,100.0
regir_kv0_sg,3,shuffled_labels,threat,readout,0,id_train,10v10_K3,363,0.08096029184741893,100.0
regir_kv0_sg,3,shuffled_labels,threat,readout,0,id_val,10v10_K2,188,-0.23342715055247187,100.0
regir_kv0_sg,3,shuffled_labels,threat,readout,0,id_val,10v10_K3,183,0.062483846461502957,100.0
regir_kv0_sg,3,shuffled_labels,threat,readout,0,id_test,10v10_K2,183,-0.009048986812299598,100.0
regir_kv0_sg,3,shuffled_labels,threat,readout,0,id_test,10v10_K3,176,0.0709314875373116,100.0
regir_kv0_sg,3,shuffled_labels,threat,readout,0,ood_explore,30v30_K12,386,0.09976242624426046,100.0
regir_kv0_sg,3,shuffled_labels,threat,readout,0,ood_explore,30v30_K2,386,0.06708289338257845,100.0
regir_kv0_sg,3,shuffled_labels,threat,readout,0,ood_explore,50v50_K2,381,0.05282801477470356,100.0
regir_kv0_sg,3,shuffled_labels,threat,readout,0,ood_confirm,30v30_K12,378,0.10610013435172616,100.0
regir_kv0_sg,3,shuffled_labels,threat,readout,0,ood_confirm,30v30_K2,384,0.06280384479076995,100.0
regir_kv0_sg,3,shuffled_labels,threat,readout,0,ood_confirm,50v50_K2,396,0.05492694940105458,100.0
regir_kv0_sg,3,shuffled_labels,threat,readout,1,id_train,10v10_K2,363,0.03241417085235554,100.0
regir_kv0_sg,3,shuffled_labels,threat,readout,1,id_train,10v10_K3,363,0.02880457146160975,100.0
regir_kv0_sg,3,shuffled_labels,threat,readout,1,id_val,10v10_K2,188,-0.2554970420421525,100.0
regir_kv0_sg,3,shuffled_labels,threat,readout,1,id_val,10v10_K3,183,0.046134840474599925,100.0
regir_kv0_sg,3,shuffled_labels,threat,readout,1,id_test,10v10_K2,183,-0.06664833387290403,100.0
regir_kv0_sg,3,shuffled_labels,threat,readout,1,id_test,10v10_K3,176,0.024575710038080345,100.0
regir_kv0_sg,3,shuffled_labels,threat,readout,1,ood_explore,30v30_K12,386,0.03080418548198849,100.0
regir_kv0_sg,3,shuffled_labels,threat,readout,1,ood_explore,30v30_K2,386,0.017601486348420403,100.0
regir_kv0_sg,3,shuffled_labels,threat,readout,1,ood_explore,50v50_K2,381,-0.0024134100403838676,100.0
regir_kv0_sg,3,shuffled_labels,threat,readout,1,ood_confirm,30v30_K12,378,0.02685628820045438,100.0
regir_kv0_sg,3,shuffled_labels,threat,readout,1,ood_confirm,30v30_K2,384,0.01956755529456955,100.0
regir_kv0_sg,3,shuffled_labels,threat,readout,1,ood_confirm,50v50_K2,396,0.021514935197764373,100.0
regir_kv0_sg,3,shuffled_labels,threat,readout,2,id_train,10v10_K2,363,0.04884643646381026,100.0
regir_kv0_sg,3,shuffled_labels,threat,readout,2,id_train,10v10_K3,363,0.015638907799651713,100.0
regir_kv0_sg,3,shuffled_labels,threat,readout,2,id_val,10v10_K2,188,-0.2801110709897605,100.0
regir_kv0_sg,3,shuffled_labels,threat,readout,2,id_val,10v10_K3,183,0.02576835778604558,100.0
regir_kv0_sg,3,shuffled_labels,threat,readout,2,id_test,10v10_K2,183,-0.028307762135179937,100.0
regir_kv0_sg,3,shuffled_labels,threat,readout,2,id_test,10v10_K3,176,0.014344324397397856,100.0
regir_kv0_sg,3,shuffled_labels,threat,readout,2,ood_explore,30v30_K12,386,0.014645459094275393,100.0
regir_kv0_sg,3,shuffled_labels,threat,readout,2,ood_explore,30v30_K2,386,0.020407155484774564,100.0
regir_kv0_sg,3,shuffled_labels,threat,readout,2,ood_explore,50v50_K2,381,0.005638789921921128,100.0
regir_kv0_sg,3,shuffled_labels,threat,readout,2,ood_confirm,30v30_K12,378,0.00866049927043766,100.0
regir_kv0_sg,3,shuffled_labels,threat,readout,2,ood_confirm,30v30_K2,384,0.007760828841961942,100.0
regir_kv0_sg,3,shuffled_labels,threat,readout,2,ood_confirm,50v50_K2,396,0.018203900391449812,100.0
regir_kv0_sg,3,shuffled_labels,threat,readout,3,id_train,10v10_K2,363,0.05045587091141612,100.0
regir_kv0_sg,3,shuffled_labels,threat,readout,3,id_train,10v10_K3,363,0.01769051543305078,100.0
regir_kv0_sg,3,shuffled_labels,threat,readout,3,id_val,10v10_K2,188,-0.3194401393007493,100.0
regir_kv0_sg,3,shuffled_labels,threat,readout,3,id_val,10v10_K3,183,0.013404117100983992,100.0
regir_kv0_sg,3,shuffled_labels,threat,readout,3,id_test,10v10_K2,183,-0.056427168574673114,100.0
regir_kv0_sg,3,shuffled_labels,threat,readout,3,id_test,10v10_K3,176,0.011117887288470296,100.0
regir_kv0_sg,3,shuffled_labels,threat,readout,3,ood_explore,30v30_K12,386,0.0024730095121806572,100.0
regir_kv0_sg,3,shuffled_labels,threat,readout,3,ood_explore,30v30_K2,386,0.008083879831649154,100.0
regir_kv0_sg,3,shuffled_labels,threat,readout,3,ood_explore,50v50_K2,381,0.01655308253865051,100.0
regir_kv0_sg,3,shuffled_labels,threat,readout,3,ood_confirm,30v30_K12,378,-0.0002910123854851232,100.0
regir_kv0_sg,3,shuffled_labels,threat,readout,3,ood_confirm,30v30_K2,384,0.017062789390174582,100.0
regir_kv0_sg,3,shuffled_labels,threat,readout,3,ood_confirm,50v50_K2,396,0.011318141135638782,100.0
regir_kv0_sg,3,shuffled_labels,unmarked_frac,readout,0,id_train,10v10_K2,363,-0.07225101856747473,0.1
regir_kv0_sg,3,shuffled_labels,unmarked_frac,readout,0,id_train,10v10_K3,363,-0.11582570752339638,0.1
regir_kv0_sg,3,shuffled_labels,unmarked_frac,readout,0,id_val,10v10_K2,188,-0.0718560236771999,0.1
regir_kv0_sg,3,shuffled_labels,unmarked_frac,readout,0,id_val,10v10_K3,183,-0.08247827859685741,0.1
regir_kv0_sg,3,shuffled_labels,unmarked_frac,readout,0,id_test,10v10_K2,183,-0.08454718220200474,0.1
regir_kv0_sg,3,shuffled_labels,unmarked_frac,readout,0,id_test,10v10_K3,176,-0.07121701848892559,0.1
regir_kv0_sg,3,shuffled_labels,unmarked_frac,readout,0,ood_explore,30v30_K12,386,-0.23916438875122936,0.1
regir_kv0_sg,3,shuffled_labels,unmarked_frac,readout,0,ood_explore,30v30_K2,386,-0.21301018847470887,0.1
regir_kv0_sg,3,shuffled_labels,unmarked_frac,readout,0,ood_explore,50v50_K2,381,-0.3302348011519336,0.1
regir_kv0_sg,3,shuffled_labels,unmarked_frac,readout,0,ood_confirm,30v30_K12,378,-0.1519064181476033,0.1
regir_kv0_sg,3,shuffled_labels,unmarked_frac,readout,0,ood_confirm,30v30_K2,384,-0.26382880640983797,0.1
regir_kv0_sg,3,shuffled_labels,unmarked_frac,readout,0,ood_confirm,50v50_K2,396,-0.4318103387547032,0.1
regir_kv0_sg,3,shuffled_labels,unmarked_frac,readout,1,id_train,10v10_K2,363,-0.024775133441023778,0.1
regir_kv0_sg,3,shuffled_labels,unmarked_frac,readout,1,id_train,10v10_K3,363,-0.06010754706600707,0.1
regir_kv0_sg,3,shuffled_labels,unmarked_frac,readout,1,id_val,10v10_K2,188,-0.03410161305636583,0.1
regir_kv0_sg,3,shuffled_labels,unmarked_frac,readout,1,id_val,10v10_K3,183,-0.06171079251187428,0.1
regir_kv0_sg,3,shuffled_labels,unmarked_frac,readout,1,id_test,10v10_K2,183,-0.0435767062543031,0.1
regir_kv0_sg,3,shuffled_labels,unmarked_frac,readout,1,id_test,10v10_K3,176,-0.030408336526615676,0.1
regir_kv0_sg,3,shuffled_labels,unmarked_frac,readout,1,ood_explore,30v30_K12,386,-0.2620405717660619,0.1
regir_kv0_sg,3,shuffled_labels,unmarked_frac,readout,1,ood_explore,30v30_K2,386,-0.1801860437226288,0.1
regir_kv0_sg,3,shuffled_labels,unmarked_frac,readout,1,ood_explore,50v50_K2,381,-0.21681912492468203,0.1
regir_kv0_sg,3,shuffled_labels,unmarked_frac,readout,1,ood_confirm,30v30_K12,378,-0.09376885070261154,0.1
regir_kv0_sg,3,shuffled_labels,unmarked_frac,readout,1,ood_confirm,30v30_K2,384,-0.2348940199174001,0.1
regir_kv0_sg,3,shuffled_labels,unmarked_frac,readout,1,ood_confirm,50v50_K2,396,-0.322038290478591,0.1
regir_kv0_sg,3,shuffled_labels,unmarked_frac,readout,2,id_train,10v10_K2,363,-0.0514555539188053,0.1
regir_kv0_sg,3,shuffled_labels,unmarked_frac,readout,2,id_train,10v10_K3,363,-0.08456509109699173,0.1
regir_kv0_sg,3,shuffled_labels,unmarked_frac,readout,2,id_val,10v10_K2,188,-0.10820211005989311,0.1
regir_kv0_sg,3,shuffled_labels,unmarked_frac,readout,2,id_val,10v10_K3,183,0.01943594055279152,0.1
regir_kv0_sg,3,shuffled_labels,unmarked_frac,readout,2,id_test,10v10_K2,183,-0.04255041438354623,0.1
regir_kv0_sg,3,shuffled_labels,unmarked_frac,readout,2,id_test,10v10_K3,176,-0.10908190845363475,0.1
regir_kv0_sg,3,shuffled_labels,unmarked_frac,readout,2,ood_explore,30v30_K12,386,-0.354883697927471,0.1
regir_kv0_sg,3,shuffled_labels,unmarked_frac,readout,2,ood_explore,30v30_K2,386,-0.11177296672564085,0.1
regir_kv0_sg,3,shuffled_labels,unmarked_frac,readout,2,ood_explore,50v50_K2,381,-0.19296020786279122,0.1
regir_kv0_sg,3,shuffled_labels,unmarked_frac,readout,2,ood_confirm,30v30_K12,378,-0.14126284168520997,0.1
regir_kv0_sg,3,shuffled_labels,unmarked_frac,readout,2,ood_confirm,30v30_K2,384,-0.16699426493928726,0.1
regir_kv0_sg,3,shuffled_labels,unmarked_frac,readout,2,ood_confirm,50v50_K2,396,-0.2299983983458571,0.1
regir_kv0_sg,3,shuffled_labels,unmarked_frac,readout,3,id_train,10v10_K2,363,-0.043802913298053525,0.1
regir_kv0_sg,3,shuffled_labels,unmarked_frac,readout,3,id_train,10v10_K3,363,-0.06303381916321804,0.1
regir_kv0_sg,3,shuffled_labels,unmarked_frac,readout,3,id_val,10v10_K2,188,-0.14050171151670332,0.1
regir_kv0_sg,3,shuffled_labels,unmarked_frac,readout,3,id_val,10v10_K3,183,0.04288081604685867,0.1
regir_kv0_sg,3,shuffled_labels,unmarked_frac,readout,3,id_test,10v10_K2,183,-0.031834213691427804,0.1
regir_kv0_sg,3,shuffled_labels,unmarked_frac,readout,3,id_test,10v10_K3,176,-0.15966615430979636,0.1
regir_kv0_sg,3,shuffled_labels,unmarked_frac,readout,3,ood_explore,30v30_K12,386,-0.37779545990884955,0.1
regir_kv0_sg,3,shuffled_labels,unmarked_frac,readout,3,ood_explore,30v30_K2,386,-0.12363375447363811,0.1
regir_kv0_sg,3,shuffled_labels,unmarked_frac,readout,3,ood_explore,50v50_K2,381,-0.26541254184496155,0.1
regir_kv0_sg,3,shuffled_labels,unmarked_frac,readout,3,ood_confirm,30v30_K12,378,-0.19015188017871965,0.1
regir_kv0_sg,3,shuffled_labels,unmarked_frac,readout,3,ood_confirm,30v30_K2,384,-0.18407234044354626,0.1
regir_kv0_sg,3,shuffled_labels,unmarked_frac,readout,3,ood_confirm,50v50_K2,396,-0.2822943433849743,0.1
regir_kv0_sg,3,shuffled_labels,centroid_gap,readout,0,id_train,10v10_K2,363,-0.012503132311915355,100.0
regir_kv0_sg,3,shuffled_labels,centroid_gap,readout,0,id_train,10v10_K3,363,-0.05178524651215577,100.0
regir_kv0_sg,3,shuffled_labels,centroid_gap,readout,0,id_val,10v10_K2,188,-0.046711170109363875,100.0
regir_kv0_sg,3,shuffled_labels,centroid_gap,readout,0,id_val,10v10_K3,183,-0.03222200339032466,100.0
regir_kv0_sg,3,shuffled_labels,centroid_gap,readout,0,id_test,10v10_K2,183,-0.07368646277357582,100.0
regir_kv0_sg,3,shuffled_labels,centroid_gap,readout,0,id_test,10v10_K3,176,-0.0010011766410826795,100.0
regir_kv0_sg,3,shuffled_labels,centroid_gap,readout,0,ood_explore,30v30_K12,386,0.0019106970428633963,100.0
regir_kv0_sg,3,shuffled_labels,centroid_gap,readout,0,ood_explore,30v30_K2,386,-0.008638566707078965,100.0
regir_kv0_sg,3,shuffled_labels,centroid_gap,readout,0,ood_explore,50v50_K2,381,0.004420264711873845,100.0
regir_kv0_sg,3,shuffled_labels,centroid_gap,readout,0,ood_confirm,30v30_K12,378,0.008154586172724687,100.0
regir_kv0_sg,3,shuffled_labels,centroid_gap,readout,0,ood_confirm,30v30_K2,384,0.011311931731952551,100.0
regir_kv0_sg,3,shuffled_labels,centroid_gap,readout,0,ood_confirm,50v50_K2,396,0.015585700193778584,100.0
regir_kv0_sg,3,shuffled_labels,centroid_gap,readout,1,id_train,10v10_K2,363,-0.03110900728286592,100.0
regir_kv0_sg,3,shuffled_labels,centroid_gap,readout,1,id_train,10v10_K3,363,-0.05833204612231202,100.0
regir_kv0_sg,3,shuffled_labels,centroid_gap,readout,1,id_val,10v10_K2,188,-0.061602996441605606,100.0
regir_kv0_sg,3,shuffled_labels,centroid_gap,readout,1,id_val,10v10_K3,183,-0.05666287725161312,100.0
regir_kv0_sg,3,shuffled_labels,centroid_gap,readout,1,id_test,10v10_K2,183,-0.10167778114578052,100.0
regir_kv0_sg,3,shuffled_labels,centroid_gap,readout,1,id_test,10v10_K3,176,-0.019709960487930056,100.0
regir_kv0_sg,3,shuffled_labels,centroid_gap,readout,1,ood_explore,30v30_K12,386,0.004202452140560919,100.0
regir_kv0_sg,3,shuffled_labels,centroid_gap,readout,1,ood_explore,30v30_K2,386,-0.002449618896692929,100.0
regir_kv0_sg,3,shuffled_labels,centroid_gap,readout,1,ood_explore,50v50_K2,381,-0.0012404295312020697,100.0
regir_kv0_sg,3,shuffled_labels,centroid_gap,readout,1,ood_confirm,30v30_K12,378,0.003242944088766242,100.0
regir_kv0_sg,3,shuffled_labels,centroid_gap,readout,1,ood_confirm,30v30_K2,384,0.0410308820765658,100.0
regir_kv0_sg,3,shuffled_labels,centroid_gap,readout,1,ood_confirm,50v50_K2,396,0.036828494529321465,100.0
regir_kv0_sg,3,shuffled_labels,centroid_gap,readout,2,id_train,10v10_K2,363,-0.015880970743384237,100.0
regir_kv0_sg,3,shuffled_labels,centroid_gap,readout,2,id_train,10v10_K3,363,-0.03898096036782417,100.0
regir_kv0_sg,3,shuffled_labels,centroid_gap,readout,2,id_val,10v10_K2,188,-0.07150627052089154,100.0
regir_kv0_sg,3,shuffled_labels,centroid_gap,readout,2,id_val,10v10_K3,183,-0.038740520040856596,100.0
regir_kv0_sg,3,shuffled_labels,centroid_gap,readout,2,id_test,10v10_K2,183,-0.06172391070112826,100.0
regir_kv0_sg,3,shuffled_labels,centroid_gap,readout,2,id_test,10v10_K3,176,0.002443874098447485,100.0
regir_kv0_sg,3,shuffled_labels,centroid_gap,readout,2,ood_explore,30v30_K12,386,0.03348577701466737,100.0
regir_kv0_sg,3,shuffled_labels,centroid_gap,readout,2,ood_explore,30v30_K2,386,0.0183835688088001,100.0
regir_kv0_sg,3,shuffled_labels,centroid_gap,readout,2,ood_explore,50v50_K2,381,0.02174388593921217,100.0
regir_kv0_sg,3,shuffled_labels,centroid_gap,readout,2,ood_confirm,30v30_K12,378,0.01833650270321152,100.0
regir_kv0_sg,3,shuffled_labels,centroid_gap,readout,2,ood_confirm,30v30_K2,384,0.04048670548966937,100.0
regir_kv0_sg,3,shuffled_labels,centroid_gap,readout,2,ood_confirm,50v50_K2,396,0.05048546935688536,100.0
regir_kv0_sg,3,shuffled_labels,centroid_gap,readout,3,id_train,10v10_K2,363,-0.0005213456586128373,100.0
regir_kv0_sg,3,shuffled_labels,centroid_gap,readout,3,id_train,10v10_K3,363,-0.03462518301624096,100.0
regir_kv0_sg,3,shuffled_labels,centroid_gap,readout,3,id_val,10v10_K2,188,-0.03566590417971938,100.0
regir_kv0_sg,3,shuffled_labels,centroid_gap,readout,3,id_val,10v10_K3,183,-0.026808594686937415,100.0
regir_kv0_sg,3,shuffled_labels,centroid_gap,readout,3,id_test,10v10_K2,183,-0.029752146695170456,100.0
regir_kv0_sg,3,shuffled_labels,centroid_gap,readout,3,id_test,10v10_K3,176,0.0009575631631812964,100.0
regir_kv0_sg,3,shuffled_labels,centroid_gap,readout,3,ood_explore,30v30_K12,386,-0.008214263826675117,100.0
regir_kv0_sg,3,shuffled_labels,centroid_gap,readout,3,ood_explore,30v30_K2,386,0.01743451978693078,100.0
regir_kv0_sg,3,shuffled_labels,centroid_gap,readout,3,ood_explore,50v50_K2,381,0.02215006986915735,100.0
regir_kv0_sg,3,shuffled_labels,centroid_gap,readout,3,ood_confirm,30v30_K12,378,-0.02443857536270655,100.0
regir_kv0_sg,3,shuffled_labels,centroid_gap,readout,3,ood_confirm,30v30_K2,384,0.026107800410201887,100.0
regir_kv0_sg,3,shuffled_labels,centroid_gap,readout,3,ood_confirm,50v50_K2,396,0.024476435185172174,100.0
regir_kv0_sg,3,shuffled_labels,nearest_target_distance,readout,0,id_train,10v10_K2,363,0.05937059230859276,10.0
regir_kv0_sg,3,shuffled_labels,nearest_target_distance,readout,0,id_train,10v10_K3,363,0.05030465402378059,10.0
regir_kv0_sg,3,shuffled_labels,nearest_target_distance,readout,0,id_val,10v10_K2,188,0.034315191091516595,10.0
regir_kv0_sg,3,shuffled_labels,nearest_target_distance,readout,0,id_val,10v10_K3,183,0.07906116397119867,10.0
regir_kv0_sg,3,shuffled_labels,nearest_target_distance,readout,0,id_test,10v10_K2,183,0.03857617142157743,10.0
regir_kv0_sg,3,shuffled_labels,nearest_target_distance,readout,0,id_test,10v10_K3,176,-0.010799242982362456,10.0
regir_kv0_sg,3,shuffled_labels,nearest_target_distance,readout,0,ood_explore,30v30_K12,386,-0.17963906062557422,10.0
regir_kv0_sg,3,shuffled_labels,nearest_target_distance,readout,0,ood_explore,30v30_K2,386,0.06766738530232119,10.0
regir_kv0_sg,3,shuffled_labels,nearest_target_distance,readout,0,ood_explore,50v50_K2,381,0.07892662785817739,10.0
regir_kv0_sg,3,shuffled_labels,nearest_target_distance,readout,0,ood_confirm,30v30_K12,378,-0.2730942592238572,10.0
regir_kv0_sg,3,shuffled_labels,nearest_target_distance,readout,0,ood_confirm,30v30_K2,384,0.09997073566293946,10.0
regir_kv0_sg,3,shuffled_labels,nearest_target_distance,readout,0,ood_confirm,50v50_K2,396,0.08988121002998795,10.0
regir_kv0_sg,3,shuffled_labels,nearest_target_distance,readout,1,id_train,10v10_K2,363,0.02325161453462421,10.0
regir_kv0_sg,3,shuffled_labels,nearest_target_distance,readout,1,id_train,10v10_K3,363,0.06493878429310118,10.0
regir_kv0_sg,3,shuffled_labels,nearest_target_distance,readout,1,id_val,10v10_K2,188,0.049213141658498216,10.0
regir_kv0_sg,3,shuffled_labels,nearest_target_distance,readout,1,id_val,10v10_K3,183,0.039300242279666775,10.0
regir_kv0_sg,3,shuffled_labels,nearest_target_distance,readout,1,id_test,10v10_K2,183,0.02306938175307438,10.0
regir_kv0_sg,3,shuffled_labels,nearest_target_distance,readout,1,id_test,10v10_K3,176,-0.0157216643745417,10.0
regir_kv0_sg,3,shuffled_labels,nearest_target_distance,readout,1,ood_explore,30v30_K12,386,-0.04411258841858845,10.0
regir_kv0_sg,3,shuffled_labels,nearest_target_distance,readout,1,ood_explore,30v30_K2,386,0.003987430573193507,10.0
regir_kv0_sg,3,shuffled_labels,nearest_target_distance,readout,1,ood_explore,50v50_K2,381,0.06217452669503176,10.0
regir_kv0_sg,3,shuffled_labels,nearest_target_distance,readout,1,ood_confirm,30v30_K12,378,-0.10690367866290273,10.0
regir_kv0_sg,3,shuffled_labels,nearest_target_distance,readout,1,ood_confirm,30v30_K2,384,0.0577977148428912,10.0
regir_kv0_sg,3,shuffled_labels,nearest_target_distance,readout,1,ood_confirm,50v50_K2,396,0.09650777253024112,10.0
regir_kv0_sg,3,shuffled_labels,nearest_target_distance,readout,2,id_train,10v10_K2,363,0.04311948355861073,10.0
regir_kv0_sg,3,shuffled_labels,nearest_target_distance,readout,2,id_train,10v10_K3,363,0.07167459707786539,10.0
regir_kv0_sg,3,shuffled_labels,nearest_target_distance,readout,2,id_val,10v10_K2,188,0.04608981113144672,10.0
regir_kv0_sg,3,shuffled_labels,nearest_target_distance,readout,2,id_val,10v10_K3,183,0.0874658674132448,10.0
regir_kv0_sg,3,shuffled_labels,nearest_target_distance,readout,2,id_test,10v10_K2,183,0.040523929469911346,10.0
regir_kv0_sg,3,shuffled_labels,nearest_target_distance,readout,2,id_test,10v10_K3,176,0.017030982615802492,10.0
regir_kv0_sg,3,shuffled_labels,nearest_target_distance,readout,2,ood_explore,30v30_K12,386,0.0026243119298084983,10.0
regir_kv0_sg,3,shuffled_labels,nearest_target_distance,readout,2,ood_explore,30v30_K2,386,0.01977928972003562,10.0
regir_kv0_sg,3,shuffled_labels,nearest_target_distance,readout,2,ood_explore,50v50_K2,381,0.10219996285800448,10.0
regir_kv0_sg,3,shuffled_labels,nearest_target_distance,readout,2,ood_confirm,30v30_K12,378,-0.061866974254441987,10.0
regir_kv0_sg,3,shuffled_labels,nearest_target_distance,readout,2,ood_confirm,30v30_K2,384,0.07145249395448494,10.0
regir_kv0_sg,3,shuffled_labels,nearest_target_distance,readout,2,ood_confirm,50v50_K2,396,0.10293213341331475,10.0
regir_kv0_sg,3,shuffled_labels,nearest_target_distance,readout,3,id_train,10v10_K2,363,0.04377710214107966,10.0
regir_kv0_sg,3,shuffled_labels,nearest_target_distance,readout,3,id_train,10v10_K3,363,0.059977015163024006,10.0
regir_kv0_sg,3,shuffled_labels,nearest_target_distance,readout,3,id_val,10v10_K2,188,0.06478706501988463,10.0
regir_kv0_sg,3,shuffled_labels,nearest_target_distance,readout,3,id_val,10v10_K3,183,0.06775256761847182,10.0
regir_kv0_sg,3,shuffled_labels,nearest_target_distance,readout,3,id_test,10v10_K2,183,0.025520815111423567,10.0
regir_kv0_sg,3,shuffled_labels,nearest_target_distance,readout,3,id_test,10v10_K3,176,0.0028603079515822083,10.0
regir_kv0_sg,3,shuffled_labels,nearest_target_distance,readout,3,ood_explore,30v30_K12,386,-0.048690159605200956,10.0
regir_kv0_sg,3,shuffled_labels,nearest_target_distance,readout,3,ood_explore,30v30_K2,386,0.00849767578687377,10.0
regir_kv0_sg,3,shuffled_labels,nearest_target_distance,readout,3,ood_explore,50v50_K2,381,0.09953486314730664,10.0
regir_kv0_sg,3,shuffled_labels,nearest_target_distance,readout,3,ood_confirm,30v30_K12,378,-0.08784887296393551,10.0
regir_kv0_sg,3,shuffled_labels,nearest_target_distance,readout,3,ood_confirm,30v30_K2,384,0.08204413439932612,10.0
regir_kv0_sg,3,shuffled_labels,nearest_target_distance,readout,3,ood_confirm,50v50_K2,396,0.09832122658850306,10.0
regir_kv0_sg,1,trained,threat,h_mean,0,id_train,10v10_K2,363,0.4567874367528799,100.0
regir_kv0_sg,1,trained,threat,h_mean,0,id_train,10v10_K3,363,0.41925802381412636,100.0
regir_kv0_sg,1,trained,threat,h_mean,0,id_val,10v10_K2,188,-0.42304179905297645,100.0
regir_kv0_sg,1,trained,threat,h_mean,0,id_val,10v10_K3,183,0.1943446581020868,100.0
regir_kv0_sg,1,trained,threat,h_mean,0,id_test,10v10_K2,183,0.12588231954213236,100.0
regir_kv0_sg,1,trained,threat,h_mean,0,id_test,10v10_K3,176,0.2261187832636652,100.0
regir_kv0_sg,1,trained,threat,h_mean,0,ood_explore,30v30_K12,386,0.23881334021048106,100.0
regir_kv0_sg,1,trained,threat,h_mean,0,ood_explore,30v30_K2,386,0.33908159302348573,100.0
regir_kv0_sg,1,trained,threat,h_mean,0,ood_explore,50v50_K2,381,0.2832922970645648,100.0
regir_kv0_sg,1,trained,threat,h_mean,0,ood_confirm,30v30_K12,378,0.3877168517727878,100.0
regir_kv0_sg,1,trained,threat,h_mean,0,ood_confirm,30v30_K2,384,0.29665810464584663,100.0
regir_kv0_sg,1,trained,threat,h_mean,0,ood_confirm,50v50_K2,396,0.11889230025939401,100.0
regir_kv0_sg,1,trained,threat,h_mean,1,id_train,10v10_K2,363,0.6286372264845161,100.0
regir_kv0_sg,1,trained,threat,h_mean,1,id_train,10v10_K3,363,0.48830447415385425,100.0
regir_kv0_sg,1,trained,threat,h_mean,1,id_val,10v10_K2,188,-0.19470713036922338,100.0
regir_kv0_sg,1,trained,threat,h_mean,1,id_val,10v10_K3,183,0.31430939550358983,100.0
regir_kv0_sg,1,trained,threat,h_mean,1,id_test,10v10_K2,183,0.17076347751859877,100.0
regir_kv0_sg,1,trained,threat,h_mean,1,id_test,10v10_K3,176,0.4263713687312415,100.0
regir_kv0_sg,1,trained,threat,h_mean,1,ood_explore,30v30_K12,386,0.4606371115636676,100.0
regir_kv0_sg,1,trained,threat,h_mean,1,ood_explore,30v30_K2,386,0.5207354989267714,100.0
regir_kv0_sg,1,trained,threat,h_mean,1,ood_explore,50v50_K2,381,0.5252276748128352,100.0
regir_kv0_sg,1,trained,threat,h_mean,1,ood_confirm,30v30_K12,378,0.5772806721301506,100.0
regir_kv0_sg,1,trained,threat,h_mean,1,ood_confirm,30v30_K2,384,0.5265547885601601,100.0
regir_kv0_sg,1,trained,threat,h_mean,1,ood_confirm,50v50_K2,396,0.38947256762030225,100.0
regir_kv0_sg,1,trained,threat,h_mean,2,id_train,10v10_K2,363,0.5940997741220175,100.0
regir_kv0_sg,1,trained,threat,h_mean,2,id_train,10v10_K3,363,0.4762983784587541,100.0
regir_kv0_sg,1,trained,threat,h_mean,2,id_val,10v10_K2,188,-0.31340674768220644,100.0
regir_kv0_sg,1,trained,threat,h_mean,2,id_val,10v10_K3,183,0.3206766295017852,100.0
regir_kv0_sg,1,trained,threat,h_mean,2,id_test,10v10_K2,183,0.13506278231885405,100.0
regir_kv0_sg,1,trained,threat,h_mean,2,id_test,10v10_K3,176,0.4398731223646739,100.0
regir_kv0_sg,1,trained,threat,h_mean,2,ood_explore,30v30_K12,386,0.4703150112918816,100.0
regir_kv0_sg,1,trained,threat,h_mean,2,ood_explore,30v30_K2,386,0.5230176621272965,100.0
regir_kv0_sg,1,trained,threat,h_mean,2,ood_explore,50v50_K2,381,0.5078668026068756,100.0
regir_kv0_sg,1,trained,threat,h_mean,2,ood_confirm,30v30_K12,378,0.5636799125780052,100.0
regir_kv0_sg,1,trained,threat,h_mean,2,ood_confirm,30v30_K2,384,0.5142015964492989,100.0
regir_kv0_sg,1,trained,threat,h_mean,2,ood_confirm,50v50_K2,396,0.4062199996909892,100.0
regir_kv0_sg,1,trained,threat,h_mean,3,id_train,10v10_K2,363,0.5695606555252956,100.0
regir_kv0_sg,1,trained,threat,h_mean,3,id_train,10v10_K3,363,0.4581395226309979,100.0
regir_kv0_sg,1,trained,threat,h_mean,3,id_val,10v10_K2,188,-0.36873688641478086,100.0
regir_kv0_sg,1,trained,threat,h_mean,3,id_val,10v10_K3,183,0.3197055080937633,100.0
regir_kv0_sg,1,trained,threat,h_mean,3,id_test,10v10_K2,183,0.09055358427136673,100.0
regir_kv0_sg,1,trained,threat,h_mean,3,id_test,10v10_K3,176,0.42265536234297807,100.0
regir_kv0_sg,1,trained,threat,h_mean,3,ood_explore,30v30_K12,386,0.4743416576180923,100.0
regir_kv0_sg,1,trained,threat,h_mean,3,ood_explore,30v30_K2,386,0.517331647095349,100.0
regir_kv0_sg,1,trained,threat,h_mean,3,ood_explore,50v50_K2,381,0.5071875380078124,100.0
regir_kv0_sg,1,trained,threat,h_mean,3,ood_confirm,30v30_K12,378,0.525166674995819,100.0
regir_kv0_sg,1,trained,threat,h_mean,3,ood_confirm,30v30_K2,384,0.4987821444956545,100.0
regir_kv0_sg,1,trained,threat,h_mean,3,ood_confirm,50v50_K2,396,0.39604309274048033,100.0
regir_kv0_sg,1,trained,threat,h_mean,4,id_train,10v10_K2,363,0.5567198109860267,100.0
regir_kv0_sg,1,trained,threat,h_mean,4,id_train,10v10_K3,363,0.44835513126641635,100.0
regir_kv0_sg,1,trained,threat,h_mean,4,id_val,10v10_K2,188,-0.3746712844653104,100.0
regir_kv0_sg,1,trained,threat,h_mean,4,id_val,10v10_K3,183,0.3193988536704191,100.0
regir_kv0_sg,1,trained,threat,h_mean,4,id_test,10v10_K2,183,0.06791302437903379,100.0
regir_kv0_sg,1,trained,threat,h_mean,4,id_test,10v10_K3,176,0.4130500166758062,100.0
regir_kv0_sg,1,trained,threat,h_mean,4,ood_explore,30v30_K12,386,0.4646890183601221,100.0
regir_kv0_sg,1,trained,threat,h_mean,4,ood_explore,30v30_K2,386,0.5118334341361424,100.0
regir_kv0_sg,1,trained,threat,h_mean,4,ood_explore,50v50_K2,381,0.5110301113052078,100.0
regir_kv0_sg,1,trained,threat,h_mean,4,ood_confirm,30v30_K12,378,0.4906540084397225,100.0
regir_kv0_sg,1,trained,threat,h_mean,4,ood_confirm,30v30_K2,384,0.4909716512213681,100.0
regir_kv0_sg,1,trained,threat,h_mean,4,ood_confirm,50v50_K2,396,0.3798698216532369,100.0
regir_kv0_sg,1,trained,unmarked_frac,h_mean,0,id_train,10v10_K2,363,0.3927720449735982,10.0
regir_kv0_sg,1,trained,unmarked_frac,h_mean,0,id_train,10v10_K3,363,0.3789576522358009,10.0
regir_kv0_sg,1,trained,unmarked_frac,h_mean,0,id_val,10v10_K2,188,0.1633832662054474,10.0
regir_kv0_sg,1,trained,unmarked_frac,h_mean,0,id_val,10v10_K3,183,0.38979598021978357,10.0
regir_kv0_sg,1,trained,unmarked_frac,h_mean,0,id_test,10v10_K2,183,0.4166186542407949,10.0
regir_kv0_sg,1,trained,unmarked_frac,h_mean,0,id_test,10v10_K3,176,0.3520761428305852,10.0
regir_kv0_sg,1,trained,unmarked_frac,h_mean,0,ood_explore,30v30_K12,386,-0.0460285682551731,10.0
regir_kv0_sg,1,trained,unmarked_frac,h_mean,0,ood_explore,30v30_K2,386,0.036814868119895316,10.0
regir_kv0_sg,1,trained,unmarked_frac,h_mean,0,ood_explore,50v50_K2,381,0.007387470852619371,10.0
regir_kv0_sg,1,trained,unmarked_frac,h_mean,0,ood_confirm,30v30_K12,378,0.18557531146536976,10.0
regir_kv0_sg,1,trained,unmarked_frac,h_mean,0,ood_confirm,30v30_K2,384,0.23562307026294593,10.0
regir_kv0_sg,1,trained,unmarked_frac,h_mean,0,ood_confirm,50v50_K2,396,0.04251239873778445,10.0
regir_kv0_sg,1,trained,unmarked_frac,h_mean,1,id_train,10v10_K2,363,0.44535630053243425,10.0
regir_kv0_sg,1,trained,unmarked_frac,h_mean,1,id_train,10v10_K3,363,0.42779952500407137,10.0
regir_kv0_sg,1,trained,unmarked_frac,h_mean,1,id_val,10v10_K2,188,0.13172840069093705,10.0
regir_kv0_sg,1,trained,unmarked_frac,h_mean,1,id_val,10v10_K3,183,0.29617514085783303,10.0
regir_kv0_sg,1,trained,unmarked_frac,h_mean,1,id_test,10v10_K2,183,0.405879937322271,10.0
regir_kv0_sg,1,trained,unmarked_frac,h_mean,1,id_test,10v10_K3,176,0.2554049594730542,10.0
regir_kv0_sg,1,trained,unmarked_frac,h_mean,1,ood_explore,30v30_K12,386,-0.14983165081225258,10.0
regir_kv0_sg,1,trained,unmarked_frac,h_mean,1,ood_explore,30v30_K2,386,0.11055642358295004,10.0
regir_kv0_sg,1,trained,unmarked_frac,h_mean,1,ood_explore,50v50_K2,381,-0.006214017511070535,10.0
regir_kv0_sg,1,trained,unmarked_frac,h_mean,1,ood_confirm,30v30_K12,378,-0.015105333048085257,10.0
regir_kv0_sg,1,trained,unmarked_frac,h_mean,1,ood_confirm,30v30_K2,384,0.17946633110657262,10.0
regir_kv0_sg,1,trained,unmarked_frac,h_mean,1,ood_confirm,50v50_K2,396,0.08503469032849598,10.0
regir_kv0_sg,1,trained,unmarked_frac,h_mean,2,id_train,10v10_K2,363,0.4506911489217249,10.0
regir_kv0_sg,1,trained,unmarked_frac,h_mean,2,id_train,10v10_K3,363,0.42285733094077105,10.0
regir_kv0_sg,1,trained,unmarked_frac,h_mean,2,id_val,10v10_K2,188,0.1670827054303916,10.0
regir_kv0_sg,1,trained,unmarked_frac,h_mean,2,id_val,10v10_K3,183,0.35276239445461655,10.0
regir_kv0_sg,1,trained,unmarked_frac,h_mean,2,id_test,10v10_K2,183,0.3864193988805995,10.0
regir_kv0_sg,1,trained,unmarked_frac,h_mean,2,id_test,10v10_K3,176,0.2907945896236739,10.0
regir_kv0_sg,1,trained,unmarked_frac,h_mean,2,ood_explore,30v30_K12,386,-0.2189187944720774,10.0
regir_kv0_sg,1,trained,unmarked_frac,h_mean,2,ood_explore,30v30_K2,386,0.08923780186117691,10.0
regir_kv0_sg,1,trained,unmarked_frac,h_mean,2,ood_explore,50v50_K2,381,-0.0748579483632612,10.0
regir_kv0_sg,1,trained,unmarked_frac,h_mean,2,ood_confirm,30v30_K12,378,-0.05296694103563948,10.0
regir_kv0_sg,1,trained,unmarked_frac,h_mean,2,ood_confirm,30v30_K2,384,0.142534168566269,10.0
regir_kv0_sg,1,trained,unmarked_frac,h_mean,2,ood_confirm,50v50_K2,396,0.028366249623291817,10.0
regir_kv0_sg,1,trained,unmarked_frac,h_mean,3,id_train,10v10_K2,363,0.4577160211463851,10.0
regir_kv0_sg,1,trained,unmarked_frac,h_mean,3,id_train,10v10_K3,363,0.4181818829209796,10.0
regir_kv0_sg,1,trained,unmarked_frac,h_mean,3,id_val,10v10_K2,188,0.18830895948298665,10.0
regir_kv0_sg,1,trained,unmarked_frac,h_mean,3,id_val,10v10_K3,183,0.37763068533588473,10.0
regir_kv0_sg,1,trained,unmarked_frac,h_mean,3,id_test,10v10_K2,183,0.40925100423122296,10.0
regir_kv0_sg,1,trained,unmarked_frac,h_mean,3,id_test,10v10_K3,176,0.3162628570257433,10.0
regir_kv0_sg,1,trained,unmarked_frac,h_mean,3,ood_explore,30v30_K12,386,-0.26639787969741335,10.0
regir_kv0_sg,1,trained,unmarked_frac,h_mean,3,ood_explore,30v30_K2,386,0.10010103329259046,10.0
regir_kv0_sg,1,trained,unmarked_frac,h_mean,3,ood_explore,50v50_K2,381,-0.1146240487413761,10.0
regir_kv0_sg,1,trained,unmarked_frac,h_mean,3,ood_confirm,30v30_K12,378,-0.06142860506990533,10.0
regir_kv0_sg,1,trained,unmarked_frac,h_mean,3,ood_confirm,30v30_K2,384,0.16959593251293537,10.0
regir_kv0_sg,1,trained,unmarked_frac,h_mean,3,ood_confirm,50v50_K2,396,0.04268436782453744,10.0
regir_kv0_sg,1,trained,unmarked_frac,h_mean,4,id_train,10v10_K2,363,0.4578909066968896,10.0
regir_kv0_sg,1,trained,unmarked_frac,h_mean,4,id_train,10v10_K3,363,0.4218879160206276,10.0
regir_kv0_sg,1,trained,unmarked_frac,h_mean,4,id_val,10v10_K2,188,0.19031600401686044,10.0
regir_kv0_sg,1,trained,unmarked_frac,h_mean,4,id_val,10v10_K3,183,0.37244230451789984,10.0
regir_kv0_sg,1,trained,unmarked_frac,h_mean,4,id_test,10v10_K2,183,0.41912610570788844,10.0
regir_kv0_sg,1,trained,unmarked_frac,h_mean,4,id_test,10v10_K3,176,0.336446495134868,10.0
regir_kv0_sg,1,trained,unmarked_frac,h_mean,4,ood_explore,30v30_K12,386,-0.3000027851575202,10.0
regir_kv0_sg,1,trained,unmarked_frac,h_mean,4,ood_explore,30v30_K2,386,0.1028840847890431,10.0
regir_kv0_sg,1,trained,unmarked_frac,h_mean,4,ood_explore,50v50_K2,381,-0.13491904618394202,10.0
regir_kv0_sg,1,trained,unmarked_frac,h_mean,4,ood_confirm,30v30_K12,378,-0.0528720017943336,10.0
regir_kv0_sg,1,trained,unmarked_frac,h_mean,4,ood_confirm,30v30_K2,384,0.1859224094168408,10.0
regir_kv0_sg,1,trained,unmarked_frac,h_mean,4,ood_confirm,50v50_K2,396,0.05705566716934718,10.0
regir_kv0_sg,1,trained,centroid_gap,h_mean,0,id_train,10v10_K2,363,0.8912748001606647,1.0
regir_kv0_sg,1,trained,centroid_gap,h_mean,0,id_train,10v10_K3,363,0.878253944920049,1.0
regir_kv0_sg,1,trained,centroid_gap,h_mean,0,id_val,10v10_K2,188,0.9097615498885502,1.0
regir_kv0_sg,1,trained,centroid_gap,h_mean,0,id_val,10v10_K3,183,0.8555974258512848,1.0
regir_kv0_sg,1,trained,centroid_gap,h_mean,0,id_test,10v10_K2,183,0.8632471938404134,1.0
regir_kv0_sg,1,trained,centroid_gap,h_mean,0,id_test,10v10_K3,176,0.8414745314451253,1.0
regir_kv0_sg,1,trained,centroid_gap,h_mean,0,ood_explore,30v30_K12,386,0.774133927686697,1.0
regir_kv0_sg,1,trained,centroid_gap,h_mean,0,ood_explore,30v30_K2,386,0.8557278799024859,1.0
regir_kv0_sg,1,trained,centroid_gap,h_mean,0,ood_explore,50v50_K2,381,0.8120203877282073,1.0
regir_kv0_sg,1,trained,centroid_gap,h_mean,0,ood_confirm,30v30_K12,378,0.771142898728243,1.0
regir_kv0_sg,1,trained,centroid_gap,h_mean,0,ood_confirm,30v30_K2,384,0.785468184161928,1.0
regir_kv0_sg,1,trained,centroid_gap,h_mean,0,ood_confirm,50v50_K2,396,0.7401268200556492,1.0
regir_kv0_sg,1,trained,centroid_gap,h_mean,1,id_train,10v10_K2,363,0.8987205621750259,1.0
regir_kv0_sg,1,trained,centroid_gap,h_mean,1,id_train,10v10_K3,363,0.8907840383794343,1.0
regir_kv0_sg,1,trained,centroid_gap,h_mean,1,id_val,10v10_K2,188,0.8947490865307333,1.0
regir_kv0_sg,1,trained,centroid_gap,h_mean,1,id_val,10v10_K3,183,0.8415338549759878,1.0
regir_kv0_sg,1,trained,centroid_gap,h_mean,1,id_test,10v10_K2,183,0.8472351101543528,1.0
regir_kv0_sg,1,trained,centroid_gap,h_mean,1,id_test,10v10_K3,176,0.8619310046704016,1.0
regir_kv0_sg,1,trained,centroid_gap,h_mean,1,ood_explore,30v30_K12,386,0.8525416012487486,1.0
regir_kv0_sg,1,trained,centroid_gap,h_mean,1,ood_explore,30v30_K2,386,0.854320526942927,1.0
regir_kv0_sg,1,trained,centroid_gap,h_mean,1,ood_explore,50v50_K2,381,0.8280408290584808,1.0
regir_kv0_sg,1,trained,centroid_gap,h_mean,1,ood_confirm,30v30_K12,378,0.8074943880070647,1.0
regir_kv0_sg,1,trained,centroid_gap,h_mean,1,ood_confirm,30v30_K2,384,0.8259502969028046,1.0
regir_kv0_sg,1,trained,centroid_gap,h_mean,1,ood_confirm,50v50_K2,396,0.776452383381746,1.0
regir_kv0_sg,1,trained,centroid_gap,h_mean,2,id_train,10v10_K2,363,0.9024863400392209,1.0
regir_kv0_sg,1,trained,centroid_gap,h_mean,2,id_train,10v10_K3,363,0.8896260297005186,1.0
regir_kv0_sg,1,trained,centroid_gap,h_mean,2,id_val,10v10_K2,188,0.9042730176330596,1.0
regir_kv0_sg,1,trained,centroid_gap,h_mean,2,id_val,10v10_K3,183,0.8609921029027912,1.0
regir_kv0_sg,1,trained,centroid_gap,h_mean,2,id_test,10v10_K2,183,0.8393537105803793,1.0
regir_kv0_sg,1,trained,centroid_gap,h_mean,2,id_test,10v10_K3,176,0.8617151550675035,1.0
regir_kv0_sg,1,trained,centroid_gap,h_mean,2,ood_explore,30v30_K12,386,0.824441190843734,1.0
regir_kv0_sg,1,trained,centroid_gap,h_mean,2,ood_explore,30v30_K2,386,0.8501111848421377,1.0
regir_kv0_sg,1,trained,centroid_gap,h_mean,2,ood_explore,50v50_K2,381,0.8072253777836691,1.0
regir_kv0_sg,1,trained,centroid_gap,h_mean,2,ood_confirm,30v30_K12,378,0.8561709642086877,1.0
regir_kv0_sg,1,trained,centroid_gap,h_mean,2,ood_confirm,30v30_K2,384,0.7999168377482457,1.0
regir_kv0_sg,1,trained,centroid_gap,h_mean,2,ood_confirm,50v50_K2,396,0.7828550837087564,1.0
regir_kv0_sg,1,trained,centroid_gap,h_mean,3,id_train,10v10_K2,363,0.9044175746890631,1.0
regir_kv0_sg,1,trained,centroid_gap,h_mean,3,id_train,10v10_K3,363,0.9041733039406972,1.0
regir_kv0_sg,1,trained,centroid_gap,h_mean,3,id_val,10v10_K2,188,0.9050656296580022,1.0
regir_kv0_sg,1,trained,centroid_gap,h_mean,3,id_val,10v10_K3,183,0.8754699666985782,1.0
regir_kv0_sg,1,trained,centroid_gap,h_mean,3,id_test,10v10_K2,183,0.8526937814931894,1.0
regir_kv0_sg,1,trained,centroid_gap,h_mean,3,id_test,10v10_K3,176,0.8652906107252731,1.0
regir_kv0_sg,1,trained,centroid_gap,h_mean,3,ood_explore,30v30_K12,386,0.8433557958957476,1.0
regir_kv0_sg,1,trained,centroid_gap,h_mean,3,ood_explore,30v30_K2,386,0.8688954796785735,1.0
regir_kv0_sg,1,trained,centroid_gap,h_mean,3,ood_explore,50v50_K2,381,0.828375765572323,1.0
regir_kv0_sg,1,trained,centroid_gap,h_mean,3,ood_confirm,30v30_K12,378,0.8651489769771729,1.0
regir_kv0_sg,1,trained,centroid_gap,h_mean,3,ood_confirm,30v30_K2,384,0.8180558579371724,1.0
regir_kv0_sg,1,trained,centroid_gap,h_mean,3,ood_confirm,50v50_K2,396,0.8009056130813184,1.0
regir_kv0_sg,1,trained,centroid_gap,h_mean,4,id_train,10v10_K2,363,0.9036723221373597,1.0
regir_kv0_sg,1,trained,centroid_gap,h_mean,4,id_train,10v10_K3,363,0.9075701203064882,1.0
regir_kv0_sg,1,trained,centroid_gap,h_mean,4,id_val,10v10_K2,188,0.9005857510382457,1.0
regir_kv0_sg,1,trained,centroid_gap,h_mean,4,id_val,10v10_K3,183,0.8793033060269532,1.0
regir_kv0_sg,1,trained,centroid_gap,h_mean,4,id_test,10v10_K2,183,0.8576907593143253,1.0
regir_kv0_sg,1,trained,centroid_gap,h_mean,4,id_test,10v10_K3,176,0.8652835924252165,1.0
regir_kv0_sg,1,trained,centroid_gap,h_mean,4,ood_explore,30v30_K12,386,0.8582371854685068,1.0
regir_kv0_sg,1,trained,centroid_gap,h_mean,4,ood_explore,30v30_K2,386,0.8737411754035836,1.0
regir_kv0_sg,1,trained,centroid_gap,h_mean,4,ood_explore,50v50_K2,381,0.8358873206725184,1.0
regir_kv0_sg,1,trained,centroid_gap,h_mean,4,ood_confirm,30v30_K12,378,0.8718679174768528,1.0
regir_kv0_sg,1,trained,centroid_gap,h_mean,4,ood_confirm,30v30_K2,384,0.8310743479229644,1.0
regir_kv0_sg,1,trained,centroid_gap,h_mean,4,ood_confirm,50v50_K2,396,0.8071030279550762,1.0
regir_kv0_sg,1,trained,nearest_target_distance,h_mean,0,id_train,10v10_K2,363,0.843664185631479,1.0
regir_kv0_sg,1,trained,nearest_target_distance,h_mean,0,id_train,10v10_K3,363,0.8653800638544441,1.0
regir_kv0_sg,1,trained,nearest_target_distance,h_mean,0,id_val,10v10_K2,188,0.7986637782228927,1.0
regir_kv0_sg,1,trained,nearest_target_distance,h_mean,0,id_val,10v10_K3,183,0.8451985248683219,1.0
regir_kv0_sg,1,trained,nearest_target_distance,h_mean,0,id_test,10v10_K2,183,0.8468573758641298,1.0
regir_kv0_sg,1,trained,nearest_target_distance,h_mean,0,id_test,10v10_K3,176,0.811035986102189,1.0
regir_kv0_sg,1,trained,nearest_target_distance,h_mean,0,ood_explore,30v30_K12,386,0.746810306008997,1.0
regir_kv0_sg,1,trained,nearest_target_distance,h_mean,0,ood_explore,30v30_K2,386,0.8087036385258548,1.0
regir_kv0_sg,1,trained,nearest_target_distance,h_mean,0,ood_explore,50v50_K2,381,0.766639944706333,1.0
regir_kv0_sg,1,trained,nearest_target_distance,h_mean,0,ood_confirm,30v30_K12,378,0.6460805964261291,1.0
regir_kv0_sg,1,trained,nearest_target_distance,h_mean,0,ood_confirm,30v30_K2,384,0.7555890702444376,1.0
regir_kv0_sg,1,trained,nearest_target_distance,h_mean,0,ood_confirm,50v50_K2,396,0.7759555520455016,1.0
regir_kv0_sg,1,trained,nearest_target_distance,h_mean,1,id_train,10v10_K2,363,0.8957698227275093,1.0
regir_kv0_sg,1,trained,nearest_target_distance,h_mean,1,id_train,10v10_K3,363,0.9200921381545782,1.0
regir_kv0_sg,1,trained,nearest_target_distance,h_mean,1,id_val,10v10_K2,188,0.8581890982830737,1.0
regir_kv0_sg,1,trained,nearest_target_distance,h_mean,1,id_val,10v10_K3,183,0.8975420081956424,1.0
regir_kv0_sg,1,trained,nearest_target_distance,h_mean,1,id_test,10v10_K2,183,0.8945703912940156,1.0
regir_kv0_sg,1,trained,nearest_target_distance,h_mean,1,id_test,10v10_K3,176,0.8741476419828276,1.0
regir_kv0_sg,1,trained,nearest_target_distance,h_mean,1,ood_explore,30v30_K12,386,0.8421215316109942,1.0
regir_kv0_sg,1,trained,nearest_target_distance,h_mean,1,ood_explore,30v30_K2,386,0.849656098836736,1.0
regir_kv0_sg,1,trained,nearest_target_distance,h_mean,1,ood_explore,50v50_K2,381,0.8276819831221415,1.0
regir_kv0_sg,1,trained,nearest_target_distance,h_mean,1,ood_confirm,30v30_K12,378,0.7297384128752495,1.0
regir_kv0_sg,1,trained,nearest_target_distance,h_mean,1,ood_confirm,30v30_K2,384,0.8152409180362108,1.0
regir_kv0_sg,1,trained,nearest_target_distance,h_mean,1,ood_confirm,50v50_K2,396,0.8107215960092106,1.0
regir_kv0_sg,1,trained,nearest_target_distance,h_mean,2,id_train,10v10_K2,363,0.8842610666083708,1.0
regir_kv0_sg,1,trained,nearest_target_distance,h_mean,2,id_train,10v10_K3,363,0.9127577673694854,1.0
regir_kv0_sg,1,trained,nearest_target_distance,h_mean,2,id_val,10v10_K2,188,0.8412200614301806,1.0
regir_kv0_sg,1,trained,nearest_target_distance,h_mean,2,id_val,10v10_K3,183,0.8870545874042846,1.0
regir_kv0_sg,1,trained,nearest_target_distance,h_mean,2,id_test,10v10_K2,183,0.8669172182385196,1.0
regir_kv0_sg,1,trained,nearest_target_distance,h_mean,2,id_test,10v10_K3,176,0.8648421795303999,1.0
regir_kv0_sg,1,trained,nearest_target_distance,h_mean,2,ood_explore,30v30_K12,386,0.8220439028124598,1.0
regir_kv0_sg,1,trained,nearest_target_distance,h_mean,2,ood_explore,30v30_K2,386,0.8395387760018028,1.0
regir_kv0_sg,1,trained,nearest_target_distance,h_mean,2,ood_explore,50v50_K2,381,0.787647728962362,1.0
regir_kv0_sg,1,trained,nearest_target_distance,h_mean,2,ood_confirm,30v30_K12,378,0.7386781250990444,1.0
regir_kv0_sg,1,trained,nearest_target_distance,h_mean,2,ood_confirm,30v30_K2,384,0.7998822497637084,1.0
regir_kv0_sg,1,trained,nearest_target_distance,h_mean,2,ood_confirm,50v50_K2,396,0.7833017772605576,1.0
regir_kv0_sg,1,trained,nearest_target_distance,h_mean,3,id_train,10v10_K2,363,0.8749885859155456,1.0
regir_kv0_sg,1,trained,nearest_target_distance,h_mean,3,id_train,10v10_K3,363,0.9076129551602998,1.0
regir_kv0_sg,1,trained,nearest_target_distance,h_mean,3,id_val,10v10_K2,188,0.8393896965044275,1.0
regir_kv0_sg,1,trained,nearest_target_distance,h_mean,3,id_val,10v10_K3,183,0.8773137834164687,1.0
regir_kv0_sg,1,trained,nearest_target_distance,h_mean,3,id_test,10v10_K2,183,0.8546422335981059,1.0
regir_kv0_sg,1,trained,nearest_target_distance,h_mean,3,id_test,10v10_K3,176,0.8530393547586226,1.0
regir_kv0_sg,1,trained,nearest_target_distance,h_mean,3,ood_explore,30v30_K12,386,0.7925734742291295,1.0
regir_kv0_sg,1,trained,nearest_target_distance,h_mean,3,ood_explore,30v30_K2,386,0.8264901708335071,1.0
regir_kv0_sg,1,trained,nearest_target_distance,h_mean,3,ood_explore,50v50_K2,381,0.7570473526961337,1.0
regir_kv0_sg,1,trained,nearest_target_distance,h_mean,3,ood_confirm,30v30_K12,378,0.7407943076215658,1.0
regir_kv0_sg,1,trained,nearest_target_distance,h_mean,3,ood_confirm,30v30_K2,384,0.7716717803340993,1.0
regir_kv0_sg,1,trained,nearest_target_distance,h_mean,3,ood_confirm,50v50_K2,396,0.7630609000081323,1.0
regir_kv0_sg,1,trained,nearest_target_distance,h_mean,4,id_train,10v10_K2,363,0.8713774311164832,1.0
regir_kv0_sg,1,trained,nearest_target_distance,h_mean,4,id_train,10v10_K3,363,0.9068097238121762,1.0
regir_kv0_sg,1,trained,nearest_target_distance,h_mean,4,id_val,10v10_K2,188,0.8435844264440928,1.0
regir_kv0_sg,1,trained,nearest_target_distance,h_mean,4,id_val,10v10_K3,183,0.8744130438161408,1.0
regir_kv0_sg,1,trained,nearest_target_distance,h_mean,4,id_test,10v10_K2,183,0.8521340288539054,1.0
regir_kv0_sg,1,trained,nearest_target_distance,h_mean,4,id_test,10v10_K3,176,0.8487914451024295,1.0
regir_kv0_sg,1,trained,nearest_target_distance,h_mean,4,ood_explore,30v30_K12,386,0.7732801235089599,1.0
regir_kv0_sg,1,trained,nearest_target_distance,h_mean,4,ood_explore,30v30_K2,386,0.8193387879527221,1.0
regir_kv0_sg,1,trained,nearest_target_distance,h_mean,4,ood_explore,50v50_K2,381,0.7505548194085283,1.0
regir_kv0_sg,1,trained,nearest_target_distance,h_mean,4,ood_confirm,30v30_K12,378,0.7360620845164344,1.0
regir_kv0_sg,1,trained,nearest_target_distance,h_mean,4,ood_confirm,30v30_K2,384,0.7642064780285645,1.0
regir_kv0_sg,1,trained,nearest_target_distance,h_mean,4,ood_confirm,50v50_K2,396,0.7542684062514142,1.0
regir_kv0_sg,1,trained,threat,readout,0,id_train,10v10_K2,363,0.6270714382780194,0.01
regir_kv0_sg,1,trained,threat,readout,0,id_train,10v10_K3,363,0.5293541006027124,0.01
regir_kv0_sg,1,trained,threat,readout,0,id_val,10v10_K2,188,0.03889923202062984,0.01
regir_kv0_sg,1,trained,threat,readout,0,id_val,10v10_K3,183,0.3896399069264598,0.01
regir_kv0_sg,1,trained,threat,readout,0,id_test,10v10_K2,183,0.052597333298519455,0.01
regir_kv0_sg,1,trained,threat,readout,0,id_test,10v10_K3,176,0.4280804381671456,0.01
regir_kv0_sg,1,trained,threat,readout,0,ood_explore,30v30_K12,386,0.3753321595868844,0.01
regir_kv0_sg,1,trained,threat,readout,0,ood_explore,30v30_K2,386,0.5084905799597073,0.01
regir_kv0_sg,1,trained,threat,readout,0,ood_explore,50v50_K2,381,0.4687220251089904,0.01
regir_kv0_sg,1,trained,threat,readout,0,ood_confirm,30v30_K12,378,0.5361065522058425,0.01
regir_kv0_sg,1,trained,threat,readout,0,ood_confirm,30v30_K2,384,0.4589728440289783,0.01
regir_kv0_sg,1,trained,threat,readout,0,ood_confirm,50v50_K2,396,0.33037851985057787,0.01
regir_kv0_sg,1,trained,threat,readout,1,id_train,10v10_K2,363,0.609217884096447,0.01
regir_kv0_sg,1,trained,threat,readout,1,id_train,10v10_K3,363,0.5161019074510937,0.01
regir_kv0_sg,1,trained,threat,readout,1,id_val,10v10_K2,188,-0.13528400398268392,0.01
regir_kv0_sg,1,trained,threat,readout,1,id_val,10v10_K3,183,0.3921245853766171,0.01
regir_kv0_sg,1,trained,threat,readout,1,id_test,10v10_K2,183,-0.10815498655337241,0.01
regir_kv0_sg,1,trained,threat,readout,1,id_test,10v10_K3,176,0.42267074653614023,0.01
regir_kv0_sg,1,trained,threat,readout,1,ood_explore,30v30_K12,386,0.3800539859540205,0.01
regir_kv0_sg,1,trained,threat,readout,1,ood_explore,30v30_K2,386,0.3404364668234695,0.01
regir_kv0_sg,1,trained,threat,readout,1,ood_explore,50v50_K2,381,0.4312077036932698,0.01
regir_kv0_sg,1,trained,threat,readout,1,ood_confirm,30v30_K12,378,0.49902403030209586,0.01
regir_kv0_sg,1,trained,threat,readout,1,ood_confirm,30v30_K2,384,0.4307050041167808,0.01
regir_kv0_sg,1,trained,threat,readout,1,ood_confirm,50v50_K2,396,0.24043862341013367,0.01
regir_kv0_sg,1,trained,threat,readout,2,id_train,10v10_K2,363,0.5697586384239859,0.01
regir_kv0_sg,1,trained,threat,readout,2,id_train,10v10_K3,363,0.4953261063567601,0.01
regir_kv0_sg,1,trained,threat,readout,2,id_val,10v10_K2,188,-0.31435060743605114,0.01
regir_kv0_sg,1,trained,threat,readout,2,id_val,10v10_K3,183,0.372846293710831,0.01
regir_kv0_sg,1,trained,threat,readout,2,id_test,10v10_K2,183,-0.21706658672767665,0.01
regir_kv0_sg,1,trained,threat,readout,2,id_test,10v10_K3,176,0.3745713688341812,0.01
regir_kv0_sg,1,trained,threat,readout,2,ood_explore,30v30_K12,386,0.310556408194417,0.01
regir_kv0_sg,1,trained,threat,readout,2,ood_explore,30v30_K2,386,0.35632113349274297,0.01
regir_kv0_sg,1,trained,threat,readout,2,ood_explore,50v50_K2,381,0.42523174659969387,0.01
regir_kv0_sg,1,trained,threat,readout,2,ood_confirm,30v30_K12,378,0.41456587372311826,0.01
regir_kv0_sg,1,trained,threat,readout,2,ood_confirm,30v30_K2,384,0.4279660234015803,0.01
regir_kv0_sg,1,trained,threat,readout,2,ood_confirm,50v50_K2,396,0.2740917421706949,0.01
regir_kv0_sg,1,trained,threat,readout,3,id_train,10v10_K2,363,0.5639854783865932,0.01
regir_kv0_sg,1,trained,threat,readout,3,id_train,10v10_K3,363,0.4642372963541218,0.01
regir_kv0_sg,1,trained,threat,readout,3,id_val,10v10_K2,188,-0.3602752115538872,0.01
regir_kv0_sg,1,trained,threat,readout,3,id_val,10v10_K3,183,0.3227127247349415,0.01
regir_kv0_sg,1,trained,threat,readout,3,id_test,10v10_K2,183,-0.13140045013614587,0.01
regir_kv0_sg,1,trained,threat,readout,3,id_test,10v10_K3,176,0.33820685088306923,0.01
regir_kv0_sg,1,trained,threat,readout,3,ood_explore,30v30_K12,386,0.3127229136804396,0.01
regir_kv0_sg,1,trained,threat,readout,3,ood_explore,30v30_K2,386,0.3849092226338483,0.01
regir_kv0_sg,1,trained,threat,readout,3,ood_explore,50v50_K2,381,0.4226412032828958,0.01
regir_kv0_sg,1,trained,threat,readout,3,ood_confirm,30v30_K12,378,0.3893326253089475,0.01
regir_kv0_sg,1,trained,threat,readout,3,ood_confirm,30v30_K2,384,0.4505664904198725,0.01
regir_kv0_sg,1,trained,threat,readout,3,ood_confirm,50v50_K2,396,0.29353649010881033,0.01
regir_kv0_sg,1,trained,unmarked_frac,readout,0,id_train,10v10_K2,363,0.39294226334229065,0.0001
regir_kv0_sg,1,trained,unmarked_frac,readout,0,id_train,10v10_K3,363,0.42757040399425306,0.0001
regir_kv0_sg,1,trained,unmarked_frac,readout,0,id_val,10v10_K2,188,0.22076252895097304,0.0001
regir_kv0_sg,1,trained,unmarked_frac,readout,0,id_val,10v10_K3,183,0.33247710887951076,0.0001
regir_kv0_sg,1,trained,unmarked_frac,readout,0,id_test,10v10_K2,183,0.3004711392231296,0.0001
regir_kv0_sg,1,trained,unmarked_frac,readout,0,id_test,10v10_K3,176,0.22851470755796965,0.0001
regir_kv0_sg,1,trained,unmarked_frac,readout,0,ood_explore,30v30_K12,386,-0.08398489234651008,0.0001
regir_kv0_sg,1,trained,unmarked_frac,readout,0,ood_explore,30v30_K2,386,0.036794008850891124,0.0001
regir_kv0_sg,1,trained,unmarked_frac,readout,0,ood_explore,50v50_K2,381,-0.034783741816558855,0.0001
regir_kv0_sg,1,trained,unmarked_frac,readout,0,ood_confirm,30v30_K12,378,-0.006996212362691434,0.0001
regir_kv0_sg,1,trained,unmarked_frac,readout,0,ood_confirm,30v30_K2,384,-0.023144542011146907,0.0001
regir_kv0_sg,1,trained,unmarked_frac,readout,0,ood_confirm,50v50_K2,396,-0.07030716542271143,0.0001
regir_kv0_sg,1,trained,unmarked_frac,readout,1,id_train,10v10_K2,363,0.38047299988698324,0.0001
regir_kv0_sg,1,trained,unmarked_frac,readout,1,id_train,10v10_K3,363,0.3776252745698454,0.0001
regir_kv0_sg,1,trained,unmarked_frac,readout,1,id_val,10v10_K2,188,0.09807585244918215,0.0001
regir_kv0_sg,1,trained,unmarked_frac,readout,1,id_val,10v10_K3,183,0.32170004730608115,0.0001
regir_kv0_sg,1,trained,unmarked_frac,readout,1,id_test,10v10_K2,183,0.264814627717732,0.0001
regir_kv0_sg,1,trained,unmarked_frac,readout,1,id_test,10v10_K3,176,0.19593263435241837,0.0001
regir_kv0_sg,1,trained,unmarked_frac,readout,1,ood_explore,30v30_K12,386,-0.25151518405063755,0.0001
regir_kv0_sg,1,trained,unmarked_frac,readout,1,ood_explore,30v30_K2,386,-0.0831742085497722,0.0001
regir_kv0_sg,1,trained,unmarked_frac,readout,1,ood_explore,50v50_K2,381,-0.2557698586976611,0.0001
regir_kv0_sg,1,trained,unmarked_frac,readout,1,ood_confirm,30v30_K12,378,-0.06215433842953022,0.0001
regir_kv0_sg,1,trained,unmarked_frac,readout,1,ood_confirm,30v30_K2,384,-0.15528962035334493,0.0001
regir_kv0_sg,1,trained,unmarked_frac,readout,1,ood_confirm,50v50_K2,396,-0.26410135829695913,0.0001
regir_kv0_sg,1,trained,unmarked_frac,readout,2,id_train,10v10_K2,363,0.35270263408439073,0.0001
regir_kv0_sg,1,trained,unmarked_frac,readout,2,id_train,10v10_K3,363,0.35669094629204645,0.0001
regir_kv0_sg,1,trained,unmarked_frac,readout,2,id_val,10v10_K2,188,0.07924112000128591,0.0001
regir_kv0_sg,1,trained,unmarked_frac,readout,2,id_val,10v10_K3,183,0.29350351177330913,0.0001
regir_kv0_sg,1,trained,unmarked_frac,readout,2,id_test,10v10_K2,183,0.2283276768267063,0.0001
regir_kv0_sg,1,trained,unmarked_frac,readout,2,id_test,10v10_K3,176,0.15298391105787768,0.0001
regir_kv0_sg,1,trained,unmarked_frac,readout,2,ood_explore,30v30_K12,386,-0.2196779226045491,0.0001
regir_kv0_sg,1,trained,unmarked_frac,readout,2,ood_explore,30v30_K2,386,-0.13610554253563056,0.0001
regir_kv0_sg,1,trained,unmarked_frac,readout,2,ood_explore,50v50_K2,381,-0.3084340685522533,0.0001
regir_kv0_sg,1,trained,unmarked_frac,readout,2,ood_confirm,30v30_K12,378,-0.01287969438359804,0.0001
regir_kv0_sg,1,trained,unmarked_frac,readout,2,ood_confirm,30v30_K2,384,-0.11707603266312594,0.0001
regir_kv0_sg,1,trained,unmarked_frac,readout,2,ood_confirm,50v50_K2,396,-0.29320329485586516,0.0001
regir_kv0_sg,1,trained,unmarked_frac,readout,3,id_train,10v10_K2,363,0.34638478207243384,0.0001
regir_kv0_sg,1,trained,unmarked_frac,readout,3,id_train,10v10_K3,363,0.363018870008203,0.0001
regir_kv0_sg,1,trained,unmarked_frac,readout,3,id_val,10v10_K2,188,0.07581313308889526,0.0001
regir_kv0_sg,1,trained,unmarked_frac,readout,3,id_val,10v10_K3,183,0.2825541191443125,0.0001
regir_kv0_sg,1,trained,unmarked_frac,readout,3,id_test,10v10_K2,183,0.24127525007219852,0.0001
regir_kv0_sg,1,trained,unmarked_frac,readout,3,id_test,10v10_K3,176,0.16768283142577833,0.0001
regir_kv0_sg,1,trained,unmarked_frac,readout,3,ood_explore,30v30_K12,386,-0.20155980967516185,0.0001
regir_kv0_sg,1,trained,unmarked_frac,readout,3,ood_explore,30v30_K2,386,-0.13140810276258552,0.0001
regir_kv0_sg,1,trained,unmarked_frac,readout,3,ood_explore,50v50_K2,381,-0.29389144822377533,0.0001
regir_kv0_sg,1,trained,unmarked_frac,readout,3,ood_confirm,30v30_K12,378,0.0005599731976946298,0.0001
regir_kv0_sg,1,trained,unmarked_frac,readout,3,ood_confirm,30v30_K2,384,-0.07824874319421138,0.0001
regir_kv0_sg,1,trained,unmarked_frac,readout,3,ood_confirm,50v50_K2,396,-0.30097193969498837,0.0001
regir_kv0_sg,1,trained,centroid_gap,readout,0,id_train,10v10_K2,363,0.8235771900705984,0.1
regir_kv0_sg,1,trained,centroid_gap,readout,0,id_train,10v10_K3,363,0.8321200440420778,0.1
regir_kv0_sg,1,trained,centroid_gap,readout,0,id_val,10v10_K2,188,0.8441500345735915,0.1
regir_kv0_sg,1,trained,centroid_gap,readout,0,id_val,10v10_K3,183,0.8207964628417108,0.1
regir_kv0_sg,1,trained,centroid_gap,readout,0,id_test,10v10_K2,183,0.7624306135322165,0.1
regir_kv0_sg,1,trained,centroid_gap,readout,0,id_test,10v10_K3,176,0.8067783402945792,0.1
regir_kv0_sg,1,trained,centroid_gap,readout,0,ood_explore,30v30_K12,386,0.7456115864219173,0.1
regir_kv0_sg,1,trained,centroid_gap,readout,0,ood_explore,30v30_K2,386,0.7741130958177118,0.1
regir_kv0_sg,1,trained,centroid_gap,readout,0,ood_explore,50v50_K2,381,0.7731058960482318,0.1
regir_kv0_sg,1,trained,centroid_gap,readout,0,ood_confirm,30v30_K12,378,0.728317495316512,0.1
regir_kv0_sg,1,trained,centroid_gap,readout,0,ood_confirm,30v30_K2,384,0.7816084883937015,0.1
regir_kv0_sg,1,trained,centroid_gap,readout,0,ood_confirm,50v50_K2,396,0.7158891450488551,0.1
regir_kv0_sg,1,trained,centroid_gap,readout,1,id_train,10v10_K2,363,0.7853769861348783,0.1
regir_kv0_sg,1,trained,centroid_gap,readout,1,id_train,10v10_K3,363,0.8137586384742606,0.1
regir_kv0_sg,1,trained,centroid_gap,readout,1,id_val,10v10_K2,188,0.7893432792866344,0.1
regir_kv0_sg,1,trained,centroid_gap,readout,1,id_val,10v10_K3,183,0.7486233933529427,0.1
regir_kv0_sg,1,trained,centroid_gap,readout,1,id_test,10v10_K2,183,0.7348255937251353,0.1
regir_kv0_sg,1,trained,centroid_gap,readout,1,id_test,10v10_K3,176,0.763762228360174,0.1
regir_kv0_sg,1,trained,centroid_gap,readout,1,ood_explore,30v30_K12,386,0.6512624668498475,0.1
regir_kv0_sg,1,trained,centroid_gap,readout,1,ood_explore,30v30_K2,386,0.718556524607892,0.1
regir_kv0_sg,1,trained,centroid_gap,readout,1,ood_explore,50v50_K2,381,0.699905447594885,0.1
regir_kv0_sg,1,trained,centroid_gap,readout,1,ood_confirm,30v30_K12,378,0.6596973829764228,0.1
regir_kv0_sg,1,trained,centroid_gap,readout,1,ood_confirm,30v30_K2,384,0.6911035001280792,0.1
regir_kv0_sg,1,trained,centroid_gap,readout,1,ood_confirm,50v50_K2,396,0.6014312538786052,0.1
regir_kv0_sg,1,trained,centroid_gap,readout,2,id_train,10v10_K2,363,0.7635228455632872,0.1
regir_kv0_sg,1,trained,centroid_gap,readout,2,id_train,10v10_K3,363,0.8053855871244666,0.1
regir_kv0_sg,1,trained,centroid_gap,readout,2,id_val,10v10_K2,188,0.7663338923185627,0.1
regir_kv0_sg,1,trained,centroid_gap,readout,2,id_val,10v10_K3,183,0.7204821244089268,0.1
regir_kv0_sg,1,trained,centroid_gap,readout,2,id_test,10v10_K2,183,0.7549706949530591,0.1
regir_kv0_sg,1,trained,centroid_gap,readout,2,id_test,10v10_K3,176,0.7387399287899614,0.1
regir_kv0_sg,1,trained,centroid_gap,readout,2,ood_explore,30v30_K12,386,0.6330031621772952,0.1
regir_kv0_sg,1,trained,centroid_gap,readout,2,ood_explore,30v30_K2,386,0.676753420198235,0.1
regir_kv0_sg,1,trained,centroid_gap,readout,2,ood_explore,50v50_K2,381,0.6473054176709605,0.1
regir_kv0_sg,1,trained,centroid_gap,readout,2,ood_confirm,30v30_K12,378,0.6712098010439163,0.1
regir_kv0_sg,1,trained,centroid_gap,readout,2,ood_confirm,30v30_K2,384,0.6156285439545417,0.1
regir_kv0_sg,1,trained,centroid_gap,readout,2,ood_confirm,50v50_K2,396,0.5390625448424327,0.1
regir_kv0_sg,1,trained,centroid_gap,readout,3,id_train,10v10_K2,363,0.7530926349530391,0.1
regir_kv0_sg,1,trained,centroid_gap,readout,3,id_train,10v10_K3,363,0.7931399934979698,0.1
regir_kv0_sg,1,trained,centroid_gap,readout,3,id_val,10v10_K2,188,0.76488188965763,0.1
regir_kv0_sg,1,trained,centroid_gap,readout,3,id_val,10v10_K3,183,0.7340670381093057,0.1
regir_kv0_sg,1,trained,centroid_gap,readout,3,id_test,10v10_K2,183,0.7581104128311076,0.1
regir_kv0_sg,1,trained,centroid_gap,readout,3,id_test,10v10_K3,176,0.7271266214473637,0.1
regir_kv0_sg,1,trained,centroid_gap,readout,3,ood_explore,30v30_K12,386,0.6324137550412916,0.1
regir_kv0_sg,1,trained,centroid_gap,readout,3,ood_explore,30v30_K2,386,0.6624987171534162,0.1
regir_kv0_sg,1,trained,centroid_gap,readout,3,ood_explore,50v50_K2,381,0.6025055326706235,0.1
regir_kv0_sg,1,trained,centroid_gap,readout,3,ood_confirm,30v30_K12,378,0.6816678260962452,0.1
regir_kv0_sg,1,trained,centroid_gap,readout,3,ood_confirm,30v30_K2,384,0.5899277731627127,0.1
regir_kv0_sg,1,trained,centroid_gap,readout,3,ood_confirm,50v50_K2,396,0.5074259485259968,0.1
regir_kv0_sg,1,trained,nearest_target_distance,readout,0,id_train,10v10_K2,363,0.7786746260120998,0.0001
regir_kv0_sg,1,trained,nearest_target_distance,readout,0,id_train,10v10_K3,363,0.7755809048465653,0.0001
regir_kv0_sg,1,trained,nearest_target_distance,readout,0,id_val,10v10_K2,188,0.7368436893889918,0.0001
regir_kv0_sg,1,trained,nearest_target_distance,readout,0,id_val,10v10_K3,183,0.7974046478476549,0.0001
regir_kv0_sg,1,trained,nearest_target_distance,readout,0,id_test,10v10_K2,183,0.7488375299070966,0.0001
regir_kv0_sg,1,trained,nearest_target_distance,readout,0,id_test,10v10_K3,176,0.7362576852287182,0.0001
regir_kv0_sg,1,trained,nearest_target_distance,readout,0,ood_explore,30v30_K12,386,0.822236758305221,0.0001
regir_kv0_sg,1,trained,nearest_target_distance,readout,0,ood_explore,30v30_K2,386,0.688850808353203,0.0001
regir_kv0_sg,1,trained,nearest_target_distance,readout,0,ood_explore,50v50_K2,381,0.6835018531186945,0.0001
regir_kv0_sg,1,trained,nearest_target_distance,readout,0,ood_confirm,30v30_K12,378,0.7787465993730751,0.0001
regir_kv0_sg,1,trained,nearest_target_distance,readout,0,ood_confirm,30v30_K2,384,0.6608685406821776,0.0001
regir_kv0_sg,1,trained,nearest_target_distance,readout,0,ood_confirm,50v50_K2,396,0.6613513841712823,0.0001
regir_kv0_sg,1,trained,nearest_target_distance,readout,1,id_train,10v10_K2,363,0.7894306249980279,0.0001
regir_kv0_sg,1,trained,nearest_target_distance,readout,1,id_train,10v10_K3,363,0.8041720557304306,0.0001
regir_kv0_sg,1,trained,nearest_target_distance,readout,1,id_val,10v10_K2,188,0.7487558863401361,0.0001
regir_kv0_sg,1,trained,nearest_target_distance,readout,1,id_val,10v10_K3,183,0.773126462940238,0.0001
regir_kv0_sg,1,trained,nearest_target_distance,readout,1,id_test,10v10_K2,183,0.6860633476280471,0.0001
regir_kv0_sg,1,trained,nearest_target_distance,readout,1,id_test,10v10_K3,176,0.7153941355162138,0.0001
regir_kv0_sg,1,trained,nearest_target_distance,readout,1,ood_explore,30v30_K12,386,0.7923833716373593,0.0001
regir_kv0_sg,1,trained,nearest_target_distance,readout,1,ood_explore,30v30_K2,386,0.6970507082346526,0.0001
regir_kv0_sg,1,trained,nearest_target_distance,readout,1,ood_explore,50v50_K2,381,0.6476318353935178,0.0001
regir_kv0_sg,1,trained,nearest_target_distance,readout,1,ood_confirm,30v30_K12,378,0.7200458827592908,0.0001
regir_kv0_sg,1,trained,nearest_target_distance,readout,1,ood_confirm,30v30_K2,384,0.6547689584892005,0.0001
regir_kv0_sg,1,trained,nearest_target_distance,readout,1,ood_confirm,50v50_K2,396,0.6508862581238841,0.0001
regir_kv0_sg,1,trained,nearest_target_distance,readout,2,id_train,10v10_K2,363,0.7785032892504048,0.0001
regir_kv0_sg,1,trained,nearest_target_distance,readout,2,id_train,10v10_K3,363,0.8200131225149654,0.0001
regir_kv0_sg,1,trained,nearest_target_distance,readout,2,id_val,10v10_K2,188,0.7249808648747997,0.0001
regir_kv0_sg,1,trained,nearest_target_distance,readout,2,id_val,10v10_K3,183,0.7771570809683693,0.0001
regir_kv0_sg,1,trained,nearest_target_distance,readout,2,id_test,10v10_K2,183,0.6931532555121869,0.0001
regir_kv0_sg,1,trained,nearest_target_distance,readout,2,id_test,10v10_K3,176,0.7167066392333028,0.0001
regir_kv0_sg,1,trained,nearest_target_distance,readout,2,ood_explore,30v30_K12,386,0.7434452548548921,0.0001
regir_kv0_sg,1,trained,nearest_target_distance,readout,2,ood_explore,30v30_K2,386,0.6643876816234463,0.0001
regir_kv0_sg,1,trained,nearest_target_distance,readout,2,ood_explore,50v50_K2,381,0.6274372217728424,0.0001
regir_kv0_sg,1,trained,nearest_target_distance,readout,2,ood_confirm,30v30_K12,378,0.7076333970733105,0.0001
regir_kv0_sg,1,trained,nearest_target_distance,readout,2,ood_confirm,30v30_K2,384,0.6427220311566588,0.0001
regir_kv0_sg,1,trained,nearest_target_distance,readout,2,ood_confirm,50v50_K2,396,0.6401510079505734,0.0001
regir_kv0_sg,1,trained,nearest_target_distance,readout,3,id_train,10v10_K2,363,0.7740103959385185,0.0001
regir_kv0_sg,1,trained,nearest_target_distance,readout,3,id_train,10v10_K3,363,0.8157444570982009,0.0001
regir_kv0_sg,1,trained,nearest_target_distance,readout,3,id_val,10v10_K2,188,0.7093044876970371,0.0001
regir_kv0_sg,1,trained,nearest_target_distance,readout,3,id_val,10v10_K3,183,0.7819808960757603,0.0001
regir_kv0_sg,1,trained,nearest_target_distance,readout,3,id_test,10v10_K2,183,0.6767832520224032,0.0001
regir_kv0_sg,1,trained,nearest_target_distance,readout,3,id_test,10v10_K3,176,0.7219277211224784,0.0001
regir_kv0_sg,1,trained,nearest_target_distance,readout,3,ood_explore,30v30_K12,386,0.7377126269503066,0.0001
regir_kv0_sg,1,trained,nearest_target_distance,readout,3,ood_explore,30v30_K2,386,0.6587100291769684,0.0001
regir_kv0_sg,1,trained,nearest_target_distance,readout,3,ood_explore,50v50_K2,381,0.6198636831163673,0.0001
regir_kv0_sg,1,trained,nearest_target_distance,readout,3,ood_confirm,30v30_K12,378,0.7090880772104887,0.0001
regir_kv0_sg,1,trained,nearest_target_distance,readout,3,ood_confirm,30v30_K2,384,0.6545204727728893,0.0001
regir_kv0_sg,1,trained,nearest_target_distance,readout,3,ood_confirm,50v50_K2,396,0.6431208944940343,0.0001
regir_kv0_sg,1,random_init,threat,h_mean,0,id_train,10v10_K2,363,0.48473641110843324,100.0
regir_kv0_sg,1,random_init,threat,h_mean,0,id_train,10v10_K3,363,0.4657112744246661,100.0
regir_kv0_sg,1,random_init,threat,h_mean,0,id_val,10v10_K2,188,-0.3004921928077615,100.0
regir_kv0_sg,1,random_init,threat,h_mean,0,id_val,10v10_K3,183,0.287695709699755,100.0
regir_kv0_sg,1,random_init,threat,h_mean,0,id_test,10v10_K2,183,0.16728415383259798,100.0
regir_kv0_sg,1,random_init,threat,h_mean,0,id_test,10v10_K3,176,0.1722417306419567,100.0
regir_kv0_sg,1,random_init,threat,h_mean,0,ood_explore,30v30_K12,386,0.09273667310593992,100.0
regir_kv0_sg,1,random_init,threat,h_mean,0,ood_explore,30v30_K2,386,0.3326308187363567,100.0
regir_kv0_sg,1,random_init,threat,h_mean,0,ood_explore,50v50_K2,381,0.2334175075489382,100.0
regir_kv0_sg,1,random_init,threat,h_mean,0,ood_confirm,30v30_K12,378,0.284725229699491,100.0
regir_kv0_sg,1,random_init,threat,h_mean,0,ood_confirm,30v30_K2,384,0.23605436391182832,100.0
regir_kv0_sg,1,random_init,threat,h_mean,0,ood_confirm,50v50_K2,396,-0.06307470102886414,100.0
regir_kv0_sg,1,random_init,threat,h_mean,1,id_train,10v10_K2,363,0.5060100645659922,100.0
regir_kv0_sg,1,random_init,threat,h_mean,1,id_train,10v10_K3,363,0.4558306113421615,100.0
regir_kv0_sg,1,random_init,threat,h_mean,1,id_val,10v10_K2,188,-0.4420054365006152,100.0
regir_kv0_sg,1,random_init,threat,h_mean,1,id_val,10v10_K3,183,0.26309764175299366,100.0
regir_kv0_sg,1,random_init,threat,h_mean,1,id_test,10v10_K2,183,0.1104765392581728,100.0
regir_kv0_sg,1,random_init,threat,h_mean,1,id_test,10v10_K3,176,0.1637956418305987,100.0
regir_kv0_sg,1,random_init,threat,h_mean,1,ood_explore,30v30_K12,386,0.12471344171794219,100.0
regir_kv0_sg,1,random_init,threat,h_mean,1,ood_explore,30v30_K2,386,0.3561284784247234,100.0
regir_kv0_sg,1,random_init,threat,h_mean,1,ood_explore,50v50_K2,381,0.34457651053038507,100.0
regir_kv0_sg,1,random_init,threat,h_mean,1,ood_confirm,30v30_K12,378,0.3247467195588468,100.0
regir_kv0_sg,1,random_init,threat,h_mean,1,ood_confirm,30v30_K2,384,0.28833209165409834,100.0
regir_kv0_sg,1,random_init,threat,h_mean,1,ood_confirm,50v50_K2,396,0.04045203665325148,100.0
regir_kv0_sg,1,random_init,threat,h_mean,2,id_train,10v10_K2,363,0.4903748458901308,100.0
regir_kv0_sg,1,random_init,threat,h_mean,2,id_train,10v10_K3,363,0.45599165132162034,100.0
regir_kv0_sg,1,random_init,threat,h_mean,2,id_val,10v10_K2,188,-0.41442455601878003,100.0
regir_kv0_sg,1,random_init,threat,h_mean,2,id_val,10v10_K3,183,0.23603850072549826,100.0
regir_kv0_sg,1,random_init,threat,h_mean,2,id_test,10v10_K2,183,0.15658322581423423,100.0
regir_kv0_sg,1,random_init,threat,h_mean,2,id_test,10v10_K3,176,0.13270381241589324,100.0
regir_kv0_sg,1,random_init,threat,h_mean,2,ood_explore,30v30_K12,386,0.09140118578762768,100.0
regir_kv0_sg,1,random_init,threat,h_mean,2,ood_explore,30v30_K2,386,0.35442714498499217,100.0
regir_kv0_sg,1,random_init,threat,h_mean,2,ood_explore,50v50_K2,381,0.3602000844360973,100.0
regir_kv0_sg,1,random_init,threat,h_mean,2,ood_confirm,30v30_K12,378,0.2997673167583762,100.0
regir_kv0_sg,1,random_init,threat,h_mean,2,ood_confirm,30v30_K2,384,0.2946719043395978,100.0
regir_kv0_sg,1,random_init,threat,h_mean,2,ood_confirm,50v50_K2,396,0.05237417909803921,100.0
regir_kv0_sg,1,random_init,threat,h_mean,3,id_train,10v10_K2,363,0.48191755056018026,100.0
regir_kv0_sg,1,random_init,threat,h_mean,3,id_train,10v10_K3,363,0.4544763766065225,100.0
regir_kv0_sg,1,random_init,threat,h_mean,3,id_val,10v10_K2,188,-0.3886137041900253,100.0
regir_kv0_sg,1,random_init,threat,h_mean,3,id_val,10v10_K3,183,0.24027550310278123,100.0
regir_kv0_sg,1,random_init,threat,h_mean,3,id_test,10v10_K2,183,0.17150291141629403,100.0
regir_kv0_sg,1,random_init,threat,h_mean,3,id_test,10v10_K3,176,0.14912082078716693,100.0
regir_kv0_sg,1,random_init,threat,h_mean,3,ood_explore,30v30_K12,386,0.06432072719687487,100.0
regir_kv0_sg,1,random_init,threat,h_mean,3,ood_explore,30v30_K2,386,0.3693948348742693,100.0
regir_kv0_sg,1,random_init,threat,h_mean,3,ood_explore,50v50_K2,381,0.3820082948382072,100.0
regir_kv0_sg,1,random_init,threat,h_mean,3,ood_confirm,30v30_K12,378,0.28268853649955417,100.0
regir_kv0_sg,1,random_init,threat,h_mean,3,ood_confirm,30v30_K2,384,0.3179126708481792,100.0
regir_kv0_sg,1,random_init,threat,h_mean,3,ood_confirm,50v50_K2,396,0.0766548871682815,100.0
regir_kv0_sg,1,random_init,threat,h_mean,4,id_train,10v10_K2,363,0.4736589068273994,100.0
regir_kv0_sg,1,random_init,threat,h_mean,4,id_train,10v10_K3,363,0.44544606076201354,100.0
regir_kv0_sg,1,random_init,threat,h_mean,4,id_val,10v10_K2,188,-0.3977825191972171,100.0
regir_kv0_sg,1,random_init,threat,h_mean,4,id_val,10v10_K3,183,0.24400030463467104,100.0
regir_kv0_sg,1,random_init,threat,h_mean,4,id_test,10v10_K2,183,0.17028674974762825,100.0
regir_kv0_sg,1,random_init,threat,h_mean,4,id_test,10v10_K3,176,0.1476526906051866,100.0
regir_kv0_sg,1,random_init,threat,h_mean,4,ood_explore,30v30_K12,386,0.06937925122927402,100.0
regir_kv0_sg,1,random_init,threat,h_mean,4,ood_explore,30v30_K2,386,0.38083458557623695,100.0
regir_kv0_sg,1,random_init,threat,h_mean,4,ood_explore,50v50_K2,381,0.3877565121292761,100.0
regir_kv0_sg,1,random_init,threat,h_mean,4,ood_confirm,30v30_K12,378,0.2882120572326421,100.0
regir_kv0_sg,1,random_init,threat,h_mean,4,ood_confirm,30v30_K2,384,0.33248367280429036,100.0
regir_kv0_sg,1,random_init,threat,h_mean,4,ood_confirm,50v50_K2,396,0.09672773470953688,100.0
regir_kv0_sg,1,random_init,unmarked_frac,h_mean,0,id_train,10v10_K2,363,0.45886471533898,10.0
regir_kv0_sg,1,random_init,unmarked_frac,h_mean,0,id_train,10v10_K3,363,0.408848658367318,10.0
regir_kv0_sg,1,random_init,unmarked_frac,h_mean,0,id_val,10v10_K2,188,0.09490347923199782,10.0
regir_kv0_sg,1,random_init,unmarked_frac,h_mean,0,id_val,10v10_K3,183,0.44344748292693714,10.0
regir_kv0_sg,1,random_init,unmarked_frac,h_mean,0,id_test,10v10_K2,183,0.3404562238798233,10.0
regir_kv0_sg,1,random_init,unmarked_frac,h_mean,0,id_test,10v10_K3,176,0.36023559227742785,10.0
regir_kv0_sg,1,random_init,unmarked_frac,h_mean,0,ood_explore,30v30_K12,386,0.054108001868416356,10.0
regir_kv0_sg,1,random_init,unmarked_frac,h_mean,0,ood_explore,30v30_K2,386,0.05678543797471547,10.0
regir_kv0_sg,1,random_init,unmarked_frac,h_mean,0,ood_explore,50v50_K2,381,-0.0845757831189895,10.0
regir_kv0_sg,1,random_init,unmarked_frac,h_mean,0,ood_confirm,30v30_K12,378,0.26256315005510966,10.0
regir_kv0_sg,1,random_init,unmarked_frac,h_mean,0,ood_confirm,30v30_K2,384,0.17985527173089877,10.0
regir_kv0_sg,1,random_init,unmarked_frac,h_mean,0,ood_confirm,50v50_K2,396,0.04195354177124844,10.0
regir_kv0_sg,1,random_init,unmarked_frac,h_mean,1,id_train,10v10_K2,363,0.43010784211530495,10.0
regir_kv0_sg,1,random_init,unmarked_frac,h_mean,1,id_train,10v10_K3,363,0.3872146883348466,10.0
regir_kv0_sg,1,random_init,unmarked_frac,h_mean,1,id_val,10v10_K2,188,0.09359521096143919,10.0
regir_kv0_sg,1,random_init,unmarked_frac,h_mean,1,id_val,10v10_K3,183,0.4656264015475504,10.0
regir_kv0_sg,1,random_init,unmarked_frac,h_mean,1,id_test,10v10_K2,183,0.3232037803871044,10.0
regir_kv0_sg,1,random_init,unmarked_frac,h_mean,1,id_test,10v10_K3,176,0.2843489320299498,10.0
regir_kv0_sg,1,random_init,unmarked_frac,h_mean,1,ood_explore,30v30_K12,386,0.13227668290921046,10.0
regir_kv0_sg,1,random_init,unmarked_frac,h_mean,1,ood_explore,30v30_K2,386,0.008511840228504708,10.0
regir_kv0_sg,1,random_init,unmarked_frac,h_mean,1,ood_explore,50v50_K2,381,-0.15831473421852627,10.0
regir_kv0_sg,1,random_init,unmarked_frac,h_mean,1,ood_confirm,30v30_K12,378,0.2569247154614114,10.0
regir_kv0_sg,1,random_init,unmarked_frac,h_mean,1,ood_confirm,30v30_K2,384,0.12190836089752866,10.0
regir_kv0_sg,1,random_init,unmarked_frac,h_mean,1,ood_confirm,50v50_K2,396,0.00184917817779795,10.0
regir_kv0_sg,1,random_init,unmarked_frac,h_mean,2,id_train,10v10_K2,363,0.4049765634077025,10.0
regir_kv0_sg,1,random_init,unmarked_frac,h_mean,2,id_train,10v10_K3,363,0.387415161297191,10.0
regir_kv0_sg,1,random_init,unmarked_frac,h_mean,2,id_val,10v10_K2,188,0.1374838819270251,10.0
regir_kv0_sg,1,random_init,unmarked_frac,h_mean,2,id_val,10v10_K3,183,0.4555448228560067,10.0
regir_kv0_sg,1,random_init,unmarked_frac,h_mean,2,id_test,10v10_K2,183,0.315581769980959,10.0
regir_kv0_sg,1,random_init,unmarked_frac,h_mean,2,id_test,10v10_K3,176,0.2906480528407136,10.0
regir_kv0_sg,1,random_init,unmarked_frac,h_mean,2,ood_explore,30v30_K12,386,0.08331015135262798,10.0
regir_kv0_sg,1,random_init,unmarked_frac,h_mean,2,ood_explore,30v30_K2,386,0.03664641675604041,10.0
regir_kv0_sg,1,random_init,unmarked_frac,h_mean,2,ood_explore,50v50_K2,381,-0.14234418572648178,10.0
regir_kv0_sg,1,random_init,unmarked_frac,h_mean,2,ood_confirm,30v30_K12,378,0.2388092004381085,10.0
regir_kv0_sg,1,random_init,unmarked_frac,h_mean,2,ood_confirm,30v30_K2,384,0.13323628841755308,10.0
regir_kv0_sg,1,random_init,unmarked_frac,h_mean,2,ood_confirm,50v50_K2,396,0.024834567370241922,10.0
regir_kv0_sg,1,random_init,unmarked_frac,h_mean,3,id_train,10v10_K2,363,0.3938447627890328,10.0
regir_kv0_sg,1,random_init,unmarked_frac,h_mean,3,id_train,10v10_K3,363,0.3806968947633025,10.0
regir_kv0_sg,1,random_init,unmarked_frac,h_mean,3,id_val,10v10_K2,188,0.16812128315567976,10.0
regir_kv0_sg,1,random_init,unmarked_frac,h_mean,3,id_val,10v10_K3,183,0.4287332898622309,10.0
regir_kv0_sg,1,random_init,unmarked_frac,h_mean,3,id_test,10v10_K2,183,0.3089841937700495,10.0
regir_kv0_sg,1,random_init,unmarked_frac,h_mean,3,id_test,10v10_K3,176,0.2811029681303705,10.0
regir_kv0_sg,1,random_init,unmarked_frac,h_mean,3,ood_explore,30v30_K12,386,0.05112143327177132,10.0
regir_kv0_sg,1,random_init,unmarked_frac,h_mean,3,ood_explore,30v30_K2,386,0.035690029475316964,10.0
regir_kv0_sg,1,random_init,unmarked_frac,h_mean,3,ood_explore,50v50_K2,381,-0.19617619750949844,10.0
regir_kv0_sg,1,random_init,unmarked_frac,h_mean,3,ood_confirm,30v30_K12,378,0.23030981751018376,10.0
regir_kv0_sg,1,random_init,unmarked_frac,h_mean,3,ood_confirm,30v30_K2,384,0.12060258155412529,10.0
regir_kv0_sg,1,random_init,unmarked_frac,h_mean,3,ood_confirm,50v50_K2,396,-0.004865481990916409,10.0
regir_kv0_sg,1,random_init,unmarked_frac,h_mean,4,id_train,10v10_K2,363,0.39189124150015053,10.0
regir_kv0_sg,1,random_init,unmarked_frac,h_mean,4,id_train,10v10_K3,363,0.37622183629084716,10.0
regir_kv0_sg,1,random_init,unmarked_frac,h_mean,4,id_val,10v10_K2,188,0.17383432388125097,10.0
regir_kv0_sg,1,random_init,unmarked_frac,h_mean,4,id_val,10v10_K3,183,0.41876436529065797,10.0
regir_kv0_sg,1,random_init,unmarked_frac,h_mean,4,id_test,10v10_K2,183,0.30796785523631875,10.0
regir_kv0_sg,1,random_init,unmarked_frac,h_mean,4,id_test,10v10_K3,176,0.2678251512216885,10.0
regir_kv0_sg,1,random_init,unmarked_frac,h_mean,4,ood_explore,30v30_K12,386,0.03367208996961901,10.0
regir_kv0_sg,1,random_init,unmarked_frac,h_mean,4,ood_explore,30v30_K2,386,0.015932377654915952,10.0
regir_kv0_sg,1,random_init,unmarked_frac,h_mean,4,ood_explore,50v50_K2,381,-0.2477454707317024,10.0
regir_kv0_sg,1,random_init,unmarked_frac,h_mean,4,ood_confirm,30v30_K12,378,0.23185857231353735,10.0
regir_kv0_sg,1,random_init,unmarked_frac,h_mean,4,ood_confirm,30v30_K2,384,0.0931646711564389,10.0
regir_kv0_sg,1,random_init,unmarked_frac,h_mean,4,ood_confirm,50v50_K2,396,-0.052074180374954926,10.0
regir_kv0_sg,1,random_init,centroid_gap,h_mean,0,id_train,10v10_K2,363,0.8753640621460832,0.1
regir_kv0_sg,1,random_init,centroid_gap,h_mean,0,id_train,10v10_K3,363,0.8684837799300374,0.1
regir_kv0_sg,1,random_init,centroid_gap,h_mean,0,id_val,10v10_K2,188,0.8797708658596649,0.1
regir_kv0_sg,1,random_init,centroid_gap,h_mean,0,id_val,10v10_K3,183,0.8045483330807695,0.1
regir_kv0_sg,1,random_init,centroid_gap,h_mean,0,id_test,10v10_K2,183,0.8267437879899082,0.1
regir_kv0_sg,1,random_init,centroid_gap,h_mean,0,id_test,10v10_K3,176,0.8086778853603309,0.1
regir_kv0_sg,1,random_init,centroid_gap,h_mean,0,ood_explore,30v30_K12,386,0.7386556485924448,0.1
regir_kv0_sg,1,random_init,centroid_gap,h_mean,0,ood_explore,30v30_K2,386,0.810875885626357,0.1
regir_kv0_sg,1,random_init,centroid_gap,h_mean,0,ood_explore,50v50_K2,381,0.792713721661626,0.1
regir_kv0_sg,1,random_init,centroid_gap,h_mean,0,ood_confirm,30v30_K12,378,0.7227315717425886,0.1
regir_kv0_sg,1,random_init,centroid_gap,h_mean,0,ood_confirm,30v30_K2,384,0.7279326864277877,0.1
regir_kv0_sg,1,random_init,centroid_gap,h_mean,0,ood_confirm,50v50_K2,396,0.7615232839898868,0.1
regir_kv0_sg,1,random_init,centroid_gap,h_mean,1,id_train,10v10_K2,363,0.8681116909277649,0.1
regir_kv0_sg,1,random_init,centroid_gap,h_mean,1,id_train,10v10_K3,363,0.8392157806224858,0.1
regir_kv0_sg,1,random_init,centroid_gap,h_mean,1,id_val,10v10_K2,188,0.8425746372623188,0.1
regir_kv0_sg,1,random_init,centroid_gap,h_mean,1,id_val,10v10_K3,183,0.8198500478423548,0.1
regir_kv0_sg,1,random_init,centroid_gap,h_mean,1,id_test,10v10_K2,183,0.8303852752293808,0.1
regir_kv0_sg,1,random_init,centroid_gap,h_mean,1,id_test,10v10_K3,176,0.7920114670508036,0.1
regir_kv0_sg,1,random_init,centroid_gap,h_mean,1,ood_explore,30v30_K12,386,0.6735946714498056,0.1
regir_kv0_sg,1,random_init,centroid_gap,h_mean,1,ood_explore,30v30_K2,386,0.8054067859015944,0.1
regir_kv0_sg,1,random_init,centroid_gap,h_mean,1,ood_explore,50v50_K2,381,0.7526861678264454,0.1
regir_kv0_sg,1,random_init,centroid_gap,h_mean,1,ood_confirm,30v30_K12,378,0.6686134756794384,0.1
regir_kv0_sg,1,random_init,centroid_gap,h_mean,1,ood_confirm,30v30_K2,384,0.7133823576124272,0.1
regir_kv0_sg,1,random_init,centroid_gap,h_mean,1,ood_confirm,50v50_K2,396,0.762649880308917,0.1
regir_kv0_sg,1,random_init,centroid_gap,h_mean,2,id_train,10v10_K2,363,0.8671201871776708,0.1
regir_kv0_sg,1,random_init,centroid_gap,h_mean,2,id_train,10v10_K3,363,0.8622092722786082,0.1
regir_kv0_sg,1,random_init,centroid_gap,h_mean,2,id_val,10v10_K2,188,0.8580066453320224,0.1
regir_kv0_sg,1,random_init,centroid_gap,h_mean,2,id_val,10v10_K3,183,0.8301205863346148,0.1
regir_kv0_sg,1,random_init,centroid_gap,h_mean,2,id_test,10v10_K2,183,0.8351254555168448,0.1
regir_kv0_sg,1,random_init,centroid_gap,h_mean,2,id_test,10v10_K3,176,0.7920771909761344,0.1
regir_kv0_sg,1,random_init,centroid_gap,h_mean,2,ood_explore,30v30_K12,386,0.5971132591592965,0.1
regir_kv0_sg,1,random_init,centroid_gap,h_mean,2,ood_explore,30v30_K2,386,0.8243217101632603,0.1
regir_kv0_sg,1,random_init,centroid_gap,h_mean,2,ood_explore,50v50_K2,381,0.8169757041734713,0.1
regir_kv0_sg,1,random_init,centroid_gap,h_mean,2,ood_confirm,30v30_K12,378,0.6269421097763255,0.1
regir_kv0_sg,1,random_init,centroid_gap,h_mean,2,ood_confirm,30v30_K2,384,0.7524720617610465,0.1
regir_kv0_sg,1,random_init,centroid_gap,h_mean,2,ood_confirm,50v50_K2,396,0.8181198130953455,0.1
regir_kv0_sg,1,random_init,centroid_gap,h_mean,3,id_train,10v10_K2,363,0.8529885856146187,0.1
regir_kv0_sg,1,random_init,centroid_gap,h_mean,3,id_train,10v10_K3,363,0.8555709169551396,0.1
regir_kv0_sg,1,random_init,centroid_gap,h_mean,3,id_val,10v10_K2,188,0.852831101437424,0.1
regir_kv0_sg,1,random_init,centroid_gap,h_mean,3,id_val,10v10_K3,183,0.8346695145732607,0.1
regir_kv0_sg,1,random_init,centroid_gap,h_mean,3,id_test,10v10_K2,183,0.827772136113749,0.1
regir_kv0_sg,1,random_init,centroid_gap,h_mean,3,id_test,10v10_K3,176,0.7855478025337036,0.1
regir_kv0_sg,1,random_init,centroid_gap,h_mean,3,ood_explore,30v30_K12,386,0.632088465252565,0.1
regir_kv0_sg,1,random_init,centroid_gap,h_mean,3,ood_explore,30v30_K2,386,0.8240465139944891,0.1
regir_kv0_sg,1,random_init,centroid_gap,h_mean,3,ood_explore,50v50_K2,381,0.7779542859736289,0.1
regir_kv0_sg,1,random_init,centroid_gap,h_mean,3,ood_confirm,30v30_K12,378,0.6295708920062102,0.1
regir_kv0_sg,1,random_init,centroid_gap,h_mean,3,ood_confirm,30v30_K2,384,0.7397319155901353,0.1
regir_kv0_sg,1,random_init,centroid_gap,h_mean,3,ood_confirm,50v50_K2,396,0.7735216893612616,0.1
regir_kv0_sg,1,random_init,centroid_gap,h_mean,4,id_train,10v10_K2,363,0.8406076008420706,0.1
regir_kv0_sg,1,random_init,centroid_gap,h_mean,4,id_train,10v10_K3,363,0.8481637380168886,0.1
regir_kv0_sg,1,random_init,centroid_gap,h_mean,4,id_val,10v10_K2,188,0.8523169936694133,0.1
regir_kv0_sg,1,random_init,centroid_gap,h_mean,4,id_val,10v10_K3,183,0.8412696212912307,0.1
regir_kv0_sg,1,random_init,centroid_gap,h_mean,4,id_test,10v10_K2,183,0.8246721134933982,0.1
regir_kv0_sg,1,random_init,centroid_gap,h_mean,4,id_test,10v10_K3,176,0.7920726054394931,0.1
regir_kv0_sg,1,random_init,centroid_gap,h_mean,4,ood_explore,30v30_K12,386,0.6916551205118981,0.1
regir_kv0_sg,1,random_init,centroid_gap,h_mean,4,ood_explore,30v30_K2,386,0.8115010155748732,0.1
regir_kv0_sg,1,random_init,centroid_gap,h_mean,4,ood_explore,50v50_K2,381,0.7395831164761695,0.1
regir_kv0_sg,1,random_init,centroid_gap,h_mean,4,ood_confirm,30v30_K12,378,0.6790505347943192,0.1
regir_kv0_sg,1,random_init,centroid_gap,h_mean,4,ood_confirm,30v30_K2,384,0.7260292202868762,0.1
regir_kv0_sg,1,random_init,centroid_gap,h_mean,4,ood_confirm,50v50_K2,396,0.7259158712195362,0.1
regir_kv0_sg,1,random_init,nearest_target_distance,h_mean,0,id_train,10v10_K2,363,0.8054464696950084,1.0
regir_kv0_sg,1,random_init,nearest_target_distance,h_mean,0,id_train,10v10_K3,363,0.8411053855799091,1.0
regir_kv0_sg,1,random_init,nearest_target_distance,h_mean,0,id_val,10v10_K2,188,0.7424683040449035,1.0
regir_kv0_sg,1,random_init,nearest_target_distance,h_mean,0,id_val,10v10_K3,183,0.8221972198026206,1.0
regir_kv0_sg,1,random_init,nearest_target_distance,h_mean,0,id_test,10v10_K2,183,0.8202581687261683,1.0
regir_kv0_sg,1,random_init,nearest_target_distance,h_mean,0,id_test,10v10_K3,176,0.7540680892725908,1.0
regir_kv0_sg,1,random_init,nearest_target_distance,h_mean,0,ood_explore,30v30_K12,386,0.6423200740193166,1.0
regir_kv0_sg,1,random_init,nearest_target_distance,h_mean,0,ood_explore,30v30_K2,386,0.7304234658269302,1.0
regir_kv0_sg,1,random_init,nearest_target_distance,h_mean,0,ood_explore,50v50_K2,381,0.6435774978368751,1.0
regir_kv0_sg,1,random_init,nearest_target_distance,h_mean,0,ood_confirm,30v30_K12,378,0.57809961221299,1.0
regir_kv0_sg,1,random_init,nearest_target_distance,h_mean,0,ood_confirm,30v30_K2,384,0.6763963840362386,1.0
regir_kv0_sg,1,random_init,nearest_target_distance,h_mean,0,ood_confirm,50v50_K2,396,0.6292847846106837,1.0
regir_kv0_sg,1,random_init,nearest_target_distance,h_mean,1,id_train,10v10_K2,363,0.8190538064555848,1.0
regir_kv0_sg,1,random_init,nearest_target_distance,h_mean,1,id_train,10v10_K3,363,0.8536783524146705,1.0
regir_kv0_sg,1,random_init,nearest_target_distance,h_mean,1,id_val,10v10_K2,188,0.7313210375837539,1.0
regir_kv0_sg,1,random_init,nearest_target_distance,h_mean,1,id_val,10v10_K3,183,0.7960793330787655,1.0
regir_kv0_sg,1,random_init,nearest_target_distance,h_mean,1,id_test,10v10_K2,183,0.7980625938638629,1.0
regir_kv0_sg,1,random_init,nearest_target_distance,h_mean,1,id_test,10v10_K3,176,0.7347297425334174,1.0
regir_kv0_sg,1,random_init,nearest_target_distance,h_mean,1,ood_explore,30v30_K12,386,0.6057186353575552,1.0
regir_kv0_sg,1,random_init,nearest_target_distance,h_mean,1,ood_explore,30v30_K2,386,0.6824990171740115,1.0
regir_kv0_sg,1,random_init,nearest_target_distance,h_mean,1,ood_explore,50v50_K2,381,0.5986113134607088,1.0
regir_kv0_sg,1,random_init,nearest_target_distance,h_mean,1,ood_confirm,30v30_K12,378,0.5147423115512666,1.0
regir_kv0_sg,1,random_init,nearest_target_distance,h_mean,1,ood_confirm,30v30_K2,384,0.6080809340333955,1.0
regir_kv0_sg,1,random_init,nearest_target_distance,h_mean,1,ood_confirm,50v50_K2,396,0.5813081822527628,1.0
regir_kv0_sg,1,random_init,nearest_target_distance,h_mean,2,id_train,10v10_K2,363,0.7951716369378306,1.0
regir_kv0_sg,1,random_init,nearest_target_distance,h_mean,2,id_train,10v10_K3,363,0.8549194221592225,1.0
regir_kv0_sg,1,random_init,nearest_target_distance,h_mean,2,id_val,10v10_K2,188,0.7403468192408558,1.0
regir_kv0_sg,1,random_init,nearest_target_distance,h_mean,2,id_val,10v10_K3,183,0.8175127420578285,1.0
regir_kv0_sg,1,random_init,nearest_target_distance,h_mean,2,id_test,10v10_K2,183,0.813339622451082,1.0
regir_kv0_sg,1,random_init,nearest_target_distance,h_mean,2,id_test,10v10_K3,176,0.7700118579317344,1.0
regir_kv0_sg,1,random_init,nearest_target_distance,h_mean,2,ood_explore,30v30_K12,386,0.6244325802516448,1.0
regir_kv0_sg,1,random_init,nearest_target_distance,h_mean,2,ood_explore,30v30_K2,386,0.6838634559325192,1.0
regir_kv0_sg,1,random_init,nearest_target_distance,h_mean,2,ood_explore,50v50_K2,381,0.5617818125933434,1.0
regir_kv0_sg,1,random_init,nearest_target_distance,h_mean,2,ood_confirm,30v30_K12,378,0.5664008939209575,1.0
regir_kv0_sg,1,random_init,nearest_target_distance,h_mean,2,ood_confirm,30v30_K2,384,0.6047096064286646,1.0
regir_kv0_sg,1,random_init,nearest_target_distance,h_mean,2,ood_confirm,50v50_K2,396,0.5459988620613264,1.0
regir_kv0_sg,1,random_init,nearest_target_distance,h_mean,3,id_train,10v10_K2,363,0.7955172386010315,1.0
regir_kv0_sg,1,random_init,nearest_target_distance,h_mean,3,id_train,10v10_K3,363,0.848891099599802,1.0
regir_kv0_sg,1,random_init,nearest_target_distance,h_mean,3,id_val,10v10_K2,188,0.7406262832203339,1.0
regir_kv0_sg,1,random_init,nearest_target_distance,h_mean,3,id_val,10v10_K3,183,0.8161333686717698,1.0
regir_kv0_sg,1,random_init,nearest_target_distance,h_mean,3,id_test,10v10_K2,183,0.8035919575975627,1.0
regir_kv0_sg,1,random_init,nearest_target_distance,h_mean,3,id_test,10v10_K3,176,0.7738365209081944,1.0
regir_kv0_sg,1,random_init,nearest_target_distance,h_mean,3,ood_explore,30v30_K12,386,0.7329874655825899,1.0
regir_kv0_sg,1,random_init,nearest_target_distance,h_mean,3,ood_explore,30v30_K2,386,0.6603990225868015,1.0
regir_kv0_sg,1,random_init,nearest_target_distance,h_mean,3,ood_explore,50v50_K2,381,0.4865443950558036,1.0
regir_kv0_sg,1,random_init,nearest_target_distance,h_mean,3,ood_confirm,30v30_K12,378,0.6936761608193096,1.0
regir_kv0_sg,1,random_init,nearest_target_distance,h_mean,3,ood_confirm,30v30_K2,384,0.5537454380774823,1.0
regir_kv0_sg,1,random_init,nearest_target_distance,h_mean,3,ood_confirm,50v50_K2,396,0.48658963436043645,1.0
regir_kv0_sg,1,random_init,nearest_target_distance,h_mean,4,id_train,10v10_K2,363,0.7942180750021882,1.0
regir_kv0_sg,1,random_init,nearest_target_distance,h_mean,4,id_train,10v10_K3,363,0.8423595461412681,1.0
regir_kv0_sg,1,random_init,nearest_target_distance,h_mean,4,id_val,10v10_K2,188,0.7427025058473018,1.0
regir_kv0_sg,1,random_init,nearest_target_distance,h_mean,4,id_val,10v10_K3,183,0.8157128576480833,1.0
regir_kv0_sg,1,random_init,nearest_target_distance,h_mean,4,id_test,10v10_K2,183,0.7953391595932138,1.0
regir_kv0_sg,1,random_init,nearest_target_distance,h_mean,4,id_test,10v10_K3,176,0.7687348709329385,1.0
regir_kv0_sg,1,random_init,nearest_target_distance,h_mean,4,ood_explore,30v30_K12,386,0.7648900281951776,1.0
regir_kv0_sg,1,random_init,nearest_target_distance,h_mean,4,ood_explore,30v30_K2,386,0.6452113778126574,1.0
regir_kv0_sg,1,random_init,nearest_target_distance,h_mean,4,ood_explore,50v50_K2,381,0.4525878110336473,1.0
regir_kv0_sg,1,random_init,nearest_target_distance,h_mean,4,ood_confirm,30v30_K12,378,0.7160175940627843,1.0
regir_kv0_sg,1,random_init,nearest_target_distance,h_mean,4,ood_confirm,30v30_K2,384,0.5308020478179221,1.0
regir_kv0_sg,1,random_init,nearest_target_distance,h_mean,4,ood_confirm,50v50_K2,396,0.4516785064180605,1.0
regir_kv0_sg,1,random_init,threat,readout,0,id_train,10v10_K2,363,0.47698925759037947,100.0
regir_kv0_sg,1,random_init,threat,readout,0,id_train,10v10_K3,363,0.413105690501695,100.0
regir_kv0_sg,1,random_init,threat,readout,0,id_val,10v10_K2,188,-0.43954379269024235,100.0
regir_kv0_sg,1,random_init,threat,readout,0,id_val,10v10_K3,183,0.28240697207315024,100.0
regir_kv0_sg,1,random_init,threat,readout,0,id_test,10v10_K2,183,0.13899009198877754,100.0
regir_kv0_sg,1,random_init,threat,readout,0,id_test,10v10_K3,176,0.13436186486337964,100.0
regir_kv0_sg,1,random_init,threat,readout,0,ood_explore,30v30_K12,386,0.09141184742757036,100.0
regir_kv0_sg,1,random_init,threat,readout,0,ood_explore,30v30_K2,386,0.33446901630883596,100.0
regir_kv0_sg,1,random_init,threat,readout,0,ood_explore,50v50_K2,381,0.3504621567116738,100.0
regir_kv0_sg,1,random_init,threat,readout,0,ood_confirm,30v30_K12,378,0.30108399869323244,100.0
regir_kv0_sg,1,random_init,threat,readout,0,ood_confirm,30v30_K2,384,0.30058111373008556,100.0
regir_kv0_sg,1,random_init,threat,readout,0,ood_confirm,50v50_K2,396,0.09913498132581167,100.0
regir_kv0_sg,1,random_init,threat,readout,1,id_train,10v10_K2,363,0.4555642413078197,100.0
regir_kv0_sg,1,random_init,threat,readout,1,id_train,10v10_K3,363,0.40421338433946274,100.0
regir_kv0_sg,1,random_init,threat,readout,1,id_val,10v10_K2,188,-0.35153763661556425,100.0
regir_kv0_sg,1,random_init,threat,readout,1,id_val,10v10_K3,183,0.27571840127867375,100.0
regir_kv0_sg,1,random_init,threat,readout,1,id_test,10v10_K2,183,0.18265920165002603,100.0
regir_kv0_sg,1,random_init,threat,readout,1,id_test,10v10_K3,176,0.14572775371568003,100.0
regir_kv0_sg,1,random_init,threat,readout,1,ood_explore,30v30_K12,386,0.1106368601484109,100.0
regir_kv0_sg,1,random_init,threat,readout,1,ood_explore,30v30_K2,386,0.35983527844087393,100.0
regir_kv0_sg,1,random_init,threat,readout,1,ood_explore,50v50_K2,381,0.3636652486671875,100.0
regir_kv0_sg,1,random_init,threat,readout,1,ood_confirm,30v30_K12,378,0.29836992180783295,100.0
regir_kv0_sg,1,random_init,threat,readout,1,ood_confirm,30v30_K2,384,0.3205350497320145,100.0
regir_kv0_sg,1,random_init,threat,readout,1,ood_confirm,50v50_K2,396,0.10796431140014162,100.0
regir_kv0_sg,1,random_init,threat,readout,2,id_train,10v10_K2,363,0.4248005606992973,100.0
regir_kv0_sg,1,random_init,threat,readout,2,id_train,10v10_K3,363,0.40521081467088804,100.0
regir_kv0_sg,1,random_init,threat,readout,2,id_val,10v10_K2,188,-0.30262312756773113,100.0
regir_kv0_sg,1,random_init,threat,readout,2,id_val,10v10_K3,183,0.2655813782077283,100.0
regir_kv0_sg,1,random_init,threat,readout,2,id_test,10v10_K2,183,0.19190255594900463,100.0
regir_kv0_sg,1,random_init,threat,readout,2,id_test,10v10_K3,176,0.16381874544292885,100.0
regir_kv0_sg,1,random_init,threat,readout,2,ood_explore,30v30_K12,386,0.07081168094249579,100.0
regir_kv0_sg,1,random_init,threat,readout,2,ood_explore,30v30_K2,386,0.3678807981832757,100.0
regir_kv0_sg,1,random_init,threat,readout,2,ood_explore,50v50_K2,381,0.3556586104488213,100.0
regir_kv0_sg,1,random_init,threat,readout,2,ood_confirm,30v30_K12,378,0.28623587879118717,100.0
regir_kv0_sg,1,random_init,threat,readout,2,ood_confirm,30v30_K2,384,0.3191921425818349,100.0
regir_kv0_sg,1,random_init,threat,readout,2,ood_confirm,50v50_K2,396,0.09941268274988146,100.0
regir_kv0_sg,1,random_init,threat,readout,3,id_train,10v10_K2,363,0.4136530977633439,100.0
regir_kv0_sg,1,random_init,threat,readout,3,id_train,10v10_K3,363,0.40403409115514155,100.0
regir_kv0_sg,1,random_init,threat,readout,3,id_val,10v10_K2,188,-0.316498373675544,100.0
regir_kv0_sg,1,random_init,threat,readout,3,id_val,10v10_K3,183,0.26061727875616003,100.0
regir_kv0_sg,1,random_init,threat,readout,3,id_test,10v10_K2,183,0.18809758418412081,100.0
regir_kv0_sg,1,random_init,threat,readout,3,id_test,10v10_K3,176,0.16464571335876654,100.0
regir_kv0_sg,1,random_init,threat,readout,3,ood_explore,30v30_K12,386,0.051213587137914574,100.0
regir_kv0_sg,1,random_init,threat,readout,3,ood_explore,30v30_K2,386,0.36383077959503596,100.0
regir_kv0_sg,1,random_init,threat,readout,3,ood_explore,50v50_K2,381,0.33047839403896806,100.0
regir_kv0_sg,1,random_init,threat,readout,3,ood_confirm,30v30_K12,378,0.2769694984902512,100.0
regir_kv0_sg,1,random_init,threat,readout,3,ood_confirm,30v30_K2,384,0.29618779134477546,100.0
regir_kv0_sg,1,random_init,threat,readout,3,ood_confirm,50v50_K2,396,0.08206341604997247,100.0
regir_kv0_sg,1,random_init,unmarked_frac,readout,0,id_train,10v10_K2,363,0.4237006693931805,1.0
regir_kv0_sg,1,random_init,unmarked_frac,readout,0,id_train,10v10_K3,363,0.38217518584554444,1.0
regir_kv0_sg,1,random_init,unmarked_frac,readout,0,id_val,10v10_K2,188,0.12743430628311436,1.0
regir_kv0_sg,1,random_init,unmarked_frac,readout,0,id_val,10v10_K3,183,0.4301016071308661,1.0
regir_kv0_sg,1,random_init,unmarked_frac,readout,0,id_test,10v10_K2,183,0.30723916400037754,1.0
regir_kv0_sg,1,random_init,unmarked_frac,readout,0,id_test,10v10_K3,176,0.26694833508907123,1.0
regir_kv0_sg,1,random_init,unmarked_frac,readout,0,ood_explore,30v30_K12,386,0.14243861308429928,1.0
regir_kv0_sg,1,random_init,unmarked_frac,readout,0,ood_explore,30v30_K2,386,-0.04252017629834248,1.0
regir_kv0_sg,1,random_init,unmarked_frac,readout,0,ood_explore,50v50_K2,381,-0.2930959426074573,1.0
regir_kv0_sg,1,random_init,unmarked_frac,readout,0,ood_confirm,30v30_K12,378,0.25568731023391555,1.0
regir_kv0_sg,1,random_init,unmarked_frac,readout,0,ood_confirm,30v30_K2,384,0.03261071320934339,1.0
regir_kv0_sg,1,random_init,unmarked_frac,readout,0,ood_confirm,50v50_K2,396,-0.10216511037227782,1.0
regir_kv0_sg,1,random_init,unmarked_frac,readout,1,id_train,10v10_K2,363,0.4063002019538545,1.0
regir_kv0_sg,1,random_init,unmarked_frac,readout,1,id_train,10v10_K3,363,0.36715121428043584,1.0
regir_kv0_sg,1,random_init,unmarked_frac,readout,1,id_val,10v10_K2,188,0.16452346783281913,1.0
regir_kv0_sg,1,random_init,unmarked_frac,readout,1,id_val,10v10_K3,183,0.4341029352851238,1.0
regir_kv0_sg,1,random_init,unmarked_frac,readout,1,id_test,10v10_K2,183,0.28082375657247816,1.0
regir_kv0_sg,1,random_init,unmarked_frac,readout,1,id_test,10v10_K3,176,0.26817125834781885,1.0
regir_kv0_sg,1,random_init,unmarked_frac,readout,1,ood_explore,30v30_K12,386,0.08492544544912028,1.0
regir_kv0_sg,1,random_init,unmarked_frac,readout,1,ood_explore,30v30_K2,386,0.014567723156367784,1.0
regir_kv0_sg,1,random_init,unmarked_frac,readout,1,ood_explore,50v50_K2,381,-0.26994931837540115,1.0
regir_kv0_sg,1,random_init,unmarked_frac,readout,1,ood_confirm,30v30_K12,378,0.23432378786090557,1.0
regir_kv0_sg,1,random_init,unmarked_frac,readout,1,ood_confirm,30v30_K2,384,0.06908772733340274,1.0
regir_kv0_sg,1,random_init,unmarked_frac,readout,1,ood_confirm,50v50_K2,396,-0.08153148058232973,1.0
regir_kv0_sg,1,random_init,unmarked_frac,readout,2,id_train,10v10_K2,363,0.39986466504309426,1.0
regir_kv0_sg,1,random_init,unmarked_frac,readout,2,id_train,10v10_K3,363,0.36900324827487063,1.0
regir_kv0_sg,1,random_init,unmarked_frac,readout,2,id_val,10v10_K2,188,0.18146462737459768,1.0
regir_kv0_sg,1,random_init,unmarked_frac,readout,2,id_val,10v10_K3,183,0.43127180555014366,1.0
regir_kv0_sg,1,random_init,unmarked_frac,readout,2,id_test,10v10_K2,183,0.2862940868834256,1.0
regir_kv0_sg,1,random_init,unmarked_frac,readout,2,id_test,10v10_K3,176,0.2670467794930056,1.0
regir_kv0_sg,1,random_init,unmarked_frac,readout,2,ood_explore,30v30_K12,386,-0.0016614954552403027,1.0
regir_kv0_sg,1,random_init,unmarked_frac,readout,2,ood_explore,30v30_K2,386,0.030370456500026788,1.0
regir_kv0_sg,1,random_init,unmarked_frac,readout,2,ood_explore,50v50_K2,381,-0.2671919358206849,1.0
regir_kv0_sg,1,random_init,unmarked_frac,readout,2,ood_confirm,30v30_K12,378,0.22688472861330655,1.0
regir_kv0_sg,1,random_init,unmarked_frac,readout,2,ood_confirm,30v30_K2,384,0.08227476171471071,1.0
regir_kv0_sg,1,random_init,unmarked_frac,readout,2,ood_confirm,50v50_K2,396,-0.052454775567868595,1.0
regir_kv0_sg,1,random_init,unmarked_frac,readout,3,id_train,10v10_K2,363,0.403393536064905,1.0
regir_kv0_sg,1,random_init,unmarked_frac,readout,3,id_train,10v10_K3,363,0.3695829720224716,1.0
regir_kv0_sg,1,random_init,unmarked_frac,readout,3,id_val,10v10_K2,188,0.17458084765780968,1.0
regir_kv0_sg,1,random_init,unmarked_frac,readout,3,id_val,10v10_K3,183,0.42323642955725027,1.0
regir_kv0_sg,1,random_init,unmarked_frac,readout,3,id_test,10v10_K2,183,0.2849570867932365,1.0
regir_kv0_sg,1,random_init,unmarked_frac,readout,3,id_test,10v10_K3,176,0.24321349251311586,1.0
regir_kv0_sg,1,random_init,unmarked_frac,readout,3,ood_explore,30v30_K12,386,-0.014910334041078555,1.0
regir_kv0_sg,1,random_init,unmarked_frac,readout,3,ood_explore,30v30_K2,386,0.024659762560852005,1.0
regir_kv0_sg,1,random_init,unmarked_frac,readout,3,ood_explore,50v50_K2,381,-0.27707337066092697,1.0
regir_kv0_sg,1,random_init,unmarked_frac,readout,3,ood_confirm,30v30_K12,378,0.22313538362264274,1.0
regir_kv0_sg,1,random_init,unmarked_frac,readout,3,ood_confirm,30v30_K2,384,0.07116604397204984,1.0
regir_kv0_sg,1,random_init,unmarked_frac,readout,3,ood_confirm,50v50_K2,396,-0.06579041297788968,1.0
regir_kv0_sg,1,random_init,centroid_gap,readout,0,id_train,10v10_K2,363,0.8631052150905762,0.0001
regir_kv0_sg,1,random_init,centroid_gap,readout,0,id_train,10v10_K3,363,0.8352920111837856,0.0001
regir_kv0_sg,1,random_init,centroid_gap,readout,0,id_val,10v10_K2,188,0.8415948298729781,0.0001
regir_kv0_sg,1,random_init,centroid_gap,readout,0,id_val,10v10_K3,183,0.8177810464807498,0.0001
regir_kv0_sg,1,random_init,centroid_gap,readout,0,id_test,10v10_K2,183,0.8221916955768511,0.0001
regir_kv0_sg,1,random_init,centroid_gap,readout,0,id_test,10v10_K3,176,0.7929436747747066,0.0001
regir_kv0_sg,1,random_init,centroid_gap,readout,0,ood_explore,30v30_K12,386,0.6720671710669618,0.0001
regir_kv0_sg,1,random_init,centroid_gap,readout,0,ood_explore,30v30_K2,386,0.798877036694399,0.0001
regir_kv0_sg,1,random_init,centroid_gap,readout,0,ood_explore,50v50_K2,381,0.7577972379708711,0.0001
regir_kv0_sg,1,random_init,centroid_gap,readout,0,ood_confirm,30v30_K12,378,0.6806931282521751,0.0001
regir_kv0_sg,1,random_init,centroid_gap,readout,0,ood_confirm,30v30_K2,384,0.7156649428665743,0.0001
regir_kv0_sg,1,random_init,centroid_gap,readout,0,ood_confirm,50v50_K2,396,0.7653113168392678,0.0001
regir_kv0_sg,1,random_init,centroid_gap,readout,1,id_train,10v10_K2,363,0.8631729393594492,0.0001
regir_kv0_sg,1,random_init,centroid_gap,readout,1,id_train,10v10_K3,363,0.8613011342316769,0.0001
regir_kv0_sg,1,random_init,centroid_gap,readout,1,id_val,10v10_K2,188,0.8534416459097518,0.0001
regir_kv0_sg,1,random_init,centroid_gap,readout,1,id_val,10v10_K3,183,0.825523411682177,0.0001
regir_kv0_sg,1,random_init,centroid_gap,readout,1,id_test,10v10_K2,183,0.835107736922306,0.0001
regir_kv0_sg,1,random_init,centroid_gap,readout,1,id_test,10v10_K3,176,0.791113839340861,0.0001
regir_kv0_sg,1,random_init,centroid_gap,readout,1,ood_explore,30v30_K12,386,0.5795972848531126,0.0001
regir_kv0_sg,1,random_init,centroid_gap,readout,1,ood_explore,30v30_K2,386,0.8168263145318746,0.0001
regir_kv0_sg,1,random_init,centroid_gap,readout,1,ood_explore,50v50_K2,381,0.806078639420831,0.0001
regir_kv0_sg,1,random_init,centroid_gap,readout,1,ood_confirm,30v30_K12,378,0.6086755281975464,0.0001
regir_kv0_sg,1,random_init,centroid_gap,readout,1,ood_confirm,30v30_K2,384,0.7483418371706063,0.0001
regir_kv0_sg,1,random_init,centroid_gap,readout,1,ood_confirm,50v50_K2,396,0.8058356408795921,0.0001
regir_kv0_sg,1,random_init,centroid_gap,readout,2,id_train,10v10_K2,363,0.8516751706953913,0.0001
regir_kv0_sg,1,random_init,centroid_gap,readout,2,id_train,10v10_K3,363,0.8568666396478427,0.0001
regir_kv0_sg,1,random_init,centroid_gap,readout,2,id_val,10v10_K2,188,0.8500388036217094,0.0001
regir_kv0_sg,1,random_init,centroid_gap,readout,2,id_val,10v10_K3,183,0.833376449744538,0.0001
regir_kv0_sg,1,random_init,centroid_gap,readout,2,id_test,10v10_K2,183,0.8245580701792958,0.0001
regir_kv0_sg,1,random_init,centroid_gap,readout,2,id_test,10v10_K3,176,0.7812620658697068,0.0001
regir_kv0_sg,1,random_init,centroid_gap,readout,2,ood_explore,30v30_K12,386,0.6379471441749461,0.0001
regir_kv0_sg,1,random_init,centroid_gap,readout,2,ood_explore,30v30_K2,386,0.8211421713853052,0.0001
regir_kv0_sg,1,random_init,centroid_gap,readout,2,ood_explore,50v50_K2,381,0.772224992739533,0.0001
regir_kv0_sg,1,random_init,centroid_gap,readout,2,ood_confirm,30v30_K12,378,0.6338089426319338,0.0001
regir_kv0_sg,1,random_init,centroid_gap,readout,2,ood_confirm,30v30_K2,384,0.7404439603109019,0.0001
regir_kv0_sg,1,random_init,centroid_gap,readout,2,ood_confirm,50v50_K2,396,0.7689492552485758,0.0001
regir_kv0_sg,1,random_init,centroid_gap,readout,3,id_train,10v10_K2,363,0.8414513404641324,0.0001
regir_kv0_sg,1,random_init,centroid_gap,readout,3,id_train,10v10_K3,363,0.8511516027627661,0.0001
regir_kv0_sg,1,random_init,centroid_gap,readout,3,id_val,10v10_K2,188,0.855020430772685,0.0001
regir_kv0_sg,1,random_init,centroid_gap,readout,3,id_val,10v10_K3,183,0.8421205327629633,0.0001
regir_kv0_sg,1,random_init,centroid_gap,readout,3,id_test,10v10_K2,183,0.8172181643062421,0.0001
regir_kv0_sg,1,random_init,centroid_gap,readout,3,id_test,10v10_K3,176,0.7856604773964525,0.0001
regir_kv0_sg,1,random_init,centroid_gap,readout,3,ood_explore,30v30_K12,386,0.702505179441087,0.0001
regir_kv0_sg,1,random_init,centroid_gap,readout,3,ood_explore,30v30_K2,386,0.8152095262877519,0.0001
regir_kv0_sg,1,random_init,centroid_gap,readout,3,ood_explore,50v50_K2,381,0.7359027615748581,0.0001
regir_kv0_sg,1,random_init,centroid_gap,readout,3,ood_confirm,30v30_K12,378,0.6883911092521231,0.0001
regir_kv0_sg,1,random_init,centroid_gap,readout,3,ood_confirm,30v30_K2,384,0.7239019476663467,0.0001
regir_kv0_sg,1,random_init,centroid_gap,readout,3,ood_confirm,50v50_K2,396,0.7184694748426625,0.0001
regir_kv0_sg,1,random_init,nearest_target_distance,readout,0,id_train,10v10_K2,363,0.822506917133228,0.0001
regir_kv0_sg,1,random_init,nearest_target_distance,readout,0,id_train,10v10_K3,363,0.8457986400861839,0.0001
regir_kv0_sg,1,random_init,nearest_target_distance,readout,0,id_val,10v10_K2,188,0.7296980317221813,0.0001
regir_kv0_sg,1,random_init,nearest_target_distance,readout,0,id_val,10v10_K3,183,0.8007809633338823,0.0001
regir_kv0_sg,1,random_init,nearest_target_distance,readout,0,id_test,10v10_K2,183,0.799303607876847,0.0001
regir_kv0_sg,1,random_init,nearest_target_distance,readout,0,id_test,10v10_K3,176,0.7316550708832998,0.0001
regir_kv0_sg,1,random_init,nearest_target_distance,readout,0,ood_explore,30v30_K12,386,0.6022853846688435,0.0001
regir_kv0_sg,1,random_init,nearest_target_distance,readout,0,ood_explore,30v30_K2,386,0.6745054016778489,0.0001
regir_kv0_sg,1,random_init,nearest_target_distance,readout,0,ood_explore,50v50_K2,381,0.6027703894679755,0.0001
regir_kv0_sg,1,random_init,nearest_target_distance,readout,0,ood_confirm,30v30_K12,378,0.5178940970136727,0.0001
regir_kv0_sg,1,random_init,nearest_target_distance,readout,0,ood_confirm,30v30_K2,384,0.6109756246528241,0.0001
regir_kv0_sg,1,random_init,nearest_target_distance,readout,0,ood_confirm,50v50_K2,396,0.579792254362784,0.0001
regir_kv0_sg,1,random_init,nearest_target_distance,readout,1,id_train,10v10_K2,363,0.7997003998443224,0.0001
regir_kv0_sg,1,random_init,nearest_target_distance,readout,1,id_train,10v10_K3,363,0.8503829230509803,0.0001
regir_kv0_sg,1,random_init,nearest_target_distance,readout,1,id_val,10v10_K2,188,0.7320600177775721,0.0001
regir_kv0_sg,1,random_init,nearest_target_distance,readout,1,id_val,10v10_K3,183,0.8146898807005806,0.0001
regir_kv0_sg,1,random_init,nearest_target_distance,readout,1,id_test,10v10_K2,183,0.8129473955765796,0.0001
regir_kv0_sg,1,random_init,nearest_target_distance,readout,1,id_test,10v10_K3,176,0.7668751384432579,0.0001
regir_kv0_sg,1,random_init,nearest_target_distance,readout,1,ood_explore,30v30_K12,386,0.6633399233710113,0.0001
regir_kv0_sg,1,random_init,nearest_target_distance,readout,1,ood_explore,30v30_K2,386,0.6761377615217591,0.0001
regir_kv0_sg,1,random_init,nearest_target_distance,readout,1,ood_explore,50v50_K2,381,0.5352828572104453,0.0001
regir_kv0_sg,1,random_init,nearest_target_distance,readout,1,ood_confirm,30v30_K12,378,0.5910252345606641,0.0001
regir_kv0_sg,1,random_init,nearest_target_distance,readout,1,ood_confirm,30v30_K2,384,0.5967549945402606,0.0001
regir_kv0_sg,1,random_init,nearest_target_distance,readout,1,ood_confirm,50v50_K2,396,0.5232263972802507,0.0001
regir_kv0_sg,1,random_init,nearest_target_distance,readout,2,id_train,10v10_K2,363,0.8023259994175983,0.0001
regir_kv0_sg,1,random_init,nearest_target_distance,readout,2,id_train,10v10_K3,363,0.8447588902835597,0.0001
regir_kv0_sg,1,random_init,nearest_target_distance,readout,2,id_val,10v10_K2,188,0.7422622191604058,0.0001
regir_kv0_sg,1,random_init,nearest_target_distance,readout,2,id_val,10v10_K3,183,0.819890589776128,0.0001
regir_kv0_sg,1,random_init,nearest_target_distance,readout,2,id_test,10v10_K2,183,0.8023261224078604,0.0001
regir_kv0_sg,1,random_init,nearest_target_distance,readout,2,id_test,10v10_K3,176,0.7697592138295766,0.0001
regir_kv0_sg,1,random_init,nearest_target_distance,readout,2,ood_explore,30v30_K12,386,0.7842289364934113,0.0001
regir_kv0_sg,1,random_init,nearest_target_distance,readout,2,ood_explore,30v30_K2,386,0.6449433196410737,0.0001
regir_kv0_sg,1,random_init,nearest_target_distance,readout,2,ood_explore,50v50_K2,381,0.4498366435622624,0.0001
regir_kv0_sg,1,random_init,nearest_target_distance,readout,2,ood_confirm,30v30_K12,378,0.7347680669562004,0.0001
regir_kv0_sg,1,random_init,nearest_target_distance,readout,2,ood_confirm,30v30_K2,384,0.5249468884366962,0.0001
regir_kv0_sg,1,random_init,nearest_target_distance,readout,2,ood_confirm,50v50_K2,396,0.4402349239084494,0.0001
regir_kv0_sg,1,random_init,nearest_target_distance,readout,3,id_train,10v10_K2,363,0.7949045260812246,0.0001
regir_kv0_sg,1,random_init,nearest_target_distance,readout,3,id_train,10v10_K3,363,0.8402273911508495,0.0001
regir_kv0_sg,1,random_init,nearest_target_distance,readout,3,id_val,10v10_K2,188,0.7482247810926541,0.0001
regir_kv0_sg,1,random_init,nearest_target_distance,readout,3,id_val,10v10_K3,183,0.8241407251454486,0.0001
regir_kv0_sg,1,random_init,nearest_target_distance,readout,3,id_test,10v10_K2,183,0.7908711075171553,0.0001
regir_kv0_sg,1,random_init,nearest_target_distance,readout,3,id_test,10v10_K3,176,0.7656096417719536,0.0001
regir_kv0_sg,1,random_init,nearest_target_distance,readout,3,ood_explore,30v30_K12,386,0.7958351387559344,0.0001
regir_kv0_sg,1,random_init,nearest_target_distance,readout,3,ood_explore,30v30_K2,386,0.6360973204368247,0.0001
regir_kv0_sg,1,random_init,nearest_target_distance,readout,3,ood_explore,50v50_K2,381,0.41915060308204155,0.0001
regir_kv0_sg,1,random_init,nearest_target_distance,readout,3,ood_confirm,30v30_K12,378,0.7451505416460569,0.0001
regir_kv0_sg,1,random_init,nearest_target_distance,readout,3,ood_confirm,30v30_K2,384,0.4943206228117464,0.0001
regir_kv0_sg,1,random_init,nearest_target_distance,readout,3,ood_confirm,50v50_K2,396,0.4098835607524419,0.0001
regir_kv0_sg,1,shuffled_labels,threat,h_mean,0,id_train,10v10_K2,363,-0.05806565166491251,100.0
regir_kv0_sg,1,shuffled_labels,threat,h_mean,0,id_train,10v10_K3,363,-0.028783915674136518,100.0
regir_kv0_sg,1,shuffled_labels,threat,h_mean,0,id_val,10v10_K2,188,-0.35214980705346455,100.0
regir_kv0_sg,1,shuffled_labels,threat,h_mean,0,id_val,10v10_K3,183,-0.07754982353305917,100.0
regir_kv0_sg,1,shuffled_labels,threat,h_mean,0,id_test,10v10_K2,183,-0.11013660711127304,100.0
regir_kv0_sg,1,shuffled_labels,threat,h_mean,0,id_test,10v10_K3,176,-0.07762004321032667,100.0
regir_kv0_sg,1,shuffled_labels,threat,h_mean,0,ood_explore,30v30_K12,386,-0.024696617286921407,100.0
regir_kv0_sg,1,shuffled_labels,threat,h_mean,0,ood_explore,30v30_K2,386,-0.021413589690807422,100.0
regir_kv0_sg,1,shuffled_labels,threat,h_mean,0,ood_explore,50v50_K2,381,-0.026514306296885337,100.0
regir_kv0_sg,1,shuffled_labels,threat,h_mean,0,ood_confirm,30v30_K12,378,0.017475033123843575,100.0
regir_kv0_sg,1,shuffled_labels,threat,h_mean,0,ood_confirm,30v30_K2,384,-0.028333605945424445,100.0
regir_kv0_sg,1,shuffled_labels,threat,h_mean,0,ood_confirm,50v50_K2,396,-0.028547486620361884,100.0
regir_kv0_sg,1,shuffled_labels,threat,h_mean,1,id_train,10v10_K2,363,-0.03840527567360752,100.0
regir_kv0_sg,1,shuffled_labels,threat,h_mean,1,id_train,10v10_K3,363,-0.04376011462789675,100.0
regir_kv0_sg,1,shuffled_labels,threat,h_mean,1,id_val,10v10_K2,188,-0.42395735115473276,100.0
regir_kv0_sg,1,shuffled_labels,threat,h_mean,1,id_val,10v10_K3,183,-0.08898225013535499,100.0
regir_kv0_sg,1,shuffled_labels,threat,h_mean,1,id_test,10v10_K2,183,-0.15633502324464654,100.0
regir_kv0_sg,1,shuffled_labels,threat,h_mean,1,id_test,10v10_K3,176,-0.13713789187144765,100.0
regir_kv0_sg,1,shuffled_labels,threat,h_mean,1,ood_explore,30v30_K12,386,-0.07252267687467362,100.0
regir_kv0_sg,1,shuffled_labels,threat,h_mean,1,ood_explore,30v30_K2,386,-0.034570903950468246,100.0
regir_kv0_sg,1,shuffled_labels,threat,h_mean,1,ood_explore,50v50_K2,381,-0.014733961820049934,100.0
regir_kv0_sg,1,shuffled_labels,threat,h_mean,1,ood_confirm,30v30_K12,378,-0.07948896023080221,100.0
regir_kv0_sg,1,shuffled_labels,threat,h_mean,1,ood_confirm,30v30_K2,384,-0.05145838744565534,100.0
regir_kv0_sg,1,shuffled_labels,threat,h_mean,1,ood_confirm,50v50_K2,396,-0.031141940573863547,100.0
regir_kv0_sg,1,shuffled_labels,threat,h_mean,2,id_train,10v10_K2,363,-0.04711941596259117,100.0
regir_kv0_sg,1,shuffled_labels,threat,h_mean,2,id_train,10v10_K3,363,-0.04331308128838485,100.0
regir_kv0_sg,1,shuffled_labels,threat,h_mean,2,id_val,10v10_K2,188,-0.40615435000696243,100.0
regir_kv0_sg,1,shuffled_labels,threat,h_mean,2,id_val,10v10_K3,183,-0.08601388317776038,100.0
regir_kv0_sg,1,shuffled_labels,threat,h_mean,2,id_test,10v10_K2,183,-0.1688372224775292,100.0
regir_kv0_sg,1,shuffled_labels,threat,h_mean,2,id_test,10v10_K3,176,-0.16370351761494728,100.0
regir_kv0_sg,1,shuffled_labels,threat,h_mean,2,ood_explore,30v30_K12,386,-0.07075914438106579,100.0
regir_kv0_sg,1,shuffled_labels,threat,h_mean,2,ood_explore,30v30_K2,386,-0.022924354606676633,100.0
regir_kv0_sg,1,shuffled_labels,threat,h_mean,2,ood_explore,50v50_K2,381,-0.002225054716026742,100.0
regir_kv0_sg,1,shuffled_labels,threat,h_mean,2,ood_confirm,30v30_K12,378,-0.0747916575437666,100.0
regir_kv0_sg,1,shuffled_labels,threat,h_mean,2,ood_confirm,30v30_K2,384,-0.04256404562493654,100.0
regir_kv0_sg,1,shuffled_labels,threat,h_mean,2,ood_confirm,50v50_K2,396,-0.05251548951530438,100.0
regir_kv0_sg,1,shuffled_labels,threat,h_mean,3,id_train,10v10_K2,363,-0.040115918225114955,100.0
regir_kv0_sg,1,shuffled_labels,threat,h_mean,3,id_train,10v10_K3,363,-0.04438634634315353,100.0
regir_kv0_sg,1,shuffled_labels,threat,h_mean,3,id_val,10v10_K2,188,-0.38936883088635676,100.0
regir_kv0_sg,1,shuffled_labels,threat,h_mean,3,id_val,10v10_K3,183,-0.07679776482417267,100.0
regir_kv0_sg,1,shuffled_labels,threat,h_mean,3,id_test,10v10_K2,183,-0.14254686079304335,100.0
regir_kv0_sg,1,shuffled_labels,threat,h_mean,3,id_test,10v10_K3,176,-0.14183624972245745,100.0
regir_kv0_sg,1,shuffled_labels,threat,h_mean,3,ood_explore,30v30_K12,386,-0.06282648665353596,100.0
regir_kv0_sg,1,shuffled_labels,threat,h_mean,3,ood_explore,30v30_K2,386,-0.015130989432739606,100.0
regir_kv0_sg,1,shuffled_labels,threat,h_mean,3,ood_explore,50v50_K2,381,-0.013103336415740241,100.0
regir_kv0_sg,1,shuffled_labels,threat,h_mean,3,ood_confirm,30v30_K12,378,-0.05231563844075504,100.0
regir_kv0_sg,1,shuffled_labels,threat,h_mean,3,ood_confirm,30v30_K2,384,-0.04885662439584593,100.0
regir_kv0_sg,1,shuffled_labels,threat,h_mean,3,ood_confirm,50v50_K2,396,-0.05276696927229407,100.0
regir_kv0_sg,1,shuffled_labels,threat,h_mean,4,id_train,10v10_K2,363,-0.035069824281887874,100.0
regir_kv0_sg,1,shuffled_labels,threat,h_mean,4,id_train,10v10_K3,363,-0.04300689357767351,100.0
regir_kv0_sg,1,shuffled_labels,threat,h_mean,4,id_val,10v10_K2,188,-0.3884913492670341,100.0
regir_kv0_sg,1,shuffled_labels,threat,h_mean,4,id_val,10v10_K3,183,-0.07455669173028623,100.0
regir_kv0_sg,1,shuffled_labels,threat,h_mean,4,id_test,10v10_K2,183,-0.12507634149697155,100.0
regir_kv0_sg,1,shuffled_labels,threat,h_mean,4,id_test,10v10_K3,176,-0.12497705407463577,100.0
regir_kv0_sg,1,shuffled_labels,threat,h_mean,4,ood_explore,30v30_K12,386,-0.06344838706892908,100.0
regir_kv0_sg,1,shuffled_labels,threat,h_mean,4,ood_explore,30v30_K2,386,-0.0072396339116258535,100.0
regir_kv0_sg,1,shuffled_labels,threat,h_mean,4,ood_explore,50v50_K2,381,-0.01775260726844441,100.0
regir_kv0_sg,1,shuffled_labels,threat,h_mean,4,ood_confirm,30v30_K12,378,-0.052524032463849846,100.0
regir_kv0_sg,1,shuffled_labels,threat,h_mean,4,ood_confirm,30v30_K2,384,-0.04886001435777154,100.0
regir_kv0_sg,1,shuffled_labels,threat,h_mean,4,ood_confirm,50v50_K2,396,-0.04926122626686458,100.0
regir_kv0_sg,1,shuffled_labels,unmarked_frac,h_mean,0,id_train,10v10_K2,363,0.07250659385266656,100.0
regir_kv0_sg,1,shuffled_labels,unmarked_frac,h_mean,0,id_train,10v10_K3,363,0.05975776538881716,100.0
regir_kv0_sg,1,shuffled_labels,unmarked_frac,h_mean,0,id_val,10v10_K2,188,0.027534834684967868,100.0
regir_kv0_sg,1,shuffled_labels,unmarked_frac,h_mean,0,id_val,10v10_K3,183,0.040197873939597506,100.0
regir_kv0_sg,1,shuffled_labels,unmarked_frac,h_mean,0,id_test,10v10_K2,183,0.03910777856340664,100.0
regir_kv0_sg,1,shuffled_labels,unmarked_frac,h_mean,0,id_test,10v10_K3,176,0.039726266305971425,100.0
regir_kv0_sg,1,shuffled_labels,unmarked_frac,h_mean,0,ood_explore,30v30_K12,386,-0.22355017315917003,100.0
regir_kv0_sg,1,shuffled_labels,unmarked_frac,h_mean,0,ood_explore,30v30_K2,386,-0.044247044165522054,100.0
regir_kv0_sg,1,shuffled_labels,unmarked_frac,h_mean,0,ood_explore,50v50_K2,381,-0.24443751113957313,100.0
regir_kv0_sg,1,shuffled_labels,unmarked_frac,h_mean,0,ood_confirm,30v30_K12,378,-0.0761633549320202,100.0
regir_kv0_sg,1,shuffled_labels,unmarked_frac,h_mean,0,ood_confirm,30v30_K2,384,-0.10057441086180141,100.0
regir_kv0_sg,1,shuffled_labels,unmarked_frac,h_mean,0,ood_confirm,50v50_K2,396,-0.2447006699811174,100.0
regir_kv0_sg,1,shuffled_labels,unmarked_frac,h_mean,1,id_train,10v10_K2,363,0.018689005258167746,100.0
regir_kv0_sg,1,shuffled_labels,unmarked_frac,h_mean,1,id_train,10v10_K3,363,0.003915572182894733,100.0
regir_kv0_sg,1,shuffled_labels,unmarked_frac,h_mean,1,id_val,10v10_K2,188,-0.06995354100231665,100.0
regir_kv0_sg,1,shuffled_labels,unmarked_frac,h_mean,1,id_val,10v10_K3,183,0.027243285664611094,100.0
regir_kv0_sg,1,shuffled_labels,unmarked_frac,h_mean,1,id_test,10v10_K2,183,-0.024914076859231082,100.0
regir_kv0_sg,1,shuffled_labels,unmarked_frac,h_mean,1,id_test,10v10_K3,176,0.025252810051816232,100.0
regir_kv0_sg,1,shuffled_labels,unmarked_frac,h_mean,1,ood_explore,30v30_K12,386,-0.15129994130180413,100.0
regir_kv0_sg,1,shuffled_labels,unmarked_frac,h_mean,1,ood_explore,30v30_K2,386,-0.13682663414006901,100.0
regir_kv0_sg,1,shuffled_labels,unmarked_frac,h_mean,1,ood_explore,50v50_K2,381,-0.37741015057575855,100.0
regir_kv0_sg,1,shuffled_labels,unmarked_frac,h_mean,1,ood_confirm,30v30_K12,378,-0.020461134922929558,100.0
regir_kv0_sg,1,shuffled_labels,unmarked_frac,h_mean,1,ood_confirm,30v30_K2,384,-0.21646176478781598,100.0
regir_kv0_sg,1,shuffled_labels,unmarked_frac,h_mean,1,ood_confirm,50v50_K2,396,-0.38320442949325173,100.0
regir_kv0_sg,1,shuffled_labels,unmarked_frac,h_mean,2,id_train,10v10_K2,363,0.0021610812019218217,100.0
regir_kv0_sg,1,shuffled_labels,unmarked_frac,h_mean,2,id_train,10v10_K3,363,0.001248063723519488,100.0
regir_kv0_sg,1,shuffled_labels,unmarked_frac,h_mean,2,id_val,10v10_K2,188,-0.04966668271630925,100.0
regir_kv0_sg,1,shuffled_labels,unmarked_frac,h_mean,2,id_val,10v10_K3,183,0.04156810749281148,100.0
regir_kv0_sg,1,shuffled_labels,unmarked_frac,h_mean,2,id_test,10v10_K2,183,-0.035714535068642306,100.0
regir_kv0_sg,1,shuffled_labels,unmarked_frac,h_mean,2,id_test,10v10_K3,176,0.007308963114747491,100.0
regir_kv0_sg,1,shuffled_labels,unmarked_frac,h_mean,2,ood_explore,30v30_K12,386,-0.16101023937241488,100.0
regir_kv0_sg,1,shuffled_labels,unmarked_frac,h_mean,2,ood_explore,30v30_K2,386,-0.14084302334029553,100.0
regir_kv0_sg,1,shuffled_labels,unmarked_frac,h_mean,2,ood_explore,50v50_K2,381,-0.3944977661548035,100.0
regir_kv0_sg,1,shuffled_labels,unmarked_frac,h_mean,2,ood_confirm,30v30_K12,378,-0.0035608984614479144,100.0
regir_kv0_sg,1,shuffled_labels,unmarked_frac,h_mean,2,ood_confirm,30v30_K2,384,-0.23768574460233105,100.0
regir_kv0_sg,1,shuffled_labels,unmarked_frac,h_mean,2,ood_confirm,50v50_K2,396,-0.4137897106200801,100.0
regir_kv0_sg,1,shuffled_labels,unmarked_frac,h_mean,3,id_train,10v10_K2,363,-0.009698113681242404,100.0
regir_kv0_sg,1,shuffled_labels,unmarked_frac,h_mean,3,id_train,10v10_K3,363,0.003788795054529448,100.0
regir_kv0_sg,1,shuffled_labels,unmarked_frac,h_mean,3,id_val,10v10_K2,188,-0.04614942652106668,100.0
regir_kv0_sg,1,shuffled_labels,unmarked_frac,h_mean,3,id_val,10v10_K3,183,0.04270322286500583,100.0
regir_kv0_sg,1,shuffled_labels,unmarked_frac,h_mean,3,id_test,10v10_K2,183,-0.03948657639555497,100.0
regir_kv0_sg,1,shuffled_labels,unmarked_frac,h_mean,3,id_test,10v10_K3,176,0.0061969351716348875,100.0
regir_kv0_sg,1,shuffled_labels,unmarked_frac,h_mean,3,ood_explore,30v30_K12,386,-0.1531185079286208,100.0
regir_kv0_sg,1,shuffled_labels,unmarked_frac,h_mean,3,ood_explore,30v30_K2,386,-0.14426225355059885,100.0
regir_kv0_sg,1,shuffled_labels,unmarked_frac,h_mean,3,ood_explore,50v50_K2,381,-0.3802461821884402,100.0
regir_kv0_sg,1,shuffled_labels,unmarked_frac,h_mean,3,ood_confirm,30v30_K12,378,-0.0032515832133130917,100.0
regir_kv0_sg,1,shuffled_labels,unmarked_frac,h_mean,3,ood_confirm,30v30_K2,384,-0.23098609548582916,100.0
regir_kv0_sg,1,shuffled_labels,unmarked_frac,h_mean,3,ood_confirm,50v50_K2,396,-0.4064404486754938,100.0
regir_kv0_sg,1,shuffled_labels,unmarked_frac,h_mean,4,id_train,10v10_K2,363,-0.016475533232183315,100.0
regir_kv0_sg,1,shuffled_labels,unmarked_frac,h_mean,4,id_train,10v10_K3,363,0.002229501615562013,100.0
regir_kv0_sg,1,shuffled_labels,unmarked_frac,h_mean,4,id_val,10v10_K2,188,-0.047346646992532326,100.0
regir_kv0_sg,1,shuffled_labels,unmarked_frac,h_mean,4,id_val,10v10_K3,183,0.038765357763357544,100.0
regir_kv0_sg,1,shuffled_labels,unmarked_frac,h_mean,4,id_test,10v10_K2,183,-0.03561329631811816,100.0
regir_kv0_sg,1,shuffled_labels,unmarked_frac,h_mean,4,id_test,10v10_K3,176,0.010186195725987779,100.0
regir_kv0_sg,1,shuffled_labels,unmarked_frac,h_mean,4,ood_explore,30v30_K12,386,-0.15167660414859774,100.0
regir_kv0_sg,1,shuffled_labels,unmarked_frac,h_mean,4,ood_explore,30v30_K2,386,-0.14670215570427936,100.0
regir_kv0_sg,1,shuffled_labels,unmarked_frac,h_mean,4,ood_explore,50v50_K2,381,-0.3715359775731151,100.0
regir_kv0_sg,1,shuffled_labels,unmarked_frac,h_mean,4,ood_confirm,30v30_K12,378,-0.00872986822985844,100.0
regir_kv0_sg,1,shuffled_labels,unmarked_frac,h_mean,4,ood_confirm,30v30_K2,384,-0.2248195118999654,100.0
regir_kv0_sg,1,shuffled_labels,unmarked_frac,h_mean,4,ood_confirm,50v50_K2,396,-0.3976913865302758,100.0
regir_kv0_sg,1,shuffled_labels,centroid_gap,h_mean,0,id_train,10v10_K2,363,-0.1235150448400999,100.0
regir_kv0_sg,1,shuffled_labels,centroid_gap,h_mean,0,id_train,10v10_K3,363,-0.09427128439389398,100.0
regir_kv0_sg,1,shuffled_labels,centroid_gap,h_mean,0,id_val,10v10_K2,188,-0.12583407695887328,100.0
regir_kv0_sg,1,shuffled_labels,centroid_gap,h_mean,0,id_val,10v10_K3,183,-0.09392133169017503,100.0
regir_kv0_sg,1,shuffled_labels,centroid_gap,h_mean,0,id_test,10v10_K2,183,-0.10949999772055885,100.0
regir_kv0_sg,1,shuffled_labels,centroid_gap,h_mean,0,id_test,10v10_K3,176,-0.10867218917935606,100.0
regir_kv0_sg,1,shuffled_labels,centroid_gap,h_mean,0,ood_explore,30v30_K12,386,-0.10769223557059315,100.0
regir_kv0_sg,1,shuffled_labels,centroid_gap,h_mean,0,ood_explore,30v30_K2,386,-0.15447280029714183,100.0
regir_kv0_sg,1,shuffled_labels,centroid_gap,h_mean,0,ood_explore,50v50_K2,381,-0.1572539517767615,100.0
regir_kv0_sg,1,shuffled_labels,centroid_gap,h_mean,0,ood_confirm,30v30_K12,378,-0.09097514934090811,100.0
regir_kv0_sg,1,shuffled_labels,centroid_gap,h_mean,0,ood_confirm,30v30_K2,384,-0.1722465656537664,100.0
regir_kv0_sg,1,shuffled_labels,centroid_gap,h_mean,0,ood_confirm,50v50_K2,396,-0.20759539784740744,100.0
regir_kv0_sg,1,shuffled_labels,centroid_gap,h_mean,1,id_train,10v10_K2,363,-0.11306454158237811,100.0
regir_kv0_sg,1,shuffled_labels,centroid_gap,h_mean,1,id_train,10v10_K3,363,-0.1227067170116225,100.0
regir_kv0_sg,1,shuffled_labels,centroid_gap,h_mean,1,id_val,10v10_K2,188,-0.14441998149834578,100.0
regir_kv0_sg,1,shuffled_labels,centroid_gap,h_mean,1,id_val,10v10_K3,183,-0.10594427267292716,100.0
regir_kv0_sg,1,shuffled_labels,centroid_gap,h_mean,1,id_test,10v10_K2,183,-0.13390448359835783,100.0
regir_kv0_sg,1,shuffled_labels,centroid_gap,h_mean,1,id_test,10v10_K3,176,-0.13228646605797345,100.0
regir_kv0_sg,1,shuffled_labels,centroid_gap,h_mean,1,ood_explore,30v30_K12,386,-0.05766985536280389,100.0
regir_kv0_sg,1,shuffled_labels,centroid_gap,h_mean,1,ood_explore,30v30_K2,386,-0.11880457802749178,100.0
regir_kv0_sg,1,shuffled_labels,centroid_gap,h_mean,1,ood_explore,50v50_K2,381,-0.13351407380565572,100.0
regir_kv0_sg,1,shuffled_labels,centroid_gap,h_mean,1,ood_confirm,30v30_K12,378,-0.06503877523677071,100.0
regir_kv0_sg,1,shuffled_labels,centroid_gap,h_mean,1,ood_confirm,30v30_K2,384,-0.1382187571367861,100.0
regir_kv0_sg,1,shuffled_labels,centroid_gap,h_mean,1,ood_confirm,50v50_K2,396,-0.18648944609391527,100.0
regir_kv0_sg,1,shuffled_labels,centroid_gap,h_mean,2,id_train,10v10_K2,363,-0.11715972192082713,100.0
regir_kv0_sg,1,shuffled_labels,centroid_gap,h_mean,2,id_train,10v10_K3,363,-0.09953997392035152,100.0
regir_kv0_sg,1,shuffled_labels,centroid_gap,h_mean,2,id_val,10v10_K2,188,-0.13697609686598522,100.0
regir_kv0_sg,1,shuffled_labels,centroid_gap,h_mean,2,id_val,10v10_K3,183,-0.1065317078889021,100.0
regir_kv0_sg,1,shuffled_labels,centroid_gap,h_mean,2,id_test,10v10_K2,183,-0.13005587107412775,100.0
regir_kv0_sg,1,shuffled_labels,centroid_gap,h_mean,2,id_test,10v10_K3,176,-0.1255529288172419,100.0
regir_kv0_sg,1,shuffled_labels,centroid_gap,h_mean,2,ood_explore,30v30_K12,386,-0.05674379443367794,100.0
regir_kv0_sg,1,shuffled_labels,centroid_gap,h_mean,2,ood_explore,30v30_K2,386,-0.11290946157537696,100.0
regir_kv0_sg,1,shuffled_labels,centroid_gap,h_mean,2,ood_explore,50v50_K2,381,-0.15831889870056703,100.0
regir_kv0_sg,1,shuffled_labels,centroid_gap,h_mean,2,ood_confirm,30v30_K12,378,-0.05846431197147717,100.0
regir_kv0_sg,1,shuffled_labels,centroid_gap,h_mean,2,ood_confirm,30v30_K2,384,-0.16390533021011455,100.0
regir_kv0_sg,1,shuffled_labels,centroid_gap,h_mean,2,ood_confirm,50v50_K2,396,-0.23526808621727846,100.0
regir_kv0_sg,1,shuffled_labels,centroid_gap,h_mean,3,id_train,10v10_K2,363,-0.11713813979388243,100.0
regir_kv0_sg,1,shuffled_labels,centroid_gap,h_mean,3,id_train,10v10_K3,363,-0.08876168143536445,100.0
regir_kv0_sg,1,shuffled_labels,centroid_gap,h_mean,3,id_val,10v10_K2,188,-0.13813376311366343,100.0
regir_kv0_sg,1,shuffled_labels,centroid_gap,h_mean,3,id_val,10v10_K3,183,-0.09931705315542172,100.0
regir_kv0_sg,1,shuffled_labels,centroid_gap,h_mean,3,id_test,10v10_K2,183,-0.11556728222243517,100.0
regir_kv0_sg,1,shuffled_labels,centroid_gap,h_mean,3,id_test,10v10_K3,176,-0.11705172578243528,100.0
regir_kv0_sg,1,shuffled_labels,centroid_gap,h_mean,3,ood_explore,30v30_K12,386,-0.04724760187789645,100.0
regir_kv0_sg,1,shuffled_labels,centroid_gap,h_mean,3,ood_explore,30v30_K2,386,-0.1093968849128224,100.0
regir_kv0_sg,1,shuffled_labels,centroid_gap,h_mean,3,ood_explore,50v50_K2,381,-0.1387896062276528,100.0
regir_kv0_sg,1,shuffled_labels,centroid_gap,h_mean,3,ood_confirm,30v30_K12,378,-0.045419550839965295,100.0
regir_kv0_sg,1,shuffled_labels,centroid_gap,h_mean,3,ood_confirm,30v30_K2,384,-0.1441345843930537,100.0
regir_kv0_sg,1,shuffled_labels,centroid_gap,h_mean,3,ood_confirm,50v50_K2,396,-0.20779269622200025,100.0
regir_kv0_sg,1,shuffled_labels,centroid_gap,h_mean,4,id_train,10v10_K2,363,-0.11602821494645088,100.0
regir_kv0_sg,1,shuffled_labels,centroid_gap,h_mean,4,id_train,10v10_K3,363,-0.08591262172296799,100.0
regir_kv0_sg,1,shuffled_labels,centroid_gap,h_mean,4,id_val,10v10_K2,188,-0.12947191650890288,100.0
regir_kv0_sg,1,shuffled_labels,centroid_gap,h_mean,4,id_val,10v10_K3,183,-0.09852809917456784,100.0
regir_kv0_sg,1,shuffled_labels,centroid_gap,h_mean,4,id_test,10v10_K2,183,-0.11005275320456032,100.0
regir_kv0_sg,1,shuffled_labels,centroid_gap,h_mean,4,id_test,10v10_K3,176,-0.11071488791811279,100.0
regir_kv0_sg,1,shuffled_labels,centroid_gap,h_mean,4,ood_explore,30v30_K12,386,-0.041512461040405624,100.0
regir_kv0_sg,1,shuffled_labels,centroid_gap,h_mean,4,ood_explore,30v30_K2,386,-0.10587421408025421,100.0
regir_kv0_sg,1,shuffled_labels,centroid_gap,h_mean,4,ood_explore,50v50_K2,381,-0.12625327373792872,100.0
regir_kv0_sg,1,shuffled_labels,centroid_gap,h_mean,4,ood_confirm,30v30_K12,378,-0.040012372653329686,100.0
regir_kv0_sg,1,shuffled_labels,centroid_gap,h_mean,4,ood_confirm,30v30_K2,384,-0.13351374138907302,100.0
regir_kv0_sg,1,shuffled_labels,centroid_gap,h_mean,4,ood_confirm,50v50_K2,396,-0.18561017959162118,100.0
regir_kv0_sg,1,shuffled_labels,nearest_target_distance,h_mean,0,id_train,10v10_K2,363,-0.13818826308947885,10.0
regir_kv0_sg,1,shuffled_labels,nearest_target_distance,h_mean,0,id_train,10v10_K3,363,-0.12673772384656457,10.0
regir_kv0_sg,1,shuffled_labels,nearest_target_distance,h_mean,0,id_val,10v10_K2,188,-0.11657088619416078,10.0
regir_kv0_sg,1,shuffled_labels,nearest_target_distance,h_mean,0,id_val,10v10_K3,183,-0.11520842714898216,10.0
regir_kv0_sg,1,shuffled_labels,nearest_target_distance,h_mean,0,id_test,10v10_K2,183,-0.07198238994997674,10.0
regir_kv0_sg,1,shuffled_labels,nearest_target_distance,h_mean,0,id_test,10v10_K3,176,-0.14134347271799408,10.0
regir_kv0_sg,1,shuffled_labels,nearest_target_distance,h_mean,0,ood_explore,30v30_K12,386,-0.28384222238113277,10.0
regir_kv0_sg,1,shuffled_labels,nearest_target_distance,h_mean,0,ood_explore,30v30_K2,386,-0.103510423243659,10.0
regir_kv0_sg,1,shuffled_labels,nearest_target_distance,h_mean,0,ood_explore,50v50_K2,381,-0.1372624587027953,10.0
regir_kv0_sg,1,shuffled_labels,nearest_target_distance,h_mean,0,ood_confirm,30v30_K12,378,-0.3264836907976161,10.0
regir_kv0_sg,1,shuffled_labels,nearest_target_distance,h_mean,0,ood_confirm,30v30_K2,384,-0.1440918599616896,10.0
regir_kv0_sg,1,shuffled_labels,nearest_target_distance,h_mean,0,ood_confirm,50v50_K2,396,-0.10860825100990956,10.0
regir_kv0_sg,1,shuffled_labels,nearest_target_distance,h_mean,1,id_train,10v10_K2,363,-0.18557461064089886,10.0
regir_kv0_sg,1,shuffled_labels,nearest_target_distance,h_mean,1,id_train,10v10_K3,363,-0.16302762122772907,10.0
regir_kv0_sg,1,shuffled_labels,nearest_target_distance,h_mean,1,id_val,10v10_K2,188,-0.1221063082622671,10.0
regir_kv0_sg,1,shuffled_labels,nearest_target_distance,h_mean,1,id_val,10v10_K3,183,-0.14022622692899955,10.0
regir_kv0_sg,1,shuffled_labels,nearest_target_distance,h_mean,1,id_test,10v10_K2,183,-0.1366974084900905,10.0
regir_kv0_sg,1,shuffled_labels,nearest_target_distance,h_mean,1,id_test,10v10_K3,176,-0.14724641707163744,10.0
regir_kv0_sg,1,shuffled_labels,nearest_target_distance,h_mean,1,ood_explore,30v30_K12,386,-0.22234176407231154,10.0
regir_kv0_sg,1,shuffled_labels,nearest_target_distance,h_mean,1,ood_explore,30v30_K2,386,-0.12349853701169122,10.0
regir_kv0_sg,1,shuffled_labels,nearest_target_distance,h_mean,1,ood_explore,50v50_K2,381,-0.1615385265718552,10.0
regir_kv0_sg,1,shuffled_labels,nearest_target_distance,h_mean,1,ood_confirm,30v30_K12,378,-0.2658829179715858,10.0
regir_kv0_sg,1,shuffled_labels,nearest_target_distance,h_mean,1,ood_confirm,30v30_K2,384,-0.12092722748432361,10.0
regir_kv0_sg,1,shuffled_labels,nearest_target_distance,h_mean,1,ood_confirm,50v50_K2,396,-0.14268050202216775,10.0
regir_kv0_sg,1,shuffled_labels,nearest_target_distance,h_mean,2,id_train,10v10_K2,363,-0.19785258695101504,10.0
regir_kv0_sg,1,shuffled_labels,nearest_target_distance,h_mean,2,id_train,10v10_K3,363,-0.1732506361480084,10.0
regir_kv0_sg,1,shuffled_labels,nearest_target_distance,h_mean,2,id_val,10v10_K2,188,-0.13340451217614047,10.0
regir_kv0_sg,1,shuffled_labels,nearest_target_distance,h_mean,2,id_val,10v10_K3,183,-0.1462620372066863,10.0
regir_kv0_sg,1,shuffled_labels,nearest_target_distance,h_mean,2,id_test,10v10_K2,183,-0.15055398491383687,10.0
regir_kv0_sg,1,shuffled_labels,nearest_target_distance,h_mean,2,id_test,10v10_K3,176,-0.15947761799557747,10.0
regir_kv0_sg,1,shuffled_labels,nearest_target_distance,h_mean,2,ood_explore,30v30_K12,386,-0.08744126625121096,10.0
regir_kv0_sg,1,shuffled_labels,nearest_target_distance,h_mean,2,ood_explore,30v30_K2,386,-0.15656791269149228,10.0
regir_kv0_sg,1,shuffled_labels,nearest_target_distance,h_mean,2,ood_explore,50v50_K2,381,-0.17844420694580432,10.0
regir_kv0_sg,1,shuffled_labels,nearest_target_distance,h_mean,2,ood_confirm,30v30_K12,378,-0.1274822744044788,10.0
regir_kv0_sg,1,shuffled_labels,nearest_target_distance,h_mean,2,ood_confirm,30v30_K2,384,-0.18004500028790305,10.0
regir_kv0_sg,1,shuffled_labels,nearest_target_distance,h_mean,2,ood_confirm,50v50_K2,396,-0.1687821590819507,10.0
regir_kv0_sg,1,shuffled_labels,nearest_target_distance,h_mean,3,id_train,10v10_K2,363,-0.19549424529013337,10.0
regir_kv0_sg,1,shuffled_labels,nearest_target_distance,h_mean,3,id_train,10v10_K3,363,-0.17461456783269647,10.0
regir_kv0_sg,1,shuffled_labels,nearest_target_distance,h_mean,3,id_val,10v10_K2,188,-0.10325534170789408,10.0
regir_kv0_sg,1,shuffled_labels,nearest_target_distance,h_mean,3,id_val,10v10_K3,183,-0.14306346896029765,10.0
regir_kv0_sg,1,shuffled_labels,nearest_target_distance,h_mean,3,id_test,10v10_K2,183,-0.165393077041061,10.0
regir_kv0_sg,1,shuffled_labels,nearest_target_distance,h_mean,3,id_test,10v10_K3,176,-0.15662716803896104,10.0
regir_kv0_sg,1,shuffled_labels,nearest_target_distance,h_mean,3,ood_explore,30v30_K12,386,-0.10627223240906125,10.0
regir_kv0_sg,1,shuffled_labels,nearest_target_distance,h_mean,3,ood_explore,30v30_K2,386,-0.17380080660511843,10.0
regir_kv0_sg,1,shuffled_labels,nearest_target_distance,h_mean,3,ood_explore,50v50_K2,381,-0.20610935153855148,10.0
regir_kv0_sg,1,shuffled_labels,nearest_target_distance,h_mean,3,ood_confirm,30v30_K12,378,-0.15334838670092932,10.0
regir_kv0_sg,1,shuffled_labels,nearest_target_distance,h_mean,3,ood_confirm,30v30_K2,384,-0.23682301806272577,10.0
regir_kv0_sg,1,shuffled_labels,nearest_target_distance,h_mean,3,ood_confirm,50v50_K2,396,-0.1915435265959078,10.0
regir_kv0_sg,1,shuffled_labels,nearest_target_distance,h_mean,4,id_train,10v10_K2,363,-0.19412350599060635,10.0
regir_kv0_sg,1,shuffled_labels,nearest_target_distance,h_mean,4,id_train,10v10_K3,363,-0.17812647356031874,10.0
regir_kv0_sg,1,shuffled_labels,nearest_target_distance,h_mean,4,id_val,10v10_K2,188,-0.09400273962380257,10.0
regir_kv0_sg,1,shuffled_labels,nearest_target_distance,h_mean,4,id_val,10v10_K3,183,-0.14877098512163567,10.0
regir_kv0_sg,1,shuffled_labels,nearest_target_distance,h_mean,4,id_test,10v10_K2,183,-0.16830390945793194,10.0
regir_kv0_sg,1,shuffled_labels,nearest_target_distance,h_mean,4,id_test,10v10_K3,176,-0.1633728404017354,10.0
regir_kv0_sg,1,shuffled_labels,nearest_target_distance,h_mean,4,ood_explore,30v30_K12,386,-0.14274871287245539,10.0
regir_kv0_sg,1,shuffled_labels,nearest_target_distance,h_mean,4,ood_explore,30v30_K2,386,-0.18514975067634842,10.0
regir_kv0_sg,1,shuffled_labels,nearest_target_distance,h_mean,4,ood_explore,50v50_K2,381,-0.23131866314380733,10.0
regir_kv0_sg,1,shuffled_labels,nearest_target_distance,h_mean,4,ood_confirm,30v30_K12,378,-0.1909781093578058,10.0
regir_kv0_sg,1,shuffled_labels,nearest_target_distance,h_mean,4,ood_confirm,30v30_K2,384,-0.27378642849333357,10.0
regir_kv0_sg,1,shuffled_labels,nearest_target_distance,h_mean,4,ood_confirm,50v50_K2,396,-0.2195777471376945,10.0
regir_kv0_sg,1,shuffled_labels,threat,readout,0,id_train,10v10_K2,363,-0.03642822270031565,100.0
regir_kv0_sg,1,shuffled_labels,threat,readout,0,id_train,10v10_K3,363,-0.0424603616299033,100.0
regir_kv0_sg,1,shuffled_labels,threat,readout,0,id_val,10v10_K2,188,-0.3900585803300083,100.0
regir_kv0_sg,1,shuffled_labels,threat,readout,0,id_val,10v10_K3,183,-0.06223563005336574,100.0
regir_kv0_sg,1,shuffled_labels,threat,readout,0,id_test,10v10_K2,183,-0.1135728373960212,100.0
regir_kv0_sg,1,shuffled_labels,threat,readout,0,id_test,10v10_K3,176,-0.07965380900576413,100.0
regir_kv0_sg,1,shuffled_labels,threat,readout,0,ood_explore,30v30_K12,386,-0.032106897919874866,100.0
regir_kv0_sg,1,shuffled_labels,threat,readout,0,ood_explore,30v30_K2,386,-0.04435684104860593,100.0
regir_kv0_sg,1,shuffled_labels,threat,readout,0,ood_explore,50v50_K2,381,-0.0229540213883217,100.0
regir_kv0_sg,1,shuffled_labels,threat,readout,0,ood_confirm,30v30_K12,378,-0.04101306548504979,100.0
regir_kv0_sg,1,shuffled_labels,threat,readout,0,ood_confirm,30v30_K2,384,-0.023459160549620828,100.0
regir_kv0_sg,1,shuffled_labels,threat,readout,0,ood_confirm,50v50_K2,396,-0.02642610050962868,100.0
regir_kv0_sg,1,shuffled_labels,threat,readout,1,id_train,10v10_K2,363,-0.033006532805786915,100.0
regir_kv0_sg,1,shuffled_labels,threat,readout,1,id_train,10v10_K3,363,-0.026005976041735046,100.0
regir_kv0_sg,1,shuffled_labels,threat,readout,1,id_val,10v10_K2,188,-0.40362198654139014,100.0
regir_kv0_sg,1,shuffled_labels,threat,readout,1,id_val,10v10_K3,183,-0.016070661378961182,100.0
regir_kv0_sg,1,shuffled_labels,threat,readout,1,id_test,10v10_K2,183,-0.07136423324194374,100.0
regir_kv0_sg,1,shuffled_labels,threat,readout,1,id_test,10v10_K3,176,-0.06272742953664245,100.0
regir_kv0_sg,1,shuffled_labels,threat,readout,1,ood_explore,30v30_K12,386,-0.03184750016339932,100.0
regir_kv0_sg,1,shuffled_labels,threat,readout,1,ood_explore,30v30_K2,386,0.008192053926934006,100.0
regir_kv0_sg,1,shuffled_labels,threat,readout,1,ood_explore,50v50_K2,381,0.007513599476722477,100.0
regir_kv0_sg,1,shuffled_labels,threat,readout,1,ood_confirm,30v30_K12,378,-0.020222998570724293,100.0
regir_kv0_sg,1,shuffled_labels,threat,readout,1,ood_confirm,30v30_K2,384,0.004781227591041937,100.0
regir_kv0_sg,1,shuffled_labels,threat,readout,1,ood_confirm,50v50_K2,396,0.01739653077301495,100.0
regir_kv0_sg,1,shuffled_labels,threat,readout,2,id_train,10v10_K2,363,-0.010660602797480268,100.0
regir_kv0_sg,1,shuffled_labels,threat,readout,2,id_train,10v10_K3,363,-0.01993930334843763,100.0
regir_kv0_sg,1,shuffled_labels,threat,readout,2,id_val,10v10_K2,188,-0.4001122241424182,100.0
regir_kv0_sg,1,shuffled_labels,threat,readout,2,id_val,10v10_K3,183,-0.02090203896649956,100.0
regir_kv0_sg,1,shuffled_labels,threat,readout,2,id_test,10v10_K2,183,-0.08087995763505162,100.0
regir_kv0_sg,1,shuffled_labels,threat,readout,2,id_test,10v10_K3,176,-0.050521391720016906,100.0
regir_kv0_sg,1,shuffled_labels,threat,readout,2,ood_explore,30v30_K12,386,-0.03014154860265883,100.0
regir_kv0_sg,1,shuffled_labels,threat,readout,2,ood_explore,30v30_K2,386,0.02037708348771161,100.0
regir_kv0_sg,1,shuffled_labels,threat,readout,2,ood_explore,50v50_K2,381,0.010738152831745396,100.0
regir_kv0_sg,1,shuffled_labels,threat,readout,2,ood_confirm,30v30_K12,378,-0.014452485551599947,100.0
regir_kv0_sg,1,shuffled_labels,threat,readout,2,ood_confirm,30v30_K2,384,0.003981539377791887,100.0
regir_kv0_sg,1,shuffled_labels,threat,readout,2,ood_confirm,50v50_K2,396,0.015505293619545446,100.0
regir_kv0_sg,1,shuffled_labels,threat,readout,3,id_train,10v10_K2,363,0.018498250163149543,100.0
regir_kv0_sg,1,shuffled_labels,threat,readout,3,id_train,10v10_K3,363,-0.012428334787226492,100.0
regir_kv0_sg,1,shuffled_labels,threat,readout,3,id_val,10v10_K2,188,-0.3545344996621953,100.0
regir_kv0_sg,1,shuffled_labels,threat,readout,3,id_val,10v10_K3,183,-0.012477276624956568,100.0
regir_kv0_sg,1,shuffled_labels,threat,readout,3,id_test,10v10_K2,183,-0.09448769597579587,100.0
regir_kv0_sg,1,shuffled_labels,threat,readout,3,id_test,10v10_K3,176,-0.03336373944365034,100.0
regir_kv0_sg,1,shuffled_labels,threat,readout,3,ood_explore,30v30_K12,386,-0.017245657412743753,100.0
regir_kv0_sg,1,shuffled_labels,threat,readout,3,ood_explore,30v30_K2,386,0.020941320018869947,100.0
regir_kv0_sg,1,shuffled_labels,threat,readout,3,ood_explore,50v50_K2,381,-0.0004829055644113289,100.0
regir_kv0_sg,1,shuffled_labels,threat,readout,3,ood_confirm,30v30_K12,378,0.00816327520901361,100.0
regir_kv0_sg,1,shuffled_labels,threat,readout,3,ood_confirm,30v30_K2,384,-0.0051118170021982046,100.0
regir_kv0_sg,1,shuffled_labels,threat,readout,3,ood_confirm,50v50_K2,396,0.0006266107645533925,100.0
regir_kv0_sg,1,shuffled_labels,unmarked_frac,readout,0,id_train,10v10_K2,363,-0.008501995902309156,100.0
regir_kv0_sg,1,shuffled_labels,unmarked_frac,readout,0,id_train,10v10_K3,363,-0.012647431919502683,100.0
regir_kv0_sg,1,shuffled_labels,unmarked_frac,readout,0,id_val,10v10_K2,188,-0.04905335674905098,100.0
regir_kv0_sg,1,shuffled_labels,unmarked_frac,readout,0,id_val,10v10_K3,183,0.0199350293931847,100.0
regir_kv0_sg,1,shuffled_labels,unmarked_frac,readout,0,id_test,10v10_K2,183,-0.06458145284078709,100.0
regir_kv0_sg,1,shuffled_labels,unmarked_frac,readout,0,id_test,10v10_K3,176,0.0019734543492198053,100.0
regir_kv0_sg,1,shuffled_labels,unmarked_frac,readout,0,ood_explore,30v30_K12,386,-0.3255453377571187,100.0
regir_kv0_sg,1,shuffled_labels,unmarked_frac,readout,0,ood_explore,30v30_K2,386,-0.16043496980550764,100.0
regir_kv0_sg,1,shuffled_labels,unmarked_frac,readout,0,ood_explore,50v50_K2,381,-0.42929551690877066,100.0
regir_kv0_sg,1,shuffled_labels,unmarked_frac,readout,0,ood_confirm,30v30_K12,378,-0.13438427591765967,100.0
regir_kv0_sg,1,shuffled_labels,unmarked_frac,readout,0,ood_confirm,30v30_K2,384,-0.2539821052113813,100.0
regir_kv0_sg,1,shuffled_labels,unmarked_frac,readout,0,ood_confirm,50v50_K2,396,-0.43668972319788235,100.0
regir_kv0_sg,1,shuffled_labels,unmarked_frac,readout,1,id_train,10v10_K2,363,0.007525940718307478,100.0
regir_kv0_sg,1,shuffled_labels,unmarked_frac,readout,1,id_train,10v10_K3,363,0.017713422485859054,100.0
regir_kv0_sg,1,shuffled_labels,unmarked_frac,readout,1,id_val,10v10_K2,188,-0.002545962192596063,100.0
regir_kv0_sg,1,shuffled_labels,unmarked_frac,readout,1,id_val,10v10_K3,183,0.021050662505433637,100.0
regir_kv0_sg,1,shuffled_labels,unmarked_frac,readout,1,id_test,10v10_K2,183,-0.019432510782532386,100.0
regir_kv0_sg,1,shuffled_labels,unmarked_frac,readout,1,id_test,10v10_K3,176,-0.0059084677478404846,100.0
regir_kv0_sg,1,shuffled_labels,unmarked_frac,readout,1,ood_explore,30v30_K12,386,-0.3069124226108071,100.0
regir_kv0_sg,1,shuffled_labels,unmarked_frac,readout,1,ood_explore,30v30_K2,386,-0.14466460197463715,100.0
regir_kv0_sg,1,shuffled_labels,unmarked_frac,readout,1,ood_explore,50v50_K2,381,-0.4204061102372545,100.0
regir_kv0_sg,1,shuffled_labels,unmarked_frac,readout,1,ood_confirm,30v30_K12,378,-0.13055519055272669,100.0
regir_kv0_sg,1,shuffled_labels,unmarked_frac,readout,1,ood_confirm,30v30_K2,384,-0.24882014346915127,100.0
regir_kv0_sg,1,shuffled_labels,unmarked_frac,readout,1,ood_confirm,50v50_K2,396,-0.37802868352305774,100.0
regir_kv0_sg,1,shuffled_labels,unmarked_frac,readout,2,id_train,10v10_K2,363,-0.009128678479649377,100.0
regir_kv0_sg,1,shuffled_labels,unmarked_frac,readout,2,id_train,10v10_K3,363,0.008551104056918835,100.0
regir_kv0_sg,1,shuffled_labels,unmarked_frac,readout,2,id_val,10v10_K2,188,-0.017682055825675613,100.0
regir_kv0_sg,1,shuffled_labels,unmarked_frac,readout,2,id_val,10v10_K3,183,0.0032827026688642125,100.0
regir_kv0_sg,1,shuffled_labels,unmarked_frac,readout,2,id_test,10v10_K2,183,-0.032920378261265704,100.0
regir_kv0_sg,1,shuffled_labels,unmarked_frac,readout,2,id_test,10v10_K3,176,-0.038073108932379585,100.0
regir_kv0_sg,1,shuffled_labels,unmarked_frac,readout,2,ood_explore,30v30_K12,386,-0.31840459672829513,100.0
regir_kv0_sg,1,shuffled_labels,unmarked_frac,readout,2,ood_explore,30v30_K2,386,-0.1619341199633959,100.0
regir_kv0_sg,1,shuffled_labels,unmarked_frac,readout,2,ood_explore,50v50_K2,381,-0.44168492208122534,100.0
regir_kv0_sg,1,shuffled_labels,unmarked_frac,readout,2,ood_confirm,30v30_K12,378,-0.14843762513804237,100.0
regir_kv0_sg,1,shuffled_labels,unmarked_frac,readout,2,ood_confirm,30v30_K2,384,-0.2748634314298386,100.0
regir_kv0_sg,1,shuffled_labels,unmarked_frac,readout,2,ood_confirm,50v50_K2,396,-0.3822362503782122,100.0
regir_kv0_sg,1,shuffled_labels,unmarked_frac,readout,3,id_train,10v10_K2,363,-0.00043173694673726004,100.0
regir_kv0_sg,1,shuffled_labels,unmarked_frac,readout,3,id_train,10v10_K3,363,0.015168100225806502,100.0
regir_kv0_sg,1,shuffled_labels,unmarked_frac,readout,3,id_val,10v10_K2,188,-0.02036312660067785,100.0
regir_kv0_sg,1,shuffled_labels,unmarked_frac,readout,3,id_val,10v10_K3,183,-0.001053921248253653,100.0
regir_kv0_sg,1,shuffled_labels,unmarked_frac,readout,3,id_test,10v10_K2,183,-0.029124478320884162,100.0
regir_kv0_sg,1,shuffled_labels,unmarked_frac,readout,3,id_test,10v10_K3,176,-0.03535989600296441,100.0
regir_kv0_sg,1,shuffled_labels,unmarked_frac,readout,3,ood_explore,30v30_K12,386,-0.29754693552862665,100.0
regir_kv0_sg,1,shuffled_labels,unmarked_frac,readout,3,ood_explore,30v30_K2,386,-0.15306446338854918,100.0
regir_kv0_sg,1,shuffled_labels,unmarked_frac,readout,3,ood_explore,50v50_K2,381,-0.4435767623511775,100.0
regir_kv0_sg,1,shuffled_labels,unmarked_frac,readout,3,ood_confirm,30v30_K12,378,-0.14299560841564962,100.0
regir_kv0_sg,1,shuffled_labels,unmarked_frac,readout,3,ood_confirm,30v30_K2,384,-0.29103442156574455,100.0
regir_kv0_sg,1,shuffled_labels,unmarked_frac,readout,3,ood_confirm,50v50_K2,396,-0.39533018889119065,100.0
regir_kv0_sg,1,shuffled_labels,centroid_gap,readout,0,id_train,10v10_K2,363,-0.08586019199820316,100.0
regir_kv0_sg,1,shuffled_labels,centroid_gap,readout,0,id_train,10v10_K3,363,-0.12113643719156286,100.0
regir_kv0_sg,1,shuffled_labels,centroid_gap,readout,0,id_val,10v10_K2,188,-0.09719925187960743,100.0
regir_kv0_sg,1,shuffled_labels,centroid_gap,readout,0,id_val,10v10_K3,183,-0.10313781008244294,100.0
regir_kv0_sg,1,shuffled_labels,centroid_gap,readout,0,id_test,10v10_K2,183,-0.0874359314078672,100.0
regir_kv0_sg,1,shuffled_labels,centroid_gap,readout,0,id_test,10v10_K3,176,-0.1252087261026078,100.0
regir_kv0_sg,1,shuffled_labels,centroid_gap,readout,0,ood_explore,30v30_K12,386,-0.1395420362246751,100.0
regir_kv0_sg,1,shuffled_labels,centroid_gap,readout,0,ood_explore,30v30_K2,386,-0.09033366851314661,100.0
regir_kv0_sg,1,shuffled_labels,centroid_gap,readout,0,ood_explore,50v50_K2,381,-0.0933832289201808,100.0
regir_kv0_sg,1,shuffled_labels,centroid_gap,readout,0,ood_confirm,30v30_K12,378,-0.12642568829645295,100.0
regir_kv0_sg,1,shuffled_labels,centroid_gap,readout,0,ood_confirm,30v30_K2,384,-0.10071500358142993,100.0
regir_kv0_sg,1,shuffled_labels,centroid_gap,readout,0,ood_confirm,50v50_K2,396,-0.11883781900646118,100.0
regir_kv0_sg,1,shuffled_labels,centroid_gap,readout,1,id_train,10v10_K2,363,-0.0670287630539812,100.0
regir_kv0_sg,1,shuffled_labels,centroid_gap,readout,1,id_train,10v10_K3,363,-0.07955946673904735,100.0
regir_kv0_sg,1,shuffled_labels,centroid_gap,readout,1,id_val,10v10_K2,188,-0.0897757852330574,100.0
regir_kv0_sg,1,shuffled_labels,centroid_gap,readout,1,id_val,10v10_K3,183,-0.05601904429191973,100.0
regir_kv0_sg,1,shuffled_labels,centroid_gap,readout,1,id_test,10v10_K2,183,-0.03583038808680228,100.0
regir_kv0_sg,1,shuffled_labels,centroid_gap,readout,1,id_test,10v10_K3,176,-0.0798154920665175,100.0
regir_kv0_sg,1,shuffled_labels,centroid_gap,readout,1,ood_explore,30v30_K12,386,-0.12297066941717172,100.0
regir_kv0_sg,1,shuffled_labels,centroid_gap,readout,1,ood_explore,30v30_K2,386,-0.04978348469663296,100.0
regir_kv0_sg,1,shuffled_labels,centroid_gap,readout,1,ood_explore,50v50_K2,381,-0.02285888615385856,100.0
regir_kv0_sg,1,shuffled_labels,centroid_gap,readout,1,ood_confirm,30v30_K12,378,-0.07819259414306412,100.0
regir_kv0_sg,1,shuffled_labels,centroid_gap,readout,1,ood_confirm,30v30_K2,384,-0.051577231733761275,100.0
regir_kv0_sg,1,shuffled_labels,centroid_gap,readout,1,ood_confirm,50v50_K2,396,-0.0844000077791569,100.0
regir_kv0_sg,1,shuffled_labels,centroid_gap,readout,2,id_train,10v10_K2,363,-0.08583791751312231,100.0
regir_kv0_sg,1,shuffled_labels,centroid_gap,readout,2,id_train,10v10_K3,363,-0.0833208652390145,100.0
regir_kv0_sg,1,shuffled_labels,centroid_gap,readout,2,id_val,10v10_K2,188,-0.1241443176966639,100.0
regir_kv0_sg,1,shuffled_labels,centroid_gap,readout,2,id_val,10v10_K3,183,-0.07175052358961631,100.0
regir_kv0_sg,1,shuffled_labels,centroid_gap,readout,2,id_test,10v10_K2,183,-0.0562730398606508,100.0
regir_kv0_sg,1,shuffled_labels,centroid_gap,readout,2,id_test,10v10_K3,176,-0.10805683352906525,100.0
regir_kv0_sg,1,shuffled_labels,centroid_gap,readout,2,ood_explore,30v30_K12,386,-0.14174391436544198,100.0
regir_kv0_sg,1,shuffled_labels,centroid_gap,readout,2,ood_explore,30v30_K2,386,-0.08682894901549654,100.0
regir_kv0_sg,1,shuffled_labels,centroid_gap,readout,2,ood_explore,50v50_K2,381,-0.0564563534277196,100.0
regir_kv0_sg,1,shuffled_labels,centroid_gap,readout,2,ood_confirm,30v30_K12,378,-0.09738718635450949,100.0
regir_kv0_sg,1,shuffled_labels,centroid_gap,readout,2,ood_confirm,30v30_K2,384,-0.08843958348696535,100.0
regir_kv0_sg,1,shuffled_labels,centroid_gap,readout,2,ood_confirm,50v50_K2,396,-0.11502572333219563,100.0
regir_kv0_sg,1,shuffled_labels,centroid_gap,readout,3,id_train,10v10_K2,363,-0.08230796617510228,100.0
regir_kv0_sg,1,shuffled_labels,centroid_gap,readout,3,id_train,10v10_K3,363,-0.06438880477219011,100.0
regir_kv0_sg,1,shuffled_labels,centroid_gap,readout,3,id_val,10v10_K2,188,-0.10969296458724243,100.0
regir_kv0_sg,1,shuffled_labels,centroid_gap,readout,3,id_val,10v10_K3,183,-0.060893751526995166,100.0
regir_kv0_sg,1,shuffled_labels,centroid_gap,readout,3,id_test,10v10_K2,183,-0.06142505792202657,100.0
regir_kv0_sg,1,shuffled_labels,centroid_gap,readout,3,id_test,10v10_K3,176,-0.09183730672375567,100.0
regir_kv0_sg,1,shuffled_labels,centroid_gap,readout,3,ood_explore,30v30_K12,386,-0.10010824943776275,100.0
regir_kv0_sg,1,shuffled_labels,centroid_gap,readout,3,ood_explore,30v30_K2,386,-0.09109420880710362,100.0
regir_kv0_sg,1,shuffled_labels,centroid_gap,readout,3,ood_explore,50v50_K2,381,-0.07127586010171094,100.0
regir_kv0_sg,1,shuffled_labels,centroid_gap,readout,3,ood_confirm,30v30_K12,378,-0.0875631111496924,100.0
regir_kv0_sg,1,shuffled_labels,centroid_gap,readout,3,ood_confirm,30v30_K2,384,-0.09773882328314998,100.0
regir_kv0_sg,1,shuffled_labels,centroid_gap,readout,3,ood_confirm,50v50_K2,396,-0.11035223741173228,100.0
regir_kv0_sg,1,shuffled_labels,nearest_target_distance,readout,0,id_train,10v10_K2,363,-0.1279071095970663,100.0
regir_kv0_sg,1,shuffled_labels,nearest_target_distance,readout,0,id_train,10v10_K3,363,-0.1224442267459398,100.0
regir_kv0_sg,1,shuffled_labels,nearest_target_distance,readout,0,id_val,10v10_K2,188,-0.1161243070915039,100.0
regir_kv0_sg,1,shuffled_labels,nearest_target_distance,readout,0,id_val,10v10_K3,183,-0.15009136755201125,100.0
regir_kv0_sg,1,shuffled_labels,nearest_target_distance,readout,0,id_test,10v10_K2,183,-0.13044611167103026,100.0
regir_kv0_sg,1,shuffled_labels,nearest_target_distance,readout,0,id_test,10v10_K3,176,-0.15985346187380323,100.0
regir_kv0_sg,1,shuffled_labels,nearest_target_distance,readout,0,ood_explore,30v30_K12,386,-0.24547174960025897,100.0
regir_kv0_sg,1,shuffled_labels,nearest_target_distance,readout,0,ood_explore,30v30_K2,386,-0.12297414301086773,100.0
regir_kv0_sg,1,shuffled_labels,nearest_target_distance,readout,0,ood_explore,50v50_K2,381,-0.12622091979696637,100.0
regir_kv0_sg,1,shuffled_labels,nearest_target_distance,readout,0,ood_confirm,30v30_K12,378,-0.3269677411716303,100.0
regir_kv0_sg,1,shuffled_labels,nearest_target_distance,readout,0,ood_confirm,30v30_K2,384,-0.12327812635960989,100.0
regir_kv0_sg,1,shuffled_labels,nearest_target_distance,readout,0,ood_confirm,50v50_K2,396,-0.12746157666420754,100.0
regir_kv0_sg,1,shuffled_labels,nearest_target_distance,readout,1,id_train,10v10_K2,363,-0.1043713666997288,100.0
regir_kv0_sg,1,shuffled_labels,nearest_target_distance,readout,1,id_train,10v10_K3,363,-0.11049567584449482,100.0
regir_kv0_sg,1,shuffled_labels,nearest_target_distance,readout,1,id_val,10v10_K2,188,-0.1169839327306248,100.0
regir_kv0_sg,1,shuffled_labels,nearest_target_distance,readout,1,id_val,10v10_K3,183,-0.11899008033538361,100.0
regir_kv0_sg,1,shuffled_labels,nearest_target_distance,readout,1,id_test,10v10_K2,183,-0.12042360033944766,100.0
regir_kv0_sg,1,shuffled_labels,nearest_target_distance,readout,1,id_test,10v10_K3,176,-0.11140551234170748,100.0
regir_kv0_sg,1,shuffled_labels,nearest_target_distance,readout,1,ood_explore,30v30_K12,386,-0.2469060838651158,100.0
regir_kv0_sg,1,shuffled_labels,nearest_target_distance,readout,1,ood_explore,30v30_K2,386,-0.09258219584344252,100.0
regir_kv0_sg,1,shuffled_labels,nearest_target_distance,readout,1,ood_explore,50v50_K2,381,-0.11301719955353784,100.0
regir_kv0_sg,1,shuffled_labels,nearest_target_distance,readout,1,ood_confirm,30v30_K12,378,-0.29105114990841785,100.0
regir_kv0_sg,1,shuffled_labels,nearest_target_distance,readout,1,ood_confirm,30v30_K2,384,-0.11078525896478952,100.0
regir_kv0_sg,1,shuffled_labels,nearest_target_distance,readout,1,ood_confirm,50v50_K2,396,-0.09474591415095568,100.0
regir_kv0_sg,1,shuffled_labels,nearest_target_distance,readout,2,id_train,10v10_K2,363,-0.11941132259367304,100.0
regir_kv0_sg,1,shuffled_labels,nearest_target_distance,readout,2,id_train,10v10_K3,363,-0.14435408811522255,100.0
regir_kv0_sg,1,shuffled_labels,nearest_target_distance,readout,2,id_val,10v10_K2,188,-0.12500526065313777,100.0
regir_kv0_sg,1,shuffled_labels,nearest_target_distance,readout,2,id_val,10v10_K3,183,-0.14226899975611462,100.0
regir_kv0_sg,1,shuffled_labels,nearest_target_distance,readout,2,id_test,10v10_K2,183,-0.13535986991301074,100.0
regir_kv0_sg,1,shuffled_labels,nearest_target_distance,readout,2,id_test,10v10_K3,176,-0.1299400374293851,100.0
regir_kv0_sg,1,shuffled_labels,nearest_target_distance,readout,2,ood_explore,30v30_K12,386,-0.27008465231677703,100.0
regir_kv0_sg,1,shuffled_labels,nearest_target_distance,readout,2,ood_explore,30v30_K2,386,-0.10610454544195824,100.0
regir_kv0_sg,1,shuffled_labels,nearest_target_distance,readout,2,ood_explore,50v50_K2,381,-0.11513946117109963,100.0
regir_kv0_sg,1,shuffled_labels,nearest_target_distance,readout,2,ood_confirm,30v30_K12,378,-0.3272440489096138,100.0
regir_kv0_sg,1,shuffled_labels,nearest_target_distance,readout,2,ood_confirm,30v30_K2,384,-0.12022138544006289,100.0
regir_kv0_sg,1,shuffled_labels,nearest_target_distance,readout,2,ood_confirm,50v50_K2,396,-0.11135188133415475,100.0
regir_kv0_sg,1,shuffled_labels,nearest_target_distance,readout,3,id_train,10v10_K2,363,-0.13984107821665992,100.0
regir_kv0_sg,1,shuffled_labels,nearest_target_distance,readout,3,id_train,10v10_K3,363,-0.16587860265645715,100.0
regir_kv0_sg,1,shuffled_labels,nearest_target_distance,readout,3,id_val,10v10_K2,188,-0.1311288817027605,100.0
regir_kv0_sg,1,shuffled_labels,nearest_target_distance,readout,3,id_val,10v10_K3,183,-0.15575821924144484,100.0
regir_kv0_sg,1,shuffled_labels,nearest_target_distance,readout,3,id_test,10v10_K2,183,-0.1548731826851366,100.0
regir_kv0_sg,1,shuffled_labels,nearest_target_distance,readout,3,id_test,10v10_K3,176,-0.1678531637354761,100.0
regir_kv0_sg,1,shuffled_labels,nearest_target_distance,readout,3,ood_explore,30v30_K12,386,-0.2985678835449854,100.0
regir_kv0_sg,1,shuffled_labels,nearest_target_distance,readout,3,ood_explore,30v30_K2,386,-0.12261691176601941,100.0
regir_kv0_sg,1,shuffled_labels,nearest_target_distance,readout,3,ood_explore,50v50_K2,381,-0.12675151724535105,100.0
regir_kv0_sg,1,shuffled_labels,nearest_target_distance,readout,3,ood_confirm,30v30_K12,378,-0.35339853608305005,100.0
regir_kv0_sg,1,shuffled_labels,nearest_target_distance,readout,3,ood_confirm,30v30_K2,384,-0.15289740301695653,100.0
regir_kv0_sg,1,shuffled_labels,nearest_target_distance,readout,3,ood_confirm,50v50_K2,396,-0.12352899603320466,100.0
regir_kv0_sg,4,trained,threat,h_mean,0,id_train,10v10_K2,363,0.5619070634797745,10.0
regir_kv0_sg,4,trained,threat,h_mean,0,id_train,10v10_K3,363,0.4676625578514556,10.0
regir_kv0_sg,4,trained,threat,h_mean,0,id_val,10v10_K2,188,-0.27343689748788536,10.0
regir_kv0_sg,4,trained,threat,h_mean,0,id_val,10v10_K3,183,0.2220089217934662,10.0
regir_kv0_sg,4,trained,threat,h_mean,0,id_test,10v10_K2,183,0.1760609302971724,10.0
regir_kv0_sg,4,trained,threat,h_mean,0,id_test,10v10_K3,176,0.1964698413334074,10.0
regir_kv0_sg,4,trained,threat,h_mean,0,ood_explore,30v30_K12,386,0.262471694960981,10.0
regir_kv0_sg,4,trained,threat,h_mean,0,ood_explore,30v30_K2,386,0.3131888398831626,10.0
regir_kv0_sg,4,trained,threat,h_mean,0,ood_explore,50v50_K2,381,0.225755719293106,10.0
regir_kv0_sg,4,trained,threat,h_mean,0,ood_confirm,30v30_K12,378,0.4224703956295264,10.0
regir_kv0_sg,4,trained,threat,h_mean,0,ood_confirm,30v30_K2,384,0.21182236828023293,10.0
regir_kv0_sg,4,trained,threat,h_mean,0,ood_confirm,50v50_K2,396,-0.08363717936191573,10.0
regir_kv0_sg,4,trained,threat,h_mean,1,id_train,10v10_K2,363,0.6691188826255734,10.0
regir_kv0_sg,4,trained,threat,h_mean,1,id_train,10v10_K3,363,0.6110085931920755,10.0
regir_kv0_sg,4,trained,threat,h_mean,1,id_val,10v10_K2,188,0.03586087146292272,10.0
regir_kv0_sg,4,trained,threat,h_mean,1,id_val,10v10_K3,183,0.29828973338530296,10.0
regir_kv0_sg,4,trained,threat,h_mean,1,id_test,10v10_K2,183,0.1254312982353477,10.0
regir_kv0_sg,4,trained,threat,h_mean,1,id_test,10v10_K3,176,0.3673252247651577,10.0
regir_kv0_sg,4,trained,threat,h_mean,1,ood_explore,30v30_K12,386,0.5125953950809068,10.0
regir_kv0_sg,4,trained,threat,h_mean,1,ood_explore,30v30_K2,386,0.6304308648875432,10.0
regir_kv0_sg,4,trained,threat,h_mean,1,ood_explore,50v50_K2,381,0.5642952256229079,10.0
regir_kv0_sg,4,trained,threat,h_mean,1,ood_confirm,30v30_K12,378,0.613981473232203,10.0
regir_kv0_sg,4,trained,threat,h_mean,1,ood_confirm,30v30_K2,384,0.5359666216953219,10.0
regir_kv0_sg,4,trained,threat,h_mean,1,ood_confirm,50v50_K2,396,0.3111374632900803,10.0
regir_kv0_sg,4,trained,threat,h_mean,2,id_train,10v10_K2,363,0.6381152321921817,10.0
regir_kv0_sg,4,trained,threat,h_mean,2,id_train,10v10_K3,363,0.5965150833199941,10.0
regir_kv0_sg,4,trained,threat,h_mean,2,id_val,10v10_K2,188,-0.012200372796171921,10.0
regir_kv0_sg,4,trained,threat,h_mean,2,id_val,10v10_K3,183,0.2810900272998321,10.0
regir_kv0_sg,4,trained,threat,h_mean,2,id_test,10v10_K2,183,0.0724957417073876,10.0
regir_kv0_sg,4,trained,threat,h_mean,2,id_test,10v10_K3,176,0.39405167645278694,10.0
regir_kv0_sg,4,trained,threat,h_mean,2,ood_explore,30v30_K12,386,0.4902878777800813,10.0
regir_kv0_sg,4,trained,threat,h_mean,2,ood_explore,30v30_K2,386,0.5925278131585738,10.0
regir_kv0_sg,4,trained,threat,h_mean,2,ood_explore,50v50_K2,381,0.5701326376468556,10.0
regir_kv0_sg,4,trained,threat,h_mean,2,ood_confirm,30v30_K12,378,0.6753459262669286,10.0
regir_kv0_sg,4,trained,threat,h_mean,2,ood_confirm,30v30_K2,384,0.5425315803594304,10.0
regir_kv0_sg,4,trained,threat,h_mean,2,ood_confirm,50v50_K2,396,0.31118780687962255,10.0
regir_kv0_sg,4,trained,threat,h_mean,3,id_train,10v10_K2,363,0.6268806592891727,10.0
regir_kv0_sg,4,trained,threat,h_mean,3,id_train,10v10_K3,363,0.5652376830433197,10.0
regir_kv0_sg,4,trained,threat,h_mean,3,id_val,10v10_K2,188,-0.044194426220036664,10.0
regir_kv0_sg,4,trained,threat,h_mean,3,id_val,10v10_K3,183,0.28888413623421194,10.0
regir_kv0_sg,4,trained,threat,h_mean,3,id_test,10v10_K2,183,0.08317440689450861,10.0
regir_kv0_sg,4,trained,threat,h_mean,3,id_test,10v10_K3,176,0.43011579864045246,10.0
regir_kv0_sg,4,trained,threat,h_mean,3,ood_explore,30v30_K12,386,0.5302107772312882,10.0
regir_kv0_sg,4,trained,threat,h_mean,3,ood_explore,30v30_K2,386,0.5793497493044835,10.0
regir_kv0_sg,4,trained,threat,h_mean,3,ood_explore,50v50_K2,381,0.5868976539982684,10.0
regir_kv0_sg,4,trained,threat,h_mean,3,ood_confirm,30v30_K12,378,0.6710899576513218,10.0
regir_kv0_sg,4,trained,threat,h_mean,3,ood_confirm,30v30_K2,384,0.5532459937665359,10.0
regir_kv0_sg,4,trained,threat,h_mean,3,ood_confirm,50v50_K2,396,0.2956521764563764,10.0
regir_kv0_sg,4,trained,threat,h_mean,4,id_train,10v10_K2,363,0.6260103142264408,10.0
regir_kv0_sg,4,trained,threat,h_mean,4,id_train,10v10_K3,363,0.5469021173875267,10.0
regir_kv0_sg,4,trained,threat,h_mean,4,id_val,10v10_K2,188,-0.11012416981668549,10.0
regir_kv0_sg,4,trained,threat,h_mean,4,id_val,10v10_K3,183,0.2901527272031208,10.0
regir_kv0_sg,4,trained,threat,h_mean,4,id_test,10v10_K2,183,0.07617773200648026,10.0
regir_kv0_sg,4,trained,threat,h_mean,4,id_test,10v10_K3,176,0.45010125017436187,10.0
regir_kv0_sg,4,trained,threat,h_mean,4,ood_explore,30v30_K12,386,0.5444413307353086,10.0
regir_kv0_sg,4,trained,threat,h_mean,4,ood_explore,30v30_K2,386,0.5791106118725001,10.0
regir_kv0_sg,4,trained,threat,h_mean,4,ood_explore,50v50_K2,381,0.5944515438313311,10.0
regir_kv0_sg,4,trained,threat,h_mean,4,ood_confirm,30v30_K12,378,0.6503979570580242,10.0
regir_kv0_sg,4,trained,threat,h_mean,4,ood_confirm,30v30_K2,384,0.5514959590299078,10.0
regir_kv0_sg,4,trained,threat,h_mean,4,ood_confirm,50v50_K2,396,0.29257924145737924,10.0
regir_kv0_sg,4,trained,unmarked_frac,h_mean,0,id_train,10v10_K2,363,0.41427129505747273,10.0
regir_kv0_sg,4,trained,unmarked_frac,h_mean,0,id_train,10v10_K3,363,0.3768949664707917,10.0
regir_kv0_sg,4,trained,unmarked_frac,h_mean,0,id_val,10v10_K2,188,0.1439606331391775,10.0
regir_kv0_sg,4,trained,unmarked_frac,h_mean,0,id_val,10v10_K3,183,0.40280094257767696,10.0
regir_kv0_sg,4,trained,unmarked_frac,h_mean,0,id_test,10v10_K2,183,0.40641814693899014,10.0
regir_kv0_sg,4,trained,unmarked_frac,h_mean,0,id_test,10v10_K3,176,0.35310557112920926,10.0
regir_kv0_sg,4,trained,unmarked_frac,h_mean,0,ood_explore,30v30_K12,386,0.07138344228088722,10.0
regir_kv0_sg,4,trained,unmarked_frac,h_mean,0,ood_explore,30v30_K2,386,0.06445159509846332,10.0
regir_kv0_sg,4,trained,unmarked_frac,h_mean,0,ood_explore,50v50_K2,381,-0.03411248755749008,10.0
regir_kv0_sg,4,trained,unmarked_frac,h_mean,0,ood_confirm,30v30_K12,378,0.25949150520686737,10.0
regir_kv0_sg,4,trained,unmarked_frac,h_mean,0,ood_confirm,30v30_K2,384,0.18007409309903788,10.0
regir_kv0_sg,4,trained,unmarked_frac,h_mean,0,ood_confirm,50v50_K2,396,0.0014817193103585646,10.0
regir_kv0_sg,4,trained,unmarked_frac,h_mean,1,id_train,10v10_K2,363,0.4179102480149176,10.0
regir_kv0_sg,4,trained,unmarked_frac,h_mean,1,id_train,10v10_K3,363,0.4358457098857673,10.0
regir_kv0_sg,4,trained,unmarked_frac,h_mean,1,id_val,10v10_K2,188,0.23635093678267072,10.0
regir_kv0_sg,4,trained,unmarked_frac,h_mean,1,id_val,10v10_K3,183,0.3078522538586008,10.0
regir_kv0_sg,4,trained,unmarked_frac,h_mean,1,id_test,10v10_K2,183,0.3972413538928967,10.0
regir_kv0_sg,4,trained,unmarked_frac,h_mean,1,id_test,10v10_K3,176,0.29426255808728985,10.0
regir_kv0_sg,4,trained,unmarked_frac,h_mean,1,ood_explore,30v30_K12,386,0.07584074764503301,10.0
regir_kv0_sg,4,trained,unmarked_frac,h_mean,1,ood_explore,30v30_K2,386,0.07030369856255825,10.0
regir_kv0_sg,4,trained,unmarked_frac,h_mean,1,ood_explore,50v50_K2,381,-0.18044620847463588,10.0
regir_kv0_sg,4,trained,unmarked_frac,h_mean,1,ood_confirm,30v30_K12,378,0.11514308487773617,10.0
regir_kv0_sg,4,trained,unmarked_frac,h_mean,1,ood_confirm,30v30_K2,384,0.035633166733789357,10.0
regir_kv0_sg,4,trained,unmarked_frac,h_mean,1,ood_confirm,50v50_K2,396,-0.18977394474499065,10.0
regir_kv0_sg,4,trained,unmarked_frac,h_mean,2,id_train,10v10_K2,363,0.4045198569803121,10.0
regir_kv0_sg,4,trained,unmarked_frac,h_mean,2,id_train,10v10_K3,363,0.3765293281281423,10.0
regir_kv0_sg,4,trained,unmarked_frac,h_mean,2,id_val,10v10_K2,188,0.1878398743606604,10.0
regir_kv0_sg,4,trained,unmarked_frac,h_mean,2,id_val,10v10_K3,183,0.293948954419593,10.0
regir_kv0_sg,4,trained,unmarked_frac,h_mean,2,id_test,10v10_K2,183,0.41504249903413415,10.0
regir_kv0_sg,4,trained,unmarked_frac,h_mean,2,id_test,10v10_K3,176,0.22786857330143606,10.0
regir_kv0_sg,4,trained,unmarked_frac,h_mean,2,ood_explore,30v30_K12,386,0.016817639401097373,10.0
regir_kv0_sg,4,trained,unmarked_frac,h_mean,2,ood_explore,30v30_K2,386,0.05150838734313845,10.0
regir_kv0_sg,4,trained,unmarked_frac,h_mean,2,ood_explore,50v50_K2,381,-0.2715685388966287,10.0
regir_kv0_sg,4,trained,unmarked_frac,h_mean,2,ood_confirm,30v30_K12,378,0.13019143678276157,10.0
regir_kv0_sg,4,trained,unmarked_frac,h_mean,2,ood_confirm,30v30_K2,384,0.005687579570806234,10.0
regir_kv0_sg,4,trained,unmarked_frac,h_mean,2,ood_confirm,50v50_K2,396,-0.19741774345617302,10.0
regir_kv0_sg,4,trained,unmarked_frac,h_mean,3,id_train,10v10_K2,363,0.39024405558778275,10.0
regir_kv0_sg,4,trained,unmarked_frac,h_mean,3,id_train,10v10_K3,363,0.3527547999859537,10.0
regir_kv0_sg,4,trained,unmarked_frac,h_mean,3,id_val,10v10_K2,188,0.17493676740306885,10.0
regir_kv0_sg,4,trained,unmarked_frac,h_mean,3,id_val,10v10_K3,183,0.2932662390823283,10.0
regir_kv0_sg,4,trained,unmarked_frac,h_mean,3,id_test,10v10_K2,183,0.3902926343490922,10.0
regir_kv0_sg,4,trained,unmarked_frac,h_mean,3,id_test,10v10_K3,176,0.17674986579059238,10.0
regir_kv0_sg,4,trained,unmarked_frac,h_mean,3,ood_explore,30v30_K12,386,0.04249984885500746,10.0
regir_kv0_sg,4,trained,unmarked_frac,h_mean,3,ood_explore,30v30_K2,386,0.04191337582369414,10.0
regir_kv0_sg,4,trained,unmarked_frac,h_mean,3,ood_explore,50v50_K2,381,-0.31481931684703834,10.0
regir_kv0_sg,4,trained,unmarked_frac,h_mean,3,ood_confirm,30v30_K12,378,0.1667786455348489,10.0
regir_kv0_sg,4,trained,unmarked_frac,h_mean,3,ood_confirm,30v30_K2,384,-0.01889952474712997,10.0
regir_kv0_sg,4,trained,unmarked_frac,h_mean,3,ood_confirm,50v50_K2,396,-0.22658945125055285,10.0
regir_kv0_sg,4,trained,unmarked_frac,h_mean,4,id_train,10v10_K2,363,0.3819724267845044,10.0
regir_kv0_sg,4,trained,unmarked_frac,h_mean,4,id_train,10v10_K3,363,0.35112493626223296,10.0
regir_kv0_sg,4,trained,unmarked_frac,h_mean,4,id_val,10v10_K2,188,0.1711039703676157,10.0
regir_kv0_sg,4,trained,unmarked_frac,h_mean,4,id_val,10v10_K3,183,0.29814952882938206,10.0
regir_kv0_sg,4,trained,unmarked_frac,h_mean,4,id_test,10v10_K2,183,0.37451976410635857,10.0
regir_kv0_sg,4,trained,unmarked_frac,h_mean,4,id_test,10v10_K3,176,0.16390280743830732,10.0
regir_kv0_sg,4,trained,unmarked_frac,h_mean,4,ood_explore,30v30_K12,386,0.043441121254111925,10.0
regir_kv0_sg,4,trained,unmarked_frac,h_mean,4,ood_explore,30v30_K2,386,0.05390385882443116,10.0
regir_kv0_sg,4,trained,unmarked_frac,h_mean,4,ood_explore,50v50_K2,381,-0.3095275360060423,10.0
regir_kv0_sg,4,trained,unmarked_frac,h_mean,4,ood_confirm,30v30_K12,378,0.1814596230268246,10.0
regir_kv0_sg,4,trained,unmarked_frac,h_mean,4,ood_confirm,30v30_K2,384,-0.006550417328025082,10.0
regir_kv0_sg,4,trained,unmarked_frac,h_mean,4,ood_confirm,50v50_K2,396,-0.21897557274147705,10.0
regir_kv0_sg,4,trained,centroid_gap,h_mean,0,id_train,10v10_K2,363,0.9047216630830817,0.1
regir_kv0_sg,4,trained,centroid_gap,h_mean,0,id_train,10v10_K3,363,0.8837016903905726,0.1
regir_kv0_sg,4,trained,centroid_gap,h_mean,0,id_val,10v10_K2,188,0.9130098890773866,0.1
regir_kv0_sg,4,trained,centroid_gap,h_mean,0,id_val,10v10_K3,183,0.8671691239272813,0.1
regir_kv0_sg,4,trained,centroid_gap,h_mean,0,id_test,10v10_K2,183,0.8657514133583029,0.1
regir_kv0_sg,4,trained,centroid_gap,h_mean,0,id_test,10v10_K3,176,0.8535605973356677,0.1
regir_kv0_sg,4,trained,centroid_gap,h_mean,0,ood_explore,30v30_K12,386,0.7191186485257838,0.1
regir_kv0_sg,4,trained,centroid_gap,h_mean,0,ood_explore,30v30_K2,386,0.8414518452391841,0.1
regir_kv0_sg,4,trained,centroid_gap,h_mean,0,ood_explore,50v50_K2,381,0.7903267063317417,0.1
regir_kv0_sg,4,trained,centroid_gap,h_mean,0,ood_confirm,30v30_K12,378,0.7369104876738415,0.1
regir_kv0_sg,4,trained,centroid_gap,h_mean,0,ood_confirm,30v30_K2,384,0.7584716265526786,0.1
regir_kv0_sg,4,trained,centroid_gap,h_mean,0,ood_confirm,50v50_K2,396,0.700795290535794,0.1
regir_kv0_sg,4,trained,centroid_gap,h_mean,1,id_train,10v10_K2,363,0.9015677495676553,0.1
regir_kv0_sg,4,trained,centroid_gap,h_mean,1,id_train,10v10_K3,363,0.8981059815370763,0.1
regir_kv0_sg,4,trained,centroid_gap,h_mean,1,id_val,10v10_K2,188,0.8718140603369147,0.1
regir_kv0_sg,4,trained,centroid_gap,h_mean,1,id_val,10v10_K3,183,0.864607722102672,0.1
regir_kv0_sg,4,trained,centroid_gap,h_mean,1,id_test,10v10_K2,183,0.8376689216100524,0.1
regir_kv0_sg,4,trained,centroid_gap,h_mean,1,id_test,10v10_K3,176,0.8510907357030346,0.1
regir_kv0_sg,4,trained,centroid_gap,h_mean,1,ood_explore,30v30_K12,386,0.8233014305646996,0.1
regir_kv0_sg,4,trained,centroid_gap,h_mean,1,ood_explore,30v30_K2,386,0.809167798077334,0.1
regir_kv0_sg,4,trained,centroid_gap,h_mean,1,ood_explore,50v50_K2,381,0.7457540640442601,0.1
regir_kv0_sg,4,trained,centroid_gap,h_mean,1,ood_confirm,30v30_K12,378,0.803369445438748,0.1
regir_kv0_sg,4,trained,centroid_gap,h_mean,1,ood_confirm,30v30_K2,384,0.7479989506068752,0.1
regir_kv0_sg,4,trained,centroid_gap,h_mean,1,ood_confirm,50v50_K2,396,0.7035223349276527,0.1
regir_kv0_sg,4,trained,centroid_gap,h_mean,2,id_train,10v10_K2,363,0.907970481752731,0.1
regir_kv0_sg,4,trained,centroid_gap,h_mean,2,id_train,10v10_K3,363,0.8881260365292182,0.1
regir_kv0_sg,4,trained,centroid_gap,h_mean,2,id_val,10v10_K2,188,0.8600609040401392,0.1
regir_kv0_sg,4,trained,centroid_gap,h_mean,2,id_val,10v10_K3,183,0.8684312118355338,0.1
regir_kv0_sg,4,trained,centroid_gap,h_mean,2,id_test,10v10_K2,183,0.8396010833587475,0.1
regir_kv0_sg,4,trained,centroid_gap,h_mean,2,id_test,10v10_K3,176,0.8489624598684838,0.1
regir_kv0_sg,4,trained,centroid_gap,h_mean,2,ood_explore,30v30_K12,386,0.8663834479146361,0.1
regir_kv0_sg,4,trained,centroid_gap,h_mean,2,ood_explore,30v30_K2,386,0.8423101384638191,0.1
regir_kv0_sg,4,trained,centroid_gap,h_mean,2,ood_explore,50v50_K2,381,0.8218590024652321,0.1
regir_kv0_sg,4,trained,centroid_gap,h_mean,2,ood_confirm,30v30_K12,378,0.858213458557314,0.1
regir_kv0_sg,4,trained,centroid_gap,h_mean,2,ood_confirm,30v30_K2,384,0.8212945159858025,0.1
regir_kv0_sg,4,trained,centroid_gap,h_mean,2,ood_confirm,50v50_K2,396,0.8014733251047146,0.1
regir_kv0_sg,4,trained,centroid_gap,h_mean,3,id_train,10v10_K2,363,0.9060270871275106,0.1
regir_kv0_sg,4,trained,centroid_gap,h_mean,3,id_train,10v10_K3,363,0.887221812001638,0.1
regir_kv0_sg,4,trained,centroid_gap,h_mean,3,id_val,10v10_K2,188,0.862141825080113,0.1
regir_kv0_sg,4,trained,centroid_gap,h_mean,3,id_val,10v10_K3,183,0.8775283065587908,0.1
regir_kv0_sg,4,trained,centroid_gap,h_mean,3,id_test,10v10_K2,183,0.8442647346092372,0.1
regir_kv0_sg,4,trained,centroid_gap,h_mean,3,id_test,10v10_K3,176,0.8617275354113131,0.1
regir_kv0_sg,4,trained,centroid_gap,h_mean,3,ood_explore,30v30_K12,386,0.8851800380553312,0.1
regir_kv0_sg,4,trained,centroid_gap,h_mean,3,ood_explore,30v30_K2,386,0.8506137849370284,0.1
regir_kv0_sg,4,trained,centroid_gap,h_mean,3,ood_explore,50v50_K2,381,0.8226490381043329,0.1
regir_kv0_sg,4,trained,centroid_gap,h_mean,3,ood_confirm,30v30_K12,378,0.8742574524953599,0.1
regir_kv0_sg,4,trained,centroid_gap,h_mean,3,ood_confirm,30v30_K2,384,0.8266816861542173,0.1
regir_kv0_sg,4,trained,centroid_gap,h_mean,3,ood_confirm,50v50_K2,396,0.8079293875743139,0.1
regir_kv0_sg,4,trained,centroid_gap,h_mean,4,id_train,10v10_K2,363,0.9047614542707372,0.1
regir_kv0_sg,4,trained,centroid_gap,h_mean,4,id_train,10v10_K3,363,0.8876020969111482,0.1
regir_kv0_sg,4,trained,centroid_gap,h_mean,4,id_val,10v10_K2,188,0.8663335548826077,0.1
regir_kv0_sg,4,trained,centroid_gap,h_mean,4,id_val,10v10_K3,183,0.8857945968272056,0.1
regir_kv0_sg,4,trained,centroid_gap,h_mean,4,id_test,10v10_K2,183,0.851889197503493,0.1
regir_kv0_sg,4,trained,centroid_gap,h_mean,4,id_test,10v10_K3,176,0.8644097346354329,0.1
regir_kv0_sg,4,trained,centroid_gap,h_mean,4,ood_explore,30v30_K12,386,0.8850709196313379,0.1
regir_kv0_sg,4,trained,centroid_gap,h_mean,4,ood_explore,30v30_K2,386,0.8572871366795117,0.1
regir_kv0_sg,4,trained,centroid_gap,h_mean,4,ood_explore,50v50_K2,381,0.8185301751101629,0.1
regir_kv0_sg,4,trained,centroid_gap,h_mean,4,ood_confirm,30v30_K12,378,0.8746613314992205,0.1
regir_kv0_sg,4,trained,centroid_gap,h_mean,4,ood_confirm,30v30_K2,384,0.827195497428471,0.1
regir_kv0_sg,4,trained,centroid_gap,h_mean,4,ood_confirm,50v50_K2,396,0.807813586439802,0.1
regir_kv0_sg,4,trained,nearest_target_distance,h_mean,0,id_train,10v10_K2,363,0.8530011665376728,0.01
regir_kv0_sg,4,trained,nearest_target_distance,h_mean,0,id_train,10v10_K3,363,0.8795509643037982,0.01
regir_kv0_sg,4,trained,nearest_target_distance,h_mean,0,id_val,10v10_K2,188,0.8288396154626586,0.01
regir_kv0_sg,4,trained,nearest_target_distance,h_mean,0,id_val,10v10_K3,183,0.843766580072316,0.01
regir_kv0_sg,4,trained,nearest_target_distance,h_mean,0,id_test,10v10_K2,183,0.827691100655747,0.01
regir_kv0_sg,4,trained,nearest_target_distance,h_mean,0,id_test,10v10_K3,176,0.7958632079503054,0.01
regir_kv0_sg,4,trained,nearest_target_distance,h_mean,0,ood_explore,30v30_K12,386,0.7503518775699233,0.01
regir_kv0_sg,4,trained,nearest_target_distance,h_mean,0,ood_explore,30v30_K2,386,0.7613360017763384,0.01
regir_kv0_sg,4,trained,nearest_target_distance,h_mean,0,ood_explore,50v50_K2,381,0.6647362214323655,0.01
regir_kv0_sg,4,trained,nearest_target_distance,h_mean,0,ood_confirm,30v30_K12,378,0.6721914849867461,0.01
regir_kv0_sg,4,trained,nearest_target_distance,h_mean,0,ood_confirm,30v30_K2,384,0.7009625767194989,0.01
regir_kv0_sg,4,trained,nearest_target_distance,h_mean,0,ood_confirm,50v50_K2,396,0.7154801952023205,0.01
regir_kv0_sg,4,trained,nearest_target_distance,h_mean,1,id_train,10v10_K2,363,0.8692018631765274,0.01
regir_kv0_sg,4,trained,nearest_target_distance,h_mean,1,id_train,10v10_K3,363,0.8641988884370622,0.01
regir_kv0_sg,4,trained,nearest_target_distance,h_mean,1,id_val,10v10_K2,188,0.8095598931196907,0.01
regir_kv0_sg,4,trained,nearest_target_distance,h_mean,1,id_val,10v10_K3,183,0.8399944189278818,0.01
regir_kv0_sg,4,trained,nearest_target_distance,h_mean,1,id_test,10v10_K2,183,0.8597594513048337,0.01
regir_kv0_sg,4,trained,nearest_target_distance,h_mean,1,id_test,10v10_K3,176,0.8232483200960892,0.01
regir_kv0_sg,4,trained,nearest_target_distance,h_mean,1,ood_explore,30v30_K12,386,0.7061415725270266,0.01
regir_kv0_sg,4,trained,nearest_target_distance,h_mean,1,ood_explore,30v30_K2,386,0.7815596963572402,0.01
regir_kv0_sg,4,trained,nearest_target_distance,h_mean,1,ood_explore,50v50_K2,381,0.737053595545162,0.01
regir_kv0_sg,4,trained,nearest_target_distance,h_mean,1,ood_confirm,30v30_K12,378,0.620886006202506,0.01
regir_kv0_sg,4,trained,nearest_target_distance,h_mean,1,ood_confirm,30v30_K2,384,0.7368120001424578,0.01
regir_kv0_sg,4,trained,nearest_target_distance,h_mean,1,ood_confirm,50v50_K2,396,0.7387909182135346,0.01
regir_kv0_sg,4,trained,nearest_target_distance,h_mean,2,id_train,10v10_K2,363,0.8341382587272923,0.01
regir_kv0_sg,4,trained,nearest_target_distance,h_mean,2,id_train,10v10_K3,363,0.8467487828719561,0.01
regir_kv0_sg,4,trained,nearest_target_distance,h_mean,2,id_val,10v10_K2,188,0.7943117157649908,0.01
regir_kv0_sg,4,trained,nearest_target_distance,h_mean,2,id_val,10v10_K3,183,0.8147814046140865,0.01
regir_kv0_sg,4,trained,nearest_target_distance,h_mean,2,id_test,10v10_K2,183,0.8225830377832918,0.01
regir_kv0_sg,4,trained,nearest_target_distance,h_mean,2,id_test,10v10_K3,176,0.7791193812556401,0.01
regir_kv0_sg,4,trained,nearest_target_distance,h_mean,2,ood_explore,30v30_K12,386,0.6711223139541727,0.01
regir_kv0_sg,4,trained,nearest_target_distance,h_mean,2,ood_explore,30v30_K2,386,0.7865558380264003,0.01
regir_kv0_sg,4,trained,nearest_target_distance,h_mean,2,ood_explore,50v50_K2,381,0.7759639865453245,0.01
regir_kv0_sg,4,trained,nearest_target_distance,h_mean,2,ood_confirm,30v30_K12,378,0.592984885923139,0.01
regir_kv0_sg,4,trained,nearest_target_distance,h_mean,2,ood_confirm,30v30_K2,384,0.7044138201484462,0.01
regir_kv0_sg,4,trained,nearest_target_distance,h_mean,2,ood_confirm,50v50_K2,396,0.7638183987801154,0.01
regir_kv0_sg,4,trained,nearest_target_distance,h_mean,3,id_train,10v10_K2,363,0.825499543608387,0.01
regir_kv0_sg,4,trained,nearest_target_distance,h_mean,3,id_train,10v10_K3,363,0.8481542321551708,0.01
regir_kv0_sg,4,trained,nearest_target_distance,h_mean,3,id_val,10v10_K2,188,0.7845890713904597,0.01
regir_kv0_sg,4,trained,nearest_target_distance,h_mean,3,id_val,10v10_K3,183,0.8168794725706839,0.01
regir_kv0_sg,4,trained,nearest_target_distance,h_mean,3,id_test,10v10_K2,183,0.8026747439782255,0.01
regir_kv0_sg,4,trained,nearest_target_distance,h_mean,3,id_test,10v10_K3,176,0.7875953227391237,0.01
regir_kv0_sg,4,trained,nearest_target_distance,h_mean,3,ood_explore,30v30_K12,386,0.7290397459231328,0.01
regir_kv0_sg,4,trained,nearest_target_distance,h_mean,3,ood_explore,30v30_K2,386,0.7769834936533772,0.01
regir_kv0_sg,4,trained,nearest_target_distance,h_mean,3,ood_explore,50v50_K2,381,0.7350476031028923,0.01
regir_kv0_sg,4,trained,nearest_target_distance,h_mean,3,ood_confirm,30v30_K12,378,0.6577565836369945,0.01
regir_kv0_sg,4,trained,nearest_target_distance,h_mean,3,ood_confirm,30v30_K2,384,0.6754601407675154,0.01
regir_kv0_sg,4,trained,nearest_target_distance,h_mean,3,ood_confirm,50v50_K2,396,0.7069595161557634,0.01
regir_kv0_sg,4,trained,nearest_target_distance,h_mean,4,id_train,10v10_K2,363,0.8333425583051428,0.01
regir_kv0_sg,4,trained,nearest_target_distance,h_mean,4,id_train,10v10_K3,363,0.8543380836337777,0.01
regir_kv0_sg,4,trained,nearest_target_distance,h_mean,4,id_val,10v10_K2,188,0.7869461873350765,0.01
regir_kv0_sg,4,trained,nearest_target_distance,h_mean,4,id_val,10v10_K3,183,0.8320069564811823,0.01
regir_kv0_sg,4,trained,nearest_target_distance,h_mean,4,id_test,10v10_K2,183,0.8046426367036849,0.01
regir_kv0_sg,4,trained,nearest_target_distance,h_mean,4,id_test,10v10_K3,176,0.8059436208146769,0.01
regir_kv0_sg,4,trained,nearest_target_distance,h_mean,4,ood_explore,30v30_K12,386,0.7755839488499277,0.01
regir_kv0_sg,4,trained,nearest_target_distance,h_mean,4,ood_explore,30v30_K2,386,0.7704397655552586,0.01
regir_kv0_sg,4,trained,nearest_target_distance,h_mean,4,ood_explore,50v50_K2,381,0.7103254496316871,0.01
regir_kv0_sg,4,trained,nearest_target_distance,h_mean,4,ood_confirm,30v30_K12,378,0.7117471472950494,0.01
regir_kv0_sg,4,trained,nearest_target_distance,h_mean,4,ood_confirm,30v30_K2,384,0.68134017143656,0.01
regir_kv0_sg,4,trained,nearest_target_distance,h_mean,4,ood_confirm,50v50_K2,396,0.6819617090656503,0.01
regir_kv0_sg,4,trained,threat,readout,0,id_train,10v10_K2,363,0.5632984137612514,0.1
regir_kv0_sg,4,trained,threat,readout,0,id_train,10v10_K3,363,0.5588244514207871,0.1
regir_kv0_sg,4,trained,threat,readout,0,id_val,10v10_K2,188,0.017409597692018774,0.1
regir_kv0_sg,4,trained,threat,readout,0,id_val,10v10_K3,183,0.38433669536374704,0.1
regir_kv0_sg,4,trained,threat,readout,0,id_test,10v10_K2,183,0.22622320905736104,0.1
regir_kv0_sg,4,trained,threat,readout,0,id_test,10v10_K3,176,0.3805997827174299,0.1
regir_kv0_sg,4,trained,threat,readout,0,ood_explore,30v30_K12,386,0.47237133835245637,0.1
regir_kv0_sg,4,trained,threat,readout,0,ood_explore,30v30_K2,386,0.617646220569231,0.1
regir_kv0_sg,4,trained,threat,readout,0,ood_explore,50v50_K2,381,0.4550251541711058,0.1
regir_kv0_sg,4,trained,threat,readout,0,ood_confirm,30v30_K12,378,0.5613937215532364,0.1
regir_kv0_sg,4,trained,threat,readout,0,ood_confirm,30v30_K2,384,0.4822085565844627,0.1
regir_kv0_sg,4,trained,threat,readout,0,ood_confirm,50v50_K2,396,0.3770789255991095,0.1
regir_kv0_sg,4,trained,threat,readout,1,id_train,10v10_K2,363,0.5166702755982635,0.1
regir_kv0_sg,4,trained,threat,readout,1,id_train,10v10_K3,363,0.4589913452335117,0.1
regir_kv0_sg,4,trained,threat,readout,1,id_val,10v10_K2,188,-0.08921239109016255,0.1
regir_kv0_sg,4,trained,threat,readout,1,id_val,10v10_K3,183,0.24560705088990364,0.1
regir_kv0_sg,4,trained,threat,readout,1,id_test,10v10_K2,183,0.14992780665654049,0.1
regir_kv0_sg,4,trained,threat,readout,1,id_test,10v10_K3,176,0.4366221213335262,0.1
regir_kv0_sg,4,trained,threat,readout,1,ood_explore,30v30_K12,386,0.3721458914971676,0.1
regir_kv0_sg,4,trained,threat,readout,1,ood_explore,30v30_K2,386,0.568983683653622,0.1
regir_kv0_sg,4,trained,threat,readout,1,ood_explore,50v50_K2,381,0.35552050394258183,0.1
regir_kv0_sg,4,trained,threat,readout,1,ood_confirm,30v30_K12,378,0.49155497245093527,0.1
regir_kv0_sg,4,trained,threat,readout,1,ood_confirm,30v30_K2,384,0.4884060293974908,0.1
regir_kv0_sg,4,trained,threat,readout,1,ood_confirm,50v50_K2,396,0.35842865266522084,0.1
regir_kv0_sg,4,trained,threat,readout,2,id_train,10v10_K2,363,0.5052693106726144,0.1
regir_kv0_sg,4,trained,threat,readout,2,id_train,10v10_K3,363,0.4084340791469576,0.1
regir_kv0_sg,4,trained,threat,readout,2,id_val,10v10_K2,188,-0.16131979107806682,0.1
regir_kv0_sg,4,trained,threat,readout,2,id_val,10v10_K3,183,0.2483043088882907,0.1
regir_kv0_sg,4,trained,threat,readout,2,id_test,10v10_K2,183,0.12774056031359282,0.1
regir_kv0_sg,4,trained,threat,readout,2,id_test,10v10_K3,176,0.4438639105491692,0.1
regir_kv0_sg,4,trained,threat,readout,2,ood_explore,30v30_K12,386,0.32258079654025773,0.1
regir_kv0_sg,4,trained,threat,readout,2,ood_explore,30v30_K2,386,0.5369986862621365,0.1
regir_kv0_sg,4,trained,threat,readout,2,ood_explore,50v50_K2,381,0.3238636714324169,0.1
regir_kv0_sg,4,trained,threat,readout,2,ood_confirm,30v30_K12,378,0.42244010821063294,0.1
regir_kv0_sg,4,trained,threat,readout,2,ood_confirm,30v30_K2,384,0.43837523402431666,0.1
regir_kv0_sg,4,trained,threat,readout,2,ood_confirm,50v50_K2,396,0.37635732160599533,0.1
regir_kv0_sg,4,trained,threat,readout,3,id_train,10v10_K2,363,0.5076115462865012,0.1
regir_kv0_sg,4,trained,threat,readout,3,id_train,10v10_K3,363,0.40029329770407507,0.1
regir_kv0_sg,4,trained,threat,readout,3,id_val,10v10_K2,188,-0.3241570126247091,0.1
regir_kv0_sg,4,trained,threat,readout,3,id_val,10v10_K3,183,0.17443740089951765,0.1
regir_kv0_sg,4,trained,threat,readout,3,id_test,10v10_K2,183,0.11259726944433557,0.1
regir_kv0_sg,4,trained,threat,readout,3,id_test,10v10_K3,176,0.4026134620923997,0.1
regir_kv0_sg,4,trained,threat,readout,3,ood_explore,30v30_K12,386,0.2739600927440844,0.1
regir_kv0_sg,4,trained,threat,readout,3,ood_explore,30v30_K2,386,0.49029575278549586,0.1
regir_kv0_sg,4,trained,threat,readout,3,ood_explore,50v50_K2,381,0.3150102339531309,0.1
regir_kv0_sg,4,trained,threat,readout,3,ood_confirm,30v30_K12,378,0.3839480314927519,0.1
regir_kv0_sg,4,trained,threat,readout,3,ood_confirm,30v30_K2,384,0.39477664480083796,0.1
regir_kv0_sg,4,trained,threat,readout,3,ood_confirm,50v50_K2,396,0.37472103250813993,0.1
regir_kv0_sg,4,trained,unmarked_frac,readout,0,id_train,10v10_K2,363,0.3901718178692638,1.0
regir_kv0_sg,4,trained,unmarked_frac,readout,0,id_train,10v10_K3,363,0.33387521053351077,1.0
regir_kv0_sg,4,trained,unmarked_frac,readout,0,id_val,10v10_K2,188,0.2046986659939546,1.0
regir_kv0_sg,4,trained,unmarked_frac,readout,0,id_val,10v10_K3,183,0.2794216413404763,1.0
regir_kv0_sg,4,trained,unmarked_frac,readout,0,id_test,10v10_K2,183,0.33266329426370667,1.0
regir_kv0_sg,4,trained,unmarked_frac,readout,0,id_test,10v10_K3,176,0.275208051821035,1.0
regir_kv0_sg,4,trained,unmarked_frac,readout,0,ood_explore,30v30_K12,386,0.0033222076684974455,1.0
regir_kv0_sg,4,trained,unmarked_frac,readout,0,ood_explore,30v30_K2,386,-0.007100200114355859,1.0
regir_kv0_sg,4,trained,unmarked_frac,readout,0,ood_explore,50v50_K2,381,-0.19183484159544784,1.0
regir_kv0_sg,4,trained,unmarked_frac,readout,0,ood_confirm,30v30_K12,378,0.09905641773079843,1.0
regir_kv0_sg,4,trained,unmarked_frac,readout,0,ood_confirm,30v30_K2,384,-0.07229397132720483,1.0
regir_kv0_sg,4,trained,unmarked_frac,readout,0,ood_confirm,50v50_K2,396,-0.2900059306637206,1.0
regir_kv0_sg,4,trained,unmarked_frac,readout,1,id_train,10v10_K2,363,0.3380996584347751,1.0
regir_kv0_sg,4,trained,unmarked_frac,readout,1,id_train,10v10_K3,363,0.30220788351416417,1.0
regir_kv0_sg,4,trained,unmarked_frac,readout,1,id_val,10v10_K2,188,0.12315540621808418,1.0
regir_kv0_sg,4,trained,unmarked_frac,readout,1,id_val,10v10_K3,183,0.18420763330457912,1.0
regir_kv0_sg,4,trained,unmarked_frac,readout,1,id_test,10v10_K2,183,0.2917827019146322,1.0
regir_kv0_sg,4,trained,unmarked_frac,readout,1,id_test,10v10_K3,176,0.17028940961110672,1.0
regir_kv0_sg,4,trained,unmarked_frac,readout,1,ood_explore,30v30_K12,386,-0.14325978454555677,1.0
regir_kv0_sg,4,trained,unmarked_frac,readout,1,ood_explore,30v30_K2,386,-0.03453837268271065,1.0
regir_kv0_sg,4,trained,unmarked_frac,readout,1,ood_explore,50v50_K2,381,-0.2393482099338058,1.0
regir_kv0_sg,4,trained,unmarked_frac,readout,1,ood_confirm,30v30_K12,378,0.03616303970727508,1.0
regir_kv0_sg,4,trained,unmarked_frac,readout,1,ood_confirm,30v30_K2,384,-0.0815706009919972,1.0
regir_kv0_sg,4,trained,unmarked_frac,readout,1,ood_confirm,50v50_K2,396,-0.29931600127304603,1.0
regir_kv0_sg,4,trained,unmarked_frac,readout,2,id_train,10v10_K2,363,0.32481077858545016,1.0
regir_kv0_sg,4,trained,unmarked_frac,readout,2,id_train,10v10_K3,363,0.3032917769396042,1.0
regir_kv0_sg,4,trained,unmarked_frac,readout,2,id_val,10v10_K2,188,0.09892519505337893,1.0
regir_kv0_sg,4,trained,unmarked_frac,readout,2,id_val,10v10_K3,183,0.21251418950351864,1.0
regir_kv0_sg,4,trained,unmarked_frac,readout,2,id_test,10v10_K2,183,0.23317429038197623,1.0
regir_kv0_sg,4,trained,unmarked_frac,readout,2,id_test,10v10_K3,176,0.18221742238364957,1.0
regir_kv0_sg,4,trained,unmarked_frac,readout,2,ood_explore,30v30_K12,386,-0.06914030400425686,1.0
regir_kv0_sg,4,trained,unmarked_frac,readout,2,ood_explore,30v30_K2,386,-0.05978155204922109,1.0
regir_kv0_sg,4,trained,unmarked_frac,readout,2,ood_explore,50v50_K2,381,-0.2615701454392325,1.0
regir_kv0_sg,4,trained,unmarked_frac,readout,2,ood_confirm,30v30_K12,378,0.08757998776789866,1.0
regir_kv0_sg,4,trained,unmarked_frac,readout,2,ood_confirm,30v30_K2,384,-0.12664790493269273,1.0
regir_kv0_sg,4,trained,unmarked_frac,readout,2,ood_confirm,50v50_K2,396,-0.3658015517385578,1.0
regir_kv0_sg,4,trained,unmarked_frac,readout,3,id_train,10v10_K2,363,0.30741042063941226,1.0
regir_kv0_sg,4,trained,unmarked_frac,readout,3,id_train,10v10_K3,363,0.29523468313032986,1.0
regir_kv0_sg,4,trained,unmarked_frac,readout,3,id_val,10v10_K2,188,0.07865306062319344,1.0
regir_kv0_sg,4,trained,unmarked_frac,readout,3,id_val,10v10_K3,183,0.18315274108084711,1.0
regir_kv0_sg,4,trained,unmarked_frac,readout,3,id_test,10v10_K2,183,0.2272396914877286,1.0
regir_kv0_sg,4,trained,unmarked_frac,readout,3,id_test,10v10_K3,176,0.1395984951985919,1.0
regir_kv0_sg,4,trained,unmarked_frac,readout,3,ood_explore,30v30_K12,386,-0.06577888178301405,1.0
regir_kv0_sg,4,trained,unmarked_frac,readout,3,ood_explore,30v30_K2,386,-0.04711271301368991,1.0
regir_kv0_sg,4,trained,unmarked_frac,readout,3,ood_explore,50v50_K2,381,-0.266623583471862,1.0
regir_kv0_sg,4,trained,unmarked_frac,readout,3,ood_confirm,30v30_K12,378,0.09072237385866277,1.0
regir_kv0_sg,4,trained,unmarked_frac,readout,3,ood_confirm,30v30_K2,384,-0.11766116752078926,1.0
regir_kv0_sg,4,trained,unmarked_frac,readout,3,ood_confirm,50v50_K2,396,-0.34236495991021054,1.0
regir_kv0_sg,4,trained,centroid_gap,readout,0,id_train,10v10_K2,363,0.802654510287418,0.0001
regir_kv0_sg,4,trained,centroid_gap,readout,0,id_train,10v10_K3,363,0.8321885858124776,0.0001
regir_kv0_sg,4,trained,centroid_gap,readout,0,id_val,10v10_K2,188,0.7825649831791563,0.0001
regir_kv0_sg,4,trained,centroid_gap,readout,0,id_val,10v10_K3,183,0.7935724788160942,0.0001
regir_kv0_sg,4,trained,centroid_gap,readout,0,id_test,10v10_K2,183,0.7995152345511847,0.0001
regir_kv0_sg,4,trained,centroid_gap,readout,0,id_test,10v10_K3,176,0.7283159079454159,0.0001
regir_kv0_sg,4,trained,centroid_gap,readout,0,ood_explore,30v30_K12,386,0.735600493065992,0.0001
regir_kv0_sg,4,trained,centroid_gap,readout,0,ood_explore,30v30_K2,386,0.7642936515494864,0.0001
regir_kv0_sg,4,trained,centroid_gap,readout,0,ood_explore,50v50_K2,381,0.7298489650709272,0.0001
regir_kv0_sg,4,trained,centroid_gap,readout,0,ood_confirm,30v30_K12,378,0.7732276852887461,0.0001
regir_kv0_sg,4,trained,centroid_gap,readout,0,ood_confirm,30v30_K2,384,0.6796359712519763,0.0001
regir_kv0_sg,4,trained,centroid_gap,readout,0,ood_confirm,50v50_K2,396,0.7097571538607794,0.0001
regir_kv0_sg,4,trained,centroid_gap,readout,1,id_train,10v10_K2,363,0.7642034571359129,0.0001
regir_kv0_sg,4,trained,centroid_gap,readout,1,id_train,10v10_K3,363,0.7864781058275255,0.0001
regir_kv0_sg,4,trained,centroid_gap,readout,1,id_val,10v10_K2,188,0.6782260933996503,0.0001
regir_kv0_sg,4,trained,centroid_gap,readout,1,id_val,10v10_K3,183,0.7398078827714061,0.0001
regir_kv0_sg,4,trained,centroid_gap,readout,1,id_test,10v10_K2,183,0.7061129206825245,0.0001
regir_kv0_sg,4,trained,centroid_gap,readout,1,id_test,10v10_K3,176,0.6308361924051331,0.0001
regir_kv0_sg,4,trained,centroid_gap,readout,1,ood_explore,30v30_K12,386,0.6251034015590338,0.0001
regir_kv0_sg,4,trained,centroid_gap,readout,1,ood_explore,30v30_K2,386,0.6984168268564435,0.0001
regir_kv0_sg,4,trained,centroid_gap,readout,1,ood_explore,50v50_K2,381,0.6326982702795148,0.0001
regir_kv0_sg,4,trained,centroid_gap,readout,1,ood_confirm,30v30_K12,378,0.7063708969671019,0.0001
regir_kv0_sg,4,trained,centroid_gap,readout,1,ood_confirm,30v30_K2,384,0.6343830855906418,0.0001
regir_kv0_sg,4,trained,centroid_gap,readout,1,ood_confirm,50v50_K2,396,0.6171026067658323,0.0001
regir_kv0_sg,4,trained,centroid_gap,readout,2,id_train,10v10_K2,363,0.7733548865215614,0.0001
regir_kv0_sg,4,trained,centroid_gap,readout,2,id_train,10v10_K3,363,0.7864171446088112,0.0001
regir_kv0_sg,4,trained,centroid_gap,readout,2,id_val,10v10_K2,188,0.6792121240249147,0.0001
regir_kv0_sg,4,trained,centroid_gap,readout,2,id_val,10v10_K3,183,0.7650452091283805,0.0001
regir_kv0_sg,4,trained,centroid_gap,readout,2,id_test,10v10_K2,183,0.7195346030651125,0.0001
regir_kv0_sg,4,trained,centroid_gap,readout,2,id_test,10v10_K3,176,0.7197845545472586,0.0001
regir_kv0_sg,4,trained,centroid_gap,readout,2,ood_explore,30v30_K12,386,0.6856534936745561,0.0001
regir_kv0_sg,4,trained,centroid_gap,readout,2,ood_explore,30v30_K2,386,0.7234019867727348,0.0001
regir_kv0_sg,4,trained,centroid_gap,readout,2,ood_explore,50v50_K2,381,0.628147878031031,0.0001
regir_kv0_sg,4,trained,centroid_gap,readout,2,ood_confirm,30v30_K12,378,0.7437198209590701,0.0001
regir_kv0_sg,4,trained,centroid_gap,readout,2,ood_confirm,30v30_K2,384,0.629436115613476,0.0001
regir_kv0_sg,4,trained,centroid_gap,readout,2,ood_confirm,50v50_K2,396,0.6410034592787877,0.0001
regir_kv0_sg,4,trained,centroid_gap,readout,3,id_train,10v10_K2,363,0.7855034239375953,0.0001
regir_kv0_sg,4,trained,centroid_gap,readout,3,id_train,10v10_K3,363,0.79725564785133,0.0001
regir_kv0_sg,4,trained,centroid_gap,readout,3,id_val,10v10_K2,188,0.6941707649594835,0.0001
regir_kv0_sg,4,trained,centroid_gap,readout,3,id_val,10v10_K3,183,0.740992877973389,0.0001
regir_kv0_sg,4,trained,centroid_gap,readout,3,id_test,10v10_K2,183,0.7437749954125248,0.0001
regir_kv0_sg,4,trained,centroid_gap,readout,3,id_test,10v10_K3,176,0.7358071421802677,0.0001
regir_kv0_sg,4,trained,centroid_gap,readout,3,ood_explore,30v30_K12,386,0.7065905672519501,0.0001
regir_kv0_sg,4,trained,centroid_gap,readout,3,ood_explore,30v30_K2,386,0.7497174140569316,0.0001
regir_kv0_sg,4,trained,centroid_gap,readout,3,ood_explore,50v50_K2,381,0.6459776497783538,0.0001
regir_kv0_sg,4,trained,centroid_gap,readout,3,ood_confirm,30v30_K12,378,0.7524924977424639,0.0001
regir_kv0_sg,4,trained,centroid_gap,readout,3,ood_confirm,30v30_K2,384,0.6437775085334703,0.0001
regir_kv0_sg,4,trained,centroid_gap,readout,3,ood_confirm,50v50_K2,396,0.6300845904586762,0.0001
regir_kv0_sg,4,trained,nearest_target_distance,readout,0,id_train,10v10_K2,363,0.657625150606381,0.0001
regir_kv0_sg,4,trained,nearest_target_distance,readout,0,id_train,10v10_K3,363,0.7185010909936806,0.0001
regir_kv0_sg,4,trained,nearest_target_distance,readout,0,id_val,10v10_K2,188,0.6224699118727699,0.0001
regir_kv0_sg,4,trained,nearest_target_distance,readout,0,id_val,10v10_K3,183,0.6576227805333016,0.0001
regir_kv0_sg,4,trained,nearest_target_distance,readout,0,id_test,10v10_K2,183,0.6730415234662874,0.0001
regir_kv0_sg,4,trained,nearest_target_distance,readout,0,id_test,10v10_K3,176,0.7077314112955483,0.0001
regir_kv0_sg,4,trained,nearest_target_distance,readout,0,ood_explore,30v30_K12,386,0.721507913737599,0.0001
regir_kv0_sg,4,trained,nearest_target_distance,readout,0,ood_explore,30v30_K2,386,0.646782087878329,0.0001
regir_kv0_sg,4,trained,nearest_target_distance,readout,0,ood_explore,50v50_K2,381,0.6563860313060725,0.0001
regir_kv0_sg,4,trained,nearest_target_distance,readout,0,ood_confirm,30v30_K12,378,0.727148182923519,0.0001
regir_kv0_sg,4,trained,nearest_target_distance,readout,0,ood_confirm,30v30_K2,384,0.5761747437955969,0.0001
regir_kv0_sg,4,trained,nearest_target_distance,readout,0,ood_confirm,50v50_K2,396,0.6482696712440581,0.0001
regir_kv0_sg,4,trained,nearest_target_distance,readout,1,id_train,10v10_K2,363,0.5564942925671947,0.0001
regir_kv0_sg,4,trained,nearest_target_distance,readout,1,id_train,10v10_K3,363,0.641851729453893,0.0001
regir_kv0_sg,4,trained,nearest_target_distance,readout,1,id_val,10v10_K2,188,0.5600598961830578,0.0001
regir_kv0_sg,4,trained,nearest_target_distance,readout,1,id_val,10v10_K3,183,0.6013199606795921,0.0001
regir_kv0_sg,4,trained,nearest_target_distance,readout,1,id_test,10v10_K2,183,0.5619595504733687,0.0001
regir_kv0_sg,4,trained,nearest_target_distance,readout,1,id_test,10v10_K3,176,0.5783577604992859,0.0001
regir_kv0_sg,4,trained,nearest_target_distance,readout,1,ood_explore,30v30_K12,386,0.6005283332898914,0.0001
regir_kv0_sg,4,trained,nearest_target_distance,readout,1,ood_explore,30v30_K2,386,0.5169087783271835,0.0001
regir_kv0_sg,4,trained,nearest_target_distance,readout,1,ood_explore,50v50_K2,381,0.4611024164998918,0.0001
regir_kv0_sg,4,trained,nearest_target_distance,readout,1,ood_confirm,30v30_K12,378,0.6327826801288746,0.0001
regir_kv0_sg,4,trained,nearest_target_distance,readout,1,ood_confirm,30v30_K2,384,0.44704689151479593,0.0001
regir_kv0_sg,4,trained,nearest_target_distance,readout,1,ood_confirm,50v50_K2,396,0.45301598616984173,0.0001
regir_kv0_sg,4,trained,nearest_target_distance,readout,2,id_train,10v10_K2,363,0.5656952359299042,0.0001
regir_kv0_sg,4,trained,nearest_target_distance,readout,2,id_train,10v10_K3,363,0.6580134935431932,0.0001
regir_kv0_sg,4,trained,nearest_target_distance,readout,2,id_val,10v10_K2,188,0.5747663106343859,0.0001
regir_kv0_sg,4,trained,nearest_target_distance,readout,2,id_val,10v10_K3,183,0.6437392983235691,0.0001
regir_kv0_sg,4,trained,nearest_target_distance,readout,2,id_test,10v10_K2,183,0.6251102130591217,0.0001
regir_kv0_sg,4,trained,nearest_target_distance,readout,2,id_test,10v10_K3,176,0.6085645783243976,0.0001
regir_kv0_sg,4,trained,nearest_target_distance,readout,2,ood_explore,30v30_K12,386,0.6529960123107483,0.0001
regir_kv0_sg,4,trained,nearest_target_distance,readout,2,ood_explore,30v30_K2,386,0.5374142643849711,0.0001
regir_kv0_sg,4,trained,nearest_target_distance,readout,2,ood_explore,50v50_K2,381,0.44694789616262676,0.0001
regir_kv0_sg,4,trained,nearest_target_distance,readout,2,ood_confirm,30v30_K12,378,0.6316358563834296,0.0001
regir_kv0_sg,4,trained,nearest_target_distance,readout,2,ood_confirm,30v30_K2,384,0.5153973075389424,0.0001
regir_kv0_sg,4,trained,nearest_target_distance,readout,2,ood_confirm,50v50_K2,396,0.4431797252534222,0.0001
regir_kv0_sg,4,trained,nearest_target_distance,readout,3,id_train,10v10_K2,363,0.6161535488800514,0.0001
regir_kv0_sg,4,trained,nearest_target_distance,readout,3,id_train,10v10_K3,363,0.6882128856584181,0.0001
regir_kv0_sg,4,trained,nearest_target_distance,readout,3,id_val,10v10_K2,188,0.5982193858368496,0.0001
regir_kv0_sg,4,trained,nearest_target_distance,readout,3,id_val,10v10_K3,183,0.6243060476860576,0.0001
regir_kv0_sg,4,trained,nearest_target_distance,readout,3,id_test,10v10_K2,183,0.6540153563782707,0.0001
regir_kv0_sg,4,trained,nearest_target_distance,readout,3,id_test,10v10_K3,176,0.6498278150041252,0.0001
regir_kv0_sg,4,trained,nearest_target_distance,readout,3,ood_explore,30v30_K12,386,0.7154069688229476,0.0001
regir_kv0_sg,4,trained,nearest_target_distance,readout,3,ood_explore,30v30_K2,386,0.5724270109735912,0.0001
regir_kv0_sg,4,trained,nearest_target_distance,readout,3,ood_explore,50v50_K2,381,0.4953674995649546,0.0001
regir_kv0_sg,4,trained,nearest_target_distance,readout,3,ood_confirm,30v30_K12,378,0.6560168743796423,0.0001
regir_kv0_sg,4,trained,nearest_target_distance,readout,3,ood_confirm,30v30_K2,384,0.5812657616754661,0.0001
regir_kv0_sg,4,trained,nearest_target_distance,readout,3,ood_confirm,50v50_K2,396,0.4965336697333358,0.0001
regir_kv0_sg,4,random_init,threat,h_mean,0,id_train,10v10_K2,363,0.4776264807206664,100.0
regir_kv0_sg,4,random_init,threat,h_mean,0,id_train,10v10_K3,363,0.45110547403335055,100.0
regir_kv0_sg,4,random_init,threat,h_mean,0,id_val,10v10_K2,188,-0.3034727302647595,100.0
regir_kv0_sg,4,random_init,threat,h_mean,0,id_val,10v10_K3,183,0.2589579081380783,100.0
regir_kv0_sg,4,random_init,threat,h_mean,0,id_test,10v10_K2,183,0.1731240944774991,100.0
regir_kv0_sg,4,random_init,threat,h_mean,0,id_test,10v10_K3,176,0.1501131881487393,100.0
regir_kv0_sg,4,random_init,threat,h_mean,0,ood_explore,30v30_K12,386,0.12662173281204914,100.0
regir_kv0_sg,4,random_init,threat,h_mean,0,ood_explore,30v30_K2,386,0.2917229235570379,100.0
regir_kv0_sg,4,random_init,threat,h_mean,0,ood_explore,50v50_K2,381,0.23802836671549144,100.0
regir_kv0_sg,4,random_init,threat,h_mean,0,ood_confirm,30v30_K12,378,0.35657042617818224,100.0
regir_kv0_sg,4,random_init,threat,h_mean,0,ood_confirm,30v30_K2,384,0.2152254943703048,100.0
regir_kv0_sg,4,random_init,threat,h_mean,0,ood_confirm,50v50_K2,396,-0.037205633652496184,100.0
regir_kv0_sg,4,random_init,threat,h_mean,1,id_train,10v10_K2,363,0.4731722320307181,100.0
regir_kv0_sg,4,random_init,threat,h_mean,1,id_train,10v10_K3,363,0.4643010939327601,100.0
regir_kv0_sg,4,random_init,threat,h_mean,1,id_val,10v10_K2,188,-0.3727756981114472,100.0
regir_kv0_sg,4,random_init,threat,h_mean,1,id_val,10v10_K3,183,0.2479844225013924,100.0
regir_kv0_sg,4,random_init,threat,h_mean,1,id_test,10v10_K2,183,0.14549122797750025,100.0
regir_kv0_sg,4,random_init,threat,h_mean,1,id_test,10v10_K3,176,0.15003013264286968,100.0
regir_kv0_sg,4,random_init,threat,h_mean,1,ood_explore,30v30_K12,386,0.10972456936043429,100.0
regir_kv0_sg,4,random_init,threat,h_mean,1,ood_explore,30v30_K2,386,0.252972474736749,100.0
regir_kv0_sg,4,random_init,threat,h_mean,1,ood_explore,50v50_K2,381,0.1892278613193572,100.0
regir_kv0_sg,4,random_init,threat,h_mean,1,ood_confirm,30v30_K12,378,0.30146382981077136,100.0
regir_kv0_sg,4,random_init,threat,h_mean,1,ood_confirm,30v30_K2,384,0.1752346206902483,100.0
regir_kv0_sg,4,random_init,threat,h_mean,1,ood_confirm,50v50_K2,396,-0.10443323406241967,100.0
regir_kv0_sg,4,random_init,threat,h_mean,2,id_train,10v10_K2,363,0.4609763318739435,100.0
regir_kv0_sg,4,random_init,threat,h_mean,2,id_train,10v10_K3,363,0.44104137999878446,100.0
regir_kv0_sg,4,random_init,threat,h_mean,2,id_val,10v10_K2,188,-0.3641865543145002,100.0
regir_kv0_sg,4,random_init,threat,h_mean,2,id_val,10v10_K3,183,0.2742319124265379,100.0
regir_kv0_sg,4,random_init,threat,h_mean,2,id_test,10v10_K2,183,0.15110995919006265,100.0
regir_kv0_sg,4,random_init,threat,h_mean,2,id_test,10v10_K3,176,0.16374923046528722,100.0
regir_kv0_sg,4,random_init,threat,h_mean,2,ood_explore,30v30_K12,386,0.07302945087438684,100.0
regir_kv0_sg,4,random_init,threat,h_mean,2,ood_explore,30v30_K2,386,0.2849353112584645,100.0
regir_kv0_sg,4,random_init,threat,h_mean,2,ood_explore,50v50_K2,381,0.21039644237962463,100.0
regir_kv0_sg,4,random_init,threat,h_mean,2,ood_confirm,30v30_K12,378,0.2663813578263108,100.0
regir_kv0_sg,4,random_init,threat,h_mean,2,ood_confirm,30v30_K2,384,0.20501253810988906,100.0
regir_kv0_sg,4,random_init,threat,h_mean,2,ood_confirm,50v50_K2,396,-0.0764261404462434,100.0
regir_kv0_sg,4,random_init,threat,h_mean,3,id_train,10v10_K2,363,0.45234242850927076,100.0
regir_kv0_sg,4,random_init,threat,h_mean,3,id_train,10v10_K3,363,0.43672542549164584,100.0
regir_kv0_sg,4,random_init,threat,h_mean,3,id_val,10v10_K2,188,-0.38982307540668004,100.0
regir_kv0_sg,4,random_init,threat,h_mean,3,id_val,10v10_K3,183,0.2805302564822698,100.0
regir_kv0_sg,4,random_init,threat,h_mean,3,id_test,10v10_K2,183,0.1733182424831372,100.0
regir_kv0_sg,4,random_init,threat,h_mean,3,id_test,10v10_K3,176,0.1549964163204417,100.0
regir_kv0_sg,4,random_init,threat,h_mean,3,ood_explore,30v30_K12,386,0.06515456128219821,100.0
regir_kv0_sg,4,random_init,threat,h_mean,3,ood_explore,30v30_K2,386,0.3074482506731385,100.0
regir_kv0_sg,4,random_init,threat,h_mean,3,ood_explore,50v50_K2,381,0.23119361443759068,100.0
regir_kv0_sg,4,random_init,threat,h_mean,3,ood_confirm,30v30_K12,378,0.2661821766868925,100.0
regir_kv0_sg,4,random_init,threat,h_mean,3,ood_confirm,30v30_K2,384,0.2148342806407374,100.0
regir_kv0_sg,4,random_init,threat,h_mean,3,ood_confirm,50v50_K2,396,-0.0801526062269946,100.0
regir_kv0_sg,4,random_init,threat,h_mean,4,id_train,10v10_K2,363,0.4463311400370725,100.0
regir_kv0_sg,4,random_init,threat,h_mean,4,id_train,10v10_K3,363,0.43309594436083576,100.0
regir_kv0_sg,4,random_init,threat,h_mean,4,id_val,10v10_K2,188,-0.38237841423814234,100.0
regir_kv0_sg,4,random_init,threat,h_mean,4,id_val,10v10_K3,183,0.2770849831784292,100.0
regir_kv0_sg,4,random_init,threat,h_mean,4,id_test,10v10_K2,183,0.18737371053626806,100.0
regir_kv0_sg,4,random_init,threat,h_mean,4,id_test,10v10_K3,176,0.15408815314026503,100.0
regir_kv0_sg,4,random_init,threat,h_mean,4,ood_explore,30v30_K12,386,0.07623663266298719,100.0
regir_kv0_sg,4,random_init,threat,h_mean,4,ood_explore,30v30_K2,386,0.3176238431759586,100.0
regir_kv0_sg,4,random_init,threat,h_mean,4,ood_explore,50v50_K2,381,0.24919238848332415,100.0
regir_kv0_sg,4,random_init,threat,h_mean,4,ood_confirm,30v30_K12,378,0.2795942573788637,100.0
regir_kv0_sg,4,random_init,threat,h_mean,4,ood_confirm,30v30_K2,384,0.22381037896099376,100.0
regir_kv0_sg,4,random_init,threat,h_mean,4,ood_confirm,50v50_K2,396,-0.08628251232816009,100.0
regir_kv0_sg,4,random_init,unmarked_frac,h_mean,0,id_train,10v10_K2,363,0.44733616560509415,10.0
regir_kv0_sg,4,random_init,unmarked_frac,h_mean,0,id_train,10v10_K3,363,0.4127614688976431,10.0
regir_kv0_sg,4,random_init,unmarked_frac,h_mean,0,id_val,10v10_K2,188,0.12147529859028716,10.0
regir_kv0_sg,4,random_init,unmarked_frac,h_mean,0,id_val,10v10_K3,183,0.4639304911651134,10.0
regir_kv0_sg,4,random_init,unmarked_frac,h_mean,0,id_test,10v10_K2,183,0.37646711356049645,10.0
regir_kv0_sg,4,random_init,unmarked_frac,h_mean,0,id_test,10v10_K3,176,0.3327248178642389,10.0
regir_kv0_sg,4,random_init,unmarked_frac,h_mean,0,ood_explore,30v30_K12,386,0.061348740601313456,10.0
regir_kv0_sg,4,random_init,unmarked_frac,h_mean,0,ood_explore,30v30_K2,386,0.06732817110016098,10.0
regir_kv0_sg,4,random_init,unmarked_frac,h_mean,0,ood_explore,50v50_K2,381,-0.13491603761636006,10.0
regir_kv0_sg,4,random_init,unmarked_frac,h_mean,0,ood_confirm,30v30_K12,378,0.2781088804380344,10.0
regir_kv0_sg,4,random_init,unmarked_frac,h_mean,0,ood_confirm,30v30_K2,384,0.11372119080260357,10.0
regir_kv0_sg,4,random_init,unmarked_frac,h_mean,0,ood_confirm,50v50_K2,396,0.03636875817590146,10.0
regir_kv0_sg,4,random_init,unmarked_frac,h_mean,1,id_train,10v10_K2,363,0.4519341852539184,10.0
regir_kv0_sg,4,random_init,unmarked_frac,h_mean,1,id_train,10v10_K3,363,0.43498769408370574,10.0
regir_kv0_sg,4,random_init,unmarked_frac,h_mean,1,id_val,10v10_K2,188,0.12342817593356004,10.0
regir_kv0_sg,4,random_init,unmarked_frac,h_mean,1,id_val,10v10_K3,183,0.4533496023270305,10.0
regir_kv0_sg,4,random_init,unmarked_frac,h_mean,1,id_test,10v10_K2,183,0.3480772631949308,10.0
regir_kv0_sg,4,random_init,unmarked_frac,h_mean,1,id_test,10v10_K3,176,0.318750780930929,10.0
regir_kv0_sg,4,random_init,unmarked_frac,h_mean,1,ood_explore,30v30_K12,386,-0.010435556287472503,10.0
regir_kv0_sg,4,random_init,unmarked_frac,h_mean,1,ood_explore,30v30_K2,386,0.09915964798330135,10.0
regir_kv0_sg,4,random_init,unmarked_frac,h_mean,1,ood_explore,50v50_K2,381,-0.04778432511469255,10.0
regir_kv0_sg,4,random_init,unmarked_frac,h_mean,1,ood_confirm,30v30_K12,378,0.22012306992510355,10.0
regir_kv0_sg,4,random_init,unmarked_frac,h_mean,1,ood_confirm,30v30_K2,384,0.13642451406114642,10.0
regir_kv0_sg,4,random_init,unmarked_frac,h_mean,1,ood_confirm,50v50_K2,396,0.07331325030763669,10.0
regir_kv0_sg,4,random_init,unmarked_frac,h_mean,2,id_train,10v10_K2,363,0.44419223053242973,10.0
regir_kv0_sg,4,random_init,unmarked_frac,h_mean,2,id_train,10v10_K3,363,0.42638929996524233,10.0
regir_kv0_sg,4,random_init,unmarked_frac,h_mean,2,id_val,10v10_K2,188,0.1390942811332777,10.0
regir_kv0_sg,4,random_init,unmarked_frac,h_mean,2,id_val,10v10_K3,183,0.3978490918136909,10.0
regir_kv0_sg,4,random_init,unmarked_frac,h_mean,2,id_test,10v10_K2,183,0.33099684831793175,10.0
regir_kv0_sg,4,random_init,unmarked_frac,h_mean,2,id_test,10v10_K3,176,0.2852160761584158,10.0
regir_kv0_sg,4,random_init,unmarked_frac,h_mean,2,ood_explore,30v30_K12,386,0.032863734624896335,10.0
regir_kv0_sg,4,random_init,unmarked_frac,h_mean,2,ood_explore,30v30_K2,386,0.09063273472993894,10.0
regir_kv0_sg,4,random_init,unmarked_frac,h_mean,2,ood_explore,50v50_K2,381,-0.031410970618706235,10.0
regir_kv0_sg,4,random_init,unmarked_frac,h_mean,2,ood_confirm,30v30_K12,378,0.24832320383623085,10.0
regir_kv0_sg,4,random_init,unmarked_frac,h_mean,2,ood_confirm,30v30_K2,384,0.13012537022930193,10.0
regir_kv0_sg,4,random_init,unmarked_frac,h_mean,2,ood_confirm,50v50_K2,396,0.06991373800643319,10.0
regir_kv0_sg,4,random_init,unmarked_frac,h_mean,3,id_train,10v10_K2,363,0.43473425961824363,10.0
regir_kv0_sg,4,random_init,unmarked_frac,h_mean,3,id_train,10v10_K3,363,0.4071290173783102,10.0
regir_kv0_sg,4,random_init,unmarked_frac,h_mean,3,id_val,10v10_K2,188,0.1311156111982661,10.0
regir_kv0_sg,4,random_init,unmarked_frac,h_mean,3,id_val,10v10_K3,183,0.3676504817376164,10.0
regir_kv0_sg,4,random_init,unmarked_frac,h_mean,3,id_test,10v10_K2,183,0.3198880213773643,10.0
regir_kv0_sg,4,random_init,unmarked_frac,h_mean,3,id_test,10v10_K3,176,0.27602083230289554,10.0
regir_kv0_sg,4,random_init,unmarked_frac,h_mean,3,ood_explore,30v30_K12,386,0.0812804996332458,10.0
regir_kv0_sg,4,random_init,unmarked_frac,h_mean,3,ood_explore,30v30_K2,386,0.07616816404558568,10.0
regir_kv0_sg,4,random_init,unmarked_frac,h_mean,3,ood_explore,50v50_K2,381,-0.08574822918994052,10.0
regir_kv0_sg,4,random_init,unmarked_frac,h_mean,3,ood_confirm,30v30_K12,378,0.27354286846453413,10.0
regir_kv0_sg,4,random_init,unmarked_frac,h_mean,3,ood_confirm,30v30_K2,384,0.07172760277656254,10.0
regir_kv0_sg,4,random_init,unmarked_frac,h_mean,3,ood_confirm,50v50_K2,396,0.014363823689917954,10.0
regir_kv0_sg,4,random_init,unmarked_frac,h_mean,4,id_train,10v10_K2,363,0.42419045854521176,10.0
regir_kv0_sg,4,random_init,unmarked_frac,h_mean,4,id_train,10v10_K3,363,0.3940545719671862,10.0
regir_kv0_sg,4,random_init,unmarked_frac,h_mean,4,id_val,10v10_K2,188,0.13712111345051237,10.0
regir_kv0_sg,4,random_init,unmarked_frac,h_mean,4,id_val,10v10_K3,183,0.35554104500482697,10.0
regir_kv0_sg,4,random_init,unmarked_frac,h_mean,4,id_test,10v10_K2,183,0.31052104099227296,10.0
regir_kv0_sg,4,random_init,unmarked_frac,h_mean,4,id_test,10v10_K3,176,0.28357373685966225,10.0
regir_kv0_sg,4,random_init,unmarked_frac,h_mean,4,ood_explore,30v30_K12,386,0.09397661531056967,10.0
regir_kv0_sg,4,random_init,unmarked_frac,h_mean,4,ood_explore,30v30_K2,386,0.0865685114846968,10.0
regir_kv0_sg,4,random_init,unmarked_frac,h_mean,4,ood_explore,50v50_K2,381,-0.09756758442918567,10.0
regir_kv0_sg,4,random_init,unmarked_frac,h_mean,4,ood_confirm,30v30_K12,378,0.27880087399733,10.0
regir_kv0_sg,4,random_init,unmarked_frac,h_mean,4,ood_confirm,30v30_K2,384,0.05992831287551048,10.0
regir_kv0_sg,4,random_init,unmarked_frac,h_mean,4,ood_confirm,50v50_K2,396,0.019211005051368968,10.0
regir_kv0_sg,4,random_init,centroid_gap,h_mean,0,id_train,10v10_K2,363,0.8701993546380061,1.0
regir_kv0_sg,4,random_init,centroid_gap,h_mean,0,id_train,10v10_K3,363,0.8571211161756758,1.0
regir_kv0_sg,4,random_init,centroid_gap,h_mean,0,id_val,10v10_K2,188,0.878318912903449,1.0
regir_kv0_sg,4,random_init,centroid_gap,h_mean,0,id_val,10v10_K3,183,0.8439441020213717,1.0
regir_kv0_sg,4,random_init,centroid_gap,h_mean,0,id_test,10v10_K2,183,0.8382336409682207,1.0
regir_kv0_sg,4,random_init,centroid_gap,h_mean,0,id_test,10v10_K3,176,0.8299297647284305,1.0
regir_kv0_sg,4,random_init,centroid_gap,h_mean,0,ood_explore,30v30_K12,386,0.7614261081052591,1.0
regir_kv0_sg,4,random_init,centroid_gap,h_mean,0,ood_explore,30v30_K2,386,0.8185444047203516,1.0
regir_kv0_sg,4,random_init,centroid_gap,h_mean,0,ood_explore,50v50_K2,381,0.7613113869139445,1.0
regir_kv0_sg,4,random_init,centroid_gap,h_mean,0,ood_confirm,30v30_K12,378,0.7497099763742734,1.0
regir_kv0_sg,4,random_init,centroid_gap,h_mean,0,ood_confirm,30v30_K2,384,0.7536880091523191,1.0
regir_kv0_sg,4,random_init,centroid_gap,h_mean,0,ood_confirm,50v50_K2,396,0.7531976864977303,1.0
regir_kv0_sg,4,random_init,centroid_gap,h_mean,1,id_train,10v10_K2,363,0.8691284825705484,1.0
regir_kv0_sg,4,random_init,centroid_gap,h_mean,1,id_train,10v10_K3,363,0.854322425400275,1.0
regir_kv0_sg,4,random_init,centroid_gap,h_mean,1,id_val,10v10_K2,188,0.8669088211370323,1.0
regir_kv0_sg,4,random_init,centroid_gap,h_mean,1,id_val,10v10_K3,183,0.796712160557637,1.0
regir_kv0_sg,4,random_init,centroid_gap,h_mean,1,id_test,10v10_K2,183,0.8308546164523651,1.0
regir_kv0_sg,4,random_init,centroid_gap,h_mean,1,id_test,10v10_K3,176,0.8375621831642843,1.0
regir_kv0_sg,4,random_init,centroid_gap,h_mean,1,ood_explore,30v30_K12,386,0.7063331509859708,1.0
regir_kv0_sg,4,random_init,centroid_gap,h_mean,1,ood_explore,30v30_K2,386,0.821752493062454,1.0
regir_kv0_sg,4,random_init,centroid_gap,h_mean,1,ood_explore,50v50_K2,381,0.7926078487382272,1.0
regir_kv0_sg,4,random_init,centroid_gap,h_mean,1,ood_confirm,30v30_K12,378,0.7126079301742853,1.0
regir_kv0_sg,4,random_init,centroid_gap,h_mean,1,ood_confirm,30v30_K2,384,0.7587416940030287,1.0
regir_kv0_sg,4,random_init,centroid_gap,h_mean,1,ood_confirm,50v50_K2,396,0.7767043020956791,1.0
regir_kv0_sg,4,random_init,centroid_gap,h_mean,2,id_train,10v10_K2,363,0.8476697416943677,1.0
regir_kv0_sg,4,random_init,centroid_gap,h_mean,2,id_train,10v10_K3,363,0.854110188509986,1.0
regir_kv0_sg,4,random_init,centroid_gap,h_mean,2,id_val,10v10_K2,188,0.8299770432333752,1.0
regir_kv0_sg,4,random_init,centroid_gap,h_mean,2,id_val,10v10_K3,183,0.8002163155765074,1.0
regir_kv0_sg,4,random_init,centroid_gap,h_mean,2,id_test,10v10_K2,183,0.810092539687925,1.0
regir_kv0_sg,4,random_init,centroid_gap,h_mean,2,id_test,10v10_K3,176,0.8165639683972422,1.0
regir_kv0_sg,4,random_init,centroid_gap,h_mean,2,ood_explore,30v30_K12,386,0.7008330732983941,1.0
regir_kv0_sg,4,random_init,centroid_gap,h_mean,2,ood_explore,30v30_K2,386,0.7613291684607517,1.0
regir_kv0_sg,4,random_init,centroid_gap,h_mean,2,ood_explore,50v50_K2,381,0.700145966817096,1.0
regir_kv0_sg,4,random_init,centroid_gap,h_mean,2,ood_confirm,30v30_K12,378,0.6905145066963823,1.0
regir_kv0_sg,4,random_init,centroid_gap,h_mean,2,ood_confirm,30v30_K2,384,0.6943592212023223,1.0
regir_kv0_sg,4,random_init,centroid_gap,h_mean,2,ood_confirm,50v50_K2,396,0.6880371204650648,1.0
regir_kv0_sg,4,random_init,centroid_gap,h_mean,3,id_train,10v10_K2,363,0.8425013111106723,1.0
regir_kv0_sg,4,random_init,centroid_gap,h_mean,3,id_train,10v10_K3,363,0.8420162080215907,1.0
regir_kv0_sg,4,random_init,centroid_gap,h_mean,3,id_val,10v10_K2,188,0.8224982680025945,1.0
regir_kv0_sg,4,random_init,centroid_gap,h_mean,3,id_val,10v10_K3,183,0.7958560520187615,1.0
regir_kv0_sg,4,random_init,centroid_gap,h_mean,3,id_test,10v10_K2,183,0.8066602974019623,1.0
regir_kv0_sg,4,random_init,centroid_gap,h_mean,3,id_test,10v10_K3,176,0.7994054089493686,1.0
regir_kv0_sg,4,random_init,centroid_gap,h_mean,3,ood_explore,30v30_K12,386,0.7291284356227374,1.0
regir_kv0_sg,4,random_init,centroid_gap,h_mean,3,ood_explore,30v30_K2,386,0.7498192043945363,1.0
regir_kv0_sg,4,random_init,centroid_gap,h_mean,3,ood_explore,50v50_K2,381,0.6918900443235362,1.0
regir_kv0_sg,4,random_init,centroid_gap,h_mean,3,ood_confirm,30v30_K12,378,0.7214481435461277,1.0
regir_kv0_sg,4,random_init,centroid_gap,h_mean,3,ood_confirm,30v30_K2,384,0.6655814330752766,1.0
regir_kv0_sg,4,random_init,centroid_gap,h_mean,3,ood_confirm,50v50_K2,396,0.6546979426165853,1.0
regir_kv0_sg,4,random_init,centroid_gap,h_mean,4,id_train,10v10_K2,363,0.851013927027269,1.0
regir_kv0_sg,4,random_init,centroid_gap,h_mean,4,id_train,10v10_K3,363,0.8507160923309758,1.0
regir_kv0_sg,4,random_init,centroid_gap,h_mean,4,id_val,10v10_K2,188,0.8308854882501864,1.0
regir_kv0_sg,4,random_init,centroid_gap,h_mean,4,id_val,10v10_K3,183,0.8051917978890168,1.0
regir_kv0_sg,4,random_init,centroid_gap,h_mean,4,id_test,10v10_K2,183,0.8130436286831465,1.0
regir_kv0_sg,4,random_init,centroid_gap,h_mean,4,id_test,10v10_K3,176,0.8119323802119476,1.0
regir_kv0_sg,4,random_init,centroid_gap,h_mean,4,ood_explore,30v30_K12,386,0.7526882904258141,1.0
regir_kv0_sg,4,random_init,centroid_gap,h_mean,4,ood_explore,30v30_K2,386,0.7743722463069649,1.0
regir_kv0_sg,4,random_init,centroid_gap,h_mean,4,ood_explore,50v50_K2,381,0.7211647687471048,1.0
regir_kv0_sg,4,random_init,centroid_gap,h_mean,4,ood_confirm,30v30_K12,378,0.7534436623851365,1.0
regir_kv0_sg,4,random_init,centroid_gap,h_mean,4,ood_confirm,30v30_K2,384,0.6850838885961062,1.0
regir_kv0_sg,4,random_init,centroid_gap,h_mean,4,ood_confirm,50v50_K2,396,0.6954781285731705,1.0
regir_kv0_sg,4,random_init,nearest_target_distance,h_mean,0,id_train,10v10_K2,363,0.8227788365279384,1.0
regir_kv0_sg,4,random_init,nearest_target_distance,h_mean,0,id_train,10v10_K3,363,0.8570147484840214,1.0
regir_kv0_sg,4,random_init,nearest_target_distance,h_mean,0,id_val,10v10_K2,188,0.7687226163127328,1.0
regir_kv0_sg,4,random_init,nearest_target_distance,h_mean,0,id_val,10v10_K3,183,0.8423282405096635,1.0
regir_kv0_sg,4,random_init,nearest_target_distance,h_mean,0,id_test,10v10_K2,183,0.8059923884964664,1.0
regir_kv0_sg,4,random_init,nearest_target_distance,h_mean,0,id_test,10v10_K3,176,0.7657424211969104,1.0
regir_kv0_sg,4,random_init,nearest_target_distance,h_mean,0,ood_explore,30v30_K12,386,0.6956065536538999,1.0
regir_kv0_sg,4,random_init,nearest_target_distance,h_mean,0,ood_explore,30v30_K2,386,0.723348311572956,1.0
regir_kv0_sg,4,random_init,nearest_target_distance,h_mean,0,ood_explore,50v50_K2,381,0.6666223032026423,1.0
regir_kv0_sg,4,random_init,nearest_target_distance,h_mean,0,ood_confirm,30v30_K12,378,0.5931937864726256,1.0
regir_kv0_sg,4,random_init,nearest_target_distance,h_mean,0,ood_confirm,30v30_K2,384,0.6757385564136635,1.0
regir_kv0_sg,4,random_init,nearest_target_distance,h_mean,0,ood_confirm,50v50_K2,396,0.6950782553842618,1.0
regir_kv0_sg,4,random_init,nearest_target_distance,h_mean,1,id_train,10v10_K2,363,0.8233208222901798,1.0
regir_kv0_sg,4,random_init,nearest_target_distance,h_mean,1,id_train,10v10_K3,363,0.8645684082409515,1.0
regir_kv0_sg,4,random_init,nearest_target_distance,h_mean,1,id_val,10v10_K2,188,0.7607046793599249,1.0
regir_kv0_sg,4,random_init,nearest_target_distance,h_mean,1,id_val,10v10_K3,183,0.8463087667438901,1.0
regir_kv0_sg,4,random_init,nearest_target_distance,h_mean,1,id_test,10v10_K2,183,0.7718373223040864,1.0
regir_kv0_sg,4,random_init,nearest_target_distance,h_mean,1,id_test,10v10_K3,176,0.8080787368007247,1.0
regir_kv0_sg,4,random_init,nearest_target_distance,h_mean,1,ood_explore,30v30_K12,386,0.7084679000235132,1.0
regir_kv0_sg,4,random_init,nearest_target_distance,h_mean,1,ood_explore,30v30_K2,386,0.7147989945052251,1.0
regir_kv0_sg,4,random_init,nearest_target_distance,h_mean,1,ood_explore,50v50_K2,381,0.6647508125494317,1.0
regir_kv0_sg,4,random_init,nearest_target_distance,h_mean,1,ood_confirm,30v30_K12,378,0.6180589988866882,1.0
regir_kv0_sg,4,random_init,nearest_target_distance,h_mean,1,ood_confirm,30v30_K2,384,0.6771759786026588,1.0
regir_kv0_sg,4,random_init,nearest_target_distance,h_mean,1,ood_confirm,50v50_K2,396,0.6648339208347166,1.0
regir_kv0_sg,4,random_init,nearest_target_distance,h_mean,2,id_train,10v10_K2,363,0.806402044405277,1.0
regir_kv0_sg,4,random_init,nearest_target_distance,h_mean,2,id_train,10v10_K3,363,0.8473954577203815,1.0
regir_kv0_sg,4,random_init,nearest_target_distance,h_mean,2,id_val,10v10_K2,188,0.7253289438858788,1.0
regir_kv0_sg,4,random_init,nearest_target_distance,h_mean,2,id_val,10v10_K3,183,0.8324328043524025,1.0
regir_kv0_sg,4,random_init,nearest_target_distance,h_mean,2,id_test,10v10_K2,183,0.7590427139079509,1.0
regir_kv0_sg,4,random_init,nearest_target_distance,h_mean,2,id_test,10v10_K3,176,0.7628588311583395,1.0
regir_kv0_sg,4,random_init,nearest_target_distance,h_mean,2,ood_explore,30v30_K12,386,0.7081567271636151,1.0
regir_kv0_sg,4,random_init,nearest_target_distance,h_mean,2,ood_explore,30v30_K2,386,0.6551425568566087,1.0
regir_kv0_sg,4,random_init,nearest_target_distance,h_mean,2,ood_explore,50v50_K2,381,0.5703165576891694,1.0
regir_kv0_sg,4,random_init,nearest_target_distance,h_mean,2,ood_confirm,30v30_K12,378,0.6161416822002745,1.0
regir_kv0_sg,4,random_init,nearest_target_distance,h_mean,2,ood_confirm,30v30_K2,384,0.6080959640269046,1.0
regir_kv0_sg,4,random_init,nearest_target_distance,h_mean,2,ood_confirm,50v50_K2,396,0.5901977850303806,1.0
regir_kv0_sg,4,random_init,nearest_target_distance,h_mean,3,id_train,10v10_K2,363,0.8010361225994193,1.0
regir_kv0_sg,4,random_init,nearest_target_distance,h_mean,3,id_train,10v10_K3,363,0.8365865746568948,1.0
regir_kv0_sg,4,random_init,nearest_target_distance,h_mean,3,id_val,10v10_K2,188,0.7309921960357202,1.0
regir_kv0_sg,4,random_init,nearest_target_distance,h_mean,3,id_val,10v10_K3,183,0.8323540075889517,1.0
regir_kv0_sg,4,random_init,nearest_target_distance,h_mean,3,id_test,10v10_K2,183,0.7569616035172814,1.0
regir_kv0_sg,4,random_init,nearest_target_distance,h_mean,3,id_test,10v10_K3,176,0.7553574623004511,1.0
regir_kv0_sg,4,random_init,nearest_target_distance,h_mean,3,ood_explore,30v30_K12,386,0.7145475527154023,1.0
regir_kv0_sg,4,random_init,nearest_target_distance,h_mean,3,ood_explore,30v30_K2,386,0.6696885009745364,1.0
regir_kv0_sg,4,random_init,nearest_target_distance,h_mean,3,ood_explore,50v50_K2,381,0.59310816003042,1.0
regir_kv0_sg,4,random_init,nearest_target_distance,h_mean,3,ood_confirm,30v30_K12,378,0.6230329270607635,1.0
regir_kv0_sg,4,random_init,nearest_target_distance,h_mean,3,ood_confirm,30v30_K2,384,0.6169988241403253,1.0
regir_kv0_sg,4,random_init,nearest_target_distance,h_mean,3,ood_confirm,50v50_K2,396,0.607702954260129,1.0
regir_kv0_sg,4,random_init,nearest_target_distance,h_mean,4,id_train,10v10_K2,363,0.8048415014694886,1.0
regir_kv0_sg,4,random_init,nearest_target_distance,h_mean,4,id_train,10v10_K3,363,0.8358455022427583,1.0
regir_kv0_sg,4,random_init,nearest_target_distance,h_mean,4,id_val,10v10_K2,188,0.7286399728311337,1.0
regir_kv0_sg,4,random_init,nearest_target_distance,h_mean,4,id_val,10v10_K3,183,0.8251386348416883,1.0
regir_kv0_sg,4,random_init,nearest_target_distance,h_mean,4,id_test,10v10_K2,183,0.7509536664983705,1.0
regir_kv0_sg,4,random_init,nearest_target_distance,h_mean,4,id_test,10v10_K3,176,0.7569482167380115,1.0
regir_kv0_sg,4,random_init,nearest_target_distance,h_mean,4,ood_explore,30v30_K12,386,0.7407957322918235,1.0
regir_kv0_sg,4,random_init,nearest_target_distance,h_mean,4,ood_explore,30v30_K2,386,0.6764109979252733,1.0
regir_kv0_sg,4,random_init,nearest_target_distance,h_mean,4,ood_explore,50v50_K2,381,0.5916124110782468,1.0
regir_kv0_sg,4,random_init,nearest_target_distance,h_mean,4,ood_confirm,30v30_K12,378,0.6605007455160115,1.0
regir_kv0_sg,4,random_init,nearest_target_distance,h_mean,4,ood_confirm,30v30_K2,384,0.6087472581775961,1.0
regir_kv0_sg,4,random_init,nearest_target_distance,h_mean,4,ood_confirm,50v50_K2,396,0.6000624091935569,1.0
regir_kv0_sg,4,random_init,threat,readout,0,id_train,10v10_K2,363,0.44809497596833925,100.0
regir_kv0_sg,4,random_init,threat,readout,0,id_train,10v10_K3,363,0.45875586555060743,100.0
regir_kv0_sg,4,random_init,threat,readout,0,id_val,10v10_K2,188,-0.3215919958013487,100.0
regir_kv0_sg,4,random_init,threat,readout,0,id_val,10v10_K3,183,0.2827609594913618,100.0
regir_kv0_sg,4,random_init,threat,readout,0,id_test,10v10_K2,183,0.14697480075685088,100.0
regir_kv0_sg,4,random_init,threat,readout,0,id_test,10v10_K3,176,0.1833178212569746,100.0
regir_kv0_sg,4,random_init,threat,readout,0,ood_explore,30v30_K12,386,0.13096113790910213,100.0
regir_kv0_sg,4,random_init,threat,readout,0,ood_explore,30v30_K2,386,0.25752100924164023,100.0
regir_kv0_sg,4,random_init,threat,readout,0,ood_explore,50v50_K2,381,0.20256210824702725,100.0
regir_kv0_sg,4,random_init,threat,readout,0,ood_confirm,30v30_K12,378,0.3109267166370837,100.0
regir_kv0_sg,4,random_init,threat,readout,0,ood_confirm,30v30_K2,384,0.17243104741328374,100.0
regir_kv0_sg,4,random_init,threat,readout,0,ood_confirm,50v50_K2,396,-0.11911276481144117,100.0
regir_kv0_sg,4,random_init,threat,readout,1,id_train,10v10_K2,363,0.42787744060474864,100.0
regir_kv0_sg,4,random_init,threat,readout,1,id_train,10v10_K3,363,0.4151577289323737,100.0
regir_kv0_sg,4,random_init,threat,readout,1,id_val,10v10_K2,188,-0.43962108316761395,100.0
regir_kv0_sg,4,random_init,threat,readout,1,id_val,10v10_K3,183,0.29317115883602096,100.0
regir_kv0_sg,4,random_init,threat,readout,1,id_test,10v10_K2,183,0.1413360535035364,100.0
regir_kv0_sg,4,random_init,threat,readout,1,id_test,10v10_K3,176,0.1859282445223751,100.0
regir_kv0_sg,4,random_init,threat,readout,1,ood_explore,30v30_K12,386,0.08066068670133664,100.0
regir_kv0_sg,4,random_init,threat,readout,1,ood_explore,30v30_K2,386,0.2811035074190311,100.0
regir_kv0_sg,4,random_init,threat,readout,1,ood_explore,50v50_K2,381,0.22809565275394328,100.0
regir_kv0_sg,4,random_init,threat,readout,1,ood_confirm,30v30_K12,378,0.2630686537751362,100.0
regir_kv0_sg,4,random_init,threat,readout,1,ood_confirm,30v30_K2,384,0.2133814667775753,100.0
regir_kv0_sg,4,random_init,threat,readout,1,ood_confirm,50v50_K2,396,-0.04391659457955033,100.0
regir_kv0_sg,4,random_init,threat,readout,2,id_train,10v10_K2,363,0.42313597729393926,100.0
regir_kv0_sg,4,random_init,threat,readout,2,id_train,10v10_K3,363,0.41239608029519137,100.0
regir_kv0_sg,4,random_init,threat,readout,2,id_val,10v10_K2,188,-0.469550966376282,100.0
regir_kv0_sg,4,random_init,threat,readout,2,id_val,10v10_K3,183,0.27893710828394935,100.0
regir_kv0_sg,4,random_init,threat,readout,2,id_test,10v10_K2,183,0.1661523549972348,100.0
regir_kv0_sg,4,random_init,threat,readout,2,id_test,10v10_K3,176,0.16484031355277917,100.0
regir_kv0_sg,4,random_init,threat,readout,2,ood_explore,30v30_K12,386,0.06300970492716151,100.0
regir_kv0_sg,4,random_init,threat,readout,2,ood_explore,30v30_K2,386,0.3085046547113036,100.0
regir_kv0_sg,4,random_init,threat,readout,2,ood_explore,50v50_K2,381,0.23623567240183807,100.0
regir_kv0_sg,4,random_init,threat,readout,2,ood_confirm,30v30_K12,378,0.25815978765416125,100.0
regir_kv0_sg,4,random_init,threat,readout,2,ood_confirm,30v30_K2,384,0.22498158431569582,100.0
regir_kv0_sg,4,random_init,threat,readout,2,ood_confirm,50v50_K2,396,-0.05582906466849158,100.0
regir_kv0_sg,4,random_init,threat,readout,3,id_train,10v10_K2,363,0.42120364372079055,100.0
regir_kv0_sg,4,random_init,threat,readout,3,id_train,10v10_K3,363,0.4154337611132647,100.0
regir_kv0_sg,4,random_init,threat,readout,3,id_val,10v10_K2,188,-0.4593507684237035,100.0
regir_kv0_sg,4,random_init,threat,readout,3,id_val,10v10_K3,183,0.26929261095522317,100.0
regir_kv0_sg,4,random_init,threat,readout,3,id_test,10v10_K2,183,0.18889574812369736,100.0
regir_kv0_sg,4,random_init,threat,readout,3,id_test,10v10_K3,176,0.1592189439779037,100.0
regir_kv0_sg,4,random_init,threat,readout,3,ood_explore,30v30_K12,386,0.08061080213079697,100.0
regir_kv0_sg,4,random_init,threat,readout,3,ood_explore,30v30_K2,386,0.32597453003630517,100.0
regir_kv0_sg,4,random_init,threat,readout,3,ood_explore,50v50_K2,381,0.2559619605307185,100.0
regir_kv0_sg,4,random_init,threat,readout,3,ood_confirm,30v30_K12,378,0.275260117578104,100.0
regir_kv0_sg,4,random_init,threat,readout,3,ood_confirm,30v30_K2,384,0.23450101610417273,100.0
regir_kv0_sg,4,random_init,threat,readout,3,ood_confirm,50v50_K2,396,-0.06654331934784641,100.0
regir_kv0_sg,4,random_init,unmarked_frac,readout,0,id_train,10v10_K2,363,0.40993094899794214,10.0
regir_kv0_sg,4,random_init,unmarked_frac,readout,0,id_train,10v10_K3,363,0.3922795559648762,10.0
regir_kv0_sg,4,random_init,unmarked_frac,readout,0,id_val,10v10_K2,188,0.16036546193279888,10.0
regir_kv0_sg,4,random_init,unmarked_frac,readout,0,id_val,10v10_K3,183,0.43595245794290527,10.0
regir_kv0_sg,4,random_init,unmarked_frac,readout,0,id_test,10v10_K2,183,0.3219155657844094,10.0
regir_kv0_sg,4,random_init,unmarked_frac,readout,0,id_test,10v10_K3,176,0.2648365091171495,10.0
regir_kv0_sg,4,random_init,unmarked_frac,readout,0,ood_explore,30v30_K12,386,0.02964246207985899,10.0
regir_kv0_sg,4,random_init,unmarked_frac,readout,0,ood_explore,30v30_K2,386,0.09621279897037471,10.0
regir_kv0_sg,4,random_init,unmarked_frac,readout,0,ood_explore,50v50_K2,381,-0.03633329448920697,10.0
regir_kv0_sg,4,random_init,unmarked_frac,readout,0,ood_confirm,30v30_K12,378,0.245393719914054,10.0
regir_kv0_sg,4,random_init,unmarked_frac,readout,0,ood_confirm,30v30_K2,384,0.14864231516324178,10.0
regir_kv0_sg,4,random_init,unmarked_frac,readout,0,ood_confirm,50v50_K2,396,0.08776325817466502,10.0
regir_kv0_sg,4,random_init,unmarked_frac,readout,1,id_train,10v10_K2,363,0.4094294083895885,10.0
regir_kv0_sg,4,random_init,unmarked_frac,readout,1,id_train,10v10_K3,363,0.3928938586381594,10.0
regir_kv0_sg,4,random_init,unmarked_frac,readout,1,id_val,10v10_K2,188,0.15497784471707443,10.0
regir_kv0_sg,4,random_init,unmarked_frac,readout,1,id_val,10v10_K3,183,0.398324537400353,10.0
regir_kv0_sg,4,random_init,unmarked_frac,readout,1,id_test,10v10_K2,183,0.27035079080179614,10.0
regir_kv0_sg,4,random_init,unmarked_frac,readout,1,id_test,10v10_K3,176,0.3154690943661679,10.0
regir_kv0_sg,4,random_init,unmarked_frac,readout,1,ood_explore,30v30_K12,386,0.001974992798827846,10.0
regir_kv0_sg,4,random_init,unmarked_frac,readout,1,ood_explore,30v30_K2,386,0.10553916970858768,10.0
regir_kv0_sg,4,random_init,unmarked_frac,readout,1,ood_explore,50v50_K2,381,-0.05562308021222928,10.0
regir_kv0_sg,4,random_init,unmarked_frac,readout,1,ood_confirm,30v30_K12,378,0.22846874380623905,10.0
regir_kv0_sg,4,random_init,unmarked_frac,readout,1,ood_confirm,30v30_K2,384,0.10581657103718167,10.0
regir_kv0_sg,4,random_init,unmarked_frac,readout,1,ood_confirm,50v50_K2,396,0.02742164511103007,10.0
regir_kv0_sg,4,random_init,unmarked_frac,readout,2,id_train,10v10_K2,363,0.39709849574922595,10.0
regir_kv0_sg,4,random_init,unmarked_frac,readout,2,id_train,10v10_K3,363,0.3572938491696148,10.0
regir_kv0_sg,4,random_init,unmarked_frac,readout,2,id_val,10v10_K2,188,0.16205821056132164,10.0
regir_kv0_sg,4,random_init,unmarked_frac,readout,2,id_val,10v10_K3,183,0.38167098276424527,10.0
regir_kv0_sg,4,random_init,unmarked_frac,readout,2,id_test,10v10_K2,183,0.2816846866411217,10.0
regir_kv0_sg,4,random_init,unmarked_frac,readout,2,id_test,10v10_K3,176,0.2999746973177737,10.0
regir_kv0_sg,4,random_init,unmarked_frac,readout,2,ood_explore,30v30_K12,386,0.009865351771701003,10.0
regir_kv0_sg,4,random_init,unmarked_frac,readout,2,ood_explore,30v30_K2,386,0.09755451355926836,10.0
regir_kv0_sg,4,random_init,unmarked_frac,readout,2,ood_explore,50v50_K2,381,-0.13146927268027908,10.0
regir_kv0_sg,4,random_init,unmarked_frac,readout,2,ood_confirm,30v30_K12,378,0.2509030180821282,10.0
regir_kv0_sg,4,random_init,unmarked_frac,readout,2,ood_confirm,30v30_K2,384,0.04237264110170513,10.0
regir_kv0_sg,4,random_init,unmarked_frac,readout,2,ood_confirm,50v50_K2,396,-0.029734176744419916,10.0
regir_kv0_sg,4,random_init,unmarked_frac,readout,3,id_train,10v10_K2,363,0.39658191289006617,10.0
regir_kv0_sg,4,random_init,unmarked_frac,readout,3,id_train,10v10_K3,363,0.35674883716346095,10.0
regir_kv0_sg,4,random_init,unmarked_frac,readout,3,id_val,10v10_K2,188,0.15976253023268006,10.0
regir_kv0_sg,4,random_init,unmarked_frac,readout,3,id_val,10v10_K3,183,0.3784103305450017,10.0
regir_kv0_sg,4,random_init,unmarked_frac,readout,3,id_test,10v10_K2,183,0.2930585026415994,10.0
regir_kv0_sg,4,random_init,unmarked_frac,readout,3,id_test,10v10_K3,176,0.2925883294070454,10.0
regir_kv0_sg,4,random_init,unmarked_frac,readout,3,ood_explore,30v30_K12,386,0.05505212380322999,10.0
regir_kv0_sg,4,random_init,unmarked_frac,readout,3,ood_explore,30v30_K2,386,0.10081244250995558,10.0
regir_kv0_sg,4,random_init,unmarked_frac,readout,3,ood_explore,50v50_K2,381,-0.138488749983402,10.0
regir_kv0_sg,4,random_init,unmarked_frac,readout,3,ood_confirm,30v30_K12,378,0.26582712186846935,10.0
regir_kv0_sg,4,random_init,unmarked_frac,readout,3,ood_confirm,30v30_K2,384,0.036360012699169775,10.0
regir_kv0_sg,4,random_init,unmarked_frac,readout,3,ood_confirm,50v50_K2,396,-0.008969101976694649,10.0
regir_kv0_sg,4,random_init,centroid_gap,readout,0,id_train,10v10_K2,363,0.8698405406064125,0.001
regir_kv0_sg,4,random_init,centroid_gap,readout,0,id_train,10v10_K3,363,0.8541884178244172,0.001
regir_kv0_sg,4,random_init,centroid_gap,readout,0,id_val,10v10_K2,188,0.8679106286575322,0.001
regir_kv0_sg,4,random_init,centroid_gap,readout,0,id_val,10v10_K3,183,0.7962350722757497,0.001
regir_kv0_sg,4,random_init,centroid_gap,readout,0,id_test,10v10_K2,183,0.8300769665652498,0.001
regir_kv0_sg,4,random_init,centroid_gap,readout,0,id_test,10v10_K3,176,0.8355220192789533,0.001
regir_kv0_sg,4,random_init,centroid_gap,readout,0,ood_explore,30v30_K12,386,0.7065994704541362,0.001
regir_kv0_sg,4,random_init,centroid_gap,readout,0,ood_explore,30v30_K2,386,0.8271595374399852,0.001
regir_kv0_sg,4,random_init,centroid_gap,readout,0,ood_explore,50v50_K2,381,0.798055666236413,0.001
regir_kv0_sg,4,random_init,centroid_gap,readout,0,ood_confirm,30v30_K12,378,0.7110498973935739,0.001
regir_kv0_sg,4,random_init,centroid_gap,readout,0,ood_confirm,30v30_K2,384,0.7586643289179991,0.001
regir_kv0_sg,4,random_init,centroid_gap,readout,0,ood_confirm,50v50_K2,396,0.7741217652189921,0.001
regir_kv0_sg,4,random_init,centroid_gap,readout,1,id_train,10v10_K2,363,0.8468978220575327,0.001
regir_kv0_sg,4,random_init,centroid_gap,readout,1,id_train,10v10_K3,363,0.8519421299812566,0.001
regir_kv0_sg,4,random_init,centroid_gap,readout,1,id_val,10v10_K2,188,0.8287973004510897,0.001
regir_kv0_sg,4,random_init,centroid_gap,readout,1,id_val,10v10_K3,183,0.7945881733638473,0.001
regir_kv0_sg,4,random_init,centroid_gap,readout,1,id_test,10v10_K2,183,0.8046682953746134,0.001
regir_kv0_sg,4,random_init,centroid_gap,readout,1,id_test,10v10_K3,176,0.8175042503785399,0.001
regir_kv0_sg,4,random_init,centroid_gap,readout,1,ood_explore,30v30_K12,386,0.6882935516315984,0.001
regir_kv0_sg,4,random_init,centroid_gap,readout,1,ood_explore,30v30_K2,386,0.7622326405042368,0.001
regir_kv0_sg,4,random_init,centroid_gap,readout,1,ood_explore,50v50_K2,381,0.7101195594129629,0.001
regir_kv0_sg,4,random_init,centroid_gap,readout,1,ood_confirm,30v30_K12,378,0.6844969466182855,0.001
regir_kv0_sg,4,random_init,centroid_gap,readout,1,ood_confirm,30v30_K2,384,0.6905812090877215,0.001
regir_kv0_sg,4,random_init,centroid_gap,readout,1,ood_confirm,50v50_K2,396,0.688569035937552,0.001
regir_kv0_sg,4,random_init,centroid_gap,readout,2,id_train,10v10_K2,363,0.8398937726055539,0.001
regir_kv0_sg,4,random_init,centroid_gap,readout,2,id_train,10v10_K3,363,0.8394761249023752,0.001
regir_kv0_sg,4,random_init,centroid_gap,readout,2,id_val,10v10_K2,188,0.8107840345802442,0.001
regir_kv0_sg,4,random_init,centroid_gap,readout,2,id_val,10v10_K3,183,0.794297235608902,0.001
regir_kv0_sg,4,random_init,centroid_gap,readout,2,id_test,10v10_K2,183,0.7985335125836732,0.001
regir_kv0_sg,4,random_init,centroid_gap,readout,2,id_test,10v10_K3,176,0.7923710750987356,0.001
regir_kv0_sg,4,random_init,centroid_gap,readout,2,ood_explore,30v30_K12,386,0.7082252993939715,0.001
regir_kv0_sg,4,random_init,centroid_gap,readout,2,ood_explore,30v30_K2,386,0.7317625852449648,0.001
regir_kv0_sg,4,random_init,centroid_gap,readout,2,ood_explore,50v50_K2,381,0.6636226322670856,0.001
regir_kv0_sg,4,random_init,centroid_gap,readout,2,ood_confirm,30v30_K12,378,0.7171814245093164,0.001
regir_kv0_sg,4,random_init,centroid_gap,readout,2,ood_confirm,30v30_K2,384,0.6407823358047875,0.001
regir_kv0_sg,4,random_init,centroid_gap,readout,2,ood_confirm,50v50_K2,396,0.6160927324617447,0.001
regir_kv0_sg,4,random_init,centroid_gap,readout,3,id_train,10v10_K2,363,0.8405808205589486,0.001
regir_kv0_sg,4,random_init,centroid_gap,readout,3,id_train,10v10_K3,363,0.8440055003840276,0.001
regir_kv0_sg,4,random_init,centroid_gap,readout,3,id_val,10v10_K2,188,0.8108277324419697,0.001
regir_kv0_sg,4,random_init,centroid_gap,readout,3,id_val,10v10_K3,183,0.7939030985003758,0.001
regir_kv0_sg,4,random_init,centroid_gap,readout,3,id_test,10v10_K2,183,0.7976581632233513,0.001
regir_kv0_sg,4,random_init,centroid_gap,readout,3,id_test,10v10_K3,176,0.7946003361986114,0.001
regir_kv0_sg,4,random_init,centroid_gap,readout,3,ood_explore,30v30_K12,386,0.7203972640101265,0.001
regir_kv0_sg,4,random_init,centroid_gap,readout,3,ood_explore,30v30_K2,386,0.7477627385965566,0.001
regir_kv0_sg,4,random_init,centroid_gap,readout,3,ood_explore,50v50_K2,381,0.6876205473535429,0.001
regir_kv0_sg,4,random_init,centroid_gap,readout,3,ood_confirm,30v30_K12,378,0.7357640931193252,0.001
regir_kv0_sg,4,random_init,centroid_gap,readout,3,ood_confirm,30v30_K2,384,0.6651992130176231,0.001
regir_kv0_sg,4,random_init,centroid_gap,readout,3,ood_confirm,50v50_K2,396,0.655513212215219,0.001
regir_kv0_sg,4,random_init,nearest_target_distance,readout,0,id_train,10v10_K2,363,0.8249911494998139,0.0001
regir_kv0_sg,4,random_init,nearest_target_distance,readout,0,id_train,10v10_K3,363,0.8669836946102437,0.0001
regir_kv0_sg,4,random_init,nearest_target_distance,readout,0,id_val,10v10_K2,188,0.7620946592407967,0.0001
regir_kv0_sg,4,random_init,nearest_target_distance,readout,0,id_val,10v10_K3,183,0.8485542349496242,0.0001
regir_kv0_sg,4,random_init,nearest_target_distance,readout,0,id_test,10v10_K2,183,0.7687722047034661,0.0001
regir_kv0_sg,4,random_init,nearest_target_distance,readout,0,id_test,10v10_K3,176,0.8063495584743977,0.0001
regir_kv0_sg,4,random_init,nearest_target_distance,readout,0,ood_explore,30v30_K12,386,0.7040586309756669,0.0001
regir_kv0_sg,4,random_init,nearest_target_distance,readout,0,ood_explore,30v30_K2,386,0.7174812060524843,0.0001
regir_kv0_sg,4,random_init,nearest_target_distance,readout,0,ood_explore,50v50_K2,381,0.6779241027804603,0.0001
regir_kv0_sg,4,random_init,nearest_target_distance,readout,0,ood_confirm,30v30_K12,378,0.6124546070417005,0.0001
regir_kv0_sg,4,random_init,nearest_target_distance,readout,0,ood_confirm,30v30_K2,384,0.6842241358106849,0.0001
regir_kv0_sg,4,random_init,nearest_target_distance,readout,0,ood_confirm,50v50_K2,396,0.6783952451390285,0.0001
regir_kv0_sg,4,random_init,nearest_target_distance,readout,1,id_train,10v10_K2,363,0.8140786326445842,0.0001
regir_kv0_sg,4,random_init,nearest_target_distance,readout,1,id_train,10v10_K3,363,0.8502468140237645,0.0001
regir_kv0_sg,4,random_init,nearest_target_distance,readout,1,id_val,10v10_K2,188,0.7335411510433594,0.0001
regir_kv0_sg,4,random_init,nearest_target_distance,readout,1,id_val,10v10_K3,183,0.8338318565190941,0.0001
regir_kv0_sg,4,random_init,nearest_target_distance,readout,1,id_test,10v10_K2,183,0.7528120044450017,0.0001
regir_kv0_sg,4,random_init,nearest_target_distance,readout,1,id_test,10v10_K3,176,0.767444976670732,0.0001
regir_kv0_sg,4,random_init,nearest_target_distance,readout,1,ood_explore,30v30_K12,386,0.690923580443066,0.0001
regir_kv0_sg,4,random_init,nearest_target_distance,readout,1,ood_explore,30v30_K2,386,0.6653165600232758,0.0001
regir_kv0_sg,4,random_init,nearest_target_distance,readout,1,ood_explore,50v50_K2,381,0.5925639702566176,0.0001
regir_kv0_sg,4,random_init,nearest_target_distance,readout,1,ood_confirm,30v30_K12,378,0.6021067870185517,0.0001
regir_kv0_sg,4,random_init,nearest_target_distance,readout,1,ood_confirm,30v30_K2,384,0.6156000060948597,0.0001
regir_kv0_sg,4,random_init,nearest_target_distance,readout,1,ood_confirm,50v50_K2,396,0.6128604374865212,0.0001
regir_kv0_sg,4,random_init,nearest_target_distance,readout,2,id_train,10v10_K2,363,0.8105044462810699,0.0001
regir_kv0_sg,4,random_init,nearest_target_distance,readout,2,id_train,10v10_K3,363,0.8398412287210896,0.0001
regir_kv0_sg,4,random_init,nearest_target_distance,readout,2,id_val,10v10_K2,188,0.7281198429670643,0.0001
regir_kv0_sg,4,random_init,nearest_target_distance,readout,2,id_val,10v10_K3,183,0.8285641993017573,0.0001
regir_kv0_sg,4,random_init,nearest_target_distance,readout,2,id_test,10v10_K2,183,0.7531261991117684,0.0001
regir_kv0_sg,4,random_init,nearest_target_distance,readout,2,id_test,10v10_K3,176,0.7559544811658244,0.0001
regir_kv0_sg,4,random_init,nearest_target_distance,readout,2,ood_explore,30v30_K12,386,0.7059580410138382,0.0001
regir_kv0_sg,4,random_init,nearest_target_distance,readout,2,ood_explore,30v30_K2,386,0.6802876636634765,0.0001
regir_kv0_sg,4,random_init,nearest_target_distance,readout,2,ood_explore,50v50_K2,381,0.6179751641646752,0.0001
regir_kv0_sg,4,random_init,nearest_target_distance,readout,2,ood_confirm,30v30_K12,378,0.6153621293349038,0.0001
regir_kv0_sg,4,random_init,nearest_target_distance,readout,2,ood_confirm,30v30_K2,384,0.6270319138992474,0.0001
regir_kv0_sg,4,random_init,nearest_target_distance,readout,2,ood_confirm,50v50_K2,396,0.6410972861156254,0.0001
regir_kv0_sg,4,random_init,nearest_target_distance,readout,3,id_train,10v10_K2,363,0.8108567739350183,0.0001
regir_kv0_sg,4,random_init,nearest_target_distance,readout,3,id_train,10v10_K3,363,0.8380392898415352,0.0001
regir_kv0_sg,4,random_init,nearest_target_distance,readout,3,id_val,10v10_K2,188,0.7243810553816773,0.0001
regir_kv0_sg,4,random_init,nearest_target_distance,readout,3,id_val,10v10_K3,183,0.8107591502349049,0.0001
regir_kv0_sg,4,random_init,nearest_target_distance,readout,3,id_test,10v10_K2,183,0.7421381925044386,0.0001
regir_kv0_sg,4,random_init,nearest_target_distance,readout,3,id_test,10v10_K3,176,0.7539005028554783,0.0001
regir_kv0_sg,4,random_init,nearest_target_distance,readout,3,ood_explore,30v30_K12,386,0.7474317336111888,0.0001
regir_kv0_sg,4,random_init,nearest_target_distance,readout,3,ood_explore,30v30_K2,386,0.6767095803377847,0.0001
regir_kv0_sg,4,random_init,nearest_target_distance,readout,3,ood_explore,50v50_K2,381,0.6072855906555035,0.0001
regir_kv0_sg,4,random_init,nearest_target_distance,readout,3,ood_confirm,30v30_K12,378,0.6689028821732317,0.0001
regir_kv0_sg,4,random_init,nearest_target_distance,readout,3,ood_confirm,30v30_K2,384,0.606509535314685,0.0001
regir_kv0_sg,4,random_init,nearest_target_distance,readout,3,ood_confirm,50v50_K2,396,0.6125949425624744,0.0001
regir_kv0_sg,4,shuffled_labels,threat,h_mean,0,id_train,10v10_K2,363,-0.041390744382602485,100.0
regir_kv0_sg,4,shuffled_labels,threat,h_mean,0,id_train,10v10_K3,363,-0.04745350274917315,100.0
regir_kv0_sg,4,shuffled_labels,threat,h_mean,0,id_val,10v10_K2,188,-0.3278714812254271,100.0
regir_kv0_sg,4,shuffled_labels,threat,h_mean,0,id_val,10v10_K3,183,-0.06690441149982318,100.0
regir_kv0_sg,4,shuffled_labels,threat,h_mean,0,id_test,10v10_K2,183,-0.1474859990263213,100.0
regir_kv0_sg,4,shuffled_labels,threat,h_mean,0,id_test,10v10_K3,176,-0.07076650678787488,100.0
regir_kv0_sg,4,shuffled_labels,threat,h_mean,0,ood_explore,30v30_K12,386,-0.0627792879163036,100.0
regir_kv0_sg,4,shuffled_labels,threat,h_mean,0,ood_explore,30v30_K2,386,-0.027678826328402684,100.0
regir_kv0_sg,4,shuffled_labels,threat,h_mean,0,ood_explore,50v50_K2,381,-0.02420144955648995,100.0
regir_kv0_sg,4,shuffled_labels,threat,h_mean,0,ood_confirm,30v30_K12,378,-0.06377298099926487,100.0
regir_kv0_sg,4,shuffled_labels,threat,h_mean,0,ood_confirm,30v30_K2,384,-0.012194259979736444,100.0
regir_kv0_sg,4,shuffled_labels,threat,h_mean,0,ood_confirm,50v50_K2,396,-0.019517043466932726,100.0
regir_kv0_sg,4,shuffled_labels,threat,h_mean,1,id_train,10v10_K2,363,-0.05058538915808919,100.0
regir_kv0_sg,4,shuffled_labels,threat,h_mean,1,id_train,10v10_K3,363,-0.07918686131589237,100.0
regir_kv0_sg,4,shuffled_labels,threat,h_mean,1,id_val,10v10_K2,188,-0.2944486766479226,100.0
regir_kv0_sg,4,shuffled_labels,threat,h_mean,1,id_val,10v10_K3,183,-0.1339539266563996,100.0
regir_kv0_sg,4,shuffled_labels,threat,h_mean,1,id_test,10v10_K2,183,-0.18349397286820812,100.0
regir_kv0_sg,4,shuffled_labels,threat,h_mean,1,id_test,10v10_K3,176,-0.18918579115063894,100.0
regir_kv0_sg,4,shuffled_labels,threat,h_mean,1,ood_explore,30v30_K12,386,-0.04757135882989538,100.0
regir_kv0_sg,4,shuffled_labels,threat,h_mean,1,ood_explore,30v30_K2,386,-0.06517480424244249,100.0
regir_kv0_sg,4,shuffled_labels,threat,h_mean,1,ood_explore,50v50_K2,381,-0.11160567936069454,100.0
regir_kv0_sg,4,shuffled_labels,threat,h_mean,1,ood_confirm,30v30_K12,378,-0.08897315892377877,100.0
regir_kv0_sg,4,shuffled_labels,threat,h_mean,1,ood_confirm,30v30_K2,384,-0.0463925418087312,100.0
regir_kv0_sg,4,shuffled_labels,threat,h_mean,1,ood_confirm,50v50_K2,396,-0.07036156611775302,100.0
regir_kv0_sg,4,shuffled_labels,threat,h_mean,2,id_train,10v10_K2,363,-0.06067753898486461,100.0
regir_kv0_sg,4,shuffled_labels,threat,h_mean,2,id_train,10v10_K3,363,-0.07185167496745781,100.0
regir_kv0_sg,4,shuffled_labels,threat,h_mean,2,id_val,10v10_K2,188,-0.37044108017841393,100.0
regir_kv0_sg,4,shuffled_labels,threat,h_mean,2,id_val,10v10_K3,183,-0.13783670437267226,100.0
regir_kv0_sg,4,shuffled_labels,threat,h_mean,2,id_test,10v10_K2,183,-0.2014889916446705,100.0
regir_kv0_sg,4,shuffled_labels,threat,h_mean,2,id_test,10v10_K3,176,-0.20172924203896847,100.0
regir_kv0_sg,4,shuffled_labels,threat,h_mean,2,ood_explore,30v30_K12,386,-0.07464244671281572,100.0
regir_kv0_sg,4,shuffled_labels,threat,h_mean,2,ood_explore,30v30_K2,386,-0.07535625669429291,100.0
regir_kv0_sg,4,shuffled_labels,threat,h_mean,2,ood_explore,50v50_K2,381,-0.10585530195263004,100.0
regir_kv0_sg,4,shuffled_labels,threat,h_mean,2,ood_confirm,30v30_K12,378,-0.09797228563683968,100.0
regir_kv0_sg,4,shuffled_labels,threat,h_mean,2,ood_confirm,30v30_K2,384,-0.06536427013521551,100.0
regir_kv0_sg,4,shuffled_labels,threat,h_mean,2,ood_confirm,50v50_K2,396,-0.08648622475241097,100.0
regir_kv0_sg,4,shuffled_labels,threat,h_mean,3,id_train,10v10_K2,363,-0.05831006180132969,100.0
regir_kv0_sg,4,shuffled_labels,threat,h_mean,3,id_train,10v10_K3,363,-0.07921781396812544,100.0
regir_kv0_sg,4,shuffled_labels,threat,h_mean,3,id_val,10v10_K2,188,-0.3923333720789144,100.0
regir_kv0_sg,4,shuffled_labels,threat,h_mean,3,id_val,10v10_K3,183,-0.14152099404781926,100.0
regir_kv0_sg,4,shuffled_labels,threat,h_mean,3,id_test,10v10_K2,183,-0.21421070430864275,100.0
regir_kv0_sg,4,shuffled_labels,threat,h_mean,3,id_test,10v10_K3,176,-0.21356271166598972,100.0
regir_kv0_sg,4,shuffled_labels,threat,h_mean,3,ood_explore,30v30_K12,386,-0.08695735198051358,100.0
regir_kv0_sg,4,shuffled_labels,threat,h_mean,3,ood_explore,30v30_K2,386,-0.0692907873176336,100.0
regir_kv0_sg,4,shuffled_labels,threat,h_mean,3,ood_explore,50v50_K2,381,-0.09744934442673436,100.0
regir_kv0_sg,4,shuffled_labels,threat,h_mean,3,ood_confirm,30v30_K12,378,-0.11008022953404839,100.0
regir_kv0_sg,4,shuffled_labels,threat,h_mean,3,ood_confirm,30v30_K2,384,-0.0636160463371811,100.0
regir_kv0_sg,4,shuffled_labels,threat,h_mean,3,ood_confirm,50v50_K2,396,-0.0626754925169628,100.0
regir_kv0_sg,4,shuffled_labels,threat,h_mean,4,id_train,10v10_K2,363,-0.06007096878735263,100.0
regir_kv0_sg,4,shuffled_labels,threat,h_mean,4,id_train,10v10_K3,363,-0.07701617648018622,100.0
regir_kv0_sg,4,shuffled_labels,threat,h_mean,4,id_val,10v10_K2,188,-0.39897238371819266,100.0
regir_kv0_sg,4,shuffled_labels,threat,h_mean,4,id_val,10v10_K3,183,-0.14671685117219857,100.0
regir_kv0_sg,4,shuffled_labels,threat,h_mean,4,id_test,10v10_K2,183,-0.2268711551810081,100.0
regir_kv0_sg,4,shuffled_labels,threat,h_mean,4,id_test,10v10_K3,176,-0.21689739035914912,100.0
regir_kv0_sg,4,shuffled_labels,threat,h_mean,4,ood_explore,30v30_K12,386,-0.08734422179463763,100.0
regir_kv0_sg,4,shuffled_labels,threat,h_mean,4,ood_explore,30v30_K2,386,-0.06480657250018496,100.0
regir_kv0_sg,4,shuffled_labels,threat,h_mean,4,ood_explore,50v50_K2,381,-0.0933378330214445,100.0
regir_kv0_sg,4,shuffled_labels,threat,h_mean,4,ood_confirm,30v30_K12,378,-0.10580137784784127,100.0
regir_kv0_sg,4,shuffled_labels,threat,h_mean,4,ood_confirm,30v30_K2,384,-0.0706311070848964,100.0
regir_kv0_sg,4,shuffled_labels,threat,h_mean,4,ood_confirm,50v50_K2,396,-0.0536066003945872,100.0
regir_kv0_sg,4,shuffled_labels,unmarked_frac,h_mean,0,id_train,10v10_K2,363,-0.06619792953830572,100.0
regir_kv0_sg,4,shuffled_labels,unmarked_frac,h_mean,0,id_train,10v10_K3,363,-0.06404048318535582,100.0
regir_kv0_sg,4,shuffled_labels,unmarked_frac,h_mean,0,id_val,10v10_K2,188,-0.04154728665565899,100.0
regir_kv0_sg,4,shuffled_labels,unmarked_frac,h_mean,0,id_val,10v10_K3,183,-0.06827331932346126,100.0
regir_kv0_sg,4,shuffled_labels,unmarked_frac,h_mean,0,id_test,10v10_K2,183,-0.10088509591960837,100.0
regir_kv0_sg,4,shuffled_labels,unmarked_frac,h_mean,0,id_test,10v10_K3,176,-0.07057699583493449,100.0
regir_kv0_sg,4,shuffled_labels,unmarked_frac,h_mean,0,ood_explore,30v30_K12,386,-0.37669526794185937,100.0
regir_kv0_sg,4,shuffled_labels,unmarked_frac,h_mean,0,ood_explore,30v30_K2,386,-0.13750528820971497,100.0
regir_kv0_sg,4,shuffled_labels,unmarked_frac,h_mean,0,ood_explore,50v50_K2,381,-0.3438626124633146,100.0
regir_kv0_sg,4,shuffled_labels,unmarked_frac,h_mean,0,ood_confirm,30v30_K12,378,-0.15904870291993256,100.0
regir_kv0_sg,4,shuffled_labels,unmarked_frac,h_mean,0,ood_confirm,30v30_K2,384,-0.21979226445102396,100.0
regir_kv0_sg,4,shuffled_labels,unmarked_frac,h_mean,0,ood_confirm,50v50_K2,396,-0.3500756641599978,100.0
regir_kv0_sg,4,shuffled_labels,unmarked_frac,h_mean,1,id_train,10v10_K2,363,-0.08021482585341189,100.0
regir_kv0_sg,4,shuffled_labels,unmarked_frac,h_mean,1,id_train,10v10_K3,363,-0.05821108706981626,100.0
regir_kv0_sg,4,shuffled_labels,unmarked_frac,h_mean,1,id_val,10v10_K2,188,-0.045278205805763694,100.0
regir_kv0_sg,4,shuffled_labels,unmarked_frac,h_mean,1,id_val,10v10_K3,183,-0.10615305264901442,100.0
regir_kv0_sg,4,shuffled_labels,unmarked_frac,h_mean,1,id_test,10v10_K2,183,-0.10879200393402311,100.0
regir_kv0_sg,4,shuffled_labels,unmarked_frac,h_mean,1,id_test,10v10_K3,176,-0.05172553481477671,100.0
regir_kv0_sg,4,shuffled_labels,unmarked_frac,h_mean,1,ood_explore,30v30_K12,386,-0.280442064909759,100.0
regir_kv0_sg,4,shuffled_labels,unmarked_frac,h_mean,1,ood_explore,30v30_K2,386,-0.07164076097621108,100.0
regir_kv0_sg,4,shuffled_labels,unmarked_frac,h_mean,1,ood_explore,50v50_K2,381,-0.265461070869508,100.0
regir_kv0_sg,4,shuffled_labels,unmarked_frac,h_mean,1,ood_confirm,30v30_K12,378,-0.1185560694720893,100.0
regir_kv0_sg,4,shuffled_labels,unmarked_frac,h_mean,1,ood_confirm,30v30_K2,384,-0.1722483124903711,100.0
regir_kv0_sg,4,shuffled_labels,unmarked_frac,h_mean,1,ood_confirm,50v50_K2,396,-0.2806886818422485,100.0
regir_kv0_sg,4,shuffled_labels,unmarked_frac,h_mean,2,id_train,10v10_K2,363,-0.07267993798928263,100.0
regir_kv0_sg,4,shuffled_labels,unmarked_frac,h_mean,2,id_train,10v10_K3,363,-0.050290969839047905,100.0
regir_kv0_sg,4,shuffled_labels,unmarked_frac,h_mean,2,id_val,10v10_K2,188,-0.046145304876757276,100.0
regir_kv0_sg,4,shuffled_labels,unmarked_frac,h_mean,2,id_val,10v10_K3,183,-0.09990912207625846,100.0
regir_kv0_sg,4,shuffled_labels,unmarked_frac,h_mean,2,id_test,10v10_K2,183,-0.10017408402628392,100.0
regir_kv0_sg,4,shuffled_labels,unmarked_frac,h_mean,2,id_test,10v10_K3,176,-0.04692710973686687,100.0
regir_kv0_sg,4,shuffled_labels,unmarked_frac,h_mean,2,ood_explore,30v30_K12,386,-0.26024856770944305,100.0
regir_kv0_sg,4,shuffled_labels,unmarked_frac,h_mean,2,ood_explore,30v30_K2,386,-0.056996771690638104,100.0
regir_kv0_sg,4,shuffled_labels,unmarked_frac,h_mean,2,ood_explore,50v50_K2,381,-0.22588276802560525,100.0
regir_kv0_sg,4,shuffled_labels,unmarked_frac,h_mean,2,ood_confirm,30v30_K12,378,-0.11093330845700389,100.0
regir_kv0_sg,4,shuffled_labels,unmarked_frac,h_mean,2,ood_confirm,30v30_K2,384,-0.15044878901238645,100.0
regir_kv0_sg,4,shuffled_labels,unmarked_frac,h_mean,2,ood_confirm,50v50_K2,396,-0.2712994890487803,100.0
regir_kv0_sg,4,shuffled_labels,unmarked_frac,h_mean,3,id_train,10v10_K2,363,-0.06710490276474035,100.0
regir_kv0_sg,4,shuffled_labels,unmarked_frac,h_mean,3,id_train,10v10_K3,363,-0.047238237858248544,100.0
regir_kv0_sg,4,shuffled_labels,unmarked_frac,h_mean,3,id_val,10v10_K2,188,-0.04438655412528103,100.0
regir_kv0_sg,4,shuffled_labels,unmarked_frac,h_mean,3,id_val,10v10_K3,183,-0.08975106134700961,100.0
regir_kv0_sg,4,shuffled_labels,unmarked_frac,h_mean,3,id_test,10v10_K2,183,-0.08888204687688606,100.0
regir_kv0_sg,4,shuffled_labels,unmarked_frac,h_mean,3,id_test,10v10_K3,176,-0.04333299522423961,100.0
regir_kv0_sg,4,shuffled_labels,unmarked_frac,h_mean,3,ood_explore,30v30_K12,386,-0.2532607894952488,100.0
regir_kv0_sg,4,shuffled_labels,unmarked_frac,h_mean,3,ood_explore,30v30_K2,386,-0.05997153038708669,100.0
regir_kv0_sg,4,shuffled_labels,unmarked_frac,h_mean,3,ood_explore,50v50_K2,381,-0.22016850226389262,100.0
regir_kv0_sg,4,shuffled_labels,unmarked_frac,h_mean,3,ood_confirm,30v30_K12,378,-0.09769706627868402,100.0
regir_kv0_sg,4,shuffled_labels,unmarked_frac,h_mean,3,ood_confirm,30v30_K2,384,-0.14627790341988578,100.0
regir_kv0_sg,4,shuffled_labels,unmarked_frac,h_mean,3,ood_confirm,50v50_K2,396,-0.27340727858060543,100.0
regir_kv0_sg,4,shuffled_labels,unmarked_frac,h_mean,4,id_train,10v10_K2,363,-0.06436740816267261,100.0
regir_kv0_sg,4,shuffled_labels,unmarked_frac,h_mean,4,id_train,10v10_K3,363,-0.04370615239273534,100.0
regir_kv0_sg,4,shuffled_labels,unmarked_frac,h_mean,4,id_val,10v10_K2,188,-0.04264643314088512,100.0
regir_kv0_sg,4,shuffled_labels,unmarked_frac,h_mean,4,id_val,10v10_K3,183,-0.07960739752039614,100.0
regir_kv0_sg,4,shuffled_labels,unmarked_frac,h_mean,4,id_test,10v10_K2,183,-0.08301723217016876,100.0
regir_kv0_sg,4,shuffled_labels,unmarked_frac,h_mean,4,id_test,10v10_K3,176,-0.0370081336597361,100.0
regir_kv0_sg,4,shuffled_labels,unmarked_frac,h_mean,4,ood_explore,30v30_K12,386,-0.24612684197013812,100.0
regir_kv0_sg,4,shuffled_labels,unmarked_frac,h_mean,4,ood_explore,30v30_K2,386,-0.06506711770138307,100.0
regir_kv0_sg,4,shuffled_labels,unmarked_frac,h_mean,4,ood_explore,50v50_K2,381,-0.2210340082789104,100.0
regir_kv0_sg,4,shuffled_labels,unmarked_frac,h_mean,4,ood_confirm,30v30_K12,378,-0.09164746194259821,100.0
regir_kv0_sg,4,shuffled_labels,unmarked_frac,h_mean,4,ood_confirm,30v30_K2,384,-0.14456896099915761,100.0
regir_kv0_sg,4,shuffled_labels,unmarked_frac,h_mean,4,ood_confirm,50v50_K2,396,-0.27419881218141784,100.0
regir_kv0_sg,4,shuffled_labels,centroid_gap,h_mean,0,id_train,10v10_K2,363,-0.007538309129543563,100.0
regir_kv0_sg,4,shuffled_labels,centroid_gap,h_mean,0,id_train,10v10_K3,363,-0.013122703705413574,100.0
regir_kv0_sg,4,shuffled_labels,centroid_gap,h_mean,0,id_val,10v10_K2,188,-0.02580274491843726,100.0
regir_kv0_sg,4,shuffled_labels,centroid_gap,h_mean,0,id_val,10v10_K3,183,-0.0011567823101001906,100.0
regir_kv0_sg,4,shuffled_labels,centroid_gap,h_mean,0,id_test,10v10_K2,183,0.00036581653848666296,100.0
regir_kv0_sg,4,shuffled_labels,centroid_gap,h_mean,0,id_test,10v10_K3,176,-0.028920453754669007,100.0
regir_kv0_sg,4,shuffled_labels,centroid_gap,h_mean,0,ood_explore,30v30_K12,386,-0.03747471466409258,100.0
regir_kv0_sg,4,shuffled_labels,centroid_gap,h_mean,0,ood_explore,30v30_K2,386,-0.013245053688824893,100.0
regir_kv0_sg,4,shuffled_labels,centroid_gap,h_mean,0,ood_explore,50v50_K2,381,-0.00966337430376818,100.0
regir_kv0_sg,4,shuffled_labels,centroid_gap,h_mean,0,ood_confirm,30v30_K12,378,-0.03562326005122163,100.0
regir_kv0_sg,4,shuffled_labels,centroid_gap,h_mean,0,ood_confirm,30v30_K2,384,-0.010146335572547738,100.0
regir_kv0_sg,4,shuffled_labels,centroid_gap,h_mean,0,ood_confirm,50v50_K2,396,-0.03126385220185668,100.0
regir_kv0_sg,4,shuffled_labels,centroid_gap,h_mean,1,id_train,10v10_K2,363,-0.02117152307364134,100.0
regir_kv0_sg,4,shuffled_labels,centroid_gap,h_mean,1,id_train,10v10_K3,363,-0.03566771236924793,100.0
regir_kv0_sg,4,shuffled_labels,centroid_gap,h_mean,1,id_val,10v10_K2,188,-0.060319677398980476,100.0
regir_kv0_sg,4,shuffled_labels,centroid_gap,h_mean,1,id_val,10v10_K3,183,-0.062468319779064085,100.0
regir_kv0_sg,4,shuffled_labels,centroid_gap,h_mean,1,id_test,10v10_K2,183,-0.022236617048854823,100.0
regir_kv0_sg,4,shuffled_labels,centroid_gap,h_mean,1,id_test,10v10_K3,176,-0.049054810969902274,100.0
regir_kv0_sg,4,shuffled_labels,centroid_gap,h_mean,1,ood_explore,30v30_K12,386,-0.08546164806216727,100.0
regir_kv0_sg,4,shuffled_labels,centroid_gap,h_mean,1,ood_explore,30v30_K2,386,-0.06810491780674832,100.0
regir_kv0_sg,4,shuffled_labels,centroid_gap,h_mean,1,ood_explore,50v50_K2,381,-0.06649961289141437,100.0
regir_kv0_sg,4,shuffled_labels,centroid_gap,h_mean,1,ood_confirm,30v30_K12,378,-0.10800420311198944,100.0
regir_kv0_sg,4,shuffled_labels,centroid_gap,h_mean,1,ood_confirm,30v30_K2,384,-0.020647921171586425,100.0
regir_kv0_sg,4,shuffled_labels,centroid_gap,h_mean,1,ood_confirm,50v50_K2,396,-0.06809881041918486,100.0
regir_kv0_sg,4,shuffled_labels,centroid_gap,h_mean,2,id_train,10v10_K2,363,-0.014488322144351251,100.0
regir_kv0_sg,4,shuffled_labels,centroid_gap,h_mean,2,id_train,10v10_K3,363,-0.026609694744414547,100.0
regir_kv0_sg,4,shuffled_labels,centroid_gap,h_mean,2,id_val,10v10_K2,188,-0.078951925781104,100.0
regir_kv0_sg,4,shuffled_labels,centroid_gap,h_mean,2,id_val,10v10_K3,183,-0.022263763604045028,100.0
regir_kv0_sg,4,shuffled_labels,centroid_gap,h_mean,2,id_test,10v10_K2,183,0.0009285314808955558,100.0
regir_kv0_sg,4,shuffled_labels,centroid_gap,h_mean,2,id_test,10v10_K3,176,-0.04835392294217766,100.0
regir_kv0_sg,4,shuffled_labels,centroid_gap,h_mean,2,ood_explore,30v30_K12,386,-0.05199434716468798,100.0
regir_kv0_sg,4,shuffled_labels,centroid_gap,h_mean,2,ood_explore,30v30_K2,386,-0.08873231357287392,100.0
regir_kv0_sg,4,shuffled_labels,centroid_gap,h_mean,2,ood_explore,50v50_K2,381,-0.06208626572770437,100.0
regir_kv0_sg,4,shuffled_labels,centroid_gap,h_mean,2,ood_confirm,30v30_K12,378,-0.07605374070310744,100.0
regir_kv0_sg,4,shuffled_labels,centroid_gap,h_mean,2,ood_confirm,30v30_K2,384,-0.02409319769247209,100.0
regir_kv0_sg,4,shuffled_labels,centroid_gap,h_mean,2,ood_confirm,50v50_K2,396,-0.07508420366663038,100.0
regir_kv0_sg,4,shuffled_labels,centroid_gap,h_mean,3,id_train,10v10_K2,363,-0.018961201163216312,100.0
regir_kv0_sg,4,shuffled_labels,centroid_gap,h_mean,3,id_train,10v10_K3,363,-0.029111843172219265,100.0
regir_kv0_sg,4,shuffled_labels,centroid_gap,h_mean,3,id_val,10v10_K2,188,-0.08123075913484068,100.0
regir_kv0_sg,4,shuffled_labels,centroid_gap,h_mean,3,id_val,10v10_K3,183,-0.02271386903799333,100.0
regir_kv0_sg,4,shuffled_labels,centroid_gap,h_mean,3,id_test,10v10_K2,183,0.0018299002121020536,100.0
regir_kv0_sg,4,shuffled_labels,centroid_gap,h_mean,3,id_test,10v10_K3,176,-0.05949621241065706,100.0
regir_kv0_sg,4,shuffled_labels,centroid_gap,h_mean,3,ood_explore,30v30_K12,386,-0.04961189080308692,100.0
regir_kv0_sg,4,shuffled_labels,centroid_gap,h_mean,3,ood_explore,30v30_K2,386,-0.10555860961980779,100.0
regir_kv0_sg,4,shuffled_labels,centroid_gap,h_mean,3,ood_explore,50v50_K2,381,-0.08772316356310128,100.0
regir_kv0_sg,4,shuffled_labels,centroid_gap,h_mean,3,ood_confirm,30v30_K12,378,-0.06002515042637313,100.0
regir_kv0_sg,4,shuffled_labels,centroid_gap,h_mean,3,ood_confirm,30v30_K2,384,-0.057832603404880834,100.0
regir_kv0_sg,4,shuffled_labels,centroid_gap,h_mean,3,ood_confirm,50v50_K2,396,-0.10030314899288362,100.0
regir_kv0_sg,4,shuffled_labels,centroid_gap,h_mean,4,id_train,10v10_K2,363,-0.021580897467718962,100.0
regir_kv0_sg,4,shuffled_labels,centroid_gap,h_mean,4,id_train,10v10_K3,363,-0.03160653722581497,100.0
regir_kv0_sg,4,shuffled_labels,centroid_gap,h_mean,4,id_val,10v10_K2,188,-0.07620357477497142,100.0
regir_kv0_sg,4,shuffled_labels,centroid_gap,h_mean,4,id_val,10v10_K3,183,-0.02685974663191404,100.0
regir_kv0_sg,4,shuffled_labels,centroid_gap,h_mean,4,id_test,10v10_K2,183,0.0022873026823234666,100.0
regir_kv0_sg,4,shuffled_labels,centroid_gap,h_mean,4,id_test,10v10_K3,176,-0.06439255408165523,100.0
regir_kv0_sg,4,shuffled_labels,centroid_gap,h_mean,4,ood_explore,30v30_K12,386,-0.0671603450577063,100.0
regir_kv0_sg,4,shuffled_labels,centroid_gap,h_mean,4,ood_explore,30v30_K2,386,-0.11222550904221262,100.0
regir_kv0_sg,4,shuffled_labels,centroid_gap,h_mean,4,ood_explore,50v50_K2,381,-0.10006798382547433,100.0
regir_kv0_sg,4,shuffled_labels,centroid_gap,h_mean,4,ood_confirm,30v30_K12,378,-0.06980625421955833,100.0
regir_kv0_sg,4,shuffled_labels,centroid_gap,h_mean,4,ood_confirm,30v30_K2,384,-0.07774268016917896,100.0
regir_kv0_sg,4,shuffled_labels,centroid_gap,h_mean,4,ood_confirm,50v50_K2,396,-0.11534919405888067,100.0
regir_kv0_sg,4,shuffled_labels,nearest_target_distance,h_mean,0,id_train,10v10_K2,363,0.004047050702454924,100.0
regir_kv0_sg,4,shuffled_labels,nearest_target_distance,h_mean,0,id_train,10v10_K3,363,0.014018853164157408,100.0
regir_kv0_sg,4,shuffled_labels,nearest_target_distance,h_mean,0,id_val,10v10_K2,188,-0.003723929480339061,100.0
regir_kv0_sg,4,shuffled_labels,nearest_target_distance,h_mean,0,id_val,10v10_K3,183,0.012920251241952618,100.0
regir_kv0_sg,4,shuffled_labels,nearest_target_distance,h_mean,0,id_test,10v10_K2,183,0.015922480905934844,100.0
regir_kv0_sg,4,shuffled_labels,nearest_target_distance,h_mean,0,id_test,10v10_K3,176,0.017358368471429464,100.0
regir_kv0_sg,4,shuffled_labels,nearest_target_distance,h_mean,0,ood_explore,30v30_K12,386,-0.09421626854258958,100.0
regir_kv0_sg,4,shuffled_labels,nearest_target_distance,h_mean,0,ood_explore,30v30_K2,386,0.0076770717673495525,100.0
regir_kv0_sg,4,shuffled_labels,nearest_target_distance,h_mean,0,ood_explore,50v50_K2,381,0.027477980965710302,100.0
regir_kv0_sg,4,shuffled_labels,nearest_target_distance,h_mean,0,ood_confirm,30v30_K12,378,-0.11939799579578647,100.0
regir_kv0_sg,4,shuffled_labels,nearest_target_distance,h_mean,0,ood_confirm,30v30_K2,384,0.02319356724009869,100.0
regir_kv0_sg,4,shuffled_labels,nearest_target_distance,h_mean,0,ood_confirm,50v50_K2,396,0.0029542910175200943,100.0
regir_kv0_sg,4,shuffled_labels,nearest_target_distance,h_mean,1,id_train,10v10_K2,363,0.01618467955650227,100.0
regir_kv0_sg,4,shuffled_labels,nearest_target_distance,h_mean,1,id_train,10v10_K3,363,0.027795189636155238,100.0
regir_kv0_sg,4,shuffled_labels,nearest_target_distance,h_mean,1,id_val,10v10_K2,188,0.054578535035051834,100.0
regir_kv0_sg,4,shuffled_labels,nearest_target_distance,h_mean,1,id_val,10v10_K3,183,0.032139367621450976,100.0
regir_kv0_sg,4,shuffled_labels,nearest_target_distance,h_mean,1,id_test,10v10_K2,183,0.030765522608189988,100.0
regir_kv0_sg,4,shuffled_labels,nearest_target_distance,h_mean,1,id_test,10v10_K3,176,0.021271815612840195,100.0
regir_kv0_sg,4,shuffled_labels,nearest_target_distance,h_mean,1,ood_explore,30v30_K12,386,0.016426762771011738,100.0
regir_kv0_sg,4,shuffled_labels,nearest_target_distance,h_mean,1,ood_explore,30v30_K2,386,0.06350529809564565,100.0
regir_kv0_sg,4,shuffled_labels,nearest_target_distance,h_mean,1,ood_explore,50v50_K2,381,0.09509448303752244,100.0
regir_kv0_sg,4,shuffled_labels,nearest_target_distance,h_mean,1,ood_confirm,30v30_K12,378,-0.009463175878261953,100.0
regir_kv0_sg,4,shuffled_labels,nearest_target_distance,h_mean,1,ood_confirm,30v30_K2,384,0.07804006683275921,100.0
regir_kv0_sg,4,shuffled_labels,nearest_target_distance,h_mean,1,ood_confirm,50v50_K2,396,0.08728281801787097,100.0
regir_kv0_sg,4,shuffled_labels,nearest_target_distance,h_mean,2,id_train,10v10_K2,363,0.0075660278721125795,100.0
regir_kv0_sg,4,shuffled_labels,nearest_target_distance,h_mean,2,id_train,10v10_K3,363,-0.015387165693183658,100.0
regir_kv0_sg,4,shuffled_labels,nearest_target_distance,h_mean,2,id_val,10v10_K2,188,0.026208672312845405,100.0
regir_kv0_sg,4,shuffled_labels,nearest_target_distance,h_mean,2,id_val,10v10_K3,183,-0.014194380582092325,100.0
regir_kv0_sg,4,shuffled_labels,nearest_target_distance,h_mean,2,id_test,10v10_K2,183,0.005002724702844019,100.0
regir_kv0_sg,4,shuffled_labels,nearest_target_distance,h_mean,2,id_test,10v10_K3,176,-0.01966474048571265,100.0
regir_kv0_sg,4,shuffled_labels,nearest_target_distance,h_mean,2,ood_explore,30v30_K12,386,-0.10054917373327932,100.0
regir_kv0_sg,4,shuffled_labels,nearest_target_distance,h_mean,2,ood_explore,30v30_K2,386,0.048052143171147255,100.0
regir_kv0_sg,4,shuffled_labels,nearest_target_distance,h_mean,2,ood_explore,50v50_K2,381,0.08617339065618745,100.0
regir_kv0_sg,4,shuffled_labels,nearest_target_distance,h_mean,2,ood_confirm,30v30_K12,378,-0.13993823089030233,100.0
regir_kv0_sg,4,shuffled_labels,nearest_target_distance,h_mean,2,ood_confirm,30v30_K2,384,0.0732766088068244,100.0
regir_kv0_sg,4,shuffled_labels,nearest_target_distance,h_mean,2,ood_confirm,50v50_K2,396,0.07321214682356625,100.0
regir_kv0_sg,4,shuffled_labels,nearest_target_distance,h_mean,3,id_train,10v10_K2,363,0.011465887199043734,100.0
regir_kv0_sg,4,shuffled_labels,nearest_target_distance,h_mean,3,id_train,10v10_K3,363,-0.007438902603161379,100.0
regir_kv0_sg,4,shuffled_labels,nearest_target_distance,h_mean,3,id_val,10v10_K2,188,0.023845876160052515,100.0
regir_kv0_sg,4,shuffled_labels,nearest_target_distance,h_mean,3,id_val,10v10_K3,183,-0.003961734426692454,100.0
regir_kv0_sg,4,shuffled_labels,nearest_target_distance,h_mean,3,id_test,10v10_K2,183,0.012829718413502,100.0
regir_kv0_sg,4,shuffled_labels,nearest_target_distance,h_mean,3,id_test,10v10_K3,176,-0.005264198468927228,100.0
regir_kv0_sg,4,shuffled_labels,nearest_target_distance,h_mean,3,ood_explore,30v30_K12,386,-0.0879847346874767,100.0
regir_kv0_sg,4,shuffled_labels,nearest_target_distance,h_mean,3,ood_explore,30v30_K2,386,0.041371191823964426,100.0
regir_kv0_sg,4,shuffled_labels,nearest_target_distance,h_mean,3,ood_explore,50v50_K2,381,0.07414863832484064,100.0
regir_kv0_sg,4,shuffled_labels,nearest_target_distance,h_mean,3,ood_confirm,30v30_K12,378,-0.13118751474485912,100.0
regir_kv0_sg,4,shuffled_labels,nearest_target_distance,h_mean,3,ood_confirm,30v30_K2,384,0.06146843704194005,100.0
regir_kv0_sg,4,shuffled_labels,nearest_target_distance,h_mean,3,ood_confirm,50v50_K2,396,0.06672573978388663,100.0
regir_kv0_sg,4,shuffled_labels,nearest_target_distance,h_mean,4,id_train,10v10_K2,363,0.013458859057557726,100.0
regir_kv0_sg,4,shuffled_labels,nearest_target_distance,h_mean,4,id_train,10v10_K3,363,-0.0056239881540192105,100.0
regir_kv0_sg,4,shuffled_labels,nearest_target_distance,h_mean,4,id_val,10v10_K2,188,0.0236499309772068,100.0
regir_kv0_sg,4,shuffled_labels,nearest_target_distance,h_mean,4,id_val,10v10_K3,183,0.0036679661306061595,100.0
regir_kv0_sg,4,shuffled_labels,nearest_target_distance,h_mean,4,id_test,10v10_K2,183,0.01910595721904762,100.0
regir_kv0_sg,4,shuffled_labels,nearest_target_distance,h_mean,4,id_test,10v10_K3,176,0.002450280847240971,100.0
regir_kv0_sg,4,shuffled_labels,nearest_target_distance,h_mean,4,ood_explore,30v30_K12,386,-0.07631041354564161,100.0
regir_kv0_sg,4,shuffled_labels,nearest_target_distance,h_mean,4,ood_explore,30v30_K2,386,0.04188993573902533,100.0
regir_kv0_sg,4,shuffled_labels,nearest_target_distance,h_mean,4,ood_explore,50v50_K2,381,0.07651250276475485,100.0
regir_kv0_sg,4,shuffled_labels,nearest_target_distance,h_mean,4,ood_confirm,30v30_K12,378,-0.12521096042557267,100.0
regir_kv0_sg,4,shuffled_labels,nearest_target_distance,h_mean,4,ood_confirm,30v30_K2,384,0.06667068289339473,100.0
regir_kv0_sg,4,shuffled_labels,nearest_target_distance,h_mean,4,ood_confirm,50v50_K2,396,0.06675013280150321,100.0
regir_kv0_sg,4,shuffled_labels,threat,readout,0,id_train,10v10_K2,363,-0.05950030556746766,100.0
regir_kv0_sg,4,shuffled_labels,threat,readout,0,id_train,10v10_K3,363,-0.08998092521113454,100.0
regir_kv0_sg,4,shuffled_labels,threat,readout,0,id_val,10v10_K2,188,-0.36038513089401647,100.0
regir_kv0_sg,4,shuffled_labels,threat,readout,0,id_val,10v10_K3,183,-0.08268591916920931,100.0
regir_kv0_sg,4,shuffled_labels,threat,readout,0,id_test,10v10_K2,183,-0.20116258664840525,100.0
regir_kv0_sg,4,shuffled_labels,threat,readout,0,id_test,10v10_K3,176,-0.14453627790539492,100.0
regir_kv0_sg,4,shuffled_labels,threat,readout,0,ood_explore,30v30_K12,386,-0.018385509937595357,100.0
regir_kv0_sg,4,shuffled_labels,threat,readout,0,ood_explore,30v30_K2,386,-0.06590680510199798,100.0
regir_kv0_sg,4,shuffled_labels,threat,readout,0,ood_explore,50v50_K2,381,-0.07941074918082025,100.0
regir_kv0_sg,4,shuffled_labels,threat,readout,0,ood_confirm,30v30_K12,378,-0.016925991433380583,100.0
regir_kv0_sg,4,shuffled_labels,threat,readout,0,ood_confirm,30v30_K2,384,-0.05168813910237691,100.0
regir_kv0_sg,4,shuffled_labels,threat,readout,0,ood_confirm,50v50_K2,396,-0.07984027408704875,100.0
regir_kv0_sg,4,shuffled_labels,threat,readout,1,id_train,10v10_K2,363,-0.03279659573985172,100.0
regir_kv0_sg,4,shuffled_labels,threat,readout,1,id_train,10v10_K3,363,-0.04347393410274325,100.0
regir_kv0_sg,4,shuffled_labels,threat,readout,1,id_val,10v10_K2,188,-0.34183889939471523,100.0
regir_kv0_sg,4,shuffled_labels,threat,readout,1,id_val,10v10_K3,183,-0.06093809910940684,100.0
regir_kv0_sg,4,shuffled_labels,threat,readout,1,id_test,10v10_K2,183,-0.18284702618151716,100.0
regir_kv0_sg,4,shuffled_labels,threat,readout,1,id_test,10v10_K3,176,-0.08935563198894791,100.0
regir_kv0_sg,4,shuffled_labels,threat,readout,1,ood_explore,30v30_K12,386,-0.0522742576100208,100.0
regir_kv0_sg,4,shuffled_labels,threat,readout,1,ood_explore,30v30_K2,386,-0.04443496185605933,100.0
regir_kv0_sg,4,shuffled_labels,threat,readout,1,ood_explore,50v50_K2,381,-0.04130640639057526,100.0
regir_kv0_sg,4,shuffled_labels,threat,readout,1,ood_confirm,30v30_K12,378,-0.026463449909272407,100.0
regir_kv0_sg,4,shuffled_labels,threat,readout,1,ood_confirm,30v30_K2,384,-0.049756174452862956,100.0
regir_kv0_sg,4,shuffled_labels,threat,readout,1,ood_confirm,50v50_K2,396,-0.04244046728929285,100.0
regir_kv0_sg,4,shuffled_labels,threat,readout,2,id_train,10v10_K2,363,-0.03203700723706304,100.0
regir_kv0_sg,4,shuffled_labels,threat,readout,2,id_train,10v10_K3,363,-0.042943270014426105,100.0
regir_kv0_sg,4,shuffled_labels,threat,readout,2,id_val,10v10_K2,188,-0.34210434041672033,100.0
regir_kv0_sg,4,shuffled_labels,threat,readout,2,id_val,10v10_K3,183,-0.08922680456414178,100.0
regir_kv0_sg,4,shuffled_labels,threat,readout,2,id_test,10v10_K2,183,-0.17561253805345522,100.0
regir_kv0_sg,4,shuffled_labels,threat,readout,2,id_test,10v10_K3,176,-0.06477552090554428,100.0
regir_kv0_sg,4,shuffled_labels,threat,readout,2,ood_explore,30v30_K12,386,-0.09052679045012657,100.0
regir_kv0_sg,4,shuffled_labels,threat,readout,2,ood_explore,30v30_K2,386,-0.06282503265547024,100.0
regir_kv0_sg,4,shuffled_labels,threat,readout,2,ood_explore,50v50_K2,381,-0.0459092022722809,100.0
regir_kv0_sg,4,shuffled_labels,threat,readout,2,ood_confirm,30v30_K12,378,-0.03245823817277382,100.0
regir_kv0_sg,4,shuffled_labels,threat,readout,2,ood_confirm,30v30_K2,384,-0.05107388379282396,100.0
regir_kv0_sg,4,shuffled_labels,threat,readout,2,ood_confirm,50v50_K2,396,-0.032483761416220336,100.0
regir_kv0_sg,4,shuffled_labels,threat,readout,3,id_train,10v10_K2,363,-0.01719684943780231,100.0
regir_kv0_sg,4,shuffled_labels,threat,readout,3,id_train,10v10_K3,363,-0.037605260998063494,100.0
regir_kv0_sg,4,shuffled_labels,threat,readout,3,id_val,10v10_K2,188,-0.3176572648978109,100.0
regir_kv0_sg,4,shuffled_labels,threat,readout,3,id_val,10v10_K3,183,-0.09054255407118594,100.0
regir_kv0_sg,4,shuffled_labels,threat,readout,3,id_test,10v10_K2,183,-0.14865597123582952,100.0
regir_kv0_sg,4,shuffled_labels,threat,readout,3,id_test,10v10_K3,176,-0.0640980058834717,100.0
regir_kv0_sg,4,shuffled_labels,threat,readout,3,ood_explore,30v30_K12,386,-0.07789162079485235,100.0
regir_kv0_sg,4,shuffled_labels,threat,readout,3,ood_explore,30v30_K2,386,-0.051205875053514927,100.0
regir_kv0_sg,4,shuffled_labels,threat,readout,3,ood_explore,50v50_K2,381,-0.04467216777903871,100.0
regir_kv0_sg,4,shuffled_labels,threat,readout,3,ood_confirm,30v30_K12,378,-0.014791901386236983,100.0
regir_kv0_sg,4,shuffled_labels,threat,readout,3,ood_confirm,30v30_K2,384,-0.05373718771401781,100.0
regir_kv0_sg,4,shuffled_labels,threat,readout,3,ood_confirm,50v50_K2,396,-0.02561165509957397,100.0
regir_kv0_sg,4,shuffled_labels,unmarked_frac,readout,0,id_train,10v10_K2,363,-0.04630706440254895,100.0
regir_kv0_sg,4,shuffled_labels,unmarked_frac,readout,0,id_train,10v10_K3,363,-0.04346588244047789,100.0
regir_kv0_sg,4,shuffled_labels,unmarked_frac,readout,0,id_val,10v10_K2,188,-0.016422486768764788,100.0
regir_kv0_sg,4,shuffled_labels,unmarked_frac,readout,0,id_val,10v10_K3,183,-0.03649402785768929,100.0
regir_kv0_sg,4,shuffled_labels,unmarked_frac,readout,0,id_test,10v10_K2,183,-0.10332266295574821,100.0
regir_kv0_sg,4,shuffled_labels,unmarked_frac,readout,0,id_test,10v10_K3,176,-0.030944003375755536,100.0
regir_kv0_sg,4,shuffled_labels,unmarked_frac,readout,0,ood_explore,30v30_K12,386,-0.34275094435065245,100.0
regir_kv0_sg,4,shuffled_labels,unmarked_frac,readout,0,ood_explore,30v30_K2,386,-0.11353250450311747,100.0
regir_kv0_sg,4,shuffled_labels,unmarked_frac,readout,0,ood_explore,50v50_K2,381,-0.3829145005247334,100.0
regir_kv0_sg,4,shuffled_labels,unmarked_frac,readout,0,ood_confirm,30v30_K12,378,-0.15558353163877836,100.0
regir_kv0_sg,4,shuffled_labels,unmarked_frac,readout,0,ood_confirm,30v30_K2,384,-0.2643517849230037,100.0
regir_kv0_sg,4,shuffled_labels,unmarked_frac,readout,0,ood_confirm,50v50_K2,396,-0.3763008941046262,100.0
regir_kv0_sg,4,shuffled_labels,unmarked_frac,readout,1,id_train,10v10_K2,363,-0.032864838575934696,100.0
regir_kv0_sg,4,shuffled_labels,unmarked_frac,readout,1,id_train,10v10_K3,363,-0.03795696248755598,100.0
regir_kv0_sg,4,shuffled_labels,unmarked_frac,readout,1,id_val,10v10_K2,188,-0.037699039557230085,100.0
regir_kv0_sg,4,shuffled_labels,unmarked_frac,readout,1,id_val,10v10_K3,183,-0.03925513537528613,100.0
regir_kv0_sg,4,shuffled_labels,unmarked_frac,readout,1,id_test,10v10_K2,183,-0.09188203675804307,100.0
regir_kv0_sg,4,shuffled_labels,unmarked_frac,readout,1,id_test,10v10_K3,176,-0.026559012902567458,100.0
regir_kv0_sg,4,shuffled_labels,unmarked_frac,readout,1,ood_explore,30v30_K12,386,-0.3500647886364805,100.0
regir_kv0_sg,4,shuffled_labels,unmarked_frac,readout,1,ood_explore,30v30_K2,386,-0.12569678436570197,100.0
regir_kv0_sg,4,shuffled_labels,unmarked_frac,readout,1,ood_explore,50v50_K2,381,-0.3699048704707897,100.0
regir_kv0_sg,4,shuffled_labels,unmarked_frac,readout,1,ood_confirm,30v30_K12,378,-0.15756472770376906,100.0
regir_kv0_sg,4,shuffled_labels,unmarked_frac,readout,1,ood_confirm,30v30_K2,384,-0.23427161668292595,100.0
regir_kv0_sg,4,shuffled_labels,unmarked_frac,readout,1,ood_confirm,50v50_K2,396,-0.3794626233751228,100.0
regir_kv0_sg,4,shuffled_labels,unmarked_frac,readout,2,id_train,10v10_K2,363,-0.019976443091877183,100.0
regir_kv0_sg,4,shuffled_labels,unmarked_frac,readout,2,id_train,10v10_K3,363,-0.019751489724984417,100.0
regir_kv0_sg,4,shuffled_labels,unmarked_frac,readout,2,id_val,10v10_K2,188,-0.013624301140599426,100.0
regir_kv0_sg,4,shuffled_labels,unmarked_frac,readout,2,id_val,10v10_K3,183,-0.02568479513420363,100.0
regir_kv0_sg,4,shuffled_labels,unmarked_frac,readout,2,id_test,10v10_K2,183,-0.05967466134952648,100.0
regir_kv0_sg,4,shuffled_labels,unmarked_frac,readout,2,id_test,10v10_K3,176,-0.03271551084433044,100.0
regir_kv0_sg,4,shuffled_labels,unmarked_frac,readout,2,ood_explore,30v30_K12,386,-0.320232428859772,100.0
regir_kv0_sg,4,shuffled_labels,unmarked_frac,readout,2,ood_explore,30v30_K2,386,-0.11135860440338075,100.0
regir_kv0_sg,4,shuffled_labels,unmarked_frac,readout,2,ood_explore,50v50_K2,381,-0.3531031593858318,100.0
regir_kv0_sg,4,shuffled_labels,unmarked_frac,readout,2,ood_confirm,30v30_K12,378,-0.14017620591162494,100.0
regir_kv0_sg,4,shuffled_labels,unmarked_frac,readout,2,ood_confirm,30v30_K2,384,-0.22158293562181464,100.0
regir_kv0_sg,4,shuffled_labels,unmarked_frac,readout,2,ood_confirm,50v50_K2,396,-0.3663281663854807,100.0
regir_kv0_sg,4,shuffled_labels,unmarked_frac,readout,3,id_train,10v10_K2,363,-0.029986865847844824,100.0
regir_kv0_sg,4,shuffled_labels,unmarked_frac,readout,3,id_train,10v10_K3,363,-0.02060077935638449,100.0
regir_kv0_sg,4,shuffled_labels,unmarked_frac,readout,3,id_val,10v10_K2,188,-0.020632565135286995,100.0
regir_kv0_sg,4,shuffled_labels,unmarked_frac,readout,3,id_val,10v10_K3,183,-0.02448717275628498,100.0
regir_kv0_sg,4,shuffled_labels,unmarked_frac,readout,3,id_test,10v10_K2,183,-0.047815545858675534,100.0
regir_kv0_sg,4,shuffled_labels,unmarked_frac,readout,3,id_test,10v10_K3,176,-0.02881379755068103,100.0
regir_kv0_sg,4,shuffled_labels,unmarked_frac,readout,3,ood_explore,30v30_K12,386,-0.3091527439032411,100.0
regir_kv0_sg,4,shuffled_labels,unmarked_frac,readout,3,ood_explore,30v30_K2,386,-0.11278088375609108,100.0
regir_kv0_sg,4,shuffled_labels,unmarked_frac,readout,3,ood_explore,50v50_K2,381,-0.34670862818356696,100.0
regir_kv0_sg,4,shuffled_labels,unmarked_frac,readout,3,ood_confirm,30v30_K12,378,-0.14461800942937697,100.0
regir_kv0_sg,4,shuffled_labels,unmarked_frac,readout,3,ood_confirm,30v30_K2,384,-0.22319837766915662,100.0
regir_kv0_sg,4,shuffled_labels,unmarked_frac,readout,3,ood_confirm,50v50_K2,396,-0.35637365831498813,100.0
regir_kv0_sg,4,shuffled_labels,centroid_gap,readout,0,id_train,10v10_K2,363,0.003918087561617489,100.0
regir_kv0_sg,4,shuffled_labels,centroid_gap,readout,0,id_train,10v10_K3,363,-0.011917259748623454,100.0
regir_kv0_sg,4,shuffled_labels,centroid_gap,readout,0,id_val,10v10_K2,188,-0.05697801535102531,100.0
regir_kv0_sg,4,shuffled_labels,centroid_gap,readout,0,id_val,10v10_K3,183,-0.026914440912845894,100.0
regir_kv0_sg,4,shuffled_labels,centroid_gap,readout,0,id_test,10v10_K2,183,-0.021808671201218877,100.0
regir_kv0_sg,4,shuffled_labels,centroid_gap,readout,0,id_test,10v10_K3,176,-0.012334601521885702,100.0
regir_kv0_sg,4,shuffled_labels,centroid_gap,readout,0,ood_explore,30v30_K12,386,-0.006158109929749189,100.0
regir_kv0_sg,4,shuffled_labels,centroid_gap,readout,0,ood_explore,30v30_K2,386,-0.014332596292507827,100.0
regir_kv0_sg,4,shuffled_labels,centroid_gap,readout,0,ood_explore,50v50_K2,381,-0.008676556157676707,100.0
regir_kv0_sg,4,shuffled_labels,centroid_gap,readout,0,ood_confirm,30v30_K12,378,-0.03522933810647033,100.0
regir_kv0_sg,4,shuffled_labels,centroid_gap,readout,0,ood_confirm,30v30_K2,384,0.0018185344033568862,100.0
regir_kv0_sg,4,shuffled_labels,centroid_gap,readout,0,ood_confirm,50v50_K2,396,-0.00586510276540686,100.0
regir_kv0_sg,4,shuffled_labels,centroid_gap,readout,1,id_train,10v10_K2,363,0.029203551072883194,100.0
regir_kv0_sg,4,shuffled_labels,centroid_gap,readout,1,id_train,10v10_K3,363,0.029950268417386128,100.0
regir_kv0_sg,4,shuffled_labels,centroid_gap,readout,1,id_val,10v10_K2,188,-0.022959070175555762,100.0
regir_kv0_sg,4,shuffled_labels,centroid_gap,readout,1,id_val,10v10_K3,183,0.02002438384506733,100.0
regir_kv0_sg,4,shuffled_labels,centroid_gap,readout,1,id_test,10v10_K2,183,0.05343044213855008,100.0
regir_kv0_sg,4,shuffled_labels,centroid_gap,readout,1,id_test,10v10_K3,176,0.03362977216300156,100.0
regir_kv0_sg,4,shuffled_labels,centroid_gap,readout,1,ood_explore,30v30_K12,386,0.0032878182325072336,100.0
regir_kv0_sg,4,shuffled_labels,centroid_gap,readout,1,ood_explore,30v30_K2,386,0.026305145686497777,100.0
regir_kv0_sg,4,shuffled_labels,centroid_gap,readout,1,ood_explore,50v50_K2,381,0.010777051538645832,100.0
regir_kv0_sg,4,shuffled_labels,centroid_gap,readout,1,ood_confirm,30v30_K12,378,0.017910988929075722,100.0
regir_kv0_sg,4,shuffled_labels,centroid_gap,readout,1,ood_confirm,30v30_K2,384,0.03671511045104958,100.0
regir_kv0_sg,4,shuffled_labels,centroid_gap,readout,1,ood_confirm,50v50_K2,396,0.005335323829001148,100.0
regir_kv0_sg,4,shuffled_labels,centroid_gap,readout,2,id_train,10v10_K2,363,-0.005495549222322982,100.0
regir_kv0_sg,4,shuffled_labels,centroid_gap,readout,2,id_train,10v10_K3,363,0.0023915873263384846,100.0
regir_kv0_sg,4,shuffled_labels,centroid_gap,readout,2,id_val,10v10_K2,188,-0.03877796121338295,100.0
regir_kv0_sg,4,shuffled_labels,centroid_gap,readout,2,id_val,10v10_K3,183,-0.030078850996584583,100.0
regir_kv0_sg,4,shuffled_labels,centroid_gap,readout,2,id_test,10v10_K2,183,0.041698662163588085,100.0
regir_kv0_sg,4,shuffled_labels,centroid_gap,readout,2,id_test,10v10_K3,176,-0.009876574217276612,100.0
regir_kv0_sg,4,shuffled_labels,centroid_gap,readout,2,ood_explore,30v30_K12,386,-0.003999191853160999,100.0
regir_kv0_sg,4,shuffled_labels,centroid_gap,readout,2,ood_explore,30v30_K2,386,0.0082278598594826,100.0
regir_kv0_sg,4,shuffled_labels,centroid_gap,readout,2,ood_explore,50v50_K2,381,0.0014869366323825295,100.0
regir_kv0_sg,4,shuffled_labels,centroid_gap,readout,2,ood_confirm,30v30_K12,378,-5.3284651772456115e-05,100.0
regir_kv0_sg,4,shuffled_labels,centroid_gap,readout,2,ood_confirm,30v30_K2,384,0.016794643425080857,100.0
regir_kv0_sg,4,shuffled_labels,centroid_gap,readout,2,ood_confirm,50v50_K2,396,0.008227444091660319,100.0
regir_kv0_sg,4,shuffled_labels,centroid_gap,readout,3,id_train,10v10_K2,363,-0.020958557248707432,100.0
regir_kv0_sg,4,shuffled_labels,centroid_gap,readout,3,id_train,10v10_K3,363,-0.0189749945844222,100.0
regir_kv0_sg,4,shuffled_labels,centroid_gap,readout,3,id_val,10v10_K2,188,-0.039744136456478785,100.0
regir_kv0_sg,4,shuffled_labels,centroid_gap,readout,3,id_val,10v10_K3,183,-0.055654528688945826,100.0
regir_kv0_sg,4,shuffled_labels,centroid_gap,readout,3,id_test,10v10_K2,183,0.023025299398178767,100.0
regir_kv0_sg,4,shuffled_labels,centroid_gap,readout,3,id_test,10v10_K3,176,-0.030879628639074452,100.0
regir_kv0_sg,4,shuffled_labels,centroid_gap,readout,3,ood_explore,30v30_K12,386,-0.002551741558872944,100.0
regir_kv0_sg,4,shuffled_labels,centroid_gap,readout,3,ood_explore,30v30_K2,386,0.01752088602066959,100.0
regir_kv0_sg,4,shuffled_labels,centroid_gap,readout,3,ood_explore,50v50_K2,381,0.0021338545475080295,100.0
regir_kv0_sg,4,shuffled_labels,centroid_gap,readout,3,ood_confirm,30v30_K12,378,0.000859910526303409,100.0
regir_kv0_sg,4,shuffled_labels,centroid_gap,readout,3,ood_confirm,30v30_K2,384,0.012535373573245856,100.0
regir_kv0_sg,4,shuffled_labels,centroid_gap,readout,3,ood_confirm,50v50_K2,396,0.027285644547534127,100.0
regir_kv0_sg,4,shuffled_labels,nearest_target_distance,readout,0,id_train,10v10_K2,363,0.02708205630415339,100.0
regir_kv0_sg,4,shuffled_labels,nearest_target_distance,readout,0,id_train,10v10_K3,363,0.015890184863458723,100.0
regir_kv0_sg,4,shuffled_labels,nearest_target_distance,readout,0,id_val,10v10_K2,188,-0.006329244053109528,100.0
regir_kv0_sg,4,shuffled_labels,nearest_target_distance,readout,0,id_val,10v10_K3,183,0.039506850743190935,100.0
regir_kv0_sg,4,shuffled_labels,nearest_target_distance,readout,0,id_test,10v10_K2,183,0.017588201618090382,100.0
regir_kv0_sg,4,shuffled_labels,nearest_target_distance,readout,0,id_test,10v10_K3,176,0.039755360810493134,100.0
regir_kv0_sg,4,shuffled_labels,nearest_target_distance,readout,0,ood_explore,30v30_K12,386,-0.005606786129299657,100.0
regir_kv0_sg,4,shuffled_labels,nearest_target_distance,readout,0,ood_explore,30v30_K2,386,0.05823379427233133,100.0
regir_kv0_sg,4,shuffled_labels,nearest_target_distance,readout,0,ood_explore,50v50_K2,381,0.0465855718996494,100.0
regir_kv0_sg,4,shuffled_labels,nearest_target_distance,readout,0,ood_confirm,30v30_K12,378,-0.05155840094652331,100.0
regir_kv0_sg,4,shuffled_labels,nearest_target_distance,readout,0,ood_confirm,30v30_K2,384,0.024507931912826852,100.0
regir_kv0_sg,4,shuffled_labels,nearest_target_distance,readout,0,ood_confirm,50v50_K2,396,0.03654390772180682,100.0
regir_kv0_sg,4,shuffled_labels,nearest_target_distance,readout,1,id_train,10v10_K2,363,0.01408971988316532,100.0
regir_kv0_sg,4,shuffled_labels,nearest_target_distance,readout,1,id_train,10v10_K3,363,-0.006008194022958602,100.0
regir_kv0_sg,4,shuffled_labels,nearest_target_distance,readout,1,id_val,10v10_K2,188,0.008052618611555262,100.0
regir_kv0_sg,4,shuffled_labels,nearest_target_distance,readout,1,id_val,10v10_K3,183,0.005469534109002083,100.0
regir_kv0_sg,4,shuffled_labels,nearest_target_distance,readout,1,id_test,10v10_K2,183,-0.00406230706402555,100.0
regir_kv0_sg,4,shuffled_labels,nearest_target_distance,readout,1,id_test,10v10_K3,176,-0.009724029801085221,100.0
regir_kv0_sg,4,shuffled_labels,nearest_target_distance,readout,1,ood_explore,30v30_K12,386,-0.05403890191437699,100.0
regir_kv0_sg,4,shuffled_labels,nearest_target_distance,readout,1,ood_explore,30v30_K2,386,0.005976601930660297,100.0
regir_kv0_sg,4,shuffled_labels,nearest_target_distance,readout,1,ood_explore,50v50_K2,381,0.013299178362547903,100.0
regir_kv0_sg,4,shuffled_labels,nearest_target_distance,readout,1,ood_confirm,30v30_K12,378,-0.08716774964751939,100.0
regir_kv0_sg,4,shuffled_labels,nearest_target_distance,readout,1,ood_confirm,30v30_K2,384,0.02160491267898479,100.0
regir_kv0_sg,4,shuffled_labels,nearest_target_distance,readout,1,ood_confirm,50v50_K2,396,-0.007985013483666314,100.0
regir_kv0_sg,4,shuffled_labels,nearest_target_distance,readout,2,id_train,10v10_K2,363,-0.019745874212947934,100.0
regir_kv0_sg,4,shuffled_labels,nearest_target_distance,readout,2,id_train,10v10_K3,363,-0.033454083832382686,100.0
regir_kv0_sg,4,shuffled_labels,nearest_target_distance,readout,2,id_val,10v10_K2,188,-0.018773271769399358,100.0
regir_kv0_sg,4,shuffled_labels,nearest_target_distance,readout,2,id_val,10v10_K3,183,-0.04177887548062076,100.0
regir_kv0_sg,4,shuffled_labels,nearest_target_distance,readout,2,id_test,10v10_K2,183,-0.01992448907167388,100.0
regir_kv0_sg,4,shuffled_labels,nearest_target_distance,readout,2,id_test,10v10_K3,176,-0.03935324572554477,100.0
regir_kv0_sg,4,shuffled_labels,nearest_target_distance,readout,2,ood_explore,30v30_K12,386,-0.06547753800972833,100.0
regir_kv0_sg,4,shuffled_labels,nearest_target_distance,readout,2,ood_explore,30v30_K2,386,-0.005807088963451834,100.0
regir_kv0_sg,4,shuffled_labels,nearest_target_distance,readout,2,ood_explore,50v50_K2,381,-0.004164745931025671,100.0
regir_kv0_sg,4,shuffled_labels,nearest_target_distance,readout,2,ood_confirm,30v30_K12,378,-0.1005006801358479,100.0
regir_kv0_sg,4,shuffled_labels,nearest_target_distance,readout,2,ood_confirm,30v30_K2,384,0.00880423012944287,100.0
regir_kv0_sg,4,shuffled_labels,nearest_target_distance,readout,2,ood_confirm,50v50_K2,396,-0.029530329949503997,100.0
regir_kv0_sg,4,shuffled_labels,nearest_target_distance,readout,3,id_train,10v10_K2,363,-0.021142172445910434,100.0
regir_kv0_sg,4,shuffled_labels,nearest_target_distance,readout,3,id_train,10v10_K3,363,-0.022395868267016672,100.0
regir_kv0_sg,4,shuffled_labels,nearest_target_distance,readout,3,id_val,10v10_K2,188,-0.023718311093120503,100.0
regir_kv0_sg,4,shuffled_labels,nearest_target_distance,readout,3,id_val,10v10_K3,183,-0.03550897876414205,100.0
regir_kv0_sg,4,shuffled_labels,nearest_target_distance,readout,3,id_test,10v10_K2,183,-0.008010467583504433,100.0
regir_kv0_sg,4,shuffled_labels,nearest_target_distance,readout,3,id_test,10v10_K3,176,-0.038258950705633454,100.0
regir_kv0_sg,4,shuffled_labels,nearest_target_distance,readout,3,ood_explore,30v30_K12,386,-0.05613825021777474,100.0
regir_kv0_sg,4,shuffled_labels,nearest_target_distance,readout,3,ood_explore,30v30_K2,386,-0.011864817469875,100.0
regir_kv0_sg,4,shuffled_labels,nearest_target_distance,readout,3,ood_explore,50v50_K2,381,-0.00610028230241455,100.0
regir_kv0_sg,4,shuffled_labels,nearest_target_distance,readout,3,ood_confirm,30v30_K12,378,-0.09595518991948304,100.0
regir_kv0_sg,4,shuffled_labels,nearest_target_distance,readout,3,ood_confirm,30v30_K2,384,0.01753744700094395,100.0
regir_kv0_sg,4,shuffled_labels,nearest_target_distance,readout,3,ood_confirm,50v50_K2,396,-0.013649044455676718,100.0
regir_kv0_sg,2,trained,threat,h_mean,0,id_train,10v10_K2,363,0.5319914684716083,100.0
regir_kv0_sg,2,trained,threat,h_mean,0,id_train,10v10_K3,363,0.44306453219340447,100.0
regir_kv0_sg,2,trained,threat,h_mean,0,id_val,10v10_K2,188,-0.10899241886400035,100.0
regir_kv0_sg,2,trained,threat,h_mean,0,id_val,10v10_K3,183,0.3174548450915323,100.0
regir_kv0_sg,2,trained,threat,h_mean,0,id_test,10v10_K2,183,0.21006749799627977,100.0
regir_kv0_sg,2,trained,threat,h_mean,0,id_test,10v10_K3,176,0.22449910578421517,100.0
regir_kv0_sg,2,trained,threat,h_mean,0,ood_explore,30v30_K12,386,0.2705328296646131,100.0
regir_kv0_sg,2,trained,threat,h_mean,0,ood_explore,30v30_K2,386,0.4028488054046936,100.0
regir_kv0_sg,2,trained,threat,h_mean,0,ood_explore,50v50_K2,381,0.40125473457739647,100.0
regir_kv0_sg,2,trained,threat,h_mean,0,ood_confirm,30v30_K12,378,0.4585695263339874,100.0
regir_kv0_sg,2,trained,threat,h_mean,0,ood_confirm,30v30_K2,384,0.389125563975525,100.0
regir_kv0_sg,2,trained,threat,h_mean,0,ood_confirm,50v50_K2,396,0.1442609186745495,100.0
regir_kv0_sg,2,trained,threat,h_mean,1,id_train,10v10_K2,363,0.6150983226031299,100.0
regir_kv0_sg,2,trained,threat,h_mean,1,id_train,10v10_K3,363,0.5650465373613232,100.0
regir_kv0_sg,2,trained,threat,h_mean,1,id_val,10v10_K2,188,-0.015278286240210326,100.0
regir_kv0_sg,2,trained,threat,h_mean,1,id_val,10v10_K3,183,0.35524776739825015,100.0
regir_kv0_sg,2,trained,threat,h_mean,1,id_test,10v10_K2,183,0.21835230155600294,100.0
regir_kv0_sg,2,trained,threat,h_mean,1,id_test,10v10_K3,176,0.3714182415812022,100.0
regir_kv0_sg,2,trained,threat,h_mean,1,ood_explore,30v30_K12,386,0.4277008868322947,100.0
regir_kv0_sg,2,trained,threat,h_mean,1,ood_explore,30v30_K2,386,0.5625330285132069,100.0
regir_kv0_sg,2,trained,threat,h_mean,1,ood_explore,50v50_K2,381,0.557378190089335,100.0
regir_kv0_sg,2,trained,threat,h_mean,1,ood_confirm,30v30_K12,378,0.6298521690688694,100.0
regir_kv0_sg,2,trained,threat,h_mean,1,ood_confirm,30v30_K2,384,0.5388001471138419,100.0
regir_kv0_sg,2,trained,threat,h_mean,1,ood_confirm,50v50_K2,396,0.38590417075451167,100.0
regir_kv0_sg,2,trained,threat,h_mean,2,id_train,10v10_K2,363,0.6138483277857003,100.0
regir_kv0_sg,2,trained,threat,h_mean,2,id_train,10v10_K3,363,0.5134202125496605,100.0
regir_kv0_sg,2,trained,threat,h_mean,2,id_val,10v10_K2,188,-0.020713301286363173,100.0
regir_kv0_sg,2,trained,threat,h_mean,2,id_val,10v10_K3,183,0.4328739270760368,100.0
regir_kv0_sg,2,trained,threat,h_mean,2,id_test,10v10_K2,183,0.23395172921657115,100.0
regir_kv0_sg,2,trained,threat,h_mean,2,id_test,10v10_K3,176,0.4004769599493708,100.0
regir_kv0_sg,2,trained,threat,h_mean,2,ood_explore,30v30_K12,386,0.46969210835290576,100.0
regir_kv0_sg,2,trained,threat,h_mean,2,ood_explore,30v30_K2,386,0.5824167194799665,100.0
regir_kv0_sg,2,trained,threat,h_mean,2,ood_explore,50v50_K2,381,0.5088631603505847,100.0
regir_kv0_sg,2,trained,threat,h_mean,2,ood_confirm,30v30_K12,378,0.6461653057342026,100.0
regir_kv0_sg,2,trained,threat,h_mean,2,ood_confirm,30v30_K2,384,0.5435231914764613,100.0
regir_kv0_sg,2,trained,threat,h_mean,2,ood_confirm,50v50_K2,396,0.420429199692276,100.0
regir_kv0_sg,2,trained,threat,h_mean,3,id_train,10v10_K2,363,0.6125054788174888,100.0
regir_kv0_sg,2,trained,threat,h_mean,3,id_train,10v10_K3,363,0.4992735128999134,100.0
regir_kv0_sg,2,trained,threat,h_mean,3,id_val,10v10_K2,188,0.03931058989784375,100.0
regir_kv0_sg,2,trained,threat,h_mean,3,id_val,10v10_K3,183,0.4591791465943692,100.0
regir_kv0_sg,2,trained,threat,h_mean,3,id_test,10v10_K2,183,0.2530039951493961,100.0
regir_kv0_sg,2,trained,threat,h_mean,3,id_test,10v10_K3,176,0.38933740802043126,100.0
regir_kv0_sg,2,trained,threat,h_mean,3,ood_explore,30v30_K12,386,0.44949238190295027,100.0
regir_kv0_sg,2,trained,threat,h_mean,3,ood_explore,30v30_K2,386,0.5724326780953579,100.0
regir_kv0_sg,2,trained,threat,h_mean,3,ood_explore,50v50_K2,381,0.4948151785502162,100.0
regir_kv0_sg,2,trained,threat,h_mean,3,ood_confirm,30v30_K12,378,0.6217803009886512,100.0
regir_kv0_sg,2,trained,threat,h_mean,3,ood_confirm,30v30_K2,384,0.5306509511282856,100.0
regir_kv0_sg,2,trained,threat,h_mean,3,ood_confirm,50v50_K2,396,0.39617972741836416,100.0
regir_kv0_sg,2,trained,threat,h_mean,4,id_train,10v10_K2,363,0.6074087640033475,100.0
regir_kv0_sg,2,trained,threat,h_mean,4,id_train,10v10_K3,363,0.49493021081251065,100.0
regir_kv0_sg,2,trained,threat,h_mean,4,id_val,10v10_K2,188,0.06854014986256463,100.0
regir_kv0_sg,2,trained,threat,h_mean,4,id_val,10v10_K3,183,0.4550574737446761,100.0
regir_kv0_sg,2,trained,threat,h_mean,4,id_test,10v10_K2,183,0.23909349298020122,100.0
regir_kv0_sg,2,trained,threat,h_mean,4,id_test,10v10_K3,176,0.3747514106416071,100.0
regir_kv0_sg,2,trained,threat,h_mean,4,ood_explore,30v30_K12,386,0.44972776236522616,100.0
regir_kv0_sg,2,trained,threat,h_mean,4,ood_explore,30v30_K2,386,0.5603910958658942,100.0
regir_kv0_sg,2,trained,threat,h_mean,4,ood_explore,50v50_K2,381,0.49137503068491795,100.0
regir_kv0_sg,2,trained,threat,h_mean,4,ood_confirm,30v30_K12,378,0.6045595044273875,100.0
regir_kv0_sg,2,trained,threat,h_mean,4,ood_confirm,30v30_K2,384,0.5152653269640168,100.0
regir_kv0_sg,2,trained,threat,h_mean,4,ood_confirm,50v50_K2,396,0.3789331833525347,100.0
regir_kv0_sg,2,trained,unmarked_frac,h_mean,0,id_train,10v10_K2,363,0.41945508027707157,10.0
regir_kv0_sg,2,trained,unmarked_frac,h_mean,0,id_train,10v10_K3,363,0.39079608411687905,10.0
regir_kv0_sg,2,trained,unmarked_frac,h_mean,0,id_val,10v10_K2,188,0.16767007287039348,10.0
regir_kv0_sg,2,trained,unmarked_frac,h_mean,0,id_val,10v10_K3,183,0.389860517852209,10.0
regir_kv0_sg,2,trained,unmarked_frac,h_mean,0,id_test,10v10_K2,183,0.3957065817049982,10.0
regir_kv0_sg,2,trained,unmarked_frac,h_mean,0,id_test,10v10_K3,176,0.349347920325337,10.0
regir_kv0_sg,2,trained,unmarked_frac,h_mean,0,ood_explore,30v30_K12,386,0.06398156278407852,10.0
regir_kv0_sg,2,trained,unmarked_frac,h_mean,0,ood_explore,30v30_K2,386,0.0599056010330824,10.0
regir_kv0_sg,2,trained,unmarked_frac,h_mean,0,ood_explore,50v50_K2,381,-0.03481368936369922,10.0
regir_kv0_sg,2,trained,unmarked_frac,h_mean,0,ood_confirm,30v30_K12,378,0.233074164670247,10.0
regir_kv0_sg,2,trained,unmarked_frac,h_mean,0,ood_confirm,30v30_K2,384,0.2017465831426738,10.0
regir_kv0_sg,2,trained,unmarked_frac,h_mean,0,ood_confirm,50v50_K2,396,0.006839799954832082,10.0
regir_kv0_sg,2,trained,unmarked_frac,h_mean,1,id_train,10v10_K2,363,0.4349136639840131,10.0
regir_kv0_sg,2,trained,unmarked_frac,h_mean,1,id_train,10v10_K3,363,0.42894823940598503,10.0
regir_kv0_sg,2,trained,unmarked_frac,h_mean,1,id_val,10v10_K2,188,0.10041011061626681,10.0
regir_kv0_sg,2,trained,unmarked_frac,h_mean,1,id_val,10v10_K3,183,0.29027994991222994,10.0
regir_kv0_sg,2,trained,unmarked_frac,h_mean,1,id_test,10v10_K2,183,0.3203735781730559,10.0
regir_kv0_sg,2,trained,unmarked_frac,h_mean,1,id_test,10v10_K3,176,0.30601684513035254,10.0
regir_kv0_sg,2,trained,unmarked_frac,h_mean,1,ood_explore,30v30_K12,386,0.12825357505391277,10.0
regir_kv0_sg,2,trained,unmarked_frac,h_mean,1,ood_explore,30v30_K2,386,0.12744638400587405,10.0
regir_kv0_sg,2,trained,unmarked_frac,h_mean,1,ood_explore,50v50_K2,381,0.0472214723650457,10.0
regir_kv0_sg,2,trained,unmarked_frac,h_mean,1,ood_confirm,30v30_K12,378,0.19346914931648473,10.0
regir_kv0_sg,2,trained,unmarked_frac,h_mean,1,ood_confirm,30v30_K2,384,0.13310437967591637,10.0
regir_kv0_sg,2,trained,unmarked_frac,h_mean,1,ood_confirm,50v50_K2,396,0.07479831467298081,10.0
regir_kv0_sg,2,trained,unmarked_frac,h_mean,2,id_train,10v10_K2,363,0.41187912760857814,10.0
regir_kv0_sg,2,trained,unmarked_frac,h_mean,2,id_train,10v10_K3,363,0.365800426120203,10.0
regir_kv0_sg,2,trained,unmarked_frac,h_mean,2,id_val,10v10_K2,188,0.11167764492437682,10.0
regir_kv0_sg,2,trained,unmarked_frac,h_mean,2,id_val,10v10_K3,183,0.28593664505393557,10.0
regir_kv0_sg,2,trained,unmarked_frac,h_mean,2,id_test,10v10_K2,183,0.2788871403948733,10.0
regir_kv0_sg,2,trained,unmarked_frac,h_mean,2,id_test,10v10_K3,176,0.3302340169981901,10.0
regir_kv0_sg,2,trained,unmarked_frac,h_mean,2,ood_explore,30v30_K12,386,0.05853193588231653,10.0
regir_kv0_sg,2,trained,unmarked_frac,h_mean,2,ood_explore,30v30_K2,386,0.13654462515869303,10.0
regir_kv0_sg,2,trained,unmarked_frac,h_mean,2,ood_explore,50v50_K2,381,0.04652561912804343,10.0
regir_kv0_sg,2,trained,unmarked_frac,h_mean,2,ood_confirm,30v30_K12,378,0.14174485988888375,10.0
regir_kv0_sg,2,trained,unmarked_frac,h_mean,2,ood_confirm,30v30_K2,384,0.17607649318575724,10.0
regir_kv0_sg,2,trained,unmarked_frac,h_mean,2,ood_confirm,50v50_K2,396,0.0671094880297275,10.0
regir_kv0_sg,2,trained,unmarked_frac,h_mean,3,id_train,10v10_K2,363,0.400248364934061,10.0
regir_kv0_sg,2,trained,unmarked_frac,h_mean,3,id_train,10v10_K3,363,0.3557187380605471,10.0
regir_kv0_sg,2,trained,unmarked_frac,h_mean,3,id_val,10v10_K2,188,0.101702882410174,10.0
regir_kv0_sg,2,trained,unmarked_frac,h_mean,3,id_val,10v10_K3,183,0.28716590256603014,10.0
regir_kv0_sg,2,trained,unmarked_frac,h_mean,3,id_test,10v10_K2,183,0.28101127567128115,10.0
regir_kv0_sg,2,trained,unmarked_frac,h_mean,3,id_test,10v10_K3,176,0.2998273476368981,10.0
regir_kv0_sg,2,trained,unmarked_frac,h_mean,3,ood_explore,30v30_K12,386,-0.03063788036976378,10.0
regir_kv0_sg,2,trained,unmarked_frac,h_mean,3,ood_explore,30v30_K2,386,0.07541463192349218,10.0
regir_kv0_sg,2,trained,unmarked_frac,h_mean,3,ood_explore,50v50_K2,381,0.055069116788927674,10.0
regir_kv0_sg,2,trained,unmarked_frac,h_mean,3,ood_confirm,30v30_K12,378,0.10058697146691453,10.0
regir_kv0_sg,2,trained,unmarked_frac,h_mean,3,ood_confirm,30v30_K2,384,0.19943685606083938,10.0
regir_kv0_sg,2,trained,unmarked_frac,h_mean,3,ood_confirm,50v50_K2,396,0.05501633541777162,10.0
regir_kv0_sg,2,trained,unmarked_frac,h_mean,4,id_train,10v10_K2,363,0.3828585650089943,10.0
regir_kv0_sg,2,trained,unmarked_frac,h_mean,4,id_train,10v10_K3,363,0.354054282181993,10.0
regir_kv0_sg,2,trained,unmarked_frac,h_mean,4,id_val,10v10_K2,188,0.07886398689282803,10.0
regir_kv0_sg,2,trained,unmarked_frac,h_mean,4,id_val,10v10_K3,183,0.28534916819502454,10.0
regir_kv0_sg,2,trained,unmarked_frac,h_mean,4,id_test,10v10_K2,183,0.29136769658695627,10.0
regir_kv0_sg,2,trained,unmarked_frac,h_mean,4,id_test,10v10_K3,176,0.2808080012096037,10.0
regir_kv0_sg,2,trained,unmarked_frac,h_mean,4,ood_explore,30v30_K12,386,-0.043144172479714804,10.0
regir_kv0_sg,2,trained,unmarked_frac,h_mean,4,ood_explore,30v30_K2,386,0.05906282544497132,10.0
regir_kv0_sg,2,trained,unmarked_frac,h_mean,4,ood_explore,50v50_K2,381,0.07875630389543953,10.0
regir_kv0_sg,2,trained,unmarked_frac,h_mean,4,ood_confirm,30v30_K12,378,0.09949672608538596,10.0
regir_kv0_sg,2,trained,unmarked_frac,h_mean,4,ood_confirm,30v30_K2,384,0.20904328899762736,10.0
regir_kv0_sg,2,trained,unmarked_frac,h_mean,4,ood_confirm,50v50_K2,396,0.06709820874776162,10.0
regir_kv0_sg,2,trained,centroid_gap,h_mean,0,id_train,10v10_K2,363,0.9073847875551497,1.0
regir_kv0_sg,2,trained,centroid_gap,h_mean,0,id_train,10v10_K3,363,0.8875864035534398,1.0
regir_kv0_sg,2,trained,centroid_gap,h_mean,0,id_val,10v10_K2,188,0.9241877158432127,1.0
regir_kv0_sg,2,trained,centroid_gap,h_mean,0,id_val,10v10_K3,183,0.866457650007298,1.0
regir_kv0_sg,2,trained,centroid_gap,h_mean,0,id_test,10v10_K2,183,0.8666859640925505,1.0
regir_kv0_sg,2,trained,centroid_gap,h_mean,0,id_test,10v10_K3,176,0.885781459509871,1.0
regir_kv0_sg,2,trained,centroid_gap,h_mean,0,ood_explore,30v30_K12,386,0.7176997329812314,1.0
regir_kv0_sg,2,trained,centroid_gap,h_mean,0,ood_explore,30v30_K2,386,0.8624073874672403,1.0
regir_kv0_sg,2,trained,centroid_gap,h_mean,0,ood_explore,50v50_K2,381,0.7985023957409277,1.0
regir_kv0_sg,2,trained,centroid_gap,h_mean,0,ood_confirm,30v30_K12,378,0.7204820303262061,1.0
regir_kv0_sg,2,trained,centroid_gap,h_mean,0,ood_confirm,30v30_K2,384,0.7917306262032935,1.0
regir_kv0_sg,2,trained,centroid_gap,h_mean,0,ood_confirm,50v50_K2,396,0.7060426280062466,1.0
regir_kv0_sg,2,trained,centroid_gap,h_mean,1,id_train,10v10_K2,363,0.9141403707164745,1.0
regir_kv0_sg,2,trained,centroid_gap,h_mean,1,id_train,10v10_K3,363,0.909506201692756,1.0
regir_kv0_sg,2,trained,centroid_gap,h_mean,1,id_val,10v10_K2,188,0.9035389078383722,1.0
regir_kv0_sg,2,trained,centroid_gap,h_mean,1,id_val,10v10_K3,183,0.8787029845248522,1.0
regir_kv0_sg,2,trained,centroid_gap,h_mean,1,id_test,10v10_K2,183,0.8770754292239565,1.0
regir_kv0_sg,2,trained,centroid_gap,h_mean,1,id_test,10v10_K3,176,0.8622972646968704,1.0
regir_kv0_sg,2,trained,centroid_gap,h_mean,1,ood_explore,30v30_K12,386,0.8176712674776606,1.0
regir_kv0_sg,2,trained,centroid_gap,h_mean,1,ood_explore,30v30_K2,386,0.9078588859228458,1.0
regir_kv0_sg,2,trained,centroid_gap,h_mean,1,ood_explore,50v50_K2,381,0.861263148977771,1.0
regir_kv0_sg,2,trained,centroid_gap,h_mean,1,ood_confirm,30v30_K12,378,0.783529170118699,1.0
regir_kv0_sg,2,trained,centroid_gap,h_mean,1,ood_confirm,30v30_K2,384,0.8190694530264168,1.0
regir_kv0_sg,2,trained,centroid_gap,h_mean,1,ood_confirm,50v50_K2,396,0.8446736480865081,1.0
regir_kv0_sg,2,trained,centroid_gap,h_mean,2,id_train,10v10_K2,363,0.9149897528035095,1.0
regir_kv0_sg,2,trained,centroid_gap,h_mean,2,id_train,10v10_K3,363,0.9079605052786309,1.0
regir_kv0_sg,2,trained,centroid_gap,h_mean,2,id_val,10v10_K2,188,0.895585018770283,1.0
regir_kv0_sg,2,trained,centroid_gap,h_mean,2,id_val,10v10_K3,183,0.8711566668302705,1.0
regir_kv0_sg,2,trained,centroid_gap,h_mean,2,id_test,10v10_K2,183,0.8647389501965534,1.0
regir_kv0_sg,2,trained,centroid_gap,h_mean,2,id_test,10v10_K3,176,0.8718540982680041,1.0
regir_kv0_sg,2,trained,centroid_gap,h_mean,2,ood_explore,30v30_K12,386,0.8509403460673057,1.0
regir_kv0_sg,2,trained,centroid_gap,h_mean,2,ood_explore,30v30_K2,386,0.9032488948604008,1.0
regir_kv0_sg,2,trained,centroid_gap,h_mean,2,ood_explore,50v50_K2,381,0.8560295319174551,1.0
regir_kv0_sg,2,trained,centroid_gap,h_mean,2,ood_confirm,30v30_K12,378,0.7877070973123288,1.0
regir_kv0_sg,2,trained,centroid_gap,h_mean,2,ood_confirm,30v30_K2,384,0.8356378167738766,1.0
regir_kv0_sg,2,trained,centroid_gap,h_mean,2,ood_confirm,50v50_K2,396,0.816452513373833,1.0
regir_kv0_sg,2,trained,centroid_gap,h_mean,3,id_train,10v10_K2,363,0.909967284416488,1.0
regir_kv0_sg,2,trained,centroid_gap,h_mean,3,id_train,10v10_K3,363,0.9031593607084559,1.0
regir_kv0_sg,2,trained,centroid_gap,h_mean,3,id_val,10v10_K2,188,0.8982312955773397,1.0
regir_kv0_sg,2,trained,centroid_gap,h_mean,3,id_val,10v10_K3,183,0.8621655873725955,1.0
regir_kv0_sg,2,trained,centroid_gap,h_mean,3,id_test,10v10_K2,183,0.8642999636770168,1.0
regir_kv0_sg,2,trained,centroid_gap,h_mean,3,id_test,10v10_K3,176,0.8747614582831135,1.0
regir_kv0_sg,2,trained,centroid_gap,h_mean,3,ood_explore,30v30_K12,386,0.8541286348924331,1.0
regir_kv0_sg,2,trained,centroid_gap,h_mean,3,ood_explore,30v30_K2,386,0.8970609030518034,1.0
regir_kv0_sg,2,trained,centroid_gap,h_mean,3,ood_explore,50v50_K2,381,0.8760669151787102,1.0
regir_kv0_sg,2,trained,centroid_gap,h_mean,3,ood_confirm,30v30_K12,378,0.8011706658689692,1.0
regir_kv0_sg,2,trained,centroid_gap,h_mean,3,ood_confirm,30v30_K2,384,0.8581450598774686,1.0
regir_kv0_sg,2,trained,centroid_gap,h_mean,3,ood_confirm,50v50_K2,396,0.8482905963952382,1.0
regir_kv0_sg,2,trained,centroid_gap,h_mean,4,id_train,10v10_K2,363,0.9078213884007007,1.0
regir_kv0_sg,2,trained,centroid_gap,h_mean,4,id_train,10v10_K3,363,0.9031312730314991,1.0
regir_kv0_sg,2,trained,centroid_gap,h_mean,4,id_val,10v10_K2,188,0.899636647089129,1.0
regir_kv0_sg,2,trained,centroid_gap,h_mean,4,id_val,10v10_K3,183,0.8592867604365712,1.0
regir_kv0_sg,2,trained,centroid_gap,h_mean,4,id_test,10v10_K2,183,0.8619440107326256,1.0
regir_kv0_sg,2,trained,centroid_gap,h_mean,4,id_test,10v10_K3,176,0.8812560881729445,1.0
regir_kv0_sg,2,trained,centroid_gap,h_mean,4,ood_explore,30v30_K12,386,0.8541398338179316,1.0
regir_kv0_sg,2,trained,centroid_gap,h_mean,4,ood_explore,30v30_K2,386,0.8974688903703362,1.0
regir_kv0_sg,2,trained,centroid_gap,h_mean,4,ood_explore,50v50_K2,381,0.8883772602756463,1.0
regir_kv0_sg,2,trained,centroid_gap,h_mean,4,ood_confirm,30v30_K12,378,0.8177886947896236,1.0
regir_kv0_sg,2,trained,centroid_gap,h_mean,4,ood_confirm,30v30_K2,384,0.8683268585084314,1.0
regir_kv0_sg,2,trained,centroid_gap,h_mean,4,ood_confirm,50v50_K2,396,0.8645870055271048,1.0
regir_kv0_sg,2,trained,nearest_target_distance,h_mean,0,id_train,10v10_K2,363,0.8491782254759653,1.0
regir_kv0_sg,2,trained,nearest_target_distance,h_mean,0,id_train,10v10_K3,363,0.8519951132416659,1.0
regir_kv0_sg,2,trained,nearest_target_distance,h_mean,0,id_val,10v10_K2,188,0.8015374781103222,1.0
regir_kv0_sg,2,trained,nearest_target_distance,h_mean,0,id_val,10v10_K3,183,0.8307869405641197,1.0
regir_kv0_sg,2,trained,nearest_target_distance,h_mean,0,id_test,10v10_K2,183,0.8380127384282823,1.0
regir_kv0_sg,2,trained,nearest_target_distance,h_mean,0,id_test,10v10_K3,176,0.8128985764068875,1.0
regir_kv0_sg,2,trained,nearest_target_distance,h_mean,0,ood_explore,30v30_K12,386,0.7201536634047918,1.0
regir_kv0_sg,2,trained,nearest_target_distance,h_mean,0,ood_explore,30v30_K2,386,0.8007206707298948,1.0
regir_kv0_sg,2,trained,nearest_target_distance,h_mean,0,ood_explore,50v50_K2,381,0.7188432760922205,1.0
regir_kv0_sg,2,trained,nearest_target_distance,h_mean,0,ood_confirm,30v30_K12,378,0.6166228066520931,1.0
regir_kv0_sg,2,trained,nearest_target_distance,h_mean,0,ood_confirm,30v30_K2,384,0.7092450238785392,1.0
regir_kv0_sg,2,trained,nearest_target_distance,h_mean,0,ood_confirm,50v50_K2,396,0.7485174860275537,1.0
regir_kv0_sg,2,trained,nearest_target_distance,h_mean,1,id_train,10v10_K2,363,0.8629778804294947,1.0
regir_kv0_sg,2,trained,nearest_target_distance,h_mean,1,id_train,10v10_K3,363,0.8966989613833273,1.0
regir_kv0_sg,2,trained,nearest_target_distance,h_mean,1,id_val,10v10_K2,188,0.7944762221494411,1.0
regir_kv0_sg,2,trained,nearest_target_distance,h_mean,1,id_val,10v10_K3,183,0.8840096795846288,1.0
regir_kv0_sg,2,trained,nearest_target_distance,h_mean,1,id_test,10v10_K2,183,0.872927510762668,1.0
regir_kv0_sg,2,trained,nearest_target_distance,h_mean,1,id_test,10v10_K3,176,0.8569099015059451,1.0
regir_kv0_sg,2,trained,nearest_target_distance,h_mean,1,ood_explore,30v30_K12,386,0.8276048015887296,1.0
regir_kv0_sg,2,trained,nearest_target_distance,h_mean,1,ood_explore,30v30_K2,386,0.8011474565801698,1.0
regir_kv0_sg,2,trained,nearest_target_distance,h_mean,1,ood_explore,50v50_K2,381,0.7166603435720471,1.0
regir_kv0_sg,2,trained,nearest_target_distance,h_mean,1,ood_confirm,30v30_K12,378,0.767234298009142,1.0
regir_kv0_sg,2,trained,nearest_target_distance,h_mean,1,ood_confirm,30v30_K2,384,0.7137475238468551,1.0
regir_kv0_sg,2,trained,nearest_target_distance,h_mean,1,ood_confirm,50v50_K2,396,0.7136058150141691,1.0
regir_kv0_sg,2,trained,nearest_target_distance,h_mean,2,id_train,10v10_K2,363,0.8516699130272497,1.0
regir_kv0_sg,2,trained,nearest_target_distance,h_mean,2,id_train,10v10_K3,363,0.8893474171596893,1.0
regir_kv0_sg,2,trained,nearest_target_distance,h_mean,2,id_val,10v10_K2,188,0.7797128788537526,1.0
regir_kv0_sg,2,trained,nearest_target_distance,h_mean,2,id_val,10v10_K3,183,0.8796593087950957,1.0
regir_kv0_sg,2,trained,nearest_target_distance,h_mean,2,id_test,10v10_K2,183,0.8500192469222555,1.0
regir_kv0_sg,2,trained,nearest_target_distance,h_mean,2,id_test,10v10_K3,176,0.8389721174890379,1.0
regir_kv0_sg,2,trained,nearest_target_distance,h_mean,2,ood_explore,30v30_K12,386,0.8210683632375877,1.0
regir_kv0_sg,2,trained,nearest_target_distance,h_mean,2,ood_explore,30v30_K2,386,0.7998572240902427,1.0
regir_kv0_sg,2,trained,nearest_target_distance,h_mean,2,ood_explore,50v50_K2,381,0.7236844639314343,1.0
regir_kv0_sg,2,trained,nearest_target_distance,h_mean,2,ood_confirm,30v30_K12,378,0.7635814064507643,1.0
regir_kv0_sg,2,trained,nearest_target_distance,h_mean,2,ood_confirm,30v30_K2,384,0.7302246728728654,1.0
regir_kv0_sg,2,trained,nearest_target_distance,h_mean,2,ood_confirm,50v50_K2,396,0.7218763502139179,1.0
regir_kv0_sg,2,trained,nearest_target_distance,h_mean,3,id_train,10v10_K2,363,0.839331174311833,1.0
regir_kv0_sg,2,trained,nearest_target_distance,h_mean,3,id_train,10v10_K3,363,0.8824565780481337,1.0
regir_kv0_sg,2,trained,nearest_target_distance,h_mean,3,id_val,10v10_K2,188,0.7710992344509497,1.0
regir_kv0_sg,2,trained,nearest_target_distance,h_mean,3,id_val,10v10_K3,183,0.8694297002141473,1.0
regir_kv0_sg,2,trained,nearest_target_distance,h_mean,3,id_test,10v10_K2,183,0.836383188680309,1.0
regir_kv0_sg,2,trained,nearest_target_distance,h_mean,3,id_test,10v10_K3,176,0.8177875321446723,1.0
regir_kv0_sg,2,trained,nearest_target_distance,h_mean,3,ood_explore,30v30_K12,386,0.8088472306163372,1.0
regir_kv0_sg,2,trained,nearest_target_distance,h_mean,3,ood_explore,30v30_K2,386,0.7775265102873474,1.0
regir_kv0_sg,2,trained,nearest_target_distance,h_mean,3,ood_explore,50v50_K2,381,0.7250509365792834,1.0
regir_kv0_sg,2,trained,nearest_target_distance,h_mean,3,ood_confirm,30v30_K12,378,0.7355290743261544,1.0
regir_kv0_sg,2,trained,nearest_target_distance,h_mean,3,ood_confirm,30v30_K2,384,0.7135643342737882,1.0
regir_kv0_sg,2,trained,nearest_target_distance,h_mean,3,ood_confirm,50v50_K2,396,0.7253093634549519,1.0
regir_kv0_sg,2,trained,nearest_target_distance,h_mean,4,id_train,10v10_K2,363,0.8298652994034228,1.0
regir_kv0_sg,2,trained,nearest_target_distance,h_mean,4,id_train,10v10_K3,363,0.8814906742747974,1.0
regir_kv0_sg,2,trained,nearest_target_distance,h_mean,4,id_val,10v10_K2,188,0.7797990110950351,1.0
regir_kv0_sg,2,trained,nearest_target_distance,h_mean,4,id_val,10v10_K3,183,0.8687451209705108,1.0
regir_kv0_sg,2,trained,nearest_target_distance,h_mean,4,id_test,10v10_K2,183,0.8331990331653203,1.0
regir_kv0_sg,2,trained,nearest_target_distance,h_mean,4,id_test,10v10_K3,176,0.8030829378514232,1.0
regir_kv0_sg,2,trained,nearest_target_distance,h_mean,4,ood_explore,30v30_K12,386,0.8207182552384072,1.0
regir_kv0_sg,2,trained,nearest_target_distance,h_mean,4,ood_explore,30v30_K2,386,0.77152095758221,1.0
regir_kv0_sg,2,trained,nearest_target_distance,h_mean,4,ood_explore,50v50_K2,381,0.7386697942372658,1.0
regir_kv0_sg,2,trained,nearest_target_distance,h_mean,4,ood_confirm,30v30_K12,378,0.7639553194053125,1.0
regir_kv0_sg,2,trained,nearest_target_distance,h_mean,4,ood_confirm,30v30_K2,384,0.7244197078902416,1.0
regir_kv0_sg,2,trained,nearest_target_distance,h_mean,4,ood_confirm,50v50_K2,396,0.7402911848043312,1.0
regir_kv0_sg,2,trained,threat,readout,0,id_train,10v10_K2,363,0.6489190721694902,1.0
regir_kv0_sg,2,trained,threat,readout,0,id_train,10v10_K3,363,0.5809310454544773,1.0
regir_kv0_sg,2,trained,threat,readout,0,id_val,10v10_K2,188,0.09802688424819617,1.0
regir_kv0_sg,2,trained,threat,readout,0,id_val,10v10_K3,183,0.4344707601172285,1.0
regir_kv0_sg,2,trained,threat,readout,0,id_test,10v10_K2,183,0.2392427035252016,1.0
regir_kv0_sg,2,trained,threat,readout,0,id_test,10v10_K3,176,0.5577646066641437,1.0
regir_kv0_sg,2,trained,threat,readout,0,ood_explore,30v30_K12,386,0.45665608085811915,1.0
regir_kv0_sg,2,trained,threat,readout,0,ood_explore,30v30_K2,386,0.608220842489787,1.0
regir_kv0_sg,2,trained,threat,readout,0,ood_explore,50v50_K2,381,0.510525919058701,1.0
regir_kv0_sg,2,trained,threat,readout,0,ood_confirm,30v30_K12,378,0.6379574752333934,1.0
regir_kv0_sg,2,trained,threat,readout,0,ood_confirm,30v30_K2,384,0.5735477121170833,1.0
regir_kv0_sg,2,trained,threat,readout,0,ood_confirm,50v50_K2,396,0.4772868179506228,1.0
regir_kv0_sg,2,trained,threat,readout,1,id_train,10v10_K2,363,0.6849782637764598,1.0
regir_kv0_sg,2,trained,threat,readout,1,id_train,10v10_K3,363,0.5529111288886986,1.0
regir_kv0_sg,2,trained,threat,readout,1,id_val,10v10_K2,188,-0.03249248771296398,1.0
regir_kv0_sg,2,trained,threat,readout,1,id_val,10v10_K3,183,0.31363861768813095,1.0
regir_kv0_sg,2,trained,threat,readout,1,id_test,10v10_K2,183,0.19462334079872978,1.0
regir_kv0_sg,2,trained,threat,readout,1,id_test,10v10_K3,176,0.49036146734031427,1.0
regir_kv0_sg,2,trained,threat,readout,1,ood_explore,30v30_K12,386,0.469974511614222,1.0
regir_kv0_sg,2,trained,threat,readout,1,ood_explore,30v30_K2,386,0.5439365621405019,1.0
regir_kv0_sg,2,trained,threat,readout,1,ood_explore,50v50_K2,381,0.4137976828704799,1.0
regir_kv0_sg,2,trained,threat,readout,1,ood_confirm,30v30_K12,378,0.5851189080820218,1.0
regir_kv0_sg,2,trained,threat,readout,1,ood_confirm,30v30_K2,384,0.5145548658163546,1.0
regir_kv0_sg,2,trained,threat,readout,1,ood_confirm,50v50_K2,396,0.40057665518395624,1.0
regir_kv0_sg,2,trained,threat,readout,2,id_train,10v10_K2,363,0.6734829369745537,1.0
regir_kv0_sg,2,trained,threat,readout,2,id_train,10v10_K3,363,0.5691309506447257,1.0
regir_kv0_sg,2,trained,threat,readout,2,id_val,10v10_K2,188,-0.21149720727876176,1.0
regir_kv0_sg,2,trained,threat,readout,2,id_val,10v10_K3,183,0.16547165039671807,1.0
regir_kv0_sg,2,trained,threat,readout,2,id_test,10v10_K2,183,0.2507652780666275,1.0
regir_kv0_sg,2,trained,threat,readout,2,id_test,10v10_K3,176,0.3583974113117748,1.0
regir_kv0_sg,2,trained,threat,readout,2,ood_explore,30v30_K12,386,0.3554165523090399,1.0
regir_kv0_sg,2,trained,threat,readout,2,ood_explore,30v30_K2,386,0.5299334598764681,1.0
regir_kv0_sg,2,trained,threat,readout,2,ood_explore,50v50_K2,381,0.358677688582973,1.0
regir_kv0_sg,2,trained,threat,readout,2,ood_confirm,30v30_K12,378,0.46894777294974477,1.0
regir_kv0_sg,2,trained,threat,readout,2,ood_confirm,30v30_K2,384,0.41965086198744694,1.0
regir_kv0_sg,2,trained,threat,readout,2,ood_confirm,50v50_K2,396,0.36707827094136347,1.0
regir_kv0_sg,2,trained,threat,readout,3,id_train,10v10_K2,363,0.6274546490066555,1.0
regir_kv0_sg,2,trained,threat,readout,3,id_train,10v10_K3,363,0.5252756301102065,1.0
regir_kv0_sg,2,trained,threat,readout,3,id_val,10v10_K2,188,-0.1406489850228434,1.0
regir_kv0_sg,2,trained,threat,readout,3,id_val,10v10_K3,183,0.1842948643248531,1.0
regir_kv0_sg,2,trained,threat,readout,3,id_test,10v10_K2,183,0.11347283552801457,1.0
regir_kv0_sg,2,trained,threat,readout,3,id_test,10v10_K3,176,0.3646783772238009,1.0
regir_kv0_sg,2,trained,threat,readout,3,ood_explore,30v30_K12,386,0.31166045332074055,1.0
regir_kv0_sg,2,trained,threat,readout,3,ood_explore,30v30_K2,386,0.5264851985591144,1.0
regir_kv0_sg,2,trained,threat,readout,3,ood_explore,50v50_K2,381,0.33213278598224727,1.0
regir_kv0_sg,2,trained,threat,readout,3,ood_confirm,30v30_K12,378,0.43730993863446244,1.0
regir_kv0_sg,2,trained,threat,readout,3,ood_confirm,30v30_K2,384,0.3776388391952803,1.0
regir_kv0_sg,2,trained,threat,readout,3,ood_confirm,50v50_K2,396,0.3733513309472074,1.0
regir_kv0_sg,2,trained,unmarked_frac,readout,0,id_train,10v10_K2,363,0.32093091375412897,0.0001
regir_kv0_sg,2,trained,unmarked_frac,readout,0,id_train,10v10_K3,363,0.3583501394956694,0.0001
regir_kv0_sg,2,trained,unmarked_frac,readout,0,id_val,10v10_K2,188,0.11659531384341704,0.0001
regir_kv0_sg,2,trained,unmarked_frac,readout,0,id_val,10v10_K3,183,0.16163737775434328,0.0001
regir_kv0_sg,2,trained,unmarked_frac,readout,0,id_test,10v10_K2,183,0.25866231643878734,0.0001
regir_kv0_sg,2,trained,unmarked_frac,readout,0,id_test,10v10_K3,176,0.25573519454160065,0.0001
regir_kv0_sg,2,trained,unmarked_frac,readout,0,ood_explore,30v30_K12,386,0.024582067649161154,0.0001
regir_kv0_sg,2,trained,unmarked_frac,readout,0,ood_explore,30v30_K2,386,-0.0126465522260506,0.0001
regir_kv0_sg,2,trained,unmarked_frac,readout,0,ood_explore,50v50_K2,381,-0.19380761132591506,0.0001
regir_kv0_sg,2,trained,unmarked_frac,readout,0,ood_confirm,30v30_K12,378,0.09117925410048677,0.0001
regir_kv0_sg,2,trained,unmarked_frac,readout,0,ood_confirm,30v30_K2,384,-0.14436364715384098,0.0001
regir_kv0_sg,2,trained,unmarked_frac,readout,0,ood_confirm,50v50_K2,396,-0.3009664658916247,0.0001
regir_kv0_sg,2,trained,unmarked_frac,readout,1,id_train,10v10_K2,363,0.31396091195777365,0.0001
regir_kv0_sg,2,trained,unmarked_frac,readout,1,id_train,10v10_K3,363,0.3133813780127871,0.0001
regir_kv0_sg,2,trained,unmarked_frac,readout,1,id_val,10v10_K2,188,0.09664259013610588,0.0001
regir_kv0_sg,2,trained,unmarked_frac,readout,1,id_val,10v10_K3,183,0.13595597612185284,0.0001
regir_kv0_sg,2,trained,unmarked_frac,readout,1,id_test,10v10_K2,183,0.21884288173979127,0.0001
regir_kv0_sg,2,trained,unmarked_frac,readout,1,id_test,10v10_K3,176,0.27070588262348394,0.0001
regir_kv0_sg,2,trained,unmarked_frac,readout,1,ood_explore,30v30_K12,386,-0.049427895091917584,0.0001
regir_kv0_sg,2,trained,unmarked_frac,readout,1,ood_explore,30v30_K2,386,-0.04412631216973373,0.0001
regir_kv0_sg,2,trained,unmarked_frac,readout,1,ood_explore,50v50_K2,381,-0.22883285931939157,0.0001
regir_kv0_sg,2,trained,unmarked_frac,readout,1,ood_confirm,30v30_K12,378,0.0014235916409504057,0.0001
regir_kv0_sg,2,trained,unmarked_frac,readout,1,ood_confirm,30v30_K2,384,-0.0840413373997484,0.0001
regir_kv0_sg,2,trained,unmarked_frac,readout,1,ood_confirm,50v50_K2,396,-0.3606358865685473,0.0001
regir_kv0_sg,2,trained,unmarked_frac,readout,2,id_train,10v10_K2,363,0.318937539070299,0.0001
regir_kv0_sg,2,trained,unmarked_frac,readout,2,id_train,10v10_K3,363,0.33308234296951356,0.0001
regir_kv0_sg,2,trained,unmarked_frac,readout,2,id_val,10v10_K2,188,0.12949108471379112,0.0001
regir_kv0_sg,2,trained,unmarked_frac,readout,2,id_val,10v10_K3,183,0.1583034328797034,0.0001
regir_kv0_sg,2,trained,unmarked_frac,readout,2,id_test,10v10_K2,183,0.15603036643286183,0.0001
regir_kv0_sg,2,trained,unmarked_frac,readout,2,id_test,10v10_K3,176,0.13701579188677726,0.0001
regir_kv0_sg,2,trained,unmarked_frac,readout,2,ood_explore,30v30_K12,386,-0.012799869238890649,0.0001
regir_kv0_sg,2,trained,unmarked_frac,readout,2,ood_explore,30v30_K2,386,-0.015560991681872416,0.0001
regir_kv0_sg,2,trained,unmarked_frac,readout,2,ood_explore,50v50_K2,381,-0.27289529749565933,0.0001
regir_kv0_sg,2,trained,unmarked_frac,readout,2,ood_confirm,30v30_K12,378,0.08783007984196733,0.0001
regir_kv0_sg,2,trained,unmarked_frac,readout,2,ood_confirm,30v30_K2,384,-0.028042323710359973,0.0001
regir_kv0_sg,2,trained,unmarked_frac,readout,2,ood_confirm,50v50_K2,396,-0.31687583621280635,0.0001
regir_kv0_sg,2,trained,unmarked_frac,readout,3,id_train,10v10_K2,363,0.34756217792796096,0.0001
regir_kv0_sg,2,trained,unmarked_frac,readout,3,id_train,10v10_K3,363,0.3389414132391718,0.0001
regir_kv0_sg,2,trained,unmarked_frac,readout,3,id_val,10v10_K2,188,0.058814690128661695,0.0001
regir_kv0_sg,2,trained,unmarked_frac,readout,3,id_val,10v10_K3,183,0.10367774903235938,0.0001
regir_kv0_sg,2,trained,unmarked_frac,readout,3,id_test,10v10_K2,183,0.15650506331040082,0.0001
regir_kv0_sg,2,trained,unmarked_frac,readout,3,id_test,10v10_K3,176,0.11032129304706784,0.0001
regir_kv0_sg,2,trained,unmarked_frac,readout,3,ood_explore,30v30_K12,386,0.01740005850265114,0.0001
regir_kv0_sg,2,trained,unmarked_frac,readout,3,ood_explore,30v30_K2,386,-0.02373203122820633,0.0001
regir_kv0_sg,2,trained,unmarked_frac,readout,3,ood_explore,50v50_K2,381,-0.23462879152232463,0.0001
regir_kv0_sg,2,trained,unmarked_frac,readout,3,ood_confirm,30v30_K12,378,0.052705740709824256,0.0001
regir_kv0_sg,2,trained,unmarked_frac,readout,3,ood_confirm,30v30_K2,384,0.021764676416250794,0.0001
regir_kv0_sg,2,trained,unmarked_frac,readout,3,ood_confirm,50v50_K2,396,-0.2725495169562324,0.0001
regir_kv0_sg,2,trained,centroid_gap,readout,0,id_train,10v10_K2,363,0.7764689789845451,0.0001
regir_kv0_sg,2,trained,centroid_gap,readout,0,id_train,10v10_K3,363,0.7758363144417959,0.0001
regir_kv0_sg,2,trained,centroid_gap,readout,0,id_val,10v10_K2,188,0.7848209673179701,0.0001
regir_kv0_sg,2,trained,centroid_gap,readout,0,id_val,10v10_K3,183,0.6905999632346269,0.0001
regir_kv0_sg,2,trained,centroid_gap,readout,0,id_test,10v10_K2,183,0.7302194942396636,0.0001
regir_kv0_sg,2,trained,centroid_gap,readout,0,id_test,10v10_K3,176,0.7636357997556529,0.0001
regir_kv0_sg,2,trained,centroid_gap,readout,0,ood_explore,30v30_K12,386,0.749644550788852,0.0001
regir_kv0_sg,2,trained,centroid_gap,readout,0,ood_explore,30v30_K2,386,0.727628410713458,0.0001
regir_kv0_sg,2,trained,centroid_gap,readout,0,ood_explore,50v50_K2,381,0.6855963641969853,0.0001
regir_kv0_sg,2,trained,centroid_gap,readout,0,ood_confirm,30v30_K12,378,0.7335042741541361,0.0001
regir_kv0_sg,2,trained,centroid_gap,readout,0,ood_confirm,30v30_K2,384,0.656729321667739,0.0001
regir_kv0_sg,2,trained,centroid_gap,readout,0,ood_confirm,50v50_K2,396,0.6176525531648409,0.0001
regir_kv0_sg,2,trained,centroid_gap,readout,1,id_train,10v10_K2,363,0.7695383345043009,0.0001
regir_kv0_sg,2,trained,centroid_gap,readout,1,id_train,10v10_K3,363,0.7887461042391442,0.0001
regir_kv0_sg,2,trained,centroid_gap,readout,1,id_val,10v10_K2,188,0.7525949889287862,0.0001
regir_kv0_sg,2,trained,centroid_gap,readout,1,id_val,10v10_K3,183,0.7006565473130383,0.0001
regir_kv0_sg,2,trained,centroid_gap,readout,1,id_test,10v10_K2,183,0.7518605396857231,0.0001
regir_kv0_sg,2,trained,centroid_gap,readout,1,id_test,10v10_K3,176,0.7037230081872572,0.0001
regir_kv0_sg,2,trained,centroid_gap,readout,1,ood_explore,30v30_K12,386,0.7508995966595764,0.0001
regir_kv0_sg,2,trained,centroid_gap,readout,1,ood_explore,30v30_K2,386,0.7217792816595372,0.0001
regir_kv0_sg,2,trained,centroid_gap,readout,1,ood_explore,50v50_K2,381,0.7082252921693764,0.0001
regir_kv0_sg,2,trained,centroid_gap,readout,1,ood_confirm,30v30_K12,378,0.7130620996010376,0.0001
regir_kv0_sg,2,trained,centroid_gap,readout,1,ood_confirm,30v30_K2,384,0.6921383702996513,0.0001
regir_kv0_sg,2,trained,centroid_gap,readout,1,ood_confirm,50v50_K2,396,0.6313058874072199,0.0001
regir_kv0_sg,2,trained,centroid_gap,readout,2,id_train,10v10_K2,363,0.7775951699969255,0.0001
regir_kv0_sg,2,trained,centroid_gap,readout,2,id_train,10v10_K3,363,0.7904611923780137,0.0001
regir_kv0_sg,2,trained,centroid_gap,readout,2,id_val,10v10_K2,188,0.7371397515631328,0.0001
regir_kv0_sg,2,trained,centroid_gap,readout,2,id_val,10v10_K3,183,0.7194296039973345,0.0001
regir_kv0_sg,2,trained,centroid_gap,readout,2,id_test,10v10_K2,183,0.761056030841701,0.0001
regir_kv0_sg,2,trained,centroid_gap,readout,2,id_test,10v10_K3,176,0.7335110651515039,0.0001
regir_kv0_sg,2,trained,centroid_gap,readout,2,ood_explore,30v30_K12,386,0.7491002592238275,0.0001
regir_kv0_sg,2,trained,centroid_gap,readout,2,ood_explore,30v30_K2,386,0.7282169099831466,0.0001
regir_kv0_sg,2,trained,centroid_gap,readout,2,ood_explore,50v50_K2,381,0.7317562934937414,0.0001
regir_kv0_sg,2,trained,centroid_gap,readout,2,ood_confirm,30v30_K12,378,0.7186866760919564,0.0001
regir_kv0_sg,2,trained,centroid_gap,readout,2,ood_confirm,30v30_K2,384,0.6806740941313965,0.0001
regir_kv0_sg,2,trained,centroid_gap,readout,2,ood_confirm,50v50_K2,396,0.6646435142599465,0.0001
regir_kv0_sg,2,trained,centroid_gap,readout,3,id_train,10v10_K2,363,0.8100076637603603,0.0001
regir_kv0_sg,2,trained,centroid_gap,readout,3,id_train,10v10_K3,363,0.7967875345153488,0.0001
regir_kv0_sg,2,trained,centroid_gap,readout,3,id_val,10v10_K2,188,0.7629500122656586,0.0001
regir_kv0_sg,2,trained,centroid_gap,readout,3,id_val,10v10_K3,183,0.6932349844265107,0.0001
regir_kv0_sg,2,trained,centroid_gap,readout,3,id_test,10v10_K2,183,0.7320522915934663,0.0001
regir_kv0_sg,2,trained,centroid_gap,readout,3,id_test,10v10_K3,176,0.7123836533201637,0.0001
regir_kv0_sg,2,trained,centroid_gap,readout,3,ood_explore,30v30_K12,386,0.757919523290806,0.0001
regir_kv0_sg,2,trained,centroid_gap,readout,3,ood_explore,30v30_K2,386,0.7134331786422046,0.0001
regir_kv0_sg,2,trained,centroid_gap,readout,3,ood_explore,50v50_K2,381,0.7039979148627342,0.0001
regir_kv0_sg,2,trained,centroid_gap,readout,3,ood_confirm,30v30_K12,378,0.7162370191336578,0.0001
regir_kv0_sg,2,trained,centroid_gap,readout,3,ood_confirm,30v30_K2,384,0.6756843048519896,0.0001
regir_kv0_sg,2,trained,centroid_gap,readout,3,ood_confirm,50v50_K2,396,0.6693936147154679,0.0001
regir_kv0_sg,2,trained,nearest_target_distance,readout,0,id_train,10v10_K2,363,0.6813930444385182,0.001
regir_kv0_sg,2,trained,nearest_target_distance,readout,0,id_train,10v10_K3,363,0.7140367083764103,0.001
regir_kv0_sg,2,trained,nearest_target_distance,readout,0,id_val,10v10_K2,188,0.6505217185093568,0.001
regir_kv0_sg,2,trained,nearest_target_distance,readout,0,id_val,10v10_K3,183,0.7158714503025692,0.001
regir_kv0_sg,2,trained,nearest_target_distance,readout,0,id_test,10v10_K2,183,0.613912726804615,0.001
regir_kv0_sg,2,trained,nearest_target_distance,readout,0,id_test,10v10_K3,176,0.6512535069238765,0.001
regir_kv0_sg,2,trained,nearest_target_distance,readout,0,ood_explore,30v30_K12,386,0.7782238750273374,0.001
regir_kv0_sg,2,trained,nearest_target_distance,readout,0,ood_explore,30v30_K2,386,0.5646216288315329,0.001
regir_kv0_sg,2,trained,nearest_target_distance,readout,0,ood_explore,50v50_K2,381,0.5617668358803753,0.001
regir_kv0_sg,2,trained,nearest_target_distance,readout,0,ood_confirm,30v30_K12,378,0.7314324752776271,0.001
regir_kv0_sg,2,trained,nearest_target_distance,readout,0,ood_confirm,30v30_K2,384,0.5798381315889221,0.001
regir_kv0_sg,2,trained,nearest_target_distance,readout,0,ood_confirm,50v50_K2,396,0.5937764581780682,0.001
regir_kv0_sg,2,trained,nearest_target_distance,readout,1,id_train,10v10_K2,363,0.6326655174191127,0.001
regir_kv0_sg,2,trained,nearest_target_distance,readout,1,id_train,10v10_K3,363,0.64689565098989,0.001
regir_kv0_sg,2,trained,nearest_target_distance,readout,1,id_val,10v10_K2,188,0.5346974281605463,0.001
regir_kv0_sg,2,trained,nearest_target_distance,readout,1,id_val,10v10_K3,183,0.639652537223182,0.001
regir_kv0_sg,2,trained,nearest_target_distance,readout,1,id_test,10v10_K2,183,0.5517867357631437,0.001
regir_kv0_sg,2,trained,nearest_target_distance,readout,1,id_test,10v10_K3,176,0.529374520910023,0.001
regir_kv0_sg,2,trained,nearest_target_distance,readout,1,ood_explore,30v30_K12,386,0.6940197069176688,0.001
regir_kv0_sg,2,trained,nearest_target_distance,readout,1,ood_explore,30v30_K2,386,0.514731749594513,0.001
regir_kv0_sg,2,trained,nearest_target_distance,readout,1,ood_explore,50v50_K2,381,0.4661912558104715,0.001
regir_kv0_sg,2,trained,nearest_target_distance,readout,1,ood_confirm,30v30_K12,378,0.6683606103032478,0.001
regir_kv0_sg,2,trained,nearest_target_distance,readout,1,ood_confirm,30v30_K2,384,0.45910526158731046,0.001
regir_kv0_sg,2,trained,nearest_target_distance,readout,1,ood_confirm,50v50_K2,396,0.46664546655802086,0.001
regir_kv0_sg,2,trained,nearest_target_distance,readout,2,id_train,10v10_K2,363,0.5871910828148412,0.001
regir_kv0_sg,2,trained,nearest_target_distance,readout,2,id_train,10v10_K3,363,0.6243295913720044,0.001
regir_kv0_sg,2,trained,nearest_target_distance,readout,2,id_val,10v10_K2,188,0.49494931901692085,0.001
regir_kv0_sg,2,trained,nearest_target_distance,readout,2,id_val,10v10_K3,183,0.6156581090076976,0.001
regir_kv0_sg,2,trained,nearest_target_distance,readout,2,id_test,10v10_K2,183,0.5081490226930474,0.001
regir_kv0_sg,2,trained,nearest_target_distance,readout,2,id_test,10v10_K3,176,0.5239312068107107,0.001
regir_kv0_sg,2,trained,nearest_target_distance,readout,2,ood_explore,30v30_K12,386,0.6909862341232827,0.001
regir_kv0_sg,2,trained,nearest_target_distance,readout,2,ood_explore,30v30_K2,386,0.490528446301879,0.001
regir_kv0_sg,2,trained,nearest_target_distance,readout,2,ood_explore,50v50_K2,381,0.4259303543196852,0.001
regir_kv0_sg,2,trained,nearest_target_distance,readout,2,ood_confirm,30v30_K12,378,0.6832206224222246,0.001
regir_kv0_sg,2,trained,nearest_target_distance,readout,2,ood_confirm,30v30_K2,384,0.43702293515066004,0.001
regir_kv0_sg,2,trained,nearest_target_distance,readout,2,ood_confirm,50v50_K2,396,0.40703472676866115,0.001
regir_kv0_sg,2,trained,nearest_target_distance,readout,3,id_train,10v10_K2,363,0.6120576162855778,0.001
regir_kv0_sg,2,trained,nearest_target_distance,readout,3,id_train,10v10_K3,363,0.6185853019309022,0.001
regir_kv0_sg,2,trained,nearest_target_distance,readout,3,id_val,10v10_K2,188,0.48596882569952193,0.001
regir_kv0_sg,2,trained,nearest_target_distance,readout,3,id_val,10v10_K3,183,0.564053924821194,0.001
regir_kv0_sg,2,trained,nearest_target_distance,readout,3,id_test,10v10_K2,183,0.3983610778122493,0.001
regir_kv0_sg,2,trained,nearest_target_distance,readout,3,id_test,10v10_K3,176,0.45652023618118365,0.001
regir_kv0_sg,2,trained,nearest_target_distance,readout,3,ood_explore,30v30_K12,386,0.64927503405437,0.001
regir_kv0_sg,2,trained,nearest_target_distance,readout,3,ood_explore,30v30_K2,386,0.46824166670916756,0.001
regir_kv0_sg,2,trained,nearest_target_distance,readout,3,ood_explore,50v50_K2,381,0.35581061454618557,0.001
regir_kv0_sg,2,trained,nearest_target_distance,readout,3,ood_confirm,30v30_K12,378,0.626144250144832,0.001
regir_kv0_sg,2,trained,nearest_target_distance,readout,3,ood_confirm,30v30_K2,384,0.41696097942732635,0.001
regir_kv0_sg,2,trained,nearest_target_distance,readout,3,ood_confirm,50v50_K2,396,0.38393551411308235,0.001
regir_kv0_sg,2,random_init,threat,h_mean,0,id_train,10v10_K2,363,0.5049815227799094,100.0
regir_kv0_sg,2,random_init,threat,h_mean,0,id_train,10v10_K3,363,0.4395287815448641,100.0
regir_kv0_sg,2,random_init,threat,h_mean,0,id_val,10v10_K2,188,-0.22523998480743734,100.0
regir_kv0_sg,2,random_init,threat,h_mean,0,id_val,10v10_K3,183,0.20486928217137712,100.0
regir_kv0_sg,2,random_init,threat,h_mean,0,id_test,10v10_K2,183,0.13120905958792828,100.0
regir_kv0_sg,2,random_init,threat,h_mean,0,id_test,10v10_K3,176,0.18261333129688706,100.0
regir_kv0_sg,2,random_init,threat,h_mean,0,ood_explore,30v30_K12,386,0.10294699481728098,100.0
regir_kv0_sg,2,random_init,threat,h_mean,0,ood_explore,30v30_K2,386,0.27312358869644116,100.0
regir_kv0_sg,2,random_init,threat,h_mean,0,ood_explore,50v50_K2,381,0.2309488104496632,100.0
regir_kv0_sg,2,random_init,threat,h_mean,0,ood_confirm,30v30_K12,378,0.3344872848648148,100.0
regir_kv0_sg,2,random_init,threat,h_mean,0,ood_confirm,30v30_K2,384,0.22707646704926598,100.0
regir_kv0_sg,2,random_init,threat,h_mean,0,ood_confirm,50v50_K2,396,-0.05473615284606881,100.0
regir_kv0_sg,2,random_init,threat,h_mean,1,id_train,10v10_K2,363,0.5033646744147287,100.0
regir_kv0_sg,2,random_init,threat,h_mean,1,id_train,10v10_K3,363,0.43935033075546215,100.0
regir_kv0_sg,2,random_init,threat,h_mean,1,id_val,10v10_K2,188,-0.25456683061527907,100.0
regir_kv0_sg,2,random_init,threat,h_mean,1,id_val,10v10_K3,183,0.28112236817462877,100.0
regir_kv0_sg,2,random_init,threat,h_mean,1,id_test,10v10_K2,183,0.15418682672945572,100.0
regir_kv0_sg,2,random_init,threat,h_mean,1,id_test,10v10_K3,176,0.17304085746809272,100.0
regir_kv0_sg,2,random_init,threat,h_mean,1,ood_explore,30v30_K12,386,0.13036647929269896,100.0
regir_kv0_sg,2,random_init,threat,h_mean,1,ood_explore,30v30_K2,386,0.2868304289254142,100.0
regir_kv0_sg,2,random_init,threat,h_mean,1,ood_explore,50v50_K2,381,0.33549864990169176,100.0
regir_kv0_sg,2,random_init,threat,h_mean,1,ood_confirm,30v30_K12,378,0.35399604892703973,100.0
regir_kv0_sg,2,random_init,threat,h_mean,1,ood_confirm,30v30_K2,384,0.28165798069249415,100.0
regir_kv0_sg,2,random_init,threat,h_mean,1,ood_confirm,50v50_K2,396,0.036276146531164066,100.0
regir_kv0_sg,2,random_init,threat,h_mean,2,id_train,10v10_K2,363,0.49879680413480465,100.0
regir_kv0_sg,2,random_init,threat,h_mean,2,id_train,10v10_K3,363,0.390733191193804,100.0
regir_kv0_sg,2,random_init,threat,h_mean,2,id_val,10v10_K2,188,-0.3135469070073962,100.0
regir_kv0_sg,2,random_init,threat,h_mean,2,id_val,10v10_K3,183,0.2398196907773592,100.0
regir_kv0_sg,2,random_init,threat,h_mean,2,id_test,10v10_K2,183,0.19982066347636696,100.0
regir_kv0_sg,2,random_init,threat,h_mean,2,id_test,10v10_K3,176,0.1560510806295956,100.0
regir_kv0_sg,2,random_init,threat,h_mean,2,ood_explore,30v30_K12,386,0.13610219504975873,100.0
regir_kv0_sg,2,random_init,threat,h_mean,2,ood_explore,30v30_K2,386,0.28155319298136305,100.0
regir_kv0_sg,2,random_init,threat,h_mean,2,ood_explore,50v50_K2,381,0.2800554734219598,100.0
regir_kv0_sg,2,random_init,threat,h_mean,2,ood_confirm,30v30_K12,378,0.37039232872897476,100.0
regir_kv0_sg,2,random_init,threat,h_mean,2,ood_confirm,30v30_K2,384,0.2574197844532402,100.0
regir_kv0_sg,2,random_init,threat,h_mean,2,ood_confirm,50v50_K2,396,0.08298929568554236,100.0
regir_kv0_sg,2,random_init,threat,h_mean,3,id_train,10v10_K2,363,0.5042495572078252,100.0
regir_kv0_sg,2,random_init,threat,h_mean,3,id_train,10v10_K3,363,0.36907750900701386,100.0
regir_kv0_sg,2,random_init,threat,h_mean,3,id_val,10v10_K2,188,-0.3592450079655849,100.0
regir_kv0_sg,2,random_init,threat,h_mean,3,id_val,10v10_K3,183,0.20723927743288262,100.0
regir_kv0_sg,2,random_init,threat,h_mean,3,id_test,10v10_K2,183,0.16674390853507082,100.0
regir_kv0_sg,2,random_init,threat,h_mean,3,id_test,10v10_K3,176,0.14294547335983254,100.0
regir_kv0_sg,2,random_init,threat,h_mean,3,ood_explore,30v30_K12,386,0.13880563466680773,100.0
regir_kv0_sg,2,random_init,threat,h_mean,3,ood_explore,30v30_K2,386,0.28994122412597867,100.0
regir_kv0_sg,2,random_init,threat,h_mean,3,ood_explore,50v50_K2,381,0.27026158256953325,100.0
regir_kv0_sg,2,random_init,threat,h_mean,3,ood_confirm,30v30_K12,378,0.37443211285296796,100.0
regir_kv0_sg,2,random_init,threat,h_mean,3,ood_confirm,30v30_K2,384,0.2597833823796949,100.0
regir_kv0_sg,2,random_init,threat,h_mean,3,ood_confirm,50v50_K2,396,0.1202767790285102,100.0
regir_kv0_sg,2,random_init,threat,h_mean,4,id_train,10v10_K2,363,0.5027252034201455,100.0
regir_kv0_sg,2,random_init,threat,h_mean,4,id_train,10v10_K3,363,0.3572130805588585,100.0
regir_kv0_sg,2,random_init,threat,h_mean,4,id_val,10v10_K2,188,-0.41035723402738644,100.0
regir_kv0_sg,2,random_init,threat,h_mean,4,id_val,10v10_K3,183,0.19057608076571786,100.0
regir_kv0_sg,2,random_init,threat,h_mean,4,id_test,10v10_K2,183,0.15813952467492454,100.0
regir_kv0_sg,2,random_init,threat,h_mean,4,id_test,10v10_K3,176,0.11671002084860693,100.0
regir_kv0_sg,2,random_init,threat,h_mean,4,ood_explore,30v30_K12,386,0.14522625603439454,100.0
regir_kv0_sg,2,random_init,threat,h_mean,4,ood_explore,30v30_K2,386,0.29585060327841084,100.0
regir_kv0_sg,2,random_init,threat,h_mean,4,ood_explore,50v50_K2,381,0.2792133928600523,100.0
regir_kv0_sg,2,random_init,threat,h_mean,4,ood_confirm,30v30_K12,378,0.37729030160088906,100.0
regir_kv0_sg,2,random_init,threat,h_mean,4,ood_confirm,30v30_K2,384,0.26986351711820966,100.0
regir_kv0_sg,2,random_init,threat,h_mean,4,ood_confirm,50v50_K2,396,0.14123064449324818,100.0
regir_kv0_sg,2,random_init,unmarked_frac,h_mean,0,id_train,10v10_K2,363,0.45630686700149936,10.0
regir_kv0_sg,2,random_init,unmarked_frac,h_mean,0,id_train,10v10_K3,363,0.3961654034516344,10.0
regir_kv0_sg,2,random_init,unmarked_frac,h_mean,0,id_val,10v10_K2,188,0.021293855093921676,10.0
regir_kv0_sg,2,random_init,unmarked_frac,h_mean,0,id_val,10v10_K3,183,0.43777239477593,10.0
regir_kv0_sg,2,random_init,unmarked_frac,h_mean,0,id_test,10v10_K2,183,0.35503305184092027,10.0
regir_kv0_sg,2,random_init,unmarked_frac,h_mean,0,id_test,10v10_K3,176,0.34174218963009273,10.0
regir_kv0_sg,2,random_init,unmarked_frac,h_mean,0,ood_explore,30v30_K12,386,-0.001286850807846296,10.0
regir_kv0_sg,2,random_init,unmarked_frac,h_mean,0,ood_explore,30v30_K2,386,0.046428070440703184,10.0
regir_kv0_sg,2,random_init,unmarked_frac,h_mean,0,ood_explore,50v50_K2,381,-0.13013823268355607,10.0
regir_kv0_sg,2,random_init,unmarked_frac,h_mean,0,ood_confirm,30v30_K12,378,0.2442666200627751,10.0
regir_kv0_sg,2,random_init,unmarked_frac,h_mean,0,ood_confirm,30v30_K2,384,0.07802760730601199,10.0
regir_kv0_sg,2,random_init,unmarked_frac,h_mean,0,ood_confirm,50v50_K2,396,0.04034323444227994,10.0
regir_kv0_sg,2,random_init,unmarked_frac,h_mean,1,id_train,10v10_K2,363,0.405216464769254,10.0
regir_kv0_sg,2,random_init,unmarked_frac,h_mean,1,id_train,10v10_K3,363,0.3887072098572354,10.0
regir_kv0_sg,2,random_init,unmarked_frac,h_mean,1,id_val,10v10_K2,188,0.016067142019631886,10.0
regir_kv0_sg,2,random_init,unmarked_frac,h_mean,1,id_val,10v10_K3,183,0.4158930011206735,10.0
regir_kv0_sg,2,random_init,unmarked_frac,h_mean,1,id_test,10v10_K2,183,0.32554812179521186,10.0
regir_kv0_sg,2,random_init,unmarked_frac,h_mean,1,id_test,10v10_K3,176,0.304100366182147,10.0
regir_kv0_sg,2,random_init,unmarked_frac,h_mean,1,ood_explore,30v30_K12,386,0.02757187704088937,10.0
regir_kv0_sg,2,random_init,unmarked_frac,h_mean,1,ood_explore,30v30_K2,386,0.11804780029181228,10.0
regir_kv0_sg,2,random_init,unmarked_frac,h_mean,1,ood_explore,50v50_K2,381,-0.09798064605721546,10.0
regir_kv0_sg,2,random_init,unmarked_frac,h_mean,1,ood_confirm,30v30_K12,378,0.2463327024883023,10.0
regir_kv0_sg,2,random_init,unmarked_frac,h_mean,1,ood_confirm,30v30_K2,384,0.04946053468874889,10.0
regir_kv0_sg,2,random_init,unmarked_frac,h_mean,1,ood_confirm,50v50_K2,396,0.020106872179246782,10.0
regir_kv0_sg,2,random_init,unmarked_frac,h_mean,2,id_train,10v10_K2,363,0.40562368460972253,10.0
regir_kv0_sg,2,random_init,unmarked_frac,h_mean,2,id_train,10v10_K3,363,0.3739972483263623,10.0
regir_kv0_sg,2,random_init,unmarked_frac,h_mean,2,id_val,10v10_K2,188,0.06689255917198722,10.0
regir_kv0_sg,2,random_init,unmarked_frac,h_mean,2,id_val,10v10_K3,183,0.38374895454570157,10.0
regir_kv0_sg,2,random_init,unmarked_frac,h_mean,2,id_test,10v10_K2,183,0.321067359905836,10.0
regir_kv0_sg,2,random_init,unmarked_frac,h_mean,2,id_test,10v10_K3,176,0.24925546334991155,10.0
regir_kv0_sg,2,random_init,unmarked_frac,h_mean,2,ood_explore,30v30_K12,386,0.03663522073190595,10.0
regir_kv0_sg,2,random_init,unmarked_frac,h_mean,2,ood_explore,30v30_K2,386,0.12684784712645092,10.0
regir_kv0_sg,2,random_init,unmarked_frac,h_mean,2,ood_explore,50v50_K2,381,-0.07410757014387848,10.0
regir_kv0_sg,2,random_init,unmarked_frac,h_mean,2,ood_confirm,30v30_K12,378,0.27897453951834317,10.0
regir_kv0_sg,2,random_init,unmarked_frac,h_mean,2,ood_confirm,30v30_K2,384,0.03602195521878393,10.0
regir_kv0_sg,2,random_init,unmarked_frac,h_mean,2,ood_confirm,50v50_K2,396,-0.02254406459282765,10.0
regir_kv0_sg,2,random_init,unmarked_frac,h_mean,3,id_train,10v10_K2,363,0.39696149795021585,10.0
regir_kv0_sg,2,random_init,unmarked_frac,h_mean,3,id_train,10v10_K3,363,0.3599740779097296,10.0
regir_kv0_sg,2,random_init,unmarked_frac,h_mean,3,id_val,10v10_K2,188,0.08363330078390618,10.0
regir_kv0_sg,2,random_init,unmarked_frac,h_mean,3,id_val,10v10_K3,183,0.3759482056430399,10.0
regir_kv0_sg,2,random_init,unmarked_frac,h_mean,3,id_test,10v10_K2,183,0.3291401936782091,10.0
regir_kv0_sg,2,random_init,unmarked_frac,h_mean,3,id_test,10v10_K3,176,0.2587309449280819,10.0
regir_kv0_sg,2,random_init,unmarked_frac,h_mean,3,ood_explore,30v30_K12,386,0.03849168310533513,10.0
regir_kv0_sg,2,random_init,unmarked_frac,h_mean,3,ood_explore,30v30_K2,386,0.137182418729055,10.0
regir_kv0_sg,2,random_init,unmarked_frac,h_mean,3,ood_explore,50v50_K2,381,-0.07113360626175713,10.0
regir_kv0_sg,2,random_init,unmarked_frac,h_mean,3,ood_confirm,30v30_K12,378,0.2807047971289488,10.0
regir_kv0_sg,2,random_init,unmarked_frac,h_mean,3,ood_confirm,30v30_K2,384,0.04662462962219682,10.0
regir_kv0_sg,2,random_init,unmarked_frac,h_mean,3,ood_confirm,50v50_K2,396,-0.0012362936571057581,10.0
regir_kv0_sg,2,random_init,unmarked_frac,h_mean,4,id_train,10v10_K2,363,0.39599439029295413,10.0
regir_kv0_sg,2,random_init,unmarked_frac,h_mean,4,id_train,10v10_K3,363,0.3531400155422457,10.0
regir_kv0_sg,2,random_init,unmarked_frac,h_mean,4,id_val,10v10_K2,188,0.06598696951034355,10.0
regir_kv0_sg,2,random_init,unmarked_frac,h_mean,4,id_val,10v10_K3,183,0.36776495740998083,10.0
regir_kv0_sg,2,random_init,unmarked_frac,h_mean,4,id_test,10v10_K2,183,0.33474058373546656,10.0
regir_kv0_sg,2,random_init,unmarked_frac,h_mean,4,id_test,10v10_K3,176,0.2647458225319185,10.0
regir_kv0_sg,2,random_init,unmarked_frac,h_mean,4,ood_explore,30v30_K12,386,0.049536685989138185,10.0
regir_kv0_sg,2,random_init,unmarked_frac,h_mean,4,ood_explore,30v30_K2,386,0.11973048919555696,10.0
regir_kv0_sg,2,random_init,unmarked_frac,h_mean,4,ood_explore,50v50_K2,381,-0.09207910192353563,10.0
regir_kv0_sg,2,random_init,unmarked_frac,h_mean,4,ood_confirm,30v30_K12,378,0.2812697139090822,10.0
regir_kv0_sg,2,random_init,unmarked_frac,h_mean,4,ood_confirm,30v30_K2,384,0.044297283689332945,10.0
regir_kv0_sg,2,random_init,unmarked_frac,h_mean,4,ood_confirm,50v50_K2,396,-0.011902155766641886,10.0
regir_kv0_sg,2,random_init,centroid_gap,h_mean,0,id_train,10v10_K2,363,0.8712031055366063,1.0
regir_kv0_sg,2,random_init,centroid_gap,h_mean,0,id_train,10v10_K3,363,0.8540481758662194,1.0
regir_kv0_sg,2,random_init,centroid_gap,h_mean,0,id_val,10v10_K2,188,0.8702485827023282,1.0
regir_kv0_sg,2,random_init,centroid_gap,h_mean,0,id_val,10v10_K3,183,0.8219252300620314,1.0
regir_kv0_sg,2,random_init,centroid_gap,h_mean,0,id_test,10v10_K2,183,0.8199776597381013,1.0
regir_kv0_sg,2,random_init,centroid_gap,h_mean,0,id_test,10v10_K3,176,0.8167447701744869,1.0
regir_kv0_sg,2,random_init,centroid_gap,h_mean,0,ood_explore,30v30_K12,386,0.7899412276560714,1.0
regir_kv0_sg,2,random_init,centroid_gap,h_mean,0,ood_explore,30v30_K2,386,0.7981793797472736,1.0
regir_kv0_sg,2,random_init,centroid_gap,h_mean,0,ood_explore,50v50_K2,381,0.7441277725579405,1.0
regir_kv0_sg,2,random_init,centroid_gap,h_mean,0,ood_confirm,30v30_K12,378,0.7784732927031403,1.0
regir_kv0_sg,2,random_init,centroid_gap,h_mean,0,ood_confirm,30v30_K2,384,0.7389245620159011,1.0
regir_kv0_sg,2,random_init,centroid_gap,h_mean,0,ood_confirm,50v50_K2,396,0.7303582583397286,1.0
regir_kv0_sg,2,random_init,centroid_gap,h_mean,1,id_train,10v10_K2,363,0.8585501982577105,1.0
regir_kv0_sg,2,random_init,centroid_gap,h_mean,1,id_train,10v10_K3,363,0.8515265894739776,1.0
regir_kv0_sg,2,random_init,centroid_gap,h_mean,1,id_val,10v10_K2,188,0.8513772033453358,1.0
regir_kv0_sg,2,random_init,centroid_gap,h_mean,1,id_val,10v10_K3,183,0.7982372580623813,1.0
regir_kv0_sg,2,random_init,centroid_gap,h_mean,1,id_test,10v10_K2,183,0.7896820066045307,1.0
regir_kv0_sg,2,random_init,centroid_gap,h_mean,1,id_test,10v10_K3,176,0.8102306663075206,1.0
regir_kv0_sg,2,random_init,centroid_gap,h_mean,1,ood_explore,30v30_K12,386,0.800265067273557,1.0
regir_kv0_sg,2,random_init,centroid_gap,h_mean,1,ood_explore,30v30_K2,386,0.8316511052491112,1.0
regir_kv0_sg,2,random_init,centroid_gap,h_mean,1,ood_explore,50v50_K2,381,0.7742773649386375,1.0
regir_kv0_sg,2,random_init,centroid_gap,h_mean,1,ood_confirm,30v30_K12,378,0.7895565096845003,1.0
regir_kv0_sg,2,random_init,centroid_gap,h_mean,1,ood_confirm,30v30_K2,384,0.7618128551222404,1.0
regir_kv0_sg,2,random_init,centroid_gap,h_mean,1,ood_confirm,50v50_K2,396,0.7507527070266563,1.0
regir_kv0_sg,2,random_init,centroid_gap,h_mean,2,id_train,10v10_K2,363,0.8362067605717086,1.0
regir_kv0_sg,2,random_init,centroid_gap,h_mean,2,id_train,10v10_K3,363,0.8320796964281013,1.0
regir_kv0_sg,2,random_init,centroid_gap,h_mean,2,id_val,10v10_K2,188,0.8319327108408279,1.0
regir_kv0_sg,2,random_init,centroid_gap,h_mean,2,id_val,10v10_K3,183,0.7841683198484637,1.0
regir_kv0_sg,2,random_init,centroid_gap,h_mean,2,id_test,10v10_K2,183,0.7574948577691661,1.0
regir_kv0_sg,2,random_init,centroid_gap,h_mean,2,id_test,10v10_K3,176,0.8212153779622672,1.0
regir_kv0_sg,2,random_init,centroid_gap,h_mean,2,ood_explore,30v30_K12,386,0.7569515289392796,1.0
regir_kv0_sg,2,random_init,centroid_gap,h_mean,2,ood_explore,30v30_K2,386,0.7528127449066413,1.0
regir_kv0_sg,2,random_init,centroid_gap,h_mean,2,ood_explore,50v50_K2,381,0.6900648269775873,1.0
regir_kv0_sg,2,random_init,centroid_gap,h_mean,2,ood_confirm,30v30_K12,378,0.7435453717828073,1.0
regir_kv0_sg,2,random_init,centroid_gap,h_mean,2,ood_confirm,30v30_K2,384,0.705488963311522,1.0
regir_kv0_sg,2,random_init,centroid_gap,h_mean,2,ood_confirm,50v50_K2,396,0.6888813629327943,1.0
regir_kv0_sg,2,random_init,centroid_gap,h_mean,3,id_train,10v10_K2,363,0.8239903621378448,1.0
regir_kv0_sg,2,random_init,centroid_gap,h_mean,3,id_train,10v10_K3,363,0.8232789767870623,1.0
regir_kv0_sg,2,random_init,centroid_gap,h_mean,3,id_val,10v10_K2,188,0.8273450515895668,1.0
regir_kv0_sg,2,random_init,centroid_gap,h_mean,3,id_val,10v10_K3,183,0.7718540736361372,1.0
regir_kv0_sg,2,random_init,centroid_gap,h_mean,3,id_test,10v10_K2,183,0.7426742808391522,1.0
regir_kv0_sg,2,random_init,centroid_gap,h_mean,3,id_test,10v10_K3,176,0.8251100651759238,1.0
regir_kv0_sg,2,random_init,centroid_gap,h_mean,3,ood_explore,30v30_K12,386,0.7466528166715563,1.0
regir_kv0_sg,2,random_init,centroid_gap,h_mean,3,ood_explore,30v30_K2,386,0.7520282620045688,1.0
regir_kv0_sg,2,random_init,centroid_gap,h_mean,3,ood_explore,50v50_K2,381,0.6823076899258522,1.0
regir_kv0_sg,2,random_init,centroid_gap,h_mean,3,ood_confirm,30v30_K12,378,0.7470073020839891,1.0
regir_kv0_sg,2,random_init,centroid_gap,h_mean,3,ood_confirm,30v30_K2,384,0.6939660605441461,1.0
regir_kv0_sg,2,random_init,centroid_gap,h_mean,3,ood_confirm,50v50_K2,396,0.6756726069022587,1.0
regir_kv0_sg,2,random_init,centroid_gap,h_mean,4,id_train,10v10_K2,363,0.8193097859897207,1.0
regir_kv0_sg,2,random_init,centroid_gap,h_mean,4,id_train,10v10_K3,363,0.8164707518954664,1.0
regir_kv0_sg,2,random_init,centroid_gap,h_mean,4,id_val,10v10_K2,188,0.8217174072711751,1.0
regir_kv0_sg,2,random_init,centroid_gap,h_mean,4,id_val,10v10_K3,183,0.7611044076869162,1.0
regir_kv0_sg,2,random_init,centroid_gap,h_mean,4,id_test,10v10_K2,183,0.7447232310098661,1.0
regir_kv0_sg,2,random_init,centroid_gap,h_mean,4,id_test,10v10_K3,176,0.8186651817977035,1.0
regir_kv0_sg,2,random_init,centroid_gap,h_mean,4,ood_explore,30v30_K12,386,0.7509826586447648,1.0
regir_kv0_sg,2,random_init,centroid_gap,h_mean,4,ood_explore,30v30_K2,386,0.7578674699199613,1.0
regir_kv0_sg,2,random_init,centroid_gap,h_mean,4,ood_explore,50v50_K2,381,0.6850806230791144,1.0
regir_kv0_sg,2,random_init,centroid_gap,h_mean,4,ood_confirm,30v30_K12,378,0.7591061115829979,1.0
regir_kv0_sg,2,random_init,centroid_gap,h_mean,4,ood_confirm,30v30_K2,384,0.6903867120626411,1.0
regir_kv0_sg,2,random_init,centroid_gap,h_mean,4,ood_confirm,50v50_K2,396,0.6780075256963344,1.0
regir_kv0_sg,2,random_init,nearest_target_distance,h_mean,0,id_train,10v10_K2,363,0.8307344020693868,1.0
regir_kv0_sg,2,random_init,nearest_target_distance,h_mean,0,id_train,10v10_K3,363,0.8589377120135536,1.0
regir_kv0_sg,2,random_init,nearest_target_distance,h_mean,0,id_val,10v10_K2,188,0.7766381363001374,1.0
regir_kv0_sg,2,random_init,nearest_target_distance,h_mean,0,id_val,10v10_K3,183,0.8236918683150452,1.0
regir_kv0_sg,2,random_init,nearest_target_distance,h_mean,0,id_test,10v10_K2,183,0.8141237719935707,1.0
regir_kv0_sg,2,random_init,nearest_target_distance,h_mean,0,id_test,10v10_K3,176,0.8053335399787683,1.0
regir_kv0_sg,2,random_init,nearest_target_distance,h_mean,0,ood_explore,30v30_K12,386,0.71864540803999,1.0
regir_kv0_sg,2,random_init,nearest_target_distance,h_mean,0,ood_explore,30v30_K2,386,0.7311199705553295,1.0
regir_kv0_sg,2,random_init,nearest_target_distance,h_mean,0,ood_explore,50v50_K2,381,0.6369250489636913,1.0
regir_kv0_sg,2,random_init,nearest_target_distance,h_mean,0,ood_confirm,30v30_K12,378,0.5743741826009052,1.0
regir_kv0_sg,2,random_init,nearest_target_distance,h_mean,0,ood_confirm,30v30_K2,384,0.6587669602718781,1.0
regir_kv0_sg,2,random_init,nearest_target_distance,h_mean,0,ood_confirm,50v50_K2,396,0.6564404262589836,1.0
regir_kv0_sg,2,random_init,nearest_target_distance,h_mean,1,id_train,10v10_K2,363,0.8007292086786917,1.0
regir_kv0_sg,2,random_init,nearest_target_distance,h_mean,1,id_train,10v10_K3,363,0.8389964120276507,1.0
regir_kv0_sg,2,random_init,nearest_target_distance,h_mean,1,id_val,10v10_K2,188,0.7401518819458024,1.0
regir_kv0_sg,2,random_init,nearest_target_distance,h_mean,1,id_val,10v10_K3,183,0.8297884935878959,1.0
regir_kv0_sg,2,random_init,nearest_target_distance,h_mean,1,id_test,10v10_K2,183,0.7864020214482953,1.0
regir_kv0_sg,2,random_init,nearest_target_distance,h_mean,1,id_test,10v10_K3,176,0.7823120106483488,1.0
regir_kv0_sg,2,random_init,nearest_target_distance,h_mean,1,ood_explore,30v30_K12,386,0.7219469958949867,1.0
regir_kv0_sg,2,random_init,nearest_target_distance,h_mean,1,ood_explore,30v30_K2,386,0.711164129292138,1.0
regir_kv0_sg,2,random_init,nearest_target_distance,h_mean,1,ood_explore,50v50_K2,381,0.5862634766259417,1.0
regir_kv0_sg,2,random_init,nearest_target_distance,h_mean,1,ood_confirm,30v30_K12,378,0.640783025073381,1.0
regir_kv0_sg,2,random_init,nearest_target_distance,h_mean,1,ood_confirm,30v30_K2,384,0.6152135462273846,1.0
regir_kv0_sg,2,random_init,nearest_target_distance,h_mean,1,ood_confirm,50v50_K2,396,0.6001462373511962,1.0
regir_kv0_sg,2,random_init,nearest_target_distance,h_mean,2,id_train,10v10_K2,363,0.8058461872160515,1.0
regir_kv0_sg,2,random_init,nearest_target_distance,h_mean,2,id_train,10v10_K3,363,0.8434793722518726,1.0
regir_kv0_sg,2,random_init,nearest_target_distance,h_mean,2,id_val,10v10_K2,188,0.7389977512289657,1.0
regir_kv0_sg,2,random_init,nearest_target_distance,h_mean,2,id_val,10v10_K3,183,0.8259478029908927,1.0
regir_kv0_sg,2,random_init,nearest_target_distance,h_mean,2,id_test,10v10_K2,183,0.7878474889357381,1.0
regir_kv0_sg,2,random_init,nearest_target_distance,h_mean,2,id_test,10v10_K3,176,0.7807881925442894,1.0
regir_kv0_sg,2,random_init,nearest_target_distance,h_mean,2,ood_explore,30v30_K12,386,0.7260633283371735,1.0
regir_kv0_sg,2,random_init,nearest_target_distance,h_mean,2,ood_explore,30v30_K2,386,0.7245627972708146,1.0
regir_kv0_sg,2,random_init,nearest_target_distance,h_mean,2,ood_explore,50v50_K2,381,0.6075073025330983,1.0
regir_kv0_sg,2,random_init,nearest_target_distance,h_mean,2,ood_confirm,30v30_K12,378,0.6851117053009194,1.0
regir_kv0_sg,2,random_init,nearest_target_distance,h_mean,2,ood_confirm,30v30_K2,384,0.6129630585521271,1.0
regir_kv0_sg,2,random_init,nearest_target_distance,h_mean,2,ood_confirm,50v50_K2,396,0.6064103161342815,1.0
regir_kv0_sg,2,random_init,nearest_target_distance,h_mean,3,id_train,10v10_K2,363,0.7941758732401941,1.0
regir_kv0_sg,2,random_init,nearest_target_distance,h_mean,3,id_train,10v10_K3,363,0.8385780316836942,1.0
regir_kv0_sg,2,random_init,nearest_target_distance,h_mean,3,id_val,10v10_K2,188,0.7183937669091153,1.0
regir_kv0_sg,2,random_init,nearest_target_distance,h_mean,3,id_val,10v10_K3,183,0.80940800103082,1.0
regir_kv0_sg,2,random_init,nearest_target_distance,h_mean,3,id_test,10v10_K2,183,0.7652677114456564,1.0
regir_kv0_sg,2,random_init,nearest_target_distance,h_mean,3,id_test,10v10_K3,176,0.7733198190470949,1.0
regir_kv0_sg,2,random_init,nearest_target_distance,h_mean,3,ood_explore,30v30_K12,386,0.6937527436728486,1.0
regir_kv0_sg,2,random_init,nearest_target_distance,h_mean,3,ood_explore,30v30_K2,386,0.6970599190252873,1.0
regir_kv0_sg,2,random_init,nearest_target_distance,h_mean,3,ood_explore,50v50_K2,381,0.5497876293352006,1.0
regir_kv0_sg,2,random_init,nearest_target_distance,h_mean,3,ood_confirm,30v30_K12,378,0.6648394235714072,1.0
regir_kv0_sg,2,random_init,nearest_target_distance,h_mean,3,ood_confirm,30v30_K2,384,0.5597296822079182,1.0
regir_kv0_sg,2,random_init,nearest_target_distance,h_mean,3,ood_confirm,50v50_K2,396,0.541223942813051,1.0
regir_kv0_sg,2,random_init,nearest_target_distance,h_mean,4,id_train,10v10_K2,363,0.7909144392843459,1.0
regir_kv0_sg,2,random_init,nearest_target_distance,h_mean,4,id_train,10v10_K3,363,0.8366131079350031,1.0
regir_kv0_sg,2,random_init,nearest_target_distance,h_mean,4,id_val,10v10_K2,188,0.7056678269344414,1.0
regir_kv0_sg,2,random_init,nearest_target_distance,h_mean,4,id_val,10v10_K3,183,0.8076998520454148,1.0
regir_kv0_sg,2,random_init,nearest_target_distance,h_mean,4,id_test,10v10_K2,183,0.7610372247179344,1.0
regir_kv0_sg,2,random_init,nearest_target_distance,h_mean,4,id_test,10v10_K3,176,0.7668611258567098,1.0
regir_kv0_sg,2,random_init,nearest_target_distance,h_mean,4,ood_explore,30v30_K12,386,0.7150585454791734,1.0
regir_kv0_sg,2,random_init,nearest_target_distance,h_mean,4,ood_explore,30v30_K2,386,0.6788616085697514,1.0
regir_kv0_sg,2,random_init,nearest_target_distance,h_mean,4,ood_explore,50v50_K2,381,0.5218032966002273,1.0
regir_kv0_sg,2,random_init,nearest_target_distance,h_mean,4,ood_confirm,30v30_K12,378,0.7061123453302829,1.0
regir_kv0_sg,2,random_init,nearest_target_distance,h_mean,4,ood_confirm,30v30_K2,384,0.523809774415992,1.0
regir_kv0_sg,2,random_init,nearest_target_distance,h_mean,4,ood_confirm,50v50_K2,396,0.5051602227602165,1.0
regir_kv0_sg,2,random_init,threat,readout,0,id_train,10v10_K2,363,0.4641940921497547,100.0
regir_kv0_sg,2,random_init,threat,readout,0,id_train,10v10_K3,363,0.37695805806358174,100.0
regir_kv0_sg,2,random_init,threat,readout,0,id_val,10v10_K2,188,-0.2345312557891004,100.0
regir_kv0_sg,2,random_init,threat,readout,0,id_val,10v10_K3,183,0.24413226479419536,100.0
regir_kv0_sg,2,random_init,threat,readout,0,id_test,10v10_K2,183,0.1453835159253064,100.0
regir_kv0_sg,2,random_init,threat,readout,0,id_test,10v10_K3,176,0.16116800950021637,100.0
regir_kv0_sg,2,random_init,threat,readout,0,ood_explore,30v30_K12,386,0.09226996600907733,100.0
regir_kv0_sg,2,random_init,threat,readout,0,ood_explore,30v30_K2,386,0.3417044157187984,100.0
regir_kv0_sg,2,random_init,threat,readout,0,ood_explore,50v50_K2,381,0.3086657346630469,100.0
regir_kv0_sg,2,random_init,threat,readout,0,ood_confirm,30v30_K12,378,0.3419174092751681,100.0
regir_kv0_sg,2,random_init,threat,readout,0,ood_confirm,30v30_K2,384,0.3113861003648394,100.0
regir_kv0_sg,2,random_init,threat,readout,0,ood_confirm,50v50_K2,396,0.08837781021633939,100.0
regir_kv0_sg,2,random_init,threat,readout,1,id_train,10v10_K2,363,0.46871141368086155,100.0
regir_kv0_sg,2,random_init,threat,readout,1,id_train,10v10_K3,363,0.33528364697686674,100.0
regir_kv0_sg,2,random_init,threat,readout,1,id_val,10v10_K2,188,-0.3189021784527757,100.0
regir_kv0_sg,2,random_init,threat,readout,1,id_val,10v10_K3,183,0.1888753479482992,100.0
regir_kv0_sg,2,random_init,threat,readout,1,id_test,10v10_K2,183,0.1988466966803657,100.0
regir_kv0_sg,2,random_init,threat,readout,1,id_test,10v10_K3,176,0.11309747507140233,100.0
regir_kv0_sg,2,random_init,threat,readout,1,ood_explore,30v30_K12,386,0.10294929070846803,100.0
regir_kv0_sg,2,random_init,threat,readout,1,ood_explore,30v30_K2,386,0.310327268865504,100.0
regir_kv0_sg,2,random_init,threat,readout,1,ood_explore,50v50_K2,381,0.2360909594629952,100.0
regir_kv0_sg,2,random_init,threat,readout,1,ood_confirm,30v30_K12,378,0.35638688669250795,100.0
regir_kv0_sg,2,random_init,threat,readout,1,ood_confirm,30v30_K2,384,0.26497171074814296,100.0
regir_kv0_sg,2,random_init,threat,readout,1,ood_confirm,50v50_K2,396,0.12788940082112,100.0
regir_kv0_sg,2,random_init,threat,readout,2,id_train,10v10_K2,363,0.47190658632569493,100.0
regir_kv0_sg,2,random_init,threat,readout,2,id_train,10v10_K3,363,0.3226428253910494,100.0
regir_kv0_sg,2,random_init,threat,readout,2,id_val,10v10_K2,188,-0.3846832871508752,100.0
regir_kv0_sg,2,random_init,threat,readout,2,id_val,10v10_K3,183,0.1420362156253543,100.0
regir_kv0_sg,2,random_init,threat,readout,2,id_test,10v10_K2,183,0.14097689593327123,100.0
regir_kv0_sg,2,random_init,threat,readout,2,id_test,10v10_K3,176,0.11076241008028365,100.0
regir_kv0_sg,2,random_init,threat,readout,2,ood_explore,30v30_K12,386,0.11234922749909926,100.0
regir_kv0_sg,2,random_init,threat,readout,2,ood_explore,30v30_K2,386,0.27163905768177266,100.0
regir_kv0_sg,2,random_init,threat,readout,2,ood_explore,50v50_K2,381,0.22070882523297175,100.0
regir_kv0_sg,2,random_init,threat,readout,2,ood_confirm,30v30_K12,378,0.3665932713349589,100.0
regir_kv0_sg,2,random_init,threat,readout,2,ood_confirm,30v30_K2,384,0.25691582029159477,100.0
regir_kv0_sg,2,random_init,threat,readout,2,ood_confirm,50v50_K2,396,0.13522715896615956,100.0
regir_kv0_sg,2,random_init,threat,readout,3,id_train,10v10_K2,363,0.47067280776999465,100.0
regir_kv0_sg,2,random_init,threat,readout,3,id_train,10v10_K3,363,0.32516243723079663,100.0
regir_kv0_sg,2,random_init,threat,readout,3,id_val,10v10_K2,188,-0.40951047322109924,100.0
regir_kv0_sg,2,random_init,threat,readout,3,id_val,10v10_K3,183,0.12490164743216614,100.0
regir_kv0_sg,2,random_init,threat,readout,3,id_test,10v10_K2,183,0.11867639296804322,100.0
regir_kv0_sg,2,random_init,threat,readout,3,id_test,10v10_K3,176,0.10766519851380385,100.0
regir_kv0_sg,2,random_init,threat,readout,3,ood_explore,30v30_K12,386,0.12507696036543492,100.0
regir_kv0_sg,2,random_init,threat,readout,3,ood_explore,30v30_K2,386,0.2603826132609498,100.0
regir_kv0_sg,2,random_init,threat,readout,3,ood_explore,50v50_K2,381,0.2342402513252807,100.0
regir_kv0_sg,2,random_init,threat,readout,3,ood_confirm,30v30_K12,378,0.37440709401545513,100.0
regir_kv0_sg,2,random_init,threat,readout,3,ood_confirm,30v30_K2,384,0.267074705148581,100.0
regir_kv0_sg,2,random_init,threat,readout,3,ood_confirm,50v50_K2,396,0.14011927912556266,100.0
regir_kv0_sg,2,random_init,unmarked_frac,readout,0,id_train,10v10_K2,363,0.42285841526987145,0.1
regir_kv0_sg,2,random_init,unmarked_frac,readout,0,id_train,10v10_K3,363,0.4115366311752101,0.1
regir_kv0_sg,2,random_init,unmarked_frac,readout,0,id_val,10v10_K2,188,0.018527308981765467,0.1
regir_kv0_sg,2,random_init,unmarked_frac,readout,0,id_val,10v10_K3,183,0.4236737431641471,0.1
regir_kv0_sg,2,random_init,unmarked_frac,readout,0,id_test,10v10_K2,183,0.299403209021023,0.1
regir_kv0_sg,2,random_init,unmarked_frac,readout,0,id_test,10v10_K3,176,0.3147891892977156,0.1
regir_kv0_sg,2,random_init,unmarked_frac,readout,0,ood_explore,30v30_K12,386,-0.0016643511387210985,0.1
regir_kv0_sg,2,random_init,unmarked_frac,readout,0,ood_explore,30v30_K2,386,0.06959914530506717,0.1
regir_kv0_sg,2,random_init,unmarked_frac,readout,0,ood_explore,50v50_K2,381,-0.12076891970664483,0.1
regir_kv0_sg,2,random_init,unmarked_frac,readout,0,ood_confirm,30v30_K12,378,0.21723450086996776,0.1
regir_kv0_sg,2,random_init,unmarked_frac,readout,0,ood_confirm,30v30_K2,384,0.048058495664883294,0.1
regir_kv0_sg,2,random_init,unmarked_frac,readout,0,ood_confirm,50v50_K2,396,0.057529826807868,0.1
regir_kv0_sg,2,random_init,unmarked_frac,readout,1,id_train,10v10_K2,363,0.4338672713259317,0.1
regir_kv0_sg,2,random_init,unmarked_frac,readout,1,id_train,10v10_K3,363,0.40747392994638254,0.1
regir_kv0_sg,2,random_init,unmarked_frac,readout,1,id_val,10v10_K2,188,0.03673084287453732,0.1
regir_kv0_sg,2,random_init,unmarked_frac,readout,1,id_val,10v10_K3,183,0.3669275042015435,0.1
regir_kv0_sg,2,random_init,unmarked_frac,readout,1,id_test,10v10_K2,183,0.3118265868131417,0.1
regir_kv0_sg,2,random_init,unmarked_frac,readout,1,id_test,10v10_K3,176,0.2220254692849275,0.1
regir_kv0_sg,2,random_init,unmarked_frac,readout,1,ood_explore,30v30_K12,386,0.009414496788870408,0.1
regir_kv0_sg,2,random_init,unmarked_frac,readout,1,ood_explore,30v30_K2,386,0.04926278728106104,0.1
regir_kv0_sg,2,random_init,unmarked_frac,readout,1,ood_explore,50v50_K2,381,-0.17723069451349582,0.1
regir_kv0_sg,2,random_init,unmarked_frac,readout,1,ood_confirm,30v30_K12,378,0.25531303784255965,0.1
regir_kv0_sg,2,random_init,unmarked_frac,readout,1,ood_confirm,30v30_K2,384,-0.041957215668169345,0.1
regir_kv0_sg,2,random_init,unmarked_frac,readout,1,ood_confirm,50v50_K2,396,-0.08318468946865742,0.1
regir_kv0_sg,2,random_init,unmarked_frac,readout,2,id_train,10v10_K2,363,0.4188512374820178,0.1
regir_kv0_sg,2,random_init,unmarked_frac,readout,2,id_train,10v10_K3,363,0.38566537017112545,0.1
regir_kv0_sg,2,random_init,unmarked_frac,readout,2,id_val,10v10_K2,188,0.1003455373203147,0.1
regir_kv0_sg,2,random_init,unmarked_frac,readout,2,id_val,10v10_K3,183,0.36893267295286336,0.1
regir_kv0_sg,2,random_init,unmarked_frac,readout,2,id_test,10v10_K2,183,0.33235848091095244,0.1
regir_kv0_sg,2,random_init,unmarked_frac,readout,2,id_test,10v10_K3,176,0.23654450984054232,0.1
regir_kv0_sg,2,random_init,unmarked_frac,readout,2,ood_explore,30v30_K12,386,0.04371432803263964,0.1
regir_kv0_sg,2,random_init,unmarked_frac,readout,2,ood_explore,30v30_K2,386,0.11183554144606422,0.1
regir_kv0_sg,2,random_init,unmarked_frac,readout,2,ood_explore,50v50_K2,381,-0.16560947118494518,0.1
regir_kv0_sg,2,random_init,unmarked_frac,readout,2,ood_confirm,30v30_K12,378,0.2881475538995081,0.1
regir_kv0_sg,2,random_init,unmarked_frac,readout,2,ood_confirm,30v30_K2,384,-0.012469182106321197,0.1
regir_kv0_sg,2,random_init,unmarked_frac,readout,2,ood_confirm,50v50_K2,396,-0.049634492802774766,0.1
regir_kv0_sg,2,random_init,unmarked_frac,readout,3,id_train,10v10_K2,363,0.41500020624280154,0.1
regir_kv0_sg,2,random_init,unmarked_frac,readout,3,id_train,10v10_K3,363,0.36946341918944603,0.1
regir_kv0_sg,2,random_init,unmarked_frac,readout,3,id_val,10v10_K2,188,0.09371147971483074,0.1
regir_kv0_sg,2,random_init,unmarked_frac,readout,3,id_val,10v10_K3,183,0.3637578116202287,0.1
regir_kv0_sg,2,random_init,unmarked_frac,readout,3,id_test,10v10_K2,183,0.3195049308278832,0.1
regir_kv0_sg,2,random_init,unmarked_frac,readout,3,id_test,10v10_K3,176,0.26070215687340115,0.1
regir_kv0_sg,2,random_init,unmarked_frac,readout,3,ood_explore,30v30_K12,386,0.06378940517777654,0.1
regir_kv0_sg,2,random_init,unmarked_frac,readout,3,ood_explore,30v30_K2,386,0.11642741926595235,0.1
regir_kv0_sg,2,random_init,unmarked_frac,readout,3,ood_explore,50v50_K2,381,-0.16854488984513138,0.1
regir_kv0_sg,2,random_init,unmarked_frac,readout,3,ood_confirm,30v30_K12,378,0.2758439466325363,0.1
regir_kv0_sg,2,random_init,unmarked_frac,readout,3,ood_confirm,30v30_K2,384,0.019124217087275297,0.1
regir_kv0_sg,2,random_init,unmarked_frac,readout,3,ood_confirm,50v50_K2,396,-0.02789356051754943,0.1
regir_kv0_sg,2,random_init,centroid_gap,readout,0,id_train,10v10_K2,363,0.85487667031847,0.01
regir_kv0_sg,2,random_init,centroid_gap,readout,0,id_train,10v10_K3,363,0.842568575189476,0.01
regir_kv0_sg,2,random_init,centroid_gap,readout,0,id_val,10v10_K2,188,0.8542722901498303,0.01
regir_kv0_sg,2,random_init,centroid_gap,readout,0,id_val,10v10_K3,183,0.7914936986464778,0.01
regir_kv0_sg,2,random_init,centroid_gap,readout,0,id_test,10v10_K2,183,0.7852283193543046,0.01
regir_kv0_sg,2,random_init,centroid_gap,readout,0,id_test,10v10_K3,176,0.8242071975327198,0.01
regir_kv0_sg,2,random_init,centroid_gap,readout,0,ood_explore,30v30_K12,386,0.8122009904158625,0.01
regir_kv0_sg,2,random_init,centroid_gap,readout,0,ood_explore,30v30_K2,386,0.8241328286178529,0.01
regir_kv0_sg,2,random_init,centroid_gap,readout,0,ood_explore,50v50_K2,381,0.7614856300594166,0.01
regir_kv0_sg,2,random_init,centroid_gap,readout,0,ood_confirm,30v30_K12,378,0.8054799513790942,0.01
regir_kv0_sg,2,random_init,centroid_gap,readout,0,ood_confirm,30v30_K2,384,0.7451546323168786,0.01
regir_kv0_sg,2,random_init,centroid_gap,readout,0,ood_confirm,50v50_K2,396,0.7380101379930256,0.01
regir_kv0_sg,2,random_init,centroid_gap,readout,1,id_train,10v10_K2,363,0.8373734737353044,0.01
regir_kv0_sg,2,random_init,centroid_gap,readout,1,id_train,10v10_K3,363,0.8278780056821236,0.01
regir_kv0_sg,2,random_init,centroid_gap,readout,1,id_val,10v10_K2,188,0.8348562746336363,0.01
regir_kv0_sg,2,random_init,centroid_gap,readout,1,id_val,10v10_K3,183,0.7842891464713571,0.01
regir_kv0_sg,2,random_init,centroid_gap,readout,1,id_test,10v10_K2,183,0.7609450931374547,0.01
regir_kv0_sg,2,random_init,centroid_gap,readout,1,id_test,10v10_K3,176,0.8170969189662809,0.01
regir_kv0_sg,2,random_init,centroid_gap,readout,1,ood_explore,30v30_K12,386,0.7723109178838472,0.01
regir_kv0_sg,2,random_init,centroid_gap,readout,1,ood_explore,30v30_K2,386,0.7351396502363161,0.01
regir_kv0_sg,2,random_init,centroid_gap,readout,1,ood_explore,50v50_K2,381,0.6643224980470259,0.01
regir_kv0_sg,2,random_init,centroid_gap,readout,1,ood_confirm,30v30_K12,378,0.7547251625884832,0.01
regir_kv0_sg,2,random_init,centroid_gap,readout,1,ood_confirm,30v30_K2,384,0.682928445835109,0.01
regir_kv0_sg,2,random_init,centroid_gap,readout,1,ood_confirm,50v50_K2,396,0.6587846971754356,0.01
regir_kv0_sg,2,random_init,centroid_gap,readout,2,id_train,10v10_K2,363,0.8235857944687834,0.01
regir_kv0_sg,2,random_init,centroid_gap,readout,2,id_train,10v10_K3,363,0.8233834278126511,0.01
regir_kv0_sg,2,random_init,centroid_gap,readout,2,id_val,10v10_K2,188,0.8241268769661381,0.01
regir_kv0_sg,2,random_init,centroid_gap,readout,2,id_val,10v10_K3,183,0.7690838690483154,0.01
regir_kv0_sg,2,random_init,centroid_gap,readout,2,id_test,10v10_K2,183,0.735351239056248,0.01
regir_kv0_sg,2,random_init,centroid_gap,readout,2,id_test,10v10_K3,176,0.8183034983623616,0.01
regir_kv0_sg,2,random_init,centroid_gap,readout,2,ood_explore,30v30_K12,386,0.7484628289872481,0.01
regir_kv0_sg,2,random_init,centroid_gap,readout,2,ood_explore,30v30_K2,386,0.7416420825330432,0.01
regir_kv0_sg,2,random_init,centroid_gap,readout,2,ood_explore,50v50_K2,381,0.6580658395345178,0.01
regir_kv0_sg,2,random_init,centroid_gap,readout,2,ood_confirm,30v30_K12,378,0.751919753951688,0.01
regir_kv0_sg,2,random_init,centroid_gap,readout,2,ood_confirm,30v30_K2,384,0.6763353153126809,0.01
regir_kv0_sg,2,random_init,centroid_gap,readout,2,ood_confirm,50v50_K2,396,0.654585240843568,0.01
regir_kv0_sg,2,random_init,centroid_gap,readout,3,id_train,10v10_K2,363,0.8162610718172909,0.01
regir_kv0_sg,2,random_init,centroid_gap,readout,3,id_train,10v10_K3,363,0.8146516631321855,0.01
regir_kv0_sg,2,random_init,centroid_gap,readout,3,id_val,10v10_K2,188,0.8203944299888684,0.01
regir_kv0_sg,2,random_init,centroid_gap,readout,3,id_val,10v10_K3,183,0.7538480202560969,0.01
regir_kv0_sg,2,random_init,centroid_gap,readout,3,id_test,10v10_K2,183,0.7353789246719908,0.01
regir_kv0_sg,2,random_init,centroid_gap,readout,3,id_test,10v10_K3,176,0.8108524751254793,0.01
regir_kv0_sg,2,random_init,centroid_gap,readout,3,ood_explore,30v30_K12,386,0.7195083217956635,0.01
regir_kv0_sg,2,random_init,centroid_gap,readout,3,ood_explore,30v30_K2,386,0.7556232980904054,0.01
regir_kv0_sg,2,random_init,centroid_gap,readout,3,ood_explore,50v50_K2,381,0.674351968974233,0.01
regir_kv0_sg,2,random_init,centroid_gap,readout,3,ood_confirm,30v30_K12,378,0.7271890567878254,0.01
regir_kv0_sg,2,random_init,centroid_gap,readout,3,ood_confirm,30v30_K2,384,0.6881326291645341,0.01
regir_kv0_sg,2,random_init,centroid_gap,readout,3,ood_confirm,50v50_K2,396,0.6758470845672129,0.01
regir_kv0_sg,2,random_init,nearest_target_distance,readout,0,id_train,10v10_K2,363,0.8011787316354114,0.0001
regir_kv0_sg,2,random_init,nearest_target_distance,readout,0,id_train,10v10_K3,363,0.8379199123357393,0.0001
regir_kv0_sg,2,random_init,nearest_target_distance,readout,0,id_val,10v10_K2,188,0.7351909375835086,0.0001
regir_kv0_sg,2,random_init,nearest_target_distance,readout,0,id_val,10v10_K3,183,0.8211591005238378,0.0001
regir_kv0_sg,2,random_init,nearest_target_distance,readout,0,id_test,10v10_K2,183,0.779959042509207,0.0001
regir_kv0_sg,2,random_init,nearest_target_distance,readout,0,id_test,10v10_K3,176,0.7802201632272385,0.0001
regir_kv0_sg,2,random_init,nearest_target_distance,readout,0,ood_explore,30v30_K12,386,0.7052978209171543,0.0001
regir_kv0_sg,2,random_init,nearest_target_distance,readout,0,ood_explore,30v30_K2,386,0.7116121739697219,0.0001
regir_kv0_sg,2,random_init,nearest_target_distance,readout,0,ood_explore,50v50_K2,381,0.576738401505457,0.0001
regir_kv0_sg,2,random_init,nearest_target_distance,readout,0,ood_confirm,30v30_K12,378,0.6072554101727129,0.0001
regir_kv0_sg,2,random_init,nearest_target_distance,readout,0,ood_confirm,30v30_K2,384,0.6110417444770203,0.0001
regir_kv0_sg,2,random_init,nearest_target_distance,readout,0,ood_confirm,50v50_K2,396,0.5940516100004218,0.0001
regir_kv0_sg,2,random_init,nearest_target_distance,readout,1,id_train,10v10_K2,363,0.8047568246545266,0.0001
regir_kv0_sg,2,random_init,nearest_target_distance,readout,1,id_train,10v10_K3,363,0.8391333228446625,0.0001
regir_kv0_sg,2,random_init,nearest_target_distance,readout,1,id_val,10v10_K2,188,0.7378285417657415,0.0001
regir_kv0_sg,2,random_init,nearest_target_distance,readout,1,id_val,10v10_K3,183,0.8280579553004336,0.0001
regir_kv0_sg,2,random_init,nearest_target_distance,readout,1,id_test,10v10_K2,183,0.78899850811976,0.0001
regir_kv0_sg,2,random_init,nearest_target_distance,readout,1,id_test,10v10_K3,176,0.764193576545118,0.0001
regir_kv0_sg,2,random_init,nearest_target_distance,readout,1,ood_explore,30v30_K12,386,0.731150557888371,0.0001
regir_kv0_sg,2,random_init,nearest_target_distance,readout,1,ood_explore,30v30_K2,386,0.7222222455575908,0.0001
regir_kv0_sg,2,random_init,nearest_target_distance,readout,1,ood_explore,50v50_K2,381,0.5923742539420873,0.0001
regir_kv0_sg,2,random_init,nearest_target_distance,readout,1,ood_confirm,30v30_K12,378,0.6874994115255605,0.0001
regir_kv0_sg,2,random_init,nearest_target_distance,readout,1,ood_confirm,30v30_K2,384,0.6096995412748297,0.0001
regir_kv0_sg,2,random_init,nearest_target_distance,readout,1,ood_confirm,50v50_K2,396,0.5977858357134411,0.0001
regir_kv0_sg,2,random_init,nearest_target_distance,readout,2,id_train,10v10_K2,363,0.79441873301746,0.0001
regir_kv0_sg,2,random_init,nearest_target_distance,readout,2,id_train,10v10_K3,363,0.8404520600176031,0.0001
regir_kv0_sg,2,random_init,nearest_target_distance,readout,2,id_val,10v10_K2,188,0.7167769052276682,0.0001
regir_kv0_sg,2,random_init,nearest_target_distance,readout,2,id_val,10v10_K3,183,0.8093775720369063,0.0001
regir_kv0_sg,2,random_init,nearest_target_distance,readout,2,id_test,10v10_K2,183,0.7617079890313947,0.0001
regir_kv0_sg,2,random_init,nearest_target_distance,readout,2,id_test,10v10_K3,176,0.754278549964685,0.0001
regir_kv0_sg,2,random_init,nearest_target_distance,readout,2,ood_explore,30v30_K12,386,0.7119959210879441,0.0001
regir_kv0_sg,2,random_init,nearest_target_distance,readout,2,ood_explore,30v30_K2,386,0.7001712498982434,0.0001
regir_kv0_sg,2,random_init,nearest_target_distance,readout,2,ood_explore,50v50_K2,381,0.525270498513351,0.0001
regir_kv0_sg,2,random_init,nearest_target_distance,readout,2,ood_confirm,30v30_K12,378,0.6786765466985969,0.0001
regir_kv0_sg,2,random_init,nearest_target_distance,readout,2,ood_confirm,30v30_K2,384,0.5544185760427809,0.0001
regir_kv0_sg,2,random_init,nearest_target_distance,readout,2,ood_confirm,50v50_K2,396,0.5396510699766153,0.0001
regir_kv0_sg,2,random_init,nearest_target_distance,readout,3,id_train,10v10_K2,363,0.7966912205545413,0.0001
regir_kv0_sg,2,random_init,nearest_target_distance,readout,3,id_train,10v10_K3,363,0.8377624865302508,0.0001
regir_kv0_sg,2,random_init,nearest_target_distance,readout,3,id_val,10v10_K2,188,0.7061126421150044,0.0001
regir_kv0_sg,2,random_init,nearest_target_distance,readout,3,id_val,10v10_K3,183,0.802457866363149,0.0001
regir_kv0_sg,2,random_init,nearest_target_distance,readout,3,id_test,10v10_K2,183,0.7605968796128038,0.0001
regir_kv0_sg,2,random_init,nearest_target_distance,readout,3,id_test,10v10_K3,176,0.7507954505194183,0.0001
regir_kv0_sg,2,random_init,nearest_target_distance,readout,3,ood_explore,30v30_K12,386,0.7138174060622282,0.0001
regir_kv0_sg,2,random_init,nearest_target_distance,readout,3,ood_explore,30v30_K2,386,0.6764800981390836,0.0001
regir_kv0_sg,2,random_init,nearest_target_distance,readout,3,ood_explore,50v50_K2,381,0.49987972986421547,0.0001
regir_kv0_sg,2,random_init,nearest_target_distance,readout,3,ood_confirm,30v30_K12,378,0.7006527806853737,0.0001
regir_kv0_sg,2,random_init,nearest_target_distance,readout,3,ood_confirm,30v30_K2,384,0.5104501529405109,0.0001
regir_kv0_sg,2,random_init,nearest_target_distance,readout,3,ood_confirm,50v50_K2,396,0.49795243300426617,0.0001
regir_kv0_sg,2,shuffled_labels,threat,h_mean,0,id_train,10v10_K2,363,-0.02557919906076478,100.0
regir_kv0_sg,2,shuffled_labels,threat,h_mean,0,id_train,10v10_K3,363,-0.04815550251496714,100.0
regir_kv0_sg,2,shuffled_labels,threat,h_mean,0,id_val,10v10_K2,188,-0.4154125525019996,100.0
regir_kv0_sg,2,shuffled_labels,threat,h_mean,0,id_val,10v10_K3,183,-0.03710241354694643,100.0
regir_kv0_sg,2,shuffled_labels,threat,h_mean,0,id_test,10v10_K2,183,-0.10582244240157812,100.0
regir_kv0_sg,2,shuffled_labels,threat,h_mean,0,id_test,10v10_K3,176,-0.10674441745401864,100.0
regir_kv0_sg,2,shuffled_labels,threat,h_mean,0,ood_explore,30v30_K12,386,-0.09884468452769424,100.0
regir_kv0_sg,2,shuffled_labels,threat,h_mean,0,ood_explore,30v30_K2,386,-0.01796255738499397,100.0
regir_kv0_sg,2,shuffled_labels,threat,h_mean,0,ood_explore,50v50_K2,381,-0.0963916116896113,100.0
regir_kv0_sg,2,shuffled_labels,threat,h_mean,0,ood_confirm,30v30_K12,378,-0.14365077476101962,100.0
regir_kv0_sg,2,shuffled_labels,threat,h_mean,0,ood_confirm,30v30_K2,384,-0.008657968448127829,100.0
regir_kv0_sg,2,shuffled_labels,threat,h_mean,0,ood_confirm,50v50_K2,396,0.016391072839564647,100.0
regir_kv0_sg,2,shuffled_labels,threat,h_mean,1,id_train,10v10_K2,363,0.01997374250749062,100.0
regir_kv0_sg,2,shuffled_labels,threat,h_mean,1,id_train,10v10_K3,363,0.019253135255778986,100.0
regir_kv0_sg,2,shuffled_labels,threat,h_mean,1,id_val,10v10_K2,188,-0.22644563328444645,100.0
regir_kv0_sg,2,shuffled_labels,threat,h_mean,1,id_val,10v10_K3,183,-0.02565575377787166,100.0
regir_kv0_sg,2,shuffled_labels,threat,h_mean,1,id_test,10v10_K2,183,-0.0695380032984545,100.0
regir_kv0_sg,2,shuffled_labels,threat,h_mean,1,id_test,10v10_K3,176,0.015418059021287345,100.0
regir_kv0_sg,2,shuffled_labels,threat,h_mean,1,ood_explore,30v30_K12,386,-0.026932566186196327,100.0
regir_kv0_sg,2,shuffled_labels,threat,h_mean,1,ood_explore,30v30_K2,386,0.014028428350403632,100.0
regir_kv0_sg,2,shuffled_labels,threat,h_mean,1,ood_explore,50v50_K2,381,-0.08273839677555239,100.0
regir_kv0_sg,2,shuffled_labels,threat,h_mean,1,ood_confirm,30v30_K12,378,-0.008763526418861023,100.0
regir_kv0_sg,2,shuffled_labels,threat,h_mean,1,ood_confirm,30v30_K2,384,-0.011996132929378067,100.0
regir_kv0_sg,2,shuffled_labels,threat,h_mean,1,ood_confirm,50v50_K2,396,-0.049074042149426234,100.0
regir_kv0_sg,2,shuffled_labels,threat,h_mean,2,id_train,10v10_K2,363,0.02487618789778545,100.0
regir_kv0_sg,2,shuffled_labels,threat,h_mean,2,id_train,10v10_K3,363,0.05987072938846327,100.0
regir_kv0_sg,2,shuffled_labels,threat,h_mean,2,id_val,10v10_K2,188,-0.22781529280684376,100.0
regir_kv0_sg,2,shuffled_labels,threat,h_mean,2,id_val,10v10_K3,183,0.010642293836931382,100.0
regir_kv0_sg,2,shuffled_labels,threat,h_mean,2,id_test,10v10_K2,183,-0.0491078859245202,100.0
regir_kv0_sg,2,shuffled_labels,threat,h_mean,2,id_test,10v10_K3,176,0.03854407259950399,100.0
regir_kv0_sg,2,shuffled_labels,threat,h_mean,2,ood_explore,30v30_K12,386,0.0892344925049442,100.0
regir_kv0_sg,2,shuffled_labels,threat,h_mean,2,ood_explore,30v30_K2,386,0.07083458749995297,100.0
regir_kv0_sg,2,shuffled_labels,threat,h_mean,2,ood_explore,50v50_K2,381,-0.030050152745542347,100.0
regir_kv0_sg,2,shuffled_labels,threat,h_mean,2,ood_confirm,30v30_K12,378,0.10935527758385788,100.0
regir_kv0_sg,2,shuffled_labels,threat,h_mean,2,ood_confirm,30v30_K2,384,0.03321967478534438,100.0
regir_kv0_sg,2,shuffled_labels,threat,h_mean,2,ood_confirm,50v50_K2,396,0.007284046902004682,100.0
regir_kv0_sg,2,shuffled_labels,threat,h_mean,3,id_train,10v10_K2,363,0.0349378315173694,100.0
regir_kv0_sg,2,shuffled_labels,threat,h_mean,3,id_train,10v10_K3,363,0.04183152599623474,100.0
regir_kv0_sg,2,shuffled_labels,threat,h_mean,3,id_val,10v10_K2,188,-0.24449371767495132,100.0
regir_kv0_sg,2,shuffled_labels,threat,h_mean,3,id_val,10v10_K3,183,-0.010940458696808042,100.0
regir_kv0_sg,2,shuffled_labels,threat,h_mean,3,id_test,10v10_K2,183,-0.07470025668640412,100.0
regir_kv0_sg,2,shuffled_labels,threat,h_mean,3,id_test,10v10_K3,176,0.024068011541109824,100.0
regir_kv0_sg,2,shuffled_labels,threat,h_mean,3,ood_explore,30v30_K12,386,0.087272612372016,100.0
regir_kv0_sg,2,shuffled_labels,threat,h_mean,3,ood_explore,30v30_K2,386,0.08142372300365808,100.0
regir_kv0_sg,2,shuffled_labels,threat,h_mean,3,ood_explore,50v50_K2,381,-0.0003738811334996761,100.0
regir_kv0_sg,2,shuffled_labels,threat,h_mean,3,ood_confirm,30v30_K12,378,0.08876156991689588,100.0
regir_kv0_sg,2,shuffled_labels,threat,h_mean,3,ood_confirm,30v30_K2,384,0.061276791483338866,100.0
regir_kv0_sg,2,shuffled_labels,threat,h_mean,3,ood_confirm,50v50_K2,396,0.03309623245809634,100.0
regir_kv0_sg,2,shuffled_labels,threat,h_mean,4,id_train,10v10_K2,363,0.043617318771324465,100.0
regir_kv0_sg,2,shuffled_labels,threat,h_mean,4,id_train,10v10_K3,363,0.022417568636096563,100.0
regir_kv0_sg,2,shuffled_labels,threat,h_mean,4,id_val,10v10_K2,188,-0.26366626887958144,100.0
regir_kv0_sg,2,shuffled_labels,threat,h_mean,4,id_val,10v10_K3,183,-0.03633658005866036,100.0
regir_kv0_sg,2,shuffled_labels,threat,h_mean,4,id_test,10v10_K2,183,-0.10462633917333952,100.0
regir_kv0_sg,2,shuffled_labels,threat,h_mean,4,id_test,10v10_K3,176,-0.0024528984545142407,100.0
regir_kv0_sg,2,shuffled_labels,threat,h_mean,4,ood_explore,30v30_K12,386,0.041310271291446043,100.0
regir_kv0_sg,2,shuffled_labels,threat,h_mean,4,ood_explore,30v30_K2,386,0.08422413432334686,100.0
regir_kv0_sg,2,shuffled_labels,threat,h_mean,4,ood_explore,50v50_K2,381,0.012026038478664791,100.0
regir_kv0_sg,2,shuffled_labels,threat,h_mean,4,ood_confirm,30v30_K12,378,0.03250804305658139,100.0
regir_kv0_sg,2,shuffled_labels,threat,h_mean,4,ood_confirm,30v30_K2,384,0.06542068989210603,100.0
regir_kv0_sg,2,shuffled_labels,threat,h_mean,4,ood_confirm,50v50_K2,396,0.04624586510105988,100.0
regir_kv0_sg,2,shuffled_labels,unmarked_frac,h_mean,0,id_train,10v10_K2,363,-0.0009805071004311827,100.0
regir_kv0_sg,2,shuffled_labels,unmarked_frac,h_mean,0,id_train,10v10_K3,363,-0.010594389770398172,100.0
regir_kv0_sg,2,shuffled_labels,unmarked_frac,h_mean,0,id_val,10v10_K2,188,-0.009719236384422514,100.0
regir_kv0_sg,2,shuffled_labels,unmarked_frac,h_mean,0,id_val,10v10_K3,183,0.0041702399582976835,100.0
regir_kv0_sg,2,shuffled_labels,unmarked_frac,h_mean,0,id_test,10v10_K2,183,-0.01841180846437207,100.0
regir_kv0_sg,2,shuffled_labels,unmarked_frac,h_mean,0,id_test,10v10_K3,176,-0.01190637081026158,100.0
regir_kv0_sg,2,shuffled_labels,unmarked_frac,h_mean,0,ood_explore,30v30_K12,386,-0.22664486945572349,100.0
regir_kv0_sg,2,shuffled_labels,unmarked_frac,h_mean,0,ood_explore,30v30_K2,386,-0.10991910878424327,100.0
regir_kv0_sg,2,shuffled_labels,unmarked_frac,h_mean,0,ood_explore,50v50_K2,381,-0.31100068845859696,100.0
regir_kv0_sg,2,shuffled_labels,unmarked_frac,h_mean,0,ood_confirm,30v30_K12,378,-0.06962949061384505,100.0
regir_kv0_sg,2,shuffled_labels,unmarked_frac,h_mean,0,ood_confirm,30v30_K2,384,-0.18503251323266934,100.0
regir_kv0_sg,2,shuffled_labels,unmarked_frac,h_mean,0,ood_confirm,50v50_K2,396,-0.3189776745374693,100.0
regir_kv0_sg,2,shuffled_labels,unmarked_frac,h_mean,1,id_train,10v10_K2,363,-0.021293290015788724,100.0
regir_kv0_sg,2,shuffled_labels,unmarked_frac,h_mean,1,id_train,10v10_K3,363,-0.07013891211777024,100.0
regir_kv0_sg,2,shuffled_labels,unmarked_frac,h_mean,1,id_val,10v10_K2,188,-0.009963533937195068,100.0
regir_kv0_sg,2,shuffled_labels,unmarked_frac,h_mean,1,id_val,10v10_K3,183,-0.04480078364477191,100.0
regir_kv0_sg,2,shuffled_labels,unmarked_frac,h_mean,1,id_test,10v10_K2,183,-0.02561659273581718,100.0
regir_kv0_sg,2,shuffled_labels,unmarked_frac,h_mean,1,id_test,10v10_K3,176,-0.04871104764593026,100.0
regir_kv0_sg,2,shuffled_labels,unmarked_frac,h_mean,1,ood_explore,30v30_K12,386,-0.18489238009728703,100.0
regir_kv0_sg,2,shuffled_labels,unmarked_frac,h_mean,1,ood_explore,30v30_K2,386,-0.10116859960134117,100.0
regir_kv0_sg,2,shuffled_labels,unmarked_frac,h_mean,1,ood_explore,50v50_K2,381,-0.26523048882105815,100.0
regir_kv0_sg,2,shuffled_labels,unmarked_frac,h_mean,1,ood_confirm,30v30_K12,378,-0.09657817679405611,100.0
regir_kv0_sg,2,shuffled_labels,unmarked_frac,h_mean,1,ood_confirm,30v30_K2,384,-0.13473918483310365,100.0
regir_kv0_sg,2,shuffled_labels,unmarked_frac,h_mean,1,ood_confirm,50v50_K2,396,-0.27465289929254166,100.0
regir_kv0_sg,2,shuffled_labels,unmarked_frac,h_mean,2,id_train,10v10_K2,363,-0.010377573300087262,100.0
regir_kv0_sg,2,shuffled_labels,unmarked_frac,h_mean,2,id_train,10v10_K3,363,-0.03757377793320571,100.0
regir_kv0_sg,2,shuffled_labels,unmarked_frac,h_mean,2,id_val,10v10_K2,188,0.01017223978416637,100.0
regir_kv0_sg,2,shuffled_labels,unmarked_frac,h_mean,2,id_val,10v10_K3,183,0.00016598092830888422,100.0
regir_kv0_sg,2,shuffled_labels,unmarked_frac,h_mean,2,id_test,10v10_K2,183,0.012206929603346794,100.0
regir_kv0_sg,2,shuffled_labels,unmarked_frac,h_mean,2,id_test,10v10_K3,176,-0.002090299832492981,100.0
regir_kv0_sg,2,shuffled_labels,unmarked_frac,h_mean,2,ood_explore,30v30_K12,386,-0.27641916071854267,100.0
regir_kv0_sg,2,shuffled_labels,unmarked_frac,h_mean,2,ood_explore,30v30_K2,386,-0.08141242197683796,100.0
regir_kv0_sg,2,shuffled_labels,unmarked_frac,h_mean,2,ood_explore,50v50_K2,381,-0.252006167612689,100.0
regir_kv0_sg,2,shuffled_labels,unmarked_frac,h_mean,2,ood_confirm,30v30_K12,378,-0.1224018759524923,100.0
regir_kv0_sg,2,shuffled_labels,unmarked_frac,h_mean,2,ood_confirm,30v30_K2,384,-0.12273379578483512,100.0
regir_kv0_sg,2,shuffled_labels,unmarked_frac,h_mean,2,ood_confirm,50v50_K2,396,-0.2705776897158596,100.0
regir_kv0_sg,2,shuffled_labels,unmarked_frac,h_mean,3,id_train,10v10_K2,363,-0.0006962043554188391,100.0
regir_kv0_sg,2,shuffled_labels,unmarked_frac,h_mean,3,id_train,10v10_K3,363,-0.027496940015550475,100.0
regir_kv0_sg,2,shuffled_labels,unmarked_frac,h_mean,3,id_val,10v10_K2,188,0.0034696250330524814,100.0
regir_kv0_sg,2,shuffled_labels,unmarked_frac,h_mean,3,id_val,10v10_K3,183,0.00946578663290698,100.0
regir_kv0_sg,2,shuffled_labels,unmarked_frac,h_mean,3,id_test,10v10_K2,183,0.025034846359803797,100.0
regir_kv0_sg,2,shuffled_labels,unmarked_frac,h_mean,3,id_test,10v10_K3,176,0.016566783967589815,100.0
regir_kv0_sg,2,shuffled_labels,unmarked_frac,h_mean,3,ood_explore,30v30_K12,386,-0.3492622912294834,100.0
regir_kv0_sg,2,shuffled_labels,unmarked_frac,h_mean,3,ood_explore,30v30_K2,386,-0.08372112707635693,100.0
regir_kv0_sg,2,shuffled_labels,unmarked_frac,h_mean,3,ood_explore,50v50_K2,381,-0.2510984523184321,100.0
regir_kv0_sg,2,shuffled_labels,unmarked_frac,h_mean,3,ood_confirm,30v30_K12,378,-0.14994057514158943,100.0
regir_kv0_sg,2,shuffled_labels,unmarked_frac,h_mean,3,ood_confirm,30v30_K2,384,-0.12147689476021006,100.0
regir_kv0_sg,2,shuffled_labels,unmarked_frac,h_mean,3,ood_confirm,50v50_K2,396,-0.2680416233213796,100.0
regir_kv0_sg,2,shuffled_labels,unmarked_frac,h_mean,4,id_train,10v10_K2,363,0.003884329369899575,100.0
regir_kv0_sg,2,shuffled_labels,unmarked_frac,h_mean,4,id_train,10v10_K3,363,-0.023966154231559678,100.0
regir_kv0_sg,2,shuffled_labels,unmarked_frac,h_mean,4,id_val,10v10_K2,188,-0.0023911920395787156,100.0
regir_kv0_sg,2,shuffled_labels,unmarked_frac,h_mean,4,id_val,10v10_K3,183,0.009329488288557397,100.0
regir_kv0_sg,2,shuffled_labels,unmarked_frac,h_mean,4,id_test,10v10_K2,183,0.0287444448186861,100.0
regir_kv0_sg,2,shuffled_labels,unmarked_frac,h_mean,4,id_test,10v10_K3,176,0.019087193364073496,100.0
regir_kv0_sg,2,shuffled_labels,unmarked_frac,h_mean,4,ood_explore,30v30_K12,386,-0.4104076754791317,100.0
regir_kv0_sg,2,shuffled_labels,unmarked_frac,h_mean,4,ood_explore,30v30_K2,386,-0.08970543581959212,100.0
regir_kv0_sg,2,shuffled_labels,unmarked_frac,h_mean,4,ood_explore,50v50_K2,381,-0.25763226058575084,100.0
regir_kv0_sg,2,shuffled_labels,unmarked_frac,h_mean,4,ood_confirm,30v30_K12,378,-0.18319765822692125,100.0
regir_kv0_sg,2,shuffled_labels,unmarked_frac,h_mean,4,ood_confirm,30v30_K2,384,-0.12407199814496361,100.0
regir_kv0_sg,2,shuffled_labels,unmarked_frac,h_mean,4,ood_confirm,50v50_K2,396,-0.2738718968965448,100.0
regir_kv0_sg,2,shuffled_labels,centroid_gap,h_mean,0,id_train,10v10_K2,363,-0.044673724785857516,100.0
regir_kv0_sg,2,shuffled_labels,centroid_gap,h_mean,0,id_train,10v10_K3,363,-0.08262805277917784,100.0
regir_kv0_sg,2,shuffled_labels,centroid_gap,h_mean,0,id_val,10v10_K2,188,-0.03386645763616336,100.0
regir_kv0_sg,2,shuffled_labels,centroid_gap,h_mean,0,id_val,10v10_K3,183,-0.040577983697337006,100.0
regir_kv0_sg,2,shuffled_labels,centroid_gap,h_mean,0,id_test,10v10_K2,183,-0.03834944355662806,100.0
regir_kv0_sg,2,shuffled_labels,centroid_gap,h_mean,0,id_test,10v10_K3,176,-0.017447789779967637,100.0
regir_kv0_sg,2,shuffled_labels,centroid_gap,h_mean,0,ood_explore,30v30_K12,386,-0.10027070658744064,100.0
regir_kv0_sg,2,shuffled_labels,centroid_gap,h_mean,0,ood_explore,30v30_K2,386,-0.04571194701298675,100.0
regir_kv0_sg,2,shuffled_labels,centroid_gap,h_mean,0,ood_explore,50v50_K2,381,-0.08328659073859024,100.0
regir_kv0_sg,2,shuffled_labels,centroid_gap,h_mean,0,ood_confirm,30v30_K12,378,-0.09708692056764212,100.0
regir_kv0_sg,2,shuffled_labels,centroid_gap,h_mean,0,ood_confirm,30v30_K2,384,-0.05192132530417992,100.0
regir_kv0_sg,2,shuffled_labels,centroid_gap,h_mean,0,ood_confirm,50v50_K2,396,-0.10213643562264862,100.0
regir_kv0_sg,2,shuffled_labels,centroid_gap,h_mean,1,id_train,10v10_K2,363,-0.02484716176765467,100.0
regir_kv0_sg,2,shuffled_labels,centroid_gap,h_mean,1,id_train,10v10_K3,363,-0.09697583950334243,100.0
regir_kv0_sg,2,shuffled_labels,centroid_gap,h_mean,1,id_val,10v10_K2,188,-0.023465263467429054,100.0
regir_kv0_sg,2,shuffled_labels,centroid_gap,h_mean,1,id_val,10v10_K3,183,-0.033254531001486676,100.0
regir_kv0_sg,2,shuffled_labels,centroid_gap,h_mean,1,id_test,10v10_K2,183,-0.06875601963241662,100.0
regir_kv0_sg,2,shuffled_labels,centroid_gap,h_mean,1,id_test,10v10_K3,176,-0.010808106000258277,100.0
regir_kv0_sg,2,shuffled_labels,centroid_gap,h_mean,1,ood_explore,30v30_K12,386,-0.16142243949412527,100.0
regir_kv0_sg,2,shuffled_labels,centroid_gap,h_mean,1,ood_explore,30v30_K2,386,-0.024402495604572083,100.0
regir_kv0_sg,2,shuffled_labels,centroid_gap,h_mean,1,ood_explore,50v50_K2,381,-0.03446643174595465,100.0
regir_kv0_sg,2,shuffled_labels,centroid_gap,h_mean,1,ood_confirm,30v30_K12,378,-0.16664024313725667,100.0
regir_kv0_sg,2,shuffled_labels,centroid_gap,h_mean,1,ood_confirm,30v30_K2,384,-0.020101209635144945,100.0
regir_kv0_sg,2,shuffled_labels,centroid_gap,h_mean,1,ood_confirm,50v50_K2,396,-0.0027430398602090733,100.0
regir_kv0_sg,2,shuffled_labels,centroid_gap,h_mean,2,id_train,10v10_K2,363,-0.027871536711425282,100.0
regir_kv0_sg,2,shuffled_labels,centroid_gap,h_mean,2,id_train,10v10_K3,363,-0.09860425242390192,100.0
regir_kv0_sg,2,shuffled_labels,centroid_gap,h_mean,2,id_val,10v10_K2,188,-0.0228797859206471,100.0
regir_kv0_sg,2,shuffled_labels,centroid_gap,h_mean,2,id_val,10v10_K3,183,-0.04764713340653093,100.0
regir_kv0_sg,2,shuffled_labels,centroid_gap,h_mean,2,id_test,10v10_K2,183,-0.04709582070229268,100.0
regir_kv0_sg,2,shuffled_labels,centroid_gap,h_mean,2,id_test,10v10_K3,176,-0.0399623661551094,100.0
regir_kv0_sg,2,shuffled_labels,centroid_gap,h_mean,2,ood_explore,30v30_K12,386,-0.285244821647207,100.0
regir_kv0_sg,2,shuffled_labels,centroid_gap,h_mean,2,ood_explore,30v30_K2,386,0.005595776570663347,100.0
regir_kv0_sg,2,shuffled_labels,centroid_gap,h_mean,2,ood_explore,50v50_K2,381,0.003122388009275223,100.0
regir_kv0_sg,2,shuffled_labels,centroid_gap,h_mean,2,ood_confirm,30v30_K12,378,-0.26928419801214387,100.0
regir_kv0_sg,2,shuffled_labels,centroid_gap,h_mean,2,ood_confirm,30v30_K2,384,-0.0044207683058856695,100.0
regir_kv0_sg,2,shuffled_labels,centroid_gap,h_mean,2,ood_confirm,50v50_K2,396,0.014357750963981286,100.0
regir_kv0_sg,2,shuffled_labels,centroid_gap,h_mean,3,id_train,10v10_K2,363,-0.02596723201750284,100.0
regir_kv0_sg,2,shuffled_labels,centroid_gap,h_mean,3,id_train,10v10_K3,363,-0.09861480936391431,100.0
regir_kv0_sg,2,shuffled_labels,centroid_gap,h_mean,3,id_val,10v10_K2,188,-0.026514442683712502,100.0
regir_kv0_sg,2,shuffled_labels,centroid_gap,h_mean,3,id_val,10v10_K3,183,-0.044912059353510836,100.0
regir_kv0_sg,2,shuffled_labels,centroid_gap,h_mean,3,id_test,10v10_K2,183,-0.047542924930706,100.0
regir_kv0_sg,2,shuffled_labels,centroid_gap,h_mean,3,id_test,10v10_K3,176,-0.04776127620626469,100.0
regir_kv0_sg,2,shuffled_labels,centroid_gap,h_mean,3,ood_explore,30v30_K12,386,-0.2901777344964862,100.0
regir_kv0_sg,2,shuffled_labels,centroid_gap,h_mean,3,ood_explore,30v30_K2,386,0.026375687905075273,100.0
regir_kv0_sg,2,shuffled_labels,centroid_gap,h_mean,3,ood_explore,50v50_K2,381,0.02798981317654048,100.0
regir_kv0_sg,2,shuffled_labels,centroid_gap,h_mean,3,ood_confirm,30v30_K12,378,-0.2653084384293498,100.0
regir_kv0_sg,2,shuffled_labels,centroid_gap,h_mean,3,ood_confirm,30v30_K2,384,0.01834100623544921,100.0
regir_kv0_sg,2,shuffled_labels,centroid_gap,h_mean,3,ood_confirm,50v50_K2,396,0.037401597594515334,100.0
regir_kv0_sg,2,shuffled_labels,centroid_gap,h_mean,4,id_train,10v10_K2,363,-0.02233204195411287,100.0
regir_kv0_sg,2,shuffled_labels,centroid_gap,h_mean,4,id_train,10v10_K3,363,-0.0941807123890781,100.0
regir_kv0_sg,2,shuffled_labels,centroid_gap,h_mean,4,id_val,10v10_K2,188,-0.022196647570151162,100.0
regir_kv0_sg,2,shuffled_labels,centroid_gap,h_mean,4,id_val,10v10_K3,183,-0.04416241579768876,100.0
regir_kv0_sg,2,shuffled_labels,centroid_gap,h_mean,4,id_test,10v10_K2,183,-0.033307590249663344,100.0
regir_kv0_sg,2,shuffled_labels,centroid_gap,h_mean,4,id_test,10v10_K3,176,-0.0498000045917697,100.0
regir_kv0_sg,2,shuffled_labels,centroid_gap,h_mean,4,ood_explore,30v30_K12,386,-0.29065619896504225,100.0
regir_kv0_sg,2,shuffled_labels,centroid_gap,h_mean,4,ood_explore,30v30_K2,386,0.033281850119459944,100.0
regir_kv0_sg,2,shuffled_labels,centroid_gap,h_mean,4,ood_explore,50v50_K2,381,0.03306003279351233,100.0
regir_kv0_sg,2,shuffled_labels,centroid_gap,h_mean,4,ood_confirm,30v30_K12,378,-0.26119764749380225,100.0
regir_kv0_sg,2,shuffled_labels,centroid_gap,h_mean,4,ood_confirm,30v30_K2,384,0.03118770355527556,100.0
regir_kv0_sg,2,shuffled_labels,centroid_gap,h_mean,4,ood_confirm,50v50_K2,396,0.041615076651023486,100.0
regir_kv0_sg,2,shuffled_labels,nearest_target_distance,h_mean,0,id_train,10v10_K2,363,0.01695607036702418,100.0
regir_kv0_sg,2,shuffled_labels,nearest_target_distance,h_mean,0,id_train,10v10_K3,363,-0.003790977306381116,100.0
regir_kv0_sg,2,shuffled_labels,nearest_target_distance,h_mean,0,id_val,10v10_K2,188,0.03215937422427417,100.0
regir_kv0_sg,2,shuffled_labels,nearest_target_distance,h_mean,0,id_val,10v10_K3,183,-0.008119732090560161,100.0
regir_kv0_sg,2,shuffled_labels,nearest_target_distance,h_mean,0,id_test,10v10_K2,183,0.027933254643448535,100.0
regir_kv0_sg,2,shuffled_labels,nearest_target_distance,h_mean,0,id_test,10v10_K3,176,-0.024048458117209792,100.0
regir_kv0_sg,2,shuffled_labels,nearest_target_distance,h_mean,0,ood_explore,30v30_K12,386,-0.15479038422753488,100.0
regir_kv0_sg,2,shuffled_labels,nearest_target_distance,h_mean,0,ood_explore,30v30_K2,386,0.023843256744564445,100.0
regir_kv0_sg,2,shuffled_labels,nearest_target_distance,h_mean,0,ood_explore,50v50_K2,381,0.031607384776808245,100.0
regir_kv0_sg,2,shuffled_labels,nearest_target_distance,h_mean,0,ood_confirm,30v30_K12,378,-0.19702627656279348,100.0
regir_kv0_sg,2,shuffled_labels,nearest_target_distance,h_mean,0,ood_confirm,30v30_K2,384,0.06714888400396046,100.0
regir_kv0_sg,2,shuffled_labels,nearest_target_distance,h_mean,0,ood_confirm,50v50_K2,396,0.046705224641865106,100.0
regir_kv0_sg,2,shuffled_labels,nearest_target_distance,h_mean,1,id_train,10v10_K2,363,-0.002414572235683643,100.0
regir_kv0_sg,2,shuffled_labels,nearest_target_distance,h_mean,1,id_train,10v10_K3,363,-0.02368232629128486,100.0
regir_kv0_sg,2,shuffled_labels,nearest_target_distance,h_mean,1,id_val,10v10_K2,188,0.0010550903013842872,100.0
regir_kv0_sg,2,shuffled_labels,nearest_target_distance,h_mean,1,id_val,10v10_K3,183,-0.014438220528575574,100.0
regir_kv0_sg,2,shuffled_labels,nearest_target_distance,h_mean,1,id_test,10v10_K2,183,0.016550216860270917,100.0
regir_kv0_sg,2,shuffled_labels,nearest_target_distance,h_mean,1,id_test,10v10_K3,176,-0.0727092730891381,100.0
regir_kv0_sg,2,shuffled_labels,nearest_target_distance,h_mean,1,ood_explore,30v30_K12,386,-0.1681282407038045,100.0
regir_kv0_sg,2,shuffled_labels,nearest_target_distance,h_mean,1,ood_explore,30v30_K2,386,0.025606683639057826,100.0
regir_kv0_sg,2,shuffled_labels,nearest_target_distance,h_mean,1,ood_explore,50v50_K2,381,0.02174588932881838,100.0
regir_kv0_sg,2,shuffled_labels,nearest_target_distance,h_mean,1,ood_confirm,30v30_K12,378,-0.22157215264119845,100.0
regir_kv0_sg,2,shuffled_labels,nearest_target_distance,h_mean,1,ood_confirm,30v30_K2,384,0.07723941871747764,100.0
regir_kv0_sg,2,shuffled_labels,nearest_target_distance,h_mean,1,ood_confirm,50v50_K2,396,0.04449540164822363,100.0
regir_kv0_sg,2,shuffled_labels,nearest_target_distance,h_mean,2,id_train,10v10_K2,363,-0.010273180416271677,100.0
regir_kv0_sg,2,shuffled_labels,nearest_target_distance,h_mean,2,id_train,10v10_K3,363,-0.024795314390370304,100.0
regir_kv0_sg,2,shuffled_labels,nearest_target_distance,h_mean,2,id_val,10v10_K2,188,-0.00020400258164299245,100.0
regir_kv0_sg,2,shuffled_labels,nearest_target_distance,h_mean,2,id_val,10v10_K3,183,-0.02930636094181094,100.0
regir_kv0_sg,2,shuffled_labels,nearest_target_distance,h_mean,2,id_test,10v10_K2,183,0.015607743263233331,100.0
regir_kv0_sg,2,shuffled_labels,nearest_target_distance,h_mean,2,id_test,10v10_K3,176,-0.06445107901458824,100.0
regir_kv0_sg,2,shuffled_labels,nearest_target_distance,h_mean,2,ood_explore,30v30_K12,386,-0.1326745353378922,100.0
regir_kv0_sg,2,shuffled_labels,nearest_target_distance,h_mean,2,ood_explore,30v30_K2,386,0.020153929052282527,100.0
regir_kv0_sg,2,shuffled_labels,nearest_target_distance,h_mean,2,ood_explore,50v50_K2,381,0.02230061276265416,100.0
regir_kv0_sg,2,shuffled_labels,nearest_target_distance,h_mean,2,ood_confirm,30v30_K12,378,-0.1678648434343375,100.0
regir_kv0_sg,2,shuffled_labels,nearest_target_distance,h_mean,2,ood_confirm,30v30_K2,384,0.05998366751293749,100.0
regir_kv0_sg,2,shuffled_labels,nearest_target_distance,h_mean,2,ood_confirm,50v50_K2,396,0.025241462107769008,100.0
regir_kv0_sg,2,shuffled_labels,nearest_target_distance,h_mean,3,id_train,10v10_K2,363,-0.011756543326220115,100.0
regir_kv0_sg,2,shuffled_labels,nearest_target_distance,h_mean,3,id_train,10v10_K3,363,-0.01901893186416359,100.0
regir_kv0_sg,2,shuffled_labels,nearest_target_distance,h_mean,3,id_val,10v10_K2,188,0.0011858706172320765,100.0
regir_kv0_sg,2,shuffled_labels,nearest_target_distance,h_mean,3,id_val,10v10_K3,183,-0.02063739792103214,100.0
regir_kv0_sg,2,shuffled_labels,nearest_target_distance,h_mean,3,id_test,10v10_K2,183,0.023792409556884775,100.0
regir_kv0_sg,2,shuffled_labels,nearest_target_distance,h_mean,3,id_test,10v10_K3,176,-0.05776217876436229,100.0
regir_kv0_sg,2,shuffled_labels,nearest_target_distance,h_mean,3,ood_explore,30v30_K12,386,-0.11108905193410634,100.0
regir_kv0_sg,2,shuffled_labels,nearest_target_distance,h_mean,3,ood_explore,30v30_K2,386,0.021965274061991336,100.0
regir_kv0_sg,2,shuffled_labels,nearest_target_distance,h_mean,3,ood_explore,50v50_K2,381,0.022026545699006528,100.0
regir_kv0_sg,2,shuffled_labels,nearest_target_distance,h_mean,3,ood_confirm,30v30_K12,378,-0.13469717185551766,100.0
regir_kv0_sg,2,shuffled_labels,nearest_target_distance,h_mean,3,ood_confirm,30v30_K2,384,0.05745831683481706,100.0
regir_kv0_sg,2,shuffled_labels,nearest_target_distance,h_mean,3,ood_confirm,50v50_K2,396,0.018248303894674023,100.0
regir_kv0_sg,2,shuffled_labels,nearest_target_distance,h_mean,4,id_train,10v10_K2,363,-0.009347549046669679,100.0
regir_kv0_sg,2,shuffled_labels,nearest_target_distance,h_mean,4,id_train,10v10_K3,363,-0.018646125814063996,100.0
regir_kv0_sg,2,shuffled_labels,nearest_target_distance,h_mean,4,id_val,10v10_K2,188,0.005167833789757048,100.0
regir_kv0_sg,2,shuffled_labels,nearest_target_distance,h_mean,4,id_val,10v10_K3,183,-0.013016392592981374,100.0
regir_kv0_sg,2,shuffled_labels,nearest_target_distance,h_mean,4,id_test,10v10_K2,183,0.02160860184474578,100.0
regir_kv0_sg,2,shuffled_labels,nearest_target_distance,h_mean,4,id_test,10v10_K3,176,-0.058860565270369536,100.0
regir_kv0_sg,2,shuffled_labels,nearest_target_distance,h_mean,4,ood_explore,30v30_K12,386,-0.11795119579754143,100.0
regir_kv0_sg,2,shuffled_labels,nearest_target_distance,h_mean,4,ood_explore,30v30_K2,386,0.031122601437051145,100.0
regir_kv0_sg,2,shuffled_labels,nearest_target_distance,h_mean,4,ood_explore,50v50_K2,381,0.02749598357804539,100.0
regir_kv0_sg,2,shuffled_labels,nearest_target_distance,h_mean,4,ood_confirm,30v30_K12,378,-0.13828932383540837,100.0
regir_kv0_sg,2,shuffled_labels,nearest_target_distance,h_mean,4,ood_confirm,30v30_K2,384,0.05730084735194996,100.0
regir_kv0_sg,2,shuffled_labels,nearest_target_distance,h_mean,4,ood_confirm,50v50_K2,396,0.018767670623349386,100.0
regir_kv0_sg,2,shuffled_labels,threat,readout,0,id_train,10v10_K2,363,0.06876804399612102,100.0
regir_kv0_sg,2,shuffled_labels,threat,readout,0,id_train,10v10_K3,363,0.04579014232151257,100.0
regir_kv0_sg,2,shuffled_labels,threat,readout,0,id_val,10v10_K2,188,-0.2309481078012765,100.0
regir_kv0_sg,2,shuffled_labels,threat,readout,0,id_val,10v10_K3,183,-0.015430149508767643,100.0
regir_kv0_sg,2,shuffled_labels,threat,readout,0,id_test,10v10_K2,183,-0.041094848613767,100.0
regir_kv0_sg,2,shuffled_labels,threat,readout,0,id_test,10v10_K3,176,0.04874771946011924,100.0
regir_kv0_sg,2,shuffled_labels,threat,readout,0,ood_explore,30v30_K12,386,0.05195339624375206,100.0
regir_kv0_sg,2,shuffled_labels,threat,readout,0,ood_explore,30v30_K2,386,0.07501864614276932,100.0
regir_kv0_sg,2,shuffled_labels,threat,readout,0,ood_explore,50v50_K2,381,0.008781548693834185,100.0
regir_kv0_sg,2,shuffled_labels,threat,readout,0,ood_confirm,30v30_K12,378,0.07464231048753656,100.0
regir_kv0_sg,2,shuffled_labels,threat,readout,0,ood_confirm,30v30_K2,384,0.05709322227341951,100.0
regir_kv0_sg,2,shuffled_labels,threat,readout,0,ood_confirm,50v50_K2,396,0.03777186659627474,100.0
regir_kv0_sg,2,shuffled_labels,threat,readout,1,id_train,10v10_K2,363,0.025799432550417167,100.0
regir_kv0_sg,2,shuffled_labels,threat,readout,1,id_train,10v10_K3,363,-0.004398809112172275,100.0
regir_kv0_sg,2,shuffled_labels,threat,readout,1,id_val,10v10_K2,188,-0.2785669325352269,100.0
regir_kv0_sg,2,shuffled_labels,threat,readout,1,id_val,10v10_K3,183,-0.03661256925106682,100.0
regir_kv0_sg,2,shuffled_labels,threat,readout,1,id_test,10v10_K2,183,-0.057024868795151784,100.0
regir_kv0_sg,2,shuffled_labels,threat,readout,1,id_test,10v10_K3,176,-0.013788375139268894,100.0
regir_kv0_sg,2,shuffled_labels,threat,readout,1,ood_explore,30v30_K12,386,-0.01373058047982778,100.0
regir_kv0_sg,2,shuffled_labels,threat,readout,1,ood_explore,30v30_K2,386,0.030091828338239535,100.0
regir_kv0_sg,2,shuffled_labels,threat,readout,1,ood_explore,50v50_K2,381,-0.04772128227764827,100.0
regir_kv0_sg,2,shuffled_labels,threat,readout,1,ood_confirm,30v30_K12,378,0.0010232737927083901,100.0
regir_kv0_sg,2,shuffled_labels,threat,readout,1,ood_confirm,30v30_K2,384,0.003221223835210063,100.0
regir_kv0_sg,2,shuffled_labels,threat,readout,1,ood_confirm,50v50_K2,396,-0.02349223656260868,100.0
regir_kv0_sg,2,shuffled_labels,threat,readout,2,id_train,10v10_K2,363,-0.003656180460264613,100.0
regir_kv0_sg,2,shuffled_labels,threat,readout,2,id_train,10v10_K3,363,-0.004118339863072862,100.0
regir_kv0_sg,2,shuffled_labels,threat,readout,2,id_val,10v10_K2,188,-0.2999722291731153,100.0
regir_kv0_sg,2,shuffled_labels,threat,readout,2,id_val,10v10_K3,183,-0.06219730983407601,100.0
regir_kv0_sg,2,shuffled_labels,threat,readout,2,id_test,10v10_K2,183,-0.08514381649363822,100.0
regir_kv0_sg,2,shuffled_labels,threat,readout,2,id_test,10v10_K3,176,-0.033616115298925386,100.0
regir_kv0_sg,2,shuffled_labels,threat,readout,2,ood_explore,30v30_K12,386,-0.02558665605372812,100.0
regir_kv0_sg,2,shuffled_labels,threat,readout,2,ood_explore,30v30_K2,386,0.004660729638810368,100.0
regir_kv0_sg,2,shuffled_labels,threat,readout,2,ood_explore,50v50_K2,381,-0.03989652530122889,100.0
regir_kv0_sg,2,shuffled_labels,threat,readout,2,ood_confirm,30v30_K12,378,-0.005808594790001065,100.0
regir_kv0_sg,2,shuffled_labels,threat,readout,2,ood_confirm,30v30_K2,384,0.0004785082688498754,100.0
regir_kv0_sg,2,shuffled_labels,threat,readout,2,ood_confirm,50v50_K2,396,-0.018132613801007613,100.0
regir_kv0_sg,2,shuffled_labels,threat,readout,3,id_train,10v10_K2,363,0.013142546196864613,100.0
regir_kv0_sg,2,shuffled_labels,threat,readout,3,id_train,10v10_K3,363,-0.009648404533400656,100.0
regir_kv0_sg,2,shuffled_labels,threat,readout,3,id_val,10v10_K2,188,-0.29056919447123697,100.0
regir_kv0_sg,2,shuffled_labels,threat,readout,3,id_val,10v10_K3,183,-0.05422681016056918,100.0
regir_kv0_sg,2,shuffled_labels,threat,readout,3,id_test,10v10_K2,183,-0.10081514940891112,100.0
regir_kv0_sg,2,shuffled_labels,threat,readout,3,id_test,10v10_K3,176,-0.01922298128255151,100.0
regir_kv0_sg,2,shuffled_labels,threat,readout,3,ood_explore,30v30_K12,386,0.0010858760022793845,100.0
regir_kv0_sg,2,shuffled_labels,threat,readout,3,ood_explore,30v30_K2,386,0.022396732294714505,100.0
regir_kv0_sg,2,shuffled_labels,threat,readout,3,ood_explore,50v50_K2,381,0.022108012915055042,100.0
regir_kv0_sg,2,shuffled_labels,threat,readout,3,ood_confirm,30v30_K12,378,0.0017575942205707573,100.0
regir_kv0_sg,2,shuffled_labels,threat,readout,3,ood_confirm,30v30_K2,384,0.04043317595362861,100.0
regir_kv0_sg,2,shuffled_labels,threat,readout,3,ood_confirm,50v50_K2,396,0.00574784428848818,100.0
regir_kv0_sg,2,shuffled_labels,unmarked_frac,readout,0,id_train,10v10_K2,363,-0.00998243011532618,100.0
regir_kv0_sg,2,shuffled_labels,unmarked_frac,readout,0,id_train,10v10_K3,363,-0.009357917244514624,100.0
regir_kv0_sg,2,shuffled_labels,unmarked_frac,readout,0,id_val,10v10_K2,188,-0.030060045729764173,100.0
regir_kv0_sg,2,shuffled_labels,unmarked_frac,readout,0,id_val,10v10_K3,183,0.007141905447669239,100.0
regir_kv0_sg,2,shuffled_labels,unmarked_frac,readout,0,id_test,10v10_K2,183,0.0052407375618385155,100.0
regir_kv0_sg,2,shuffled_labels,unmarked_frac,readout,0,id_test,10v10_K3,176,-0.02218461235650171,100.0
regir_kv0_sg,2,shuffled_labels,unmarked_frac,readout,0,ood_explore,30v30_K12,386,-0.2284581241523358,100.0
regir_kv0_sg,2,shuffled_labels,unmarked_frac,readout,0,ood_explore,30v30_K2,386,-0.07212235718307003,100.0
regir_kv0_sg,2,shuffled_labels,unmarked_frac,readout,0,ood_explore,50v50_K2,381,-0.24417311251530527,100.0
regir_kv0_sg,2,shuffled_labels,unmarked_frac,readout,0,ood_confirm,30v30_K12,378,-0.08395706981329232,100.0
regir_kv0_sg,2,shuffled_labels,unmarked_frac,readout,0,ood_confirm,30v30_K2,384,-0.12880291724868465,100.0
regir_kv0_sg,2,shuffled_labels,unmarked_frac,readout,0,ood_confirm,50v50_K2,396,-0.21827842962770316,100.0
regir_kv0_sg,2,shuffled_labels,unmarked_frac,readout,1,id_train,10v10_K2,363,-0.03034967610886219,100.0
regir_kv0_sg,2,shuffled_labels,unmarked_frac,readout,1,id_train,10v10_K3,363,-0.020835267646751143,100.0
regir_kv0_sg,2,shuffled_labels,unmarked_frac,readout,1,id_val,10v10_K2,188,-0.06379945550176203,100.0
regir_kv0_sg,2,shuffled_labels,unmarked_frac,readout,1,id_val,10v10_K3,183,-0.0013396185031013808,100.0
regir_kv0_sg,2,shuffled_labels,unmarked_frac,readout,1,id_test,10v10_K2,183,0.008319631905156832,100.0
regir_kv0_sg,2,shuffled_labels,unmarked_frac,readout,1,id_test,10v10_K3,176,-0.041240220893110635,100.0
regir_kv0_sg,2,shuffled_labels,unmarked_frac,readout,1,ood_explore,30v30_K12,386,-0.2373752310377828,100.0
regir_kv0_sg,2,shuffled_labels,unmarked_frac,readout,1,ood_explore,30v30_K2,386,-0.09062986943194651,100.0
regir_kv0_sg,2,shuffled_labels,unmarked_frac,readout,1,ood_explore,50v50_K2,381,-0.2730379897239146,100.0
regir_kv0_sg,2,shuffled_labels,unmarked_frac,readout,1,ood_confirm,30v30_K12,378,-0.0784131397867589,100.0
regir_kv0_sg,2,shuffled_labels,unmarked_frac,readout,1,ood_confirm,30v30_K2,384,-0.15956548919158475,100.0
regir_kv0_sg,2,shuffled_labels,unmarked_frac,readout,1,ood_confirm,50v50_K2,396,-0.254093674386342,100.0
regir_kv0_sg,2,shuffled_labels,unmarked_frac,readout,2,id_train,10v10_K2,363,-0.005780395518676373,100.0
regir_kv0_sg,2,shuffled_labels,unmarked_frac,readout,2,id_train,10v10_K3,363,-0.00519731353660835,100.0
regir_kv0_sg,2,shuffled_labels,unmarked_frac,readout,2,id_val,10v10_K2,188,-0.03244246091478775,100.0
regir_kv0_sg,2,shuffled_labels,unmarked_frac,readout,2,id_val,10v10_K3,183,-0.01766596231464268,100.0
regir_kv0_sg,2,shuffled_labels,unmarked_frac,readout,2,id_test,10v10_K2,183,-0.0051170373405149405,100.0
regir_kv0_sg,2,shuffled_labels,unmarked_frac,readout,2,id_test,10v10_K3,176,-0.05099868251459028,100.0
regir_kv0_sg,2,shuffled_labels,unmarked_frac,readout,2,ood_explore,30v30_K12,386,-0.2282360205934506,100.0
regir_kv0_sg,2,shuffled_labels,unmarked_frac,readout,2,ood_explore,30v30_K2,386,-0.08345208580045993,100.0
regir_kv0_sg,2,shuffled_labels,unmarked_frac,readout,2,ood_explore,50v50_K2,381,-0.2836646213226335,100.0
regir_kv0_sg,2,shuffled_labels,unmarked_frac,readout,2,ood_confirm,30v30_K12,378,-0.07958628626634145,100.0
regir_kv0_sg,2,shuffled_labels,unmarked_frac,readout,2,ood_confirm,30v30_K2,384,-0.16638751801015306,100.0
regir_kv0_sg,2,shuffled_labels,unmarked_frac,readout,2,ood_confirm,50v50_K2,396,-0.2706789650073367,100.0
regir_kv0_sg,2,shuffled_labels,unmarked_frac,readout,3,id_train,10v10_K2,363,0.003205494440764123,100.0
regir_kv0_sg,2,shuffled_labels,unmarked_frac,readout,3,id_train,10v10_K3,363,0.0003526311336075061,100.0
regir_kv0_sg,2,shuffled_labels,unmarked_frac,readout,3,id_val,10v10_K2,188,-0.014006328925560974,100.0
regir_kv0_sg,2,shuffled_labels,unmarked_frac,readout,3,id_val,10v10_K3,183,-0.011599472517252796,100.0
regir_kv0_sg,2,shuffled_labels,unmarked_frac,readout,3,id_test,10v10_K2,183,-0.005690753931751891,100.0
regir_kv0_sg,2,shuffled_labels,unmarked_frac,readout,3,id_test,10v10_K3,176,-0.023132071688374944,100.0
regir_kv0_sg,2,shuffled_labels,unmarked_frac,readout,3,ood_explore,30v30_K12,386,-0.21211246359091374,100.0
regir_kv0_sg,2,shuffled_labels,unmarked_frac,readout,3,ood_explore,30v30_K2,386,-0.07579349805375335,100.0
regir_kv0_sg,2,shuffled_labels,unmarked_frac,readout,3,ood_explore,50v50_K2,381,-0.2658461144062263,100.0
regir_kv0_sg,2,shuffled_labels,unmarked_frac,readout,3,ood_confirm,30v30_K12,378,-0.06737576470173767,100.0
regir_kv0_sg,2,shuffled_labels,unmarked_frac,readout,3,ood_confirm,30v30_K2,384,-0.15565610879223302,100.0
regir_kv0_sg,2,shuffled_labels,unmarked_frac,readout,3,ood_confirm,50v50_K2,396,-0.26343460314238687,100.0
regir_kv0_sg,2,shuffled_labels,centroid_gap,readout,0,id_train,10v10_K2,363,-0.0077378798099574375,100.0
regir_kv0_sg,2,shuffled_labels,centroid_gap,readout,0,id_train,10v10_K3,363,-0.058751260031504104,100.0
regir_kv0_sg,2,shuffled_labels,centroid_gap,readout,0,id_val,10v10_K2,188,-0.04664431473514297,100.0
regir_kv0_sg,2,shuffled_labels,centroid_gap,readout,0,id_val,10v10_K3,183,0.0038144709331732196,100.0
regir_kv0_sg,2,shuffled_labels,centroid_gap,readout,0,id_test,10v10_K2,183,-0.0569526449163984,100.0
regir_kv0_sg,2,shuffled_labels,centroid_gap,readout,0,id_test,10v10_K3,176,-0.06101668443759145,100.0
regir_kv0_sg,2,shuffled_labels,centroid_gap,readout,0,ood_explore,30v30_K12,386,-0.026455632400329554,100.0
regir_kv0_sg,2,shuffled_labels,centroid_gap,readout,0,ood_explore,30v30_K2,386,-0.02067618949861849,100.0
regir_kv0_sg,2,shuffled_labels,centroid_gap,readout,0,ood_explore,50v50_K2,381,-0.015408244662753923,100.0
regir_kv0_sg,2,shuffled_labels,centroid_gap,readout,0,ood_confirm,30v30_K12,378,-0.05581731750940122,100.0
regir_kv0_sg,2,shuffled_labels,centroid_gap,readout,0,ood_confirm,30v30_K2,384,-0.027304140352273576,100.0
regir_kv0_sg,2,shuffled_labels,centroid_gap,readout,0,ood_confirm,50v50_K2,396,-0.0463936097571529,100.0
regir_kv0_sg,2,shuffled_labels,centroid_gap,readout,1,id_train,10v10_K2,363,-0.01499052667755807,100.0
regir_kv0_sg,2,shuffled_labels,centroid_gap,readout,1,id_train,10v10_K3,363,-0.06054793252671731,100.0
regir_kv0_sg,2,shuffled_labels,centroid_gap,readout,1,id_val,10v10_K2,188,-0.08174196221043406,100.0
regir_kv0_sg,2,shuffled_labels,centroid_gap,readout,1,id_val,10v10_K3,183,-0.001331468868617458,100.0
regir_kv0_sg,2,shuffled_labels,centroid_gap,readout,1,id_test,10v10_K2,183,-0.07602117033935474,100.0
regir_kv0_sg,2,shuffled_labels,centroid_gap,readout,1,id_test,10v10_K3,176,-0.021597977568166282,100.0
regir_kv0_sg,2,shuffled_labels,centroid_gap,readout,1,ood_explore,30v30_K12,386,-0.037169081635889833,100.0
regir_kv0_sg,2,shuffled_labels,centroid_gap,readout,1,ood_explore,30v30_K2,386,-0.04406292791940203,100.0
regir_kv0_sg,2,shuffled_labels,centroid_gap,readout,1,ood_explore,50v50_K2,381,-0.04002957776104821,100.0
regir_kv0_sg,2,shuffled_labels,centroid_gap,readout,1,ood_confirm,30v30_K12,378,-0.05387554444951803,100.0
regir_kv0_sg,2,shuffled_labels,centroid_gap,readout,1,ood_confirm,30v30_K2,384,-0.038471097231828955,100.0
regir_kv0_sg,2,shuffled_labels,centroid_gap,readout,1,ood_confirm,50v50_K2,396,-0.04776234643412902,100.0
regir_kv0_sg,2,shuffled_labels,centroid_gap,readout,2,id_train,10v10_K2,363,0.009730906225424163,100.0
regir_kv0_sg,2,shuffled_labels,centroid_gap,readout,2,id_train,10v10_K3,363,-0.05058109109125786,100.0
regir_kv0_sg,2,shuffled_labels,centroid_gap,readout,2,id_val,10v10_K2,188,-0.0497629802862658,100.0
regir_kv0_sg,2,shuffled_labels,centroid_gap,readout,2,id_val,10v10_K3,183,0.025468521871405025,100.0
regir_kv0_sg,2,shuffled_labels,centroid_gap,readout,2,id_test,10v10_K2,183,-0.06852540869431878,100.0
regir_kv0_sg,2,shuffled_labels,centroid_gap,readout,2,id_test,10v10_K3,176,0.02209058046780399,100.0
regir_kv0_sg,2,shuffled_labels,centroid_gap,readout,2,ood_explore,30v30_K12,386,-0.019730097858257745,100.0
regir_kv0_sg,2,shuffled_labels,centroid_gap,readout,2,ood_explore,30v30_K2,386,0.027981997363670796,100.0
regir_kv0_sg,2,shuffled_labels,centroid_gap,readout,2,ood_explore,50v50_K2,381,0.006728149086121515,100.0
regir_kv0_sg,2,shuffled_labels,centroid_gap,readout,2,ood_confirm,30v30_K12,378,-0.03843476199567375,100.0
regir_kv0_sg,2,shuffled_labels,centroid_gap,readout,2,ood_confirm,30v30_K2,384,-0.023674896215998276,100.0
regir_kv0_sg,2,shuffled_labels,centroid_gap,readout,2,ood_confirm,50v50_K2,396,0.003449333438125035,100.0
regir_kv0_sg,2,shuffled_labels,centroid_gap,readout,3,id_train,10v10_K2,363,0.012816574579697093,100.0
regir_kv0_sg,2,shuffled_labels,centroid_gap,readout,3,id_train,10v10_K3,363,-0.03843260653023828,100.0
regir_kv0_sg,2,shuffled_labels,centroid_gap,readout,3,id_val,10v10_K2,188,-0.028425392831766372,100.0
regir_kv0_sg,2,shuffled_labels,centroid_gap,readout,3,id_val,10v10_K3,183,0.01261612051293215,100.0
regir_kv0_sg,2,shuffled_labels,centroid_gap,readout,3,id_test,10v10_K2,183,-0.04781273676379172,100.0
regir_kv0_sg,2,shuffled_labels,centroid_gap,readout,3,id_test,10v10_K3,176,0.009311527691728272,100.0
regir_kv0_sg,2,shuffled_labels,centroid_gap,readout,3,ood_explore,30v30_K12,386,-0.035232074967521454,100.0
regir_kv0_sg,2,shuffled_labels,centroid_gap,readout,3,ood_explore,30v30_K2,386,0.024947113418763323,100.0
regir_kv0_sg,2,shuffled_labels,centroid_gap,readout,3,ood_explore,50v50_K2,381,0.019619778479246786,100.0
regir_kv0_sg,2,shuffled_labels,centroid_gap,readout,3,ood_confirm,30v30_K12,378,-0.035500413322833824,100.0
regir_kv0_sg,2,shuffled_labels,centroid_gap,readout,3,ood_confirm,30v30_K2,384,-0.008387231570426978,100.0
regir_kv0_sg,2,shuffled_labels,centroid_gap,readout,3,ood_confirm,50v50_K2,396,0.025785621076593546,100.0
regir_kv0_sg,2,shuffled_labels,nearest_target_distance,readout,0,id_train,10v10_K2,363,-0.05332442457877917,100.0
regir_kv0_sg,2,shuffled_labels,nearest_target_distance,readout,0,id_train,10v10_K3,363,-0.03443054927153866,100.0
regir_kv0_sg,2,shuffled_labels,nearest_target_distance,readout,0,id_val,10v10_K2,188,-0.036003003579255566,100.0
regir_kv0_sg,2,shuffled_labels,nearest_target_distance,readout,0,id_val,10v10_K3,183,-0.049036917906992716,100.0
regir_kv0_sg,2,shuffled_labels,nearest_target_distance,readout,0,id_test,10v10_K2,183,-0.029074795294671274,100.0
regir_kv0_sg,2,shuffled_labels,nearest_target_distance,readout,0,id_test,10v10_K3,176,-0.058338767971493066,100.0
regir_kv0_sg,2,shuffled_labels,nearest_target_distance,readout,0,ood_explore,30v30_K12,386,-0.16237710686097961,100.0
regir_kv0_sg,2,shuffled_labels,nearest_target_distance,readout,0,ood_explore,30v30_K2,386,-0.006143166568296943,100.0
regir_kv0_sg,2,shuffled_labels,nearest_target_distance,readout,0,ood_explore,50v50_K2,381,-0.03091606474392261,100.0
regir_kv0_sg,2,shuffled_labels,nearest_target_distance,readout,0,ood_confirm,30v30_K12,378,-0.15182536267615054,100.0
regir_kv0_sg,2,shuffled_labels,nearest_target_distance,readout,0,ood_confirm,30v30_K2,384,-0.031159535385688386,100.0
regir_kv0_sg,2,shuffled_labels,nearest_target_distance,readout,0,ood_confirm,50v50_K2,396,-0.06103089536348261,100.0
regir_kv0_sg,2,shuffled_labels,nearest_target_distance,readout,1,id_train,10v10_K2,363,-0.03876262322208679,100.0
regir_kv0_sg,2,shuffled_labels,nearest_target_distance,readout,1,id_train,10v10_K3,363,-0.01405723571117301,100.0
regir_kv0_sg,2,shuffled_labels,nearest_target_distance,readout,1,id_val,10v10_K2,188,0.009272691589967352,100.0
regir_kv0_sg,2,shuffled_labels,nearest_target_distance,readout,1,id_val,10v10_K3,183,-0.045186191774444495,100.0
regir_kv0_sg,2,shuffled_labels,nearest_target_distance,readout,1,id_test,10v10_K2,183,-0.016106578196543042,100.0
regir_kv0_sg,2,shuffled_labels,nearest_target_distance,readout,1,id_test,10v10_K3,176,0.0010510026144990858,100.0
regir_kv0_sg,2,shuffled_labels,nearest_target_distance,readout,1,ood_explore,30v30_K12,386,-0.13133790683306956,100.0
regir_kv0_sg,2,shuffled_labels,nearest_target_distance,readout,1,ood_explore,30v30_K2,386,0.00017371583579539607,100.0
regir_kv0_sg,2,shuffled_labels,nearest_target_distance,readout,1,ood_explore,50v50_K2,381,-0.025772529550663892,100.0
regir_kv0_sg,2,shuffled_labels,nearest_target_distance,readout,1,ood_confirm,30v30_K12,378,-0.1745547301297068,100.0
regir_kv0_sg,2,shuffled_labels,nearest_target_distance,readout,1,ood_confirm,30v30_K2,384,-0.04056697143403065,100.0
regir_kv0_sg,2,shuffled_labels,nearest_target_distance,readout,1,ood_confirm,50v50_K2,396,-0.06712535004570497,100.0
regir_kv0_sg,2,shuffled_labels,nearest_target_distance,readout,2,id_train,10v10_K2,363,-0.03713326541221984,100.0
regir_kv0_sg,2,shuffled_labels,nearest_target_distance,readout,2,id_train,10v10_K3,363,-0.022132637234287156,100.0
regir_kv0_sg,2,shuffled_labels,nearest_target_distance,readout,2,id_val,10v10_K2,188,-0.0005866748067968608,100.0
regir_kv0_sg,2,shuffled_labels,nearest_target_distance,readout,2,id_val,10v10_K3,183,-0.05922921912592516,100.0
regir_kv0_sg,2,shuffled_labels,nearest_target_distance,readout,2,id_test,10v10_K2,183,-0.025601201910128157,100.0
regir_kv0_sg,2,shuffled_labels,nearest_target_distance,readout,2,id_test,10v10_K3,176,-0.003215541374161246,100.0
regir_kv0_sg,2,shuffled_labels,nearest_target_distance,readout,2,ood_explore,30v30_K12,386,-0.07538145982369282,100.0
regir_kv0_sg,2,shuffled_labels,nearest_target_distance,readout,2,ood_explore,30v30_K2,386,-0.0035635024531373016,100.0
regir_kv0_sg,2,shuffled_labels,nearest_target_distance,readout,2,ood_explore,50v50_K2,381,0.0022150007930907822,100.0
regir_kv0_sg,2,shuffled_labels,nearest_target_distance,readout,2,ood_confirm,30v30_K12,378,-0.12310065403403025,100.0
regir_kv0_sg,2,shuffled_labels,nearest_target_distance,readout,2,ood_confirm,30v30_K2,384,-0.011625012012425273,100.0
regir_kv0_sg,2,shuffled_labels,nearest_target_distance,readout,2,ood_confirm,50v50_K2,396,-0.023037045008376333,100.0
regir_kv0_sg,2,shuffled_labels,nearest_target_distance,readout,3,id_train,10v10_K2,363,-0.05549375421542835,100.0
regir_kv0_sg,2,shuffled_labels,nearest_target_distance,readout,3,id_train,10v10_K3,363,-0.034271908225921965,100.0
regir_kv0_sg,2,shuffled_labels,nearest_target_distance,readout,3,id_val,10v10_K2,188,-0.0178373177048754,100.0
regir_kv0_sg,2,shuffled_labels,nearest_target_distance,readout,3,id_val,10v10_K3,183,-0.08200897084628034,100.0
regir_kv0_sg,2,shuffled_labels,nearest_target_distance,readout,3,id_test,10v10_K2,183,-0.027652897932558984,100.0
regir_kv0_sg,2,shuffled_labels,nearest_target_distance,readout,3,id_test,10v10_K3,176,-0.013647603723619506,100.0
regir_kv0_sg,2,shuffled_labels,nearest_target_distance,readout,3,ood_explore,30v30_K12,386,-0.06391284332123259,100.0
regir_kv0_sg,2,shuffled_labels,nearest_target_distance,readout,3,ood_explore,30v30_K2,386,-0.011996230376138506,100.0
regir_kv0_sg,2,shuffled_labels,nearest_target_distance,readout,3,ood_explore,50v50_K2,381,0.0128435267695165,100.0
regir_kv0_sg,2,shuffled_labels,nearest_target_distance,readout,3,ood_confirm,30v30_K12,378,-0.1269672830989328,100.0
regir_kv0_sg,2,shuffled_labels,nearest_target_distance,readout,3,ood_confirm,30v30_K2,384,0.00461597153803206,100.0
regir_kv0_sg,2,shuffled_labels,nearest_target_distance,readout,3,ood_confirm,50v50_K2,396,-0.014510250986230266,100.0
