method,seed,control,round,split,config,n,auc,acc,alpha
regir_r1_sg,1,trained,0,id_train,10v10_K2,2042,0.7626861881342466,0.7526934378060725,100.0
regir_r1_sg,1,trained,0,id_train,10v10_K3,2064,0.7865537497368594,0.7761627906976745,100.0
regir_r1_sg,1,trained,0,id_val,10v10_K2,1078,0.725164730846549,0.7569573283858998,100.0
regir_r1_sg,1,trained,0,id_val,10v10_K3,1048,0.7476610058696156,0.7318702290076335,100.0
regir_r1_sg,1,trained,0,id_test,10v10_K2,1074,0.7578760072414895,0.7523277467411545,100.0
regir_r1_sg,1,trained,0,id_test,10v10_K3,1020,0.7708120154934934,0.7715686274509804,100.0
regir_r1_sg,1,trained,0,ood_explore,30v30_K12,5674,0.7795811831225997,0.6596757137821643,100.0
regir_r1_sg,1,trained,0,ood_explore,30v30_K2,5548,0.7852042278434619,0.6777217015140591,100.0
regir_r1_sg,1,trained,0,ood_explore,50v50_K2,8590,0.7874391621653183,0.6275902211874272,100.0
regir_r1_sg,1,trained,0,ood_confirm,30v30_K12,5692,0.7852843585623998,0.685172171468728,100.0
regir_r1_sg,1,trained,0,ood_confirm,30v30_K2,5534,0.7821575556713305,0.6635345139139862,100.0
regir_r1_sg,1,trained,0,ood_confirm,50v50_K2,8722,0.7878638037165734,0.6261178628754873,100.0
regir_r1_sg,1,trained,1,id_train,10v10_K2,2042,0.8380226090979493,0.7933398628795298,1.0
regir_r1_sg,1,trained,1,id_train,10v10_K3,2064,0.8733143916792594,0.8217054263565892,1.0
regir_r1_sg,1,trained,1,id_val,10v10_K2,1078,0.8056408681408681,0.7736549165120594,1.0
regir_r1_sg,1,trained,1,id_val,10v10_K3,1048,0.798199621402988,0.7633587786259542,1.0
regir_r1_sg,1,trained,1,id_test,10v10_K2,1074,0.84582993148983,0.7877094972067039,1.0
regir_r1_sg,1,trained,1,id_test,10v10_K3,1020,0.8191568582281058,0.7941176470588235,1.0
regir_r1_sg,1,trained,1,ood_explore,30v30_K12,5674,0.8450103417990573,0.6958054282692986,1.0
regir_r1_sg,1,trained,1,ood_explore,30v30_K2,5548,0.8582353111643005,0.7458543619322279,1.0
regir_r1_sg,1,trained,1,ood_explore,50v50_K2,8590,0.8706325552717568,0.6962747380675204,1.0
regir_r1_sg,1,trained,1,ood_confirm,30v30_K12,5692,0.8502203291800001,0.733485593815882,1.0
regir_r1_sg,1,trained,1,ood_confirm,30v30_K2,5534,0.852744248394321,0.7392482833393567,1.0
regir_r1_sg,1,trained,1,ood_confirm,50v50_K2,8722,0.8628910143122971,0.7144003668883284,1.0
regir_r1_sg,1,shuffled_labels,0,id_train,10v10_K2,2042,0.4948430538374116,0.7428991185112634,0.0001
regir_r1_sg,1,shuffled_labels,0,id_train,10v10_K3,2064,0.5247311943298395,0.7732558139534884,0.0001
regir_r1_sg,1,shuffled_labels,0,id_val,10v10_K2,1078,0.49740339513066784,0.7532467532467533,0.0001
regir_r1_sg,1,shuffled_labels,0,id_val,10v10_K3,1048,0.4867922301361406,0.7204198473282443,0.0001
regir_r1_sg,1,shuffled_labels,0,id_test,10v10_K2,1074,0.5214493628199212,0.7337057728119181,0.0001
regir_r1_sg,1,shuffled_labels,0,id_test,10v10_K3,1020,0.4948971118456651,0.765686274509804,0.0001
regir_r1_sg,1,shuffled_labels,0,ood_explore,30v30_K12,5674,0.5312028707586931,0.6032781106802961,0.0001
regir_r1_sg,1,shuffled_labels,0,ood_explore,30v30_K2,5548,0.5052297856356975,0.6342826243691421,0.0001
regir_r1_sg,1,shuffled_labels,0,ood_explore,50v50_K2,8590,0.5537884097131213,0.570547147846333,0.0001
regir_r1_sg,1,shuffled_labels,0,ood_confirm,30v30_K12,5692,0.5283171283868392,0.6394940267041461,0.0001
regir_r1_sg,1,shuffled_labels,0,ood_confirm,30v30_K2,5534,0.5136743391939139,0.6264907842428623,0.0001
regir_r1_sg,1,shuffled_labels,0,ood_confirm,50v50_K2,8722,0.5044969460056924,0.5834670947030498,0.0001
regir_r1_sg,1,shuffled_labels,1,id_train,10v10_K2,2042,0.48512380693761376,0.7414299706170421,0.001
regir_r1_sg,1,shuffled_labels,1,id_train,10v10_K3,2064,0.4858467227765122,0.7722868217054264,0.001
regir_r1_sg,1,shuffled_labels,1,id_val,10v10_K2,1078,0.5271573226118681,0.7551020408163265,0.001
regir_r1_sg,1,shuffled_labels,1,id_val,10v10_K3,1048,0.5091040324667365,0.7223282442748091,0.001
regir_r1_sg,1,shuffled_labels,1,id_test,10v10_K2,1074,0.5082620425260019,0.7327746741154563,0.001
regir_r1_sg,1,shuffled_labels,1,id_test,10v10_K3,1020,0.4820715850829588,0.7647058823529411,0.001
regir_r1_sg,1,shuffled_labels,1,ood_explore,30v30_K12,5674,0.5075486038571273,0.6046880507578428,0.001
regir_r1_sg,1,shuffled_labels,1,ood_explore,30v30_K2,5548,0.4989681545372851,0.6322999279019467,0.001
regir_r1_sg,1,shuffled_labels,1,ood_explore,50v50_K2,8590,0.5415440893170193,0.5710128055878929,0.001
regir_r1_sg,1,shuffled_labels,1,ood_confirm,30v30_K12,5692,0.4957939955295684,0.6393183415319748,0.001
regir_r1_sg,1,shuffled_labels,1,ood_confirm,30v30_K2,5534,0.5130903037137933,0.6245030719190459,0.001
regir_r1_sg,1,shuffled_labels,1,ood_confirm,50v50_K2,8722,0.5309249394526362,0.583925705113506,0.001
regir_r1_sg,1,random_init,0,id_train,10v10_K2,2042,0.7709483651650927,0.7536728697355534,10.0
regir_r1_sg,1,random_init,0,id_train,10v10_K3,2064,0.7941858329120849,0.7877906976744186,10.0
regir_r1_sg,1,random_init,0,id_val,10v10_K2,1078,0.7275658923386196,0.7560296846011132,10.0
regir_r1_sg,1,random_init,0,id_val,10v10_K3,1048,0.7467077040406379,0.7490458015267175,10.0
regir_r1_sg,1,random_init,0,id_test,10v10_K2,1074,0.7471158283341024,0.7439478584729982,10.0
regir_r1_sg,1,random_init,0,id_test,10v10_K3,1020,0.7668582816794262,0.7647058823529411,10.0
regir_r1_sg,1,random_init,0,ood_explore,30v30_K12,5674,0.7762299725084839,0.6591469862530842,10.0
regir_r1_sg,1,random_init,0,ood_explore,30v30_K2,5548,0.7874196751601247,0.6757390050468637,10.0
regir_r1_sg,1,random_init,0,ood_explore,50v50_K2,8590,0.7861882052363727,0.6189755529685681,10.0
regir_r1_sg,1,random_init,0,ood_confirm,30v30_K12,5692,0.7847929831972648,0.6872803935347856,10.0
regir_r1_sg,1,random_init,0,ood_confirm,30v30_K2,5534,0.7813239764907237,0.6617275027105168,10.0
regir_r1_sg,1,random_init,0,ood_confirm,50v50_K2,8722,0.7910822089029086,0.6263471680807154,10.0
regir_r1_sg,1,random_init,1,id_train,10v10_K2,2042,0.8384915366744109,0.786973555337904,0.0001
regir_r1_sg,1,random_init,1,id_train,10v10_K3,2064,0.8654342523924007,0.8207364341085271,0.0001
regir_r1_sg,1,random_init,1,id_val,10v10_K2,1078,0.8047753331844241,0.774582560296846,0.0001
regir_r1_sg,1,random_init,1,id_val,10v10_K3,1048,0.8087313368469315,0.7566793893129771,0.0001
regir_r1_sg,1,random_init,1,id_test,10v10_K2,1074,0.8259380213694935,0.7746741154562383,0.0001
regir_r1_sg,1,random_init,1,id_test,10v10_K3,1020,0.8350735833793174,0.8009803921568628,0.0001
regir_r1_sg,1,random_init,1,ood_explore,30v30_K12,5674,0.8300256466222853,0.6718364469510045,0.0001
regir_r1_sg,1,random_init,1,ood_explore,30v30_K2,5548,0.8438421134345425,0.7599134823359769,0.0001
regir_r1_sg,1,random_init,1,ood_explore,50v50_K2,8590,0.8413805532787667,0.7146682188591386,0.0001
regir_r1_sg,1,random_init,1,ood_confirm,30v30_K12,5692,0.8320055757919396,0.7011595221363317,0.0001
regir_r1_sg,1,random_init,1,ood_confirm,30v30_K2,5534,0.8381730722958369,0.7448500180701121,0.0001
regir_r1_sg,1,random_init,1,ood_confirm,50v50_K2,8722,0.8473249083671824,0.7337766567301077,0.0001
regir_r1_sg,2,trained,0,id_train,10v10_K2,2042,0.7613133492240695,0.7487757100881489,100.0
regir_r1_sg,2,trained,0,id_train,10v10_K3,2064,0.7875017263364525,0.7848837209302325,100.0
regir_r1_sg,2,trained,0,id_val,10v10_K2,1078,0.7269051075869257,0.7708719851576994,100.0
regir_r1_sg,2,trained,0,id_val,10v10_K3,1048,0.7452913698947282,0.7356870229007634,100.0
regir_r1_sg,2,trained,0,id_test,10v10_K2,1074,0.758643640623336,0.7439478584729982,100.0
regir_r1_sg,2,trained,0,id_test,10v10_K3,1020,0.7730674652708951,0.7696078431372549,100.0
regir_r1_sg,2,trained,0,ood_explore,30v30_K12,5674,0.77816854014333,0.6443426154388439,100.0
regir_r1_sg,2,trained,0,ood_explore,30v30_K2,5548,0.7837817216706586,0.6614996395097332,100.0
regir_r1_sg,2,trained,0,ood_explore,50v50_K2,8590,0.7869133110745534,0.6086146682188591,100.0
regir_r1_sg,2,trained,0,ood_confirm,30v30_K12,5692,0.7833936810814595,0.6702389318341532,100.0
regir_r1_sg,2,trained,0,ood_confirm,30v30_K2,5534,0.7807515184992228,0.6488977231658837,100.0
regir_r1_sg,2,trained,0,ood_confirm,50v50_K2,8722,0.784965020205545,0.6092639302912176,100.0
regir_r1_sg,2,trained,1,id_train,10v10_K2,2042,0.8381395266974424,0.7933398628795298,10.0
regir_r1_sg,2,trained,1,id_train,10v10_K3,2064,0.8654597284254874,0.8231589147286822,10.0
regir_r1_sg,2,trained,1,id_val,10v10_K2,1078,0.813090983545529,0.7727272727272727,10.0
regir_r1_sg,2,trained,1,id_val,10v10_K3,1048,0.827529541007867,0.7729007633587787,10.0
regir_r1_sg,2,trained,1,id_test,10v10_K2,1074,0.8325938021369493,0.7756052141527002,10.0
regir_r1_sg,2,trained,1,id_test,10v10_K3,1020,0.8384808661784323,0.8107843137254902,10.0
regir_r1_sg,2,trained,1,ood_explore,30v30_K12,5674,0.8410229026675605,0.6716602044413112,10.0
regir_r1_sg,2,trained,1,ood_explore,30v30_K2,5548,0.845924703910541,0.7078226387887527,10.0
regir_r1_sg,2,trained,1,ood_explore,50v50_K2,8590,0.8592332144055761,0.6454016298020955,10.0
regir_r1_sg,2,trained,1,ood_confirm,30v30_K12,5692,0.838306450911253,0.7073085031623331,10.0
regir_r1_sg,2,trained,1,ood_confirm,30v30_K2,5534,0.8432827899236792,0.7009396458258041,10.0
regir_r1_sg,2,trained,1,ood_confirm,50v50_K2,8722,0.8561751708617598,0.6552396239394634,10.0
regir_r1_sg,2,shuffled_labels,0,id_train,10v10_K2,2042,0.586996751450784,0.7433888344760039,100.0
regir_r1_sg,2,shuffled_labels,0,id_train,10v10_K3,2064,0.6039214319139607,0.7737403100775194,100.0
regir_r1_sg,2,shuffled_labels,0,id_val,10v10_K2,1078,0.6057627875809694,0.7551020408163265,100.0
regir_r1_sg,2,shuffled_labels,0,id_val,10v10_K3,1048,0.5571095888545398,0.7223282442748091,100.0
regir_r1_sg,2,shuffled_labels,0,id_test,10v10_K2,1074,0.6199061091193071,0.7337057728119181,100.0
regir_r1_sg,2,shuffled_labels,0,id_test,10v10_K3,1020,0.5640660241402772,0.765686274509804,100.0
regir_r1_sg,2,shuffled_labels,0,ood_explore,30v30_K12,5674,0.6034321520816118,0.6045118082481494,100.0
regir_r1_sg,2,shuffled_labels,0,ood_explore,30v30_K2,5548,0.6293676336376721,0.6339221341023792,100.0
regir_r1_sg,2,shuffled_labels,0,ood_explore,50v50_K2,8590,0.5917115888762746,0.5707799767171129,100.0
regir_r1_sg,2,shuffled_labels,0,ood_confirm,30v30_K12,5692,0.6080782859606523,0.6393183415319748,100.0
regir_r1_sg,2,shuffled_labels,0,ood_confirm,30v30_K2,5534,0.6067623692563276,0.6261293820021684,100.0
regir_r1_sg,2,shuffled_labels,0,ood_confirm,50v50_K2,8722,0.6148504153241763,0.5842696629213483,100.0
regir_r1_sg,2,shuffled_labels,1,id_train,10v10_K2,2042,0.5319813635860765,0.7433888344760039,100.0
regir_r1_sg,2,shuffled_labels,1,id_train,10v10_K3,2064,0.5449591646006497,0.7737403100775194,100.0
regir_r1_sg,2,shuffled_labels,1,id_val,10v10_K2,1078,0.5469575980939617,0.7551020408163265,100.0
regir_r1_sg,2,shuffled_labels,1,id_val,10v10_K3,1048,0.4727242188599418,0.7223282442748091,100.0
regir_r1_sg,2,shuffled_labels,1,id_test,10v10_K2,1074,0.5417894288452664,0.7337057728119181,100.0
regir_r1_sg,2,shuffled_labels,1,id_test,10v10_K3,1020,0.5214749891513402,0.765686274509804,100.0
regir_r1_sg,2,shuffled_labels,1,ood_explore,30v30_K12,5674,0.5754288728478404,0.6045118082481494,100.0
regir_r1_sg,2,shuffled_labels,1,ood_explore,30v30_K2,5548,0.5798753105651148,0.6339221341023792,100.0
regir_r1_sg,2,shuffled_labels,1,ood_explore,50v50_K2,8590,0.565338270337136,0.5707799767171129,100.0
regir_r1_sg,2,shuffled_labels,1,ood_confirm,30v30_K12,5692,0.5627814014089664,0.6393183415319748,100.0
regir_r1_sg,2,shuffled_labels,1,ood_confirm,30v30_K2,5534,0.5398895395995444,0.6261293820021684,100.0
regir_r1_sg,2,shuffled_labels,1,ood_confirm,50v50_K2,8722,0.5792450152872893,0.5842696629213483,100.0
regir_r1_sg,2,random_init,0,id_train,10v10_K2,2042,0.7637547898500437,0.7507345739471106,100.0
regir_r1_sg,2,random_init,0,id_train,10v10_K3,2064,0.7878610724873591,0.7868217054263565,100.0
regir_r1_sg,2,random_init,0,id_val,10v10_K2,1078,0.724415531233713,0.7532467532467533,100.0
regir_r1_sg,2,random_init,0,id_val,10v10_K3,1048,0.748164893979218,0.7404580152671756,100.0
regir_r1_sg,2,random_init,0,id_test,10v10_K2,1074,0.7556307905292677,0.7420856610800745,100.0
regir_r1_sg,2,random_init,0,id_test,10v10_K3,1020,0.7751139778955207,0.7745098039215687,100.0
regir_r1_sg,2,random_init,0,ood_explore,30v30_K12,5674,0.7778286639331057,0.6565033486076842,100.0
regir_r1_sg,2,random_init,0,ood_explore,30v30_K2,5548,0.7857871739810027,0.6791636625811103,100.0
regir_r1_sg,2,random_init,0,ood_explore,50v50_K2,8590,0.7860868076927822,0.620023282887078,100.0
regir_r1_sg,2,random_init,0,ood_confirm,30v30_K12,5692,0.7833331794020694,0.6832396345748419,100.0
regir_r1_sg,2,random_init,0,ood_confirm,30v30_K2,5534,0.7792253823186641,0.6613661004698229,100.0
regir_r1_sg,2,random_init,0,ood_confirm,50v50_K2,8722,0.7880422853090492,0.625659252465031,100.0
regir_r1_sg,2,random_init,1,id_train,10v10_K2,2042,0.833933007472669,0.797747306562194,1.0
regir_r1_sg,2,random_init,1,id_train,10v10_K3,2064,0.8525058360228426,0.813468992248062,1.0
regir_r1_sg,2,random_init,1,id_val,10v10_K2,1078,0.7926578437942075,0.7773654916512059,1.0
regir_r1_sg,2,random_init,1,id_val,10v10_K3,1048,0.8019220380685197,0.7576335877862596,1.0
regir_r1_sg,2,random_init,1,id_test,10v10_K2,1074,0.8061881012388626,0.7774674115456238,1.0
regir_r1_sg,2,random_init,1,id_test,10v10_K3,1020,0.8321377485146711,0.7862745098039216,1.0
regir_r1_sg,2,random_init,1,ood_explore,30v30_K12,5674,0.8282181703850371,0.6760662671836447,1.0
regir_r1_sg,2,random_init,1,ood_explore,30v30_K2,5548,0.8368116206196616,0.7431506849315068,1.0
regir_r1_sg,2,random_init,1,ood_explore,50v50_K2,8590,0.8401455831965738,0.6939464493597206,1.0
regir_r1_sg,2,random_init,1,ood_confirm,30v30_K12,5692,0.8286517481839791,0.7053759662684469,1.0
regir_r1_sg,2,random_init,1,ood_confirm,30v30_K2,5534,0.8368999670111318,0.7414166967835201,1.0
regir_r1_sg,2,random_init,1,ood_confirm,50v50_K2,8722,0.8432539802802194,0.7101582205916074,1.0
regir_r1_sg,3,trained,0,id_train,10v10_K2,2042,0.7621493729193696,0.7482859941234085,100.0
regir_r1_sg,3,trained,0,id_train,10v10_K3,2064,0.7881305821005391,0.7790697674418605,100.0
regir_r1_sg,3,trained,0,id_val,10v10_K2,1078,0.7269562951381133,0.764378478664193,100.0
regir_r1_sg,3,trained,0,id_val,10v10_K3,1048,0.7489865493651464,0.7318702290076335,100.0
regir_r1_sg,3,trained,0,id_test,10v10_K2,1074,0.7578671328671329,0.750465549348231,100.0
regir_r1_sg,3,trained,0,id_test,10v10_K3,1020,0.7751675515244376,0.7686274509803922,100.0
regir_r1_sg,3,trained,0,ood_explore,30v30_K12,5674,0.7798154326665732,0.6591469862530842,100.0
regir_r1_sg,3,trained,0,ood_explore,30v30_K2,5548,0.7858620721999231,0.6732155731795242,100.0
regir_r1_sg,3,trained,0,ood_explore,50v50_K2,8590,0.7881016482439002,0.6265424912689174,100.0
regir_r1_sg,3,trained,0,ood_confirm,30v30_K12,5692,0.7838295073383049,0.6830639494026705,100.0
regir_r1_sg,3,trained,0,ood_confirm,30v30_K2,5534,0.7819353515825241,0.6601011926273943,100.0
regir_r1_sg,3,trained,0,ood_confirm,50v50_K2,8722,0.788165295818357,0.6243980738362761,100.0
regir_r1_sg,3,trained,1,id_train,10v10_K2,2042,0.8318272335033039,0.7943192948090108,0.001
regir_r1_sg,3,trained,1,id_train,10v10_K3,2064,0.860544194883608,0.8270348837209303,0.001
regir_r1_sg,3,trained,1,id_val,10v10_K2,1078,0.794756533392897,0.7662337662337663,0.001
regir_r1_sg,3,trained,1,id_val,10v10_K3,1048,0.8091489738386741,0.7633587786259542,0.001
regir_r1_sg,3,trained,1,id_test,10v10_K2,1074,0.8329798374214618,0.7839851024208566,0.001
regir_r1_sg,3,trained,1,id_test,10v10_K3,1020,0.8234802500816998,0.8058823529411765,0.001
regir_r1_sg,3,trained,1,ood_explore,30v30_K12,5674,0.8370305264963128,0.701797673598872,0.001
regir_r1_sg,3,trained,1,ood_explore,30v30_K2,5548,0.84820482968915,0.7348594087959625,0.001
regir_r1_sg,3,trained,1,ood_explore,50v50_K2,8590,0.8600722196121436,0.6828870779976717,0.001
regir_r1_sg,3,trained,1,ood_confirm,30v30_K12,5692,0.834580778910935,0.7257554462403373,0.001
regir_r1_sg,3,trained,1,ood_confirm,30v30_K2,5534,0.8418208181378796,0.7273220093964583,0.001
regir_r1_sg,3,trained,1,ood_confirm,50v50_K2,8722,0.8507711508804803,0.6977757395092868,0.001
regir_r1_sg,3,shuffled_labels,0,id_train,10v10_K2,2042,0.4501604159752185,0.7433888344760039,1.0
regir_r1_sg,3,shuffled_labels,0,id_train,10v10_K3,2064,0.4799362831004064,0.7732558139534884,1.0
regir_r1_sg,3,shuffled_labels,0,id_val,10v10_K2,1078,0.45870560643287916,0.7551020408163265,1.0
regir_r1_sg,3,shuffled_labels,0,id_val,10v10_K3,1048,0.45877877496175445,0.7223282442748091,1.0
regir_r1_sg,3,shuffled_labels,0,id_test,10v10_K2,1074,0.4357539668453374,0.7337057728119181,1.0
regir_r1_sg,3,shuffled_labels,0,id_test,10v10_K3,1020,0.45787237690119414,0.765686274509804,1.0
regir_r1_sg,3,shuffled_labels,0,ood_explore,30v30_K12,5674,0.4303501920248619,0.6045118082481494,1.0
regir_r1_sg,3,shuffled_labels,0,ood_explore,30v30_K2,5548,0.46216344975316487,0.6339221341023792,1.0
regir_r1_sg,3,shuffled_labels,0,ood_explore,50v50_K2,8590,0.41799181860670925,0.5707799767171129,1.0
regir_r1_sg,3,shuffled_labels,0,ood_confirm,30v30_K12,5692,0.4500533873779308,0.6393183415319748,1.0
regir_r1_sg,3,shuffled_labels,0,ood_confirm,30v30_K2,5534,0.45449970254223515,0.6261293820021684,1.0
regir_r1_sg,3,shuffled_labels,0,ood_confirm,50v50_K2,8722,0.43154516569239604,0.5842696629213483,1.0
regir_r1_sg,3,shuffled_labels,1,id_train,10v10_K2,2042,0.43664826157358516,0.7428991185112634,0.0001
regir_r1_sg,3,shuffled_labels,1,id_train,10v10_K3,2064,0.4660290507227819,0.7718023255813954,0.0001
regir_r1_sg,3,shuffled_labels,1,id_val,10v10_K2,1078,0.4151077730623185,0.7551020408163265,0.0001
regir_r1_sg,3,shuffled_labels,1,id_val,10v10_K3,1048,0.4893207497491908,0.7232824427480916,0.0001
regir_r1_sg,3,shuffled_labels,1,id_test,10v10_K2,1074,0.41776117283731495,0.7337057728119181,0.0001
regir_r1_sg,3,shuffled_labels,1,id_test,10v10_K3,1020,0.4700389480282226,0.7666666666666667,0.0001
regir_r1_sg,3,shuffled_labels,1,ood_explore,30v30_K12,5674,0.4017759051672617,0.6045118082481494,0.0001
regir_r1_sg,3,shuffled_labels,1,ood_explore,30v30_K2,5548,0.41618308316628233,0.6337418889689979,0.0001
regir_r1_sg,3,shuffled_labels,1,ood_explore,50v50_K2,8590,0.3665336992495752,0.5708963911525029,0.0001
regir_r1_sg,3,shuffled_labels,1,ood_confirm,30v30_K12,5692,0.4056013846853384,0.6396697118763176,0.0001
regir_r1_sg,3,shuffled_labels,1,ood_confirm,30v30_K2,5534,0.40780699350056526,0.6259486808818214,0.0001
regir_r1_sg,3,shuffled_labels,1,ood_confirm,50v50_K2,8722,0.3723462633812488,0.5849575785370328,0.0001
regir_r1_sg,3,random_init,0,id_train,10v10_K2,2042,0.763088485250782,0.7497551420176298,100.0
regir_r1_sg,3,random_init,0,id_train,10v10_K3,2064,0.7869586845785527,0.7858527131782945,100.0
regir_r1_sg,3,random_init,0,id_val,10v10_K2,1078,0.7276217333035515,0.7560296846011132,100.0
regir_r1_sg,3,random_init,0,id_val,10v10_K3,1048,0.7468348109511682,0.7461832061068703,100.0
regir_r1_sg,3,random_init,0,id_test,10v10_K2,1074,0.7556574136523375,0.7392923649906891,100.0
regir_r1_sg,3,random_init,0,id_test,10v10_K3,1020,0.7720281368699071,0.7794117647058824,100.0
regir_r1_sg,3,random_init,0,ood_explore,30v30_K12,5674,0.7787307130644465,0.6587945012336975,100.0
regir_r1_sg,3,random_init,0,ood_explore,30v30_K2,5548,0.7890174571648686,0.6789834174477289,100.0
regir_r1_sg,3,random_init,0,ood_explore,50v50_K2,8590,0.7864454883652542,0.6190919674039581,100.0
regir_r1_sg,3,random_init,0,ood_confirm,30v30_K12,5692,0.7858414558845713,0.6869290231904427,100.0
regir_r1_sg,3,random_init,0,ood_confirm,30v30_K2,5534,0.7774964308555415,0.6631731116732924,100.0
regir_r1_sg,3,random_init,0,ood_confirm,50v50_K2,8722,0.7845405175944534,0.625659252465031,100.0
regir_r1_sg,3,random_init,1,id_train,10v10_K2,2042,0.8340298102163353,0.7997061704211558,1.0
regir_r1_sg,3,random_init,1,id_train,10v10_K3,2064,0.8599153391195214,0.8246124031007752,1.0
regir_r1_sg,3,random_init,1,id_val,10v10_K2,1078,0.8033281215099397,0.7810760667903525,1.0
regir_r1_sg,3,random_init,1,id_val,10v10_K3,1048,0.8050406969090323,0.7690839694656488,1.0
regir_r1_sg,3,random_init,1,id_test,10v10_K2,1074,0.8011297078555962,0.7700186219739292,1.0
regir_r1_sg,3,random_init,1,id_test,10v10_K3,1020,0.82959835850401,0.7843137254901961,1.0
regir_r1_sg,3,random_init,1,ood_explore,30v30_K12,5674,0.8378324056895485,0.6802960874162848,1.0
regir_r1_sg,3,random_init,1,ood_explore,30v30_K2,5548,0.8465866081704577,0.7402667627974044,1.0
regir_r1_sg,3,random_init,1,ood_explore,50v50_K2,8590,0.8581110926534022,0.689173457508731,1.0
regir_r1_sg,3,random_init,1,ood_confirm,30v30_K12,5692,0.8359871752502086,0.7094167252283907,1.0
regir_r1_sg,3,random_init,1,ood_confirm,30v30_K2,5534,0.8446302422136158,0.7363570654138055,1.0
regir_r1_sg,3,random_init,1,ood_confirm,50v50_K2,8722,0.8541794024665745,0.7068332951157992,1.0
regir_r1_sg,0,trained,0,id_train,10v10_K2,2042,0.7668663066107474,0.7497551420176298,10.0
regir_r1_sg,0,trained,0,id_train,10v10_K3,2064,0.7905199658352988,0.7853682170542635,10.0
regir_r1_sg,0,trained,0,id_val,10v10_K2,1078,0.7269749087930906,0.7551020408163265,10.0
regir_r1_sg,0,trained,0,id_val,10v10_K3,1048,0.7486597030237826,0.7423664122137404,10.0
regir_r1_sg,0,trained,0,id_test,10v10_K2,1074,0.761811792268645,0.74487895716946,10.0
regir_r1_sg,0,trained,0,id_test,10v10_K3,1020,0.7725531584332928,0.7725490196078432,10.0
regir_r1_sg,0,trained,0,ood_explore,30v30_K12,5674,0.7774347401298182,0.6598519562918576,10.0
regir_r1_sg,0,trained,0,ood_explore,30v30_K2,5548,0.7891193747412687,0.6827685652487383,10.0
regir_r1_sg,0,trained,0,ood_explore,50v50_K2,8590,0.789667197551678,0.6237485448195577,10.0
regir_r1_sg,0,trained,0,ood_confirm,30v30_K12,5692,0.7878649158123147,0.6856992269852424,10.0
regir_r1_sg,0,trained,0,ood_confirm,30v30_K2,5534,0.7828662932577868,0.6658836284784966,10.0
regir_r1_sg,0,trained,0,ood_confirm,50v50_K2,8722,0.7904017275372961,0.6295574409539096,10.0
regir_r1_sg,0,trained,1,id_train,10v10_K2,2042,0.8581135785334258,0.8001958863858962,1.0
regir_r1_sg,0,trained,1,id_train,10v10_K3,2064,0.8846994967813043,0.8401162790697675,1.0
regir_r1_sg,0,trained,1,id_val,10v10_K2,1078,0.8442083612538158,0.7922077922077922,1.0
regir_r1_sg,0,trained,1,id_val,10v10_K3,1048,0.8371942057406928,0.7919847328244275,1.0
regir_r1_sg,0,trained,1,id_test,10v10_K2,1074,0.8568297185048455,0.8054003724394786,1.0
regir_r1_sg,0,trained,1,id_test,10v10_K3,1020,0.8525171569546607,0.8107843137254902,1.0
regir_r1_sg,0,trained,1,ood_explore,30v30_K12,5674,0.8525263352094085,0.6818822700035249,1.0
regir_r1_sg,0,trained,1,ood_explore,30v30_K2,5548,0.8612904585128965,0.7635183850036049,1.0
regir_r1_sg,0,trained,1,ood_explore,50v50_K2,8590,0.8759173421386008,0.7280558789289872,1.0
regir_r1_sg,0,trained,1,ood_confirm,30v30_K12,5692,0.8607209845925513,0.7190794096978215,1.0
regir_r1_sg,0,trained,1,ood_confirm,30v30_K2,5534,0.8580355791568938,0.7470184315142754,1.0
regir_r1_sg,0,trained,1,ood_confirm,50v50_K2,8722,0.8757719410051772,0.7401972024764962,1.0
regir_r1_sg,0,shuffled_labels,0,id_train,10v10_K2,2042,0.5910071508312464,0.7433888344760039,100.0
regir_r1_sg,0,shuffled_labels,0,id_train,10v10_K3,2064,0.6262089383332506,0.7737403100775194,100.0
regir_r1_sg,0,shuffled_labels,0,id_val,10v10_K2,1078,0.5623790112426476,0.7551020408163265,100.0
regir_r1_sg,0,shuffled_labels,0,id_val,10v10_K3,1048,0.5598514664959803,0.7223282442748091,100.0
regir_r1_sg,0,shuffled_labels,0,id_test,10v10_K2,1074,0.6472702424479074,0.7337057728119181,100.0
regir_r1_sg,0,shuffled_labels,0,id_test,10v10_K3,1020,0.6039033746028855,0.765686274509804,100.0
regir_r1_sg,0,shuffled_labels,0,ood_explore,30v30_K12,5674,0.617855713714057,0.6045118082481494,100.0
regir_r1_sg,0,shuffled_labels,0,ood_explore,30v30_K2,5548,0.6285847722541158,0.6339221341023792,100.0
regir_r1_sg,0,shuffled_labels,0,ood_explore,50v50_K2,8590,0.612750168567193,0.5707799767171129,100.0
regir_r1_sg,0,shuffled_labels,0,ood_confirm,30v30_K12,5692,0.6288826986211908,0.6393183415319748,100.0
regir_r1_sg,0,shuffled_labels,0,ood_confirm,30v30_K2,5534,0.6196799173116234,0.6261293820021684,100.0
regir_r1_sg,0,shuffled_labels,0,ood_confirm,50v50_K2,8722,0.6286418795529582,0.5842696629213483,100.0
regir_r1_sg,0,shuffled_labels,1,id_train,10v10_K2,2042,0.5923460459222158,0.7433888344760039,100.0
regir_r1_sg,0,shuffled_labels,1,id_train,10v10_K3,2064,0.6451859012951211,0.7737403100775194,100.0
regir_r1_sg,0,shuffled_labels,1,id_val,10v10_K2,1078,0.6467640160821979,0.7551020408163265,100.0
regir_r1_sg,0,shuffled_labels,1,id_val,10v10_K3,1048,0.6206448859896407,0.7223282442748091,100.0
regir_r1_sg,0,shuffled_labels,1,id_test,10v10_K2,1074,0.6411779844520962,0.7337057728119181,100.0
regir_r1_sg,0,shuffled_labels,1,id_test,10v10_K3,1020,0.6167021145511333,0.765686274509804,100.0
regir_r1_sg,0,shuffled_labels,1,ood_explore,30v30_K12,5674,0.6625226714062248,0.6045118082481494,100.0
regir_r1_sg,0,shuffled_labels,1,ood_explore,30v30_K2,5548,0.6761058022040236,0.6339221341023792,100.0
regir_r1_sg,0,shuffled_labels,1,ood_explore,50v50_K2,8590,0.6964640469369395,0.5707799767171129,100.0
regir_r1_sg,0,shuffled_labels,1,ood_confirm,30v30_K12,5692,0.6795533905234827,0.6393183415319748,100.0
regir_r1_sg,0,shuffled_labels,1,ood_confirm,30v30_K2,5534,0.6478659410510547,0.6261293820021684,100.0
regir_r1_sg,0,shuffled_labels,1,ood_confirm,50v50_K2,8722,0.7022601787543479,0.5842696629213483,100.0
regir_r1_sg,0,random_init,0,id_train,10v10_K2,2042,0.760518812418912,0.7507345739471106,100.0
regir_r1_sg,0,random_init,0,id_train,10v10_K3,2064,0.7849219427754663,0.7829457364341085,100.0
regir_r1_sg,0,random_init,0,id_val,10v10_K2,1078,0.7312048618866801,0.7662337662337663,100.0
regir_r1_sg,0,random_init,0,id_val,10v10_K3,1048,0.7471934340201646,0.7490458015267175,100.0
regir_r1_sg,0,random_init,0,id_test,10v10_K2,1074,0.7595577011820667,0.7458100558659218,100.0
regir_r1_sg,0,random_init,0,id_test,10v10_K3,1020,0.7773587129471389,0.7764705882352941,100.0
regir_r1_sg,0,random_init,0,ood_explore,30v30_K12,5674,0.7787190200755627,0.6533309834332041,100.0
regir_r1_sg,0,random_init,0,ood_explore,30v30_K2,5548,0.7866158142759365,0.6753785147801009,100.0
regir_r1_sg,0,random_init,0,ood_explore,50v50_K2,8590,0.7814025509586272,0.6157159487776485,100.0
regir_r1_sg,0,random_init,0,ood_confirm,30v30_K12,5692,0.7833468324359141,0.6800773014757554,100.0
regir_r1_sg,0,random_init,0,ood_confirm,30v30_K2,5534,0.7770340287498335,0.6593783881460065,100.0
regir_r1_sg,0,random_init,0,ood_confirm,50v50_K2,8722,0.7786486226719462,0.6163723916532905,100.0
regir_r1_sg,0,random_init,1,id_train,10v10_K2,2042,0.8472955576340907,0.796767874632713,1.0
regir_r1_sg,0,random_init,1,id_train,10v10_K3,2064,0.855904875174142,0.8173449612403101,1.0
regir_r1_sg,0,random_init,1,id_val,10v10_K2,1078,0.8103315091951455,0.7931354359925789,1.0
regir_r1_sg,0,random_init,1,id_val,10v10_K3,1048,0.8144239106256838,0.7585877862595419,1.0
regir_r1_sg,0,random_init,1,id_test,10v10_K2,1074,0.8172988179333357,0.7811918063314711,1.0
regir_r1_sg,0,random_init,1,id_test,10v10_K3,1020,0.8380844213244473,0.7970588235294118,1.0
regir_r1_sg,0,random_init,1,ood_explore,30v30_K12,5674,0.8296878491656403,0.6582657737046176,1.0
regir_r1_sg,0,random_init,1,ood_explore,30v30_K2,5548,0.8315592255216171,0.7516222062004326,1.0
regir_r1_sg,0,random_init,1,ood_explore,50v50_K2,8590,0.8448896384820771,0.709895227008149,1.0
regir_r1_sg,0,random_init,1,ood_confirm,30v30_K12,5692,0.8314243848806303,0.7029163738580464,1.0
regir_r1_sg,0,random_init,1,ood_confirm,30v30_K2,5534,0.8323812592541447,0.7425009035056017,1.0
regir_r1_sg,0,random_init,1,ood_confirm,50v50_K2,8722,0.8461648321342199,0.7272414583811052,1.0
regir_kv0_sg,2,trained,0,id_train,10v10_K2,2042,0.7610040833157329,0.7526934378060725,100.0
regir_kv0_sg,2,trained,0,id_train,10v10_K3,2064,0.7906017573099454,0.7858527131782945,100.0
regir_kv0_sg,2,trained,0,id_val,10v10_K2,1078,0.7247691906782816,0.7551020408163265,100.0
regir_kv0_sg,2,trained,0,id_val,10v10_K3,1048,0.7485280565807333,0.7299618320610687,100.0
regir_kv0_sg,2,trained,0,id_test,10v10_K2,1074,0.7531859003940222,0.7430167597765364,100.0
regir_kv0_sg,2,trained,0,id_test,10v10_K3,1020,0.773346048141263,0.7725490196078432,100.0
regir_kv0_sg,2,trained,0,ood_explore,30v30_K12,5674,0.7806117252095643,0.6506873457878041,100.0
regir_kv0_sg,2,trained,0,ood_explore,30v30_K2,5548,0.7862105239137414,0.669069935111752,100.0
regir_kv0_sg,2,trained,0,ood_explore,50v50_K2,8590,0.7909538897851296,0.6171129220023283,100.0
regir_kv0_sg,2,trained,0,ood_confirm,30v30_K12,5692,0.7838001934715207,0.6748067463106114,100.0
regir_kv0_sg,2,trained,0,ood_confirm,30v30_K2,5534,0.7816697667833482,0.6563064691001084,100.0
regir_kv0_sg,2,trained,0,ood_confirm,50v50_K2,8722,0.790917743906082,0.6226782847970649,100.0
regir_kv0_sg,2,trained,1,id_train,10v10_K2,2042,0.8464871918655523,0.791380999020568,0.1
regir_kv0_sg,2,trained,1,id_train,10v10_K3,2064,0.8736643519232393,0.8289728682170543,0.1
regir_kv0_sg,2,trained,1,id_val,10v10_K2,1078,0.8215881170426625,0.7727272727272727,0.1
regir_kv0_sg,2,trained,1,id_val,10v10_K3,1048,0.8097663502612501,0.7633587786259542,0.1
regir_kv0_sg,2,trained,1,id_test,10v10_K2,1074,0.8561108941819602,0.792364990689013,0.1
regir_kv0_sg,2,trained,1,id_test,10v10_K3,1020,0.841063115092227,0.807843137254902,0.1
regir_kv0_sg,2,trained,1,ood_explore,30v30_K12,5674,0.8317594570295651,0.7000352485019387,0.1
regir_kv0_sg,2,trained,1,ood_explore,30v30_K2,5548,0.8433473651996556,0.7404470079307859,0.1
regir_kv0_sg,2,trained,1,ood_explore,50v50_K2,8590,0.8564423203143423,0.6960419091967404,0.1
regir_kv0_sg,2,trained,1,ood_confirm,30v30_K12,5692,0.8470280624725349,0.7415671117357695,0.1
regir_kv0_sg,2,trained,1,ood_confirm,30v30_K2,5534,0.8415521646067804,0.7336465486086013,0.1
regir_kv0_sg,2,trained,1,ood_confirm,50v50_K2,8722,0.8577669474170931,0.7145150194909424,0.1
regir_kv0_sg,2,trained,2,id_train,10v10_K2,2042,0.8437063130475012,0.7874632713026445,0.0001
regir_kv0_sg,2,trained,2,id_train,10v10_K3,2064,0.8687850211652202,0.8250968992248062,0.0001
regir_kv0_sg,2,trained,2,id_val,10v10_K2,1078,0.8214159407341226,0.7708719851576994,0.0001
regir_kv0_sg,2,trained,2,id_val,10v10_K3,1048,0.8214465674324858,0.7566793893129771,0.0001
regir_kv0_sg,2,trained,2,id_test,10v10_K2,1074,0.8443789712825246,0.792364990689013,0.0001
regir_kv0_sg,2,trained,2,id_test,10v10_K3,1020,0.8418720768888722,0.8019607843137255,0.0001
regir_kv0_sg,2,trained,2,ood_explore,30v30_K12,5674,0.8317680318880799,0.7099048290447656,0.0001
regir_kv0_sg,2,trained,2,ood_explore,30v30_K2,5548,0.8507165099613931,0.751802451333814,0.0001
regir_kv0_sg,2,trained,2,ood_explore,50v50_K2,8590,0.8622210952140636,0.709196740395809,0.0001
regir_kv0_sg,2,trained,2,ood_confirm,30v30_K12,5692,0.8437841284016969,0.7447294448348559,0.0001
regir_kv0_sg,2,trained,2,ood_confirm,30v30_K2,5534,0.8461676769071645,0.7370798698951934,0.0001
regir_kv0_sg,2,trained,2,ood_confirm,50v50_K2,8722,0.8581714263201143,0.7211648704425591,0.0001
regir_kv0_sg,2,trained,3,id_train,10v10_K2,2042,0.8428086876062316,0.7908912830558276,0.0001
regir_kv0_sg,2,trained,3,id_train,10v10_K3,2064,0.863020733468401,0.8173449612403101,0.0001
regir_kv0_sg,2,trained,3,id_val,10v10_K2,1078,0.8213461395279578,0.7838589981447124,0.0001
regir_kv0_sg,2,trained,3,id_val,10v10_K3,1048,0.8199076659085648,0.7547709923664122,0.0001
regir_kv0_sg,2,trained,3,id_test,10v10_K2,1074,0.8310718469347911,0.7839851024208566,0.0001
regir_kv0_sg,2,trained,3,id_test,10v10_K3,1020,0.836359350473323,0.8107843137254902,0.0001
regir_kv0_sg,2,trained,3,ood_explore,30v30_K12,5674,0.827288967535066,0.7099048290447656,0.0001
regir_kv0_sg,2,trained,3,ood_explore,30v30_K2,5548,0.8463144546422686,0.739185291997116,0.0001
regir_kv0_sg,2,trained,3,ood_explore,50v50_K2,8590,0.8576834306733156,0.6988358556461001,0.0001
regir_kv0_sg,2,trained,3,ood_confirm,30v30_K12,5692,0.8378023594851842,0.7445537596626844,0.0001
regir_kv0_sg,2,trained,3,ood_confirm,30v30_K2,5534,0.8401826732421223,0.7287676183592339,0.0001
regir_kv0_sg,2,trained,3,ood_confirm,50v50_K2,8722,0.8525901694633473,0.7102728731942215,0.0001
regir_kv0_sg,2,trained,4,id_train,10v10_K2,2042,0.8419827213388448,0.7908912830558276,0.0001
regir_kv0_sg,2,trained,4,id_train,10v10_K3,2064,0.860865997406808,0.8178294573643411,0.0001
regir_kv0_sg,2,trained,4,id_val,10v10_K2,1078,0.817632715359988,0.7820037105751392,0.0001
regir_kv0_sg,2,trained,4,id_val,10v10_K3,1048,0.8161171562552488,0.7557251908396947,0.0001
regir_kv0_sg,2,trained,4,id_test,10v10_K2,1074,0.8287556352277164,0.7821229050279329,0.0001
regir_kv0_sg,2,trained,4,id_test,10v10_K3,1020,0.8325020491913061,0.8068627450980392,0.0001
regir_kv0_sg,2,trained,4,ood_explore,30v30_K12,5674,0.821890964177879,0.7044413112442721,0.0001
regir_kv0_sg,2,trained,4,ood_explore,30v30_K2,5548,0.8405393119751612,0.7308940158615718,0.0001
regir_kv0_sg,2,trained,4,ood_explore,50v50_K2,8590,0.8545227370300345,0.6888242142025611,0.0001
regir_kv0_sg,2,trained,4,ood_confirm,30v30_K12,5692,0.8333972482711846,0.735769501054111,0.0001
regir_kv0_sg,2,trained,4,ood_confirm,30v30_K2,5534,0.8380363742374376,0.7199132634622335,0.0001
regir_kv0_sg,2,trained,4,ood_confirm,50v50_K2,8722,0.8498390202107403,0.700986012382481,0.0001
regir_kv0_sg,2,shuffled_labels,0,id_train,10v10_K2,2042,0.567034014221203,0.7433888344760039,100.0
regir_kv0_sg,2,shuffled_labels,0,id_train,10v10_K3,2064,0.5929627151551558,0.7737403100775194,100.0
regir_kv0_sg,2,shuffled_labels,0,id_val,10v10_K2,1078,0.5828121509939692,0.7551020408163265,100.0
regir_kv0_sg,2,shuffled_labels,0,id_val,10v10_K3,1048,0.5555843059281755,0.7223282442748091,100.0
regir_kv0_sg,2,shuffled_labels,0,id_test,10v10_K2,1074,0.6081564374711583,0.7337057728119181,100.0
regir_kv0_sg,2,shuffled_labels,0,id_test,10v10_K3,1020,0.5581139939676094,0.765686274509804,100.0
regir_kv0_sg,2,shuffled_labels,0,ood_explore,30v30_K12,5674,0.5899501358985153,0.6045118082481494,100.0
regir_kv0_sg,2,shuffled_labels,0,ood_explore,30v30_K2,5548,0.624578067533554,0.6339221341023792,100.0
regir_kv0_sg,2,shuffled_labels,0,ood_explore,50v50_K2,8590,0.5756604628297238,0.5707799767171129,100.0
regir_kv0_sg,2,shuffled_labels,0,ood_confirm,30v30_K12,5692,0.595265582963798,0.6393183415319748,100.0
regir_kv0_sg,2,shuffled_labels,0,ood_confirm,30v30_K2,5534,0.5982667244146219,0.6261293820021684,100.0
regir_kv0_sg,2,shuffled_labels,0,ood_confirm,50v50_K2,8722,0.6054979907020723,0.5842696629213483,100.0
regir_kv0_sg,2,shuffled_labels,1,id_train,10v10_K2,2042,0.578249303523117,0.7433888344760039,100.0
regir_kv0_sg,2,shuffled_labels,1,id_train,10v10_K3,2064,0.6082697885087001,0.7737403100775194,100.0
regir_kv0_sg,2,shuffled_labels,1,id_val,10v10_K2,1078,0.5913418583873129,0.7551020408163265,100.0
regir_kv0_sg,2,shuffled_labels,1,id_val,10v10_K3,1048,0.5154366803306596,0.7223282442748091,100.0
regir_kv0_sg,2,shuffled_labels,1,id_test,10v10_K2,1074,0.5763994888360371,0.7337057728119181,100.0
regir_kv0_sg,2,shuffled_labels,1,id_test,10v10_K3,1020,0.5705645053278974,0.765686274509804,100.0
regir_kv0_sg,2,shuffled_labels,1,ood_explore,30v30_K12,5674,0.6037335713506181,0.6045118082481494,100.0
regir_kv0_sg,2,shuffled_labels,1,ood_explore,30v30_K2,5548,0.6055786993385297,0.6339221341023792,100.0
regir_kv0_sg,2,shuffled_labels,1,ood_explore,50v50_K2,8590,0.5730727510503331,0.5707799767171129,100.0
regir_kv0_sg,2,shuffled_labels,1,ood_confirm,30v30_K12,5692,0.5985838056011438,0.6393183415319748,100.0
regir_kv0_sg,2,shuffled_labels,1,ood_confirm,30v30_K2,5534,0.5617012491831245,0.6261293820021684,100.0
regir_kv0_sg,2,shuffled_labels,1,ood_confirm,50v50_K2,8722,0.5955110851247878,0.5842696629213483,100.0
regir_kv0_sg,2,shuffled_labels,2,id_train,10v10_K2,2042,0.5535155739271239,0.7433888344760039,100.0
regir_kv0_sg,2,shuffled_labels,2,id_train,10v10_K3,2064,0.5788141308851312,0.7737403100775194,100.0
regir_kv0_sg,2,shuffled_labels,2,id_val,10v10_K2,1078,0.5800805971260516,0.7551020408163265,100.0
regir_kv0_sg,2,shuffled_labels,2,id_val,10v10_K3,1048,0.5343029774793792,0.7223282442748091,100.0
regir_kv0_sg,2,shuffled_labels,2,id_test,10v10_K2,1074,0.5715318945014376,0.7337057728119181,100.0
regir_kv0_sg,2,shuffled_labels,2,id_test,10v10_K3,1020,0.5694019575804006,0.765686274509804,100.0
regir_kv0_sg,2,shuffled_labels,2,ood_explore,30v30_K12,5674,0.621961641799577,0.6045118082481494,100.0
regir_kv0_sg,2,shuffled_labels,2,ood_explore,30v30_K2,5548,0.6035116484929989,0.6339221341023792,100.0
regir_kv0_sg,2,shuffled_labels,2,ood_explore,50v50_K2,8590,0.5550513706065836,0.5707799767171129,100.0
regir_kv0_sg,2,shuffled_labels,2,ood_confirm,30v30_K12,5692,0.6264259556487888,0.6393183415319748,100.0
regir_kv0_sg,2,shuffled_labels,2,ood_confirm,30v30_K2,5534,0.5643808101033814,0.6261293820021684,100.0
regir_kv0_sg,2,shuffled_labels,2,ood_confirm,50v50_K2,8722,0.5793741411452782,0.5842696629213483,100.0
regir_kv0_sg,2,shuffled_labels,3,id_train,10v10_K2,2042,0.5350840800973559,0.7433888344760039,10.0
regir_kv0_sg,2,shuffled_labels,3,id_train,10v10_K3,2064,0.5621045348679738,0.7737403100775194,10.0
regir_kv0_sg,2,shuffled_labels,3,id_val,10v10_K2,1078,0.5634167225076316,0.7551020408163265,10.0
regir_kv0_sg,2,shuffled_labels,3,id_val,10v10_K3,1048,0.5363503066454216,0.7223282442748091,10.0
regir_kv0_sg,2,shuffled_labels,3,id_test,10v10_K2,1074,0.5376894678925136,0.7337057728119181,10.0
regir_kv0_sg,2,shuffled_labels,3,id_test,10v10_K3,1020,0.57722906476516,0.765686274509804,10.0
regir_kv0_sg,2,shuffled_labels,3,ood_explore,30v30_K12,5674,0.6187190460599824,0.6045118082481494,10.0
regir_kv0_sg,2,shuffled_labels,3,ood_explore,30v30_K2,5548,0.6077941466551925,0.6339221341023792,10.0
regir_kv0_sg,2,shuffled_labels,3,ood_explore,50v50_K2,8590,0.5493891503300731,0.5707799767171129,10.0
regir_kv0_sg,2,shuffled_labels,3,ood_confirm,30v30_K12,5692,0.6157294728978577,0.6393183415319748,10.0
regir_kv0_sg,2,shuffled_labels,3,ood_confirm,30v30_K2,5534,0.5549229783159217,0.6261293820021684,10.0
regir_kv0_sg,2,shuffled_labels,3,ood_confirm,50v50_K2,8722,0.5625639135114354,0.5842696629213483,10.0
regir_kv0_sg,2,shuffled_labels,4,id_train,10v10_K2,2042,0.5225952689859096,0.7433888344760039,10.0
regir_kv0_sg,2,shuffled_labels,4,id_train,10v10_K3,2064,0.5559554249871614,0.7737403100775194,10.0
regir_kv0_sg,2,shuffled_labels,4,id_val,10v10_K2,1078,0.5437234755416573,0.7551020408163265,10.0
regir_kv0_sg,2,shuffled_labels,4,id_val,10v10_K3,1048,0.5365228088811415,0.7223282442748091,10.0
regir_kv0_sg,2,shuffled_labels,4,id_test,10v10_K2,1074,0.5290192041461077,0.7337057728119181,10.0
regir_kv0_sg,2,shuffled_labels,4,id_test,10v10_K3,1020,0.5653625059600662,0.765686274509804,10.0
regir_kv0_sg,2,shuffled_labels,4,ood_explore,30v30_K12,5674,0.621193412429907,0.6041593232287628,10.0
regir_kv0_sg,2,shuffled_labels,4,ood_explore,30v30_K2,5548,0.6009603491628969,0.6339221341023792,10.0
regir_kv0_sg,2,shuffled_labels,4,ood_explore,50v50_K2,8590,0.5418650985616761,0.5707799767171129,10.0
regir_kv0_sg,2,shuffled_labels,4,ood_confirm,30v30_K12,5692,0.6163785274185714,0.6393183415319748,10.0
regir_kv0_sg,2,shuffled_labels,4,ood_confirm,30v30_K2,5534,0.5442174280260312,0.6261293820021684,10.0
regir_kv0_sg,2,shuffled_labels,4,ood_confirm,50v50_K2,8722,0.5510815075319448,0.5842696629213483,10.0
regir_kv0_sg,2,random_init,0,id_train,10v10_K2,2042,0.7637547898500437,0.7507345739471106,100.0
regir_kv0_sg,2,random_init,0,id_train,10v10_K3,2064,0.7878610724873591,0.7868217054263565,100.0
regir_kv0_sg,2,random_init,0,id_val,10v10_K2,1078,0.724415531233713,0.7532467532467533,100.0
regir_kv0_sg,2,random_init,0,id_val,10v10_K3,1048,0.748164893979218,0.7404580152671756,100.0
regir_kv0_sg,2,random_init,0,id_test,10v10_K2,1074,0.7556307905292677,0.7420856610800745,100.0
regir_kv0_sg,2,random_init,0,id_test,10v10_K3,1020,0.7751139778955207,0.7745098039215687,100.0
regir_kv0_sg,2,random_init,0,ood_explore,30v30_K12,5674,0.7778286639331057,0.6565033486076842,100.0
regir_kv0_sg,2,random_init,0,ood_explore,30v30_K2,5548,0.7857871739810027,0.6791636625811103,100.0
regir_kv0_sg,2,random_init,0,ood_explore,50v50_K2,8590,0.7860868076927822,0.620023282887078,100.0
regir_kv0_sg,2,random_init,0,ood_confirm,30v30_K12,5692,0.7833331794020694,0.6832396345748419,100.0
regir_kv0_sg,2,random_init,0,ood_confirm,30v30_K2,5534,0.7792253823186641,0.6613661004698229,100.0
regir_kv0_sg,2,random_init,0,ood_confirm,50v50_K2,8722,0.7880422853090492,0.625659252465031,100.0
regir_kv0_sg,2,random_init,1,id_train,10v10_K2,2042,0.833933007472669,0.797747306562194,1.0
regir_kv0_sg,2,random_init,1,id_train,10v10_K3,2064,0.8525058360228426,0.813468992248062,1.0
regir_kv0_sg,2,random_init,1,id_val,10v10_K2,1078,0.7926578437942075,0.7773654916512059,1.0
regir_kv0_sg,2,random_init,1,id_val,10v10_K3,1048,0.8019220380685197,0.7576335877862596,1.0
regir_kv0_sg,2,random_init,1,id_test,10v10_K2,1074,0.8061881012388626,0.7774674115456238,1.0
regir_kv0_sg,2,random_init,1,id_test,10v10_K3,1020,0.8321377485146711,0.7862745098039216,1.0
regir_kv0_sg,2,random_init,1,ood_explore,30v30_K12,5674,0.8282181703850371,0.6760662671836447,1.0
regir_kv0_sg,2,random_init,1,ood_explore,30v30_K2,5548,0.8368116206196616,0.7431506849315068,1.0
regir_kv0_sg,2,random_init,1,ood_explore,50v50_K2,8590,0.8401455831965738,0.6939464493597206,1.0
regir_kv0_sg,2,random_init,1,ood_confirm,30v30_K12,5692,0.8286517481839791,0.7053759662684469,1.0
regir_kv0_sg,2,random_init,1,ood_confirm,30v30_K2,5534,0.8368999670111318,0.7414166967835201,1.0
regir_kv0_sg,2,random_init,1,ood_confirm,50v50_K2,8722,0.8432539802802194,0.7101582205916074,1.0
regir_kv0_sg,2,random_init,2,id_train,10v10_K2,2042,0.8440696376308723,0.8016650342801175,0.1
regir_kv0_sg,2,random_init,2,id_train,10v10_K3,2064,0.851957430889556,0.8173449612403101,0.1
regir_kv0_sg,2,random_init,2,id_val,10v10_K2,1078,0.7926904176904177,0.7792207792207793,0.1
regir_kv0_sg,2,random_init,2,id_val,10v10_K3,1048,0.7929700799411676,0.7595419847328244,0.1
regir_kv0_sg,2,random_init,2,id_test,10v10_K2,1074,0.8060505484363353,0.770949720670391,0.1
regir_kv0_sg,2,random_init,2,id_test,10v10_K3,1020,0.8396541286517125,0.7911764705882353,0.1
regir_kv0_sg,2,random_init,2,ood_explore,30v30_K12,5674,0.823109243697479,0.6693690518152978,0.1
regir_kv0_sg,2,random_init,2,ood_explore,30v30_K2,5548,0.8346496520312747,0.7469358327325162,0.1
regir_kv0_sg,2,random_init,2,ood_explore,50v50_K2,8590,0.8394918926495963,0.6980209545983702,0.1
regir_kv0_sg,2,random_init,2,ood_confirm,30v30_K12,5692,0.8255059285622405,0.7009838369641602,0.1
regir_kv0_sg,2,random_init,2,ood_confirm,30v30_K2,5534,0.8355200140603717,0.7441272135887242,0.1
regir_kv0_sg,2,random_init,2,ood_confirm,50v50_K2,8722,0.8387312199265552,0.7149736299013988,0.1
regir_kv0_sg,2,random_init,3,id_train,10v10_K2,2042,0.8403031308773095,0.8021547502448579,1.0
regir_kv0_sg,2,random_init,3,id_train,10v10_K3,2064,0.8517992113156494,0.8212209302325582,1.0
regir_kv0_sg,2,random_init,3,id_val,10v10_K2,1078,0.7949426699426699,0.7820037105751392,1.0
regir_kv0_sg,2,random_init,3,id_val,10v10_K3,1048,0.7866465111422826,0.7375954198473282,1.0
regir_kv0_sg,2,random_init,3,id_test,10v10_K2,1074,0.7998296120123531,0.7541899441340782,1.0
regir_kv0_sg,2,random_init,3,id_test,10v10_K3,1020,0.8315270091450184,0.7941176470588235,1.0
regir_kv0_sg,2,random_init,3,ood_explore,30v30_K12,5674,0.8138695738035474,0.6623193514275644,1.0
regir_kv0_sg,2,random_init,3,ood_explore,30v30_K2,5548,0.8273911046395317,0.7393655371304975,1.0
regir_kv0_sg,2,random_init,3,ood_explore,50v50_K2,8590,0.8341299374394304,0.6892898719441211,1.0
regir_kv0_sg,2,random_init,3,ood_confirm,30v30_K12,5692,0.8199109956046601,0.693429374560787,1.0
regir_kv0_sg,2,random_init,3,ood_confirm,30v30_K2,5534,0.8302430505427122,0.737983375496928,1.0
regir_kv0_sg,2,random_init,3,ood_confirm,50v50_K2,8722,0.8362482801258312,0.7119926622334327,1.0
regir_kv0_sg,2,random_init,4,id_train,10v10_K2,2042,0.8429872069516942,0.7987267384916749,1.0
regir_kv0_sg,2,random_init,4,id_train,10v10_K3,2064,0.854594870735949,0.8241279069767442,1.0
regir_kv0_sg,2,random_init,4,id_val,10v10_K2,1078,0.7960594892413074,0.7847866419294991,1.0
regir_kv0_sg,2,random_init,4,id_val,10v10_K3,1048,0.7887800914261849,0.7452290076335878,1.0
regir_kv0_sg,2,random_init,4,id_test,10v10_K2,1074,0.8078476092435484,0.7625698324022346,1.0
regir_kv0_sg,2,random_init,4,id_test,10v10_K3,1020,0.8305198249213807,0.7990196078431373,1.0
regir_kv0_sg,2,random_init,4,ood_explore,30v30_K12,5674,0.8155173757814814,0.6612618963694042,1.0
regir_kv0_sg,2,random_init,4,ood_explore,30v30_K2,5548,0.8281267871450017,0.7395457822638789,1.0
regir_kv0_sg,2,random_init,4,ood_explore,50v50_K2,8590,0.8366470083769417,0.6923166472642608,1.0
regir_kv0_sg,2,random_init,4,ood_confirm,30v30_K12,5692,0.8220721905503069,0.69378074490513,1.0
regir_kv0_sg,2,random_init,4,ood_confirm,30v30_K2,5534,0.8318691994864059,0.7425009035056017,1.0
regir_kv0_sg,2,random_init,4,ood_confirm,50v50_K2,8722,0.8375339104202078,0.7148589772987847,1.0
regir_kv0_sg,1,trained,0,id_train,10v10_K2,2042,0.762188345452534,0.7507345739471106,100.0
regir_kv0_sg,1,trained,0,id_train,10v10_K3,2064,0.7859838911020262,0.7819767441860465,100.0
regir_kv0_sg,1,trained,0,id_val,10v10_K2,1078,0.7248808726081454,0.7606679035250464,100.0
regir_kv0_sg,1,trained,0,id_val,10v10_K3,1048,0.7457997975368497,0.7356870229007634,100.0
regir_kv0_sg,1,trained,0,id_test,10v10_K2,1074,0.7536163075503177,0.7486033519553073,100.0
regir_kv0_sg,1,trained,0,id_test,10v10_K3,1020,0.7698423328100975,0.7715686274509804,100.0
regir_kv0_sg,1,trained,0,ood_explore,30v30_K12,5674,0.7814224391055123,0.6549171660204441,100.0
regir_kv0_sg,1,trained,0,ood_explore,30v30_K2,5548,0.7838205007484922,0.6687094448449892,100.0
regir_kv0_sg,1,trained,0,ood_explore,50v50_K2,8590,0.7896682485900458,0.6216530849825378,100.0
regir_kv0_sg,1,trained,0,ood_confirm,30v30_K12,5692,0.7836157436613448,0.67463106113844,100.0
regir_kv0_sg,1,trained,0,ood_confirm,30v30_K2,5534,0.7815869110214204,0.6541380556559451,100.0
regir_kv0_sg,1,trained,0,ood_confirm,50v50_K2,8722,0.7894691098043868,0.6187800963081862,100.0
regir_kv0_sg,1,trained,1,id_train,10v10_K2,2042,0.8560279194198875,0.7904015670910872,1.0
regir_kv0_sg,1,trained,1,id_train,10v10_K3,2064,0.8801553769849517,0.8338178294573644,1.0
regir_kv0_sg,1,trained,1,id_val,10v10_K2,1078,0.8389267366540094,0.7838589981447124,1.0
regir_kv0_sg,1,trained,1,id_val,10v10_K3,1048,0.835410169460749,0.7709923664122137,1.0
regir_kv0_sg,1,trained,1,id_test,10v10_K2,1074,0.8609429910191332,0.7905027932960894,1.0
regir_kv0_sg,1,trained,1,id_test,10v10_K3,1020,0.8495598926384477,0.8107843137254902,1.0
regir_kv0_sg,1,trained,1,ood_explore,30v30_K12,5674,0.854631592896899,0.7201268946069792,1.0
regir_kv0_sg,1,trained,1,ood_explore,30v30_K2,5548,0.8703202437846028,0.7689257390050469,1.0
regir_kv0_sg,1,trained,1,ood_explore,50v50_K2,8590,0.8726017033127789,0.7209545983701979,1.0
regir_kv0_sg,1,trained,1,ood_confirm,30v30_K12,5692,0.8676086724606394,0.7607167955024596,1.0
regir_kv0_sg,1,trained,1,ood_confirm,30v30_K2,5534,0.8617470709302512,0.7504517528008674,1.0
regir_kv0_sg,1,trained,1,ood_confirm,50v50_K2,8722,0.8772281516450613,0.7391653290529695,1.0
regir_kv0_sg,1,trained,2,id_train,10v10_K2,2042,0.8596687083245331,0.8080313418217434,1.0
regir_kv0_sg,1,trained,2,id_train,10v10_K3,2064,0.8817697529763381,0.8391472868217055,1.0
regir_kv0_sg,1,trained,2,id_val,10v10_K2,1078,0.8428960985779168,0.7894248608534323,1.0
regir_kv0_sg,1,trained,2,id_val,10v10_K3,1048,0.8433452723038581,0.7814885496183206,1.0
regir_kv0_sg,1,trained,2,id_test,10v10_K2,1074,0.8470545951510419,0.7895716945996276,1.0
regir_kv0_sg,1,trained,2,id_test,10v10_K3,1020,0.8557637188670248,0.8088235294117647,1.0
regir_kv0_sg,1,trained,2,ood_explore,30v30_K12,5674,0.8508296825223596,0.722065562213606,1.0
regir_kv0_sg,1,trained,2,ood_explore,30v30_K2,5548,0.8662562804256515,0.774873828406633,1.0
regir_kv0_sg,1,trained,2,ood_explore,50v50_K2,8590,0.8703011462790393,0.7455180442374855,1.0
regir_kv0_sg,1,trained,2,ood_confirm,30v30_K12,5692,0.8616476508014398,0.7575544624033732,1.0
regir_kv0_sg,1,trained,2,ood_confirm,30v30_K2,5534,0.863163569688461,0.7672569569931333,1.0
regir_kv0_sg,1,trained,2,ood_confirm,50v50_K2,8722,0.8732312571598286,0.7622105021783995,1.0
regir_kv0_sg,1,trained,3,id_train,10v10_K2,2042,0.8614526446006698,0.8055827619980411,1.0
regir_kv0_sg,1,trained,3,id_train,10v10_K3,2064,0.8802894613696184,0.8391472868217055,1.0
regir_kv0_sg,1,trained,3,id_val,10v10_K2,1078,0.8463442781624599,0.7940630797773655,1.0
regir_kv0_sg,1,trained,3,id_val,10v10_K3,1048,0.8456422757584424,0.7843511450381679,1.0
regir_kv0_sg,1,trained,3,id_test,10v10_K2,1074,0.8384109545277058,0.7849162011173184,1.0
regir_kv0_sg,1,trained,3,id_test,10v10_K3,1020,0.8620800497163277,0.8166666666666667,1.0
regir_kv0_sg,1,trained,3,ood_explore,30v30_K12,5674,0.8544443751526585,0.7268241099753261,1.0
regir_kv0_sg,1,trained,3,ood_explore,30v30_K2,5548,0.8661697624830481,0.7790194664744052,1.0
regir_kv0_sg,1,trained,3,ood_explore,50v50_K2,8590,0.8723033743697435,0.7548311990686846,1.0
regir_kv0_sg,1,trained,3,ood_confirm,30v30_K12,5692,0.8611882663685486,0.755621925509487,1.0
regir_kv0_sg,1,trained,3,ood_confirm,30v30_K2,5534,0.8617734341272282,0.7735814962052765,1.0
regir_kv0_sg,1,trained,3,ood_confirm,50v50_K2,8722,0.8728656350740899,0.7695482687457005,1.0
regir_kv0_sg,1,trained,4,id_train,10v10_K2,2042,0.8614237294954188,0.8080313418217434,1.0
regir_kv0_sg,1,trained,4,id_train,10v10_K3,2064,0.8791846060399652,0.8376937984496124,1.0
regir_kv0_sg,1,trained,4,id_val,10v10_K2,1078,0.8448877596604869,0.7987012987012987,1.0
regir_kv0_sg,1,trained,4,id_val,10v10_K3,1048,0.8442531788076464,0.7814885496183206,1.0
regir_kv0_sg,1,trained,4,id_test,10v10_K2,1074,0.8304683894785417,0.7849162011173184,1.0
regir_kv0_sg,1,trained,4,id_test,10v10_K3,1020,0.8595138728912081,0.8166666666666667,1.0
regir_kv0_sg,1,trained,4,ood_explore,30v30_K12,5674,0.8545437655581714,0.7303489601691928,1.0
regir_kv0_sg,1,trained,4,ood_explore,30v30_K2,5548,0.8641244111215035,0.7750540735400144,1.0
regir_kv0_sg,1,trained,4,ood_explore,50v50_K2,8590,0.8725807931810401,0.7520372526193247,1.0
regir_kv0_sg,1,trained,4,ood_confirm,30v30_K12,5692,0.8613142222984294,0.7575544624033732,1.0
regir_kv0_sg,1,trained,4,ood_confirm,30v30_K2,5534,0.8605428726260046,0.7737621973256235,1.0
regir_kv0_sg,1,trained,4,ood_confirm,50v50_K2,8722,0.8720211757748201,0.7675991745012611,1.0
regir_kv0_sg,1,shuffled_labels,0,id_train,10v10_K2,2042,0.4972844944633859,0.7428991185112634,0.0001
regir_kv0_sg,1,shuffled_labels,0,id_train,10v10_K3,2064,0.5172546490408274,0.7722868217054264,0.0001
regir_kv0_sg,1,shuffled_labels,0,id_val,10v10_K2,1078,0.532690231553868,0.7551020408163265,0.0001
regir_kv0_sg,1,shuffled_labels,0,id_val,10v10_K3,1048,0.4701321457916264,0.7204198473282443,0.0001
regir_kv0_sg,1,shuffled_labels,0,id_test,10v10_K2,1074,0.5201359554151432,0.7318435754189944,0.0001
regir_kv0_sg,1,shuffled_labels,0,id_test,10v10_K3,1020,0.4957917914485774,0.7647058823529411,0.0001
regir_kv0_sg,1,shuffled_labels,0,ood_explore,30v30_K12,5674,0.5203576235689081,0.6036305956996828,0.0001
regir_kv0_sg,1,shuffled_labels,0,ood_explore,30v30_K2,5548,0.4891517279719088,0.6330209084354722,0.0001
regir_kv0_sg,1,shuffled_labels,0,ood_explore,50v50_K2,8590,0.5224905891960668,0.5686845168800931,0.0001
regir_kv0_sg,1,shuffled_labels,0,ood_confirm,30v30_K12,5692,0.5033845469341108,0.6384399156711174,0.0001
regir_kv0_sg,1,shuffled_labels,0,ood_confirm,30v30_K2,5534,0.5089228262742037,0.6257679797614745,0.0001
regir_kv0_sg,1,shuffled_labels,0,ood_confirm,50v50_K2,8722,0.5166741746552242,0.583925705113506,0.0001
regir_kv0_sg,1,shuffled_labels,1,id_train,10v10_K2,2042,0.5573663116394614,0.7438785504407444,0.0001
regir_kv0_sg,1,shuffled_labels,1,id_train,10v10_K3,2064,0.5209205161176135,0.7727713178294574,0.0001
regir_kv0_sg,1,shuffled_labels,1,id_val,10v10_K2,1078,0.5460874097237733,0.7541743970315399,0.0001
regir_kv0_sg,1,shuffled_labels,1,id_val,10v10_K3,1048,0.5510402338767154,0.7232824427480916,0.0001
regir_kv0_sg,1,shuffled_labels,1,id_test,10v10_K2,1074,0.5542401760675872,0.7327746741154563,0.0001
regir_kv0_sg,1,shuffled_labels,1,id_test,10v10_K3,1020,0.5052100354121687,0.7666666666666667,0.0001
regir_kv0_sg,1,shuffled_labels,1,ood_explore,30v30_K12,5674,0.5332582383602792,0.6050405357772295,0.0001
regir_kv0_sg,1,shuffled_labels,1,ood_explore,30v30_K2,5548,0.5352502517490134,0.635183850036049,0.0001
regir_kv0_sg,1,shuffled_labels,1,ood_explore,50v50_K2,8590,0.538434675282526,0.5708963911525029,0.0001
regir_kv0_sg,1,shuffled_labels,1,ood_confirm,30v30_K12,5692,0.5464535776102024,0.6398453970484891,0.0001
regir_kv0_sg,1,shuffled_labels,1,ood_confirm,30v30_K2,5534,0.5412671212574548,0.6282977954463318,0.0001
regir_kv0_sg,1,shuffled_labels,1,ood_confirm,50v50_K2,8722,0.5164752364096388,0.5842696629213483,0.0001
regir_kv0_sg,1,shuffled_labels,2,id_train,10v10_K2,2042,0.5704837119954943,0.7419196865817825,0.001
regir_kv0_sg,1,shuffled_labels,2,id_train,10v10_K3,2064,0.5475939227593494,0.7737403100775194,0.001
regir_kv0_sg,1,shuffled_labels,2,id_val,10v10_K2,1078,0.5470367061276152,0.7541743970315399,0.001
regir_kv0_sg,1,shuffled_labels,2,id_val,10v10_K3,1048,0.5638507946451674,0.7213740458015268,0.001
regir_kv0_sg,1,shuffled_labels,2,id_test,10v10_K2,1074,0.5455521635724682,0.7309124767225326,0.001
regir_kv0_sg,1,shuffled_labels,2,id_test,10v10_K3,1020,0.5085798166710418,0.765686274509804,0.001
regir_kv0_sg,1,shuffled_labels,2,ood_explore,30v30_K12,5674,0.5346881609786772,0.6048642932675361,0.001
regir_kv0_sg,1,shuffled_labels,2,ood_explore,30v30_K2,5548,0.5272700215188882,0.6348233597692863,0.001
regir_kv0_sg,1,shuffled_labels,2,ood_explore,50v50_K2,8590,0.5300546357402499,0.5710128055878929,0.001
regir_kv0_sg,1,shuffled_labels,2,ood_confirm,30v30_K12,5692,0.5458667648614277,0.6391426563598033,0.001
regir_kv0_sg,1,shuffled_labels,2,ood_confirm,30v30_K2,5534,0.5230521049757396,0.6255872786411276,0.001
regir_kv0_sg,1,shuffled_labels,2,ood_confirm,50v50_K2,8722,0.5054496956829319,0.5842696629213483,0.001
regir_kv0_sg,1,shuffled_labels,3,id_train,10v10_K2,2042,0.5573839121383097,0.7419196865817825,0.0001
regir_kv0_sg,1,shuffled_labels,3,id_train,10v10_K3,2064,0.5461471522487963,0.7737403100775194,0.0001
regir_kv0_sg,1,shuffled_labels,3,id_val,10v10_K2,1078,0.5529511949966496,0.7541743970315399,0.0001
regir_kv0_sg,1,shuffled_labels,3,id_val,10v10_K3,1048,0.5560745754402212,0.7223282442748091,0.0001
regir_kv0_sg,1,shuffled_labels,3,id_test,10v10_K2,1074,0.5427168009655319,0.7309124767225326,0.0001
regir_kv0_sg,1,shuffled_labels,3,id_test,10v10_K3,1020,0.5110656330527861,0.765686274509804,0.0001
regir_kv0_sg,1,shuffled_labels,3,ood_explore,30v30_K12,5674,0.554304578974447,0.6046880507578428,0.0001
regir_kv0_sg,1,shuffled_labels,3,ood_explore,30v30_K2,5548,0.5484646775099689,0.6341023792357606,0.0001
regir_kv0_sg,1,shuffled_labels,3,ood_explore,50v50_K2,8590,0.5665236203448059,0.5706635622817229,0.0001
regir_kv0_sg,1,shuffled_labels,3,ood_confirm,30v30_K12,5692,0.5615814068166386,0.6393183415319748,0.0001
regir_kv0_sg,1,shuffled_labels,3,ood_confirm,30v30_K2,5534,0.5520771479205505,0.6255872786411276,0.0001
regir_kv0_sg,1,shuffled_labels,3,ood_confirm,50v50_K2,8722,0.5425501631769853,0.5843843155239624,0.0001
regir_kv0_sg,1,shuffled_labels,4,id_train,10v10_K2,2042,0.5500256464411791,0.742409402546523,0.0001
regir_kv0_sg,1,shuffled_labels,4,id_train,10v10_K3,2064,0.5486049190197358,0.7737403100775194,0.0001
regir_kv0_sg,1,shuffled_labels,4,id_val,10v10_K2,1078,0.5540028665028665,0.7541743970315399,0.0001
regir_kv0_sg,1,shuffled_labels,4,id_val,10v10_K3,1048,0.5500914715802566,0.7223282442748091,0.0001
regir_kv0_sg,1,shuffled_labels,4,id_test,10v10_K2,1074,0.5373921763515672,0.7337057728119181,0.0001
regir_kv0_sg,1,shuffled_labels,4,id_test,10v10_K3,1020,0.5136478819665807,0.765686274509804,0.0001
regir_kv0_sg,1,shuffled_labels,4,ood_explore,30v30_K12,5674,0.5555557287850205,0.6048642932675361,0.0001
regir_kv0_sg,1,shuffled_labels,4,ood_explore,30v30_K2,5548,0.5641333849081069,0.6342826243691421,0.0001
regir_kv0_sg,1,shuffled_labels,4,ood_explore,50v50_K2,8590,0.5873067977123431,0.5706635622817229,0.0001
regir_kv0_sg,1,shuffled_labels,4,ood_confirm,30v30_K12,5692,0.5639783173760154,0.6398453970484891,0.0001
regir_kv0_sg,1,shuffled_labels,4,ood_confirm,30v30_K2,5534,0.5704369525539172,0.6255872786411276,0.0001
regir_kv0_sg,1,shuffled_labels,4,ood_confirm,50v50_K2,8722,0.5640026981134852,0.5844989681265764,0.0001
regir_kv0_sg,1,random_init,0,id_train,10v10_K2,2042,0.7709483651650927,0.7536728697355534,10.0
regir_kv0_sg,1,random_init,0,id_train,10v10_K3,2064,0.7941858329120849,0.7877906976744186,10.0
regir_kv0_sg,1,random_init,0,id_val,10v10_K2,1078,0.7275658923386196,0.7560296846011132,10.0
regir_kv0_sg,1,random_init,0,id_val,10v10_K3,1048,0.7467077040406379,0.7490458015267175,10.0
regir_kv0_sg,1,random_init,0,id_test,10v10_K2,1074,0.7471158283341024,0.7439478584729982,10.0
regir_kv0_sg,1,random_init,0,id_test,10v10_K3,1020,0.7668582816794262,0.7647058823529411,10.0
regir_kv0_sg,1,random_init,0,ood_explore,30v30_K12,5674,0.7762299725084839,0.6591469862530842,10.0
regir_kv0_sg,1,random_init,0,ood_explore,30v30_K2,5548,0.7874196751601247,0.6757390050468637,10.0
regir_kv0_sg,1,random_init,0,ood_explore,50v50_K2,8590,0.7861882052363727,0.6189755529685681,10.0
regir_kv0_sg,1,random_init,0,ood_confirm,30v30_K12,5692,0.7847929831972648,0.6872803935347856,10.0
regir_kv0_sg,1,random_init,0,ood_confirm,30v30_K2,5534,0.7813239764907237,0.6617275027105168,10.0
regir_kv0_sg,1,random_init,0,ood_confirm,50v50_K2,8722,0.7910822089029086,0.6263471680807154,10.0
regir_kv0_sg,1,random_init,1,id_train,10v10_K2,2042,0.8384915366744109,0.786973555337904,0.0001
regir_kv0_sg,1,random_init,1,id_train,10v10_K3,2064,0.8654342523924007,0.8207364341085271,0.0001
regir_kv0_sg,1,random_init,1,id_val,10v10_K2,1078,0.8047753331844241,0.774582560296846,0.0001
regir_kv0_sg,1,random_init,1,id_val,10v10_K3,1048,0.8087313368469315,0.7566793893129771,0.0001
regir_kv0_sg,1,random_init,1,id_test,10v10_K2,1074,0.8259380213694935,0.7746741154562383,0.0001
regir_kv0_sg,1,random_init,1,id_test,10v10_K3,1020,0.8350735833793174,0.8009803921568628,0.0001
regir_kv0_sg,1,random_init,1,ood_explore,30v30_K12,5674,0.8300256466222853,0.6718364469510045,0.0001
regir_kv0_sg,1,random_init,1,ood_explore,30v30_K2,5548,0.8438421134345425,0.7599134823359769,0.0001
regir_kv0_sg,1,random_init,1,ood_explore,50v50_K2,8590,0.8413805532787667,0.7146682188591386,0.0001
regir_kv0_sg,1,random_init,1,ood_confirm,30v30_K12,5692,0.8320055757919396,0.7011595221363317,0.0001
regir_kv0_sg,1,random_init,1,ood_confirm,30v30_K2,5534,0.8381730722958369,0.7448500180701121,0.0001
regir_kv0_sg,1,random_init,1,ood_confirm,50v50_K2,8722,0.8473249083671824,0.7337766567301077,0.0001
regir_kv0_sg,1,random_init,2,id_train,10v10_K2,2042,0.8461703828862807,0.7962781586679726,0.1
regir_kv0_sg,1,random_init,2,id_train,10v10_K3,2064,0.8675018336039603,0.8236434108527132,0.1
regir_kv0_sg,1,random_init,2,id_val,10v10_K2,1078,0.812513960241233,0.7857142857142857,0.1
regir_kv0_sg,1,random_init,2,id_val,10v10_K3,1048,0.8065205845102071,0.7700381679389313,0.1
regir_kv0_sg,1,random_init,2,id_test,10v10_K2,1074,0.8363964715487558,0.7932960893854749,0.1
regir_kv0_sg,1,random_init,2,id_test,10v10_K3,1020,0.8419149357920057,0.8117647058823529,0.1
regir_kv0_sg,1,random_init,2,ood_explore,30v30_K12,5674,0.8268130628874927,0.6609094113500176,0.1
regir_kv0_sg,1,random_init,2,ood_explore,30v30_K2,5548,0.8458149465205718,0.7622566690699352,0.1
regir_kv0_sg,1,random_init,2,ood_explore,50v50_K2,8590,0.8508008442161442,0.7275902211874272,0.1
regir_kv0_sg,1,random_init,2,ood_confirm,30v30_K12,5692,0.8308473434207837,0.7001054111033029,0.1
regir_kv0_sg,1,random_init,2,ood_confirm,30v30_K2,5534,0.842525371089895,0.7611131189013371,0.1
regir_kv0_sg,1,random_init,2,ood_confirm,50v50_K2,8722,0.8490355283358199,0.7420316441183215,0.1
regir_kv0_sg,1,random_init,3,id_train,10v10_K2,2042,0.8499469470677569,0.801175318315377,0.01
regir_kv0_sg,1,random_init,3,id_train,10v10_K3,2064,0.8668260483052405,0.8255813953488372,0.01
regir_kv0_sg,1,random_init,3,id_val,10v10_K2,1078,0.8084561834561834,0.7801484230055659,0.01
regir_kv0_sg,1,random_init,3,id_val,10v10_K3,1048,0.8063934775996768,0.7624045801526718,0.01
regir_kv0_sg,1,random_init,3,id_test,10v10_K2,1074,0.8331262645983458,0.7867783985102421,0.01
regir_kv0_sg,1,random_init,3,id_test,10v10_K3,1020,0.836809368956225,0.8068627450980392,0.01
regir_kv0_sg,1,random_init,3,ood_explore,30v30_K12,5674,0.8283816123852138,0.6573845611561508,0.01
regir_kv0_sg,1,random_init,3,ood_explore,30v30_K2,5548,0.8441573859373624,0.7626171593366979,0.01
regir_kv0_sg,1,random_init,3,ood_explore,50v50_K2,8590,0.8481444830359918,0.7275902211874272,0.01
regir_kv0_sg,1,random_init,3,ood_confirm,30v30_K12,5692,0.8281586327262953,0.6936050597329585,0.01
regir_kv0_sg,1,random_init,3,ood_confirm,30v30_K2,5534,0.8410401048390416,0.7576797976147452,0.01
regir_kv0_sg,1,random_init,3,ood_confirm,50v50_K2,8722,0.8459345053732809,0.7406558128869525,0.01
regir_kv0_sg,1,random_init,4,id_train,10v10_K2,2042,0.8515423065705177,0.8080313418217434,0.001
regir_kv0_sg,1,random_init,4,id_train,10v10_K3,2064,0.8663218910188938,0.8265503875968992,0.001
regir_kv0_sg,1,random_init,4,id_val,10v10_K2,1078,0.8106246742610379,0.7847866419294991,0.001
regir_kv0_sg,1,random_init,4,id_val,10v10_K3,1048,0.8045004925392784,0.7519083969465649,0.001
regir_kv0_sg,1,random_init,4,id_test,10v10_K2,1074,0.8351939938234354,0.7895716945996276,0.001
regir_kv0_sg,1,random_init,4,id_test,10v10_K3,1020,0.8359146893533127,0.8088235294117647,0.001
regir_kv0_sg,1,random_init,4,ood_explore,30v30_K12,5674,0.8280600551909075,0.6540359534719774,0.001
regir_kv0_sg,1,random_init,4,ood_explore,30v30_K2,5548,0.8421541735737524,0.7590122566690699,0.001
regir_kv0_sg,1,random_init,4,ood_explore,50v50_K2,8590,0.8449502668005578,0.7253783469150175,0.001
regir_kv0_sg,1,random_init,4,ood_confirm,30v30_K12,5692,0.8262429246833065,0.6925509486999297,0.001
regir_kv0_sg,1,random_init,4,ood_confirm,30v30_K2,5534,0.8390804405304164,0.7546078785688471,0.001
regir_kv0_sg,1,random_init,4,ood_confirm,50v50_K2,8722,0.8440943266016152,0.7421462967209356,0.001
regir_kv0_sg,0,trained,0,id_train,10v10_K2,2042,0.7608758511098371,0.7497551420176298,100.0
regir_kv0_sg,0,trained,0,id_train,10v10_K3,2064,0.7859637784443262,0.7800387596899225,100.0
regir_kv0_sg,0,trained,0,id_val,10v10_K2,1078,0.7286408309135581,0.7662337662337663,100.0
regir_kv0_sg,0,trained,0,id_val,10v10_K3,1048,0.7458996672522663,0.7270992366412213,100.0
regir_kv0_sg,0,trained,0,id_test,10v10_K2,1074,0.7547389159064286,0.7486033519553073,100.0
regir_kv0_sg,0,trained,0,id_test,10v10_K3,1020,0.7725049421672676,0.7676470588235295,100.0
regir_kv0_sg,0,trained,0,ood_explore,30v30_K12,5674,0.7839802154628085,0.6540359534719774,100.0
regir_kv0_sg,0,trained,0,ood_explore,30v30_K2,5548,0.7871993204001608,0.6706921413121846,100.0
regir_kv0_sg,0,trained,0,ood_explore,50v50_K2,8590,0.7904425319602789,0.6204889406286379,100.0
regir_kv0_sg,0,trained,0,ood_confirm,30v30_K12,5692,0.7853550330905369,0.676563598032326,100.0
regir_kv0_sg,0,trained,0,ood_confirm,30v30_K2,5534,0.7827386619073424,0.6570292735814962,100.0
regir_kv0_sg,0,trained,0,ood_confirm,50v50_K2,8722,0.7915204034008698,0.6209584957578537,100.0
regir_kv0_sg,0,trained,1,id_train,10v10_K2,2042,0.8331309275965765,0.7957884427032321,0.001
regir_kv0_sg,0,trained,1,id_train,10v10_K3,2064,0.8669319749691271,0.8231589147286822,0.001
regir_kv0_sg,0,trained,1,id_val,10v10_K2,1078,0.8274095376368104,0.7866419294990723,0.001
regir_kv0_sg,0,trained,1,id_val,10v10_K3,1048,0.8252779328784722,0.7633587786259542,0.001
regir_kv0_sg,0,trained,1,id_test,10v10_K2,1074,0.8572290653508927,0.7877094972067039,0.001
regir_kv0_sg,0,trained,1,id_test,10v10_K3,1020,0.8383790762834902,0.8088235294117647,0.001
regir_kv0_sg,0,trained,1,ood_explore,30v30_K12,5674,0.8440849066899487,0.6794148748678182,0.001
regir_kv0_sg,0,trained,1,ood_explore,30v30_K2,5548,0.842634222158197,0.7348594087959625,0.001
regir_kv0_sg,0,trained,1,ood_explore,50v50_K2,8590,0.8572337522053136,0.6685681024447031,0.001
regir_kv0_sg,0,trained,1,ood_confirm,30v30_K12,5692,0.8513358623570731,0.7152143359100492,0.001
regir_kv0_sg,0,trained,1,ood_confirm,30v30_K2,5534,0.8527584761514196,0.7269606071557644,0.001
regir_kv0_sg,0,trained,1,ood_confirm,50v50_K2,8722,0.8622964725369974,0.7011006649850952,0.001
regir_kv0_sg,0,trained,2,id_train,10v10_K2,2042,0.8441588973036036,0.8031341821743389,0.0001
regir_kv0_sg,0,trained,2,id_train,10v10_K3,2064,0.8690572124660935,0.8265503875968992,0.0001
regir_kv0_sg,0,trained,2,id_val,10v10_K2,1078,0.839080299307572,0.7829313543599258,0.0001
regir_kv0_sg,0,trained,2,id_val,10v10_K3,1048,0.8305165534053304,0.767175572519084,0.0001
regir_kv0_sg,0,trained,2,id_test,10v10_K2,1074,0.8621854034290583,0.7951582867783985,0.0001
regir_kv0_sg,0,trained,2,id_test,10v10_K3,1020,0.8420435125014063,0.8166666666666667,0.0001
regir_kv0_sg,0,trained,2,ood_explore,30v30_K12,5674,0.8566238183585122,0.6869933027846317,0.0001
regir_kv0_sg,0,trained,2,ood_explore,30v30_K2,5548,0.8582732502621088,0.7550468637346792,0.0001
regir_kv0_sg,0,trained,2,ood_explore,50v50_K2,8590,0.866671910794944,0.7082654249126892,0.0001
regir_kv0_sg,0,trained,2,ood_confirm,30v30_K12,5692,0.8614273283141033,0.7185523541813071,0.0001
regir_kv0_sg,0,trained,2,ood_confirm,30v30_K2,5534,0.8617244739042709,0.7578604987350922,0.0001
regir_kv0_sg,0,trained,2,ood_confirm,50v50_K2,8722,0.875098603232714,0.7367576243980738,0.0001
regir_kv0_sg,0,trained,3,id_train,10v10_K2,2042,0.8461351818885838,0.8006856023506367,0.01
regir_kv0_sg,0,trained,3,id_train,10v10_K3,2064,0.8739338615364193,0.8275193798449613,0.01
regir_kv0_sg,0,trained,3,id_val,10v10_K2,1078,0.833445015263197,0.7829313543599258,0.01
regir_kv0_sg,0,trained,3,id_val,10v10_K3,1048,0.8347791744406161,0.7652671755725191,0.01
regir_kv0_sg,0,trained,3,id_test,10v10_K2,1074,0.8594299101913315,0.797951582867784,0.01
regir_kv0_sg,0,trained,3,id_test,10v10_K3,1020,0.8513438944813805,0.8205882352941176,0.01
regir_kv0_sg,0,trained,3,ood_explore,30v30_K12,5674,0.8574952058745576,0.6905181529784984,0.01
regir_kv0_sg,0,trained,3,ood_explore,30v30_K2,5548,0.859530000376591,0.756308579668349,0.01
regir_kv0_sg,0,trained,3,ood_explore,50v50_K2,8590,0.8692947493829437,0.7206053550640279,0.01
regir_kv0_sg,0,trained,3,ood_confirm,30v30_K12,5692,0.8630551179668973,0.7232958538299368,0.01
regir_kv0_sg,0,trained,3,ood_confirm,30v30_K2,5534,0.8641875497361239,0.7654499457896639,0.01
regir_kv0_sg,0,trained,3,ood_confirm,50v50_K2,8722,0.8766747937666305,0.7476496216464114,0.01
regir_kv0_sg,0,trained,4,id_train,10v10_K2,2042,0.8468065152018023,0.7918707149853085,0.1
regir_kv0_sg,0,trained,4,id_train,10v10_K3,2064,0.8751741420945858,0.8289728682170543,0.1
regir_kv0_sg,0,trained,4,id_val,10v10_K2,1078,0.830531978259251,0.7792207792207793,0.1
regir_kv0_sg,0,trained,4,id_val,10v10_K3,1048,0.8403401017763191,0.7633587786259542,0.1
regir_kv0_sg,0,trained,4,id_test,10v10_K2,1074,0.8528806219161549,0.7905027932960894,0.1
regir_kv0_sg,0,trained,4,id_test,10v10_K3,1020,0.8563369566964357,0.8294117647058824,0.1
regir_kv0_sg,0,trained,4,ood_explore,30v30_K12,5674,0.8567838823841225,0.6929855481142051,0.1
regir_kv0_sg,0,trained,4,ood_explore,30v30_K2,5548,0.8585158644927423,0.757209805335256,0.1
regir_kv0_sg,0,trained,4,ood_explore,50v50_K2,8590,0.8682630722482114,0.7284051222351572,0.1
regir_kv0_sg,0,trained,4,ood_confirm,30v30_K12,5692,0.8622841231144927,0.7266338721011947,0.1
regir_kv0_sg,0,trained,4,ood_confirm,30v30_K2,5534,0.8625155093013962,0.7674376581134803,0.1
regir_kv0_sg,0,trained,4,ood_confirm,50v50_K2,8722,0.8747402329763846,0.7508598945196056,0.1
regir_kv0_sg,0,shuffled_labels,0,id_train,10v10_K2,2042,0.5718578080841605,0.7433888344760039,100.0
regir_kv0_sg,0,shuffled_labels,0,id_train,10v10_K3,2064,0.5924746479949692,0.7737403100775194,100.0
regir_kv0_sg,0,shuffled_labels,0,id_val,10v10_K2,1078,0.5695545752363934,0.7551020408163265,100.0
regir_kv0_sg,0,shuffled_labels,0,id_val,10v10_K3,1048,0.5225138115276888,0.7223282442748091,100.0
regir_kv0_sg,0,shuffled_labels,0,id_test,10v10_K2,1074,0.6409738738418942,0.7337057728119181,100.0
regir_kv0_sg,0,shuffled_labels,0,id_test,10v10_K3,1020,0.5851740339335365,0.765686274509804,100.0
regir_kv0_sg,0,shuffled_labels,0,ood_explore,30v30_K12,5674,0.5942832977346783,0.6045118082481494,100.0
regir_kv0_sg,0,shuffled_labels,0,ood_explore,30v30_K2,5548,0.605942130696132,0.6339221341023792,100.0
regir_kv0_sg,0,shuffled_labels,0,ood_explore,50v50_K2,8590,0.6132532840385275,0.5707799767171129,100.0
regir_kv0_sg,0,shuffled_labels,0,ood_confirm,30v30_K12,5692,0.6127647567544704,0.6393183415319748,100.0
regir_kv0_sg,0,shuffled_labels,0,ood_confirm,30v30_K2,5534,0.6159463864635445,0.6261293820021684,100.0
regir_kv0_sg,0,shuffled_labels,0,ood_confirm,50v50_K2,8722,0.6080574535385032,0.5842696629213483,100.0
regir_kv0_sg,0,shuffled_labels,1,id_train,10v10_K2,2042,0.565211105411902,0.7433888344760039,100.0
regir_kv0_sg,0,shuffled_labels,1,id_train,10v10_K3,2064,0.599502010595348,0.7737403100775194,100.0
regir_kv0_sg,0,shuffled_labels,1,id_val,10v10_K2,1078,0.5767906336088154,0.7551020408163265,100.0
regir_kv0_sg,0,shuffled_labels,1,id_val,10v10_K3,1048,0.572217153077576,0.7223282442748091,100.0
regir_kv0_sg,0,shuffled_labels,1,id_test,10v10_K2,1074,0.6285231266195733,0.7337057728119181,100.0
regir_kv0_sg,0,shuffled_labels,1,id_test,10v10_K3,1020,0.5444205744164492,0.765686274509804,100.0
regir_kv0_sg,0,shuffled_labels,1,ood_explore,30v30_K12,5674,0.6222223954516871,0.6045118082481494,100.0
regir_kv0_sg,0,shuffled_labels,1,ood_explore,30v30_K2,5548,0.6259791542157127,0.6339221341023792,100.0
regir_kv0_sg,0,shuffled_labels,1,ood_explore,50v50_K2,8590,0.6322672872439733,0.5707799767171129,100.0
regir_kv0_sg,0,shuffled_labels,1,ood_confirm,30v30_K12,5692,0.6392393279120081,0.6393183415319748,100.0
regir_kv0_sg,0,shuffled_labels,1,ood_confirm,30v30_K2,5534,0.6253376825633955,0.6261293820021684,100.0
regir_kv0_sg,0,shuffled_labels,1,ood_confirm,50v50_K2,8722,0.6371806380917168,0.5842696629213483,100.0
regir_kv0_sg,0,shuffled_labels,2,id_train,10v10_K2,2042,0.5709274960021724,0.7433888344760039,100.0
regir_kv0_sg,0,shuffled_labels,2,id_train,10v10_K3,2064,0.6094309592799132,0.7737403100775194,100.0
regir_kv0_sg,0,shuffled_labels,2,id_val,10v10_K2,1078,0.5682702330429603,0.7551020408163265,100.0
regir_kv0_sg,0,shuffled_labels,2,id_val,10v10_K3,1048,0.5677593321439758,0.7223282442748091,100.0
regir_kv0_sg,0,shuffled_labels,2,id_test,10v10_K2,1074,0.6324056654005893,0.7337057728119181,100.0
regir_kv0_sg,0,shuffled_labels,2,id_test,10v10_K3,1020,0.5503726045891171,0.765686274509804,100.0
regir_kv0_sg,0,shuffled_labels,2,ood_explore,30v30_K12,5674,0.5971688675470188,0.6045118082481494,100.0
regir_kv0_sg,0,shuffled_labels,2,ood_explore,30v30_K2,5548,0.6229258268238381,0.6339221341023792,100.0
regir_kv0_sg,0,shuffled_labels,2,ood_explore,50v50_K2,8590,0.6187284748033742,0.5707799767171129,100.0
regir_kv0_sg,0,shuffled_labels,2,ood_confirm,30v30_K12,5692,0.617907399502628,0.6393183415319748,100.0
regir_kv0_sg,0,shuffled_labels,2,ood_confirm,30v30_K2,5534,0.6239116986337866,0.6261293820021684,100.0
regir_kv0_sg,0,shuffled_labels,2,ood_confirm,50v50_K2,8722,0.6275447427050925,0.5842696629213483,100.0
regir_kv0_sg,0,shuffled_labels,3,id_train,10v10_K2,2042,0.5651545323798892,0.7433888344760039,100.0
regir_kv0_sg,0,shuffled_labels,3,id_train,10v10_K3,2064,0.6078031748500602,0.7737403100775194,100.0
regir_kv0_sg,0,shuffled_labels,3,id_val,10v10_K2,1078,0.5695126945126945,0.7551020408163265,100.0
regir_kv0_sg,0,shuffled_labels,3,id_val,10v10_K3,1048,0.5775738014499266,0.7223282442748091,100.0
regir_kv0_sg,0,shuffled_labels,3,id_test,10v10_K2,1074,0.6392078733449292,0.7337057728119181,100.0
regir_kv0_sg,0,shuffled_labels,3,id_test,10v10_K3,1020,0.5558799736417745,0.765686274509804,100.0
regir_kv0_sg,0,shuffled_labels,3,ood_explore,30v30_K12,5674,0.5725964411738721,0.6045118082481494,100.0
regir_kv0_sg,0,shuffled_labels,3,ood_explore,30v30_K2,5548,0.6055306804804181,0.6339221341023792,100.0
regir_kv0_sg,0,shuffled_labels,3,ood_explore,50v50_K2,8590,0.5996995357895436,0.5707799767171129,100.0
regir_kv0_sg,0,shuffled_labels,3,ood_confirm,30v30_K12,5692,0.5929665191469745,0.6393183415319748,100.0
regir_kv0_sg,0,shuffled_labels,3,ood_confirm,30v30_K2,5534,0.6133199704006858,0.6261293820021684,100.0
regir_kv0_sg,0,shuffled_labels,3,ood_confirm,50v50_K2,8722,0.6095362314385638,0.5842696629213483,100.0
regir_kv0_sg,0,shuffled_labels,4,id_train,10v10_K2,2042,0.5587818946182703,0.7433888344760039,100.0
regir_kv0_sg,0,shuffled_labels,4,id_train,10v10_K3,2064,0.6118739767685395,0.7737403100775194,100.0
regir_kv0_sg,0,shuffled_labels,4,id_val,10v10_K2,1078,0.5727607773062319,0.7551020408163265,100.0
regir_kv0_sg,0,shuffled_labels,4,id_val,10v10_K3,1048,0.5887728281741547,0.7223282442748091,100.0
regir_kv0_sg,0,shuffled_labels,4,id_test,10v10_K2,1074,0.6290555890809698,0.7337057728119181,100.0
regir_kv0_sg,0,shuffled_labels,4,id_test,10v10_K3,1020,0.5530780728494206,0.765686274509804,100.0
regir_kv0_sg,0,shuffled_labels,4,ood_explore,30v30_K12,5674,0.5673141984066353,0.6045118082481494,100.0
regir_kv0_sg,0,shuffled_labels,4,ood_explore,30v30_K2,5548,0.5941586109082326,0.6339221341023792,100.0
regir_kv0_sg,0,shuffled_labels,4,ood_explore,50v50_K2,8590,0.582072958547434,0.5707799767171129,100.0
regir_kv0_sg,0,shuffled_labels,4,ood_confirm,30v30_K12,5692,0.5869530270047639,0.6393183415319748,100.0
regir_kv0_sg,0,shuffled_labels,4,ood_confirm,30v30_K2,5534,0.5970297464739224,0.6261293820021684,100.0
regir_kv0_sg,0,shuffled_labels,4,ood_confirm,50v50_K2,8722,0.5943725479075334,0.5842696629213483,100.0
regir_kv0_sg,0,random_init,0,id_train,10v10_K2,2042,0.760518812418912,0.7507345739471106,100.0
regir_kv0_sg,0,random_init,0,id_train,10v10_K3,2064,0.7849219427754663,0.7829457364341085,100.0
regir_kv0_sg,0,random_init,0,id_val,10v10_K2,1078,0.7312048618866801,0.7662337662337663,100.0
regir_kv0_sg,0,random_init,0,id_val,10v10_K3,1048,0.7471934340201646,0.7490458015267175,100.0
regir_kv0_sg,0,random_init,0,id_test,10v10_K2,1074,0.7595577011820667,0.7458100558659218,100.0
regir_kv0_sg,0,random_init,0,id_test,10v10_K3,1020,0.7773587129471389,0.7764705882352941,100.0
regir_kv0_sg,0,random_init,0,ood_explore,30v30_K12,5674,0.7787190200755627,0.6533309834332041,100.0
regir_kv0_sg,0,random_init,0,ood_explore,30v30_K2,5548,0.7866158142759365,0.6753785147801009,100.0
regir_kv0_sg,0,random_init,0,ood_explore,50v50_K2,8590,0.7814025509586272,0.6157159487776485,100.0
regir_kv0_sg,0,random_init,0,ood_confirm,30v30_K12,5692,0.7833468324359141,0.6800773014757554,100.0
regir_kv0_sg,0,random_init,0,ood_confirm,30v30_K2,5534,0.7770340287498335,0.6593783881460065,100.0
regir_kv0_sg,0,random_init,0,ood_confirm,50v50_K2,8722,0.7786486226719462,0.6163723916532905,100.0
regir_kv0_sg,0,random_init,1,id_train,10v10_K2,2042,0.8472955576340907,0.796767874632713,1.0
regir_kv0_sg,0,random_init,1,id_train,10v10_K3,2064,0.855904875174142,0.8173449612403101,1.0
regir_kv0_sg,0,random_init,1,id_val,10v10_K2,1078,0.8103315091951455,0.7931354359925789,1.0
regir_kv0_sg,0,random_init,1,id_val,10v10_K3,1048,0.8144239106256838,0.7585877862595419,1.0
regir_kv0_sg,0,random_init,1,id_test,10v10_K2,1074,0.8172988179333357,0.7811918063314711,1.0
regir_kv0_sg,0,random_init,1,id_test,10v10_K3,1020,0.8380844213244473,0.7970588235294118,1.0
regir_kv0_sg,0,random_init,1,ood_explore,30v30_K12,5674,0.8296878491656403,0.6582657737046176,1.0
regir_kv0_sg,0,random_init,1,ood_explore,30v30_K2,5548,0.8315592255216171,0.7516222062004326,1.0
regir_kv0_sg,0,random_init,1,ood_explore,50v50_K2,8590,0.8448896384820771,0.709895227008149,1.0
regir_kv0_sg,0,random_init,1,ood_confirm,30v30_K12,5692,0.8314243848806303,0.7029163738580464,1.0
regir_kv0_sg,0,random_init,1,ood_confirm,30v30_K2,5534,0.8323812592541447,0.7425009035056017,1.0
regir_kv0_sg,0,random_init,1,ood_confirm,50v50_K2,8722,0.8461648321342199,0.7272414583811052,1.0
regir_kv0_sg,0,random_init,2,id_train,10v10_K2,2042,0.8464947349364873,0.7987267384916749,1.0
regir_kv0_sg,0,random_init,2,id_train,10v10_K3,2064,0.8536965053586825,0.812984496124031,1.0
regir_kv0_sg,0,random_init,2,id_val,10v10_K2,1078,0.8200478370932917,0.7857142857142857,1.0
regir_kv0_sg,0,random_init,2,id_val,10v10_K3,1048,0.8132345531057211,0.7643129770992366,1.0
regir_kv0_sg,0,random_init,2,id_test,10v10_K2,1074,0.8293369067480743,0.7811918063314711,1.0
regir_kv0_sg,0,random_init,2,id_test,10v10_K3,1020,0.8444811126171253,0.8068627450980392,1.0
regir_kv0_sg,0,random_init,2,ood_explore,30v30_K12,5674,0.8267517396569017,0.6545646810010575,1.0
regir_kv0_sg,0,random_init,2,ood_explore,30v30_K2,5548,0.841122258112702,0.7590122566690699,1.0
regir_kv0_sg,0,random_init,2,ood_explore,50v50_K2,8590,0.8443769530298145,0.7157159487776484,1.0
regir_kv0_sg,0,random_init,2,ood_confirm,30v30_K12,5692,0.8258089723722829,0.7029163738580464,1.0
regir_kv0_sg,0,random_init,2,ood_confirm,30v30_K2,5534,0.835204353135721,0.7497289483194796,1.0
regir_kv0_sg,0,random_init,2,ood_confirm,50v50_K2,8722,0.8483490398577862,0.7352671405640908,1.0
regir_kv0_sg,0,random_init,3,id_train,10v10_K2,2042,0.8517145400235344,0.7992164544564153,0.0001
regir_kv0_sg,0,random_init,3,id_train,10v10_K3,2064,0.8580555887041951,0.8226744186046512,0.0001
regir_kv0_sg,0,random_init,3,id_val,10v10_K2,1078,0.8196848708212344,0.7847866419294991,0.0001
regir_kv0_sg,0,random_init,3,id_val,10v10_K3,1048,0.8101476709928411,0.7624045801526718,0.0001
regir_kv0_sg,0,random_init,3,id_test,10v10_K2,1074,0.8310363494373647,0.7821229050279329,0.0001
regir_kv0_sg,0,random_init,3,id_test,10v10_K3,1020,0.8460668920330656,0.7980392156862746,0.0001
regir_kv0_sg,0,random_init,3,ood_explore,30v30_K12,5674,0.823469387755102,0.6605569263306309,0.0001
regir_kv0_sg,0,random_init,3,ood_explore,30v30_K2,5548,0.8427627391020641,0.7635183850036049,0.0001
regir_kv0_sg,0,random_init,3,ood_explore,50v50_K2,8590,0.8428831509200928,0.7235157159487776,0.0001
regir_kv0_sg,0,random_init,3,ood_confirm,30v30_K12,5692,0.8230392804476375,0.7059030217849613,0.0001
regir_kv0_sg,0,random_init,3,ood_confirm,30v30_K2,5534,0.8365041005930325,0.7591254065775208,0.0001
regir_kv0_sg,0,random_init,3,ood_confirm,50v50_K2,8722,0.846930062491287,0.7427195597340059,0.0001
regir_kv0_sg,0,random_init,4,id_train,10v10_K2,2042,0.8551969244385441,0.8060724779627816,0.001
regir_kv0_sg,0,random_init,4,id_train,10v10_K3,2064,0.8605173780066747,0.8197674418604651,0.001
regir_kv0_sg,0,random_init,4,id_val,10v10_K2,1078,0.8164833221651403,0.7931354359925789,0.001
regir_kv0_sg,0,random_init,4,id_val,10v10_K3,1048,0.8102203035131442,0.7595419847328244,0.001
regir_kv0_sg,0,random_init,4,id_test,10v10_K2,1074,0.8330020233573533,0.7858472998137802,0.001
regir_kv0_sg,0,random_init,4,id_test,10v10_K3,1020,0.8468651391039275,0.8058823529411765,0.001
regir_kv0_sg,0,random_init,4,ood_explore,30v30_K12,5674,0.8297472235647506,0.6593232287627776,0.001
regir_kv0_sg,0,random_init,4,ood_explore,30v30_K2,5548,0.8444449390993483,0.7687454938716655,0.001
regir_kv0_sg,0,random_init,4,ood_explore,50v50_K2,8590,0.8434802513486344,0.7324796274738068,0.001
regir_kv0_sg,0,random_init,4,ood_confirm,30v30_K12,5692,0.8292124595445214,0.7034434293745608,0.001
regir_kv0_sg,0,random_init,4,ood_confirm,30v30_K2,5534,0.8379059531306994,0.7643657390675822,0.001
regir_kv0_sg,0,random_init,4,ood_confirm,50v50_K2,8722,0.8468226921215259,0.7494840632882367,0.001
regir_kv0_sg,3,trained,0,id_train,10v10_K2,2042,0.7615358698166531,0.7512242899118511,100.0
regir_kv0_sg,3,trained,0,id_train,10v10_K3,2064,0.786510842733766,0.7795542635658915,100.0
regir_kv0_sg,3,trained,0,id_val,10v10_K2,1078,0.7275984662348298,0.7662337662337663,100.0
regir_kv0_sg,3,trained,0,id_val,10v10_K3,1048,0.7463672391017173,0.7309160305343512,100.0
regir_kv0_sg,3,trained,0,id_test,10v10_K2,1074,0.7579647509850556,0.7458100558659218,100.0
regir_kv0_sg,3,trained,0,id_test,10v10_K3,1020,0.7736246310116308,0.7735294117647059,100.0
regir_kv0_sg,3,trained,0,ood_explore,30v30_K12,5674,0.7807393087104972,0.6547409235107507,100.0
regir_kv0_sg,3,trained,0,ood_explore,30v30_K2,5548,0.7863173413736221,0.6674477289113194,100.0
regir_kv0_sg,3,trained,0,ood_explore,50v50_K2,8590,0.7880570067721722,0.6167636786961583,100.0
regir_kv0_sg,3,trained,0,ood_confirm,30v30_K12,5692,0.7844895378274034,0.6725228390723823,100.0
regir_kv0_sg,3,trained,0,ood_confirm,30v30_K2,5534,0.7814213389853796,0.6539573545355981,100.0
regir_kv0_sg,3,trained,0,ood_confirm,50v50_K2,8722,0.7884325311439014,0.6180921806925017,100.0
regir_kv0_sg,3,trained,1,id_train,10v10_K2,2042,0.8529855474760885,0.8036238981390793,0.1
regir_kv0_sg,3,trained,1,id_train,10v10_K3,2064,0.8746270778051459,0.8231589147286822,0.1
regir_kv0_sg,3,trained,1,id_val,10v10_K2,1078,0.8331890775072593,0.7764378478664193,0.1
regir_kv0_sg,3,trained,1,id_val,10v10_K3,1048,0.8324413151933614,0.7614503816793893,0.1
regir_kv0_sg,3,trained,1,id_test,10v10_K2,1074,0.8646391679386604,0.8007448789571695,0.1
regir_kv0_sg,3,trained,1,id_test,10v10_K3,1020,0.8390112451047097,0.8029411764705883,0.1
regir_kv0_sg,3,trained,1,ood_explore,30v30_K12,5674,0.8439026259854591,0.673598872047938,0.1
regir_kv0_sg,3,trained,1,ood_explore,30v30_K2,5548,0.8431383501700329,0.7435111751982696,0.1
regir_kv0_sg,3,trained,1,ood_explore,50v50_K2,8590,0.8747776293232181,0.7211874272409778,0.1
regir_kv0_sg,3,trained,1,ood_confirm,30v30_K12,5692,0.8471846708019297,0.7048489107519326,0.1
regir_kv0_sg,3,trained,1,ood_confirm,30v30_K2,5534,0.8589310909272243,0.7520780628839899,0.1
regir_kv0_sg,3,trained,1,ood_confirm,50v50_K2,8722,0.8636350303624356,0.7278147213941757,0.1
regir_kv0_sg,3,trained,2,id_train,10v10_K2,2042,0.8499482042462461,0.7923604309500489,1.0
regir_kv0_sg,3,trained,2,id_train,10v10_K3,2064,0.871531069363193,0.8178294573643411,1.0
regir_kv0_sg,3,trained,2,id_val,10v10_K2,1078,0.8348596530414713,0.7671614100185529,1.0
regir_kv0_sg,3,trained,2,id_val,10v10_K3,1048,0.8322778920226795,0.767175572519084,1.0
regir_kv0_sg,3,trained,2,id_test,10v10_K2,1074,0.8538346171594903,0.7942271880819367,1.0
regir_kv0_sg,3,trained,2,id_test,10v10_K3,1020,0.8391344644512185,0.7980392156862746,1.0
regir_kv0_sg,3,trained,2,ood_explore,30v30_K12,5674,0.8393450886848246,0.6732463870285513,1.0
regir_kv0_sg,3,trained,2,ood_explore,30v30_K2,5548,0.8440116494029772,0.746395097332372,1.0
regir_kv0_sg,3,trained,2,ood_explore,50v50_K2,8590,0.8689061417758931,0.7360884749708964,1.0
regir_kv0_sg,3,trained,2,ood_confirm,30v30_K12,5692,0.8421521892974403,0.7018622628250175,1.0
regir_kv0_sg,3,trained,2,ood_confirm,30v30_K2,5534,0.8550213869691878,0.7607517166606433,1.0
regir_kv0_sg,3,trained,2,ood_confirm,50v50_K2,8722,0.8620759411575738,0.7383627608346709,1.0
regir_kv0_sg,3,trained,3,id_train,10v10_K2,2042,0.8492404127568416,0.7899118511263468,0.1
regir_kv0_sg,3,trained,3,id_train,10v10_K3,2064,0.8678638614425602,0.8178294573643411,0.1
regir_kv0_sg,3,trained,3,id_val,10v10_K2,1078,0.8378564514928152,0.7699443413729128,0.1
regir_kv0_sg,3,trained,3,id_val,10v10_K3,1048,0.8381248099070757,0.7633587786259542,0.1
regir_kv0_sg,3,trained,3,id_test,10v10_K2,1074,0.8541008483901885,0.797951582867784,0.1
regir_kv0_sg,3,trained,3,id_test,10v10_K3,1020,0.8418185032599553,0.8088235294117647,0.1
regir_kv0_sg,3,trained,3,ood_explore,30v30_K12,5674,0.840804763463827,0.6822347550229115,0.1
regir_kv0_sg,3,trained,3,ood_explore,30v30_K2,5548,0.8465902480839006,0.7564888248017304,0.1
regir_kv0_sg,3,trained,3,ood_explore,50v50_K2,8590,0.8642495439461545,0.7366705471478463,0.1
regir_kv0_sg,3,trained,3,ood_confirm,30v30_K12,5692,0.8412004925265033,0.710646521433591,0.1
regir_kv0_sg,3,trained,3,ood_confirm,30v30_K2,5534,0.8526548367051026,0.7634622334658475,0.1
regir_kv0_sg,3,trained,3,ood_confirm,50v50_K2,8722,0.8605515416739906,0.7455858747993579,0.1
regir_kv0_sg,3,trained,4,id_train,10v10_K2,2042,0.8494201892807933,0.7933398628795298,1.0
regir_kv0_sg,3,trained,4,id_train,10v10_K3,2064,0.8678665431302536,0.815406976744186,1.0
regir_kv0_sg,3,trained,4,id_val,10v10_K2,1078,0.8407508748417839,0.7699443413729128,1.0
regir_kv0_sg,3,trained,4,id_val,10v10_K3,1048,0.8380521773867727,0.7690839694656488,1.0
regir_kv0_sg,3,trained,4,id_test,10v10_K2,1074,0.8512299882858259,0.8081936685288641,1.0
regir_kv0_sg,3,trained,4,id_test,10v10_K3,1020,0.841202406527411,0.8166666666666667,1.0
regir_kv0_sg,3,trained,4,ood_explore,30v30_K12,5674,0.8434047645032039,0.6869933027846317,1.0
regir_kv0_sg,3,trained,4,ood_explore,30v30_K2,5548,0.8468222225675474,0.755407354001442,1.0
regir_kv0_sg,3,trained,4,ood_explore,50v50_K2,8590,0.8620566353684036,0.7324796274738068,1.0
regir_kv0_sg,3,trained,4,ood_confirm,30v30_K12,5692,0.8430982642309119,0.7146872803935348,1.0
regir_kv0_sg,3,trained,4,ood_confirm,30v30_K2,5534,0.8539573739187079,0.7573183953740513,1.0
regir_kv0_sg,3,trained,4,ood_confirm,50v50_K2,8722,0.8595997661230897,0.7414583811052511,1.0
regir_kv0_sg,3,shuffled_labels,0,id_train,10v10_K2,2042,0.435391083084412,0.7428991185112634,1.0
regir_kv0_sg,3,shuffled_labels,0,id_train,10v10_K3,2064,0.45921085976248294,0.7737403100775194,1.0
regir_kv0_sg,3,shuffled_labels,0,id_val,10v10_K2,1078,0.4283281215099397,0.7551020408163265,1.0
regir_kv0_sg,3,shuffled_labels,0,id_val,10v10_K3,1048,0.48339665981197255,0.7223282442748091,1.0
regir_kv0_sg,3,shuffled_labels,0,id_test,10v10_K2,1074,0.45296581590997836,0.7337057728119181,1.0
regir_kv0_sg,3,shuffled_labels,0,id_test,10v10_K3,1020,0.47466235220375125,0.765686274509804,1.0
regir_kv0_sg,3,shuffled_labels,0,ood_explore,30v30_K12,5674,0.43228966911439903,0.6043355657384561,1.0
regir_kv0_sg,3,shuffled_labels,0,ood_explore,30v30_K2,5548,0.4496819065642619,0.6339221341023792,1.0
regir_kv0_sg,3,shuffled_labels,0,ood_explore,50v50_K2,8590,0.41995869861756924,0.5707799767171129,1.0
regir_kv0_sg,3,shuffled_labels,0,ood_confirm,30v30_K12,5692,0.44180173465810596,0.6391426563598033,1.0
regir_kv0_sg,3,shuffled_labels,0,ood_confirm,30v30_K2,5534,0.4640104002114635,0.6261293820021684,1.0
regir_kv0_sg,3,shuffled_labels,0,ood_confirm,50v50_K2,8722,0.42969080797069137,0.5842696629213483,1.0
regir_kv0_sg,3,shuffled_labels,1,id_train,10v10_K2,2042,0.4073949753090145,0.7433888344760039,0.001
regir_kv0_sg,3,shuffled_labels,1,id_train,10v10_K3,2064,0.4603680080021561,0.7732558139534884,0.001
regir_kv0_sg,3,shuffled_labels,1,id_val,10v10_K2,1078,0.4182814012359467,0.7551020408163265,0.001
regir_kv0_sg,3,shuffled_labels,1,id_val,10v10_K3,1048,0.516253796184069,0.7232824427480916,0.001
regir_kv0_sg,3,shuffled_labels,1,id_test,10v10_K2,1074,0.3921896631287494,0.7337057728119181,0.001
regir_kv0_sg,3,shuffled_labels,1,id_test,10v10_K3,1020,0.4993169362313095,0.765686274509804,0.001
regir_kv0_sg,3,shuffled_labels,1,ood_explore,30v30_K12,5674,0.43515263248156405,0.6050405357772295,0.001
regir_kv0_sg,3,shuffled_labels,1,ood_explore,30v30_K2,5548,0.40768472525723337,0.6339221341023792,0.001
regir_kv0_sg,3,shuffled_labels,1,ood_explore,50v50_K2,8590,0.35010248453853415,0.5707799767171129,0.001
regir_kv0_sg,3,shuffled_labels,1,ood_confirm,30v30_K12,5692,0.4678238817529478,0.6382642304989459,0.001
regir_kv0_sg,3,shuffled_labels,1,ood_confirm,30v30_K2,5534,0.3924118628806884,0.6255872786411276,0.001
regir_kv0_sg,3,shuffled_labels,1,ood_confirm,50v50_K2,8722,0.34311965908175823,0.5841550103187342,0.001
regir_kv0_sg,3,shuffled_labels,2,id_train,10v10_K2,2042,0.43959760230918543,0.7433888344760039,0.0001
regir_kv0_sg,3,shuffled_labels,2,id_train,10v10_K3,2064,0.45489602426391024,0.7737403100775194,0.0001
regir_kv0_sg,3,shuffled_labels,2,id_val,10v10_K2,1078,0.4452200134018316,0.7551020408163265,0.0001
regir_kv0_sg,3,shuffled_labels,2,id_val,10v10_K3,1048,0.5179788185412666,0.7223282442748091,0.0001
regir_kv0_sg,3,shuffled_labels,2,id_test,10v10_K2,1074,0.42802438678073196,0.7337057728119181,0.0001
regir_kv0_sg,3,shuffled_labels,2,id_test,10v10_K3,1020,0.49594715497243635,0.765686274509804,0.0001
regir_kv0_sg,3,shuffled_labels,2,ood_explore,30v30_K12,5674,0.37629103589487745,0.6046880507578428,0.0001
regir_kv0_sg,3,shuffled_labels,2,ood_explore,30v30_K2,5548,0.4629171918291783,0.6337418889689979,0.0001
regir_kv0_sg,3,shuffled_labels,2,ood_explore,50v50_K2,8590,0.3856606614206576,0.5706635622817229,0.0001
regir_kv0_sg,3,shuffled_labels,2,ood_confirm,30v30_K12,5692,0.41508381825027807,0.640196767392832,0.0001
regir_kv0_sg,3,shuffled_labels,2,ood_confirm,30v30_K2,5534,0.42665821370509627,0.6259486808818214,0.0001
regir_kv0_sg,3,shuffled_labels,2,ood_confirm,50v50_K2,8722,0.4020880181594467,0.5840403577161202,0.0001
regir_kv0_sg,3,shuffled_labels,3,id_train,10v10_K2,2042,0.44538690925182794,0.7433888344760039,0.1
regir_kv0_sg,3,shuffled_labels,3,id_train,10v10_K3,2064,0.4613910718571626,0.7742248062015504,0.1
regir_kv0_sg,3,shuffled_labels,3,id_val,10v10_K2,1078,0.42756496165587077,0.7551020408163265,0.1
regir_kv0_sg,3,shuffled_labels,3,id_val,10v10_K3,1048,0.49881291224629687,0.7223282442748091,0.1
regir_kv0_sg,3,shuffled_labels,3,id_test,10v10_K2,1074,0.43504845408398707,0.7337057728119181,0.1
regir_kv0_sg,3,shuffled_labels,3,id_test,10v10_K3,1020,0.5012188000578596,0.765686274509804,0.1
regir_kv0_sg,3,shuffled_labels,3,ood_explore,30v30_K12,5674,0.3987582045805335,0.6045118082481494,0.1
regir_kv0_sg,3,shuffled_labels,3,ood_explore,30v30_K2,5548,0.46559280820302096,0.6341023792357606,0.1
regir_kv0_sg,3,shuffled_labels,3,ood_explore,50v50_K2,8590,0.3991308244604951,0.5706635622817229,0.1
regir_kv0_sg,3,shuffled_labels,3,ood_confirm,30v30_K12,5692,0.4442343840413703,0.6391426563598033,0.1
regir_kv0_sg,3,shuffled_labels,3,ood_confirm,30v30_K2,5534,0.42262311020165055,0.6263100831225153,0.1
regir_kv0_sg,3,shuffled_labels,3,ood_confirm,50v50_K2,8722,0.4002792820212645,0.583925705113506,0.1
regir_kv0_sg,3,shuffled_labels,4,id_train,10v10_K2,2042,0.4267228374015629,0.7433888344760039,10.0
regir_kv0_sg,3,shuffled_labels,4,id_train,10v10_K3,2064,0.4359472190228198,0.7737403100775194,10.0
regir_kv0_sg,3,shuffled_labels,4,id_val,10v10_K2,1078,0.38560512992331175,0.7551020408163265,10.0
regir_kv0_sg,3,shuffled_labels,4,id_val,10v10_K3,1048,0.49264368755305576,0.7223282442748091,10.0
regir_kv0_sg,3,shuffled_labels,4,id_test,10v10_K2,1074,0.4389487416137162,0.7337057728119181,10.0
regir_kv0_sg,3,shuffled_labels,4,id_test,10v10_K3,1020,0.49956873228721893,0.765686274509804,10.0
regir_kv0_sg,3,shuffled_labels,4,ood_explore,30v30_K12,5674,0.37257630324857216,0.6045118082481494,10.0
regir_kv0_sg,3,shuffled_labels,4,ood_explore,30v30_K2,5548,0.463265083556313,0.6339221341023792,10.0
regir_kv0_sg,3,shuffled_labels,4,ood_explore,50v50_K2,8590,0.41411597633083724,0.5707799767171129,10.0
regir_kv0_sg,3,shuffled_labels,4,ood_confirm,30v30_K12,5692,0.4095430958682573,0.6393183415319748,10.0
regir_kv0_sg,3,shuffled_labels,4,ood_confirm,30v30_K2,5534,0.42621561886907466,0.6261293820021684,10.0
regir_kv0_sg,3,shuffled_labels,4,ood_confirm,50v50_K2,8722,0.403426575984885,0.5842696629213483,10.0
regir_kv0_sg,3,random_init,0,id_train,10v10_K2,2042,0.763088485250782,0.7497551420176298,100.0
regir_kv0_sg,3,random_init,0,id_train,10v10_K3,2064,0.7869586845785527,0.7858527131782945,100.0
regir_kv0_sg,3,random_init,0,id_val,10v10_K2,1078,0.7276217333035515,0.7560296846011132,100.0
regir_kv0_sg,3,random_init,0,id_val,10v10_K3,1048,0.7468348109511682,0.7461832061068703,100.0
regir_kv0_sg,3,random_init,0,id_test,10v10_K2,1074,0.7556574136523375,0.7392923649906891,100.0
regir_kv0_sg,3,random_init,0,id_test,10v10_K3,1020,0.7720281368699071,0.7794117647058824,100.0
regir_kv0_sg,3,random_init,0,ood_explore,30v30_K12,5674,0.7787307130644465,0.6587945012336975,100.0
regir_kv0_sg,3,random_init,0,ood_explore,30v30_K2,5548,0.7890174571648686,0.6789834174477289,100.0
regir_kv0_sg,3,random_init,0,ood_explore,50v50_K2,8590,0.7864454883652542,0.6190919674039581,100.0
regir_kv0_sg,3,random_init,0,ood_confirm,30v30_K12,5692,0.7858414558845713,0.6869290231904427,100.0
regir_kv0_sg,3,random_init,0,ood_confirm,30v30_K2,5534,0.7774964308555415,0.6631731116732924,100.0
regir_kv0_sg,3,random_init,0,ood_confirm,50v50_K2,8722,0.7845405175944534,0.625659252465031,100.0
regir_kv0_sg,3,random_init,1,id_train,10v10_K2,2042,0.8340298102163353,0.7997061704211558,1.0
regir_kv0_sg,3,random_init,1,id_train,10v10_K3,2064,0.8599153391195214,0.8246124031007752,1.0
regir_kv0_sg,3,random_init,1,id_val,10v10_K2,1078,0.8033281215099397,0.7810760667903525,1.0
regir_kv0_sg,3,random_init,1,id_val,10v10_K3,1048,0.8050406969090323,0.7690839694656488,1.0
regir_kv0_sg,3,random_init,1,id_test,10v10_K2,1074,0.8011297078555962,0.7700186219739292,1.0
regir_kv0_sg,3,random_init,1,id_test,10v10_K3,1020,0.82959835850401,0.7843137254901961,1.0
regir_kv0_sg,3,random_init,1,ood_explore,30v30_K12,5674,0.8378324056895485,0.6802960874162848,1.0
regir_kv0_sg,3,random_init,1,ood_explore,30v30_K2,5548,0.8465866081704577,0.7402667627974044,1.0
regir_kv0_sg,3,random_init,1,ood_explore,50v50_K2,8590,0.8581110926534022,0.689173457508731,1.0
regir_kv0_sg,3,random_init,1,ood_confirm,30v30_K12,5692,0.8359871752502086,0.7094167252283907,1.0
regir_kv0_sg,3,random_init,1,ood_confirm,30v30_K2,5534,0.8446302422136158,0.7363570654138055,1.0
regir_kv0_sg,3,random_init,1,ood_confirm,50v50_K2,8722,0.8541794024665745,0.7068332951157992,1.0
regir_kv0_sg,3,random_init,2,id_train,10v10_K2,2042,0.8401887276347947,0.791380999020568,1.0
regir_kv0_sg,3,random_init,2,id_train,10v10_K3,2064,0.8545291693874623,0.8163759689922481,1.0
regir_kv0_sg,3,random_init,2,id_val,10v10_K2,1078,0.807050852505398,0.7801484230055659,1.0
regir_kv0_sg,3,random_init,2,id_val,10v10_K3,1048,0.8208791258676181,0.7681297709923665,1.0
regir_kv0_sg,3,random_init,2,id_test,10v10_K2,1074,0.8187586525149977,0.7802607076350093,1.0
regir_kv0_sg,3,random_init,2,id_test,10v10_K3,1020,0.8376504749302204,0.8088235294117647,1.0
regir_kv0_sg,3,random_init,2,ood_explore,30v30_K12,5674,0.8465544659422211,0.6669016566795911,1.0
regir_kv0_sg,3,random_init,2,ood_explore,30v30_K2,5548,0.8490427097643618,0.748197548666186,1.0
regir_kv0_sg,3,random_init,2,ood_explore,50v50_K2,8590,0.8594420944517289,0.7054714784633295,1.0
regir_kv0_sg,3,random_init,2,ood_confirm,30v30_K12,5692,0.8433608843525122,0.7041461700632466,1.0
regir_kv0_sg,3,random_init,2,ood_confirm,30v30_K2,5534,0.8446775285827969,0.741597397903867,1.0
regir_kv0_sg,3,random_init,2,ood_confirm,50v50_K2,8722,0.8575827834209758,0.7259802797523504,1.0
regir_kv0_sg,3,random_init,3,id_train,10v10_K2,2042,0.8412296714238301,0.7928501469147894,1.0
regir_kv0_sg,3,random_init,3,id_train,10v10_K3,2064,0.854715546682149,0.8163759689922481,1.0
regir_kv0_sg,3,random_init,3,id_val,10v10_K2,1078,0.8107223959496687,0.7838589981447124,1.0
regir_kv0_sg,3,random_init,3,id_val,10v10_K3,1048,0.8284147498490605,0.7729007633587787,1.0
regir_kv0_sg,3,random_init,3,id_test,10v10_K2,1074,0.8218380604167406,0.7858472998137802,1.0
regir_kv0_sg,3,random_init,3,id_test,10v10_K3,1020,0.8360754102400634,0.8117647058823529,1.0
regir_kv0_sg,3,random_init,3,ood_explore,30v30_K12,5674,0.8503587149145373,0.6665491716602044,1.0
regir_kv0_sg,3,random_init,3,ood_explore,30v30_K2,5548,0.8520153990738101,0.7474765681326604,1.0
regir_kv0_sg,3,random_init,3,ood_explore,50v50_K2,8590,0.8598473527192382,0.7040745052386496,1.0
regir_kv0_sg,3,random_init,3,ood_confirm,30v30_K12,5692,0.845348471603095,0.7064300773014758,1.0
regir_kv0_sg,3,random_init,3,ood_confirm,30v30_K2,5534,0.8470025114781036,0.7446693169497651,1.0
regir_kv0_sg,3,random_init,3,ood_confirm,50v50_K2,8722,0.8606352624209767,0.7256363219445081,1.0
regir_kv0_sg,3,random_init,4,id_train,10v10_K2,2042,0.8421109535447404,0.7957884427032321,1.0
regir_kv0_sg,3,random_init,4,id_train,10v10_K3,2064,0.8567040181067553,0.8178294573643411,1.0
regir_kv0_sg,3,random_init,4,id_val,10v10_K2,1078,0.8132957337502792,0.7857142857142857,1.0
regir_kv0_sg,3,random_init,4,id_val,10v10_K3,1048,0.8295541725113148,0.7757633587786259,1.0
regir_kv0_sg,3,random_init,4,id_test,10v10_K2,1074,0.8245580561570409,0.7774674115456238,1.0
regir_kv0_sg,3,random_init,4,id_test,10v10_K3,1020,0.837725478010704,0.8098039215686275,1.0
regir_kv0_sg,3,random_init,4,ood_explore,30v30_K12,5674,0.8499267239363277,0.6665491716602044,1.0
regir_kv0_sg,3,random_init,4,ood_explore,30v30_K2,5548,0.8540145515339645,0.751802451333814,1.0
regir_kv0_sg,3,random_init,4,ood_explore,50v50_K2,8590,0.8588333219655236,0.7064027939464493,1.0
regir_kv0_sg,3,random_init,4,ood_confirm,30v30_K12,5692,0.8454534125691168,0.7066057624736473,1.0
regir_kv0_sg,3,random_init,4,ood_confirm,30v30_K2,5534,0.8484081301867672,0.7475605348753163,1.0
regir_kv0_sg,3,random_init,4,ood_confirm,50v50_K2,8722,0.8622103705922948,0.7296491630360009,1.0
refil,0,trained,0,id_train,10v10_K2,2042,0.7736211266330748,0.7551420176297747,100.0
refil,0,trained,0,id_train,10v10_K3,2064,0.7993454000340574,0.7911821705426356,100.0
refil,0,trained,0,id_val,10v10_K2,1078,0.7230520810066264,0.7606679035250464,100.0
refil,0,trained,0,id_val,10v10_K3,1048,0.7421046180664315,0.7395038167938931,100.0
refil,0,trained,0,id_test,10v10_K2,1074,0.7545126193603351,0.7439478584729982,100.0
refil,0,trained,0,id_test,10v10_K3,1020,0.7659903888909723,0.7676470588235295,100.0
refil,0,trained,0,ood_explore,30v30_K12,5674,0.7746820806244575,0.6496298907296439,100.0
refil,0,trained,0,ood_explore,30v30_K2,5548,0.7853110453033427,0.6697909156452776,100.0
refil,0,trained,0,ood_explore,50v50_K2,8590,0.7839764886036187,0.6101280558789289,100.0
refil,0,trained,0,ood_confirm,30v30_K12,5692,0.784104843520839,0.6802529866479269,100.0
refil,0,trained,0,ood_confirm,30v30_K2,5534,0.7809063499735321,0.6541380556559451,100.0
refil,0,trained,0,ood_confirm,50v50_K2,8722,0.7876571806965393,0.6146526026140794,100.0
refil,0,shuffled_labels,0,id_train,10v10_K2,2042,0.5492449385994026,0.7438785504407444,100.0
refil,0,shuffled_labels,0,id_train,10v10_K3,2064,0.5686491936835528,0.7737403100775194,100.0
refil,0,shuffled_labels,0,id_val,10v10_K2,1078,0.5397168863077954,0.7532467532467533,100.0
refil,0,shuffled_labels,0,id_val,10v10_K3,1048,0.49722407586466744,0.7223282442748091,100.0
refil,0,shuffled_labels,0,id_test,10v10_K2,1074,0.5744648752262965,0.7355679702048417,100.0
refil,0,shuffled_labels,0,id_test,10v10_K3,1020,0.5332665448759503,0.7676470588235295,100.0
refil,0,shuffled_labels,0,ood_explore,30v30_K12,5674,0.5620646960082735,0.6053930207966162,100.0
refil,0,shuffled_labels,0,ood_explore,30v30_K2,5548,0.5773779099533013,0.6335616438356164,100.0
refil,0,shuffled_labels,0,ood_explore,50v50_K2,8590,0.5846139820961699,0.5708963911525029,100.0
refil,0,shuffled_labels,0,ood_confirm,30v30_K12,5692,0.5815634249679454,0.6396697118763176,100.0
refil,0,shuffled_labels,0,ood_confirm,30v30_K2,5534,0.5750332155358738,0.6268521864835562,100.0
refil,0,shuffled_labels,0,ood_confirm,50v50_K2,8722,0.5761455076323881,0.5856454941527173,100.0
refil,0,random_init,0,id_train,10v10_K2,2042,0.7698822778062738,0.7531831537708129,100.0
refil,0,random_init,0,id_train,10v10_K3,2064,0.793614633433405,0.7873062015503876,100.0
refil,0,random_init,0,id_val,10v10_K2,1078,0.7274309433400342,0.7569573283858998,100.0
refil,0,random_init,0,id_val,10v10_K3,1048,0.7458088766018875,0.7366412213740458,100.0
refil,0,random_init,0,id_test,10v10_K2,1074,0.7570285044904335,0.7430167597765364,100.0
refil,0,random_init,0,id_test,10v10_K3,1020,0.7739621448738073,0.7715686274509804,100.0
refil,0,random_init,0,ood_explore,30v30_K12,5674,0.7745613829947563,0.6557983785689108,100.0
refil,0,random_init,0,ood_explore,30v30_K2,5548,0.787435634780605,0.6791636625811103,100.0
refil,0,random_init,0,ood_explore,50v50_K2,8590,0.7861589421155002,0.619906868451688,100.0
refil,0,random_init,0,ood_confirm,30v30_K12,5692,0.7854033541220852,0.6849964862965565,100.0
refil,0,random_init,0,ood_confirm,30v30_K2,5534,0.7795982332473391,0.6620889049512106,100.0
refil,0,random_init,0,ood_confirm,50v50_K2,8722,0.7854072735632502,0.6238248108232057,100.0
refil,1,trained,0,id_train,10v10_K2,2042,0.7695051242595219,0.7541625857002938,100.0
refil,1,trained,0,id_train,10v10_K3,2064,0.7973810637986911,0.7897286821705426,100.0
refil,1,trained,0,id_val,10v10_K2,1078,0.7227077283895466,0.7569573283858998,100.0
refil,1,trained,0,id_val,10v10_K3,1048,0.7450099188785538,0.7404580152671756,100.0
refil,1,trained,0,id_test,10v10_K2,1074,0.7592293493308722,0.7374301675977654,100.0
refil,1,trained,0,id_test,10v10_K3,1020,0.7760461590386748,0.7735294117647059,100.0
refil,1,trained,0,ood_explore,30v30_K12,5674,0.7769798828622358,0.6554458935495241,100.0
refil,1,trained,0,ood_explore,30v30_K2,5548,0.7852406269778904,0.6742970439798125,100.0
refil,1,trained,0,ood_explore,50v50_K2,8590,0.7841835984798887,0.6167636786961583,100.0
refil,1,trained,0,ood_confirm,30v30_K12,5692,0.7846948687481654,0.6800773014757554,100.0
refil,1,trained,0,ood_confirm,30v30_K2,5534,0.7798919945850831,0.6564871702204553,100.0
refil,1,trained,0,ood_confirm,50v50_K2,8722,0.7852442156378017,0.6216464113735382,100.0
refil,1,shuffled_labels,0,id_train,10v10_K2,2042,0.4940158303915357,0.7433888344760039,0.1
refil,1,shuffled_labels,0,id_train,10v10_K3,2064,0.526019745266486,0.7698643410852714,0.1
refil,1,shuffled_labels,0,id_val,10v10_K2,1078,0.5086506961506961,0.7523191094619666,0.1
refil,1,shuffled_labels,0,id_val,10v10_K3,1048,0.507142954418554,0.7204198473282443,0.1
refil,1,shuffled_labels,0,id_test,10v10_K2,1074,0.519008909871854,0.7318435754189944,0.1
refil,1,shuffled_labels,0,id_test,10v10_K3,1020,0.4475915975120407,0.7607843137254902,0.1
refil,1,shuffled_labels,0,ood_explore,30v30_K12,5674,0.5240020683598114,0.6066267183644695,0.1
refil,1,shuffled_labels,0,ood_explore,30v30_K2,5548,0.5104345818656433,0.6332011535688536,0.1
refil,1,shuffled_labels,0,ood_explore,50v50_K2,8590,0.540757636028843,0.569848661233993,0.1
refil,1,shuffled_labels,0,ood_confirm,30v30_K12,5692,0.5172071728756515,0.6416022487702038,0.1
refil,1,shuffled_labels,0,ood_confirm,30v30_K2,5534,0.5299857652685106,0.6252258764004337,0.1
refil,1,shuffled_labels,0,ood_confirm,50v50_K2,8722,0.520230601681039,0.5858747993579454,0.1
refil,1,random_init,0,id_train,10v10_K2,2042,0.7690525400034195,0.7497551420176298,100.0
refil,1,random_init,0,id_train,10v10_K3,2064,0.7969412670169844,0.7902131782945736,100.0
refil,1,random_init,0,id_val,10v10_K2,1078,0.7267701585883404,0.7523191094619666,100.0
refil,1,random_init,0,id_val,10v10_K3,1048,0.7516285572911702,0.7461832061068703,100.0
refil,1,random_init,0,id_test,10v10_K2,1074,0.7503638493486209,0.7430167597765364,100.0
refil,1,random_init,0,id_test,10v10_K3,1020,0.7693494554240621,0.7735294117647059,100.0
refil,1,random_init,0,ood_explore,30v30_K12,5674,0.7768565867905604,0.6602044413112442,100.0
refil,1,random_init,0,ood_explore,30v30_K2,5548,0.7879029436679996,0.6786229271809661,100.0
refil,1,random_init,0,ood_explore,50v50_K2,8590,0.7877078407628193,0.6190919674039581,100.0
refil,1,random_init,0,ood_confirm,30v30_K12,5692,0.7861572157555475,0.6867533380182712,100.0
refil,1,random_init,0,ood_confirm,30v30_K2,5534,0.7813649859082435,0.664257318395374,100.0
refil,1,random_init,0,ood_confirm,50v50_K2,8722,0.7911167903879274,0.6279523045173125,100.0
refil,2,trained,0,id_train,10v10_K2,2042,0.7735796397429321,0.7566111655239961,100.0
refil,2,trained,0,id_train,10v10_K3,2064,0.7992153381809308,0.7950581395348837,100.0
refil,2,trained,0,id_val,10v10_K2,1078,0.7146014816469362,0.75139146567718,100.0
refil,2,trained,0,id_val,10v10_K3,1048,0.743530031277379,0.7356870229007634,100.0
refil,2,trained,0,id_test,10v10_K2,1074,0.7586392034361578,0.7513966480446927,100.0
refil,2,trained,0,id_test,10v10_K3,1020,0.7701584172207073,0.7705882352941177,100.0
refil,2,trained,0,ood_explore,30v30_K12,5674,0.7727071348019727,0.6519210433556574,100.0
refil,2,trained,0,ood_explore,30v30_K2,5548,0.7864289187203128,0.6712328767123288,100.0
refil,2,trained,0,ood_explore,50v50_K2,8590,0.7858027507444256,0.6169965075669382,100.0
refil,2,trained,0,ood_confirm,30v30_K12,5692,0.7846638147888324,0.6799016163035839,100.0
refil,2,trained,0,ood_confirm,30v30_K2,5534,0.7770483959947468,0.6539573545355981,100.0
refil,2,trained,0,ood_confirm,50v50_K2,8722,0.7871355901603715,0.6253152946571887,100.0
refil,2,shuffled_labels,0,id_train,10v10_K2,2042,0.5515606613764595,0.7433888344760039,100.0
refil,2,shuffled_labels,0,id_train,10v10_K3,2064,0.5626623259081871,0.7737403100775194,100.0
refil,2,shuffled_labels,0,id_val,10v10_K2,1078,0.550550033504579,0.7532467532467533,100.0
refil,2,shuffled_labels,0,id_val,10v10_K3,1048,0.5223231511618933,0.7223282442748091,100.0
refil,2,shuffled_labels,0,id_test,10v10_K2,1074,0.5698856980582869,0.7337057728119181,100.0
refil,2,shuffled_labels,0,id_test,10v10_K3,1020,0.5298860488912938,0.765686274509804,100.0
refil,2,shuffled_labels,0,ood_explore,30v30_K12,5674,0.5563105761785233,0.6050405357772295,100.0
refil,2,shuffled_labels,0,ood_explore,30v30_K2,5548,0.5788187556899896,0.6333813987022351,100.0
refil,2,shuffled_labels,0,ood_explore,50v50_K2,8590,0.5442324795084857,0.570547147846333,100.0
refil,2,shuffled_labels,0,ood_confirm,30v30_K12,5692,0.5517648754823236,0.6394940267041461,100.0
refil,2,shuffled_labels,0,ood_confirm,30v30_K2,5534,0.5438039861432805,0.6261293820021684,100.0
refil,2,shuffled_labels,0,ood_confirm,50v50_K2,8722,0.5623202195724062,0.5841550103187342,100.0
refil,2,random_init,0,id_train,10v10_K2,2042,0.7726883001941084,0.752203721841332,100.0
refil,2,random_init,0,id_train,10v10_K3,2064,0.797457491897951,0.7906976744186046,100.0
refil,2,random_init,0,id_val,10v10_K2,1078,0.723145149281513,0.7541743970315399,100.0
refil,2,random_init,0,id_val,10v10_K3,1048,0.7465851366626265,0.7356870229007634,100.0
refil,2,random_init,0,id_test,10v10_K2,1074,0.7500665578076745,0.7411545623836127,100.0
refil,2,random_init,0,id_test,10v10_K3,1020,0.771320964968204,0.7745098039215687,100.0
refil,2,random_init,0,ood_explore,30v30_K12,5674,0.7729950421727132,0.6545646810010575,100.0
refil,2,random_init,0,ood_explore,30v30_K2,5548,0.7874791737452483,0.6788031723143475,100.0
refil,2,random_init,0,ood_explore,50v50_K2,8590,0.7848518376105893,0.6166472642607683,100.0
refil,2,random_init,0,ood_confirm,30v30_K12,5692,0.7845102850847164,0.6814827828531272,100.0
refil,2,random_init,0,ood_confirm,30v30_K2,5534,0.7819198684350932,0.6626310083122515,100.0
refil,2,random_init,0,ood_confirm,50v50_K2,8722,0.789336574504213,0.6225636321944508,100.0
regir_kv0_sg,4,trained,0,id_train,10v10_K2,2042,0.7615019259974454,0.7536728697355534,100.0
regir_kv0_sg,4,trained,0,id_train,10v10_K3,2064,0.7878409598296592,0.7790697674418605,100.0
regir_kv0_sg,4,trained,0,id_val,10v10_K2,1078,0.725583538083538,0.7541743970315399,100.0
regir_kv0_sg,4,trained,0,id_val,10v10_K3,1048,0.7511836831043139,0.7309160305343512,100.0
regir_kv0_sg,4,trained,0,id_test,10v10_K2,1074,0.7557772177061517,0.749534450651769,100.0
regir_kv0_sg,4,trained,0,id_test,10v10_K3,1020,0.7753175576854049,0.7794117647058824,100.0
regir_kv0_sg,4,trained,0,ood_explore,30v30_K12,5674,0.7803401880232612,0.6572083186464576,100.0
regir_kv0_sg,4,trained,0,ood_explore,30v30_K2,5548,0.7860562475824325,0.6703316510454218,100.0
regir_kv0_sg,4,trained,0,ood_explore,50v50_K2,8590,0.7892759900076123,0.6215366705471479,100.0
regir_kv0_sg,4,trained,0,ood_confirm,30v30_K12,5692,0.7842510112949407,0.6786718200983837,100.0
regir_kv0_sg,4,trained,0,ood_confirm,30v30_K2,5534,0.782150023329337,0.6581134803035779,100.0
regir_kv0_sg,4,trained,0,ood_confirm,50v50_K2,8722,0.790393663935938,0.624168768631048,100.0
regir_kv0_sg,4,trained,1,id_train,10v10_K2,2042,0.8486859970431162,0.797747306562194,1.0
regir_kv0_sg,4,trained,1,id_train,10v10_K3,2064,0.8815163334893181,0.8372093023255814,1.0
regir_kv0_sg,4,trained,1,id_val,10v10_K2,1078,0.8200245700245701,0.7792207792207793,1.0
regir_kv0_sg,4,trained,1,id_val,10v10_K3,1048,0.8246060820656689,0.7748091603053435,1.0
regir_kv0_sg,4,trained,1,id_test,10v10_K2,1074,0.8432474885520571,0.7877094972067039,1.0
regir_kv0_sg,4,trained,1,id_test,10v10_K3,1020,0.8601353269866441,0.8117647058823529,1.0
regir_kv0_sg,4,trained,1,ood_explore,30v30_K12,5674,0.8387490060959448,0.6827634825519915,1.0
regir_kv0_sg,4,trained,1,ood_explore,30v30_K2,5548,0.8474912666576789,0.7283705839942322,1.0
regir_kv0_sg,4,trained,1,ood_explore,50v50_K2,8590,0.8679801216560316,0.6715948777648428,1.0
regir_kv0_sg,4,trained,1,ood_confirm,30v30_K12,5692,0.8477836641985461,0.724525650035137,1.0
regir_kv0_sg,4,trained,1,ood_confirm,30v30_K2,5534,0.8536831408750211,0.7238886881098663,1.0
regir_kv0_sg,4,trained,1,ood_confirm,50v50_K2,8722,0.8696467428245854,0.6890621417106169,1.0
regir_kv0_sg,4,trained,2,id_train,10v10_K2,2042,0.8478763740960886,0.7957884427032321,0.001
regir_kv0_sg,4,trained,2,id_train,10v10_K3,2064,0.8745922158651326,0.8280038759689923,0.001
regir_kv0_sg,4,trained,2,id_val,10v10_K2,1078,0.81913111458566,0.7755102040816326,0.001
regir_kv0_sg,4,trained,2,id_val,10v10_K3,1048,0.8254912909068625,0.7595419847328244,0.001
regir_kv0_sg,4,trained,2,id_test,10v10_K2,1074,0.8440550566185084,0.7830540037243948,0.001
regir_kv0_sg,4,trained,2,id_test,10v10_K3,1020,0.8584048987726282,0.8049019607843138,0.001
regir_kv0_sg,4,trained,2,ood_explore,30v30_K12,5674,0.8381265493210271,0.6623193514275644,0.001
regir_kv0_sg,4,trained,2,ood_explore,30v30_K2,5548,0.8443655609869597,0.722422494592646,0.001
regir_kv0_sg,4,trained,2,ood_explore,50v50_K2,8590,0.8631169671281113,0.6692665890570431,0.001
regir_kv0_sg,4,trained,2,ood_confirm,30v30_K12,5692,0.8483801143829759,0.7113492621222769,0.001
regir_kv0_sg,4,trained,2,ood_confirm,30v30_K2,5534,0.848204059513871,0.7240693892302132,0.001
regir_kv0_sg,4,trained,2,ood_confirm,50v50_K2,8722,0.8617236862499253,0.6858518688374227,0.001
regir_kv0_sg,4,trained,3,id_train,10v10_K2,2042,0.8474929346568908,0.8031341821743389,0.1
regir_kv0_sg,4,trained,3,id_train,10v10_K3,2064,0.8748563621029258,0.8294573643410853,0.1
regir_kv0_sg,4,trained,3,id_val,10v10_K2,1078,0.8246128359764724,0.7866419294990723,0.1
regir_kv0_sg,4,trained,3,id_val,10v10_K3,1048,0.8240749567609528,0.7624045801526718,0.1
regir_kv0_sg,4,trained,3,id_test,10v10_K2,1074,0.8454172730822477,0.7802607076350093,0.1
regir_kv0_sg,4,trained,3,id_test,10v10_K3,1020,0.856470890768728,0.8147058823529412,0.1
regir_kv0_sg,4,trained,3,ood_explore,30v30_K12,5674,0.8432741927940007,0.6693690518152978,0.1
regir_kv0_sg,4,trained,3,ood_explore,30v30_K2,5548,0.8427795387025696,0.7263878875270368,0.1
regir_kv0_sg,4,trained,3,ood_explore,50v50_K2,8590,0.8600711685737757,0.6729918509895227,0.1
regir_kv0_sg,4,trained,3,ood_confirm,30v30_K12,5692,0.8510919816936909,0.7099437807449052,0.1
regir_kv0_sg,4,trained,3,ood_confirm,30v30_K2,5534,0.849820025847092,0.7235272858691724,0.1
regir_kv0_sg,4,trained,3,ood_confirm,50v50_K2,8722,0.8603710577107079,0.6910112359550562,0.1
regir_kv0_sg,4,trained,4,id_train,10v10_K2,2042,0.8487312554687264,0.7962781586679726,1.0
regir_kv0_sg,4,trained,4,id_train,10v10_K3,2064,0.875607234657059,0.8347868217054264,1.0
regir_kv0_sg,4,trained,4,id_val,10v10_K2,1078,0.8302388131933587,0.7903525046382189,1.0
regir_kv0_sg,4,trained,4,id_val,10v10_K3,1048,0.8252733933459533,0.7633587786259542,1.0
regir_kv0_sg,4,trained,4,id_test,10v10_K2,1074,0.8499875758759008,0.7951582867783985,1.0
regir_kv0_sg,4,trained,4,id_test,10v10_K3,1020,0.8565619659378867,0.8117647058823529,1.0
regir_kv0_sg,4,trained,4,ood_explore,30v30_K12,5674,0.8474123415600007,0.6721889319703913,1.0
regir_kv0_sg,4,trained,4,ood_explore,30v30_K2,5548,0.8443623410635295,0.7253064167267483,1.0
regir_kv0_sg,4,trained,4,ood_explore,50v50_K2,8590,0.8597228323315554,0.6692665890570431,1.0
regir_kv0_sg,4,trained,4,ood_confirm,30v30_K12,5692,0.8530479795718489,0.713633169360506,1.0
regir_kv0_sg,4,trained,4,ood_confirm,30v30_K2,5534,0.8520264440999096,0.718106252258764,1.0
regir_kv0_sg,4,trained,4,ood_confirm,50v50_K2,8722,0.8607346774256395,0.687800963081862,1.0
regir_kv0_sg,4,shuffled_labels,0,id_train,10v10_K2,2042,0.4893894135513784,0.742409402546523,0.0001
regir_kv0_sg,4,shuffled_labels,0,id_train,10v10_K3,2064,0.48636831103286543,0.7747093023255814,0.0001
regir_kv0_sg,4,shuffled_labels,0,id_val,10v10_K2,1078,0.45950134018315836,0.7541743970315399,0.0001
regir_kv0_sg,4,shuffled_labels,0,id_val,10v10_K3,1048,0.468388965304353,0.7223282442748091,0.0001
regir_kv0_sg,4,shuffled_labels,0,id_test,10v10_K2,1074,0.516643889105818,0.7337057728119181,0.0001
regir_kv0_sg,4,shuffled_labels,0,id_test,10v10_K3,1020,0.5000187507701209,0.7617647058823529,0.0001
regir_kv0_sg,4,shuffled_labels,0,ood_explore,30v30_K12,5674,0.45872102087588285,0.6048642932675361,0.0001
regir_kv0_sg,4,shuffled_labels,0,ood_explore,30v30_K2,5548,0.47076358524194295,0.635183850036049,0.0001
regir_kv0_sg,4,shuffled_labels,0,ood_explore,50v50_K2,8590,0.473432101068292,0.5711292200232829,0.0001
regir_kv0_sg,4,shuffled_labels,0,ood_confirm,30v30_K12,5692,0.47408366391745427,0.6416022487702038,0.0001
regir_kv0_sg,4,shuffled_labels,0,ood_confirm,30v30_K2,5534,0.49193209454205106,0.6261293820021684,0.0001
regir_kv0_sg,4,shuffled_labels,0,ood_confirm,50v50_K2,8722,0.46480232595392945,0.5855308415501032,0.0001
regir_kv0_sg,4,shuffled_labels,1,id_train,10v10_K2,2042,0.4824887608243068,0.7428991185112634,0.001
regir_kv0_sg,4,shuffled_labels,1,id_train,10v10_K3,2064,0.4382749239406328,0.7737403100775194,0.001
regir_kv0_sg,4,shuffled_labels,1,id_val,10v10_K2,1078,0.44030135507408236,0.7560296846011132,0.001
regir_kv0_sg,4,shuffled_labels,1,id_val,10v10_K3,1048,0.4873233554408567,0.7204198473282443,0.001
regir_kv0_sg,4,shuffled_labels,1,id_test,10v10_K2,1074,0.48494462390401477,0.7355679702048417,0.001
regir_kv0_sg,4,shuffled_labels,1,id_test,10v10_K3,1020,0.48809326097321853,0.765686274509804,0.001
regir_kv0_sg,4,shuffled_labels,1,ood_explore,30v30_K12,5674,0.41374601788767457,0.6045118082481494,0.001
regir_kv0_sg,4,shuffled_labels,1,ood_explore,30v30_K2,5548,0.4100897280662666,0.6341023792357606,0.001
regir_kv0_sg,4,shuffled_labels,1,ood_explore,50v50_K2,8590,0.42628196670963203,0.5707799767171129,0.001
regir_kv0_sg,4,shuffled_labels,1,ood_confirm,30v30_K12,5692,0.4013923685162646,0.6389669711876318,0.001
regir_kv0_sg,4,shuffled_labels,1,ood_confirm,30v30_K2,5534,0.4285252581047651,0.6257679797614745,0.001
regir_kv0_sg,4,shuffled_labels,1,ood_confirm,50v50_K2,8722,0.4016714167953235,0.5840403577161202,0.001
regir_kv0_sg,4,shuffled_labels,2,id_train,10v10_K2,2042,0.4708774602983033,0.7433888344760039,0.0001
regir_kv0_sg,4,shuffled_labels,2,id_train,10v10_K3,2064,0.4314433245418672,0.7737403100775194,0.0001
regir_kv0_sg,4,shuffled_labels,2,id_val,10v10_K2,1078,0.4366251582160673,0.7551020408163265,0.0001
regir_kv0_sg,4,shuffled_labels,2,id_val,10v10_K3,1048,0.4866923604207239,0.7213740458015268,0.0001
regir_kv0_sg,4,shuffled_labels,2,id_test,10v10_K2,1074,0.4771263000958432,0.7337057728119181,0.0001
regir_kv0_sg,4,shuffled_labels,2,id_test,10v10_K3,1020,0.4821626602521175,0.765686274509804,0.0001
regir_kv0_sg,4,shuffled_labels,2,ood_explore,30v30_K12,5674,0.43277661714036264,0.6043355657384561,0.0001
regir_kv0_sg,4,shuffled_labels,2,ood_explore,30v30_K2,5548,0.4031612928244566,0.6339221341023792,0.0001
regir_kv0_sg,4,shuffled_labels,2,ood_explore,50v50_K2,8590,0.43175621707172857,0.5707799767171129,0.0001
regir_kv0_sg,4,shuffled_labels,2,ood_confirm,30v30_K12,5692,0.4214532262453608,0.6393183415319748,0.0001
regir_kv0_sg,4,shuffled_labels,2,ood_confirm,30v30_K2,5534,0.4379842057947423,0.6263100831225153,0.0001
regir_kv0_sg,4,shuffled_labels,2,ood_confirm,50v50_K2,8722,0.3971843744074065,0.5841550103187342,0.0001
regir_kv0_sg,4,shuffled_labels,3,id_train,10v10_K2,2042,0.4711829546711724,0.7419196865817825,0.0001
regir_kv0_sg,4,shuffled_labels,3,id_train,10v10_K3,2064,0.42021107563834226,0.7732558139534884,0.0001
regir_kv0_sg,4,shuffled_labels,3,id_val,10v10_K2,1078,0.4596735164916983,0.7551020408163265,0.0001
regir_kv0_sg,4,shuffled_labels,3,id_val,10v10_K3,1048,0.5049276625493107,0.7213740458015268,0.0001
regir_kv0_sg,4,shuffled_labels,3,id_test,10v10_K2,1074,0.46416527634801746,0.7337057728119181,0.0001
regir_kv0_sg,4,shuffled_labels,3,id_test,10v10_K3,1020,0.49440959182252125,0.765686274509804,0.0001
regir_kv0_sg,4,shuffled_labels,3,ood_explore,30v30_K12,5674,0.42768704884551223,0.6045118082481494,0.0001
regir_kv0_sg,4,shuffled_labels,3,ood_explore,30v30_K2,5548,0.39399291084858,0.6337418889689979,0.0001
regir_kv0_sg,4,shuffled_labels,3,ood_explore,50v50_K2,8590,0.42725749626839893,0.570430733410943,0.0001
regir_kv0_sg,4,shuffled_labels,3,ood_confirm,30v30_K12,5692,0.4117107157710076,0.6393183415319748,0.0001
regir_kv0_sg,4,shuffled_labels,3,ood_confirm,30v30_K2,5534,0.4360250994373759,0.6261293820021684,0.0001
regir_kv0_sg,4,shuffled_labels,3,ood_confirm,50v50_K2,8722,0.38768891556792434,0.5843843155239624,0.0001
regir_kv0_sg,4,shuffled_labels,4,id_train,10v10_K2,2042,0.48032515664443975,0.742409402546523,0.0001
regir_kv0_sg,4,shuffled_labels,4,id_train,10v10_K3,2064,0.4265814247538546,0.7732558139534884,0.0001
regir_kv0_sg,4,shuffled_labels,4,id_val,10v10_K2,1078,0.47928300201027474,0.7551020408163265,0.0001
regir_kv0_sg,4,shuffled_labels,4,id_val,10v10_K3,1048,0.5095307485235171,0.7213740458015268,0.0001
regir_kv0_sg,4,shuffled_labels,4,id_test,10v10_K2,1074,0.4677948954598701,0.7337057728119181,0.0001
regir_kv0_sg,4,shuffled_labels,4,id_test,10v10_K3,1020,0.5081726570912733,0.765686274509804,0.0001
regir_kv0_sg,4,shuffled_labels,4,ood_explore,30v30_K12,5674,0.41482580045005013,0.6045118082481494,0.0001
regir_kv0_sg,4,shuffled_labels,4,ood_explore,30v30_K2,5548,0.3858574243104499,0.6335616438356164,0.0001
regir_kv0_sg,4,shuffled_labels,4,ood_explore,50v50_K2,8590,0.42325469962125556,0.570547147846333,0.0001
regir_kv0_sg,4,shuffled_labels,4,ood_confirm,30v30_K12,5692,0.4040042474320584,0.6391426563598033,0.0001
regir_kv0_sg,4,shuffled_labels,4,ood_confirm,30v30_K2,5534,0.431528570242925,0.6252258764004337,0.0001
regir_kv0_sg,4,shuffled_labels,4,ood_confirm,50v50_K2,8722,0.3845777725150903,0.5842696629213483,0.0001
regir_kv0_sg,4,random_init,0,id_train,10v10_K2,2042,0.7646524152913134,0.752203721841332,100.0
regir_kv0_sg,4,random_init,0,id_train,10v10_K3,2064,0.7869828197677926,0.7911821705426356,100.0
regir_kv0_sg,4,random_init,0,id_val,10v10_K2,1078,0.7270260963442782,0.7578849721706865,100.0
regir_kv0_sg,4,random_init,0,id_val,10v10_K3,1048,0.7489638517025516,0.7423664122137404,100.0
regir_kv0_sg,4,random_init,0,id_test,10v10_K2,1074,0.7589231834155692,0.7458100558659218,100.0
regir_kv0_sg,4,random_init,0,id_test,10v10_K3,1020,0.7765818953278438,0.7725490196078432,100.0
regir_kv0_sg,4,random_init,0,ood_explore,30v30_K12,5674,0.7775937647786387,0.6557983785689108,100.0
regir_kv0_sg,4,random_init,0,ood_explore,30v30_K2,5548,0.7858071935049384,0.6705118961788031,100.0
regir_kv0_sg,4,random_init,0,ood_explore,50v50_K2,8590,0.7850450627168424,0.6133876600698487,100.0
regir_kv0_sg,4,random_init,0,ood_confirm,30v30_K12,5692,0.7849407572106424,0.6783204497540407,100.0
regir_kv0_sg,4,random_init,0,ood_confirm,30v30_K2,5534,0.7765232243724269,0.6577520780628839,100.0
regir_kv0_sg,4,random_init,0,ood_confirm,50v50_K2,8722,0.7837172726021122,0.6188947489108003,100.0
regir_kv0_sg,4,random_init,1,id_train,10v10_K2,2042,0.825396765531183,0.7850146914789422,1.0
regir_kv0_sg,4,random_init,1,id_train,10v10_K3,2064,0.858852049949115,0.8299418604651163,1.0
regir_kv0_sg,4,random_init,1,id_val,10v10_K2,1078,0.7916201325292235,0.7773654916512059,1.0
regir_kv0_sg,4,random_init,1,id_val,10v10_K3,1048,0.7914947318725117,0.7538167938931297,1.0
regir_kv0_sg,4,random_init,1,id_test,10v10_K2,1074,0.8060106137517306,0.7858472998137802,1.0
regir_kv0_sg,4,random_init,1,id_test,10v10_K3,1020,0.8131191102491709,0.7950980392156862,1.0
regir_kv0_sg,4,random_init,1,ood_explore,30v30_K12,5674,0.8200732240948327,0.6582657737046176,1.0
regir_kv0_sg,4,random_init,1,ood_explore,30v30_K2,5548,0.8374928444201597,0.748197548666186,1.0
regir_kv0_sg,4,random_init,1,ood_explore,50v50_K2,8590,0.8369401927637558,0.69965075669383,1.0
regir_kv0_sg,4,random_init,1,ood_confirm,30v30_K12,5692,0.8299194725324384,0.6904427266338721,1.0
regir_kv0_sg,4,random_init,1,ood_confirm,30v30_K2,5534,0.8280777811952292,0.7397903867003975,1.0
regir_kv0_sg,4,random_init,1,ood_confirm,50v50_K2,8722,0.8353454273643778,0.7204769548268746,1.0
regir_kv0_sg,4,random_init,2,id_train,10v10_K2,2042,0.8273152199056614,0.7948090107737512,0.001
regir_kv0_sg,4,random_init,2,id_train,10v10_K3,2064,0.8523623657312493,0.8183139534883721,0.001
regir_kv0_sg,4,random_init,2,id_val,10v10_K2,1078,0.7976509567418658,0.7884972170686456,0.001
regir_kv0_sg,4,random_init,2,id_val,10v10_K3,1048,0.8054583339007749,0.7633587786259542,0.001
regir_kv0_sg,4,random_init,2,id_test,10v10_K2,1074,0.8066140712079798,0.7793296089385475,0.001
regir_kv0_sg,4,random_init,2,id_test,10v10_K3,1020,0.8274125544442004,0.8068627450980392,0.001
regir_kv0_sg,4,random_init,2,ood_explore,30v30_K12,5674,0.8226886858639559,0.6607331688403243,0.001
regir_kv0_sg,4,random_init,2,ood_explore,30v30_K2,5548,0.8380896502281175,0.7615356885364095,0.001
regir_kv0_sg,4,random_init,2,ood_explore,50v50_K2,8590,0.8426960660906202,0.7171129220023282,0.001
regir_kv0_sg,4,random_init,2,ood_confirm,30v30_K12,5692,0.8336602699526039,0.6974701335207308,0.001
regir_kv0_sg,4,random_init,2,ood_confirm,30v30_K2,5534,0.827332218825694,0.7471991326346223,0.001
regir_kv0_sg,4,random_init,2,ood_confirm,50v50_K2,8722,0.840794203039101,0.7319422150882825,0.001
regir_kv0_sg,4,random_init,3,id_train,10v10_K2,2042,0.8347162296714238,0.7938295788442703,0.1
regir_kv0_sg,4,random_init,3,id_train,10v10_K3,2064,0.8537125954848425,0.814437984496124,0.1
regir_kv0_sg,4,random_init,3,id_val,10v10_K2,1078,0.793863077953987,0.7792207792207793,0.1
regir_kv0_sg,4,random_init,3,id_val,10v10_K3,1048,0.8087404159119694,0.7690839694656488,0.1
regir_kv0_sg,4,random_init,3,id_test,10v10_K2,1074,0.8129326257498847,0.7849162011173184,0.1
regir_kv0_sg,4,random_init,3,id_test,10v10_K3,1020,0.8264696585752629,0.7950980392156862,0.1
regir_kv0_sg,4,random_init,3,ood_explore,30v30_K12,5674,0.829935870452077,0.6646105040535777,0.1
regir_kv0_sg,4,random_init,3,ood_explore,30v30_K2,5548,0.8372905492307393,0.7573900504686374,0.1
regir_kv0_sg,4,random_init,3,ood_explore,50v50_K2,8590,0.8432360785404462,0.7103608847497089,0.1
regir_kv0_sg,4,random_init,3,ood_confirm,30v30_K12,5692,0.8338216969998261,0.7009838369641602,0.1
regir_kv0_sg,4,random_init,3,ood_confirm,30v30_K2,5534,0.828172493421406,0.7388868810986629,0.1
regir_kv0_sg,4,random_init,3,ood_confirm,50v50_K2,8722,0.8436274494947964,0.7259802797523504,0.1
regir_kv0_sg,4,random_init,4,id_train,10v10_K2,2042,0.825701002725563,0.7952987267384917,1.0
regir_kv0_sg,4,random_init,4,id_train,10v10_K3,2064,0.8478383585925967,0.810077519379845,1.0
regir_kv0_sg,4,random_init,4,id_val,10v10_K2,1078,0.790200841337205,0.774582560296846,1.0
regir_kv0_sg,4,random_init,4,id_val,10v10_K3,1048,0.8014226894914361,0.7662213740458015,1.0
regir_kv0_sg,4,random_init,4,id_test,10v10_K2,1074,0.8088459763586667,0.7839851024208566,1.0
regir_kv0_sg,4,random_init,4,id_test,10v10_K3,1020,0.825569621609459,0.7862745098039216,1.0
regir_kv0_sg,4,random_init,4,ood_explore,30v30_K12,5674,0.8267349797061682,0.6605569263306309,1.0
regir_kv0_sg,4,random_init,4,ood_explore,30v30_K2,5548,0.8343391394152647,0.746395097332372,1.0
regir_kv0_sg,4,random_init,4,ood_explore,50v50_K2,8590,0.8372870907429464,0.6953434225844005,1.0
regir_kv0_sg,4,random_init,4,ood_confirm,30v30_K12,5692,0.8315993311084242,0.6981728742094168,1.0
regir_kv0_sg,4,random_init,4,ood_confirm,30v30_K2,5534,0.8261203486916392,0.7291290205999277,1.0
regir_kv0_sg,4,random_init,4,ood_confirm,50v50_K2,8722,0.8385424017712647,0.7186425131850493,1.0
regir_kv0_intent_sg,1,trained,0,id_train,10v10_K2,2042,0.7615798710637741,0.7492654260528894,100.0
regir_kv0_intent_sg,1,trained,0,id_train,10v10_K3,2064,0.7905695770576254,0.7868217054263565,100.0
regir_kv0_intent_sg,1,trained,0,id_val,10v10_K2,1078,0.7283848931576204,0.7597402597402597,100.0
regir_kv0_intent_sg,1,trained,0,id_val,10v10_K3,1048,0.7503484091208288,0.7347328244274809,100.0
regir_kv0_intent_sg,1,trained,0,id_test,10v10_K2,1074,0.7547655390294984,0.7467411545623837,100.0
regir_kv0_intent_sg,1,trained,0,id_test,10v10_K3,1020,0.7742139409297167,0.7725490196078432,100.0
regir_kv0_intent_sg,1,trained,0,ood_explore,30v30_K12,5674,0.7789115646258503,0.6554458935495241,100.0
regir_kv0_intent_sg,1,trained,0,ood_explore,30v30_K2,5548,0.7845493234170892,0.6730353280461427,100.0
regir_kv0_intent_sg,1,trained,0,ood_explore,50v50_K2,8590,0.7863354612434857,0.6190919674039581,100.0
regir_kv0_intent_sg,1,trained,0,ood_confirm,30v30_K12,5692,0.7849967078787509,0.6809557273366128,100.0
regir_kv0_intent_sg,1,trained,0,ood_confirm,30v30_K2,5534,0.783165355132489,0.6597397903867004,100.0
regir_kv0_intent_sg,1,trained,0,ood_confirm,50v50_K2,8722,0.7875057040508936,0.6196973171290988,100.0
regir_kv0_intent_sg,1,trained,1,id_train,10v10_K2,2042,0.8646760502469099,0.8085210577864839,1.0
regir_kv0_intent_sg,1,trained,1,id_train,10v10_K3,2064,0.8844635082642911,0.8435077519379846,1.0
regir_kv0_intent_sg,1,trained,1,id_val,10v10_K2,1078,0.8336404586404587,0.8024118738404453,1.0
regir_kv0_intent_sg,1,trained,1,id_val,10v10_K3,1048,0.8337214633637028,0.7833969465648855,1.0
regir_kv0_intent_sg,1,trained,1,id_test,10v10_K2,1074,0.8468593589151965,0.7858472998137802,1.0
regir_kv0_intent_sg,1,trained,1,id_test,10v10_K3,1020,0.8516117626259649,0.8107843137254902,1.0
regir_kv0_intent_sg,1,trained,1,ood_explore,30v30_K12,5674,0.84460732344886,0.7083186464575255,1.0
regir_kv0_intent_sg,1,trained,1,ood_explore,30v30_K2,5548,0.8566658084870742,0.7334174477289113,1.0
regir_kv0_intent_sg,1,trained,1,ood_explore,50v50_K2,8590,0.8681130503506568,0.6824214202561117,1.0
regir_kv0_intent_sg,1,trained,1,ood_confirm,30v30_K12,5692,0.8450815681767592,0.7461349262122277,1.0
regir_kv0_intent_sg,1,trained,1,ood_confirm,30v30_K2,5534,0.8629062146703519,0.731478135164438,1.0
regir_kv0_intent_sg,1,trained,1,ood_confirm,50v50_K2,8722,0.8612091310706471,0.6955973400596194,1.0
regir_kv0_intent_sg,1,trained,2,id_train,10v10_K2,2042,0.8704112985145179,0.8104799216454457,1.0
regir_kv0_intent_sg,1,trained,2,id_train,10v10_K3,2064,0.889311999613837,0.8459302325581395,1.0
regir_kv0_intent_sg,1,trained,2,id_val,10v10_K2,1078,0.837898332216514,0.7959183673469388,1.0
regir_kv0_intent_sg,1,trained,2,id_val,10v10_K3,1048,0.8428413841942557,0.7938931297709924,1.0
regir_kv0_intent_sg,1,trained,2,id_test,10v10_K2,1074,0.8558979091974016,0.7932960893854749,1.0
regir_kv0_intent_sg,1,trained,2,id_test,10v10_K3,1020,0.8612496584681156,0.8225490196078431,1.0
regir_kv0_intent_sg,1,trained,2,ood_explore,30v30_K12,5674,0.8501127723816799,0.7102573140641523,1.0
regir_kv0_intent_sg,1,trained,2,ood_explore,30v30_K2,5548,0.8637822592578749,0.7453136265320837,1.0
regir_kv0_intent_sg,1,trained,2,ood_explore,50v50_K2,8590,0.8687217122012444,0.6871944121071013,1.0
regir_kv0_intent_sg,1,trained,2,ood_confirm,30v30_K12,5692,0.8523180776742512,0.7492972593113141,1.0
regir_kv0_intent_sg,1,trained,2,ood_confirm,30v30_K2,5534,0.8699276127985649,0.7358149620527648,1.0
regir_kv0_intent_sg,1,trained,2,ood_confirm,50v50_K2,8722,0.867929303971578,0.7017885806007796,1.0
regir_kv0_intent_sg,1,trained,3,id_train,10v10_K2,2042,0.8703660400889076,0.8070519098922625,1.0
regir_kv0_intent_sg,1,trained,3,id_train,10v10_K3,2064,0.8887729803874771,0.8410852713178295,1.0
regir_kv0_intent_sg,1,trained,3,id_val,10v10_K2,1078,0.8349248008338918,0.7829313543599258,1.0
regir_kv0_intent_sg,1,trained,3,id_val,10v10_K3,1048,0.8452518759618135,0.8015267175572519,1.0
regir_kv0_intent_sg,1,trained,3,id_test,10v10_K2,1074,0.8579434524865996,0.8035381750465549,1.0
regir_kv0_intent_sg,1,trained,3,id_test,10v10_K3,1020,0.8600067502772435,0.8137254901960784,1.0
regir_kv0_intent_sg,1,trained,3,ood_explore,30v30_K12,5674,0.850087697416629,0.7047937962636588,1.0
regir_kv0_intent_sg,1,trained,3,ood_explore,30v30_K2,5548,0.8616953288850792,0.7431506849315068,1.0
regir_kv0_intent_sg,1,trained,3,ood_explore,50v50_K2,8590,0.8656119109420893,0.6871944121071013,1.0
regir_kv0_intent_sg,1,trained,3,ood_confirm,30v30_K12,5692,0.8533194340094664,0.7505270555165144,1.0
regir_kv0_intent_sg,1,trained,3,ood_confirm,30v30_K2,5534,0.8683624200298923,0.7376219732562342,1.0
regir_kv0_intent_sg,1,trained,3,ood_confirm,50v50_K2,8722,0.8677509306153621,0.6988076129328136,1.0
regir_kv0_intent_sg,1,trained,4,id_train,10v10_K2,2042,0.8694885295034648,0.8129285014691479,1.0
regir_kv0_intent_sg,1,trained,4,id_train,10v10_K3,2064,0.8855978621585708,0.8410852713178295,1.0
regir_kv0_intent_sg,1,trained,4,id_val,10v10_K2,1078,0.8338638225001861,0.7949907235621522,1.0
regir_kv0_intent_sg,1,trained,4,id_val,10v10_K3,1048,0.8440852161044455,0.7938931297709924,1.0
regir_kv0_intent_sg,1,trained,4,id_test,10v10_K2,1074,0.8578413971814987,0.8026070763500931,1.0
regir_kv0_intent_sg,1,trained,4,id_test,10v10_K3,1020,0.8568137619937962,0.807843137254902,1.0
regir_kv0_intent_sg,1,trained,4,ood_explore,30v30_K12,5674,0.8482060356610176,0.7021501586182587,1.0
regir_kv0_intent_sg,1,trained,4,ood_explore,30v30_K2,5548,0.8589386544387975,0.7390050468637347,1.0
regir_kv0_intent_sg,1,trained,4,ood_explore,50v50_K2,8590,0.8625781716700796,0.6828870779976717,1.0
regir_kv0_intent_sg,1,trained,4,ood_confirm,30v30_K12,5692,0.8526523092968995,0.7533380182712579,1.0
regir_kv0_intent_sg,1,trained,4,ood_confirm,30v30_K2,5534,0.8652503073962716,0.731658836284785,1.0
regir_kv0_intent_sg,1,trained,4,ood_confirm,50v50_K2,8722,0.8655518945241978,0.6947947718413208,1.0
regir_kv0_intent_sg,1,shuffled_labels,0,id_train,10v10_K2,2042,0.5121619447042614,0.7433888344760039,0.1
regir_kv0_intent_sg,1,shuffled_labels,0,id_train,10v10_K3,2064,0.5144871473413077,0.7742248062015504,0.1
regir_kv0_intent_sg,1,shuffled_labels,0,id_val,10v10_K2,1078,0.5124432283523193,0.7551020408163265,0.1
regir_kv0_intent_sg,1,shuffled_labels,0,id_val,10v10_K3,1048,0.470858470994657,0.7223282442748091,0.1
regir_kv0_intent_sg,1,shuffled_labels,0,id_test,10v10_K2,1074,0.5446247914522027,0.7327746741154563,0.1
regir_kv0_intent_sg,1,shuffled_labels,0,id_test,10v10_K3,1020,0.4450147059611377,0.7647058823529411,0.1
regir_kv0_intent_sg,1,shuffled_labels,0,ood_explore,30v30_K12,5674,0.52707511576059,0.6043355657384561,0.1
regir_kv0_intent_sg,1,shuffled_labels,0,ood_explore,30v30_K2,5548,0.48282891832832214,0.6339221341023792,0.1
regir_kv0_intent_sg,1,shuffled_labels,0,ood_explore,50v50_K2,8590,0.5154263390546884,0.5706635622817229,0.1
regir_kv0_intent_sg,1,shuffled_labels,0,ood_confirm,30v30_K12,5692,0.5274009027332437,0.6393183415319748,0.1
regir_kv0_intent_sg,1,shuffled_labels,0,ood_confirm,30v30_K2,5534,0.5104940170189083,0.6261293820021684,0.1
regir_kv0_intent_sg,1,shuffled_labels,0,ood_confirm,50v50_K2,8722,0.5048181912248968,0.5846136207291905,0.1
regir_kv0_intent_sg,1,shuffled_labels,1,id_train,10v10_K2,2042,0.511505697532913,0.7433888344760039,10.0
regir_kv0_intent_sg,1,shuffled_labels,1,id_train,10v10_K3,2064,0.5037228529402694,0.7737403100775194,10.0
regir_kv0_intent_sg,1,shuffled_labels,1,id_val,10v10_K2,1078,0.48386196113468843,0.7551020408163265,10.0
regir_kv0_intent_sg,1,shuffled_labels,1,id_val,10v10_K3,1048,0.5199580547195249,0.7223282442748091,10.0
regir_kv0_intent_sg,1,shuffled_labels,1,id_test,10v10_K2,1074,0.5372989954208228,0.7337057728119181,10.0
regir_kv0_intent_sg,1,shuffled_labels,1,id_test,10v10_K3,1020,0.4901237015091691,0.765686274509804,10.0
regir_kv0_intent_sg,1,shuffled_labels,1,ood_explore,30v30_K12,5674,0.45852444874053516,0.6045118082481494,10.0
regir_kv0_intent_sg,1,shuffled_labels,1,ood_explore,30v30_K2,5548,0.4651649783768142,0.6339221341023792,10.0
regir_kv0_intent_sg,1,shuffled_labels,1,ood_explore,50v50_K2,8590,0.5132442727674686,0.5707799767171129,10.0
regir_kv0_intent_sg,1,shuffled_labels,1,ood_confirm,30v30_K12,5692,0.46055444435030096,0.6393183415319748,10.0
regir_kv0_intent_sg,1,shuffled_labels,1,ood_confirm,30v30_K2,5534,0.4871348296191215,0.6261293820021684,10.0
regir_kv0_intent_sg,1,shuffled_labels,1,ood_confirm,50v50_K2,8722,0.4736230940677005,0.5842696629213483,10.0
regir_kv0_intent_sg,1,shuffled_labels,2,id_train,10v10_K2,2042,0.5159246799223567,0.7433888344760039,10.0
regir_kv0_intent_sg,1,shuffled_labels,2,id_train,10v10_K3,2064,0.5077507478556554,0.7737403100775194,10.0
regir_kv0_intent_sg,1,shuffled_labels,2,id_val,10v10_K2,1078,0.476202442111533,0.7551020408163265,10.0
regir_kv0_intent_sg,1,shuffled_labels,2,id_val,10v10_K3,1048,0.5229269089869125,0.7223282442748091,10.0
regir_kv0_intent_sg,1,shuffled_labels,2,id_test,10v10_K2,1074,0.5137242199424941,0.7337057728119181,10.0
regir_kv0_intent_sg,1,shuffled_labels,2,id_test,10v10_K3,1020,0.504824305283967,0.765686274509804,10.0
regir_kv0_intent_sg,1,shuffled_labels,2,ood_explore,30v30_K12,5674,0.5022169906923808,0.6045118082481494,10.0
regir_kv0_intent_sg,1,shuffled_labels,2,ood_explore,30v30_K2,5548,0.4619898538812747,0.6339221341023792,10.0
regir_kv0_intent_sg,1,shuffled_labels,2,ood_explore,50v50_K2,8590,0.5011704971759982,0.5707799767171129,10.0
regir_kv0_intent_sg,1,shuffled_labels,2,ood_confirm,30v30_K12,5692,0.4922654894003601,0.6393183415319748,10.0
regir_kv0_intent_sg,1,shuffled_labels,2,ood_confirm,30v30_K2,5534,0.47626663653729867,0.6261293820021684,10.0
regir_kv0_intent_sg,1,shuffled_labels,2,ood_confirm,50v50_K2,8722,0.4797261038150251,0.5842696629213483,10.0
regir_kv0_intent_sg,1,shuffled_labels,3,id_train,10v10_K2,2042,0.5183522915849501,0.7433888344760039,10.0
regir_kv0_intent_sg,1,shuffled_labels,3,id_train,10v10_K3,2064,0.5143329502989411,0.7737403100775194,10.0
regir_kv0_intent_sg,1,shuffled_labels,3,id_val,10v10_K2,1078,0.48721707244434515,0.7551020408163265,10.0
regir_kv0_intent_sg,1,shuffled_labels,3,id_val,10v10_K3,1048,0.5120728867341241,0.7223282442748091,10.0
regir_kv0_intent_sg,1,shuffled_labels,3,id_test,10v10_K2,1074,0.5134269284015477,0.7337057728119181,10.0
regir_kv0_intent_sg,1,shuffled_labels,3,id_test,10v10_K3,1020,0.5201838646944428,0.765686274509804,10.0
regir_kv0_intent_sg,1,shuffled_labels,3,ood_explore,30v30_K12,5674,0.5336642449187468,0.6045118082481494,10.0
regir_kv0_intent_sg,1,shuffled_labels,3,ood_explore,30v30_K2,5548,0.4705594700958011,0.6341023792357606,10.0
regir_kv0_intent_sg,1,shuffled_labels,3,ood_explore,50v50_K2,8590,0.5067395622624342,0.5706635622817229,10.0
regir_kv0_intent_sg,1,shuffled_labels,3,ood_confirm,30v30_K12,5692,0.5192275541781162,0.6393183415319748,10.0
regir_kv0_intent_sg,1,shuffled_labels,3,ood_confirm,30v30_K2,5534,0.47862802575224034,0.6261293820021684,10.0
regir_kv0_intent_sg,1,shuffled_labels,3,ood_confirm,50v50_K2,8722,0.4947369577471618,0.5843843155239624,10.0
regir_kv0_intent_sg,1,shuffled_labels,4,id_train,10v10_K2,2042,0.5168876786450634,0.7433888344760039,10.0
regir_kv0_intent_sg,1,shuffled_labels,4,id_train,10v10_K3,2064,0.5143718347704944,0.7737403100775194,10.0
regir_kv0_intent_sg,1,shuffled_labels,4,id_val,10v10_K2,1078,0.49672865013774103,0.7551020408163265,10.0
regir_kv0_intent_sg,1,shuffled_labels,4,id_val,10v10_K3,1048,0.5053543786060911,0.7213740458015268,10.0
regir_kv0_intent_sg,1,shuffled_labels,4,id_test,10v10_K2,1074,0.5158540697880799,0.7337057728119181,10.0
regir_kv0_intent_sg,1,shuffled_labels,4,id_test,10v10_K3,1020,0.5233661382521068,0.7686274509803922,10.0
regir_kv0_intent_sg,1,shuffled_labels,4,ood_explore,30v30_K12,5674,0.5461602822947361,0.6045118082481494,10.0
regir_kv0_intent_sg,1,shuffled_labels,4,ood_explore,30v30_K2,5548,0.47208893372515603,0.6342826243691421,10.0
regir_kv0_intent_sg,1,shuffled_labels,4,ood_explore,50v50_K2,8590,0.5117415091727161,0.5706635622817229,10.0
regir_kv0_intent_sg,1,shuffled_labels,4,ood_confirm,30v30_K12,5692,0.5303385805154877,0.6393183415319748,10.0
regir_kv0_intent_sg,1,shuffled_labels,4,ood_confirm,30v30_K2,5534,0.48361234383467344,0.6261293820021684,10.0
regir_kv0_intent_sg,1,shuffled_labels,4,ood_confirm,50v50_K2,8722,0.4986410396395819,0.5841550103187342,10.0
regir_kv0_intent_sg,1,random_init,0,id_train,10v10_K2,2042,0.7709483651650927,0.7536728697355534,10.0
regir_kv0_intent_sg,1,random_init,0,id_train,10v10_K3,2064,0.7941858329120849,0.7877906976744186,10.0
regir_kv0_intent_sg,1,random_init,0,id_val,10v10_K2,1078,0.7275658923386196,0.7560296846011132,10.0
regir_kv0_intent_sg,1,random_init,0,id_val,10v10_K3,1048,0.7467077040406379,0.7490458015267175,10.0
regir_kv0_intent_sg,1,random_init,0,id_test,10v10_K2,1074,0.7471158283341024,0.7439478584729982,10.0
regir_kv0_intent_sg,1,random_init,0,id_test,10v10_K3,1020,0.7668582816794262,0.7647058823529411,10.0
regir_kv0_intent_sg,1,random_init,0,ood_explore,30v30_K12,5674,0.7762299725084839,0.6591469862530842,10.0
regir_kv0_intent_sg,1,random_init,0,ood_explore,30v30_K2,5548,0.7874196751601247,0.6757390050468637,10.0
regir_kv0_intent_sg,1,random_init,0,ood_explore,50v50_K2,8590,0.7861882052363727,0.6189755529685681,10.0
regir_kv0_intent_sg,1,random_init,0,ood_confirm,30v30_K12,5692,0.7847929831972648,0.6872803935347856,10.0
regir_kv0_intent_sg,1,random_init,0,ood_confirm,30v30_K2,5534,0.7813239764907237,0.6617275027105168,10.0
regir_kv0_intent_sg,1,random_init,0,ood_confirm,50v50_K2,8722,0.7910822089029086,0.6263471680807154,10.0
regir_kv0_intent_sg,1,random_init,1,id_train,10v10_K2,2042,0.8384915366744109,0.786973555337904,0.0001
regir_kv0_intent_sg,1,random_init,1,id_train,10v10_K3,2064,0.8654342523924007,0.8207364341085271,0.0001
regir_kv0_intent_sg,1,random_init,1,id_val,10v10_K2,1078,0.8047753331844241,0.774582560296846,0.0001
regir_kv0_intent_sg,1,random_init,1,id_val,10v10_K3,1048,0.8087313368469315,0.7566793893129771,0.0001
regir_kv0_intent_sg,1,random_init,1,id_test,10v10_K2,1074,0.8259380213694935,0.7746741154562383,0.0001
regir_kv0_intent_sg,1,random_init,1,id_test,10v10_K3,1020,0.8350735833793174,0.8009803921568628,0.0001
regir_kv0_intent_sg,1,random_init,1,ood_explore,30v30_K12,5674,0.8300256466222853,0.6718364469510045,0.0001
regir_kv0_intent_sg,1,random_init,1,ood_explore,30v30_K2,5548,0.8438421134345425,0.7599134823359769,0.0001
regir_kv0_intent_sg,1,random_init,1,ood_explore,50v50_K2,8590,0.8413805532787667,0.7146682188591386,0.0001
regir_kv0_intent_sg,1,random_init,1,ood_confirm,30v30_K12,5692,0.8320055757919396,0.7011595221363317,0.0001
regir_kv0_intent_sg,1,random_init,1,ood_confirm,30v30_K2,5534,0.8381730722958369,0.7448500180701121,0.0001
regir_kv0_intent_sg,1,random_init,1,ood_confirm,50v50_K2,8722,0.8473249083671824,0.7337766567301077,0.0001
regir_kv0_intent_sg,1,random_init,2,id_train,10v10_K2,2042,0.8461703828862807,0.7962781586679726,0.1
regir_kv0_intent_sg,1,random_init,2,id_train,10v10_K3,2064,0.8675018336039603,0.8236434108527132,0.1
regir_kv0_intent_sg,1,random_init,2,id_val,10v10_K2,1078,0.812513960241233,0.7857142857142857,0.1
regir_kv0_intent_sg,1,random_init,2,id_val,10v10_K3,1048,0.8065205845102071,0.7700381679389313,0.1
regir_kv0_intent_sg,1,random_init,2,id_test,10v10_K2,1074,0.8363964715487558,0.7932960893854749,0.1
regir_kv0_intent_sg,1,random_init,2,id_test,10v10_K3,1020,0.8419149357920057,0.8117647058823529,0.1
regir_kv0_intent_sg,1,random_init,2,ood_explore,30v30_K12,5674,0.8268130628874927,0.6609094113500176,0.1
regir_kv0_intent_sg,1,random_init,2,ood_explore,30v30_K2,5548,0.8458149465205718,0.7622566690699352,0.1
regir_kv0_intent_sg,1,random_init,2,ood_explore,50v50_K2,8590,0.8508008442161442,0.7275902211874272,0.1
regir_kv0_intent_sg,1,random_init,2,ood_confirm,30v30_K12,5692,0.8308473434207837,0.7001054111033029,0.1
regir_kv0_intent_sg,1,random_init,2,ood_confirm,30v30_K2,5534,0.842525371089895,0.7611131189013371,0.1
regir_kv0_intent_sg,1,random_init,2,ood_confirm,50v50_K2,8722,0.8490355283358199,0.7420316441183215,0.1
regir_kv0_intent_sg,1,random_init,3,id_train,10v10_K2,2042,0.8499469470677569,0.801175318315377,0.01
regir_kv0_intent_sg,1,random_init,3,id_train,10v10_K3,2064,0.8668260483052405,0.8255813953488372,0.01
regir_kv0_intent_sg,1,random_init,3,id_val,10v10_K2,1078,0.8084561834561834,0.7801484230055659,0.01
regir_kv0_intent_sg,1,random_init,3,id_val,10v10_K3,1048,0.8063934775996768,0.7624045801526718,0.01
regir_kv0_intent_sg,1,random_init,3,id_test,10v10_K2,1074,0.8331262645983458,0.7867783985102421,0.01
regir_kv0_intent_sg,1,random_init,3,id_test,10v10_K3,1020,0.836809368956225,0.8068627450980392,0.01
regir_kv0_intent_sg,1,random_init,3,ood_explore,30v30_K12,5674,0.8283816123852138,0.6573845611561508,0.01
regir_kv0_intent_sg,1,random_init,3,ood_explore,30v30_K2,5548,0.8441573859373624,0.7626171593366979,0.01
regir_kv0_intent_sg,1,random_init,3,ood_explore,50v50_K2,8590,0.8481444830359918,0.7275902211874272,0.01
regir_kv0_intent_sg,1,random_init,3,ood_confirm,30v30_K12,5692,0.8281586327262953,0.6936050597329585,0.01
regir_kv0_intent_sg,1,random_init,3,ood_confirm,30v30_K2,5534,0.8410401048390416,0.7576797976147452,0.01
regir_kv0_intent_sg,1,random_init,3,ood_confirm,50v50_K2,8722,0.8459345053732809,0.7406558128869525,0.01
regir_kv0_intent_sg,1,random_init,4,id_train,10v10_K2,2042,0.8515423065705177,0.8080313418217434,0.001
regir_kv0_intent_sg,1,random_init,4,id_train,10v10_K3,2064,0.8663218910188938,0.8265503875968992,0.001
regir_kv0_intent_sg,1,random_init,4,id_val,10v10_K2,1078,0.8106246742610379,0.7847866419294991,0.001
regir_kv0_intent_sg,1,random_init,4,id_val,10v10_K3,1048,0.8045004925392784,0.7519083969465649,0.001
regir_kv0_intent_sg,1,random_init,4,id_test,10v10_K2,1074,0.8351939938234354,0.7895716945996276,0.001
regir_kv0_intent_sg,1,random_init,4,id_test,10v10_K3,1020,0.8359146893533127,0.8088235294117647,0.001
regir_kv0_intent_sg,1,random_init,4,ood_explore,30v30_K12,5674,0.8280600551909075,0.6540359534719774,0.001
regir_kv0_intent_sg,1,random_init,4,ood_explore,30v30_K2,5548,0.8421541735737524,0.7590122566690699,0.001
regir_kv0_intent_sg,1,random_init,4,ood_explore,50v50_K2,8590,0.8449502668005578,0.7253783469150175,0.001
regir_kv0_intent_sg,1,random_init,4,ood_confirm,30v30_K12,5692,0.8262429246833065,0.6925509486999297,0.001
regir_kv0_intent_sg,1,random_init,4,ood_confirm,30v30_K2,5534,0.8390804405304164,0.7546078785688471,0.001
regir_kv0_intent_sg,1,random_init,4,ood_confirm,50v50_K2,8722,0.8440943266016152,0.7421462967209356,0.001
regir_kv0_intent_sg,0,trained,0,id_train,10v10_K2,2042,0.7605678423799898,0.752203721841332,100.0
regir_kv0_intent_sg,0,trained,0,id_train,10v10_K3,2064,0.7876519008472792,0.7766472868217055,100.0
regir_kv0_intent_sg,0,trained,0,id_val,10v10_K2,1078,0.7266957039684312,0.7560296846011132,100.0
regir_kv0_intent_sg,0,trained,0,id_val,10v10_K3,1048,0.7482920008897483,0.732824427480916,100.0
regir_kv0_intent_sg,0,trained,0,id_test,10v10_K2,1074,0.7516461964431508,0.7467411545623837,100.0
regir_kv0_intent_sg,0,trained,0,id_test,10v10_K3,1020,0.7745460974290016,0.7745098039215687,100.0
regir_kv0_intent_sg,0,trained,0,ood_explore,30v30_K12,5674,0.7814050295442853,0.6559746210786042,100.0
regir_kv0_intent_sg,0,trained,0,ood_explore,30v30_K2,5548,0.7860559675890907,0.6696106705118962,100.0
regir_kv0_intent_sg,0,trained,0,ood_explore,50v50_K2,8590,0.7886895659161755,0.6188591385331781,100.0
regir_kv0_intent_sg,0,trained,0,ood_confirm,30v30_K12,5692,0.7841613296020395,0.6762122276879832,100.0
regir_kv0_intent_sg,0,trained,0,ood_confirm,30v30_K2,5534,0.7812560459249681,0.6552222623780267,100.0
regir_kv0_intent_sg,0,trained,0,ood_confirm,50v50_K2,8722,0.7903440917289314,0.6208438431552397,100.0
regir_kv0_intent_sg,0,trained,1,id_train,10v10_K2,2042,0.8514077884721761,0.7938295788442703,1.0
regir_kv0_intent_sg,0,trained,1,id_train,10v10_K3,2064,0.8750802830253191,0.8246124031007752,1.0
regir_kv0_intent_sg,0,trained,1,id_val,10v10_K2,1078,0.8388150547241456,0.7949907235621522,1.0
regir_kv0_intent_sg,0,trained,1,id_val,10v10_K3,1048,0.8457376059413402,0.7862595419847328,1.0
regir_kv0_intent_sg,0,trained,1,id_test,10v10_K2,1074,0.8589817542863228,0.8007448789571695,1.0
regir_kv0_intent_sg,0,trained,1,id_test,10v10_K3,1020,0.864201565421437,0.8225490196078431,1.0
regir_kv0_intent_sg,0,trained,1,ood_explore,30v30_K12,5674,0.8449961802902979,0.7023264011279521,1.0
regir_kv0_intent_sg,0,trained,1,ood_explore,30v30_K2,5548,0.8474606073867563,0.7263878875270368,1.0
regir_kv0_intent_sg,0,trained,1,ood_explore,50v50_K2,8590,0.8639214540219671,0.6769499417927823,1.0
regir_kv0_intent_sg,0,trained,1,ood_confirm,30v30_K12,5692,0.84470517277312,0.7364722417427969,1.0
regir_kv0_intent_sg,0,trained,1,ood_confirm,30v30_K2,5534,0.8502387682668011,0.731478135164438,1.0
regir_kv0_intent_sg,0,trained,1,ood_confirm,50v50_K2,8722,0.8655810100780946,0.7001834441641825,1.0
regir_kv0_intent_sg,0,trained,2,id_train,10v10_K2,2042,0.8479392330205473,0.7928501469147894,10.0
regir_kv0_intent_sg,0,trained,2,id_train,10v10_K3,2064,0.867515242042427,0.8226744186046512,10.0
regir_kv0_intent_sg,0,trained,2,id_val,10v10_K2,1078,0.8386428784156057,0.7894248608534323,10.0
regir_kv0_intent_sg,0,trained,2,id_val,10v10_K3,1048,0.8430592817551649,0.7853053435114504,10.0
regir_kv0_intent_sg,0,trained,2,id_test,10v10_K2,1074,0.8465531929998935,0.7942271880819367,10.0
regir_kv0_intent_sg,0,trained,2,id_test,10v10_K3,1020,0.8589459924246888,0.8127450980392157,10.0
regir_kv0_intent_sg,0,trained,2,ood_explore,30v30_K12,5674,0.838996377771888,0.6912231230172717,10.0
regir_kv0_intent_sg,0,trained,2,ood_explore,30v30_K2,5548,0.8403039775714134,0.72422494592646,10.0
regir_kv0_intent_sg,0,trained,2,ood_explore,50v50_K2,8590,0.8564494009938729,0.6763678696158324,10.0
regir_kv0_intent_sg,0,trained,2,ood_confirm,30v30_K12,5692,0.8426454386083971,0.7326071679550246,10.0
regir_kv0_intent_sg,0,trained,2,ood_confirm,30v30_K2,5534,0.8474466406800868,0.7307553306830502,10.0
regir_kv0_intent_sg,0,trained,2,ood_confirm,50v50_K2,8722,0.8578236090991193,0.6975464343040587,10.0
regir_kv0_intent_sg,0,trained,3,id_train,10v10_K2,2042,0.8468454877349667,0.7957884427032321,10.0
regir_kv0_intent_sg,0,trained,3,id_train,10v10_K3,2064,0.8659142744895072,0.8236434108527132,10.0
regir_kv0_intent_sg,0,trained,3,id_val,10v10_K2,1078,0.8380891221800313,0.7903525046382189,10.0
regir_kv0_intent_sg,0,trained,3,id_val,10v10_K3,1048,0.8431137561453922,0.7853053435114504,10.0
regir_kv0_intent_sg,0,trained,3,id_test,10v10_K2,1074,0.8391697135351958,0.7914338919925512,10.0
regir_kv0_intent_sg,0,trained,3,id_test,10v10_K3,1020,0.8565833953894535,0.8127450980392157,10.0
regir_kv0_intent_sg,0,trained,3,ood_explore,30v30_K12,5674,0.8358458968002785,0.6896369404300318,10.0
regir_kv0_intent_sg,0,trained,3,ood_explore,30v30_K2,5548,0.8386891159728221,0.7287310742609949,10.0
regir_kv0_intent_sg,0,trained,3,ood_explore,50v50_K2,8590,0.8492647793004742,0.6827706635622818,10.0
regir_kv0_intent_sg,0,trained,3,ood_confirm,30v30_K12,5692,0.8397559480044284,0.730498945888967,10.0
regir_kv0_intent_sg,0,trained,3,ood_confirm,30v30_K2,5534,0.8450312696808588,0.7320202385254788,10.0
regir_kv0_intent_sg,0,trained,3,ood_confirm,50v50_K2,8722,0.8531114894088655,0.6992662233432699,10.0
regir_kv0_intent_sg,0,trained,4,id_train,10v10_K2,2042,0.8485778796930473,0.8050930460333007,1.0
regir_kv0_intent_sg,0,trained,4,id_train,10v10_K3,2064,0.8640290480410941,0.8231589147286822,1.0
regir_kv0_intent_sg,0,trained,4,id_val,10v10_K2,1078,0.8356507333780061,0.7884972170686456,1.0
regir_kv0_intent_sg,0,trained,4,id_val,10v10_K3,1048,0.8431455328730247,0.7824427480916031,1.0
regir_kv0_intent_sg,0,trained,4,id_test,10v10_K2,1074,0.8250816442440808,0.776536312849162,1.0
regir_kv0_intent_sg,0,trained,4,id_test,10v10_K3,1020,0.8552708414809894,0.8156862745098039,1.0
regir_kv0_intent_sg,0,trained,4,ood_explore,30v30_K12,5674,0.8319756474018178,0.689813182939725,1.0
regir_kv0_intent_sg,0,trained,4,ood_explore,30v30_K2,5548,0.8338749104546294,0.7276496034607065,1.0
regir_kv0_intent_sg,0,trained,4,ood_explore,50v50_K2,8590,0.8411327294951957,0.680442374854482,1.0
regir_kv0_intent_sg,0,trained,4,ood_confirm,30v30_K12,5692,0.8361788531371258,0.7310260014054814,1.0
regir_kv0_intent_sg,0,trained,4,ood_confirm,30v30_K2,5534,0.8411635515550451,0.7327430430068667,1.0
regir_kv0_intent_sg,0,trained,4,ood_confirm,50v50_K2,8722,0.848073578576494,0.7024764962164641,1.0
regir_kv0_intent_sg,0,shuffled_labels,0,id_train,10v10_K2,2042,0.580455651771616,0.7433888344760039,100.0
regir_kv0_intent_sg,0,shuffled_labels,0,id_train,10v10_K3,2064,0.6174612730775987,0.7737403100775194,100.0
regir_kv0_intent_sg,0,shuffled_labels,0,id_val,10v10_K2,1078,0.5788520958975505,0.7551020408163265,100.0
regir_kv0_intent_sg,0,shuffled_labels,0,id_val,10v10_K3,1048,0.5557885848915278,0.7223282442748091,100.0
regir_kv0_intent_sg,0,shuffled_labels,0,id_test,10v10_K2,1074,0.641599517234035,0.7337057728119181,100.0
regir_kv0_intent_sg,0,shuffled_labels,0,id_test,10v10_K3,1020,0.5855276198843881,0.765686274509804,100.0
regir_kv0_intent_sg,0,shuffled_labels,0,ood_explore,30v30_K12,5674,0.6159695046849909,0.6045118082481494,100.0
regir_kv0_intent_sg,0,shuffled_labels,0,ood_explore,30v30_K2,5548,0.6202920694545884,0.6339221341023792,100.0
regir_kv0_intent_sg,0,shuffled_labels,0,ood_explore,50v50_K2,8590,0.6096802514482064,0.5707799767171129,100.0
regir_kv0_intent_sg,0,shuffled_labels,0,ood_confirm,30v30_K12,5692,0.6314431778801577,0.6393183415319748,100.0
regir_kv0_intent_sg,0,shuffled_labels,0,ood_confirm,30v30_K2,5534,0.6188106292504553,0.6261293820021684,100.0
regir_kv0_intent_sg,0,shuffled_labels,0,ood_confirm,50v50_K2,8722,0.6262338933621733,0.5842696629213483,100.0
regir_kv0_intent_sg,0,shuffled_labels,1,id_train,10v10_K2,2042,0.6117279666897988,0.7433888344760039,100.0
regir_kv0_intent_sg,0,shuffled_labels,1,id_train,10v10_K3,2064,0.6323647524332964,0.7737403100775194,100.0
regir_kv0_intent_sg,0,shuffled_labels,1,id_val,10v10_K2,1078,0.6274197751470478,0.7551020408163265,100.0
regir_kv0_intent_sg,0,shuffled_labels,1,id_val,10v10_K3,1048,0.6278309659671247,0.7223282442748091,100.0
regir_kv0_intent_sg,0,shuffled_labels,1,id_test,10v10_K2,1074,0.6470971921479536,0.7337057728119181,100.0
regir_kv0_intent_sg,0,shuffled_labels,1,id_test,10v10_K3,1020,0.629538356039623,0.765686274509804,100.0
regir_kv0_intent_sg,0,shuffled_labels,1,ood_explore,30v30_K12,5674,0.6242882867432687,0.6045118082481494,100.0
regir_kv0_intent_sg,0,shuffled_labels,1,ood_explore,30v30_K2,5548,0.6211117499625859,0.6339221341023792,100.0
regir_kv0_intent_sg,0,shuffled_labels,1,ood_explore,50v50_K2,8590,0.6487960825697955,0.5707799767171129,100.0
regir_kv0_intent_sg,0,shuffled_labels,1,ood_confirm,30v30_K12,5692,0.6241201991683161,0.6393183415319748,100.0
regir_kv0_intent_sg,0,shuffled_labels,1,ood_confirm,30v30_K2,5534,0.6081483201831196,0.6261293820021684,100.0
regir_kv0_intent_sg,0,shuffled_labels,1,ood_confirm,50v50_K2,8722,0.6392475718277467,0.5842696629213483,100.0
regir_kv0_intent_sg,0,shuffled_labels,2,id_train,10v10_K2,2042,0.5758166631465669,0.7433888344760039,100.0
regir_kv0_intent_sg,0,shuffled_labels,2,id_train,10v10_K3,2064,0.5943545110679955,0.7737403100775194,100.0
regir_kv0_intent_sg,0,shuffled_labels,2,id_val,10v10_K2,1078,0.604171320080411,0.7551020408163265,100.0
regir_kv0_intent_sg,0,shuffled_labels,2,id_val,10v10_K3,1048,0.5937345372173574,0.7223282442748091,100.0
regir_kv0_intent_sg,0,shuffled_labels,2,id_test,10v10_K2,1074,0.6131793333569984,0.7337057728119181,100.0
regir_kv0_intent_sg,0,shuffled_labels,2,id_test,10v10_K3,1020,0.5718395576961197,0.765686274509804,100.0
regir_kv0_intent_sg,0,shuffled_labels,2,ood_explore,30v30_K12,5674,0.5767652515551676,0.6045118082481494,100.0
regir_kv0_intent_sg,0,shuffled_labels,2,ood_explore,30v30_K2,5548,0.5641828037329273,0.6339221341023792,100.0
regir_kv0_intent_sg,0,shuffled_labels,2,ood_explore,50v50_K2,8590,0.5998971863205033,0.5707799767171129,100.0
regir_kv0_intent_sg,0,shuffled_labels,2,ood_confirm,30v30_K12,5692,0.5770932610632742,0.6393183415319748,100.0
regir_kv0_intent_sg,0,shuffled_labels,2,ood_confirm,30v30_K2,5534,0.5559493296564345,0.6261293820021684,100.0
regir_kv0_intent_sg,0,shuffled_labels,2,ood_confirm,50v50_K2,8722,0.5920317223159789,0.5842696629213483,100.0
regir_kv0_intent_sg,0,shuffled_labels,3,id_train,10v10_K2,2042,0.5557772380291465,0.7433888344760039,100.0
regir_kv0_intent_sg,0,shuffled_labels,3,id_train,10v10_K3,2064,0.5753614579799651,0.7737403100775194,100.0
regir_kv0_intent_sg,0,shuffled_labels,3,id_val,10v10_K2,1078,0.5703921897103715,0.7551020408163265,100.0
regir_kv0_intent_sg,0,shuffled_labels,3,id_val,10v10_K3,1048,0.589594483560083,0.7223282442748091,100.0
regir_kv0_intent_sg,0,shuffled_labels,3,id_test,10v10_K2,1074,0.6021529232189131,0.7337057728119181,100.0
regir_kv0_intent_sg,0,shuffled_labels,3,id_test,10v10_K3,1020,0.5345469546070643,0.765686274509804,100.0
regir_kv0_intent_sg,0,shuffled_labels,3,ood_explore,30v30_K12,5674,0.5588350924785499,0.6045118082481494,100.0
regir_kv0_intent_sg,0,shuffled_labels,3,ood_explore,30v30_K2,5548,0.5398191830998259,0.6339221341023792,100.0
regir_kv0_intent_sg,0,shuffled_labels,3,ood_explore,50v50_K2,8590,0.5638854034059507,0.5707799767171129,100.0
regir_kv0_intent_sg,0,shuffled_labels,3,ood_confirm,30v30_K12,5692,0.5555396716338278,0.6393183415319748,100.0
regir_kv0_intent_sg,0,shuffled_labels,3,ood_confirm,30v30_K2,5534,0.5241271375635803,0.6261293820021684,100.0
regir_kv0_intent_sg,0,shuffled_labels,3,ood_confirm,50v50_K2,8722,0.5569205831596502,0.5842696629213483,100.0
regir_kv0_intent_sg,0,shuffled_labels,4,id_train,10v10_K2,2042,0.5434933470114353,0.7433888344760039,100.0
regir_kv0_intent_sg,0,shuffled_labels,4,id_train,10v10_K3,2064,0.5644402848488668,0.7737403100775194,100.0
regir_kv0_intent_sg,0,shuffled_labels,4,id_val,10v10_K2,1078,0.5433046683046683,0.7551020408163265,100.0
regir_kv0_intent_sg,0,shuffled_labels,4,id_val,10v10_K3,1048,0.5888545397594955,0.7223282442748091,100.0
regir_kv0_intent_sg,0,shuffled_labels,4,id_test,10v10_K2,1074,0.5951377302900146,0.7337057728119181,100.0
regir_kv0_intent_sg,0,shuffled_labels,4,id_test,10v10_K3,1020,0.512329970695225,0.765686274509804,100.0
regir_kv0_intent_sg,0,shuffled_labels,4,ood_explore,30v30_K12,5674,0.5427765911559429,0.6045118082481494,100.0
regir_kv0_intent_sg,0,shuffled_labels,4,ood_explore,30v30_K2,5548,0.5254924837887355,0.6339221341023792,100.0
regir_kv0_intent_sg,0,shuffled_labels,4,ood_explore,50v50_K2,8590,0.5366234042679128,0.5707799767171129,100.0
regir_kv0_intent_sg,0,shuffled_labels,4,ood_confirm,30v30_K12,5692,0.5407650812148042,0.6393183415319748,100.0
regir_kv0_intent_sg,0,shuffled_labels,4,ood_confirm,30v30_K2,5534,0.5000094154274918,0.6261293820021684,100.0
regir_kv0_intent_sg,0,shuffled_labels,4,ood_confirm,50v50_K2,8722,0.5316338869545867,0.5842696629213483,100.0
regir_kv0_intent_sg,0,random_init,0,id_train,10v10_K2,2042,0.760518812418912,0.7507345739471106,100.0
regir_kv0_intent_sg,0,random_init,0,id_train,10v10_K3,2064,0.7849219427754663,0.7829457364341085,100.0
regir_kv0_intent_sg,0,random_init,0,id_val,10v10_K2,1078,0.7312048618866801,0.7662337662337663,100.0
regir_kv0_intent_sg,0,random_init,0,id_val,10v10_K3,1048,0.7471934340201646,0.7490458015267175,100.0
regir_kv0_intent_sg,0,random_init,0,id_test,10v10_K2,1074,0.7595577011820667,0.7458100558659218,100.0
regir_kv0_intent_sg,0,random_init,0,id_test,10v10_K3,1020,0.7773587129471389,0.7764705882352941,100.0
regir_kv0_intent_sg,0,random_init,0,ood_explore,30v30_K12,5674,0.7787190200755627,0.6533309834332041,100.0
regir_kv0_intent_sg,0,random_init,0,ood_explore,30v30_K2,5548,0.7866158142759365,0.6753785147801009,100.0
regir_kv0_intent_sg,0,random_init,0,ood_explore,50v50_K2,8590,0.7814025509586272,0.6157159487776485,100.0
regir_kv0_intent_sg,0,random_init,0,ood_confirm,30v30_K12,5692,0.7833468324359141,0.6800773014757554,100.0
regir_kv0_intent_sg,0,random_init,0,ood_confirm,30v30_K2,5534,0.7770340287498335,0.6593783881460065,100.0
regir_kv0_intent_sg,0,random_init,0,ood_confirm,50v50_K2,8722,0.7786486226719462,0.6163723916532905,100.0
regir_kv0_intent_sg,0,random_init,1,id_train,10v10_K2,2042,0.8472955576340907,0.796767874632713,1.0
regir_kv0_intent_sg,0,random_init,1,id_train,10v10_K3,2064,0.855904875174142,0.8173449612403101,1.0
regir_kv0_intent_sg,0,random_init,1,id_val,10v10_K2,1078,0.8103315091951455,0.7931354359925789,1.0
regir_kv0_intent_sg,0,random_init,1,id_val,10v10_K3,1048,0.8144239106256838,0.7585877862595419,1.0
regir_kv0_intent_sg,0,random_init,1,id_test,10v10_K2,1074,0.8172988179333357,0.7811918063314711,1.0
regir_kv0_intent_sg,0,random_init,1,id_test,10v10_K3,1020,0.8380844213244473,0.7970588235294118,1.0
regir_kv0_intent_sg,0,random_init,1,ood_explore,30v30_K12,5674,0.8296878491656403,0.6582657737046176,1.0
regir_kv0_intent_sg,0,random_init,1,ood_explore,30v30_K2,5548,0.8315592255216171,0.7516222062004326,1.0
regir_kv0_intent_sg,0,random_init,1,ood_explore,50v50_K2,8590,0.8448896384820771,0.709895227008149,1.0
regir_kv0_intent_sg,0,random_init,1,ood_confirm,30v30_K12,5692,0.8314243848806303,0.7029163738580464,1.0
regir_kv0_intent_sg,0,random_init,1,ood_confirm,30v30_K2,5534,0.8323812592541447,0.7425009035056017,1.0
regir_kv0_intent_sg,0,random_init,1,ood_confirm,50v50_K2,8722,0.8461648321342199,0.7272414583811052,1.0
regir_kv0_intent_sg,0,random_init,2,id_train,10v10_K2,2042,0.8464947349364873,0.7987267384916749,1.0
regir_kv0_intent_sg,0,random_init,2,id_train,10v10_K3,2064,0.8536965053586825,0.812984496124031,1.0
regir_kv0_intent_sg,0,random_init,2,id_val,10v10_K2,1078,0.8200478370932917,0.7857142857142857,1.0
regir_kv0_intent_sg,0,random_init,2,id_val,10v10_K3,1048,0.8132345531057211,0.7643129770992366,1.0
regir_kv0_intent_sg,0,random_init,2,id_test,10v10_K2,1074,0.8293369067480743,0.7811918063314711,1.0
regir_kv0_intent_sg,0,random_init,2,id_test,10v10_K3,1020,0.8444811126171253,0.8068627450980392,1.0
regir_kv0_intent_sg,0,random_init,2,ood_explore,30v30_K12,5674,0.8267517396569017,0.6545646810010575,1.0
regir_kv0_intent_sg,0,random_init,2,ood_explore,30v30_K2,5548,0.841122258112702,0.7590122566690699,1.0
regir_kv0_intent_sg,0,random_init,2,ood_explore,50v50_K2,8590,0.8443769530298145,0.7157159487776484,1.0
regir_kv0_intent_sg,0,random_init,2,ood_confirm,30v30_K12,5692,0.8258089723722829,0.7029163738580464,1.0
regir_kv0_intent_sg,0,random_init,2,ood_confirm,30v30_K2,5534,0.835204353135721,0.7497289483194796,1.0
regir_kv0_intent_sg,0,random_init,2,ood_confirm,50v50_K2,8722,0.8483490398577862,0.7352671405640908,1.0
regir_kv0_intent_sg,0,random_init,3,id_train,10v10_K2,2042,0.8517145400235344,0.7992164544564153,0.0001
regir_kv0_intent_sg,0,random_init,3,id_train,10v10_K3,2064,0.8580555887041951,0.8226744186046512,0.0001
regir_kv0_intent_sg,0,random_init,3,id_val,10v10_K2,1078,0.8196848708212344,0.7847866419294991,0.0001
regir_kv0_intent_sg,0,random_init,3,id_val,10v10_K3,1048,0.8101476709928411,0.7624045801526718,0.0001
regir_kv0_intent_sg,0,random_init,3,id_test,10v10_K2,1074,0.8310363494373647,0.7821229050279329,0.0001
regir_kv0_intent_sg,0,random_init,3,id_test,10v10_K3,1020,0.8460668920330656,0.7980392156862746,0.0001
regir_kv0_intent_sg,0,random_init,3,ood_explore,30v30_K12,5674,0.823469387755102,0.6605569263306309,0.0001
regir_kv0_intent_sg,0,random_init,3,ood_explore,30v30_K2,5548,0.8427627391020641,0.7635183850036049,0.0001
regir_kv0_intent_sg,0,random_init,3,ood_explore,50v50_K2,8590,0.8428831509200928,0.7235157159487776,0.0001
regir_kv0_intent_sg,0,random_init,3,ood_confirm,30v30_K12,5692,0.8230392804476375,0.7059030217849613,0.0001
regir_kv0_intent_sg,0,random_init,3,ood_confirm,30v30_K2,5534,0.8365041005930325,0.7591254065775208,0.0001
regir_kv0_intent_sg,0,random_init,3,ood_confirm,50v50_K2,8722,0.846930062491287,0.7427195597340059,0.0001
regir_kv0_intent_sg,0,random_init,4,id_train,10v10_K2,2042,0.8551969244385441,0.8060724779627816,0.001
regir_kv0_intent_sg,0,random_init,4,id_train,10v10_K3,2064,0.8605173780066747,0.8197674418604651,0.001
regir_kv0_intent_sg,0,random_init,4,id_val,10v10_K2,1078,0.8164833221651403,0.7931354359925789,0.001
regir_kv0_intent_sg,0,random_init,4,id_val,10v10_K3,1048,0.8102203035131442,0.7595419847328244,0.001
regir_kv0_intent_sg,0,random_init,4,id_test,10v10_K2,1074,0.8330020233573533,0.7858472998137802,0.001
regir_kv0_intent_sg,0,random_init,4,id_test,10v10_K3,1020,0.8468651391039275,0.8058823529411765,0.001
regir_kv0_intent_sg,0,random_init,4,ood_explore,30v30_K12,5674,0.8297472235647506,0.6593232287627776,0.001
regir_kv0_intent_sg,0,random_init,4,ood_explore,30v30_K2,5548,0.8444449390993483,0.7687454938716655,0.001
regir_kv0_intent_sg,0,random_init,4,ood_explore,50v50_K2,8590,0.8434802513486344,0.7324796274738068,0.001
regir_kv0_intent_sg,0,random_init,4,ood_confirm,30v30_K12,5692,0.8292124595445214,0.7034434293745608,0.001
regir_kv0_intent_sg,0,random_init,4,ood_confirm,30v30_K2,5534,0.8379059531306994,0.7643657390675822,0.001
regir_kv0_intent_sg,0,random_init,4,ood_confirm,50v50_K2,8722,0.8468226921215259,0.7494840632882367,0.001
regir_kv0_intent_sg,2,trained,0,id_train,10v10_K2,2042,0.7624272093654769,0.7507345739471106,100.0
regir_kv0_intent_sg,2,trained,0,id_train,10v10_K3,2064,0.7879361597427725,0.7814922480620154,100.0
regir_kv0_intent_sg,2,trained,0,id_val,10v10_K2,1078,0.7269004541731815,0.7504638218923934,100.0
regir_kv0_intent_sg,2,trained,0,id_val,10v10_K3,1048,0.7495676095275708,0.7375954198473282,100.0
regir_kv0_intent_sg,2,trained,0,id_test,10v10_K2,1074,0.7538736644066594,0.7420856610800745,100.0
regir_kv0_intent_sg,2,trained,0,id_test,10v10_K3,1020,0.7761265194820501,0.7764705882352941,100.0
regir_kv0_intent_sg,2,trained,0,ood_explore,30v30_K12,5674,0.7799882290578569,0.6570320761367642,100.0
regir_kv0_intent_sg,2,trained,0,ood_explore,30v30_K2,5548,0.787370676325317,0.6770007209805335,100.0
regir_kv0_intent_sg,2,trained,0,ood_explore,50v50_K2,8590,0.7902504132102025,0.6220023282887078,100.0
regir_kv0_intent_sg,2,trained,0,ood_confirm,30v30_K12,5692,0.7865060373849514,0.6832396345748419,100.0
regir_kv0_intent_sg,2,trained,0,ood_confirm,30v30_K2,5534,0.7832387257230177,0.6602818937477413,100.0
regir_kv0_intent_sg,2,trained,0,ood_confirm,50v50_K2,8722,0.7904410172996179,0.6247420316441183,100.0
regir_kv0_intent_sg,2,trained,1,id_train,10v10_K2,2042,0.8567407396232487,0.8050930460333007,1.0
regir_kv0_intent_sg,2,trained,1,id_train,10v10_K3,2064,0.8839714185725644,0.8381782945736435,1.0
regir_kv0_intent_sg,2,trained,1,id_val,10v10_K2,1078,0.8340266919812375,0.7773654916512059,1.0
regir_kv0_intent_sg,2,trained,1,id_val,10v10_K3,1048,0.837643619460068,0.7776717557251909,1.0
regir_kv0_intent_sg,2,trained,1,id_test,10v10_K2,1074,0.8698972347449505,0.8054003724394786,1.0
regir_kv0_intent_sg,2,trained,1,id_test,10v10_K3,1020,0.8335092334149439,0.7931372549019607,1.0
regir_kv0_intent_sg,2,trained,1,ood_explore,30v30_K12,5674,0.8459885252802419,0.6892844554106451,1.0
regir_kv0_intent_sg,2,trained,1,ood_explore,30v30_K2,5548,0.8629424192292707,0.7519826964671954,1.0
regir_kv0_intent_sg,2,trained,1,ood_explore,50v50_K2,8590,0.8736341548968348,0.7031431897555297,1.0
regir_kv0_intent_sg,2,trained,1,ood_confirm,30v30_K12,5692,0.8483548161143813,0.7266338721011947,1.0
regir_kv0_intent_sg,2,trained,1,ood_confirm,30v30_K2,5534,0.8600737751051912,0.758041199855439,1.0
regir_kv0_intent_sg,2,trained,1,ood_confirm,50v50_K2,8722,0.8748319632065987,0.7246044485209814,1.0
regir_kv0_intent_sg,2,trained,2,id_train,10v10_K2,2042,0.8593355560249022,0.8001958863858962,0.01
regir_kv0_intent_sg,2,trained,2,id_train,10v10_K3,2064,0.8893388164907703,0.8410852713178295,0.01
regir_kv0_intent_sg,2,trained,2,id_val,10v10_K2,1078,0.8416955178318815,0.787569573283859,0.01
regir_kv0_intent_sg,2,trained,2,id_val,10v10_K3,1048,0.8550345685401317,0.8024809160305344,0.01
regir_kv0_intent_sg,2,trained,2,id_test,10v10_K2,1074,0.8687125057683434,0.7998137802607076,0.01
regir_kv0_intent_sg,2,trained,2,id_test,10v10_K3,1020,0.8385987281620495,0.7970588235294118,0.01
regir_kv0_intent_sg,2,trained,2,ood_explore,30v30_K12,5674,0.8516367585995437,0.7046175537539655,0.01
regir_kv0_intent_sg,2,trained,2,ood_explore,30v30_K2,5548,0.8627142246557377,0.757209805335256,0.01
regir_kv0_intent_sg,2,trained,2,ood_explore,50v50_K2,8590,0.8726750547272912,0.7061699650756694,0.01
regir_kv0_intent_sg,2,trained,2,ood_confirm,30v30_K12,5692,0.8525674463218258,0.7329585382993675,0.01
regir_kv0_intent_sg,2,trained,2,ood_confirm,30v30_K2,5534,0.8660025651809122,0.761655222262378,0.01
regir_kv0_intent_sg,2,trained,2,ood_confirm,50v50_K2,8722,0.8748960931905538,0.7258656271497363,0.01
regir_kv0_intent_sg,2,trained,3,id_train,10v10_K2,2042,0.8634389866135634,0.8050930460333007,0.0001
regir_kv0_intent_sg,2,trained,3,id_train,10v10_K3,2064,0.889066625189897,0.8415697674418605,0.0001
regir_kv0_intent_sg,2,trained,3,id_val,10v10_K2,1078,0.8424726379271834,0.7838589981447124,0.0001
regir_kv0_intent_sg,2,trained,3,id_val,10v10_K3,1048,0.8614080721967252,0.8053435114503816,0.0001
regir_kv0_intent_sg,2,trained,3,id_test,10v10_K2,1074,0.8633213233467041,0.8016759776536313,0.0001
regir_kv0_intent_sg,2,trained,3,id_test,10v10_K3,1020,0.8471705087887538,0.8058823529411765,0.0001
regir_kv0_intent_sg,2,trained,3,ood_explore,30v30_K12,5674,0.852949361562807,0.712724709199859,0.0001
regir_kv0_intent_sg,2,trained,3,ood_explore,30v30_K2,5548,0.8618846043841077,0.7568493150684932,0.0001
regir_kv0_intent_sg,2,trained,3,ood_explore,50v50_K2,8590,0.8724514601439889,0.7115250291036088,0.0001
regir_kv0_intent_sg,2,trained,3,ood_confirm,30v30_K12,5692,0.8565870601096232,0.7422698524244554,0.0001
regir_kv0_intent_sg,2,trained,3,ood_confirm,30v30_K2,5534,0.8675614809979237,0.7631008312251536,0.0001
regir_kv0_intent_sg,2,trained,3,ood_confirm,50v50_K2,8722,0.8755406942360295,0.7324008254987389,0.0001
regir_kv0_intent_sg,2,trained,4,id_train,10v10_K2,2042,0.8669364571704432,0.8060724779627816,0.01
regir_kv0_intent_sg,2,trained,4,id_train,10v10_K3,2064,0.8882044625964904,0.8459302325581395,0.01
regir_kv0_intent_sg,2,trained,4,id_val,10v10_K2,1078,0.8427471893380984,0.7838589981447124,0.01
regir_kv0_intent_sg,2,trained,4,id_val,10v10_K3,1048,0.8628244063426348,0.8072519083969466,0.01
regir_kv0_intent_sg,2,trained,4,id_test,10v10_K2,1074,0.8613290263036456,0.8016759776536313,0.01
regir_kv0_intent_sg,2,trained,4,id_test,10v10_K3,1020,0.8508456597324533,0.8107843137254902,0.01
regir_kv0_intent_sg,2,trained,4,ood_explore,30v30_K12,5674,0.851965461509279,0.7139584067677124,0.01
regir_kv0_intent_sg,2,trained,4,ood_explore,30v30_K2,5548,0.8615417525371246,0.7570295602018745,0.01
regir_kv0_intent_sg,2,trained,4,ood_explore,50v50_K2,8590,0.8717716595912424,0.7149010477299185,0.01
regir_kv0_intent_sg,2,trained,4,ood_confirm,30v30_K12,5692,0.8578435407831514,0.7510541110330288,0.01
regir_kv0_intent_sg,2,trained,4,ood_confirm,30v30_K2,5534,0.8675800328772779,0.7627394289844597,0.01
regir_kv0_intent_sg,2,trained,4,ood_confirm,50v50_K2,8722,0.8755323059258919,0.7362990139876175,0.01
regir_kv0_intent_sg,2,shuffled_labels,0,id_train,10v10_K2,2042,0.5663915960132355,0.7433888344760039,100.0
regir_kv0_intent_sg,2,shuffled_labels,0,id_train,10v10_K3,2064,0.5927682927973891,0.7737403100775194,100.0
regir_kv0_intent_sg,2,shuffled_labels,0,id_val,10v10_K2,1078,0.5733052267143176,0.7551020408163265,100.0
regir_kv0_intent_sg,2,shuffled_labels,0,id_val,10v10_K3,1048,0.5489520489180024,0.7223282442748091,100.0
regir_kv0_intent_sg,2,shuffled_labels,0,id_test,10v10_K2,1074,0.6078946434276383,0.7337057728119181,100.0
regir_kv0_intent_sg,2,shuffled_labels,0,id_test,10v10_K3,1020,0.5526334117294103,0.765686274509804,100.0
regir_kv0_intent_sg,2,shuffled_labels,0,ood_explore,30v30_K12,5674,0.5778293135435992,0.6045118082481494,100.0
regir_kv0_intent_sg,2,shuffled_labels,0,ood_explore,30v30_K2,5548,0.6075478925111161,0.6339221341023792,100.0
regir_kv0_intent_sg,2,shuffled_labels,0,ood_explore,50v50_K2,8590,0.5632505762317852,0.5707799767171129,100.0
regir_kv0_intent_sg,2,shuffled_labels,0,ood_confirm,30v30_K12,5692,0.5966826875649105,0.6393183415319748,100.0
regir_kv0_intent_sg,2,shuffled_labels,0,ood_confirm,30v30_K2,5534,0.5881807789975987,0.6261293820021684,100.0
regir_kv0_intent_sg,2,shuffled_labels,0,ood_confirm,50v50_K2,8722,0.5870931723701402,0.5842696629213483,100.0
regir_kv0_intent_sg,2,shuffled_labels,1,id_train,10v10_K2,2042,0.6268958251616732,0.7433888344760039,100.0
regir_kv0_intent_sg,2,shuffled_labels,1,id_train,10v10_K3,2064,0.60818129281482,0.7737403100775194,100.0
regir_kv0_intent_sg,2,shuffled_labels,1,id_val,10v10_K2,1078,0.6009185838731294,0.7551020408163265,100.0
regir_kv0_intent_sg,2,shuffled_labels,1,id_val,10v10_K3,1048,0.49459114700368156,0.7223282442748091,100.0
regir_kv0_intent_sg,2,shuffled_labels,1,id_test,10v10_K2,1074,0.6234292357388804,0.7337057728119181,100.0
regir_kv0_intent_sg,2,shuffled_labels,1,id_test,10v10_K3,1020,0.5668839970213062,0.765686274509804,100.0
regir_kv0_intent_sg,2,shuffled_labels,1,ood_explore,30v30_K12,5674,0.6148771196790405,0.6045118082481494,100.0
regir_kv0_intent_sg,2,shuffled_labels,1,ood_explore,30v30_K2,5548,0.6506131084202817,0.6339221341023792,100.0
regir_kv0_intent_sg,2,shuffled_labels,1,ood_explore,50v50_K2,8590,0.6242934463719566,0.5707799767171129,100.0
regir_kv0_intent_sg,2,shuffled_labels,1,ood_confirm,30v30_K12,5692,0.6278961999992771,0.6393183415319748,100.0
regir_kv0_intent_sg,2,shuffled_labels,1,ood_confirm,30v30_K2,5534,0.6266922487318815,0.6261293820021684,100.0
regir_kv0_intent_sg,2,shuffled_labels,1,ood_confirm,50v50_K2,8722,0.6412071351940156,0.5842696629213483,100.0
regir_kv0_intent_sg,2,shuffled_labels,2,id_train,10v10_K2,2042,0.5994667048848927,0.7433888344760039,100.0
regir_kv0_intent_sg,2,shuffled_labels,2,id_train,10v10_K3,2064,0.5946749727473488,0.7737403100775194,100.0
regir_kv0_intent_sg,2,shuffled_labels,2,id_val,10v10_K2,1078,0.585678653860472,0.7551020408163265,100.0
regir_kv0_intent_sg,2,shuffled_labels,2,id_val,10v10_K3,1048,0.5010599808431728,0.7223282442748091,100.0
regir_kv0_intent_sg,2,shuffled_labels,2,id_test,10v10_K2,1074,0.6068918391253416,0.7337057728119181,100.0
regir_kv0_intent_sg,2,shuffled_labels,2,id_test,10v10_K3,1020,0.5635785041171334,0.765686274509804,100.0
regir_kv0_intent_sg,2,shuffled_labels,2,ood_explore,30v30_K12,5674,0.6223610223310103,0.6045118082481494,100.0
regir_kv0_intent_sg,2,shuffled_labels,2,ood_explore,30v30_K2,5548,0.6419879135274164,0.6339221341023792,100.0
regir_kv0_intent_sg,2,shuffled_labels,2,ood_explore,50v50_K2,8590,0.6161456863089696,0.5707799767171129,100.0
regir_kv0_intent_sg,2,shuffled_labels,2,ood_confirm,30v30_K12,5692,0.6367183353685724,0.6393183415319748,100.0
regir_kv0_intent_sg,2,shuffled_labels,2,ood_confirm,30v30_K2,5534,0.6159714942701893,0.6261293820021684,100.0
regir_kv0_intent_sg,2,shuffled_labels,2,ood_confirm,50v50_K2,8722,0.6372180337194915,0.5842696629213483,100.0
regir_kv0_intent_sg,2,shuffled_labels,3,id_train,10v10_K2,2042,0.5708457794003762,0.7443682664054848,0.001
regir_kv0_intent_sg,2,shuffled_labels,3,id_train,10v10_K3,2064,0.5737832847724387,0.7732558139534884,0.001
regir_kv0_intent_sg,2,shuffled_labels,3,id_val,10v10_K2,1078,0.5640309731218822,0.7541743970315399,0.001
regir_kv0_intent_sg,2,shuffled_labels,3,id_val,10v10_K3,1048,0.5449481812362963,0.7232824427480916,0.001
regir_kv0_intent_sg,2,shuffled_labels,3,id_test,10v10_K2,1074,0.5439858364985268,0.7337057728119181,0.001
regir_kv0_intent_sg,2,shuffled_labels,3,id_test,10v10_K3,1020,0.5497297210421143,0.765686274509804,0.001
regir_kv0_intent_sg,2,shuffled_labels,3,ood_explore,30v30_K12,5674,0.6077242585345827,0.6046880507578428,0.001
regir_kv0_intent_sg,2,shuffled_labels,3,ood_explore,30v30_K2,5548,0.5992263503973876,0.6339221341023792,0.001
regir_kv0_intent_sg,2,shuffled_labels,3,ood_explore,50v50_K2,8590,0.5758405222974747,0.5713620488940628,0.001
regir_kv0_intent_sg,2,shuffled_labels,3,ood_confirm,30v30_K12,5692,0.6120290991661342,0.6407238229093465,0.001
regir_kv0_intent_sg,2,shuffled_labels,3,ood_confirm,30v30_K2,5534,0.5850130107259155,0.6266714853632093,0.001
regir_kv0_intent_sg,2,shuffled_labels,3,ood_confirm,50v50_K2,8722,0.6085881900386274,0.583925705113506,0.001
regir_kv0_intent_sg,2,shuffled_labels,4,id_train,10v10_K2,2042,0.5763773647527382,0.7443682664054848,0.0001
regir_kv0_intent_sg,2,shuffled_labels,4,id_train,10v10_K3,2064,0.5728715109567055,0.7732558139534884,0.0001
regir_kv0_intent_sg,2,shuffled_labels,4,id_val,10v10_K2,1078,0.5616437718710446,0.7541743970315399,0.0001
regir_kv0_intent_sg,2,shuffled_labels,4,id_val,10v10_K3,1048,0.5509766804214502,0.7232824427480916,0.0001
regir_kv0_intent_sg,2,shuffled_labels,4,id_test,10v10_K2,1074,0.5400589258457279,0.7337057728119181,0.0001
regir_kv0_intent_sg,2,shuffled_labels,4,id_test,10v10_K3,1020,0.5635410025768915,0.765686274509804,0.0001
regir_kv0_intent_sg,2,shuffled_labels,4,ood_explore,30v30_K12,5674,0.6055010315814637,0.6045118082481494,0.0001
regir_kv0_intent_sg,2,shuffled_labels,4,ood_explore,30v30_K2,5548,0.5987621214367522,0.6342826243691421,0.0001
regir_kv0_intent_sg,2,shuffled_labels,4,ood_explore,50v50_K2,8590,0.5751342798321061,0.5711292200232829,0.0001
regir_kv0_intent_sg,2,shuffled_labels,4,ood_confirm,30v30_K12,5692,0.6123233086601595,0.6403724525650035,0.0001
regir_kv0_intent_sg,2,shuffled_labels,4,ood_confirm,30v30_K2,5534,0.587005733646623,0.6266714853632093,0.0001
regir_kv0_intent_sg,2,shuffled_labels,4,ood_confirm,50v50_K2,8722,0.612588493966045,0.5836963999082779,0.0001
regir_kv0_intent_sg,2,random_init,0,id_train,10v10_K2,2042,0.7637547898500437,0.7507345739471106,100.0
regir_kv0_intent_sg,2,random_init,0,id_train,10v10_K3,2064,0.7878610724873591,0.7868217054263565,100.0
regir_kv0_intent_sg,2,random_init,0,id_val,10v10_K2,1078,0.724415531233713,0.7532467532467533,100.0
regir_kv0_intent_sg,2,random_init,0,id_val,10v10_K3,1048,0.748164893979218,0.7404580152671756,100.0
regir_kv0_intent_sg,2,random_init,0,id_test,10v10_K2,1074,0.7556307905292677,0.7420856610800745,100.0
regir_kv0_intent_sg,2,random_init,0,id_test,10v10_K3,1020,0.7751139778955207,0.7745098039215687,100.0
regir_kv0_intent_sg,2,random_init,0,ood_explore,30v30_K12,5674,0.7778286639331057,0.6565033486076842,100.0
regir_kv0_intent_sg,2,random_init,0,ood_explore,30v30_K2,5548,0.7857871739810027,0.6791636625811103,100.0
regir_kv0_intent_sg,2,random_init,0,ood_explore,50v50_K2,8590,0.7860868076927822,0.620023282887078,100.0
regir_kv0_intent_sg,2,random_init,0,ood_confirm,30v30_K12,5692,0.7833331794020694,0.6832396345748419,100.0
regir_kv0_intent_sg,2,random_init,0,ood_confirm,30v30_K2,5534,0.7792253823186641,0.6613661004698229,100.0
regir_kv0_intent_sg,2,random_init,0,ood_confirm,50v50_K2,8722,0.7880422853090492,0.625659252465031,100.0
regir_kv0_intent_sg,2,random_init,1,id_train,10v10_K2,2042,0.833933007472669,0.797747306562194,1.0
regir_kv0_intent_sg,2,random_init,1,id_train,10v10_K3,2064,0.8525058360228426,0.813468992248062,1.0
regir_kv0_intent_sg,2,random_init,1,id_val,10v10_K2,1078,0.7926578437942075,0.7773654916512059,1.0
regir_kv0_intent_sg,2,random_init,1,id_val,10v10_K3,1048,0.8019220380685197,0.7576335877862596,1.0
regir_kv0_intent_sg,2,random_init,1,id_test,10v10_K2,1074,0.8061881012388626,0.7774674115456238,1.0
regir_kv0_intent_sg,2,random_init,1,id_test,10v10_K3,1020,0.8321377485146711,0.7862745098039216,1.0
regir_kv0_intent_sg,2,random_init,1,ood_explore,30v30_K12,5674,0.8282181703850371,0.6760662671836447,1.0
regir_kv0_intent_sg,2,random_init,1,ood_explore,30v30_K2,5548,0.8368116206196616,0.7431506849315068,1.0
regir_kv0_intent_sg,2,random_init,1,ood_explore,50v50_K2,8590,0.8401455831965738,0.6939464493597206,1.0
regir_kv0_intent_sg,2,random_init,1,ood_confirm,30v30_K12,5692,0.8286517481839791,0.7053759662684469,1.0
regir_kv0_intent_sg,2,random_init,1,ood_confirm,30v30_K2,5534,0.8368999670111318,0.7414166967835201,1.0
regir_kv0_intent_sg,2,random_init,1,ood_confirm,50v50_K2,8722,0.8432539802802194,0.7101582205916074,1.0
regir_kv0_intent_sg,2,random_init,2,id_train,10v10_K2,2042,0.8440696376308723,0.8016650342801175,0.1
regir_kv0_intent_sg,2,random_init,2,id_train,10v10_K3,2064,0.851957430889556,0.8173449612403101,0.1
regir_kv0_intent_sg,2,random_init,2,id_val,10v10_K2,1078,0.7926904176904177,0.7792207792207793,0.1
regir_kv0_intent_sg,2,random_init,2,id_val,10v10_K3,1048,0.7929700799411676,0.7595419847328244,0.1
regir_kv0_intent_sg,2,random_init,2,id_test,10v10_K2,1074,0.8060505484363353,0.770949720670391,0.1
regir_kv0_intent_sg,2,random_init,2,id_test,10v10_K3,1020,0.8396541286517125,0.7911764705882353,0.1
regir_kv0_intent_sg,2,random_init,2,ood_explore,30v30_K12,5674,0.823109243697479,0.6693690518152978,0.1
regir_kv0_intent_sg,2,random_init,2,ood_explore,30v30_K2,5548,0.8346496520312747,0.7469358327325162,0.1
regir_kv0_intent_sg,2,random_init,2,ood_explore,50v50_K2,8590,0.8394918926495963,0.6980209545983702,0.1
regir_kv0_intent_sg,2,random_init,2,ood_confirm,30v30_K12,5692,0.8255059285622405,0.7009838369641602,0.1
regir_kv0_intent_sg,2,random_init,2,ood_confirm,30v30_K2,5534,0.8355200140603717,0.7441272135887242,0.1
regir_kv0_intent_sg,2,random_init,2,ood_confirm,50v50_K2,8722,0.8387312199265552,0.7149736299013988,0.1
regir_kv0_intent_sg,2,random_init,3,id_train,10v10_K2,2042,0.8403031308773095,0.8021547502448579,1.0
regir_kv0_intent_sg,2,random_init,3,id_train,10v10_K3,2064,0.8517992113156494,0.8212209302325582,1.0
regir_kv0_intent_sg,2,random_init,3,id_val,10v10_K2,1078,0.7949426699426699,0.7820037105751392,1.0
regir_kv0_intent_sg,2,random_init,3,id_val,10v10_K3,1048,0.7866465111422826,0.7375954198473282,1.0
regir_kv0_intent_sg,2,random_init,3,id_test,10v10_K2,1074,0.7998296120123531,0.7541899441340782,1.0
regir_kv0_intent_sg,2,random_init,3,id_test,10v10_K3,1020,0.8315270091450184,0.7941176470588235,1.0
regir_kv0_intent_sg,2,random_init,3,ood_explore,30v30_K12,5674,0.8138695738035474,0.6623193514275644,1.0
regir_kv0_intent_sg,2,random_init,3,ood_explore,30v30_K2,5548,0.8273911046395317,0.7393655371304975,1.0
regir_kv0_intent_sg,2,random_init,3,ood_explore,50v50_K2,8590,0.8341299374394304,0.6892898719441211,1.0
regir_kv0_intent_sg,2,random_init,3,ood_confirm,30v30_K12,5692,0.8199109956046601,0.693429374560787,1.0
regir_kv0_intent_sg,2,random_init,3,ood_confirm,30v30_K2,5534,0.8302430505427122,0.737983375496928,1.0
regir_kv0_intent_sg,2,random_init,3,ood_confirm,50v50_K2,8722,0.8362482801258312,0.7119926622334327,1.0
regir_kv0_intent_sg,2,random_init,4,id_train,10v10_K2,2042,0.8429872069516942,0.7987267384916749,1.0
regir_kv0_intent_sg,2,random_init,4,id_train,10v10_K3,2064,0.854594870735949,0.8241279069767442,1.0
regir_kv0_intent_sg,2,random_init,4,id_val,10v10_K2,1078,0.7960594892413074,0.7847866419294991,1.0
regir_kv0_intent_sg,2,random_init,4,id_val,10v10_K3,1048,0.7887800914261849,0.7452290076335878,1.0
regir_kv0_intent_sg,2,random_init,4,id_test,10v10_K2,1074,0.8078476092435484,0.7625698324022346,1.0
regir_kv0_intent_sg,2,random_init,4,id_test,10v10_K3,1020,0.8305198249213807,0.7990196078431373,1.0
regir_kv0_intent_sg,2,random_init,4,ood_explore,30v30_K12,5674,0.8155173757814814,0.6612618963694042,1.0
regir_kv0_intent_sg,2,random_init,4,ood_explore,30v30_K2,5548,0.8281267871450017,0.7395457822638789,1.0
regir_kv0_intent_sg,2,random_init,4,ood_explore,50v50_K2,8590,0.8366470083769417,0.6923166472642608,1.0
regir_kv0_intent_sg,2,random_init,4,ood_confirm,30v30_K12,5692,0.8220721905503069,0.69378074490513,1.0
regir_kv0_intent_sg,2,random_init,4,ood_confirm,30v30_K2,5534,0.8318691994864059,0.7425009035056017,1.0
regir_kv0_intent_sg,2,random_init,4,ood_confirm,50v50_K2,8722,0.8375339104202078,0.7148589772987847,1.0
regir_kv0_intent_sg,4,trained,0,id_train,10v10_K2,2042,0.7620010258576472,0.7492654260528894,100.0
regir_kv0_intent_sg,4,trained,0,id_train,10v10_K3,2064,0.7869144367316127,0.7795542635658915,100.0
regir_kv0_intent_sg,4,trained,0,id_val,10v10_K2,1078,0.7281708361253816,0.7690166975881262,100.0
regir_kv0_intent_sg,4,trained,0,id_val,10v10_K3,1048,0.7491181958081957,0.7309160305343512,100.0
regir_kv0_intent_sg,4,trained,0,id_test,10v10_K2,1074,0.75677558482127,0.7458100558659218,100.0
regir_kv0_intent_sg,4,trained,0,id_test,10v10_K3,1020,0.7759657985952995,0.7696078431372549,100.0
regir_kv0_intent_sg,4,trained,0,ood_explore,30v30_K12,5674,0.7798237476808906,0.6529784984138174,100.0
regir_kv0_intent_sg,4,trained,0,ood_explore,30v30_K2,5548,0.7865460959338387,0.6676279740447008,100.0
regir_kv0_intent_sg,4,trained,0,ood_explore,50v50_K2,8590,0.7877836814787291,0.6168800931315483,100.0
regir_kv0_intent_sg,4,trained,0,ood_confirm,30v30_K12,5692,0.7849056876531197,0.6734012649332396,100.0
regir_kv0_intent_sg,4,trained,0,ood_confirm,30v30_K2,5534,0.7821012025941944,0.6550415612576798,100.0
regir_kv0_intent_sg,4,trained,0,ood_confirm,50v50_K2,8722,0.7884772868373452,0.6194680119238707,100.0
regir_kv0_intent_sg,4,trained,1,id_train,10v10_K2,2042,0.8634415009705418,0.8095004897159648,1.0
regir_kv0_intent_sg,4,trained,1,id_train,10v10_K3,2064,0.885018617616811,0.8435077519379846,1.0
regir_kv0_intent_sg,4,trained,1,id_val,10v10_K2,1078,0.8518632268632269,0.7884972170686456,1.0
regir_kv0_intent_sg,4,trained,1,id_val,10v10_K3,1048,0.8480981628511896,0.7833969465648855,1.0
regir_kv0_intent_sg,4,trained,1,id_test,10v10_K2,1074,0.8577082815661495,0.8063314711359404,1.0
regir_kv0_intent_sg,4,trained,1,id_test,10v10_K3,1020,0.8438114422556641,0.8127450980392157,1.0
regir_kv0_intent_sg,4,trained,1,ood_explore,30v30_K12,5674,0.862582955260026,0.7291152626013394,1.0
regir_kv0_intent_sg,4,trained,1,ood_explore,30v30_K2,5548,0.8726602881383481,0.7664023071377073,1.0
regir_kv0_intent_sg,4,trained,1,ood_explore,50v50_K2,8590,0.8795033190961888,0.7069848661233993,1.0
regir_kv0_intent_sg,4,trained,1,ood_confirm,30v30_K12,5692,0.8659251998462829,0.7584328882642305,1.0
regir_kv0_intent_sg,4,trained,1,ood_confirm,30v30_K2,5534,0.8720108633110083,0.7504517528008674,1.0
regir_kv0_intent_sg,4,trained,1,ood_confirm,50v50_K2,8722,0.8815986776992608,0.7287319422150883,1.0
regir_kv0_intent_sg,4,trained,2,id_train,10v10_K2,2042,0.8583448993754337,0.7982370225269344,0.01
regir_kv0_intent_sg,4,trained,2,id_train,10v10_K3,2064,0.8820633977787581,0.8439922480620154,0.01
regir_kv0_intent_sg,4,trained,2,id_val,10v10_K2,1078,0.844413111458566,0.7912801484230055,0.01
regir_kv0_intent_sg,4,trained,2,id_val,10v10_K3,1048,0.8525332861221951,0.7900763358778626,0.01
regir_kv0_intent_sg,4,trained,2,id_test,10v10_K2,1074,0.8522638528983707,0.7867783985102421,0.01
regir_kv0_intent_sg,4,trained,2,id_test,10v10_K3,1020,0.8522975050761014,0.8068627450980392,0.01
regir_kv0_intent_sg,4,trained,2,ood_explore,30v30_K12,5674,0.8524083659437801,0.7264716249559394,0.01
regir_kv0_intent_sg,4,trained,2,ood_explore,30v30_K2,5548,0.8649130123685659,0.7680245133381399,0.01
regir_kv0_intent_sg,4,trained,2,ood_explore,50v50_K2,8590,0.87427467980531,0.7117578579743888,0.01
regir_kv0_intent_sg,4,trained,2,ood_confirm,30v30_K12,5692,0.8657802367516381,0.7679198875614898,0.01
regir_kv0_intent_sg,4,trained,2,ood_confirm,30v30_K2,5534,0.868072006399701,0.7614745211420311,0.01
regir_kv0_intent_sg,4,trained,2,ood_confirm,50v50_K2,8722,0.8730285306451487,0.7321715202935106,0.01
regir_kv0_intent_sg,4,trained,3,id_train,10v10_K2,2042,0.8593959005923825,0.806562193927522,1.0
regir_kv0_intent_sg,4,trained,3,id_train,10v10_K3,2064,0.8807547341844116,0.8420542635658915,1.0
regir_kv0_intent_sg,4,trained,3,id_val,10v10_K2,1078,0.8378192241828606,0.7949907235621522,1.0
regir_kv0_intent_sg,4,trained,3,id_val,10v10_K3,1048,0.8464684706768897,0.7843511450381679,1.0
regir_kv0_intent_sg,4,trained,3,id_test,10v10_K2,1074,0.8503248021014519,0.7877094972067039,1.0
regir_kv0_intent_sg,4,trained,3,id_test,10v10_K3,1020,0.8507545845632946,0.7980392156862746,1.0
regir_kv0_intent_sg,4,trained,3,ood_explore,30v30_K12,5674,0.8462705861565405,0.7227705322523793,1.0
regir_kv0_intent_sg,4,trained,3,ood_explore,30v30_K2,5548,0.8593316250939552,0.7568493150684932,1.0
regir_kv0_intent_sg,4,trained,3,ood_explore,50v50_K2,8590,0.8680124825741987,0.7031431897555297,1.0
regir_kv0_intent_sg,4,trained,3,ood_confirm,30v30_K12,5692,0.8604957095341144,0.7601897399859452,1.0
regir_kv0_intent_sg,4,trained,3,ood_confirm,30v30_K2,5534,0.862988930944465,0.7529815684857246,1.0
regir_kv0_intent_sg,4,trained,3,ood_confirm,50v50_K2,8722,0.8664380789016357,0.7211648704425591,1.0
regir_kv0_intent_sg,4,trained,4,id_train,10v10_K2,2042,0.8574083014009997,0.8031341821743389,1.0
regir_kv0_intent_sg,4,trained,4,id_train,10v10_K3,2064,0.878807828919052,0.8386627906976745,1.0
regir_kv0_intent_sg,4,trained,4,id_val,10v10_K2,1078,0.8378750651477924,0.7940630797773655,1.0
regir_kv0_intent_sg,4,trained,4,id_val,10v10_K3,1048,0.8403945761665463,0.7853053435114504,1.0
regir_kv0_intent_sg,4,trained,4,id_test,10v10_K2,1074,0.8487052287813709,0.792364990689013,1.0
regir_kv0_intent_sg,4,trained,4,id_test,10v10_K3,1020,0.8503902838866596,0.8009803921568628,1.0
regir_kv0_intent_sg,4,trained,4,ood_explore,30v30_K12,5674,0.8424191754623928,0.7151921043355658,1.0
regir_kv0_intent_sg,4,trained,4,ood_explore,30v30_K2,5548,0.8569736611663374,0.7579307858687816,1.0
regir_kv0_intent_sg,4,trained,4,ood_explore,50v50_K2,8590,0.8646998309100538,0.6984866123399301,1.0
regir_kv0_intent_sg,4,trained,4,ood_confirm,30v30_K12,5692,0.8582250226111642,0.7580815179198875,1.0
regir_kv0_intent_sg,4,trained,4,ood_confirm,30v30_K2,5534,0.8590152020794843,0.7468377303939284,1.0
regir_kv0_intent_sg,4,trained,4,ood_confirm,50v50_K2,8722,0.8636105689677118,0.71669341894061,1.0
regir_kv0_intent_sg,4,shuffled_labels,0,id_train,10v10_K2,2042,0.49923437830009354,0.7428991185112634,0.0001
regir_kv0_intent_sg,4,shuffled_labels,0,id_train,10v10_K3,2064,0.4641706411513022,0.7732558139534884,0.0001
regir_kv0_intent_sg,4,shuffled_labels,0,id_val,10v10_K2,1078,0.44668583873129325,0.7541743970315399,0.0001
regir_kv0_intent_sg,4,shuffled_labels,0,id_val,10v10_K3,1048,0.4615388107332707,0.7223282442748091,0.0001
regir_kv0_intent_sg,4,shuffled_labels,0,id_test,10v10_K2,1074,0.5072237407262788,0.7327746741154563,0.0001
regir_kv0_intent_sg,4,shuffled_labels,0,id_test,10v10_K3,1020,0.48044830412677664,0.7637254901960784,0.0001
regir_kv0_intent_sg,4,shuffled_labels,0,ood_explore,30v30_K12,5674,0.4626952079533112,0.6043355657384561,0.0001
regir_kv0_intent_sg,4,shuffled_labels,0,ood_explore,30v30_K2,5548,0.4597667067477135,0.6337418889689979,0.0001
regir_kv0_intent_sg,4,shuffled_labels,0,ood_explore,50v50_K2,8590,0.486630764302378,0.5694994179278231,0.0001
regir_kv0_intent_sg,4,shuffled_labels,0,ood_confirm,30v30_K12,5692,0.4910823603204287,0.6386156008432888,0.0001
regir_kv0_intent_sg,4,shuffled_labels,0,ood_confirm,30v30_K2,5534,0.5009764844467599,0.6252258764004337,0.0001
regir_kv0_intent_sg,4,shuffled_labels,0,ood_confirm,50v50_K2,8722,0.47452784096370104,0.5830084842925934,0.0001
regir_kv0_intent_sg,4,shuffled_labels,1,id_train,10v10_K2,2042,0.4830268332176729,0.7433888344760039,10.0
regir_kv0_intent_sg,4,shuffled_labels,1,id_train,10v10_K3,2064,0.45682147602772327,0.7737403100775194,10.0
regir_kv0_intent_sg,4,shuffled_labels,1,id_val,10v10_K2,1078,0.4323672846400119,0.7551020408163265,10.0
regir_kv0_intent_sg,4,shuffled_labels,1,id_val,10v10_K3,1048,0.5124088121405258,0.7223282442748091,10.0
regir_kv0_intent_sg,4,shuffled_labels,1,id_test,10v10_K2,1074,0.45118206666430016,0.7337057728119181,10.0
regir_kv0_intent_sg,4,shuffled_labels,1,id_test,10v10_K3,1020,0.45239715202588676,0.765686274509804,10.0
regir_kv0_intent_sg,4,shuffled_labels,1,ood_explore,30v30_K12,5674,0.40778779044085167,0.6045118082481494,10.0
regir_kv0_intent_sg,4,shuffled_labels,1,ood_explore,30v30_K2,5548,0.3916412467711518,0.6339221341023792,10.0
regir_kv0_intent_sg,4,shuffled_labels,1,ood_explore,50v50_K2,8590,0.41125914341147474,0.5707799767171129,10.0
regir_kv0_intent_sg,4,shuffled_labels,1,ood_confirm,30v30_K12,5692,0.4199959656623522,0.6393183415319748,10.0
regir_kv0_intent_sg,4,shuffled_labels,1,ood_confirm,30v30_K2,5534,0.42570104832067135,0.6261293820021684,10.0
regir_kv0_intent_sg,4,shuffled_labels,1,ood_confirm,50v50_K2,8722,0.3619003819441137,0.5842696629213483,10.0
regir_kv0_intent_sg,4,shuffled_labels,2,id_train,10v10_K2,2042,0.46564256906938617,0.7433888344760039,0.0001
regir_kv0_intent_sg,4,shuffled_labels,2,id_train,10v10_K3,2064,0.4686101751276148,0.7737403100775194,0.0001
regir_kv0_intent_sg,4,shuffled_labels,2,id_val,10v10_K2,1078,0.4566906782815874,0.7551020408163265,0.0001
regir_kv0_intent_sg,4,shuffled_labels,2,id_val,10v10_K3,1048,0.4782851461956448,0.7213740458015268,0.0001
regir_kv0_intent_sg,4,shuffled_labels,2,id_test,10v10_K2,1074,0.4456888289375599,0.7337057728119181,0.0001
regir_kv0_intent_sg,4,shuffled_labels,2,id_test,10v10_K3,1020,0.4276889943694116,0.765686274509804,0.0001
regir_kv0_intent_sg,4,shuffled_labels,2,ood_explore,30v30_K12,5674,0.39919240423442104,0.6045118082481494,0.0001
regir_kv0_intent_sg,4,shuffled_labels,2,ood_explore,30v30_K2,5548,0.38452829591712306,0.6341023792357606,0.0001
regir_kv0_intent_sg,4,shuffled_labels,2,ood_explore,50v50_K2,8590,0.4158083140564599,0.5706635622817229,0.0001
regir_kv0_intent_sg,4,shuffled_labels,2,ood_confirm,30v30_K12,5692,0.42032109526243744,0.6394940267041461,0.0001
regir_kv0_intent_sg,4,shuffled_labels,2,ood_confirm,30v30_K2,5534,0.436969013479405,0.6259486808818214,0.0001
regir_kv0_intent_sg,4,shuffled_labels,2,ood_confirm,50v50_K2,8722,0.38810654517651605,0.5842696629213483,0.0001
regir_kv0_intent_sg,4,shuffled_labels,3,id_train,10v10_K2,2042,0.47386703074555714,0.7433888344760039,1.0
regir_kv0_intent_sg,4,shuffled_labels,3,id_train,10v10_K3,2064,0.46670617686534843,0.7737403100775194,1.0
regir_kv0_intent_sg,4,shuffled_labels,3,id_val,10v10_K2,1078,0.468231144367508,0.7551020408163265,1.0
regir_kv0_intent_sg,4,shuffled_labels,3,id_val,10v10_K3,1048,0.47942910839041797,0.7223282442748091,1.0
regir_kv0_intent_sg,4,shuffled_labels,3,id_test,10v10_K2,1074,0.44833339249582904,0.7337057728119181,1.0
regir_kv0_intent_sg,4,shuffled_labels,3,id_test,10v10_K3,1020,0.4652280361514848,0.765686274509804,1.0
regir_kv0_intent_sg,4,shuffled_labels,3,ood_explore,30v30_K12,5674,0.43771885377527636,0.6045118082481494,1.0
regir_kv0_intent_sg,4,shuffled_labels,3,ood_explore,30v30_K2,5548,0.4140360942216794,0.6339221341023792,1.0
regir_kv0_intent_sg,4,shuffled_labels,3,ood_explore,50v50_K2,8590,0.4450236956600026,0.5707799767171129,1.0
regir_kv0_intent_sg,4,shuffled_labels,3,ood_confirm,30v30_K12,5692,0.45375831212093587,0.6391426563598033,1.0
regir_kv0_intent_sg,4,shuffled_labels,3,ood_confirm,30v30_K2,5534,0.47727122777871933,0.6261293820021684,1.0
regir_kv0_intent_sg,4,shuffled_labels,3,ood_confirm,50v50_K2,8722,0.4113011968332668,0.5842696629213483,1.0
regir_kv0_intent_sg,4,shuffled_labels,4,id_train,10v10_K2,2042,0.48134724275613755,0.7428991185112634,1.0
regir_kv0_intent_sg,4,shuffled_labels,4,id_train,10v10_K3,2064,0.46573406507651527,0.7737403100775194,1.0
regir_kv0_intent_sg,4,shuffled_labels,4,id_val,10v10_K2,1078,0.47234010870374504,0.7551020408163265,1.0
regir_kv0_intent_sg,4,shuffled_labels,4,id_val,10v10_K3,1048,0.4615978246560169,0.7213740458015268,1.0
regir_kv0_intent_sg,4,shuffled_labels,4,id_test,10v10_K2,1074,0.45206062972560435,0.7337057728119181,1.0
regir_kv0_intent_sg,4,shuffled_labels,4,id_test,10v10_K3,1020,0.47961255551567294,0.7676470588235295,1.0
regir_kv0_intent_sg,4,shuffled_labels,4,ood_explore,30v30_K12,5674,0.44697593323043505,0.6043355657384561,1.0
regir_kv0_intent_sg,4,shuffled_labels,4,ood_explore,30v30_K2,5548,0.4201396690786693,0.6335616438356164,1.0
regir_kv0_intent_sg,4,shuffled_labels,4,ood_explore,50v50_K2,8590,0.43765707837554385,0.5708963911525029,1.0
regir_kv0_intent_sg,4,shuffled_labels,4,ood_confirm,30v30_K12,5692,0.4632268249454849,0.6391426563598033,1.0
regir_kv0_intent_sg,4,shuffled_labels,4,ood_confirm,30v30_K2,5534,0.47277748834056227,0.6261293820021684,1.0
regir_kv0_intent_sg,4,shuffled_labels,4,ood_confirm,50v50_K2,8722,0.3996144407951988,0.5842696629213483,1.0
regir_kv0_intent_sg,4,random_init,0,id_train,10v10_K2,2042,0.7646524152913134,0.752203721841332,100.0
regir_kv0_intent_sg,4,random_init,0,id_train,10v10_K3,2064,0.7869828197677926,0.7911821705426356,100.0
regir_kv0_intent_sg,4,random_init,0,id_val,10v10_K2,1078,0.7270260963442782,0.7578849721706865,100.0
regir_kv0_intent_sg,4,random_init,0,id_val,10v10_K3,1048,0.7489638517025516,0.7423664122137404,100.0
regir_kv0_intent_sg,4,random_init,0,id_test,10v10_K2,1074,0.7589231834155692,0.7458100558659218,100.0
regir_kv0_intent_sg,4,random_init,0,id_test,10v10_K3,1020,0.7765818953278438,0.7725490196078432,100.0
regir_kv0_intent_sg,4,random_init,0,ood_explore,30v30_K12,5674,0.7775937647786387,0.6557983785689108,100.0
regir_kv0_intent_sg,4,random_init,0,ood_explore,30v30_K2,5548,0.7858071935049384,0.6705118961788031,100.0
regir_kv0_intent_sg,4,random_init,0,ood_explore,50v50_K2,8590,0.7850450627168424,0.6133876600698487,100.0
regir_kv0_intent_sg,4,random_init,0,ood_confirm,30v30_K12,5692,0.7849407572106424,0.6783204497540407,100.0
regir_kv0_intent_sg,4,random_init,0,ood_confirm,30v30_K2,5534,0.7765232243724269,0.6577520780628839,100.0
regir_kv0_intent_sg,4,random_init,0,ood_confirm,50v50_K2,8722,0.7837172726021122,0.6188947489108003,100.0
regir_kv0_intent_sg,4,random_init,1,id_train,10v10_K2,2042,0.825396765531183,0.7850146914789422,1.0
regir_kv0_intent_sg,4,random_init,1,id_train,10v10_K3,2064,0.858852049949115,0.8299418604651163,1.0
regir_kv0_intent_sg,4,random_init,1,id_val,10v10_K2,1078,0.7916201325292235,0.7773654916512059,1.0
regir_kv0_intent_sg,4,random_init,1,id_val,10v10_K3,1048,0.7914947318725117,0.7538167938931297,1.0
regir_kv0_intent_sg,4,random_init,1,id_test,10v10_K2,1074,0.8060106137517306,0.7858472998137802,1.0
regir_kv0_intent_sg,4,random_init,1,id_test,10v10_K3,1020,0.8131191102491709,0.7950980392156862,1.0
regir_kv0_intent_sg,4,random_init,1,ood_explore,30v30_K12,5674,0.8200732240948327,0.6582657737046176,1.0
regir_kv0_intent_sg,4,random_init,1,ood_explore,30v30_K2,5548,0.8374928444201597,0.748197548666186,1.0
regir_kv0_intent_sg,4,random_init,1,ood_explore,50v50_K2,8590,0.8369401927637558,0.69965075669383,1.0
regir_kv0_intent_sg,4,random_init,1,ood_confirm,30v30_K12,5692,0.8299194725324384,0.6904427266338721,1.0
regir_kv0_intent_sg,4,random_init,1,ood_confirm,30v30_K2,5534,0.8280777811952292,0.7397903867003975,1.0
regir_kv0_intent_sg,4,random_init,1,ood_confirm,50v50_K2,8722,0.8353454273643778,0.7204769548268746,1.0
regir_kv0_intent_sg,4,random_init,2,id_train,10v10_K2,2042,0.8273152199056614,0.7948090107737512,0.001
regir_kv0_intent_sg,4,random_init,2,id_train,10v10_K3,2064,0.8523623657312493,0.8183139534883721,0.001
regir_kv0_intent_sg,4,random_init,2,id_val,10v10_K2,1078,0.7976509567418658,0.7884972170686456,0.001
regir_kv0_intent_sg,4,random_init,2,id_val,10v10_K3,1048,0.8054583339007749,0.7633587786259542,0.001
regir_kv0_intent_sg,4,random_init,2,id_test,10v10_K2,1074,0.8066140712079798,0.7793296089385475,0.001
regir_kv0_intent_sg,4,random_init,2,id_test,10v10_K3,1020,0.8274125544442004,0.8068627450980392,0.001
regir_kv0_intent_sg,4,random_init,2,ood_explore,30v30_K12,5674,0.8226886858639559,0.6607331688403243,0.001
regir_kv0_intent_sg,4,random_init,2,ood_explore,30v30_K2,5548,0.8380896502281175,0.7615356885364095,0.001
regir_kv0_intent_sg,4,random_init,2,ood_explore,50v50_K2,8590,0.8426960660906202,0.7171129220023282,0.001
regir_kv0_intent_sg,4,random_init,2,ood_confirm,30v30_K12,5692,0.8336602699526039,0.6974701335207308,0.001
regir_kv0_intent_sg,4,random_init,2,ood_confirm,30v30_K2,5534,0.827332218825694,0.7471991326346223,0.001
regir_kv0_intent_sg,4,random_init,2,ood_confirm,50v50_K2,8722,0.840794203039101,0.7319422150882825,0.001
regir_kv0_intent_sg,4,random_init,3,id_train,10v10_K2,2042,0.8347162296714238,0.7938295788442703,0.1
regir_kv0_intent_sg,4,random_init,3,id_train,10v10_K3,2064,0.8537125954848425,0.814437984496124,0.1
regir_kv0_intent_sg,4,random_init,3,id_val,10v10_K2,1078,0.793863077953987,0.7792207792207793,0.1
regir_kv0_intent_sg,4,random_init,3,id_val,10v10_K3,1048,0.8087404159119694,0.7690839694656488,0.1
regir_kv0_intent_sg,4,random_init,3,id_test,10v10_K2,1074,0.8129326257498847,0.7849162011173184,0.1
regir_kv0_intent_sg,4,random_init,3,id_test,10v10_K3,1020,0.8264696585752629,0.7950980392156862,0.1
regir_kv0_intent_sg,4,random_init,3,ood_explore,30v30_K12,5674,0.829935870452077,0.6646105040535777,0.1
regir_kv0_intent_sg,4,random_init,3,ood_explore,30v30_K2,5548,0.8372905492307393,0.7573900504686374,0.1
regir_kv0_intent_sg,4,random_init,3,ood_explore,50v50_K2,8590,0.8432360785404462,0.7103608847497089,0.1
regir_kv0_intent_sg,4,random_init,3,ood_confirm,30v30_K12,5692,0.8338216969998261,0.7009838369641602,0.1
regir_kv0_intent_sg,4,random_init,3,ood_confirm,30v30_K2,5534,0.828172493421406,0.7388868810986629,0.1
regir_kv0_intent_sg,4,random_init,3,ood_confirm,50v50_K2,8722,0.8436274494947964,0.7259802797523504,0.1
regir_kv0_intent_sg,4,random_init,4,id_train,10v10_K2,2042,0.825701002725563,0.7952987267384917,1.0
regir_kv0_intent_sg,4,random_init,4,id_train,10v10_K3,2064,0.8478383585925967,0.810077519379845,1.0
regir_kv0_intent_sg,4,random_init,4,id_val,10v10_K2,1078,0.790200841337205,0.774582560296846,1.0
regir_kv0_intent_sg,4,random_init,4,id_val,10v10_K3,1048,0.8014226894914361,0.7662213740458015,1.0
regir_kv0_intent_sg,4,random_init,4,id_test,10v10_K2,1074,0.8088459763586667,0.7839851024208566,1.0
regir_kv0_intent_sg,4,random_init,4,id_test,10v10_K3,1020,0.825569621609459,0.7862745098039216,1.0
regir_kv0_intent_sg,4,random_init,4,ood_explore,30v30_K12,5674,0.8267349797061682,0.6605569263306309,1.0
regir_kv0_intent_sg,4,random_init,4,ood_explore,30v30_K2,5548,0.8343391394152647,0.746395097332372,1.0
regir_kv0_intent_sg,4,random_init,4,ood_explore,50v50_K2,8590,0.8372870907429464,0.6953434225844005,1.0
regir_kv0_intent_sg,4,random_init,4,ood_confirm,30v30_K12,5692,0.8315993311084242,0.6981728742094168,1.0
regir_kv0_intent_sg,4,random_init,4,ood_confirm,30v30_K2,5534,0.8261203486916392,0.7291290205999277,1.0
regir_kv0_intent_sg,4,random_init,4,ood_confirm,50v50_K2,8722,0.8385424017712647,0.7186425131850493,1.0
regir_kv0_intent_sg,3,trained,0,id_train,10v10_K2,2042,0.7614365527160084,0.7536728697355534,100.0
regir_kv0_intent_sg,3,trained,0,id_train,10v10_K3,2064,0.7895331047641523,0.7805232558139535,100.0
regir_kv0_intent_sg,3,trained,0,id_val,10v10_K2,1078,0.7288130072220982,0.761595547309833,100.0
regir_kv0_intent_sg,3,trained,0,id_val,10v10_K3,1048,0.752105208205659,0.7404580152671756,100.0
regir_kv0_intent_sg,3,trained,0,id_test,10v10_K2,1074,0.755417805544709,0.7392923649906891,100.0
regir_kv0_intent_sg,3,trained,0,id_test,10v10_K3,1020,0.7767801177548364,0.7715686274509804,100.0
regir_kv0_intent_sg,3,trained,0,ood_explore,30v30_K12,5674,0.7791038493319405,0.652273528375044,100.0
regir_kv0_intent_sg,3,trained,0,ood_explore,30v30_K2,5548,0.7861643250123512,0.6699711607786589,100.0
regir_kv0_intent_sg,3,trained,0,ood_explore,50v50_K2,8590,0.7885652667997282,0.6179278230500582,100.0
regir_kv0_intent_sg,3,trained,0,ood_confirm,30v30_K12,5692,0.7862102216516503,0.6755094869992972,100.0
regir_kv0_intent_sg,3,trained,0,ood_confirm,30v30_K2,5534,0.7833113988744729,0.6550415612576798,100.0
regir_kv0_intent_sg,3,trained,0,ood_confirm,50v50_K2,8722,0.7881474909536134,0.6174042650768172,100.0
regir_kv0_intent_sg,3,trained,1,id_train,10v10_K2,2042,0.8674632149574067,0.7997061704211558,0.1
regir_kv0_intent_sg,3,trained,1,id_train,10v10_K3,2064,0.8761690482288124,0.8352713178294574,0.1
regir_kv0_intent_sg,3,trained,1,id_val,10v10_K2,1078,0.8463628918174373,0.7829313543599258,0.1
regir_kv0_intent_sg,3,trained,1,id_val,10v10_K3,1048,0.8464003776891056,0.7824427480916031,0.1
regir_kv0_intent_sg,3,trained,1,id_test,10v10_K2,1074,0.8567365375741011,0.792364990689013,0.1
regir_kv0_intent_sg,3,trained,1,id_test,10v10_K3,1020,0.8491795198731377,0.803921568627451,0.1
regir_kv0_intent_sg,3,trained,1,ood_explore,30v30_K12,5674,0.8525187997276833,0.6517448008459641,0.1
regir_kv0_intent_sg,3,trained,1,ood_explore,30v30_K2,5548,0.8629569788830421,0.7485580389329488,0.1
regir_kv0_intent_sg,3,trained,1,ood_explore,50v50_K2,8590,0.8770430595483489,0.7060535506402794,0.1
regir_kv0_intent_sg,3,trained,1,ood_confirm,30v30_K12,5692,0.8499121989455842,0.6960646521433591,0.1
regir_kv0_intent_sg,3,trained,1,ood_confirm,30v30_K2,5534,0.8647785596069791,0.7511745572822551,0.1
regir_kv0_intent_sg,3,trained,1,ood_confirm,50v50_K2,8722,0.8729879420477088,0.719674386608576,0.1
regir_kv0_intent_sg,3,trained,2,id_train,10v10_K2,2042,0.860597763228032,0.8016650342801175,0.0001
regir_kv0_intent_sg,3,trained,2,id_train,10v10_K3,2064,0.8726439697559262,0.8246124031007752,0.0001
regir_kv0_intent_sg,3,trained,2,id_val,10v10_K2,1078,0.8455206239297148,0.7847866419294991,0.0001
regir_kv0_intent_sg,3,trained,2,id_val,10v10_K3,1048,0.8503316128505086,0.7805343511450382,0.0001
regir_kv0_intent_sg,3,trained,2,id_test,10v10_K2,1074,0.8559112207589364,0.7960893854748603,0.0001
regir_kv0_intent_sg,3,trained,2,id_test,10v10_K3,1020,0.8510545968852292,0.8058823529411765,0.0001
regir_kv0_intent_sg,3,trained,2,ood_explore,30v30_K12,5674,0.8491596638655462,0.6783574198096581,0.0001
regir_kv0_intent_sg,3,trained,2,ood_explore,30v30_K2,5548,0.8558982067406437,0.7494592645998558,0.0001
regir_kv0_intent_sg,3,trained,2,ood_explore,50v50_K2,8590,0.8659249544222744,0.7013969732246799,0.0001
regir_kv0_intent_sg,3,trained,2,ood_confirm,30v30_K12,5692,0.8444851179923294,0.7180252986647927,0.0001
regir_kv0_intent_sg,3,trained,2,ood_confirm,30v30_K2,5534,0.8553953538003803,0.7546078785688471,0.0001
regir_kv0_intent_sg,3,trained,2,ood_confirm,50v50_K2,8722,0.8675203332637735,0.7162348085301536,0.0001
regir_kv0_intent_sg,3,trained,3,id_train,10v10_K2,2042,0.8636954510253547,0.8041136141038198,0.01
regir_kv0_intent_sg,3,trained,3,id_train,10v10_K3,2064,0.8686871395644135,0.8226744186046512,0.01
regir_kv0_intent_sg,3,trained,3,id_val,10v10_K2,1078,0.840536817809545,0.7736549165120594,0.01
regir_kv0_intent_sg,3,trained,3,id_val,10v10_K3,1048,0.8510261613259067,0.7891221374045801,0.01
regir_kv0_intent_sg,3,trained,3,id_test,10v10_K2,1074,0.8563238791665188,0.7998137802607076,0.01
regir_kv0_intent_sg,3,trained,3,id_test,10v10_K3,1020,0.8504760016929267,0.8127450980392157,0.01
regir_kv0_intent_sg,3,trained,3,ood_explore,30v30_K12,5674,0.8473355575996633,0.6783574198096581,0.01
regir_kv0_intent_sg,3,trained,3,ood_explore,30v30_K2,5548,0.8524898477914196,0.7469358327325162,0.01
regir_kv0_intent_sg,3,trained,3,ood_explore,50v50_K2,8590,0.8616336754020678,0.7048894062863795,0.01
regir_kv0_intent_sg,3,trained,3,ood_confirm,30v30_K12,5692,0.8412197673978133,0.7131061138439916,0.01
regir_kv0_intent_sg,3,trained,3,ood_confirm,30v30_K2,5534,0.8507961615743153,0.7511745572822551,0.01
regir_kv0_intent_sg,3,trained,3,ood_confirm,50v50_K2,8722,0.8656816697997456,0.7216234808530153,0.01
regir_kv0_intent_sg,3,trained,4,id_train,10v10_K2,2042,0.8653674984159551,0.8050930460333007,0.1
regir_kv0_intent_sg,3,trained,4,id_train,10v10_K3,2064,0.8678437487848603,0.8241279069767442,0.1
regir_kv0_intent_sg,3,trained,4,id_val,10v10_K2,1078,0.8382706053160599,0.774582560296846,0.1
regir_kv0_intent_sg,3,trained,4,id_val,10v10_K3,1048,0.8477395397821932,0.7929389312977099,0.1
regir_kv0_intent_sg,3,trained,4,id_test,10v10_K2,1074,0.8539100493415214,0.8044692737430168,0.1
regir_kv0_intent_sg,3,trained,4,id_test,10v10_K3,1020,0.8501224157420751,0.8098039215686275,0.1
regir_kv0_intent_sg,3,trained,4,ood_explore,30v30_K12,5674,0.8461780816222593,0.6691928093056045,0.1
regir_kv0_intent_sg,3,trained,4,ood_explore,30v30_K2,5548,0.85100742304348,0.7474765681326604,0.1
regir_kv0_intent_sg,3,trained,4,ood_explore,50v50_K2,8590,0.858030439288124,0.7075669383003492,0.1
regir_kv0_intent_sg,3,trained,4,ood_confirm,30v30_K12,5692,0.8393652303005795,0.7097680955727337,0.1
regir_kv0_intent_sg,3,trained,4,ood_confirm,30v30_K2,5534,0.8486686934246142,0.7491868449584388,0.1
regir_kv0_intent_sg,3,trained,4,ood_confirm,50v50_K2,8722,0.8637217276065673,0.7243751433157533,0.1
regir_kv0_intent_sg,3,shuffled_labels,0,id_train,10v10_K2,2042,0.4526433434913355,0.7433888344760039,0.1
regir_kv0_intent_sg,3,shuffled_labels,0,id_train,10v10_K3,2064,0.4819690023719528,0.7722868217054264,0.1
regir_kv0_intent_sg,3,shuffled_labels,0,id_val,10v10_K2,1078,0.44254430049884597,0.7551020408163265,0.1
regir_kv0_intent_sg,3,shuffled_labels,0,id_val,10v10_K3,1048,0.49229414354909734,0.7223282442748091,0.1
regir_kv0_intent_sg,3,shuffled_labels,0,id_test,10v10_K2,1074,0.4584457420751837,0.7337057728119181,0.1
regir_kv0_intent_sg,3,shuffled_labels,0,id_test,10v10_K3,1020,0.4835984335070905,0.765686274509804,0.1
regir_kv0_intent_sg,3,shuffled_labels,0,ood_explore,30v30_K12,5674,0.4471183278506208,0.6036305956996828,0.1
regir_kv0_intent_sg,3,shuffled_labels,0,ood_explore,30v30_K2,5548,0.4734180621184828,0.6337418889689979,0.1
regir_kv0_intent_sg,3,shuffled_labels,0,ood_explore,50v50_K2,8590,0.4378822218574935,0.5706635622817229,0.1
regir_kv0_intent_sg,3,shuffled_labels,0,ood_confirm,30v30_K12,5692,0.46120376657756057,0.6389669711876318,0.1
regir_kv0_intent_sg,3,shuffled_labels,0,ood_confirm,30v30_K2,5534,0.4738753969300127,0.6257679797614745,0.1
regir_kv0_intent_sg,3,shuffled_labels,0,ood_confirm,50v50_K2,8722,0.43386526404019116,0.583811052510892,0.1
regir_kv0_intent_sg,3,shuffled_labels,1,id_train,10v10_K2,2042,0.41795401743958,0.7433888344760039,0.0001
regir_kv0_intent_sg,3,shuffled_labels,1,id_train,10v10_K3,2064,0.4400260660043792,0.7727713178294574,0.0001
regir_kv0_intent_sg,3,shuffled_labels,1,id_val,10v10_K2,1078,0.43511279874916237,0.7551020408163265,0.0001
regir_kv0_intent_sg,3,shuffled_labels,1,id_val,10v10_K3,1048,0.4555557068733062,0.7232824427480916,0.0001
regir_kv0_intent_sg,3,shuffled_labels,1,id_test,10v10_K2,1074,0.42928454793937026,0.7337057728119181,0.0001
regir_kv0_intent_sg,3,shuffled_labels,1,id_test,10v10_K3,1020,0.46337438859096,0.765686274509804,0.0001
regir_kv0_intent_sg,3,shuffled_labels,1,ood_explore,30v30_K12,5674,0.4158957089329238,0.6045118082481494,0.0001
regir_kv0_intent_sg,3,shuffled_labels,1,ood_explore,30v30_K2,5548,0.4402226115062984,0.6339221341023792,0.0001
regir_kv0_intent_sg,3,shuffled_labels,1,ood_explore,50v50_K2,8590,0.398745038061695,0.5707799767171129,0.0001
regir_kv0_intent_sg,3,shuffled_labels,1,ood_confirm,30v30_K12,5692,0.4206249421921177,0.6386156008432888,0.0001
regir_kv0_intent_sg,3,shuffled_labels,1,ood_confirm,30v30_K2,5534,0.4269436057739586,0.6261293820021684,0.0001
regir_kv0_intent_sg,3,shuffled_labels,1,ood_confirm,50v50_K2,8722,0.40316751249695854,0.5842696629213483,0.0001
regir_kv0_intent_sg,3,shuffled_labels,2,id_train,10v10_K2,2042,0.42286078508282293,0.7433888344760039,10.0
regir_kv0_intent_sg,3,shuffled_labels,2,id_train,10v10_K3,2064,0.4140592840698365,0.7737403100775194,10.0
regir_kv0_intent_sg,3,shuffled_labels,2,id_val,10v10_K2,1078,0.43338638225001863,0.7541743970315399,10.0
regir_kv0_intent_sg,3,shuffled_labels,2,id_val,10v10_K3,1048,0.47197519599431653,0.7223282442748091,10.0
regir_kv0_intent_sg,3,shuffled_labels,2,id_test,10v10_K2,1074,0.47454385715807035,0.7337057728119181,10.0
regir_kv0_intent_sg,3,shuffled_labels,2,id_test,10v10_K3,1020,0.4711854236870443,0.765686274509804,10.0
regir_kv0_intent_sg,3,shuffled_labels,2,ood_explore,30v30_K12,5674,0.4105681233532374,0.6045118082481494,10.0
regir_kv0_intent_sg,3,shuffled_labels,2,ood_explore,30v30_K2,5548,0.44383592558168966,0.6335616438356164,10.0
regir_kv0_intent_sg,3,shuffled_labels,2,ood_explore,50v50_K2,8590,0.3988275169146647,0.5707799767171129,10.0
regir_kv0_intent_sg,3,shuffled_labels,2,ood_confirm,30v30_K12,5692,0.41522878134492286,0.6394940267041461,10.0
regir_kv0_intent_sg,3,shuffled_labels,2,ood_confirm,30v30_K2,5534,0.42796619094347466,0.6261293820021684,10.0
regir_kv0_intent_sg,3,shuffled_labels,2,ood_confirm,50v50_K2,8722,0.40614606613148885,0.5842696629213483,10.0
regir_kv0_intent_sg,3,shuffled_labels,3,id_train,10v10_K2,2042,0.4244460871576703,0.7433888344760039,10.0
regir_kv0_intent_sg,3,shuffled_labels,3,id_train,10v10_K3,2064,0.4160906624975362,0.7737403100775194,10.0
regir_kv0_intent_sg,3,shuffled_labels,3,id_val,10v10_K2,1078,0.4349964634055543,0.7551020408163265,10.0
regir_kv0_intent_sg,3,shuffled_labels,3,id_val,10v10_K3,1048,0.4715802566651686,0.7223282442748091,10.0
regir_kv0_intent_sg,3,shuffled_labels,3,id_test,10v10_K2,1074,0.47723722977530086,0.7337057728119181,10.0
regir_kv0_intent_sg,3,shuffled_labels,3,id_test,10v10_K3,1020,0.4770303066018783,0.765686274509804,10.0
regir_kv0_intent_sg,3,shuffled_labels,3,ood_explore,30v30_K12,5674,0.40091686025059375,0.6045118082481494,10.0
regir_kv0_intent_sg,3,shuffled_labels,3,ood_explore,30v30_K2,5548,0.4537332702228341,0.6339221341023792,10.0
regir_kv0_intent_sg,3,shuffled_labels,3,ood_explore,50v50_K2,8590,0.41288974646244,0.5707799767171129,10.0
regir_kv0_intent_sg,3,shuffled_labels,3,ood_confirm,30v30_K12,5692,0.4133172227533966,0.6394940267041461,10.0
regir_kv0_intent_sg,3,shuffled_labels,3,ood_confirm,30v30_K2,5534,0.440008173985941,0.6261293820021684,10.0
regir_kv0_intent_sg,3,shuffled_labels,3,ood_confirm,50v50_K2,8722,0.42221601186615765,0.5842696629213483,10.0
regir_kv0_intent_sg,3,shuffled_labels,4,id_train,10v10_K2,2042,0.4311305051846041,0.7433888344760039,10.0
regir_kv0_intent_sg,3,shuffled_labels,4,id_train,10v10_K3,2064,0.42436500987531495,0.7737403100775194,10.0
regir_kv0_intent_sg,3,shuffled_labels,4,id_val,10v10_K2,1078,0.444894274439729,0.7551020408163265,10.0
regir_kv0_intent_sg,3,shuffled_labels,4,id_val,10v10_K3,1048,0.47298751174604037,0.7223282442748091,10.0
regir_kv0_intent_sg,3,shuffled_labels,4,id_test,10v10_K2,1074,0.48358684462745377,0.7337057728119181,10.0
regir_kv0_intent_sg,3,shuffled_labels,4,id_test,10v10_K3,1020,0.4797089880477234,0.765686274509804,10.0
regir_kv0_intent_sg,3,shuffled_labels,4,ood_explore,30v30_K12,5674,0.39270032688400036,0.6045118082481494,10.0
regir_kv0_intent_sg,3,shuffled_labels,4,ood_explore,30v30_K2,5548,0.45950323301311896,0.6339221341023792,10.0
regir_kv0_intent_sg,3,shuffled_labels,4,ood_explore,50v50_K2,8590,0.41637941511485,0.5707799767171129,10.0
regir_kv0_intent_sg,3,shuffled_labels,4,ood_confirm,30v30_K12,5692,0.41304657143541706,0.6394940267041461,10.0
regir_kv0_intent_sg,3,shuffled_labels,4,ood_confirm,30v30_K2,5534,0.44710949863197325,0.6261293820021684,10.0
regir_kv0_intent_sg,3,shuffled_labels,4,ood_confirm,50v50_K2,8722,0.42920536834531003,0.5842696629213483,10.0
regir_kv0_intent_sg,3,random_init,0,id_train,10v10_K2,2042,0.763088485250782,0.7497551420176298,100.0
regir_kv0_intent_sg,3,random_init,0,id_train,10v10_K3,2064,0.7869586845785527,0.7858527131782945,100.0
regir_kv0_intent_sg,3,random_init,0,id_val,10v10_K2,1078,0.7276217333035515,0.7560296846011132,100.0
regir_kv0_intent_sg,3,random_init,0,id_val,10v10_K3,1048,0.7468348109511682,0.7461832061068703,100.0
regir_kv0_intent_sg,3,random_init,0,id_test,10v10_K2,1074,0.7556574136523375,0.7392923649906891,100.0
regir_kv0_intent_sg,3,random_init,0,id_test,10v10_K3,1020,0.7720281368699071,0.7794117647058824,100.0
regir_kv0_intent_sg,3,random_init,0,ood_explore,30v30_K12,5674,0.7787307130644465,0.6587945012336975,100.0
regir_kv0_intent_sg,3,random_init,0,ood_explore,30v30_K2,5548,0.7890174571648686,0.6789834174477289,100.0
regir_kv0_intent_sg,3,random_init,0,ood_explore,50v50_K2,8590,0.7864454883652542,0.6190919674039581,100.0
regir_kv0_intent_sg,3,random_init,0,ood_confirm,30v30_K12,5692,0.7858414558845713,0.6869290231904427,100.0
regir_kv0_intent_sg,3,random_init,0,ood_confirm,30v30_K2,5534,0.7774964308555415,0.6631731116732924,100.0
regir_kv0_intent_sg,3,random_init,0,ood_confirm,50v50_K2,8722,0.7845405175944534,0.625659252465031,100.0
regir_kv0_intent_sg,3,random_init,1,id_train,10v10_K2,2042,0.8340298102163353,0.7997061704211558,1.0
regir_kv0_intent_sg,3,random_init,1,id_train,10v10_K3,2064,0.8599153391195214,0.8246124031007752,1.0
regir_kv0_intent_sg,3,random_init,1,id_val,10v10_K2,1078,0.8033281215099397,0.7810760667903525,1.0
regir_kv0_intent_sg,3,random_init,1,id_val,10v10_K3,1048,0.8050406969090323,0.7690839694656488,1.0
regir_kv0_intent_sg,3,random_init,1,id_test,10v10_K2,1074,0.8011297078555962,0.7700186219739292,1.0
regir_kv0_intent_sg,3,random_init,1,id_test,10v10_K3,1020,0.82959835850401,0.7843137254901961,1.0
regir_kv0_intent_sg,3,random_init,1,ood_explore,30v30_K12,5674,0.8378324056895485,0.6802960874162848,1.0
regir_kv0_intent_sg,3,random_init,1,ood_explore,30v30_K2,5548,0.8465866081704577,0.7402667627974044,1.0
regir_kv0_intent_sg,3,random_init,1,ood_explore,50v50_K2,8590,0.8581110926534022,0.689173457508731,1.0
regir_kv0_intent_sg,3,random_init,1,ood_confirm,30v30_K12,5692,0.8359871752502086,0.7094167252283907,1.0
regir_kv0_intent_sg,3,random_init,1,ood_confirm,30v30_K2,5534,0.8446302422136158,0.7363570654138055,1.0
regir_kv0_intent_sg,3,random_init,1,ood_confirm,50v50_K2,8722,0.8541794024665745,0.7068332951157992,1.0
regir_kv0_intent_sg,3,random_init,2,id_train,10v10_K2,2042,0.8401887276347947,0.791380999020568,1.0
regir_kv0_intent_sg,3,random_init,2,id_train,10v10_K3,2064,0.8545291693874623,0.8163759689922481,1.0
regir_kv0_intent_sg,3,random_init,2,id_val,10v10_K2,1078,0.807050852505398,0.7801484230055659,1.0
regir_kv0_intent_sg,3,random_init,2,id_val,10v10_K3,1048,0.8208791258676181,0.7681297709923665,1.0
regir_kv0_intent_sg,3,random_init,2,id_test,10v10_K2,1074,0.8187586525149977,0.7802607076350093,1.0
regir_kv0_intent_sg,3,random_init,2,id_test,10v10_K3,1020,0.8376504749302204,0.8088235294117647,1.0
regir_kv0_intent_sg,3,random_init,2,ood_explore,30v30_K12,5674,0.8465544659422211,0.6669016566795911,1.0
regir_kv0_intent_sg,3,random_init,2,ood_explore,30v30_K2,5548,0.8490427097643618,0.748197548666186,1.0
regir_kv0_intent_sg,3,random_init,2,ood_explore,50v50_K2,8590,0.8594420944517289,0.7054714784633295,1.0
regir_kv0_intent_sg,3,random_init,2,ood_confirm,30v30_K12,5692,0.8433608843525122,0.7041461700632466,1.0
regir_kv0_intent_sg,3,random_init,2,ood_confirm,30v30_K2,5534,0.8446775285827969,0.741597397903867,1.0
regir_kv0_intent_sg,3,random_init,2,ood_confirm,50v50_K2,8722,0.8575827834209758,0.7259802797523504,1.0
regir_kv0_intent_sg,3,random_init,3,id_train,10v10_K2,2042,0.8412296714238301,0.7928501469147894,1.0
regir_kv0_intent_sg,3,random_init,3,id_train,10v10_K3,2064,0.854715546682149,0.8163759689922481,1.0
regir_kv0_intent_sg,3,random_init,3,id_val,10v10_K2,1078,0.8107223959496687,0.7838589981447124,1.0
regir_kv0_intent_sg,3,random_init,3,id_val,10v10_K3,1048,0.8284147498490605,0.7729007633587787,1.0
regir_kv0_intent_sg,3,random_init,3,id_test,10v10_K2,1074,0.8218380604167406,0.7858472998137802,1.0
regir_kv0_intent_sg,3,random_init,3,id_test,10v10_K3,1020,0.8360754102400634,0.8117647058823529,1.0
regir_kv0_intent_sg,3,random_init,3,ood_explore,30v30_K12,5674,0.8503587149145373,0.6665491716602044,1.0
regir_kv0_intent_sg,3,random_init,3,ood_explore,30v30_K2,5548,0.8520153990738101,0.7474765681326604,1.0
regir_kv0_intent_sg,3,random_init,3,ood_explore,50v50_K2,8590,0.8598473527192382,0.7040745052386496,1.0
regir_kv0_intent_sg,3,random_init,3,ood_confirm,30v30_K12,5692,0.845348471603095,0.7064300773014758,1.0
regir_kv0_intent_sg,3,random_init,3,ood_confirm,30v30_K2,5534,0.8470025114781036,0.7446693169497651,1.0
regir_kv0_intent_sg,3,random_init,3,ood_confirm,50v50_K2,8722,0.8606352624209767,0.7256363219445081,1.0
regir_kv0_intent_sg,3,random_init,4,id_train,10v10_K2,2042,0.8421109535447404,0.7957884427032321,1.0
regir_kv0_intent_sg,3,random_init,4,id_train,10v10_K3,2064,0.8567040181067553,0.8178294573643411,1.0
regir_kv0_intent_sg,3,random_init,4,id_val,10v10_K2,1078,0.8132957337502792,0.7857142857142857,1.0
regir_kv0_intent_sg,3,random_init,4,id_val,10v10_K3,1048,0.8295541725113148,0.7757633587786259,1.0
regir_kv0_intent_sg,3,random_init,4,id_test,10v10_K2,1074,0.8245580561570409,0.7774674115456238,1.0
regir_kv0_intent_sg,3,random_init,4,id_test,10v10_K3,1020,0.837725478010704,0.8098039215686275,1.0
regir_kv0_intent_sg,3,random_init,4,ood_explore,30v30_K12,5674,0.8499267239363277,0.6665491716602044,1.0
regir_kv0_intent_sg,3,random_init,4,ood_explore,30v30_K2,5548,0.8540145515339645,0.751802451333814,1.0
regir_kv0_intent_sg,3,random_init,4,ood_explore,50v50_K2,8590,0.8588333219655236,0.7064027939464493,1.0
regir_kv0_intent_sg,3,random_init,4,ood_confirm,30v30_K12,5692,0.8454534125691168,0.7066057624736473,1.0
regir_kv0_intent_sg,3,random_init,4,ood_confirm,30v30_K2,5534,0.8484081301867672,0.7475605348753163,1.0
regir_kv0_intent_sg,3,random_init,4,ood_confirm,50v50_K2,8722,0.8622103705922948,0.7296491630360009,1.0
regir_r1_sg,4,trained,0,id_train,10v10_K2,2042,0.7655626125174748,0.7482859941234085,10.0
regir_r1_sg,4,trained,0,id_train,10v10_K3,2064,0.7907076839738321,0.7795542635658915,10.0
regir_r1_sg,4,trained,0,id_val,10v10_K2,1078,0.7256766063584246,0.7532467532467533,10.0
regir_r1_sg,4,trained,0,id_val,10v10_K3,1048,0.7522141569861136,0.7452290076335878,10.0
regir_r1_sg,4,trained,0,id_test,10v10_K2,1074,0.7563496148521529,0.750465549348231,10.0
regir_r1_sg,4,trained,0,id_test,10v10_K3,1020,0.7762872403688008,0.7745098039215687,10.0
regir_r1_sg,4,trained,0,ood_explore,30v30_K12,5674,0.7816912479277425,0.662671836446951,10.0
regir_r1_sg,4,trained,0,ood_explore,30v30_K2,5548,0.7872012803535532,0.6793439077144917,10.0
regir_r1_sg,4,trained,0,ood_explore,50v50_K2,8590,0.7892760453254212,0.6257275902211874,10.0
regir_r1_sg,4,trained,0,ood_confirm,30v30_K12,5692,0.7857825604444572,0.6860505973295854,10.0
regir_r1_sg,4,trained,0,ood_confirm,30v30_K2,5534,0.7824052860302256,0.6599204915070473,10.0
regir_r1_sg,4,trained,0,ood_confirm,50v50_K2,8722,0.7914378191346121,0.6249713368493465,10.0
regir_r1_sg,4,trained,1,id_train,10v10_K2,2042,0.8553528145712016,0.8031341821743389,1.0
regir_r1_sg,4,trained,1,id_train,10v10_K3,2064,0.8688198831052334,0.8246124031007752,1.0
regir_r1_sg,4,trained,1,id_val,10v10_K2,1078,0.8305738589829499,0.7792207792207793,1.0
regir_r1_sg,4,trained,1,id_val,10v10_K3,1048,0.8310249810474517,0.7681297709923665,1.0
regir_r1_sg,4,trained,1,id_test,10v10_K2,1074,0.8468682332895531,0.8044692737430168,1.0
regir_r1_sg,4,trained,1,id_test,10v10_K3,1020,0.8381379949533642,0.8058823529411765,1.0
regir_r1_sg,4,trained,1,ood_explore,30v30_K12,5674,0.8430272108843537,0.7042650687345787,1.0
regir_r1_sg,4,trained,1,ood_explore,30v30_K2,5548,0.855103165646721,0.7557678442682048,1.0
regir_r1_sg,4,trained,1,ood_explore,50v50_K2,8590,0.867063726834907,0.7020954598370198,1.0
regir_r1_sg,4,trained,1,ood_confirm,30v30_K12,5692,0.8407045661500867,0.7278636683063949,1.0
regir_r1_sg,4,trained,1,ood_confirm,30v30_K2,5534,0.8509214216319098,0.7338272497289483,1.0
regir_r1_sg,4,trained,1,ood_confirm,50v50_K2,8722,0.8562177618300068,0.7180692501719789,1.0
regir_r1_sg,4,shuffled_labels,0,id_train,10v10_K2,2042,0.4935557030644983,0.7433888344760039,1.0
regir_r1_sg,4,shuffled_labels,0,id_train,10v10_K3,2064,0.4663790109667618,0.7737403100775194,1.0
regir_r1_sg,4,shuffled_labels,0,id_val,10v10_K2,1078,0.49004169458714913,0.7551020408163265,1.0
regir_r1_sg,4,shuffled_labels,0,id_val,10v10_K3,1048,0.4708176152019865,0.7223282442748091,1.0
regir_r1_sg,4,shuffled_labels,0,id_test,10v10_K2,1074,0.47788505910333323,0.7337057728119181,1.0
regir_r1_sg,4,shuffled_labels,0,id_test,10v10_K3,1020,0.4739283934875897,0.765686274509804,1.0
regir_r1_sg,4,shuffled_labels,0,ood_explore,30v30_K12,5674,0.4651781491817506,0.6045118082481494,1.0
regir_r1_sg,4,shuffled_labels,0,ood_explore,30v30_K2,5548,0.47117167553755573,0.6339221341023792,1.0
regir_r1_sg,4,shuffled_labels,0,ood_explore,50v50_K2,8590,0.4826203337976157,0.5707799767171129,1.0
regir_r1_sg,4,shuffled_labels,0,ood_confirm,30v30_K12,5692,0.48409602259014917,0.6394940267041461,1.0
regir_r1_sg,4,shuffled_labels,0,ood_confirm,30v30_K2,5534,0.4956508396817725,0.6261293820021684,1.0
regir_r1_sg,4,shuffled_labels,0,ood_confirm,50v50_K2,8722,0.46054073969525866,0.5842696629213483,1.0
regir_r1_sg,4,shuffled_labels,1,id_train,10v10_K2,2042,0.4720227499019401,0.7433888344760039,0.0001
regir_r1_sg,4,shuffled_labels,1,id_train,10v10_K3,2064,0.4649966009608487,0.7737403100775194,0.0001
regir_r1_sg,4,shuffled_labels,1,id_val,10v10_K2,1078,0.4796459682823319,0.7551020408163265,0.0001
regir_r1_sg,4,shuffled_labels,1,id_val,10v10_K3,1048,0.4954581977147993,0.7223282442748091,0.0001
regir_r1_sg,4,shuffled_labels,1,id_test,10v10_K2,1074,0.4230946718256363,0.7337057728119181,0.0001
regir_r1_sg,4,shuffled_labels,1,id_test,10v10_K3,1020,0.5062815079905068,0.765686274509804,0.0001
regir_r1_sg,4,shuffled_labels,1,ood_explore,30v30_K12,5674,0.5225077043804535,0.6046880507578428,0.0001
regir_r1_sg,4,shuffled_labels,1,ood_explore,30v30_K2,5548,0.44339409608839503,0.6339221341023792,0.0001
regir_r1_sg,4,shuffled_labels,1,ood_explore,50v50_K2,8590,0.4305013878961647,0.5707799767171129,0.0001
regir_r1_sg,4,shuffled_labels,1,ood_confirm,30v30_K12,5692,0.5393261585301947,0.6393183415319748,0.0001
regir_r1_sg,4,shuffled_labels,1,ood_confirm,30v30_K2,5534,0.46989483316211206,0.6261293820021684,0.0001
regir_r1_sg,4,shuffled_labels,1,ood_confirm,50v50_K2,8722,0.4077670123588491,0.5842696629213483,0.0001
regir_r1_sg,4,random_init,0,id_train,10v10_K2,2042,0.7646524152913134,0.752203721841332,100.0
regir_r1_sg,4,random_init,0,id_train,10v10_K3,2064,0.7869828197677926,0.7911821705426356,100.0
regir_r1_sg,4,random_init,0,id_val,10v10_K2,1078,0.7270260963442782,0.7578849721706865,100.0
regir_r1_sg,4,random_init,0,id_val,10v10_K3,1048,0.7489638517025516,0.7423664122137404,100.0
regir_r1_sg,4,random_init,0,id_test,10v10_K2,1074,0.7589231834155692,0.7458100558659218,100.0
regir_r1_sg,4,random_init,0,id_test,10v10_K3,1020,0.7765818953278438,0.7725490196078432,100.0
regir_r1_sg,4,random_init,0,ood_explore,30v30_K12,5674,0.7775937647786387,0.6557983785689108,100.0
regir_r1_sg,4,random_init,0,ood_explore,30v30_K2,5548,0.7858071935049384,0.6705118961788031,100.0
regir_r1_sg,4,random_init,0,ood_explore,50v50_K2,8590,0.7850450627168424,0.6133876600698487,100.0
regir_r1_sg,4,random_init,0,ood_confirm,30v30_K12,5692,0.7849407572106424,0.6783204497540407,100.0
regir_r1_sg,4,random_init,0,ood_confirm,30v30_K2,5534,0.7765232243724269,0.6577520780628839,100.0
regir_r1_sg,4,random_init,0,ood_confirm,50v50_K2,8722,0.7837172726021122,0.6188947489108003,100.0
regir_r1_sg,4,random_init,1,id_train,10v10_K2,2042,0.825396765531183,0.7850146914789422,1.0
regir_r1_sg,4,random_init,1,id_train,10v10_K3,2064,0.858852049949115,0.8299418604651163,1.0
regir_r1_sg,4,random_init,1,id_val,10v10_K2,1078,0.7916201325292235,0.7773654916512059,1.0
regir_r1_sg,4,random_init,1,id_val,10v10_K3,1048,0.7914947318725117,0.7538167938931297,1.0
regir_r1_sg,4,random_init,1,id_test,10v10_K2,1074,0.8060106137517306,0.7858472998137802,1.0
regir_r1_sg,4,random_init,1,id_test,10v10_K3,1020,0.8131191102491709,0.7950980392156862,1.0
regir_r1_sg,4,random_init,1,ood_explore,30v30_K12,5674,0.8200732240948327,0.6582657737046176,1.0
regir_r1_sg,4,random_init,1,ood_explore,30v30_K2,5548,0.8374928444201597,0.748197548666186,1.0
regir_r1_sg,4,random_init,1,ood_explore,50v50_K2,8590,0.8369401927637558,0.69965075669383,1.0
regir_r1_sg,4,random_init,1,ood_confirm,30v30_K12,5692,0.8299194725324384,0.6904427266338721,1.0
regir_r1_sg,4,random_init,1,ood_confirm,30v30_K2,5534,0.8280777811952292,0.7397903867003975,1.0
regir_r1_sg,4,random_init,1,ood_confirm,50v50_K2,8722,0.8353454273643778,0.7204769548268746,1.0
regir_r0_sg,0,trained,0,id_train,10v10_K2,2042,0.7648824789548321,0.7492654260528894,100.0
regir_r0_sg,0,trained,0,id_train,10v10_K3,2064,0.7884751789691324,0.7843992248062015,100.0
regir_r0_sg,0,trained,0,id_val,10v10_K2,1078,0.7278683642320006,0.7606679035250464,100.0
regir_r0_sg,0,trained,0,id_val,10v10_K3,1048,0.7458406533295201,0.7347328244274809,100.0
regir_r0_sg,0,trained,0,id_test,10v10_K2,1074,0.7617541088353271,0.749534450651769,100.0
regir_r0_sg,0,trained,0,id_test,10v10_K3,1020,0.7736299883745226,0.7715686274509804,100.0
regir_r0_sg,0,trained,0,ood_explore,30v30_K12,5674,0.7776358595386207,0.6587945012336975,100.0
regir_r0_sg,0,trained,0,ood_explore,30v30_K2,5548,0.7871522815187455,0.6753785147801009,100.0
regir_r0_sg,0,trained,0,ood_explore,50v50_K2,8590,0.786132555520687,0.6247962747380675,100.0
regir_r0_sg,0,trained,0,ood_confirm,30v30_K12,5692,0.7846565867120912,0.6806043569922698,100.0
regir_r0_sg,0,trained,0,ood_confirm,30v30_K2,5534,0.7814249656685616,0.6586555836646187,100.0
regir_r0_sg,0,trained,0,ood_confirm,50v50_K2,8722,0.7870742743191723,0.6249713368493465,100.0
regir_r0_sg,0,trained,1,id_train,10v10_K2,2042,0.7648824789548321,0.7492654260528894,100.0
regir_r0_sg,0,trained,1,id_train,10v10_K3,2064,0.7884751789691324,0.7843992248062015,100.0
regir_r0_sg,0,trained,1,id_val,10v10_K2,1078,0.7278683642320006,0.7606679035250464,100.0
regir_r0_sg,0,trained,1,id_val,10v10_K3,1048,0.7458406533295201,0.7347328244274809,100.0
regir_r0_sg,0,trained,1,id_test,10v10_K2,1074,0.7617541088353271,0.749534450651769,100.0
regir_r0_sg,0,trained,1,id_test,10v10_K3,1020,0.7736299883745226,0.7715686274509804,100.0
regir_r0_sg,0,trained,1,ood_explore,30v30_K12,5674,0.7776358595386207,0.6587945012336975,100.0
regir_r0_sg,0,trained,1,ood_explore,30v30_K2,5548,0.7871522815187455,0.6753785147801009,100.0
regir_r0_sg,0,trained,1,ood_explore,50v50_K2,8590,0.786132555520687,0.6247962747380675,100.0
regir_r0_sg,0,trained,1,ood_confirm,30v30_K12,5692,0.7846565867120912,0.6806043569922698,100.0
regir_r0_sg,0,trained,1,ood_confirm,30v30_K2,5534,0.7814249656685616,0.6586555836646187,100.0
regir_r0_sg,0,trained,1,ood_confirm,50v50_K2,8722,0.7870742743191723,0.6249713368493465,100.0
regir_r0_sg,0,shuffled_labels,0,id_train,10v10_K2,2042,0.6023494151605668,0.7433888344760039,100.0
regir_r0_sg,0,shuffled_labels,0,id_train,10v10_K3,2064,0.6366889738387957,0.7737403100775194,100.0
regir_r0_sg,0,shuffled_labels,0,id_val,10v10_K2,1078,0.5857391482391482,0.7551020408163265,100.0
regir_r0_sg,0,shuffled_labels,0,id_val,10v10_K3,1048,0.541956629306314,0.7223282442748091,100.0
regir_r0_sg,0,shuffled_labels,0,id_test,10v10_K2,1074,0.6561046821199106,0.7337057728119181,100.0
regir_r0_sg,0,shuffled_labels,0,id_test,10v10_K3,1020,0.6164503184952239,0.765686274509804,100.0
regir_r0_sg,0,shuffled_labels,0,ood_explore,30v30_K12,5674,0.6267755154009655,0.6045118082481494,100.0
regir_r0_sg,0,shuffled_labels,0,ood_explore,30v30_K2,5548,0.6364026063460211,0.6339221341023792,100.0
regir_r0_sg,0,shuffled_labels,0,ood_explore,50v50_K2,8590,0.6238416105094101,0.5707799767171129,100.0
regir_r0_sg,0,shuffled_labels,0,ood_confirm,30v30_K12,5692,0.6350242883456498,0.6393183415319748,100.0
regir_r0_sg,0,shuffled_labels,0,ood_confirm,30v30_K2,5534,0.627932853355763,0.6261293820021684,100.0
regir_r0_sg,0,shuffled_labels,0,ood_confirm,50v50_K2,8722,0.6275878748546387,0.5842696629213483,100.0
regir_r0_sg,0,shuffled_labels,1,id_train,10v10_K2,2042,0.6023494151605668,0.7433888344760039,100.0
regir_r0_sg,0,shuffled_labels,1,id_train,10v10_K3,2064,0.6366889738387957,0.7737403100775194,100.0
regir_r0_sg,0,shuffled_labels,1,id_val,10v10_K2,1078,0.5857391482391482,0.7551020408163265,100.0
regir_r0_sg,0,shuffled_labels,1,id_val,10v10_K3,1048,0.541956629306314,0.7223282442748091,100.0
regir_r0_sg,0,shuffled_labels,1,id_test,10v10_K2,1074,0.6561046821199106,0.7337057728119181,100.0
regir_r0_sg,0,shuffled_labels,1,id_test,10v10_K3,1020,0.6164503184952239,0.765686274509804,100.0
regir_r0_sg,0,shuffled_labels,1,ood_explore,30v30_K12,5674,0.6267755154009655,0.6045118082481494,100.0
regir_r0_sg,0,shuffled_labels,1,ood_explore,30v30_K2,5548,0.6364026063460211,0.6339221341023792,100.0
regir_r0_sg,0,shuffled_labels,1,ood_explore,50v50_K2,8590,0.6238416105094101,0.5707799767171129,100.0
regir_r0_sg,0,shuffled_labels,1,ood_confirm,30v30_K12,5692,0.6350242883456498,0.6393183415319748,100.0
regir_r0_sg,0,shuffled_labels,1,ood_confirm,30v30_K2,5534,0.627932853355763,0.6261293820021684,100.0
regir_r0_sg,0,shuffled_labels,1,ood_confirm,50v50_K2,8722,0.6275878748546387,0.5842696629213483,100.0
regir_r0_sg,0,random_init,0,id_train,10v10_K2,2042,0.760518812418912,0.7507345739471106,100.0
regir_r0_sg,0,random_init,0,id_train,10v10_K3,2064,0.7849219427754663,0.7829457364341085,100.0
regir_r0_sg,0,random_init,0,id_val,10v10_K2,1078,0.7312048618866801,0.7662337662337663,100.0
regir_r0_sg,0,random_init,0,id_val,10v10_K3,1048,0.7471934340201646,0.7490458015267175,100.0
regir_r0_sg,0,random_init,0,id_test,10v10_K2,1074,0.7595577011820667,0.7458100558659218,100.0
regir_r0_sg,0,random_init,0,id_test,10v10_K3,1020,0.7773587129471389,0.7764705882352941,100.0
regir_r0_sg,0,random_init,0,ood_explore,30v30_K12,5674,0.7787190200755627,0.6533309834332041,100.0
regir_r0_sg,0,random_init,0,ood_explore,30v30_K2,5548,0.7866158142759365,0.6753785147801009,100.0
regir_r0_sg,0,random_init,0,ood_explore,50v50_K2,8590,0.7814025509586272,0.6157159487776485,100.0
regir_r0_sg,0,random_init,0,ood_confirm,30v30_K12,5692,0.7833468324359141,0.6800773014757554,100.0
regir_r0_sg,0,random_init,0,ood_confirm,30v30_K2,5534,0.7770340287498335,0.6593783881460065,100.0
regir_r0_sg,0,random_init,0,ood_confirm,50v50_K2,8722,0.7786486226719462,0.6163723916532905,100.0
regir_r0_sg,0,random_init,1,id_train,10v10_K2,2042,0.760518812418912,0.7507345739471106,100.0
regir_r0_sg,0,random_init,1,id_train,10v10_K3,2064,0.7849219427754663,0.7829457364341085,100.0
regir_r0_sg,0,random_init,1,id_val,10v10_K2,1078,0.7312048618866801,0.7662337662337663,100.0
regir_r0_sg,0,random_init,1,id_val,10v10_K3,1048,0.7471934340201646,0.7490458015267175,100.0
regir_r0_sg,0,random_init,1,id_test,10v10_K2,1074,0.7595577011820667,0.7458100558659218,100.0
regir_r0_sg,0,random_init,1,id_test,10v10_K3,1020,0.7773587129471389,0.7764705882352941,100.0
regir_r0_sg,0,random_init,1,ood_explore,30v30_K12,5674,0.7787190200755627,0.6533309834332041,100.0
regir_r0_sg,0,random_init,1,ood_explore,30v30_K2,5548,0.7866158142759365,0.6753785147801009,100.0
regir_r0_sg,0,random_init,1,ood_explore,50v50_K2,8590,0.7814025509586272,0.6157159487776485,100.0
regir_r0_sg,0,random_init,1,ood_confirm,30v30_K12,5692,0.7833468324359141,0.6800773014757554,100.0
regir_r0_sg,0,random_init,1,ood_confirm,30v30_K2,5534,0.7770340287498335,0.6593783881460065,100.0
regir_r0_sg,0,random_init,1,ood_confirm,50v50_K2,8722,0.7786486226719462,0.6163723916532905,100.0
regir_r0_sg,1,trained,0,id_train,10v10_K2,2042,0.770304689778636,0.7556317335945152,10.0
regir_r0_sg,1,trained,0,id_train,10v10_K3,2064,0.7911112779716787,0.7877906976744186,10.0
regir_r0_sg,1,trained,0,id_val,10v10_K2,1078,0.7233266324175415,0.7560296846011132,10.0
regir_r0_sg,1,trained,0,id_val,10v10_K3,1048,0.7489547726375138,0.7385496183206107,10.0
regir_r0_sg,1,trained,0,id_test,10v10_K2,1074,0.7615899329097299,0.7476722532588455,10.0
regir_r0_sg,1,trained,0,id_test,10v10_K3,1020,0.7742943013730921,0.7715686274509804,10.0
regir_r0_sg,1,trained,0,ood_explore,30v30_K12,5674,0.778635220321895,0.6573845611561508,10.0
regir_r0_sg,1,trained,0,ood_explore,30v30_K2,5548,0.7852518267115608,0.6786229271809661,10.0
regir_r0_sg,1,trained,0,ood_explore,50v50_K2,8590,0.7846235410135363,0.6239813736903376,10.0
regir_r0_sg,1,trained,0,ood_confirm,30v30_K12,5692,0.7862058044936417,0.6839423752635277,10.0
regir_r0_sg,1,trained,0,ood_confirm,30v30_K2,5534,0.7821890799174511,0.6601011926273943,10.0
regir_r0_sg,1,trained,0,ood_confirm,50v50_K2,8722,0.7872269956818062,0.6239394634258197,10.0
regir_r0_sg,1,trained,1,id_train,10v10_K2,2042,0.770304689778636,0.7556317335945152,10.0
regir_r0_sg,1,trained,1,id_train,10v10_K3,2064,0.7911112779716787,0.7877906976744186,10.0
regir_r0_sg,1,trained,1,id_val,10v10_K2,1078,0.7233266324175415,0.7560296846011132,10.0
regir_r0_sg,1,trained,1,id_val,10v10_K3,1048,0.7489547726375138,0.7385496183206107,10.0
regir_r0_sg,1,trained,1,id_test,10v10_K2,1074,0.7615899329097299,0.7476722532588455,10.0
regir_r0_sg,1,trained,1,id_test,10v10_K3,1020,0.7742943013730921,0.7715686274509804,10.0
regir_r0_sg,1,trained,1,ood_explore,30v30_K12,5674,0.778635220321895,0.6573845611561508,10.0
regir_r0_sg,1,trained,1,ood_explore,30v30_K2,5548,0.7852518267115608,0.6786229271809661,10.0
regir_r0_sg,1,trained,1,ood_explore,50v50_K2,8590,0.7846235410135363,0.6239813736903376,10.0
regir_r0_sg,1,trained,1,ood_confirm,30v30_K12,5692,0.7862058044936417,0.6839423752635277,10.0
regir_r0_sg,1,trained,1,ood_confirm,30v30_K2,5534,0.7821890799174511,0.6601011926273943,10.0
regir_r0_sg,1,trained,1,ood_confirm,50v50_K2,8722,0.7872269956818062,0.6239394634258197,10.0
regir_r0_sg,1,shuffled_labels,0,id_train,10v10_K2,2042,0.5228668195395709,0.7433888344760039,0.001
regir_r0_sg,1,shuffled_labels,0,id_train,10v10_K3,2064,0.49277486293223777,0.7737403100775194,0.001
regir_r0_sg,1,shuffled_labels,0,id_val,10v10_K2,1078,0.49736151440696896,0.7551020408163265,0.001
regir_r0_sg,1,shuffled_labels,0,id_val,10v10_K3,1048,0.4544662190687603,0.7223282442748091,0.001
regir_r0_sg,1,shuffled_labels,0,id_test,10v10_K2,1074,0.5388830712434773,0.7337057728119181,0.001
regir_r0_sg,1,shuffled_labels,0,id_test,10v10_K3,1020,0.4573634274264836,0.765686274509804,0.001
regir_r0_sg,1,shuffled_labels,0,ood_explore,30v30_K12,5674,0.5202817490632616,0.6043355657384561,0.001
regir_r0_sg,1,shuffled_labels,0,ood_explore,30v30_K2,5548,0.48966929566414913,0.6339221341023792,0.001
regir_r0_sg,1,shuffled_labels,0,ood_explore,50v50_K2,8590,0.5211144480657326,0.5711292200232829,0.001
regir_r0_sg,1,shuffled_labels,0,ood_confirm,30v30_K12,5692,0.5297441381301528,0.6391426563598033,0.001
regir_r0_sg,1,shuffled_labels,0,ood_confirm,30v30_K2,5534,0.5114962369674791,0.62721358872425,0.001
regir_r0_sg,1,shuffled_labels,0,ood_confirm,50v50_K2,8722,0.5060651811745106,0.5841550103187342,0.001
regir_r0_sg,1,shuffled_labels,1,id_train,10v10_K2,2042,0.5228668195395709,0.7433888344760039,0.001
regir_r0_sg,1,shuffled_labels,1,id_train,10v10_K3,2064,0.49277486293223777,0.7737403100775194,0.001
regir_r0_sg,1,shuffled_labels,1,id_val,10v10_K2,1078,0.49736151440696896,0.7551020408163265,0.001
regir_r0_sg,1,shuffled_labels,1,id_val,10v10_K3,1048,0.4544662190687603,0.7223282442748091,0.001
regir_r0_sg,1,shuffled_labels,1,id_test,10v10_K2,1074,0.5388830712434773,0.7337057728119181,0.001
regir_r0_sg,1,shuffled_labels,1,id_test,10v10_K3,1020,0.4573634274264836,0.765686274509804,0.001
regir_r0_sg,1,shuffled_labels,1,ood_explore,30v30_K12,5674,0.5202817490632616,0.6043355657384561,0.001
regir_r0_sg,1,shuffled_labels,1,ood_explore,30v30_K2,5548,0.48966929566414913,0.6339221341023792,0.001
regir_r0_sg,1,shuffled_labels,1,ood_explore,50v50_K2,8590,0.5211144480657326,0.5711292200232829,0.001
regir_r0_sg,1,shuffled_labels,1,ood_confirm,30v30_K12,5692,0.5297441381301528,0.6391426563598033,0.001
regir_r0_sg,1,shuffled_labels,1,ood_confirm,30v30_K2,5534,0.5114962369674791,0.62721358872425,0.001
regir_r0_sg,1,shuffled_labels,1,ood_confirm,50v50_K2,8722,0.5060651811745106,0.5841550103187342,0.001
regir_r0_sg,1,random_init,0,id_train,10v10_K2,2042,0.7709483651650927,0.7536728697355534,10.0
regir_r0_sg,1,random_init,0,id_train,10v10_K3,2064,0.7941858329120849,0.7877906976744186,10.0
regir_r0_sg,1,random_init,0,id_val,10v10_K2,1078,0.7275658923386196,0.7560296846011132,10.0
regir_r0_sg,1,random_init,0,id_val,10v10_K3,1048,0.7467077040406379,0.7490458015267175,10.0
regir_r0_sg,1,random_init,0,id_test,10v10_K2,1074,0.7471158283341024,0.7439478584729982,10.0
regir_r0_sg,1,random_init,0,id_test,10v10_K3,1020,0.7668582816794262,0.7647058823529411,10.0
regir_r0_sg,1,random_init,0,ood_explore,30v30_K12,5674,0.7762299725084839,0.6591469862530842,10.0
regir_r0_sg,1,random_init,0,ood_explore,30v30_K2,5548,0.7874196751601247,0.6757390050468637,10.0
regir_r0_sg,1,random_init,0,ood_explore,50v50_K2,8590,0.7861882052363727,0.6189755529685681,10.0
regir_r0_sg,1,random_init,0,ood_confirm,30v30_K12,5692,0.7847929831972648,0.6872803935347856,10.0
regir_r0_sg,1,random_init,0,ood_confirm,30v30_K2,5534,0.7813239764907237,0.6617275027105168,10.0
regir_r0_sg,1,random_init,0,ood_confirm,50v50_K2,8722,0.7910822089029086,0.6263471680807154,10.0
regir_r0_sg,1,random_init,1,id_train,10v10_K2,2042,0.7709483651650927,0.7536728697355534,10.0
regir_r0_sg,1,random_init,1,id_train,10v10_K3,2064,0.7941858329120849,0.7877906976744186,10.0
regir_r0_sg,1,random_init,1,id_val,10v10_K2,1078,0.7275658923386196,0.7560296846011132,10.0
regir_r0_sg,1,random_init,1,id_val,10v10_K3,1048,0.7467077040406379,0.7490458015267175,10.0
regir_r0_sg,1,random_init,1,id_test,10v10_K2,1074,0.7471158283341024,0.7439478584729982,10.0
regir_r0_sg,1,random_init,1,id_test,10v10_K3,1020,0.7668582816794262,0.7647058823529411,10.0
regir_r0_sg,1,random_init,1,ood_explore,30v30_K12,5674,0.7762299725084839,0.6591469862530842,10.0
regir_r0_sg,1,random_init,1,ood_explore,30v30_K2,5548,0.7874196751601247,0.6757390050468637,10.0
regir_r0_sg,1,random_init,1,ood_explore,50v50_K2,8590,0.7861882052363727,0.6189755529685681,10.0
regir_r0_sg,1,random_init,1,ood_confirm,30v30_K12,5692,0.7847929831972648,0.6872803935347856,10.0
regir_r0_sg,1,random_init,1,ood_confirm,30v30_K2,5534,0.7813239764907237,0.6617275027105168,10.0
regir_r0_sg,1,random_init,1,ood_confirm,50v50_K2,8722,0.7910822089029086,0.6263471680807154,10.0
regir_r0_sg,2,trained,0,id_train,10v10_K2,2042,0.7632343179555261,0.7497551420176298,100.0
regir_r0_sg,2,trained,0,id_train,10v10_K3,2064,0.7869680704854793,0.7843992248062015,100.0
regir_r0_sg,2,trained,0,id_val,10v10_K2,1078,0.726635209589755,0.7690166975881262,100.0
regir_r0_sg,2,trained,0,id_val,10v10_K3,1048,0.7453957791426639,0.7442748091603053,100.0
regir_r0_sg,2,trained,0,id_test,10v10_K2,1074,0.7580579319158,0.7476722532588455,100.0
regir_r0_sg,2,trained,0,id_test,10v10_K3,1020,0.7733406907783713,0.7715686274509804,100.0
regir_r0_sg,2,trained,0,ood_explore,30v30_K12,5674,0.7810122750398861,0.646986253084244,100.0
regir_r0_sg,2,trained,0,ood_explore,30v30_K2,5548,0.7880517601291441,0.6636625811103101,100.0
regir_r0_sg,2,trained,0,ood_explore,50v50_K2,8590,0.7879792299329531,0.6040745052386496,100.0
regir_r0_sg,2,trained,0,ood_confirm,30v30_K12,5692,0.786439244601731,0.6698875614898102,100.0
regir_r0_sg,2,trained,0,ood_confirm,30v30_K2,5534,0.7827314085409783,0.6492591254065775,100.0
regir_r0_sg,2,trained,0,ood_confirm,50v50_K2,8722,0.7916413033031109,0.6075441412520064,100.0
regir_r0_sg,2,trained,1,id_train,10v10_K2,2042,0.7632343179555261,0.7497551420176298,100.0
regir_r0_sg,2,trained,1,id_train,10v10_K3,2064,0.7869680704854793,0.7843992248062015,100.0
regir_r0_sg,2,trained,1,id_val,10v10_K2,1078,0.726635209589755,0.7690166975881262,100.0
regir_r0_sg,2,trained,1,id_val,10v10_K3,1048,0.7453957791426639,0.7442748091603053,100.0
regir_r0_sg,2,trained,1,id_test,10v10_K2,1074,0.7580579319158,0.7476722532588455,100.0
regir_r0_sg,2,trained,1,id_test,10v10_K3,1020,0.7733406907783713,0.7715686274509804,100.0
regir_r0_sg,2,trained,1,ood_explore,30v30_K12,5674,0.7810122750398861,0.646986253084244,100.0
regir_r0_sg,2,trained,1,ood_explore,30v30_K2,5548,0.7880517601291441,0.6636625811103101,100.0
regir_r0_sg,2,trained,1,ood_explore,50v50_K2,8590,0.7879792299329531,0.6040745052386496,100.0
regir_r0_sg,2,trained,1,ood_confirm,30v30_K12,5692,0.786439244601731,0.6698875614898102,100.0
regir_r0_sg,2,trained,1,ood_confirm,30v30_K2,5534,0.7827314085409783,0.6492591254065775,100.0
regir_r0_sg,2,trained,1,ood_confirm,50v50_K2,8722,0.7916413033031109,0.6075441412520064,100.0
regir_r0_sg,2,shuffled_labels,0,id_train,10v10_K2,2042,0.5899536352573193,0.7433888344760039,100.0
regir_r0_sg,2,shuffled_labels,0,id_train,10v10_K3,2064,0.6036666715830941,0.7737403100775194,100.0
regir_r0_sg,2,shuffled_labels,0,id_val,10v10_K2,1078,0.5792011019283747,0.7551020408163265,100.0
regir_r0_sg,2,shuffled_labels,0,id_val,10v10_K3,1048,0.5410623414000826,0.7223282442748091,100.0
regir_r0_sg,2,shuffled_labels,0,id_test,10v10_K2,1074,0.6158416456639807,0.7337057728119181,100.0
regir_r0_sg,2,shuffled_labels,0,id_test,10v10_K3,1020,0.5742342989087051,0.765686274509804,100.0
regir_r0_sg,2,shuffled_labels,0,ood_explore,30v30_K12,5674,0.5916085914885435,0.6045118082481494,100.0
regir_r0_sg,2,shuffled_labels,0,ood_explore,30v30_K2,5548,0.6274463193265264,0.6339221341023792,100.0
regir_r0_sg,2,shuffled_labels,0,ood_explore,50v50_K2,8590,0.5786901639016889,0.5707799767171129,100.0
regir_r0_sg,2,shuffled_labels,0,ood_confirm,30v30_K12,5692,0.6031295966050527,0.6393183415319748,100.0
regir_r0_sg,2,shuffled_labels,0,ood_confirm,30v30_K2,5534,0.595122948047066,0.6261293820021684,100.0
regir_r0_sg,2,shuffled_labels,0,ood_confirm,50v50_K2,8722,0.59748190506208,0.5842696629213483,100.0
regir_r0_sg,2,shuffled_labels,1,id_train,10v10_K2,2042,0.5899536352573193,0.7433888344760039,100.0
regir_r0_sg,2,shuffled_labels,1,id_train,10v10_K3,2064,0.6036666715830941,0.7737403100775194,100.0
regir_r0_sg,2,shuffled_labels,1,id_val,10v10_K2,1078,0.5792011019283747,0.7551020408163265,100.0
regir_r0_sg,2,shuffled_labels,1,id_val,10v10_K3,1048,0.5410623414000826,0.7223282442748091,100.0
regir_r0_sg,2,shuffled_labels,1,id_test,10v10_K2,1074,0.6158416456639807,0.7337057728119181,100.0
regir_r0_sg,2,shuffled_labels,1,id_test,10v10_K3,1020,0.5742342989087051,0.765686274509804,100.0
regir_r0_sg,2,shuffled_labels,1,ood_explore,30v30_K12,5674,0.5916085914885435,0.6045118082481494,100.0
regir_r0_sg,2,shuffled_labels,1,ood_explore,30v30_K2,5548,0.6274463193265264,0.6339221341023792,100.0
regir_r0_sg,2,shuffled_labels,1,ood_explore,50v50_K2,8590,0.5786901639016889,0.5707799767171129,100.0
regir_r0_sg,2,shuffled_labels,1,ood_confirm,30v30_K12,5692,0.6031295966050527,0.6393183415319748,100.0
regir_r0_sg,2,shuffled_labels,1,ood_confirm,30v30_K2,5534,0.595122948047066,0.6261293820021684,100.0
regir_r0_sg,2,shuffled_labels,1,ood_confirm,50v50_K2,8722,0.59748190506208,0.5842696629213483,100.0
regir_r0_sg,2,random_init,0,id_train,10v10_K2,2042,0.7637547898500437,0.7507345739471106,100.0
regir_r0_sg,2,random_init,0,id_train,10v10_K3,2064,0.7878610724873591,0.7868217054263565,100.0
regir_r0_sg,2,random_init,0,id_val,10v10_K2,1078,0.724415531233713,0.7532467532467533,100.0
regir_r0_sg,2,random_init,0,id_val,10v10_K3,1048,0.748164893979218,0.7404580152671756,100.0
regir_r0_sg,2,random_init,0,id_test,10v10_K2,1074,0.7556307905292677,0.7420856610800745,100.0
regir_r0_sg,2,random_init,0,id_test,10v10_K3,1020,0.7751139778955207,0.7745098039215687,100.0
regir_r0_sg,2,random_init,0,ood_explore,30v30_K12,5674,0.7778286639331057,0.6565033486076842,100.0
regir_r0_sg,2,random_init,0,ood_explore,30v30_K2,5548,0.7857871739810027,0.6791636625811103,100.0
regir_r0_sg,2,random_init,0,ood_explore,50v50_K2,8590,0.7860868076927822,0.620023282887078,100.0
regir_r0_sg,2,random_init,0,ood_confirm,30v30_K12,5692,0.7833331794020694,0.6832396345748419,100.0
regir_r0_sg,2,random_init,0,ood_confirm,30v30_K2,5534,0.7792253823186641,0.6613661004698229,100.0
regir_r0_sg,2,random_init,0,ood_confirm,50v50_K2,8722,0.7880422853090492,0.625659252465031,100.0
regir_r0_sg,2,random_init,1,id_train,10v10_K2,2042,0.7637547898500437,0.7507345739471106,100.0
regir_r0_sg,2,random_init,1,id_train,10v10_K3,2064,0.7878610724873591,0.7868217054263565,100.0
regir_r0_sg,2,random_init,1,id_val,10v10_K2,1078,0.724415531233713,0.7532467532467533,100.0
regir_r0_sg,2,random_init,1,id_val,10v10_K3,1048,0.748164893979218,0.7404580152671756,100.0
regir_r0_sg,2,random_init,1,id_test,10v10_K2,1074,0.7556307905292677,0.7420856610800745,100.0
regir_r0_sg,2,random_init,1,id_test,10v10_K3,1020,0.7751139778955207,0.7745098039215687,100.0
regir_r0_sg,2,random_init,1,ood_explore,30v30_K12,5674,0.7778286639331057,0.6565033486076842,100.0
regir_r0_sg,2,random_init,1,ood_explore,30v30_K2,5548,0.7857871739810027,0.6791636625811103,100.0
regir_r0_sg,2,random_init,1,ood_explore,50v50_K2,8590,0.7860868076927822,0.620023282887078,100.0
regir_r0_sg,2,random_init,1,ood_confirm,30v30_K12,5692,0.7833331794020694,0.6832396345748419,100.0
regir_r0_sg,2,random_init,1,ood_confirm,30v30_K2,5534,0.7792253823186641,0.6613661004698229,100.0
regir_r0_sg,2,random_init,1,ood_confirm,50v50_K2,8722,0.7880422853090492,0.625659252465031,100.0
regir_sg,1,trained,0,id_train,10v10_K2,2042,0.7614302668235625,0.7536728697355534,100.0
regir_sg,1,trained,0,id_train,10v10_K3,2064,0.7863687132860194,0.7824612403100775,100.0
regir_sg,1,trained,0,id_val,10v10_K2,1078,0.7270586702404884,0.7578849721706865,100.0
regir_sg,1,trained,0,id_val,10v10_K3,1048,0.7474249501786306,0.7290076335877863,100.0
regir_sg,1,trained,0,id_test,10v10_K2,1074,0.753212523517092,0.74487895716946,100.0
regir_sg,1,trained,0,id_test,10v10_K3,1020,0.7709084480255439,0.7705882352941177,100.0
regir_sg,1,trained,0,ood_explore,30v30_K12,5674,0.7823576183720241,0.6557983785689108,100.0
regir_sg,1,trained,0,ood_explore,30v30_K2,5548,0.7846121819223139,0.6696106705118962,100.0
regir_sg,1,trained,0,ood_explore,50v50_K2,8590,0.7892617733307422,0.6188591385331781,100.0
regir_sg,1,trained,0,ood_confirm,30v30_K12,5692,0.7834134913658616,0.6737526352775826,100.0
regir_sg,1,trained,0,ood_confirm,30v30_K2,5534,0.7814864797948413,0.6552222623780267,100.0
regir_sg,1,trained,0,ood_confirm,50v50_K2,8722,0.7898102163772718,0.6176335702820454,100.0
regir_sg,1,trained,1,id_train,10v10_K2,2042,0.8474929346568908,0.797747306562194,1.0
regir_sg,1,trained,1,id_train,10v10_K3,2064,0.8808955227883116,0.8270348837209303,1.0
regir_sg,1,trained,1,id_val,10v10_K2,1078,0.8274932990842082,0.7810760667903525,1.0
regir_sg,1,trained,1,id_val,10v10_K3,1048,0.8364724200701812,0.7652671755725191,1.0
regir_sg,1,trained,1,id_test,10v10_K2,1074,0.8518423201164318,0.797951582867784,1.0
regir_sg,1,trained,1,id_test,10v10_K3,1020,0.8363968520135648,0.8098039215686275,1.0
regir_sg,1,trained,1,ood_explore,30v30_K12,5674,0.8532223278921959,0.7030313711667254,1.0
regir_sg,1,trained,1,ood_explore,30v30_K2,5548,0.8505426340961612,0.7399062725306417,1.0
regir_sg,1,trained,1,ood_explore,50v50_K2,8590,0.8662135474309552,0.6875436554132712,1.0
regir_sg,1,trained,1,ood_confirm,30v30_K12,5692,0.8548714627097498,0.7399859451862263,1.0
regir_sg,1,trained,1,ood_confirm,30v30_K2,5534,0.8547891397577236,0.7352728586917239,1.0
regir_sg,1,trained,1,ood_confirm,50v50_K2,8722,0.8634533016821646,0.705228158679202,1.0
regir_sg,1,trained,2,id_train,10v10_K2,2042,0.8349337215500507,0.7840352595494613,0.1
regir_sg,1,trained,2,id_train,10v10_K3,2064,0.8635543893193742,0.8270348837209303,0.1
regir_sg,1,trained,2,id_val,10v10_K2,1078,0.8277818107363561,0.7838589981447124,0.1
regir_sg,1,trained,2,id_val,10v10_K3,1048,0.8197397032053639,0.7585877862595419,0.1
regir_sg,1,trained,2,id_test,10v10_K2,1074,0.8271449362819921,0.7821229050279329,0.1
regir_sg,1,trained,2,id_test,10v10_K3,1020,0.8150156167128293,0.7843137254901961,0.1
regir_sg,1,trained,2,ood_explore,30v30_K12,5674,0.8383571610462367,0.6734226295382446,0.1
regir_sg,1,trained,2,ood_explore,30v30_K2,5548,0.85049307527467,0.7240447007930786,0.1
regir_sg,1,trained,2,ood_explore,50v50_K2,8590,0.8593476669520512,0.6580908032596042,0.1
regir_sg,1,trained,2,ood_confirm,30v30_K12,5692,0.8433298303931792,0.7102951510892481,0.1
regir_sg,1,trained,2,ood_confirm,30v30_K2,5534,0.8445903486986136,0.7096132996024576,0.1
regir_sg,1,trained,2,ood_confirm,50v50_K2,8722,0.8600621514251252,0.6725521669341894,0.1
regir_sg,1,trained,3,id_train,10v10_K2,2042,0.8232884772048397,0.786973555337904,0.001
regir_sg,1,trained,3,id_train,10v10_K3,2064,0.850289421144303,0.8091085271317829,0.001
regir_sg,1,trained,3,id_val,10v10_K2,1078,0.8102291340927704,0.7792207792207793,0.001
regir_sg,1,trained,3,id_val,10v10_K3,1048,0.7921892803479098,0.7547709923664122,0.001
regir_sg,1,trained,3,id_test,10v10_K2,1074,0.8175251144794292,0.7718808193668529,0.001
regir_sg,1,trained,3,id_test,10v10_K3,1020,0.8137030628043652,0.7823529411764706,0.001
regir_sg,1,trained,3,ood_explore,30v30_K12,5674,0.8205705658886931,0.6706027493831512,0.001
regir_sg,1,trained,3,ood_explore,30v30_K2,5548,0.843064151934467,0.7258471521268925,0.001
regir_sg,1,trained,3,ood_explore,50v50_K2,8590,0.8452130817103226,0.661001164144354,0.001
regir_sg,1,trained,3,ood_confirm,30v30_K12,5692,0.8297751787041584,0.7041461700632466,0.001
regir_sg,1,trained,3,ood_confirm,30v30_K2,5534,0.8342402133605613,0.7056378749548248,0.001
regir_sg,1,trained,3,ood_confirm,50v50_K2,8722,0.8498247330244415,0.6788580600779638,0.001
regir_sg,1,trained,4,id_train,10v10_K2,2042,0.8214228243269066,0.7899118511263468,0.0001
regir_sg,1,trained,4,id_train,10v10_K3,2064,0.8472886126154634,0.8091085271317829,0.0001
regir_sg,1,trained,4,id_val,10v10_K2,1078,0.8042774179137816,0.7736549165120594,0.0001
regir_sg,1,trained,4,id_val,10v10_K3,1048,0.7779487668359912,0.7366412213740458,0.0001
regir_sg,1,trained,4,id_test,10v10_K2,1074,0.8189716374995563,0.7793296089385475,0.0001
regir_sg,1,trained,4,id_test,10v10_K3,1020,0.8061759679415405,0.7843137254901961,0.0001
regir_sg,1,trained,4,ood_explore,30v30_K12,5674,0.8141752805018111,0.6677828692280579,0.0001
regir_sg,1,trained,4,ood_explore,30v30_K2,5548,0.8393507402393972,0.7191780821917808,0.0001
regir_sg,1,trained,4,ood_explore,50v50_K2,8590,0.8385233331347424,0.6530849825378346,0.0001
regir_sg,1,trained,4,ood_confirm,30v30_K12,5692,0.8215996884966631,0.7078355586788475,0.0001
regir_sg,1,trained,4,ood_confirm,30v30_K2,5534,0.8253859453472793,0.6919045898084568,0.0001
regir_sg,1,trained,4,ood_confirm,50v50_K2,8722,0.8442251842397615,0.6758770924099977,0.0001
regir_sg,1,shuffled_labels,0,id_train,10v10_K2,2042,0.5059766265375293,0.7428991185112634,0.0001
regir_sg,1,shuffled_labels,0,id_train,10v10_K3,2064,0.5218081547441067,0.7737403100775194,0.0001
regir_sg,1,shuffled_labels,0,id_val,10v10_K2,1078,0.5210706574342938,0.7551020408163265,0.0001
regir_sg,1,shuffled_labels,0,id_val,10v10_K3,1048,0.4914452509680553,0.7223282442748091,0.0001
regir_sg,1,shuffled_labels,0,id_test,10v10_K2,1074,0.555242980369884,0.7337057728119181,0.0001
regir_sg,1,shuffled_labels,0,id_test,10v10_K3,1020,0.4842573891427684,0.765686274509804,0.0001
regir_sg,1,shuffled_labels,0,ood_explore,30v30_K12,5674,0.5397700638697037,0.6046880507578428,0.0001
regir_sg,1,shuffled_labels,0,ood_explore,30v30_K2,5548,0.5116276334948755,0.6339221341023792,0.0001
regir_sg,1,shuffled_labels,0,ood_explore,50v50_K2,8590,0.5535583982639944,0.5706635622817229,0.0001
regir_sg,1,shuffled_labels,0,ood_confirm,30v30_K12,5692,0.5439471750735223,0.6394940267041461,0.0001
regir_sg,1,shuffled_labels,0,ood_confirm,30v30_K2,5534,0.5425244644190995,0.6261293820021684,0.0001
regir_sg,1,shuffled_labels,0,ood_confirm,50v50_K2,8722,0.529778879815323,0.5843843155239624,0.0001
regir_sg,1,shuffled_labels,1,id_train,10v10_K2,2042,0.5344328616399642,0.7433888344760039,10.0
regir_sg,1,shuffled_labels,1,id_train,10v10_K3,2064,0.5104257313297551,0.7737403100775194,10.0
regir_sg,1,shuffled_labels,1,id_val,10v10_K2,1078,0.5484885712158439,0.7551020408163265,10.0
regir_sg,1,shuffled_labels,1,id_val,10v10_K3,1048,0.5506044387548971,0.7223282442748091,10.0
regir_sg,1,shuffled_labels,1,id_test,10v10_K2,1074,0.5578032373717653,0.7337057728119181,10.0
regir_sg,1,shuffled_labels,1,id_test,10v10_K3,1020,0.5276948874685925,0.765686274509804,10.0
regir_sg,1,shuffled_labels,1,ood_explore,30v30_K12,5674,0.5343525721977103,0.6045118082481494,10.0
regir_sg,1,shuffled_labels,1,ood_explore,30v30_K2,5548,0.513579327083602,0.6339221341023792,10.0
regir_sg,1,shuffled_labels,1,ood_explore,50v50_K2,8590,0.555050540839451,0.5707799767171129,10.0
regir_sg,1,shuffled_labels,1,ood_confirm,30v30_K12,5692,0.532638581305222,0.6393183415319748,10.0
regir_sg,1,shuffled_labels,1,ood_confirm,30v30_K2,5534,0.5311507674968284,0.6261293820021684,10.0
regir_sg,1,shuffled_labels,1,ood_confirm,50v50_K2,8722,0.5199478885703376,0.5842696629213483,10.0
regir_sg,1,shuffled_labels,2,id_train,10v10_K2,2042,0.4987918514719046,0.7438785504407444,0.001
regir_sg,1,shuffled_labels,2,id_train,10v10_K3,2064,0.5135284439909412,0.7742248062015504,0.001
regir_sg,1,shuffled_labels,2,id_val,10v10_K2,1078,0.4756300722209813,0.7551020408163265,0.001
regir_sg,1,shuffled_labels,2,id_val,10v10_K3,1048,0.5454021344881904,0.7232824427480916,0.001
regir_sg,1,shuffled_labels,2,id_test,10v10_K2,1074,0.5660963402080154,0.7327746741154563,0.001
regir_sg,1,shuffled_labels,2,id_test,10v10_K3,1020,0.5679876137769944,0.7666666666666667,0.001
regir_sg,1,shuffled_labels,2,ood_explore,30v30_K12,5674,0.5160026348201618,0.6052167782869228,0.001
regir_sg,1,shuffled_labels,2,ood_explore,30v30_K2,5548,0.5168482493486305,0.6344628695025234,0.001
regir_sg,1,shuffled_labels,2,ood_explore,50v50_K2,8590,0.5229796539439578,0.5706635622817229,0.001
regir_sg,1,shuffled_labels,2,ood_confirm,30v30_K12,5692,0.499421820787333,0.6393183415319748,0.001
regir_sg,1,shuffled_labels,2,ood_confirm,30v30_K2,5534,0.5062852511861695,0.6261293820021684,0.001
regir_sg,1,shuffled_labels,2,ood_confirm,50v50_K2,8722,0.5072457681787128,0.5844989681265764,0.001
regir_sg,1,shuffled_labels,3,id_train,10v10_K2,2042,0.4859711452393165,0.7433888344760039,0.0001
regir_sg,1,shuffled_labels,3,id_train,10v10_K3,2064,0.5035069770809562,0.7737403100775194,0.0001
regir_sg,1,shuffled_labels,3,id_val,10v10_K2,1078,0.5042625269897997,0.7541743970315399,0.0001
regir_sg,1,shuffled_labels,3,id_val,10v10_K3,1048,0.5200261477073091,0.7223282442748091,0.0001
regir_sg,1,shuffled_labels,3,id_test,10v10_K2,1074,0.5254206453445032,0.7318435754189944,0.0001
regir_sg,1,shuffled_labels,3,id_test,10v10_K3,1020,0.5158497581150654,0.765686274509804,0.0001
regir_sg,1,shuffled_labels,3,ood_explore,30v30_K12,5674,0.4798797441054344,0.6045118082481494,0.0001
regir_sg,1,shuffled_labels,3,ood_explore,30v30_K2,5548,0.4677505768912815,0.6342826243691421,0.0001
regir_sg,1,shuffled_labels,3,ood_explore,50v50_K2,8590,0.48694330992228346,0.5707799767171129,0.0001
regir_sg,1,shuffled_labels,3,ood_confirm,30v30_K12,5692,0.4623988085987878,0.6400210822206606,0.0001
regir_sg,1,shuffled_labels,3,ood_confirm,30v30_K2,5534,0.48207811736086265,0.6261293820021684,0.0001
regir_sg,1,shuffled_labels,3,ood_confirm,50v50_K2,8722,0.48419182365975366,0.5840403577161202,0.0001
regir_sg,1,shuffled_labels,4,id_train,10v10_K2,2042,0.4715098210783574,0.7433888344760039,0.0001
regir_sg,1,shuffled_labels,4,id_train,10v10_K3,2064,0.5205946910628735,0.7742248062015504,0.0001
regir_sg,1,shuffled_labels,4,id_val,10v10_K2,1078,0.49285700990246445,0.7551020408163265,0.0001
regir_sg,1,shuffled_labels,4,id_val,10v10_K3,1048,0.505604052894633,0.7223282442748091,0.0001
regir_sg,1,shuffled_labels,4,id_test,10v10_K2,1074,0.5105028220510454,0.7337057728119181,0.0001
regir_sg,1,shuffled_labels,4,id_test,10v10_K3,1020,0.49545963494929257,0.765686274509804,0.0001
regir_sg,1,shuffled_labels,4,ood_explore,30v30_K12,5674,0.5048008813915177,0.6046880507578428,0.0001
regir_sg,1,shuffled_labels,4,ood_explore,30v30_K2,5548,0.480849085408749,0.6339221341023792,0.0001
regir_sg,1,shuffled_labels,4,ood_explore,50v50_K2,8590,0.47666918860557134,0.5707799767171129,0.0001
regir_sg,1,shuffled_labels,4,ood_confirm,30v30_K12,5692,0.47406037344795454,0.6394940267041461,0.0001
regir_sg,1,shuffled_labels,4,ood_confirm,30v30_K2,5534,0.48700454800019805,0.6263100831225153,0.0001
regir_sg,1,shuffled_labels,4,ood_confirm,50v50_K2,8722,0.47565793575268794,0.5842696629213483,0.0001
regir_sg,1,random_init,0,id_train,10v10_K2,2042,0.7709483651650927,0.7536728697355534,10.0
regir_sg,1,random_init,0,id_train,10v10_K3,2064,0.7941858329120849,0.7877906976744186,10.0
regir_sg,1,random_init,0,id_val,10v10_K2,1078,0.7275658923386196,0.7560296846011132,10.0
regir_sg,1,random_init,0,id_val,10v10_K3,1048,0.7467077040406379,0.7490458015267175,10.0
regir_sg,1,random_init,0,id_test,10v10_K2,1074,0.7471158283341024,0.7439478584729982,10.0
regir_sg,1,random_init,0,id_test,10v10_K3,1020,0.7668582816794262,0.7647058823529411,10.0
regir_sg,1,random_init,0,ood_explore,30v30_K12,5674,0.7762299725084839,0.6591469862530842,10.0
regir_sg,1,random_init,0,ood_explore,30v30_K2,5548,0.7874196751601247,0.6757390050468637,10.0
regir_sg,1,random_init,0,ood_explore,50v50_K2,8590,0.7861882052363727,0.6189755529685681,10.0
regir_sg,1,random_init,0,ood_confirm,30v30_K12,5692,0.7847929831972648,0.6872803935347856,10.0
regir_sg,1,random_init,0,ood_confirm,30v30_K2,5534,0.7813239764907237,0.6617275027105168,10.0
regir_sg,1,random_init,0,ood_confirm,50v50_K2,8722,0.7910822089029086,0.6263471680807154,10.0
regir_sg,1,random_init,1,id_train,10v10_K2,2042,0.8384915366744109,0.786973555337904,0.0001
regir_sg,1,random_init,1,id_train,10v10_K3,2064,0.8654342523924007,0.8207364341085271,0.0001
regir_sg,1,random_init,1,id_val,10v10_K2,1078,0.8047753331844241,0.774582560296846,0.0001
regir_sg,1,random_init,1,id_val,10v10_K3,1048,0.8087313368469315,0.7566793893129771,0.0001
regir_sg,1,random_init,1,id_test,10v10_K2,1074,0.8259380213694935,0.7746741154562383,0.0001
regir_sg,1,random_init,1,id_test,10v10_K3,1020,0.8350735833793174,0.8009803921568628,0.0001
regir_sg,1,random_init,1,ood_explore,30v30_K12,5674,0.8300256466222853,0.6718364469510045,0.0001
regir_sg,1,random_init,1,ood_explore,30v30_K2,5548,0.8438421134345425,0.7599134823359769,0.0001
regir_sg,1,random_init,1,ood_explore,50v50_K2,8590,0.8413805532787667,0.7146682188591386,0.0001
regir_sg,1,random_init,1,ood_confirm,30v30_K12,5692,0.8320055757919396,0.7011595221363317,0.0001
regir_sg,1,random_init,1,ood_confirm,30v30_K2,5534,0.8381730722958369,0.7448500180701121,0.0001
regir_sg,1,random_init,1,ood_confirm,50v50_K2,8722,0.8473249083671824,0.7337766567301077,0.0001
regir_sg,1,random_init,2,id_train,10v10_K2,2042,0.8519672328998582,0.8001958863858962,0.01
regir_sg,1,random_init,2,id_train,10v10_K3,2064,0.8691926376946068,0.8236434108527132,0.01
regir_sg,1,random_init,2,id_val,10v10_K2,1078,0.8136354329536147,0.7903525046382189,0.01
regir_sg,1,random_init,2,id_val,10v10_K3,1048,0.8132027763780886,0.7652671755725191,0.01
regir_sg,1,random_init,2,id_test,10v10_K2,1074,0.83225213872422,0.7858472998137802,0.01
regir_sg,1,random_init,2,id_test,10v10_K3,1020,0.8513385371184888,0.8058823529411765,0.01
regir_sg,1,random_init,2,ood_explore,30v30_K12,5674,0.8333369711520972,0.6656679591117377,0.01
regir_sg,1,random_init,2,ood_explore,30v30_K2,5548,0.8522798527851008,0.7682047584715213,0.01
regir_sg,1,random_init,2,ood_explore,50v50_K2,8590,0.8567948053922251,0.7254947613504075,0.01
regir_sg,1,random_init,2,ood_confirm,30v30_K12,5692,0.8400829515503354,0.710646521433591,0.01
regir_sg,1,random_init,2,ood_confirm,30v30_K2,5534,0.8472753496436435,0.7573183953740513,0.01
regir_sg,1,random_init,2,ood_confirm,50v50_K2,8722,0.8580613500438573,0.7432928227470763,0.01
regir_sg,1,random_init,3,id_train,10v10_K2,2042,0.8535512777962164,0.796767874632713,0.1
regir_sg,1,random_init,3,id_train,10v10_K3,2064,0.8742905259996326,0.8246124031007752,0.1
regir_sg,1,random_init,3,id_val,10v10_K2,1078,0.815771349862259,0.7866419294990723,0.1
regir_sg,1,random_init,3,id_val,10v10_K3,1048,0.8206385306441143,0.7614503816793893,0.1
regir_sg,1,random_init,3,id_test,10v10_K2,1074,0.840034965034965,0.7849162011173184,0.1
regir_sg,1,random_init,3,id_test,10v10_K3,1020,0.8528921723570789,0.8176470588235294,0.1
regir_sg,1,random_init,3,ood_explore,30v30_K12,5674,0.8418898728322498,0.6577370461755375,0.1
regir_sg,1,random_init,3,ood_explore,30v30_K2,5548,0.8532952486389873,0.7647801009372747,0.1
regir_sg,1,random_init,3,ood_explore,50v50_K2,8590,0.857083398400906,0.7186263096623982,0.1
regir_sg,1,random_init,3,ood_confirm,30v30_K12,5692,0.8448813236803707,0.7059030217849613,0.1
regir_sg,1,random_init,3,ood_confirm,30v30_K2,5534,0.8492371062694891,0.7564148897723166,0.1
regir_sg,1,random_init,3,ood_confirm,50v50_K2,8722,0.8596010108400779,0.7388213712451273,0.1
regir_sg,1,random_init,4,id_train,10v10_K2,2042,0.8519358034376289,0.7997061704211558,1.0
regir_sg,1,random_init,4,id_train,10v10_K3,2064,0.8743401372219592,0.8352713178294574,1.0
regir_sg,1,random_init,4,id_val,10v10_K2,1078,0.8198570471297744,0.7940630797773655,1.0
regir_sg,1,random_init,4,id_val,10v10_K3,1048,0.8186683735308938,0.767175572519084,1.0
regir_sg,1,random_init,4,id_test,10v10_K2,1074,0.8436202122750346,0.7914338919925512,1.0
regir_sg,1,random_init,4,id_test,10v10_K3,1020,0.8549815438848382,0.8186274509803921,1.0
regir_sg,1,random_init,4,ood_explore,30v30_K12,5674,0.8440116306262765,0.6520972858653508,1.0
regir_sg,1,random_init,4,ood_explore,30v30_K2,5548,0.8521423760542974,0.7633381398702235,1.0
regir_sg,1,random_init,4,ood_explore,50v50_K2,8590,0.8582280345012748,0.7185098952270081,1.0
regir_sg,1,random_init,4,ood_confirm,30v30_K12,5692,0.8449486518766831,0.7027406886858749,1.0
regir_sg,1,random_init,4,ood_confirm,30v30_K2,5534,0.8497836195274572,0.7564148897723166,1.0
regir_sg,1,random_init,4,ood_confirm,50v50_K2,8722,0.8607201196486911,0.7438660857601468,1.0
regir_sg,2,trained,0,id_train,10v10_K2,2042,0.762232346699655,0.7502448579823702,100.0
regir_sg,2,trained,0,id_train,10v10_K3,2064,0.7859409840989329,0.7795542635658915,100.0
regir_sg,2,trained,0,id_val,10v10_K2,1078,0.7235825701734793,0.7541743970315399,100.0
regir_sg,2,trained,0,id_val,10v10_K3,1048,0.7466396110528538,0.7299618320610687,100.0
regir_sg,2,trained,0,id_test,10v10_K2,1074,0.7547611018423201,0.7439478584729982,100.0
regir_sg,2,trained,0,id_test,10v10_K3,1020,0.7722585034742498,0.7715686274509804,100.0
regir_sg,2,trained,0,ood_explore,30v30_K12,5674,0.7815207901342355,0.6570320761367642,100.0
regir_sg,2,trained,0,ood_explore,30v30_K2,5548,0.7868440088494696,0.6705118961788031,100.0
regir_sg,2,trained,0,ood_explore,50v50_K2,8590,0.7901306501540795,0.6216530849825378,100.0
regir_sg,2,trained,0,ood_confirm,30v30_K12,5692,0.7849119787569502,0.6781447645818693,100.0
regir_sg,2,trained,0,ood_confirm,30v30_K2,5534,0.7809795810762461,0.6555836646187206,100.0
regir_sg,2,trained,0,ood_confirm,50v50_K2,8722,0.7892381336258887,0.6215317587709241,100.0
regir_sg,2,trained,1,id_train,10v10_K2,2042,0.8423636464210643,0.7904015670910872,1.0
regir_sg,2,trained,1,id_train,10v10_K3,2064,0.8542703865250557,0.8202519379844961,1.0
regir_sg,2,trained,1,id_val,10v10_K2,1078,0.8173348968803514,0.7717996289424861,1.0
regir_sg,2,trained,1,id_val,10v10_K3,1048,0.8226949388751946,0.7461832061068703,1.0
regir_sg,2,trained,1,id_test,10v10_K2,1074,0.8386549998225125,0.7914338919925512,1.0
regir_sg,2,trained,1,id_test,10v10_K3,1020,0.8395201945794202,0.8176470588235294,1.0
regir_sg,2,trained,1,ood_explore,30v30_K12,5674,0.826390556222489,0.6894606979203384,1.0
regir_sg,2,trained,1,ood_explore,30v30_K2,5548,0.8375646627123207,0.7415284787310743,1.0
regir_sg,2,trained,1,ood_explore,50v50_K2,8590,0.8492346864124691,0.7075669383003492,1.0
regir_sg,2,trained,1,ood_confirm,30v30_K12,5692,0.8385191437620292,0.7343640196767393,1.0
regir_sg,2,trained,1,ood_confirm,30v30_K2,5534,0.8381945534192997,0.7287676183592339,1.0
regir_sg,2,trained,1,ood_confirm,50v50_K2,8722,0.8428765604421581,0.7121073148360467,1.0
regir_sg,2,trained,2,id_train,10v10_K2,2042,0.8412950447052671,0.7948090107737512,10.0
regir_sg,2,trained,2,id_train,10v10_K3,2064,0.854735659339849,0.8197674418604651,10.0
regir_sg,2,trained,2,id_val,10v10_K2,1078,0.8169160896433624,0.7764378478664193,10.0
regir_sg,2,trained,2,id_val,10v10_K3,1048,0.8300353629583226,0.7576335877862596,10.0
regir_sg,2,trained,2,id_test,10v10_K2,1074,0.8412951261936034,0.7951582867783985,10.0
regir_sg,2,trained,2,id_test,10v10_K3,1020,0.8522653608987512,0.8127450980392157,10.0
regir_sg,2,trained,2,ood_explore,30v30_K12,5674,0.8236373770287335,0.6714839619316179,10.0
regir_sg,2,trained,2,ood_explore,30v30_K2,5548,0.8410633195142619,0.7287310742609949,10.0
regir_sg,2,trained,2,ood_explore,50v50_K2,8590,0.8520733197727257,0.6935972060535507,10.0
regir_sg,2,trained,2,ood_confirm,30v30_K12,5692,0.8364072068208416,0.7046732255797611,10.0
regir_sg,2,trained,2,ood_confirm,30v30_K2,5534,0.8428071364755754,0.7267799060354174,10.0
regir_sg,2,trained,2,ood_confirm,50v50_K2,8722,0.8452357861978853,0.7014446227929374,10.0
regir_sg,2,trained,3,id_train,10v10_K2,2042,0.8378315179675949,0.7972575905974535,10.0
regir_sg,2,trained,3,id_train,10v10_K3,2064,0.8517710535948694,0.814922480620155,10.0
regir_sg,2,trained,3,id_val,10v10_K2,1078,0.8136400863673591,0.7727272727272727,10.0
regir_sg,2,trained,3,id_val,10v10_K3,1048,0.8289367960887388,0.767175572519084,10.0
regir_sg,2,trained,3,id_test,10v10_K2,1074,0.8361834865641973,0.7998137802607076,10.0
regir_sg,2,trained,3,id_test,10v10_K3,1020,0.848895579639878,0.8156862745098039,10.0
regir_sg,2,trained,3,ood_explore,30v30_K12,5674,0.8234291119045021,0.6744800845964046,10.0
regir_sg,2,trained,3,ood_explore,30v30_K2,5548,0.8358991223188713,0.7217015140591204,10.0
regir_sg,2,trained,3,ood_explore,50v50_K2,8590,0.8428772872323566,0.6827706635622818,10.0
regir_sg,2,trained,3,ood_confirm,30v30_K12,5692,0.8331777289034861,0.7092410400562192,10.0
regir_sg,2,trained,3,ood_confirm,30v30_K2,5534,0.8360963777106841,0.7162992410552945,10.0
regir_sg,2,trained,3,ood_confirm,50v50_K2,8722,0.8354987981445707,0.6884888786975464,10.0
regir_sg,2,trained,4,id_train,10v10_K2,2042,0.8310854981946917,0.7908912830558276,10.0
regir_sg,2,trained,4,id_train,10v10_K3,2064,0.8472604548946834,0.811531007751938,10.0
regir_sg,2,trained,4,id_val,10v10_K2,1078,0.8149709626982354,0.7708719851576994,10.0
regir_sg,2,trained,4,id_val,10v10_K3,1048,0.823516594261123,0.7624045801526718,10.0
regir_sg,2,trained,4,id_test,10v10_K2,1074,0.8446984487593625,0.7942271880819367,10.0
regir_sg,2,trained,4,id_test,10v10_K3,1020,0.8365415008116405,0.8049019607843138,10.0
regir_sg,2,trained,4,ood_explore,30v30_K12,5674,0.824681041247668,0.6776524497708848,10.0
regir_sg,2,trained,4,ood_explore,30v30_K2,5548,0.8285575569012968,0.7116077865897621,10.0
regir_sg,2,trained,4,ood_explore,50v50_K2,8590,0.8378231756283453,0.6718277066356229,10.0
regir_sg,2,trained,4,ood_confirm,30v30_K12,5692,0.8255222586615449,0.7066057624736473,10.0
regir_sg,2,trained,4,ood_confirm,30v30_K2,5534,0.8321654716048142,0.7132273220093964,10.0
regir_sg,2,trained,4,ood_confirm,50v50_K2,8722,0.8323208733194156,0.6771382710387526,10.0
regir_sg,2,shuffled_labels,0,id_train,10v10_K2,2042,0.5741546731838799,0.7433888344760039,100.0
regir_sg,2,shuffled_labels,0,id_train,10v10_K3,2064,0.595747647824682,0.7737403100775194,100.0
regir_sg,2,shuffled_labels,0,id_val,10v10_K2,1078,0.5924214503759958,0.7551020408163265,100.0
regir_sg,2,shuffled_labels,0,id_val,10v10_K3,1048,0.5617353724913409,0.7223282442748091,100.0
regir_sg,2,shuffled_labels,0,id_test,10v10_K2,1074,0.6179759326967449,0.7337057728119181,100.0
regir_sg,2,shuffled_labels,0,id_test,10v10_K3,1020,0.5611087598240642,0.765686274509804,100.0
regir_sg,2,shuffled_labels,0,ood_explore,30v30_K12,5674,0.5933003071358414,0.6045118082481494,100.0
regir_sg,2,shuffled_labels,0,ood_explore,30v30_K2,5548,0.6200584150108911,0.6339221341023792,100.0
regir_sg,2,shuffled_labels,0,ood_explore,50v50_K2,8590,0.5723121864966906,0.5707799767171129,100.0
regir_sg,2,shuffled_labels,0,ood_confirm,30v30_K12,5692,0.5982165122200677,0.6393183415319748,100.0
regir_sg,2,shuffled_labels,0,ood_confirm,30v30_K2,5534,0.5881659932892412,0.6261293820021684,100.0
regir_sg,2,shuffled_labels,0,ood_confirm,50v50_K2,8722,0.5949099950557677,0.5842696629213483,100.0
regir_sg,2,shuffled_labels,1,id_train,10v10_K2,2042,0.626467127296865,0.7433888344760039,100.0
regir_sg,2,shuffled_labels,1,id_train,10v10_K3,2064,0.6356887043291826,0.7737403100775194,100.0
regir_sg,2,shuffled_labels,1,id_val,10v10_K2,1078,0.6241391184573003,0.7551020408163265,100.0
regir_sg,2,shuffled_labels,1,id_val,10v10_K3,1048,0.5531783536931367,0.7223282442748091,100.0
regir_sg,2,shuffled_labels,1,id_test,10v10_K2,1074,0.6481976145681729,0.7337057728119181,100.0
regir_sg,2,shuffled_labels,1,id_test,10v10_K3,1020,0.5855811935133051,0.765686274509804,100.0
regir_sg,2,shuffled_labels,1,ood_explore,30v30_K12,5674,0.6453156587310249,0.6045118082481494,100.0
regir_sg,2,shuffled_labels,1,ood_explore,30v30_K2,5548,0.6602877183580574,0.6339221341023792,100.0
regir_sg,2,shuffled_labels,1,ood_explore,50v50_K2,8590,0.6525098436657872,0.5707799767171129,100.0
regir_sg,2,shuffled_labels,1,ood_confirm,30v30_K12,5692,0.6402467076445076,0.6393183415319748,100.0
regir_sg,2,shuffled_labels,1,ood_confirm,30v30_K2,5534,0.642686758491495,0.6261293820021684,100.0
regir_sg,2,shuffled_labels,1,ood_confirm,50v50_K2,8722,0.6669928546750704,0.5842696629213483,100.0
regir_sg,2,shuffled_labels,2,id_train,10v10_K2,2042,0.5900780959277474,0.7433888344760039,100.0
regir_sg,2,shuffled_labels,2,id_train,10v10_K3,2064,0.5794563950876844,0.7737403100775194,100.0
regir_sg,2,shuffled_labels,2,id_val,10v10_K2,1078,0.5513225001861366,0.7551020408163265,100.0
regir_sg,2,shuffled_labels,2,id_val,10v10_K3,1048,0.5053135228134207,0.7223282442748091,100.0
regir_sg,2,shuffled_labels,2,id_test,10v10_K2,1074,0.5749174683184836,0.7337057728119181,100.0
regir_sg,2,shuffled_labels,2,id_test,10v10_K3,1020,0.5507261905399686,0.765686274509804,100.0
regir_sg,2,shuffled_labels,2,ood_explore,30v30_K12,5674,0.5917561829926776,0.6045118082481494,100.0
regir_sg,2,shuffled_labels,2,ood_explore,30v30_K2,5548,0.6068819283477439,0.6339221341023792,100.0
regir_sg,2,shuffled_labels,2,ood_explore,50v50_K2,8590,0.6044331360091775,0.5707799767171129,100.0
regir_sg,2,shuffled_labels,2,ood_confirm,30v30_K12,5692,0.5941611596083828,0.6393183415319748,100.0
regir_sg,2,shuffled_labels,2,ood_confirm,30v30_K2,5534,0.5943773856775306,0.6261293820021684,100.0
regir_sg,2,shuffled_labels,2,ood_confirm,50v50_K2,8722,0.6042086803748611,0.5842696629213483,100.0
regir_sg,2,shuffled_labels,3,id_train,10v10_K2,2042,0.5527725814400225,0.7438785504407444,1.0
regir_sg,2,shuffled_labels,3,id_train,10v10_K3,2064,0.5607341924566807,0.7742248062015504,1.0
regir_sg,2,shuffled_labels,3,id_val,10v10_K2,1078,0.5569252103343012,0.7560296846011132,1.0
regir_sg,2,shuffled_labels,3,id_val,10v10_K3,1048,0.5036974492366776,0.7232824427480916,1.0
regir_sg,2,shuffled_labels,3,id_test,10v10_K2,1074,0.5278300379823222,0.7346368715083799,1.0
regir_sg,2,shuffled_labels,3,id_test,10v10_K3,1020,0.5017491789841368,0.7647058823529411,1.0
regir_sg,2,shuffled_labels,3,ood_explore,30v30_K12,5674,0.5804224287117444,0.6052167782869228,1.0
regir_sg,2,shuffled_labels,3,ood_explore,30v30_K2,5548,0.5631699278191165,0.6341023792357606,1.0
regir_sg,2,shuffled_labels,3,ood_explore,50v50_K2,8590,0.5547864536200832,0.5711292200232829,1.0
regir_sg,2,shuffled_labels,3,ood_confirm,30v30_K12,5692,0.5843979018767166,0.6393183415319748,1.0
regir_sg,2,shuffled_labels,3,ood_confirm,30v30_K2,5534,0.5489051950144265,0.6263100831225153,1.0
regir_sg,2,shuffled_labels,3,ood_confirm,50v50_K2,8722,0.553771016234573,0.5843843155239624,1.0
regir_sg,2,shuffled_labels,4,id_train,10v10_K2,2042,0.5335402649126513,0.742409402546523,1.0
regir_sg,2,shuffled_labels,4,id_train,10v10_K3,2064,0.5610157696644806,0.7732558139534884,1.0
regir_sg,2,shuffled_labels,4,id_val,10v10_K2,1078,0.5578140123594669,0.7551020408163265,1.0
regir_sg,2,shuffled_labels,4,id_val,10v10_K3,1048,0.4889303499525619,0.7213740458015268,1.0
regir_sg,2,shuffled_labels,4,id_test,10v10_K2,1074,0.5376495332079089,0.7346368715083799,1.0
regir_sg,2,shuffled_labels,4,id_test,10v10_K3,1020,0.49933836568287626,0.7647058823529411,1.0
regir_sg,2,shuffled_labels,4,ood_explore,30v30_K12,5674,0.5694521964630008,0.6045118082481494,1.0
regir_sg,2,shuffled_labels,4,ood_explore,30v30_K2,5548,0.5495619714163197,0.6337418889689979,1.0
regir_sg,2,shuffled_labels,4,ood_explore,50v50_K2,8590,0.5353661411087602,0.5708963911525029,1.0
regir_sg,2,shuffled_labels,4,ood_confirm,30v30_K12,5692,0.5714253780719158,0.6394940267041461,1.0
regir_sg,2,shuffled_labels,4,ood_confirm,30v30_K2,5534,0.5345173059044495,0.6266714853632093,1.0
regir_sg,2,shuffled_labels,4,ood_confirm,50v50_K2,8722,0.5319363531827088,0.5842696629213483,1.0
regir_sg,2,random_init,0,id_train,10v10_K2,2042,0.7637547898500437,0.7507345739471106,100.0
regir_sg,2,random_init,0,id_train,10v10_K3,2064,0.7878610724873591,0.7868217054263565,100.0
regir_sg,2,random_init,0,id_val,10v10_K2,1078,0.724415531233713,0.7532467532467533,100.0
regir_sg,2,random_init,0,id_val,10v10_K3,1048,0.748164893979218,0.7404580152671756,100.0
regir_sg,2,random_init,0,id_test,10v10_K2,1074,0.7556307905292677,0.7420856610800745,100.0
regir_sg,2,random_init,0,id_test,10v10_K3,1020,0.7751139778955207,0.7745098039215687,100.0
regir_sg,2,random_init,0,ood_explore,30v30_K12,5674,0.7778286639331057,0.6565033486076842,100.0
regir_sg,2,random_init,0,ood_explore,30v30_K2,5548,0.7857871739810027,0.6791636625811103,100.0
regir_sg,2,random_init,0,ood_explore,50v50_K2,8590,0.7860868076927822,0.620023282887078,100.0
regir_sg,2,random_init,0,ood_confirm,30v30_K12,5692,0.7833331794020694,0.6832396345748419,100.0
regir_sg,2,random_init,0,ood_confirm,30v30_K2,5534,0.7792253823186641,0.6613661004698229,100.0
regir_sg,2,random_init,0,ood_confirm,50v50_K2,8722,0.7880422853090492,0.625659252465031,100.0
regir_sg,2,random_init,1,id_train,10v10_K2,2042,0.833933007472669,0.797747306562194,1.0
regir_sg,2,random_init,1,id_train,10v10_K3,2064,0.8525058360228426,0.813468992248062,1.0
regir_sg,2,random_init,1,id_val,10v10_K2,1078,0.7926578437942075,0.7773654916512059,1.0
regir_sg,2,random_init,1,id_val,10v10_K3,1048,0.8019220380685197,0.7576335877862596,1.0
regir_sg,2,random_init,1,id_test,10v10_K2,1074,0.8061881012388626,0.7774674115456238,1.0
regir_sg,2,random_init,1,id_test,10v10_K3,1020,0.8321377485146711,0.7862745098039216,1.0
regir_sg,2,random_init,1,ood_explore,30v30_K12,5674,0.8282181703850371,0.6760662671836447,1.0
regir_sg,2,random_init,1,ood_explore,30v30_K2,5548,0.8368116206196616,0.7431506849315068,1.0
regir_sg,2,random_init,1,ood_explore,50v50_K2,8590,0.8401455831965738,0.6939464493597206,1.0
regir_sg,2,random_init,1,ood_confirm,30v30_K12,5692,0.8286517481839791,0.7053759662684469,1.0
regir_sg,2,random_init,1,ood_confirm,30v30_K2,5534,0.8368999670111318,0.7414166967835201,1.0
regir_sg,2,random_init,1,ood_confirm,50v50_K2,8722,0.8432539802802194,0.7101582205916074,1.0
regir_sg,2,random_init,2,id_train,10v10_K2,2042,0.8477745426384656,0.8090107737512243,0.01
regir_sg,2,random_init,2,id_train,10v10_K3,2064,0.8633961697454676,0.8221899224806202,0.01
regir_sg,2,random_init,2,id_val,10v10_K2,1078,0.8103315091951455,0.7866419294990723,0.01
regir_sg,2,random_init,2,id_val,10v10_K3,1048,0.8024123075805654,0.7633587786259542,0.01
regir_sg,2,random_init,2,id_test,10v10_K2,1074,0.8195884065173406,0.7858472998137802,0.01
regir_sg,2,random_init,2,id_test,10v10_K3,1020,0.8514349696505392,0.8049019607843138,0.01
regir_sg,2,random_init,2,ood_explore,30v30_K12,5674,0.8330376306366702,0.6624955939372577,0.01
regir_sg,2,random_init,2,ood_explore,30v30_K2,5548,0.8447310922946253,0.7590122566690699,0.01
regir_sg,2,random_init,2,ood_explore,50v50_K2,8590,0.8467364788477699,0.7102444703143189,0.01
regir_sg,2,random_init,2,ood_confirm,30v30_K12,5692,0.8320664790311486,0.7041461700632466,0.01
regir_sg,2,random_init,2,ood_confirm,30v30_K2,5534,0.8438193995468041,0.7524394651246837,0.01
regir_sg,2,random_init,2,ood_confirm,50v50_K2,8722,0.8492328430375078,0.731254299472598,0.01
regir_sg,2,random_init,3,id_train,10v10_K2,2042,0.8449986925343712,0.8070519098922625,10.0
regir_sg,2,random_init,3,id_train,10v10_K3,2064,0.8601700994503881,0.8270348837209303,10.0
regir_sg,2,random_init,3,id_val,10v10_K2,1078,0.8179538009083464,0.7912801484230055,10.0
regir_sg,2,random_init,3,id_val,10v10_K3,1048,0.8036561394907552,0.7519083969465649,10.0
regir_sg,2,random_init,3,id_test,10v10_K2,1074,0.825494302651663,0.7839851024208566,10.0
regir_sg,2,random_init,3,id_test,10v10_K3,1020,0.8491420183328958,0.803921568627451,10.0
regir_sg,2,random_init,3,ood_explore,30v30_K12,5674,0.8396339055102561,0.6656679591117377,10.0
regir_sg,2,random_init,3,ood_explore,30v30_K2,5548,0.8479693552887312,0.7440519105984138,10.0
regir_sg,2,random_init,3,ood_explore,50v50_K2,8590,0.8476353379234944,0.6980209545983702,10.0
regir_sg,2,random_init,3,ood_confirm,30v30_K12,5692,0.8432294404384391,0.7041461700632466,10.0
regir_sg,2,random_init,3,ood_confirm,30v30_K2,5534,0.8490262006936729,0.7434044091073365,10.0
regir_sg,2,random_init,3,ood_confirm,50v50_K2,8722,0.8541259337542136,0.7158908507223114,10.0
regir_sg,2,random_init,4,id_train,10v10_K2,2042,0.8465311931126733,0.8095004897159648,10.0
regir_sg,2,random_init,4,id_train,10v10_K3,2064,0.8623516523889144,0.8255813953488372,10.0
regir_sg,2,random_init,4,id_val,10v10_K2,1078,0.8196569503387685,0.7847866419294991,10.0
regir_sg,2,random_init,4,id_val,10v10_K3,1048,0.8111236704844135,0.7566793893129771,10.0
regir_sg,2,random_init,4,id_test,10v10_K2,1074,0.8267455894359448,0.7867783985102421,10.0
regir_sg,2,random_init,4,id_test,10v10_K3,1020,0.8490938020668706,0.8019607843137255,10.0
regir_sg,2,random_init,4,ood_explore,30v30_K12,5674,0.8405165962488892,0.6654917166020444,10.0
regir_sg,2,random_init,4,ood_explore,30v30_K2,5548,0.8484697033904534,0.7456741167988464,10.0
regir_sg,2,random_init,4,ood_explore,50v50_K2,8590,0.8482967176458998,0.70023282887078,10.0
regir_sg,2,random_init,4,ood_confirm,30v30_K12,5692,0.8466940985564326,0.7053759662684469,10.0
regir_sg,2,random_init,4,ood_confirm,30v30_K2,5534,0.8495834545133724,0.7441272135887242,10.0
regir_sg,2,random_init,4,ood_confirm,50v50_K2,8722,0.8544220140430053,0.7170373767484521,10.0
regir_sg,0,trained,0,id_train,10v10_K2,2042,0.7633399209486166,0.7497551420176298,10.0
regir_sg,0,trained,0,id_train,10v10_K3,2064,0.7918554463065786,0.7843992248062015,10.0
regir_sg,0,trained,0,id_val,10v10_K2,1078,0.7274774774774775,0.7504638218923934,10.0
regir_sg,0,trained,0,id_val,10v10_K3,1048,0.752028036152837,0.7395038167938931,10.0
regir_sg,0,trained,0,id_test,10v10_K2,1074,0.7568732029391928,0.750465549348231,10.0
regir_sg,0,trained,0,id_test,10v10_K3,1020,0.7749157554685282,0.7686274509803922,10.0
regir_sg,0,trained,0,ood_explore,30v30_K12,5674,0.7796300338317145,0.6565033486076842,10.0
regir_sg,0,trained,0,ood_explore,30v30_K2,5548,0.7875159928696895,0.6771809661139149,10.0
regir_sg,0,trained,0,ood_explore,50v50_K2,8590,0.7887602620758638,0.6189755529685681,10.0
regir_sg,0,trained,0,ood_confirm,30v30_K12,5692,0.7875836900857691,0.682888264230499,10.0
regir_sg,0,trained,0,ood_confirm,30v30_K2,5534,0.7809984119312298,0.661004698229129,10.0
regir_sg,0,trained,0,ood_confirm,50v50_K2,8722,0.7894448648821827,0.6238248108232057,10.0
regir_sg,0,trained,1,id_train,10v10_K2,2042,0.8520590069295678,0.797747306562194,1.0
regir_sg,0,trained,1,id_train,10v10_K3,2064,0.8885115158373771,0.8343023255813954,1.0
regir_sg,0,trained,1,id_val,10v10_K2,1078,0.8422167001712456,0.7949907235621522,1.0
regir_sg,0,trained,1,id_val,10v10_K3,1048,0.8214828836926373,0.767175572519084,1.0
regir_sg,0,trained,1,id_test,10v10_K2,1074,0.8507108373859643,0.7942271880819367,1.0
regir_sg,0,trained,1,id_test,10v10_K3,1020,0.859808527850251,0.8176470588235294,1.0
regir_sg,0,trained,1,ood_explore,30v30_K12,5674,0.8445495081149342,0.688755727881565,1.0
regir_sg,0,trained,1,ood_explore,30v30_K2,5548,0.862689585241663,0.7577505407354002,1.0
regir_sg,0,trained,1,ood_explore,50v50_K2,8590,0.8659428773923362,0.7011641443538998,1.0
regir_sg,0,trained,1,ood_confirm,30v30_K12,5692,0.8482212305479404,0.7203092059030218,1.0
regir_sg,0,trained,1,ood_confirm,30v30_K2,5534,0.8514962509162606,0.7356342609324178,1.0
regir_sg,0,trained,1,ood_confirm,50v50_K2,8722,0.8654948540152622,0.7220820912634717,1.0
regir_sg,0,trained,2,id_train,10v10_K2,2042,0.8530974363616248,0.7952987267384917,1.0
regir_sg,0,trained,2,id_train,10v10_K3,2064,0.8864841599412174,0.8406007751937985,1.0
regir_sg,0,trained,2,id_val,10v10_K2,1078,0.8386382250018614,0.7912801484230055,1.0
regir_sg,0,trained,2,id_val,10v10_K3,1048,0.8368128850091018,0.7786259541984732,1.0
regir_sg,0,trained,2,id_test,10v10_K2,1074,0.8483103191225019,0.8081936685288641,1.0
regir_sg,0,trained,2,id_test,10v10_K3,1020,0.840838105850776,0.8009803921568628,1.0
regir_sg,0,trained,2,ood_explore,30v30_K12,5674,0.8373108983853281,0.6921043355657385,1.0
regir_sg,0,trained,2,ood_explore,30v30_K2,5548,0.85053129436582,0.7350396539293439,1.0
regir_sg,0,trained,2,ood_explore,50v50_K2,8590,0.8589363790433792,0.6768335273573923,1.0
regir_sg,0,trained,2,ood_confirm,30v30_K12,5692,0.8404118290420644,0.7239985945186226,1.0
regir_sg,0,trained,2,ood_confirm,30v30_K2,5534,0.846262528621156,0.7220816769063968,1.0
regir_sg,0,trained,2,ood_confirm,50v50_K2,8722,0.8586961015896876,0.6861958266452648,1.0
regir_sg,0,trained,3,id_train,10v10_K2,2042,0.8451596113809854,0.7952987267384917,1.0
regir_sg,0,trained,3,id_train,10v10_K3,2064,0.8831950699853446,0.8333333333333334,1.0
regir_sg,0,trained,3,id_val,10v10_K2,1078,0.8297781252326707,0.7857142857142857,1.0
regir_sg,0,trained,3,id_val,10v10_K3,1048,0.817574346193829,0.7643129770992366,1.0
regir_sg,0,trained,3,id_test,10v10_K2,1074,0.838938979801924,0.7886405959031657,1.0
regir_sg,0,trained,3,id_test,10v10_K3,1020,0.8465329826046427,0.807843137254902,1.0
regir_sg,0,trained,3,ood_explore,30v30_K12,5674,0.8369307463245038,0.7021501586182587,1.0
regir_sg,0,trained,3,ood_explore,30v30_K2,5548,0.838874611561737,0.7319754866618601,1.0
regir_sg,0,trained,3,ood_explore,50v50_K2,8590,0.8576010624559636,0.6855646100116415,1.0
regir_sg,0,trained,3,ood_confirm,30v30_K12,5692,0.8423670238005844,0.7312016865776528,1.0
regir_sg,0,trained,3,ood_confirm,30v30_K2,5534,0.8454712142484013,0.7271413082761113,1.0
regir_sg,0,trained,3,ood_confirm,50v50_K2,8722,0.8511606931796436,0.686539784453107,1.0
regir_sg,0,trained,4,id_train,10v10_K2,2042,0.84620181234851,0.7908912830558276,1.0
regir_sg,0,trained,4,id_train,10v10_K3,2064,0.8773758076908121,0.8309108527131783,1.0
regir_sg,0,trained,4,id_val,10v10_K2,1078,0.8232633459906187,0.787569573283859,1.0
regir_sg,0,trained,4,id_val,10v10_K3,1048,0.8079686953837494,0.7595419847328244,1.0
regir_sg,0,trained,4,id_test,10v10_K2,1074,0.8405230556245785,0.7877094972067039,1.0
regir_sg,0,trained,4,id_test,10v10_K3,1020,0.8413095537852447,0.8,1.0
regir_sg,0,trained,4,ood_explore,30v30_K12,5674,0.8404389028338608,0.7012689460697921,1.0
regir_sg,0,trained,4,ood_explore,30v30_K2,5548,0.8338977299119827,0.7271088680605624,1.0
regir_sg,0,trained,4,ood_explore,50v50_K2,8590,0.8572295480518423,0.6824214202561117,1.0
regir_sg,0,trained,4,ood_confirm,30v30_K12,5692,0.8392133068357394,0.7262825017568517,1.0
regir_sg,0,trained,4,ood_confirm,30v30_K2,5534,0.8403185343736335,0.7260571015540296,1.0
regir_sg,0,trained,4,ood_confirm,50v50_K2,8722,0.849042888401489,0.6918138041733547,1.0
regir_sg,0,shuffled_labels,0,id_train,10v10_K2,2042,0.5842875318066157,0.7433888344760039,100.0
regir_sg,0,shuffled_labels,0,id_train,10v10_K3,2064,0.6106698989942331,0.7737403100775194,100.0
regir_sg,0,shuffled_labels,0,id_val,10v10_K2,1078,0.5641007743280471,0.7551020408163265,100.0
regir_sg,0,shuffled_labels,0,id_val,10v10_K3,1048,0.5510129966816018,0.7223282442748091,100.0
regir_sg,0,shuffled_labels,0,id_test,10v10_K2,1074,0.651951474921018,0.7337057728119181,100.0
regir_sg,0,shuffled_labels,0,id_test,10v10_K3,1020,0.5951815878152138,0.765686274509804,100.0
regir_sg,0,shuffled_labels,0,ood_explore,30v30_K12,5674,0.6111079496733759,0.6045118082481494,100.0
regir_sg,0,shuffled_labels,0,ood_explore,30v30_K2,5548,0.6174011382009336,0.6339221341023792,100.0
regir_sg,0,shuffled_labels,0,ood_explore,50v50_K2,8590,0.6010338566564002,0.5707799767171129,100.0
regir_sg,0,shuffled_labels,0,ood_confirm,30v30_K12,5692,0.6245210897209119,0.6393183415319748,100.0
regir_sg,0,shuffled_labels,0,ood_confirm,30v30_K2,5534,0.6118355410767203,0.6261293820021684,100.0
regir_sg,0,shuffled_labels,0,ood_confirm,50v50_K2,8722,0.6216019767404607,0.5842696629213483,100.0
regir_sg,0,shuffled_labels,1,id_train,10v10_K2,2042,0.600796799726438,0.7433888344760039,100.0
regir_sg,0,shuffled_labels,1,id_train,10v10_K3,2064,0.6381250175985755,0.7737403100775194,100.0
regir_sg,0,shuffled_labels,1,id_val,10v10_K2,1078,0.6010349192167374,0.7551020408163265,100.0
regir_sg,0,shuffled_labels,1,id_val,10v10_K3,1048,0.5608819403777799,0.7223282442748091,100.0
regir_sg,0,shuffled_labels,1,id_test,10v10_K2,1074,0.6437071811437294,0.7337057728119181,100.0
regir_sg,0,shuffled_labels,1,id_test,10v10_K3,1020,0.6234470344317713,0.765686274509804,100.0
regir_sg,0,shuffled_labels,1,ood_explore,30v30_K12,5674,0.6080185320881599,0.6045118082481494,100.0
regir_sg,0,shuffled_labels,1,ood_explore,30v30_K2,5548,0.6340946212299071,0.6339221341023792,100.0
regir_sg,0,shuffled_labels,1,ood_explore,50v50_K2,8590,0.6121026736148047,0.5707799767171129,100.0
regir_sg,0,shuffled_labels,1,ood_confirm,30v30_K12,5692,0.6397752764170477,0.6393183415319748,100.0
regir_sg,0,shuffled_labels,1,ood_confirm,30v30_K2,5534,0.6036915450158563,0.6261293820021684,100.0
regir_sg,0,shuffled_labels,1,ood_confirm,50v50_K2,8722,0.6260075172247184,0.5842696629213483,100.0
regir_sg,0,shuffled_labels,2,id_train,10v10_K2,2042,0.6084417021191001,0.7433888344760039,100.0
regir_sg,0,shuffled_labels,2,id_train,10v10_K3,2064,0.6449660029042678,0.7737403100775194,100.0
regir_sg,0,shuffled_labels,2,id_val,10v10_K2,1078,0.5749013476286203,0.7551020408163265,100.0
regir_sg,0,shuffled_labels,2,id_val,10v10_K3,1048,0.6372777331390413,0.7223282442748091,100.0
regir_sg,0,shuffled_labels,2,id_test,10v10_K2,1074,0.6849996450250257,0.7337057728119181,100.0
regir_sg,0,shuffled_labels,2,id_test,10v10_K3,1020,0.6225952137319926,0.765686274509804,100.0
regir_sg,0,shuffled_labels,2,ood_explore,30v30_K12,5674,0.6146675553338219,0.6045118082481494,100.0
regir_sg,0,shuffled_labels,2,ood_explore,30v30_K2,5548,0.6064130794969695,0.6339221341023792,100.0
regir_sg,0,shuffled_labels,2,ood_explore,50v50_K2,8590,0.6103690688037927,0.5707799767171129,100.0
regir_sg,0,shuffled_labels,2,ood_confirm,30v30_K12,5692,0.6274602398891588,0.6393183415319748,100.0
regir_sg,0,shuffled_labels,2,ood_confirm,30v30_K2,5534,0.5973317375927333,0.6261293820021684,100.0
regir_sg,0,shuffled_labels,2,ood_confirm,50v50_K2,8722,0.6208619113138063,0.5842696629213483,100.0
regir_sg,0,shuffled_labels,3,id_train,10v10_K2,2042,0.640477124380211,0.7433888344760039,100.0
regir_sg,0,shuffled_labels,3,id_train,10v10_K3,2064,0.649708567589927,0.7737403100775194,100.0
regir_sg,0,shuffled_labels,3,id_val,10v10_K2,1078,0.5961348745439654,0.7551020408163265,100.0
regir_sg,0,shuffled_labels,3,id_val,10v10_K3,1048,0.6353575108835292,0.7223282442748091,100.0
regir_sg,0,shuffled_labels,3,id_test,10v10_K2,1074,0.704434524865997,0.7337057728119181,100.0
regir_sg,0,shuffled_labels,3,id_test,10v10_K3,1020,0.643928232766703,0.765686274509804,100.0
regir_sg,0,shuffled_labels,3,ood_explore,30v30_K12,5674,0.6553829323937367,0.6045118082481494,100.0
regir_sg,0,shuffled_labels,3,ood_explore,30v30_K2,5548,0.6400061206544508,0.6339221341023792,100.0
regir_sg,0,shuffled_labels,3,ood_explore,50v50_K2,8590,0.6552274416603175,0.5707799767171129,100.0
regir_sg,0,shuffled_labels,3,ood_confirm,30v30_K12,5692,0.6449370601832425,0.6393183415319748,100.0
regir_sg,0,shuffled_labels,3,ood_confirm,30v30_K2,5534,0.6298047798289461,0.6261293820021684,100.0
regir_sg,0,shuffled_labels,3,ood_confirm,50v50_K2,8722,0.6547616161318786,0.5842696629213483,100.0
regir_sg,0,shuffled_labels,4,id_train,10v10_K2,2042,0.6226050749781251,0.7433888344760039,100.0
regir_sg,0,shuffled_labels,4,id_train,10v10_K3,2064,0.636768083625749,0.7737403100775194,100.0
regir_sg,0,shuffled_labels,4,id_val,10v10_K2,1078,0.6034686546050182,0.7551020408163265,100.0
regir_sg,0,shuffled_labels,4,id_val,10v10_K3,1048,0.6254204741995669,0.7223282442748091,100.0
regir_sg,0,shuffled_labels,4,id_test,10v10_K2,1074,0.7020473181640694,0.7337057728119181,100.0
regir_sg,0,shuffled_labels,4,id_test,10v10_K3,1020,0.6313920036001479,0.765686274509804,100.0
regir_sg,0,shuffled_labels,4,ood_explore,30v30_K12,5674,0.6538663517354993,0.6045118082481494,100.0
regir_sg,0,shuffled_labels,4,ood_explore,30v30_K2,5548,0.6327696927367067,0.6339221341023792,100.0
regir_sg,0,shuffled_labels,4,ood_explore,50v50_K2,8590,0.6409902972010129,0.5707799767171129,100.0
regir_sg,0,shuffled_labels,4,ood_confirm,30v30_K12,5692,0.6214616054602498,0.6393183415319748,100.0
regir_sg,0,shuffled_labels,4,ood_confirm,30v30_K2,5534,0.6138689944393183,0.6261293820021684,100.0
regir_sg,0,shuffled_labels,4,ood_confirm,50v50_K2,8722,0.6470149305426274,0.5842696629213483,100.0
regir_sg,0,random_init,0,id_train,10v10_K2,2042,0.760518812418912,0.7507345739471106,100.0
regir_sg,0,random_init,0,id_train,10v10_K3,2064,0.7849219427754663,0.7829457364341085,100.0
regir_sg,0,random_init,0,id_val,10v10_K2,1078,0.7312048618866801,0.7662337662337663,100.0
regir_sg,0,random_init,0,id_val,10v10_K3,1048,0.7471934340201646,0.7490458015267175,100.0
regir_sg,0,random_init,0,id_test,10v10_K2,1074,0.7595577011820667,0.7458100558659218,100.0
regir_sg,0,random_init,0,id_test,10v10_K3,1020,0.7773587129471389,0.7764705882352941,100.0
regir_sg,0,random_init,0,ood_explore,30v30_K12,5674,0.7787190200755627,0.6533309834332041,100.0
regir_sg,0,random_init,0,ood_explore,30v30_K2,5548,0.7866158142759365,0.6753785147801009,100.0
regir_sg,0,random_init,0,ood_explore,50v50_K2,8590,0.7814025509586272,0.6157159487776485,100.0
regir_sg,0,random_init,0,ood_confirm,30v30_K12,5692,0.7833468324359141,0.6800773014757554,100.0
regir_sg,0,random_init,0,ood_confirm,30v30_K2,5534,0.7770340287498335,0.6593783881460065,100.0
regir_sg,0,random_init,0,ood_confirm,50v50_K2,8722,0.7786486226719462,0.6163723916532905,100.0
regir_sg,0,random_init,1,id_train,10v10_K2,2042,0.8472955576340907,0.796767874632713,1.0
regir_sg,0,random_init,1,id_train,10v10_K3,2064,0.855904875174142,0.8173449612403101,1.0
regir_sg,0,random_init,1,id_val,10v10_K2,1078,0.8103315091951455,0.7931354359925789,1.0
regir_sg,0,random_init,1,id_val,10v10_K3,1048,0.8144239106256838,0.7585877862595419,1.0
regir_sg,0,random_init,1,id_test,10v10_K2,1074,0.8172988179333357,0.7811918063314711,1.0
regir_sg,0,random_init,1,id_test,10v10_K3,1020,0.8380844213244473,0.7970588235294118,1.0
regir_sg,0,random_init,1,ood_explore,30v30_K12,5674,0.8296878491656403,0.6582657737046176,1.0
regir_sg,0,random_init,1,ood_explore,30v30_K2,5548,0.8315592255216171,0.7516222062004326,1.0
regir_sg,0,random_init,1,ood_explore,50v50_K2,8590,0.8448896384820771,0.709895227008149,1.0
regir_sg,0,random_init,1,ood_confirm,30v30_K12,5692,0.8314243848806303,0.7029163738580464,1.0
regir_sg,0,random_init,1,ood_confirm,30v30_K2,5534,0.8323812592541447,0.7425009035056017,1.0
regir_sg,0,random_init,1,ood_confirm,50v50_K2,8722,0.8461648321342199,0.7272414583811052,1.0
regir_sg,0,random_init,2,id_train,10v10_K2,2042,0.8517937422683522,0.8031341821743389,1.0
regir_sg,0,random_init,2,id_train,10v10_K3,2064,0.8630381644384076,0.8246124031007752,1.0
regir_sg,0,random_init,2,id_val,10v10_K2,1078,0.8221744471744472,0.7884972170686456,1.0
regir_sg,0,random_init,2,id_val,10v10_K3,1048,0.8287052799302728,0.7748091603053435,1.0
regir_sg,0,random_init,2,id_test,10v10_K2,1074,0.8286269567995457,0.7849162011173184,1.0
regir_sg,0,random_init,2,id_test,10v10_K3,1020,0.8483652007136008,0.807843137254902,1.0
regir_sg,0,random_init,2,ood_explore,30v30_K12,5674,0.8277118639663658,0.6547409235107507,1.0
regir_sg,0,random_init,2,ood_explore,30v30_K2,5548,0.8435464404656458,0.7624369142033165,1.0
regir_sg,0,random_init,2,ood_explore,50v50_K2,8590,0.8465045312753339,0.7181606519208382,1.0
regir_sg,0,random_init,2,ood_confirm,30v30_K12,5692,0.8329155103417046,0.7034434293745608,1.0
regir_sg,0,random_init,2,ood_confirm,30v30_K2,5534,0.8389356521787648,0.7546078785688471,1.0
regir_sg,0,random_init,2,ood_confirm,50v50_K2,8722,0.8516658318043158,0.7429488649392341,1.0
regir_sg,0,random_init,3,id_train,10v10_K2,2042,0.8526373090345875,0.8031341821743389,1.0
regir_sg,0,random_init,3,id_train,10v10_K3,2064,0.8632875613938876,0.8260658914728682,1.0
regir_sg,0,random_init,3,id_val,10v10_K2,1078,0.8155759064849974,0.7820037105751392,1.0
regir_sg,0,random_init,3,id_val,10v10_K3,1048,0.8282649452759355,0.7729007633587787,1.0
regir_sg,0,random_init,3,id_test,10v10_K2,1074,0.8273357353306592,0.7895716945996276,1.0
regir_sg,0,random_init,3,id_test,10v10_K3,1020,0.8496884693478483,0.8068627450980392,1.0
regir_sg,0,random_init,3,ood_explore,30v30_K12,5674,0.8324692214548157,0.6570320761367642,1.0
regir_sg,0,random_init,3,ood_explore,30v30_K2,5548,0.8455051338879161,0.7645998558038933,1.0
regir_sg,0,random_init,3,ood_explore,50v50_K2,8590,0.8416917712712603,0.7155995343422584,1.0
regir_sg,0,random_init,3,ood_confirm,30v30_K12,5692,0.8342209813131461,0.7015108924806747,1.0
regir_sg,0,random_init,3,ood_confirm,30v30_K2,5534,0.836995376676382,0.7526201662450307,1.0
regir_sg,0,random_init,3,ood_confirm,50v50_K2,8722,0.8465292636211004,0.7407704654895666,1.0
regir_sg,0,random_init,4,id_train,10v10_K2,2042,0.8531062366110491,0.8031341821743389,1.0
regir_sg,0,random_init,4,id_train,10v10_K3,2064,0.8664841331243405,0.8333333333333334,1.0
regir_sg,0,random_init,4,id_val,10v10_K2,1078,0.8121277269004542,0.7810760667903525,1.0
regir_sg,0,random_init,4,id_val,10v10_K3,1048,0.8266579507642303,0.7719465648854962,1.0
regir_sg,0,random_init,4,id_test,10v10_K2,1074,0.8272691775229847,0.7877094972067039,1.0
regir_sg,0,random_init,4,id_test,10v10_K3,1020,0.850626007853894,0.803921568627451,1.0
regir_sg,0,random_init,4,ood_explore,30v30_K12,5674,0.8348069097768978,0.6565033486076842,1.0
regir_sg,0,random_init,4,ood_explore,30v30_K2,5548,0.8496644349797362,0.7674837779379957,1.0
regir_sg,0,random_init,4,ood_explore,50v50_K2,8590,0.8448532946816739,0.7153667054714785,1.0
regir_sg,0,random_init,4,ood_confirm,30v30_K12,5692,0.8363274302701413,0.6985242445537596,1.0
regir_sg,0,random_init,4,ood_confirm,30v30_K2,5534,0.8392176965400745,0.7605710155402964,1.0
regir_sg,0,random_init,4,ood_confirm,50v50_K2,8722,0.8487884790727356,0.7422609493235497,1.0
regir_untied4_sg,0,trained,0,id_train,10v10_K2,2042,0.7626887024912249,0.7526934378060725,10.0
regir_untied4_sg,0,trained,0,id_train,10v10_K3,2064,0.7879455456496992,0.7810077519379846,10.0
regir_untied4_sg,0,trained,0,id_val,10v10_K2,1078,0.7296925024197751,0.7560296846011132,10.0
regir_untied4_sg,0,trained,0,id_val,10v10_K3,1048,0.7516058596285754,0.7423664122137404,10.0
regir_untied4_sg,0,trained,0,id_test,10v10_K2,1074,0.7538603528451244,0.7476722532588455,10.0
regir_untied4_sg,0,trained,0,id_test,10v10_K3,1020,0.7757515040796319,0.7725490196078432,10.0
regir_untied4_sg,0,trained,0,ood_explore,30v30_K12,5674,0.7812011817714098,0.6596757137821643,10.0
regir_untied4_sg,0,trained,0,ood_explore,30v30_K2,5548,0.7897287802496057,0.6838500360490267,10.0
regir_untied4_sg,0,trained,0,ood_explore,50v50_K2,8590,0.788316779202451,0.6275902211874272,10.0
regir_untied4_sg,0,trained,0,ood_confirm,30v30_K12,5692,0.7859394364803978,0.6878074490513001,10.0
regir_untied4_sg,0,trained,0,ood_confirm,30v30_K2,5534,0.7815298605052109,0.6649801228767618,10.0
regir_untied4_sg,0,trained,0,ood_confirm,50v50_K2,8722,0.7912334690760346,0.6289841779408393,10.0
regir_untied4_sg,0,trained,1,id_train,10v10_K2,2042,0.8508307435456456,0.7918707149853085,1.0
regir_untied4_sg,0,trained,1,id_train,10v10_K3,2064,0.8811516239630249,0.8275193798449613,1.0
regir_untied4_sg,0,trained,1,id_val,10v10_K2,1078,0.8351807385898296,0.7903525046382189,1.0
regir_untied4_sg,0,trained,1,id_val,10v10_K3,1048,0.8411345199671337,0.7814885496183206,1.0
regir_untied4_sg,0,trained,1,id_test,10v10_K2,1074,0.8546377480387632,0.7998137802607076,1.0
regir_untied4_sg,0,trained,1,id_test,10v10_K3,1020,0.8545636695792863,0.8166666666666667,1.0
regir_untied4_sg,0,trained,1,ood_explore,30v30_K12,5674,0.8566195309292548,0.6727176594994713,1.0
regir_untied4_sg,0,trained,1,ood_explore,30v30_K2,5548,0.8542713054283569,0.761715933669791,1.0
regir_untied4_sg,0,trained,1,ood_explore,50v50_K2,8590,0.8655002796038648,0.7179278230500582,1.0
regir_untied4_sg,0,trained,1,ood_confirm,30v30_K12,5692,0.852472945911097,0.713633169360506,1.0
regir_untied4_sg,0,trained,1,ood_confirm,30v30_K2,5534,0.8606968671734259,0.768341163715215,1.0
regir_untied4_sg,0,trained,1,ood_confirm,50v50_K2,8722,0.8645878882759349,0.7387067186425131,1.0
regir_untied4_sg,0,trained,2,id_train,10v10_K2,2042,0.8476437960755916,0.7982370225269344,10.0
regir_untied4_sg,0,trained,2,id_train,10v10_K3,2064,0.8792570116076852,0.8299418604651163,10.0
regir_untied4_sg,0,trained,2,id_val,10v10_K2,1078,0.8239473978110342,0.7912801484230055,10.0
regir_untied4_sg,0,trained,2,id_val,10v10_K3,1048,0.81641222586898,0.7633587786259542,10.0
regir_untied4_sg,0,trained,2,id_test,10v10_K2,1074,0.8638005395619609,0.8007448789571695,10.0
regir_untied4_sg,0,trained,2,id_test,10v10_K3,1020,0.8414702746719954,0.8049019607843138,10.0
regir_untied4_sg,0,trained,2,ood_explore,30v30_K12,5674,0.8522128331852221,0.6945717307014452,10.0
regir_untied4_sg,0,trained,2,ood_explore,30v30_K2,5548,0.8547888731205971,0.7368421052631579,10.0
regir_untied4_sg,0,trained,2,ood_explore,50v50_K2,8590,0.8701374608827029,0.6821885913853318,10.0
regir_untied4_sg,0,trained,2,ood_confirm,30v30_K12,5692,0.8520727246248662,0.7292691496837667,10.0
regir_untied4_sg,0,trained,2,ood_confirm,30v30_K2,5534,0.8531350932510913,0.7264185037947235,10.0
regir_untied4_sg,0,trained,2,ood_confirm,50v50_K2,8722,0.8656170527526212,0.6863104792478789,10.0
regir_untied4_sg,0,trained,3,id_train,10v10_K2,2042,0.8398807189049472,0.7938295788442703,10.0
regir_untied4_sg,0,trained,3,id_train,10v10_K3,2064,0.8742248246511459,0.8309108527131783,10.0
regir_untied4_sg,0,trained,3,id_val,10v10_K2,1078,0.8098056734420371,0.7782931354359925,10.0
regir_untied4_sg,0,trained,3,id_val,10v10_K3,1048,0.807074407477518,0.7614503816793893,10.0
regir_untied4_sg,0,trained,3,id_test,10v10_K2,1074,0.8693514607220191,0.8081936685288641,10.0
regir_untied4_sg,0,trained,3,id_test,10v10_K3,1020,0.8345539191788234,0.8019607843137255,10.0
regir_untied4_sg,0,trained,3,ood_explore,30v30_K12,5674,0.8476397052327425,0.6943954881917519,10.0
regir_untied4_sg,0,trained,3,ood_explore,30v30_K2,5548,0.8471719342514035,0.7287310742609949,10.0
regir_untied4_sg,0,trained,3,ood_explore,50v50_K2,8590,0.8585365972389444,0.6762514551804424,10.0
regir_untied4_sg,0,trained,3,ood_confirm,30v30_K12,5692,0.8389972676531385,0.721890372452565,10.0
regir_untied4_sg,0,trained,3,ood_confirm,30v30_K2,5534,0.8466330082569812,0.7208167690639682,10.0
regir_untied4_sg,0,trained,3,ood_confirm,50v50_K2,8722,0.8528290468888137,0.6836734693877551,10.0
regir_untied4_sg,0,trained,4,id_train,10v10_K2,2042,0.8361921572177131,0.7908912830558276,10.0
regir_untied4_sg,0,trained,4,id_train,10v10_K3,2064,0.8640947493895809,0.814922480620155,10.0
regir_untied4_sg,0,trained,4,id_val,10v10_K2,1078,0.7979580820489911,0.7801484230055659,10.0
regir_untied4_sg,0,trained,4,id_val,10v10_K3,1048,0.782978568866978,0.7471374045801527,10.0
regir_untied4_sg,0,trained,4,id_test,10v10_K2,1074,0.845159916225906,0.8007448789571695,10.0
regir_untied4_sg,0,trained,4,id_test,10v10_K3,1020,0.8228212944460219,0.7862745098039216,10.0
regir_untied4_sg,0,trained,4,ood_explore,30v30_K12,5674,0.8303560385193038,0.7009164610504054,10.0
regir_untied4_sg,0,trained,4,ood_explore,30v30_K2,5548,0.8401060222787902,0.7222422494592646,10.0
regir_untied4_sg,0,trained,4,ood_explore,50v50_K2,8590,0.8395534613708273,0.6736903376018626,10.0
regir_untied4_sg,0,trained,4,ood_confirm,30v30_K12,5692,0.8240739662478264,0.7241742796907941,10.0
regir_untied4_sg,0,trained,4,ood_confirm,30v30_K2,5534,0.8326154592950147,0.7061799783158655,10.0
regir_untied4_sg,0,trained,4,ood_confirm,50v50_K2,8722,0.8392037253188857,0.6789727126805778,10.0
regir_untied4_sg,0,shuffled_labels,0,id_train,10v10_K2,2042,0.5922404429291253,0.7433888344760039,100.0
regir_untied4_sg,0,shuffled_labels,0,id_train,10v10_K3,2064,0.63055729492799,0.7737403100775194,100.0
regir_untied4_sg,0,shuffled_labels,0,id_val,10v10_K2,1078,0.5666043109224927,0.7551020408163265,100.0
regir_untied4_sg,0,shuffled_labels,0,id_val,10v10_K3,1048,0.5477218356053694,0.7223282442748091,100.0
regir_untied4_sg,0,shuffled_labels,0,id_test,10v10_K2,1074,0.6494755244755245,0.7337057728119181,100.0
regir_untied4_sg,0,shuffled_labels,0,id_test,10v10_K3,1020,0.6072677984988669,0.765686274509804,100.0
regir_untied4_sg,0,shuffled_labels,0,ood_explore,30v30_K12,5674,0.613983385562017,0.6045118082481494,100.0
regir_untied4_sg,0,shuffled_labels,0,ood_explore,30v30_K2,5548,0.6118413104136383,0.6339221341023792,100.0
regir_untied4_sg,0,shuffled_labels,0,ood_explore,50v50_K2,8590,0.5950119046690499,0.5707799767171129,100.0
regir_untied4_sg,0,shuffled_labels,0,ood_confirm,30v30_K12,5692,0.6238154152657248,0.6393183415319748,100.0
regir_untied4_sg,0,shuffled_labels,0,ood_confirm,30v30_K2,5534,0.6115647952284008,0.6261293820021684,100.0
regir_untied4_sg,0,shuffled_labels,0,ood_confirm,50v50_K2,8722,0.6043254131810983,0.5842696629213483,100.0
regir_untied4_sg,0,shuffled_labels,1,id_train,10v10_K2,2042,0.5914484204809463,0.7433888344760039,100.0
regir_untied4_sg,0,shuffled_labels,1,id_train,10v10_K3,2064,0.6276731398138105,0.7737403100775194,100.0
regir_untied4_sg,0,shuffled_labels,1,id_val,10v10_K2,1078,0.6083826595190232,0.7551020408163265,100.0
regir_untied4_sg,0,shuffled_labels,1,id_val,10v10_K3,1048,0.6013019379264324,0.7223282442748091,100.0
regir_untied4_sg,0,shuffled_labels,1,id_test,10v10_K2,1074,0.6776383514962195,0.7337057728119181,100.0
regir_untied4_sg,0,shuffled_labels,1,id_test,10v10_K3,1020,0.63868873185863,0.765686274509804,100.0
regir_untied4_sg,0,shuffled_labels,1,ood_explore,30v30_K12,5674,0.6500600240096038,0.6045118082481494,100.0
regir_untied4_sg,0,shuffled_labels,1,ood_explore,30v30_K2,5548,0.6475980001195571,0.6339221341023792,100.0
regir_untied4_sg,0,shuffled_labels,1,ood_explore,50v50_K2,8590,0.6427156596585087,0.5707799767171129,100.0
regir_untied4_sg,0,shuffled_labels,1,ood_confirm,30v30_K12,5692,0.6660119903084877,0.6393183415319748,100.0
regir_untied4_sg,0,shuffled_labels,1,ood_confirm,30v30_K2,5534,0.6383465951373153,0.6261293820021684,100.0
regir_untied4_sg,0,shuffled_labels,1,ood_confirm,50v50_K2,8722,0.6459279679031865,0.5842696629213483,100.0
regir_untied4_sg,0,shuffled_labels,2,id_train,10v10_K2,2042,0.6042012390751189,0.7433888344760039,100.0
regir_untied4_sg,0,shuffled_labels,2,id_train,10v10_K3,2064,0.6387042621403354,0.7737403100775194,100.0
regir_untied4_sg,0,shuffled_labels,2,id_val,10v10_K2,1078,0.5694987342714616,0.7551020408163265,100.0
regir_untied4_sg,0,shuffled_labels,2,id_val,10v10_K3,1048,0.5711730605982196,0.7223282442748091,100.0
regir_untied4_sg,0,shuffled_labels,2,id_test,10v10_K2,1074,0.6900624755954705,0.7337057728119181,100.0
regir_untied4_sg,0,shuffled_labels,2,id_test,10v10_K3,1020,0.6100911287427877,0.765686274509804,100.0
regir_untied4_sg,0,shuffled_labels,2,ood_explore,30v30_K12,5674,0.6144216128009645,0.6045118082481494,100.0
regir_untied4_sg,0,shuffled_labels,2,ood_explore,30v30_K2,5548,0.6734042864460683,0.6339221341023792,100.0
regir_untied4_sg,0,shuffled_labels,2,ood_explore,50v50_K2,8590,0.6636481397920858,0.5707799767171129,100.0
regir_untied4_sg,0,shuffled_labels,2,ood_confirm,30v30_K12,5692,0.6350059504472506,0.6393183415319748,100.0
regir_untied4_sg,0,shuffled_labels,2,ood_confirm,30v30_K2,5534,0.6588012277717449,0.6261293820021684,100.0
regir_untied4_sg,0,shuffled_labels,2,ood_confirm,50v50_K2,8722,0.6825993327451053,0.5842696629213483,100.0
regir_untied4_sg,0,shuffled_labels,3,id_train,10v10_K2,2042,0.6059638033169398,0.7433888344760039,100.0
regir_untied4_sg,0,shuffled_labels,3,id_train,10v10_K3,2064,0.6388799126842487,0.7737403100775194,100.0
regir_untied4_sg,0,shuffled_labels,3,id_val,10v10_K2,1078,0.6012210557665103,0.7551020408163265,100.0
regir_untied4_sg,0,shuffled_labels,3,id_val,10v10_K3,1048,0.6096092824360947,0.7223282442748091,100.0
regir_untied4_sg,0,shuffled_labels,3,id_test,10v10_K2,1074,0.6660395442121331,0.7337057728119181,100.0
regir_untied4_sg,0,shuffled_labels,3,id_test,10v10_K3,1020,0.6006407406018461,0.765686274509804,100.0
regir_untied4_sg,0,shuffled_labels,3,ood_explore,30v30_K12,5674,0.6174157974878263,0.6045118082481494,100.0
regir_untied4_sg,0,shuffled_labels,3,ood_explore,30v30_K2,5548,0.6640008500597856,0.6339221341023792,100.0
regir_untied4_sg,0,shuffled_labels,3,ood_explore,50v50_K2,8590,0.6569783056276853,0.5707799767171129,100.0
regir_untied4_sg,0,shuffled_labels,3,ood_confirm,30v30_K12,5692,0.5928839316775416,0.6393183415319748,100.0
regir_untied4_sg,0,shuffled_labels,3,ood_confirm,30v30_K2,5534,0.6580299996443061,0.6261293820021684,100.0
regir_untied4_sg,0,shuffled_labels,3,ood_confirm,50v50_K2,8722,0.6526760657591562,0.5842696629213483,100.0
regir_untied4_sg,0,shuffled_labels,4,id_train,10v10_K2,2042,0.597690311679691,0.7433888344760039,100.0
regir_untied4_sg,0,shuffled_labels,4,id_train,10v10_K3,2064,0.6267506392473039,0.7737403100775194,100.0
regir_untied4_sg,0,shuffled_labels,4,id_val,10v10_K2,1078,0.5980660412478594,0.7551020408163265,100.0
regir_untied4_sg,0,shuffled_labels,4,id_val,10v10_K3,1048,0.5821178735013868,0.7223282442748091,100.0
regir_untied4_sg,0,shuffled_labels,4,id_test,10v10_K2,1074,0.640503532000994,0.7337057728119181,100.0
regir_untied4_sg,0,shuffled_labels,4,id_test,10v10_K3,1020,0.5903117449466675,0.765686274509804,100.0
regir_untied4_sg,0,shuffled_labels,4,ood_explore,30v30_K12,5674,0.6276229972508484,0.6045118082481494,100.0
regir_untied4_sg,0,shuffled_labels,4,ood_explore,30v30_K2,5548,0.6514165493144572,0.6339221341023792,100.0
regir_untied4_sg,0,shuffled_labels,4,ood_explore,50v50_K2,8590,0.6737340699231487,0.5708963911525029,100.0
regir_untied4_sg,0,shuffled_labels,4,ood_confirm,30v30_K12,5692,0.6154150515596115,0.6393183415319748,100.0
regir_untied4_sg,0,shuffled_labels,4,ood_confirm,30v30_K2,5534,0.6613512045121518,0.6263100831225153,100.0
regir_untied4_sg,0,shuffled_labels,4,ood_confirm,50v50_K2,8722,0.6554513516977074,0.5842696629213483,100.0
regir_untied4_sg,0,random_init,0,id_train,10v10_K2,2042,0.760518812418912,0.7507345739471106,100.0
regir_untied4_sg,0,random_init,0,id_train,10v10_K3,2064,0.7849219427754663,0.7829457364341085,100.0
regir_untied4_sg,0,random_init,0,id_val,10v10_K2,1078,0.7312048618866801,0.7662337662337663,100.0
regir_untied4_sg,0,random_init,0,id_val,10v10_K3,1048,0.7471934340201646,0.7490458015267175,100.0
regir_untied4_sg,0,random_init,0,id_test,10v10_K2,1074,0.7595577011820667,0.7458100558659218,100.0
regir_untied4_sg,0,random_init,0,id_test,10v10_K3,1020,0.7773587129471389,0.7764705882352941,100.0
regir_untied4_sg,0,random_init,0,ood_explore,30v30_K12,5674,0.7787190200755627,0.6533309834332041,100.0
regir_untied4_sg,0,random_init,0,ood_explore,30v30_K2,5548,0.7866158142759365,0.6753785147801009,100.0
regir_untied4_sg,0,random_init,0,ood_explore,50v50_K2,8590,0.7814025509586272,0.6157159487776485,100.0
regir_untied4_sg,0,random_init,0,ood_confirm,30v30_K12,5692,0.7833468324359141,0.6800773014757554,100.0
regir_untied4_sg,0,random_init,0,ood_confirm,30v30_K2,5534,0.7770340287498335,0.6593783881460065,100.0
regir_untied4_sg,0,random_init,0,ood_confirm,50v50_K2,8722,0.7786486226719462,0.6163723916532905,100.0
regir_untied4_sg,0,random_init,1,id_train,10v10_K2,2042,0.8472955576340907,0.796767874632713,1.0
regir_untied4_sg,0,random_init,1,id_train,10v10_K3,2064,0.855904875174142,0.8173449612403101,1.0
regir_untied4_sg,0,random_init,1,id_val,10v10_K2,1078,0.8103315091951455,0.7931354359925789,1.0
regir_untied4_sg,0,random_init,1,id_val,10v10_K3,1048,0.8144239106256838,0.7585877862595419,1.0
regir_untied4_sg,0,random_init,1,id_test,10v10_K2,1074,0.8172988179333357,0.7811918063314711,1.0
regir_untied4_sg,0,random_init,1,id_test,10v10_K3,1020,0.8380844213244473,0.7970588235294118,1.0
regir_untied4_sg,0,random_init,1,ood_explore,30v30_K12,5674,0.8296878491656403,0.6582657737046176,1.0
regir_untied4_sg,0,random_init,1,ood_explore,30v30_K2,5548,0.8315592255216171,0.7516222062004326,1.0
regir_untied4_sg,0,random_init,1,ood_explore,50v50_K2,8590,0.8448896384820771,0.709895227008149,1.0
regir_untied4_sg,0,random_init,1,ood_confirm,30v30_K12,5692,0.8314243848806303,0.7029163738580464,1.0
regir_untied4_sg,0,random_init,1,ood_confirm,30v30_K2,5534,0.8323812592541447,0.7425009035056017,1.0
regir_untied4_sg,0,random_init,1,ood_confirm,50v50_K2,8722,0.8461648321342199,0.7272414583811052,1.0
regir_untied4_sg,0,random_init,2,id_train,10v10_K2,2042,0.8517937422683522,0.8031341821743389,1.0
regir_untied4_sg,0,random_init,2,id_train,10v10_K3,2064,0.8630381644384076,0.8246124031007752,1.0
regir_untied4_sg,0,random_init,2,id_val,10v10_K2,1078,0.8221744471744472,0.7884972170686456,1.0
regir_untied4_sg,0,random_init,2,id_val,10v10_K3,1048,0.8287052799302728,0.7748091603053435,1.0
regir_untied4_sg,0,random_init,2,id_test,10v10_K2,1074,0.8286269567995457,0.7849162011173184,1.0
regir_untied4_sg,0,random_init,2,id_test,10v10_K3,1020,0.8483652007136008,0.807843137254902,1.0
regir_untied4_sg,0,random_init,2,ood_explore,30v30_K12,5674,0.8277118639663658,0.6547409235107507,1.0
regir_untied4_sg,0,random_init,2,ood_explore,30v30_K2,5548,0.8435464404656458,0.7624369142033165,1.0
regir_untied4_sg,0,random_init,2,ood_explore,50v50_K2,8590,0.8465045312753339,0.7181606519208382,1.0
regir_untied4_sg,0,random_init,2,ood_confirm,30v30_K12,5692,0.8329155103417046,0.7034434293745608,1.0
regir_untied4_sg,0,random_init,2,ood_confirm,30v30_K2,5534,0.8389356521787648,0.7546078785688471,1.0
regir_untied4_sg,0,random_init,2,ood_confirm,50v50_K2,8722,0.8516658318043158,0.7429488649392341,1.0
regir_untied4_sg,0,random_init,3,id_train,10v10_K2,2042,0.8526373090345875,0.8031341821743389,1.0
regir_untied4_sg,0,random_init,3,id_train,10v10_K3,2064,0.8632875613938876,0.8260658914728682,1.0
regir_untied4_sg,0,random_init,3,id_val,10v10_K2,1078,0.8155759064849974,0.7820037105751392,1.0
regir_untied4_sg,0,random_init,3,id_val,10v10_K3,1048,0.8282649452759355,0.7729007633587787,1.0
regir_untied4_sg,0,random_init,3,id_test,10v10_K2,1074,0.8273357353306592,0.7895716945996276,1.0
regir_untied4_sg,0,random_init,3,id_test,10v10_K3,1020,0.8496884693478483,0.8068627450980392,1.0
regir_untied4_sg,0,random_init,3,ood_explore,30v30_K12,5674,0.8324692214548157,0.6570320761367642,1.0
regir_untied4_sg,0,random_init,3,ood_explore,30v30_K2,5548,0.8455051338879161,0.7645998558038933,1.0
regir_untied4_sg,0,random_init,3,ood_explore,50v50_K2,8590,0.8416917712712603,0.7155995343422584,1.0
regir_untied4_sg,0,random_init,3,ood_confirm,30v30_K12,5692,0.8342209813131461,0.7015108924806747,1.0
regir_untied4_sg,0,random_init,3,ood_confirm,30v30_K2,5534,0.836995376676382,0.7526201662450307,1.0
regir_untied4_sg,0,random_init,3,ood_confirm,50v50_K2,8722,0.8465292636211004,0.7407704654895666,1.0
regir_untied4_sg,0,random_init,4,id_train,10v10_K2,2042,0.8531062366110491,0.8031341821743389,1.0
regir_untied4_sg,0,random_init,4,id_train,10v10_K3,2064,0.8664841331243405,0.8333333333333334,1.0
regir_untied4_sg,0,random_init,4,id_val,10v10_K2,1078,0.8121277269004542,0.7810760667903525,1.0
regir_untied4_sg,0,random_init,4,id_val,10v10_K3,1048,0.8266579507642303,0.7719465648854962,1.0
regir_untied4_sg,0,random_init,4,id_test,10v10_K2,1074,0.8272691775229847,0.7877094972067039,1.0
regir_untied4_sg,0,random_init,4,id_test,10v10_K3,1020,0.850626007853894,0.803921568627451,1.0
regir_untied4_sg,0,random_init,4,ood_explore,30v30_K12,5674,0.8348069097768978,0.6565033486076842,1.0
regir_untied4_sg,0,random_init,4,ood_explore,30v30_K2,5548,0.8496644349797362,0.7674837779379957,1.0
regir_untied4_sg,0,random_init,4,ood_explore,50v50_K2,8590,0.8448532946816739,0.7153667054714785,1.0
regir_untied4_sg,0,random_init,4,ood_confirm,30v30_K12,5692,0.8363274302701413,0.6985242445537596,1.0
regir_untied4_sg,0,random_init,4,ood_confirm,30v30_K2,5534,0.8392176965400745,0.7605710155402964,1.0
regir_untied4_sg,0,random_init,4,ood_confirm,50v50_K2,8722,0.8487884790727356,0.7422609493235497,1.0
regir_untied4_sg,1,trained,0,id_train,10v10_K2,2042,0.7594363817397339,0.7517140058765915,100.0
regir_untied4_sg,1,trained,0,id_train,10v10_K3,2064,0.7881225370374592,0.7829457364341085,100.0
regir_untied4_sg,1,trained,0,id_val,10v10_K2,1078,0.7291247859429678,0.7606679035250464,100.0
regir_untied4_sg,1,trained,0,id_val,10v10_K3,1048,0.7512154598319465,0.7375954198473282,100.0
regir_untied4_sg,1,trained,0,id_test,10v10_K2,1074,0.7521121010968727,0.750465549348231,100.0
regir_untied4_sg,1,trained,0,id_test,10v10_K3,1020,0.7717495539995393,0.7754901960784314,100.0
regir_untied4_sg,1,trained,0,ood_explore,30v30_K12,5674,0.780904959386352,0.6563271060979908,100.0
regir_untied4_sg,1,trained,0,ood_explore,30v30_K2,5548,0.7876002708655588,0.6759192501802451,100.0
regir_untied4_sg,1,trained,0,ood_explore,50v50_K2,8590,0.7874790463054867,0.619674039580908,100.0
regir_untied4_sg,1,trained,0,ood_confirm,30v30_K12,5692,0.7850914759960256,0.682888264230499,100.0
regir_untied4_sg,1,trained,0,ood_confirm,30v30_K2,5534,0.7799073382446993,0.6597397903867004,100.0
regir_untied4_sg,1,trained,0,ood_confirm,50v50_K2,8722,0.786323331148404,0.6209584957578537,100.0
regir_untied4_sg,1,trained,1,id_train,10v10_K2,2042,0.8360500960484366,0.7889324191968659,0.01
regir_untied4_sg,1,trained,1,id_train,10v10_K3,2064,0.8639633466926075,0.8265503875968992,0.01
regir_untied4_sg,1,trained,1,id_val,10v10_K2,1078,0.818870523415978,0.7884972170686456,0.01
regir_untied4_sg,1,trained,1,id_val,10v10_K3,1048,0.8344477885667334,0.7776717557251909,0.01
regir_untied4_sg,1,trained,1,id_test,10v10_K2,1074,0.8323896915267474,0.7774674115456238,0.01
regir_untied4_sg,1,trained,1,id_test,10v10_K3,1020,0.8511510294172796,0.8088235294117647,0.01
regir_untied4_sg,1,trained,1,ood_explore,30v30_K12,5674,0.8441484385962177,0.6649629890729644,0.01
regir_untied4_sg,1,trained,1,ood_explore,30v30_K2,5548,0.8511822788854081,0.7609949531362653,0.01
regir_untied4_sg,1,trained,1,ood_explore,50v50_K2,8590,0.8643849619421773,0.7147846332945286,0.01
regir_untied4_sg,1,trained,1,ood_confirm,30v30_K12,5692,0.8502781537939305,0.7108222066057625,0.01
regir_untied4_sg,1,trained,1,ood_confirm,30v30_K2,5534,0.8497123412541489,0.7497289483194796,0.01
regir_untied4_sg,1,trained,1,ood_confirm,50v50_K2,8722,0.8601589687595519,0.7360697087823893,0.01
regir_untied4_sg,1,trained,2,id_train,10v10_K2,2042,0.8479279184141447,0.7938295788442703,10.0
regir_untied4_sg,1,trained,2,id_train,10v10_K3,2064,0.878570499558192,0.8304263565891473,10.0
regir_untied4_sg,1,trained,2,id_val,10v10_K2,1078,0.8252457002457002,0.7801484230055659,10.0
regir_untied4_sg,1,trained,2,id_val,10v10_K3,1048,0.8297085166169588,0.7795801526717557,10.0
regir_untied4_sg,1,trained,2,id_test,10v10_K2,1074,0.8611515388165134,0.7988826815642458,10.0
regir_untied4_sg,1,trained,2,id_test,10v10_K3,1020,0.8543225882491602,0.8088235294117647,10.0
regir_untied4_sg,1,trained,2,ood_explore,30v30_K12,5674,0.8457735042068776,0.687169545294325,10.0
regir_untied4_sg,1,trained,2,ood_explore,30v30_K2,5548,0.85926708662868,0.7346791636625811,10.0
regir_untied4_sg,1,trained,2,ood_explore,50v50_K2,8590,0.8708268314163776,0.6814901047729919,10.0
regir_untied4_sg,1,trained,2,ood_confirm,30v30_K12,5692,0.8514033244066586,0.7303232607167955,10.0
regir_untied4_sg,1,trained,2,ood_confirm,30v30_K2,5534,0.8540520861448846,0.7219009757860498,10.0
regir_untied4_sg,1,trained,2,ood_confirm,50v50_K2,8722,0.8680755852767514,0.69364824581518,10.0
regir_untied4_sg,1,trained,3,id_train,10v10_K2,2042,0.8506358808798238,0.8016650342801175,1.0
regir_untied4_sg,1,trained,3,id_train,10v10_K3,2064,0.8748268635382992,0.8309108527131783,1.0
regir_untied4_sg,1,trained,3,id_val,10v10_K2,1078,0.82627875809694,0.7782931354359925,1.0
regir_untied4_sg,1,trained,3,id_val,10v10_K3,1048,0.8331131660061647,0.7795801526717557,1.0
regir_untied4_sg,1,trained,3,id_test,10v10_K2,1074,0.8456790671257677,0.7849162011173184,1.0
regir_untied4_sg,1,trained,3,id_test,10v10_K3,1020,0.8463079733631917,0.8098039215686275,1.0
regir_untied4_sg,1,trained,3,ood_explore,30v30_K12,5674,0.8448589825540606,0.6958054282692986,1.0
regir_untied4_sg,1,trained,3,ood_explore,30v30_K2,5548,0.856092522119824,0.7474765681326604,1.0
regir_untied4_sg,1,trained,3,ood_explore,50v50_K2,8590,0.8663115152703982,0.7,1.0
regir_untied4_sg,1,trained,3,ood_confirm,30v30_K12,5692,0.8463716460218071,0.7359451862262825,1.0
regir_untied4_sg,1,trained,3,ood_confirm,30v30_K2,5534,0.8455397027654157,0.7238886881098663,1.0
regir_untied4_sg,1,trained,3,ood_confirm,50v50_K2,8722,0.8565096209046646,0.7084384315523963,1.0
regir_untied4_sg,1,trained,4,id_train,10v10_K2,2042,0.8462634140944795,0.7943192948090108,10.0
regir_untied4_sg,1,trained,4,id_train,10v10_K3,2064,0.8632567219854143,0.8236434108527132,10.0
regir_untied4_sg,1,trained,4,id_val,10v10_K2,1078,0.8241568014295287,0.7727272727272727,10.0
regir_untied4_sg,1,trained,4,id_val,10v10_K3,1048,0.8245879239355931,0.7690839694656488,10.0
regir_untied4_sg,1,trained,4,id_test,10v10_K2,1074,0.858853075858152,0.7811918063314711,10.0
regir_untied4_sg,1,trained,4,id_test,10v10_K3,1020,0.8477651760697315,0.8088235294117647,10.0
regir_untied4_sg,1,trained,4,ood_explore,30v30_K12,5674,0.840125660653872,0.6854071201973916,10.0
regir_untied4_sg,1,trained,4,ood_explore,30v30_K2,5548,0.8449118279967303,0.732335976928623,10.0
regir_untied4_sg,1,trained,4,ood_explore,50v50_K2,8590,0.8482295065081679,0.6817229336437718,10.0
regir_untied4_sg,1,trained,4,ood_confirm,30v30_K12,5692,0.8385847318657929,0.7247013352073085,10.0
regir_untied4_sg,1,trained,4,ood_confirm,30v30_K2,5534,0.8379353850595996,0.718286953379111,10.0
regir_untied4_sg,1,trained,4,ood_confirm,50v50_K2,8722,0.8447152780243159,0.6923870671864252,10.0
regir_untied4_sg,1,shuffled_labels,0,id_train,10v10_K2,2042,0.5178154763700731,0.7433888344760039,0.0001
regir_untied4_sg,1,shuffled_labels,0,id_train,10v10_K3,2064,0.5353037480608046,0.7737403100775194,0.0001
regir_untied4_sg,1,shuffled_labels,0,id_val,10v10_K2,1078,0.5361337577246669,0.7541743970315399,0.0001
regir_untied4_sg,1,shuffled_labels,0,id_val,10v10_K3,1048,0.49524030015389015,0.7223282442748091,0.0001
regir_untied4_sg,1,shuffled_labels,0,id_test,10v10_K2,1074,0.5386567746973838,0.7337057728119181,0.0001
regir_untied4_sg,1,shuffled_labels,0,id_test,10v10_K3,1020,0.4683942376204737,0.7647058823529411,0.0001
regir_untied4_sg,1,shuffled_labels,0,ood_explore,30v30_K12,5674,0.5240094739194379,0.6043355657384561,0.0001
regir_untied4_sg,1,shuffled_labels,0,ood_explore,30v30_K2,5548,0.47723073145320605,0.6339221341023792,0.0001
regir_untied4_sg,1,shuffled_labels,0,ood_explore,50v50_K2,8590,0.5043107785478201,0.5713620488940628,0.0001
regir_untied4_sg,1,shuffled_labels,0,ood_confirm,30v30_K12,5692,0.5245836928966879,0.6394940267041461,0.0001
regir_untied4_sg,1,shuffled_labels,0,ood_confirm,30v30_K2,5534,0.5080746008730542,0.6263100831225153,0.0001
regir_untied4_sg,1,shuffled_labels,0,ood_confirm,50v50_K2,8722,0.49718986198578036,0.5849575785370328,0.0001
regir_untied4_sg,1,shuffled_labels,1,id_train,10v10_K2,2042,0.51496168119965,0.7438785504407444,1.0
regir_untied4_sg,1,shuffled_labels,1,id_train,10v10_K3,2064,0.5330967190891915,0.7747093023255814,1.0
regir_untied4_sg,1,shuffled_labels,1,id_val,10v10_K2,1078,0.5499218226490954,0.7569573283858998,1.0
regir_untied4_sg,1,shuffled_labels,1,id_val,10v10_K3,1048,0.49487713755237484,0.7213740458015268,1.0
regir_untied4_sg,1,shuffled_labels,1,id_test,10v10_K2,1074,0.5759113982464237,0.7337057728119181,1.0
regir_untied4_sg,1,shuffled_labels,1,id_test,10v10_K3,1020,0.5218285751021917,0.765686274509804,1.0
regir_untied4_sg,1,shuffled_labels,1,ood_explore,30v30_K12,5674,0.5554947953207257,0.6045118082481494,1.0
regir_untied4_sg,1,shuffled_labels,1,ood_explore,30v30_K2,5548,0.5023469741889538,0.6341023792357606,1.0
regir_untied4_sg,1,shuffled_labels,1,ood_explore,50v50_K2,8590,0.5675789735017185,0.5708963911525029,1.0
regir_untied4_sg,1,shuffled_labels,1,ood_confirm,30v30_K12,5692,0.5755613103539389,0.6391426563598033,1.0
regir_untied4_sg,1,shuffled_labels,1,ood_confirm,30v30_K2,5534,0.5544692244547247,0.6261293820021684,1.0
regir_untied4_sg,1,shuffled_labels,1,ood_confirm,50v50_K2,8722,0.5479016344541126,0.5842696629213483,1.0
regir_untied4_sg,1,shuffled_labels,2,id_train,10v10_K2,2042,0.4906076195073872,0.7433888344760039,1.0
regir_untied4_sg,1,shuffled_labels,2,id_train,10v10_K3,2064,0.5053157754301092,0.7732558139534884,1.0
regir_untied4_sg,1,shuffled_labels,2,id_val,10v10_K2,1078,0.4862398555580374,0.7551020408163265,1.0
regir_untied4_sg,1,shuffled_labels,2,id_val,10v10_K3,1048,0.5193996922196952,0.7223282442748091,1.0
regir_untied4_sg,1,shuffled_labels,2,id_test,10v10_K2,1074,0.545419047957119,0.7318435754189944,1.0
regir_untied4_sg,1,shuffled_labels,2,id_test,10v10_K3,1020,0.46466015568496566,0.765686274509804,1.0
regir_untied4_sg,1,shuffled_labels,2,ood_explore,30v30_K12,5674,0.5556521309822631,0.6043355657384561,1.0
regir_untied4_sg,1,shuffled_labels,2,ood_explore,30v30_K2,5548,0.5081237968161118,0.6337418889689979,1.0
regir_untied4_sg,1,shuffled_labels,2,ood_explore,50v50_K2,8590,0.5422871181252618,0.5710128055878929,1.0
regir_untied4_sg,1,shuffled_labels,2,ood_confirm,30v30_K12,5692,0.5237546057238069,0.6396697118763176,1.0
regir_untied4_sg,1,shuffled_labels,2,ood_confirm,30v30_K2,5534,0.522470859251913,0.6261293820021684,1.0
regir_untied4_sg,1,shuffled_labels,2,ood_confirm,50v50_K2,8722,0.5273470275292432,0.583811052510892,1.0
regir_untied4_sg,1,shuffled_labels,3,id_train,10v10_K2,2042,0.4587708314475656,0.7433888344760039,0.0001
regir_untied4_sg,1,shuffled_labels,3,id_train,10v10_K3,2064,0.4854578780609789,0.7732558139534884,0.0001
regir_untied4_sg,1,shuffled_labels,3,id_val,10v10_K2,1078,0.4694922194922195,0.7551020408163265,0.0001
regir_untied4_sg,1,shuffled_labels,3,id_val,10v10_K3,1048,0.5025171707817528,0.7223282442748091,0.0001
regir_untied4_sg,1,shuffled_labels,3,id_test,10v10_K2,1074,0.5392025487203153,0.7327746741154563,0.0001
regir_untied4_sg,1,shuffled_labels,3,id_test,10v10_K3,1020,0.5210946163860302,0.765686274509804,0.0001
regir_untied4_sg,1,shuffled_labels,3,ood_explore,30v30_K12,5674,0.536079236889561,0.6048642932675361,0.0001
regir_untied4_sg,1,shuffled_labels,3,ood_explore,30v30_K2,5548,0.4647575880645558,0.6333813987022351,0.0001
regir_untied4_sg,1,shuffled_labels,3,ood_explore,50v50_K2,8590,0.4863926764531615,0.5706635622817229,0.0001
regir_untied4_sg,1,shuffled_labels,3,ood_confirm,30v30_K12,5692,0.5331120203317767,0.6393183415319748,0.0001
regir_untied4_sg,1,shuffled_labels,3,ood_confirm,30v30_K2,5534,0.5104672353584871,0.6261293820021684,0.0001
regir_untied4_sg,1,shuffled_labels,3,ood_confirm,50v50_K2,8722,0.4848149939257811,0.5840403577161202,0.0001
regir_untied4_sg,1,shuffled_labels,4,id_train,10v10_K2,2042,0.46692489112834284,0.7428991185112634,0.0001
regir_untied4_sg,1,shuffled_labels,4,id_train,10v10_K3,2064,0.49265150529834445,0.7718023255813954,0.0001
regir_untied4_sg,1,shuffled_labels,4,id_val,10v10_K2,1078,0.46134874543965454,0.7532467532467533,0.0001
regir_untied4_sg,1,shuffled_labels,4,id_val,10v10_K3,1048,0.5089269906984979,0.7232824427480916,0.0001
regir_untied4_sg,1,shuffled_labels,4,id_test,10v10_K2,1074,0.5586640516843563,0.7337057728119181,0.0001
regir_untied4_sg,1,shuffled_labels,4,id_test,10v10_K3,1020,0.5426847888395416,0.7637254901960784,0.0001
regir_untied4_sg,1,shuffled_labels,4,ood_explore,30v30_K12,5674,0.5287159019451937,0.6050405357772295,0.0001
regir_untied4_sg,1,shuffled_labels,4,ood_explore,30v30_K2,5548,0.4655306496811506,0.6337418889689979,0.0001
regir_untied4_sg,1,shuffled_labels,4,ood_explore,50v50_K2,8590,0.4871782999742053,0.5707799767171129,0.0001
regir_untied4_sg,1,shuffled_labels,4,ood_confirm,30v30_K12,5692,0.5560036070780005,0.6394940267041461,0.0001
regir_untied4_sg,1,shuffled_labels,4,ood_confirm,30v30_K2,5534,0.5121733108200001,0.6259486808818214,0.0001
regir_untied4_sg,1,shuffled_labels,4,ood_confirm,50v50_K2,8722,0.4788977717184714,0.5841550103187342,0.0001
regir_untied4_sg,1,random_init,0,id_train,10v10_K2,2042,0.7709483651650927,0.7536728697355534,10.0
regir_untied4_sg,1,random_init,0,id_train,10v10_K3,2064,0.7941858329120849,0.7877906976744186,10.0
regir_untied4_sg,1,random_init,0,id_val,10v10_K2,1078,0.7275658923386196,0.7560296846011132,10.0
regir_untied4_sg,1,random_init,0,id_val,10v10_K3,1048,0.7467077040406379,0.7490458015267175,10.0
regir_untied4_sg,1,random_init,0,id_test,10v10_K2,1074,0.7471158283341024,0.7439478584729982,10.0
regir_untied4_sg,1,random_init,0,id_test,10v10_K3,1020,0.7668582816794262,0.7647058823529411,10.0
regir_untied4_sg,1,random_init,0,ood_explore,30v30_K12,5674,0.7762299725084839,0.6591469862530842,10.0
regir_untied4_sg,1,random_init,0,ood_explore,30v30_K2,5548,0.7874196751601247,0.6757390050468637,10.0
regir_untied4_sg,1,random_init,0,ood_explore,50v50_K2,8590,0.7861882052363727,0.6189755529685681,10.0
regir_untied4_sg,1,random_init,0,ood_confirm,30v30_K12,5692,0.7847929831972648,0.6872803935347856,10.0
regir_untied4_sg,1,random_init,0,ood_confirm,30v30_K2,5534,0.7813239764907237,0.6617275027105168,10.0
regir_untied4_sg,1,random_init,0,ood_confirm,50v50_K2,8722,0.7910822089029086,0.6263471680807154,10.0
regir_untied4_sg,1,random_init,1,id_train,10v10_K2,2042,0.8384915366744109,0.786973555337904,0.0001
regir_untied4_sg,1,random_init,1,id_train,10v10_K3,2064,0.8654342523924007,0.8207364341085271,0.0001
regir_untied4_sg,1,random_init,1,id_val,10v10_K2,1078,0.8047753331844241,0.774582560296846,0.0001
regir_untied4_sg,1,random_init,1,id_val,10v10_K3,1048,0.8087313368469315,0.7566793893129771,0.0001
regir_untied4_sg,1,random_init,1,id_test,10v10_K2,1074,0.8259380213694935,0.7746741154562383,0.0001
regir_untied4_sg,1,random_init,1,id_test,10v10_K3,1020,0.8350735833793174,0.8009803921568628,0.0001
regir_untied4_sg,1,random_init,1,ood_explore,30v30_K12,5674,0.8300256466222853,0.6718364469510045,0.0001
regir_untied4_sg,1,random_init,1,ood_explore,30v30_K2,5548,0.8438421134345425,0.7599134823359769,0.0001
regir_untied4_sg,1,random_init,1,ood_explore,50v50_K2,8590,0.8413805532787667,0.7146682188591386,0.0001
regir_untied4_sg,1,random_init,1,ood_confirm,30v30_K12,5692,0.8320055757919396,0.7011595221363317,0.0001
regir_untied4_sg,1,random_init,1,ood_confirm,30v30_K2,5534,0.8381730722958369,0.7448500180701121,0.0001
regir_untied4_sg,1,random_init,1,ood_confirm,50v50_K2,8722,0.8473249083671824,0.7337766567301077,0.0001
regir_untied4_sg,1,random_init,2,id_train,10v10_K2,2042,0.8519672328998582,0.8001958863858962,0.01
regir_untied4_sg,1,random_init,2,id_train,10v10_K3,2064,0.8691926376946068,0.8236434108527132,0.01
regir_untied4_sg,1,random_init,2,id_val,10v10_K2,1078,0.8136354329536147,0.7903525046382189,0.01
regir_untied4_sg,1,random_init,2,id_val,10v10_K3,1048,0.8132027763780886,0.7652671755725191,0.01
regir_untied4_sg,1,random_init,2,id_test,10v10_K2,1074,0.83225213872422,0.7858472998137802,0.01
regir_untied4_sg,1,random_init,2,id_test,10v10_K3,1020,0.8513385371184888,0.8058823529411765,0.01
regir_untied4_sg,1,random_init,2,ood_explore,30v30_K12,5674,0.8333369711520972,0.6656679591117377,0.01
regir_untied4_sg,1,random_init,2,ood_explore,30v30_K2,5548,0.8522798527851008,0.7682047584715213,0.01
regir_untied4_sg,1,random_init,2,ood_explore,50v50_K2,8590,0.8567948053922251,0.7254947613504075,0.01
regir_untied4_sg,1,random_init,2,ood_confirm,30v30_K12,5692,0.8400829515503354,0.710646521433591,0.01
regir_untied4_sg,1,random_init,2,ood_confirm,30v30_K2,5534,0.8472753496436435,0.7573183953740513,0.01
regir_untied4_sg,1,random_init,2,ood_confirm,50v50_K2,8722,0.8580613500438573,0.7432928227470763,0.01
regir_untied4_sg,1,random_init,3,id_train,10v10_K2,2042,0.8535512777962164,0.796767874632713,0.1
regir_untied4_sg,1,random_init,3,id_train,10v10_K3,2064,0.8742905259996326,0.8246124031007752,0.1
regir_untied4_sg,1,random_init,3,id_val,10v10_K2,1078,0.815771349862259,0.7866419294990723,0.1
regir_untied4_sg,1,random_init,3,id_val,10v10_K3,1048,0.8206385306441143,0.7614503816793893,0.1
regir_untied4_sg,1,random_init,3,id_test,10v10_K2,1074,0.840034965034965,0.7849162011173184,0.1
regir_untied4_sg,1,random_init,3,id_test,10v10_K3,1020,0.8528921723570789,0.8176470588235294,0.1
regir_untied4_sg,1,random_init,3,ood_explore,30v30_K12,5674,0.8418898728322498,0.6577370461755375,0.1
regir_untied4_sg,1,random_init,3,ood_explore,30v30_K2,5548,0.8532952486389873,0.7647801009372747,0.1
regir_untied4_sg,1,random_init,3,ood_explore,50v50_K2,8590,0.857083398400906,0.7186263096623982,0.1
regir_untied4_sg,1,random_init,3,ood_confirm,30v30_K12,5692,0.8448813236803707,0.7059030217849613,0.1
regir_untied4_sg,1,random_init,3,ood_confirm,30v30_K2,5534,0.8492371062694891,0.7564148897723166,0.1
regir_untied4_sg,1,random_init,3,ood_confirm,50v50_K2,8722,0.8596010108400779,0.7388213712451273,0.1
regir_untied4_sg,1,random_init,4,id_train,10v10_K2,2042,0.8519358034376289,0.7997061704211558,1.0
regir_untied4_sg,1,random_init,4,id_train,10v10_K3,2064,0.8743401372219592,0.8352713178294574,1.0
regir_untied4_sg,1,random_init,4,id_val,10v10_K2,1078,0.8198570471297744,0.7940630797773655,1.0
regir_untied4_sg,1,random_init,4,id_val,10v10_K3,1048,0.8186683735308938,0.767175572519084,1.0
regir_untied4_sg,1,random_init,4,id_test,10v10_K2,1074,0.8436202122750346,0.7914338919925512,1.0
regir_untied4_sg,1,random_init,4,id_test,10v10_K3,1020,0.8549815438848382,0.8186274509803921,1.0
regir_untied4_sg,1,random_init,4,ood_explore,30v30_K12,5674,0.8440116306262765,0.6520972858653508,1.0
regir_untied4_sg,1,random_init,4,ood_explore,30v30_K2,5548,0.8521423760542974,0.7633381398702235,1.0
regir_untied4_sg,1,random_init,4,ood_explore,50v50_K2,8590,0.8582280345012748,0.7185098952270081,1.0
regir_untied4_sg,1,random_init,4,ood_confirm,30v30_K12,5692,0.8449486518766831,0.7027406886858749,1.0
regir_untied4_sg,1,random_init,4,ood_confirm,30v30_K2,5534,0.8497836195274572,0.7564148897723166,1.0
regir_untied4_sg,1,random_init,4,ood_confirm,50v50_K2,8722,0.8607201196486911,0.7438660857601468,1.0
regir_untied4_sg,2,trained,0,id_train,10v10_K2,2042,0.7624360096149011,0.7536728697355534,100.0
regir_untied4_sg,2,trained,0,id_train,10v10_K3,2064,0.7862426739644328,0.7810077519379846,100.0
regir_untied4_sg,2,trained,0,id_val,10v10_K2,1078,0.727989352989353,0.7597402597402597,100.0
regir_untied4_sg,2,trained,0,id_val,10v10_K3,1048,0.7453413047524365,0.732824427480916,100.0
regir_untied4_sg,2,trained,0,id_test,10v10_K2,1074,0.7516683823790423,0.7523277467411545,100.0
regir_untied4_sg,2,trained,0,id_test,10v10_K3,1020,0.7728853149325776,0.7754901960784314,100.0
regir_untied4_sg,2,trained,0,ood_explore,30v30_K12,5674,0.7815601565301445,0.6520972858653508,100.0
regir_untied4_sg,2,trained,0,ood_explore,30v30_K2,5548,0.7896107630560545,0.6760994953136266,100.0
regir_untied4_sg,2,trained,0,ood_explore,50v50_K2,8590,0.7906602075380361,0.6237485448195577,100.0
regir_untied4_sg,2,trained,0,ood_confirm,30v30_K12,5692,0.7852946652644198,0.6813070976809558,100.0
regir_untied4_sg,2,trained,0,ood_confirm,30v30_K2,5534,0.7817399291541389,0.6599204915070473,100.0
regir_untied4_sg,2,trained,0,ood_confirm,50v50_K2,8722,0.7920212666932783,0.6269204310937858,100.0
regir_untied4_sg,2,trained,1,id_train,10v10_K2,2042,0.8347765742389042,0.8006856023506367,1.0
regir_untied4_sg,2,trained,1,id_train,10v10_K3,2064,0.8516798762132961,0.8173449612403101,1.0
regir_untied4_sg,2,trained,1,id_val,10v10_K2,1078,0.8008199315017497,0.7912801484230055,1.0
regir_untied4_sg,2,trained,1,id_val,10v10_K3,1048,0.8133480414186947,0.7538167938931297,1.0
regir_untied4_sg,2,trained,1,id_test,10v10_K2,1074,0.8247177948954598,0.770949720670391,1.0
regir_untied4_sg,2,trained,1,id_test,10v10_K3,1020,0.8309430565898243,0.7872549019607843,1.0
regir_untied4_sg,2,trained,1,ood_explore,30v30_K12,5674,0.8296373094692422,0.6748325696157913,1.0
regir_untied4_sg,2,trained,1,ood_explore,30v30_K2,5548,0.8297342289200362,0.7415284787310743,1.0
regir_untied4_sg,2,trained,1,ood_explore,50v50_K2,8590,0.8457799232974327,0.70023282887078,1.0
regir_untied4_sg,2,trained,1,ood_confirm,30v30_K12,5692,0.8325136828161979,0.7078355586788475,1.0
regir_untied4_sg,2,trained,1,ood_confirm,30v30_K2,5534,0.84138184998504,0.7408745934224792,1.0
regir_untied4_sg,2,trained,1,ood_confirm,50v50_K2,8722,0.8387249963416145,0.7148589772987847,1.0
regir_untied4_sg,2,trained,2,id_train,10v10_K2,2042,0.8402893019139285,0.791380999020568,10.0
regir_untied4_sg,2,trained,2,id_train,10v10_K3,2064,0.8593226861392949,0.8158914728682171,10.0
regir_untied4_sg,2,trained,2,id_val,10v10_K2,1078,0.8026673367582459,0.787569573283859,10.0
regir_untied4_sg,2,trained,2,id_val,10v10_K3,1048,0.8178149414173328,0.7624045801526718,10.0
regir_untied4_sg,2,trained,2,id_test,10v10_K2,1074,0.8347103404210003,0.7718808193668529,10.0
regir_untied4_sg,2,trained,2,id_test,10v10_K3,1020,0.8329627823999914,0.8098039215686275,10.0
regir_untied4_sg,2,trained,2,ood_explore,30v30_K12,5674,0.8412290890382127,0.6566795911173775,10.0
regir_untied4_sg,2,trained,2,ood_explore,30v30_K2,5548,0.8426977806467763,0.7548666186012978,10.0
regir_untied4_sg,2,trained,2,ood_explore,50v50_K2,8590,0.8543974975108369,0.7268917345750873,10.0
regir_untied4_sg,2,trained,2,ood_confirm,30v30_K12,5692,0.8260659706564177,0.6849964862965565,10.0
regir_untied4_sg,2,trained,2,ood_confirm,30v30_K2,5534,0.8420084292486419,0.7491868449584388,10.0
regir_untied4_sg,2,trained,2,ood_confirm,50v50_K2,8722,0.8552572732601887,0.7348085301536345,10.0
regir_untied4_sg,2,trained,3,id_train,10v10_K2,2042,0.8253502499270836,0.7820763956904995,1.0
regir_untied4_sg,2,trained,3,id_train,10v10_K3,2064,0.852613103530576,0.8076550387596899,1.0
regir_untied4_sg,2,trained,3,id_val,10v10_K2,1078,0.7946681185317549,0.7792207792207793,1.0
regir_untied4_sg,2,trained,3,id_val,10v10_K3,1048,0.8081411976194691,0.7414122137404581,1.0
regir_untied4_sg,2,trained,3,id_test,10v10_K2,1074,0.8253611870363139,0.7867783985102421,1.0
regir_untied4_sg,2,trained,3,id_test,10v10_K3,1020,0.8140405766665416,0.8019607843137255,1.0
regir_untied4_sg,2,trained,3,ood_explore,30v30_K12,5674,0.8187919323573585,0.6602044413112442,1.0
regir_untied4_sg,2,trained,3,ood_explore,30v30_K2,5548,0.8354970518801063,0.7344989185291997,1.0
regir_untied4_sg,2,trained,3,ood_explore,50v50_K2,8590,0.8549201401686894,0.6934807916181607,1.0
regir_untied4_sg,2,trained,3,ood_confirm,30v30_K12,5692,0.7954450266615641,0.6860505973295854,1.0
regir_untied4_sg,2,trained,3,ood_confirm,30v30_K2,5534,0.8416576173946885,0.7256956993133358,1.0
regir_untied4_sg,2,trained,3,ood_confirm,50v50_K2,8722,0.8564743900020868,0.7084384315523963,1.0
regir_untied4_sg,2,trained,4,id_train,10v10_K2,2042,0.8164733126150319,0.7737512242899118,0.001
regir_untied4_sg,2,trained,4,id_train,10v10_K3,2064,0.8472564323631434,0.8076550387596899,0.001
regir_untied4_sg,2,trained,4,id_val,10v10_K2,1078,0.7975625418807237,0.7717996289424861,0.001
regir_untied4_sg,2,trained,4,id_val,10v10_K3,1048,0.8091035785134847,0.7461832061068703,0.001
regir_untied4_sg,2,trained,4,id_test,10v10_K2,1074,0.8134517766497462,0.7737430167597765,0.001
regir_untied4_sg,2,trained,4,id_test,10v10_K3,1020,0.7955041010612935,0.7941176470588235,0.001
regir_untied4_sg,2,trained,4,ood_explore,30v30_K12,5674,0.8168188054442557,0.6686640817765245,0.001
regir_untied4_sg,2,trained,4,ood_explore,30v30_K2,5548,0.8243040380499752,0.7287310742609949,0.001
regir_untied4_sg,2,trained,4,ood_explore,50v50_K2,8590,0.8315926755016951,0.6685681024447031,0.001
regir_untied4_sg,2,trained,4,ood_confirm,30v30_K12,5692,0.7998778455030722,0.6988756148981026,0.001
regir_untied4_sg,2,trained,4,ood_confirm,30v30_K2,5534,0.8238656676549378,0.7166606432959884,0.001
regir_untied4_sg,2,trained,4,ood_confirm,50v50_K2,8722,0.8425056347796872,0.6959412978674616,0.001
regir_untied4_sg,2,shuffled_labels,0,id_train,10v10_K2,2042,0.578539711754116,0.7433888344760039,100.0
regir_untied4_sg,2,shuffled_labels,0,id_train,10v10_K3,2064,0.6053655207368205,0.7737403100775194,100.0
regir_untied4_sg,2,shuffled_labels,0,id_val,10v10_K2,1078,0.5934684684684685,0.7551020408163265,100.0
regir_untied4_sg,2,shuffled_labels,0,id_val,10v10_K3,1048,0.5800569257377876,0.7223282442748091,100.0
regir_untied4_sg,2,shuffled_labels,0,id_test,10v10_K2,1074,0.6292419509424586,0.7337057728119181,100.0
regir_untied4_sg,2,shuffled_labels,0,id_test,10v10_K3,1020,0.5706823673115146,0.765686274509804,100.0
regir_untied4_sg,2,shuffled_labels,0,ood_explore,30v30_K12,5674,0.5930777505807517,0.6045118082481494,100.0
regir_untied4_sg,2,shuffled_labels,0,ood_explore,30v30_K2,5548,0.6239693620085714,0.6339221341023792,100.0
regir_untied4_sg,2,shuffled_labels,0,ood_explore,50v50_K2,8590,0.579866165199666,0.5707799767171129,100.0
regir_untied4_sg,2,shuffled_labels,0,ood_confirm,30v30_K12,5692,0.6004525311453142,0.6393183415319748,100.0
regir_untied4_sg,2,shuffled_labels,0,ood_confirm,30v30_K2,5534,0.6010400211463527,0.6261293820021684,100.0
regir_untied4_sg,2,shuffled_labels,0,ood_confirm,50v50_K2,8722,0.607190859924096,0.5842696629213483,100.0
regir_untied4_sg,2,shuffled_labels,1,id_train,10v10_K2,2042,0.5640695873437327,0.7433888344760039,100.0
regir_untied4_sg,2,shuffled_labels,1,id_train,10v10_K3,2064,0.5939710297278489,0.7737403100775194,100.0
regir_untied4_sg,2,shuffled_labels,1,id_val,10v10_K2,1078,0.5780051745960837,0.7551020408163265,100.0
regir_untied4_sg,2,shuffled_labels,1,id_val,10v10_K3,1048,0.5622120234058297,0.7223282442748091,100.0
regir_untied4_sg,2,shuffled_labels,1,id_test,10v10_K2,1074,0.559303006638032,0.7337057728119181,100.0
regir_untied4_sg,2,shuffled_labels,1,id_test,10v10_K3,1020,0.5678965386078357,0.765686274509804,100.0
regir_untied4_sg,2,shuffled_labels,1,ood_explore,30v30_K12,5674,0.6371488855282372,0.6045118082481494,100.0
regir_untied4_sg,2,shuffled_labels,1,ood_explore,30v30_K2,5548,0.5546754898168521,0.6339221341023792,100.0
regir_untied4_sg,2,shuffled_labels,1,ood_explore,50v50_K2,8590,0.5376986718360053,0.5707799767171129,100.0
regir_untied4_sg,2,shuffled_labels,1,ood_confirm,30v30_K12,5692,0.6337445172026218,0.6393183415319748,100.0
regir_untied4_sg,2,shuffled_labels,1,ood_confirm,30v30_K2,5534,0.5311195222263371,0.6261293820021684,100.0
regir_untied4_sg,2,shuffled_labels,1,ood_confirm,50v50_K2,8722,0.5428648059843395,0.5842696629213483,100.0
regir_untied4_sg,2,shuffled_labels,2,id_train,10v10_K2,2042,0.557886783533979,0.7428991185112634,100.0
regir_untied4_sg,2,shuffled_labels,2,id_train,10v10_K3,2064,0.5633769956784603,0.7737403100775194,100.0
regir_untied4_sg,2,shuffled_labels,2,id_val,10v10_K2,1078,0.5753527287618196,0.7551020408163265,100.0
regir_untied4_sg,2,shuffled_labels,2,id_val,10v10_K3,1048,0.5117142636651277,0.7223282442748091,100.0
regir_untied4_sg,2,shuffled_labels,2,id_test,10v10_K2,1074,0.5689538887508431,0.7327746741154563,100.0
regir_untied4_sg,2,shuffled_labels,2,id_test,10v10_K3,1020,0.5627641849575965,0.765686274509804,100.0
regir_untied4_sg,2,shuffled_labels,2,ood_explore,30v30_K12,5674,0.5346237196177173,0.6046880507578428,100.0
regir_untied4_sg,2,shuffled_labels,2,ood_explore,30v30_K2,5548,0.5139587180616845,0.6341023792357606,100.0
regir_untied4_sg,2,shuffled_labels,2,ood_explore,50v50_K2,8590,0.516145193980471,0.5707799767171129,100.0
regir_untied4_sg,2,shuffled_labels,2,ood_confirm,30v30_K12,5692,0.5478953112135445,0.6398453970484891,100.0
regir_untied4_sg,2,shuffled_labels,2,ood_confirm,30v30_K2,5534,0.5097674249921712,0.6259486808818214,100.0
regir_untied4_sg,2,shuffled_labels,2,ood_confirm,50v50_K2,8722,0.5088026385402479,0.5842696629213483,100.0
regir_untied4_sg,2,shuffled_labels,3,id_train,10v10_K2,2042,0.5249034486920315,0.7433888344760039,100.0
regir_untied4_sg,2,shuffled_labels,3,id_train,10v10_K3,2064,0.5725135056496455,0.7737403100775194,100.0
regir_untied4_sg,2,shuffled_labels,3,id_val,10v10_K2,1078,0.5259613952795771,0.7551020408163265,100.0
regir_untied4_sg,2,shuffled_labels,3,id_val,10v10_K3,1048,0.5391194214819758,0.7223282442748091,100.0
regir_untied4_sg,2,shuffled_labels,3,id_test,10v10_K2,1074,0.5899639700401121,0.7337057728119181,100.0
regir_untied4_sg,2,shuffled_labels,3,id_test,10v10_K3,1020,0.559539052496799,0.765686274509804,100.0
regir_untied4_sg,2,shuffled_labels,3,ood_explore,30v30_K12,5674,0.5563871002946633,0.6045118082481494,100.0
regir_untied4_sg,2,shuffled_labels,3,ood_explore,30v30_K2,5548,0.49181502463871407,0.6339221341023792,100.0
regir_untied4_sg,2,shuffled_labels,3,ood_explore,50v50_K2,8590,0.48756060135104895,0.5707799767171129,100.0
regir_untied4_sg,2,shuffled_labels,3,ood_confirm,30v30_K12,5692,0.5850825613680447,0.6393183415319748,100.0
regir_untied4_sg,2,shuffled_labels,3,ood_confirm,30v30_K2,5534,0.5053569597793861,0.6261293820021684,100.0
regir_untied4_sg,2,shuffled_labels,3,ood_confirm,50v50_K2,8722,0.4966071179628031,0.5842696629213483,100.0
regir_untied4_sg,2,shuffled_labels,4,id_train,10v10_K2,2042,0.5326011525812389,0.7433888344760039,100.0
regir_untied4_sg,2,shuffled_labels,4,id_train,10v10_K3,2064,0.5834266337176639,0.7737403100775194,100.0
regir_untied4_sg,2,shuffled_labels,4,id_val,10v10_K2,1078,0.5647615590797409,0.7551020408163265,100.0
regir_untied4_sg,2,shuffled_labels,4,id_val,10v10_K3,1048,0.5393327795103661,0.7223282442748091,100.0
regir_untied4_sg,2,shuffled_labels,4,id_test,10v10_K2,1074,0.6065856732100386,0.7337057728119181,100.0
regir_untied4_sg,2,shuffled_labels,4,id_test,10v10_K3,1020,0.5861437166169324,0.765686274509804,100.0
regir_untied4_sg,2,shuffled_labels,4,ood_explore,30v30_K12,5674,0.5810248774834609,0.6045118082481494,100.0
regir_untied4_sg,2,shuffled_labels,4,ood_explore,30v30_K2,5548,0.4909029463279363,0.6339221341023792,100.0
regir_untied4_sg,2,shuffled_labels,4,ood_explore,50v50_K2,8590,0.5208880322741798,0.5707799767171129,100.0
regir_untied4_sg,2,shuffled_labels,4,ood_confirm,30v30_K12,5692,0.623066640056636,0.6393183415319748,100.0
regir_untied4_sg,2,shuffled_labels,4,ood_confirm,30v30_K2,5534,0.5112055443616584,0.6261293820021684,100.0
regir_untied4_sg,2,shuffled_labels,4,ood_confirm,50v50_K2,8722,0.5151411162708539,0.5842696629213483,100.0
regir_untied4_sg,2,random_init,0,id_train,10v10_K2,2042,0.7637547898500437,0.7507345739471106,100.0
regir_untied4_sg,2,random_init,0,id_train,10v10_K3,2064,0.7878610724873591,0.7868217054263565,100.0
regir_untied4_sg,2,random_init,0,id_val,10v10_K2,1078,0.724415531233713,0.7532467532467533,100.0
regir_untied4_sg,2,random_init,0,id_val,10v10_K3,1048,0.748164893979218,0.7404580152671756,100.0
regir_untied4_sg,2,random_init,0,id_test,10v10_K2,1074,0.7556307905292677,0.7420856610800745,100.0
regir_untied4_sg,2,random_init,0,id_test,10v10_K3,1020,0.7751139778955207,0.7745098039215687,100.0
regir_untied4_sg,2,random_init,0,ood_explore,30v30_K12,5674,0.7778286639331057,0.6565033486076842,100.0
regir_untied4_sg,2,random_init,0,ood_explore,30v30_K2,5548,0.7857871739810027,0.6791636625811103,100.0
regir_untied4_sg,2,random_init,0,ood_explore,50v50_K2,8590,0.7860868076927822,0.620023282887078,100.0
regir_untied4_sg,2,random_init,0,ood_confirm,30v30_K12,5692,0.7833331794020694,0.6832396345748419,100.0
regir_untied4_sg,2,random_init,0,ood_confirm,30v30_K2,5534,0.7792253823186641,0.6613661004698229,100.0
regir_untied4_sg,2,random_init,0,ood_confirm,50v50_K2,8722,0.7880422853090492,0.625659252465031,100.0
regir_untied4_sg,2,random_init,1,id_train,10v10_K2,2042,0.833933007472669,0.797747306562194,1.0
regir_untied4_sg,2,random_init,1,id_train,10v10_K3,2064,0.8525058360228426,0.813468992248062,1.0
regir_untied4_sg,2,random_init,1,id_val,10v10_K2,1078,0.7926578437942075,0.7773654916512059,1.0
regir_untied4_sg,2,random_init,1,id_val,10v10_K3,1048,0.8019220380685197,0.7576335877862596,1.0
regir_untied4_sg,2,random_init,1,id_test,10v10_K2,1074,0.8061881012388626,0.7774674115456238,1.0
regir_untied4_sg,2,random_init,1,id_test,10v10_K3,1020,0.8321377485146711,0.7862745098039216,1.0
regir_untied4_sg,2,random_init,1,ood_explore,30v30_K12,5674,0.8282181703850371,0.6760662671836447,1.0
regir_untied4_sg,2,random_init,1,ood_explore,30v30_K2,5548,0.8368116206196616,0.7431506849315068,1.0
regir_untied4_sg,2,random_init,1,ood_explore,50v50_K2,8590,0.8401455831965738,0.6939464493597206,1.0
regir_untied4_sg,2,random_init,1,ood_confirm,30v30_K12,5692,0.8286517481839791,0.7053759662684469,1.0
regir_untied4_sg,2,random_init,1,ood_confirm,30v30_K2,5534,0.8368999670111318,0.7414166967835201,1.0
regir_untied4_sg,2,random_init,1,ood_confirm,50v50_K2,8722,0.8432539802802194,0.7101582205916074,1.0
regir_untied4_sg,2,random_init,2,id_train,10v10_K2,2042,0.8477745426384656,0.8090107737512243,0.01
regir_untied4_sg,2,random_init,2,id_train,10v10_K3,2064,0.8633961697454676,0.8221899224806202,0.01
regir_untied4_sg,2,random_init,2,id_val,10v10_K2,1078,0.8103315091951455,0.7866419294990723,0.01
regir_untied4_sg,2,random_init,2,id_val,10v10_K3,1048,0.8024123075805654,0.7633587786259542,0.01
regir_untied4_sg,2,random_init,2,id_test,10v10_K2,1074,0.8195884065173406,0.7858472998137802,0.01
regir_untied4_sg,2,random_init,2,id_test,10v10_K3,1020,0.8514349696505392,0.8049019607843138,0.01
regir_untied4_sg,2,random_init,2,ood_explore,30v30_K12,5674,0.8330376306366702,0.6624955939372577,0.01
regir_untied4_sg,2,random_init,2,ood_explore,30v30_K2,5548,0.8447310922946253,0.7590122566690699,0.01
regir_untied4_sg,2,random_init,2,ood_explore,50v50_K2,8590,0.8467364788477699,0.7102444703143189,0.01
regir_untied4_sg,2,random_init,2,ood_confirm,30v30_K12,5692,0.8320664790311486,0.7041461700632466,0.01
regir_untied4_sg,2,random_init,2,ood_confirm,30v30_K2,5534,0.8438193995468041,0.7524394651246837,0.01
regir_untied4_sg,2,random_init,2,ood_confirm,50v50_K2,8722,0.8492328430375078,0.731254299472598,0.01
regir_untied4_sg,2,random_init,3,id_train,10v10_K2,2042,0.8449986925343712,0.8070519098922625,10.0
regir_untied4_sg,2,random_init,3,id_train,10v10_K3,2064,0.8601700994503881,0.8270348837209303,10.0
regir_untied4_sg,2,random_init,3,id_val,10v10_K2,1078,0.8179538009083464,0.7912801484230055,10.0
regir_untied4_sg,2,random_init,3,id_val,10v10_K3,1048,0.8036561394907552,0.7519083969465649,10.0
regir_untied4_sg,2,random_init,3,id_test,10v10_K2,1074,0.825494302651663,0.7839851024208566,10.0
regir_untied4_sg,2,random_init,3,id_test,10v10_K3,1020,0.8491420183328958,0.803921568627451,10.0
regir_untied4_sg,2,random_init,3,ood_explore,30v30_K12,5674,0.8396339055102561,0.6656679591117377,10.0
regir_untied4_sg,2,random_init,3,ood_explore,30v30_K2,5548,0.8479693552887312,0.7440519105984138,10.0
regir_untied4_sg,2,random_init,3,ood_explore,50v50_K2,8590,0.8476353379234944,0.6980209545983702,10.0
regir_untied4_sg,2,random_init,3,ood_confirm,30v30_K12,5692,0.8432294404384391,0.7041461700632466,10.0
regir_untied4_sg,2,random_init,3,ood_confirm,30v30_K2,5534,0.8490262006936729,0.7434044091073365,10.0
regir_untied4_sg,2,random_init,3,ood_confirm,50v50_K2,8722,0.8541259337542136,0.7158908507223114,10.0
regir_untied4_sg,2,random_init,4,id_train,10v10_K2,2042,0.8465311931126733,0.8095004897159648,10.0
regir_untied4_sg,2,random_init,4,id_train,10v10_K3,2064,0.8623516523889144,0.8255813953488372,10.0
regir_untied4_sg,2,random_init,4,id_val,10v10_K2,1078,0.8196569503387685,0.7847866419294991,10.0
regir_untied4_sg,2,random_init,4,id_val,10v10_K3,1048,0.8111236704844135,0.7566793893129771,10.0
regir_untied4_sg,2,random_init,4,id_test,10v10_K2,1074,0.8267455894359448,0.7867783985102421,10.0
regir_untied4_sg,2,random_init,4,id_test,10v10_K3,1020,0.8490938020668706,0.8019607843137255,10.0
regir_untied4_sg,2,random_init,4,ood_explore,30v30_K12,5674,0.8405165962488892,0.6654917166020444,10.0
regir_untied4_sg,2,random_init,4,ood_explore,30v30_K2,5548,0.8484697033904534,0.7456741167988464,10.0
regir_untied4_sg,2,random_init,4,ood_explore,50v50_K2,8590,0.8482967176458998,0.70023282887078,10.0
regir_untied4_sg,2,random_init,4,ood_confirm,30v30_K12,5692,0.8466940985564326,0.7053759662684469,10.0
regir_untied4_sg,2,random_init,4,ood_confirm,30v30_K2,5534,0.8495834545133724,0.7441272135887242,10.0
regir_untied4_sg,2,random_init,4,ood_confirm,50v50_K2,8722,0.8544220140430053,0.7170373767484521,10.0
