method,seed,config,round,n,alpha,cosine,spread,readout_norm,xcos_fused,xcos_round,token_n,mean_norm,sum_sq,shift_from_10v10
regir_kv0_sg,2,10v10_K2,0,734,,0.3704155799795287,0.7767969270238293,,0.5723536819147091,,10108,2.0406729488498514,178962.65810203552,
regir_kv0_sg,2,10v10_K2,1,734,0.9073703074377355,0.38869957664478344,0.7225467643173871,8.561434370620374,,0.5799730709937965,10108,4.591483422702856,576770.9671173096,
regir_kv0_sg,2,10v10_K2,2,734,0.0826834435137806,0.5937088082323835,0.5886202423030485,13.159224767451066,,0.5266011728832644,10108,10.923218620151529,2086130.3049926758,
regir_kv0_sg,2,10v10_K2,3,734,0.0078011107832509745,0.6912943260549002,0.5183924979235329,18.263943477287604,,0.6453357100944052,10108,17.08585213778584,4498311.989013672,
regir_kv0_sg,2,10v10_K2,4,734,0.00214513716683595,0.750699964868929,0.4725485958934145,23.92008580303972,,0.7334175379556453,10108,23.083512707346785,7697966.06262207,
regir_kv0_sg,2,10v10_K3,0,722,,0.3774170271078813,0.7750037845530243,,0.6004688296791004,,10627,1.912462591665908,174530.44845581055,0.003330540061271583
regir_kv0_sg,2,10v10_K3,1,722,0.9024204798249161,0.4135259967774528,0.7138156269628131,8.489206369233594,,0.6135040996769755,10627,4.614433163959666,605856.3816070557,0.0027022930420857153
regir_kv0_sg,2,10v10_K3,2,722,0.08688000949195639,0.6162002131204853,0.5795111079049782,12.88785764649304,,0.543341998438935,10627,11.307003349983667,2312966.483520508,0.004335428507960904
regir_kv0_sg,2,10v10_K3,3,722,0.008909036016245719,0.7086810069252817,0.5120017972118265,18.061500260044003,,0.6396386515268165,10627,17.600665802511585,4971289.803588867,0.004465183855733649
regir_kv0_sg,2,10v10_K3,4,722,0.0017904779187748444,0.7633608823485458,0.46858562728614805,23.738778383778072,,0.7351399455103815,10627,23.614579769322173,8424600.299804688,0.004298794171447812
regir_kv0_sg,2,30v30_K12,0,764,,0.45887049807853453,0.7338558003342028,,0.579680483987821,,32294,1.9177417811963975,532555.4337272644,0.008575337093257253
regir_kv0_sg,2,30v30_K12,1,764,0.8852919128379683,0.5141620213654853,0.6654313324731865,7.593612661848518,,0.6111075275598074,32294,4.913514050344409,1895442.5039978027,0.01435739269000043
regir_kv0_sg,2,30v30_K12,2,764,0.0878044229756804,0.6963618763550786,0.5308626143335405,12.61082800208586,,0.4977280235757212,32294,12.097060602813613,7564861.117675781,0.02839500301002155
regir_kv0_sg,2,30v30_K12,3,764,0.020363608024292247,0.7658141968483118,0.4719611849407042,18.43946760237529,,0.5682508481978592,32294,18.678249247959865,16272528.11303711,0.033461478179023445
regir_kv0_sg,2,30v30_K12,4,764,0.00654005961868327,0.8030906924700777,0.43674626548960915,24.345550545847228,,0.6589322667978295,32294,24.86568742908767,27407944.177734375,0.03561102393610974
regir_kv0_sg,2,30v30_K2,0,770,,0.43702996655873766,0.743518781059058,,0.5782505454294182,,24370,2.298557149121855,474503.12985801697,0.009166439239878105
regir_kv0_sg,2,30v30_K2,1,770,0.8990531084454292,0.4416907970904259,0.703101717472811,7.682087942222496,,0.6152025556946928,24370,4.950645376182893,1454466.1738128662,0.010481353001333524
regir_kv0_sg,2,30v30_K2,2,770,0.08549333836001877,0.6323000132276129,0.5759613205475831,12.204375731480585,,0.5127319511881954,24370,11.19073929517874,5069779.446899414,0.01147711848299965
regir_kv0_sg,2,30v30_K2,3,770,0.013384012750413586,0.7188546281944217,0.5100417781171052,17.791086344285446,,0.6118562089480661,24370,17.387945089116737,10902194.413208008,0.013613050252123162
regir_kv0_sg,2,30v30_K2,4,770,0.0020695433875335405,0.7689445602798095,0.4675493118247967,23.758316816602434,,0.68937323888059,24370,23.471374085749023,18685680.60119629,0.015484451020801288
regir_kv0_sg,2,50v50_K2,0,777,,0.45826787517494927,0.734641427748713,,0.5432871257644196,,37375,2.4155462185463534,754129.4995613098,0.018209311308537826
regir_kv0_sg,2,50v50_K2,1,777,0.850641755502666,0.4611717965864196,0.6966317308078227,7.38018774372577,,0.6198219008378151,37375,5.057130572708393,2241715.3630981445,0.018393301525912974
regir_kv0_sg,2,50v50_K2,2,777,0.1076022806596595,0.6460296875908392,0.5680894243508077,12.110987913040887,,0.48546634540110034,37375,11.183242847711535,7634238.26763916,0.018169141563411935
regir_kv0_sg,2,50v50_K2,3,777,0.03110687066909662,0.7303930992212982,0.5014916814108459,17.896664554394658,,0.5594625100913391,37375,17.31727868611613,16365722.686889648,0.02048251422950823
regir_kv0_sg,2,50v50_K2,4,777,0.010649092410811467,0.7798987370656842,0.45818640190242055,23.962610372398505,,0.6486519867608654,37375,23.384665652844166,28097062.27404785,0.022571600444197374
regir_kv0_sg,0,10v10_K2,0,734,,0.34410968700244104,0.7855585742658143,,0.5602573008711511,,10108,2.150786714262292,194637.7399711609,
regir_kv0_sg,0,10v10_K2,1,734,0.9076028306385958,0.5158164035357146,0.6585644986888337,6.740798675721607,,0.5787761010296509,10108,5.7805269984151115,707565.9440002441,
regir_kv0_sg,0,10v10_K2,2,734,0.08248744444076432,0.6707811949592233,0.5417272821239172,9.89943970191706,,0.3982947858881406,10108,12.544531793834432,2403981.653198242,
regir_kv0_sg,0,10v10_K2,3,734,0.009165098066808753,0.7410085565586215,0.49151970789090144,14.348174093854524,,0.6086094352321889,10108,19.032272699644988,5120960.914306641,
regir_kv0_sg,0,10v10_K2,4,734,0.0007446300143528677,0.7852417932644619,0.4576703063333667,19.53616087313244,,0.7399511041264691,10108,25.231495773629888,8688787.427612305,
regir_kv0_sg,0,10v10_K3,0,722,,0.34355606330407545,0.7908472038395832,,0.5888651769654536,,10627,1.9584604024425152,187052.66170597076,0.003754449743869328
regir_kv0_sg,0,10v10_K3,1,722,0.9144581978407964,0.5376308310497167,0.652114844904196,6.71279336540983,,0.6035873157244106,10627,5.799778562293654,740181.9794006348,0.0028608590915615894
regir_kv0_sg,0,10v10_K3,2,722,0.08045800811569305,0.6943981434899771,0.5299432879829867,10.08025788633447,,0.40669926701356535,10627,12.602606262337218,2516181.3213500977,0.003325429553944404
regir_kv0_sg,0,10v10_K3,3,722,0.0048837468907490245,0.7627750773233323,0.4782563030811952,14.652863031609236,,0.5898844999151293,10627,19.12041412640316,5351873.46496582,0.0037416811523132815
regir_kv0_sg,0,10v10_K3,4,722,0.00020004821227984136,0.8052932976878143,0.4433777232885823,19.835777982780478,,0.7323296960639936,10627,25.350969803776128,9074855.134399414,0.004165471983618981
regir_kv0_sg,0,30v30_K12,0,764,,0.40771970092317417,0.7707237936594613,,0.6501342854104363,,32294,1.8846184426003623,557808.5237426758,0.008959352474981466
regir_kv0_sg,0,30v30_K12,1,764,0.9313910681759227,0.5957909621243301,0.6309692793004849,6.019422323603905,,0.6639193912845228,32294,5.966667413470351,2306536.7310791016,0.01469457235565973
regir_kv0_sg,0,30v30_K12,2,764,0.0631243609562914,0.7410624721210686,0.5027045786105147,9.160122996225407,,0.48639490454877304,32294,13.035003061221305,7959559.841064453,0.023638505584600625
regir_kv0_sg,0,30v30_K12,3,764,0.004838832106400735,0.7996289457690937,0.4485669370660271,14.315999298819698,,0.6489332918957859,32294,19.842426331838432,17050836.967529297,0.030121245442381647
regir_kv0_sg,0,30v30_K12,4,764,0.000645744885152961,0.831793910768041,0.4147868716239626,19.9757079404062,,0.7619532706461601,32294,26.313969979184698,28978239.955566406,0.03470460632161284
regir_kv0_sg,0,30v30_K2,0,770,,0.4192229551127114,0.7465002716736301,,0.5953859374933952,,24370,2.452447307176268,521387.6323404312,0.008418688870465573
regir_kv0_sg,0,30v30_K2,1,770,0.9187848714168195,0.5557348736455493,0.6452244209986815,6.33519147649988,,0.618117395040856,24370,5.9747047057583575,1771292.9701004028,0.009310749368653035
regir_kv0_sg,0,30v30_K2,2,770,0.0713613364648591,0.6973899289987626,0.5327622468551817,9.090813889441552,,0.45189954397092397,24370,12.812840366404629,5924983.318511963,0.01199521356819256
regir_kv0_sg,0,30v30_K2,3,770,0.008135835911639444,0.759451827966053,0.4836080985823978,13.505800894328527,,0.623564465910297,24370,19.499198878102717,12702713.550048828,0.014984005100700505
regir_kv0_sg,0,30v30_K2,4,770,0.0017179580463771923,0.7952915554422314,0.4523134333004782,18.744288932503043,,0.7504719092938545,24370,25.874468769585192,21656630.372924805,0.017159849576317377
regir_kv0_sg,0,50v50_K2,0,777,,0.4425487373625179,0.7369554547651657,,0.6017842449751789,,37375,2.60357969666004,842759.5700750351,0.017896098137254943
regir_kv0_sg,0,50v50_K2,1,777,0.9211950698655286,0.5685904965974853,0.6409122543182868,6.114377397061008,,0.6232457789901239,37375,6.05394579060856,2743226.3438796997,0.01759378905683439
regir_kv0_sg,0,50v50_K2,2,777,0.06549337035483607,0.7070411491442656,0.5286328170666287,8.670848660794311,,0.4674077976386332,37375,12.965547318372039,9216286.957855225,0.023400351482940365
regir_kv0_sg,0,50v50_K2,3,777,0.011543131049562966,0.7677652149567105,0.4786736009917522,13.0698994356693,,0.6232089459678697,37375,19.783153541550863,19896127.86755371,0.02994620374908966
regir_kv0_sg,0,50v50_K2,4,777,0.0017684304444693718,0.8024372641163074,0.4473292990636399,18.160513283816698,,0.7430406134249519,37375,26.258946763864426,33984700.11395264,0.03447807904259392
regir_kv0_sg,1,10v10_K2,0,734,,0.32406409923652607,0.7853606384677251,,0.4293709538966239,,10108,2.27299108778942,266696.7504272461,
regir_kv0_sg,1,10v10_K2,1,734,0.8426065790227155,0.5676369211918795,0.6268652822384094,7.404886617972351,,0.4364800806252096,10108,7.3683484124198815,1046833.9976806641,
regir_kv0_sg,1,10v10_K2,2,734,0.12776720735213684,0.6842868681821218,0.5256574510492443,11.211185230546166,,0.3862522764962367,10108,13.205163660836208,2621560.5443725586,
regir_kv0_sg,1,10v10_K2,3,734,0.026717830073338847,0.7170786437560737,0.49632751247717727,15.253261915019813,,0.48911841943425066,10108,17.92804969818812,4606854.940917969,
regir_kv0_sg,1,10v10_K2,4,734,0.0029083821650822367,0.7286432199310502,0.4887333653296422,19.51410661731169,,0.585372104764007,10108,21.81428935125565,6787986.508178711,
regir_kv0_sg,1,10v10_K3,0,722,,0.32398517014381123,0.7891470901923208,,0.4937921488196271,,10627,2.0515088586407075,259158.70791053772,0.003972490453308343
regir_kv0_sg,1,10v10_K3,1,722,0.8384178190850369,0.5934729651455735,0.6115944317358843,7.393875638533827,,0.4970179416661538,10627,7.576311853185985,1131742.7780456543,0.0036824843615206205
regir_kv0_sg,1,10v10_K3,2,722,0.12169542916013003,0.7098177987768683,0.508895552508458,11.281912647786234,,0.403481562286384,10627,13.706661764605121,2913498.0204467773,0.006421794288438283
regir_kv0_sg,1,10v10_K3,3,722,0.034120087192294646,0.7398311259919111,0.4808927471177135,15.255183534278764,,0.4820911964366895,10627,18.67234076526223,5177424.752563477,0.008091273929954427
regir_kv0_sg,1,10v10_K3,4,722,0.005766666334001576,0.7495837537022608,0.47461070840386604,19.452649635621384,,0.5704115643628774,10627,22.773084754995132,7675658.774169922,0.00909132441947895
regir_kv0_sg,1,30v30_K12,0,764,,0.391547420344981,0.7660092565918639,,0.45889217872492416,,32294,1.969960562028198,792162.9616394043,0.01070295755076283
regir_kv0_sg,1,30v30_K12,1,764,0.8881674695373205,0.6565495508771253,0.5722839862395978,6.933022134279081,,0.46410994917399934,32294,8.085780679443099,3694065.1130371094,0.02423211024389507
regir_kv0_sg,1,30v30_K12,2,764,0.07782418283681734,0.7679517957849701,0.4666473859617386,10.875621579080352,,0.45626391731919,32294,14.729398322236023,9781442.346679688,0.04653716417752982
regir_kv0_sg,1,30v30_K12,3,764,0.025158483509853342,0.7909226187283831,0.44050419572702965,15.1295334962026,,0.559028534661303,32294,20.13748624985348,17583416.051757812,0.05949818239522384
regir_kv0_sg,1,30v30_K12,4,764,0.00884986250961898,0.7957464644044049,0.433832302287304,19.555666182053653,,0.6346505661239172,32294,24.702612886888687,26327002.91748047,0.06928927227556587
regir_kv0_sg,1,30v30_K2,0,770,,0.3987942408692189,0.7508395711740282,,0.4480713664893866,,24370,2.641074420022414,713886.2470588684,0.009946242067215129
regir_kv0_sg,1,30v30_K2,1,770,0.8944694450040432,0.6042457735504669,0.6141672682440571,6.578816980820197,,0.4566454541315702,24370,7.253512517123597,2417139.352661133,0.008498478479686
regir_kv0_sg,1,30v30_K2,2,770,0.08605895165082629,0.7183223090645922,0.5117836616544834,10.6901417007694,,0.44753088854014167,24370,13.117867937412015,6104320.4904174805,0.009529691427209434
regir_kv0_sg,1,30v30_K2,3,770,0.017466904686911186,0.7476819085423356,0.4819804581810701,15.110398114811291,,0.5711041527900945,24370,17.89215007944233,10791398.290649414,0.012681966929326337
regir_kv0_sg,1,30v30_K2,4,770,0.002004698761912656,0.7564021476876169,0.47367516868661147,19.698727429996836,,0.6578795807360596,24370,21.892529054379615,16018183.560791016,0.015858334841036378
regir_kv0_sg,1,50v50_K2,0,777,,0.41898459957120904,0.7438547810450304,,0.4494934793047864,,37375,2.8210475315738126,1143433.3680915833,0.019596608907867272
regir_kv0_sg,1,50v50_K2,1,777,0.9098457076803732,0.6146864603826856,0.6081622781143373,6.333349640918668,,0.4525708402124103,37375,7.285168980169603,3696669.756652832,0.013996058186468617
regir_kv0_sg,1,50v50_K2,2,777,0.07486101228896165,0.7285031270933756,0.5028865455545252,10.612688072553166,,0.47368032156936923,37375,13.198469757824226,9362843.332214355,0.015622795613446584
regir_kv0_sg,1,50v50_K2,3,777,0.013201635424428947,0.757635983432779,0.47273630614871415,15.042425838062968,,0.6139583982223403,37375,17.983858707220666,16513247.301879883,0.02047889663953878
regir_kv0_sg,1,50v50_K2,4,777,0.002091645264831319,0.7669377665134065,0.4641275917738455,19.67737100728844,,0.6897673965839358,37375,21.99789384865006,24463036.76586914,0.02524339603422887
regir_kv0_sg,4,10v10_K2,0,734,,0.35255983492049464,0.7804000277671275,,0.5085896652827631,,10108,2.599772558347486,281076.61043167114,
regir_kv0_sg,4,10v10_K2,1,734,0.8607013193999572,0.4758271636820055,0.6726086662725737,8.137051323778948,,0.5139333945448081,10108,5.301452752612684,709312.587020874,
regir_kv0_sg,4,10v10_K2,2,734,0.08165922917251957,0.7032973736733463,0.49772284726005506,13.878954696395416,,0.5414604593889543,10108,12.989037801542828,2555197.6123046875,
regir_kv0_sg,4,10v10_K2,3,734,0.036647076985210275,0.7838778387491516,0.42293957196765863,20.585094768929547,,0.6757744898807682,10108,19.813768655072025,5294595.426635742,
regir_kv0_sg,4,10v10_K2,4,734,0.020992377564254466,0.8249119277207643,0.379143995581964,26.898624413669598,,0.765678897349465,10108,25.747484436790938,8546097.658691406,
regir_kv0_sg,4,10v10_K3,0,722,,0.3576245825563147,0.7798367961966164,,0.5839647599582717,,10627,2.429742163615105,274595.3694343567,0.003647653508535981
regir_kv0_sg,4,10v10_K3,1,722,0.8641680091763962,0.48973457205649784,0.669347089756006,8.256023092943545,,0.5854417498032591,10627,5.23923357140665,722618.3873901367,0.0024989015197113005
regir_kv0_sg,4,10v10_K3,2,722,0.08083461602402643,0.7203544106799205,0.4872719872660255,13.89164754822644,,0.5809133491183845,10627,13.090324566637028,2683976.648376465,0.0020966565469930343
regir_kv0_sg,4,10v10_K3,3,722,0.03387892481288774,0.7997916158616265,0.41193852188367436,20.66045280110473,,0.6945015622869782,10627,19.897006676029932,5547535.972412109,0.00194685639086752
regir_kv0_sg,4,10v10_K3,4,722,0.0211184524750894,0.8395628462949573,0.36798404907177856,27.131928642040474,,0.774987124271043,10627,25.772365364054355,8917036.408569336,0.0020656763652208837
regir_kv0_sg,4,30v30_K12,0,764,,0.43820946617417916,0.7439451913003413,,0.5852882564067841,,32294,2.4665274828920998,849902.8378219604,0.009648429100164132
regir_kv0_sg,4,30v30_K12,1,764,0.900640664383262,0.55998003998767,0.6424949136440594,7.182967472138829,,0.6027762037087846,32294,5.287291260213816,2180687.812438965,0.01059308982492256
regir_kv0_sg,4,30v30_K12,2,764,0.07284448923432874,0.7777637230085988,0.45566155763463845,11.915646267811042,,0.5513754673762717,32294,13.289552102030884,8230452.471435547,0.011540917675938109
regir_kv0_sg,4,30v30_K12,3,764,0.016980412279522312,0.8472510560331424,0.3809367667304759,18.231361434721823,,0.7125506740355106,32294,20.19511265803456,17068654.133544922,0.012646834975480647
regir_kv0_sg,4,30v30_K12,4,764,0.00953444092127137,0.8797456363685104,0.3392234996018409,24.384718170964906,,0.8110754629801754,32294,26.1245221785294,27422928.381347656,0.013914252912517286
regir_kv0_sg,4,30v30_K2,0,770,,0.41900832866809773,0.7490055336673462,,0.5351198299511059,,24370,2.9583148541069733,756737.5537853241,0.010223339459336072
regir_kv0_sg,4,30v30_K2,1,770,0.8790647111878452,0.5310792148719283,0.6512024434007698,7.011806901399192,,0.5488746707654886,24370,5.493080090259786,1764576.828552246,0.007622084071138927
regir_kv0_sg,4,30v30_K2,2,770,0.07437972153226849,0.7416340079176945,0.4822165474895269,12.401705718040466,,0.5585206080177748,24370,13.159453555556404,6221297.0408325195,0.009008156465726282
regir_kv0_sg,4,30v30_K2,3,770,0.026519557660254555,0.8145853993250229,0.4091665662220852,19.016920232772826,,0.6914884771748975,24370,20.31708770984425,13130062.385925293,0.013833273649651588
regir_kv0_sg,4,30v30_K2,4,770,0.020036012458202322,0.8508489057189897,0.36648728368044675,25.291029468140046,,0.7782424454753464,24370,26.640711357042502,21504201.0592041,0.019568814607706108
regir_kv0_sg,4,50v50_K2,0,777,,0.4398149331590516,0.741416399024143,,0.5136775845903854,,37375,3.1060348323465297,1205598.7969036102,0.0198720742558743
regir_kv0_sg,4,50v50_K2,1,777,0.867309246285809,0.5472665984493238,0.6454792156003742,6.533329758251343,,0.5572316561200574,37375,5.612233330367372,2755879.555847168,0.014392985063426584
regir_kv0_sg,4,50v50_K2,2,777,0.09027850960564357,0.7517925663301399,0.4776128963561697,11.656833740735147,,0.5235861425247261,37375,13.269706842883798,9631601.806152344,0.016147612403634125
regir_kv0_sg,4,50v50_K2,3,777,0.02731647406702697,0.8228370575462304,0.4047047556329217,18.03130767213485,,0.677944448136722,37375,20.551363044364606,20465502.223754883,0.024470379684517447
regir_kv0_sg,4,50v50_K2,4,777,0.015095771758985025,0.8578452306266018,0.36230830489777754,24.044964058825716,,0.7677398955138197,37375,27.050394559234476,33759776.361083984,0.034946912235546836
regir_kv0_sg,3,10v10_K2,0,734,,0.38563543410228496,0.7586648735676987,,0.6213194452794993,,10108,2.192467117057985,171047.97617912292,
regir_kv0_sg,3,10v10_K2,1,734,0.8985835698303799,0.4521806954060282,0.6919320152192291,7.616293298775884,,0.6362732429486772,10108,4.703363396711226,550029.8603363037,
regir_kv0_sg,3,10v10_K2,2,734,0.09101211081478282,0.6261020811592141,0.576224543093979,9.455831497176792,,0.5295339598735895,10108,8.783832225683373,1376519.8696899414,
regir_kv0_sg,3,10v10_K2,3,734,0.009501470958241068,0.7146947126243087,0.508251707677272,14.030233226615012,,0.7092923108254097,10108,13.036190784674629,2679738.7322387695,
regir_kv0_sg,3,10v10_K2,4,734,0.000902853427556393,0.7685366784598195,0.4617734680110142,20.848111088334377,,0.8194740933706304,10108,17.486567214877294,4516970.745239258,
regir_kv0_sg,3,10v10_K3,0,722,,0.38912158646513234,0.7605640842981676,,0.6723721972059297,,10627,2.0609744714770324,168287.00010299683,0.0033205257280982652
regir_kv0_sg,3,10v10_K3,1,722,0.8939330287669834,0.45401544876168176,0.6994889075790341,7.8314212035604465,,0.6836922169555997,10627,4.546445328549212,556875.7739105225,0.003036173347225696
regir_kv0_sg,3,10v10_K3,2,722,0.09262225925413883,0.6144515754373917,0.592889028671563,9.471508555465128,,0.5672098086042018,10627,8.537271435120838,1406899.908630371,0.005426342463747325
regir_kv0_sg,3,10v10_K3,3,722,0.011941371328828842,0.7018002457783736,0.5263280266803463,13.865698909495345,,0.7027749262565042,10627,12.718417266413946,2746228.4028320312,0.007547897912859738
regir_kv0_sg,3,10v10_K3,4,722,0.0015033411427365618,0.7579404502461783,0.47850734249332477,20.437481067847678,,0.8026840481791437,10627,17.163053218858238,4659413.9912109375,0.0089652135990784
regir_kv0_sg,3,30v30_K12,0,764,,0.4617649382675362,0.7302918704955428,,0.7245279067032203,,32294,2.0518237956463565,516449.5443572998,0.010200293504753896
regir_kv0_sg,3,30v30_K12,1,764,0.8662759471021554,0.5223878095560627,0.6770127594567394,7.570887638012152,,0.7488972586119077,32294,4.534899449170863,1686881.4692993164,0.011261469207780213
regir_kv0_sg,3,30v30_K12,2,764,0.11815290228361312,0.6614933702317239,0.5788233924322314,8.806237504432339,,0.5648794002104346,32294,8.554358983006699,4319366.89855957,0.02172819568434828
regir_kv0_sg,3,30v30_K12,3,764,0.013557506551548297,0.7422599687680274,0.5112489363722026,13.036260844525243,,0.6869539293757343,32294,12.811638865566048,8452469.280517578,0.02885693899102195
regir_kv0_sg,3,30v30_K12,4,764,0.0020136420669901968,0.7945522758315433,0.4616278711661572,19.592470187791356,,0.7852698124453916,32294,17.367990192947747,14396952.489257812,0.03355229695226222
regir_kv0_sg,3,30v30_K2,0,770,,0.4486972730856597,0.727481717576733,,0.6441394809583152,,24370,2.430085805666951,456713.1752319336,0.00822993208692352
regir_kv0_sg,3,30v30_K2,1,770,0.8849716922292462,0.5059441075907114,0.6709163708529262,6.905166364645029,,0.6632529963135115,24370,4.935464127806362,1380204.093032837,0.007262601711680015
regir_kv0_sg,3,30v30_K2,2,770,0.0990629071521145,0.6628279671387372,0.559948230184089,8.274697704748673,,0.5262009184316707,24370,8.90884927644707,3320162.9376831055,0.008416862291242687
regir_kv0_sg,3,30v30_K2,3,770,0.013935116775583003,0.7426636489043662,0.49446787242784185,12.461744040637821,,0.7034242472032437,24370,13.023463654579084,6316444.204406738,0.009868064526518875
regir_kv0_sg,3,30v30_K2,4,770,0.0020302867179453287,0.7914941963539167,0.4489856206373897,19.013226978190534,,0.8217735546615881,24370,17.336086397191444,10519119.286132812,0.011447542944347041
regir_kv0_sg,3,50v50_K2,0,777,,0.4708580625103403,0.7194040108415218,,0.6399275857895929,,37375,2.5509232420353434,730998.9971160889,0.016250858619182632
regir_kv0_sg,3,50v50_K2,1,777,0.8596529556747569,0.5232706625631344,0.6632657612314489,6.607182495995992,,0.6803166173986438,37375,5.0536403479158825,2153440.1123809814,0.013720841169478559
regir_kv0_sg,3,50v50_K2,2,777,0.1135071479273643,0.6759821446446354,0.5518072174330451,7.8434201919280735,,0.491470622261912,37375,9.01549456037447,5120599.613952637,0.01587846605386788
regir_kv0_sg,3,50v50_K2,3,777,0.020561095191322824,0.753431670093461,0.4860557374285346,11.794336434957144,,0.6429054105335683,37375,13.14935957621625,9720609.99395752,0.018849902927077004
regir_kv0_sg,3,50v50_K2,4,777,0.006278799429920025,0.8000817152213182,0.4411414005343372,18.054902111087834,,0.771415404179961,37375,17.48095460201825,16178704.11303711,0.02175900891546885
regir_sg,1,10v10_K2,0,734,,0.3882517779742998,0.7671754602430976,,0.6605118191271218,,10108,2.615026723734417,290269.42066574097,
regir_sg,1,10v10_K2,1,734,0.6608385802386202,0.43874353611397215,0.6976135259030953,8.162701857837085,,0.6389929619812947,10108,5.189745733118893,714758.8007354736,
regir_sg,1,10v10_K2,2,734,0.28585941460978354,0.6030507140966079,0.5918717729491094,12.218485187769586,,0.6542057341778885,10108,9.154883753959624,1696456.2513427734,
regir_sg,1,10v10_K2,3,734,0.050268155150708274,0.7220072850849185,0.4955013928192882,16.866428646144815,,0.7127330435250334,10108,14.43113977009476,3629592.977722168,
regir_sg,1,10v10_K2,4,734,0.0030338514368167266,0.8063465483792351,0.41105082525092973,22.468266480625164,,0.7779031095379395,10108,21.4547652489435,7165934.120361328,
regir_sg,1,10v10_K3,0,722,,0.398930282764866,0.7608032820228171,,0.7030746908164265,,10627,2.484760645400514,287831.2666091919,0.0033857430682995584
regir_sg,1,10v10_K3,1,722,0.6643273116804019,0.45108134002407496,0.6959284964525123,8.242930080917073,,0.6814809735714001,10627,5.093240333818479,731662.8644104004,0.002371517603384029
regir_sg,1,10v10_K3,2,722,0.2817950020789316,0.6135600672476318,0.5886044374573369,12.331918021648544,,0.6942589174238791,10627,9.086101846861137,1748048.7981872559,0.0022074474037152778
regir_sg,1,10v10_K3,3,722,0.050620122031421064,0.7331428225201709,0.4892749218401967,17.03266228731319,,0.7428119073026114,10627,14.426940242383631,3785348.603515625,0.0020201930861049894
regir_sg,1,10v10_K3,4,722,0.003257565598097512,0.8143261906195596,0.40598727720866234,22.51181555190575,,0.7869314141340137,10627,21.384797314551037,7447586.00012207,0.0020884121546408136
regir_sg,1,30v30_K12,0,764,,0.4672370337911318,0.7263005566982622,,0.6876432003842278,,32294,2.497960404455474,888822.5595169067,0.00872536077839708
regir_sg,1,30v30_K12,1,764,0.6302881703653533,0.5156586824895705,0.6749750845806707,7.714900627498228,,0.6868301784762969,32294,5.115823764045402,2237026.0112304688,0.007705399378050123
regir_sg,1,30v30_K12,2,764,0.30549508398423136,0.6540900488366908,0.5727901607898981,11.694509999914318,,0.6787134670130499,32294,8.909475162093141,5178967.912475586,0.012621922802417385
regir_sg,1,30v30_K12,3,764,0.06084871322133089,0.7628816706894096,0.47500031690715616,15.805233645813628,,0.6962009388646417,32294,13.936578607318442,10866985.157958984,0.019427464019930327
regir_sg,1,30v30_K12,4,764,0.0033680283116097076,0.8406741697922353,0.387544248209792,21.526760832177406,,0.761173787127648,32294,20.879271434660332,21528570.87548828,0.02635222183992188
regir_sg,1,30v30_K2,0,770,,0.4414858766106147,0.7422687702225226,,0.6623205893949883,,24370,2.884270735567165,765479.9374961853,0.010190007955414075
regir_sg,1,30v30_K2,1,770,0.6386114797663766,0.4939077307812326,0.6768679355125778,7.491955326749133,,0.6512856663733319,24370,5.503121761623626,1821124.01171875,0.00876477246033176
regir_sg,1,30v30_K2,2,770,0.2999431423721956,0.64407856592396,0.5769563076176374,11.153084418061491,,0.6562674629955074,24370,9.2715658170618,4049674.722869873,0.01029580687052719
regir_sg,1,30v30_K2,3,770,0.05726241787043281,0.7515292011200014,0.4832363170475855,15.688827472538144,,0.70459265796518,24370,14.353254848402456,8289481.110717773,0.01600000936382976
regir_sg,1,30v30_K2,4,770,0.004182960854802703,0.8297076490169075,0.39770534217084347,21.657560518190458,,0.7809909063114507,24370,21.15123693320471,16048635.572387695,0.021866502674006402
regir_sg,1,50v50_K2,0,777,,0.4550711467693549,0.7382772835862151,,0.6261319521547787,,37375,3.03005493413344,1213216.0152015686,0.019107224699007098
regir_sg,1,50v50_K2,1,777,0.6080333930386309,0.5097640513996552,0.6707766657960973,7.26860922030347,,0.6419599457305488,37375,5.609251270374618,2828228.176498413,0.015245138670219878
regir_sg,1,50v50_K2,2,777,0.3234697145996004,0.6479683000348145,0.5766155141755883,10.83066919380787,,0.6054010065148933,37375,9.179122994578856,6115508.206420898,0.021882572864362317
regir_sg,1,50v50_K2,3,777,0.06402056122084383,0.7532788801334981,0.48418282372816585,15.222087698706943,,0.6795294702013545,37375,14.065619471990505,12284858.352294922,0.03275690806417354
regir_sg,1,50v50_K2,4,777,0.004476333180633193,0.8326084456383785,0.3974923077402303,21.30906800106839,,0.7644700114207653,37375,20.816612977335712,23853719.51940918,0.0453437947533979
regir_sg,2,10v10_K2,0,734,,0.39801948578115015,0.7599537110498301,,0.6002452761314051,,10108,2.6330894770275384,256416.73770332336,
regir_sg,2,10v10_K2,1,734,0.5320544113674358,0.48428201320163267,0.6707790287050158,7.857127131168459,,0.5958396545471902,10108,5.3482826180407415,658808.7299423218,
regir_sg,2,10v10_K2,2,734,0.40420227161829414,0.5940573458204891,0.5980005843844634,10.364052836186879,,0.5743197738555467,10108,7.883421660253809,1199401.5507354736,
regir_sg,2,10v10_K2,3,734,0.061179567943247824,0.7131843750274948,0.501032719421779,13.932905218581737,,0.6520367814172171,10108,12.165477135461712,2393352.830932617,
regir_sg,2,10v10_K2,4,734,0.002563746931057992,0.8070799170207885,0.40689029289521017,20.34315497738789,,0.7861744520828842,10108,18.347070385526397,4829072.632751465,
regir_sg,2,10v10_K3,0,722,,0.40373100841004045,0.7607664233441415,,0.62469604212837,,10627,2.440530447960548,247600.4270915985,0.0036862815283067256
regir_sg,2,10v10_K3,1,722,0.5212026375785749,0.4964288820452843,0.6709485548324785,7.8533072735794365,,0.6173328195368837,10627,5.19688270032596,663955.7309265137,0.002360230639228646
regir_sg,2,10v10_K3,2,722,0.42058825797280114,0.6044081520478536,0.5987094898105825,10.276479736589659,,0.596731630966692,10627,7.7187707576610265,1221965.8494415283,0.002410327119228746
regir_sg,2,10v10_K3,3,722,0.05600866281854407,0.7228350871448487,0.4998716376329028,13.663858353596314,,0.6745261148613247,10627,11.982844714683997,2445901.4270629883,0.0029926919131016655
regir_sg,2,10v10_K3,4,722,0.0022004405153455086,0.8159217144195237,0.40370348946225787,20.10804515796355,,0.793956355255398,10627,18.162963979304084,4961594.180053711,0.0037363705323182677
regir_sg,2,30v30_K12,0,764,,0.4705925338066481,0.7332791521951633,,0.6205951754761102,,32294,2.4045583477280807,749019.1904754639,0.008202009428472828
regir_sg,2,30v30_K12,1,764,0.5266196078776885,0.5577216972812366,0.6504105342703902,6.621827671041039,,0.6573040706545605,32294,5.20749274213606,1996635.6641235352,0.009031461747639047
regir_sg,2,30v30_K12,2,764,0.4063657978744641,0.6532925685388985,0.5840199402367651,8.52311686133839,,0.5767136788568817,32294,7.8028924752338575,3746477.67779541,0.028809560857913936
regir_sg,2,30v30_K12,3,764,0.06299343145412364,0.7563326167740101,0.4906766630294518,12.045155988937898,,0.6314147068034079,32294,11.955308716105197,7486701.3515625,0.04085465194032948
regir_sg,2,30v30_K12,4,764,0.004021160689330768,0.8372376921591848,0.39798295850928694,18.743080001851027,,0.7502634358377411,32294,17.997072591626125,15123179.849731445,0.054632335632564935
regir_sg,2,30v30_K2,0,770,,0.46257935985532034,0.7249406667258497,,0.592649601299215,,24370,2.9815755367400305,693507.5022163391,0.00942280185758966
regir_sg,2,30v30_K2,1,770,0.5574586597600855,0.5332543290607061,0.6497194509228835,6.730495546080849,,0.622609901824664,24370,5.70556554753154,1700199.626487732,0.008063687553014643
regir_sg,2,30v30_K2,2,770,0.37761794370296714,0.63224032265306,0.5798852206914522,9.0282741673581,,0.5560528614684134,24370,8.43854768253972,3129662.425933838,0.01678439125289757
regir_sg,2,30v30_K2,3,770,0.06024983095416388,0.7375243434199452,0.48881349201186397,12.751504581934446,,0.6399700777856885,24370,12.85109339647988,6214474.5654296875,0.030631111975207043
regir_sg,2,30v30_K2,4,770,0.004673564449543634,0.8225437792683833,0.3988008068743867,19.039501893675173,,0.7576903848556449,24370,19.07134290985603,12334771.328613281,0.04682105140326986
regir_sg,2,50v50_K2,0,777,,0.48227476192605007,0.7167429019694813,,0.5494436038440632,,37375,3.1492101246997053,1113229.0370559692,0.0200199061086424
regir_sg,2,50v50_K2,1,777,0.5303478865779965,0.5541344525112993,0.6401143331014405,6.234344236025326,,0.6285503641541662,37375,5.908862309338105,2690660.6719970703,0.01643640839041527
regir_sg,2,50v50_K2,2,777,0.39391199257009046,0.6466370183979268,0.5737254433591664,8.28808457879026,,0.507585652963078,37375,8.675668978752137,4959906.151275635,0.036095357455892436
regir_sg,2,50v50_K2,3,777,0.06971152542206006,0.7463848772988808,0.48654326335511916,11.755259779889611,,0.572401150541049,37375,12.953261678521795,9646398.507263184,0.06673592169717539
regir_sg,2,50v50_K2,4,777,0.006028593709928233,0.8275338116300116,0.3995945635512062,17.594146156556512,,0.7054243677095646,37375,18.83383672604973,18570515.079711914,0.0938822694169588
regir_sg,0,10v10_K2,0,734,,0.39047230887366086,0.7644765971627036,,0.5590284753501594,,10108,2.495916046249329,243988.8075990677,
regir_sg,0,10v10_K2,1,734,0.5683505349064231,0.41286787427649185,0.7277916495709205,5.8676431195287675,,0.5938371997215077,10108,4.417812049724454,553677.8798751831,
regir_sg,0,10v10_K2,2,734,0.3868371510842678,0.5676172528978012,0.6202187670153533,9.276029017056041,,0.5204331518044907,10108,7.42715570999611,1130514.2666168213,
regir_sg,0,10v10_K2,3,734,0.04244960346000652,0.763736499767195,0.4601070963309938,13.54818643601129,,0.6586972449621754,10108,13.248463867074118,2630892.2338256836,
regir_sg,0,10v10_K2,4,734,0.002362711291528434,0.878119657690493,0.3294659113718739,21.896763944495927,,0.8121504376246454,10108,22.297763782524743,6379814.177612305,
regir_sg,0,10v10_K3,0,722,,0.39993695010360003,0.7621208727650648,,0.5938893626675427,,10627,2.3301156434508186,236052.92187309265,0.003242674344272986
regir_sg,0,10v10_K3,1,722,0.5559023967286226,0.4268305235900613,0.7266499314954342,5.834756454437393,,0.6208459405483019,10627,4.310643719256587,565330.8601150513,0.0023788098341721406
regir_sg,0,10v10_K3,2,722,0.3952782772213138,0.5756644897405824,0.6210690042068769,9.385130791452783,,0.559180080121302,10627,7.282668809490692,1156996.188735962,0.00254735689560664
regir_sg,0,10v10_K3,3,722,0.04715649357800491,0.763431726030714,0.4644075290615483,13.254988180963617,,0.679515078843149,10627,13.020714606299107,2691729.430999756,0.003003747155238258
regir_sg,0,10v10_K3,4,722,0.0016628318842229286,0.8776466173453344,0.3334966903276884,21.09345484110127,,0.8262993266215976,10627,21.98661144899387,6551167.130126953,0.0035802472453040786
regir_sg,0,30v30_K12,0,764,,0.48011056689957515,0.72574691277452,,0.6797763399605813,,32294,2.3201869690977417,719562.1846542358,0.008258256032470199
regir_sg,0,30v30_K12,1,764,0.49639558522957156,0.5015221952968285,0.6938929165893583,5.297326600364365,,0.715091857250657,32294,4.306091381024883,1693882.2085266113,0.012949975027503212
regir_sg,0,30v30_K12,2,764,0.4520053226666535,0.6333786960194816,0.5936205406497321,8.69992541174614,,0.653796391090849,32294,7.335199693130621,3509107.884033203,0.024352019488079565
regir_sg,0,30v30_K12,3,764,0.049890644319296976,0.7924618592090465,0.44544511694253663,12.390306374789533,,0.7298965438136032,32294,13.040706625919086,8113233.119750977,0.02137651307958487
regir_sg,0,30v30_K12,4,764,0.0017084482034857111,0.8908047161892287,0.3213858308268701,20.248909528342843,,0.8554193725461489,32294,21.92832073412908,19672932.89038086,0.02498322223222661
regir_sg,0,30v30_K2,0,770,,0.4480617243958904,0.7364494805580761,,0.6039229839335423,,24370,2.7883593460593445,662365.619009018,0.007353483219857452
regir_sg,0,30v30_K2,1,770,0.5232652208925067,0.4658731851969741,0.7080253256530947,5.3239173805558835,,0.6531461294186679,24370,4.708645366298794,1425519.1794281006,0.006960769038246602
regir_sg,0,30v30_K2,2,770,0.42919813254243366,0.6132384164013491,0.6009613872327992,8.70553756936804,,0.5680999715585966,24370,7.752042085032844,2840951.0079193115,0.011409657101364946
regir_sg,0,30v30_K2,3,770,0.045650740918346575,0.7898882003746723,0.44566373684308297,12.765803910540296,,0.6923430167641994,24370,13.707963135029647,6568530.154663086,0.010039683147080501
regir_sg,0,30v30_K2,4,770,0.0018859059356328815,0.8906579169380361,0.3193681605282218,21.02753840669409,,0.8281188881276427,24370,22.738322085570946,15737053.913574219,0.011744058548548895
regir_sg,0,50v50_K2,0,777,,0.46480729921191727,0.7312757282863334,,0.6046350122273798,,37375,2.9374237303809307,1062605.8333759308,0.0158557842448299
regir_sg,0,50v50_K2,1,777,0.504601304015406,0.48172932656209605,0.701814363353964,5.184216329796741,,0.6655153743700378,37375,4.815718525719143,2226588.4114990234,0.012031556944062986
regir_sg,0,50v50_K2,2,777,0.44238866965359547,0.6259873773695145,0.5956652586651098,8.57336334003905,,0.5738821987665459,37375,7.865147646474184,4421325.110229492,0.018532476590452287
regir_sg,0,50v50_K2,3,777,0.05094008358086275,0.7970862055622108,0.442080947308133,12.533496837665062,,0.6725245300453127,37375,13.820772007872273,10167259.222045898,0.018243608213973264
regir_sg,0,50v50_K2,4,777,0.002069940847600107,0.8954159584179655,0.31590817608404487,20.871719557959754,,0.8193670548770369,37375,22.79737094339359,24205395.15020752,0.020539318278822122
regir_untied4_sg,0,10v10_K2,0,734,,0.3216829299943545,0.7941476641939234,,0.6357623557978405,,10108,2.969688141142793,399395.9098262787,
regir_untied4_sg,0,10v10_K2,1,734,0.013188915104610472,0.49018317031407627,0.6853811232221741,6.179711960641825,,0.9173787398609573,10108,5.937202713145973,750507.0842285156,
regir_untied4_sg,0,10v10_K2,2,734,0.020811320250214926,0.3345742399787323,0.780529450469922,8.341615659339551,,0.7214180680248373,10108,3.971407713886828,722667.8240966797,
regir_untied4_sg,0,10v10_K2,3,734,0.17731705184907612,0.43926692102290055,0.6863229215282246,14.081035123209213,,0.6331125561504842,10108,4.410318546576741,1848417.1513519287,
regir_untied4_sg,0,10v10_K2,4,734,0.7886827123828476,0.49160504063804167,0.6467133364600814,19.602401343613295,,0.6200295814764714,10108,5.515377649653819,3145073.6463012695,
regir_untied4_sg,0,10v10_K3,0,722,,0.32610272050251005,0.7997547621928883,,0.6772455921431321,,10627,2.6965803817453287,384150.57088279724,0.0035403507037771683
regir_untied4_sg,0,10v10_K3,1,722,0.00936414408690446,0.5045424184258488,0.6804417393608999,6.259999500087093,,0.9212515437454911,10627,5.914544499360454,783945.4894256592,0.0026325817558236087
regir_untied4_sg,0,10v10_K3,2,722,0.016190924547737004,0.3426168604203245,0.7827408252239172,8.7173517024418,,0.715460427967334,10627,3.8952573462173,764736.1195373535,0.004205220626026969
regir_untied4_sg,0,10v10_K3,3,722,0.1722011088247031,0.47880717491117647,0.6631712726381594,15.274547206728082,,0.672280774590623,10627,5.215752479457933,2222518.7054595947,0.005997091386442075
regir_untied4_sg,0,10v10_K3,4,722,0.802243821079123,0.5240786234669473,0.6268435698542557,21.239672974536294,,0.6630766430048284,10627,6.403944665166373,3703484.312652588,0.005195927612723351
regir_untied4_sg,0,30v30_K12,0,764,,0.4046934591426547,0.776854902540424,,0.6797312843705435,,32294,2.614741931378697,1148796.305217743,0.008289290607334984
regir_untied4_sg,0,30v30_K12,1,764,0.008316423006342437,0.5669548782915023,0.6573197355032763,6.3549049615235855,,0.9353528492725812,32294,6.08139876177905,2465186.131591797,0.012358210926175905
regir_untied4_sg,0,30v30_K12,2,764,0.015018714857527324,0.42380289885882405,0.7449286106960261,8.137062673793412,,0.7289442230875676,32294,4.143778886454716,2200260.035095215,0.01819019120947478
regir_untied4_sg,0,30v30_K12,3,764,0.16613653974999726,0.5601045071223684,0.6219257244850399,13.979920592919694,,0.6852710887144965,32294,5.696457790355206,6534477.918823242,0.019486482298455617
regir_untied4_sg,0,30v30_K12,4,764,0.8105283220400985,0.60308681204912,0.5860178951825303,19.74576881356264,,0.6644960066590172,32294,6.738723860321026,10981593.66796875,0.024732461420879925
regir_untied4_sg,0,30v30_K2,0,770,,0.40133855958050885,0.7519861474908536,,0.6465423213871749,,24370,3.4370438722749204,1084992.035850525,0.008227141976837812
regir_untied4_sg,0,30v30_K2,1,770,0.019195182151570202,0.5372076182847995,0.6699421912947703,6.200329800085588,,0.9123309984400466,24370,6.117426102053344,1851399.8581085205,0.007274014132817012
regir_untied4_sg,0,30v30_K2,2,770,0.025084797076898258,0.3865545486363596,0.7577513476462208,7.789371305936343,,0.7253757435526397,24370,4.147366078126842,1621239.4685668945,0.013533495066059746
regir_untied4_sg,0,30v30_K2,3,770,0.1604781058527168,0.4698974573210973,0.6818623807408575,12.755913598506481,,0.6552040135991332,24370,4.01552239485672,3603205.989715576,0.01550089568515669
regir_untied4_sg,0,30v30_K2,4,770,0.7952419140073773,0.533038027557949,0.6345239654233695,17.70065914067355,,0.6357356634293053,24370,5.198781570407208,6191457.122619629,0.03442520016038002
regir_untied4_sg,0,50v50_K2,0,777,,0.4257181092166658,0.7414323791879422,,0.6184393252475825,,37375,3.650876172832942,1745474.346370697,0.01718285595147071
regir_untied4_sg,0,50v50_K2,1,777,0.017812193188960632,0.5521931616489751,0.6649733134788418,6.2214460576976744,,0.9136763400044935,37375,6.223027944802464,2888384.154571533,0.01359504553243676
regir_untied4_sg,0,50v50_K2,2,777,0.023684375896023842,0.4084754750423611,0.7482552062692105,7.692469748444232,,0.7270469309203821,37375,4.304047170457884,2478408.3759155273,0.024532996984399952
regir_untied4_sg,0,50v50_K2,3,777,0.14602532233749071,0.4979806985395349,0.6673644215182736,12.689054390331647,,0.6412537026636559,37375,4.278980537469599,5777989.882873535,0.032170163163055134
regir_untied4_sg,0,50v50_K2,4,777,0.812478108309986,0.5722807467705537,0.6100387682418034,17.697761292009588,,0.6060453096666529,37375,5.839833080826144,10241101.601898193,0.07450287624484925
regir_untied4_sg,1,10v10_K2,0,734,,0.3396879131036403,0.7828291628781859,,0.6396994284984326,,10108,3.180144739261413,461659.30885505676,
regir_untied4_sg,1,10v10_K2,1,734,0.009427275310533511,0.46669862818253943,0.6901201742050326,3.9385260117801075,,0.7920576051591399,10108,5.623156477438716,738005.8440246582,
regir_untied4_sg,1,10v10_K2,2,734,0.009227413887255257,0.3961552977295273,0.7346320751815365,6.098974890864837,,0.5750219574962145,10108,4.9782338667981,774478.6767272949,
regir_untied4_sg,1,10v10_K2,3,734,0.17942179217604712,0.3905757159148689,0.7145847101532891,10.152816039015226,,0.5850737870051832,10108,4.241720158977966,1237836.0738677979,
regir_untied4_sg,1,10v10_K2,4,734,0.8019235178809841,0.4040583128968369,0.692736849665992,16.160301564175036,,0.6381248862030888,10108,6.255495268628408,2364881.292907715,
regir_untied4_sg,1,10v10_K3,0,722,,0.3421554925473866,0.7879027723899645,,0.6877295904220169,,10627,2.87686195509135,445632.77136039734,0.004031140917863165
regir_untied4_sg,1,10v10_K3,1,722,0.0076204154716575535,0.48358212835712694,0.68400412674539,4.045166953778994,,0.8061920310492101,10627,5.530683197519406,755997.5436706543,0.0028769032154249844
regir_untied4_sg,1,10v10_K3,2,722,0.007007775083121447,0.40577684792756774,0.7349645978243617,6.387405801677968,,0.6310205680913992,10627,4.830207604435157,792587.041595459,0.003068434561119829
regir_untied4_sg,1,10v10_K3,3,722,0.1667178113354045,0.4121635198899877,0.7037514966327869,10.564678917961437,,0.6335277021660105,10627,4.419612261090158,1328812.211151123,0.003154538680516471
regir_untied4_sg,1,10v10_K3,4,722,0.8186539976117189,0.42965341614397456,0.6754574913188753,16.90429827182907,,0.685596005950609,10627,6.892233190519199,2645453.3414611816,0.004850445887594751
regir_untied4_sg,1,30v30_K12,0,764,,0.4081897938354282,0.7702017366574734,,0.6767777458017508,,32294,2.751633217449233,1334284.8953475952,0.01018673564710052
regir_untied4_sg,1,30v30_K12,1,764,0.0077446043025774,0.5419370586065568,0.6650518483812746,4.160162105298167,,0.844789679479468,32294,5.617539704615718,2350263.1400756836,0.009687398032744805
regir_untied4_sg,1,30v30_K12,2,764,0.005792788501456615,0.47645330082850923,0.7026951924563168,5.521705115652833,,0.6414177428245299,32294,4.994448270416906,2354853.442932129,0.013787701924652965
regir_untied4_sg,1,30v30_K12,3,764,0.13326106198054022,0.4881594365382942,0.6719426225846477,8.929949178121477,,0.6248152332769318,32294,4.551501144452867,3659266.742980957,0.018532855214699436
regir_untied4_sg,1,30v30_K12,4,764,0.8532015465941104,0.5331638880891856,0.6213954707970087,15.221176920760989,,0.6756632023102062,32294,7.632835757596268,7758222.935302734,0.032192643916713996
regir_untied4_sg,1,30v30_K2,0,770,,0.4191471201388698,0.7426461990195132,,0.6484359683720646,,24370,3.682275426059556,1246368.5016536713,0.00895372072450307
regir_untied4_sg,1,30v30_K2,1,770,0.013990087965595864,0.5185947563473349,0.670094616494112,4.080191892308074,,0.8259878740117357,24370,5.946317803200321,1886767.677581787,0.008322782232359775
regir_untied4_sg,1,30v30_K2,2,770,0.010854566679215062,0.45595110635995834,0.7050516958544135,5.348086108789816,,0.6070711910774982,24370,5.424026924395407,1878108.1334533691,0.014626318613587914
regir_untied4_sg,1,30v30_K2,3,770,0.13919448127589104,0.4375644850986019,0.6991871016462013,8.891099746351118,,0.5948710969573743,24370,4.391229055598649,2650442.8278808594,0.014500350226869584
regir_untied4_sg,1,30v30_K2,4,770,0.8359608627541305,0.46210751506970377,0.6714851387315498,14.962725034007779,,0.6495778276207479,24370,6.436077022952427,5279000.966827393,0.012236469087797231
regir_untied4_sg,1,50v50_K2,0,777,,0.44020098146301473,0.7334136974852118,,0.6477228024633557,,37375,3.9232637549184863,2008296.7091712952,0.018922719817572074
regir_untied4_sg,1,50v50_K2,1,777,0.011735202174615687,0.533567415692507,0.6639304635631346,4.113055300988746,,0.8324301276820408,37375,6.114917025417766,2977073.8115997314,0.01619265571304306
regir_untied4_sg,1,50v50_K2,2,777,0.009508647456786628,0.4795359560732936,0.6946743720762837,5.196941812066037,,0.6125078507531089,37375,5.642820946653919,2932086.2316589355,0.0284483511702229
regir_untied4_sg,1,50v50_K2,3,777,0.1282354789813609,0.46496479229751586,0.6873709818814998,8.768299332763544,,0.5912610348165825,37375,4.577994120360912,3971038.9956817627,0.028904976185040898
regir_untied4_sg,1,50v50_K2,4,777,0.8505206725235305,0.49043103518587167,0.6587651197443624,14.809408062059754,,0.6466186109693123,37375,6.458227347833528,7795275.08013916,0.022827218554409192
regir_untied4_sg,2,10v10_K2,0,734,,0.36304871494668856,0.7721869283051718,,0.6416883965017285,,10108,2.3315369625938764,218544.20209503174,
regir_untied4_sg,2,10v10_K2,1,734,0.03623565009295065,0.34392261417864267,0.7787812973983184,4.918894386908664,,0.8248998723188025,10108,4.03851169035699,510850.4443054199,
regir_untied4_sg,2,10v10_K2,2,734,0.051163120926903435,0.3425574023670883,0.7808171722052063,7.595415935042118,,0.47172409478954214,10108,4.13861657717869,802824.3287353516,
regir_untied4_sg,2,10v10_K2,3,734,0.3967637867525306,0.5432373645756893,0.6229710345966436,15.892794727954293,,0.6376930970983011,10108,6.871741718205693,2537602.429168701,
regir_untied4_sg,2,10v10_K2,4,734,0.5158374422795725,0.6016972943050672,0.5729342105746005,20.831247534349114,,0.6226098025050348,10108,8.739250039084846,4313304.995727539,
regir_untied4_sg,2,10v10_K3,0,722,,0.37286496206601255,0.7729580836350367,,0.6889220175929136,,10627,2.165847177441733,210094.43178367615,0.003029058418786027
regir_untied4_sg,2,10v10_K3,1,722,0.030240761357200927,0.3418744817405285,0.7866143305593938,4.973844227203042,,0.8308937129859598,10627,3.883620415095665,523433.51846313477,0.0031938743645861614
regir_untied4_sg,2,10v10_K3,2,722,0.04497126807188813,0.3418099799434712,0.7839203068671383,7.212265668813542,,0.5470871588472647,10627,4.243454385996094,832257.0785522461,0.0057193297658390575
regir_untied4_sg,2,10v10_K3,3,722,0.4029802124924091,0.5661614111922969,0.6113915960469629,15.231804421403732,,0.684448630363906,10627,7.484741526104003,2454055.37310791,0.007318679439087894
regir_untied4_sg,2,10v10_K3,4,722,0.5218077596596898,0.6152334027913069,0.5650361858667076,19.61953297348234,,0.6599865782809275,10627,9.463987444725168,3994667.9436950684,0.006688888189237046
regir_untied4_sg,2,30v30_K12,0,764,,0.45370681408549796,0.7412105105649109,,0.6946071226989011,,32294,2.151841122309794,637959.3433113098,0.00680289978787119
regir_untied4_sg,2,30v30_K12,1,764,0.020463866723006676,0.38415242150111933,0.782066435343129,5.342261502880077,,0.8820325055538298,32294,3.805019296977854,1578448.864807129,0.017526272830729137
regir_untied4_sg,2,30v30_K12,2,764,0.03921731581533133,0.44070770739830184,0.7399762741322461,7.706863192987692,,0.6027525511677735,32294,5.383756307748474,3027736.643676758,0.09703581488125088
regir_untied4_sg,2,30v30_K12,3,764,0.33082482980378947,0.6539018284194079,0.5562834979564644,16.09341478222952,,0.7254767248325131,32294,10.105025076268035,9098832.10546875,0.1028427414436922
regir_untied4_sg,2,30v30_K12,4,764,0.6094939884149435,0.6976456955984587,0.5082695820575249,19.96077671912328,,0.6596531253359229,32294,11.931541574227637,14204957.683105469,0.08163052044286374
regir_untied4_sg,2,30v30_K2,0,770,,0.42990577783212325,0.7368165475242962,,0.6353484214862456,,24370,2.644405004053935,591667.7316551208,0.008074426348934476
regir_untied4_sg,2,30v30_K2,1,770,0.03790168713238803,0.41208718690213425,0.7472870276266067,4.937972411397215,,0.8544078874024185,24370,4.258135941693726,1229585.4864959717,0.009598085107746042
regir_untied4_sg,2,30v30_K2,2,770,0.061281658021745705,0.4173119228920628,0.742109500171204,7.342927802073491,,0.490982565847603,24370,4.342855761108491,1819061.9196166992,0.009935848346186629
regir_untied4_sg,2,30v30_K2,3,770,0.35960722865684974,0.5704512994979414,0.6089504410711034,15.108729721044565,,0.6393862037541899,24370,6.503368865164282,5538261.736694336,0.010692633756953522
regir_untied4_sg,2,30v30_K2,4,770,0.5412094273737499,0.6347092060990922,0.553355708181894,19.78203267679586,,0.616688916469748,24370,8.633205352311062,9623876.23059082,0.01007250693566106
regir_untied4_sg,2,50v50_K2,0,777,,0.4520812552999834,0.7279141795296308,,0.6094483331843855,,37375,2.7933865374051563,950932.3665866852,0.01664652088648573
regir_untied4_sg,2,50v50_K2,1,777,0.036461395030560555,0.43805965563190713,0.7347706673757652,4.980618256936509,,0.8583329925486517,37375,4.3740048989528395,1894521.1162261963,0.017833135486616025
regir_untied4_sg,2,50v50_K2,2,777,0.0624243511661351,0.4429264026348758,0.7293878109123824,7.541493454648414,,0.4758823903237991,37375,4.458453849480808,2715923.705291748,0.02381669035116481
regir_untied4_sg,2,50v50_K2,3,777,0.337479598602811,0.5869247485004757,0.5978105618367909,15.23007210678729,,0.6181939372382762,37375,6.229973577577752,8101454.9339904785,0.020968829878972667
regir_untied4_sg,2,50v50_K2,4,777,0.5636346525005622,0.6512844941248976,0.5402704650839028,19.775186269286362,,0.5873260095379554,37375,8.162518999322103,13854720.395385742,0.023936825527374916
regir_fixed4_sg,0,10v10_K2,0,734,,0.30692818686084966,0.7935841525100201,,0.5964883194210198,,10108,2.4911846623009293,313928.2733783722,
regir_fixed4_sg,0,10v10_K2,1,734,0.04160036826078919,0.36608052821967285,0.7430646906118081,5.1766102193811605,,0.6659251830546175,10108,5.194716967914522,742565.5564727783,
regir_fixed4_sg,0,10v10_K2,2,734,0.05780047418666469,0.3413244480531499,0.761201004956881,7.3785602213251495,,0.6145301656672051,10108,4.590312171914367,756870.4453430176,
regir_fixed4_sg,0,10v10_K2,3,734,0.28346624648914104,0.508014176347941,0.6469541989288322,11.085397756067218,,0.6351915181274275,10108,5.46202714461032,1301819.4846343994,
regir_fixed4_sg,0,10v10_K2,4,734,0.6171329123163418,0.5389382149767545,0.6228196811141885,13.425038267221373,,0.5304338788658292,10108,6.411265166687029,1889116.5368652344,
regir_fixed4_sg,0,10v10_K3,0,722,,0.31411028293827525,0.7964818179416233,,0.6615721929054823,,10627,2.273777074476538,305037.26365089417,0.003315388448343102
regir_fixed4_sg,0,10v10_K3,1,722,0.035241908429474625,0.38335502340704397,0.7398382446974017,5.101246631706851,,0.6782514542942832,10627,5.070933353056407,756675.476348877,0.0027174510008197497
regir_fixed4_sg,0,10v10_K3,2,722,0.050980183881680644,0.3451508463416504,0.7671275186955742,7.346760770290512,,0.6330032098737562,10627,4.389227641113023,766507.3837585449,0.002511349101552902
regir_fixed4_sg,0,10v10_K3,3,722,0.2659360252661305,0.517385720999795,0.645651467160335,11.480824359236001,,0.6872618097742522,10627,5.5090273076384095,1359729.7726135254,0.0028605801129441117
regir_fixed4_sg,0,10v10_K3,4,722,0.6478418812279556,0.5553450383792092,0.6165060874260962,14.305326863339072,,0.6148376541432017,10627,6.63816964441761,2009219.136352539,0.004012058640306056
regir_fixed4_sg,0,30v30_K12,0,764,,0.39417564246937914,0.7730276182846861,,0.6917731964699719,,32294,2.2376693398719256,923879.2425613403,0.007610793542104237
regir_fixed4_sg,0,30v30_K12,1,764,0.020508319232972836,0.4480736053119079,0.7215427682980895,4.906371966394454,,0.7214942576087356,32294,5.094740734436418,2278734.672729492,0.00899387089579982
regir_fixed4_sg,0,30v30_K12,2,764,0.0322520484915527,0.41847782069433115,0.7431496115621556,6.713430678345146,,0.6187616983674221,32294,4.47007514177527,2259206.1392211914,0.0134107184824282
regir_fixed4_sg,0,30v30_K12,3,764,0.2658668539867156,0.5944490715655868,0.6080324658762261,11.277683707119907,,0.722024231816509,32294,6.189255153978467,4303832.771972656,0.022996275156677536
regir_fixed4_sg,0,30v30_K12,4,764,0.681372778382913,0.6413668189821127,0.5672354269148268,14.14530418805427,,0.6476586311467115,32294,7.697976735803442,6703745.989624023,0.02909528199357006
regir_fixed4_sg,0,30v30_K2,0,770,,0.3856502569861061,0.7554432809552782,,0.613729792798089,,24370,2.915201877563739,853130.2773952484,0.008348114131744421
regir_fixed4_sg,0,30v30_K2,1,770,0.03744339586026564,0.43174615192120164,0.7178839906289206,5.350880580134206,,0.7206771585989643,24370,5.519993024114271,1830414.5683135986,0.010524121147083308
regir_fixed4_sg,0,30v30_K2,2,770,0.05080258968090049,0.4035978845591437,0.7339864278378716,7.0059922243093515,,0.6416120832609767,24370,5.00263257520805,1815382.4831542969,0.01319152538009478
regir_fixed4_sg,0,30v30_K2,3,770,0.25976613466809323,0.5433677046525304,0.6327651379425221,10.498922206519486,,0.6508000912849565,24370,5.935157960379287,2983064.934906006,0.012096859804440861
regir_fixed4_sg,0,30v30_K2,4,770,0.6519878802941991,0.5755916084177931,0.6044497786639077,13.091611101100971,,0.5522819154417595,24370,7.182026437289129,4458852.480560303,0.013856555749624811
regir_fixed4_sg,0,50v50_K2,0,777,,0.40857800444507186,0.7463986636426262,,0.6206118437888926,,37375,3.100879524759954,1366594.610666275,0.017433994695691468
regir_fixed4_sg,0,50v50_K2,1,777,0.03607328205360498,0.4530805423574,0.7093130078330301,5.3406649728232525,,0.7380168893540017,37375,5.691080283163806,2860198.6257629395,0.02092516331859937
regir_fixed4_sg,0,50v50_K2,2,777,0.04978845807956176,0.4248821167760702,0.7246748565275932,6.810260615907274,,0.6526475214752657,37375,5.22951402338624,2813968.0691986084,0.026107332715290744
regir_fixed4_sg,0,50v50_K2,3,777,0.26737250892524556,0.5560247787187166,0.6278401279616468,10.153896058695043,,0.6718574918964655,37375,6.1203155776858535,4512264.039901733,0.021119654040191838
regir_fixed4_sg,0,50v50_K2,4,777,0.6467657491871596,0.585680421486451,0.600900269651129,12.338304727694243,,0.552643578825642,37375,7.37192895995127,6671568.296203613,0.022730467925029127
regir_kv0_fixed4_sg,0,10v10_K2,0,734,,0.352603233293127,0.7782442599955885,,0.5989911414147494,,10108,2.76464075755847,330961.55278873444,
regir_kv0_fixed4_sg,0,10v10_K2,1,734,0.08338165684563804,0.34666794556480784,0.7530495250929926,4.389586556347579,,0.6814236192724216,10108,4.401243907073643,769465.724685669,
regir_kv0_fixed4_sg,0,10v10_K2,2,734,0.5688386651673203,0.4297707789078419,0.6904229440749832,9.539062555219562,,0.6130485428151434,10108,7.861175355059201,1658091.4467468262,
regir_kv0_fixed4_sg,0,10v10_K2,3,734,0.169187039123492,0.49796130819319223,0.6476729382781646,13.101979681841359,,0.5023528319103141,10108,10.893509591370712,2704525.2130737305,
regir_kv0_fixed4_sg,0,10v10_K2,4,734,0.17859263778683204,0.540284992579733,0.6220730607416498,15.50258111174165,,0.4736629714520124,10108,13.353938580502115,3803168.336242676,
regir_kv0_fixed4_sg,0,10v10_K3,0,722,,0.3597264584845649,0.780807664253279,,0.6473679865930253,,10627,2.5561003145867276,321836.5098323822,0.0031927487991057694
regir_kv0_fixed4_sg,0,10v10_K3,1,722,0.09628053553365713,0.3647972230758995,0.748352281067411,4.438999362599486,,0.6960313762567059,10627,4.311465919722071,781754.8683013916,0.0022364707485446654
regir_kv0_fixed4_sg,0,10v10_K3,2,722,0.5593125949217339,0.44646111683095435,0.6881809606020973,9.332902252839213,,0.6308515572295703,10627,7.569964982672086,1657627.1950378418,0.002353669850794553
regir_kv0_fixed4_sg,0,10v10_K3,3,722,0.16060263290413548,0.5124146782654725,0.6453157445614818,12.890680129508233,,0.5464781366797707,10627,10.453832488798124,2686422.8871765137,0.0029508132698066315
regir_kv0_fixed4_sg,0,10v10_K3,4,722,0.18380423949921224,0.5529797614087145,0.6191369574401334,15.369058670429641,,0.5335490605186509,10627,12.82216912807734,3780698.0634765625,0.003354714030940812
regir_kv0_fixed4_sg,0,30v30_K12,0,764,,0.43221843466556864,0.759000651362414,,0.6512989216269209,,32294,2.52980507286257,986131.7401618958,0.0074022632242753605
regir_kv0_fixed4_sg,0,30v30_K12,1,764,0.0995165472317796,0.4376440525415336,0.7216560815557977,4.581521020665843,,0.7453519000382685,32294,4.415434635847642,2373113.8674316406,0.007937713049530478
regir_kv0_fixed4_sg,0,30v30_K12,2,764,0.5702475029678772,0.5117488687575937,0.667508479200403,9.698036977757958,,0.6669251691053653,32294,7.472313384688741,4897153.701965332,0.008493579599548511
regir_kv0_fixed4_sg,0,30v30_K12,3,764,0.17226728579165893,0.5748369808917945,0.622014619485239,12.318070851071342,,0.5060990751019915,32294,10.335413209610667,7913992.225952148,0.010080269394333189
regir_kv0_fixed4_sg,0,30v30_K12,4,764,0.1579686635810618,0.6124462339161776,0.594100023047707,14.49012798539007,,0.46065462060313633,32294,12.72958697954841,11198278.396850586,0.011088897056729241
regir_kv0_fixed4_sg,0,30v30_K2,0,770,,0.425787195001203,0.7422007055673117,,0.59730010581379,,24370,3.1486429149815547,897337.4953670502,0.007496403594405654
regir_kv0_fixed4_sg,0,30v30_K2,1,770,0.11388565859051082,0.4021460844959171,0.7304553700243378,4.3172661371045296,,0.6966625124467789,24370,4.617111163140175,1918498.1852416992,0.008018693813505319
regir_kv0_fixed4_sg,0,30v30_K2,2,770,0.5836584026363313,0.48145689305504347,0.6690733878023131,9.646927182086102,,0.6138821894605014,24370,8.489332353172221,4335697.564575195,0.01093936889518419
regir_kv0_fixed4_sg,0,30v30_K2,3,770,0.1527014548640914,0.5445515282887825,0.6261197111695203,12.620755875575078,,0.49839900712910534,24370,11.81149955955247,7145773.2958984375,0.013154259910221065
regir_kv0_fixed4_sg,0,30v30_K2,4,770,0.14975448175571893,0.5831597720243016,0.6010302338303558,15.16976063220532,,0.48574886304653575,24370,14.49891265631558,10121016.78302002,0.014951974561586872
regir_kv0_fixed4_sg,0,50v50_K2,0,777,,0.44810132316555684,0.7333031393952435,,0.5638078029220553,,37375,3.3130612478532324,1432615.1087913513,0.015198573275079577
regir_kv0_fixed4_sg,0,50v50_K2,1,777,0.1102407619420182,0.41924222424204194,0.723861636245049,4.270844010466007,,0.7089074565497887,37375,4.784712538206095,2990795.9586486816,0.016079112526224345
regir_kv0_fixed4_sg,0,50v50_K2,2,777,0.5751676033689737,0.4965036610301062,0.6626201784802137,9.641433105198727,,0.6076555098715765,37375,8.775710071449002,6815412.7771606445,0.019459990436368094
regir_kv0_fixed4_sg,0,50v50_K2,3,777,0.16645385055252937,0.5585370413328835,0.6190934033953646,12.746642736854701,,0.44360411643428577,37375,12.184696299943614,11265346.29208374,0.022248842190444092
regir_kv0_fixed4_sg,0,50v50_K2,4,777,0.14813778424099,0.5965240191206839,0.5935943515045775,15.245377916780372,,0.4258903199436257,37375,14.940033279428693,15960287.070922852,0.02451839960052145
regir_kv0_fixed4_sg,1,10v10_K2,0,734,,0.35734547410282275,0.7725431760355059,,0.512054132325519,,10108,2.801892434158516,362794.96670913696,
regir_kv0_fixed4_sg,1,10v10_K2,1,734,0.2797824558423439,0.332318294663476,0.7574832854272132,6.073612855955431,,0.6547800873958333,10108,4.7905843173369025,958292.3649749756,
regir_kv0_fixed4_sg,1,10v10_K2,2,734,0.42203903385141994,0.45387979288110025,0.6805911111990002,10.174458470591407,,0.5134291106690011,10108,9.202067000857953,2173756.3038635254,
regir_kv0_fixed4_sg,1,10v10_K2,3,734,0.1304890450662889,0.5395653119420104,0.6251401421669275,14.586034639654757,,0.40972938407825943,10108,13.845039587712415,3874459.4021606445,
regir_kv0_fixed4_sg,1,10v10_K2,4,734,0.1676894653686516,0.5858809794451819,0.5961417507478866,18.812487370311725,,0.44171022514472463,10108,17.947961219848917,5886126.087158203,
regir_kv0_fixed4_sg,1,10v10_K3,0,722,,0.3564917962916493,0.7779889569927747,,0.5567688713868305,,10627,2.5482345718355313,352683.3247833252,0.0038080191788800984
regir_kv0_fixed4_sg,1,10v10_K3,1,722,0.2664780468833471,0.3382166688164711,0.7599683541405022,6.139996567921625,,0.7038484053767246,10627,4.6264742036063335,976929.800201416,0.0029305673835616788
regir_kv0_fixed4_sg,1,10v10_K3,2,722,0.43758243584765943,0.47464039855650547,0.6739521281548133,10.013553216516806,,0.5442946371130691,10627,9.206759869674276,2260680.2478027344,0.002873604566612078
regir_kv0_fixed4_sg,1,10v10_K3,3,722,0.13430199590446318,0.5667830146584377,0.6141697159949958,13.865469490722276,,0.44066609464794027,10627,13.891538680898277,4038354.9974365234,0.0029549908857390192
regir_kv0_fixed4_sg,1,10v10_K3,4,722,0.16163752109513077,0.6147157596848093,0.583229326692089,17.75116838444633,,0.47443376824560557,10627,17.961283599076356,6112762.541259766,0.0029866109803068936
regir_kv0_fixed4_sg,1,30v30_K12,0,764,,0.4203844260454706,0.75911523906671,,0.5826665719889186,,32294,2.460698529988934,1066898.979183197,0.009517121357532422
regir_kv0_fixed4_sg,1,30v30_K12,1,764,0.2303549739952531,0.3969682944892545,0.7456378642578416,6.283921686142527,,0.7694142361243184,32294,4.640310439221414,3004158.734436035,0.0089456728721831
regir_kv0_fixed4_sg,1,30v30_K12,2,764,0.46296791685714944,0.5400347368836211,0.6505108940067238,9.279425850089307,,0.6151924187133273,32294,9.56378590510963,7093947.843261719,0.01365506028887259
regir_kv0_fixed4_sg,1,30v30_K12,3,764,0.1566803042622659,0.6293716883430893,0.5876131843521402,12.198364091169148,,0.4594706479807968,32294,14.55161929345755,12835173.756103516,0.018746049430046145
regir_kv0_fixed4_sg,1,30v30_K12,4,764,0.1499968071071578,0.6752938263903059,0.5543641139081494,15.579094841842252,,0.4624393707906295,32294,18.84855957029349,19499131.43701172,0.021720176759906076
regir_kv0_fixed4_sg,1,30v30_K2,0,770,,0.4322562277972668,0.734719470132435,,0.5292520303002282,,24370,3.244017685293311,983507.8456993103,0.009905215110409732
regir_kv0_fixed4_sg,1,30v30_K2,1,770,0.29796297048592124,0.4004062610543512,0.7270697064228012,5.872437646172264,,0.7038874986908725,24370,5.3828088342162195,2474422.0589294434,0.01213983405555946
regir_kv0_fixed4_sg,1,30v30_K2,2,770,0.43133375594128026,0.5007664850112511,0.6611976347393479,9.462570322643627,,0.5476397846800249,24370,9.775340413463935,5501221.837219238,0.01265302318782978
regir_kv0_fixed4_sg,1,30v30_K2,3,770,0.1448201008529029,0.5784589955093028,0.608511156784251,13.425501121174205,,0.44642095211389904,24370,14.630017671349204,9858548.137939453,0.013624200913812378
regir_kv0_fixed4_sg,1,30v30_K2,4,770,0.1258831739308984,0.6218859933198364,0.5786951171691808,17.61490825677847,,0.4612865415552782,24370,19.053756026366997,15118588.690063477,0.015426592059100373
regir_kv0_fixed4_sg,1,50v50_K2,0,777,,0.4540193155529596,0.7261104683930529,,0.5254328304738676,,37375,3.440396294658756,1574716.9639396667,0.019154717920547997
regir_kv0_fixed4_sg,1,50v50_K2,1,777,0.28860307851961636,0.4213184706915895,0.719658271870008,5.795454436747724,,0.7068213914281415,37375,5.591214541176775,3866705.3191070557,0.022295329308170537
regir_kv0_fixed4_sg,1,50v50_K2,2,777,0.42635541131127436,0.5155467335253594,0.6558895959770565,9.107466964954883,,0.5634610243783943,37375,9.957461219967925,8529172.137512207,0.022987353449786196
regir_kv0_fixed4_sg,1,50v50_K2,3,777,0.13955965421552544,0.5904466082469917,0.6036003160028924,13.125431443733598,,0.43333984908724416,37375,14.852265063182784,15300136.026367188,0.023870607251746997
regir_kv0_fixed4_sg,1,50v50_K2,4,777,0.14548185931542665,0.6331384816830544,0.5731580059784355,17.484964102544993,,0.4489464681911769,37375,19.3591488880253,23526497.874328613,0.026312710270140663
regir_kv0_fixed4_sg,2,10v10_K2,0,734,,0.36308360814840984,0.8009643874154695,,0.46767041093006195,,10108,2.082841754984577,149504.6731967926,
regir_kv0_fixed4_sg,2,10v10_K2,1,734,0.24620163207264278,0.3089294974290398,0.7850094347901595,4.23534646069971,,0.522832713379876,10108,2.9614400210292495,344174.00730895996,
regir_kv0_fixed4_sg,2,10v10_K2,2,734,0.3383041305616931,0.3277844279673339,0.7764391388869504,9.554921473404367,,0.4914800250417592,10108,3.6778402387203353,612330.4939422607,
regir_kv0_fixed4_sg,2,10v10_K2,3,734,0.2234470238887912,0.35469394598304294,0.7601408999770605,12.759292000321016,,0.4768567206296222,10108,4.695010389563625,993490.5742797852,
regir_kv0_fixed4_sg,2,10v10_K2,4,734,0.19204721104921696,0.38414553075030583,0.741472075953206,15.554651531276651,,0.4637949286073357,10108,5.9289952358435425,1521654.1275939941,
regir_kv0_fixed4_sg,2,10v10_K3,0,722,,0.37143972916585793,0.7966842048190722,,0.511245727203555,,10627,1.956355876150303,145292.1534729004,0.0029312001275321096
regir_kv0_fixed4_sg,2,10v10_K3,1,722,0.221213158279249,0.30968094078378355,0.7898579232879422,4.304279277529413,,0.5597680750771524,10627,2.81222863355377,350823.0593109131,0.0032630320189548537
regir_kv0_fixed4_sg,2,10v10_K3,2,722,0.3533725853649482,0.3368713624249502,0.7786623189596805,9.457709422732323,,0.5265571953864734,10627,3.6072678816566217,644446.3671417236,0.0030574588223887806
regir_kv0_fixed4_sg,2,10v10_K3,3,722,0.22651506546795125,0.3660956757077063,0.7608928893710722,12.707425051448748,,0.5327037696998497,10627,4.666326485642805,1051282.9186706543,0.0031381231334962753
regir_kv0_fixed4_sg,2,10v10_K3,4,722,0.19889918921282315,0.39827178985882206,0.739999276564331,15.760946926317716,,0.5183205457624072,10627,5.927872008599604,1610942.5521850586,0.003225589526217869
regir_kv0_fixed4_sg,2,30v30_K12,0,764,,0.4380245398017475,0.7634718236897502,,0.5264007241905226,,32294,1.9267520219915408,439177.91999435425,0.008029917310959105
regir_kv0_fixed4_sg,2,30v30_K12,1,764,0.12373840180647847,0.38908441054699794,0.7646729725753022,4.637662824379836,,0.5885327811977201,32294,2.8352557295424394,1084557.3999938965,0.018266808658947427
regir_kv0_fixed4_sg,2,30v30_K12,2,764,0.36927849615375735,0.41800356796434524,0.7605023429065983,8.724862190753377,,0.5408375653231026,32294,3.6302651046517007,1968029.0974731445,0.023535966958971765
regir_kv0_fixed4_sg,2,30v30_K12,3,764,0.28151961026173683,0.4401548814215619,0.7451071833774668,11.349348050449532,,0.5363740075052112,32294,4.55776606745945,3141349.2016601562,0.028372644156677694
regir_kv0_fixed4_sg,2,30v30_K12,4,764,0.22546349247141237,0.46628902924501786,0.7244550433220711,14.116982849480594,,0.5237787350587506,32294,5.683740281766744,4755668.370239258,0.03297559733807487
regir_kv0_fixed4_sg,2,30v30_K2,0,770,,0.4224492442604991,0.7722058229317041,,0.5476531380032366,,24370,2.2764499752342906,393466.79260253906,0.007016272038555744
regir_kv0_fixed4_sg,2,30v30_K2,1,770,0.21576903264982095,0.37895453275268043,0.7584769677838267,4.256329380227374,,0.5953791519815756,24370,3.2230147781564655,876408.5857086182,0.010351145696706658
regir_kv0_fixed4_sg,2,30v30_K2,2,770,0.332599265311303,0.38812095533022695,0.7520655447853506,8.796492061367283,,0.5642244486389933,24370,3.805660451290434,1416786.861114502,0.017356692340853554
regir_kv0_fixed4_sg,2,30v30_K2,3,770,0.2384372541668837,0.4069077980582046,0.7405410320698359,11.581531077855594,,0.5369648947506338,24370,4.68662526888332,2242893.9715881348,0.024811204204718156
regir_kv0_fixed4_sg,2,30v30_K2,4,770,0.21319445100529022,0.43058299553116586,0.7256367755922376,14.292997821584924,,0.5059339750205746,24370,5.815437678540449,3440100.9504699707,0.0298506910080259
regir_kv0_fixed4_sg,2,50v50_K2,0,777,,0.4433248682119647,0.7623680665962691,,0.5473354653423202,,37375,2.3495459491773385,619536.2936401367,0.012298739074203069
regir_kv0_fixed4_sg,2,50v50_K2,1,777,0.20955688950073392,0.40965672848546353,0.7446033491281392,4.203635759335227,,0.6148134319096883,37375,3.349905298014025,1362427.156211853,0.02260804597867056
regir_kv0_fixed4_sg,2,50v50_K2,2,777,0.3173970494696722,0.42024659646107493,0.7351928535128343,8.493666541775834,,0.5718124842231683,37375,3.949649807049403,2137633.1771240234,0.0412499149378684
regir_kv0_fixed4_sg,2,50v50_K2,3,777,0.25025955054268784,0.4390389268028446,0.7226720247355638,11.164540013444624,,0.5417346897292932,37375,4.858142258351096,3374152.821685791,0.059910276505381214
regir_kv0_fixed4_sg,2,50v50_K2,4,777,0.22278651276120082,0.4609756279888492,0.707945003292349,13.940597054274079,,0.5086062549951854,37375,6.026638509743718,5192801.445373535,0.07274293224960468
regir_fixed4_sg,2,10v10_K2,0,734,,0.30934351479023464,0.8061910433346601,,0.5744281569663101,,10108,2.3971901945857543,280884.6973018646,
regir_fixed4_sg,2,10v10_K2,1,734,0.049969868890108564,0.4153929412880716,0.7305913879484303,3.642914301692952,,0.5173315996761451,10108,4.728438508134972,611659.3028869629,
regir_fixed4_sg,2,10v10_K2,2,734,0.0687185197843862,0.3701993104707395,0.7503812617738514,6.503970816934466,,0.537341242929374,10108,4.3134021021294116,776162.1729736328,
regir_fixed4_sg,2,10v10_K2,3,734,0.3386739481241938,0.53184208315949,0.6457884609088304,12.156823822198186,,0.5735643218120862,10108,6.214588215442698,1505042.515411377,
regir_fixed4_sg,2,10v10_K2,4,734,0.5426376643565253,0.5682420226581748,0.6094493483036767,17.167428489601903,,0.5408400389502483,10108,7.015982761766988,2539252.8834228516,
regir_fixed4_sg,2,10v10_K3,0,722,,0.3247574664918149,0.8024994227954656,,0.6157653291755998,,10627,2.2186901849981515,270002.34899520874,0.0026474665741759063
regir_fixed4_sg,2,10v10_K3,1,722,0.04387630135022643,0.41783853975390806,0.7350737551794123,3.6530636160987897,,0.5569214681336968,10627,4.539856173763066,617173.0276641846,0.003964750183433806
regir_fixed4_sg,2,10v10_K3,2,722,0.061742548416245165,0.3851368300172404,0.7467345185885433,6.578185077189079,,0.582093458509894,10627,4.238986260390259,809034.3298034668,0.004788927312480978
regir_fixed4_sg,2,10v10_K3,3,722,0.32915426795855807,0.5503457481334937,0.6336926636467555,12.48941622480461,,0.6151754649107269,10627,6.279316059041396,1613855.2240600586,0.004817283539226317
regir_fixed4_sg,2,10v10_K3,4,722,0.5652268815107149,0.5818660597161749,0.5971069172161637,17.710194826786537,,0.5827741739484742,10627,7.051653637616414,2790693.950744629,0.005097716020322705
regir_fixed4_sg,2,30v30_K12,0,764,,0.4234723117346426,0.7574342046636597,,0.6101952614211529,,32294,2.2058455792736567,807377.6314125061,0.00623429766957566
regir_fixed4_sg,2,30v30_K12,1,764,0.02479044935689346,0.48139649760603503,0.7135315822001109,3.4897254053210713,,0.624499967731126,32294,4.379894345737857,1774426.6593933105,0.016364852262016404
regir_fixed4_sg,2,30v30_K12,2,764,0.0351362818202586,0.45392095225752965,0.7214118721666509,6.130285206265475,,0.5982946039249117,32294,4.238960254566543,2332740.909729004,0.025747782703037275
regir_fixed4_sg,2,30v30_K12,3,764,0.23810939751061092,0.5870807645038714,0.6166011654186561,12.32910782941349,,0.6041687114143764,32294,6.252648584675852,4677933.385131836,0.036142902735465963
regir_fixed4_sg,2,30v30_K12,4,764,0.7019638706398494,0.6147027439167414,0.5780642651313519,18.66102982441168,,0.5914847604254936,32294,7.599568086013546,8941221.90258789,0.06330683030940874
regir_fixed4_sg,2,30v30_K2,0,770,,0.3798987912784239,0.770674965462729,,0.6026834501708681,,24370,2.7394782481409483,753540.2816333771,0.007516207530743008
regir_fixed4_sg,2,30v30_K2,1,770,0.04615398929048567,0.4917347364034107,0.696298908550855,3.607175507947996,,0.6075592784160698,24370,4.94818382787895,1473214.4910736084,0.008903964461722397
regir_fixed4_sg,2,30v30_K2,2,770,0.06440739993068922,0.43010991279238364,0.727437280561742,5.944473896707807,,0.6088544849407028,24370,4.474133017949754,1754191.858795166,0.011097515313059135
regir_fixed4_sg,2,30v30_K2,3,770,0.30065838028845004,0.5509564194473586,0.6441253958480778,11.101485320499965,,0.6115067278060156,24370,5.987219297073845,3218357.6427001953,0.011913185829365125
regir_fixed4_sg,2,30v30_K2,4,770,0.5887802325080258,0.5788339422671607,0.6115812459575728,16.158816680041227,,0.5804489909998468,24370,6.619940115991616,5437133.6915893555,0.017016045253636675
regir_fixed4_sg,2,50v50_K2,0,777,,0.4020369285047467,0.7617160050596462,,0.5480001303824332,,37375,2.9092962773953848,1208245.2270030975,0.016059162192843656
regir_fixed4_sg,2,50v50_K2,1,777,0.047199943208635395,0.5144394260073879,0.6850936927608452,3.540006794524469,,0.6178741003102586,37375,5.066600977584981,2283316.98487854,0.01770386678379537
regir_fixed4_sg,2,50v50_K2,2,777,0.06225578718327367,0.4479524106370071,0.7200577547744483,5.6359900406428745,,0.5917068328313154,37375,4.5494304666476575,2626981.604370117,0.023275991833368016
regir_fixed4_sg,2,50v50_K2,3,777,0.26945503811614,0.5496359685160038,0.6477048555667816,10.455457602075015,,0.5664883417667776,37375,5.799707455653535,4658056.808807373,0.031024007372428428
regir_fixed4_sg,2,50v50_K2,4,777,0.6210892311260799,0.5786320989759888,0.6139828486052582,15.710885284796952,,0.5324115603075261,37375,6.516733056519085,8138579.370056152,0.04125881904227112
regir_fixed4_sg,1,10v10_K2,0,734,,0.2872414160920325,0.8129615210285164,,0.5068296289439508,,10108,2.272079712192173,239759.2759771347,
regir_fixed4_sg,1,10v10_K2,1,734,0.6889190678002581,0.35010021941932257,0.7541247381206332,6.981685289570032,,0.5202130137881387,10108,4.649094561614129,587338.3023147583,
regir_fixed4_sg,1,10v10_K2,2,734,0.18374442630310256,0.35346526929686894,0.757978613341534,8.64392773916676,,0.6245762837638041,10108,4.329939732739343,612057.213394165,
regir_fixed4_sg,1,10v10_K2,3,734,0.08408766353707628,0.3665681432535546,0.7519074171009503,10.662185498089492,,0.6571308041526797,10108,4.682107156074345,787909.9736328125,
regir_fixed4_sg,1,10v10_K2,4,734,0.04324884598881611,0.39828355065214804,0.7329064881298066,12.95311998671342,,0.6880790801038463,10108,5.601128346395545,1133567.8209838867,
regir_fixed4_sg,1,10v10_K3,0,722,,0.29942717584892387,0.8119207149763553,,0.5686137935765643,,10627,2.071099127280486,231257.66460704803,0.0037422603450825848
regir_fixed4_sg,1,10v10_K3,1,722,0.696672612871898,0.35409016936637294,0.7617842844449606,6.708819298532861,,0.571905157560633,10627,4.455948868849514,591402.7169799805,0.0031866286283465124
regir_fixed4_sg,1,10v10_K3,2,722,0.17384814639852952,0.363326572115504,0.7591090244350668,8.778914576422144,,0.6736884204025803,10627,4.286470760739713,639602.9539642334,0.0063696051421503344
regir_fixed4_sg,1,10v10_K3,3,722,0.07546010018115965,0.3694921894199937,0.7557575620172826,10.898201877060359,,0.7166138219456217,10627,4.717148908602224,846675.3935852051,0.006022311704114396
regir_fixed4_sg,1,10v10_K3,4,722,0.05401914039674016,0.40299715374712514,0.7356064990946098,13.62784640016318,,0.7313750045206282,10627,5.6986703235679625,1249710.3850402832,0.006925681728228722
regir_fixed4_sg,1,30v30_K12,0,764,,0.4024879724105294,0.7726015752705834,,0.6073981994803954,,32294,2.029422818990484,707250.7704429626,0.010409544819093106
regir_fixed4_sg,1,30v30_K12,1,764,0.6926009991484772,0.41596481995731743,0.7476878317840895,5.893380145751993,,0.6407464110896319,32294,4.359497433883255,1741196.6426391602,0.014977472634306625
regir_fixed4_sg,1,30v30_K12,2,764,0.16217035614708328,0.45442859237822447,0.7219347692403757,8.262910050247353,,0.6930676107908916,32294,4.506561101256144,1955471.8541259766,0.0349640639023246
regir_fixed4_sg,1,30v30_K12,3,764,0.07686615592454149,0.47017743812469487,0.7117689846880826,10.598568785565062,,0.7111443410714535,32294,5.134721927255938,2660570.6993408203,0.04467270459217341
regir_fixed4_sg,1,30v30_K12,4,764,0.06836248713781246,0.5069428333147938,0.6872420292024435,13.391721214299427,,0.7273163975927733,32294,6.2282686845088895,3997495.9580078125,0.04978395801209836
regir_fixed4_sg,1,30v30_K2,0,770,,0.34916218427896173,0.7904664876052582,,0.5352952102199197,,24370,2.56965063912223,648981.4959173203,0.006229278598378187
regir_fixed4_sg,1,30v30_K2,1,770,0.677253911593421,0.4131749327127563,0.7279702024825458,6.8278979326223395,,0.54842510575781,24370,5.069247954029345,1514020.824645996,0.00892885949440535
regir_fixed4_sg,1,30v30_K2,2,770,0.1761135805822688,0.4139778331839564,0.733487853100063,8.359377099941304,,0.6737882485562885,24370,4.739054538598333,1538337.18309021,0.012376767827136943
regir_fixed4_sg,1,30v30_K2,3,770,0.09065780416271814,0.43022774980552464,0.7247489198165518,10.132947833507092,,0.7012472752381016,24370,5.243360419936333,1966033.2881469727,0.021808064234851394
regir_fixed4_sg,1,30v30_K2,4,770,0.05597470249363082,0.4593724878217488,0.7063633653549773,12.480924668250147,,0.7326869889842095,24370,6.38628840987357,2843633.269805908,0.029827743152491298
regir_fixed4_sg,1,50v50_K2,0,777,,0.36771681317624116,0.7860964455812548,,0.5164681730164457,,37375,2.7244933801521327,1044356.5562696457,0.013296905665684177
regir_fixed4_sg,1,50v50_K2,1,777,0.6694271242422228,0.4374877595719773,0.7177426409819782,6.715150716221931,,0.5160420836327444,37375,5.210492352921813,2376882.1499023438,0.016128685115454875
regir_fixed4_sg,1,50v50_K2,2,777,0.17859018752711736,0.4352825775225363,0.7254469030819987,8.138168699799664,,0.6292436829217233,37375,4.87382991307834,2395066.951477051,0.019436773383264067
regir_fixed4_sg,1,50v50_K2,3,777,0.09165965563212665,0.4492214057996704,0.7176596284508011,9.950690545017041,,0.6576329435886376,37375,5.431695436353964,3051269.8812561035,0.033499649171734036
regir_fixed4_sg,1,50v50_K2,4,777,0.060323031239381736,0.47869514614523057,0.6976459211945892,12.303589993308716,,0.6918027461938738,37375,6.658141056118329,4432627.215942383,0.04888393194417979
regir_kv0_intent_sg,0,10v10_K2,0,734,,0.29252413817318657,0.8152907255376513,,0.5298823680349453,,10108,1.6524990038497207,133852.56739902496,
regir_kv0_intent_sg,0,10v10_K2,1,734,0.875188892093114,0.5018254084342223,0.6687911576180496,6.9539764814220915,,0.5334264369190721,10108,6.337561793876908,812932.606552124,
regir_kv0_intent_sg,0,10v10_K2,2,734,0.11039023437082535,0.570181961185634,0.6250813850052381,8.192801688607448,,0.5420030136564802,10108,6.976825959488105,936145.0982513428,
regir_kv0_intent_sg,0,10v10_K2,3,734,0.012712872489171722,0.6019385240457003,0.6016050120037452,9.832535390308182,,0.5959584553263144,10108,7.487207582414499,1084873.496520996,
regir_kv0_intent_sg,0,10v10_K2,4,734,0.001708000720147485,0.6307227705975532,0.5792111882495085,11.767882491327436,,0.66587210971929,10108,8.067679787633672,1277752.8409423828,
regir_kv0_intent_sg,0,10v10_K3,0,722,,0.3000218963237063,0.8162686768052608,,0.620839882248677,,10627,1.5212574604105142,129232.70123672485,0.0030044227754908244
regir_kv0_intent_sg,0,10v10_K3,1,722,0.8943774377581486,0.5112857542001772,0.6715878025689823,6.824847068152599,,0.6282591079159275,10627,6.148046287135382,817445.209060669,0.0030216915635362255
regir_kv0_intent_sg,0,10v10_K3,2,722,0.09361784517300029,0.572737913320802,0.6294503402408909,7.9334198437899435,,0.6056491595617732,10627,6.76820953928204,939343.0562286377,0.0038479495737919773
regir_kv0_intent_sg,0,10v10_K3,3,722,0.010585228632807283,0.6046804040399062,0.6052485371453823,9.614703498388591,,0.6567025700850146,10627,7.285328779761949,1092133.2171325684,0.004696994535432958
regir_kv0_intent_sg,0,10v10_K3,4,722,0.001419488277540452,0.6338786040069321,0.5824256641872501,11.6626877414883,,0.7233489322279412,10627,7.882450798772239,1293277.036315918,0.005575099990349647
regir_kv0_intent_sg,0,30v30_K12,0,764,,0.3789048583936364,0.7878021445078507,,0.7019159788890117,,32294,1.4956646193627756,390139.4010562897,0.007800716435673522
regir_kv0_intent_sg,0,30v30_K12,1,764,0.9401326436959012,0.5479343133321601,0.6704712189204091,5.987595725590022,,0.7038813835409071,32294,6.0933204456023935,2436720.216949463,0.013409930702690465
regir_kv0_intent_sg,0,30v30_K12,2,764,0.05397223169502134,0.6108957827682215,0.6212131808463679,7.268133108840563,,0.7334360528921524,32294,6.660988738309551,2757909.7098999023,0.021046380589176843
regir_kv0_intent_sg,0,30v30_K12,3,764,0.005194770796243974,0.6440416270714447,0.5924498630286491,9.400522791902432,,0.7925370234873269,32294,7.15706311098596,3184916.9282226562,0.029089963135256334
regir_kv0_intent_sg,0,30v30_K12,4,764,0.0007003520666311479,0.6724026107114387,0.5673602397643276,11.993526374482359,,0.8414842369300979,32294,7.746634021009637,3763496.4161376953,0.03714305979519115
regir_kv0_intent_sg,0,30v30_K2,0,770,,0.3604314946231456,0.7830708777251875,,0.5884166906109533,,24370,1.8853973763705674,361072.8375673294,0.006669081053452227
regir_kv0_intent_sg,0,30v30_K2,1,770,0.8833189557512086,0.546525381046456,0.6495220784209177,6.54404426395119,,0.5941326013237641,24370,6.644453516416646,2046362.6501464844,0.010428157101012829
regir_kv0_intent_sg,0,30v30_K2,2,770,0.10147575624302248,0.6171607176126852,0.5989382799770274,7.670478874367553,,0.6019618989144628,24370,7.284983208415462,2354059.8743743896,0.012623587888137439
regir_kv0_intent_sg,0,30v30_K2,3,770,0.013265347680201309,0.64732613359016,0.574164704496825,9.393168113138769,,0.6553832546631629,24370,7.8010767133532735,2727457.440185547,0.015279671636699877
regir_kv0_intent_sg,0,30v30_K2,4,770,0.0019399411760156744,0.6735297965990682,0.5517732955156821,11.423905264247548,,0.716111068407426,24370,8.387595341937546,3209765.9229125977,0.01804903927235222
regir_kv0_intent_sg,0,50v50_K2,0,777,,0.38209571486829386,0.7748451604001201,,0.576090334818281,,37375,1.9973560125436212,582324.189948082,0.013950789954378363
regir_kv0_intent_sg,0,50v50_K2,1,777,0.8829864942620926,0.5649581215972909,0.6409277176609635,6.276710045076859,,0.5805761423357206,37375,6.820386541304939,3237120.334564209,0.019812385292485916
regir_kv0_intent_sg,0,50v50_K2,2,777,0.1005772851322726,0.6374960102752555,0.5864827189020398,7.367965373600159,,0.6087233555263566,37375,7.469060185723799,3718256.458190918,0.022738349195368428
regir_kv0_intent_sg,0,50v50_K2,3,777,0.013964449529169892,0.6675670974097538,0.5603252593717295,9.154532851706447,,0.66660487209632,37375,8.007310451566596,4307381.471984863,0.0269150153504507
regir_kv0_intent_sg,0,50v50_K2,4,777,0.0024717694511157944,0.6925280506854798,0.5376223300542359,11.232257269831084,,0.727454101518587,37375,8.621141636765874,5069299.094451904,0.03158396823785734
regir_kv0_intent_sg,1,10v10_K2,0,734,,0.30574396035552176,0.802754415247093,,0.6921851003576003,,10108,1.6248382967577168,127716.65350532532,
regir_kv0_intent_sg,1,10v10_K2,1,734,0.8287468001662629,0.5215947704032146,0.6611384124642734,8.84433986900288,,0.6927680844318367,10108,6.303405242240553,780326.2835006714,
regir_kv0_intent_sg,1,10v10_K2,2,734,0.1378688004612669,0.6247173360433164,0.5829391084101102,9.049172106165976,,0.6671886985151175,10108,7.599164681401684,981000.8336334229,
regir_kv0_intent_sg,1,10v10_K2,3,734,0.027545859948652062,0.6760204001499871,0.5394690309649286,9.925710756707256,,0.7014193555596703,10108,8.602893483739072,1193835.4168701172,
regir_kv0_intent_sg,1,10v10_K2,4,734,0.005838540344023866,0.7136006460088469,0.5057540322192758,11.157032728844833,,0.7425613589250221,10108,9.572288211468939,1439588.9753112793,
regir_kv0_intent_sg,1,10v10_K3,0,722,,0.3123134938399406,0.8034827964108876,,0.7230792445801661,,10627,1.5237691585685966,126118.42514896393,0.003006634244202213
regir_kv0_intent_sg,1,10v10_K3,1,722,0.8220039936829967,0.5274716980080045,0.6622739109265561,8.815101607354395,,0.7203075700144498,10627,6.181436200643093,797874.9590454102,0.003615024701747624
regir_kv0_intent_sg,1,10v10_K3,2,722,0.14589660939756635,0.6320234053451366,0.5815599004022,9.065808450085965,,0.6962006665586916,10627,7.511562997389234,1010653.5872497559,0.004299565054790088
regir_kv0_intent_sg,1,10v10_K3,3,722,0.027029670653956245,0.6841366452430249,0.5369522153047693,9.968373258028004,,0.7223089654808459,10627,8.535169998535585,1236019.5639648438,0.005148345412093518
regir_kv0_intent_sg,1,10v10_K3,4,722,0.005069725953734358,0.7217891418759315,0.5027315648372443,11.257031870680834,,0.7614795621368826,10627,9.519066214081612,1495863.5776062012,0.006002961581820621
regir_kv0_intent_sg,1,30v30_K12,0,764,,0.39253854378031394,0.7713353090558891,,0.7507567116120769,,32294,1.5360379820645096,392989.6376914978,0.00941043833640292
regir_kv0_intent_sg,1,30v30_K12,1,764,0.8808457989499207,0.596959524534858,0.6292057433058494,7.804525541073365,,0.7508928275124712,32294,6.290910846593148,2400602.408996582,0.019125265580492053
regir_kv0_intent_sg,1,30v30_K12,2,764,0.10064331247655343,0.6918036176410384,0.5479160282563063,7.937528029786354,,0.7208522361201736,32294,7.655004644913557,3067669.046813965,0.02564644392707295
regir_kv0_intent_sg,1,30v30_K12,3,764,0.015773592394079064,0.737591052046609,0.5040823138328027,9.079371763149481,,0.7726055332920053,32294,8.710331464142785,3769338.114135742,0.030621282221526533
regir_kv0_intent_sg,1,30v30_K12,4,764,0.002737296568128417,0.7704099866542398,0.47072853706717566,10.639632928433842,,0.8238892039836763,32294,9.723049814850079,4574631.5341796875,0.03435662325254936
regir_kv0_intent_sg,1,30v30_K2,0,770,,0.3723504753185353,0.7733751015990622,,0.6849980887831063,,24370,1.84399511513393,344398.9782190323,0.007017784536486265
regir_kv0_intent_sg,1,30v30_K2,1,770,0.8604901575374526,0.585070933122619,0.6273090886090049,8.14055720861856,,0.6817629931217714,24370,6.714994072864854,1981106.1179199219,0.01551483410066321
regir_kv0_intent_sg,1,30v30_K2,2,770,0.11445277453242958,0.6778930929196623,0.5510575235101446,8.153205829316919,,0.6813589512798431,24370,7.969166043098947,2449376.291229248,0.017707554125050703
regir_kv0_intent_sg,1,30v30_K2,3,770,0.02087449675910447,0.7221955461494699,0.5097071363934911,9.152635709341471,,0.7376909060705755,24370,8.932316243071128,2941384.663696289,0.02023751362517799
regir_kv0_intent_sg,1,30v30_K2,4,770,0.004182569140612504,0.7542448824370831,0.47784648670849583,10.539875266149446,,0.783981169211502,24370,9.868434112500127,3507267.4902648926,0.023338089277831653
regir_kv0_intent_sg,1,50v50_K2,0,777,,0.3921999398319226,0.7664978191306753,,0.6799394344560189,,37375,1.932195793022782,545683.8172473907,0.013704958265777487
regir_kv0_intent_sg,1,50v50_K2,1,777,0.8728908030472053,0.6105803213220571,0.6108365936087228,7.82635820234144,,0.6799575933440531,37375,6.879141318852752,3097474.4709472656,0.02881194490024905
regir_kv0_intent_sg,1,50v50_K2,2,777,0.1030795679045925,0.6971462092133638,0.5372997034328345,7.917386338517472,,0.6772268428899526,37375,8.118274476652488,3814393.963760376,0.03194811119706302
regir_kv0_intent_sg,1,50v50_K2,3,777,0.019665031750641368,0.7391400681008015,0.4967752202274628,9.050542365630161,,0.7383990065300892,37375,9.082622862011545,4568248.164825439,0.03623850349770572
regir_kv0_intent_sg,1,50v50_K2,4,777,0.004364595283616461,0.7696255136084131,0.46528236010972746,10.525994075618042,,0.789541774486199,37375,10.025981459613023,5435619.294677734,0.04181180156194276
regir_kv0_intent_sg,2,10v10_K2,0,734,,0.3422542567231877,0.791667233090126,,0.6018701936480796,,10108,2.066463384599508,180880.34450912476,
regir_kv0_intent_sg,2,10v10_K2,1,734,0.833123731393905,0.5587210086274503,0.6286917464192576,8.829905600898597,,0.6102525962957231,10108,6.539011658666961,810167.4588623047,
regir_kv0_intent_sg,2,10v10_K2,2,734,0.12819885429279113,0.6284343912122977,0.5863294052219737,9.101954509841649,,0.6064386960721302,10108,7.955202220165557,1114653.486328125,
regir_kv0_intent_sg,2,10v10_K2,3,734,0.029772448910446902,0.6682564771537901,0.5582862721828358,10.23011162755275,,0.6581914766083756,10108,9.17651031027508,1448769.3040771484,
regir_kv0_intent_sg,2,10v10_K2,4,734,0.00890496760204115,0.6974119234988855,0.5341068743518699,11.713843912779472,,0.7029631374136149,10108,10.341739567230642,1820303.9792175293,
regir_kv0_intent_sg,2,10v10_K3,0,722,,0.3532448611253936,0.7904796870997358,,0.6513322577667162,,10627,1.9370064996076914,175866.93575668335,0.0028405261274487715
regir_kv0_intent_sg,2,10v10_K3,1,722,0.840796708978114,0.5704483775965559,0.6279745307450263,8.795170600724683,,0.6582065826247198,10627,6.426703462563799,832002.9086914062,0.002424735184420187
regir_kv0_intent_sg,2,10v10_K3,2,722,0.12410964181168144,0.6347894405745883,0.5882002483067826,8.920063782266633,,0.6444279960131053,10627,7.7401452407728,1124555.7545471191,0.003508028627455047
regir_kv0_intent_sg,2,10v10_K3,3,722,0.02711986473071714,0.6705511830674789,0.562322334780959,9.994736752681785,,0.6820470409884308,10627,8.854856592806831,1441461.3127746582,0.004975258476445952
regir_kv0_intent_sg,2,10v10_K3,4,722,0.007973785476488198,0.6969569178587695,0.5396497762955823,11.443983807458112,,0.7158106619850819,10627,9.913466512456516,1792282.4653015137,0.006594390575617007
regir_kv0_intent_sg,2,30v30_K12,0,764,,0.42100548343412186,0.7658200551224843,,0.6445116771200856,,32294,1.9345162496027395,536822.3442306519,0.0071488025228476524
regir_kv0_intent_sg,2,30v30_K12,1,764,0.7655557835796428,0.6267403240263603,0.6056067374915258,8.343077931416596,,0.6519731453486851,32294,6.601465607029946,2606355.176513672,0.019543624748369282
regir_kv0_intent_sg,2,30v30_K12,2,764,0.1660509381591981,0.6726824280765588,0.5736976648966009,8.214674663169221,,0.6385579823854042,32294,7.672483743989024,3333771.8482666016,0.03131813848592427
regir_kv0_intent_sg,2,30v30_K12,3,764,0.04923208412345248,0.6989281261257154,0.5521215419935586,9.102653656642474,,0.6694920725741802,32294,8.592830697598083,4126080.369140625,0.04615336209561275
regir_kv0_intent_sg,2,30v30_K12,4,764,0.01916119527326068,0.7185333259121295,0.5331049837017543,10.415899198716847,,0.7002581612969452,32294,9.477835948199646,5013782.534057617,0.06157018443674602
regir_kv0_intent_sg,2,30v30_K2,0,770,,0.4026669670579507,0.7612329463175388,,0.6260721184489494,,24370,2.3242428258107792,487836.32136821747,0.006896497484978456
regir_kv0_intent_sg,2,30v30_K2,1,770,0.7715494212488849,0.603660091831739,0.6080854569070538,8.313766029902867,,0.6460315156098757,24370,6.885568791832548,2074862.210357666,0.008112274069888093
regir_kv0_intent_sg,2,30v30_K2,2,770,0.16265503310344437,0.671737356272415,0.5606514323976365,8.345304612060646,,0.6105129098972759,24370,8.342959261767781,2823931.140563965,0.011897632327657894
regir_kv0_intent_sg,2,30v30_K2,3,770,0.047243536553911065,0.7107717738230931,0.5294709861536546,9.301727915739084,,0.6420584244729095,24370,9.629550861041718,3655887.592163086,0.016738444413222694
regir_kv0_intent_sg,2,30v30_K2,4,770,0.018552007137549918,0.7388308830337309,0.5036828962841391,10.723015297852553,,0.6812348246977136,24370,10.867778325441593,4590886.472045898,0.021644816101274268
regir_kv0_intent_sg,2,50v50_K2,0,777,,0.419798996553309,0.7546034214790274,,0.6034300932092518,,37375,2.426133083152643,777186.155910492,0.013703499199355863
regir_kv0_intent_sg,2,50v50_K2,1,777,0.7509383309340079,0.624074136682555,0.5958501267760251,8.040754826986344,,0.6412208063456302,37375,7.026921293912857,3253480.1274871826,0.013967603492479087
regir_kv0_intent_sg,2,50v50_K2,2,777,0.16930695748774088,0.6896749856087567,0.5474950610828612,8.175134037452315,,0.5859543354070155,37375,8.498414655793356,4420628.2978515625,0.020129156319856747
regir_kv0_intent_sg,2,50v50_K2,3,777,0.05593226666390258,0.7277675417088348,0.5152544411482138,9.16690782230333,,0.615217329207956,37375,9.819162137719507,5725655.963317871,0.028535734761623927
regir_kv0_intent_sg,2,50v50_K2,4,777,0.02382244316831321,0.754690370379971,0.48904006577401293,10.61434267846774,,0.6556654899067367,37375,11.101451980435954,7202683.160583496,0.03725449209382514
regir_kv0_intent_sg,3,10v10_K2,0,734,,0.31071193555712695,0.8013920730611332,,0.549569063535529,,10108,1.545646342953931,128512.51242923737,
regir_kv0_intent_sg,3,10v10_K2,1,734,0.7885072418369292,0.5695645872757016,0.6211172464606742,8.608288304357503,,0.5612347315924388,10108,7.0884532025996405,881220.5618286133,
regir_kv0_intent_sg,3,10v10_K2,2,734,0.17054343835481794,0.6299174347105497,0.5785747913043402,10.001960639732735,,0.5673014179240176,10108,7.910224265296139,1032282.9278717041,
regir_kv0_intent_sg,3,10v10_K2,3,734,0.032909661932894865,0.6649537370174631,0.5496900584635205,10.714747199245629,,0.588979061414114,10108,8.63249263117591,1202494.776916504,
regir_kv0_intent_sg,3,10v10_K2,4,734,0.008039659636590145,0.6944346145942968,0.5234928744607193,11.37003282890008,,0.6257961586084284,10108,9.36315115235591,1400227.911956787,
regir_kv0_intent_sg,3,10v10_K3,0,722,,0.31524530426385655,0.8024311884455977,,0.6204358478053618,,10627,1.425240457305186,126278.87260723114,0.0038852403555744873
regir_kv0_intent_sg,3,10v10_K3,1,722,0.7958097046246324,0.5716734388819887,0.6314602250896935,8.895172715517292,,0.6259242558955961,10627,6.854509554680339,893021.9580688477,0.0039715155521155504
regir_kv0_intent_sg,3,10v10_K3,2,722,0.1673683044178169,0.626822373594123,0.590591635441096,10.300604711609203,,0.6175912804872676,10627,7.63672233245993,1044332.2134552002,0.0064246594413090875
regir_kv0_intent_sg,3,10v10_K3,3,722,0.030065436168546223,0.6614385650192607,0.5613900403074162,11.013690863950101,,0.629739917346178,10627,8.347649506846311,1221056.4001159668,0.009282374282937687
regir_kv0_intent_sg,3,10v10_K3,4,722,0.00675655315190396,0.6908628553958575,0.5346432148490349,11.631714248260963,,0.6602305061883808,10627,9.080632114784477,1429469.716217041,0.012209258334588698
regir_kv0_intent_sg,3,30v30_K12,0,764,,0.38989887304956095,0.7719832824583004,,0.6734355068458551,,32294,1.4287265533536981,391581.0518836975,0.010817297100069994
regir_kv0_intent_sg,3,30v30_K12,1,764,0.8382282948696801,0.5974456906984428,0.6359702149402526,8.174020843044001,,0.6845135838816782,32294,6.653142081568099,2656546.636566162,0.023569616926414846
regir_kv0_intent_sg,3,30v30_K12,2,764,0.12595820457416132,0.6527340980374488,0.5894987482943208,9.484592250504418,,0.6515148967801296,32294,7.399779747988994,3092735.796813965,0.03924313972819863
regir_kv0_intent_sg,3,30v30_K12,3,764,0.028253256921458036,0.6878047362388765,0.5563103091716687,10.347519578733994,,0.6568368798285559,32294,8.098904891342736,3629276.606689453,0.05958328047167593
regir_kv0_intent_sg,3,30v30_K12,4,764,0.007560242583076496,0.7178650273429998,0.5265079914088949,11.192951041366417,,0.6820035372287608,32294,8.842307075001912,4287062.286621094,0.08070432539982539
regir_kv0_intent_sg,3,30v30_K2,0,770,,0.37107205976780255,0.7759065356882363,,0.5808967400644277,,24370,1.758088443663648,342305.204041481,0.007911192206224226
regir_kv0_intent_sg,3,30v30_K2,1,770,0.7820103242993355,0.6048950971073962,0.6019076699186281,8.033278480443087,,0.5949773236605767,24370,7.536343488026379,2299630.1906585693,0.016587089881349895
regir_kv0_intent_sg,3,30v30_K2,2,770,0.16370241112747025,0.6605497838129514,0.5584284695981919,9.157032826039698,,0.5587343860115553,24370,8.312127363226848,2647384.222015381,0.017675448969463922
regir_kv0_intent_sg,3,30v30_K2,3,770,0.041653326833546965,0.6927015440265484,0.5300191412860694,9.857854371566278,,0.5789521243347711,24370,8.992949053162192,3038552.581970215,0.020190771720599316
regir_kv0_intent_sg,3,30v30_K2,4,770,0.01263393720427518,0.7196330602828365,0.5049003456206539,10.511493305107216,,0.6123336936699579,24370,9.67080893293326,3489514.255004883,0.023371489511563315
regir_kv0_intent_sg,3,50v50_K2,0,777,,0.3888810049295683,0.7712711515349612,,0.5853818339599538,,37375,1.8546166313681067,546701.3981256485,0.015371659310098236
regir_kv0_intent_sg,3,50v50_K2,1,777,0.7646031991807574,0.6245101976770399,0.5914175968222223,7.759326432509158,,0.6040289028145037,37375,7.7011332310924185,3617599.5804748535,0.029015304091773695
regir_kv0_intent_sg,3,50v50_K2,2,777,0.17637768625988934,0.678273810436131,0.5474814541959521,8.793879337138957,,0.545037272275087,37375,8.488624224400814,4162026.9113464355,0.03093375191051814
regir_kv0_intent_sg,3,50v50_K2,3,777,0.045518409331108026,0.7108420248647246,0.517803763754702,9.459508180618286,,0.5608450968895572,37375,9.187546965668211,4776154.3798828125,0.03563891186752196
regir_kv0_intent_sg,3,50v50_K2,4,777,0.013500707086908315,0.7377345616774617,0.49173138237466396,10.112183504583292,,0.5994487415050559,37375,9.883419716976002,5483221.516387939,0.0417993102287512
regir_kv0_intent_sg,4,10v10_K2,0,734,,0.3110949233863662,0.8068622691216887,,0.661993377100297,,10108,1.9107990962093888,171357.72472286224,
regir_kv0_intent_sg,4,10v10_K2,1,734,0.8636925010979988,0.4333657005605454,0.7001919036513642,9.329574286775303,,0.648715493799059,10108,5.12411929426421,601166.7610092163,
regir_kv0_intent_sg,4,10v10_K2,2,734,0.11914104042204898,0.5078306912648852,0.6548836793052846,10.632103378506383,,0.6612204803477326,10108,6.334116893164384,839900.8336334229,
regir_kv0_intent_sg,4,10v10_K2,3,734,0.015683387556935338,0.5556175638287111,0.6257210299740001,13.054078970033402,,0.7229863430992394,10108,7.713577900095824,1208739.6898498535,
regir_kv0_intent_sg,4,10v10_K2,4,734,0.0014830694113366007,0.5921772348101115,0.6035787619515236,16.441155566831377,,0.7785952640418521,10108,9.258388551945716,1716626.4352722168,
regir_kv0_intent_sg,4,10v10_K3,0,722,,0.32249466853111064,0.8026871268388698,,0.6801543145654549,,10627,1.7941429322413012,170668.33105659485,0.004123350114912354
regir_kv0_intent_sg,4,10v10_K3,1,722,0.8576068817444372,0.45476315523940825,0.6943349281721848,9.511467708114772,,0.6742628350888628,10627,5.100394704583804,628190.8547897339,0.002114291173293987
regir_kv0_intent_sg,4,10v10_K3,2,722,0.12557437982976305,0.5198754902240059,0.652186015464898,10.749855511736671,,0.687993138280888,10627,6.26647683186317,866842.9630889893,0.00227144025412943
regir_kv0_intent_sg,4,10v10_K3,3,722,0.015207785140296864,0.5653994574737445,0.6235085404762323,12.977231416345633,,0.7421601412655867,10627,7.610190671606534,1240059.5827026367,0.0026530432284472176
regir_kv0_intent_sg,4,10v10_K3,4,722,0.0016109521284555905,0.6003210016618976,0.6017363510980113,16.2662612328569,,0.7872605981096995,10627,9.116961870365213,1755298.3780212402,0.0030093780233849646
regir_kv0_intent_sg,4,30v30_K12,0,764,,0.39552846355148386,0.7716708129717434,,0.7339078042512903,,32294,1.815447958234741,528745.0630722046,0.012234419104741085
regir_kv0_intent_sg,4,30v30_K12,1,764,0.8831222010727641,0.526739045963252,0.6681230196851573,8.738705179454145,,0.7216982800477686,32294,5.286750085317872,1930177.1031799316,0.008360527229863818
regir_kv0_intent_sg,4,30v30_K12,2,764,0.10262394052517541,0.587656125025827,0.6236412445371445,10.337724331473805,,0.7599481576593122,32294,6.4234545301665005,2620745.2605895996,0.009565316294233399
regir_kv0_intent_sg,4,30v30_K12,3,764,0.012058430364301967,0.6252738012454464,0.5960538111386015,13.216124824516436,,0.800685154437855,32294,7.7362583222433825,3723337.3754882812,0.010166751289020226
regir_kv0_intent_sg,4,30v30_K12,4,764,0.0021954293646084967,0.6532015898802369,0.5758270175438561,17.097414924836283,,0.8321578448515509,32294,9.191907944587609,5224805.155395508,0.010078518797063354
regir_kv0_intent_sg,4,30v30_K2,0,770,,0.373570867001469,0.7788826826109247,,0.6932560976292635,,24370,2.162311144047444,453260.5582637787,0.00882006851676344
regir_kv0_intent_sg,4,30v30_K2,1,770,0.8882134084626064,0.4931532690233873,0.6779075756414895,8.675716799575014,,0.6875343979462176,24370,5.457577670528797,1519633.3735427856,0.010692234533016825
regir_kv0_intent_sg,4,30v30_K2,2,770,0.09737566545678986,0.567136833732583,0.6275605725183899,10.098868086740568,,0.7269932723629313,24370,6.760055850741132,2109014.210128784,0.011547000259382158
regir_kv0_intent_sg,4,30v30_K2,3,770,0.012407494093306926,0.6082296160829637,0.5992118551668596,12.989609230958022,,0.7792834154707757,24370,8.203352890246295,3031171.136657715,0.012495889633828075
regir_kv0_intent_sg,4,30v30_K2,4,770,0.00200343380440269,0.6389136283135014,0.5790364508947301,16.764485036552728,,0.817173909677847,24370,9.778553656746906,4277105.520782471,0.013567193247223882
regir_kv0_intent_sg,4,50v50_K2,0,777,,0.3918531653533182,0.7721284872051174,,0.7040399895580757,,37375,2.278261523716655,721778.8760547638,0.017713034893225246
regir_kv0_intent_sg,4,50v50_K2,1,777,0.8900092130615598,0.5194937938063011,0.6652231553284749,8.351941261819277,,0.7001395445633235,37375,5.599033801830833,2369788.6028823853,0.01902119062117668
regir_kv0_intent_sg,4,50v50_K2,2,777,0.09516721395496248,0.5936149174571382,0.6128952030269113,9.799082102155747,,0.7391950886953493,37375,6.9422869728183985,3296732.374710083,0.02126608930082592
regir_kv0_intent_sg,4,50v50_K2,3,777,0.012931024197230306,0.6334754367670794,0.5835329010899909,12.783329483164783,,0.790077456290431,37375,8.436737805353118,4745180.8427734375,0.024146764356111718
regir_kv0_intent_sg,4,50v50_K2,4,777,0.0018925508985394002,0.6621845883109276,0.5630058472916347,16.65024745725143,,0.8224817361554195,37375,10.05644822882279,6685476.126190186,0.026998798460518787
