[regir_nocount] no resume checkpoint; start this arm from step 0
[regir_nocount] 0:00:11  1,518/1,000,000  135.4/s  upd=2  L=0.0612  D=-
[regir_nocount] 0:00:22  1,518/1,000,000  68.3/s  upd=5  L=0.0462  D=-
[regir_nocount] 0:00:34  1,861/1,000,000  53.2/s  upd=9  L=0.0448  D=-
[regir_nocount] 0:00:45  1,861/1,000,000  40.8/s  upd=14  L=0.0435  D=-
[regir_nocount] 0:00:56  2,234/1,000,000  39.3/s  upd=17  L=0.0447  D=-
[regir_nocount] 0:01:07  2,234/1,000,000  33.2/s  upd=21  L=0.0453  D=-
[regir_nocount] 0:01:17  2,234/1,000,000  28.9/s  upd=24  L=0.0446  D=-
[regir_nocount] 0:01:27  2,583/1,000,000  29.4/s  upd=27  L=0.0458  D=-
[regir_nocount] 0:01:38  2,583/1,000,000  26.3/s  upd=32  L=0.0523  D=-
[regir_nocount] 0:01:49  2,989/1,000,000  27.2/s  upd=35  L=0.0469  D=-
[regir_nocount] 0:01:59  2,989/1,000,000  24.9/s  upd=40  L=0.0434  D=-
[regir_nocount] 0:02:12  3,352/1,000,000  25.3/s  upd=44  L=0.0427  D=-
[regir_nocount] 0:02:22  3,352/1,000,000  23.5/s  upd=48  L=0.0562  D=-
[regir_nocount] 0:02:34  3,820/1,000,000  24.7/s  upd=51  L=0.0482  D=-
[regir_nocount] 0:02:46  3,820/1,000,000  23.0/s  upd=56  L=0.0429  D=-
[regir_nocount] 0:02:56  3,820/1,000,000  21.7/s  upd=56  L=0.0429  D=-
[regir_nocount] 0:03:07  4,229/1,000,000  22.5/s  upd=62  L=0.0432  D=-
[regir_nocount] 0:03:20  4,588/1,000,000  22.9/s  upd=65  L=0.0547  D=-
[regir_nocount] 0:03:31  4,588/1,000,000  21.7/s  upd=69  L=0.0420  D=-
[regir_nocount] 0:03:41  4,588/1,000,000  20.7/s  upd=72  L=0.0411  D=-
[regir_nocount] 0:03:53  4,961/1,000,000  21.2/s  upd=77  L=0.0482  D=-
[regir_nocount] 0:04:03  4,961/1,000,000  20.4/s  upd=80  L=0.0509  D=-
[regir_nocount] 0:04:14  5,342/1,000,000  21.0/s  upd=82  L=0.0362  D=-
[regir_nocount] 0:04:25  5,342/1,000,000  20.1/s  upd=87  L=0.0325  D=-
[regir_nocount] 0:04:37  5,709/1,000,000  20.6/s  upd=90  L=0.0561  D=-
[regir_nocount] 0:04:47  5,709/1,000,000  19.9/s  upd=93  L=0.0458  D=-
[regir_nocount] 0:04:57  5,709/1,000,000  19.2/s  upd=96  L=0.0597  D=-
[regir_nocount] 0:05:07  6,147/1,000,000  20.0/s  upd=98  L=0.0390  D=-
[regir_nocount] 0:05:17  6,147/1,000,000  19.3/s  upd=104  L=0.0411  D=-
[regir_nocount] 0:08:25  6,147/1,000,000  12.2/s  upd=104  L=0.0411  D=-
[regir_nocount] 0:08:37  6,478/1,000,000  12.5/s  upd=106  L=0.0509  D=-
[regir_nocount] 0:08:47  6,478/1,000,000  12.3/s  upd=112  L=0.0434  D=-
[regir_nocount] 0:08:59  6,863/1,000,000  12.7/s  upd=114  L=0.0642  D=-
[regir_nocount] 0:09:09  6,863/1,000,000  12.5/s  upd=120  L=0.0405  D=-
[regir_nocount] 0:09:20  7,235/1,000,000  12.9/s  upd=121  L=0.0538  D=-
[regir_nocount] 0:09:32  7,235/1,000,000  12.6/s  upd=128  L=0.0569  D=-
[regir_nocount] 0:09:43  7,602/1,000,000  13.0/s  upd=130  L=0.0389  D=-
[regir_nocount] 0:09:56  7,602/1,000,000  12.7/s  upd=134  L=0.0378  D=-
[regir_nocount] 0:10:06  7,602/1,000,000  12.5/s  upd=136  L=0.0429  D=-
[regir_nocount] 0:10:16  8,006/1,000,000  13.0/s  upd=140  L=0.0392  D=-
[regir_nocount] saved resume t_env=8,006
[regir_nocount] 0:10:26  8,006/1,000,000  12.8/s  upd=144  L=0.0477  D=-
[regir_nocount] 0:10:36  8,006/1,000,000  12.6/s  upd=144  L=0.0477  D=-
[regir_nocount] 0:10:49  8,375/1,000,000  12.9/s  upd=149  L=0.0503  D=-
[regir_nocount] 0:10:59  8,375/1,000,000  12.7/s  upd=152  L=0.0354  D=-
[regir_nocount] 0:11:09  8,720/1,000,000  13.0/s  upd=158  L=0.0420  D=-
[regir_nocount] 0:11:19  8,720/1,000,000  12.8/s  upd=160  L=0.0522  D=-
[regir_nocount] 0:11:30  9,119/1,000,000  13.2/s  upd=164  L=0.0431  D=-
[regir_nocount] 0:11:42  9,471/1,000,000  13.5/s  upd=169  L=0.0485  D=-
[regir_nocount] 0:11:52  9,471/1,000,000  13.3/s  upd=174  L=0.0387  D=-
[regir_nocount] 0:12:03  9,833/1,000,000  13.6/s  upd=177  L=0.0459  D=-
[regir_nocount] 0:12:14  9,833/1,000,000  13.4/s  upd=182  L=0.0414  D=-
[regir_nocount] 0:12:25  10,222/1,000,000  13.7/s  upd=186  L=0.0387  D=-
[regir_nocount] 0:12:36  10,222/1,000,000  13.5/s  upd=192  L=0.0593  D=-
[regir_nocount] 0:12:47  10,712/1,000,000  14.0/s  upd=195  L=0.0483  D=-
[regir_nocount] 0:12:57  10,712/1,000,000  13.8/s  upd=200  L=0.0385  D=-
[regir_nocount] 0:13:08  11,095/1,000,000  14.1/s  upd=204  L=0.0545  D=-
[regir_nocount] 0:13:18  11,095/1,000,000  13.9/s  upd=208  L=0.0525  D=-
[regir_nocount] 0:13:29  11,439/1,000,000  14.1/s  upd=213  L=0.0372  D=-
[regir_nocount] 0:15:12  11,439/1,000,000  12.5/s  upd=216  L=0.0376  D=-
[regir_nocount] 0:15:22  11,439/1,000,000  12.4/s  upd=216  L=0.0376  D=-
[regir_nocount] 0:15:33  11,810/1,000,000  12.6/s  upd=219  L=0.0501  D=-
[regir_nocount] 0:15:45  11,810/1,000,000  12.5/s  upd=224  L=0.0568  D=-
[regir_nocount] 0:15:56  12,142/1,000,000  12.7/s  upd=226  L=0.0446  D=-
[regir_nocount] 0:16:06  12,142/1,000,000  12.6/s  upd=231  L=0.0398  D=-
[regir_nocount] 0:16:16  12,142/1,000,000  12.4/s  upd=232  L=0.0446  D=-
[regir_nocount] 0:16:30  12,464/1,000,000  12.6/s  upd=237  L=0.0527  D=-
[regir_nocount] 0:16:40  12,464/1,000,000  12.5/s  upd=240  L=0.0523  D=-
[regir_nocount] 0:16:54  12,852/1,000,000  12.7/s  upd=244  L=0.0410  D=-
[regir_nocount] 0:17:04  12,852/1,000,000  12.5/s  upd=248  L=0.0576  D=-
[regir_nocount] 0:17:17  13,186/1,000,000  12.7/s  upd=251  L=0.0462  D=-
[regir_nocount] 0:17:27  13,186/1,000,000  12.6/s  upd=256  L=0.0532  D=-
[regir_nocount] 0:17:38  13,578/1,000,000  12.8/s  upd=263  L=0.0387  D=-
[regir_nocount] 0:17:49  13,938/1,000,000  13.0/s  upd=269  L=0.0396  D=-
[regir_nocount] 0:17:59  13,938/1,000,000  12.9/s  upd=272  L=0.0487  D=-
[regir_nocount] 0:18:09  14,293/1,000,000  13.1/s  upd=278  L=0.0492  D=-
[regir_nocount] 0:18:21  14,701/1,000,000  13.3/s  upd=281  L=0.0277  D=-
[regir_nocount] 0:18:31  14,701/1,000,000  13.2/s  upd=288  L=0.0424  D=-
[regir_nocount] 0:18:42  15,100/1,000,000  13.4/s  upd=290  L=0.0352  D=-
[regir_nocount] 0:18:53  15,100/1,000,000  13.3/s  upd=296  L=0.0425  D=-
[regir_nocount] 0:19:03  15,437/1,000,000  13.5/s  upd=300  L=0.0420  D=-
[regir_nocount] 0:19:13  15,830/1,000,000  13.7/s  upd=308  L=0.0462  D=-
[regir_nocount] 0:19:24  16,186/1,000,000  13.9/s  upd=317  L=0.0429  D=-
[regir_nocount] 0:19:35  16,555/1,000,000  14.1/s  upd=326  L=0.0503  D=-
[regir_nocount] 0:19:45  16,939/1,000,000  14.3/s  upd=336  L=0.0551  D=-
[regir_nocount] 0:19:55  17,631/1,000,000  14.7/s  upd=345  L=0.0422  D=-
[regir_nocount] 0:20:06  18,026/1,000,000  14.9/s  upd=354  L=0.0413  D=-
[regir_nocount] 0:23:04  18,026/1,000,000  13.0/s  upd=360  L=0.0417  D=-
[regir_nocount] saved resume t_env=18,387
[regir_nocount] 0:23:14  18,387/1,000,000  13.2/s  upd=368  L=0.0474  D=-
[regir_nocount] 0:23:24  19,142/1,000,000  13.6/s  upd=377  L=0.0575  D=-
[regir_nocount] 0:23:37  19,512/1,000,000  13.8/s  upd=386  L=0.0484  D=-
[regir_nocount] 0:23:48  19,896/1,000,000  13.9/s  upd=393  L=0.0465  D=-
[regir_nocount] 0:23:59  20,246/1,000,000  14.1/s  upd=401  L=0.0419  D=-
[regir_nocount] 0:24:09  20,246/1,000,000  14.0/s  upd=407  L=0.0398  D=-
[regir_nocount] saved resume t_env=20,246
[regir_nocount] 0:24:24  20,246/1,000,000  13.8/s  upd=408  L=0.0302  ev=0/100  D=-
[regir_nocount] 0:24:34  20,246/1,000,000  13.7/s  upd=408  L=0.0302  ev=16/100  D=-
[regir_nocount] 0:24:44  20,246/1,000,000  13.6/s  upd=408  L=0.0302  ev=30/100  D=-
[regir_nocount] 0:24:54  20,246/1,000,000  13.5/s  upd=408  L=0.0302  ev=36/100  D=-
[regir_nocount] 0:25:04  20,246/1,000,000  13.5/s  upd=408  L=0.0302  ev=47/100  D=-
[regir_nocount] 0:25:14  20,246/1,000,000  13.4/s  upd=408  L=0.0302  ev=55/100  D=-
[regir_nocount] 0:25:24  20,246/1,000,000  13.3/s  upd=408  L=0.0302  ev=62/100  D=-
[regir_nocount] 0:25:35  20,246/1,000,000  13.2/s  upd=408  L=0.0302  ev=72/100  D=-
[regir_nocount] 0:25:45  20,246/1,000,000  13.1/s  upd=408  L=0.0302  ev=80/100  D=-
[regir_nocount] 0:25:55  20,246/1,000,000  13.0/s  upd=408  L=0.0302  ev=96/100  D=-
[regir_nocount] 0:28:16  20,246/1,000,000  11.9/s  upd=408  L=0.0302  D=4.300
[regir_nocount] 0:29:05  20,246/1,000,000  11.6/s  upd=408  L=0.0302  D=4.300
[regir_nocount] 0:29:16  20,656/1,000,000  11.8/s  upd=411  L=0.0418  D=4.300
[regir_nocount] 0:29:27  20,656/1,000,000  11.7/s  upd=416  L=0.0447  D=4.300
[regir_nocount] 0:29:38  21,049/1,000,000  11.8/s  upd=418  L=0.0318  D=4.300
[regir_nocount] 0:29:51  21,049/1,000,000  11.7/s  upd=423  L=0.0489  D=4.300
[regir_nocount] 0:30:05  21,416/1,000,000  11.9/s  upd=427  L=0.0377  D=4.300
[regir_nocount] 0:30:15  21,416/1,000,000  11.8/s  upd=432  L=0.0391  D=4.300
[regir_nocount] 0:30:25  21,767/1,000,000  11.9/s  upd=437  L=0.0428  D=4.300
[regir_nocount] 0:30:35  21,767/1,000,000  11.9/s  upd=440  L=0.0402  D=4.300
[regir_nocount] 0:30:45  21,767/1,000,000  11.8/s  upd=440  L=0.0402  D=4.300
[regir_nocount] 0:30:56  22,160/1,000,000  11.9/s  upd=446  L=0.0522  D=4.300
[regir_nocount] 0:31:06  22,160/1,000,000  11.9/s  upd=448  L=0.0512  D=4.300
[regir_nocount] 0:31:17  22,564/1,000,000  12.0/s  upd=452  L=0.0351  D=4.300
[regir_nocount] 0:31:27  22,564/1,000,000  12.0/s  upd=456  L=0.0500  D=4.300
[regir_nocount] 0:31:37  22,937/1,000,000  12.1/s  upd=457  L=0.0411  D=4.300
[regir_nocount] 0:31:50  22,937/1,000,000  12.0/s  upd=463  L=0.0453  D=4.300
[regir_nocount] 0:32:01  23,322/1,000,000  12.1/s  upd=465  L=0.0439  D=4.300
[regir_nocount] 0:32:13  23,322/1,000,000  12.1/s  upd=472  L=0.0434  D=4.300
[regir_nocount] 0:32:26  23,674/1,000,000  12.2/s  upd=473  L=0.0437  D=4.300
[regir_nocount] 0:32:36  23,674/1,000,000  12.1/s  upd=480  L=0.0400  D=4.300
[regir_nocount] 0:32:46  23,674/1,000,000  12.0/s  upd=480  L=0.0400  D=4.300
[regir_nocount] 0:32:58  24,049/1,000,000  12.2/s  upd=484  L=0.0350  D=4.300
[regir_nocount] 0:33:08  24,049/1,000,000  12.1/s  upd=488  L=0.0475  D=4.300
[regir_nocount] 0:33:19  24,427/1,000,000  12.2/s  upd=491  L=0.0434  D=4.300
[regir_nocount] 0:33:29  24,427/1,000,000  12.2/s  upd=496  L=0.0343  D=4.300
[regir_nocount] 0:33:39  24,784/1,000,000  12.3/s  upd=501  L=0.0489  D=4.300
[regir_nocount] 0:33:50  25,121/1,000,000  12.4/s  upd=507  L=0.0360  D=4.300
[regir_nocount] 0:34:00  25,121/1,000,000  12.3/s  upd=512  L=0.0345  D=4.300
[regir_nocount] 0:34:13  25,485/1,000,000  12.4/s  upd=515  L=0.0405  D=4.300
[regir_nocount] saved resume t_env=25,485
[regir_nocount] 0:35:00  25,485/1,000,000  12.1/s  upd=520  L=0.0461  D=4.300
[regir_nocount] 0:35:11  25,891/1,000,000  12.3/s  upd=525  L=0.0369  D=4.300
[regir_nocount] 0:35:21  25,891/1,000,000  12.2/s  upd=528  L=0.0409  D=4.300
[regir_nocount] 0:35:32  26,294/1,000,000  12.3/s  upd=534  L=0.0426  D=4.300
[regir_nocount] 0:35:42  26,637/1,000,000  12.4/s  upd=538  L=0.0412  D=4.300
[regir_nocount] 0:35:52  26,637/1,000,000  12.4/s  upd=544  L=0.0493  D=4.300
[regir_nocount] 0:36:02  26,995/1,000,000  12.5/s  upd=550  L=0.0532  D=4.300
[regir_nocount] 0:36:13  27,360/1,000,000  12.6/s  upd=554  L=0.0561  D=4.300
[regir_nocount] 0:36:25  27,360/1,000,000  12.5/s  upd=558  L=0.0474  D=4.300
[regir_nocount] 0:36:35  27,722/1,000,000  12.6/s  upd=563  L=0.0501  D=4.300
[regir_nocount] 0:36:45  27,722/1,000,000  12.6/s  upd=568  L=0.0420  D=4.300
[regir_nocount] 0:36:57  28,115/1,000,000  12.7/s  upd=571  L=0.0478  D=4.300
[regir_nocount] 0:37:07  28,115/1,000,000  12.6/s  upd=576  L=0.0407  D=4.300
[regir_nocount] 0:37:18  28,569/1,000,000  12.8/s  upd=577  L=0.0506  D=4.300
[regir_nocount] 0:37:30  28,569/1,000,000  12.7/s  upd=584  L=0.0368  D=4.300
[regir_nocount] 0:37:42  28,882/1,000,000  12.8/s  upd=585  L=0.0353  D=4.300
[regir_nocount] 0:37:52  28,882/1,000,000  12.7/s  upd=591  L=0.0375  D=4.300
[regir_nocount] 0:38:02  28,882/1,000,000  12.7/s  upd=592  L=0.0325  D=4.300
[regir_nocount] 0:38:13  29,264/1,000,000  12.8/s  upd=598  L=0.0461  D=4.300
[regir_nocount] 0:38:23  29,264/1,000,000  12.7/s  upd=600  L=0.0473  D=4.300
[regir_nocount] 0:38:33  29,688/1,000,000  12.8/s  upd=605  L=0.0580  D=4.300
[regir_nocount] 0:38:44  30,043/1,000,000  12.9/s  upd=610  L=0.0408  D=4.300
[regir_nocount] 0:38:54  30,043/1,000,000  12.9/s  upd=616  L=0.0569  D=4.300
[regir_nocount] 0:39:04  30,396/1,000,000  13.0/s  upd=623  L=0.0485  D=4.300
[regir_nocount] 0:39:16  30,786/1,000,000  13.1/s  upd=630  L=0.0388  D=4.300
[regir_nocount] 0:39:26  30,786/1,000,000  13.0/s  upd=632  L=0.0530  D=4.300
[regir_nocount] 0:39:39  31,157/1,000,000  13.1/s  upd=637  L=0.0453  D=4.300
[regir_nocount] 0:39:49  31,157/1,000,000  13.0/s  upd=640  L=0.0310  D=4.300
[regir_nocount] 0:40:00  31,503/1,000,000  13.1/s  upd=645  L=0.0402  D=4.300
[regir_nocount] 0:40:54  31,503/1,000,000  12.8/s  upd=648  L=0.0543  D=4.300
[regir_nocount] 0:41:07  31,923/1,000,000  12.9/s  upd=655  L=0.0606  D=4.300
[regir_nocount] 0:41:17  32,277/1,000,000  13.0/s  upd=662  L=0.0403  D=4.300
[regir_nocount] 0:41:27  32,623/1,000,000  13.1/s  upd=667  L=0.0499  D=4.300
[regir_nocount] 0:41:40  32,996/1,000,000  13.2/s  upd=674  L=0.0458  D=4.300
[regir_nocount] 0:41:50  32,996/1,000,000  13.1/s  upd=680  L=0.0379  D=4.300
[regir_nocount] 0:42:00  33,354/1,000,000  13.2/s  upd=686  L=0.0512  D=4.300
[regir_nocount] 0:42:11  33,750/1,000,000  13.3/s  upd=691  L=0.0377  D=4.300
[regir_nocount] 0:42:21  33,750/1,000,000  13.3/s  upd=696  L=0.0514  D=4.300
[regir_nocount] 0:42:33  34,106/1,000,000  13.4/s  upd=700  L=0.0548  D=4.300
[regir_nocount] 0:42:43  34,106/1,000,000  13.3/s  upd=704  L=0.0460  D=4.300
[regir_nocount] 0:42:54  34,492/1,000,000  13.4/s  upd=710  L=0.0423  D=4.300
[regir_nocount] 0:43:04  34,492/1,000,000  13.3/s  upd=712  L=0.0388  D=4.300
[regir_nocount] 0:43:15  34,911/1,000,000  13.5/s  upd=717  L=0.0570  D=4.300
[regir_nocount] 0:43:26  35,289/1,000,000  13.5/s  upd=722  L=0.0301  D=4.300
[regir_nocount] 0:43:37  35,289/1,000,000  13.5/s  upd=726  L=0.0422  D=4.300
[regir_nocount] 0:43:48  35,655/1,000,000  13.6/s  upd=730  L=0.0325  D=4.300
[regir_nocount] 0:43:59  35,655/1,000,000  13.5/s  upd=736  L=0.0412  D=4.300
[regir_nocount] 0:44:10  36,025/1,000,000  13.6/s  upd=743  L=0.0522  D=4.300
[regir_nocount] 0:44:20  36,342/1,000,000  13.7/s  upd=746  L=0.0406  D=4.300
[regir_nocount] saved resume t_env=36,342
[regir_nocount] 0:44:31  36,342/1,000,000  13.6/s  upd=752  L=0.0443  D=4.300
[regir_nocount] 0:44:41  36,712/1,000,000  13.7/s  upd=756  L=0.0352  D=4.300
[regir_nocount] 0:44:52  37,115/1,000,000  13.8/s  upd=762  L=0.0290  D=4.300
[regir_nocount] 0:45:03  37,115/1,000,000  13.7/s  upd=768  L=0.0540  D=4.300
[regir_nocount] 0:45:13  37,462/1,000,000  13.8/s  upd=773  L=0.0532  D=4.300
[regir_nocount] 0:45:23  37,462/1,000,000  13.8/s  upd=776  L=0.0506  D=4.300
[regir_nocount] 0:45:33  37,852/1,000,000  13.8/s  upd=780  L=0.0484  D=4.300
[regir_nocount] 0:45:43  37,852/1,000,000  13.8/s  upd=784  L=0.0522  D=4.300
[regir_nocount] 0:45:55  38,244/1,000,000  13.9/s  upd=789  L=0.0294  D=4.300
[regir_nocount] 0:46:27  38,244/1,000,000  13.7/s  upd=792  L=0.0561  D=4.300
[regir_nocount] 0:46:38  38,706/1,000,000  13.8/s  upd=795  L=0.0377  D=4.300
[regir_nocount] 0:46:48  38,706/1,000,000  13.8/s  upd=800  L=0.0504  D=4.300
[regir_nocount] 0:47:00  39,185/1,000,000  13.9/s  upd=803  L=0.0426  D=4.300
[regir_nocount] 0:47:10  39,185/1,000,000  13.8/s  upd=808  L=0.0445  D=4.300
[regir_nocount] 0:47:20  39,545/1,000,000  13.9/s  upd=814  L=0.0457  D=4.300
[regir_nocount] 0:47:30  39,545/1,000,000  13.9/s  upd=816  L=0.0417  D=4.300
[regir_nocount] 0:47:40  39,934/1,000,000  14.0/s  upd=822  L=0.0504  D=4.300
[regir_nocount] 0:47:50  39,934/1,000,000  13.9/s  upd=824  L=0.0280  D=4.300
[regir_nocount] 0:48:01  40,306/1,000,000  14.0/s  upd=831  L=0.0688  D=4.300
[regir_nocount] saved resume t_env=40,306
[regir_nocount] 0:48:17  40,306/1,000,000  13.9/s  upd=832  L=0.0520  ev=0/100  D=4.300
[regir_nocount] 0:48:28  40,306/1,000,000  13.9/s  upd=832  L=0.0520  ev=7/100  D=4.300
[regir_nocount] 0:48:38  40,306/1,000,000  13.8/s  upd=832  L=0.0520  ev=8/100  D=4.300
[regir_nocount] 0:48:48  40,306/1,000,000  13.8/s  upd=832  L=0.0520  ev=16/100  D=4.300
[regir_nocount] 0:48:58  40,306/1,000,000  13.7/s  upd=832  L=0.0520  ev=24/100  D=4.300
[regir_nocount] 0:49:08  40,306/1,000,000  13.7/s  upd=832  L=0.0520  ev=32/100  D=4.300
[regir_nocount] 0:49:18  40,306/1,000,000  13.6/s  upd=832  L=0.0520  ev=40/100  D=4.300
[regir_nocount] 0:49:28  40,306/1,000,000  13.6/s  upd=832  L=0.0520  ev=49/100  D=4.300
[regir_nocount] 0:49:38  40,306/1,000,000  13.5/s  upd=832  L=0.0520  ev=64/100  D=4.300
[regir_nocount] 0:49:48  40,306/1,000,000  13.5/s  upd=832  L=0.0520  ev=79/100  D=4.300
[regir_nocount] 0:49:58  40,306/1,000,000  13.4/s  upd=832  L=0.0520  ev=96/100  D=4.300
[regir_nocount] 0:50:55  40,306/1,000,000  13.2/s  upd=832  L=0.0520  D=5.021
[regir_nocount] 0:51:09  40,793/1,000,000  13.3/s  upd=833  L=0.0309  D=5.021
[regir_nocount] 0:51:21  40,793/1,000,000  13.2/s  upd=839  L=0.0336  D=5.021
[regir_nocount] 0:51:33  41,186/1,000,000  13.3/s  upd=842  L=0.0440  D=5.021
[regir_nocount] 0:51:45  41,186/1,000,000  13.3/s  upd=846  L=0.0510  D=5.021
[regir_nocount] 0:53:01  41,186/1,000,000  12.9/s  upd=848  L=0.0438  D=5.021
[regir_nocount] 0:53:13  41,551/1,000,000  13.0/s  upd=853  L=0.0340  D=5.021
[regir_nocount] 0:53:25  41,888/1,000,000  13.1/s  upd=858  L=0.0526  D=5.021
[regir_nocount] 0:53:35  41,888/1,000,000  13.0/s  upd=864  L=0.0515  D=5.021
[regir_nocount] 0:53:46  42,293/1,000,000  13.1/s  upd=870  L=0.0441  D=5.021
[regir_nocount] 0:53:58  42,666/1,000,000  13.2/s  upd=876  L=0.0388  D=5.021
[regir_nocount] 0:54:08  42,666/1,000,000  13.1/s  upd=880  L=0.0632  D=5.021
[regir_nocount] 0:54:19  43,038/1,000,000  13.2/s  upd=884  L=0.0480  D=5.021
[regir_nocount] 0:54:30  43,038/1,000,000  13.2/s  upd=888  L=0.0443  D=5.021
[regir_nocount] 0:54:42  43,363/1,000,000  13.2/s  upd=895  L=0.0339  D=5.021
[regir_nocount] 0:54:52  43,689/1,000,000  13.3/s  upd=898  L=0.0479  D=5.021
[regir_nocount] 0:55:03  43,689/1,000,000  13.2/s  upd=903  L=0.0376  D=5.021
[regir_nocount] 0:55:13  43,689/1,000,000  13.2/s  upd=904  L=0.0508  D=5.021
[regir_nocount] 0:55:25  44,054/1,000,000  13.2/s  upd=909  L=0.0368  D=5.021
[regir_nocount] 0:55:35  44,054/1,000,000  13.2/s  upd=912  L=0.0383  D=5.021
[regir_nocount] 0:55:46  44,421/1,000,000  13.3/s  upd=919  L=0.0439  D=5.021
[regir_nocount] 0:55:59  44,802/1,000,000  13.3/s  upd=923  L=0.0422  D=5.021
[regir_nocount] 0:56:09  44,802/1,000,000  13.3/s  upd=928  L=0.0522  D=5.021
[regir_nocount] 0:56:20  45,250/1,000,000  13.4/s  upd=933  L=0.0416  D=5.021
[regir_nocount] 0:56:30  45,596/1,000,000  13.4/s  upd=937  L=0.0435  D=5.021
[regir_nocount] 0:56:40  45,596/1,000,000  13.4/s  upd=943  L=0.0321  D=5.021
[regir_nocount] 0:56:51  45,944/1,000,000  13.5/s  upd=945  L=0.0428  D=5.021
[regir_nocount] 0:57:01  45,944/1,000,000  13.4/s  upd=951  L=0.0399  D=5.021
[regir_nocount] 0:57:11  45,944/1,000,000  13.4/s  upd=952  L=0.0339  D=5.021
[regir_nocount] 0:57:23  46,354/1,000,000  13.5/s  upd=957  L=0.0305  D=5.021
[regir_nocount] 0:57:33  46,354/1,000,000  13.4/s  upd=960  L=0.0485  D=5.021
[regir_nocount] 0:57:43  46,738/1,000,000  13.5/s  upd=967  L=0.0597  D=5.021
[regir_nocount] 0:57:55  47,072/1,000,000  13.5/s  upd=969  L=0.0388  D=5.021
[regir_nocount] 0:58:06  47,072/1,000,000  13.5/s  upd=975  L=0.0481  D=5.021
[regir_nocount] saved resume t_env=47,072
[regir_nocount] 0:58:34  47,072/1,000,000  13.4/s  upd=976  L=0.0539  D=5.021
[regir_nocount] 0:58:44  47,441/1,000,000  13.5/s  upd=977  L=0.0530  D=5.021
[regir_nocount] 0:58:55  47,441/1,000,000  13.4/s  upd=984  L=0.0473  D=5.021
[regir_nocount] 0:59:06  47,770/1,000,000  13.5/s  upd=988  L=0.0485  D=5.021
[regir_nocount] 0:59:17  47,770/1,000,000  13.4/s  upd=992  L=0.0484  D=5.021
[regir_nocount] 0:59:27  48,155/1,000,000  13.5/s  upd=999  L=0.0534  D=5.021
[regir_nocount] 0:59:38  48,548/1,000,000  13.6/s  upd=1002  L=0.0453  D=5.021
[regir_nocount] 0:59:48  48,548/1,000,000  13.5/s  upd=1008  L=0.0423  D=5.021
[regir_nocount] 1:00:01  48,898/1,000,000  13.6/s  upd=1013  L=0.0453  D=5.021
[regir_nocount] 1:00:12  49,274/1,000,000  13.6/s  upd=1018  L=0.0286  D=5.021
[regir_nocount] 1:00:23  49,274/1,000,000  13.6/s  upd=1023  L=0.0412  D=5.021
[regir_nocount] 1:00:33  49,644/1,000,000  13.7/s  upd=1028  L=0.0556  D=5.021
[regir_nocount] 1:00:43  49,644/1,000,000  13.6/s  upd=1032  L=0.0510  D=5.021
[regir_nocount] 1:00:54  50,100/1,000,000  13.7/s  upd=1037  L=0.0353  D=5.021
[regir_nocount] 1:01:04  50,100/1,000,000  13.7/s  upd=1040  L=0.0433  D=5.021
[regir_nocount] 1:01:15  50,509/1,000,000  13.7/s  upd=1043  L=0.0520  D=5.021
[regir_nocount] 1:01:25  50,509/1,000,000  13.7/s  upd=1048  L=0.0571  D=5.021
[regir_nocount] 1:01:35  50,509/1,000,000  13.7/s  upd=1048  L=0.0571  D=5.021
[regir_nocount] 1:01:48  50,846/1,000,000  13.7/s  upd=1053  L=0.0466  D=5.021
[regir_nocount] 1:01:58  50,846/1,000,000  13.7/s  upd=1056  L=0.0437  D=5.021
[regir_nocount] 1:02:08  51,209/1,000,000  13.7/s  upd=1058  L=0.0402  D=5.021
[regir_nocount] 1:02:18  51,209/1,000,000  13.7/s  upd=1064  L=0.0380  D=5.021
[regir_nocount] 1:02:30  51,646/1,000,000  13.8/s  upd=1068  L=0.0218  D=5.021
[regir_nocount] 1:02:40  51,646/1,000,000  13.7/s  upd=1072  L=0.0379  D=5.021
[regir_nocount] 1:02:50  52,001/1,000,000  13.8/s  upd=1077  L=0.0485  D=5.021
[regir_nocount] 1:03:01  52,383/1,000,000  13.9/s  upd=1081  L=0.0397  D=5.021
[regir_nocount] 1:03:11  52,383/1,000,000  13.8/s  upd=1085  L=0.0554  D=5.021
[regir_nocount] 1:03:21  52,383/1,000,000  13.8/s  upd=1088  L=0.0398  D=5.021
[regir_nocount] 1:03:33  52,768/1,000,000  13.8/s  upd=1092  L=0.0554  D=5.021
[regir_nocount] 1:04:26  52,768/1,000,000  13.6/s  upd=1096  L=0.0330  D=5.021
[regir_nocount] 1:04:37  53,099/1,000,000  13.7/s  upd=1101  L=0.0325  D=5.021
[regir_nocount] 1:04:47  53,099/1,000,000  13.7/s  upd=1104  L=0.0349  D=5.021
[regir_nocount] 1:04:58  53,467/1,000,000  13.7/s  upd=1109  L=0.0288  D=5.021
[regir_nocount] 1:05:08  53,847/1,000,000  13.8/s  upd=1114  L=0.0276  D=5.021
[regir_nocount] 1:05:19  53,847/1,000,000  13.7/s  upd=1120  L=0.0453  D=5.021
[regir_nocount] 1:05:29  53,847/1,000,000  13.7/s  upd=1120  L=0.0453  D=5.021
[regir_nocount] 1:05:39  54,240/1,000,000  13.8/s  upd=1125  L=0.0434  D=5.021
[regir_nocount] 1:05:49  54,240/1,000,000  13.7/s  upd=1128  L=0.0308  D=5.021
[regir_nocount] 1:06:01  54,567/1,000,000  13.8/s  upd=1135  L=0.0369  D=5.021
[regir_nocount] 1:06:12  54,929/1,000,000  13.8/s  upd=1140  L=0.0620  D=5.021
[regir_nocount] 1:06:23  55,241/1,000,000  13.9/s  upd=1146  L=0.0376  D=5.021
[regir_nocount] 1:06:33  55,241/1,000,000  13.8/s  upd=1151  L=0.0397  D=5.021
[regir_nocount] 1:06:44  55,609/1,000,000  13.9/s  upd=1154  L=0.0301  D=5.021
[regir_nocount] 1:06:54  55,609/1,000,000  13.9/s  upd=1160  L=0.0558  D=5.021
[regir_nocount] 1:07:05  55,958/1,000,000  13.9/s  upd=1166  L=0.0474  D=5.021
[regir_nocount] 1:07:15  56,322/1,000,000  14.0/s  upd=1171  L=0.0331  D=5.021
[regir_nocount] 1:07:26  56,702/1,000,000  14.0/s  upd=1177  L=0.0563  D=5.021
[regir_nocount] 1:07:37  56,702/1,000,000  14.0/s  upd=1184  L=0.0355  D=5.021
[regir_nocount] 1:07:49  57,065/1,000,000  14.0/s  upd=1192  L=0.0522  D=5.021
[regir_nocount] 1:08:00  57,402/1,000,000  14.1/s  upd=1197  L=0.0373  D=5.021
[regir_nocount] 1:08:10  57,716/1,000,000  14.1/s  upd=1201  L=0.0373  D=5.021
[regir_nocount] saved resume t_env=57,716
[regir_nocount] 1:08:20  57,716/1,000,000  14.1/s  upd=1208  L=0.0540  D=5.021
[regir_nocount] 1:08:32  58,095/1,000,000  14.1/s  upd=1213  L=0.0456  D=5.021
[regir_nocount] 1:08:43  58,432/1,000,000  14.2/s  upd=1219  L=0.0441  D=5.021
[regir_nocount] 1:08:54  58,773/1,000,000  14.2/s  upd=1226  L=0.0346  D=5.021
[regir_nocount] 1:09:04  58,773/1,000,000  14.2/s  upd=1232  L=0.0548  D=5.021
[regir_nocount] 1:09:15  59,106/1,000,000  14.2/s  upd=1236  L=0.0486  D=5.021
[regir_nocount] 1:09:25  59,106/1,000,000  14.2/s  upd=1240  L=0.0436  D=5.021
[regir_nocount] 1:09:35  59,483/1,000,000  14.2/s  upd=1243  L=0.0394  D=5.021
[regir_nocount] 1:11:46  59,483/1,000,000  13.8/s  upd=1248  L=0.0412  D=5.021
[regir_nocount] 1:11:57  59,902/1,000,000  13.9/s  upd=1253  L=0.0289  D=5.021
[regir_nocount] 1:12:08  60,262/1,000,000  13.9/s  upd=1260  L=0.0585  D=5.021
[regir_nocount] saved resume t_env=60,262
[regir_nocount] 1:12:29  60,262/1,000,000  13.9/s  upd=1264  L=0.0425  ev=0/100  D=5.021
[regir_nocount] 1:12:40  60,262/1,000,000  13.8/s  upd=1264  L=0.0425  ev=31/100  D=5.021
[regir_nocount] 1:12:50  60,262/1,000,000  13.8/s  upd=1264  L=0.0425  ev=39/100  D=5.021
[regir_nocount] 1:13:00  60,262/1,000,000  13.8/s  upd=1264  L=0.0425  ev=48/100  D=5.021
[regir_nocount] 1:13:10  60,262/1,000,000  13.7/s  upd=1264  L=0.0425  ev=63/100  D=5.021
[regir_nocount] 1:13:20  60,262/1,000,000  13.7/s  upd=1264  L=0.0425  ev=76/100  D=5.021
[regir_nocount] 1:13:30  60,262/1,000,000  13.7/s  upd=1264  L=0.0425  ev=89/100  D=5.021
[regir_nocount] 1:14:38  60,262/1,000,000  13.5/s  upd=1264  L=0.0425  D=3.960
[regir_nocount] 1:14:48  60,615/1,000,000  13.5/s  upd=1267  L=0.0408  D=3.960
[regir_nocount] 1:14:58  60,615/1,000,000  13.5/s  upd=1272  L=0.0500  D=3.960
[regir_nocount] 1:15:09  60,978/1,000,000  13.5/s  upd=1278  L=0.0544  D=3.960
[regir_nocount] 1:15:20  61,359/1,000,000  13.6/s  upd=1281  L=0.0495  D=3.960
[regir_nocount] 1:15:31  61,359/1,000,000  13.5/s  upd=1287  L=0.0543  D=3.960
[regir_nocount] 1:15:43  61,710/1,000,000  13.6/s  upd=1293  L=0.0487  D=3.960
[regir_nocount] 1:15:54  62,057/1,000,000  13.6/s  upd=1298  L=0.0358  D=3.960
[regir_nocount] 1:16:05  62,057/1,000,000  13.6/s  upd=1303  L=0.0412  D=3.960
[regir_nocount] 1:16:15  62,441/1,000,000  13.6/s  upd=1307  L=0.0506  D=3.960
[regir_nocount] 1:16:28  62,441/1,000,000  13.6/s  upd=1312  L=0.0358  D=3.960
[regir_nocount] 1:16:41  62,847/1,000,000  13.7/s  upd=1317  L=0.0503  D=3.960
[regir_nocount] 1:17:24  62,847/1,000,000  13.5/s  upd=1320  L=0.0358  D=3.960
[regir_nocount] 1:17:36  63,190/1,000,000  13.6/s  upd=1321  L=0.0427  D=3.960
[regir_nocount] 1:17:46  63,190/1,000,000  13.5/s  upd=1328  L=0.0369  D=3.960
[regir_nocount] 1:17:56  63,553/1,000,000  13.6/s  upd=1335  L=0.0445  D=3.960
[regir_nocount] 1:18:08  63,880/1,000,000  13.6/s  upd=1339  L=0.0563  D=3.960
[regir_nocount] 1:18:18  63,880/1,000,000  13.6/s  upd=1344  L=0.0388  D=3.960
[regir_nocount] 1:18:30  64,201/1,000,000  13.6/s  upd=1349  L=0.0319  D=3.960
[regir_nocount] 1:18:40  64,201/1,000,000  13.6/s  upd=1352  L=0.0385  D=3.960
[regir_nocount] 1:18:51  64,639/1,000,000  13.7/s  upd=1357  L=0.0534  D=3.960
[regir_nocount] 1:19:04  64,995/1,000,000  13.7/s  upd=1362  L=0.0368  D=3.960
[regir_nocount] 1:19:14  64,995/1,000,000  13.7/s  upd=1368  L=0.0435  D=3.960
[regir_nocount] 1:19:27  65,358/1,000,000  13.7/s  upd=1371  L=0.0346  D=3.960
[regir_nocount] 1:19:37  65,358/1,000,000  13.7/s  upd=1376  L=0.0291  D=3.960
[regir_nocount] 1:19:47  65,754/1,000,000  13.7/s  upd=1378  L=0.0404  D=3.960
[regir_nocount] 1:19:57  65,754/1,000,000  13.7/s  upd=1384  L=0.0489  D=3.960
[regir_nocount] 1:20:08  66,115/1,000,000  13.7/s  upd=1385  L=0.0278  D=3.960
[regir_nocount] 1:20:19  66,115/1,000,000  13.7/s  upd=1392  L=0.0375  D=3.960
[regir_nocount] 1:20:29  66,115/1,000,000  13.7/s  upd=1392  L=0.0375  D=3.960
[regir_nocount] 1:20:40  66,555/1,000,000  13.7/s  upd=1398  L=0.0407  D=3.960
[regir_nocount] 1:20:52  66,912/1,000,000  13.8/s  upd=1402  L=0.0610  D=3.960
[regir_nocount] 1:21:03  66,912/1,000,000  13.8/s  upd=1408  L=0.0447  D=3.960
[regir_nocount] 1:21:14  67,262/1,000,000  13.8/s  upd=1411  L=0.0366  D=3.960
[regir_nocount] 1:21:24  67,262/1,000,000  13.8/s  upd=1416  L=0.0625  D=3.960
[regir_nocount] 1:21:35  67,630/1,000,000  13.8/s  upd=1421  L=0.0554  D=3.960
[regir_nocount] 1:21:45  67,630/1,000,000  13.8/s  upd=1424  L=0.0470  D=3.960
[regir_nocount] 1:21:56  68,019/1,000,000  13.8/s  upd=1426  L=0.0544  D=3.960
[regir_nocount] 1:22:06  68,019/1,000,000  13.8/s  upd=1432  L=0.0502  D=3.960
[regir_nocount] 1:22:16  68,019/1,000,000  13.8/s  upd=1432  L=0.0502  D=3.960
[regir_nocount] 1:22:26  68,486/1,000,000  13.8/s  upd=1436  L=0.0376  D=3.960
[regir_nocount] saved resume t_env=68,486
[regir_nocount] 1:23:14  68,486/1,000,000  13.7/s  upd=1440  L=0.0493  D=3.960
[regir_nocount] 1:23:24  68,486/1,000,000  13.7/s  upd=1440  L=0.0493  D=3.960
[regir_nocount] 1:23:34  68,906/1,000,000  13.7/s  upd=1445  L=0.0376  D=3.960
[regir_nocount] 1:23:46  69,268/1,000,000  13.8/s  upd=1450  L=0.0368  D=3.960
[regir_nocount] 1:23:56  69,268/1,000,000  13.8/s  upd=1456  L=0.0365  D=3.960
[regir_nocount] 1:24:09  69,612/1,000,000  13.8/s  upd=1457  L=0.0435  D=3.960
[regir_nocount] 1:24:20  69,612/1,000,000  13.8/s  upd=1464  L=0.0552  D=3.960
[regir_nocount] 1:24:30  69,612/1,000,000  13.7/s  upd=1464  L=0.0552  D=3.960
[regir_nocount] 1:24:41  69,936/1,000,000  13.8/s  upd=1470  L=0.0424  D=3.960
[regir_nocount] 1:24:52  69,936/1,000,000  13.7/s  upd=1472  L=0.0355  D=3.960
[regir_nocount] 1:25:02  70,260/1,000,000  13.8/s  upd=1476  L=0.0298  D=3.960
[regir_nocount] 1:25:12  70,260/1,000,000  13.7/s  upd=1480  L=0.0312  D=3.960
[regir_nocount] 1:25:22  70,260/1,000,000  13.7/s  upd=1480  L=0.0312  D=3.960
[regir_nocount] 1:25:33  70,669/1,000,000  13.8/s  upd=1484  L=0.0505  D=3.960
[regir_nocount] 1:25:43  70,669/1,000,000  13.7/s  upd=1488  L=0.0533  D=3.960
[regir_nocount] 1:25:53  71,035/1,000,000  13.8/s  upd=1489  L=0.0494  D=3.960
[regir_nocount] 1:26:04  71,035/1,000,000  13.8/s  upd=1496  L=0.0460  D=3.960
[regir_nocount] 1:26:14  71,035/1,000,000  13.7/s  upd=1496  L=0.0460  D=3.960
[regir_nocount] 1:26:26  71,440/1,000,000  13.8/s  upd=1500  L=0.0489  D=3.960
[regir_nocount] 1:26:36  71,440/1,000,000  13.7/s  upd=1504  L=0.0469  D=3.960
[regir_nocount] 1:26:46  71,440/1,000,000  13.7/s  upd=1504  L=0.0469  D=3.960
[regir_nocount] 1:26:57  71,822/1,000,000  13.8/s  upd=1509  L=0.0471  D=3.960
[regir_nocount] 1:27:07  71,822/1,000,000  13.7/s  upd=1512  L=0.0511  D=3.960
[regir_nocount] 1:27:17  72,159/1,000,000  13.8/s  upd=1517  L=0.0375  D=3.960
[regir_nocount] 1:27:27  72,159/1,000,000  13.8/s  upd=1520  L=0.0341  D=3.960
[regir_nocount] 1:27:38  72,564/1,000,000  13.8/s  upd=1526  L=0.0498  D=3.960
[regir_nocount] 1:27:48  72,910/1,000,000  13.8/s  upd=1530  L=0.0306  D=3.960
[regir_nocount] 1:27:58  72,910/1,000,000  13.8/s  upd=1536  L=0.0469  D=3.960
[regir_nocount] 1:28:09  73,273/1,000,000  13.9/s  upd=1539  L=0.0481  D=3.960
[regir_nocount] 1:29:08  73,273/1,000,000  13.7/s  upd=1544  L=0.0427  D=3.960
[regir_nocount] 1:29:19  73,690/1,000,000  13.8/s  upd=1552  L=0.0473  D=3.960
[regir_nocount] 1:29:30  74,081/1,000,000  13.8/s  upd=1559  L=0.0420  D=3.960
[regir_nocount] 1:29:42  74,511/1,000,000  13.8/s  upd=1566  L=0.0591  D=3.960
[regir_nocount] 1:29:52  74,912/1,000,000  13.9/s  upd=1573  L=0.0440  D=3.960
[regir_nocount] 1:30:02  75,326/1,000,000  13.9/s  upd=1580  L=0.0461  D=3.960
[regir_nocount] 1:30:13  75,680/1,000,000  14.0/s  upd=1586  L=0.0341  D=3.960
[regir_nocount] 1:30:23  75,680/1,000,000  14.0/s  upd=1592  L=0.0388  D=3.960
[regir_nocount] 1:30:33  76,012/1,000,000  14.0/s  upd=1599  L=0.0469  D=3.960
[regir_nocount] 1:30:43  76,361/1,000,000  14.0/s  upd=1606  L=0.0369  D=3.960
[regir_nocount] 1:30:53  76,798/1,000,000  14.1/s  upd=1610  L=0.0390  D=3.960
[regir_nocount] 1:31:03  76,798/1,000,000  14.1/s  upd=1616  L=0.0504  D=3.960
[regir_nocount] 1:31:13  77,162/1,000,000  14.1/s  upd=1624  L=0.0380  D=3.960
[regir_nocount] 1:31:24  77,560/1,000,000  14.1/s  upd=1626  L=0.0568  D=3.960
[regir_nocount] 1:31:35  77,560/1,000,000  14.1/s  upd=1632  L=0.0271  D=3.960
[regir_nocount] 1:31:45  77,904/1,000,000  14.2/s  upd=1635  L=0.0346  D=3.960
[regir_nocount] 1:31:55  77,904/1,000,000  14.1/s  upd=1640  L=0.0387  D=3.960
[regir_nocount] 1:32:07  78,268/1,000,000  14.2/s  upd=1645  L=0.0514  D=3.960
[regir_nocount] 1:32:20  78,646/1,000,000  14.2/s  upd=1649  L=0.0400  D=3.960
[regir_nocount] 1:32:32  78,646/1,000,000  14.2/s  upd=1656  L=0.0415  D=3.960
[regir_nocount] 1:32:43  79,000/1,000,000  14.2/s  upd=1659  L=0.0499  D=3.960
[regir_nocount] 1:32:53  79,000/1,000,000  14.2/s  upd=1663  L=0.0554  D=3.960
[regir_nocount] saved resume t_env=79,000
[regir_nocount] 1:33:04  79,327/1,000,000  14.2/s  upd=1667  L=0.0282  D=3.960
[regir_nocount] 1:33:14  79,327/1,000,000  14.2/s  upd=1672  L=0.0419  D=3.960
[regir_nocount] 1:33:26  79,689/1,000,000  14.2/s  upd=1677  L=0.0540  D=3.960
[regir_nocount] 1:33:37  80,103/1,000,000  14.3/s  upd=1684  L=0.0472  D=3.960
[regir_nocount] saved resume t_env=80,103
[regir_nocount] 1:33:56  80,103/1,000,000  14.2/s  upd=1688  L=0.0383  ev=0/100  D=3.960
[regir_nocount] 1:34:06  80,103/1,000,000  14.2/s  upd=1688  L=0.0383  ev=6/100  D=3.960
[regir_nocount] 1:34:17  80,103/1,000,000  14.2/s  upd=1688  L=0.0383  ev=18/100  D=3.960
[regir_nocount] 1:34:27  80,103/1,000,000  14.1/s  upd=1688  L=0.0383  ev=26/100  D=3.960
[regir_nocount] 1:34:37  80,103/1,000,000  14.1/s  upd=1688  L=0.0383  ev=40/100  D=3.960
[regir_nocount] 1:34:47  80,103/1,000,000  14.1/s  upd=1688  L=0.0383  ev=54/100  D=3.960
[regir_nocount] 1:34:57  80,103/1,000,000  14.1/s  upd=1688  L=0.0383  ev=57/100  D=3.960
[regir_nocount] 1:35:07  80,103/1,000,000  14.0/s  upd=1688  L=0.0383  ev=74/100  D=3.960
[regir_nocount] 1:35:17  80,103/1,000,000  14.0/s  upd=1688  L=0.0383  ev=88/100  D=3.960
[regir_nocount] 1:36:50  80,103/1,000,000  13.8/s  upd=1688  L=0.0383  D=3.779
[regir_nocount] 1:38:52  80,103/1,000,000  13.5/s  upd=1688  L=0.0383  D=3.779
[regir_nocount] 1:39:04  80,454/1,000,000  13.5/s  upd=1692  L=0.0330  D=3.779
[regir_nocount] 1:39:15  80,454/1,000,000  13.5/s  upd=1696  L=0.0439  D=3.779
[regir_nocount] 1:39:27  80,817/1,000,000  13.5/s  upd=1697  L=0.0431  D=3.779
[regir_nocount] 1:39:37  80,817/1,000,000  13.5/s  upd=1703  L=0.0502  D=3.779
[regir_nocount] 1:39:48  81,173/1,000,000  13.6/s  upd=1705  L=0.0391  D=3.779
[regir_nocount] 1:39:58  81,173/1,000,000  13.5/s  upd=1709  L=0.0344  D=3.779
[regir_nocount] 1:40:11  81,536/1,000,000  13.6/s  upd=1714  L=0.0279  D=3.779
[regir_nocount] 1:40:22  81,536/1,000,000  13.5/s  upd=1719  L=0.0435  D=3.779
[regir_nocount] 1:40:34  81,880/1,000,000  13.6/s  upd=1724  L=0.0403  D=3.779
[regir_nocount] 1:40:44  81,880/1,000,000  13.5/s  upd=1728  L=0.0548  D=3.779
[regir_nocount] 1:40:54  82,239/1,000,000  13.6/s  upd=1732  L=0.0373  D=3.779
[regir_nocount] 1:41:04  82,239/1,000,000  13.6/s  upd=1736  L=0.0437  D=3.779
[regir_nocount] 1:41:15  82,588/1,000,000  13.6/s  upd=1741  L=0.0431  D=3.779
[regir_nocount] 1:41:26  82,588/1,000,000  13.6/s  upd=1744  L=0.0407  D=3.779
[regir_nocount] 1:41:38  83,004/1,000,000  13.6/s  upd=1746  L=0.0512  D=3.779
[regir_nocount] 1:41:48  83,004/1,000,000  13.6/s  upd=1752  L=0.0532  D=3.779
[regir_nocount] 1:41:59  83,379/1,000,000  13.6/s  upd=1755  L=0.0530  D=3.779
[regir_nocount] 1:42:09  83,379/1,000,000  13.6/s  upd=1760  L=0.0281  D=3.779
[regir_nocount] 1:42:19  83,379/1,000,000  13.6/s  upd=1760  L=0.0281  D=3.779
[regir_nocount] 1:42:31  83,783/1,000,000  13.6/s  upd=1764  L=0.0532  D=3.779
[regir_nocount] 1:42:41  83,783/1,000,000  13.6/s  upd=1768  L=0.0405  D=3.779
[regir_nocount] 1:42:52  84,143/1,000,000  13.6/s  upd=1772  L=0.0543  D=3.779
[regir_nocount] 1:43:02  84,143/1,000,000  13.6/s  upd=1776  L=0.0519  D=3.779
[regir_nocount] 1:43:13  84,474/1,000,000  13.6/s  upd=1783  L=0.0370  D=3.779
[regir_nocount] 1:43:24  84,803/1,000,000  13.7/s  upd=1786  L=0.0422  D=3.779
[regir_nocount] 1:43:34  84,803/1,000,000  13.6/s  upd=1792  L=0.0338  D=3.779
[regir_nocount] 1:43:44  85,176/1,000,000  13.7/s  upd=1793  L=0.0481  D=3.779
[regir_nocount] 1:43:55  85,176/1,000,000  13.7/s  upd=1800  L=0.0532  D=3.779
[regir_nocount] saved resume t_env=85,176
[regir_nocount] 1:44:29  85,176/1,000,000  13.6/s  upd=1800  L=0.0532  D=3.779
[regir_nocount] 1:44:39  85,529/1,000,000  13.6/s  upd=1801  L=0.0355  D=3.779
[regir_nocount] 1:44:50  85,529/1,000,000  13.6/s  upd=1805  L=0.0482  D=3.779
[regir_nocount] 1:45:00  85,529/1,000,000  13.6/s  upd=1808  L=0.0414  D=3.779
[regir_nocount] 1:45:10  85,529/1,000,000  13.6/s  upd=1808  L=0.0414  D=3.779
[regir_nocount] 1:45:21  85,948/1,000,000  13.6/s  upd=1814  L=0.0482  D=3.779
[regir_nocount] 1:45:31  85,948/1,000,000  13.6/s  upd=1816  L=0.0365  D=3.779
[regir_nocount] 1:45:41  86,311/1,000,000  13.6/s  upd=1820  L=0.0424  D=3.779
[regir_nocount] 1:45:51  86,311/1,000,000  13.6/s  upd=1824  L=0.0400  D=3.779
[regir_nocount] 1:46:02  86,311/1,000,000  13.6/s  upd=1824  L=0.0400  D=3.779
[regir_nocount] 1:46:13  86,716/1,000,000  13.6/s  upd=1829  L=0.0712  D=3.779
[regir_nocount] 1:46:23  86,716/1,000,000  13.6/s  upd=1832  L=0.0380  D=3.779
[regir_nocount] 1:46:35  87,098/1,000,000  13.6/s  upd=1834  L=0.0390  D=3.779
[regir_nocount] 1:46:45  87,098/1,000,000  13.6/s  upd=1839  L=0.0413  D=3.779
[regir_nocount] 1:46:56  87,454/1,000,000  13.6/s  upd=1841  L=0.0387  D=3.779
[regir_nocount] 1:47:07  87,454/1,000,000  13.6/s  upd=1848  L=0.0623  D=3.779
[regir_nocount] 1:47:17  87,454/1,000,000  13.6/s  upd=1848  L=0.0623  D=3.779
[regir_nocount] 1:47:29  87,924/1,000,000  13.6/s  upd=1853  L=0.0417  D=3.779
[regir_nocount] 1:47:39  87,924/1,000,000  13.6/s  upd=1856  L=0.0438  D=3.779
[regir_nocount] 1:47:50  88,366/1,000,000  13.7/s  upd=1860  L=0.0306  D=3.779
[regir_nocount] 1:48:01  88,665/1,000,000  13.7/s  upd=1865  L=0.0584  D=3.779
[regir_nocount] 1:48:12  88,665/1,000,000  13.7/s  upd=1872  L=0.0505  D=3.779
[regir_nocount] 1:48:23  89,014/1,000,000  13.7/s  upd=1874  L=0.0329  D=3.779
[regir_nocount] 1:48:33  89,356/1,000,000  13.7/s  upd=1881  L=0.0433  D=3.779
[regir_nocount] 1:48:44  89,356/1,000,000  13.7/s  upd=1888  L=0.0450  D=3.779
[regir_nocount] 1:48:56  89,771/1,000,000  13.7/s  upd=1890  L=0.0462  D=3.779
[regir_nocount] 1:49:07  89,771/1,000,000  13.7/s  upd=1896  L=0.0464  D=3.779
[regir_nocount] 1:49:18  90,158/1,000,000  13.7/s  upd=1900  L=0.0365  D=3.779
[regir_nocount] 1:49:28  90,562/1,000,000  13.8/s  upd=1906  L=0.0543  D=3.779
[regir_nocount] 1:49:39  90,562/1,000,000  13.8/s  upd=1912  L=0.0392  D=3.779
[regir_nocount] 1:50:21  90,562/1,000,000  13.7/s  upd=1912  L=0.0392  D=3.779
[regir_nocount] 1:50:31  90,562/1,000,000  13.7/s  upd=1912  L=0.0392  D=3.779
[regir_nocount] 1:50:42  90,954/1,000,000  13.7/s  upd=1914  L=0.0361  D=3.779
[regir_nocount] 1:50:52  90,954/1,000,000  13.7/s  upd=1920  L=0.0302  D=3.779
[regir_nocount] 1:51:02  90,954/1,000,000  13.7/s  upd=1920  L=0.0302  D=3.779
[regir_nocount] 1:51:13  91,353/1,000,000  13.7/s  upd=1925  L=0.0561  D=3.779
[regir_nocount] 1:51:23  91,353/1,000,000  13.7/s  upd=1928  L=0.0359  D=3.779
[regir_nocount] 1:51:33  91,751/1,000,000  13.7/s  upd=1931  L=0.0500  D=3.779
[regir_nocount] 1:51:44  91,751/1,000,000  13.7/s  upd=1936  L=0.0355  D=3.779
[regir_nocount] 1:51:54  91,751/1,000,000  13.7/s  upd=1936  L=0.0355  D=3.779
[regir_nocount] 1:52:06  92,225/1,000,000  13.7/s  upd=1940  L=0.0365  D=3.779
[regir_nocount] 1:52:16  92,225/1,000,000  13.7/s  upd=1944  L=0.0408  D=3.779
[regir_nocount] 1:52:29  92,570/1,000,000  13.7/s  upd=1950  L=0.0405  D=3.779
[regir_nocount] 1:52:40  92,976/1,000,000  13.8/s  upd=1954  L=0.0471  D=3.779
[regir_nocount] 1:52:52  92,976/1,000,000  13.7/s  upd=1960  L=0.0358  D=3.779
[regir_nocount] 1:53:02  93,404/1,000,000  13.8/s  upd=1963  L=0.0467  D=3.779
[regir_nocount] 1:53:12  93,404/1,000,000  13.8/s  upd=1968  L=0.0394  D=3.779
[regir_nocount] 1:53:23  93,815/1,000,000  13.8/s  upd=1972  L=0.0483  D=3.779
[regir_nocount] 1:53:33  94,158/1,000,000  13.8/s  upd=1981  L=0.0490  D=3.779
[regir_nocount] 1:53:44  94,631/1,000,000  13.9/s  upd=1987  L=0.0494  D=3.779
[regir_nocount] 1:53:55  94,980/1,000,000  13.9/s  upd=1996  L=0.0399  D=3.779
[regir_nocount] saved resume t_env=94,980
[regir_nocount] 1:54:05  95,337/1,000,000  13.9/s  upd=2002  L=0.0392  D=3.779
[regir_nocount] 1:54:16  95,676/1,000,000  14.0/s  upd=2009  L=0.0440  D=3.779
[regir_nocount] 1:54:27  96,050/1,000,000  14.0/s  upd=2019  L=0.0434  D=3.779
[regir_nocount] 1:54:37  96,050/1,000,000  14.0/s  upd=2024  L=0.0261  D=3.779
[regir_nocount] 1:54:47  96,833/1,000,000  14.1/s  upd=2034  L=0.0391  D=3.779
[regir_nocount] 1:54:58  97,270/1,000,000  14.1/s  upd=2043  L=0.0298  D=3.779
[regir_nocount] 1:55:09  97,647/1,000,000  14.1/s  upd=2052  L=0.0334  D=3.779
[regir_nocount] 1:55:19  98,079/1,000,000  14.2/s  upd=2061  L=0.0205  D=3.779
[regir_nocount] 1:57:44  98,079/1,000,000  13.9/s  upd=2064  L=0.0174  D=3.779
[regir_nocount] 1:57:55  98,440/1,000,000  13.9/s  upd=2066  L=0.0391  D=3.779
[regir_nocount] 1:58:05  98,440/1,000,000  13.9/s  upd=2072  L=0.0434  D=3.779
[regir_nocount] 1:58:17  98,900/1,000,000  13.9/s  upd=2073  L=0.0598  D=3.779
[regir_nocount] 1:58:27  98,900/1,000,000  13.9/s  upd=2079  L=0.0259  D=3.779
[regir_nocount] 1:58:37  98,900/1,000,000  13.9/s  upd=2080  L=0.0259  D=3.779
[regir_nocount] 1:58:48  99,302/1,000,000  13.9/s  upd=2086  L=0.0400  D=3.779
[regir_nocount] 1:58:58  99,302/1,000,000  13.9/s  upd=2088  L=0.0475  D=3.779
[regir_nocount] 1:59:09  99,634/1,000,000  13.9/s  upd=2091  L=0.0331  D=3.779
[regir_nocount] 1:59:19  99,634/1,000,000  13.9/s  upd=2096  L=0.0579  D=3.779
[regir_nocount] 1:59:29  100,035/1,000,000  14.0/s  upd=2097  L=0.0443  D=3.779
[regir_nocount] 1:59:39  100,035/1,000,000  13.9/s  upd=2103  L=0.0475  D=3.779
[regir_nocount] saved resume t_env=100,035
[regir_nocount] 1:59:55  100,035/1,000,000  13.9/s  upd=2104  L=0.0383  ev=0/100  D=3.779
[regir_nocount] 2:00:05  100,035/1,000,000  13.9/s  upd=2104  L=0.0383  ev=9/100  D=3.779
[regir_nocount] 2:00:15  100,035/1,000,000  13.9/s  upd=2104  L=0.0383  ev=15/100  D=3.779
[regir_nocount] 2:00:25  100,035/1,000,000  13.8/s  upd=2104  L=0.0383  ev=24/100  D=3.779
[regir_nocount] 2:00:35  100,035/1,000,000  13.8/s  upd=2104  L=0.0383  ev=31/100  D=3.779
[regir_nocount] 2:00:45  100,035/1,000,000  13.8/s  upd=2104  L=0.0383  ev=40/100  D=3.779
[regir_nocount] 2:00:56  100,035/1,000,000  13.8/s  upd=2104  L=0.0383  ev=48/100  D=3.779
[regir_nocount] 2:01:06  100,035/1,000,000  13.8/s  upd=2104  L=0.0383  ev=56/100  D=3.779
[regir_nocount] 2:01:16  100,035/1,000,000  13.7/s  upd=2104  L=0.0383  ev=63/100  D=3.779
[regir_nocount] 2:01:26  100,035/1,000,000  13.7/s  upd=2104  L=0.0383  ev=80/100  D=3.779
[regir_nocount] 2:01:36  100,035/1,000,000  13.7/s  upd=2104  L=0.0383  ev=96/100  D=3.779
[regir_nocount] 2:02:44  100,035/1,000,000  13.6/s  upd=2104  L=0.0383  D=4.486
[regir_nocount] 2:02:55  100,368/1,000,000  13.6/s  upd=2111  L=0.0350  D=4.486
[regir_nocount] 2:04:25  100,368/1,000,000  13.4/s  upd=2112  L=0.0368  D=4.486
[regir_nocount] 2:04:36  100,754/1,000,000  13.5/s  upd=2114  L=0.0477  D=4.486
[regir_nocount] 2:04:49  100,754/1,000,000  13.5/s  upd=2119  L=0.0328  D=4.486
[regir_nocount] 2:04:59  101,109/1,000,000  13.5/s  upd=2122  L=0.0480  D=4.486
[regir_nocount] 2:05:09  101,109/1,000,000  13.5/s  upd=2127  L=0.0397  D=4.486
[regir_nocount] 2:05:19  101,109/1,000,000  13.4/s  upd=2128  L=0.0259  D=4.486
[regir_nocount] 2:05:31  101,500/1,000,000  13.5/s  upd=2133  L=0.0538  D=4.486
[regir_nocount] 2:05:41  101,500/1,000,000  13.5/s  upd=2136  L=0.0262  D=4.486
[regir_nocount] 2:05:53  101,874/1,000,000  13.5/s  upd=2140  L=0.0287  D=4.486
[regir_nocount] 2:06:03  101,874/1,000,000  13.5/s  upd=2144  L=0.0199  D=4.486
[regir_nocount] 2:06:14  102,216/1,000,000  13.5/s  upd=2147  L=0.0328  D=4.486
[regir_nocount] 2:06:25  102,216/1,000,000  13.5/s  upd=2152  L=0.0400  D=4.486
[regir_nocount] 2:06:37  102,611/1,000,000  13.5/s  upd=2153  L=0.0230  D=4.486
[regir_nocount] 2:06:48  102,611/1,000,000  13.5/s  upd=2159  L=0.0401  D=4.486
[regir_nocount] 2:06:58  102,611/1,000,000  13.5/s  upd=2160  L=0.0320  D=4.486
[regir_nocount] 2:07:08  103,077/1,000,000  13.5/s  upd=2163  L=0.0356  D=4.486
[regir_nocount] 2:07:19  103,077/1,000,000  13.5/s  upd=2168  L=0.0323  D=4.486
[regir_nocount] 2:07:30  103,431/1,000,000  13.5/s  upd=2172  L=0.0487  D=4.486
[regir_nocount] 2:07:40  103,771/1,000,000  13.5/s  upd=2177  L=0.0447  D=4.486
[regir_nocount] 2:07:51  103,771/1,000,000  13.5/s  upd=2181  L=0.0283  D=4.486
[regir_nocount] 2:08:01  103,771/1,000,000  13.5/s  upd=2184  L=0.0403  D=4.486
[regir_nocount] 2:08:13  104,167/1,000,000  13.5/s  upd=2186  L=0.0534  D=4.486
[regir_nocount] 2:08:23  104,167/1,000,000  13.5/s  upd=2191  L=0.0520  D=4.486
[regir_nocount] 2:08:35  104,498/1,000,000  13.5/s  upd=2195  L=0.0406  D=4.486
[regir_nocount] 2:08:45  104,498/1,000,000  13.5/s  upd=2200  L=0.0334  D=4.486
[regir_nocount] 2:08:57  104,876/1,000,000  13.6/s  upd=2204  L=0.0280  D=4.486
[regir_nocount] 2:09:07  104,876/1,000,000  13.5/s  upd=2208  L=0.0394  D=4.486
[regir_nocount] 2:09:20  105,249/1,000,000  13.6/s  upd=2213  L=0.0268  D=4.486
[regir_nocount] 2:09:31  105,646/1,000,000  13.6/s  upd=2218  L=0.0476  D=4.486
[regir_nocount] 2:09:42  105,646/1,000,000  13.6/s  upd=2223  L=0.0538  D=4.486
[regir_nocount] saved resume t_env=105,646
[regir_nocount] 2:10:09  105,646/1,000,000  13.5/s  upd=2224  L=0.0258  D=4.486
[regir_nocount] 2:10:20  105,994/1,000,000  13.6/s  upd=2227  L=0.0328  D=4.486
[regir_nocount] 2:10:30  105,994/1,000,000  13.5/s  upd=2232  L=0.0360  D=4.486
[regir_nocount] 2:10:41  105,994/1,000,000  13.5/s  upd=2232  L=0.0360  D=4.486
[regir_nocount] 2:10:52  106,359/1,000,000  13.5/s  upd=2237  L=0.0227  D=4.486
[regir_nocount] 2:11:03  106,359/1,000,000  13.5/s  upd=2240  L=0.0352  D=4.486
[regir_nocount] 2:11:13  106,699/1,000,000  13.6/s  upd=2244  L=0.0392  D=4.486
[regir_nocount] 2:11:23  106,699/1,000,000  13.5/s  upd=2248  L=0.0289  D=4.486
[regir_nocount] 2:11:34  107,082/1,000,000  13.6/s  upd=2249  L=0.0298  D=4.486
[regir_nocount] 2:11:46  107,082/1,000,000  13.5/s  upd=2256  L=0.0262  D=4.486
[regir_nocount] 2:11:56  107,082/1,000,000  13.5/s  upd=2256  L=0.0262  D=4.486
[regir_nocount] 2:12:08  107,500/1,000,000  13.6/s  upd=2259  L=0.0457  D=4.486
[regir_nocount] 2:12:19  107,500/1,000,000  13.5/s  upd=2263  L=0.0251  D=4.486
[regir_nocount] 2:12:31  107,905/1,000,000  13.6/s  upd=2266  L=0.0225  D=4.486
[regir_nocount] 2:12:41  107,905/1,000,000  13.6/s  upd=2271  L=0.0297  D=4.486
[regir_nocount] 2:12:52  107,905/1,000,000  13.5/s  upd=2272  L=0.0343  D=4.486
[regir_nocount] 2:13:02  108,262/1,000,000  13.6/s  upd=2278  L=0.0285  D=4.486
[regir_nocount] 2:13:12  108,646/1,000,000  13.6/s  upd=2281  L=0.0246  D=4.486
[regir_nocount] 2:13:24  108,646/1,000,000  13.6/s  upd=2288  L=0.0341  D=4.486
[regir_nocount] 2:13:36  109,001/1,000,000  13.6/s  upd=2293  L=0.0270  D=4.486
[regir_nocount] 2:13:46  109,001/1,000,000  13.6/s  upd=2296  L=0.0354  D=4.486
[regir_nocount] 2:13:58  109,330/1,000,000  13.6/s  upd=2301  L=0.0193  D=4.486
[regir_nocount] 2:14:08  109,330/1,000,000  13.6/s  upd=2304  L=0.0378  D=4.486
[regir_nocount] 2:14:19  109,745/1,000,000  13.6/s  upd=2311  L=0.0258  D=4.486
[regir_nocount] 2:14:30  110,090/1,000,000  13.6/s  upd=2316  L=0.0304  D=4.486
[regir_nocount] 2:14:40  110,090/1,000,000  13.6/s  upd=2320  L=0.0468  D=4.486
[regir_nocount] 2:14:50  110,420/1,000,000  13.6/s  upd=2324  L=0.0292  D=4.486
[regir_nocount] 2:15:03  110,813/1,000,000  13.7/s  upd=2330  L=0.0501  D=4.486
[regir_nocount] 2:15:14  110,813/1,000,000  13.7/s  upd=2335  L=0.0287  D=4.486
[regir_nocount] 2:16:03  110,813/1,000,000  13.6/s  upd=2336  L=0.0284  D=4.486
[regir_nocount] 2:16:13  111,524/1,000,000  13.6/s  upd=2345  L=0.0244  D=4.486
[regir_nocount] 2:16:25  111,871/1,000,000  13.7/s  upd=2354  L=0.0272  D=4.486
[regir_nocount] 2:16:35  112,271/1,000,000  13.7/s  upd=2363  L=0.0281  D=4.486
[regir_nocount] 2:16:46  112,670/1,000,000  13.7/s  upd=2373  L=0.0426  D=4.486
[regir_nocount] 2:16:56  112,972/1,000,000  13.7/s  upd=2383  L=0.0721  D=4.486
[regir_nocount] 2:17:06  113,415/1,000,000  13.8/s  upd=2392  L=0.0607  D=4.486
[regir_nocount] 2:17:17  114,172/1,000,000  13.9/s  upd=2402  L=0.0441  D=4.486
[regir_nocount] 2:17:28  114,553/1,000,000  13.9/s  upd=2412  L=0.0326  D=4.486
[regir_nocount] 2:17:39  114,871/1,000,000  13.9/s  upd=2423  L=0.0334  D=4.486
[regir_nocount] 2:17:49  115,277/1,000,000  13.9/s  upd=2431  L=0.0307  D=4.486
[regir_nocount] 2:18:00  115,608/1,000,000  14.0/s  upd=2437  L=0.0501  D=4.486
[regir_nocount] 2:18:11  115,988/1,000,000  14.0/s  upd=2444  L=0.0444  D=4.486
[regir_nocount] 2:18:21  116,430/1,000,000  14.0/s  upd=2450  L=0.0285  D=4.486
[regir_nocount] 2:18:31  116,760/1,000,000  14.0/s  upd=2459  L=0.0353  D=4.486
[regir_nocount] 2:18:42  117,084/1,000,000  14.1/s  upd=2469  L=0.0384  D=4.486
[regir_nocount] 2:18:52  117,508/1,000,000  14.1/s  upd=2480  L=0.0345  D=4.486
[regir_nocount] 2:19:02  117,829/1,000,000  14.1/s  upd=2488  L=0.0378  D=4.486
[regir_nocount] 2:19:13  118,232/1,000,000  14.2/s  upd=2495  L=0.0361  D=4.486
[regir_nocount] 2:19:23  118,594/1,000,000  14.2/s  upd=2503  L=0.0214  D=4.486
[regir_nocount] 2:19:33  118,943/1,000,000  14.2/s  upd=2509  L=0.0411  D=4.486
[regir_nocount] 2:19:44  119,255/1,000,000  14.2/s  upd=2516  L=0.0292  D=4.486
[regir_nocount] saved resume t_env=119,255
[regir_nocount] 2:19:54  119,626/1,000,000  14.3/s  upd=2522  L=0.0451  D=4.486
[regir_nocount] 2:20:04  119,626/1,000,000  14.2/s  upd=2528  L=0.0293  D=4.486
[regir_nocount] 2:20:14  120,089/1,000,000  14.3/s  upd=2533  L=0.0293  D=4.486
[regir_nocount] saved resume t_env=120,089
[regir_nocount] 2:20:33  120,089/1,000,000  14.2/s  upd=2536  L=0.0482  ev=0/100  D=4.486
[regir_nocount] 2:20:43  120,089/1,000,000  14.2/s  upd=2536  L=0.0482  ev=40/100  D=4.486
[regir_nocount] 2:20:53  120,089/1,000,000  14.2/s  upd=2536  L=0.0482  ev=74/100  D=4.486
[regir_nocount] 2:23:15  120,089/1,000,000  14.0/s  upd=2536  L=0.0482  D=4.563
[regir_nocount] 2:24:33  120,089/1,000,000  13.8/s  upd=2536  L=0.0482  D=4.563
[regir_nocount] 2:24:43  120,470/1,000,000  13.9/s  upd=2539  L=0.0365  D=4.563
[regir_nocount] 2:24:53  120,470/1,000,000  13.9/s  upd=2544  L=0.0408  D=4.563
[regir_nocount] 2:25:04  120,883/1,000,000  13.9/s  upd=2547  L=0.0254  D=4.563
[regir_nocount] 2:25:14  120,883/1,000,000  13.9/s  upd=2552  L=0.0342  D=4.563
[regir_nocount] 2:25:25  121,264/1,000,000  13.9/s  upd=2556  L=0.0224  D=4.563
[regir_nocount] 2:25:35  121,264/1,000,000  13.9/s  upd=2560  L=0.0290  D=4.563
[regir_nocount] 2:25:45  121,264/1,000,000  13.9/s  upd=2560  L=0.0290  D=4.563
[regir_nocount] 2:25:56  121,649/1,000,000  13.9/s  upd=2566  L=0.0234  D=4.563
[regir_nocount] 2:26:07  122,021/1,000,000  13.9/s  upd=2569  L=0.0270  D=4.563
[regir_nocount] 2:26:18  122,021/1,000,000  13.9/s  upd=2575  L=0.0740  D=4.563
[regir_nocount] 2:26:31  122,368/1,000,000  13.9/s  upd=2579  L=0.0368  D=4.563
[regir_nocount] 2:26:42  122,368/1,000,000  13.9/s  upd=2584  L=0.0414  D=4.563
[regir_nocount] 2:26:55  122,720/1,000,000  13.9/s  upd=2587  L=0.0527  D=4.563
[regir_nocount] 2:27:05  122,720/1,000,000  13.9/s  upd=2592  L=0.0299  D=4.563
[regir_nocount] 2:27:15  123,031/1,000,000  13.9/s  upd=2596  L=0.0339  D=4.563
[regir_nocount] 2:27:26  123,402/1,000,000  13.9/s  upd=2601  L=0.0388  D=4.563
[regir_nocount] 2:27:36  123,402/1,000,000  13.9/s  upd=2608  L=0.0454  D=4.563
[regir_nocount] 2:27:47  123,814/1,000,000  14.0/s  upd=2615  L=0.0483  D=4.563
[regir_nocount] 2:27:58  124,155/1,000,000  14.0/s  upd=2621  L=0.0464  D=4.563
[regir_nocount] 2:28:09  124,578/1,000,000  14.0/s  upd=2629  L=0.0401  D=4.563
[regir_nocount] 2:28:20  124,927/1,000,000  14.0/s  upd=2636  L=0.0399  D=4.563
[regir_nocount] 2:28:30  125,302/1,000,000  14.1/s  upd=2642  L=0.0492  D=4.563
[regir_nocount] 2:28:42  125,691/1,000,000  14.1/s  upd=2649  L=0.0387  D=4.563
[regir_nocount] 2:28:52  125,691/1,000,000  14.1/s  upd=2656  L=0.0388  D=4.563
[regir_nocount] 2:29:03  126,054/1,000,000  14.1/s  upd=2661  L=0.0308  D=4.563
[regir_nocount] 2:29:14  126,413/1,000,000  14.1/s  upd=2666  L=0.0345  D=4.563
[regir_nocount] 2:29:24  126,413/1,000,000  14.1/s  upd=2670  L=0.0351  D=4.563
[regir_nocount] 2:29:34  126,413/1,000,000  14.1/s  upd=2672  L=0.0531  D=4.563
[regir_nocount] 2:29:45  126,742/1,000,000  14.1/s  upd=2676  L=0.0311  D=4.563
[regir_nocount] 2:30:17  126,742/1,000,000  14.1/s  upd=2680  L=0.0497  D=4.563
[regir_nocount] 2:30:28  127,112/1,000,000  14.1/s  upd=2681  L=0.0250  D=4.563
[regir_nocount] 2:30:40  127,112/1,000,000  14.1/s  upd=2688  L=0.0265  D=4.563
[regir_nocount] saved resume t_env=127,112
[regir_nocount] 2:30:53  127,441/1,000,000  14.1/s  upd=2692  L=0.0341  D=4.563
[regir_nocount] 2:31:04  127,805/1,000,000  14.1/s  upd=2697  L=0.0163  D=4.563
[regir_nocount] 2:31:16  127,805/1,000,000  14.1/s  upd=2703  L=0.0427  D=4.563
[regir_nocount] 2:31:26  128,148/1,000,000  14.1/s  upd=2708  L=0.0452  D=4.563
[regir_nocount] 2:31:37  128,148/1,000,000  14.1/s  upd=2712  L=0.0431  D=4.563
[regir_nocount] 2:31:50  128,482/1,000,000  14.1/s  upd=2717  L=0.0218  D=4.563
[regir_nocount] 2:32:00  128,482/1,000,000  14.1/s  upd=2720  L=0.0306  D=4.563
[regir_nocount] 2:32:10  128,857/1,000,000  14.1/s  upd=2723  L=0.0336  D=4.563
[regir_nocount] 2:32:21  128,857/1,000,000  14.1/s  upd=2728  L=0.0257  D=4.563
[regir_nocount] 2:32:32  129,329/1,000,000  14.1/s  upd=2731  L=0.0461  D=4.563
[regir_nocount] 2:32:42  129,329/1,000,000  14.1/s  upd=2736  L=0.0289  D=4.563
[regir_nocount] 2:32:53  129,693/1,000,000  14.1/s  upd=2740  L=0.0372  D=4.563
[regir_nocount] 2:33:03  129,693/1,000,000  14.1/s  upd=2744  L=0.0200  D=4.563
[regir_nocount] 2:33:14  130,087/1,000,000  14.1/s  upd=2747  L=0.0332  D=4.563
[regir_nocount] 2:33:25  130,087/1,000,000  14.1/s  upd=2752  L=0.0445  D=4.563
[regir_nocount] 2:33:36  130,467/1,000,000  14.2/s  upd=2756  L=0.0243  D=4.563
[regir_nocount] 2:33:46  130,467/1,000,000  14.1/s  upd=2760  L=0.0421  D=4.563
[regir_nocount] 2:33:57  130,859/1,000,000  14.2/s  upd=2765  L=0.0366  D=4.563
[regir_nocount] 2:34:08  131,206/1,000,000  14.2/s  upd=2771  L=0.0317  D=4.563
[regir_nocount] 2:34:18  131,541/1,000,000  14.2/s  upd=2777  L=0.0541  D=4.563
[regir_nocount] 2:34:28  131,890/1,000,000  14.2/s  upd=2786  L=0.0362  D=4.563
[regir_nocount] 2:34:38  131,890/1,000,000  14.2/s  upd=2792  L=0.0411  D=4.563
[regir_nocount] 2:34:50  132,249/1,000,000  14.2/s  upd=2799  L=0.0442  D=4.563
[regir_nocount] 2:35:01  132,671/1,000,000  14.3/s  upd=2805  L=0.0592  D=4.563
[regir_nocount] 2:35:11  132,671/1,000,000  14.2/s  upd=2808  L=0.0300  D=4.563
[regir_nocount] 2:35:22  133,041/1,000,000  14.3/s  upd=2813  L=0.0370  D=4.563
[regir_nocount] 2:36:39  133,041/1,000,000  14.2/s  upd=2816  L=0.0320  D=4.563
[regir_nocount] 2:36:50  133,396/1,000,000  14.2/s  upd=2818  L=0.0221  D=4.563
[regir_nocount] 2:37:01  133,396/1,000,000  14.2/s  upd=2822  L=0.0313  D=4.563
[regir_nocount] 2:37:11  133,766/1,000,000  14.2/s  upd=2825  L=0.0476  D=4.563
[regir_nocount] 2:37:22  133,766/1,000,000  14.2/s  upd=2830  L=0.0305  D=4.563
[regir_nocount] 2:37:33  134,171/1,000,000  14.2/s  upd=2833  L=0.0422  D=4.563
[regir_nocount] 2:37:44  134,171/1,000,000  14.2/s  upd=2838  L=0.0498  D=4.563
[regir_nocount] 2:37:55  134,483/1,000,000  14.2/s  upd=2841  L=0.0308  D=4.563
[regir_nocount] 2:38:07  134,483/1,000,000  14.2/s  upd=2847  L=0.0351  D=4.563
[regir_nocount] 2:38:19  134,848/1,000,000  14.2/s  upd=2849  L=0.0530  D=4.563
[regir_nocount] 2:38:30  134,848/1,000,000  14.2/s  upd=2854  L=0.0360  D=4.563
[regir_nocount] 2:38:41  134,848/1,000,000  14.2/s  upd=2856  L=0.0268  D=4.563
[regir_nocount] 2:38:52  135,239/1,000,000  14.2/s  upd=2858  L=0.0381  D=4.563
[regir_nocount] 2:39:02  135,239/1,000,000  14.2/s  upd=2864  L=0.0319  D=4.563
[regir_nocount] 2:39:14  135,524/1,000,000  14.2/s  upd=2867  L=0.0365  D=4.563
[regir_nocount] 2:39:25  135,524/1,000,000  14.2/s  upd=2871  L=0.0443  D=4.563
[regir_nocount] 2:39:35  135,828/1,000,000  14.2/s  upd=2873  L=0.0359  D=4.563
[regir_nocount] 2:39:46  135,828/1,000,000  14.2/s  upd=2878  L=0.0416  D=4.563
[regir_nocount] 2:39:56  136,134/1,000,000  14.2/s  upd=2881  L=0.0276  D=4.563
[regir_nocount] 2:40:07  136,134/1,000,000  14.2/s  upd=2888  L=0.0499  D=4.563
[regir_nocount] 2:40:18  136,448/1,000,000  14.2/s  upd=2891  L=0.0395  D=4.563
[regir_nocount] 2:40:29  136,759/1,000,000  14.2/s  upd=2898  L=0.0539  D=4.563
[regir_nocount] 2:40:41  136,759/1,000,000  14.2/s  upd=2904  L=0.0378  D=4.563
[regir_nocount] 2:40:52  137,077/1,000,000  14.2/s  upd=2907  L=0.0358  D=4.563
[regir_nocount] saved resume t_env=137,077
[regir_nocount] 2:41:02  137,077/1,000,000  14.2/s  upd=2912  L=0.0303  D=4.563
[regir_nocount] 2:41:14  137,447/1,000,000  14.2/s  upd=2918  L=0.0426  D=4.563
[regir_nocount] 2:41:25  137,777/1,000,000  14.2/s  upd=2921  L=0.0291  D=4.563
[regir_nocount] 2:41:37  137,777/1,000,000  14.2/s  upd=2928  L=0.0423  D=4.563
[regir_nocount] 2:41:48  138,116/1,000,000  14.2/s  upd=2929  L=0.0433  D=4.563
[regir_nocount] 2:41:58  138,116/1,000,000  14.2/s  upd=2934  L=0.0548  D=4.563
[regir_nocount] 2:42:42  138,116/1,000,000  14.1/s  upd=2936  L=0.0392  D=4.563
[regir_nocount] 2:42:54  138,429/1,000,000  14.2/s  upd=2941  L=0.0320  D=4.563
[regir_nocount] 2:43:05  138,721/1,000,000  14.2/s  upd=2948  L=0.0330  D=4.563
[regir_nocount] 2:43:15  138,721/1,000,000  14.2/s  upd=2952  L=0.0328  D=4.563
[regir_nocount] 2:43:26  139,066/1,000,000  14.2/s  upd=2958  L=0.0518  D=4.563
[regir_nocount] 2:43:38  139,355/1,000,000  14.2/s  upd=2963  L=0.0362  D=4.563
[regir_nocount] 2:43:48  139,355/1,000,000  14.2/s  upd=2968  L=0.0406  D=4.563
[regir_nocount] 2:44:00  139,674/1,000,000  14.2/s  upd=2972  L=0.0438  D=4.563
[regir_nocount] 2:44:10  139,674/1,000,000  14.2/s  upd=2976  L=0.0573  D=4.563
[regir_nocount] 2:44:21  140,048/1,000,000  14.2/s  upd=2980  L=0.0554  D=4.563
[regir_nocount] saved resume t_env=140,048
[regir_nocount] 2:44:42  140,048/1,000,000  14.2/s  upd=2984  L=0.0313  ev=0/100  D=4.563
[regir_nocount] 2:44:52  140,048/1,000,000  14.2/s  upd=2984  L=0.0313  ev=8/100  D=4.563
[regir_nocount] 2:45:02  140,048/1,000,000  14.1/s  upd=2984  L=0.0313  ev=24/100  D=4.563
[regir_nocount] 2:45:13  140,048/1,000,000  14.1/s  upd=2984  L=0.0313  ev=40/100  D=4.563
[regir_nocount] 2:45:23  140,048/1,000,000  14.1/s  upd=2984  L=0.0313  ev=48/100  D=4.563
[regir_nocount] 2:45:33  140,048/1,000,000  14.1/s  upd=2984  L=0.0313  ev=64/100  D=4.563
[regir_nocount] 2:45:43  140,048/1,000,000  14.1/s  upd=2984  L=0.0313  ev=88/100  D=4.563
[regir_nocount] 2:48:01  140,048/1,000,000  13.9/s  upd=2984  L=0.0313  D=3.917
[regir_nocount] 2:50:10  140,048/1,000,000  13.7/s  upd=2984  L=0.0313  D=3.917
[regir_nocount] 2:50:22  140,399/1,000,000  13.7/s  upd=2988  L=0.0289  D=3.917
[regir_nocount] 2:50:32  140,399/1,000,000  13.7/s  upd=2992  L=0.0550  D=3.917
[regir_nocount] 2:50:44  140,786/1,000,000  13.7/s  upd=2996  L=0.0259  D=3.917
[regir_nocount] 2:50:54  140,786/1,000,000  13.7/s  upd=3000  L=0.0355  D=3.917
[regir_nocount] 2:51:05  141,166/1,000,000  13.8/s  upd=3004  L=0.0521  D=3.917
[regir_nocount] 2:51:16  141,525/1,000,000  13.8/s  upd=3009  L=0.0381  D=3.917
[regir_nocount] 2:51:28  141,525/1,000,000  13.8/s  upd=3016  L=0.0279  D=3.917
[regir_nocount] 2:51:38  141,862/1,000,000  13.8/s  upd=3020  L=0.0416  D=3.917
[regir_nocount] 2:51:50  142,216/1,000,000  13.8/s  upd=3025  L=0.0475  D=3.917
[regir_nocount] 2:52:02  142,216/1,000,000  13.8/s  upd=3031  L=0.0452  D=3.917
[regir_nocount] 2:52:12  142,535/1,000,000  13.8/s  upd=3037  L=0.0370  D=3.917
[regir_nocount] 2:52:23  142,943/1,000,000  13.8/s  upd=3041  L=0.0371  D=3.917
[regir_nocount] 2:52:34  142,943/1,000,000  13.8/s  upd=3048  L=0.0438  D=3.917
[regir_nocount] 2:52:45  143,278/1,000,000  13.8/s  upd=3054  L=0.0395  D=3.917
[regir_nocount] 2:52:56  143,701/1,000,000  13.8/s  upd=3059  L=0.0349  D=3.917
[regir_nocount] 2:53:07  143,701/1,000,000  13.8/s  upd=3064  L=0.0551  D=3.917
[regir_nocount] 2:53:19  144,182/1,000,000  13.9/s  upd=3068  L=0.0433  D=3.917
[regir_nocount] 2:53:31  144,531/1,000,000  13.9/s  upd=3074  L=0.0292  D=3.917
[regir_nocount] 2:53:42  144,531/1,000,000  13.9/s  upd=3080  L=0.0495  D=3.917
[regir_nocount] 2:53:52  144,916/1,000,000  13.9/s  upd=3082  L=0.0471  D=3.917
[regir_nocount] 2:54:02  144,916/1,000,000  13.9/s  upd=3088  L=0.0463  D=3.917
[regir_nocount] 2:54:13  145,306/1,000,000  13.9/s  upd=3089  L=0.0318  D=3.917
[regir_nocount] 2:54:24  145,306/1,000,000  13.9/s  upd=3093  L=0.0497  D=3.917
[regir_nocount] saved resume t_env=145,306
[regir_nocount] 2:54:34  145,306/1,000,000  13.9/s  upd=3096  L=0.0410  D=3.917
[regir_nocount] 2:54:45  145,740/1,000,000  13.9/s  upd=3099  L=0.0433  D=3.917
[regir_nocount] 2:54:55  145,740/1,000,000  13.9/s  upd=3104  L=0.0327  D=3.917
[regir_nocount] 2:55:06  146,106/1,000,000  13.9/s  upd=3108  L=0.0603  D=3.917
[regir_nocount] 2:55:45  146,106/1,000,000  13.9/s  upd=3112  L=0.0352  D=3.917
[regir_nocount] 2:55:56  146,501/1,000,000  13.9/s  upd=3113  L=0.0544  D=3.917
[regir_nocount] 2:56:06  146,501/1,000,000  13.9/s  upd=3117  L=0.0375  D=3.917
[regir_nocount] 2:56:16  146,501/1,000,000  13.9/s  upd=3120  L=0.0347  D=3.917
[regir_nocount] 2:56:27  146,861/1,000,000  13.9/s  upd=3125  L=0.0399  D=3.917
[regir_nocount] 2:56:37  146,861/1,000,000  13.9/s  upd=3128  L=0.0449  D=3.917
[regir_nocount] 2:56:48  147,183/1,000,000  13.9/s  upd=3133  L=0.0617  D=3.917
[regir_nocount] 2:56:58  147,183/1,000,000  13.9/s  upd=3136  L=0.0724  D=3.917
[regir_nocount] 2:57:09  147,574/1,000,000  13.9/s  upd=3137  L=0.0372  D=3.917
[regir_nocount] 2:57:20  147,574/1,000,000  13.9/s  upd=3143  L=0.0311  D=3.917
[regir_nocount] 2:57:30  147,574/1,000,000  13.9/s  upd=3144  L=0.0421  D=3.917
[regir_nocount] 2:57:41  147,882/1,000,000  13.9/s  upd=3149  L=0.0407  D=3.917
[regir_nocount] 2:57:52  148,200/1,000,000  13.9/s  upd=3154  L=0.0458  D=3.917
[regir_nocount] 2:58:04  148,200/1,000,000  13.9/s  upd=3160  L=0.0336  D=3.917
[regir_nocount] 2:58:15  148,558/1,000,000  13.9/s  upd=3163  L=0.0296  D=3.917
[regir_nocount] 2:58:25  148,558/1,000,000  13.9/s  upd=3168  L=0.0421  D=3.917
[regir_nocount] 2:58:36  148,914/1,000,000  13.9/s  upd=3169  L=0.0296  D=3.917
[regir_nocount] 2:58:46  148,914/1,000,000  13.9/s  upd=3174  L=0.0466  D=3.917
[regir_nocount] 2:58:58  149,326/1,000,000  13.9/s  upd=3177  L=0.0642  D=3.917
[regir_nocount] 2:59:09  149,326/1,000,000  13.9/s  upd=3180  L=0.0318  D=3.917
[regir_nocount] 2:59:19  149,660/1,000,000  13.9/s  upd=3185  L=0.0366  D=3.917
[regir_nocount] 2:59:30  149,660/1,000,000  13.9/s  upd=3192  L=0.0395  D=3.917
[regir_nocount] 2:59:41  149,981/1,000,000  13.9/s  upd=3196  L=0.0778  D=3.917
[regir_nocount] 2:59:51  149,981/1,000,000  13.9/s  upd=3200  L=0.0506  D=3.917
[regir_nocount] 3:00:01  150,349/1,000,000  13.9/s  upd=3204  L=0.0464  D=3.917
[regir_nocount] 3:00:11  150,349/1,000,000  13.9/s  upd=3208  L=0.0321  D=3.917
[regir_nocount] 3:00:22  150,673/1,000,000  13.9/s  upd=3212  L=0.0355  D=3.917
[regir_nocount] 3:00:32  150,673/1,000,000  13.9/s  upd=3216  L=0.0525  D=3.917
[regir_nocount] 3:00:43  150,966/1,000,000  13.9/s  upd=3223  L=0.0563  D=3.917
[regir_nocount] 3:01:46  150,966/1,000,000  13.8/s  upd=3224  L=0.0508  D=3.917
[regir_nocount] 3:01:57  151,256/1,000,000  13.9/s  upd=3230  L=0.0338  D=3.917
[regir_nocount] 3:02:07  151,256/1,000,000  13.8/s  upd=3232  L=0.0383  D=3.917
[regir_nocount] 3:02:17  151,599/1,000,000  13.9/s  upd=3235  L=0.0390  D=3.917
[regir_nocount] 3:02:27  151,599/1,000,000  13.8/s  upd=3240  L=0.0391  D=3.917
[regir_nocount] 3:02:40  151,988/1,000,000  13.9/s  upd=3242  L=0.0443  D=3.917
[regir_nocount] 3:02:51  151,988/1,000,000  13.9/s  upd=3248  L=0.0321  D=3.917
[regir_nocount] 3:03:02  152,304/1,000,000  13.9/s  upd=3254  L=0.0392  D=3.917
[regir_nocount] 3:03:13  152,660/1,000,000  13.9/s  upd=3260  L=0.0292  D=3.917
[regir_nocount] 3:03:23  152,971/1,000,000  13.9/s  upd=3265  L=0.0338  D=3.917
[regir_nocount] 3:03:34  152,971/1,000,000  13.9/s  upd=3272  L=0.0329  D=3.917
[regir_nocount] 3:03:45  153,290/1,000,000  13.9/s  upd=3277  L=0.0346  D=3.917
[regir_nocount] 3:03:55  153,627/1,000,000  13.9/s  upd=3283  L=0.0448  D=3.917
[regir_nocount] 3:04:06  153,627/1,000,000  13.9/s  upd=3288  L=0.0459  D=3.917
[regir_nocount] 3:04:16  153,956/1,000,000  13.9/s  upd=3292  L=0.0293  D=3.917
[regir_nocount] 3:04:26  153,956/1,000,000  13.9/s  upd=3296  L=0.0456  D=3.917
[regir_nocount] 3:04:38  154,287/1,000,000  13.9/s  upd=3302  L=0.0286  D=3.917
[regir_nocount] saved resume t_env=154,287
[regir_nocount] 3:04:48  154,287/1,000,000  13.9/s  upd=3304  L=0.0359  D=3.917
[regir_nocount] 3:05:00  154,625/1,000,000  13.9/s  upd=3311  L=0.0504  D=3.917
[regir_nocount] 3:05:11  155,062/1,000,000  14.0/s  upd=3313  L=0.0318  D=3.917
[regir_nocount] 3:05:21  155,062/1,000,000  13.9/s  upd=3319  L=0.0456  D=3.917
[regir_nocount] 3:05:33  155,396/1,000,000  14.0/s  upd=3324  L=0.0547  D=3.917
[regir_nocount] 3:05:43  155,396/1,000,000  13.9/s  upd=3328  L=0.0544  D=3.917
[regir_nocount] 3:05:53  155,766/1,000,000  14.0/s  upd=3332  L=0.0331  D=3.917
[regir_nocount] 3:06:03  155,766/1,000,000  14.0/s  upd=3336  L=0.0398  D=3.917
[regir_nocount] 3:06:15  156,133/1,000,000  14.0/s  upd=3341  L=0.0401  D=3.917
[regir_nocount] 3:06:25  156,133/1,000,000  14.0/s  upd=3344  L=0.0330  D=3.917
[regir_nocount] 3:06:36  156,592/1,000,000  14.0/s  upd=3347  L=0.0443  D=3.917
[regir_nocount] 3:06:46  156,592/1,000,000  14.0/s  upd=3352  L=0.0358  D=3.917
[regir_nocount] 3:06:56  156,958/1,000,000  14.0/s  upd=3356  L=0.0393  D=3.917
[regir_nocount] 3:08:17  156,958/1,000,000  13.9/s  upd=3360  L=0.0271  D=3.917
[regir_nocount] 3:08:29  157,249/1,000,000  13.9/s  upd=3366  L=0.0373  D=3.917
[regir_nocount] 3:08:40  157,666/1,000,000  13.9/s  upd=3369  L=0.0493  D=3.917
[regir_nocount] 3:08:51  157,666/1,000,000  13.9/s  upd=3375  L=0.0585  D=3.917
[regir_nocount] 3:09:01  158,001/1,000,000  13.9/s  upd=3377  L=0.0482  D=3.917
[regir_nocount] 3:09:12  158,001/1,000,000  13.9/s  upd=3383  L=0.0436  D=3.917
[regir_nocount] 3:09:23  158,327/1,000,000  13.9/s  upd=3386  L=0.0388  D=3.917
[regir_nocount] 3:09:33  158,327/1,000,000  13.9/s  upd=3392  L=0.0309  D=3.917
[regir_nocount] 3:09:43  158,644/1,000,000  13.9/s  upd=3396  L=0.0385  D=3.917
[regir_nocount] 3:09:53  158,644/1,000,000  13.9/s  upd=3400  L=0.0354  D=3.917
[regir_nocount] 3:10:04  158,904/1,000,000  13.9/s  upd=3406  L=0.0271  D=3.917
[regir_nocount] 3:10:15  159,248/1,000,000  14.0/s  upd=3409  L=0.0410  D=3.917
[regir_nocount] 3:10:25  159,248/1,000,000  13.9/s  upd=3416  L=0.0349  D=3.917
[regir_nocount] 3:10:36  159,562/1,000,000  14.0/s  upd=3418  L=0.0284  D=3.917
[regir_nocount] 3:10:47  159,562/1,000,000  13.9/s  upd=3424  L=0.0367  D=3.917
[regir_nocount] 3:10:59  159,875/1,000,000  14.0/s  upd=3426  L=0.0433  D=3.917
[regir_nocount] 3:11:11  160,159/1,000,000  14.0/s  upd=3433  L=0.0417  D=3.917
[regir_nocount] 3:11:22  160,159/1,000,000  13.9/s  upd=3439  L=0.0470  D=3.917
[regir_nocount] saved resume t_env=160,159
[regir_nocount] 3:11:40  160,159/1,000,000  13.9/s  upd=3440  L=0.0324  ev=0/100  D=3.917
[regir_nocount] 3:11:50  160,159/1,000,000  13.9/s  upd=3440  L=0.0324  ev=38/100  D=3.917
[regir_nocount] 3:12:00  160,159/1,000,000  13.9/s  upd=3440  L=0.0324  ev=72/100  D=3.917
[regir_nocount] 3:12:59  160,159/1,000,000  13.8/s  upd=3440  L=0.0324  D=2.210
[regir_nocount] 3:13:09  160,524/1,000,000  13.9/s  upd=3443  L=0.0401  D=2.210
[regir_nocount] 3:13:19  160,524/1,000,000  13.8/s  upd=3448  L=0.0392  D=2.210
[regir_nocount] 3:13:30  160,887/1,000,000  13.9/s  upd=3452  L=0.0381  D=2.210
[regir_nocount] 3:15:10  160,887/1,000,000  13.7/s  upd=3456  L=0.0398  D=2.210
[regir_nocount] 3:15:21  161,196/1,000,000  13.8/s  upd=3459  L=0.0455  D=2.210
[regir_nocount] 3:15:32  161,196/1,000,000  13.7/s  upd=3464  L=0.0298  D=2.210
[regir_nocount] 3:15:43  161,500/1,000,000  13.8/s  upd=3466  L=0.0340  D=2.210
[regir_nocount] 3:15:53  161,500/1,000,000  13.7/s  upd=3472  L=0.0536  D=2.210
[regir_nocount] 3:16:03  161,814/1,000,000  13.8/s  upd=3475  L=0.0419  D=2.210
[regir_nocount] 3:16:14  161,814/1,000,000  13.7/s  upd=3480  L=0.0535  D=2.210
[regir_nocount] 3:16:26  162,123/1,000,000  13.8/s  upd=3482  L=0.0547  D=2.210
[regir_nocount] 3:16:36  162,123/1,000,000  13.7/s  upd=3487  L=0.0549  D=2.210
[regir_nocount] 3:16:47  162,481/1,000,000  13.8/s  upd=3491  L=0.0395  D=2.210
[regir_nocount] 3:16:57  162,481/1,000,000  13.7/s  upd=3496  L=0.0515  D=2.210
[regir_nocount] 3:17:08  162,799/1,000,000  13.8/s  upd=3500  L=0.0410  D=2.210
[regir_nocount] 3:17:18  162,799/1,000,000  13.8/s  upd=3504  L=0.0395  D=2.210
[regir_nocount] 3:17:29  163,175/1,000,000  13.8/s  upd=3512  L=0.0369  D=2.210
[regir_nocount] 3:17:40  163,545/1,000,000  13.8/s  upd=3518  L=0.0324  D=2.210
[regir_nocount] 3:17:51  163,874/1,000,000  13.8/s  upd=3524  L=0.0336  D=2.210
[regir_nocount] 3:18:03  164,204/1,000,000  13.8/s  upd=3531  L=0.0348  D=2.210
[regir_nocount] 3:18:14  164,458/1,000,000  13.8/s  upd=3538  L=0.0339  D=2.210
[regir_nocount] 3:18:24  164,458/1,000,000  13.8/s  upd=3544  L=0.0371  D=2.210
[regir_nocount] 3:18:35  164,843/1,000,000  13.8/s  upd=3548  L=0.0522  D=2.210
[regir_nocount] 3:18:45  164,843/1,000,000  13.8/s  upd=3552  L=0.0534  D=2.210
[regir_nocount] 3:18:55  165,170/1,000,000  13.8/s  upd=3557  L=0.0522  D=2.210
[regir_nocount] 3:19:06  165,504/1,000,000  13.9/s  upd=3564  L=0.0426  D=2.210
[regir_nocount] 3:19:18  165,828/1,000,000  13.9/s  upd=3571  L=0.0341  D=2.210
[regir_nocount] 3:19:28  165,828/1,000,000  13.9/s  upd=3576  L=0.0647  D=2.210
[regir_nocount] 3:19:38  166,206/1,000,000  13.9/s  upd=3580  L=0.0290  D=2.210
[regir_nocount] 3:19:49  166,206/1,000,000  13.9/s  upd=3584  L=0.0482  D=2.210
[regir_nocount] 3:20:00  166,555/1,000,000  13.9/s  upd=3589  L=0.0433  D=2.210
[regir_nocount] 3:20:10  166,555/1,000,000  13.9/s  upd=3592  L=0.0378  D=2.210
[regir_nocount] 3:20:21  166,939/1,000,000  13.9/s  upd=3594  L=0.0392  D=2.210
[regir_nocount] 3:21:22  166,939/1,000,000  13.8/s  upd=3600  L=0.0450  D=2.210
[regir_nocount] 3:21:32  167,318/1,000,000  13.8/s  upd=3602  L=0.0566  D=2.210
[regir_nocount] 3:21:44  167,318/1,000,000  13.8/s  upd=3608  L=0.0284  D=2.210
[regir_nocount] saved resume t_env=167,318
[regir_nocount] 3:21:54  167,632/1,000,000  13.8/s  upd=3609  L=0.0284  D=2.210
[regir_nocount] 3:22:05  167,632/1,000,000  13.8/s  upd=3615  L=0.0446  D=2.210
[regir_nocount] 3:22:15  167,960/1,000,000  13.8/s  upd=3619  L=0.0325  D=2.210
[regir_nocount] 3:22:25  167,960/1,000,000  13.8/s  upd=3623  L=0.0307  D=2.210
[regir_nocount] 3:22:36  168,285/1,000,000  13.8/s  upd=3626  L=0.0410  D=2.210
[regir_nocount] 3:22:48  168,285/1,000,000  13.8/s  upd=3631  L=0.0366  D=2.210
[regir_nocount] 3:22:59  168,703/1,000,000  13.9/s  upd=3633  L=0.0273  D=2.210
[regir_nocount] 3:23:12  168,703/1,000,000  13.8/s  upd=3638  L=0.0436  D=2.210
[regir_nocount] 3:23:23  169,028/1,000,000  13.9/s  upd=3642  L=0.0429  D=2.210
[regir_nocount] 3:23:33  169,028/1,000,000  13.8/s  upd=3648  L=0.0452  D=2.210
[regir_nocount] 3:23:44  169,365/1,000,000  13.9/s  upd=3651  L=0.0528  D=2.210
[regir_nocount] 3:23:54  169,365/1,000,000  13.8/s  upd=3656  L=0.0502  D=2.210
[regir_nocount] 3:24:05  169,732/1,000,000  13.9/s  upd=3659  L=0.0313  D=2.210
[regir_nocount] 3:24:15  169,732/1,000,000  13.8/s  upd=3664  L=0.0295  D=2.210
[regir_nocount] 3:24:26  170,059/1,000,000  13.9/s  upd=3666  L=0.0401  D=2.210
[regir_nocount] 3:24:36  170,059/1,000,000  13.9/s  upd=3672  L=0.0447  D=2.210
[regir_nocount] 3:24:47  170,413/1,000,000  13.9/s  upd=3676  L=0.0668  D=2.210
[regir_nocount] 3:24:58  170,721/1,000,000  13.9/s  upd=3682  L=0.0501  D=2.210
[regir_nocount] 3:25:08  170,721/1,000,000  13.9/s  upd=3686  L=0.0396  D=2.210
[regir_nocount] 3:25:19  171,098/1,000,000  13.9/s  upd=3690  L=0.0565  D=2.210
[regir_nocount] 3:25:29  171,098/1,000,000  13.9/s  upd=3695  L=0.0463  D=2.210
[regir_nocount] 3:25:40  171,098/1,000,000  13.9/s  upd=3696  L=0.0382  D=2.210
[regir_nocount] 3:25:50  171,487/1,000,000  13.9/s  upd=3700  L=0.0322  D=2.210
[regir_nocount] 3:26:00  171,487/1,000,000  13.9/s  upd=3704  L=0.0473  D=2.210
[regir_nocount] 3:26:10  171,836/1,000,000  13.9/s  upd=3707  L=0.0416  D=2.210
[regir_nocount] 3:26:20  171,836/1,000,000  13.9/s  upd=3712  L=0.0345  D=2.210
[regir_nocount] 3:26:31  171,836/1,000,000  13.9/s  upd=3712  L=0.0345  D=2.210
[regir_nocount] 3:26:42  172,179/1,000,000  13.9/s  upd=3717  L=0.0322  D=2.210
[regir_nocount] 3:26:52  172,179/1,000,000  13.9/s  upd=3720  L=0.0686  D=2.210
[regir_nocount] 3:27:44  172,179/1,000,000  13.8/s  upd=3720  L=0.0686  D=2.210
[regir_nocount] 3:27:54  172,508/1,000,000  13.8/s  upd=3724  L=0.0379  D=2.210
[regir_nocount] 3:28:05  172,886/1,000,000  13.8/s  upd=3731  L=0.0366  D=2.210
[regir_nocount] 3:28:17  173,194/1,000,000  13.9/s  upd=3737  L=0.0389  D=2.210
[regir_nocount] 3:28:28  173,194/1,000,000  13.8/s  upd=3744  L=0.0253  D=2.210
[regir_nocount] 3:28:39  173,541/1,000,000  13.9/s  upd=3749  L=0.0445  D=2.210
[regir_nocount] 3:28:50  173,853/1,000,000  13.9/s  upd=3756  L=0.0342  D=2.210
[regir_nocount] 3:29:02  174,240/1,000,000  13.9/s  upd=3763  L=0.0426  D=2.210
[regir_nocount] 3:29:13  174,240/1,000,000  13.9/s  upd=3768  L=0.0401  D=2.210
[regir_nocount] 3:29:23  174,600/1,000,000  13.9/s  upd=3770  L=0.0504  D=2.210
[regir_nocount] 3:29:34  174,600/1,000,000  13.9/s  upd=3776  L=0.0280  D=2.210
[regir_nocount] 3:29:46  175,028/1,000,000  13.9/s  upd=3777  L=0.0248  D=2.210
[regir_nocount] 3:29:56  175,028/1,000,000  13.9/s  upd=3781  L=0.0336  D=2.210
[regir_nocount] 3:30:08  175,304/1,000,000  13.9/s  upd=3787  L=0.0286  D=2.210
[regir_nocount] 3:30:18  175,304/1,000,000  13.9/s  upd=3792  L=0.0449  D=2.210
[regir_nocount] 3:30:28  175,639/1,000,000  13.9/s  upd=3799  L=0.0328  D=2.210
[regir_nocount] 3:30:39  175,926/1,000,000  13.9/s  upd=3806  L=0.0278  D=2.210
[regir_nocount] 3:30:50  176,227/1,000,000  13.9/s  upd=3811  L=0.0294  D=2.210
[regir_nocount] 3:31:02  176,529/1,000,000  13.9/s  upd=3819  L=0.0375  D=2.210
[regir_nocount] 3:31:12  176,925/1,000,000  14.0/s  upd=3825  L=0.0460  D=2.210
[regir_nocount] 3:31:22  176,925/1,000,000  13.9/s  upd=3832  L=0.0398  D=2.210
[regir_nocount] 3:31:33  177,273/1,000,000  14.0/s  upd=3839  L=0.0395  D=2.210
[regir_nocount] 3:31:44  177,550/1,000,000  14.0/s  upd=3846  L=0.0567  D=2.210
[regir_nocount] saved resume t_env=177,550
[regir_nocount] 3:31:55  177,849/1,000,000  14.0/s  upd=3850  L=0.0446  D=2.210
[regir_nocount] 3:32:05  177,849/1,000,000  14.0/s  upd=3856  L=0.0387  D=2.210
[regir_nocount] 3:32:18  178,207/1,000,000  14.0/s  upd=3863  L=0.0420  D=2.210
[regir_nocount] 3:32:28  178,516/1,000,000  14.0/s  upd=3866  L=0.0487  D=2.210
[regir_nocount] 3:32:39  178,516/1,000,000  14.0/s  upd=3872  L=0.0341  D=2.210
[regir_nocount] 3:32:50  178,831/1,000,000  14.0/s  upd=3876  L=0.0312  D=2.210
[regir_nocount] 3:33:30  178,831/1,000,000  14.0/s  upd=3880  L=0.0394  D=2.210
[regir_nocount] 3:33:41  179,158/1,000,000  14.0/s  upd=3884  L=0.0272  D=2.210
[regir_nocount] 3:33:52  179,158/1,000,000  14.0/s  upd=3888  L=0.0446  D=2.210
[regir_nocount] 3:34:02  179,573/1,000,000  14.0/s  upd=3889  L=0.0429  D=2.210
[regir_nocount] 3:34:14  179,573/1,000,000  14.0/s  upd=3894  L=0.0480  D=2.210
[regir_nocount] 3:34:25  179,870/1,000,000  14.0/s  upd=3899  L=0.0403  D=2.210
[regir_nocount] 3:34:35  179,870/1,000,000  14.0/s  upd=3903  L=0.0239  D=2.210
[regir_nocount] 3:34:46  180,164/1,000,000  14.0/s  upd=3907  L=0.0297  D=2.210
[regir_nocount] 3:34:57  180,164/1,000,000  14.0/s  upd=3912  L=0.0709  D=2.210
[regir_nocount] saved resume t_env=180,164
[regir_nocount] 3:35:13  180,164/1,000,000  14.0/s  upd=3912  L=0.0709  ev=0/100  D=2.210
[regir_nocount] 3:35:23  180,164/1,000,000  13.9/s  upd=3912  L=0.0709  ev=13/100  D=2.210
[regir_nocount] 3:35:33  180,164/1,000,000  13.9/s  upd=3912  L=0.0709  ev=23/100  D=2.210
[regir_nocount] 3:35:43  180,164/1,000,000  13.9/s  upd=3912  L=0.0709  ev=48/100  D=2.210
[regir_nocount] 3:35:54  180,164/1,000,000  13.9/s  upd=3912  L=0.0709  ev=56/100  D=2.210
[regir_nocount] 3:36:04  180,164/1,000,000  13.9/s  upd=3912  L=0.0709  ev=90/100  D=2.210
[regir_nocount] 3:37:34  180,164/1,000,000  13.8/s  upd=3912  L=0.0709  D=1.987
[regir_nocount] 3:37:45  180,597/1,000,000  13.8/s  upd=3917  L=0.0184  D=1.987
[regir_nocount] 3:37:56  180,931/1,000,000  13.8/s  upd=3924  L=0.0425  D=1.987
[regir_nocount] 3:38:07  181,248/1,000,000  13.8/s  upd=3931  L=0.0503  D=1.987
[regir_nocount] 3:38:17  181,553/1,000,000  13.9/s  upd=3938  L=0.0441  D=1.987
[regir_nocount] 3:38:28  181,553/1,000,000  13.9/s  upd=3944  L=0.0380  D=1.987
[regir_nocount] 3:38:38  181,889/1,000,000  13.9/s  upd=3950  L=0.0398  D=1.987
[regir_nocount] 3:40:11  181,889/1,000,000  13.8/s  upd=3952  L=0.0397  D=1.987
[regir_nocount] 3:40:23  182,246/1,000,000  13.8/s  upd=3954  L=0.0524  D=1.987
[regir_nocount] 3:40:33  182,246/1,000,000  13.8/s  upd=3959  L=0.0388  D=1.987
[regir_nocount] 3:40:43  182,561/1,000,000  13.8/s  upd=3961  L=0.0535  D=1.987
[regir_nocount] 3:40:55  182,561/1,000,000  13.8/s  upd=3968  L=0.0407  D=1.987
[regir_nocount] 3:41:05  182,561/1,000,000  13.8/s  upd=3968  L=0.0407  D=1.987
[regir_nocount] 3:41:15  182,889/1,000,000  13.8/s  upd=3973  L=0.0513  D=1.987
[regir_nocount] 3:41:25  182,889/1,000,000  13.8/s  upd=3976  L=0.0379  D=1.987
[regir_nocount] 3:41:36  183,226/1,000,000  13.8/s  upd=3978  L=0.0891  D=1.987
[regir_nocount] 3:41:47  183,226/1,000,000  13.8/s  upd=3982  L=0.0306  D=1.987
[regir_nocount] 3:41:58  183,552/1,000,000  13.8/s  upd=3986  L=0.0392  D=1.987
[regir_nocount] 3:42:09  183,552/1,000,000  13.8/s  upd=3991  L=0.0432  D=1.987
[regir_nocount] 3:42:20  183,921/1,000,000  13.8/s  upd=3995  L=0.0464  D=1.987
[regir_nocount] 3:42:30  183,921/1,000,000  13.8/s  upd=4000  L=0.0398  D=1.987
[regir_nocount] 3:42:42  184,362/1,000,000  13.8/s  upd=4004  L=0.0511  D=1.987
[regir_nocount] 3:42:52  184,696/1,000,000  13.8/s  upd=4009  L=0.0364  D=1.987
[regir_nocount] 3:43:03  184,696/1,000,000  13.8/s  upd=4015  L=0.0289  D=1.987
[regir_nocount] 3:43:15  185,013/1,000,000  13.8/s  upd=4019  L=0.0451  D=1.987
[regir_nocount] 3:43:25  185,013/1,000,000  13.8/s  upd=4024  L=0.0510  D=1.987
[regir_nocount] 3:43:37  185,413/1,000,000  13.8/s  upd=4025  L=0.0562  D=1.987
[regir_nocount] 3:43:47  185,413/1,000,000  13.8/s  upd=4030  L=0.0449  D=1.987
[regir_nocount] 3:43:58  185,413/1,000,000  13.8/s  upd=4032  L=0.0388  D=1.987
[regir_nocount] 3:44:10  185,812/1,000,000  13.8/s  upd=4037  L=0.0360  D=1.987
[regir_nocount] 3:44:21  186,101/1,000,000  13.8/s  upd=4042  L=0.0507  D=1.987
[regir_nocount] 3:44:31  186,101/1,000,000  13.8/s  upd=4047  L=0.0294  D=1.987
[regir_nocount] 3:44:42  186,411/1,000,000  13.8/s  upd=4053  L=0.0361  D=1.987
[regir_nocount] 3:44:54  186,715/1,000,000  13.8/s  upd=4058  L=0.0485  D=1.987
[regir_nocount] 3:45:04  186,715/1,000,000  13.8/s  upd=4062  L=0.0407  D=1.987
[regir_nocount] saved resume t_env=186,715
[regir_nocount] 3:45:14  186,715/1,000,000  13.8/s  upd=4064  L=0.0320  D=1.987
[regir_nocount] 3:45:25  187,024/1,000,000  13.8/s  upd=4071  L=0.0394  D=1.987
[regir_nocount] 3:46:53  187,024/1,000,000  13.7/s  upd=4072  L=0.0354  D=1.987
[regir_nocount] 3:47:05  187,318/1,000,000  13.7/s  upd=4076  L=0.0330  D=1.987
[regir_nocount] 3:47:15  187,318/1,000,000  13.7/s  upd=4080  L=0.0417  D=1.987
[regir_nocount] 3:47:25  187,639/1,000,000  13.8/s  upd=4084  L=0.0300  D=1.987
[regir_nocount] 3:47:35  187,639/1,000,000  13.7/s  upd=4088  L=0.0377  D=1.987
[regir_nocount] 3:47:46  188,022/1,000,000  13.8/s  upd=4094  L=0.0446  D=1.987
[regir_nocount] 3:47:56  188,399/1,000,000  13.8/s  upd=4097  L=0.0301  D=1.987
[regir_nocount] 3:48:06  188,399/1,000,000  13.8/s  upd=4104  L=0.0250  D=1.987
[regir_nocount] 3:48:18  188,770/1,000,000  13.8/s  upd=4107  L=0.0437  D=1.987
[regir_nocount] 3:48:28  189,066/1,000,000  13.8/s  upd=4114  L=0.0516  D=1.987
[regir_nocount] 3:48:38  189,378/1,000,000  13.8/s  upd=4122  L=0.0623  D=1.987
[regir_nocount] 3:48:50  189,378/1,000,000  13.8/s  upd=4128  L=0.0405  D=1.987
[regir_nocount] 3:49:01  189,704/1,000,000  13.8/s  upd=4135  L=0.0418  D=1.987
[regir_nocount] 3:49:13  190,015/1,000,000  13.8/s  upd=4144  L=0.0356  D=1.987
[regir_nocount] 3:49:24  190,331/1,000,000  13.8/s  upd=4149  L=0.0405  D=1.987
[regir_nocount] 3:49:35  190,693/1,000,000  13.8/s  upd=4153  L=0.0370  D=1.987
[regir_nocount] 3:49:47  190,693/1,000,000  13.8/s  upd=4159  L=0.0418  D=1.987
[regir_nocount] 3:49:59  191,013/1,000,000  13.8/s  upd=4162  L=0.0447  D=1.987
[regir_nocount] 3:50:11  191,013/1,000,000  13.8/s  upd=4167  L=0.0281  D=1.987
[regir_nocount] 3:50:21  191,369/1,000,000  13.8/s  upd=4172  L=0.0452  D=1.987
[regir_nocount] 3:50:31  191,698/1,000,000  13.9/s  upd=4176  L=0.0540  D=1.987
[regir_nocount] 3:50:42  191,698/1,000,000  13.8/s  upd=4182  L=0.0394  D=1.987
[regir_nocount] 3:50:53  192,013/1,000,000  13.9/s  upd=4189  L=0.0348  D=1.987
[regir_nocount] 3:51:04  192,362/1,000,000  13.9/s  upd=4195  L=0.0377  D=1.987
[regir_nocount] 3:51:14  192,710/1,000,000  13.9/s  upd=4202  L=0.0479  D=1.987
[regir_nocount] 3:51:25  193,010/1,000,000  13.9/s  upd=4209  L=0.0420  D=1.987
[regir_nocount] 3:51:37  193,010/1,000,000  13.9/s  upd=4214  L=0.0413  D=1.987
[regir_nocount] 3:51:47  193,352/1,000,000  13.9/s  upd=4218  L=0.0316  D=1.987
[regir_nocount] 3:51:57  193,352/1,000,000  13.9/s  upd=4224  L=0.0348  D=1.987
[regir_nocount] 3:52:45  193,352/1,000,000  13.8/s  upd=4224  L=0.0348  D=1.987
[regir_nocount] 3:52:57  193,667/1,000,000  13.9/s  upd=4229  L=0.0555  D=1.987
[regir_nocount] 3:53:09  194,059/1,000,000  13.9/s  upd=4234  L=0.0284  D=1.987
[regir_nocount] 3:53:21  194,059/1,000,000  13.9/s  upd=4239  L=0.0285  D=1.987
[regir_nocount] 3:53:32  194,390/1,000,000  13.9/s  upd=4243  L=0.0370  D=1.987
[regir_nocount] 3:53:42  194,390/1,000,000  13.9/s  upd=4247  L=0.0449  D=1.987
[regir_nocount] 3:53:52  194,390/1,000,000  13.9/s  upd=4248  L=0.0391  D=1.987
[regir_nocount] 3:54:03  194,746/1,000,000  13.9/s  upd=4253  L=0.0488  D=1.987
[regir_nocount] 3:54:14  194,746/1,000,000  13.9/s  upd=4256  L=0.0272  D=1.987
[regir_nocount] 3:54:27  195,136/1,000,000  13.9/s  upd=4259  L=0.0259  D=1.987
[regir_nocount] 3:54:37  195,136/1,000,000  13.9/s  upd=4264  L=0.0470  D=1.987
[regir_nocount] 3:54:48  195,513/1,000,000  13.9/s  upd=4267  L=0.0558  D=1.987
[regir_nocount] 3:54:58  195,513/1,000,000  13.9/s  upd=4272  L=0.0399  D=1.987
[regir_nocount] 3:55:10  195,830/1,000,000  13.9/s  upd=4277  L=0.0465  D=1.987
[regir_nocount] saved resume t_env=195,830
[regir_nocount] 3:55:20  195,830/1,000,000  13.9/s  upd=4280  L=0.0346  D=1.987
[regir_nocount] 3:55:31  196,155/1,000,000  13.9/s  upd=4286  L=0.0324  D=1.987
[regir_nocount] 3:55:41  196,155/1,000,000  13.9/s  upd=4288  L=0.0433  D=1.987
[regir_nocount] 3:55:53  196,461/1,000,000  13.9/s  upd=4295  L=0.0286  D=1.987
[regir_nocount] 3:56:05  196,821/1,000,000  13.9/s  upd=4298  L=0.0361  D=1.987
[regir_nocount] 3:56:16  196,821/1,000,000  13.9/s  upd=4304  L=0.0399  D=1.987
[regir_nocount] 3:56:26  197,150/1,000,000  13.9/s  upd=4307  L=0.0499  D=1.987
[regir_nocount] 3:56:36  197,449/1,000,000  13.9/s  upd=4313  L=0.0336  D=1.987
[regir_nocount] 3:56:46  197,449/1,000,000  13.9/s  upd=4320  L=0.0389  D=1.987
[regir_nocount] 3:56:56  197,763/1,000,000  13.9/s  upd=4327  L=0.0384  D=1.987
[regir_nocount] 3:57:07  198,069/1,000,000  13.9/s  upd=4331  L=0.0504  D=1.987
[regir_nocount] 3:57:17  198,069/1,000,000  13.9/s  upd=4336  L=0.0645  D=1.987
[regir_nocount] 3:57:27  198,069/1,000,000  13.9/s  upd=4336  L=0.0645  D=1.987
[regir_nocount] 3:57:38  198,440/1,000,000  13.9/s  upd=4340  L=0.0353  D=1.987
[regir_nocount] 3:58:14  198,440/1,000,000  13.9/s  upd=4344  L=0.0463  D=1.987
[regir_nocount] 3:58:24  198,778/1,000,000  13.9/s  upd=4347  L=0.0715  D=1.987
[regir_nocount] 3:58:34  198,778/1,000,000  13.9/s  upd=4352  L=0.0455  D=1.987
[regir_nocount] 3:58:46  199,069/1,000,000  13.9/s  upd=4355  L=0.0455  D=1.987
[regir_nocount] 3:58:59  199,069/1,000,000  13.9/s  upd=4360  L=0.0282  D=1.987
[regir_nocount] 3:59:09  199,462/1,000,000  13.9/s  upd=4362  L=0.0312  D=1.987
[regir_nocount] 3:59:20  199,462/1,000,000  13.9/s  upd=4368  L=0.0380  D=1.987
[regir_nocount] 3:59:30  199,462/1,000,000  13.9/s  upd=4368  L=0.0380  D=1.987
[regir_nocount] 3:59:42  199,840/1,000,000  13.9/s  upd=4371  L=0.0468  D=1.987
[regir_nocount] 3:59:52  199,840/1,000,000  13.9/s  upd=4376  L=0.0446  D=1.987
[regir_nocount] 4:00:05  200,107/1,000,000  13.9/s  upd=4380  L=0.0526  D=1.987
[regir_nocount] saved resume t_env=200,107
[regir_nocount] 4:00:31  200,107/1,000,000  13.9/s  upd=4384  L=0.0408  ev=0/100  D=1.987
[regir_nocount] 4:00:41  200,107/1,000,000  13.9/s  upd=4384  L=0.0408  ev=23/100  D=1.987
[regir_nocount] 4:00:51  200,107/1,000,000  13.8/s  upd=4384  L=0.0408  ev=78/100  D=1.987
[regir_nocount] 4:03:32  200,107/1,000,000  13.7/s  upd=4384  L=0.0408  D=1.676
[regir_nocount] 4:05:20  200,107/1,000,000  13.6/s  upd=4384  L=0.0408  D=1.676
[regir_nocount] 4:05:32  200,492/1,000,000  13.6/s  upd=4388  L=0.0346  D=1.676
[regir_nocount] 4:05:42  200,798/1,000,000  13.6/s  upd=4393  L=0.0406  D=1.676
[regir_nocount] 4:05:53  200,798/1,000,000  13.6/s  upd=4399  L=0.0387  D=1.676
[regir_nocount] 4:06:04  201,059/1,000,000  13.6/s  upd=4401  L=0.0474  D=1.676
[regir_nocount] 4:06:15  201,059/1,000,000  13.6/s  upd=4405  L=0.0359  D=1.676
[regir_nocount] 4:06:26  201,344/1,000,000  13.6/s  upd=4410  L=0.0342  D=1.676
[regir_nocount] 4:06:36  201,344/1,000,000  13.6/s  upd=4416  L=0.0406  D=1.676
[regir_nocount] 4:06:48  201,639/1,000,000  13.6/s  upd=4420  L=0.0328  D=1.676
[regir_nocount] 4:06:58  201,639/1,000,000  13.6/s  upd=4424  L=0.0423  D=1.676
[regir_nocount] 4:07:09  201,935/1,000,000  13.6/s  upd=4430  L=0.0595  D=1.676
[regir_nocount] 4:07:19  202,281/1,000,000  13.6/s  upd=4433  L=0.0568  D=1.676
[regir_nocount] 4:07:31  202,281/1,000,000  13.6/s  upd=4440  L=0.0493  D=1.676
[regir_nocount] 4:07:42  202,626/1,000,000  13.6/s  upd=4445  L=0.0353  D=1.676
[regir_nocount] 4:07:52  202,626/1,000,000  13.6/s  upd=4448  L=0.0561  D=1.676
[regir_nocount] 4:08:04  202,886/1,000,000  13.6/s  upd=4454  L=0.0447  D=1.676
[regir_nocount] 4:08:16  203,285/1,000,000  13.6/s  upd=4460  L=0.0254  D=1.676
[regir_nocount] 4:08:27  203,626/1,000,000  13.7/s  upd=4468  L=0.0305  D=1.676
[regir_nocount] 4:08:40  203,966/1,000,000  13.7/s  upd=4475  L=0.0407  D=1.676
[regir_nocount] 4:08:50  203,966/1,000,000  13.7/s  upd=4480  L=0.0326  D=1.676
[regir_nocount] 4:09:00  204,268/1,000,000  13.7/s  upd=4484  L=0.0605  D=1.676
[regir_nocount] 4:09:10  204,268/1,000,000  13.7/s  upd=4488  L=0.0408  D=1.676
[regir_nocount] 4:09:22  204,586/1,000,000  13.7/s  upd=4493  L=0.0434  D=1.676
[regir_nocount] 4:09:32  204,586/1,000,000  13.7/s  upd=4496  L=0.0370  D=1.676
[regir_nocount] 4:09:43  204,884/1,000,000  13.7/s  upd=4501  L=0.0293  D=1.676
[regir_nocount] 4:09:54  205,198/1,000,000  13.7/s  upd=4505  L=0.0369  D=1.676
[regir_nocount] 4:10:04  205,198/1,000,000  13.7/s  upd=4512  L=0.0362  D=1.676
[regir_nocount] 4:10:15  205,486/1,000,000  13.7/s  upd=4518  L=0.0373  D=1.676
[regir_nocount] saved resume t_env=205,486
[regir_nocount] 4:10:25  205,486/1,000,000  13.7/s  upd=4520  L=0.0366  D=1.676
[regir_nocount] 4:10:37  205,799/1,000,000  13.7/s  upd=4524  L=0.0473  D=1.676
[regir_nocount] 4:12:23  205,799/1,000,000  13.6/s  upd=4528  L=0.0720  D=1.676
[regir_nocount] 4:12:33  206,194/1,000,000  13.6/s  upd=4536  L=0.0348  D=1.676
[regir_nocount] 4:12:44  206,518/1,000,000  13.6/s  upd=4543  L=0.0360  D=1.676
[regir_nocount] 4:12:54  206,866/1,000,000  13.6/s  upd=4548  L=0.0317  D=1.676
[regir_nocount] 4:13:04  206,866/1,000,000  13.6/s  upd=4552  L=0.0309  D=1.676
[regir_nocount] 4:13:15  207,160/1,000,000  13.6/s  upd=4559  L=0.0306  D=1.676
[regir_nocount] 4:13:25  207,539/1,000,000  13.6/s  upd=4563  L=0.0302  D=1.676
[regir_nocount] 4:13:35  207,539/1,000,000  13.6/s  upd=4568  L=0.0421  D=1.676
[regir_nocount] 4:13:46  207,853/1,000,000  13.7/s  upd=4571  L=0.0262  D=1.676
[regir_nocount] 4:13:56  207,853/1,000,000  13.6/s  upd=4576  L=0.0385  D=1.676
[regir_nocount] 4:14:07  208,162/1,000,000  13.7/s  upd=4582  L=0.0297  D=1.676
[regir_nocount] 4:14:19  208,471/1,000,000  13.7/s  upd=4588  L=0.0720  D=1.676
[regir_nocount] 4:14:29  208,752/1,000,000  13.7/s  upd=4593  L=0.0413  D=1.676
[regir_nocount] 4:14:40  208,752/1,000,000  13.7/s  upd=4599  L=0.0351  D=1.676
[regir_nocount] 4:14:50  209,045/1,000,000  13.7/s  upd=4603  L=0.0408  D=1.676
[regir_nocount] 4:15:00  209,045/1,000,000  13.7/s  upd=4607  L=0.0321  D=1.676
[regir_nocount] 4:15:12  209,370/1,000,000  13.7/s  upd=4611  L=0.0410  D=1.676
[regir_nocount] 4:15:22  209,659/1,000,000  13.7/s  upd=4619  L=0.0366  D=1.676
[regir_nocount] 4:15:33  210,058/1,000,000  13.7/s  upd=4625  L=0.0374  D=1.676
[regir_nocount] 4:15:43  210,058/1,000,000  13.7/s  upd=4632  L=0.0395  D=1.676
[regir_nocount] 4:15:54  210,419/1,000,000  13.7/s  upd=4638  L=0.0318  D=1.676
[regir_nocount] 4:16:05  210,734/1,000,000  13.7/s  upd=4645  L=0.0488  D=1.676
[regir_nocount] 4:16:15  211,059/1,000,000  13.7/s  upd=4651  L=0.0463  D=1.676
[regir_nocount] 4:16:27  211,338/1,000,000  13.7/s  upd=4658  L=0.0512  D=1.676
[regir_nocount] 4:16:37  211,338/1,000,000  13.7/s  upd=4664  L=0.0307  D=1.676
[regir_nocount] 4:16:49  211,672/1,000,000  13.7/s  upd=4670  L=0.0421  D=1.676
[regir_nocount] 4:16:59  211,990/1,000,000  13.7/s  upd=4674  L=0.0337  D=1.676
[regir_nocount] 4:17:10  211,990/1,000,000  13.7/s  upd=4678  L=0.0411  D=1.676
[regir_nocount] 4:17:21  212,252/1,000,000  13.7/s  upd=4683  L=0.0277  D=1.676
[regir_nocount] 4:18:13  212,252/1,000,000  13.7/s  upd=4688  L=0.0408  D=1.676
[regir_nocount] 4:18:25  212,541/1,000,000  13.7/s  upd=4693  L=0.0371  D=1.676
[regir_nocount] 4:18:35  212,835/1,000,000  13.7/s  upd=4698  L=0.0403  D=1.676
[regir_nocount] 4:18:46  212,835/1,000,000  13.7/s  upd=4703  L=0.0453  D=1.676
[regir_nocount] 4:18:57  213,146/1,000,000  13.7/s  upd=4707  L=0.0740  D=1.676
[regir_nocount] 4:19:07  213,146/1,000,000  13.7/s  upd=4712  L=0.0451  D=1.676
[regir_nocount] 4:19:18  213,510/1,000,000  13.7/s  upd=4715  L=0.0351  D=1.676
[regir_nocount] 4:19:28  213,510/1,000,000  13.7/s  upd=4719  L=0.0276  D=1.676
[regir_nocount] 4:19:38  213,510/1,000,000  13.7/s  upd=4720  L=0.0317  D=1.676
[regir_nocount] 4:19:49  213,858/1,000,000  13.7/s  upd=4725  L=0.0425  D=1.676
[regir_nocount] 4:19:59  213,858/1,000,000  13.7/s  upd=4728  L=0.0286  D=1.676
[regir_nocount] 4:20:10  214,111/1,000,000  13.7/s  upd=4734  L=0.0501  D=1.676
[regir_nocount] 4:20:20  214,440/1,000,000  13.7/s  upd=4738  L=0.0345  D=1.676
[regir_nocount] 4:20:32  214,440/1,000,000  13.7/s  upd=4743  L=0.0234  D=1.676
[regir_nocount] saved resume t_env=214,440
[regir_nocount] 4:20:43  214,742/1,000,000  13.7/s  upd=4745  L=0.0340  D=1.676
[regir_nocount] 4:20:54  214,742/1,000,000  13.7/s  upd=4749  L=0.0540  D=1.676
[regir_nocount] 4:21:05  215,034/1,000,000  13.7/s  upd=4754  L=0.0436  D=1.676
[regir_nocount] 4:21:15  215,034/1,000,000  13.7/s  upd=4760  L=0.0771  D=1.676
[regir_nocount] 4:21:26  215,342/1,000,000  13.7/s  upd=4762  L=0.0585  D=1.676
[regir_nocount] 4:21:37  215,342/1,000,000  13.7/s  upd=4768  L=0.0287  D=1.676
[regir_nocount] 4:21:49  215,705/1,000,000  13.7/s  upd=4771  L=0.0285  D=1.676
[regir_nocount] 4:21:59  215,705/1,000,000  13.7/s  upd=4776  L=0.0333  D=1.676
[regir_nocount] 4:22:10  216,035/1,000,000  13.7/s  upd=4779  L=0.0363  D=1.676
[regir_nocount] 4:22:20  216,035/1,000,000  13.7/s  upd=4784  L=0.0264  D=1.676
[regir_nocount] 4:22:31  216,341/1,000,000  13.7/s  upd=4789  L=0.0387  D=1.676
[regir_nocount] 4:22:43  216,662/1,000,000  13.7/s  upd=4793  L=0.0364  D=1.676
[regir_nocount] 4:22:53  216,662/1,000,000  13.7/s  upd=4798  L=0.0246  D=1.676
[regir_nocount] 4:23:03  216,939/1,000,000  13.7/s  upd=4802  L=0.0418  D=1.676
[regir_nocount] 4:23:15  216,939/1,000,000  13.7/s  upd=4806  L=0.0356  D=1.676
[regir_nocount] 4:23:45  216,939/1,000,000  13.7/s  upd=4808  L=0.0430  D=1.676
[regir_nocount] 4:23:56  217,266/1,000,000  13.7/s  upd=4810  L=0.0393  D=1.676
[regir_nocount] 4:24:06  217,266/1,000,000  13.7/s  upd=4816  L=0.0485  D=1.676
[regir_nocount] 4:24:17  217,600/1,000,000  13.7/s  upd=4820  L=0.0532  D=1.676
[regir_nocount] 4:24:27  217,600/1,000,000  13.7/s  upd=4824  L=0.0413  D=1.676
[regir_nocount] 4:24:39  217,958/1,000,000  13.7/s  upd=4830  L=0.0369  D=1.676
[regir_nocount] 4:24:49  217,958/1,000,000  13.7/s  upd=4832  L=0.0457  D=1.676
[regir_nocount] 4:25:00  218,304/1,000,000  13.7/s  upd=4837  L=0.0295  D=1.676
[regir_nocount] 4:25:10  218,304/1,000,000  13.7/s  upd=4840  L=0.0405  D=1.676
[regir_nocount] 4:25:21  218,573/1,000,000  13.7/s  upd=4843  L=0.0414  D=1.676
[regir_nocount] 4:25:31  218,573/1,000,000  13.7/s  upd=4848  L=0.0292  D=1.676
[regir_nocount] 4:25:42  218,879/1,000,000  13.7/s  upd=4851  L=0.0221  D=1.676
[regir_nocount] 4:25:52  218,879/1,000,000  13.7/s  upd=4856  L=0.0497  D=1.676
[regir_nocount] 4:26:03  219,153/1,000,000  13.7/s  upd=4860  L=0.0355  D=1.676
[regir_nocount] 4:26:15  219,454/1,000,000  13.7/s  upd=4865  L=0.0358  D=1.676
[regir_nocount] 4:26:25  219,454/1,000,000  13.7/s  upd=4871  L=0.0284  D=1.676
[regir_nocount] 4:26:37  219,772/1,000,000  13.7/s  upd=4876  L=0.0277  D=1.676
[regir_nocount] 4:26:47  219,772/1,000,000  13.7/s  upd=4880  L=0.0437  D=1.676
[regir_nocount] 4:26:58  220,054/1,000,000  13.7/s  upd=4886  L=0.0480  D=1.676
[regir_nocount] saved resume t_env=220,054
[regir_nocount] 4:27:19  220,054/1,000,000  13.7/s  upd=4888  L=0.0365  ev=0/100  D=1.676
[regir_nocount] 4:27:29  220,054/1,000,000  13.7/s  upd=4888  L=0.0365  ev=20/100  D=1.676
[regir_nocount] 4:27:40  220,054/1,000,000  13.7/s  upd=4888  L=0.0365  ev=40/100  D=1.676
[regir_nocount] 4:27:50  220,054/1,000,000  13.7/s  upd=4888  L=0.0365  ev=55/100  D=1.676
[regir_nocount] 4:28:48  220,054/1,000,000  13.6/s  upd=4888  L=0.0365  D=1.575
[regir_nocount] 4:31:00  220,054/1,000,000  13.5/s  upd=4888  L=0.0365  D=1.575
[regir_nocount] 4:31:13  220,323/1,000,000  13.5/s  upd=4893  L=0.0412  D=1.575
[regir_nocount] 4:31:23  220,632/1,000,000  13.5/s  upd=4896  L=0.0458  D=1.575
[regir_nocount] 4:31:33  220,632/1,000,000  13.5/s  upd=4901  L=0.0431  D=1.575
[regir_nocount] 4:31:44  220,956/1,000,000  13.6/s  upd=4906  L=0.0397  D=1.575
[regir_nocount] 4:31:54  220,956/1,000,000  13.5/s  upd=4912  L=0.0399  D=1.575
[regir_nocount] 4:32:06  221,264/1,000,000  13.6/s  upd=4914  L=0.0471  D=1.575
[regir_nocount] 4:32:16  221,264/1,000,000  13.5/s  upd=4920  L=0.0389  D=1.575
[regir_nocount] 4:32:26  221,264/1,000,000  13.5/s  upd=4920  L=0.0389  D=1.575
[regir_nocount] 4:32:36  221,604/1,000,000  13.5/s  upd=4926  L=0.0418  D=1.575
[regir_nocount] 4:32:46  221,604/1,000,000  13.5/s  upd=4928  L=0.0224  D=1.575
[regir_nocount] 4:32:59  221,903/1,000,000  13.5/s  upd=4932  L=0.0402  D=1.575
[regir_nocount] 4:33:09  221,903/1,000,000  13.5/s  upd=4936  L=0.0377  D=1.575
[regir_nocount] 4:33:19  222,165/1,000,000  13.5/s  upd=4939  L=0.0471  D=1.575
[regir_nocount] 4:33:29  222,165/1,000,000  13.5/s  upd=4944  L=0.0479  D=1.575
[regir_nocount] 4:33:39  222,507/1,000,000  13.6/s  upd=4948  L=0.0449  D=1.575
[regir_nocount] 4:33:50  222,813/1,000,000  13.6/s  upd=4956  L=0.0311  D=1.575
[regir_nocount] 4:34:00  222,813/1,000,000  13.6/s  upd=4960  L=0.0434  D=1.575
[regir_nocount] 4:34:11  223,118/1,000,000  13.6/s  upd=4965  L=0.0455  D=1.575
[regir_nocount] 4:34:22  223,409/1,000,000  13.6/s  upd=4970  L=0.0401  D=1.575
[regir_nocount] 4:34:32  223,409/1,000,000  13.6/s  upd=4976  L=0.0299  D=1.575
[regir_nocount] 4:34:43  223,736/1,000,000  13.6/s  upd=4984  L=0.0397  D=1.575
[regir_nocount] 4:34:55  224,072/1,000,000  13.6/s  upd=4991  L=0.0352  D=1.575
[regir_nocount] 4:35:06  224,363/1,000,000  13.6/s  upd=4997  L=0.0486  D=1.575
[regir_nocount] 4:35:17  224,739/1,000,000  13.6/s  upd=5002  L=0.0361  D=1.575
[regir_nocount] 4:35:28  224,739/1,000,000  13.6/s  upd=5008  L=0.0404  D=1.575
[regir_nocount] 4:35:40  225,036/1,000,000  13.6/s  upd=5013  L=0.0281  D=1.575
[regir_nocount] 4:35:50  225,318/1,000,000  13.6/s  upd=5018  L=0.0365  D=1.575
[regir_nocount] 4:36:02  225,318/1,000,000  13.6/s  upd=5023  L=0.0373  D=1.575
[regir_nocount] 4:38:14  225,318/1,000,000  13.5/s  upd=5024  L=0.0361  D=1.575
[regir_nocount] 4:38:25  225,631/1,000,000  13.5/s  upd=5032  L=0.0506  D=1.575
[regir_nocount] saved resume t_env=225,631
[regir_nocount] 4:38:35  225,971/1,000,000  13.5/s  upd=5038  L=0.0449  D=1.575
[regir_nocount] 4:38:47  226,309/1,000,000  13.5/s  upd=5046  L=0.0623  D=1.575
[regir_nocount] 4:38:57  226,309/1,000,000  13.5/s  upd=5048  L=0.0431  D=1.575
[regir_nocount] 4:39:07  226,676/1,000,000  13.5/s  upd=5054  L=0.0325  D=1.575
[regir_nocount] 4:39:17  226,676/1,000,000  13.5/s  upd=5056  L=0.0290  D=1.575
[regir_nocount] 4:39:28  227,080/1,000,000  13.5/s  upd=5059  L=0.0384  D=1.575
[regir_nocount] 4:39:38  227,080/1,000,000  13.5/s  upd=5064  L=0.0393  D=1.575
[regir_nocount] 4:39:48  227,394/1,000,000  13.5/s  upd=5068  L=0.0346  D=1.575
[regir_nocount] 4:40:00  227,699/1,000,000  13.6/s  upd=5074  L=0.0264  D=1.575
[regir_nocount] 4:40:12  227,699/1,000,000  13.5/s  upd=5079  L=0.0333  D=1.575
[regir_nocount] 4:40:23  227,990/1,000,000  13.6/s  upd=5084  L=0.0293  D=1.575
[regir_nocount] 4:40:34  228,353/1,000,000  13.6/s  upd=5089  L=0.0424  D=1.575
[regir_nocount] 4:40:44  228,353/1,000,000  13.6/s  upd=5096  L=0.0340  D=1.575
[regir_nocount] 4:40:55  228,650/1,000,000  13.6/s  upd=5101  L=0.0276  D=1.575
[regir_nocount] 4:41:05  228,969/1,000,000  13.6/s  upd=5106  L=0.0391  D=1.575
[regir_nocount] 4:41:15  228,969/1,000,000  13.6/s  upd=5112  L=0.0434  D=1.575
[regir_nocount] 4:41:26  229,301/1,000,000  13.6/s  upd=5120  L=0.0305  D=1.575
[regir_nocount] 4:41:37  229,614/1,000,000  13.6/s  upd=5125  L=0.0501  D=1.575
[regir_nocount] 4:41:49  229,902/1,000,000  13.6/s  upd=5131  L=0.0313  D=1.575
[regir_nocount] 4:42:01  229,902/1,000,000  13.6/s  upd=5136  L=0.0348  D=1.575
[regir_nocount] 4:42:12  230,236/1,000,000  13.6/s  upd=5143  L=0.0439  D=1.575
[regir_nocount] 4:42:22  230,554/1,000,000  13.6/s  upd=5145  L=0.0503  D=1.575
[regir_nocount] 4:42:34  230,554/1,000,000  13.6/s  upd=5151  L=0.0277  D=1.575
[regir_nocount] 4:42:44  230,816/1,000,000  13.6/s  upd=5156  L=0.0383  D=1.575
[regir_nocount] 4:42:54  230,816/1,000,000  13.6/s  upd=5160  L=0.0258  D=1.575
[regir_nocount] 4:43:06  231,147/1,000,000  13.6/s  upd=5165  L=0.0385  D=1.575
[regir_nocount] 4:43:16  231,147/1,000,000  13.6/s  upd=5168  L=0.0299  D=1.575
[regir_nocount] 4:43:28  231,449/1,000,000  13.6/s  upd=5172  L=0.0329  D=1.575
[regir_nocount] 4:44:10  231,449/1,000,000  13.6/s  upd=5176  L=0.0427  D=1.575
[regir_nocount] 4:44:20  231,831/1,000,000  13.6/s  upd=5182  L=0.0475  D=1.575
[regir_nocount] 4:44:30  232,152/1,000,000  13.6/s  upd=5187  L=0.0324  D=1.575
[regir_nocount] 4:44:41  232,445/1,000,000  13.6/s  upd=5194  L=0.0273  D=1.575
[regir_nocount] 4:44:51  232,445/1,000,000  13.6/s  upd=5200  L=0.0276  D=1.575
[regir_nocount] 4:45:02  232,735/1,000,000  13.6/s  upd=5206  L=0.0412  D=1.575
[regir_nocount] 4:45:12  232,735/1,000,000  13.6/s  upd=5208  L=0.0328  D=1.575
[regir_nocount] 4:45:23  233,048/1,000,000  13.6/s  upd=5213  L=0.0529  D=1.575
[regir_nocount] 4:45:33  233,048/1,000,000  13.6/s  upd=5216  L=0.0453  D=1.575
[regir_nocount] 4:45:43  233,352/1,000,000  13.6/s  upd=5218  L=0.0263  D=1.575
[regir_nocount] 4:45:54  233,352/1,000,000  13.6/s  upd=5224  L=0.0348  D=1.575
[regir_nocount] 4:46:04  233,683/1,000,000  13.6/s  upd=5227  L=0.0279  D=1.575
[regir_nocount] 4:46:14  233,683/1,000,000  13.6/s  upd=5232  L=0.0261  D=1.575
[regir_nocount] 4:46:27  233,992/1,000,000  13.6/s  upd=5238  L=0.0266  D=1.575
[regir_nocount] 4:46:37  233,992/1,000,000  13.6/s  upd=5240  L=0.0488  D=1.575
[regir_nocount] 4:46:47  234,310/1,000,000  13.6/s  upd=5246  L=0.0364  D=1.575
[regir_nocount] 4:46:57  234,655/1,000,000  13.6/s  upd=5249  L=0.0305  D=1.575
[regir_nocount] 4:47:08  234,655/1,000,000  13.6/s  upd=5256  L=0.0301  D=1.575
[regir_nocount] 4:47:19  234,979/1,000,000  13.6/s  upd=5262  L=0.0336  D=1.575
[regir_nocount] 4:47:29  235,256/1,000,000  13.6/s  upd=5267  L=0.0336  D=1.575
[regir_nocount] 4:47:41  235,531/1,000,000  13.6/s  upd=5273  L=0.0393  D=1.575
[regir_nocount] 4:47:51  235,531/1,000,000  13.6/s  upd=5276  L=0.0501  D=1.575
[regir_nocount] 4:48:01  235,531/1,000,000  13.6/s  upd=5280  L=0.0369  D=1.575
[regir_nocount] 4:48:12  235,850/1,000,000  13.6/s  upd=5285  L=0.0326  D=1.575
[regir_nocount] 4:48:25  236,124/1,000,000  13.6/s  upd=5291  L=0.0321  D=1.575
[regir_nocount] saved resume t_env=236,124
[regir_nocount] 4:48:37  236,124/1,000,000  13.6/s  upd=5296  L=0.0341  D=1.575
[regir_nocount] 4:48:47  236,124/1,000,000  13.6/s  upd=5296  L=0.0341  D=1.575
[regir_nocount] 4:48:58  236,480/1,000,000  13.6/s  upd=5300  L=0.0346  D=1.575
[regir_nocount] 4:49:08  236,480/1,000,000  13.6/s  upd=5304  L=0.0336  D=1.575
[regir_nocount] 4:49:20  236,749/1,000,000  13.6/s  upd=5311  L=0.0411  D=1.575
[regir_nocount] 4:49:52  236,749/1,000,000  13.6/s  upd=5312  L=0.0305  D=1.575
[regir_nocount] 4:50:02  237,081/1,000,000  13.6/s  upd=5316  L=0.0270  D=1.575
[regir_nocount] 4:50:13  237,376/1,000,000  13.6/s  upd=5321  L=0.0335  D=1.575
[regir_nocount] 4:50:23  237,376/1,000,000  13.6/s  upd=5326  L=0.0373  D=1.575
[regir_nocount] 4:50:34  237,376/1,000,000  13.6/s  upd=5328  L=0.0378  D=1.575
[regir_nocount] 4:50:44  237,674/1,000,000  13.6/s  upd=5333  L=0.0312  D=1.575
[regir_nocount] 4:50:54  237,674/1,000,000  13.6/s  upd=5336  L=0.0394  D=1.575
[regir_nocount] 4:51:06  238,034/1,000,000  13.6/s  upd=5341  L=0.0441  D=1.575
[regir_nocount] 4:51:17  238,339/1,000,000  13.6/s  upd=5345  L=0.0376  D=1.575
[regir_nocount] 4:51:27  238,339/1,000,000  13.6/s  upd=5350  L=0.0487  D=1.575
[regir_nocount] 4:51:39  238,634/1,000,000  13.6/s  upd=5354  L=0.0260  D=1.575
[regir_nocount] 4:51:50  238,634/1,000,000  13.6/s  upd=5358  L=0.0335  D=1.575
[regir_nocount] 4:52:01  238,963/1,000,000  13.6/s  upd=5362  L=0.0280  D=1.575
[regir_nocount] 4:52:12  238,963/1,000,000  13.6/s  upd=5366  L=0.0355  D=1.575
[regir_nocount] 4:52:24  239,259/1,000,000  13.6/s  upd=5370  L=0.0313  D=1.575
[regir_nocount] 4:52:35  239,259/1,000,000  13.6/s  upd=5374  L=0.0289  D=1.575
[regir_nocount] 4:52:47  239,537/1,000,000  13.6/s  upd=5379  L=0.0397  D=1.575
[regir_nocount] 4:52:58  239,844/1,000,000  13.6/s  upd=5385  L=0.0296  D=1.575
[regir_nocount] 4:53:09  239,844/1,000,000  13.6/s  upd=5391  L=0.0352  D=1.575
[regir_nocount] 4:53:21  240,162/1,000,000  13.6/s  upd=5399  L=0.0476  D=1.575
[regir_nocount] saved resume t_env=240,162
[regir_nocount] 4:53:39  240,162/1,000,000  13.6/s  upd=5400  L=0.0501  ev=0/100  D=1.575
[regir_nocount] 4:55:21  240,162/1,000,000  13.6/s  upd=5400  L=0.0501  D=1.429
[regir_nocount] 4:57:11  240,162/1,000,000  13.5/s  upd=5400  L=0.0501  D=1.429
[regir_nocount] 4:57:21  240,486/1,000,000  13.5/s  upd=5404  L=0.0330  D=1.429
[regir_nocount] 4:57:32  240,841/1,000,000  13.5/s  upd=5409  L=0.0351  D=1.429
[regir_nocount] 4:57:44  240,841/1,000,000  13.5/s  upd=5416  L=0.0296  D=1.429
[regir_nocount] 4:57:54  241,118/1,000,000  13.5/s  upd=5420  L=0.0220  D=1.429
[regir_nocount] 4:58:05  241,417/1,000,000  13.5/s  upd=5426  L=0.0258  D=1.429
[regir_nocount] 4:58:16  241,417/1,000,000  13.5/s  upd=5431  L=0.0397  D=1.429
[regir_nocount] 4:58:26  241,731/1,000,000  13.5/s  upd=5432  L=0.0339  D=1.429
[regir_nocount] 4:58:38  241,731/1,000,000  13.5/s  upd=5438  L=0.0235  D=1.429
[regir_nocount] 4:58:52  242,008/1,000,000  13.5/s  upd=5441  L=0.0354  D=1.429
[regir_nocount] 4:59:04  242,008/1,000,000  13.5/s  upd=5448  L=0.0409  D=1.429
[regir_nocount] 4:59:17  242,304/1,000,000  13.5/s  upd=5449  L=0.0446  D=1.429
[regir_nocount] 4:59:28  242,304/1,000,000  13.5/s  upd=5456  L=0.0271  D=1.429
[regir_nocount] 4:59:38  242,611/1,000,000  13.5/s  upd=5461  L=0.0360  D=1.429
[regir_nocount] 4:59:49  242,907/1,000,000  13.5/s  upd=5469  L=0.0328  D=1.429
[regir_nocount] 5:00:02  243,232/1,000,000  13.5/s  upd=5476  L=0.0311  D=1.429
[regir_nocount] 5:00:12  243,232/1,000,000  13.5/s  upd=5480  L=0.0313  D=1.429
[regir_nocount] 5:00:23  243,521/1,000,000  13.5/s  upd=5485  L=0.0311  D=1.429
[regir_nocount] 5:00:33  243,831/1,000,000  13.5/s  upd=5489  L=0.0339  D=1.429
[regir_nocount] 5:00:43  243,831/1,000,000  13.5/s  upd=5496  L=0.0318  D=1.429
[regir_nocount] 5:00:54  244,180/1,000,000  13.5/s  upd=5504  L=0.0288  D=1.429
[regir_nocount] 5:01:05  244,466/1,000,000  13.5/s  upd=5509  L=0.0354  D=1.429
[regir_nocount] 5:01:16  244,754/1,000,000  13.5/s  upd=5514  L=0.0314  D=1.429
[regir_nocount] 5:01:26  245,064/1,000,000  13.5/s  upd=5521  L=0.0358  D=1.429
[regir_nocount] 5:01:36  245,064/1,000,000  13.5/s  upd=5528  L=0.0242  D=1.429
[regir_nocount] 5:01:47  245,386/1,000,000  13.6/s  upd=5536  L=0.0242  D=1.429
[regir_nocount] 5:01:58  245,744/1,000,000  13.6/s  upd=5541  L=0.0315  D=1.429
[regir_nocount] 5:02:09  246,015/1,000,000  13.6/s  upd=5547  L=0.0288  D=1.429
[regir_nocount] 5:03:40  246,015/1,000,000  13.5/s  upd=5552  L=0.0507  D=1.429
[regir_nocount] 5:03:51  246,377/1,000,000  13.5/s  upd=5557  L=0.0310  D=1.429
[regir_nocount] saved resume t_env=246,377
[regir_nocount] 5:04:01  246,377/1,000,000  13.5/s  upd=5560  L=0.0367  D=1.429
[regir_nocount] 5:04:12  246,643/1,000,000  13.5/s  upd=5567  L=0.0379  D=1.429
[regir_nocount] 5:04:23  246,974/1,000,000  13.5/s  upd=5570  L=0.0314  D=1.429
[regir_nocount] 5:04:34  246,974/1,000,000  13.5/s  upd=5576  L=0.0515  D=1.429
[regir_nocount] 5:04:46  247,264/1,000,000  13.5/s  upd=5578  L=0.0432  D=1.429
[regir_nocount] 5:04:56  247,264/1,000,000  13.5/s  upd=5584  L=0.0409  D=1.429
[regir_nocount] 5:05:07  247,586/1,000,000  13.5/s  upd=5585  L=0.0353  D=1.429
[regir_nocount] 5:05:18  247,586/1,000,000  13.5/s  upd=5590  L=0.0256  D=1.429
[regir_nocount] 5:05:30  247,873/1,000,000  13.5/s  upd=5594  L=0.0306  D=1.429
[regir_nocount] 5:05:40  247,873/1,000,000  13.5/s  upd=5599  L=0.0357  D=1.429
[regir_nocount] 5:05:51  248,166/1,000,000  13.5/s  upd=5603  L=0.0200  D=1.429
[regir_nocount] 5:06:02  248,166/1,000,000  13.5/s  upd=5608  L=0.0233  D=1.429
[regir_nocount] 5:06:13  248,500/1,000,000  13.5/s  upd=5609  L=0.0352  D=1.429
[regir_nocount] 5:06:23  248,500/1,000,000  13.5/s  upd=5616  L=0.0678  D=1.429
[regir_nocount] 5:06:34  248,795/1,000,000  13.5/s  upd=5620  L=0.0304  D=1.429
[regir_nocount] 5:06:44  248,795/1,000,000  13.5/s  upd=5624  L=0.0264  D=1.429
[regir_nocount] 5:06:55  249,141/1,000,000  13.5/s  upd=5628  L=0.0246  D=1.429
[regir_nocount] 5:07:05  249,141/1,000,000  13.5/s  upd=5632  L=0.0226  D=1.429
[regir_nocount] 5:07:16  249,443/1,000,000  13.5/s  upd=5636  L=0.0323  D=1.429
[regir_nocount] 5:07:26  249,443/1,000,000  13.5/s  upd=5640  L=0.0506  D=1.429
[regir_nocount] 5:07:37  249,770/1,000,000  13.5/s  upd=5643  L=0.0425  D=1.429
[regir_nocount] 5:07:49  249,770/1,000,000  13.5/s  upd=5648  L=0.0304  D=1.429
[regir_nocount] 5:07:59  250,093/1,000,000  13.5/s  upd=5651  L=0.0316  D=1.429
[regir_nocount] 5:08:09  250,093/1,000,000  13.5/s  upd=5656  L=0.0455  D=1.429
[regir_nocount] 5:08:19  250,375/1,000,000  13.5/s  upd=5662  L=0.0455  D=1.429
[regir_nocount] 5:08:30  250,682/1,000,000  13.5/s  upd=5666  L=0.0328  D=1.429
[regir_nocount] 5:08:40  250,682/1,000,000  13.5/s  upd=5671  L=0.0215  D=1.429
[regir_nocount] 5:10:38  250,682/1,000,000  13.4/s  upd=5672  L=0.0235  D=1.429
[regir_nocount] 5:10:48  250,987/1,000,000  13.5/s  upd=5679  L=0.0393  D=1.429
[regir_nocount] 5:10:58  251,302/1,000,000  13.5/s  upd=5682  L=0.0428  D=1.429
[regir_nocount] 5:11:08  251,302/1,000,000  13.5/s  upd=5688  L=0.0277  D=1.429
[regir_nocount] 5:11:20  251,598/1,000,000  13.5/s  upd=5695  L=0.0452  D=1.429
[regir_nocount] 5:11:30  251,923/1,000,000  13.5/s  upd=5701  L=0.0305  D=1.429
[regir_nocount] 5:11:40  251,923/1,000,000  13.5/s  upd=5704  L=0.0382  D=1.429
[regir_nocount] 5:11:51  252,213/1,000,000  13.5/s  upd=5711  L=0.0262  D=1.429
[regir_nocount] 5:12:01  252,552/1,000,000  13.5/s  upd=5717  L=0.0394  D=1.429
[regir_nocount] 5:12:14  252,920/1,000,000  13.5/s  upd=5723  L=0.0264  D=1.429
[regir_nocount] 5:12:24  252,920/1,000,000  13.5/s  upd=5728  L=0.0281  D=1.429
[regir_nocount] 5:12:35  253,242/1,000,000  13.5/s  upd=5736  L=0.0266  D=1.429
[regir_nocount] 5:12:48  253,506/1,000,000  13.5/s  upd=5742  L=0.0339  D=1.429
[regir_nocount] 5:12:58  253,844/1,000,000  13.5/s  upd=5747  L=0.0330  D=1.429
[regir_nocount] 5:13:08  253,844/1,000,000  13.5/s  upd=5752  L=0.0565  D=1.429
[regir_nocount] 5:13:20  254,185/1,000,000  13.5/s  upd=5758  L=0.0266  D=1.429
[regir_nocount] 5:13:30  254,487/1,000,000  13.5/s  upd=5762  L=0.0348  D=1.429
[regir_nocount] 5:13:42  254,487/1,000,000  13.5/s  upd=5768  L=0.0367  D=1.429
[regir_nocount] 5:13:54  254,782/1,000,000  13.5/s  upd=5772  L=0.0302  D=1.429
[regir_nocount] saved resume t_env=254,782
[regir_nocount] 5:14:05  254,782/1,000,000  13.5/s  upd=5776  L=0.0371  D=1.429
[regir_nocount] 5:14:18  255,103/1,000,000  13.5/s  upd=5780  L=0.0409  D=1.429
[regir_nocount] 5:14:28  255,103/1,000,000  13.5/s  upd=5784  L=0.0355  D=1.429
[regir_nocount] 5:14:39  255,403/1,000,000  13.5/s  upd=5789  L=0.0358  D=1.429
[regir_nocount] 5:14:49  255,403/1,000,000  13.5/s  upd=5792  L=0.0434  D=1.429
[regir_nocount] 5:14:59  255,695/1,000,000  13.5/s  upd=5796  L=0.0430  D=1.429
[regir_nocount] 5:15:11  256,023/1,000,000  13.5/s  upd=5801  L=0.0357  D=1.429
[regir_nocount] 5:15:21  256,023/1,000,000  13.5/s  upd=5808  L=0.0324  D=1.429
[regir_nocount] 5:15:32  256,297/1,000,000  13.5/s  upd=5810  L=0.0431  D=1.429
[regir_nocount] 5:16:38  256,297/1,000,000  13.5/s  upd=5816  L=0.0350  D=1.429
[regir_nocount] 5:16:49  256,602/1,000,000  13.5/s  upd=5823  L=0.0403  D=1.429
[regir_nocount] 5:16:59  256,873/1,000,000  13.5/s  upd=5829  L=0.0399  D=1.429
[regir_nocount] 5:17:10  257,132/1,000,000  13.5/s  upd=5836  L=0.0242  D=1.429
[regir_nocount] 5:17:20  257,132/1,000,000  13.5/s  upd=5840  L=0.0311  D=1.429
[regir_nocount] 5:17:31  257,486/1,000,000  13.5/s  upd=5844  L=0.0376  D=1.429
[regir_nocount] 5:17:42  257,486/1,000,000  13.5/s  upd=5848  L=0.0317  D=1.429
[regir_nocount] 5:17:53  257,771/1,000,000  13.5/s  upd=5853  L=0.0303  D=1.429
[regir_nocount] 5:18:03  257,771/1,000,000  13.5/s  upd=5856  L=0.0271  D=1.429
[regir_nocount] 5:18:13  258,070/1,000,000  13.5/s  upd=5863  L=0.0341  D=1.429
[regir_nocount] 5:18:24  258,404/1,000,000  13.5/s  upd=5866  L=0.0364  D=1.429
[regir_nocount] 5:18:35  258,404/1,000,000  13.5/s  upd=5872  L=0.0338  D=1.429
[regir_nocount] 5:18:46  258,700/1,000,000  13.5/s  upd=5877  L=0.0567  D=1.429
[regir_nocount] 5:18:56  258,999/1,000,000  13.5/s  upd=5883  L=0.0462  D=1.429
[regir_nocount] 5:19:06  258,999/1,000,000  13.5/s  upd=5888  L=0.0322  D=1.429
[regir_nocount] 5:19:17  259,333/1,000,000  13.5/s  upd=5893  L=0.0479  D=1.429
[regir_nocount] 5:19:27  259,333/1,000,000  13.5/s  upd=5896  L=0.0551  D=1.429
[regir_nocount] 5:19:37  259,644/1,000,000  13.5/s  upd=5901  L=0.0351  D=1.429
[regir_nocount] 5:19:49  260,011/1,000,000  13.5/s  upd=5906  L=0.0224  D=1.429
[regir_nocount] saved resume t_env=260,011
[regir_nocount] 5:20:12  260,011/1,000,000  13.5/s  upd=5912  L=0.0350  ev=0/100  D=1.429
[regir_nocount] 5:20:22  260,011/1,000,000  13.5/s  upd=5912  L=0.0350  ev=13/100  D=1.429
[regir_nocount] 5:20:33  260,011/1,000,000  13.5/s  upd=5912  L=0.0350  ev=33/100  D=1.429
[regir_nocount] 5:20:43  260,011/1,000,000  13.5/s  upd=5912  L=0.0350  ev=56/100  D=1.429
[regir_nocount] 5:20:53  260,011/1,000,000  13.5/s  upd=5912  L=0.0350  ev=97/100  D=1.429
[regir_nocount] 5:22:52  260,011/1,000,000  13.4/s  upd=5912  L=0.0350  D=1.707
[regir_nocount] 5:24:44  260,011/1,000,000  13.3/s  upd=5912  L=0.0350  D=1.707
[regir_nocount] 5:24:56  260,319/1,000,000  13.4/s  upd=5919  L=0.0259  D=1.707
[regir_nocount] 5:25:08  260,646/1,000,000  13.4/s  upd=5925  L=0.0355  D=1.707
[regir_nocount] 5:25:18  260,965/1,000,000  13.4/s  upd=5929  L=0.0313  D=1.707
[regir_nocount] 5:25:31  260,965/1,000,000  13.4/s  upd=5936  L=0.0334  D=1.707
[regir_nocount] 5:25:41  261,234/1,000,000  13.4/s  upd=5941  L=0.0401  D=1.707
[regir_nocount] 5:25:51  261,540/1,000,000  13.4/s  upd=5947  L=0.0258  D=1.707
[regir_nocount] 5:26:01  261,540/1,000,000  13.4/s  upd=5952  L=0.0298  D=1.707
[regir_nocount] 5:26:13  261,792/1,000,000  13.4/s  upd=5958  L=0.0386  D=1.707
[regir_nocount] 5:26:25  262,117/1,000,000  13.4/s  upd=5962  L=0.0284  D=1.707
[regir_nocount] 5:26:35  262,117/1,000,000  13.4/s  upd=5968  L=0.0240  D=1.707
[regir_nocount] 5:26:45  262,424/1,000,000  13.4/s  upd=5974  L=0.0421  D=1.707
[regir_nocount] 5:26:56  262,748/1,000,000  13.4/s  upd=5981  L=0.0299  D=1.707
[regir_nocount] 5:27:07  263,017/1,000,000  13.4/s  upd=5985  L=0.0317  D=1.707
[regir_nocount] 5:27:17  263,017/1,000,000  13.4/s  upd=5990  L=0.0372  D=1.707
[regir_nocount] 5:27:27  263,017/1,000,000  13.4/s  upd=5992  L=0.0861  D=1.707
[regir_nocount] 5:27:38  263,341/1,000,000  13.4/s  upd=5998  L=0.0371  D=1.707
[regir_nocount] 5:27:49  263,637/1,000,000  13.4/s  upd=6002  L=0.0349  D=1.707
[regir_nocount] 5:27:59  263,637/1,000,000  13.4/s  upd=6008  L=0.0295  D=1.707
[regir_nocount] 5:28:09  263,961/1,000,000  13.4/s  upd=6012  L=0.0230  D=1.707
[regir_nocount] 5:28:20  264,201/1,000,000  13.4/s  upd=6019  L=0.0302  D=1.707
[regir_nocount] 5:28:30  264,201/1,000,000  13.4/s  upd=6024  L=0.0490  D=1.707
[regir_nocount] 5:28:42  264,507/1,000,000  13.4/s  upd=6027  L=0.0401  D=1.707
[regir_nocount] 5:28:52  264,507/1,000,000  13.4/s  upd=6032  L=0.0327  D=1.707
[regir_nocount] 5:29:02  264,790/1,000,000  13.4/s  upd=6040  L=0.0285  D=1.707
[regir_nocount] 5:29:14  265,096/1,000,000  13.4/s  upd=6045  L=0.0458  D=1.707
[regir_nocount] 5:29:25  265,409/1,000,000  13.4/s  upd=6050  L=0.0350  D=1.707
[regir_nocount] 5:29:35  265,409/1,000,000  13.4/s  upd=6056  L=0.0354  D=1.707
[regir_nocount] 5:29:45  265,732/1,000,000  13.4/s  upd=6062  L=0.0263  D=1.707
[regir_nocount] 5:30:47  265,732/1,000,000  13.4/s  upd=6064  L=0.0395  D=1.707
[regir_nocount] 5:30:58  266,036/1,000,000  13.4/s  upd=6069  L=0.0313  D=1.707
[regir_nocount] saved resume t_env=266,036
[regir_nocount] 5:31:08  266,036/1,000,000  13.4/s  upd=6072  L=0.0354  D=1.707
[regir_nocount] 5:31:20  266,396/1,000,000  13.4/s  upd=6075  L=0.0277  D=1.707
[regir_nocount] 5:31:30  266,396/1,000,000  13.4/s  upd=6080  L=0.0341  D=1.707
[regir_nocount] 5:31:40  266,701/1,000,000  13.4/s  upd=6083  L=0.0536  D=1.707
[regir_nocount] 5:31:52  266,701/1,000,000  13.4/s  upd=6088  L=0.0439  D=1.707
[regir_nocount] 5:32:03  267,082/1,000,000  13.4/s  upd=6092  L=0.0381  D=1.707
[regir_nocount] 5:32:14  267,356/1,000,000  13.4/s  upd=6097  L=0.0300  D=1.707
[regir_nocount] 5:32:24  267,356/1,000,000  13.4/s  upd=6104  L=0.0361  D=1.707
[regir_nocount] 5:32:35  267,670/1,000,000  13.4/s  upd=6112  L=0.0428  D=1.707
[regir_nocount] 5:32:46  267,934/1,000,000  13.4/s  upd=6120  L=0.0350  D=1.707
[regir_nocount] 5:32:57  268,203/1,000,000  13.4/s  upd=6126  L=0.0288  D=1.707
[regir_nocount] 5:33:08  268,465/1,000,000  13.4/s  upd=6134  L=0.0316  D=1.707
[regir_nocount] 5:33:20  268,759/1,000,000  13.4/s  upd=6140  L=0.0260  D=1.707
[regir_nocount] 5:33:31  269,009/1,000,000  13.4/s  upd=6148  L=0.0315  D=1.707
[regir_nocount] 5:33:41  269,362/1,000,000  13.5/s  upd=6153  L=0.0445  D=1.707
[regir_nocount] 5:33:52  269,362/1,000,000  13.4/s  upd=6159  L=0.0529  D=1.707
[regir_nocount] 5:34:03  269,661/1,000,000  13.5/s  upd=6166  L=0.0239  D=1.707
[regir_nocount] 5:34:14  269,983/1,000,000  13.5/s  upd=6169  L=0.0317  D=1.707
[regir_nocount] 5:34:24  269,983/1,000,000  13.5/s  upd=6176  L=0.0499  D=1.707
[regir_nocount] 5:34:34  270,314/1,000,000  13.5/s  upd=6179  L=0.0359  D=1.707
[regir_nocount] 5:34:44  270,314/1,000,000  13.5/s  upd=6184  L=0.0285  D=1.707
[regir_nocount] 5:34:55  270,650/1,000,000  13.5/s  upd=6188  L=0.0369  D=1.707
[regir_nocount] 5:35:05  270,891/1,000,000  13.5/s  upd=6194  L=0.0409  D=1.707
[regir_nocount] 5:35:15  270,891/1,000,000  13.5/s  upd=6200  L=0.0330  D=1.707
[regir_nocount] 5:35:25  271,192/1,000,000  13.5/s  upd=6207  L=0.0492  D=1.707
[regir_nocount] 5:35:36  271,459/1,000,000  13.5/s  upd=6212  L=0.0320  D=1.707
[regir_nocount] 5:35:47  271,754/1,000,000  13.5/s  upd=6217  L=0.0388  D=1.707
[regir_nocount] 5:35:58  271,754/1,000,000  13.5/s  upd=6222  L=0.0539  D=1.707
[regir_nocount] 5:37:16  271,754/1,000,000  13.4/s  upd=6224  L=0.0422  D=1.707
[regir_nocount] 5:37:27  272,056/1,000,000  13.4/s  upd=6227  L=0.0297  D=1.707
[regir_nocount] 5:37:38  272,056/1,000,000  13.4/s  upd=6232  L=0.0381  D=1.707
[regir_nocount] 5:37:49  272,361/1,000,000  13.4/s  upd=6235  L=0.0434  D=1.707
[regir_nocount] 5:37:59  272,361/1,000,000  13.4/s  upd=6240  L=0.0301  D=1.707
[regir_nocount] 5:38:11  272,610/1,000,000  13.4/s  upd=6244  L=0.0592  D=1.707
[regir_nocount] 5:38:21  272,610/1,000,000  13.4/s  upd=6248  L=0.0476  D=1.707
[regir_nocount] 5:38:32  272,935/1,000,000  13.4/s  upd=6249  L=0.0343  D=1.707
[regir_nocount] 5:38:44  272,935/1,000,000  13.4/s  upd=6255  L=0.0291  D=1.707
[regir_nocount] 5:38:55  273,256/1,000,000  13.4/s  upd=6257  L=0.0288  D=1.707
[regir_nocount] 5:39:05  273,256/1,000,000  13.4/s  upd=6263  L=0.0354  D=1.707
[regir_nocount] 5:39:16  273,546/1,000,000  13.4/s  upd=6270  L=0.0318  D=1.707
[regir_nocount] 5:39:26  273,880/1,000,000  13.4/s  upd=6274  L=0.0296  D=1.707
[regir_nocount] 5:39:37  273,880/1,000,000  13.4/s  upd=6279  L=0.0302  D=1.707
[regir_nocount] 5:39:48  274,129/1,000,000  13.4/s  upd=6285  L=0.0300  D=1.707
[regir_nocount] 5:39:59  274,458/1,000,000  13.5/s  upd=6289  L=0.0372  D=1.707
[regir_nocount] 5:40:11  274,458/1,000,000  13.4/s  upd=6296  L=0.0295  D=1.707
[regir_nocount] 5:40:22  274,777/1,000,000  13.5/s  upd=6297  L=0.0305  D=1.707
[regir_nocount] 5:40:33  274,777/1,000,000  13.4/s  upd=6304  L=0.0404  D=1.707
[regir_nocount] 5:40:44  275,091/1,000,000  13.5/s  upd=6308  L=0.0540  D=1.707
[regir_nocount] 5:40:54  275,091/1,000,000  13.4/s  upd=6312  L=0.0315  D=1.707
[regir_nocount] 5:41:05  275,414/1,000,000  13.5/s  upd=6318  L=0.0542  D=1.707
[regir_nocount] saved resume t_env=275,414
[regir_nocount] 5:41:16  275,724/1,000,000  13.5/s  upd=6321  L=0.0354  D=1.707
[regir_nocount] 5:41:27  275,724/1,000,000  13.5/s  upd=6328  L=0.0280  D=1.707
[regir_nocount] 5:41:37  276,016/1,000,000  13.5/s  upd=6333  L=0.0361  D=1.707
[regir_nocount] 5:41:48  276,303/1,000,000  13.5/s  upd=6338  L=0.0412  D=1.707
[regir_nocount] 5:41:59  276,303/1,000,000  13.5/s  upd=6344  L=0.0401  D=1.707
[regir_nocount] 5:42:09  276,627/1,000,000  13.5/s  upd=6348  L=0.0397  D=1.707
[regir_nocount] 5:42:22  276,897/1,000,000  13.5/s  upd=6353  L=0.0361  D=1.707
[regir_nocount] 5:42:34  276,897/1,000,000  13.5/s  upd=6360  L=0.0310  D=1.707
[regir_nocount] 5:43:19  276,897/1,000,000  13.4/s  upd=6360  L=0.0310  D=1.707
[regir_nocount] 5:43:32  277,191/1,000,000  13.4/s  upd=6365  L=0.0397  D=1.707
[regir_nocount] 5:43:44  277,485/1,000,000  13.5/s  upd=6370  L=0.0375  D=1.707
[regir_nocount] 5:43:54  277,485/1,000,000  13.4/s  upd=6376  L=0.0405  D=1.707
[regir_nocount] 5:44:07  277,802/1,000,000  13.5/s  upd=6382  L=0.0221  D=1.707
[regir_nocount] 5:44:18  278,055/1,000,000  13.5/s  upd=6386  L=0.0410  D=1.707
[regir_nocount] 5:44:28  278,055/1,000,000  13.5/s  upd=6392  L=0.0300  D=1.707
[regir_nocount] 5:44:39  278,422/1,000,000  13.5/s  upd=6396  L=0.0382  D=1.707
[regir_nocount] 5:44:49  278,422/1,000,000  13.5/s  upd=6400  L=0.0305  D=1.707
[regir_nocount] 5:44:59  278,756/1,000,000  13.5/s  upd=6406  L=0.0264  D=1.707
[regir_nocount] 5:45:11  279,019/1,000,000  13.5/s  upd=6411  L=0.0299  D=1.707
[regir_nocount] 5:45:21  279,246/1,000,000  13.5/s  upd=6420  L=0.0315  D=1.707
[regir_nocount] 5:45:33  279,550/1,000,000  13.5/s  upd=6428  L=0.0216  D=1.707
[regir_nocount] 5:45:44  279,876/1,000,000  13.5/s  upd=6439  L=0.0368  D=1.707
[regir_nocount] 5:45:55  280,192/1,000,000  13.5/s  upd=6448  L=0.0250  D=1.707
[regir_nocount] saved resume t_env=280,192
[regir_nocount] 5:46:12  280,192/1,000,000  13.5/s  upd=6448  L=0.0250  ev=0/100  D=1.707
[regir_nocount] 5:46:22  280,192/1,000,000  13.5/s  upd=6448  L=0.0250  ev=48/100  D=1.707
[regir_nocount] 5:46:32  280,192/1,000,000  13.5/s  upd=6448  L=0.0250  ev=95/100  D=1.707
[regir_nocount] 5:49:11  280,192/1,000,000  13.4/s  upd=6448  L=0.0250  D=1.389
[regir_nocount] 5:51:03  280,192/1,000,000  13.3/s  upd=6448  L=0.0250  D=1.389
[regir_nocount] 5:51:13  280,503/1,000,000  13.3/s  upd=6455  L=0.0388  D=1.389
[regir_nocount] 5:51:24  280,773/1,000,000  13.3/s  upd=6463  L=0.0469  D=1.389
[regir_nocount] 5:51:34  281,063/1,000,000  13.3/s  upd=6472  L=0.0361  D=1.389
[regir_nocount] 5:51:45  281,398/1,000,000  13.3/s  upd=6477  L=0.0323  D=1.389
[regir_nocount] 5:51:56  281,726/1,000,000  13.3/s  upd=6483  L=0.0337  D=1.389
[regir_nocount] 5:52:08  282,030/1,000,000  13.3/s  upd=6489  L=0.0347  D=1.389
[regir_nocount] 5:52:18  282,030/1,000,000  13.3/s  upd=6495  L=0.0474  D=1.389
[regir_nocount] 5:52:29  282,334/1,000,000  13.3/s  upd=6502  L=0.0250  D=1.389
[regir_nocount] 5:52:41  282,680/1,000,000  13.4/s  upd=6506  L=0.0306  D=1.389
[regir_nocount] 5:52:51  282,680/1,000,000  13.4/s  upd=6512  L=0.0407  D=1.389
[regir_nocount] 5:53:01  282,972/1,000,000  13.4/s  upd=6518  L=0.0376  D=1.389
[regir_nocount] 5:53:12  283,259/1,000,000  13.4/s  upd=6523  L=0.0405  D=1.389
[regir_nocount] 5:53:23  283,547/1,000,000  13.4/s  upd=6532  L=0.0269  D=1.389
[regir_nocount] 5:53:34  283,806/1,000,000  13.4/s  upd=6540  L=0.0400  D=1.389
[regir_nocount] 5:53:46  284,102/1,000,000  13.4/s  upd=6548  L=0.0370  D=1.389
[regir_nocount] 5:53:56  284,378/1,000,000  13.4/s  upd=6553  L=0.0388  D=1.389
[regir_nocount] 5:54:07  284,378/1,000,000  13.4/s  upd=6560  L=0.0453  D=1.389
[regir_nocount] 5:54:17  284,641/1,000,000  13.4/s  upd=6568  L=0.0390  D=1.389
[regir_nocount] 5:54:29  284,891/1,000,000  13.4/s  upd=6576  L=0.0536  D=1.389
[regir_nocount] 5:54:39  285,181/1,000,000  13.4/s  upd=6580  L=0.0308  D=1.389
[regir_nocount] 5:54:49  285,181/1,000,000  13.4/s  upd=6584  L=0.0404  D=1.389
[regir_nocount] 5:54:59  285,476/1,000,000  13.4/s  upd=6589  L=0.0287  D=1.389
[regir_nocount] 5:55:09  285,822/1,000,000  13.4/s  upd=6597  L=0.0284  D=1.389
[regir_nocount] 5:55:20  286,101/1,000,000  13.4/s  upd=6605  L=0.0380  D=1.389
[regir_nocount] 5:55:31  286,446/1,000,000  13.4/s  upd=6612  L=0.0332  D=1.389
[regir_nocount] 5:55:42  286,813/1,000,000  13.4/s  upd=6621  L=0.0361  D=1.389
[regir_nocount] 5:55:52  287,115/1,000,000  13.4/s  upd=6627  L=0.0361  D=1.389
[regir_nocount] saved resume t_env=287,115
[regir_nocount] 5:56:02  287,115/1,000,000  13.4/s  upd=6632  L=0.0440  D=1.389
[regir_nocount] 5:56:14  287,467/1,000,000  13.4/s  upd=6638  L=0.0402  D=1.389
[regir_nocount] 5:58:08  287,467/1,000,000  13.4/s  upd=6640  L=0.0526  D=1.389
[regir_nocount] 5:58:19  287,802/1,000,000  13.4/s  upd=6644  L=0.0482  D=1.389
[regir_nocount] 5:58:29  287,802/1,000,000  13.4/s  upd=6648  L=0.0365  D=1.389
[regir_nocount] 5:58:39  288,081/1,000,000  13.4/s  upd=6651  L=0.0225  D=1.389
[regir_nocount] 5:58:51  288,081/1,000,000  13.4/s  upd=6656  L=0.0205  D=1.389
[regir_nocount] 5:59:01  288,450/1,000,000  13.4/s  upd=6662  L=0.0391  D=1.389
[regir_nocount] 5:59:12  288,450/1,000,000  13.4/s  upd=6664  L=0.0414  D=1.389
[regir_nocount] 5:59:23  288,823/1,000,000  13.4/s  upd=6668  L=0.0250  D=1.389
[regir_nocount] 5:59:33  288,823/1,000,000  13.4/s  upd=6672  L=0.0413  D=1.389
[regir_nocount] 5:59:43  289,190/1,000,000  13.4/s  upd=6675  L=0.0366  D=1.389
[regir_nocount] 5:59:54  289,190/1,000,000  13.4/s  upd=6680  L=0.0362  D=1.389
[regir_nocount] 6:00:04  289,552/1,000,000  13.4/s  upd=6685  L=0.0331  D=1.389
[regir_nocount] 6:00:14  289,552/1,000,000  13.4/s  upd=6688  L=0.0434  D=1.389
[regir_nocount] 6:00:26  289,854/1,000,000  13.4/s  upd=6693  L=0.0278  D=1.389
[regir_nocount] 6:00:36  289,854/1,000,000  13.4/s  upd=6696  L=0.0252  D=1.389
[regir_nocount] 6:00:48  290,132/1,000,000  13.4/s  upd=6702  L=0.0567  D=1.389
[regir_nocount] 6:01:00  290,432/1,000,000  13.4/s  upd=6707  L=0.0374  D=1.389
[regir_nocount] 6:01:12  290,702/1,000,000  13.4/s  upd=6713  L=0.0455  D=1.389
[regir_nocount] 6:01:23  290,702/1,000,000  13.4/s  upd=6720  L=0.0327  D=1.389
[regir_nocount] 6:01:33  291,004/1,000,000  13.4/s  upd=6724  L=0.0252  D=1.389
[regir_nocount] 6:01:46  291,304/1,000,000  13.4/s  upd=6729  L=0.0373  D=1.389
[regir_nocount] 6:01:56  291,304/1,000,000  13.4/s  upd=6734  L=0.0365  D=1.389
[regir_nocount] 6:02:06  291,640/1,000,000  13.4/s  upd=6741  L=0.0431  D=1.389
[regir_nocount] 6:02:18  291,966/1,000,000  13.4/s  upd=6747  L=0.0312  D=1.389
[regir_nocount] 6:02:28  291,966/1,000,000  13.4/s  upd=6752  L=0.0270  D=1.389
[regir_nocount] 6:02:38  292,243/1,000,000  13.4/s  upd=6756  L=0.0410  D=1.389
[regir_nocount] 6:02:49  292,527/1,000,000  13.4/s  upd=6761  L=0.0533  D=1.389
[regir_nocount] 6:02:59  292,527/1,000,000  13.4/s  upd=6768  L=0.0388  D=1.389
[regir_nocount] 6:03:10  292,804/1,000,000  13.4/s  upd=6773  L=0.0372  D=1.389
[regir_nocount] 6:05:25  292,804/1,000,000  13.4/s  upd=6776  L=0.0321  D=1.389
[regir_nocount] 6:05:35  293,104/1,000,000  13.4/s  upd=6784  L=0.0499  D=1.389
[regir_nocount] 6:05:45  293,701/1,000,000  13.4/s  upd=6793  L=0.0255  D=1.389
[regir_nocount] 6:05:56  293,976/1,000,000  13.4/s  upd=6803  L=0.0378  D=1.389
[regir_nocount] saved resume t_env=293,976
[regir_nocount] 6:06:06  293,976/1,000,000  13.4/s  upd=6808  L=0.0323  D=1.389
[regir_nocount] 6:06:18  294,668/1,000,000  13.4/s  upd=6818  L=0.0367  D=1.389
[regir_nocount] 6:06:29  294,944/1,000,000  13.4/s  upd=6829  L=0.0252  D=1.389
[regir_nocount] 6:06:40  295,235/1,000,000  13.4/s  upd=6838  L=0.0448  D=1.389
[regir_nocount] 6:06:51  295,508/1,000,000  13.4/s  upd=6845  L=0.0222  D=1.389
[regir_nocount] 6:07:01  295,805/1,000,000  13.4/s  upd=6853  L=0.0366  D=1.389
[regir_nocount] 6:07:13  296,095/1,000,000  13.4/s  upd=6859  L=0.0338  D=1.389
[regir_nocount] 6:07:24  296,414/1,000,000  13.4/s  upd=6866  L=0.0332  D=1.389
[regir_nocount] 6:07:36  296,709/1,000,000  13.5/s  upd=6873  L=0.0317  D=1.389
[regir_nocount] 6:07:47  296,997/1,000,000  13.5/s  upd=6882  L=0.0330  D=1.389
[regir_nocount] 6:07:58  297,309/1,000,000  13.5/s  upd=6890  L=0.0355  D=1.389
[regir_nocount] 6:08:09  297,647/1,000,000  13.5/s  upd=6897  L=0.0355  D=1.389
[regir_nocount] 6:08:21  297,948/1,000,000  13.5/s  upd=6906  L=0.0354  D=1.389
[regir_nocount] 6:08:32  298,323/1,000,000  13.5/s  upd=6913  L=0.0458  D=1.389
[regir_nocount] 6:08:43  298,323/1,000,000  13.5/s  upd=6920  L=0.0322  D=1.389
[regir_nocount] 6:08:53  298,597/1,000,000  13.5/s  upd=6925  L=0.0296  D=1.389
[regir_nocount] 6:09:04  298,914/1,000,000  13.5/s  upd=6932  L=0.0515  D=1.389
[regir_nocount] 6:09:14  299,170/1,000,000  13.5/s  upd=6939  L=0.0372  D=1.389
[regir_nocount] 6:09:25  299,443/1,000,000  13.5/s  upd=6948  L=0.0294  D=1.389
[regir_nocount] 6:09:36  299,772/1,000,000  13.5/s  upd=6957  L=0.0401  D=1.389
[regir_nocount] 6:09:46  300,084/1,000,000  13.5/s  upd=6965  L=0.0486  D=1.389
[regir_nocount] saved resume t_env=300,084
[regir_nocount] 6:10:08  300,084/1,000,000  13.5/s  upd=6968  L=0.0272  ev=0/100  D=1.389
[regir_nocount] 6:10:18  300,084/1,000,000  13.5/s  upd=6968  L=0.0272  ev=47/100  D=1.389
[regir_nocount] 6:10:28  300,084/1,000,000  13.5/s  upd=6968  L=0.0272  ev=79/100  D=1.389
[regir_nocount] 6:13:24  300,084/1,000,000  13.4/s  upd=6968  L=0.0272  D=1.171
[regir_nocount] 6:14:48  300,084/1,000,000  13.3/s  upd=6968  L=0.0272  D=1.171
[regir_nocount] 6:15:00  300,385/1,000,000  13.4/s  upd=6974  L=0.0363  D=1.171
[regir_nocount] 6:15:10  300,644/1,000,000  13.4/s  upd=6980  L=0.0430  D=1.171
[regir_nocount] 6:15:20  300,939/1,000,000  13.4/s  upd=6985  L=0.0336  D=1.171
[regir_nocount] 6:15:30  300,939/1,000,000  13.4/s  upd=6992  L=0.0344  D=1.171
[regir_nocount] 6:15:41  301,214/1,000,000  13.4/s  upd=7000  L=0.0448  D=1.171
[regir_nocount] 6:15:51  301,547/1,000,000  13.4/s  upd=7004  L=0.0362  D=1.171
[regir_nocount] 6:16:04  301,842/1,000,000  13.4/s  upd=7011  L=0.0325  D=1.171
[regir_nocount] 6:16:14  301,842/1,000,000  13.4/s  upd=7016  L=0.0327  D=1.171
[regir_nocount] 6:16:26  302,161/1,000,000  13.4/s  upd=7023  L=0.0411  D=1.171
[regir_nocount] 6:16:38  302,422/1,000,000  13.4/s  upd=7027  L=0.0441  D=1.171
[regir_nocount] 6:16:48  302,422/1,000,000  13.4/s  upd=7032  L=0.0305  D=1.171
[regir_nocount] 6:16:59  302,700/1,000,000  13.4/s  upd=7039  L=0.0348  D=1.171
[regir_nocount] 6:17:09  303,003/1,000,000  13.4/s  upd=7048  L=0.0249  D=1.171
[regir_nocount] 6:17:20  303,304/1,000,000  13.4/s  upd=7056  L=0.0357  D=1.171
[regir_nocount] 6:17:32  303,605/1,000,000  13.4/s  upd=7063  L=0.0289  D=1.171
[regir_nocount] 6:17:42  303,914/1,000,000  13.4/s  upd=7070  L=0.0200  D=1.171
[regir_nocount] 6:17:53  304,168/1,000,000  13.4/s  upd=7078  L=0.0418  D=1.171
[regir_nocount] 6:18:03  304,465/1,000,000  13.4/s  upd=7087  L=0.0254  D=1.171
[regir_nocount] 6:18:13  304,746/1,000,000  13.4/s  upd=7096  L=0.0283  D=1.171
[regir_nocount] 6:18:23  305,022/1,000,000  13.4/s  upd=7104  L=0.0448  D=1.171
[regir_nocount] 6:18:34  305,695/1,000,000  13.5/s  upd=7113  L=0.0237  D=1.171
[regir_nocount] 6:18:44  305,695/1,000,000  13.5/s  upd=7120  L=0.0318  D=1.171
[regir_nocount] 6:18:55  306,049/1,000,000  13.5/s  upd=7123  L=0.0339  D=1.171
[regir_nocount] 6:19:05  306,049/1,000,000  13.5/s  upd=7128  L=0.0317  D=1.171
[regir_nocount] 6:19:16  306,343/1,000,000  13.5/s  upd=7134  L=0.0352  D=1.171
[regir_nocount] 6:19:26  306,612/1,000,000  13.5/s  upd=7139  L=0.0359  D=1.171
[regir_nocount] 6:19:36  306,612/1,000,000  13.5/s  upd=7144  L=0.0262  D=1.171
[regir_nocount] 6:19:47  306,944/1,000,000  13.5/s  upd=7150  L=0.0304  D=1.171
[regir_nocount] 6:20:27  306,944/1,000,000  13.4/s  upd=7152  L=0.0349  D=1.171
[regir_nocount] 6:20:37  307,187/1,000,000  13.5/s  upd=7156  L=0.0350  D=1.171
[regir_nocount] saved resume t_env=307,187
[regir_nocount] 6:20:47  307,187/1,000,000  13.4/s  upd=7160  L=0.0369  D=1.171
[regir_nocount] 6:20:58  307,517/1,000,000  13.5/s  upd=7162  L=0.0356  D=1.171
[regir_nocount] 6:21:09  307,517/1,000,000  13.4/s  upd=7168  L=0.0224  D=1.171
[regir_nocount] 6:21:20  307,819/1,000,000  13.5/s  upd=7173  L=0.0216  D=1.171
[regir_nocount] 6:21:30  307,819/1,000,000  13.4/s  upd=7176  L=0.0352  D=1.171
[regir_nocount] 6:21:40  308,143/1,000,000  13.5/s  upd=7184  L=0.0328  D=1.171
[regir_nocount] 6:21:53  308,425/1,000,000  13.5/s  upd=7191  L=0.0347  D=1.171
[regir_nocount] 6:22:03  308,699/1,000,000  13.5/s  upd=7197  L=0.0245  D=1.171
[regir_nocount] 6:22:15  308,987/1,000,000  13.5/s  upd=7206  L=0.0326  D=1.171
[regir_nocount] 6:22:25  309,304/1,000,000  13.5/s  upd=7212  L=0.0289  D=1.171
[regir_nocount] 6:22:36  309,651/1,000,000  13.5/s  upd=7217  L=0.0288  D=1.171
[regir_nocount] 6:22:47  309,651/1,000,000  13.5/s  upd=7223  L=0.0450  D=1.171
[regir_nocount] 6:22:58  309,916/1,000,000  13.5/s  upd=7228  L=0.0274  D=1.171
[regir_nocount] 6:23:08  309,916/1,000,000  13.5/s  upd=7232  L=0.0304  D=1.171
[regir_nocount] 6:23:18  310,201/1,000,000  13.5/s  upd=7240  L=0.0323  D=1.171
[regir_nocount] 6:23:29  310,514/1,000,000  13.5/s  upd=7242  L=0.0218  D=1.171
[regir_nocount] 6:23:40  310,514/1,000,000  13.5/s  upd=7247  L=0.0456  D=1.171
[regir_nocount] 6:23:51  310,836/1,000,000  13.5/s  upd=7251  L=0.0322  D=1.171
[regir_nocount] 6:24:02  311,078/1,000,000  13.5/s  upd=7260  L=0.0342  D=1.171
[regir_nocount] 6:24:13  311,393/1,000,000  13.5/s  upd=7268  L=0.0368  D=1.171
[regir_nocount] 6:24:25  311,717/1,000,000  13.5/s  upd=7276  L=0.0287  D=1.171
[regir_nocount] 6:24:35  312,023/1,000,000  13.5/s  upd=7282  L=0.0439  D=1.171
[regir_nocount] 6:24:46  312,370/1,000,000  13.5/s  upd=7291  L=0.0385  D=1.171
[regir_nocount] 6:24:58  312,656/1,000,000  13.5/s  upd=7298  L=0.0266  D=1.171
[regir_nocount] 6:25:08  312,656/1,000,000  13.5/s  upd=7304  L=0.0346  D=1.171
[regir_nocount] 6:25:18  312,965/1,000,000  13.5/s  upd=7310  L=0.0322  D=1.171
[regir_nocount] 6:25:28  313,283/1,000,000  13.5/s  upd=7316  L=0.0410  D=1.171
[regir_nocount] 6:27:14  313,283/1,000,000  13.5/s  upd=7320  L=0.0247  D=1.171
[regir_nocount] 6:27:24  313,584/1,000,000  13.5/s  upd=7325  L=0.0374  D=1.171
[regir_nocount] 6:27:34  313,584/1,000,000  13.5/s  upd=7328  L=0.0307  D=1.171
[regir_nocount] 6:27:45  313,915/1,000,000  13.5/s  upd=7335  L=0.0361  D=1.171
[regir_nocount] 6:27:55  314,189/1,000,000  13.5/s  upd=7341  L=0.0365  D=1.171
[regir_nocount] 6:28:06  314,546/1,000,000  13.5/s  upd=7346  L=0.0374  D=1.171
[regir_nocount] 6:28:16  314,546/1,000,000  13.5/s  upd=7351  L=0.0260  D=1.171
[regir_nocount] 6:28:29  314,892/1,000,000  13.5/s  upd=7357  L=0.0464  D=1.171
[regir_nocount] 6:28:39  315,194/1,000,000  13.5/s  upd=7364  L=0.0330  D=1.171
[regir_nocount] 6:28:50  315,466/1,000,000  13.5/s  upd=7370  L=0.0360  D=1.171
[regir_nocount] 6:29:00  315,759/1,000,000  13.5/s  upd=7378  L=0.0434  D=1.171
[regir_nocount] 6:29:10  315,759/1,000,000  13.5/s  upd=7384  L=0.0380  D=1.171
[regir_nocount] 6:29:23  316,041/1,000,000  13.5/s  upd=7389  L=0.0248  D=1.171
[regir_nocount] 6:29:33  316,313/1,000,000  13.5/s  upd=7394  L=0.0270  D=1.171
[regir_nocount] 6:29:43  316,313/1,000,000  13.5/s  upd=7400  L=0.0282  D=1.171
[regir_nocount] 6:29:53  316,647/1,000,000  13.5/s  upd=7405  L=0.0211  D=1.171
[regir_nocount] 6:30:04  316,932/1,000,000  13.5/s  upd=7411  L=0.0276  D=1.171
[regir_nocount] 6:30:16  317,198/1,000,000  13.5/s  upd=7417  L=0.0240  D=1.171
[regir_nocount] 6:30:26  317,198/1,000,000  13.5/s  upd=7424  L=0.0657  D=1.171
[regir_nocount] 6:30:37  317,533/1,000,000  13.5/s  upd=7432  L=0.0365  D=1.171
[regir_nocount] 6:30:47  317,826/1,000,000  13.6/s  upd=7438  L=0.0281  D=1.171
[regir_nocount] saved resume t_env=317,826
[regir_nocount] 6:30:58  318,165/1,000,000  13.6/s  upd=7442  L=0.0280  D=1.171
[regir_nocount] 6:31:09  318,465/1,000,000  13.6/s  upd=7450  L=0.0287  D=1.171
[regir_nocount] 6:31:20  318,746/1,000,000  13.6/s  upd=7457  L=0.0183  D=1.171
[regir_nocount] 6:31:30  318,746/1,000,000  13.6/s  upd=7463  L=0.0287  D=1.171
[regir_nocount] 6:31:42  319,064/1,000,000  13.6/s  upd=7471  L=0.0293  D=1.171
[regir_nocount] 6:31:52  319,356/1,000,000  13.6/s  upd=7476  L=0.0325  D=1.171
[regir_nocount] 6:32:03  319,659/1,000,000  13.6/s  upd=7481  L=0.0298  D=1.171
[regir_nocount] 6:32:14  319,659/1,000,000  13.6/s  upd=7487  L=0.0296  D=1.171
[regir_nocount] 6:33:30  319,659/1,000,000  13.5/s  upd=7488  L=0.0449  D=1.171
[regir_nocount] 6:33:40  319,956/1,000,000  13.5/s  upd=7493  L=0.0203  D=1.171
[regir_nocount] 6:33:52  320,212/1,000,000  13.5/s  upd=7499  L=0.0348  D=1.171
[regir_nocount] saved resume t_env=320,212
[regir_nocount] 6:34:18  320,212/1,000,000  13.5/s  upd=7504  L=0.0282  ev=0/100  D=1.171
[regir_nocount] 6:34:28  320,212/1,000,000  13.5/s  upd=7504  L=0.0282  ev=29/100  D=1.171
[regir_nocount] 6:34:38  320,212/1,000,000  13.5/s  upd=7504  L=0.0282  ev=56/100  D=1.171
[regir_nocount] 6:34:49  320,212/1,000,000  13.5/s  upd=7504  L=0.0282  ev=80/100  D=1.171
[regir_nocount] 6:36:20  320,212/1,000,000  13.5/s  upd=7504  L=0.0282  D=1.382
[regir_nocount] 6:36:31  320,500/1,000,000  13.5/s  upd=7511  L=0.0261  D=1.382
[regir_nocount] 6:36:43  320,849/1,000,000  13.5/s  upd=7518  L=0.0287  D=1.382
[regir_nocount] 6:36:54  321,171/1,000,000  13.5/s  upd=7524  L=0.0270  D=1.382
[regir_nocount] 6:37:06  321,450/1,000,000  13.5/s  upd=7530  L=0.0371  D=1.382
[regir_nocount] 6:37:16  321,450/1,000,000  13.5/s  upd=7536  L=0.0331  D=1.382
[regir_nocount] 6:37:26  321,742/1,000,000  13.5/s  upd=7544  L=0.0262  D=1.382
[regir_nocount] 6:37:37  322,342/1,000,000  13.5/s  upd=7553  L=0.0206  D=1.382
[regir_nocount] 6:37:47  322,605/1,000,000  13.5/s  upd=7562  L=0.0339  D=1.382
[regir_nocount] 6:37:58  322,946/1,000,000  13.5/s  upd=7571  L=0.0212  D=1.382
[regir_nocount] 6:38:08  323,346/1,000,000  13.5/s  upd=7580  L=0.0295  D=1.382
[regir_nocount] 6:38:18  323,676/1,000,000  13.5/s  upd=7588  L=0.0234  D=1.382
[regir_nocount] 6:38:29  324,018/1,000,000  13.6/s  upd=7598  L=0.0314  D=1.382
[regir_nocount] 6:40:36  324,018/1,000,000  13.5/s  upd=7600  L=0.0362  D=1.382
[regir_nocount] 6:40:47  324,303/1,000,000  13.5/s  upd=7608  L=0.0290  D=1.382
[regir_nocount] 6:40:57  324,602/1,000,000  13.5/s  upd=7616  L=0.0220  D=1.382
[regir_nocount] 6:41:07  324,918/1,000,000  13.5/s  upd=7623  L=0.0244  D=1.382
[regir_nocount] 6:41:18  325,200/1,000,000  13.5/s  upd=7631  L=0.0363  D=1.382
[regir_nocount] 6:41:28  325,503/1,000,000  13.5/s  upd=7638  L=0.0288  D=1.382
[regir_nocount] 6:41:38  325,762/1,000,000  13.5/s  upd=7645  L=0.0287  D=1.382
[regir_nocount] 6:41:49  326,128/1,000,000  13.5/s  upd=7655  L=0.0429  D=1.382
[regir_nocount] 6:41:59  326,389/1,000,000  13.5/s  upd=7662  L=0.0320  D=1.382
[regir_nocount] 6:42:10  326,715/1,000,000  13.5/s  upd=7670  L=0.0314  D=1.382
[regir_nocount] 6:42:22  326,981/1,000,000  13.5/s  upd=7677  L=0.0280  D=1.382
[regir_nocount] 6:42:32  327,278/1,000,000  13.6/s  upd=7687  L=0.0188  D=1.382
[regir_nocount] 6:42:43  327,653/1,000,000  13.6/s  upd=7692  L=0.0302  D=1.382
[regir_nocount] 6:42:53  327,653/1,000,000  13.6/s  upd=7696  L=0.0335  D=1.382
[regir_nocount] 6:43:03  327,953/1,000,000  13.6/s  upd=7702  L=0.0218  D=1.382
[regir_nocount] 6:43:13  328,310/1,000,000  13.6/s  upd=7705  L=0.0324  D=1.382
[regir_nocount] 6:43:23  328,310/1,000,000  13.6/s  upd=7712  L=0.0408  D=1.382
[regir_nocount] 6:43:34  328,600/1,000,000  13.6/s  upd=7720  L=0.0248  D=1.382
[regir_nocount] 6:43:45  328,891/1,000,000  13.6/s  upd=7725  L=0.0356  D=1.382
[regir_nocount] 6:43:55  329,195/1,000,000  13.6/s  upd=7730  L=0.0272  D=1.382
[regir_nocount] 6:44:05  329,195/1,000,000  13.6/s  upd=7736  L=0.0279  D=1.382
[regir_nocount] saved resume t_env=329,195
[regir_nocount] 6:44:16  329,500/1,000,000  13.6/s  upd=7741  L=0.0480  D=1.382
[regir_nocount] 6:44:26  329,832/1,000,000  13.6/s  upd=7747  L=0.0350  D=1.382
[regir_nocount] 6:44:36  330,110/1,000,000  13.6/s  upd=7753  L=0.0258  D=1.382
[regir_nocount] 6:44:46  330,110/1,000,000  13.6/s  upd=7760  L=0.0301  D=1.382
[regir_nocount] 6:44:58  330,440/1,000,000  13.6/s  upd=7768  L=0.0278  D=1.382
[regir_nocount] 6:45:08  330,774/1,000,000  13.6/s  upd=7773  L=0.0246  D=1.382
[regir_nocount] 6:45:20  331,070/1,000,000  13.6/s  upd=7779  L=0.0326  D=1.382
[regir_nocount] 6:45:30  331,386/1,000,000  13.6/s  upd=7785  L=0.0398  D=1.382
[regir_nocount] 6:46:48  331,386/1,000,000  13.6/s  upd=7792  L=0.0358  D=1.382
[regir_nocount] 6:46:58  331,704/1,000,000  13.6/s  upd=7798  L=0.0308  D=1.382
[regir_nocount] 6:47:09  331,997/1,000,000  13.6/s  upd=7802  L=0.0284  D=1.382
[regir_nocount] 6:47:19  331,997/1,000,000  13.6/s  upd=7808  L=0.0314  D=1.382
[regir_nocount] 6:47:30  332,318/1,000,000  13.6/s  upd=7812  L=0.0222  D=1.382
[regir_nocount] 6:47:40  332,318/1,000,000  13.6/s  upd=7816  L=0.0365  D=1.382
[regir_nocount] 6:47:50  332,696/1,000,000  13.6/s  upd=7821  L=0.0517  D=1.382
[regir_nocount] 6:48:01  333,055/1,000,000  13.6/s  upd=7826  L=0.0418  D=1.382
[regir_nocount] 6:48:12  333,380/1,000,000  13.6/s  upd=7834  L=0.0199  D=1.382
[regir_nocount] 6:48:23  333,702/1,000,000  13.6/s  upd=7841  L=0.0332  D=1.382
[regir_nocount] 6:48:33  333,702/1,000,000  13.6/s  upd=7848  L=0.0337  D=1.382
[regir_nocount] 6:48:43  333,989/1,000,000  13.6/s  upd=7856  L=0.0374  D=1.382
[regir_nocount] 6:48:54  334,289/1,000,000  13.6/s  upd=7863  L=0.0477  D=1.382
[regir_nocount] 6:49:05  334,605/1,000,000  13.6/s  upd=7866  L=0.0341  D=1.382
[regir_nocount] 6:49:15  334,605/1,000,000  13.6/s  upd=7872  L=0.0380  D=1.382
[regir_nocount] 6:49:26  334,977/1,000,000  13.6/s  upd=7877  L=0.0287  D=1.382
[regir_nocount] 6:49:36  335,264/1,000,000  13.6/s  upd=7887  L=0.0373  D=1.382
[regir_nocount] 6:49:46  335,580/1,000,000  13.6/s  upd=7896  L=0.0339  D=1.382
[regir_nocount] 6:49:57  335,885/1,000,000  13.7/s  upd=7903  L=0.0339  D=1.382
[regir_nocount] 6:50:07  336,194/1,000,000  13.7/s  upd=7911  L=0.0344  D=1.382
[regir_nocount] 6:50:18  336,519/1,000,000  13.7/s  upd=7920  L=0.0421  D=1.382
[regir_nocount] 6:50:29  336,856/1,000,000  13.7/s  upd=7928  L=0.0317  D=1.382
[regir_nocount] 6:50:39  337,227/1,000,000  13.7/s  upd=7932  L=0.0302  D=1.382
[regir_nocount] 6:50:49  337,539/1,000,000  13.7/s  upd=7942  L=0.0184  D=1.382
[regir_nocount] 6:51:00  337,879/1,000,000  13.7/s  upd=7947  L=0.0337  D=1.382
[regir_nocount] 6:51:10  337,879/1,000,000  13.7/s  upd=7952  L=0.0264  D=1.382
[regir_nocount] 6:51:20  338,204/1,000,000  13.7/s  upd=7960  L=0.0426  D=1.382
[regir_nocount] 6:51:31  338,495/1,000,000  13.7/s  upd=7965  L=0.0277  D=1.382
[regir_nocount] 6:51:42  338,855/1,000,000  13.7/s  upd=7970  L=0.0275  D=1.382
[regir_nocount] 6:53:12  338,855/1,000,000  13.7/s  upd=7976  L=0.0770  D=1.382
[regir_nocount] 6:53:22  339,115/1,000,000  13.7/s  upd=7982  L=0.0295  D=1.382
[regir_nocount] 6:53:34  339,376/1,000,000  13.7/s  upd=7985  L=0.0244  D=1.382
[regir_nocount] 6:53:44  339,376/1,000,000  13.7/s  upd=7992  L=0.0301  D=1.382
[regir_nocount] 6:53:54  339,683/1,000,000  13.7/s  upd=7997  L=0.0253  D=1.382
[regir_nocount] 6:54:05  340,009/1,000,000  13.7/s  upd=8002  L=0.0334  D=1.382
[regir_nocount] saved resume t_env=340,009
[regir_nocount] 6:54:33  340,009/1,000,000  13.7/s  upd=8008  L=0.0357  ev=0/100  D=1.382
[regir_nocount] 6:54:43  340,009/1,000,000  13.7/s  upd=8008  L=0.0357  ev=16/100  D=1.382
[regir_nocount] 6:54:53  340,009/1,000,000  13.7/s  upd=8008  L=0.0357  ev=40/100  D=1.382
[regir_nocount] 6:55:03  340,009/1,000,000  13.7/s  upd=8008  L=0.0357  ev=67/100  D=1.382
[regir_nocount] 6:55:13  340,009/1,000,000  13.6/s  upd=8008  L=0.0357  ev=87/100  D=1.382
[regir_nocount] 6:55:23  340,009/1,000,000  13.6/s  upd=8008  L=0.0357  ev=97/100  D=1.382
[regir_nocount] 6:57:01  340,009/1,000,000  13.6/s  upd=8008  L=0.0357  D=1.986
[regir_nocount] 6:57:11  340,627/1,000,000  13.6/s  upd=8018  L=0.0297  D=1.986
[regir_nocount] 6:57:22  340,931/1,000,000  13.6/s  upd=8026  L=0.0283  D=1.986
[regir_nocount] 6:57:33  341,273/1,000,000  13.6/s  upd=8035  L=0.0348  D=1.986
[regir_nocount] 6:57:43  341,632/1,000,000  13.6/s  upd=8043  L=0.0328  D=1.986
[regir_nocount] 6:57:54  341,947/1,000,000  13.6/s  upd=8052  L=0.0407  D=1.986
[regir_nocount] 6:58:05  342,298/1,000,000  13.6/s  upd=8062  L=0.0305  D=1.986
[regir_nocount] 6:58:16  342,601/1,000,000  13.7/s  upd=8069  L=0.0363  D=1.986
[regir_nocount] 6:59:55  342,601/1,000,000  13.6/s  upd=8072  L=0.0245  D=1.986
[regir_nocount] 7:00:06  342,927/1,000,000  13.6/s  upd=8080  L=0.0185  D=1.986
[regir_nocount] 7:00:16  343,260/1,000,000  13.6/s  upd=8087  L=0.0255  D=1.986
[regir_nocount] 7:00:27  343,544/1,000,000  13.6/s  upd=8093  L=0.0239  D=1.986
[regir_nocount] 7:00:37  343,829/1,000,000  13.6/s  upd=8098  L=0.0389  D=1.986
[regir_nocount] 7:00:48  344,161/1,000,000  13.6/s  upd=8105  L=0.0320  D=1.986
[regir_nocount] 7:00:58  344,161/1,000,000  13.6/s  upd=8112  L=0.0186  D=1.986
[regir_nocount] 7:01:08  344,576/1,000,000  13.6/s  upd=8117  L=0.0361  D=1.986
[regir_nocount] 7:01:20  344,892/1,000,000  13.6/s  upd=8124  L=0.0295  D=1.986
[regir_nocount] 7:01:31  345,211/1,000,000  13.6/s  upd=8130  L=0.0252  D=1.986
[regir_nocount] 7:01:41  345,211/1,000,000  13.6/s  upd=8136  L=0.0373  D=1.986
[regir_nocount] 7:01:52  345,523/1,000,000  13.7/s  upd=8143  L=0.0384  D=1.986
[regir_nocount] 7:02:02  345,818/1,000,000  13.7/s  upd=8151  L=0.0362  D=1.986
[regir_nocount] 7:02:12  346,143/1,000,000  13.7/s  upd=8157  L=0.0390  D=1.986
[regir_nocount] 7:02:23  346,448/1,000,000  13.7/s  upd=8163  L=0.0304  D=1.986
[regir_nocount] 7:02:34  346,731/1,000,000  13.7/s  upd=8170  L=0.0249  D=1.986
[regir_nocount] 7:02:44  346,731/1,000,000  13.7/s  upd=8176  L=0.0457  D=1.986
[regir_nocount] 7:02:54  347,018/1,000,000  13.7/s  upd=8184  L=0.0357  D=1.986
[regir_nocount] 7:03:05  347,309/1,000,000  13.7/s  upd=8190  L=0.0418  D=1.986
[regir_nocount] 7:03:15  347,612/1,000,000  13.7/s  upd=8200  L=0.0223  D=1.986
[regir_nocount] 7:03:26  347,975/1,000,000  13.7/s  upd=8206  L=0.0301  D=1.986
[regir_nocount] 7:03:38  348,279/1,000,000  13.7/s  upd=8209  L=0.0397  D=1.986
[regir_nocount] 7:03:48  348,279/1,000,000  13.7/s  upd=8216  L=0.0303  D=1.986
[regir_nocount] 7:03:59  348,607/1,000,000  13.7/s  upd=8222  L=0.0455  D=1.986
[regir_nocount] 7:04:09  348,888/1,000,000  13.7/s  upd=8227  L=0.0236  D=1.986
[regir_nocount] 7:04:20  349,237/1,000,000  13.7/s  upd=8236  L=0.0221  D=1.986
[regir_nocount] saved resume t_env=349,237
[regir_nocount] 7:04:30  349,237/1,000,000  13.7/s  upd=8240  L=0.0330  D=1.986
[regir_nocount] 7:04:40  349,520/1,000,000  13.7/s  upd=8248  L=0.0354  D=1.986
[regir_nocount] 7:04:50  349,842/1,000,000  13.7/s  upd=8256  L=0.0473  D=1.986
[regir_nocount] 7:05:01  350,117/1,000,000  13.7/s  upd=8264  L=0.0230  D=1.986
[regir_nocount] 7:06:10  350,117/1,000,000  13.7/s  upd=8264  L=0.0230  D=1.986
[regir_nocount] 7:06:21  350,427/1,000,000  13.7/s  upd=8267  L=0.0323  D=1.986
[regir_nocount] 7:06:31  350,427/1,000,000  13.7/s  upd=8272  L=0.0379  D=1.986
[regir_nocount] 7:06:41  350,736/1,000,000  13.7/s  upd=8277  L=0.0287  D=1.986
[regir_nocount] 7:06:51  350,736/1,000,000  13.7/s  upd=8280  L=0.0330  D=1.986
[regir_nocount] 7:07:02  351,036/1,000,000  13.7/s  upd=8288  L=0.0317  D=1.986
[regir_nocount] 7:07:13  351,357/1,000,000  13.7/s  upd=8293  L=0.0281  D=1.986
[regir_nocount] 7:07:23  351,666/1,000,000  13.7/s  upd=8300  L=0.0284  D=1.986
[regir_nocount] 7:07:33  351,666/1,000,000  13.7/s  upd=8304  L=0.0193  D=1.986
[regir_nocount] 7:07:44  351,960/1,000,000  13.7/s  upd=8307  L=0.0228  D=1.986
[regir_nocount] 7:07:54  351,960/1,000,000  13.7/s  upd=8312  L=0.0405  D=1.986
[regir_nocount] 7:08:04  352,263/1,000,000  13.7/s  upd=8319  L=0.0237  D=1.986
[regir_nocount] 7:08:15  352,617/1,000,000  13.7/s  upd=8321  L=0.0258  D=1.986
[regir_nocount] 7:08:27  352,617/1,000,000  13.7/s  upd=8328  L=0.0305  D=1.986
[regir_nocount] 7:08:37  352,973/1,000,000  13.7/s  upd=8336  L=0.0276  D=1.986
[regir_nocount] 7:08:47  353,280/1,000,000  13.7/s  upd=8344  L=0.0218  D=1.986
[regir_nocount] 7:08:57  353,910/1,000,000  13.8/s  upd=8353  L=0.0337  D=1.986
[regir_nocount] 7:09:08  354,219/1,000,000  13.8/s  upd=8363  L=0.0400  D=1.986
[regir_nocount] 7:09:18  354,502/1,000,000  13.8/s  upd=8373  L=0.0219  D=1.986
[regir_nocount] 7:09:29  355,143/1,000,000  13.8/s  upd=8386  L=0.0344  D=1.986
[regir_nocount] 7:09:39  355,476/1,000,000  13.8/s  upd=8398  L=0.0473  D=1.986
[regir_nocount] 7:09:50  355,838/1,000,000  13.8/s  upd=8406  L=0.0312  D=1.986
[regir_nocount] 7:10:01  356,181/1,000,000  13.8/s  upd=8415  L=0.0401  D=1.986
[regir_nocount] 7:10:11  356,464/1,000,000  13.8/s  upd=8423  L=0.0302  D=1.986
[regir_nocount] 7:10:22  356,778/1,000,000  13.8/s  upd=8432  L=0.0217  D=1.986
[regir_nocount] 7:10:32  357,051/1,000,000  13.8/s  upd=8440  L=0.0271  D=1.986
[regir_nocount] 7:10:42  357,712/1,000,000  13.8/s  upd=8449  L=0.0262  D=1.986
[regir_nocount] 7:10:53  358,069/1,000,000  13.8/s  upd=8460  L=0.0307  D=1.986
[regir_nocount] 7:11:04  358,355/1,000,000  13.9/s  upd=8470  L=0.0275  D=1.986
[regir_nocount] 7:11:15  358,694/1,000,000  13.9/s  upd=8478  L=0.0387  D=1.986
[regir_nocount] 7:14:23  358,694/1,000,000  13.8/s  upd=8480  L=0.0310  D=1.986
[regir_nocount] 7:14:34  359,047/1,000,000  13.8/s  upd=8484  L=0.0337  D=1.986
[regir_nocount] saved resume t_env=359,047
[regir_nocount] 7:14:44  359,047/1,000,000  13.8/s  upd=8488  L=0.0295  D=1.986
[regir_nocount] 7:14:54  359,661/1,000,000  13.8/s  upd=8498  L=0.0443  D=1.986
[regir_nocount] 7:15:05  360,034/1,000,000  13.8/s  upd=8506  L=0.0490  D=1.986
[regir_nocount] saved resume t_env=360,034
[regir_nocount] 7:15:28  360,034/1,000,000  13.8/s  upd=8512  L=0.0267  ev=0/100  D=1.986
[regir_nocount] 7:15:38  360,034/1,000,000  13.8/s  upd=8512  L=0.0267  ev=15/100  D=1.986
[regir_nocount] 7:15:48  360,034/1,000,000  13.8/s  upd=8512  L=0.0267  ev=33/100  D=1.986
[regir_nocount] 7:15:58  360,034/1,000,000  13.8/s  upd=8512  L=0.0267  ev=48/100  D=1.986
[regir_nocount] 7:16:08  360,034/1,000,000  13.8/s  upd=8512  L=0.0267  ev=60/100  D=1.986
[regir_nocount] 7:16:19  360,034/1,000,000  13.8/s  upd=8512  L=0.0267  ev=73/100  D=1.986
[regir_nocount] 7:16:29  360,034/1,000,000  13.7/s  upd=8512  L=0.0267  ev=80/100  D=1.986
[regir_nocount] 7:16:39  360,034/1,000,000  13.7/s  upd=8512  L=0.0267  ev=96/100  D=1.986
[regir_nocount] 7:18:15  360,034/1,000,000  13.7/s  upd=8512  L=0.0267  D=2.096
[regir_nocount] 7:18:25  360,367/1,000,000  13.7/s  upd=8520  L=0.0322  D=2.096
[regir_nocount] 7:18:36  360,679/1,000,000  13.7/s  upd=8528  L=0.0263  D=2.096
[regir_nocount] 7:18:46  360,968/1,000,000  13.7/s  upd=8536  L=0.0381  D=2.096
[regir_nocount] 7:18:56  361,312/1,000,000  13.7/s  upd=8542  L=0.0433  D=2.096
[regir_nocount] 7:19:07  361,641/1,000,000  13.7/s  upd=8547  L=0.0191  D=2.096
[regir_nocount] 7:19:17  361,980/1,000,000  13.7/s  upd=8557  L=0.0267  D=2.096
[regir_nocount] 7:19:27  362,309/1,000,000  13.7/s  upd=8567  L=0.0358  D=2.096
[regir_nocount] 7:21:09  362,309/1,000,000  13.7/s  upd=8568  L=0.0299  D=2.096
[regir_nocount] 7:21:19  362,677/1,000,000  13.7/s  upd=8574  L=0.0519  D=2.096
[regir_nocount] 7:21:31  362,997/1,000,000  13.7/s  upd=8581  L=0.0330  D=2.096
[regir_nocount] 7:21:42  363,364/1,000,000  13.7/s  upd=8587  L=0.0247  D=2.096
[regir_nocount] 7:21:52  363,364/1,000,000  13.7/s  upd=8592  L=0.0412  D=2.096
[regir_nocount] 7:22:03  363,688/1,000,000  13.7/s  upd=8598  L=0.0388  D=2.096
[regir_nocount] 7:22:13  364,004/1,000,000  13.7/s  upd=8606  L=0.0409  D=2.096
[regir_nocount] 7:22:24  364,322/1,000,000  13.7/s  upd=8613  L=0.0369  D=2.096
[regir_nocount] 7:22:35  364,616/1,000,000  13.7/s  upd=8619  L=0.0320  D=2.096
[regir_nocount] 7:22:46  364,616/1,000,000  13.7/s  upd=8624  L=0.0292  D=2.096
[regir_nocount] 7:22:56  364,923/1,000,000  13.7/s  upd=8630  L=0.0476  D=2.096
[regir_nocount] 7:23:06  364,923/1,000,000  13.7/s  upd=8632  L=0.0240  D=2.096
[regir_nocount] 7:23:17  365,300/1,000,000  13.7/s  upd=8639  L=0.0361  D=2.096
[regir_nocount] 7:23:27  365,300/1,000,000  13.7/s  upd=8640  L=0.0282  D=2.096
[regir_nocount] 7:23:37  365,664/1,000,000  13.7/s  upd=8648  L=0.0251  D=2.096
[regir_nocount] 7:23:48  366,002/1,000,000  13.7/s  upd=8651  L=0.0257  D=2.096
[regir_nocount] 7:23:58  366,002/1,000,000  13.7/s  upd=8656  L=0.0350  D=2.096
[regir_nocount] 7:24:08  366,376/1,000,000  13.7/s  upd=8661  L=0.0255  D=2.096
[regir_nocount] 7:24:19  366,771/1,000,000  13.8/s  upd=8666  L=0.0264  D=2.096
[regir_nocount] 7:24:30  367,060/1,000,000  13.8/s  upd=8673  L=0.0378  D=2.096
[regir_nocount] 7:24:40  367,060/1,000,000  13.8/s  upd=8678  L=0.0370  D=2.096
[regir_nocount] 7:24:52  367,343/1,000,000  13.8/s  upd=8687  L=0.0349  D=2.096
[regir_nocount] 7:25:03  367,712/1,000,000  13.8/s  upd=8690  L=0.0394  D=2.096
[regir_nocount] 7:25:13  367,712/1,000,000  13.8/s  upd=8696  L=0.0385  D=2.096
[regir_nocount] 7:25:23  368,063/1,000,000  13.8/s  upd=8701  L=0.0625  D=2.096
[regir_nocount] saved resume t_env=368,063
[regir_nocount] 7:25:34  368,419/1,000,000  13.8/s  upd=8707  L=0.0333  D=2.096
[regir_nocount] 7:25:45  368,752/1,000,000  13.8/s  upd=8714  L=0.0450  D=2.096
[regir_nocount] 7:25:56  369,034/1,000,000  13.8/s  upd=8722  L=0.0390  D=2.096
[regir_nocount] 7:26:06  369,034/1,000,000  13.8/s  upd=8728  L=0.0290  D=2.096
[regir_nocount] 7:28:04  369,348/1,000,000  13.7/s  upd=8736  L=0.0263  D=2.096
[regir_nocount] 7:28:14  370,027/1,000,000  13.8/s  upd=8745  L=0.0301  D=2.096
[regir_nocount] 7:28:24  370,027/1,000,000  13.8/s  upd=8752  L=0.0494  D=2.096
[regir_nocount] 7:28:34  370,650/1,000,000  13.8/s  upd=8764  L=0.0266  D=2.096
[regir_nocount] 7:28:44  370,969/1,000,000  13.8/s  upd=8776  L=0.0229  D=2.096
[regir_nocount] 7:28:55  371,527/1,000,000  13.8/s  upd=8787  L=0.0338  D=2.096
[regir_nocount] 7:29:05  372,196/1,000,000  13.8/s  upd=8801  L=0.0491  D=2.096
[regir_nocount] 7:29:15  372,555/1,000,000  13.8/s  upd=8816  L=0.0431  D=2.096
[regir_nocount] 7:29:26  373,153/1,000,000  13.8/s  upd=8829  L=0.0368  D=2.096
[regir_nocount] 7:29:36  373,461/1,000,000  13.8/s  upd=8840  L=0.0188  D=2.096
[regir_nocount] 7:29:46  373,989/1,000,000  13.9/s  upd=8850  L=0.0382  D=2.096
[regir_nocount] 7:29:57  374,335/1,000,000  13.9/s  upd=8857  L=0.0365  D=2.096
[regir_nocount] 7:30:07  374,637/1,000,000  13.9/s  upd=8866  L=0.0455  D=2.096
[regir_nocount] 7:30:18  374,985/1,000,000  13.9/s  upd=8874  L=0.0335  D=2.096
[regir_nocount] 7:30:28  374,985/1,000,000  13.9/s  upd=8880  L=0.0341  D=2.096
[regir_nocount] 7:30:38  375,299/1,000,000  13.9/s  upd=8888  L=0.0212  D=2.096
[regir_nocount] 7:30:49  375,633/1,000,000  13.9/s  upd=8894  L=0.0323  D=2.096
[regir_nocount] 7:30:59  375,951/1,000,000  13.9/s  upd=8904  L=0.0314  D=2.096
[regir_nocount] 7:31:10  376,265/1,000,000  13.9/s  upd=8912  L=0.0399  D=2.096
[regir_nocount] 7:31:22  376,600/1,000,000  13.9/s  upd=8918  L=0.0287  D=2.096
[regir_nocount] 7:31:32  376,907/1,000,000  13.9/s  upd=8926  L=0.0331  D=2.096
[regir_nocount] 7:31:44  377,183/1,000,000  13.9/s  upd=8931  L=0.0282  D=2.096
[regir_nocount] 7:31:55  377,521/1,000,000  13.9/s  upd=8939  L=0.0235  D=2.096
[regir_nocount] 7:32:05  377,815/1,000,000  13.9/s  upd=8947  L=0.0489  D=2.096
[regir_nocount] 7:32:17  378,119/1,000,000  13.9/s  upd=8954  L=0.0399  D=2.096
[regir_nocount] 7:32:27  378,436/1,000,000  13.9/s  upd=8962  L=0.0217  D=2.096
[regir_nocount] 7:32:37  378,767/1,000,000  13.9/s  upd=8970  L=0.0299  D=2.096
[regir_nocount] 7:32:48  379,072/1,000,000  14.0/s  upd=8979  L=0.0375  D=2.096
[regir_nocount] 7:32:58  379,367/1,000,000  14.0/s  upd=8989  L=0.0250  D=2.096
[regir_nocount] 7:33:08  379,666/1,000,000  14.0/s  upd=8995  L=0.0315  D=2.096
[regir_nocount] 7:34:59  379,666/1,000,000  13.9/s  upd=9000  L=0.0326  D=2.096
[regir_nocount] 7:35:10  380,011/1,000,000  13.9/s  upd=9007  L=0.0325  D=2.096
[regir_nocount] saved resume t_env=380,011
[regir_nocount] 7:35:28  380,011/1,000,000  13.9/s  upd=9008  L=0.0396  ev=0/100  D=2.096
[regir_nocount] 7:35:38  380,011/1,000,000  13.9/s  upd=9008  L=0.0396  ev=24/100  D=2.096
[regir_nocount] 7:35:48  380,011/1,000,000  13.9/s  upd=9008  L=0.0396  ev=56/100  D=2.096
[regir_nocount] 7:35:58  380,011/1,000,000  13.9/s  upd=9008  L=0.0396  ev=75/100  D=2.096
[regir_nocount] 7:36:09  380,011/1,000,000  13.9/s  upd=9008  L=0.0396  ev=88/100  D=2.096
[regir_nocount] 7:36:19  380,011/1,000,000  13.9/s  upd=9008  L=0.0396  ev=97/100  D=2.096
[regir_nocount] 7:37:54  380,011/1,000,000  13.8/s  upd=9008  L=0.0396  D=1.886
[regir_nocount] 7:38:04  380,309/1,000,000  13.8/s  upd=9011  L=0.0475  D=1.886
[regir_nocount] 7:38:14  380,309/1,000,000  13.8/s  upd=9016  L=0.0413  D=1.886
[regir_nocount] 7:38:24  380,580/1,000,000  13.8/s  upd=9024  L=0.0515  D=1.886
[regir_nocount] 7:38:35  380,932/1,000,000  13.8/s  upd=9029  L=0.0269  D=1.886
[regir_nocount] 7:38:45  381,249/1,000,000  13.9/s  upd=9035  L=0.0441  D=1.886
[regir_nocount] 7:38:57  381,527/1,000,000  13.9/s  upd=9042  L=0.0280  D=1.886
[regir_nocount] 7:39:08  381,836/1,000,000  13.9/s  upd=9050  L=0.0267  D=1.886
[regir_nocount] 7:39:18  382,200/1,000,000  13.9/s  upd=9057  L=0.0384  D=1.886
[regir_nocount] 7:39:28  382,200/1,000,000  13.9/s  upd=9064  L=0.0338  D=1.886
[regir_nocount] 7:39:39  382,608/1,000,000  13.9/s  upd=9069  L=0.0498  D=1.886
[regir_nocount] 7:39:49  382,896/1,000,000  13.9/s  upd=9077  L=0.0378  D=1.886
[regir_nocount] 7:40:00  383,242/1,000,000  13.9/s  upd=9083  L=0.0304  D=1.886
[regir_nocount] 7:41:51  383,242/1,000,000  13.8/s  upd=9088  L=0.0396  D=1.886
[regir_nocount] 7:42:01  383,593/1,000,000  13.8/s  upd=9096  L=0.0356  D=1.886
[regir_nocount] 7:42:11  384,299/1,000,000  13.9/s  upd=9105  L=0.0272  D=1.886
[regir_nocount] 7:42:22  384,607/1,000,000  13.9/s  upd=9114  L=0.0399  D=1.886
[regir_nocount] 7:42:32  384,929/1,000,000  13.9/s  upd=9123  L=0.0308  D=1.886
[regir_nocount] 7:42:43  385,218/1,000,000  13.9/s  upd=9130  L=0.0298  D=1.886
[regir_nocount] 7:42:54  385,617/1,000,000  13.9/s  upd=9141  L=0.0434  D=1.886
[regir_nocount] 7:43:05  385,928/1,000,000  13.9/s  upd=9152  L=0.0311  D=1.886
[regir_nocount] 7:43:15  386,279/1,000,000  13.9/s  upd=9160  L=0.0370  D=1.886
[regir_nocount] 7:43:25  386,648/1,000,000  13.9/s  upd=9168  L=0.0274  D=1.886
[regir_nocount] 7:43:35  386,982/1,000,000  13.9/s  upd=9176  L=0.0247  D=1.886
[regir_nocount] 7:43:45  387,373/1,000,000  13.9/s  upd=9184  L=0.0439  D=1.886
[regir_nocount] 7:43:56  388,067/1,000,000  13.9/s  upd=9194  L=0.0239  D=1.886
[regir_nocount] 7:44:06  388,374/1,000,000  13.9/s  upd=9203  L=0.0361  D=1.886
[regir_nocount] 7:44:17  388,734/1,000,000  14.0/s  upd=9214  L=0.0277  D=1.886
[regir_nocount] 7:44:27  389,056/1,000,000  14.0/s  upd=9219  L=0.0314  D=1.886
[regir_nocount] 7:44:38  389,394/1,000,000  14.0/s  upd=9227  L=0.0287  D=1.886
[regir_nocount] 7:44:48  389,742/1,000,000  14.0/s  upd=9236  L=0.0322  D=1.886
[regir_nocount] 7:44:58  390,039/1,000,000  14.0/s  upd=9247  L=0.0350  D=1.886
[regir_nocount] 7:45:08  390,385/1,000,000  14.0/s  upd=9256  L=0.0260  D=1.886
[regir_nocount] saved resume t_env=390,679
[regir_nocount] 7:45:19  390,679/1,000,000  14.0/s  upd=9264  L=0.0272  D=1.886
[regir_nocount] 7:45:30  391,341/1,000,000  14.0/s  upd=9274  L=0.0424  D=1.886
[regir_nocount] 7:45:40  391,650/1,000,000  14.0/s  upd=9282  L=0.0218  D=1.886
[regir_nocount] 7:45:51  391,993/1,000,000  14.0/s  upd=9290  L=0.0305  D=1.886
[regir_nocount] 7:46:01  392,314/1,000,000  14.0/s  upd=9297  L=0.0191  D=1.886
[regir_nocount] 7:46:11  392,314/1,000,000  14.0/s  upd=9304  L=0.0254  D=1.886
[regir_nocount] 7:46:21  392,657/1,000,000  14.0/s  upd=9309  L=0.0481  D=1.886
[regir_nocount] 7:46:31  393,011/1,000,000  14.0/s  upd=9317  L=0.0386  D=1.886
[regir_nocount] 7:46:42  393,353/1,000,000  14.0/s  upd=9326  L=0.0347  D=1.886
[regir_nocount] 7:46:53  393,662/1,000,000  14.1/s  upd=9332  L=0.0339  D=1.886
[regir_nocount] 7:49:38  393,662/1,000,000  14.0/s  upd=9336  L=0.0421  D=1.886
[regir_nocount] 7:49:49  393,981/1,000,000  14.0/s  upd=9344  L=0.0368  D=1.886
[regir_nocount] 7:49:59  394,307/1,000,000  14.0/s  upd=9347  L=0.0213  D=1.886
[regir_nocount] 7:50:09  394,307/1,000,000  14.0/s  upd=9352  L=0.0345  D=1.886
[regir_nocount] 7:50:19  394,668/1,000,000  14.0/s  upd=9360  L=0.0315  D=1.886
[regir_nocount] 7:50:30  394,995/1,000,000  14.0/s  upd=9366  L=0.0485  D=1.886
[regir_nocount] 7:50:40  395,276/1,000,000  14.0/s  upd=9372  L=0.0387  D=1.886
[regir_nocount] 7:50:51  395,575/1,000,000  14.0/s  upd=9378  L=0.0464  D=1.886
[regir_nocount] 7:51:01  395,857/1,000,000  14.0/s  upd=9386  L=0.0374  D=1.886
[regir_nocount] 7:51:12  396,226/1,000,000  14.0/s  upd=9395  L=0.0357  D=1.886
[regir_nocount] 7:51:22  396,608/1,000,000  14.0/s  upd=9407  L=0.0305  D=1.886
[regir_nocount] 7:51:33  397,208/1,000,000  14.0/s  upd=9417  L=0.0279  D=1.886
[regir_nocount] 7:51:43  397,514/1,000,000  14.0/s  upd=9425  L=0.0276  D=1.886
[regir_nocount] 7:51:55  397,841/1,000,000  14.1/s  upd=9434  L=0.0393  D=1.886
[regir_nocount] 7:52:05  398,127/1,000,000  14.1/s  upd=9447  L=0.0240  D=1.886
[regir_nocount] 7:52:16  398,812/1,000,000  14.1/s  upd=9458  L=0.0515  D=1.886
[regir_nocount] 7:52:26  399,139/1,000,000  14.1/s  upd=9466  L=0.0462  D=1.886
[regir_nocount] 7:52:36  399,139/1,000,000  14.1/s  upd=9472  L=0.0339  D=1.886
[regir_nocount] 7:52:47  399,536/1,000,000  14.1/s  upd=9477  L=0.0315  D=1.886
[regir_nocount] 7:52:57  399,870/1,000,000  14.1/s  upd=9483  L=0.0256  D=1.886
[regir_nocount] 7:53:08  400,249/1,000,000  14.1/s  upd=9489  L=0.0415  D=1.886
[regir_nocount] saved resume t_env=400,249
[regir_nocount] 7:53:35  400,249/1,000,000  14.1/s  upd=9496  L=0.0338  ev=0/100  D=1.886
[regir_nocount] 7:53:45  400,249/1,000,000  14.1/s  upd=9496  L=0.0338  ev=10/100  D=1.886
[regir_nocount] 7:53:56  400,249/1,000,000  14.1/s  upd=9496  L=0.0338  ev=27/100  D=1.886
[regir_nocount] 7:54:06  400,249/1,000,000  14.1/s  upd=9496  L=0.0338  ev=46/100  D=1.886
[regir_nocount] 7:54:16  400,249/1,000,000  14.1/s  upd=9496  L=0.0338  ev=54/100  D=1.886
[regir_nocount] 7:54:26  400,249/1,000,000  14.1/s  upd=9496  L=0.0338  ev=72/100  D=1.886
[regir_nocount] 7:54:36  400,249/1,000,000  14.1/s  upd=9496  L=0.0338  ev=96/100  D=1.886
[regir_nocount] 7:56:08  400,249/1,000,000  14.0/s  upd=9496  L=0.0338  D=1.592
[regir_nocount] 7:58:03  400,249/1,000,000  14.0/s  upd=9496  L=0.0338  D=1.592
[regir_nocount] 7:58:13  400,555/1,000,000  14.0/s  upd=9504  L=0.0445  D=1.592
[regir_nocount] 7:58:24  401,240/1,000,000  14.0/s  upd=9514  L=0.0352  D=1.592
[regir_nocount] 7:58:34  401,588/1,000,000  14.0/s  upd=9523  L=0.0332  D=1.592
[regir_nocount] 7:58:44  401,901/1,000,000  14.0/s  upd=9534  L=0.0382  D=1.592
[regir_nocount] 7:58:55  402,265/1,000,000  14.0/s  upd=9543  L=0.0353  D=1.592
[regir_nocount] 7:59:05  402,643/1,000,000  14.0/s  upd=9552  L=0.0355  D=1.592
[regir_nocount] 7:59:16  403,005/1,000,000  14.0/s  upd=9557  L=0.0391  D=1.592
[regir_nocount] 7:59:27  403,375/1,000,000  14.0/s  upd=9562  L=0.0339  D=1.592
[regir_nocount] 7:59:37  403,375/1,000,000  14.0/s  upd=9568  L=0.0194  D=1.592
[regir_nocount] 7:59:47  403,648/1,000,000  14.0/s  upd=9576  L=0.0431  D=1.592
[regir_nocount] 7:59:58  403,957/1,000,000  14.0/s  upd=9581  L=0.0620  D=1.592
[regir_nocount] 8:00:08  403,957/1,000,000  14.0/s  upd=9584  L=0.0340  D=1.592
[regir_nocount] 8:00:18  404,295/1,000,000  14.0/s  upd=9592  L=0.0454  D=1.592
[regir_nocount] 8:00:28  404,551/1,000,000  14.0/s  upd=9596  L=0.0405  D=1.592
[regir_nocount] 8:00:39  404,879/1,000,000  14.0/s  upd=9601  L=0.0382  D=1.592
[regir_nocount] 8:00:49  404,879/1,000,000  14.0/s  upd=9607  L=0.0328  D=1.592
[regir_nocount] 8:01:00  405,155/1,000,000  14.0/s  upd=9612  L=0.0379  D=1.592
[regir_nocount] 8:01:11  405,459/1,000,000  14.0/s  upd=9619  L=0.0336  D=1.592
[regir_nocount] 8:01:21  405,823/1,000,000  14.1/s  upd=9628  L=0.0318  D=1.592
[regir_nocount] 8:01:32  406,112/1,000,000  14.1/s  upd=9637  L=0.0273  D=1.592
[regir_nocount] 8:01:43  406,445/1,000,000  14.1/s  upd=9642  L=0.0331  D=1.592
[regir_nocount] 8:01:54  406,805/1,000,000  14.1/s  upd=9650  L=0.0287  D=1.592
[regir_nocount] 8:02:05  407,173/1,000,000  14.1/s  upd=9660  L=0.0480  D=1.592
[regir_nocount] 8:02:16  407,474/1,000,000  14.1/s  upd=9670  L=0.0465  D=1.592
[regir_nocount] 8:02:26  407,753/1,000,000  14.1/s  upd=9678  L=0.0289  D=1.592
[regir_nocount] 8:02:36  408,052/1,000,000  14.1/s  upd=9688  L=0.0384  D=1.592
[regir_nocount] 8:02:46  408,386/1,000,000  14.1/s  upd=9696  L=0.0343  D=1.592
[regir_nocount] 8:02:57  409,085/1,000,000  14.1/s  upd=9705  L=0.0393  D=1.592
[regir_nocount] 8:05:50  409,085/1,000,000  14.0/s  upd=9712  L=0.0296  D=1.592
[regir_nocount] saved resume t_env=409,442
[regir_nocount] 8:06:02  409,442/1,000,000  14.0/s  upd=9720  L=0.0190  D=1.592
[regir_nocount] 8:06:12  410,072/1,000,000  14.1/s  upd=9734  L=0.0753  D=1.592
[regir_nocount] 8:06:22  410,706/1,000,000  14.1/s  upd=9745  L=0.0360  D=1.592
[regir_nocount] 8:06:33  411,059/1,000,000  14.1/s  upd=9755  L=0.0266  D=1.592
[regir_nocount] 8:06:43  411,373/1,000,000  14.1/s  upd=9766  L=0.0273  D=1.592
[regir_nocount] 8:06:53  411,662/1,000,000  14.1/s  upd=9775  L=0.0591  D=1.592
[regir_nocount] 8:07:04  411,991/1,000,000  14.1/s  upd=9784  L=0.0353  D=1.592
[regir_nocount] 8:07:14  412,375/1,000,000  14.1/s  upd=9792  L=0.0390  D=1.592
[regir_nocount] 8:07:24  413,093/1,000,000  14.1/s  upd=9801  L=0.0277  D=1.592
[regir_nocount] 8:07:34  413,093/1,000,000  14.1/s  upd=9808  L=0.0278  D=1.592
[regir_nocount] 8:07:44  413,394/1,000,000  14.1/s  upd=9816  L=0.0290  D=1.592
[regir_nocount] 8:07:56  413,714/1,000,000  14.1/s  upd=9823  L=0.0322  D=1.592
[regir_nocount] 8:08:06  414,015/1,000,000  14.1/s  upd=9830  L=0.0406  D=1.592
[regir_nocount] 8:08:17  414,386/1,000,000  14.1/s  upd=9837  L=0.0245  D=1.592
[regir_nocount] 8:08:27  414,704/1,000,000  14.2/s  upd=9845  L=0.0589  D=1.592
[regir_nocount] 8:08:38  415,065/1,000,000  14.2/s  upd=9851  L=0.0402  D=1.592
[regir_nocount] 8:08:50  415,357/1,000,000  14.2/s  upd=9859  L=0.0360  D=1.592
[regir_nocount] 8:09:00  415,697/1,000,000  14.2/s  upd=9867  L=0.0496  D=1.592
[regir_nocount] 8:09:11  416,025/1,000,000  14.2/s  upd=9874  L=0.0321  D=1.592
[regir_nocount] 8:09:21  416,025/1,000,000  14.2/s  upd=9880  L=0.0251  D=1.592
[regir_nocount] 8:09:31  416,366/1,000,000  14.2/s  upd=9888  L=0.0395  D=1.592
[regir_nocount] 8:09:41  416,679/1,000,000  14.2/s  upd=9896  L=0.0353  D=1.592
[regir_nocount] 8:09:51  417,121/1,000,000  14.2/s  upd=9904  L=0.0328  D=1.592
[regir_nocount] 8:10:02  417,772/1,000,000  14.2/s  upd=9914  L=0.0347  D=1.592
[regir_nocount] 8:10:13  418,111/1,000,000  14.2/s  upd=9923  L=0.0399  D=1.592
[regir_nocount] 8:10:23  418,408/1,000,000  14.2/s  upd=9933  L=0.0232  D=1.592
[regir_nocount] 8:10:34  418,748/1,000,000  14.2/s  upd=9944  L=0.0289  D=1.592
[regir_nocount] 8:10:44  419,082/1,000,000  14.2/s  upd=9952  L=0.0263  D=1.592
[regir_nocount] 8:12:43  419,397/1,000,000  14.2/s  upd=9960  L=0.0327  D=1.592
[regir_nocount] 8:12:53  419,690/1,000,000  14.2/s  upd=9968  L=0.0586  D=1.592
[regir_nocount] 8:13:03  419,982/1,000,000  14.2/s  upd=9976  L=0.0274  D=1.592
[regir_nocount] saved resume t_env=420,270
[regir_nocount] 8:13:30  420,270/1,000,000  14.2/s  upd=9984  L=0.0333  ev=0/100  D=1.592
[regir_nocount] 8:13:40  420,270/1,000,000  14.2/s  upd=9984  L=0.0333  ev=52/100  D=1.592
[regir_nocount] 8:16:10  420,270/1,000,000  14.1/s  upd=9984  L=0.0333  D=1.362
[regir_nocount] 8:16:21  420,614/1,000,000  14.1/s  upd=9990  L=0.0428  D=1.362
[regir_nocount] 8:16:32  420,945/1,000,000  14.1/s  upd=9998  L=0.0374  D=1.362
[regir_nocount] 8:16:43  421,230/1,000,000  14.1/s  upd=10007  L=0.0285  D=1.362
[regir_nocount] 8:16:54  421,547/1,000,000  14.1/s  upd=10015  L=0.0275  D=1.362
[regir_nocount] 8:17:04  421,867/1,000,000  14.1/s  upd=10020  L=0.0328  D=1.362
[regir_nocount] 8:17:15  422,202/1,000,000  14.2/s  upd=10026  L=0.0311  D=1.362
[regir_nocount] 8:17:27  422,485/1,000,000  14.2/s  upd=10035  L=0.0323  D=1.362
[regir_nocount] 8:17:38  422,816/1,000,000  14.2/s  upd=10042  L=0.0291  D=1.362
[regir_nocount] 8:19:35  422,816/1,000,000  14.1/s  upd=10048  L=0.0417  D=1.362
[regir_nocount] 8:19:45  423,130/1,000,000  14.1/s  upd=10055  L=0.0287  D=1.362
[regir_nocount] 8:19:56  423,439/1,000,000  14.1/s  upd=10061  L=0.0391  D=1.362
[regir_nocount] 8:20:07  423,781/1,000,000  14.1/s  upd=10070  L=0.0290  D=1.362
[regir_nocount] 8:20:18  424,079/1,000,000  14.1/s  upd=10080  L=0.0367  D=1.362
[regir_nocount] 8:20:28  424,460/1,000,000  14.1/s  upd=10088  L=0.0415  D=1.362
[regir_nocount] 8:20:39  424,823/1,000,000  14.1/s  upd=10091  L=0.0281  D=1.362
[regir_nocount] 8:20:50  425,120/1,000,000  14.1/s  upd=10097  L=0.0476  D=1.362
[regir_nocount] 8:21:00  425,120/1,000,000  14.1/s  upd=10104  L=0.0316  D=1.362
[regir_nocount] 8:21:10  425,440/1,000,000  14.1/s  upd=10112  L=0.0324  D=1.362
[regir_nocount] 8:21:21  425,785/1,000,000  14.2/s  upd=10117  L=0.0335  D=1.362
[regir_nocount] 8:21:31  425,785/1,000,000  14.1/s  upd=10120  L=0.0426  D=1.362
[regir_nocount] 8:21:41  426,078/1,000,000  14.2/s  upd=10127  L=0.0356  D=1.362
[regir_nocount] 8:21:54  426,401/1,000,000  14.2/s  upd=10133  L=0.0306  D=1.362
[regir_nocount] 8:22:08  426,687/1,000,000  14.2/s  upd=10140  L=0.0472  D=1.362
[regir_nocount] 8:22:19  426,984/1,000,000  14.2/s  upd=10145  L=0.0507  D=1.362
[regir_nocount] 8:22:29  426,984/1,000,000  14.2/s  upd=10152  L=0.0246  D=1.362
[regir_nocount] 8:22:40  427,284/1,000,000  14.2/s  upd=10155  L=0.0332  D=1.362
[regir_nocount] 8:22:50  427,559/1,000,000  14.2/s  upd=10161  L=0.0294  D=1.362
[regir_nocount] 8:23:00  427,559/1,000,000  14.2/s  upd=10167  L=0.0266  D=1.362
[regir_nocount] 8:23:11  427,853/1,000,000  14.2/s  upd=10173  L=0.0355  D=1.362
[regir_nocount] saved resume t_env=427,853
[regir_nocount] 8:23:23  428,133/1,000,000  14.2/s  upd=10178  L=0.0441  D=1.362
[regir_nocount] 8:23:34  428,503/1,000,000  14.2/s  upd=10186  L=0.0392  D=1.362
[regir_nocount] 8:23:44  428,503/1,000,000  14.2/s  upd=10192  L=0.0282  D=1.362
[regir_nocount] 8:23:54  429,183/1,000,000  14.2/s  upd=10201  L=0.0415  D=1.362
[regir_nocount] 8:24:05  429,499/1,000,000  14.2/s  upd=10215  L=0.0547  D=1.362
[regir_nocount] 8:24:16  429,810/1,000,000  14.2/s  upd=10222  L=0.0380  D=1.362
[regir_nocount] 8:24:26  430,070/1,000,000  14.2/s  upd=10232  L=0.0409  D=1.362
[regir_nocount] 8:24:36  430,406/1,000,000  14.2/s  upd=10240  L=0.0453  D=1.362
[regir_nocount] 8:26:17  430,406/1,000,000  14.2/s  upd=10240  L=0.0453  D=1.362
[regir_nocount] 8:26:27  431,040/1,000,000  14.2/s  upd=10255  L=0.0348  D=1.362
[regir_nocount] 8:26:38  431,672/1,000,000  14.2/s  upd=10268  L=0.0291  D=1.362
[regir_nocount] 8:26:48  431,975/1,000,000  14.2/s  upd=10280  L=0.0324  D=1.362
[regir_nocount] 8:26:58  432,572/1,000,000  14.2/s  upd=10294  L=0.0237  D=1.362
[regir_nocount] 8:27:09  433,190/1,000,000  14.2/s  upd=10309  L=0.0278  D=1.362
[regir_nocount] 8:27:19  433,760/1,000,000  14.2/s  upd=10321  L=0.0404  D=1.362
[regir_nocount] 8:27:29  434,083/1,000,000  14.3/s  upd=10332  L=0.0290  D=1.362
[regir_nocount] 8:27:40  434,398/1,000,000  14.3/s  upd=10343  L=0.0291  D=1.362
[regir_nocount] 8:27:51  435,004/1,000,000  14.3/s  upd=10353  L=0.0326  D=1.362
[regir_nocount] 8:28:01  435,310/1,000,000  14.3/s  upd=10363  L=0.0446  D=1.362
[regir_nocount] 8:28:11  435,637/1,000,000  14.3/s  upd=10373  L=0.0491  D=1.362
[regir_nocount] 8:28:21  435,944/1,000,000  14.3/s  upd=10383  L=0.0380  D=1.362
[regir_nocount] 8:28:31  436,256/1,000,000  14.3/s  upd=10392  L=0.0349  D=1.362
[regir_nocount] 8:28:42  436,853/1,000,000  14.3/s  upd=10404  L=0.0327  D=1.362
[regir_nocount] 8:28:53  437,192/1,000,000  14.3/s  upd=10412  L=0.0275  D=1.362
[regir_nocount] 8:29:03  437,643/1,000,000  14.3/s  upd=10419  L=0.0349  D=1.362
[regir_nocount] 8:29:14  437,942/1,000,000  14.3/s  upd=10428  L=0.0391  D=1.362
[regir_nocount] 8:29:25  438,224/1,000,000  14.3/s  upd=10433  L=0.0393  D=1.362
[regir_nocount] 8:29:35  438,510/1,000,000  14.3/s  upd=10444  L=0.0491  D=1.362
[regir_nocount] 8:29:46  438,824/1,000,000  14.3/s  upd=10453  L=0.0280  D=1.362
[regir_nocount] 8:29:56  439,113/1,000,000  14.4/s  upd=10463  L=0.0325  D=1.362
[regir_nocount] 8:30:07  439,419/1,000,000  14.4/s  upd=10472  L=0.0359  D=1.362
[regir_nocount] 8:30:17  439,733/1,000,000  14.4/s  upd=10480  L=0.0339  D=1.362
[regir_nocount] 8:30:27  440,138/1,000,000  14.4/s  upd=10487  L=0.0316  D=1.362
[regir_nocount] saved resume t_env=440,138
[regir_nocount] 8:30:46  440,138/1,000,000  14.4/s  upd=10488  L=0.0297  ev=0/100  D=1.362
[regir_nocount] 8:30:56  440,138/1,000,000  14.4/s  upd=10488  L=0.0297  ev=32/100  D=1.362
[regir_nocount] 8:31:06  440,138/1,000,000  14.4/s  upd=10488  L=0.0297  ev=55/100  D=1.362
[regir_nocount] 8:31:16  440,138/1,000,000  14.3/s  upd=10488  L=0.0297  ev=72/100  D=1.362
[regir_nocount] 8:31:26  440,138/1,000,000  14.3/s  upd=10488  L=0.0297  ev=95/100  D=1.362
[regir_nocount] 8:34:10  440,138/1,000,000  14.3/s  upd=10488  L=0.0297  D=1.148
[regir_nocount] 8:35:38  440,138/1,000,000  14.2/s  upd=10488  L=0.0297  D=1.148
[regir_nocount] 8:35:48  440,523/1,000,000  14.2/s  upd=10492  L=0.0203  D=1.148
[regir_nocount] 8:35:58  440,523/1,000,000  14.2/s  upd=10496  L=0.0337  D=1.148
[regir_nocount] 8:36:09  440,823/1,000,000  14.2/s  upd=10504  L=0.0337  D=1.148
[regir_nocount] 8:36:19  441,145/1,000,000  14.2/s  upd=10512  L=0.0395  D=1.148
[regir_nocount] 8:36:30  441,748/1,000,000  14.3/s  upd=10521  L=0.0355  D=1.148
[regir_nocount] 8:36:41  442,081/1,000,000  14.3/s  upd=10532  L=0.0487  D=1.148
[regir_nocount] 8:36:52  442,392/1,000,000  14.3/s  upd=10543  L=0.0374  D=1.148
[regir_nocount] 8:37:02  442,696/1,000,000  14.3/s  upd=10552  L=0.0559  D=1.148
[regir_nocount] 8:37:12  443,031/1,000,000  14.3/s  upd=10560  L=0.0280  D=1.148
[regir_nocount] 8:37:23  443,629/1,000,000  14.3/s  upd=10570  L=0.0497  D=1.148
[regir_nocount] 8:37:34  443,967/1,000,000  14.3/s  upd=10580  L=0.0509  D=1.148
[regir_nocount] 8:37:44  444,255/1,000,000  14.3/s  upd=10588  L=0.0447  D=1.148
[regir_nocount] 8:37:54  444,561/1,000,000  14.3/s  upd=10596  L=0.0285  D=1.148
[regir_nocount] 8:38:06  444,882/1,000,000  14.3/s  upd=10601  L=0.0424  D=1.148
[regir_nocount] 8:38:16  444,882/1,000,000  14.3/s  upd=10608  L=0.0326  D=1.148
[regir_nocount] 8:38:26  445,195/1,000,000  14.3/s  upd=10612  L=0.0330  D=1.148
[regir_nocount] 8:38:36  445,504/1,000,000  14.3/s  upd=10617  L=0.0565  D=1.148
[regir_nocount] 8:38:47  445,504/1,000,000  14.3/s  upd=10624  L=0.0458  D=1.148
[regir_nocount] 8:38:57  445,812/1,000,000  14.3/s  upd=10632  L=0.0367  D=1.148
[regir_nocount] 8:39:07  446,150/1,000,000  14.3/s  upd=10634  L=0.0328  D=1.148
[regir_nocount] 8:39:17  446,150/1,000,000  14.3/s  upd=10640  L=0.0450  D=1.148
[regir_nocount] 8:39:27  446,465/1,000,000  14.3/s  upd=10646  L=0.0377  D=1.148
[regir_nocount] 8:39:38  446,791/1,000,000  14.3/s  upd=10649  L=0.0309  D=1.148
[regir_nocount] 8:39:48  446,791/1,000,000  14.3/s  upd=10656  L=0.0330  D=1.148
[regir_nocount] 8:39:58  447,094/1,000,000  14.3/s  upd=10662  L=0.0551  D=1.148
[regir_nocount] 8:40:09  447,443/1,000,000  14.3/s  upd=10666  L=0.0431  D=1.148
[regir_nocount] 8:40:19  447,443/1,000,000  14.3/s  upd=10672  L=0.0343  D=1.148
[regir_nocount] 8:40:29  447,763/1,000,000  14.3/s  upd=10680  L=0.0502  D=1.148
[regir_nocount] 8:40:40  448,173/1,000,000  14.3/s  upd=10687  L=0.0317  D=1.148
[regir_nocount] saved resume t_env=448,173
[regir_nocount] 8:42:02  448,173/1,000,000  14.3/s  upd=10688  L=0.0287  D=1.148
[regir_nocount] 8:42:12  448,531/1,000,000  14.3/s  upd=10693  L=0.0293  D=1.148
[regir_nocount] 8:42:23  448,867/1,000,000  14.3/s  upd=10700  L=0.0364  D=1.148
[regir_nocount] 8:42:33  449,188/1,000,000  14.3/s  upd=10706  L=0.0504  D=1.148
[regir_nocount] 8:42:43  449,188/1,000,000  14.3/s  upd=10712  L=0.0373  D=1.148
[regir_nocount] 8:42:53  449,519/1,000,000  14.3/s  upd=10720  L=0.0450  D=1.148
[regir_nocount] 8:43:03  449,818/1,000,000  14.3/s  upd=10728  L=0.0378  D=1.148
[regir_nocount] 8:43:13  450,141/1,000,000  14.3/s  upd=10736  L=0.0287  D=1.148
[regir_nocount] 8:43:24  450,739/1,000,000  14.4/s  upd=10745  L=0.0559  D=1.148
[regir_nocount] 8:43:34  451,048/1,000,000  14.4/s  upd=10754  L=0.0475  D=1.148
[regir_nocount] 8:43:44  451,377/1,000,000  14.4/s  upd=10763  L=0.0285  D=1.148
[regir_nocount] 8:43:56  451,683/1,000,000  14.4/s  upd=10773  L=0.0406  D=1.148
[regir_nocount] 8:44:06  451,963/1,000,000  14.4/s  upd=10782  L=0.0341  D=1.148
[regir_nocount] 8:44:16  452,603/1,000,000  14.4/s  upd=10794  L=0.0440  D=1.148
[regir_nocount] 8:44:26  452,884/1,000,000  14.4/s  upd=10807  L=0.0257  D=1.148
[regir_nocount] 8:44:37  453,493/1,000,000  14.4/s  upd=10821  L=0.0353  D=1.148
[regir_nocount] 8:44:48  454,130/1,000,000  14.4/s  upd=10833  L=0.0332  D=1.148
[regir_nocount] 8:44:59  454,425/1,000,000  14.4/s  upd=10843  L=0.0277  D=1.148
[regir_nocount] 8:45:09  454,784/1,000,000  14.4/s  upd=10853  L=0.0376  D=1.148
[regir_nocount] 8:45:20  455,080/1,000,000  14.4/s  upd=10864  L=0.0282  D=1.148
[regir_nocount] 8:45:31  455,697/1,000,000  14.5/s  upd=10873  L=0.0404  D=1.148
[regir_nocount] 8:45:42  455,985/1,000,000  14.5/s  upd=10885  L=0.0287  D=1.148
[regir_nocount] 8:45:52  456,325/1,000,000  14.5/s  upd=10894  L=0.0345  D=1.148
[regir_nocount] 8:46:03  456,688/1,000,000  14.5/s  upd=10903  L=0.0393  D=1.148
[regir_nocount] 8:46:13  457,333/1,000,000  14.5/s  upd=10913  L=0.0361  D=1.148
[regir_nocount] 8:46:24  457,641/1,000,000  14.5/s  upd=10921  L=0.0347  D=1.148
[regir_nocount] 8:46:34  457,641/1,000,000  14.5/s  upd=10928  L=0.0355  D=1.148
[regir_nocount] 8:46:44  458,360/1,000,000  14.5/s  upd=10939  L=0.0341  D=1.148
[regir_nocount] 8:46:55  458,677/1,000,000  14.5/s  upd=10948  L=0.0403  D=1.148
[regir_nocount] 8:47:05  459,021/1,000,000  14.5/s  upd=10958  L=0.0320  D=1.148
[regir_nocount] 8:50:17  459,021/1,000,000  14.4/s  upd=10960  L=0.0278  D=1.148
[regir_nocount] 8:50:28  459,359/1,000,000  14.4/s  upd=10967  L=0.0438  D=1.148
[regir_nocount] 8:50:38  459,679/1,000,000  14.4/s  upd=10976  L=0.0282  D=1.148
[regir_nocount] 8:50:50  460,001/1,000,000  14.4/s  upd=10982  L=0.0353  D=1.148
[regir_nocount] saved resume t_env=460,001
[regir_nocount] 8:51:10  460,001/1,000,000  14.4/s  upd=10984  L=0.0398  ev=0/100  D=1.148
[regir_nocount] 8:51:20  460,001/1,000,000  14.4/s  upd=10984  L=0.0398  ev=16/100  D=1.148
[regir_nocount] 8:51:30  460,001/1,000,000  14.4/s  upd=10984  L=0.0398  ev=37/100  D=1.148
[regir_nocount] 8:51:40  460,001/1,000,000  14.4/s  upd=10984  L=0.0398  ev=55/100  D=1.148
[regir_nocount] 8:51:50  460,001/1,000,000  14.4/s  upd=10984  L=0.0398  ev=72/100  D=1.148
[regir_nocount] 8:52:00  460,001/1,000,000  14.4/s  upd=10984  L=0.0398  ev=80/100  D=1.148
[regir_nocount] 8:52:10  460,001/1,000,000  14.4/s  upd=10984  L=0.0398  ev=89/100  D=1.148
[regir_nocount] 8:53:15  460,001/1,000,000  14.4/s  upd=10984  L=0.0398  D=1.606
[regir_nocount] 8:53:27  460,368/1,000,000  14.4/s  upd=10991  L=0.0502  D=1.606
[regir_nocount] 8:53:37  460,688/1,000,000  14.4/s  upd=10995  L=0.0384  D=1.606
[regir_nocount] 8:53:48  461,038/1,000,000  14.4/s  upd=11003  L=0.0328  D=1.606
[regir_nocount] 8:53:59  461,350/1,000,000  14.4/s  upd=11011  L=0.0331  D=1.606
[regir_nocount] 8:54:09  461,350/1,000,000  14.4/s  upd=11016  L=0.0321  D=1.606
[regir_nocount] 8:54:20  461,706/1,000,000  14.4/s  upd=11024  L=0.0369  D=1.606
[regir_nocount] 8:54:31  462,003/1,000,000  14.4/s  upd=11029  L=0.0295  D=1.606
[regir_nocount] 8:54:42  462,323/1,000,000  14.4/s  upd=11036  L=0.0267  D=1.606
[regir_nocount] 8:54:52  462,636/1,000,000  14.4/s  upd=11043  L=0.0261  D=1.606
[regir_nocount] 8:55:02  462,934/1,000,000  14.4/s  upd=11050  L=0.0367  D=1.606
[regir_nocount] 8:55:13  463,267/1,000,000  14.4/s  upd=11060  L=0.0297  D=1.606
[regir_nocount] 8:57:15  463,267/1,000,000  14.4/s  upd=11064  L=0.0364  D=1.606
[regir_nocount] 8:57:25  463,548/1,000,000  14.4/s  upd=11070  L=0.0458  D=1.606
[regir_nocount] 8:57:36  463,858/1,000,000  14.4/s  upd=11076  L=0.0360  D=1.606
[regir_nocount] 8:57:47  464,247/1,000,000  14.4/s  upd=11084  L=0.0341  D=1.606
[regir_nocount] 8:57:58  464,638/1,000,000  14.4/s  upd=11089  L=0.0264  D=1.606
[regir_nocount] 8:58:08  464,638/1,000,000  14.4/s  upd=11096  L=0.0347  D=1.606
[regir_nocount] 8:58:18  464,963/1,000,000  14.4/s  upd=11104  L=0.0292  D=1.606
[regir_nocount] 8:58:29  465,262/1,000,000  14.4/s  upd=11112  L=0.0333  D=1.606
[regir_nocount] 8:58:39  465,656/1,000,000  14.4/s  upd=11119  L=0.0460  D=1.606
[regir_nocount] 8:58:50  465,978/1,000,000  14.4/s  upd=11126  L=0.0235  D=1.606
[regir_nocount] 8:59:00  466,281/1,000,000  14.4/s  upd=11134  L=0.0534  D=1.606
[regir_nocount] 8:59:10  466,579/1,000,000  14.4/s  upd=11144  L=0.0255  D=1.606
[regir_nocount] 8:59:22  467,252/1,000,000  14.4/s  upd=11153  L=0.0268  D=1.606
[regir_nocount] 8:59:32  467,595/1,000,000  14.4/s  upd=11163  L=0.0354  D=1.606
[regir_nocount] 8:59:43  467,898/1,000,000  14.4/s  upd=11173  L=0.0510  D=1.606
[regir_nocount] 8:59:53  468,208/1,000,000  14.5/s  upd=11181  L=0.0349  D=1.606
[regir_nocount] 9:00:03  468,521/1,000,000  14.5/s  upd=11192  L=0.0249  D=1.606
[regir_nocount] 9:00:13  468,845/1,000,000  14.5/s  upd=11200  L=0.0414  D=1.606
[regir_nocount] 9:00:24  469,156/1,000,000  14.5/s  upd=11208  L=0.0375  D=1.606
[regir_nocount] 9:00:34  469,443/1,000,000  14.5/s  upd=11215  L=0.0313  D=1.606
[regir_nocount] 9:00:44  469,820/1,000,000  14.5/s  upd=11224  L=0.0252  D=1.606
[regir_nocount] 9:00:55  470,182/1,000,000  14.5/s  upd=11231  L=0.0294  D=1.606
[regir_nocount] saved resume t_env=470,182
[regir_nocount] 9:01:06  470,502/1,000,000  14.5/s  upd=11234  L=0.0425  D=1.606
[regir_nocount] 9:01:17  470,831/1,000,000  14.5/s  upd=11242  L=0.0401  D=1.606
[regir_nocount] 9:01:27  471,155/1,000,000  14.5/s  upd=11249  L=0.0423  D=1.606
[regir_nocount] 9:01:38  471,468/1,000,000  14.5/s  upd=11257  L=0.0273  D=1.606
[regir_nocount] 9:01:48  471,468/1,000,000  14.5/s  upd=11264  L=0.0337  D=1.606
[regir_nocount] 9:01:59  472,046/1,000,000  14.5/s  upd=11273  L=0.0338  D=1.606
[regir_nocount] 9:02:09  472,381/1,000,000  14.5/s  upd=11283  L=0.0605  D=1.606
[regir_nocount] 9:02:20  472,797/1,000,000  14.5/s  upd=11293  L=0.0295  D=1.606
[regir_nocount] 9:04:45  472,797/1,000,000  14.5/s  upd=11296  L=0.0311  D=1.606
[regir_nocount] 9:04:56  473,107/1,000,000  14.5/s  upd=11302  L=0.0313  D=1.606
[regir_nocount] 9:05:07  473,460/1,000,000  14.5/s  upd=11305  L=0.0283  D=1.606
[regir_nocount] 9:05:17  473,854/1,000,000  14.5/s  upd=11315  L=0.0264  D=1.606
[regir_nocount] 9:05:27  474,175/1,000,000  14.5/s  upd=11324  L=0.0425  D=1.606
[regir_nocount] 9:05:38  474,515/1,000,000  14.5/s  upd=11332  L=0.0331  D=1.606
[regir_nocount] 9:05:49  474,859/1,000,000  14.5/s  upd=11340  L=0.0354  D=1.606
[regir_nocount] 9:05:59  475,178/1,000,000  14.5/s  upd=11350  L=0.0340  D=1.606
[regir_nocount] 9:06:09  475,521/1,000,000  14.5/s  upd=11359  L=0.0466  D=1.606
[regir_nocount] 9:06:20  476,134/1,000,000  14.5/s  upd=11369  L=0.0259  D=1.606
[regir_nocount] 9:06:30  476,502/1,000,000  14.5/s  upd=11383  L=0.0332  D=1.606
[regir_nocount] 9:06:41  477,169/1,000,000  14.5/s  upd=11395  L=0.0429  D=1.606
[regir_nocount] 9:06:51  477,529/1,000,000  14.6/s  upd=11408  L=0.0428  D=1.606
[regir_nocount] 9:07:01  478,148/1,000,000  14.6/s  upd=11422  L=0.0289  D=1.606
[regir_nocount] 9:07:12  478,780/1,000,000  14.6/s  upd=11435  L=0.0284  D=1.606
[regir_nocount] 9:07:23  479,067/1,000,000  14.6/s  upd=11445  L=0.0508  D=1.606
[regir_nocount] 9:07:33  479,432/1,000,000  14.6/s  upd=11455  L=0.0399  D=1.606
[regir_nocount] 9:07:45  480,012/1,000,000  14.6/s  upd=11465  L=0.0356  D=1.606
[regir_nocount] saved resume t_env=480,012
[regir_nocount] 9:08:08  480,012/1,000,000  14.6/s  upd=11472  L=0.0325  ev=0/100  D=1.606
[regir_nocount] 9:08:18  480,012/1,000,000  14.6/s  upd=11472  L=0.0325  ev=40/100  D=1.606
[regir_nocount] 9:08:28  480,012/1,000,000  14.6/s  upd=11472  L=0.0325  ev=59/100  D=1.606
[regir_nocount] 9:08:38  480,012/1,000,000  14.6/s  upd=11472  L=0.0325  ev=80/100  D=1.606
[regir_nocount] 9:08:48  480,012/1,000,000  14.6/s  upd=11472  L=0.0325  ev=96/100  D=1.606
[regir_nocount] 9:10:47  480,012/1,000,000  14.5/s  upd=11472  L=0.0325  D=1.410
[regir_nocount] 9:13:14  480,012/1,000,000  14.5/s  upd=11472  L=0.0325  D=1.410
[regir_nocount] 9:13:24  480,307/1,000,000  14.5/s  upd=11477  L=0.0546  D=1.410
[regir_nocount] 9:13:36  480,623/1,000,000  14.5/s  upd=11484  L=0.0410  D=1.410
[regir_nocount] 9:13:46  480,915/1,000,000  14.5/s  upd=11491  L=0.0330  D=1.410
[regir_nocount] 9:13:56  480,915/1,000,000  14.5/s  upd=11496  L=0.0251  D=1.410
[regir_nocount] 9:14:06  481,231/1,000,000  14.5/s  upd=11504  L=0.0399  D=1.410
[regir_nocount] 9:14:16  481,841/1,000,000  14.5/s  upd=11514  L=0.0370  D=1.410
[regir_nocount] 9:14:27  482,165/1,000,000  14.5/s  upd=11523  L=0.0455  D=1.410
[regir_nocount] 9:14:37  482,472/1,000,000  14.5/s  upd=11533  L=0.0462  D=1.410
[regir_nocount] 9:14:48  482,787/1,000,000  14.5/s  upd=11543  L=0.0255  D=1.410
[regir_nocount] 9:14:59  483,392/1,000,000  14.5/s  upd=11553  L=0.0286  D=1.410
[regir_nocount] 9:15:10  483,659/1,000,000  14.5/s  upd=11564  L=0.0314  D=1.410
[regir_nocount] 9:15:20  483,992/1,000,000  14.5/s  upd=11576  L=0.0403  D=1.410
[regir_nocount] 9:15:32  484,670/1,000,000  14.5/s  upd=11585  L=0.0315  D=1.410
[regir_nocount] 9:15:43  484,973/1,000,000  14.5/s  upd=11596  L=0.0371  D=1.410
[regir_nocount] 9:15:53  485,258/1,000,000  14.5/s  upd=11604  L=0.0315  D=1.410
[regir_nocount] 9:16:04  485,601/1,000,000  14.6/s  upd=11610  L=0.0290  D=1.410
[regir_nocount] 9:16:14  485,911/1,000,000  14.6/s  upd=11618  L=0.0275  D=1.410
[regir_nocount] 9:16:25  486,223/1,000,000  14.6/s  upd=11625  L=0.0345  D=1.410
[regir_nocount] 9:16:35  486,479/1,000,000  14.6/s  upd=11635  L=0.0505  D=1.410
[regir_nocount] 9:16:45  486,830/1,000,000  14.6/s  upd=11647  L=0.0284  D=1.410
[regir_nocount] 9:16:55  487,118/1,000,000  14.6/s  upd=11653  L=0.0457  D=1.410
[regir_nocount] 9:17:07  487,422/1,000,000  14.6/s  upd=11659  L=0.0339  D=1.410
[regir_nocount] 9:17:17  487,789/1,000,000  14.6/s  upd=11666  L=0.0277  D=1.410
[regir_nocount] 9:17:27  488,112/1,000,000  14.6/s  upd=11674  L=0.0264  D=1.410
[regir_nocount] 9:17:39  488,417/1,000,000  14.6/s  upd=11682  L=0.0228  D=1.410
[regir_nocount] 9:17:49  488,417/1,000,000  14.6/s  upd=11688  L=0.0216  D=1.410
[regir_nocount] 9:18:00  488,687/1,000,000  14.6/s  upd=11696  L=0.0552  D=1.410
[regir_nocount] saved resume t_env=488,687
[regir_nocount] 9:18:11  489,001/1,000,000  14.6/s  upd=11701  L=0.0589  D=1.410
[regir_nocount] 9:20:13  489,001/1,000,000  14.5/s  upd=11704  L=0.0324  D=1.410
[regir_nocount] 9:20:23  489,437/1,000,000  14.6/s  upd=11712  L=0.0409  D=1.410
[regir_nocount] 9:20:33  489,750/1,000,000  14.6/s  upd=11718  L=0.0353  D=1.410
[regir_nocount] 9:20:44  490,036/1,000,000  14.6/s  upd=11725  L=0.0306  D=1.410
[regir_nocount] 9:20:54  490,377/1,000,000  14.6/s  upd=11732  L=0.0261  D=1.410
[regir_nocount] 9:21:05  490,691/1,000,000  14.6/s  upd=11742  L=0.0345  D=1.410
[regir_nocount] 9:21:16  490,983/1,000,000  14.6/s  upd=11749  L=0.0756  D=1.410
[regir_nocount] 9:21:26  491,269/1,000,000  14.6/s  upd=11758  L=0.0290  D=1.410
[regir_nocount] 9:21:36  491,592/1,000,000  14.6/s  upd=11768  L=0.0305  D=1.410
[regir_nocount] 9:21:46  492,259/1,000,000  14.6/s  upd=11777  L=0.0322  D=1.410
[regir_nocount] 9:21:57  492,587/1,000,000  14.6/s  upd=11787  L=0.0740  D=1.410
[regir_nocount] 9:22:08  492,914/1,000,000  14.6/s  upd=11798  L=0.0446  D=1.410
[regir_nocount] 9:22:18  493,249/1,000,000  14.6/s  upd=11808  L=0.0393  D=1.410
[regir_nocount] 9:22:29  493,825/1,000,000  14.6/s  upd=11817  L=0.0428  D=1.410
[regir_nocount] 9:22:39  494,083/1,000,000  14.6/s  upd=11826  L=0.0373  D=1.410
[regir_nocount] 9:22:50  494,381/1,000,000  14.6/s  upd=11835  L=0.0357  D=1.410
[regir_nocount] 9:23:00  494,657/1,000,000  14.6/s  upd=11843  L=0.0291  D=1.410
[regir_nocount] 9:23:11  494,963/1,000,000  14.6/s  upd=11849  L=0.0393  D=1.410
[regir_nocount] 9:23:21  494,963/1,000,000  14.6/s  upd=11856  L=0.0448  D=1.410
[regir_nocount] 9:23:31  495,262/1,000,000  14.6/s  upd=11864  L=0.0283  D=1.410
[regir_nocount] 9:23:41  495,615/1,000,000  14.7/s  upd=11872  L=0.0390  D=1.410
[regir_nocount] 9:23:51  495,939/1,000,000  14.7/s  upd=11880  L=0.0338  D=1.410
[regir_nocount] 9:24:03  496,193/1,000,000  14.7/s  upd=11887  L=0.0506  D=1.410
[regir_nocount] 9:24:13  496,513/1,000,000  14.7/s  upd=11892  L=0.0298  D=1.410
[regir_nocount] 9:24:24  496,803/1,000,000  14.7/s  upd=11900  L=0.0500  D=1.410
[regir_nocount] 9:24:34  497,104/1,000,000  14.7/s  upd=11912  L=0.0328  D=1.410
[regir_nocount] 9:24:44  497,401/1,000,000  14.7/s  upd=11920  L=0.0433  D=1.410
[regir_nocount] 9:24:54  497,718/1,000,000  14.7/s  upd=11928  L=0.0362  D=1.410
[regir_nocount] 9:25:05  498,054/1,000,000  14.7/s  upd=11935  L=0.0270  D=1.410
[regir_nocount] 9:25:16  498,363/1,000,000  14.7/s  upd=11942  L=0.0336  D=1.410
[regir_nocount] 9:26:39  498,363/1,000,000  14.7/s  upd=11944  L=0.0459  D=1.410
[regir_nocount] 9:26:49  498,664/1,000,000  14.7/s  upd=11950  L=0.0335  D=1.410
[regir_nocount] 9:26:59  499,051/1,000,000  14.7/s  upd=11959  L=0.0448  D=1.410
[regir_nocount] 9:27:10  499,324/1,000,000  14.7/s  upd=11968  L=0.0428  D=1.410
[regir_nocount] 9:27:22  499,621/1,000,000  14.7/s  upd=11975  L=0.0362  D=1.410
[regir_nocount] 9:27:32  499,892/1,000,000  14.7/s  upd=11984  L=0.0286  D=1.410
[regir_nocount] 9:27:42  500,193/1,000,000  14.7/s  upd=11992  L=0.0485  D=1.410
[regir_nocount] saved resume t_env=500,193
[regir_nocount] 9:28:00  500,193/1,000,000  14.7/s  upd=11992  L=0.0485  ev=0/100  D=1.410
[regir_nocount] 9:28:10  500,193/1,000,000  14.7/s  upd=11992  L=0.0485  ev=56/100  D=1.410
[regir_nocount] 9:31:06  500,193/1,000,000  14.6/s  upd=11992  L=0.0485  D=1.021
[regir_nocount] 9:31:16  500,803/1,000,000  14.6/s  upd=12006  L=0.0382  D=1.021
[regir_nocount] 9:31:26  501,405/1,000,000  14.6/s  upd=12020  L=0.0397  D=1.021
[regir_nocount] 9:31:37  502,075/1,000,000  14.6/s  upd=12034  L=0.0393  D=1.021
[regir_nocount] 9:36:27  502,075/1,000,000  14.5/s  upd=12040  L=0.0315  D=1.021
[regir_nocount] 9:36:39  502,464/1,000,000  14.5/s  upd=12046  L=0.0348  D=1.021
[regir_nocount] 9:36:50  502,783/1,000,000  14.5/s  upd=12051  L=0.0351  D=1.021
[regir_nocount] 9:37:01  503,113/1,000,000  14.5/s  upd=12058  L=0.0375  D=1.021
[regir_nocount] 9:37:11  503,113/1,000,000  14.5/s  upd=12064  L=0.0322  D=1.021
[regir_nocount] 9:37:23  503,416/1,000,000  14.5/s  upd=12071  L=0.0342  D=1.021
[regir_nocount] 9:37:33  503,738/1,000,000  14.5/s  upd=12076  L=0.0314  D=1.021
[regir_nocount] 9:37:43  504,071/1,000,000  14.5/s  upd=12082  L=0.0350  D=1.021
[regir_nocount] saved resume t_env=504,071
[regir_nocount] 9:37:53  504,071/1,000,000  14.5/s  upd=12088  L=0.0331  D=1.021
[regir_nocount] 9:38:04  504,380/1,000,000  14.5/s  upd=12096  L=0.0313  D=1.021
[regir_nocount] 9:38:14  504,668/1,000,000  14.5/s  upd=12104  L=0.0369  D=1.021
[regir_nocount] 9:38:25  505,052/1,000,000  14.6/s  upd=12111  L=0.0340  D=1.021
[regir_nocount] 9:38:36  505,383/1,000,000  14.6/s  upd=12118  L=0.0488  D=1.021
[regir_nocount] 9:38:48  505,757/1,000,000  14.6/s  upd=12128  L=0.0301  D=1.021
[regir_nocount] 9:38:58  506,051/1,000,000  14.6/s  upd=12136  L=0.0572  D=1.021
[regir_nocount] 9:39:08  506,401/1,000,000  14.6/s  upd=12141  L=0.0368  D=1.021
[regir_nocount] 9:39:18  506,981/1,000,000  14.6/s  upd=12155  L=0.0302  D=1.021
[regir_nocount] 9:39:28  507,308/1,000,000  14.6/s  upd=12168  L=0.0461  D=1.021
[regir_nocount] 9:39:38  507,919/1,000,000  14.6/s  upd=12177  L=0.0513  D=1.021
[regir_nocount] 9:39:49  508,212/1,000,000  14.6/s  upd=12188  L=0.0340  D=1.021
[regir_nocount] 9:40:00  508,526/1,000,000  14.6/s  upd=12199  L=0.0513  D=1.021
[regir_nocount] 9:40:11  508,864/1,000,000  14.6/s  upd=12203  L=0.0404  D=1.021
[regir_nocount] 9:40:22  509,216/1,000,000  14.6/s  upd=12212  L=0.0430  D=1.021
[regir_nocount] 9:40:32  509,519/1,000,000  14.6/s  upd=12219  L=0.0301  D=1.021
[regir_nocount] 9:40:43  509,847/1,000,000  14.6/s  upd=12226  L=0.0436  D=1.021
[regir_nocount] 9:40:54  510,123/1,000,000  14.6/s  upd=12235  L=0.0321  D=1.021
[regir_nocount] 9:41:04  510,123/1,000,000  14.6/s  upd=12240  L=0.0327  D=1.021
[regir_nocount] 9:41:14  510,409/1,000,000  14.6/s  upd=12248  L=0.0601  D=1.021
[regir_nocount] 9:41:25  510,685/1,000,000  14.6/s  upd=12254  L=0.0262  D=1.021
[regir_nocount] 9:42:55  510,685/1,000,000  14.6/s  upd=12256  L=0.0437  D=1.021
[regir_nocount] 9:43:05  510,981/1,000,000  14.6/s  upd=12261  L=0.0359  D=1.021
[regir_nocount] 9:43:15  510,981/1,000,000  14.6/s  upd=12264  L=0.0332  D=1.021
[regir_nocount] 9:43:26  511,299/1,000,000  14.6/s  upd=12272  L=0.0336  D=1.021
[regir_nocount] 9:43:36  511,629/1,000,000  14.6/s  upd=12275  L=0.0384  D=1.021
[regir_nocount] 9:43:46  511,629/1,000,000  14.6/s  upd=12280  L=0.0502  D=1.021
[regir_nocount] 9:43:56  511,948/1,000,000  14.6/s  upd=12285  L=0.0422  D=1.021
[regir_nocount] 9:44:06  512,266/1,000,000  14.6/s  upd=12289  L=0.0364  D=1.021
[regir_nocount] 9:44:16  512,266/1,000,000  14.6/s  upd=12296  L=0.0492  D=1.021
[regir_nocount] 9:44:26  512,568/1,000,000  14.6/s  upd=12304  L=0.0303  D=1.021
[regir_nocount] 9:44:37  512,882/1,000,000  14.6/s  upd=12312  L=0.0403  D=1.021
[regir_nocount] 9:44:47  513,232/1,000,000  14.6/s  upd=12320  L=0.0397  D=1.021
[regir_nocount] 9:44:57  513,940/1,000,000  14.6/s  upd=12329  L=0.0258  D=1.021
[regir_nocount] 9:45:08  514,263/1,000,000  14.6/s  upd=12339  L=0.0330  D=1.021
[regir_nocount] 9:45:18  514,573/1,000,000  14.7/s  upd=12348  L=0.0412  D=1.021
[regir_nocount] 9:45:28  514,910/1,000,000  14.7/s  upd=12359  L=0.0439  D=1.021
[regir_nocount] 9:45:39  515,226/1,000,000  14.7/s  upd=12367  L=0.0305  D=1.021
[regir_nocount] 9:45:50  515,549/1,000,000  14.7/s  upd=12374  L=0.0355  D=1.021
[regir_nocount] 9:46:00  515,859/1,000,000  14.7/s  upd=12381  L=0.0350  D=1.021
[regir_nocount] 9:46:10  516,162/1,000,000  14.7/s  upd=12389  L=0.0411  D=1.021
[regir_nocount] 9:46:21  516,479/1,000,000  14.7/s  upd=12397  L=0.0458  D=1.021
[regir_nocount] 9:46:31  516,814/1,000,000  14.7/s  upd=12406  L=0.0400  D=1.021
[regir_nocount] 9:46:41  517,159/1,000,000  14.7/s  upd=12410  L=0.0318  D=1.021
[regir_nocount] 9:46:53  517,442/1,000,000  14.7/s  upd=12418  L=0.0392  D=1.021
[regir_nocount] 9:47:03  517,442/1,000,000  14.7/s  upd=12424  L=0.0316  D=1.021
[regir_nocount] 9:47:14  517,769/1,000,000  14.7/s  upd=12429  L=0.0455  D=1.021
[regir_nocount] 9:47:25  518,077/1,000,000  14.7/s  upd=12434  L=0.0322  D=1.021
[regir_nocount] 9:47:35  518,077/1,000,000  14.7/s  upd=12440  L=0.0403  D=1.021
[regir_nocount] 9:47:45  518,359/1,000,000  14.7/s  upd=12444  L=0.0277  D=1.021
[regir_nocount] saved resume t_env=518,359
[regir_nocount] 9:49:29  518,359/1,000,000  14.7/s  upd=12448  L=0.0257  D=1.021
[regir_nocount] 9:49:39  518,640/1,000,000  14.7/s  upd=12456  L=0.0461  D=1.021
[regir_nocount] 9:49:50  518,962/1,000,000  14.7/s  upd=12464  L=0.0424  D=1.021
[regir_nocount] 9:50:00  519,267/1,000,000  14.7/s  upd=12471  L=0.0274  D=1.021
[regir_nocount] 9:50:11  519,562/1,000,000  14.7/s  upd=12477  L=0.0379  D=1.021
[regir_nocount] 9:50:21  519,897/1,000,000  14.7/s  upd=12488  L=0.0271  D=1.021
[regir_nocount] saved resume t_env=520,272
[regir_nocount] 9:50:49  520,272/1,000,000  14.7/s  upd=12496  L=0.0272  ev=0/100  D=1.021
[regir_nocount] 9:50:59  520,272/1,000,000  14.7/s  upd=12496  L=0.0272  ev=47/100  D=1.021
[regir_nocount] 9:51:09  520,272/1,000,000  14.7/s  upd=12496  L=0.0272  ev=94/100  D=1.021
[regir_nocount] 9:53:59  520,272/1,000,000  14.6/s  upd=12496  L=0.0272  D=1.152
[regir_nocount] 9:54:10  520,630/1,000,000  14.6/s  upd=12501  L=0.0371  D=1.152
[regir_nocount] 9:54:21  520,919/1,000,000  14.6/s  upd=12510  L=0.0623  D=1.152
[regir_nocount] 9:54:31  521,212/1,000,000  14.6/s  upd=12517  L=0.0310  D=1.152
[regir_nocount] 9:56:28  521,212/1,000,000  14.6/s  upd=12520  L=0.0387  D=1.152
[regir_nocount] 9:56:38  521,513/1,000,000  14.6/s  upd=12528  L=0.0468  D=1.152
[regir_nocount] 9:56:49  521,897/1,000,000  14.6/s  upd=12534  L=0.0466  D=1.152
[regir_nocount] 9:56:59  522,203/1,000,000  14.6/s  upd=12540  L=0.0316  D=1.152
[regir_nocount] 9:57:10  522,517/1,000,000  14.6/s  upd=12547  L=0.0306  D=1.152
[regir_nocount] 9:57:20  522,864/1,000,000  14.6/s  upd=12553  L=0.0243  D=1.152
[regir_nocount] 9:57:30  522,864/1,000,000  14.6/s  upd=12560  L=0.0395  D=1.152
[regir_nocount] 9:57:41  523,450/1,000,000  14.6/s  upd=12570  L=0.0332  D=1.152
[regir_nocount] 9:57:52  523,783/1,000,000  14.6/s  upd=12580  L=0.0458  D=1.152
[regir_nocount] 9:58:02  524,121/1,000,000  14.6/s  upd=12588  L=0.0524  D=1.152
[regir_nocount] 9:58:13  524,389/1,000,000  14.6/s  upd=12597  L=0.0319  D=1.152
[regir_nocount] 9:58:23  524,696/1,000,000  14.6/s  upd=12608  L=0.0293  D=1.152
[regir_nocount] 9:58:34  525,272/1,000,000  14.6/s  upd=12617  L=0.0338  D=1.152
[regir_nocount] 9:58:44  525,579/1,000,000  14.6/s  upd=12627  L=0.0450  D=1.152
[regir_nocount] 9:58:55  525,854/1,000,000  14.6/s  upd=12637  L=0.0522  D=1.152
[regir_nocount] 9:59:06  526,180/1,000,000  14.6/s  upd=12645  L=0.0288  D=1.152
[regir_nocount] 9:59:16  526,527/1,000,000  14.6/s  upd=12654  L=0.0360  D=1.152
[regir_nocount] 9:59:27  526,842/1,000,000  14.6/s  upd=12664  L=0.0431  D=1.152
[regir_nocount] 9:59:38  527,413/1,000,000  14.7/s  upd=12673  L=0.0439  D=1.152
[regir_nocount] 9:59:48  527,704/1,000,000  14.7/s  upd=12685  L=0.0453  D=1.152
[regir_nocount] 9:59:58  528,054/1,000,000  14.7/s  upd=12694  L=0.0377  D=1.152
[regir_nocount] 10:00:08  528,326/1,000,000  14.7/s  upd=12698  L=0.0326  D=1.152
[regir_nocount] 10:00:19  528,627/1,000,000  14.7/s  upd=12706  L=0.0296  D=1.152
[regir_nocount] 10:00:29  528,627/1,000,000  14.7/s  upd=12712  L=0.0519  D=1.152
[regir_nocount] 10:00:40  528,936/1,000,000  14.7/s  upd=12720  L=0.0308  D=1.152
[regir_nocount] saved resume t_env=528,936
[regir_nocount] 10:00:50  529,203/1,000,000  14.7/s  upd=12723  L=0.0290  D=1.152
[regir_nocount] 10:01:01  529,485/1,000,000  14.7/s  upd=12732  L=0.0347  D=1.152
[regir_nocount] 10:01:11  529,485/1,000,000  14.7/s  upd=12736  L=0.0322  D=1.152
[regir_nocount] 10:01:22  529,780/1,000,000  14.7/s  upd=12743  L=0.0259  D=1.152
[regir_nocount] 10:01:34  530,059/1,000,000  14.7/s  upd=12750  L=0.0280  D=1.152
[regir_nocount] 10:03:27  530,059/1,000,000  14.6/s  upd=12752  L=0.0364  D=1.152
[regir_nocount] 10:03:37  530,346/1,000,000  14.6/s  upd=12760  L=0.0282  D=1.152
[regir_nocount] 10:03:47  530,621/1,000,000  14.6/s  upd=12767  L=0.0232  D=1.152
[regir_nocount] 10:03:58  530,972/1,000,000  14.7/s  upd=12772  L=0.0295  D=1.152
[regir_nocount] 10:04:08  530,972/1,000,000  14.6/s  upd=12776  L=0.0385  D=1.152
[regir_nocount] 10:04:19  531,259/1,000,000  14.7/s  upd=12784  L=0.0355  D=1.152
[regir_nocount] 10:04:29  531,573/1,000,000  14.7/s  upd=12784  L=0.0355  D=1.152
[regir_nocount] 10:04:39  531,866/1,000,000  14.7/s  upd=12794  L=0.0484  D=1.152
[regir_nocount] 10:04:51  532,166/1,000,000  14.7/s  upd=12802  L=0.0390  D=1.152
[regir_nocount] 10:05:01  532,166/1,000,000  14.7/s  upd=12808  L=0.0368  D=1.152
[regir_nocount] 10:05:11  532,722/1,000,000  14.7/s  upd=12817  L=0.0399  D=1.152
[regir_nocount] 10:05:21  533,025/1,000,000  14.7/s  upd=12826  L=0.0410  D=1.152
[regir_nocount] 10:05:32  533,300/1,000,000  14.7/s  upd=12839  L=0.0280  D=1.152
[regir_nocount] 10:05:42  533,576/1,000,000  14.7/s  upd=12846  L=0.0313  D=1.152
[regir_nocount] 10:05:54  533,852/1,000,000  14.7/s  upd=12854  L=0.0410  D=1.152
[regir_nocount] 10:06:04  534,152/1,000,000  14.7/s  upd=12861  L=0.0241  D=1.152
[regir_nocount] 10:06:15  534,462/1,000,000  14.7/s  upd=12870  L=0.0487  D=1.152
[regir_nocount] 10:06:25  534,714/1,000,000  14.7/s  upd=12877  L=0.0259  D=1.152
[regir_nocount] 10:06:35  535,066/1,000,000  14.7/s  upd=12884  L=0.0363  D=1.152
[regir_nocount] 10:06:45  535,066/1,000,000  14.7/s  upd=12888  L=0.0278  D=1.152
[regir_nocount] 10:06:55  535,381/1,000,000  14.7/s  upd=12895  L=0.0321  D=1.152
[regir_nocount] 10:07:05  535,690/1,000,000  14.7/s  upd=12903  L=0.0199  D=1.152
[regir_nocount] 10:07:15  535,972/1,000,000  14.7/s  upd=12910  L=0.0547  D=1.152
[regir_nocount] 10:07:27  536,280/1,000,000  14.7/s  upd=12917  L=0.0397  D=1.152
[regir_nocount] 10:07:37  536,578/1,000,000  14.7/s  upd=12922  L=0.0367  D=1.152
[regir_nocount] 10:07:47  536,578/1,000,000  14.7/s  upd=12928  L=0.0404  D=1.152
[regir_nocount] 10:07:58  536,910/1,000,000  14.7/s  upd=12935  L=0.0344  D=1.152
[regir_nocount] 10:08:09  537,176/1,000,000  14.7/s  upd=12941  L=0.0236  D=1.152
[regir_nocount] 10:08:21  537,477/1,000,000  14.7/s  upd=12949  L=0.0289  D=1.152
[regir_nocount] 10:08:31  537,855/1,000,000  14.7/s  upd=12957  L=0.0291  D=1.152
[regir_nocount] 10:09:31  537,855/1,000,000  14.7/s  upd=12960  L=0.0377  D=1.152
[regir_nocount] 10:09:41  538,151/1,000,000  14.7/s  upd=12967  L=0.0438  D=1.152
[regir_nocount] 10:09:52  538,450/1,000,000  14.7/s  upd=12975  L=0.0338  D=1.152
[regir_nocount] 10:10:02  538,719/1,000,000  14.7/s  upd=12984  L=0.0296  D=1.152
[regir_nocount] 10:10:12  538,988/1,000,000  14.7/s  upd=12989  L=0.0277  D=1.152
[regir_nocount] 10:10:22  539,312/1,000,000  14.7/s  upd=12993  L=0.0293  D=1.152
[regir_nocount] 10:10:33  539,312/1,000,000  14.7/s  upd=13000  L=0.0296  D=1.152
[regir_nocount] 10:10:44  539,604/1,000,000  14.7/s  upd=13004  L=0.0285  D=1.152
[regir_nocount] saved resume t_env=539,604
[regir_nocount] 10:10:54  539,604/1,000,000  14.7/s  upd=13008  L=0.0643  D=1.152
[regir_nocount] 10:11:04  539,924/1,000,000  14.7/s  upd=13015  L=0.0378  D=1.152
[regir_nocount] 10:11:15  540,253/1,000,000  14.7/s  upd=13022  L=0.0299  D=1.152
[regir_nocount] saved resume t_env=540,253
[regir_nocount] 10:11:34  540,253/1,000,000  14.7/s  upd=13024  L=0.0324  ev=0/100  D=1.152
[regir_nocount] 10:11:44  540,253/1,000,000  14.7/s  upd=13024  L=0.0324  ev=24/100  D=1.152
[regir_nocount] 10:11:54  540,253/1,000,000  14.7/s  upd=13024  L=0.0324  ev=56/100  D=1.152
[regir_nocount] 10:12:04  540,253/1,000,000  14.7/s  upd=13024  L=0.0324  ev=80/100  D=1.152
[regir_nocount] 10:12:15  540,253/1,000,000  14.7/s  upd=13024  L=0.0324  ev=90/100  D=1.152
[regir_nocount] 10:13:33  540,253/1,000,000  14.7/s  upd=13024  L=0.0324  D=0.954
[regir_nocount] 10:13:43  540,546/1,000,000  14.7/s  upd=13029  L=0.0498  D=0.954
[regir_nocount] 10:13:55  540,831/1,000,000  14.7/s  upd=13033  L=0.0327  D=0.954
[regir_nocount] 10:14:05  540,831/1,000,000  14.7/s  upd=13040  L=0.0273  D=0.954
[regir_nocount] 10:14:16  541,103/1,000,000  14.7/s  upd=13044  L=0.0416  D=0.954
[regir_nocount] 10:14:26  541,103/1,000,000  14.7/s  upd=13048  L=0.0473  D=0.954
[regir_nocount] 10:14:36  541,447/1,000,000  14.7/s  upd=13054  L=0.0505  D=0.954
[regir_nocount] 10:15:32  541,447/1,000,000  14.7/s  upd=13056  L=0.0330  D=0.954
[regir_nocount] 10:15:42  542,008/1,000,000  14.7/s  upd=13066  L=0.0586  D=0.954
[regir_nocount] 10:15:53  542,294/1,000,000  14.7/s  upd=13079  L=0.0592  D=0.954
[regir_nocount] 10:16:03  542,894/1,000,000  14.7/s  upd=13091  L=0.0368  D=0.954
[regir_nocount] 10:16:14  543,194/1,000,000  14.7/s  upd=13101  L=0.0257  D=0.954
[regir_nocount] 10:16:24  543,460/1,000,000  14.7/s  upd=13109  L=0.0404  D=0.954
[regir_nocount] 10:16:35  543,765/1,000,000  14.7/s  upd=13119  L=0.0367  D=0.954
[regir_nocount] 10:16:45  544,426/1,000,000  14.7/s  upd=13129  L=0.0206  D=0.954
[regir_nocount] 10:16:56  544,702/1,000,000  14.7/s  upd=13139  L=0.0380  D=0.954
[regir_nocount] 10:17:06  544,983/1,000,000  14.7/s  upd=13148  L=0.0310  D=0.954
[regir_nocount] 10:17:16  545,348/1,000,000  14.7/s  upd=13157  L=0.0285  D=0.954
[regir_nocount] 10:17:26  545,643/1,000,000  14.7/s  upd=13168  L=0.0365  D=0.954
[regir_nocount] 10:17:37  546,232/1,000,000  14.7/s  upd=13179  L=0.0521  D=0.954
[regir_nocount] 10:17:47  546,491/1,000,000  14.7/s  upd=13188  L=0.0293  D=0.954
[regir_nocount] 10:17:57  546,767/1,000,000  14.7/s  upd=13198  L=0.0257  D=0.954
[regir_nocount] 10:18:07  547,104/1,000,000  14.8/s  upd=13208  L=0.0388  D=0.954
[regir_nocount] 10:18:17  547,375/1,000,000  14.8/s  upd=13216  L=0.0254  D=0.954
[regir_nocount] 10:18:27  547,720/1,000,000  14.8/s  upd=13224  L=0.0326  D=0.954
[regir_nocount] 10:18:38  548,380/1,000,000  14.8/s  upd=13233  L=0.0387  D=0.954
[regir_nocount] 10:18:49  548,380/1,000,000  14.8/s  upd=13239  L=0.0244  D=0.954
[regir_nocount] 10:19:00  548,727/1,000,000  14.8/s  upd=13244  L=0.0352  D=0.954
[regir_nocount] 10:19:10  548,727/1,000,000  14.8/s  upd=13248  L=0.0280  D=0.954
[regir_nocount] 10:19:20  549,056/1,000,000  14.8/s  upd=13254  L=0.0237  D=0.954
[regir_nocount] 10:19:32  549,384/1,000,000  14.8/s  upd=13259  L=0.0387  D=0.954
[regir_nocount] 10:19:43  549,686/1,000,000  14.8/s  upd=13267  L=0.0240  D=0.954
[regir_nocount] 10:19:53  549,686/1,000,000  14.8/s  upd=13272  L=0.0305  D=0.954
[regir_nocount] 10:20:04  550,032/1,000,000  14.8/s  upd=13278  L=0.0296  D=0.954
[regir_nocount] 10:20:15  550,307/1,000,000  14.8/s  upd=13281  L=0.0580  D=0.954
[regir_nocount] 10:20:25  550,307/1,000,000  14.8/s  upd=13288  L=0.0329  D=0.954
[regir_nocount] 10:20:35  550,589/1,000,000  14.8/s  upd=13294  L=0.0365  D=0.954
[regir_nocount] 10:22:30  550,589/1,000,000  14.7/s  upd=13296  L=0.0529  D=0.954
[regir_nocount] 10:22:40  550,876/1,000,000  14.7/s  upd=13303  L=0.0386  D=0.954
[regir_nocount] saved resume t_env=550,876
[regir_nocount] 10:22:50  551,221/1,000,000  14.8/s  upd=13307  L=0.0455  D=0.954
[regir_nocount] 10:23:01  551,517/1,000,000  14.8/s  upd=13314  L=0.0347  D=0.954
[regir_nocount] 10:23:11  551,517/1,000,000  14.7/s  upd=13320  L=0.0317  D=0.954
[regir_nocount] 10:23:22  551,828/1,000,000  14.8/s  upd=13328  L=0.0292  D=0.954
[regir_nocount] 10:23:32  552,103/1,000,000  14.8/s  upd=13336  L=0.0593  D=0.954
[regir_nocount] 10:23:42  552,354/1,000,000  14.8/s  upd=13340  L=0.0437  D=0.954
[regir_nocount] 10:23:53  552,634/1,000,000  14.8/s  upd=13349  L=0.0296  D=0.954
[regir_nocount] 10:24:04  552,874/1,000,000  14.8/s  upd=13357  L=0.0357  D=0.954
[regir_nocount] 10:24:15  553,197/1,000,000  14.8/s  upd=13365  L=0.0314  D=0.954
[regir_nocount] 10:24:25  553,472/1,000,000  14.8/s  upd=13374  L=0.0446  D=0.954
[regir_nocount] 10:24:35  553,723/1,000,000  14.8/s  upd=13384  L=0.0318  D=0.954
[regir_nocount] 10:24:46  554,329/1,000,000  14.8/s  upd=13393  L=0.0355  D=0.954
[regir_nocount] 10:24:56  554,651/1,000,000  14.8/s  upd=13405  L=0.0218  D=0.954
[regir_nocount] 10:25:07  554,916/1,000,000  14.8/s  upd=13415  L=0.0487  D=0.954
[regir_nocount] 10:25:17  555,209/1,000,000  14.8/s  upd=13424  L=0.0290  D=0.954
[regir_nocount] 10:25:27  555,457/1,000,000  14.8/s  upd=13432  L=0.0258  D=0.954
[regir_nocount] 10:25:38  555,747/1,000,000  14.8/s  upd=13440  L=0.0318  D=0.954
[regir_nocount] 10:25:48  555,997/1,000,000  14.8/s  upd=13447  L=0.0318  D=0.954
[regir_nocount] 10:25:58  556,256/1,000,000  14.8/s  upd=13455  L=0.0283  D=0.954
[regir_nocount] 10:26:09  556,524/1,000,000  14.8/s  upd=13463  L=0.0264  D=0.954
[regir_nocount] 10:26:19  556,748/1,000,000  14.8/s  upd=13471  L=0.0312  D=0.954
[regir_nocount] 10:26:29  557,058/1,000,000  14.8/s  upd=13476  L=0.0297  D=0.954
[regir_nocount] 10:26:41  557,396/1,000,000  14.8/s  upd=13481  L=0.0309  D=0.954
[regir_nocount] 10:26:51  557,396/1,000,000  14.8/s  upd=13488  L=0.0312  D=0.954
[regir_nocount] 10:27:01  557,667/1,000,000  14.8/s  upd=13496  L=0.0295  D=0.954
[regir_nocount] 10:27:11  558,010/1,000,000  14.8/s  upd=13504  L=0.0382  D=0.954
[regir_nocount] 10:27:21  558,370/1,000,000  14.8/s  upd=13511  L=0.0370  D=0.954
[regir_nocount] 10:27:33  558,643/1,000,000  14.8/s  upd=13519  L=0.0354  D=0.954
[regir_nocount] 10:29:04  558,643/1,000,000  14.8/s  upd=13520  L=0.0377  D=0.954
[regir_nocount] 10:29:16  558,935/1,000,000  14.8/s  upd=13528  L=0.0380  D=0.954
[regir_nocount] 10:29:28  559,283/1,000,000  14.8/s  upd=13533  L=0.0340  D=0.954
[regir_nocount] 10:29:39  559,599/1,000,000  14.8/s  upd=13542  L=0.0393  D=0.954
[regir_nocount] 10:29:49  559,891/1,000,000  14.8/s  upd=13545  L=0.0256  D=0.954
[regir_nocount] 10:29:59  559,891/1,000,000  14.8/s  upd=13552  L=0.0363  D=0.954
[regir_nocount] 10:30:10  560,193/1,000,000  14.8/s  upd=13560  L=0.0265  D=0.954
[regir_nocount] saved resume t_env=560,193
[regir_nocount] 10:30:28  560,193/1,000,000  14.8/s  upd=13560  L=0.0265  ev=0/100  D=0.954
[regir_nocount] 10:30:38  560,193/1,000,000  14.8/s  upd=13560  L=0.0265  ev=15/100  D=0.954
[regir_nocount] 10:30:48  560,193/1,000,000  14.8/s  upd=13560  L=0.0265  ev=40/100  D=0.954
[regir_nocount] 10:30:58  560,193/1,000,000  14.8/s  upd=13560  L=0.0265  ev=96/100  D=0.954
[regir_nocount] 10:32:10  560,193/1,000,000  14.8/s  upd=13560  L=0.0265  D=0.727
[regir_nocount] 10:32:21  560,450/1,000,000  14.8/s  upd=13568  L=0.0250  D=0.727
[regir_nocount] 10:32:31  560,783/1,000,000  14.8/s  upd=13575  L=0.0297  D=0.727
[regir_nocount] 10:32:43  561,049/1,000,000  14.8/s  upd=13584  L=0.0299  D=0.727
[regir_nocount] 10:32:53  561,334/1,000,000  14.8/s  upd=13590  L=0.0274  D=0.727
[regir_nocount] 10:33:04  561,657/1,000,000  14.8/s  upd=13595  L=0.0307  D=0.727
[regir_nocount] 10:33:14  561,960/1,000,000  14.8/s  upd=13602  L=0.0318  D=0.727
[regir_nocount] 10:33:24  561,960/1,000,000  14.8/s  upd=13608  L=0.0286  D=0.727
[regir_nocount] 10:33:35  562,279/1,000,000  14.8/s  upd=13616  L=0.0294  D=0.727
[regir_nocount] 10:33:45  562,600/1,000,000  14.8/s  upd=13622  L=0.0302  D=0.727
[regir_nocount] 10:33:56  562,922/1,000,000  14.8/s  upd=13629  L=0.0313  D=0.727
[regir_nocount] 10:34:06  563,266/1,000,000  14.8/s  upd=13638  L=0.0282  D=0.727
[regir_nocount] 10:35:12  563,266/1,000,000  14.8/s  upd=13640  L=0.0232  D=0.727
[regir_nocount] 10:35:22  563,850/1,000,000  14.8/s  upd=13650  L=0.0313  D=0.727
[regir_nocount] 10:35:32  564,162/1,000,000  14.8/s  upd=13662  L=0.0281  D=0.727
[regir_nocount] 10:35:43  564,672/1,000,000  14.8/s  upd=13673  L=0.0386  D=0.727
[regir_nocount] 10:35:55  564,941/1,000,000  14.8/s  upd=13682  L=0.0294  D=0.727
[regir_nocount] 10:36:05  565,307/1,000,000  14.8/s  upd=13691  L=0.0291  D=0.727
[regir_nocount] 10:36:16  565,597/1,000,000  14.8/s  upd=13698  L=0.0307  D=0.727
[regir_nocount] 10:36:27  565,862/1,000,000  14.8/s  upd=13705  L=0.0337  D=0.727
[regir_nocount] 10:36:39  566,145/1,000,000  14.8/s  upd=13715  L=0.0248  D=0.727
[regir_nocount] 10:36:49  566,448/1,000,000  14.8/s  upd=13723  L=0.0229  D=0.727
[regir_nocount] 10:36:59  566,747/1,000,000  14.8/s  upd=13729  L=0.0338  D=0.727
[regir_nocount] 10:37:09  566,747/1,000,000  14.8/s  upd=13736  L=0.0292  D=0.727
[regir_nocount] 10:37:19  567,047/1,000,000  14.8/s  upd=13744  L=0.0388  D=0.727
[regir_nocount] 10:37:30  567,392/1,000,000  14.8/s  upd=13749  L=0.0251  D=0.727
[regir_nocount] 10:37:40  567,714/1,000,000  14.8/s  upd=13755  L=0.0368  D=0.727
[regir_nocount] 10:37:51  567,982/1,000,000  14.8/s  upd=13765  L=0.0236  D=0.727
[regir_nocount] 10:38:01  568,288/1,000,000  14.8/s  upd=13769  L=0.0273  D=0.727
[regir_nocount] 10:38:11  568,288/1,000,000  14.8/s  upd=13776  L=0.0367  D=0.727
[regir_nocount] 10:38:22  568,642/1,000,000  14.8/s  upd=13784  L=0.0272  D=0.727
[regir_nocount] 10:38:32  568,935/1,000,000  14.8/s  upd=13791  L=0.0322  D=0.727
[regir_nocount] 10:38:43  569,264/1,000,000  14.9/s  upd=13798  L=0.0261  D=0.727
[regir_nocount] 10:38:54  569,539/1,000,000  14.9/s  upd=13801  L=0.0206  D=0.727
[regir_nocount] 10:39:04  569,539/1,000,000  14.9/s  upd=13808  L=0.0229  D=0.727
[regir_nocount] 10:39:15  569,801/1,000,000  14.9/s  upd=13814  L=0.0313  D=0.727
[regir_nocount] 10:39:26  570,117/1,000,000  14.9/s  upd=13818  L=0.0246  D=0.727
[regir_nocount] 10:39:36  570,117/1,000,000  14.9/s  upd=13824  L=0.0394  D=0.727
[regir_nocount] 10:39:46  570,428/1,000,000  14.9/s  upd=13831  L=0.0365  D=0.727
[regir_nocount] 10:39:57  570,726/1,000,000  14.9/s  upd=13838  L=0.0302  D=0.727
[regir_nocount] 10:40:08  571,019/1,000,000  14.9/s  upd=13844  L=0.0316  D=0.727
[regir_nocount] 10:42:13  571,019/1,000,000  14.8/s  upd=13848  L=0.0385  D=0.727
[regir_nocount] 10:42:23  571,342/1,000,000  14.8/s  upd=13856  L=0.0488  D=0.727
[regir_nocount] saved resume t_env=571,342
[regir_nocount] 10:42:34  571,667/1,000,000  14.8/s  upd=13861  L=0.0346  D=0.727
[regir_nocount] 10:42:44  571,932/1,000,000  14.8/s  upd=13871  L=0.0379  D=0.727
[regir_nocount] 10:42:55  572,217/1,000,000  14.8/s  upd=13875  L=0.0281  D=0.727
[regir_nocount] 10:43:05  572,482/1,000,000  14.8/s  upd=13882  L=0.0380  D=0.727
[regir_nocount] 10:43:15  572,482/1,000,000  14.8/s  upd=13888  L=0.0367  D=0.727
[regir_nocount] 10:43:26  572,801/1,000,000  14.8/s  upd=13893  L=0.0308  D=0.727
[regir_nocount] 10:43:37  573,090/1,000,000  14.8/s  upd=13898  L=0.0355  D=0.727
[regir_nocount] 10:43:47  573,090/1,000,000  14.8/s  upd=13904  L=0.0249  D=0.727
[regir_nocount] 10:43:57  573,374/1,000,000  14.8/s  upd=13910  L=0.0267  D=0.727
[regir_nocount] 10:44:07  573,685/1,000,000  14.8/s  upd=13918  L=0.0296  D=0.727
[regir_nocount] 10:44:18  573,940/1,000,000  14.8/s  upd=13925  L=0.0389  D=0.727
[regir_nocount] 10:44:28  574,202/1,000,000  14.8/s  upd=13932  L=0.0177  D=0.727
[regir_nocount] 10:44:39  574,478/1,000,000  14.9/s  upd=13938  L=0.0305  D=0.727
[regir_nocount] 10:44:50  574,723/1,000,000  14.9/s  upd=13947  L=0.0393  D=0.727
[regir_nocount] 10:45:00  574,723/1,000,000  14.9/s  upd=13952  L=0.0365  D=0.727
[regir_nocount] 10:45:10  574,994/1,000,000  14.9/s  upd=13960  L=0.0583  D=0.727
[regir_nocount] 10:45:20  575,243/1,000,000  14.9/s  upd=13968  L=0.0302  D=0.727
[regir_nocount] 10:45:30  575,506/1,000,000  14.9/s  upd=13976  L=0.0266  D=0.727
[regir_nocount] 10:45:40  575,779/1,000,000  14.9/s  upd=13984  L=0.0248  D=0.727
[regir_nocount] 10:45:51  576,047/1,000,000  14.9/s  upd=13991  L=0.0331  D=0.727
[regir_nocount] 10:46:02  576,382/1,000,000  14.9/s  upd=13999  L=0.0188  D=0.727
[regir_nocount] 10:46:12  576,630/1,000,000  14.9/s  upd=14007  L=0.0319  D=0.727
[regir_nocount] 10:46:24  576,916/1,000,000  14.9/s  upd=14016  L=0.0330  D=0.727
[regir_nocount] 10:46:34  577,190/1,000,000  14.9/s  upd=14024  L=0.0361  D=0.727
[regir_nocount] 10:46:45  577,787/1,000,000  14.9/s  upd=14035  L=0.0333  D=0.727
[regir_nocount] 10:46:56  578,063/1,000,000  14.9/s  upd=14045  L=0.0282  D=0.727
[regir_nocount] 10:47:07  578,361/1,000,000  14.9/s  upd=14055  L=0.0422  D=0.727
[regir_nocount] 10:49:19  578,648/1,000,000  14.9/s  upd=14064  L=0.0239  D=0.727
[regir_nocount] 10:49:29  578,976/1,000,000  14.9/s  upd=14070  L=0.0305  D=0.727
[regir_nocount] 10:49:40  579,263/1,000,000  14.9/s  upd=14077  L=0.0343  D=0.727
[regir_nocount] 10:49:50  579,552/1,000,000  14.9/s  upd=14087  L=0.0343  D=0.727
[regir_nocount] 10:50:02  579,923/1,000,000  14.9/s  upd=14090  L=0.0243  D=0.727
[regir_nocount] 10:50:12  579,923/1,000,000  14.9/s  upd=14096  L=0.0298  D=0.727
[regir_nocount] saved resume t_env=580,171
[regir_nocount] 10:50:39  580,171/1,000,000  14.9/s  upd=14104  L=0.0363  ev=0/100  D=0.727
[regir_nocount] 10:50:49  580,171/1,000,000  14.9/s  upd=14104  L=0.0363  ev=27/100  D=0.727
[regir_nocount] 10:50:59  580,171/1,000,000  14.9/s  upd=14104  L=0.0363  ev=55/100  D=0.727
[regir_nocount] 10:51:09  580,171/1,000,000  14.8/s  upd=14104  L=0.0363  ev=80/100  D=0.727
[regir_nocount] 10:53:21  580,171/1,000,000  14.8/s  upd=14104  L=0.0363  D=0.693
[regir_nocount] 10:53:31  580,436/1,000,000  14.8/s  upd=14111  L=0.0254  D=0.693
[regir_nocount] 10:53:42  580,767/1,000,000  14.8/s  upd=14119  L=0.0332  D=0.693
[regir_nocount] 10:53:53  581,031/1,000,000  14.8/s  upd=14128  L=0.0318  D=0.693
[regir_nocount] 10:54:04  581,321/1,000,000  14.8/s  upd=14136  L=0.0283  D=0.693
[regir_nocount] 10:54:14  581,643/1,000,000  14.8/s  upd=14144  L=0.0406  D=0.693
[regir_nocount] 10:56:23  581,901/1,000,000  14.8/s  upd=14152  L=0.0282  D=0.693
[regir_nocount] 10:56:33  582,218/1,000,000  14.8/s  upd=14160  L=0.0246  D=0.693
[regir_nocount] 10:56:43  582,477/1,000,000  14.8/s  upd=14167  L=0.0304  D=0.693
[regir_nocount] 10:56:54  582,758/1,000,000  14.8/s  upd=14174  L=0.0325  D=0.693
[regir_nocount] 10:57:04  583,148/1,000,000  14.8/s  upd=14179  L=0.0258  D=0.693
[regir_nocount] 10:57:15  583,402/1,000,000  14.8/s  upd=14189  L=0.0300  D=0.693
[regir_nocount] 10:57:27  583,701/1,000,000  14.8/s  upd=14198  L=0.0282  D=0.693
[regir_nocount] 10:57:37  583,986/1,000,000  14.8/s  upd=14206  L=0.0279  D=0.693
[regir_nocount] 10:57:48  584,290/1,000,000  14.8/s  upd=14214  L=0.0340  D=0.693
[regir_nocount] 10:57:58  584,567/1,000,000  14.8/s  upd=14220  L=0.0434  D=0.693
[regir_nocount] 10:58:08  584,846/1,000,000  14.8/s  upd=14231  L=0.0192  D=0.693
[regir_nocount] 10:58:18  585,144/1,000,000  14.8/s  upd=14240  L=0.0289  D=0.693
[regir_nocount] 10:58:28  585,748/1,000,000  14.8/s  upd=14250  L=0.0193  D=0.693
[regir_nocount] 10:58:39  586,030/1,000,000  14.8/s  upd=14258  L=0.0463  D=0.693
[regir_nocount] 10:58:50  586,296/1,000,000  14.8/s  upd=14270  L=0.0305  D=0.693
[regir_nocount] 10:59:00  586,575/1,000,000  14.8/s  upd=14280  L=0.0302  D=0.693
[regir_nocount] 10:59:11  586,881/1,000,000  14.8/s  upd=14288  L=0.0236  D=0.693
[regir_nocount] 10:59:21  587,117/1,000,000  14.8/s  upd=14296  L=0.0268  D=0.693
[regir_nocount] 10:59:31  587,469/1,000,000  14.8/s  upd=14300  L=0.0229  D=0.693
[regir_nocount] 10:59:42  587,738/1,000,000  14.8/s  upd=14305  L=0.0316  D=0.693
[regir_nocount] 10:59:52  587,738/1,000,000  14.8/s  upd=14312  L=0.0355  D=0.693
[regir_nocount] 11:00:02  588,011/1,000,000  14.8/s  upd=14320  L=0.0288  D=0.693
[regir_nocount] 11:00:12  588,302/1,000,000  14.9/s  upd=14327  L=0.0256  D=0.693
[regir_nocount] 11:00:23  588,551/1,000,000  14.9/s  upd=14335  L=0.0358  D=0.693
[regir_nocount] saved resume t_env=588,551
[regir_nocount] 11:00:34  588,873/1,000,000  14.9/s  upd=14339  L=0.0221  D=0.693
[regir_nocount] 11:00:45  589,162/1,000,000  14.9/s  upd=14345  L=0.0222  D=0.693
[regir_nocount] 11:00:56  589,439/1,000,000  14.9/s  upd=14354  L=0.0239  D=0.693
[regir_nocount] 11:01:07  589,439/1,000,000  14.9/s  upd=14360  L=0.0288  D=0.693
[regir_nocount] 11:01:17  589,700/1,000,000  14.9/s  upd=14368  L=0.0240  D=0.693
[regir_nocount] 11:03:27  590,013/1,000,000  14.8/s  upd=14376  L=0.0326  D=0.693
[regir_nocount] 11:03:38  590,313/1,000,000  14.8/s  upd=14384  L=0.0223  D=0.693
[regir_nocount] 11:03:48  590,600/1,000,000  14.8/s  upd=14391  L=0.0273  D=0.693
[regir_nocount] 11:03:59  590,882/1,000,000  14.8/s  upd=14399  L=0.0403  D=0.693
[regir_nocount] 11:04:10  591,135/1,000,000  14.8/s  upd=14407  L=0.0353  D=0.693
[regir_nocount] 11:04:21  591,416/1,000,000  14.8/s  upd=14413  L=0.0382  D=0.693
[regir_nocount] 11:04:32  591,731/1,000,000  14.8/s  upd=14419  L=0.0844  D=0.693
[regir_nocount] 11:04:42  592,018/1,000,000  14.8/s  upd=14427  L=0.0316  D=0.693
[regir_nocount] 11:04:52  592,321/1,000,000  14.8/s  upd=14436  L=0.0271  D=0.693
[regir_nocount] 11:05:02  592,615/1,000,000  14.9/s  upd=14442  L=0.0214  D=0.693
[regir_nocount] 11:05:13  592,615/1,000,000  14.8/s  upd=14448  L=0.0299  D=0.693
[regir_nocount] 11:05:24  592,905/1,000,000  14.9/s  upd=14456  L=0.0311  D=0.693
[regir_nocount] 11:05:34  593,234/1,000,000  14.9/s  upd=14460  L=0.0250  D=0.693
[regir_nocount] 11:05:44  593,234/1,000,000  14.9/s  upd=14464  L=0.0284  D=0.693
[regir_nocount] 11:05:54  593,534/1,000,000  14.9/s  upd=14472  L=0.0243  D=0.693
[regir_nocount] 11:06:05  593,881/1,000,000  14.9/s  upd=14476  L=0.0183  D=0.693
[regir_nocount] 11:06:15  593,881/1,000,000  14.9/s  upd=14480  L=0.0252  D=0.693
[regir_nocount] 11:06:25  594,157/1,000,000  14.9/s  upd=14488  L=0.0310  D=0.693
[regir_nocount] 11:06:35  594,428/1,000,000  14.9/s  upd=14496  L=0.0209  D=0.693
[regir_nocount] 11:06:46  594,990/1,000,000  14.9/s  upd=14506  L=0.0294  D=0.693
[regir_nocount] 11:06:56  595,254/1,000,000  14.9/s  upd=14518  L=0.0324  D=0.693
[regir_nocount] 11:07:07  595,546/1,000,000  14.9/s  upd=14527  L=0.0229  D=0.693
[regir_nocount] 11:07:18  595,835/1,000,000  14.9/s  upd=14535  L=0.0306  D=0.693
[regir_nocount] 11:07:28  596,109/1,000,000  14.9/s  upd=14542  L=0.0250  D=0.693
[regir_nocount] 11:07:38  596,375/1,000,000  14.9/s  upd=14549  L=0.0249  D=0.693
[regir_nocount] 11:07:48  596,637/1,000,000  14.9/s  upd=14556  L=0.0248  D=0.693
[regir_nocount] 11:07:59  596,943/1,000,000  14.9/s  upd=14563  L=0.0202  D=0.693
[regir_nocount] 11:08:09  597,218/1,000,000  14.9/s  upd=14570  L=0.0188  D=0.693
[regir_nocount] 11:08:19  597,218/1,000,000  14.9/s  upd=14576  L=0.0292  D=0.693
[regir_nocount] 11:08:30  597,463/1,000,000  14.9/s  upd=14584  L=0.0244  D=0.693
[regir_nocount] 11:08:40  597,755/1,000,000  14.9/s  upd=14590  L=0.0439  D=0.693
[regir_nocount] 11:09:12  597,755/1,000,000  14.9/s  upd=14592  L=0.0274  D=0.693
[regir_nocount] 11:09:22  598,017/1,000,000  14.9/s  upd=14600  L=0.0227  D=0.693
[regir_nocount] 11:09:33  598,311/1,000,000  14.9/s  upd=14607  L=0.0241  D=0.693
[regir_nocount] 11:09:43  598,624/1,000,000  14.9/s  upd=14614  L=0.0233  D=0.693
[regir_nocount] 11:09:55  598,910/1,000,000  14.9/s  upd=14620  L=0.0264  D=0.693
[regir_nocount] 11:10:05  599,183/1,000,000  14.9/s  upd=14627  L=0.0172  D=0.693
[regir_nocount] 11:10:16  599,428/1,000,000  14.9/s  upd=14635  L=0.0285  D=0.693
[regir_nocount] 11:10:26  599,709/1,000,000  14.9/s  upd=14644  L=0.0258  D=0.693
[regir_nocount] saved resume t_env=599,709
[regir_nocount] 11:10:37  599,709/1,000,000  14.9/s  upd=14648  L=0.0245  D=0.693
[regir_nocount] 11:10:48  600,025/1,000,000  14.9/s  upd=14653  L=0.0214  D=0.693
[regir_nocount] saved resume t_env=600,025
[regir_nocount] 11:11:10  600,025/1,000,000  14.9/s  upd=14656  L=0.0291  ev=0/100  D=0.693
[regir_nocount] 11:11:20  600,025/1,000,000  14.9/s  upd=14656  L=0.0291  ev=16/100  D=0.693
[regir_nocount] 11:11:30  600,025/1,000,000  14.9/s  upd=14656  L=0.0291  ev=32/100  D=0.693
[regir_nocount] 11:11:40  600,025/1,000,000  14.9/s  upd=14656  L=0.0291  ev=51/100  D=0.693
[regir_nocount] 11:11:50  600,025/1,000,000  14.9/s  upd=14656  L=0.0291  ev=64/100  D=0.693
[regir_nocount] 11:12:00  600,025/1,000,000  14.9/s  upd=14656  L=0.0291  ev=81/100  D=0.693
[regir_nocount] 11:14:31  600,025/1,000,000  14.8/s  upd=14656  L=0.0291  D=0.726
[regir_nocount] 11:17:28  600,025/1,000,000  14.8/s  upd=14656  L=0.0291  D=0.726
[regir_nocount] 11:17:38  600,583/1,000,000  14.8/s  upd=14669  L=0.0315  D=0.726
[regir_nocount] 11:17:48  601,100/1,000,000  14.8/s  upd=14683  L=0.0224  D=0.726
[regir_nocount] 11:17:58  601,672/1,000,000  14.8/s  upd=14698  L=0.0337  D=0.726
[regir_nocount] 11:18:09  601,954/1,000,000  14.8/s  upd=14709  L=0.0252  D=0.726
[regir_nocount] 11:18:19  602,248/1,000,000  14.8/s  upd=14720  L=0.0288  D=0.726
[regir_nocount] 11:18:29  602,815/1,000,000  14.8/s  upd=14732  L=0.0341  D=0.726
[regir_nocount] 11:18:40  603,100/1,000,000  14.8/s  upd=14738  L=0.0205  D=0.726
[regir_nocount] 11:18:50  603,325/1,000,000  14.8/s  upd=14748  L=0.0316  D=0.726
[regir_nocount] 11:19:02  603,621/1,000,000  14.8/s  upd=14754  L=0.0238  D=0.726
[regir_nocount] 11:19:12  603,621/1,000,000  14.8/s  upd=14760  L=0.0235  D=0.726
[regir_nocount] 11:19:22  603,876/1,000,000  14.8/s  upd=14768  L=0.0213  D=0.726
[regir_nocount] 11:19:33  604,142/1,000,000  14.8/s  upd=14775  L=0.0157  D=0.726
[regir_nocount] 11:19:44  604,426/1,000,000  14.8/s  upd=14782  L=0.0219  D=0.726
[regir_nocount] 11:19:54  604,426/1,000,000  14.8/s  upd=14784  L=0.0251  D=0.726
[regir_nocount] 11:20:04  604,690/1,000,000  14.8/s  upd=14792  L=0.0216  D=0.726
[regir_nocount] 11:20:15  605,045/1,000,000  14.8/s  upd=14798  L=0.0294  D=0.726
[regir_nocount] 11:20:25  605,347/1,000,000  14.8/s  upd=14802  L=0.0326  D=0.726
[regir_nocount] 11:20:35  605,347/1,000,000  14.8/s  upd=14808  L=0.0235  D=0.726
[regir_nocount] 11:20:47  605,661/1,000,000  14.8/s  upd=14813  L=0.0280  D=0.726
[regir_nocount] 11:20:58  605,973/1,000,000  14.8/s  upd=14818  L=0.0237  D=0.726
[regir_nocount] saved resume t_env=605,973
[regir_nocount] 11:21:08  605,973/1,000,000  14.8/s  upd=14824  L=0.0306  D=0.726
[regir_nocount] 11:21:19  606,227/1,000,000  14.8/s  upd=14828  L=0.0373  D=0.726
[regir_nocount] 11:21:29  606,227/1,000,000  14.8/s  upd=14832  L=0.0241  D=0.726
[regir_nocount] 11:21:39  606,492/1,000,000  14.8/s  upd=14840  L=0.0214  D=0.726
[regir_nocount] 11:21:50  606,774/1,000,000  14.8/s  upd=14847  L=0.0265  D=0.726
[regir_nocount] 11:22:01  607,089/1,000,000  14.8/s  upd=14851  L=0.0159  D=0.726
[regir_nocount] 11:22:12  607,421/1,000,000  14.8/s  upd=14857  L=0.0310  D=0.726
[regir_nocount] 11:22:22  607,421/1,000,000  14.8/s  upd=14864  L=0.0324  D=0.726
[regir_nocount] 11:22:32  607,710/1,000,000  14.8/s  upd=14869  L=0.0233  D=0.726
[regir_nocount] 11:23:09  607,710/1,000,000  14.8/s  upd=14872  L=0.0236  D=0.726
[regir_nocount] 11:23:20  607,961/1,000,000  14.8/s  upd=14880  L=0.0258  D=0.726
[regir_nocount] 11:23:30  608,282/1,000,000  14.8/s  upd=14888  L=0.0194  D=0.726
[regir_nocount] 11:23:40  608,597/1,000,000  14.8/s  upd=14896  L=0.0319  D=0.726
[regir_nocount] 11:23:50  608,898/1,000,000  14.8/s  upd=14904  L=0.0264  D=0.726
[regir_nocount] 11:24:01  609,214/1,000,000  14.8/s  upd=14912  L=0.0264  D=0.726
[regir_nocount] 11:24:11  609,518/1,000,000  14.8/s  upd=14919  L=0.0287  D=0.726
[regir_nocount] 11:24:21  609,798/1,000,000  14.9/s  upd=14925  L=0.0268  D=0.726
[regir_nocount] 11:24:32  610,115/1,000,000  14.9/s  upd=14933  L=0.0295  D=0.726
[regir_nocount] 11:24:43  610,401/1,000,000  14.9/s  upd=14943  L=0.0408  D=0.726
[regir_nocount] 11:24:53  610,675/1,000,000  14.9/s  upd=14950  L=0.0189  D=0.726
[regir_nocount] 11:25:04  611,001/1,000,000  14.9/s  upd=14954  L=0.0260  D=0.726
[regir_nocount] 11:25:14  611,263/1,000,000  14.9/s  upd=14962  L=0.0163  D=0.726
[regir_nocount] 11:25:25  611,536/1,000,000  14.9/s  upd=14969  L=0.0202  D=0.726
[regir_nocount] 11:25:35  611,536/1,000,000  14.9/s  upd=14976  L=0.0254  D=0.726
[regir_nocount] 11:25:46  611,769/1,000,000  14.9/s  upd=14983  L=0.0214  D=0.726
[regir_nocount] 11:25:57  612,013/1,000,000  14.9/s  upd=14990  L=0.0344  D=0.726
[regir_nocount] 11:26:08  612,247/1,000,000  14.9/s  upd=14997  L=0.0247  D=0.726
[regir_nocount] 11:26:19  612,557/1,000,000  14.9/s  upd=15003  L=0.0308  D=0.726
[regir_nocount] 11:26:29  612,557/1,000,000  14.9/s  upd=15008  L=0.0220  D=0.726
[regir_nocount] 11:26:39  612,858/1,000,000  14.9/s  upd=15016  L=0.0181  D=0.726
[regir_nocount] 11:26:49  613,133/1,000,000  14.9/s  upd=15024  L=0.0225  D=0.726
[regir_nocount] 11:27:00  613,419/1,000,000  14.9/s  upd=15032  L=0.0224  D=0.726
[regir_nocount] 11:27:10  613,677/1,000,000  14.9/s  upd=15040  L=0.0248  D=0.726
[regir_nocount] 11:27:20  614,006/1,000,000  14.9/s  upd=15048  L=0.0234  D=0.726
[regir_nocount] 11:27:30  614,298/1,000,000  14.9/s  upd=15056  L=0.0317  D=0.726
[regir_nocount] 11:27:40  614,573/1,000,000  14.9/s  upd=15064  L=0.0258  D=0.726
[regir_nocount] 11:27:50  614,923/1,000,000  14.9/s  upd=15068  L=0.0273  D=0.726
[regir_nocount] 11:28:01  615,205/1,000,000  14.9/s  upd=15076  L=0.0233  D=0.726
[regir_nocount] 11:28:11  615,205/1,000,000  14.9/s  upd=15080  L=0.0207  D=0.726
[regir_nocount] 11:29:11  615,563/1,000,000  14.9/s  upd=15088  L=0.0268  D=0.726
[regir_nocount] 11:29:21  616,165/1,000,000  14.9/s  upd=15099  L=0.0248  D=0.726
[regir_nocount] 11:29:31  616,436/1,000,000  14.9/s  upd=15110  L=0.0258  D=0.726
[regir_nocount] 11:29:42  616,690/1,000,000  14.9/s  upd=15120  L=0.0249  D=0.726
[regir_nocount] 11:29:53  617,266/1,000,000  14.9/s  upd=15132  L=0.0288  D=0.726
[regir_nocount] 11:30:03  617,756/1,000,000  14.9/s  upd=15146  L=0.0199  D=0.726
[regir_nocount] 11:30:13  618,056/1,000,000  14.9/s  upd=15160  L=0.0332  D=0.726
[regir_nocount] 11:30:24  618,621/1,000,000  14.9/s  upd=15169  L=0.0264  D=0.726
[regir_nocount] 11:30:34  618,894/1,000,000  14.9/s  upd=15177  L=0.0603  D=0.726
[regir_nocount] 11:30:45  619,166/1,000,000  14.9/s  upd=15186  L=0.0206  D=0.726
[regir_nocount] 11:30:56  619,495/1,000,000  14.9/s  upd=15196  L=0.0336  D=0.726
[regir_nocount] 11:31:06  619,795/1,000,000  14.9/s  upd=15207  L=0.0216  D=0.726
[regir_nocount] saved resume t_env=620,082
[regir_nocount] 11:31:33  620,082/1,000,000  14.9/s  upd=15216  L=0.0607  ev=0/100  D=0.726
[regir_nocount] 11:31:43  620,082/1,000,000  14.9/s  upd=15216  L=0.0607  ev=24/100  D=0.726
[regir_nocount] 11:31:53  620,082/1,000,000  14.9/s  upd=15216  L=0.0607  ev=88/100  D=0.726
[regir_nocount] 11:34:14  620,082/1,000,000  14.9/s  upd=15216  L=0.0607  D=0.749
[regir_nocount] 11:36:18  620,082/1,000,000  14.8/s  upd=15216  L=0.0607  D=0.749
[regir_nocount] 11:36:28  620,650/1,000,000  14.9/s  upd=15230  L=0.0314  D=0.749
[regir_nocount] 11:36:39  621,175/1,000,000  14.9/s  upd=15243  L=0.0278  D=0.749
[regir_nocount] 11:36:50  621,715/1,000,000  14.9/s  upd=15257  L=0.0300  D=0.749
[regir_nocount] 11:37:00  622,015/1,000,000  14.9/s  upd=15267  L=0.0286  D=0.749
[regir_nocount] 11:37:10  622,312/1,000,000  14.9/s  upd=15278  L=0.0253  D=0.749
[regir_nocount] 11:37:20  622,591/1,000,000  14.9/s  upd=15288  L=0.0344  D=0.749
[regir_nocount] 11:37:31  622,846/1,000,000  14.9/s  upd=15296  L=0.0261  D=0.749
[regir_nocount] 11:37:42  623,110/1,000,000  14.9/s  upd=15304  L=0.0188  D=0.749
[regir_nocount] 11:37:52  623,724/1,000,000  14.9/s  upd=15313  L=0.0205  D=0.749
[regir_nocount] 11:38:02  623,996/1,000,000  14.9/s  upd=15322  L=0.0363  D=0.749
[regir_nocount] 11:38:12  624,266/1,000,000  14.9/s  upd=15332  L=0.0225  D=0.749
[regir_nocount] 11:38:23  624,624/1,000,000  14.9/s  upd=15343  L=0.0393  D=0.749
[regir_nocount] 11:38:33  624,879/1,000,000  14.9/s  upd=15350  L=0.0255  D=0.749
[regir_nocount] 11:38:46  625,189/1,000,000  14.9/s  upd=15357  L=0.0208  D=0.749
[regir_nocount] 11:38:56  625,432/1,000,000  14.9/s  upd=15366  L=0.0279  D=0.749
[regir_nocount] 11:39:07  625,716/1,000,000  14.9/s  upd=15373  L=0.0211  D=0.749
[regir_nocount] 11:39:17  626,027/1,000,000  14.9/s  upd=15382  L=0.0430  D=0.749
[regir_nocount] 11:39:28  626,294/1,000,000  14.9/s  upd=15391  L=0.0190  D=0.749
[regir_nocount] 11:39:38  626,594/1,000,000  14.9/s  upd=15400  L=0.0406  D=0.749
[regir_nocount] 11:39:48  626,886/1,000,000  14.9/s  upd=15408  L=0.0177  D=0.749
[regir_nocount] 11:39:58  627,181/1,000,000  14.9/s  upd=15415  L=0.0242  D=0.749
[regir_nocount] 11:40:08  627,464/1,000,000  14.9/s  upd=15422  L=0.0158  D=0.749
[regir_nocount] 11:40:19  627,757/1,000,000  14.9/s  upd=15429  L=0.0291  D=0.749
[regir_nocount] 11:40:30  628,017/1,000,000  14.9/s  upd=15433  L=0.0256  D=0.749
[regir_nocount] 11:40:40  628,017/1,000,000  14.9/s  upd=15440  L=0.0169  D=0.749
[regir_nocount] 11:40:50  628,343/1,000,000  14.9/s  upd=15442  L=0.0236  D=0.749
[regir_nocount] 11:41:01  628,343/1,000,000  14.9/s  upd=15448  L=0.0298  D=0.749
[regir_nocount] 11:41:11  628,612/1,000,000  14.9/s  upd=15451  L=0.0328  D=0.749
[regir_nocount] saved resume t_env=628,612
[regir_nocount] 11:43:25  628,612/1,000,000  14.9/s  upd=15456  L=0.0205  D=0.749
[regir_nocount] 11:43:36  629,181/1,000,000  14.9/s  upd=15467  L=0.0256  D=0.749
[regir_nocount] 11:43:46  629,523/1,000,000  14.9/s  upd=15476  L=0.0205  D=0.749
[regir_nocount] 11:43:56  629,819/1,000,000  14.9/s  upd=15487  L=0.0356  D=0.749
[regir_nocount] 11:44:07  630,104/1,000,000  14.9/s  upd=15495  L=0.0294  D=0.749
[regir_nocount] 11:44:18  630,396/1,000,000  14.9/s  upd=15504  L=0.0248  D=0.749
[regir_nocount] 11:44:28  630,709/1,000,000  14.9/s  upd=15510  L=0.0308  D=0.749
[regir_nocount] 11:44:38  631,016/1,000,000  14.9/s  upd=15518  L=0.0331  D=0.749
[regir_nocount] 11:44:48  631,303/1,000,000  14.9/s  upd=15528  L=0.0224  D=0.749
[regir_nocount] 11:44:58  631,563/1,000,000  14.9/s  upd=15536  L=0.0187  D=0.749
[regir_nocount] 11:45:08  631,819/1,000,000  14.9/s  upd=15544  L=0.0240  D=0.749
[regir_nocount] 11:45:19  632,154/1,000,000  14.9/s  upd=15548  L=0.0198  D=0.749
[regir_nocount] 11:45:29  632,421/1,000,000  14.9/s  upd=15553  L=0.0410  D=0.749
[regir_nocount] 11:45:39  632,737/1,000,000  14.9/s  upd=15563  L=0.0176  D=0.749
[regir_nocount] 11:45:49  633,062/1,000,000  14.9/s  upd=15573  L=0.0264  D=0.749
[regir_nocount] 11:45:59  633,364/1,000,000  15.0/s  upd=15584  L=0.0259  D=0.749
[regir_nocount] 11:46:10  633,651/1,000,000  15.0/s  upd=15592  L=0.0226  D=0.749
[regir_nocount] 11:46:20  633,892/1,000,000  15.0/s  upd=15600  L=0.0205  D=0.749
[regir_nocount] 11:46:30  634,167/1,000,000  15.0/s  upd=15608  L=0.0223  D=0.749
[regir_nocount] 11:46:40  634,437/1,000,000  15.0/s  upd=15616  L=0.0227  D=0.749
[regir_nocount] 11:46:51  634,714/1,000,000  15.0/s  upd=15624  L=0.0258  D=0.749
[regir_nocount] 11:47:01  635,021/1,000,000  15.0/s  upd=15631  L=0.0253  D=0.749
[regir_nocount] 11:47:11  635,296/1,000,000  15.0/s  upd=15636  L=0.0252  D=0.749
[regir_nocount] 11:47:22  635,561/1,000,000  15.0/s  upd=15643  L=0.0235  D=0.749
[regir_nocount] 11:47:32  635,857/1,000,000  15.0/s  upd=15650  L=0.0533  D=0.749
[regir_nocount] 11:47:43  636,132/1,000,000  15.0/s  upd=15657  L=0.0224  D=0.749
[regir_nocount] 11:47:53  636,132/1,000,000  15.0/s  upd=15664  L=0.0234  D=0.749
[regir_nocount] 11:48:03  636,434/1,000,000  15.0/s  upd=15670  L=0.0255  D=0.749
[regir_nocount] 11:48:13  636,716/1,000,000  15.0/s  upd=15676  L=0.0266  D=0.749
[regir_nocount] 11:48:23  636,716/1,000,000  15.0/s  upd=15680  L=0.0295  D=0.749
[regir_nocount] 11:49:36  636,988/1,000,000  15.0/s  upd=15688  L=0.0215  D=0.749
[regir_nocount] 11:49:47  637,606/1,000,000  15.0/s  upd=15699  L=0.0307  D=0.749
[regir_nocount] 11:49:57  637,916/1,000,000  15.0/s  upd=15709  L=0.0239  D=0.749
[regir_nocount] 11:50:08  638,239/1,000,000  15.0/s  upd=15719  L=0.0191  D=0.749
[regir_nocount] 11:50:20  638,840/1,000,000  15.0/s  upd=15730  L=0.0204  D=0.749
[regir_nocount] 11:50:30  639,113/1,000,000  15.0/s  upd=15743  L=0.0313  D=0.749
[regir_nocount] 11:50:40  639,396/1,000,000  15.0/s  upd=15752  L=0.0172  D=0.749
[regir_nocount] 11:50:51  639,697/1,000,000  15.0/s  upd=15760  L=0.0203  D=0.749
[regir_nocount] 11:51:02  639,982/1,000,000  15.0/s  upd=15768  L=0.0252  D=0.749
[regir_nocount] 11:51:13  640,274/1,000,000  15.0/s  upd=15776  L=0.0465  D=0.749
[regir_nocount] saved resume t_env=640,274
[regir_nocount] 11:51:31  640,274/1,000,000  15.0/s  upd=15776  L=0.0465  ev=0/100  D=0.749
[regir_nocount] 11:51:41  640,274/1,000,000  15.0/s  upd=15776  L=0.0465  ev=48/100  D=0.749
[regir_nocount] 11:51:51  640,274/1,000,000  15.0/s  upd=15776  L=0.0465  ev=71/100  D=0.749
[regir_nocount] 11:52:02  640,274/1,000,000  15.0/s  upd=15776  L=0.0465  ev=92/100  D=0.749
[regir_nocount] 11:53:41  640,274/1,000,000  15.0/s  upd=15776  L=0.0465  D=0.711
[regir_nocount] 11:53:52  640,585/1,000,000  15.0/s  upd=15782  L=0.0342  D=0.711
[regir_nocount] 11:54:03  640,853/1,000,000  15.0/s  upd=15789  L=0.0170  D=0.711
[regir_nocount] 11:54:13  641,129/1,000,000  15.0/s  upd=15795  L=0.0275  D=0.711
[regir_nocount] 11:54:24  641,129/1,000,000  15.0/s  upd=15800  L=0.0199  D=0.711
[regir_nocount] 11:54:35  641,470/1,000,000  15.0/s  upd=15805  L=0.0268  D=0.711
[regir_nocount] 11:55:13  641,470/1,000,000  14.9/s  upd=15808  L=0.0254  D=0.711
[regir_nocount] 11:55:23  641,787/1,000,000  15.0/s  upd=15815  L=0.0211  D=0.711
[regir_nocount] 11:55:35  642,094/1,000,000  15.0/s  upd=15821  L=0.0236  D=0.711
[regir_nocount] 11:55:45  642,437/1,000,000  15.0/s  upd=15828  L=0.0233  D=0.711
[regir_nocount] 11:55:57  642,721/1,000,000  15.0/s  upd=15840  L=0.0239  D=0.711
[regir_nocount] 11:56:07  643,301/1,000,000  15.0/s  upd=15851  L=0.0242  D=0.711
[regir_nocount] 11:56:18  643,644/1,000,000  15.0/s  upd=15863  L=0.0182  D=0.711
[regir_nocount] 11:56:28  643,945/1,000,000  15.0/s  upd=15869  L=0.0219  D=0.711
[regir_nocount] 11:56:39  644,248/1,000,000  15.0/s  upd=15876  L=0.0323  D=0.711
[regir_nocount] 11:56:49  644,529/1,000,000  15.0/s  upd=15885  L=0.0219  D=0.711
[regir_nocount] 11:56:59  644,818/1,000,000  15.0/s  upd=15896  L=0.0219  D=0.711
[regir_nocount] 11:57:10  645,413/1,000,000  15.0/s  upd=15906  L=0.0251  D=0.711
[regir_nocount] 11:57:20  645,699/1,000,000  15.0/s  upd=15916  L=0.0201  D=0.711
[regir_nocount] 11:57:30  646,016/1,000,000  15.0/s  upd=15921  L=0.0214  D=0.711
[regir_nocount] 11:57:40  646,016/1,000,000  15.0/s  upd=15928  L=0.0175  D=0.711
[regir_nocount] 11:57:50  646,326/1,000,000  15.0/s  upd=15935  L=0.0214  D=0.711
[regir_nocount] 11:58:01  646,619/1,000,000  15.0/s  upd=15940  L=0.0266  D=0.711
[regir_nocount] 11:58:11  646,899/1,000,000  15.0/s  upd=15945  L=0.0212  D=0.711
[regir_nocount] 11:58:22  647,211/1,000,000  15.0/s  upd=15958  L=0.0359  D=0.711
[regir_nocount] 11:58:33  647,822/1,000,000  15.0/s  upd=15969  L=0.0183  D=0.711
[regir_nocount] 11:58:43  648,139/1,000,000  15.0/s  upd=15978  L=0.0175  D=0.711
[regir_nocount] 11:58:54  648,437/1,000,000  15.0/s  upd=15987  L=0.0221  D=0.711
[regir_nocount] 11:59:04  648,774/1,000,000  15.0/s  upd=15996  L=0.0215  D=0.711
[regir_nocount] 11:59:14  649,030/1,000,000  15.0/s  upd=16003  L=0.0259  D=0.711
[regir_nocount] 11:59:25  649,335/1,000,000  15.0/s  upd=16012  L=0.0236  D=0.711
[regir_nocount] 11:59:36  649,645/1,000,000  15.0/s  upd=16020  L=0.0175  D=0.711
[regir_nocount] 11:59:46  649,983/1,000,000  15.1/s  upd=16025  L=0.0145  D=0.711
[regir_nocount] 11:59:56  649,983/1,000,000  15.0/s  upd=16032  L=0.0265  D=0.711
[regir_nocount] 12:00:07  650,312/1,000,000  15.1/s  upd=16037  L=0.0221  D=0.711
[regir_nocount] 12:00:17  650,312/1,000,000  15.0/s  upd=16040  L=0.0245  D=0.711
[regir_nocount] 12:00:27  650,634/1,000,000  15.1/s  upd=16047  L=0.0356  D=0.711
[regir_nocount] 12:01:51  650,634/1,000,000  15.0/s  upd=16048  L=0.0198  D=0.711
[regir_nocount] saved resume t_env=650,963
[regir_nocount] 12:02:03  650,963/1,000,000  15.0/s  upd=16056  L=0.0221  D=0.711
[regir_nocount] 12:02:13  651,232/1,000,000  15.0/s  upd=16064  L=0.0265  D=0.711
[regir_nocount] 12:02:24  651,778/1,000,000  15.0/s  upd=16073  L=0.0207  D=0.711
[regir_nocount] 12:02:34  652,079/1,000,000  15.0/s  upd=16081  L=0.0190  D=0.711
[regir_nocount] 12:02:45  652,374/1,000,000  15.0/s  upd=16089  L=0.0290  D=0.711
[regir_nocount] 12:02:55  652,645/1,000,000  15.0/s  upd=16098  L=0.0135  D=0.711
[regir_nocount] 12:03:05  652,952/1,000,000  15.1/s  upd=16107  L=0.0216  D=0.711
[regir_nocount] 12:03:15  653,223/1,000,000  15.1/s  upd=16118  L=0.0206  D=0.711
[regir_nocount] 12:03:25  653,543/1,000,000  15.1/s  upd=16128  L=0.0238  D=0.711
[regir_nocount] 12:03:35  654,135/1,000,000  15.1/s  upd=16137  L=0.0184  D=0.711
[regir_nocount] 12:03:46  654,431/1,000,000  15.1/s  upd=16147  L=0.0159  D=0.711
[regir_nocount] 12:03:57  654,708/1,000,000  15.1/s  upd=16156  L=0.0245  D=0.711
[regir_nocount] 12:04:07  655,026/1,000,000  15.1/s  upd=16164  L=0.0178  D=0.711
[regir_nocount] 12:04:18  655,375/1,000,000  15.1/s  upd=16171  L=0.0255  D=0.711
[regir_nocount] 12:04:30  655,649/1,000,000  15.1/s  upd=16177  L=0.0180  D=0.711
[regir_nocount] 12:04:40  655,928/1,000,000  15.1/s  upd=16189  L=0.0157  D=0.711
[regir_nocount] 12:04:50  656,218/1,000,000  15.1/s  upd=16199  L=0.0220  D=0.711
[regir_nocount] 12:05:01  656,776/1,000,000  15.1/s  upd=16212  L=0.0252  D=0.711
[regir_nocount] 12:05:12  657,057/1,000,000  15.1/s  upd=16224  L=0.0152  D=0.711
[regir_nocount] 12:05:22  657,670/1,000,000  15.1/s  upd=16238  L=0.0182  D=0.711
[regir_nocount] 12:05:32  658,210/1,000,000  15.1/s  upd=16251  L=0.0196  D=0.711
[regir_nocount] 12:05:43  658,762/1,000,000  15.1/s  upd=16266  L=0.0249  D=0.711
[regir_nocount] 12:05:53  659,302/1,000,000  15.1/s  upd=16284  L=0.0181  D=0.711
[regir_nocount] 12:06:04  659,829/1,000,000  15.1/s  upd=16299  L=0.0186  D=0.711
[regir_nocount] saved resume t_env=660,108
[regir_nocount] 12:06:31  660,108/1,000,000  15.1/s  upd=16312  L=0.0171  ev=0/100  D=0.711
[regir_nocount] 12:10:02  660,108/1,000,000  15.1/s  upd=16312  L=0.0171  D=0.568
[regir_nocount] 12:12:09  660,108/1,000,000  15.0/s  upd=16312  L=0.0171  D=0.568
[regir_nocount] 12:12:20  660,393/1,000,000  15.0/s  upd=16319  L=0.0181  D=0.568
[regir_nocount] 12:12:30  660,672/1,000,000  15.0/s  upd=16325  L=0.0223  D=0.568
[regir_nocount] 12:12:40  660,937/1,000,000  15.0/s  upd=16336  L=0.0263  D=0.568
[regir_nocount] 12:12:51  661,510/1,000,000  15.0/s  upd=16346  L=0.0154  D=0.568
[regir_nocount] 12:13:02  661,779/1,000,000  15.0/s  upd=16358  L=0.0205  D=0.568
[regir_nocount] 12:13:12  662,064/1,000,000  15.0/s  upd=16368  L=0.0202  D=0.568
[regir_nocount] 12:13:23  662,659/1,000,000  15.1/s  upd=16377  L=0.0306  D=0.568
[regir_nocount] 12:13:33  662,999/1,000,000  15.1/s  upd=16389  L=0.0256  D=0.568
[regir_nocount] 12:13:43  663,271/1,000,000  15.1/s  upd=16399  L=0.0135  D=0.568
[regir_nocount] 12:13:55  663,599/1,000,000  15.1/s  upd=16406  L=0.0232  D=0.568
[regir_nocount] 12:14:05  663,952/1,000,000  15.1/s  upd=16412  L=0.0170  D=0.568
[regir_nocount] 12:14:16  664,195/1,000,000  15.1/s  upd=16420  L=0.0291  D=0.568
[regir_nocount] 12:14:27  664,482/1,000,000  15.1/s  upd=16426  L=0.0277  D=0.568
[regir_nocount] 12:14:39  664,802/1,000,000  15.1/s  upd=16433  L=0.0192  D=0.568
[regir_nocount] 12:14:49  664,802/1,000,000  15.1/s  upd=16440  L=0.0185  D=0.568
[regir_nocount] 12:14:59  665,141/1,000,000  15.1/s  upd=16448  L=0.0161  D=0.568
[regir_nocount] 12:15:10  665,482/1,000,000  15.1/s  upd=16456  L=0.0152  D=0.568
[regir_nocount] 12:15:20  665,788/1,000,000  15.1/s  upd=16464  L=0.0233  D=0.568
[regir_nocount] 12:15:30  666,097/1,000,000  15.1/s  upd=16472  L=0.0249  D=0.568
[regir_nocount] 12:15:40  666,378/1,000,000  15.1/s  upd=16480  L=0.0176  D=0.568
[regir_nocount] 12:15:50  666,668/1,000,000  15.1/s  upd=16488  L=0.0218  D=0.568
[regir_nocount] 12:16:00  667,023/1,000,000  15.1/s  upd=16496  L=0.0284  D=0.568
[regir_nocount] 12:16:11  667,333/1,000,000  15.1/s  upd=16504  L=0.0210  D=0.568
[regir_nocount] saved resume t_env=667,619
[regir_nocount] 12:16:24  667,619/1,000,000  15.1/s  upd=16512  L=0.0177  D=0.568
[regir_nocount] 12:16:34  668,253/1,000,000  15.1/s  upd=16523  L=0.0154  D=0.568
[regir_nocount] 12:16:45  668,553/1,000,000  15.1/s  upd=16534  L=0.0274  D=0.568
[regir_nocount] 12:16:55  669,184/1,000,000  15.1/s  upd=16549  L=0.0225  D=0.568
[regir_nocount] 12:17:06  669,764/1,000,000  15.1/s  upd=16562  L=0.0206  D=0.568
[regir_nocount] 12:18:47  669,764/1,000,000  15.1/s  upd=16568  L=0.0197  D=0.568
[regir_nocount] 12:18:57  670,364/1,000,000  15.1/s  upd=16578  L=0.0154  D=0.568
[regir_nocount] 12:19:07  670,657/1,000,000  15.1/s  upd=16589  L=0.0206  D=0.568
[regir_nocount] 12:19:18  670,959/1,000,000  15.1/s  upd=16600  L=0.0324  D=0.568
[regir_nocount] 12:19:28  671,256/1,000,000  15.1/s  upd=16608  L=0.0268  D=0.568
[regir_nocount] 12:19:38  671,886/1,000,000  15.1/s  upd=16618  L=0.0175  D=0.568
[regir_nocount] 12:19:49  672,196/1,000,000  15.1/s  upd=16627  L=0.0143  D=0.568
[regir_nocount] 12:19:59  672,475/1,000,000  15.1/s  upd=16639  L=0.0178  D=0.568
[regir_nocount] 12:20:10  672,785/1,000,000  15.1/s  upd=16648  L=0.0199  D=0.568
[regir_nocount] 12:20:20  673,410/1,000,000  15.2/s  upd=16657  L=0.0147  D=0.568
[regir_nocount] 12:20:30  673,707/1,000,000  15.2/s  upd=16667  L=0.0229  D=0.568
[regir_nocount] 12:20:41  674,020/1,000,000  15.2/s  upd=16677  L=0.0195  D=0.568
[regir_nocount] 12:20:52  674,313/1,000,000  15.2/s  upd=16687  L=0.0207  D=0.568
[regir_nocount] 12:21:02  674,653/1,000,000  15.2/s  upd=16693  L=0.0135  D=0.568
[regir_nocount] 12:21:12  674,950/1,000,000  15.2/s  upd=16700  L=0.0221  D=0.568
[regir_nocount] 12:21:23  675,239/1,000,000  15.2/s  upd=16710  L=0.0246  D=0.568
[regir_nocount] 12:21:33  675,523/1,000,000  15.2/s  upd=16713  L=0.0276  D=0.568
[regir_nocount] 12:21:43  675,523/1,000,000  15.2/s  upd=16720  L=0.0238  D=0.568
[regir_nocount] 12:21:53  675,793/1,000,000  15.2/s  upd=16728  L=0.0163  D=0.568
[regir_nocount] 12:22:04  676,080/1,000,000  15.2/s  upd=16733  L=0.0214  D=0.568
[regir_nocount] 12:22:15  676,375/1,000,000  15.2/s  upd=16740  L=0.0216  D=0.568
[regir_nocount] 12:22:25  676,375/1,000,000  15.2/s  upd=16744  L=0.0191  D=0.568
[regir_nocount] 12:22:36  676,738/1,000,000  15.2/s  upd=16751  L=0.0176  D=0.568
[regir_nocount] 12:22:47  677,034/1,000,000  15.2/s  upd=16758  L=0.0209  D=0.568
[regir_nocount] 12:22:57  677,326/1,000,000  15.2/s  upd=16766  L=0.0151  D=0.568
[regir_nocount] 12:23:08  677,617/1,000,000  15.2/s  upd=16775  L=0.0177  D=0.568
[regir_nocount] 12:23:19  677,868/1,000,000  15.2/s  upd=16781  L=0.0170  D=0.568
[regir_nocount] 12:23:30  678,145/1,000,000  15.2/s  upd=16786  L=0.0145  D=0.568
[regir_nocount] 12:23:41  678,459/1,000,000  15.2/s  upd=16794  L=0.0259  D=0.568
[regir_nocount] 12:25:02  678,459/1,000,000  15.2/s  upd=16800  L=0.0209  D=0.568
[regir_nocount] 12:25:12  678,739/1,000,000  15.2/s  upd=16808  L=0.0169  D=0.568
[regir_nocount] 12:25:24  679,059/1,000,000  15.2/s  upd=16816  L=0.0200  D=0.568
[regir_nocount] 12:25:35  679,326/1,000,000  15.2/s  upd=16824  L=0.0215  D=0.568
[regir_nocount] 12:25:46  679,643/1,000,000  15.2/s  upd=16832  L=0.0188  D=0.568
[regir_nocount] 12:25:56  679,946/1,000,000  15.2/s  upd=16840  L=0.0151  D=0.568
[regir_nocount] saved resume t_env=680,249
[regir_nocount] 12:26:21  680,249/1,000,000  15.2/s  upd=16848  L=0.0241  ev=0/100  D=0.568
[regir_nocount] 12:28:33  680,249/1,000,000  15.1/s  upd=16848  L=0.0241  D=0.559
[regir_nocount] 12:28:44  680,544/1,000,000  15.1/s  upd=16855  L=0.0180  D=0.559
[regir_nocount] 12:28:54  680,835/1,000,000  15.2/s  upd=16864  L=0.0140  D=0.559
[regir_nocount] 12:29:05  681,119/1,000,000  15.2/s  upd=16871  L=0.0181  D=0.559
[regir_nocount] 12:29:15  681,430/1,000,000  15.2/s  upd=16879  L=0.0209  D=0.559
[regir_nocount] 12:29:25  681,687/1,000,000  15.2/s  upd=16887  L=0.0215  D=0.559
[regir_nocount] 12:29:35  682,001/1,000,000  15.2/s  upd=16892  L=0.0237  D=0.559
[regir_nocount] 12:29:47  682,295/1,000,000  15.2/s  upd=16900  L=0.0177  D=0.559
[regir_nocount] 12:29:57  682,587/1,000,000  15.2/s  upd=16909  L=0.0174  D=0.559
[regir_nocount] 12:30:08  682,865/1,000,000  15.2/s  upd=16917  L=0.0140  D=0.559
[regir_nocount] 12:31:37  682,865/1,000,000  15.1/s  upd=16920  L=0.0172  D=0.559
[regir_nocount] 12:31:48  683,121/1,000,000  15.1/s  upd=16927  L=0.0225  D=0.559
[regir_nocount] 12:31:59  683,437/1,000,000  15.1/s  upd=16930  L=0.0174  D=0.559
[regir_nocount] 12:32:09  683,437/1,000,000  15.1/s  upd=16936  L=0.0152  D=0.559
[regir_nocount] 12:32:19  683,728/1,000,000  15.1/s  upd=16944  L=0.0196  D=0.559
[regir_nocount] 12:32:30  684,292/1,000,000  15.2/s  upd=16955  L=0.0176  D=0.559
[regir_nocount] 12:32:41  684,603/1,000,000  15.2/s  upd=16966  L=0.0141  D=0.559
[regir_nocount] 12:32:52  684,921/1,000,000  15.2/s  upd=16975  L=0.0173  D=0.559
[regir_nocount] 12:33:02  685,294/1,000,000  15.2/s  upd=16984  L=0.0158  D=0.559
[regir_nocount] 12:33:12  685,617/1,000,000  15.2/s  upd=16992  L=0.0193  D=0.559
[regir_nocount] 12:33:22  685,933/1,000,000  15.2/s  upd=16999  L=0.0231  D=0.559
[regir_nocount] 12:33:32  686,240/1,000,000  15.2/s  upd=17007  L=0.0260  D=0.559
[regir_nocount] 12:33:42  686,922/1,000,000  15.2/s  upd=17017  L=0.0167  D=0.559
[regir_nocount] 12:33:53  687,201/1,000,000  15.2/s  upd=17026  L=0.0174  D=0.559
[regir_nocount] 12:34:04  687,503/1,000,000  15.2/s  upd=17037  L=0.0222  D=0.559
[regir_nocount] 12:34:14  687,813/1,000,000  15.2/s  upd=17044  L=0.0219  D=0.559
[regir_nocount] 12:34:25  688,139/1,000,000  15.2/s  upd=17053  L=0.0171  D=0.559
[regir_nocount] 12:34:36  688,433/1,000,000  15.2/s  upd=17064  L=0.0235  D=0.559
[regir_nocount] 12:34:47  688,970/1,000,000  15.2/s  upd=17075  L=0.0178  D=0.559
[regir_nocount] 12:34:58  689,275/1,000,000  15.2/s  upd=17088  L=0.0284  D=0.559
[regir_nocount] 12:35:09  689,890/1,000,000  15.2/s  upd=17097  L=0.0195  D=0.559
[regir_nocount] 12:35:19  690,476/1,000,000  15.2/s  upd=17115  L=0.0155  D=0.559
[regir_nocount] 12:35:30  691,102/1,000,000  15.2/s  upd=17129  L=0.0212  D=0.559
[regir_nocount] 12:35:40  691,415/1,000,000  15.2/s  upd=17144  L=0.0251  D=0.559
[regir_nocount] 12:35:51  691,982/1,000,000  15.3/s  upd=17159  L=0.0131  D=0.559
[regir_nocount] 12:36:01  692,594/1,000,000  15.3/s  upd=17175  L=0.0264  D=0.559
[regir_nocount] saved resume t_env=692,890
[regir_nocount] 12:36:11  693,211/1,000,000  15.3/s  upd=17186  L=0.0206  D=0.559
[regir_nocount] 12:36:22  693,512/1,000,000  15.3/s  upd=17200  L=0.0196  D=0.559
[regir_nocount] 12:36:32  694,142/1,000,000  15.3/s  upd=17215  L=0.0091  D=0.559
[regir_nocount] 12:39:50  694,495/1,000,000  15.2/s  upd=17224  L=0.0240  D=0.559
[regir_nocount] 12:40:01  694,825/1,000,000  15.2/s  upd=17229  L=0.0133  D=0.559
[regir_nocount] 12:40:12  695,156/1,000,000  15.2/s  upd=17238  L=0.0321  D=0.559
[regir_nocount] 12:40:22  695,446/1,000,000  15.2/s  upd=17246  L=0.0129  D=0.559
[regir_nocount] 12:40:33  695,740/1,000,000  15.2/s  upd=17251  L=0.0279  D=0.559
[regir_nocount] 12:40:43  696,065/1,000,000  15.2/s  upd=17259  L=0.0175  D=0.559
[regir_nocount] 12:40:53  696,065/1,000,000  15.2/s  upd=17264  L=0.0133  D=0.559
[regir_nocount] 12:41:04  696,401/1,000,000  15.3/s  upd=17269  L=0.0141  D=0.559
[regir_nocount] 12:41:14  696,703/1,000,000  15.3/s  upd=17275  L=0.0267  D=0.559
[regir_nocount] 12:41:24  696,703/1,000,000  15.3/s  upd=17280  L=0.0138  D=0.559
[regir_nocount] 12:41:35  697,055/1,000,000  15.3/s  upd=17285  L=0.0122  D=0.559
[regir_nocount] 12:41:45  697,055/1,000,000  15.3/s  upd=17288  L=0.0172  D=0.559
[regir_nocount] 12:41:56  697,411/1,000,000  15.3/s  upd=17294  L=0.0279  D=0.559
[regir_nocount] 12:42:06  697,749/1,000,000  15.3/s  upd=17300  L=0.0197  D=0.559
[regir_nocount] 12:42:16  697,749/1,000,000  15.3/s  upd=17304  L=0.0177  D=0.559
[regir_nocount] 12:42:26  698,059/1,000,000  15.3/s  upd=17312  L=0.0190  D=0.559
[regir_nocount] 12:42:36  698,367/1,000,000  15.3/s  upd=17315  L=0.0223  D=0.559
[regir_nocount] 12:42:46  698,367/1,000,000  15.3/s  upd=17320  L=0.0162  D=0.559
[regir_nocount] 12:42:56  698,653/1,000,000  15.3/s  upd=17328  L=0.0157  D=0.559
[regir_nocount] 12:43:06  698,952/1,000,000  15.3/s  upd=17332  L=0.0187  D=0.559
[regir_nocount] 12:43:16  698,952/1,000,000  15.3/s  upd=17336  L=0.0132  D=0.559
[regir_nocount] 12:43:27  699,280/1,000,000  15.3/s  upd=17344  L=0.0224  D=0.559
[regir_nocount] 12:43:38  699,901/1,000,000  15.3/s  upd=17353  L=0.0208  D=0.559
[regir_nocount] 12:43:48  700,202/1,000,000  15.3/s  upd=17361  L=0.0141  D=0.559
[regir_nocount] saved resume t_env=700,202
[regir_nocount] 12:44:12  700,202/1,000,000  15.3/s  upd=17368  L=0.0165  ev=0/100  D=0.559
[regir_nocount] 12:44:22  700,202/1,000,000  15.3/s  upd=17368  L=0.0165  ev=16/100  D=0.559
[regir_nocount] 12:44:32  700,202/1,000,000  15.3/s  upd=17368  L=0.0165  ev=32/100  D=0.559
[regir_nocount] 12:44:42  700,202/1,000,000  15.3/s  upd=17368  L=0.0165  ev=56/100  D=0.559
[regir_nocount] 12:44:52  700,202/1,000,000  15.3/s  upd=17368  L=0.0165  ev=79/100  D=0.559
[regir_nocount] 12:46:03  700,202/1,000,000  15.2/s  upd=17368  L=0.0165  D=0.708
[regir_nocount] 12:48:04  700,202/1,000,000  15.2/s  upd=17368  L=0.0165  D=0.708
[regir_nocount] 12:48:14  700,475/1,000,000  15.2/s  upd=17373  L=0.0183  D=0.708
[regir_nocount] 12:48:25  700,806/1,000,000  15.2/s  upd=17377  L=0.0130  D=0.708
[regir_nocount] 12:48:35  700,806/1,000,000  15.2/s  upd=17384  L=0.0151  D=0.708
[regir_nocount] 12:48:45  701,147/1,000,000  15.2/s  upd=17391  L=0.0207  D=0.708
[regir_nocount] 12:48:56  701,437/1,000,000  15.2/s  upd=17398  L=0.0141  D=0.708
[regir_nocount] 12:49:06  701,764/1,000,000  15.2/s  upd=17408  L=0.0194  D=0.708
[regir_nocount] 12:49:16  702,382/1,000,000  15.2/s  upd=17417  L=0.0202  D=0.708
[regir_nocount] 12:49:27  702,702/1,000,000  15.2/s  upd=17429  L=0.0175  D=0.708
[regir_nocount] 12:49:37  702,994/1,000,000  15.2/s  upd=17439  L=0.0133  D=0.708
[regir_nocount] 12:49:47  703,318/1,000,000  15.2/s  upd=17448  L=0.0119  D=0.708
[regir_nocount] 12:49:57  703,919/1,000,000  15.2/s  upd=17458  L=0.0263  D=0.708
[regir_nocount] 12:50:08  704,240/1,000,000  15.2/s  upd=17470  L=0.0117  D=0.708
[regir_nocount] 12:50:19  704,564/1,000,000  15.2/s  upd=17479  L=0.0147  D=0.708
[regir_nocount] 12:50:30  704,891/1,000,000  15.2/s  upd=17485  L=0.0118  D=0.708
[regir_nocount] 12:50:40  705,219/1,000,000  15.3/s  upd=17494  L=0.0197  D=0.708
[regir_nocount] 12:50:51  705,533/1,000,000  15.3/s  upd=17501  L=0.0148  D=0.708
[regir_nocount] 12:51:02  705,867/1,000,000  15.3/s  upd=17509  L=0.0209  D=0.708
[regir_nocount] 12:51:12  706,200/1,000,000  15.3/s  upd=17516  L=0.0226  D=0.708
[regir_nocount] 12:51:23  706,549/1,000,000  15.3/s  upd=17521  L=0.0160  D=0.708
[regir_nocount] 12:51:33  706,549/1,000,000  15.3/s  upd=17528  L=0.0259  D=0.708
[regir_nocount] 12:51:43  706,888/1,000,000  15.3/s  upd=17536  L=0.0255  D=0.708
[regir_nocount] 12:51:54  707,264/1,000,000  15.3/s  upd=17543  L=0.0148  D=0.708
[regir_nocount] 12:52:04  707,584/1,000,000  15.3/s  upd=17551  L=0.0160  D=0.708
[regir_nocount] 12:52:14  707,880/1,000,000  15.3/s  upd=17557  L=0.0243  D=0.708
[regir_nocount] 12:52:25  708,165/1,000,000  15.3/s  upd=17563  L=0.0107  D=0.708
[regir_nocount] 12:52:35  708,459/1,000,000  15.3/s  upd=17569  L=0.0165  D=0.708
[regir_nocount] 12:52:46  708,459/1,000,000  15.3/s  upd=17576  L=0.0207  D=0.708
[regir_nocount] 12:52:56  708,757/1,000,000  15.3/s  upd=17584  L=0.0128  D=0.708
[regir_nocount] 12:54:14  709,050/1,000,000  15.3/s  upd=17592  L=0.0254  D=0.708
[regir_nocount] saved resume t_env=709,404
[regir_nocount] 12:54:24  709,404/1,000,000  15.3/s  upd=17600  L=0.0147  D=0.708
[regir_nocount] 12:54:34  709,779/1,000,000  15.3/s  upd=17606  L=0.0213  D=0.708
[regir_nocount] 12:54:44  710,096/1,000,000  15.3/s  upd=17614  L=0.0157  D=0.708
[regir_nocount] 12:54:55  710,439/1,000,000  15.3/s  upd=17620  L=0.0228  D=0.708
[regir_nocount] 12:55:07  710,754/1,000,000  15.3/s  upd=17627  L=0.0338  D=0.708
[regir_nocount] 12:55:18  711,074/1,000,000  15.3/s  upd=17634  L=0.0199  D=0.708
[regir_nocount] 12:55:29  711,390/1,000,000  15.3/s  upd=17641  L=0.0207  D=0.708
[regir_nocount] 12:55:40  711,716/1,000,000  15.3/s  upd=17649  L=0.0166  D=0.708
[regir_nocount] 12:55:50  712,068/1,000,000  15.3/s  upd=17657  L=0.0186  D=0.708
[regir_nocount] 12:56:00  712,068/1,000,000  15.3/s  upd=17664  L=0.0154  D=0.708
[regir_nocount] 12:56:11  712,729/1,000,000  15.3/s  upd=17673  L=0.0277  D=0.708
[regir_nocount] 12:56:21  712,729/1,000,000  15.3/s  upd=17680  L=0.0206  D=0.708
[regir_nocount] 12:56:31  713,367/1,000,000  15.3/s  upd=17689  L=0.0181  D=0.708
[regir_nocount] 12:56:42  713,717/1,000,000  15.3/s  upd=17698  L=0.0203  D=0.708
[regir_nocount] 12:56:53  714,060/1,000,000  15.3/s  upd=17709  L=0.0310  D=0.708
[regir_nocount] 12:57:04  714,404/1,000,000  15.3/s  upd=17718  L=0.0131  D=0.708
[regir_nocount] 12:57:14  714,721/1,000,000  15.3/s  upd=17728  L=0.0165  D=0.708
[regir_nocount] 12:57:24  715,398/1,000,000  15.3/s  upd=17739  L=0.0160  D=0.708
[regir_nocount] 12:57:34  715,699/1,000,000  15.3/s  upd=17748  L=0.0199  D=0.708
[regir_nocount] 12:57:45  716,313/1,000,000  15.3/s  upd=17762  L=0.0149  D=0.708
[regir_nocount] 12:57:56  716,590/1,000,000  15.4/s  upd=17769  L=0.0165  D=0.708
[regir_nocount] 12:58:07  716,864/1,000,000  15.4/s  upd=17779  L=0.0240  D=0.708
[regir_nocount] 12:58:17  717,219/1,000,000  15.4/s  upd=17785  L=0.0174  D=0.708
[regir_nocount] 12:58:28  717,219/1,000,000  15.4/s  upd=17792  L=0.0158  D=0.708
[regir_nocount] 12:58:39  717,574/1,000,000  15.4/s  upd=17797  L=0.0210  D=0.708
[regir_nocount] 12:58:49  717,932/1,000,000  15.4/s  upd=17801  L=0.0212  D=0.708
[regir_nocount] 12:58:59  717,932/1,000,000  15.4/s  upd=17808  L=0.0170  D=0.708
[regir_nocount] 12:59:09  718,266/1,000,000  15.4/s  upd=17814  L=0.0202  D=0.708
[regir_nocount] 12:59:20  718,630/1,000,000  15.4/s  upd=17817  L=0.0219  D=0.708
[regir_nocount] 12:59:58  718,630/1,000,000  15.4/s  upd=17824  L=0.0262  D=0.708
[regir_nocount] 13:00:09  718,908/1,000,000  15.4/s  upd=17830  L=0.0241  D=0.708
[regir_nocount] 13:00:19  719,249/1,000,000  15.4/s  upd=17836  L=0.0206  D=0.708
[regir_nocount] 13:00:30  719,554/1,000,000  15.4/s  upd=17843  L=0.0127  D=0.708
[regir_nocount] 13:00:40  719,861/1,000,000  15.4/s  upd=17851  L=0.0147  D=0.708
[regir_nocount] 13:00:51  720,232/1,000,000  15.4/s  upd=17858  L=0.0153  D=0.708
[regir_nocount] saved resume t_env=720,232
[regir_nocount] 13:01:15  720,232/1,000,000  15.4/s  upd=17864  L=0.0124  ev=0/100  D=0.708
[regir_nocount] 13:01:25  720,232/1,000,000  15.4/s  upd=17864  L=0.0124  ev=16/100  D=0.708
[regir_nocount] 13:01:35  720,232/1,000,000  15.4/s  upd=17864  L=0.0124  ev=24/100  D=0.708
[regir_nocount] 13:01:45  720,232/1,000,000  15.4/s  upd=17864  L=0.0124  ev=40/100  D=0.708
[regir_nocount] 13:01:55  720,232/1,000,000  15.4/s  upd=17864  L=0.0124  ev=53/100  D=0.708
[regir_nocount] 13:02:05  720,232/1,000,000  15.3/s  upd=17864  L=0.0124  ev=69/100  D=0.708
[regir_nocount] 13:02:15  720,232/1,000,000  15.3/s  upd=17864  L=0.0124  ev=88/100  D=0.708
[regir_nocount] 13:02:49  720,232/1,000,000  15.3/s  upd=17864  L=0.0124  D=0.582
[regir_nocount] 13:03:00  720,572/1,000,000  15.3/s  upd=17872  L=0.0146  D=0.582
[regir_nocount] 13:03:10  721,191/1,000,000  15.3/s  upd=17882  L=0.0191  D=0.582
[regir_nocount] 13:03:20  721,507/1,000,000  15.4/s  upd=17891  L=0.0203  D=0.582
[regir_nocount] 13:03:30  721,867/1,000,000  15.4/s  upd=17900  L=0.0132  D=0.582
[regir_nocount] 13:03:42  722,167/1,000,000  15.4/s  upd=17910  L=0.0190  D=0.582
[regir_nocount] 13:03:52  722,773/1,000,000  15.4/s  upd=17921  L=0.0321  D=0.582
[regir_nocount] 13:04:02  723,088/1,000,000  15.4/s  upd=17930  L=0.0194  D=0.582
[regir_nocount] 13:04:12  723,088/1,000,000  15.4/s  upd=17936  L=0.0241  D=0.582
[regir_nocount] 13:04:22  723,467/1,000,000  15.4/s  upd=17944  L=0.0199  D=0.582
[regir_nocount] 13:04:32  723,809/1,000,000  15.4/s  upd=17952  L=0.0163  D=0.582
[regir_nocount] 13:04:43  724,132/1,000,000  15.4/s  upd=17960  L=0.0188  D=0.582
[regir_nocount] 13:04:53  724,403/1,000,000  15.4/s  upd=17967  L=0.0167  D=0.582
[regir_nocount] 13:05:04  724,739/1,000,000  15.4/s  upd=17976  L=0.0170  D=0.582
[regir_nocount] 13:08:28  724,739/1,000,000  15.3/s  upd=17976  L=0.0170  D=0.582
[regir_nocount] 13:08:39  725,334/1,000,000  15.3/s  upd=17987  L=0.0151  D=0.582
[regir_nocount] 13:08:50  725,662/1,000,000  15.3/s  upd=17998  L=0.0171  D=0.582
[regir_nocount] 13:09:00  725,988/1,000,000  15.3/s  upd=18008  L=0.0226  D=0.582
[regir_nocount] 13:09:11  726,614/1,000,000  15.3/s  upd=18019  L=0.0183  D=0.582
[regir_nocount] 13:09:21  726,944/1,000,000  15.3/s  upd=18031  L=0.0232  D=0.582
[regir_nocount] 13:09:31  727,571/1,000,000  15.4/s  upd=18042  L=0.0190  D=0.582
[regir_nocount] 13:09:42  727,864/1,000,000  15.4/s  upd=18052  L=0.0123  D=0.582
[regir_nocount] 13:09:52  728,189/1,000,000  15.4/s  upd=18060  L=0.0187  D=0.582
[regir_nocount] 13:10:03  728,494/1,000,000  15.4/s  upd=18067  L=0.0206  D=0.582
[regir_nocount] 13:10:13  728,775/1,000,000  15.4/s  upd=18076  L=0.0270  D=0.582
[regir_nocount] 13:10:23  729,144/1,000,000  15.4/s  upd=18081  L=0.0134  D=0.582
[regir_nocount] 13:10:34  729,435/1,000,000  15.4/s  upd=18089  L=0.0120  D=0.582
[regir_nocount] 13:10:44  729,435/1,000,000  15.4/s  upd=18096  L=0.0223  D=0.582
[regir_nocount] 13:10:54  729,744/1,000,000  15.4/s  upd=18104  L=0.0192  D=0.582
[regir_nocount] saved resume t_env=730,088
[regir_nocount] 13:11:05  730,088/1,000,000  15.4/s  upd=18112  L=0.0212  D=0.582
[regir_nocount] 13:11:16  730,806/1,000,000  15.4/s  upd=18121  L=0.0197  D=0.582
[regir_nocount] 13:11:26  731,125/1,000,000  15.4/s  upd=18135  L=0.0186  D=0.582
[regir_nocount] 13:11:37  731,800/1,000,000  15.4/s  upd=18148  L=0.0170  D=0.582
[regir_nocount] 13:11:47  732,098/1,000,000  15.4/s  upd=18160  L=0.0202  D=0.582
[regir_nocount] 13:11:57  732,453/1,000,000  15.4/s  upd=18168  L=0.0166  D=0.582
[regir_nocount] 13:12:07  733,076/1,000,000  15.4/s  upd=18178  L=0.0136  D=0.582
[regir_nocount] 13:12:18  733,352/1,000,000  15.4/s  upd=18188  L=0.0136  D=0.582
[regir_nocount] 13:12:28  733,663/1,000,000  15.4/s  upd=18198  L=0.0173  D=0.582
[regir_nocount] 13:12:38  733,981/1,000,000  15.4/s  upd=18208  L=0.0180  D=0.582
[regir_nocount] 13:12:48  734,623/1,000,000  15.4/s  upd=18217  L=0.0248  D=0.582
[regir_nocount] 13:12:59  734,913/1,000,000  15.4/s  upd=18228  L=0.0216  D=0.582
[regir_nocount] 13:13:10  735,183/1,000,000  15.4/s  upd=18239  L=0.0195  D=0.582
[regir_nocount] 13:13:21  735,508/1,000,000  15.5/s  upd=18247  L=0.0181  D=0.582
[regir_nocount] 13:13:32  735,823/1,000,000  15.5/s  upd=18252  L=0.0138  D=0.582
[regir_nocount] 13:15:42  735,823/1,000,000  15.4/s  upd=18256  L=0.0177  D=0.582
[regir_nocount] 13:15:52  736,445/1,000,000  15.4/s  upd=18265  L=0.0166  D=0.582
[regir_nocount] 13:16:03  736,774/1,000,000  15.4/s  upd=18275  L=0.0114  D=0.582
[regir_nocount] 13:16:13  737,057/1,000,000  15.4/s  upd=18285  L=0.0196  D=0.582
[regir_nocount] 13:16:24  737,299/1,000,000  15.4/s  upd=18294  L=0.0183  D=0.582
[regir_nocount] 13:16:34  737,598/1,000,000  15.4/s  upd=18300  L=0.0232  D=0.582
[regir_nocount] 13:16:44  737,864/1,000,000  15.4/s  upd=18308  L=0.0220  D=0.582
[regir_nocount] 13:16:55  738,145/1,000,000  15.4/s  upd=18314  L=0.0120  D=0.582
[regir_nocount] 13:17:05  738,419/1,000,000  15.4/s  upd=18323  L=0.0187  D=0.582
[regir_nocount] 13:17:15  738,706/1,000,000  15.4/s  upd=18332  L=0.0249  D=0.582
[regir_nocount] 13:17:26  738,993/1,000,000  15.4/s  upd=18340  L=0.0130  D=0.582
[regir_nocount] 13:17:37  739,266/1,000,000  15.4/s  upd=18349  L=0.0129  D=0.582
[regir_nocount] 13:17:48  739,539/1,000,000  15.4/s  upd=18357  L=0.0265  D=0.582
[regir_nocount] 13:18:00  739,849/1,000,000  15.5/s  upd=18364  L=0.0137  D=0.582
[regir_nocount] 13:18:11  740,151/1,000,000  15.5/s  upd=18372  L=0.0188  D=0.582
[regir_nocount] saved resume t_env=740,151
[regir_nocount] 13:18:34  740,151/1,000,000  15.4/s  upd=18376  L=0.0208  ev=0/100  D=0.582
[regir_nocount] 13:18:44  740,151/1,000,000  15.4/s  upd=18376  L=0.0208  ev=24/100  D=0.582
[regir_nocount] 13:18:55  740,151/1,000,000  15.4/s  upd=18376  L=0.0208  ev=48/100  D=0.582
[regir_nocount] 13:19:05  740,151/1,000,000  15.4/s  upd=18376  L=0.0208  ev=78/100  D=0.582
[regir_nocount] 13:19:15  740,151/1,000,000  15.4/s  upd=18376  L=0.0208  ev=98/100  D=0.582
[regir_nocount] 13:20:54  740,151/1,000,000  15.4/s  upd=18376  L=0.0208  D=0.486
[regir_nocount] 13:22:31  740,151/1,000,000  15.4/s  upd=18376  L=0.0208  D=0.486
[regir_nocount] 13:22:41  740,434/1,000,000  15.4/s  upd=18384  L=0.0166  D=0.486
[regir_nocount] 13:22:52  740,737/1,000,000  15.4/s  upd=18392  L=0.0183  D=0.486
[regir_nocount] 13:23:03  741,013/1,000,000  15.4/s  upd=18398  L=0.0258  D=0.486
[regir_nocount] 13:23:13  741,381/1,000,000  15.4/s  upd=18403  L=0.0154  D=0.486
[regir_nocount] 13:23:23  741,649/1,000,000  15.4/s  upd=18410  L=0.0177  D=0.486
[regir_nocount] 13:23:33  741,649/1,000,000  15.4/s  upd=18416  L=0.0222  D=0.486
[regir_nocount] 13:23:43  741,949/1,000,000  15.4/s  upd=18424  L=0.0154  D=0.486
[regir_nocount] 13:23:53  742,237/1,000,000  15.4/s  upd=18432  L=0.0179  D=0.486
[regir_nocount] 13:24:03  742,581/1,000,000  15.4/s  upd=18440  L=0.0188  D=0.486
[regir_nocount] 13:24:13  742,902/1,000,000  15.4/s  upd=18448  L=0.0147  D=0.486
[regir_nocount] 13:24:25  743,187/1,000,000  15.4/s  upd=18455  L=0.0141  D=0.486
[regir_nocount] 13:24:36  743,487/1,000,000  15.4/s  upd=18460  L=0.0151  D=0.486
[regir_nocount] 13:24:46  743,750/1,000,000  15.4/s  upd=18466  L=0.0244  D=0.486
[regir_nocount] 13:24:57  743,750/1,000,000  15.4/s  upd=18472  L=0.0170  D=0.486
[regir_nocount] 13:25:07  744,097/1,000,000  15.4/s  upd=18480  L=0.0250  D=0.486
[regir_nocount] 13:25:17  744,712/1,000,000  15.4/s  upd=18490  L=0.0216  D=0.486
[regir_nocount] 13:25:27  745,031/1,000,000  15.4/s  upd=18502  L=0.0117  D=0.486
[regir_nocount] 13:25:38  745,345/1,000,000  15.4/s  upd=18511  L=0.0319  D=0.486
[regir_nocount] 13:25:48  745,650/1,000,000  15.4/s  upd=18520  L=0.0137  D=0.486
[regir_nocount] 13:25:58  745,941/1,000,000  15.4/s  upd=18527  L=0.0203  D=0.486
[regir_nocount] 13:26:09  746,253/1,000,000  15.4/s  upd=18535  L=0.0209  D=0.486
[regir_nocount] 13:26:19  746,568/1,000,000  15.4/s  upd=18542  L=0.0121  D=0.486
[regir_nocount] 13:26:30  746,882/1,000,000  15.4/s  upd=18551  L=0.0160  D=0.486
[regir_nocount] 13:26:40  747,199/1,000,000  15.4/s  upd=18560  L=0.0150  D=0.486
[regir_nocount] 13:26:50  747,548/1,000,000  15.4/s  upd=18568  L=0.0165  D=0.486
[regir_nocount] 13:27:00  747,871/1,000,000  15.4/s  upd=18576  L=0.0208  D=0.486
[regir_nocount] 13:27:10  748,193/1,000,000  15.4/s  upd=18584  L=0.0142  D=0.486
[regir_nocount] 13:27:20  748,548/1,000,000  15.5/s  upd=18592  L=0.0124  D=0.486
[regir_nocount] 13:27:30  748,906/1,000,000  15.5/s  upd=18600  L=0.0138  D=0.486
[regir_nocount] 13:28:30  749,280/1,000,000  15.4/s  upd=18608  L=0.0280  D=0.486
[regir_nocount] saved resume t_env=749,606
[regir_nocount] 13:28:42  749,606/1,000,000  15.4/s  upd=18616  L=0.0229  D=0.486
[regir_nocount] 13:28:52  750,292/1,000,000  15.5/s  upd=18627  L=0.0151  D=0.486
[regir_nocount] 13:29:03  750,643/1,000,000  15.5/s  upd=18636  L=0.0115  D=0.486
[regir_nocount] 13:29:13  750,941/1,000,000  15.5/s  upd=18644  L=0.0172  D=0.486
[regir_nocount] 13:29:24  751,246/1,000,000  15.5/s  upd=18653  L=0.0321  D=0.486
[regir_nocount] 13:29:34  751,598/1,000,000  15.5/s  upd=18664  L=0.0157  D=0.486
[regir_nocount] 13:29:44  751,920/1,000,000  15.5/s  upd=18670  L=0.0155  D=0.486
[regir_nocount] 13:29:55  752,231/1,000,000  15.5/s  upd=18679  L=0.0096  D=0.486
[regir_nocount] 13:30:06  752,503/1,000,000  15.5/s  upd=18687  L=0.0182  D=0.486
[regir_nocount] 13:30:16  752,819/1,000,000  15.5/s  upd=18696  L=0.0147  D=0.486
[regir_nocount] 13:30:27  753,132/1,000,000  15.5/s  upd=18703  L=0.0175  D=0.486
[regir_nocount] 13:30:37  753,407/1,000,000  15.5/s  upd=18712  L=0.0133  D=0.486
[regir_nocount] 13:30:48  753,984/1,000,000  15.5/s  upd=18721  L=0.0219  D=0.486
[regir_nocount] 13:30:58  753,984/1,000,000  15.5/s  upd=18728  L=0.0189  D=0.486
[regir_nocount] 13:31:09  754,249/1,000,000  15.5/s  upd=18734  L=0.0132  D=0.486
[regir_nocount] 13:31:20  754,572/1,000,000  15.5/s  upd=18741  L=0.0173  D=0.486
[regir_nocount] 13:31:31  754,864/1,000,000  15.5/s  upd=18749  L=0.0284  D=0.486
[regir_nocount] 13:31:41  755,191/1,000,000  15.5/s  upd=18754  L=0.0210  D=0.486
[regir_nocount] 13:31:51  755,479/1,000,000  15.5/s  upd=18761  L=0.0179  D=0.486
[regir_nocount] 13:32:01  755,479/1,000,000  15.5/s  upd=18768  L=0.0094  D=0.486
[regir_nocount] 13:32:12  755,810/1,000,000  15.5/s  upd=18776  L=0.0136  D=0.486
[regir_nocount] 13:32:22  756,053/1,000,000  15.5/s  upd=18784  L=0.0162  D=0.486
[regir_nocount] 13:32:32  756,316/1,000,000  15.5/s  upd=18792  L=0.0180  D=0.486
[regir_nocount] 13:32:43  756,590/1,000,000  15.5/s  upd=18800  L=0.0072  D=0.486
[regir_nocount] 13:32:53  756,855/1,000,000  15.5/s  upd=18807  L=0.0163  D=0.486
[regir_nocount] 13:33:04  757,126/1,000,000  15.5/s  upd=18815  L=0.0216  D=0.486
[regir_nocount] 13:33:14  757,429/1,000,000  15.5/s  upd=18823  L=0.0154  D=0.486
[regir_nocount] 13:33:24  757,748/1,000,000  15.5/s  upd=18828  L=0.0146  D=0.486
[regir_nocount] 13:33:35  758,027/1,000,000  15.5/s  upd=18835  L=0.0134  D=0.486
[regir_nocount] 13:36:19  758,027/1,000,000  15.5/s  upd=18840  L=0.0153  D=0.486
[regir_nocount] 13:36:30  758,575/1,000,000  15.5/s  upd=18850  L=0.0194  D=0.486
[regir_nocount] 13:36:40  758,831/1,000,000  15.5/s  upd=18861  L=0.0180  D=0.486
[regir_nocount] 13:36:51  759,405/1,000,000  15.5/s  upd=18875  L=0.0166  D=0.486
[regir_nocount] 13:37:01  760,000/1,000,000  15.5/s  upd=18889  L=0.0133  D=0.486
[regir_nocount] saved resume t_env=760,000
[regir_nocount] 13:37:25  760,000/1,000,000  15.5/s  upd=18896  L=0.0157  ev=0/100  D=0.486
[regir_nocount] 13:40:01  760,000/1,000,000  15.4/s  upd=18896  L=0.0157  D=0.560
[regir_nocount] 13:40:14  760,320/1,000,000  15.4/s  upd=18903  L=0.0116  D=0.560
[regir_nocount] 13:40:25  760,598/1,000,000  15.5/s  upd=18910  L=0.0169  D=0.560
[regir_nocount] 13:40:36  760,884/1,000,000  15.5/s  upd=18915  L=0.0187  D=0.560
[regir_nocount] 13:40:46  761,158/1,000,000  15.5/s  upd=18923  L=0.0210  D=0.560
[regir_nocount] 13:40:57  761,444/1,000,000  15.5/s  upd=18929  L=0.0119  D=0.560
[regir_nocount] 13:41:07  761,444/1,000,000  15.5/s  upd=18936  L=0.0134  D=0.560
[regir_nocount] 13:41:17  761,716/1,000,000  15.5/s  upd=18944  L=0.0105  D=0.560
[regir_nocount] 13:43:46  762,041/1,000,000  15.4/s  upd=18952  L=0.0140  D=0.560
[regir_nocount] 13:43:56  762,581/1,000,000  15.4/s  upd=18967  L=0.0160  D=0.560
[regir_nocount] 13:44:07  763,134/1,000,000  15.4/s  upd=18982  L=0.0298  D=0.560
[regir_nocount] 13:44:17  763,711/1,000,000  15.4/s  upd=18996  L=0.0118  D=0.560
[regir_nocount] 13:44:27  764,216/1,000,000  15.4/s  upd=19011  L=0.0122  D=0.560
[regir_nocount] 13:44:38  764,832/1,000,000  15.5/s  upd=19025  L=0.0128  D=0.560
[regir_nocount] 13:44:49  765,362/1,000,000  15.5/s  upd=19041  L=0.0130  D=0.560
[regir_nocount] 13:44:59  765,910/1,000,000  15.5/s  upd=19057  L=0.0197  D=0.560
[regir_nocount] 13:45:10  766,203/1,000,000  15.5/s  upd=19068  L=0.0133  D=0.560
[regir_nocount] 13:45:20  766,576/1,000,000  15.5/s  upd=19078  L=0.0158  D=0.560
[regir_nocount] 13:45:30  766,877/1,000,000  15.5/s  upd=19088  L=0.0140  D=0.560
[regir_nocount] 13:45:41  767,176/1,000,000  15.5/s  upd=19094  L=0.0137  D=0.560
[regir_nocount] 13:45:51  767,428/1,000,000  15.5/s  upd=19101  L=0.0213  D=0.560
[regir_nocount] 13:46:01  767,428/1,000,000  15.5/s  upd=19104  L=0.0114  D=0.560
[regir_nocount] 13:46:11  767,702/1,000,000  15.5/s  upd=19112  L=0.0286  D=0.560
[regir_nocount] 13:46:22  767,960/1,000,000  15.5/s  upd=19116  L=0.0182  D=0.560
[regir_nocount] 13:46:33  768,273/1,000,000  15.5/s  upd=19123  L=0.0145  D=0.560
[regir_nocount] 13:46:43  768,273/1,000,000  15.5/s  upd=19128  L=0.0174  D=0.560
[regir_nocount] 13:46:53  768,556/1,000,000  15.5/s  upd=19136  L=0.0172  D=0.560
[regir_nocount] 13:47:04  768,859/1,000,000  15.5/s  upd=19137  L=0.0152  D=0.560
[regir_nocount] saved resume t_env=768,859
[regir_nocount] 13:47:14  768,859/1,000,000  15.5/s  upd=19144  L=0.0199  D=0.560
[regir_nocount] 13:47:25  769,128/1,000,000  15.5/s  upd=19148  L=0.0118  D=0.560
[regir_nocount] 13:47:35  769,402/1,000,000  15.5/s  upd=19154  L=0.0172  D=0.560
[regir_nocount] 13:47:45  769,402/1,000,000  15.5/s  upd=19160  L=0.0109  D=0.560
[regir_nocount] 13:47:56  769,653/1,000,000  15.5/s  upd=19167  L=0.0154  D=0.560
[regir_nocount] 13:48:06  769,945/1,000,000  15.5/s  upd=19169  L=0.0177  D=0.560
[regir_nocount] 13:48:16  769,945/1,000,000  15.5/s  upd=19176  L=0.0142  D=0.560
[regir_nocount] 13:48:26  770,206/1,000,000  15.5/s  upd=19184  L=0.0274  D=0.560
[regir_nocount] 13:48:37  770,517/1,000,000  15.5/s  upd=19191  L=0.0129  D=0.560
[regir_nocount] 13:48:48  770,803/1,000,000  15.5/s  upd=19196  L=0.0145  D=0.560
[regir_nocount] 13:49:33  770,803/1,000,000  15.5/s  upd=19200  L=0.0136  D=0.560
[regir_nocount] 13:49:44  771,062/1,000,000  15.5/s  upd=19203  L=0.0115  D=0.560
[regir_nocount] 13:49:54  771,062/1,000,000  15.5/s  upd=19208  L=0.0242  D=0.560
[regir_nocount] 13:50:04  771,352/1,000,000  15.5/s  upd=19212  L=0.0170  D=0.560
[regir_nocount] 13:50:14  771,662/1,000,000  15.5/s  upd=19219  L=0.0169  D=0.560
[regir_nocount] 13:50:24  771,950/1,000,000  15.5/s  upd=19227  L=0.0124  D=0.560
[regir_nocount] 13:50:36  772,223/1,000,000  15.5/s  upd=19239  L=0.0154  D=0.560
[regir_nocount] 13:50:48  772,802/1,000,000  15.5/s  upd=19250  L=0.0130  D=0.560
[regir_nocount] 13:50:58  773,068/1,000,000  15.5/s  upd=19260  L=0.0167  D=0.560
[regir_nocount] 13:51:09  773,344/1,000,000  15.5/s  upd=19267  L=0.0146  D=0.560
[regir_nocount] 13:51:19  773,621/1,000,000  15.5/s  upd=19277  L=0.0134  D=0.560
[regir_nocount] 13:51:30  773,923/1,000,000  15.5/s  upd=19285  L=0.0283  D=0.560
[regir_nocount] 13:51:40  774,229/1,000,000  15.5/s  upd=19294  L=0.0148  D=0.560
[regir_nocount] 13:51:51  774,475/1,000,000  15.5/s  upd=19300  L=0.0171  D=0.560
[regir_nocount] 13:52:01  774,737/1,000,000  15.5/s  upd=19307  L=0.0237  D=0.560
[regir_nocount] 13:52:11  774,737/1,000,000  15.5/s  upd=19312  L=0.0163  D=0.560
[regir_nocount] 13:52:22  775,034/1,000,000  15.5/s  upd=19320  L=0.0157  D=0.560
[regir_nocount] 13:52:32  775,324/1,000,000  15.5/s  upd=19328  L=0.0150  D=0.560
[regir_nocount] 13:52:43  775,632/1,000,000  15.5/s  upd=19331  L=0.0117  D=0.560
[regir_nocount] 13:52:53  775,876/1,000,000  15.5/s  upd=19339  L=0.0263  D=0.560
[regir_nocount] 13:53:04  776,142/1,000,000  15.5/s  upd=19346  L=0.0120  D=0.560
[regir_nocount] 13:53:14  776,142/1,000,000  15.5/s  upd=19352  L=0.0154  D=0.560
[regir_nocount] 13:53:24  776,397/1,000,000  15.5/s  upd=19360  L=0.0127  D=0.560
[regir_nocount] 13:53:34  776,705/1,000,000  15.5/s  upd=19367  L=0.0115  D=0.560
[regir_nocount] 13:53:45  776,969/1,000,000  15.5/s  upd=19374  L=0.0167  D=0.560
[regir_nocount] 13:53:55  777,225/1,000,000  15.5/s  upd=19383  L=0.0163  D=0.560
[regir_nocount] 13:54:06  777,501/1,000,000  15.5/s  upd=19389  L=0.0175  D=0.560
[regir_nocount] 13:54:16  777,754/1,000,000  15.5/s  upd=19398  L=0.0192  D=0.560
[regir_nocount] 13:54:27  778,036/1,000,000  15.5/s  upd=19403  L=0.0134  D=0.560
[regir_nocount] 13:54:39  778,342/1,000,000  15.5/s  upd=19411  L=0.0138  D=0.560
[regir_nocount] 13:55:40  778,342/1,000,000  15.5/s  upd=19416  L=0.0168  D=0.560
[regir_nocount] 13:55:50  778,592/1,000,000  15.5/s  upd=19417  L=0.0175  D=0.560
[regir_nocount] 13:56:00  778,592/1,000,000  15.5/s  upd=19424  L=0.0166  D=0.560
[regir_nocount] 13:56:12  778,850/1,000,000  15.5/s  upd=19428  L=0.0146  D=0.560
[regir_nocount] 13:56:22  779,121/1,000,000  15.5/s  upd=19435  L=0.0197  D=0.560
[regir_nocount] 13:56:32  779,397/1,000,000  15.5/s  upd=19443  L=0.0257  D=0.560
[regir_nocount] 13:56:43  779,676/1,000,000  15.5/s  upd=19452  L=0.0167  D=0.560
[regir_nocount] 13:56:53  779,978/1,000,000  15.5/s  upd=19461  L=0.0165  D=0.560
[regir_nocount] saved resume t_env=780,269
[regir_nocount] 13:57:22  780,269/1,000,000  15.5/s  upd=19472  L=0.0156  ev=0/100  D=0.560
[regir_nocount] 13:57:32  780,269/1,000,000  15.5/s  upd=19472  L=0.0156  ev=69/100  D=0.560
[regir_nocount] 13:59:54  780,269/1,000,000  15.5/s  upd=19472  L=0.0156  D=0.403
[regir_nocount] 14:00:04  780,522/1,000,000  15.5/s  upd=19480  L=0.0150  D=0.403
[regir_nocount] 14:00:15  780,765/1,000,000  15.5/s  upd=19488  L=0.0158  D=0.403
[regir_nocount] 14:00:25  781,033/1,000,000  15.5/s  upd=19491  L=0.0139  D=0.403
[regir_nocount] 14:00:36  781,364/1,000,000  15.5/s  upd=19498  L=0.0122  D=0.403
[regir_nocount] 14:03:01  781,364/1,000,000  15.4/s  upd=19504  L=0.0192  D=0.403
[regir_nocount] 14:03:11  781,965/1,000,000  15.5/s  upd=19519  L=0.0226  D=0.403
[regir_nocount] 14:03:21  782,510/1,000,000  15.5/s  upd=19535  L=0.0202  D=0.403
[regir_nocount] 14:03:31  783,062/1,000,000  15.5/s  upd=19548  L=0.0125  D=0.403
[regir_nocount] 14:03:41  783,634/1,000,000  15.5/s  upd=19562  L=0.0176  D=0.403
[regir_nocount] 14:03:52  784,225/1,000,000  15.5/s  upd=19581  L=0.0169  D=0.403
[regir_nocount] 14:04:02  784,799/1,000,000  15.5/s  upd=19593  L=0.0132  D=0.403
[regir_nocount] 14:04:13  785,393/1,000,000  15.5/s  upd=19609  L=0.0209  D=0.403
[regir_nocount] 14:04:23  785,682/1,000,000  15.5/s  upd=19624  L=0.0135  D=0.403
[regir_nocount] 14:04:34  786,204/1,000,000  15.5/s  upd=19637  L=0.0233  D=0.403
[regir_nocount] 14:04:44  786,455/1,000,000  15.5/s  upd=19648  L=0.0234  D=0.403
[regir_nocount] 14:04:55  787,027/1,000,000  15.5/s  upd=19660  L=0.0127  D=0.403
[regir_nocount] 14:05:05  787,312/1,000,000  15.5/s  upd=19671  L=0.0207  D=0.403
[regir_nocount] 14:05:15  787,641/1,000,000  15.5/s  upd=19680  L=0.0107  D=0.403
[regir_nocount] 14:05:26  788,294/1,000,000  15.5/s  upd=19691  L=0.0195  D=0.403
[regir_nocount] 14:05:37  788,607/1,000,000  15.5/s  upd=19701  L=0.0174  D=0.403
[regir_nocount] 14:05:47  788,901/1,000,000  15.5/s  upd=19712  L=0.0212  D=0.403
[regir_nocount] 14:05:59  789,185/1,000,000  15.5/s  upd=19720  L=0.0157  D=0.403
[regir_nocount] 14:06:09  789,454/1,000,000  15.5/s  upd=19728  L=0.0166  D=0.403
[regir_nocount] 14:06:19  789,745/1,000,000  15.6/s  upd=19736  L=0.0139  D=0.403
[regir_nocount] 14:06:31  790,049/1,000,000  15.6/s  upd=19743  L=0.0228  D=0.403
[regir_nocount] 14:06:42  790,365/1,000,000  15.6/s  upd=19747  L=0.0267  D=0.403
[regir_nocount] 14:06:52  790,365/1,000,000  15.6/s  upd=19752  L=0.0191  D=0.403
[regir_nocount] 14:07:03  790,678/1,000,000  15.6/s  upd=19759  L=0.0164  D=0.403
[regir_nocount] 14:07:13  790,678/1,000,000  15.6/s  upd=19760  L=0.0172  D=0.403
[regir_nocount] 14:07:23  790,997/1,000,000  15.6/s  upd=19766  L=0.0176  D=0.403
[regir_nocount] saved resume t_env=790,997
[regir_nocount] 14:07:33  790,997/1,000,000  15.6/s  upd=19768  L=0.0190  D=0.403
[regir_nocount] 14:07:44  791,336/1,000,000  15.6/s  upd=19775  L=0.0177  D=0.403
[regir_nocount] 14:07:55  791,593/1,000,000  15.6/s  upd=19780  L=0.0269  D=0.403
[regir_nocount] 14:08:06  791,821/1,000,000  15.6/s  upd=19786  L=0.0177  D=0.403
[regir_nocount] 14:10:00  791,821/1,000,000  15.5/s  upd=19792  L=0.0115  D=0.403
[regir_nocount] 14:10:10  792,072/1,000,000  15.5/s  upd=19798  L=0.0160  D=0.403
[regir_nocount] 14:10:21  792,350/1,000,000  15.5/s  upd=19806  L=0.0196  D=0.403
[regir_nocount] 14:10:31  792,631/1,000,000  15.5/s  upd=19810  L=0.0176  D=0.403
[regir_nocount] 14:10:42  792,943/1,000,000  15.5/s  upd=19818  L=0.0146  D=0.403
[regir_nocount] 14:10:53  793,216/1,000,000  15.5/s  upd=19825  L=0.0164  D=0.403
[regir_nocount] 14:11:03  793,484/1,000,000  15.5/s  upd=19837  L=0.0180  D=0.403
[regir_nocount] 14:11:13  793,749/1,000,000  15.5/s  upd=19848  L=0.0143  D=0.403
[regir_nocount] 14:11:24  794,302/1,000,000  15.5/s  upd=19863  L=0.0241  D=0.403
[regir_nocount] 14:11:34  794,854/1,000,000  15.6/s  upd=19878  L=0.0236  D=0.403
[regir_nocount] 14:11:44  795,390/1,000,000  15.6/s  upd=19891  L=0.0145  D=0.403
[regir_nocount] 14:11:55  795,965/1,000,000  15.6/s  upd=19905  L=0.0152  D=0.403
[regir_nocount] 14:12:05  796,268/1,000,000  15.6/s  upd=19919  L=0.0186  D=0.403
[regir_nocount] 14:12:15  796,802/1,000,000  15.6/s  upd=19935  L=0.0260  D=0.403
[regir_nocount] 14:12:25  797,308/1,000,000  15.6/s  upd=19951  L=0.0214  D=0.403
[regir_nocount] 14:12:36  797,861/1,000,000  15.6/s  upd=19965  L=0.0133  D=0.403
[regir_nocount] 14:12:46  798,090/1,000,000  15.6/s  upd=19976  L=0.0180  D=0.403
[regir_nocount] 14:12:56  798,385/1,000,000  15.6/s  upd=19984  L=0.0168  D=0.403
[regir_nocount] 14:13:06  798,697/1,000,000  15.6/s  upd=19992  L=0.0157  D=0.403
[regir_nocount] 14:13:16  799,244/1,000,000  15.6/s  upd=20001  L=0.0158  D=0.403
[regir_nocount] 14:13:26  799,494/1,000,000  15.6/s  upd=20011  L=0.0167  D=0.403
[regir_nocount] 14:13:37  799,771/1,000,000  15.6/s  upd=20022  L=0.0194  D=0.403
[regir_nocount] saved resume t_env=800,065
[regir_nocount] 14:14:05  800,065/1,000,000  15.6/s  upd=20032  L=0.0159  ev=0/100  D=0.403
[regir_nocount] 14:14:15  800,065/1,000,000  15.6/s  upd=20032  L=0.0159  ev=32/100  D=0.403
[regir_nocount] 14:14:25  800,065/1,000,000  15.6/s  upd=20032  L=0.0159  ev=46/100  D=0.403
[regir_nocount] 14:14:35  800,065/1,000,000  15.6/s  upd=20032  L=0.0159  ev=64/100  D=0.403
[regir_nocount] 14:14:45  800,065/1,000,000  15.6/s  upd=20032  L=0.0159  ev=79/100  D=0.403
[regir_nocount] 14:14:55  800,065/1,000,000  15.6/s  upd=20032  L=0.0159  ev=88/100  D=0.403
[regir_nocount] 14:18:00  800,065/1,000,000  15.5/s  upd=20032  L=0.0159  D=0.519
[regir_nocount] 14:20:05  800,065/1,000,000  15.5/s  upd=20032  L=0.0159  D=0.519
[regir_nocount] 14:20:16  800,652/1,000,000  15.5/s  upd=20041  L=0.0180  D=0.519
[regir_nocount] 14:20:26  800,944/1,000,000  15.5/s  upd=20052  L=0.0122  D=0.519
[regir_nocount] 14:20:37  801,318/1,000,000  15.5/s  upd=20062  L=0.0174  D=0.519
[regir_nocount] 14:20:47  801,546/1,000,000  15.5/s  upd=20070  L=0.0222  D=0.519
[regir_nocount] 14:20:58  801,827/1,000,000  15.5/s  upd=20078  L=0.0267  D=0.519
[regir_nocount] 14:21:09  802,078/1,000,000  15.5/s  upd=20084  L=0.0174  D=0.519
[regir_nocount] 14:21:20  802,362/1,000,000  15.5/s  upd=20091  L=0.0185  D=0.519
[regir_nocount] 14:21:30  802,362/1,000,000  15.5/s  upd=20096  L=0.0257  D=0.519
[regir_nocount] 14:21:41  802,656/1,000,000  15.5/s  upd=20103  L=0.0153  D=0.519
[regir_nocount] 14:21:51  802,926/1,000,000  15.5/s  upd=20106  L=0.0182  D=0.519
[regir_nocount] 14:22:01  802,926/1,000,000  15.5/s  upd=20112  L=0.0174  D=0.519
[regir_nocount] 14:22:13  803,203/1,000,000  15.5/s  upd=20115  L=0.0341  D=0.519
[regir_nocount] 14:22:23  803,487/1,000,000  15.5/s  upd=20121  L=0.0181  D=0.519
[regir_nocount] 14:22:33  803,487/1,000,000  15.5/s  upd=20128  L=0.0149  D=0.519
[regir_nocount] 14:22:43  803,788/1,000,000  15.5/s  upd=20136  L=0.0157  D=0.519
[regir_nocount] 14:22:54  804,035/1,000,000  15.5/s  upd=20139  L=0.0160  D=0.519
[regir_nocount] 14:23:05  804,310/1,000,000  15.5/s  upd=20146  L=0.0119  D=0.519
[regir_nocount] 14:23:15  804,628/1,000,000  15.5/s  upd=20153  L=0.0146  D=0.519
[regir_nocount] 14:23:26  804,896/1,000,000  15.5/s  upd=20162  L=0.0234  D=0.519
[regir_nocount] 14:23:37  805,177/1,000,000  15.5/s  upd=20170  L=0.0203  D=0.519
[regir_nocount] 14:23:48  805,419/1,000,000  15.5/s  upd=20180  L=0.0158  D=0.519
[regir_nocount] saved resume t_env=805,419
[regir_nocount] 14:24:00  805,694/1,000,000  15.5/s  upd=20186  L=0.0145  D=0.519
[regir_nocount] 14:24:10  806,020/1,000,000  15.5/s  upd=20196  L=0.0258  D=0.519
[regir_nocount] 14:24:21  806,333/1,000,000  15.5/s  upd=20201  L=0.0152  D=0.519
[regir_nocount] 14:24:31  806,594/1,000,000  15.5/s  upd=20213  L=0.0124  D=0.519
[regir_nocount] 14:24:41  806,846/1,000,000  15.6/s  upd=20222  L=0.0182  D=0.519
[regir_nocount] 14:24:52  807,187/1,000,000  15.6/s  upd=20232  L=0.0194  D=0.519
[regir_nocount] 14:25:03  807,724/1,000,000  15.6/s  upd=20242  L=0.0119  D=0.519
[regir_nocount] 14:25:58  807,724/1,000,000  15.5/s  upd=20248  L=0.0110  D=0.519
[regir_nocount] 14:26:09  808,250/1,000,000  15.6/s  upd=20258  L=0.0163  D=0.519
[regir_nocount] 14:26:19  808,851/1,000,000  15.6/s  upd=20274  L=0.0301  D=0.519
[regir_nocount] 14:26:30  809,461/1,000,000  15.6/s  upd=20289  L=0.0179  D=0.519
[regir_nocount] 14:26:40  809,719/1,000,000  15.6/s  upd=20302  L=0.0122  D=0.519
[regir_nocount] 14:26:51  810,235/1,000,000  15.6/s  upd=20320  L=0.0258  D=0.519
[regir_nocount] 14:27:02  810,808/1,000,000  15.6/s  upd=20336  L=0.0206  D=0.519
[regir_nocount] 14:27:13  811,392/1,000,000  15.6/s  upd=20346  L=0.0136  D=0.519
[regir_nocount] 14:27:24  811,700/1,000,000  15.6/s  upd=20355  L=0.0199  D=0.519
[regir_nocount] 14:27:34  811,955/1,000,000  15.6/s  upd=20363  L=0.0194  D=0.519
[regir_nocount] 14:27:44  812,206/1,000,000  15.6/s  upd=20374  L=0.0161  D=0.519
[regir_nocount] 14:27:54  812,467/1,000,000  15.6/s  upd=20383  L=0.0152  D=0.519
[regir_nocount] 14:28:05  812,742/1,000,000  15.6/s  upd=20392  L=0.0167  D=0.519
[regir_nocount] 14:28:15  813,014/1,000,000  15.6/s  upd=20400  L=0.0181  D=0.519
[regir_nocount] 14:28:26  813,283/1,000,000  15.6/s  upd=20408  L=0.0119  D=0.519
[regir_nocount] 14:28:36  813,588/1,000,000  15.6/s  upd=20416  L=0.0219  D=0.519
[regir_nocount] 14:28:46  813,901/1,000,000  15.6/s  upd=20423  L=0.0191  D=0.519
[regir_nocount] 14:28:56  814,178/1,000,000  15.6/s  upd=20425  L=0.0178  D=0.519
[regir_nocount] 14:29:06  814,475/1,000,000  15.6/s  upd=20433  L=0.0124  D=0.519
[regir_nocount] 14:29:16  814,475/1,000,000  15.6/s  upd=20440  L=0.0140  D=0.519
[regir_nocount] 14:29:26  814,741/1,000,000  15.6/s  upd=20445  L=0.0135  D=0.519
[regir_nocount] 14:29:36  815,042/1,000,000  15.6/s  upd=20450  L=0.0178  D=0.519
[regir_nocount] 14:29:47  815,325/1,000,000  15.6/s  upd=20457  L=0.0205  D=0.519
[regir_nocount] 14:29:57  815,325/1,000,000  15.6/s  upd=20464  L=0.0142  D=0.519
[regir_nocount] 14:30:07  815,836/1,000,000  15.6/s  upd=20475  L=0.0121  D=0.519
[regir_nocount] 14:30:17  816,142/1,000,000  15.6/s  upd=20481  L=0.0113  D=0.519
[regir_nocount] 14:30:27  816,142/1,000,000  15.6/s  upd=20488  L=0.0209  D=0.519
[regir_nocount] 14:30:41  816,411/1,000,000  15.6/s  upd=20496  L=0.0154  D=0.519
[regir_nocount] 14:30:52  816,690/1,000,000  15.6/s  upd=20502  L=0.0115  D=0.519
[regir_nocount] 14:31:02  816,969/1,000,000  15.6/s  upd=20506  L=0.0112  D=0.519
[regir_nocount] 14:33:56  816,969/1,000,000  15.6/s  upd=20512  L=0.0146  D=0.519
[regir_nocount] saved resume t_env=817,249
[regir_nocount] 14:34:07  817,537/1,000,000  15.6/s  upd=20524  L=0.0175  D=0.519
[regir_nocount] 14:34:17  818,104/1,000,000  15.6/s  upd=20539  L=0.0131  D=0.519
[regir_nocount] 14:34:27  818,660/1,000,000  15.6/s  upd=20555  L=0.0192  D=0.519
[regir_nocount] 14:34:38  819,258/1,000,000  15.6/s  upd=20571  L=0.0193  D=0.519
[regir_nocount] 14:34:48  819,835/1,000,000  15.6/s  upd=20586  L=0.0201  D=0.519
[regir_nocount] saved resume t_env=820,173
[regir_nocount] 14:35:16  820,173/1,000,000  15.6/s  upd=20600  L=0.0191  ev=0/100  D=0.519
[regir_nocount] 14:35:26  820,173/1,000,000  15.6/s  upd=20600  L=0.0191  ev=40/100  D=0.519
[regir_nocount] 14:35:36  820,173/1,000,000  15.6/s  upd=20600  L=0.0191  ev=72/100  D=0.519
[regir_nocount] 14:35:46  820,173/1,000,000  15.6/s  upd=20600  L=0.0191  ev=96/100  D=0.519
[regir_nocount] 14:38:08  820,173/1,000,000  15.6/s  upd=20600  L=0.0191  D=0.471
[regir_nocount] 14:38:19  820,449/1,000,000  15.6/s  upd=20605  L=0.0324  D=0.471
[regir_nocount] 14:38:29  820,449/1,000,000  15.6/s  upd=20608  L=0.0124  D=0.471
[regir_nocount] 14:38:39  820,772/1,000,000  15.6/s  upd=20616  L=0.0115  D=0.471
[regir_nocount] 14:38:49  821,088/1,000,000  15.6/s  upd=20621  L=0.0136  D=0.471
[regir_nocount] 14:38:59  821,345/1,000,000  15.6/s  upd=20626  L=0.0146  D=0.471
[regir_nocount] 14:40:14  821,345/1,000,000  15.6/s  upd=20632  L=0.0148  D=0.471
[regir_nocount] 14:40:24  821,597/1,000,000  15.6/s  upd=20640  L=0.0114  D=0.471
[regir_nocount] 14:40:35  821,915/1,000,000  15.6/s  upd=20648  L=0.0106  D=0.471
[regir_nocount] 14:40:46  822,493/1,000,000  15.6/s  upd=20657  L=0.0221  D=0.471
[regir_nocount] 14:40:56  822,824/1,000,000  15.6/s  upd=20667  L=0.0160  D=0.471
[regir_nocount] 14:41:06  823,142/1,000,000  15.6/s  upd=20678  L=0.0162  D=0.471
[regir_nocount] 14:41:16  823,798/1,000,000  15.6/s  upd=20689  L=0.0125  D=0.471
[regir_nocount] 14:41:26  824,056/1,000,000  15.6/s  upd=20704  L=0.0175  D=0.471
[regir_nocount] 14:41:37  824,649/1,000,000  15.6/s  upd=20719  L=0.0139  D=0.471
[regir_nocount] 14:41:47  825,213/1,000,000  15.6/s  upd=20734  L=0.0112  D=0.471
[regir_nocount] 14:41:58  825,747/1,000,000  15.6/s  upd=20751  L=0.0143  D=0.471
[regir_nocount] 14:42:08  826,333/1,000,000  15.6/s  upd=20765  L=0.0136  D=0.471
[regir_nocount] 14:42:19  826,903/1,000,000  15.6/s  upd=20779  L=0.0230  D=0.471
[regir_nocount] 14:42:29  827,205/1,000,000  15.6/s  upd=20790  L=0.0151  D=0.471
[regir_nocount] 14:42:39  827,500/1,000,000  15.6/s  upd=20800  L=0.0156  D=0.471
[regir_nocount] 14:42:49  828,098/1,000,000  15.6/s  upd=20809  L=0.0137  D=0.471
[regir_nocount] 14:43:00  828,418/1,000,000  15.6/s  upd=20818  L=0.0167  D=0.471
[regir_nocount] 14:43:11  828,721/1,000,000  15.6/s  upd=20826  L=0.0125  D=0.471
[regir_nocount] 14:43:21  829,015/1,000,000  15.6/s  upd=20833  L=0.0204  D=0.471
[regir_nocount] 14:43:32  829,278/1,000,000  15.6/s  upd=20842  L=0.0122  D=0.471
[regir_nocount] 14:43:42  829,588/1,000,000  15.6/s  upd=20849  L=0.0128  D=0.471
[regir_nocount] 14:43:52  829,588/1,000,000  15.6/s  upd=20856  L=0.0173  D=0.471
[regir_nocount] 14:44:02  829,909/1,000,000  15.6/s  upd=20864  L=0.0222  D=0.471
[regir_nocount] 14:44:12  829,909/1,000,000  15.6/s  upd=20864  L=0.0222  D=0.471
[regir_nocount] 14:44:22  830,224/1,000,000  15.6/s  upd=20872  L=0.0118  D=0.471
[regir_nocount] 14:44:33  830,503/1,000,000  15.6/s  upd=20880  L=0.0144  D=0.471
[regir_nocount] 14:44:44  830,766/1,000,000  15.7/s  upd=20885  L=0.0113  D=0.471
[regir_nocount] 14:44:54  830,766/1,000,000  15.6/s  upd=20888  L=0.0127  D=0.471
[regir_nocount] saved resume t_env=831,036
[regir_nocount] 14:45:06  831,036/1,000,000  15.6/s  upd=20896  L=0.0211  D=0.471
[regir_nocount] 14:45:17  831,334/1,000,000  15.7/s  upd=20900  L=0.0183  D=0.471
[regir_nocount] 14:47:08  831,334/1,000,000  15.6/s  upd=20904  L=0.0139  D=0.471
[regir_nocount] 14:47:19  831,915/1,000,000  15.6/s  upd=20915  L=0.0119  D=0.471
[regir_nocount] 14:47:29  832,195/1,000,000  15.6/s  upd=20926  L=0.0194  D=0.471
[regir_nocount] 14:47:39  832,465/1,000,000  15.6/s  upd=20936  L=0.0309  D=0.471
[regir_nocount] 14:47:50  833,149/1,000,000  15.6/s  upd=20947  L=0.0110  D=0.471
[regir_nocount] 14:48:00  833,440/1,000,000  15.6/s  upd=20958  L=0.0162  D=0.471
[regir_nocount] 14:48:11  833,991/1,000,000  15.6/s  upd=20975  L=0.0209  D=0.471
[regir_nocount] 14:48:21  834,625/1,000,000  15.7/s  upd=20990  L=0.0123  D=0.471
[regir_nocount] 14:48:31  835,294/1,000,000  15.7/s  upd=21002  L=0.0156  D=0.471
[regir_nocount] 14:48:41  835,577/1,000,000  15.7/s  upd=21016  L=0.0173  D=0.471
[regir_nocount] 14:48:51  836,143/1,000,000  15.7/s  upd=21028  L=0.0214  D=0.471
[regir_nocount] 14:49:02  836,401/1,000,000  15.7/s  upd=21040  L=0.0128  D=0.471
[regir_nocount] 14:49:12  836,995/1,000,000  15.7/s  upd=21052  L=0.0168  D=0.471
[regir_nocount] 14:49:23  837,561/1,000,000  15.7/s  upd=21069  L=0.0125  D=0.471
[regir_nocount] 14:49:33  838,128/1,000,000  15.7/s  upd=21084  L=0.0126  D=0.471
[regir_nocount] 14:49:43  838,784/1,000,000  15.7/s  upd=21097  L=0.0208  D=0.471
[regir_nocount] 14:49:54  839,117/1,000,000  15.7/s  upd=21112  L=0.0170  D=0.471
[regir_nocount] 14:50:05  839,719/1,000,000  15.7/s  upd=21122  L=0.0158  D=0.471
[regir_nocount] 14:50:16  839,976/1,000,000  15.7/s  upd=21133  L=0.0227  D=0.471
[regir_nocount] 14:50:26  840,277/1,000,000  15.7/s  upd=21143  L=0.0148  D=0.471
[regir_nocount] saved resume t_env=840,277
[regir_nocount] 14:50:47  840,277/1,000,000  15.7/s  upd=21144  L=0.0136  ev=0/100  D=0.471
[regir_nocount] 14:50:57  840,277/1,000,000  15.7/s  upd=21144  L=0.0136  ev=48/100  D=0.471
[regir_nocount] 14:51:07  840,277/1,000,000  15.7/s  upd=21144  L=0.0136  ev=72/100  D=0.471
[regir_nocount] 14:51:17  840,277/1,000,000  15.7/s  upd=21144  L=0.0136  ev=95/100  D=0.471
[regir_nocount] 14:54:04  840,277/1,000,000  15.7/s  upd=21144  L=0.0136  D=0.518
[regir_nocount] 14:56:17  840,277/1,000,000  15.6/s  upd=21144  L=0.0136  D=0.518
[regir_nocount] 14:56:27  840,889/1,000,000  15.6/s  upd=21160  L=0.0156  D=0.518
[regir_nocount] 14:56:37  841,539/1,000,000  15.6/s  upd=21176  L=0.0086  D=0.518
[regir_nocount] 14:56:47  842,149/1,000,000  15.7/s  upd=21190  L=0.0147  D=0.518
[regir_nocount] 14:56:58  842,738/1,000,000  15.7/s  upd=21204  L=0.0088  D=0.518
[regir_nocount] 14:57:09  843,330/1,000,000  15.7/s  upd=21219  L=0.0283  D=0.518
[regir_nocount] 14:57:19  843,956/1,000,000  15.7/s  upd=21233  L=0.0102  D=0.518
[regir_nocount] 14:57:30  844,279/1,000,000  15.7/s  upd=21241  L=0.0163  D=0.518
[regir_nocount] 14:57:41  844,581/1,000,000  15.7/s  upd=21250  L=0.0184  D=0.518
[regir_nocount] 14:57:52  844,863/1,000,000  15.7/s  upd=21261  L=0.0204  D=0.518
[regir_nocount] 14:58:02  845,152/1,000,000  15.7/s  upd=21268  L=0.0136  D=0.518
[regir_nocount] 14:58:13  845,481/1,000,000  15.7/s  upd=21274  L=0.0118  D=0.518
[regir_nocount] 14:58:24  845,761/1,000,000  15.7/s  upd=21281  L=0.0122  D=0.518
[regir_nocount] 14:58:34  845,761/1,000,000  15.7/s  upd=21288  L=0.0194  D=0.518
[regir_nocount] 14:58:44  846,006/1,000,000  15.7/s  upd=21294  L=0.0116  D=0.518
[regir_nocount] 14:58:54  846,328/1,000,000  15.7/s  upd=21299  L=0.0133  D=0.518
[regir_nocount] 14:59:04  846,328/1,000,000  15.7/s  upd=21304  L=0.0146  D=0.518
[regir_nocount] 14:59:14  846,611/1,000,000  15.7/s  upd=21309  L=0.0128  D=0.518
[regir_nocount] 14:59:25  846,611/1,000,000  15.7/s  upd=21312  L=0.0178  D=0.518
[regir_nocount] 14:59:35  846,917/1,000,000  15.7/s  upd=21318  L=0.0167  D=0.518
[regir_nocount] 14:59:45  846,917/1,000,000  15.7/s  upd=21320  L=0.0155  D=0.518
[regir_nocount] 14:59:55  847,195/1,000,000  15.7/s  upd=21328  L=0.0293  D=0.518
[regir_nocount] 15:00:06  847,480/1,000,000  15.7/s  upd=21334  L=0.0167  D=0.518
[regir_nocount] 15:00:17  847,756/1,000,000  15.7/s  upd=21339  L=0.0166  D=0.518
[regir_nocount] 15:00:27  847,756/1,000,000  15.7/s  upd=21344  L=0.0245  D=0.518
[regir_nocount] 15:00:38  848,063/1,000,000  15.7/s  upd=21349  L=0.0122  D=0.518
[regir_nocount] saved resume t_env=848,063
[regir_nocount] 15:00:48  848,063/1,000,000  15.7/s  upd=21352  L=0.0160  D=0.518
[regir_nocount] 15:00:58  848,324/1,000,000  15.7/s  upd=21359  L=0.0137  D=0.518
[regir_nocount] 15:01:09  848,629/1,000,000  15.7/s  upd=21365  L=0.0137  D=0.518
[regir_nocount] 15:01:19  848,932/1,000,000  15.7/s  upd=21370  L=0.0194  D=0.518
[regir_nocount] 15:03:37  848,932/1,000,000  15.7/s  upd=21376  L=0.0176  D=0.518
[regir_nocount] 15:03:48  849,450/1,000,000  15.7/s  upd=21392  L=0.0184  D=0.518
[regir_nocount] 15:03:58  850,018/1,000,000  15.7/s  upd=21408  L=0.0211  D=0.518
[regir_nocount] 15:04:09  850,704/1,000,000  15.7/s  upd=21422  L=0.0145  D=0.518
[regir_nocount] 15:04:19  851,001/1,000,000  15.7/s  upd=21432  L=0.0430  D=0.518
[regir_nocount] 15:04:29  851,653/1,000,000  15.7/s  upd=21442  L=0.0109  D=0.518
[regir_nocount] 15:04:40  851,931/1,000,000  15.7/s  upd=21453  L=0.0135  D=0.518
[regir_nocount] 15:04:50  852,254/1,000,000  15.7/s  upd=21462  L=0.0168  D=0.518
[regir_nocount] 15:05:01  852,541/1,000,000  15.7/s  upd=21470  L=0.0115  D=0.518
[regir_nocount] 15:05:12  852,841/1,000,000  15.7/s  upd=21479  L=0.0162  D=0.518
[regir_nocount] 15:05:22  853,148/1,000,000  15.7/s  upd=21488  L=0.0096  D=0.518
[regir_nocount] 15:05:33  853,487/1,000,000  15.7/s  upd=21490  L=0.0221  D=0.518
[regir_nocount] 15:05:44  853,770/1,000,000  15.7/s  upd=21497  L=0.0124  D=0.518
[regir_nocount] 15:05:54  853,770/1,000,000  15.7/s  upd=21504  L=0.0070  D=0.518
[regir_nocount] 15:06:04  854,065/1,000,000  15.7/s  upd=21512  L=0.0162  D=0.518
[regir_nocount] 15:06:15  854,364/1,000,000  15.7/s  upd=21515  L=0.0136  D=0.518
[regir_nocount] 15:06:25  854,694/1,000,000  15.7/s  upd=21521  L=0.0203  D=0.518
[regir_nocount] 15:06:35  854,970/1,000,000  15.7/s  upd=21530  L=0.0129  D=0.518
[regir_nocount] 15:06:46  855,262/1,000,000  15.7/s  upd=21539  L=0.0107  D=0.518
[regir_nocount] 15:06:57  855,540/1,000,000  15.7/s  upd=21549  L=0.0170  D=0.518
[regir_nocount] 15:07:08  855,828/1,000,000  15.7/s  upd=21559  L=0.0124  D=0.518
[regir_nocount] 15:07:19  856,431/1,000,000  15.7/s  upd=21569  L=0.0153  D=0.518
[regir_nocount] 15:07:30  856,729/1,000,000  15.7/s  upd=21579  L=0.0175  D=0.518
[regir_nocount] 15:07:40  857,034/1,000,000  15.7/s  upd=21589  L=0.0135  D=0.518
[regir_nocount] 15:07:50  857,311/1,000,000  15.7/s  upd=21599  L=0.0131  D=0.518
[regir_nocount] 15:08:01  857,919/1,000,000  15.7/s  upd=21611  L=0.0207  D=0.518
[regir_nocount] 15:08:12  858,244/1,000,000  15.7/s  upd=21622  L=0.0187  D=0.518
[regir_nocount] 15:08:22  858,552/1,000,000  15.8/s  upd=21632  L=0.0116  D=0.518
[regir_nocount] 15:08:32  858,853/1,000,000  15.8/s  upd=21640  L=0.0166  D=0.518
[regir_nocount] 15:10:33  859,147/1,000,000  15.7/s  upd=21648  L=0.0141  D=0.518
[regir_nocount] 15:10:43  859,763/1,000,000  15.7/s  upd=21661  L=0.0153  D=0.518
[regir_nocount] saved resume t_env=859,763
[regir_nocount] 15:10:54  860,074/1,000,000  15.7/s  upd=21672  L=0.0152  D=0.518
[regir_nocount] saved resume t_env=860,074
[regir_nocount] 15:11:13  860,074/1,000,000  15.7/s  upd=21672  L=0.0152  ev=0/100  D=0.518
[regir_nocount] 15:14:13  860,074/1,000,000  15.7/s  upd=21672  L=0.0152  D=0.702
[regir_nocount] 15:14:23  860,364/1,000,000  15.7/s  upd=21677  L=0.0142  D=0.702
[regir_nocount] 15:14:34  860,644/1,000,000  15.7/s  upd=21686  L=0.0214  D=0.702
[regir_nocount] 15:14:45  860,927/1,000,000  15.7/s  upd=21694  L=0.0167  D=0.702
[regir_nocount] 15:14:56  861,228/1,000,000  15.7/s  upd=21701  L=0.0177  D=0.702
[regir_nocount] 15:15:06  861,497/1,000,000  15.7/s  upd=21708  L=0.0078  D=0.702
[regir_nocount] 15:15:16  861,791/1,000,000  15.7/s  upd=21716  L=0.0169  D=0.702
[regir_nocount] 15:15:27  862,045/1,000,000  15.7/s  upd=21721  L=0.0138  D=0.702
[regir_nocount] 15:15:37  862,045/1,000,000  15.7/s  upd=21728  L=0.0219  D=0.702
[regir_nocount] 15:18:35  862,352/1,000,000  15.6/s  upd=21736  L=0.0147  D=0.702
[regir_nocount] 15:18:45  862,919/1,000,000  15.7/s  upd=21752  L=0.0119  D=0.702
[regir_nocount] 15:18:55  863,554/1,000,000  15.7/s  upd=21767  L=0.0147  D=0.702
[regir_nocount] 15:19:05  864,183/1,000,000  15.7/s  upd=21781  L=0.0153  D=0.702
[regir_nocount] 15:19:15  864,778/1,000,000  15.7/s  upd=21796  L=0.0098  D=0.702
[regir_nocount] 15:19:26  865,384/1,000,000  15.7/s  upd=21812  L=0.0133  D=0.702
[regir_nocount] 15:19:36  865,960/1,000,000  15.7/s  upd=21825  L=0.0247  D=0.702
[regir_nocount] 15:19:46  866,255/1,000,000  15.7/s  upd=21840  L=0.0170  D=0.702
[regir_nocount] 15:19:56  866,821/1,000,000  15.7/s  upd=21855  L=0.0155  D=0.702
[regir_nocount] 15:20:06  867,391/1,000,000  15.7/s  upd=21870  L=0.0204  D=0.702
[regir_nocount] 15:20:16  867,680/1,000,000  15.7/s  upd=21880  L=0.0129  D=0.702
[regir_nocount] 15:20:26  868,010/1,000,000  15.7/s  upd=21888  L=0.0230  D=0.702
[regir_nocount] 15:20:38  868,602/1,000,000  15.7/s  upd=21897  L=0.0114  D=0.702
[regir_nocount] 15:20:49  868,905/1,000,000  15.7/s  upd=21906  L=0.0198  D=0.702
[regir_nocount] 15:20:59  868,905/1,000,000  15.7/s  upd=21912  L=0.0188  D=0.702
[regir_nocount] saved resume t_env=869,163
[regir_nocount] 15:21:09  869,163/1,000,000  15.7/s  upd=21920  L=0.0138  D=0.702
[regir_nocount] 15:21:20  869,483/1,000,000  15.7/s  upd=21925  L=0.0124  D=0.702
[regir_nocount] 15:21:31  869,800/1,000,000  15.7/s  upd=21931  L=0.0133  D=0.702
[regir_nocount] 15:21:41  869,800/1,000,000  15.7/s  upd=21936  L=0.0159  D=0.702
[regir_nocount] 15:21:51  870,112/1,000,000  15.7/s  upd=21943  L=0.0158  D=0.702
[regir_nocount] 15:22:03  870,391/1,000,000  15.7/s  upd=21948  L=0.0106  D=0.702
[regir_nocount] 15:22:14  870,682/1,000,000  15.7/s  upd=21955  L=0.0116  D=0.702
[regir_nocount] 15:22:24  870,682/1,000,000  15.7/s  upd=21960  L=0.0093  D=0.702
[regir_nocount] 15:22:36  870,985/1,000,000  15.7/s  upd=21967  L=0.0152  D=0.702
[regir_nocount] 15:22:47  871,288/1,000,000  15.7/s  upd=21973  L=0.0098  D=0.702
[regir_nocount] 15:22:57  871,566/1,000,000  15.7/s  upd=21978  L=0.0107  D=0.702
[regir_nocount] 15:23:07  871,566/1,000,000  15.7/s  upd=21984  L=0.0155  D=0.702
[regir_nocount] 15:23:17  871,863/1,000,000  15.7/s  upd=21991  L=0.0164  D=0.702
[regir_nocount] 15:23:28  872,093/1,000,000  15.7/s  upd=22000  L=0.0200  D=0.702
[regir_nocount] 15:23:39  872,350/1,000,000  15.7/s  upd=22008  L=0.0199  D=0.702
[regir_nocount] 15:24:55  872,350/1,000,000  15.7/s  upd=22008  L=0.0199  D=0.702
[regir_nocount] 15:25:06  872,642/1,000,000  15.7/s  upd=22014  L=0.0123  D=0.702
[regir_nocount] 15:25:17  872,957/1,000,000  15.7/s  upd=22020  L=0.0109  D=0.702
[regir_nocount] 15:25:27  872,957/1,000,000  15.7/s  upd=22024  L=0.0183  D=0.702
[regir_nocount] 15:25:38  873,584/1,000,000  15.7/s  upd=22033  L=0.0156  D=0.702
[regir_nocount] 15:25:48  873,584/1,000,000  15.7/s  upd=22040  L=0.0186  D=0.702
[regir_nocount] 15:25:59  873,878/1,000,000  15.7/s  upd=22048  L=0.0205  D=0.702
[regir_nocount] 15:26:09  874,471/1,000,000  15.7/s  upd=22060  L=0.0112  D=0.702
[regir_nocount] 15:26:19  875,127/1,000,000  15.7/s  upd=22074  L=0.0112  D=0.702
[regir_nocount] 15:26:30  875,413/1,000,000  15.7/s  upd=22088  L=0.0212  D=0.702
[regir_nocount] 15:26:40  876,019/1,000,000  15.8/s  upd=22101  L=0.0202  D=0.702
[regir_nocount] 15:26:51  876,339/1,000,000  15.8/s  upd=22111  L=0.0107  D=0.702
[regir_nocount] 15:27:01  876,619/1,000,000  15.8/s  upd=22120  L=0.0128  D=0.702
[regir_nocount] 15:27:12  877,186/1,000,000  15.8/s  upd=22130  L=0.0116  D=0.702
[regir_nocount] 15:27:22  877,186/1,000,000  15.8/s  upd=22136  L=0.0132  D=0.702
[regir_nocount] 15:27:32  877,494/1,000,000  15.8/s  upd=22144  L=0.0139  D=0.702
[regir_nocount] 15:27:43  877,797/1,000,000  15.8/s  upd=22151  L=0.0100  D=0.702
[regir_nocount] 15:27:53  878,061/1,000,000  15.8/s  upd=22160  L=0.0274  D=0.702
[regir_nocount] 15:28:03  878,362/1,000,000  15.8/s  upd=22168  L=0.0106  D=0.702
[regir_nocount] 15:28:13  878,677/1,000,000  15.8/s  upd=22174  L=0.0098  D=0.702
[regir_nocount] 15:28:24  878,959/1,000,000  15.8/s  upd=22183  L=0.0127  D=0.702
[regir_nocount] 15:28:35  879,256/1,000,000  15.8/s  upd=22191  L=0.0112  D=0.702
[regir_nocount] 15:28:46  879,512/1,000,000  15.8/s  upd=22200  L=0.0147  D=0.702
[regir_nocount] 15:28:56  879,830/1,000,000  15.8/s  upd=22208  L=0.0163  D=0.702
[regir_nocount] 15:29:07  880,120/1,000,000  15.8/s  upd=22215  L=0.0114  D=0.702
[regir_nocount] saved resume t_env=880,120
[regir_nocount] 15:29:27  880,120/1,000,000  15.8/s  upd=22216  L=0.0118  ev=0/100  D=0.702
[regir_nocount] 15:29:37  880,120/1,000,000  15.8/s  upd=22216  L=0.0118  ev=8/100  D=0.702
[regir_nocount] 15:29:47  880,120/1,000,000  15.8/s  upd=22216  L=0.0118  ev=40/100  D=0.702
[regir_nocount] 15:29:57  880,120/1,000,000  15.8/s  upd=22216  L=0.0118  ev=54/100  D=0.702
[regir_nocount] 15:30:07  880,120/1,000,000  15.8/s  upd=22216  L=0.0118  ev=72/100  D=0.702
[regir_nocount] 15:30:17  880,120/1,000,000  15.8/s  upd=22216  L=0.0118  ev=84/100  D=0.702
[regir_nocount] 15:32:27  880,120/1,000,000  15.7/s  upd=22216  L=0.0118  D=0.598
[regir_nocount] 15:34:37  880,120/1,000,000  15.7/s  upd=22216  L=0.0118  D=0.598
[regir_nocount] 15:34:49  880,774/1,000,000  15.7/s  upd=22225  L=0.0072  D=0.598
[regir_nocount] 15:34:59  881,312/1,000,000  15.7/s  upd=22241  L=0.0156  D=0.598
[regir_nocount] 15:35:10  881,906/1,000,000  15.7/s  upd=22257  L=0.0076  D=0.598
[regir_nocount] 15:35:20  881,906/1,000,000  15.7/s  upd=22264  L=0.0168  D=0.598
[regir_nocount] 15:35:30  882,222/1,000,000  15.7/s  upd=22272  L=0.0135  D=0.598
[regir_nocount] 15:35:40  882,473/1,000,000  15.7/s  upd=22280  L=0.0092  D=0.598
[regir_nocount] 15:35:50  882,783/1,000,000  15.7/s  upd=22288  L=0.0122  D=0.598
[regir_nocount] 15:36:01  883,381/1,000,000  15.7/s  upd=22298  L=0.0137  D=0.598
[regir_nocount] 15:36:11  883,674/1,000,000  15.7/s  upd=22307  L=0.0119  D=0.598
[regir_nocount] 15:36:22  883,947/1,000,000  15.7/s  upd=22317  L=0.0074  D=0.598
[regir_nocount] 15:36:32  884,191/1,000,000  15.7/s  upd=22328  L=0.0184  D=0.598
[regir_nocount] 15:36:42  884,528/1,000,000  15.7/s  upd=22336  L=0.0182  D=0.598
[regir_nocount] 15:36:54  884,817/1,000,000  15.7/s  upd=22342  L=0.0169  D=0.598
[regir_nocount] 15:37:04  885,103/1,000,000  15.7/s  upd=22352  L=0.0085  D=0.598
[regir_nocount] 15:37:16  885,411/1,000,000  15.7/s  upd=22359  L=0.0146  D=0.598
[regir_nocount] 15:37:28  885,647/1,000,000  15.7/s  upd=22367  L=0.0175  D=0.598
[regir_nocount] 15:37:39  885,953/1,000,000  15.7/s  upd=22375  L=0.0089  D=0.598
[regir_nocount] 15:37:49  886,259/1,000,000  15.8/s  upd=22382  L=0.0093  D=0.598
[regir_nocount] 15:38:00  886,559/1,000,000  15.8/s  upd=22389  L=0.0085  D=0.598
[regir_nocount] 15:38:11  886,835/1,000,000  15.8/s  upd=22394  L=0.0182  D=0.598
[regir_nocount] 15:38:22  887,162/1,000,000  15.8/s  upd=22401  L=0.0198  D=0.598
[regir_nocount] 15:38:32  887,162/1,000,000  15.8/s  upd=22408  L=0.0179  D=0.598
[regir_nocount] 15:38:43  887,452/1,000,000  15.8/s  upd=22415  L=0.0163  D=0.598
[regir_nocount] 15:38:53  887,688/1,000,000  15.8/s  upd=22420  L=0.0105  D=0.598
[regir_nocount] 15:39:03  887,688/1,000,000  15.8/s  upd=22424  L=0.0110  D=0.598
[regir_nocount] saved resume t_env=887,986
[regir_nocount] 15:39:16  887,986/1,000,000  15.8/s  upd=22432  L=0.0134  D=0.598
[regir_nocount] 15:39:26  888,297/1,000,000  15.8/s  upd=22440  L=0.0095  D=0.598
[regir_nocount] 15:39:38  888,614/1,000,000  15.8/s  upd=22448  L=0.0106  D=0.598
[regir_nocount] 15:42:11  888,614/1,000,000  15.7/s  upd=22448  L=0.0106  D=0.598
[regir_nocount] 15:42:21  889,183/1,000,000  15.7/s  upd=22457  L=0.0143  D=0.598
[regir_nocount] 15:42:32  889,469/1,000,000  15.7/s  upd=22467  L=0.0198  D=0.598
[regir_nocount] 15:42:43  889,738/1,000,000  15.7/s  upd=22479  L=0.0182  D=0.598
[regir_nocount] 15:42:53  890,380/1,000,000  15.7/s  upd=22490  L=0.0092  D=0.598
[regir_nocount] 15:43:03  890,674/1,000,000  15.7/s  upd=22503  L=0.0124  D=0.598
[regir_nocount] 15:43:13  890,947/1,000,000  15.7/s  upd=22512  L=0.0118  D=0.598
[regir_nocount] 15:43:24  891,231/1,000,000  15.7/s  upd=22520  L=0.0113  D=0.598
[regir_nocount] 15:43:34  891,556/1,000,000  15.7/s  upd=22528  L=0.0098  D=0.598
[regir_nocount] 15:43:44  891,847/1,000,000  15.8/s  upd=22536  L=0.0116  D=0.598
[regir_nocount] 15:43:54  892,167/1,000,000  15.8/s  upd=22544  L=0.0116  D=0.598
[regir_nocount] 15:44:05  892,451/1,000,000  15.8/s  upd=22550  L=0.0101  D=0.598
[regir_nocount] 15:44:15  892,792/1,000,000  15.8/s  upd=22554  L=0.0080  D=0.598
[regir_nocount] 15:44:26  893,064/1,000,000  15.8/s  upd=22562  L=0.0139  D=0.598
[regir_nocount] 15:44:37  893,334/1,000,000  15.8/s  upd=22571  L=0.0149  D=0.598
[regir_nocount] 15:44:47  893,334/1,000,000  15.8/s  upd=22576  L=0.0161  D=0.598
[regir_nocount] 15:44:57  893,621/1,000,000  15.8/s  upd=22584  L=0.0107  D=0.598
[regir_nocount] 15:45:07  893,938/1,000,000  15.8/s  upd=22592  L=0.0185  D=0.598
[regir_nocount] 15:45:17  894,239/1,000,000  15.8/s  upd=22600  L=0.0129  D=0.598
[regir_nocount] 15:45:27  894,496/1,000,000  15.8/s  upd=22608  L=0.0103  D=0.598
[regir_nocount] 15:45:38  894,825/1,000,000  15.8/s  upd=22614  L=0.0131  D=0.598
[regir_nocount] 15:45:48  895,086/1,000,000  15.8/s  upd=22620  L=0.0113  D=0.598
[regir_nocount] 15:46:00  895,407/1,000,000  15.8/s  upd=22626  L=0.0148  D=0.598
[regir_nocount] 15:46:10  895,407/1,000,000  15.8/s  upd=22632  L=0.0124  D=0.598
[regir_nocount] 15:46:20  895,660/1,000,000  15.8/s  upd=22640  L=0.0108  D=0.598
[regir_nocount] 15:46:31  895,960/1,000,000  15.8/s  upd=22647  L=0.0151  D=0.598
[regir_nocount] 15:46:42  896,253/1,000,000  15.8/s  upd=22655  L=0.0162  D=0.598
[regir_nocount] 15:46:52  896,539/1,000,000  15.8/s  upd=22663  L=0.0110  D=0.598
[regir_nocount] 15:47:03  896,787/1,000,000  15.8/s  upd=22671  L=0.0102  D=0.598
[regir_nocount] 15:47:13  897,072/1,000,000  15.8/s  upd=22677  L=0.0097  D=0.598
[regir_nocount] 15:49:07  897,072/1,000,000  15.8/s  upd=22680  L=0.0127  D=0.598
[regir_nocount] 15:49:18  897,365/1,000,000  15.8/s  upd=22687  L=0.0124  D=0.598
[regir_nocount] saved resume t_env=897,365
[regir_nocount] 15:49:29  897,652/1,000,000  15.8/s  upd=22692  L=0.0139  D=0.598
[regir_nocount] 15:49:39  897,959/1,000,000  15.8/s  upd=22699  L=0.0144  D=0.598
[regir_nocount] 15:49:49  898,209/1,000,000  15.8/s  upd=22707  L=0.0137  D=0.598
[regir_nocount] 15:50:00  898,480/1,000,000  15.8/s  upd=22716  L=0.0099  D=0.598
[regir_nocount] 15:50:12  898,779/1,000,000  15.8/s  upd=22724  L=0.0146  D=0.598
[regir_nocount] 15:50:23  899,094/1,000,000  15.8/s  upd=22730  L=0.0226  D=0.598
[regir_nocount] 15:50:33  899,094/1,000,000  15.8/s  upd=22736  L=0.0169  D=0.598
[regir_nocount] 15:50:44  899,404/1,000,000  15.8/s  upd=22744  L=0.0106  D=0.598
[regir_nocount] 15:50:55  899,717/1,000,000  15.8/s  upd=22747  L=0.0119  D=0.598
[regir_nocount] 15:51:06  900,000/1,000,000  15.8/s  upd=22756  L=0.0142  D=0.598
[regir_nocount] saved resume t_env=900,000
[regir_nocount] 15:51:30  900,000/1,000,000  15.8/s  upd=22760  L=0.0082  ev=0/100  D=0.598
[regir_nocount] 15:51:40  900,000/1,000,000  15.8/s  upd=22760  L=0.0082  ev=24/100  D=0.598
[regir_nocount] 15:51:50  900,000/1,000,000  15.8/s  upd=22760  L=0.0082  ev=48/100  D=0.598
[regir_nocount] 15:52:00  900,000/1,000,000  15.8/s  upd=22760  L=0.0082  ev=61/100  D=0.598
[regir_nocount] 15:52:10  900,000/1,000,000  15.8/s  upd=22760  L=0.0082  ev=80/100  D=0.598
[regir_nocount] 15:53:26  900,000/1,000,000  15.7/s  upd=22760  L=0.0082  D=0.505
[regir_nocount] 15:53:37  900,585/1,000,000  15.7/s  upd=22769  L=0.0103  D=0.505
[regir_nocount] 15:53:47  900,882/1,000,000  15.7/s  upd=22779  L=0.0152  D=0.505
[regir_nocount] 15:53:58  901,144/1,000,000  15.7/s  upd=22788  L=0.0229  D=0.505
[regir_nocount] 15:54:08  901,404/1,000,000  15.7/s  upd=22798  L=0.0098  D=0.505
[regir_nocount] 15:55:36  901,404/1,000,000  15.7/s  upd=22800  L=0.0099  D=0.505
[regir_nocount] 15:55:47  901,982/1,000,000  15.7/s  upd=22809  L=0.0111  D=0.505
[regir_nocount] 15:55:57  902,276/1,000,000  15.7/s  upd=22820  L=0.0230  D=0.505
[regir_nocount] 15:56:08  902,614/1,000,000  15.7/s  upd=22830  L=0.0173  D=0.505
[regir_nocount] 15:56:18  902,939/1,000,000  15.7/s  upd=22839  L=0.0093  D=0.505
[regir_nocount] 15:56:28  903,228/1,000,000  15.7/s  upd=22848  L=0.0140  D=0.505
[regir_nocount] 15:56:39  903,819/1,000,000  15.7/s  upd=22857  L=0.0105  D=0.505
[regir_nocount] 15:56:50  904,086/1,000,000  15.7/s  upd=22870  L=0.0161  D=0.505
[regir_nocount] 15:57:00  904,721/1,000,000  15.8/s  upd=22881  L=0.0162  D=0.505
[regir_nocount] 15:57:11  905,007/1,000,000  15.8/s  upd=22892  L=0.0126  D=0.505
[regir_nocount] 15:57:21  905,257/1,000,000  15.8/s  upd=22904  L=0.0126  D=0.505
[regir_nocount] 15:57:32  905,870/1,000,000  15.8/s  upd=22915  L=0.0148  D=0.505
[regir_nocount] 15:57:42  906,208/1,000,000  15.8/s  upd=22927  L=0.0104  D=0.505
[regir_nocount] 15:57:52  906,489/1,000,000  15.8/s  upd=22936  L=0.0079  D=0.505
[regir_nocount] 15:58:02  907,111/1,000,000  15.8/s  upd=22945  L=0.0105  D=0.505
[regir_nocount] 15:58:13  907,408/1,000,000  15.8/s  upd=22954  L=0.0132  D=0.505
[regir_nocount] 15:58:24  907,631/1,000,000  15.8/s  upd=22967  L=0.0106  D=0.505
[regir_nocount] 15:58:34  907,920/1,000,000  15.8/s  upd=22976  L=0.0149  D=0.505
[regir_nocount] 15:58:44  908,465/1,000,000  15.8/s  upd=22986  L=0.0184  D=0.505
[regir_nocount] 15:58:54  908,740/1,000,000  15.8/s  upd=22997  L=0.0093  D=0.505
[regir_nocount] 15:59:05  909,008/1,000,000  15.8/s  upd=23006  L=0.0119  D=0.505
[regir_nocount] 15:59:15  909,300/1,000,000  15.8/s  upd=23010  L=0.0103  D=0.505
[regir_nocount] 15:59:26  909,608/1,000,000  15.8/s  upd=23019  L=0.0170  D=0.505
[regir_nocount] 15:59:36  909,946/1,000,000  15.8/s  upd=23025  L=0.0105  D=0.505
[regir_nocount] 15:59:47  910,247/1,000,000  15.8/s  upd=23036  L=0.0127  D=0.505
[regir_nocount] 15:59:57  910,581/1,000,000  15.8/s  upd=23044  L=0.0125  D=0.505
[regir_nocount] 16:00:08  910,856/1,000,000  15.8/s  upd=23053  L=0.0117  D=0.505
[regir_nocount] 16:00:18  911,158/1,000,000  15.8/s  upd=23063  L=0.0128  D=0.505
[regir_nocount] 16:00:29  911,467/1,000,000  15.8/s  upd=23071  L=0.0095  D=0.505
[regir_nocount] 16:00:39  911,773/1,000,000  15.8/s  upd=23077  L=0.0207  D=0.505
[regir_nocount] 16:03:10  911,773/1,000,000  15.8/s  upd=23080  L=0.0168  D=0.505
[regir_nocount] 16:03:21  912,072/1,000,000  15.8/s  upd=23086  L=0.0194  D=0.505
[regir_nocount] saved resume t_env=912,072
[regir_nocount] 16:03:31  912,376/1,000,000  15.8/s  upd=23090  L=0.0196  D=0.505
[regir_nocount] 16:03:43  912,710/1,000,000  15.8/s  upd=23098  L=0.0132  D=0.505
[regir_nocount] 16:03:53  913,012/1,000,000  15.8/s  upd=23105  L=0.0103  D=0.505
[regir_nocount] 16:04:03  913,012/1,000,000  15.8/s  upd=23112  L=0.0128  D=0.505
[regir_nocount] 16:04:13  913,364/1,000,000  15.8/s  upd=23119  L=0.0109  D=0.505
[regir_nocount] 16:04:23  913,660/1,000,000  15.8/s  upd=23126  L=0.0102  D=0.505
[regir_nocount] 16:04:34  914,016/1,000,000  15.8/s  upd=23136  L=0.0099  D=0.505
[regir_nocount] 16:04:44  914,322/1,000,000  15.8/s  upd=23144  L=0.0160  D=0.505
[regir_nocount] 16:04:54  914,604/1,000,000  15.8/s  upd=23152  L=0.0132  D=0.505
[regir_nocount] 16:05:06  914,866/1,000,000  15.8/s  upd=23160  L=0.0115  D=0.505
[regir_nocount] 16:05:16  915,127/1,000,000  15.8/s  upd=23167  L=0.0228  D=0.505
[regir_nocount] 16:05:26  915,461/1,000,000  15.8/s  upd=23175  L=0.0189  D=0.505
[regir_nocount] 16:05:37  916,079/1,000,000  15.8/s  upd=23186  L=0.0091  D=0.505
[regir_nocount] 16:05:48  916,343/1,000,000  15.8/s  upd=23199  L=0.0138  D=0.505
[regir_nocount] 16:05:59  916,915/1,000,000  15.8/s  upd=23209  L=0.0063  D=0.505
[regir_nocount] 16:06:09  917,199/1,000,000  15.8/s  upd=23220  L=0.0144  D=0.505
[regir_nocount] 16:06:19  917,781/1,000,000  15.8/s  upd=23233  L=0.0204  D=0.505
[regir_nocount] 16:06:30  917,781/1,000,000  15.8/s  upd=23240  L=0.0085  D=0.505
[regir_nocount] 16:06:40  918,361/1,000,000  15.8/s  upd=23249  L=0.0167  D=0.505
[regir_nocount] 16:06:52  918,634/1,000,000  15.8/s  upd=23261  L=0.0105  D=0.505
[regir_nocount] 16:07:02  918,912/1,000,000  15.8/s  upd=23272  L=0.0084  D=0.505
[regir_nocount] 16:07:13  919,516/1,000,000  15.8/s  upd=23283  L=0.0103  D=0.505
[regir_nocount] 16:07:23  919,831/1,000,000  15.8/s  upd=23294  L=0.0155  D=0.505
[regir_nocount] 16:07:34  920,144/1,000,000  15.8/s  upd=23303  L=0.0104  D=0.505
[regir_nocount] saved resume t_env=920,144
[regir_nocount] 16:07:54  920,144/1,000,000  15.8/s  upd=23304  L=0.0126  ev=0/100  D=0.505
[regir_nocount] 16:08:04  920,144/1,000,000  15.8/s  upd=23304  L=0.0126  ev=48/100  D=0.505
[regir_nocount] 16:10:46  920,144/1,000,000  15.8/s  upd=23304  L=0.0126  D=0.452
[regir_nocount] 16:12:55  920,144/1,000,000  15.8/s  upd=23304  L=0.0126  D=0.452
[regir_nocount] 16:13:05  920,480/1,000,000  15.8/s  upd=23309  L=0.0104  D=0.452
[regir_nocount] 16:13:15  920,785/1,000,000  15.8/s  upd=23316  L=0.0149  D=0.452
[regir_nocount] 16:13:25  921,072/1,000,000  15.8/s  upd=23322  L=0.0099  D=0.452
[regir_nocount] 16:13:36  921,362/1,000,000  15.8/s  upd=23331  L=0.0110  D=0.452
[regir_nocount] 16:13:47  921,644/1,000,000  15.8/s  upd=23339  L=0.0150  D=0.452
[regir_nocount] 16:13:57  921,942/1,000,000  15.8/s  upd=23347  L=0.0125  D=0.452
[regir_nocount] 16:14:08  922,217/1,000,000  15.8/s  upd=23354  L=0.0096  D=0.452
[regir_nocount] 16:14:19  922,459/1,000,000  15.8/s  upd=23363  L=0.0198  D=0.452
[regir_nocount] 16:14:29  922,802/1,000,000  15.8/s  upd=23375  L=0.0091  D=0.452
[regir_nocount] 16:14:39  923,422/1,000,000  15.8/s  upd=23389  L=0.0107  D=0.452
[regir_nocount] 16:14:49  923,960/1,000,000  15.8/s  upd=23404  L=0.0194  D=0.452
[regir_nocount] 16:15:00  924,558/1,000,000  15.8/s  upd=23418  L=0.0152  D=0.452
[regir_nocount] 16:15:10  924,896/1,000,000  15.8/s  upd=23432  L=0.0139  D=0.452
[regir_nocount] 16:15:20  925,491/1,000,000  15.8/s  upd=23446  L=0.0126  D=0.452
[regir_nocount] 16:15:30  926,099/1,000,000  15.8/s  upd=23459  L=0.0124  D=0.452
[regir_nocount] 16:15:40  926,371/1,000,000  15.8/s  upd=23472  L=0.0128  D=0.452
[regir_nocount] 16:15:50  926,981/1,000,000  15.8/s  upd=23483  L=0.0163  D=0.452
[regir_nocount] 16:16:01  927,281/1,000,000  15.8/s  upd=23494  L=0.0091  D=0.452
[regir_nocount] 16:16:11  927,577/1,000,000  15.8/s  upd=23504  L=0.0071  D=0.452
[regir_nocount] 16:16:21  928,166/1,000,000  15.8/s  upd=23513  L=0.0207  D=0.452
[regir_nocount] 16:16:32  928,469/1,000,000  15.8/s  upd=23524  L=0.0099  D=0.452
[regir_nocount] 16:16:42  928,773/1,000,000  15.8/s  upd=23535  L=0.0156  D=0.452
[regir_nocount] 16:16:53  929,371/1,000,000  15.9/s  upd=23545  L=0.0080  D=0.452
[regir_nocount] 16:17:04  929,659/1,000,000  15.9/s  upd=23558  L=0.0100  D=0.452
[regir_nocount] 16:17:14  929,951/1,000,000  15.9/s  upd=23568  L=0.0123  D=0.452
[regir_nocount] 16:17:24  930,244/1,000,000  15.9/s  upd=23576  L=0.0139  D=0.452
[regir_nocount] 16:17:34  930,479/1,000,000  15.9/s  upd=23583  L=0.0114  D=0.452
[regir_nocount] 16:17:44  930,758/1,000,000  15.9/s  upd=23591  L=0.0139  D=0.452
[regir_nocount] saved resume t_env=930,758
[regir_nocount] 16:17:56  931,025/1,000,000  15.9/s  upd=23595  L=0.0119  D=0.452
[regir_nocount] 16:19:55  931,025/1,000,000  15.8/s  upd=23600  L=0.0113  D=0.452
[regir_nocount] 16:20:06  931,329/1,000,000  15.8/s  upd=23607  L=0.0154  D=0.452
[regir_nocount] 16:20:16  931,606/1,000,000  15.8/s  upd=23616  L=0.0131  D=0.452
[regir_nocount] 16:20:26  931,866/1,000,000  15.8/s  upd=23620  L=0.0129  D=0.452
[regir_nocount] 16:20:36  932,142/1,000,000  15.8/s  upd=23625  L=0.0133  D=0.452
[regir_nocount] 16:20:47  932,468/1,000,000  15.8/s  upd=23634  L=0.0090  D=0.452
[regir_nocount] 16:20:57  932,468/1,000,000  15.8/s  upd=23640  L=0.0153  D=0.452
[regir_nocount] 16:21:07  932,748/1,000,000  15.8/s  upd=23648  L=0.0180  D=0.452
[regir_nocount] 16:21:19  933,055/1,000,000  15.8/s  upd=23653  L=0.0152  D=0.452
[regir_nocount] 16:21:29  933,353/1,000,000  15.8/s  upd=23659  L=0.0104  D=0.452
[regir_nocount] 16:21:39  933,676/1,000,000  15.9/s  upd=23665  L=0.0150  D=0.452
[regir_nocount] 16:21:50  933,969/1,000,000  15.9/s  upd=23674  L=0.0074  D=0.452
[regir_nocount] 16:22:00  933,969/1,000,000  15.9/s  upd=23680  L=0.0155  D=0.452
[regir_nocount] 16:22:10  934,233/1,000,000  15.9/s  upd=23688  L=0.0133  D=0.452
[regir_nocount] 16:22:21  934,529/1,000,000  15.9/s  upd=23696  L=0.0072  D=0.452
[regir_nocount] 16:22:31  935,056/1,000,000  15.9/s  upd=23706  L=0.0132  D=0.452
[regir_nocount] 16:22:42  935,348/1,000,000  15.9/s  upd=23719  L=0.0109  D=0.452
[regir_nocount] 16:22:52  935,649/1,000,000  15.9/s  upd=23728  L=0.0114  D=0.452
[regir_nocount] 16:23:02  936,205/1,000,000  15.9/s  upd=23741  L=0.0131  D=0.452
[regir_nocount] 16:23:12  936,572/1,000,000  15.9/s  upd=23752  L=0.0172  D=0.452
[regir_nocount] 16:23:23  937,159/1,000,000  15.9/s  upd=23762  L=0.0116  D=0.452
[regir_nocount] 16:23:33  937,450/1,000,000  15.9/s  upd=23771  L=0.0100  D=0.452
[regir_nocount] 16:23:43  937,728/1,000,000  15.9/s  upd=23781  L=0.0118  D=0.452
[regir_nocount] 16:23:53  938,033/1,000,000  15.9/s  upd=23792  L=0.0225  D=0.452
[regir_nocount] 16:24:04  938,584/1,000,000  15.9/s  upd=23803  L=0.0134  D=0.452
[regir_nocount] 16:24:14  938,867/1,000,000  15.9/s  upd=23814  L=0.0090  D=0.452
[regir_nocount] 16:24:25  939,142/1,000,000  15.9/s  upd=23824  L=0.0171  D=0.452
[regir_nocount] 16:24:35  939,398/1,000,000  15.9/s  upd=23830  L=0.0105  D=0.452
[regir_nocount] 16:24:45  939,639/1,000,000  15.9/s  upd=23840  L=0.0126  D=0.452
[regir_nocount] 16:24:55  939,913/1,000,000  15.9/s  upd=23848  L=0.0122  D=0.452
[regir_nocount] 16:25:06  940,209/1,000,000  15.9/s  upd=23855  L=0.0085  D=0.452
[regir_nocount] saved resume t_env=940,209
[regir_nocount] 16:25:27  940,209/1,000,000  15.9/s  upd=23856  L=0.0077  ev=0/100  D=0.452
[regir_nocount] 16:25:37  940,209/1,000,000  15.9/s  upd=23856  L=0.0077  ev=23/100  D=0.452
[regir_nocount] 16:25:47  940,209/1,000,000  15.9/s  upd=23856  L=0.0077  ev=40/100  D=0.452
[regir_nocount] 16:25:57  940,209/1,000,000  15.9/s  upd=23856  L=0.0077  ev=56/100  D=0.452
[regir_nocount] 16:26:07  940,209/1,000,000  15.9/s  upd=23856  L=0.0077  ev=80/100  D=0.452
[regir_nocount] 16:28:37  940,209/1,000,000  15.9/s  upd=23856  L=0.0077  D=0.344
[regir_nocount] 16:30:15  940,209/1,000,000  15.8/s  upd=23856  L=0.0077  D=0.344
[regir_nocount] 16:30:25  940,814/1,000,000  15.8/s  upd=23867  L=0.0142  D=0.344
[regir_nocount] 16:30:36  941,173/1,000,000  15.8/s  upd=23878  L=0.0115  D=0.344
[regir_nocount] 16:30:46  941,418/1,000,000  15.8/s  upd=23888  L=0.0155  D=0.344
[regir_nocount] 16:30:56  941,637/1,000,000  15.8/s  upd=23896  L=0.0102  D=0.344
[regir_nocount] 16:31:06  941,891/1,000,000  15.8/s  upd=23904  L=0.0200  D=0.344
[regir_nocount] 16:31:16  942,250/1,000,000  15.8/s  upd=23912  L=0.0097  D=0.344
[regir_nocount] 16:31:27  942,541/1,000,000  15.8/s  upd=23920  L=0.0153  D=0.344
[regir_nocount] 16:31:38  942,806/1,000,000  15.8/s  upd=23924  L=0.0090  D=0.344
[regir_nocount] 16:31:49  943,100/1,000,000  15.8/s  upd=23932  L=0.0089  D=0.344
[regir_nocount] 16:31:59  943,412/1,000,000  15.9/s  upd=23939  L=0.0085  D=0.344
[regir_nocount] 16:32:10  943,711/1,000,000  15.9/s  upd=23948  L=0.0129  D=0.344
[regir_nocount] 16:32:20  944,014/1,000,000  15.9/s  upd=23956  L=0.0115  D=0.344
[regir_nocount] 16:32:31  944,288/1,000,000  15.9/s  upd=23961  L=0.0123  D=0.344
[regir_nocount] 16:32:42  944,517/1,000,000  15.9/s  upd=23969  L=0.0151  D=0.344
[regir_nocount] 16:32:52  944,801/1,000,000  15.9/s  upd=23977  L=0.0160  D=0.344
[regir_nocount] 16:33:02  944,801/1,000,000  15.9/s  upd=23984  L=0.0116  D=0.344
[regir_nocount] 16:33:12  945,056/1,000,000  15.9/s  upd=23992  L=0.0103  D=0.344
[regir_nocount] 16:33:23  945,429/1,000,000  15.9/s  upd=24000  L=0.0107  D=0.344
[regir_nocount] 16:33:33  945,667/1,000,000  15.9/s  upd=24004  L=0.0138  D=0.344
[regir_nocount] 16:33:44  945,667/1,000,000  15.9/s  upd=24008  L=0.0133  D=0.344
[regir_nocount] 16:33:54  945,987/1,000,000  15.9/s  upd=24014  L=0.0189  D=0.344
[regir_nocount] 16:34:04  946,256/1,000,000  15.9/s  upd=24021  L=0.0143  D=0.344
[regir_nocount] 16:34:15  946,515/1,000,000  15.9/s  upd=24027  L=0.0148  D=0.344
[regir_nocount] 16:34:27  946,815/1,000,000  15.9/s  upd=24036  L=0.0145  D=0.344
[regir_nocount] 16:34:37  947,124/1,000,000  15.9/s  upd=24044  L=0.0109  D=0.344
[regir_nocount] 16:34:47  947,409/1,000,000  15.9/s  upd=24056  L=0.0203  D=0.344
[regir_nocount] 16:34:57  947,686/1,000,000  15.9/s  upd=24064  L=0.0237  D=0.344
[regir_nocount] 16:35:07  948,238/1,000,000  15.9/s  upd=24074  L=0.0241  D=0.344
[regir_nocount] saved resume t_env=948,238
[regir_nocount] 16:35:17  948,517/1,000,000  15.9/s  upd=24081  L=0.0172  D=0.344
[regir_nocount] 16:36:47  948,517/1,000,000  15.9/s  upd=24088  L=0.0093  D=0.344
[regir_nocount] 16:36:57  949,130/1,000,000  15.9/s  upd=24103  L=0.0150  D=0.344
[regir_nocount] 16:37:08  949,650/1,000,000  15.9/s  upd=24119  L=0.0105  D=0.344
[regir_nocount] 16:37:18  950,211/1,000,000  15.9/s  upd=24134  L=0.0139  D=0.344
[regir_nocount] 16:37:28  950,797/1,000,000  15.9/s  upd=24147  L=0.0133  D=0.344
[regir_nocount] 16:37:39  951,422/1,000,000  15.9/s  upd=24163  L=0.0145  D=0.344
[regir_nocount] 16:37:49  952,019/1,000,000  15.9/s  upd=24180  L=0.0136  D=0.344
[regir_nocount] 16:37:59  952,315/1,000,000  15.9/s  upd=24192  L=0.0144  D=0.344
[regir_nocount] 16:38:10  952,879/1,000,000  15.9/s  upd=24204  L=0.0106  D=0.344
[regir_nocount] 16:38:20  953,177/1,000,000  15.9/s  upd=24214  L=0.0127  D=0.344
[regir_nocount] 16:38:30  953,426/1,000,000  15.9/s  upd=24224  L=0.0121  D=0.344
[regir_nocount] 16:38:40  953,758/1,000,000  15.9/s  upd=24230  L=0.0127  D=0.344
[regir_nocount] 16:38:50  954,260/1,000,000  15.9/s  upd=24241  L=0.0148  D=0.344
[regir_nocount] 16:39:01  954,545/1,000,000  15.9/s  upd=24252  L=0.0155  D=0.344
[regir_nocount] 16:39:11  954,811/1,000,000  15.9/s  upd=24263  L=0.0124  D=0.344
[regir_nocount] 16:39:21  955,504/1,000,000  15.9/s  upd=24274  L=0.0260  D=0.344
[regir_nocount] 16:39:31  955,755/1,000,000  15.9/s  upd=24285  L=0.0113  D=0.344
[regir_nocount] 16:39:42  956,062/1,000,000  15.9/s  upd=24292  L=0.0130  D=0.344
[regir_nocount] 16:39:52  956,347/1,000,000  15.9/s  upd=24300  L=0.0160  D=0.344
[regir_nocount] 16:40:02  956,347/1,000,000  15.9/s  upd=24304  L=0.0200  D=0.344
[regir_nocount] 16:40:13  956,654/1,000,000  15.9/s  upd=24312  L=0.0146  D=0.344
[regir_nocount] 16:40:24  956,974/1,000,000  15.9/s  upd=24318  L=0.0142  D=0.344
[regir_nocount] 16:40:34  957,316/1,000,000  15.9/s  upd=24328  L=0.0137  D=0.344
[regir_nocount] 16:40:44  957,863/1,000,000  16.0/s  upd=24341  L=0.0187  D=0.344
[regir_nocount] 16:40:55  958,131/1,000,000  16.0/s  upd=24352  L=0.0092  D=0.344
[regir_nocount] 16:41:06  958,428/1,000,000  16.0/s  upd=24360  L=0.0121  D=0.344
[regir_nocount] 16:41:16  958,719/1,000,000  16.0/s  upd=24368  L=0.0177  D=0.344
[regir_nocount] 16:41:26  959,000/1,000,000  16.0/s  upd=24376  L=0.0148  D=0.344
[regir_nocount] 16:41:37  959,223/1,000,000  16.0/s  upd=24383  L=0.0108  D=0.344
[regir_nocount] 16:41:48  959,502/1,000,000  16.0/s  upd=24392  L=0.0093  D=0.344
[regir_nocount] 16:45:25  959,502/1,000,000  15.9/s  upd=24392  L=0.0093  D=0.344
[regir_nocount] saved resume t_env=959,796
[regir_nocount] 16:45:36  959,796/1,000,000  15.9/s  upd=24400  L=0.0128  D=0.344
[regir_nocount] saved resume t_env=960,073
[regir_nocount] 16:46:03  960,073/1,000,000  15.9/s  upd=24408  L=0.0158  ev=0/100  D=0.344
[regir_nocount] 16:46:13  960,073/1,000,000  15.9/s  upd=24408  L=0.0158  ev=80/100  D=0.344
[regir_nocount] 16:49:14  960,073/1,000,000  15.9/s  upd=24408  L=0.0158  D=0.689
[regir_nocount] 16:49:24  960,364/1,000,000  15.9/s  upd=24411  L=0.0102  D=0.689
[regir_nocount] 16:49:35  960,621/1,000,000  15.9/s  upd=24417  L=0.0156  D=0.689
[regir_nocount] 16:49:45  960,621/1,000,000  15.9/s  upd=24424  L=0.0197  D=0.689
[regir_nocount] 16:49:56  960,923/1,000,000  15.9/s  upd=24430  L=0.0091  D=0.689
[regir_nocount] 16:50:06  960,923/1,000,000  15.9/s  upd=24432  L=0.0119  D=0.689
[regir_nocount] 16:50:18  961,238/1,000,000  15.9/s  upd=24438  L=0.0119  D=0.689
[regir_nocount] 16:50:30  961,543/1,000,000  15.9/s  upd=24442  L=0.0134  D=0.689
[regir_nocount] 16:53:01  961,543/1,000,000  15.8/s  upd=24448  L=0.0140  D=0.689
[regir_nocount] 16:53:11  962,073/1,000,000  15.8/s  upd=24464  L=0.0125  D=0.689
[regir_nocount] 16:53:22  962,607/1,000,000  15.8/s  upd=24477  L=0.0096  D=0.689
[regir_nocount] 16:53:32  963,175/1,000,000  15.8/s  upd=24494  L=0.0248  D=0.689
[regir_nocount] 16:53:42  963,486/1,000,000  15.8/s  upd=24504  L=0.0080  D=0.689
[regir_nocount] 16:53:53  964,080/1,000,000  15.8/s  upd=24515  L=0.0130  D=0.689
[regir_nocount] 16:54:04  964,375/1,000,000  15.8/s  upd=24526  L=0.0095  D=0.689
[regir_nocount] 16:54:14  964,666/1,000,000  15.9/s  upd=24536  L=0.0089  D=0.689
[regir_nocount] 16:54:24  964,926/1,000,000  15.9/s  upd=24544  L=0.0082  D=0.689
[regir_nocount] 16:54:34  965,507/1,000,000  15.9/s  upd=24553  L=0.0123  D=0.689
[regir_nocount] 16:54:45  965,787/1,000,000  15.9/s  upd=24564  L=0.0147  D=0.689
[regir_nocount] 16:54:56  966,054/1,000,000  15.9/s  upd=24574  L=0.0111  D=0.689
[regir_nocount] 16:55:06  966,345/1,000,000  15.9/s  upd=24581  L=0.0072  D=0.689
[regir_nocount] 16:55:16  966,632/1,000,000  15.9/s  upd=24591  L=0.0163  D=0.689
[regir_nocount] 16:55:27  967,259/1,000,000  15.9/s  upd=24602  L=0.0159  D=0.689
[regir_nocount] 16:55:38  967,525/1,000,000  15.9/s  upd=24615  L=0.0090  D=0.689
[regir_nocount] saved resume t_env=967,804
[regir_nocount] 16:55:49  967,804/1,000,000  15.9/s  upd=24624  L=0.0130  D=0.689
[regir_nocount] 16:55:59  968,079/1,000,000  15.9/s  upd=24632  L=0.0077  D=0.689
[regir_nocount] 16:56:10  968,643/1,000,000  15.9/s  upd=24641  L=0.0138  D=0.689
[regir_nocount] 16:56:20  968,946/1,000,000  15.9/s  upd=24652  L=0.0277  D=0.689
[regir_nocount] 16:56:30  969,241/1,000,000  15.9/s  upd=24663  L=0.0097  D=0.689
[regir_nocount] 16:56:41  969,789/1,000,000  15.9/s  upd=24674  L=0.0111  D=0.689
[regir_nocount] 16:56:51  970,052/1,000,000  15.9/s  upd=24685  L=0.0134  D=0.689
[regir_nocount] 16:57:01  970,335/1,000,000  15.9/s  upd=24696  L=0.0132  D=0.689
[regir_nocount] 16:57:12  970,840/1,000,000  15.9/s  upd=24708  L=0.0151  D=0.689
[regir_nocount] 16:57:22  971,221/1,000,000  15.9/s  upd=24719  L=0.0166  D=0.689
[regir_nocount] 16:57:32  971,782/1,000,000  15.9/s  upd=24729  L=0.0125  D=0.689
[regir_nocount] 16:57:43  972,074/1,000,000  15.9/s  upd=24741  L=0.0158  D=0.689
[regir_nocount] 16:57:53  972,331/1,000,000  15.9/s  upd=24752  L=0.0150  D=0.689
[regir_nocount] 16:58:03  972,923/1,000,000  15.9/s  upd=24763  L=0.0127  D=0.689
[regir_nocount] 17:00:43  972,923/1,000,000  15.9/s  upd=24768  L=0.0101  D=0.689
[regir_nocount] 17:00:53  973,607/1,000,000  15.9/s  upd=24779  L=0.0109  D=0.689
[regir_nocount] 17:01:04  973,872/1,000,000  15.9/s  upd=24791  L=0.0080  D=0.689
[regir_nocount] 17:01:14  974,143/1,000,000  15.9/s  upd=24799  L=0.0089  D=0.689
[regir_nocount] 17:01:24  974,450/1,000,000  15.9/s  upd=24806  L=0.0140  D=0.689
[regir_nocount] 17:01:35  974,704/1,000,000  15.9/s  upd=24814  L=0.0137  D=0.689
[regir_nocount] 17:01:46  974,980/1,000,000  15.9/s  upd=24820  L=0.0131  D=0.689
[regir_nocount] 17:01:57  975,299/1,000,000  15.9/s  upd=24825  L=0.0163  D=0.689
[regir_nocount] 17:02:07  975,581/1,000,000  15.9/s  upd=24833  L=0.0174  D=0.689
[regir_nocount] 17:02:17  975,581/1,000,000  15.9/s  upd=24840  L=0.0124  D=0.689
[regir_nocount] 17:02:27  975,900/1,000,000  15.9/s  upd=24848  L=0.0122  D=0.689
[regir_nocount] 17:02:38  976,234/1,000,000  15.9/s  upd=24852  L=0.0186  D=0.689
[regir_nocount] 17:02:48  976,234/1,000,000  15.9/s  upd=24856  L=0.0096  D=0.689
[regir_nocount] 17:02:59  976,538/1,000,000  15.9/s  upd=24864  L=0.0162  D=0.689
[regir_nocount] 17:03:09  976,830/1,000,000  15.9/s  upd=24870  L=0.0130  D=0.689
[regir_nocount] 17:03:19  977,197/1,000,000  15.9/s  upd=24877  L=0.0149  D=0.689
[regir_nocount] 17:03:30  977,474/1,000,000  15.9/s  upd=24888  L=0.0165  D=0.689
[regir_nocount] 17:03:40  978,030/1,000,000  15.9/s  upd=24897  L=0.0130  D=0.689
[regir_nocount] 17:03:51  978,279/1,000,000  15.9/s  upd=24906  L=0.0128  D=0.689
[regir_nocount] 17:04:02  978,574/1,000,000  15.9/s  upd=24916  L=0.0080  D=0.689
[regir_nocount] 17:04:13  978,799/1,000,000  15.9/s  upd=24924  L=0.0098  D=0.689
[regir_nocount] 17:04:24  979,032/1,000,000  15.9/s  upd=24936  L=0.0138  D=0.689
[regir_nocount] 17:04:35  979,570/1,000,000  15.9/s  upd=24946  L=0.0146  D=0.689
[regir_nocount] 17:04:46  979,846/1,000,000  15.9/s  upd=24954  L=0.0104  D=0.689
[regir_nocount] 17:04:56  980,105/1,000,000  15.9/s  upd=24962  L=0.0142  D=0.689
[regir_nocount] saved resume t_env=980,105
[regir_nocount] 17:05:23  980,105/1,000,000  15.9/s  upd=24968  L=0.0113  ev=0/100  D=0.689
[regir_nocount] 17:05:33  980,105/1,000,000  15.9/s  upd=24968  L=0.0113  ev=24/100  D=0.689
[regir_nocount] 17:05:43  980,105/1,000,000  15.9/s  upd=24968  L=0.0113  ev=48/100  D=0.689
[regir_nocount] 17:05:54  980,105/1,000,000  15.9/s  upd=24968  L=0.0113  ev=56/100  D=0.689
[regir_nocount] 17:06:04  980,105/1,000,000  15.9/s  upd=24968  L=0.0113  ev=72/100  D=0.689
[regir_nocount] 17:06:14  980,105/1,000,000  15.9/s  upd=24968  L=0.0113  ev=88/100  D=0.689
[regir_nocount] 17:07:54  980,105/1,000,000  15.9/s  upd=24968  L=0.0113  D=0.376
[regir_nocount] 17:10:05  980,105/1,000,000  15.9/s  upd=24968  L=0.0113  D=0.376
[regir_nocount] 17:10:16  980,343/1,000,000  15.9/s  upd=24974  L=0.0140  D=0.376
[regir_nocount] 17:10:26  980,610/1,000,000  15.9/s  upd=24981  L=0.0156  D=0.376
[regir_nocount] 17:10:37  980,864/1,000,000  15.9/s  upd=24986  L=0.0147  D=0.376
[regir_nocount] 17:10:47  980,864/1,000,000  15.9/s  upd=24992  L=0.0167  D=0.376
[regir_nocount] 17:10:58  981,162/1,000,000  15.9/s  upd=25000  L=0.0167  D=0.376
[regir_nocount] 17:11:08  981,430/1,000,000  15.9/s  upd=25008  L=0.0105  D=0.376
[regir_nocount] 17:11:18  981,722/1,000,000  15.9/s  upd=25014  L=0.0123  D=0.376
[regir_nocount] 17:11:29  982,021/1,000,000  15.9/s  upd=25020  L=0.0148  D=0.376
[regir_nocount] 17:11:39  982,326/1,000,000  15.9/s  upd=25026  L=0.0103  D=0.376
[regir_nocount] 17:11:50  982,576/1,000,000  15.9/s  upd=25034  L=0.0159  D=0.376
[regir_nocount] 17:12:00  982,862/1,000,000  15.9/s  upd=25043  L=0.0145  D=0.376
[regir_nocount] 17:12:10  982,862/1,000,000  15.9/s  upd=25048  L=0.0194  D=0.376
[regir_nocount] 17:12:20  983,158/1,000,000  15.9/s  upd=25056  L=0.0128  D=0.376
[regir_nocount] 17:12:30  983,406/1,000,000  15.9/s  upd=25064  L=0.0111  D=0.376
[regir_nocount] 17:12:41  983,701/1,000,000  15.9/s  upd=25071  L=0.0159  D=0.376
[regir_nocount] 17:12:51  983,979/1,000,000  15.9/s  upd=25080  L=0.0164  D=0.376
[regir_nocount] 17:13:01  984,235/1,000,000  15.9/s  upd=25087  L=0.0127  D=0.376
[regir_nocount] 17:13:12  984,524/1,000,000  15.9/s  upd=25093  L=0.0114  D=0.376
[regir_nocount] 17:13:24  984,793/1,000,000  15.9/s  upd=25104  L=0.0178  D=0.376
[regir_nocount] 17:13:35  985,015/1,000,000  15.9/s  upd=25110  L=0.0135  D=0.376
[regir_nocount] 17:13:45  985,300/1,000,000  15.9/s  upd=25117  L=0.0165  D=0.376
[regir_nocount] 17:13:55  985,908/1,000,000  15.9/s  upd=25129  L=0.0094  D=0.376
[regir_nocount] 17:14:06  986,193/1,000,000  15.9/s  upd=25139  L=0.0138  D=0.376
[regir_nocount] 17:14:16  986,454/1,000,000  15.9/s  upd=25151  L=0.0107  D=0.376
[regir_nocount] 17:14:26  986,726/1,000,000  15.9/s  upd=25160  L=0.0141  D=0.376
[regir_nocount] 17:14:37  987,277/1,000,000  15.9/s  upd=25170  L=0.0096  D=0.376
[regir_nocount] 17:14:48  987,556/1,000,000  15.9/s  upd=25184  L=0.0116  D=0.376
[regir_nocount] 17:14:58  988,124/1,000,000  15.9/s  upd=25196  L=0.0138  D=0.376
[regir_nocount] 17:15:09  988,442/1,000,000  15.9/s  upd=25206  L=0.0137  D=0.376
[regir_nocount] saved resume t_env=988,442
[regir_nocount] 17:18:19  988,442/1,000,000  15.9/s  upd=25208  L=0.0130  D=0.376
[regir_nocount] 17:18:30  988,747/1,000,000  15.9/s  upd=25210  L=0.0089  D=0.376
[regir_nocount] 17:18:42  989,020/1,000,000  15.9/s  upd=25217  L=0.0083  D=0.376
[regir_nocount] 17:18:52  989,020/1,000,000  15.9/s  upd=25224  L=0.0139  D=0.376
[regir_nocount] 17:19:03  989,248/1,000,000  15.9/s  upd=25232  L=0.0107  D=0.376
[regir_nocount] 17:19:14  989,495/1,000,000  15.9/s  upd=25236  L=0.0140  D=0.376
[regir_nocount] 17:19:24  989,495/1,000,000  15.9/s  upd=25240  L=0.0160  D=0.376
[regir_nocount] 17:19:34  989,790/1,000,000  15.9/s  upd=25248  L=0.0138  D=0.376
[regir_nocount] 17:19:44  990,062/1,000,000  15.9/s  upd=25254  L=0.0159  D=0.376
[regir_nocount] 17:19:54  990,376/1,000,000  15.9/s  upd=25260  L=0.0113  D=0.376
[regir_nocount] 17:20:05  990,698/1,000,000  15.9/s  upd=25268  L=0.0096  D=0.376
[regir_nocount] 17:20:16  990,994/1,000,000  15.9/s  upd=25278  L=0.0114  D=0.376
[regir_nocount] 17:20:26  991,287/1,000,000  15.9/s  upd=25288  L=0.0223  D=0.376
[regir_nocount] 17:20:37  991,857/1,000,000  15.9/s  upd=25297  L=0.0128  D=0.376
[regir_nocount] 17:20:47  992,157/1,000,000  15.9/s  upd=25306  L=0.0105  D=0.376
[regir_nocount] 17:20:58  992,483/1,000,000  15.9/s  upd=25317  L=0.0100  D=0.376
[regir_nocount] 17:21:08  992,720/1,000,000  15.9/s  upd=25325  L=0.0135  D=0.376
[regir_nocount] 17:21:18  993,001/1,000,000  15.9/s  upd=25336  L=0.0101  D=0.376
[regir_nocount] 17:21:29  993,522/1,000,000  15.9/s  upd=25347  L=0.0106  D=0.376
[regir_nocount] 17:21:40  993,833/1,000,000  15.9/s  upd=25355  L=0.0157  D=0.376
[regir_nocount] 17:21:51  994,082/1,000,000  15.9/s  upd=25362  L=0.0092  D=0.376
[regir_nocount] 17:22:02  994,341/1,000,000  15.9/s  upd=25369  L=0.0106  D=0.376
[regir_nocount] 17:22:12  994,341/1,000,000  15.9/s  upd=25376  L=0.0138  D=0.376
[regir_nocount] 17:22:22  994,887/1,000,000  15.9/s  upd=25387  L=0.0104  D=0.376
[regir_nocount] 17:22:32  995,147/1,000,000  15.9/s  upd=25400  L=0.0211  D=0.376
[regir_nocount] 17:22:42  995,410/1,000,000  15.9/s  upd=25408  L=0.0130  D=0.376
[regir_nocount] 17:22:53  995,995/1,000,000  15.9/s  upd=25421  L=0.0149  D=0.376
[regir_nocount] 17:23:04  996,306/1,000,000  15.9/s  upd=25432  L=0.0156  D=0.376
[regir_nocount] 17:23:14  996,888/1,000,000  15.9/s  upd=25441  L=0.0121  D=0.376
[regir_nocount] 17:24:59  996,888/1,000,000  15.9/s  upd=25448  L=0.0222  D=0.376
[regir_nocount] 17:25:09  997,183/1,000,000  15.9/s  upd=25454  L=0.0097  D=0.376
[regir_nocount] 17:25:20  997,437/1,000,000  15.9/s  upd=25461  L=0.0126  D=0.376
[regir_nocount] saved resume t_env=997,437
[regir_nocount] 17:25:30  997,437/1,000,000  15.9/s  upd=25464  L=0.0155  D=0.376
[regir_nocount] 17:25:41  997,708/1,000,000  15.9/s  upd=25470  L=0.0145  D=0.376
[regir_nocount] 17:25:52  997,977/1,000,000  15.9/s  upd=25477  L=0.0138  D=0.376
[regir_nocount] 17:26:02  998,246/1,000,000  15.9/s  upd=25486  L=0.0146  D=0.376
[regir_nocount] 17:26:13  998,485/1,000,000  15.9/s  upd=25494  L=0.0132  D=0.376
[regir_nocount] 17:26:24  998,735/1,000,000  15.9/s  upd=25503  L=0.0110  D=0.376
[regir_nocount] 17:26:34  998,974/1,000,000  15.9/s  upd=25512  L=0.0128  D=0.376
[regir_nocount] 17:26:44  999,265/1,000,000  15.9/s  upd=25520  L=0.0229  D=0.376
[regir_nocount] 17:26:54  999,773/1,000,000  15.9/s  upd=25530  L=0.0120  D=0.376
[regir_nocount] 17:27:04  1,000,040/1,000,000  15.9/s  upd=25541  L=0.0180  D=0.376
[regir_nocount] saved resume t_env=1,000,040
[regir_nocount] 17:27:26  1,000,040/1,000,000  15.9/s  upd=25544  L=0.0219  ev=0/100  D=0.376
[regir_nocount] 17:27:36  1,000,040/1,000,000  15.9/s  upd=25544  L=0.0219  ev=48/100  D=0.376
[regir_nocount] 17:27:46  1,000,040/1,000,000  15.9/s  upd=25544  L=0.0219  ev=96/100  D=0.376
[regir_nocount] 17:30:35  1,000,040/1,000,000  15.9/s  upd=25544  L=0.0219  D=0.295
[regir_nocount] saved resume t_env=1,000,040
