[refil_matched] no resume checkpoint; start this arm from step 0
[refil_matched] 0:00:10  412/1,000,000  40.8/s  upd=0  L=-  D=-
[refil_matched] 0:00:20  1,246/1,000,000  61.5/s  upd=0  L=-  D=-
[refil_matched] 0:00:30  1,962/1,000,000  64.7/s  upd=9  L=0.0464  D=-
[refil_matched] 0:00:40  2,370/1,000,000  58.7/s  upd=23  L=0.0463  D=-
[refil_matched] 0:00:50  2,854/1,000,000  56.7/s  upd=32  L=0.0411  D=-
[refil_matched] 0:01:00  3,181/1,000,000  52.6/s  upd=40  L=0.0441  D=-
[refil_matched] 0:01:10  3,979/1,000,000  56.3/s  upd=51  L=0.0566  D=-
[refil_matched] 0:01:20  4,388/1,000,000  54.3/s  upd=64  L=0.0278  D=-
[refil_matched] 0:01:30  5,128/1,000,000  56.4/s  upd=79  L=0.0405  D=-
[refil_matched] 0:01:41  5,812/1,000,000  57.5/s  upd=95  L=0.0461  D=-
[refil_matched] 0:01:51  6,259/1,000,000  56.4/s  upd=104  L=0.0473  D=-
[refil_matched] 0:02:01  6,667/1,000,000  55.1/s  upd=112  L=0.0465  D=-
[refil_matched] 0:02:11  7,417/1,000,000  56.6/s  upd=128  L=0.0396  D=-
[refil_matched] 0:02:21  8,611/1,000,000  61.0/s  upd=149  L=0.0454  D=-
[refil_matched] 0:02:31  9,415/1,000,000  62.3/s  upd=164  L=0.0437  D=-
[refil_matched] 0:02:41  9,852/1,000,000  61.1/s  upd=176  L=0.0534  D=-
[refil_matched] 0:02:51  10,640/1,000,000  62.1/s  upd=192  L=0.0522  D=-
[refil_matched] 0:03:01  11,706/1,000,000  64.5/s  upd=214  L=0.0525  D=-
[refil_matched] 0:03:11  12,076/1,000,000  63.1/s  upd=224  L=0.0519  D=-
[refil_matched] 0:03:21  12,914/1,000,000  64.0/s  upd=238  L=0.0466  D=-
[refil_matched] 0:03:31  13,595/1,000,000  64.2/s  upd=250  L=0.0439  D=-
[refil_matched] 0:03:41  13,989/1,000,000  63.0/s  upd=264  L=0.0448  D=-
[refil_matched] 0:03:51  14,730/1,000,000  63.5/s  upd=280  L=0.0522  D=-
[refil_matched] 0:04:02  15,610/1,000,000  64.5/s  upd=292  L=0.0520  D=-
[refil_matched] 0:04:12  16,033/1,000,000  63.6/s  upd=304  L=0.0473  D=-
[refil_matched] 0:04:22  16,944/1,000,000  64.6/s  upd=314  L=0.0462  D=-
[refil_matched] 0:04:32  17,440/1,000,000  64.1/s  upd=328  L=0.0336  D=-
[refil_matched] 0:04:42  18,239/1,000,000  64.6/s  upd=342  L=0.0391  D=-
[refil_matched] 0:04:52  18,607/1,000,000  63.6/s  upd=352  L=0.0461  D=-
[refil_matched] 0:05:02  18,957/1,000,000  62.6/s  upd=360  L=0.0613  D=-
[refil_matched] report refresh skipped: PermissionError
[refil_matched] 0:05:12  19,356/1,000,000  61.9/s  upd=368  L=0.0353  D=-
[refil_matched] saved resume t_env=20,052
[refil_matched] 0:05:39  20,052/1,000,000  59.1/s  upd=384  L=0.0355  ev=0/100  D=-
[refil_matched] 0:05:49  20,052/1,000,000  57.4/s  upd=384  L=0.0355  ev=32/100  D=-
[refil_matched] 0:05:59  20,052/1,000,000  55.8/s  upd=384  L=0.0355  ev=58/100  D=-
[refil_matched] 0:06:09  20,052/1,000,000  54.3/s  upd=384  L=0.0355  ev=84/100  D=-
[refil_matched] report refresh skipped: PermissionError
[refil_matched] 0:06:19  20,399/1,000,000  53.7/s  upd=392  L=0.0346  D=4.947
[refil_matched] 0:06:29  21,107/1,000,000  54.2/s  upd=407  L=0.0366  D=4.947
[refil_matched] 0:06:39  21,873/1,000,000  54.7/s  upd=421  L=0.0515  D=4.947
[refil_matched] 0:06:49  22,255/1,000,000  54.3/s  upd=432  L=0.0416  D=4.947
[refil_matched] 0:06:59  22,721/1,000,000  54.1/s  upd=440  L=0.0447  D=4.947
[refil_matched] 0:07:09  23,519/1,000,000  54.7/s  upd=453  L=0.0443  D=4.947
[refil_matched] 0:07:19  23,851/1,000,000  54.2/s  upd=464  L=0.0530  D=4.947
[refil_matched] 0:07:30  24,622/1,000,000  54.7/s  upd=479  L=0.0544  D=4.947
[refil_matched] 0:07:40  24,997/1,000,000  54.3/s  upd=488  L=0.0305  D=4.947
[refil_matched] 0:07:50  25,699/1,000,000  54.6/s  upd=503  L=0.0324  D=4.947
[refil_matched] 0:08:00  26,074/1,000,000  54.2/s  upd=512  L=0.0374  D=4.947
[refil_matched] 0:08:10  26,499/1,000,000  54.0/s  upd=520  L=0.0388  D=4.947
[refil_matched] 0:08:20  26,857/1,000,000  53.6/s  upd=528  L=0.0510  D=4.947
[refil_matched] 0:08:30  27,683/1,000,000  54.2/s  upd=543  L=0.0424  D=4.947
[refil_matched] 0:08:40  28,050/1,000,000  53.8/s  upd=552  L=0.0513  D=4.947
[refil_matched] 0:08:50  28,436/1,000,000  53.6/s  upd=560  L=0.0300  D=4.947
[refil_matched] 0:09:01  28,900/1,000,000  53.4/s  upd=568  L=0.0325  D=4.947
[refil_matched] 0:09:11  29,601/1,000,000  53.7/s  upd=580  L=0.0431  D=4.947
[refil_matched] 0:09:21  29,988/1,000,000  53.4/s  upd=592  L=0.0528  D=4.947
[refil_matched] 0:09:31  30,375/1,000,000  53.1/s  upd=600  L=0.0474  D=4.947
[refil_matched] 0:09:41  30,797/1,000,000  53.0/s  upd=608  L=0.0439  D=4.947
[refil_matched] 0:09:51  31,624/1,000,000  53.4/s  upd=618  L=0.0383  D=4.947
[refil_matched] 0:10:01  31,953/1,000,000  53.1/s  upd=632  L=0.0388  D=4.947
[refil_matched] 0:10:11  32,308/1,000,000  52.8/s  upd=640  L=0.0566  D=4.947
[refil_matched] report refresh skipped: PermissionError
[refil_matched] 0:10:22  33,106/1,000,000  53.2/s  upd=651  L=0.0520  D=4.947
[refil_matched] 0:10:32  33,544/1,000,000  53.1/s  upd=661  L=0.0321  D=4.947
[refil_matched] 0:10:42  33,966/1,000,000  52.9/s  upd=672  L=0.0515  D=4.947
[refil_matched] 0:10:52  34,368/1,000,000  52.7/s  upd=680  L=0.0463  D=4.947
[refil_matched] 0:11:02  34,792/1,000,000  52.5/s  upd=688  L=0.0303  D=4.947
[refil_matched] 0:11:12  35,667/1,000,000  53.0/s  upd=699  L=0.0341  D=4.947
[refil_matched] 0:11:22  36,062/1,000,000  52.8/s  upd=712  L=0.0364  D=4.947
[refil_matched] 0:11:32  36,412/1,000,000  52.6/s  upd=720  L=0.0387  D=4.947
[refil_matched] 0:11:42  37,131/1,000,000  52.8/s  upd=736  L=0.0319  D=4.947
[refil_matched] 0:11:52  37,506/1,000,000  52.6/s  upd=744  L=0.0585  D=4.947
[refil_matched] 0:12:02  38,281/1,000,000  53.0/s  upd=760  L=0.0405  D=4.947
[refil_matched] 0:12:12  38,645/1,000,000  52.7/s  upd=768  L=0.0507  D=4.947
[refil_matched] 0:12:23  39,717/1,000,000  53.4/s  upd=791  L=0.0461  D=4.947
[refil_matched] saved resume t_env=40,107
[refil_matched] 0:12:46  40,107/1,000,000  52.3/s  upd=800  L=0.0317  ev=0/100  D=4.947
[refil_matched] 0:12:56  40,107/1,000,000  51.6/s  upd=800  L=0.0317  ev=24/100  D=4.947
[refil_matched] 0:13:06  40,107/1,000,000  51.0/s  upd=800  L=0.0317  ev=47/100  D=4.947
[refil_matched] 0:13:17  40,107/1,000,000  50.3/s  upd=800  L=0.0317  ev=61/100  D=4.947
[refil_matched] 0:13:27  40,107/1,000,000  49.7/s  upd=800  L=0.0317  ev=80/100  D=4.947
[refil_matched] 0:13:37  40,107/1,000,000  49.1/s  upd=800  L=0.0317  ev=95/100  D=4.947
[refil_matched] report refresh skipped: PermissionError
[refil_matched] 0:13:47  40,501/1,000,000  49.0/s  upd=808  L=0.0516  D=4.708
[refil_matched] 0:13:57  41,265/1,000,000  49.3/s  upd=819  L=0.0357  D=4.708
[refil_matched] 0:14:07  41,921/1,000,000  49.5/s  upd=837  L=0.0516  D=4.708
[refil_matched] 0:14:17  42,312/1,000,000  49.4/s  upd=848  L=0.0311  D=4.708
[refil_matched] 0:14:27  43,086/1,000,000  49.7/s  upd=864  L=0.0597  D=4.708
[refil_matched] 0:14:37  43,516/1,000,000  49.6/s  upd=872  L=0.0376  D=4.708
[refil_matched] 0:14:47  44,467/1,000,000  50.1/s  upd=888  L=0.0369  D=4.708
[refil_matched] 0:14:57  45,240/1,000,000  50.4/s  upd=902  L=0.0421  D=4.708
[refil_matched] 0:15:07  45,690/1,000,000  50.3/s  upd=912  L=0.0254  D=4.708
[refil_matched] 0:15:17  46,092/1,000,000  50.2/s  upd=920  L=0.0344  D=4.708
[refil_matched] report refresh skipped: PermissionError
[refil_matched] 0:15:27  47,201/1,000,000  50.9/s  upd=938  L=0.0376  D=4.708
[refil_matched] 0:15:37  47,563/1,000,000  50.7/s  upd=952  L=0.0390  D=4.708
[refil_matched] 0:15:47  48,276/1,000,000  50.9/s  upd=968  L=0.0329  D=4.708
[refil_matched] 0:15:58  49,000/1,000,000  51.1/s  upd=977  L=0.0548  D=4.708
[refil_matched] 0:16:08  49,431/1,000,000  51.0/s  upd=992  L=0.0318  D=4.708
[refil_matched] 0:16:18  49,900/1,000,000  51.0/s  upd=1000  L=0.0430  D=4.708
[refil_matched] 0:16:28  50,268/1,000,000  50.8/s  upd=1008  L=0.0362  D=4.708
[refil_matched] 0:16:38  50,659/1,000,000  50.7/s  upd=1016  L=0.0280  D=4.708
[refil_matched] 0:16:49  51,337/1,000,000  50.9/s  upd=1028  L=0.0285  D=4.708
[refil_matched] 0:16:59  51,719/1,000,000  50.7/s  upd=1040  L=0.0537  D=4.708
[refil_matched] 0:17:09  52,451/1,000,000  51.0/s  upd=1054  L=0.0365  D=4.708
[refil_matched] 0:17:19  52,794/1,000,000  50.8/s  upd=1064  L=0.0495  D=4.708
[refil_matched] 0:17:29  53,473/1,000,000  51.0/s  upd=1080  L=0.0426  D=4.708
[refil_matched] 0:17:39  54,170/1,000,000  51.1/s  upd=1095  L=0.0316  D=4.708
[refil_matched] 0:17:49  54,480/1,000,000  50.9/s  upd=1104  L=0.0276  D=4.708
[refil_matched] 0:17:59  55,306/1,000,000  51.2/s  upd=1114  L=0.0362  D=4.708
[refil_matched] 0:18:09  55,658/1,000,000  51.1/s  upd=1127  L=0.0305  D=4.708
[refil_matched] 0:18:19  56,078/1,000,000  51.0/s  upd=1136  L=0.0346  D=4.708
[refil_matched] 0:18:30  56,778/1,000,000  51.1/s  upd=1152  L=0.0309  D=4.708
[refil_matched] 0:18:40  57,167/1,000,000  51.0/s  upd=1160  L=0.0552  D=4.708
[refil_matched] 0:18:50  57,883/1,000,000  51.2/s  upd=1176  L=0.0469  D=4.708
[refil_matched] 0:19:00  58,616/1,000,000  51.4/s  upd=1186  L=0.0516  D=4.708
[refil_matched] 0:19:10  59,039/1,000,000  51.3/s  upd=1200  L=0.0329  D=4.708
[refil_matched] 0:19:20  59,429/1,000,000  51.2/s  upd=1208  L=0.0448  D=4.708
[refil_matched] 0:19:30  59,806/1,000,000  51.1/s  upd=1216  L=0.0397  D=4.708
[refil_matched] saved resume t_env=60,229
[refil_matched] 0:19:59  60,229/1,000,000  50.2/s  upd=1224  L=0.0334  ev=0/100  D=4.708
[refil_matched] 0:20:09  60,229/1,000,000  49.8/s  upd=1224  L=0.0334  ev=8/100  D=4.708
[refil_matched] 0:20:19  60,229/1,000,000  49.4/s  upd=1224  L=0.0334  ev=23/100  D=4.708
[refil_matched] 0:20:29  60,229/1,000,000  49.0/s  upd=1224  L=0.0334  ev=40/100  D=4.708
[refil_matched] 0:20:39  60,229/1,000,000  48.6/s  upd=1224  L=0.0334  ev=54/100  D=4.708
[refil_matched] 0:20:49  60,229/1,000,000  48.2/s  upd=1224  L=0.0334  ev=64/100  D=4.708
[refil_matched] 0:20:59  60,229/1,000,000  47.8/s  upd=1224  L=0.0334  ev=72/100  D=4.708
[refil_matched] 0:21:09  60,229/1,000,000  47.4/s  upd=1224  L=0.0334  ev=88/100  D=4.708
[refil_matched] report refresh skipped: PermissionError
[refil_matched] report refresh skipped: PermissionError
[refil_matched] 0:21:19  60,229/1,000,000  47.1/s  upd=1224  L=0.0334  D=4.605
[refil_matched] 0:21:29  60,602/1,000,000  47.0/s  upd=1232  L=0.0499  D=4.605
[refil_matched] 0:21:39  60,985/1,000,000  46.9/s  upd=1240  L=0.0549  D=4.605
[refil_matched] 0:21:49  61,654/1,000,000  47.1/s  upd=1256  L=0.0383  D=4.605
[refil_matched] 0:21:59  62,494/1,000,000  47.4/s  upd=1271  L=0.0345  D=4.605
[refil_matched] 0:22:09  63,268/1,000,000  47.6/s  upd=1288  L=0.0316  D=4.605
[refil_matched] 0:22:19  64,358/1,000,000  48.0/s  upd=1312  L=0.0354  D=4.605
[refil_matched] 0:22:30  65,088/1,000,000  48.2/s  upd=1328  L=0.0532  D=4.605
[refil_matched] 0:22:40  65,873/1,000,000  48.4/s  upd=1344  L=0.0492  D=4.605
[refil_matched] 0:22:50  66,619/1,000,000  48.6/s  upd=1355  L=0.0339  D=4.605
[refil_matched] 0:23:00  66,960/1,000,000  48.5/s  upd=1368  L=0.0534  D=4.605
[refil_matched] 0:23:10  67,752/1,000,000  48.7/s  upd=1384  L=0.0496  D=4.605
[refil_matched] 0:23:21  68,576/1,000,000  48.9/s  upd=1396  L=0.0502  D=4.605
[refil_matched] 0:23:31  69,373/1,000,000  49.2/s  upd=1410  L=0.0468  D=4.605
[refil_matched] 0:23:41  69,728/1,000,000  49.1/s  upd=1424  L=0.0429  D=4.605
[refil_matched] 0:23:51  70,803/1,000,000  49.5/s  upd=1443  L=0.0335  D=4.605
[refil_matched] 0:24:01  71,531/1,000,000  49.6/s  upd=1464  L=0.0346  D=4.605
[refil_matched] 0:24:11  72,612/1,000,000  50.0/s  upd=1483  L=0.0395  D=4.605
[refil_matched] 0:24:21  73,026/1,000,000  50.0/s  upd=1496  L=0.0441  D=4.605
[refil_matched] 0:24:31  73,888/1,000,000  50.2/s  upd=1509  L=0.0543  D=4.605
[refil_matched] 0:24:41  74,590/1,000,000  50.3/s  upd=1526  L=0.0500  D=4.605
[refil_matched] 0:24:51  75,352/1,000,000  50.5/s  upd=1543  L=0.0409  D=4.605
[refil_matched] 0:25:01  75,753/1,000,000  50.4/s  upd=1552  L=0.0310  D=4.605
[refil_matched] 0:25:12  76,468/1,000,000  50.6/s  upd=1563  L=0.0309  D=4.605
[refil_matched] 0:25:22  76,860/1,000,000  50.5/s  upd=1576  L=0.0495  D=4.605
[refil_matched] 0:25:32  77,253/1,000,000  50.4/s  upd=1584  L=0.0525  D=4.605
[refil_matched] 0:25:42  77,646/1,000,000  50.3/s  upd=1592  L=0.0340  D=4.605
[refil_matched] 0:25:52  78,406/1,000,000  50.5/s  upd=1605  L=0.0500  D=4.605
[refil_matched] 0:26:02  78,755/1,000,000  50.4/s  upd=1616  L=0.0401  D=4.605
[refil_matched] 0:26:12  79,173/1,000,000  50.3/s  upd=1624  L=0.0517  D=4.605
[refil_matched] 0:26:22  80,022/1,000,000  50.6/s  upd=1639  L=0.0424  D=4.605
[refil_matched] saved resume t_env=80,022
[refil_matched] 0:26:42  80,022/1,000,000  49.9/s  upd=1640  L=0.0502  ev=0/100  D=4.605
[refil_matched] 0:26:52  80,022/1,000,000  49.6/s  upd=1640  L=0.0502  ev=14/100  D=4.605
[refil_matched] 0:27:02  80,022/1,000,000  49.3/s  upd=1640  L=0.0502  ev=24/100  D=4.605
[refil_matched] 0:27:12  80,022/1,000,000  49.0/s  upd=1640  L=0.0502  ev=40/100  D=4.605
[refil_matched] 0:27:22  80,022/1,000,000  48.7/s  upd=1640  L=0.0502  ev=52/100  D=4.605
[refil_matched] 0:27:32  80,022/1,000,000  48.4/s  upd=1640  L=0.0502  ev=69/100  D=4.605
[refil_matched] 0:27:42  80,022/1,000,000  48.1/s  upd=1640  L=0.0502  ev=80/100  D=4.605
[refil_matched] 0:27:52  80,022/1,000,000  47.8/s  upd=1640  L=0.0502  ev=96/100  D=4.605
[refil_matched] report refresh skipped: PermissionError
[refil_matched] report refresh skipped: PermissionError
[refil_matched] 0:28:03  80,380/1,000,000  47.8/s  upd=1648  L=0.0442  D=4.686
[refil_matched] 0:28:13  81,177/1,000,000  47.9/s  upd=1657  L=0.0486  D=4.686
[refil_matched] 0:28:23  81,546/1,000,000  47.9/s  upd=1672  L=0.0438  D=4.686
[refil_matched] 0:28:33  82,269/1,000,000  48.0/s  upd=1686  L=0.0395  D=4.686
[refil_matched] 0:28:43  82,946/1,000,000  48.1/s  upd=1697  L=0.0496  D=4.686
[refil_matched] 0:28:53  83,304/1,000,000  48.0/s  upd=1712  L=0.0503  D=4.686
[refil_matched] 0:29:03  83,703/1,000,000  48.0/s  upd=1720  L=0.0352  D=4.686
[refil_matched] 0:29:13  84,481/1,000,000  48.2/s  upd=1736  L=0.0324  D=4.686
[refil_matched] 0:29:24  84,904/1,000,000  48.1/s  upd=1744  L=0.0488  D=4.686
[refil_matched] 0:29:34  85,687/1,000,000  48.3/s  upd=1759  L=0.0499  D=4.686
[refil_matched] 0:29:44  86,048/1,000,000  48.2/s  upd=1768  L=0.0437  D=4.686
[refil_matched] 0:29:54  86,785/1,000,000  48.4/s  upd=1784  L=0.0330  D=4.686
[refil_matched] 0:30:04  87,437/1,000,000  48.4/s  upd=1800  L=0.0304  D=4.686
[refil_matched] 0:30:14  87,870/1,000,000  48.4/s  upd=1808  L=0.0392  D=4.686
[refil_matched] 0:30:25  88,571/1,000,000  48.5/s  upd=1824  L=0.0347  D=4.686
[refil_matched] 0:30:35  88,965/1,000,000  48.5/s  upd=1832  L=0.0368  D=4.686
[refil_matched] 0:30:45  89,662/1,000,000  48.6/s  upd=1848  L=0.0513  D=4.686
[refil_matched] 0:30:55  89,996/1,000,000  48.5/s  upd=1856  L=0.0369  D=4.686
[refil_matched] 0:31:05  90,745/1,000,000  48.6/s  upd=1868  L=0.0456  D=4.686
[refil_matched] 0:31:15  91,086/1,000,000  48.6/s  upd=1880  L=0.0405  D=4.686
[refil_matched] 0:31:25  91,834/1,000,000  48.7/s  upd=1890  L=0.0316  D=4.686
[refil_matched] 0:31:35  92,169/1,000,000  48.6/s  upd=1904  L=0.0396  D=4.686
[refil_matched] 0:31:46  93,325/1,000,000  49.0/s  upd=1922  L=0.0384  D=4.686
[refil_matched] 0:31:56  94,072/1,000,000  49.1/s  upd=1944  L=0.0426  D=4.686
[refil_matched] 0:32:06  94,864/1,000,000  49.3/s  upd=1960  L=0.0462  D=4.686
[refil_matched] 0:32:16  95,929/1,000,000  49.5/s  upd=1981  L=0.0448  D=4.686
[refil_matched] 0:32:26  96,606/1,000,000  49.6/s  upd=2000  L=0.0438  D=4.686
[refil_matched] 0:32:36  97,021/1,000,000  49.6/s  upd=2008  L=0.0474  D=4.686
[refil_matched] 0:32:46  97,758/1,000,000  49.7/s  upd=2022  L=0.0421  D=4.686
[refil_matched] 0:32:56  98,180/1,000,000  49.7/s  upd=2032  L=0.0360  D=4.686
[refil_matched] report refresh skipped: PermissionError
[refil_matched] 0:33:06  99,267/1,000,000  50.0/s  upd=2053  L=0.0400  D=4.686
[refil_matched] 0:33:17  100,040/1,000,000  50.1/s  upd=2069  L=0.0379  D=4.686
[refil_matched] saved resume t_env=100,040
[refil_matched] 0:33:37  100,040/1,000,000  49.6/s  upd=2072  L=0.0410  ev=0/100  D=4.686
[refil_matched] 0:33:47  100,040/1,000,000  49.3/s  upd=2072  L=0.0410  ev=15/100  D=4.686
[refil_matched] 0:33:57  100,040/1,000,000  49.1/s  upd=2072  L=0.0410  ev=38/100  D=4.686
[refil_matched] 0:34:08  100,040/1,000,000  48.8/s  upd=2072  L=0.0410  ev=48/100  D=4.686
[refil_matched] 0:34:18  100,040/1,000,000  48.6/s  upd=2072  L=0.0410  ev=64/100  D=4.686
[refil_matched] 0:34:28  100,040/1,000,000  48.4/s  upd=2072  L=0.0410  ev=76/100  D=4.686
[refil_matched] 0:34:38  100,040/1,000,000  48.1/s  upd=2072  L=0.0410  ev=91/100  D=4.686
[refil_matched] report refresh skipped: PermissionError
[refil_matched] 0:34:48  100,040/1,000,000  47.9/s  upd=2072  L=0.0410  D=4.822
[refil_matched] 0:34:58  100,810/1,000,000  48.0/s  upd=2088  L=0.0347  D=4.822
[refil_matched] 0:35:08  101,482/1,000,000  48.1/s  upd=2104  L=0.0364  D=4.822
[refil_matched] 0:35:18  101,826/1,000,000  48.1/s  upd=2112  L=0.0334  D=4.822
[refil_matched] 0:35:28  102,255/1,000,000  48.0/s  upd=2120  L=0.0501  D=4.822
[refil_matched] 0:35:39  102,994/1,000,000  48.1/s  upd=2132  L=0.0361  D=4.822
[refil_matched] 0:35:49  103,368/1,000,000  48.1/s  upd=2143  L=0.0421  D=4.822
[refil_matched] 0:35:59  103,788/1,000,000  48.1/s  upd=2150  L=0.0296  D=4.822
[refil_matched] 0:36:09  104,114/1,000,000  48.0/s  upd=2160  L=0.0360  D=4.822
[refil_matched] 0:36:19  104,858/1,000,000  48.1/s  upd=2170  L=0.0322  D=4.822
[refil_matched] 0:36:29  105,215/1,000,000  48.1/s  upd=2184  L=0.0354  D=4.822
[refil_matched] 0:36:39  106,044/1,000,000  48.2/s  upd=2194  L=0.0318  D=4.822
[refil_matched] 0:36:49  106,458/1,000,000  48.2/s  upd=2205  L=0.0551  D=4.822
[refil_matched] 0:36:59  106,865/1,000,000  48.1/s  upd=2216  L=0.0439  D=4.822
[refil_matched] 0:37:10  107,264/1,000,000  48.1/s  upd=2224  L=0.0385  D=4.822
[refil_matched] 0:37:20  107,995/1,000,000  48.2/s  upd=2240  L=0.0257  D=4.822
[refil_matched] 0:37:30  108,395/1,000,000  48.2/s  upd=2248  L=0.0417  D=4.822
[refil_matched] 0:37:40  109,154/1,000,000  48.3/s  upd=2261  L=0.0392  D=4.822
[refil_matched] 0:37:50  109,521/1,000,000  48.2/s  upd=2272  L=0.0315  D=4.822
[refil_matched] 0:38:00  110,301/1,000,000  48.4/s  upd=2282  L=0.0478  D=4.822
[refil_matched] report refresh skipped: PermissionError
[refil_matched] 0:38:10  110,631/1,000,000  48.3/s  upd=2296  L=0.0583  D=4.822
[refil_matched] 0:38:20  111,368/1,000,000  48.4/s  upd=2306  L=0.0467  D=4.822
[refil_matched] 0:38:31  111,769/1,000,000  48.4/s  upd=2320  L=0.0396  D=4.822
[refil_matched] 0:38:41  112,201/1,000,000  48.3/s  upd=2328  L=0.0459  D=4.822
[refil_matched] 0:38:51  112,972/1,000,000  48.5/s  upd=2342  L=0.0398  D=4.822
[refil_matched] 0:39:01  113,305/1,000,000  48.4/s  upd=2352  L=0.0331  D=4.822
[refil_matched] 0:39:11  113,687/1,000,000  48.3/s  upd=2360  L=0.0350  D=4.822
[refil_matched] 0:39:21  114,091/1,000,000  48.3/s  upd=2368  L=0.0393  D=4.822
[refil_matched] 0:39:31  114,448/1,000,000  48.3/s  upd=2376  L=0.0487  D=4.822
[refil_matched] 0:39:41  115,175/1,000,000  48.4/s  upd=2385  L=0.0449  D=4.822
[refil_matched] 0:39:52  115,574/1,000,000  48.3/s  upd=2400  L=0.0267  D=4.822
[refil_matched] 0:40:02  116,352/1,000,000  48.4/s  upd=2413  L=0.0409  D=4.822
[refil_matched] 0:40:12  116,827/1,000,000  48.4/s  upd=2423  L=0.0353  D=4.822
[refil_matched] 0:40:22  117,171/1,000,000  48.4/s  upd=2432  L=0.0371  D=4.822
[refil_matched] 0:40:32  117,959/1,000,000  48.5/s  upd=2448  L=0.0359  D=4.822
[refil_matched] 0:40:42  118,668/1,000,000  48.6/s  upd=2462  L=0.0359  D=4.822
[refil_matched] 0:40:53  119,027/1,000,000  48.5/s  upd=2472  L=0.0397  D=4.822
[refil_matched] 0:41:03  119,405/1,000,000  48.5/s  upd=2480  L=0.0496  D=4.822
[refil_matched] 0:41:13  119,767/1,000,000  48.4/s  upd=2488  L=0.0529  D=4.822
[refil_matched] saved resume t_env=120,184
[refil_matched] 0:41:35  120,184/1,000,000  48.2/s  upd=2496  L=0.0277  ev=0/100  D=4.822
[refil_matched] 0:41:45  120,184/1,000,000  48.0/s  upd=2496  L=0.0277  ev=36/100  D=4.822
[refil_matched] 0:41:55  120,184/1,000,000  47.8/s  upd=2496  L=0.0277  ev=64/100  D=4.822
[refil_matched] 0:42:05  120,184/1,000,000  47.6/s  upd=2496  L=0.0277  ev=96/100  D=4.822
[refil_matched] report refresh skipped: PermissionError
[refil_matched] 0:42:16  120,917/1,000,000  47.7/s  upd=2510  L=0.0363  D=4.783
[refil_matched] 0:42:26  121,670/1,000,000  47.8/s  upd=2526  L=0.0260  D=4.783
[refil_matched] 0:42:36  122,760/1,000,000  48.0/s  upd=2552  L=0.0510  D=4.783
[refil_matched] 0:42:46  123,928/1,000,000  48.3/s  upd=2576  L=0.0281  D=4.783
[refil_matched] 0:42:56  125,147/1,000,000  48.6/s  upd=2598  L=0.0299  D=4.783
[refil_matched] report refresh skipped: PermissionError
[refil_matched] 0:43:06  125,807/1,000,000  48.6/s  upd=2616  L=0.0440  D=4.783
[refil_matched] 0:43:16  126,567/1,000,000  48.7/s  upd=2632  L=0.0371  D=4.783
[refil_matched] 0:43:26  126,942/1,000,000  48.7/s  upd=2640  L=0.0287  D=4.783
[refil_matched] 0:43:36  127,692/1,000,000  48.8/s  upd=2656  L=0.0339  D=4.783
[refil_matched] 0:43:46  128,113/1,000,000  48.8/s  upd=2664  L=0.0360  D=4.783
[refil_matched] 0:43:56  128,814/1,000,000  48.9/s  upd=2675  L=0.0311  D=4.783
[refil_matched] 0:44:07  129,234/1,000,000  48.8/s  upd=2687  L=0.0444  D=4.783
[refil_matched] 0:44:17  129,591/1,000,000  48.8/s  upd=2696  L=0.0310  D=4.783
[refil_matched] 0:44:27  129,926/1,000,000  48.7/s  upd=2704  L=0.0336  D=4.783
[refil_matched] 0:44:37  130,778/1,000,000  48.8/s  upd=2714  L=0.0388  D=4.783
[refil_matched] 0:44:47  131,167/1,000,000  48.8/s  upd=2725  L=0.0380  D=4.783
[refil_matched] 0:44:57  131,871/1,000,000  48.9/s  upd=2741  L=0.0343  D=4.783
[refil_matched] 0:45:07  132,536/1,000,000  48.9/s  upd=2756  L=0.0362  D=4.783
[refil_matched] 0:45:17  132,893/1,000,000  48.9/s  upd=2768  L=0.0421  D=4.783
[refil_matched] 0:45:27  133,237/1,000,000  48.8/s  upd=2776  L=0.0322  D=4.783
[refil_matched] 0:45:37  133,901/1,000,000  48.9/s  upd=2792  L=0.0460  D=4.783
[refil_matched] 0:45:47  134,666/1,000,000  49.0/s  upd=2804  L=0.0421  D=4.783
[refil_matched] 0:45:58  135,003/1,000,000  48.9/s  upd=2816  L=0.0301  D=4.783
[refil_matched] 0:46:08  135,837/1,000,000  49.1/s  upd=2827  L=0.0370  D=4.783
[refil_matched] 0:46:18  136,159/1,000,000  49.0/s  upd=2840  L=0.0308  D=4.783
[refil_matched] 0:46:28  137,008/1,000,000  49.1/s  upd=2856  L=0.0508  D=4.783
[refil_matched] 0:46:38  137,726/1,000,000  49.2/s  upd=2872  L=0.0357  D=4.783
[refil_matched] 0:46:48  138,084/1,000,000  49.2/s  upd=2880  L=0.0333  D=4.783
[refil_matched] 0:46:58  138,805/1,000,000  49.2/s  upd=2896  L=0.0297  D=4.783
[refil_matched] 0:47:08  139,160/1,000,000  49.2/s  upd=2904  L=0.0283  D=4.783
[refil_matched] 0:47:18  139,942/1,000,000  49.3/s  upd=2920  L=0.0518  D=4.783
[refil_matched] saved resume t_env=140,281
[refil_matched] 0:47:44  140,281/1,000,000  49.0/s  upd=2928  L=0.0468  ev=0/100  D=4.783
[refil_matched] 0:47:54  140,281/1,000,000  48.8/s  upd=2928  L=0.0468  ev=13/100  D=4.783
[refil_matched] 0:48:04  140,281/1,000,000  48.6/s  upd=2928  L=0.0468  ev=30/100  D=4.783
[refil_matched] 0:48:14  140,281/1,000,000  48.5/s  upd=2928  L=0.0468  ev=43/100  D=4.783
[refil_matched] 0:48:24  140,281/1,000,000  48.3/s  upd=2928  L=0.0468  ev=56/100  D=4.783
[refil_matched] 0:48:35  140,281/1,000,000  48.1/s  upd=2928  L=0.0468  ev=72/100  D=4.783
[refil_matched] 0:48:45  140,281/1,000,000  48.0/s  upd=2928  L=0.0468  ev=88/100  D=4.783
[refil_matched] 0:48:55  140,281/1,000,000  47.8/s  upd=2928  L=0.0468  ev=96/100  D=4.783
[refil_matched] report refresh skipped: PermissionError
[refil_matched] report refresh skipped: PermissionError
[refil_matched] 0:49:05  140,690/1,000,000  47.8/s  upd=2936  L=0.0305  D=4.460
[refil_matched] 0:49:15  141,369/1,000,000  47.8/s  upd=2950  L=0.0503  D=4.460
[refil_matched] 0:49:25  141,752/1,000,000  47.8/s  upd=2960  L=0.0397  D=4.460
[refil_matched] 0:49:35  142,461/1,000,000  47.9/s  upd=2976  L=0.0451  D=4.460
[refil_matched] 0:49:45  142,847/1,000,000  47.8/s  upd=2984  L=0.0369  D=4.460
[refil_matched] 0:49:55  143,601/1,000,000  47.9/s  upd=2993  L=0.0383  D=4.460
[refil_matched] 0:50:06  143,951/1,000,000  47.9/s  upd=3008  L=0.0339  D=4.460
[refil_matched] 0:50:16  144,702/1,000,000  48.0/s  upd=3024  L=0.0529  D=4.460
[refil_matched] 0:50:26  145,448/1,000,000  48.1/s  upd=3033  L=0.0454  D=4.460
[refil_matched] 0:50:36  145,870/1,000,000  48.0/s  upd=3048  L=0.0468  D=4.460
[refil_matched] 0:50:46  146,227/1,000,000  48.0/s  upd=3056  L=0.0373  D=4.460
[refil_matched] 0:50:56  147,034/1,000,000  48.1/s  upd=3068  L=0.0402  D=4.460
[refil_matched] 0:51:06  147,798/1,000,000  48.2/s  upd=3086  L=0.0398  D=4.460
[refil_matched] 0:51:16  148,831/1,000,000  48.4/s  upd=3110  L=0.0332  D=4.460
[refil_matched] 0:51:26  149,577/1,000,000  48.5/s  upd=3128  L=0.0342  D=4.460
[refil_matched] 0:51:36  151,028/1,000,000  48.8/s  upd=3155  L=0.0411  D=4.460
[refil_matched] 0:51:46  151,823/1,000,000  48.9/s  upd=3176  L=0.0250  D=4.460
[refil_matched] 0:51:56  152,582/1,000,000  49.0/s  upd=3192  L=0.0379  D=4.460
[refil_matched] 0:52:06  153,787/1,000,000  49.2/s  upd=3211  L=0.0274  D=4.460
[refil_matched] 0:52:16  154,459/1,000,000  49.2/s  upd=3232  L=0.0404  D=4.460
[refil_matched] 0:52:27  155,150/1,000,000  49.3/s  upd=3248  L=0.0294  D=4.460
[refil_matched] 0:52:37  155,951/1,000,000  49.4/s  upd=3264  L=0.0331  D=4.460
[refil_matched] 0:52:47  156,675/1,000,000  49.5/s  upd=3273  L=0.0378  D=4.460
[refil_matched] 0:52:57  157,179/1,000,000  49.5/s  upd=3286  L=0.0439  D=4.460
[refil_matched] 0:53:07  157,572/1,000,000  49.4/s  upd=3296  L=0.0406  D=4.460
[refil_matched] 0:53:17  157,966/1,000,000  49.4/s  upd=3304  L=0.0278  D=4.460
[refil_matched] 0:53:27  158,413/1,000,000  49.4/s  upd=3312  L=0.0545  D=4.460
[refil_matched] 0:53:37  159,112/1,000,000  49.5/s  upd=3328  L=0.0426  D=4.460
[refil_matched] 0:53:47  159,804/1,000,000  49.5/s  upd=3344  L=0.0419  D=4.460
[refil_matched] saved resume t_env=160,209
[refil_matched] 0:54:16  160,209/1,000,000  49.2/s  upd=3352  L=0.0508  ev=0/100  D=4.460
[refil_matched] 0:54:26  160,209/1,000,000  49.0/s  upd=3352  L=0.0508  ev=8/100  D=4.460
[refil_matched] 0:54:36  160,209/1,000,000  48.9/s  upd=3352  L=0.0508  ev=24/100  D=4.460
[refil_matched] 0:54:46  160,209/1,000,000  48.7/s  upd=3352  L=0.0508  ev=40/100  D=4.460
[refil_matched] 0:54:57  160,209/1,000,000  48.6/s  upd=3352  L=0.0508  ev=53/100  D=4.460
[refil_matched] 0:55:07  160,209/1,000,000  48.4/s  upd=3352  L=0.0508  ev=63/100  D=4.460
[refil_matched] 0:55:17  160,209/1,000,000  48.3/s  upd=3352  L=0.0508  ev=75/100  D=4.460
[refil_matched] 0:55:27  160,209/1,000,000  48.1/s  upd=3352  L=0.0508  ev=96/100  D=4.460
[refil_matched] report refresh skipped: PermissionError
[refil_matched] report refresh skipped: PermissionError
[refil_matched] 0:55:37  160,209/1,000,000  48.0/s  upd=3352  L=0.0508  D=4.372
[refil_matched] 0:55:47  160,638/1,000,000  48.0/s  upd=3360  L=0.0354  D=4.372
[refil_matched] 0:55:57  161,419/1,000,000  48.1/s  upd=3371  L=0.0405  D=4.372
[refil_matched] 0:56:07  161,831/1,000,000  48.1/s  upd=3382  L=0.0353  D=4.372
[refil_matched] 0:56:17  162,159/1,000,000  48.0/s  upd=3392  L=0.0584  D=4.372
[refil_matched] 0:56:28  162,867/1,000,000  48.1/s  upd=3408  L=0.0378  D=4.372
[refil_matched] 0:56:38  163,594/1,000,000  48.1/s  upd=3419  L=0.0566  D=4.372
[refil_matched] 0:56:48  164,013/1,000,000  48.1/s  upd=3432  L=0.0317  D=4.372
[refil_matched] 0:56:58  164,392/1,000,000  48.1/s  upd=3440  L=0.0412  D=4.372
[refil_matched] 0:57:08  165,145/1,000,000  48.2/s  upd=3456  L=0.0456  D=4.372
[refil_matched] 0:57:18  165,543/1,000,000  48.1/s  upd=3464  L=0.0492  D=4.372
[refil_matched] 0:57:28  166,228/1,000,000  48.2/s  upd=3480  L=0.0379  D=4.372
[refil_matched] 0:57:38  166,583/1,000,000  48.2/s  upd=3488  L=0.0452  D=4.372
[refil_matched] 0:57:48  167,339/1,000,000  48.2/s  upd=3499  L=0.0353  D=4.372
[refil_matched] 0:57:58  167,724/1,000,000  48.2/s  upd=3512  L=0.0274  D=4.372
[refil_matched] 0:58:08  168,475/1,000,000  48.3/s  upd=3524  L=0.0409  D=4.372
[refil_matched] 0:58:18  168,829/1,000,000  48.3/s  upd=3536  L=0.0314  D=4.372
[refil_matched] 0:58:29  169,601/1,000,000  48.3/s  upd=3548  L=0.0327  D=4.372
[refil_matched] 0:58:39  169,991/1,000,000  48.3/s  upd=3560  L=0.0319  D=4.372
[refil_matched] 0:58:49  170,346/1,000,000  48.3/s  upd=3568  L=0.0634  D=4.372
[refil_matched] 0:58:59  171,078/1,000,000  48.3/s  upd=3583  L=0.0513  D=4.372
[refil_matched] 0:59:09  171,512/1,000,000  48.3/s  upd=3592  L=0.0318  D=4.372
[refil_matched] 0:59:19  172,133/1,000,000  48.4/s  upd=3608  L=0.0492  D=4.372
[refil_matched] 0:59:29  172,489/1,000,000  48.3/s  upd=3616  L=0.0452  D=4.372
[refil_matched] 0:59:39  173,187/1,000,000  48.4/s  upd=3629  L=0.0359  D=4.372
[refil_matched] 0:59:49  173,542/1,000,000  48.3/s  upd=3640  L=0.0281  D=4.372
[refil_matched] 1:00:00  174,660/1,000,000  48.5/s  upd=3658  L=0.0453  D=4.372
[refil_matched] 1:00:10  175,138/1,000,000  48.5/s  upd=3672  L=0.0349  D=4.372
[refil_matched] 1:00:20  175,493/1,000,000  48.5/s  upd=3680  L=0.0310  D=4.372
[refil_matched] 1:00:30  176,271/1,000,000  48.6/s  upd=3691  L=0.0388  D=4.372
[refil_matched] report refresh skipped: PermissionError
[refil_matched] 1:00:40  176,635/1,000,000  48.5/s  upd=3704  L=0.0337  D=4.372
[refil_matched] 1:00:50  177,794/1,000,000  48.7/s  upd=3721  L=0.0352  D=4.372
[refil_matched] 1:01:00  178,958/1,000,000  48.9/s  upd=3752  L=0.0423  D=4.372
[refil_matched] saved resume t_env=180,202
[refil_matched] 1:01:30  180,202/1,000,000  48.8/s  upd=3776  L=0.0416  ev=0/100  D=4.372
[refil_matched] 1:01:40  180,202/1,000,000  48.7/s  upd=3776  L=0.0416  ev=13/100  D=4.372
[refil_matched] 1:01:50  180,202/1,000,000  48.6/s  upd=3776  L=0.0416  ev=38/100  D=4.372
[refil_matched] 1:02:00  180,202/1,000,000  48.4/s  upd=3776  L=0.0416  ev=60/100  D=4.372
[refil_matched] 1:02:10  180,202/1,000,000  48.3/s  upd=3776  L=0.0416  ev=76/100  D=4.372
[refil_matched] 1:02:20  180,202/1,000,000  48.2/s  upd=3776  L=0.0416  ev=94/100  D=4.372
[refil_matched] report refresh skipped: PermissionError
[refil_matched] 1:02:30  180,576/1,000,000  48.1/s  upd=3784  L=0.0465  D=4.493
[refil_matched] 1:02:40  181,339/1,000,000  48.2/s  upd=3800  L=0.0664  D=4.493
[refil_matched] 1:02:50  182,042/1,000,000  48.3/s  upd=3810  L=0.0275  D=4.493
[refil_matched] 1:03:01  182,667/1,000,000  48.3/s  upd=3829  L=0.0267  D=4.493
[refil_matched] 1:03:11  182,995/1,000,000  48.3/s  upd=3840  L=0.0396  D=4.493
[refil_matched] 1:03:21  183,665/1,000,000  48.3/s  upd=3856  L=0.0427  D=4.493
[refil_matched] 1:03:31  184,370/1,000,000  48.4/s  upd=3864  L=0.0340  D=4.493
[refil_matched] 1:03:41  184,716/1,000,000  48.3/s  upd=3880  L=0.0424  D=4.493
[refil_matched] 1:03:51  185,102/1,000,000  48.3/s  upd=3888  L=0.0246  D=4.493
[refil_matched] 1:04:01  185,859/1,000,000  48.4/s  upd=3904  L=0.0365  D=4.493
[refil_matched] 1:04:11  186,585/1,000,000  48.4/s  upd=3915  L=0.0489  D=4.493
[refil_matched] 1:04:21  187,025/1,000,000  48.4/s  upd=3927  L=0.0272  D=4.493
[refil_matched] 1:04:31  187,384/1,000,000  48.4/s  upd=3936  L=0.0594  D=4.493
[refil_matched] 1:04:41  187,779/1,000,000  48.4/s  upd=3944  L=0.0340  D=4.493
[refil_matched] 1:04:51  188,221/1,000,000  48.4/s  upd=3952  L=0.0385  D=4.493
[refil_matched] 1:05:01  189,038/1,000,000  48.5/s  upd=3967  L=0.0606  D=4.493
[refil_matched] 1:05:12  189,387/1,000,000  48.4/s  upd=3976  L=0.0278  D=4.493
[refil_matched] 1:05:22  189,784/1,000,000  48.4/s  upd=3984  L=0.0329  D=4.493
[refil_matched] 1:05:32  190,511/1,000,000  48.5/s  upd=3994  L=0.0482  D=4.493
[refil_matched] report refresh skipped: PermissionError
[refil_matched] 1:05:42  190,846/1,000,000  48.4/s  upd=4008  L=0.0489  D=4.493
[refil_matched] 1:05:52  191,257/1,000,000  48.4/s  upd=4016  L=0.0483  D=4.493
[refil_matched] 1:06:02  191,630/1,000,000  48.4/s  upd=4024  L=0.0448  D=4.493
[refil_matched] 1:06:12  192,356/1,000,000  48.4/s  upd=4040  L=0.0410  D=4.493
[refil_matched] 1:06:22  193,094/1,000,000  48.5/s  upd=4056  L=0.0336  D=4.493
[refil_matched] 1:06:32  193,501/1,000,000  48.5/s  upd=4064  L=0.0430  D=4.493
[refil_matched] 1:06:42  194,288/1,000,000  48.5/s  upd=4080  L=0.0254  D=4.493
[refil_matched] 1:06:52  194,977/1,000,000  48.6/s  upd=4095  L=0.0267  D=4.493
[refil_matched] 1:07:02  195,304/1,000,000  48.5/s  upd=4104  L=0.0479  D=4.493
[refil_matched] 1:07:12  196,067/1,000,000  48.6/s  upd=4120  L=0.0414  D=4.493
[refil_matched] 1:07:22  196,418/1,000,000  48.6/s  upd=4128  L=0.0397  D=4.493
[refil_matched] 1:07:33  197,203/1,000,000  48.7/s  upd=4137  L=0.0335  D=4.493
[refil_matched] 1:07:43  197,543/1,000,000  48.6/s  upd=4152  L=0.0365  D=4.493
[refil_matched] 1:07:53  197,930/1,000,000  48.6/s  upd=4160  L=0.0459  D=4.493
[refil_matched] 1:08:03  198,664/1,000,000  48.7/s  upd=4169  L=0.0318  D=4.493
[refil_matched] 1:08:13  199,079/1,000,000  48.6/s  upd=4184  L=0.0427  D=4.493
[refil_matched] 1:08:23  199,510/1,000,000  48.6/s  upd=4192  L=0.0287  D=4.493
[refil_matched] saved resume t_env=200,184
[refil_matched] 1:08:52  200,184/1,000,000  48.4/s  upd=4208  L=0.0310  ev=0/100  D=4.493
[refil_matched] 1:09:02  200,184/1,000,000  48.3/s  upd=4208  L=0.0310  ev=13/100  D=4.493
[refil_matched] 1:09:12  200,184/1,000,000  48.2/s  upd=4208  L=0.0310  ev=31/100  D=4.493
[refil_matched] 1:09:23  200,184/1,000,000  48.1/s  upd=4208  L=0.0310  ev=54/100  D=4.493
[refil_matched] 1:09:33  200,184/1,000,000  48.0/s  upd=4208  L=0.0310  ev=72/100  D=4.493
[refil_matched] 1:09:43  200,184/1,000,000  47.9/s  upd=4208  L=0.0310  ev=88/100  D=4.493
[refil_matched] report refresh skipped: PermissionError
[refil_matched] 1:09:53  200,184/1,000,000  47.7/s  upd=4208  L=0.0310  D=4.562
[refil_matched] 1:10:03  201,274/1,000,000  47.9/s  upd=4227  L=0.0454  D=4.562
[refil_matched] 1:10:13  202,272/1,000,000  48.0/s  upd=4241  L=0.0482  D=4.562
[refil_matched] 1:10:23  203,081/1,000,000  48.1/s  upd=4258  L=0.0349  D=4.562
[refil_matched] 1:10:33  203,840/1,000,000  48.1/s  upd=4280  L=0.0503  D=4.562
[refil_matched] report refresh skipped: PermissionError
[refil_matched] 1:10:43  204,598/1,000,000  48.2/s  upd=4296  L=0.0287  D=4.562
[refil_matched] 1:10:53  205,731/1,000,000  48.4/s  upd=4313  L=0.0406  D=4.562
[refil_matched] 1:11:04  206,075/1,000,000  48.3/s  upd=4328  L=0.0430  D=4.562
[refil_matched] 1:11:14  206,864/1,000,000  48.4/s  upd=4339  L=0.0425  D=4.562
[refil_matched] 1:11:24  207,248/1,000,000  48.4/s  upd=4352  L=0.0454  D=4.562
[refil_matched] 1:11:34  208,046/1,000,000  48.4/s  upd=4365  L=0.0273  D=4.562
[refil_matched] 1:11:44  208,845/1,000,000  48.5/s  upd=4379  L=0.0417  D=4.562
[refil_matched] 1:11:54  209,563/1,000,000  48.6/s  upd=4396  L=0.0355  D=4.562
[refil_matched] 1:12:04  209,906/1,000,000  48.5/s  upd=4408  L=0.0316  D=4.562
[refil_matched] 1:12:14  210,651/1,000,000  48.6/s  upd=4424  L=0.0416  D=4.562
[refil_matched] 1:12:24  211,395/1,000,000  48.7/s  upd=4440  L=0.0317  D=4.562
[refil_matched] 1:12:35  212,079/1,000,000  48.7/s  upd=4456  L=0.0433  D=4.562
[refil_matched] 1:12:45  212,455/1,000,000  48.7/s  upd=4464  L=0.0344  D=4.562
[refil_matched] 1:12:55  213,152/1,000,000  48.7/s  upd=4480  L=0.0373  D=4.562
[refil_matched] 1:13:05  213,862/1,000,000  48.8/s  upd=4494  L=0.0364  D=4.562
[refil_matched] 1:13:15  214,195/1,000,000  48.7/s  upd=4504  L=0.0334  D=4.562
[refil_matched] 1:13:25  214,928/1,000,000  48.8/s  upd=4520  L=0.0397  D=4.562
[refil_matched] 1:13:35  215,307/1,000,000  48.8/s  upd=4528  L=0.0425  D=4.562
[refil_matched] 1:13:45  216,168/1,000,000  48.8/s  upd=4542  L=0.0377  D=4.562
[refil_matched] 1:13:55  216,927/1,000,000  48.9/s  upd=4553  L=0.0329  D=4.562
[refil_matched] 1:14:05  217,309/1,000,000  48.9/s  upd=4566  L=0.0353  D=4.562
[refil_matched] 1:14:15  217,687/1,000,000  48.9/s  upd=4576  L=0.0397  D=4.562
[refil_matched] 1:14:25  218,449/1,000,000  48.9/s  upd=4587  L=0.0467  D=4.562
[refil_matched] 1:14:35  218,779/1,000,000  48.9/s  upd=4600  L=0.0324  D=4.562
[refil_matched] 1:14:46  219,459/1,000,000  48.9/s  upd=4616  L=0.0322  D=4.562
[refil_matched] saved resume t_env=220,127
[refil_matched] 1:15:18  220,127/1,000,000  48.7/s  upd=4632  L=0.0382  ev=0/100  D=4.562
[refil_matched] 1:15:28  220,127/1,000,000  48.6/s  upd=4632  L=0.0382  ev=15/100  D=4.562
[refil_matched] 1:15:39  220,127/1,000,000  48.5/s  upd=4632  L=0.0382  ev=30/100  D=4.562
[refil_matched] 1:15:49  220,127/1,000,000  48.4/s  upd=4632  L=0.0382  ev=39/100  D=4.562
[refil_matched] 1:15:59  220,127/1,000,000  48.3/s  upd=4632  L=0.0382  ev=49/100  D=4.562
[refil_matched] 1:16:09  220,127/1,000,000  48.2/s  upd=4632  L=0.0382  ev=64/100  D=4.562
[refil_matched] 1:16:19  220,127/1,000,000  48.1/s  upd=4632  L=0.0382  ev=79/100  D=4.562
[refil_matched] 1:16:29  220,127/1,000,000  48.0/s  upd=4632  L=0.0382  ev=91/100  D=4.562
[refil_matched] report refresh skipped: PermissionError
[refil_matched] report refresh skipped: PermissionError
[refil_matched] 1:16:39  220,127/1,000,000  47.9/s  upd=4632  L=0.0382  D=4.796
[refil_matched] 1:16:49  220,857/1,000,000  47.9/s  upd=4641  L=0.0457  D=4.796
[refil_matched] 1:16:59  221,240/1,000,000  47.9/s  upd=4654  L=0.0499  D=4.796
[refil_matched] 1:17:09  221,653/1,000,000  47.9/s  upd=4664  L=0.0371  D=4.796
[refil_matched] 1:17:20  222,007/1,000,000  47.8/s  upd=4672  L=0.0459  D=4.796
[refil_matched] 1:17:30  222,395/1,000,000  47.8/s  upd=4680  L=0.0308  D=4.796
[refil_matched] 1:17:40  223,130/1,000,000  47.9/s  upd=4696  L=0.0411  D=4.796
[refil_matched] 1:17:50  223,532/1,000,000  47.9/s  upd=4704  L=0.0480  D=4.796
[refil_matched] 1:18:00  224,615/1,000,000  48.0/s  upd=4722  L=0.0366  D=4.796
[refil_matched] 1:18:10  224,984/1,000,000  48.0/s  upd=4736  L=0.0454  D=4.796
[refil_matched] 1:18:20  225,729/1,000,000  48.0/s  upd=4752  L=0.0316  D=4.796
[refil_matched] 1:18:30  226,473/1,000,000  48.1/s  upd=4768  L=0.0338  D=4.796
[refil_matched] 1:18:40  227,268/1,000,000  48.1/s  upd=4780  L=0.0382  D=4.796
[refil_matched] 1:18:50  227,698/1,000,000  48.1/s  upd=4792  L=0.0397  D=4.796
[refil_matched] 1:19:00  228,099/1,000,000  48.1/s  upd=4800  L=0.0369  D=4.796
[refil_matched] 1:19:11  229,079/1,000,000  48.2/s  upd=4811  L=0.0387  D=4.796
[refil_matched] 1:19:21  229,469/1,000,000  48.2/s  upd=4823  L=0.0323  D=4.796
[refil_matched] 1:19:31  229,922/1,000,000  48.2/s  upd=4832  L=0.0483  D=4.796
[refil_matched] 1:19:41  230,302/1,000,000  48.2/s  upd=4840  L=0.0396  D=4.796
[refil_matched] 1:19:51  231,117/1,000,000  48.2/s  upd=4856  L=0.0382  D=4.796
[refil_matched] 1:20:01  232,237/1,000,000  48.4/s  upd=4880  L=0.0399  D=4.796
[refil_matched] 1:20:11  232,975/1,000,000  48.4/s  upd=4896  L=0.0432  D=4.796
[refil_matched] 1:20:21  234,111/1,000,000  48.6/s  upd=4913  L=0.0493  D=4.796
[refil_matched] 1:20:31  234,944/1,000,000  48.6/s  upd=4932  L=0.0380  D=4.796
[refil_matched] 1:20:42  235,765/1,000,000  48.7/s  upd=4948  L=0.0473  D=4.796
[refil_matched] 1:20:52  236,259/1,000,000  48.7/s  upd=4960  L=0.0407  D=4.796
[refil_matched] 1:21:02  237,071/1,000,000  48.8/s  upd=4974  L=0.0486  D=4.796
[refil_matched] 1:21:12  237,803/1,000,000  48.8/s  upd=4992  L=0.0466  D=4.796
[refil_matched] 1:21:22  238,580/1,000,000  48.9/s  upd=5006  L=0.0448  D=4.796
[refil_matched] 1:21:32  239,272/1,000,000  48.9/s  upd=5024  L=0.0389  D=4.796
[refil_matched] report refresh skipped: PermissionError
[refil_matched] 1:21:42  240,012/1,000,000  49.0/s  upd=5039  L=0.0453  D=4.796
[refil_matched] saved resume t_env=240,012
[refil_matched] 1:22:04  240,012/1,000,000  48.7/s  upd=5040  L=0.0416  ev=0/100  D=4.796
[refil_matched] 1:22:14  240,012/1,000,000  48.6/s  upd=5040  L=0.0416  ev=15/100  D=4.796
[refil_matched] 1:22:24  240,012/1,000,000  48.5/s  upd=5040  L=0.0416  ev=31/100  D=4.796
[refil_matched] 1:22:34  240,012/1,000,000  48.4/s  upd=5040  L=0.0416  ev=40/100  D=4.796
[refil_matched] 1:22:44  240,012/1,000,000  48.3/s  upd=5040  L=0.0416  ev=56/100  D=4.796
[refil_matched] 1:22:54  240,012/1,000,000  48.2/s  upd=5040  L=0.0416  ev=72/100  D=4.796
[refil_matched] 1:23:04  240,012/1,000,000  48.1/s  upd=5040  L=0.0416  ev=88/100  D=4.796
[refil_matched] report refresh skipped: PermissionError
[refil_matched] 1:23:14  240,012/1,000,000  48.1/s  upd=5040  L=0.0416  D=4.537
[refil_matched] 1:23:24  240,684/1,000,000  48.1/s  upd=5050  L=0.0517  D=4.537
[refil_matched] 1:23:35  241,028/1,000,000  48.1/s  upd=5064  L=0.0357  D=4.537
[refil_matched] 1:23:45  241,740/1,000,000  48.1/s  upd=5078  L=0.0377  D=4.537
[refil_matched] 1:23:55  242,498/1,000,000  48.2/s  upd=5089  L=0.0379  D=4.537
[refil_matched] 1:24:05  242,887/1,000,000  48.1/s  upd=5104  L=0.0361  D=4.537
[refil_matched] 1:24:15  243,291/1,000,000  48.1/s  upd=5112  L=0.0530  D=4.537
[refil_matched] 1:24:25  243,765/1,000,000  48.1/s  upd=5120  L=0.0285  D=4.537
[refil_matched] 1:24:35  244,095/1,000,000  48.1/s  upd=5128  L=0.0484  D=4.537
[refil_matched] 1:24:45  244,504/1,000,000  48.1/s  upd=5136  L=0.0300  D=4.537
[refil_matched] 1:24:55  245,276/1,000,000  48.1/s  upd=5152  L=0.0327  D=4.537
[refil_matched] 1:25:05  245,947/1,000,000  48.2/s  upd=5163  L=0.0451  D=4.537
[refil_matched] 1:25:15  246,361/1,000,000  48.2/s  upd=5175  L=0.0409  D=4.537
[refil_matched] 1:25:25  246,729/1,000,000  48.1/s  upd=5184  L=0.0391  D=4.537
[refil_matched] 1:25:35  247,067/1,000,000  48.1/s  upd=5192  L=0.0433  D=4.537
[refil_matched] 1:25:46  247,451/1,000,000  48.1/s  upd=5200  L=0.0327  D=4.537
[refil_matched] 1:25:56  248,264/1,000,000  48.2/s  upd=5216  L=0.0306  D=4.537
[refil_matched] 1:26:06  249,014/1,000,000  48.2/s  upd=5229  L=0.0376  D=4.537
[refil_matched] 1:26:16  249,371/1,000,000  48.2/s  upd=5240  L=0.0427  D=4.537
[refil_matched] 1:26:26  250,140/1,000,000  48.2/s  upd=5256  L=0.0562  D=4.537
[refil_matched] 1:26:36  250,552/1,000,000  48.2/s  upd=5264  L=0.0417  D=4.537
[refil_matched] report refresh skipped: PermissionError
[refil_matched] 1:26:46  251,618/1,000,000  48.3/s  upd=5282  L=0.0357  D=4.537
[refil_matched] 1:26:56  252,313/1,000,000  48.4/s  upd=5300  L=0.0474  D=4.537
[refil_matched] 1:27:06  253,085/1,000,000  48.4/s  upd=5313  L=0.0365  D=4.537
[refil_matched] 1:27:17  253,798/1,000,000  48.5/s  upd=5336  L=0.0352  D=4.537
[refil_matched] 1:27:27  254,643/1,000,000  48.5/s  upd=5346  L=0.0368  D=4.537
[refil_matched] 1:27:37  255,422/1,000,000  48.6/s  upd=5362  L=0.0356  D=4.537
[refil_matched] 1:27:47  255,780/1,000,000  48.6/s  upd=5376  L=0.0454  D=4.537
[refil_matched] 1:27:57  256,131/1,000,000  48.5/s  upd=5384  L=0.0579  D=4.537
[refil_matched] 1:28:07  256,565/1,000,000  48.5/s  upd=5392  L=0.0442  D=4.537
[refil_matched] 1:28:17  257,308/1,000,000  48.6/s  upd=5408  L=0.0407  D=4.537
[refil_matched] 1:28:27  257,702/1,000,000  48.6/s  upd=5416  L=0.0354  D=4.537
[refil_matched] 1:28:37  258,442/1,000,000  48.6/s  upd=5432  L=0.0463  D=4.537
[refil_matched] 1:28:47  258,839/1,000,000  48.6/s  upd=5440  L=0.0354  D=4.537
[refil_matched] 1:28:57  259,164/1,000,000  48.6/s  upd=5448  L=0.0438  D=4.537
[refil_matched] 1:29:07  259,537/1,000,000  48.5/s  upd=5456  L=0.0394  D=4.537
[refil_matched] 1:29:18  260,326/1,000,000  48.6/s  upd=5472  L=0.0401  D=4.537
[refil_matched] saved resume t_env=260,326
[refil_matched] 1:29:40  260,326/1,000,000  48.4/s  upd=5472  L=0.0401  ev=0/100  D=4.537
[refil_matched] 1:29:50  260,326/1,000,000  48.3/s  upd=5472  L=0.0401  ev=38/100  D=4.537
[refil_matched] 1:30:00  260,326/1,000,000  48.2/s  upd=5472  L=0.0401  ev=67/100  D=4.537
[refil_matched] 1:30:10  260,326/1,000,000  48.1/s  upd=5472  L=0.0401  ev=95/100  D=4.537
[refil_matched] report refresh skipped: PermissionError
[refil_matched] 1:30:20  260,984/1,000,000  48.1/s  upd=5484  L=0.0525  D=4.443
[refil_matched] 1:30:30  261,688/1,000,000  48.2/s  upd=5504  L=0.0318  D=4.443
[refil_matched] 1:30:41  262,088/1,000,000  48.2/s  upd=5512  L=0.0363  D=4.443
[refil_matched] 1:30:51  262,782/1,000,000  48.2/s  upd=5528  L=0.0486  D=4.443
[refil_matched] 1:31:01  263,590/1,000,000  48.3/s  upd=5544  L=0.0447  D=4.443
[refil_matched] 1:31:11  264,297/1,000,000  48.3/s  upd=5560  L=0.0528  D=4.443
[refil_matched] 1:31:21  264,938/1,000,000  48.3/s  upd=5576  L=0.0380  D=4.443
[refil_matched] 1:31:31  265,330/1,000,000  48.3/s  upd=5584  L=0.0292  D=4.443
[refil_matched] 1:31:41  266,191/1,000,000  48.4/s  upd=5600  L=0.0494  D=4.443
[refil_matched] report refresh skipped: PermissionError
[refil_matched] 1:31:51  266,924/1,000,000  48.4/s  upd=5616  L=0.0387  D=4.443
[refil_matched] 1:32:01  267,663/1,000,000  48.5/s  upd=5632  L=0.0265  D=4.443
[refil_matched] 1:32:11  268,337/1,000,000  48.5/s  upd=5648  L=0.0435  D=4.443
[refil_matched] 1:32:21  268,729/1,000,000  48.5/s  upd=5656  L=0.0376  D=4.443
[refil_matched] 1:32:31  269,432/1,000,000  48.5/s  upd=5672  L=0.0413  D=4.443
[refil_matched] 1:32:41  270,122/1,000,000  48.6/s  upd=5684  L=0.0324  D=4.443
[refil_matched] 1:32:51  270,470/1,000,000  48.5/s  upd=5696  L=0.0472  D=4.443
[refil_matched] 1:33:01  270,891/1,000,000  48.5/s  upd=5704  L=0.0366  D=4.443
[refil_matched] 1:33:12  271,595/1,000,000  48.6/s  upd=5716  L=0.0390  D=4.443
[refil_matched] 1:33:22  271,935/1,000,000  48.5/s  upd=5728  L=0.0344  D=4.443
[refil_matched] 1:33:32  272,353/1,000,000  48.5/s  upd=5736  L=0.0302  D=4.443
[refil_matched] 1:33:42  273,161/1,000,000  48.6/s  upd=5747  L=0.0388  D=4.443
[refil_matched] 1:33:52  273,545/1,000,000  48.6/s  upd=5760  L=0.0422  D=4.443
[refil_matched] 1:34:03  274,355/1,000,000  48.6/s  upd=5772  L=0.0497  D=4.443
[refil_matched] 1:34:13  274,713/1,000,000  48.6/s  upd=5784  L=0.0416  D=4.443
[refil_matched] 1:34:23  275,436/1,000,000  48.6/s  upd=5797  L=0.0469  D=4.443
[refil_matched] 1:34:33  275,850/1,000,000  48.6/s  upd=5808  L=0.0402  D=4.443
[refil_matched] 1:34:43  276,581/1,000,000  48.7/s  upd=5821  L=0.0350  D=4.443
[refil_matched] 1:34:53  276,995/1,000,000  48.6/s  upd=5832  L=0.0321  D=4.443
[refil_matched] 1:35:03  277,632/1,000,000  48.7/s  upd=5848  L=0.0283  D=4.443
[refil_matched] 1:35:13  278,339/1,000,000  48.7/s  upd=5859  L=0.0345  D=4.443
[refil_matched] 1:35:23  278,709/1,000,000  48.7/s  upd=5872  L=0.0419  D=4.443
[refil_matched] 1:35:33  279,437/1,000,000  48.7/s  upd=5883  L=0.0362  D=4.443
[refil_matched] 1:35:43  279,845/1,000,000  48.7/s  upd=5896  L=0.0396  D=4.443
[refil_matched] saved resume t_env=280,215
[refil_matched] 1:36:18  280,215/1,000,000  48.5/s  upd=5904  L=0.0561  ev=0/100  D=4.443
[refil_matched] 1:36:28  280,215/1,000,000  48.4/s  upd=5904  L=0.0561  ev=14/100  D=4.443
[refil_matched] 1:36:39  280,215/1,000,000  48.3/s  upd=5904  L=0.0561  ev=30/100  D=4.443
[refil_matched] 1:36:49  280,215/1,000,000  48.2/s  upd=5904  L=0.0561  ev=47/100  D=4.443
[refil_matched] 1:36:59  280,215/1,000,000  48.2/s  upd=5904  L=0.0561  ev=60/100  D=4.443
[refil_matched] 1:37:09  280,215/1,000,000  48.1/s  upd=5904  L=0.0561  ev=79/100  D=4.443
[refil_matched] 1:37:19  280,215/1,000,000  48.0/s  upd=5904  L=0.0561  ev=99/100  D=4.443
[refil_matched] report refresh skipped: PermissionError
[refil_matched] report refresh skipped: PermissionError
[refil_matched] 1:37:29  281,009/1,000,000  48.0/s  upd=5915  L=0.0318  D=4.505
[refil_matched] 1:37:39  281,511/1,000,000  48.0/s  upd=5928  L=0.0409  D=4.505
[refil_matched] 1:37:49  282,218/1,000,000  48.1/s  upd=5944  L=0.0303  D=4.505
[refil_matched] 1:37:59  283,314/1,000,000  48.2/s  upd=5962  L=0.0466  D=4.505
[refil_matched] 1:38:09  283,781/1,000,000  48.2/s  upd=5976  L=0.0462  D=4.505
[refil_matched] 1:38:19  284,166/1,000,000  48.2/s  upd=5984  L=0.0474  D=4.505
[refil_matched] 1:38:30  284,930/1,000,000  48.2/s  upd=5996  L=0.0330  D=4.505
[refil_matched] 1:38:40  285,281/1,000,000  48.2/s  upd=6008  L=0.0427  D=4.505
[refil_matched] 1:38:50  285,977/1,000,000  48.2/s  upd=6024  L=0.0620  D=4.505
[refil_matched] 1:39:00  286,664/1,000,000  48.3/s  upd=6040  L=0.0337  D=4.505
[refil_matched] 1:39:10  287,337/1,000,000  48.3/s  upd=6056  L=0.0424  D=4.505
[refil_matched] 1:39:20  288,053/1,000,000  48.3/s  upd=6072  L=0.0406  D=4.505
[refil_matched] 1:39:30  288,406/1,000,000  48.3/s  upd=6080  L=0.0408  D=4.505
[refil_matched] 1:39:40  289,168/1,000,000  48.3/s  upd=6094  L=0.0412  D=4.505
[refil_matched] 1:39:50  289,863/1,000,000  48.4/s  upd=6106  L=0.0440  D=4.505
[refil_matched] 1:40:00  290,188/1,000,000  48.4/s  upd=6120  L=0.0415  D=4.505
[refil_matched] 1:40:11  290,885/1,000,000  48.4/s  upd=6135  L=0.0388  D=4.505
[refil_matched] 1:40:21  291,595/1,000,000  48.4/s  upd=6149  L=0.0470  D=4.505
[refil_matched] 1:40:31  292,340/1,000,000  48.5/s  upd=6168  L=0.0389  D=4.505
[refil_matched] 1:40:41  293,116/1,000,000  48.5/s  upd=6184  L=0.0485  D=4.505
[refil_matched] 1:40:51  293,871/1,000,000  48.6/s  upd=6199  L=0.0511  D=4.505
[refil_matched] 1:41:02  294,606/1,000,000  48.6/s  upd=6216  L=0.0562  D=4.505
[refil_matched] 1:41:12  295,361/1,000,000  48.6/s  upd=6232  L=0.0446  D=4.505
[refil_matched] 1:41:22  296,118/1,000,000  48.7/s  upd=6248  L=0.0464  D=4.505
[refil_matched] 1:41:32  296,872/1,000,000  48.7/s  upd=6264  L=0.0362  D=4.505
[refil_matched] 1:41:42  297,605/1,000,000  48.8/s  upd=6280  L=0.0346  D=4.505
[refil_matched] 1:41:52  298,732/1,000,000  48.9/s  upd=6301  L=0.0513  D=4.505
[refil_matched] 1:42:02  299,465/1,000,000  48.9/s  upd=6318  L=0.0352  D=4.505
[refil_matched] saved resume t_env=300,181
[refil_matched] 1:42:37  300,181/1,000,000  48.8/s  upd=6336  L=0.0395  ev=0/100  D=4.505
[refil_matched] 1:42:47  300,181/1,000,000  48.7/s  upd=6336  L=0.0395  ev=31/100  D=4.505
[refil_matched] 1:42:57  300,181/1,000,000  48.6/s  upd=6336  L=0.0395  ev=55/100  D=4.505
[refil_matched] 1:43:07  300,181/1,000,000  48.5/s  upd=6336  L=0.0395  ev=87/100  D=4.505
[refil_matched] report refresh skipped: PermissionError
[refil_matched] report refresh skipped: PermissionError
[refil_matched] 1:43:17  300,506/1,000,000  48.5/s  upd=6344  L=0.0353  D=5.712
[refil_matched] 1:43:27  301,840/1,000,000  48.6/s  upd=6361  L=0.0326  D=5.712
[refil_matched] 1:43:37  302,914/1,000,000  48.7/s  upd=6386  L=0.0363  D=5.712
[refil_matched] 1:43:47  303,650/1,000,000  48.8/s  upd=6408  L=0.0412  D=5.712
[refil_matched] 1:43:57  304,394/1,000,000  48.8/s  upd=6424  L=0.0514  D=5.712
[refil_matched] 1:44:07  305,155/1,000,000  48.8/s  upd=6440  L=0.0327  D=5.712
[refil_matched] 1:44:17  305,921/1,000,000  48.9/s  upd=6456  L=0.0349  D=5.712
[refil_matched] 1:44:28  307,029/1,000,000  49.0/s  upd=6473  L=0.0581  D=5.712
[refil_matched] 1:44:38  307,830/1,000,000  49.0/s  upd=6492  L=0.0369  D=5.712
[refil_matched] 1:44:48  308,276/1,000,000  49.0/s  upd=6504  L=0.0517  D=5.712
[refil_matched] 1:44:58  309,499/1,000,000  49.1/s  upd=6526  L=0.0312  D=5.712
[refil_matched] 1:45:08  310,635/1,000,000  49.2/s  upd=6545  L=0.0365  D=5.712
[refil_matched] 1:45:18  311,408/1,000,000  49.3/s  upd=6568  L=0.0439  D=5.712
[refil_matched] 1:45:28  312,627/1,000,000  49.4/s  upd=6590  L=0.0387  D=5.712
[refil_matched] 1:45:38  313,271/1,000,000  49.4/s  upd=6608  L=0.0346  D=5.712
[refil_matched] 1:45:48  314,371/1,000,000  49.5/s  upd=6632  L=0.0320  D=5.712
[refil_matched] 1:45:58  315,477/1,000,000  49.6/s  upd=6656  L=0.0404  D=5.712
[refil_matched] 1:46:08  316,912/1,000,000  49.8/s  upd=6688  L=0.0419  D=5.712
[refil_matched] 1:46:18  318,386/1,000,000  49.9/s  upd=6715  L=0.0490  D=5.712
[refil_matched] 1:46:29  319,535/1,000,000  50.0/s  upd=6741  L=0.0358  D=5.712
[refil_matched] saved resume t_env=320,257
[refil_matched] 1:46:57  320,257/1,000,000  49.9/s  upd=6760  L=0.0436  ev=0/100  D=5.712
[refil_matched] 1:47:07  320,257/1,000,000  49.8/s  upd=6760  L=0.0436  ev=31/100  D=5.712
[refil_matched] 1:47:17  320,257/1,000,000  49.7/s  upd=6760  L=0.0436  ev=64/100  D=5.712
[refil_matched] 1:47:27  320,257/1,000,000  49.7/s  upd=6760  L=0.0436  ev=94/100  D=5.712
[refil_matched] report refresh skipped: PermissionError
[refil_matched] 1:47:37  320,941/1,000,000  49.7/s  upd=6776  L=0.0574  D=4.607
[refil_matched] 1:47:47  321,671/1,000,000  49.7/s  upd=6792  L=0.0313  D=4.607
[refil_matched] 1:47:57  322,866/1,000,000  49.8/s  upd=6811  L=0.0349  D=4.607
[refil_matched] 1:48:07  323,604/1,000,000  49.9/s  upd=6832  L=0.0426  D=4.607
[refil_matched] report refresh skipped: PermissionError
[refil_matched] 1:48:17  324,824/1,000,000  50.0/s  upd=6850  L=0.0436  D=4.607
[refil_matched] 1:48:28  325,616/1,000,000  50.0/s  upd=6870  L=0.0359  D=4.607
[refil_matched] 1:48:38  326,708/1,000,000  50.1/s  upd=6889  L=0.0295  D=4.607
[refil_matched] 1:48:48  328,132/1,000,000  50.3/s  upd=6920  L=0.0330  D=4.607
[refil_matched] 1:48:58  329,654/1,000,000  50.4/s  upd=6949  L=0.0302  D=4.607
[refil_matched] 1:49:08  330,707/1,000,000  50.5/s  upd=6976  L=0.0318  D=4.607
[refil_matched] 1:49:18  332,191/1,000,000  50.6/s  upd=7003  L=0.0338  D=4.607
[refil_matched] 1:49:28  332,895/1,000,000  50.7/s  upd=7024  L=0.0415  D=4.607
[refil_matched] 1:49:38  333,926/1,000,000  50.8/s  upd=7048  L=0.0322  D=4.607
[refil_matched] 1:49:48  335,039/1,000,000  50.8/s  upd=7070  L=0.0372  D=4.607
[refil_matched] 1:49:59  336,193/1,000,000  50.9/s  upd=7092  L=0.0508  D=4.607
[refil_matched] 1:50:09  336,894/1,000,000  51.0/s  upd=7112  L=0.0372  D=4.607
[refil_matched] 1:50:19  337,982/1,000,000  51.1/s  upd=7136  L=0.0249  D=4.607
[refil_matched] 1:50:29  339,145/1,000,000  51.2/s  upd=7156  L=0.0331  D=4.607
[refil_matched] 1:50:39  340,215/1,000,000  51.2/s  upd=7180  L=0.0387  D=4.607
[refil_matched] saved resume t_env=340,215
[refil_matched] 1:51:01  340,215/1,000,000  51.1/s  upd=7184  L=0.0400  ev=0/100  D=4.607
[refil_matched] 1:51:11  340,215/1,000,000  51.0/s  upd=7184  L=0.0400  ev=25/100  D=4.607
[refil_matched] 1:51:21  340,215/1,000,000  50.9/s  upd=7184  L=0.0400  ev=56/100  D=4.607
[refil_matched] 1:51:31  340,215/1,000,000  50.8/s  upd=7184  L=0.0400  ev=87/100  D=4.607
[refil_matched] report refresh skipped: PermissionError
[refil_matched] 1:51:41  340,569/1,000,000  50.8/s  upd=7192  L=0.0275  D=3.824
[refil_matched] 1:51:51  341,602/1,000,000  50.9/s  upd=7216  L=0.0288  D=3.824
[refil_matched] 1:52:01  342,803/1,000,000  51.0/s  upd=7234  L=0.0288  D=3.824
[refil_matched] 1:52:11  343,878/1,000,000  51.1/s  upd=7264  L=0.0284  D=3.824
[refil_matched] 1:52:21  345,297/1,000,000  51.2/s  upd=7295  L=0.0288  D=3.824
[refil_matched] 1:52:31  346,359/1,000,000  51.3/s  upd=7320  L=0.0254  D=3.824
[refil_matched] 1:52:41  347,650/1,000,000  51.4/s  upd=7349  L=0.0354  D=3.824
[refil_matched] 1:52:51  348,670/1,000,000  51.5/s  upd=7372  L=0.0415  D=3.824
[refil_matched] 1:53:01  349,683/1,000,000  51.6/s  upd=7394  L=0.0447  D=3.824
[refil_matched] 1:53:11  350,398/1,000,000  51.6/s  upd=7416  L=0.0500  D=3.824
[refil_matched] report refresh skipped: PermissionError
[refil_matched] 1:53:21  351,680/1,000,000  51.7/s  upd=7436  L=0.0311  D=3.824
[refil_matched] 1:53:32  352,342/1,000,000  51.7/s  upd=7456  L=0.0309  D=3.824
[refil_matched] 1:53:42  353,454/1,000,000  51.8/s  upd=7480  L=0.0283  D=3.824
[refil_matched] 1:53:52  354,451/1,000,000  51.9/s  upd=7504  L=0.0440  D=3.824
[refil_matched] 1:54:02  355,493/1,000,000  52.0/s  upd=7525  L=0.0350  D=3.824
[refil_matched] 1:54:12  356,189/1,000,000  52.0/s  upd=7544  L=0.0359  D=3.824
[refil_matched] 1:54:22  357,229/1,000,000  52.1/s  upd=7568  L=0.0325  D=3.824
[refil_matched] 1:54:32  358,253/1,000,000  52.1/s  upd=7589  L=0.0428  D=3.824
[refil_matched] 1:54:42  358,930/1,000,000  52.2/s  upd=7608  L=0.0412  D=3.824
[refil_matched] 1:54:52  359,682/1,000,000  52.2/s  upd=7624  L=0.0302  D=3.824
[refil_matched] saved resume t_env=360,081
[refil_matched] 1:55:15  360,081/1,000,000  52.1/s  upd=7632  L=0.0389  ev=0/100  D=3.824
[refil_matched] 1:55:25  360,081/1,000,000  52.0/s  upd=7632  L=0.0389  ev=72/100  D=3.824
[refil_matched] report refresh skipped: PermissionError
[refil_matched] 1:55:35  360,709/1,000,000  52.0/s  upd=7645  L=0.0348  D=3.540
[refil_matched] 1:55:45  361,761/1,000,000  52.1/s  upd=7672  L=0.0304  D=3.540
[refil_matched] 1:55:55  362,825/1,000,000  52.2/s  upd=7694  L=0.0338  D=3.540
[refil_matched] 1:56:05  363,822/1,000,000  52.2/s  upd=7717  L=0.0442  D=3.540
[refil_matched] 1:56:15  364,571/1,000,000  52.3/s  upd=7736  L=0.0393  D=3.540
[refil_matched] 1:56:25  365,764/1,000,000  52.4/s  upd=7755  L=0.0272  D=3.540
[refil_matched] 1:56:35  366,430/1,000,000  52.4/s  upd=7776  L=0.0263  D=3.540
[refil_matched] 1:56:46  367,203/1,000,000  52.4/s  upd=7792  L=0.0343  D=3.540
[refil_matched] 1:56:56  368,417/1,000,000  52.5/s  upd=7816  L=0.0271  D=3.540
[refil_matched] 1:57:06  369,314/1,000,000  52.6/s  upd=7832  L=0.0267  D=3.540
[refil_matched] 1:57:16  370,443/1,000,000  52.6/s  upd=7853  L=0.0342  D=3.540
[refil_matched] 1:57:26  371,540/1,000,000  52.7/s  upd=7874  L=0.0452  D=3.540
[refil_matched] 1:57:36  372,296/1,000,000  52.8/s  upd=7896  L=0.0351  D=3.540
[refil_matched] 1:57:46  373,004/1,000,000  52.8/s  upd=7912  L=0.0313  D=3.540
[refil_matched] 1:57:56  374,095/1,000,000  52.9/s  upd=7936  L=0.0316  D=3.540
[refil_matched] 1:58:06  375,088/1,000,000  52.9/s  upd=7960  L=0.0266  D=3.540
[refil_matched] 1:58:16  376,231/1,000,000  53.0/s  upd=7977  L=0.0351  D=3.540
[refil_matched] report refresh skipped: PermissionError
[refil_matched] 1:58:26  377,027/1,000,000  53.1/s  upd=8000  L=0.0482  D=3.540
[refil_matched] 1:58:36  378,091/1,000,000  53.1/s  upd=8024  L=0.0221  D=3.540
[refil_matched] 1:58:46  379,545/1,000,000  53.3/s  upd=8056  L=0.0453  D=3.540
[refil_matched] saved resume t_env=380,291
[refil_matched] 1:59:12  380,291/1,000,000  53.2/s  upd=8072  L=0.0313  ev=0/100  D=3.540
[refil_matched] 1:59:22  380,291/1,000,000  53.1/s  upd=8072  L=0.0313  ev=37/100  D=3.540
[refil_matched] 1:59:32  380,291/1,000,000  53.0/s  upd=8072  L=0.0313  ev=65/100  D=3.540
[refil_matched] report refresh skipped: PermissionError
[refil_matched] 1:59:42  380,291/1,000,000  52.9/s  upd=8072  L=0.0313  D=2.945
[refil_matched] 1:59:52  381,038/1,000,000  53.0/s  upd=8088  L=0.0312  D=2.945
[refil_matched] 2:00:03  382,135/1,000,000  53.1/s  upd=8112  L=0.0329  D=2.945
[refil_matched] 2:00:13  383,264/1,000,000  53.1/s  upd=8131  L=0.0545  D=2.945
[refil_matched] 2:00:23  383,913/1,000,000  53.1/s  upd=8152  L=0.0275  D=2.945
[refil_matched] 2:00:33  385,078/1,000,000  53.2/s  upd=8170  L=0.0259  D=2.945
[refil_matched] 2:00:43  385,781/1,000,000  53.3/s  upd=8191  L=0.0308  D=2.945
[refil_matched] 2:00:53  386,497/1,000,000  53.3/s  upd=8208  L=0.0424  D=2.945
[refil_matched] 2:01:03  387,571/1,000,000  53.4/s  upd=8231  L=0.0277  D=2.945
[refil_matched] 2:01:13  388,276/1,000,000  53.4/s  upd=8248  L=0.0398  D=2.945
[refil_matched] 2:01:23  389,329/1,000,000  53.5/s  upd=8270  L=0.0277  D=2.945
[refil_matched] 2:01:33  390,011/1,000,000  53.5/s  upd=8288  L=0.0350  D=2.945
[refil_matched] 2:01:43  391,171/1,000,000  53.6/s  upd=8307  L=0.0357  D=2.945
[refil_matched] 2:01:53  392,706/1,000,000  53.7/s  upd=8339  L=0.0366  D=2.945
[refil_matched] 2:02:03  394,185/1,000,000  53.8/s  upd=8372  L=0.0349  D=2.945
[refil_matched] 2:02:13  395,336/1,000,000  53.9/s  upd=8397  L=0.0279  D=2.945
[refil_matched] 2:02:24  396,330/1,000,000  54.0/s  upd=8423  L=0.0409  D=2.945
[refil_matched] 2:02:34  397,268/1,000,000  54.0/s  upd=8448  L=0.0296  D=2.945
[refil_matched] 2:02:44  398,368/1,000,000  54.1/s  upd=8467  L=0.0325  D=2.945
[refil_matched] 2:02:54  399,416/1,000,000  54.2/s  upd=8490  L=0.0416  D=2.945
[refil_matched] saved resume t_env=400,085
[refil_matched] 2:03:26  400,085/1,000,000  54.0/s  upd=8512  L=0.0265  ev=0/100  D=2.945
[refil_matched] 2:03:36  400,085/1,000,000  53.9/s  upd=8512  L=0.0265  ev=39/100  D=2.945
[refil_matched] 2:03:46  400,085/1,000,000  53.9/s  upd=8512  L=0.0265  ev=66/100  D=2.945
[refil_matched] report refresh skipped: PermissionError
[refil_matched] report refresh skipped: PermissionError
[refil_matched] 2:03:56  400,085/1,000,000  53.8/s  upd=8512  L=0.0265  D=2.142
[refil_matched] 2:04:06  401,045/1,000,000  53.9/s  upd=8536  L=0.0313  D=2.142
[refil_matched] 2:04:16  402,141/1,000,000  53.9/s  upd=8558  L=0.0247  D=2.142
[refil_matched] 2:04:26  403,275/1,000,000  54.0/s  upd=8578  L=0.0291  D=2.142
[refil_matched] 2:04:36  404,308/1,000,000  54.1/s  upd=8603  L=0.0305  D=2.142
[refil_matched] 2:04:46  405,804/1,000,000  54.2/s  upd=8633  L=0.0487  D=2.142
[refil_matched] 2:04:56  406,922/1,000,000  54.3/s  upd=8664  L=0.0341  D=2.142
[refil_matched] 2:05:06  408,081/1,000,000  54.4/s  upd=8688  L=0.0269  D=2.142
[refil_matched] 2:05:17  409,561/1,000,000  54.5/s  upd=8713  L=0.0289  D=2.142
[refil_matched] 2:05:27  410,255/1,000,000  54.5/s  upd=8736  L=0.0349  D=2.142
[refil_matched] 2:05:37  411,358/1,000,000  54.6/s  upd=8760  L=0.0485  D=2.142
[refil_matched] 2:05:47  412,426/1,000,000  54.6/s  upd=8778  L=0.0299  D=2.142
[refil_matched] 2:05:57  413,412/1,000,000  54.7/s  upd=8801  L=0.0483  D=2.142
[refil_matched] 2:06:07  414,392/1,000,000  54.8/s  upd=8825  L=0.0441  D=2.142
[refil_matched] 2:06:17  415,007/1,000,000  54.8/s  upd=8848  L=0.0361  D=2.142
[refil_matched] 2:06:27  415,936/1,000,000  54.8/s  upd=8872  L=0.0457  D=2.142
[refil_matched] 2:06:37  417,040/1,000,000  54.9/s  upd=8891  L=0.0351  D=2.142
[refil_matched] 2:06:48  418,080/1,000,000  55.0/s  upd=8914  L=0.0398  D=2.142
[refil_matched] 2:06:58  418,743/1,000,000  55.0/s  upd=8936  L=0.0371  D=2.142
[refil_matched] 2:07:08  419,785/1,000,000  55.0/s  upd=8960  L=0.0342  D=2.142
[refil_matched] saved resume t_env=420,190
[refil_matched] 2:07:33  420,190/1,000,000  54.9/s  upd=8968  L=0.0444  ev=0/100  D=2.142
[refil_matched] 2:07:43  420,190/1,000,000  54.8/s  upd=8968  L=0.0444  ev=41/100  D=2.142
[refil_matched] 2:07:53  420,190/1,000,000  54.8/s  upd=8968  L=0.0444  ev=76/100  D=2.142
[refil_matched] report refresh skipped: PermissionError
[refil_matched] 2:08:03  420,505/1,000,000  54.7/s  upd=8975  L=0.0311  D=2.263
[refil_matched] 2:08:13  421,487/1,000,000  54.8/s  upd=8996  L=0.0391  D=2.263
[refil_matched] 2:08:23  422,661/1,000,000  54.9/s  upd=9017  L=0.0562  D=2.263
[refil_matched] 2:08:33  424,039/1,000,000  55.0/s  upd=9052  L=0.0476  D=2.263
[refil_matched] 2:08:43  425,359/1,000,000  55.1/s  upd=9085  L=0.0370  D=2.263
[refil_matched] 2:08:53  426,678/1,000,000  55.2/s  upd=9113  L=0.0325  D=2.263
[refil_matched] report refresh skipped: PermissionError
[refil_matched] 2:09:04  427,734/1,000,000  55.2/s  upd=9138  L=0.0555  D=2.263
[refil_matched] 2:09:14  428,454/1,000,000  55.3/s  upd=9160  L=0.0337  D=2.263
[refil_matched] 2:09:24  429,499/1,000,000  55.3/s  upd=9182  L=0.0281  D=2.263
[refil_matched] 2:09:34  430,170/1,000,000  55.3/s  upd=9200  L=0.0413  D=2.263
[refil_matched] 2:09:44  431,236/1,000,000  55.4/s  upd=9222  L=0.0322  D=2.263
[refil_matched] 2:09:54  431,901/1,000,000  55.4/s  upd=9240  L=0.0288  D=2.263
[refil_matched] 2:10:04  432,916/1,000,000  55.5/s  upd=9264  L=0.0342  D=2.263
[refil_matched] 2:10:14  433,933/1,000,000  55.5/s  upd=9287  L=0.0270  D=2.263
[refil_matched] 2:10:24  434,851/1,000,000  55.6/s  upd=9311  L=0.0249  D=2.263
[refil_matched] 2:10:34  435,799/1,000,000  55.6/s  upd=9336  L=0.0245  D=2.263
[refil_matched] 2:10:45  436,872/1,000,000  55.7/s  upd=9357  L=0.0326  D=2.263
[refil_matched] 2:10:55  437,855/1,000,000  55.7/s  upd=9383  L=0.0373  D=2.263
[refil_matched] 2:11:05  439,163/1,000,000  55.8/s  upd=9411  L=0.0280  D=2.263
[refil_matched] saved resume t_env=440,177
[refil_matched] 2:11:35  440,177/1,000,000  55.8/s  upd=9440  L=0.0301  ev=0/100  D=2.263
[refil_matched] 2:11:45  440,177/1,000,000  55.7/s  upd=9440  L=0.0301  ev=38/100  D=2.263
[refil_matched] 2:11:55  440,177/1,000,000  55.6/s  upd=9440  L=0.0301  ev=64/100  D=2.263
[refil_matched] report refresh skipped: PermissionError
[refil_matched] 2:12:05  440,177/1,000,000  55.5/s  upd=9440  L=0.0301  D=2.011
[refil_matched] 2:12:15  441,252/1,000,000  55.6/s  upd=9460  L=0.0327  D=2.011
[refil_matched] 2:12:25  442,250/1,000,000  55.7/s  upd=9487  L=0.0317  D=2.011
[refil_matched] 2:12:35  443,174/1,000,000  55.7/s  upd=9512  L=0.0311  D=2.011
[refil_matched] 2:12:45  444,189/1,000,000  55.8/s  upd=9532  L=0.0339  D=2.011
[refil_matched] 2:12:55  445,193/1,000,000  55.8/s  upd=9558  L=0.0511  D=2.011
[refil_matched] 2:13:05  446,191/1,000,000  55.9/s  upd=9584  L=0.0368  D=2.011
[refil_matched] 2:13:15  447,234/1,000,000  55.9/s  upd=9607  L=0.0262  D=2.011
[refil_matched] 2:13:26  448,188/1,000,000  56.0/s  upd=9629  L=0.0388  D=2.011
[refil_matched] 2:13:36  449,193/1,000,000  56.0/s  upd=9651  L=0.0395  D=2.011
[refil_matched] 2:13:46  449,889/1,000,000  56.1/s  upd=9672  L=0.0243  D=2.011
[refil_matched] report refresh skipped: PermissionError
[refil_matched] 2:13:56  450,918/1,000,000  56.1/s  upd=9696  L=0.0409  D=2.011
[refil_matched] 2:14:06  452,102/1,000,000  56.2/s  upd=9713  L=0.0375  D=2.011
[refil_matched] 2:14:16  452,819/1,000,000  56.2/s  upd=9736  L=0.0259  D=2.011
[refil_matched] 2:14:26  453,803/1,000,000  56.3/s  upd=9760  L=0.0408  D=2.011
[refil_matched] 2:14:36  454,772/1,000,000  56.3/s  upd=9784  L=0.0288  D=2.011
[refil_matched] 2:14:46  455,711/1,000,000  56.4/s  upd=9808  L=0.0234  D=2.011
[refil_matched] 2:14:56  456,733/1,000,000  56.4/s  upd=9832  L=0.0479  D=2.011
[refil_matched] 2:15:06  458,105/1,000,000  56.5/s  upd=9857  L=0.0350  D=2.011
[refil_matched] 2:15:16  459,074/1,000,000  56.6/s  upd=9883  L=0.0437  D=2.011
[refil_matched] saved resume t_env=460,118
[refil_matched] 2:15:54  460,118/1,000,000  56.4/s  upd=9912  L=0.0306  ev=0/100  D=2.011
[refil_matched] 2:16:05  460,118/1,000,000  56.4/s  upd=9912  L=0.0306  ev=52/100  D=2.011
[refil_matched] 2:16:15  460,118/1,000,000  56.3/s  upd=9912  L=0.0306  ev=95/100  D=2.011
[refil_matched] report refresh skipped: PermissionError
[refil_matched] 2:16:25  460,792/1,000,000  56.3/s  upd=9928  L=0.0351  D=1.543
[refil_matched] 2:16:35  461,746/1,000,000  56.3/s  upd=9946  L=0.0391  D=1.543
[refil_matched] 2:16:45  462,395/1,000,000  56.4/s  upd=9968  L=0.0346  D=1.543
[refil_matched] 2:16:55  463,362/1,000,000  56.4/s  upd=9992  L=0.0557  D=1.543
[refil_matched] 2:17:05  464,396/1,000,000  56.5/s  upd=10016  L=0.0316  D=1.543
[refil_matched] 2:17:15  465,416/1,000,000  56.5/s  upd=10040  L=0.0284  D=1.543
[refil_matched] 2:17:25  466,395/1,000,000  56.6/s  upd=10062  L=0.0412  D=1.543
[refil_matched] 2:17:35  467,124/1,000,000  56.6/s  upd=10080  L=0.0570  D=1.543
[refil_matched] 2:17:45  468,032/1,000,000  56.6/s  upd=10099  L=0.0448  D=1.543
[refil_matched] 2:17:55  468,702/1,000,000  56.6/s  upd=10120  L=0.0388  D=1.543
[refil_matched] 2:18:05  469,721/1,000,000  56.7/s  upd=10144  L=0.0363  D=1.543
[refil_matched] 2:18:15  470,605/1,000,000  56.7/s  upd=10168  L=0.0405  D=1.543
[refil_matched] 2:18:26  471,565/1,000,000  56.8/s  upd=10188  L=0.0378  D=1.543
[refil_matched] 2:18:36  472,452/1,000,000  56.8/s  upd=10209  L=0.0372  D=1.543
[refil_matched] 2:18:46  473,100/1,000,000  56.8/s  upd=10232  L=0.0428  D=1.543
[refil_matched] 2:18:56  474,021/1,000,000  56.9/s  upd=10251  L=0.0326  D=1.543
[refil_matched] report refresh skipped: PermissionError
[refil_matched] 2:19:06  474,656/1,000,000  56.9/s  upd=10272  L=0.0286  D=1.543
[refil_matched] 2:19:16  475,497/1,000,000  56.9/s  upd=10290  L=0.0267  D=1.543
[refil_matched] 2:19:26  476,096/1,000,000  56.9/s  upd=10312  L=0.0361  D=1.543
[refil_matched] 2:19:36  477,010/1,000,000  56.9/s  upd=10329  L=0.0357  D=1.543
[refil_matched] 2:19:46  477,682/1,000,000  57.0/s  upd=10348  L=0.0392  D=1.543
[refil_matched] 2:19:56  478,348/1,000,000  57.0/s  upd=10368  L=0.0614  D=1.543
[refil_matched] 2:20:06  479,331/1,000,000  57.0/s  upd=10385  L=0.0195  D=1.543
[refil_matched] 2:20:16  479,979/1,000,000  57.0/s  upd=10408  L=0.0234  D=1.543
[refil_matched] saved resume t_env=480,286
[refil_matched] 2:20:50  480,286/1,000,000  56.8/s  upd=10416  L=0.0356  ev=0/100  D=1.543
[refil_matched] 2:21:00  480,286/1,000,000  56.8/s  upd=10416  L=0.0356  ev=48/100  D=1.543
[refil_matched] 2:21:10  480,286/1,000,000  56.7/s  upd=10416  L=0.0356  ev=88/100  D=1.543
[refil_matched] report refresh skipped: PermissionError
[refil_matched] 2:21:20  480,904/1,000,000  56.7/s  upd=10427  L=0.0259  D=1.325
[refil_matched] 2:21:30  481,511/1,000,000  56.7/s  upd=10448  L=0.0308  D=1.325
[refil_matched] 2:21:40  482,484/1,000,000  56.8/s  upd=10472  L=0.0292  D=1.325
[refil_matched] 2:21:50  483,433/1,000,000  56.8/s  upd=10496  L=0.0178  D=1.325
[refil_matched] 2:22:00  484,401/1,000,000  56.8/s  upd=10520  L=0.0293  D=1.325
[refil_matched] 2:22:10  485,359/1,000,000  56.9/s  upd=10544  L=0.0207  D=1.325
[refil_matched] 2:22:20  485,935/1,000,000  56.9/s  upd=10560  L=0.0416  D=1.325
[refil_matched] 2:22:31  486,860/1,000,000  56.9/s  upd=10582  L=0.0318  D=1.325
[refil_matched] 2:22:41  487,616/1,000,000  57.0/s  upd=10600  L=0.0276  D=1.325
[refil_matched] 2:22:51  488,327/1,000,000  57.0/s  upd=10616  L=0.0352  D=1.325
[refil_matched] 2:23:01  489,402/1,000,000  57.0/s  upd=10636  L=0.0303  D=1.325
[refil_matched] 2:23:11  490,099/1,000,000  57.0/s  upd=10656  L=0.0275  D=1.325
[refil_matched] 2:23:21  490,919/1,000,000  57.1/s  upd=10679  L=0.0202  D=1.325
[refil_matched] 2:23:31  491,866/1,000,000  57.1/s  upd=10700  L=0.0267  D=1.325
[refil_matched] 2:23:41  492,776/1,000,000  57.2/s  upd=10721  L=0.0433  D=1.325
[refil_matched] 2:23:51  493,696/1,000,000  57.2/s  upd=10749  L=0.0454  D=1.325
[refil_matched] report refresh skipped: PermissionError
[refil_matched] 2:24:02  494,546/1,000,000  57.2/s  upd=10772  L=0.0277  D=1.325
[refil_matched] 2:24:12  495,439/1,000,000  57.3/s  upd=10797  L=0.0261  D=1.325
[refil_matched] 2:24:22  495,997/1,000,000  57.3/s  upd=10816  L=0.0355  D=1.325
[refil_matched] 2:24:32  496,895/1,000,000  57.3/s  upd=10837  L=0.0199  D=1.325
[refil_matched] 2:24:42  497,445/1,000,000  57.3/s  upd=10856  L=0.0373  D=1.325
[refil_matched] 2:24:52  498,055/1,000,000  57.3/s  upd=10872  L=0.0356  D=1.325
[refil_matched] 2:25:02  499,013/1,000,000  57.3/s  upd=10896  L=0.0259  D=1.325
[refil_matched] 2:25:12  499,976/1,000,000  57.4/s  upd=10913  L=0.0356  D=1.325
[refil_matched] saved resume t_env=500,299
[refil_matched] 2:25:50  500,299/1,000,000  57.2/s  upd=10928  L=0.0390  ev=0/100  D=1.325
[refil_matched] 2:26:00  500,299/1,000,000  57.1/s  upd=10928  L=0.0390  ev=52/100  D=1.325
[refil_matched] 2:26:10  500,299/1,000,000  57.0/s  upd=10928  L=0.0390  ev=89/100  D=1.325
[refil_matched] report refresh skipped: PermissionError
[refil_matched] 2:26:20  500,903/1,000,000  57.0/s  upd=10941  L=0.0225  D=1.216
[refil_matched] 2:26:30  501,819/1,000,000  57.1/s  upd=10965  L=0.0346  D=1.216
[refil_matched] 2:26:40  503,055/1,000,000  57.2/s  upd=10999  L=0.0294  D=1.216
[refil_matched] 2:26:50  504,364/1,000,000  57.2/s  upd=11031  L=0.0254  D=1.216
[refil_matched] 2:27:01  505,613/1,000,000  57.3/s  upd=11063  L=0.0259  D=1.216
[refil_matched] 2:27:11  506,557/1,000,000  57.4/s  upd=11088  L=0.0354  D=1.216
[refil_matched] 2:27:21  507,493/1,000,000  57.4/s  upd=11112  L=0.0267  D=1.216
[refil_matched] 2:27:31  508,345/1,000,000  57.4/s  upd=11136  L=0.0309  D=1.216
[refil_matched] 2:27:41  509,573/1,000,000  57.5/s  upd=11168  L=0.0232  D=1.216
[refil_matched] 2:27:51  510,554/1,000,000  57.6/s  upd=11191  L=0.0325  D=1.216
[refil_matched] 2:28:01  511,804/1,000,000  57.6/s  upd=11217  L=0.0327  D=1.216
[refil_matched] 2:28:11  512,465/1,000,000  57.6/s  upd=11240  L=0.0438  D=1.216
[refil_matched] 2:28:21  513,719/1,000,000  57.7/s  upd=11265  L=0.0217  D=1.216
[refil_matched] 2:28:31  514,727/1,000,000  57.8/s  upd=11290  L=0.0299  D=1.216
[refil_matched] 2:28:41  515,642/1,000,000  57.8/s  upd=11319  L=0.0320  D=1.216
[refil_matched] 2:28:51  516,567/1,000,000  57.8/s  upd=11344  L=0.0344  D=1.216
[refil_matched] 2:29:01  517,475/1,000,000  57.9/s  upd=11366  L=0.0372  D=1.216
[refil_matched] report refresh skipped: PermissionError
[refil_matched] 2:29:11  518,416/1,000,000  57.9/s  upd=11392  L=0.0163  D=1.216
[refil_matched] 2:29:21  519,316/1,000,000  57.9/s  upd=11416  L=0.0362  D=1.216
[refil_matched] saved resume t_env=520,084
[refil_matched] 2:29:48  520,084/1,000,000  57.9/s  upd=11432  L=0.0273  ev=0/100  D=1.216
[refil_matched] 2:29:58  520,084/1,000,000  57.8/s  upd=11432  L=0.0273  ev=48/100  D=1.216
[refil_matched] 2:30:08  520,084/1,000,000  57.7/s  upd=11432  L=0.0273  ev=87/100  D=1.216
[refil_matched] report refresh skipped: PermissionError
[refil_matched] 2:30:18  520,753/1,000,000  57.7/s  upd=11448  L=0.0323  D=1.705
[refil_matched] 2:30:28  521,693/1,000,000  57.8/s  upd=11472  L=0.0382  D=1.705
[refil_matched] 2:30:38  522,581/1,000,000  57.8/s  upd=11496  L=0.0217  D=1.705
[refil_matched] 2:30:48  524,094/1,000,000  57.9/s  upd=11533  L=0.0295  D=1.705
[refil_matched] 2:30:59  525,351/1,000,000  58.0/s  upd=11568  L=0.0237  D=1.705
[refil_matched] 2:31:09  526,662/1,000,000  58.1/s  upd=11598  L=0.0339  D=1.705
[refil_matched] 2:31:19  527,594/1,000,000  58.1/s  upd=11624  L=0.0232  D=1.705
[refil_matched] 2:31:29  528,564/1,000,000  58.2/s  upd=11648  L=0.0238  D=1.705
[refil_matched] 2:31:39  529,534/1,000,000  58.2/s  upd=11672  L=0.0266  D=1.705
[refil_matched] 2:31:49  530,181/1,000,000  58.2/s  upd=11688  L=0.0195  D=1.705
[refil_matched] 2:31:59  530,524/1,000,000  58.2/s  upd=11696  L=0.0252  D=1.705
[refil_matched] 2:32:09  531,226/1,000,000  58.2/s  upd=11709  L=0.0372  D=1.705
[refil_matched] 2:32:19  531,557/1,000,000  58.2/s  upd=11720  L=0.0430  D=1.705
[refil_matched] 2:32:29  532,165/1,000,000  58.2/s  upd=11730  L=0.0368  D=1.705
[refil_matched] 2:32:39  532,499/1,000,000  58.1/s  upd=11744  L=0.0235  D=1.705
[refil_matched] 2:32:49  532,876/1,000,000  58.1/s  upd=11752  L=0.0255  D=1.705
[refil_matched] 2:32:59  533,478/1,000,000  58.1/s  upd=11768  L=0.0270  D=1.705
[refil_matched] 2:33:10  533,797/1,000,000  58.1/s  upd=11776  L=0.0328  D=1.705
[refil_matched] 2:33:20  534,524/1,000,000  58.1/s  upd=11792  L=0.0221  D=1.705
[refil_matched] 2:33:30  535,769/1,000,000  58.2/s  upd=11821  L=0.0286  D=1.705
[refil_matched] 2:33:40  537,098/1,000,000  58.3/s  upd=11855  L=0.0283  D=1.705
[refil_matched] 2:33:50  538,647/1,000,000  58.4/s  upd=11892  L=0.0216  D=1.705
[refil_matched] 2:34:00  539,886/1,000,000  58.4/s  upd=11925  L=0.0299  D=1.705
[refil_matched] saved resume t_env=540,191
[refil_matched] 2:34:25  540,191/1,000,000  58.3/s  upd=11936  L=0.0158  ev=0/100  D=1.705
[refil_matched] 2:34:35  540,191/1,000,000  58.2/s  upd=11936  L=0.0158  ev=90/100  D=1.705
[refil_matched] report refresh skipped: PermissionError
[refil_matched] report refresh skipped: PermissionError
[refil_matched] 2:34:46  541,515/1,000,000  58.3/s  upd=11964  L=0.0349  D=1.473
[refil_matched] 2:34:56  543,032/1,000,000  58.4/s  upd=12002  L=0.0204  D=1.473
[refil_matched] 2:35:06  544,373/1,000,000  58.5/s  upd=12040  L=0.0297  D=1.473
[refil_matched] 2:35:16  545,941/1,000,000  58.6/s  upd=12078  L=0.0320  D=1.473
[refil_matched] 2:35:26  547,559/1,000,000  58.7/s  upd=12114  L=0.0274  D=1.473
[refil_matched] 2:35:36  548,834/1,000,000  58.8/s  upd=12151  L=0.0264  D=1.473
[refil_matched] 2:35:46  550,299/1,000,000  58.9/s  upd=12190  L=0.0236  D=1.473
[refil_matched] 2:35:56  551,701/1,000,000  59.0/s  upd=12224  L=0.0333  D=1.473
[refil_matched] 2:36:06  553,281/1,000,000  59.1/s  upd=12264  L=0.0227  D=1.473
[refil_matched] 2:36:16  554,913/1,000,000  59.2/s  upd=12298  L=0.0211  D=1.473
[refil_matched] 2:36:26  556,176/1,000,000  59.2/s  upd=12336  L=0.0279  D=1.473
[refil_matched] 2:36:37  557,788/1,000,000  59.4/s  upd=12375  L=0.0271  D=1.473
[refil_matched] 2:36:47  559,380/1,000,000  59.5/s  upd=12413  L=0.0286  D=1.473
[refil_matched] saved resume t_env=560,277
[refil_matched] 2:37:15  560,277/1,000,000  59.4/s  upd=12440  L=0.0191  ev=0/100  D=1.473
[refil_matched] report refresh skipped: PermissionError
[refil_matched] 2:37:25  561,248/1,000,000  59.4/s  upd=12460  L=0.0375  D=1.488
[refil_matched] 2:37:35  562,872/1,000,000  59.5/s  upd=12502  L=0.0253  D=1.488
[refil_matched] 2:37:45  564,837/1,000,000  59.7/s  upd=12548  L=0.0240  D=1.488
[refil_matched] 2:37:56  566,668/1,000,000  59.8/s  upd=12595  L=0.0248  D=1.488
[refil_matched] 2:38:06  568,526/1,000,000  59.9/s  upd=12642  L=0.0218  D=1.488
[refil_matched] 2:38:16  570,491/1,000,000  60.1/s  upd=12689  L=0.0312  D=1.488
[refil_matched] 2:38:26  572,353/1,000,000  60.2/s  upd=12738  L=0.0238  D=1.488
[refil_matched] 2:38:36  574,271/1,000,000  60.3/s  upd=12787  L=0.0221  D=1.488
[refil_matched] 2:38:46  576,130/1,000,000  60.5/s  upd=12837  L=0.0219  D=1.488
[refil_matched] 2:38:56  577,971/1,000,000  60.6/s  upd=12888  L=0.0323  D=1.488
[refil_matched] 2:39:06  579,794/1,000,000  60.7/s  upd=12936  L=0.0170  D=1.488
[refil_matched] saved resume t_env=580,079
[refil_matched] 2:39:28  580,079/1,000,000  60.6/s  upd=12944  L=0.0303  ev=0/100  D=1.488
[refil_matched] report refresh skipped: PermissionError
[refil_matched] report refresh skipped: PermissionError
[refil_matched] 2:39:38  581,377/1,000,000  60.7/s  upd=12969  L=0.0252  D=1.494
[refil_matched] 2:39:49  583,273/1,000,000  60.8/s  upd=13018  L=0.0303  D=1.494
[refil_matched] 2:39:59  585,110/1,000,000  61.0/s  upd=13070  L=0.0193  D=1.494
[refil_matched] 2:40:09  587,072/1,000,000  61.1/s  upd=13120  L=0.0179  D=1.494
[refil_matched] 2:40:19  589,306/1,000,000  61.3/s  upd=13171  L=0.0172  D=1.494
[refil_matched] 2:40:29  591,201/1,000,000  61.4/s  upd=13223  L=0.0228  D=1.494
[refil_matched] 2:40:39  593,457/1,000,000  61.6/s  upd=13274  L=0.0240  D=1.494
[refil_matched] 2:40:49  595,344/1,000,000  61.7/s  upd=13326  L=0.0297  D=1.494
[refil_matched] 2:40:59  597,391/1,000,000  61.8/s  upd=13378  L=0.0310  D=1.494
[refil_matched] 2:41:09  599,391/1,000,000  62.0/s  upd=13428  L=0.0346  D=1.494
[refil_matched] saved resume t_env=600,004
[refil_matched] 2:41:34  600,004/1,000,000  61.9/s  upd=13448  L=0.0315  ev=0/100  D=1.494
[refil_matched] report refresh skipped: PermissionError
[refil_matched] 2:41:44  601,171/1,000,000  61.9/s  upd=13475  L=0.0342  D=1.255
[refil_matched] 2:41:54  603,092/1,000,000  62.1/s  upd=13528  L=0.0281  D=1.255
[refil_matched] 2:42:04  605,274/1,000,000  62.2/s  upd=13580  L=0.0255  D=1.255
[refil_matched] 2:42:14  607,457/1,000,000  62.4/s  upd=13633  L=0.0253  D=1.255
[refil_matched] 2:42:24  609,281/1,000,000  62.5/s  upd=13687  L=0.0220  D=1.255
[refil_matched] 2:42:34  611,524/1,000,000  62.7/s  upd=13738  L=0.0272  D=1.255
[refil_matched] 2:42:44  613,353/1,000,000  62.8/s  upd=13791  L=0.0205  D=1.255
[refil_matched] 2:42:54  615,595/1,000,000  63.0/s  upd=13844  L=0.0217  D=1.255
[refil_matched] 2:43:04  617,431/1,000,000  63.1/s  upd=13896  L=0.0301  D=1.255
[refil_matched] 2:43:14  619,453/1,000,000  63.2/s  upd=13950  L=0.0201  D=1.255
[refil_matched] saved resume t_env=620,102
[refil_matched] 2:43:38  620,102/1,000,000  63.2/s  upd=13968  L=0.0336  ev=0/100  D=1.255
[refil_matched] report refresh skipped: PermissionError
[refil_matched] 2:43:48  621,329/1,000,000  63.2/s  upd=13996  L=0.0220  D=1.261
[refil_matched] 2:43:59  623,506/1,000,000  63.4/s  upd=14049  L=0.0226  D=1.261
[refil_matched] 2:44:09  625,412/1,000,000  63.5/s  upd=14103  L=0.0268  D=1.261
[refil_matched] 2:44:19  627,565/1,000,000  63.7/s  upd=14157  L=0.0254  D=1.261
[refil_matched] 2:44:29  629,931/1,000,000  63.8/s  upd=14209  L=0.0329  D=1.261
[refil_matched] 2:44:39  631,797/1,000,000  64.0/s  upd=14263  L=0.0397  D=1.261
[refil_matched] report refresh skipped: PermissionError
[refil_matched] 2:44:49  633,952/1,000,000  64.1/s  upd=14315  L=0.0245  D=1.261
[refil_matched] 2:44:59  635,914/1,000,000  64.2/s  upd=14368  L=0.0209  D=1.261
[refil_matched] 2:45:09  638,093/1,000,000  64.4/s  upd=14420  L=0.0280  D=1.261
[refil_matched] 2:45:19  640,270/1,000,000  64.5/s  upd=14473  L=0.0297  D=1.261
[refil_matched] saved resume t_env=640,270
[refil_matched] 2:45:41  640,270/1,000,000  64.4/s  upd=14480  L=0.0222  ev=0/100  D=1.261
[refil_matched] report refresh skipped: PermissionError
[refil_matched] 2:45:52  641,513/1,000,000  64.5/s  upd=14508  L=0.0259  D=1.325
[refil_matched] 2:46:02  643,490/1,000,000  64.6/s  upd=14560  L=0.0288  D=1.325
[refil_matched] 2:46:12  645,793/1,000,000  64.8/s  upd=14613  L=0.0248  D=1.325
[refil_matched] 2:46:22  647,878/1,000,000  64.9/s  upd=14665  L=0.0335  D=1.325
[refil_matched] 2:46:32  649,650/1,000,000  65.0/s  upd=14720  L=0.0178  D=1.325
[refil_matched] 2:46:42  651,895/1,000,000  65.2/s  upd=14774  L=0.0264  D=1.325
[refil_matched] 2:46:52  653,944/1,000,000  65.3/s  upd=14829  L=0.0307  D=1.325
[refil_matched] 2:47:02  656,044/1,000,000  65.5/s  upd=14880  L=0.0202  D=1.325
[refil_matched] 2:47:12  658,200/1,000,000  65.6/s  upd=14933  L=0.0282  D=1.325
[refil_matched] saved resume t_env=660,000
[refil_matched] 2:47:42  660,000/1,000,000  65.6/s  upd=14984  L=0.0205  ev=0/100  D=1.325
[refil_matched] report refresh skipped: PermissionError
[refil_matched] 2:47:52  661,196/1,000,000  65.6/s  upd=15009  L=0.0200  D=1.492
[refil_matched] 2:48:03  663,068/1,000,000  65.8/s  upd=15063  L=0.0226  D=1.492
[refil_matched] 2:48:13  665,336/1,000,000  65.9/s  upd=15113  L=0.0261  D=1.492
[refil_matched] 2:48:23  667,262/1,000,000  66.0/s  upd=15167  L=0.0213  D=1.492
[refil_matched] 2:48:33  669,507/1,000,000  66.2/s  upd=15218  L=0.0327  D=1.492
[refil_matched] 2:48:43  671,026/1,000,000  66.3/s  upd=15260  L=0.0163  D=1.492
[refil_matched] 2:48:53  673,040/1,000,000  66.4/s  upd=15313  L=0.0219  D=1.492
[refil_matched] 2:49:03  674,573/1,000,000  66.5/s  upd=15351  L=0.0268  D=1.492
[refil_matched] 2:49:13  675,159/1,000,000  66.5/s  upd=15368  L=0.0271  D=1.492
[refil_matched] 2:49:23  676,083/1,000,000  66.5/s  upd=15387  L=0.0231  D=1.492
[refil_matched] 2:49:33  676,709/1,000,000  66.5/s  upd=15405  L=0.0335  D=1.492
[refil_matched] report refresh skipped: PermissionError
[refil_matched] 2:49:43  677,300/1,000,000  66.5/s  upd=15424  L=0.0194  D=1.492
[refil_matched] 2:49:54  677,965/1,000,000  66.5/s  upd=15440  L=0.0199  D=1.492
[refil_matched] 2:50:04  678,896/1,000,000  66.5/s  upd=15458  L=0.0237  D=1.492
[refil_matched] 2:50:14  679,522/1,000,000  66.5/s  upd=15479  L=0.0259  D=1.492
[refil_matched] saved resume t_env=680,114
[refil_matched] 2:50:44  680,114/1,000,000  66.4/s  upd=15496  L=0.0182  ev=0/100  D=1.492
[refil_matched] 2:50:54  680,114/1,000,000  66.3/s  upd=15496  L=0.0182  ev=26/100  D=1.492
[refil_matched] 2:51:04  680,114/1,000,000  66.3/s  upd=15496  L=0.0182  ev=50/100  D=1.492
[refil_matched] 2:51:14  680,114/1,000,000  66.2/s  upd=15496  L=0.0182  ev=78/100  D=1.492
[refil_matched] 2:51:24  680,114/1,000,000  66.1/s  upd=15496  L=0.0182  ev=95/100  D=1.492
[refil_matched] report refresh skipped: PermissionError
[refil_matched] 2:51:34  680,463/1,000,000  66.1/s  upd=15504  L=0.0362  D=1.193
[refil_matched] 2:51:44  681,103/1,000,000  66.1/s  upd=15520  L=0.0175  D=1.193
[refil_matched] 2:51:54  682,029/1,000,000  66.1/s  upd=15543  L=0.0232  D=1.193
[refil_matched] 2:52:04  682,637/1,000,000  66.1/s  upd=15560  L=0.0346  D=1.193
[refil_matched] 2:52:14  683,284/1,000,000  66.1/s  upd=15576  L=0.0240  D=1.193
[refil_matched] 2:52:25  684,223/1,000,000  66.1/s  upd=15596  L=0.0202  D=1.193
[refil_matched] 2:52:35  684,781/1,000,000  66.1/s  upd=15616  L=0.0261  D=1.193
[refil_matched] 2:52:45  685,477/1,000,000  66.1/s  upd=15632  L=0.0334  D=1.193
[refil_matched] 2:52:55  686,075/1,000,000  66.1/s  upd=15648  L=0.0247  D=1.193
[refil_matched] 2:53:05  686,632/1,000,000  66.1/s  upd=15664  L=0.0263  D=1.193
[refil_matched] 2:53:15  687,656/1,000,000  66.1/s  upd=15684  L=0.0212  D=1.193
[refil_matched] 2:53:25  688,256/1,000,000  66.1/s  upd=15704  L=0.0281  D=1.193
[refil_matched] 2:53:35  688,910/1,000,000  66.1/s  upd=15720  L=0.0175  D=1.193
[refil_matched] 2:53:45  689,532/1,000,000  66.1/s  upd=15736  L=0.0263  D=1.193
[refil_matched] 2:53:55  690,463/1,000,000  66.2/s  upd=15759  L=0.0200  D=1.193
[refil_matched] 2:54:05  691,032/1,000,000  66.2/s  upd=15776  L=0.0308  D=1.193
[refil_matched] 2:54:15  691,702/1,000,000  66.2/s  upd=15792  L=0.0196  D=1.193
[refil_matched] 2:54:25  692,640/1,000,000  66.2/s  upd=15809  L=0.0303  D=1.193
[refil_matched] 2:54:36  693,286/1,000,000  66.2/s  upd=15832  L=0.0215  D=1.193
[refil_matched] report refresh skipped: PermissionError
[refil_matched] 2:54:46  693,886/1,000,000  66.2/s  upd=15848  L=0.0227  D=1.193
[refil_matched] 2:54:56  694,880/1,000,000  66.2/s  upd=15867  L=0.0241  D=1.193
[refil_matched] 2:55:06  695,459/1,000,000  66.2/s  upd=15887  L=0.0192  D=1.193
[refil_matched] 2:55:16  696,124/1,000,000  66.2/s  upd=15904  L=0.0358  D=1.193
[refil_matched] 2:55:26  696,790/1,000,000  66.2/s  upd=15920  L=0.0231  D=1.193
[refil_matched] 2:55:36  697,691/1,000,000  66.2/s  upd=15944  L=0.0256  D=1.193
[refil_matched] 2:55:46  698,250/1,000,000  66.2/s  upd=15960  L=0.0298  D=1.193
[refil_matched] 2:55:56  699,145/1,000,000  66.2/s  upd=15981  L=0.0300  D=1.193
[refil_matched] 2:56:06  699,759/1,000,000  66.2/s  upd=16000  L=0.0318  D=1.193
[refil_matched] saved resume t_env=700,105
[refil_matched] 2:56:31  700,105/1,000,000  66.1/s  upd=16008  L=0.0185  ev=0/100  D=1.193
[refil_matched] 2:56:41  700,105/1,000,000  66.0/s  upd=16008  L=0.0185  ev=24/100  D=1.193
[refil_matched] 2:56:51  700,105/1,000,000  66.0/s  upd=16008  L=0.0185  ev=48/100  D=1.193
[refil_matched] 2:57:01  700,105/1,000,000  65.9/s  upd=16008  L=0.0185  ev=71/100  D=1.193
[refil_matched] 2:57:12  700,105/1,000,000  65.8/s  upd=16008  L=0.0185  ev=87/100  D=1.193
[refil_matched] report refresh skipped: PermissionError
[refil_matched] 2:57:22  700,415/1,000,000  65.8/s  upd=16010  L=0.0364  D=1.389
[refil_matched] 2:57:32  701,145/1,000,000  65.8/s  upd=16027  L=0.0353  D=1.389
[refil_matched] 2:57:42  701,673/1,000,000  65.8/s  upd=16048  L=0.0270  D=1.389
[refil_matched] 2:57:52  702,272/1,000,000  65.8/s  upd=16064  L=0.0203  D=1.389
[refil_matched] 2:58:02  703,193/1,000,000  65.8/s  upd=16081  L=0.0433  D=1.389
[refil_matched] 2:58:12  703,911/1,000,000  65.8/s  upd=16102  L=0.0206  D=1.389
[refil_matched] 2:58:22  704,517/1,000,000  65.8/s  upd=16120  L=0.0279  D=1.389
[refil_matched] 2:58:32  705,211/1,000,000  65.8/s  upd=16136  L=0.0180  D=1.389
[refil_matched] 2:58:42  705,878/1,000,000  65.8/s  upd=16152  L=0.0209  D=1.389
[refil_matched] 2:58:52  706,901/1,000,000  65.9/s  upd=16176  L=0.0210  D=1.389
[refil_matched] 2:59:02  707,575/1,000,000  65.9/s  upd=16192  L=0.0251  D=1.389
[refil_matched] 2:59:12  708,422/1,000,000  65.9/s  upd=16216  L=0.0292  D=1.389
[refil_matched] 2:59:22  709,001/1,000,000  65.9/s  upd=16232  L=0.0260  D=1.389
[refil_matched] 2:59:32  709,570/1,000,000  65.9/s  upd=16248  L=0.0231  D=1.389
[refil_matched] 2:59:42  710,480/1,000,000  65.9/s  upd=16271  L=0.0356  D=1.389
[refil_matched] report refresh skipped: PermissionError
[refil_matched] 2:59:52  711,082/1,000,000  65.9/s  upd=16288  L=0.0292  D=1.389
[refil_matched] 3:00:02  711,775/1,000,000  65.9/s  upd=16304  L=0.0358  D=1.389
[refil_matched] 3:00:13  712,407/1,000,000  65.9/s  upd=16320  L=0.0288  D=1.389
[refil_matched] 3:00:23  713,325/1,000,000  65.9/s  upd=16341  L=0.0230  D=1.389
[refil_matched] 3:00:33  713,974/1,000,000  65.9/s  upd=16360  L=0.0377  D=1.389
[refil_matched] 3:00:43  714,581/1,000,000  65.9/s  upd=16376  L=0.0328  D=1.389
[refil_matched] 3:00:53  715,451/1,000,000  65.9/s  upd=16400  L=0.0220  D=1.389
[refil_matched] 3:01:03  716,073/1,000,000  65.9/s  upd=16416  L=0.0243  D=1.389
[refil_matched] 3:01:13  716,655/1,000,000  65.9/s  upd=16432  L=0.0262  D=1.389
[refil_matched] 3:01:23  717,644/1,000,000  65.9/s  upd=16456  L=0.0391  D=1.389
[refil_matched] 3:01:33  718,302/1,000,000  65.9/s  upd=16472  L=0.0240  D=1.389
[refil_matched] 3:01:43  718,883/1,000,000  65.9/s  upd=16488  L=0.0428  D=1.389
[refil_matched] 3:01:53  719,860/1,000,000  66.0/s  upd=16508  L=0.0196  D=1.389
[refil_matched] saved resume t_env=720,181
[refil_matched] 3:02:20  720,181/1,000,000  65.8/s  upd=16520  L=0.0351  ev=0/100  D=1.389
[refil_matched] 3:02:30  720,181/1,000,000  65.8/s  upd=16520  L=0.0351  ev=28/100  D=1.389
[refil_matched] 3:02:40  720,181/1,000,000  65.7/s  upd=16520  L=0.0351  ev=56/100  D=1.389
[refil_matched] 3:02:50  720,181/1,000,000  65.6/s  upd=16520  L=0.0351  ev=80/100  D=1.389
[refil_matched] 3:03:00  720,181/1,000,000  65.6/s  upd=16520  L=0.0351  ev=99/100  D=1.389
[refil_matched] report refresh skipped: PermissionError
[refil_matched] 3:03:10  720,777/1,000,000  65.6/s  upd=16536  L=0.0217  D=1.201
[refil_matched] 3:03:20  721,733/1,000,000  65.6/s  upd=16556  L=0.0260  D=1.201
[refil_matched] 3:03:30  722,324/1,000,000  65.6/s  upd=16576  L=0.0223  D=1.201
[refil_matched] 3:03:40  722,963/1,000,000  65.6/s  upd=16592  L=0.0185  D=1.201
[refil_matched] 3:03:50  723,543/1,000,000  65.6/s  upd=16608  L=0.0316  D=1.201
[refil_matched] 3:04:01  724,400/1,000,000  65.6/s  upd=16627  L=0.0271  D=1.201
[refil_matched] 3:04:11  725,034/1,000,000  65.6/s  upd=16647  L=0.0188  D=1.201
[refil_matched] 3:04:21  725,602/1,000,000  65.6/s  upd=16664  L=0.0248  D=1.201
[refil_matched] 3:04:31  726,438/1,000,000  65.6/s  upd=16688  L=0.0304  D=1.201
[refil_matched] 3:04:41  727,126/1,000,000  65.6/s  upd=16704  L=0.0289  D=1.201
[refil_matched] report refresh skipped: PermissionError
[refil_matched] 3:04:51  728,027/1,000,000  65.6/s  upd=16721  L=0.0213  D=1.201
[refil_matched] 3:05:01  728,628/1,000,000  65.6/s  upd=16744  L=0.0343  D=1.201
[refil_matched] 3:05:11  729,481/1,000,000  65.7/s  upd=16762  L=0.0219  D=1.201
[refil_matched] 3:05:21  730,084/1,000,000  65.6/s  upd=16784  L=0.0241  D=1.201
[refil_matched] 3:05:31  730,722/1,000,000  65.6/s  upd=16800  L=0.0228  D=1.201
[refil_matched] 3:05:41  731,764/1,000,000  65.7/s  upd=16824  L=0.0302  D=1.201
[refil_matched] 3:05:51  733,888/1,000,000  65.8/s  upd=16878  L=0.0254  D=1.201
[refil_matched] 3:06:01  736,089/1,000,000  65.9/s  upd=16932  L=0.0208  D=1.201
[refil_matched] 3:06:11  738,176/1,000,000  66.1/s  upd=16986  L=0.0236  D=1.201
[refil_matched] saved resume t_env=740,087
[refil_matched] 3:06:42  740,087/1,000,000  66.1/s  upd=17040  L=0.0237  ev=0/100  D=1.201
[refil_matched] report refresh skipped: PermissionError
[refil_matched] 3:06:52  741,283/1,000,000  66.1/s  upd=17070  L=0.0259  D=0.955
[refil_matched] 3:07:02  743,364/1,000,000  66.2/s  upd=17122  L=0.0231  D=0.955
[refil_matched] 3:07:12  745,242/1,000,000  66.3/s  upd=17176  L=0.0332  D=0.955
[refil_matched] 3:07:22  747,235/1,000,000  66.5/s  upd=17232  L=0.0273  D=0.955
[refil_matched] 3:07:32  749,378/1,000,000  66.6/s  upd=17286  L=0.0249  D=0.955
[refil_matched] 3:07:42  751,502/1,000,000  66.7/s  upd=17341  L=0.0194  D=0.955
[refil_matched] 3:07:53  753,563/1,000,000  66.8/s  upd=17397  L=0.0191  D=0.955
[refil_matched] 3:08:03  755,574/1,000,000  67.0/s  upd=17452  L=0.0186  D=0.955
[refil_matched] 3:08:13  757,789/1,000,000  67.1/s  upd=17505  L=0.0304  D=0.955
[refil_matched] 3:08:23  759,638/1,000,000  67.2/s  upd=17560  L=0.0200  D=0.955
[refil_matched] saved resume t_env=760,181
[refil_matched] 3:08:46  760,181/1,000,000  67.1/s  upd=17576  L=0.0209  ev=0/100  D=0.955
[refil_matched] report refresh skipped: PermissionError
[refil_matched] 3:08:56  761,363/1,000,000  67.2/s  upd=17603  L=0.0240  D=1.228
[refil_matched] 3:09:06  763,084/1,000,000  67.3/s  upd=17656  L=0.0306  D=1.228
[refil_matched] 3:09:16  765,141/1,000,000  67.4/s  upd=17712  L=0.0206  D=1.228
[refil_matched] 3:09:26  767,147/1,000,000  67.5/s  upd=17768  L=0.0192  D=1.228
[refil_matched] 3:09:37  769,203/1,000,000  67.6/s  upd=17823  L=0.0204  D=1.228
[refil_matched] 3:09:47  771,296/1,000,000  67.7/s  upd=17879  L=0.0282  D=1.228
[refil_matched] report refresh skipped: PermissionError
[refil_matched] 3:09:57  773,420/1,000,000  67.9/s  upd=17934  L=0.0205  D=1.228
[refil_matched] 3:10:07  775,636/1,000,000  68.0/s  upd=17988  L=0.0239  D=1.228
[refil_matched] 3:10:17  777,738/1,000,000  68.1/s  upd=18043  L=0.0361  D=1.228
[refil_matched] 3:10:27  779,848/1,000,000  68.2/s  upd=18099  L=0.0182  D=1.228
[refil_matched] saved resume t_env=780,140
[refil_matched] 3:10:50  780,140/1,000,000  68.1/s  upd=18112  L=0.0231  ev=0/100  D=1.228
[refil_matched] report refresh skipped: PermissionError
[refil_matched] 3:11:00  781,321/1,000,000  68.2/s  upd=18140  L=0.0217  D=0.891
[refil_matched] 3:11:10  783,490/1,000,000  68.3/s  upd=18196  L=0.0345  D=0.891
[refil_matched] 3:11:21  785,596/1,000,000  68.4/s  upd=18252  L=0.0290  D=0.891
[refil_matched] 3:11:31  787,826/1,000,000  68.6/s  upd=18306  L=0.0231  D=0.891
[refil_matched] 3:11:41  789,741/1,000,000  68.7/s  upd=18360  L=0.0192  D=0.891
[refil_matched] 3:11:51  791,977/1,000,000  68.8/s  upd=18414  L=0.0207  D=0.891
[refil_matched] 3:12:01  794,163/1,000,000  68.9/s  upd=18466  L=0.0280  D=0.891
[refil_matched] 3:12:11  795,845/1,000,000  69.0/s  upd=18520  L=0.0322  D=0.891
[refil_matched] 3:12:21  797,968/1,000,000  69.1/s  upd=18575  L=0.0322  D=0.891
[refil_matched] 3:12:31  800,190/1,000,000  69.3/s  upd=18629  L=0.0209  D=0.891
[refil_matched] saved resume t_env=800,190
[refil_matched] 3:12:52  800,190/1,000,000  69.1/s  upd=18632  L=0.0183  ev=0/100  D=0.891
[refil_matched] report refresh skipped: PermissionError
[refil_matched] 3:13:02  801,288/1,000,000  69.2/s  upd=18664  L=0.0225  D=0.869
[refil_matched] 3:13:12  803,533/1,000,000  69.3/s  upd=18718  L=0.0210  D=0.869
[refil_matched] 3:13:22  805,641/1,000,000  69.4/s  upd=18772  L=0.0176  D=0.869
[refil_matched] 3:13:32  807,779/1,000,000  69.6/s  upd=18826  L=0.0267  D=0.869
[refil_matched] 3:13:43  809,872/1,000,000  69.7/s  upd=18881  L=0.0194  D=0.869
[refil_matched] 3:13:53  811,749/1,000,000  69.8/s  upd=18936  L=0.0156  D=0.869
[refil_matched] 3:14:03  814,000/1,000,000  69.9/s  upd=18989  L=0.0209  D=0.869
[refil_matched] 3:14:13  816,219/1,000,000  70.0/s  upd=19041  L=0.0178  D=0.869
[refil_matched] 3:14:23  818,053/1,000,000  70.1/s  upd=19096  L=0.0243  D=0.869
[refil_matched] 3:14:33  820,148/1,000,000  70.3/s  upd=19149  L=0.0184  D=0.869
[refil_matched] saved resume t_env=820,148
[refil_matched] 3:14:54  820,148/1,000,000  70.1/s  upd=19152  L=0.0205  ev=0/100  D=0.869
[refil_matched] report refresh skipped: PermissionError
[refil_matched] report refresh skipped: PermissionError
[refil_matched] 3:15:04  821,423/1,000,000  70.2/s  upd=19181  L=0.0382  D=1.103
[refil_matched] 3:15:14  823,514/1,000,000  70.3/s  upd=19235  L=0.0235  D=1.103
[refil_matched] 3:15:24  825,634/1,000,000  70.4/s  upd=19289  L=0.0204  D=1.103
[refil_matched] 3:15:34  827,697/1,000,000  70.5/s  upd=19345  L=0.0433  D=1.103
[refil_matched] 3:15:44  829,702/1,000,000  70.6/s  upd=19400  L=0.0213  D=1.103
[refil_matched] 3:15:54  831,873/1,000,000  70.8/s  upd=19454  L=0.0272  D=1.103
[refil_matched] 3:16:04  833,971/1,000,000  70.9/s  upd=19509  L=0.0281  D=1.103
[refil_matched] 3:16:14  835,991/1,000,000  71.0/s  upd=19564  L=0.0219  D=1.103
[refil_matched] 3:16:25  838,141/1,000,000  71.1/s  upd=19619  L=0.0294  D=1.103
[refil_matched] saved resume t_env=840,106
[refil_matched] 3:16:55  840,106/1,000,000  71.1/s  upd=19672  L=0.0216  ev=0/100  D=1.103
[refil_matched] report refresh skipped: PermissionError
[refil_matched] 3:17:05  841,246/1,000,000  71.1/s  upd=19703  L=0.0171  D=0.878
[refil_matched] 3:17:15  843,395/1,000,000  71.3/s  upd=19757  L=0.0226  D=0.878
[refil_matched] 3:17:25  845,515/1,000,000  71.4/s  upd=19812  L=0.0198  D=0.878
[refil_matched] 3:17:36  847,560/1,000,000  71.5/s  upd=19869  L=0.0235  D=0.878
[refil_matched] 3:17:46  849,730/1,000,000  71.6/s  upd=19924  L=0.0154  D=0.878
[refil_matched] 3:17:56  851,639/1,000,000  71.7/s  upd=19980  L=0.0210  D=0.878
[refil_matched] 3:18:06  853,760/1,000,000  71.8/s  upd=20036  L=0.0345  D=0.878
[refil_matched] 3:18:16  855,968/1,000,000  72.0/s  upd=20091  L=0.0197  D=0.878
[refil_matched] 3:18:26  858,169/1,000,000  72.1/s  upd=20146  L=0.0217  D=0.878
[refil_matched] 3:18:36  860,194/1,000,000  72.2/s  upd=20201  L=0.0143  D=0.878
[refil_matched] saved resume t_env=860,194
[refil_matched] 3:18:58  860,194/1,000,000  72.1/s  upd=20208  L=0.0183  ev=0/100  D=0.878
[refil_matched] report refresh skipped: PermissionError
[refil_matched] 3:19:08  861,384/1,000,000  72.1/s  upd=20237  L=0.0283  D=1.060
[refil_matched] 3:19:18  863,337/1,000,000  72.2/s  upd=20294  L=0.0326  D=1.060
[refil_matched] 3:19:28  865,460/1,000,000  72.3/s  upd=20349  L=0.0335  D=1.060
[refil_matched] 3:19:38  867,505/1,000,000  72.4/s  upd=20406  L=0.0269  D=1.060
[refil_matched] 3:19:48  869,623/1,000,000  72.5/s  upd=20460  L=0.0178  D=1.060
[refil_matched] 3:19:58  871,651/1,000,000  72.6/s  upd=20516  L=0.0277  D=1.060
[refil_matched] report refresh skipped: PermissionError
[refil_matched] 3:20:08  873,680/1,000,000  72.8/s  upd=20572  L=0.0207  D=1.060
[refil_matched] 3:20:18  875,691/1,000,000  72.9/s  upd=20628  L=0.0269  D=1.060
[refil_matched] 3:20:28  877,818/1,000,000  73.0/s  upd=20683  L=0.0323  D=1.060
[refil_matched] 3:20:38  879,920/1,000,000  73.1/s  upd=20737  L=0.0240  D=1.060
[refil_matched] saved resume t_env=880,197
[refil_matched] 3:21:01  880,197/1,000,000  73.0/s  upd=20752  L=0.0264  ev=0/100  D=1.060
[refil_matched] report refresh skipped: PermissionError
[refil_matched] 3:21:11  881,387/1,000,000  73.0/s  upd=20784  L=0.0326  D=1.018
[refil_matched] 3:21:21  883,426/1,000,000  73.1/s  upd=20840  L=0.0299  D=1.018
[refil_matched] 3:21:31  885,481/1,000,000  73.2/s  upd=20896  L=0.0251  D=1.018
[refil_matched] 3:21:42  887,647/1,000,000  73.3/s  upd=20950  L=0.0197  D=1.018
[refil_matched] 3:21:52  889,753/1,000,000  73.5/s  upd=21004  L=0.0171  D=1.018
[refil_matched] 3:22:02  891,746/1,000,000  73.6/s  upd=21060  L=0.0335  D=1.018
[refil_matched] 3:22:12  893,815/1,000,000  73.7/s  upd=21115  L=0.0180  D=1.018
[refil_matched] 3:22:22  895,845/1,000,000  73.8/s  upd=21171  L=0.0215  D=1.018
[refil_matched] 3:22:32  897,850/1,000,000  73.9/s  upd=21228  L=0.0269  D=1.018
[refil_matched] 3:22:42  900,074/1,000,000  74.0/s  upd=21283  L=0.0203  D=1.018
[refil_matched] saved resume t_env=900,074
[refil_matched] 3:23:04  900,074/1,000,000  73.9/s  upd=21288  L=0.0145  ev=0/100  D=1.018
[refil_matched] report refresh skipped: PermissionError
[refil_matched] 3:23:14  901,230/1,000,000  73.9/s  upd=21316  L=0.0227  D=1.010
[refil_matched] 3:23:24  903,270/1,000,000  74.0/s  upd=21373  L=0.0245  D=1.010
[refil_matched] 3:23:34  905,450/1,000,000  74.1/s  upd=21429  L=0.0329  D=1.010
[refil_matched] 3:23:44  907,517/1,000,000  74.2/s  upd=21483  L=0.0244  D=1.010
[refil_matched] 3:23:55  909,633/1,000,000  74.3/s  upd=21538  L=0.0167  D=1.010
[refil_matched] 3:24:05  911,594/1,000,000  74.4/s  upd=21594  L=0.0274  D=1.010
[refil_matched] 3:24:15  913,377/1,000,000  74.5/s  upd=21648  L=0.0214  D=1.010
[refil_matched] 3:24:25  915,425/1,000,000  74.6/s  upd=21704  L=0.0257  D=1.010
[refil_matched] 3:24:35  917,554/1,000,000  74.7/s  upd=21758  L=0.0250  D=1.010
[refil_matched] 3:24:45  919,662/1,000,000  74.9/s  upd=21814  L=0.0189  D=1.010
[refil_matched] saved resume t_env=920,208
[refil_matched] 3:25:09  920,208/1,000,000  74.8/s  upd=21832  L=0.0226  ev=0/100  D=1.010
[refil_matched] report refresh skipped: PermissionError
[refil_matched] report refresh skipped: PermissionError
[refil_matched] 3:25:19  921,349/1,000,000  74.8/s  upd=21861  L=0.0236  D=1.176
[refil_matched] 3:25:29  923,539/1,000,000  74.9/s  upd=21916  L=0.0250  D=1.176
[refil_matched] 3:25:39  925,582/1,000,000  75.0/s  upd=21972  L=0.0279  D=1.176
[refil_matched] 3:25:49  927,756/1,000,000  75.1/s  upd=22026  L=0.0449  D=1.176
[refil_matched] 3:25:59  929,767/1,000,000  75.2/s  upd=22082  L=0.0238  D=1.176
[refil_matched] 3:26:09  931,824/1,000,000  75.3/s  upd=22137  L=0.0363  D=1.176
[refil_matched] 3:26:19  933,468/1,000,000  75.4/s  upd=22192  L=0.0282  D=1.176
[refil_matched] 3:26:29  935,640/1,000,000  75.5/s  upd=22248  L=0.0304  D=1.176
[refil_matched] 3:26:39  937,666/1,000,000  75.6/s  upd=22304  L=0.0279  D=1.176
[refil_matched] 3:26:49  939,656/1,000,000  75.7/s  upd=22360  L=0.0250  D=1.176
[refil_matched] saved resume t_env=940,214
[refil_matched] 3:27:13  940,214/1,000,000  75.6/s  upd=22376  L=0.0292  ev=0/100  D=1.176
[refil_matched] report refresh skipped: PermissionError
[refil_matched] 3:27:23  941,378/1,000,000  75.7/s  upd=22408  L=0.0344  D=0.952
[refil_matched] 3:27:33  943,340/1,000,000  75.7/s  upd=22464  L=0.0260  D=0.952
[refil_matched] 3:27:43  945,447/1,000,000  75.9/s  upd=22520  L=0.0313  D=0.952
[refil_matched] 3:27:53  947,559/1,000,000  76.0/s  upd=22576  L=0.0291  D=0.952
[refil_matched] 3:28:03  949,808/1,000,000  76.1/s  upd=22630  L=0.0240  D=0.952
[refil_matched] 3:28:13  951,988/1,000,000  76.2/s  upd=22685  L=0.0413  D=0.952
[refil_matched] 3:28:24  953,913/1,000,000  76.3/s  upd=22743  L=0.0318  D=0.952
[refil_matched] 3:28:34  955,926/1,000,000  76.4/s  upd=22798  L=0.0227  D=0.952
[refil_matched] 3:28:44  957,974/1,000,000  76.5/s  upd=22855  L=0.0228  D=0.952
[refil_matched] 3:28:54  960,093/1,000,000  76.6/s  upd=22910  L=0.0239  D=0.952
[refil_matched] saved resume t_env=960,093
[refil_matched] 3:29:15  960,093/1,000,000  76.5/s  upd=22912  L=0.0174  ev=0/100  D=0.952
[refil_matched] report refresh skipped: PermissionError
[refil_matched] 3:29:25  961,522/1,000,000  76.5/s  upd=22945  L=0.0320  D=0.763
[refil_matched] 3:29:35  963,584/1,000,000  76.6/s  upd=23001  L=0.0294  D=0.763
[refil_matched] 3:29:45  965,725/1,000,000  76.7/s  upd=23057  L=0.0238  D=0.763
[refil_matched] 3:29:55  967,586/1,000,000  76.8/s  upd=23112  L=0.0256  D=0.763
[refil_matched] 3:30:05  969,695/1,000,000  76.9/s  upd=23168  L=0.0350  D=0.763
[refil_matched] report refresh skipped: PermissionError
[refil_matched] 3:30:15  971,770/1,000,000  77.0/s  upd=23224  L=0.0284  D=0.763
[refil_matched] 3:30:25  973,892/1,000,000  77.1/s  upd=23280  L=0.0252  D=0.763
[refil_matched] 3:30:35  975,969/1,000,000  77.2/s  upd=23335  L=0.0229  D=0.763
[refil_matched] 3:30:45  978,009/1,000,000  77.3/s  upd=23391  L=0.0275  D=0.763
[refil_matched] 3:30:56  980,052/1,000,000  77.4/s  upd=23448  L=0.0209  D=0.763
[refil_matched] saved resume t_env=980,052
[refil_matched] 3:31:16  980,052/1,000,000  77.3/s  upd=23448  L=0.0209  ev=0/100  D=0.763
[refil_matched] report refresh skipped: PermissionError
[refil_matched] 3:31:26  981,288/1,000,000  77.3/s  upd=23480  L=0.0356  D=0.707
[refil_matched] 3:31:36  983,269/1,000,000  77.4/s  upd=23536  L=0.0260  D=0.707
[refil_matched] 3:31:46  985,320/1,000,000  77.5/s  upd=23592  L=0.0280  D=0.707
[refil_matched] 3:31:56  987,482/1,000,000  77.7/s  upd=23648  L=0.0214  D=0.707
[refil_matched] 3:32:06  989,617/1,000,000  77.8/s  upd=23704  L=0.0360  D=0.707
[refil_matched] 3:32:16  991,702/1,000,000  77.9/s  upd=23760  L=0.0251  D=0.707
[refil_matched] 3:32:26  993,739/1,000,000  78.0/s  upd=23816  L=0.0273  D=0.707
[refil_matched] 3:32:37  995,768/1,000,000  78.1/s  upd=23872  L=0.0265  D=0.707
[refil_matched] 3:32:47  997,916/1,000,000  78.2/s  upd=23928  L=0.0227  D=0.707
[refil_matched] 3:32:57  999,871/1,000,000  78.3/s  upd=23984  L=0.0300  D=0.707
[refil_matched] saved resume t_env=1,000,000
[refil_matched] 3:33:19  1,000,000/1,000,000  78.1/s  upd=23992  L=0.0222  ev=0/100  D=0.707
[refil_matched] report refresh skipped: PermissionError
[refil_matched] saved resume t_env=1,000,000
[refil_matched] report refresh skipped: PermissionError
