[regir_r1] no resume checkpoint; start this arm from step 0
[regir_r1] 0:00:10  1,208/1,000,000  119.2/s  upd=0  L=-  D=-
[regir_r1] 0:00:20  1,601/1,000,000  78.6/s  upd=5  L=0.0468  D=-
[regir_r1] 0:00:30  1,601/1,000,000  52.7/s  upd=8  L=0.0466  D=-
[regir_r1] 0:00:40  1,996/1,000,000  49.1/s  upd=14  L=0.0438  D=-
[regir_r1] 0:00:50  1,996/1,000,000  39.3/s  upd=16  L=0.0431  D=-
[regir_r1] 0:01:00  2,459/1,000,000  40.4/s  upd=17  L=0.0419  D=-
[regir_r1] 0:01:12  2,459/1,000,000  34.1/s  upd=24  L=0.0365  D=-
[regir_r1] 0:01:22  2,820/1,000,000  34.3/s  upd=28  L=0.0425  D=-
[regir_r1] 0:01:32  2,820/1,000,000  30.5/s  upd=32  L=0.0409  D=-
[regir_r1] 0:01:44  3,151/1,000,000  30.1/s  upd=38  L=0.0344  D=-
[regir_r1] 0:01:54  3,151/1,000,000  27.4/s  upd=40  L=0.0333  D=-
[regir_r1] 0:02:06  3,519/1,000,000  27.8/s  upd=45  L=0.0294  D=-
[regir_r1] 0:02:16  3,519/1,000,000  25.8/s  upd=48  L=0.0422  D=-
[regir_r1] 0:02:27  3,867/1,000,000  26.3/s  upd=54  L=0.0373  D=-
[regir_r1] 0:02:37  3,867/1,000,000  24.6/s  upd=56  L=0.0379  D=-
[regir_r1] 0:02:47  4,265/1,000,000  25.5/s  upd=58  L=0.0330  D=-
[regir_r1] 0:02:58  4,659/1,000,000  26.1/s  upd=65  L=0.0462  D=-
[regir_r1] 0:03:08  4,659/1,000,000  24.7/s  upd=72  L=0.0437  D=-
[regir_r1] 0:03:18  4,998/1,000,000  25.1/s  upd=77  L=0.0601  D=-
[regir_r1] 0:03:29  4,998/1,000,000  23.9/s  upd=80  L=0.0420  D=-
[regir_r1] 0:03:39  5,352/1,000,000  24.4/s  upd=85  L=0.0436  D=-
[regir_r1] 0:03:49  5,352/1,000,000  23.3/s  upd=88  L=0.0371  D=-
[regir_r1] 0:04:00  5,674/1,000,000  23.6/s  upd=91  L=0.0461  D=-
[regir_r1] 0:04:10  5,674/1,000,000  22.6/s  upd=96  L=0.0400  D=-
[regir_r1] 0:04:21  6,083/1,000,000  23.3/s  upd=99  L=0.0438  D=-
[regir_r1] 0:04:31  6,083/1,000,000  22.4/s  upd=104  L=0.0431  D=-
[regir_r1] 0:04:43  6,419/1,000,000  22.6/s  upd=110  L=0.0549  D=-
[regir_r1] 0:04:53  6,419/1,000,000  21.9/s  upd=112  L=0.0410  D=-
[regir_r1] 0:05:04  6,844/1,000,000  22.5/s  upd=118  L=0.0373  D=-
[regir_r1] 0:07:15  6,844/1,000,000  15.7/s  upd=120  L=0.0309  D=-
[regir_r1] 0:07:25  7,194/1,000,000  16.2/s  upd=128  L=0.0432  D=-
[regir_r1] 0:07:36  7,962/1,000,000  17.5/s  upd=137  L=0.0530  D=-
[regir_r1] 0:07:46  8,388/1,000,000  18.0/s  upd=146  L=0.0392  D=-
[regir_r1] 0:07:57  8,789/1,000,000  18.4/s  upd=156  L=0.0459  D=-
[regir_r1] 0:08:07  9,123/1,000,000  18.7/s  upd=165  L=0.0402  D=-
[regir_r1] 0:08:17  9,465/1,000,000  19.0/s  upd=172  L=0.0544  D=-
[regir_r1] 0:08:28  9,832/1,000,000  19.3/s  upd=180  L=0.0495  D=-
[regir_r1] 0:08:38  9,832/1,000,000  19.0/s  upd=184  L=0.0431  D=-
[regir_r1] 0:08:49  10,338/1,000,000  19.5/s  upd=186  L=0.0501  D=-
[regir_r1] 0:08:59  10,338/1,000,000  19.2/s  upd=192  L=0.0421  D=-
[regir_r1] 0:09:09  10,711/1,000,000  19.5/s  upd=194  L=0.0617  D=-
[regir_r1] 0:09:20  10,711/1,000,000  19.1/s  upd=200  L=0.0617  D=-
[regir_r1] 0:09:31  11,097/1,000,000  19.4/s  upd=203  L=0.0473  D=-
[regir_r1] 0:09:42  11,458/1,000,000  19.7/s  upd=210  L=0.0391  D=-
[regir_r1] 0:09:53  11,458/1,000,000  19.3/s  upd=216  L=0.0372  D=-
[regir_r1] 0:10:03  11,801/1,000,000  19.5/s  upd=218  L=0.0375  D=-
[regir_r1] saved resume t_env=11,801
[regir_r1] 0:10:13  11,801/1,000,000  19.2/s  upd=224  L=0.0430  D=-
[regir_r1] 0:10:24  11,801/1,000,000  18.9/s  upd=224  L=0.0430  D=-
[regir_r1] 0:10:34  12,195/1,000,000  19.2/s  upd=231  L=0.0463  D=-
[regir_r1] 0:10:45  12,547/1,000,000  19.5/s  upd=234  L=0.0524  D=-
[regir_r1] 0:10:55  12,547/1,000,000  19.1/s  upd=240  L=0.0331  D=-
[regir_r1] 0:11:06  12,977/1,000,000  19.5/s  upd=241  L=0.0449  D=-
[regir_r1] 0:11:16  12,977/1,000,000  19.2/s  upd=248  L=0.0388  D=-
[regir_r1] 0:11:26  12,977/1,000,000  18.9/s  upd=248  L=0.0388  D=-
[regir_r1] 0:11:36  13,359/1,000,000  19.2/s  upd=252  L=0.0385  D=-
[regir_r1] 0:11:46  13,359/1,000,000  18.9/s  upd=256  L=0.0330  D=-
[regir_r1] 0:11:57  13,769/1,000,000  19.2/s  upd=260  L=0.0390  D=-
[regir_r1] 0:12:08  14,117/1,000,000  19.4/s  upd=266  L=0.0470  D=-
[regir_r1] 0:13:13  14,117/1,000,000  17.8/s  upd=272  L=0.0451  D=-
[regir_r1] 0:13:23  14,455/1,000,000  18.0/s  upd=279  L=0.0420  D=-
[regir_r1] 0:13:33  14,814/1,000,000  18.2/s  upd=283  L=0.0560  D=-
[regir_r1] 0:13:43  15,226/1,000,000  18.5/s  upd=290  L=0.0398  D=-
[regir_r1] 0:13:54  15,681/1,000,000  18.8/s  upd=299  L=0.0345  D=-
[regir_r1] 0:14:05  16,180/1,000,000  19.1/s  upd=306  L=0.0392  D=-
[regir_r1] 0:14:15  16,512/1,000,000  19.3/s  upd=313  L=0.0533  D=-
[regir_r1] 0:14:25  16,512/1,000,000  19.1/s  upd=320  L=0.0389  D=-
[regir_r1] 0:14:36  16,874/1,000,000  19.2/s  upd=326  L=0.0461  D=-
[regir_r1] 0:14:47  17,207/1,000,000  19.4/s  upd=332  L=0.0440  D=-
[regir_r1] 0:14:57  17,207/1,000,000  19.2/s  upd=336  L=0.0482  D=-
[regir_r1] 0:15:08  17,557/1,000,000  19.3/s  upd=344  L=0.0361  D=-
[regir_r1] 0:15:18  17,960/1,000,000  19.5/s  upd=349  L=0.0495  D=-
[regir_r1] 0:15:29  18,313/1,000,000  19.7/s  upd=353  L=0.0566  D=-
[regir_r1] 0:15:40  18,313/1,000,000  19.5/s  upd=360  L=0.0530  D=-
[regir_r1] 0:15:50  18,666/1,000,000  19.6/s  upd=362  L=0.0483  D=-
[regir_r1] 0:16:00  18,666/1,000,000  19.4/s  upd=368  L=0.0427  D=-
[regir_r1] 0:16:12  19,068/1,000,000  19.6/s  upd=372  L=0.0484  D=-
[regir_r1] 0:16:22  19,068/1,000,000  19.4/s  upd=376  L=0.0335  D=-
[regir_r1] 0:16:32  19,409/1,000,000  19.6/s  upd=381  L=0.0428  D=-
[regir_r1] 0:16:42  19,760/1,000,000  19.7/s  upd=385  L=0.0499  D=-
[regir_r1] 0:16:54  19,760/1,000,000  19.5/s  upd=392  L=0.0403  D=-
[regir_r1] 0:17:04  19,760/1,000,000  19.3/s  upd=392  L=0.0403  D=-
[regir_r1] 0:17:15  20,112/1,000,000  19.4/s  upd=397  L=0.0519  D=-
[regir_r1] saved resume t_env=20,112
[regir_r1] 0:17:32  20,112/1,000,000  19.1/s  upd=400  L=0.0446  ev=0/100  D=-
[regir_r1] 0:17:42  20,112/1,000,000  18.9/s  upd=400  L=0.0446  ev=8/100  D=-
[regir_r1] 0:17:52  20,112/1,000,000  18.7/s  upd=400  L=0.0446  ev=16/100  D=-
[regir_r1] 0:18:02  20,112/1,000,000  18.6/s  upd=400  L=0.0446  ev=24/100  D=-
[regir_r1] 0:18:13  20,112/1,000,000  18.4/s  upd=400  L=0.0446  ev=32/100  D=-
[regir_r1] 0:18:23  20,112/1,000,000  18.2/s  upd=400  L=0.0446  ev=43/100  D=-
[regir_r1] 0:18:33  20,112/1,000,000  18.1/s  upd=400  L=0.0446  ev=55/100  D=-
[regir_r1] 0:18:43  20,112/1,000,000  17.9/s  upd=400  L=0.0446  ev=56/100  D=-
[regir_r1] 0:18:53  20,112/1,000,000  17.7/s  upd=400  L=0.0446  ev=64/100  D=-
[regir_r1] 0:19:03  20,112/1,000,000  17.6/s  upd=400  L=0.0446  ev=72/100  D=-
[regir_r1] 0:19:13  20,112/1,000,000  17.4/s  upd=400  L=0.0446  ev=96/100  D=-
[regir_r1] 0:21:02  20,112/1,000,000  15.9/s  upd=400  L=0.0446  D=3.815
[regir_r1] 0:23:28  20,112/1,000,000  14.3/s  upd=400  L=0.0446  D=3.815
[regir_r1] 0:23:38  20,516/1,000,000  14.5/s  upd=408  L=0.0344  D=3.815
[regir_r1] 0:23:49  21,235/1,000,000  14.9/s  upd=417  L=0.0424  D=3.815
[regir_r1] 0:24:00  21,557/1,000,000  15.0/s  upd=427  L=0.0416  D=3.815
[regir_r1] 0:24:10  21,929/1,000,000  15.1/s  upd=435  L=0.0384  D=3.815
[regir_r1] 0:24:21  22,296/1,000,000  15.3/s  upd=447  L=0.0544  D=3.815
[regir_r1] 0:24:31  22,678/1,000,000  15.4/s  upd=456  L=0.0449  D=3.815
[regir_r1] 0:24:42  23,008/1,000,000  15.5/s  upd=464  L=0.0465  D=3.815
[regir_r1] 0:24:53  23,399/1,000,000  15.7/s  upd=469  L=0.0394  D=3.815
[regir_r1] 0:25:03  23,760/1,000,000  15.8/s  upd=473  L=0.0450  D=3.815
[regir_r1] 0:25:13  23,760/1,000,000  15.7/s  upd=480  L=0.0459  D=3.815
[regir_r1] 0:25:23  24,087/1,000,000  15.8/s  upd=488  L=0.0303  D=3.815
[regir_r1] 0:25:34  24,455/1,000,000  15.9/s  upd=491  L=0.0430  D=3.815
[regir_r1] 0:25:44  24,803/1,000,000  16.1/s  upd=498  L=0.0411  D=3.815
[regir_r1] 0:25:54  25,172/1,000,000  16.2/s  upd=506  L=0.0505  D=3.815
[regir_r1] 0:26:05  25,556/1,000,000  16.3/s  upd=516  L=0.0403  D=3.815
[regir_r1] 0:26:16  25,891/1,000,000  16.4/s  upd=526  L=0.0432  D=3.815
[regir_r1] 0:26:26  26,249/1,000,000  16.5/s  upd=535  L=0.0452  D=3.815
[regir_r1] 0:26:37  26,660/1,000,000  16.7/s  upd=543  L=0.0396  D=3.815
[regir_r1] 0:26:47  27,047/1,000,000  16.8/s  upd=551  L=0.0377  D=3.815
[regir_r1] 0:26:58  27,559/1,000,000  17.0/s  upd=560  L=0.0375  D=3.815
[regir_r1] 0:27:08  27,932/1,000,000  17.2/s  upd=568  L=0.0341  D=3.815
[regir_r1] 0:27:18  28,249/1,000,000  17.2/s  upd=576  L=0.0522  D=3.815
[regir_r1] saved resume t_env=28,596
[regir_r1] 0:27:29  28,596/1,000,000  17.3/s  upd=584  L=0.0462  D=3.815
[regir_r1] 0:27:39  28,978/1,000,000  17.5/s  upd=592  L=0.0383  D=3.815
[regir_r1] 0:27:50  29,676/1,000,000  17.8/s  upd=601  L=0.0376  D=3.815
[regir_r1] 0:28:00  29,676/1,000,000  17.7/s  upd=608  L=0.0386  D=3.815
[regir_r1] 0:28:10  30,046/1,000,000  17.8/s  upd=615  L=0.0498  D=3.815
[regir_r1] 0:28:21  30,408/1,000,000  17.9/s  upd=622  L=0.0428  D=3.815
[regir_r1] 0:28:32  30,747/1,000,000  18.0/s  upd=626  L=0.0340  D=3.815
[regir_r1] 0:29:29  30,747/1,000,000  17.4/s  upd=632  L=0.0546  D=3.815
[regir_r1] 0:29:39  31,094/1,000,000  17.5/s  upd=636  L=0.0398  D=3.815
[regir_r1] 0:29:50  31,094/1,000,000  17.4/s  upd=640  L=0.0445  D=3.815
[regir_r1] 0:30:01  31,532/1,000,000  17.5/s  upd=643  L=0.0443  D=3.815
[regir_r1] 0:30:11  31,532/1,000,000  17.4/s  upd=648  L=0.0454  D=3.815
[regir_r1] 0:30:21  31,933/1,000,000  17.5/s  upd=654  L=0.0377  D=3.815
[regir_r1] 0:30:32  32,306/1,000,000  17.6/s  upd=657  L=0.0428  D=3.815
[regir_r1] 0:30:42  32,306/1,000,000  17.5/s  upd=664  L=0.0456  D=3.815
[regir_r1] 0:30:52  32,662/1,000,000  17.6/s  upd=667  L=0.0375  D=3.815
[regir_r1] 0:31:02  32,662/1,000,000  17.5/s  upd=672  L=0.0462  D=3.815
[regir_r1] 0:31:13  33,029/1,000,000  17.6/s  upd=677  L=0.0546  D=3.815
[regir_r1] 0:31:23  33,349/1,000,000  17.7/s  upd=683  L=0.0481  D=3.815
[regir_r1] 0:31:34  33,349/1,000,000  17.6/s  upd=688  L=0.0361  D=3.815
[regir_r1] 0:31:44  33,734/1,000,000  17.7/s  upd=692  L=0.0249  D=3.815
[regir_r1] 0:31:54  33,734/1,000,000  17.6/s  upd=696  L=0.0668  D=3.815
[regir_r1] 0:32:05  34,144/1,000,000  17.7/s  upd=701  L=0.0376  D=3.815
[regir_r1] 0:32:15  34,144/1,000,000  17.6/s  upd=704  L=0.0439  D=3.815
[regir_r1] 0:32:26  34,512/1,000,000  17.7/s  upd=709  L=0.0448  D=3.815
[regir_r1] 0:32:36  34,839/1,000,000  17.8/s  upd=713  L=0.0561  D=3.815
[regir_r1] 0:32:46  34,839/1,000,000  17.7/s  upd=720  L=0.0459  D=3.815
[regir_r1] 0:32:57  35,173/1,000,000  17.8/s  upd=722  L=0.0384  D=3.815
[regir_r1] 0:33:07  35,173/1,000,000  17.7/s  upd=728  L=0.0329  D=3.815
[regir_r1] 0:33:18  35,540/1,000,000  17.8/s  upd=732  L=0.0522  D=3.815
[regir_r1] 0:33:28  35,953/1,000,000  17.9/s  upd=737  L=0.0326  D=3.815
[regir_r1] 0:33:39  35,953/1,000,000  17.8/s  upd=744  L=0.0428  D=3.815
[regir_r1] 0:33:50  36,309/1,000,000  17.9/s  upd=748  L=0.0507  D=3.815
[regir_r1] 0:34:00  36,309/1,000,000  17.8/s  upd=752  L=0.0520  D=3.815
[regir_r1] 0:34:10  36,676/1,000,000  17.9/s  upd=759  L=0.0531  D=3.815
[regir_r1] 0:34:21  36,676/1,000,000  17.8/s  upd=760  L=0.0418  D=3.815
[regir_r1] 0:34:32  37,034/1,000,000  17.9/s  upd=768  L=0.0459  D=3.815
[regir_r1] 0:35:25  37,034/1,000,000  17.4/s  upd=768  L=0.0459  D=3.815
[regir_r1] 0:35:36  37,403/1,000,000  17.5/s  upd=773  L=0.0452  D=3.815
[regir_r1] 0:35:47  37,752/1,000,000  17.6/s  upd=778  L=0.0318  D=3.815
[regir_r1] 0:35:58  37,752/1,000,000  17.5/s  upd=784  L=0.0516  D=3.815
[regir_r1] 0:36:08  38,099/1,000,000  17.6/s  upd=788  L=0.0366  D=3.815
[regir_r1] 0:36:20  38,432/1,000,000  17.6/s  upd=796  L=0.0440  D=3.815
[regir_r1] 0:36:30  38,794/1,000,000  17.7/s  upd=801  L=0.0384  D=3.815
[regir_r1] 0:36:40  38,794/1,000,000  17.6/s  upd=808  L=0.0531  D=3.815
[regir_r1] 0:36:51  39,221/1,000,000  17.7/s  upd=811  L=0.0522  D=3.815
[regir_r1] 0:37:01  39,221/1,000,000  17.7/s  upd=816  L=0.0384  D=3.815
[regir_r1] 0:37:11  39,587/1,000,000  17.7/s  upd=820  L=0.0401  D=3.815
[regir_r1] 0:37:21  39,587/1,000,000  17.7/s  upd=824  L=0.0450  D=3.815
[regir_r1] 0:37:33  39,971/1,000,000  17.7/s  upd=828  L=0.0514  D=3.815
[regir_r1] saved resume t_env=39,971
[regir_r1] 0:37:43  39,971/1,000,000  17.7/s  upd=832  L=0.0564  D=3.815
[regir_r1] 0:37:55  40,303/1,000,000  17.7/s  upd=836  L=0.0525  D=3.815
[regir_r1] saved resume t_env=40,303
[regir_r1] 0:38:14  40,303/1,000,000  17.6/s  upd=840  L=0.0504  ev=0/100  D=3.815
[regir_r1] 0:38:25  40,303/1,000,000  17.5/s  upd=840  L=0.0504  ev=14/100  D=3.815
[regir_r1] 0:38:35  40,303/1,000,000  17.4/s  upd=840  L=0.0504  ev=15/100  D=3.815
[regir_r1] 0:38:45  40,303/1,000,000  17.3/s  upd=840  L=0.0504  ev=25/100  D=3.815
[regir_r1] 0:38:55  40,303/1,000,000  17.3/s  upd=840  L=0.0504  ev=38/100  D=3.815
[regir_r1] 0:39:05  40,303/1,000,000  17.2/s  upd=840  L=0.0504  ev=46/100  D=3.815
[regir_r1] 0:39:15  40,303/1,000,000  17.1/s  upd=840  L=0.0504  ev=64/100  D=3.815
[regir_r1] 0:39:25  40,303/1,000,000  17.0/s  upd=840  L=0.0504  ev=68/100  D=3.815
[regir_r1] 0:39:35  40,303/1,000,000  17.0/s  upd=840  L=0.0504  ev=79/100  D=3.815
[regir_r1] 0:39:45  40,303/1,000,000  16.9/s  upd=840  L=0.0504  ev=80/100  D=3.815
[regir_r1] 0:39:56  40,303/1,000,000  16.8/s  upd=840  L=0.0504  ev=95/100  D=3.815
[regir_r1] 0:40:06  40,303/1,000,000  16.7/s  upd=840  L=0.0504  ev=95/100  D=3.815
[regir_r1] 0:41:18  40,303/1,000,000  16.3/s  upd=840  L=0.0504  D=4.901
[regir_r1] 0:42:08  40,303/1,000,000  15.9/s  upd=840  L=0.0504  D=4.901
[regir_r1] 0:42:19  40,659/1,000,000  16.0/s  upd=843  L=0.0418  D=4.901
[regir_r1] 0:42:30  41,094/1,000,000  16.1/s  upd=849  L=0.0559  D=4.901
[regir_r1] 0:42:40  41,094/1,000,000  16.0/s  upd=856  L=0.0389  D=4.901
[regir_r1] 0:42:51  41,454/1,000,000  16.1/s  upd=863  L=0.0387  D=4.901
[regir_r1] 0:43:01  41,814/1,000,000  16.2/s  upd=868  L=0.0367  D=4.901
[regir_r1] 0:43:12  42,271/1,000,000  16.3/s  upd=873  L=0.0374  D=4.901
[regir_r1] 0:43:22  42,271/1,000,000  16.2/s  upd=880  L=0.0314  D=4.901
[regir_r1] 0:43:33  42,638/1,000,000  16.3/s  upd=885  L=0.0479  D=4.901
[regir_r1] 0:43:43  42,956/1,000,000  16.4/s  upd=890  L=0.0449  D=4.901
[regir_r1] 0:43:53  42,956/1,000,000  16.3/s  upd=896  L=0.0331  D=4.901
[regir_r1] 0:44:04  43,357/1,000,000  16.4/s  upd=902  L=0.0516  D=4.901
[regir_r1] 0:44:14  43,771/1,000,000  16.5/s  upd=910  L=0.0619  D=4.901
[regir_r1] 0:44:25  43,771/1,000,000  16.4/s  upd=912  L=0.0308  D=4.901
[regir_r1] 0:44:35  44,170/1,000,000  16.5/s  upd=919  L=0.0332  D=4.901
[regir_r1] 0:44:45  44,170/1,000,000  16.4/s  upd=920  L=0.0339  D=4.901
[regir_r1] 0:44:56  44,624/1,000,000  16.5/s  upd=927  L=0.0450  D=4.901
[regir_r1] 0:45:07  44,969/1,000,000  16.6/s  upd=931  L=0.0470  D=4.901
[regir_r1] 0:45:17  44,969/1,000,000  16.5/s  upd=936  L=0.0493  D=4.901
[regir_r1] 0:45:27  45,289/1,000,000  16.6/s  upd=944  L=0.0469  D=4.901
[regir_r1] 0:45:38  45,745/1,000,000  16.7/s  upd=947  L=0.0414  D=4.901
[regir_r1] 0:45:48  46,119/1,000,000  16.8/s  upd=953  L=0.0460  D=4.901
[regir_r1] 0:45:58  46,119/1,000,000  16.7/s  upd=959  L=0.0339  D=4.901
[regir_r1] 0:46:09  46,495/1,000,000  16.8/s  upd=965  L=0.0508  D=4.901
[regir_r1] 0:46:20  46,843/1,000,000  16.8/s  upd=973  L=0.0393  D=4.901
[regir_r1] 0:46:30  47,184/1,000,000  16.9/s  upd=982  L=0.0403  D=4.901
[regir_r1] 0:46:41  47,562/1,000,000  17.0/s  upd=989  L=0.0460  D=4.901
[regir_r1] 0:46:51  47,941/1,000,000  17.1/s  upd=994  L=0.0300  D=4.901
[regir_r1] 0:47:01  47,941/1,000,000  17.0/s  upd=1000  L=0.0358  D=4.901
[regir_r1] 0:47:11  48,288/1,000,000  17.1/s  upd=1008  L=0.0424  D=4.901
[regir_r1] 0:48:05  48,288/1,000,000  16.7/s  upd=1008  L=0.0424  D=4.901
[regir_r1] 0:48:15  48,700/1,000,000  16.8/s  upd=1009  L=0.0436  D=4.901
[regir_r1] saved resume t_env=48,700
[regir_r1] 0:48:25  48,700/1,000,000  16.8/s  upd=1016  L=0.0373  D=4.901
[regir_r1] 0:48:35  49,013/1,000,000  16.8/s  upd=1021  L=0.0312  D=4.901
[regir_r1] 0:48:46  49,361/1,000,000  16.9/s  upd=1028  L=0.0337  D=4.901
[regir_r1] 0:48:56  49,361/1,000,000  16.8/s  upd=1032  L=0.0468  D=4.901
[regir_r1] 0:49:06  49,688/1,000,000  16.9/s  upd=1040  L=0.0567  D=4.901
[regir_r1] 0:49:16  50,035/1,000,000  16.9/s  upd=1047  L=0.0419  D=4.901
[regir_r1] 0:49:26  50,383/1,000,000  17.0/s  upd=1052  L=0.0371  D=4.901
[regir_r1] 0:49:37  50,762/1,000,000  17.0/s  upd=1060  L=0.0312  D=4.901
[regir_r1] 0:49:47  51,090/1,000,000  17.1/s  upd=1069  L=0.0558  D=4.901
[regir_r1] 0:49:58  51,438/1,000,000  17.2/s  upd=1077  L=0.0433  D=4.901
[regir_r1] 0:50:08  51,774/1,000,000  17.2/s  upd=1088  L=0.0489  D=4.901
[regir_r1] 0:50:19  52,095/1,000,000  17.3/s  upd=1095  L=0.0347  D=4.901
[regir_r1] 0:50:29  52,435/1,000,000  17.3/s  upd=1100  L=0.0517  D=4.901
[regir_r1] 0:50:40  52,791/1,000,000  17.4/s  upd=1106  L=0.0518  D=4.901
[regir_r1] 0:50:50  52,791/1,000,000  17.3/s  upd=1112  L=0.0516  D=4.901
[regir_r1] 0:51:01  53,164/1,000,000  17.4/s  upd=1120  L=0.0454  D=4.901
[regir_r1] 0:51:11  53,164/1,000,000  17.3/s  upd=1120  L=0.0454  D=4.901
[regir_r1] 0:51:21  53,529/1,000,000  17.4/s  upd=1122  L=0.0368  D=4.901
[regir_r1] 0:51:31  53,529/1,000,000  17.3/s  upd=1128  L=0.0321  D=4.901
[regir_r1] 0:51:41  53,529/1,000,000  17.3/s  upd=1128  L=0.0321  D=4.901
[regir_r1] 0:51:51  53,929/1,000,000  17.3/s  upd=1134  L=0.0504  D=4.901
[regir_r1] 0:52:02  53,929/1,000,000  17.3/s  upd=1136  L=0.0413  D=4.901
[regir_r1] 0:52:12  54,352/1,000,000  17.4/s  upd=1144  L=0.0435  D=4.901
[regir_r1] 0:52:23  54,700/1,000,000  17.4/s  upd=1146  L=0.0284  D=4.901
[regir_r1] 0:52:33  55,066/1,000,000  17.5/s  upd=1156  L=0.0362  D=4.901
[regir_r1] 0:52:44  55,412/1,000,000  17.5/s  upd=1166  L=0.0370  D=4.901
[regir_r1] 0:52:54  55,801/1,000,000  17.6/s  upd=1176  L=0.0556  D=4.901
[regir_r1] 0:53:04  56,196/1,000,000  17.6/s  upd=1184  L=0.0604  D=4.901
[regir_r1] 0:53:15  56,521/1,000,000  17.7/s  upd=1191  L=0.0377  D=4.901
[regir_r1] 0:54:40  56,521/1,000,000  17.2/s  upd=1192  L=0.0505  D=4.901
[regir_r1] 0:54:50  56,521/1,000,000  17.2/s  upd=1192  L=0.0505  D=4.901
[regir_r1] 0:55:01  56,974/1,000,000  17.3/s  upd=1198  L=0.0607  D=4.901
[regir_r1] 0:55:11  56,974/1,000,000  17.2/s  upd=1200  L=0.0360  D=4.901
[regir_r1] 0:55:21  57,304/1,000,000  17.3/s  upd=1208  L=0.0375  D=4.901
[regir_r1] 0:55:31  57,663/1,000,000  17.3/s  upd=1213  L=0.0468  D=4.901
[regir_r1] 0:55:42  58,023/1,000,000  17.4/s  upd=1219  L=0.0380  D=4.901
[regir_r1] 0:55:54  58,360/1,000,000  17.4/s  upd=1227  L=0.0375  D=4.901
[regir_r1] 0:56:05  58,718/1,000,000  17.4/s  upd=1233  L=0.0436  D=4.901
[regir_r1] 0:56:15  58,718/1,000,000  17.4/s  upd=1240  L=0.0518  D=4.901
[regir_r1] 0:56:25  59,067/1,000,000  17.4/s  upd=1248  L=0.0479  D=4.901
[regir_r1] 0:56:36  59,396/1,000,000  17.5/s  upd=1254  L=0.0356  D=4.901
[regir_r1] 0:56:46  59,753/1,000,000  17.5/s  upd=1261  L=0.0522  D=4.901
[regir_r1] 0:56:57  59,753/1,000,000  17.5/s  upd=1264  L=0.0405  D=4.901
[regir_r1] 0:57:08  60,183/1,000,000  17.6/s  upd=1267  L=0.0487  D=4.901
[regir_r1] saved resume t_env=60,183
[regir_r1] 0:57:29  60,183/1,000,000  17.4/s  upd=1272  L=0.0449  ev=0/100  D=4.901
[regir_r1] 0:57:39  60,183/1,000,000  17.4/s  upd=1272  L=0.0449  ev=8/100  D=4.901
[regir_r1] 0:57:49  60,183/1,000,000  17.3/s  upd=1272  L=0.0449  ev=22/100  D=4.901
[regir_r1] 0:57:59  60,183/1,000,000  17.3/s  upd=1272  L=0.0449  ev=24/100  D=4.901
[regir_r1] 0:58:09  60,183/1,000,000  17.2/s  upd=1272  L=0.0449  ev=32/100  D=4.901
[regir_r1] 0:58:19  60,183/1,000,000  17.2/s  upd=1272  L=0.0449  ev=46/100  D=4.901
[regir_r1] 0:58:29  60,183/1,000,000  17.1/s  upd=1272  L=0.0449  ev=52/100  D=4.901
[regir_r1] 0:58:39  60,183/1,000,000  17.1/s  upd=1272  L=0.0449  ev=70/100  D=4.901
[regir_r1] 0:58:50  60,183/1,000,000  17.0/s  upd=1272  L=0.0449  ev=72/100  D=4.901
[regir_r1] 0:59:00  60,183/1,000,000  17.0/s  upd=1272  L=0.0449  ev=86/100  D=4.901
[regir_r1] 0:59:10  60,183/1,000,000  17.0/s  upd=1272  L=0.0449  ev=88/100  D=4.901
[regir_r1] 0:59:55  60,183/1,000,000  16.7/s  upd=1272  L=0.0449  D=5.086
[regir_r1] 1:00:44  60,183/1,000,000  16.5/s  upd=1272  L=0.0449  D=5.086
[regir_r1] 1:00:54  60,575/1,000,000  16.6/s  upd=1274  L=0.0421  D=5.086
[regir_r1] 1:01:04  60,575/1,000,000  16.5/s  upd=1280  L=0.0566  D=5.086
[regir_r1] 1:01:15  60,930/1,000,000  16.6/s  upd=1284  L=0.0393  D=5.086
[regir_r1] 1:01:25  60,930/1,000,000  16.5/s  upd=1288  L=0.0330  D=5.086
[regir_r1] 1:01:36  61,284/1,000,000  16.6/s  upd=1295  L=0.0393  D=5.086
[regir_r1] 1:01:47  61,684/1,000,000  16.6/s  upd=1298  L=0.0492  D=5.086
[regir_r1] 1:01:57  61,684/1,000,000  16.6/s  upd=1304  L=0.0357  D=5.086
[regir_r1] 1:02:07  61,684/1,000,000  16.5/s  upd=1304  L=0.0357  D=5.086
[regir_r1] 1:02:17  62,187/1,000,000  16.6/s  upd=1311  L=0.0383  D=5.086
[regir_r1] 1:02:28  62,530/1,000,000  16.7/s  upd=1317  L=0.0431  D=5.086
[regir_r1] 1:02:39  62,922/1,000,000  16.7/s  upd=1323  L=0.0485  D=5.086
[regir_r1] 1:02:50  63,273/1,000,000  16.8/s  upd=1330  L=0.0372  D=5.086
[regir_r1] 1:03:00  63,273/1,000,000  16.7/s  upd=1336  L=0.0350  D=5.086
[regir_r1] 1:03:11  63,649/1,000,000  16.8/s  upd=1344  L=0.0572  D=5.086
[regir_r1] 1:03:22  64,035/1,000,000  16.8/s  upd=1348  L=0.0377  D=5.086
[regir_r1] 1:03:32  64,035/1,000,000  16.8/s  upd=1352  L=0.0489  D=5.086
[regir_r1] 1:03:42  64,396/1,000,000  16.8/s  upd=1355  L=0.0370  D=5.086
[regir_r1] 1:03:52  64,396/1,000,000  16.8/s  upd=1360  L=0.0424  D=5.086
[regir_r1] 1:04:03  64,813/1,000,000  16.9/s  upd=1364  L=0.0300  D=5.086
[regir_r1] 1:04:13  65,218/1,000,000  16.9/s  upd=1371  L=0.0430  D=5.086
[regir_r1] 1:04:24  65,218/1,000,000  16.9/s  upd=1376  L=0.0643  D=5.086
[regir_r1] 1:04:35  65,610/1,000,000  16.9/s  upd=1384  L=0.0459  D=5.086
[regir_r1] 1:04:45  65,610/1,000,000  16.9/s  upd=1384  L=0.0459  D=5.086
[regir_r1] 1:04:55  66,024/1,000,000  16.9/s  upd=1389  L=0.0464  D=5.086
[regir_r1] 1:05:05  66,438/1,000,000  17.0/s  upd=1394  L=0.0451  D=5.086
[regir_r1] 1:05:16  66,438/1,000,000  17.0/s  upd=1400  L=0.0397  D=5.086
[regir_r1] 1:05:27  66,806/1,000,000  17.0/s  upd=1405  L=0.0377  D=5.086
[regir_r1] 1:05:38  67,201/1,000,000  17.1/s  upd=1409  L=0.0492  D=5.086
[regir_r1] 1:05:48  67,201/1,000,000  17.0/s  upd=1416  L=0.0275  D=5.086
[regir_r1] 1:06:24  67,201/1,000,000  16.9/s  upd=1416  L=0.0275  D=5.086
[regir_r1] 1:06:35  67,559/1,000,000  16.9/s  upd=1419  L=0.0436  D=5.086
[regir_r1] 1:06:45  67,559/1,000,000  16.9/s  upd=1424  L=0.0428  D=5.086
[regir_r1] 1:06:55  67,961/1,000,000  16.9/s  upd=1430  L=0.0431  D=5.086
[regir_r1] 1:07:05  67,961/1,000,000  16.9/s  upd=1432  L=0.0535  D=5.086
[regir_r1] 1:07:15  68,338/1,000,000  16.9/s  upd=1440  L=0.0556  D=5.086
[regir_r1] saved resume t_env=68,694
[regir_r1] 1:07:25  68,694/1,000,000  17.0/s  upd=1448  L=0.0472  D=5.086
[regir_r1] 1:07:35  69,057/1,000,000  17.0/s  upd=1455  L=0.0518  D=5.086
[regir_r1] 1:07:46  69,414/1,000,000  17.1/s  upd=1464  L=0.0461  D=5.086
[regir_r1] 1:07:56  69,793/1,000,000  17.1/s  upd=1472  L=0.0365  D=5.086
[regir_r1] 1:08:06  70,196/1,000,000  17.2/s  upd=1473  L=0.0503  D=5.086
[regir_r1] 1:08:17  70,196/1,000,000  17.1/s  upd=1480  L=0.0367  D=5.086
[regir_r1] 1:08:27  70,600/1,000,000  17.2/s  upd=1485  L=0.0469  D=5.086
[regir_r1] 1:08:38  70,976/1,000,000  17.2/s  upd=1493  L=0.0439  D=5.086
[regir_r1] 1:08:49  71,348/1,000,000  17.3/s  upd=1502  L=0.0396  D=5.086
[regir_r1] 1:08:59  71,769/1,000,000  17.3/s  upd=1510  L=0.0450  D=5.086
[regir_r1] 1:09:10  72,170/1,000,000  17.4/s  upd=1514  L=0.0494  D=5.086
[regir_r1] 1:09:21  72,516/1,000,000  17.4/s  upd=1522  L=0.0437  D=5.086
[regir_r1] 1:09:32  72,516/1,000,000  17.4/s  upd=1528  L=0.0415  D=5.086
[regir_r1] 1:09:42  72,868/1,000,000  17.4/s  upd=1535  L=0.0373  D=5.086
[regir_r1] 1:09:52  73,295/1,000,000  17.5/s  upd=1544  L=0.0447  D=5.086
[regir_r1] 1:10:02  73,707/1,000,000  17.5/s  upd=1552  L=0.0392  D=5.086
[regir_r1] 1:10:12  74,156/1,000,000  17.6/s  upd=1560  L=0.0429  D=5.086
[regir_r1] 1:10:22  74,483/1,000,000  17.6/s  upd=1563  L=0.0301  D=5.086
[regir_r1] 1:10:33  74,933/1,000,000  17.7/s  upd=1570  L=0.0358  D=5.086
[regir_r1] 1:10:44  75,349/1,000,000  17.8/s  upd=1580  L=0.0415  D=5.086
[regir_r1] 1:10:54  75,741/1,000,000  17.8/s  upd=1588  L=0.0360  D=5.086
[regir_r1] 1:11:05  76,147/1,000,000  17.8/s  upd=1597  L=0.0511  D=5.086
[regir_r1] 1:11:16  76,498/1,000,000  17.9/s  upd=1606  L=0.0294  D=5.086
[regir_r1] 1:11:26  76,914/1,000,000  17.9/s  upd=1614  L=0.0472  D=5.086
[regir_r1] 1:13:24  76,914/1,000,000  17.5/s  upd=1616  L=0.0485  D=5.086
[regir_r1] 1:13:34  77,269/1,000,000  17.5/s  upd=1619  L=0.0354  D=5.086
[regir_r1] 1:13:44  77,269/1,000,000  17.5/s  upd=1624  L=0.0496  D=5.086
[regir_r1] 1:13:54  77,702/1,000,000  17.5/s  upd=1630  L=0.0284  D=5.086
[regir_r1] 1:14:05  78,088/1,000,000  17.6/s  upd=1640  L=0.0446  D=5.086
[regir_r1] 1:14:15  78,461/1,000,000  17.6/s  upd=1648  L=0.0453  D=5.086
[regir_r1] 1:14:25  79,239/1,000,000  17.7/s  upd=1657  L=0.0501  D=5.086
[regir_r1] 1:14:36  79,591/1,000,000  17.8/s  upd=1666  L=0.0331  D=5.086
[regir_r1] 1:14:46  79,591/1,000,000  17.7/s  upd=1672  L=0.0392  D=5.086
[regir_r1] 1:14:56  79,960/1,000,000  17.8/s  upd=1679  L=0.0467  D=5.086
[regir_r1] 1:15:07  80,258/1,000,000  17.8/s  upd=1685  L=0.0400  D=5.086
[regir_r1] saved resume t_env=80,258
[regir_r1] 1:15:26  80,258/1,000,000  17.7/s  upd=1688  L=0.0386  ev=0/100  D=5.086
[regir_r1] 1:15:36  80,258/1,000,000  17.7/s  upd=1688  L=0.0386  ev=14/100  D=5.086
[regir_r1] 1:15:46  80,258/1,000,000  17.7/s  upd=1688  L=0.0386  ev=16/100  D=5.086
[regir_r1] 1:15:56  80,258/1,000,000  17.6/s  upd=1688  L=0.0386  ev=31/100  D=5.086
[regir_r1] 1:16:06  80,258/1,000,000  17.6/s  upd=1688  L=0.0386  ev=32/100  D=5.086
[regir_r1] 1:16:17  80,258/1,000,000  17.5/s  upd=1688  L=0.0386  ev=47/100  D=5.086
[regir_r1] 1:16:27  80,258/1,000,000  17.5/s  upd=1688  L=0.0386  ev=48/100  D=5.086
[regir_r1] 1:16:37  80,258/1,000,000  17.5/s  upd=1688  L=0.0386  ev=56/100  D=5.086
[regir_r1] 1:16:47  80,258/1,000,000  17.4/s  upd=1688  L=0.0386  ev=58/100  D=5.086
[regir_r1] 1:16:57  80,258/1,000,000  17.4/s  upd=1688  L=0.0386  ev=70/100  D=5.086
[regir_r1] 1:17:08  80,258/1,000,000  17.3/s  upd=1688  L=0.0386  ev=81/100  D=5.086
[regir_r1] 1:17:18  80,258/1,000,000  17.3/s  upd=1688  L=0.0386  ev=88/100  D=5.086
[regir_r1] 1:17:49  80,258/1,000,000  17.2/s  upd=1688  L=0.0386  D=5.049
[regir_r1] 1:18:00  80,656/1,000,000  17.2/s  upd=1694  L=0.0517  D=5.049
[regir_r1] 1:18:11  80,977/1,000,000  17.3/s  upd=1699  L=0.0400  D=5.049
[regir_r1] 1:18:21  80,977/1,000,000  17.2/s  upd=1704  L=0.0462  D=5.049
[regir_r1] 1:18:33  81,413/1,000,000  17.3/s  upd=1707  L=0.0515  D=5.049
[regir_r1] 1:19:06  81,413/1,000,000  17.2/s  upd=1712  L=0.0522  D=5.049
[regir_r1] 1:19:16  81,413/1,000,000  17.1/s  upd=1712  L=0.0522  D=5.049
[regir_r1] 1:19:26  81,771/1,000,000  17.2/s  upd=1720  L=0.0521  D=5.049
[regir_r1] 1:19:36  81,771/1,000,000  17.1/s  upd=1720  L=0.0521  D=5.049
[regir_r1] 1:19:47  82,202/1,000,000  17.2/s  upd=1728  L=0.0388  D=5.049
[regir_r1] 1:19:57  82,202/1,000,000  17.1/s  upd=1728  L=0.0388  D=5.049
[regir_r1] 1:20:07  82,572/1,000,000  17.2/s  upd=1736  L=0.0345  D=5.049
[regir_r1] 1:20:17  82,572/1,000,000  17.1/s  upd=1736  L=0.0345  D=5.049
[regir_r1] 1:20:28  83,001/1,000,000  17.2/s  upd=1743  L=0.0325  D=5.049
[regir_r1] 1:20:39  83,449/1,000,000  17.2/s  upd=1749  L=0.0323  D=5.049
[regir_r1] 1:20:49  83,771/1,000,000  17.3/s  upd=1756  L=0.0410  D=5.049
[regir_r1] 1:21:00  84,141/1,000,000  17.3/s  upd=1762  L=0.0364  D=5.049
[regir_r1] 1:21:10  84,141/1,000,000  17.3/s  upd=1768  L=0.0441  D=5.049
[regir_r1] 1:21:21  84,529/1,000,000  17.3/s  upd=1776  L=0.0432  D=5.049
[regir_r1] 1:21:31  84,922/1,000,000  17.4/s  upd=1779  L=0.0404  D=5.049
[regir_r1] 1:21:41  85,257/1,000,000  17.4/s  upd=1786  L=0.0375  D=5.049
[regir_r1] 1:21:51  85,257/1,000,000  17.4/s  upd=1792  L=0.0383  D=5.049
[regir_r1] 1:22:02  85,257/1,000,000  17.3/s  upd=1792  L=0.0383  D=5.049
[regir_r1] 1:22:12  85,602/1,000,000  17.4/s  upd=1800  L=0.0290  D=5.049
[regir_r1] 1:22:22  85,602/1,000,000  17.3/s  upd=1800  L=0.0290  D=5.049
[regir_r1] 1:22:33  85,991/1,000,000  17.4/s  upd=1808  L=0.0400  D=5.049
[regir_r1] 1:22:44  86,348/1,000,000  17.4/s  upd=1810  L=0.0457  D=5.049
[regir_r1] 1:22:54  86,348/1,000,000  17.4/s  upd=1816  L=0.0320  D=5.049
[regir_r1] 1:23:05  86,721/1,000,000  17.4/s  upd=1821  L=0.0372  D=5.049
[regir_r1] 1:23:15  87,118/1,000,000  17.4/s  upd=1825  L=0.0491  D=5.049
[regir_r1] 1:23:25  87,118/1,000,000  17.4/s  upd=1832  L=0.0442  D=5.049
[regir_r1] 1:23:36  87,491/1,000,000  17.4/s  upd=1838  L=0.0361  D=5.049
[regir_r1] 1:23:46  87,904/1,000,000  17.5/s  upd=1842  L=0.0392  D=5.049
[regir_r1] 1:23:56  88,220/1,000,000  17.5/s  upd=1849  L=0.0336  D=5.049
[regir_r1] 1:24:06  88,220/1,000,000  17.5/s  upd=1856  L=0.0470  D=5.049
[regir_r1] 1:24:17  88,597/1,000,000  17.5/s  upd=1857  L=0.0637  D=5.049
[regir_r1] 1:24:52  88,597/1,000,000  17.4/s  upd=1864  L=0.0488  D=5.049
[regir_r1] 1:25:02  88,597/1,000,000  17.4/s  upd=1864  L=0.0488  D=5.049
[regir_r1] 1:25:12  89,048/1,000,000  17.4/s  upd=1870  L=0.0285  D=5.049
[regir_r1] saved resume t_env=89,048
[regir_r1] 1:25:22  89,048/1,000,000  17.4/s  upd=1872  L=0.0403  D=5.049
[regir_r1] 1:25:33  89,397/1,000,000  17.4/s  upd=1880  L=0.0393  D=5.049
[regir_r1] 1:25:43  89,397/1,000,000  17.4/s  upd=1880  L=0.0393  D=5.049
[regir_r1] 1:25:53  89,735/1,000,000  17.4/s  upd=1888  L=0.0402  D=5.049
[regir_r1] 1:26:03  89,735/1,000,000  17.4/s  upd=1888  L=0.0402  D=5.049
[regir_r1] 1:26:14  90,103/1,000,000  17.4/s  upd=1896  L=0.0568  D=5.049
[regir_r1] 1:26:24  90,432/1,000,000  17.4/s  upd=1902  L=0.0436  D=5.049
[regir_r1] 1:26:34  90,432/1,000,000  17.4/s  upd=1904  L=0.0392  D=5.049
[regir_r1] 1:26:45  90,940/1,000,000  17.5/s  upd=1907  L=0.0366  D=5.049
[regir_r1] 1:26:55  91,286/1,000,000  17.5/s  upd=1913  L=0.0419  D=5.049
[regir_r1] 1:27:05  91,286/1,000,000  17.5/s  upd=1920  L=0.0454  D=5.049
[regir_r1] 1:27:16  91,604/1,000,000  17.5/s  upd=1927  L=0.0342  D=5.049
[regir_r1] 1:27:26  91,954/1,000,000  17.5/s  upd=1932  L=0.0382  D=5.049
[regir_r1] 1:27:36  91,954/1,000,000  17.5/s  upd=1936  L=0.0340  D=5.049
[regir_r1] 1:27:47  92,366/1,000,000  17.5/s  upd=1944  L=0.0336  D=5.049
[regir_r1] 1:27:57  92,366/1,000,000  17.5/s  upd=1944  L=0.0336  D=5.049
[regir_r1] 1:28:07  92,722/1,000,000  17.5/s  upd=1952  L=0.0428  D=5.049
[regir_r1] 1:28:17  92,722/1,000,000  17.5/s  upd=1952  L=0.0428  D=5.049
[regir_r1] 1:28:27  93,086/1,000,000  17.5/s  upd=1960  L=0.0509  D=5.049
[regir_r1] 1:28:37  93,795/1,000,000  17.6/s  upd=1969  L=0.0356  D=5.049
[regir_r1] 1:28:48  94,111/1,000,000  17.7/s  upd=1978  L=0.0672  D=5.049
[regir_r1] 1:28:58  94,435/1,000,000  17.7/s  upd=1988  L=0.0481  D=5.049
[regir_r1] 1:29:08  94,761/1,000,000  17.7/s  upd=2000  L=0.0401  D=5.049
[regir_r1] 1:29:18  95,159/1,000,000  17.8/s  upd=2008  L=0.0406  D=5.049
[regir_r1] 1:29:29  95,928/1,000,000  17.9/s  upd=2017  L=0.0426  D=5.049
[regir_r1] 1:29:39  96,375/1,000,000  17.9/s  upd=2025  L=0.0330  D=5.049
[regir_r1] 1:29:50  96,717/1,000,000  17.9/s  upd=2035  L=0.0376  D=5.049
[regir_r1] 1:31:12  96,717/1,000,000  17.7/s  upd=2040  L=0.0366  D=5.049
[regir_r1] 1:31:22  97,159/1,000,000  17.7/s  upd=2045  L=0.0358  D=5.049
[regir_r1] 1:31:32  97,505/1,000,000  17.8/s  upd=2049  L=0.0424  D=5.049
[regir_r1] 1:31:42  97,869/1,000,000  17.8/s  upd=2056  L=0.0214  D=5.049
[regir_r1] 1:31:53  97,869/1,000,000  17.8/s  upd=2063  L=0.0275  D=5.049
[regir_r1] 1:32:03  98,256/1,000,000  17.8/s  upd=2068  L=0.0476  D=5.049
[regir_r1] 1:32:13  98,256/1,000,000  17.8/s  upd=2072  L=0.0462  D=5.049
[regir_r1] 1:32:24  98,638/1,000,000  17.8/s  upd=2077  L=0.0386  D=5.049
[regir_r1] 1:32:34  98,992/1,000,000  17.8/s  upd=2082  L=0.0291  D=5.049
[regir_r1] 1:32:44  98,992/1,000,000  17.8/s  upd=2088  L=0.0462  D=5.049
[regir_r1] 1:32:55  99,343/1,000,000  17.8/s  upd=2094  L=0.0353  D=5.049
[regir_r1] 1:33:06  99,682/1,000,000  17.8/s  upd=2101  L=0.0391  D=5.049
[regir_r1] 1:33:17  100,019/1,000,000  17.9/s  upd=2108  L=0.0278  D=5.049
[regir_r1] saved resume t_env=100,019
[regir_r1] 1:33:37  100,019/1,000,000  17.8/s  upd=2112  L=0.0298  ev=0/100  D=5.049
[regir_r1] 1:33:47  100,019/1,000,000  17.8/s  upd=2112  L=0.0298  ev=8/100  D=5.049
[regir_r1] 1:33:57  100,019/1,000,000  17.7/s  upd=2112  L=0.0298  ev=30/100  D=5.049
[regir_r1] 1:34:07  100,019/1,000,000  17.7/s  upd=2112  L=0.0298  ev=32/100  D=5.049
[regir_r1] 1:34:17  100,019/1,000,000  17.7/s  upd=2112  L=0.0298  ev=45/100  D=5.049
[regir_r1] 1:34:27  100,019/1,000,000  17.6/s  upd=2112  L=0.0298  ev=51/100  D=5.049
[regir_r1] 1:34:38  100,019/1,000,000  17.6/s  upd=2112  L=0.0298  ev=64/100  D=5.049
[regir_r1] 1:34:48  100,019/1,000,000  17.6/s  upd=2112  L=0.0298  ev=76/100  D=5.049
[regir_r1] 1:34:58  100,019/1,000,000  17.6/s  upd=2112  L=0.0298  ev=80/100  D=5.049
[regir_r1] 1:35:08  100,019/1,000,000  17.5/s  upd=2112  L=0.0298  ev=96/100  D=5.049
[regir_r1] 1:35:59  100,019/1,000,000  17.4/s  upd=2112  L=0.0298  D=4.019
[regir_r1] 1:36:09  100,725/1,000,000  17.5/s  upd=2126  L=0.0436  D=4.019
[regir_r1] 1:38:27  101,118/1,000,000  17.1/s  upd=2136  L=0.0341  D=4.019
[regir_r1] 1:38:37  101,465/1,000,000  17.1/s  upd=2141  L=0.0237  D=4.019
[regir_r1] 1:38:47  101,810/1,000,000  17.2/s  upd=2147  L=0.0300  D=4.019
[regir_r1] 1:38:58  102,163/1,000,000  17.2/s  upd=2154  L=0.0356  D=4.019
[regir_r1] 1:39:08  102,163/1,000,000  17.2/s  upd=2160  L=0.0259  D=4.019
[regir_r1] 1:39:20  102,541/1,000,000  17.2/s  upd=2163  L=0.0404  D=4.019
[regir_r1] 1:39:30  102,541/1,000,000  17.2/s  upd=2168  L=0.0287  D=4.019
[regir_r1] 1:39:41  102,870/1,000,000  17.2/s  upd=2174  L=0.0292  D=4.019
[regir_r1] 1:39:51  102,870/1,000,000  17.2/s  upd=2176  L=0.0510  D=4.019
[regir_r1] 1:40:02  103,224/1,000,000  17.2/s  upd=2183  L=0.0331  D=4.019
[regir_r1] 1:40:13  103,563/1,000,000  17.2/s  upd=2189  L=0.0417  D=4.019
[regir_r1] 1:40:23  103,563/1,000,000  17.2/s  upd=2192  L=0.0433  D=4.019
[regir_r1] 1:40:34  103,989/1,000,000  17.2/s  upd=2195  L=0.0284  D=4.019
[regir_r1] 1:40:44  103,989/1,000,000  17.2/s  upd=2200  L=0.0459  D=4.019
[regir_r1] 1:40:55  104,362/1,000,000  17.2/s  upd=2205  L=0.0406  D=4.019
[regir_r1] 1:41:06  104,763/1,000,000  17.3/s  upd=2209  L=0.0247  D=4.019
[regir_r1] 1:41:17  104,763/1,000,000  17.2/s  upd=2215  L=0.0300  D=4.019
[regir_r1] 1:41:28  105,115/1,000,000  17.3/s  upd=2219  L=0.0374  D=4.019
[regir_r1] 1:41:38  105,115/1,000,000  17.2/s  upd=2224  L=0.0328  D=4.019
[regir_r1] 1:41:49  105,564/1,000,000  17.3/s  upd=2232  L=0.0352  D=4.019
[regir_r1] 1:41:59  105,905/1,000,000  17.3/s  upd=2239  L=0.0302  D=4.019
[regir_r1] 1:42:09  106,265/1,000,000  17.3/s  upd=2242  L=0.0571  D=4.019
[regir_r1] 1:42:19  106,265/1,000,000  17.3/s  upd=2248  L=0.0216  D=4.019
[regir_r1] 1:42:30  106,623/1,000,000  17.3/s  upd=2254  L=0.0436  D=4.019
[regir_r1] 1:42:40  106,623/1,000,000  17.3/s  upd=2256  L=0.0263  D=4.019
[regir_r1] 1:42:50  107,003/1,000,000  17.3/s  upd=2260  L=0.0271  D=4.019
[regir_r1] 1:43:01  107,344/1,000,000  17.4/s  upd=2267  L=0.0538  D=4.019
[regir_r1] 1:43:11  107,344/1,000,000  17.3/s  upd=2272  L=0.0258  D=4.019
[regir_r1] 1:43:21  107,701/1,000,000  17.4/s  upd=2280  L=0.0249  D=4.019
[regir_r1] 1:43:31  108,056/1,000,000  17.4/s  upd=2283  L=0.0363  D=4.019
[regir_r1] saved resume t_env=108,056
[regir_r1] 1:44:04  108,056/1,000,000  17.3/s  upd=2288  L=0.0475  D=4.019
[regir_r1] 1:44:15  108,389/1,000,000  17.3/s  upd=2294  L=0.0316  D=4.019
[regir_r1] 1:44:25  108,716/1,000,000  17.4/s  upd=2299  L=0.0234  D=4.019
[regir_r1] 1:44:35  108,716/1,000,000  17.3/s  upd=2304  L=0.0281  D=4.019
[regir_r1] 1:44:46  109,070/1,000,000  17.3/s  upd=2310  L=0.0303  D=4.019
[regir_r1] 1:44:56  109,454/1,000,000  17.4/s  upd=2313  L=0.0348  D=4.019
[regir_r1] 1:45:07  109,454/1,000,000  17.4/s  upd=2320  L=0.0213  D=4.019
[regir_r1] 1:45:18  109,863/1,000,000  17.4/s  upd=2321  L=0.0310  D=4.019
[regir_r1] 1:45:29  109,863/1,000,000  17.4/s  upd=2328  L=0.0345  D=4.019
[regir_r1] 1:45:40  110,277/1,000,000  17.4/s  upd=2332  L=0.0226  D=4.019
[regir_r1] 1:45:50  110,277/1,000,000  17.4/s  upd=2336  L=0.0274  D=4.019
[regir_r1] 1:46:00  110,667/1,000,000  17.4/s  upd=2341  L=0.0239  D=4.019
[regir_r1] 1:46:11  110,983/1,000,000  17.4/s  upd=2346  L=0.0332  D=4.019
[regir_r1] 1:46:23  110,983/1,000,000  17.4/s  upd=2352  L=0.0315  D=4.019
[regir_r1] 1:46:33  111,330/1,000,000  17.4/s  upd=2357  L=0.0362  D=4.019
[regir_r1] 1:46:43  111,330/1,000,000  17.4/s  upd=2360  L=0.0335  D=4.019
[regir_r1] 1:46:54  111,685/1,000,000  17.4/s  upd=2367  L=0.0327  D=4.019
[regir_r1] 1:47:05  112,029/1,000,000  17.4/s  upd=2369  L=0.0383  D=4.019
[regir_r1] 1:47:16  112,029/1,000,000  17.4/s  upd=2376  L=0.0544  D=4.019
[regir_r1] 1:47:26  112,410/1,000,000  17.4/s  upd=2382  L=0.0401  D=4.019
[regir_r1] 1:47:37  112,791/1,000,000  17.5/s  upd=2388  L=0.0289  D=4.019
[regir_r1] 1:47:48  113,128/1,000,000  17.5/s  upd=2397  L=0.0299  D=4.019
[regir_r1] 1:47:58  113,128/1,000,000  17.5/s  upd=2400  L=0.0236  D=4.019
[regir_r1] 1:48:08  113,489/1,000,000  17.5/s  upd=2408  L=0.0287  D=4.019
[regir_r1] 1:48:19  113,896/1,000,000  17.5/s  upd=2414  L=0.0591  D=4.019
[regir_r1] 1:48:29  114,311/1,000,000  17.6/s  upd=2420  L=0.0265  D=4.019
[regir_r1] 1:48:39  114,668/1,000,000  17.6/s  upd=2430  L=0.0344  D=4.019
[regir_r1] 1:48:50  115,101/1,000,000  17.6/s  upd=2436  L=0.0211  D=4.019
[regir_r1] 1:49:00  115,101/1,000,000  17.6/s  upd=2440  L=0.0347  D=4.019
[regir_r1] 1:49:10  115,435/1,000,000  17.6/s  upd=2448  L=0.0369  D=4.019
[regir_r1] 1:49:56  115,435/1,000,000  17.5/s  upd=2448  L=0.0369  D=4.019
[regir_r1] 1:50:06  115,804/1,000,000  17.5/s  upd=2453  L=0.0271  D=4.019
[regir_r1] 1:50:16  115,804/1,000,000  17.5/s  upd=2456  L=0.0569  D=4.019
[regir_r1] 1:50:28  116,185/1,000,000  17.5/s  upd=2464  L=0.0388  D=4.019
[regir_r1] 1:50:38  116,523/1,000,000  17.6/s  upd=2467  L=0.0365  D=4.019
[regir_r1] 1:50:48  116,523/1,000,000  17.5/s  upd=2472  L=0.0339  D=4.019
[regir_r1] 1:50:58  116,523/1,000,000  17.5/s  upd=2472  L=0.0339  D=4.019
[regir_r1] 1:51:08  116,914/1,000,000  17.5/s  upd=2480  L=0.0377  D=4.019
[regir_r1] 1:51:18  116,914/1,000,000  17.5/s  upd=2480  L=0.0377  D=4.019
[regir_r1] 1:51:29  117,255/1,000,000  17.5/s  upd=2488  L=0.0414  D=4.019
[regir_r1] 1:51:40  117,579/1,000,000  17.5/s  upd=2492  L=0.0277  D=4.019
[regir_r1] 1:51:52  117,921/1,000,000  17.6/s  upd=2498  L=0.0322  D=4.019
[regir_r1] 1:52:02  117,921/1,000,000  17.5/s  upd=2504  L=0.0347  D=4.019
[regir_r1] 1:52:12  118,319/1,000,000  17.6/s  upd=2509  L=0.0351  D=4.019
[regir_r1] 1:52:22  118,736/1,000,000  17.6/s  upd=2513  L=0.0422  D=4.019
[regir_r1] 1:52:33  118,736/1,000,000  17.6/s  upd=2520  L=0.0285  D=4.019
[regir_r1] 1:52:44  119,139/1,000,000  17.6/s  upd=2526  L=0.0263  D=4.019
[regir_r1] 1:52:54  119,473/1,000,000  17.6/s  upd=2530  L=0.0288  D=4.019
[regir_r1] 1:53:04  119,473/1,000,000  17.6/s  upd=2536  L=0.0480  D=4.019
[regir_r1] 1:53:15  119,894/1,000,000  17.6/s  upd=2542  L=0.0306  D=4.019
[regir_r1] 1:53:25  120,246/1,000,000  17.7/s  upd=2549  L=0.0396  D=4.019
[regir_r1] saved resume t_env=120,246
[regir_r1] 1:53:43  120,246/1,000,000  17.6/s  upd=2552  L=0.0409  ev=0/100  D=4.019
[regir_r1] 1:53:53  120,246/1,000,000  17.6/s  upd=2552  L=0.0409  ev=31/100  D=4.019
[regir_r1] 1:54:03  120,246/1,000,000  17.6/s  upd=2552  L=0.0409  ev=56/100  D=4.019
[regir_r1] 1:54:13  120,246/1,000,000  17.5/s  upd=2552  L=0.0409  ev=80/100  D=4.019
[regir_r1] 1:55:14  120,246/1,000,000  17.4/s  upd=2552  L=0.0409  D=4.643
[regir_r1] 1:57:20  120,246/1,000,000  17.1/s  upd=2552  L=0.0409  D=4.643
[regir_r1] 1:57:31  120,615/1,000,000  17.1/s  upd=2557  L=0.0269  D=4.643
[regir_r1] 1:57:41  120,615/1,000,000  17.1/s  upd=2560  L=0.0244  D=4.643
[regir_r1] 1:57:52  121,044/1,000,000  17.1/s  upd=2566  L=0.0261  D=4.643
[regir_r1] 1:58:02  121,044/1,000,000  17.1/s  upd=2568  L=0.0370  D=4.643
[regir_r1] 1:58:12  121,432/1,000,000  17.1/s  upd=2573  L=0.0513  D=4.643
[regir_r1] 1:58:22  121,432/1,000,000  17.1/s  upd=2576  L=0.0567  D=4.643
[regir_r1] 1:58:33  121,808/1,000,000  17.1/s  upd=2582  L=0.0452  D=4.643
[regir_r1] 1:58:44  122,167/1,000,000  17.1/s  upd=2586  L=0.0241  D=4.643
[regir_r1] 1:58:54  122,167/1,000,000  17.1/s  upd=2592  L=0.0427  D=4.643
[regir_r1] 1:59:04  122,167/1,000,000  17.1/s  upd=2592  L=0.0427  D=4.643
[regir_r1] 1:59:15  122,554/1,000,000  17.1/s  upd=2599  L=0.0418  D=4.643
[regir_r1] 1:59:25  122,554/1,000,000  17.1/s  upd=2600  L=0.0363  D=4.643
[regir_r1] 1:59:36  122,925/1,000,000  17.1/s  upd=2603  L=0.0379  D=4.643
[regir_r1] 1:59:46  123,262/1,000,000  17.2/s  upd=2609  L=0.0391  D=4.643
[regir_r1] 1:59:56  123,262/1,000,000  17.1/s  upd=2616  L=0.0307  D=4.643
[regir_r1] 2:00:08  123,667/1,000,000  17.2/s  upd=2619  L=0.0541  D=4.643
[regir_r1] 2:00:18  123,667/1,000,000  17.1/s  upd=2624  L=0.0470  D=4.643
[regir_r1] 2:00:28  124,060/1,000,000  17.2/s  upd=2632  L=0.0368  D=4.643
[regir_r1] 2:00:39  124,399/1,000,000  17.2/s  upd=2637  L=0.0321  D=4.643
[regir_r1] 2:00:50  124,808/1,000,000  17.2/s  upd=2641  L=0.0334  D=4.643
[regir_r1] 2:01:00  124,808/1,000,000  17.2/s  upd=2648  L=0.0393  D=4.643
[regir_r1] 2:01:11  125,181/1,000,000  17.2/s  upd=2653  L=0.0303  D=4.643
[regir_r1] 2:01:21  125,556/1,000,000  17.2/s  upd=2661  L=0.0248  D=4.643
[regir_r1] 2:01:32  125,917/1,000,000  17.3/s  upd=2669  L=0.0337  D=4.643
[regir_r1] 2:01:42  126,274/1,000,000  17.3/s  upd=2677  L=0.0337  D=4.643
[regir_r1] 2:01:52  127,018/1,000,000  17.4/s  upd=2690  L=0.0272  D=4.643
[regir_r1] 2:02:03  127,374/1,000,000  17.4/s  upd=2699  L=0.0357  D=4.643
[regir_r1] 2:02:14  127,693/1,000,000  17.4/s  upd=2710  L=0.0311  D=4.643
[regir_r1] 2:04:00  128,083/1,000,000  17.2/s  upd=2720  L=0.0347  D=4.643
[regir_r1] 2:04:11  128,467/1,000,000  17.2/s  upd=2724  L=0.0344  D=4.643
[regir_r1] saved resume t_env=128,467
[regir_r1] 2:04:21  128,467/1,000,000  17.2/s  upd=2728  L=0.0245  D=4.643
[regir_r1] 2:04:32  128,814/1,000,000  17.2/s  upd=2736  L=0.0420  D=4.643
[regir_r1] 2:04:43  129,155/1,000,000  17.3/s  upd=2740  L=0.0268  D=4.643
[regir_r1] 2:04:55  129,480/1,000,000  17.3/s  upd=2746  L=0.0322  D=4.643
[regir_r1] 2:05:05  129,480/1,000,000  17.3/s  upd=2752  L=0.0225  D=4.643
[regir_r1] 2:05:15  129,844/1,000,000  17.3/s  upd=2753  L=0.0288  D=4.643
[regir_r1] 2:05:25  129,844/1,000,000  17.3/s  upd=2760  L=0.0220  D=4.643
[regir_r1] 2:05:36  129,844/1,000,000  17.2/s  upd=2760  L=0.0220  D=4.643
[regir_r1] 2:05:46  130,219/1,000,000  17.3/s  upd=2768  L=0.0318  D=4.643
[regir_r1] 2:05:57  130,633/1,000,000  17.3/s  upd=2771  L=0.0363  D=4.643
[regir_r1] 2:06:07  130,633/1,000,000  17.3/s  upd=2776  L=0.0258  D=4.643
[regir_r1] 2:06:17  131,003/1,000,000  17.3/s  upd=2778  L=0.0278  D=4.643
[regir_r1] 2:06:27  131,003/1,000,000  17.3/s  upd=2784  L=0.0335  D=4.643
[regir_r1] 2:06:38  131,320/1,000,000  17.3/s  upd=2787  L=0.0405  D=4.643
[regir_r1] 2:06:48  131,320/1,000,000  17.3/s  upd=2792  L=0.0491  D=4.643
[regir_r1] 2:06:58  131,709/1,000,000  17.3/s  upd=2796  L=0.0511  D=4.643
[regir_r1] 2:07:09  132,121/1,000,000  17.3/s  upd=2803  L=0.0427  D=4.643
[regir_r1] 2:07:19  132,121/1,000,000  17.3/s  upd=2808  L=0.0337  D=4.643
[regir_r1] 2:07:29  132,472/1,000,000  17.3/s  upd=2815  L=0.0247  D=4.643
[regir_r1] 2:07:40  132,905/1,000,000  17.3/s  upd=2818  L=0.0476  D=4.643
[regir_r1] 2:07:50  132,905/1,000,000  17.3/s  upd=2824  L=0.0314  D=4.643
[regir_r1] 2:08:01  133,284/1,000,000  17.4/s  upd=2827  L=0.0343  D=4.643
[regir_r1] 2:08:11  133,284/1,000,000  17.3/s  upd=2832  L=0.0253  D=4.643
[regir_r1] 2:08:22  133,577/1,000,000  17.3/s  upd=2838  L=0.0331  D=4.643
[regir_r1] 2:08:34  133,952/1,000,000  17.4/s  upd=2845  L=0.0280  D=4.643
[regir_r1] 2:08:44  134,302/1,000,000  17.4/s  upd=2849  L=0.0294  D=4.643
[regir_r1] 2:08:54  134,302/1,000,000  17.4/s  upd=2856  L=0.0564  D=4.643
[regir_r1] 2:09:04  134,631/1,000,000  17.4/s  upd=2862  L=0.0273  D=4.643
[regir_r1] 2:09:32  134,631/1,000,000  17.3/s  upd=2864  L=0.0236  D=4.643
[regir_r1] 2:09:42  134,631/1,000,000  17.3/s  upd=2864  L=0.0236  D=4.643
[regir_r1] 2:09:52  134,988/1,000,000  17.3/s  upd=2871  L=0.0309  D=4.643
[regir_r1] 2:10:03  135,314/1,000,000  17.3/s  upd=2874  L=0.0354  D=4.643
[regir_r1] 2:10:13  135,314/1,000,000  17.3/s  upd=2880  L=0.0364  D=4.643
[regir_r1] 2:10:23  135,650/1,000,000  17.3/s  upd=2885  L=0.0291  D=4.643
[regir_r1] 2:10:35  135,964/1,000,000  17.4/s  upd=2892  L=0.0408  D=4.643
[regir_r1] 2:10:45  135,964/1,000,000  17.3/s  upd=2896  L=0.0294  D=4.643
[regir_r1] 2:10:55  136,282/1,000,000  17.3/s  upd=2904  L=0.0255  D=4.643
[regir_r1] 2:11:05  136,282/1,000,000  17.3/s  upd=2904  L=0.0255  D=4.643
[regir_r1] 2:11:16  136,726/1,000,000  17.4/s  upd=2908  L=0.0304  D=4.643
[regir_r1] 2:11:27  137,046/1,000,000  17.4/s  upd=2913  L=0.0370  D=4.643
[regir_r1] 2:11:38  137,046/1,000,000  17.4/s  upd=2920  L=0.0465  D=4.643
[regir_r1] 2:11:48  137,046/1,000,000  17.3/s  upd=2920  L=0.0465  D=4.643
[regir_r1] 2:11:59  137,468/1,000,000  17.4/s  upd=2926  L=0.0380  D=4.643
[regir_r1] 2:12:09  137,468/1,000,000  17.3/s  upd=2928  L=0.0354  D=4.643
[regir_r1] 2:12:20  137,877/1,000,000  17.4/s  upd=2934  L=0.0351  D=4.643
[regir_r1] 2:12:31  138,210/1,000,000  17.4/s  upd=2940  L=0.0407  D=4.643
[regir_r1] 2:12:41  138,210/1,000,000  17.4/s  upd=2944  L=0.0358  D=4.643
[regir_r1] 2:12:52  138,549/1,000,000  17.4/s  upd=2949  L=0.0340  D=4.643
[regir_r1] 2:13:02  138,549/1,000,000  17.4/s  upd=2952  L=0.0393  D=4.643
[regir_r1] 2:13:12  138,979/1,000,000  17.4/s  upd=2960  L=0.0316  D=4.643
[regir_r1] 2:13:22  139,284/1,000,000  17.4/s  upd=2968  L=0.0257  D=4.643
[regir_r1] 2:13:33  139,643/1,000,000  17.4/s  upd=2973  L=0.0296  D=4.643
[regir_r1] 2:13:43  139,643/1,000,000  17.4/s  upd=2976  L=0.0376  D=4.643
[regir_r1] 2:13:54  139,994/1,000,000  17.4/s  upd=2981  L=0.0515  D=4.643
[regir_r1] 2:14:05  140,348/1,000,000  17.4/s  upd=2985  L=0.0488  D=4.643
[regir_r1] saved resume t_env=140,348
[regir_r1] 2:14:28  140,348/1,000,000  17.4/s  upd=2992  L=0.0368  ev=0/100  D=4.643
[regir_r1] 2:14:38  140,348/1,000,000  17.4/s  upd=2992  L=0.0368  ev=8/100  D=4.643
[regir_r1] 2:14:48  140,348/1,000,000  17.4/s  upd=2992  L=0.0368  ev=16/100  D=4.643
[regir_r1] 2:14:58  140,348/1,000,000  17.3/s  upd=2992  L=0.0368  ev=24/100  D=4.643
[regir_r1] 2:15:09  140,348/1,000,000  17.3/s  upd=2992  L=0.0368  ev=37/100  D=4.643
[regir_r1] 2:15:19  140,348/1,000,000  17.3/s  upd=2992  L=0.0368  ev=56/100  D=4.643
[regir_r1] 2:15:29  140,348/1,000,000  17.3/s  upd=2992  L=0.0368  ev=95/100  D=4.643
[regir_r1] 2:16:28  140,348/1,000,000  17.1/s  upd=2992  L=0.0368  D=4.216
[regir_r1] 2:18:58  140,348/1,000,000  16.8/s  upd=2992  L=0.0368  D=4.216
[regir_r1] 2:19:09  141,038/1,000,000  16.9/s  upd=3001  L=0.0409  D=4.216
[regir_r1] 2:19:20  141,436/1,000,000  16.9/s  upd=3009  L=0.0319  D=4.216
[regir_r1] 2:19:31  141,774/1,000,000  16.9/s  upd=3019  L=0.0232  D=4.216
[regir_r1] 2:19:41  142,146/1,000,000  17.0/s  upd=3027  L=0.0421  D=4.216
[regir_r1] 2:19:52  142,488/1,000,000  17.0/s  upd=3036  L=0.0305  D=4.216
[regir_r1] 2:20:02  142,889/1,000,000  17.0/s  upd=3045  L=0.0292  D=4.216
[regir_r1] 2:20:13  143,223/1,000,000  17.0/s  upd=3055  L=0.0231  D=4.216
[regir_r1] 2:20:23  143,975/1,000,000  17.1/s  upd=3066  L=0.0313  D=4.216
[regir_r1] 2:20:33  144,355/1,000,000  17.1/s  upd=3080  L=0.0525  D=4.216
[regir_r1] 2:20:44  145,087/1,000,000  17.2/s  upd=3092  L=0.0339  D=4.216
[regir_r1] 2:20:54  145,400/1,000,000  17.2/s  upd=3104  L=0.0420  D=4.216
[regir_r1] 2:21:04  146,088/1,000,000  17.3/s  upd=3117  L=0.0411  D=4.216
[regir_r1] 2:21:14  146,495/1,000,000  17.3/s  upd=3127  L=0.0229  D=4.216
[regir_r1] 2:21:25  146,873/1,000,000  17.3/s  upd=3136  L=0.0376  D=4.216
[regir_r1] 2:21:35  147,609/1,000,000  17.4/s  upd=3145  L=0.0423  D=4.216
[regir_r1] 2:21:46  147,925/1,000,000  17.4/s  upd=3155  L=0.0338  D=4.216
[regir_r1] 2:21:56  148,308/1,000,000  17.4/s  upd=3164  L=0.0191  D=4.216
[regir_r1] 2:22:06  148,664/1,000,000  17.4/s  upd=3171  L=0.0349  D=4.216
[regir_r1] 2:22:16  148,664/1,000,000  17.4/s  upd=3176  L=0.0292  D=4.216
[regir_r1] 2:22:26  149,060/1,000,000  17.4/s  upd=3183  L=0.0601  D=4.216
[regir_r1] 2:22:37  149,430/1,000,000  17.5/s  upd=3189  L=0.0370  D=4.216
[regir_r1] 2:22:47  149,726/1,000,000  17.5/s  upd=3195  L=0.0397  D=4.216
[regir_r1] 2:22:57  149,726/1,000,000  17.5/s  upd=3200  L=0.0370  D=4.216
[regir_r1] 2:23:08  150,060/1,000,000  17.5/s  upd=3208  L=0.0396  D=4.216
[regir_r1] 2:23:19  150,427/1,000,000  17.5/s  upd=3214  L=0.0504  D=4.216
[regir_r1] 2:23:29  150,755/1,000,000  17.5/s  upd=3219  L=0.0389  D=4.216
[regir_r1] 2:23:39  151,080/1,000,000  17.5/s  upd=3227  L=0.0459  D=4.216
[regir_r1] 2:23:50  151,422/1,000,000  17.5/s  upd=3234  L=0.0432  D=4.216
[regir_r1] 2:24:00  151,422/1,000,000  17.5/s  upd=3240  L=0.0325  D=4.216
[regir_r1] 2:24:10  151,719/1,000,000  17.5/s  upd=3247  L=0.0306  D=4.216
[regir_r1] 2:25:25  151,719/1,000,000  17.4/s  upd=3248  L=0.0328  D=4.216
[regir_r1] 2:25:35  152,047/1,000,000  17.4/s  upd=3252  L=0.0430  D=4.216
[regir_r1] saved resume t_env=152,047
[regir_r1] 2:25:45  152,047/1,000,000  17.4/s  upd=3256  L=0.0435  D=4.216
[regir_r1] 2:25:57  152,437/1,000,000  17.4/s  upd=3261  L=0.0268  D=4.216
[regir_r1] 2:26:07  152,437/1,000,000  17.4/s  upd=3264  L=0.0189  D=4.216
[regir_r1] 2:26:17  152,749/1,000,000  17.4/s  upd=3271  L=0.0404  D=4.216
[regir_r1] 2:26:27  152,749/1,000,000  17.4/s  upd=3272  L=0.0461  D=4.216
[regir_r1] 2:26:38  153,129/1,000,000  17.4/s  upd=3273  L=0.0420  D=4.216
[regir_r1] 2:26:48  153,129/1,000,000  17.4/s  upd=3280  L=0.0230  D=4.216
[regir_r1] 2:26:58  153,555/1,000,000  17.4/s  upd=3286  L=0.0405  D=4.216
[regir_r1] 2:27:08  153,883/1,000,000  17.4/s  upd=3292  L=0.0423  D=4.216
[regir_r1] 2:27:18  153,883/1,000,000  17.4/s  upd=3296  L=0.0426  D=4.216
[regir_r1] 2:27:28  154,306/1,000,000  17.4/s  upd=3304  L=0.0368  D=4.216
[regir_r1] 2:27:38  155,052/1,000,000  17.5/s  upd=3313  L=0.0469  D=4.216
[regir_r1] 2:27:49  155,374/1,000,000  17.5/s  upd=3321  L=0.0347  D=4.216
[regir_r1] 2:28:00  155,746/1,000,000  17.5/s  upd=3330  L=0.0477  D=4.216
[regir_r1] 2:28:10  156,065/1,000,000  17.6/s  upd=3341  L=0.0353  D=4.216
[regir_r1] 2:28:21  156,357/1,000,000  17.6/s  upd=3352  L=0.0399  D=4.216
[regir_r1] 2:28:32  157,097/1,000,000  17.6/s  upd=3361  L=0.0324  D=4.216
[regir_r1] 2:28:42  157,375/1,000,000  17.6/s  upd=3371  L=0.0437  D=4.216
[regir_r1] 2:28:52  157,732/1,000,000  17.7/s  upd=3380  L=0.0416  D=4.216
[regir_r1] 2:29:03  158,047/1,000,000  17.7/s  upd=3385  L=0.0329  D=4.216
[regir_r1] 2:29:13  158,047/1,000,000  17.7/s  upd=3392  L=0.0449  D=4.216
[regir_r1] 2:29:24  158,352/1,000,000  17.7/s  upd=3400  L=0.0431  D=4.216
[regir_r1] 2:29:35  158,670/1,000,000  17.7/s  upd=3404  L=0.0375  D=4.216
[regir_r1] 2:29:45  158,670/1,000,000  17.7/s  upd=3408  L=0.0375  D=4.216
[regir_r1] 2:29:57  159,001/1,000,000  17.7/s  upd=3414  L=0.0455  D=4.216
[regir_r1] 2:30:07  159,303/1,000,000  17.7/s  upd=3419  L=0.0413  D=4.216
[regir_r1] 2:30:18  159,303/1,000,000  17.7/s  upd=3424  L=0.0375  D=4.216
[regir_r1] 2:30:28  159,638/1,000,000  17.7/s  upd=3432  L=0.0260  D=4.216
[regir_r1] 2:31:34  159,638/1,000,000  17.6/s  upd=3432  L=0.0260  D=4.216
[regir_r1] 2:31:45  159,978/1,000,000  17.6/s  upd=3437  L=0.0384  D=4.216
[regir_r1] 2:31:55  159,978/1,000,000  17.5/s  upd=3440  L=0.0314  D=4.216
[regir_r1] 2:32:05  160,289/1,000,000  17.6/s  upd=3445  L=0.0337  D=4.216
[regir_r1] saved resume t_env=160,289
[regir_r1] 2:32:25  160,289/1,000,000  17.5/s  upd=3448  L=0.0320  ev=0/100  D=4.216
[regir_r1] 2:32:35  160,289/1,000,000  17.5/s  upd=3448  L=0.0320  ev=7/100  D=4.216
[regir_r1] 2:32:45  160,289/1,000,000  17.5/s  upd=3448  L=0.0320  ev=15/100  D=4.216
[regir_r1] 2:32:55  160,289/1,000,000  17.5/s  upd=3448  L=0.0320  ev=23/100  D=4.216
[regir_r1] 2:33:06  160,289/1,000,000  17.4/s  upd=3448  L=0.0320  ev=39/100  D=4.216
[regir_r1] 2:33:16  160,289/1,000,000  17.4/s  upd=3448  L=0.0320  ev=45/100  D=4.216
[regir_r1] 2:33:26  160,289/1,000,000  17.4/s  upd=3448  L=0.0320  ev=55/100  D=4.216
[regir_r1] 2:33:36  160,289/1,000,000  17.4/s  upd=3448  L=0.0320  ev=63/100  D=4.216
[regir_r1] 2:33:46  160,289/1,000,000  17.4/s  upd=3448  L=0.0320  ev=72/100  D=4.216
[regir_r1] 2:33:56  160,289/1,000,000  17.4/s  upd=3448  L=0.0320  ev=84/100  D=4.216
[regir_r1] 2:34:06  160,289/1,000,000  17.3/s  upd=3448  L=0.0320  ev=96/100  D=4.216
[regir_r1] 2:34:56  160,289/1,000,000  17.2/s  upd=3448  L=0.0320  D=2.331
[regir_r1] 2:35:06  160,591/1,000,000  17.3/s  upd=3454  L=0.0388  D=2.331
[regir_r1] 2:35:18  160,912/1,000,000  17.3/s  upd=3461  L=0.0319  D=2.331
[regir_r1] 2:35:28  161,279/1,000,000  17.3/s  upd=3467  L=0.0321  D=2.331
[regir_r1] 2:35:38  161,279/1,000,000  17.3/s  upd=3472  L=0.0389  D=2.331
[regir_r1] 2:35:48  161,601/1,000,000  17.3/s  upd=3479  L=0.0278  D=2.331
[regir_r1] 2:36:00  161,921/1,000,000  17.3/s  upd=3485  L=0.0303  D=2.331
[regir_r1] 2:36:10  162,257/1,000,000  17.3/s  upd=3491  L=0.0438  D=2.331
[regir_r1] 2:36:20  162,257/1,000,000  17.3/s  upd=3496  L=0.0299  D=2.331
[regir_r1] 2:36:30  162,619/1,000,000  17.3/s  upd=3504  L=0.0400  D=2.331
[regir_r1] 2:36:40  162,958/1,000,000  17.3/s  upd=3508  L=0.0397  D=2.331
[regir_r1] 2:37:29  162,958/1,000,000  17.2/s  upd=3512  L=0.0316  D=2.331
[regir_r1] 2:37:40  162,958/1,000,000  17.2/s  upd=3512  L=0.0316  D=2.331
[regir_r1] 2:37:50  163,301/1,000,000  17.2/s  upd=3518  L=0.0412  D=2.331
[regir_r1] 2:38:00  163,301/1,000,000  17.2/s  upd=3520  L=0.0404  D=2.331
[regir_r1] 2:38:11  163,705/1,000,000  17.2/s  upd=3524  L=0.0480  D=2.331
[regir_r1] 2:38:21  163,705/1,000,000  17.2/s  upd=3528  L=0.0419  D=2.331
[regir_r1] 2:38:31  164,019/1,000,000  17.2/s  upd=3532  L=0.0367  D=2.331
[regir_r1] 2:38:41  164,347/1,000,000  17.3/s  upd=3538  L=0.0322  D=2.331
[regir_r1] 2:38:51  164,347/1,000,000  17.2/s  upd=3544  L=0.0279  D=2.331
[regir_r1] 2:39:02  164,686/1,000,000  17.3/s  upd=3545  L=0.0224  D=2.331
[regir_r1] 2:39:12  164,686/1,000,000  17.2/s  upd=3552  L=0.0331  D=2.331
[regir_r1] 2:39:23  164,686/1,000,000  17.2/s  upd=3552  L=0.0331  D=2.331
[regir_r1] 2:39:34  165,011/1,000,000  17.2/s  upd=3559  L=0.0297  D=2.331
[regir_r1] 2:39:44  165,011/1,000,000  17.2/s  upd=3560  L=0.0203  D=2.331
[regir_r1] 2:39:54  165,350/1,000,000  17.2/s  upd=3566  L=0.0262  D=2.331
[regir_r1] 2:40:05  165,667/1,000,000  17.2/s  upd=3569  L=0.0290  D=2.331
[regir_r1] 2:40:15  165,667/1,000,000  17.2/s  upd=3576  L=0.0717  D=2.331
[regir_r1] 2:40:25  166,056/1,000,000  17.3/s  upd=3581  L=0.0494  D=2.331
[regir_r1] 2:40:35  166,056/1,000,000  17.2/s  upd=3584  L=0.0494  D=2.331
[regir_r1] 2:40:47  166,406/1,000,000  17.2/s  upd=3591  L=0.0322  D=2.331
[regir_r1] 2:40:57  166,750/1,000,000  17.3/s  upd=3595  L=0.0476  D=2.331
[regir_r1] 2:41:07  167,113/1,000,000  17.3/s  upd=3602  L=0.0572  D=2.331
[regir_r1] 2:41:17  167,113/1,000,000  17.3/s  upd=3608  L=0.0413  D=2.331
[regir_r1] 2:41:27  167,422/1,000,000  17.3/s  upd=3616  L=0.0594  D=2.331
[regir_r1] 2:41:38  167,811/1,000,000  17.3/s  upd=3619  L=0.0355  D=2.331
[regir_r1] 2:41:49  168,105/1,000,000  17.3/s  upd=3625  L=0.0435  D=2.331
[regir_r1] 2:41:59  168,105/1,000,000  17.3/s  upd=3632  L=0.0363  D=2.331
[regir_r1] 2:42:09  168,444/1,000,000  17.3/s  upd=3639  L=0.0386  D=2.331
[regir_r1] 2:42:20  168,760/1,000,000  17.3/s  upd=3648  L=0.0404  D=2.331
[regir_r1] saved resume t_env=168,760
[regir_r1] 2:42:30  169,099/1,000,000  17.3/s  upd=3653  L=0.0434  D=2.331
[regir_r1] 2:43:09  169,099/1,000,000  17.3/s  upd=3656  L=0.0366  D=2.331
[regir_r1] 2:43:20  169,436/1,000,000  17.3/s  upd=3664  L=0.0460  D=2.331
[regir_r1] 2:43:31  169,798/1,000,000  17.3/s  upd=3669  L=0.0323  D=2.331
[regir_r1] 2:43:41  170,103/1,000,000  17.3/s  upd=3673  L=0.0263  D=2.331
[regir_r1] 2:43:52  170,103/1,000,000  17.3/s  upd=3680  L=0.0313  D=2.331
[regir_r1] 2:44:02  170,103/1,000,000  17.3/s  upd=3680  L=0.0313  D=2.331
[regir_r1] 2:44:13  170,429/1,000,000  17.3/s  upd=3687  L=0.0404  D=2.331
[regir_r1] 2:44:24  170,785/1,000,000  17.3/s  upd=3689  L=0.0471  D=2.331
[regir_r1] 2:44:34  171,071/1,000,000  17.3/s  upd=3697  L=0.0412  D=2.331
[regir_r1] 2:44:45  171,477/1,000,000  17.3/s  upd=3706  L=0.0537  D=2.331
[regir_r1] 2:44:56  171,792/1,000,000  17.4/s  upd=3714  L=0.0330  D=2.331
[regir_r1] 2:45:06  172,130/1,000,000  17.4/s  upd=3723  L=0.0402  D=2.331
[regir_r1] 2:45:17  172,506/1,000,000  17.4/s  upd=3731  L=0.0310  D=2.331
[regir_r1] 2:45:27  172,888/1,000,000  17.4/s  upd=3740  L=0.0443  D=2.331
[regir_r1] 2:45:38  173,174/1,000,000  17.4/s  upd=3749  L=0.0340  D=2.331
[regir_r1] 2:45:48  173,786/1,000,000  17.5/s  upd=3762  L=0.0293  D=2.331
[regir_r1] 2:45:58  174,193/1,000,000  17.5/s  upd=3776  L=0.0397  D=2.331
[regir_r1] 2:46:08  174,851/1,000,000  17.5/s  upd=3790  L=0.0283  D=2.331
[regir_r1] 2:46:19  175,475/1,000,000  17.6/s  upd=3804  L=0.0452  D=2.331
[regir_r1] 2:46:29  176,110/1,000,000  17.6/s  upd=3819  L=0.0425  D=2.331
[regir_r1] 2:46:39  176,691/1,000,000  17.7/s  upd=3834  L=0.0442  D=2.331
[regir_r1] 2:46:49  177,338/1,000,000  17.7/s  upd=3849  L=0.0440  D=2.331
[regir_r1] 2:46:59  177,678/1,000,000  17.7/s  upd=3864  L=0.0468  D=2.331
[regir_r1] 2:47:10  178,326/1,000,000  17.8/s  upd=3878  L=0.0322  D=2.331
[regir_r1] 2:47:20  178,632/1,000,000  17.8/s  upd=3886  L=0.0295  D=2.331
[regir_r1] 2:47:30  178,999/1,000,000  17.8/s  upd=3895  L=0.0396  D=2.331
[regir_r1] 2:47:40  179,631/1,000,000  17.9/s  upd=3905  L=0.0235  D=2.331
[regir_r1] 2:47:51  179,938/1,000,000  17.9/s  upd=3915  L=0.0379  D=2.331
[regir_r1] 2:48:01  180,348/1,000,000  17.9/s  upd=3924  L=0.0291  D=2.331
[regir_r1] saved resume t_env=180,348
[regir_r1] 2:48:21  180,348/1,000,000  17.9/s  upd=3928  L=0.0409  ev=0/100  D=2.331
[regir_r1] 2:48:31  180,348/1,000,000  17.8/s  upd=3928  L=0.0409  ev=48/100  D=2.331
[regir_r1] 2:48:41  180,348/1,000,000  17.8/s  upd=3928  L=0.0409  ev=96/100  D=2.331
[regir_r1] 2:50:37  180,348/1,000,000  17.6/s  upd=3928  L=0.0409  D=2.248
[regir_r1] 2:52:24  180,348/1,000,000  17.4/s  upd=3928  L=0.0409  D=2.248
[regir_r1] 2:52:34  180,348/1,000,000  17.4/s  upd=3928  L=0.0409  D=2.248
[regir_r1] 2:52:44  180,730/1,000,000  17.4/s  upd=3936  L=0.0501  D=2.248
[regir_r1] 2:52:55  181,094/1,000,000  17.5/s  upd=3943  L=0.0371  D=2.248
[regir_r1] 2:53:05  181,507/1,000,000  17.5/s  upd=3946  L=0.0399  D=2.248
[regir_r1] 2:53:15  181,839/1,000,000  17.5/s  upd=3955  L=0.0336  D=2.248
[regir_r1] 2:53:25  181,839/1,000,000  17.5/s  upd=3960  L=0.0438  D=2.248
[regir_r1] 2:53:36  182,194/1,000,000  17.5/s  upd=3968  L=0.0288  D=2.248
[regir_r1] 2:53:46  182,482/1,000,000  17.5/s  upd=3972  L=0.0375  D=2.248
[regir_r1] 2:53:56  182,482/1,000,000  17.5/s  upd=3976  L=0.0561  D=2.248
[regir_r1] 2:54:06  182,871/1,000,000  17.5/s  upd=3982  L=0.0439  D=2.248
[regir_r1] 2:54:17  183,172/1,000,000  17.5/s  upd=3987  L=0.0472  D=2.248
[regir_r1] 2:54:28  183,172/1,000,000  17.5/s  upd=3992  L=0.0370  D=2.248
[regir_r1] 2:54:38  183,444/1,000,000  17.5/s  upd=4000  L=0.0345  D=2.248
[regir_r1] 2:54:49  183,740/1,000,000  17.5/s  upd=4002  L=0.0313  D=2.248
[regir_r1] 2:54:59  184,033/1,000,000  17.5/s  upd=4008  L=0.0336  D=2.248
[regir_r1] 2:55:10  184,033/1,000,000  17.5/s  upd=4016  L=0.0438  D=2.248
[regir_r1] 2:55:20  184,381/1,000,000  17.5/s  upd=4024  L=0.0448  D=2.248
[regir_r1] 2:55:30  184,744/1,000,000  17.5/s  upd=4028  L=0.0400  D=2.248
[regir_r1] 2:55:41  185,032/1,000,000  17.6/s  upd=4036  L=0.0395  D=2.248
[regir_r1] 2:55:51  185,032/1,000,000  17.5/s  upd=4040  L=0.0472  D=2.248
[regir_r1] 2:56:02  185,326/1,000,000  17.5/s  upd=4047  L=0.0457  D=2.248
[regir_r1] 2:56:12  185,326/1,000,000  17.5/s  upd=4048  L=0.0444  D=2.248
[regir_r1] 2:56:23  185,731/1,000,000  17.5/s  upd=4055  L=0.0413  D=2.248
[regir_r1] 2:56:33  185,731/1,000,000  17.5/s  upd=4056  L=0.0338  D=2.248
[regir_r1] 2:56:43  186,141/1,000,000  17.6/s  upd=4059  L=0.0403  D=2.248
[regir_r1] 2:56:53  186,141/1,000,000  17.5/s  upd=4064  L=0.0605  D=2.248
[regir_r1] 2:57:04  186,457/1,000,000  17.5/s  upd=4067  L=0.0363  D=2.248
[regir_r1] 2:57:14  186,457/1,000,000  17.5/s  upd=4072  L=0.0350  D=2.248
[regir_r1] 2:57:25  186,764/1,000,000  17.5/s  upd=4076  L=0.0508  D=2.248
[regir_r1] 2:57:57  186,764/1,000,000  17.5/s  upd=4080  L=0.0298  D=2.248
[regir_r1] 2:58:08  187,069/1,000,000  17.5/s  upd=4081  L=0.0338  D=2.248
[regir_r1] saved resume t_env=187,069
[regir_r1] 2:58:18  187,069/1,000,000  17.5/s  upd=4088  L=0.0297  D=2.248
[regir_r1] 2:58:28  187,365/1,000,000  17.5/s  upd=4091  L=0.0397  D=2.248
[regir_r1] 2:58:38  187,365/1,000,000  17.5/s  upd=4096  L=0.0254  D=2.248
[regir_r1] 2:58:49  187,655/1,000,000  17.5/s  upd=4102  L=0.0419  D=2.248
[regir_r1] 2:59:00  188,083/1,000,000  17.5/s  upd=4107  L=0.0333  D=2.248
[regir_r1] 2:59:11  188,083/1,000,000  17.5/s  upd=4112  L=0.0394  D=2.248
[regir_r1] 2:59:21  188,431/1,000,000  17.5/s  upd=4118  L=0.0370  D=2.248
[regir_r1] 2:59:32  188,753/1,000,000  17.5/s  upd=4122  L=0.0428  D=2.248
[regir_r1] 2:59:42  188,753/1,000,000  17.5/s  upd=4128  L=0.0572  D=2.248
[regir_r1] 2:59:52  189,154/1,000,000  17.5/s  upd=4133  L=0.0420  D=2.248
[regir_r1] 3:00:03  189,538/1,000,000  17.5/s  upd=4137  L=0.0256  D=2.248
[regir_r1] 3:00:13  189,538/1,000,000  17.5/s  upd=4144  L=0.0390  D=2.248
[regir_r1] 3:00:23  189,538/1,000,000  17.5/s  upd=4144  L=0.0390  D=2.248
[regir_r1] 3:00:33  189,911/1,000,000  17.5/s  upd=4151  L=0.0335  D=2.248
[regir_r1] 3:00:44  190,269/1,000,000  17.5/s  upd=4156  L=0.0377  D=2.248
[regir_r1] 3:00:54  190,564/1,000,000  17.6/s  upd=4165  L=0.0458  D=2.248
[regir_r1] 3:01:05  190,915/1,000,000  17.6/s  upd=4173  L=0.0376  D=2.248
[regir_r1] 3:01:15  191,238/1,000,000  17.6/s  upd=4183  L=0.0419  D=2.248
[regir_r1] 3:01:26  191,568/1,000,000  17.6/s  upd=4192  L=0.0232  D=2.248
[regir_r1] 3:01:36  191,924/1,000,000  17.6/s  upd=4197  L=0.0353  D=2.248
[regir_r1] 3:01:47  192,227/1,000,000  17.6/s  upd=4204  L=0.0435  D=2.248
[regir_r1] 3:01:57  192,227/1,000,000  17.6/s  upd=4208  L=0.0268  D=2.248
[regir_r1] 3:02:08  192,609/1,000,000  17.6/s  upd=4212  L=0.0677  D=2.248
[regir_r1] 3:02:18  192,609/1,000,000  17.6/s  upd=4216  L=0.0437  D=2.248
[regir_r1] 3:02:29  192,952/1,000,000  17.6/s  upd=4221  L=0.0467  D=2.248
[regir_r1] 3:02:41  193,234/1,000,000  17.6/s  upd=4228  L=0.0291  D=2.248
[regir_r1] 3:02:51  193,234/1,000,000  17.6/s  upd=4232  L=0.0318  D=2.248
[regir_r1] 3:03:49  193,581/1,000,000  17.6/s  upd=4240  L=0.0369  D=2.248
[regir_r1] 3:04:00  193,904/1,000,000  17.6/s  upd=4248  L=0.0346  D=2.248
[regir_r1] 3:04:11  194,250/1,000,000  17.6/s  upd=4253  L=0.0456  D=2.248
[regir_r1] 3:04:21  194,250/1,000,000  17.6/s  upd=4256  L=0.0464  D=2.248
[regir_r1] 3:04:31  194,593/1,000,000  17.6/s  upd=4264  L=0.0446  D=2.248
[regir_r1] 3:04:41  194,941/1,000,000  17.6/s  upd=4270  L=0.0317  D=2.248
[regir_r1] 3:04:52  195,266/1,000,000  17.6/s  upd=4279  L=0.0415  D=2.248
[regir_r1] 3:05:02  195,548/1,000,000  17.6/s  upd=4283  L=0.0340  D=2.248
[regir_r1] 3:05:13  195,870/1,000,000  17.6/s  upd=4292  L=0.0281  D=2.248
[regir_r1] 3:05:23  196,205/1,000,000  17.6/s  upd=4297  L=0.0514  D=2.248
[regir_r1] 3:05:33  196,205/1,000,000  17.6/s  upd=4304  L=0.0528  D=2.248
[regir_r1] 3:05:44  196,589/1,000,000  17.6/s  upd=4311  L=0.0501  D=2.248
[regir_r1] 3:05:55  196,961/1,000,000  17.7/s  upd=4317  L=0.0439  D=2.248
[regir_r1] 3:06:05  197,257/1,000,000  17.7/s  upd=4324  L=0.0499  D=2.248
[regir_r1] 3:06:15  197,257/1,000,000  17.7/s  upd=4328  L=0.0430  D=2.248
[regir_r1] 3:06:25  197,575/1,000,000  17.7/s  upd=4336  L=0.0615  D=2.248
[regir_r1] 3:06:35  197,843/1,000,000  17.7/s  upd=4343  L=0.0368  D=2.248
[regir_r1] 3:06:46  198,159/1,000,000  17.7/s  upd=4350  L=0.0471  D=2.248
[regir_r1] 3:06:57  198,461/1,000,000  17.7/s  upd=4354  L=0.0438  D=2.248
[regir_r1] 3:07:07  198,461/1,000,000  17.7/s  upd=4360  L=0.0472  D=2.248
[regir_r1] 3:07:17  198,762/1,000,000  17.7/s  upd=4368  L=0.0400  D=2.248
[regir_r1] 3:07:27  199,447/1,000,000  17.7/s  upd=4378  L=0.0337  D=2.248
[regir_r1] 3:07:38  199,797/1,000,000  17.7/s  upd=4386  L=0.0482  D=2.248
[regir_r1] 3:07:48  200,123/1,000,000  17.8/s  upd=4397  L=0.0377  D=2.248
[regir_r1] saved resume t_env=200,123
[regir_r1] 3:08:06  200,123/1,000,000  17.7/s  upd=4400  L=0.0320  ev=0/100  D=2.248
[regir_r1] 3:08:17  200,123/1,000,000  17.7/s  upd=4400  L=0.0320  ev=18/100  D=2.248
[regir_r1] 3:08:27  200,123/1,000,000  17.7/s  upd=4400  L=0.0320  ev=31/100  D=2.248
[regir_r1] 3:08:37  200,123/1,000,000  17.7/s  upd=4400  L=0.0320  ev=39/100  D=2.248
[regir_r1] 3:08:47  200,123/1,000,000  17.7/s  upd=4400  L=0.0320  ev=48/100  D=2.248
[regir_r1] 3:08:57  200,123/1,000,000  17.7/s  upd=4400  L=0.0320  ev=55/100  D=2.248
[regir_r1] 3:09:07  200,123/1,000,000  17.6/s  upd=4400  L=0.0320  ev=64/100  D=2.248
[regir_r1] 3:09:17  200,123/1,000,000  17.6/s  upd=4400  L=0.0320  ev=76/100  D=2.248
[regir_r1] 3:09:27  200,123/1,000,000  17.6/s  upd=4400  L=0.0320  ev=88/100  D=2.248
[regir_r1] 3:09:37  200,123/1,000,000  17.6/s  upd=4400  L=0.0320  ev=98/100  D=2.248
[regir_r1] 3:10:14  200,123/1,000,000  17.5/s  upd=4400  L=0.0320  D=2.362
[regir_r1] 3:11:35  200,123/1,000,000  17.4/s  upd=4400  L=0.0320  D=2.362
[regir_r1] 3:11:45  200,796/1,000,000  17.5/s  upd=4409  L=0.0384  D=2.362
[regir_r1] 3:11:55  201,093/1,000,000  17.5/s  upd=4423  L=0.0563  D=2.362
[regir_r1] 3:12:05  201,781/1,000,000  17.5/s  upd=4435  L=0.0621  D=2.362
[regir_r1] 3:12:16  202,116/1,000,000  17.5/s  upd=4445  L=0.0485  D=2.362
[regir_r1] 3:12:26  202,435/1,000,000  17.5/s  upd=4456  L=0.0451  D=2.362
[regir_r1] 3:12:36  203,087/1,000,000  17.6/s  upd=4465  L=0.0407  D=2.362
[regir_r1] 3:12:46  203,087/1,000,000  17.6/s  upd=4472  L=0.0418  D=2.362
[regir_r1] 3:12:56  203,399/1,000,000  17.6/s  upd=4480  L=0.0399  D=2.362
[regir_r1] 3:13:06  203,725/1,000,000  17.6/s  upd=4488  L=0.0399  D=2.362
[regir_r1] 3:13:17  204,048/1,000,000  17.6/s  upd=4495  L=0.0473  D=2.362
[regir_r1] 3:13:28  204,349/1,000,000  17.6/s  upd=4502  L=0.0527  D=2.362
[regir_r1] 3:13:38  204,696/1,000,000  17.6/s  upd=4508  L=0.0464  D=2.362
[regir_r1] 3:13:49  205,033/1,000,000  17.6/s  upd=4519  L=0.0342  D=2.362
[regir_r1] 3:13:59  205,329/1,000,000  17.6/s  upd=4528  L=0.0428  D=2.362
[regir_r1] 3:14:10  205,670/1,000,000  17.7/s  upd=4535  L=0.0589  D=2.362
[regir_r1] 3:14:20  205,973/1,000,000  17.7/s  upd=4541  L=0.0459  D=2.362
[regir_r1] 3:14:31  206,317/1,000,000  17.7/s  upd=4548  L=0.0492  D=2.362
[regir_r1] 3:14:41  206,646/1,000,000  17.7/s  upd=4554  L=0.0516  D=2.362
[regir_r1] 3:14:51  206,646/1,000,000  17.7/s  upd=4560  L=0.0609  D=2.362
[regir_r1] 3:15:01  206,958/1,000,000  17.7/s  upd=4568  L=0.0358  D=2.362
[regir_r1] 3:15:12  207,310/1,000,000  17.7/s  upd=4576  L=0.0661  D=2.362
[regir_r1] 3:15:23  207,613/1,000,000  17.7/s  upd=4581  L=0.0534  D=2.362
[regir_r1] 3:15:33  207,944/1,000,000  17.7/s  upd=4585  L=0.0474  D=2.362
[regir_r1] 3:15:43  207,944/1,000,000  17.7/s  upd=4592  L=0.0741  D=2.362
[regir_r1] 3:15:54  208,304/1,000,000  17.7/s  upd=4597  L=0.0496  D=2.362
[regir_r1] 3:16:04  208,304/1,000,000  17.7/s  upd=4600  L=0.0446  D=2.362
[regir_r1] 3:16:14  208,617/1,000,000  17.7/s  upd=4604  L=0.0363  D=2.362
[regir_r1] 3:16:24  208,617/1,000,000  17.7/s  upd=4608  L=0.0574  D=2.362
[regir_r1] 3:16:34  208,901/1,000,000  17.7/s  upd=4613  L=0.0455  D=2.362
[regir_r1] 3:18:15  208,901/1,000,000  17.6/s  upd=4616  L=0.0327  D=2.362
[regir_r1] 3:18:26  209,211/1,000,000  17.6/s  upd=4622  L=0.0511  D=2.362
[regir_r1] saved resume t_env=209,211
[regir_r1] 3:18:36  209,506/1,000,000  17.6/s  upd=4625  L=0.0574  D=2.362
[regir_r1] 3:18:47  209,787/1,000,000  17.6/s  upd=4633  L=0.0422  D=2.362
[regir_r1] 3:18:57  209,787/1,000,000  17.6/s  upd=4640  L=0.0475  D=2.362
[regir_r1] 3:19:07  210,102/1,000,000  17.6/s  upd=4648  L=0.0426  D=2.362
[regir_r1] 3:19:17  210,458/1,000,000  17.6/s  upd=4656  L=0.0433  D=2.362
[regir_r1] 3:19:27  210,785/1,000,000  17.6/s  upd=4656  L=0.0433  D=2.362
[regir_r1] 3:19:38  210,785/1,000,000  17.6/s  upd=4664  L=0.0366  D=2.362
[regir_r1] 3:19:48  211,061/1,000,000  17.6/s  upd=4669  L=0.0340  D=2.362
[regir_r1] 3:19:59  211,375/1,000,000  17.6/s  upd=4675  L=0.0381  D=2.362
[regir_r1] 3:20:10  211,703/1,000,000  17.6/s  upd=4682  L=0.0544  D=2.362
[regir_r1] 3:20:20  211,703/1,000,000  17.6/s  upd=4688  L=0.0358  D=2.362
[regir_r1] 3:20:30  212,026/1,000,000  17.6/s  upd=4691  L=0.0353  D=2.362
[regir_r1] 3:20:40  212,026/1,000,000  17.6/s  upd=4696  L=0.0409  D=2.362
[regir_r1] 3:20:50  212,326/1,000,000  17.6/s  upd=4704  L=0.0521  D=2.362
[regir_r1] 3:21:01  212,630/1,000,000  17.6/s  upd=4712  L=0.0486  D=2.362
[regir_r1] 3:21:11  212,946/1,000,000  17.6/s  upd=4720  L=0.0311  D=2.362
[regir_r1] 3:21:22  213,269/1,000,000  17.7/s  upd=4724  L=0.0382  D=2.362
[regir_r1] 3:21:32  213,269/1,000,000  17.6/s  upd=4728  L=0.0367  D=2.362
[regir_r1] 3:21:42  213,602/1,000,000  17.6/s  upd=4735  L=0.0370  D=2.362
[regir_r1] 3:21:54  213,895/1,000,000  17.7/s  upd=4742  L=0.0350  D=2.362
[regir_r1] 3:22:04  213,895/1,000,000  17.6/s  upd=4744  L=0.0343  D=2.362
[regir_r1] 3:22:15  214,226/1,000,000  17.7/s  upd=4751  L=0.0450  D=2.362
[regir_r1] 3:22:25  214,226/1,000,000  17.6/s  upd=4752  L=0.0516  D=2.362
[regir_r1] 3:22:36  214,546/1,000,000  17.6/s  upd=4759  L=0.0350  D=2.362
[regir_r1] 3:22:46  214,546/1,000,000  17.6/s  upd=4760  L=0.0521  D=2.362
[regir_r1] 3:22:56  214,887/1,000,000  17.6/s  upd=4767  L=0.0519  D=2.362
[regir_r1] 3:23:07  215,229/1,000,000  17.7/s  upd=4771  L=0.0342  D=2.362
[regir_r1] 3:24:00  215,229/1,000,000  17.6/s  upd=4776  L=0.0452  D=2.362
[regir_r1] 3:24:11  215,504/1,000,000  17.6/s  upd=4778  L=0.0321  D=2.362
[regir_r1] 3:24:21  215,504/1,000,000  17.6/s  upd=4784  L=0.0301  D=2.362
[regir_r1] 3:24:31  215,504/1,000,000  17.6/s  upd=4784  L=0.0301  D=2.362
[regir_r1] 3:24:41  215,880/1,000,000  17.6/s  upd=4792  L=0.0379  D=2.362
[regir_r1] 3:24:52  216,253/1,000,000  17.6/s  upd=4798  L=0.0447  D=2.362
[regir_r1] 3:25:04  216,625/1,000,000  17.6/s  upd=4803  L=0.0337  D=2.362
[regir_r1] 3:25:14  216,625/1,000,000  17.6/s  upd=4808  L=0.0474  D=2.362
[regir_r1] 3:25:24  217,005/1,000,000  17.6/s  upd=4814  L=0.0428  D=2.362
[regir_r1] 3:25:35  217,286/1,000,000  17.6/s  upd=4822  L=0.0405  D=2.362
[regir_r1] 3:25:46  217,589/1,000,000  17.6/s  upd=4829  L=0.0392  D=2.362
[regir_r1] 3:25:56  217,851/1,000,000  17.6/s  upd=4836  L=0.0775  D=2.362
[regir_r1] 3:26:08  218,182/1,000,000  17.6/s  upd=4841  L=0.0329  D=2.362
[regir_r1] 3:26:18  218,182/1,000,000  17.6/s  upd=4848  L=0.0435  D=2.362
[regir_r1] 3:26:29  218,480/1,000,000  17.6/s  upd=4850  L=0.0345  D=2.362
[regir_r1] 3:26:41  218,815/1,000,000  17.6/s  upd=4858  L=0.0474  D=2.362
[regir_r1] 3:26:51  218,815/1,000,000  17.6/s  upd=4864  L=0.0535  D=2.362
[regir_r1] 3:27:01  219,113/1,000,000  17.6/s  upd=4871  L=0.0523  D=2.362
[regir_r1] 3:27:12  219,719/1,000,000  17.7/s  upd=4881  L=0.0292  D=2.362
[regir_r1] 3:27:22  220,064/1,000,000  17.7/s  upd=4889  L=0.0424  D=2.362
[regir_r1] saved resume t_env=220,064
[regir_r1] 3:27:46  220,064/1,000,000  17.7/s  upd=4896  L=0.0306  ev=0/100  D=2.362
[regir_r1] 3:27:56  220,064/1,000,000  17.6/s  upd=4896  L=0.0306  ev=10/100  D=2.362
[regir_r1] 3:28:06  220,064/1,000,000  17.6/s  upd=4896  L=0.0306  ev=33/100  D=2.362
[regir_r1] 3:28:16  220,064/1,000,000  17.6/s  upd=4896  L=0.0306  ev=55/100  D=2.362
[regir_r1] 3:28:26  220,064/1,000,000  17.6/s  upd=4896  L=0.0306  ev=64/100  D=2.362
[regir_r1] 3:28:36  220,064/1,000,000  17.6/s  upd=4896  L=0.0306  ev=81/100  D=2.362
[regir_r1] 3:30:26  220,064/1,000,000  17.4/s  upd=4896  L=0.0306  D=1.460
[regir_r1] 3:32:11  220,064/1,000,000  17.3/s  upd=4896  L=0.0306  D=1.460
[regir_r1] 3:32:22  220,363/1,000,000  17.3/s  upd=4904  L=0.0440  D=1.460
[regir_r1] 3:32:32  220,656/1,000,000  17.3/s  upd=4912  L=0.0495  D=1.460
[regir_r1] 3:32:42  220,994/1,000,000  17.3/s  upd=4920  L=0.0518  D=1.460
[regir_r1] 3:32:53  221,289/1,000,000  17.3/s  upd=4924  L=0.0381  D=1.460
[regir_r1] 3:33:03  221,612/1,000,000  17.3/s  upd=4931  L=0.0442  D=1.460
[regir_r1] 3:33:13  221,612/1,000,000  17.3/s  upd=4936  L=0.0269  D=1.460
[regir_r1] 3:33:24  222,003/1,000,000  17.3/s  upd=4944  L=0.0378  D=1.460
[regir_r1] 3:33:35  222,311/1,000,000  17.3/s  upd=4951  L=0.0368  D=1.460
[regir_r1] 3:33:45  222,654/1,000,000  17.4/s  upd=4955  L=0.0447  D=1.460
[regir_r1] 3:33:55  222,654/1,000,000  17.3/s  upd=4960  L=0.0506  D=1.460
[regir_r1] 3:34:05  222,955/1,000,000  17.4/s  upd=4966  L=0.0380  D=1.460
[regir_r1] 3:34:15  222,955/1,000,000  17.3/s  upd=4968  L=0.0436  D=1.460
[regir_r1] 3:34:26  223,271/1,000,000  17.4/s  upd=4975  L=0.0403  D=1.460
[regir_r1] 3:34:36  223,271/1,000,000  17.3/s  upd=4976  L=0.0457  D=1.460
[regir_r1] 3:34:46  223,572/1,000,000  17.3/s  upd=4984  L=0.0314  D=1.460
[regir_r1] 3:34:56  223,865/1,000,000  17.4/s  upd=4987  L=0.0452  D=1.460
[regir_r1] 3:35:07  224,186/1,000,000  17.4/s  upd=4994  L=0.0627  D=1.460
[regir_r1] 3:35:18  224,495/1,000,000  17.4/s  upd=5001  L=0.0372  D=1.460
[regir_r1] 3:35:28  224,495/1,000,000  17.4/s  upd=5008  L=0.0405  D=1.460
[regir_r1] 3:35:39  224,781/1,000,000  17.4/s  upd=5015  L=0.0459  D=1.460
[regir_r1] 3:35:49  225,099/1,000,000  17.4/s  upd=5024  L=0.0376  D=1.460
[regir_r1] 3:36:00  225,764/1,000,000  17.4/s  upd=5034  L=0.0325  D=1.460
[regir_r1] 3:36:10  226,046/1,000,000  17.4/s  upd=5048  L=0.0382  D=1.460
[regir_r1] 3:36:20  226,628/1,000,000  17.5/s  upd=5063  L=0.0721  D=1.460
[regir_r1] 3:36:30  227,295/1,000,000  17.5/s  upd=5078  L=0.0367  D=1.460
[regir_r1] 3:36:41  227,954/1,000,000  17.5/s  upd=5093  L=0.0283  D=1.460
[regir_r1] 3:36:51  228,651/1,000,000  17.6/s  upd=5108  L=0.0325  D=1.460
[regir_r1] 3:37:01  229,391/1,000,000  17.6/s  upd=5121  L=0.0457  D=1.460
[regir_r1] 3:37:12  229,658/1,000,000  17.6/s  upd=5136  L=0.0424  D=1.460
[regir_r1] 3:38:51  229,658/1,000,000  17.5/s  upd=5136  L=0.0424  D=1.460
[regir_r1] saved resume t_env=229,954
[regir_r1] 3:39:01  229,954/1,000,000  17.5/s  upd=5144  L=0.0748  D=1.460
[regir_r1] 3:39:11  230,573/1,000,000  17.5/s  upd=5153  L=0.0347  D=1.460
[regir_r1] 3:39:22  230,909/1,000,000  17.5/s  upd=5163  L=0.0499  D=1.460
[regir_r1] 3:39:32  230,909/1,000,000  17.5/s  upd=5168  L=0.0382  D=1.460
[regir_r1] 3:39:42  231,293/1,000,000  17.5/s  upd=5176  L=0.0380  D=1.460
[regir_r1] 3:39:53  231,567/1,000,000  17.6/s  upd=5184  L=0.0357  D=1.460
[regir_r1] 3:40:04  231,887/1,000,000  17.6/s  upd=5192  L=0.0359  D=1.460
[regir_r1] 3:40:14  232,168/1,000,000  17.6/s  upd=5199  L=0.0260  D=1.460
[regir_r1] 3:40:24  232,514/1,000,000  17.6/s  upd=5201  L=0.0436  D=1.460
[regir_r1] 3:40:34  232,514/1,000,000  17.6/s  upd=5208  L=0.0418  D=1.460
[regir_r1] 3:40:46  232,829/1,000,000  17.6/s  upd=5213  L=0.0308  D=1.460
[regir_r1] 3:40:56  233,132/1,000,000  17.6/s  upd=5218  L=0.0358  D=1.460
[regir_r1] 3:41:06  233,132/1,000,000  17.6/s  upd=5224  L=0.0387  D=1.460
[regir_r1] 3:41:17  233,474/1,000,000  17.6/s  upd=5229  L=0.0380  D=1.460
[regir_r1] 3:41:27  233,766/1,000,000  17.6/s  upd=5233  L=0.0431  D=1.460
[regir_r1] 3:41:37  233,766/1,000,000  17.6/s  upd=5240  L=0.0409  D=1.460
[regir_r1] 3:41:47  234,099/1,000,000  17.6/s  upd=5242  L=0.0430  D=1.460
[regir_r1] 3:41:58  234,099/1,000,000  17.6/s  upd=5248  L=0.0423  D=1.460
[regir_r1] 3:42:09  234,443/1,000,000  17.6/s  upd=5255  L=0.0394  D=1.460
[regir_r1] 3:42:20  234,899/1,000,000  17.6/s  upd=5259  L=0.0447  D=1.460
[regir_r1] 3:42:30  235,185/1,000,000  17.6/s  upd=5266  L=0.0553  D=1.460
[regir_r1] 3:42:41  235,600/1,000,000  17.6/s  upd=5275  L=0.0520  D=1.460
[regir_r1] 3:42:52  235,933/1,000,000  17.6/s  upd=5282  L=0.0395  D=1.460
[regir_r1] 3:43:02  235,933/1,000,000  17.6/s  upd=5288  L=0.0192  D=1.460
[regir_r1] 3:43:13  236,461/1,000,000  17.7/s  upd=5297  L=0.0296  D=1.460
[regir_r1] 3:43:23  236,461/1,000,000  17.6/s  upd=5304  L=0.0274  D=1.460
[regir_r1] 3:43:33  236,761/1,000,000  17.7/s  upd=5312  L=0.0336  D=1.460
[regir_r1] 3:43:43  236,761/1,000,000  17.6/s  upd=5312  L=0.0336  D=1.460
[regir_r1] 3:43:53  237,138/1,000,000  17.7/s  upd=5317  L=0.0339  D=1.460
[regir_r1] 3:44:38  237,138/1,000,000  17.6/s  upd=5320  L=0.0643  D=1.460
[regir_r1] 3:44:48  237,470/1,000,000  17.6/s  upd=5324  L=0.0359  D=1.460
[regir_r1] 3:44:59  237,741/1,000,000  17.6/s  upd=5333  L=0.0251  D=1.460
[regir_r1] 3:45:10  238,148/1,000,000  17.6/s  upd=5339  L=0.0560  D=1.460
[regir_r1] 3:45:20  238,148/1,000,000  17.6/s  upd=5344  L=0.0400  D=1.460
[regir_r1] 3:45:31  238,756/1,000,000  17.6/s  upd=5354  L=0.0419  D=1.460
[regir_r1] 3:45:41  238,756/1,000,000  17.6/s  upd=5360  L=0.0449  D=1.460
[regir_r1] 3:45:51  239,095/1,000,000  17.6/s  upd=5368  L=0.0277  D=1.460
[regir_r1] 3:46:02  239,415/1,000,000  17.7/s  upd=5376  L=0.0409  D=1.460
[regir_r1] 3:46:13  239,723/1,000,000  17.7/s  upd=5381  L=0.0435  D=1.460
[regir_r1] 3:46:23  240,021/1,000,000  17.7/s  upd=5387  L=0.0357  D=1.460
[regir_r1] saved resume t_env=240,021
[regir_r1] 3:46:46  240,021/1,000,000  17.6/s  upd=5392  L=0.0354  ev=0/100  D=1.460
[regir_r1] 3:46:57  240,021/1,000,000  17.6/s  upd=5392  L=0.0354  ev=16/100  D=1.460
[regir_r1] 3:47:07  240,021/1,000,000  17.6/s  upd=5392  L=0.0354  ev=30/100  D=1.460
[regir_r1] 3:47:17  240,021/1,000,000  17.6/s  upd=5392  L=0.0354  ev=33/100  D=1.460
[regir_r1] 3:47:27  240,021/1,000,000  17.6/s  upd=5392  L=0.0354  ev=48/100  D=1.460
[regir_r1] 3:47:37  240,021/1,000,000  17.6/s  upd=5392  L=0.0354  ev=56/100  D=1.460
[regir_r1] 3:47:47  240,021/1,000,000  17.6/s  upd=5392  L=0.0354  ev=71/100  D=1.460
[regir_r1] 3:47:57  240,021/1,000,000  17.5/s  upd=5392  L=0.0354  ev=79/100  D=1.460
[regir_r1] 3:48:07  240,021/1,000,000  17.5/s  upd=5392  L=0.0354  ev=88/100  D=1.460
[regir_r1] 3:48:17  240,021/1,000,000  17.5/s  upd=5392  L=0.0354  ev=96/100  D=1.460
[regir_r1] 3:49:36  240,021/1,000,000  17.4/s  upd=5392  L=0.0354  D=1.415
[regir_r1] 3:49:47  240,331/1,000,000  17.4/s  upd=5393  L=0.0317  D=1.415
[regir_r1] 3:50:28  240,331/1,000,000  17.4/s  upd=5400  L=0.0383  D=1.415
[regir_r1] 3:50:38  240,647/1,000,000  17.4/s  upd=5406  L=0.0325  D=1.415
[regir_r1] 3:50:49  241,062/1,000,000  17.4/s  upd=5416  L=0.0369  D=1.415
[regir_r1] 3:50:59  241,677/1,000,000  17.4/s  upd=5425  L=0.0298  D=1.415
[regir_r1] 3:51:09  241,973/1,000,000  17.4/s  upd=5434  L=0.0379  D=1.415
[regir_r1] 3:51:20  242,291/1,000,000  17.5/s  upd=5444  L=0.0507  D=1.415
[regir_r1] 3:51:30  242,635/1,000,000  17.5/s  upd=5451  L=0.0400  D=1.415
[regir_r1] 3:51:40  242,635/1,000,000  17.5/s  upd=5456  L=0.0411  D=1.415
[regir_r1] 3:51:50  242,926/1,000,000  17.5/s  upd=5464  L=0.0250  D=1.415
[regir_r1] 3:52:01  243,173/1,000,000  17.5/s  upd=5470  L=0.0324  D=1.415
[regir_r1] 3:52:11  243,415/1,000,000  17.5/s  upd=5480  L=0.0298  D=1.415
[regir_r1] 3:52:21  243,721/1,000,000  17.5/s  upd=5488  L=0.0316  D=1.415
[regir_r1] 3:52:31  244,279/1,000,000  17.5/s  upd=5497  L=0.0369  D=1.415
[regir_r1] 3:52:42  244,654/1,000,000  17.5/s  upd=5506  L=0.0348  D=1.415
[regir_r1] 3:52:53  244,977/1,000,000  17.5/s  upd=5514  L=0.0387  D=1.415
[regir_r1] 3:53:03  244,977/1,000,000  17.5/s  upd=5520  L=0.0313  D=1.415
[regir_r1] 3:53:13  245,251/1,000,000  17.5/s  upd=5528  L=0.0493  D=1.415
[regir_r1] 3:53:24  245,586/1,000,000  17.5/s  upd=5532  L=0.0469  D=1.415
[regir_r1] 3:53:34  245,586/1,000,000  17.5/s  upd=5536  L=0.0353  D=1.415
[regir_r1] 3:53:45  245,937/1,000,000  17.5/s  upd=5543  L=0.0389  D=1.415
[regir_r1] 3:53:57  246,209/1,000,000  17.5/s  upd=5551  L=0.0303  D=1.415
[regir_r1] 3:54:07  246,209/1,000,000  17.5/s  upd=5552  L=0.0294  D=1.415
[regir_r1] 3:54:18  246,602/1,000,000  17.5/s  upd=5559  L=0.0351  D=1.415
[regir_r1] 3:54:28  246,602/1,000,000  17.5/s  upd=5560  L=0.0397  D=1.415
[regir_r1] 3:54:38  246,905/1,000,000  17.5/s  upd=5568  L=0.0344  D=1.415
[regir_r1] 3:54:48  247,217/1,000,000  17.5/s  upd=5576  L=0.0315  D=1.415
[regir_r1] 3:54:58  247,517/1,000,000  17.6/s  upd=5584  L=0.0331  D=1.415
[regir_r1] 3:55:09  247,882/1,000,000  17.6/s  upd=5591  L=0.0315  D=1.415
[regir_r1] 3:55:19  248,216/1,000,000  17.6/s  upd=5599  L=0.0272  D=1.415
[regir_r1] 3:55:30  248,526/1,000,000  17.6/s  upd=5606  L=0.0450  D=1.415
[regir_r1] 3:56:48  248,526/1,000,000  17.5/s  upd=5608  L=0.0332  D=1.415
[regir_r1] 3:56:59  248,801/1,000,000  17.5/s  upd=5616  L=0.0323  D=1.415
[regir_r1] saved resume t_env=248,801
[regir_r1] 3:57:10  249,078/1,000,000  17.5/s  upd=5619  L=0.0420  D=1.415
[regir_r1] 3:57:20  249,458/1,000,000  17.5/s  upd=5626  L=0.0372  D=1.415
[regir_r1] 3:57:30  249,458/1,000,000  17.5/s  upd=5632  L=0.0260  D=1.415
[regir_r1] 3:57:40  249,822/1,000,000  17.5/s  upd=5636  L=0.0269  D=1.415
[regir_r1] 3:57:50  249,822/1,000,000  17.5/s  upd=5640  L=0.0472  D=1.415
[regir_r1] 3:58:00  250,138/1,000,000  17.5/s  upd=5648  L=0.0469  D=1.415
[regir_r1] 3:58:11  250,458/1,000,000  17.5/s  upd=5656  L=0.0272  D=1.415
[regir_r1] 3:58:22  250,806/1,000,000  17.5/s  upd=5664  L=0.0399  D=1.415
[regir_r1] 3:58:33  251,091/1,000,000  17.5/s  upd=5665  L=0.0241  D=1.415
[regir_r1] 3:58:43  251,091/1,000,000  17.5/s  upd=5672  L=0.0575  D=1.415
[regir_r1] 3:58:54  251,358/1,000,000  17.5/s  upd=5677  L=0.0442  D=1.415
[regir_r1] 3:59:04  251,664/1,000,000  17.5/s  upd=5682  L=0.0266  D=1.415
[regir_r1] 3:59:14  251,664/1,000,000  17.5/s  upd=5688  L=0.0395  D=1.415
[regir_r1] 3:59:25  251,944/1,000,000  17.5/s  upd=5691  L=0.0262  D=1.415
[regir_r1] 3:59:35  251,944/1,000,000  17.5/s  upd=5696  L=0.0529  D=1.415
[regir_r1] 3:59:46  252,267/1,000,000  17.5/s  upd=5703  L=0.0448  D=1.415
[regir_r1] 3:59:56  252,508/1,000,000  17.5/s  upd=5707  L=0.0195  D=1.415
[regir_r1] 4:00:07  252,508/1,000,000  17.5/s  upd=5712  L=0.0341  D=1.415
[regir_r1] 4:00:18  252,829/1,000,000  17.5/s  upd=5716  L=0.0410  D=1.415
[regir_r1] 4:00:29  253,129/1,000,000  17.5/s  upd=5725  L=0.0261  D=1.415
[regir_r1] 4:00:40  253,572/1,000,000  17.6/s  upd=5731  L=0.0303  D=1.415
[regir_r1] 4:00:50  253,820/1,000,000  17.6/s  upd=5744  L=0.0429  D=1.415
[regir_r1] 4:01:00  254,481/1,000,000  17.6/s  upd=5758  L=0.0374  D=1.415
[regir_r1] 4:01:10  255,092/1,000,000  17.6/s  upd=5772  L=0.0428  D=1.415
[regir_r1] 4:01:21  255,678/1,000,000  17.7/s  upd=5787  L=0.0328  D=1.415
[regir_r1] 4:01:31  256,289/1,000,000  17.7/s  upd=5802  L=0.0430  D=1.415
[regir_r1] 4:01:41  256,549/1,000,000  17.7/s  upd=5816  L=0.0411  D=1.415
[regir_r1] 4:01:52  257,207/1,000,000  17.7/s  upd=5831  L=0.0292  D=1.415
[regir_r1] 4:04:26  257,207/1,000,000  17.5/s  upd=5832  L=0.0290  D=1.415
[regir_r1] 4:04:37  257,733/1,000,000  17.6/s  upd=5842  L=0.0283  D=1.415
[regir_r1] 4:04:47  258,005/1,000,000  17.6/s  upd=5853  L=0.0340  D=1.415
[regir_r1] 4:04:57  258,301/1,000,000  17.6/s  upd=5864  L=0.0318  D=1.415
[regir_r1] 4:05:07  258,947/1,000,000  17.6/s  upd=5874  L=0.0226  D=1.415
[regir_r1] 4:05:18  259,238/1,000,000  17.6/s  upd=5884  L=0.0308  D=1.415
[regir_r1] 4:05:28  259,608/1,000,000  17.6/s  upd=5891  L=0.0600  D=1.415
[regir_r1] 4:05:39  259,940/1,000,000  17.6/s  upd=5898  L=0.0313  D=1.415
[regir_r1] 4:05:49  259,940/1,000,000  17.6/s  upd=5904  L=0.0360  D=1.415
[regir_r1] 4:05:59  260,310/1,000,000  17.6/s  upd=5908  L=0.0363  D=1.415
[regir_r1] saved resume t_env=260,310
[regir_r1] 4:06:22  260,310/1,000,000  17.6/s  upd=5912  L=0.0455  ev=0/100  D=1.415
[regir_r1] 4:06:32  260,310/1,000,000  17.6/s  upd=5912  L=0.0455  ev=7/100  D=1.415
[regir_r1] 4:06:42  260,310/1,000,000  17.6/s  upd=5912  L=0.0455  ev=21/100  D=1.415
[regir_r1] 4:06:52  260,310/1,000,000  17.6/s  upd=5912  L=0.0455  ev=24/100  D=1.415
[regir_r1] 4:07:02  260,310/1,000,000  17.6/s  upd=5912  L=0.0455  ev=39/100  D=1.415
[regir_r1] 4:07:13  260,310/1,000,000  17.5/s  upd=5912  L=0.0455  ev=40/100  D=1.415
[regir_r1] 4:07:23  260,310/1,000,000  17.5/s  upd=5912  L=0.0455  ev=55/100  D=1.415
[regir_r1] 4:07:33  260,310/1,000,000  17.5/s  upd=5912  L=0.0455  ev=61/100  D=1.415
[regir_r1] 4:07:43  260,310/1,000,000  17.5/s  upd=5912  L=0.0455  ev=73/100  D=1.415
[regir_r1] 4:07:53  260,310/1,000,000  17.5/s  upd=5912  L=0.0455  ev=80/100  D=1.415
[regir_r1] 4:08:03  260,310/1,000,000  17.5/s  upd=5912  L=0.0455  ev=89/100  D=1.415
[regir_r1] 4:09:22  260,310/1,000,000  17.4/s  upd=5912  L=0.0455  D=1.554
[regir_r1] 4:09:34  260,611/1,000,000  17.4/s  upd=5913  L=0.0292  D=1.554
[regir_r1] 4:10:08  260,611/1,000,000  17.4/s  upd=5920  L=0.0473  D=1.554
[regir_r1] 4:10:18  260,951/1,000,000  17.4/s  upd=5923  L=0.0429  D=1.554
[regir_r1] 4:10:28  260,951/1,000,000  17.4/s  upd=5928  L=0.0407  D=1.554
[regir_r1] 4:10:38  261,225/1,000,000  17.4/s  upd=5936  L=0.0255  D=1.554
[regir_r1] 4:10:49  261,505/1,000,000  17.4/s  upd=5940  L=0.0248  D=1.554
[regir_r1] 4:10:59  261,803/1,000,000  17.4/s  upd=5952  L=0.0322  D=1.554
[regir_r1] 4:11:09  262,089/1,000,000  17.4/s  upd=5960  L=0.0450  D=1.554
[regir_r1] 4:11:20  262,712/1,000,000  17.4/s  upd=5969  L=0.0381  D=1.554
[regir_r1] 4:11:31  263,100/1,000,000  17.4/s  upd=5980  L=0.0346  D=1.554
[regir_r1] 4:11:41  263,437/1,000,000  17.4/s  upd=5991  L=0.0430  D=1.554
[regir_r1] 4:11:52  264,009/1,000,000  17.5/s  upd=6001  L=0.0288  D=1.554
[regir_r1] 4:12:03  264,280/1,000,000  17.5/s  upd=6013  L=0.0307  D=1.554
[regir_r1] 4:12:13  264,573/1,000,000  17.5/s  upd=6022  L=0.0409  D=1.554
[regir_r1] 4:12:23  264,852/1,000,000  17.5/s  upd=6032  L=0.0363  D=1.554
[regir_r1] 4:12:34  265,389/1,000,000  17.5/s  upd=6042  L=0.0469  D=1.554
[regir_r1] 4:12:44  265,691/1,000,000  17.5/s  upd=6052  L=0.0282  D=1.554
[regir_r1] 4:12:54  266,036/1,000,000  17.5/s  upd=6062  L=0.0359  D=1.554
[regir_r1] 4:13:05  266,341/1,000,000  17.5/s  upd=6071  L=0.0312  D=1.554
[regir_r1] 4:13:16  266,650/1,000,000  17.5/s  upd=6079  L=0.0360  D=1.554
[regir_r1] 4:13:27  266,997/1,000,000  17.6/s  upd=6085  L=0.0438  D=1.554
[regir_r1] 4:13:37  267,359/1,000,000  17.6/s  upd=6091  L=0.0244  D=1.554
[regir_r1] 4:13:47  267,638/1,000,000  17.6/s  upd=6097  L=0.0319  D=1.554
[regir_r1] 4:13:57  267,638/1,000,000  17.6/s  upd=6104  L=0.0253  D=1.554
[regir_r1] 4:14:08  267,971/1,000,000  17.6/s  upd=6111  L=0.0466  D=1.554
[regir_r1] 4:14:19  268,261/1,000,000  17.6/s  upd=6118  L=0.0374  D=1.554
[regir_r1] 4:14:29  268,517/1,000,000  17.6/s  upd=6124  L=0.0364  D=1.554
[regir_r1] 4:14:39  268,864/1,000,000  17.6/s  upd=6129  L=0.0288  D=1.554
[regir_r1] 4:14:50  269,121/1,000,000  17.6/s  upd=6138  L=0.0294  D=1.554
[regir_r1] 4:15:00  269,121/1,000,000  17.6/s  upd=6144  L=0.0433  D=1.554
[regir_r1] 4:16:25  269,399/1,000,000  17.5/s  upd=6152  L=0.0318  D=1.554
[regir_r1] 4:16:35  269,668/1,000,000  17.5/s  upd=6155  L=0.0226  D=1.554
[regir_r1] saved resume t_env=269,668
[regir_r1] 4:16:45  269,668/1,000,000  17.5/s  upd=6160  L=0.0240  D=1.554
[regir_r1] 4:16:56  270,021/1,000,000  17.5/s  upd=6166  L=0.0350  D=1.554
[regir_r1] 4:17:06  270,316/1,000,000  17.5/s  upd=6173  L=0.0504  D=1.554
[regir_r1] 4:17:17  270,604/1,000,000  17.5/s  upd=6179  L=0.0302  D=1.554
[regir_r1] 4:17:27  270,604/1,000,000  17.5/s  upd=6184  L=0.0405  D=1.554
[regir_r1] 4:17:38  270,946/1,000,000  17.5/s  upd=6188  L=0.0526  D=1.554
[regir_r1] 4:17:49  271,257/1,000,000  17.5/s  upd=6193  L=0.0262  D=1.554
[regir_r1] 4:17:59  271,257/1,000,000  17.5/s  upd=6200  L=0.0284  D=1.554
[regir_r1] 4:18:09  271,552/1,000,000  17.5/s  upd=6207  L=0.0522  D=1.554
[regir_r1] 4:18:19  271,790/1,000,000  17.5/s  upd=6216  L=0.0426  D=1.554
[regir_r1] 4:18:29  272,079/1,000,000  17.5/s  upd=6221  L=0.0282  D=1.554
[regir_r1] 4:18:39  272,408/1,000,000  17.6/s  upd=6227  L=0.0569  D=1.554
[regir_r1] 4:18:50  272,708/1,000,000  17.6/s  upd=6235  L=0.0244  D=1.554
[regir_r1] 4:19:01  272,987/1,000,000  17.6/s  upd=6241  L=0.0286  D=1.554
[regir_r1] 4:19:11  272,987/1,000,000  17.6/s  upd=6248  L=0.0439  D=1.554
[regir_r1] 4:19:21  273,293/1,000,000  17.6/s  upd=6253  L=0.0311  D=1.554
[regir_r1] 4:19:32  273,643/1,000,000  17.6/s  upd=6259  L=0.0335  D=1.554
[regir_r1] 4:19:43  273,643/1,000,000  17.6/s  upd=6264  L=0.0303  D=1.554
[regir_r1] 4:19:53  273,929/1,000,000  17.6/s  upd=6269  L=0.0648  D=1.554
[regir_r1] 4:20:03  273,929/1,000,000  17.6/s  upd=6272  L=0.0428  D=1.554
[regir_r1] 4:20:13  274,229/1,000,000  17.6/s  upd=6277  L=0.0296  D=1.554
[regir_r1] 4:20:23  274,229/1,000,000  17.6/s  upd=6280  L=0.0431  D=1.554
[regir_r1] 4:20:33  274,527/1,000,000  17.6/s  upd=6283  L=0.0299  D=1.554
[regir_r1] 4:20:43  274,884/1,000,000  17.6/s  upd=6289  L=0.0383  D=1.554
[regir_r1] 4:20:53  274,884/1,000,000  17.6/s  upd=6296  L=0.0474  D=1.554
[regir_r1] 4:21:05  275,175/1,000,000  17.6/s  upd=6302  L=0.0305  D=1.554
[regir_r1] 4:21:15  275,492/1,000,000  17.6/s  upd=6306  L=0.0233  D=1.554
[regir_r1] 4:21:25  275,492/1,000,000  17.6/s  upd=6312  L=0.0313  D=1.554
[regir_r1] 4:21:37  275,802/1,000,000  17.6/s  upd=6317  L=0.0395  D=1.554
[regir_r1] 4:22:17  275,802/1,000,000  17.5/s  upd=6320  L=0.0331  D=1.554
[regir_r1] 4:22:27  276,072/1,000,000  17.5/s  upd=6328  L=0.0344  D=1.554
[regir_r1] 4:22:38  276,327/1,000,000  17.5/s  upd=6334  L=0.0383  D=1.554
[regir_r1] 4:22:48  276,633/1,000,000  17.5/s  upd=6343  L=0.0446  D=1.554
[regir_r1] 4:22:58  276,633/1,000,000  17.5/s  upd=6344  L=0.0319  D=1.554
[regir_r1] 4:23:10  276,971/1,000,000  17.5/s  upd=6351  L=0.0222  D=1.554
[regir_r1] 4:23:21  277,301/1,000,000  17.5/s  upd=6355  L=0.0323  D=1.554
[regir_r1] 4:23:31  277,301/1,000,000  17.5/s  upd=6360  L=0.0373  D=1.554
[regir_r1] 4:23:41  277,633/1,000,000  17.5/s  upd=6368  L=0.0405  D=1.554
[regir_r1] 4:23:51  277,943/1,000,000  17.6/s  upd=6374  L=0.0323  D=1.554
[regir_r1] 4:24:02  278,243/1,000,000  17.6/s  upd=6378  L=0.0419  D=1.554
[regir_r1] 4:24:12  278,243/1,000,000  17.6/s  upd=6384  L=0.0280  D=1.554
[regir_r1] 4:24:22  278,544/1,000,000  17.6/s  upd=6392  L=0.0331  D=1.554
[regir_r1] 4:24:32  278,865/1,000,000  17.6/s  upd=6400  L=0.0253  D=1.554
[regir_r1] 4:24:42  279,120/1,000,000  17.6/s  upd=6406  L=0.0241  D=1.554
[regir_r1] 4:24:53  279,399/1,000,000  17.6/s  upd=6412  L=0.0337  D=1.554
[regir_r1] 4:25:03  279,399/1,000,000  17.6/s  upd=6416  L=0.0433  D=1.554
[regir_r1] 4:25:13  279,678/1,000,000  17.6/s  upd=6424  L=0.0302  D=1.554
[regir_r1] 4:25:23  279,956/1,000,000  17.6/s  upd=6427  L=0.0241  D=1.554
[regir_r1] 4:25:33  279,956/1,000,000  17.6/s  upd=6432  L=0.0391  D=1.554
[regir_r1] 4:25:43  280,240/1,000,000  17.6/s  upd=6438  L=0.0357  D=1.554
[regir_r1] saved resume t_env=280,240
[regir_r1] 4:26:03  280,240/1,000,000  17.6/s  upd=6440  L=0.0219  ev=0/100  D=1.554
[regir_r1] 4:26:13  280,240/1,000,000  17.5/s  upd=6440  L=0.0219  ev=15/100  D=1.554
[regir_r1] 4:26:24  280,240/1,000,000  17.5/s  upd=6440  L=0.0219  ev=22/100  D=1.554
[regir_r1] 4:26:34  280,240/1,000,000  17.5/s  upd=6440  L=0.0219  ev=32/100  D=1.554
[regir_r1] 4:26:44  280,240/1,000,000  17.5/s  upd=6440  L=0.0219  ev=39/100  D=1.554
[regir_r1] 4:26:54  280,240/1,000,000  17.5/s  upd=6440  L=0.0219  ev=48/100  D=1.554
[regir_r1] 4:27:04  280,240/1,000,000  17.5/s  upd=6440  L=0.0219  ev=55/100  D=1.554
[regir_r1] 4:27:14  280,240/1,000,000  17.5/s  upd=6440  L=0.0219  ev=80/100  D=1.554
[regir_r1] 4:27:24  280,240/1,000,000  17.5/s  upd=6440  L=0.0219  ev=96/100  D=1.554
[regir_r1] 4:27:55  280,240/1,000,000  17.4/s  upd=6440  L=0.0219  D=1.156
[regir_r1] 4:29:14  280,240/1,000,000  17.3/s  upd=6440  L=0.0219  D=1.156
[regir_r1] 4:29:24  280,829/1,000,000  17.4/s  upd=6450  L=0.0314  D=1.156
[regir_r1] 4:29:34  281,126/1,000,000  17.4/s  upd=6462  L=0.0391  D=1.156
[regir_r1] 4:29:45  281,735/1,000,000  17.4/s  upd=6473  L=0.0334  D=1.156
[regir_r1] 4:29:55  282,077/1,000,000  17.4/s  upd=6485  L=0.0363  D=1.156
[regir_r1] 4:30:05  282,395/1,000,000  17.4/s  upd=6496  L=0.0321  D=1.156
[regir_r1] 4:30:16  283,035/1,000,000  17.5/s  upd=6505  L=0.0333  D=1.156
[regir_r1] 4:30:26  283,349/1,000,000  17.5/s  upd=6518  L=0.0224  D=1.156
[regir_r1] 4:30:36  283,606/1,000,000  17.5/s  upd=6528  L=0.0278  D=1.156
[regir_r1] 4:30:46  284,214/1,000,000  17.5/s  upd=6538  L=0.0787  D=1.156
[regir_r1] 4:30:56  284,533/1,000,000  17.5/s  upd=6550  L=0.0412  D=1.156
[regir_r1] 4:31:06  284,819/1,000,000  17.5/s  upd=6560  L=0.0319  D=1.156
[regir_r1] 4:31:17  285,117/1,000,000  17.5/s  upd=6568  L=0.0316  D=1.156
[regir_r1] 4:31:27  285,435/1,000,000  17.5/s  upd=6576  L=0.0282  D=1.156
[regir_r1] 4:31:38  285,724/1,000,000  17.5/s  upd=6584  L=0.0270  D=1.156
[regir_r1] 4:31:48  286,031/1,000,000  17.5/s  upd=6592  L=0.0527  D=1.156
[regir_r1] 4:31:58  286,323/1,000,000  17.5/s  upd=6600  L=0.0362  D=1.156
[regir_r1] 4:32:10  286,583/1,000,000  17.5/s  upd=6603  L=0.0308  D=1.156
[regir_r1] 4:32:20  286,846/1,000,000  17.6/s  upd=6611  L=0.0363  D=1.156
[regir_r1] 4:32:30  286,846/1,000,000  17.5/s  upd=6616  L=0.0343  D=1.156
[regir_r1] 4:32:40  287,131/1,000,000  17.5/s  upd=6624  L=0.0482  D=1.156
[regir_r1] 4:32:51  287,401/1,000,000  17.6/s  upd=6628  L=0.0254  D=1.156
[regir_r1] 4:33:02  287,717/1,000,000  17.6/s  upd=6633  L=0.0272  D=1.156
[regir_r1] 4:33:12  287,717/1,000,000  17.6/s  upd=6640  L=0.0400  D=1.156
[regir_r1] 4:33:23  287,999/1,000,000  17.6/s  upd=6644  L=0.0466  D=1.156
[regir_r1] 4:33:34  288,297/1,000,000  17.6/s  upd=6654  L=0.0334  D=1.156
[regir_r1] 4:33:44  288,583/1,000,000  17.6/s  upd=6660  L=0.0522  D=1.156
[regir_r1] 4:33:55  288,868/1,000,000  17.6/s  upd=6666  L=0.0516  D=1.156
[regir_r1] 4:34:06  289,160/1,000,000  17.6/s  upd=6675  L=0.0590  D=1.156
[regir_r1] 4:34:17  289,416/1,000,000  17.6/s  upd=6681  L=0.0446  D=1.156
[regir_r1] 4:36:00  289,416/1,000,000  17.5/s  upd=6688  L=0.0328  D=1.156
[regir_r1] 4:36:11  289,694/1,000,000  17.5/s  upd=6693  L=0.0419  D=1.156
[regir_r1] saved resume t_env=289,694
[regir_r1] 4:36:21  289,980/1,000,000  17.5/s  upd=6698  L=0.0348  D=1.156
[regir_r1] 4:36:31  290,268/1,000,000  17.5/s  upd=6707  L=0.0346  D=1.156
[regir_r1] 4:36:42  290,577/1,000,000  17.5/s  upd=6713  L=0.0236  D=1.156
[regir_r1] 4:36:52  290,577/1,000,000  17.5/s  upd=6720  L=0.0201  D=1.156
[regir_r1] 4:37:02  290,985/1,000,000  17.5/s  upd=6728  L=0.0538  D=1.156
[regir_r1] 4:37:12  291,536/1,000,000  17.5/s  upd=6740  L=0.0444  D=1.156
[regir_r1] 4:37:22  291,853/1,000,000  17.5/s  upd=6752  L=0.0343  D=1.156
[regir_r1] 4:37:33  292,384/1,000,000  17.6/s  upd=6765  L=0.0387  D=1.156
[regir_r1] 4:37:43  292,913/1,000,000  17.6/s  upd=6783  L=0.0374  D=1.156
[regir_r1] 4:37:54  293,544/1,000,000  17.6/s  upd=6799  L=0.0270  D=1.156
[regir_r1] 4:38:04  294,164/1,000,000  17.6/s  upd=6812  L=0.0438  D=1.156
[regir_r1] 4:38:14  294,721/1,000,000  17.7/s  upd=6830  L=0.0346  D=1.156
[regir_r1] 4:38:25  295,318/1,000,000  17.7/s  upd=6841  L=0.0567  D=1.156
[regir_r1] 4:38:36  295,666/1,000,000  17.7/s  upd=6853  L=0.0305  D=1.156
[regir_r1] 4:38:46  295,951/1,000,000  17.7/s  upd=6864  L=0.0355  D=1.156
[regir_r1] 4:38:56  296,205/1,000,000  17.7/s  upd=6872  L=0.0342  D=1.156
[regir_r1] 4:39:06  296,463/1,000,000  17.7/s  upd=6880  L=0.0479  D=1.156
[regir_r1] 4:39:16  296,755/1,000,000  17.7/s  upd=6888  L=0.0400  D=1.156
[regir_r1] 4:39:27  297,031/1,000,000  17.7/s  upd=6895  L=0.0383  D=1.156
[regir_r1] 4:39:38  297,378/1,000,000  17.7/s  upd=6901  L=0.0413  D=1.156
[regir_r1] 4:39:48  297,378/1,000,000  17.7/s  upd=6904  L=0.0340  D=1.156
[regir_r1] 4:39:58  297,673/1,000,000  17.7/s  upd=6912  L=0.0309  D=1.156
[regir_r1] 4:40:09  298,038/1,000,000  17.7/s  upd=6913  L=0.0325  D=1.156
[regir_r1] 4:40:19  298,038/1,000,000  17.7/s  upd=6920  L=0.0369  D=1.156
[regir_r1] 4:40:29  298,303/1,000,000  17.7/s  upd=6928  L=0.0402  D=1.156
[regir_r1] 4:40:40  298,613/1,000,000  17.7/s  upd=6936  L=0.0435  D=1.156
[regir_r1] 4:40:50  298,895/1,000,000  17.7/s  upd=6943  L=0.0469  D=1.156
[regir_r1] 4:41:01  299,259/1,000,000  17.7/s  upd=6948  L=0.0298  D=1.156
[regir_r1] 4:42:50  299,259/1,000,000  17.6/s  upd=6952  L=0.0347  D=1.156
[regir_r1] 4:43:00  299,542/1,000,000  17.6/s  upd=6960  L=0.0491  D=1.156
[regir_r1] 4:43:11  299,885/1,000,000  17.6/s  upd=6962  L=0.0387  D=1.156
[regir_r1] 4:43:21  299,885/1,000,000  17.6/s  upd=6968  L=0.0316  D=1.156
[regir_r1] 4:43:32  300,179/1,000,000  17.6/s  upd=6972  L=0.0596  D=1.156
[regir_r1] saved resume t_env=300,179
[regir_r1] 4:43:53  300,179/1,000,000  17.6/s  upd=6976  L=0.0366  ev=0/100  D=1.156
[regir_r1] 4:44:03  300,179/1,000,000  17.6/s  upd=6976  L=0.0366  ev=63/100  D=1.156
[regir_r1] 4:45:04  300,179/1,000,000  17.5/s  upd=6976  L=0.0366  D=1.383
[regir_r1] 4:45:15  300,457/1,000,000  17.6/s  upd=6984  L=0.0271  D=1.383
[regir_r1] 4:45:25  300,807/1,000,000  17.6/s  upd=6988  L=0.0238  D=1.383
[regir_r1] 4:45:35  301,111/1,000,000  17.6/s  upd=6993  L=0.0357  D=1.383
[regir_r1] 4:45:45  301,111/1,000,000  17.6/s  upd=7000  L=0.0343  D=1.383
[regir_r1] 4:45:56  301,418/1,000,000  17.6/s  upd=7006  L=0.0331  D=1.383
[regir_r1] 4:46:06  301,418/1,000,000  17.6/s  upd=7008  L=0.0330  D=1.383
[regir_r1] 4:46:17  301,758/1,000,000  17.6/s  upd=7013  L=0.0235  D=1.383
[regir_r1] 4:46:27  301,758/1,000,000  17.6/s  upd=7016  L=0.0387  D=1.383
[regir_r1] 4:46:38  302,054/1,000,000  17.6/s  upd=7024  L=0.0307  D=1.383
[regir_r1] 4:46:49  302,631/1,000,000  17.6/s  upd=7033  L=0.0427  D=1.383
[regir_r1] 4:47:00  302,934/1,000,000  17.6/s  upd=7042  L=0.0415  D=1.383
[regir_r1] 4:47:10  303,298/1,000,000  17.6/s  upd=7052  L=0.0377  D=1.383
[regir_r1] 4:47:20  303,581/1,000,000  17.6/s  upd=7060  L=0.0400  D=1.383
[regir_r1] 4:47:31  303,894/1,000,000  17.6/s  upd=7065  L=0.0284  D=1.383
[regir_r1] 4:47:42  304,176/1,000,000  17.6/s  upd=7073  L=0.0315  D=1.383
[regir_r1] 4:48:27  304,176/1,000,000  17.6/s  upd=7080  L=0.0312  D=1.383
[regir_r1] 4:48:37  304,595/1,000,000  17.6/s  upd=7083  L=0.0452  D=1.383
[regir_r1] 4:48:47  304,595/1,000,000  17.6/s  upd=7088  L=0.0344  D=1.383
[regir_r1] 4:48:58  304,903/1,000,000  17.6/s  upd=7096  L=0.0343  D=1.383
[regir_r1] 4:49:08  305,266/1,000,000  17.6/s  upd=7097  L=0.0289  D=1.383
[regir_r1] 4:49:18  305,266/1,000,000  17.6/s  upd=7104  L=0.0642  D=1.383
[regir_r1] 4:49:29  305,557/1,000,000  17.6/s  upd=7112  L=0.0391  D=1.383
[regir_r1] 4:49:39  305,896/1,000,000  17.6/s  upd=7119  L=0.0400  D=1.383
[regir_r1] 4:49:50  306,163/1,000,000  17.6/s  upd=7128  L=0.0466  D=1.383
[regir_r1] 4:50:00  306,489/1,000,000  17.6/s  upd=7136  L=0.0237  D=1.383
[regir_r1] 4:50:10  306,837/1,000,000  17.6/s  upd=7144  L=0.0405  D=1.383
[regir_r1] 4:50:21  307,147/1,000,000  17.6/s  upd=7151  L=0.0293  D=1.383
[regir_r1] 4:50:31  307,489/1,000,000  17.6/s  upd=7158  L=0.0327  D=1.383
[regir_r1] 4:50:42  307,489/1,000,000  17.6/s  upd=7160  L=0.0343  D=1.383
[regir_r1] 4:50:52  307,801/1,000,000  17.6/s  upd=7168  L=0.0516  D=1.383
[regir_r1] 4:51:03  308,104/1,000,000  17.6/s  upd=7173  L=0.0256  D=1.383
[regir_r1] 4:51:14  308,410/1,000,000  17.6/s  upd=7181  L=0.0373  D=1.383
[regir_r1] 4:51:24  308,410/1,000,000  17.6/s  upd=7184  L=0.0377  D=1.383
[regir_r1] 4:51:35  308,718/1,000,000  17.6/s  upd=7190  L=0.0291  D=1.383
[regir_r1] 4:51:45  308,718/1,000,000  17.6/s  upd=7192  L=0.0254  D=1.383
[regir_r1] 4:51:55  309,002/1,000,000  17.6/s  upd=7197  L=0.0294  D=1.383
[regir_r1] 4:52:05  309,002/1,000,000  17.6/s  upd=7200  L=0.0347  D=1.383
[regir_r1] 4:52:15  309,300/1,000,000  17.6/s  upd=7208  L=0.0252  D=1.383
[regir_r1] 4:52:26  309,642/1,000,000  17.6/s  upd=7213  L=0.0333  D=1.383
[regir_r1] 4:52:36  309,642/1,000,000  17.6/s  upd=7216  L=0.0266  D=1.383
[regir_r1] 4:52:47  309,994/1,000,000  17.6/s  upd=7223  L=0.0291  D=1.383
[regir_r1] 4:52:57  310,332/1,000,000  17.7/s  upd=7232  L=0.0223  D=1.383
[regir_r1] 4:53:08  310,647/1,000,000  17.7/s  upd=7239  L=0.0372  D=1.383
[regir_r1] 4:53:18  310,973/1,000,000  17.7/s  upd=7247  L=0.0384  D=1.383
[regir_r1] 4:53:28  311,323/1,000,000  17.7/s  upd=7255  L=0.0222  D=1.383
[regir_r1] 4:54:54  311,323/1,000,000  17.6/s  upd=7256  L=0.0345  D=1.383
[regir_r1] saved resume t_env=311,612
[regir_r1] 4:55:04  311,865/1,000,000  17.6/s  upd=7265  L=0.0266  D=1.383
[regir_r1] 4:55:14  312,128/1,000,000  17.6/s  upd=7275  L=0.0180  D=1.383
[regir_r1] 4:55:25  312,420/1,000,000  17.6/s  upd=7287  L=0.0292  D=1.383
[regir_r1] 4:55:35  312,990/1,000,000  17.6/s  upd=7297  L=0.0316  D=1.383
[regir_r1] 4:55:45  313,300/1,000,000  17.7/s  upd=7310  L=0.0281  D=1.383
[regir_r1] 4:55:56  313,907/1,000,000  17.7/s  upd=7321  L=0.0356  D=1.383
[regir_r1] 4:56:06  314,190/1,000,000  17.7/s  upd=7334  L=0.0212  D=1.383
[regir_r1] 4:56:17  314,533/1,000,000  17.7/s  upd=7344  L=0.0307  D=1.383
[regir_r1] 4:56:28  315,141/1,000,000  17.7/s  upd=7354  L=0.0355  D=1.383
[regir_r1] 4:56:38  315,421/1,000,000  17.7/s  upd=7364  L=0.0353  D=1.383
[regir_r1] 4:56:48  315,693/1,000,000  17.7/s  upd=7374  L=0.0513  D=1.383
[regir_r1] 4:56:58  315,968/1,000,000  17.7/s  upd=7384  L=0.0425  D=1.383
[regir_r1] 4:57:08  316,565/1,000,000  17.8/s  upd=7398  L=0.0336  D=1.383
[regir_r1] 4:57:20  316,942/1,000,000  17.8/s  upd=7408  L=0.0315  D=1.383
[regir_r1] 4:57:30  317,258/1,000,000  17.8/s  upd=7416  L=0.0282  D=1.383
[regir_r1] 4:57:40  317,606/1,000,000  17.8/s  upd=7421  L=0.0294  D=1.383
[regir_r1] 4:57:51  317,993/1,000,000  17.8/s  upd=7429  L=0.0285  D=1.383
[regir_r1] 4:58:01  318,318/1,000,000  17.8/s  upd=7435  L=0.0285  D=1.383
[regir_r1] 4:58:12  318,590/1,000,000  17.8/s  upd=7446  L=0.0241  D=1.383
[regir_r1] 4:58:22  318,590/1,000,000  17.8/s  upd=7448  L=0.0489  D=1.383
[regir_r1] 4:58:33  318,962/1,000,000  17.8/s  upd=7450  L=0.0203  D=1.383
[regir_r1] 4:58:43  318,962/1,000,000  17.8/s  upd=7456  L=0.0417  D=1.383
[regir_r1] 4:58:54  319,327/1,000,000  17.8/s  upd=7462  L=0.0231  D=1.383
[regir_r1] 4:59:05  319,636/1,000,000  17.8/s  upd=7466  L=0.0215  D=1.383
[regir_r1] 4:59:16  319,951/1,000,000  17.8/s  upd=7473  L=0.0289  D=1.383
[regir_r1] 4:59:26  319,951/1,000,000  17.8/s  upd=7480  L=0.0272  D=1.383
[regir_r1] saved resume t_env=320,295
[regir_r1] 4:59:53  320,295/1,000,000  17.8/s  upd=7488  L=0.0334  ev=0/100  D=1.383
[regir_r1] 5:00:03  320,295/1,000,000  17.8/s  upd=7488  L=0.0334  ev=15/100  D=1.383
[regir_r1] 5:00:13  320,295/1,000,000  17.8/s  upd=7488  L=0.0334  ev=24/100  D=1.383
[regir_r1] 5:00:24  320,295/1,000,000  17.8/s  upd=7488  L=0.0334  ev=35/100  D=1.383
[regir_r1] 5:00:34  320,295/1,000,000  17.8/s  upd=7488  L=0.0334  ev=54/100  D=1.383
[regir_r1] 5:00:44  320,295/1,000,000  17.8/s  upd=7488  L=0.0334  ev=64/100  D=1.383
[regir_r1] 5:00:54  320,295/1,000,000  17.7/s  upd=7488  L=0.0334  ev=83/100  D=1.383
[regir_r1] 5:01:04  320,295/1,000,000  17.7/s  upd=7488  L=0.0334  ev=97/100  D=1.383
[regir_r1] 5:01:49  320,295/1,000,000  17.7/s  upd=7488  L=0.0334  D=1.583
[regir_r1] 5:02:45  320,295/1,000,000  17.6/s  upd=7488  L=0.0334  D=1.583
[regir_r1] 5:02:55  320,879/1,000,000  17.7/s  upd=7501  L=0.0357  D=1.583
[regir_r1] 5:03:06  321,216/1,000,000  17.7/s  upd=7512  L=0.0426  D=1.583
[regir_r1] 5:03:17  321,861/1,000,000  17.7/s  upd=7522  L=0.0275  D=1.583
[regir_r1] 5:03:27  322,141/1,000,000  17.7/s  upd=7534  L=0.0371  D=1.583
[regir_r1] 5:03:38  322,721/1,000,000  17.7/s  upd=7546  L=0.0367  D=1.583
[regir_r1] 5:03:48  323,029/1,000,000  17.7/s  upd=7557  L=0.0253  D=1.583
[regir_r1] 5:03:59  323,400/1,000,000  17.7/s  upd=7563  L=0.0253  D=1.583
[regir_r1] 5:04:09  323,400/1,000,000  17.7/s  upd=7568  L=0.0272  D=1.583
[regir_r1] 5:04:19  323,679/1,000,000  17.7/s  upd=7576  L=0.0453  D=1.583
[regir_r1] 5:04:29  323,980/1,000,000  17.7/s  upd=7581  L=0.0334  D=1.583
[regir_r1] 5:04:39  324,273/1,000,000  17.7/s  upd=7588  L=0.0403  D=1.583
[regir_r1] 5:04:49  324,273/1,000,000  17.7/s  upd=7592  L=0.0241  D=1.583
[regir_r1] 5:04:59  324,567/1,000,000  17.7/s  upd=7600  L=0.0378  D=1.583
[regir_r1] 5:05:10  324,871/1,000,000  17.7/s  upd=7601  L=0.0291  D=1.583
[regir_r1] 5:05:20  324,871/1,000,000  17.7/s  upd=7608  L=0.0221  D=1.583
[regir_r1] 5:05:30  325,170/1,000,000  17.7/s  upd=7616  L=0.0283  D=1.583
[regir_r1] 5:05:40  325,432/1,000,000  17.7/s  upd=7624  L=0.0396  D=1.583
[regir_r1] 5:05:51  325,735/1,000,000  17.8/s  upd=7632  L=0.0409  D=1.583
[regir_r1] 5:06:02  326,053/1,000,000  17.8/s  upd=7640  L=0.0202  D=1.583
[regir_r1] 5:06:12  326,344/1,000,000  17.8/s  upd=7648  L=0.0257  D=1.583
[regir_r1] 5:06:22  326,344/1,000,000  17.8/s  upd=7648  L=0.0257  D=1.583
[regir_r1] 5:06:32  326,697/1,000,000  17.8/s  upd=7656  L=0.0295  D=1.583
[regir_r1] 5:06:42  327,000/1,000,000  17.8/s  upd=7657  L=0.0258  D=1.583
[regir_r1] 5:06:52  327,000/1,000,000  17.8/s  upd=7664  L=0.0367  D=1.583
[regir_r1] 5:07:02  327,281/1,000,000  17.8/s  upd=7671  L=0.0374  D=1.583
[regir_r1] 5:07:13  327,582/1,000,000  17.8/s  upd=7676  L=0.0365  D=1.583
[regir_r1] 5:07:23  327,582/1,000,000  17.8/s  upd=7680  L=0.0317  D=1.583
[regir_r1] 5:07:34  327,917/1,000,000  17.8/s  upd=7688  L=0.0303  D=1.583
[regir_r1] 5:07:45  328,207/1,000,000  17.8/s  upd=7689  L=0.0222  D=1.583
[regir_r1] 5:09:40  328,207/1,000,000  17.7/s  upd=7696  L=0.0439  D=1.583
[regir_r1] saved resume t_env=328,514
[regir_r1] 5:09:50  328,828/1,000,000  17.7/s  upd=7705  L=0.0276  D=1.583
[regir_r1] 5:10:01  329,139/1,000,000  17.7/s  upd=7718  L=0.0396  D=1.583
[regir_r1] 5:10:12  329,806/1,000,000  17.7/s  upd=7730  L=0.0272  D=1.583
[regir_r1] 5:10:22  330,189/1,000,000  17.7/s  upd=7744  L=0.0320  D=1.583
[regir_r1] 5:10:32  330,849/1,000,000  17.8/s  upd=7755  L=0.0384  D=1.583
[regir_r1] 5:10:43  331,169/1,000,000  17.8/s  upd=7767  L=0.0254  D=1.583
[regir_r1] 5:10:53  331,458/1,000,000  17.8/s  upd=7774  L=0.0390  D=1.583
[regir_r1] 5:11:03  331,852/1,000,000  17.8/s  upd=7780  L=0.0309  D=1.583
[regir_r1] 5:11:14  332,255/1,000,000  17.8/s  upd=7790  L=0.0400  D=1.583
[regir_r1] 5:11:24  332,632/1,000,000  17.8/s  upd=7796  L=0.0275  D=1.583
[regir_r1] 5:11:34  332,936/1,000,000  17.8/s  upd=7803  L=0.0421  D=1.583
[regir_r1] 5:11:45  333,246/1,000,000  17.8/s  upd=7813  L=0.0429  D=1.583
[regir_r1] 5:11:56  333,613/1,000,000  17.8/s  upd=7817  L=0.0386  D=1.583
[regir_r1] 5:12:06  333,956/1,000,000  17.8/s  upd=7825  L=0.0202  D=1.583
[regir_r1] 5:12:16  333,956/1,000,000  17.8/s  upd=7832  L=0.0267  D=1.583
[regir_r1] 5:12:26  334,229/1,000,000  17.8/s  upd=7840  L=0.0167  D=1.583
[regir_r1] 5:12:36  334,547/1,000,000  17.8/s  upd=7846  L=0.0428  D=1.583
[regir_r1] 5:12:46  334,922/1,000,000  17.8/s  upd=7852  L=0.0442  D=1.583
[regir_r1] 5:12:57  335,276/1,000,000  17.9/s  upd=7859  L=0.0265  D=1.583
[regir_r1] 5:13:08  335,570/1,000,000  17.9/s  upd=7868  L=0.0224  D=1.583
[regir_r1] 5:13:18  335,867/1,000,000  17.9/s  upd=7877  L=0.0284  D=1.583
[regir_r1] 5:13:28  336,258/1,000,000  17.9/s  upd=7886  L=0.0406  D=1.583
[regir_r1] 5:13:38  336,258/1,000,000  17.9/s  upd=7888  L=0.0397  D=1.583
[regir_r1] 5:13:49  336,618/1,000,000  17.9/s  upd=7895  L=0.0314  D=1.583
[regir_r1] 5:13:59  336,930/1,000,000  17.9/s  upd=7898  L=0.0402  D=1.583
[regir_r1] 5:14:11  337,229/1,000,000  17.9/s  upd=7906  L=0.0238  D=1.583
[regir_r1] 5:14:21  337,229/1,000,000  17.9/s  upd=7912  L=0.0234  D=1.583
[regir_r1] 5:14:32  337,576/1,000,000  17.9/s  upd=7914  L=0.0380  D=1.583
[regir_r1] 5:14:42  337,576/1,000,000  17.9/s  upd=7920  L=0.0293  D=1.583
[regir_r1] 5:15:43  337,934/1,000,000  17.8/s  upd=7928  L=0.0277  D=1.583
[regir_r1] 5:15:53  338,220/1,000,000  17.8/s  upd=7936  L=0.0298  D=1.583
[regir_r1] 5:16:03  338,540/1,000,000  17.9/s  upd=7944  L=0.0265  D=1.583
[regir_r1] 5:16:13  338,852/1,000,000  17.9/s  upd=7952  L=0.0314  D=1.583
[regir_r1] 5:16:23  339,489/1,000,000  17.9/s  upd=7966  L=0.0276  D=1.583
[regir_r1] 5:16:34  340,097/1,000,000  17.9/s  upd=7978  L=0.0298  D=1.583
[regir_r1] saved resume t_env=340,097
[regir_r1] 5:16:55  340,097/1,000,000  17.9/s  upd=7984  L=0.0363  ev=0/100  D=1.583
[regir_r1] 5:17:05  340,097/1,000,000  17.9/s  upd=7984  L=0.0363  ev=22/100  D=1.583
[regir_r1] 5:17:15  340,097/1,000,000  17.9/s  upd=7984  L=0.0363  ev=32/100  D=1.583
[regir_r1] 5:17:25  340,097/1,000,000  17.9/s  upd=7984  L=0.0363  ev=48/100  D=1.583
[regir_r1] 5:17:36  340,097/1,000,000  17.8/s  upd=7984  L=0.0363  ev=56/100  D=1.583
[regir_r1] 5:17:46  340,097/1,000,000  17.8/s  upd=7984  L=0.0363  ev=72/100  D=1.583
[regir_r1] 5:17:56  340,097/1,000,000  17.8/s  upd=7984  L=0.0363  ev=76/100  D=1.583
[regir_r1] 5:18:06  340,097/1,000,000  17.8/s  upd=7984  L=0.0363  ev=88/100  D=1.583
[regir_r1] 5:18:16  340,097/1,000,000  17.8/s  upd=7984  L=0.0363  ev=95/100  D=1.583
[regir_r1] 5:19:04  340,097/1,000,000  17.8/s  upd=7984  L=0.0363  D=1.475
[regir_r1] 5:19:14  340,397/1,000,000  17.8/s  upd=7992  L=0.0387  D=1.475
[regir_r1] 5:19:24  340,748/1,000,000  17.8/s  upd=7999  L=0.0386  D=1.475
[regir_r1] 5:19:35  341,073/1,000,000  17.8/s  upd=8008  L=0.0433  D=1.475
[regir_r1] 5:19:45  341,679/1,000,000  17.8/s  upd=8017  L=0.0404  D=1.475
[regir_r1] 5:19:55  341,966/1,000,000  17.8/s  upd=8026  L=0.0257  D=1.475
[regir_r1] 5:20:05  342,292/1,000,000  17.8/s  upd=8038  L=0.0350  D=1.475
[regir_r1] 5:20:15  342,629/1,000,000  17.8/s  upd=8048  L=0.0248  D=1.475
[regir_r1] 5:20:26  343,231/1,000,000  17.9/s  upd=8058  L=0.0327  D=1.475
[regir_r1] 5:20:36  343,563/1,000,000  17.9/s  upd=8067  L=0.0301  D=1.475
[regir_r1] 5:20:46  343,843/1,000,000  17.9/s  upd=8080  L=0.0391  D=1.475
[regir_r1] 5:22:24  343,843/1,000,000  17.8/s  upd=8080  L=0.0391  D=1.475
[regir_r1] 5:22:34  344,423/1,000,000  17.8/s  upd=8092  L=0.0226  D=1.475
[regir_r1] 5:22:44  345,118/1,000,000  17.8/s  upd=8111  L=0.0248  D=1.475
[regir_r1] 5:22:54  346,026/1,000,000  17.9/s  upd=8129  L=0.0313  D=1.475
[regir_r1] 5:23:05  346,642/1,000,000  17.9/s  upd=8146  L=0.0347  D=1.475
[regir_r1] 5:23:15  347,280/1,000,000  17.9/s  upd=8164  L=0.0447  D=1.475
[regir_r1] 5:23:25  347,962/1,000,000  17.9/s  upd=8184  L=0.0329  D=1.475
[regir_r1] 5:23:35  348,831/1,000,000  18.0/s  upd=8202  L=0.0542  D=1.475
[regir_r1] 5:23:45  349,477/1,000,000  18.0/s  upd=8221  L=0.0210  D=1.475
[regir_r1] 5:23:55  350,057/1,000,000  18.0/s  upd=8234  L=0.0445  D=1.475
[regir_r1] 5:24:06  350,403/1,000,000  18.0/s  upd=8246  L=0.0304  D=1.475
[regir_r1] 5:24:17  351,049/1,000,000  18.0/s  upd=8259  L=0.0209  D=1.475
[regir_r1] 5:24:27  351,357/1,000,000  18.0/s  upd=8272  L=0.0365  D=1.475
[regir_r1] 5:24:37  351,970/1,000,000  18.1/s  upd=8281  L=0.0508  D=1.475
[regir_r1] 5:24:48  352,292/1,000,000  18.1/s  upd=8293  L=0.0338  D=1.475
[regir_r1] 5:24:59  352,566/1,000,000  18.1/s  upd=8299  L=0.0238  D=1.475
[regir_r1] 5:25:09  352,890/1,000,000  18.1/s  upd=8306  L=0.0254  D=1.475
[regir_r1] 5:25:20  353,255/1,000,000  18.1/s  upd=8317  L=0.0230  D=1.475
[regir_r1] 5:25:31  353,544/1,000,000  18.1/s  upd=8322  L=0.0365  D=1.475
[regir_r1] 5:25:41  353,544/1,000,000  18.1/s  upd=8328  L=0.0291  D=1.475
[regir_r1] 5:25:51  353,839/1,000,000  18.1/s  upd=8336  L=0.0541  D=1.475
[regir_r1] 5:26:01  354,127/1,000,000  18.1/s  upd=8344  L=0.0314  D=1.475
[regir_r1] 5:26:11  354,431/1,000,000  18.1/s  upd=8352  L=0.0292  D=1.475
[regir_r1] 5:26:21  354,733/1,000,000  18.1/s  upd=8360  L=0.0283  D=1.475
[regir_r1] 5:26:32  355,050/1,000,000  18.1/s  upd=8368  L=0.0371  D=1.475
[regir_r1] saved resume t_env=355,380
[regir_r1] 5:26:44  355,380/1,000,000  18.1/s  upd=8376  L=0.0264  D=1.475
[regir_r1] 5:26:54  355,672/1,000,000  18.1/s  upd=8384  L=0.0394  D=1.475
[regir_r1] 5:27:04  355,963/1,000,000  18.1/s  upd=8391  L=0.0251  D=1.475
[regir_r1] 5:27:14  356,258/1,000,000  18.1/s  upd=8396  L=0.0429  D=1.475
[regir_r1] 5:27:24  356,258/1,000,000  18.1/s  upd=8400  L=0.0305  D=1.475
[regir_r1] 5:28:25  356,593/1,000,000  18.1/s  upd=8408  L=0.0290  D=1.475
[regir_r1] 5:28:35  356,911/1,000,000  18.1/s  upd=8414  L=0.0287  D=1.475
[regir_r1] 5:28:45  356,911/1,000,000  18.1/s  upd=8416  L=0.0280  D=1.475
[regir_r1] 5:28:56  357,186/1,000,000  18.1/s  upd=8424  L=0.0189  D=1.475
[regir_r1] 5:29:06  357,452/1,000,000  18.1/s  upd=8432  L=0.0180  D=1.475
[regir_r1] 5:29:16  358,048/1,000,000  18.1/s  upd=8441  L=0.0262  D=1.475
[regir_r1] 5:29:27  358,350/1,000,000  18.1/s  upd=8450  L=0.0329  D=1.475
[regir_r1] 5:29:38  358,638/1,000,000  18.1/s  upd=8460  L=0.0262  D=1.475
[regir_r1] 5:29:48  358,974/1,000,000  18.1/s  upd=8465  L=0.0287  D=1.475
[regir_r1] 5:29:59  359,264/1,000,000  18.1/s  upd=8473  L=0.0236  D=1.475
[regir_r1] 5:30:09  359,565/1,000,000  18.2/s  upd=8483  L=0.0304  D=1.475
[regir_r1] 5:30:20  359,888/1,000,000  18.2/s  upd=8490  L=0.0284  D=1.475
[regir_r1] 5:30:31  360,169/1,000,000  18.2/s  upd=8498  L=0.0313  D=1.475
[regir_r1] saved resume t_env=360,169
[regir_r1] 5:30:55  360,169/1,000,000  18.1/s  upd=8504  L=0.0252  ev=0/100  D=1.475
[regir_r1] 5:31:05  360,169/1,000,000  18.1/s  upd=8504  L=0.0252  ev=20/100  D=1.475
[regir_r1] 5:31:15  360,169/1,000,000  18.1/s  upd=8504  L=0.0252  ev=32/100  D=1.475
[regir_r1] 5:31:25  360,169/1,000,000  18.1/s  upd=8504  L=0.0252  ev=41/100  D=1.475
[regir_r1] 5:31:35  360,169/1,000,000  18.1/s  upd=8504  L=0.0252  ev=50/100  D=1.475
[regir_r1] 5:31:45  360,169/1,000,000  18.1/s  upd=8504  L=0.0252  ev=62/100  D=1.475
[regir_r1] 5:31:55  360,169/1,000,000  18.1/s  upd=8504  L=0.0252  ev=65/100  D=1.475
[regir_r1] 5:32:05  360,169/1,000,000  18.1/s  upd=8504  L=0.0252  ev=78/100  D=1.475
[regir_r1] 5:32:16  360,169/1,000,000  18.1/s  upd=8504  L=0.0252  ev=87/100  D=1.475
[regir_r1] 5:32:26  360,169/1,000,000  18.1/s  upd=8504  L=0.0252  ev=96/100  D=1.475
[regir_r1] 5:34:00  360,169/1,000,000  18.0/s  upd=8504  L=0.0252  D=1.277
[regir_r1] 5:35:24  360,169/1,000,000  17.9/s  upd=8504  L=0.0252  D=1.277
[regir_r1] 5:35:34  360,472/1,000,000  17.9/s  upd=8512  L=0.0151  D=1.277
[regir_r1] 5:35:44  360,794/1,000,000  17.9/s  upd=8516  L=0.0347  D=1.277
[regir_r1] 5:35:55  361,046/1,000,000  17.9/s  upd=8526  L=0.0212  D=1.277
[regir_r1] 5:36:06  361,350/1,000,000  17.9/s  upd=8534  L=0.0220  D=1.277
[regir_r1] 5:36:16  361,623/1,000,000  17.9/s  upd=8539  L=0.0295  D=1.277
[regir_r1] 5:36:27  361,932/1,000,000  17.9/s  upd=8546  L=0.0243  D=1.277
[regir_r1] 5:36:38  362,264/1,000,000  17.9/s  upd=8558  L=0.0233  D=1.277
[regir_r1] 5:36:48  362,591/1,000,000  17.9/s  upd=8567  L=0.0274  D=1.277
[regir_r1] 5:36:58  362,914/1,000,000  17.9/s  upd=8576  L=0.0294  D=1.277
[regir_r1] 5:37:10  363,546/1,000,000  18.0/s  upd=8586  L=0.0177  D=1.277
[regir_r1] 5:37:20  363,838/1,000,000  18.0/s  upd=8594  L=0.0244  D=1.277
[regir_r1] 5:37:30  363,838/1,000,000  18.0/s  upd=8600  L=0.0373  D=1.277
[regir_r1] 5:37:41  364,110/1,000,000  18.0/s  upd=8606  L=0.0262  D=1.277
[regir_r1] 5:37:51  364,110/1,000,000  18.0/s  upd=8608  L=0.0282  D=1.277
[regir_r1] 5:38:01  364,507/1,000,000  18.0/s  upd=8616  L=0.0249  D=1.277
[regir_r1] 5:38:12  364,834/1,000,000  18.0/s  upd=8623  L=0.0171  D=1.277
[regir_r1] 5:38:22  365,115/1,000,000  18.0/s  upd=8629  L=0.0387  D=1.277
[regir_r1] 5:38:32  365,115/1,000,000  18.0/s  upd=8632  L=0.0325  D=1.277
[regir_r1] 5:38:42  365,510/1,000,000  18.0/s  upd=8640  L=0.0295  D=1.277
[regir_r1] 5:38:53  365,782/1,000,000  18.0/s  upd=8644  L=0.0276  D=1.277
[regir_r1] 5:39:03  366,083/1,000,000  18.0/s  upd=8654  L=0.0252  D=1.277
[regir_r1] 5:39:13  366,535/1,000,000  18.0/s  upd=8659  L=0.0437  D=1.277
[regir_r1] 5:39:23  366,893/1,000,000  18.0/s  upd=8668  L=0.0327  D=1.277
[regir_r1] 5:39:33  367,209/1,000,000  18.0/s  upd=8674  L=0.0283  D=1.277
[regir_r1] 5:39:44  367,555/1,000,000  18.0/s  upd=8683  L=0.0366  D=1.277
[regir_r1] 5:39:54  367,857/1,000,000  18.0/s  upd=8693  L=0.0231  D=1.277
[regir_r1] 5:40:05  368,167/1,000,000  18.0/s  upd=8697  L=0.0238  D=1.277
[regir_r1] 5:40:15  368,167/1,000,000  18.0/s  upd=8704  L=0.0255  D=1.277
[regir_r1] 5:40:26  368,494/1,000,000  18.0/s  upd=8712  L=0.0447  D=1.277
[regir_r1] 5:40:57  368,494/1,000,000  18.0/s  upd=8712  L=0.0447  D=1.277
[regir_r1] 5:41:08  368,751/1,000,000  18.0/s  upd=8716  L=0.0237  D=1.277
[regir_r1] saved resume t_env=368,751
[regir_r1] 5:41:19  368,986/1,000,000  18.0/s  upd=8723  L=0.0255  D=1.277
[regir_r1] 5:41:29  369,315/1,000,000  18.0/s  upd=8730  L=0.0240  D=1.277
[regir_r1] 5:41:40  369,620/1,000,000  18.0/s  upd=8740  L=0.0241  D=1.277
[regir_r1] 5:41:50  370,016/1,000,000  18.0/s  upd=8749  L=0.0345  D=1.277
[regir_r1] 5:42:00  370,315/1,000,000  18.0/s  upd=8760  L=0.0276  D=1.277
[regir_r1] 5:42:11  370,620/1,000,000  18.1/s  upd=8766  L=0.0240  D=1.277
[regir_r1] 5:42:21  370,852/1,000,000  18.1/s  upd=8772  L=0.0184  D=1.277
[regir_r1] 5:42:32  370,852/1,000,000  18.0/s  upd=8776  L=0.0282  D=1.277
[regir_r1] 5:42:42  371,163/1,000,000  18.1/s  upd=8784  L=0.0196  D=1.277
[regir_r1] 5:42:52  371,489/1,000,000  18.1/s  upd=8792  L=0.0296  D=1.277
[regir_r1] 5:43:02  371,832/1,000,000  18.1/s  upd=8800  L=0.0193  D=1.277
[regir_r1] 5:43:12  372,187/1,000,000  18.1/s  upd=8808  L=0.0288  D=1.277
[regir_r1] 5:43:22  372,505/1,000,000  18.1/s  upd=8816  L=0.0255  D=1.277
[regir_r1] 5:43:32  372,808/1,000,000  18.1/s  upd=8824  L=0.0263  D=1.277
[regir_r1] 5:43:43  373,128/1,000,000  18.1/s  upd=8829  L=0.0225  D=1.277
[regir_r1] 5:43:53  373,417/1,000,000  18.1/s  upd=8833  L=0.0158  D=1.277
[regir_r1] 5:44:03  373,722/1,000,000  18.1/s  upd=8844  L=0.0303  D=1.277
[regir_r1] 5:44:13  374,012/1,000,000  18.1/s  upd=8850  L=0.0272  D=1.277
[regir_r1] 5:44:24  374,317/1,000,000  18.1/s  upd=8859  L=0.0232  D=1.277
[regir_r1] 5:44:34  374,632/1,000,000  18.1/s  upd=8870  L=0.0407  D=1.277
[regir_r1] 5:44:45  374,959/1,000,000  18.1/s  upd=8878  L=0.0203  D=1.277
[regir_r1] 5:44:56  375,265/1,000,000  18.1/s  upd=8886  L=0.0195  D=1.277
[regir_r1] 5:45:06  375,543/1,000,000  18.1/s  upd=8894  L=0.0222  D=1.277
[regir_r1] 5:45:16  375,878/1,000,000  18.1/s  upd=8904  L=0.0377  D=1.277
[regir_r1] 5:45:27  376,454/1,000,000  18.2/s  upd=8916  L=0.0391  D=1.277
[regir_r1] 5:45:37  376,746/1,000,000  18.2/s  upd=8928  L=0.0351  D=1.277
[regir_r1] 5:45:48  377,454/1,000,000  18.2/s  upd=8941  L=0.0235  D=1.277
[regir_r1] 5:45:58  377,740/1,000,000  18.2/s  upd=8952  L=0.0244  D=1.277
[regir_r1] 5:48:13  378,076/1,000,000  18.1/s  upd=8960  L=0.0232  D=1.277
[regir_r1] 5:48:23  378,674/1,000,000  18.1/s  upd=8975  L=0.0266  D=1.277
[regir_r1] 5:48:33  379,324/1,000,000  18.1/s  upd=8986  L=0.0358  D=1.277
[regir_r1] 5:48:44  379,618/1,000,000  18.1/s  upd=9000  L=0.0225  D=1.277
[regir_r1] saved resume t_env=380,008
[regir_r1] 5:49:08  380,008/1,000,000  18.1/s  upd=9008  L=0.0170  ev=0/100  D=1.277
[regir_r1] 5:51:58  380,008/1,000,000  18.0/s  upd=9008  L=0.0170  D=1.514
[regir_r1] 5:52:09  380,295/1,000,000  18.0/s  upd=9016  L=0.0312  D=1.514
[regir_r1] 5:52:19  380,571/1,000,000  18.0/s  upd=9024  L=0.0309  D=1.514
[regir_r1] 5:52:29  380,926/1,000,000  18.0/s  upd=9032  L=0.0231  D=1.514
[regir_r1] 5:52:39  381,222/1,000,000  18.0/s  upd=9040  L=0.0331  D=1.514
[regir_r1] 5:52:49  381,521/1,000,000  18.0/s  upd=9048  L=0.0323  D=1.514
[regir_r1] 5:53:00  382,144/1,000,000  18.0/s  upd=9059  L=0.0238  D=1.514
[regir_r1] 5:53:11  382,443/1,000,000  18.0/s  upd=9066  L=0.0335  D=1.514
[regir_r1] 5:55:46  382,443/1,000,000  17.9/s  upd=9072  L=0.0236  D=1.514
[regir_r1] 5:55:56  382,798/1,000,000  17.9/s  upd=9080  L=0.0395  D=1.514
[regir_r1] 5:56:06  383,125/1,000,000  17.9/s  upd=9088  L=0.0289  D=1.514
[regir_r1] 5:56:16  383,458/1,000,000  17.9/s  upd=9096  L=0.0234  D=1.514
[regir_r1] 5:56:26  384,018/1,000,000  18.0/s  upd=9108  L=0.0383  D=1.514
[regir_r1] 5:56:36  384,322/1,000,000  18.0/s  upd=9120  L=0.0324  D=1.514
[regir_r1] 5:56:47  385,030/1,000,000  18.0/s  upd=9129  L=0.0270  D=1.514
[regir_r1] 5:56:57  385,320/1,000,000  18.0/s  upd=9137  L=0.0608  D=1.514
[regir_r1] 5:57:07  385,687/1,000,000  18.0/s  upd=9145  L=0.0229  D=1.514
[regir_r1] 5:57:18  386,004/1,000,000  18.0/s  upd=9156  L=0.0214  D=1.514
[regir_r1] 5:57:28  386,291/1,000,000  18.0/s  upd=9165  L=0.0363  D=1.514
[regir_r1] 5:57:38  386,574/1,000,000  18.0/s  upd=9171  L=0.0222  D=1.514
[regir_r1] 5:57:49  386,903/1,000,000  18.0/s  upd=9180  L=0.0215  D=1.514
[regir_r1] 5:58:00  387,260/1,000,000  18.0/s  upd=9187  L=0.0253  D=1.514
[regir_r1] 5:58:11  387,545/1,000,000  18.0/s  upd=9194  L=0.0410  D=1.514
[regir_r1] 5:58:21  387,545/1,000,000  18.0/s  upd=9200  L=0.0154  D=1.514
[regir_r1] 5:58:31  387,827/1,000,000  18.0/s  upd=9205  L=0.0238  D=1.514
[regir_r1] 5:58:42  388,138/1,000,000  18.0/s  upd=9213  L=0.0260  D=1.514
[regir_r1] 5:58:52  388,138/1,000,000  18.0/s  upd=9216  L=0.0220  D=1.514
[regir_r1] saved resume t_env=388,438
[regir_r1] 5:59:03  388,438/1,000,000  18.0/s  upd=9224  L=0.0297  D=1.514
[regir_r1] 5:59:13  388,738/1,000,000  18.0/s  upd=9228  L=0.0388  D=1.514
[regir_r1] 5:59:23  389,029/1,000,000  18.0/s  upd=9235  L=0.0203  D=1.514
[regir_r1] 5:59:34  389,300/1,000,000  18.0/s  upd=9242  L=0.0185  D=1.514
[regir_r1] 5:59:44  389,613/1,000,000  18.1/s  upd=9251  L=0.0310  D=1.514
[regir_r1] 5:59:55  389,933/1,000,000  18.1/s  upd=9260  L=0.0189  D=1.514
[regir_r1] 6:00:05  390,190/1,000,000  18.1/s  upd=9270  L=0.0255  D=1.514
[regir_r1] 6:00:15  390,525/1,000,000  18.1/s  upd=9276  L=0.0213  D=1.514
[regir_r1] 6:00:25  390,525/1,000,000  18.1/s  upd=9280  L=0.0253  D=1.514
[regir_r1] 6:00:35  390,823/1,000,000  18.1/s  upd=9288  L=0.0317  D=1.514
[regir_r1] 6:00:45  391,116/1,000,000  18.1/s  upd=9293  L=0.0311  D=1.514
[regir_r1] 6:01:43  391,116/1,000,000  18.0/s  upd=9296  L=0.0248  D=1.514
[regir_r1] 6:01:53  391,116/1,000,000  18.0/s  upd=9296  L=0.0248  D=1.514
[regir_r1] 6:02:03  391,411/1,000,000  18.0/s  upd=9304  L=0.0286  D=1.514
[regir_r1] 6:02:14  391,737/1,000,000  18.0/s  upd=9312  L=0.0262  D=1.514
[regir_r1] 6:02:24  392,059/1,000,000  18.0/s  upd=9320  L=0.0323  D=1.514
[regir_r1] 6:02:35  392,570/1,000,000  18.0/s  upd=9329  L=0.0146  D=1.514
[regir_r1] 6:02:45  392,570/1,000,000  18.0/s  upd=9336  L=0.0175  D=1.514
[regir_r1] 6:02:55  392,862/1,000,000  18.0/s  upd=9344  L=0.0396  D=1.514
[regir_r1] 6:03:05  393,209/1,000,000  18.0/s  upd=9351  L=0.0268  D=1.514
[regir_r1] 6:03:15  393,506/1,000,000  18.1/s  upd=9355  L=0.0279  D=1.514
[regir_r1] 6:03:25  393,506/1,000,000  18.0/s  upd=9360  L=0.0238  D=1.514
[regir_r1] 6:03:35  393,822/1,000,000  18.1/s  upd=9368  L=0.0212  D=1.514
[regir_r1] 6:03:45  394,169/1,000,000  18.1/s  upd=9376  L=0.0962  D=1.514
[regir_r1] 6:03:56  394,501/1,000,000  18.1/s  upd=9384  L=0.0220  D=1.514
[regir_r1] 6:04:06  395,073/1,000,000  18.1/s  upd=9394  L=0.0312  D=1.514
[regir_r1] 6:04:16  395,073/1,000,000  18.1/s  upd=9400  L=0.0203  D=1.514
[regir_r1] 6:04:26  395,734/1,000,000  18.1/s  upd=9412  L=0.0189  D=1.514
[regir_r1] 6:04:37  396,022/1,000,000  18.1/s  upd=9420  L=0.0214  D=1.514
[regir_r1] 6:04:47  396,310/1,000,000  18.1/s  upd=9427  L=0.0301  D=1.514
[regir_r1] 6:04:59  396,639/1,000,000  18.1/s  upd=9436  L=0.0257  D=1.514
[regir_r1] 6:05:09  396,957/1,000,000  18.1/s  upd=9444  L=0.0194  D=1.514
[regir_r1] 6:05:19  397,578/1,000,000  18.1/s  upd=9460  L=0.0274  D=1.514
[regir_r1] 6:05:29  398,141/1,000,000  18.2/s  upd=9479  L=0.0203  D=1.514
[regir_r1] 6:05:40  398,711/1,000,000  18.2/s  upd=9492  L=0.0205  D=1.514
[regir_r1] 6:05:50  398,984/1,000,000  18.2/s  upd=9504  L=0.0231  D=1.514
[regir_r1] 6:06:00  399,660/1,000,000  18.2/s  upd=9513  L=0.0210  D=1.514
[regir_r1] 6:06:11  400,262/1,000,000  18.2/s  upd=9529  L=0.0258  D=1.514
[regir_r1] saved resume t_env=400,262
[regir_r1] 6:06:33  400,262/1,000,000  18.2/s  upd=9536  L=0.0204  ev=0/100  D=1.514
[regir_r1] 6:06:43  400,262/1,000,000  18.2/s  upd=9536  L=0.0204  ev=23/100  D=1.514
[regir_r1] 6:06:53  400,262/1,000,000  18.2/s  upd=9536  L=0.0204  ev=43/100  D=1.514
[regir_r1] 6:07:03  400,262/1,000,000  18.2/s  upd=9536  L=0.0204  ev=64/100  D=1.514
[regir_r1] 6:07:13  400,262/1,000,000  18.2/s  upd=9536  L=0.0204  ev=80/100  D=1.514
[regir_r1] 6:09:38  400,262/1,000,000  18.0/s  upd=9536  L=0.0204  D=1.437
[regir_r1] 6:11:59  400,262/1,000,000  17.9/s  upd=9536  L=0.0204  D=1.437
[regir_r1] 6:12:09  400,827/1,000,000  18.0/s  upd=9549  L=0.0333  D=1.437
[regir_r1] 6:12:20  401,534/1,000,000  18.0/s  upd=9561  L=0.0290  D=1.437
[regir_r1] 6:12:30  401,865/1,000,000  18.0/s  upd=9575  L=0.0310  D=1.437
[regir_r1] 6:12:40  402,512/1,000,000  18.0/s  upd=9586  L=0.0292  D=1.437
[regir_r1] 6:12:51  402,871/1,000,000  18.0/s  upd=9598  L=0.0237  D=1.437
[regir_r1] 6:13:01  403,475/1,000,000  18.0/s  upd=9610  L=0.0266  D=1.437
[regir_r1] 6:13:11  403,804/1,000,000  18.0/s  upd=9624  L=0.0363  D=1.437
[regir_r1] 6:13:22  404,414/1,000,000  18.1/s  upd=9639  L=0.0266  D=1.437
[regir_r1] 6:13:32  404,998/1,000,000  18.1/s  upd=9651  L=0.0282  D=1.437
[regir_r1] 6:13:42  405,302/1,000,000  18.1/s  upd=9664  L=0.0263  D=1.437
[regir_r1] 6:13:53  405,947/1,000,000  18.1/s  upd=9674  L=0.0213  D=1.437
[regir_r1] 6:14:03  406,298/1,000,000  18.1/s  upd=9688  L=0.0255  D=1.437
[regir_r1] 6:14:13  406,950/1,000,000  18.1/s  upd=9698  L=0.0561  D=1.437
[regir_r1] 6:14:23  407,277/1,000,000  18.1/s  upd=9712  L=0.0270  D=1.437
[regir_r1] 6:14:34  407,933/1,000,000  18.2/s  upd=9723  L=0.0523  D=1.437
[regir_r1] 6:14:44  408,269/1,000,000  18.2/s  upd=9736  L=0.0203  D=1.437
[regir_r1] 6:14:54  408,566/1,000,000  18.2/s  upd=9744  L=0.0196  D=1.437
[regir_r1] 6:15:04  409,145/1,000,000  18.2/s  upd=9753  L=0.0239  D=1.437
[regir_r1] 6:15:15  409,145/1,000,000  18.2/s  upd=9760  L=0.0362  D=1.437
[regir_r1] 6:15:25  409,805/1,000,000  18.2/s  upd=9773  L=0.0301  D=1.437
[regir_r1] 6:15:35  410,172/1,000,000  18.2/s  upd=9779  L=0.0299  D=1.437
[regir_r1] 6:15:46  410,442/1,000,000  18.2/s  upd=9790  L=0.0295  D=1.437
[regir_r1] 6:15:56  410,710/1,000,000  18.2/s  upd=9799  L=0.0295  D=1.437
[regir_r1] 6:16:06  411,004/1,000,000  18.2/s  upd=9807  L=0.0296  D=1.437
[regir_r1] 6:16:16  411,272/1,000,000  18.2/s  upd=9816  L=0.0302  D=1.437
[regir_r1] 6:16:26  411,569/1,000,000  18.2/s  upd=9824  L=0.0288  D=1.437
[regir_r1] saved resume t_env=411,569
[regir_r1] 6:16:36  411,883/1,000,000  18.2/s  upd=9827  L=0.0220  D=1.437
[regir_r1] 6:16:47  412,213/1,000,000  18.2/s  upd=9835  L=0.0366  D=1.437
[regir_r1] 6:16:57  412,541/1,000,000  18.2/s  upd=9845  L=0.0349  D=1.437
[regir_r1] 6:19:02  412,541/1,000,000  18.1/s  upd=9848  L=0.0306  D=1.437
[regir_r1] 6:19:12  412,833/1,000,000  18.1/s  upd=9854  L=0.0251  D=1.437
[regir_r1] 6:19:23  413,169/1,000,000  18.2/s  upd=9859  L=0.0228  D=1.437
[regir_r1] 6:19:33  413,169/1,000,000  18.1/s  upd=9864  L=0.0308  D=1.437
[regir_r1] 6:19:44  413,494/1,000,000  18.1/s  upd=9871  L=0.0249  D=1.437
[regir_r1] 6:19:54  413,817/1,000,000  18.2/s  upd=9879  L=0.0264  D=1.437
[regir_r1] 6:20:04  414,116/1,000,000  18.2/s  upd=9886  L=0.0294  D=1.437
[regir_r1] 6:20:15  414,448/1,000,000  18.2/s  upd=9895  L=0.0284  D=1.437
[regir_r1] 6:20:25  415,020/1,000,000  18.2/s  upd=9905  L=0.0308  D=1.437
[regir_r1] 6:20:36  415,308/1,000,000  18.2/s  upd=9913  L=0.0306  D=1.437
[regir_r1] 6:20:46  415,308/1,000,000  18.2/s  upd=9920  L=0.0206  D=1.437
[regir_r1] 6:20:56  415,586/1,000,000  18.2/s  upd=9928  L=0.0347  D=1.437
[regir_r1] 6:21:06  415,868/1,000,000  18.2/s  upd=9930  L=0.0309  D=1.437
[regir_r1] 6:21:16  415,868/1,000,000  18.2/s  upd=9936  L=0.0274  D=1.437
[regir_r1] 6:21:26  416,186/1,000,000  18.2/s  upd=9944  L=0.0272  D=1.437
[regir_r1] 6:21:37  416,851/1,000,000  18.2/s  upd=9954  L=0.0252  D=1.437
[regir_r1] 6:21:47  416,851/1,000,000  18.2/s  upd=9960  L=0.0268  D=1.437
[regir_r1] 6:21:57  417,456/1,000,000  18.2/s  upd=9970  L=0.0309  D=1.437
[regir_r1] 6:22:07  417,777/1,000,000  18.2/s  upd=9977  L=0.0368  D=1.437
[regir_r1] 6:22:18  418,080/1,000,000  18.2/s  upd=9987  L=0.0538  D=1.437
[regir_r1] 6:22:28  418,404/1,000,000  18.2/s  upd=9998  L=0.0231  D=1.437
[regir_r1] 6:22:38  418,720/1,000,000  18.2/s  upd=10006  L=0.0368  D=1.437
[regir_r1] 6:22:49  418,720/1,000,000  18.2/s  upd=10008  L=0.0492  D=1.437
[regir_r1] 6:22:59  419,070/1,000,000  18.2/s  upd=10016  L=0.0354  D=1.437
[regir_r1] 6:23:09  419,400/1,000,000  18.2/s  upd=10019  L=0.0190  D=1.437
[regir_r1] 6:23:20  419,665/1,000,000  18.2/s  upd=10025  L=0.0283  D=1.437
[regir_r1] 6:23:30  419,665/1,000,000  18.2/s  upd=10032  L=0.0158  D=1.437
[regir_r1] 6:23:40  419,959/1,000,000  18.2/s  upd=10040  L=0.0311  D=1.437
[regir_r1] 6:23:50  420,247/1,000,000  18.2/s  upd=10042  L=0.0261  D=1.437
[regir_r1] saved resume t_env=420,247
[regir_r1] 6:24:13  420,247/1,000,000  18.2/s  upd=10048  L=0.0334  ev=0/100  D=1.437
[regir_r1] 6:24:23  420,247/1,000,000  18.2/s  upd=10048  L=0.0334  ev=24/100  D=1.437
[regir_r1] 6:24:34  420,247/1,000,000  18.2/s  upd=10048  L=0.0334  ev=39/100  D=1.437
[regir_r1] 6:24:44  420,247/1,000,000  18.2/s  upd=10048  L=0.0334  ev=62/100  D=1.437
[regir_r1] 6:24:54  420,247/1,000,000  18.2/s  upd=10048  L=0.0334  ev=79/100  D=1.437
[regir_r1] 6:25:04  420,247/1,000,000  18.2/s  upd=10048  L=0.0334  ev=84/100  D=1.437
[regir_r1] 6:25:14  420,247/1,000,000  18.2/s  upd=10048  L=0.0334  ev=96/100  D=1.437
[regir_r1] 6:26:15  420,247/1,000,000  18.1/s  upd=10048  L=0.0334  D=1.337
[regir_r1] 6:27:44  420,247/1,000,000  18.1/s  upd=10048  L=0.0334  D=1.337
[regir_r1] 6:27:54  420,612/1,000,000  18.1/s  upd=10056  L=0.0381  D=1.337
[regir_r1] 6:28:05  420,918/1,000,000  18.1/s  upd=10063  L=0.0211  D=1.337
[regir_r1] 6:28:15  421,318/1,000,000  18.1/s  upd=10070  L=0.0345  D=1.337
[regir_r1] 6:28:26  421,580/1,000,000  18.1/s  upd=10079  L=0.0378  D=1.337
[regir_r1] 6:28:36  422,072/1,000,000  18.1/s  upd=10089  L=0.0265  D=1.337
[regir_r1] 6:28:47  422,368/1,000,000  18.1/s  upd=10102  L=0.0457  D=1.337
[regir_r1] 6:28:57  422,666/1,000,000  18.1/s  upd=10107  L=0.0355  D=1.337
[regir_r1] 6:29:07  422,666/1,000,000  18.1/s  upd=10112  L=0.0270  D=1.337
[regir_r1] 6:29:18  423,226/1,000,000  18.1/s  upd=10122  L=0.0241  D=1.337
[regir_r1] 6:29:28  423,226/1,000,000  18.1/s  upd=10128  L=0.0163  D=1.337
[regir_r1] 6:29:38  423,605/1,000,000  18.1/s  upd=10136  L=0.0567  D=1.337
[regir_r1] 6:29:48  423,913/1,000,000  18.1/s  upd=10144  L=0.0211  D=1.337
[regir_r1] 6:29:58  424,146/1,000,000  18.1/s  upd=10152  L=0.0248  D=1.337
[regir_r1] 6:30:08  424,496/1,000,000  18.1/s  upd=10160  L=0.0197  D=1.337
[regir_r1] 6:30:18  424,847/1,000,000  18.1/s  upd=10168  L=0.0204  D=1.337
[regir_r1] 6:30:28  425,136/1,000,000  18.1/s  upd=10176  L=0.0429  D=1.337
[regir_r1] 6:30:39  425,434/1,000,000  18.2/s  upd=10184  L=0.0196  D=1.337
[regir_r1] 6:30:49  425,733/1,000,000  18.2/s  upd=10192  L=0.0334  D=1.337
[regir_r1] 6:30:59  425,986/1,000,000  18.2/s  upd=10200  L=0.0656  D=1.337
[regir_r1] 6:31:09  426,379/1,000,000  18.2/s  upd=10207  L=0.0246  D=1.337
[regir_r1] 6:31:19  426,661/1,000,000  18.2/s  upd=10216  L=0.0237  D=1.337
[regir_r1] 6:31:30  427,017/1,000,000  18.2/s  upd=10224  L=0.0280  D=1.337
[regir_r1] 6:31:40  427,350/1,000,000  18.2/s  upd=10232  L=0.0493  D=1.337
[regir_r1] 6:31:50  427,643/1,000,000  18.2/s  upd=10240  L=0.0251  D=1.337
[regir_r1] 6:32:00  427,978/1,000,000  18.2/s  upd=10246  L=0.0211  D=1.337
[regir_r1] 6:32:11  428,254/1,000,000  18.2/s  upd=10254  L=0.0371  D=1.337
[regir_r1] 6:32:22  428,584/1,000,000  18.2/s  upd=10259  L=0.0280  D=1.337
[regir_r1] 6:32:33  428,872/1,000,000  18.2/s  upd=10271  L=0.0341  D=1.337
[regir_r1] 6:32:44  429,106/1,000,000  18.2/s  upd=10279  L=0.0183  D=1.337
[regir_r1] 6:33:59  429,106/1,000,000  18.2/s  upd=10280  L=0.0177  D=1.337
[regir_r1] saved resume t_env=429,426
[regir_r1] 6:34:09  429,426/1,000,000  18.2/s  upd=10288  L=0.0388  D=1.337
[regir_r1] 6:34:20  429,988/1,000,000  18.2/s  upd=10301  L=0.0221  D=1.337
[regir_r1] 6:34:30  430,290/1,000,000  18.2/s  upd=10312  L=0.0286  D=1.337
[regir_r1] 6:34:40  430,907/1,000,000  18.2/s  upd=10326  L=0.0258  D=1.337
[regir_r1] 6:34:51  431,544/1,000,000  18.2/s  upd=10338  L=0.0619  D=1.337
[regir_r1] 6:35:01  431,815/1,000,000  18.2/s  upd=10352  L=0.0211  D=1.337
[regir_r1] 6:35:11  432,160/1,000,000  18.2/s  upd=10360  L=0.0183  D=1.337
[regir_r1] 6:35:21  432,440/1,000,000  18.2/s  upd=10368  L=0.0255  D=1.337
[regir_r1] 6:35:31  432,803/1,000,000  18.2/s  upd=10375  L=0.0218  D=1.337
[regir_r1] 6:35:42  433,197/1,000,000  18.2/s  upd=10380  L=0.0152  D=1.337
[regir_r1] 6:35:52  433,495/1,000,000  18.3/s  upd=10392  L=0.0240  D=1.337
[regir_r1] 6:36:02  433,781/1,000,000  18.3/s  upd=10398  L=0.0369  D=1.337
[regir_r1] 6:36:13  434,369/1,000,000  18.3/s  upd=10410  L=0.0477  D=1.337
[regir_r1] 6:36:23  434,681/1,000,000  18.3/s  upd=10423  L=0.0211  D=1.337
[regir_r1] 6:36:34  435,039/1,000,000  18.3/s  upd=10428  L=0.0225  D=1.337
[regir_r1] 6:36:44  435,349/1,000,000  18.3/s  upd=10433  L=0.0223  D=1.337
[regir_r1] 6:36:55  435,648/1,000,000  18.3/s  upd=10443  L=0.0377  D=1.337
[regir_r1] 6:37:06  435,933/1,000,000  18.3/s  upd=10453  L=0.0230  D=1.337
[regir_r1] 6:37:16  436,185/1,000,000  18.3/s  upd=10461  L=0.0203  D=1.337
[regir_r1] 6:37:26  436,605/1,000,000  18.3/s  upd=10471  L=0.0220  D=1.337
[regir_r1] 6:37:37  437,214/1,000,000  18.3/s  upd=10482  L=0.0280  D=1.337
[regir_r1] 6:37:47  437,512/1,000,000  18.3/s  upd=10496  L=0.0215  D=1.337
[regir_r1] 6:37:58  438,096/1,000,000  18.3/s  upd=10510  L=0.0166  D=1.337
[regir_r1] 6:38:08  438,441/1,000,000  18.4/s  upd=10520  L=0.0207  D=1.337
[regir_r1] 6:38:18  439,153/1,000,000  18.4/s  upd=10533  L=0.0403  D=1.337
[regir_r1] 6:38:29  439,821/1,000,000  18.4/s  upd=10549  L=0.0280  D=1.337
[regir_r1] saved resume t_env=440,102
[regir_r1] 6:38:53  440,102/1,000,000  18.4/s  upd=10560  L=0.0369  ev=0/100  D=1.337
[regir_r1] 6:41:33  440,102/1,000,000  18.3/s  upd=10560  L=0.0369  D=1.436
[regir_r1] 6:44:25  440,102/1,000,000  18.1/s  upd=10560  L=0.0369  D=1.436
[regir_r1] 6:44:35  440,431/1,000,000  18.1/s  upd=10567  L=0.0203  D=1.436
[regir_r1] 6:44:45  440,824/1,000,000  18.2/s  upd=10573  L=0.0183  D=1.436
[regir_r1] 6:44:56  441,153/1,000,000  18.2/s  upd=10580  L=0.0234  D=1.436
[regir_r1] 6:45:06  441,498/1,000,000  18.2/s  upd=10585  L=0.0501  D=1.436
[regir_r1] 6:45:16  441,827/1,000,000  18.2/s  upd=10596  L=0.0182  D=1.436
[regir_r1] 6:45:26  442,172/1,000,000  18.2/s  upd=10601  L=0.0195  D=1.436
[regir_r1] 6:45:36  442,172/1,000,000  18.2/s  upd=10608  L=0.0252  D=1.436
[regir_r1] 6:45:47  442,817/1,000,000  18.2/s  upd=10618  L=0.0218  D=1.436
[regir_r1] 6:45:57  443,126/1,000,000  18.2/s  upd=10628  L=0.0495  D=1.436
[regir_r1] 6:46:08  443,470/1,000,000  18.2/s  upd=10636  L=0.0165  D=1.436
[regir_r1] 6:46:18  443,745/1,000,000  18.2/s  upd=10647  L=0.0242  D=1.436
[regir_r1] 6:46:29  444,308/1,000,000  18.2/s  upd=10657  L=0.0457  D=1.436
[regir_r1] 6:46:40  444,308/1,000,000  18.2/s  upd=10664  L=0.0126  D=1.436
[regir_r1] 6:46:50  444,639/1,000,000  18.2/s  upd=10672  L=0.0184  D=1.436
[regir_r1] 6:47:00  444,928/1,000,000  18.2/s  upd=10680  L=0.0183  D=1.436
[regir_r1] 6:47:10  445,285/1,000,000  18.2/s  upd=10686  L=0.0366  D=1.436
[regir_r1] 6:47:20  445,613/1,000,000  18.2/s  upd=10692  L=0.0223  D=1.436
[regir_r1] 6:47:30  445,613/1,000,000  18.2/s  upd=10696  L=0.0232  D=1.436
[regir_r1] 6:47:40  445,902/1,000,000  18.2/s  upd=10704  L=0.0269  D=1.436
[regir_r1] 6:47:50  446,248/1,000,000  18.2/s  upd=10712  L=0.0304  D=1.436
[regir_r1] 6:48:00  446,565/1,000,000  18.2/s  upd=10720  L=0.0218  D=1.436
[regir_r1] 6:48:11  447,299/1,000,000  18.3/s  upd=10733  L=0.0221  D=1.436
[regir_r1] 6:48:22  447,899/1,000,000  18.3/s  upd=10746  L=0.0407  D=1.436
[regir_r1] 6:48:32  448,243/1,000,000  18.3/s  upd=10757  L=0.0151  D=1.436
[regir_r1] 6:48:42  448,559/1,000,000  18.3/s  upd=10765  L=0.0190  D=1.436
[regir_r1] saved resume t_env=448,559
[regir_r1] 6:48:53  448,777/1,000,000  18.3/s  upd=10769  L=0.0150  D=1.436
[regir_r1] 6:49:03  449,035/1,000,000  18.3/s  upd=10777  L=0.0246  D=1.436
[regir_r1] 6:49:13  449,035/1,000,000  18.3/s  upd=10784  L=0.0393  D=1.436
[regir_r1] 6:49:23  449,683/1,000,000  18.3/s  upd=10794  L=0.0204  D=1.436
[regir_r1] 6:50:49  449,683/1,000,000  18.2/s  upd=10800  L=0.0290  D=1.436
[regir_r1] 6:51:00  450,048/1,000,000  18.3/s  upd=10808  L=0.0257  D=1.436
[regir_r1] 6:51:10  450,371/1,000,000  18.3/s  upd=10816  L=0.0230  D=1.436
[regir_r1] 6:51:20  450,672/1,000,000  18.3/s  upd=10824  L=0.0150  D=1.436
[regir_r1] 6:51:30  450,992/1,000,000  18.3/s  upd=10832  L=0.0184  D=1.436
[regir_r1] 6:51:40  451,586/1,000,000  18.3/s  upd=10843  L=0.0210  D=1.436
[regir_r1] 6:51:50  451,873/1,000,000  18.3/s  upd=10850  L=0.0211  D=1.436
[regir_r1] 6:52:00  451,873/1,000,000  18.3/s  upd=10856  L=0.0222  D=1.436
[regir_r1] 6:52:10  452,208/1,000,000  18.3/s  upd=10864  L=0.0255  D=1.436
[regir_r1] 6:52:20  452,578/1,000,000  18.3/s  upd=10871  L=0.0254  D=1.436
[regir_r1] 6:52:30  452,946/1,000,000  18.3/s  upd=10880  L=0.0177  D=1.436
[regir_r1] 6:52:41  453,233/1,000,000  18.3/s  upd=10887  L=0.0272  D=1.436
[regir_r1] 6:52:51  453,543/1,000,000  18.3/s  upd=10894  L=0.0201  D=1.436
[regir_r1] 6:53:01  453,844/1,000,000  18.3/s  upd=10904  L=0.0325  D=1.436
[regir_r1] 6:53:11  454,159/1,000,000  18.3/s  upd=10912  L=0.0169  D=1.436
[regir_r1] 6:53:22  454,480/1,000,000  18.3/s  upd=10920  L=0.0169  D=1.436
[regir_r1] 6:53:34  454,850/1,000,000  18.3/s  upd=10925  L=0.0250  D=1.436
[regir_r1] 6:53:45  455,192/1,000,000  18.3/s  upd=10934  L=0.0373  D=1.436
[regir_r1] 6:53:55  455,470/1,000,000  18.3/s  upd=10944  L=0.0178  D=1.436
[regir_r1] 6:54:05  456,112/1,000,000  18.4/s  upd=10953  L=0.0212  D=1.436
[regir_r1] 6:54:15  456,112/1,000,000  18.4/s  upd=10960  L=0.0190  D=1.436
[regir_r1] 6:54:25  456,654/1,000,000  18.4/s  upd=10976  L=0.0203  D=1.436
[regir_r1] 6:54:36  457,258/1,000,000  18.4/s  upd=10987  L=0.0233  D=1.436
[regir_r1] 6:54:46  457,566/1,000,000  18.4/s  upd=11000  L=0.0374  D=1.436
[regir_r1] 6:54:57  458,147/1,000,000  18.4/s  upd=11012  L=0.0174  D=1.436
[regir_r1] 6:55:07  458,482/1,000,000  18.4/s  upd=11024  L=0.0147  D=1.436
[regir_r1] 6:55:17  458,833/1,000,000  18.4/s  upd=11028  L=0.0217  D=1.436
[regir_r1] 6:55:28  459,099/1,000,000  18.4/s  upd=11038  L=0.0259  D=1.436
[regir_r1] 6:55:38  459,410/1,000,000  18.4/s  upd=11047  L=0.0197  D=1.436
[regir_r1] 6:55:48  459,696/1,000,000  18.4/s  upd=11056  L=0.0194  D=1.436
[regir_r1] 6:58:00  459,926/1,000,000  18.3/s  upd=11064  L=0.0206  D=1.436
[regir_r1] 6:58:11  460,222/1,000,000  18.3/s  upd=11072  L=0.0232  D=1.436
[regir_r1] saved resume t_env=460,222
[regir_r1] 6:58:29  460,222/1,000,000  18.3/s  upd=11072  L=0.0232  ev=0/100  D=1.436
[regir_r1] 6:58:39  460,222/1,000,000  18.3/s  upd=11072  L=0.0232  ev=62/100  D=1.436
[regir_r1] 7:00:24  460,222/1,000,000  18.2/s  upd=11072  L=0.0232  D=1.073
[regir_r1] 7:00:35  460,527/1,000,000  18.2/s  upd=11079  L=0.0171  D=1.073
[regir_r1] 7:00:45  460,828/1,000,000  18.3/s  upd=11088  L=0.0252  D=1.073
[regir_r1] 7:00:55  461,132/1,000,000  18.3/s  upd=11096  L=0.0194  D=1.073
[regir_r1] 7:01:05  461,386/1,000,000  18.3/s  upd=11104  L=0.0391  D=1.073
[regir_r1] 7:01:16  461,740/1,000,000  18.3/s  upd=11112  L=0.0219  D=1.073
[regir_r1] 7:01:27  462,015/1,000,000  18.3/s  upd=11118  L=0.0253  D=1.073
[regir_r1] 7:01:37  462,280/1,000,000  18.3/s  upd=11128  L=0.0174  D=1.073
[regir_r1] 7:01:47  462,602/1,000,000  18.3/s  upd=11135  L=0.0201  D=1.073
[regir_r1] 7:01:57  462,892/1,000,000  18.3/s  upd=11143  L=0.0344  D=1.073
[regir_r1] 7:02:08  463,219/1,000,000  18.3/s  upd=11152  L=0.0177  D=1.073
[regir_r1] 7:02:18  463,537/1,000,000  18.3/s  upd=11159  L=0.0189  D=1.073
[regir_r1] 7:02:28  463,855/1,000,000  18.3/s  upd=11168  L=0.0170  D=1.073
[regir_r1] 7:02:39  464,149/1,000,000  18.3/s  upd=11176  L=0.0274  D=1.073
[regir_r1] 7:02:49  464,723/1,000,000  18.3/s  upd=11185  L=0.0250  D=1.073
[regir_r1] 7:02:59  465,005/1,000,000  18.3/s  upd=11194  L=0.0164  D=1.073
[regir_r1] 7:04:16  465,005/1,000,000  18.3/s  upd=11200  L=0.0198  D=1.073
[regir_r1] 7:04:26  465,309/1,000,000  18.3/s  upd=11208  L=0.0187  D=1.073
[regir_r1] 7:04:36  465,661/1,000,000  18.3/s  upd=11216  L=0.0284  D=1.073
[regir_r1] 7:04:46  465,944/1,000,000  18.3/s  upd=11224  L=0.0260  D=1.073
[regir_r1] 7:04:56  466,249/1,000,000  18.3/s  upd=11232  L=0.0188  D=1.073
[regir_r1] 7:05:07  466,795/1,000,000  18.3/s  upd=11243  L=0.0174  D=1.073
[regir_r1] 7:05:17  467,077/1,000,000  18.3/s  upd=11256  L=0.0284  D=1.073
[regir_r1] 7:05:27  467,350/1,000,000  18.3/s  upd=11264  L=0.0234  D=1.073
[regir_r1] 7:05:37  467,659/1,000,000  18.3/s  upd=11272  L=0.0248  D=1.073
[regir_r1] 7:05:47  468,046/1,000,000  18.3/s  upd=11280  L=0.0151  D=1.073
[regir_r1] 7:05:57  468,348/1,000,000  18.3/s  upd=11288  L=0.0237  D=1.073
[regir_r1] 7:06:07  468,666/1,000,000  18.3/s  upd=11296  L=0.0197  D=1.073
[regir_r1] 7:06:17  468,993/1,000,000  18.3/s  upd=11304  L=0.0242  D=1.073
[regir_r1] 7:06:29  469,290/1,000,000  18.3/s  upd=11311  L=0.0243  D=1.073
[regir_r1] 7:06:39  469,614/1,000,000  18.3/s  upd=11318  L=0.0204  D=1.073
[regir_r1] 7:06:49  469,933/1,000,000  18.3/s  upd=11327  L=0.0213  D=1.073
[regir_r1] 7:07:00  470,245/1,000,000  18.4/s  upd=11333  L=0.0159  D=1.073
[regir_r1] 7:07:11  470,245/1,000,000  18.3/s  upd=11336  L=0.0169  D=1.073
[regir_r1] 7:07:21  470,646/1,000,000  18.4/s  upd=11340  L=0.0188  D=1.073
[regir_r1] 7:07:31  470,646/1,000,000  18.3/s  upd=11344  L=0.0376  D=1.073
[regir_r1] 7:07:42  470,928/1,000,000  18.4/s  upd=11352  L=0.0187  D=1.073
[regir_r1] 7:07:52  470,928/1,000,000  18.3/s  upd=11352  L=0.0187  D=1.073
[regir_r1] 7:08:02  471,233/1,000,000  18.3/s  upd=11360  L=0.0250  D=1.073
[regir_r1] 7:08:12  471,513/1,000,000  18.4/s  upd=11365  L=0.0237  D=1.073
[regir_r1] 7:08:22  471,830/1,000,000  18.4/s  upd=11376  L=0.0177  D=1.073
[regir_r1] saved resume t_env=471,830
[regir_r1] 7:08:33  472,147/1,000,000  18.4/s  upd=11383  L=0.0246  D=1.073
[regir_r1] 7:08:44  472,742/1,000,000  18.4/s  upd=11395  L=0.0102  D=1.073
[regir_r1] 7:08:54  473,086/1,000,000  18.4/s  upd=11408  L=0.0274  D=1.073
[regir_r1] 7:09:04  473,746/1,000,000  18.4/s  upd=11418  L=0.0144  D=1.073
[regir_r1] 7:09:15  474,145/1,000,000  18.4/s  upd=11432  L=0.0213  D=1.073
[regir_r1] 7:11:58  474,501/1,000,000  18.3/s  upd=11440  L=0.0156  D=1.073
[regir_r1] 7:12:09  475,134/1,000,000  18.3/s  upd=11453  L=0.0179  D=1.073
[regir_r1] 7:12:19  475,805/1,000,000  18.3/s  upd=11465  L=0.0200  D=1.073
[regir_r1] 7:12:30  476,085/1,000,000  18.3/s  upd=11479  L=0.0182  D=1.073
[regir_r1] 7:12:40  476,709/1,000,000  18.4/s  upd=11491  L=0.0175  D=1.073
[regir_r1] 7:12:50  477,024/1,000,000  18.4/s  upd=11504  L=0.0194  D=1.073
[regir_r1] 7:13:00  477,746/1,000,000  18.4/s  upd=11518  L=0.0295  D=1.073
[regir_r1] 7:13:10  478,360/1,000,000  18.4/s  upd=11531  L=0.0224  D=1.073
[regir_r1] 7:13:20  478,690/1,000,000  18.4/s  upd=11544  L=0.0230  D=1.073
[regir_r1] 7:13:31  479,292/1,000,000  18.4/s  upd=11558  L=0.0311  D=1.073
[regir_r1] 7:13:41  479,911/1,000,000  18.4/s  upd=11571  L=0.0156  D=1.073
[regir_r1] saved resume t_env=480,239
[regir_r1] 7:14:09  480,239/1,000,000  18.4/s  upd=11584  L=0.0195  ev=0/100  D=1.073
[regir_r1] 7:14:19  480,239/1,000,000  18.4/s  upd=11584  L=0.0195  ev=20/100  D=1.073
[regir_r1] 7:14:29  480,239/1,000,000  18.4/s  upd=11584  L=0.0195  ev=40/100  D=1.073
[regir_r1] 7:14:39  480,239/1,000,000  18.4/s  upd=11584  L=0.0195  ev=48/100  D=1.073
[regir_r1] 7:14:49  480,239/1,000,000  18.4/s  upd=11584  L=0.0195  ev=80/100  D=1.073
[regir_r1] 7:14:59  480,239/1,000,000  18.4/s  upd=11584  L=0.0195  ev=96/100  D=1.073
[regir_r1] 7:15:50  480,239/1,000,000  18.4/s  upd=11584  L=0.0195  D=1.460
[regir_r1] 7:16:01  480,561/1,000,000  18.4/s  upd=11592  L=0.0522  D=1.460
[regir_r1] 7:16:11  480,883/1,000,000  18.4/s  upd=11600  L=0.0185  D=1.460
[regir_r1] 7:16:21  481,217/1,000,000  18.4/s  upd=11608  L=0.0156  D=1.460
[regir_r1] 7:16:31  481,541/1,000,000  18.4/s  upd=11616  L=0.0206  D=1.460
[regir_r1] 7:16:41  481,875/1,000,000  18.4/s  upd=11624  L=0.0219  D=1.460
[regir_r1] 7:16:51  482,226/1,000,000  18.4/s  upd=11632  L=0.0313  D=1.460
[regir_r1] 7:18:44  482,557/1,000,000  18.3/s  upd=11640  L=0.0228  D=1.460
[regir_r1] 7:18:54  482,858/1,000,000  18.3/s  upd=11648  L=0.0168  D=1.460
[regir_r1] 7:19:04  483,177/1,000,000  18.3/s  upd=11656  L=0.0171  D=1.460
[regir_r1] 7:19:15  483,827/1,000,000  18.4/s  upd=11668  L=0.0320  D=1.460
[regir_r1] 7:19:25  484,461/1,000,000  18.4/s  upd=11681  L=0.0259  D=1.460
[regir_r1] 7:19:36  485,081/1,000,000  18.4/s  upd=11698  L=0.0156  D=1.460
[regir_r1] 7:19:46  485,756/1,000,000  18.4/s  upd=11718  L=0.0292  D=1.460
[regir_r1] 7:19:56  486,775/1,000,000  18.4/s  upd=11738  L=0.0245  D=1.460
[regir_r1] 7:20:06  487,438/1,000,000  18.5/s  upd=11758  L=0.0221  D=1.460
[regir_r1] 7:20:17  488,141/1,000,000  18.5/s  upd=11774  L=0.0341  D=1.460
[regir_r1] 7:20:27  488,833/1,000,000  18.5/s  upd=11787  L=0.0192  D=1.460
[regir_r1] 7:20:37  489,508/1,000,000  18.5/s  upd=11801  L=0.0152  D=1.460
[regir_r1] 7:20:47  489,812/1,000,000  18.5/s  upd=11815  L=0.0228  D=1.460
[regir_r1] 7:20:58  490,519/1,000,000  18.5/s  upd=11830  L=0.0221  D=1.460
[regir_r1] 7:21:08  491,135/1,000,000  18.6/s  upd=11843  L=0.0315  D=1.460
[regir_r1] 7:21:19  491,462/1,000,000  18.6/s  upd=11856  L=0.0246  D=1.460
[regir_r1] 7:21:29  491,760/1,000,000  18.6/s  upd=11864  L=0.0179  D=1.460
[regir_r1] 7:21:39  492,411/1,000,000  18.6/s  upd=11873  L=0.0267  D=1.460
[regir_r1] 7:21:50  492,656/1,000,000  18.6/s  upd=11885  L=0.0224  D=1.460
[regir_r1] 7:22:00  492,990/1,000,000  18.6/s  upd=11896  L=0.0240  D=1.460
[regir_r1] 7:22:10  493,295/1,000,000  18.6/s  upd=11903  L=0.0205  D=1.460
[regir_r1] 7:22:20  493,606/1,000,000  18.6/s  upd=11912  L=0.0263  D=1.460
[regir_r1] 7:22:30  493,898/1,000,000  18.6/s  upd=11919  L=0.0229  D=1.460
[regir_r1] 7:22:40  494,182/1,000,000  18.6/s  upd=11928  L=0.0154  D=1.460
[regir_r1] 7:22:51  494,492/1,000,000  18.6/s  upd=11936  L=0.0270  D=1.460
[regir_r1] 7:23:01  494,809/1,000,000  18.6/s  upd=11942  L=0.0375  D=1.460
[regir_r1] 7:23:12  495,162/1,000,000  18.6/s  upd=11946  L=0.0205  D=1.460
[regir_r1] 7:23:22  495,450/1,000,000  18.6/s  upd=11954  L=0.0180  D=1.460
[regir_r1] 7:23:33  495,778/1,000,000  18.6/s  upd=11961  L=0.0199  D=1.460
[regir_r1] 7:23:43  495,778/1,000,000  18.6/s  upd=11968  L=0.0194  D=1.460
[regir_r1] 7:25:37  496,092/1,000,000  18.6/s  upd=11976  L=0.0311  D=1.460
[regir_r1] 7:25:48  496,375/1,000,000  18.6/s  upd=11984  L=0.0237  D=1.460
[regir_r1] saved resume t_env=496,375
[regir_r1] 7:25:58  496,658/1,000,000  18.6/s  upd=11991  L=0.0299  D=1.460
[regir_r1] 7:26:09  496,943/1,000,000  18.6/s  upd=11999  L=0.0319  D=1.460
[regir_r1] 7:26:19  497,552/1,000,000  18.6/s  upd=12009  L=0.0322  D=1.460
[regir_r1] 7:26:29  497,855/1,000,000  18.6/s  upd=12024  L=0.0265  D=1.460
[regir_r1] 7:26:40  498,533/1,000,000  18.6/s  upd=12036  L=0.0289  D=1.460
[regir_r1] 7:26:50  498,868/1,000,000  18.6/s  upd=12048  L=0.0276  D=1.460
[regir_r1] 7:27:00  499,575/1,000,000  18.6/s  upd=12061  L=0.0223  D=1.460
[regir_r1] 7:27:11  499,876/1,000,000  18.6/s  upd=12072  L=0.0270  D=1.460
[regir_r1] 7:27:22  500,184/1,000,000  18.6/s  upd=12079  L=0.0218  D=1.460
[regir_r1] saved resume t_env=500,184
[regir_r1] 7:27:41  500,184/1,000,000  18.6/s  upd=12080  L=0.0256  ev=0/100  D=1.460
[regir_r1] 7:27:51  500,184/1,000,000  18.6/s  upd=12080  L=0.0256  ev=57/100  D=1.460
[regir_r1] 7:30:03  500,184/1,000,000  18.5/s  upd=12080  L=0.0256  D=1.069
[regir_r1] 7:30:13  500,535/1,000,000  18.5/s  upd=12088  L=0.0194  D=1.069
[regir_r1] 7:30:23  500,839/1,000,000  18.5/s  upd=12096  L=0.0198  D=1.069
[regir_r1] 7:30:33  501,144/1,000,000  18.5/s  upd=12104  L=0.0261  D=1.069
[regir_r1] 7:33:01  501,460/1,000,000  18.4/s  upd=12112  L=0.0316  D=1.069
[regir_r1] 7:33:11  501,780/1,000,000  18.5/s  upd=12120  L=0.0327  D=1.069
[regir_r1] 7:33:22  502,411/1,000,000  18.5/s  upd=12134  L=0.0391  D=1.069
[regir_r1] 7:33:32  503,032/1,000,000  18.5/s  upd=12147  L=0.0296  D=1.069
[regir_r1] 7:33:42  503,431/1,000,000  18.5/s  upd=12160  L=0.0291  D=1.069
[regir_r1] 7:33:52  504,031/1,000,000  18.5/s  upd=12172  L=0.0171  D=1.069
[regir_r1] 7:34:03  504,672/1,000,000  18.5/s  upd=12185  L=0.0348  D=1.069
[regir_r1] 7:34:13  505,009/1,000,000  18.5/s  upd=12200  L=0.0242  D=1.069
[regir_r1] 7:34:24  505,616/1,000,000  18.5/s  upd=12213  L=0.0212  D=1.069
[regir_r1] 7:34:34  505,945/1,000,000  18.6/s  upd=12224  L=0.0250  D=1.069
[regir_r1] 7:34:44  506,587/1,000,000  18.6/s  upd=12234  L=0.0186  D=1.069
[regir_r1] 7:34:54  506,935/1,000,000  18.6/s  upd=12248  L=0.0296  D=1.069
[regir_r1] 7:35:05  507,527/1,000,000  18.6/s  upd=12257  L=0.0378  D=1.069
[regir_r1] 7:35:15  507,859/1,000,000  18.6/s  upd=12268  L=0.0240  D=1.069
[regir_r1] 7:35:25  508,418/1,000,000  18.6/s  upd=12281  L=0.0338  D=1.069
[regir_r1] 7:35:36  508,767/1,000,000  18.6/s  upd=12296  L=0.0339  D=1.069
[regir_r1] 7:35:46  509,390/1,000,000  18.6/s  upd=12305  L=0.0218  D=1.069
[regir_r1] 7:35:57  509,735/1,000,000  18.6/s  upd=12317  L=0.0224  D=1.069
[regir_r1] 7:36:07  510,037/1,000,000  18.6/s  upd=12326  L=0.0242  D=1.069
[regir_r1] 7:36:17  510,359/1,000,000  18.6/s  upd=12336  L=0.0433  D=1.069
[regir_r1] 7:36:27  510,700/1,000,000  18.6/s  upd=12344  L=0.0243  D=1.069
[regir_r1] 7:36:38  510,994/1,000,000  18.7/s  upd=12352  L=0.0221  D=1.069
[regir_r1] 7:36:48  511,268/1,000,000  18.7/s  upd=12360  L=0.0336  D=1.069
[regir_r1] 7:36:58  511,547/1,000,000  18.7/s  upd=12368  L=0.0236  D=1.069
[regir_r1] 7:37:08  511,884/1,000,000  18.7/s  upd=12376  L=0.0211  D=1.069
[regir_r1] 7:37:18  512,198/1,000,000  18.7/s  upd=12384  L=0.0250  D=1.069
[regir_r1] saved resume t_env=512,529
[regir_r1] 7:37:28  512,529/1,000,000  18.7/s  upd=12392  L=0.0351  D=1.069
[regir_r1] 7:37:39  513,197/1,000,000  18.7/s  upd=12401  L=0.0225  D=1.069
[regir_r1] 7:37:50  513,475/1,000,000  18.7/s  upd=12412  L=0.0243  D=1.069
[regir_r1] 7:38:01  513,787/1,000,000  18.7/s  upd=12420  L=0.0201  D=1.069
[regir_r1] 7:39:25  513,787/1,000,000  18.6/s  upd=12424  L=0.0366  D=1.069
[regir_r1] 7:39:35  514,082/1,000,000  18.6/s  upd=12432  L=0.0199  D=1.069
[regir_r1] 7:39:46  514,388/1,000,000  18.6/s  upd=12438  L=0.0341  D=1.069
[regir_r1] 7:39:56  514,693/1,000,000  18.7/s  upd=12442  L=0.0286  D=1.069
[regir_r1] 7:40:06  514,987/1,000,000  18.7/s  upd=12456  L=0.0282  D=1.069
[regir_r1] 7:40:17  515,903/1,000,000  18.7/s  upd=12476  L=0.0209  D=1.069
[regir_r1] 7:40:27  516,543/1,000,000  18.7/s  upd=12494  L=0.0228  D=1.069
[regir_r1] 7:40:38  517,526/1,000,000  18.7/s  upd=12513  L=0.0208  D=1.069
[regir_r1] 7:40:48  518,119/1,000,000  18.7/s  upd=12533  L=0.0264  D=1.069
[regir_r1] 7:40:58  518,990/1,000,000  18.8/s  upd=12553  L=0.0201  D=1.069
[regir_r1] 7:41:08  519,556/1,000,000  18.8/s  upd=12572  L=0.0173  D=1.069
[regir_r1] saved resume t_env=520,173
[regir_r1] 7:41:36  520,173/1,000,000  18.8/s  upd=12592  L=0.0272  ev=0/100  D=1.069
[regir_r1] 7:41:46  520,173/1,000,000  18.8/s  upd=12592  L=0.0272  ev=71/100  D=1.069
[regir_r1] 7:44:16  520,173/1,000,000  18.7/s  upd=12592  L=0.0272  D=0.915
[regir_r1] 7:44:26  520,459/1,000,000  18.7/s  upd=12600  L=0.0329  D=0.915
[regir_r1] 7:46:42  520,764/1,000,000  18.6/s  upd=12608  L=0.0231  D=0.915
[regir_r1] 7:46:52  521,112/1,000,000  18.6/s  upd=12616  L=0.0233  D=0.915
[regir_r1] 7:47:03  521,721/1,000,000  18.6/s  upd=12626  L=0.0268  D=0.915
[regir_r1] 7:47:13  522,032/1,000,000  18.6/s  upd=12640  L=0.0379  D=0.915
[regir_r1] 7:47:23  522,643/1,000,000  18.6/s  upd=12652  L=0.0406  D=0.915
[regir_r1] 7:47:33  523,276/1,000,000  18.7/s  upd=12665  L=0.0248  D=0.915
[regir_r1] 7:47:43  523,586/1,000,000  18.7/s  upd=12678  L=0.0186  D=0.915
[regir_r1] 7:47:54  524,246/1,000,000  18.7/s  upd=12689  L=0.0224  D=0.915
[regir_r1] 7:48:04  524,544/1,000,000  18.7/s  upd=12703  L=0.0267  D=0.915
[regir_r1] 7:48:15  525,214/1,000,000  18.7/s  upd=12715  L=0.0322  D=0.915
[regir_r1] 7:48:26  525,870/1,000,000  18.7/s  upd=12729  L=0.0175  D=0.915
[regir_r1] 7:48:36  526,167/1,000,000  18.7/s  upd=12743  L=0.0214  D=0.915
[regir_r1] 7:48:46  526,828/1,000,000  18.7/s  upd=12754  L=0.0313  D=0.915
[regir_r1] 7:48:56  527,164/1,000,000  18.7/s  upd=12768  L=0.0276  D=0.915
[regir_r1] 7:49:07  527,809/1,000,000  18.8/s  upd=12778  L=0.0235  D=0.915
[regir_r1] 7:49:18  528,104/1,000,000  18.8/s  upd=12789  L=0.0195  D=0.915
[regir_r1] 7:49:28  528,420/1,000,000  18.8/s  upd=12798  L=0.0187  D=0.915
[regir_r1] 7:49:38  528,719/1,000,000  18.8/s  upd=12807  L=0.0326  D=0.915
[regir_r1] 7:49:49  528,991/1,000,000  18.8/s  upd=12816  L=0.0296  D=0.915
[regir_r1] 7:49:59  529,283/1,000,000  18.8/s  upd=12824  L=0.0127  D=0.915
[regir_r1] 7:50:09  529,619/1,000,000  18.8/s  upd=12832  L=0.0179  D=0.915
[regir_r1] 7:50:19  529,955/1,000,000  18.8/s  upd=12840  L=0.0180  D=0.915
[regir_r1] 7:50:29  530,288/1,000,000  18.8/s  upd=12848  L=0.0229  D=0.915
[regir_r1] 7:50:39  530,633/1,000,000  18.8/s  upd=12856  L=0.0226  D=0.915
[regir_r1] 7:50:49  531,241/1,000,000  18.8/s  upd=12867  L=0.0356  D=0.915
[regir_r1] 7:51:00  531,533/1,000,000  18.8/s  upd=12880  L=0.0255  D=0.915
[regir_r1] 7:51:10  532,143/1,000,000  18.8/s  upd=12891  L=0.0167  D=0.915
[regir_r1] 7:51:20  532,468/1,000,000  18.8/s  upd=12903  L=0.0210  D=0.915
[regir_r1] saved resume t_env=532,748
[regir_r1] 7:51:30  532,748/1,000,000  18.8/s  upd=12912  L=0.0290  D=0.915
[regir_r1] 7:51:40  533,364/1,000,000  18.8/s  upd=12926  L=0.0263  D=0.915
[regir_r1] 7:53:13  533,675/1,000,000  18.8/s  upd=12936  L=0.0182  D=0.915
[regir_r1] 7:53:23  533,988/1,000,000  18.8/s  upd=12942  L=0.0473  D=0.915
[regir_r1] 7:53:34  534,285/1,000,000  18.8/s  upd=12949  L=0.0353  D=0.915
[regir_r1] 7:53:45  534,650/1,000,000  18.8/s  upd=12956  L=0.0209  D=0.915
[regir_r1] 7:53:56  534,976/1,000,000  18.8/s  upd=12965  L=0.0259  D=0.915
[regir_r1] 7:54:06  535,296/1,000,000  18.8/s  upd=12975  L=0.0214  D=0.915
[regir_r1] 7:54:16  535,602/1,000,000  18.8/s  upd=12984  L=0.0177  D=0.915
[regir_r1] 7:54:26  535,943/1,000,000  18.8/s  upd=12992  L=0.0176  D=0.915
[regir_r1] 7:54:36  536,550/1,000,000  18.8/s  upd=13004  L=0.0214  D=0.915
[regir_r1] 7:54:47  537,148/1,000,000  18.9/s  upd=13019  L=0.0177  D=0.915
[regir_r1] 7:54:58  537,471/1,000,000  18.9/s  upd=13031  L=0.0253  D=0.915
[regir_r1] 7:55:08  538,122/1,000,000  18.9/s  upd=13045  L=0.0259  D=0.915
[regir_r1] 7:55:18  538,701/1,000,000  18.9/s  upd=13058  L=0.0201  D=0.915
[regir_r1] 7:55:28  539,039/1,000,000  18.9/s  upd=13072  L=0.0275  D=0.915
[regir_r1] 7:55:39  539,655/1,000,000  18.9/s  upd=13085  L=0.0321  D=0.915
[regir_r1] 7:55:50  540,012/1,000,000  18.9/s  upd=13095  L=0.0264  D=0.915
[regir_r1] saved resume t_env=540,012
[regir_r1] 7:56:09  540,012/1,000,000  18.9/s  upd=13096  L=0.0247  ev=0/100  D=0.915
[regir_r1] 7:56:19  540,012/1,000,000  18.9/s  upd=13096  L=0.0247  ev=31/100  D=0.915
[regir_r1] 7:56:29  540,012/1,000,000  18.9/s  upd=13096  L=0.0247  ev=54/100  D=0.915
[regir_r1] 7:56:39  540,012/1,000,000  18.9/s  upd=13096  L=0.0247  ev=80/100  D=0.915
[regir_r1] 7:58:33  540,012/1,000,000  18.8/s  upd=13096  L=0.0247  D=0.960
[regir_r1] 7:59:32  540,012/1,000,000  18.8/s  upd=13096  L=0.0247  D=0.960
[regir_r1] 7:59:42  540,315/1,000,000  18.8/s  upd=13103  L=0.0220  D=0.960
[regir_r1] 7:59:53  540,615/1,000,000  18.8/s  upd=13110  L=0.0316  D=0.960
[regir_r1] 8:00:03  540,936/1,000,000  18.8/s  upd=13119  L=0.0272  D=0.960
[regir_r1] 8:00:14  541,264/1,000,000  18.8/s  upd=13126  L=0.0166  D=0.960
[regir_r1] 8:00:24  541,557/1,000,000  18.8/s  upd=13132  L=0.0242  D=0.960
[regir_r1] 8:00:34  541,557/1,000,000  18.8/s  upd=13136  L=0.0308  D=0.960
[regir_r1] 8:00:44  541,928/1,000,000  18.8/s  upd=13144  L=0.0188  D=0.960
[regir_r1] 8:00:55  542,234/1,000,000  18.8/s  upd=13152  L=0.0242  D=0.960
[regir_r1] 8:01:05  542,512/1,000,000  18.8/s  upd=13160  L=0.0207  D=0.960
[regir_r1] 8:01:15  542,831/1,000,000  18.8/s  upd=13168  L=0.0291  D=0.960
[regir_r1] 8:01:26  543,189/1,000,000  18.8/s  upd=13176  L=0.0289  D=0.960
[regir_r1] 8:01:36  543,519/1,000,000  18.8/s  upd=13184  L=0.0313  D=0.960
[regir_r1] 8:01:46  543,853/1,000,000  18.8/s  upd=13192  L=0.0217  D=0.960
[regir_r1] 8:01:56  544,586/1,000,000  18.8/s  upd=13201  L=0.0258  D=0.960
[regir_r1] 8:02:06  544,899/1,000,000  18.8/s  upd=13214  L=0.0237  D=0.960
[regir_r1] 8:02:16  545,488/1,000,000  18.9/s  upd=13226  L=0.0252  D=0.960
[regir_r1] 8:02:26  545,814/1,000,000  18.9/s  upd=13239  L=0.0217  D=0.960
[regir_r1] 8:02:37  546,386/1,000,000  18.9/s  upd=13250  L=0.0254  D=0.960
[regir_r1] 8:02:47  546,692/1,000,000  18.9/s  upd=13264  L=0.0218  D=0.960
[regir_r1] 8:02:57  547,337/1,000,000  18.9/s  upd=13274  L=0.0177  D=0.960
[regir_r1] 8:03:08  547,639/1,000,000  18.9/s  upd=13288  L=0.0178  D=0.960
[regir_r1] 8:03:18  548,557/1,000,000  18.9/s  upd=13307  L=0.0258  D=0.960
[regir_r1] 8:03:28  549,159/1,000,000  18.9/s  upd=13323  L=0.0175  D=0.960
[regir_r1] 8:03:38  549,802/1,000,000  18.9/s  upd=13337  L=0.0216  D=0.960
[regir_r1] 8:03:49  550,123/1,000,000  19.0/s  upd=13349  L=0.0179  D=0.960
[regir_r1] 8:03:59  550,807/1,000,000  19.0/s  upd=13363  L=0.0248  D=0.960
[regir_r1] 8:04:09  551,114/1,000,000  19.0/s  upd=13376  L=0.0225  D=0.960
[regir_r1] 8:04:19  551,746/1,000,000  19.0/s  upd=13389  L=0.0215  D=0.960
[regir_r1] 8:04:29  552,324/1,000,000  19.0/s  upd=13402  L=0.0311  D=0.960
[regir_r1] 8:06:20  552,324/1,000,000  18.9/s  upd=13408  L=0.0203  D=0.960
[regir_r1] saved resume t_env=552,626
[regir_r1] 8:06:30  552,980/1,000,000  18.9/s  upd=13419  L=0.0190  D=0.960
[regir_r1] 8:06:40  553,282/1,000,000  18.9/s  upd=13432  L=0.0196  D=0.960
[regir_r1] 8:06:51  553,879/1,000,000  19.0/s  upd=13445  L=0.0198  D=0.960
[regir_r1] 8:07:01  554,489/1,000,000  19.0/s  upd=13457  L=0.0293  D=0.960
[regir_r1] 8:07:11  554,755/1,000,000  19.0/s  upd=13471  L=0.0241  D=0.960
[regir_r1] 8:07:22  555,343/1,000,000  19.0/s  upd=13483  L=0.0210  D=0.960
[regir_r1] 8:07:32  555,653/1,000,000  19.0/s  upd=13491  L=0.0164  D=0.960
[regir_r1] 8:07:42  555,979/1,000,000  19.0/s  upd=13498  L=0.0265  D=0.960
[regir_r1] 8:07:53  556,319/1,000,000  19.0/s  upd=13508  L=0.0168  D=0.960
[regir_r1] 8:08:03  556,644/1,000,000  19.0/s  upd=13514  L=0.0186  D=0.960
[regir_r1] 8:08:14  556,992/1,000,000  19.0/s  upd=13524  L=0.0183  D=0.960
[regir_r1] 8:08:25  557,289/1,000,000  19.0/s  upd=13534  L=0.0258  D=0.960
[regir_r1] 8:08:35  557,586/1,000,000  19.0/s  upd=13544  L=0.0219  D=0.960
[regir_r1] 8:08:45  557,884/1,000,000  19.0/s  upd=13552  L=0.0174  D=0.960
[regir_r1] 8:08:55  558,514/1,000,000  19.0/s  upd=13561  L=0.0299  D=0.960
[regir_r1] 8:09:05  558,514/1,000,000  19.0/s  upd=13568  L=0.0210  D=0.960
[regir_r1] 8:09:15  558,899/1,000,000  19.0/s  upd=13576  L=0.0148  D=0.960
[regir_r1] 8:09:26  559,191/1,000,000  19.0/s  upd=13584  L=0.0191  D=0.960
[regir_r1] 8:09:36  559,855/1,000,000  19.1/s  upd=13593  L=0.0179  D=0.960
[regir_r1] 8:09:47  560,238/1,000,000  19.1/s  upd=13602  L=0.0252  D=0.960
[regir_r1] saved resume t_env=560,238
[regir_r1] 8:10:11  560,238/1,000,000  19.0/s  upd=13608  L=0.0301  ev=0/100  D=0.960
[regir_r1] 8:10:21  560,238/1,000,000  19.0/s  upd=13608  L=0.0301  ev=23/100  D=0.960
[regir_r1] 8:10:31  560,238/1,000,000  19.0/s  upd=13608  L=0.0301  ev=47/100  D=0.960
[regir_r1] 8:10:41  560,238/1,000,000  19.0/s  upd=13608  L=0.0301  ev=64/100  D=0.960
[regir_r1] 8:10:51  560,238/1,000,000  19.0/s  upd=13608  L=0.0301  ev=80/100  D=0.960
[regir_r1] 8:13:13  560,238/1,000,000  18.9/s  upd=13608  L=0.0301  D=0.879
[regir_r1] 8:15:11  560,238/1,000,000  18.9/s  upd=13608  L=0.0301  D=0.879
[regir_r1] 8:15:21  560,569/1,000,000  18.9/s  upd=13616  L=0.0250  D=0.879
[regir_r1] 8:15:31  561,216/1,000,000  18.9/s  upd=13625  L=0.0140  D=0.879
[regir_r1] 8:15:41  561,557/1,000,000  18.9/s  upd=13634  L=0.0217  D=0.879
[regir_r1] 8:15:51  561,822/1,000,000  18.9/s  upd=13644  L=0.0220  D=0.879
[regir_r1] 8:16:01  562,121/1,000,000  18.9/s  upd=13656  L=0.0164  D=0.879
[regir_r1] 8:16:11  562,733/1,000,000  18.9/s  upd=13669  L=0.0172  D=0.879
[regir_r1] 8:16:21  563,052/1,000,000  18.9/s  upd=13675  L=0.0294  D=0.879
[regir_r1] 8:16:32  563,388/1,000,000  18.9/s  upd=13685  L=0.0269  D=0.879
[regir_r1] 8:16:42  563,670/1,000,000  18.9/s  upd=13696  L=0.0191  D=0.879
[regir_r1] 8:16:53  563,983/1,000,000  18.9/s  upd=13704  L=0.0172  D=0.879
[regir_r1] 8:17:03  564,274/1,000,000  18.9/s  upd=13712  L=0.0202  D=0.879
[regir_r1] 8:17:13  564,572/1,000,000  18.9/s  upd=13720  L=0.0184  D=0.879
[regir_r1] 8:17:23  564,926/1,000,000  18.9/s  upd=13728  L=0.0297  D=0.879
[regir_r1] 8:17:33  565,203/1,000,000  18.9/s  upd=13736  L=0.0389  D=0.879
[regir_r1] 8:17:44  565,773/1,000,000  18.9/s  upd=13746  L=0.0214  D=0.879
[regir_r1] 8:17:54  566,089/1,000,000  18.9/s  upd=13760  L=0.0259  D=0.879
[regir_r1] 8:18:04  566,706/1,000,000  19.0/s  upd=13773  L=0.0256  D=0.879
[regir_r1] 8:18:14  567,011/1,000,000  19.0/s  upd=13783  L=0.0202  D=0.879
[regir_r1] 8:18:24  567,341/1,000,000  19.0/s  upd=13792  L=0.0273  D=0.879
[regir_r1] 8:18:34  567,647/1,000,000  19.0/s  upd=13800  L=0.0235  D=0.879
[regir_r1] 8:18:45  568,259/1,000,000  19.0/s  upd=13810  L=0.0181  D=0.879
[regir_r1] 8:18:55  568,618/1,000,000  19.0/s  upd=13818  L=0.0251  D=0.879
[regir_r1] 8:19:05  568,937/1,000,000  19.0/s  upd=13826  L=0.0172  D=0.879
[regir_r1] 8:19:16  569,293/1,000,000  19.0/s  upd=13835  L=0.0368  D=0.879
[regir_r1] 8:19:26  569,577/1,000,000  19.0/s  upd=13847  L=0.0218  D=0.879
[regir_r1] 8:19:37  569,868/1,000,000  19.0/s  upd=13854  L=0.0349  D=0.879
[regir_r1] 8:19:47  570,144/1,000,000  19.0/s  upd=13864  L=0.0313  D=0.879
[regir_r1] 8:19:57  570,439/1,000,000  19.0/s  upd=13869  L=0.0262  D=0.879
[regir_r1] saved resume t_env=570,439
[regir_r1] 8:20:07  570,694/1,000,000  19.0/s  upd=13873  L=0.0389  D=0.879
[regir_r1] 8:21:20  570,694/1,000,000  19.0/s  upd=13880  L=0.0297  D=0.879
[regir_r1] 8:21:30  570,991/1,000,000  19.0/s  upd=13886  L=0.0303  D=0.879
[regir_r1] 8:21:40  571,277/1,000,000  19.0/s  upd=13891  L=0.0218  D=0.879
[regir_r1] 8:21:52  571,579/1,000,000  19.0/s  upd=13897  L=0.0197  D=0.879
[regir_r1] 8:22:03  571,910/1,000,000  19.0/s  upd=13905  L=0.0283  D=0.879
[regir_r1] 8:22:13  571,910/1,000,000  19.0/s  upd=13912  L=0.0220  D=0.879
[regir_r1] 8:22:23  572,185/1,000,000  19.0/s  upd=13919  L=0.0309  D=0.879
[regir_r1] 8:22:33  572,479/1,000,000  19.0/s  upd=13926  L=0.0235  D=0.879
[regir_r1] 8:22:43  572,479/1,000,000  19.0/s  upd=13928  L=0.0235  D=0.879
[regir_r1] 8:22:54  572,779/1,000,000  19.0/s  upd=13936  L=0.0324  D=0.879
[regir_r1] 8:23:04  573,079/1,000,000  19.0/s  upd=13941  L=0.0253  D=0.879
[regir_r1] 8:23:14  573,079/1,000,000  19.0/s  upd=13944  L=0.0150  D=0.879
[regir_r1] 8:23:24  573,409/1,000,000  19.0/s  upd=13952  L=0.0287  D=0.879
[regir_r1] 8:23:34  573,709/1,000,000  19.0/s  upd=13960  L=0.0228  D=0.879
[regir_r1] 8:23:44  574,057/1,000,000  19.0/s  upd=13968  L=0.0197  D=0.879
[regir_r1] 8:23:55  574,683/1,000,000  19.0/s  upd=13980  L=0.0220  D=0.879
[regir_r1] 8:24:05  575,257/1,000,000  19.0/s  upd=13995  L=0.0233  D=0.879
[regir_r1] 8:24:15  575,557/1,000,000  19.0/s  upd=14008  L=0.0383  D=0.879
[regir_r1] 8:24:25  575,892/1,000,000  19.0/s  upd=14016  L=0.0193  D=0.879
[regir_r1] 8:24:36  576,552/1,000,000  19.0/s  upd=14025  L=0.0191  D=0.879
[regir_r1] 8:24:46  576,851/1,000,000  19.0/s  upd=14038  L=0.0314  D=0.879
[regir_r1] 8:24:56  577,491/1,000,000  19.1/s  upd=14050  L=0.0288  D=0.879
[regir_r1] 8:25:06  577,865/1,000,000  19.1/s  upd=14060  L=0.0261  D=0.879
[regir_r1] 8:25:17  578,461/1,000,000  19.1/s  upd=14078  L=0.0265  D=0.879
[regir_r1] 8:25:27  579,120/1,000,000  19.1/s  upd=14096  L=0.0220  D=0.879
[regir_r1] 8:25:37  579,734/1,000,000  19.1/s  upd=14112  L=0.0268  D=0.879
[regir_r1] saved resume t_env=580,007
[regir_r1] 8:26:01  580,007/1,000,000  19.1/s  upd=14120  L=0.0177  ev=0/100  D=0.879
[regir_r1] 8:28:14  580,007/1,000,000  19.0/s  upd=14120  L=0.0177  D=0.751
[regir_r1] 8:30:41  580,007/1,000,000  18.9/s  upd=14120  L=0.0177  D=0.751
[regir_r1] 8:30:51  580,677/1,000,000  18.9/s  upd=14131  L=0.0233  D=0.751
[regir_r1] 8:31:02  580,954/1,000,000  18.9/s  upd=14144  L=0.0248  D=0.751
[regir_r1] 8:31:13  581,547/1,000,000  19.0/s  upd=14156  L=0.0142  D=0.751
[regir_r1] 8:31:23  581,877/1,000,000  19.0/s  upd=14162  L=0.0289  D=0.751
[regir_r1] 8:31:33  582,137/1,000,000  19.0/s  upd=14172  L=0.0235  D=0.751
[regir_r1] 8:31:43  582,471/1,000,000  19.0/s  upd=14180  L=0.0294  D=0.751
[regir_r1] 8:31:54  582,797/1,000,000  19.0/s  upd=14189  L=0.0401  D=0.751
[regir_r1] 8:32:04  583,147/1,000,000  19.0/s  upd=14200  L=0.0207  D=0.751
[regir_r1] 8:32:14  583,434/1,000,000  19.0/s  upd=14208  L=0.0460  D=0.751
[regir_r1] 8:32:25  583,787/1,000,000  19.0/s  upd=14215  L=0.0216  D=0.751
[regir_r1] 8:32:35  584,064/1,000,000  19.0/s  upd=14222  L=0.0239  D=0.751
[regir_r1] 8:32:45  584,333/1,000,000  19.0/s  upd=14232  L=0.0153  D=0.751
[regir_r1] 8:32:55  584,937/1,000,000  19.0/s  upd=14241  L=0.0560  D=0.751
[regir_r1] 8:33:05  585,199/1,000,000  19.0/s  upd=14250  L=0.0172  D=0.751
[regir_r1] 8:33:16  585,492/1,000,000  19.0/s  upd=14260  L=0.0121  D=0.751
[regir_r1] 8:33:26  585,796/1,000,000  19.0/s  upd=14271  L=0.0185  D=0.751
[regir_r1] 8:33:37  586,079/1,000,000  19.0/s  upd=14278  L=0.0354  D=0.751
[regir_r1] 8:33:47  586,398/1,000,000  19.0/s  upd=14286  L=0.0209  D=0.751
[regir_r1] 8:33:57  586,707/1,000,000  19.0/s  upd=14294  L=0.0185  D=0.751
[regir_r1] 8:34:08  587,273/1,000,000  19.0/s  upd=14308  L=0.0305  D=0.751
[regir_r1] 8:34:18  587,863/1,000,000  19.1/s  upd=14321  L=0.0213  D=0.751
[regir_r1] 8:34:28  588,127/1,000,000  19.1/s  upd=14336  L=0.0214  D=0.751
[regir_r1] 8:34:38  588,691/1,000,000  19.1/s  upd=14351  L=0.0299  D=0.751
[regir_r1] 8:34:49  589,335/1,000,000  19.1/s  upd=14365  L=0.0162  D=0.751
[regir_r1] 8:34:59  589,891/1,000,000  19.1/s  upd=14380  L=0.0246  D=0.751
[regir_r1] 8:35:10  590,491/1,000,000  19.1/s  upd=14393  L=0.0249  D=0.751
[regir_r1] 8:35:20  590,782/1,000,000  19.1/s  upd=14407  L=0.0337  D=0.751
[regir_r1] 8:35:30  591,068/1,000,000  19.1/s  upd=14416  L=0.0324  D=0.751
[regir_r1] 8:35:40  591,342/1,000,000  19.1/s  upd=14424  L=0.0175  D=0.751
[regir_r1] saved resume t_env=591,620
[regir_r1] 8:37:37  591,620/1,000,000  19.0/s  upd=14432  L=0.0293  D=0.751
[regir_r1] 8:37:48  591,965/1,000,000  19.1/s  upd=14439  L=0.0237  D=0.751
[regir_r1] 8:37:58  592,248/1,000,000  19.1/s  upd=14448  L=0.0299  D=0.751
[regir_r1] 8:38:08  592,558/1,000,000  19.1/s  upd=14456  L=0.0271  D=0.751
[regir_r1] 8:38:18  592,851/1,000,000  19.1/s  upd=14464  L=0.0272  D=0.751
[regir_r1] 8:38:28  593,170/1,000,000  19.1/s  upd=14468  L=0.0213  D=0.751
[regir_r1] 8:38:38  593,453/1,000,000  19.1/s  upd=14476  L=0.0176  D=0.751
[regir_r1] 8:38:49  593,732/1,000,000  19.1/s  upd=14483  L=0.0215  D=0.751
[regir_r1] 8:38:59  594,054/1,000,000  19.1/s  upd=14490  L=0.0183  D=0.751
[regir_r1] 8:39:09  594,054/1,000,000  19.1/s  upd=14496  L=0.0379  D=0.751
[regir_r1] 8:39:19  594,329/1,000,000  19.1/s  upd=14504  L=0.0243  D=0.751
[regir_r1] 8:39:29  594,608/1,000,000  19.1/s  upd=14505  L=0.0223  D=0.751
[regir_r1] 8:39:39  594,608/1,000,000  19.1/s  upd=14512  L=0.0326  D=0.751
[regir_r1] 8:39:50  594,865/1,000,000  19.1/s  upd=14520  L=0.0239  D=0.751
[regir_r1] 8:40:00  595,169/1,000,000  19.1/s  upd=14523  L=0.0409  D=0.751
[regir_r1] 8:40:10  595,169/1,000,000  19.1/s  upd=14528  L=0.0531  D=0.751
[regir_r1] 8:40:20  595,837/1,000,000  19.1/s  upd=14538  L=0.0218  D=0.751
[regir_r1] 8:40:31  596,171/1,000,000  19.1/s  upd=14546  L=0.0147  D=0.751
[regir_r1] 8:40:41  596,494/1,000,000  19.1/s  upd=14554  L=0.0303  D=0.751
[regir_r1] 8:40:51  596,825/1,000,000  19.1/s  upd=14568  L=0.0215  D=0.751
[regir_r1] 8:41:02  597,392/1,000,000  19.1/s  upd=14581  L=0.0200  D=0.751
[regir_r1] 8:41:12  598,013/1,000,000  19.1/s  upd=14593  L=0.0250  D=0.751
[regir_r1] 8:41:22  598,281/1,000,000  19.1/s  upd=14608  L=0.0225  D=0.751
[regir_r1] 8:41:32  598,848/1,000,000  19.1/s  upd=14624  L=0.0196  D=0.751
[regir_r1] 8:41:43  599,453/1,000,000  19.1/s  upd=14633  L=0.0322  D=0.751
[regir_r1] 8:41:53  599,727/1,000,000  19.2/s  upd=14646  L=0.0301  D=0.751
[regir_r1] saved resume t_env=600,026
[regir_r1] 8:42:20  600,026/1,000,000  19.1/s  upd=14656  L=0.0448  ev=0/100  D=0.751
[regir_r1] 8:42:30  600,026/1,000,000  19.1/s  upd=14656  L=0.0448  ev=7/100  D=0.751
[regir_r1] 8:42:40  600,026/1,000,000  19.1/s  upd=14656  L=0.0448  ev=21/100  D=0.751
[regir_r1] 8:42:50  600,026/1,000,000  19.1/s  upd=14656  L=0.0448  ev=31/100  D=0.751
[regir_r1] 8:43:01  600,026/1,000,000  19.1/s  upd=14656  L=0.0448  ev=48/100  D=0.751
[regir_r1] 8:43:11  600,026/1,000,000  19.1/s  upd=14656  L=0.0448  ev=71/100  D=0.751
[regir_r1] 8:43:21  600,026/1,000,000  19.1/s  upd=14656  L=0.0448  ev=96/100  D=0.751
[regir_r1] 8:43:52  600,026/1,000,000  19.1/s  upd=14656  L=0.0448  D=0.648
[regir_r1] 8:44:51  600,026/1,000,000  19.1/s  upd=14656  L=0.0448  D=0.648
[regir_r1] 8:45:01  600,510/1,000,000  19.1/s  upd=14669  L=0.0270  D=0.648
[regir_r1] 8:45:12  601,050/1,000,000  19.1/s  upd=14683  L=0.0241  D=0.648
[regir_r1] 8:45:22  601,582/1,000,000  19.1/s  upd=14698  L=0.0266  D=0.648
[regir_r1] 8:45:32  601,882/1,000,000  19.1/s  upd=14712  L=0.0263  D=0.648
[regir_r1] 8:45:42  602,418/1,000,000  19.1/s  upd=14726  L=0.0337  D=0.648
[regir_r1] 8:45:53  603,055/1,000,000  19.1/s  upd=14739  L=0.0260  D=0.648
[regir_r1] 8:46:03  603,629/1,000,000  19.1/s  upd=14753  L=0.0251  D=0.648
[regir_r1] 8:46:14  604,149/1,000,000  19.1/s  upd=14770  L=0.0212  D=0.648
[regir_r1] 8:46:24  604,422/1,000,000  19.1/s  upd=14784  L=0.0223  D=0.648
[regir_r1] 8:46:34  604,753/1,000,000  19.1/s  upd=14791  L=0.0238  D=0.648
[regir_r1] 8:46:44  605,315/1,000,000  19.2/s  upd=14806  L=0.0386  D=0.648
[regir_r1] 8:46:55  605,882/1,000,000  19.2/s  upd=14820  L=0.0171  D=0.648
[regir_r1] 8:47:05  606,457/1,000,000  19.2/s  upd=14833  L=0.0246  D=0.648
[regir_r1] 8:47:16  607,129/1,000,000  19.2/s  upd=14851  L=0.0156  D=0.648
[regir_r1] 8:47:26  607,709/1,000,000  19.2/s  upd=14865  L=0.0265  D=0.648
[regir_r1] 8:47:36  608,051/1,000,000  19.2/s  upd=14880  L=0.0217  D=0.648
[regir_r1] 8:47:47  608,620/1,000,000  19.2/s  upd=14894  L=0.0233  D=0.648
[regir_r1] 8:47:57  609,140/1,000,000  19.2/s  upd=14908  L=0.0252  D=0.648
[regir_r1] 8:48:07  609,712/1,000,000  19.2/s  upd=14921  L=0.0287  D=0.648
[regir_r1] 8:48:17  609,981/1,000,000  19.2/s  upd=14936  L=0.0222  D=0.648
[regir_r1] 8:48:27  610,545/1,000,000  19.3/s  upd=14949  L=0.0254  D=0.648
[regir_r1] 8:48:38  611,108/1,000,000  19.3/s  upd=14965  L=0.0310  D=0.648
[regir_r1] 8:48:48  611,655/1,000,000  19.3/s  upd=14980  L=0.0259  D=0.648
[regir_r1] 8:48:58  612,189/1,000,000  19.3/s  upd=14996  L=0.0236  D=0.648
[regir_r1] 8:49:09  612,738/1,000,000  19.3/s  upd=15009  L=0.0177  D=0.648
[regir_r1] 8:49:19  613,045/1,000,000  19.3/s  upd=15021  L=0.0204  D=0.648
[regir_r1] 8:49:29  613,570/1,000,000  19.3/s  upd=15035  L=0.0125  D=0.648
[regir_r1] 8:49:39  613,806/1,000,000  19.3/s  upd=15048  L=0.0164  D=0.648
[regir_r1] 8:49:50  614,352/1,000,000  19.3/s  upd=15064  L=0.0213  D=0.648
[regir_r1] 8:50:00  614,630/1,000,000  19.3/s  upd=15072  L=0.0257  D=0.648
[regir_r1] 8:51:46  614,630/1,000,000  19.3/s  upd=15072  L=0.0257  D=0.648
[regir_r1] 8:51:56  614,888/1,000,000  19.3/s  upd=15080  L=0.0149  D=0.648
[regir_r1] 8:52:06  615,160/1,000,000  19.3/s  upd=15088  L=0.0235  D=0.648
[regir_r1] saved resume t_env=615,473
[regir_r1] 8:52:17  615,473/1,000,000  19.3/s  upd=15096  L=0.0214  D=0.648
[regir_r1] 8:52:28  615,748/1,000,000  19.3/s  upd=15104  L=0.0174  D=0.648
[regir_r1] 8:52:38  616,356/1,000,000  19.3/s  upd=15119  L=0.0249  D=0.648
[regir_r1] 8:52:48  616,877/1,000,000  19.3/s  upd=15131  L=0.0301  D=0.648
[regir_r1] 8:52:58  617,154/1,000,000  19.3/s  upd=15144  L=0.0201  D=0.648
[regir_r1] 8:53:09  617,721/1,000,000  19.3/s  upd=15159  L=0.0188  D=0.648
[regir_r1] 8:53:20  618,292/1,000,000  19.3/s  upd=15171  L=0.0235  D=0.648
[regir_r1] 8:53:30  618,577/1,000,000  19.3/s  upd=15182  L=0.0149  D=0.648
[regir_r1] 8:53:40  618,859/1,000,000  19.3/s  upd=15191  L=0.0220  D=0.648
[regir_r1] 8:53:50  619,101/1,000,000  19.3/s  upd=15200  L=0.0154  D=0.648
[regir_r1] 8:54:00  619,432/1,000,000  19.3/s  upd=15208  L=0.0176  D=0.648
[regir_r1] 8:54:10  619,745/1,000,000  19.3/s  upd=15215  L=0.0350  D=0.648
[regir_r1] 8:54:21  620,031/1,000,000  19.3/s  upd=15221  L=0.0229  D=0.648
[regir_r1] saved resume t_env=620,031
[regir_r1] 8:54:41  620,031/1,000,000  19.3/s  upd=15224  L=0.0249  ev=0/100  D=0.648
[regir_r1] 8:54:51  620,031/1,000,000  19.3/s  upd=15224  L=0.0249  ev=11/100  D=0.648
[regir_r1] 8:55:01  620,031/1,000,000  19.3/s  upd=15224  L=0.0249  ev=22/100  D=0.648
[regir_r1] 8:55:11  620,031/1,000,000  19.3/s  upd=15224  L=0.0249  ev=41/100  D=0.648
[regir_r1] 8:55:21  620,031/1,000,000  19.3/s  upd=15224  L=0.0249  ev=80/100  D=0.648
[regir_r1] 8:57:45  620,031/1,000,000  19.2/s  upd=15224  L=0.0249  D=0.811
[regir_r1] 9:00:13  620,031/1,000,000  19.1/s  upd=15224  L=0.0249  D=0.811
[regir_r1] 9:00:23  620,358/1,000,000  19.1/s  upd=15232  L=0.0299  D=0.811
[regir_r1] 9:00:33  620,680/1,000,000  19.1/s  upd=15240  L=0.0216  D=0.811
[regir_r1] 9:00:43  620,953/1,000,000  19.1/s  upd=15248  L=0.0266  D=0.811
[regir_r1] 9:00:53  621,509/1,000,000  19.2/s  upd=15258  L=0.0201  D=0.811
[regir_r1] 9:01:04  621,775/1,000,000  19.2/s  upd=15272  L=0.0207  D=0.811
[regir_r1] 9:01:14  622,016/1,000,000  19.2/s  upd=15279  L=0.0266  D=0.811
[regir_r1] 9:01:25  622,285/1,000,000  19.2/s  upd=15287  L=0.0215  D=0.811
[regir_r1] 9:01:35  622,561/1,000,000  19.2/s  upd=15296  L=0.0164  D=0.811
[regir_r1] 9:01:45  622,870/1,000,000  19.2/s  upd=15304  L=0.0466  D=0.811
[regir_r1] 9:01:55  623,460/1,000,000  19.2/s  upd=15315  L=0.0186  D=0.811
[regir_r1] 9:02:05  623,820/1,000,000  19.2/s  upd=15328  L=0.0243  D=0.811
[regir_r1] 9:02:16  624,417/1,000,000  19.2/s  upd=15343  L=0.0168  D=0.811
[regir_r1] 9:02:26  624,967/1,000,000  19.2/s  upd=15356  L=0.0166  D=0.811
[regir_r1] 9:02:36  625,522/1,000,000  19.2/s  upd=15374  L=0.0230  D=0.811
[regir_r1] 9:02:47  626,090/1,000,000  19.2/s  upd=15392  L=0.0214  D=0.811
[regir_r1] 9:02:57  627,032/1,000,000  19.2/s  upd=15409  L=0.0334  D=0.811
[regir_r1] 9:03:07  627,612/1,000,000  19.3/s  upd=15427  L=0.0197  D=0.811
[regir_r1] 9:03:17  628,205/1,000,000  19.3/s  upd=15446  L=0.0258  D=0.811
[regir_r1] 9:03:27  628,830/1,000,000  19.3/s  upd=15464  L=0.0200  D=0.811
[regir_r1] 9:03:37  629,666/1,000,000  19.3/s  upd=15483  L=0.0172  D=0.811
[regir_r1] 9:03:47  630,293/1,000,000  19.3/s  upd=15504  L=0.0374  D=0.811
[regir_r1] 9:03:58  630,908/1,000,000  19.3/s  upd=15519  L=0.0177  D=0.811
[regir_r1] 9:04:08  631,473/1,000,000  19.3/s  upd=15535  L=0.0208  D=0.811
[regir_r1] 9:04:18  631,995/1,000,000  19.4/s  upd=15550  L=0.0198  D=0.811
[regir_r1] saved resume t_env=632,292
[regir_r1] 9:04:29  632,292/1,000,000  19.4/s  upd=15560  L=0.0224  D=0.811
[regir_r1] 9:04:39  632,852/1,000,000  19.4/s  upd=15573  L=0.0274  D=0.811
[regir_r1] 9:04:49  633,341/1,000,000  19.4/s  upd=15587  L=0.0271  D=0.811
[regir_r1] 9:05:00  633,597/1,000,000  19.4/s  upd=15597  L=0.0298  D=0.811
[regir_r1] 9:05:10  634,202/1,000,000  19.4/s  upd=15609  L=0.0243  D=0.811
[regir_r1] 9:07:11  634,202/1,000,000  19.3/s  upd=15616  L=0.0215  D=0.811
[regir_r1] 9:07:21  634,767/1,000,000  19.3/s  upd=15629  L=0.0169  D=0.811
[regir_r1] 9:07:31  635,297/1,000,000  19.3/s  upd=15644  L=0.0188  D=0.811
[regir_r1] 9:07:41  635,856/1,000,000  19.3/s  upd=15660  L=0.0211  D=0.811
[regir_r1] 9:07:51  636,459/1,000,000  19.4/s  upd=15677  L=0.0233  D=0.811
[regir_r1] 9:08:02  637,317/1,000,000  19.4/s  upd=15699  L=0.0225  D=0.811
[regir_r1] 9:08:12  637,851/1,000,000  19.4/s  upd=15718  L=0.0365  D=0.811
[regir_r1] 9:08:22  638,474/1,000,000  19.4/s  upd=15732  L=0.0259  D=0.811
[regir_r1] 9:08:32  638,722/1,000,000  19.4/s  upd=15744  L=0.0161  D=0.811
[regir_r1] 9:08:42  639,230/1,000,000  19.4/s  upd=15758  L=0.0163  D=0.811
[regir_r1] 9:08:52  639,491/1,000,000  19.4/s  upd=15768  L=0.0219  D=0.811
[regir_r1] 9:09:03  640,017/1,000,000  19.4/s  upd=15781  L=0.0216  D=0.811
[regir_r1] saved resume t_env=640,017
[regir_r1] 9:09:24  640,017/1,000,000  19.4/s  upd=15784  L=0.0167  ev=0/100  D=0.811
[regir_r1] 9:09:34  640,017/1,000,000  19.4/s  upd=15784  L=0.0167  ev=72/100  D=0.811
[regir_r1] 9:12:15  640,017/1,000,000  19.3/s  upd=15784  L=0.0167  D=0.515
[regir_r1] 9:15:44  640,017/1,000,000  19.2/s  upd=15784  L=0.0167  D=0.515
[regir_r1] 9:15:54  640,300/1,000,000  19.2/s  upd=15792  L=0.0201  D=0.515
[regir_r1] 9:16:04  640,860/1,000,000  19.2/s  upd=15805  L=0.0325  D=0.515
[regir_r1] 9:16:15  641,122/1,000,000  19.2/s  upd=15815  L=0.0220  D=0.515
[regir_r1] 9:16:25  641,395/1,000,000  19.2/s  upd=15822  L=0.0223  D=0.515
[regir_r1] 9:16:36  641,984/1,000,000  19.2/s  upd=15837  L=0.0264  D=0.515
[regir_r1] 9:16:46  642,550/1,000,000  19.2/s  upd=15849  L=0.0206  D=0.515
[regir_r1] 9:16:56  642,828/1,000,000  19.2/s  upd=15858  L=0.0371  D=0.515
[regir_r1] 9:17:07  643,121/1,000,000  19.2/s  upd=15869  L=0.0189  D=0.515
[regir_r1] 9:17:17  643,445/1,000,000  19.2/s  upd=15879  L=0.0196  D=0.515
[regir_r1] 9:17:27  643,793/1,000,000  19.2/s  upd=15888  L=0.0228  D=0.515
[regir_r1] 9:17:37  644,375/1,000,000  19.3/s  upd=15897  L=0.0288  D=0.515
[regir_r1] 9:17:47  644,375/1,000,000  19.3/s  upd=15904  L=0.0182  D=0.515
[regir_r1] 9:17:57  644,682/1,000,000  19.3/s  upd=15912  L=0.0197  D=0.515
[regir_r1] 9:18:08  645,278/1,000,000  19.3/s  upd=15924  L=0.0173  D=0.515
[regir_r1] 9:18:18  645,555/1,000,000  19.3/s  upd=15934  L=0.0216  D=0.515
[regir_r1] 9:18:29  646,120/1,000,000  19.3/s  upd=15947  L=0.0199  D=0.515
[regir_r1] 9:18:39  646,708/1,000,000  19.3/s  upd=15961  L=0.0191  D=0.515
[regir_r1] 9:18:49  647,050/1,000,000  19.3/s  upd=15976  L=0.0265  D=0.515
[regir_r1] 9:19:00  647,769/1,000,000  19.3/s  upd=15991  L=0.0233  D=0.515
[regir_r1] 9:19:10  648,294/1,000,000  19.3/s  upd=16004  L=0.0216  D=0.515
[regir_r1] saved resume t_env=648,294
[regir_r1] 9:19:20  648,576/1,000,000  19.3/s  upd=16010  L=0.0253  D=0.515
[regir_r1] 9:19:30  648,838/1,000,000  19.3/s  upd=16018  L=0.0184  D=0.515
[regir_r1] 9:19:41  649,132/1,000,000  19.3/s  upd=16028  L=0.0190  D=0.515
[regir_r1] 9:19:51  649,434/1,000,000  19.3/s  upd=16038  L=0.0261  D=0.515
[regir_r1] 9:20:01  649,709/1,000,000  19.3/s  upd=16045  L=0.0250  D=0.515
[regir_r1] 9:20:11  649,991/1,000,000  19.3/s  upd=16056  L=0.0163  D=0.515
[regir_r1] 9:20:22  650,550/1,000,000  19.3/s  upd=16066  L=0.0181  D=0.515
[regir_r1] 9:20:32  650,774/1,000,000  19.3/s  upd=16075  L=0.0211  D=0.515
[regir_r1] 9:20:42  651,048/1,000,000  19.4/s  upd=16087  L=0.0235  D=0.515
[regir_r1] 9:22:42  651,354/1,000,000  19.3/s  upd=16096  L=0.0316  D=0.515
[regir_r1] 9:22:52  651,662/1,000,000  19.3/s  upd=16104  L=0.0238  D=0.515
[regir_r1] 9:23:02  652,205/1,000,000  19.3/s  upd=16114  L=0.0147  D=0.515
[regir_r1] 9:23:13  652,465/1,000,000  19.3/s  upd=16125  L=0.0208  D=0.515
[regir_r1] 9:23:23  652,756/1,000,000  19.3/s  upd=16133  L=0.0167  D=0.515
[regir_r1] 9:23:33  653,039/1,000,000  19.3/s  upd=16143  L=0.0320  D=0.515
[regir_r1] 9:23:43  653,320/1,000,000  19.3/s  upd=16152  L=0.0148  D=0.515
[regir_r1] 9:23:53  653,613/1,000,000  19.3/s  upd=16160  L=0.0229  D=0.515
[regir_r1] 9:24:03  653,944/1,000,000  19.3/s  upd=16168  L=0.0243  D=0.515
[regir_r1] 9:24:13  654,202/1,000,000  19.3/s  upd=16176  L=0.0188  D=0.515
[regir_r1] 9:24:24  654,766/1,000,000  19.3/s  upd=16187  L=0.0214  D=0.515
[regir_r1] 9:24:34  655,317/1,000,000  19.3/s  upd=16201  L=0.0168  D=0.515
[regir_r1] 9:24:44  655,594/1,000,000  19.3/s  upd=16216  L=0.0194  D=0.515
[regir_r1] 9:24:54  655,862/1,000,000  19.3/s  upd=16224  L=0.0285  D=0.515
[regir_r1] 9:25:05  656,391/1,000,000  19.4/s  upd=16234  L=0.0173  D=0.515
[regir_r1] 9:25:15  656,610/1,000,000  19.4/s  upd=16244  L=0.0192  D=0.515
[regir_r1] 9:25:26  656,854/1,000,000  19.4/s  upd=16255  L=0.0200  D=0.515
[regir_r1] 9:25:36  657,158/1,000,000  19.4/s  upd=16264  L=0.0163  D=0.515
[regir_r1] 9:25:46  657,817/1,000,000  19.4/s  upd=16276  L=0.0252  D=0.515
[regir_r1] 9:25:56  658,098/1,000,000  19.4/s  upd=16287  L=0.0256  D=0.515
[regir_r1] 9:26:06  658,427/1,000,000  19.4/s  upd=16296  L=0.0260  D=0.515
[regir_r1] 9:26:16  658,998/1,000,000  19.4/s  upd=16309  L=0.0226  D=0.515
[regir_r1] 9:26:27  659,544/1,000,000  19.4/s  upd=16321  L=0.0234  D=0.515
[regir_r1] 9:26:37  659,810/1,000,000  19.4/s  upd=16336  L=0.0215  D=0.515
[regir_r1] saved resume t_env=660,122
[regir_r1] 9:27:02  660,122/1,000,000  19.4/s  upd=16344  L=0.0246  ev=0/100  D=0.515
[regir_r1] 9:27:12  660,122/1,000,000  19.4/s  upd=16344  L=0.0246  ev=23/100  D=0.515
[regir_r1] 9:27:22  660,122/1,000,000  19.4/s  upd=16344  L=0.0246  ev=34/100  D=0.515
[regir_r1] 9:27:32  660,122/1,000,000  19.4/s  upd=16344  L=0.0246  ev=50/100  D=0.515
[regir_r1] 9:27:42  660,122/1,000,000  19.4/s  upd=16344  L=0.0246  ev=72/100  D=0.515
[regir_r1] 9:30:09  660,122/1,000,000  19.3/s  upd=16344  L=0.0246  D=1.115
[regir_r1] 9:33:28  660,122/1,000,000  19.2/s  upd=16344  L=0.0246  D=1.115
[regir_r1] 9:33:39  660,762/1,000,000  19.2/s  upd=16358  L=0.0273  D=1.115
[regir_r1] 9:33:50  661,296/1,000,000  19.2/s  upd=16372  L=0.0175  D=1.115
[regir_r1] 9:34:00  661,564/1,000,000  19.2/s  upd=16384  L=0.0172  D=1.115
[regir_r1] 9:34:10  661,876/1,000,000  19.2/s  upd=16392  L=0.0285  D=1.115
[regir_r1] 9:34:21  662,455/1,000,000  19.2/s  upd=16402  L=0.0173  D=1.115
[regir_r1] 9:34:31  662,750/1,000,000  19.2/s  upd=16413  L=0.0176  D=1.115
[regir_r1] 9:34:41  663,008/1,000,000  19.2/s  upd=16423  L=0.0228  D=1.115
[regir_r1] 9:34:52  663,282/1,000,000  19.2/s  upd=16432  L=0.0218  D=1.115
[regir_r1] 9:35:02  663,540/1,000,000  19.2/s  upd=16440  L=0.0185  D=1.115
[regir_r1] 9:35:12  663,817/1,000,000  19.2/s  upd=16448  L=0.0158  D=1.115
[regir_r1] 9:35:22  664,124/1,000,000  19.2/s  upd=16456  L=0.0253  D=1.115
[regir_r1] 9:35:32  664,424/1,000,000  19.2/s  upd=16464  L=0.0161  D=1.115
[regir_r1] 9:35:42  665,003/1,000,000  19.3/s  upd=16473  L=0.0159  D=1.115
[regir_r1] 9:35:53  665,272/1,000,000  19.3/s  upd=16481  L=0.0183  D=1.115
[regir_r1] 9:36:03  665,272/1,000,000  19.2/s  upd=16488  L=0.0215  D=1.115
[regir_r1] 9:36:13  665,557/1,000,000  19.3/s  upd=16496  L=0.0161  D=1.115
[regir_r1] 9:36:23  666,174/1,000,000  19.3/s  upd=16505  L=0.0191  D=1.115
[regir_r1] 9:36:33  666,174/1,000,000  19.3/s  upd=16512  L=0.0262  D=1.115
[regir_r1] 9:36:44  666,744/1,000,000  19.3/s  upd=16521  L=0.0214  D=1.115
[regir_r1] saved resume t_env=666,744
[regir_r1] 9:36:54  666,744/1,000,000  19.3/s  upd=16528  L=0.0205  D=1.115
[regir_r1] 9:37:04  667,067/1,000,000  19.3/s  upd=16533  L=0.0269  D=1.115
[regir_r1] 9:37:15  667,311/1,000,000  19.3/s  upd=16540  L=0.0252  D=1.115
[regir_r1] 9:37:25  667,559/1,000,000  19.3/s  upd=16547  L=0.0237  D=1.115
[regir_r1] 9:37:35  667,837/1,000,000  19.3/s  upd=16553  L=0.0292  D=1.115
[regir_r1] 9:37:45  668,087/1,000,000  19.3/s  upd=16561  L=0.0241  D=1.115
[regir_r1] 9:37:57  668,373/1,000,000  19.3/s  upd=16576  L=0.0181  D=1.115
[regir_r1] 9:38:07  668,722/1,000,000  19.3/s  upd=16584  L=0.0189  D=1.115
[regir_r1] 9:38:17  669,313/1,000,000  19.3/s  upd=16595  L=0.0202  D=1.115
[regir_r1] 9:38:27  669,625/1,000,000  19.3/s  upd=16604  L=0.0247  D=1.115
[regir_r1] 9:39:26  669,625/1,000,000  19.3/s  upd=16608  L=0.0191  D=1.115
[regir_r1] 9:39:36  670,200/1,000,000  19.3/s  upd=16620  L=0.0219  D=1.115
[regir_r1] 9:39:46  670,789/1,000,000  19.3/s  upd=16633  L=0.0235  D=1.115
[regir_r1] 9:39:57  671,076/1,000,000  19.3/s  upd=16648  L=0.0185  D=1.115
[regir_r1] 9:40:07  671,375/1,000,000  19.3/s  upd=16656  L=0.0145  D=1.115
[regir_r1] 9:40:17  671,656/1,000,000  19.3/s  upd=16664  L=0.0152  D=1.115
[regir_r1] 9:40:27  672,235/1,000,000  19.3/s  upd=16677  L=0.0214  D=1.115
[regir_r1] 9:40:38  672,480/1,000,000  19.3/s  upd=16684  L=0.0194  D=1.115
[regir_r1] 9:40:48  672,843/1,000,000  19.3/s  upd=16690  L=0.0301  D=1.115
[regir_r1] 9:40:58  672,843/1,000,000  19.3/s  upd=16696  L=0.0337  D=1.115
[regir_r1] 9:41:08  673,128/1,000,000  19.3/s  upd=16704  L=0.0284  D=1.115
[regir_r1] 9:41:19  673,370/1,000,000  19.3/s  upd=16712  L=0.0193  D=1.115
[regir_r1] 9:41:29  673,685/1,000,000  19.3/s  upd=16717  L=0.0239  D=1.115
[regir_r1] 9:41:39  673,943/1,000,000  19.3/s  upd=16728  L=0.0196  D=1.115
[regir_r1] 9:41:49  674,225/1,000,000  19.3/s  upd=16736  L=0.0135  D=1.115
[regir_r1] 9:41:59  674,745/1,000,000  19.3/s  upd=16746  L=0.0269  D=1.115
[regir_r1] 9:42:10  675,035/1,000,000  19.3/s  upd=16754  L=0.0196  D=1.115
[regir_r1] 9:42:20  675,400/1,000,000  19.3/s  upd=16767  L=0.0139  D=1.115
[regir_r1] 9:42:31  675,680/1,000,000  19.3/s  upd=16776  L=0.0289  D=1.115
[regir_r1] 9:42:41  675,943/1,000,000  19.3/s  upd=16784  L=0.0237  D=1.115
[regir_r1] 9:42:51  676,249/1,000,000  19.3/s  upd=16792  L=0.0226  D=1.115
[regir_r1] 9:43:01  676,602/1,000,000  19.3/s  upd=16800  L=0.0205  D=1.115
[regir_r1] 9:43:11  676,881/1,000,000  19.3/s  upd=16808  L=0.0139  D=1.115
[regir_r1] 9:43:21  677,150/1,000,000  19.3/s  upd=16816  L=0.0198  D=1.115
[regir_r1] 9:43:32  677,491/1,000,000  19.3/s  upd=16822  L=0.0516  D=1.115
[regir_r1] 9:43:42  677,491/1,000,000  19.3/s  upd=16824  L=0.0334  D=1.115
[regir_r1] 9:43:52  677,873/1,000,000  19.3/s  upd=16832  L=0.0188  D=1.115
[regir_r1] 9:44:02  678,171/1,000,000  19.4/s  upd=16840  L=0.0230  D=1.115
[regir_r1] 9:44:12  678,438/1,000,000  19.4/s  upd=16848  L=0.0166  D=1.115
[regir_r1] 9:44:22  678,703/1,000,000  19.4/s  upd=16856  L=0.0200  D=1.115
[regir_r1] 9:45:31  678,971/1,000,000  19.3/s  upd=16864  L=0.0166  D=1.115
[regir_r1] 9:45:41  679,267/1,000,000  19.3/s  upd=16871  L=0.0263  D=1.115
[regir_r1] 9:45:51  679,564/1,000,000  19.3/s  upd=16880  L=0.0197  D=1.115
[regir_r1] 9:46:02  679,818/1,000,000  19.3/s  upd=16888  L=0.0260  D=1.115
[regir_r1] saved resume t_env=680,081
[regir_r1] 9:46:27  680,081/1,000,000  19.3/s  upd=16896  L=0.0175  ev=0/100  D=1.115
[regir_r1] 9:46:37  680,081/1,000,000  19.3/s  upd=16896  L=0.0175  ev=18/100  D=1.115
[regir_r1] 9:46:47  680,081/1,000,000  19.3/s  upd=16896  L=0.0175  ev=32/100  D=1.115
[regir_r1] 9:46:57  680,081/1,000,000  19.3/s  upd=16896  L=0.0175  ev=41/100  D=1.115
[regir_r1] 9:47:08  680,081/1,000,000  19.3/s  upd=16896  L=0.0175  ev=54/100  D=1.115
[regir_r1] 9:47:18  680,081/1,000,000  19.3/s  upd=16896  L=0.0175  ev=62/100  D=1.115
[regir_r1] 9:47:28  680,081/1,000,000  19.3/s  upd=16896  L=0.0175  ev=72/100  D=1.115
[regir_r1] 9:47:38  680,081/1,000,000  19.3/s  upd=16896  L=0.0175  ev=81/100  D=1.115
[regir_r1] 9:47:48  680,081/1,000,000  19.3/s  upd=16896  L=0.0175  ev=95/100  D=1.115
[regir_r1] 9:48:58  680,081/1,000,000  19.2/s  upd=16896  L=0.0175  D=0.841
[regir_r1] 9:49:08  680,667/1,000,000  19.3/s  upd=16910  L=0.0224  D=0.841
[regir_r1] 9:49:19  681,259/1,000,000  19.3/s  upd=16927  L=0.0288  D=0.841
[regir_r1] 9:49:29  681,935/1,000,000  19.3/s  upd=16939  L=0.0507  D=0.841
[regir_r1] 9:49:39  682,220/1,000,000  19.3/s  upd=16949  L=0.0177  D=0.841
[regir_r1] 9:49:50  682,525/1,000,000  19.3/s  upd=16960  L=0.0129  D=0.841
[regir_r1] 9:50:00  682,784/1,000,000  19.3/s  upd=16968  L=0.0183  D=0.841
[regir_r1] 9:50:10  683,075/1,000,000  19.3/s  upd=16976  L=0.0357  D=0.841
[regir_r1] 9:50:20  683,676/1,000,000  19.3/s  upd=16989  L=0.0164  D=0.841
[regir_r1] 9:50:30  684,209/1,000,000  19.3/s  upd=17002  L=0.0171  D=0.841
[regir_r1] 9:52:28  684,209/1,000,000  19.2/s  upd=17008  L=0.0265  D=0.841
[regir_r1] 9:52:38  684,689/1,000,000  19.3/s  upd=17024  L=0.0150  D=0.841
[regir_r1] 9:52:49  685,383/1,000,000  19.3/s  upd=17037  L=0.0330  D=0.841
[regir_r1] 9:52:59  685,974/1,000,000  19.3/s  upd=17051  L=0.0168  D=0.841
[regir_r1] 9:53:10  686,535/1,000,000  19.3/s  upd=17065  L=0.0229  D=0.841
[regir_r1] 9:53:20  686,827/1,000,000  19.3/s  upd=17079  L=0.0297  D=0.841
[regir_r1] 9:53:30  687,477/1,000,000  19.3/s  upd=17092  L=0.0202  D=0.841
[regir_r1] 9:53:41  687,970/1,000,000  19.3/s  upd=17106  L=0.0277  D=0.841
[regir_r1] 9:53:51  688,517/1,000,000  19.3/s  upd=17121  L=0.0260  D=0.841
[regir_r1] 9:54:02  688,790/1,000,000  19.3/s  upd=17134  L=0.0125  D=0.841
[regir_r1] 9:54:12  689,064/1,000,000  19.3/s  upd=17144  L=0.0197  D=0.841
[regir_r1] 9:54:22  689,318/1,000,000  19.3/s  upd=17152  L=0.0314  D=0.841
[regir_r1] 9:54:32  689,642/1,000,000  19.3/s  upd=17160  L=0.0519  D=0.841
[regir_r1] 9:54:43  689,958/1,000,000  19.3/s  upd=17166  L=0.0477  D=0.841
[regir_r1] 9:54:53  690,220/1,000,000  19.3/s  upd=17176  L=0.0163  D=0.841
[regir_r1] 9:55:03  690,506/1,000,000  19.3/s  upd=17184  L=0.0198  D=0.841
[regir_r1] 9:55:13  690,812/1,000,000  19.3/s  upd=17192  L=0.0165  D=0.841
[regir_r1] 9:55:23  691,088/1,000,000  19.3/s  upd=17200  L=0.0180  D=0.841
[regir_r1] 9:55:33  691,635/1,000,000  19.4/s  upd=17212  L=0.0165  D=0.841
[regir_r1] 9:55:44  692,154/1,000,000  19.4/s  upd=17227  L=0.0127  D=0.841
[regir_r1] 9:55:54  692,556/1,000,000  19.4/s  upd=17240  L=0.0134  D=0.841
[regir_r1] 9:56:05  693,140/1,000,000  19.4/s  upd=17252  L=0.0175  D=0.841
[regir_r1] saved resume t_env=693,439
[regir_r1] 9:56:17  693,439/1,000,000  19.4/s  upd=17264  L=0.0289  D=0.841
[regir_r1] 9:56:27  694,067/1,000,000  19.4/s  upd=17277  L=0.0172  D=0.841
[regir_r1] 9:56:37  694,377/1,000,000  19.4/s  upd=17288  L=0.0190  D=0.841
[regir_r1] 9:56:47  694,688/1,000,000  19.4/s  upd=17296  L=0.0198  D=0.841
[regir_r1] 9:56:57  695,272/1,000,000  19.4/s  upd=17306  L=0.0223  D=0.841
[regir_r1] 9:57:08  695,549/1,000,000  19.4/s  upd=17317  L=0.0141  D=0.841
[regir_r1] 9:57:18  695,811/1,000,000  19.4/s  upd=17326  L=0.0167  D=0.841
[regir_r1] 9:57:28  696,083/1,000,000  19.4/s  upd=17334  L=0.0211  D=0.841
[regir_r1] 9:59:27  696,083/1,000,000  19.4/s  upd=17336  L=0.0116  D=0.841
[regir_r1] 9:59:38  696,658/1,000,000  19.4/s  upd=17349  L=0.0296  D=0.841
[regir_r1] 9:59:48  696,918/1,000,000  19.4/s  upd=17360  L=0.0175  D=0.841
[regir_r1] 9:59:58  697,477/1,000,000  19.4/s  upd=17375  L=0.0196  D=0.841
[regir_r1] 10:00:08  697,751/1,000,000  19.4/s  upd=17384  L=0.0300  D=0.841
[regir_r1] 10:00:19  698,271/1,000,000  19.4/s  upd=17395  L=0.0185  D=0.841
[regir_r1] 10:00:29  698,631/1,000,000  19.4/s  upd=17402  L=0.0134  D=0.841
[regir_r1] 10:00:39  698,872/1,000,000  19.4/s  upd=17410  L=0.0225  D=0.841
[regir_r1] 10:00:50  699,100/1,000,000  19.4/s  upd=17423  L=0.0201  D=0.841
[regir_r1] 10:01:00  699,445/1,000,000  19.4/s  upd=17432  L=0.0207  D=0.841
[regir_r1] 10:01:11  699,750/1,000,000  19.4/s  upd=17439  L=0.0111  D=0.841
[regir_r1] saved resume t_env=700,057
[regir_r1] 10:01:39  700,057/1,000,000  19.4/s  upd=17448  L=0.0173  ev=0/100  D=0.841
[regir_r1] 10:01:49  700,057/1,000,000  19.4/s  upd=17448  L=0.0173  ev=30/100  D=0.841
[regir_r1] 10:01:59  700,057/1,000,000  19.4/s  upd=17448  L=0.0173  ev=55/100  D=0.841
[regir_r1] 10:02:09  700,057/1,000,000  19.4/s  upd=17448  L=0.0173  ev=80/100  D=0.841
[regir_r1] 10:03:57  700,057/1,000,000  19.3/s  upd=17448  L=0.0173  D=0.566
[regir_r1] 10:04:07  700,296/1,000,000  19.3/s  upd=17456  L=0.0176  D=0.566
[regir_r1] 10:04:17  700,572/1,000,000  19.3/s  upd=17461  L=0.0169  D=0.566
[regir_r1] 10:04:28  700,848/1,000,000  19.3/s  upd=17468  L=0.0150  D=0.566
[regir_r1] 10:05:26  700,848/1,000,000  19.3/s  upd=17472  L=0.0168  D=0.566
[regir_r1] 10:05:37  701,102/1,000,000  19.3/s  upd=17480  L=0.0362  D=0.566
[regir_r1] 10:05:47  701,383/1,000,000  19.3/s  upd=17488  L=0.0175  D=0.566
[regir_r1] 10:05:57  701,691/1,000,000  19.3/s  upd=17493  L=0.0197  D=0.566
[regir_r1] 10:06:07  701,941/1,000,000  19.3/s  upd=17499  L=0.0277  D=0.566
[regir_r1] 10:06:17  702,235/1,000,000  19.3/s  upd=17509  L=0.0204  D=0.566
[regir_r1] 10:06:27  702,505/1,000,000  19.3/s  upd=17520  L=0.0183  D=0.566
[regir_r1] 10:06:38  702,770/1,000,000  19.3/s  upd=17528  L=0.0400  D=0.566
[regir_r1] 10:06:48  703,036/1,000,000  19.3/s  upd=17536  L=0.0180  D=0.566
[regir_r1] 10:06:58  703,351/1,000,000  19.3/s  upd=17544  L=0.0120  D=0.566
[regir_r1] 10:07:08  703,886/1,000,000  19.3/s  upd=17555  L=0.0170  D=0.566
[regir_r1] 10:07:18  704,118/1,000,000  19.3/s  upd=17566  L=0.0333  D=0.566
[regir_r1] 10:07:28  704,407/1,000,000  19.3/s  upd=17576  L=0.0249  D=0.566
[regir_r1] 10:07:39  704,661/1,000,000  19.3/s  upd=17584  L=0.0174  D=0.566
[regir_r1] 10:07:49  704,956/1,000,000  19.3/s  upd=17592  L=0.0169  D=0.566
[regir_r1] 10:07:59  705,475/1,000,000  19.3/s  upd=17601  L=0.0245  D=0.566
[regir_r1] 10:08:10  705,691/1,000,000  19.3/s  upd=17612  L=0.0127  D=0.566
[regir_r1] 10:08:21  705,974/1,000,000  19.3/s  upd=17623  L=0.0207  D=0.566
[regir_r1] 10:08:31  706,252/1,000,000  19.3/s  upd=17632  L=0.0196  D=0.566
[regir_r1] 10:08:42  706,830/1,000,000  19.4/s  upd=17642  L=0.0200  D=0.566
[regir_r1] 10:08:52  707,104/1,000,000  19.4/s  upd=17656  L=0.0236  D=0.566
[regir_r1] 10:09:02  707,578/1,000,000  19.4/s  upd=17669  L=0.0167  D=0.566
[regir_r1] 10:09:13  708,078/1,000,000  19.4/s  upd=17683  L=0.0209  D=0.566
[regir_r1] 10:09:23  708,317/1,000,000  19.4/s  upd=17696  L=0.0112  D=0.566
[regir_r1] 10:09:33  708,909/1,000,000  19.4/s  upd=17710  L=0.0262  D=0.566
[regir_r1] 10:09:43  709,228/1,000,000  19.4/s  upd=17718  L=0.0137  D=0.566
[regir_r1] 10:09:53  709,509/1,000,000  19.4/s  upd=17728  L=0.0206  D=0.566
[regir_r1] 10:10:03  710,041/1,000,000  19.4/s  upd=17738  L=0.0139  D=0.566
[regir_r1] 10:10:13  710,041/1,000,000  19.4/s  upd=17744  L=0.0222  D=0.566
[regir_r1] 10:10:24  710,324/1,000,000  19.4/s  upd=17750  L=0.0185  D=0.566
[regir_r1] 10:10:34  710,601/1,000,000  19.4/s  upd=17758  L=0.0206  D=0.566
[regir_r1] 10:11:06  710,601/1,000,000  19.4/s  upd=17760  L=0.0151  D=0.566
[regir_r1] 10:11:16  711,099/1,000,000  19.4/s  upd=17771  L=0.0174  D=0.566
[regir_r1] saved resume t_env=711,390
[regir_r1] 10:11:28  711,390/1,000,000  19.4/s  upd=17784  L=0.0218  D=0.566
[regir_r1] 10:11:38  711,945/1,000,000  19.4/s  upd=17796  L=0.0178  D=0.566
[regir_r1] 10:11:48  712,203/1,000,000  19.4/s  upd=17808  L=0.0194  D=0.566
[regir_r1] 10:11:59  712,782/1,000,000  19.4/s  upd=17822  L=0.0173  D=0.566
[regir_r1] 10:12:09  713,309/1,000,000  19.4/s  upd=17834  L=0.0215  D=0.566
[regir_r1] 10:12:19  713,524/1,000,000  19.4/s  upd=17845  L=0.0165  D=0.566
[regir_r1] 10:12:30  713,795/1,000,000  19.4/s  upd=17853  L=0.0161  D=0.566
[regir_r1] 10:12:40  714,102/1,000,000  19.4/s  upd=17861  L=0.0256  D=0.566
[regir_r1] 10:12:50  714,406/1,000,000  19.4/s  upd=17872  L=0.0187  D=0.566
[regir_r1] 10:13:00  714,663/1,000,000  19.4/s  upd=17880  L=0.0196  D=0.566
[regir_r1] 10:13:10  715,201/1,000,000  19.4/s  upd=17891  L=0.0192  D=0.566
[regir_r1] 10:13:20  715,514/1,000,000  19.4/s  upd=17900  L=0.0139  D=0.566
[regir_r1] 10:13:31  715,787/1,000,000  19.4/s  upd=17910  L=0.0164  D=0.566
[regir_r1] 10:13:41  716,027/1,000,000  19.4/s  upd=17920  L=0.0167  D=0.566
[regir_r1] 10:13:51  716,333/1,000,000  19.4/s  upd=17923  L=0.0165  D=0.566
[regir_r1] 10:14:02  716,625/1,000,000  19.5/s  upd=17931  L=0.0193  D=0.566
[regir_r1] 10:14:12  716,897/1,000,000  19.5/s  upd=17937  L=0.0145  D=0.566
[regir_r1] 10:14:23  717,126/1,000,000  19.5/s  upd=17945  L=0.0137  D=0.566
[regir_r1] 10:14:33  717,374/1,000,000  19.5/s  upd=17956  L=0.0193  D=0.566
[regir_r1] 10:14:44  717,653/1,000,000  19.5/s  upd=17965  L=0.0127  D=0.566
[regir_r1] 10:14:55  717,944/1,000,000  19.5/s  upd=17976  L=0.0218  D=0.566
[regir_r1] 10:15:05  718,185/1,000,000  19.5/s  upd=17984  L=0.0194  D=0.566
[regir_r1] 10:15:15  718,690/1,000,000  19.5/s  upd=17996  L=0.0162  D=0.566
[regir_r1] 10:15:26  719,199/1,000,000  19.5/s  upd=18016  L=0.0139  D=0.566
[regir_r1] 10:15:36  719,971/1,000,000  19.5/s  upd=18034  L=0.0305  D=0.566
[regir_r1] saved resume t_env=720,273
[regir_r1] 10:16:04  720,273/1,000,000  19.5/s  upd=18048  L=0.0211  ev=0/100  D=0.566
[regir_r1] 10:16:14  720,273/1,000,000  19.5/s  upd=18048  L=0.0211  ev=47/100  D=0.566
[regir_r1] 10:16:24  720,273/1,000,000  19.5/s  upd=18048  L=0.0211  ev=64/100  D=0.566
[regir_r1] 10:16:34  720,273/1,000,000  19.5/s  upd=18048  L=0.0211  ev=91/100  D=0.566
[regir_r1] 10:18:02  720,273/1,000,000  19.4/s  upd=18048  L=0.0211  D=0.564
[regir_r1] 10:19:02  720,273/1,000,000  19.4/s  upd=18048  L=0.0211  D=0.564
[regir_r1] 10:19:12  720,547/1,000,000  19.4/s  upd=18056  L=0.0277  D=0.564
[regir_r1] 10:19:22  720,804/1,000,000  19.4/s  upd=18064  L=0.0179  D=0.564
[regir_r1] 10:19:33  721,115/1,000,000  19.4/s  upd=18069  L=0.0192  D=0.564
[regir_r1] 10:19:44  721,389/1,000,000  19.4/s  upd=18078  L=0.0136  D=0.564
[regir_r1] 10:19:54  721,671/1,000,000  19.4/s  upd=18086  L=0.0175  D=0.564
[regir_r1] 10:20:05  721,965/1,000,000  19.4/s  upd=18091  L=0.0202  D=0.564
[regir_r1] 10:20:15  722,225/1,000,000  19.4/s  upd=18096  L=0.0192  D=0.564
[regir_r1] 10:20:25  722,225/1,000,000  19.4/s  upd=18104  L=0.0290  D=0.564
[regir_r1] 10:20:35  722,581/1,000,000  19.4/s  upd=18111  L=0.0183  D=0.564
[regir_r1] 10:20:45  722,846/1,000,000  19.4/s  upd=18119  L=0.0177  D=0.564
[regir_r1] 10:20:55  723,130/1,000,000  19.4/s  upd=18128  L=0.0157  D=0.564
[regir_r1] 10:21:05  723,638/1,000,000  19.4/s  upd=18138  L=0.0176  D=0.564
[regir_r1] 10:21:15  723,912/1,000,000  19.4/s  upd=18152  L=0.0160  D=0.564
[regir_r1] 10:21:26  724,456/1,000,000  19.4/s  upd=18166  L=0.0092  D=0.564
[regir_r1] 10:21:36  725,036/1,000,000  19.4/s  upd=18179  L=0.0146  D=0.564
[regir_r1] 10:21:46  725,298/1,000,000  19.4/s  upd=18192  L=0.0217  D=0.564
[regir_r1] 10:21:57  725,799/1,000,000  19.4/s  upd=18208  L=0.0130  D=0.564
[regir_r1] 10:22:07  726,357/1,000,000  19.5/s  upd=18220  L=0.0282  D=0.564
[regir_r1] 10:22:17  726,920/1,000,000  19.5/s  upd=18234  L=0.0159  D=0.564
[regir_r1] 10:22:28  727,454/1,000,000  19.5/s  upd=18250  L=0.0140  D=0.564
[regir_r1] 10:22:38  727,757/1,000,000  19.5/s  upd=18262  L=0.0113  D=0.564
[regir_r1] 10:22:49  728,019/1,000,000  19.5/s  upd=18272  L=0.0195  D=0.564
[regir_r1] 10:22:59  728,289/1,000,000  19.5/s  upd=18280  L=0.0198  D=0.564
[regir_r1] 10:23:10  728,590/1,000,000  19.5/s  upd=18288  L=0.0151  D=0.564
[regir_r1] 10:23:20  729,140/1,000,000  19.5/s  upd=18299  L=0.0234  D=0.564
[regir_r1] 10:23:30  729,426/1,000,000  19.5/s  upd=18310  L=0.0312  D=0.564
[regir_r1] 10:23:41  729,653/1,000,000  19.5/s  upd=18319  L=0.0197  D=0.564
[regir_r1] 10:23:51  729,902/1,000,000  19.5/s  upd=18328  L=0.0101  D=0.564
[regir_r1] 10:24:01  730,208/1,000,000  19.5/s  upd=18336  L=0.0233  D=0.564
[regir_r1] 10:26:02  730,445/1,000,000  19.4/s  upd=18344  L=0.0225  D=0.564
[regir_r1] saved resume t_env=730,734
[regir_r1] 10:26:14  730,734/1,000,000  19.4/s  upd=18352  L=0.0176  D=0.564
[regir_r1] 10:26:24  731,101/1,000,000  19.5/s  upd=18355  L=0.0107  D=0.564
[regir_r1] 10:26:34  731,380/1,000,000  19.5/s  upd=18366  L=0.0196  D=0.564
[regir_r1] 10:26:45  731,696/1,000,000  19.5/s  upd=18374  L=0.0152  D=0.564
[regir_r1] 10:26:55  731,946/1,000,000  19.5/s  upd=18384  L=0.0188  D=0.564
[regir_r1] 10:27:05  732,258/1,000,000  19.5/s  upd=18392  L=0.0209  D=0.564
[regir_r1] 10:27:16  732,565/1,000,000  19.5/s  upd=18399  L=0.0122  D=0.564
[regir_r1] 10:27:26  732,791/1,000,000  19.5/s  upd=18406  L=0.0100  D=0.564
[regir_r1] 10:27:36  733,321/1,000,000  19.5/s  upd=18418  L=0.0186  D=0.564
[regir_r1] 10:27:46  733,573/1,000,000  19.5/s  upd=18432  L=0.0163  D=0.564
[regir_r1] 10:27:57  734,106/1,000,000  19.5/s  upd=18447  L=0.0196  D=0.564
[regir_r1] 10:28:08  734,663/1,000,000  19.5/s  upd=18461  L=0.0172  D=0.564
[regir_r1] 10:28:18  735,162/1,000,000  19.5/s  upd=18473  L=0.0164  D=0.564
[regir_r1] 10:28:28  735,418/1,000,000  19.5/s  upd=18488  L=0.0239  D=0.564
[regir_r1] 10:28:38  735,993/1,000,000  19.5/s  upd=18502  L=0.0207  D=0.564
[regir_r1] 10:28:48  736,496/1,000,000  19.5/s  upd=18517  L=0.0106  D=0.564
[regir_r1] 10:28:59  737,054/1,000,000  19.5/s  upd=18529  L=0.0177  D=0.564
[regir_r1] 10:29:09  737,286/1,000,000  19.5/s  upd=18544  L=0.0135  D=0.564
[regir_r1] 10:29:20  737,553/1,000,000  19.5/s  upd=18551  L=0.0151  D=0.564
[regir_r1] 10:29:30  737,819/1,000,000  19.5/s  upd=18560  L=0.0235  D=0.564
[regir_r1] 10:29:40  738,137/1,000,000  19.5/s  upd=18568  L=0.0159  D=0.564
[regir_r1] 10:29:50  738,395/1,000,000  19.5/s  upd=18576  L=0.0127  D=0.564
[regir_r1] 10:30:01  738,653/1,000,000  19.5/s  upd=18584  L=0.0228  D=0.564
[regir_r1] 10:30:11  738,968/1,000,000  19.5/s  upd=18589  L=0.0136  D=0.564
[regir_r1] 10:30:21  739,245/1,000,000  19.5/s  upd=18599  L=0.0161  D=0.564
[regir_r1] 10:30:31  739,505/1,000,000  19.5/s  upd=18608  L=0.0123  D=0.564
[regir_r1] 10:30:41  739,790/1,000,000  19.5/s  upd=18616  L=0.0164  D=0.564
[regir_r1] saved resume t_env=740,081
[regir_r1] 10:31:06  740,081/1,000,000  19.5/s  upd=18624  L=0.0160  ev=0/100  D=0.564
[regir_r1] 10:31:16  740,081/1,000,000  19.5/s  upd=18624  L=0.0160  ev=56/100  D=0.564
[regir_r1] 10:31:26  740,081/1,000,000  19.5/s  upd=18624  L=0.0160  ev=80/100  D=0.564
[regir_r1] 10:33:09  740,081/1,000,000  19.5/s  upd=18624  L=0.0160  D=0.426
[regir_r1] 10:34:11  740,081/1,000,000  19.4/s  upd=18624  L=0.0160  D=0.426
[regir_r1] 10:34:21  740,671/1,000,000  19.5/s  upd=18638  L=0.0134  D=0.426
[regir_r1] 10:34:32  741,237/1,000,000  19.5/s  upd=18650  L=0.0141  D=0.426
[regir_r1] 10:34:42  741,522/1,000,000  19.5/s  upd=18664  L=0.0141  D=0.426
[regir_r1] 10:34:52  742,061/1,000,000  19.5/s  upd=18680  L=0.0156  D=0.426
[regir_r1] 10:35:02  742,907/1,000,000  19.5/s  upd=18699  L=0.0187  D=0.426
[regir_r1] 10:35:12  743,461/1,000,000  19.5/s  upd=18719  L=0.0157  D=0.426
[regir_r1] 10:35:23  744,007/1,000,000  19.5/s  upd=18733  L=0.0197  D=0.426
[regir_r1] 10:35:34  744,495/1,000,000  19.5/s  upd=18749  L=0.0181  D=0.426
[regir_r1] 10:35:44  745,086/1,000,000  19.5/s  upd=18762  L=0.0130  D=0.426
[regir_r1] 10:35:54  745,399/1,000,000  19.5/s  upd=18773  L=0.0142  D=0.426
[regir_r1] 10:36:04  745,667/1,000,000  19.5/s  upd=18784  L=0.0236  D=0.426
[regir_r1] 10:36:15  746,289/1,000,000  19.5/s  upd=18796  L=0.0138  D=0.426
[regir_r1] 10:36:27  746,590/1,000,000  19.6/s  upd=18808  L=0.0160  D=0.426
[regir_r1] 10:36:37  746,863/1,000,000  19.6/s  upd=18816  L=0.0322  D=0.426
[regir_r1] 10:36:47  747,157/1,000,000  19.6/s  upd=18824  L=0.0178  D=0.426
[regir_r1] 10:36:57  747,486/1,000,000  19.6/s  upd=18832  L=0.0293  D=0.426
[regir_r1] 10:37:07  747,751/1,000,000  19.6/s  upd=18840  L=0.0130  D=0.426
[regir_r1] 10:37:17  747,975/1,000,000  19.6/s  upd=18848  L=0.0096  D=0.426
[regir_r1] 10:37:28  748,545/1,000,000  19.6/s  upd=18859  L=0.0124  D=0.426
[regir_r1] 10:37:38  748,823/1,000,000  19.6/s  upd=18869  L=0.0116  D=0.426
[regir_r1] 10:37:48  749,140/1,000,000  19.6/s  upd=18876  L=0.0169  D=0.426
[regir_r1] 10:37:59  749,437/1,000,000  19.6/s  upd=18884  L=0.0196  D=0.426
[regir_r1] 10:38:10  749,681/1,000,000  19.6/s  upd=18895  L=0.0177  D=0.426
[regir_r1] 10:38:20  749,991/1,000,000  19.6/s  upd=18904  L=0.0137  D=0.426
[regir_r1] 10:38:30  750,262/1,000,000  19.6/s  upd=18912  L=0.0098  D=0.426
[regir_r1] 10:38:41  750,912/1,000,000  19.6/s  upd=18923  L=0.0211  D=0.426
[regir_r1] 10:38:51  751,196/1,000,000  19.6/s  upd=18932  L=0.0150  D=0.426
[regir_r1] 10:39:01  751,497/1,000,000  19.6/s  upd=18938  L=0.0150  D=0.426
[regir_r1] 10:39:11  751,786/1,000,000  19.6/s  upd=18946  L=0.0168  D=0.426
[regir_r1] 10:40:42  751,786/1,000,000  19.6/s  upd=18952  L=0.0201  D=0.426
[regir_r1] saved resume t_env=752,099
[regir_r1] 10:40:54  752,099/1,000,000  19.6/s  upd=18960  L=0.0158  D=0.426
[regir_r1] 10:41:04  752,644/1,000,000  19.6/s  upd=18973  L=0.0185  D=0.426
[regir_r1] 10:41:14  753,215/1,000,000  19.6/s  upd=18985  L=0.0160  D=0.426
[regir_r1] 10:41:24  753,449/1,000,000  19.6/s  upd=19000  L=0.0156  D=0.426
[regir_r1] 10:41:35  753,939/1,000,000  19.6/s  upd=19015  L=0.0126  D=0.426
[regir_r1] 10:41:46  754,552/1,000,000  19.6/s  upd=19029  L=0.0140  D=0.426
[regir_r1] 10:41:56  755,101/1,000,000  19.6/s  upd=19044  L=0.0131  D=0.426
[regir_r1] 10:42:06  755,449/1,000,000  19.6/s  upd=19056  L=0.0176  D=0.426
[regir_r1] 10:42:17  755,979/1,000,000  19.6/s  upd=19072  L=0.0152  D=0.426
[regir_r1] 10:42:27  756,548/1,000,000  19.6/s  upd=19081  L=0.0115  D=0.426
[regir_r1] 10:42:38  756,833/1,000,000  19.6/s  upd=19091  L=0.0148  D=0.426
[regir_r1] 10:42:48  757,092/1,000,000  19.6/s  upd=19099  L=0.0140  D=0.426
[regir_r1] 10:42:58  757,092/1,000,000  19.6/s  upd=19104  L=0.0165  D=0.426
[regir_r1] 10:43:09  757,335/1,000,000  19.6/s  upd=19112  L=0.0121  D=0.426
[regir_r1] 10:43:19  757,600/1,000,000  19.6/s  upd=19119  L=0.0133  D=0.426
[regir_r1] 10:43:29  757,895/1,000,000  19.6/s  upd=19122  L=0.0105  D=0.426
[regir_r1] 10:43:40  758,142/1,000,000  19.6/s  upd=19129  L=0.0168  D=0.426
[regir_r1] 10:43:50  758,405/1,000,000  19.6/s  upd=19138  L=0.0097  D=0.426
[regir_r1] 10:44:00  758,660/1,000,000  19.6/s  upd=19145  L=0.0178  D=0.426
[regir_r1] 10:44:11  758,914/1,000,000  19.6/s  upd=19155  L=0.0162  D=0.426
[regir_r1] 10:44:21  759,205/1,000,000  19.6/s  upd=19161  L=0.0189  D=0.426
[regir_r1] 10:44:32  759,473/1,000,000  19.6/s  upd=19171  L=0.0116  D=0.426
[regir_r1] 10:44:42  759,731/1,000,000  19.6/s  upd=19183  L=0.0204  D=0.426
[regir_r1] 10:44:52  759,993/1,000,000  19.6/s  upd=19192  L=0.0114  D=0.426
[regir_r1] 10:45:02  760,280/1,000,000  19.6/s  upd=19200  L=0.0103  D=0.426
[regir_r1] saved resume t_env=760,280
[regir_r1] 10:45:21  760,280/1,000,000  19.6/s  upd=19200  L=0.0103  ev=0/100  D=0.426
[regir_r1] 10:45:31  760,280/1,000,000  19.6/s  upd=19200  L=0.0103  ev=16/100  D=0.426
[regir_r1] 10:45:42  760,280/1,000,000  19.6/s  upd=19200  L=0.0103  ev=32/100  D=0.426
[regir_r1] 10:45:52  760,280/1,000,000  19.6/s  upd=19200  L=0.0103  ev=40/100  D=0.426
[regir_r1] 10:46:02  760,280/1,000,000  19.6/s  upd=19200  L=0.0103  ev=56/100  D=0.426
[regir_r1] 10:46:12  760,280/1,000,000  19.6/s  upd=19200  L=0.0103  ev=77/100  D=0.426
[regir_r1] 10:47:16  760,280/1,000,000  19.6/s  upd=19200  L=0.0103  D=0.394
[regir_r1] 10:48:47  760,280/1,000,000  19.5/s  upd=19200  L=0.0103  D=0.394
[regir_r1] 10:48:57  760,850/1,000,000  19.5/s  upd=19216  L=0.0184  D=0.394
[regir_r1] 10:49:08  761,443/1,000,000  19.6/s  upd=19229  L=0.0108  D=0.394
[regir_r1] 10:49:18  762,042/1,000,000  19.6/s  upd=19243  L=0.0124  D=0.394
[regir_r1] 10:49:29  762,338/1,000,000  19.6/s  upd=19254  L=0.0181  D=0.394
[regir_r1] 10:49:39  762,589/1,000,000  19.6/s  upd=19264  L=0.0122  D=0.394
[regir_r1] 10:49:50  763,140/1,000,000  19.6/s  upd=19273  L=0.0123  D=0.394
[regir_r1] 10:50:02  763,421/1,000,000  19.6/s  upd=19284  L=0.0176  D=0.394
[regir_r1] 10:50:12  763,670/1,000,000  19.6/s  upd=19296  L=0.0203  D=0.394
[regir_r1] 10:50:22  764,231/1,000,000  19.6/s  upd=19305  L=0.0164  D=0.394
[regir_r1] 10:50:32  764,785/1,000,000  19.6/s  upd=19321  L=0.0143  D=0.394
[regir_r1] 10:50:43  765,045/1,000,000  19.6/s  upd=19336  L=0.0140  D=0.394
[regir_r1] 10:50:53  765,578/1,000,000  19.6/s  upd=19349  L=0.0158  D=0.394
[regir_r1] 10:51:04  766,125/1,000,000  19.6/s  upd=19362  L=0.0155  D=0.394
[regir_r1] 10:51:15  766,456/1,000,000  19.6/s  upd=19375  L=0.0195  D=0.394
[regir_r1] 10:51:25  767,009/1,000,000  19.6/s  upd=19389  L=0.0150  D=0.394
[regir_r1] 10:51:36  767,548/1,000,000  19.6/s  upd=19402  L=0.0145  D=0.394
[regir_r1] 10:51:46  767,857/1,000,000  19.6/s  upd=19416  L=0.0152  D=0.394
[regir_r1] 10:51:56  768,456/1,000,000  19.6/s  upd=19430  L=0.0140  D=0.394
[regir_r1] 10:52:07  768,729/1,000,000  19.6/s  upd=19439  L=0.0125  D=0.394
[regir_r1] 10:52:17  768,969/1,000,000  19.6/s  upd=19447  L=0.0115  D=0.394
[regir_r1] 10:52:28  769,527/1,000,000  19.7/s  upd=19459  L=0.0144  D=0.394
[regir_r1] 10:52:38  769,807/1,000,000  19.7/s  upd=19471  L=0.0139  D=0.394
[regir_r1] 10:52:48  770,111/1,000,000  19.7/s  upd=19480  L=0.0210  D=0.394
[regir_r1] 10:52:59  770,393/1,000,000  19.7/s  upd=19488  L=0.0155  D=0.394
[regir_r1] 10:53:10  770,967/1,000,000  19.7/s  upd=19497  L=0.0096  D=0.394
[regir_r1] 10:53:20  771,269/1,000,000  19.7/s  upd=19511  L=0.0184  D=0.394
[regir_r1] 10:53:30  771,528/1,000,000  19.7/s  upd=19520  L=0.0162  D=0.394
[regir_r1] 10:53:40  771,805/1,000,000  19.7/s  upd=19528  L=0.0194  D=0.394
[regir_r1] 10:54:53  772,071/1,000,000  19.6/s  upd=19536  L=0.0242  D=0.394
[regir_r1] 10:55:03  772,895/1,000,000  19.7/s  upd=19553  L=0.0113  D=0.394
[regir_r1] saved resume t_env=772,895
[regir_r1] 10:55:14  773,475/1,000,000  19.7/s  upd=19569  L=0.0146  D=0.394
[regir_r1] 10:55:24  773,977/1,000,000  19.7/s  upd=19589  L=0.0145  D=0.394
[regir_r1] 10:55:34  774,516/1,000,000  19.7/s  upd=19602  L=0.0101  D=0.394
[regir_r1] 10:55:44  774,791/1,000,000  19.7/s  upd=19616  L=0.0094  D=0.394
[regir_r1] 10:55:55  775,437/1,000,000  19.7/s  upd=19632  L=0.0208  D=0.394
[regir_r1] 10:56:05  775,992/1,000,000  19.7/s  upd=19646  L=0.0119  D=0.394
[regir_r1] 10:56:15  776,535/1,000,000  19.7/s  upd=19660  L=0.0150  D=0.394
[regir_r1] 10:56:26  777,123/1,000,000  19.7/s  upd=19674  L=0.0190  D=0.394
[regir_r1] 10:56:36  777,379/1,000,000  19.7/s  upd=19687  L=0.0128  D=0.394
[regir_r1] 10:56:46  777,631/1,000,000  19.7/s  upd=19695  L=0.0102  D=0.394
[regir_r1] 10:56:56  778,195/1,000,000  19.7/s  upd=19704  L=0.0168  D=0.394
[regir_r1] 10:57:07  778,449/1,000,000  19.7/s  upd=19716  L=0.0149  D=0.394
[regir_r1] 10:57:17  778,716/1,000,000  19.7/s  upd=19727  L=0.0131  D=0.394
[regir_r1] 10:57:27  779,036/1,000,000  19.7/s  upd=19736  L=0.0095  D=0.394
[regir_r1] 10:57:37  779,303/1,000,000  19.8/s  upd=19744  L=0.0111  D=0.394
[regir_r1] 10:57:47  779,855/1,000,000  19.8/s  upd=19753  L=0.0163  D=0.394
[regir_r1] 10:57:58  780,135/1,000,000  19.8/s  upd=19764  L=0.0187  D=0.394
[regir_r1] saved resume t_env=780,135
[regir_r1] 10:58:20  780,135/1,000,000  19.8/s  upd=19768  L=0.0123  ev=0/100  D=0.394
[regir_r1] 10:58:30  780,135/1,000,000  19.7/s  upd=19768  L=0.0123  ev=31/100  D=0.394
[regir_r1] 10:58:40  780,135/1,000,000  19.7/s  upd=19768  L=0.0123  ev=56/100  D=0.394
[regir_r1] 10:58:50  780,135/1,000,000  19.7/s  upd=19768  L=0.0123  ev=81/100  D=0.394
[regir_r1] 11:00:24  780,135/1,000,000  19.7/s  upd=19768  L=0.0123  D=0.299
[regir_r1] 11:01:27  780,135/1,000,000  19.7/s  upd=19768  L=0.0123  D=0.299
[regir_r1] 11:01:37  780,710/1,000,000  19.7/s  upd=19777  L=0.0139  D=0.299
[regir_r1] 11:01:47  781,016/1,000,000  19.7/s  upd=19786  L=0.0318  D=0.299
[regir_r1] 11:01:58  781,304/1,000,000  19.7/s  upd=19797  L=0.0091  D=0.299
[regir_r1] 11:02:08  781,887/1,000,000  19.7/s  upd=19812  L=0.0112  D=0.299
[regir_r1] 11:02:18  782,149/1,000,000  19.7/s  upd=19824  L=0.0131  D=0.299
[regir_r1] 11:02:28  782,697/1,000,000  19.7/s  upd=19839  L=0.0185  D=0.299
[regir_r1] 11:02:38  783,233/1,000,000  19.7/s  upd=19853  L=0.0090  D=0.299
[regir_r1] 11:02:48  783,775/1,000,000  19.7/s  upd=19866  L=0.0143  D=0.299
[regir_r1] 11:02:58  784,307/1,000,000  19.7/s  upd=19882  L=0.0159  D=0.299
[regir_r1] 11:03:09  784,568/1,000,000  19.7/s  upd=19896  L=0.0237  D=0.299
[regir_r1] 11:03:19  785,111/1,000,000  19.7/s  upd=19911  L=0.0109  D=0.299
[regir_r1] 11:03:30  785,675/1,000,000  19.7/s  upd=19925  L=0.0154  D=0.299
[regir_r1] 11:03:40  785,932/1,000,000  19.7/s  upd=19936  L=0.0114  D=0.299
[regir_r1] 11:03:50  786,242/1,000,000  19.7/s  upd=19944  L=0.0122  D=0.299
[regir_r1] 11:04:01  786,775/1,000,000  19.7/s  upd=19953  L=0.0128  D=0.299
[regir_r1] 11:04:11  787,032/1,000,000  19.7/s  upd=19962  L=0.0133  D=0.299
[regir_r1] 11:04:21  787,032/1,000,000  19.7/s  upd=19968  L=0.0151  D=0.299
[regir_r1] 11:04:31  787,623/1,000,000  19.8/s  upd=19977  L=0.0385  D=0.299
[regir_r1] 11:04:41  787,903/1,000,000  19.8/s  upd=19988  L=0.0143  D=0.299
[regir_r1] 11:04:52  788,186/1,000,000  19.8/s  upd=20000  L=0.0134  D=0.299
[regir_r1] 11:05:02  788,487/1,000,000  19.8/s  upd=20008  L=0.0185  D=0.299
[regir_r1] 11:05:12  788,771/1,000,000  19.8/s  upd=20011  L=0.0159  D=0.299
[regir_r1] 11:05:22  789,062/1,000,000  19.8/s  upd=20021  L=0.0156  D=0.299
[regir_r1] 11:05:33  789,324/1,000,000  19.8/s  upd=20031  L=0.0166  D=0.299
[regir_r1] 11:05:44  789,632/1,000,000  19.8/s  upd=20033  L=0.0128  D=0.299
[regir_r1] 11:05:54  789,632/1,000,000  19.8/s  upd=20040  L=0.0132  D=0.299
[regir_r1] 11:06:04  789,904/1,000,000  19.8/s  upd=20048  L=0.0118  D=0.299
[regir_r1] 11:06:14  790,172/1,000,000  19.8/s  upd=20054  L=0.0159  D=0.299
[regir_r1] 11:06:24  790,505/1,000,000  19.8/s  upd=20064  L=0.0182  D=0.299
[regir_r1] 11:07:08  790,806/1,000,000  19.8/s  upd=20072  L=0.0145  D=0.299
[regir_r1] 11:07:18  791,093/1,000,000  19.8/s  upd=20080  L=0.0151  D=0.299
[regir_r1] 11:07:28  791,392/1,000,000  19.8/s  upd=20088  L=0.0124  D=0.299
[regir_r1] 11:07:38  791,693/1,000,000  19.8/s  upd=20096  L=0.0133  D=0.299
[regir_r1] 11:07:48  792,310/1,000,000  19.8/s  upd=20108  L=0.0196  D=0.299
[regir_r1] 11:07:58  792,606/1,000,000  19.8/s  upd=20118  L=0.0156  D=0.299
[regir_r1] 11:08:09  792,910/1,000,000  19.8/s  upd=20127  L=0.0175  D=0.299
[regir_r1] saved resume t_env=792,910
[regir_r1] 11:08:19  793,188/1,000,000  19.8/s  upd=20129  L=0.0158  D=0.299
[regir_r1] 11:08:30  793,544/1,000,000  19.8/s  upd=20138  L=0.0196  D=0.299
[regir_r1] 11:08:40  793,544/1,000,000  19.8/s  upd=20144  L=0.0212  D=0.299
[regir_r1] 11:08:50  793,872/1,000,000  19.8/s  upd=20152  L=0.0164  D=0.299
[regir_r1] 11:09:00  794,451/1,000,000  19.8/s  upd=20165  L=0.0217  D=0.299
[regir_r1] 11:09:11  794,795/1,000,000  19.8/s  upd=20172  L=0.0141  D=0.299
[regir_r1] 11:09:21  795,088/1,000,000  19.8/s  upd=20182  L=0.0244  D=0.299
[regir_r1] 11:09:31  795,367/1,000,000  19.8/s  upd=20192  L=0.0209  D=0.299
[regir_r1] 11:09:42  795,907/1,000,000  19.8/s  upd=20201  L=0.0140  D=0.299
[regir_r1] 11:09:53  796,240/1,000,000  19.8/s  upd=20210  L=0.0168  D=0.299
[regir_r1] 11:10:04  796,541/1,000,000  19.8/s  upd=20218  L=0.0138  D=0.299
[regir_r1] 11:10:14  796,819/1,000,000  19.8/s  upd=20229  L=0.0104  D=0.299
[regir_r1] 11:10:24  797,158/1,000,000  19.8/s  upd=20239  L=0.0161  D=0.299
[regir_r1] 11:10:34  797,446/1,000,000  19.8/s  upd=20248  L=0.0106  D=0.299
[regir_r1] 11:10:44  797,764/1,000,000  19.8/s  upd=20256  L=0.0289  D=0.299
[regir_r1] 11:10:56  798,276/1,000,000  19.8/s  upd=20268  L=0.0216  D=0.299
[regir_r1] 11:11:07  798,595/1,000,000  19.8/s  upd=20276  L=0.0112  D=0.299
[regir_r1] 11:11:17  798,880/1,000,000  19.8/s  upd=20285  L=0.0163  D=0.299
[regir_r1] 11:11:27  799,176/1,000,000  19.8/s  upd=20296  L=0.0113  D=0.299
[regir_r1] 11:11:37  799,511/1,000,000  19.8/s  upd=20304  L=0.0170  D=0.299
[regir_r1] 11:11:47  799,805/1,000,000  19.8/s  upd=20312  L=0.0150  D=0.299
[regir_r1] saved resume t_env=800,120
[regir_r1] 11:12:16  800,120/1,000,000  19.8/s  upd=20320  L=0.0231  ev=0/100  D=0.299
[regir_r1] 11:12:26  800,120/1,000,000  19.8/s  upd=20320  L=0.0231  ev=72/100  D=0.299
[regir_r1] 11:15:31  800,120/1,000,000  19.7/s  upd=20320  L=0.0231  D=0.619
[regir_r1] 11:18:28  800,120/1,000,000  19.7/s  upd=20320  L=0.0231  D=0.619
[regir_r1] 11:18:38  800,374/1,000,000  19.7/s  upd=20328  L=0.0135  D=0.619
[regir_r1] 11:18:48  800,992/1,000,000  19.7/s  upd=20338  L=0.0156  D=0.619
[regir_r1] 11:18:58  801,291/1,000,000  19.7/s  upd=20347  L=0.0258  D=0.619
[regir_r1] 11:19:09  801,565/1,000,000  19.7/s  upd=20356  L=0.0119  D=0.619
[regir_r1] 11:19:19  801,565/1,000,000  19.7/s  upd=20360  L=0.0200  D=0.619
[regir_r1] 11:19:29  801,846/1,000,000  19.7/s  upd=20368  L=0.0145  D=0.619
[regir_r1] 11:19:39  802,125/1,000,000  19.7/s  upd=20375  L=0.0113  D=0.619
[regir_r1] 11:19:50  802,421/1,000,000  19.7/s  upd=20379  L=0.0130  D=0.619
[regir_r1] 11:20:01  802,708/1,000,000  19.7/s  upd=20389  L=0.0109  D=0.619
[regir_r1] 11:20:11  802,988/1,000,000  19.7/s  upd=20399  L=0.0194  D=0.619
[regir_r1] 11:20:22  803,298/1,000,000  19.7/s  upd=20406  L=0.0199  D=0.619
[regir_r1] 11:20:32  803,298/1,000,000  19.7/s  upd=20408  L=0.0192  D=0.619
[regir_r1] 11:20:42  803,592/1,000,000  19.7/s  upd=20416  L=0.0121  D=0.619
[regir_r1] 11:20:53  803,885/1,000,000  19.7/s  upd=20424  L=0.0165  D=0.619
[regir_r1] 11:21:03  804,207/1,000,000  19.7/s  upd=20431  L=0.0159  D=0.619
[regir_r1] 11:21:14  804,479/1,000,000  19.7/s  upd=20440  L=0.0131  D=0.619
[regir_r1] 11:21:24  804,766/1,000,000  19.7/s  upd=20441  L=0.0107  D=0.619
[regir_r1] 11:21:35  804,766/1,000,000  19.7/s  upd=20448  L=0.0175  D=0.619
[regir_r1] 11:21:45  805,062/1,000,000  19.7/s  upd=20456  L=0.0191  D=0.619
[regir_r1] 11:21:55  805,359/1,000,000  19.7/s  upd=20464  L=0.0124  D=0.619
[regir_r1] saved resume t_env=805,622
[regir_r1] 11:22:06  805,622/1,000,000  19.7/s  upd=20472  L=0.0178  D=0.619
[regir_r1] 11:22:16  805,959/1,000,000  19.7/s  upd=20479  L=0.0103  D=0.619
[regir_r1] 11:22:26  806,226/1,000,000  19.7/s  upd=20488  L=0.0296  D=0.619
[regir_r1] 11:22:37  806,499/1,000,000  19.7/s  upd=20491  L=0.0138  D=0.619
[regir_r1] 11:22:48  806,772/1,000,000  19.7/s  upd=20502  L=0.0122  D=0.619
[regir_r1] 11:22:58  807,040/1,000,000  19.7/s  upd=20512  L=0.0119  D=0.619
[regir_r1] 11:23:08  807,359/1,000,000  19.7/s  upd=20520  L=0.0153  D=0.619
[regir_r1] 11:23:19  807,905/1,000,000  19.7/s  upd=20532  L=0.0138  D=0.619
[regir_r1] 11:24:09  808,146/1,000,000  19.7/s  upd=20544  L=0.0155  D=0.619
[regir_r1] 11:24:19  808,469/1,000,000  19.7/s  upd=20552  L=0.0103  D=0.619
[regir_r1] 11:24:29  808,783/1,000,000  19.7/s  upd=20560  L=0.0084  D=0.619
[regir_r1] 11:24:40  809,390/1,000,000  19.7/s  upd=20572  L=0.0153  D=0.619
[regir_r1] 11:24:51  809,685/1,000,000  19.7/s  upd=20582  L=0.0116  D=0.619
[regir_r1] 11:25:01  809,944/1,000,000  19.7/s  upd=20592  L=0.0100  D=0.619
[regir_r1] 11:25:11  810,234/1,000,000  19.7/s  upd=20600  L=0.0166  D=0.619
[regir_r1] 11:25:21  810,592/1,000,000  19.7/s  upd=20608  L=0.0138  D=0.619
[regir_r1] 11:25:31  810,905/1,000,000  19.7/s  upd=20616  L=0.0190  D=0.619
[regir_r1] 11:25:41  811,181/1,000,000  19.7/s  upd=20624  L=0.0238  D=0.619
[regir_r1] 11:25:52  811,769/1,000,000  19.7/s  upd=20633  L=0.0180  D=0.619
[regir_r1] 11:26:03  812,081/1,000,000  19.7/s  upd=20641  L=0.0137  D=0.619
[regir_r1] 11:26:13  812,445/1,000,000  19.7/s  upd=20650  L=0.0103  D=0.619
[regir_r1] 11:26:24  812,719/1,000,000  19.7/s  upd=20660  L=0.0166  D=0.619
[regir_r1] 11:26:34  812,984/1,000,000  19.7/s  upd=20672  L=0.0263  D=0.619
[regir_r1] 11:26:44  813,297/1,000,000  19.7/s  upd=20680  L=0.0185  D=0.619
[regir_r1] 11:26:55  813,608/1,000,000  19.7/s  upd=20688  L=0.0162  D=0.619
[regir_r1] 11:27:05  814,174/1,000,000  19.7/s  upd=20697  L=0.0155  D=0.619
[regir_r1] 11:27:15  814,466/1,000,000  19.8/s  upd=20709  L=0.0100  D=0.619
[regir_r1] 11:27:26  814,753/1,000,000  19.8/s  upd=20720  L=0.0166  D=0.619
[regir_r1] 11:27:36  815,333/1,000,000  19.8/s  upd=20729  L=0.0126  D=0.619
[regir_r1] 11:27:47  815,619/1,000,000  19.8/s  upd=20744  L=0.0120  D=0.619
[regir_r1] 11:27:57  815,891/1,000,000  19.8/s  upd=20752  L=0.0119  D=0.619
[regir_r1] 11:28:07  816,169/1,000,000  19.8/s  upd=20760  L=0.0098  D=0.619
[regir_r1] 11:28:17  816,485/1,000,000  19.8/s  upd=20768  L=0.0206  D=0.619
[regir_r1] 11:28:27  816,767/1,000,000  19.8/s  upd=20776  L=0.0174  D=0.619
[regir_r1] 11:28:37  817,062/1,000,000  19.8/s  upd=20784  L=0.0210  D=0.619
[regir_r1] 11:28:47  817,648/1,000,000  19.8/s  upd=20793  L=0.0212  D=0.619
[regir_r1] 11:28:57  817,949/1,000,000  19.8/s  upd=20808  L=0.0176  D=0.619
[regir_r1] 11:29:08  818,593/1,000,000  19.8/s  upd=20821  L=0.0161  D=0.619
[regir_r1] 11:31:13  818,593/1,000,000  19.7/s  upd=20824  L=0.0089  D=0.619
[regir_r1] 11:31:23  819,207/1,000,000  19.7/s  upd=20837  L=0.0133  D=0.619
[regir_r1] 11:31:34  819,766/1,000,000  19.8/s  upd=20852  L=0.0114  D=0.619
[regir_r1] saved resume t_env=820,056
[regir_r1] 11:32:02  820,056/1,000,000  19.7/s  upd=20864  L=0.0209  ev=0/100  D=0.619
[regir_r1] 11:32:12  820,056/1,000,000  19.7/s  upd=20864  L=0.0209  ev=79/100  D=0.619
[regir_r1] 11:35:16  820,056/1,000,000  19.7/s  upd=20864  L=0.0209  D=0.566
[regir_r1] 11:35:26  820,602/1,000,000  19.7/s  upd=20880  L=0.0139  D=0.566
[regir_r1] 11:35:36  821,174/1,000,000  19.7/s  upd=20894  L=0.0290  D=0.566
[regir_r1] 11:35:47  821,811/1,000,000  19.7/s  upd=20909  L=0.0211  D=0.566
[regir_r1] 11:35:57  822,394/1,000,000  19.7/s  upd=20926  L=0.0161  D=0.566
[regir_r1] 11:36:07  823,272/1,000,000  19.7/s  upd=20946  L=0.0115  D=0.566
[regir_r1] 11:38:19  823,564/1,000,000  19.7/s  upd=20960  L=0.0127  D=0.566
[regir_r1] 11:38:29  823,884/1,000,000  19.7/s  upd=20968  L=0.0159  D=0.566
[regir_r1] 11:38:40  824,482/1,000,000  19.7/s  upd=20978  L=0.0277  D=0.566
[regir_r1] 11:38:51  824,787/1,000,000  19.7/s  upd=20989  L=0.0182  D=0.566
[regir_r1] 11:39:01  825,050/1,000,000  19.7/s  upd=20998  L=0.0150  D=0.566
[regir_r1] 11:39:11  825,355/1,000,000  19.7/s  upd=21008  L=0.0247  D=0.566
[regir_r1] 11:39:21  825,603/1,000,000  19.7/s  upd=21016  L=0.0178  D=0.566
[regir_r1] 11:39:32  826,158/1,000,000  19.7/s  upd=21025  L=0.0163  D=0.566
[regir_r1] 11:39:43  826,471/1,000,000  19.7/s  upd=21036  L=0.0137  D=0.566
[regir_r1] 11:39:53  826,763/1,000,000  19.7/s  upd=21048  L=0.0181  D=0.566
[regir_r1] 11:40:03  827,043/1,000,000  19.7/s  upd=21056  L=0.0166  D=0.566
[regir_r1] 11:40:13  827,655/1,000,000  19.7/s  upd=21065  L=0.0168  D=0.566
[regir_r1] 11:40:23  827,655/1,000,000  19.7/s  upd=21072  L=0.0166  D=0.566
[regir_r1] 11:40:33  827,934/1,000,000  19.7/s  upd=21080  L=0.0223  D=0.566
[regir_r1] 11:40:44  828,477/1,000,000  19.7/s  upd=21089  L=0.0106  D=0.566
[regir_r1] 11:40:54  828,477/1,000,000  19.7/s  upd=21096  L=0.0160  D=0.566
[regir_r1] 11:41:04  828,798/1,000,000  19.7/s  upd=21104  L=0.0204  D=0.566
[regir_r1] 11:41:14  829,095/1,000,000  19.7/s  upd=21112  L=0.0239  D=0.566
[regir_r1] 11:41:24  829,648/1,000,000  19.7/s  upd=21121  L=0.0142  D=0.566
[regir_r1] 11:41:35  829,933/1,000,000  19.7/s  upd=21133  L=0.0205  D=0.566
[regir_r1] 11:41:45  830,194/1,000,000  19.7/s  upd=21144  L=0.0158  D=0.566
[regir_r1] saved resume t_env=830,519
[regir_r1] 11:41:55  830,519/1,000,000  19.7/s  upd=21152  L=0.0190  D=0.566
[regir_r1] 11:42:05  831,104/1,000,000  19.7/s  upd=21168  L=0.0121  D=0.566
[regir_r1] 11:42:15  831,652/1,000,000  19.7/s  upd=21182  L=0.0147  D=0.566
[regir_r1] 11:42:26  832,280/1,000,000  19.7/s  upd=21194  L=0.0156  D=0.566
[regir_r1] 11:42:36  832,576/1,000,000  19.7/s  upd=21208  L=0.0117  D=0.566
[regir_r1] 11:42:46  833,142/1,000,000  19.8/s  upd=21223  L=0.0334  D=0.566
[regir_r1] 11:42:56  833,780/1,000,000  19.8/s  upd=21238  L=0.0150  D=0.566
[regir_r1] 11:43:06  834,425/1,000,000  19.8/s  upd=21252  L=0.0138  D=0.566
[regir_r1] 11:43:17  835,045/1,000,000  19.8/s  upd=21266  L=0.0182  D=0.566
[regir_r1] 11:44:55  835,045/1,000,000  19.7/s  upd=21272  L=0.0121  D=0.566
[regir_r1] 11:45:05  835,343/1,000,000  19.7/s  upd=21280  L=0.0150  D=0.566
[regir_r1] 11:45:16  835,906/1,000,000  19.8/s  upd=21291  L=0.0240  D=0.566
[regir_r1] 11:45:26  836,201/1,000,000  19.8/s  upd=21299  L=0.0132  D=0.566
[regir_r1] 11:45:36  836,512/1,000,000  19.8/s  upd=21310  L=0.0146  D=0.566
[regir_r1] 11:45:46  837,121/1,000,000  19.8/s  upd=21323  L=0.0160  D=0.566
[regir_r1] 11:45:56  837,418/1,000,000  19.8/s  upd=21336  L=0.0145  D=0.566
[regir_r1] 11:46:07  838,033/1,000,000  19.8/s  upd=21346  L=0.0157  D=0.566
[regir_r1] 11:46:17  838,348/1,000,000  19.8/s  upd=21359  L=0.0198  D=0.566
[regir_r1] 11:46:27  838,675/1,000,000  19.8/s  upd=21368  L=0.0128  D=0.566
[regir_r1] 11:46:37  839,224/1,000,000  19.8/s  upd=21377  L=0.0267  D=0.566
[regir_r1] 11:46:48  839,537/1,000,000  19.8/s  upd=21389  L=0.0169  D=0.566
[regir_r1] 11:46:58  839,870/1,000,000  19.8/s  upd=21400  L=0.0092  D=0.566
[regir_r1] saved resume t_env=840,167
[regir_r1] 11:47:25  840,167/1,000,000  19.8/s  upd=21408  L=0.0194  ev=0/100  D=0.566
[regir_r1] 11:47:35  840,167/1,000,000  19.8/s  upd=21408  L=0.0194  ev=17/100  D=0.566
[regir_r1] 11:47:45  840,167/1,000,000  19.8/s  upd=21408  L=0.0194  ev=32/100  D=0.566
[regir_r1] 11:47:56  840,167/1,000,000  19.8/s  upd=21408  L=0.0194  ev=48/100  D=0.566
[regir_r1] 11:48:06  840,167/1,000,000  19.8/s  upd=21408  L=0.0194  ev=64/100  D=0.566
[regir_r1] 11:48:16  840,167/1,000,000  19.8/s  upd=21408  L=0.0194  ev=78/100  D=0.566
[regir_r1] 11:48:26  840,167/1,000,000  19.8/s  upd=21408  L=0.0194  ev=88/100  D=0.566
[regir_r1] 11:50:08  840,167/1,000,000  19.7/s  upd=21408  L=0.0194  D=0.311
[regir_r1] 11:51:38  840,167/1,000,000  19.7/s  upd=21408  L=0.0194  D=0.311
[regir_r1] 11:51:48  840,839/1,000,000  19.7/s  upd=21420  L=0.0125  D=0.311
[regir_r1] 11:51:58  841,128/1,000,000  19.7/s  upd=21432  L=0.0261  D=0.311
[regir_r1] 11:52:09  841,689/1,000,000  19.7/s  upd=21447  L=0.0120  D=0.311
[regir_r1] 11:52:20  842,235/1,000,000  19.7/s  upd=21463  L=0.0095  D=0.311
[regir_r1] 11:52:30  842,767/1,000,000  19.7/s  upd=21479  L=0.0102  D=0.311
[regir_r1] 11:52:41  843,356/1,000,000  19.7/s  upd=21496  L=0.0123  D=0.311
[regir_r1] 11:52:51  843,981/1,000,000  19.7/s  upd=21508  L=0.0217  D=0.311
[regir_r1] 11:53:01  844,610/1,000,000  19.7/s  upd=21523  L=0.0094  D=0.311
[regir_r1] 11:53:11  845,238/1,000,000  19.8/s  upd=21537  L=0.0141  D=0.311
[regir_r1] 11:53:22  845,560/1,000,000  19.8/s  upd=21547  L=0.0162  D=0.311
[regir_r1] 11:53:32  845,864/1,000,000  19.8/s  upd=21557  L=0.0113  D=0.311
[regir_r1] 11:53:42  846,168/1,000,000  19.8/s  upd=21568  L=0.0172  D=0.311
[regir_r1] 11:53:52  846,461/1,000,000  19.8/s  upd=21576  L=0.0135  D=0.311
[regir_r1] 11:54:03  846,825/1,000,000  19.8/s  upd=21580  L=0.0292  D=0.311
[regir_r1] 11:54:13  847,084/1,000,000  19.8/s  upd=21591  L=0.0198  D=0.311
[regir_r1] 11:54:24  847,395/1,000,000  19.8/s  upd=21597  L=0.0143  D=0.311
[regir_r1] 11:54:34  847,706/1,000,000  19.8/s  upd=21603  L=0.0267  D=0.311
[regir_r1] 11:54:44  848,025/1,000,000  19.8/s  upd=21615  L=0.0133  D=0.311
[regir_r1] 11:54:54  848,642/1,000,000  19.8/s  upd=21632  L=0.0174  D=0.311
[regir_r1] 11:55:05  849,303/1,000,000  19.8/s  upd=21644  L=0.0210  D=0.311
[regir_r1] 11:55:15  849,902/1,000,000  19.8/s  upd=21657  L=0.0146  D=0.311
[regir_r1] 11:55:26  850,208/1,000,000  19.8/s  upd=21666  L=0.0137  D=0.311
[regir_r1] 11:55:36  850,517/1,000,000  19.8/s  upd=21675  L=0.0126  D=0.311
[regir_r1] 11:55:46  850,792/1,000,000  19.8/s  upd=21688  L=0.0163  D=0.311
[regir_r1] 11:55:57  851,450/1,000,000  19.8/s  upd=21701  L=0.0215  D=0.311
[regir_r1] 11:56:07  852,083/1,000,000  19.8/s  upd=21715  L=0.0206  D=0.311
[regir_r1] 11:56:17  852,383/1,000,000  19.8/s  upd=21728  L=0.0096  D=0.311
[regir_r1] 11:56:27  852,992/1,000,000  19.8/s  upd=21738  L=0.0100  D=0.311
[regir_r1] 11:56:37  853,327/1,000,000  19.8/s  upd=21749  L=0.0109  D=0.311
[regir_r1] 11:58:48  853,327/1,000,000  19.8/s  upd=21752  L=0.0134  D=0.311
[regir_r1] saved resume t_env=853,655
[regir_r1] 11:58:59  853,655/1,000,000  19.8/s  upd=21760  L=0.0198  D=0.311
[regir_r1] 11:59:09  854,270/1,000,000  19.8/s  upd=21770  L=0.0143  D=0.311
[regir_r1] 11:59:19  854,589/1,000,000  19.8/s  upd=21779  L=0.0221  D=0.311
[regir_r1] 11:59:29  854,880/1,000,000  19.8/s  upd=21789  L=0.0121  D=0.311
[regir_r1] 11:59:39  855,172/1,000,000  19.8/s  upd=21800  L=0.0122  D=0.311
[regir_r1] 11:59:49  855,507/1,000,000  19.8/s  upd=21808  L=0.0161  D=0.311
[regir_r1] 12:00:00  855,821/1,000,000  19.8/s  upd=21816  L=0.0141  D=0.311
[regir_r1] 12:00:10  856,130/1,000,000  19.8/s  upd=21824  L=0.0128  D=0.311
[regir_r1] 12:00:20  856,438/1,000,000  19.8/s  upd=21832  L=0.0088  D=0.311
[regir_r1] 12:00:30  856,730/1,000,000  19.8/s  upd=21840  L=0.0120  D=0.311
[regir_r1] 12:00:40  857,030/1,000,000  19.8/s  upd=21848  L=0.0172  D=0.311
[regir_r1] 12:00:50  857,317/1,000,000  19.8/s  upd=21856  L=0.0135  D=0.311
[regir_r1] 12:01:00  857,933/1,000,000  19.8/s  upd=21865  L=0.0138  D=0.311
[regir_r1] 12:01:11  858,258/1,000,000  19.8/s  upd=21875  L=0.0212  D=0.311
[regir_r1] 12:01:21  858,586/1,000,000  19.8/s  upd=21887  L=0.0102  D=0.311
[regir_r1] 12:01:31  859,204/1,000,000  19.8/s  upd=21901  L=0.0136  D=0.311
[regir_r1] 12:01:42  859,744/1,000,000  19.9/s  upd=21917  L=0.0236  D=0.311
[regir_r1] saved resume t_env=860,065
[regir_r1] 12:02:09  860,065/1,000,000  19.8/s  upd=21928  L=0.0297  ev=0/100  D=0.311
[regir_r1] 12:02:19  860,065/1,000,000  19.8/s  upd=21928  L=0.0297  ev=24/100  D=0.311
[regir_r1] 12:02:29  860,065/1,000,000  19.8/s  upd=21928  L=0.0297  ev=40/100  D=0.311
[regir_r1] 12:02:39  860,065/1,000,000  19.8/s  upd=21928  L=0.0297  ev=64/100  D=0.311
[regir_r1] 12:02:49  860,065/1,000,000  19.8/s  upd=21928  L=0.0297  ev=88/100  D=0.311
[regir_r1] 12:04:56  860,065/1,000,000  19.8/s  upd=21928  L=0.0297  D=2.041
[regir_r1] 12:07:28  860,065/1,000,000  19.7/s  upd=21928  L=0.0297  D=2.041
[regir_r1] 12:07:38  860,673/1,000,000  19.7/s  upd=21943  L=0.0118  D=2.041
[regir_r1] 12:07:48  861,353/1,000,000  19.7/s  upd=21956  L=0.0156  D=2.041
[regir_r1] 12:07:58  861,682/1,000,000  19.7/s  upd=21968  L=0.0138  D=2.041
[regir_r1] 12:08:08  862,327/1,000,000  19.7/s  upd=21979  L=0.0107  D=2.041
[regir_r1] 12:08:18  862,652/1,000,000  19.7/s  upd=21991  L=0.0152  D=2.041
[regir_r1] 12:08:28  863,014/1,000,000  19.7/s  upd=21999  L=0.0106  D=2.041
[regir_r1] 12:08:38  863,308/1,000,000  19.7/s  upd=22008  L=0.0224  D=2.041
[regir_r1] 12:08:49  863,604/1,000,000  19.7/s  upd=22016  L=0.0169  D=2.041
[regir_r1] 12:08:59  863,870/1,000,000  19.8/s  upd=22024  L=0.0119  D=2.041
[regir_r1] 12:09:09  864,485/1,000,000  19.8/s  upd=22035  L=0.0157  D=2.041
[regir_r1] 12:09:20  865,133/1,000,000  19.8/s  upd=22049  L=0.0155  D=2.041
[regir_r1] 12:09:30  865,425/1,000,000  19.8/s  upd=22064  L=0.0131  D=2.041
[regir_r1] 12:09:40  866,005/1,000,000  19.8/s  upd=22077  L=0.0135  D=2.041
[regir_r1] 12:09:51  866,593/1,000,000  19.8/s  upd=22094  L=0.0115  D=2.041
[regir_r1] 12:10:01  867,257/1,000,000  19.8/s  upd=22108  L=0.0133  D=2.041
[regir_r1] 12:10:11  867,901/1,000,000  19.8/s  upd=22123  L=0.0118  D=2.041
[regir_r1] 12:10:22  868,501/1,000,000  19.8/s  upd=22138  L=0.0165  D=2.041
[regir_r1] 12:10:32  869,080/1,000,000  19.8/s  upd=22154  L=0.0215  D=2.041
[regir_r1] 12:10:43  869,672/1,000,000  19.8/s  upd=22169  L=0.0111  D=2.041
[regir_r1] 12:10:53  870,283/1,000,000  19.8/s  upd=22186  L=0.0139  D=2.041
[regir_r1] 12:11:04  870,942/1,000,000  19.9/s  upd=22204  L=0.0140  D=2.041
[regir_r1] 12:11:14  871,204/1,000,000  19.9/s  upd=22216  L=0.0099  D=2.041
[regir_r1] 12:11:24  871,477/1,000,000  19.9/s  upd=22224  L=0.0133  D=2.041
[regir_r1] 12:11:34  872,071/1,000,000  19.9/s  upd=22233  L=0.0153  D=2.041
[regir_r1] 12:11:44  872,381/1,000,000  19.9/s  upd=22244  L=0.0161  D=2.041
[regir_r1] saved resume t_env=872,680
[regir_r1] 12:11:56  872,680/1,000,000  19.9/s  upd=22256  L=0.0128  D=2.041
[regir_r1] 12:12:07  873,272/1,000,000  19.9/s  upd=22266  L=0.0168  D=2.041
[regir_r1] 12:12:17  873,593/1,000,000  19.9/s  upd=22278  L=0.0097  D=2.041
[regir_r1] 12:12:27  873,861/1,000,000  19.9/s  upd=22288  L=0.0108  D=2.041
[regir_r1] 12:14:10  874,177/1,000,000  19.8/s  upd=22296  L=0.0202  D=2.041
[regir_r1] 12:14:20  874,468/1,000,000  19.8/s  upd=22302  L=0.0184  D=2.041
[regir_r1] 12:14:30  874,768/1,000,000  19.8/s  upd=22312  L=0.0109  D=2.041
[regir_r1] 12:14:40  875,124/1,000,000  19.9/s  upd=22320  L=0.0139  D=2.041
[regir_r1] 12:14:51  875,710/1,000,000  19.9/s  upd=22332  L=0.0179  D=2.041
[regir_r1] 12:15:01  876,008/1,000,000  19.9/s  upd=22344  L=0.0089  D=2.041
[regir_r1] 12:15:11  876,304/1,000,000  19.9/s  upd=22352  L=0.0126  D=2.041
[regir_r1] 12:15:21  876,886/1,000,000  19.9/s  upd=22361  L=0.0127  D=2.041
[regir_r1] 12:15:32  877,216/1,000,000  19.9/s  upd=22370  L=0.0083  D=2.041
[regir_r1] 12:15:42  877,519/1,000,000  19.9/s  upd=22381  L=0.0238  D=2.041
[regir_r1] 12:15:52  877,822/1,000,000  19.9/s  upd=22392  L=0.0166  D=2.041
[regir_r1] 12:16:02  878,431/1,000,000  19.9/s  upd=22403  L=0.0144  D=2.041
[regir_r1] 12:16:12  878,749/1,000,000  19.9/s  upd=22415  L=0.0123  D=2.041
[regir_r1] 12:16:22  879,327/1,000,000  19.9/s  upd=22427  L=0.0101  D=2.041
[regir_r1] 12:16:32  879,983/1,000,000  19.9/s  upd=22445  L=0.0172  D=2.041
[regir_r1] saved resume t_env=880,276
[regir_r1] 12:16:58  880,276/1,000,000  19.9/s  upd=22456  L=0.0132  ev=0/100  D=2.041
[regir_r1] 12:17:08  880,276/1,000,000  19.9/s  upd=22456  L=0.0132  ev=64/100  D=2.041
[regir_r1] 12:19:17  880,276/1,000,000  19.8/s  upd=22456  L=0.0132  D=0.542
[regir_r1] 12:21:20  880,276/1,000,000  19.8/s  upd=22456  L=0.0132  D=0.542
[regir_r1] 12:21:31  880,588/1,000,000  19.8/s  upd=22462  L=0.0139  D=0.542
[regir_r1] 12:21:41  880,874/1,000,000  19.8/s  upd=22471  L=0.0118  D=0.542
[regir_r1] 12:21:51  881,187/1,000,000  19.8/s  upd=22477  L=0.0184  D=0.542
[regir_r1] 12:22:02  881,470/1,000,000  19.8/s  upd=22486  L=0.0099  D=0.542
[regir_r1] 12:22:12  881,781/1,000,000  19.8/s  upd=22495  L=0.0246  D=0.542
[regir_r1] 12:22:23  882,122/1,000,000  19.8/s  upd=22500  L=0.0190  D=0.542
[regir_r1] 12:22:33  882,433/1,000,000  19.8/s  upd=22506  L=0.0111  D=0.542
[regir_r1] 12:22:44  882,706/1,000,000  19.8/s  upd=22516  L=0.0159  D=0.542
[regir_r1] 12:22:54  882,996/1,000,000  19.8/s  upd=22523  L=0.0125  D=0.542
[regir_r1] 12:23:05  883,284/1,000,000  19.8/s  upd=22536  L=0.0117  D=0.542
[regir_r1] 12:23:16  883,867/1,000,000  19.8/s  upd=22546  L=0.0314  D=0.542
[regir_r1] 12:23:26  884,164/1,000,000  19.8/s  upd=22557  L=0.0110  D=0.542
[regir_r1] 12:23:36  884,443/1,000,000  19.8/s  upd=22561  L=0.0130  D=0.542
[regir_r1] 12:23:47  884,443/1,000,000  19.8/s  upd=22568  L=0.0111  D=0.542
[regir_r1] 12:23:57  884,749/1,000,000  19.8/s  upd=22576  L=0.0129  D=0.542
[regir_r1] 12:24:07  885,335/1,000,000  19.8/s  upd=22586  L=0.0199  D=0.542
[regir_r1] 12:24:17  885,700/1,000,000  19.8/s  upd=22598  L=0.0130  D=0.542
[regir_r1] 12:24:27  886,051/1,000,000  19.8/s  upd=22607  L=0.0113  D=0.542
[regir_r1] 12:24:37  886,352/1,000,000  19.8/s  upd=22616  L=0.0090  D=0.542
[regir_r1] 12:24:48  886,931/1,000,000  19.8/s  upd=22630  L=0.0104  D=0.542
[regir_r1] 12:24:59  887,484/1,000,000  19.9/s  upd=22647  L=0.0151  D=0.542
[regir_r1] 12:25:09  887,804/1,000,000  19.9/s  upd=22656  L=0.0145  D=0.542
[regir_r1] 12:25:19  888,422/1,000,000  19.9/s  upd=22665  L=0.0142  D=0.542
[regir_r1] 12:25:29  888,689/1,000,000  19.9/s  upd=22677  L=0.0143  D=0.542
[regir_r1] 12:25:40  888,993/1,000,000  19.9/s  upd=22687  L=0.0138  D=0.542
[regir_r1] 12:25:50  889,275/1,000,000  19.9/s  upd=22696  L=0.0245  D=0.542
[regir_r1] 12:26:00  889,565/1,000,000  19.9/s  upd=22704  L=0.0126  D=0.542
[regir_r1] 12:26:11  890,432/1,000,000  19.9/s  upd=22727  L=0.0113  D=0.542
[regir_r1] 12:26:21  891,356/1,000,000  19.9/s  upd=22751  L=0.0109  D=0.542
[regir_r1] 12:28:03  891,356/1,000,000  19.9/s  upd=22752  L=0.0127  D=0.542
[regir_r1] saved resume t_env=891,626
[regir_r1] 12:28:13  891,626/1,000,000  19.9/s  upd=22760  L=0.0178  D=0.542
[regir_r1] 12:28:24  892,221/1,000,000  19.9/s  upd=22770  L=0.0116  D=0.542
[regir_r1] 12:28:34  892,522/1,000,000  19.9/s  upd=22781  L=0.0103  D=0.542
[regir_r1] 12:28:45  892,848/1,000,000  19.9/s  upd=22792  L=0.0129  D=0.542
[regir_r1] 12:28:55  893,419/1,000,000  19.9/s  upd=22802  L=0.0139  D=0.542
[regir_r1] 12:29:05  893,697/1,000,000  19.9/s  upd=22815  L=0.0113  D=0.542
[regir_r1] 12:29:16  893,993/1,000,000  19.9/s  upd=22824  L=0.0122  D=0.542
[regir_r1] 12:29:26  894,566/1,000,000  19.9/s  upd=22834  L=0.0233  D=0.542
[regir_r1] 12:29:36  894,892/1,000,000  19.9/s  upd=22847  L=0.0164  D=0.542
[regir_r1] 12:29:46  895,183/1,000,000  19.9/s  upd=22856  L=0.0099  D=0.542
[regir_r1] 12:29:57  895,475/1,000,000  19.9/s  upd=22864  L=0.0119  D=0.542
[regir_r1] 12:30:07  895,791/1,000,000  19.9/s  upd=22872  L=0.0134  D=0.542
[regir_r1] 12:30:17  896,087/1,000,000  19.9/s  upd=22880  L=0.0139  D=0.542
[regir_r1] 12:30:27  896,677/1,000,000  19.9/s  upd=22891  L=0.0146  D=0.542
[regir_r1] 12:30:37  896,969/1,000,000  19.9/s  upd=22904  L=0.0132  D=0.542
[regir_r1] 12:30:47  897,264/1,000,000  19.9/s  upd=22912  L=0.0121  D=0.542
[regir_r1] 12:30:57  897,851/1,000,000  19.9/s  upd=22922  L=0.0090  D=0.542
[regir_r1] 12:31:08  898,139/1,000,000  19.9/s  upd=22933  L=0.0140  D=0.542
[regir_r1] 12:31:18  898,435/1,000,000  19.9/s  upd=22944  L=0.0134  D=0.542
[regir_r1] 12:31:28  899,001/1,000,000  19.9/s  upd=22954  L=0.0261  D=0.542
[regir_r1] 12:31:38  899,278/1,000,000  19.9/s  upd=22967  L=0.0109  D=0.542
[regir_r1] 12:31:49  899,550/1,000,000  19.9/s  upd=22976  L=0.0110  D=0.542
[regir_r1] 12:31:59  899,828/1,000,000  19.9/s  upd=22981  L=0.0105  D=0.542
[regir_r1] 12:32:09  900,129/1,000,000  19.9/s  upd=22986  L=0.0100  D=0.542
[regir_r1] saved resume t_env=900,129
[regir_r1] 12:32:32  900,129/1,000,000  19.9/s  upd=22992  L=0.0104  ev=0/100  D=0.542
[regir_r1] 12:32:42  900,129/1,000,000  19.9/s  upd=22992  L=0.0104  ev=17/100  D=0.542
[regir_r1] 12:32:52  900,129/1,000,000  19.9/s  upd=22992  L=0.0104  ev=47/100  D=0.542
[regir_r1] 12:33:02  900,129/1,000,000  19.9/s  upd=22992  L=0.0104  ev=71/100  D=0.542
[regir_r1] 12:35:43  900,129/1,000,000  19.9/s  upd=22992  L=0.0104  D=0.491
[regir_r1] 12:39:19  900,129/1,000,000  19.8/s  upd=22992  L=0.0104  D=0.491
[regir_r1] 12:39:29  900,753/1,000,000  19.8/s  upd=23005  L=0.0131  D=0.491
[regir_r1] 12:39:40  901,353/1,000,000  19.8/s  upd=23022  L=0.0123  D=0.491
[regir_r1] 12:39:50  901,962/1,000,000  19.8/s  upd=23036  L=0.0154  D=0.491
[regir_r1] 12:40:00  902,529/1,000,000  19.8/s  upd=23049  L=0.0116  D=0.491
[regir_r1] 12:40:11  902,823/1,000,000  19.8/s  upd=23063  L=0.0171  D=0.491
[regir_r1] 12:40:21  903,123/1,000,000  19.8/s  upd=23072  L=0.0131  D=0.491
[regir_r1] 12:40:31  903,430/1,000,000  19.8/s  upd=23080  L=0.0120  D=0.491
[regir_r1] 12:40:41  903,732/1,000,000  19.8/s  upd=23088  L=0.0105  D=0.491
[regir_r1] 12:40:51  904,026/1,000,000  19.8/s  upd=23094  L=0.0099  D=0.491
[regir_r1] 12:41:02  904,318/1,000,000  19.8/s  upd=23099  L=0.0117  D=0.491
[regir_r1] 12:41:12  904,603/1,000,000  19.8/s  upd=23110  L=0.0141  D=0.491
[regir_r1] 12:41:22  904,913/1,000,000  19.8/s  upd=23113  L=0.0139  D=0.491
[regir_r1] 12:41:32  904,913/1,000,000  19.8/s  upd=23120  L=0.0171  D=0.491
[regir_r1] 12:41:42  905,200/1,000,000  19.8/s  upd=23128  L=0.0120  D=0.491
[regir_r1] 12:41:53  905,489/1,000,000  19.8/s  upd=23136  L=0.0129  D=0.491
[regir_r1] 12:42:03  905,783/1,000,000  19.8/s  upd=23144  L=0.0086  D=0.491
[regir_r1] 12:42:13  906,090/1,000,000  19.8/s  upd=23152  L=0.0164  D=0.491
[regir_r1] saved resume t_env=906,374
[regir_r1] 12:42:25  906,374/1,000,000  19.8/s  upd=23160  L=0.0110  D=0.491
[regir_r1] 12:42:35  906,639/1,000,000  19.8/s  upd=23167  L=0.0149  D=0.491
[regir_r1] 12:42:45  906,912/1,000,000  19.8/s  upd=23176  L=0.0115  D=0.491
[regir_r1] 12:42:55  907,181/1,000,000  19.8/s  upd=23184  L=0.0144  D=0.491
[regir_r1] 12:43:05  907,449/1,000,000  19.8/s  upd=23192  L=0.0144  D=0.491
[regir_r1] 12:43:16  907,744/1,000,000  19.8/s  upd=23194  L=0.0159  D=0.491
[regir_r1] 12:43:26  908,023/1,000,000  19.8/s  upd=23203  L=0.0075  D=0.491
[regir_r1] 12:43:37  908,366/1,000,000  19.8/s  upd=23214  L=0.0123  D=0.491
[regir_r1] 12:43:47  908,666/1,000,000  19.8/s  upd=23223  L=0.0121  D=0.491
[regir_r1] 12:43:57  909,003/1,000,000  19.8/s  upd=23232  L=0.0113  D=0.491
[regir_r1] 12:44:07  909,573/1,000,000  19.8/s  upd=23243  L=0.0122  D=0.491
[regir_r1] 12:44:18  909,851/1,000,000  19.8/s  upd=23252  L=0.0178  D=0.491
[regir_r1] 12:45:01  909,851/1,000,000  19.8/s  upd=23256  L=0.0243  D=0.491
[regir_r1] 12:45:11  910,549/1,000,000  19.8/s  upd=23270  L=0.0130  D=0.491
[regir_r1] 12:45:22  911,067/1,000,000  19.8/s  upd=23284  L=0.0129  D=0.491
[regir_r1] 12:45:32  911,682/1,000,000  19.8/s  upd=23303  L=0.0191  D=0.491
[regir_r1] 12:45:42  912,527/1,000,000  19.9/s  upd=23325  L=0.0158  D=0.491
[regir_r1] 12:45:52  913,366/1,000,000  19.9/s  upd=23350  L=0.0162  D=0.491
[regir_r1] 12:46:02  914,197/1,000,000  19.9/s  upd=23375  L=0.0130  D=0.491
[regir_r1] 12:46:12  915,029/1,000,000  19.9/s  upd=23400  L=0.0125  D=0.491
[regir_r1] 12:46:23  915,943/1,000,000  19.9/s  upd=23424  L=0.0143  D=0.491
[regir_r1] 12:46:33  916,857/1,000,000  19.9/s  upd=23446  L=0.0106  D=0.491
[regir_r1] 12:46:43  917,388/1,000,000  19.9/s  upd=23462  L=0.0091  D=0.491
[regir_r1] 12:46:53  917,990/1,000,000  20.0/s  upd=23477  L=0.0114  D=0.491
[regir_r1] 12:47:03  918,544/1,000,000  20.0/s  upd=23491  L=0.0121  D=0.491
[regir_r1] 12:47:14  918,814/1,000,000  20.0/s  upd=23501  L=0.0111  D=0.491
[regir_r1] 12:47:24  919,101/1,000,000  20.0/s  upd=23512  L=0.0118  D=0.491
[regir_r1] 12:47:35  919,691/1,000,000  20.0/s  upd=23523  L=0.0195  D=0.491
[regir_r1] 12:47:45  919,975/1,000,000  20.0/s  upd=23534  L=0.0134  D=0.491
[regir_r1] saved resume t_env=920,244
[regir_r1] 12:48:13  920,244/1,000,000  20.0/s  upd=23544  L=0.0093  ev=0/100  D=0.491
[regir_r1] 12:48:23  920,244/1,000,000  20.0/s  upd=23544  L=0.0093  ev=11/100  D=0.491
[regir_r1] 12:48:33  920,244/1,000,000  20.0/s  upd=23544  L=0.0093  ev=29/100  D=0.491
[regir_r1] 12:48:44  920,244/1,000,000  20.0/s  upd=23544  L=0.0093  ev=48/100  D=0.491
[regir_r1] 12:48:54  920,244/1,000,000  19.9/s  upd=23544  L=0.0093  ev=63/100  D=0.491
[regir_r1] 12:49:04  920,244/1,000,000  19.9/s  upd=23544  L=0.0093  ev=80/100  D=0.491
[regir_r1] 12:50:38  920,244/1,000,000  19.9/s  upd=23544  L=0.0093  D=0.404
[regir_r1] 12:51:40  920,244/1,000,000  19.9/s  upd=23544  L=0.0093  D=0.404
[regir_r1] 12:51:50  920,539/1,000,000  19.9/s  upd=23552  L=0.0158  D=0.404
[regir_r1] 12:52:01  921,142/1,000,000  19.9/s  upd=23562  L=0.0074  D=0.404
[regir_r1] 12:52:11  921,402/1,000,000  19.9/s  upd=23571  L=0.0135  D=0.404
[regir_r1] 12:52:22  921,674/1,000,000  19.9/s  upd=23584  L=0.0274  D=0.404
[regir_r1] 12:52:32  922,223/1,000,000  19.9/s  upd=23594  L=0.0102  D=0.404
[regir_r1] 12:52:42  922,223/1,000,000  19.9/s  upd=23600  L=0.0160  D=0.404
[regir_r1] 12:52:52  922,860/1,000,000  19.9/s  upd=23609  L=0.0097  D=0.404
[regir_r1] 12:53:03  923,160/1,000,000  19.9/s  upd=23618  L=0.0116  D=0.404
[regir_r1] 12:53:14  923,729/1,000,000  19.9/s  upd=23634  L=0.0160  D=0.404
[regir_r1] 12:53:24  924,303/1,000,000  19.9/s  upd=23649  L=0.0100  D=0.404
[regir_r1] 12:53:34  924,837/1,000,000  19.9/s  upd=23666  L=0.0209  D=0.404
[regir_r1] 12:53:44  925,418/1,000,000  19.9/s  upd=23684  L=0.0102  D=0.404
[regir_r1] 12:53:55  926,032/1,000,000  19.9/s  upd=23699  L=0.0112  D=0.404
[regir_r1] 12:54:05  926,638/1,000,000  20.0/s  upd=23714  L=0.0126  D=0.404
[regir_r1] 12:54:15  927,226/1,000,000  20.0/s  upd=23733  L=0.0129  D=0.404
[regir_r1] 12:54:25  927,537/1,000,000  20.0/s  upd=23743  L=0.0151  D=0.404
[regir_r1] 12:54:35  927,826/1,000,000  20.0/s  upd=23752  L=0.0166  D=0.404
[regir_r1] 12:54:45  928,063/1,000,000  20.0/s  upd=23760  L=0.0163  D=0.404
[regir_r1] 12:54:55  928,409/1,000,000  20.0/s  upd=23768  L=0.0254  D=0.404
[regir_r1] 12:55:06  928,684/1,000,000  20.0/s  upd=23776  L=0.0165  D=0.404
[regir_r1] 12:55:16  928,963/1,000,000  20.0/s  upd=23784  L=0.0216  D=0.404
[regir_r1] 12:55:26  929,552/1,000,000  20.0/s  upd=23793  L=0.0197  D=0.404
[regir_r1] 12:55:36  929,859/1,000,000  20.0/s  upd=23803  L=0.0280  D=0.404
[regir_r1] 12:55:46  929,859/1,000,000  20.0/s  upd=23808  L=0.0214  D=0.404
[regir_r1] 12:55:56  930,518/1,000,000  20.0/s  upd=23820  L=0.0221  D=0.404
[regir_r1] 12:56:07  930,826/1,000,000  20.0/s  upd=23832  L=0.0163  D=0.404
[regir_r1] 12:56:17  931,428/1,000,000  20.0/s  upd=23841  L=0.0135  D=0.404
[regir_r1] 12:56:27  931,710/1,000,000  20.0/s  upd=23852  L=0.0171  D=0.404
[regir_r1] 12:56:37  932,028/1,000,000  20.0/s  upd=23863  L=0.0142  D=0.404
[regir_r1] 12:58:23  932,339/1,000,000  20.0/s  upd=23872  L=0.0138  D=0.404
[regir_r1] saved resume t_env=932,673
[regir_r1] 12:58:33  932,673/1,000,000  20.0/s  upd=23880  L=0.0246  D=0.404
[regir_r1] 12:58:44  932,977/1,000,000  20.0/s  upd=23883  L=0.0368  D=0.404
[regir_r1] 12:58:54  932,977/1,000,000  20.0/s  upd=23888  L=0.0126  D=0.404
[regir_r1] 12:59:05  933,596/1,000,000  20.0/s  upd=23900  L=0.0188  D=0.404
[regir_r1] 12:59:16  933,907/1,000,000  20.0/s  upd=23908  L=0.0187  D=0.404
[regir_r1] 12:59:26  934,241/1,000,000  20.0/s  upd=23913  L=0.0163  D=0.404
[regir_r1] 12:59:36  934,551/1,000,000  20.0/s  upd=23926  L=0.0161  D=0.404
[regir_r1] 12:59:46  934,856/1,000,000  20.0/s  upd=23936  L=0.0168  D=0.404
[regir_r1] 12:59:57  935,531/1,000,000  20.0/s  upd=23945  L=0.0410  D=0.404
[regir_r1] 13:00:07  935,857/1,000,000  20.0/s  upd=23960  L=0.0185  D=0.404
[regir_r1] 13:00:17  936,166/1,000,000  20.0/s  upd=23968  L=0.0217  D=0.404
[regir_r1] 13:00:28  936,741/1,000,000  20.0/s  upd=23979  L=0.0170  D=0.404
[regir_r1] 13:00:38  937,045/1,000,000  20.0/s  upd=23992  L=0.0164  D=0.404
[regir_r1] 13:00:48  937,324/1,000,000  20.0/s  upd=24000  L=0.0156  D=0.404
[regir_r1] 13:00:58  937,913/1,000,000  20.0/s  upd=24011  L=0.0156  D=0.404
[regir_r1] 13:01:08  938,249/1,000,000  20.0/s  upd=24024  L=0.0186  D=0.404
[regir_r1] 13:01:19  938,587/1,000,000  20.0/s  upd=24032  L=0.0142  D=0.404
[regir_r1] 13:01:29  938,968/1,000,000  20.0/s  upd=24040  L=0.0162  D=0.404
[regir_r1] 13:01:39  939,251/1,000,000  20.0/s  upd=24048  L=0.0122  D=0.404
[regir_r1] 13:01:49  939,837/1,000,000  20.0/s  upd=24059  L=0.0117  D=0.404
[regir_r1] 13:01:59  940,114/1,000,000  20.0/s  upd=24072  L=0.0188  D=0.404
[regir_r1] saved resume t_env=940,114
[regir_r1] 13:02:19  940,114/1,000,000  20.0/s  upd=24072  L=0.0188  ev=0/100  D=0.404
[regir_r1] 13:02:29  940,114/1,000,000  20.0/s  upd=24072  L=0.0188  ev=30/100  D=0.404
[regir_r1] 13:02:39  940,114/1,000,000  20.0/s  upd=24072  L=0.0188  ev=56/100  D=0.404
[regir_r1] 13:02:49  940,114/1,000,000  20.0/s  upd=24072  L=0.0188  ev=80/100  D=0.404
[regir_r1] 13:04:23  940,114/1,000,000  20.0/s  upd=24072  L=0.0188  D=0.601
[regir_r1] 13:05:54  940,114/1,000,000  19.9/s  upd=24072  L=0.0188  D=0.601
[regir_r1] 13:06:05  940,622/1,000,000  19.9/s  upd=24087  L=0.0155  D=0.601
[regir_r1] 13:06:15  941,414/1,000,000  20.0/s  upd=24109  L=0.0135  D=0.601
[regir_r1] 13:06:25  942,335/1,000,000  20.0/s  upd=24133  L=0.0114  D=0.601
[regir_r1] 13:06:35  943,241/1,000,000  20.0/s  upd=24155  L=0.0128  D=0.601
[regir_r1] 13:06:45  944,095/1,000,000  20.0/s  upd=24177  L=0.0118  D=0.601
[regir_r1] 13:06:55  944,641/1,000,000  20.0/s  upd=24200  L=0.0141  D=0.601
[regir_r1] 13:07:05  945,474/1,000,000  20.0/s  upd=24222  L=0.0185  D=0.601
[regir_r1] 13:07:15  946,377/1,000,000  20.0/s  upd=24242  L=0.0145  D=0.601
[regir_r1] 13:07:25  946,917/1,000,000  20.0/s  upd=24264  L=0.0175  D=0.601
[regir_r1] 13:07:36  947,803/1,000,000  20.1/s  upd=24286  L=0.0109  D=0.601
[regir_r1] 13:07:46  948,674/1,000,000  20.1/s  upd=24308  L=0.0160  D=0.601
[regir_r1] 13:07:57  949,450/1,000,000  20.1/s  upd=24331  L=0.0206  D=0.601
[regir_r1] 13:08:07  950,384/1,000,000  20.1/s  upd=24353  L=0.0108  D=0.601
[regir_r1] 13:08:17  950,940/1,000,000  20.1/s  upd=24374  L=0.0129  D=0.601
[regir_r1] 13:08:27  951,791/1,000,000  20.1/s  upd=24397  L=0.0163  D=0.601
[regir_r1] 13:08:38  952,391/1,000,000  20.1/s  upd=24414  L=0.0115  D=0.601
[regir_r1] 13:08:48  952,962/1,000,000  20.1/s  upd=24428  L=0.0119  D=0.601
[regir_r1] 13:08:59  953,547/1,000,000  20.1/s  upd=24446  L=0.0141  D=0.601
[regir_r1] 13:09:09  954,217/1,000,000  20.2/s  upd=24462  L=0.0153  D=0.601
[regir_r1] 13:09:19  954,839/1,000,000  20.2/s  upd=24476  L=0.0106  D=0.601
[regir_r1] 13:09:29  955,448/1,000,000  20.2/s  upd=24492  L=0.0143  D=0.601
[regir_r1] 13:09:39  955,754/1,000,000  20.2/s  upd=24504  L=0.0099  D=0.601
[regir_r1] 13:09:50  956,291/1,000,000  20.2/s  upd=24516  L=0.0159  D=0.601
[regir_r1] 13:10:00  956,578/1,000,000  20.2/s  upd=24528  L=0.0244  D=0.601
[regir_r1] 13:10:11  957,183/1,000,000  20.2/s  upd=24538  L=0.0146  D=0.601
[regir_r1] 13:10:21  957,468/1,000,000  20.2/s  upd=24550  L=0.0178  D=0.601
[regir_r1] 13:10:31  957,740/1,000,000  20.2/s  upd=24560  L=0.0197  D=0.601
[regir_r1] 13:10:42  958,324/1,000,000  20.2/s  upd=24572  L=0.0159  D=0.601
[regir_r1] 13:10:52  958,629/1,000,000  20.2/s  upd=24583  L=0.0139  D=0.601
[regir_r1] 13:13:09  958,948/1,000,000  20.2/s  upd=24592  L=0.0103  D=0.601
[regir_r1] saved resume t_env=959,244
[regir_r1] 13:13:19  959,244/1,000,000  20.2/s  upd=24600  L=0.0180  D=0.601
[regir_r1] 13:13:29  959,850/1,000,000  20.2/s  upd=24612  L=0.0120  D=0.601
[regir_r1] 13:13:40  960,143/1,000,000  20.2/s  upd=24621  L=0.0157  D=0.601
[regir_r1] saved resume t_env=960,143
[regir_r1] 13:14:00  960,143/1,000,000  20.2/s  upd=24624  L=0.0170  ev=0/100  D=0.601
[regir_r1] 13:14:10  960,143/1,000,000  20.1/s  upd=24624  L=0.0170  ev=72/100  D=0.601
[regir_r1] 13:16:13  960,143/1,000,000  20.1/s  upd=24624  L=0.0170  D=0.291
[regir_r1] 13:16:24  960,431/1,000,000  20.1/s  upd=24632  L=0.0153  D=0.291
[regir_r1] 13:16:34  961,021/1,000,000  20.1/s  upd=24642  L=0.0184  D=0.291
[regir_r1] 13:16:44  961,328/1,000,000  20.1/s  upd=24653  L=0.0157  D=0.291
[regir_r1] 13:16:55  961,622/1,000,000  20.1/s  upd=24663  L=0.0133  D=0.291
[regir_r1] 13:17:05  961,900/1,000,000  20.1/s  upd=24672  L=0.0157  D=0.291
[regir_r1] 13:17:15  962,537/1,000,000  20.1/s  upd=24682  L=0.0101  D=0.291
[regir_r1] 13:17:26  962,817/1,000,000  20.1/s  upd=24695  L=0.0115  D=0.291
[regir_r1] 13:17:36  963,104/1,000,000  20.1/s  upd=24704  L=0.0161  D=0.291
[regir_r1] 13:17:46  963,392/1,000,000  20.1/s  upd=24712  L=0.0147  D=0.291
[regir_r1] 13:17:57  964,003/1,000,000  20.1/s  upd=24723  L=0.0150  D=0.291
[regir_r1] 13:18:07  964,326/1,000,000  20.1/s  upd=24735  L=0.0099  D=0.291
[regir_r1] 13:19:22  964,649/1,000,000  20.1/s  upd=24744  L=0.0178  D=0.291
[regir_r1] 13:19:32  964,952/1,000,000  20.1/s  upd=24752  L=0.0143  D=0.291
[regir_r1] 13:19:42  965,537/1,000,000  20.1/s  upd=24763  L=0.0113  D=0.291
[regir_r1] 13:19:52  965,832/1,000,000  20.1/s  upd=24774  L=0.0153  D=0.291
[regir_r1] 13:20:02  966,139/1,000,000  20.1/s  upd=24784  L=0.0116  D=0.291
[regir_r1] 13:20:13  966,414/1,000,000  20.1/s  upd=24792  L=0.0182  D=0.291
[regir_r1] 13:20:23  967,088/1,000,000  20.1/s  upd=24801  L=0.0126  D=0.291
[regir_r1] 13:20:33  967,365/1,000,000  20.1/s  upd=24815  L=0.0091  D=0.291
[regir_r1] 13:20:43  967,671/1,000,000  20.1/s  upd=24824  L=0.0143  D=0.291
[regir_r1] 13:20:53  967,965/1,000,000  20.1/s  upd=24832  L=0.0325  D=0.291
[regir_r1] 13:21:03  968,319/1,000,000  20.1/s  upd=24840  L=0.0089  D=0.291
[regir_r1] 13:21:13  968,681/1,000,000  20.1/s  upd=24848  L=0.0135  D=0.291
[regir_r1] 13:21:23  969,003/1,000,000  20.2/s  upd=24856  L=0.0078  D=0.291
[regir_r1] 13:21:33  969,658/1,000,000  20.2/s  upd=24868  L=0.0089  D=0.291
[regir_r1] 13:21:44  969,974/1,000,000  20.2/s  upd=24877  L=0.0109  D=0.291
[regir_r1] 13:21:54  970,274/1,000,000  20.2/s  upd=24886  L=0.0119  D=0.291
[regir_r1] 13:22:05  970,889/1,000,000  20.2/s  upd=24903  L=0.0231  D=0.291
[regir_r1] 13:22:15  971,495/1,000,000  20.2/s  upd=24917  L=0.0078  D=0.291
[regir_r1] 13:22:25  972,068/1,000,000  20.2/s  upd=24933  L=0.0100  D=0.291
[regir_r1] 13:22:35  972,693/1,000,000  20.2/s  upd=24947  L=0.0117  D=0.291
[regir_r1] 13:22:46  972,956/1,000,000  20.2/s  upd=24956  L=0.0146  D=0.291
[regir_r1] 13:22:56  973,283/1,000,000  20.2/s  upd=24968  L=0.0085  D=0.291
[regir_r1] 13:23:06  973,614/1,000,000  20.2/s  upd=24976  L=0.0107  D=0.291
[regir_r1] 13:23:17  973,925/1,000,000  20.2/s  upd=24984  L=0.0089  D=0.291
[regir_r1] 13:23:27  974,207/1,000,000  20.2/s  upd=24992  L=0.0099  D=0.291
[regir_r1] 13:23:37  974,537/1,000,000  20.2/s  upd=25000  L=0.0201  D=0.291
[regir_r1] saved resume t_env=974,857
[regir_r1] 13:23:47  974,857/1,000,000  20.2/s  upd=25008  L=0.0221  D=0.291
[regir_r1] 13:23:58  975,144/1,000,000  20.2/s  upd=25016  L=0.0153  D=0.291
[regir_r1] 13:24:08  975,788/1,000,000  20.2/s  upd=25026  L=0.0117  D=0.291
[regir_r1] 13:24:19  976,120/1,000,000  20.2/s  upd=25038  L=0.0134  D=0.291
[regir_r1] 13:25:24  976,414/1,000,000  20.2/s  upd=25048  L=0.0152  D=0.291
[regir_r1] 13:25:34  976,713/1,000,000  20.2/s  upd=25056  L=0.0180  D=0.291
[regir_r1] 13:25:45  977,335/1,000,000  20.2/s  upd=25065  L=0.0144  D=0.291
[regir_r1] 13:25:55  977,615/1,000,000  20.2/s  upd=25078  L=0.0219  D=0.291
[regir_r1] 13:26:05  977,909/1,000,000  20.2/s  upd=25088  L=0.0156  D=0.291
[regir_r1] 13:26:15  978,221/1,000,000  20.2/s  upd=25096  L=0.0081  D=0.291
[regir_r1] 13:26:25  978,507/1,000,000  20.2/s  upd=25104  L=0.0144  D=0.291
[regir_r1] 13:26:36  979,121/1,000,000  20.2/s  upd=25114  L=0.0198  D=0.291
[regir_r1] 13:26:46  979,431/1,000,000  20.2/s  upd=25128  L=0.0103  D=0.291
[regir_r1] 13:26:56  979,746/1,000,000  20.2/s  upd=25136  L=0.0076  D=0.291
[regir_r1] saved resume t_env=980,042
[regir_r1] 13:27:22  980,042/1,000,000  20.2/s  upd=25144  L=0.0108  ev=0/100  D=0.291
[regir_r1] 13:27:32  980,042/1,000,000  20.2/s  upd=25144  L=0.0108  ev=32/100  D=0.291
[regir_r1] 13:27:42  980,042/1,000,000  20.2/s  upd=25144  L=0.0108  ev=51/100  D=0.291
[regir_r1] 13:27:52  980,042/1,000,000  20.2/s  upd=25144  L=0.0108  ev=80/100  D=0.291
[regir_r1] 13:29:01  980,042/1,000,000  20.2/s  upd=25144  L=0.0108  D=0.280
[regir_r1] 13:29:11  980,573/1,000,000  20.2/s  upd=25155  L=0.0177  D=0.280
[regir_r1] 13:29:22  980,905/1,000,000  20.2/s  upd=25166  L=0.0117  D=0.280
[regir_r1] 13:29:32  981,447/1,000,000  20.2/s  upd=25183  L=0.0076  D=0.280
[regir_r1] 13:29:42  981,742/1,000,000  20.2/s  upd=25192  L=0.0089  D=0.280
[regir_r1] 13:29:52  982,279/1,000,000  20.2/s  upd=25206  L=0.0150  D=0.280
[regir_r1] 13:30:03  982,550/1,000,000  20.2/s  upd=25216  L=0.0131  D=0.280
[regir_r1] 13:30:13  983,156/1,000,000  20.2/s  upd=25229  L=0.0101  D=0.280
[regir_r1] 13:30:23  983,464/1,000,000  20.2/s  upd=25240  L=0.0096  D=0.280
[regir_r1] 13:31:39  983,730/1,000,000  20.2/s  upd=25248  L=0.0148  D=0.280
[regir_r1] 13:31:49  984,015/1,000,000  20.2/s  upd=25256  L=0.0153  D=0.280
[regir_r1] 13:31:59  984,297/1,000,000  20.2/s  upd=25264  L=0.0152  D=0.280
[regir_r1] 13:32:09  984,940/1,000,000  20.2/s  upd=25272  L=0.0116  D=0.280
[regir_r1] 13:32:20  985,236/1,000,000  20.2/s  upd=25282  L=0.0106  D=0.280
[regir_r1] 13:32:31  985,551/1,000,000  20.2/s  upd=25290  L=0.0124  D=0.280
[regir_r1] 13:32:41  985,838/1,000,000  20.2/s  upd=25304  L=0.0102  D=0.280
[regir_r1] 13:32:51  986,416/1,000,000  20.2/s  upd=25313  L=0.0202  D=0.280
[regir_r1] 13:33:01  986,736/1,000,000  20.2/s  upd=25327  L=0.0081  D=0.280
[regir_r1] 13:33:11  987,036/1,000,000  20.2/s  upd=25336  L=0.0120  D=0.280
[regir_r1] 13:33:22  987,581/1,000,000  20.2/s  upd=25345  L=0.0192  D=0.280
[regir_r1] 13:33:32  987,901/1,000,000  20.2/s  upd=25357  L=0.0111  D=0.280
[regir_r1] 13:33:42  988,179/1,000,000  20.2/s  upd=25368  L=0.0121  D=0.280
[regir_r1] 13:33:53  988,761/1,000,000  20.2/s  upd=25383  L=0.0110  D=0.280
[regir_r1] 13:34:03  989,333/1,000,000  20.3/s  upd=25398  L=0.0124  D=0.280
[regir_r1] 13:34:13  989,891/1,000,000  20.3/s  upd=25416  L=0.0119  D=0.280
[regir_r1] 13:34:23  990,465/1,000,000  20.3/s  upd=25432  L=0.0090  D=0.280
[regir_r1] 13:34:33  991,022/1,000,000  20.3/s  upd=25448  L=0.0153  D=0.280
[regir_r1] 13:34:44  991,605/1,000,000  20.3/s  upd=25463  L=0.0120  D=0.280
[regir_r1] 13:34:54  992,146/1,000,000  20.3/s  upd=25477  L=0.0124  D=0.280
[regir_r1] 13:35:04  992,707/1,000,000  20.3/s  upd=25491  L=0.0082  D=0.280
[regir_r1] 13:35:14  993,236/1,000,000  20.3/s  upd=25507  L=0.0082  D=0.280
[regir_r1] 13:35:25  993,834/1,000,000  20.3/s  upd=25527  L=0.0111  D=0.280
[regir_r1] 13:35:35  994,363/1,000,000  20.3/s  upd=25543  L=0.0143  D=0.280
[regir_r1] 13:35:45  995,138/1,000,000  20.3/s  upd=25565  L=0.0243  D=0.280
[regir_r1] 13:35:55  995,971/1,000,000  20.3/s  upd=25589  L=0.0088  D=0.280
[regir_r1] 13:36:05  996,825/1,000,000  20.4/s  upd=25613  L=0.0218  D=0.280
[regir_r1] 13:36:16  997,671/1,000,000  20.4/s  upd=25638  L=0.0123  D=0.280
[regir_r1] 13:36:26  998,536/1,000,000  20.4/s  upd=25657  L=0.0111  D=0.280
[regir_r1] 13:36:36  999,084/1,000,000  20.4/s  upd=25674  L=0.0099  D=0.280
[regir_r1] 13:39:00  999,084/1,000,000  20.3/s  upd=25680  L=0.0090  D=0.280
[regir_r1] saved resume t_env=999,365
[regir_r1] 13:39:10  999,365/1,000,000  20.3/s  upd=25688  L=0.0116  D=0.280
[regir_r1] 13:39:20  999,680/1,000,000  20.3/s  upd=25696  L=0.0103  D=0.280
[regir_r1] 13:39:31  1,000,000/1,000,000  20.3/s  upd=25712  L=0.0127  D=0.280
[regir_r1] saved resume t_env=1,000,000
[regir_r1] 13:39:50  1,000,000/1,000,000  20.3/s  upd=25712  L=0.0127  ev=0/100  D=0.280
[regir_r1] 13:40:00  1,000,000/1,000,000  20.3/s  upd=25712  L=0.0127  ev=31/100  D=0.280
[regir_r1] 13:40:10  1,000,000/1,000,000  20.3/s  upd=25712  L=0.0127  ev=49/100  D=0.280
[regir_r1] 13:40:20  1,000,000/1,000,000  20.3/s  upd=25712  L=0.0127  ev=64/100  D=0.280
[regir_r1] 13:40:30  1,000,000/1,000,000  20.3/s  upd=25712  L=0.0127  ev=77/100  D=0.280
[regir_r1] 13:40:40  1,000,000/1,000,000  20.3/s  upd=25712  L=0.0127  ev=81/100  D=0.280
[regir_r1] 13:43:14  1,000,000/1,000,000  20.2/s  upd=25712  L=0.0127  D=0.317
[regir_r1] saved resume t_env=1,000,000
